ticket_id,created_at_unix,event_id,perf_date,perf_time,venue,ticket_type,name_type,delivery_method,seller_name,seller_rating,order_num,ticket_tags,first_observed_at,last_observed_at,sold_at,status,quantity,price,raw_description,details_fetched,year_month
c1shjmo6fg,1785913084059,acees-arena-tour-v,2026-08-29,12:30,Asueアリーナ大阪,electronic,female,同行,🍋,5.0,,番手,2026-08-05 06:58:04,2026-08-27 10:01:13,,listing,2,43000,"3名義中2名義目/下3桁提示可/初期当選/該当名義/有効期限内
同時入場いただきチケット回収後、当方が座席選択した後に残っているチケットからお選びいただけます。
当方の座席選択時、構成等の確認のためお時間をいただく場合がございます。
集合時間や場所などは公演前日までにご連絡させていただきます。",True,2026-08
jfhm58hh18,1787719691414,acees-arena-tour-v,2026-08-29,12:30,Asueアリーナ大阪,electronic,female,【条件あり】当日手渡し/座席未定/ランダム配布/有効会員,T,4.9,,同行ランダム,2026-08-26 04:48:11,2026-08-27 10:01:13,,listing,2,18000,"《開場30分前集合予定》
⚠️2連確約でお譲り致します。
※レビュー(評価4.8以上)ある方のみ申請下さい。
※購入時のコメント不要です。
★購入後に当日連絡のつくお電話番号と氏名(苗字)をメッセージボードにてお伝え下さい。
・複数名義所持しており、こちらで座席選択後にランダムで配布致します。 発券後はチケットを一旦回収し、座席を選択させて頂きます。その際にお時間頂く場合がございますが、ご了承下さい。こちらのチケットは、【開演5〜10分前頃】に配布予定となります。ご理解の程、よろしくお願い致します。 ・個人都合による遅刻等に関しましては、お待ち出来兼ねますので必ず時間厳守でお願い致します。万が一、ご購入者様の遅刻によりこちらが先に入場した場合にも、受取り連絡して頂きます。 ・入場の際のQRコード表示や同行者登録にご協力頂く場合がございますのでその際はご対応頂ける方でお願い致します。 ・座席へのクレーム(立見、制作開放等)、遅刻、本人確認、ランダムエラーなど、公演中止以外の如何なる場合においても返金は致しません。個人都合によるキャンセルの場合は、どのような事情であっても受取り連絡をお願い致します。 以上の内容をご理解頂ける方のみご購入お願い致します。",True,2026-08
pw7raj6eue,1785839932426,acees-arena-tour-v,2026-08-29,12:30,Asueアリーナ大阪,electronic,female,公演前日QRコード共有,な,5.0,,QR,2026-08-04 10:38:52,2026-08-27 10:01:13,,listing,2,47000,初期当選/該当名義/変更ボタン有/有効期限内/重複・すり替えなし/着ブロ希望なし/下3桁提示可/同行者登録可,True,2026-08
sold_acees-arena-tour-v_1787720350441_47000,1787720350441,acees-arena-tour-v,2026-08-29,12:30,Asueアリーナ大阪,electronic,female,同行,,,,,2026-08-26 04:59:10,2026-08-27 10:01:13,2026-08-27 07:17:28,sold,1,47000,"2連中1枚(当方と同行)    
当方浮所担です。(浮所担不可ではありません)
入場後は即解散で問題ありません。
開場10分前目安に会場付近で待ち合わせ予定。...",False,2026-08
sold_acees-arena-tour-v_1787588075999_40000,1787588075999,acees-arena-tour-v,2026-08-29,12:30,Asueアリーナ大阪,electronic,female,QR毎／クレカ支払い承認します／初期当選／事前に下3桁提示可能／非該当名義／有効期限内／すり替えなし／エラー履歴なし／着ブロ希望なし／同行者登録可,,,,,2026-08-24 16:14:35,2026-08-27 10:01:13,2026-08-27 07:17:28,sold,2,40000,"公演日前日夜、QRコード表示に必要な情報を送信します。
同行者登録は全て購入者様にお任せします。

ランダムエラー、本人確認、体調不良、メンバー不在、座席へのク...",False,2026-08
sold_acees-arena-tour-v_1787571507386_28000,1787571507386,acees-arena-tour-v,2026-08-29,12:30,Asueアリーナ大阪,electronic,female,同行,,,,,2026-08-24 11:38:27,2026-08-27 10:01:13,2026-08-27 07:17:28,sold,2,28000,"★指定席のみすり替えなし★


すり替えなし、ランダム配布です。
下記全てお読み頂き、なにかご不明点ございましたらコメント欄までお願いいたします。
ご購入者様は...",False,2026-08
sold_acees-arena-tour-v_1785915946496_54000,1785915946496,acees-arena-tour-v,2026-08-29,12:30,Asueアリーナ大阪,electronic,female,QRごと/該当名義/変更ボタンあり/座席未定/すり替えなし/下3桁提示可/初期当選/有効期限内/着ブロ申込なし,,,,,2026-08-05 07:45:46,2026-08-27 10:01:13,2026-08-27 07:17:28,sold,1,54000,"公演日前日に、メッセージにてログイン情報をお知らせします。ご自身の端末でログインの上ご入場ください。
公演中止以外の如何なる理由（ランダムエラー、交通機関の遅延...",False,2026-08
sold_acees-arena-tour-v_1787496039278_35000,1787496039278,acees-arena-tour-v,2026-08-29,12:30,Asueアリーナ大阪,electronic,female,同行,,,,,2026-08-23 14:40:39,2026-08-27 10:01:13,2026-08-27 07:17:28,sold,1,35000,"初期当選/非該当名義/有効期限内/下3桁提示可/本確不可/重複すり替えなし/連番内座席選択不可/サイチェン可

開演1時間前頃会場付近にて待ち合わせ予定です。同...",False,2026-08
sold_acees-arena-tour-v_1785660738102_40000,1785660738102,acees-arena-tour-v,2026-08-29,12:30,Asueアリーナ大阪,electronic,female,同行,,,,,2026-08-02 08:52:18,2026-08-27 10:01:13,2026-08-27 07:17:28,sold,2,40000,"座席未定 情報局先行 2名義中2番手でのお渡し 全て該当名義 有効期限内 変更ボタンあり 初期当選 下3桁提示可能 すり替えなし 着ブロ希望なし

公演当日こち...",False,2026-08
ami0r25xze,1787784598843,acees-arena-tour-v,2026-08-29,12:30,Asueアリーナ大阪,electronic,female,前日までにQR共有,ごう,5.0,,QR,2026-08-26 22:49:58,2026-08-27 10:01:13,,listing,2,40000,"座席未定/QR/初期当選/すり替えなし/着ブロ指定なし/有効期限内/下3桁提示可能/発送物戻り無し
公演前日23時までに必要な情報を連絡ボードにてお知らせいたします。
・同行者登録と同意チェックはご自身でお願いします。
・座席に関するクレーム等は一切受け付けません。
・公演中止以外のいかなる場合でも返金は致しません。
ご自身の体調不良、赤線エラー、ランダムエラー、その他のエラー、本人確認、交通機関の乱れによる遅刻等、いかなるトラブルの場合もキャンセルできません。必ず受取通知をしていただきます。
・公演中止の場合のみ手数料等引いた額を返金いたします。
・購入後は、上記の全てに同意したものとみなしますので、ご理解いただける方のみご購入お願いいたします。",True,2026-08
sold_acees-arena-tour-v_1786669006965_18400,1786669006965,acees-arena-tour-v,2026-08-29,12:30,Asueアリーナ大阪,electronic,none,ランダム配布,,,,,2026-08-14 00:56:46,2026-08-27 10:01:13,2026-08-27 07:17:28,sold,2,18400,"❤️2連番のチケットお渡し確約❤️中相場買取可❤️
⚠️購入後に必ず電話番号を送信してください
同時入場後、当方が座席選択後にお譲りするチケットをランダムにてお...",False,2026-08
1evs36zgln,1787454894488,acees-arena-tour-v,2026-08-29,12:30,Asueアリーナ大阪,electronic,female,同行,R,5.0,,同行番手,2026-08-23 03:14:54,2026-08-27 10:01:13,,listing,1,45000,"情報局先行 該当名義 変更ボタン有 初期当選 下3桁提示可 すり替えなし 有効期限内期限内名義 同一クレカ支払いなし
2名義中2番手（2連×2名義）のお譲りとなります。
こちらが先に1名義×2連番を選び、余った2枚のうち1枚のお譲りです。
座席の選択権は一切ございませんのでご了承ください。
実際に席の確認をしたり、お譲りする席の確定までに少々お時間をいただきます。
半券お渡し後、速やかに受取通知をお願いいたします。
お渡し後、サイチェン等お好きにしていただいて構いません。
公演当日、会場付近で待ち合わせの上同時入場していただきます。
詳しい待ち合わせ時間・場所はご入金後取引連絡でご連絡させていただきます。
時間厳守でお願いいたします。
10分以上の遅刻は、待たずに入場をさせていただき、その場合でも受取通知は必ずしていただきますので時間に余裕を持ってお越しください。
10分以内でも、事前のご連絡がない場合は先に入場をさせていただく場合もございます。公演中止以外、出演者見合わせ、買い手様の遅刻、体調不良、座席に関するクレーム等の返金は一切いたしかねます。
上記の旨ご理解頂いた上でご購入をお願いいたします。
公演中止の際は手数料を差し引いた金額を返金いたします。",True,2026-08
sold_acees-arena-tour-v_1787107547738_9800,1787107547738,acees-arena-tour-v,2026-08-29,12:30,Asueアリーナ大阪,electronic,female,【条件あり】当日手渡し/座席未定/ランダム配布/有効会員,,,,,2026-08-19 02:45:47,2026-08-27 10:01:13,2026-08-27 07:17:28,sold,1,9800,"《開場30分前集合予定》

※レビュー(評価4.8以上)ある方のみ申請下さい。
※購入時のコメント不要です。
★購入後に当日連絡のつくお電話番号と氏名(苗字)を...",False,2026-08
sold_acees-arena-tour-v_1787295632722_32000,1787295632722,acees-arena-tour-v,2026-08-29,12:30,Asueアリーナ大阪,electronic,female,同行,,,,,2026-08-21 07:00:32,2026-08-27 10:01:13,2026-08-27 07:17:28,sold,2,32000,"✨3名義中3番手✨ / 2名義初期当選.1名義復活/該当名義/変更ボタン有/下三桁提示可 / 有効期限内 / すり替えなし

日曜日までの限定出品です。

入場...",False,2026-08
pm7cu8bn8i,1787305296049,acees-arena-tour-v,2026-08-29,12:30,Asueアリーナ大阪,electronic,female,ランダム配布,C,5.0,,ランダム記載あり,2026-08-21 09:41:36,2026-08-27 10:01:13,,listing,2,19000,"⭐️プラベ出品するため、購入希望の方は事前にご連絡ください。
⭐︎複数名義当選のためこちらで席を選んでランダムにお渡しさせていただきます。
⭐︎買い手様には席の選択権はございません。
⭐︎買い手様に端末をお貸しいただくことがございます。その際身分証をお預かりさせていただく場合がございますのでご承知おきください。(問題がない限り当方が身分証の内容を控えたりすることはありません)
⭐︎会場20〜30分前(時間は前後する可能性があります)に当方が指定した場所にお集まりください。遅刻された場合もお待ちすることなく入場いたします。遅刻され入場できなかった場合も、受け取り連絡はしていただきますのでご注意ください。
⭐︎会場内で１度解散し、全チケットの座席を確認後、お渡しいたします。お時間をいただく可能性もありますが、必ず開演5〜10分前にはお渡しいたします。
またチケットお渡し時に、チケット受け取り評価をお願いいたします。
⭐︎会場内でスムーズにお取引するために、電話番号をお聞きいたします。必ずご本人様と連絡が取れる番号をお知らせください。
★公演中止以外、一切返金致しません。(交通機関の遅延等、体調不良、本人確認、ランダムエラー、出演者変更なども返金致しません)★
日本語が話せる日本人女性のみの購入をお願いいたします。",True,2026-08
sold_acees-arena-tour-v_1785856700571_9000,1785856700571,acees-arena-tour-v,2026-08-29,12:30,Asueアリーナ大阪,electronic,female,【条件あり】当日手渡し/座席未定/ランダム配布/有効会員,,,,,2026-08-04 15:18:20,2026-08-27 10:01:13,2026-08-27 07:17:28,sold,1,9000,"《開場30分前集合予定》

※レビュー(評価4.8以上)ある方のみ申請下さい。
※購入時のコメント不要です。
★購入後に当日連絡のつくお電話番号と氏名(苗字)を...",False,2026-08
sold_acees-arena-tour-v_1787049226358_9999,1787049226358,acees-arena-tour-v,2026-08-29,12:30,Asueアリーナ大阪,electronic,none,ランダム配布,,,,,2026-08-18 10:33:46,2026-08-27 10:01:13,2026-08-27 07:17:28,sold,1,9999,"❤️29日両部まとめ買い歓迎❤️
❤️2.0ですり替えなしランダム❤️
❤️中相場買取可❤️
⚠️購入後に必ず電話番号を送信してください
同時入場後、当方が座席...",False,2026-08
6lvirpvsn0,1787811696301,acees-arena-tour-v,2026-08-29,12:30,Asueアリーナ大阪,paper,female,当日手渡し,rara❤︎,5.0,,番手,2026-08-27 06:21:36,2026-08-27 10:01:13,,listing,2,40000,"2名義中2番手　2連
初期当選、全て該当名義、下3桁提示可",True,2026-08
sold_acees-arena-tour-v_1787175437592_8999,1787175437592,acees-arena-tour-v,2026-08-29,12:30,Asueアリーナ大阪,electronic,female,ランダム配布,,,,,2026-08-19 21:37:17,2026-08-27 10:01:13,2026-08-27 07:17:28,sold,1,8999,"以下ご理解いただける方のみご購入ください。
・同時入場後にチケットを回収し、座席選択後、お譲りするチケットをお渡しします。
・座席の選択はできません。また、座席...",False,2026-08
sold_acees-arena-tour-v_1787372396617_8999,1787372396617,acees-arena-tour-v,2026-08-29,12:30,Asueアリーナ大阪,electronic,female,ランダム配布,,,,,2026-08-22 04:19:56,2026-08-27 10:01:13,2026-08-27 07:17:28,sold,1,8999,"以下ご理解いただける方のみご購入ください。
・同時入場後にチケットを回収し、座席選択後、お譲りするチケットをお渡しします。
・座席の選択はできません。また、座席...",False,2026-08
gcs11eqfl3,1787163774781,acees-arena-tour-v,2026-08-29,12:30,Asueアリーナ大阪,electronic,female,同行,S,4.9,,ランダム,2026-08-19 18:22:54,2026-08-27 10:01:13,,listing,1,12000,"ランダム配布 指定席チケット
開場30分前程度に会場付近で待ち合わせ、同時入場していただきます。
複数名義所持しております。同時入場をしてチケットを回収後一度解散し、開演5~10分前にランダムで配布致します。指定席のチケットをお渡し致します。立見は含みません。
当日お取引をスムーズに進めさせていただくため電話番号のご提示をお願いしております。
集合時間過ぎても来ない場合は待たずに入場しますが、受取連絡はして頂きます。
チケットをお渡し後はその場で受取連絡をお願い致します。
代理購入不可。購入者様本人が待ち合わせにお越しください。
公演中止の際は規約に基づきご返金致します。
公演中止以外（本人確認・ランダムエラー・体調不良・交通機関の遅延・一部出演者不在等）で返金及びキャンセル対応はできません。
日本人女性の方のみご購入ください。
プライベート出品可能です。",True,2026-08
1ttv4gxwbk,1787725804984,acees-arena-tour-v,2026-08-29,12:30,Asueアリーナ大阪,electronic,female,同行,なゆ,5.0,,番手,2026-08-26 06:30:04,2026-08-27 10:01:13,,listing,2,35000,"情報局【5名義中4番手】初期当選/該当名義／変更ボタンあり/有効期限内/会員番号下3桁提示可/すり替えなし
公演当日開場40分前を目安に会場付近で待ち合わせし、同時入場していただきます。
当方の座席選択後に5名義中、当方が選ばなかった2名義の中から2連でチケットをお選び頂きます。
チケットのお渡しと同時に受取評価をお願いします。
落札者様の身分証を一時的にお預かりさせていただく可能性があります。事前にご準備お願いいたします。
遅刻された場合は先に入場する可能性がありますが、その際も受取連絡をしていただきますので時間厳守でお願いします。
公演中止の場合やエラーで入場できなかった場合のみキャンセル対応いたします。
それ以外での座席のクレーム、入場後の本人確認、遅刻等いかなる理由でもキャンセル及び返金対応はできません。
トラブル防止のため代理購入はご遠慮ください。
以上のことをご了承いただける方のみご落札ください。
一部手渡し等可能ですのでお気軽にお問い合わせください。",True,2026-08
sold_acees-arena-tour-v_1787509750593_15000,1787509750593,acees-arena-tour-v,2026-08-29,12:30,Asueアリーナ大阪,electronic,female,座席未定/ランダム配布,,,,,2026-08-23 18:29:10,2026-08-27 10:01:13,2026-08-27 07:17:28,sold,2,15000,"購入前にコメントください。

条件あり、ランダム配布
上乗せで早渡し、中相場買取可能です。
全て有効期限内名義

ランダム配布であることをご理解のうえご購入くだ...",False,2026-08
t35lvssuor,1785945972277,acees-arena-tour-v,2026-08-29,12:30,Asueアリーナ大阪,electronic,female,公演日前日にログイン情報お伝えします,つな,5.0,,QR,2026-08-05 16:06:12,2026-08-27 10:01:13,,listing,2,45000,"QR毎／該当名義／有効期限内／変更ボタンなし／初期当選
同行者登録こちらでさせていただきます。前日になりましたら、ログイン情報お伝えさせていただきます。ランダムエラーや出演者の変更等、公演中止以外のいかなる場合でも返金いたしません。ランダムエラー等で入場出来なかった場合も必ず受け取り評価して頂きます。",True,2026-08
sold_acees-arena-tour-v_1787586993775_43000,1787586993775,acees-arena-tour-v,2026-08-29,12:30,Asueアリーナ大阪,electronic,female,公演前日にログイン情報共有,,,,,2026-08-24 15:56:33,2026-08-27 10:01:13,2026-08-27 07:17:28,sold,2,43000,"情報局先行初期当選/QR毎/有効期限内/変更ボタンあり・該当名義/重複すり替えなし/下3桁提示可/着ブロ指定なし/同行者登録可

・公演前日にログインに必要な情...",False,2026-08
sold_acees-arena-tour-v_1786864186166_45000,1786864186166,acees-arena-tour-v,2026-08-29,12:30,Asueアリーナ大阪,electronic,female,入金後24時間以内にQRコード共有,,,,,2026-08-16 07:09:46,2026-08-27 10:01:13,2026-08-27 07:17:28,sold,2,45000,"情報局先行/初期当選/QR毎/該当名義(変更ボタンあり)/有効期限内/重複すり替えなし/郵送物戻りなし/着ブロ指定なし/下3桁提示可
同行者登録はご購入者様にて...",False,2026-08
u18wgz549w,1787724776623,acees-arena-tour-v,2026-08-29,12:30,Asueアリーナ大阪,electronic,female,同行,あ,4.9,,ランダム記載あり,2026-08-26 06:12:56,2026-08-27 10:01:13,,listing,2,8500,"【条件あり】ランダム配布/連番確約ではございません/ランダムエラーの際返金させていただきます
複数名義所持のため座席選択の条件付きになります。以下の内容をご理解いただける方のみご購入ください。
・買い手様都合のキャンセルは承れません。主催者から公演中止の旨が発表された場合にのみ規約に伴い取引中止および返金対応致します。
・開場時間の20-40分前（開演1時間20-40分前）に必ず集合可能な方のみ落札お願いいたします。時間厳守・遅刻厳禁。遅刻された場合は上記買い手様都合のためキャンセルは承れませんので受取連絡をしていただきます。詳しい集合場所や時間は追って連絡ボードにてお知らせします。
・複数名義所持しておりますので、複数名の方にお集まりいただきます。
・同時入場後こちらが座席を選択いたします。座席選択不可。チケットお渡し後の行動はご自由にしていただいて構いません。
・座席確認や入場時間を分けての入場等、入場からチケット配布までにお時間頂戴いたしますので予めご了承ください。
・同時入場後一旦解散し、こちらが指定した場所に再度お集まりいただきチケットの配布を行います。
・お席に関するクレームは一切お受けできません。
・また入場に際し、離れてのご入場にさせていただく場合がございますのでその際に身分証（免許証、保険証、学生証等）をお預かりさせていただく場合がございます。
・体調不良、公共交通機関の乱れによる遅刻等で入場できなかった場合の保証および返金対応は致しかねます。その際でも受け取り通知をしていただきます。
・日本語が通じ、こちらの指示に問題なく従うことができる方でお願いします。
・こまめに連絡のつく方でお願いいたします。",True,2026-08
sold_acees-arena-tour-v_1787296756274_40000,1787296756274,acees-arena-tour-v,2026-08-29,12:30,Asueアリーナ大阪,electronic,female,同行,,,,,2026-08-21 07:19:16,2026-08-27 10:01:13,2026-08-27 07:17:28,sold,2,40000,"2名義中2番手/初期当選/該当名義/すり替えなし/下3桁提示可/有効期限内

・一部手渡し変更、プラベル出品値引き可能です。

・会場15分前頃こちらが指定する...",False,2026-08
sold_acees-arena-tour-v_1787052391296_9800,1787052391296,acees-arena-tour-v,2026-08-29,12:30,Asueアリーナ大阪,electronic,female,【条件あり】当日手渡し/座席未定/ランダム配布/有効会員,,,,,2026-08-18 11:26:31,2026-08-27 10:01:13,2026-08-27 07:17:28,sold,1,9800,"《開場30分前集合予定》

※レビュー(評価4.8以上)ある方のみ申請下さい。
※購入時のコメント不要です。
★購入後に当日連絡のつくお電話番号と氏名(苗字)を...",False,2026-08
zw0zqxh3s1,1787682027427,acees-arena-tour-v,2026-08-29,12:30,Asueアリーナ大阪,electronic,female,同行,S,4.9,,ランダム,2026-08-25 18:20:27,2026-08-27 10:01:13,,listing,1,20000,"早渡し20分前ランダム配布
開場30分前頃に会場付近で待ち合わせ後、同時入場していただきます。
複数名義所持しております。同時入場後にチケットを回収し、一度解散、開演20分前までにチケットをお渡しいたします。立見席は含まれません。
入場時にQRコード表示へご協力いただく場合がございます。公的身分証明書を封をした状態で一時的にお預かりし、入場後速やかに返却いたします。持ち逃げ等なければ内容を確認することはございません。
当日のお取引を円滑に進めるため、電話番号のご提示をお願いいたします。
集合時間を過ぎた場合はお待ちせず入場いたします。その際も受取連絡はお願いします。受取連絡は必ずその場でお願いいたします。
代理購入不可。必ず購入者様ご本人がお越しください。
公演中止の場合のみ規約に基づき返金いたします。本人確認・ランダムエラー・体調不良・交通機関の遅延・一部出演者不在等、公演中止以外の理由による返金・キャンセルは対応いたしかねます。
日本人女性の方のみご購入をお願いいたします。",True,2026-08
h5y7afa86j,1786894885691,acees-arena-tour-v,2026-08-29,12:30,Asueアリーナ大阪,electronic,female,公演日2日前までにログイン情報共有,な,4.3,,QR,2026-08-16 15:41:25,2026-08-27 10:01:13,,listing,2,43000,"情報局先行/初期当選/QR/該当名義(浮所名義)/変更ボタンあり/有効期限内/重複すり替えなし/着ブロ指定なし/下3桁提示可
公演日の2日前にログイン情報をお伝えいたします。同行者登録はご購入者様にてお願いいたします。
入場後は速やかにログアウト、評価の程お願いいたします。
公演中止の場合は手数料を差し引いた金額を返金対応とさせていただきます。
公演中止以外での遅刻、ランダムエラーや出演者の変更、公共交通機関によるトラブル、本人確認他 、如何なる理由であっても公演中止以外での返金対応やキャンセルは出来ませんのでご了承ください。
以上ご理解いただける方のみご購入お願いいたします。",True,2026-08
qzo86j7h0u,1787664356834,acees-arena-tour-v,2026-08-29,12:30,Asueアリーナ大阪,electronic,female,入金後24時間以内にQRコード共有,あやね,5.0,,QR,2026-08-25 13:25:56,2026-08-27 10:01:13,,listing,2,41000,"FC先行　QRごとお譲り　初期当選　該当名義(変更ボタン有り)席種未定(着席ブロック、制作開放席ではありません)　Pay-easy決済　有効期限内名義　重複当選なし　郵送物戻りなし　すり替えなし(下3桁提示可能)　同行者登録買い手様にて可能
公演中止の際のみ規約に伴い返金対応致します。他ランダムエラー、本人確認、体調不良、買い手様ご都合で入場が遅れた場合やキャンセル等含みまして一切返金手続きは出来兼ねます。
入場後は速やかにログアウトと受け取り通知を行って頂きますようお願い致します。",True,2026-08
sold_acees-arena-tour-v_1786356810610_50000,1786356810610,acees-arena-tour-v,2026-08-29,12:30,Asueアリーナ大阪,electronic,female,公演日3日前までに情報共有,,,,,2026-08-10 10:13:30,2026-08-27 10:01:13,2026-08-27 07:17:28,sold,2,50000,"QRごとのお譲りとなります。
重複無し/すり替えなし/該当/変更ボタン有/有効期限内/初期当選/下３桁提示可能
同行者登録は買い手様ご自身でお願いいたします。...",False,2026-08
sold_acees-arena-tour-v_1787278077313_39000,1787278077313,acees-arena-tour-v,2026-08-29,12:30,Asueアリーナ大阪,electronic,female,同行,,,,,2026-08-21 02:07:57,2026-08-27 10:01:13,2026-08-27 07:17:28,sold,1,39000,"情報局先行 座席未定【2名義中2番手】初期当選 該当名義（変更ボタン有り）すり替え無し 有効期限内 下3桁提示可能 
 
・公演当日、会場付近で待ち合わせをして...",False,2026-08
682fem9oqo,1786796935289,acees-arena-tour-v,2026-08-29,12:30,Asueアリーナ大阪,electronic,female,公演日前日にログイン情報お伝えします,みみ,5.0,,QR,2026-08-15 12:28:55,2026-08-27 10:01:13,,listing,2,46000,QRごと/初期当選/該当(浮所)名義/有効期限内/過去エラー等なし/前回ツアースタンド当選/着ブロ申し込みなし,True,2026-08
8x1z7c88w2,1786542963177,acees-arena-tour-v,2026-08-29,12:30,Asueアリーナ大阪,electronic,female,3名義中3番手同行。該当名義/有効期間内/初期当選/下3桁提示可能,の,5.0,,番手,2026-08-12 13:56:03,2026-08-27 10:01:13,,listing,1,33000,"プライベート出品に変更しますので、購入前に必ずご連絡ください。
一部はサイト経由、残りは当日手渡しでのお支払いも対応可能です。ご希望でしたらご相談ください。
連番内の座席はもう1名の3番手の方に先にお選びいただく形になりますので、ご了承いただける方のみでお願いいたします。
お待ち合わせ時間は開場の20分前頃を予定しています。詳しい集合場所、時間等は連絡ボードにてお知らせいたします。
・同時入場後、チケットを一度回収させていただき、こちらで座席を選ばせていただくため解散いたします。
・再度集合し、チケットをお渡しいたしますので、チケットを受け取り次第、その場で受取連絡をしていただきます。  座席を選ぶのでお時間をいただきますがご了承ください。
・ 2連番で購入の場合、入場時はお連れ様と別のペアになって入場していただきます。  ただし、お譲りするチケットは必ず2連番でお渡ししますのでご安心ください。
・スムーズなお取引をさせていただくためお電話番号をお伺いさせていただく場合がございますので、ご了承ください。
・名義を傷つける行為（盗撮等）は行わないようお願い致します。
・大幅に遅刻された場合は、先に入場させていただきます。 その場合でも必ず受取連絡をお願いいたします。
ランダムエラー、本人確認、買い手様の体調不良、遅刻、座席へのクレーム、メンバー不在等の如何なる場合でも公演中止時以外の返金はいたしかねます。  主催者側の公演中止時のみ手数料を差し引いた金額を返金させていただきます。
以上の条件をよく読んだ上でご購入お願いいたします。",True,2026-08
sold_acees-arena-tour-v_1787525529306_9000,1787525529306,acees-arena-tour-v,2026-08-29,12:30,Asueアリーナ大阪,electronic,female,同行,,,,,2026-08-23 22:52:09,2026-08-27 10:01:13,2026-08-27 07:17:28,sold,2,9000,"

【条件あり】ランダム配布/連番確約ではございません/ランダムエラーの際返金させていただきます

複数名義所持のため座席選択の条件付きになります。以下の内容を...",False,2026-08
sold_acees-arena-tour-v_1787567264833_42000,1787567264833,acees-arena-tour-v,2026-08-29,12:30,Asueアリーナ大阪,electronic,female,同行,,,,,2026-08-24 10:27:44,2026-08-27 10:01:13,2026-08-27 07:17:28,sold,2,42000,"【連番 2名義中2番手】
⭐️すべて連番/初期当選/該当名義/変更ボタン有/有効期限内/下3桁提示可/すり替えなし/着ブロ希望なし
⭐️ご購入の際にチケテン入場...",False,2026-08
sold_acees-arena-tour-v_1787648785539_42000,1787648785539,acees-arena-tour-v,2026-08-29,12:30,Asueアリーナ大阪,electronic,female,入金後24時間以内にQRコード共有,,,,,2026-08-25 09:06:25,2026-08-27 10:01:13,2026-08-27 07:17:28,sold,2,42000,FC先行　QRごとお譲り　初期当選　該当名義(変更ボタン有り)席種未定(着席ブロック、制作開放席ではありません)　Pay-easy決済　有効期限内名義　重複当選...,False,2026-08
sold_acees-arena-tour-v_1787664636900_8499,1787664636900,acees-arena-tour-v,2026-08-29,12:30,Asueアリーナ大阪,electronic,female,ランダム配布,,,,,2026-08-25 13:30:36,2026-08-27 10:01:13,2026-08-27 07:17:28,sold,1,8499,"以下ご理解いただける方のみご購入ください。
・同時入場後にチケットを回収し、座席選択後、お譲りするチケットをお渡しします。
・座席の選択はできません。また、座席...",False,2026-08
fka6h675ev,1787802703043,acees-arena-tour-v,2026-08-29,12:30,Asueアリーナ大阪,electronic,female,情報局先行 QRごと  該当名義（ボタンあり） 初期当選 有効期限内,あ,4.7,,QR,2026-08-27 03:51:43,2026-08-27 10:01:13,,listing,2,45000,"・購入直後の下3桁提示可能。
・ランダムエラー、赤線エラー、本人確認、体調不良等いかなる理由でも返金対応は致しかねます。
・同行者登録はご購入者様にてお願い致します。",True,2026-08
sold_acees-arena-tour-v_1787657585533_29000,1787657585533,acees-arena-tour-v,2026-08-29,12:30,Asueアリーナ大阪,electronic,female,同行,,,,,2026-08-25 11:33:05,2026-08-27 10:01:13,2026-08-27 07:17:28,sold,2,29000,"★すり替えなしランダム配布★
下記全てお読み頂き、なにかご不明点ございましたらコメント欄までお願いいたします。

ご購入者様はチケットの選択ができません。
開場...",False,2026-08
sold_acees-arena-tour-v_1785642963992_46000,1785642963992,acees-arena-tour-v,2026-08-29,12:30,Asueアリーナ大阪,electronic,female,同行,,,,,2026-08-02 03:56:03,2026-08-27 10:01:13,2026-08-27 07:17:28,sold,1,46000,"2連中1枚/該当名義（変更ボタンあり）初期当選/有効期限内/下3桁提示可/すり替えなし

当方(那須担)との同行になります。連番内での座席はこちらが先に選ばせて...",False,2026-08
9rbtij04yb,1787725883428,acees-arena-tour-v,2026-08-29,12:30,Asueアリーナ大阪,electronic,female,同行,S,4.9,,ランダム,2026-08-26 06:31:23,2026-08-27 10:01:13,,listing,2,27000,"⭐️重複ありすり替えなしFC枠のみランダム配布
下3桁可
開場30分前程度に会場付近で待ち合わせ、同時入場していただきます。
複数名義所持しております。同時入場をしてチケットを一度回収後解散せず、こちらが選んだ座席をすり替えなしで配布致します。購入者様は座席をお選びいただけません。立見は含まず、必ず指定席のチケットをお渡し致します。2枚購入は連番をお渡しします。
当日お取引をスムーズに進めさせていただくため電話番号のご提示をお願いしております。
集合時間過ぎても来ない場合は待たずに入場しますが、受取連絡はして頂きます。
チケットをお渡し後はその場で受取連絡をお願い致します。
代理購入不可です。購入者様本人が待ち合わせにお越しください。
公演中止の際は規約に基づきご返金致します。
公演中止以外（本人確認・ランダムエラー・体調不良・交通機関の遅延・一部出演者不在等）で返金及びキャンセル対応はできません。
日本人女性の方のみご購入ください。",True,2026-08
sold_acees-arena-tour-v_1787738564101_30000,1787738564101,acees-arena-tour-v,2026-08-29,12:30,Asueアリーナ大阪,paper,female,公演前日に引換票番号お伝え,,,,,2026-08-26 10:02:44,2026-08-27 10:01:13,2026-08-27 07:17:28,sold,1,30000,"一般再販分。
公演前日に連絡ボードにて引換票番号をお伝えします。ご自身でセブンイレブンにて引き換えを行なってください。

主催者都合による公演中止以外での返金、...",False,2026-08
sold_acees-arena-tour-v_1785667502300_25000,1785667502300,acees-arena-tour-v,2026-08-29,12:30,Asueアリーナ大阪,electronic,female,同行,,,,,2026-08-02 10:45:02,2026-08-27 10:01:13,2026-08-27 07:17:28,sold,2,25000,"★指定席のみすり替えなし★


すり替えなし、ランダム配布です。
下記全てお読み頂き、なにかご不明点ございましたらコメント欄までお願いいたします。
ご購入者様は...",False,2026-08
sm52dxoqqc,1787654292504,acees-arena-tour-v,2026-08-29,12:30,Asueアリーナ大阪,electronic,female,同行,あ,5.0,,同行,2026-08-25 10:38:12,2026-08-27 10:01:13,,listing,1,44000,"重複なし当方との同行となります。
作間担不可/20歳以上の日本人女性のみ可
初期当選/有効期限内/下3桁開示可
【集合時間・場所について】
・当日入場10分前に会場付近で集合致します。詳しい時間・場所については公演日近くなってからご連絡差し上げます。交通機関の遅延含め、待ち合わせ時間に遅刻された場合は待たずに入場致しますが、必ず受取連絡は押していただきます。
【入場後について】
・当方との同行となります。必ず購入者本人様がお越しください。
・購入者様は座席をお選び頂くことはできません。座席確認後、発券したチケットをお渡しさせていただきます。
・座席券をお渡しする際、その場で受け取り通知をお願い致します。受取連絡の確認が取れない場合座席券はお渡し致しません。また、座席のクレームは一切お受け致しません。
【注意事項】
・心身共に健康であり、20歳以上の日本人女性のみご購入ください。
・重複取引、代理落札、小さなお子様をお連れの方、録音、録画等の違反行為をされる方は購入をお控えください。
・ランダムエラー等で入場出来なかった場合や、入金完了後の購入者様側の都合によるキャンセル・出演者変更による返金対応は一切出来かねますのでご了承下さい。
記載内容以外のご希望には対応出来かねますので、上記全てに納得頂いた方のみお取引をよろしくお願い致します。
・当日電波の都合上ご連絡が取れない可能性があるため、ご購入後のメッセージにて【ニックネーム・電話番号・担当様】の記載をお願いいたします。",True,2026-08
lzuifg13sh,1787309205421,acees-arena-tour-v,2026-08-29,12:30,Asueアリーナ大阪,electronic,female,同行,ぴ,5.0,,番手同行,2026-08-21 10:46:45,2026-08-27 10:01:13,,listing,2,40000,"3名義中2番手/すべて該当名義/有効期限内/初期当選/すり替え無し/下3桁提示可
・公演当日、会場付近にて待ち合わせし、同時入場していただきます。
・入場後、1度チケットを回収し、当方が座席選択後に座席を選択いただきます
チケットお渡しと同時にその場で速やかに受け取り通知をお願い致します。電波等必ず繋がる端末をご用意ください。
・チケットをお渡しした時点でお取引終了となります。
また、お渡ししたチケットに何か問題がある場合は、受取通知の前に仰ってください。
・主催側の公演中止以外の返金は、一部出演者の変更休演含め、如何なる理由でも不可です。（交通機関の乱れによる遅刻・体調不良・ランダムエラー・本人確認等）
待ち合わせのお時間に購入者様都合の理由で合流出来なかった場合は、その時刻を過ぎた時点で受け取り確認していただきます。
・トラブル防止のため、代理購入は御遠慮ください。",True,2026-08
ej2ks7be3s,1787696913111,acees-arena-tour-v,2026-08-29,12:30,Asueアリーナ大阪,electronic,female,QR,ごちゃん,5.0,,QR,2026-08-25 22:28:33,2026-08-27 10:01:13,,listing,2,47000,"情報局先行/初期当選/QR/該当名義(深田名義)/変更ボタンあり/有効期限内/重複すり替えなし/着ブロ指定なし/下3桁提示可
公演日の2日前にログイン情報をお伝えいたします。同行者登録はご購入者様にてお願いいたします。
入場後は速やかにログアウト、評価の程お願いいたします。
公演中止の場合は手数料を差し引いた金額を返金対応とさせていただきます。
公演中止以外での遅刻、ランダムエラーや出演者の変更、公共交通機関によるトラブル、本人確認他 、如何なる理由であっても公演中止以外での返金対応やキャンセルは出来ませんのでご了承ください。",True,2026-08
c7a1n7ta9c,1786619429810,acees-arena-tour-v,2026-08-29,12:30,Asueアリーナ大阪,electronic,female,公演前日にログイン情報共有,は,5.0,,QR,2026-08-13 11:10:29,2026-08-27 10:01:13,,listing,2,45000,"該当名義(変更ボタンあり)／初期当選QR毎／重複・すり替えなし(下3桁提示可能)／有効期間内／着席指定なし
購入希望の方はご購入前にメッセージをお願いいたします。
公演日前日の夜に連絡ボードにてログイン情報をお伝えします。
同行者の登録等はご購入者様にお任せいたします。
入場後は速やかにログアウトと受け取り通知をお願いいたします。
交通機関の乱れや体調不良、出演者変更の場合など、ご購入者様の都合によるキャンセルはお受けできません。
これまで本人確認を要することや入場時エラーが発生したことはございませんが、万が一そのような理由によってご入場が出来なかった場合でも返金はいたしかねます。
返金やキャンセルができるのは、公式から公演中止のお知らせが出た場合のみです。
以上、ご了承の上ご購入をお願いいたします。",True,2026-08
enhodn0opz,1787421017569,acees-arena-tour-v,2026-08-29,12:30,Asueアリーナ大阪,electronic,female,入金後3時間以内にQRコード共有,ユカ,5.0,,QR,2026-08-22 17:50:17,2026-08-27 10:01:13,,listing,2,43000,"情報局先行 ACEes 那須雄登名義 初期当選 指定席 2枚申し込み QRごとのお譲り 条件ございません 座席未定
情報局先行 ２枚申込みでの当選しました。
１回目の申し込みで当選しました。
席種：指定席になります。
復活当選、制作開放、立見指定ではございません。
ACEes 那須雄登名義(変更ボタンあり)
会員番号９１万番台～１１１万番台の間
有効会員です。
複数当選ございません。この公演のみ当選になります。
支払い方法ペイジー選択にて
銀行ATMにて現金でお支払いも完了しております。
QRコードごとのお譲りになります。条件もございません。
同行者登録は購入者様のほうでお願い致します。
QRコード表示に必要な会員番号、パスワードをお知らせさせていただきます。
公演中止以外での返金は致しかねます。ご了承ください。
公演中止の場合は、手数料を差し引いたを金額を返金させていただきます。",True,2026-08
sold_acees-arena-tour-v_1786255249986_40000,1786255249986,acees-arena-tour-v,2026-08-29,12:30,Asueアリーナ大阪,electronic,female,同行,,,,,2026-08-09 06:00:49,2026-08-27 10:01:13,2026-08-27 07:17:28,sold,1,40000,"情報局先行/該当名義/有効期限内
すり替え無し同行

・同行チケットのため、同時入場となります。入場しましたら座席選択・確認に少しお時間頂戴する場合がございます...",False,2026-08
sold_acees-arena-tour-v_1786718658318_35500,1786718658318,acees-arena-tour-v,2026-08-29,12:30,Asueアリーナ大阪,electronic,female,同時入場,,,,,2026-08-14 14:44:18,2026-08-27 10:01:13,2026-08-27 07:17:28,sold,2,35500,"2名義中2番手でお譲りします。
初期当選/該当名義/有効期限内/下3桁提示可/変更ボタンあり/すり替えなし

当方が指定した時間・場所にお集まり頂き、同時入場し...",False,2026-08
sold_acees-arena-tour-v_1786815981407_45000,1786815981407,acees-arena-tour-v,2026-08-29,12:30,Asueアリーナ大阪,electronic,female,公演日7日前までにQRコード共有,,,,,2026-08-15 17:46:21,2026-08-27 10:01:13,2026-08-27 07:17:28,sold,2,45000,"那須雄登名義/初期当選/QR毎/すり替えなし/下3桁提示可/着ブロ指定なし

座席に関するクレームは一切受け付けません。
公演中止以外のいかなる理由(体調不良や...",False,2026-08
sold_acees-arena-tour-v_1787135169237_35000,1787135169237,acees-arena-tour-v,2026-08-29,12:30,Asueアリーナ大阪,electronic,female,同行,,,,,2026-08-19 10:26:09,2026-08-27 10:01:13,2026-08-27 07:17:28,sold,1,35000,情報局先行/座席未定/着ブロ希望なし/注釈なし/2名義中2番手/すり替えなし/初期当選/会員有効期限内/該当名義(変更ボタンあり)/Pay-easy払い/会員番...,False,2026-08
sold_acees-arena-tour-v_1787205729632_9500,1787205729632,acees-arena-tour-v,2026-08-29,12:30,Asueアリーナ大阪,electronic,female,同行,,,,,2026-08-20 06:02:09,2026-08-27 10:01:13,2026-08-27 07:17:28,sold,2,9500,"

【条件あり】ランダム配布/連番確約ではございません/ランダムエラーの際返金させていただきます

複数名義所持のため座席選択の条件付きになります。以下の内容を...",False,2026-08
sold_acees-arena-tour-v_1787542899092_42000,1787542899092,acees-arena-tour-v,2026-08-29,12:30,Asueアリーナ大阪,electronic,female,入金後24時間以内にQRコード共有,,,,,2026-08-24 03:41:39,2026-08-27 10:01:13,2026-08-27 07:17:28,sold,2,42000,FC先行　QRごとお譲り　初期当選　該当名義(変更ボタン有り)席種未定(着席ブロック、制作開放席ではありません)　Pay-easy決済　有効期限内名義　重複当選...,False,2026-08
sold_acees-arena-tour-v_1786518611405_9100,1786518611405,acees-arena-tour-v,2026-08-29,12:30,Asueアリーナ大阪,electronic,none,ランダム配布,,,,,2026-08-12 07:10:11,2026-08-27 10:01:13,2026-08-27 07:17:28,sold,1,9100,"❤️大阪全公演まとめ買い歓迎 中相場買取可❤️
⚠️購入後に必ず電話番号を送信してください
同時入場後、当方が座席選択後にお譲りするチケットをランダムにてお渡し...",False,2026-08
sold_acees-arena-tour-v_1787556565640_40000,1787556565640,acees-arena-tour-v,2026-08-29,12:30,Asueアリーナ大阪,electronic,none,公演前日にログイン情報共有,,,,,2026-08-24 07:29:25,2026-08-27 10:01:13,2026-08-27 07:17:28,sold,2,40000,"2連QR毎/情報局先行/該当名義/初期当選/有効期限内/変更ボタン有り/重複すり替えなし/着ブロ希望なし/会員番号下3桁提示可

・公演前日18時以降にログイン...",False,2026-08
sold_acees-arena-tour-v_1787400006330_8000,1787400006330,acees-arena-tour-v,2026-08-29,12:30,Asueアリーナ大阪,electronic,female,ランダム配布,,,,,2026-08-22 12:00:06,2026-08-27 10:01:13,2026-08-27 07:17:28,sold,1,8000,"以下ご理解いただける方のみご購入ください。
・同時入場後にチケットを回収し、座席選択後、お譲りするチケットをお渡しします。
・座席の選択はできません。また、座席...",False,2026-08
2f6anlk26i,1786793915729,acees-arena-tour-v,2026-08-29,12:30,Asueアリーナ大阪,paper,female,公演当日にチケットお渡し,N,5.0,,QR,2026-08-15 11:38:35,2026-08-27 10:01:13,,listing,1,39000,"2名義中2番手1枚でのお譲りです。
どちらの名義も該当名義(変更ボタンあり)／初期当選／重複・すり替えなし(下3桁提示可能)／有効期間内／着席指定なし
交通機関の乱れや体調不良、出演者変更の場合など、ご購入者様の都合によるキャンセルはお受けできません。
これまで本人確認を要することや入場時エラーが発生したことはございませんが、万が一そのような理由によってご入場が出来なかった場合でも返金はいたしかねます。
返金やキャンセルができるのは、公式から公演中止のお知らせが出た場合のみです。
以上、ご了承の上ご購入をお願いいたします。",True,2026-08
sold_acees-arena-tour-v_1786811844746_35000,1786811844746,acees-arena-tour-v,2026-08-29,12:30,Asueアリーナ大阪,electronic,female,同行,,,,,2026-08-15 16:37:24,2026-08-27 10:01:13,2026-08-27 07:17:28,sold,2,35000,"1枚希望のかたご連絡いただけたらと思います。
2名義中2番手/ 初期当選/該当名義/すり替えなし/下3桁提示可/ 有効期限内/着ブロ・指定/座席未定

・同時入...",False,2026-08
sold_acees-arena-tour-v_1787056222160_12000,1787056222160,acees-arena-tour-v,2026-08-29,12:30,Asueアリーナ大阪,electronic,female,同行,,,,,2026-08-18 12:30:22,2026-08-27 10:01:13,2026-08-27 07:17:28,sold,1,12000,"指定席のみ、少人数制ランダム配布。
ご購入者様はチケットの選択ができません。
開場の30分前待ち合わせ予定です。
入場後は座席を選択させて頂く為、一度解散し開演...",False,2026-08
0nilnwi68o,1787125098397,acees-arena-tour-v,2026-08-29,12:30,Asueアリーナ大阪,electronic,female,3名義中3番手,M,5.0,,番手,2026-08-19 07:38:18,2026-08-27 10:01:13,,listing,2,35000,"初期当選 指定席 3名義中３番手のお譲りです。
全て有効期限内、着ブロ指定なし、変更ボタンあり該当名義、下3桁提示可能です。
当日は開場時間30分前に指定の場所に集合して頂きます。遅刻には対応できませんのでご注意ください。
入場後は一度チケットを回収し座席選択をさせていただきます。
残ったチケットになりますので購入者様は座席をお選びいただけません。
2連でご購入の際には必ず2連でお渡しいたします。
お座席へのクレームも一切受付ませんのでご注意下さい。
公演中止の際には規約に基づき返金致しますが、本人確認やランダムエラーなど公演中止以外の理由での返金はいかなる場合もできませんのでご注意下さい。
トラブル防止のため、代理購入は購入はご遠慮下さい。
日本語の話せる方、通じる方でお願い致します。",True,2026-08
sold_acees-arena-tour-v_1787272934160_31365,1787272934160,acees-arena-tour-v,2026-08-29,12:30,Asueアリーナ大阪,electronic,female,同行,,,,,2026-08-21 00:42:14,2026-08-27 10:01:13,2026-08-27 07:17:28,sold,1,31365,29夜 2名義中2番手,False,2026-08
sold_acees-arena-tour-v_1786967582621_9000,1786967582621,acees-arena-tour-v,2026-08-29,12:30,Asueアリーナ大阪,electronic,female,【条件あり】当日手渡し/座席未定/ランダム配布/有効会員,,,,,2026-08-17 11:53:02,2026-08-27 10:01:13,2026-08-27 07:17:28,sold,1,9000,"《開場30分前集合予定》

※レビュー(評価4.8以上)ある方のみ申請下さい。
※購入時のコメント不要です。
★購入後に当日連絡のつくお電話番号と氏名(苗字)を...",False,2026-08
1ixnysq8f2,1787799036695,acees-arena-tour-v,2026-08-29,12:30,Asueアリーナ大阪,electronic,female,同行,おゆ,5.0,,同行,2026-08-27 02:50:36,2026-08-27 10:01:13,,listing,1,45000,"局先行 該当名義 変更ボタン有 初期当選 下3桁提示可 すり替えなし 有効期限内期限内名義 同一クレカ支払いなし
重複無し2連中の1枚のお譲りとなります。
こちらが選ばなかった方のチケット1枚のお譲りです。
座席の選択権は一切ございませんのでご了承ください。
半券お渡し後、速やかに受取通知をお願いいたします。
お渡し後、サイチェン等お好きにしていただいて構いません。
公演当日、会場付近で待ち合わせの上同時入場していただきます。
詳しい待ち合わせ時間・場所はご入金後取引連絡でご連絡させていただきます。
時間厳守でお願いいたします。
10分以上の遅刻は、待たずに入場をさせていただき、その場合でも受取通知は必ずしていただきますので時間に余裕を持ってお越しください。
10分以内でも、事前のご連絡がない場合は先に入場をさせていただく場合もございます。公演中止以外、出演者見合わせ、買い手様の遅刻、体調不良、座席に関するクレーム等の返金は一切いたしかねます。
上記の旨ご理解頂いた上でご購入をお願いいたします。
公演中止の際は手数料を差し引いた金額を返金いたします。",True,2026-08
sold_acees-arena-tour-v_1786152435911_29500,1786152435911,acees-arena-tour-v,2026-08-29,12:30,Asueアリーナ大阪,electronic,none,同行,,,,,2026-08-08 01:27:15,2026-08-27 10:01:13,2026-08-27 07:17:28,sold,2,29500,３名義中３番手２連、該当名義、変更ボタンあり、有効期限内、すりかえなし、下3桁提示可,False,2026-08
t47a9td2gc,1787707591707,acees-arena-tour-v,2026-08-29,12:30,Asueアリーナ大阪,electronic,female,同行,M,4.9,,ランダム,2026-08-26 01:26:31,2026-08-27 10:01:13,,listing,1,11000,"【少人数ランダム配布】
【条件あり】
必ず最後まで注意事項をご確認の上、問題がなければご購入お手続きをお願い致します。
🌟プライベート出品いたしますので、ご購入前にメッセージをお願いいたします。
・複数名義所持のため、人数が揃い次第同時入場後一度全てのチケットを回収し、こちらが選ばなかったチケットをランダムでお渡し致します。 ご自身での座席選択は一切出来かねますので、ご了承ください。またお座席に関するクレームも一切お受け出来ません。
・当日は会場付近にて、開場時間の30分前に集合して頂きます。集合時間や場所につきましては、公演日前日までに連絡ボードにてご連絡致します。必ず集合時間厳守でお願いします。 交通機関の遅延、遅刻等いかなる場合でも、時間を過ぎた場合は先に入場させていただきます。 その場合も、返金・キャンセルは受け付けられず受取通知は行なって頂くことになりますのでお時間に余裕を持って集合をお願い致します。
・会場内でのご連絡の為に、こちらからの連絡を待たずにご購入後連絡ボードにてお名前（ニックネーム）・電話番号をお知らせください。
・入場に際して、トラブル防止のため一時的に公的身分証明証をお預かりさせていただく場合がございますので、必ず当日お持ちいただきますようお願い致します。 そちらを中の見えない封筒に入れ、ご購入者様の目の前で封を致します。 トラブル等ない限り、こちらで開けることはございませんのでご安心ください。 入場後、チケット回収のタイミングでご返却致します。
・入場後は一旦解散しますのでその間はご自由にお過ごし下さい。再集合しチケットをお渡しさせていただきますので、中でのご連絡がお取り出来る方でお願い致します。配布時間は5-10分前になります。
・遅刻や検温等による体調不良など如何なる場合も落札後のキャンセルは受付致しかねます。 本人確認やランダムエラーにより、入場出来なかった際のご返金は出来かねますので予めご了承ください。 公演中止以外は如何なる場合も返金対応は致しません。
・録音・録画・盗撮などマナー違反をされる方のご購入はお控えください。違反行為が発覚した場合は然るべき措置を取らせて頂きます。
・トラブル防止のため代理購入不可となります。必ずご入場されるご本人様がご購入ください。
上記デジタルチケット、ランダム配布のお取引をご理解頂ける日本人女性の方のみ、ご購入をお願い致します",True,2026-08
zn5vv91cd3,1787417049921,acees-arena-tour-v,2026-08-29,12:30,Asueアリーナ大阪,electronic,none,公演日前日までにQRコード共有,c,4.9,,QR,2026-08-22 16:44:09,2026-08-27 10:01:13,,listing,2,43000,"2連QR毎/該当名義/変更ボタン有/初期当選/有効期限内名義/同行者登録可
ログイン情報を共有いたします。同行者登録・同意チェック・QRコードの表示はご購入者様ご自身でお願いいたします。入場後は速やかにログアウトと受取連絡とチケットの半券画像の添付をお願いいたします。
体調不良、遅刻、出演者変更、入場時のエラーや本確等如何なる場合もキャンセル返金は対応いたしません。必ず受取連絡をお願いいたします。公演中止の場合のみ手数料を差し引いた金額を返金いたします。取引成立後のキャンセルは不可となります。",True,2026-08
sold_acees-arena-tour-v_1786712989541_47000,1786712989541,acees-arena-tour-v,2026-08-29,12:30,Asueアリーナ大阪,electronic,female,入金後3時間以内にQRコード共有,,,,,2026-08-14 13:09:49,2026-08-27 10:01:13,2026-08-27 07:17:28,sold,2,47000,"情報局先行 初期当選 ACEes 佐藤龍我名義 指定席 2枚申し込み QRごとのお譲り 条件ご
ざいません 座席未定

情報局先行 ２枚申込みでの当選
都合によ...",False,2026-08
sold_acees-arena-tour-v_1786804052040_50000,1786804052040,acees-arena-tour-v,2026-08-29,12:30,Asueアリーナ大阪,electronic,female,同行,,,,,2026-08-15 14:27:32,2026-08-27 10:01:13,2026-08-27 07:17:28,sold,1,50000,"2連中の1枚/初期当選/該当名義/有効期限内/すり替えなし

公演当日、会場付近にてお待ち合わせの上、同時入場していただきます。
詳しい待ち合わせ時間は前日まで...",False,2026-08
jfug4lhqyb,1786012760947,acees-arena-tour-v,2026-08-29,12:30,Asueアリーナ大阪,electronic,female,公演日前日までにQRコード共有,りん,5.0,,QR,2026-08-06 10:39:20,2026-08-27 10:01:13,,listing,2,60000,"FC先行/初期当選/該当名義(変更ボタンあり)/QR毎/有効期限内/重複・すり替えなし/下3桁表示可能
座席のクレーム、買い手様によるキャンセルは承っておりません。
同行者登録は買い手様が行ってください
公演日前日夜にログイン情報をお伝え致します。公演当日は入場後、FCログアウト、すみやかに受取りをお願い致します。
迷惑行為・名義を傷つける行為は御遠慮ください。ランダムエラー、立ち見、体調不良等いかなる場合でも返金対応は致しません。公演中止の場合のみ手数料を差し引いた全額を返金致します。上記ご了承いただける方のみご購入をお願い致します。",True,2026-08
ywdzize7jj,1787588464976,acees-arena-tour-v,2026-08-29,12:30,Asueアリーナ大阪,electronic,female,公演前日までにログイン情報共有,えす,5.0,,QR,2026-08-24 16:21:04,2026-08-27 10:01:13,,listing,2,45000,"情報局先行/初期当選/QR/該当名義(深田名義)/変更ボタンあり/有効期限内/重複すり替えなし/着ブロ指定なし/下3桁提示可
公演日の2日前にログイン情報をお伝えいたします。同行者登録はご購入者様にてお願いいたします。
入場後は速やかにログアウト、評価の程お願いいたします。
公演中止の場合は手数料を差し引いた金額を返金対応とさせていただきます。
公演中止以外での遅刻、ランダムエラーや出演者の変更、公共交通機関によるトラブル、本人確認他 、如何なる理由であっても公演中止以外での返金対応やキャンセルは出来ませんのでご了承ください。
以上ご理解いただける方のみご購入お願いいたします。",True,2026-08
sold_acees-arena-tour-v_1787182284179_9500,1787182284179,acees-arena-tour-v,2026-08-29,12:30,Asueアリーナ大阪,electronic,female,同行,,,,,2026-08-19 23:31:24,2026-08-27 10:01:13,2026-08-27 07:17:28,sold,2,9500,"

【条件あり】ランダム配布/連番確約ではございません/ランダムエラーの際返金させていただきます

複数名義所持のため座席選択の条件付きになります。以下の内容を...",False,2026-08
sold_acees-arena-tour-v_1786977574540_8900,1786977574540,acees-arena-tour-v,2026-08-29,12:30,Asueアリーナ大阪,electronic,none,ランダム配布,,,,,2026-08-17 14:39:34,2026-08-27 10:01:13,2026-08-27 07:17:28,sold,1,8900,"🧡指定席のみランダム配布🧡
上乗せで早渡し対応可能または中相場買取可能ですのでご相談下さい。
公演当日は開場時間の30-40分前に会場付近にお集まりいただき...",False,2026-08
nm57n0egm1,1787785656744,acees-arena-tour-v,2026-08-29,12:30,Asueアリーナ大阪,electronic,female,同行,hrse,5.0,,同行,2026-08-26 23:07:36,2026-08-27 10:01:13,,listing,1,49000,"情報局先行/初期当選/指定席/該当名義/すり替えなし/サイチェン可能/有効期限内/会員番号下3桁提示可/代理購入不可
2連中の1枚、当方と同行になります。同行者登録はこちらで行います。
公演当日、開場10~15分前を目安に集合し同時入場していただきます。詳しい待ち合わせ時間・場所等は、ご入金後にマイページの連絡ボードでお知らせします。
公演中止の場合に限り送料・手数料を差し引いた金額を返金致します。ご購入者様の集合時間の遅刻、ランダムエラーや出演者の不在等、公演中止以外のキャンセルは承りません。その場合でも受取連絡はしていただきますので、予めご了承ください。",True,2026-08
g1zmv2mr5s,1787780294789,acees-arena-tour-v,2026-08-29,12:30,Asueアリーナ大阪,electronic,male,同行,おゆ,5.0,,同行,2026-08-26 21:38:14,2026-08-27 10:01:13,,listing,1,45000,"局先行 該当名義 変更ボタン有 初期当選 下3桁提示可 すり替えなし 有効期限内期限内名義 同一クレカ支払いなし
男性名義ですが、同行は女性です。
重複無し2連中の1枚のお譲りとなります。
こちらが選ばなかった方のチケット1枚のお譲りです。
座席の選択権は一切ございませんのでご了承ください。
半券お渡し後、速やかに受取通知をお願いいたします。
お渡し後、サイチェン等お好きにしていただいて構いません。
公演当日、会場付近で待ち合わせの上同時入場していただきます。
詳しい待ち合わせ時間・場所はご入金後取引連絡でご連絡させていただきます。
時間厳守でお願いいたします。
10分以上の遅刻は、待たずに入場をさせていただき、その場合でも受取通知は必ずしていただきますので時間に余裕を持ってお越しください。
10分以内でも、事前のご連絡がない場合は先に入場をさせていただく場合もございます。公演中止以外、出演者見合わせ、買い手様の遅刻、体調不良、座席に関するクレーム等の返金は一切いたしかねます。
上記の旨ご理解頂いた上でご購入をお願いいたします。
公演中止の際は手数料を差し引いた金額を返金いたします。",True,2026-08
sold_acees-arena-tour-v_1787218582838_20000,1787218582838,acees-arena-tour-v,2026-08-29,12:30,Asueアリーナ大阪,electronic,female,同行,,,,,2026-08-20 09:36:22,2026-08-27 10:01:13,2026-08-27 07:17:28,sold,1,20000,"1名義ランダム
すり替えあり
※座席によってはすり替えなしのため浮所担不可

最寄駅または会場付近にて待ち合わせし、同時入場していただきます。
集合時間は開演1...",False,2026-08
oyb4gn2hm8,1787218507072,acees-arena-tour-v,2026-08-29,12:30,Asueアリーナ大阪,electronic,none,少人数ランダム配布,。,5.0,,ランダム,2026-08-20 09:35:07,2026-08-27 10:01:13,,listing,1,14000,"掲載内容を必ずご確認いただき、【ランダム配布について、下記全てご理解いただける方】のみご購入ください。
少人数入場/ご不安な方にも安心して楽しんでいただけるよう、最善を尽くします。
名義数は少ないため隣にいていただいても構わないです。
・公演当日、開場45〜30分前目安に会場付近で待ち合わせし、同時入場していただきます。
・すり替えありのランダム配布のため、買い手様に座席選択権はございません。
・入場後、1度チケットを回収させていただきます。
・チケットお渡しまでに時間をいただきますが、開演前までにはお渡しします。
・購入後、取引画面にて【当日連絡をとれる電話番号】をご教示ください。お渡しの際ははそちらの電話番号へ連絡いたしますので正しい番号をお願いします。
・チケットとお渡しと同時に必ず受け取り完了を実施いただきます。
・当日遅刻等で間に合わなかった場合は先に入場しますが、その場合でも受け取り通知はしていただきますので、時間に余裕のある方のみご購入ください。
・当日の遅刻や体調不良、エラー表示などで入場出来なかった場合でも取引は完了させていただき返金は致しかねます。
・代理購入はお控えください。
・以上をご了承いただける日本人女性のみご購入ください。
何か質問ありましたら気軽にご連絡ください。",True,2026-08
sold_acees-arena-tour-v_1787548656454_38000,1787548656454,acees-arena-tour-v,2026-08-29,12:30,Asueアリーナ大阪,electronic,female,公演日2日前までにログイン情報共有,,,,,2026-08-24 05:17:36,2026-08-27 10:01:13,2026-08-27 07:17:28,sold,2,38000,"別でも出品しているため1度コメントお願いいたします。
初期当選/非該当(岩崎)名義/変更ボタン有/有効期限内/重複・すり替えなし/着ブロ希望なし/下3桁提示可/...",False,2026-08
kwgbp4tmxh,1786794200360,acees-arena-tour-v,2026-08-29,12:30,Asueアリーナ大阪,electronic,female,2名義中2番手,mm,5.0,,番手,2026-08-15 11:43:20,2026-08-27 10:01:13,,listing,1,40000,"2名義中2番手/情報局先行/初期当選/下三桁提示可/すり替えなし/着ブロ希望なし/有効期限内/該当名義(変更ボタンあり)
・開場15～30前に会場付近の指定の場所に集合後、同時入場していただきます。詳しい待ち合わせ時間、場所等は改めてご連絡いたします。
・集合時間厳守でお願い致します。10分以上遅刻された場合、待たずに先に入場させていただく場合もございます。その場合でも必ず受取連絡はして頂きます。
・入場時、当方の用意した端末をご使用いただく予定ですので持ち逃げ防止のためその際一時的に身分証をお預かりする可能性があります。同時入場後、速やかに返却いたします。
・上記以外にも、同時入場ではない場合など当日入場の際に身分証をお預かりする場合がございます。本人確認ができる公的身分証を必ずお持ちください。お預かりした身分証は、同時入場後またはチケットお渡しの際に速やかに返却します。
・入場後、一旦チケットを回収させていただき、再集合の上チケットを配布します。
・座席をお選びいただくことはできません。
・入場後は座席選択のため、一旦解散とさせていただいます。チケットのスムーズな受渡の為にご連絡先の電話番号をお伺いします。当日連絡の繋がる電話番号をお持ちの方のみご購入ください。
・座席の選択に時間を要する場合がございますが、ご了承ください。
・チケットお渡しと同時に受取連絡をお願いいたします。
・サイチェン等お好きにしていただき構いません。ただ、名義に傷がつく行為などがないよう十分にご留意ください。途中退場させられた場合など、何かありましたら必ずご連絡ください。
・代理購入不可。購入されたご本人が必ずご入場ください。
・体調不良、遅刻、公共交通機関遅延や乱れ、ランダムエラー等の理由で入場出来なかった場合も受取通知はしていただきます。返金は致しかねます。
・如何なる理由でも買い手都合によるキャンセル不可。
・座席に関するクレームは一切受け付けません。
・公演中止の場合のみ、手数料を差し引いた金額を返金致します。",True,2026-08
shm2sezjjo,1787664728086,acees-arena-tour-v,2026-08-29,12:30,Asueアリーナ大阪,electronic,female,4名義中2番手,⭐︎,5.0,,同行番手,2026-08-25 13:32:08,2026-08-27 10:01:13,,listing,1,50000,"4名義中2番手（連番内選択不可）初期当選/すり替えなし/該当名義/有効期限内/変更ボタンあり/下3桁提示可
作間担の方は購入不可になりますので、ご購入はお辞めください。チャットにて担当の記載をお願いいたします。
プラベル出品にいたしますので、ご購入の際はご連絡お願いいたします。
公演当日、開場30分前頃に会場付近にて待ち合わせし、同時入場していただきます。
詳しい待ち合わせ時間・場所等は、公演前日または当日にお知らせします。
大幅な遅刻をされた際は、お待ちせずに先に入場させていただきますので、必ず時間厳守でお願いします。その場合でも受け取り連絡をしていただきます。
端末をお借りしてQR表示・発券をお願いする場合がございます。入場後は速やかにログアウトしていただきますようお願いいたします。
発券後、一度チケットを回収させていただきます。当方の座席確認のため、お時間をいただく場合がございますのでご了承ください。座席選択が終わりましたら、もう一人の2番手の方にチケットを選んでいただき、連番内のチケットをお渡しさせていただきます。その際に、受け取り連絡をお願いします。なお、座席選択権はございません。
本人確認/エラー/体調不良/交通事情による遅刻/座席に関するクレーム/出演者の変更等、いかなる場合でも一切返金対応いたしません。
公演中止の場合のみ、手数料の引いた金額を返金いたします。
代理購入は不可になりますので、当日は必ずご購入者本人様がお越しください。
上記全てにご理解、ご了承いただいた日本語が通じる女性の方のみご購入をよろしくお願いいたします。",True,2026-08
56otdh5ksf,1787757342615,acees-arena-tour-v,2026-08-29,12:30,Asueアリーナ大阪,electronic,female,同行,u,5.0,,ランダム番手,2026-08-26 15:15:42,2026-08-27 10:01:13,,listing,2,29000,"★指定席のみすり替えなし★
すり替えなし、ランダム配布です。
下記全てお読み頂き、なにかご不明点ございましたらコメント欄までお願いいたします。
ご購入者様はチケットの選択ができません。
開場の30分前待ち合わせ予定です。
また、QR表示の為端末をお借りする場合がございます。（その際一時的に身分証をお預かりする場合がございますのでご了承下さい）
入場後は解散せずその場でチケット確認し、お渡しします。その際に受け取り評価をお願いします。
ランダムエラーや遅刻、体調不良等など公演中止以外のいかなる場合も返金不可です。集合時間に遅れた場合も必ず受け取りして頂きます。日本語のわかる女性のみ購入お願いいたします。",True,2026-08
sold_acees-arena-tour-v_1786102673581_5200,1786102673581,acees-arena-tour-v,2026-08-29,12:30,Asueアリーナ大阪,electronic,female,ランダム配布,,,,,2026-08-07 11:37:53,2026-08-27 10:01:13,2026-08-27 07:17:28,sold,1,5200,"・当日はこちらが指定した時間に会場付近の指定場所に集合して頂きます。前日までに詳細を連絡ボードにてお伝えします。
・交通機関の乱れや体調不良を含め、如何なる事情...",False,2026-08
al1cgm2qu0,1787509357830,acees-arena-tour-v,2026-08-29,12:30,Asueアリーナ大阪,electronic,female,座席未定/ランダム配布,おもちもち,5.0,,ランダム,2026-08-23 18:22:37,2026-08-27 10:01:13,,listing,2,18000,"条件あり、ランダム配布
中相場買取可能です。
全て有効期限内名義
複数名義所持の為、ランダムでのお譲りになります。入場後はチケットを回収し、こちらで座席を選ばせて頂いた後に順次配布致します。
開演時間までにチケットをお渡し致します。チケットお渡し次第、受取連絡お願い致します。
連番でご購入の場合は連番にてお渡し致します。
公演当日は、入場指定時間の約30分前に会場付近にて待ち合わせ後、同時入場していただきます。 ご入金後、当日繋がる電話番号、こちらがお呼びさせていただくあだ名を事前にご連絡お願いいたします。
当日集合より大体1時間前までに服装写真で送付お願いします。
詳しい待ち合わせ場所、時間等は連絡ボードにてお知らせ致します。
また、時間厳守でお願い致します。万が一遅れた場合先に入場させていただきますが如何なる場合でも受取連絡はしていただきますのでご了承下さい。
落札後のキャンセル、座席のクレーム、遅刻、体調不良、コロナ関連、本人確認やランダムエラー等で入場できない等、公演中止以外は如何なる場合でも返金対応は致しません。
公演中止の場合は規定に従い返金対応致します。
座席をお渡し後の受取連絡なし、送金停止等は一切お受けできません。
代理購入はご遠慮下さい。
上記の内容を全てご理解いただける日本人女性のみご購入お願い致します",True,2026-08
c4zwf1qryn,1787800451031,acees-arena-tour-v,2026-08-29,12:30,Asueアリーナ大阪,electronic,female,ランダム配布,みや,5.0,,ランダム,2026-08-27 03:14:11,2026-08-27 10:01:13,,listing,1,8999,"以下ご理解いただける方のみご購入ください。
・同時入場後にチケットを回収し、座席選択後、お譲りするチケットをお渡しします。
・座席の選択はできません。また、座席に関するクレームは一切お受けできません。
・お譲りするチケットは用意でき次第なるべく早くお渡しいたします。遅くても開演5分前までにはお渡し予定です。
・チケット受取後、速やかに受取連絡をお願いいたします。
・集合は開場45分前を予定しています。理由を問わず、遅刻された場合は到着を待たずに入場します。その場合も受取連絡は必ずお願いいたします。
・チケット表示のため、端末利用にご協力いただく場合があります。
・チケットの持ち逃げ防止のため、一時的に身分証をお預かりする場合があります。
・公演中止の場合を除き、返金・キャンセルは一切不可です。",True,2026-08
h8qroi3ohp,1787752172390,acees-arena-tour-v,2026-08-29,12:30,Asueアリーナ大阪,electronic,female,4名義中2番手同行,な,5.0,,番手,2026-08-26 13:49:32,2026-08-27 10:01:13,,listing,1,50000,"・4名義中2番手2連中1枚同行のお譲りです。
(連番内選択不可)
・お取引が確定しましたら、プライベート出品に変更いたします。
・全名義発券後、こちらでチケットを1度回収し、1番手が選択した後に残り3名義分のチケットから2番目に選択した2連番チケットの中から1枚をお渡しします。座席確認のためお渡しするまでにお時間をいただく可能性もございますのでご了承ください。
・チケットお渡し後は速やかに受取連絡をお願いいたします。目の前で受取通知頂けない場合は、半券はお渡し出来ませんのでご了承ください。
・すり替えは一切いたしません。ご希望でしたら公演前日に名義分の下3桁をお伝えいたします。当日チケットをお渡しした際に、ご自身でご確認お願いいたします。
・座席や待ち時間に関するクレームは一切受け付けませんのでご了承ください。
・公演当日は【開場】40〜45分前に会場付近にて待ち合わせし、同時入場する予定です。
・詳しい待ち合わせ時間・場所等は、ご入金後に連絡ボードでお知らせします。
・当日は時間厳守でお願いいたします。如何なる理由であっても大幅な(10分以上の)遅刻は先に入場させていただきます。その際も受取連絡はしていただきますので、お時間に余裕を持ってお越し下さい。
・チケット発券時、QRコードの表示、発券のご協力をいただく可能性がございます。
・入場の際、一時的に顔つき身分証をお預かりする可能性がございます。入場後は持ち逃げ等トラブルがなければ中身を拝見することも個人情報を控えることも一切せず、速やかにご返却いたしますのでご安心ください。
・本人確認、システムエラー、出演者変更、開演後の公演中止延期など開演前に主催者から発表される公演中止以外の如何なる場合でも返金対応致しかねます。復活当選や制作開放当選などの購入者様都合のキャンセルも一切対応致しかねます。
・上記にご了承していただける日本語の理解できて健康な日本人女性の方のみご購入お願いいたします。
・会場周辺の電波状況が不安定となる可能性がございます。
スムーズなご連絡のため、お電話番号をお伺いする場合がございますので、
ご理解・ご協力のほどよろしくお願い申し上げます。
・公演直前までこちらからお送りしている連絡にしばらくお返事をいただけない場合には買い手様都合のキャンセルとみなす場合がございます。取引成立後は、必ず通知が届く状態に設定いただくようお願い致します。
・トラブル防止のため代理購入不可。来場されるご本人様がご購入ください。
名義すべて
情報局先行 / 初期当選 / 座席未定 / すり替えなし / 変更ボタン有/有効期限内/該当名義 / 下三桁提示可能
になります。",True,2026-08
sold_acees-arena-tour-v_1786716549276_8999,1786716549276,acees-arena-tour-v,2026-08-29,12:30,Asueアリーナ大阪,electronic,none,ランダム配布,,,,,2026-08-14 14:09:09,2026-08-27 10:01:13,2026-08-27 07:17:28,sold,1,8999,"❤️中相場買取可❤️上乗せで2連でのお渡し対応します❤️
⚠️購入後に必ず電話番号を送信してください
同時入場後、当方が座席選択後にお譲りするチケットをランダム...",False,2026-08
sold_acees-arena-tour-v_1786500951165_45000,1786500951165,acees-arena-tour-v,2026-08-29,12:30,Asueアリーナ大阪,electronic,female,公演日1日前までにQRコード共有,,,,,2026-08-12 02:15:51,2026-08-27 10:01:13,2026-08-27 07:17:28,sold,2,45000,2連 QRごとのお譲り、初期当選、複数当選なし、該当名義有効期限内変更ボタンあり着ブロ希望なし。発送物戻りなし。ペイジー決済。日本人以外の方は購入を御遠慮くださ...,False,2026-08
sold_acees-arena-tour-v_1787244992294_46000,1787244992294,acees-arena-tour-v,2026-08-29,12:30,Asueアリーナ大阪,electronic,female,入金後3時間以内にQRコード共有,,,,,2026-08-20 16:56:32,2026-08-27 10:01:13,2026-08-27 07:17:28,sold,2,46000,"情報局先行 ACEes 佐藤龍我名義 初期当選 指定席 2枚申し込み QRごとのお譲り 条件ございません 座席未定

情報局先行 ２枚申込みでの当選しました。...",False,2026-08
mntrter2ur,1787422447541,acees-arena-tour-v,2026-08-29,12:30,Asueアリーナ大阪,electronic,female,同時入場,ゆ,5.0,,番手,2026-08-22 18:14:07,2026-08-27 10:01:13,,listing,2,42000,"2名義中2番手/初期当選/有効期限内名義/すり替えなし/下3桁提示可能
・公演当日、開場20〜30分前頃に会場付近で待ち合わせし、同時入場していただきます。
・詳細（待ち合わせ時間・場所等）は、入場時間決定次第連絡ボードでお知らせいたします。
・ご希望であれば会員番号下3桁提示可能です。有効期限内名義です。
・入場後チケットをお渡しした際に受取連絡お願い致します。
・入場後はサイドチェンジ等ご自由にしていただいて構いません。
・買い手様都合によるキャンセルは一切お受けできません。
・公演中止以外、如何なる場合も返金対応は致しかねます。",True,2026-08
sold_acees-arena-tour-v_1787752256583_40000,1787752256583,acees-arena-tour-v,2026-08-29,12:30,Asueアリーナ大阪,electronic,female,入金後24時間以内にQRコード共有,,,,,2026-08-26 13:50:56,2026-08-27 10:01:13,2026-08-27 07:17:28,sold,2,40000,2連 QRごとのお譲り、初期当選、複数当選なし、該当名義有効期限内変更ボタンあり着ブロ希望なし。発送物戻りなし。ペイジー決済。日本人以外の方は購入を御遠慮くださ...,False,2026-08
alkme7niij,1787546732695,acees-arena-tour-v,2026-08-29,12:30,Asueアリーナ大阪,electronic,female,座席未定/ランダム配布,おもちもち,5.0,,ランダム,2026-08-24 04:45:32,2026-08-27 10:01:13,,listing,2,25000,"プライベート出品にするため、購入希望の方はコメントください。
ランダム配布/該当名義/有効期限内/変更ボタン有/着ブロ希望なし/初期当選/座席未定
ランダム配布であることをご理解のうえご購入ください。
・当日は集合後、同時入場していただきます。
・同時入場後、チケットを回収し、一度解散させて頂きます。解散後は自由に行動して頂いて構いません。会場内にて再集合して頂きチケットをお渡し致します。
・チケットお渡しの際に受け取り完了通知をお願いします。受け取り通知を確認できない場合、チケットはお渡しできません。
なお、ランダムですのでお席はお選びいただけません。
＜待ち合わせについて＞
・当日は指定の時間・場所へ集合ください。
・大幅に遅刻をされた場合、遅刻の理由に関わらず先に入場する可能性がありますが、その場合も必ず受取通知していただきます。
＜入場について＞
・入場の際、端末をお借りする場合がございます。QRコードが開ける端末をお持ちください。
・また入場前に身分証をお預かりする場合がございます。予めご了承ください。身分証は封筒に入れ問題がなければ開封いたしません。チケットをお渡しする際にお返しいたします。
・連番の場合、入場時はご同行者様と別れてご入場となる場合がございますが、お渡しするチケットは連番になります。
＜注意事項＞
・名義数を含め、所持名義についての詳細は一切お答えいたしません。
・入場後、チケットお渡しまでにお時間いただきますのでご了承のうえで購入お願いいたします。チケットお渡しのお時間に関するクレームは受け付けません。
・ランダムエラー、通信障害、端末の不具合等、検温チェック、遅刻等の公演中止以外の理由で入場できない場合の返金はいたしません。なお、1分でも開演した場合は公演中止とみなしません。
・遅刻された場合は購入者様のご都合でキャンセルとし、返金は致しません。
・席種、日付間違い、出演メンバーの変更や出演見合わせ、体調不良、冠婚葬祭等如何なる理由でも返金は致しません。
・クレームやキャンセルは一切受け付けません。
・如何なる場合でも送金停止は受け付けません。また、解散後の返金も一切応じません。
・日本語で意思の疎通がとれる日本人女性の方のみ購入可能です。
購入された時点で全ての内容に同意いただいたとみなします。",True,2026-08
sold_acees-arena-tour-v_1785551610563_50000,1785551610563,acees-arena-tour-v,2026-08-29,12:30,Asueアリーナ大阪,paper,female,当日手渡し,,,,,2026-08-01 02:33:30,2026-08-27 10:01:13,2026-08-27 07:17:28,sold,1,50000,"2連中1枚同行/初期当選/重複すり替えなし/有効期限内/該当名義/下3桁提示可/サイチェン可

・開場時間15分前に会場付近にて集合予定です。
・座席に関するク...",False,2026-08
miagtt7dom,1786995492999,acees-arena-tour-v,2026-08-29,12:30,Asueアリーナ大阪,electronic,female,同時入場,⭐︎,5.0,,番手,2026-08-17 19:38:12,2026-08-27 10:01:13,,listing,2,45000,"2名義中2番手/該当名義/有効期限内/初期当選/すり替え無し/下3桁提示可
・公演当日11時半頃に、会場付近にて待ち合わせし、同時入場していただきます。
・入場後、1度チケットを回収し、当方が座席選択後すぐに座席のチケットをお渡し致しますので、その場で速やかに受け取り通知をお願い致します。電波等必ず繋がる端末をご用意ください。
・チケットをお渡しした時点でお取引終了となります。また、お渡ししたチケットに何か問題がある場合は、受取通知の前に仰ってください。
・主催側の公演中止以外の返金は、一部出演者の変更休演含め、如何なる理由でも不可です。（交通機関の乱れによる遅刻・体調不良・ランダムエラー・本人確認等）待ち合わせのお時間に購入者様都合の理由で合流出来なかった場合は、その時刻を過ぎた時点で受け取り確認していただきます。
・トラブル防止のため、代理購入は御遠慮ください。",True,2026-08
sold_acees-arena-tour-v_1787490286687_8500,1787490286687,acees-arena-tour-v,2026-08-29,12:30,Asueアリーナ大阪,electronic,female,同行,,,,,2026-08-23 13:04:46,2026-08-27 10:01:13,2026-08-27 07:17:28,sold,1,8500,"ランダム配布 指定席チケット

開場30分前程度に会場付近で待ち合わせ、同時入場していただきます。
複数名義所持しております。同時入場をしてチケットを回収後一度...",False,2026-08
sold_acees-arena-tour-v_1787124951785_11000,1787124951785,acees-arena-tour-v,2026-08-29,12:30,Asueアリーナ大阪,electronic,female,指定席のみランダム配布,,,,,2026-08-19 07:35:51,2026-08-27 10:01:13,2026-08-27 07:17:28,sold,1,11000,"ランダム配布 /少人数入場
当日は開場時間30分前に指定の場所に集合して頂きます。遅刻には対応できませんのでご注意ください。
入場後は一度チケットを回収し、解散...",False,2026-08
sold_acees-arena-tour-v_1787286852909_48000,1787286852909,acees-arena-tour-v,2026-08-29,12:30,Asueアリーナ大阪,electronic,female,同行,,,,,2026-08-21 04:34:12,2026-08-27 10:01:13,2026-08-27 07:17:28,sold,1,48000,"2連中1枚同行 
初期当選/該当名義/有効期限内/重複すり替えなし/変更ボタンあり/下3桁提示可/龍我担不可

当方と同行になります。
開場20分前頃に会場付近...",False,2026-08
sold_acees-arena-tour-v_1787041945560_8999,1787041945560,acees-arena-tour-v,2026-08-29,12:30,Asueアリーナ大阪,electronic,none,ランダム配布,,,,,2026-08-18 08:32:25,2026-08-27 10:01:13,2026-08-27 07:17:28,sold,1,8999,"❤️中相場買取可❤️
⚠️購入後に必ず電話番号を送信してください
同時入場後、当方が座席選択後にお譲りするチケットをランダムにてお渡し致します。
※当日、開場時...",False,2026-08
3dd94d6glb,1786542796987,acees-arena-tour-v,2026-08-29,12:30,Asueアリーナ大阪,electronic,female,3名義中2番手同行。初期当選/該当名義/有効期間内/下3桁提示可,の,5.0,,番手,2026-08-12 13:53:16,2026-08-27 10:01:13,,listing,1,41500,"プライベート出品に変更しますので、購入前に必ずご連絡ください。
浮所担不可。
連番内の座席はもう1名の2番手の方に先にお選びいただく形になりますので、ご了承いただける方のみでお願いいたします。
一部は当日手渡しでのお支払いも対応可能です。ご希望でしたらご相談ください。
公演当日、開場 15分前に会場付近にて待ち合わせし、同時入場していただきます。
詳しい待ち合わせ場所、時間等は前日にお知らせします。
・同時入場後、一旦チケットを回収させて頂きます。こちらで座席選択後、残り2名義からお選びいただきます。2連番のため、先にご購入された方からお席をお選びいただきます。
座席選択の際にお時間をいただく可能性がございますがすり替えはいたしませんので予めご了承ください。
・時間厳守の為必ず集合時間に間に合うようにお願い致します。交通機関の遅れなどの理由でしても10分以上遅刻をされた場合先に入場させて頂きますが受取通知はして頂きます。
・体調不良、本人確認、ランダムエラー等のトラブルで入場出来なかった場合など、公演中止以外の如何なる理由でも返金は致しかねますのでご了承ください。
・公演中止の場合のみ手数料を差し引いた金額をご返金いたします。
上記全てご同意いただける方のみご購入ください。",True,2026-08
xf0saqong6,1785913157157,acees-arena-tour-v,2026-08-29,12:30,Asueアリーナ大阪,electronic,female,同行,🍋,5.0,,番手,2026-08-05 06:59:17,2026-08-27 10:01:13,,listing,2,38000,"3名義中3名義目/下3桁提示可/初期当選/該当名義/有効期限内
同時入場いただきチケット回収後、当方と2名義目の方が選ばなかったチケットをお渡しいたします。
当方の座席選択時、構成等の確認のためお時間をいただく場合がございます。
集合時間や場所などは公演前日までにご連絡させていただきます。",True,2026-08
67ttwvpe4r,1787664362763,acees-arena-tour-v,2026-08-29,12:30,Asueアリーナ大阪,electronic,female,4名義中3番手,9⭐︎,5.0,,番手,2026-08-25 13:26:02,2026-08-27 10:01:13,,listing,2,38000,"4名義中3番手/初期当選/すり替えなし/該当名義/有効期限内/変更ボタンあり/下3桁提示可
プラベル出品にいたしますので、ご購入の際はご連絡お願いいたします。
公演当日、開場30分前頃に会場付近にて待ち合わせし、同時入場していただきます。
詳しい待ち合わせ時間・場所等は、公演前日または当日にお知らせします。
大幅な遅刻をされた際は、お待ちせずに先に入場させていただきますので、必ず時間厳守でお願いします。その場合でも受け取り連絡をしていただきます。
端末をお借りしてQR表示・発券をお願いする場合がございます。入場後は速やかにログアウトしていただきますようお願いいたします。
発券後、一度チケットを回収させていただきます。当方の座席確認のため、お時間をいただく場合がございますのでご了承ください。座席選択が終わりましたら、3番手様にチケットを選んでいただきます。
その際に、受け取り連絡をお願いします。
本人確認/エラー/体調不良/交通事情による遅刻/座席に関するクレーム/出演者の変更等、いかなる場合でも一切返金対応いたしません。
公演中止の場合のみ、手数料の引いた金額を返金いたします。
代理購入は不可になりますので、当日は必ずご購入者本人様がお越しください。
上記全てにご理解、ご了承いただいた日本語が通じる女性の方のみご購入をよろしくお願いいたします。",True,2026-08
g3104mprbi,1787733183191,acees-arena-tour-v,2026-08-29,12:30,Asueアリーナ大阪,electronic,female,同行,な,5.0,,ランダム,2026-08-26 08:33:03,2026-08-27 10:01:13,,listing,1,12500,"☆少人数ランダム ☆中相場で買取可
以下ご理解いただける方のみご購入ください。
・同時入場後にチケットを回収し、座席選択後、お譲りするチケットをお渡しします。
・座席の選択はできません。また、座席に関するクレームは一切お受けできません。
・お譲りするチケットは用意でき次第なるべく早くお渡しいたします。遅くても開演5分前までにはお渡し予定です。
・チケット受取後、速やかに受取連絡をお願いいたします。
・集合は開場15分前を予定しています。理由を問わず、遅刻された場合は到着を待たずに入場します。その場合も受取連絡は必ずお願いいたします。
・公演中止の場合を除き、返金・キャンセルは一切不可です。",True,2026-08
sold_acees-arena-tour-v_1787124896123_10000,1787124896123,acees-arena-tour-v,2026-08-29,12:30,Asueアリーナ大阪,electronic,female,指定席のみランダム配布,,,,,2026-08-19 07:34:56,2026-08-27 10:01:13,2026-08-27 07:17:28,sold,1,10000,"ランダム配布 /少人数入場
当日は開場時間30分前に指定の場所に集合して頂きます。遅刻には対応できませんのでご注意ください。
入場後は一度チケットを回収し、解散...",False,2026-08
sold_acees-arena-tour-v_1785774399746_48000,1785774399746,acees-arena-tour-v,2026-08-29,12:30,Asueアリーナ大阪,electronic,female,入金後3時間以内にQRコード共有,,,,,2026-08-03 16:26:39,2026-08-27 10:01:13,2026-08-27 07:17:28,sold,2,48000,"情報局先行 ACEes 浮所飛貴名義 初期当選 指定席 2枚申し込み QRごとのお譲り 条件ございません 座席未定

情報局先行 ２枚申込みでの当選しました。...",False,2026-08
sold_acees-arena-tour-v_1785688161328_37000,1785688161328,acees-arena-tour-v,2026-08-29,12:30,Asueアリーナ大阪,electronic,none,同行,,,,,2026-08-02 16:29:21,2026-08-27 10:01:13,2026-08-27 07:17:28,sold,2,37000,"2名義中2番手になります。
初期当選、該当、変更ボタンあり、有効期限内、すり替えなし、下3桁提示可、着ブロなし、同一クレカなし

•開場の20分前ぐらいに会場付...",False,2026-08
sold_acees-arena-tour-v_1787400010898_46000,1787400010898,acees-arena-tour-v,2026-08-29,12:30,Asueアリーナ大阪,electronic,female,入金後3時間以内にQRコード共有,,,,,2026-08-22 12:00:10,2026-08-27 10:01:13,2026-08-27 07:17:28,sold,2,46000,"情報局先行 初期当選 ACEes 佐藤龍我名義 指定席 2枚申し込み QRごとのお譲り 条件ご
ざいません 座席未定

情報局先行 ２枚申込みでの当選
都合によ...",False,2026-08
1hzkwh5pcc,1787226087350,acees-arena-tour-v,2026-08-29,12:30,Asueアリーナ大阪,electronic,female,【条件あり】当日手渡し/座席未定/ランダム配布/有効会員,T,4.9,,同行ランダム,2026-08-20 11:41:27,2026-08-27 10:01:13,,listing,1,8800,"《開場30分前集合予定》
※レビュー(評価4.8以上)ある方のみ申請下さい。
※購入時のコメント不要です。
★購入後に当日連絡のつくお電話番号と氏名(苗字)をメッセージボードにてお伝え下さい。
・複数名義所持しており、こちらで座席選択後にランダムで配布致します。 発券後はチケットを一旦回収し、座席を選択させて頂きます。その際にお時間頂く場合がございますが、ご了承下さい。こちらのチケットは、【開演5〜10分前頃】に配布予定となります。ご理解の程、よろしくお願い致します。 ・個人都合による遅刻等に関しましては、お待ち出来兼ねますので必ず時間厳守でお願い致します。万が一、ご購入者様の遅刻によりこちらが先に入場した場合にも、受取り連絡して頂きます。 ・入場の際のQRコード表示や同行者登録にご協力頂く場合がございますのでその際はご対応頂ける方でお願い致します。 ・座席へのクレーム(立見、制作開放等)、遅刻、本人確認、ランダムエラーなど、公演中止以外の如何なる場合においても返金は致しません。個人都合によるキャンセルの場合は、どのような事情であっても受取り連絡をお願い致します。 以上の内容をご理解頂ける方のみご購入お願い致します。",True,2026-08
sold_acees-arena-tour-v_1786723094922_8800,1786723094922,acees-arena-tour-v,2026-08-29,12:30,Asueアリーナ大阪,electronic,none,ランダム配布,,,,,2026-08-14 15:58:14,2026-08-27 10:01:13,2026-08-27 07:17:28,sold,1,8800,"🧡指定席のみランダム配布🧡
上乗せで早渡し対応可能または中相場買取可能ですのでご相談下さい。
公演当日は開場時間の30-40分前に会場付近にお集まりいただき...",False,2026-08
zclhza2u15,1787669186622,acees-arena-tour-v,2026-08-29,12:30,Asueアリーナ大阪,electronic,female,同行,ゆ,5.0,,番手,2026-08-25 14:46:26,2026-08-27 10:01:13,,listing,2,42000,"3名義重複/2番手2連(バラ可)/該当名義/座種未定/初期当選/すり替えなし/下3桁提示可能/公演日有効期限内
プライベートモードにて出品しますので、購入前に必ずコメントお願いいたします。
こちらでは購入しないでください。
そちらでお取引させていただきます。
公演当日に、こちらの指定したお時間(開場の40～20分前予定)会場付近にて待ち合わせし、同時入場して頂きます。遅刻した場合はいかなる場合でも先に入場し、返金対応は致しませんので、時間に余裕を持ってお越しください。
同時入場後、チケットを一度回収させていただきます。当方の座席選択にお時間をいただく場合がございます。
場合によっては回収せずに所持したままでの座席確認。番手順に選んでいただき、チケットをお渡し致します。受取連絡が確認出来ましたらチケットをお渡し致します。
・チケット持ち逃げ防止の為、顔つき身分証明書の原本(必ず有効期限内のもの)をお預かりする可能性がありますので必ずご持参下さい。運転免許証、マイナンバーカード、パスポート等。有効期限内かつ顔つきの身分証をお預かりさせていただけない場合はチケットをお渡し出来ません。
その場合でも、受取評価は必ずして頂きますので、ご同意の上ご購入お願い致します。
チケットのお渡しと一緒に身分証はお返しさせていただきます。
発券まで座席未定の為、どこのお席になるかは分かりませんので、座席に関するクレームや返金はお受け致しません。悪質な送金停止はご遠慮お願い致します。
本人確認やその他ランダムエラー等で万が一入場できなかった場合や番手が減る場合、他公演中止以外のいかなる場合でも返金対応致しません。
遅刻、交通機関の乱れ、体調不良、出演者の変更等による購入後のキャンセルは受け付けません。いかなる場合でも必ず受け取り評価していただきます。
主催者からの中止が発表されましたらアプリより返金されます。
代理購入はお控え頂き、必ず当日入場される方ご自身がご購入お願いいたします。
購入した時点で上記に承諾を得たと認識させていただきます。",True,2026-08
sold_acees-arena-tour-v_1786972377662_8000,1786972377662,acees-arena-tour-v,2026-08-29,17:30,Asueアリーナ大阪,electronic,female,【条件あり】当日手渡し/座席未定/ランダム配布/有効会員,,,,,2026-08-17 13:12:57,2026-08-27 10:01:13,2026-08-27 07:17:28,sold,1,8000,"《開場30分前集合予定》

※レビュー(評価4.8以上)ある方のみ申請下さい。
※購入時のコメント不要です。
★購入後に当日連絡のつくお電話番号と氏名(苗字)を...",False,2026-08
sold_acees-arena-tour-v_1787655895710_36000,1787655895710,acees-arena-tour-v,2026-08-29,17:30,Asueアリーナ大阪,electronic,female,同行,,,,,2026-08-25 11:04:55,2026-08-27 10:01:13,2026-08-27 07:17:28,sold,2,36000,"【連番 2名義中2番手】
⭐️すべて連番/初期当選/該当名義/変更ボタン有/有効期限内/下3桁提示可/すり替えなし/着ブロ希望なし
⭐️ご購入の際にチケテン入場...",False,2026-08
s3x3h287rw,1785592195286,acees-arena-tour-v,2026-08-29,17:30,Asueアリーナ大阪,electronic,none,同行,もちもちゆきみだいふく,5.0,,番手,2026-08-01 13:49:55,2026-08-27 10:01:13,,listing,2,40000,"初期当選/2名義中2番手/有効期限内/該当名義/下3桁提示可
★プラベル通し可
プラベ取引希望の方はコメントお願いします。
・入場後こちらで座席確認、チケットを選ばせて頂くためお時間がかかる場合がございます。予めご了承ください。
チケットのお渡しまではご自由にして頂いて大丈夫です。
・チケットをお渡しの際に受け渡し連絡を行って頂きます。
・時間厳守でこちらの指定した時間に必ず集合をお願いいたします。事故、交通機関等による遅れは考慮致しませんので余裕を持って集合お願いいたします。
・当日スムーズなお取引の為購入後、LINE交換、当日ご連絡が取れる電話番号とお名前(偽名可)のご提示をお願いしております。
・デジチケのお取引に慣れている日本語が問題なく通じる、会話のやり取りができる方でお願いいたします。
・公演中止以外の理由ランダムエラー、ログインエラー、検温、本人確認、1部メンバー不在、当日ご本人の予定で来場できなくなった等いかなる場合があっても返金は不可とさせて頂きます。
公演中止の際は自動キャンセル手続きに従い返金させて頂きます。
流し読み把握されていなかった場合も上記に記載した事は従って頂きます。
以上ご確認頂き問題なければお取引よろしくお願いいたします。",True,2026-08
6w44ceeag8,1787239939289,acees-arena-tour-v,2026-08-29,17:30,Asueアリーナ大阪,electronic,female,公演日1日前までにログイン情報,ゆ,5.0,,QR,2026-08-20 15:32:19,2026-08-27 10:01:13,,listing,2,43000,"初期当選　重複なし　すり替えなし　QRごと　条件なし　下三桁事前提示可能　期限内
過去エラー・郵便物戻りなし
同行者登録可能／該当変更ボタンあり
公演前日にログイン情報をお伝えします。
入場後は速やかに、ログアウトと受取評価のご対応をお願いいたします。公演中止の場合のみ返金いたします。座席のクレームは受付けません。体調不良、交通機関遅延、ランダムエラー等での返金は致しかねますのでご了承ください。",True,2026-08
sold_acees-arena-tour-v_1787541506392_9000,1787541506392,acees-arena-tour-v,2026-08-29,17:30,Asueアリーナ大阪,electronic,female,同行,,,,,2026-08-24 03:18:26,2026-08-27 10:01:13,2026-08-27 07:17:28,sold,1,9000,"少人数 ランダム配布 指定席
16:20頃の待ち合わせ予定当日は同時入場後にチケットを回収し、一度解散となります。その後、開演5〜10分前を目安にランダムで指定...",False,2026-08
sold_acees-arena-tour-v_1786802900406_0,1786802900406,acees-arena-tour-v,2026-08-29,17:30,Asueアリーナ大阪,electronic,female,公演日前日にログイン情報共有,,,,,2026-08-15 14:08:20,2026-08-27 10:01:13,2026-08-27 07:17:28,sold,1,0,"QRごと/非該当名義/初期当選分/有効期限内/着ブロ申込なし、郵送物戻り、過去エラーなし
購入後会員番号下3桁提示可 
下記事項にご了承いただける方のみ申請をお...",False,2026-08
sold_acees-arena-tour-v_1787533735124_8500,1787533735124,acees-arena-tour-v,2026-08-29,17:30,Asueアリーナ大阪,electronic,female,同行,,,,,2026-08-24 01:08:55,2026-08-27 10:01:13,2026-08-27 07:17:28,sold,1,8500,"ランダム配布 指定席チケット

開場30分前程度に会場付近で待ち合わせ、同時入場していただきます。
複数名義所持しております。同時入場をしてチケットを回収後一度...",False,2026-08
knbc0fwebe,1787488877452,acees-arena-tour-v,2026-08-29,17:30,Asueアリーナ大阪,electronic,female,同行,ゆ,5.0,,同行,2026-08-23 12:41:17,2026-08-27 10:01:13,,listing,1,45000,"重複なし当方との同行です
作間担不可/20歳以上の日本人女性のみ可
初期当選/下3桁開示可/該当名義
有効期限内/変更ボタン有
開場時間を目安に入場口付近に集合
遅刻された場合はお待ちせず入場する場合がございます、その際も受け取り連絡はして頂きます
ランダムエラー等で入場できなかった場合、返金不可、代替えのチケットの用意も致しません
公演中止以外の返金は致しません
本人確認対応不可名義です
買い手様都合のキャンセルは如何なる理由でもお受けしません
必ず当日来られる方が購入ください
以上の条件を快諾いただける方のみ
プラベート出品ページを作りますので購入希望の方は担当とおおまかな年齢をコメントくださいませ",True,2026-08
sold_acees-arena-tour-v_1787049258439_7999,1787049258439,acees-arena-tour-v,2026-08-29,17:30,Asueアリーナ大阪,electronic,none,ランダム配布,,,,,2026-08-18 10:34:18,2026-08-27 10:01:13,2026-08-27 07:17:28,sold,1,7999,"❤️29日両部まとめ買い歓迎❤️
❤️2.0ですり替えなしランダム❤️
❤️中相場買取可❤️
⚠️購入後に必ず電話番号を送信してください
同時入場後、当方が座席...",False,2026-08
sold_acees-arena-tour-v_1787460229599_38000,1787460229599,acees-arena-tour-v,2026-08-29,17:30,Asueアリーナ大阪,electronic,female,同行,,,,,2026-08-23 04:43:49,2026-08-27 10:01:13,2026-08-27 07:17:28,sold,1,38000,情報局先行/座席未定/着ブロ希望なし/注釈なし/2名義中2番手/すり替えなし/初期当選/会員有効期限内/該当名義(変更ボタンあり)/Pay-easy払い/会員番...,False,2026-08
ai0cqr42v8,1786719926173,acees-arena-tour-v,2026-08-29,17:30,Asueアリーナ大阪,electronic,female,同行,かな,4.9,,ランダム,2026-08-14 15:05:26,2026-08-27 10:01:13,,listing,1,9999,"ランダム配布でのお渡しです
・円滑な取引のため、ご購入後取引連絡にてお電話番号のご提示をお願いいたします。
・当日開場30分前に会場付近で集合し、同時入場させて頂きます。詳しい待ち合わせ時間や場所は連絡ボードにてご連絡させて頂きます。
・待ち合わせの際は時間厳守でお願いいたします。遅刻の場合先に入場いたしますがその際も受取連絡はして頂きます。お時間に余裕を持って会場へお越しいただくようお願い致します。
・重複当選のため、こちらで座席を選択させて頂きます。ご購入様に座席の選択権はございません。ランダム配布のため座席は未定です。
・当日代表者として入場をお願いする場合がございます。その際はQRと引き換えに身分証をお預かりさせて頂く場合がございます。チケットの回収のタイミングにてお返し致します。
・入場後一度チケットを全て回収し、解散致します。当方が座席を選択した後再集合し、お譲りするチケットを開演5分前までにお渡し致します。なるべく早くお渡しできるように努めますが、チケットをお渡しするまでにお時間をいただく場合がございます。
・チケットのお渡しと引き換えにその場で受取連絡をして頂きます。その場でしていただけない場合はチケットをお渡しできませんのでご了承ください。
・本人確認、ランダムエラー等公演中止以外での返金対応は致しません。如何なる場合も受取連絡して頂きます。
・検温等で入場いただけなかった場合やその他購入者様の健康管理不十分にて入場頂けなかった場合、入場後のトラブルの責任は取れません。日本人女性の方でお願い致します。
・代理購入はお控えください。
ご購入後は上記の説明事項に同意されたものとみなします。ご購入様からの条件の提示にはお受けできません",True,2026-08
fth07pk67u,1787649341129,acees-arena-tour-v,2026-08-29,17:30,Asueアリーナ大阪,electronic,female,同行,M,4.9,,ランダム,2026-08-25 09:15:41,2026-08-27 10:01:13,,listing,1,8500,"【少人数ランダム配布】
【条件あり】
必ず最後まで注意事項をご確認の上、問題がなければご購入お手続きをお願い致します。
※プライベート出品いたしますので、ご購入前にメッセージをお願いいたします。
・複数名義所持のため、人数が揃い次第同時入場後一度全てのチケットを回収し、こちらが選ばなかったチケットをランダムでお渡し致します。 ご自身での座席選択は一切出来かねますので、ご了承ください。またお座席に関するクレームも一切お受け出来ません。
・当日は会場付近にて、開場時間の30分前に集合して頂きます。集合時間や場所につきましては、公演日前日までに連絡ボードにてご連絡致します。必ず集合時間厳守でお願いします。 交通機関の遅延、遅刻等いかなる場合でも、時間を過ぎた場合は先に入場させていただきます。 その場合も、返金・キャンセルは受け付けられず受取通知は行なって頂くことになりますのでお時間に余裕を持って集合をお願い致します。
・会場内でのご連絡の為に、こちらからの連絡を待たずにご購入後連絡ボードにてお名前（ニックネーム）・電話番号をお知らせください。
・入場に際して、トラブル防止のため一時的に公的身分証明証をお預かりさせていただく場合がございますので、必ず当日お持ちいただきますようお願い致します。 そちらを中の見えない封筒に入れ、ご購入者様の目の前で封を致します。 トラブル等ない限り、こちらで開けることはございませんのでご安心ください。 入場後、チケット回収のタイミングでご返却致します。
・入場後は一旦解散しますのでその間はご自由にお過ごし下さい。再集合しチケットをお渡しさせていただきますので、中でのご連絡がお取り出来る方でお願い致します。配布時間は5-10分前になります。
・遅刻や検温等による体調不良など如何なる場合も落札後のキャンセルは受付致しかねます。 本人確認やランダムエラーにより、入場出来なかった際のご返金は出来かねますので予めご了承ください。 公演中止以外は如何なる場合も返金対応は致しません。
・録音・録画・盗撮などマナー違反をされる方のご購入はお控えください。違反行為が発覚した場合は然るべき措置を取らせて頂きます。
・トラブル防止のため代理購入不可となります。必ずご入場されるご本人様がご購入ください。
上記デジタルチケット、ランダム配布のお取引をご理解頂ける日本人女性の方のみ、ご購入をお願い致します",True,2026-08
diagiwietw,1787728525808,acees-arena-tour-v,2026-08-29,17:30,Asueアリーナ大阪,electronic,female,同行,S,4.9,,ランダム,2026-08-26 07:15:25,2026-08-27 10:01:13,,listing,2,18000,"2連ランダム配布 指定席チケット
開場30分前程度に会場付近で待ち合わせ、同時入場していただきます。
複数名義所持しております。同時入場をしてチケットを回収後一度解散し、開演5~10分前にランダムで配布致します。指定席のチケットをお渡し致します。立見は含みません。2枚購入は連番をお渡しします。
当日お取引をスムーズに進めさせていただくため電話番号のご提示をお願いしております。
集合時間過ぎても来ない場合は待たずに入場しますが、受取連絡はして頂きます。
チケットをお渡し後はその場で受取連絡をお願い致します。
代理購入不可。購入者様本人が待ち合わせにお越しください。
公演中止の際は規約に基づきご返金致します。
公演中止以外（本人確認・ランダムエラー・体調不良・交通機関の遅延・一部出演者不在等）で返金及びキャンセル対応はできません。
日本人女性の方のみご購入ください。",True,2026-08
een32yfhi6,1787814014060,acees-arena-tour-v,2026-08-29,17:30,Asueアリーナ大阪,electronic,female,QRコード共有,,,,,2026-08-27 07:00:14,2026-08-27 10:01:13,2026-08-27 09:01:06,sold,2,41000,"QRごと/ 該当名義/有効期限内変更ボタン有/着ブロ希望なし/下3桁提示/初期当選/ペイジー決済

同行者登録任せます。
ログイン情報は公演日の2日前にお伝えさ...",False,2026-08
sold_acees-arena-tour-v_1787271632183_8400,1787271632183,acees-arena-tour-v,2026-08-29,17:30,Asueアリーナ大阪,electronic,female,【条件あり】当日手渡し/座席未定/ランダム配布/有効会員,,,,,2026-08-21 00:20:32,2026-08-27 10:01:13,2026-08-27 07:17:28,sold,1,8400,"《開場30分前集合予定》

※レビュー(評価4.8以上)ある方のみ申請下さい。
※購入時のコメント不要です。
★購入後に当日連絡のつくお電話番号と氏名(苗字)を...",False,2026-08
sold_acees-arena-tour-v_1787107601997_8300,1787107601997,acees-arena-tour-v,2026-08-29,17:30,Asueアリーナ大阪,electronic,female,【条件あり】当日手渡し/座席未定/ランダム配布/有効会員,,,,,2026-08-19 02:46:41,2026-08-27 10:01:13,2026-08-27 07:17:28,sold,1,8300,"《開場30分前集合予定》

※レビュー(評価4.8以上)ある方のみ申請下さい。
※購入時のコメント不要です。
★購入後に当日連絡のつくお電話番号と氏名(苗字)を...",False,2026-08
sold_acees-arena-tour-v_1786328780253_7900,1786328780253,acees-arena-tour-v,2026-08-29,17:30,Asueアリーナ大阪,electronic,female,ランダム,,,,,2026-08-10 02:26:20,2026-08-27 10:01:13,2026-08-27 07:17:28,sold,1,7900,"当日、開場30分前に会場付近にて時間厳守で待ち合わせ可能な方。詳細は公演日数日前に追ってご連絡致します。
遅刻の可能性がある場合は迅速に到着時間と遅刻時間をご連...",False,2026-08
ygqbvrfjp2,1787622747441,acees-arena-tour-v,2026-08-29,17:30,Asueアリーナ大阪,electronic,female,公演前日にログイン情報提示,a,5.0,,QR,2026-08-25 01:52:27,2026-08-27 10:01:13,,listing,2,48000,"有効期限内/非該当/重複すり替えなし/下3桁提示可能
制作開放席当選時のお譲りです。
当選時にご購入希望の方は、価格交渉にて金額記載の上ご連絡お願いいたします。
購入希望者が複数名おられます場合は最高額をご提示された方にお譲り致しますので、掲示価格は最高額に都度変更いたします。
サイチェン可能ですが、名義が潰れるような行為は行わないようお願いいたします。
公演中止の場合のみ手数料を差し引いた金額を返金致します。",True,2026-08
d4mvzhp1ir,1787725939980,acees-arena-tour-v,2026-08-29,17:30,Asueアリーナ大阪,electronic,female,同行,S,4.9,,ランダム,2026-08-26 06:32:19,2026-08-27 10:01:13,,listing,2,28000,"⭐️重複ありすり替えなしFC枠のみランダム配布
下3桁可
開場30分前程度に会場付近で待ち合わせ、同時入場していただきます。
複数名義所持しております。同時入場をしてチケットを一度回収後解散せず、こちらが選んだ座席をすり替えなしで配布致します。購入者様は座席をお選びいただけません。立見は含まず、必ず指定席のチケットをお渡し致します。2枚購入は連番をお渡しします。
また、当日お取引をスムーズに進めさせていただくため電話番号のご提示をお願いしております。
集合時間過ぎても来ない場合は待たずに入場しますが、受取連絡はして頂きます。
チケットをお渡し後はその場で受取連絡をお願い致します。
代理購入不可です。購入者様本人が待ち合わせにお越しください。
公演中止の際は規約に基づきご返金致します。
公演中止以外（本人確認・ランダムエラー・体調不良・交通機関の遅延・一部出演者不在等）で返金及びキャンセル対応はできません。
日本人女性の方のみご購入ください。",True,2026-08
sold_acees-arena-tour-v_1787209978703_46000,1787209978703,acees-arena-tour-v,2026-08-29,17:30,Asueアリーナ大阪,electronic,female,入金後3時間以内にQRコード共有,,,,,2026-08-20 07:12:58,2026-08-27 10:01:13,2026-08-27 07:17:28,sold,2,46000,"情報局先行 初期当選 ACEes 佐藤龍我名義 指定席 2枚申し込み QRごとのお譲り 条件ご
ざいません 座席未定

情報局先行 ２枚申込みでの当選
都合によ...",False,2026-08
sold_acees-arena-tour-v_1787155527092_8300,1787155527092,acees-arena-tour-v,2026-08-29,17:30,Asueアリーナ大阪,electronic,female,【条件あり】当日手渡し/座席未定/ランダム配布/有効会員,,,,,2026-08-19 16:05:27,2026-08-27 10:01:13,2026-08-27 07:17:28,sold,1,8300,"《開場30分前集合予定》

※レビュー(評価4.8以上)ある方のみ申請下さい。
※購入時のコメント不要です。
★購入後に当日連絡のつくお電話番号と氏名(苗字)を...",False,2026-08
sold_acees-arena-tour-v_1785791964267_9000,1785791964267,acees-arena-tour-v,2026-08-29,17:30,Asueアリーナ大阪,electronic,none,ランダム配布,,,,,2026-08-03 21:19:24,2026-08-27 10:01:13,2026-08-27 07:17:28,sold,1,9000,"公演当日、16:00前後に会場付近にて待ち合わせし、同時入場していただきます。
詳しい待ち合わせ時間・場所等は、前日にお知らせします。
必ず時間厳守でお願いいた...",False,2026-08
sold_acees-arena-tour-v_1785681447256_25000,1785681447256,acees-arena-tour-v,2026-08-29,17:30,Asueアリーナ大阪,electronic,female,同行,,,,,2026-08-02 14:37:27,2026-08-27 10:01:13,2026-08-27 07:17:28,sold,1,25000,"⭐️本確対応可⭐️早渡し
少人数制ランダム配布

質問等ございましたらお気軽にコメントください。

・開演時間の20-30分前までにチケットをお渡しいたします。...",False,2026-08
u84jw46tix,1787733702135,acees-arena-tour-v,2026-08-29,17:30,Asueアリーナ大阪,electronic,female,同行,Momokkkka,4.8,,ランダム,2026-08-26 08:41:42,2026-08-27 10:01:13,,listing,2,20000,"チケットを複数所持しています。
ランダム配布になります。
入場後はチケットを回収して、選べさせていただきます。買い様は座席を選べません。
入場後は一旦解散する場合もあります。
チケットをお渡しするのにお時間を頂く可能性がございます。
チケットをお渡しした際にその場で受取通知をお願いいたします。
開場15分前(予定)に会場付近で待ち合わせし、同時入場して頂きます。
詳しい時間、場所は前日メッセージボードからお伝えいたします。
複数人で待ち合わせを致しますので遅刻厳禁でお願いいたします。
公演中止の場合は手数料を差し引いた金額を返金します。
当日の体調不良、本人確認やシステムエラーなどの返金は致しませんので、ご了承下さい。
座席等のクレームは一切お受け致しません。
ご了承いただける方のみご購入をお願いします。",True,2026-08
sold_acees-arena-tour-v_1787719172834_42000,1787719172834,acees-arena-tour-v,2026-08-29,17:30,Asueアリーナ大阪,electronic,female,公演日前日にログイン情報の共有,,,,,2026-08-26 04:39:32,2026-08-27 10:01:13,2026-08-27 07:17:28,sold,2,42000,"座席未定/重複すり替えなし/初期当選/着ブロ希望なし/該当名義/変更ボタン有/下3桁提示可/有効期限内

公演前日１８時以降にQR表示に必要なログイン情報をお伝...",False,2026-08
sold_acees-arena-tour-v_1787284745614_44000,1787284745614,acees-arena-tour-v,2026-08-29,17:30,Asueアリーナ大阪,electronic,female,公演日前日にログイン情報,,,,,2026-08-21 03:59:05,2026-08-27 10:01:13,2026-08-27 07:17:28,sold,2,44000,"情報局先行初期当選/有効期限内/該当名義/QR毎のお譲り/変更ボタンあり/郵送物戻りなし/着ブロ指定なし/下3桁提示可能/座席未定

過去のエラーはございません...",False,2026-08
6ra08skvzl,1787544933635,acees-arena-tour-v,2026-08-29,17:30,Asueアリーナ大阪,electronic,female,入金後3時間以内にQRコード共有,ユカ,5.0,,QR,2026-08-24 04:15:33,2026-08-27 10:01:13,,listing,2,43000,"情報局先行 ACEes 浮所飛貴名義 初期当選 指定席 2枚申し込み QRごとのお譲り 条件ございません 座席未定
情報局先行 ２枚申込みでの当選しました。
１回目の申し込みで当選しました。
席種：指定席になります。
復活当選、制作開放、立見指定ではございません。
ACEes 浮所飛貴名義(変更ボタンあり)
会員番号９１万番台～１０３万番台の間
有効会員です。
複数当選ございません。この公演のみ当選になります。
支払い方法ペイジー選択にて
銀行ATMにて現金でお支払いも完了しております。
QRコードごとのお譲りになります。条件もございません。
同行者登録は購入者様のほうでお願い致します。
QRコード表示に必要な会員番号、パスワードをお知らせさせていただきます。
公演中止以外での返金は致しかねます。ご了承ください。
公演中止の場合は、手数料を差し引いたを金額を返金させていただきます。",True,2026-08
gnafx8iygt,1787209191359,acees-arena-tour-v,2026-08-29,17:30,Asueアリーナ大阪,electronic,female,ランダム配布,lt,5.0,,ランダム,2026-08-20 06:59:51,2026-08-27 10:01:13,,listing,2,22000,【エラーで入場できなかった場合のみ返金します。】当日会場付近にて開場時間の20分前までにお待ち合わせ予定になります。【2枚でご購入された場合は必ず2連でチケットをお渡しします】同時入場後、ランダムにチケットをお渡しいたしますので、購入者様に座席の選択権はございません。入場後チケットをお渡しする際にその場で受け取り連絡をお願いいたします。理由問わず集合時間に遅刻、買い手様都合(出演者変更含む)のキャンセルなど公演中止以外一切返金対応出来かねます。エラー以外は必ず受け取り連絡していただきますのでご了承よろしくお願いいたします。代理購入不可。男性購入不可(同行者が男性の場合も購入不可)。代理購入だと発覚した場合や全て女性名義のため男性と発覚した場合お取引中止とさせていただきます。ご購入は当日連絡がスムーズに取れる方、上記条件をご理解いただき、時間厳守でお取引可能な日本人女性の方に限ります。,True,2026-08
eub73nq3q7,1787163796856,acees-arena-tour-v,2026-08-29,17:30,Asueアリーナ大阪,electronic,female,同行,S,4.9,,ランダム,2026-08-19 18:23:16,2026-08-27 10:01:13,,listing,1,11000,"ランダム配布 指定席チケット
開場30分前程度に会場付近で待ち合わせ、同時入場していただきます。
複数名義所持しております。同時入場をしてチケットを回収後一度解散し、開演5~10分前にランダムで配布致します。指定席のチケットをお渡し致します。立見は含みません。
当日お取引をスムーズに進めさせていただくため電話番号のご提示をお願いしております。
集合時間過ぎても来ない場合は待たずに入場しますが、受取連絡はして頂きます。
チケットをお渡し後はその場で受取連絡をお願い致します。
代理購入不可。購入者様本人が待ち合わせにお越しください。
公演中止の際は規約に基づきご返金致します。
公演中止以外（本人確認・ランダムエラー・体調不良・交通機関の遅延・一部出演者不在等）で返金及びキャンセル対応はできません。
日本人女性の方のみご購入ください。
プライベート出品対応可能です。",True,2026-08
fzezmtfmg3,1787812716374,acees-arena-tour-v,2026-08-29,17:30,Asueアリーナ大阪,electronic,female,3名義中2番手,a,5.0,,,2026-08-27 06:38:36,2026-08-27 10:01:13,,listing,2,52000,"情報局先行/初期当選/3名義中2番手
有効期限内該当名義(変更ボタンあり)
着ブロ希望なし/すり替えなし(下3桁提示可能)
2連×3名義所持。同時入場後に一旦全てのチケットを回収しこちらで1名義分選択後、残りの2名義から1名義分お選び頂きます。
バラで購入された場合は連番になるよう買い手様同士でご相談の上お選び下さい。
すり替えはいたしませんので、ご希望であれば事前に全ての会員番号下3桁提示可能です。
成人済みの日本人女性のみご購入をお願いします。
入場やチケットの配布までにお待ち頂く場合がありますので、ご了承頂ける方のみご購入下さい。
遅刻された場合は先に入場させて頂く場合がありますので、時間厳守でお願いいたします。
公演中止の場合のみ、取引中止・手数料を引いた金額を返金いたします。
公演当日、会場付近で待ち合わせし同時入場していただきます。集合は16:30頃を予定しております。詳しい待ち合わせ場所等詳細は決まり次第お伝えいたします。",True,2026-08
sold_acees-arena-tour-v_1786778179518_33000,1786778179518,acees-arena-tour-v,2026-08-29,17:30,Asueアリーナ大阪,electronic,female,同行,,,,,2026-08-15 07:16:19,2026-08-27 10:01:13,2026-08-27 07:17:28,sold,1,33000,"2名義中2番手(2連中1枚)
情報局先行/該当名義のみ/初期当選/有効期限内/変更ボタンあり/下3桁提示可/すり替えなし

・公演当日、開場15分前を目安に会場...",False,2026-08
ehqv59jwmk,1785839850606,acees-arena-tour-v,2026-08-29,17:30,Asueアリーナ大阪,electronic,female,公演前日QRコード共有,な,5.0,,QR,2026-08-04 10:37:30,2026-08-27 10:01:13,,listing,2,48000,初期当選/該当名義/変更ボタン有/有効期限内/すり替えなし/着ブロ希望なし/下3桁提示可/同行者登録可,True,2026-08
sold_acees-arena-tour-v_1787803031204_6000,1787803031204,acees-arena-tour-v,2026-08-29,17:30,Asueアリーナ大阪,electronic,none,ランダムエラー返金 ランダム配布 条件あり,,,,,2026-08-27 03:57:11,2026-08-27 10:01:13,2026-08-27 07:17:28,sold,1,6000,"・16:00頃お待ち合わせ予定

・複数名義所持しているため発券後チケットを一旦回収し、座席を選択させて頂きます。開演前までにお渡し予定です。

・個人都合によ...",False,2026-08
sold_acees-arena-tour-v_1787268142373_8000,1787268142373,acees-arena-tour-v,2026-08-29,17:30,Asueアリーナ大阪,electronic,female,同行,,,,,2026-08-20 23:22:22,2026-08-27 10:01:13,2026-08-27 07:17:28,sold,2,8000,"

【条件あり】ランダム配布/連番確約ではございません/ランダムエラーの際返金させていただきます

複数名義所持のため座席選択の条件付きになります。以下の内容を...",False,2026-08
sold_acees-arena-tour-v_1787729396503_9100,1787729396503,acees-arena-tour-v,2026-08-29,17:30,Asueアリーナ大阪,electronic,female,同行,,,,,2026-08-26 07:29:56,2026-08-27 10:01:13,2026-08-27 07:17:28,sold,1,9100,"少人数 ランダム配布 指定席
16:20頃の待ち合わせ予定当日は同時入場後にチケットを回収し、一度解散となります。その後、開演5〜10分前を目安にランダムで指定...",False,2026-08
sold_acees-arena-tour-v_1787037741096_68000,1787037741096,acees-arena-tour-v,2026-08-29,17:30,Asueアリーナ大阪,electronic,female,公演前日までにQRコード共有,,,,,2026-08-18 07:22:21,2026-08-27 10:01:13,2026-08-27 07:17:28,sold,1,68000,"QR毎/初期当選/重複すり替えなし/該当名義選（変更ボタンあり）/下3桁提示可/有効期限内/着ブロ希望なし

公演日前日までに連絡ボードにてログインに必要な情報...",False,2026-08
1djjzgl9qq,1787756620773,acees-arena-tour-v,2026-08-29,17:30,Asueアリーナ大阪,electronic,female,同行,u,5.0,,ランダム番手,2026-08-26 15:03:40,2026-08-27 10:01:13,,listing,2,29000,"★指定席のみすり替えなし★
すり替えなし、ランダム配布です。
下記全てお読み頂き、なにかご不明点ございましたらコメント欄までお願いいたします。
ご購入者様はチケットの選択ができません。
開場の30分前待ち合わせ予定です。
また、QR表示の為端末をお借りする場合がございます。（その際一時的に身分証をお預かりする場合がございますのでご了承下さい）
入場後は解散せずその場でチケット確認し、お渡しします。その際に受け取り評価をお願いします。
ランダムエラーや遅刻、体調不良等など公演中止以外のいかなる場合も返金不可です。集合時間に遅れた場合も必ず受け取りして頂きます。日本語のわかる女性のみ購入お願いいたします。",True,2026-08
sold_acees-arena-tour-v_1786501023640_46000,1786501023640,acees-arena-tour-v,2026-08-29,17:30,Asueアリーナ大阪,electronic,female,公演日1日前までにQRコード共有,,,,,2026-08-12 02:17:03,2026-08-27 10:01:13,2026-08-27 07:17:28,sold,2,46000,2連 QRごとのお譲り、初期当選、複数当選なし、該当名義有効期限内変更ボタンあり着ブロ希望なし。発送物戻りなし。ペイジー決済。日本人以外の方は購入を御遠慮くださ...,False,2026-08
sold_acees-arena-tour-v_1787451072863_8500,1787451072863,acees-arena-tour-v,2026-08-29,17:30,Asueアリーナ大阪,electronic,female,同行,,,,,2026-08-23 02:11:12,2026-08-27 10:01:13,2026-08-27 07:17:28,sold,2,8500,"

【条件あり】ランダム配布/連番確約ではございません/ランダムエラーの際返金させていただきます

複数名義所持のため座席選択の条件付きになります。以下の内容を...",False,2026-08
94cuesp1qw,1787060179087,acees-arena-tour-v,2026-08-29,17:30,Asueアリーナ大阪,electronic,female,同行,り,5.0,,ランダム記載あり,2026-08-18 13:36:19,2026-08-27 10:01:13,,listing,1,8500,"【複数名義所持ランダム配布】になります
以下の内容をご理解頂ける方のみご購入お願いします
【条件】
・ご一緒に入場頂くチケットは同一クレカ決済無し、有効期限内のみ。
・複数名義所持のため一度チケットを全て回収しこちらで座席選択後、「ランダム」でチケットをお渡し致します。
【入場、待ち合わせについて】
・詳しい待ち合わせ時間・場所等は追ってご連絡致しますが、開場時刻より前(45分前頃)に集合し、同時入場致します。集合時間が変更になる場合もあるので、お時間に余裕がある方のみ購入ください。
・基本的に入場の際に必要な端末はこちらで用意致しますが、QRコードの表示にご協力頂く場合がございます。
・トラブル・持ち逃げ防止のため身分証を一時的にお預かりする場合がございますので必ずお持ち頂くようにお願い致します。
・会場内でスムーズな連絡のやり取りのために、電話番号（場合によっては氏名も）を伺うことがあります。
・待ち合わせ時刻に大幅に遅れた場合は先に入場させて頂きます。
【チケットについて】
・複数名義所持しているため全名義発券後、チケットは当方が座席選択を行った後にお渡し致します。その際お時間を頂く場合がございますが、開演5分前まで(もしくはお約束した時刻まで)に電話又はメッセージでお呼び出しし、ランダムにチケットをお渡しします。座席選択権はございません。
･座席へのクレーム(立ち見、制作開放等)は一切受け付けません。
【その他の注意事項】
・名義数についてお答えすることは出来ません。
・本人確認やシステムエラー、体調不良等の公演中止以外の理由では一切返金致しませんのでご了承ください。必ず受取評価して頂きます。
・購入者都合のキャンセルは如何なる場合でも一切受け付けません。万が一キャンセルのお申し出があった場合も必ず受取評価して頂きます。
・トラブル防止のため代理購入はお辞めください。必ず当日入場されるご本人がご購入下さい。
・日本語の通じる日本人女性および、こまめに連絡の取れる方のみご購入ください。
・その他当日の状況によって臨機応変にこちらの指示に御協力いただける方
上記をご確認の上、御理解いただける方のみご購入ください。",True,2026-08
w48gduajyb,1786892779824,acees-arena-tour-v,2026-08-29,17:30,Asueアリーナ大阪,electronic,none,同行,さく,5.0,,番手同行,2026-08-16 15:06:19,2026-08-27 10:01:13,,listing,2,44000,"必ず最後までお読みになり、ご理解いただける方のみ購入をご検討ください。
記載事項以外の対応は一切いたしません。
FC初期当選、公演当日も有効期限内
2連×2名義当選しており、2名義中2番手のお譲りです。
代理購入不可。必ずこちらと同時入場されるご本人様が購入され、2名揃った上で待ち合わせ場所へお越しください。
入場の際に購入者様のスマホをお借りしてQR表示及び代表入場をお願いする可能性もございますのでご協力お願いいたします。
入場するまで座席はわかりません。座席位置に関するクレームやそれを理由にした値下げ交渉、送金停止はおやめください。
入場後は一旦すべてのチケットを回収し、座席選択させていただきます。
こちらが選ばなかったお席をお渡ししますので購入者様に座席を選ぶ権利はございません。
こちらからお渡しするお席を開示しましたら、その場で受取連絡をお願いいたします。
お取引は日本語で円滑にコミュニケーションが取れる20歳以上の女性かつ、会場内で録音や盗撮などの違反行為をされない方に限ります。
なお、受取連絡完了後はご自由にして頂いて構いません。
公演当日は開場15分前ごろを目安に会場付近のこちらが指定した場所で待ち合わせの上、同時入場していただきます。
指定の待ち合わせ時刻に間に合わず、入場出来なかった場合でも受取連絡は必ずして頂きますのでご了承ください。
本人確認やランダムエラー等、何らかの事情により当日ご入場もしくは最後までご鑑賞頂けなかった場合や、購入者様のお目当てのメンバーが不在でも返金はございません。
よろしくお願いいたします。",True,2026-08
sold_acees-arena-tour-v_1786269008499_47000,1786269008499,acees-arena-tour-v,2026-08-29,17:30,Asueアリーナ大阪,electronic,female,公演日前日にQRコード共有,,,,,2026-08-09 09:50:08,2026-08-27 10:01:13,2026-08-27 07:17:28,sold,2,47000,"情報局先行、初期当選 、該当名義(変更ボタン有)、有効期限内、下3桁提示可
着ブロ希望なし
QR毎でのお譲りとなります。

公演前日に、連絡ボードにてログインに...",False,2026-08
sold_acees-arena-tour-v_1785856748274_9000,1785856748274,acees-arena-tour-v,2026-08-29,17:30,Asueアリーナ大阪,electronic,female,【条件あり】当日手渡し/座席未定/ランダム配布/有効会員,,,,,2026-08-04 15:19:08,2026-08-27 10:01:13,2026-08-27 07:17:28,sold,1,9000,"《開場30分前集合予定》

※レビュー(評価4.8以上)ある方のみ申請下さい。
※購入時のコメント不要です。
★購入後に当日連絡のつくお電話番号と氏名(苗字)を...",False,2026-08
onhe4eo1tf,1787379273059,acees-arena-tour-v,2026-08-29,17:30,Asueアリーナ大阪,electronic,female,同行,✩,5.0,,ランダム,2026-08-22 06:14:33,2026-08-27 10:01:13,,listing,2,25000,"当日は開場時間の15~30分前頃にこちらが指定した場所に集合していただき同時入場後、先に当方が座席選択した後チケットをランダムにお渡しします。座席は選択できません。
・チケット受取時に必ず受取確認をお願い致します。
・当日は集合時間を必ず守ってください。集合時間に遅れた場合、到着を待たずに入場する可能性があります。その場合も受け取り通知はして頂きます。集合時間、場所は当日又は前日にお知らせ致します。開場は開演1時間前になるため余裕を持って来場できる方のみ購入をお願いします。
・チケット持ち逃げ防止のために集合時に身分証をお預かりさせて頂く場合がございます。
・2連購入の方には入場時に分かれていただく場合がございますが、中で合流し必ず連番でのお席をお渡し致します。
・買い手様の都合によるキャンセルはいかなる場合もできません。
・座席未定のため座席に関するクレームは一切受け付けません。
・チケットの選択にお時間をいただく可能性がございます。
・同行者登録にご協力いただく場合がございます。
・公演中止以外での返金は致しません。
・ランダムエラーや本人確認、コロナ感染予防対策による入場規制等万が一の入場トラブルは対応致しかねますことご了承ください。入場できなかった場合も受け取り通知はして頂きます
・日本語のわかる方のみご購入お願いいたします。
指定席のみのランダム配布",True,2026-08
jctvpqkhg9,1787649282431,acees-arena-tour-v,2026-08-29,17:30,Asueアリーナ大阪,electronic,female,公演日開場時刻　12時間前までにQRコード共有,O,5.0,,QR,2026-08-25 09:14:42,2026-08-27 10:01:13,,listing,2,41500,"QR毎/非該当名義/初期当選/有効期限内/変更ボタン有/座席未定/着ブロ指定なし/同行者登録可能/下3桁提示可能
公演前日迄にログインに必要な情報をお送り致します。
同行者登録、同意チェックは買い手様ご自身でお願い致します。
入場後は開演前までにログアウト、入場済の連絡をお願いいたします。
公演中止の際のみ手数料を差し引いた額をご返金させていただきます。その他ランダムエラーや本人確認等いかなる場合も返金不可となります。",True,2026-08
sold_acees-arena-tour-v_1785754528749_8790,1785754528749,acees-arena-tour-v,2026-08-29,17:30,Asueアリーナ大阪,paper,female,当日手渡し,,,,,2026-08-03 10:55:28,2026-08-27 10:01:13,2026-08-27 07:17:28,sold,2,8790,専用出品,False,2026-08
sold_acees-arena-tour-v_1786297011006_7800,1786297011006,acees-arena-tour-v,2026-08-29,17:30,Asueアリーナ大阪,electronic,female,【条件あり】当日手渡し/座席未定/ランダム配布/有効会員,,,,,2026-08-09 17:36:51,2026-08-27 10:01:13,2026-08-27 07:17:28,sold,1,7800,"《開場30分前集合予定》

※レビュー(評価4.8以上)ある方のみ申請下さい。
※購入時のコメント不要です。
★購入後に当日連絡のつくお電話番号と氏名(苗字)を...",False,2026-08
msbk77j5o1,1787799609522,acees-arena-tour-v,2026-08-29,17:30,Asueアリーナ大阪,electronic,female,同行,えふ,5.0,,番手同行,2026-08-27 03:00:09,2026-08-27 10:01:13,,listing,2,35000,"※2名義中2番手
初期当選／該当名義／有効期限内／すり替えなし／会員番号下3桁提示可
公演当日は開場前に会場付近にて待ち合わせをお願いいたします。
入場後、座席確認・選択のため一度チケットをお預かりいたします。
お渡しまでお時間をいただく場合がございますが、1番手の座席選択後、すり替えなしで2番手のお席をお渡しいたします。
チケットお渡し後に受取連絡をお願いいたします。
お席に関するクレーム・評価等はお受けいたしかねます。
また、公演中止の場合を除き、本人確認・システムエラー・体調不良・交通機関の遅延等、いかなる理由でも返金対応はいたしかねますので、あらかじめご了承ください。
上記内容をすべてご理解・ご了承いただける成人の日本人女性の方のみ、ご連絡をお願いいたします。",True,2026-08
sold_acees-arena-tour-v_1786095010035_47000,1786095010035,acees-arena-tour-v,2026-08-29,17:30,Asueアリーナ大阪,electronic,female,入金後3時間以内にQRコード共有,,,,,2026-08-07 09:30:10,2026-08-27 10:01:13,2026-08-27 07:17:28,sold,2,47000,"情報局先行 ACEes 佐藤龍我名義 初期当選 指定席 2枚申し込み QRごとのお譲り 条件ございません 座席未定

情報局先行 ２枚申込みでの当選しました。...",False,2026-08
sold_acees-arena-tour-v_1787395096128_8999,1787395096128,acees-arena-tour-v,2026-08-29,17:30,Asueアリーナ大阪,electronic,female,ランダム配布,,,,,2026-08-22 10:38:16,2026-08-27 10:01:13,2026-08-27 07:17:28,sold,1,8999,"以下ご理解いただける方のみご購入ください。
・同時入場後にチケットを回収し、座席選択後、お譲りするチケットをお渡しします。
・座席の選択はできません。また、座席...",False,2026-08
sold_acees-arena-tour-v_1787305403129_10000,1787305403129,acees-arena-tour-v,2026-08-29,17:30,Asueアリーナ大阪,electronic,female,同行,,,,,2026-08-21 09:43:23,2026-08-27 10:01:13,2026-08-27 07:17:28,sold,1,10000,"ランダム配布/座席未定

※入場の際、ランダムエラーが出ましたら手数料引いた額を返金いたします。

条件あり
・当日、16時15分頃に会場付近の指定場所にお越し...",False,2026-08
sold_acees-arena-tour-v_1787404762912_45000,1787404762912,acees-arena-tour-v,2026-08-29,17:30,Asueアリーナ大阪,electronic,female,公演日7日前までにQRコード共有,,,,,2026-08-22 13:19:22,2026-08-27 10:01:13,2026-08-27 07:17:28,sold,2,45000,"初期当選/QRごと/下3桁提示可/着席ブロック選択なし/同行者登録可能/有効期限内/該当名義変更ボタン有

・ご入金確認後下3桁ご提示させていただきます。

・...",False,2026-08
sold_acees-arena-tour-v_1785832596920_50000,1785832596920,acees-arena-tour-v,2026-08-29,17:30,Asueアリーナ大阪,electronic,female,同行,,,,,2026-08-04 08:36:36,2026-08-27 10:01:13,2026-08-27 07:17:28,sold,1,50000,"那須担不可/情報局先行・初期当選/該当名義/変更ボタン有/有効期限内/すり替えなし/下3桁提示可/着ブロ指定無し/サイチェン可

同行となるため那須担はご購入を...",False,2026-08
as1c65tahz,1786599542818,acees-arena-tour-v,2026-08-29,17:30,Asueアリーナ大阪,electronic,female,同行,Momokkkka,4.8,,ランダム,2026-08-13 05:39:02,2026-08-27 10:01:13,,listing,2,18000,"チケットを複数所持しています。
ランダム配布になります。
入場後はチケットを回収して、選べさせていただきます。買い様は座席を選べません。
入場後は一旦解散する場合もあります。
チケットをお渡しするのにお時間を頂く可能性がございます。
チケットをお渡しした際にその場で受取通知をお願いいたします。
開場15分前(予定)に会場付近で待ち合わせし、同時入場して頂きます。
詳しい時間、場所は前日メッセージボードからお伝えいたします。
複数人で待ち合わせを致しますので遅刻厳禁でお願いいたします。
公演中止の場合は手数料を差し引いた金額を返金します。
当日の体調不良、本人確認やシステムエラーなどの返金は致しませんので、ご了承下さい。
座席等のクレームは一切お受け致しません。
ご了承いただける方のみご購入をお願いします。",True,2026-08
sold_acees-arena-tour-v_1787125222826_35000,1787125222826,acees-arena-tour-v,2026-08-29,17:30,Asueアリーナ大阪,electronic,female,2名義2番手,,,,,2026-08-19 07:40:22,2026-08-27 10:01:13,2026-08-27 07:17:28,sold,2,35000,"初期当選 指定席 2名義中2番手のお譲りです。
全て有効期限内、着ブロ指定なし、変更ボタンあり該当名義、下3桁提示可能です。
当日は開場時間30分前に指定の場所...",False,2026-08
sold_acees-arena-tour-v_1787786721652_8000,1787786721652,acees-arena-tour-v,2026-08-29,17:30,Asueアリーナ大阪,electronic,female,同行,,,,,2026-08-26 23:25:21,2026-08-27 10:01:13,2026-08-27 07:17:28,sold,2,8000,"

【条件あり】ランダム配布/連番確約ではございません/ランダムエラーの際返金させていただきます

複数名義所持のため座席選択の条件付きになります。以下の内容を...",False,2026-08
sold_acees-arena-tour-v_1787629053145_40000,1787629053145,acees-arena-tour-v,2026-08-29,17:30,Asueアリーナ大阪,electronic,female,ログイン情報共有,,,,,2026-08-25 03:37:33,2026-08-27 10:01:13,2026-08-27 07:17:28,sold,2,40000,"QRごと/ 該当名義/有効期限内変更ボタン有/着ブロ希望なし/下3桁提示/初期当選/ペイジー決済

同行者登録任せます。
ログイン情報は公演日の2日前にお伝えさ...",False,2026-08
sold_acees-arena-tour-v_1787627877898_43000,1787627877898,acees-arena-tour-v,2026-08-29,17:30,Asueアリーナ大阪,electronic,female,同行,,,,,2026-08-25 03:17:57,2026-08-27 10:01:13,2026-08-27 07:17:28,sold,1,43000,"重複なし同行
本人名義/初期当選/下3桁開示可/該当名義

開場時間10分前目安に待ち合わせ予定です。
交通状況などで大幅な遅刻をされた場合お待ちせず入場する可...",False,2026-08
27dgnhfbox,1787775032447,acees-arena-tour-v,2026-08-29,17:30,Asueアリーナ大阪,electronic,female,前日までにログイン情報をお伝え致します。,あーる,5.0,,QR,2026-08-26 20:10:32,2026-08-27 10:01:13,,listing,2,60000,"該当名義/初期当選/変更ボタン有り/有効期限内
ランダムエラー等いかなる場合でも返金致しかねますので、入場後は速やかに受け取り評価をお願いいたします。",True,2026-08
sold_acees-arena-tour-v_1786797354089_48000,1786797354089,acees-arena-tour-v,2026-08-29,17:30,Asueアリーナ大阪,electronic,female,公演3日前にログイン情報お伝え,,,,,2026-08-15 12:35:54,2026-08-27 10:01:13,2026-08-27 07:17:28,sold,2,48000,"情報局先行/初期当選/QR毎/該当名義(変更ボタンあり)/有効期限内/重複すり替えなし/郵送物戻りなし/着ブロ指定なし/下3桁提示可
公演3日前にログイン情報お...",False,2026-08
sold_acees-arena-tour-v_1785943053422_8500,1785943053422,acees-arena-tour-v,2026-08-29,17:30,Asueアリーナ大阪,electronic,female,ランダム配布,,,,,2026-08-05 15:17:33,2026-08-27 10:01:13,2026-08-27 07:17:28,sold,1,8500,"【ランダム配布】
・当日はこちらが指定した時間に会場付近の指定場所に集合して頂きます。前日までに詳細を連絡ボードにてお伝えします。
・交通機関の乱れや体調不良を...",False,2026-08
ixojcnxxfn,1787305394046,acees-arena-tour-v,2026-08-29,17:30,Asueアリーナ大阪,electronic,female,ランダム配布,C,5.0,,ランダム記載あり,2026-08-21 09:43:14,2026-08-27 10:01:13,,listing,2,19000,"⭐️プラベ出品するため必ず購入前にご連絡ください⭐️
⭐︎複数名義当選のためこちらで席を選んでランダムにお渡しさせていただきます。
⭐︎買い手様には席の選択権はございません。
⭐︎買い手様に端末をお貸しいただくことがございます。その際身分証をお預かりさせていただく場合がございますのでご承知おきください。(問題がない限り当方が身分証の内容を控えたりすることはありません)
⭐︎会場20〜30分前(時間は前後する可能性があります)に当方が指定した場所にお集まりください。遅刻された場合もお待ちすることなく入場いたします。遅刻され入場できなかった場合も、受け取り連絡はしていただきますのでご注意ください。
⭐︎会場内で１度解散し、全チケットの座席を確認後、お渡しいたします。お時間をいただく可能性もありますが、必ず開演5〜10分前にはお渡しいたします。
またチケットお渡し時に、チケット受け取り評価をお願いいたします。
⭐︎会場内でスムーズにお取引するために、電話番号をお聞きいたします。必ずご本人様と連絡が取れる番号をお知らせください。
★公演中止以外、一切返金致しません。(交通機関の遅延等、体調不良、本人確認、ランダムエラー、出演者変更なども返金致しません)★
日本語が話せる日本人女性のみの購入をお願いいたします。",True,2026-08
sold_acees-arena-tour-v_1787543430489_42000,1787543430489,acees-arena-tour-v,2026-08-29,17:30,Asueアリーナ大阪,electronic,female,入金後24時間以内にQRコード共有,,,,,2026-08-24 03:50:30,2026-08-27 10:01:13,2026-08-27 07:17:28,sold,2,42000,FC先行　QRごとお譲り　初期当選　該当名義(変更ボタン有り)席種未定(着席ブロック、制作開放席ではありません)　Pay-easy決済　有効期限内名義　重複当選...,False,2026-08
sold_acees-arena-tour-v_1787447409527_8000,1787447409527,acees-arena-tour-v,2026-08-29,17:30,Asueアリーナ大阪,electronic,female,同行,,,,,2026-08-23 01:10:09,2026-08-27 10:01:13,2026-08-27 07:17:28,sold,1,8000,"少人数 ランダム配布 指定席
16:20頃の待ち合わせ予定当日は同時入場後にチケットを回収し、一度解散となります。その後、開演5〜10分前を目安にランダムで指定...",False,2026-08
2ltgj1l4nz,1787718976198,acees-arena-tour-v,2026-08-29,17:30,Asueアリーナ大阪,electronic,female,同行,poy,5.0,,ランダム,2026-08-26 04:36:16,2026-08-27 10:01:13,,listing,2,20000,"当日は開場時間の15～30分前にこちらが指定した場所に集合していただき同時入場後、先に当方が座席選択した後チケットをランダムにお渡しします。ご購入者様で座席は選択できません。
・チケット受取時に必ず受取確認をお願いいたします。
・当日は集合時間を必ず守ってください。集合時間に遅れた場合、到着を待たずに入場する可能性があります。その場合も受け取り通知はしていただきます。集合時間、場所は当日または前日にお知らせします。
・2連購入の方には入場時に分かれていただく場合がございますが、中で合流し必ず連番でのお席をお渡しします。
・買い手様の都合によるキャンセルはいかなる場合もできません。
・座席未定のため座席に関するクレームは一切受け付けません。
・同行者登録にご協力いただく場合がございます。
・公演中止以外での返金はいたしません。
ランダムエラーや本人確認、コロナ感染予防対策による入場規制等万が一の入場トラブルは対応致しかねますことご了承ください。入場できなかった場合も受け取り通知はしていただきます。
・日本語のわかる方のみご購入お願いいたします。",True,2026-08
n60rerdwok,1787544100907,acees-arena-tour-v,2026-08-29,17:30,Asueアリーナ大阪,electronic,female,同行,mh,5.0,,同行記載あり,2026-08-24 04:01:40,2026-08-27 10:01:13,,listing,1,50000,"当方（那須担）と同行
那須担不可
FC先行　初期当選　該当名義(変更ボタン有り)席種未定(着席ブロック、制作開放席なし)　Pay-easy決済　有効期限内名義　重複当選なし　郵送物戻りなし　すり替えなし(下3桁提示可能)
公演中止の際のみ規約に伴い返金対応致します。他ランダムエラー、本人確認、体調不良、買い手様ご都合で入場が遅れた場合やキャンセル等含みまして一切返金手続きは出来兼ねます。
座席に関するクレームは受け付けません。
入場後は速やかに受け取り通知を行って頂きますようお願い致します。",True,2026-08
sold_acees-arena-tour-v_1786518695397_7999,1786518695397,acees-arena-tour-v,2026-08-29,17:30,Asueアリーナ大阪,electronic,none,ランダム配布,,,,,2026-08-12 07:11:35,2026-08-27 10:01:13,2026-08-27 07:17:28,sold,1,7999,"❤️大阪全公演まとめ買い歓迎 中相場買取可❤️
⚠️購入後に必ず電話番号を送信してください
同時入場後、当方が座席選択後にお譲りするチケットをランダムにてお渡し...",False,2026-08
sold_acees-arena-tour-v_1787378523426_8499,1787378523426,acees-arena-tour-v,2026-08-29,17:30,Asueアリーナ大阪,electronic,female,ランダム配布,,,,,2026-08-22 06:02:03,2026-08-27 10:01:13,2026-08-27 07:17:28,sold,1,8499,"以下ご理解いただける方のみご購入ください。
・同時入場後にチケットを回収し、座席選択後、お譲りするチケットをお渡しします。
・座席の選択はできません。また、座席...",False,2026-08
sold_acees-arena-tour-v_1785739638048_22000,1785739638048,acees-arena-tour-v,2026-08-29,17:30,Asueアリーナ大阪,electronic,female,ランダム配布,,,,,2026-08-03 06:47:18,2026-08-27 10:01:13,2026-08-27 07:17:28,sold,2,22000,【エラーで入場できなかった場合のみ返金します。】当日会場付近にて開場時間の20分前までにお待ち合わせ予定になります。【2枚でご購入された場合は必ず2連でチケット...,False,2026-08
sold_acees-arena-tour-v_1787652430037_42000,1787652430037,acees-arena-tour-v,2026-08-29,17:30,Asueアリーナ大阪,electronic,female,公演前日にログイン情報をお伝えします。,,,,,2026-08-25 10:07:10,2026-08-27 10:01:13,2026-08-27 07:17:28,sold,2,42000,"初期当選　該当名義(変更ボタンあり)　複数公演当選なし　重複すり替えなし下3桁開示可能　有効期限内　
同行者登録は自身で行ってください。
着ブロや制作開放席では...",False,2026-08
sold_acees-arena-tour-v_1785773983995_48000,1785773983995,acees-arena-tour-v,2026-08-29,17:30,Asueアリーナ大阪,electronic,female,入金後3時間以内にQRコード共有,,,,,2026-08-03 16:19:43,2026-08-27 10:01:13,2026-08-27 07:17:28,sold,2,48000,"情報局先行 初期当選 ACEes 那須雄登名義 指定席 2枚申し込み QRごとのお譲り 条件ご
ざいません 座席未定

情報局先行 ２枚申込みでの当選
都合によ...",False,2026-08
1fj5r0rwjx,1787807002785,acees-arena-tour-v,2026-08-29,17:30,Asueアリーナ大阪,electronic,female,公演前日までにQRコード共有,ぴぷ,5.0,,QR,2026-08-27 05:03:22,2026-08-27 10:01:13,,listing,2,40000,"QR毎/初期当選/有効期限内/変更ボタン有/座席未定/着ブロ指定なし/非該当名義/同行者登録可能/下3桁提示可能
公演前日迄にログインに必要な情報をお送り致します。
同行者登録、同意チェックは買い手様ご自身でお願い致します。
入場後は開演前までにログアウト、入場済の連絡をお願いいたします。
公演中止の際のみ手数料を差し引いた額をご返金させていただきます。その他ランダムエラーや本人確認等いかなる場合も返金不可となります。",True,2026-08
sold_acees-arena-tour-v_1785943016869_8500,1785943016869,acees-arena-tour-v,2026-08-29,17:30,Asueアリーナ大阪,electronic,female,ランダム配布,,,,,2026-08-05 15:16:56,2026-08-27 10:01:13,2026-08-27 07:17:28,sold,1,8500,"【ランダム配布】
・当日はこちらが指定した時間に会場付近の指定場所に集合して頂きます。前日までに詳細を連絡ボードにてお伝えします。
・交通機関の乱れや体調不良を...",False,2026-08
sold_acees-arena-tour-v_1787712125275_17000,1787712125275,acees-arena-tour-v,2026-08-29,17:30,Asueアリーナ大阪,electronic,female,【条件あり】当日手渡し/座席未定/ランダム配布/有効会員,,,,,2026-08-26 02:42:05,2026-08-27 10:01:13,2026-08-27 07:17:28,sold,2,17000,"《開場30分前集合予定》

⚠️2連確約でお譲り致します。
※レビュー(評価4.8以上)ある方のみ申請下さい。
※購入時のコメント不要です。
★購入後に当日連絡...",False,2026-08
sold_acees-arena-tour-v_1786784806005_8000,1786784806005,acees-arena-tour-v,2026-08-29,17:30,Asueアリーナ大阪,electronic,female,同行,,,,,2026-08-15 09:06:46,2026-08-27 10:01:13,2026-08-27 07:17:28,sold,1,8000,"【複数名義所持ランダム配布】になります
以下の内容をご理解頂ける方のみご購入お願いします

【条件】
・ご一緒に入場頂くチケットは同一クレカ決済無し、有効期限内...",False,2026-08
choj8mcq06,1787660829307,acees-arena-tour-v,2026-08-29,17:30,Asueアリーナ大阪,electronic,female,同行,M,5.0,,番手,2026-08-25 12:27:09,2026-08-27 10:01:13,,listing,2,38000,"初期当選/該当/有効期限内/下3桁提示可/着ブロ指定なし/2名義中2番手
開演1時間前を目安に会場付近で待ち合わせの上、同時入場していただきます。場所と時間の詳細は、前日にご連絡いたします。
同時入場後、席確認次第、選ばなかった方のチケットをお渡しいたします。
座席に関するクレームは受け付けておりませんのでご了承ください。
お渡しと同時にその場で受取通知をお願いいたします。
遅延遅刻、体調不良、急用、システムエラー、ランダムエラー、本人確認など、公演中止以外の場合はキャンセル及び返金対応はいたしません。
上記に同意いただける成人済み日本人女性の方のみご購入ください。
代理購入不可となります。
よろしくお願いいたします。",True,2026-08
ptyclepvxo,1787799729328,acees-arena-tour-v,2026-08-29,17:30,Asueアリーナ大阪,electronic,female,同行,えふ,5.0,,番手,2026-08-27 03:02:09,2026-08-27 10:01:13,,listing,1,53000,"※2名義中1番手　※浮所担不可
初期当選／該当名義／有効期限内／すり替えなし／会員番号下3桁提示可
公演当日は開場前に会場付近にて待ち合わせをお願いいたします。
お席に関するクレーム・評価等はお受けいたしかねます。
また、公演中止の場合を除き、本人確認・システムエラー・体調不良・交通機関の遅延等、いかなる理由でも返金対応はいたしかねますので、あらかじめご了承ください。
上記内容をすべてご理解・ご了承いただける成人の日本人女性の方のみ、ご連絡をお願いいたします。",True,2026-08
sold_acees-arena-tour-v_1787803506147_8000,1787803506147,acees-arena-tour-v,2026-08-29,17:30,Asueアリーナ大阪,electronic,female,ランダム,,,,,2026-08-27 04:05:06,2026-08-27 10:01:13,2026-08-27 07:17:28,sold,1,8000,"ランダム配布 ⭐️指定のみ 中相場買取可

当日、開場30分前に会場付近にて時間厳守で待ち合わせ可能な方。
詳細は公演日数日前に追ってご連絡致します。
遅刻の可...",False,2026-08
sold_acees-arena-tour-v_1787623261606_8999,1787623261606,acees-arena-tour-v,2026-08-29,17:30,Asueアリーナ大阪,paper,female,当日手渡し,,,,,2026-08-25 02:01:01,2026-08-27 10:01:13,2026-08-27 07:17:28,sold,1,8999,"少人数 ランダム配布 指定席
16:20頃の待ち合わせ予定当日は同時入場後にチケットを回収し、一度解散となります。その後、開演5〜10分前を目安にランダムで指定...",False,2026-08
sold_acees-arena-tour-v_1787593322312_45000,1787593322312,acees-arena-tour-v,2026-08-29,17:30,Asueアリーナ大阪,electronic,female,同行,,,,,2026-08-24 17:42:02,2026-08-27 10:01:13,2026-08-27 07:17:28,sold,1,45000,"2名義中2番手　すり替え無し。初期当選。該当名義。

日本人の女性の方でお願いします。
入場の際身分証を一旦お預かりする可能性があります。
発券後一旦チケットを...",False,2026-08
sold_acees-arena-tour-v_1787562056347_8500,1787562056347,acees-arena-tour-v,2026-08-29,17:30,Asueアリーナ大阪,electronic,female,同行,,,,,2026-08-24 09:00:56,2026-08-27 10:01:13,2026-08-27 07:17:28,sold,1,8500,"ランダム配布 指定席チケット

開場30分前程度に会場付近で待ち合わせ、同時入場していただきます。
複数名義所持しております。同時入場をしてチケットを回収後一度...",False,2026-08
sold_acees-arena-tour-v_1785791999251_8000,1785791999251,acees-arena-tour-v,2026-08-29,17:30,Asueアリーナ大阪,electronic,none,ランダム配布,,,,,2026-08-03 21:19:59,2026-08-27 10:01:13,2026-08-27 07:17:28,sold,1,8000,"公演当日、16:00前後に会場付近にて待ち合わせし、同時入場していただきます。
詳しい待ち合わせ時間・場所等は、前日にお知らせします。
必ず時間厳守でお願いいた...",False,2026-08
sold_acees-arena-tour-v_1787717758648_7000,1787717758648,acees-arena-tour-v,2026-08-29,17:30,Asueアリーナ大阪,electronic,none,ランダムエラー返金 ランダム配布 条件あり,,,,,2026-08-26 04:15:58,2026-08-27 10:01:13,2026-08-27 07:17:28,sold,1,7000,"・16:00頃お待ち合わせ予定

・複数名義所持しているため発券後チケットを一旦回収し、座席を選択させて頂きます。開演前までにお渡し予定です。

・個人都合によ...",False,2026-08
l3pv82slva,1786974658798,acees-arena-tour-v,2026-08-29,17:30,Asueアリーナ大阪,electronic,female,3名義中3番手,ri,5.0,,同行番手,2026-08-17 13:50:58,2026-08-27 10:01:13,,listing,1,35000,"3名義中3番手
初期当選・該当名義（変更ボタンあり）・有効期限内・すり替えなし・下3桁提示可能
16時45分〜17時ごろ会場付近にてお待ち合わせお願いします。
同時入場し発券後、当方の選ばなかったお席をお渡しします。（購入者に座席選択権なし）
チケットお渡し後、すぐに受け取り通知をお願いいたします。必ず当日ご入場するご本人様のご購入でお願いいたします。
目の前で受取通知頂けない場合は、半券はお渡し出来ませんので、ご了承ください。
公演中止の場合のみ、返金対応可。ランダムエラー、公共交通機関による遅延、体調不良等買い手様都合のキャンセル、どのような事情でも返金対応は一切お受けできませんので予めご了承ください。
10分以上遅刻された場合は先に入場させて頂きます。
常識ある20歳以上の日本人女性のみ購入申請よろしくお願いいたします。",True,2026-08
sold_acees-arena-tour-v_1787717835305_8500,1787717835305,acees-arena-tour-v,2026-08-29,17:30,Asueアリーナ大阪,electronic,none,ランダムエラー返金 ランダム配布 条件あり,,,,,2026-08-26 04:17:15,2026-08-27 10:01:13,2026-08-27 07:17:28,sold,1,8500,"・16:00頃お待ち合わせ予定

・複数名義所持しているため発券後チケットを一旦回収し、座席を選択させて頂きます。開演前までにお渡し予定です。

・個人都合によ...",False,2026-08
sold_acees-arena-tour-v_1787210186440_48000,1787210186440,acees-arena-tour-v,2026-08-29,17:30,Asueアリーナ大阪,electronic,female,公演日前日夜までにQRコード共有,,,,,2026-08-20 07:16:26,2026-08-27 10:01:13,2026-08-27 07:17:28,sold,2,48000,/ 座席未定 / 初期当選 / QR毎 / 該当名義 / 変更ボタン有 / 重複すり替えなし / 下3桁提示可 / 有効期限内/ サイチェン不可 / 発送物戻り...,False,2026-08
sold_acees-arena-tour-v_1787196294709_15000,1787196294709,acees-arena-tour-v,2026-08-29,17:30,Asueアリーナ大阪,electronic,female,同行,,,,,2026-08-20 03:24:54,2026-08-27 10:01:13,2026-08-27 07:17:28,sold,1,15000,"【２名義以内の少人数ランダム配布】
一般以外のFC枠指定席のみ

公演当日、会場時間１５分前（１６：１５頃)に待ち合わせし同時入場していただきます。
当日は当方...",False,2026-08
sold_acees-arena-tour-v_1786271368547_11000,1786271368547,acees-arena-tour-v,2026-08-29,17:30,Asueアリーナ大阪,electronic,female,ランダム配布,,,,,2026-08-09 10:29:28,2026-08-27 10:01:13,2026-08-27 07:17:28,sold,1,11000,"⭐️少人数ランダム配布(３組以下)

同時入場後はこちらでチケットを選択後、ランダムでお渡しします。落札者様はお座席を選ぶことはできません。座席の確認のためお渡...",False,2026-08
sold_acees-arena-tour-v_1787639768011_8000,1787639768011,acees-arena-tour-v,2026-08-29,17:30,Asueアリーナ大阪,electronic,female,同行,,,,,2026-08-25 06:36:08,2026-08-27 10:01:13,2026-08-27 07:17:28,sold,2,8000,"

【条件あり】ランダム配布/連番確約ではございません/ランダムエラーの際返金させていただきます

複数名義所持のため座席選択の条件付きになります。以下の内容を...",False,2026-08
rjigthfv21,1787588283156,acees-arena-tour-v,2026-08-29,17:30,Asueアリーナ大阪,electronic,female,QR毎／クレカ支払い承認します／初期当選／事前に下3桁提示可能／非該当名義／有効期限内／すり替えなし／エラー履歴なし／着ブロ希望なし／同行者登録可,AA,5.0,,QR,2026-08-24 16:18:03,2026-08-27 10:01:13,,listing,2,40000,"公演日前日夜、QRコード表示に必要な情報を送信します。
同行者登録は全て購入者様にお任せします。
ランダムエラー、本人確認、体調不良、メンバー不在、座席へのクレーム、会場内でのトラブル含め、公演中止以外の理由での返金対応は一切いたしません。
入場後は速やかにログアウト、受け取り確認評価をしていただける方のみご購入いただけます。",True,2026-08
sold_acees-arena-tour-v_1787582226444_28000,1787582226444,acees-arena-tour-v,2026-08-29,17:30,Asueアリーナ大阪,electronic,female,同行,,,,,2026-08-24 14:37:06,2026-08-27 10:01:13,2026-08-27 07:17:28,sold,2,28000,"★指定席のみすり替えなし★


すり替えなし、ランダム配布です。
下記全てお読み頂き、なにかご不明点ございましたらコメント欄までお願いいたします。
ご購入者様は...",False,2026-08
sold_acees-arena-tour-v_1787472628245_44000,1787472628245,acees-arena-tour-v,2026-08-29,17:30,Asueアリーナ大阪,electronic,female,公演日1日前までにQRコード共有,,,,,2026-08-23 08:10:28,2026-08-27 10:01:13,2026-08-27 07:17:28,sold,2,44000,"初期当選/QRごと/下3桁提示可/着席ブロック選択なし/同行者登録可能/有効期限内/該当名義変更ボタン有

・ご入金確認後下3桁ご提示させていただきます。

・...",False,2026-08
sold_acees-arena-tour-v_1787537221957_40000,1787537221957,acees-arena-tour-v,2026-08-29,17:30,Asueアリーナ大阪,electronic,none,公演前日にQRコード共有,,,,,2026-08-24 02:07:01,2026-08-27 10:01:13,2026-08-27 07:17:28,sold,2,40000,"2連QR毎/該当名義/初期当選/有効期限内/変更ボタン有り/重複すり替えなし/着ブロ希望なし/会員番号下3桁提示可

・公演前日18時以降にログイン情報をお伝え...",False,2026-08
xgrzekur66,1787748394805,acees-arena-tour-v,2026-08-29,17:30,Asueアリーナ大阪,pickup_number,female,入金後即発券番号共有,a,5.0,,QR,2026-08-26 12:46:34,2026-08-27 10:01:13,,listing,1,28000,"一般　指定席1名券
チケット代支払い済みのため、発券番号毎のお譲りです。
セブンイレブンにて発券ください。
公演中止以外の返金不可です。
購入を希望される方は、プライベート出品に切り替えますので、お気軽にコメント等ください。",True,2026-08
7tdmftp6b2,1787417320632,acees-arena-tour-v,2026-08-29,17:30,Asueアリーナ大阪,electronic,male,公演前日にログイン情報提示,ゆ,5.0,,同行記載あり,2026-08-22 16:48:40,2026-08-27 10:01:13,,listing,2,43000,"初期当選　重複なし　すり替えなし　QRごと　条件なし　下三桁事前提示可能　期限内
過去エラー・郵便物戻りなし
同行者登録可能／該当変更ボタンあり
公演前日にログイン情報をお伝えします。
入場後は速やかに、ログアウトと受取評価のご対応をお願いいたします。公演中止の場合のみ返金いたします。座席のクレームは受付けません。体調不良、交通機関遅延、ランダムエラー等での返金は致しかねますのでご了承ください。",True,2026-08
7iw5wyxhvs,1786190087667,acees-arena-tour-v,2026-08-29,17:30,Asueアリーナ大阪,electronic,female,2名義中2番手,あ,5.0,,番手,2026-08-08 11:54:47,2026-08-27 10:01:13,,deleted,2,45000,"2名義中2番手/全て初期当選/全て該当名義/変更ボタンあり/有効期限内/すり替えなし/会員番号下3桁提示可能
公演当日16:40頃会場付近でお待ち合せをし同時入場していただきます。
同行者の方とは別々に入場して頂きますが必ず2連番のお席をお渡しいたします。
入場後一旦チケットを回収し座席選択させていただきます。
チケットお渡しまでに少々お時間を頂く場合がございますが1番手座席選択後必ずすり替えなしの2番手をお渡し致します。その際に受取連絡をお願いいたします。
座席へのクレームは一切お受け出来ません。
公演中止の場合以外本人確認、システムエラー、体調不良、交通機関の遅延等いかなる場合でも返金出来かねますので受取連絡をお願い致します。
上記全て了承頂ける成人の日本人女性の方のみご購入お願いいたします。",True,2026-08
nkwll3e9c0,1787800625842,acees-arena-tour-v,2026-08-29,17:30,Asueアリーナ大阪,electronic,female,ランダム配布,みや,5.0,,ランダム,2026-08-27 03:17:05,2026-08-27 10:01:13,,listing,1,8499,"以下ご理解いただける方のみご購入ください。
・同時入場後にチケットを回収し、座席選択後、お譲りするチケットをお渡しします。
・座席の選択はできません。また、座席に関するクレームは一切お受けできません。
・お譲りするチケットは用意でき次第なるべく早くお渡しいたします。遅くても開演5分前までにはお渡し予定です。
・チケット受取後、速やかに受取連絡をお願いいたします。
・集合は開場45分前を予定しています。理由を問わず、遅刻された場合は到着を待たずに入場します。その場合も受取連絡は必ずお願いいたします。
・チケット表示のため、端末利用にご協力いただく場合があります。
・チケットの持ち逃げ防止のため、一時的に身分証をお預かりする場合があります。
・公演中止の場合を除き、返金・キャンセルは一切不可です。",True,2026-08
sold_acees-arena-tour-v_1786716582844_7999,1786716582844,acees-arena-tour-v,2026-08-29,17:30,Asueアリーナ大阪,electronic,none,ランダム,,,,,2026-08-14 14:09:42,2026-08-27 10:01:13,2026-08-27 07:17:28,sold,1,7999,"❤️大阪全公演まとめ買い歓迎 中相場買取可❤️
⚠️購入後に必ず電話番号を送信してください
同時入場後、当方が座席選択後にお譲りするチケットをランダムにてお渡し...",False,2026-08
sold_acees-arena-tour-v_1787741154406_25000,1787741154406,acees-arena-tour-v,2026-08-29,17:30,Asueアリーナ大阪,pickup_number,female,入金後発券番号共有,,,,,2026-08-26 10:45:54,2026-08-27 10:01:13,2026-08-27 07:17:28,sold,1,25000,"一般販売
入金確認後、引換票番号をお伝えいたします。",False,2026-08
sold_acees-arena-tour-v_1787409500581_8999,1787409500581,acees-arena-tour-v,2026-08-29,17:30,Asueアリーナ大阪,electronic,female,ランダム配布,,,,,2026-08-22 14:38:20,2026-08-27 10:01:13,2026-08-27 07:17:28,sold,1,8999,"以下ご理解いただける方のみご購入ください。
・同時入場後にチケットを回収し、座席選択後、お譲りするチケットをお渡しします。
・座席の選択はできません。また、座席...",False,2026-08
sold_acees-arena-tour-v_1787720782849_7000,1787720782849,acees-arena-tour-v,2026-08-29,17:30,Asueアリーナ大阪,electronic,none,ランダムエラー返金 ランダム配布 条件あり,,,,,2026-08-26 05:06:22,2026-08-27 10:01:13,2026-08-27 07:17:28,sold,1,7000,"・16:00頃お待ち合わせ予定

・複数名義所持しているため発券後チケットを一旦回収し、座席を選択させて頂きます。開演までにお渡し予定です。

・個人都合による...",False,2026-08
gxpjctmtdg,1787455133138,acees-arena-tour-v,2026-08-29,17:30,Asueアリーナ大阪,electronic,female,同行,R,5.0,,同行番手,2026-08-23 03:18:53,2026-08-27 10:01:13,,listing,1,47000,"情報局先行 該当名義 変更ボタン有 初期当選 下3桁提示可 すり替えなし 有効期限内期限内名義 同一クレカ支払いなし
2名義中2番手（2連×2名義）のお譲りとなります。
こちらが先に1名義×2連番を選び、余った2枚のうち1枚のお譲りです。
座席の選択権は一切ございませんのでご了承ください。
実際に席の確認をしたり、お譲りする席の確定までに少々お時間をいただきます。
半券お渡し後、速やかに受取通知をお願いいたします。
お渡し後、サイチェン等お好きにしていただいて構いません。
公演当日、会場付近で待ち合わせの上同時入場していただきます。
詳しい待ち合わせ時間・場所はご入金後取引連絡でご連絡させていただきます。
時間厳守でお願いいたします。
10分以上の遅刻は、待たずに入場をさせていただき、その場合でも受取通知は必ずしていただきますので時間に余裕を持ってお越しください。
10分以内でも、事前のご連絡がない場合は先に入場をさせていただく場合もございます。公演中止以外、出演者見合わせ、買い手様の遅刻、体調不良、座席に関するクレーム等の返金は一切いたしかねます。
上記の旨ご理解頂いた上でご購入をお願いいたします。
公演中止の際は手数料を差し引いた金額を返金いたします。",True,2026-08
uasm1aw84d,1787701957934,acees-arena-tour-v,2026-08-29,17:30,Asueアリーナ大阪,electronic,none,ランダム配布,ち,5.0,,ランダム,2026-08-25 23:52:37,2026-08-27 10:01:13,,deleted,1,6500,"公演当日、16:00頃に会場付近にて待ち合わせし、同時入場していただきます。
詳しい待ち合わせ時間・場所等は、前日にお知らせします。
必ず時間厳守でお願いいたします。遅れた場合は待たずに先に入場します。
その際も受け取り評価は押していただきますのでお願いいたします。
同時入場後はこちらが座席を選びますため一旦、解散していただき、再度お呼び出ししますので指定の場所までチケットを受け取りに来てください。
※買い手様に座席の選択権はございません。
公演中止の際のみ返金。
体調不良、交通事情、出演者変更、買い手様の私情、ランダムエラー、本人確認等のいかなる場合でも返金はいたしません。",True,2026-08
um1yg5qt0b,1787813415688,acees-arena-tour-v,2026-08-29,17:30,Asueアリーナ大阪,electronic,none,ランダムエラー返金 ランダム配布 条件あり,,,,,2026-08-27 06:50:15,2026-08-27 09:01:06,,deleted,1,8000,"・16:00頃お待ち合わせ予定

・複数名義所持しているため発券後チケットを一旦回収し、座席を選択させて頂きます。開演前までにお渡し予定です。

・個人都合によ...",False,2026-08
sold_acees-arena-tour-v_1786988837061_43000,1786988837061,acees-arena-tour-v,2026-08-29,17:30,Asueアリーナ大阪,paper,female,QR共有,,,,,2026-08-17 17:47:17,2026-08-27 10:01:13,2026-08-27 07:17:28,sold,1,43000,"初期当選/非該当名義

チケットお渡し後は速やかに受け取り評価をお願いいたします。

公演中止以外のいかなる理由（体調不良・交通機関の遅延・出演者の変更、ランダ...",False,2026-08
bm7vpw2m1x,1787362861613,acees-arena-tour-v,2026-08-29,17:30,Asueアリーナ大阪,electronic,female,同行,sunset_surfing,5.0,,同行,2026-08-22 01:41:01,2026-08-27 10:01:13,,listing,1,48000,"2連中1枚同行/初期選/該当名義変有／場合によりすり替え有/下3桁提示可/有効期限内／サイチェン可／浮所担不可
公演当日開演1時間前を目安に会場付近に集合し、同時入場していただきます。
方が座席選択後チケットをお渡しいたしますのでその場で受取連絡をお願いいたします。大幅に遅刻された場合、待たずに入場させていただきますが、その際も必ず受取連絡していただきます。座席のクレームは一切受け付けません。チケットお渡し後のサイチェンなど可能ですが、トラブルは一切責任を負いません。
また、名義に傷のつく行為はお辞め下さい。公演中止の場合のみ手数料を差し引いた金額を返金いたします。公演中止以外本人確認、ランダムエラー、出演者の変更、公共交通機関の遅延、体調不良などの如何なる場合でも返金は致しかねますのでご了承下さい。トラブル防止のため、日本人女性の方のみご購入ください。代理購入不可です。",True,2026-08
1iqo3dbm5o,1787740220063,acees-arena-tour-v,2026-08-29,17:30,Asueアリーナ大阪,electronic,none,同行,m,5.0,,番手,2026-08-26 10:30:20,2026-08-27 10:01:13,,listing,2,34000,"4名義中4番手
初期当選/該当名義/有効期限内/変更ボタンあり/すり替えなし/下3桁提示可
開演30分〜40分前集合
複数名義所持しているため、同時入場後一度全てのチケットを回収いたします。
座席確認のため一度解散となりますがこちらが1番手、2番手、3番手のチケットを選んだあとに再度お集まり頂きチケットをお渡しいたします。
またチケットをお渡しするまでにお時間をいただく場合がございます。チケットのお渡しと引き換えにその場で受け取り連絡をお願いいたします。入場後こちらから連絡するまでは会場内でご自由にお過ごしください。
当日指定した会場付近に開場30分〜40分前にお集まりいただき同時入場していただきます。詳細は前日までに連絡ボードにてお伝えします。いかなる場合でも、遅刻はお待ちできませんので時間に余裕をもってお越しください。お遅刻された場合も待たずに入場いたします。その際は受取評価はしていただきますのでご了承ください。
当日はチケット持ち逃げ防止の為入場前に身分証を一時的にお預かりする場合がございますので必ずお持ちください。入場後チケットと引き換えにお返し致します。
公演中止以外、本人確認やランダムエラー、体調不良、出演者変更などいかなる場合でも返金対応はできません。ご了承ください。
また、お座席のクレームは一切お受けできません。
代理購入はお控えください。必ず入場されるご本人がご購入ください。
また、電波の関係でお名前(偽名でも構いません)と電話番号をお伺いいたします。
上記を全てご理解していただいた方のみご購入お願いいたします。",True,2026-08
kuouhppakf,1787063618524,acees-arena-tour-v,2026-08-29,17:30,Asueアリーナ大阪,electronic,female,同行,かな,4.9,,ランダム,2026-08-18 14:33:38,2026-08-27 10:01:13,,listing,2,20000,"ランダム配布でのお渡しです。
・円滑な取引のため、ご購入後取引連絡にてお電話番号のご提示をお願いいたします。
・当日開場30分前に会場付近で集合し、同時入場させて頂きます。詳しい待ち合わせ時間や場所は連絡ボードにてご連絡させて頂きます。
・待ち合わせの際は時間厳守でお願いいたします。遅刻の場合先に入場いたしますがその際も受取連絡はして頂きます。お時間に余裕を持って会場へお越しいただくようお願い致します。
・重複当選のため、こちらで座席を選択させて頂きます。ご購入様に座席の選択権はございません。ランダム配布のため座席は未定です。
・当日代表者として入場をお願いする場合がございます。その際はQRと引き換えに身分証をお預かりさせて頂く場合がございます。チケットの回収のタイミングにてお返し致します。
・入場後一度チケットを全て回収し、解散致します。当方が座席を選択した後再集合し、お譲りするチケットを開演5分前までにお渡し致します。なるべく早くお渡しできるように努めますが、チケットをお渡しするまでにお時間をいただく場合がございます。
・チケットのお渡しと引き換えにその場で受取連絡をして頂きます。その場でしていただけない場合はチケットをお渡しできませんのでご了承ください。
・本人確認、ランダムエラー等公演中止以外での返金対応は致しません。如何なる場合も受取連絡して頂きます。
・検温等で入場いただけなかった場合やその他購入者様の健康管理不十分にて入場頂けなかった場合、入場後のトラブルの責任は取れません。日本人女性の方でお願い致します。
・代理購入はお控えください。
ご購入後は上記の説明事項に同意されたものとみなします。ご購入様からの条件の提示にはお受けできません",True,2026-08
lv1k54iu0m,1787732714295,acees-arena-tour-v,2026-08-29,17:30,Asueアリーナ大阪,electronic,female,入金後24時間以内にQRコード共有,か,5.0,,QR,2026-08-26 08:25:14,2026-08-27 10:01:13,,listing,2,50000,"QR毎/該当名義/初期当選/変更ボタンあり/有効期限内/着ブロ希望なし
公演日前日に連絡ボードにてログインに必要な情報をお伝えします。
同行者登録はご自身でお願い致します。
ランダムエラー、本人確認、電波環境、体調不良等で入場できなかった場合でも受取評価はしていただきます。
座席に関するクレームは一切お受けできませんのでご了承ください。
入場後すぐにログアウト、受取評価をお願いします。
公演中止以外ランダムエラーや出演者変更等いかなる場合も返金不可。送金停止依頼等一切応じません。
よろしくお願いいたします。",True,2026-08
1ifabpgqtc,1787063727978,acees-arena-tour-v,2026-08-29,17:30,Asueアリーナ大阪,electronic,female,同行,かな,4.9,,ランダム番手,2026-08-18 14:35:27,2026-08-27 10:01:13,,listing,1,33000,"すり替えなしランダム配布【全名義発券後すぐのお渡し】
・円滑な取引のため、ご購入後取引連絡にてお電話番号のご提示をお願いいたします。
・当日開場30分前に会場付近で集合し、同時入場させて頂きます。詳しい待ち合わせ時間や場所は連絡ボードにてご連絡させて頂きます。
・待ち合わせの際は時間厳守でお願いいたします。遅刻の場合先に入場いたしますがその際も受取連絡はして頂きます。お時間に余裕を持って会場へお越しいただくようお願い致します。
・重複当選のため、こちらで座席を選択させて頂きます。ご購入様に座席の選択権はございません。ランダム配布のため座席は未定です。
・当日代表者として入場をお願いする場合がございます。その際はQRと引き換えに身分証をお預かりさせて頂く場合がございます。チケットの回収のタイミングにてお返し致します。
・入場後一度チケットを全て回収し、解散致します。当方が座席を選択した後再集合し、お譲りするチケットを全名義発券後5-10分以内にお渡し致します。なるべく早くお渡しできるように努めますが、チケットをお渡しするまでにお時間をいただく場合がございます。
・チケットのお渡しと引き換えにその場で受取連絡をして頂きます。その場でしていただけない場合はチケットをお渡しできませんのでご了承ください。
・本人確認、ランダムエラー等公演中止以外での返金対応は致しません。如何なる場合も受取連絡して頂きます。
・検温等で入場いただけなかった場合やその他購入者様の健康管理不十分にて入場頂けなかった場合、入場後のトラブルの責任は取れません。日本人女性の方でお願い致します。
・代理購入はお控えください。
ご購入後は上記の説明事項に同意されたものとみなします。ご購入様からの条件の提示にはお受けできません",True,2026-08
vw8oqyaapx,1787802637203,acees-arena-tour-v,2026-08-29,17:30,Asueアリーナ大阪,electronic,female,公演前日にログインに必要な情報をお伝えします。,と,5.0,,QR,2026-08-27 03:50:37,2026-08-27 10:01:13,,listing,2,43000,"初期当選　QRごと  該当名義(変更ボタンあり)　複数公演当選なし　重複すり替えなし下3桁開示可能　有効期限内　過去エラーなし
同行者登録は自身で行ってください。
着ブロや制作開放席ではありません。
入金後前日までにログインに必要な情報を連絡ボードにてお伝え致します。
同行者登録はご購入様が各自お願い致します。
入場後はすみやかにログアウト、受取通知をお願いします。
本人確認、交通機関の遅延、購入者様同行者様やタレント本人の体調不良、ランダムエラー等なんらかの理由でご入場できなかった場合の対応は致しかねます。
公演中止の場合のみ手数料を差し引いた金額を返金致します。如何なる場合でも公演中止以外の返金対応は致しません。",True,2026-08
sold_acees-arena-tour-v_1787583237646_40000,1787583237646,acees-arena-tour-v,2026-08-29,17:30,Asueアリーナ大阪,electronic,female,公演日1日前までにログイン情報,,,,,2026-08-24 14:53:57,2026-08-27 10:01:13,2026-08-27 07:17:28,sold,2,40000,"初期当選重複なし すり替えなしQRごと条件な
し下三桁事前提示可能 期限内
過去エラー・郵便物戻りなし",False,2026-08
gw1digwskb,1787813388383,acees-arena-tour-v,2026-08-29,17:30,Asueアリーナ大阪,electronic,none,ランダムエラー返金 ランダム配布 条件あり,えむ,4.8,,ランダム,2026-08-27 06:49:48,2026-08-27 10:01:13,,listing,1,8000,"・16:00頃お待ち合わせ予定
・複数名義所持しているため発券後チケットを一旦回収し、座席を選択させて頂きます。開演前までにお渡し予定です。
・個人都合による遅刻等に関しましては、お待ち出来兼ねますので必ず時間厳守でお願い致します。
・入場の際のQRコード表示や同行者登録にご協力頂く場合がございますのでその際はご対応頂ける方でお願い致します。
・購入後こちらの連絡を待たずに当日連絡のつくお電話番号と氏名（苗字）をメッセージボードにてお伝え下さい。
・座席へのクレーム、遅刻、本人確認、検温やコロナ感染者との濃厚接触等による入場不可、ランダムエラーなど、公演中止以外の如何なる場合においても返金は致しません。
以上の内容をご理解頂ける方のみご購入お願い致します。",True,2026-08
sold_acees-arena-tour-v_1787493489105_8250,1787493489105,acees-arena-tour-v,2026-08-29,17:30,Asueアリーナ大阪,electronic,female,同行,,,,,2026-08-23 13:58:09,2026-08-27 10:01:13,2026-08-27 07:17:28,sold,1,8250,"少人数 ランダム配布 指定席
16:20頃の待ち合わせ予定当日は同時入場後にチケットを回収し、一度解散となります。その後、開演5〜10分前を目安にランダムで指定...",False,2026-08
sold_acees-arena-tour-v_1787289349390_20000,1787289349390,acees-arena-tour-v,2026-08-29,17:30,Asueアリーナ大阪,electronic,female,同行,,,,,2026-08-21 05:15:49,2026-08-27 10:01:13,2026-08-27 07:17:28,sold,2,20000,当日は開場時間の15～30分前にこちらが指定した場所に集合していただき同時入場後、先に当方が座席選択した後チケットをランダムにお渡しします。ご購入者様で座席は選...,False,2026-08
sold_acees-arena-tour-v_1787185396284_8000,1787185396284,acees-arena-tour-v,2026-08-29,17:30,Asueアリーナ大阪,electronic,female,同行,,,,,2026-08-20 00:23:16,2026-08-27 10:01:13,2026-08-27 07:17:28,sold,2,8000,"

【条件あり】ランダム配布/連番確約ではございません/ランダムエラーの際返金させていただきます

複数名義所持のため座席選択の条件付きになります。以下の内容を...",False,2026-08
sold_acees-arena-tour-v_1785633419377_52000,1785633419377,acees-arena-tour-v,2026-08-29,17:30,Asueアリーナ大阪,electronic,female,公演前日QRコード共有,,,,,2026-08-02 01:16:59,2026-08-27 10:01:13,2026-08-27 07:17:28,sold,2,52000,初期当選/該当名義/変更ボタン有/有効期限内/すり替えなし/着ブロ希望なし/下3桁提示可/同行者登録可,False,2026-08
sold_acees-arena-tour-v_1787144335541_9000,1787144335541,acees-arena-tour-v,2026-08-30,12:30,Asueアリーナ大阪,electronic,female,同行,,,,,2026-08-19 12:58:55,2026-08-27 10:01:13,2026-08-27 07:17:28,sold,1,9000,"【複数名義所持ランダム配布】になります
以下の内容をご理解頂ける方のみご購入お願いします

【条件】
・ご一緒に入場頂くチケットは同一クレカ決済無し、有効期限内...",False,2026-08
sold_acees-arena-tour-v_1787582056619_36000,1787582056619,acees-arena-tour-v,2026-08-30,12:30,Asueアリーナ大阪,paper,none,当日手渡し,,,,,2026-08-24 14:34:16,2026-08-27 10:01:13,2026-08-27 07:17:28,sold,2,36000,"2名義中2番手/初期当選/情報局先行/該当名義/有効期限内/すり替えなし/着ブロ指定なし/会員番号下3桁提示可

開演1時間前を目安に会場付近で待ち合わせの上、...",False,2026-08
sold_acees-arena-tour-v_1785896589757_44000,1785896589757,acees-arena-tour-v,2026-08-30,12:30,Asueアリーナ大阪,electronic,female, 入金後24時間以内にログイン情報お知らせ,,,,,2026-08-05 02:23:09,2026-08-27 10:01:13,2026-08-27 07:17:28,sold,2,44000,"情報局初期当選　該当名義(変更ボタン有)　QR毎お譲り致します　条件なし

・ご入金後24時間以内にログイン情報をお知らせ致します
・座席未定（着席ブロック希望...",False,2026-08
sold_acees-arena-tour-v_1785931816612_10000,1785931816612,acees-arena-tour-v,2026-08-30,12:30,Asueアリーナ大阪,electronic,female,同行,,,,,2026-08-05 12:10:16,2026-08-27 10:01:13,2026-08-27 07:17:28,sold,1,10000,"【条件あり】ランダム配布です。以下の条件を了承された方のみご購入下さい。 

【集合から受取まで】 
・開演1時間30〜15分前(開場時刻の30〜15分前)を目...",False,2026-08
5oodq9nt8w,1786713772952,acees-arena-tour-v,2026-08-30,12:30,Asueアリーナ大阪,electronic,female,入金後3時間以内にQRコード共有,,,,,2026-08-14 13:22:52,2026-08-27 10:01:13,2026-08-27 08:01:09,sold,2,43000,"情報局先行 初期当選 ACEes 佐藤龍我名義 指定席 2枚申し込み QRごとのお譲り 条件ご
ざいません 座席未定

情報局先行 ２枚申込みでの当選
都合によ...",False,2026-08
52di6bsl82,1786872151591,acees-arena-tour-v,2026-08-30,12:30,Asueアリーナ大阪,electronic,female,同行,な,5.0,,ランダム,2026-08-16 09:22:31,2026-08-27 10:01:13,,listing,2,24000,"2連確約！
複数名義所有/座席未定/中相場買取対応可
当日は開場時間20分前までに待ち合わせの予定です。お時間に余裕を持って来られる方のみ購入をお願い致します。
詳しい時間や集合場所等は連絡ボードにて公演日が近づきましたらお伝えさせていただきます。
複数名義所有のため入場後に座席券を回収し座席選択をさせて頂きます。
再集合の際にお渡しした座席券でお入りください。
中相場買取希望の方は対応可能ですのでお伝えください。
※注意事項※
・集合時間は必ずお守りください。大幅に遅刻された場合には先に入場列に並ばせていただくことがございます。遅刻によりお入りいただけない場合でも受け取り連絡はして頂きます。
・チケット持ち逃げ防止のため、一時的に身分証をお預かりさせて頂く場合がございますので必ずご持参ください。
・ランダムエラーや本人確認によりご入場頂けなかった場合を含め、どのような場合でもキャンセルや返金はできません。
・チケットを受け取られましたらすぐに受け取り連絡をお願い致します。",True,2026-08
myhzj2cbh5,1787381427413,acees-arena-tour-v,2026-08-30,12:30,Asueアリーナ大阪,electronic,female,同行,かな,4.9,,ランダム,2026-08-22 06:50:27,2026-08-27 10:01:13,,listing,1,10999,"ランダム配布でのお渡しです。
・円滑な取引のため、ご購入後取引連絡にてお電話番号のご提示をお願いいたします。
・当日開場30分前に会場付近で集合し、同時入場させて頂きます。詳しい待ち合わせ時間や場所は連絡ボードにてご連絡させて頂きます。
・待ち合わせの際は時間厳守でお願いいたします。遅刻の場合先に入場いたしますがその際も受取連絡はして頂きます。お時間に余裕を持って会場へお越しいただくようお願い致します。
・重複当選のため、こちらで座席を選択させて頂きます。ご購入様に座席の選択権はございません。ランダム配布のため座席は未定です。
・当日代表者として入場をお願いする場合がございます。その際はQRと引き換えに身分証をお預かりさせて頂く場合がございます。チケットの回収のタイミングにてお返し致します。
・入場後一度チケットを全て回収し、解散致します。当方が座席を選択した後再集合し、お譲りするチケットを開演5分前までにお渡し致します。なるべく早くお渡しできるように努めますが、チケットをお渡しするまでにお時間をいただく場合がございます。
・チケットのお渡しと引き換えにその場で受取連絡をして頂きます。その場でしていただけない場合はチケットをお渡しできませんのでご了承ください。
・本人確認、ランダムエラー等公演中止以外での返金対応は致しません。如何なる場合も受取連絡して頂きます。
・検温等で入場いただけなかった場合やその他購入者様の健康管理不十分にて入場頂けなかった場合、入場後のトラブルの責任は取れません。日本人女性の方でお願い致します。
・代理購入はお控えください。
ご購入後は上記の説明事項に同意されたものとみなします。ご購入様からの条件の提示にはお受けできません",True,2026-08
mbtld0pqbx,1787726834005,acees-arena-tour-v,2026-08-30,12:30,Asueアリーナ大阪,electronic,female,3名義中3番手,a,5.0,,,2026-08-26 06:47:14,2026-08-27 10:01:13,,listing,2,37000,"情報局先行/初期当選/3名義中3番手
有効期限内該当名義(変更ボタンあり)
着ブロ希望なし/すり替えなし(下3桁提示可能)
2連×3名義所持。重複当選のため入場後に一旦全てのチケットを回収しこちらで先に選択後、選ばなかったチケットをお渡しします。
すり替えはいたしませんので、ご希望であれば事前に全ての会員番号下3桁提示可能です。
成人済みの日本人女性のみご購入をお願いします。
入場やチケットの配布までにお待ち頂く場合がありますので、ご了承頂ける方のみご購入下さい。
遅刻された場合は先に入場させて頂く場合がありますので、時間厳守でお願いいたします。
公演中止の場合のみ、取引中止・手数料を引いた金額を返金いたします。
公演当日、会場付近で待ち合わせし同時入場していただきます。集合は11:30頃を予定しております。詳しい待ち合わせ場所等詳細は決まり次第お伝えいたします。",True,2026-08
sold_acees-arena-tour-v_1786161299941_31800,1786161299941,acees-arena-tour-v,2026-08-30,12:30,Asueアリーナ大阪,electronic,female,同行,,,,,2026-08-08 03:54:59,2026-08-27 10:01:13,2026-08-27 07:17:28,sold,1,31800,"🩷3名義中3番手🩷該当名義/有効期限内/変ボ有/すり替えなし/下3桁提示可

※上乗せで連番も🉑

当日は11:10頃集合し同時入場いたします。

入場後...",False,2026-08
x7se2mwm30,1787748974580,acees-arena-tour-v,2026-08-30,12:30,Asueアリーナ大阪,electronic,female,公演日前日にQRコード共有,🌟,5.0,,QR,2026-08-26 12:56:14,2026-08-27 10:01:13,,listing,2,48000,"QR毎/初期当選/座席未定/有効期限内該当名義/変更ボタンあり/すり替えなし/着ブロ希望なし/過去エラー履歴なし/下3桁提示可能
※お取引確定後、プライベート出品に変更させていただきます。購入前にメッセージをお願いいたします。
公演前日にログインに必要な情報をお伝えいたしますので、同行者登録・同意チェックはご購入者様にてご対応お願いいたします。
公演当日はご購入者様の端末にてログインしていただきご入場ください。
入場後はログアウトの上受取連絡をお願いいたします。
本人確認、出演者変更、ランダムエラー、体調不良、交通機関のトラブル等公演中止以外のいかなる理由での返金は一切できません。また、席種・座席に関するクレームはお受けできません。
ご購入いただける場合は、上記全てにご了承いただけていると認識させていただきます。必ず当日入場されるご本人様がご購入ください。
トラブル防止のため、デジタルチケットの使用方法がわかり、スムーズに連絡が取れる成人の日本人女性のみご購入ください。",True,2026-08
sold_acees-arena-tour-v_1787639790223_9000,1787639790223,acees-arena-tour-v,2026-08-30,12:30,Asueアリーナ大阪,electronic,female,同行,,,,,2026-08-25 06:36:30,2026-08-27 10:01:13,2026-08-27 07:17:28,sold,2,9000,"

【条件あり】ランダム配布/連番確約ではございません/ランダムエラーの際返金させていただきます

複数名義所持のため座席選択の条件付きになります。以下の内容を...",False,2026-08
sold_acees-arena-tour-v_1786197504403_26000,1786197504403,acees-arena-tour-v,2026-08-30,12:30,Asueアリーナ大阪,electronic,female,初期当選のみ　一般立見なし　該当名義　有効期限内　変更ボタンあり　クレカPay-easyコンビニ支払い済　同一クレカ決済なし　座席未定,,,,,2026-08-08 13:58:24,2026-08-27 10:01:13,2026-08-27 07:17:28,sold,2,26000,"・4名義重複当選所持しておりますので、同時入場し、当方が座席選択後、開演時間までにチケットをお渡しいたします。ご購入者様は座席をお選びいただけません。

・同時...",False,2026-08
f6ocbmxb1l,1786236624305,acees-arena-tour-v,2026-08-30,12:30,Asueアリーナ大阪,electronic,female,公演前日にログイン情報共有,m,5.0,,QR,2026-08-09 00:50:24,2026-08-27 10:01:13,,listing,2,45000,"QR毎/初期当選/座席未定/有効期限内該当名義/変更ボタンあり/すり替えなし/着ブロ希望なし/過去エラー履歴なし/駆け込みなし（会員番号130万〜160万番台）
※お取引確定後、プライベート出品に変更予定ですのでご購入希望の方は必ずメッセージをお願いいたします。
・連絡ボードにて下3桁をお伝え可能です。過去の当選履歴、過去の座席情報等こちらに記載のない情報については一律お答えしかねますのでご了承ください。
・公演前日にログインに必要な情報をお伝えいたしますので、問題なくログインできるかどうかのご確認まで速やかに済ませていただくようお願いいたします。同行者登録・同意チェックはご購入者様にてご対応お願いいたします。赤線エラーが出ましてもこちらで対応できかねますので登録の際はご注意ください。上記の際も受取連絡をしていただくことになります。
公演当日はご購入者様の端末にてログインしていただきご入場ください。
・名義管理のため入場後は半券の撮影・送信をお願いいたします。発券次第速やかにログアウト・開演前までに受取連絡まで必ずお願いいたします。（公演開始後にパスワードを変更いたします）
・本人確認、出演者変更、ランダムエラー、体調不良、交通機関のトラブル等 公演中止以外の如何なる理由での返金は一切できません。また、席種・座席に関するクレームはお受けできません。なんらかの理由で入場頂けなかった場合、入場後公演をご覧になられなかった場合にも必ず受取連絡はして頂きます。公演中止の場合のみ返金となります。
ご購入いただける場合は、上記全てにご了承いただけていると認識させていただきます。必ず当日入場されるご本人様がご購入ください。トラブル防止のため、スムーズに連絡が取れる成人の日本人女性のみご購入ください。",True,2026-08
sold_acees-arena-tour-v_1787554321160_37000,1787554321160,acees-arena-tour-v,2026-08-30,12:30,Asueアリーナ大阪,electronic,female,同行,,,,,2026-08-24 06:52:01,2026-08-27 10:01:13,2026-08-27 07:17:28,sold,2,37000,"2名義中2番手/下3桁提示可/初期当選/すり替えなし/有効期限内/該当名義/変更ボタンあり

複数名義当選のため開場時間10分前頃に会場付近に集合していただきま...",False,2026-08
wd51yuznan,1786357017371,acees-arena-tour-v,2026-08-30,12:30,Asueアリーナ大阪,electronic,female,同行,🩶,5.0,,ランダム,2026-08-10 10:16:57,2026-08-27 10:01:13,,listing,2,20000,"少人数ランダム配布
上乗せにて早渡し可能
一部サイト残り当日手渡し可能
開場時間20分前頃に会場付近で集合し、同時入場して頂きます。
交通機関の遅延、体調不良、出演者の変更、ランダムエラー、本人確認などで入場できない場合でも公演中止以外は返金できません。
・入場の際に端末をお借りしてQR表示のご協力をお願いする場合がございます。
また、持ち逃げ防止のために一時的に身分証を預からせていただく可能性もあります。入場後チケットを回収する際に必ず返却いたします。
・入場後チケットをお渡しするまで会場内でお待ちいただきお時間いただきます。（開演5〜10分前目安）
・入場後の会場内容でのトラブルは一切責任を負いかねます。全て自己責任でお願いいたします。その際も受取評価は行っていただきます。
また会場内でチケットをお渡しする際のご連絡のために事前にお電話番号をお伺いする場合があります。
何かご不明点などございましたらお気軽にお問い合わせください。
トラブル防止の為、代理購入、日本語の通じない方、ランダムの意味がわからない方のご購入はご遠慮ください。当日こまめに連絡がとれる方.上記内容にすべてご理解いただいた方のみご購入ください
以上ご了承いただけた方のみ(日本人女性)ご購入をお願いいたします。",True,2026-08
sold_acees-arena-tour-v_1787164246975_17000,1787164246975,acees-arena-tour-v,2026-08-30,12:30,Asueアリーナ大阪,electronic,female,【条件あり】当日手渡し/座席未定/ランダム配布/有効会員,,,,,2026-08-19 18:30:46,2026-08-27 10:01:13,2026-08-27 07:17:28,sold,2,17000,"《開場30分前集合予定》

※レビュー(評価4.8以上)ある方のみ申請下さい。
※購入時のコメント不要です。
★購入後に当日連絡のつくお電話番号と氏名(苗字)を...",False,2026-08
qclv6kfbs3,1787294714372,acees-arena-tour-v,2026-08-30,12:30,Asueアリーナ大阪,electronic,female,指定席のみランダム配布,M,5.0,,ランダム,2026-08-21 06:45:14,2026-08-27 10:01:13,,listing,1,10000,"ランダム配布 /少人数入場
プラベル変更可能ですのでお申し付け下さい。
当日は開場時間30分前に指定の場所に集合して頂きます。遅刻には対応できませんのでご注意ください。
入場後は一度チケットを回収し、解散して頂きます。
開演時間までには必ずチケットをお渡し致します。
ご購入者様は座席をお選びいただけません。
お座席へのクレームも一切受付ませんのでご注意下さい。
公演中止の際には規約に基づき返金致しますが、本人確認やランダムエラーなど公演中止以外の理由での返金はいかなる場合もできませんのでご注意下さい。
会場内電波が悪い場合がございますのでお電話番号のご提示をお願い致します。
チケット持ち逃げ防止の為、顔付き身分証をお預かりさせて頂く場合がございますが、入場後すぐに返却いたしますのでご了承下さい。
トラブル防止のため、代理購入およびランダム配布の意味をご理解していない方の購入はご遠慮下さい。
日本語の話せる方、通じる方でお願い致します。",True,2026-08
sold_acees-arena-tour-v_1787043179287_44000,1787043179287,acees-arena-tour-v,2026-08-30,12:30,Asueアリーナ大阪,electronic,female,公演日1日前までにQRコード共有,,,,,2026-08-18 08:52:59,2026-08-27 10:01:13,2026-08-27 07:17:28,sold,2,44000,"初期当選/該当名義ボタンあり/すり替え無しQR毎/下3桁提示可/有効期限内 

入場後は速やかに受け取り通知とログアウトをお願い致します。 
公演中止の場合のみ...",False,2026-08
tpyoki13wy,1787648819331,acees-arena-tour-v,2026-08-30,12:30,Asueアリーナ大阪,electronic,female,同行,M,4.9,,ランダム,2026-08-25 09:06:59,2026-08-27 10:01:13,,listing,1,9000,"【少人数ランダム配布】
【条件あり】
必ず最後まで注意事項をご確認の上、問題がなければご購入お手続きをお願い致します。
※プライベート出品いたしますので、ご購入前にメッセージをお願いいたします。
・複数名義所持のため、人数が揃い次第同時入場後一度全てのチケットを回収し、こちらが選ばなかったチケットをランダムでお渡し致します。 ご自身での座席選択は一切出来かねますので、ご了承ください。またお座席に関するクレームも一切お受け出来ません。
・当日は会場付近にて、開場時間の30分前に集合して頂きます。集合時間や場所につきましては、公演日前日までに連絡ボードにてご連絡致します。必ず集合時間厳守でお願いします。 交通機関の遅延、遅刻等いかなる場合でも、時間を過ぎた場合は先に入場させていただきます。 その場合も、返金・キャンセルは受け付けられず受取通知は行なって頂くことになりますのでお時間に余裕を持って集合をお願い致します。
・会場内でのご連絡の為に、こちらからの連絡を待たずにご購入後連絡ボードにてお名前（ニックネーム）・電話番号をお知らせください。
・入場に際して、トラブル防止のため一時的に公的身分証明証をお預かりさせていただく場合がございますので、必ず当日お持ちいただきますようお願い致します。 そちらを中の見えない封筒に入れ、ご購入者様の目の前で封を致します。 トラブル等ない限り、こちらで開けることはございませんのでご安心ください。 入場後、チケット回収のタイミングでご返却致します。
・入場後は一旦解散しますのでその間はご自由にお過ごし下さい。再集合しチケットをお渡しさせていただきますので、中でのご連絡がお取り出来る方でお願い致します。配布時間は5-10分前になります。
・遅刻や検温等による体調不良など如何なる場合も落札後のキャンセルは受付致しかねます。 本人確認やランダムエラーにより、入場出来なかった際のご返金は出来かねますので予めご了承ください。 公演中止以外は如何なる場合も返金対応は致しません。
・録音・録画・盗撮などマナー違反をされる方のご購入はお控えください。違反行為が発覚した場合は然るべき措置を取らせて頂きます。
・トラブル防止のため代理購入不可となります。必ずご入場されるご本人様がご購入ください。
上記デジタルチケット、ランダム配布のお取引をご理解頂ける日本人女性の方のみ、ご購入をお願い致します",True,2026-08
sold_acees-arena-tour-v_1787648839227_41500,1787648839227,acees-arena-tour-v,2026-08-30,12:30,Asueアリーナ大阪,electronic,female,入金後24時間以内にQRコード共有,,,,,2026-08-25 09:07:19,2026-08-27 10:01:13,2026-08-27 07:17:28,sold,2,41500,FC先行　QRごとお譲り　初期当選　該当名義(変更ボタン有り)席種未定(着席ブロック、制作開放席ではありません)　Pay-easy決済　有効期限内名義　重複当選...,False,2026-08
t9lk8d9lho,1786599631349,acees-arena-tour-v,2026-08-30,12:30,Asueアリーナ大阪,electronic,female,同行,Momokkkka,4.8,,ランダム,2026-08-13 05:40:31,2026-08-27 10:01:13,,listing,2,20000,"チケットを複数所持しています。
ランダム配布になります。
入場後はチケットを回収して、選べさせていただきます。買い様は座席を選べません。
入場後は一旦解散する場合もあります。
チケットをお渡しするのにお時間を頂く可能性がございます。
チケットをお渡しした際にその場で受取通知をお願いいたします。
開場15分前(予定)に会場付近で待ち合わせし、同時入場して頂きます。
詳しい時間、場所は前日メッセージボードからお伝えいたします。
複数人で待ち合わせを致しますので遅刻厳禁でお願いいたします。
公演中止の場合は手数料を差し引いた金額を返金します。
当日の体調不良、本人確認やシステムエラーなどの返金は致しませんので、ご了承下さい。
座席等のクレームは一切お受け致しません。
ご了承いただける方のみご購入をお願いします。",True,2026-08
sold_acees-arena-tour-v_1787111662898_9300,1787111662898,acees-arena-tour-v,2026-08-30,12:30,Asueアリーナ大阪,electronic,female,同行,,,,,2026-08-19 03:54:22,2026-08-27 10:01:13,2026-08-27 07:17:28,sold,1,9300,"当日は11:15ごろ集合し同時入場いたします。

入場後、一度チケットを回収し解散します。購入者様が座席はお選びいただくことはできません。またチケットのお渡しま...",False,2026-08
sold_acees-arena-tour-v_1787590867914_25500,1787590867914,acees-arena-tour-v,2026-08-30,12:30,Asueアリーナ大阪,electronic,female,４名義中4番手,,,,,2026-08-24 17:01:07,2026-08-27 10:01:13,2026-08-27 07:17:28,sold,1,25500,4名義中4番手／初期当選 ／該当名義 ／変更ボタン有／有効期限内 ／すり替えなし ／下3桁提示可　／コンビニ支払い／着ブロ希望無／全てエラーはでていなく、退場名...,False,2026-08
bxxqqju7dr,1787804625137,acees-arena-tour-v,2026-08-30,12:30,Asueアリーナ大阪,electronic,female,同行,ひ,5.0,,同行,2026-08-27 04:23:45,2026-08-27 10:01:13,,listing,1,42000,"☆2連中1枚同行☆ 浮所担購入不可
初期当選/該当名義/下3桁提示可能/すり替えなし/有効期限内/変更ボタンあり
！当日は開場10分前集合予定です！
当日会場付近に集合し、同時入場後、当方が選ばなかった方の座席をお渡しします。連番内の座席はお選びいただけません。
浮所担の購入はご遠慮ください。
チケットお渡し後はサイチェン等していただいて構いませんが、名義を傷付けないよう十分気をつけてお願いいたします。
こちらがサイチェンしない場合はお手数おかけしますが、担当配慮をお願いいたします。
15分以上の遅刻の場合は先に入場しますが、その際でも受け取り連絡はしていただきます。交通機関の遅延等で遅れる場合はすぐにご連絡ください。
公演中止以外の如何なる理由でも返金不可
当日の連絡をスムーズに取れる、義務教育終了済みの日本人女性の方のみ購入お願いいたします。",True,2026-08
p3uew591wv,1787775105238,acees-arena-tour-v,2026-08-30,12:30,Asueアリーナ大阪,electronic,female,前日までにログイン情報をお伝え致します。,あーる,5.0,,QR,2026-08-26 20:11:45,2026-08-27 10:01:13,,listing,2,65000,"該当名義/初期当選/変更ボタン有り/有効期限内
ランダムエラー等いかなる場合でも返金致しかねますので、入場後は速やかに受け取り評価をお願いいたします。",True,2026-08
sold_acees-arena-tour-v_1787227286116_43000,1787227286116,acees-arena-tour-v,2026-08-30,12:30,Asueアリーナ大阪,electronic,female,公演日前日までにQRコード共有,,,,,2026-08-20 12:01:26,2026-08-27 10:01:13,2026-08-27 07:17:28,sold,2,43000,"QRごとのお譲りです。

情報局先行/該当名義(作間龍斗名義)/変更ボタンあり/有効期限内名義/同行者登録可/下3桁事前お伝え可能

公演日前日までにログインに...",False,2026-08
sold_acees-arena-tour-v_1787451120300_9500,1787451120300,acees-arena-tour-v,2026-08-30,12:30,Asueアリーナ大阪,electronic,female,同行,,,,,2026-08-23 02:12:00,2026-08-27 10:01:13,2026-08-27 07:17:28,sold,2,9500,"

【条件あり】ランダム配布/連番確約ではございません/ランダムエラーの際返金させていただきます

複数名義所持のため座席選択の条件付きになります。以下の内容を...",False,2026-08
7j68akjsu2,1787797561751,acees-arena-tour-v,2026-08-30,12:30,Asueアリーナ大阪,electronic,female,同行,S,4.9,,ランダム,2026-08-27 02:26:01,2026-08-27 10:01:13,,listing,1,50000,"⭐️重複ありすり替えなしFC枠のみランダム配布
下3桁可
開場30分前程度に会場付近で待ち合わせ、同時入場していただきます。
複数名義所持しております。同時入場をしてチケットを一度回収後解散せず、こちらが選んだ座席をすり替えなしで配布致します。購入者様は座席をお選びいただけません。立見は含まず、必ず指定席のチケットをお渡し致します。2枚購入は連番をお渡しします。
入場時QRコード表示にご協力いただく場合がございます。入場時に公的身分証明書を一時的にお預かりします。封をした状態でお預かりし、チケットと引き換えにお返し致します。トラブル等ない限り見ることはございませんのでご協力下さい。
また、当日お取引をスムーズに進めさせていただくため電話番号のご提示をお願いしております。
集合時間過ぎても来ない場合は待たずに入場しますが、受取連絡はして頂きます。
チケットをお渡し後はその場で受取連絡をお願い致します。
代理購入不可です。購入者様本人が待ち合わせにお越しください。
公演中止の際は規約に基づきご返金致します。
公演中止以外（本人確認・ランダムエラー・体調不良・交通機関の遅延・一部出演者不在等）で返金及びキャンセル対応はできません。
日本人女性の方のみご購入ください。
プライベート出品に変更も可能です。",True,2026-08
7z031iqn14,1787758839704,acees-arena-tour-v,2026-08-30,12:30,Asueアリーナ大阪,electronic,female,同行,S,4.9,,ランダム,2026-08-26 15:40:39,2026-08-27 10:01:13,,listing,1,10000,"ランダム配布 指定席チケット
開場30分前程度に会場付近で待ち合わせ、同時入場していただきます。
複数名義所持しております。同時入場をしてチケットを回収後一度解散し、開演5~10分前にランダムで配布致します。指定席のチケットをお渡し致します。立見は含みません。
入場時QRコード表示にご協力いただく場合がございます。入場時に公的身分証明書を一時的にお預かりします。封をした状態でお預かりし、チケットと引き換えにお返し致します。トラブル等ない限り見ることはございませんのでご協力下さい。
また、当日お取引をスムーズに進めさせていただくため電話番号のご提示をお願いしております。
集合時間過ぎても来ない場合は待たずに入場しますが、受取連絡はして頂きます。
チケットをお渡し後はその場で受取連絡をお願い致します。
代理購入不可。購入者様本人が待ち合わせにお越しください。
公演中止の際は規約に基づきご返金致します。
公演中止以外（本人確認・ランダムエラー・体調不良・交通機関の遅延・一部出演者不在等）で返金及びキャンセル対応はできません。
日本人女性の方のみご購入ください。",True,2026-08
awr4ccwj4q,1787487417666,acees-arena-tour-v,2026-08-30,12:30,Asueアリーナ大阪,electronic,female,同行,み,5.0,,同行,2026-08-23 12:16:57,2026-08-27 10:01:13,,listing,1,46000,"浮所担不可。
情報局先行/座席未定/初期当選/重複すり替えなし/会員有効期限内/該当名義(変更ボタンあり)/会員番号下3桁提示可/サイチェン可/注釈なし
公演当日、11時〜半頃に会場付近で待ち合わせをし、同時入場していただきます。
別取引の関係上、入場は3名義計6名で行いますが、お渡しするチケットの名義は決まっております。
事前に会員番号下3桁を1名義分お伝えいたしますので、そちらでご確認下さい。
連番内の座席はこちらで選ばせていただきます。
実際に座席の確認をしたり、お譲りするチケットの確定までに少々お時間をいただく場合がございますが、確認後速やかにお渡しいたします。
チケットお渡し後は、速やかに受取通知をお願いいたします。
詳しい待ち合わせ時間・場所等は、ご入金後にマイページの連絡ボードにてお知らせいたします。
15分以上の遅刻は、待たずに入場をさせていただき、その場合でも受取通知は必ずしていただきますので時間に余裕を持ってお越し下さい。
15分以内でも、事前のご連絡がない場合は先に入場をさせていただく場合もございます。
その他、ランダムエラー等含め、公演中止以外のいかなる理由におきましても、返金対応はいたしませんのでご了承下さい。
代理購入不可。
こまめに連絡の取れる、20歳以上の日本人女性の方のみご購入をお願いいたします。",True,2026-08
n1kk7k9s8a,1787556443238,acees-arena-tour-v,2026-08-30,12:30,Asueアリーナ大阪,electronic,female,同行,あ,5.0,,ランダム,2026-08-24 07:27:23,2026-08-27 10:01:13,,listing,2,22000,"少人数ランダム配布
座席決定次第のお渡しですのでお時間の確約は致しかねます。すぐにお渡しできる場合もあるかと思いますが、基本的には開演5〜10分前にお渡しします。
最近のコンサートではチケットを1枚ずつ渡されているため状況によっては身分証お預かりし、チケットと共にお渡しする場合がありますご了承ください。
公演当日、会場30分前にこちらが指定した会場付近で待ち合わせし、同時入場していただきます。詳しい待ち合わせ場所、時間等は、ご入金後に連絡ボードでお知らせいたします。
集合時間に遅刻した場合は、待たずにそのまま入場させて頂きます。その場合も、受取通知はして頂きますのでご注意ください。
入場は同時にしていただきますが、座席選択をするためお待ちいただきます。
その際、買い手様は座席の選択はできません。
公演中止の場合のみ、手数料を差し引いた金額を返金します。
ランダムエラー、本人確認、体調不良、交通機関の乱れによる遅刻等の公演中止以外の返金対応は致しかねますのでご了承ください。",True,2026-08
sold_acees-arena-tour-v_1786257062932_12660,1786257062932,acees-arena-tour-v,2026-08-30,12:30,Asueアリーナ大阪,electronic,female,専用,,,,,2026-08-09 06:31:02,2026-08-27 10:01:13,2026-08-27 07:17:28,sold,1,12660,専用出品です,False,2026-08
rsnq9g7vvu,1786680033472,acees-arena-tour-v,2026-08-30,12:30,Asueアリーナ大阪,electronic,female,当日手渡し,め,5.0,,同行ランダム,2026-08-14 04:00:33,2026-08-27 10:01:13,,listing,1,22000,"少人数ランダム配布 10分前渡し 中相場買取可
・公演当日開場30分ほど前に会場付近で待ち合わせし、当方と同時入場していただきます。入場後、一度チケットを回収し、座席選択後チケットをお渡しいたします。
・詳しい待ち合わせ時間・場所等は公演前日までにチャットにてご連絡します。
・入場後、チケットお渡しまでにお時間をいただきますのでご理解下さい。
・チケット、座席に関してのクレームは一切受け付けません。
・時間厳守でお願いいたします。当日は会場付近の混雑が予想されますのでお時間に余裕を持ってお越しください。
・公演中止を除き、ご購入者様の体調不良、遅刻、端末エラー、出演者変更等いかなる場合により入場ができなかった場合でも必ず受取連絡はしていただき、返金はいたしかねます。
・公演中止の場合のみ、仲介手数料を引いた金額を全額返金いたします。
以上の点を全てランダム配布にご理解頂ける日本人女性のみご購入お願いいたします。
なるべくはやくお渡し出来るように致しますが難しい場合は10分前までお待たせすることになります。ご了承ください。",True,2026-08
sold_acees-arena-tour-v_1786710408166_45000,1786710408166,acees-arena-tour-v,2026-08-30,12:30,Asueアリーナ大阪,electronic,female,同行,,,,,2026-08-14 12:26:48,2026-08-27 10:01:13,2026-08-27 07:17:28,sold,1,45000,"2連中1枚同行/初期当選/該当名義/変更ボタンあり/下3桁提示可/有効期限内/サイチェン可/

公演当日開演1時間前を目安に会場付近に集合し、同時入場していただ...",False,2026-08
sold_acees-arena-tour-v_1786966146021_9500,1786966146021,acees-arena-tour-v,2026-08-30,12:30,Asueアリーナ大阪,electronic,female,【条件あり】当日手渡し/座席未定/ランダム配布/有効会員,,,,,2026-08-17 11:29:06,2026-08-27 10:01:13,2026-08-27 07:17:28,sold,1,9500,"《開場30分前集合予定》

※レビュー(評価4.8以上)ある方のみ申請下さい。
※購入時のコメント不要です。
★購入後に当日連絡のつくお電話番号と氏名(苗字)を...",False,2026-08
cajttw7xo3,1785813299341,acees-arena-tour-v,2026-08-30,12:30,Asueアリーナ大阪,electronic,female,2名義中2番手,ち,5.0,,ランダム記載あり,2026-08-04 03:14:59,2026-08-27 10:01:13,,listing,1,50000,"2名義中2番手/情報局先行/初期当選/下三桁提示可/すり替えなし/着ブロ希望なし/有効期限内/該当名義（変更ボタンあり）
・開場15～30分前に会場付近の指定の場所に集合後、同時入場していただきます。詳しい待ち合わせ時間、場所等は改めてご連絡いたします。
・集合時間厳守でお願い致します。10分以上遅刻された場合、待たずに先に入場させていただく場合もございます。その場合でも必ず受取連絡はして頂きます。
・入場時、当方の用意した端末をご使用いただく予定ですので持ち逃げ防止のためその際一時的に身分証をお預かりする可能性があります。同時入場後、速やかに返却いたします。
・上記以外にも、同時入場ではない場合など当日入場の際に身分証をお預かりする場合がございます。本人確認ができる公的身分証を必ずお持ちください。お預かりした身分証は、同時入場後またはチケットお渡しの際に速やかに返却します。
・入場後、一旦チケットを回収させていただき、再集合の上チケットを配布します。
・座席をお選びいただくことはできません。
・入場後は座席選択のため、一旦解散とさせていただいます。チケットのスムーズな受渡の為にご連絡先の電話番号をお伺いします。当日連絡の繋がる電話番号をお持ちの方のみご購入ください。
・座席の選択に時間を要する場合がございますが、ご了承ください。
・チケットお渡しと同時に受取連絡をお願いいたします。
・サイチェン等お好きにしていただき構いません。ただ、名義に傷がつく行為などがないよう十分にご留意ください。途中退場させられた場合など、何かありましたら必ずご連絡ください。
・代理購入不可。購入されたご本人が必ずご入場ください。
・体調不良、遅刻、公共交通機関遅延や乱れ、ランダムエラー等の理由で入場出来なかった場合も受取通知はしていただきます。返金は致しかねます。
・如何なる理由でも買い手都合によるキャンセル不可。
・座席に関するクレームは一切受け付けません。
・公演中止の場合のみ、手数料を差し引いた金額を返金致します。",True,2026-08
hij8uushow,1786680777080,acees-arena-tour-v,2026-08-30,12:30,Asueアリーナ大阪,electronic,female,同行,あ,5.0,,ランダム,2026-08-14 04:12:57,2026-08-27 10:01:13,,listing,1,10000,"ランダム配布、ご購入者様は座席をお選び頂けません。入場後一度解散し、お渡しするチケットが決まり次第再集合して頂きます。チケットと引き換えにその場で受取連絡をお願いします。重複当選の為チケットのお渡しまでお時間頂ける方でお願い致します。
当日QRの表示にご協力頂く可能性があります。その際は入場時一時的に身分証をお預かりします。ご了承頂ける方のみご購入下さい。
座席に関するクレームは一切お受けできません。また、遅刻、体調不良、本人確認、ランダムエラー等公演中止以外の如何なる場合も返金は致しかねます。そのような場合も必ず受取して頂きますのでご了承ください。
時間に余裕を持って会場にお越し頂ける方のみ。成人済みの日本人女性でお願い致します。時間、場所等の詳細は前日までにご連絡します。",True,2026-08
sold_acees-arena-tour-v_1786795447843_32000,1786795447843,acees-arena-tour-v,2026-08-30,12:30,Asueアリーナ大阪,electronic,female,公演日1日前までにQRコード共有,,,,,2026-08-15 12:04:07,2026-08-27 10:01:13,2026-08-27 07:17:28,sold,2,32000,"初期当選/該当・変更ボタンあり/期限切/すり替えなし/下3桁提示可 

連絡ボードにてログイン情報お伝えしますのでご自身で同行者登録の上入場をお願いいたします。...",False,2026-08
sold_acees-arena-tour-v_1786179047247_9400,1786179047247,acees-arena-tour-v,2026-08-30,12:30,Asueアリーナ大阪,electronic,none,ランダム配布,,,,,2026-08-08 08:50:47,2026-08-27 10:01:13,2026-08-27 07:17:28,sold,1,9400,"❤️大阪全公演まとめ買い歓迎 中相場買取可❤️
⚠️購入後に必ず電話番号を送信してください
同時入場後、当方が座席選択後にお譲りするチケットをランダムにてお渡し...",False,2026-08
s6wdd8jkrl,1787582351734,acees-arena-tour-v,2026-08-30,12:30,Asueアリーナ大阪,electronic,female,同時入場,TA,5.0,,ランダム,2026-08-24 14:39:11,2026-08-27 10:01:13,,listing,1,9380,"ランダム配布 同時入場 立見なし 全て指定席 有効会員
ランダム配布をご理解している方のみご購入ください。
男性の方、日本語か話せる外国人の方も購入できます。
当日こちらの指定した時間に必ず集合してください。
待ち合わせは開場の30分前予定です。
チケットはランダムにお渡しする為、購入者様は座席を選ぶことが出来ません。
会場の電波が悪い場合に備え、事前に当日連絡のつく電話番号をお伺いします。
発券後は一度全てのチケットを回収し、再度チケットをお渡しする迄にお時間を頂きます。
その間一旦解散とし、お手洗い等自由に行動していただいて大丈夫です。
お渡しするチケットが決定次第ご連絡するので指定の場所へ再度集合をお願いいたします。チケットのお渡しは開演時間間際となる可能性がございます。
集合時間厳守できる方、入場列に整列し同時入場可能な方、常識を守れる方でお願い致します。
上記事項に同意できる方のみ購入お待ちしております。
公演中止以外での如何なる理由（体調不良やランダムエラー
他）でもキャンセルは対応致しません。
集合時間に遅刻された場合、こちらは定刻に入場する為、受取連絡はお願いしております。",True,2026-08
sold_acees-arena-tour-v_1787478984708_11546,1787478984708,acees-arena-tour-v,2026-08-30,12:30,Asueアリーナ大阪,electronic,female,同行,,,,,2026-08-23 09:56:24,2026-08-27 10:01:13,2026-08-27 07:17:28,sold,2,11546,"リ様
3名義中2番手",False,2026-08
sold_acees-arena-tour-v_1786764223154_9000,1786764223154,acees-arena-tour-v,2026-08-30,12:30,Asueアリーナ大阪,electronic,female,同行,,,,,2026-08-15 03:23:43,2026-08-27 10:01:13,2026-08-27 07:17:28,sold,1,9000,"ランダム配布 ★指定のみ

当日、開場30分前に会場付近にて時間厳守で待ち合わせ可能な方。詳細は公演日数日前に追ってご連絡致します。
遅刻の可能性がある場合は迅...",False,2026-08
gisx9k46ll,1787576866116,acees-arena-tour-v,2026-08-30,12:30,Asueアリーナ大阪,electronic,female,同行,🩶,5.0,,ランダム,2026-08-24 13:07:46,2026-08-27 10:01:13,,listing,2,25000,"少人数ランダム配布
上乗せにて早渡し可能
一部サイト残り当日手渡し可能
開場時間20分前頃に会場付近で集合し、同時入場して頂きます。
交通機関の遅延、体調不良、出演者の変更、ランダムエラー、本人確認などで入場できない場合でも公演中止以外は返金できません。
・入場の際に端末をお借りしてQR表示のご協力をお願いする場合がございます。
また、持ち逃げ防止のために一時的に身分証を預からせていただく可能性もあります。入場後チケットを回収する際に必ず返却いたします。
・入場後チケットをお渡しするまで会場内でお待ちいただきお時間いただきます。（開演5〜10分前目安）
・入場後の会場内容でのトラブルは一切責任を負いかねます。全て自己責任でお願いいたします。その際も受取評価は行っていただきます。
また会場内でチケットをお渡しする際のご連絡のために事前にお電話番号をお伺いする場合があります。
何かご不明点などございましたらお気軽にお問い合わせください。
トラブル防止の為、代理購入、日本語の通じない方、ランダムの意味がわからない方のご購入はご遠慮ください。当日こまめに連絡がとれる方.上記内容にすべてご理解いただいた方のみご購入ください
以上ご了承いただけた方のみ(日本人女性)ご購入をお願いいたします。",True,2026-08
ik6m1q8i30,1787353336167,acees-arena-tour-v,2026-08-30,12:30,Asueアリーナ大阪,electronic,female,少人数ランダム配布,のあ,5.0,,ランダム,2026-08-21 23:02:16,2026-08-27 10:01:13,,listing,1,10000,"【指定席のみの少人数ランダム配布】
2名義入場
【条件あり】
必ず最後まで注意事項をご確認の上、問題がなければご購入お手続きをお願い致します。
※プライベート出品/プラベル出品いたしますので、ご購入前にメッセージをお願いいたします。
・複数名義所持のため、人数が揃い次第同時入場後一度全てのチケットを回収し、こちらが選ばなかったチケットをランダムでお渡し致します。 ご自身での座席選択は一切出来かねますので、ご了承ください。またお座席に関するクレームも一切お受け出来ません。
・当日は会場付近にて、開場時間の30分前に集合して頂きます。集合時間や場所につきましては、公演日前日までに連絡ボードにてご連絡致します。必ず集合時間厳守でお願いします。 交通機関の遅延、遅刻等いかなる場合でも、時間を過ぎた場合は先に入場させていただきます。 その場合も、返金・キャンセルは受け付けられず受取通知は行なって頂くことになりますのでお時間に余裕を持って集合をお願い致します。
・会場内でのご連絡の為に、こちらからの連絡を待たずにご購入後連絡ボードにてお名前（ニックネーム）・電話番号をお知らせください。
・入場に際して、トラブル防止のため一時的に公的身分証明証をお預かりさせていただく場合がございますので、必ず当日お持ちいただきますようお願い致します。 そちらを中の見えない封筒に入れ、ご購入者様の目の前で封を致します。 トラブル等ない限り、こちらで開けることはございませんのでご安心ください。 入場後、チケット回収のタイミングでご返却致します。
・入場後は一旦解散しますのでその間はご自由にお過ごし下さい。再集合しチケットをお渡しさせていただきますので、中でのご連絡がお取り出来る方でお願い致します。配布時間は5-10分前になります。
・遅刻や検温等による体調不良など如何なる場合も落札後のキャンセルは受付致しかねます。
※本人確認やランダムエラーにより、入場出来なかった際のご返金は出来かねますので予めご了承ください。 公演中止以外は如何なる場合も返金対応は致しません。
・録音・録画・盗撮などマナー違反をされる方のご購入はお控えください。違反行為が発覚した場合は然るべき措置を取らせて頂きます。
・トラブル防止のため代理購入不可となります。必ずご入場されるご本人様がご購入ください。
上記デジタルチケット、ランダム配布のお取引をご理解頂ける日本人女性の方のみ、ご購入をお願い致します",True,2026-08
jfi5mh09mc,1787365764397,acees-arena-tour-v,2026-08-30,12:30,Asueアリーナ大阪,electronic,female,指定席のみランダム配布,M,5.0,,ランダム,2026-08-22 02:29:24,2026-08-27 10:01:13,,listing,1,11000,"ランダム配布 /少人数入場
当日は開場時間30分前に指定の場所に集合して頂きます。遅刻には対応できませんのでご注意ください。
入場後は一度チケットを回収し、解散して頂きます。
開演時間までには必ずチケットをお渡し致します。
ご購入者様は座席をお選びいただけません。
お座席へのクレームも一切受付ませんのでご注意下さい。
公演中止の際には規約に基づき返金致しますが、本人確認やランダムエラーなど公演中止以外の理由での返金はいかなる場合もできませんのでご注意下さい。
会場内電波が悪い場合がございますのでお電話番号のご提示をお願い致します。
チケット持ち逃げ防止の為、顔付き身分証をお預かりさせて頂く場合がございますが、入場後すぐに返却いたしますのでご了承下さい。
トラブル防止のため、代理購入およびランダム配布の意味をご理解していない方の購入はご遠慮下さい。
日本語の話せる方、通じる方でお願い致します。",True,2026-08
sold_acees-arena-tour-v_1785856791575_9500,1785856791575,acees-arena-tour-v,2026-08-30,12:30,Asueアリーナ大阪,electronic,female,【条件あり】当日手渡し/座席未定/ランダム配布/有効会員,,,,,2026-08-04 15:19:51,2026-08-27 10:01:13,2026-08-27 07:17:28,sold,1,9500,"《開場30分前集合予定》

※レビュー(評価4.8以上)ある方のみ申請下さい。
※購入時のコメント不要です。
★購入後に当日連絡のつくお電話番号と氏名(苗字)を...",False,2026-08
omjykpriyp,1787455334785,acees-arena-tour-v,2026-08-30,12:30,Asueアリーナ大阪,electronic,female,同行,R,5.0,,同行番手,2026-08-23 03:22:14,2026-08-27 10:01:13,,listing,1,48000,"情報局先行 該当名義 変更ボタン有 初期当選 下3桁提示可 すり替えなし 有効期限内期限内名義 同一クレカ支払いなし
2名義中2番手（2連×2名義）のお譲りとなります。
こちらが先に1名義×2連番を選び、余った2枚のうち1枚のお譲りです。
座席の選択権は一切ございませんのでご了承ください。
実際に席の確認をしたり、お譲りする席の確定までに少々お時間をいただきます。
半券お渡し後、速やかに受取通知をお願いいたします。
お渡し後、サイチェン等お好きにしていただいて構いません。
公演当日、会場付近で待ち合わせの上同時入場していただきます。
詳しい待ち合わせ時間・場所はご入金後取引連絡でご連絡させていただきます。
時間厳守でお願いいたします。
10分以上の遅刻は、待たずに入場をさせていただき、その場合でも受取通知は必ずしていただきますので時間に余裕を持ってお越しください。
10分以内でも、事前のご連絡がない場合は先に入場をさせていただく場合もございます。公演中止以外、出演者見合わせ、買い手様の遅刻、体調不良、座席に関するクレーム等の返金は一切いたしかねます。
上記の旨ご理解頂いた上でご購入をお願いいたします。
公演中止の際は手数料を差し引いた金額を返金いたします。",True,2026-08
2b43rkez1m,1787729474378,acees-arena-tour-v,2026-08-30,12:30,Asueアリーナ大阪,electronic,female,同行,a,5.0,,ランダム,2026-08-26 07:31:14,2026-08-27 10:01:13,,listing,1,9900,"少人数 ランダム配布 指定席
11:20頃の待ち合わせ予定当日は同時入場後にチケットを回収し、一度解散となります。その後、開演5〜10分前を目安にランダムで指定席チケットをお渡しいたします。立見は含みません。
当日のお取引を円滑に進めるため、名字電話番号のご提示をお願いしております。
集合時間までにお越しいただけない場合は、お待ちせず入場します。その際も受取連絡はお願いいたしますので、時間厳守でお越しください。
チケットお渡し後はその場で受取連絡をお願いいたします。
日本人女性の方のみご購入をお願いいたします。
代理購入はご遠慮ください。必ずご購入者様ご本人が待ち合わせ場所までお越しください。
公演中止の場合は、サイト規約に基づき返金対応いたします。
なお、公演中止以外（本人確認・ランダムエラー・体調不良・交通機関の遅延・一部出演者の不在など）による返金・キャンセルには対応いたしかねます。",True,2026-08
sold_acees-arena-tour-v_1787441851935_45000,1787441851935,acees-arena-tour-v,2026-08-30,12:30,Asueアリーナ大阪,electronic,female,公演前日にログイン情報を共有,,,,,2026-08-22 23:37:31,2026-08-27 10:01:13,2026-08-27 07:17:28,sold,2,45000,"QR毎のお譲り/初期当選/該当名義/変更ボタン有/有効期限内/下3桁提示可/着ブロ希望なし


公演前日にログイン情報をお伝えいたします。
ログイン後はQR表示...",False,2026-08
si9zg9ndcu,1787451738111,acees-arena-tour-v,2026-08-30,12:30,Asueアリーナ大阪,electronic,female,同行,U,5.0,,ランダム,2026-08-23 02:22:18,2026-08-27 10:01:13,,listing,2,20000,【入場時ランダムエラーの場合の全額返金保証】ランダムのお渡しとなり、購入者様の座席選択権はありませんことご理解下さい。(連番での落札は必ず連番のお譲り、プラベルでの出品可能) 外国人の方また代理購入不可。当日開場時間30分前に会場付近待ち合わせ予定。お席に関するクレーム、理由問わず集合時間に遅刻、買い手様都合(出演者変更含む)のキャンセルなど入場時のランダムエラーと公演中止以外一切返金対応しかねます。チケットをお渡し受取連絡を頂いた時点でお取引完了とみなします。ご不明な点あれば購入前ににご質問頂き、上記記載にご納得ご了承いただける方のみご購入ください。のお渡しとなり、購入者様の座席選択権はありませんことご理解下さい。(連番での落札は必ず連番のお譲り、プラベルでの出品可能) 外国人の方また代理購入不可。当日開場時間30分前に会場付近待ち合わせ予定。お席に関するクレーム、理由問わず集合時間に遅刻、買い手様都合(出演者変更含む)のキャンセルなど入場時のランダムエラーと公演中止以外一切返金対応しかねます。チケットをお渡し受取連絡を頂いた時点でお取引完了とみなします。ご不明な点あれば購入前ににご質問頂き、上記記載にご納得ご了承いただける方のみご購入ください。,True,2026-08
sold_acees-arena-tour-v_1786069300465_9900,1786069300465,acees-arena-tour-v,2026-08-30,12:30,Asueアリーナ大阪,electronic,female,同行,,,,,2026-08-07 02:21:40,2026-08-27 10:01:13,2026-08-27 07:17:28,sold,1,9900,"複数名義当選のため、開演時刻の1時間30分前までに会場付近に集合していただき、同時入場後、一旦チケットを回収してこちらで先に座席選択させていただきます。
複数の...",False,2026-08
7p9ez99omx,1787714368628,acees-arena-tour-v,2026-08-30,12:30,Asueアリーナ大阪,electronic,female,3名義中1番手同行,ab,5.0,,同行番手,2026-08-26 03:19:28,2026-08-27 10:01:13,,listing,1,90000,"ご購入の際は専用出品に切り替えます。
3名義中1番手同行
(2,3番手は2連でお譲りするため、座席はお選びいただけません。当方が選んだ座席の隣のチケットをお渡しします。)
3名義すべて
初期当選/有効期限内/該当名義(変更ボタン有)
女性名義/着ブロ希望なし
・すり替えなし。下3桁提示可
・電話番号交換必須
★入場後はチケットをお渡ししたらその場でチケテンの受取処理をお願いします。
★当日待ち合わせ時間に遅れた場合は、待たずに入場します。その際も受取処理はしていただきます。（開演1時間前集合予定）",True,2026-08
sold_acees-arena-tour-v_1786719965534_10000,1786719965534,acees-arena-tour-v,2026-08-30,12:30,Asueアリーナ大阪,electronic,female,同行,,,,,2026-08-14 15:06:05,2026-08-27 10:01:13,2026-08-27 07:17:28,sold,1,10000,"ランダム配布でのお渡しです。

・円滑な取引のため、ご購入後取引連絡にてお電話番号のご提示をお願いいたします。
・当日開場30分前に会場付近で集合し、同時入場さ...",False,2026-08
2izniyrn3t,1787649231332,acees-arena-tour-v,2026-08-30,12:30,Asueアリーナ大阪,electronic,female,同行,る,5.0,,ランダム,2026-08-25 09:13:51,2026-08-27 10:01:13,,listing,2,19000,"ランダム配布 連番確約
開場時間30分前頃を目処に会場付近で集合を予定しております。
指定したお時間に遅れられた場合、また遅れる等の連絡がない場合は待たずに入場させていただきますが如何なる場合も受取連絡をしていただきますので余裕を持って会場までお越し下さい。
全て有効期限内名義のランダム配布、同行者登録は全てこちらでさせていただきます。入場する際、一時的に端末や身分証をお預かりする場合がございますのでご協力お願い致します。
発券後チケットを全て回収させて頂き、ランダムでお渡し致します。座席選択のためチケットをお渡しするまでにお時間頂きます。入場後、会場内ではご自由にして頂いて構いません。お渡しするチケットが決まりましたらご連絡致します。
チケットをお渡しする際に受取連絡が完了していることが確認でき次第、速やかにチケットをお渡しします。電波状況により受取連絡が出来ない場合はこちらからテザリングを行いますがそれでも受取連絡をしていただけない場合は如何なる場合もチケットお渡しや座席情報をお伝えすることは出来ませんので必ず受取連絡をお願い致します。
ランダム配布のため買い手様に座席選択権は一切ございません。座席に関するクレームなど対応できませんのでご理解の上ご購入下さい。
公演中止以外如何なる場合も返金不可とさせていただきます。本人確認やランダムエラー、遅延、出演者の変更、買い手様都合のキャンセルは一切対応致しません。必ず受取連絡をお願い致します。
公演中止の場合のみ手数料を差し引いた金額を返金させていただきます。
代理購入はおやめ下さい。
集合する際にご連絡させていただきたいため電話番号の提示が可能な方、日本語が通じる女性のみ、記載内容を全て理解頂いた方のみご購入下さい。",True,2026-08
sold_acees-arena-tour-v_1786010035109_48000,1786010035109,acees-arena-tour-v,2026-08-30,12:30,Asueアリーナ大阪,electronic,female,入金後3時間以内にQRコード共有,,,,,2026-08-06 09:53:55,2026-08-27 10:01:13,2026-08-27 07:17:28,sold,2,48000,"情報局先行 初期当選 ACEes 佐藤龍我名義 指定席 2枚申し込み QRごとのお譲り 条件ご
ざいません 座席未定

情報局先行 ２枚申込みでの当選
都合によ...",False,2026-08
sold_acees-arena-tour-v_1787013567866_46000,1787013567866,acees-arena-tour-v,2026-08-30,12:30,Asueアリーナ大阪,electronic,female,同行,,,,,2026-08-18 00:39:27,2026-08-27 10:01:13,2026-08-27 07:17:28,sold,1,46000,"2連中1枚同行/初期当選/該当名義/変更ボタンあり/下3桁提示可/有効期限内/サイチェン可/
前回の当選歴スタンド
公演当日開演1時間前を目安に会場付近に集合し...",False,2026-08
sold_acees-arena-tour-v_1786588234177_45000,1786588234177,acees-arena-tour-v,2026-08-30,12:30,Asueアリーナ大阪,electronic,female,公演前日にログイン情報共有,,,,,2026-08-13 02:30:34,2026-08-27 10:01:13,2026-08-27 07:17:28,sold,2,45000,"2連QR毎/初期当選/該当名義/変更ボタンあり/有効期限内/すり替えなし/3桁提示可/着ブロ希望なし/
こちらの公演1公演のみ当選、重複なし。

ログイン情報に...",False,2026-08
j2x5rsufzt,1787813338996,acees-arena-tour-v,2026-08-30,12:30,Asueアリーナ大阪,electronic,female,3名義中2番手,a,5.0,,,2026-08-27 06:48:58,2026-08-27 10:01:13,,listing,2,57000,"情報局先行/初期当選/3名義中2番手
有効期限内該当名義(変更ボタンあり)
着ブロ希望なし/すり替えなし(下3桁提示可能)
2連×3名義所持。同時入場後に一旦全てのチケットを回収しこちらで1名義分選択後、残りの2名義から1名義分お選び頂きます。
バラで購入された場合は連番になるよう買い手様同士でご相談の上お選び下さい。
すり替えはいたしませんので、ご希望であれば事前に全ての会員番号下3桁提示可能です。
成人済みの日本人女性のみご購入をお願いします。
入場やチケットの配布までにお待ち頂く場合がありますので、ご了承頂ける方のみご購入下さい。
遅刻された場合は先に入場させて頂く場合がありますので、時間厳守でお願いいたします。
公演中止の場合のみ、取引中止・手数料を引いた金額を返金いたします。
公演当日、会場付近で待ち合わせし同時入場していただきます。集合は11:30頃を予定しております。詳しい待ち合わせ場所等詳細は決まり次第お伝えいたします。",True,2026-08
sold_acees-arena-tour-v_1786067013669_50000,1786067013669,acees-arena-tour-v,2026-08-30,12:30,Asueアリーナ大阪,electronic,female,公演前日にログイン情報を共有,,,,,2026-08-07 01:43:33,2026-08-27 10:01:13,2026-08-27 07:17:28,sold,2,50000,"QR毎のお譲り/初期当選/該当名義/変更ボタン有/有効期限内/下3桁提示可/着ブロ希望なし


公演前日にログイン情報をお伝えいたします。
ログイン後はQR表示...",False,2026-08
mvbsldzsxd,1787779657824,acees-arena-tour-v,2026-08-30,12:30,Asueアリーナ大阪,electronic,female,ランダム配布,,,,,2026-08-26 21:27:37,2026-08-27 10:01:13,2026-08-27 08:01:09,sold,1,8600,"【ランダム配布】
・当日はこちらが指定した時間に会場付近の指定場所に集合して頂きます。前日までに詳細を連絡ボードにてお伝えします。
・交通機関の乱れや体調不良を...",False,2026-08
6x6s9scq3y,1787763198556,acees-arena-tour-v,2026-08-30,12:30,Asueアリーナ大阪,electronic,female,同行,12,5.0,,同行記載あり,2026-08-26 16:53:18,2026-08-27 10:01:13,,listing,1,50000,"・2連中1枚同行/該当名義/初期当選/有効期限内名義 /すり替え・重複なし
・ 公演当日、開場10分前頃に最寄駅または会場付近にて待ち合わせし、同時入場していただきます
・詳しい待ち合わせ時間・場所等はマイページの連絡ボードでお知らせします
・同時入場後、購入者様には連番内の当方が選ばなかったチケットをお渡しいたします。連番内での座席はお選びいただけません
・座席未定のチケットにつき座席に関してのクレームはお控えください。キャンセルやクレームは受付けません
・チケットお渡し後は速やかに受取通知をお願いいたします。当日の電波不良等があっても受け取り通知を完了いただくまではチケットをお渡し出来かねます
・公共交通機関の遅延を含む遅刻、購入者様やご家族の体調不良・冠婚葬祭、その他如何なる理由でも待ち合わせ時間にお見えにならない場合は先に入場いたしますが、その際も受取通知をしていただきます
・トラブル防止のため代理購入および代理の方のご入場はお控えください
・本人確認対応不可名義です。ランダムエラーや本人確認で万が一入場出来なかった場合、その他如何なる理由であっても公演中止以外でのキャンセルや返金対応は致しかねます
・サイドチェンジは自己の責任で行なってください。当方も同様に行う場合がございます
上記すべての内容をお読みいただきご理解、ご納得いただける日本語の話せる成人済の女性のみお取引をお願いいたします",True,2026-08
ozd0eif4a6,1787554133038,acees-arena-tour-v,2026-08-30,12:30,Asueアリーナ大阪,electronic,female,同行,m,4.9,,同行ランダム,2026-08-24 06:48:53,2026-08-27 10:01:13,,listing,2,32000,"🌟すり替えなしランダム即配布🌟すべて初期当選、該当名義(変更ボタンあり)、有効期限内、着ブロなし、下3桁提示可能です。複数名義当選のため、開演時刻の1時間30分前頃までに会場付近に集合していただき、同時入場後、一旦チケットを回収してこちらで先に座席選択させていただきます。
複数の方にお集まりいただきますので、スムーズにお取引できるよう必ず時間厳守でお願いいたします。
交通機関の乱れ、体調不良等、如何なる理由であれ遅刻は認めません。遅刻の場合でも先に入場いたしますが、その場合も必ず受取通知をしていただきます。
こちらで座席選択後、すりかえなしでチケットをお渡しします。
当日まで座席未定のため座席に関するクレームや返金対応は一切お受けできません。
同行者登録にご協力いただきますので購入後はこちらからの連絡を待たず、すみやかにお名前フルネーム(漢字・かな)と携帯番号のご提示をお願いいたします。
電話番号は当日電波が悪く連絡ボードが使用できない場合に使用するため、必ず当日繋がる番号のご提示をお願いいたします。
入場時にQRコードの表示をお願いする場合がございますので使用可能な端末をお持ちください。速度規制がかかっていたり、スマホ画面の大きな損傷等ある場合は必ず前日までに事前にメッセージにてお知らせください。
QR表示と引き換えに身分証をお預かりする場合がありますのでご持参をお願いいたします。身分証はチケット回収時にすぐにお返しいたします。
代理購入は不可ですので、必ず購入者自身が購入・入場してください。
ランダムエラーや購入者様都合での遅刻などについてはキャンセル・返金対応には一切応じません。必ず受取評価をしていただきますのでご理解の上でご購入ください。",True,2026-08
c2xnbl6e5k,1785724575516,acees-arena-tour-v,2026-08-30,12:30,Asueアリーナ大阪,electronic,female,座席未定 同時入場,な,5.0,,ランダム,2026-08-03 02:36:15,2026-08-27 10:01:13,,listing,2,17000,"※こちらは2連での出品ですが2連番を保証するものではなく別々のお席になる可能性があります。
できる限り連番を渡せるように努めますが必ずというわけではありませんので御理解の上ご購入くださいませ。
【初期当選/期限内/該当名義】
重複当選のため同時入場予定です。一度全てのチケットを回収し、再度お配りする座席でご観覧いただきます。 チケットはお渡しまでにお時間を要しますのでご了承ください。
当日は開場時間20分前に会場付近にて集合の予定です。 時間は前後する場合がありますため柔軟に対応いただける方でお願い致します。詳細は公演日前日にご連絡します。
ランダムエラー、本人確認、購入者様の遅刻などいかなる場合でもキャンセル返金不可。必ず受取連絡をしていただきますことご理解お願い致します。 また、当日はこちらの指示に従ってください。
全てご理解いただいた方のみご購入ください。",True,2026-08
7pkb990cuq,1787659920600,acees-arena-tour-v,2026-08-30,12:30,Asueアリーナ大阪,electronic,female,同行,Y,5.0,,番手,2026-08-25 12:12:00,2026-08-27 10:01:13,,listing,2,38000,"2名義中2番手　すり替えなし
２名義共に初期当選/期限内該当名義(女性名義)/変更ボタン有/すり替え無/下3桁提示可
当日の電波状況で連絡がとれなくなる可能性がありますので購入後は当日連絡の取れる電話番号をお送り下さい。
公演当日、開演前45分頃に会場付近にて待ち合わせ、同時入場していただきます。詳しい集合時間、場所に関しましては当日までにご連絡致します。時間厳守の為必ず集合時間に間に合うようにお願い致します。
入場時のみー時的に身分証を預からせていただく場合もございますので顔写真付きの身分証をお持ちいただきますようお願い致します。
発券後は一度チケットを回収させていただき、こちらが座席選択をした後にチケットをお渡し致します。購入者様に座席選択の権利はございません。座席確認の為、お渡しまでに少しお時間をいただく場合がございますのでご了承ください。
お席に関するクレームは一切受け付けておりません。チケットお渡しと同時に速やかに受取評価をお願いいたします。
遅刻された場合は先に入らせていただきます。その場合も受け取り確認していただきます。
公演中止以外の如何なる理由でも返金は致しかねますのでご了承ください。体調不良、本人確認、ランダムエラー等のトラブルで入場出来なかった場合、交通機関の遅れなどの理由でしても5分以上遅刻をされた場合先に入場させて頂きますが受取評価はして頂きます。
他の方のご迷惑になる可能性や、入場に支障をきたす可能性がありますので、キャリーケースや大きなカバンを持っての集合はご遠慮ください。また、代理購入などもご遠慮ください。",True,2026-08
hsa97bi8g6,1787577675803,acees-arena-tour-v,2026-08-30,12:30,Asueアリーナ大阪,electronic,female,同時入場,ひ♡,5.0,,同行,2026-08-24 13:21:15,2026-08-27 10:01:13,,listing,1,50000,"初期当選/有効期限内/該当名義/変更ボタンあり/2連中1枚同行/浮所担不可
公演当日開場15分前を目安に会場付近に集合し、同時入場していただきます。
当方が座席選択後チケットをお渡しいたしますのでその場で受取連絡をお願いいたします。連番内のお座席はお選びいただけませんので、ご了承ください。
遅刻された場合、待たずに入場させていただきますが、その際も必ず受取連絡していただきます。 座席のクレームは一切受け付けません。
公演中止の場合のみ手数料を差し引いた金額を返金いたします。公演中止以外本人確認、ランダムエラー、出演者の変更、公共交通機関の遅延、体調不良などの如何なる場合でも返金は致しかねますのでご了承下さい。
チケット回収のある途中退場はおやめ下さい
購入希望の方はコメントお願いいたします。プライベート出品にいたします。",True,2026-08
celupnsz2n,1787663752306,acees-arena-tour-v,2026-08-30,12:30,Asueアリーナ大阪,electronic,female,同行,ななせ,5.0,,同行,2026-08-25 13:15:52,2026-08-27 10:01:13,,listing,1,50000,"初期当選/有効期限内/該当名義/変更ボタンあり/下3桁提示可/重複すり替えなし
2連中1枚 同行 当方作間担です。どなたでも可
公演当日開場15分前を目安に会場付近に集合し、同時入場していただきます。
当方が座席選択後チケットをお渡しいたしますのでその場で受取連絡をお願いいたします。発券後1度チケット回収します。連番内のお座席はお選びいただけませんので、ご了承ください。
大幅に遅刻された場合、待たずに入場させていただきますが、その際も必ず受取連絡していただきます。 座席のクレームは一切受け付けません。
公演中止の場合のみ手数料を差し引いた金額を返金いたします。公演中止以外本人確認、ランダムエラー、出演者の変更、公共交通機関の遅延、体調不良などの如何なる場合でも返金は致しかねますのでご了承下さい。",True,2026-08
sold_acees-arena-tour-v_1787541569432_9300,1787541569432,acees-arena-tour-v,2026-08-30,12:30,Asueアリーナ大阪,electronic,female,同行,,,,,2026-08-24 03:19:29,2026-08-27 10:01:13,2026-08-27 07:17:28,sold,1,9300,"少人数ランダム  指定席 16:20頃の待ち合わせ予定

当日は同時入場後にチケットを回収し、一度解散となります。その後、開演5〜10分前を目安にランダムで指定...",False,2026-08
baf0w722i7,1787546492073,acees-arena-tour-v,2026-08-30,12:30,Asueアリーナ大阪,electronic,female,同行,あ,5.0,,番手,2026-08-24 04:41:32,2026-08-27 10:01:13,,listing,2,47500,"3名義中2番手 2連
3名義共に有効期限内該当名義(女性名義)
重複すり替えなし/下3桁提示可/変更ボタン有/着ブロ希望無し
・公演当日、11時頃こちらの指定する場所にお集まりいただき同時入場していただきます。
・入場の際、購入者様の端末をお借りして入場に必要なログイン情報を入力させていただく可能性もございます。こちらから依頼があった場合は御協力をお願いいたします。
・発券後は一度チケットを回収させていただき、こちらが座席選択をした後、2番手のチケットをお渡し致します。
・座席確認の為、お渡しまでに少しお時間をいただく場合がございます。ご了承ください。
・お席に関するクレームは一切受け付けておりません。チケットお渡しと同時に速やかに受取評価をお願いいたします。
・運営側から公演中止、払い戻しのお知らせがあった場合のみ規約に基づき返金対応を致します。その他の如何なる場合(ランダムエラー、出演者変更、体調不良、交通機関の遅延等)も購入後のキャンセル、返金対応はできません。必ず受け取り評価をして頂きますのでご了承いただける方のみご購入下さい。
・代理購入、日本人女性以外の方の購入はご遠慮いただけますようお願い申し上げます。",True,2026-08
sold_acees-arena-tour-v_1786697998356_36000,1786697998356,acees-arena-tour-v,2026-08-30,12:30,Asueアリーナ大阪,electronic,female,同行,,,,,2026-08-14 08:59:58,2026-08-27 10:01:13,2026-08-27 07:17:28,sold,1,36000,"有効期限内2連×3名義の3名義中3番手の1枚のお譲りになります。
当方が発券したチケットの中からすり替えなしでチケットをお渡ししいたします。
* 公演当日、開場...",False,2026-08
sold_acees-arena-tour-v_1787558559126_9000,1787558559126,acees-arena-tour-v,2026-08-30,12:30,Asueアリーナ大阪,electronic,female,同行,,,,,2026-08-24 08:02:39,2026-08-27 10:01:13,2026-08-27 07:17:28,sold,1,9000,"複数名義当選のため、開演時刻の1時間30分前までに会場付近に集合していただき、同時入場後、一旦チケットを回収してこちらで先に座席選択させていただきます。
複数の...",False,2026-08
oof2br15mp,1787724299380,acees-arena-tour-v,2026-08-30,12:30,Asueアリーナ大阪,electronic,female,同行,S,4.9,,ランダム,2026-08-26 06:04:59,2026-08-27 10:01:13,,listing,1,10000,"ランダム配布 指定席チケット
開場30分前程度に会場付近で待ち合わせ、同時入場していただきます。
複数名義所持しております。同時入場をしてチケットを回収後一度解散し、開演5~10分前にランダムで配布致します。指定席のチケットをお渡し致します。立見は含みません。
入場時QRコード表示にご協力いただく場合がございます。入場時に公的身分証明書を一時的にお預かりします。封をした状態でお預かりし、チケットと引き換えにお返し致します。トラブル等ない限り見ることはございませんのでご協力下さい。
また、当日お取引をスムーズに進めさせていただくため電話番号のご提示をお願いしております。
集合時間過ぎても来ない場合は待たずに入場しますが、受取連絡はして頂きます。
チケットをお渡し後はその場で受取連絡をお願い致します。
代理購入不可。購入者様本人が待ち合わせにお越しください。
公演中止の際は規約に基づきご返金致します。
公演中止以外（本人確認・ランダムエラー・体調不良・交通機関の遅延・一部出演者不在等）で返金及びキャンセル対応はできません。
日本人女性の方のみご購入ください。",True,2026-08
e9j2zwxdw5,1787762634918,acees-arena-tour-v,2026-08-30,12:30,Asueアリーナ大阪,electronic,none,ランダム配布,うきぴ,4.9,,ランダム,2026-08-26 16:43:54,2026-08-27 10:01:13,,listing,1,9000,"🧡指定席のみランダム配布🧡
公演当日は開場時間の40分前に会場付近にお集まりいただき、同時入場していただきます。
詳しい時間はお日にちが近づきましたらメッセージボードにてご連絡いたします。
遅刻された場合は購入者様のご都合でキャンセルとし、返金はいたしません。
集合時間に必ず間に合う方のみご購入をお願いいたします。
購入者様にQR表示のご協力をお願いする場合がありますのでQR表示ができる端末をお持ちください。
同時入場後こちらが先に座席を選んだ後、チケットをお渡しします。
購入者様ご自身で座席は選べません。
入場後お席を選ぶのに時間がかかるため一度解散いたします。
開演前までにチケットをお渡ししますのでこちらが指定する場所にお越しください。
当日まで座席未定の為、どこのお席になるかわかりません。
その為座席に関するクレームや返金はお受けいたしません。
またチケットお渡しの際にその場で受け取り連絡をお願いいたします。
購入者様の都合（交通機関・体調不良・濃厚接触者・遅刻等）・本人確認等その他当方管理内名義でのランダムエラーなどで入場できなかった場合や、黒服トラブルでの退場などございましても返金対応出来ませんのでご理解下さい。
トラブル防止でご購入は日本語が通じる方のみでお願い致します。
ご購入後連絡ボードに【お名前ひらがなと当日繋がる電話番号】をお送りください。
以上の事をご理解頂ける方のみご購入下さい。
ご購入後は全て同意頂けたものとみなします。",True,2026-08
sold_acees-arena-tour-v_1787397965930_9000,1787397965930,acees-arena-tour-v,2026-08-30,12:30,Asueアリーナ大阪,electronic,female,同行,,,,,2026-08-22 11:26:05,2026-08-27 10:01:13,2026-08-27 07:17:28,sold,1,9000,"ランダム配布 指定席チケット

開場30分前程度に会場付近で待ち合わせ、同時入場していただきます。
複数名義所持しております。同時入場をしてチケットを回収後一度...",False,2026-08
sold_acees-arena-tour-v_1786962717421_48000,1786962717421,acees-arena-tour-v,2026-08-30,12:30,Asueアリーナ大阪,electronic,female,公演3日前にログイン情報をお伝え,,,,,2026-08-17 10:31:57,2026-08-27 10:01:13,2026-08-27 07:17:28,sold,2,48000,"初期当選/QRごと/該当（変更ボタンあり）/有効期限内/下3桁提示可/着ブロ指定なし/発送物戻りなし
公演3日前にログイン情報をお伝えします。
同行者登録、同意...",False,2026-08
sold_acees-arena-tour-v_1786368870203_30000,1786368870203,acees-arena-tour-v,2026-08-30,12:30,Asueアリーナ大阪,electronic,female,公演日前日にログイン情報共有,,,,,2026-08-10 13:34:30,2026-08-27 10:01:13,2026-08-27 07:17:28,sold,2,30000,"該当名義/初期当選/変更ボタン有/同行者登録可/下三桁提示可/⚠️有効期限切れ⚠️ご理解頂ける方のみご購入お願い致します。
公演中止以外の如何なる理由も返金対応...",False,2026-08
sold_acees-arena-tour-v_1787411064389_36000,1787411064389,acees-arena-tour-v,2026-08-30,12:30,Asueアリーナ大阪,electronic,female,同行,,,,,2026-08-22 15:04:24,2026-08-27 10:01:13,2026-08-27 07:17:28,sold,2,36000,"座席未定 情報局先行 2名義中2番手でのお渡し 全て該当名義 有効期限内 変更ボタンあり 初期当選 下3桁提示可能 すり替えなし 着ブロ希望なし

公演当日こち...",False,2026-08
f0suslq9h6,1787803673164,acees-arena-tour-v,2026-08-30,12:30,Asueアリーナ大阪,electronic,female,ランダム,とろ,4.9,,ランダム,2026-08-27 04:07:53,2026-08-27 10:01:13,,listing,1,10000,"ランダム配布 ‪☆指定のみ 中相場買取可
当日、開場30分前に会場付近にて時間厳守で待ち合わせ可能な方。
詳細は公演日数日前に追ってご連絡致します。
遅刻の可能性がある場合は迅速に到着時間と遅刻時間をご連絡下さい。
複数名義所持しているため時間厳守でお願い致します。購入者様の遅刻によりこちらが先に入場した場合当方に非は御座いませんので受取連絡していただきます。
※ランダム配布であることをご理解お願い致します。その為座席に関するクレームやキャンセルは一切受け付けておりません。
※会場によりQRごとのお譲りとなる可能性も御座います。ログイン情報をお伝え致しますのでご自身で入場頂きますようお願い致します。入場後は速やかにログアウトと受取通知をお願い致します。個人情報ですので入場に無関係なページの閲覧はお控え下さい。
※円滑なお取引を進める為に、お電話番号を事前にお伺い致します。必ず連絡がつきやすいものや通信状況に問題のないものでお願い致します。開演時間を過ぎてもあまりにも連絡がつかない場合の責任は負いかねます。(SMSやLINE等でチケット写真を送信等最大限のことは致します)
※座席の種類・相場の変動・日付間違い・出演メンバーの変更・体調不良・冠婚葬祭など如何なる理由でも購入後のキャンセルは致しかねます。どうしてもキャンセルをご希望の場合はそのままお取引は続行とし、キャンセル料として購入されたこちらのお取引はそのまま受取連絡して頂く形となります。
※システムエラー・ランダムエラー・本人確認などの予期せぬトラブルにより入場できない場合の対応は致しかねます。返金も致しかねます。
※入場の際、QRコードを表示するため端末をお借りする場合がございます。その際も速やかにログアウト、無関係なページの閲覧はお控えください。
※チケット持ち逃げ防止の為当日身分証を預からせて頂きます。入場後すぐお返ししますのてご準備お願い致します。
※購入は成人済みの日本語での意思疎通ができる方のみでお願い致します。最後まで責任を持ってお取引お願い致します。",True,2026-08
sold_acees-arena-tour-v_1787803207417_8500,1787803207417,acees-arena-tour-v,2026-08-30,12:30,Asueアリーナ大阪,electronic,female,同行,,,,,2026-08-27 04:00:07,2026-08-27 10:01:13,2026-08-27 07:17:28,sold,2,8500,"

【条件あり】ランダム配布/連番確約ではございません/ランダムエラーの際返金させていただきます

複数名義所持のため座席選択の条件付きになります。以下の内容を...",False,2026-08
sold_acees-arena-tour-v_1787543463491_42000,1787543463491,acees-arena-tour-v,2026-08-30,12:30,Asueアリーナ大阪,electronic,female,入金後24時間以内にQRコード共有,,,,,2026-08-24 03:51:03,2026-08-27 10:01:13,2026-08-27 07:17:28,sold,2,42000,FC先行　QRごとお譲り　初期当選　該当名義(変更ボタン有り)席種未定(着席ブロック、制作開放席ではありません)　Pay-easy決済　有効期限内名義　重複当選...,False,2026-08
sold_acees-arena-tour-v_1786354518470_12000,1786354518470,acees-arena-tour-v,2026-08-30,12:30,Asueアリーナ大阪,electronic,none,ランダム配布,,,,,2026-08-10 09:35:18,2026-08-27 10:01:13,2026-08-27 07:17:28,sold,1,12000,"🧡指定席のみランダム配布🧡
公演当日は開場時間の40分前に会場付近にお集まりいただき、同時入場していただきます。

詳しい時間はお日にちが近づきましたらメッ...",False,2026-08
uucs7gsims,1787806074256,acees-arena-tour-v,2026-08-30,12:30,Asueアリーナ大阪,electronic,female,同行,たなべ,5.0,,同行,2026-08-27 04:47:54,2026-08-27 10:01:13,,listing,1,42000,"2連中1枚、すり替えなし同行
初期当選、該当名義、有効期限内、すり替えなし、下3桁提示可能、龍我担不可の条件になります。
同時入場後に座席を確認し、そのままチケットをお渡しします。
席によっては実際に見に行く可能性がありますのでその際はご同行頂けたら助かります。
電波が悪い場合や合流できない場合のみ電話番号を提示します。他の個人情報はお互いに提示なしでのお取引ですが、同行者登録のご協力をお願いした際は1名様分のみ必要事項のご提示をお願いします。
頂いた情報で登録致します。
受け取り完了の画面提示と同時にチケットをお渡ししますので予めご準備をお願いします。
席の左右はこちらで決めさせて頂きます。
サイチェンはお好きにして頂いて大丈夫ですが、こちらがサイチェンをしない場合は必ず担当配慮をお願いします。
またチケットお渡し後のトラブルには関与致しませんので、名義を傷つけないように充分にご注意の上でお願いします。
※盗撮する方は絶対に購入しないでください。判明次第潰れた分の名義の用意とこの名義での当選チケの相場分の金額をその場でお支払い頂きます※
ご購入後に待ち合わせ場所と時間については連絡ボードにお送りします。
遅刻されたり合流して頂けない場合は待ち合わせ時間を15分過ぎたら先に入場します。ご連絡がつかない場合は待たずに入ります。時間厳守でお願いします。
待ち合わせ時間は開場10分前予定です。
落札者様都合(制作開放やリセールの当選、冠婚葬祭、体調不良も含みます)でのキャンセルはできませんのでご了承ください。
代行業者、外国人の購入不可です。
以上必ず全てをご了承頂いた上で購入をお願いします。",True,2026-08
sold_acees-arena-tour-v_1787268168389_9000,1787268168389,acees-arena-tour-v,2026-08-30,12:30,Asueアリーナ大阪,electronic,female,同行,,,,,2026-08-20 23:22:48,2026-08-27 10:01:13,2026-08-27 07:17:28,sold,2,9000,"

【条件あり】ランダム配布/連番確約ではございません/ランダムエラーの際返金させていただきます

複数名義所持のため座席選択の条件付きになります。以下の内容を...",False,2026-08
bcpg6s4pxv,1787199247512,acees-arena-tour-v,2026-08-30,12:30,Asueアリーナ大阪,electronic,female,同行,m,4.9,,同行ランダム,2026-08-20 04:14:07,2026-08-27 10:01:13,,listing,2,19000,"🌟2連確約🌟複数名義当選のため、開演時刻の1時間30分前までに会場付近に集合していただき、同時入場後、一旦チケットを回収してこちらで先に座席選択させていただきます。
複数の方にお集まりいただきますので、スムーズにお取引できるよう必ず時間厳守でお願いいたします。
交通機関の乱れ、体調不良等、如何なる理由であれ遅刻は認めません。遅刻の場合でも先に入場いたしますが、その場合も必ず受取通知をしていただきます。
こちらで座席選択後、開演に間に合うようにチケットを配布させていただきます。
当日まで座席未定のため座席に関するクレームや返金対応は一切お受けできません。
待ち合わせ時に必要なため、購入後はこちらからの連絡を待たず、すみやかにお名前フルネーム(漢字・かな)と携帯番号のご提示をお願いいたします。
電話番号は当日電波が悪く連絡ボードが使用できない場合に使用するため、必ず当日繋がる番号のご提示をお願いいたします。
入場時にQRコードの表示をお願いする場合がございますので使用可能な端末をお持ちください。速度規制がかかっていたり、スマホ画面の大きな損傷等ある場合は必ず前日までに事前にメッセージにてお知らせください。
QR表示と引き換えに身分証をお預かりする場合がありますのでご持参をお願いいたします。身分証はチケット回収時にすぐにお返しいたします。
代理購入は不可ですので、必ず購入者自身が購入・入場してください。
ランダムエラーや購入者様都合での遅刻などについてはキャンセル・返金対応には一切応じません。必ず受取評価をしていただきますのでご理解の上でご購入ください。",True,2026-08
19x4g7wmcd,1787783685602,acees-arena-tour-v,2026-08-30,12:30,Asueアリーナ大阪,electronic,female,同行,t,5.0,,同行,2026-08-26 22:34:45,2026-08-27 10:01:13,,listing,1,45000,"初期当選/該当名義/有効期限内/変更ボタンあり/下3桁提示可/すり替えなし
2連中1枚 同行 (制作開放当選の場合2名義中1番手)
公演当日開場20分前を目安に会場付近に集合し、同時入場していただきます。
発券後は1度チケットを回収し、当方が座席選択後チケットをお渡しいたしますのでその場で受け取り連絡をお願いいたします。連番内の座席はお選びいただけません。
大幅な遅刻は待たずに先に入場いたします。その際も必ず受け取り連絡していただきます。
当日スムーズにお取引を進めるために、ご購入後はこちらの連絡を待たずに当日連絡の取れるお電話番号とお名前のご提示をお願いいたします。
公演中止の際は手数料を差し引いた金額を返金いたします。ランダムエラー、本人確認、体調不良、メンバー不在、交通機関の遅延など公演中止以外のいかなる理由でも返金不可です。
トラブル防止のため、日本人女性のみご購入お願いいたします。また、代理人のご購入はお控えください。
上記内容にご理解、承諾いただけた場合のみご購入お願いいたします。",True,2026-08
fxn2bp8kb0,1787475760287,acees-arena-tour-v,2026-08-30,12:30,Asueアリーナ大阪,electronic,female,同行,な,5.0,,ランダム,2026-08-23 09:02:40,2026-08-27 10:01:13,,listing,1,10000,"【指定席のみのランダム配布】
※プライベート出品いたしますので、メッセージお願いいたします。
【条件あり】
必ず最後まで注意事項をご確認の上、問題がなければご購入お手続きをお願い致します。
・複数名義所持のため、人数が揃い次第同時入場後一度全てのチケットを回収し、こちらが選ばなかったチケットをランダムでお渡し致します。 ご自身での座席選択は一切出来かねますので、ご了承ください。またお座席に関するクレームも一切お受け出来ません。チケットの実券お渡しと同時に受取通知をして頂きます。
・当日は会場付近にて、開場時間の1時間から30分前に集合して頂きます。集合時間や場所につきましては、公演日前日までに連絡ボードにてご連絡致します。必ず集合時間厳守でお願いします。 交通機関の遅延、遅刻等いかなる場合でも、時間を過ぎた場合は先に入場させていただきます。 その場合も、返金・キャンセルは受け付けられず受取通知は行なって頂くことになりますのでお時間に余裕を持って集合をお願い致します。
・会場内でのご連絡の為に、こちらからの連絡を待たずにご購入後連絡ボードにてお名前（フルネーム）・電話番号をお知らせください。
・入場に際して、トラブル防止のため一時的に公的身分証明証をお預かりさせていただく場合がございますので、必ず当日お持ちいただきますようお願い致します。 そちらを中の見えない封筒に入れ、ご購入者様の目の前で封を致します。 トラブル等ない限り、こちらで開けることはございませんのでご安心ください。 入場後、チケット回収のタイミングでご返却致します。
・入場後は一旦解散しますのでその間はご自由にお過ごし下さい。再集合しチケットをお渡しさせていただきますので、中でのご連絡がお取り出来る方でお願い致します。
・遅刻や検温等による体調不良など如何なる場合も落札後のキャンセルは受付致しかねます。 本人確認やランダムエラーにより、入場出来なかった際のご返金は出来かねますので予めご了承ください。 公演中止以外は如何なる場合も返金対応は致しません。
・録音・録画・盗撮などマナー違反をされる方のご購入はお控えください。違反行為が発覚した場合は然るべき措置を取らせて頂きます。
上記デジタルチケット、ランダム配布のお取引をご理解頂ける日本語が理解できる方のみ、ご落札をお願い致します。",True,2026-08
jmy4t3xkpl,1787750508805,acees-arena-tour-v,2026-08-30,12:30,Asueアリーナ大阪,paper,female,当日手渡し,⭐︎,5.0,,同行,2026-08-26 13:21:48,2026-08-27 10:01:13,,listing,1,55000,"初期当選/該当名義/有効期限内/変更ボタンあり/重複すり替えなし/下3桁提示可/本人確認対応可
2連中1枚同行
該当ではないため誰でもどうぞ
公演当日開場15分前を目安に会場付近に集合し、同時入場していただきます。
当方が座席選択後チケットをお渡しいたしますのでその場で受取連絡をお願いいたします。発券後1度チケット回収します。連番内のお座席はお選びいただけませんので、ご了承ください。
大幅に遅刻された場合、待たずに入場させていただきますが、その際も必ず受取連絡していただきます。座席のクレームは一切受け付けません。
公演中止の場合のみ手数料を差し引いた金額を返金いたします。公演中止以外本人確認、ランダムエラー、出演者の変更、公共交通機関の遅延、体調不良などの如何なる場合でも返金は致しかねますのでご了承下さい。
トラブル防止のため、日本人女性のみご購入お願いいたします。また、代理人のご購入はお控えください。
上記内容にご理解、承諾いただけた場合のみご購入お願いいたします。",True,2026-08
sold_acees-arena-tour-v_1786190347300_12500,1786190347300,acees-arena-tour-v,2026-08-30,12:30,Asueアリーナ大阪,electronic,female,専用,,,,,2026-08-08 11:59:07,2026-08-27 10:01:13,2026-08-27 07:17:28,sold,1,12500,専用です,False,2026-08
sold_acees-arena-tour-v_1787714458684_42000,1787714458684,acees-arena-tour-v,2026-08-30,12:30,Asueアリーナ大阪,electronic,female,入金後24時間以内にQRコード共有,,,,,2026-08-26 03:20:58,2026-08-27 10:01:13,2026-08-27 07:17:28,sold,2,42000,FC先行　QRごとお譲り　初期当選　該当名義(変更ボタン有り)席種未定(着席ブロック、制作開放席ではありません)　Pay-easy決済　有効期限内名義　重複当選...,False,2026-08
sold_acees-arena-tour-v_1786975227277_50000,1786975227277,acees-arena-tour-v,2026-08-30,12:30,Asueアリーナ大阪,electronic,female,同行,,,,,2026-08-17 14:00:27,2026-08-27 10:01:13,2026-08-27 07:17:28,sold,1,50000,情報局先行/座席未定/初期当選/該当名義/有効期限内/変更ボタンあり/2連中の1枚/重複すり替えなし/深田担不可/公演中止の場合のみ、返金対応致します。その他は...,False,2026-08
kodeuwpr34,1786985737887,acees-arena-tour-v,2026-08-30,12:30,Asueアリーナ大阪,electronic,female,同行（入場エラー時キャンセル対応可）,🩵,5.0,,番手同行,2026-08-17 16:55:37,2026-08-27 10:01:13,,listing,1,50000,"情報局【4名義中3番手】初期当選/該当名義/変更ボタンあり/有効期限内/会員番号下3桁提示可/すり替え解散なし
（前回スタンド3名義/初当選1名義）
公演当日開場30分前に会場付近で待ち合わせし、同時入場していただきます。
2連×4名義当選のため、当方の座席選択後残りの2名義から座席を選んでいただきます。
チケットのお渡しと同時に受取評価をお願いします。
サイチェン等は自由にしていただいて構いません。
こちらの用意した端末で入場していただくため、落札者様の身分証を一時的にお預かりさせていただく場合がございます。事前にご準備お願いします。
遅刻された場合は先に入場する可能性がありますが、その際も受取連絡をしていただきますので時間厳守でお願いします。
公演中止やエラーで入場できなかった場合のみキャンセル対応いたします。
それ以外での座席のクレーム、遅刻等いかなる理由でもキャンセル及び返金対応はできません。
トラブル防止のため代理購入はご遠慮ください。
以上のことをご了承いただける方のみご落札ください。
【一部手渡し可能な方はお値下げしますので、お気軽にお問い合わせください】",True,2026-08
durqjxx5ss,1787533472589,acees-arena-tour-v,2026-08-30,12:30,Asueアリーナ大阪,electronic,female,同行,れ,5.0,,番手,2026-08-24 01:04:32,2026-08-27 10:01:13,,listing,2,50000,"FC先行/初期当選/重複すり替えなし/期限内/該当/3名義中2番手
プラベル出品に切り替えてもいいかたのみ〇
以下は申請お辞め下さい
公演当日は会場付近に集合し同時入場後、チケットを回収致します。
ご購入者様で座席を選択していただくことはできかねますので、ご了承ください。
集合予定は開演45分前とさせていただきますが、臨機応変に対応お願いいたします必ず指定のお時間に遅れずに来て頂ける方のみご購入をお願いいたします交通機関遅延等含め遅れて来られた場合は入場できない可能性もございます。その場合にも返金やキャンセル等の対応は一切致しませんお座席を選ばせて頂く際、お待たせする可能性がございます発券後一度解散し、再度こちらの指定場所にお集まり頂きますチケットお渡しの際にその場で受け取り通知をお願いいたします。電波の悪い場合でも受け取り連絡して頂けるまでチケットをお渡し致しません。座席に関してのクレーム等は一切受け付けません。また集合時間未定の為お時間に余裕がある方のみお願いいたしますシステムエラー、ランダムエラー、検温、体調不良、交通機関でのトラブルや本人確認等で入場ができない場合、また入場後の本人確認があった場合、いかなる事情でも返金やキャンセル等対応致しかねます。必ず受け取り通知をしていただきますので予めご了承下さい。
発券に協力していただく場合もあります代理購入はトラブル回避の為お控えください。公演当日、必ず購入されたご本人様がお越し頂きますようお願いいたします
公演当日スムーズに行うためこちらからの連絡を待たずに購入後当日の連絡のつく番号とお名前のお伝えお願いいたします。
代理購入はトラブル回避の為お控えください。公演当日、必ず購入されたご本人様がお越し頂きますようお願い致します落札はスムーズに連絡が取れる方、および日本人女性のみでお願い致します。
ご購入された時点で上記内容について全て了承頂いたものとみなします名義に関するご質問、お問い合わせには回答致しません
また盗撮や録音その他マナー違反はお辞め下さい",True,2026-08
sold_acees-arena-tour-v_1787615466539_18000,1787615466539,acees-arena-tour-v,2026-08-30,12:30,Asueアリーナ大阪,electronic,female,同行,,,,,2026-08-24 23:51:06,2026-08-27 10:01:13,2026-08-27 07:17:28,sold,2,18000,"※入場時ランダムエラーで入場出来なかった場合のみ定価手数料を引いた金額を返金いたします。

※複数名義所持しておりますので、ランダム配布となります。名義数の開示...",False,2026-08
sold_acees-arena-tour-v_1786860443349_48000,1786860443349,acees-arena-tour-v,2026-08-30,12:30,Asueアリーナ大阪,electronic,female,公演3日前にログイン情報お伝え,,,,,2026-08-16 06:07:23,2026-08-27 10:01:13,2026-08-27 07:17:28,sold,2,48000,"情報局先行/初期当選/QR毎/該当名義(変更ボタンあり)/有効期限内/重複すり替えなし/郵送物戻りなし/着ブロ指定なし/下3桁提示可
公演3日前にログイン情報お...",False,2026-08
5gvqxc9w37,1786540662691,acees-arena-tour-v,2026-08-30,12:30,Asueアリーナ大阪,electronic,female,同行,k,5.0,,番手,2026-08-12 13:17:42,2026-08-27 10:01:13,,listing,2,43000,"2名義中2番手
情報局先行/該当名義/すり替えなし/着ブロ希望なし/下3桁提示可能/変更ボタンあり/サイチェン可能
2連×2名義所持しており、当方が選択しなかった方の2連でのお譲りとなります。
公演当日、同時入場いたします。詳しい待ち合わせ日時は公演日が近くなりましたらご連絡いたします。
入場時、QRコードの表示をお願いする場合がありますので、ご協力をお願いいたします。当日は身分証を忘れずにお持ちください。身分証は封筒に入れ、チケットお渡しいただく際に返却いたします。
中身を拝見することも個人情報を控えることも一切ございませんので、何卒ご安心ください。
同時入場後、2名義分の座席を直接座席確認しに行きますが、確認した後チケットをお渡しいたしますので、すぐに受取評価をお願いいたします。
遅刻の場合、先に入場いたしますが、受取評価をお願いいたします。
座席まで直接確認しに行くため、座席確認が早く終わればその分早くお渡しができます。そのため、お渡しまでの時間についてのクレームはいかなる場合も受け付けません。明確にチケットを受け取りたい時間がある方は、ご購入をご遠慮ください。
ランダムエラー、本人確認、体調不良、遅刻、出演者の見合わせ等如何なる場合でもキャンセル・返金はできかねます。また、座席のクレーム、マナー違反や迷惑行為はお控えください。サイチェン可能ですが、トラブルには自己責任でお願いします。また、名義を潰すような行為はおやめください。
代理購入不可。必ず購入者様本人が待ち合わせにお越しください。
公演中止の際は規約に基づきご返金致します。
公演中止以外（本人確認・ランダムエラー・体調不良・交通機関の遅延・一部出演者不在等）の如何なる場合であってもキャンセル対応はできません。
こまめに連絡のとれる日本人女性の方のみご購入ください。
以上、記載されてる条件全てご理解頂ける方のみご購入をお願い致します。",True,2026-08
ld2gcxcrua,1787131946639,acees-arena-tour-v,2026-08-30,12:30,Asueアリーナ大阪,electronic,female,同行,R,5.0,,番手,2026-08-19 09:32:26,2026-08-27 10:01:13,,listing,2,43000,"情報局先行 座席未定【2名義中2番手】初期当選 該当名義（変更ボタン有り）すり替え無し 有効期限内 下3桁提示可能
・公演当日、会場付近で待ち合わせをして同時入場していただきます。詳しい待ち合わせ場所・時間は公演前日または当日にお知らせいたします。
・発券後に座席を確認し、こちらがチケットを選択後にすり替え無しでお渡しいたします。お渡しの際に受取連絡をお願いいたします。
・取引き経験が有り、日本語が話せる成人女性の方のみご購入ください。  ・出演者変更、交通関係の乱れを含む遅刻、体調不良、ランダムエラー、本人確認等で入場出来ないなど、公演中止以外の理由でのキャンセルや返金は一切いたしません。",True,2026-08
sold_acees-arena-tour-v_1787278274949_40000,1787278274949,acees-arena-tour-v,2026-08-30,12:30,Asueアリーナ大阪,electronic,female,同行,,,,,2026-08-21 02:11:14,2026-08-27 10:01:13,2026-08-27 07:17:28,sold,1,40000,"情報局先行 座席未定【2名義中2番手】初期当選 該当名義（変更ボタン有り）すり替え無し 有効期限内 下3桁提示可能 
 
・公演当日、会場付近で待ち合わせをして...",False,2026-08
mzbutv5g7k,1787644144346,acees-arena-tour-v,2026-08-30,12:30,Asueアリーナ大阪,electronic,female,公演前日にログイン情報を提示,ちけてんまる,5.0,,QR,2026-08-25 07:49:04,2026-08-27 10:01:13,,listing,2,50000,"初期当選/非該当名義/変更ボタン有/有効期限内/重複すり替えなし/着ブロ希望なし/下3桁提示可/同行者登録可
ランダムエラー、本人確認、公共交通機関による遅刻、当日の体調不良、出演者の変更、など如何なる理由でもキャンセルや返金対応は致しかねます。公演中止の場合のみ、手数料を差し引いた金額を返金させて頂きます。
座席未定のため、座席に関するクレームは一切受け付けません。
入場後は速やかにログアウトの上、必ず受け取り完了連絡をよろしくお願いします。
公演日前日までにログインに必要な情報をお伝えしますので、ご自身で同行者登録の程よろしくお願いします。
また半券の撮影をお願いする場合がございます。
上記理解頂ける日本語が理解できる方のみご購入をお願いいたします。",True,2026-08
sold_acees-arena-tour-v_1787756979900_35000,1787756979900,acees-arena-tour-v,2026-08-30,12:30,Asueアリーナ大阪,electronic,female,同行,,,,,2026-08-26 15:09:39,2026-08-27 10:01:13,2026-08-27 07:17:28,sold,1,35000,"当方と同行/那須担不可/該当名義(変更ボタン有)/初期当選/2連中1枚/すり替えなし/下3桁提示可/サイチェン可/有効期限内

以下にご同意できる方のみ、ご購入...",False,2026-08
60oelfwbtq,1787728837199,acees-arena-tour-v,2026-08-30,12:30,Asueアリーナ大阪,electronic,female,同行,S,4.9,,ランダム,2026-08-26 07:20:37,2026-08-27 10:01:13,,listing,2,22000,"2連ランダム配布 指定席チケット
開場30分前程度に会場付近で待ち合わせ、同時入場していただきます。
複数名義所持しております。同時入場をしてチケットを回収後一度解散し、開演5~10分前にランダムで配布致します。指定席のチケットをお渡し致します。立見は含みません。2枚購入は連番をお渡しします。
入場時QRコード表示にご協力いただく場合がございます。入場時にお二人とも公的身分証明書を一時的にお預かりします。封をした状態でお預かりし、チケットと引き換えにお返し致します。トラブル等ない限り見ることはございませんのでご協力下さい。
また、当日お取引をスムーズに進めさせていただくため電話番号のご提示をお願いしております。
集合時間過ぎても来ない場合は待たずに入場しますが、受取連絡はして頂きます。
チケットをお渡し後はその場で受取連絡をお願い致します。
代理購入不可。購入者様本人が待ち合わせにお越しください。
公演中止の際は規約に基づきご返金致します。
公演中止以外（本人確認・ランダムエラー・体調不良・交通機関の遅延・一部出演者不在等）で返金及びキャンセル対応はできません。
日本人女性の方のみご購入ください。",True,2026-08
q93j2f8s0i,1787767401945,acees-arena-tour-v,2026-08-30,12:30,Asueアリーナ大阪,electronic,female,入金後24時間以内にQRコード共有,,,,,2026-08-26 18:03:21,2026-08-27 10:01:13,2026-08-27 08:01:09,sold,2,41000,FC先行　QRごとお譲り　初期当選　該当名義(変更ボタン有り)席種未定(着席ブロック、制作開放席ではありません)　Pay-easy決済　有効期限内名義　重複当選...,False,2026-08
sold_acees-arena-tour-v_1785885808583_48000,1785885808583,acees-arena-tour-v,2026-08-30,12:30,Asueアリーナ大阪,electronic,female,入金後3時間以内にQRコード共有,,,,,2026-08-04 23:23:28,2026-08-27 10:01:13,2026-08-27 07:17:28,sold,2,48000,"情報局先行 ACEes 浮所飛貴名義 初期当選 指定席 2枚申し込み QRごとのお譲り 条件ございません 座席未定

情報局先行 ２枚申込みでの当選しました。...",False,2026-08
sold_acees-arena-tour-v_1787410660292_10500,1787410660292,acees-arena-tour-v,2026-08-30,12:30,Asueアリーナ大阪,paper,female,ランダム配布,,,,,2026-08-22 14:57:40,2026-08-27 10:01:13,2026-08-27 07:17:28,sold,1,10500,"⭐️少人数ランダム配布(３組以下)

同時入場後はこちらでチケットを選択後、ランダムでお渡しします。落札者様はお座席を選ぶことはできません。座席の確認のためお渡...",False,2026-08
io9u68np5d,1787485488596,acees-arena-tour-v,2026-08-30,12:30,Asueアリーナ大阪,electronic,female,同行,み,5.0,,番手,2026-08-23 11:44:48,2026-08-27 10:01:13,,listing,1,36000,"情報局先行/座席未定/着ブロ希望なし/注釈なし/3名義中3番手/すり替えなし/初期当選/会員有効期限内/該当名義(変更ボタンあり)/Pay-easy払い/会員番号下3桁提示可/サイチェン可
3名義×2連番を所持しており、最後に余った3名義目のお譲りです。
連番内含め、座席の選択権は一切ございませんのでご了承下さい。
実際に座席の確認をしたり、お渡しするチケットの確定までに少々お時間をいただく場合がございますが、確認後速やかにお渡しいたします。
チケットお渡し後は、速やかに受取通知をお願いいたします。
公演当日、11時〜半頃に会場付近で待ち合わせをし、同時入場していただきます。
詳しい待ち合わせ時間・場所等は、ご入金後にマイページの連絡ボードにてお知らせいたします。
15分以上の遅刻は、待たずに入場をさせていただき、その場合でも受取通知は必ずしていただきますので時間に余裕を持ってお越し下さい。
15分以内でも、事前のご連絡がない場合は先に入場をさせていただく場合もございます。
その他、ランダムエラー等含め、公演中止以外のいかなる理由におきましても、返金対応はいたしませんのでご了承下さい。
代理購入不可。
こまめに連絡の取れる、20歳以上の日本人女性の方のみご購入をお願いいたします。",True,2026-08
g2nnbq76f0,1787365907625,acees-arena-tour-v,2026-08-30,12:30,Asueアリーナ大阪,electronic,female,3名義中3番手,M,5.0,,番手,2026-08-22 02:31:47,2026-08-27 10:01:13,,listing,2,40000,"初期当選 指定席 3名義中3番手のお譲りです。
全て有効期限内、着ブロ指定なし、変更ボタンあり該当名義、下3桁提示可能です。
当日は開場時間30分前に指定の場所に集合して頂きます。遅刻には対応できませんのでご注意ください。
入場後は一度チケットを回収し座席選択をさせていただきます。
残ったチケットになりますので購入者様は座席をお選びいただけません。
2連でご購入の際には必ず2連でお渡しいたします。
お座席へのクレームも一切受付ませんのでご注意下さい。
公演中止の際には規約に基づき返金致しますが、本人確認やランダムエラーなど公演中止以外の理由での返金はいかなる場合もできませんのでご注意下さい。
トラブル防止のため、代理購入は購入はご遠慮下さい。
日本語の話せる方、通じる方でお願い致します。",True,2026-08
sold_acees-arena-tour-v_1785982915200_24000,1785982915200,acees-arena-tour-v,2026-08-30,12:30,Asueアリーナ大阪,electronic,female,同行,,,,,2026-08-06 02:21:55,2026-08-27 10:01:13,2026-08-27 07:17:28,sold,1,24000,K様専用出品,False,2026-08
sold_acees-arena-tour-v_1786534483036_37000,1786534483036,acees-arena-tour-v,2026-08-30,12:30,Asueアリーナ大阪,electronic,female,同行,,,,,2026-08-12 11:34:43,2026-08-27 10:01:13,2026-08-27 07:17:28,sold,2,37000,"3名義中3番手 2連

3名義共に有効期限内該当名義(女性名義)
重複すり替えなし/下3桁提示可/変更ボタン有/着ブロ希望無し

・公演当日、11時頃こちらの指...",False,2026-08
sold_acees-arena-tour-v_1787417227546_41000,1787417227546,acees-arena-tour-v,2026-08-30,12:30,Asueアリーナ大阪,electronic,none,公演日前日にQRコード共有,,,,,2026-08-22 16:47:07,2026-08-27 10:01:13,2026-08-27 07:17:28,sold,2,41000,"2連QR毎/該当名義/変更ボタン有/初期当選/有効期限内名義/同行者登録可

ログイン情報を共有いたします。同行者登録・同意チェック・QRコードの表示はご購入者...",False,2026-08
rdqji6xq99,1787640084359,acees-arena-tour-v,2026-08-30,12:30,Asueアリーナ大阪,electronic,female,同行,u,5.0,,ランダム番手,2026-08-25 06:41:24,2026-08-27 10:01:13,,listing,2,30000,"★指定席のみすり替えなし★
すり替えなし、ランダム配布です。
下記全てお読み頂き、なにかご不明点ございましたらコメント欄までお願いいたします。
ご購入者様はチケットの選択ができません。
開場の30分前待ち合わせ予定です。
また、QR表示の為端末をお借りする場合がございます。（その際一時的に身分証をお預かりする場合がございますのでご了承下さい）
入場後は解散せずその場でチケット確認し、お渡しします。その際に受け取り評価をお願いします。
ランダムエラーや遅刻、体調不良等など公演中止以外のいかなる場合も返金不可です。集合時間に遅れた場合も必ず受け取りして頂きます。日本語のわかる女性のみ購入お願いいたします。",True,2026-08
dfwkkj7kxa,1787797649360,acees-arena-tour-v,2026-08-30,12:30,Asueアリーナ大阪,electronic,female,公演日前日にログイン情報共有,🐶,5.0,,QR,2026-08-27 02:27:29,2026-08-27 10:01:13,,listing,2,42000,"該当名義/初期当選/有効期限内/変更ボタン有/Pay-easy決済/下3桁提示可/同行者登録可
※プライベート出品に変更予定ですので、ご購入希望の方は必ずメッセージをお願いいたします。
ご自身で同行者登録と当日同意チェックをお願いいたします。
ご希望であれば会員番号下3桁お伝え可能です。
・過去の当選履歴、過去の座席情報等こちらに記載のない情報については一律お答えしかねますのでご了承ください。
・公演前日にログイン情報を連絡ボードにてお伝えいたします。
・入場後は速やかにログアウトしていただき、すみやかに受け取り通知をお願いたします。
・主催者都合による公演中止以外の本人確認、ランダムエラー、体調不良等、如何なる場合でも返金はいたしかねますのでご了承下さい。
・公演中止の際は手数料を差し引いた金額を返金いたします。
・座席未定のため、座席に関するクレームは一切受け付けておりませんでご了承下さい。
・トラブル防止のため当日にゅうじよ
※ご購入いただいた場合は、上記内容をご理解・ご了承いただいたものとみなします。ご理解いただける方のみ、ご購入をお願いいたします。",True,2026-08
ted3jfazqc,1787675808452,acees-arena-tour-v,2026-08-30,12:30,Asueアリーナ大阪,electronic,female,【条件あり】当日手渡し/座席未定/ランダム配布/有効会員,T,4.9,,同行ランダム,2026-08-25 16:36:48,2026-08-27 10:01:13,,listing,1,8800,"《開場30分前集合予定》
※レビュー(評価4.8以上)ある方のみ申請下さい。
※購入時のコメント不要です。
★購入後に当日連絡のつくお電話番号と氏名(苗字)をメッセージボードにてお伝え下さい。
・複数名義所持しており、こちらで座席選択後にランダムで配布致します。 発券後はチケットを一旦回収し、座席を選択させて頂きます。その際にお時間頂く場合がございますが、ご了承下さい。こちらのチケットは、【開演5〜10分前頃】に配布予定となります。ご理解の程、よろしくお願い致します。 ・個人都合による遅刻等に関しましては、お待ち出来兼ねますので必ず時間厳守でお願い致します。万が一、ご購入者様の遅刻によりこちらが先に入場した場合にも、受取り連絡して頂きます。 ・入場の際のQRコード表示や同行者登録にご協力頂く場合がございますのでその際はご対応頂ける方でお願い致します。 ・座席へのクレーム(立見、制作開放等)、遅刻、本人確認、ランダムエラーなど、公演中止以外の如何なる場合においても返金は致しません。個人都合によるキャンセルの場合は、どのような事情であっても受取り連絡をお願い致します。 以上の内容をご理解頂ける方のみご購入お願い致します。",True,2026-08
sold_acees-arena-tour-v_1787524018248_36000,1787524018248,acees-arena-tour-v,2026-08-30,12:30,Asueアリーナ大阪,electronic,female,同行,,,,,2026-08-23 22:26:58,2026-08-27 10:01:13,2026-08-27 07:17:28,sold,1,36000,"3名義中の3番手/すり替えなし
初期当選/該当名義/有効期限内/下3桁提示可

※座席確認するまでに少々お時間を頂きますが、確認でき次第すぐにチケットをお渡しで...",False,2026-08
pcoh5mtz1k,1787632983411,acees-arena-tour-v,2026-08-30,12:30,Asueアリーナ大阪,electronic,female,同行,み,5.0,,番手,2026-08-25 04:43:03,2026-08-27 10:01:13,,listing,1,39000,"情報局初期当選/2名義中2番手/指定/該当名義/すり替え無し/下3桁提示可/有効期限内/郵送物戻り無し/座席未定
※入場の際、ランダムエラーが出ましたら手数料引いた額を返金いたします。過去のエラーはございません。
条件あり
・当日、11時15分頃に会場付近の指定場所にお越し可能な方のみ購入ください。詳細は前日夜、連絡予定です。
・2名義ともに指定での申し込みとなります。着席での申し込みはしておりません。購入者様はお選び頂くことはできませんのでご了承ください。
・入場の際ログインをお手伝いお願いする場合がございます。
・交通機関の遅延含め、待ち合わせ時間に遅刻された場合は待たずに入場します。その際も受取連絡はしていただきます。
・座席券をお渡しする際、その場で受取通知をお願いします。受取連絡の確認が取れない場合、座席券はお渡しできかねます。また、座席のクレームはお受けできません。
《注意事項》
・心身共に健康でありこの様なお取引にご理解のある成人以上の日本人女性の方のみ購入ください。
・体調不良含め如何なる場合でも入金後のキャンセルは受け付けませんので、そのような場合でも受取通知はしてください。入場後はどのような場合でも受取していただきます。
・録音、録画等の違反行為をされる方は購入をお控えください。
公演中止の場合、サイトからの返金となります。
記載内容以外のご希望には対応できかねますので、上記全てに納得頂いた方のみお取引をよろしくお願いします。",True,2026-08
sold_acees-arena-tour-v_1787153524901_48000,1787153524901,acees-arena-tour-v,2026-08-30,12:30,Asueアリーナ大阪,electronic,female,公演日の3日前にログイン情報をお伝え,,,,,2026-08-19 15:32:04,2026-08-27 10:01:13,2026-08-27 07:17:28,sold,2,48000,"情報局先行/初期当選/QR毎/該当名義/変更ボタンあり/有効期限内/重複すり替えなし/着ブロ指定なし/下3桁提示可
プラベル通してのお取引も可能です。
公演日の...",False,2026-08
sold_acees-arena-tour-v_1786387271410_49000,1786387271410,acees-arena-tour-v,2026-08-30,12:30,Asueアリーナ大阪,electronic,female,入金後3時間以内にQRコード共有,,,,,2026-08-10 18:41:11,2026-08-27 10:01:13,2026-08-27 07:17:28,sold,2,49000,"情報局先行 ACEes 佐藤龍我名義 初期当選 指定席 2枚申し込み QRごとのお譲り 条件ございません 座席未定

情報局先行 ２枚申込みでの当選しました。...",False,2026-08
3wben0ajm1,1787745332245,acees-arena-tour-v,2026-08-30,12:30,Asueアリーナ大阪,electronic,female,同行,co,5.0,,同行番手,2026-08-26 11:55:32,2026-08-27 10:01:13,,listing,1,40000,"2名義中2番手/初期当選/該当×2/変更ボタンあり/有効期限内/すり替えなし/会員番号下3桁提示可能
開場時間頃、入場口付近でお待ち合せをし、同時入場していただきます。
入場後一旦チケットを回収し座席選択させていただきます。
チケットお渡しまでに少々お時間を頂く場合がございますが1番手座席選択後必ずすり替えなしの2番手(4枚目)をお渡し致します。連番内の座席の選択も出来かねます。
チケット受け渡しと同時に受取連絡をお願いいたします。
座席へのクレームは一切お受け出来ません。
公演中止の場合以外本人確認、システムエラー、体調不良、交通機関の遅延等いかなる場合でも返金出来かねますので受取連絡をお願い致します。
上記全て了承頂ける成人の日本人女性の方のみご購入お願いいたします。",True,2026-08
l7ak2xpl3c,1787703415426,acees-arena-tour-v,2026-08-30,12:30,Asueアリーナ大阪,electronic,female,公演前日にログイン情報共有,し,5.0,,QR,2026-08-26 00:16:55,2026-08-27 10:01:13,,listing,2,47000,"情報局先行 /座席未定/QRごと/初期当選/着ブロ希望なし/該当名義/有効期限内/変更ボタンあり/重複・すり替えなし/pay-easy決済/下3桁提示可能
QRごとのお譲りです。
・公演日前日になりましたら、連絡ボードにてログインに必要な情報をお伝えします。
・同行者登録はご購入者様ご自身で登録をお願いいたします。（登録時の操作ミスや赤線エラー等対応できかねますので操作方法わかる方のみでお願いします）
・入場後は速やかにログアウトと受取連絡をお願いいたします。
・公式からの公演中止以外、（ランダムエラー、交通機関の遅延、体調不良、本人確認、メンバー不在等）返金対応致しかねます。いずれの場合でも受取連絡を行っていただきます。公演中止の際のみ返金いたします。
・座席に関するクレームは一切受け付けておりません。",True,2026-08
7o3t11esmx,1787163864496,acees-arena-tour-v,2026-08-30,12:30,Asueアリーナ大阪,electronic,female,同行,S,4.9,,ランダム,2026-08-19 18:24:24,2026-08-27 10:01:13,,listing,1,12000,"ランダム配布 指定席チケット
開場30分前程度に会場付近で待ち合わせ、同時入場していただきます。
複数名義所持しております。同時入場をしてチケットを回収後一度解散し、開演5~10分前にランダムで配布致します。指定席のチケットをお渡し致します。立見は含みません。
当日お取引をスムーズに進めさせていただくため電話番号のご提示をお願いしております。
集合時間過ぎても来ない場合は待たずに入場しますが、受取連絡はして頂きます。
チケットをお渡し後はその場で受取連絡をお願い致します。
代理購入不可。購入者様本人が待ち合わせにお越しください。
公演中止の際は規約に基づきご返金致します。
公演中止以外（本人確認・ランダムエラー・体調不良・交通機関の遅延・一部出演者不在等）で返金及びキャンセル対応はできません。
日本人女性の方のみご購入ください。",True,2026-08
jprfgiknfe,1787644626648,acees-arena-tour-v,2026-08-30,12:30,Asueアリーナ大阪,electronic,female,同行,m,4.9,,同行ランダム,2026-08-25 07:57:06,2026-08-27 10:01:13,,listing,1,9000,"複数名義当選のため、開演時刻の1時間30分前までに会場付近に集合していただき、同時入場後、一旦チケットを回収してこちらで先に座席選択させていただきます。
複数の方にお集まりいただきますので、スムーズにお取引できるよう必ず時間厳守でお願いいたします。
交通機関の乱れ、体調不良等、如何なる理由であれ遅刻は認めません。遅刻の場合でも先に入場いたしますが、その場合も必ず受取通知をしていただきます。
こちらで座席選択後、開演に間に合うようにチケットを配布させていただきます。
当日まで座席未定のため座席に関するクレームや返金対応は一切お受けできません。
待ち合わせ時に必要なため、購入後はこちらからの連絡を待たず、すみやかにお名前フルネーム(漢字・かな)と携帯番号のご提示をお願いいたします。
電話番号は当日電波が悪く連絡ボードが使用できない場合に使用するため、必ず当日繋がる番号のご提示をお願いいたします。
入場時にQRコードの表示をお願いする場合がございますので使用可能な端末をお持ちください。速度規制がかかっていたり、スマホ画面の大きな損傷等ある場合は必ず前日までに事前にメッセージにてお知らせください。
QR表示と引き換えに身分証をお預かりする場合がありますのでご持参をお願いいたします。身分証はチケット回収時にすぐにお返しいたします。
代理購入は不可ですので、必ず購入者自身が購入・入場してください。
ランダムエラーや購入者様都合での遅刻などについてはキャンセル・返金対応には一切応じません。必ず受取評価をしていただきますのでご理解の上でご購入ください。",True,2026-08
sold_acees-arena-tour-v_1786792485445_45000,1786792485445,acees-arena-tour-v,2026-08-30,12:30,Asueアリーナ大阪,electronic,female,公演日前日にログイン情報を共有,,,,,2026-08-15 11:14:45,2026-08-27 10:01:13,2026-08-27 07:17:28,sold,2,45000,"QR毎のお譲り/初期当選/該当名義/変更ボタン有/有効期限内/下3桁提示可/着ブロ希望なし


公演前日にログイン情報をお伝えいたします。
ログイン後はQR表示...",False,2026-08
r4qj1i301z,1787053372147,acees-arena-tour-v,2026-08-30,12:30,Asueアリーナ大阪,electronic,none,ランダム配布,うきぴ,4.9,,ランダム,2026-08-18 11:42:52,2026-08-27 10:01:13,,listing,1,9000,"🧡指定席のみランダム配布🧡
公演当日は開場時間の40分前に会場付近にお集まりいただき、同時入場していただきます。
詳しい時間はお日にちが近づきましたらメッセージボードにてご連絡いたします。
遅刻された場合は購入者様のご都合でキャンセルとし、返金はいたしません。
集合時間に必ず間に合う方のみご購入をお願いいたします。
購入者様にQR表示のご協力をお願いする場合がありますのでQR表示ができる端末をお持ちください。
同時入場後こちらが先に座席を選んだ後、チケットをお渡しします。
購入者様ご自身で座席は選べません。
入場後お席を選ぶのに時間がかかるため一度解散いたします。
開演前までにチケットをお渡ししますのでこちらが指定する場所にお越しください。
当日まで座席未定の為、どこのお席になるかわかりません。
その為座席に関するクレームや返金はお受けいたしません。
またチケットお渡しの際にその場で受け取り連絡をお願いいたします。
購入者様の都合（交通機関・体調不良・濃厚接触者・遅刻等）・本人確認等その他ランダムエラーなどで入場できなかった場合、返金対応出来ませんのでご理解下さい。
トラブル防止でご購入は日本語が通じる方のみでお願い致します。
ご購入後連絡ボードに【お名前ひらがなと当日繋がる電話番号】をお送りください。
以上の事をご理解頂ける方のみご購入下さい。
ご購入後は全て同意頂けたものとみなします。",True,2026-08
sold_acees-arena-tour-v_1787660254061_38000,1787660254061,acees-arena-tour-v,2026-08-30,12:30,Asueアリーナ大阪,electronic,female,QR毎／クレカ支払い承認します／初期当選／事前に下3桁提示可能／非該当名義／有効期限内／すり替えなし／エラー履歴なし／着ブロ希望なし／同行者登録可,,,,,2026-08-25 12:17:34,2026-08-27 10:01:13,2026-08-27 07:17:28,sold,2,38000,"公演日前日夜、QRコード表示に必要な情報を送信します。
同行者登録は全て購入者様にお任せします。

ランダムエラー、本人確認、体調不良、メンバー不在、座席へのク...",False,2026-08
2qorvonfwu,1787358349807,acees-arena-tour-v,2026-08-30,12:30,Asueアリーナ大阪,electronic,female,公演日前日までに共有,ん,5.0,,QR,2026-08-22 00:25:49,2026-08-27 10:01:13,,listing,2,42000,"プライベート出品いたしますのでコメントください
QR毎/該当名義/初期当選/有効期限内/変更ボタンあり/着席希望なし
・購入後すぐに下三桁をお伝えいたします
・公演前日にログイン情報をお伝えいたします。
・公演日前日までに会員番号とパスワードをお知らせいたします。入場後速やかにログアウト、受取評価をお願いいたします。
・同行者登録トラブル防止のため購入者が行ってください。エラーへの対応はできかねます
・購入後にご希望であれば会員番号下3桁をお伝えいたします
・公演中止以外での理由(交通事情やエラー、出演者変更など)での返金はできませんので受け取り通知をよろしくお願いします",True,2026-08
htaka7fwy3,1787718250116,acees-arena-tour-v,2026-08-30,12:30,Asueアリーナ大阪,electronic,female,同行,てぁ,5.0,,番手,2026-08-26 04:24:10,2026-08-27 10:01:13,2026-08-27 10:01:13,sold,2,39000,"【連番 2名義中2番手】
⭐️すべて連番/初期当選/該当名義/変更ボタン有/有効期限内/下3桁提示可/すり替えなし/着ブロ希望なし
⭐️ご購入の際にチケテン入場補填追加いただければ、万一ランダムエラーなどで入場拒否された場合の補填用の手続き等協力いたします。補填を追加された方は事前にご共有いただけると助かります。
--------------------------------------------
◯可能な限り早めにお渡しさせて頂きますが座席確認の為、お時間を頂く場合がございます。
◯集合時間は開場時間10分前〜0分前を予定しております。集合場所に関しましては当日までにご連絡いたします。時間厳守でお願いいたします。
◯公演中止(遅刻、出演者の変更、ランダムエラー等)以外の如何なる理由でも返金は致しかねますのでご了承ください。
◯スムーズな待ち合わせ・受け渡しのために当日ご連絡可能な電話番号のご提示お願いいたします。
◯当日は当方からチケット表示済の端末を貸出or買い手様の端末をお借りしてQR表示を予定しています。端末を貸出する場合は買い手様の顔付き身分証と引き換えでお貸ししますので、ご用意お願いいたします。身分証は厳重に保管いたします。
◯入場ゲートが複数の場合は一時的に同行者様と別れて入場をお願いする可能性があります。
◯大幅な遅刻をされた場合先に入場いたしますが、その際も必ず受取連絡はして頂きます。
◯日本人女性のみご購入お願いいたします。
◯入場されない方による代理購入はお控えください。
○同一公演でランダムの親をされる方は絶対に購入しないでください。(当方からお渡しするチケットを手駒に取引する予定のある方)",True,2026-08
sold_acees-arena-tour-v_1787631236251_20853,1787631236251,acees-arena-tour-v,2026-08-30,12:30,Asueアリーナ大阪,electronic,female,5名義中5番手,,,,,2026-08-25 04:13:56,2026-08-27 10:01:13,2026-08-27 07:17:28,sold,2,20853,"情報局先行/座席未定/着ブロ希望なし/注釈なし/5名義中5番手/すり替えなし/初期当選/会員有効期限内/該当名義(変更ボタンあり)/会員番号下3桁提示可

座席...",False,2026-08
sold_acees-arena-tour-v_1786969618871_46000,1786969618871,acees-arena-tour-v,2026-08-30,12:30,Asueアリーナ大阪,electronic,female,公演日1日前までにQRコード共有,,,,,2026-08-17 12:26:58,2026-08-27 10:01:13,2026-08-27 07:17:28,sold,2,46000,"初期当選　該当名義　変更ボタン有　有効期限内　Pay-easy支払い

2連QR毎でのお譲り
入金確認次第、事前に会員番号下三桁提示可能です。
公演前日にメッセ...",False,2026-08
sold_acees-arena-tour-v_1787213689711_38000,1787213689711,acees-arena-tour-v,2026-08-30,12:30,Asueアリーナ大阪,electronic,female,同行,,,,,2026-08-20 08:14:49,2026-08-27 10:01:13,2026-08-27 07:17:28,sold,2,38000,"初期当選/2名義中2番手/すり替えなし/下3桁提示可能/該当名義/有効期限内変更ボタン有/Pay-easy決済

公演当日、開演60～70分前を目安に会場付近に...",False,2026-08
sold_acees-arena-tour-v_1787488169939_43000,1787488169939,acees-arena-tour-v,2026-08-30,12:30,Asueアリーナ大阪,electronic,female,同行,,,,,2026-08-23 12:29:29,2026-08-27 10:01:13,2026-08-27 07:17:28,sold,1,43000,情報局先行/座席未定/着ブロ希望なし/注釈なし/3名義中2番手/すり替えなし/初期当選/会員有効期限内/該当名義(変更ボタンあり)/Pay-easy払い/会員番...,False,2026-08
sold_acees-arena-tour-v_1787527206259_9500,1787527206259,acees-arena-tour-v,2026-08-30,12:30,Asueアリーナ大阪,paper,female,当日手渡し,,,,,2026-08-23 23:20:06,2026-08-27 10:01:13,2026-08-27 07:17:28,sold,1,9500,"※複数名義所持しておりますので、ランダム配布となります。お席はお選びいただけません。座席に関するご希望やクレーム等には対応出来かねますのでご了承ください。

※...",False,2026-08
sold_acees-arena-tour-v_1786603019910_41366,1786603019910,acees-arena-tour-v,2026-08-30,12:30,Asueアリーナ大阪,electronic,female,同行,,,,,2026-08-13 06:36:59,2026-08-27 10:01:13,2026-08-27 07:17:28,sold,1,41366,"30日昼　2名義2番手
初期当選/該当名義/期限内/3桁ご提示可",False,2026-08
y96t3puii6,1786680673993,acees-arena-tour-v,2026-08-30,12:30,Asueアリーナ大阪,electronic,female,同行,あ,5.0,,ランダム,2026-08-14 04:11:13,2026-08-27 10:01:13,,listing,2,23000,"ランダム配布、ご購入者様は座席をお選び頂けません。入場後一度解散し、お渡しするチケットが決まり次第再集合して頂きます。チケットと引き換えにその場で受取連絡をお願いします。重複当選の為チケットのお渡しまでお時間頂ける方でお願い致します。
当日QRの表示にご協力頂く可能性があります。その際は入場時一時的に身分証をお預かりします。ご了承頂ける方のみご購入下さい。
座席に関するクレームは一切お受けできません。また、遅刻、体調不良、本人確認、ランダムエラー等公演中止以外の如何なる場合も返金は致しかねます。そのような場合も必ず受取して頂きますのでご了承ください。
時間に余裕を持って会場にお越し頂ける方のみ。成人済みの日本人女性でお願い致します。時間、場所等の詳細は前日までにご連絡します。",True,2026-08
sold_acees-arena-tour-v_1787240079967_8800,1787240079967,acees-arena-tour-v,2026-08-30,12:30,Asueアリーナ大阪,electronic,female,【条件あり】当日手渡し/座席未定/ランダム配布/有効会員,,,,,2026-08-20 15:34:39,2026-08-27 10:01:13,2026-08-27 07:17:28,sold,1,8800,"《開場30分前集合予定》

※レビュー(評価4.8以上)ある方のみ申請下さい。
※購入時のコメント不要です。
★購入後に当日連絡のつくお電話番号と氏名(苗字)を...",False,2026-08
evjqncudp5,1787752040610,acees-arena-tour-v,2026-08-30,12:30,Asueアリーナ大阪,electronic,female,入金後24時間以内にQRコード共有,su,4.9,,QR,2026-08-26 13:47:20,2026-08-27 10:01:13,,listing,2,50000,"2連 QRごとのお譲り、初期当選、複数当選なし、該当名義有効期限内変更ボタンあり着ブロ希望なし。発送物戻りなし。ペイジー決済。日本人以外の方は購入を御遠慮ください。意思疎通が取れる方、QRの扱いに慣れている方のみ。こまめに連絡取れる方。本人確認対応不可。
購入後ログイン情報お伝え致します。
同行者登録は買い手様でお願い致します。
入場後、開演時間前に速やかに受け取り通知、ログアウトをお願い致します。開演時間を過ぎますとパスワードを変えさせて頂きますのでご了承ください。
ご希望がありましたら下3桁ご提示可能です。
連絡をスムーズに取れる方(既読未読無視をしない方)
一人一人に回答するの大変な為記載以上の過去の座席等気にされない方上記ご理解頂ける方でお願い致します。
サイチェンはお好きにして頂いて大丈夫です
体調不良・発券エラー･ランダムエラー・公共交通機関の遅延運休・メンバー不在の為のキャンセル、相場変動によるキャンセル、赤線エラー等如何なる場合でも公演中止以外の理由での返金は致しません(公演中止以外の理由での返金は不可、※記載内容守られない場合及び名義の悪用が発覚した場合は運営様に開示請求等のご連絡含め適切な処置を取らせて頂きます)のでご理解頂ける方のみ購入をお願い致します。
落札入金後は全て理解し同意したものとみなします。",True,2026-08
p9antdd63f,1787725982998,acees-arena-tour-v,2026-08-30,12:30,Asueアリーナ大阪,electronic,female,同行,S,4.9,,ランダム,2026-08-26 06:33:02,2026-08-27 10:01:13,,listing,2,32000,"⭐️重複ありすり替えなしFC枠のみランダム配布
下3桁可
開場30分前程度に会場付近で待ち合わせ、同時入場していただきます。
複数名義所持しております。同時入場をしてチケットを一度回収後解散せず、こちらが選んだ座席をすり替えなしで配布致します。購入者様は座席をお選びいただけません。立見は含まず、必ず指定席のチケットをお渡し致します。2枚購入は連番をお渡しします。
入場時QRコード表示にご協力いただく場合がございます。入場時に公的身分証明書を一時的にお預かりします。封をした状態でお預かりし、チケットと引き換えにお返し致します。トラブル等ない限り見ることはございませんのでご協力下さい。
また、当日お取引をスムーズに進めさせていただくため電話番号のご提示をお願いしております。
集合時間過ぎても来ない場合は待たずに入場しますが、受取連絡はして頂きます。
チケットをお渡し後はその場で受取連絡をお願い致します。
代理購入不可です。購入者様本人が待ち合わせにお越しください。
公演中止の際は規約に基づきご返金致します。
公演中止以外（本人確認・ランダムエラー・体調不良・交通機関の遅延・一部出演者不在等）で返金及びキャンセル対応はできません。
日本人女性の方のみご購入ください。",True,2026-08
9k60kc15se,1786945231108,acees-arena-tour-v,2026-08-30,12:30,Asueアリーナ大阪,electronic,female,同行,ひ,5.0,,番手,2026-08-17 05:40:31,2026-08-27 10:01:13,,listing,2,44000,"座席未定 情報局先行 2名義中2番手のお渡し 全て該当名義・有効期限内・変更ボタンあり・初期当選・下3桁提示可能・着ブロ希望なし
公演当日当方が指定した時間に待ち合わせをし、同時入場していただきます。如何なる理由であっても、遅刻された場合は待たずに入場する可能性がございます。その際も受け取り連絡はしていただきますのでご了承ください。詳しい待ち合わせ時間・場所等は、ご入金後にお伝えいたします。
入場後、座席確認のためお時間をいただく場合がございます。
公共交通機関の乱れ、出演者の体調不良による欠席、ランダムエラー等、公式からの公演中止以外の理由での返金はいたしかねます。
以上全てをご理解の上ご購入よろしくお願いいたします。",True,2026-08
x0vemegcpk,1786380814217,acees-arena-tour-v,2026-08-30,12:30,Asueアリーナ大阪,electronic,female,同行,ns,5.0,,ランダム,2026-08-10 16:53:34,2026-08-27 10:01:13,,listing,1,20000,"少人数ランダム配布です✨中相場買取可 上乗せで早渡し可 一般なし局名義のみランダム
開場20分前に待ち合わせし同時入場していただきます。詳しい待ち合わせ時間や場所は連絡ボードにてご連絡いたします。
待ち合わせに遅刻された場合待たずに入場いたします。その場合も受取連絡していただきますのでご了承ください。交通機関の遅延による遅刻でも返金対応は致しかねますのでお時間に余裕を持ってお越しください。
入場時QR表示のご協力をお願いする場合がございます。チケット持ち逃げ防止のため身分証をお預かりさせていただく場合もございますので念の為ご用意お願いいたします。入場後チケット回収時に返却いたします。
チケットは一度回収しこちらで座席確認、座席選択した後開演5-10分前までにチケットをお渡しいたします。お電話出れる状態でお願いいたします。チケットのお渡しに時間がかかる場合もございます。座席に関するクレームは一切お受けできません。
公演中止の際のみ返金対応いたします。体調不良、交通機関の遅れ、ランダムエラー、本人確認等その他いかなる理由において入場できなかった場合でも返金対応は致しかねますのでご了承ください。
また出演者変更、仕事等で都合が合わなくなった等買い手様の都合のキャンセルもお受けできません。その場合でも受取連絡していただきます。
当日スムーズにご連絡を取るため、お電話番号のご提示お願いいたします。
日本人女性のみ、当日ご入場されるご本人がご購入ください。代理購入が発覚した時点ですぐに受取連絡していただきます。
以上全てにご理解、同意いただける方のみご購入ください。ご購入いただいた時点で全てをご理解頂いた旨といたします。ランダム配布のためご理解ある方のみご購入ください。",True,2026-08
xwfmv66e42,1787749202397,acees-arena-tour-v,2026-08-30,12:30,Asueアリーナ大阪,electronic,none,ランダム配布,m,5.0,,ランダム,2026-08-26 13:00:02,2026-08-27 10:01:13,,listing,1,9000,"11時に此方が指定した集合場所にお集まり頂き、同時入場して頂きます。複数名義所持の為、チケットはランダムで配布させて頂きます。ご購入者様は座席を選ぶことはできません。尚、入場後一度解散し開演5分前を目安に再集合してチケットをお渡しします。
当日、買い手様の遅刻や入場時のランダムエラーや入場エラー、座席などへのクレームでの返金は一切致しかねます。そのような場合でも必ず受取連絡はして頂きますのでご了承ください。
また当日以外でも購入者様都合のキャンセルは一切お受け致しかねます。
チケットをお渡しさせて頂く際に、必ず受取連絡をお願い致します。受取連絡をして頂いた時点でお取引が問題なく完了したこととみなし、それ以降のクレーム等は受け付けません。
以下ご対応いただける方のみ、ご購入お願い致します。
・当日連絡がスムーズに取れる方、時間厳守でお取引が出来る方
・集合時間につきましては、入場時間指定の都合上変更する可能性もございますが柔軟にご対応頂ける方
・身分証の回収をする場合がございます為ご了承いただける方",True,2026-08
sold_acees-arena-tour-v_1787185440722_9000,1787185440722,acees-arena-tour-v,2026-08-30,12:30,Asueアリーナ大阪,electronic,female,同行,,,,,2026-08-20 00:24:00,2026-08-27 10:01:13,2026-08-27 07:17:28,sold,2,9000,"

【条件あり】ランダム配布/連番確約ではございません/ランダムエラーの際返金させていただきます

複数名義所持のため座席選択の条件付きになります。以下の内容を...",False,2026-08
sold_acees-arena-tour-v_1787588337032_38000,1787588337032,acees-arena-tour-v,2026-08-30,12:30,Asueアリーナ大阪,electronic,female,QR毎／クレカ支払い承認します／初期当選／事前に下3桁提示可能／非該当名義／有効期限内／すり替えなし／エラー履歴なし／着ブロ希望なし／同行者登録可,,,,,2026-08-24 16:18:57,2026-08-27 10:01:13,2026-08-27 07:17:28,sold,2,38000,"公演日前日夜、QRコード表示に必要な情報を送信します。
同行者登録は全て購入者様にお任せします。

ランダムエラー、本人確認、体調不良、メンバー不在、座席へのク...",False,2026-08
sold_acees-arena-tour-v_1786459931470_9900,1786459931470,acees-arena-tour-v,2026-08-30,12:30,Asueアリーナ大阪,electronic,female,同行,,,,,2026-08-11 14:52:11,2026-08-27 10:01:13,2026-08-27 07:17:28,sold,1,9900,"複数名義当選のため、開演時刻の1時間30分前までに会場付近に集合していただき、同時入場後、一旦チケットを回収してこちらで先に座席選択させていただきます。
複数の...",False,2026-08
aipo7913r6,1787682199684,acees-arena-tour-v,2026-08-30,12:30,Asueアリーナ大阪,electronic,female,同行,S,4.9,,ランダム,2026-08-25 18:23:19,2026-08-27 10:01:13,,listing,1,25000,"早渡し20分前ランダム配布
開場30分前頃に会場付近で待ち合わせ後、同時入場していただきます。
複数名義所持しております。同時入場後にチケットを回収し、一度解散、開演20分前までにチケットをお渡しいたします。立見席は含まれません。
入場時にQRコード表示へご協力いただく場合がございます。公的身分証明書を封をした状態で一時的にお預かりし、入場後速やかに返却いたします。持ち逃げ等なければ内容を確認することはございません。
当日のお取引を円滑に進めるため、電話番号のご提示をお願いいたします。
集合時間を過ぎた場合はお待ちせず入場いたします。その際も受取連絡はお願いします。受取連絡は必ずその場でお願いいたします。
代理購入不可。必ず購入者様ご本人がお越しください。
公演中止の場合のみ規約に基づき返金いたします。本人確認・ランダムエラー・体調不良・交通機関の遅延・一部出演者不在等、公演中止以外の理由による返金・キャンセルは対応いたしかねます。
日本人女性の方のみご購入をお願いいたします。",True,2026-08
sold_acees-arena-tour-v_1787364640522_9400,1787364640522,acees-arena-tour-v,2026-08-30,12:30,Asueアリーナ大阪,electronic,female,同行,,,,,2026-08-22 02:10:40,2026-08-27 10:01:13,2026-08-27 07:17:28,sold,1,9400,"当日は11:15ごろ集合し同時入場いたします。

入場後、一度チケットを回収し解散します。購入者様が座席はお選びいただくことはできません。またチケットのお渡しま...",False,2026-08
sold_acees-arena-tour-v_1785575695084_40000,1785575695084,acees-arena-tour-v,2026-08-30,12:30,Asueアリーナ大阪,electronic,female,公演前日にログイン情報共有,,,,,2026-08-01 09:14:55,2026-08-27 10:01:13,2026-08-27 07:17:28,sold,2,40000,"情報局先行/初期当選/QRごと/該当名義(変更ボタンあり)/有効期限内/同行者登録可/下3桁提示可/着ブロ希望なし

ランダムエラーや会場内外での本人確認など、...",False,2026-08
sold_acees-arena-tour-v_1787311902179_41000,1787311902179,acees-arena-tour-v,2026-08-30,12:30,Asueアリーナ大阪,electronic,female,公演日前日までにQR表示に必要な情報を共有,,,,,2026-08-21 11:31:42,2026-08-27 10:01:13,2026-08-27 07:17:28,sold,2,41000,"初期当選/重複すり替えなし/浮所飛貴名義(変更ボタンあり)/着ブロ申込なし/郵送物戻りなし/過去エラーなし/有効期限内

QRごとのお譲りになります。
必要であ...",False,2026-08
sold_acees-arena-tour-v_1787537382715_50000,1787537382715,acees-arena-tour-v,2026-08-30,17:30,Asueアリーナ大阪,electronic,female,同行,,,,,2026-08-24 02:09:42,2026-08-27 10:01:13,2026-08-27 07:17:28,sold,1,50000,"情報局先行 座席未定【2名義中2番手】初期当選 該当名義（変更ボタン有り）すり替え無し 有効期限内 下3桁提示可能 
 
・公演当日、会場付近で待ち合わせをして...",False,2026-08
sold_acees-arena-tour-v_1787556575439_65000,1787556575439,acees-arena-tour-v,2026-08-30,17:30,Asueアリーナ大阪,electronic,female,公演日前日にQRコード共有,,,,,2026-08-24 07:29:35,2026-08-27 10:01:13,2026-08-27 07:17:28,sold,2,65000,"QR毎2連
期限内/該当名義（変更ボタンあり）/初期当選/同行者登録可
着ブロ希望なし/すり替えなし(下3桁提示可)/郵送物戻りやエラー歴なし

公演2日前に、...",False,2026-08
34cj8mtre0,1787652314144,acees-arena-tour-v,2026-08-30,17:30,Asueアリーナ大阪,electronic,female,ランダム配布,J,5.0,,ランダム,2026-08-25 10:05:14,2026-08-27 10:01:13,,listing,1,25000,"プラベルまたはチケサー対応可能です。
ご希望の方はご購入前にコメントください。
公演当日開場時間の1時間〜30分前を目安に会場付近に集合し、同時入場していただきます。
詳しい待ち合わせ場所や時間は公演前日までに取引メッセージにてご連絡いたします。
当日の連絡を円滑にするため、ご購入後こちらの連絡を待たずにお名前(ニックネーム可)と当日連絡のつく電話番号のご提示をお願いいたします。
複数名で同時入場するため、時間厳守でお願いいたします。
交通機関の乱れや体調不良など如何なる理由であっても、大幅に遅刻した場合は待たずに入場させていただきます。
その場合でも受取連絡は行っていただきますのでお時間に余裕を持ってお越しください。
複数名義所持している為、同時入場後は座席確認のためチケットを一度回収し解散させていただきます。
開演10分前までにチケット配布を予定しておりますが、座席確認等で開演直前のお渡しとなる場合がございますので予めご了承ください。
その場で受取評価を行っていただいた後にチケットをお渡しさせていただきます。
その場で受取評価していただけない場合はチケットをお渡し出来ませんのでご了承ください。
ランダム配布のため、ご購入者様は座席をお選びいただけません。
入場時にQRコード表示のため、端末をお借りする場合がございます。
チケット持ち逃げ防止のため身分証(免許証、マイナンバー、パスポートなどの公的身分証(学生証、保険証不可)かつ、コピー不可)を一度お預かりさせていただきますので当日ご準備の上お持ちいただくようお願いいたします。
お預かりさせていただいた身分証についてはチケットお渡しの際に合わせてご返却させていただきます。
名義数やゲート等の詳細をご購入者様にお伝えすることは致しかねます。
遅刻や体調不良、入場時のランダムエラー、本人確認、一部出演者変更等如何なる場合でもキャンセルや返金対応不可とし受け取り連絡は必ず行っていただきます。
主催者側から公演中止の発表があった場合のみ、サイト規約に基づき手数料を差し引いた金額を返金いたします。
代理購入はお控えください。必ず購入者様ご自身が入場いただくようお願いいたします。
日本語での会話が可能な方のみご購入をお願いいたします。
男性の方でもご購入いただいて構いません。
キャリーケース等の大きな荷物は事前にコインロッカー等に預けてからお越しください。
チケットお渡し後はサイチェン等ご自由にしていただいて構いません。
ご購入頂いた時点で上記に了承したものとみなします。",True,2026-08
sold_acees-arena-tour-v_1787652136278_40000,1787652136278,acees-arena-tour-v,2026-08-30,17:30,Asueアリーナ大阪,electronic,female,6名義中6番手,,,,,2026-08-25 10:02:16,2026-08-27 10:01:13,2026-08-27 07:17:28,sold,2,40000,"★別サイトでもやり取りしているため、一旦本日までの掲載予定★
6名義中6番手

プラベル/チケサー通し(手数料無料)可能です。
ご希望の方は購入前にコメントくだ...",False,2026-08
sold_acees-arena-tour-v_1787143527725_60000,1787143527725,acees-arena-tour-v,2026-08-30,17:30,Asueアリーナ大阪,electronic,female,同行,,,,,2026-08-19 12:45:27,2026-08-27 10:01:13,2026-08-27 07:17:28,sold,1,60000,"3名義中2番手
全て該当/変更ボタン有/下3桁提示可能/同一クレカ、コンビニ支払い/すり替えなし

同時入場後、3名義中2番目に座席をお渡しいたします
・当日会...",False,2026-08
sold_acees-arena-tour-v_1787656172461_70000,1787656172461,acees-arena-tour-v,2026-08-30,17:30,Asueアリーナ大阪,electronic,female,同行,,,,,2026-08-25 11:09:32,2026-08-27 10:01:13,2026-08-27 07:17:28,sold,1,70000,"2連中の1枚。
初期当選/有効期間内/下3桁提示可/すり替えなし/郵送物戻りなし/Pay-easy払い/該当名義変更ボタン有り
浮所担の購入不可
会場付近に開演...",False,2026-08
sold_acees-arena-tour-v_1786463965910_45000,1786463965910,acees-arena-tour-v,2026-08-30,17:30,Asueアリーナ大阪,electronic,female,同行,,,,,2026-08-11 15:59:25,2026-08-27 10:01:13,2026-08-27 07:17:28,sold,1,45000,"★指定席のみすり替えなし★


すり替えなし、ランダム配布です。
下記全てお読み頂き、なにかご不明点ございましたらコメント欄までお願いいたします。
ご購入者様は...",False,2026-08
s5uczkpdsl,1787540663807,acees-arena-tour-v,2026-08-30,17:30,Asueアリーナ大阪,electronic,female,同時入場,a,5.0,,ランダム記載あり,2026-08-24 03:04:23,2026-08-27 10:01:13,,listing,1,30000,"1名義入場/すり替えあり/開演10分前渡し
16時10分頃に当方が指定した場所でお待ち合わせ後、同時入場していただきます。必ず時間厳守でお願い致します。5分以上の遅刻は待たずに入場致します。また、その場合も受け取り通知はしていただきますのでご了承ください。
入場後は一度別れてお待ち頂きます。チケットは開演10前までにお渡しいたします。受け取り通知をして頂いたのと同時にチケットをお渡し致します。受け取り通知が確認できない場合チケットをお渡しできませんのでご了承下さい。
スマートフォンを所持しており、公演当日まで必要最低限の連絡が取れる方、18歳以上の日本人の女性のみご購入をお願い致します。
ドラブルになりかねないため代理購入はお控えください。
遅刻や体調不良などで入場出来なかった場合での返金には対応致しませんので予めご了承下さい。エラーで入場できなかった場合は一度受け取り通知をしていただき、定価+手数料とサイト手数料を引いた金額を返金致します。
スムーズに連絡が取れるよう、ご購入後速やかにお名前、電話番号を連絡ボードよりお知らせください。
入場するまで座席は未定のため、お席に関するクレームはご遠慮ください。
公演中止の場合のみ規約に基づき返金となります。
デジタルチケットやランダム配布等ご理解いただいている方のみご購入下さい。購入されましたら以上のことをすべて了承されたものとみなし、返金やクレームはお受けできませんのでご了承ください。最後まで迅速に対応させていただきますのでよろしくお願い致します。ご不明点などございましたら購入前にコメント欄よりご連絡ください。",True,2026-08
qauu0g1885,1787502273976,acees-arena-tour-v,2026-08-30,17:30,Asueアリーナ大阪,electronic,none,同行,n,5.0,,同行番手,2026-08-23 16:24:33,2026-08-27 10:01:13,,listing,2,60000,"5名義中4番手
初期選、すり替えなし、下三桁提示可、有効期限内公演当日、開場30分前に会場付近でお待ち合わせし、同時入場して頂きます。
詳しい待ち合わせ時間や場所等は、ご入金後にマイページの連絡ボードでお知らせ致します。
遅刻厳禁、時間厳守、待ち合わせ時間に余裕を持ってお越し頂ける方。
チケット発券後、一旦チケットを回収し、方が座席選択後に購入者様にチケットをお渡し致します。
チケットをお渡しする際、その場で受取通知をお願い致します。
受取通知をしていただけない場合はチケットをお渡し出来ませんのでご理解お願い致します。
どのようなお席でも楽しんで頂ける方歓
迎。
代理購入不可。
同行者登録はこちらでさせて頂きます。
主催者からの公演中止以外は如何なる場合も返金、キャン
致しかねます。
7
本人確認、ランダムエラー、システムエラ、検温、コロナ、体調不良等で入場出来なかった場合も返金対応は致しかねますのでご了承の上、ご購入ください。",True,2026-08
sold_acees-arena-tour-v_1786264672779_35000,1786264672779,acees-arena-tour-v,2026-08-30,17:30,Asueアリーナ大阪,electronic,none,同行,,,,,2026-08-09 08:37:52,2026-08-27 10:01:13,2026-08-27 07:17:28,sold,2,35000,"※必ずご確認ください
✨早渡ランダム配布 2連確約✨

【条件あり】
 
・複数名義所持している為、同時入場後、一度全てのチケットを回収いたします。

・チケッ...",False,2026-08
rm7eg2a8cz,1787353414901,acees-arena-tour-v,2026-08-30,17:30,Asueアリーナ大阪,electronic,female,少人数ランダム配布,のあ,5.0,,ランダム,2026-08-21 23:03:34,2026-08-27 10:01:13,,listing,1,27000,"【指定席のみの少人数ランダム配布】
3名義入場
【条件あり】
必ず最後まで注意事項をご確認の上、問題がなければご購入お手続きをお願い致します。
※プライベート出品/プラベル出品いたしますので、ご購入前にメッセージをお願いいたします。
・複数名義所持のため、人数が揃い次第同時入場後一度全てのチケットを回収し、こちらが選ばなかったチケットをランダムでお渡し致します。 ご自身での座席選択は一切出来かねますので、ご了承ください。またお座席に関するクレームも一切お受け出来ません。
・当日は会場付近にて、開場時間の30分前に集合して頂きます。集合時間や場所につきましては、公演日前日までに連絡ボードにてご連絡致します。必ず集合時間厳守でお願いします。 交通機関の遅延、遅刻等いかなる場合でも、時間を過ぎた場合は先に入場させていただきます。 その場合も、返金・キャンセルは受け付けられず受取通知は行なって頂くことになりますのでお時間に余裕を持って集合をお願い致します。
・会場内でのご連絡の為に、こちらからの連絡を待たずにご購入後連絡ボードにてお名前（ニックネーム）・電話番号をお知らせください。
・入場に際して、トラブル防止のため一時的に公的身分証明証をお預かりさせていただく場合がございますので、必ず当日お持ちいただきますようお願い致します。 そちらを中の見えない封筒に入れ、ご購入者様の目の前で封を致します。 トラブル等ない限り、こちらで開けることはございませんのでご安心ください。 入場後、チケット回収のタイミングでご返却致します。
・入場後は一旦解散しますのでその間はご自由にお過ごし下さい。再集合しチケットをお渡しさせていただきますので、中でのご連絡がお取り出来る方でお願い致します。配布時間は5-10分前になります。
・遅刻や検温等による体調不良など如何なる場合も落札後のキャンセルは受付致しかねます。
※本人確認やランダムエラーにより、入場出来なかった際のご返金は出来かねますので予めご了承ください。 公演中止以外は如何なる場合も返金対応は致しません。
・録音・録画・盗撮などマナー違反をされる方のご購入はお控えください。違反行為が発覚した場合は然るべき措置を取らせて頂きます。
・トラブル防止のため代理購入不可となります。必ずご入場されるご本人様がご購入ください。
上記デジタルチケット、ランダム配布のお取引をご理解頂ける日本人女性の方のみ、ご購入をお願い致します",True,2026-08
sold_acees-arena-tour-v_1786703247711_78000,1786703247711,acees-arena-tour-v,2026-08-30,17:30,Asueアリーナ大阪,electronic,female,同時入場,,,,,2026-08-14 10:27:27,2026-08-27 10:01:13,2026-08-27 07:17:28,sold,1,78000,"重複なし同行
初期当選/座席未定/該当名義/有効期限内/すり替えなし/コンビニ決済

開演50分くらい前に会場で集合し同時入場お願いします。
浮所担です。気にな...",False,2026-08
sold_acees-arena-tour-v_1787268194307_22000,1787268194307,acees-arena-tour-v,2026-08-30,17:30,Asueアリーナ大阪,electronic,female,同行,,,,,2026-08-20 23:23:14,2026-08-27 10:01:13,2026-08-27 07:17:28,sold,2,22000,"

【条件あり】ランダム配布/連番確約ではございません/ランダムエラーの際返金させていただきます

複数名義所持のため座席選択の条件付きになります。以下の内容を...",False,2026-08
sold_acees-arena-tour-v_1787068672258_30000,1787068672258,acees-arena-tour-v,2026-08-30,17:30,Asueアリーナ大阪,electronic,female,同行,,,,,2026-08-18 15:57:52,2026-08-27 10:01:13,2026-08-27 07:17:28,sold,1,30000,"⭐️3名義のみランダム配布⭐️
※全て有効期限内、該当名義少人数で入場いたします。
※複数名義所持のため、当方がチケットを選んだ後ランダムでチケットを配布します...",False,2026-08
xnzmva6gpf,1787806115317,acees-arena-tour-v,2026-08-30,17:30,Asueアリーナ大阪,electronic,female,同行,na,4.9,,ランダム,2026-08-27 04:48:35,2026-08-27 10:01:13,,listing,1,20500,"🌟指定席のみランダム配布
※プライベート出品に切り替えるため、購入ご希望の方はコメントお願いいたします。
・入場後一旦チケットを回収し座席選択後、チケットをランダムでお渡しします。購入者様はお座席をお選びいただくことはできません。 会員番号を提示することはできません。
・入場後お席を選ぶのにお時間がかかる場合がございますため、入場後は一度解散させていただきます。
・開演5分前までにチケットをお渡し致します。 座席に関するクレームや返金はお受け致しません。
・公演当日は、開場時間の15-30分前に会場付近にお集まり頂き同時入場していただきます。※必ず【時間厳守】でお願い致します、遅刻された場合は購入者様のご都合でキャンセルとし、返金は致しません。
・待ち合わせ時間および場所の詳細は公演前日の夜までに連絡ボードからご連絡させて頂きます。入場に支障をきたす可能性がありますので、キャリーケースや大きなカバンを持っての集合はご遠慮ください。
・チケットを受け取り次第すぐに入場報告をお願いします。
・デジタルチケット入場時のエラー、体調不良、本人確認等のトラブルには一切責任を負えません。ご返金も致しかねますのでご理解ください。出演者の欠席による返金やキャンセルも出来かねます。主催者発表の公演中止の場合のみサイトの規定に従い返金させて頂きます。
・トラブル防止のため、日本人女性の方のみのお譲りに限らせていただきます。また、代理落札などもご遠慮ください。
上記の点をご理解頂ける方のみご購入お願いします。",True,2026-08
sold_acees-arena-tour-v_1786970301108_18000,1786970301108,acees-arena-tour-v,2026-08-30,17:30,Asueアリーナ大阪,electronic,female,同行,,,,,2026-08-17 12:38:21,2026-08-27 10:01:13,2026-08-27 07:17:28,sold,1,18000,"複数名義当選のため、開演時刻の1時間30分前までに会場付近に集合していただき、同時入場後、一旦チケットを回収してこちらで先に座席選択させていただきます。
複数の...",False,2026-08
sold_acees-arena-tour-v_1787327593970_24000,1787327593970,acees-arena-tour-v,2026-08-30,17:30,Asueアリーナ大阪,electronic,female,同行,,,,,2026-08-21 15:53:13,2026-08-27 10:01:13,2026-08-27 07:17:28,sold,1,24000,"指定席のみランダム配布

ランダム配布のチケットとなります。ご購入者様はチケット(座席）を一切お選び頂けません。予めご了承ください。
集合場所などの詳細は公演前...",False,2026-08
sold_acees-arena-tour-v_1786710111369_68000,1786710111369,acees-arena-tour-v,2026-08-30,17:30,Asueアリーナ大阪,electronic,female,公演前日21時までにQRコード共有,,,,,2026-08-14 12:21:51,2026-08-27 10:01:13,2026-08-27 07:17:28,sold,2,68000,"QR毎2連番/条件なし/該当名義（変更ボタン有り）初期当選、コンビニ決済、有効会員名義です。着ブロ申し込みなし、過去同一住所名義全てエラーなし。
公演前日21時...",False,2026-08
5wuv43x48w,1787685850738,acees-arena-tour-v,2026-08-30,17:30,Asueアリーナ大阪,electronic,female,5名義中3番手,🩵,5.0,,番手,2026-08-25 19:24:10,2026-08-27 10:01:13,,listing,2,70000,5名義中3番手/該当名義/有効期限内/変更ボタン有/初期当選/下3桁提示可,True,2026-08
rsf4vzdl23,1787199324175,acees-arena-tour-v,2026-08-30,17:30,Asueアリーナ大阪,electronic,female,同行,ar,5.0,,同行,2026-08-20 04:15:24,2026-08-27 10:01:13,,listing,1,72500,"2連中1枚 当方との同行(深田担不可)
本人確認対応可
初期当選/該当名義/有効期限内名義/重複すり替えなし/変更ボタンあり/下3桁提示可/
プラベルでの取引に移行可能な方即7.0
当日の集合時間や、場所は公演2日前頃にお伝えいたします。
入場後その場で受け取り評価していただきます。交通機関による遅刻、購入者様都合の遅刻、体調不良、本人確認、エラー等で入場出来なかった場合でも受け取り評価はしていただきます。
連番内の座席選択はこちらが行います。座席に関するクレームは一切受け付けません。
公演中止の場合のみ返金対応いたしますのであらかじめご了承ください。",True,2026-08
ox324l47ww,1786057164822,acees-arena-tour-v,2026-08-30,17:30,Asueアリーナ大阪,electronic,female,同行,矢部,5.0,,番手,2026-08-06 22:59:24,2026-08-27 10:01:13,,listing,2,90000,"3名義中2番手 初期当選/全て該当/すり替えなし/下3桁提示可/有効期限内/変更ボタンあり/着ブロ希望なし
<待ち合わせについて>
・前日に集合場所と時間をメッセージにてご連絡させていただきます。(開場30分前予定)
・当日、大幅に遅刻をされた場合は遅刻の理由に関わらず先に入場する可能性がありますが、その場合も必ず受取通知していただきます。
<入場について>
・入場の際、端末をお借りする場合がございます。
・入場前に身分証をお預かりする場合がございます。予めご了承ください。身分証は封筒に入れ問題がなければ開封いたしません。チケットをお渡しする際にお返しいたします。
・入場時はご同行者様と別れてご入場となる場合がございますが、お渡しするチケットは連番になります。
<注意事項>
※公演中止以外の理由で入場できない場合の返金はいたしません。
※遅刻された場合は購入者様のご都合でキャンセルとし返金は致しません。
※ 席種、日付間違い、出演メンバーの変更や出演見合わせ、体調不良、冠婚葬祭等如何なる理由でも返金やキャンセルは受け付けません。
※クレームやキャンセルは一切受け付けません。
※如何なる場合でも送金停止は受け付けません。 また、解散後の返金も一切応じません。
※日本語で意思の疎通がとれる日本人女性の方のみ購入可能です。
※代理購入不可です。必ず購入者本人がお越しください。
購入された時点で全ての内容に同意いただいたとみなします。",True,2026-08
94ijeicn7d,1787502239866,acees-arena-tour-v,2026-08-30,17:30,Asueアリーナ大阪,electronic,none,同行,n,5.0,,同行番手,2026-08-23 16:23:59,2026-08-27 10:01:13,,listing,2,75000,"5名義中3番手
初期選、すり替えなし、下三桁提示可、有効期限内公演当日、開場30分前に会場付近でお待ち合わせし、同時入場して頂きます。
詳しい待ち合わせ時間や場所等は、ご入金後にマイページの連絡ボードでお知らせ致します。
遅刻厳禁、時間厳守、待ち合わせ時間に余裕を持ってお越し頂ける方。
チケット発券後、一旦チケットを回収し、方が座席選択後に購入者様にチケットをお渡し致します。
チケットをお渡しする際、その場で受取通知をお願い致します。
受取通知をしていただけない場合はチケットをお渡し出来ませんのでご理解お願い致します。
どのようなお席でも楽しんで頂ける方歓
迎。
代理購入不可。
同行者登録はこちらでさせて頂きます。
主催者からの公演中止以外は如何なる場合も返金、キャン
致しかねます。
7
本人確認、ランダムエラー、システムエラ、検温、コロナ、体調不良等で入場出来なかった場合も返金対応は致しかねますのでご了承の上、ご購入ください。",True,2026-08
sold_acees-arena-tour-v_1785672531445_69000,1785672531445,acees-arena-tour-v,2026-08-30,17:30,Asueアリーナ大阪,paper,female,同行,,,,,2026-08-02 12:08:51,2026-08-27 10:01:13,2026-08-27 07:17:28,sold,1,69000,"2連中1枚同行/初期当選/該当名義変ボ有/すり替え無し/下3桁提示可/有効期限内/サイチェン可

公演当日開演1時間前を目安に会場付近に集合し、同時入場していた...",False,2026-08
26kyxzsekd,1787587304698,acees-arena-tour-v,2026-08-30,17:30,Asueアリーナ大阪,electronic,female,公演前日までにQRコード共有,あ,5.0,,QR,2026-08-24 16:01:44,2026-08-27 10:01:13,,listing,2,70000,"2連QR毎
初期当選/該当名義/変更ボタンあり/下3桁定時可能/有効期限内名義/重複すり替え無し
同行者登録は購入者の方でお願い致します。本人確認、システムエラー、ランダムエラー、体調不良、遅延等の買い手様都合での返金やキャンセルはいかなる場合も不可。公演中止以外は必ず受取評価していただきます",True,2026-08
r4lj1wgsu9,1787798560987,acees-arena-tour-v,2026-08-30,17:30,Asueアリーナ大阪,electronic,female,同行,み,5.0,,番手,2026-08-27 02:42:40,2026-08-27 10:01:13,,listing,1,56000,"情報局先行/座席未定/着ブロ希望なし/注釈なし/2名義中2番手/すり替えなし/初期当選/会員有効期限内/該当名義(変更ボタンあり)/Pay-easy払い/会員番号下3桁提示可/サイチェン可
2名義×2連番を所持しており、当方が選んだ後の2名義目のお譲りです。
連番内含め、座席の選択権は一切ございませんのでご了承下さい。
実際に座席の確認をしたり、お渡しするチケットの確定までに少々お時間をいただく場合がございますが、確認後速やかにお渡しいたします。
チケットお渡し後は、速やかに受取通知をお願いいたします。
公演当日、16時〜半頃に会場付近で待ち合わせをし、同時入場していただきます。
詳しい待ち合わせ時間・場所等は、ご入金後にマイページの連絡ボードにてお知らせいたします。
15分以上の遅刻は、待たずに入場をさせていただき、その場合でも受取通知は必ずしていただきますので時間に余裕を持ってお越し下さい。
15分以内でも、事前のご連絡がない場合は先に入場をさせていただく場合もございます。
その他、ランダムエラー等含め、公演中止以外のいかなる理由におきましても、返金対応はいたしませんのでご了承下さい。
代理購入不可。
こまめに連絡の取れる、20歳以上の日本人女性の方のみご購入をお願いいたします。",True,2026-08
sold_acees-arena-tour-v_1786800796367_16000,1786800796367,acees-arena-tour-v,2026-08-30,17:30,Asueアリーナ大阪,electronic,female,【条件あり】当日手渡し/座席未定/ランダム配布/有効会員,,,,,2026-08-15 13:33:16,2026-08-27 10:01:13,2026-08-27 07:17:28,sold,1,16000,"《開場30分前集合予定》

※レビュー(評価4.8以上)ある方のみ申請下さい。
※購入時のコメント不要です。
★購入後に当日連絡のつくお電話番号と氏名(苗字)を...",False,2026-08
ism88s3m61,1787813347923,acees-arena-tour-v,2026-08-30,17:30,Asueアリーナ大阪,electronic,female,当日,さ,5.0,,ランダム,2026-08-27 06:49:07,2026-08-27 10:01:13,,listing,1,20000,"少人数ランダム配布
開場30分前程度に会場付近で待ち合わせ、同時入場していただきます。
複数名義所持しております。同時入場をしてチケットを回収後一度解散し、開演5~10分前にランダムで配布致します。指定席のチケットをお渡し致します。立見は含みません。
当日お取引をスムーズに進めさせていただくため電話番号のご提示をお願いしております。
集合時間過ぎても来ない場合は待たずに入場しますが、受取連絡はして頂きます。
チケットをお渡し後はその場で受取連絡をお願い致します。
代理購入不可。購入者様本人が待ち合わせにお越しください。
公演中止の際は規約に基づきご返金致します。
公演中止以外（本人確認・ランダムエラー・体調不良・交通機関の遅延・一部出演者不在等）で返金及びキャンセル対応はできません。
日本人女性の方のみご購入ください。",True,2026-08
6ls3xeh304,1787753088195,acees-arena-tour-v,2026-08-30,17:30,Asueアリーナ大阪,electronic,none,同時入場,A,5.0,,ランダム記載あり,2026-08-26 14:04:48,2026-08-27 10:01:13,,listing,1,20000,"ランダム配布
＊開場時間の約30分前頃に会場付近で集合し、同時入場致します。詳しい待ち合わせ時間や場所は別途ご連絡させて頂きます。 ＊席は当日まで未定です。こちらで決めさせて頂きますためご購入様が選ぶことは出来ません。予めご了承下さい。また、座席へのクレームは一切お受けできません。
＊入場後は一度解散しお渡しまでお時間をいただきます。予めご了承下さい。
＊ご購入後はこちらの連絡を待たずに【お名前（偽名やニックネーム可）とお電話番号】をご連絡をお願い致します。当日の連絡にのみ使用いたします。
＊待ち合わせの際は時間厳守でお願いいたします。遅刻の場合も先に入場いたしますがその際も受取連絡はして頂きます。お時間に余裕を持って会場へお越しいただくようお願い致します。
＊本人確認やランダムエラー等、公演中止以外キャンセルや返金対応は致しません。ご購入後は如何なる場合も受取連絡して頂きます。予めご了承下さい。
＊代理購入はトラブルの元となりますため、必ず当日ご入場のご本人様がご購入下さい。
＊日本語でスムーズにやり取り出来る方／条件あり(ランダム)にご理解のある方のみご購入をお願い致します。
◎ご購入後は上記の説明事項に全て同意されたものとみなします。必ず記載内容をご確認下さい◎",True,2026-08
xybjn0y52v,1787718927065,acees-arena-tour-v,2026-08-30,17:30,Asueアリーナ大阪,electronic,female,同行,negi,5.0,,ランダム,2026-08-26 04:35:27,2026-08-27 10:01:13,,listing,1,18000,"【ランダム配布】 5-10分前のお渡し 初期当選のみ
【下記注意事項を必ずご一読ください】
※公演当日、当方と同時入場をしていただきます。
※入場の際、QRコード表示の為お手持ちのスマートフォン端末をお借りする場合がございます。
※必ずではありませんがトラブル防止の観点から身分証を一時的にお預かりする場合がございます。
※同時入場後はチケットを回収させていただき、一度解散いたします。（再集合までのお時間はご自由にお過ごしいただいて構いません。）
※座席確認のため、チケットをお渡しするまでにお時間をいただく可能性がございます。
※買い手様はお座席をお選びいただけません。また、座席や待ち時間に関するクレームは一切お受け致しかねますのでご了承ください。
※初期当選でも立ち見が出る可能性があります。
※(交通機関等の遅延含め)遅刻、体調不良、ランダムエラー等、入場後の声かけによる退場、いかなる理由であれ入場できなかった場合でも返金・キャンセル等は承諾致しませんので、受け取り評価をしていただきます。公演中止の場合のみ、手数料を差し引いた金額を返金いたします。
※チケットお渡し後はその場で受け取り連絡を済ませていただいた後、ご自由にしていただいて構いません。
※詳しい待ち合わせ時間・場所等は追ってご連絡差し上げますが、開場時刻30-45分前に会場付近にて集合が可能な日本語がスムーズに話せる女性のみご購入ください。
※トラブル防止の為、代理購入はお控えください。必ず当日会場に来られる方のアカウントから購入をお願いいたします。
【ご購入された場合、上記全てに同意されたものとさせていただきます。】",True,2026-08
naaluvy674,1787649429552,acees-arena-tour-v,2026-08-30,17:30,Asueアリーナ大阪,electronic,female,同行,,,,,2026-08-25 09:17:09,2026-08-27 08:01:09,,deleted,1,40000,"【少人数すり替えなし/入場後15分以内/下3桁お伝え可/ランダム配布】

【条件あり】
必ず最後まで注意事項をご確認の上、問題がなければご購入お手続きをお願い致...",False,2026-08
sold_acees-arena-tour-v_1787648898561_67000,1787648898561,acees-arena-tour-v,2026-08-30,17:30,Asueアリーナ大阪,electronic,female,入金後24時間以内にQRコード共有,,,,,2026-08-25 09:08:18,2026-08-27 10:01:13,2026-08-27 07:17:28,sold,2,67000,FC先行　QRごとお譲り　初期当選　該当名義(変更ボタン有り)席種未定(着席ブロック、制作開放席ではありません)　Pay-easy決済　有効期限内名義　重複当選...,False,2026-08
sold_acees-arena-tour-v_1787652087511_45000,1787652087511,acees-arena-tour-v,2026-08-30,17:30,Asueアリーナ大阪,electronic,female,6名義中5番手,,,,,2026-08-25 10:01:27,2026-08-27 10:01:13,2026-08-27 07:17:28,sold,2,45000,"6名義中5番手

プラベル/チケサー通し(手数料無料)可能です。
ご希望の方は購入前にコメントください。

全て初期当選/該当名義/有効期限内/すり替えなし/下...",False,2026-08
sold_acees-arena-tour-v_1786661269279_67000,1786661269279,acees-arena-tour-v,2026-08-30,17:30,Asueアリーナ大阪,electronic,female,公演前日にログイン情報をお伝えします,,,,,2026-08-13 22:47:49,2026-08-27 10:01:13,2026-08-27 07:17:28,sold,2,67000,【条件なし/2連QRごと】 情報局先行/初期当選/重複なし・すり替えなし/着ブロ希望なし/該当名義(変更ボタン有)/有効期限内/過去エラーなし/Pay-easy...,False,2026-08
sold_acees-arena-tour-v_1787228363581_70000,1787228363581,acees-arena-tour-v,2026-08-30,17:30,Asueアリーナ大阪,electronic,female,公演日1日前までにQRコード共有,,,,,2026-08-20 12:19:23,2026-08-27 10:01:13,2026-08-27 07:17:28,sold,2,70000,"初期当選/該当名義ボタンあり/すり替え無しQR毎/下3桁提示可/有効期限内 

入場後は速やかに受け取り通知とログアウトをお願い致します。 
公演中止の場合のみ...",False,2026-08
dc26kmsp59,1787754483452,acees-arena-tour-v,2026-08-30,17:30,Asueアリーナ大阪,electronic,female,同行,☆ミ,5.0,,番手,2026-08-26 14:28:03,2026-08-27 10:01:13,,listing,2,56000,"3名義中3番手
全て該当／変更ボタン有/下3桁提示可能／該当名義
すり替えなし
同時入場後、3名義中3番目に座席をお渡しいたします
・当日会場付近にて集合し、同時入場していただきます。同時入場後、座席選択のためお時間をいただく場合がございます。
・QR表示のために端末をお借りする場合がございます。
・スムーズな待ち合わせのために、当日連絡のつく電話番号の交換をお願いいたします。
・体調不良、ランダムエラー、本人確認等いかなる理由で入場できなかった場合でもキャンセル、返金等はいたしません。（公演中
上を除く）
・集合時間に大幅に遅れる場合先に入場いたします。
その際でも受け取り評価は行っていただきますのでご了承ください。
・チケットお渡し後はその場で必ず受け取り評価をお願いいたします。
・座席未定のため、座席が悪いなどのクレームは一切受け付けませんのでご了承ください。
・録画など名義に傷をつける行為はお辞めください。
ご購入いただいた時点で上記全てに同意いただいたものとみなします。
他サイトでも出品中のため、そちらで購入された場合は削除いたします。",True,2026-08
sold_acees-arena-tour-v_1785667536842_40000,1785667536842,acees-arena-tour-v,2026-08-30,17:30,Asueアリーナ大阪,electronic,female,同行,,,,,2026-08-02 10:45:36,2026-08-27 10:01:13,2026-08-27 07:17:28,sold,2,40000,"★指定席のみすり替えなし★


すり替えなし、ランダム配布です。
下記全てお読み頂き、なにかご不明点ございましたらコメント欄までお願いいたします。
ご購入者様は...",False,2026-08
0lp6qzny8t,1787742126055,acees-arena-tour-v,2026-08-30,17:30,Asueアリーナ大阪,electronic,female,2名義中2番手,𝒀𝕦,5.0,,番手,2026-08-26 11:02:06,2026-08-27 10:01:13,,listing,2,65000,"2名義中2番手
初期当選/有効期限内該当名義/女性名義/変更ボタン有/着ブロ希望無/すり替え無/会員番号下3桁提示可
◻︎開演時間1時間前にこちらの指定する場所でお待ち合わせし、同時入場していただきます。必ず時間厳守でお願いいたします。
◻︎当日の電波状況で連絡がとれなくなる可能性がありますので購入後は当日連絡の取れる電話番号をお送り下さい。
◻︎入場の際、端末をお借りして入場に必要なログイン情報を入力させていただく可能性もございますのでこちらから依頼があった場合は御協力お願いいたします。※状況により一時的に身分証をお預かりする可能性もございます。
◻︎発券後は一度チケットを回収させていただき、こちらが座席選択をした後にチケットをお渡し致します。購入者様に座席選択の権利はございません。座席確認の為、お渡しまでに少しお時間をいただく場合がございますのでご了承ください。
◻︎座席に関するクレームは一切受け付けておりません。チケットお渡しと同時に速やかに受取評価をお願いいたします。
◻︎運営側から公演中止、払い戻しのお知らせがあった場合のみ規約に基づき返金対応を致します。その他の如何なる場合(ランダムエラー/本人確認/出演者の変更/交通機関の遅延や見合わせ/購入者様側の体調不良等)も購入後のキャンセル、返金対応はできません。必ず受け取り評価をして頂きます。
◻︎代理購入、日本人の成人女性以外の方の購入はトラブルの原因になりますのでご遠慮下さい。
価格交渉は5.5〜でお願いいたします。
一部手渡し、プライベート出品希望等のご相談もお気軽にご連絡ください。
説明文を全てお読み頂けていないと判断した場合は返答致しませんのでご了承下さい。",True,2026-08
6ffcak0bze,1785762712247,acees-arena-tour-v,2026-08-30,17:30,Asueアリーナ大阪,electronic,female,ランダム配布,ミ,5.0,,ランダム,2026-08-03 13:11:52,2026-08-27 10:01:13,,listing,1,21000,"・入場後チケットを回収しこちらが選んだあとランダムでお渡しいたします。購入者様が座席をお選びいただけません。座席に関するクレームは一切受け付けませんのでご了承ください。
・公演当日開場25分(予定)前にこちらの指定する場所に必ず集合してください。待ち合わせの時間遅刻された場合は、お待ちせずに入場いたします。その際も受け取り通知をしていただきますのでご了承ください。
・入場ご一度解散し、開演時間までにチケットをお渡しいたします。
・スムーズに取引するため、当日に連絡を取れる電話番号を伺いいたします。
・入場時にご協力いただく場合もございます。その際一時的に身分証をお預かりする場合がございます。
・買い手様の都合（体調不良、遅刻）、本人確認、ランダムエラー等いかなる場合でも返金はいたしかねます。
公演中止の場合のみ手数料引いた額を返金いたします。
・チケットをお渡した際にその場で受け取り連絡していただきます。
上記すべてにご了承いただける方のみご購入をお願い致します。",True,2026-08
sold_acees-arena-tour-v_1787240142732_20000,1787240142732,acees-arena-tour-v,2026-08-30,17:30,Asueアリーナ大阪,electronic,female,【条件あり】当日手渡し/座席未定/ランダム配布/有効会員,,,,,2026-08-20 15:35:42,2026-08-27 10:01:13,2026-08-27 07:17:28,sold,1,20000,"《開場30分前集合予定》

※レビュー(評価4.8以上)ある方のみ申請下さい。
※購入時のコメント不要です。
★購入後に当日連絡のつくお電話番号と氏名(苗字)を...",False,2026-08
sold_acees-arena-tour-v_1786772061605_66000,1786772061605,acees-arena-tour-v,2026-08-30,17:30,Asueアリーナ大阪,electronic,female,公演3日前にログイン情報お伝え,,,,,2026-08-15 05:34:21,2026-08-27 10:01:13,2026-08-27 07:17:28,sold,2,66000,"情報局先行/初期当選/QR毎/該当名義(変更ボタンあり)/有効期限内/重複すり替えなし/郵送物戻りなし/着ブロ指定なし
公演3日前にログイン情報お伝えします。...",False,2026-08
sbsg9mo1j6,1786765592140,acees-arena-tour-v,2026-08-30,17:30,Asueアリーナ大阪,electronic,female,同行,ら,5.0,,番手,2026-08-15 03:46:32,2026-08-27 10:01:13,,listing,2,0,"8名義中5番手
プライベート出品、またはプラベルにて出品するため、ご購入前にメッセージお願いいたします。
すり替えなし/下3桁提示可/有効期限内/座席未定/着ブロ希望なし
公演当日に、こちらの指定したお時間(開場の45～30分前予定)会場付近にて待ち合わせし、同時入場していただきます。
遅刻した場合は 遅刻の理由に関わらず入場いたしますが、その場合も必ず受取通知していただきます。
同時入場後、チケットを一度回収させていただきます。
当方座席選択後、番手順に選んでいただきチケットをお渡しいたします。
受取報告が確認出来ましたらチケットをお渡しいたします。
座席選択の際、座席の確認にお時間をいただく場合がございます。
入場の際、端末をお借りする場合がございます。QRコードが開ける端末をお持ちください。
また、入場前に身分証をお預かりする場合がございます。予めご了承ください。
身分証は封筒に入れ問題がなければ開封いたしません。
チケットをお渡しする際にお返しいたします。
<注意事項>
※ランダムエラー、 通信障害、端末の不具合等、検温チェック、 遅刻等の公演中止以外の理由で入場できない場合の返金はいたしません。 なお、1分でも開演した場合は公演中止とみなしません。
※遅刻された場合は購入者様のご都合でキャンセルとし、返金はいたしません。
※ 席種、日付間違い、出演メンバーの変更や出演見合わせ、体調不良、冠婚葬祭等いかなる理由でも返金やキャンセルは受け付けません。
※公演中録音・録画・マナー違反等の行為は行わないでください。
※クレームやキャンセルは一切受け付けません。
※いかなる場合でも送金停止は受け付けません。 また、解散後の返金も一切応じません。
※日本語で意思の疎通がとれる日本人女性の方のみ購入可能です。
※代理購入不可です。必ず購入者本人がお越しください。
購入された時点で全ての内容に同意いただいたとみなします。",True,2026-08
pprb0n4gam,1787405330925,acees-arena-tour-v,2026-08-30,17:30,Asueアリーナ大阪,electronic,female,同行,あ,5.0,,番手,2026-08-22 13:28:50,2026-08-27 10:01:13,,listing,2,65000,"【3名義中2番手】初期当選/該当名義/下3桁提示可/有効期限内/変更ボタンあり
・3名義中2番手でのお譲りです。
・入場後一度チケットを回収させていただきます。チケット受取後すぐにその場で受取通知をしていただきます。
・チケットお渡し後の座席チケットの交換はいたしかねます。
・座席に関してのクレームは一切お受けできません。
・チケットの持ち逃げ等を防止するため、入場前に運転免許証など大切なものを一時的にお預かりさせていただく場合がございます。
・当日は開演60～70分前に会場付近で待ち合わせになります。時間厳守でお願いいたします。
・公演中止以外(ランダムエラー、QR開けないなどの端末の不具合、交通機関の乱れ、体調不良、システムエラー、出演者変更、本人確認等)で入場や着席ができなかった等の場合でも受け取り通知はしていただきます。
・公演中止以外でのいかなる場合であっても返金対応はいたしかねます。公演中止の場合のみ、手数料を引いた金額を返金いたします。
・盗撮や盗聴などのマナー違反はご遠慮ください。
・ご不明点がございましたらコメントにて確認お願いします。
・ご購入いただいた方は上記の内容を全て理解したとみなしますので、上記全て確認の上ご理解いただける方のみご購入お待ちしております。
※ご希望があればプラベ出品に切り替えます。
お問い合わせください。",True,2026-08
sold_acees-arena-tour-v_1786264751048_35000,1786264751048,acees-arena-tour-v,2026-08-30,17:30,Asueアリーナ大阪,electronic,none,同行,,,,,2026-08-09 08:39:11,2026-08-27 10:01:13,2026-08-27 07:17:28,sold,2,35000,"※必ずご確認ください
✨早渡ランダム配布 2連確約✨

【条件あり】
 
・複数名義所持している為、同時入場後、一度全てのチケットを回収いたします。

・チケッ...",False,2026-08
sold_acees-arena-tour-v_1786374905988_55000,1786374905988,acees-arena-tour-v,2026-08-30,17:30,Asueアリーナ大阪,electronic,female,同行,,,,,2026-08-10 15:15:05,2026-08-27 10:01:13,2026-08-27 07:17:28,sold,2,55000,"3名義中3番手/全て該当名義/変更ボタンあり/有効期限内/初期当選/すり替えなし/下3桁掲示可能

座席未定のため、座席に関するクレームは一切受け付けておりませ...",False,2026-08
sold_acees-arena-tour-v_1787597308312_80000,1787597308312,acees-arena-tour-v,2026-08-30,17:30,Asueアリーナ大阪,electronic,female,公演前日QRコード共有,,,,,2026-08-24 18:48:28,2026-08-27 10:01:13,2026-08-27 07:17:28,sold,1,80000,"QR毎/該当名義(変更ボタンあり)/初期当選分/有効期限内/着ブロ申込なし/下3桁提示可

公演前日にQRコード表示に必要なログイン情報をメッセージにてお知らせ...",False,2026-08
sold_acees-arena-tour-v_1786775013259_17000,1786775013259,acees-arena-tour-v,2026-08-30,17:30,Asueアリーナ大阪,electronic,female,同行,,,,,2026-08-15 06:23:33,2026-08-27 10:01:13,2026-08-27 07:17:28,sold,1,17000,"複数名義当選のため、開演時刻の1時間30分前までに会場付近に集合していただき、同時入場後、一旦チケットを回収してこちらで先に座席選択させていただきます。
複数の...",False,2026-08
sold_acees-arena-tour-v_1786780403133_15900,1786780403133,acees-arena-tour-v,2026-08-30,17:30,Asueアリーナ大阪,electronic,female,同行,,,,,2026-08-15 07:53:23,2026-08-27 10:01:13,2026-08-27 07:17:28,sold,1,15900,"K⭐︎様専用
2連中1枚同行/該当名義/有効期限内
すり替えなし/初期当選/下3桁提示可/着席指定なし

・こちらが指定した時間、場所にて待ち合わせし、同時入場...",False,2026-08
sold_acees-arena-tour-v_1785543351335_55000,1785543351335,acees-arena-tour-v,2026-08-30,17:30,Asueアリーナ大阪,electronic,female,同行,,,,,2026-08-01 00:15:51,2026-08-27 10:01:13,2026-08-27 07:17:28,sold,1,55000,"2名義中2番手 / 初期当選×2 /該当名義×2/変更ボタン有/すり替えなし / 有効期限内 / Pay-easy決済 / 下3桁提示可


・公演当日、開場1...",False,2026-08
sold_acees-arena-tour-v_1786984220829_17000,1786984220829,acees-arena-tour-v,2026-08-30,17:30,Asueアリーナ大阪,electronic,female,【条件あり】当日手渡し/座席未定/ランダム配布/有効会員,,,,,2026-08-17 16:30:20,2026-08-27 10:01:13,2026-08-27 07:17:28,sold,1,17000,"《開場30分前集合予定》

※レビュー(評価4.8以上)ある方のみ申請下さい。
※購入時のコメント不要です。
★購入後に当日連絡のつくお電話番号と氏名(苗字)を...",False,2026-08
44n5o6lv5k,1787657403583,acees-arena-tour-v,2026-08-30,17:30,Asueアリーナ大阪,electronic,female,ランダム配布,しー,5.0,,ランダム,2026-08-25 11:30:03,2026-08-27 10:01:13,,listing,1,19999,"・会員有効期限内。Pay-easy決済の名義のみ。
・複数名義所持しておりますので、入場後は一度チケットを回収させて頂き、当方が座席選択をさせて頂きます。入場時間が分かれていること、複数名義あることから座席選択にお時間を頂きます。チケットは座席選択が終わり次第、ランダムでお渡し致します。
購入者様に座席の選択権はございません。
・チケットお渡しするのにお時間いただく場合がございますのでお急ぎの方はご遠慮ください。お時間頂く場合でもチケットは開演までにはお渡し致します。
・入場後一時解散の可能性があるため、落札後、連絡が取れる電話番号のご提示をお願い致します。再集合する際に電話にてご連絡させて頂きます。また、チケット持ち逃げ防止の為に身分証明書を入場前にお預かりする場合があります。トラブルがない限り身分証を見ることはありません。入場後チケットと引き換えでお預かりした身分証を返却させていただきます。
・チケットをお渡ししましたら、必ずその場で受け取り処理をお願い致します。
・開場30分前に集合致します。遅刻した場合でも受取評価して頂きます。お時間に余裕を持って集合をお願い致します。
・体調不良・交通機関の遅延を含む遅刻・システムエラー・本人確認等いかなる理由につきましてもキャンセルや返金は致しかねます。
・当日まで座席未定の為、どこのお席になるかわかりません。その為座席に関するクレームや返金はお受け致しません。
・またチケットを受け取り次第その場ですぐに受け取り連絡をお願い致します。
・如何なる場合でも送金停止は受け付けません。
以上の事をご理解頂ける方のみご購入ください。",True,2026-08
26ay6ddm8n,1787804137743,acees-arena-tour-v,2026-08-30,17:30,Asueアリーナ大阪,electronic,female,同行,ちゅる,5.0,,ランダム,2026-08-27 04:15:37,2026-08-27 10:01:13,,listing,1,18500,"複数名義所持しておりますので、同時入場後にこちらでチケットを一度回収します。その後一度解散し、再度待ち合わせをし開演前までにチケットをお渡しいたします。
ご購入者様に座席の選択権はなく、下3桁、名義数に関してもお答え致し兼ねます。お座席に関するクレームは一切受け付けません。
チケットご準備出来次第再度集合していただきますので、その際必ず目の前で受け取り評価をしていただきます。受け取り評価をしていただけない場合チケットはお渡し出来ません。
公演当日は開場30分前までに集合お願い致します。複数名で入場予定ですので時間厳守で当日時間に余裕を持ち来れる方のみご購入をお願いいたします。
日のスムーズなお取引の為、購入後に連絡ボードにて予めお名前（ニックネームでも可）と電話番号をお伺いさせていただきます。
集合時間に遅れた場合、先に入場させていただきますので時間厳守でお願いいたします。交通事情等の如何なる理由での遅刻でも受け取り評価はしていただきます。
公演中止以外でのランダムエラー、本人確認、交通機関の遅れ、体調不良等一切返金いたしません。
入金後の如何なる理由でもキャンセル返金致しません。上記内容全てご了承いただけた方のみご購入お願いいたします。
日本語の通じる日本人成人女性、連絡ボードにてこまめに連絡のとれる方、当日連絡のとれる電話番号がある方、入場されるご本人様がご購入お願いいたします。",True,2026-08
sold_acees-arena-tour-v_1786535493636_15500,1786535493636,acees-arena-tour-v,2026-08-30,17:30,Asueアリーナ大阪,electronic,female,ランダム,,,,,2026-08-12 11:51:33,2026-08-27 10:01:13,2026-08-27 07:17:28,sold,1,15500,"ランダム配布 ★指定のみ★

当日、開場45分前に会場付近にて時間厳守で待ち合わせ可能な方。詳細は公演日数日前に追ってご連絡致します。
遅刻の可能性がある場合は...",False,2026-08
sold_acees-arena-tour-v_1785813402653_28000,1785813402653,acees-arena-tour-v,2026-08-30,17:30,Asueアリーナ大阪,electronic,female,同時入場 座席未定,,,,,2026-08-04 03:16:42,2026-08-27 10:01:13,2026-08-27 07:17:28,sold,2,28000,"※こちらは2連での出品ですが2連番を保証するものではなく別々のお席になる可能性があります。 
できる限り連番を渡せるように努めますが必ずというわけではありません...",False,2026-08
0g9kgorgav,1786707394574,acees-arena-tour-v,2026-08-30,17:30,Asueアリーナ大阪,electronic,female,同行,p,5.0,,同行,2026-08-14 11:36:34,2026-08-27 10:01:13,,listing,1,75000,"【必ず下記全てお読みいただきご理解いただけた方のみご購入下さい】
【即決取引ですが、購入前コメント必須。こちらの返信を受け取ってから購入して下さい】
【購入されたらまず購入者情報をメッセージに入れて下さい】
初期当選/有効期限内/該当名義変更ボタンあり/同一クレカ決済なし
2連中の1枚です。連番内でのお席はこちらが先に選ばせていただきます。お席に関するクレームは受け付けません。
浮所担として参加予定なので気になる方はお控え下さい。
手持ちからすり替えはしませんので事前に名義の会員番号下3桁提示可能です。
お待ち合わせ時間目安は開場時間30分前(開演ではなく開場です)になりますが、当方の状況と公演により前後する可能性はございますのでお日にち近づきましたらこちらの連絡ボードより待ち合わせ場所と共にご案内致します。 遅刻には対応しておりませんので(交通機関の遅延などであっても不可)こちらの指定する時間に余裕を持って来ていただける当日融通のきく方のみご購入下さい。遅刻は開演時間ではなくこちらの指定する時間が指標ですのでご了承願います。 お待ち合わせ後は入場列に並びますので会場外での用事はそれまでにお済ませ下さい。
当日の予期せぬネット環境の不具合なども考慮して、購入されましたらすぐ、こちらからお伺いする前にお名前(漢字フルネーム)と電話番号もお知らせ下さい。 感染症関連による公演中止の場合を除き、購入者様の体調不良、出演者変更、ランダムエラー、本人確認、端末の不具合、遅刻などいかなる場合により入場ができなかった場合でも受取連絡はしていただき、返金は致しかねます。(特にランダムエラーは運営側のシステムの為こちらにはどうすることもできませんのでクレームは受けません) また、事前/当日に関わらず購入者様都合でのキャンセルはお受けできませんのできちんと考えてからご購入下さい。 代理購入もトラブルの原因になりかねませんので禁止です。
チケットをお渡しした際に受取連絡までの処理をしていただきます。応じていただけない方にはチケットお渡し致しません。 また、券面を確認して受取連絡まで完了したのちの送金停止はどんな理由であっても受け付けません。 電波や会場内の状況などを考慮して発送連絡は事前に行うことがありますが受取連絡はチケットを渡した際で大丈夫です。
〈その他条件〉
・19歳以上であり、メッセージ上だけでなく実際の会話でも日本語に不自由のないこと。同行者登録時にお名前(と電話番号)を使わせていただくことがあるので申し訳ございませんが実名が日本式姓名の方のみとなります。
・団体での移動に困難が生じる可能性のある方は購入お控え下さい。(足の悪い方、杖や松葉杖を携えている方、キャリーケースなど大きな荷物をお持ちの方など)
・録音録画やその他迷惑行為はご遠慮願います。
以上、全て読まれていないと思われる購入に関しては一切責任負えませんのでよろしくお願い致します。",True,2026-08
9ewuz389r8,1787542801201,acees-arena-tour-v,2026-08-30,17:30,Asueアリーナ大阪,electronic,female,【2連×3名義中3番手】,のあ,5.0,,番手,2026-08-24 03:40:01,2026-08-27 10:01:13,,listing,2,57000,"【3名義中3番手】全て該当/変更ボタンあり/下三桁提示可能/有効期限内
入場後15分以内の配布になるかと思います
【条件あり】
必ず最後まで注意事項をご確認の上、問題がなければご購入お手続きをお願い致します。
※プライベート出品/プラベル出品いたしますので、ご購入前にメッセージをお願いいたします。
また当日手渡し可能な方もその旨をお伝えください。
・複数名義所持のため、人数が揃い次第同時入場後一度全てのチケットを回収し、こちらが選ばなかったチケットをお渡し致します。またお座席に関するクレームも一切お受け出来ません。
・当日は会場付近にて、開場時間の30分前に集合して頂きます。集合時間や場所につきましては、公演日前日までに連絡ボードにてご連絡致します。必ず集合時間厳守でお願いします。 交通機関の遅延、遅刻等いかなる場合でも、時間を過ぎた場合は先に入場させていただきます。 その場合も、返金・キャンセルは受け付けられず受取通知は行なって頂くことになりますのでお時間に余裕を持って集合をお願い致します。
・会場内でのご連絡の為に、こちらからの連絡を待たずにご購入後連絡ボードにてお名前（ニックネーム）・電話番号をお知らせください。
・入場に際して、トラブル防止のため一時的に公的身分証明証をお預かりさせていただく場合がございますので、必ず当日お持ちいただきますようお願い致します。 そちらを中の見えない封筒に入れ、ご購入者様の目の前で封を致します。 トラブル等ない限り、こちらで開けることはございませんのでご安心ください。 入場後、チケット回収のタイミングでご返却致します。
・入場後は一旦解散しますのでその間はご自由にお過ごし下さい。再集合しチケットをお渡しさせていただきますので、中でのご連絡がお取り出来る方でお願い致します。
・遅刻や検温等による体調不良など如何なる場合も落札後のキャンセルは受付致しかねます。
※本人確認やランダムエラーにより、入場出来なかった際のご返金は出来かねますので予めご了承ください。 公演中止以外は如何なる場合も返金対応は致しません。
・録音・録画・盗撮などマナー違反をされる方のご購入はお控えください。違反行為が発覚した場合は然るべき措置を取らせて頂きます。
・トラブル防止のため代理購入不可となります。必ずご入場されるご本人様がご購入ください。
上記デジタルチケットのお取引をご理解頂ける日本人女性の方のみ、ご購入をお願い致します",True,2026-08
cuw5awliga,1787397369317,acees-arena-tour-v,2026-08-30,17:30,Asueアリーナ大阪,electronic,female,当日手渡し,rrr,4.5,,同行番手,2026-08-22 11:16:09,2026-08-27 10:01:13,,listing,2,50000,"初期当選/該当名義/下3桁提示可/有効期限内/3名義中3番手/同一クレカ支払いなし
・3名義中3番手でのお譲りです。
・複数名義所持しているため、発券後、一度チケットを回収し選ばせていただきます。その後、2~3番手の順番でチケット選択していただきます。チケット受取後すぐにその場で受取通知をしていただきます。
・チケットお渡し後の座席チケットの交換はいたしかねます。
・座席を選ぶのにお時間いただく場合がございます。開演時間までには必ずお渡しいたしますので催促、クレーム等ご遠慮ください。
・座席に関してのクレームは一切お受けできません。また、2連中の1枚、2連中の2枚を第三者の方にお譲りする場合何かトラブルがございましても対応いたしかねます。
・チケットの持ち逃げ等を防止するため、入場前に公的な本人確認書類（運転免許証、保険証など）を一時的にお預かりさせていただく可能性がございます。必ず持参お願いいたします。持参ない場合はお取引きキャンセルとさせていただきます。お預かりの際は速やかに封をし、チケットお渡し時に同時に返却いたします。責任を持って丁重にお預かりし、中身を確認したり、個人情報を控えたりすることは一切ございませんので、ご安心ください。
・取引成立後には、スムーズな待ち合わせのため電話番号の交換をお願いいたします。
・当日、当方が指定する場所に集合していただきます。時間厳守でお願いいたします。
・当日買い手様のご都合で連絡が取れない場合や交通機関の遅延含め指定集合時間に遅れてしまう場合はご入場いただけません。その際、こちらからのキャンセル処理はせず受取通知をしていただき返金等は一切お受けいたしかねます。お時間には余裕をもってお越しください。
・電波の状況によってはQR表示、チケット発券のご協力をしていただくことがございますので、必ず通信可能なスマートフォンのご持参をお願いいたします。また、発券後は速やかにログアウトをお願いいたします。
・公演中止以外(ランダムエラー、QR開けないなどの端末の不具合、交通機関の乱れ、体調不良、システムエラー、出演者変更、本人確認等)で入場や着席ができなかった等の場合でも必ず受け取り通知はしていただきます。
・公演中止以外でのいかなる場合であっても返金対応はいたしかねます。公演中止の場合のみ、手数料を引いた金額を返金いたします。
・仮に違う番手同士で入場するもランエラ等で入場できなかった場合でも返金不可。また、お預かりさせていただいた身分証は公演終了後に待ち合わせ、必ず返却いたします。
・ランエラ等で番手が変わった場合でも返金や金額変更はいたしかねます。
・同行者登録は売り手側が全てさせていただきます。
・盗撮や盗聴などのマナー違反はご遠慮ください。
・ご不明点がございましたらコメントにて確認お願いします。
・ご購入いただいた方は上記の内容を全て理解したとみなしますので、上記全て確認の上ご理解いただける方のみご購入お待ちしております。",True,2026-08
sold_acees-arena-tour-v_1787215205117_20000,1787215205117,acees-arena-tour-v,2026-08-30,17:30,Asueアリーナ大阪,electronic,female,ランダム配布,,,,,2026-08-20 08:40:05,2026-08-27 10:01:13,2026-08-27 07:17:28,sold,1,20000,"・複数名義所持しているため、同時入場後一度全てのチケットを回収させていただきます。当方が座席選択後、ランダムでチケットをお渡し致します。
・購入者様は座席を選択...",False,2026-08
q826ib6pco,1787717798829,acees-arena-tour-v,2026-08-30,17:30,Asueアリーナ大阪,electronic,none,ランダムエラー返金 ランダム配布 条件あり,えむ,4.8,,ランダム,2026-08-26 04:16:38,2026-08-27 10:01:13,,listing,1,18000,"・16:00頃お待ち合わせ予定
・複数名義所持しているため発券後チケットを一旦回収し、座席を選択させて頂きます。開演前までにお渡し予定です。
・個人都合による遅刻等に関しましては、お待ち出来兼ねますので必ず時間厳守でお願い致します。
・入場の際のQRコード表示や同行者登録にご協力頂く場合がございますのでその際はご対応頂ける方でお願い致します。
・購入後こちらの連絡を待たずに当日連絡のつくお電話番号と氏名（苗字）をメッセージボードにてお伝え下さい。
・座席へのクレーム、遅刻、本人確認、検温やコロナ感染者との濃厚接触等による入場不可、ランダムエラーなど、公演中止以外の如何なる場合においても返金は致しません。
以上の内容をご理解頂ける方のみご購入お願い致します。",True,2026-08
80c0rbq90v,1787658131695,acees-arena-tour-v,2026-08-30,17:30,Asueアリーナ大阪,electronic,female,同行,はちゃ,5.0,,同行,2026-08-25 11:42:11,2026-08-27 10:01:13,,listing,1,65000,"制作開放当選時の同行者になります。
2連中1枚同行/該当名義変ボ有/すり替えなし/下3桁提示可/有効期限内/サイチェン可
公演当日会場15分前に会場付近に集合し、同時入場していただきます。 入場後その場で受取連絡をお願いいたします。 大幅に遅刻された場合、待たずに入場させていただきますが、その際も必ず受取連絡していただきます。  座席のクレームは一切受け付けません。 チケットお渡し後のサイチェンなど可能ですが、トラブルは一切責任を負いません。 また、名義に傷のつく行為はお辞め下さい。  公演中止の場合のみ手数料を差し引いた金額を返金いたします。 公演中止以外本人確認、ランダムエラー、出演者の変更、公共交通機関の遅延、体調不良などの如何なる場合でも返金は致しかねますのでご了承下さい。  トラブル防止のため、日本人女性の方のみご購入ください。代理購入不可です。",True,2026-08
llrxun66hu,1786880513315,acees-arena-tour-v,2026-08-30,17:30,Asueアリーナ大阪,electronic,female,同行,a,5.0,,ランダム記載あり,2026-08-16 11:41:53,2026-08-27 10:01:13,,listing,1,80000,"2連中の1枚/初期当選/該当名義/変更ボタンあり/すり替えなし/下3桁提示可/有効期限内/サイチェン可
⚠️浮所担不可、購入をお控えください⚠️
購入希望の方は、担当をメッセージにてお送りください。
2連中の1枚になります。連番内での並びはこちらで指定させていただきます。
16時10分頃に会場近辺の当方が指定した場所でお待ち合わせ後、同時入場していただきます。必ず時間厳守でお願い致します。遅刻にはお気をつけください。大幅な遅刻は待たずに入場致します。その場合も受け取り通知はしていただきます。
入場後座席を確認しすぐその場でチケットをお渡しします。実際に席を見に行く場合がございますが、解散はせず着いてきていただきます。チケットを渡した後はその場で受け取り通知をお願い致します。受け取り通知が確認できない限りチケットはお渡しできません。
チケットお渡し後はご自由にお過ごし下さい。
スマートフォンを所持しており、公演当日まで必要最低限の連絡が取れる方、20歳以上の日本人・女性の方のみご購入をお願い致します。
トラブルになりかねないため代理購入はお控えください。
遅刻や体調不良などで入場出来なかった場合での返金には対応致しませんので予めご了承下さい。ランダムエラーで入場できなかった場合は一度受け取り通知をしていただき、半額返金させていただきます。QRの買い直し等はしませんのでご了承ください。
スムーズに連絡が取れるよう、ご購入後速やかにお名前、電話番号を連絡ボードよりお知らせください。
入場するまで座席は未定のため、お席に関するクレームはご遠慮ください。
公演中止の場合のみ規約に基づき返金となります。
購入されましたら以上のことをすべて了承されたものとみなし、いかなる場合でも返金やクレームはお受けできませんのでご了承ください。最後まで迅速に対応させていただきますのでよろしくお願い致します。ご不明点などございましたら購入前にお問い合わせください。",True,2026-08
sold_acees-arena-tour-v_1786009630549_68000,1786009630549,acees-arena-tour-v,2026-08-30,17:30,Asueアリーナ大阪,electronic,female,入金後3時間以内にQRコード共有,,,,,2026-08-06 09:47:10,2026-08-27 10:01:13,2026-08-27 07:17:28,sold,2,68000,"情報局先行 初期当選 ACEes 浮所飛貴名義 指定席 2枚申し込み QRごとのお譲り 条件ご
ざいません 座席未定

情報局先行 ２枚申込みでの当選
都合によ...",False,2026-08
sold_acees-arena-tour-v_1786977982274_17000,1786977982274,acees-arena-tour-v,2026-08-30,17:30,Asueアリーナ大阪,electronic,female,【条件あり】当日手渡し/座席未定/ランダム配布/有効会員,,,,,2026-08-17 14:46:22,2026-08-27 10:01:13,2026-08-27 07:17:28,sold,1,17000,"《開場30分前集合予定》

※レビュー(評価4.8以上)ある方のみ申請下さい。
※購入時のコメント不要です。
★購入後に当日連絡のつくお電話番号と氏名(苗字)を...",False,2026-08
56fh96xx72,1787724741187,acees-arena-tour-v,2026-08-30,17:30,Asueアリーナ大阪,electronic,female,同行,S,4.9,,ランダム,2026-08-26 06:12:21,2026-08-27 10:01:13,,listing,1,38000,"早渡し20分前ランダム配布
開場30分前頃に会場付近で待ち合わせ後、同時入場していただきます。
複数名義所持しております。同時入場後にチケットを回収し、一度解散、開演20分前までにチケットをお渡しいたします。立見席は含まれません。
当日のお取引を円滑に進めるため、電話番号のご提示をお願いいたします。
集合時間を過ぎた場合はお待ちせず入場いたします。その際も受取連絡はお願いします。受取連絡は必ずその場でお願いいたします。
代理購入不可。必ず購入者様ご本人がお越しください。
公演中止の場合のみ規約に基づき返金いたします。本人確認・ランダムエラー・体調不良・交通機関の遅延・一部出演者不在等、公演中止以外の理由による返金・キャンセルは対応いたしかねます。
日本人女性の方のみご購入をお願いいたします。",True,2026-08
sold_acees-arena-tour-v_1787651493742_21500,1787651493742,acees-arena-tour-v,2026-08-30,17:30,Asueアリーナ大阪,electronic,female,ランダム配布,,,,,2026-08-25 09:51:33,2026-08-27 10:01:13,2026-08-27 07:17:28,sold,1,21500,"・会員有効期限内。Pay-easy決済の名義のみ。

・複数名義所持しておりますので、入場後は一度チケットを回収させて頂き、当方が座席選択をさせて頂きます。入場...",False,2026-08
3u1jnvlklm,1787643930569,acees-arena-tour-v,2026-08-30,17:30,Asueアリーナ大阪,electronic,female,公演前日にログイン情報を提示,ちけてんまる,5.0,,QR,2026-08-25 07:45:30,2026-08-27 10:01:13,,listing,2,70000,"入会後初当選/初期当選/該当名義(作間)/変更ボタン有/有効期限内/重複すり替えなし/着ブロ希望なし/下3桁提示可/同行者登録可
ランダムエラー、本人確認、公共交通機関による遅刻、当日の体調不良、出演者の変更、など如何なる理由でもキャンセルや返金対応は致しかねます。公演中止の場合のみ、手数料を差し引いた金額を返金させて頂きます。
座席未定のため、座席に関するクレームは一切受け付けません。
入場後は速やかにログアウトの上、必ず受け取り完了連絡をよろしくお願いします。
公演日前日にログインに必要な情報をお伝えしますので、ご自身で同行者登録の程よろしくお願いします。
また半券の撮影をお願いする場合がございます。
上記理解頂ける日本語が理解できる方のみご購入をお願いいたします。",True,2026-08
3o2fwby7zz,1787793475361,acees-arena-tour-v,2026-08-30,17:30,Asueアリーナ大阪,electronic,female,同行,n,5.0,,同行,2026-08-27 01:17:55,2026-08-27 10:01:13,,deleted,1,73000,"初期当選/有効期限内/変ボ有/下3桁提示可/着ブロ指定なし
プラベルでの出品に変更で即7.0に変更可ですのでご希望の方は質問にてお願いいたします。
当日の集合時間、場所については前日までにお伝えいたします。
チケット受け取り後速やかに受取確認をお願いいたします。
座席に関するクレーム、ランダムエラーによる入場不可の場合など公演中止以外のいかなる場合でも返金は対応致しかねます。
上記ご了承の上購入をお願いいたします。
購入は日本語でのやり取りがスムーズに行える女性のみでお願いいたします。",True,2026-08
20fj45urde,1787557319304,acees-arena-tour-v,2026-08-30,17:30,Asueアリーナ大阪,electronic,female,公演日1日前までにQRコード共有,g,5.0,,QR,2026-08-24 07:41:59,2026-08-27 10:01:13,,listing,2,70000,"初期当選/該当名義ボタンあり/すり替え無しQR毎/下3桁提示可/有効期限内
入場後は速やかに受け取り通知とログアウトをお願い致します。
公演中止の場合のみ、手数料を差し引いた金額を返金致します。
その他発券時のランダムエラー、本人確認、体調不良、交通機関の遅延等の如何なるご事情やご理由で入場できなかった場合でもキャンセルやご返金はできません。
公演当日までにログインに必要な情報をお知らせいたします。同行者登録は買い手様でお願いいたします。",True,2026-08
sold_acees-arena-tour-v_1786807761121_65000,1786807761121,acees-arena-tour-v,2026-08-30,17:30,Asueアリーナ大阪,electronic,female,公演3日前にログイン情報をお伝えします,,,,,2026-08-15 15:29:21,2026-08-27 10:01:13,2026-08-27 07:17:28,sold,2,65000,"初期当選/QRごと/該当（変更ボタンあり）/有効期限内/下3桁提示可/着ブロ指定なし/発送物戻りなし
公演3日前にログイン情報をお伝えします。
同行者登録、同意...",False,2026-08
sold_acees-arena-tour-v_1785774808499_69000,1785774808499,acees-arena-tour-v,2026-08-30,17:30,Asueアリーナ大阪,electronic,female,入金後3時間以内にQRコード共有,,,,,2026-08-03 16:33:28,2026-08-27 10:01:13,2026-08-27 07:17:28,sold,2,69000,"情報局先行 ACEes 浮所飛貴名義 初期当選 指定席 2枚申し込み QRごとのお譲り 条件ございません 座席未定

情報局先行 ２枚申込みでの当選しました。...",False,2026-08
fmednfsu49,1786445082705,acees-arena-tour-v,2026-08-30,17:30,Asueアリーナ大阪,electronic,female,同行,✩,5.0,,ランダム,2026-08-11 10:44:42,2026-08-27 10:01:13,,listing,2,50000,"当日は開場時間の15~30分前頃にこちらが指定した場所に集合していただき同時入場後、先に当方が座席選択した後チケットをランダムにお渡しします。座席は選択できません。
・チケット受取時に必ず受取確認をお願い致します。
・当日は集合時間を必ず守ってください。集合時間に遅れた場合、到着を待たずに入場する可能性があります。その場合も受け取り通知はして頂きます。集合時間、場所は当日又は前日にお知らせ致します。開場は開演1時間前になるため余裕を持って来場できる方のみ購入をお願いします。
・チケット持ち逃げ防止のために集合時に身分証をお預かりさせて頂く場合がございます。
・2連購入の方には入場時に分かれていただく場合がございますが、中で合流し必ず連番でのお席をお渡し致します。
・買い手様の都合によるキャンセルはいかなる場合もできません。
・座席未定のため座席に関するクレームは一切受け付けません。
・チケットの選択にお時間をいただく可能性がございます。
・同行者登録にご協力いただく場合がございます。
・公演中止以外での返金は致しません。
・ランダムエラーや本人確認、コロナ感染予防対策による入場規制等万が一の入場トラブルは対応致しかねますことご了承ください。入場できなかった場合も受け取り通知はして頂きます
・日本語のわかる方のみご購入お願いいたします。
指定席のみの少人数ランダム配布",True,2026-08
sold_acees-arena-tour-v_1786276514599_40000,1786276514599,acees-arena-tour-v,2026-08-30,17:30,Asueアリーナ大阪,electronic,female,同行,,,,,2026-08-09 11:55:14,2026-08-27 10:01:13,2026-08-27 07:17:28,sold,2,40000,"初期当選/該当名義/下3桁提示可/有効期限内/7名義中7番手/同一クレカ支払いなし


・7名義中7番手でのお譲りです。座席選択権は、14枚中の13番目と14番...",False,2026-08
0102250zsk,1787566824919,acees-arena-tour-v,2026-08-30,17:30,Asueアリーナ大阪,electronic,female,同行,N,5.0,,ランダム,2026-08-24 10:20:24,2026-08-27 10:01:13,,listing,1,21500,"ランダム配布
※購入希望の方プライベート出品しますのでお気軽にお声掛けください。
・開場の15~30分前にこちらが指定した会場付近に時間厳守で来れる方。詳しい時間・場所は公演前日に連絡ボードにてお伝えします。
・ランダムエラー、ログインエラー、検温、本人確認等の公演中止以外いかなる場合であっても、キャンセル、返金、送金停止依頼等の対応は一切致しません。
・入場時の端末チケット持ち逃げ防止のため、入場前に公的で有効な本人確認できる身分証をお預かりさせて頂く可能性がございます。発券チケットとの引き換えに身分証はお返しさせて頂きます。責任をもって丁重にお預かりし、中身を拝見することも個人情報を控えることも一切ございませんので、何卒ご安心ください。
・入場後は一旦解散後に再度こちらから連絡しますので指定場所にお越しいただき、開演前にはチケットをお渡しします。電話番号をお伝え頂ける方のご購入お願いいたします。
・チケットをお渡ししましたらその場で必ず受け取り通知連絡をして頂きます。
・お渡ししたチケットの座席のクレームは一切受け付けません。
・トラブルの原因になりますので代理購入はお控えください。
・日本語の通じる方のみご購入お願いします。
・録画、録音含む迷惑行為等はお辞めください。
上記の内容とランダム配布にご了承頂けましたらご購入ください。",True,2026-08
sold_acees-arena-tour-v_1786356896382_70000,1786356896382,acees-arena-tour-v,2026-08-30,17:30,Asueアリーナ大阪,electronic,female,公演日3日前までにQRコード共有,,,,,2026-08-10 10:14:56,2026-08-27 10:01:13,2026-08-27 07:17:28,sold,2,70000,"QRごとのお譲りとなります。
重複無し/すり替えなし/該当/変更ボタン有/有効期限内/初期当選/下３桁提示可能
同行者登録は買い手様ご自身でお願いいたします。...",False,2026-08
80hxam1e7q,1787164172419,acees-arena-tour-v,2026-08-30,17:30,Asueアリーナ大阪,electronic,female,【条件あり】当日手渡し/座席未定/ランダム配布/有効会員,T,4.9,,同行ランダム,2026-08-19 18:29:32,2026-08-27 10:01:13,,listing,2,35000,"《開場30分前集合予定》
※レビュー(評価4.8以上)ある方のみ申請下さい。
※購入時のコメント不要です。
★購入後に当日連絡のつくお電話番号と氏名(苗字)をメッセージボードにてお伝え下さい。
・複数名義所持しており、こちらで座席選択後にランダムで配布致します。 発券後はチケットを一旦回収し、座席を選択させて頂きます。その際にお時間頂く場合がございますが、ご了承下さい。こちらのチケットは、【開演5〜10分前頃】に配布予定となります。ご理解の程、よろしくお願い致します。 ・個人都合による遅刻等に関しましては、お待ち出来兼ねますので必ず時間厳守でお願い致します。万が一、ご購入者様の遅刻によりこちらが先に入場した場合にも、受取り連絡して頂きます。 ・入場の際のQRコード表示や同行者登録にご協力頂く場合がございますのでその際はご対応頂ける方でお願い致します。 ・座席へのクレーム(立見、制作開放等)、遅刻、本人確認、ランダムエラーなど、公演中止以外の如何なる場合においても返金は致しません。個人都合によるキャンセルの場合は、どのような事情であっても受取り連絡をお願い致します。 以上の内容をご理解頂ける方のみご購入お願い致します。",True,2026-08
ef4aj930yw,1786612153056,acees-arena-tour-v,2026-08-30,17:30,Asueアリーナ大阪,electronic,female,同行,☆ミ,5.0,,番手,2026-08-13 09:09:13,2026-08-27 10:01:13,,listing,2,75000,"3名義中2番手
全て該当／変更ボタン有/下3桁提示可能／該当名義
すり替えなし
同時入場後、3名義中3番目に座席をお渡しいたします
・当日会場付近にて集合し、同時入場していただきます。同時入場後、座席選択のためお時間をいただく場合がございます。
・QR表示のために端末をお借りする場合がございます。
・スムーズな待ち合わせのために、当日連絡のつく電話番号の交換をお願いいたします。
・体調不良、ランダムエラー、本人確認等いかなる理由で入場できなかった場合でもキャンセル、返金等はいたしません。（公演中
上を除く）
・集合時間に大幅に遅れる場合先に入場いたします。その際でも受け取り評価は行っていただきますのでご了承ください。
・チケットお渡し後はその場で必ず受け取り評価をお願いいたします。
・座席未定のため、座席が悪いなどのクレームは一切受け付けませんのでご了承ください。
・録画など名義に傷をつける行為はお辞めください。
ご購入いただいた時点で上記全てに同意いただいたものとみなします。
他サイトでも出品中のため、そちらで購入された場合は削除いたします。",True,2026-08
sold_acees-arena-tour-v_1787111329237_70000,1787111329237,acees-arena-tour-v,2026-08-30,17:30,Asueアリーナ大阪,electronic,female,公演日の3日前にログイン情報をお伝え,,,,,2026-08-19 03:48:49,2026-08-27 10:01:13,2026-08-27 07:17:28,sold,2,70000,"情報局先行/初期当選/QR毎/該当名義/変更ボタンあり/有効期限内/重複すり替えなし/着ブロ指定なし/下3桁提示可
プラベル通してのお取引も可能です。
公演日の...",False,2026-08
8tu20x0ukx,1787736221121,acees-arena-tour-v,2026-08-30,17:30,Asueアリーナ大阪,electronic,female,前日までにQRコード共有,n,5.0,,同行記載あり,2026-08-26 09:23:41,2026-08-27 10:01:13,,listing,2,65000,"FC先行 座席未定(着ブロ希望なし)/QRごと/該当名義(変更ボタンあり)/Pay-easy支払い/条件無し/すり替え無し/有効期限内/初期当選/発送物戻り無し/ 他FCエラー無し/同行者登録買い手様可
＜QRごと＞
プライベート出品またはプラベルにて出品し直すことも可能ですのでご希望の方はコメントください。
・条件なし、FC先行、重複当選なし、すり替えなしとなります。Pay-easy支払い、有効期限内該当名義(変更ボタンあり)、初期当選分です。2連番です。
ご希望であれば下3桁提示可。
※最後まで連絡がしっかり取れない悪質な購入者が増えています。下記全てお読み頂いて了承していただけた方のみ購入お願い致します。ここまで書いても守っていただけない方が多いです。守れない方は申し訳ございませんが購入お控えください。
・急遽都合が悪く行けなくなったためのお譲りとなります。
・ご自身の端末でログインして同行者登録までお済ませいただき入場していただきます。
・座席に関するクレームやキャンセルは、ご遠慮ください。
・入場後はすみやかにログアウトしその旨必ず連絡ください。同時に受取連絡をお願いします。
・公演中止以外のランダムエラー、本人確認、検温等で入場できなかった場合も返金対応は致しません。また購入者様ご都合でのキャンセルもお受けできません。公演中止の場合は、手数料を引いた金額を返金致します。
・録音や座席移動をしない、規定外うちわ不可、うちわやペンライトを高く上げないなどの基本的なマナーが守れる、こまめに連絡のとれる20歳以上の日本人女性のみでお願いします。
・必ず購入者本人がお入りください。トラブル防止のため代理購入はやめてください。
・購入後こちらが連絡するより先に一言、こちらの文章全部読み了承し購入した旨連絡を入れていただきたいです。",True,2026-08
sold_acees-arena-tour-v_1786534322020_48000,1786534322020,acees-arena-tour-v,2026-08-30,17:30,Asueアリーナ大阪,electronic,female,同行,,,,,2026-08-12 11:32:02,2026-08-27 10:01:13,2026-08-27 07:17:28,sold,1,48000,"3名義中3番手 2連中の1枚

3名義共に有効期限内該当名義(女性名義)
重複すり替えなし/下3桁提示可/変更ボタン有/着ブロ希望無し

・公演当日、16時頃こ...",False,2026-08
sold_acees-arena-tour-v_1787731144939_70000,1787731144939,acees-arena-tour-v,2026-08-30,17:30,Asueアリーナ大阪,electronic,female,入金後24時間以内にQRコード共有,,,,,2026-08-26 07:59:04,2026-08-27 10:01:13,2026-08-27 07:17:28,sold,2,70000,座席未定/QR/重複・すり替え無し/初期当選（着席ブロック、制作開放席ではございません）/同一クレカ決済無し/有効期限内/下3桁提示可能/同行者登録は買い手様/...,False,2026-08
kta01x1105,1787757509561,acees-arena-tour-v,2026-08-30,17:30,Asueアリーナ大阪,electronic,female,同行,☆,5.0,,同行,2026-08-26 15:18:29,2026-08-27 10:01:13,,listing,1,75000,"2連中の1枚(同行)/初期当選/申込時該当現在非該当名義/有効期限内/下3桁提示可
作間担不可
公演日当日、こちらの指定する時間に会場付近にてお待ち合わせをお願いいたします。
詳細は前日夜もしくは当日朝にメッセージボードにてお伝えいたします。
同時入場後座席を選択し、当方の選ばなかった座席をお渡しさせていただきます。
チケット受け取り後は速やかに受け取り完了連絡をお願いいたします。
座席に関するクレームは一切お受けいたしかねます。
本人確認対応不可となります。
交通の乱れや遅刻、買い手様都合によるキャンセル、ランダムエラー、本人確認等、公演中止以外での返金はいたしかねます。
公演中止のみ手数料を差し引いた金額を返金いたします。",True,2026-08
8me9567l8l,1785925869960,acees-arena-tour-v,2026-08-30,17:30,Asueアリーナ大阪,electronic,female,公演2日前までにログイン情報お伝え,ゆ,5.0,,QR,2026-08-05 10:31:09,2026-08-27 10:01:13,,listing,2,70000,"QRごとのお譲りです。
初期当選/有効期限内/該当名義(変更ボタンあり)/着ブロ選択無し/すり替えなし下3桁お伝え可
公演2日前を目安にログイン情報お伝えします。同行者登録、同意チェックはご自身でお願いします。
当日入場後、速やかにログアウト、受け取り評価お願いします。
ランダムエラー、本人確認、交通機関のトラブル、出演者の体調不良による変更、如何なる理由でもキャンセル/返金対応不可です。
トラブル防止のため、日本人の方のみ、代理購入御遠慮ください。
上記ご理解頂ける方のみご購入ください。",True,2026-08
sold_acees-arena-tour-v_1787708182151_45000,1787708182151,acees-arena-tour-v,2026-08-30,17:30,Asueアリーナ大阪,electronic,female,同行,,,,,2026-08-26 01:36:22,2026-08-27 10:01:13,2026-08-27 07:17:28,sold,1,45000,"★指定席のみすり替えなし★


すり替えなし、ランダム配布です。
下記全てお読み頂き、なにかご不明点ございましたらコメント欄までお願いいたします。
ご購入者様は...",False,2026-08
sold_acees-arena-tour-v_1785556532125_63000,1785556532125,acees-arena-tour-v,2026-08-30,17:30,Asueアリーナ大阪,electronic,female,同行,,,,,2026-08-01 03:55:32,2026-08-27 10:01:13,2026-08-27 07:17:28,sold,2,63000,"座席未定／2名義中2番手／すべて有効期間内該当名義ボタンあり／すり替えなし下3桁提示可 

2名義ともACEes該当名義・指定席・初期当選・有効期限内ボタンあり...",False,2026-08
sold_acees-arena-tour-v_1786800324260_21000,1786800324260,acees-arena-tour-v,2026-08-30,17:30,Asueアリーナ大阪,electronic,none,同行,,,,,2026-08-15 13:25:24,2026-08-27 10:01:13,2026-08-27 07:17:28,sold,1,21000,"⭐️少人数ランダム配布⭐️
‼️開演30分前配布‼️
中相場買取可。

プライベート出品にします。
ランダム配布であることをご理解の上、ご購入ください。
・ライ...",False,2026-08
sold_acees-arena-tour-v_1785729182735_63000,1785729182735,acees-arena-tour-v,2026-08-30,17:30,Asueアリーナ大阪,electronic,female,公演日前日,,,,,2026-08-03 03:53:02,2026-08-27 10:01:13,2026-08-27 07:17:28,sold,2,63000,"初期当選/QR毎/重複・すり替えなし/該当名義/下3桁提示可/着ブロ希望なし/過去エラー歴無し
公演日前日に、連絡ボードにてログイン情報をお知らせします。ご自身...",False,2026-08
1c3cdsb3c1,1787423966713,acees-arena-tour-v,2026-08-30,17:30,Asueアリーナ大阪,electronic,female,購入後24時間以内にログイン情報ご提示,su,4.9,,QR,2026-08-22 18:39:26,2026-08-27 10:01:13,,listing,2,95000,"2連 QRごとのお譲り、初期当選、複数当選なし、該当名義有効期限内変更ボタンあり着ブロ希望なし。発送物戻りなし。ペイジー決済。日本人以外の方は購入を御遠慮ください。意思疎通が取れる方、QRの扱いに慣れている方のみ。こまめに連絡取れる方。本人確認対応不可。
ログイン情報お伝え致します。
同行者登録は買い手様でお願い致します。
入場後、開演時間前に速やかに受け取り通知、ログアウトをお願い致します。開演時間を過ぎますとパスワードを変えさせて頂きますのでご了承ください。
ご希望がありましたら下3桁ご提示可能です。
連絡をスムーズに取れる方(既読未読無視をしない方)
一人一人に回答するの大変な為記載以上の過去の座席等気にされない方上記ご理解頂ける方でお願い致します。
サイチェンはお好きにして頂いて大丈夫です
体調不良・発券エラー･ランダムエラー・公共交通機関の遅延運休・メンバー不在の為のキャンセル、相場変動によるキャンセル、赤線エラー等如何なる場合でも公演中止以外の理由での返金は致しません(公演中止以外の理由での返金は不可、※記載内容守られない場合及び名義の悪用が発覚した場合は運営様に開示請求等のご連絡含め適切な処置を取らせて頂きます)のでご理解頂ける方のみ購入をお願い致します。
落札入金後は全て理解し同意したものとみなします。",True,2026-08
sold_acees-arena-tour-v_1787311957464_20500,1787311957464,acees-arena-tour-v,2026-08-30,17:30,Asueアリーナ大阪,electronic,female,ランダム,,,,,2026-08-21 11:32:37,2026-08-27 10:01:13,2026-08-27 07:17:28,sold,1,20500,"ランダム配布 ★指定のみ 中相場買取可能

当日、開場30分前に会場付近にて時間厳守で待ち合わせ可能な方。
詳細は公演日数日前に追ってご連絡致します。
遅刻の可...",False,2026-08
sold_acees-arena-tour-v_1786720012820_23000,1786720012820,acees-arena-tour-v,2026-08-30,17:30,Asueアリーナ大阪,electronic,female,同行,,,,,2026-08-14 15:06:52,2026-08-27 10:01:13,2026-08-27 07:17:28,sold,1,23000,"⭐️ランダムエラーの際返金可能⭐️指定席のみランダム【必ず指定席のお渡し】

・円滑な取引のため、ご購入後取引連絡にてお電話番号のご提示をお願いいたします。
・...",False,2026-08
jw7b3f3xha,1787451391878,acees-arena-tour-v,2026-08-30,17:30,Asueアリーナ大阪,electronic,female,公演日1日前までにQRコード共有,tr,5.0,,QR,2026-08-23 02:16:31,2026-08-27 10:01:13,,listing,2,70000,"該当名義／初期当選／QR毎／下3桁提示可能／すり替え無／変更ボタン有／有効期限内／同一クレカ決済無
【プラベル優先。ご希望の方はその旨ご連絡ください。】
公演前日までにログイン情報をお伝えします。同行者登録はご購入者様で実施してください。
入場後は速やかにログアウトし、評価をお願いいたます。
ランダムエラーや本人確認等に関するトラブルは対応不可です。
※公演中止の場合のみ手数料を差し引いた金額を返金いたします。
※ランダムエラー等の公演中止以外の事案では一切返金できません。",True,2026-08
rsuaoddkl7,1787201623117,acees-arena-tour-v,2026-08-30,17:30,Asueアリーナ大阪,electronic,female,同行,ら,5.0,,番手,2026-08-20 04:53:43,2026-08-27 10:01:13,,listing,2,110000,"・8名義中4番手
・入場時本人確認対応可能/同行者登録可能
初期当選/下3桁提示可/有効期限内/8名義中4番手/
・8名義中4番手でのお譲りです。
・複数名義所持しているため、発券後、一度チケットを回収し選ばせていただきます。その後、2~7番手の順番でチケット選択していただきます。チケット受取後すぐにその場で受取通知をしていただきます。
・チケットお渡し後の座席チケットの交換はいたしかねます。
・座席を選ぶのにお時間いただく場合がございます。開演時間までには必ずお渡しいたしますので催促、クレーム等ご遠慮ください。
・座席に関してのクレームは一切お受けできません。また、2連中の1枚、2連中の2枚を第三者の方にお譲りする場合何かトラブルがございましても対応いたしかねます。
・チケットの持ち逃げ等を防止するため、入場前に公的な本人確認書類（運転免許証、保険証など）を一時的にお預かりさせていただく可能性がございます。必ず持参お願いいたします。持参ない場合はお取引きキャンセルとさせていただきます。お預かりの際は速やかに封をし、チケットお渡し時に同時に返却いたします。責任を持って丁重にお預かりし、中身を確認したり、個人情報を控えたりすることは一切ございませんので、ご安心ください。
・取引成立後には、スムーズな待ち合わせのために氏名と電話番号の交換をお願いいたします。
・当日、当方が指定する場所に集合していただきます。時間厳守でお願いいたします。
・当日買い手様のご都合で連絡が取れない場合や交通機関の遅延含め指定集合時間に遅れてしまう場合はご入場いただけません。その際、こちらからのキャンセル処理はせず受取通知をしていただき返金等は一切お受けいたしかねます。お時間には余裕をもってお越しください。
・電波の状況によってはQR表示、チケット発券のご協力をしていただくことがございますので、必ず通信可能なスマートフォンのご持参をお願いいたします。また、発券後は速やかにログアウトをお願いいたします。
・公演中止以外(ランダムエラー、QR開けないなどの端末の不具合、交通機関の乱れ、体調不良、システムエラー、出演者変更、本人確認等)で入場や着席ができなかった等の場合でも必ず受け取り通知はしていただきます。
・公演中止以外でのいかなる場合であっても返金対応はいたしかねます。公演中止の場合のみ、手数料を引いた金額を返金いたします。
・仮に違う番手同士で入場するもランエラ等で入場できなかった場合でも返金不可。また、お預かりさせていただいた身分証は公演終了後に待ち合わせ、必ず返却いたします。
・ランエラ等で番手が変わった場合でも返金や金額変更はいたしかねます。
・他の方のご迷惑になる可能性や、入場に支障をきたす可能性がありますので、キャリーケースや大きなカバンを持っての集合はご遠慮ください。必ず、預けてから集合場所に来るようにお願いいたします。
・盗撮や盗聴などのマナー違反はご遠慮ください。
・購入後、スムーズな待ち合わせのために、仮名で構いませんのでお名前と電話番号をご提示ください。
・ご不明点がございましたらコメントにて確認お願いします。
・ご購入いただいた方は上記の内容を全て理解したとみなしますので、上記全て確認の上ご理解いただける方のみご購入お待ちしております。",True,2026-08
sold_acees-arena-tour-v_1787455552510_70000,1787455552510,acees-arena-tour-v,2026-08-30,17:30,Asueアリーナ大阪,electronic,female,公演日前日にログイン情報をお伝えします,,,,,2026-08-23 03:25:52,2026-08-27 10:01:13,2026-08-27 07:17:28,sold,2,70000,"初期当選/該当名義/変更ボタンあり/下3桁提示可能/有効期限内/着ブロ希望なし

公演前日にログインに必要な情報をお送り致します。
同行者登録は購入者様の方でお...",False,2026-08
68dwhi6jgx,1787502197735,acees-arena-tour-v,2026-08-30,17:30,Asueアリーナ大阪,electronic,none,同行,n,5.0,,同行番手,2026-08-23 16:23:17,2026-08-27 10:01:13,,listing,1,120000,"5名義中2番手
初期選、すり替えなし、下三桁提示可、有効期限内公演当日、開場30分前に会場付近でお待ち合わせし、同時入場して頂きます。
詳しい待ち合わせ時間や場所等は、ご入金後にマイページの連絡ボードでお知らせ致します。
遅刻厳禁、時間厳守、待ち合わせ時間に余裕を持ってお越し頂ける方。
チケット発券後、一旦チケットを回収し、方が座席選択後に購入者様にチケットをお渡し致します。
チケットをお渡しする際、その場で受取通知をお願い致します。
受取通知をしていただけない場合はチケットをお渡し出来ませんのでご理解お願い致します。
どのようなお席でも楽しんで頂ける方歓
迎。
代理購入不可。
同行者登録はこちらでさせて頂きます。
主催者からの公演中止以外は如何なる場合も返金、キャン
致しかねます。
7
本人確認、ランダムエラー、システムエラ、検温、コロナ、体調不良等で入場出来なかった場合も返金対応は致しかねますのでご了承の上、ご購入ください。",True,2026-08
sold_acees-arena-tour-v_1787624939033_69000,1787624939033,acees-arena-tour-v,2026-08-30,17:30,Asueアリーナ大阪,electronic,female,公演日1日前までにQRコード共有,,,,,2026-08-25 02:28:59,2026-08-27 10:01:13,2026-08-27 07:17:28,sold,2,69000,"2連QR毎/初期当選/該当名義/変更ボタンあり/下3桁定時可能/有効期限内名義/重複すり替え無し
同行者登録は購入者の方でお願い致します。本人確認、システムエラ...",False,2026-08
1smhcydrmy,1787740453717,acees-arena-tour-v,2026-08-30,17:30,Asueアリーナ大阪,electronic,female,同行,さ,4.7,,ランダム,2026-08-26 10:34:13,2026-08-27 10:01:13,,listing,1,20000,"座席の確認後、こちらで選んだ座席をお渡しいたします。入場し、チケットはお渡しの際に受け取り通知をしていただき、受け取り通知が確認出来次第チケットをお渡しいたします。
お座席のクレームは一切受け付けません。どの座席でも公演を楽しめる方でお願いします。また、録音・録画等の違反行為をする方の購入はおやめください。
開場時間30分前を目安に会場付近にて待ち合わせ後同時入場させていただきます。また、15分以上の遅刻は当方の入場前であっても、取引続行不可とみなしお取引を中止させていただきます。この場合も受け取り通知は行っていただきますのでご了承ください。
詳しい場所や時間など連絡ボードにて公演日が近付きましたらご連絡いたします。
買い手様都合の遅刻やシステム等の入場トラブル、入場まで座席は分かりませんので座席に関するクレームなど如何なる場合でも送金停止は受け付けません。また、受け取り通知確認後でなければチケットのお渡しは致しません。
入場後お席を選ぶのにお時間がかかる場合がございますが、公演開始5〜10分前を目安にチケットをお渡しいたします。
日本語が理解できない方や日本語が通じない方、また女性以外の購入や代理購入はおやめください。
また、公演中止の場合のみ返金致します。公演中止以外はいかなる場合も返金致しませんのでご了承ください。
以上のことをご理解の上ご購入お願い致します。購入の際は上記について全て同意いただいたということでお取り引きさせていただきます。",True,2026-08
h23wcdytyl,1787736287638,acees-arena-tour-v,2026-08-30,17:30,Asueアリーナ大阪,electronic,female,前日までにQRコード共有,n,5.0,,同行記載あり,2026-08-26 09:24:47,2026-08-27 10:01:13,,listing,2,65000,"FC先行 座席未定(着ブロ希望なし)/QRごと/該当名義(変更ボタンあり)/Pay-easy支払い/条件無し/すり替え無し/有効期限内/初期当選/発送物戻り無し/ 他FCエラー無し/同行者登録買い手様可
＜QRごと＞
プライベート出品またはプラベルにて出品し直すことも可能ですのでご希望の方はコメントください。
・条件なし、FC先行、重複当選なし、すり替えなしとなります。Pay-easy支払い、有効期限内該当名義(変更ボタンあり)、初期当選分です。2連番です。
ご希望であれば下3桁提示可。
※最後まで連絡がしっかり取れない悪質な購入者が増えています。下記全てお読み頂いて了承していただけた方のみ購入お願い致します。ここまで書いても守っていただけない方が多いです。守れない方は申し訳ございませんが購入お控えください。
・急遽都合が悪く行けなくなったためのお譲りとなります。
・ご自身の端末でログインして同行者登録までお済ませいただき入場していただきます。
・座席に関するクレームやキャンセルは、ご遠慮ください。
・入場後はすみやかにログアウトしその旨必ず連絡ください。同時に受取連絡をお願いします。
・公演中止以外のランダムエラー、本人確認、検温等で入場できなかった場合も返金対応は致しません。また購入者様ご都合でのキャンセルもお受けできません。公演中止の場合は、手数料を引いた金額を返金致します。
・録音や座席移動をしない、規定外うちわ不可、うちわやペンライトを高く上げないなどの基本的なマナーが守れる、こまめに連絡のとれる20歳以上の日本人女性のみでお願いします。
・必ず購入者本人がお入りください。トラブル防止のため代理購入はやめてください。
・購入後こちらが連絡するより先に一言、こちらの文章全部読み了承し購入した旨連絡を入れていただきたいです。",True,2026-08
dxh015y1lh,1787738570646,acees-arena-tour-v,2026-08-30,17:30,Asueアリーナ大阪,electronic,female,同行,あ,5.0,,ランダム,2026-08-26 10:02:50,2026-08-27 10:01:13,,listing,1,25500,"指定席のみ、ランダム配布。
上乗せにて早渡し可、相場買取可。
ご購入者様はチケットの選択ができません。
開場の30分前待ち合わせ予定です。
入場後は座席を選択させて頂く為、一度解散し開演5~10分前までに再集合して頂きチケットをお渡しします。その際に受け取り評価をお願いします。
ランダムエラーや遅刻、体調不良等など公演中止以外のいかなる場合も返金不可です。集合時間に遅れた場合も必ず受け取りして頂きます。日本語のわかる女性のみ購入お願いいたします。",True,2026-08
sold_acees-arena-tour-v_1785822287995_68000,1785822287995,acees-arena-tour-v,2026-08-30,17:30,Asueアリーナ大阪,electronic,female,公演前日にログイン情報提示,,,,,2026-08-04 05:44:47,2026-08-27 10:01:13,2026-08-27 07:17:28,sold,2,68000,"QR毎、変更ボタンあり該当名義、初期当選、下3桁提示可能、有効期限内、着席ブロック希望なし

公演前日にログインに必要な情報を連絡ボードにてお伝えいたします。...",False,2026-08
sold_acees-arena-tour-v_1786713476290_68000,1786713476290,acees-arena-tour-v,2026-08-30,17:30,Asueアリーナ大阪,electronic,female,入金後3時間以内にQRコード共有,,,,,2026-08-14 13:17:56,2026-08-27 10:01:13,2026-08-27 07:17:28,sold,2,68000,"情報局先行 ACEes 佐藤龍我名義 初期当選 指定席 2枚申し込み QRごとのお譲り 条件ございません 座席未定

情報局先行 ２枚申込みでの当選しました。...",False,2026-08
sold_acees-arena-tour-v_1787671998497_20000,1787671998497,acees-arena-tour-v,2026-08-30,17:30,Asueアリーナ大阪,electronic,none,同時入場,,,,,2026-08-25 15:33:18,2026-08-27 10:01:13,2026-08-27 07:17:28,sold,1,20000,"ランダム配布
＊開場時間の約30分前頃に会場付近で集合し、同時入場致します。詳しい待ち合わせ時間や場所は別途ご連絡させて頂きます。 ＊席は当日まで未定です。こち...",False,2026-08
sold_acees-arena-tour-v_1786408516763_67000,1786408516763,acees-arena-tour-v,2026-08-30,17:30,Asueアリーナ大阪,electronic,female,公演日前日までにQRコード共有,,,,,2026-08-11 00:35:16,2026-08-27 10:01:13,2026-08-27 07:17:28,sold,2,67000,"ファンクラブ先行 初期当選   QRごと 有効期限内  着席ブロック希望なし  同行者登録可能 重複すり替えなし  下3桁ご提示可能  

入金後ログイン情報お...",False,2026-08
sold_acees-arena-tour-v_1787797929078_67000,1787797929078,acees-arena-tour-v,2026-08-30,17:30,Asueアリーナ大阪,electronic,female,同行,,,,,2026-08-27 02:32:09,2026-08-27 10:01:13,2026-08-27 07:17:28,sold,1,67000,"初期当選/該当名義/有効期限内/変更ボタンあり/下3桁提示可

当方作間担です。同行ですので気にする方はご遠慮ください。

以下の内容をご一読いただき、ご了承い...",False,2026-08
yj5x7bd60b,1787723196704,acees-arena-tour-v,2026-08-30,17:30,Asueアリーナ大阪,electronic,female,同行,S,4.9,,ランダム,2026-08-26 05:46:36,2026-08-27 10:01:13,,listing,1,25000,"ランダム配布 指定席チケット
開場30分前程度に会場付近で待ち合わせ、同時入場していただきます。
複数名義所持しております。同時入場をしてチケットを回収後一度解散し、開演5~10分前にランダムで配布致します。指定席のチケットをお渡し致します。立見は含みません。
当日お取引をスムーズに進めさせていただくため電話番号のご提示をお願いしております。
集合時間過ぎても来ない場合は待たずに入場しますが、受取連絡はして頂きます。
チケットをお渡し後はその場で受取連絡をお願い致します。
代理購入不可。購入者様本人が待ち合わせにお越しください。
公演中止の際は規約に基づきご返金致します。
公演中止以外（本人確認・ランダムエラー・体調不良・交通機関の遅延・一部出演者不在等）で返金及びキャンセル対応はできません。
日本人女性の方のみご購入ください。",True,2026-08
sold_acees-arena-tour-v_1787543641253_65000,1787543641253,acees-arena-tour-v,2026-08-30,17:30,Asueアリーナ大阪,electronic,female,入金後24時間以内にQRコード共有,,,,,2026-08-24 03:54:01,2026-08-27 10:01:13,2026-08-27 07:17:28,sold,2,65000,FC先行　QRごとお譲り　初期当選　該当名義(変更ボタン有り)席種未定(着席ブロック、制作開放席ではありません)　Pay-easy決済　有効期限内名義　重複当選...,False,2026-08
sold_acees-arena-tour-v_1785626362834_25000,1785626362834,acees-arena-tour-v,2026-08-30,17:30,Asueアリーナ大阪,electronic,female,同行,,,,,2026-08-01 23:19:22,2026-08-27 10:01:13,2026-08-27 07:17:28,sold,1,25000,"3名義のみランダム配布
※全て有効期限内、該当名義少人数で入場いたします。
※複数名義所持のため、当方がチケットを選んだ後ランダムでチケットを配布します。購入者...",False,2026-08
vb6rb60aje,1787145164966,acees-arena-tour-v,2026-08-30,17:30,Asueアリーナ大阪,electronic,female,同行,ミ,5.0,,番手,2026-08-19 13:12:44,2026-08-27 10:01:13,,listing,1,68000,"3名義中2番手/ 初期当選/該当名義(変更ボタンあり)/すり替えなし/下3桁提示可/ 有効期限内/着ブロ希望無し/サイチェン可/座席未定
・同時入場後一度チケットを回収し、当方が1番手の2連を選択後、2番手のチケットをお渡しいたします。もう1名の2番手の方と話し合って2番手（2連）座席を決めてください。連番の座席選択はできません。
・チケットお渡しする同時にその場で受取確認連絡していただきます。サイチェンなどはご自由にしていただいて構いません。
・公演当日開場25分程度前、会場付近にて待ち合わせを予定しております。
詳しい待ち合わせ時間・場所等は、ご入金後にお知らせします。
・座席未定のため、お座席に関するクレーム等は一切受け付けませんので予めご了承ください。
・持ち逃げ防止のため身分証を預からせていただく場合がございますので、ご了承ください。こちらは封をした状態で預からせて頂き、チケット回収時に返却いたします。
・本人確認やランダムエラー、当日の体調不良等公演中止以外のいかなる場合も返金は致しません。
・公演中止の場合のみ、手数料を差し引いた金額を返金させて頂きます。
・当日時間厳守でお願い致します。交通機関の遅延による遅刻等含めいかなる理由でも遅刻された場合先に入場いたします。その場合でも受取連絡はして頂きますのでご了承ください。",True,2026-08
sold_acees-arena-tour-v_1787648736810_68000,1787648736810,acees-arena-tour-v,2026-08-30,17:30,Asueアリーナ大阪,electronic,female,公演日前日にQRコード共有,,,,,2026-08-25 09:05:36,2026-08-27 10:01:13,2026-08-27 07:17:28,sold,2,68000,"QR毎2連
期限内/該当名義（変更ボタンあり）/初期当選/同行者登録可
着ブロ希望なし/すり替えなし(下3桁提示可)/郵送物戻りやエラー歴なし

公演2日前に、...",False,2026-08
sold_acees-arena-tour-v_1787554310189_35000,1787554310189,acees-arena-tour-v,2026-08-30,17:30,Asueアリーナ大阪,electronic,female,同行,,,,,2026-08-24 06:51:50,2026-08-27 10:01:13,2026-08-27 07:17:28,sold,2,35000,🌟2連確約🌟複数名義当選のため、開演時刻の1時間30分前までに会場付近に集合していただき、同時入場後、一旦チケットを回収してこちらで先に座席選択させていただ...,False,2026-08
0m004marwt,1787293643891,acees-arena-tour-v,2026-08-30,17:30,Asueアリーナ大阪,electronic,female,同行,t,5.0,,ランダム,2026-08-21 06:27:23,2026-08-27 10:01:13,,listing,1,35000,"⭐️3名義のみランダム配布⭐️
※全て有効期限内、該当名義少人数で入場いたします。
※複数名義所持のため、当方がチケットを選んだ後ランダムでチケットを配布します。購入者様がチケットを選ぶことはできません。また、座席に関するクレームは一切受け付けておりませんのでご了承ください。
※当日は、開場時間の30分前にこちらが指定した場所で待ち合わせをし、同時入場していただきます。
※チケットをお渡しするまでに時間がかかる場合がございますので予めご了承ください。開演10前までにはチケットをお渡しいたします。
※詳しい集合場所や時間等の詳細については前日までに連絡ボードにてお伝えします。
※ご購入頂いた後、連絡ボードにてお名前と電話番号を当方が連絡する前にお送りいただくようお願いいたします。チケットをお渡しする際に、ご購入者様と枚数を間違えないようにする為ですので、ご了承下さい。
※2連で購入された際、入場時分かれて入場していただく場合もございますが、必ず連番のチケットをお渡しします。
※複数人で入場いたしますので、時間厳守出来る方のみお願いします。
※本人確認、ランダムエラー、買い手様の遅刻、コロナ関連含め公演中止以外の如何なる理由であっても返金致しません。必ず受け取り連絡をしていただきます。公演中止の場合は手数料を差し引いた全額を返金いたします。
以上をご了承いただける方で、日本語が通じる日本人女性の方のみご購入お願い致します。ご購入いただけた時点で上記全てに同意いただけたと認識致します。キャンセルは一切受け付けておりません。",True,2026-08
sj9i9yxpgu,1787614368280,acees-arena-tour-v,2026-08-30,17:30,Asueアリーナ大阪,electronic,female,同行,a,5.0,,ランダム,2026-08-24 23:32:48,2026-08-27 10:01:13,,listing,1,35000,"2名義以下ランダム配布
できるだけ早めにお渡しいたします。
複数名義所持しているため、ランダムでのお譲りとなります。
以下の条件を全てご確認の上、ご了承いただける方のみご購入お願い致します。
・指定入場時間の20-30分前に会場付近に集合していただき、同時入場致します。詳しい集合時間等は公演前日までに連絡ボードにてご連絡させていただきます。
・当日は複数の方にお集まり頂くため、時間厳守でお願い致します。大幅な遅刻や体調不良等、いかなる場合でも買い手様の都合でのキャンセルはお受け致しかねます。また、ランダムエラーや本人確認等、如何なる場合でも必ず受け取り連絡はして頂きます。
・電波の都合により連絡が取りにくくなる可能性があるため、電話番号を控えさせていただく場合がございます。
・入場後は一度解散し、こちらで座席選択後に再集合し、チケットをお渡しいたします。買い手様に座席の選択権はありませんのでご了承ください。
・チケットのお渡しまでにお時間をいただく場合がございます。お渡し後はすぐに受取確認をお願い致します。また、座席に関するクレーム、返金はお受け致しかねます。
・チケットお渡し後は自由にしていただいて構いませんが、名義の存続に関わる迷惑行為はお控えください。
・名義数等、チケットに関するご質問には一切お答えできません。
・こちらで同行者登録させて頂きますが、氏名等必要な情報をお伺いする場合がございますので、ご協力いただける方のみご購入ください。
・入場の際に身分証をお預かりする場合がありますのでご了承ください。
・主催者側による公演中止の場合のみ返金対応致します。
・成人済み日本人女性以外のご購入はお控えください。",True,2026-08
sold_acees-arena-tour-v_1787050166079_16500,1787050166079,acees-arena-tour-v,2026-08-30,17:30,Asueアリーナ大阪,electronic,female,ランダム,,,,,2026-08-18 10:49:26,2026-08-27 10:01:13,2026-08-27 07:17:28,sold,1,16500,"ランダム配布 ★指定のみ、中相場買取可

当日、開場30分前に会場付近にて時間厳守で待ち合わせ可能な方。詳細は公演日数日前に追ってご連絡致します。
遅刻の可能性...",False,2026-08
gp717zdymd,1786545253287,acees-arena-tour-v,2026-08-30,17:30,Asueアリーナ大阪,electronic,female,2日前にログイン情報お送りします,m,5.0,,QR,2026-08-12 14:34:13,2026-08-27 10:01:13,,listing,2,76000,"QRごと/初期当選/重複・すり替えなし/該当(変更ボタンあり)・有効期限内名義/会員番号40万台/Pay-easy払い/会員番号下3桁提示可能
・同行者登録はご購入者様で行って頂いて大丈夫です。
ご購入後、こちらより同行者登録のURLをお送りしますのでそのまま同行者登録をお願いいたします。
・公演中止の場合のみ、チケテンの規約に則り返金のご対応を致します。
（ランダムエラーや個人的な都合等、如何なる場合でも受取連絡をお願い致します。）
・受取連絡は開演時間までにお願い致します。
・日本人の女性のみご購入ください。
・必ず入場されるご本人様がご購入ください。代理購入不可。
上記のことを全てご了承いただけた方のみご購入お願いいたします。
ご購入いただいた時点でご了承いただけたものとみなし、キャンセルは一切受け付けません。",True,2026-08
sold_acees-arena-tour-v_1786069354126_16500,1786069354126,acees-arena-tour-v,2026-08-30,17:30,Asueアリーナ大阪,electronic,female,同行,,,,,2026-08-07 02:22:34,2026-08-27 10:01:13,2026-08-27 07:17:28,sold,1,16500,"複数名義当選のため、開演時刻の1時間30分前までに会場付近に集合していただき、同時入場後、一旦チケットを回収してこちらで先に座席選択させていただきます。
複数の...",False,2026-08
sold_acees-arena-tour-v_1787544246627_65000,1787544246627,acees-arena-tour-v,2026-08-30,17:30,Asueアリーナ大阪,electronic,female,公演日前日にQRコード共有,,,,,2026-08-24 04:04:06,2026-08-27 10:01:13,2026-08-27 07:17:28,sold,2,65000,"QR毎2連
期限内/該当名義（変更ボタンあり）/初期当選/同行者登録可
着ブロ希望なし/すり替えなし(下3桁提示可)/郵送物戻りやエラー歴なし

公演1日前に、...",False,2026-08
sold_acees-arena-tour-v_1787219721763_18000,1787219721763,acees-arena-tour-v,2026-08-30,17:30,Asueアリーナ大阪,electronic,female,【条件あり】当日手渡し/座席未定/ランダム配布/有効会員,,,,,2026-08-20 09:55:21,2026-08-27 10:01:13,2026-08-27 07:17:28,sold,1,18000,"《開場30分前集合予定》

※レビュー(評価4.8以上)ある方のみ申請下さい。
※購入時のコメント不要です。
★購入後に当日連絡のつくお電話番号と氏名(苗字)を...",False,2026-08
sold_acees-arena-tour-v_1787715919374_22000,1787715919374,acees-arena-tour-v,2026-08-30,17:30,Asueアリーナ大阪,electronic,female,同行,,,,,2026-08-26 03:45:19,2026-08-27 10:01:13,2026-08-27 07:17:28,sold,1,22000,"ランダム配布 指定席チケット

開場30分前程度に会場付近で待ち合わせ、同時入場していただきます。
複数名義所持しております。同時入場をしてチケットを回収後一度...",False,2026-08
sold_acees-arena-tour-v_1787418587310_49000,1787418587310,acees-arena-tour-v,2026-08-30,17:30,Asueアリーナ大阪,electronic,female,同行,,,,,2026-08-22 17:09:47,2026-08-27 10:01:13,2026-08-27 07:17:28,sold,2,49000,"2名義中2番手・すり替えなし・下3桁提示可能
手持ち2名義ともに、FC初期当選/有効期限内名義/着ブロ希望なし

【必ず最後までお読みください】
・2名義中2番...",False,2026-08
7rgr90da9o,1787549932610,acees-arena-tour-v,2026-08-30,17:30,Asueアリーナ大阪,electronic,female,同行,ら,5.0,,番手,2026-08-24 05:38:52,2026-08-27 10:01:13,,listing,2,0,"・8名義中4番手
・入場時本人確認対応可能/同行者登録可能
初期当選/下3桁提示可/有効期限内/8名義中4番手/
・8名義中4番手でのお譲りです。
・複数名義所持しているため、発券後、一度チケットを回収し選ばせていただきます。その後、2~7番手の順番でチケット選択していただきます。チケット受取後すぐにその場で受取通知をしていただきます。
・チケットお渡し後の座席チケットの交換はいたしかねます。
・座席を選ぶのにお時間いただく場合がございます。開演時間までには必ずお渡しいたしますので催促、クレーム等ご遠慮ください。
・座席に関してのクレームは一切お受けできません。また、2連中の1枚、2連中の2枚を第三者の方にお譲りする場合何かトラブルがございましても対応いたしかねます。
・チケットの持ち逃げ等を防止するため、入場前に公的な本人確認書類（運転免許証、保険証など）を一時的にお預かりさせていただく可能性がございます。必ず持参お願いいたします。持参ない場合はお取引きキャンセルとさせていただきます。お預かりの際は速やかに封をし、チケットお渡し時に同時に返却いたします。責任を持って丁重にお預かりし、中身を確認したり、個人情報を控えたりすることは一切ございませんので、ご安心ください。
・取引成立後には、スムーズな待ち合わせのために氏名と電話番号の交換をお願いいたします。
・当日、当方が指定する場所に集合していただきます。時間厳守でお願いいたします。
・当日買い手様のご都合で連絡が取れない場合や交通機関の遅延含め指定集合時間に遅れてしまう場合はご入場いただけません。その際、こちらからのキャンセル処理はせず受取通知をしていただき返金等は一切お受けいたしかねます。お時間には余裕をもってお越しください。
・電波の状況によってはQR表示、チケット発券のご協力をしていただくことがございますので、必ず通信可能なスマートフォンのご持参をお願いいたします。また、発券後は速やかにログアウトをお願いいたします。
・公演中止以外(ランダムエラー、QR開けないなどの端末の不具合、交通機関の乱れ、体調不良、システムエラー、出演者変更、本人確認等)で入場や着席ができなかった等の場合でも必ず受け取り通知はしていただきます。
・公演中止以外でのいかなる場合であっても返金対応はいたしかねます。公演中止の場合のみ、手数料を引いた金額を返金いたします。
・仮に違う番手同士で入場するもランエラ等で入場できなかった場合でも返金不可。また、お預かりさせていただいた身分証は公演終了後に待ち合わせ、必ず返却いたします。
・ランエラ等で番手が変わった場合でも返金や金額変更はいたしかねます。
・他の方のご迷惑になる可能性や、入場に支障をきたす可能性がありますので、キャリーケースや大きなカバンを持っての集合はご遠慮ください。必ず、預けてから集合場所に来るようにお願いいたします。
・盗撮や盗聴などのマナー違反はご遠慮ください。
・購入後、スムーズな待ち合わせのために、仮名で構いませんのでお名前と電話番号をご提示ください。
・ご不明点がございましたらコメントにて確認お願いします。
・ご購入いただいた方は上記の内容を全て理解したとみなしますので、上記全て確認の上ご理解いただける方のみご購入お待ちしております。",True,2026-08
yz84bkf3cf,1787290027814,acees-arena-tour-v,2026-08-30,17:30,Asueアリーナ大阪,electronic,female,同行,な,5.0,,QR同行,2026-08-21 05:27:07,2026-08-27 10:01:13,,listing,1,77777,"同行/初期当選/該当名義変ボ有/すり替えなし/下3桁提示可/有効期限内/浮所担不可
・開場時間の10分前に会場付近に集合し、同時入場していただきます。
・チケット発見後速やかに受け取り評価をしていただきます。
・座席を確認し、当方が選択後に座席のチケットをお渡しします。
・大幅に遅刻された場合、待たずに入場させていただきますが、その際も必ず受取連絡していただきます。
・ 座席のクレームは一切受け付けません。 チケットお渡し後のサイチェンなど可能ですが、名義に傷のつく行為はお辞め下さい。
・ 公演中止の場合のみ手数料を差し引いた金額を返金いたします。
・ 公演中止以外本人確認、ランダムエラー、出演者の変更、公共交通機関の遅延、体調不良などの如何なる場合でも返金は致しかねますのでご了承下さい。
・  トラブル防止のため、日本人女性の方のみご購入ください。代理購入不可です。
・浮所担は購入不可です。ご了承ください。
全てに同意できる方のみご購入よろしくお願いします。",True,2026-08
fqduvvb9j2,1787811689523,acees-arena-tour-v,2026-08-30,17:30,Asueアリーナ大阪,electronic,female,同行,あ,5.0,,ランダム,2026-08-27 06:21:29,2026-08-27 10:01:13,,listing,2,32500,"複数名義所持しているため発券後チケットを一旦回収し、座席を選択させて頂きます。開演までにチケットをお渡しします。
連番確約ではありません、2枚での購入の場合、連番ではお渡し出来ない可能性もございます。ご了承ください。
買い手様都合による遅刻等に関しましては、待たずに入場いたします。必ず時間厳守でお願いいたします。
入場の際のログインや同行者登録にご協力頂く場合がございます。
購入後、こちらの連絡を待たずに当日連絡のつくお電話番号と氏名（苗字）をメッセージボードにてお伝え下さい。
座席へのクレーム、遅刻、本人確認、ランダムエラーなど、公演中止以外の如何なる場合においても返金は出来かねますのでご了承ください。
以上の内容をご理解頂ける方のみご購入ください。",True,2026-08
sold_acees-arena-tour-v_1785856836799_16000,1785856836799,acees-arena-tour-v,2026-08-30,17:30,Asueアリーナ大阪,electronic,female,【条件あり】当日手渡し/座席未定/ランダム配布/有効会員,,,,,2026-08-04 15:20:36,2026-08-27 10:01:13,2026-08-27 07:17:28,sold,1,16000,"《開場30分前集合予定》

※レビュー(評価4.8以上)ある方のみ申請下さい。
※購入時のコメント不要です。
★購入後に当日連絡のつくお電話番号と氏名(苗字)を...",False,2026-08
jcepztq8f4,1787273960113,acees-arena-tour-v,2026-08-30,17:30,Asueアリーナ大阪,electronic,female,QRごと、下3桁お伝え可能,ももか,5.0,,同行記載あり,2026-08-21 00:59:20,2026-08-27 10:01:13,,listing,2,70000,"FC先行 QRごと 2連
初期当選/有効期限内/
該当名義(変更ボタン有)/コンビニ決済
同行者登録は購入者様の方でお願いします。
公演日の前日にログイン情報を共有致します。
・体調不良、ランダムエラー、本人確認、出演者変更などいかなる場合でも、公演中止以外での返金対応は一切できかねますのでご了承ください。
・開演前に必ず受け取り評価とログアウトお願いします。",True,2026-08
sold_acees-arena-tour-v_1787288896897_22000,1787288896897,acees-arena-tour-v,2026-08-30,17:30,Asueアリーナ大阪,electronic,female,同行,,,,,2026-08-21 05:08:16,2026-08-27 10:01:13,2026-08-27 07:17:28,sold,1,22000,"ランダム配布 指定席チケット

開場30分前程度に会場付近で待ち合わせ、同時入場していただきます。
複数名義所持しております。同時入場をしてチケットを回収後一度...",False,2026-08
396dovcpe9,1786973536721,acees-arena-tour-v,2026-08-30,17:30,Asueアリーナ大阪,electronic,female,同行,ら,5.0,,番手同行,2026-08-17 13:32:16,2026-08-27 10:01:13,,listing,2,90000,"8名義中5番手
プライベート出品、またはプラベルにて出品するため、ご購入前にメッセージお願いいたします。
すり替えなし/下3桁提示可/有効期限内/座席未定/着ブロ希望なし
公演当日に、こちらの指定したお時間(開場の45～30分前予定)会場付近にて待ち合わせし、同時入場していただきます。
遅刻した場合は 遅刻の理由に関わらず入場いたしますが、その場合も必ず受取通知していただきます。
同時入場後、チケットを一度回収させていただきます。
当方座席選択後、番手順に選んでいただきチケットをお渡しいたします。
受取報告が確認出来ましたらチケットをお渡しいたします。
座席選択の際、座席の確認にお時間をいただく場合がございます。
入場の際、端末をお借りする場合がございます。QRコードが開ける端末をお持ちください。
また、入場前に身分証をお預かりする場合がございます。予めご了承ください。
身分証は封筒に入れ問題がなければ開封いたしません。
チケットをお渡しする際にお返しいたします。
<注意事項>
※ランダムエラー、 通信障害、端末の不具合等、検温チェック、 遅刻等の公演中止以外の理由で入場できない場合の返金はいたしません。 なお、1分でも開演した場合は公演中止とみなしません。
※遅刻された場合は購入者様のご都合でキャンセルとし、返金はいたしません。
※ 席種、日付間違い、出演メンバーの変更や出演見合わせ、体調不良、冠婚葬祭等いかなる理由でも返金やキャンセルは受け付けません。
※公演中録音・録画・マナー違反等の行為は行わないでください。
※クレームやキャンセルは一切受け付けません。
※いかなる場合でも送金停止は受け付けません。 また、解散後の返金も一切応じません。
※日本語で意思の疎通がとれる日本人女性の方のみ購入可能です。
※代理購入不可です。必ず購入者本人がお越しください。
購入された時点で全ての内容に同意いただいたとみなします。",True,2026-08
sold_acees-arena-tour-v_1786814812786_70000,1786814812786,acees-arena-tour-v,2026-08-30,17:30,Asueアリーナ大阪,electronic,female,公演前日にログイン情報お伝え,,,,,2026-08-15 17:26:52,2026-08-27 10:01:13,2026-08-27 07:17:28,sold,2,70000,"初期当選/該当名義/変更ボタンあり/下3桁提示可能/有効期限内/着ブロ希望なし

公演前日にログインに必要な情報をお送り致します。
同行者登録は購入者様の方でお...",False,2026-08
ej5h1rmhli,1787153696131,acees-arena-tour-v,2026-08-30,17:30,Asueアリーナ大阪,electronic,female,同行,S,4.9,,ランダム,2026-08-19 15:34:56,2026-08-27 10:01:13,,listing,1,25000,"ランダム配布 指定席チケット
開場30分前程度に会場付近で待ち合わせ、同時入場していただきます。
複数名義所持しております。同時入場をしてチケットを回収後一度解散し、開演5~10分前にランダムで配布致します。指定席のチケットをお渡し致します。立見は含みません。
当日お取引をスムーズに進めさせていただくため電話番号のご提示をお願いしております。
集合時間過ぎても来ない場合は待たずに入場しますが、受取連絡はして頂きます。
チケットをお渡し後はその場で受取連絡をお願い致します。
代理購入不可。購入者様本人が待ち合わせにお越しください。
公演中止の際は規約に基づきご返金致します。
公演中止以外（本人確認・ランダムエラー・体調不良・交通機関の遅延・一部出演者不在等）で返金及びキャンセル対応はできません。
日本人女性の方のみご購入ください。",True,2026-08
sold_acees-arena-tour-v_1786983822118_25000,1786983822118,acees-arena-tour-v,2026-08-30,17:30,Asueアリーナ大阪,electronic,female,同行,,,,,2026-08-17 16:23:42,2026-08-27 10:01:13,2026-08-27 07:17:28,sold,1,25000,"⭐️3名義のみランダム配布⭐️
※全て有効期限内、該当名義少人数で入場いたします。
※複数名義所持のため、当方がチケットを選んだ後ランダムでチケットを配布します...",False,2026-08
bigh4a7t9y,1787751303150,acees-arena-tour-v,2026-08-30,17:30,Asueアリーナ大阪,electronic,female,同行,k,5.0,,番手,2026-08-26 13:35:03,2026-08-27 10:01:13,,listing,2,80000,"4名義中2番手
初期当選/該当名義/すり替えなし/下3桁提示可/有効期限内/変更ボタン有
・お取引方法ですが、一部アズカリ通し残り当日手渡しで考えております。手数料の負担もお願いいたします。
・同時入場後チケットを一旦回収し、当方が選択後、残りのチケットからお選びください。必ず連番でお選びください。座席を選ぶのにお時間をいただく場合もございます。ご了承ください。
・入場の際に電話番号をお聞きする可能性がございます。迅速にお取引を進めさせていただくためにもご協力お願いします。
・入場の際にQRの表示をお願いする可能性がございます。ご協力お願いいたします。
・本人確認やエラー、遅刻や購入者様による都合、体調不良、出演者の欠席など、主催者都合での中止以外の返金対応はいたしません。
・取引決定後のキャンセルは受付いたしません。",True,2026-08
j9v70f9d7h,1787453594020,acees-arena-tour-v,2026-08-30,17:30,Asueアリーナ大阪,electronic,female,公演日前日までにQRコード共有,すす,5.0,,QR,2026-08-23 02:53:14,2026-08-27 10:01:13,,listing,2,75000,"座席未定/QR/重複・すり替え無し/初期当選（着席ブロック、制作開放席ではございません）/同一クレカ決済無し/有効期限内/下3桁提示可能/同行者登録は買い手様/同一名義複数公演当選無し/発送物戻り無し
チケファルなし
・必要なログイン情報をご連絡いたします。その後、同行者登録は購入者様ご自身で行って頂きます。ご協力お願いいたします。
・同行者登録と同意チェックはご自身で全員様分必ず行ってください。当日はご自身で表示し、ご入場して下さい。
・公演中止以外のいかなる場合でも返金は致しません。
ご自身の体調不良、赤線エラー、ランダムエラー、その他のエラー、本人確認、交通機関の乱れによる遅刻等、いかなるトラブルの場合もキャンセルできません。必ず受取通知をしていただきます。
・公演中止の場合のみ、手数料を引いた金額をご返金致します。
・入場後の不正キャンセル防止の為、ログイン確認できましたら必ずご連絡お願い致します。
・入場後は速やかにログアウト、受取通知をお願い致します。
・落札前に説明をよくお読みになり、ご理解ご了承いただけた方のみ、ご入札下さい。
・購入された場合は上記すべてに同意したとみなします。",True,2026-08
sold_acees-arena-tour-v_1786276257743_70000,1786276257743,acees-arena-tour-v,2026-08-30,17:30,Asueアリーナ大阪,electronic,female,同行,,,,,2026-08-09 11:50:57,2026-08-27 10:01:13,2026-08-27 07:17:28,sold,2,70000,"初期当選/該当名義/下3桁提示可/有効期限内/7名義中4番手/同一クレカ支払いなし


・7名義中4番手でのお譲りです。

・複数名義所持しているため、発券後、...",False,2026-08
sold_acees-arena-tour-v_1785715012918_67000,1785715012918,acees-arena-tour-v,2026-08-30,17:30,Asueアリーナ大阪,electronic,female,入金後3時間以内にQRコード共有,,,,,2026-08-02 23:56:52,2026-08-27 10:01:13,2026-08-27 07:17:28,sold,2,67000,"情報局先行 初期当選 ACEes 那須雄登名義 指定席 2枚申し込み QRごとのお譲り 条件ご
ざいません 座席未定

情報局先行 ２枚申込みでの当選
都合によ...",False,2026-08
ciem90juis,1787189286564,acees-arena-tour-v,2026-08-30,17:30,Asueアリーナ大阪,electronic,female,同行,S,4.9,,ランダム,2026-08-20 01:28:06,2026-08-27 10:01:13,,listing,2,38000,"2連ランダム配布 指定席チケット
開場30分前程度に会場付近で待ち合わせ、同時入場していただきます。
複数名義所持しております。同時入場をしてチケットを回収後一度解散し、開演5~10分前にランダムで配布致します。指定席のチケットをお渡し致します。立見は含みません。2枚購入は連番をお渡しします。
当日お取引をスムーズに進めさせていただくため電話番号のご提示をお願いしております。
集合時間過ぎても来ない場合は待たずに入場しますが、受取連絡はして頂きます。
チケットをお渡し後はその場で受取連絡をお願い致します。
代理購入不可。購入者様本人が待ち合わせにお越しください。
公演中止の際は規約に基づきご返金致します。
公演中止以外（本人確認・ランダムエラー・体調不良・交通機関の遅延・一部出演者不在等）で返金及びキャンセル対応はできません。
日本人女性の方のみご購入ください。",True,2026-08
sold_acees-arena-tour-v_1787706836963_69000,1787706836963,acees-arena-tour-v,2026-08-30,17:30,Asueアリーナ大阪,electronic,female,公演日前日にQRコード共有,,,,,2026-08-26 01:13:56,2026-08-27 10:01:13,2026-08-27 07:17:28,sold,2,69000,"QR毎2連
期限内/該当名義（変更ボタンあり）/初期当選/同行者登録可
着ブロ希望なし/すり替えなし(下3桁提示可)/郵送物戻りやエラー歴なし

公演2日前に、...",False,2026-08
sold_acees-arena-tour-v_1786094128640_30000,1786094128640,acees-arena-tour-v,2026-08-30,17:30,Asueアリーナ大阪,electronic,female,同行,,,,,2026-08-07 09:15:28,2026-08-27 10:01:13,2026-08-27 07:17:28,sold,2,30000,"6名義中6番手
すべて該当名義/有効期限内/変更ボタン有/着ブロ希望なし/初期当選/下3桁提示可

・当日は集合後、同時入場していただきます。
・同時入場後、チ...",False,2026-08
b2aiok8wer,1787797631620,acees-arena-tour-v,2026-08-30,17:30,Asueアリーナ大阪,electronic,female,同行,S,4.9,,ランダム,2026-08-27 02:27:11,2026-08-27 10:01:13,,listing,2,50000,"⭐️重複ありすり替えなしFC枠のみランダム配布
下3桁可
開場30分前程度に会場付近で待ち合わせ、同時入場していただきます。
複数名義所持しております。同時入場をしてチケットを一度回収後解散せず、こちらが選んだ座席をすり替えなしで配布致します。購入者様は座席をお選びいただけません。立見は含まず、必ず指定席のチケットをお渡し致します。2枚購入は連番をお渡しします。
取引のために電話番号ご提示お願いしております。
集合時間過ぎても来ない場合は待たずに入場しますが、受取連絡はして頂きます。
チケットをお渡し後はその場で受取連絡をお願い致します。
代理購入不可です。購入者様本人が待ち合わせにお越しください。
公演中止の際は規約に基づきご返金致します。
公演中止以外（本人確認・ランダムエラー・体調不良・交通機関の遅延・一部出演者不在等）で返金及びキャンセル対応はできません。
日本人女性の方のみご購入ください。
プライベート出品に変更も可能です。",True,2026-08
ghaqbvutqv,1785951008708,acees-arena-tour-v,2026-08-30,17:30,Asueアリーナ大阪,electronic,female,同行,lyu,5.0,,番手,2026-08-05 17:30:08,2026-08-27 10:01:13,,listing,2,65000,"該当2名義中2番手　全て2連、初期当選、変更ボタンあり、有効期限内、Pay-easy決済、すり替えなし、下3桁提示可能
公演当日、開場15分前頃に会場付近にて待ち合わせし、同時入場していただきます。
詳しい待ち合わせ時間・場所等は後ほどお伝えいたします。
選択にお時間いただく場合がございます。当方の座席選択後チケットをお渡し致します。
いかなるお座席でもクレーム・返金は受け付けておりません。
チケットをお渡しするタイミングで受取連絡をお願い致します。
ゲート発表前に2名義分下3桁ご提示可能です。
公演中止以外(本人確認・ランダエラー・発熱・遅刻等）如何なる場合でも受取連絡していただきます。入金後の返金対応は致しません。
公演中止の際は手数料を差し引いた額を返金致します。
日本人女性のみご購入お願い致します。",True,2026-08
s0wvz3i6ki,1787475815961,acees-arena-tour-v,2026-08-30,17:30,Asueアリーナ大阪,electronic,female,同行,な,5.0,,ランダム,2026-08-23 09:03:35,2026-08-27 10:01:13,,listing,1,25000,"【指定席のみのランダム配布】
※プライベート出品いたしますので、メッセージお願いいたします。
【条件あり】
必ず最後まで注意事項をご確認の上、問題がなければご購入お手続きをお願い致します。
・複数名義所持のため、人数が揃い次第同時入場後一度全てのチケットを回収し、こちらが選ばなかったチケットをランダムでお渡し致します。 ご自身での座席選択は一切出来かねますので、ご了承ください。またお座席に関するクレームも一切お受け出来ません。チケットの実券お渡しと同時に受取通知をして頂きます。
・当日は会場付近にて、開場時間の1時間から30分前に集合して頂きます。集合時間や場所につきましては、公演日前日までに連絡ボードにてご連絡致します。必ず集合時間厳守でお願いします。 交通機関の遅延、遅刻等いかなる場合でも、時間を過ぎた場合は先に入場させていただきます。 その場合も、返金・キャンセルは受け付けられず受取通知は行なって頂くことになりますのでお時間に余裕を持って集合をお願い致します。
・会場内でのご連絡の為に、こちらからの連絡を待たずにご購入後連絡ボードにてお名前（フルネーム）・電話番号をお知らせください。
・入場に際して、トラブル防止のため一時的に公的身分証明証をお預かりさせていただく場合がございますので、必ず当日お持ちいただきますようお願い致します。 そちらを中の見えない封筒に入れ、ご購入者様の目の前で封を致します。 トラブル等ない限り、こちらで開けることはございませんのでご安心ください。 入場後、チケット回収のタイミングでご返却致します。
・入場後は一旦解散しますのでその間はご自由にお過ごし下さい。再集合しチケットをお渡しさせていただきますので、中でのご連絡がお取り出来る方でお願い致します。
・遅刻や検温等による体調不良など如何なる場合も落札後のキャンセルは受付致しかねます。 本人確認やランダムエラーにより、入場出来なかった際のご返金は出来かねますので予めご了承ください。 公演中止以外は如何なる場合も返金対応は致しません。
・録音・録画・盗撮などマナー違反をされる方のご購入はお控えください。違反行為が発覚した場合は然るべき措置を取らせて頂きます。
上記デジタルチケット、ランダム配布のお取引をご理解頂ける日本語が理解できる方のみ、ご落札をお願い致します。",True,2026-08
sold_acees-arena-tour-v_1787185539328_17000,1787185539328,acees-arena-tour-v,2026-08-30,17:30,Asueアリーナ大阪,electronic,female,同行,,,,,2026-08-20 00:25:39,2026-08-27 10:01:13,2026-08-27 07:17:28,sold,2,17000,"

【条件あり】ランダム配布/連番確約ではございません/ランダムエラーの際返金させていただきます

複数名義所持のため座席選択の条件付きになります。以下の内容を...",False,2026-08
t8vt5hl1je,1787648868057,acees-arena-tour-v,2026-08-30,17:30,Asueアリーナ大阪,paper,female,当日手渡し,M,4.9,,ランダム,2026-08-25 09:07:48,2026-08-27 10:01:13,,listing,1,24000,"【少人数ランダム配布】
【条件あり】
必ず最後まで注意事項をご確認の上、問題がなければご購入お手続きをお願い致します。
⭐️プライベート出品いたしますので、ご購入前にメッセージをお願いいたします。
・複数名義所持のため、人数が揃い次第同時入場後一度全てのチケットを回収し、こちらが選ばなかったチケットをランダムでお渡し致します。 ご自身での座席選択は一切出来かねますので、ご了承ください。またお座席に関するクレームも一切お受け出来ません。
・当日は会場付近にて、開場時間の30分前に集合して頂きます。集合時間や場所につきましては、公演日前日までに連絡ボードにてご連絡致します。必ず集合時間厳守でお願いします。 交通機関の遅延、遅刻等いかなる場合でも、時間を過ぎた場合は先に入場させていただきます。 その場合も、返金・キャンセルは受け付けられず受取通知は行なって頂くことになりますのでお時間に余裕を持って集合をお願い致します。
・会場内でのご連絡の為に、こちらからの連絡を待たずにご購入後連絡ボードにてお名前（ニックネーム）・電話番号をお知らせください。
・入場に際して、トラブル防止のため一時的に公的身分証明証をお預かりさせていただく場合がございますので、必ず当日お持ちいただきますようお願い致します。 そちらを中の見えない封筒に入れ、ご購入者様の目の前で封を致します。 トラブル等ない限り、こちらで開けることはございませんのでご安心ください。 入場後、チケット回収のタイミングでご返却致します。
・入場後は一旦解散しますのでその間はご自由にお過ごし下さい。再集合しチケットをお渡しさせていただきますので、中でのご連絡がお取り出来る方でお願い致します。配布時間は5-10分前になります。
・遅刻や検温等による体調不良など如何なる場合も落札後のキャンセルは受付致しかねます。 本人確認やランダムエラーにより、入場出来なかった際のご返金は出来かねますので予めご了承ください。 公演中止以外は如何なる場合も返金対応は致しません。
・録音・録画・盗撮などマナー違反をされる方のご購入はお控えください。違反行為が発覚した場合は然るべき措置を取らせて頂きます。
・トラブル防止のため代理購入不可となります。必ずご入場されるご本人様がご購入ください。
上記デジタルチケット、ランダム配布のお取引をご理解頂ける日本人女性の方のみ、ご購入をお願い致します",True,2026-08
7k3z0674rw,1787717866758,acees-arena-tour-v,2026-08-30,17:30,Asueアリーナ大阪,electronic,none,ランダムエラー返金 ランダム配布 条件あり,えむ,4.8,,ランダム,2026-08-26 04:17:46,2026-08-27 10:01:13,,listing,1,23000,"・16:00頃お待ち合わせ予定
・複数名義所持しているため発券後チケットを一旦回収し、座席を選択させて頂きます。開演前までにお渡し予定です。
・個人都合による遅刻等に関しましては、お待ち出来兼ねますので必ず時間厳守でお願い致します。
・入場の際のQRコード表示や同行者登録にご協力頂く場合がございますのでその際はご対応頂ける方でお願い致します。
・購入後こちらの連絡を待たずに当日連絡のつくお電話番号と氏名（苗字）をメッセージボードにてお伝え下さい。
・座席へのクレーム、遅刻、本人確認、検温やコロナ感染者との濃厚接触等による入場不可、ランダムエラーなど、公演中止以外の如何なる場合においても返金は致しません。
以上の内容をご理解頂ける方のみご購入お願い致します。",True,2026-08
sold_acees-arena-tour-v_1786630008872_50000,1786630008872,acees-arena-tour-v,2026-08-30,17:30,Asueアリーナ大阪,electronic,female,公演日3日前に会員情報共有,,,,,2026-08-13 14:06:48,2026-08-27 10:01:13,2026-08-27 07:17:28,sold,2,50000,"条件無し、同行無し、QRごとのお譲りです。
初期当選、複数当選無し、有効期限内名義、着席ブロック指定無し、該当名義、変更ボタンあり、当選歴は記録していない為お伝...",False,2026-08
m65y052uic,1787643861189,acees-arena-tour-v,2026-08-30,17:30,Asueアリーナ大阪,electronic,female,公演前日にログイン情報の提示,ちけてんまる,5.0,,QR,2026-08-25 07:44:21,2026-08-27 10:01:13,,listing,2,70000,"入会後初当選/初期当選/該当名義(作間)/変更ボタン有/有効期限内/重複すり替えなし/着ブロ希望なし/下3桁提示可/同行者登録可
ランダムエラー、本人確認、公共交通機関による遅刻、当日の体調不良、出演者の変更、など如何なる理由でもキャンセルや返金対応は致しかねます。公演中止の場合のみ、手数料を差し引いた金額を返金させて頂きます。
座席未定のため、座席に関するクレームは一切受け付けません。
入場後は速やかにログアウトの上、必ず受け取り完了連絡をよろしくお願いします。
公演日前日までにログインに必要な情報をお伝えしますので、ご自身で同行者登録の程よろしくお願いします。
また半券の撮影をお願いする場合がございます。
上記理解頂ける日本語が理解できる方のみご購入をお願いいたします。",True,2026-08
sold_acees-arena-tour-v_1787163170543_17500,1787163170543,acees-arena-tour-v,2026-08-30,17:30,Asueアリーナ大阪,electronic,female,【条件あり】当日手渡し/座席未定/ランダム配布/有効会員,,,,,2026-08-19 18:12:50,2026-08-27 10:01:13,2026-08-27 07:17:28,sold,1,17500,"《開場30分前集合予定》

※レビュー(評価4.8以上)ある方のみ申請下さい。
※購入時のコメント不要です。
★購入後に当日連絡のつくお電話番号と氏名(苗字)を...",False,2026-08
f8q6culqhn,1787633417902,acees-arena-tour-v,2026-08-30,17:30,Asueアリーナ大阪,electronic,female,入金後24時間以内にQRコード共有,xy_unayn,5.0,,QR,2026-08-25 04:50:17,2026-08-27 10:01:13,,listing,2,70000,"２名義中2番手/2名義共に初期当選/該当名義(変ボ有)/有効期限内名義/下3桁提示可/すり替えなし
同行者登録はこちらで行います。
入場後、座席選択後に選択しなかった方をお渡しいたします。
公演中止の際は手数料を差し引いた金額を返金します。
ランダムエラー、本人確認、体調不良、交通機関の乱れによる遅刻等の公演中止以外の返金対応は致しかねますのでご了承ください。",True,2026-08
xgpfgxd3vh,1787195478308,acees-arena-tour-v,2026-08-30,17:30,Asueアリーナ大阪,electronic,female,同行,sss,5.0,,同行番手,2026-08-20 03:11:18,2026-08-27 10:01:13,,listing,2,65000,"情報局先行 座席未定【2名義中2番手】初期当選 該当名義（変更ボタン有り）すり替え無し 有効期限内 下3桁提示可能
・公演当日、会場付近で待ち合わせをして同時入場していただきます。詳しい待ち合わせ場所・時間は公演前日または当日にお知らせいたします。
・発券後に座席を確認し、こちらがチケットを選択後にすり替え無しでお渡しいたします。お渡しの際に受取連絡をお願いいたします。
・取引き経験が有り、日本語が話せる成人女性の方のみご購入ください。  ・出演者変更、交通関係の乱れを含む遅刻、体調不良、ランダムエラー、本人確認等で入場出来ないなど、公演中止以外の理由でのキャンセルや返金は一切いたしません。",True,2026-08
0z2rkbeyhp,1787732440244,acees-arena-tour-v,2026-08-30,17:30,Asueアリーナ大阪,electronic,female,同行,ら,5.0,,ランダム,2026-08-26 08:20:40,2026-08-27 10:01:13,,listing,1,35000,"・ランダム配布
プライベート出品、またはプラベルにて出品するため、ご購入前にメッセージお願いいたします。
【下記注意事項を必ずご一読ください】
※公演当日、当方と同時入場をしていただきます。
※入場の際、QRコード表示の為お手持ちのスマートフォン端末をお借りする場合がございます。
※必ずではありませんがトラブル防止の観点から身分証を一時的にお預かりする場合がございます。
※同時入場後はチケットを回収させていただき、一度解散いたします。（再集合までのお時間はご自由にお過ごしいただいて構いません。）
※座席確認のため、チケットをお渡しするまでにお時間をいただく可能性がございます。
※買い手様はお座席をお選びいただけません。また、座席や待ち時間に関するクレームは一切お受け致しかねますのでご了承ください。
※(交通機関等の遅延含め)遅刻、体調不良、ランダムエラー等、入場後の声かけによる退場、いかなる理由であれ入場できなかった場合でも返金・キャンセル等は承諾いたしませんので、受け取り評価をしていただきます。公演中止の場合のみ、手数料を差し引いた金額を返金いたします。
※チケットお渡し後はその場で受け取り連絡を済ませていただいた後、ご自由にしていただいて構いません。
※詳しい待ち合わせ時間・場所等は追ってご連絡差し上げますが、開場時刻30-45分前に会場付近にて集合が可能な日本語がスムーズに話せる女性のみご購入ください。
※トラブル防止の為、代理購入はお控えください。必ず当日会場に来られる方のアカウントから購入をお願いいたします。
【ご購入された場合、上記全てに同意されたものとさせていただきます。】",True,2026-08
sold_acees-arena-tour-v_1787659149858_22000,1787659149858,acees-arena-tour-v,2026-08-30,17:30,Asueアリーナ大阪,electronic,female,同行,,,,,2026-08-25 11:59:09,2026-08-27 10:01:13,2026-08-27 07:17:28,sold,1,22000,"ランダム配布 指定席チケット

開場30分前程度に会場付近で待ち合わせ、同時入場していただきます。
複数名義所持しております。同時入場をしてチケットを回収後一度...",False,2026-08
enwx3gn5wg,1786057234555,acees-arena-tour-v,2026-08-30,17:30,Asueアリーナ大阪,electronic,female,同行,矢部,5.0,,番手,2026-08-06 23:00:34,2026-08-27 10:01:13,,listing,2,60000,"3名義中3番手 初期当選/全て該当/すり替えなし/下3桁提示可/有効期限内/変更ボタンあり/着ブロ希望なし
<待ち合わせについて>
・前日に集合場所と時間をメッセージにてご連絡させていただきます。(開場30分前予定)
・当日、大幅に遅刻をされた場合は遅刻の理由に関わらず先に入場する可能性がありますが、その場合も必ず受取通知していただきます。
<入場について>
・入場の際、端末をお借りする場合がございます。
・入場前に身分証をお預かりする場合がございます。予めご了承ください。身分証は封筒に入れ問題がなければ開封いたしません。チケットをお渡しする際にお返しいたします。
・入場時はご同行者様と別れてご入場となる場合がございますが、お渡しするチケットは連番になります。
<注意事項>
※公演中止以外の理由で入場できない場合の返金はいたしません。
※遅刻された場合は購入者様のご都合でキャンセルとし返金は致しません。
※ 席種、日付間違い、出演メンバーの変更や出演見合わせ、体調不良、冠婚葬祭等如何なる理由でも返金やキャンセルは受け付けません。
※クレームやキャンセルは一切受け付けません。
※如何なる場合でも送金停止は受け付けません。 また、解散後の返金も一切応じません。
※日本語で意思の疎通がとれる日本人女性の方のみ購入可能です。
※代理購入不可です。必ず購入者本人がお越しください。
購入された時点で全ての内容に同意いただいたとみなします。",True,2026-08
r67p99tn1a,1786872048050,acees-arena-tour-v,2026-08-30,17:30,Asueアリーナ大阪,electronic,female,同行,な,5.0,,ランダム,2026-08-16 09:20:48,2026-08-27 10:01:13,,listing,2,38000,"2連確約！
複数名義所有/座席未定/中相場買取対応可
当日は開場時間20分前までに待ち合わせの予定です。お時間に余裕を持って来られる方のみ購入をお願い致します。
詳しい時間や集合場所等は連絡ボードにて公演日が近づきましたらお伝えさせていただきます。
複数名義所有のため入場後に座席券を回収し座席選択をさせて頂きます。
再集合の際にお渡しした座席券でお入りください。
中相場買取希望の方は対応可能ですのでお伝えください。
※注意事項※
・集合時間は必ずお守りください。大幅に遅刻された場合には先に入場列に並ばせていただくことがございます。遅刻によりお入りいただけない場合でも受け取り連絡はして頂きます。
・チケット持ち逃げ防止のため、一時的に身分証をお預かりさせて頂く場合がございますので必ずご持参ください。
・ランダムエラーや本人確認によりご入場頂けなかった場合を含め、どのような場合でもキャンセルや返金はできません。
・チケットを受け取られましたらすぐに受け取り連絡をお願い致します。",True,2026-08
wsui7t52gp,1786417031758,acees-arena-tour-v,2026-08-30,17:30,Asueアリーナ大阪,electronic,female,2名義中2番手,𝒀𝕦,5.0,,番手,2026-08-11 02:57:11,2026-08-27 10:01:13,,listing,2,57000,"2名義共に初期当選/期限内該当名義(女性名義)/変更ボタン有/着ブロ希望無/すり替え無/下3桁提示可
・当日16時30分頃に指定場所にお集まりいただき同時入場していただきます。
・当日の電波状況で連絡がとれなくなる可能性がありますので購入後は当日連絡の取れる電話番号をお送り下さい。
・入場の際、購入者様の端末をお借りして入場に必要なログイン情報を入力させていただく可能性もございます。こちらからの協力要請があった場合は御協力をお願いいたします。
・発券後は一度チケットを回収させていただき、こちらが座席選択をした後にチケットをお渡し致します。購入者様に座席選択の権利はございません。座席確認の為、お渡しまでに少しお時間をいただく場合がございますのでご了承ください。
・お席に関するクレームは一切受け付けておりません。チケットお渡しと同時に速やかに受取評価をお願いいたします。
・運営側から公演中止、払い戻しのお知らせがあった場合のみ規約に基づき返金対応を致します。その他の如何なる場合(ランダムエラー/本人確認/出演者の変更/交通機関の遅延や見合わせ/購入者様側の体調不良等)も購入後のキャンセル、返金対応はできません。必ず受け取り評価を行って頂きます。万が一入場出来なかった場合も代替のチケットはご用意できませんのでご了承いただける方のみご購入ください。
・代理購入、日本人女性以外の方の購入はトラブルの原因になりますのでご遠慮下さい。
質問も受け付けておりますがこちらに記載されている情報の場合、全てお読み頂けていないと判断し返答は致しませんのでご了承下さい。
プラベート出品、一部手渡し等のご相談も可能となりますのでご希望の際はお声掛け下さい。",True,2026-08
85hwhl0c6i,1787816566257,acees-arena-tour-v,2026-08-30,17:30,Asueアリーナ大阪,electronic,female,同行,み,5.0,,同行,2026-08-27 07:42:46,2026-08-27 10:01:13,,listing,1,72000,"浮所担不可。
情報局先行/座席未定/初期当選/重複すり替えなし/会員有効期限内/該当名義(変更ボタンあり)/会員番号下3桁提示可/サイチェン可/注釈なし
公演当日、16時〜半頃に会場付近で待ち合わせをし、同時入場していただきます。
別取引の関係上、入場は2名義計4名で行いますが、お渡しするチケットの名義は決まっております。
会員番号下3桁を1名義分お伝えいたしますので、そちらでご確認下さい。
連番内の座席はこちらで選ばせていただきます。
実際に座席の確認をしたり、お譲りするチケットの確定までに少々お時間をいただく場合がございますが、確認後速やかにお渡しいたします。
チケットお渡し後は、速やかに受取通知をお願いいたします。
詳しい待ち合わせ時間・場所等は、ご入金後にマイページの連絡ボードにてお知らせいたします。
15分以上の遅刻は、待たずに入場をさせていただき、その場合でも受取通知は必ずしていただきますので時間に余裕を持ってお越し下さい。
15分以内でも、事前のご連絡がない場合は先に入場をさせていただく場合もございます。
その他、ランダムエラー等含め、公演中止以外のいかなる理由におきましても、返金対応はいたしませんのでご了承下さい。
代理購入不可。
こまめに連絡の取れる、20歳以上の日本人女性の方のみご購入をお願いいたします。",True,2026-08
gte29kin33,1787816305334,acees-arena-tour-v,2026-08-30,17:30,Asueアリーナ大阪,electronic,female,同行,M,4.9,,ランダム,2026-08-27 07:38:25,2026-08-27 10:01:13,,listing,1,40000,"【少人数すり替えなし/下三桁提示可/入場後15分以内ランダム配布】
【条件あり】
必ず最後まで注意事項をご確認の上、問題がなければご購入お手続きをお願い致します。
※プライベート出品いたしますので、ご購入前にメッセージをお願いいたします。
・複数名義所持のため、人数が揃い次第同時入場後一度全てのチケットを回収し、こちらが選ばなかったチケットをランダムでお渡し致します。 ご自身での座席選択は一切出来かねますので、ご了承ください。またお座席に関するクレームも一切お受け出来ません。
・当日は会場付近にて、開場時間の30分前に集合して頂きます。集合時間や場所につきましては、公演日前日までに連絡ボードにてご連絡致します。必ず集合時間厳守でお願いします。 交通機関の遅延、遅刻等いかなる場合でも、時間を過ぎた場合は先に入場させていただきます。 その場合も、返金・キャンセルは受け付けられず受取通知は行なって頂くことになりますのでお時間に余裕を持って集合をお願い致します。
・会場内でのご連絡の為に、こちらからの連絡を待たずにご購入後連絡ボードにてお名前（ニックネーム）・電話番号をお知らせください。
・入場に際して、トラブル防止のため一時的に公的身分証明証をお預かりさせていただく場合がございますので、必ず当日お持ちいただきますようお願い致します。 そちらを中の見えない封筒に入れ、ご購入者様の目の前で封を致します。 トラブル等ない限り、こちらで開けることはございませんのでご安心ください。 入場後、チケット回収のタイミングでご返却致します。
・入場後は一旦解散しますのでその間はご自由にお過ごし下さい。再集合しチケットをお渡しさせていただきますので、中でのご連絡がお取り出来る方でお願い致します。
・遅刻や検温等による体調不良など如何なる場合も落札後のキャンセルは受付致しかねます。 本人確認やランダムエラーにより、入場出来なかった際のご返金は出来かねますので予めご了承ください。 公演中止以外は如何なる場合も返金対応は致しません。
・録音・録画・盗撮などマナー違反をされる方のご購入はお控えください。違反行為が発覚した場合は然るべき措置を取らせて頂きます。
・トラブル防止のため代理購入不可となります。必ずご入場されるご本人様がご購入ください。
上記デジタルチケット、ランダム配布のお取引をご理解頂ける日本人女性の方のみ、ご購入をお願い致します",True,2026-08
r4m51s28ly,1787821113983,acees-arena-tour-v,2026-08-29,12:30,Asueアリーナ大阪,electronic,female,同行,あ,4.7,,ランダム,2026-08-27 08:58:33,2026-08-27 10:01:13,,listing,2,26000,"【条件有り すり替え無しランダム配布 座席未定】★2連確約★
初期当選指定席のみ一般なし 全て有効期限内名義変更ボタンあり
同時入場後チケットを1度回収させて頂き、ランダムで配布致します。購入者様が座席を選ぶことはできません。
チケットの持ち逃げ等トラブル防止の為、入場前に公的な本人確認書類(運転免許証、保険証など)を一時的にお預かりする場合がございます。
入場後1度解散し、こちらでチケット確認後にお渡しさて頂きます。
受取通知はチケットお渡しの際にお願い致します。
当日は開場時間の30分前に指定した場所にお集まり頂き、同時入場の形になります。詳しい連絡は連絡ボードにてさせて頂きます。遅刻された場合は先に入場させて頂きます。その際も返金致しませんのでお時間に余裕を持ってお越しください。
またスムーズに集合場所に集まれるよう、偽名でも可ですのて名前(名字)と電話番号をお伺いさせて頂きます。ご了承ください。
主催者側からの公演中止の場合に限り、手数料を差し引いた金額を返金いたします。その他、遅刻、入場エラー、体調不良、本人確認等で入場できなかった場合、キャンセル、返金は対応致しかねますのでご理解ください。
トラブル防止の為、代理購入等お辞めください。
以上をご理解頂けた日本人女性の方のみご購入お願い致します。",True,2026-08
v18ywlqnrt,1787821118618,acees-arena-tour-v,2026-08-29,17:30,Asueアリーナ大阪,electronic,female,同行,あ,4.9,,ランダム記載あり,2026-08-27 08:58:38,2026-08-27 10:01:13,,listing,2,17000,"【条件あり】ランダム配布/2連番確約/ランダムエラーの際返金させていただきます
複数名義所持のため座席選択の条件付きになります。以下の内容をご理解いただける方のみご購入ください。
・買い手様都合のキャンセルは承れません。主催者から公演中止の旨が発表された場合にのみ規約に伴い取引中止および返金対応致します。
・開場時間の20-40分前（開演1時間20-40分前）に必ず集合可能な方のみ落札お願いいたします。時間厳守・遅刻厳禁。遅刻された場合は上記買い手様都合のためキャンセルは承れませんので受取連絡をしていただきます。詳しい集合場所や時間は追って連絡ボードにてお知らせします。
・複数名義所持しておりますので、複数名の方にお集まりいただきます。
・同時入場後こちらが座席を選択いたします。座席選択不可。チケットお渡し後の行動はご自由にしていただいて構いません。
・座席確認や入場時間を分けての入場等、入場からチケット配布までにお時間頂戴いたしますので予めご了承ください。
・同時入場後一旦解散し、こちらが指定した場所に再度お集まりいただきチケットの配布を行います。
・お席に関するクレームは一切お受けできません。
・また入場に際し、離れてのご入場にさせていただく場合がございますのでその際に身分証（免許証、保険証、学生証等）をお預かりさせていただく場合がございます。
・体調不良、公共交通機関の乱れによる遅刻等で入場できなかった場合の保証および返金対応は致しかねます。その際でも受け取り通知をしていただきます。
・日本語が通じ、こちらの指示に問題なく従うことができる方でお願いします。
・こまめに連絡のつく方でお願いいたします。",True,2026-08
g0joy7sq5m,1787821289418,acees-arena-tour-v,2026-08-29,17:30,Asueアリーナ大阪,electronic,female,同行,あ,4.7,,ランダム,2026-08-27 09:01:29,2026-08-27 10:01:13,,listing,2,25000,"【条件有り すり替え無しランダム配布 座席未定】★2連確約★
初期当選指定席のみ一般なし 全て有効期限内名義変更ボタンあり
同時入場後チケットを1度回収させて頂き、ランダムで配布致します。購入者様が座席を選ぶことはできません。
チケットの持ち逃げ等トラブル防止の為、入場前に公的な本人確認書類(運転免許証、保険証など)を一時的にお預かりする場合がございます。
入場後1度解散し、こちらでチケット確認後にお渡しさて頂きます。
受取通知はチケットお渡しの際にお願い致します。
当日は開場時間の30分前に指定した場所にお集まり頂き、同時入場の形になります。詳しい連絡は連絡ボードにてさせて頂きます。遅刻された場合は先に入場させて頂きます。その際も返金致しませんのでお時間に余裕を持ってお越しください。
またスムーズに集合場所に集まれるよう、偽名でも可ですのて名前(名字)と電話番号をお伺いさせて頂きます。ご了承ください。
主催者側からの公演中止の場合に限り、手数料を差し引いた金額を返金いたします。その他、遅刻、入場エラー、体調不良、本人確認等で入場できなかった場合、キャンセル、返金は対応致しかねますのでご理解ください。
トラブル防止の為、代理購入等お辞めください。
以上をご理解頂けた日本人女性の方のみご購入お願い致します。",True,2026-08
sold_acees-arena-tour-v_1787813415688_6500,1787813415688,acees-arena-tour-v,2026-08-29,17:30,Asueアリーナ大阪,electronic,none,ランダムエラー返金 ランダム配布 条件あり,,,,,2026-08-27 06:50:15,2026-08-27 10:01:13,2026-08-27 09:01:06,sold,1,6500,"・16:00頃お待ち合わせ予定

・複数名義所持しているため発券後チケットを一旦回収し、座席を選択させて頂きます。開演前までにお渡し予定です。

・個人都合によ...",False,2026-08
sold_acees-arena-tour-v_1787818831615_41000,1787818831615,acees-arena-tour-v,2026-08-30,12:30,Asueアリーナ大阪,electronic,female,入金後24時間以内にQRコード共有,,,,,2026-08-27 08:20:31,2026-08-27 10:01:13,2026-08-27 09:01:06,sold,2,41000,FC先行　QRごとお譲り　初期当選　該当名義(変更ボタン有り)席種未定(着席ブロック、制作開放席ではありません)　Pay-easy決済　有効期限内名義　重複当選...,False,2026-08
q81gwubwow,1787819976923,acees-arena-tour-v,2026-08-30,12:30,Asueアリーナ大阪,electronic,female,入金後3時間以内にQRコード共有,ユカ,5.0,,QR,2026-08-27 08:39:36,2026-08-27 10:01:13,,listing,2,43000,"情報局先行 ACEes 佐藤龍我名義 初期当選 指定席 2枚申し込み QRごとのお譲り 条件ございません 座席未定
情報局先行 ２枚申込みでの当選しました。
１回目の申し込みで当選しました。
席種：指定席になります。
復活当選、制作開放、立見指定ではございません。
ACEes 佐藤龍我名義(変更ボタンあり)
会員番号８９万番台～１０９万番台の間
有効会員です。
複数当選ございません。この公演のみ当選になります。
支払い方法ペイジー選択にて
銀行ATMにて現金でお支払いも完了しております。
QRコードごとのお譲りになります。条件もございません。
同行者登録は購入者様のほうでお願い致します。
QRコード表示に必要な会員番号、パスワードをお知らせさせていただきます。
公演中止以外での返金は致しかねます。ご了承ください。
公演中止の場合は、手数料を差し引いたを金額を返金させていただきます。",True,2026-08
9xdlbemlr5,1787819695720,acees-arena-tour-v,2026-08-30,12:30,Asueアリーナ大阪,electronic,female,公演前日までにログイン情報お伝えします。,と,5.0,,QR,2026-08-27 08:34:55,2026-08-27 10:01:13,,listing,2,42000,"初期当選　QRごと　該当名義(変更ボタンあり)　複数公演当選なし　重複すり替えなし下3桁開示可能　有効期限内
同行者登録は自身で行ってください。
着ブロや制作開放席ではありません。
入金後前日までにログインに必要な情報を連絡ボードにてお伝え致します。
同行者登録はご購入様が各自お願い致します。
入場後はすみやかにログアウト、受取通知をお願いします。
本人確認、交通機関の遅延、購入者様同行者様やタレント本人の体調不良、ランダムエラー等なんらかの理由でご入場できなかった場合の対応は致しかねます。
公演中止の場合のみ手数料を差し引いた金額を返金致します。如何なる場合でも公演中止以外の返金対応は致しません。",True,2026-08
p9sjf8wvy2,1787821031022,acees-arena-tour-v,2026-08-30,17:30,Asueアリーナ大阪,electronic,female,同行,あ,4.7,,ランダム,2026-08-27 08:57:11,2026-08-27 10:01:13,,listing,2,50000,"【条件有り すり替え無しランダム配布 座席未定】★2連確約★
初期当選指定席のみ一般なし 全て有効期限内名義変更ボタンあり
同時入場後チケットを1度回収させて頂き、ランダムで配布致します。購入者様が座席を選ぶことはできません。
チケットの持ち逃げ等トラブル防止の為、入場前に公的な本人確認書類(運転免許証、保険証など)を一時的にお預かりする場合がございます。
入場後1度解散し、こちらでチケット確認後にお渡しさて頂きます。
受取通知はチケットお渡しの際にお願い致します。
当日は開場時間の30分前に指定した場所にお集まり頂き、同時入場の形になります。詳しい連絡は連絡ボードにてさせて頂きます。遅刻された場合は先に入場させて頂きます。その際も返金致しませんのでお時間に余裕を持ってお越しください。
またスムーズに集合場所に集まれるよう、偽名でも可ですのて名前(名字)と電話番号をお伺いさせて頂きます。ご了承ください。
主催者側からの公演中止の場合に限り、手数料を差し引いた金額を返金いたします。その他、遅刻、入場エラー、体調不良、本人確認等で入場できなかった場合、キャンセル、返金は対応致しかねますのでご理解ください。
トラブル防止の為、代理購入等お辞めください。
以上をご理解頂けた日本人女性の方のみご購入お願い致します。",True,2026-08
8ipmqevev2,1787820931069,acees-arena-tour-v,2026-08-30,17:30,Asueアリーナ大阪,electronic,female,同行,あ,4.7,,ランダム,2026-08-27 08:55:31,2026-08-27 10:01:13,,deleted,2,40000,"★2連確約★
複数名義所持しているため、同時入場後チケットを1度回収させて頂き、こちらで座席を選ばせて頂きます。
端末をお貸しいただく場合がございます。ご了承ください。
お座席の選択に時間を要する場合がございますが、開演5~10分前までには必ずチケットをお渡しさせて頂きます。受取通知はチケットお渡しの際にお願い致します。
当日は開場時間の30分前に指定した場所にお集まり頂き、同時入場の形になります。詳しい連絡は連絡ボードにてさせて頂きます。遅刻された場合は先に入場させて頂きます。その際も返金致しませんのでお時間に余裕を持ってお越しください。
またスムーズに集合場所に集まれるよう、偽名でも可ですのて名前(名字)と電話番号をお伺いさせて頂きます。ご了承ください。
主催者側からの公演中止の場合に限り、手数料を差し引いた金額を返金いたします。その他、遅刻、入場エラー、体調不良、本人確認等で入場できなかった場合、キャンセル、返金は対応致しかねますのでご理解ください。
トラブル防止の為、代理購入等お辞めください。
以上をご理解頂けた日本人女性の方のみご購入お願い致します。",True,2026-08
8gpap4rlax,1787819851764,acees-arena-tour-v,2026-08-30,17:30,Asueアリーナ大阪,electronic,female,前日までにログイン情報お伝えします。,と,5.0,,QR,2026-08-27 08:37:31,2026-08-27 10:01:13,,listing,2,70000,"初期当選　該当名義(変更ボタンあり)　複数公演当選なし　重複すり替えなし下3桁開示可能　有効期限内
同行者登録は自身で行ってください。
着ブロや制作開放席ではありません。
入金後前日までにログインに必要な情報を連絡ボードにてお伝え致します。
同行者登録はご購入様が各自お願い致します。
入場後はすみやかにログアウト、受取通知をお願いします。
希望の場合は会員番号下3桁開示可能
本人確認、交通機関の遅延、購入者様同行者様やタレント本人の体調不良、ランダムエラー等なんらかの理由でご入場できなかった場合の対応は致しかねます。
公演中止の場合のみ手数料を差し引いた金額を返金致します。如何なる場合でも公演中止以外の返金対応は致しません。",True,2026-08
fxgrb7ae72,1787823804631,acees-arena-tour-v,2026-08-29,17:30,Asueアリーナ大阪,electronic,female,入金後24時間以内にQRコード共有,r,5.0,,QR,2026-08-27 09:43:24,2026-08-27 10:01:13,,listing,2,40000,"2連 QRごとのお譲り、初期当選、複数当選なし、該当名義有効期限内変更ボタンあり着ブロ希望なし。発送物戻りなし。ペイジー決済。日本人以外の方は購入を御遠慮ください。意思疎通が取れる方、QRの扱いに慣れている方のみ。こまめに連絡取れる方。本人確認対応不可。
ログイン情報お伝え致します。
同行者登録は買い手様でお願い致します。
入場後、開演時間前に速やかに受け取り通知、ログアウトをお願い致します。開演時間を過ぎますとパスワードを変えさせて頂きますのでご了承ください。
ご希望がありましたら下3桁ご提示可能です。
連絡をスムーズに取れる方(既読未読無視をしない方)
一人一人に回答するの大変な為記載以上の過去の座席等気にされない方上記ご理解頂ける方でお願い致します。
サイチェンはお好きにして頂いて大丈夫です
体調不良・発券エラー･ランダムエラー・公共交通機関の遅延運休・メンバー不在の為のキャンセル、相場変動によるキャンセル、赤線エラー等如何なる場合でも公演中止以外の理由での返金は致しません(公演中止以外の理由での返金は不可、※記載内容守られない場合及び名義の悪用が発覚した場合は運営様に開示請求等のご連絡含め適切な処置を取らせて頂きます)のでご理解頂ける方のみ購入をお願い致します。
落札入金後は全て理解し同意したものとみなします。",True,2026-08
84imd7rn0s,1787824916003,acees-arena-tour-v,2026-08-30,12:30,Asueアリーナ大阪,electronic,female,同行,り,5.0,,ランダム,2026-08-27 10:01:56,2026-08-27 10:01:13,,listing,1,9000,"【複数名義所持ランダム配布】になります
以下の内容をご理解頂ける方のみご購入お願いします
【条件】
・ご一緒に入場頂くチケットは同一クレカ決済無し、有効期限内のみ。
・複数名義所持のため一度チケットを全て回収しこちらで座席選択後、「ランダム」でチケットをお渡し致します。
【入場、待ち合わせについて】
・詳しい待ち合わせ時間・場所等は追ってご連絡致しますが、開場時刻より前(45分前頃)に集合し、同時入場致します。集合時間が変更になる場合もあるので、お時間に余裕がある方のみ購入ください。
・基本的に入場の際に必要な端末はこちらで用意致しますが、QRコードの表示にご協力頂く場合がございます。
・トラブル・持ち逃げ防止のため身分証を一時的にお預かりする場合がございますので必ずお持ち頂くようにお願い致します。
・会場内でスムーズな連絡のやり取りのために、電話番号（場合によっては氏名も）を伺うことがあります。
・待ち合わせ時刻に大幅に遅れた場合は先に入場させて頂きます。
【チケットについて】
・複数名義所持しているため全名義発券後、チケットは当方が座席選択を行った後にお渡し致します。その際お時間を頂く場合がございますが、開演5分前まで(もしくはお約束した時刻まで)に電話又はメッセージでお呼び出しし、ランダムにチケットをお渡しします。座席選択権はございません。
･座席へのクレーム(立ち見、制作開放等)は一切受け付けません。
【その他の注意事項】
・名義数についてお答えすることは出来ません。
・本人確認やシステムエラー、体調不良等の公演中止以外の理由では一切返金致しませんのでご了承ください。必ず受取評価して頂きます。
・購入者都合のキャンセルは如何なる場合でも一切受け付けません。万が一キャンセルのお申し出があった場合も必ず受取評価して頂きます。
・トラブル防止のため代理購入はお辞めください。必ず当日入場されるご本人がご購入下さい。
・日本語の通じる日本人女性および、こまめに連絡の取れる方のみご購入ください。
・その他当日の状況によって臨機応変にこちらの指示に御協力いただける方
上記をご確認の上、御理解いただける方のみご購入ください。",True,2026-08
2perm9jcs3,1787823525332,acees-arena-tour-v,2026-08-30,17:30,Asueアリーナ大阪,electronic,female,少人数ランダム配布,よ♡,5.0,,ランダム,2026-08-27 09:38:45,2026-08-27 10:01:13,,listing,1,20000,"プライベート出品に変更させていただきますので、メッセージをお願いいたします。
・重複当選のため、同時入場後にチケットを全て回収させて頂き、こちらで先に座席を選ばせて頂いた後、チケットをランダムにてお渡しさせて頂きます。ご購入者様は座席をお選び頂けません。また、座席に関するクレームは一切お受けできません。
・当日は16：00を目安に会場付近にてお待ち合わせ予定です。また、詳しい時間と場所は連絡ボードにてお伝え致します。
・当日は時間厳守でお願い致します。10分以上の遅刻の場合には先に入場させていただきます。その際、受取連絡をして頂き返金は致しません。ご了承ください。
・こちらで座席を選ぶ際に、実際にその座席まで行き確認するため、お時間をいただきますがご了承ください。お時間に余裕のない方は、ご購入なさらないようお願い致します。
・必ず開演時間までにチケットをお渡しさせていただきます。チケットをお渡しさせて頂く際にその場で速やかに受取連絡をお願いします。受取連絡完了後はご自由にして頂いて構いません。
・ランダムエラーや本人確認、当日の体調不良等で入場出来なかった場合、出演者不在、また交通事情を含む待ち合わせの遅刻等、如何なる理由でもキャンセル・返金は致しかねますのでご了承ください。
・購入は、スムーズに連絡取り合える方、日本語が問題なく会話できる日本人女性の方、デジタルチケット・ランダム配布に理解のある方でお願い致します。
また、トラブル防止のため、代理購入はご遠慮ください。
・公演中止時は、チケテンの規定に基づき返金となります。",True,2026-08
yrkwl5b8tj,1787824218914,acees-arena-tour-v,2026-08-30,17:30,Asueアリーナ大阪,electronic,female,同行,,,,,2026-08-27 09:50:18,2026-08-27 10:01:13,,listing,1,20683,"8/30夜 2名義中2番手
コメントをする（0）
コメントを読み込んでいます。
コメントを投稿するにはログインが必要です。
売り切れ
ホーム
出品
検討中
ひろば
メッセージ
マイページ
このチケットは売り切れました
この出品はすでに購入されています。同じ日程の他のチケットをご覧ください。
同日程のチケットを探す
チケテン！
ライブ中の席交換もできる総合チケットサイト。安全な取引をサポートします。
ホーム
マイページ
お問い合わせ
お知らせ
使い方ガイド
コラム
Magazine
提携メディア
利用規約
プライバシーポリシー
特定商取引法に基づく表記
チケット不正転売禁止法について
手数料
© 2025 Wakuste LLC. All rights reserved.
ホーム
出品
検討中
ひろば
メッセージ
マイページ",True,2026-08
h7ot90skl9,1787822400063,acees-arena-tour-v,2026-08-30,17:30,Asueアリーナ大阪,electronic,female,同行,N,5.0,,同行,2026-08-27 09:20:00,2026-08-27 10:01:13,,listing,1,73000,"2連中1枚/初期当選/重複すり替えなし/下3桁提示可/該当名義変更ボタン有/サイチェン可/有効期限内/過去エラーなし/発送物戻りなし/
深田担不可
公演当日、開場時間前に会場付近で待ち合わせし同時入場していただきます。5分以上遅刻された場合は待たずに入場致しますが、その場合も受け取り評価をしていただきますので予めご了承ください。
詳しい待ち合わせ場所などは、公演日前日に取引メッセージにてご連絡させていただきます。
当日スムーズにやり取りを行うため氏名（名可）、電話番号お伺いする場合がございます。トラブル防止のため代理購入は不可とさせて頂きます。必ず購入されたご本人の方がご来場ください。
同時入場後、座席選択にお時間を頂く場合がございます。当方が連番内に選んでから、残りの一枚お渡しします。すり替えはいたしません。その際にその場で受け取り評価をお願いいたします。
座席未定のため座席に関するクレームはご遠慮下さい。
チケットをお渡しした後はご自由にしていただいて構いません。
公演中止以外（発券時のランダムエラー、本人確認、体調不良、公共交通機関の遅延、ご購入様のご都合によるキャンセル等）の理由では如何なる場合も返金、キャンセル不可です。公演中止の場合以外は必ず受け取り評価をしていただきます。
公演中止の場合のみ手数料を引いたチケット代を返金させていただきます。
※上記記載事全てのご理解・ご同意頂ける日本人の方のみご購入お願い致します。",True,2026-08
fdvm08633t,1787823230692,acees-arena-tour-v,2026-08-30,17:30,Asueアリーナ大阪,electronic,female,同行,かな,4.9,,ランダム,2026-08-27 09:33:50,2026-08-27 10:01:13,,listing,1,20000,"指定席のみランダム【必ず指定席のお渡し】
・円滑な取引のため、ご購入後取引連絡にてお電話番号のご提示をお願いいたします。
・当日開場30分前に会場付近で集合し、同時入場させて頂きます。詳しい待ち合わせ時間や場所は連絡ボードにてご連絡させて頂きます。
・待ち合わせの際は時間厳守でお願いいたします。遅刻の場合先に入場いたしますがその際も受取連絡はして頂きます。お時間に余裕を持って会場へお越しいただくようお願い致します。
・重複当選のため、こちらで座席を選択させて頂きます。ご購入様に座席の選択権はございません。ランダム配布のため座席は未定です。
・当日代表者として入場をお願いする場合がございます。その際はQRと引き換えに身分証をお預かりさせて頂く場合がございます。チケットの回収のタイミングにてお返し致します。
・入場後一度チケットを全て回収し、解散致します。当方が座席を選択した後再集合し、お譲りするチケットを開演5分前までにお渡し致します。なるべく早くお渡しできるように努めますが、チケットをお渡しするまでにお時間をいただく場合がございます。
・チケットのお渡しと引き換えにその場で受取連絡をして頂きます。その場でしていただけない場合はチケットをお渡しできませんのでご了承ください。
・本人確認、ランダムエラー等公演中止以外での返金対応は致しません。如何なる場合も受取連絡して頂きます。
・検温等で入場いただけなかった場合やその他購入者様の健康管理不十分にて入場頂けなかった場合、入場後のトラブルの責任は取れません。日本人女性の方でお願い致します。
・代理購入はお控えください。
ご購入後は上記の説明事項に同意されたものとみなします。ご購入様からの条件の提示にはお受けできません",True,2026-08
