ticket_id,created_at_unix,event_id,perf_date,perf_time,venue,ticket_type,name_type,delivery_method,seller_name,seller_rating,order_num,ticket_tags,first_observed_at,last_observed_at,sold_at,status,quantity,price,raw_description,details_fetched,year_month
sold_naniwa-danshi-nd5_1784832059318_33000,1784832059318,naniwa-danshi-nd5,2026-09-05,13:30,朱鷺メッセ 新潟コンベンションセンター,electronic,female,3名義2番手,,,,,2026-07-23 18:40:59,2026-08-27 16:01:18,2026-08-27 07:17:28,sold,2,33000,"
3名義中2番手/初期当選/すり替えなし/下３桁提示可/有効期限内/発送物戻りなし/着ブロ指定なし

公演当日の開場前に集合し、同時に入場していただきます。詳し...",False,2026-07
sold_naniwa-danshi-nd5_1784281654733_11375,1784281654733,naniwa-danshi-nd5,2026-09-05,13:30,朱鷺メッセ 新潟コンベンションセンター,electronic,female,同行,,,,,2026-07-17 09:47:34,2026-08-27 16:01:18,2026-08-27 07:17:28,sold,2,11375,"指定席／有効期限内該当名義／同一クレカ決済無し／すり替えあり／サイチェン不可

会場付近で待ち合わせをし、同時入場していただきます。連絡がスムーズに取れる方、時...",False,2026-07
sold_naniwa-danshi-nd5_1784241642666_49000,1784241642666,naniwa-danshi-nd5,2026-09-05,13:30,朱鷺メッセ 新潟コンベンションセンター,electronic,female,前日にログイン情報送ります,,,,,2026-07-16 22:40:42,2026-08-27 16:01:18,2026-08-27 07:17:28,sold,2,49000,【QRごと】前回ドームスタンド　初期当選　重複なし　条件なし　ペイジー支払い　有効期限内名義　着席ブロック、復活当選、制作開放席、郵便戻りではありません。希望が...,False,2026-07
ahgttgvnn9,1783946772429,naniwa-danshi-nd5,2026-09-05,13:30,朱鷺メッセ 新潟コンベンションセンター,electronic,female,公演日1日前までにQRコード共有,lily,5.0,,QR,2026-07-13 12:46:12,2026-08-27 16:01:18,,listing,1,64000,"FC先行/QR毎/初期当選/下3桁提示可/有効期限内／すり替え重複
なし/着ブロ希望なし
詳細はご入金後にマイページの連絡ボードにてお知らせいたします。
公演1日前に連絡ボードにてログイン情報をお伝えいたしますのでログイン確認を購入者様ご自身でお願いいたします。
入場後は速やかにログアウトの上、受取通知をしていただきます。
座席に関するクレームは一切受け付けません。
買い手様都合のキャンセル、体調不良、本人確認、ランダムエラー、交通機関の遅延、電波通信障害、出演者の変更、欠席などいかなる場合も返金対応やキャンセルはいたしかねます。
公演中止の場合のみ手数料を差し引いた金額を返金いたします。
公演中止以外はいかなる理由があっても必ず受取通知をしていただきます。
円滑なコミュニケーションのために日本語のわかる日本人女性に該当しない方は購入をご遠慮ください。
ご購入いただいた時点で上記の内容を全て了承いただいたものとみなします。",True,2026-07
dl8x8g5zmn,1784844833679,naniwa-danshi-nd5,2026-09-05,13:30,朱鷺メッセ 新潟コンベンションセンター,electronic,female,同行,tapi,5.0,,番手,2026-07-23 22:13:53,2026-08-27 16:01:18,,listing,1,40000,"初期当選/有効期限内/2連2名義中2番手1枚/下三桁提示可/すり替えなし
どちらも前回スタンド名義になります。
当日は会場時間30分前に集合していただきます。
また、事前に当日連絡が取れる電話番号の交換をお願いいたします。
チケットお渡し後、その場で受け取り評価をお願いいたします。
こちらが選ばなかったチケットをお渡しさせていただきます。
当日集合時間に遅れられた場合、こちらは先に入場させていただきますのでご了承ください。その場合でも受け取り評価は行っていただきます。
お取引成立後のキャンセルや当日の体調不良、交通機関による遅れ、出演者変更、ランダムエラー、システムエラー等のいかなる場合も返金、キャンセルの対応は不可となり、その場合でも受け取り評価を行なっていただきますのでご了承ください。
公演中止の場合のみ、手数料を差し引いた金額分をご返金させていただきます。
また、お席に関するクレームは一切受け付けません。
ご購入後は以上全ての内容を同意したものとみなしてお取引させていただきます。",True,2026-07
2b0jqns3ue,1783676931496,naniwa-danshi-nd5,2026-09-05,13:30,朱鷺メッセ 新潟コンベンションセンター,electronic,female,同時入場,こ,5.0,,番手,2026-07-10 09:48:51,2026-08-27 16:01:18,,listing,2,38000,"2名義中2番手
初期当選/下3桁表示可能 /有効期限内/すり替えなし/サイチェン可
・日本語の話せる女性の方限定
・開場前に会場付近にて待ち合わせし、同時入場していただきます。待ち合せ時間、待ち合せ場所の詳細は公演当日までに取引メッセージにてご連絡させていただきます。
・入場前に身分証明書をお預かりさせていただきます。中身の見えない封筒に入れていただきご持参よろしくお願いします。
・入場後は一度チケットを回収し、こちらが座席を選択した後チケットをお渡しします。その際、お預かりした身分証明書も一緒にお返し致します。座席確認のためお時間いただく可能性もございますが、入場からチケット受け渡しまでできる限り迅速に対応させていただきます。座席に関するクレームは一切受け付けませんので、ご了承ください。
円滑にチケットのお渡しができるよう電話番号をお伺いする場合がございます。
チケットお渡し後、速やかに受け取り評価をお願い致します。
体調不良、ランダムエラー、システムエラー、本人確認、交通機関の遅延、出演者の変更等、いかなる場合も返金・キャンセル対応はいたしかねます。
公演中止の場合のみ、送料・手数料を差し引いた金額を返金いたします。",True,2026-07
sold_naniwa-danshi-nd5_1783691555091_50000,1783691555091,naniwa-danshi-nd5,2026-09-05,13:30,朱鷺メッセ 新潟コンベンションセンター,electronic,female,単番✖️3 3枚目,,,,,2026-07-10 13:52:35,2026-08-27 16:01:18,2026-08-27 07:17:28,sold,1,50000,"初期当選/有効期限内/すり替えなし/下3桁掲示可/サイチェン可
★3名義中3番手　※単番✖︎3所持しております。

全て単番で少人数になりますので
座席の確認は...",False,2026-07
sold_naniwa-danshi-nd5_1783651477623_65000,1783651477623,naniwa-danshi-nd5,2026-09-05,13:30,朱鷺メッセ 新潟コンベンションセンター,electronic,female,入金後24時間以内にQRコード共有,,,,,2026-07-10 02:44:37,2026-08-27 16:01:18,2026-08-27 07:17:28,sold,1,65000,"FC先行当選／座席未定/QR/有効期限内／重複すり替え無し／変更ボタン有／下3桁提示可／着ブロ希望無し

座席未定のため、お席に関するクレームは一切受け付けませ...",False,2026-07
sold_naniwa-danshi-nd5_1785242758639_55000,1785242758639,naniwa-danshi-nd5,2026-09-05,13:30,朱鷺メッセ 新潟コンベンションセンター,electronic,female,同行,,,,,2026-07-28 12:45:58,2026-08-27 16:01:18,2026-08-27 07:17:28,sold,1,55000,"FC初期当選 重複すり替えなし 有効期限内
20代後半高橋担との同行
トラブル防止のため問題なく日本語が話せる女性のみ、高橋担はご遠慮下さい。

チケットは入場...",False,2026-07
moe6i01myb,1783932196891,naniwa-danshi-nd5,2026-09-05,13:30,朱鷺メッセ 新潟コンベンションセンター,electronic,female,QR毎 座席未定 ,まる,5.0,,QR,2026-07-13 08:43:16,2026-08-27 16:01:18,,listing,1,74000,"FC先行/QR毎/初期当選/下3桁提示可/有効期限内／すり替え重複
なし/着ブロ希望なし
詳細はご入金後にマイページの連絡ボードにてお知らせいたします。
公演1日前に連絡ボードにてログイン情報をお伝えいたしますのでログイン確認を購入者様ご自身でお願いいたします。
入場後は速やかにログアウトの上、受取通知をしていただきます。
座席に関するクレームは一切受け付けません。
買い手様都合のキャンセル、体調不良、本人確認、ランダムエラー、交通機関の遅延、電波通信障害、出演者の変更、欠席などいかなる場合も返金対応やキャンセルはいたしかねます。
公演中止の場合のみ手数料を差し引いた金額を返金いたします。
公演中止以外はいかなる理由があっても必ず受取通知をしていただきます。
円滑なコミュニケーションのために日本語のわかる日本人女性に該当しない方は購入をご遠慮ください。
ご購入いただいた時点で上記の内容を全て了承いただいたものとみなします。",True,2026-07
oeixdusitj,1784728200760,naniwa-danshi-nd5,2026-09-05,13:30,朱鷺メッセ 新潟コンベンションセンター,electronic,female,番手,mochi,5.0,,番手,2026-07-22 13:50:00,2026-08-27 16:01:18,,listing,1,40000,"4名義中3番手のお譲りです。
長尾担との連番
初期当選のみ/全名義前回スタンドまたは初当選/有効期限内/すり替えなし/下3桁提示可能/Pay-easy決済
落札後のキャンセル、座席のクレーム、ランダムエラー、ご購入者様の都合（体調不良等）によるキャンセルは一切お受けできません。公演中止以外の如何なる理由でも返金対応は不可です。
希望の場合プラベル通し可能。
公演当日、開場30分前に会場付近で待ち合わせし同時入場していただきます。待ち合わせ場所は当日マイページの連絡ボードにてお伝えいたします。
同時入場後、一旦チケットを回収しこちらが座席を確認し選んだ後、座席チケットをお渡しいたします。その後速やかに受取連絡をお願いいたします。
座席選択にはお時間を要する場合がございますので、あらかじめご了承ください。
チケットお渡し後はご自由にしてください。スムーズに連絡が取れる方のみ購入お願い致します。",True,2026-07
sold_naniwa-danshi-nd5_1785283158896_45000,1785283158896,naniwa-danshi-nd5,2026-09-05,13:30,朱鷺メッセ 新潟コンベンションセンター,electronic,female,前日までにログイン情報共有,,,,,2026-07-28 23:59:18,2026-08-27 16:01:18,2026-08-27 07:17:28,sold,2,45000,"QR毎/座席未定/復活当選/期限内/すり替えなし/下3桁提示可

・公演中止のみ手数料を差し引いた金額を返金いたします。
・体調不良、交通機関の乱れ、ランダムエ...",False,2026-07
54p88putfp,1783883644445,naniwa-danshi-nd5,2026-09-05,13:30,朱鷺メッセ 新潟コンベンションセンター,electronic,none,同行,k.,5.0,,ランダム,2026-07-12 19:14:04,2026-08-27 16:01:18,,listing,2,20700,"FC先行 ランダム配布
12時頃待ち合わせを予定しております
ランダム配布の為買い手様の座席選択はできません、こちらでさせて頂きます。
又、デジダルチケットの為チケットを発券するまで座席は未定です。
入場後チケットを一度全て回収させて頂きます、座席選択にお時間を頂きます
開演5~10分前に再集合し買い手様へチケットをお渡しさせて頂く予定ですが、多少お時間が前後する場合もございます。
再集合する迄は自由に過ごして頂いて溝いません、再集合する場所等は入場後お伝え致します。
会場内での電波障害等が予想されます、連絡ボートが使えない場合や緊急でご連絡をさせて頂く場合に直接連絡の取れる電話番号をお伺いさせていただきますのでご協力頂きますようお願い致します。
記載してある通りランダム配布となりますので、お渡しするチケットの座席・チケットお渡しまでの時間等へのクレーム、他一切受付ません
ランダムエラー、買い手様都合のキャンセル等、他如何なる場合でも返金できかねますのでご了承ください
必ず受け取り評価をしていただきます
購入された際は上記全て了承したものとします",True,2026-07
uph1ee651j,1783883590770,naniwa-danshi-nd5,2026-09-05,13:30,朱鷺メッセ 新潟コンベンションセンター,electronic,female,同行,k.,5.0,,ランダム,2026-07-12 19:13:10,2026-08-27 16:01:18,,listing,1,10400,"FC先行 ランダム配布
12時頃待ち合わせを予定しております
ランダム配布の為買い手様の座席選択はできません、こちらでさせて頂きます。
又、デジダルチケットの為チケットを発券するまで座席は未定です。
入場後チケットを一度全て回収させて頂きます、座席選択にお時間を頂きます
開演5~10分前に再集合し買い手様へチケットをお渡しさせて頂く予定ですが、多少お時間が前後する場合もございます。
再集合する迄は自由に過ごして頂いて溝いません、再集合する場所等は入場後お伝え致します。
会場内での電波障害等が予想されます、連絡ボートが使えない場合や緊急でご連絡をさせて頂く場合に直接連絡の取れる電話番号をお伺いさせていただきますのでご協力頂きますようお願い致します。
記載してある通りランダム配布となりますので、お渡しするチケットの座席・チケットお渡しまでの時間等へのクレーム、他一切受付ません
ランダムエラー、買い手様都合のキャンセル等、他如何なる場合でも返金できかねますのでご了承ください
必ず受け取り評価をしていただきます
購入された際は上記全て了承したものとします",True,2026-07
il9555562z,1785324292924,naniwa-danshi-nd5,2026-09-05,13:30,朱鷺メッセ 新潟コンベンションセンター,electronic,female,同時入場,mei,5.0,,番手,2026-07-29 11:24:52,2026-08-27 16:01:18,,listing,1,45000,"購入頂く際プライベート出品に切り替えますので、メッセージお願いいたします。
初期当選/2名義中２番手/すり替えなし/下3桁提示可/有効期限内/着ブロ希望なし/発送物戻りなし/エラー履歴なし
・当日は時間厳守でお願いいたします。万が一遅れられた場合でも、先に入場させていただきますが如何なる場合でも受取連絡していただきますのでご了承のほどよろしくお願いいたします。
・公演当日会場付近で待ち合わせし同時入場していただきます。QR表示のために端末をお借りする可能性がございます。ご了承ください。
・入場後、一度チケットを回収し、座席の確認をさせていただきます。確認出来次第速やかにチケットをお渡しいたします。
・お座席に関するクレームは一切受け付けません。
・体調不良や交通機関の乱れ、ランダムエラーや本人確認等で入場できない等、公演中止以外はいかなる場合でも返金・キャンセル対応は致しません。
上記内容ご確認いただき、ご購入をお願いいたします。ご購入いただいた時点で上記内容に全てにご同意をいただいたものと判断させていただきます。",True,2026-07
ufn3rvpykz,1785236271531,naniwa-danshi-nd5,2026-09-05,13:30,朱鷺メッセ 新潟コンベンションセンター,electronic,female,同行,さ,5.0,,同行,2026-07-28 10:57:51,2026-08-27 16:01:18,,listing,1,57000,"当方と同行になります。
道枝担の購入ご遠慮ください。
初期当選│有効期限内│下3桁提示可能│
本人確認可│発送物戻りなし│重複なし｜
道枝担以外とのサイチェン可│入場後はお好きにしていただいて構いません。
・開場時間1時間前頃に集合し当方と同時入場していただきます。詳細は公演日迫りましたらお知らせします。
・連番内の座席は当方が選択させていただきます。
・体調不良、交通機関の遅延などご購入者様の都合によるキャンセルはいかなる場合もできません。遅刻や入場できなかった場合も受け取り通知はしていただきます。
・ランダムエラー、本人確認、その他ご購入様都合の如何なる場合でも返金は受け付けません。
・公演中止以外の、メンバーの不在及び構成の変更、入場時のシステムエラー、座席に関するクレーム、トラブルなど如何なる場合でも返金は対応いたしません。
・こまめに連絡できる方、日本語の分かる女性のみご購入お願いいたします。
・ご購入後、当日連絡のつくLINE、電話番号の交換をお願いする場合がございます。
よろしくお願いいたします。",True,2026-07
c413leruy5,1783920097356,naniwa-danshi-nd5,2026-09-05,13:30,朱鷺メッセ 新潟コンベンションセンター,electronic,female,同行,🧚‍♂️,5.0,,同行,2026-07-13 05:21:37,2026-08-27 16:01:18,,listing,1,41000,"重複なし同行
初期当選 すり替えなし 有効期限内
PayPay支払済 同一支払いなし
他FC含め過去エラー・発送物戻り等なし
前回当選：VOYAGE横アリ (表記)アリーナ席
サイチェン可
※盗撮バレなど名義が傷つく行為はお辞めください
・当方の知人(成人済み/藤原担)との同行です。知人と購入者様をLINEでお繋げしますので、集合時間・場所等はお二人でご相談ください。
・チケット受け取り後は速やかに完了報告をお願いします。公演中止以外のキャンセル・返金不可。公演中止の場合のみ手数料を引いた金額を返金します。
・プラベル出品にて対応します。質問事項はメッセージにてお問い合わせください。",True,2026-07
g1juec83u8,1783653000610,naniwa-danshi-nd5,2026-09-05,13:30,朱鷺メッセ 新潟コンベンションセンター,electronic,female,同行,🍒,5.0,,同行,2026-07-10 03:10:00,2026-08-27 16:01:18,,listing,1,42000,"初期当選/有効期限内/下3桁掲示可/サイチェン可/道枝担不可
同行者探してます。当方20⬆️道枝担です。
年齢、担当者記載の上、ご連絡ください。
購入後のキャンセルは一切承りません。
公演当日は開場20~30分前を目安に会場付近に集合し、同時入場して頂きます。
詳しい待ち合わせ場所、時間等は公演が近くなり次第、連絡ボードにてお伝えします。
入場後チケットのお渡しと同時にその場で受取連絡をお願いいたします。
座席に関するクレームは一切承りません。
連番内の座席は当方が先に選択させて頂きます。
ランダムエラー、本人確認、公共交通機関による遅刻、当日の体調不良、出演者の変更など如何なる理由でもキャンセルや返金対応は致しかねます。公演中止場合のみ、手数料を差し引いた金額を返金させて頂きます。
上記理解頂ける方、女性のみご購入をお願いいたします。",True,2026-07
0gdkk25vsy,1783686961891,naniwa-danshi-nd5,2026-09-05,13:30,朱鷺メッセ 新潟コンベンションセンター,electronic,female,同行,あ,5.0,,同行,2026-07-10 12:36:01,2026-08-27 16:01:18,,listing,1,45000,"同行　※道枝担不可
FC初期当選/有効期限内/下三桁提示可/差し替えなし/着ブロ指定なし
公演当日開演30分前頃に会場付近にて待ち合わせ、同時入場していただきます。
当方と連番となりますが、連番の内の座席はこちらが選びますので購入者様ではお選びいただけませんのでご了承ください。
公演中止以外（ランダムエラー、体調不良、交通機関の遅延等）のキャンセル及び返金は不可",True,2026-07
sold_naniwa-danshi-nd5_1783684281259_53000,1783684281259,naniwa-danshi-nd5,2026-09-05,13:30,朱鷺メッセ 新潟コンベンションセンター,electronic,female,公演1日前にボードにてログイン情報提示,,,,,2026-07-10 11:51:21,2026-08-27 16:01:18,2026-08-27 07:17:28,sold,2,53000,"FC先行、下3桁提示可能、有効期限内名義、
初期当選、重複すり替え無し、QRごと
﻿
公演日の1日前になりましたら、ログインに必要な情報を連絡ボードにてお伝え致...",False,2026-07
yeq7vq29zu,1783744036813,naniwa-danshi-nd5,2026-09-05,13:30,朱鷺メッセ 新潟コンベンションセンター,paper,female,公演前日QRコード共有,♡,5.0,,QR,2026-07-11 04:27:16,2026-08-27 16:01:18,,listing,2,43000,"QR毎/初期当選/有効期限内/下3桁提示可能/重複すり替えなし/郵送物戻りなし/
ツアー発表駆け込み入会名義のため当選歴なしです。
購入される場合プラベル移行しますのでメッセージ個別でお願い致します。
・公演前日にログイン情報をお伝えします。
・座席に関するクレーム等一切お受けできません。
・入場後は開演までに受け取り連絡、速やかにログアウトをお願いします。
・本人確認、体調不良、ランダムエラー等公演中止以外でのキャンセル返金は致しかねますのでご了承ください。
・トラブル防止の為、日本語が通じる方のみご購入お願い致します。",True,2026-07
rvsvzhj4sk,1783681901282,naniwa-danshi-nd5,2026-09-05,13:30,朱鷺メッセ 新潟コンベンションセンター,electronic,female,当日手渡し,y,5.0,,ランダム,2026-07-10 11:11:41,2026-08-27 16:01:18,,listing,2,22000,"条件ありランダム配布 指定席
当日開場30分前に指定の場所に集合、時間厳守・遅刻厳禁でお願いします。万が一遅刻された場合先に入場致しますがその場合でも受取連絡して頂きます。
・複数名義所持しており入場後はチケットを一度回収させて頂き、こちらで座席を選ばせて頂いた後に配布致します。すり替えありのランダム配布のため、買い手様に座席選択権はございません。入場口が分かれる会場に関しましては、QRごとのお渡しとなる場合もございます。
・代表者としてご入場いただく可能性がございます。
その場合は、QRコードを表示した状態の当方の端末をお渡しいたします。端末の持ち逃げ防止のため、一時的に身分証をお預かりさせていただきます。
当日は、中身が見えない茶封筒をご用意いたしますので、ご自身で身分証を封入していただきます。ご入場後、チケットと端末をご返却いただいたタイミングで、封筒は開封せず、そのまま速やかにご返却いたします。また、状況によりご購入者様の端末をお借りし、ログインさせていただく場合がございますので、あらかじめご了承ください。
・チケットお渡しするのにお時間いただく場合がございますのでお急ぎの方はご遠慮ください。開演5分前にはお渡し致します。一時解散の可能性もあるため、落札後、連絡が取れる電話番号のご提示をお願い致します。
・買い手都合でのキャンセルは承れません。入場前に公演中止の場合は規約に伴い取引中止となります。
・本人確認等その他ランダムエラーなどで入場できなかった場合、返金対応出来ませんのでご理解下さい。
・当日まで座席未定の為、どこのお席になるかわかりません。
その為座席に関するクレームや返金はお受け致しません。またチケットを受け取り次第その場ですぐに受け取り連絡をお願い致します。
・如何なる場合でも送金停止は受け付けません。
以上の事をご理解頂ける方のみお願い致します。",True,2026-07
spdic8ltxk,1783916227996,naniwa-danshi-nd5,2026-09-05,13:30,朱鷺メッセ 新潟コンベンションセンター,electronic,female,公演前日までにQRコード共有,r,5.0,,QR,2026-07-13 04:17:07,2026-08-27 16:01:18,,listing,2,46000,"QR毎/初期期選/着ブロなし/下3桁開示可/有効期限内
入場後、速やかにログアウトと受け取り評価をお願いいたします。
体調不良、ランダムエラー、システムエラー、本人確認、交通機関の遅延、出演者の変更等、いかなる場合も返金・キャンセル対応はいたしかねます。
公演中止の場合のみ、送料・手数料を差し引いた金額を返金いたします。
名義を潰す行為はご遠慮ください。",True,2026-07
k9dcgr8bp3,1783868124805,naniwa-danshi-nd5,2026-09-05,13:30,朱鷺メッセ 新潟コンベンションセンター,electronic,female,当日手渡し,y,5.0,,番手,2026-07-12 14:55:24,2026-08-27 16:01:18,,listing,2,35000,"5名義中4番手 初期当選/すり替えなし /下3桁提示可能/有効期限内/サイチェン可
以下の内容をご理解いただける方でお願いします。
・当日開場30分前に指定の場所に集合、時間厳守・遅刻厳禁でお願いします。万が一遅刻された場合先に入場致しますがその場合でも受取連絡して頂きます。
・複数名義所持しており入場後はチケットを一度回収させて頂き、こちらで座席を選ばせて頂いた後にお渡しします。入場口が分かれる会場に関しましては、QRごとのお渡しとなる場合もございます。
・代表者としてご入場いただく可能性がございます。
その場合は、QRコードを表示した状態の当方の端末をお渡しいたします。端末の持ち逃げ防止のため、一時的に身分証をお預かりさせていただきます。
当日は、中身が見えない茶封筒をご用意いたしますので、ご自身で身分証を封入していただきます。ご入場後、チケットと端末をご返却いただいたタイミングで、封筒は開封せず、そのまま速やかにご返却いたします。また、状況によりご購入者様の端末をお借りし、ログインさせていただく場合がございますので、あらかじめご了承ください。
・チケットお渡しするのにお時間いただく場合がございますのでお急ぎの方はご遠慮ください。
・買い手都合でのキャンセルは承れません。入場前に公演中止の場合は規約に伴い取引中止となります。
・本人確認等その他ランダムエラーなどで入場できなかった場合、返金対応出来ませんのでご理解下さい。
・当日まで座席未定の為、どこのお席になるかわかりません。
その為座席に関するクレームや返金はお受け致しません。またチケットを受け取り次第その場ですぐに受け取り連絡をお願い致します。
・如何なる場合でも送金停止は受け付けません。
以上の事をご理解頂ける方のみ御入札ください。",True,2026-07
n50g2wm35p,1783910880127,naniwa-danshi-nd5,2026-09-05,13:30,朱鷺メッセ 新潟コンベンションセンター,electronic,female,同行,チケ子,5.0,,ランダム,2026-07-13 02:48:00,2026-08-27 16:01:18,,listing,1,11000,"指定席のみ 少人数ランダム配布
公演当日、開場時間の20分前に待ち合わせし、同時入場していただきます。時間厳守でお願いいたします。
入場後はチケットを回収させていただき一度解散し、開演5-10分前にチケットをお渡しいたします。
ご購入者様は座席を選ぶことができません。座席に関するクレームもお控えください。
入場前に身分証をお預かりさせていただきます。入場後チケットと引き換えに速やかに返却いたします。
会場内でのお取引は慎重に行わせていただきます。当日ご案内する事項があった場合はお守りいただきますようお願いいたします。また、円滑にお取引を進めるためご連絡先電話番号の交換をお願いしております。
ランダム配布の理解がある方のみご購入お願いいたします。
公演中止以外の返金不可。ランダムエラーの場合のみ応相談。
プライベート出品対応可能ですのでメッセージにてお問い合わせください。
早渡しや中相場での買取などのご希望もご相談ください。",True,2026-07
76n58mfclr,1784845097971,naniwa-danshi-nd5,2026-09-05,13:30,朱鷺メッセ 新潟コンベンションセンター,electronic,female,2名義中2番手,a,5.0,,番手,2026-07-23 22:18:17,2026-08-27 16:01:18,,listing,2,42000,"2名義中2番手/すり替えなし/下3桁提示可/有効期限内/初期当選
プライベート出品に切り替えますので購入前に必ずメッセージをお願いします。
◾︎開演30分～1時間前に会場付近にて待ち合わせし、同時入場お願いいたします。
待ち合せ時間、待ち合せ場所の詳細は公演当日までに取引メッセージにてご連絡させていただきます。
◾︎入場後は一度チケットを回収し、2名義中2番目のチケットをお渡しさせていただきます。
座席確認のためお時間いただく可能性もございますが、入場からチケット受け渡しまでできる限り迅速に対応させていただきます。座席に関するクレームは一切受け付けませんので、ご了解いただける方のみご購入ください。
円滑にチケットのお渡しができるようお電話番号をお伺いする場合がございます。
※注意事項
◾︎当日は時間厳守で集合をお願いいたします。ご購入者様の遅刻は到着を待たずに入場させていただきますが、その場合も受け取り通知をしていただきます。お時間に余裕を持ってお越しください。
◾︎出演者変更、入場時のランダムエラー、本人確認、交通機関の遅延、体調不良、座席などへのクレームでの返金は一切致しかねます。
◾︎トラブル防止のため代理購入不可です。
必ず当日いらっしゃる方が落札をお願いいたします。
◾︎公演中止以外ではいかなる理由でもキャンセル、返金は承れません。
上記を了承いただける成人済の日本人女性のみご購入お願いします。",True,2026-07
0fv19jovtg,1785338647547,naniwa-danshi-nd5,2026-09-05,13:30,朱鷺メッセ 新潟コンベンションセンター,electronic,female,公演1日前にQRコード共有,s♡,5.0,,QR,2026-07-29 15:24:07,2026-08-27 16:01:18,,listing,1,53000,"初期当選／QR毎／有効期限内名義／下3桁提示可／着ブロ希望なし／郵送物戻りなし
公演前日に必要な情報を連絡ボードにてお伝えします。
同意チェックは買い手様の方でご対応をお願いいたします。
入場後は速やかにログアウト、受け取り連絡をお願いいたします。
当日の体調不良、交通機関トラブルやランダムエラ一、本人確認等その他いかなる場合でも返金は致しかねます。ご了承下さい。
公演中止の場合のみ手数料差し引いた金額を返金させて頂きます。
座席に関するクレームは一切受け付けておりません。
以上ご理解頂けた日本語でやり取りできる方のみご購入お願い致します。",True,2026-07
sold_naniwa-danshi-nd5_1785464934867_48000,1785464934867,naniwa-danshi-nd5,2026-09-05,13:30,朱鷺メッセ 新潟コンベンションセンター,electronic,female,前日までにログイン情報共有,,,,,2026-07-31 02:28:54,2026-08-27 16:01:18,2026-08-27 07:17:28,sold,2,48000,"FC×FC 座席未定/初期当選/着ブロ希望なし/重複すり替えなし/下3桁提示可/有効期限内/過去エラー郵送物戻り等なし

購入後連絡ボードにて詳細をお知らせ致し...",False,2026-07
cubnsnq6ac,1783692445457,naniwa-danshi-nd5,2026-09-05,13:30,朱鷺メッセ 新潟コンベンションセンター,electronic,female,同行,Ami,5.0,,同行記載あり,2026-07-10 14:07:25,2026-08-27 16:01:18,,listing,1,70000,"初期当選/有効期限内/下3桁掲示可/サイチェン可/プラベル対応可
大西担との同行になります。
購入後のキャンセルは一切承りません。
公演当日は開場20~30分前を目安に会場付近に集合し、同時入場して頂きます。
詳しい待ち合わせ場所、時間等は公演が近くなり次第、連絡ボードにてお伝えします。
入場後チケットのお渡しと同時にその場で受取連絡をお願いいたします。
座席に関するクレームは一切承りません。
連番内の座席は当方が先に選択させて頂きます。
ランダムエラー、本人確認、公共交通機関による遅刻、当日の体調不良、出演者の変更など如何なる理由でもキャンセルや返金対応は致しかねます。公演中止場合のみ、手数料を差し引いた金額を返金させて頂きます。
上記理解頂ける方、女性のみご購入をお願いいたします。",True,2026-07
mvxngqufnm,1784897878310,naniwa-danshi-nd5,2026-09-05,13:30,朱鷺メッセ 新潟コンベンションセンター,electronic,female,同時入場,りりー,5.0,,番手,2026-07-24 12:57:58,2026-08-27 16:01:18,,listing,2,38000,"2名義中2番手/すり替えなし/下3桁提示可/FC先行/2名義全て初期当選/有効期限内名義/郵送物戻りなし/ペイジー決済/着ブロなし/プライベート出品可
公演当日開場10分前頃に会場付近で集合し同時入場していただきます。
詳しい場所や時間は前日にお伝えします。
入場後一度チケットを回収し座席を選ばせていただきます。
座席選択にお時間いただく可能性がございます。
当方が座席を選択した後、チケットをお渡しし、受け取り通知をしていただき解散とします。
解散後はご自由にしていただいてかまいません。
ランダムエラー、交通事情、大幅な遅刻、体調不良、自担が出演しないなどの理由での返金・キャンセルは致しかねます。
その場合でも受け取り通知はしていただきますのでよろしくお願いいたします。
また、座席に関するクレームはお受けできません。
公演中止の場合のみ手数料を引いた金額を返金させていただきます。
上記ご了承いただけた方は購入をお願いいたします。",True,2026-07
sold_naniwa-danshi-nd5_1785237213499_40000,1785237213499,naniwa-danshi-nd5,2026-09-05,13:30,朱鷺メッセ 新潟コンベンションセンター,electronic,female,公演前日までにログイン情報共有,,,,,2026-07-28 11:13:33,2026-08-27 16:01:18,2026-08-27 07:17:28,sold,1,40000,,False,2026-07
sold_naniwa-danshi-nd5_1783939046265_40000,1783939046265,naniwa-danshi-nd5,2026-09-05,13:30,朱鷺メッセ 新潟コンベンションセンター,electronic,female,同行,,,,,2026-07-13 10:37:26,2026-08-27 16:01:18,2026-08-27 07:17:28,sold,1,40000,"初期当選/有効期限内/サイチェン可/着ブロ無/購入後のキャンセル不可/本人確認対応不可/道枝担不可

当方の知人道枝担との同行になります。

公演当日、会場の2...",False,2026-07
zeunw56c9u,1785366526543,naniwa-danshi-nd5,2026-09-05,13:30,朱鷺メッセ 新潟コンベンションセンター,electronic,female,公演前日ログイン情報提示,@,5.0,,QR,2026-07-29 23:08:46,2026-08-27 16:01:18,,listing,1,50000,"【プラベルにて出品させていただきますのでメッセージお願いいたします。】
復活当選/有効期限内/下3桁提示可
・座席に関するクレームはお控えください。
・当日入場後は速やかにログアウト、受け取り通知をお願いいたします。
・公演中止の場合のみ手数料を差し引いた金額を返金いたしますが、その他如何なる理由であっても返金は出来ませんのでご了承ください。
・トラブル防止の為日本語が通じる方でよろしくお願いいたします。
上記内容をご了承いただける方のみご購入をお願いいたします。",True,2026-07
sold_naniwa-danshi-nd5_1783655833504_45000,1783655833504,naniwa-danshi-nd5,2026-09-05,13:30,朱鷺メッセ 新潟コンベンションセンター,electronic,female,公演日前日にログイン情報を共有,,,,,2026-07-10 03:57:13,2026-08-27 16:01:18,2026-08-27 07:17:28,sold,2,45000,"QR毎/初期期選/着ブロなし/下3桁開示可/有効期限内
入場後、速やかにログアウトと受け取り評価をお願いいたします。
体調不良、ランダムエラー、システムエラー、...",False,2026-07
ztaph8gyaj,1783744753295,naniwa-danshi-nd5,2026-09-05,13:30,朱鷺メッセ 新潟コンベンションセンター,electronic,female,公演当日にログイン情報をお伝えいたします。,みやおか,5.0,,番手QR,2026-07-11 04:39:13,2026-08-27 16:01:18,,listing,1,68000,"プライベート出品に切り替えますので、ご購入の際はメッセージお願い致します。
QR毎/初期当選/有効期限内/下3桁提示可能/重複すり替えなし/郵送物戻りなし
・2番手中2番手になります
・公演当日、会場付近にて集合し、同時入場となります。前日までに集合場所をご連絡いたします。
・端末をお借りしてログインさせていただきますのでご承知ください。
・座席に関するクレーム等一切お受けできません。また、入場後は開演までに受け取り連絡、速やかにログアウトをお願いします。
・本人確認、体調不良、ランダムエラー等公演中止以外でのキャンセル返金は致しかねますのでご了承ください。
・トラブル防止の為、日本語が通じる方のみご購入お願い致します。",True,2026-07
jpd08iasnw,1785322274752,naniwa-danshi-nd5,2026-09-05,18:00,朱鷺メッセ 新潟コンベンションセンター,electronic,female,4名義中3番手,R,5.0,,番手,2026-07-29 10:51:14,2026-08-27 16:01:18,,listing,2,40000,"4名義中3番手
FC先行/初期当選/QR下3桁提示/有効期限内/すり替えなし/着ブロ希望なし/初当選.前回スタンド名義のみ
プライベート出品に切り替えますので購入前に必ずメッセージをお願いいたします。
・開演30分～1時間前に会場付近にて待ち合わせし、同時入場お願いいたします。詳しい待ち合わせ時間や場所は連絡ボードにてご連絡いたします。
・チケットは一度回収しこちらで座席確認、場合によってはチケット回収を行わず同行していただき座席選択した後、3番手でチケットをお選びいただきます。チケットのお渡しに時間がかかる場合もありますのでご了承ください。座席に関するクレームは一切お受けできません。
開演に間に合うようにチケットをお渡しいたします。
※注意事項
・待ち合わせに5分以上遅刻された場合待たずに入場いたします。その場合も受取連絡していただきますのでご了承ください。
・買い手様都合のキャンセル、体調不良、本人確認、ランダムエラ一、交通機関の遅延、電波通信障害、出演者の変更、欠席などいかなる場合も返金対応やキャンセルはいたしかねます。公演中止の場合のみ手数料を差し引いた金額を返金いたします。
・公演中止以外はいかなる理由があっても必ず受取通知をしていただきます。
・トラブル防止のため代理購入不可とします。必ず当日いらっしゃる方が落札をお願いいたします。
ご購入いただいた時点で上記の内容を全て了承いただいたものとみなします。上記を了承いただける成人済の日本人女性のみご購入お願いします。",True,2026-07
sold_naniwa-danshi-nd5_1784079635164_53000,1784079635164,naniwa-danshi-nd5,2026-09-05,18:00,朱鷺メッセ 新潟コンベンションセンター,electronic,female,QR毎 ,,,,,2026-07-15 01:40:35,2026-08-27 16:01:18,2026-08-27 07:17:28,sold,2,53000,"メッセージ頂けたらプライベート出品させて頂きますのでお願いいたします。

QRごと/重複すり替え無し/初期当選/有効期限内名義/下3桁提示可能

・公演の前日に...",False,2026-07
z2c19f47kr,1783671721882,naniwa-danshi-nd5,2026-09-05,18:00,朱鷺メッセ 新潟コンベンションセンター,electronic,female,QR毎,あお,4.9,,QR,2026-07-10 08:22:01,2026-08-27 16:01:18,,listing,2,0,"条件なし/QR毎/初期当選/第一希望当選/着ブロ無/発送物戻り無/Pay-easy決済/会員下3桁提示/有効期限内名義
・プラベル出品可(現在手数料無料)。その際はコメントください。
・公演前日夜までにメッセージにてログインに必要な情報をお伝えします。
・トラブル防止のため日本人の方でお願いいたします。
・ランダムエラーや体調不良、交通機関の遅れ等で入場できなかった場合でも受け取り評価をしていただきます 。公演中止以外いかなる場合も返金致しかねますのでご了承ください。
・入場後は速やかにログアウトし、開演前までに必ず受け取り評価をお願いします。",True,2026-07
sold_naniwa-danshi-nd5_1785337431913_22000,1785337431913,naniwa-danshi-nd5,2026-09-05,18:00,朱鷺メッセ 新潟コンベンションセンター,pickup_number,female,公演日7日前までに発券番号共有,,,,,2026-07-29 15:03:51,2026-08-27 16:01:18,2026-08-27 07:17:28,sold,1,22000,"当方復活当選で新潟当選したのですがljkの為親に却下されてしまい行けなくなったのでお譲りを考えております。

お譲りor交換の形になります。",False,2026-07
bb11edp3j3,1785367418516,naniwa-danshi-nd5,2026-09-05,18:00,朱鷺メッセ 新潟コンベンションセンター,electronic,female,公演前日にログイン情報提示,@,5.0,,QR,2026-07-29 23:23:38,2026-08-27 16:01:18,,listing,1,50000,"【プラベルにて出品させていただきますのでメッセージお願いいたします。】
初期当選/有効期限内/下3桁提示可
・座席に関するクレームはお控えください。
・当日入場後は速やかにログアウト、受け取り通知をお願いいたします。
・公演中止の場合のみ手数料を差し引いた金額を返金いたしますが、その他如何なる理由であっても返金は出来ませんのでご了承ください。
・トラブル防止の為日本語が通じる方でよろしくお願いいたします。
上記内容をご了承いただける方のみご購入をお願いいたします。",True,2026-07
4g1hxonzyq,1783676004422,naniwa-danshi-nd5,2026-09-05,18:00,朱鷺メッセ 新潟コンベンションセンター,electronic,female,公演日前日にログイン情報共有,K,5.0,,QR,2026-07-10 09:33:24,2026-08-27 16:01:18,,listing,1,65000,"初当選/初期当選/QR毎/重複すり替えなし
公演日の前日にログイン情報をお伝え致します
ランダムエラー、交通費の遅れ等による返金不可
公演中止の場合のみ返金対応",True,2026-07
4r4ula8jtn,1783942147438,naniwa-danshi-nd5,2026-09-05,18:00,朱鷺メッセ 新潟コンベンションセンター,electronic,female,同行,おりちゃん,5.0,,ランダム,2026-07-13 11:29:07,2026-08-27 16:01:18,,listing,1,11000,"FC先行 ランダム配布
開場20分前集合を予定しております
ランダム配布の為買い手様の座席選択はできません、こちらでさせて頂きます。
又、デジダルチケットの為チケットを発券するまで座席は未定です。
入場後チケットを一度全て回収させて頂きます、座席選択にお時間を頂きます
開演5〜10分前に再集合し買い手様へチケットをお渡しさせて頂く予定ですが、多少お時間が前後する場合もございます。
再集合する迄は自由に過ごして頂いて溝いません、再集合する場所等は入場後お伝え致します。
会場内での電波障害等が予想されます、連絡ボートが使えない場合や緊急でご連絡をさせて頂く場合に直接連絡の取れる電話番号をお伺いさせていただきますのでご協力頂きますようお願い致します。
記載してある通りランダム配布となりますので、お渡しするチケットの座席・チケットお渡しまでの時間等へのクレーム、他一切受付ません
ランダムエラー、買い手様都合のキャンセル等、他如何なる場合でも返金できかねますのでご了承ください
必ず受け取り評価をしていただきます。
購入された際は上記全て了承したものとします。",True,2026-07
sold_naniwa-danshi-nd5_1784131828278_52000,1784131828278,naniwa-danshi-nd5,2026-09-05,18:00,朱鷺メッセ 新潟コンベンションセンター,electronic,male,公演前日までにログイン情報お送りします,,,,,2026-07-15 16:10:28,2026-08-27 16:01:18,2026-08-27 07:17:28,sold,1,52000,"初期当選/単番/QRごと/重複すり替えなし/下三桁開示可/有効期限内/着ブロなし/郵送物戻りなし/過去エラーなし

・同行チェック可能
・公演前日にQR表示のた...",False,2026-07
urzcym51bz,1783932892540,naniwa-danshi-nd5,2026-09-05,18:00,朱鷺メッセ 新潟コンベンションセンター,electronic,female,同行,P,5.0,,番手,2026-07-13 08:54:52,2026-08-27 16:01:18,,listing,2,33000,"FC先行/全て初期当選/3名義中3番手/すり替えなし/有効期限内名義/下3桁提示可
会場付近で待ち合わせを行い同時入場。
入場後当方と2番手の方が選ばなかった2連のチケットをお渡しします。
座席確認等でお渡しにお時間かかる場合ございますが入場後10分程度でお譲り可能です。
★開場15分前の集合を考えております。
もし遅れそうな場合はご一報いただくようにお願いいたします。
★ランダムエラー、出演者変更、交通機関の大幅な遅延、ご本人様や連番の方の体調不良、音信不通などいかなる場合でも、ご本人都合の購入後の返金はいたしかねます。
★ご希望でしたらプライベート出品も対応させて頂きます。コメントお願いいたします。
日本人女性のみご購入お願いいたします。",True,2026-07
3f5asw4gi2,1784950780372,naniwa-danshi-nd5,2026-09-05,18:00,朱鷺メッセ 新潟コンベンションセンター,electronic,female,公演前日にログイン情報共有,ゆ,5.0,,QR,2026-07-25 03:39:40,2026-08-27 16:01:18,,listing,1,50000,"初期当選/QR毎/単番/下三桁提示可/有効期限内/発送物戻り無/過去エラー無/着ブロ希望なし
公演前日にログイン情報を共有します。同意チェックは買い手様の方で行っていただくようお願いします。入場後は速やかにログアウトをし、開演時間までに受け取り通知をしていただくようお願いします。
座席についてのクレームは一切お受けできません。
公演中止以外はいかなる場合でも返金はできません。
ランダムエラー、体調不良、交通機関の乱れ等は公演中止以外の如何なる理由でも返金はできかねます。
公演中止の場合のみ、手数料を差し引いた全額を返金します。
何かご不明点ありましたらお気軽に質問してください。",True,2026-07
sold_naniwa-danshi-nd5_1783653359932_48000,1783653359932,naniwa-danshi-nd5,2026-09-05,18:00,朱鷺メッセ 新潟コンベンションセンター,electronic,female,公演日5日前までにログイン情報お伝え,,,,,2026-07-10 03:15:59,2026-08-27 16:01:18,2026-08-27 07:17:28,sold,2,48000,"初期当選/有効期限内/重複すり替え無し/下3桁提示可

・公演中止以外はいかなる場合でも返金はできません。
・ランダムエラーや体調不良、交通機関の乱れ等は公演中...",False,2026-07
0iua1d0b09,1783671530987,naniwa-danshi-nd5,2026-09-05,18:00,朱鷺メッセ 新潟コンベンションセンター,electronic,female,QR毎,あお,4.9,,QR,2026-07-10 08:18:50,2026-08-27 16:01:18,,listing,2,68500,"即購入可/条件なし/QR毎/初期当選/第一希望当選/着ブロ無/発送物戻り無/Pay-easy決済/会員下3桁提示/有効期限内名義
・プラベル出品可(現在手数料無料)。その際はコメントください。
・公演前日夜までにメッセージにてログインに必要な情報をお伝えします。
・トラブル防止のため日本人の方でお願いいたします。
・ランダムエラーや体調不良、交通機関の遅れ等で入場できなかった場合でも受け取り評価をしていただきます 。公演中止以外いかなる場合も返金致しかねますのでご了承ください。
・入場後は速やかにログアウトし、開演前までに必ず受け取り評価をお願いします。",True,2026-07
tqtipvi3d7,1785425418353,naniwa-danshi-nd5,2026-09-05,18:00,朱鷺メッセ 新潟コンベンションセンター,electronic,female,同行,ゆ,5.0,,番手,2026-07-30 15:30:18,2026-08-27 16:01:18,,listing,1,35000,"2名義中2番手/有効期限内/下3桁提示可能/すり替えなし/着ブロ希望なし
承認後、プライベート出品に切り替えます。
・当日、開演30分前に会場付近にて待ち合わせのうえ、同時入場となります。詳細は連絡ボードにてご案内いたします。
・会場付近は電波状況が悪い可能性があるため、当日繋がるお電話番号のご提示をお願いいたします。
・入場時、購入者様の端末でのQR表示にご協力いただきます。
・入場後、チケットを一旦回収し当方が選ばなかったチケットを開演までにお渡しさせていただきます。
購入者様に座席の選択権はございません。
・体調不良、ランダムエラー、システムエラー、本人確認、交通機関の遅延、出演者の変更等いかなる場合でも返金およびキャンセルは受け付けておりません。
主催者による公演中止に限り手数料を引いた額返金いたします。
以上をご理解いただいたうえで、待ち合わせから退場まで盗撮録音等を一切しない方、QR画面以外開かない方のみご購入お願いいたします。
ご購入いただいた時点ですべての内容に同意とみなし、いかなる理由でもキャンセル不可となります。
なお、トラブル防止のため代理購入はお控えください。",True,2026-07
sold_naniwa-danshi-nd5_1783683575623_50000,1783683575623,naniwa-danshi-nd5,2026-09-05,18:00,朱鷺メッセ 新潟コンベンションセンター,electronic,female,前日に必要な情報共有,,,,,2026-07-10 11:39:35,2026-08-27 16:01:18,2026-08-27 07:17:28,sold,2,50000,QR毎　ランエラ、公演中止等は返金不可,False,2026-07
sold_naniwa-danshi-nd5_1783672296000_55000,1783672296000,naniwa-danshi-nd5,2026-09-05,18:00,朱鷺メッセ 新潟コンベンションセンター,electronic,female,QRコード毎,,,,,2026-07-10 08:31:36,2026-08-27 16:01:18,2026-08-27 07:17:28,sold,2,55000,"QR毎/初期当選/重複すり替え無し/下3桁提示可能/着ブ口指定なし/有効期限内名義/前回ドーム公演アリーナ名義/過去工ラーなし/発送物戻りなし
・入金確認後、下...",False,2026-07
jr1wkri5vj,1784558452468,naniwa-danshi-nd5,2026-09-05,18:00,朱鷺メッセ 新潟コンベンションセンター,paper,female,当日手渡し,ちぃ,5.0,,番手,2026-07-20 14:40:52,2026-08-27 16:01:18,,listing,2,75000,"3名義中2番手/すり替えなし/有効期限内/下三桁開示可/着ブロなし
公演当日会場にて待ち合わせの上、同時入場していただきます。遅刻された場合でも受取評価していただきます。集合の詳細は追ってご連絡いたします。
チケットお渡しの際に受け取り通知お願いいたします。入場後、当方が選んだ後にお選びいただきます。
購入後はキャンセル不可。中止の場合のみキャンセル可能です。
過去に経験はないですがエラー等で入場出来なかった場合もキャンセル不可、受取評価していただきます。
日本語がわからない方、代理購入不可ですので、ご理解お願いします。",True,2026-07
h6ioscjnkx,1783671163445,naniwa-danshi-nd5,2026-09-05,18:00,朱鷺メッセ 新潟コンベンションセンター,electronic,female,公演日前日にQRコード共有,T,5.0,,QR,2026-07-10 08:12:43,2026-08-27 16:01:18,,listing,1,57000,"初期当選/単番/QRごと/重複すり替えなし/下三桁開示可/有効期限内/着ブロ希望なし/郵送物戻りなし/過去エラーなし
※質問が多かったので記載しておきます。
前回当選のドーム公演はスタンド席でしたが、チケホルの登録期限を失念しておりそちらは見る事はできません。
・公演前日にQR表示のためのログイン情報を提示します
・入場後は速やかに受け取り評価をお願いいたします
・体調不良、交通機関の乱れ、出演者の変更等、取引成立後いかなる場合も買い手様都合でのキャンセルは対応いたしませんのでご了承ください
・座席に関するクレーム等一切対応いたしません
・ランダムエラー、本人確認などによる返金は行いません
・公式による公演中止の場合のみ手数料を差し引いた金額を返金します",True,2026-07
sold_naniwa-danshi-nd5_1783691632794_50000,1783691632794,naniwa-danshi-nd5,2026-09-05,18:00,朱鷺メッセ 新潟コンベンションセンター,electronic,female,同行,,,,,2026-07-10 13:53:52,2026-08-27 16:01:18,2026-08-27 07:17:28,sold,1,50000,"同行/下3桁提示可能/FC初期当選/本確可
20代大橋担(拒否無)です。

・連番内のお座席の選択は出来ません。当方座席選択後チケットをお渡ししますので、その場...",False,2026-07
m18s4lxfxw,1784273643606,naniwa-danshi-nd5,2026-09-05,18:00,朱鷺メッセ 新潟コンベンションセンター,electronic,female,公演前日にログイン情報共有,はな,5.0,,QR,2026-07-17 07:34:03,2026-08-27 16:01:18,,listing,1,70000,"QR毎/単番/初期当選/着席ブロック希望なし/有効期限内/重複すり替えなし/下3桁提示可
公演前日にログイン情報をお伝えいたします。
入場後は速やかにログアウトし、受け取り評価をお願い致します。
座席に関するクレームは一切お受けできません。
体調不良・ランダムエラー・本人確認等いかなる場合でもキャンセルや返金はいたしかねます。
公演中止の場合のみ手数料を差し引いた金額を返金いたします。",True,2026-07
sold_naniwa-danshi-nd5_1784873947170_36000,1784873947170,naniwa-danshi-nd5,2026-09-05,18:00,朱鷺メッセ 新潟コンベンションセンター,electronic,female,同行,,,,,2026-07-24 06:19:07,2026-08-27 16:01:18,2026-08-27 07:17:28,sold,1,36000,"2名義中2番手(単番)
初期当選/有効期限内/重複すり替え無し/下3桁提示可

会場付近に開場時間20分前に集合し、同時入場していただきます。",False,2026-07
sold_naniwa-danshi-nd5_1785399862829_9000,1785399862829,naniwa-danshi-nd5,2026-09-05,18:00,朱鷺メッセ 新潟コンベンションセンター,electronic,female,同行,,,,,2026-07-30 08:24:22,2026-08-27 16:01:18,2026-08-27 07:17:28,sold,1,9000,"⭐️指定席のみ⭐️ランダム配布【+0.5上乗せで15分前早渡し可能】

プラベルに変更でお値下げ可能(ご相談ください)

ファンクラブ先行のチケットを複数所持し...",False,2026-07
cdetcadcz7,1783900490469,naniwa-danshi-nd5,2026-09-05,18:00,朱鷺メッセ 新潟コンベンションセンター,electronic,female,🌟ランダム🌟,も,5.0,,ランダム,2026-07-12 23:54:50,2026-08-27 16:01:18,,listing,2,25000,"💫中相場買取可能💫
必ずランダム配布に理解がある方のみご購入ください。
日本語のわかる日本人女性のみご購入ください。
お子様連れの方は購入ご遠慮ください
複数名義所持の為、同時入場後に一度チケットを回収させて頂きます。チケットは迅速にお渡し出来るように致しますが座席選択にお時間を頂きますことご了承ください。
チケットをお渡しする際にその場で受け取り連絡をお願いいたします。
当日は事前に連絡ボードでお伝えする指定した時間、場所にお集まり頂きます。複数人での入場になるため遅刻厳禁でお願いいたします。
お座席のクレーム等は一切受付致しません。
体調不良などによるキャンセルは一切受け付けません。
公演中止の場合のみ、手数料等を引いた額を返金いたします。遅刻、当日のランダムエラーや本人確認、出演者の不在等、公演中止以外の如何なる理由でも返金は致しません。
代理購入等はトラブルを避けるためにもご遠慮ください。必ず購入者様本人がお越し頂くようお願いいたします。
以上の点を全てご理解頂ける場合のみご購入ください",True,2026-07
7ygl2vu9la,1785396065420,naniwa-danshi-nd5,2026-09-05,18:00,朱鷺メッセ 新潟コンベンションセンター,electronic,female,同時入場,ち,5.0,,番手,2026-07-30 07:21:05,2026-08-27 16:01:18,,listing,1,39000,"2名義中2番手/単番/下3桁提示可/すり替えなし/FC先行/初期当選/有効期限内/
復活当選・制作開放は含まれません。
当日は会場付近にて開場時間の10分程前に集合となります。同意チェック、QRコード表示はこちらで行います。
入場後は、当方がチケットを回収し、座席を選択後、チケットをお渡しいたします。
必ず【時間厳守】でお願いいたします。集合時間に間に合うよう、当日お時間に余裕のある方のみご購入ください。
集合時間に大幅に遅れた場合は、先に入場させていただきます。その際の返金対応は一切いたしません。
公演中止の際は、返金いたします。
遅刻、体調不良、本人確認、ランダムエラー、システムエラー、担当不在等、公演中止以外のいかなる理由でもキャンセル、返金はいたしませんので、予めご了承ください。",True,2026-07
x3nzv1bpyq,1785407755907,naniwa-danshi-nd5,2026-09-05,18:00,朱鷺メッセ 新潟コンベンションセンター,electronic,female,同行,し,5.0,,同行,2026-07-30 10:35:55,2026-08-27 16:01:18,,listing,1,50000,"重複すり替えなし/初期当選/有効期限内/下3桁提示可/大橋担不可/連番内での座席選択不可/サイチェン不可
開場時間に集合予定
公演中止・延期以外のいかなる場合もキャンセル返金不可です
プラベルにて出品いたしますので、購入希望の方はメッセージをお送りください",True,2026-07
vzybthcv15,1784613995361,naniwa-danshi-nd5,2026-09-05,18:00,朱鷺メッセ 新潟コンベンションセンター,electronic,female,同行,や,5.0,,ランダム,2026-07-21 06:06:35,2026-08-27 15:01:14,,deleted,2,30000,"☆ランダム配布☆
・複数名義当選のため、開場30分前に会場付近に集合していただき、同時入場後、当方にチケットをお渡し下さい。
その後一旦解散。
・開演10分前までに指定場所にてチケットをお渡しいたします。
サイト通しの方は必ず受取連絡を行っていただきます。
座席等に関するクレームは一切お受けいたしません。
・スムーズにお取引できるよう必ず時間厳守でお願いいたします。
・上乗せで早渡し、相場買取可能となっております。その場合は先に申し付けください。
・交通機関の乱れ、体調不良等、如何なる理由であれ遅刻は認めません。遅刻の場合でも先に入場いたしますが、その場合も必ず精算をしていただきます。
・主催者側からの公演中止の発表があった場合は、取引中止（全額ご返金）いたします。
・公演中止以外の如何なる理由（公共交通機関の遅延含む遅刻、体調不良、ランダムエラー、本人確認、メンバーの欠員等）であってもキャンセル返金対応は出来かねます。必ず受取評価をしていただきます。公演中止の場合のみ手数料差し引いた金額を返金いたします。
・チケットお渡しまでにお時間をいただきますが、必ず開演10分前には間に合うようにお渡しいたします。
・当日まで座席未定のため座席に関するクレームや返金対応は一切お受けできません。
・当日電波不慮の際に連絡が必要になる可能性がありますので、電話番号の交換をさせていただきます。ご提示が不可な方の購入はお控えください。
当日会場で連絡が取れる電話番号をお持ちで無い方も購入はお控えください。
・代理購入は不可ですので、必ず購入者自身が購入・入場してください。",True,2026-07
9w1leg4z53,1785321421019,naniwa-danshi-nd5,2026-09-05,18:00,朱鷺メッセ 新潟コンベンションセンター,electronic,female,4名義中4番手,R,5.0,,番手,2026-07-29 10:37:01,2026-08-27 16:01:18,,listing,2,30000,"4名義中4番手
FC先行/初期当選/QR下3桁提示/有効期限内/すり替えなし/着ブロ希望なし/初当選.前回スタンド名義のみ
プライベート出品に切り替えますので購入前に必ずメッセージをお願いいたします。
・開演30分～1時間前に会場付近にて待ち合わせし、同時入場お願いいたします。詳しい待ち合わせ時間や場所は連絡ボードにてご連絡いたします。
・チケットは一度回収しこちらで座席確認、場合によってはチケット回収を行わず同行していただき座席選択した後、4番手でチケットをお選びいただきます。チケットのお渡しに時間がかかる場合もありますのでご了承ください。座席に関するクレームは一切お受けできません。
開演に間に合うようにチケットをお渡しいたします。
※注意事項
・待ち合わせに5分以上遅刻された場合待たずに入場いたします。その場合も受取連絡していただきますのでご了承ください。
・買い手様都合のキャンセル、体調不良、本人確認、ランダムエラ一、交通機関の遅延、電波通信障害、出演者の変更、欠席などいかなる場合も返金対応やキャンセルはいたしかねます。公演中止の場合のみ手数料を差し引いた金額を返金いたします。
・公演中止以外はいかなる理由があっても必ず受取通知をしていただきます。
・トラブル防止のため代理購入不可とします。必ず当日いらっしゃる方が落札をお願いいたします。
ご購入いただいた時点で上記の内容を全て了承いただいたものとみなします。上記を了承いただける成人済の日本人女性のみご購入お願いします。",True,2026-07
sold_naniwa-danshi-nd5_1785382434850_52000,1785382434850,naniwa-danshi-nd5,2026-09-05,18:00,朱鷺メッセ 新潟コンベンションセンター,electronic,female,公演日前日にログイン情報共有,,,,,2026-07-30 03:33:54,2026-08-27 16:01:18,2026-08-27 07:17:28,sold,2,52000,"QR毎・初期当選・有効期限内・過去エラー郵送物戻りなし

・公演前日にQR表示のためのログイン情報を提示します
・入場後は速やかに受け取り評価をお願いいたします...",False,2026-07
0mne7imla7,1783662276335,naniwa-danshi-nd5,2026-09-05,18:00,朱鷺メッセ 新潟コンベンションセンター,electronic,female,公演前日にログイン情報共有,あちゃん,4.8,,QR,2026-07-10 05:44:36,2026-08-27 16:01:18,,listing,2,53000,"初期当選/下3桁提示可能/有効期限内/すり替え無し/サイチェン可能/着ブロ指定なし/過去同一名義エラーなし
・公演前日に取引メッセージにてログインに必要な情報をお伝えします
・同行者の入場チェックのみログイン情報提示の際にこちらでさせていただきます
・代表者同意チェックはご自身で行なってください
・ランダムエラーや体調不良、交通機関の遅れ等で入場できなかった場合でも受け取り評価をしていただきます 。公演中止以外いかなる場合も返金致しかねますのでご了承ください(本人確認で退場させられた場合も同様です)
・入場後は速やかにログアウトし、開演前までに必ず受け取り評価をお願いします",True,2026-07
bnezckvu36,1785418939703,naniwa-danshi-nd5,2026-09-05,18:00,朱鷺メッセ 新潟コンベンションセンター,electronic,female,同行,や,5.0,,番手,2026-07-30 13:42:19,2026-08-27 16:01:18,,listing,2,42000,"☆5名義中4番手☆
初期当選のみ／下3桁掲示可
・入場後一度チケットを回収させていただき座席確認後、当方と2-3番手の買い手様が選ばなかった2連のチケットをお渡しいたします。
・スムーズにお渡しするためお電話番号をお伺いいたします。
・チケットをお渡ししたらその場で必ず受け取り評価をしていただきます。
その際お渡ししたチケットの座席のクレームは一切受け付けておりません。
詳しい待ち合わせ時間・場所等は、公演前日までにお知らせします。
※当日QR表示の為端末をお借りすることがございます。表示可能な端末をご持参ください。
※必ず遅刻厳禁でお願いいたします。集合場所へは余裕を持って到着するようご協力お願い致します。
※公演中止以外の如何なる理由（公共交通機関の遅延含む遅刻、体調不良、ランダムエラー、本人確認、メンバーの欠員等）であってもキャンセル返金対応は出来かねます。必ず受取評価をしていただきます。公演中止の場合のみ手数料差し引いた金額を返金いたします。
以上記載にご了承いただける日本人女性のみご購入手続きをお願いいたします。
ご不明な点がございましたらお気軽にコメントにてお知らせください。",True,2026-07
942thq72nb,1783658595147,naniwa-danshi-nd5,2026-09-05,18:00,朱鷺メッセ 新潟コンベンションセンター,electronic,female,公演日前日ログイン情報お伝え,らら,5.0,,QR,2026-07-10 04:43:15,2026-08-27 16:01:18,,listing,2,65000,"QR毎/初期当選/重複すり替え無し/下3桁提示可能/着ブロ指定なし/有効期限内名義/前回スタンド名義/発送物戻りなし
※プライベート出品に変更しますので購入ご希望の方はご連絡ください。
・入金確認後、下3桁提示いたします。
・公演中止以外はいかなる場合でも返金はできません。
・ランダムエラーや体調不良、交通機関の乱れ等は公演中止以外の如何なる理由でも返金はできかねます。
・詳細は公演前日にログインに必要な情報を連絡ボードにてお知らせします。
・入場後は速やかにログアウト、および開演時間までに受け取り通知をお願いいたします。
・座席についてのクレームは一切お受けできません。",True,2026-07
yz34ybac6s,1785367533727,naniwa-danshi-nd5,2026-09-05,18:00,朱鷺メッセ 新潟コンベンションセンター,electronic,female,公演前日にログイン情報提示,@,5.0,,QR,2026-07-29 23:25:33,2026-08-27 16:01:18,,listing,1,50000,"【プラベルにて出品させていただきますのでメッセージお願いいたします。】
初期当選/有効期限内/下3桁提示可
・座席に関するクレームはお控えください。
・当日入場後は速やかにログアウト、受け取り通知をお願いいたします。
・公演中止の場合のみ手数料を差し引いた金額を返金いたしますが、その他如何なる理由であっても返金は出来ませんのでご了承ください。
・トラブル防止の為日本語が通じる方でよろしくお願いいたします。
上記内容をご了承いただける方のみご購入をお願いいたします。",True,2026-07
c0gh2a28la,1785236854973,naniwa-danshi-nd5,2026-09-05,18:00,朱鷺メッセ 新潟コンベンションセンター,electronic,female,同行,さ,5.0,,同行,2026-07-28 11:07:34,2026-08-27 16:01:18,,listing,1,53000,"当方と同行になります。
道枝担の購入ご遠慮ください。
初期当選│有効期限内│下3桁提示可能│発送物戻りなし│重複なし｜
道枝担以外とのサイチェン可│入場後はお好きにしていただいて構いません。
・開場時間1時間前頃に集合し当方と同時入場していただきます。詳細は公演日迫りましたらお知らせします。
・連番内の座席は当方が選択させていただきます。
・体調不良、交通機関の遅延などご購入者様の都合によるキャンセルはいかなる場合もできません。遅刻や入場できなかった場合も受け取り通知はしていただきます。
・ランダムエラー、本人確認、その他ご購入様都合の如何なる場合でも返金は受け付けません。
・公演中止以外の、メンバーの不在及び構成の変更、入場時のシステムエラー、座席に関するクレーム、トラブルなど如何なる場合でも返金は対応いたしません。
・こまめに連絡できる方、日本語の分かる女性のみご購入お願いいたします。
・ご購入後、当日連絡のつくLINE、電話番号の交換をお願いする場合がございます。
よろしくお願いいたします。",True,2026-07
go9c30g29g,1783651133805,naniwa-danshi-nd5,2026-09-05,18:00,朱鷺メッセ 新潟コンベンションセンター,electronic,female,QR毎,S,5.0,,ランダム記載あり,2026-07-10 02:38:53,2026-08-27 16:01:18,,listing,2,42000,"QR毎/初期当選/重複すり替え無し/下3桁提示可能/着ブロ指定なし/有効期限内名義/前回スタンド名義/過去エラーなし/発送物戻りなし
当選歴(2公演のみでどちらもスタンド)
・入金確認後、下3桁提示いたします。
・公演中止以外はいかなる場合でも返金はできません。
・ランダムエラーや体調不良、交通機関の乱れ等は公演中止以外の如何なる理由でも返金はできかねます。
・詳細は公演前日にログインに必要な情報を連絡ボードにてお知らせします。
・入場後は速やかにログアウト、および開演時間までに受け取り通知をお願いいたします。
・座席についてのクレームは一切お受けできません。",True,2026-07
82ma4hpqqn,1783682213577,naniwa-danshi-nd5,2026-09-05,18:00,朱鷺メッセ 新潟コンベンションセンター,paper,female,２名義中２番手,イチゴ,5.0,,番手,2026-07-10 11:16:53,2026-08-27 16:01:18,,listing,2,36000,"2名義中2番手/有効期限内
公演当日、開場時間前に会場付近で待ち合わせし同時入場していただきます。遅刻された場合は待たずに入場致しますが、その場合も受け取り評価をしていただきますので予めご了承ください。詳しい待ち合わせ場所などは、公演日までに取引メッセージにてご連絡させていただきます。
当日入場時のみお連れ様と分かれてご入場いただきますが、必ず連番のチケットをお渡しいたします。
同時入場後、座席選択にお時間を頂く場合がございます。当方が座席選択後、選ばなかった方のチケットをお渡ししますので、その際にその場で受け取り評価をお願いいたします。
お席についてのクレーム等はお受けできませんので予めご了承ください。録画等名義に傷がつく可能性のある行為はお控えください。
公演中止以外のいかなる理由(購入者の体調不良、遅刻、出演者の変更、ランダムエラー他)であっても返金、キャンセル不可です。公演中止の場合以外は必ず受け取り評価をしていただきます。
公演中止の場合のみ手数料を引いたチケット代を返金させていただきます。
上記の内容を全てご理解いただいた上で、日本語の通じる女性のみご購入をお願いいたします。
ご不明点ございましたら気軽にコメントしてください。",True,2026-07
t1bq1y2bpk,1783883732379,naniwa-danshi-nd5,2026-09-05,18:00,朱鷺メッセ 新潟コンベンションセンター,electronic,female,同行,k.,5.0,,ランダム,2026-07-12 19:15:32,2026-08-27 16:01:18,,listing,1,10400,"FC先行 ランダム配布
16時半頃待ち合わせを予定しております
ランダム配布の為買い手様の座席選択はできません、こちらでさせて頂きます。
又、デジダルチケットの為チケットを発券するまで座席は未定です。
入場後チケットを一度全て回収させて頂きます、座席選択にお時間を頂きます
開演5~10分前に再集合し買い手様へチケットをお渡しさせて頂く予定ですが、多少お時間が前後する場合もございます。
再集合する迄は自由に過ごして頂いて溝いません、再集合する場所等は入場後お伝え致します。
会場内での電波障害等が予想されます、連絡ボートが使えない場合や緊急でご連絡をさせて頂く場合に直接連絡の取れる電話番号をお伺いさせていただきますのでご協力頂きますようお願い致します。
記載してある通りランダム配布となりますので、お渡しするチケットの座席・チケットお渡しまでの時間等へのクレーム、他一切受付ません
ランダムエラー、買い手様都合のキャンセル等、他如何なる場合でも返金できかねますのでご了承ください
必ず受け取り評価をしていただきます
購入された際は上記全て了承したものとします",True,2026-07
sold_naniwa-danshi-nd5_1783864167544_47000,1783864167544,naniwa-danshi-nd5,2026-09-05,18:00,朱鷺メッセ 新潟コンベンションセンター,electronic,female,公演日3日前までにログイン情報共有,,,,,2026-07-12 13:49:27,2026-08-27 16:01:18,2026-08-27 07:17:28,sold,2,47000,"QR毎/初期当選/下3桁提示可能/有効期限内
エラーなし/発送物戻りなし
前回スタンド当選

・入金確認後、下3桁提示いたします。
・公演中止以外はいかなる場合...",False,2026-07
sold_naniwa-danshi-nd5_1783843431039_50000,1783843431039,naniwa-danshi-nd5,2026-09-05,18:00,朱鷺メッセ 新潟コンベンションセンター,electronic,female,公演前日QRコード共有,,,,,2026-07-12 08:03:51,2026-08-27 16:01:18,2026-08-27 07:17:28,sold,1,50000,"QR毎/初期当選/有効期限内/下3桁提示可/郵送物戻りなし/同一クレカなし

公演日の前日にログイン情報をお伝えします。
ログイン情報は他の方にお伝えせずご入場...",False,2026-07
t0tqd3os7j,1785020424953,naniwa-danshi-nd5,2026-09-05,18:00,朱鷺メッセ 新潟コンベンションセンター,electronic,female,番手,P,5.0,,番手,2026-07-25 23:00:24,2026-08-27 16:01:18,,listing,2,42000,"FC先行/全て初期当選/3名義中2番手/すり替えなし/有効期限内名義/下3桁提示可
会場付近で待ち合わせを行い同時入場。
入場後当方が選ばなかった2名義の座席(2連)からお好きな方お選び下さい。
座席確認等でお渡しにお時間かかる場合ございますが入場後10分程度でお譲り可能です。
★開場15分前の集合を考えております。
もし遅れそうな場合はご一報いただくようにお願いいたします。
★ランダムエラー、出演者変更、交通機関の大幅な遅延、ご本人様や連番の方の体調不良、音信不通などいかなる場合でも、ご本人都合の購入後の返金はいたしかねます。
★ご希望でしたらプライベート出品も対応させて頂きます。コメントお願いいたします。
日本人女性のみご購入お願いいたします。",True,2026-07
wxoscacu3s,1783669627366,naniwa-danshi-nd5,2026-09-05,18:00,朱鷺メッセ 新潟コンベンションセンター,electronic,female,公演前日にログイン情報お伝え,みかん,5.0,,QR,2026-07-10 07:47:07,2026-08-27 16:01:18,,listing,2,50000,"FC先行/QR毎/下3桁提示可能/重複すり替えなし/有効期限内
公演日前日にログイン情報をお伝えします。
入場後は開演前までにログアウトと受け取り評価をお願い致します。
お座席に関してのクレーム等一切お受けいたしません。
本人確認、システムエラー等でご入場できなかった場合でも受け取り評価はしていただきます。
交通機関の乱れ、体調不良、出演者の変更等ご購入者様の如何なる都合においてもご購入後のキャンセルは致しかねます。
名義を汚すような行為（盗撮や違反行為）はお辞めください。
上記内容にご理解いただける日本人女性のみご購入ください。",True,2026-07
pwysgp3r0y,1783691555603,naniwa-danshi-nd5,2026-09-05,18:00,朱鷺メッセ 新潟コンベンションセンター,electronic,female,3名義中3番手,a,5.0,,番手,2026-07-10 13:52:35,2026-08-27 16:01:18,,listing,2,31000,"購入決定後プライベート出品に切り替えるため、購入希望の際はコメントをお願い致します。
3名義中3番手/初期当選/すり替えなし/下3桁提示可
3名義中3番手になります。
開演1時間半～1時間前に集合予定です。
詳細はメッセージボードにて連絡します。
同時入場後にチケットを回収し当方が選ばなかった3番手のチケットをお渡しします。
入場の際に同行者様とバラバラで入場となる場合もございますが、
2枚連番で購入された場合は連番のチケットをお渡しします。
目の前で受取評価して頂けない場合はチケットのお渡しはできません。
受取評価後チケットをお渡しします。すり替えはありません。
座席確認の際、一旦指定場所にてお待ちいただく可能性がございますがなるべく早くお渡しします。
QRコード表示のお願いをする場合がございますのでご協力頂ける方でお願いいたします。
チケットお渡しの際、受け取り連絡をお願い致します。
名義に傷をつける行為はしないでください。
ランダムエラー、遅刻、体調不良、本確等、公演中止以外の如何なる場合も返金は一切出来かねますのでご了承ください。
その場合でも受け取り完了連絡はしていただきます。
当日までスムーズに連絡の取れる方でお願いします。
上記に全てご承諾いただけたものとして、お取引をさせていただきます。",True,2026-07
ajq735u06v,1784125278429,naniwa-danshi-nd5,2026-09-05,18:00,朱鷺メッセ 新潟コンベンションセンター,paper,female,当日手渡し,ちぃ,5.0,,番手,2026-07-15 14:21:18,2026-08-27 16:01:18,,listing,2,49500,"3名義中3番手/すり替えなし/有効期限内/下三桁開示可/着ブロなし
公演当日会場にて待ち合わせの上、同時入場していただきます。遅刻された場合でも受取評価していただきます。集合の詳細は追ってご連絡いたします。
チケットお渡しの際に受け取り通知お願いいたします。入場後、当方と2番手の方々が選んだ後にお渡しです。
サイチェン等はして頂いて大丈夫です。
購入後はキャンセル不可。中止の場合のみキャンセル可能です。
過去に経験はないですがエラー等で入場出来なかった場合もキャンセル不可、受取評価していただきます。
日本語がわからない方、代理購入不可ですので、ご理解お願いします。",True,2026-07
5y64al8urq,1784897173056,naniwa-danshi-nd5,2026-09-05,18:00,朱鷺メッセ 新潟コンベンションセンター,electronic,female,公演前日にログイン情報共有,m,5.0,,QR,2026-07-24 12:46:13,2026-08-27 16:01:18,,listing,2,40000,"QR毎/初期当選/下3桁提示可/有効期限内/着ブロ希望無/返送物戻り無/重複すり替え無
公演前日の夜に連絡ボードにてログインに必要な情報をお伝えします。入場はご自身の端末でQRを表示してご入場ください。
入場後は速やかにログアウト、必ず開演までに受取連絡をお願いします。
公演中止の場合のみ、チケテンの規約に基づき返金いたします。
公演中止以外の理由(ランダムエラー、赤線エラー、QR表示ミス、本人確認、体調不良、交通機関の遅延、出演者の変更など)如何なる場合も返金、キャンセル対応はいたしません。受取連絡はしていただきますので予めご了承ください。
ご購入後のキャンセルはご遠慮ください。
上記にすべて同意、ご理解いただける方のみご購入をお願いいたします。",True,2026-07
0z9xneg9et,1785150664852,naniwa-danshi-nd5,2026-09-05,18:00,朱鷺メッセ 新潟コンベンションセンター,electronic,female,公演前日にログイン情報共有,ュ,5.0,,QR,2026-07-27 11:11:04,2026-08-27 16:01:18,,listing,1,58000,"QR毎/復活当選/期限内/下三桁提示可/重複同一支払いなし/郵送物戻りなし/過去エラーなし
公共交通機関の乱れ、ランダムエラー等公演中止以外のいかなる理由もキャンセル、返金不可です。
公演前日にログイン情報共有し、当日ご入場後は速やかにログアウト受取通知をお願いいたします。
座席に関するクレーム等一切お受けいたしませんので、全てにご理解の上ご購入ください。
プライベート出品希望の方はメッセージにてご連絡くださればご対応いたします。",True,2026-07
2sax1om8im,1783883794627,naniwa-danshi-nd5,2026-09-05,18:00,朱鷺メッセ 新潟コンベンションセンター,electronic,none,同行,k.,5.0,,ランダム,2026-07-12 19:16:34,2026-08-27 16:01:18,,listing,2,20700,"FC先行 ランダム配布
16時半頃待ち合わせを予定しております
ランダム配布の為買い手様の座席選択はできません、こちらでさせて頂きます。
又、デジダルチケットの為チケットを発券するまで座席は未定です。
入場後チケットを一度全て回収させて頂きます、座席選択にお時間を頂きます
開演5~10分前に再集合し買い手様へチケットをお渡しさせて頂く予定ですが、多少お時間が前後する場合もございます。
再集合する迄は自由に過ごして頂いて溝いません、再集合する場所等は入場後お伝え致します。
会場内での電波障害等が予想されます、連絡ボートが使えない場合や緊急でご連絡をさせて頂く場合に直接連絡の取れる電話番号をお伺いさせていただきますのでご協力頂きますようお願い致します。
記載してある通りランダム配布となりますので、お渡しするチケットの座席・チケットお渡しまでの時間等へのクレーム、他一切受付ません
ランダムエラー、買い手様都合のキャンセル等、他如何なる場合でも返金できかねますのでご了承ください
必ず受け取り評価をしていただきます
購入された際は上記全て了承したものとします",True,2026-07
sold_naniwa-danshi-nd5_1783694508243_47000,1783694508243,naniwa-danshi-nd5,2026-09-05,18:00,朱鷺メッセ 新潟コンベンションセンター,electronic,female,公演日前日にログイン情報送付,,,,,2026-07-10 14:41:48,2026-08-27 16:01:18,2026-08-27 07:17:28,sold,1,47000,"初期当選/単番/QRごと/重複すり替えなし/下三桁開示可/有効期限内/着ブロなし/郵送物戻りなし/過去エラーなし

・同行チェック可能
・過去ツアー、スタンド中...",False,2026-07
sold_naniwa-danshi-nd5_1784518785528_45000,1784518785528,naniwa-danshi-nd5,2026-09-05,18:00,朱鷺メッセ 新潟コンベンションセンター,electronic,female,公演日前日までにQRコード共有,,,,,2026-07-20 03:39:45,2026-08-27 16:01:18,2026-08-27 07:17:28,sold,2,45000,"QR毎/初期当選/下3桁提示可/有効期限内/着ブロ希望無/返送物戻り無/重複すり替え無

公演前日の夜に連絡ボードにてログインに必要な情報をお伝えします。入場は...",False,2026-07
fr07do63t3,1784457300542,naniwa-danshi-nd5,2026-09-05,18:00,朱鷺メッセ 新潟コンベンションセンター,electronic,female,公演前日にログイン情報提示,ゆ,5.0,,ランダム記載あり,2026-07-19 10:35:00,2026-08-27 16:01:18,,listing,1,56000,"FC先行 / 女性名義 / 初期当選 / 有効期限内
QR毎のお譲り / 取引後下3桁提示可能 / すり替えなし
公演前日にログイン情報をお送りさせていただく形になります。
【条件】
①QR毎のお譲りになります。公演後は必ずログアウトをしていただきます。
またログイン後の個人情報の悪用は絶対におやめ下さい。
②連絡先の交換をさせていただきます。
電話番号の交換をお願いいたします。
③座席は未定です。どこの座席でも楽しんでいただける方に限らせていただきます。クレーム等はお受け致しません。
④公演入場後すぐに必ず受け取り評価をお願いいたします。
上記の条件をお守りいただける方にお譲りしたいと考えております。ご検討をお願いいたします。
・体調不良、交通機関の乱れ、出演者の変更等、取引成立後いかなる場合も買い手様都合でのキャンセルは対応いたしませんのでご了承ください
・ランダムエラー、本人確認などによる返金は行いません
・公式による公演中止の場合のみ手数料を差し引いた金額を返金します",True,2026-07
sold_naniwa-danshi-nd5_1784131531191_50000,1784131531191,naniwa-danshi-nd5,2026-09-06,13:00,朱鷺メッセ 新潟コンベンションセンター,electronic,female,公演前日にログイン情報お送りします,,,,,2026-07-15 16:05:31,2026-08-27 16:01:18,2026-08-27 07:17:28,sold,1,50000,"初期当選/単番/QRごと/重複すり替えなし/下三桁開示可/有効期限内/着ブロなし/郵送物戻りなし/過去エラーなし

・同行チェック可能
・公演前日にQR表示のた...",False,2026-07
5pxyaksus3,1783965046569,naniwa-danshi-nd5,2026-09-06,13:00,朱鷺メッセ 新潟コンベンションセンター,electronic,female,同行,り,4.6,,同行,2026-07-13 17:50:46,2026-08-27 16:01:18,,listing,1,55000,"同行　すり替えなし 初期当選
有効期限内 下3桁提示可能
ランダムエラー、体調不良、公共交通機関の乱れ等、如何なる場合でもキャンセルは不可能でございます。
よろしくお願いいたします。",True,2026-07
1rt18683ew,1783883848134,naniwa-danshi-nd5,2026-09-06,13:00,朱鷺メッセ 新潟コンベンションセンター,electronic,none,同行,k.,5.0,,ランダム,2026-07-12 19:17:28,2026-08-27 16:01:18,,listing,2,20700,"FC先行 ランダム配布
16時半頃待ち合わせを予定しております
ランダム配布の為買い手様の座席選択はできません、こちらでさせて頂きます。
又、デジダルチケットの為チケットを発券するまで座席は未定です。
入場後チケットを一度全て回収させて頂きます、座席選択にお時間を頂きます
開演5~10分前に再集合し買い手様へチケットをお渡しさせて頂く予定ですが、多少お時間が前後する場合もございます。
再集合する迄は自由に過ごして頂いて溝いません、再集合する場所等は入場後お伝え致します。
会場内での電波障害等が予想されます、連絡ボートが使えない場合や緊急でご連絡をさせて頂く場合に直接連絡の取れる電話番号をお伺いさせていただきますのでご協力頂きますようお願い致します。
記載してある通りランダム配布となりますので、お渡しするチケットの座席・チケットお渡しまでの時間等へのクレーム、他一切受付ません
ランダムエラー、買い手様都合のキャンセル等、他如何なる場合でも返金できかねますのでご了承ください
必ず受け取り評価をしていただきます
購入された際は上記全て了承したものとします",True,2026-07
sold_naniwa-danshi-nd5_1785161581274_32000,1785161581274,naniwa-danshi-nd5,2026-09-06,13:00,朱鷺メッセ 新潟コンベンションセンター,electronic,female,同行,,,,,2026-07-27 14:13:01,2026-08-27 16:01:18,2026-08-27 07:17:28,sold,2,32000,"2名義中2番手/初期当選/下3桁提示可/有効期限内/すり替えなし

公演当日の開場前に集合し、同時に入場していただきます。詳しい待ち合わせについては公演日近くに...",False,2026-07
hqbv8ulipy,1785159468107,naniwa-danshi-nd5,2026-09-06,13:00,朱鷺メッセ 新潟コンベンションセンター,electronic,female,公演前日の夕方までにQRコード共有,マキ,5.0,,QR,2026-07-27 13:37:48,2026-08-27 16:01:18,,listing,2,52500,"座席未定/QR毎/有効期限内/発送物戻り無/すり替え無し下3桁提示可/初期当選/着ブロ選択無
公演日前日（夕方まで）にメッセージにてログイン情報をお伝えします。
開場後、開演前迄に、速やかに受取とログアウトのご報告をお願いします。
入場時の撮影行為・券面のSNS掲載・座席での迷惑行為はご遠慮ください。
公演中止の場合は手数料を差し引いた金額が返金となります。公演中止以外で返金は出来かねます。
体調不良・公共交通機関の遅れ・出演者の変更・同行者チェックのミス・ランダムエラー等いかなる場合でも返金、キャンセルは不可です。万が一入場ができなかった場合でも受取はしていただきます。
お席のクレーム等は一切お受けできません。代理での購入はご遠慮ください。
上記ご理解いただいた上でご購入希望の方は、プライベート出品に変更いたしますので、メッセージをお願いいたします。",True,2026-07
2ftsmdt889,1785157464256,naniwa-danshi-nd5,2026-09-06,13:00,朱鷺メッセ 新潟コンベンションセンター,electronic,female,同行,🐱,5.0,,番手,2026-07-27 13:04:24,2026-08-27 16:01:18,,listing,1,45000,"6名義中4番手/単番×6/初期当選/すり替えなし/下3桁提示可/有効期限内
プライベート出品に切り替えますので購入前に必ずメッセージをお願いします。
◾︎開場30分前を目安に会場付近にて待ち合わせし、同時入場お願いいたします。
※待ち合せ時間、待ち合せ場所の詳細は公演当日までに取引メッセージにてご連絡させていただきます。
◾︎入場後は一度チケットを回収し、当方から3番手の方までが選ばなかった3枚からチケットを選んで頂きます。
◾︎チケット受け渡しの際は速やかに入場報告をお願いいたします。
◾︎座席確認のためお時間いただく可能性もございますが、できる限りお早めにお渡しできるよう努めます。
◾︎座席に関するクレームは一切受け付けません。
◾︎円滑にチケットのお渡しができるようお電話番号をお伺いする場合がございます。
◾︎発券ゲートが分かれた場合チケット持ち逃げ防止のために身分証を一時的にお預かりさせて頂きますので必ずお持ち頂くようお願いいたします。集合時に購入者様の目の前で封筒に入れ、チケット受け渡し時に速やかに返却いたします。
◾︎当日は時間厳守で集合をお願いいたします。ご購入者様の遅刻は到着を待たずに入場させていただきますが、その場合も入場報告をしていただきます。お時間に余裕を持ってお越しください。
◾︎出演者変更、入場時のランダムエラー、本人確認、交通機関の遅延、体調不良、座席などへのクレームでの返金は一切致しかねます。
◾︎トラブル防止のため代理購入不可です。
必ず当日いらっしゃる方が購入をお願いいたします。
◾︎公演中止以外ではいかなる理由でもキャンセル、返金は承れません。
上記を了承いただける日本人女性のみご購入お願いします。",True,2026-07
re0mu73zl7,1785407001965,naniwa-danshi-nd5,2026-09-06,13:00,朱鷺メッセ 新潟コンベンションセンター,electronic,female,公演前日にログイン情報共有,あや,5.0,,QR,2026-07-30 10:23:21,2026-08-27 16:01:18,,listing,2,53000,"座席未定/QR毎/有効期限内/すり替え無し下3桁提示可/初期当選/着ブロ選択無/取引多数経験あり
公演日前日にメッセージにてログイン情報をお伝えします。
同行者登録はこちらで行います
開場後、開演前迄に、速やかに受取とログアウトのご報告をお願いします。
入場時の撮影行為・券面のSNS掲載・座席での迷惑行為はご遠慮ください。
体調不良・公共交通機関の遅れ・出演者の変更・ランダムエラー等いかなる場合でも返金、キャンセルは不可です。万が一入場ができなかった場合でも受取はしていただきます。
お席のクレーム等は一切お受けできません。代理での購入はご遠慮ください。
上記ご理解いただいた上でご購入希望の方は、プライベート出品に変更いたしますので、メッセージをお願いいたします。",True,2026-07
sold_naniwa-danshi-nd5_1783658660309_29800,1783658660309,naniwa-danshi-nd5,2026-09-06,13:00,朱鷺メッセ 新潟コンベンションセンター,electronic,female,公演日7日前までにQRコード共有,,,,,2026-07-10 04:44:20,2026-08-27 16:01:18,2026-08-27 07:17:28,sold,2,29800,,False,2026-07
sold_naniwa-danshi-nd5_1784222881189_35555,1784222881189,naniwa-danshi-nd5,2026-09-06,13:00,朱鷺メッセ 新潟コンベンションセンター,electronic,female,公演日1日前までにQRコード共有,,,,,2026-07-16 17:28:01,2026-08-27 16:01:18,2026-08-27 07:17:28,sold,1,35555,"FC先行/座席未定/QRごと/着ブロなし/下3桁提示可/有効期限内/初期当選/重複すり替えなし/QR毎のお譲りです。
公演前日までにログインに必要な情報をお伝え...",False,2026-07
6bqntnhjzo,1784888646415,naniwa-danshi-nd5,2026-09-06,13:00,朱鷺メッセ 新潟コンベンションセンター,electronic,none,ランダム,あい,5.0,,ランダム,2026-07-24 10:24:06,2026-08-27 16:01:18,,listing,1,11000,"即購入可能 ご希望であればプライベート出品に変更しますので購入前に必ずメッセージをお願いいたします。
・公演当日、開場時間30分前に会場付近で待ち合わせし同時入場していただきます。詳しい待ち合わせ場所や時間についてはご購入後、連絡ボードにてお知らせいたします。
・当日電波不慮の際にお電話させていただく場合がございますため、お支払い完了後お電話番号をご提示ください。
・入場時、発券にご協力いただきますため、買い手様の公的身分証をお預かりさせていただきます。入場後、チケットと引き換えに身分証の返却をさせていただきます。トラブルがない限り封筒は開けませんのでご安心ください。
・公演当日、如何なる理由でも集合時間に遅れた場合は待たずに入場させて頂きますので時間厳守でお願い致します。集合時間に遅れた場合でも必ず受取評価していただきますのでご了承ください。
・入場後チケットを一度回収し、こちらで座席選択後にランダムで配布させて頂きます。名義数や会員番号の提示は出来ませんので、質問等お控えください。買い手様に座席選択権はございません。座席のクレームもお受けできません。
・座席選択にお時間をいただきますが、早くお渡しできる可能性もございます。遅くても開演前までにはお渡しします。
・ランダムエラー、体調不良、遅刻、メンバーの不在等、公演中止以外の如何なる場合でも返金対応は一切致しかねます。買い手様都合でのキャンセルの場合、入場はしなくても受取通知を必ずお願いいたします。
・代理購入は不可です。当日お越しになる方がご自身のアカウントでご購入ください。また、男性、中学生以下の方、外国人の方、お身体の不自由な方、キャリーバックを持った方、赤ちゃん連れの方、盗撮をされる方のご購入もご遠慮ください。
・当日引いた座席の中から相場買取は上乗せで対応いたします。
・20分前までにお渡し(早渡し)ご希望の方は+0.5(+手数料)で対応可能なのでコメントにてお問い合わせください。
・手持ち2枚ありますので2枚分のお譲りも可能ですが、連番確約は不可となります。お渡し時に連番が残っていた場合は連番でお渡しすることは可能です。
・当日こちらの指示通りに動いていただける方のみご購入をお願いします。
以上の内容を理解し同意できる方のみ購入をお願いいたします。
危険を回避するため、匿名アカウントの方とはお取引いたしかねます。",True,2026-07
sold_naniwa-danshi-nd5_1784874965632_29000,1784874965632,naniwa-danshi-nd5,2026-09-06,13:00,朱鷺メッセ 新潟コンベンションセンター,electronic,female,同行,,,,,2026-07-24 06:36:05,2026-08-27 16:01:18,2026-08-27 07:17:28,sold,1,29000,"3名義中3番手(2連中の1枚)

全て初期当選 下3桁提示可 重複すり替えなし

開場時間20分前に会場付近に集合し、同時入場していただきます。",False,2026-07
ikibhy400u,1784255580077,naniwa-danshi-nd5,2026-09-06,13:00,朱鷺メッセ 新潟コンベンションセンター,electronic,female,2番手中2番手,K,5.0,,番手,2026-07-17 02:33:00,2026-08-27 16:01:18,,listing,2,40000,"⭐️プラベル出品対応可能⭐️
2番手中2番手/FC初期当選/すり替えなし/下3桁提示可/有効期限内
当日会場付近にてお待ち合わせし、同時入場お願いいたします。
お待ち合わせ時間・場所の詳細は取引メッセージにてご連絡させていただきます。
入場時、お連れ様と別れて入場していただく可能性がごさいますが、チケットは2枚連番でお渡しいたします。
入場後、一度チケットを回収し、当方の選択後にチケットをお渡しいたします。
座席確認のためチケットお渡しまでにお時間をいただく可能性がございます。ご了承ください。
座席に関するクレームは一切受け付けません。
いかなる場合でも公演中止以外の返金はいたしかねますのでご了承ください。
代理購入不可。
日本語の通じる成人女性の方のみご購入をお願いいたします。",True,2026-07
e9ofcpk7j6,1785367808105,naniwa-danshi-nd5,2026-09-06,13:00,朱鷺メッセ 新潟コンベンションセンター,electronic,female,公演前日にログイン情報提示,@,5.0,,QR,2026-07-29 23:30:08,2026-08-27 16:01:18,,listing,1,50000,"【プラベルにて出品させていただきますのでメッセージお願いいたします。】
初期当選/有効期限内/下3桁提示可
・座席に関するクレームはお控えください。
・当日入場後は速やかにログアウト、受け取り通知をお願いいたします。
・公演中止の場合のみ手数料を差し引いた金額を返金いたしますが、その他如何なる理由であっても返金は出来ませんのでご了承ください。
・トラブル防止の為日本語が通じる方でよろしくお願いいたします。
上記内容をご了承いただける方のみご購入をお願いいたします。",True,2026-07
imfm5v53y3,1783684582820,naniwa-danshi-nd5,2026-09-06,13:00,朱鷺メッセ 新潟コンベンションセンター,electronic,female,公演日前日までにQRコード共有,れ,5.0,,QR,2026-07-10 11:56:22,2026-08-27 16:01:18,,listing,1,58000,"QRごと/初期当選/期限内/下3桁提示可
公演前日までに、ログイン情報を連絡ボードにてお知らせいたします。
座席は未定のため、座席に関するクレームは一切受け付けいたしません。
本人確認による名義不備には対応できませんので、ご了承下さい。
公演中止の場合のみ、手数料を差し引いた金額を返金いたします。
公演中止以外の理由では、いかなる場合でも返金はしませんのでご了承ください。
入場後は、速やかに受け取り確認とログアウトをお願いいたします。
上記内容にご同意いただける日本人女性の方のみご購入をお願いいたします。",True,2026-07
sold_naniwa-danshi-nd5_1784732363134_60000,1784732363134,naniwa-danshi-nd5,2026-09-06,13:00,朱鷺メッセ 新潟コンベンションセンター,electronic,female,公演前日にログイン情報共有,,,,,2026-07-22 14:59:23,2026-08-27 16:01:18,2026-08-27 07:17:28,sold,2,60000,"QR毎/2連/初期当選/下3桁提示可能/重複、すり替えなし/有効期限内名義/着ブロ指定なし

公演前日にログイン情報をお伝えします。
入場後速やかにログアウトと...",False,2026-07
sold_naniwa-danshi-nd5_1784527548339_16000,1784527548339,naniwa-danshi-nd5,2026-09-06,13:00,朱鷺メッセ 新潟コンベンションセンター,electronic,female,ランダム,,,,,2026-07-20 06:05:48,2026-08-27 16:01:18,2026-08-27 07:17:28,sold,1,16000,"⭐️少人数ランダム⭐️

サイト手数料が気になる方はチケテン0.5、残り当日手渡し変更も可能です。

開場20分前を目処に集合予定(詳しいことは日程近くなったら...",False,2026-07
02zmycd633,1785157542228,naniwa-danshi-nd5,2026-09-06,13:00,朱鷺メッセ 新潟コンベンションセンター,electronic,female,同行,🐱,5.0,,番手,2026-07-27 13:05:42,2026-08-27 16:01:18,,listing,1,26000,"6名義中5番手/単番×6/初期当選/すり替えなし/下3桁提示可/有効期限内
プライベート出品に切り替えますので購入前に必ずメッセージをお願いします。
◾︎開場30分前を目安に会場付近にて待ち合わせし、同時入場お願いいたします。
※待ち合せ時間、待ち合せ場所の詳細は公演当日までに取引メッセージにてご連絡させていただきます。
◾︎入場後は一度チケットを回収し、当方から4番手の方までが選ばなかった2枚からチケットを選んで頂きます。
◾︎チケット受け渡しの際は速やかに入場報告をお願いいたします。
◾︎座席確認のためお時間いただく可能性もございますが、できる限りお早めにお渡しできるよう努めます。
◾︎座席に関するクレームは一切受け付けません。
◾︎円滑にチケットのお渡しができるようお電話番号をお伺いする場合がございます。
◾︎発券ゲートが分かれた場合チケット持ち逃げ防止のために身分証を一時的にお預かりさせて頂きますので必ずお持ち頂くようお願いいたします。集合時に購入者様の目の前で封筒に入れ、チケット受け渡し時に速やかに返却いたします。
◾︎当日は時間厳守で集合をお願いいたします。ご購入者様の遅刻は到着を待たずに入場させていただきますが、その場合も入場報告をしていただきます。お時間に余裕を持ってお越しください。
◾︎出演者変更、入場時のランダムエラー、本人確認、交通機関の遅延、体調不良、座席などへのクレームでの返金は一切致しかねます。
◾︎トラブル防止のため代理購入不可です。
必ず当日いらっしゃる方が購入をお願いいたします。
◾︎公演中止以外ではいかなる理由でもキャンセル、返金は承れません。
上記を了承いただける日本人女性のみご購入お願いします。",True,2026-07
sold_naniwa-danshi-nd5_1784989384615_37500,1784989384615,naniwa-danshi-nd5,2026-09-06,13:00,朱鷺メッセ 新潟コンベンションセンター,electronic,female,当日同時入場,,,,,2026-07-25 14:23:04,2026-08-27 16:01:18,2026-08-27 07:17:28,sold,1,37500,"【今週中決定】3名義中3番手（着ブロ希望当選/スタンド前列予想）
初期当選/有効期限内/重複すり替え無し/下3桁提示可能

・体調不良やランダムエラーなど公演中...",False,2026-07
9zq5ivg8eg,1783692181325,naniwa-danshi-nd5,2026-09-06,13:00,朱鷺メッセ 新潟コンベンションセンター,electronic,female,同行,A,5.0,,QR同行ランダム番手,2026-07-10 14:03:01,2026-08-27 16:01:18,,listing,1,45000,"メッセージ頂けたらプライベート出品させて頂きますのでお願いいたします。
初期当選/有効期限内/下3桁掲示可/サイチェン可/ 当方20⬆️男性となります。
同行者探してます。
購入後のキャンセルは一切承りません。
公演当日は開場20~30分前を目安に会場付近に集合し、同時入場して頂きます。
詳しい待ち合わせ場所、時間等は公演が近くなり次第、連絡ボードにてお伝えします。
入場後チケットのお渡しと同時にその場で受取連絡をお願いいたします。
座席に関するクレームは一切承りません。
連番内の座席は当方が先に選択させて頂きます。
ランダムエラー、本人確認、公共交通機関による遅刻、当日の体調不良、出演者の変更など如何なる理由でもキャンセルや返金対応は致しかねます。公演中止場合のみ、手数料を差し引いた金額を返金させて頂きます。
上記理解頂ける方、のみご購入をお願いいたします",True,2026-07
sold_naniwa-danshi-nd5_1783659565715_60000,1783659565715,naniwa-danshi-nd5,2026-09-06,13:00,朱鷺メッセ 新潟コンベンションセンター,electronic,female,公演日3日前までにログイン情報共有,,,,,2026-07-10 04:59:25,2026-08-27 16:01:18,2026-08-27 07:17:28,sold,2,60000,"QR毎2連
有効期限内/すり替えなし/下3桁提示可能/サイチェン可/同行者登録可
＊公演中止以外の返金、キャンセル（ランダムエラー、交通機関の遅延等）対応はいた...",False,2026-07
1iw438czc8,1784440464232,naniwa-danshi-nd5,2026-09-06,13:00,朱鷺メッセ 新潟コンベンションセンター,electronic,none,同行,あい,4.9,,ランダム,2026-07-19 05:54:24,2026-08-27 16:01:18,,listing,1,9000,"即購入可 ご希望があればプライベート出品に変更しますので購入前に必ずメッセージをお願いいたします。
・公演当日、開場時間30分前に会場付近で待ち合わせし同時入場していただきます。詳しい待ち合わせ場所や時間についてはご購入後、連絡ボードにてお知らせいたします。
・当日電波不慮の際にお電話させていただく場合がございますため、お支払い完了後お電話番号をご提示ください。
・入場時、発券にご協力いただきますため、買い手様の公的身分証をお預かりさせていただきます。入場後、チケットと引き換えに身分証の返却をさせていただきます。
・公演当日、如何なる理由でも集合時間に遅れた場合は待たずに入場させて頂きますので時間厳守でお願い致します。集合時間に遅れた場合でも必ず受取評価していただきますのでご了承ください。
・入場後チケットを一度回収し、こちらで座席選択後にランダムで配布させて頂きます。名義数や会員番号の提示は出来ませんので、質問等お控えください。買い手様に座席選択権はございません。座席のクレームもお受けできません。
・座席選択にお時間をいただきますが、早くお渡しできる可能性もございます。遅くても開演前までにはお渡しします。
・ランダムエラー、体調不良、遅刻、メンバーの不在等、公演中止以外の如何なる場合でも返金対応は一切致しかねます。買い手様都合でのキャンセルの場合、入場はしなくても受取通知を必ずお願いいたします。
・代理購入は不可です。当日お越しになる方がご自身のアカウントでご購入ください。また、男性、中学生以下の方、外国人の方、お身体の不自由な方、キャリーバックを持った方、赤ちゃん連れの方、盗撮をされる方のご購入もご遠慮ください。
・当日引いた座席の中から相場買取は上乗せで対応いたします。
・20分前までにお渡し(早渡し)ご希望の方は+0.5(+手数料)で対応可能なのでコメントにてお問い合わせください。
・手持ち2枚ありますので2枚分のお譲りも可能ですが、連番確約は不可となります。お渡し時に連番が残っていた場合は連番でお渡しすることは可能です。
以上の内容を理解し同意できる方のみ購入をお願いいたします。
危険を回避するため、匿名アカウントの方とはお取引いたしかねます。",True,2026-07
xmo86em6m5,1785228383226,naniwa-danshi-nd5,2026-09-06,13:00,朱鷺メッセ 新潟コンベンションセンター,electronic,female,公演日前日にログインに必要な情報をお伝え,m❤︎,5.0,,QR,2026-07-28 08:46:23,2026-08-27 16:01:18,,listing,1,48000,入金確認出来次第下3桁提示可能です。 公演中止の場合は手数料を差し引いた金額を返金致します。体調不良、ランダムエラー、ログイン出来ないなどの虚偽申告、本人確認等に関する返金及び、買い手様都合による身勝手なキャンセルは一切致しません。 又、座席に関するクレームも一切受け付けません。 入場後は速やかにログアウト、受取連絡をお願い致します。,True,2026-07
sold_naniwa-danshi-nd5_1783669418598_55000,1783669418598,naniwa-danshi-nd5,2026-09-06,13:00,朱鷺メッセ 新潟コンベンションセンター,electronic,female,ログイン情報お知らせ,,,,,2026-07-10 07:43:38,2026-08-27 16:01:18,2026-08-27 07:17:28,sold,2,55000,"QRごとのお譲り 初期当選 第1希望
盗撮迷惑行為などしないようにお願いします",False,2026-07
3f9bebhp40,1783883687811,naniwa-danshi-nd5,2026-09-06,13:00,朱鷺メッセ 新潟コンベンションセンター,electronic,female,同行,k.,5.0,,ランダム,2026-07-12 19:14:47,2026-08-27 16:01:18,,listing,1,10400,"FC先行 ランダム配布
11時半頃待ち合わせを予定しております
ランダム配布の為買い手様の座席選択はできません、こちらでさせて頂きます。
又、デジダルチケットの為チケットを発券するまで座席は未定です。
入場後チケットを一度全て回収させて頂きます、座席選択にお時間を頂きます
開演5~10分前に再集合し買い手様へチケットをお渡しさせて頂く予定ですが、多少お時間が前後する場合もございます。
再集合する迄は自由に過ごして頂いて溝いません、再集合する場所等は入場後お伝え致します。
会場内での電波障害等が予想されます、連絡ボートが使えない場合や緊急でご連絡をさせて頂く場合に直接連絡の取れる電話番号をお伺いさせていただきますのでご協力頂きますようお願い致します。
記載してある通りランダム配布となりますので、お渡しするチケットの座席・チケットお渡しまでの時間等へのクレーム、他一切受付ません
ランダムエラー、買い手様都合のキャンセル等、他如何なる場合でも返金できかねますのでご了承ください
必ず受け取り評価をしていただきます
購入された際は上記全て了承したものとします",True,2026-07
krire9leqk,1784775331741,naniwa-danshi-nd5,2026-09-06,13:00,朱鷺メッセ 新潟コンベンションセンター,electronic,none,同行,あい,4.9,,番手ランダム,2026-07-23 02:55:31,2026-08-27 16:01:18,,listing,2,28000,"すり替えなしランダム配布 全て初期当選 有効期限内 下3桁提示可能
プライベート出品に変更しますので購入前に必ずメッセージをお願いいたします。
・公演当日、開場時間30分前に会場付近で待ち合わせし同時入場していただきます。詳しい待ち合わせ場所や時間についてはご購入後、連絡ボードにてお知らせいたします。
・当日電波不慮の際にお電話させていただく場合がございますため、お支払い完了後お電話番号をご提示ください。
・入場時、発券にご協力いただきますため、買い手様の公的身分証をお預かりさせていただきます。入場後、チケットと引き換えに身分証の返却をさせていただきます。トラブルがない限り封筒は開けませんのでご安心ください。
・公演当日、如何なる理由でも集合時間に遅れた場合は待たずに入場させて頂きますので時間厳守でお願い致します。集合時間に遅れた場合でも必ず受取評価していただきますのでご了承ください。
・入場後チケットを一度回収し、確認後なるべく早くチケットをお渡しします。買い手様に座席選択権はございません。座席のクレームもお受けできません。
・座席選択に少々お時間をいただく可能性もございます。実際に座席を見に行く場合もございますので急かさずお待ちください。
・ランダムエラー、体調不良、遅刻、メンバーの不在等、公演中止以外の如何なる場合でも返金対応は一切致しかねます。買い手様都合でのキャンセルの場合、入場はしなくても受取通知を必ずしていただきます。
・代理購入は不可です。当日お越しになる方がご自身のアカウントでご購入ください。また、男性、中学生以下の方、外国人の方、お身体の不自由な方、キャリーバックを持った方、赤ちゃん連れの方、盗撮をされる方のご購入もご遠慮ください。
・当日引いた座席の中から相場買取は上乗せで対応いたします。
・当日こちらの指示通りに動いていただける方のみご購入をお願いします。自分勝手に動く方、態度の悪い方は購入をお控えください。
以上の内容を理解し同意できる方のみ購入をお願いいたします。
危険を回避するため、匿名アカウントの方とはお取引いたしかねます。",True,2026-07
sold_naniwa-danshi-nd5_1785399904421_9500,1785399904421,naniwa-danshi-nd5,2026-09-06,13:00,朱鷺メッセ 新潟コンベンションセンター,electronic,female,同行,,,,,2026-07-30 08:25:04,2026-08-27 16:01:18,2026-08-27 07:17:28,sold,1,9500,"⭐️指定席のみ⭐️ランダム配布【+0.5上乗せで15分前早渡し可能】

プラベルに変更でお値下げ可能(ご相談ください)

ファンクラブ先行のチケットを複数所持し...",False,2026-07
97fcckis90,1783731570003,naniwa-danshi-nd5,2026-09-06,13:00,朱鷺メッセ 新潟コンベンションセンター,electronic,female,公演日前日にQRコード共有,ほ,5.0,,QR,2026-07-11 00:59:30,2026-08-27 16:01:18,,listing,1,65000,"初期当選/期限内/重複すり替えなし/下3桁提示可/過去当選履歴あり/前回スタンド
プラベ出品いたしますので、ご検討の方はご連絡ください。
当日開演までに速やかに受け取り評価お願いします。
前日の夕方にログイン情報お伝えいたします。
ゲートや座席に関するクレームは一切受け付けません。
遅刻、体調不良、本人確認、ランダムエラーによって入場出来なかった場合等、如何なる理由でも返金は致し
かねます。
公演中止の場合のみ、サイトルールに則り返金致します。
質問等は購入前にお願いいたします。
ご購入いただいた時点で、上記全ての内容に同意されたとみなします。",True,2026-07
sold_naniwa-danshi-nd5_1783651244935_55000,1783651244935,naniwa-danshi-nd5,2026-09-06,13:00,朱鷺メッセ 新潟コンベンションセンター,electronic,female,入金後24時間以内にQRコード共有,,,,,2026-07-10 02:40:44,2026-08-27 16:01:18,2026-08-27 07:17:28,sold,1,55000,"FC先行当選／座席未定/QR/有効期限内／重複すり替え無し／変更ボタン有／下3桁提示可／着ブロ希望無し

座席未定のため、お席に関するクレームは一切受け付けませ...",False,2026-07
sold_naniwa-danshi-nd5_1784638929853_30000,1784638929853,naniwa-danshi-nd5,2026-09-06,13:00,朱鷺メッセ 新潟コンベンションセンター,electronic,female,同行,,,,,2026-07-21 13:02:09,2026-08-27 16:01:18,2026-08-27 07:17:28,sold,2,30000,"すり替えなしランダム

プライベート出品に切り替えますので購入前に必ずメッセージをお願いします。

・入金後のキャンセルは一切受け付けません。

・急な出演者変...",False,2026-07
cw7oweiuyp,1785516569376,naniwa-danshi-nd5,2026-09-06,13:00,朱鷺メッセ 新潟コンベンションセンター,electronic,female,公演前日にFCログイン情報お送りします,取引,5.0,,QR,2026-07-31 16:49:29,2026-08-27 16:01:18,,listing,1,52000,QR毎。復活当選/単番/名義初当選/重複すり替えなし/下3桁提示可/名義発送物戻り等なし/着ブロ希望なし,True,2026-07
iwvtosgsny,1785424653712,naniwa-danshi-nd5,2026-09-06,13:00,朱鷺メッセ 新潟コンベンションセンター,electronic,none,2名義中1番手同行,‪⸜❤︎⸝‍,5.0,,同行記載あり,2026-07-30 15:17:33,2026-08-27 16:01:18,,listing,1,75000,"8/29までに決まらなければ取り下げます
2名義中1番手同行 大橋担不可
初期当選のみ/有効期限内/下3桁提示可能/すり替えなし
前回スタンド×2
2名義中1番手同行のチケットをお渡しいたします。
公演当日、こちらが指定した時間に会場付近にて待ち合わせのうえ、同時入場していただきます。待ち合わせ時間厳守でお願いいたします。
遅刻された場合は待たずに入場いたします。その際も受取連絡は必ずお願いいたします。
連番内での座席選択権はありません。
デジタルチケットのため、お座席に関するクレーム・キャンセル・返金には一切対応いたしかねます。トラブル防止のため、代理購入はご遠慮ください。
ランダムエラー・本人確認・買い手様の体調不良・交通機関の乱れ・天候不良・メンバー欠員等、公演中止以外のいかなる場合においても返金いたしません。
プラベル通しに移行させていただきます。
過去座席等の提示も可能ですのでお気軽にメッセージお願いいたします。",True,2026-07
j686f1lrip,1784711176560,naniwa-danshi-nd5,2026-09-06,13:00,朱鷺メッセ 新潟コンベンションセンター,electronic,female,公演日前日にQRコード共有,🦩,5.0,,QR,2026-07-22 09:06:16,2026-08-27 16:01:18,,listing,2,60000,"座席未定/QR毎/有効期限内/発送物戻り無/すり替え無 下3桁提示可/初期当選/Pay-easy支払い/着ブロ選択無
公演日前日（夕方まで）にメッセージにてログイン情報をお伝えします。
開場後、開演前迄に、速やかに受取とログアウトのご報告をお願いします。
入場時の撮影行為・券面のSNS掲載・座席での迷惑行為はご遠慮ください。
公演中止の場合は手数料を差し引いた金額が返金となります。公演中止以外で返金は出来かねます。体調不良・公共交通機関の遅れ・一部メンバーの出演無・同行者チェックのミス・ランダムエラー等いかなる場合でも返金、キャンセルは不可です。万が一入場ができなかった場合でも受取はしていただきます。お席のクレーム等は一切お受けできません。代理での購入はご遠慮ください。
上記ご理解いただいた上でご購入希望の方は、プライベート出品に変更いたしますので、メッセージお願いいたします。",True,2026-07
j9umhc7ug7,1784451693187,naniwa-danshi-nd5,2026-09-06,13:00,朱鷺メッセ 新潟コンベンションセンター,electronic,female,公演日前日QRコード共有,☺︎⭐︎☺︎,5.0,,QR,2026-07-19 09:01:33,2026-08-27 16:01:18,,listing,1,70000,"前日にログインに必要な情報を、お伝え致します。同意チェックは買い手様にお願い致します。
公演中止の際は手数料を差し引いた金額を返金致しますが、それ以外の如何なる理由（体調不良、本人確認、ランダムエラー、交通機関の遅延等）であっても返金致しませんのでご了承ください。
ご購入頂いた時点で上記に同意となり、送金停止や、返金要求受け付けません。その場合も、速やかに受け取り通知お願い致します。
入場後は開演前に、受け取り通知とログアウトを速やかにお願い致します。
個人情報取扱注意願います。
初期当選。今まで当選歴なし。",True,2026-07
sold_naniwa-danshi-nd5_1783653107852_45000,1783653107852,naniwa-danshi-nd5,2026-09-06,13:00,朱鷺メッセ 新潟コンベンションセンター,electronic,female,同行,,,,,2026-07-10 03:11:47,2026-08-27 16:01:18,2026-08-27 07:17:28,sold,1,45000,"初期当選/有効期限内/下3桁掲示可/サイチェン可/道枝担不可

同行者探してます。当方20⬆️道枝担です。
年齢、担当記載の上、ご連絡ください。
購入後のキャン...",False,2026-07
b3o1bgezld,1785407804650,naniwa-danshi-nd5,2026-09-06,13:00,朱鷺メッセ 新潟コンベンションセンター,electronic,female,同行,し,5.0,,同行,2026-07-30 10:36:44,2026-08-27 16:01:18,,listing,1,50000,"重複すり替えなし/初期当選/有効期限内/下3桁提示可/大橋担不可/連番内での座席選択不可/サイチェン不可
開場時間に集合予定
公演中止・延期以外のいかなる場合もキャンセル返金不可です
プラベルにて出品いたしますので、購入希望の方はメッセージをお送りください",True,2026-07
w22fiuvxkc,1785109328798,naniwa-danshi-nd5,2026-09-06,13:00,朱鷺メッセ 新潟コンベンションセンター,electronic,female,同行,mako,5.0,,同行,2026-07-26 23:42:08,2026-08-27 16:01:18,,listing,1,57000,"2連中1枚同行/初期当選/有効期限内/下3桁提示可能/本人確認不可/サイチェン可/重複すり替えなし/長尾担不可
・開場時間10分前頃に集合し同時入場していただきます。詳しい時間や場所に関しては公演当日にご連絡いたします。
・連番内の座席は当方が選択させていただきます。
・チケットお渡しの際受取通知をお願いいたします。
・体調不良、交通機関の遅延などご購入者様の都合によるキャンセルはいかなる場合もできません。入場できなかった場合も受け取り通知はしていただきます。
・公演中止以外のランダムエラー、本人確認、メンバー不在、その他ご購入様都合の如何なる場合でも返金は受け付けません。
・連絡がすぐにつく方で日本語の分かる成人女性のみご購入お願いいたします。
・ご購入後、当日連絡のつく電話番号の交換をお願いする場合がございます。
購入いただいた方は上記了承したものとみなします。",True,2026-07
sold_naniwa-danshi-nd5_1785289949670_40000,1785289949670,naniwa-danshi-nd5,2026-09-06,13:00,朱鷺メッセ 新潟コンベンションセンター,electronic,female,同行,,,,,2026-07-29 01:52:29,2026-08-27 16:01:18,2026-08-27 07:17:28,sold,1,40000,"FC先行当選/下3桁提示可能/重複すり替えなし/当方と同行(大西担)/サイチェン不可/
同行予定だった友人が行けなくなったため出品いたします。
購入手数料気にな...",False,2026-07
e7dm3qv0k6,1785367702326,naniwa-danshi-nd5,2026-09-06,13:00,朱鷺メッセ 新潟コンベンションセンター,electronic,female,公演前日にログイン情報提示,@,5.0,,QR,2026-07-29 23:28:22,2026-08-27 16:01:18,,listing,1,50000,"【プラベルにて出品させていただきますのでメッセージお願いいたします。】
初期当選/有効期限内/下3桁提示可
・座席に関するクレームはお控えください。
・当日入場後は速やかにログアウト、受け取り通知をお願いいたします。
・公演中止の場合のみ手数料を差し引いた金額を返金いたしますが、その他如何なる理由であっても返金は出来ませんのでご了承ください。
・トラブル防止の為日本語が通じる方でよろしくお願いいたします。
上記内容をご了承いただける方のみご購入をお願いいたします。",True,2026-07
095c7kxkb2,1784888802940,naniwa-danshi-nd5,2026-09-06,13:00,朱鷺メッセ 新潟コンベンションセンター,electronic,none,番手,あい,5.0,,番手,2026-07-24 10:26:42,2026-08-27 16:01:18,,listing,1,48000,"3名義中3番手 全て初期当選 有効期限内 すり替えなし 下3桁提示可能
プライベート出品に変更しますので購入前に必ずメッセージをお願いいたします。
・公演当日、開場時間30分前に会場付近で待ち合わせし同時入場していただきます。詳しい待ち合わせ場所や時間についてはご購入後、連絡ボードにてお知らせいたします。
・当日電波不慮の際にお電話させていただく場合がございますため、お支払い完了後お電話番号をご提示ください。
・入場時、発券にご協力いただきますため、買い手様の公的身分証をお預かりさせていただきます。入場後、チケットと引き換えに身分証の返却をさせていただきます。トラブルがない限り封筒は開けませんのでご安心ください。
・公演当日、如何なる理由でも集合時間に遅れた場合は待たずに入場させて頂きますので時間厳守でお願い致します。集合時間に遅れた場合でも必ず受取評価していただきますのでご了承ください。
・入場後チケットを一度回収し、こちらで2名義分選んだ後お渡しさせて頂きます。下位番手のため買い手様に座席選択権はございません。座席のクレームもお受けできません。
・座席選択にお時間をいただきますが、早くお渡しできる可能性もございます。実際に座席を見に行く場合もございますので急かさずお待ちください。
・ランダムエラー、体調不良、遅刻、メンバーの不在等、公演中止以外の如何なる場合でも返金対応は一切致しかねます。買い手様都合でのキャンセルの場合、入場はしなくても受取通知を必ずしていただきます。
・代理購入は不可です。当日お越しになる方がご自身のアカウントでご購入ください。また、男性、中学生以下の方、外国人の方、お身体の不自由な方、キャリーバックを持った方、赤ちゃん連れの方、盗撮をされる方のご購入もご遠慮ください。
・当日引いた座席の中から相場買取は上乗せで対応いたします。
・当日こちらの指示通りに動いていただける方のみご購入をお願いします。自分勝手に動く方、態度の悪い方は購入をお控えください。
以上の内容を理解し同意できる方のみ購入をお願いいたします。
危険を回避するため、匿名アカウントの方とはお取引いたしかねます。",True,2026-07
sold_naniwa-danshi-nd5_1785465370577_48000,1785465370577,naniwa-danshi-nd5,2026-09-06,13:00,朱鷺メッセ 新潟コンベンションセンター,electronic,female,前日までにログイン情報共有/同行,,,,,2026-07-31 02:36:10,2026-08-27 16:01:18,2026-08-27 07:17:28,sold,2,48000,"FC×FC 座席未定/初期当選/着ブロ希望なし/重複すり替えなし/下3桁提示可/有効期限内/過去エラー郵送物戻り等なし

1枚でのお譲りの場合は、当方との同行と...",False,2026-07
vfzae6ikii,1784189614386,naniwa-danshi-nd5,2026-09-06,13:00,朱鷺メッセ 新潟コンベンションセンター,electronic,female,同時入場,♡,5.0,,番手,2026-07-16 08:13:34,2026-08-27 16:01:18,,listing,2,45000,"2名義中2番手
🌟前回スタンド後方又は天井名義のみ
初期当選/期限内/下3桁提示可/着ブロ指定なし
お取引確定後プライベート出品に変更しそちらにてお取引していただきます。(金額は4.5/枚＋手数料になります。)
プラベルでのお取引も可
・詳しい待ち合わせ時間、場所等は前日までにご連絡いたします。
・チケットお渡し後サイチェン等ご自由にしていただいて構いませんが名義を傷つける行為は必ずしないようお願いいたします。
・発券時のランダムエラー、本人確認、体調不良、公共交通機関の遅延、その他ご購入者様のご都合によるキャンセル・返金には対応いたしかねますので、予めご了承ください。
・公演が中止となった場合に限り、手数料を差し引いた金額をご返金いたします。
上記ご了承いただける日本人の方のみご購入お願いいたします。",True,2026-07
sold_naniwa-danshi-nd5_1783920115095_58000,1783920115095,naniwa-danshi-nd5,2026-09-06,13:00,朱鷺メッセ 新潟コンベンションセンター,electronic,female,公演日前日までに発送予定,,,,,2026-07-13 05:21:55,2026-08-27 16:01:18,2026-08-27 07:17:28,sold,2,58000,"FC先行/座席未定/QR/有効期限内/すり替えなし/初期当選/下3桁提示可/公演日の前日発送予定

公演前日までに、必要な情報を連絡ボードにてお知らせいたします...",False,2026-07
vf7be8cwy5,1783762163541,naniwa-danshi-nd5,2026-09-06,13:00,朱鷺メッセ 新潟コンベンションセンター,electronic,none,当日手渡し,天然水,5.0,,番手,2026-07-11 09:29:23,2026-08-27 16:01:18,,listing,2,36000,"2名義中2番手/初期当選/すり替えなし/有効期限内/下三桁開示可/発送物戻りなし/着ブロなし
☆プラベル対応可☆
公演当日、開場時間前に会場付近で待ち合わせの上同時入場していただきます。
詳しい待ち合わせ場所などは、公演日までに取引メッセージにてご連絡させていただきます。
遅刻された場合は待たずに入場致しますが、その場合も必ず受け取り評価をしていただきますので予めご了承ください。
当日入場時のみ、お連れ様と分かれてご入場いただきますが、必ず連番のチケットをお渡しいたしますのでご安心ください。
同時入場後、座席選択にお時間を頂く場合がございます。当方が座席選択後、選ばなかった方のチケットをお渡しします。
チケットをお渡しするタイミングで必ず受け取り評価をお願いいたします。
お席についてのクレーム等はお受けできませんので予めご了承ください。
公演中止以外のいかなる理由(購入者の体調不良、遅刻、出演者の変更、本人確認、ランダムエラー他)であっても返金、キャンセル不可です。
公演中止の場合以外は必ず受け取り評価をしていただきます。
公演中止の場合のみ手数料を引いたチケット代を返金させていただきます。
日本語が通じない方、代理購入NGです。",True,2026-07
sold_naniwa-danshi-nd5_1783877856474_58000,1783877856474,naniwa-danshi-nd5,2026-09-06,13:00,朱鷺メッセ 新潟コンベンションセンター,electronic,female,公演前日までにQRコード共有,,,,,2026-07-12 17:37:36,2026-08-27 16:01:18,2026-08-27 07:17:28,sold,2,58000,"FC先行/座席未定/QRごと/着ブロなし/下3桁提示可/有効期限内/初期当選/重複すり替えなし/QR毎のお譲りです。
公演前日までにログインに必要な情報をお伝え...",False,2026-07
1hfjsuexpv,1783662632772,naniwa-danshi-nd5,2026-09-06,13:00,朱鷺メッセ 新潟コンベンションセンター,electronic,female,同行,A,5.0,,同行,2026-07-10 05:50:32,2026-08-27 16:01:18,,listing,1,45000,"FC先行当選/下3桁提示可能/重複すり替えなし/本人確認不可/サイチェン不可/一部アプリ＋残り当日手渡し対応可能
✳︎購入される時はプラペル出品いたしますのでお声がけください。
・開場時間30〜10分前を目安にお集まりいただきます。詳しい時間、場所は公演日近づきましたらお知らせします。
・連番内のお座席は当方が選択させていただきます。
・体調不良、交通機関の遅延などご購入者様の都合によるキャンセルはいかなる場合もできません。遅刻し、入場できなかった場合も受け取り通知はしていただきます。
・ランダムエラー、本人確認、その他ご購入様都合の如何なる場合でも返金は受け付けません。
・公演中止以外の、メンバーの不在及び構成の変更、入場時のシステムエラー、座席に関するクレーム、トラブルなど如何なる場合でも返金は対応致しません。
・こまめに連絡の付く方、また日本語の分かる女性のみご落札ください。
・ご購入後、当日連絡のつくLINE、電話番号の交換をお願いする場合がございます。
ご購入の際は上記の内容に同意したものとみなします。",True,2026-07
sold_naniwa-danshi-nd5_1785415486781_31800,1785415486781,naniwa-danshi-nd5,2026-09-06,13:00,朱鷺メッセ 新潟コンベンションセンター,paper,female,当日開場15分前集合予定,,,,,2026-07-30 12:44:46,2026-08-27 16:01:18,2026-08-27 07:17:28,sold,1,31800,"すり替えなし2名義中2名義目(座席は選べません)
諸々不備なし/下3桁提示可能/日本語の通じる成人女性のみ

当方と連番になる可能性もあるため大橋担不可。
ラン...",False,2026-07
ynndulsutu,1785085541971,naniwa-danshi-nd5,2026-09-06,17:30,朱鷺メッセ 新潟コンベンションセンター,electronic,female,公演当日受け渡し,A,5.0,,番手,2026-07-26 17:05:41,2026-08-27 16:01:18,,listing,1,34500,"2名義中2番手/初期当選のみ/すり替えなし/有効期限内/着ブロなし
＊希望あればプラベル出品可能
・公演当日、開場時間10-20分前を目安に会場付近で待ち合わせの上、同時入場していただきます。詳細は公演日までに取引メッセージにてご連絡させていただきます。
・ 入場の際にQRコードの表示をお願いする可能性がございます。入場後はこちらが座席選択後にチケットを配布となります。買い手様はご自身で座席選択できません。
・公演中止以外の理由(本人確認やランダムエラー・出演者の変更、その他鑑賞できなかった場合など)で返金は一切承りません。集合時間に遅刻された場合は待たずに入場します。その場合でも受取連絡はして頂きますのでご了承下さい。交通機関の遅れ等も考慮できません。
・チケットをお渡しするタイミングで必ず受取連絡をお願いいたします。お席についてのクレーム等はお受けできません。
・公演中止以外のいかなる理由(購入者の体調不良、遅刻、出演者の変更、本人確認、ランダムエラー他)でもキャンセル不可です。
公演中止の場合のみ手数料を引いたチケット代を返金させていただきます。
・日本語が通じない方、代理の購入はお控えください。ご購入以降は上記全ての説明事項に同意されたものとみなします。購入者様からの条件提示には対応出来かねます。",True,2026-07
sold_naniwa-danshi-nd5_1784132249555_49000,1784132249555,naniwa-danshi-nd5,2026-09-06,17:30,朱鷺メッセ 新潟コンベンションセンター,electronic,female,公演前日までにログイン情報お送りします,,,,,2026-07-15 16:17:29,2026-08-27 16:01:18,2026-08-27 07:17:28,sold,1,49000,"初期当選/単番/QRごと/重複すり替えなし/下三桁開示可/有効期限内/着ブロなし/郵送物戻りなし/過去エラーなし

・同行チェック可能
・公演前日にQR表示のた...",False,2026-07
cuusl5nkyy,1784169708188,naniwa-danshi-nd5,2026-09-06,17:30,朱鷺メッセ 新潟コンベンションセンター,electronic,female,公演前日までに共有,はる,5.0,,QR,2026-07-16 02:41:48,2026-08-27 16:01:18,,listing,2,45000,"FC先行/2連番/QRごと/重複すり替えなし/下三桁開示可/有効期限内/着ブロなし/郵送物戻りなし/過去エラーなし
・公演前日にQR表示のためのログイン情報を提示します
・入場後開演時間までに受け取り評価をしていただき速やかにログアウトお願いします
・体調不良、交通機関の乱れ、出演者の変更等、取引成立後いかなる場合も買い手様都合でのキャンセルは対応いたしませんのでご了承ください
・座席に関するクレーム等一切対応いたしません
・ランダムエラー、本人確認などによる返金は行いません
・公式による公演中止の場合のみ手数料を差し引いた金額を返金します",True,2026-07
sold_naniwa-danshi-nd5_1784019478828_60000,1784019478828,naniwa-danshi-nd5,2026-09-06,17:30,朱鷺メッセ 新潟コンベンションセンター,electronic,female,公演日3日前までに共有,,,,,2026-07-14 08:57:58,2026-08-27 16:01:18,2026-08-27 07:17:28,sold,1,60000,"bi様用出品
FC先行 / QRごと /  初期当選 / 重複すり替
えなし / 有効期限内名義 / 公演日の前日発送予定/ 下3桁掲示可/道枝名義/エラー半分...",False,2026-07
k6bc2gkamm,1785107685508,naniwa-danshi-nd5,2026-09-06,17:30,朱鷺メッセ 新潟コンベンションセンター,electronic,female,3名義中2番手,う,5.0,,番手,2026-07-26 23:14:45,2026-08-27 16:01:18,,listing,2,45000,"初期当選/3名義中2番手/すり替えなし/下三桁開示可/有効期限内/着ブロなし/過去エラーなし
プライベート出品に変更いたします。ご購入前にメッセージお願いいたします。
ご購入後3名義分の下三桁を開示します。
当日会場前で待ち合わせの上、同時入場していただき入場後確認次第お渡しその後は自由にしていただいて構いません。
10分以上の遅刻をされた場合は先に入らせていただきます。その際も受け取り評価はしていただきますのでご了承ください。
公演中止の際のみ返金対応いたします。
それ以外のいかなる理由でもキャンセルや返金は不可となります。
ご不明な点やご質問がある方はメッセージ頂けますと幸いです。相違トラブル回避の為よろしくお願いいたします。
二十歳未満、代理購入、日本語が理解出来ない方は購入不可",True,2026-07
mmlyb5oysr,1784208127930,naniwa-danshi-nd5,2026-09-06,17:30,朱鷺メッセ 新潟コンベンションセンター,electronic,female,同行,77,5.0,,番手,2026-07-16 13:22:07,2026-08-27 16:01:18,,listing,1,42000,"2名義中2番手/ 2連中1枚同行/下3桁提示可/初期当選/道枝担不可
当方が2番手2連にてお譲りいただくもののうちの1枚です。
・入場後速やかに受け取り評価をお願いいたします。
・ランダムエラーや交通機関の乱れ等、公演中止以外のいかなる場合でも返金対応致しかねます。
・遅刻された場合は先に入場する場合がございますが、その場合も受け取り評価していただきます。
上記ご理解いただける日本人女性のみご購入お願いいたします。",True,2026-07
3hoctacyup,1784559096625,naniwa-danshi-nd5,2026-09-06,17:30,朱鷺メッセ 新潟コンベンションセンター,electronic,female,公演日1日前までにQRコード共有,ほち,5.0,,QR,2026-07-20 14:51:36,2026-08-27 16:01:18,,listing,2,50000,"初期当選/QR毎/下3桁提示可能/有効期限内/当選歴なし名義
・公演日前日にログイン情報をお伝えします。
・入場後は速やかにログアウトと受取評価をお願い致します。
・本人確認、ランダムエラー、交通機関の乱れ、体調不良、出演者の変更等いかなる都合においてもご購入後のキャンセル、返金は致しかねます。
・座席についてのクレーム、返金対応等は一切受け付けません。",True,2026-07
k0ydlzkr3i,1784187300576,naniwa-danshi-nd5,2026-09-06,17:30,朱鷺メッセ 新潟コンベンションセンター,electronic,female,ランダム,りり,5.0,,ランダム,2026-07-16 07:35:00,2026-08-27 16:01:18,,listing,1,16000,"⭐️少人数ランダム⭐️
サイト手数料が気になる方はチケテン0.5、残り当日手渡し変更も可能です。
開場20分前を目処に集合予定(詳しいことは日程近くなったら連絡いたします)で同時入場していただきます。
公演当日は時間厳守でお願い致します。
端末はこちらで用意する予定ですが発券していただく際に持ち逃げ防止のため身分証預からせていただく可能性がございます。ご了承ください。
チケットは遅くとも開演10分前にはお渡しさせていただきます。その際に目の前でチケテンの受け取り評価をしていただきます。受け取り評価をして頂かないとチケットお渡しできませんのでご了承ください。
座席はランダムでのお渡しになるためお選びいただけません。ランダム配布にご理解のある方のみのご購入をお願いいたします。
当日スムーズなやり取りをするために必ず電話番号の交換が可能な方のご購入をお願い致します。
公演中止の場合のみ、手数料を引いた額を返金いたします。ランダムエラーや本人確認による退場など、いかなる理由でもキャンセル不可です。",True,2026-07
sold_naniwa-danshi-nd5_1783654103234_53000,1783654103234,naniwa-danshi-nd5,2026-09-06,17:30,朱鷺メッセ 新潟コンベンションセンター,electronic,female,公演2日前にログイン情報,,,,,2026-07-10 03:28:23,2026-08-27 16:01:18,2026-08-27 07:17:28,sold,1,53000,"単番QRごと/重複すり替え無し/初期当選/
有効期限内名義/発送戻りなし/下3桁提示可能/前回スタンド名義

・公演の2日前にログイン情報をお送りいたします。...",False,2026-07
sold_naniwa-danshi-nd5_1784562847182_39000,1784562847182,naniwa-danshi-nd5,2026-09-06,17:30,朱鷺メッセ 新潟コンベンションセンター,electronic,female,公演日7日前までにログイン情報共有,,,,,2026-07-20 15:54:07,2026-08-27 16:01:18,2026-08-27 07:17:28,sold,2,39000,FC先行/座席未定/初期当選/QR毎/重複すり替えなし/下3桁提示可能/有効期限内/発送物戻りなし/過去エラーなし/着ブロ希望なし/コンビニ支払い/今回のツアー...,False,2026-07
kc3g36qicr,1783705026813,naniwa-danshi-nd5,2026-09-06,17:30,朱鷺メッセ 新潟コンベンションセンター,electronic,female,公演日7日前までにQRコード共有,モモンガ,5.0,,QR,2026-07-10 17:37:06,2026-08-27 16:01:18,,listing,1,85000,"初期当選/単番/QRごと/重複すり替えなし/下三桁開示可/有効期限内/着ブロなし/郵送物戻りなし/過去エラーなし
・公演前日にQR表示のためのログイン情報を提示します
・入場後は速やかに受け取り評価をお願いいたします
・体調不良、交通機関の乱れ、出演者の変更等、取引成立後いかなる場合も買い手様都合でのキャンセルは対応いたしませんのでご了承ください
・座席に関するクレーム等一切対応いたしません
・ランダムエラー、本人確認などによる返金は行いません
・公式による公演中止の場合のみ手数料を差し引いた金額を返金します",True,2026-07
gxtnal8oxj,1785382406503,naniwa-danshi-nd5,2026-09-06,17:30,朱鷺メッセ 新潟コンベンションセンター,electronic,female,同時入場,なん,5.0,,QR,2026-07-30 03:33:26,2026-08-27 16:01:18,,listing,2,40000,"2名義中2番手/全て初期当選/着ブロ無し/すり替え無し/有効期限内/コンビニ決済/下3桁提示可能
詳しい待ち合わせ場所等はマイページの連絡ボードにて随時お知らせ致します。
待ち合わせ時間に間に合わなかった場合、当方のみで入場致しますが、如何なる理由でも受け取り評価をして頂きます。
当方が選ばなかった座席のチケットをお渡しいたします。
座席に関するクレームは一切お受けしておりません。
お渡し後のサイチェン等は、ご自由にして頂いて構いません。
公演中止以外の、ランダムエラー、システムエラー、体調不良、出演者変更、交通機関の乱れ等の如何なる理由でも返金対応致しかねます。
上記内容をよくお読み頂いた上、ご理解のある方のみご購入お願い致します。
又、当日に必要なご連絡等をスムーズに頂けますと幸いです。",True,2026-07
sold_naniwa-danshi-nd5_1784874544485_31500,1784874544485,naniwa-danshi-nd5,2026-09-06,17:30,朱鷺メッセ 新潟コンベンションセンター,electronic,female,同行,,,,,2026-07-24 06:29:04,2026-08-27 16:01:18,2026-08-27 07:17:28,sold,1,31500,"2名義中2番手 2連中の1枚

全て 初期当選 重複すり替えなし 下3桁提示可 サイチェン可

開場20分前に会場付近に集合し、同時入場していただきます。

入...",False,2026-07
g0dj9ge3nu,1783736225646,naniwa-danshi-nd5,2026-09-06,17:30,朱鷺メッセ 新潟コンベンションセンター,electronic,female,公演前日までにQRコード共有,n,5.0,,QR,2026-07-11 02:17:05,2026-08-27 16:01:18,,listing,1,67000,"単番QR毎/すり替え無し/初期当選/有効期限内名義/発送戻りなし/下3桁提示可能
公演前日にログイン情報をお送りいたします。入場後速やかに受け取り連絡をお願いいたします。
いかなる場合も公演中止以外は返金いたしません。日本語が理解できる方のみ購入お願いいたします。
ここまでご覧いただきありがとうございます。",True,2026-07
92sfura2x0,1784028952376,naniwa-danshi-nd5,2026-09-06,17:30,朱鷺メッセ 新潟コンベンションセンター,electronic,female,ランダム配布,も,5.0,,ランダム記載あり,2026-07-14 11:35:52,2026-08-27 16:01:18,,listing,1,15000,"⭐️20分前渡し⭐️小規模ランダム配布⭐️
中相場買取🉑上乗せで早渡し🉑
1部サイト通し残り当日手渡し🉑
プラベル通し🉑
・開場30分前会場付近に集合予定。
・同時入場していただき、入場後1度チケットを回収させていただきます。
・開演5-10分前を目安に所定の場所に集合していただき、チケットをお渡しいたします。(上乗せで早渡し🉑)
・座席はお選びいただけません。座席に関するクレームは一切受け付けておりません。
・ランダムエラーや出演者変更など公演中止以外の理由では一切返金致しかねます。
・日本語の通じる日本人女性のみご購入下さい
公演中止の場合のみ、手数料を差し引いて返金します。",True,2026-07
yn43dyrqnb,1784108402837,naniwa-danshi-nd5,2026-09-06,17:30,朱鷺メッセ 新潟コンベンションセンター,electronic,none,3名義中3番手,‪⸜❤︎⸝‍,5.0,,番手,2026-07-15 09:40:02,2026-08-27 10:01:13,,deleted,2,30000,"3名義中3番手/初期当選/有効期限内/下3桁提示可能/すり替えなし
前回スタンド×2、初当選×1
3名義中3番手2連でチケットをお渡しいたします。
公演当日、こちらが指定した時間に会場付近にて待ち合わせのうえ、同時入場していただきます。待ち合わせ時間厳守でお願いいたします。
遅刻された場合は待たずに入場いたします。その際も受取連絡は必ずお願いいたします。
集合時、身分証明書をお預かりいたします。中身が見えないよう封筒の中に入れ封をし回収します。チケット受け渡しの際に身分証明書含めてお渡しいたします。
入場時、端末をお借りする場合がございます。端末をお借りする場合は、QRをこちらで表示して、同時入場して頂きます。
入場終わり次第、即ログアウトしていただきますようお願いいたします。
入場後はチケットを回収いたします。
お席を選ぶため少々お時間をいただきます。急かす行為はご遠慮ください。
座席確認後、選ばなかった名義のチケットをお渡しします。
デジタルチケットのため、お座席に関するクレーム・キャンセル・返金には一切対応いたしかねます。トラブル防止のため、代理購入はご遠慮ください。
ランダムエラー・本人確認・買い手様の体調不良・交通機関の乱れ・天候不良・メンバー欠員等、公演中止以外のいかなる場合においても返金いたしません。",True,2026-07
sold_naniwa-danshi-nd5_1783861629833_50000,1783861629833,naniwa-danshi-nd5,2026-09-06,17:30,朱鷺メッセ 新潟コンベンションセンター,electronic,female,公演日付近にログイン情報共有,,,,,2026-07-12 13:07:09,2026-08-27 16:01:18,2026-08-27 07:17:28,sold,1,50000,"☆単番QR毎のお譲り☆

初期当選/有効期限内/下3桁提示可/着ブロ希望なし

公演日付近にログイン情報をお伝えいたします。
公演中止を除き、ランダムエラーなど...",False,2026-07
kgez7hhnlk,1785076500008,naniwa-danshi-nd5,2026-09-06,17:30,朱鷺メッセ 新潟コンベンションセンター,electronic,female,番手,y,5.0,,番手,2026-07-26 14:35:00,2026-08-27 16:01:18,,listing,2,29000,"3名義中3番手
✨3名義全て当選歴無し（初当選名義）✨
FC/座席未定/初期当選/QR毎/有効期限内/重複すり替えなし/下3桁提示
プラベル、プライベート出品対応可能
30分以内にお渡しできるよう努めます
・入金後のキャンセルは一切受け付けません。
・急な出演者変更、体調不良や交通機関の乱れ、ランダムエラー等公演中止以外いかなる場合でも返金はできかねます。
・集合時間は時間厳守でお願いいたします。どのような理由であっても遅れた場合は先に入場する可能性があります。その場合でも全額お支払いしていただきます。
・入場時チケットを一旦回収いたします。座席に関してのクレームは一切受け付けません。
上記了承いただける日本人女性のみご購入お願いします。",True,2026-07
sold_naniwa-danshi-nd5_1784112986197_36000,1784112986197,naniwa-danshi-nd5,2026-09-06,17:30,朱鷺メッセ 新潟コンベンションセンター,electronic,female,公演前日QRコード共有,,,,,2026-07-15 10:56:26,2026-08-27 16:01:18,2026-08-27 07:17:28,sold,2,36000,"FC先行/QR毎/下3桁提示可能/重複すり替えなし/有効期限内

当選歴:ドームのみ

公演日前日にログイン情報をお伝えします。
入場後は開演前までにログアウト...",False,2026-07
okrdhdnvya,1784888917256,naniwa-danshi-nd5,2026-09-06,17:30,朱鷺メッセ 新潟コンベンションセンター,electronic,none,ランダム,あい,5.0,,ランダム,2026-07-24 10:28:37,2026-08-27 16:01:18,,listing,1,19000,"即購入可能 ご希望であればプライベート出品に変更しますので購入前に必ずメッセージをお願いいたします。
・公演当日、開場時間30分前に会場付近で待ち合わせし同時入場していただきます。詳しい待ち合わせ場所や時間についてはご購入後、連絡ボードにてお知らせいたします。
・当日電波不慮の際にお電話させていただく場合がございますため、お支払い完了後お電話番号をご提示ください。
・入場時、発券にご協力いただきますため、買い手様の公的身分証をお預かりさせていただきます。入場後、チケットと引き換えに身分証の返却をさせていただきます。トラブルがない限り封筒は開けませんのでご安心ください。
・公演当日、如何なる理由でも集合時間に遅れた場合は待たずに入場させて頂きますので時間厳守でお願い致します。集合時間に遅れた場合でも必ず受取評価していただきますのでご了承ください。
・入場後チケットを一度回収し、こちらで座席選択後にランダムで配布させて頂きます。名義数や会員番号の提示は出来ませんので、質問等お控えください。買い手様に座席選択権はございません。座席のクレームもお受けできません。
・座席選択にお時間をいただきますが、早くお渡しできる可能性もございます。遅くても開演前までにはお渡しします。
・ランダムエラー、体調不良、遅刻、メンバーの不在等、公演中止以外の如何なる場合でも返金対応は一切致しかねます。買い手様都合でのキャンセルの場合、入場はしなくても受取通知を必ずお願いいたします。
・代理購入は不可です。当日お越しになる方がご自身のアカウントでご購入ください。また、男性、中学生以下の方、外国人の方、お身体の不自由な方、キャリーバックを持った方、赤ちゃん連れの方、盗撮をされる方のご購入もご遠慮ください。
・当日引いた座席の中から相場買取は上乗せで対応いたします。
・20分前までにお渡し(早渡し)ご希望の方は+0.5(+手数料)で対応可能なのでコメントにてお問い合わせください。
・手持ち2枚ありますので2枚分のお譲りも可能ですが、連番確約は不可となります。お渡し時に連番が残っていた場合は連番でお渡しすることは可能です。
・当日こちらの指示通りに動いていただける方のみご購入をお願いします。
以上の内容を理解し同意できる方のみ購入をお願いいたします。
危険を回避するため、匿名アカウントの方とはお取引いたしかねます。",True,2026-07
uym3igaklf,1784029206952,naniwa-danshi-nd5,2026-09-06,17:30,朱鷺メッセ 新潟コンベンションセンター,electronic,female,5名義中5番手,も,5.0,,,2026-07-14 11:40:06,2026-08-27 16:01:18,,listing,1,25000,"5名義中5番手
⭐️全て前回スタンド⭐️
1部サイト残り当日手渡し可能です⭕️
プラベル通しも🉑
下3桁提示/すり替えなし/全て初期当選/有効期限内/
開場30分前に会場付近にて集合。
入場後1度全ての半券を回収し、5番手のチケットをお渡しいたします。
公演中止以外のいかなる場合も返金、キャンセルは致しかねます。",True,2026-07
sold_naniwa-danshi-nd5_1783680369979_49999,1783680369979,naniwa-danshi-nd5,2026-09-06,17:30,朱鷺メッセ 新潟コンベンションセンター,electronic,female,公演日前日にログイン情報お伝えいたします,,,,,2026-07-10 10:46:09,2026-08-27 16:01:18,2026-08-27 07:17:28,sold,1,49999,"FC先行、単番QR毎、有効期限内、重複すり替えなし、ご希望でしたら下3桁提示可能、郵便物等戻りなし、着ブロ指定なし、コンビニ決済
公演日前日に会員番号・パスワー...",False,2026-07
0owpsoqfra,1784559215054,naniwa-danshi-nd5,2026-09-06,17:30,朱鷺メッセ 新潟コンベンションセンター,electronic,female,公演前日QRコード共有,ほち,5.0,,QR,2026-07-20 14:53:35,2026-08-27 16:01:18,,listing,2,50000,"初期当選/QR毎/下3桁提示可能/有効期限内/当選歴なし名義
・公演日前日にログイン情報をお伝えします。
・入場後は速やかにログアウトと受取評価をお願い致します。
・本人確認、ランダムエラー、交通機関の乱れ、体調不良、出演者の変更等いかなる都合においてもご購入後のキャンセル、返金は致しかねます。
・座席についてのクレーム、返金対応等は一切受け付けません。",True,2026-07
xhkeowy4i9,1783688443430,naniwa-danshi-nd5,2026-09-06,17:30,朱鷺メッセ 新潟コンベンションセンター,electronic,female,番手,👼🏻‎,5.0,,番手,2026-07-10 13:00:43,2026-08-27 16:01:18,,listing,1,42000,"⭐️お値下げ可能⭐️お気軽にお声かけください。
少数ランダムの場合大幅値下げ検討しております！
3名義中3番手 すり替えなし サイチェン可 下3桁提示可
入場後は速やかに受け取り連絡をお願いします。
本人確認・ランダムエラー・体調不良・交通遅延等の理由等での如何なる場合でも返金致しません。
必ず受け取り評価はして頂きますので、ご了承ください。
なお、公演中止の場合のみ手数料を引いた全額返金致します。",True,2026-07
hxmzd77f58,1783665397095,naniwa-danshi-nd5,2026-09-06,17:30,朱鷺メッセ 新潟コンベンションセンター,electronic,female,公演日前日までにログイン情報共有,め,5.0,,QR,2026-07-10 06:36:37,2026-08-27 16:01:18,,listing,2,78000,"⭐️当選歴なし名義(初当選)⭐️
FC先行／初回当選／2連番／
QR毎／重複すり替えなし
着ブロ希望なし／下3桁提示可能
取引方法
公演前日までにログイン情報をお伝えしますので、
ご自身でログインの上、ご入場ください。
*  同意チェックについては、ご購入者様ご自身で操作をお願い致します。
*  入場後は速やかにログアウトの上、受取連絡をお願いいたします。開演時間までのご対応をお願い致します。
* QR毎について理解している方のみご購入ください。
*  公演中止の際は、手数料を差し引いた金額のみご返金させて頂きます。
*  公演中止以外（座席のクレーム、体調不良、公共交通機関の乱れ、運休、出演者変更、ランダムエラー、赤線エラー等の理由）は、如何なる場合も返金致しませんのでご了承ください。
*  席種判明後立見表記だった場合や、相場変動、本人確認やエラー等で入場頂けなかった場合、入場後公演をご覧になられなかった場合にも受取連絡はして頂きます。如何なる場合にもキャンセルはお受け致しません。
以上の事項を全てご理解頂ける方でお願いしております。
その他ご不明点がありましたら、お気軽にお声掛けください。",True,2026-07
sold_naniwa-danshi-nd5_1783694589631_48000,1783694589631,naniwa-danshi-nd5,2026-09-06,17:30,朱鷺メッセ 新潟コンベンションセンター,electronic,female,公演日前日までにログイン情報送付,,,,,2026-07-10 14:43:09,2026-08-27 16:01:18,2026-08-27 07:17:28,sold,1,48000,"初期当選/単番/QRごと/重複すり替えなし/下三桁開示可/有効期限内/着ブロなし/郵送物戻りなし/過去エラーなし

・同行チェック可能
・過去ツアー、スタンド中...",False,2026-07
s28n5yqgv2,1784746301732,naniwa-danshi-nd5,2026-09-06,17:30,朱鷺メッセ 新潟コンベンションセンター,electronic,female,同行,ぬるま,5.0,,同行,2026-07-22 18:51:41,2026-08-27 16:01:18,,listing,2,50000,"2名義中2番手のお譲りです。
初期当選/有効期限内/すり替えなし/下3桁提示可
公演当日、開場15分前に会場付近にて待ち合わせし同時入場して頂きます。詳しい待ち合わせ時間、場所等は公演日までに取引メッセージにてご連絡させていただきます。
遅刻された場合は待たずに入場致しますが、その場合も受け取り評価をしていただきますので予めご了承ください。
同時入場後、座席選択にお時間を頂く場合がございます。当方が座席選択後、選ばなかった方のチケットをお渡し致します。
その際にその場で受け取り評価をお願いいたします。
お席についてのクレーム等はお受けできませんので予めご了承ください。録画等名義に傷がつく可能性のある行為はお控えください。
代理購入はお控えください。当日は必ず購入者様ご本人がお越しいただくようお願い致します。
公演中止以外のいかなる場合も返金対応致しかねます。
上記の内容を全てご理解いただいた上で、日本語の通じる方のみご購入をお願いいたします。
ご購入頂いた時点でキャンセル不可、上記全てに同意していただいたとみなします。",True,2026-07
ig7awzp2iz,1783670210668,naniwa-danshi-nd5,2026-09-06,17:30,朱鷺メッセ 新潟コンベンションセンター,electronic,female,公演日前日にQRコード共有,ゆ,5.0,,QR,2026-07-10 07:56:50,2026-08-27 16:01:18,,listing,2,70000,"※プラベルにて出品させていただきますのでメッセージお願いいたします。
FC先行/2枚QR毎/初期当選/有効期限内/着ブロ指定なし/すり替えなし/下3桁提示可/発送物戻りなし/同一名義にて過去エラーなし
公演日前日にログイン情報をお送りいたします。
公演中止の場合は定価+手数料を引いた差額を返金いたします。その他当日の体調不良、出演者変更、本人確認や赤線エラー、システムエラーなどのいかなる場合も返金は致しませんので、ご了承下さい。",True,2026-07
px7xr1m3ka,1783884014166,naniwa-danshi-nd5,2026-09-06,17:30,朱鷺メッセ 新潟コンベンションセンター,electronic,none,同行,k.,5.0,,ランダム,2026-07-12 19:20:14,2026-08-27 16:01:18,,listing,2,20700,"FC先行 ランダム配布
16時頃待ち合わせを予定しております
ランダム配布の為買い手様の座席選択はできません、こちらでさせて頂きます。
又、デジダルチケットの為チケットを発券するまで座席は未定です。
入場後チケットを一度全て回収させて頂きます、座席選択にお時間を頂きます
開演5~10分前に再集合し買い手様へチケットをお渡しさせて頂く予定ですが、多少お時間が前後する場合もございます。
再集合する迄は自由に過ごして頂いて溝いません、再集合する場所等は入場後お伝え致します。
会場内での電波障害等が予想されます、連絡ボートが使えない場合や緊急でご連絡をさせて頂く場合に直接連絡の取れる電話番号をお伺いさせていただきますのでご協力頂きますようお願い致します。
記載してある通りランダム配布となりますので、お渡しするチケットの座席・チケットお渡しまでの時間等へのクレーム、他一切受付ません
ランダムエラー、買い手様都合のキャンセル等、他如何なる場合でも返金できかねますのでご了承ください
必ず受け取り評価をしていただきます
購入された際は上記全て了承したものとします",True,2026-07
3l351d6h00,1784029342974,naniwa-danshi-nd5,2026-09-06,17:30,朱鷺メッセ 新潟コンベンションセンター,electronic,female,すり替えなしランダム,も,5.0,,ランダム記載あり,2026-07-14 11:42:22,2026-08-27 16:01:18,,listing,1,25000,"すり替えなしランダム配布
⭐️全て前回スタンド⭐️
1部サイト残り当日手渡し可能です⭕️
プラベル通しも🉑
下3桁提示/すり替えなし/全て初期当選/有効期限内/
開場30分前に会場付近にて集合。
入場後1度全ての半券を回収し、発券した中からランダムでチケットをお渡しいたします。
公演中止以外のいかなる場合も返金、キャンセルは致しかねます。",True,2026-07
sold_naniwa-danshi-nd5_1783653217510_42000,1783653217510,naniwa-danshi-nd5,2026-09-06,17:30,朱鷺メッセ 新潟コンベンションセンター,electronic,female,公演2日前QRごと,,,,,2026-07-10 03:13:37,2026-08-27 16:01:18,2026-08-27 07:17:28,sold,2,42000,"メッセージ頂けたらプライベート出品させて頂きますのでお願いいたします。

座席未定/QRごと/重複すり替え無し/初期当選/有効期限内名義/下3桁提示可能

・公...",False,2026-07
3jplriz3po,1783665370195,naniwa-danshi-nd5,2026-09-06,17:30,朱鷺メッセ 新潟コンベンションセンター,electronic,female,２日前にログイン情報お伝え,Hina,5.0,,QR,2026-07-10 06:36:10,2026-08-27 16:01:18,,listing,1,55000,"座席未定 QR 初期当選/重複.すり替えなし /有効期限内/会員番号下3桁お伝え可/
公演の2日前〜前日にはログイン情報お伝えします。
公演中止以外の購入者様都合による取引キャンセル.本人確認による入場不可.赤線エラー.体調不良担当不在等の返金は致しかねます。当日当方は会場におりませんので本人確認の対応はできかねます。お席のクレームは受け付けません。入場できましたら速やかに受け取り評価して下さい。上記、ご納得した上でご購入をお願いいたします。",True,2026-07
5u95jtbtop,1783883940047,naniwa-danshi-nd5,2026-09-06,17:30,朱鷺メッセ 新潟コンベンションセンター,electronic,female,同行,k.,5.0,,ランダム,2026-07-12 19:19:00,2026-08-27 16:01:18,,listing,1,10400,"FC先行 ランダム配布
16時頃待ち合わせを予定しております
ランダム配布の為買い手様の座席選択はできません、こちらでさせて頂きます。
又、デジダルチケットの為チケットを発券するまで座席は未定です。
入場後チケットを一度全て回収させて頂きます、座席選択にお時間を頂きます
開演5~10分前に再集合し買い手様へチケットをお渡しさせて頂く予定ですが、多少お時間が前後する場合もございます。
再集合する迄は自由に過ごして頂いて溝いません、再集合する場所等は入場後お伝え致します。
会場内での電波障害等が予想されます、連絡ボートが使えない場合や緊急でご連絡をさせて頂く場合に直接連絡の取れる電話番号をお伺いさせていただきますのでご協力頂きますようお願い致します。
記載してある通りランダム配布となりますので、お渡しするチケットの座席・チケットお渡しまでの時間等へのクレーム、他一切受付ません
ランダムエラー、買い手様都合のキャンセル等、他如何なる場合でも返金できかねますのでご了承ください
必ず受け取り評価をしていただきます
購入された際は上記全て了承したものとします",True,2026-07
x1fddq82a5,1783705442978,naniwa-danshi-nd5,2026-09-06,17:30,朱鷺メッセ 新潟コンベンションセンター,electronic,female,同時入場,こ,5.0,,番手,2026-07-10 17:44:02,2026-08-27 16:01:18,,listing,2,33000,"2名義中2番手
初期当選/有効期限内/下3桁表示可能 /すり替えなし
/サイチェン不可
・日本語の話せる女性の方限定
・開場前に会場付近にて待ち合わせし、同時入場していただきます。待ち合せ時間、待ち合せ場所の詳細は公演当日までに取引メッセージにてご連絡させていただきます。
・入場前に身分証明書をお預かりさせていただきます。中身の見えない封筒に入れていただきご持参よろしくお願いします。
・入場後は一度チケットを回収し、こちらが座席を選択した後チケットをお渡しします。その際、お預かりした身分証明書も一緒にお返し致します。座席確認のためお時間いただく可能性もございますが、入場からチケット受け渡しまでできる限り迅速に対応させていただきます。座席に関するクレームは一切受け付けませんので、ご了承ください。
円滑にチケットのお渡しができるようお電話番号をお伺いする場合がございます。
チケットお渡し後、速やかに受け取り評価をお願い致します。
体調不良、ランダムエラー、システムエラー、本人確認、交通機関の遅延、出演者の変更等、いかなる場合も返金・キャンセル対応はいたしかねます。
公演中止の場合のみ、送料・手数料を差し引いた金額を返金いたします。",True,2026-07
sold_naniwa-danshi-nd5_1785144187566_43000,1785144187566,naniwa-danshi-nd5,2026-09-06,17:30,朱鷺メッセ 新潟コンベンションセンター,electronic,female,公演日7日前までにQRコード共有,,,,,2026-07-27 09:23:07,2026-08-27 16:01:18,2026-08-27 07:17:28,sold,1,43000,"FC先行/QR毎/有効期限内名義/変更ボタン有/前回スタンド名義/下3桁提示可/返送物戻りなし/ペイジー決済

今までの当選歴お伝え可能です。
希望の際はコメン...",False,2026-07
xngcocpyct,1785076433153,naniwa-danshi-nd5,2026-09-06,17:30,朱鷺メッセ 新潟コンベンションセンター,electronic,female,番手,y,5.0,,番手,2026-07-26 14:33:53,2026-08-27 16:01:18,,listing,2,39000,"3名義中2番手
✨3名義すべて当選歴無し（初当選名義）✨
FC/座席未定/初期当選/QR毎/有効期限内/重複すり替えなし/下3桁提示
プラベル、プライベート出品対応可能
30分以内にお渡しできるよう努めます
・入金後のキャンセルは一切受け付けません。
・急な出演者変更、体調不良や交通機関の乱れ、ランダムエラー等公演中止以外いかなる場合でも返金はできかねます。
・集合時間は時間厳守でお願いいたします。どのような理由であっても遅れた場合は先に入場する可能性があります。その場合でも全額お支払いしていただきます。
・入場時チケットを一旦回収いたします。座席に関してのクレームは一切受け付けません。
上記了承いただける日本人女性のみご購入お願いします。",True,2026-07
sold_naniwa-danshi-nd5_1783867910518_48000,1783867910518,naniwa-danshi-nd5,2026-09-06,17:30,朱鷺メッセ 新潟コンベンションセンター,electronic,female,前日夕方にログ情お伝え,,,,,2026-07-12 14:51:50,2026-08-27 16:01:18,2026-08-27 07:17:28,sold,1,48000,"QRごと 単番 エラー歴なし 下3桁お伝え Pay-easy支払い 有効期限内 当選歴お伝え不可 

※プラベ出品に切り替えるためご連絡ください
体調不良、出演...",False,2026-07
sold_naniwa-danshi-nd5_1783843857758_48000,1783843857758,naniwa-danshi-nd5,2026-09-06,17:30,朱鷺メッセ 新潟コンベンションセンター,electronic,female,同行,,,,,2026-07-12 08:10:57,2026-08-27 16:01:18,2026-08-27 07:17:28,sold,1,48000,"初期当選/有効期限内/すり替えなし同行/下3桁提示可/着ブロ希望なし/payeasyで入金済み
トラブル防止のため道枝担ご遠慮ください

購入ご希望の場合プラベ...",False,2026-07
o9pun2jfml,1785406363516,naniwa-danshi-nd5,2026-09-06,17:30,朱鷺メッセ 新潟コンベンションセンター,electronic,female,ランダム配布,かずらぶ,5.0,,ランダム,2026-07-30 10:12:43,2026-08-27 16:01:18,,listing,1,20000,"FC先行 ランダム配布
16時頃待ち合わせを予定しております
ランダム配布の為買い手様の座席選択はできません、こちらでさせて頂きます。
又、デジダルチケットの為チケットを発券するまで座席は未定です。
入場後チケットを一度全て回収させて頂きます、座席選択にお時間を頂きます
開演10分前に再集合し買い手様へチケットをお渡しさせて頂く予定ですが、多少お時間が前後する場合もございます。
再集合する迄は自由に過ごして頂いて溝いません、再集合する場所等は入場後お伝え致します。
会場内での電波障害等が予想されます、連絡ボートが使えない場合や緊急でご連絡をさせて頂く場合に直接連絡の取れる電話番号をお伺いさせていただきますのでご協力頂きますようお願い致します。
記載してある通りランダム配布となりますので、お渡しするチケットの座席・チケットお渡しまでの時間等へのクレーム、他一切受付ません
ランダムエラー、買い手様都合のキャンセル等、他如何なる場合でも返金できかねますのでご了承ください
必ず受け取り評価をしていただきます
購入された際は上記全て了承したものとします",True,2026-07
sold_naniwa-danshi-nd5_1785459995167_38000,1785459995167,naniwa-danshi-nd5,2026-09-06,17:30,朱鷺メッセ 新潟コンベンションセンター,electronic,female,公演日前日夜にQRコード共有,,,,,2026-07-31 01:06:35,2026-08-27 16:01:18,2026-08-27 07:17:28,sold,2,38000,"FC×FC/QR毎/座席未定/初期当選/有効期限内/重複すり替えなし/下3桁提示可能

当選歴
ドーム落選/前回横アリアリーナ（実質スタンド）15列目以降

公...",False,2026-07
iw57vyzurx,1783842256649,naniwa-danshi-nd5,2026-09-06,17:30,朱鷺メッセ 新潟コンベンションセンター,electronic,female,同行募集,いこ❤️,5.0,,同行,2026-07-12 07:44:16,2026-08-27 16:01:18,,listing,1,48000,"ご覧いただきありがとうございます。
1枚単番/初期当選、初当選/すり替え重複なし
当方西畑担との同行になります。
公演中止時のみ返金いたします。開場時間20分前を目処に集合いただき、同時入場いたします。サイチェンはしていただいてかまいません。
Chatにてお値下げ可能です。なるべく早いうちに決めたいため（今週中）お値下げ検討します。",True,2026-07
9tlnwtdp3c,1785059709644,naniwa-danshi-nd5,2026-09-06,17:30,朱鷺メッセ 新潟コンベンションセンター,electronic,female,公演日7日前までにQRコード共有,kk,5.0,,QR,2026-07-26 09:55:09,2026-08-27 16:01:18,,listing,2,44000,"当方20⬆️
成人されていない方との取引ご遠慮しております。
初期当選/下3桁提示可/有効期限内/すり替えなし
QR毎でのお譲りです",True,2026-07
hl5du998il,1784189721520,naniwa-danshi-nd5,2026-09-06,17:30,朱鷺メッセ 新潟コンベンションセンター,electronic,female,同時入場,♡,5.0,,番手,2026-07-16 08:15:21,2026-08-27 16:01:18,,listing,2,45000,"2名義中2番手
🌟前回スタンド後方又は天井名義のみ
初期当選/期限内/下3桁提示可/着ブロ指定なし
お取引確定後プライベート出品に変更しそちらにてお取引していただきます。(金額は4.5/枚＋手数料になります。)
プラベルでのお取引も可
・詳しい待ち合わせ時間、場所等は前日までにご連絡いたします。
・チケットお渡し後サイチェン等ご自由にしていただいて構いませんが名義を傷つける行為は必ずしないようお願いいたします。
・発券時のランダムエラー、本人確認、体調不良、公共交通機関の遅延、その他ご購入者様のご都合によるキャンセル・返金には対応いたしかねますので、予めご了承ください。
・公演が中止となった場合に限り、手数料を差し引いた金額をご返金いたします。
上記ご了承いただける日本人の方のみご購入お願いいたします。",True,2026-07
sold_naniwa-danshi-nd5_1783669054986_49000,1783669054986,naniwa-danshi-nd5,2026-09-06,17:30,朱鷺メッセ 新潟コンベンションセンター,electronic,female,公演日2日前にログイン情報譲渡,,,,,2026-07-10 07:37:34,2026-08-27 16:01:18,2026-08-27 07:17:28,sold,1,49000,"	QR毎/すり替えなし/下3桁提示/初当選/成人済み女性名義
公演日2日前に必要な情報を連絡ボードにてお伝えします。
ご購入者様ご自身による同意チェックをお願い...",False,2026-07
25rp02f10c,1784463490190,naniwa-danshi-nd5,2026-09-19,13:30,あなぶきアリーナ香川,electronic,female,同行,な,5.0,,番手,2026-07-19 12:18:10,2026-08-27 16:01:18,,listing,2,85000,"2名義中2番手すり替えなし初期当選
有効期限内下3桁提示可能
会場付近に12時頃集合し、同時入場していただきます。
詳しい集合時間、場所は決まり次第ご連絡させていただきます。
同時に入場後、1度チケットを回収いたします。2名義中の2番手でのお渡しです。
座席選択の権利はありませんのでご了承ください。
端末をお借りする可能性がありますので、予めご了承ください。その際は入場後にすぐにログアウトをしていただきます。持ち逃げ防止のため、身分証明書を一時的にお預かりし、チケットお渡しの際に返却させて頂きます。電話でのやり取りの可能性がある為、購入後はお手数ですが電話番号のご提示お願いします。
遅刻、ランダムエラー、体調不良、本人確認、会場内でのトラブル、公共交通機関の乱れ等、如何なる場合でもキャンセルは不可能でございます。返金も致しかねます。
代理購入、日本語が不自由な方はご遠慮ください。
よろしくお願いいたします。
プラベル対応可能ですのでご希望の方はメッセージよりお願いいたします。",True,2026-07
mr4o1gu1sj,1784348832872,naniwa-danshi-nd5,2026-09-19,13:30,あなぶきアリーナ香川,electronic,female,同行,M,5.0,,ランダム,2026-07-18 04:27:12,2026-08-27 16:01:18,,listing,1,26000,"ファンクラブ先行 座席未定 ランダム配布 条件あり
掲載内容を必ずご確認いただき、【ランダム配布について、下記全てご理解いただける方】のみご購入ください。
【下記内容理解されていない、もしくは代理購入など説明文と相違がある場合は買い手様にキャンセル料をお支払い頂いた後にキャンセルさせていただきますのでご了承ください】
・公演当日、開場30分前目安に会場付近で待ち合わせし、同時入場していただきます。
・すり替えありのランダム配布のため、買い手様に座席選択権はございません。
・入場後、1度チケットを全て回収し、解散いたします。
・チケットお渡しまでに時間をいただきますが、開演前までにはお渡しします。
・購入後、取引画面にて【当日連絡をとれる電話番号】をご教示ください。チケットお渡し再集合時にはそちらの電話番号へ連絡いたしますので正しい番号をお願いします。
・解散後はこちらとの連絡がとれる状態にしていただければ自由にしていただいて問題ございませんが、会場内の混雑や事前の電話番号間違いで連絡が取れなかった等買い手様都合で受け渡しが遅れた場合こちらで責任は負いません。
・チケットとお渡しと同時に必ず受け取り完了を実施いただきます。
・当日遅刻等で間に合わなかった場合は先に入場しますが、その場合でも受け取り通知はしていただきますので、時間に余裕のある方のみご購入ください。
・公演中止の際はサイトの指示に従って、取引キャンセルになりますが、当日の遅刻や体調不良、エラー表示などで入場出来なかった場合でも取引は完了させていただき返金は致しかねます。
・代理購入はお控えください。
・入場時にQR表示をお願いした方に、一時的に身分証を預かる場合があります。
・以上をご了承いただける日本人女性のみご購入ください。",True,2026-07
sold_naniwa-danshi-nd5_1783677212077_45000,1783677212077,naniwa-danshi-nd5,2026-09-19,13:30,あなぶきアリーナ香川,electronic,female,QRコードのため当日発券時まで座席未定,,,,,2026-07-10 09:53:32,2026-08-27 16:01:18,2026-08-27 07:17:28,sold,2,45000,"★初心者の方、初めての方でも丁寧に説明させていただきます。安心いただけるお取引を心がけます。 
  
★少人数集合（2〜6人予定）
大人数が苦手な方も安心してご...",False,2026-07
sold_naniwa-danshi-nd5_1783884164510_31100,1783884164510,naniwa-danshi-nd5,2026-09-19,13:30,あなぶきアリーナ香川,electronic,none,同行,,,,,2026-07-12 19:22:44,2026-08-27 16:01:18,2026-08-27 07:17:28,sold,1,31100,"FC先行 ランダム配布 

12時頃待ち合わせを予定しております

ランダム配布の為買い手様の座席選択はできません、こちらでさせて頂きます。

又、デジダルチケ...",False,2026-07
giqodxbwx4,1783735686508,naniwa-danshi-nd5,2026-09-19,13:30,あなぶきアリーナ香川,electronic,female,同行,n,5.0,,同行,2026-07-11 02:08:06,2026-08-27 16:01:18,,listing,1,80000,"2連中の1枚/重複無し同行/下三桁提示可/初期当選/期限内/発送物戻り無し/大橋担不可
待ち合わせは開場時間を予定しております。
チケット受け取りと同時に受け取り通知をお願い致します。
入場後はご自由に行動していただいて大丈夫です。
お取引決定後のキャンセル、座席へのクレームなどはいかなる場合でも一切承りません。
公演中止以外の返金はできません。
遅刻は厳禁です。公共交通機関の遅延など場合でも承れませんのでご了承ください。
成人済みの日本人女性のみご購入をお願い致します。",True,2026-07
sold_naniwa-danshi-nd5_1783666688353_43000,1783666688353,naniwa-danshi-nd5,2026-09-19,13:30,あなぶきアリーナ香川,electronic,female,QRコードのため当日発券時まで座席未定,,,,,2026-07-10 06:58:08,2026-08-27 16:01:18,2026-08-27 07:17:28,sold,1,43000,"★初心者の方、初めての方でも丁寧に説明させていただきます。安心いただけるお取引を心がけます。 
  
★少人数集合（2〜4人予定）
大人数が苦手な方も安心してご...",False,2026-07
kxc4v8bs19,1783986168763,naniwa-danshi-nd5,2026-09-19,13:30,あなぶきアリーナ香川,electronic,female,2名義中2番手,ゐ,5.0,,番手,2026-07-13 23:42:48,2026-08-27 16:01:18,,listing,2,62000,"こちらは2名義中2番手(2連)になります。
初当選1、前回スタンド1の2名義です。
成人済女性のみ/代理購入は御遠慮ください。
名義はすべて初期当選/有効期限内/同一クレカなし/下3桁提示可/すり替えなし。
すべて管理下名義になりますため、他Gもあわせて過去にランダムエラー/発送物戻りはございません。
万が一ランダムエラー等で入場出来なかった場合でも返金はいたしません。
公演中止の場合のみ返金対応とさせていただきます。
当日の集合時間/場所は別途ご連絡差し上げます。遅刻は他の方を待たせてしまいますため、御遠慮ください。
入場後は一度解散し、遅くとも開演15分前までにはチケットをお渡しいたします。
その際、電波状況次第ではお電話番号をお伺いさせていただきますのでご理解くださいませ。
お取引成立の場合は、ここまですべて一読いただいたとみなします。
よろしくお願いいたします。",True,2026-07
ir0mrhhvyv,1783666524621,naniwa-danshi-nd5,2026-09-19,13:30,あなぶきアリーナ香川,electronic,female,【3名義中3番手】【すり替えなし】【下3桁提示可能】,n,4.9,,ランダム記載あり,2026-07-10 06:55:24,2026-08-27 09:01:06,,deleted,2,58900,"3名義中3番手
すり替えなし 下3桁提示可能 初期当選 有効期限内 着ブロ選択なし
・当日会場付近にてお待ち合わせし、同時入場お願いいたします。
お待ち合せ時間、お待ち合せ場所の詳細は公演当日までに取引メッセージにてご連絡させていただきます。
・入場後は一度チケットを回収し、座席確認の後、3名義中3番手にてチケットをお渡しさせていただきます。
座席確認のためお時間いただく可能性もございますが、入場からチケット受け渡しまでできる限り迅速に対応させていただきます。
・当日は時間厳守で集合をお願いいたします。ご購入者様の遅刻は到着を待たずに入場させていただきます。お時間に余裕を持ってお越しください。
出演者変更、入場時のランダムエラー、本人確認、交通機関の遅延、体調不良、座席などへのクレームでの返金は一切致しかねます。
・代表者として入場していただく可能性がございます。
その場合、QRコードを開いた状態でこちらのスマホ端末をお渡しいたしますので、一律で端末持ち逃げ防止のため一時的に身分証をお預かりさせていただきます。入場後、チケットと端末をお渡し/返却いただくタイミングにて、速やかに身分証を返却いたします。
（ご購入者様の端末をお借りしてログインさせていただく場合もございますのでご承知ください。）
（場合によってはQRごとのお譲りとなる可能性もございます。）
・トラブル防止のため代理購入不可
必ず当日いらっしゃる方が落札をお願いいたします。
・公演中止以外ではいかなる理由でもキャンセル、返金は承れません。",True,2026-07
sold_naniwa-danshi-nd5_1783654104348_60000,1783654104348,naniwa-danshi-nd5,2026-09-19,13:30,あなぶきアリーナ香川,electronic,female,2名義中2番手,,,,,2026-07-10 03:28:24,2026-08-27 16:01:18,2026-08-27 07:17:28,sold,1,60000,"2名義中2番手/すり替えなし/有効期限内名義/下3桁提示可能/着ブロなし

会場付近にて、開場時間の10分前に集合していただき同時入場となります。その後1度チケ...",False,2026-07
sold_naniwa-danshi-nd5_1784092338975_65000,1784092338975,naniwa-danshi-nd5,2026-09-19,13:30,あなぶきアリーナ香川,electronic,female,当日,,,,,2026-07-15 05:12:18,2026-08-27 16:01:18,2026-08-27 07:17:28,sold,2,65000,"初期当選/2名義中2番手/すり替えなし/発送物戻りなし/有効期限内/着ブロ希望なし/下3桁提示可/サイチェン可/藤原担不可

2名義中2番手となります。藤原担の...",False,2026-07
kl8f7fv29y,1783907884759,naniwa-danshi-nd5,2026-09-19,13:30,あなぶきアリーナ香川,electronic,female,条件なしすり替えなし同行,あ,5.0,,ランダム記載あり,2026-07-13 01:58:04,2026-08-27 16:01:18,,listing,1,81000,"条件なし､初期当選､重複なし､下3桁提示可､ 2連中の1枚
公演当日は会場付近で待合せし同時入場して頂きます。
詳しい待合せ時間・場所等は、ご入金後にマイページの連絡ボードでお知らせします。
コロナ感染及び発熱、体調不良、ランダムエラー、本人確認により入場出来なかった場合、交通機関の遅延等、購入後のキャンセルクレーム返金一切不可。また出演者変更等でのキャンセル及び返金対応も不可とさせて頂きます。集合時間に10分以上遅刻された場合待たずにそのまま入場させて頂きますが、その場合でも受取連絡は必ずして頂きます。公演中止以外での返金対応は一切致しません。公演中止以外は如何なる場合でも受取連絡して頂きます。
チケットお渡し後はその場で受取連絡お願いします。お渡し後サイチェン等好きにして頂いて構いません。
公演当日こまめに連絡が取れ日本語が話せる女性の方のみでお願いします。代理購入はお控えください。当日連絡が取れる端末を必ずお持ち下さい。またチケット持ち逃げ防止の為、公的身分証明書（顔付）を一時的にお預かりさせて頂きますので必ずご持参ください。受取連絡確認後すぐお返しします。
以上御理解頂いた方のみ購入お願いします。",True,2026-07
sold_naniwa-danshi-nd5_1783665392971_45000,1783665392971,naniwa-danshi-nd5,2026-09-19,13:30,あなぶきアリーナ香川,electronic,female,QRコードのため当日発券時まで座席未定,,,,,2026-07-10 06:36:32,2026-08-27 16:01:18,2026-08-27 07:17:28,sold,2,45000,"★初心者の方、初めての方でも丁寧に説明させていただきます。安心いただけるお取引を心がけます。 
  
★少人数集合（2〜4人予定）
大人数が苦手な方も安心してご...",False,2026-07
8k1ftq4fge,1783683613992,naniwa-danshi-nd5,2026-09-19,13:30,あなぶきアリーナ香川,electronic,female,同行,a m,5.0,,同行,2026-07-10 11:40:13,2026-08-27 16:01:18,,listing,1,85000,"2連中の1枚/重複無し同行/下三桁提示可/初期当選/期限内/発送物戻り無し/前回スタンド名義
ご購入希望の際は年齢と担当をコメントしてください。
長尾担不可です。
待ち合わせは開場時間を予定しております。
チケット受け渡しと同時に受け取り通知をお願いいたします。
入場後はご自由に行動していただいて大丈夫です。
お取引決定後のキャンセル、座席へのクレームなどはいかなる場合でも一切承りません。
ランダムエラー時含め、公演中止以外の返金はできません。
遅刻は厳禁です。公共交通機関の遅延など場合でも承れませんのでご了承ください。
代理購入はお断りいたします。
成人済みの日本人女性のみご購入をお願い致します。",True,2026-07
sold_naniwa-danshi-nd5_1783693521337_43000,1783693521337,naniwa-danshi-nd5,2026-09-19,13:30,あなぶきアリーナ香川,electronic,female,QRコードのため当日発券時まで座席未定,,,,,2026-07-10 14:25:21,2026-08-27 16:01:18,2026-08-27 07:17:28,sold,1,43000,"★初心者の方、初めての方でも丁寧に説明させていただきます。安心いただけるお取引を心がけます。 
  
★少人数集合（2〜6人予定）
大人数が苦手な方も安心してご...",False,2026-07
sp8tj4fn92,1783828936445,naniwa-danshi-nd5,2026-09-19,13:30,あなぶきアリーナ香川,electronic,female,同行,ゆ,5.0,,同行,2026-07-12 04:02:16,2026-08-27 16:01:18,,listing,1,78000,"2連中1枚 当方と同行 (長尾担不可)
初期当選/初当選/重複すり替え無し/下3桁提示可/有効期限内/発送物戻り無し/サイチェン可
集合時間場所等は、公演日前日までに連絡ボードにてお伝えいたします。
チケットと引き換えに、受取連絡をお願いいたします。
座席に関するクレームは一切受け付けません。
サイチェンは可能ですが担当配慮、名義に傷がつかない範囲でお願いいたします。
当日は時間厳守でお願いいたします。
遅刻等で待ち合わせ時間に間に合わなかった場合でも受取連絡はしていただきますのでご了承ください。
公演中止以外でのランダムエラー、席種、本人確認、体調不良、担当不在、交通機関の乱れいかなる場合でも返金キャンセル不可です。
購入された方は全てご了承いただけたものとします。",True,2026-07
giv6yxqo3i,1783840258052,naniwa-danshi-nd5,2026-09-19,13:30,あなぶきアリーナ香川,electronic,female,同行,R,5.0,,同行,2026-07-12 07:10:58,2026-08-27 16:01:18,,listing,1,80000,"初期当選/重複すり替え無し/下3桁提示可/有効期限内/発送物戻り無し/自名義初当選
集合時間は開場時間15分前頃を予定しております。場所等は、公演日前日までに連絡ボードにてお伝えいたします。
チケットと引き換えに、受取連絡をお願いいたします。
座席に関するクレームは受け付けません。
入場後はご自由に行動されて構いませんが、名義に傷がつかない範囲でお願いいたします。
当日は時間厳守でお願いいたします。
遅刻等で待ち合わせ時間に間に合わなかった場合でも受取連絡はしていただきますのでご了承ください。
公演中止以外でのランダムエラー、席種、同行者本人確認、体調不良、担当不在、交通機関の乱れいかなる場合でも返金キャンセル不可です。
全てご了承いただける方のみご購入ください。よろしくお願いいたします。",True,2026-07
f4ybi6p1t7,1784161214060,naniwa-danshi-nd5,2026-09-19,13:30,あなぶきアリーナ香川,electronic,female,同行,あ,5.0,,番手同行,2026-07-16 00:20:14,2026-08-27 16:01:18,,listing,2,58000,"3名義中3番手  すり替えなし
購入希望の方へプラベル出品致しますのでメッセージをお願いいたします。
全て→2連での当選/初期当選/有効期限内/着ブロ希望なし/過去エラー無し/下3桁提示可
3名義とも過去にエラーなど出たことはございません。
公演当日、こちらが指定した場所、時間にて集合していただき同時入場していただきます。
開場時間の約15分前を予定しております。
入場後の段取りは当日ご説明致します。
チケットはなるべく回収しない方法で座席確認後、2番手までが選ばなかった3番手のチケットをお渡しいたします。
2枚で購入の方には必ず連番でお渡しします。
お渡しの際に速やかに受取連絡をしていただきます。
座席のクレーム等は一切受け付けておりません。
こちらのチケットの購入者様は基本的には座席選択権はございません。
サイチェンなどはくれぐれもご注意下さい。
※入場後のスムーズなお取引のために、事前に電話番号交換と一時的にグループLINEを作らせていただく可能性がございます。
またQR表示のために購入者様のお持ちの端末にてログインしていただく場合がございます。
いずれもご協力いただける方のみお願いいたします。
詳しい待ち合わせ場所等は取引画面にてお知らせしますので時間厳守でお願い致します。
遅刻の場合は先に入場しますが受取はして頂きます。
公演中止の際のみ手数料を差し引いた金額をご返金いたします。
本人確認には対応しておりません。
交通機関の遅延、購入者様の体調不良、ランダムエラー等、公演中止以外の返金は致しかねます。
以上全てご理解頂ける日本人女性のみのご購入をお願い致します。",True,2026-07
sold_naniwa-danshi-nd5_1783826464732_37000,1783826464732,naniwa-danshi-nd5,2026-09-19,13:30,あなぶきアリーナ香川,electronic,female,QRコードのため当日発券時まで座席未定,,,,,2026-07-12 03:21:04,2026-08-27 16:01:18,2026-08-27 07:17:28,sold,2,37000,"★初心者の方、初めての方でも丁寧に説明させていただきます。安心いただけるお取引を心がけます。 
  
★少人数集合（2〜6人予定）
大人数が苦手な方も安心してご...",False,2026-07
y99tfuv67n,1785073776696,naniwa-danshi-nd5,2026-09-19,18:00,あなぶきアリーナ香川,electronic,female,同行,K,5.0,,同行,2026-07-26 13:49:36,2026-08-27 16:01:18,,listing,1,75000,"⭐️プラベル希望の方居ましたらそちらで出品致しますのでコメントお願いいたします
公演当日、開場20~30分前を目安に会場付近で待ち合わせをし、同時入場いたします。詳しい場所は当日までに連絡致します。集合時間には必ず【時間厳守】でお願いいたします。スムーズな入場と待ち合わせにご協力ください。入場後は速やかに受取評価をお願いいたします。
遅刻、体調不良、ランダムエラー等のいかなる理由での返金は一切致しかねます。公演中止の場合のみ手数料を引いた金額を返金いたします。またお席に関するクレームは受け付けません。チケットお渡し後はサイチェン等ご自由に行ってください。
※トラブル防止のため日本語が通じる女性のみご購入ください。",True,2026-07
sold_naniwa-danshi-nd5_1783681861395_80000,1783681861395,naniwa-danshi-nd5,2026-09-19,18:00,あなぶきアリーナ香川,electronic,female,公演日前日にQRコード共有,,,,,2026-07-10 11:11:01,2026-08-27 16:01:18,2026-08-27 07:17:28,sold,2,80000,"初期当選/QR毎/下3桁提示可能/着ブロ指定無し

座席未定のため、お席に関するクレームは一切受け付けません。
体調不良、ランダムエラー、システムエラー、本人確...",False,2026-07
m4npy19xlo,1784191737377,naniwa-danshi-nd5,2026-09-19,18:00,あなぶきアリーナ香川,electronic,female,同行,たなは,5.0,,同行,2026-07-16 08:48:57,2026-08-27 16:01:18,,listing,1,75000,"重複無し同行1枚
藤原担不可
デビュツスタンド、ボンボヤアリーナ名義
下3桁提示可/初期当選/期限内名義/サイチェン⭕️/すり替えなし
・ランダムエラーや遅刻等により入場できない場合でも返金は致しかねます。
※公演中止の場合は全額返金致します。",True,2026-07
oavrz27hyg,1783925595984,naniwa-danshi-nd5,2026-09-19,18:00,あなぶきアリーナ香川,electronic,female,同行,_(:3 」∠)_,5.0,,番手,2026-07-13 06:53:15,2026-08-27 16:01:18,,listing,1,55000,"4名義中4番手
FC先行/初期当選/QR下3桁提示/有効期限内/すり替えなし/着ブロ希望なし
開場30分前に待ち合わせし同時入場していただきます。詳しい待ち合わせ時間や場所は連絡ボードにてご連絡いたします。
待ち合わせに5分以上遅刻された場合待たずに入場いたします。その場合も受取連絡していただきますのでご了承ください。交通機関の遅延による遅刻でも返金対応は致しかねますのでお時間に余裕を持ってお越しください。
チケットは一度回収しこちらで座席確認、座席選択した後チケットをお渡しいたします。チケットのお渡しに時間がかかる場合もありますのでご了承ください。座席に関するクレームは一切お受けできません。
開演に間に合うようにチケットをお渡しいたします。
買い手様都合のキャンセル、体調不良、本人確認、ランダムエラ一、交通機関の遅延、電波通信障害、出演者の変更、欠席などいかなる場合も返金対応やキャンセルはいたしかねます。
公演中止の場合のみ手数料を差し引いた金額を返金いたします。
公演中止以外はいかなる理由があっても必ず受取通知をしていただきます。
ご購入いただいた時点で上記の内容を全て了承いただいたものとみなします。",True,2026-07
982poxz3tz,1783884258207,naniwa-danshi-nd5,2026-09-19,18:00,あなぶきアリーナ香川,electronic,female,同行,k.,5.0,,ランダム,2026-07-12 19:24:18,2026-08-27 16:01:18,,listing,1,29000,"FC先行 ランダム配布
16時半頃待ち合わせを予定しております
ランダム配布の為買い手様の座席選択はできません、こちらでさせて頂きます。
又、デジダルチケットの為チケットを発券するまで座席は未定です。
入場後チケットを一度全て回収させて頂きます、座席選択にお時間を頂きます
開演5~10分前に再集合し買い手様へチケットをお渡しさせて頂く予定ですが、多少お時間が前後する場合もございます。
再集合する迄は自由に過ごして頂いて溝いません、再集合する場所等は入場後お伝え致します。
会場内での電波障害等が予想されます、連絡ボートが使えない場合や緊急でご連絡をさせて頂く場合に直接連絡の取れる電話番号をお伺いさせていただきますのでご協力頂きますようお願い致します。
記載してある通りランダム配布となりますので、お渡しするチケットの座席・チケットお渡しまでの時間等へのクレーム、他一切受付ません
ランダムエラー、買い手様都合のキャンセル等、他如何なる場合でも返金できかねますのでご了承ください
必ず受け取り評価をしていただきます
購入された際は上記全て了承したものとします",True,2026-07
sold_naniwa-danshi-nd5_1783654268596_60000,1783654268596,naniwa-danshi-nd5,2026-09-19,18:00,あなぶきアリーナ香川,electronic,female,2名義中2番手,,,,,2026-07-10 03:31:08,2026-08-27 16:01:18,2026-08-27 07:17:28,sold,1,60000,"2名義中2番手/すり替えなし/有効期限内名義/下3桁提示可能/着ブロなし

会場付近にて、開場時間の10分前に集合していただき同時入場となります。その後1度チケ...",False,2026-07
03phkjiqwq,1783656591629,naniwa-danshi-nd5,2026-09-19,18:00,あなぶきアリーナ香川,electronic,female,公演日前日までにQRコード共有,りん,5.0,,QR,2026-07-10 04:09:51,2026-08-27 16:01:18,,listing,2,85000,"FC先行 / 初期当選/ 座席未定 / QR毎 /下3桁提示可/ 有効期限内 / 発送物戻りなし/着ブロ希望なし/ コンビニ決済
プラベ出品対応可能
前回当選ドームスタンド上段
同行者チェックを済ませた状態で、公演日前日にログイン情報をお伝えいたします。
代表者チェックは買い手様にてお願いいたします。
本人確認等で入場できなかった場合のクレーム・返金対応は一切お受けできません。
その他ご本人様の端末の不具合によるエラーや、ランダムエラー、体調不良でのご自身の都合による入場不可の場合等いずれも返金不可となります。
いかなる場合も必ず受け取りを行っていただきます。
主催者側からの公演中止の場合のみ、必要な手数料を差し引いた金額を返金します。
ご入場後、開演前までに必ず受け取り手続き及び速やかにログアウトをお願いいたします。
上記のことを全てをご理解頂ける日本語が通じる方のみご購入をお願いします。
購入された時点で以上同意されたものとみなしますのでよろしくお願いいたします。",True,2026-07
7y30o1ffkz,1784469673742,naniwa-danshi-nd5,2026-09-19,18:00,あなぶきアリーナ香川,electronic,female,公演前日にQRコードを共有,m,5.0,,QR,2026-07-19 14:01:13,2026-08-27 16:01:18,,listing,1,100000,"初応募初期当選/重複すり替えなし/下3桁提示可/着ブロ指定なし/有効期限内名義/発送戻りなし/過去にランエラ等なし
・公演中止以外はいかなる場合でも返金はできません。
・体調不良、遅刻、買い手様都合、ランダムエラーやシステムエラー、本人確認等で入場出来なかった場合や、入場後、退場させられた場合でも、公演中止以外の返金対応は致しません。
・詳細は公演前日に必要な情報を連絡ボードにてお知らせします。
・座席についてのクレームは一切お受けできません。",True,2026-07
vi890lrzsh,1783884304636,naniwa-danshi-nd5,2026-09-19,18:00,あなぶきアリーナ香川,electronic,female,同行,k.,5.0,,ランダム,2026-07-12 19:25:04,2026-08-27 16:01:18,,listing,2,37000,"FC先行 ランダム配布
16時半頃待ち合わせを予定しております
ランダム配布の為買い手様の座席選択はできません、こちらでさせて頂きます。
又、デジダルチケットの為チケットを発券するまで座席は未定です。
入場後チケットを一度全て回収させて頂きます、座席選択にお時間を頂きます
開演5~10分前に再集合し買い手様へチケットをお渡しさせて頂く予定ですが、多少お時間が前後する場合もございます。
再集合する迄は自由に過ごして頂いて溝いません、再集合する場所等は入場後お伝え致します。
会場内での電波障害等が予想されます、連絡ボートが使えない場合や緊急でご連絡をさせて頂く場合に直接連絡の取れる電話番号をお伺いさせていただきますのでご協力頂きますようお願い致します。
記載してある通りランダム配布となりますので、お渡しするチケットの座席・チケットお渡しまでの時間等へのクレーム、他一切受付ません
ランダムエラー、買い手様都合のキャンセル等、他如何なる場合でも返金できかねますのでご了承ください
必ず受け取り評価をしていただきます
購入された際は上記全て了承したものとします",True,2026-07
sold_naniwa-danshi-nd5_1783869239462_70000,1783869239462,naniwa-danshi-nd5,2026-09-19,18:00,あなぶきアリーナ香川,electronic,female,公演日前日ログイン情報譲渡,,,,,2026-07-12 15:13:59,2026-08-27 16:01:18,2026-08-27 07:17:28,sold,2,70000,"2連QR毎のお譲りです。
FC先行 重複すり替えなし 下3桁提示可 
有効期限内、郵送物戻りなし

・公演前日にログイン情報お伝えします。同行者の同意チェックは...",False,2026-07
17mi16x43c,1783665275563,naniwa-danshi-nd5,2026-09-19,18:00,あなぶきアリーナ香川,electronic,female,公演前日にログイン情報共有,a,5.0,,QR,2026-07-10 06:34:35,2026-08-27 16:01:18,,listing,1,75000,"初期当選/ 座席未定 / QR毎 /下3桁提示可/ 有効期限内 / 発送物戻りなし/着ブロ希望なし/ コンビニ決済
プラベ出品対応可能です。
ご自身の操作ミスによるエラーや、本人確認等で入場できなかった場合のクレーム・返金対応は一切お受けできません。
その他ご本人様の端末の不具合によるエラーや、ランダムエラー、体調不良でのご自身の都合による入場不可の場合等いずれも返金不可となります。
いかなる場合も必ず受け取りを行っていただきます。
主催者側からの公演中止の場合のみ、必要な手数料を差し引いた金額を返金します。
ご入場後、開演前までに必ず受け取り手続き及び速やかにログアウトをお願いいたします。
上記のことを全てをご理解頂ける日本語が通じる方のみご購入をお願いします。購入された時点で以上同意されたものとみなしますのでよろしくお願いいたします。",True,2026-07
tm5vr9vc6u,1783733065960,naniwa-danshi-nd5,2026-09-19,18:00,あなぶきアリーナ香川,electronic,female,2名義中2番手,ゆ,5.0,,番手,2026-07-11 01:24:25,2026-08-27 16:01:18,,listing,2,65000,"2名義中2番手 全て初期当選 すり替えなし 全て有効期限内 着ブロ希望なし 下3桁提示可能 サイチェン可 希望あればプラベ出品に変更可能
・すり替えなし、2名義中2番目のお譲りになります。2連×2のうち当方が選ばなかった方の2連をお譲りいたします。バラ(1枚)で購入の場合、先に購入された方に2連中どちらの席にするかの選択権があります。
・入金確認後、ご希望があれば2名義分の会員番号下3桁提示可能です。
・座席選択のために実際の座席の確認に多少のお時間をいただくことがありますが選択後はすぐにチケットをお渡ししますのでその場で受け取り連絡をお願いします。
・公演当日、開演1時間前に最寄駅または会場付近で待ち合わせし、同時入場していただきます。詳しい待ち合わせ時間・場所等は、公演日が近くなりましたら連絡ボードでお知らせします。
・集合時間に遅れた場合には先に入場する可能性がありますがその場合でも理由問わず、必ず受け取り連絡をお願いします。
・本人確認には対応しておりませんのでご了承ください。
・本人確認やエラーなどで入場できなかった場合や退場させられた場合等、公演中止以外の返金は一切致しません。
・代理購入はしないでください。必ず入場される本人がご購入ください。
・受け取り連絡をしていただいた時点でお取引は問題なく終了したものとみなし、それ以降のクレームや返金は受け付けません。",True,2026-07
sold_naniwa-danshi-nd5_1783826651694_49000,1783826651694,naniwa-danshi-nd5,2026-09-19,18:00,あなぶきアリーナ香川,electronic,female,QRコードのため当日発券時まで座席未定,,,,,2026-07-12 03:24:11,2026-08-27 16:01:18,2026-08-27 07:17:28,sold,2,49000,"★初心者の方、初めての方でも丁寧に説明させていただきます。安心いただけるお取引を心がけます。 
  
★少人数集合（2〜4人予定）
大人数が苦手な方も安心してご...",False,2026-07
ure9c4w9xz,1783973431345,naniwa-danshi-nd5,2026-09-19,18:00,あなぶきアリーナ香川,electronic,female,公演日前日までにQRコード共有,ぴ,4.8,,QR,2026-07-13 20:10:31,2026-08-27 16:01:18,,listing,2,95000,"座席未定／初期当選／有効期限内名義／下3桁提示可能／発送物戻り、過去エラーなし
公演前日に会員番号とパスワード共有致します。
同行者チェックのみこちらで致しますので、ご自身で代表者チェックお願い致します。
公演中止の場合に限り、手数料を差し引いた金額を返金いたします。
公演中止以外の如何なる理由(メンバー不在、ランダムエラー、本人確認、体調不良、交通機関の乱れ等)でも返金やクレーム対応はいたしかねます。
着ブロ希望しておりません。
当日まで座席未定のため、ステージが遠かった等お座席に対するクレーム、またそれに伴う返金対応には応じかねます。
入場後は速やかに受け取り評価お願い致します。
ご購入いただいた時点で上記を全てご了承いただいたものとみなします。",True,2026-07
sold_naniwa-danshi-nd5_1784558962353_41365,1784558962353,naniwa-danshi-nd5,2026-09-19,18:00,あなぶきアリーナ香川,electronic,female,同行,,,,,2026-07-20 14:49:22,2026-08-27 16:01:18,2026-08-27 07:17:28,sold,1,41365,"4名義中2番手  5.5は当日手渡し
FC先行/初期当選/QR下3桁提示/有効期限内/すり替えなし/着ブロ希望なし

開場30分前に待ち合わせし同時入場してい...",False,2026-07
sold_naniwa-danshi-nd5_1783666738367_43000,1783666738367,naniwa-danshi-nd5,2026-09-19,18:00,あなぶきアリーナ香川,electronic,female,QRコードのため当日発券時まで座席未定,,,,,2026-07-10 06:58:58,2026-08-27 16:01:18,2026-08-27 07:17:28,sold,1,43000,"★初心者の方、初めての方でも丁寧に説明させていただきます。安心いただけるお取引を心がけます。 
  
★少人数集合（2〜4人予定）
大人数が苦手な方も安心してご...",False,2026-07
sxpdn58i7r,1783919086469,naniwa-danshi-nd5,2026-09-19,18:00,あなぶきアリーナ香川,electronic,female,同行,_(:3 」∠)_,5.0,,番手,2026-07-13 05:04:46,2026-08-27 16:01:18,,listing,1,71000,"4名義中3番手
FC先行/初期当選/QR下3桁提示/有効期限内/すり替えなし/着ブロ希望なし
開場30分前に待ち合わせし同時入場していただきます。詳しい待ち合わせ時間や場所は連絡ボードにてご連絡いたします。
待ち合わせに5分以上遅刻された場合待たずに入場いたします。その場合も受取連絡していただきますのでご了承ください。交通機関の遅延による遅刻でも返金対応は致しかねますのでお時間に余裕を持ってお越しください。
チケットは一度回収しこちらで座席確認、座席選択した後、3番手でチケットをお選びいただけます。チケットのお渡しに時間がかかる場合もありますのでご了承ください。座席に関するクレームは一切お受けできません。
開演に間に合うようにチケットをお渡しいたします。
買い手様都合のキャンセル、体調不良、本人確認、ランダムエラ一、交通機関の遅延、電波通信障害、出演者の変更、欠席などいかなる場合も返金対応やキャンセルはいたしかねます。
公演中止の場合のみ手数料を差し引いた金額を返金いたします。
公演中止以外はいかなる理由があっても必ず受取通知をしていただきます。
ご購入いただいた時点で上記の内容を全て了承いただいたものとみなします。",True,2026-07
sold_naniwa-danshi-nd5_1783665442657_45000,1783665442657,naniwa-danshi-nd5,2026-09-19,18:00,あなぶきアリーナ香川,electronic,female,QRコードのため当日発券時まで座席未定,,,,,2026-07-10 06:37:22,2026-08-27 16:01:18,2026-08-27 07:17:28,sold,2,45000,"★初心者の方、初めての方でも丁寧に説明させていただきます。安心いただけるお取引を心がけます。 
  
★少人数集合（2〜4人予定）
大人数が苦手な方も安心してご...",False,2026-07
awp1awfico,1783692131114,naniwa-danshi-nd5,2026-09-19,18:00,あなぶきアリーナ香川,electronic,female,公演日前日にログイン情報お伝えいたします,💚,5.0,,QR,2026-07-10 14:02:11,2026-08-27 16:01:18,,listing,1,75000,"前回スタンド当選名義、FC先行初期当選、単番QR毎、有効期限内、重複すり替えなし、ご希望でしたら下3桁提示可能、郵便物等戻りなし、着ブロ指定なし、コンビニ決済
公演日前日に会員番号・パスワードをお伝えしますので、ご自身でログイン、同意チェックお願いいたします。
ご入場されましたら、速やかに受取評価とFCログアウトをお願いいたします。
※如何なる理由であっても公演中止以外返金は致しかねますのでご了承下さい。公演中止の際は手数料を差し引いた額返金いたします。",True,2026-07
268ex1zd88,1783688286239,naniwa-danshi-nd5,2026-09-19,18:00,あなぶきアリーナ香川,electronic,female,QR,h,4.4,,QR,2026-07-10 12:58:06,2026-08-27 16:01:18,,listing,1,75000,"FC初期当選/重複すり替え無し/QR毎/下3桁提示可/有効期限内
公演中止以外でのキャンセル、返金は如何なる理由でも不可です。
公演前日にログイン情報お伝え致します。
入場後は速やかにログアウトと受け取りお願いいたします。",True,2026-07
grigcyv6ou,1783673131642,naniwa-danshi-nd5,2026-09-19,18:00,あなぶきアリーナ香川,electronic,female,公演日前日にログ情共有,な,5.0,,QR,2026-07-10 08:45:31,2026-08-27 16:01:18,,listing,1,95000,"即9.5  単番QR毎/初期当選/初当選/重複すりかえ無し/下3桁提示可能/着ブロ指定なし/有効期限内名義/変更ボタン無
⭐️代表者チェックは買い手様可
サイト手数料分もご負担お願いしております。プラベルでの取引も可能なため、ご希望の方はお申し出ください。
・座席についてのクレームは一切お受けできません。
・ランダムエラーや体調不良、交通機関の乱れ等は公演中止以外の如何なる理由でも返金はできかねます。
・ログイン情報は公演前日に連絡ボードにてお知らせします。20時までにはお伝え致します。
・入場後すぐにログアウトしていただき、証明写真をお送りください。
上記のことを全てをご理解頂ける日本語が通じる方のみご購入をお願いします。",True,2026-07
8iugkv59mz,1784212111447,naniwa-danshi-nd5,2026-09-19,18:00,あなぶきアリーナ香川,electronic,female,公演前日ログイン情報共有,mimi,5.0,,QR,2026-07-16 14:28:31,2026-08-27 16:01:18,,listing,1,77000,"QR毎のお譲り
着ブロなし/FC有効期限内/郵送物返送なし/初期当選/前回スタンド名義
下3桁提示可能
公演前日にログイン情報をお送りいたします。
チケット発券後速やかにログアウト、受取通知をお願いします。
ランダムエラー、交通機関トラブル、個人のご事情、体調不良など、公演中止の場合以外いかなる理由でも返金対応致しかねますので予めご了承ください。",True,2026-07
5u4y4dy7th,1783672984553,naniwa-danshi-nd5,2026-09-19,18:00,あなぶきアリーナ香川,electronic,female,公演日前日までにQRコード共有,な,5.0,,QR,2026-07-10 08:43:04,2026-08-27 16:01:18,,listing,2,90000,"即9.5 連番QR毎/初期当選/重複すりかえ無し/下3桁提示可能/着ブロ指定なし/有効期限内名義/ドーム後入会初当選
サイト手数料分もご負担お願いしております。プラベルでの取引も可能なため、ご希望の方はお申し出ください。
・座席についてのクレームは一切お受けできません。
・ランダムエラーや体調不良、交通機関の乱れ等は公演中止以外の如何なる理由でも返金はできかねます。
・ログイン情報は公演前日に連絡ボードにてお知らせします。20時までにはお伝え致します。
・入場後すぐにログアウトしていただき、証明写真をお送りください。
上記のことを全てをご理解頂ける日本語が通じる方のみご購入をお願いします。",True,2026-07
iqu57jk3ma,1783701455208,naniwa-danshi-nd5,2026-09-20,13:00,あなぶきアリーナ香川,electronic,female,2名義中2番手,り,5.0,,番手,2026-07-10 16:37:35,2026-08-27 16:01:18,,listing,2,70000,"2名義中2番手/初期当選/着ブロ指定なし/Pay-easy決済/有効期限内/下3桁提示可/すり替えなし
公演当日会場付近で集合し、同時入場させて頂きます。 集合場所、時間等は公演日が近づきましたらご連絡いたします。時間厳守の為、遅刻された場合でも受取連絡はしていただきます。
ご入場時、お連れ様と別々の入場をお願いする場合もございますが、チケットは必ず連番でお渡しいたします。
入場後1度チケットを回収し、座席選択後2番手のチケットをお渡しする形となります。座席選択の為、チケットお渡しまでにお時間頂く可能性もございます。 チケットをお渡ししましたら、その場で受取連絡をお願いいたします。
座席についてのクレームは一切受け付けておりません。 公演中止以外のキャンセル、返金は如何なる場合でも対応出来かねます。 以上ご理解頂ける成人・日本人女性の方のみお願いいたします。
公演中止の場合のみ、手数料を差し引いた金額を返金いたします。",True,2026-07
sold_naniwa-danshi-nd5_1784940207458_75000,1784940207458,naniwa-danshi-nd5,2026-09-20,13:00,あなぶきアリーナ香川,electronic,female,公演日1日前17時以降にQRコード共有,,,,,2026-07-25 00:43:27,2026-08-27 16:01:18,2026-08-27 07:17:28,sold,1,75000,"QR毎/単番/すり替え無し/着ブロ希望無し/ 発送物戻りなし/有効期限内/購入後下3桁提示可/コンビニ払い
公演前日17時以降に連絡ボードにて、ログインに必要な...",False,2026-07
cskw48pimd,1783724667702,naniwa-danshi-nd5,2026-09-20,13:00,あなぶきアリーナ香川,electronic,female,同行,a m,5.0,,同行,2026-07-10 23:04:27,2026-08-27 16:01:18,,listing,1,85000,"2連中の1枚/重複無し同行/下三桁提示可/初期当選/期限内/発送物戻り無し/
ご購入希望の際は年齢と担当をコメントしてください。
長尾担不可です。
待ち合わせは開場時間を予定しております。
チケット受け渡しと同時に受け取り通知をお願いいたします。
入場後はご自由に行動していただいて大丈夫です。
お取引決定後のキャンセル、座席へのクレームなどはいかなる場合でも一切承りません。
ランダムエラー時含め、公演中止以外の返金はできません。
遅刻は厳禁です。公共交通機関の遅延など場合でも承れませんのでご了承ください。
代理購入はお断りいたします。
成人済みの日本人女性のみご購入をお願い致します。",True,2026-07
p1025lb8z1,1784495765729,naniwa-danshi-nd5,2026-09-20,13:00,あなぶきアリーナ香川,electronic,male,同行,す,5.0,,同行,2026-07-19 21:16:05,2026-08-27 16:01:18,,listing,1,100000,"FC先行/座席未定/同行/着ブロなし/下3桁提示可/有効期限内/初期当選/発送物戻りなし/重複すり替えなし/
・公演中止以外はいかなる場合でも返金はできません。体調不良、本人確認、ランダムエラー、電波の不具合、交通機関の乱れ等、メンバーの欠席でも対応不可。
・また、当日は入場が終わりましたら速やかにログアウト、及び公演時間までに受け取り通知をお願い致します。
・座席に関するクレームはお受けできませんので、ご了承いただける方のみご購入をお願いいたします。
・プライベート出品に変更しますので購入前に必ずメッセージをお願いいたします。",True,2026-07
rl6ellmia8,1785133108592,naniwa-danshi-nd5,2026-09-20,13:00,あなぶきアリーナ香川,electronic,female,当日待ち合わせの上同時入場していただきます。,KIKI,5.0,,番手,2026-07-27 06:18:28,2026-08-27 16:01:18,,listing,1,80000,"2名義中２番手、即決8.0、下3桁提示、有効期限内、初期当選のみ、単番×2
当日待ち合わせの上端末貸し出しor買い手様の端末にてログインし同時入場後一度チケットを回収させていただきます。座席確認後当方の選ばなかった方のお座席にてご鑑賞下さりますようお願いいたします。
その際、サイチェン、録画録音などは絶対にされないようにお願いいたします。
その他買い手様の都合によるキャンセルや遅刻等で入場できなかった場合、ランダムエラーを含むトラブルでの入場が出来なかった場合の返金等の対応はございません。
日本語のわかる成人済みの女性のみ購入可能です。",True,2026-07
csh9699olf,1783679785931,naniwa-danshi-nd5,2026-09-20,13:00,あなぶきアリーナ香川,electronic,male,同行,y,5.0,,同行,2026-07-10 10:36:25,2026-08-27 16:01:18,,listing,1,0,"2連中の1枚/同行/下三桁提示可/初期当選
承認にしておりますが、基本すぐに承認いたします。
待ち合わせは開演時間1時間10分前(開場時間の10分前)を予定しております。
場所などの詳細は公演前日までにお知らせいたします。
チケット受け取りと同時に受け取り通知をお願い致します。
同担拒否などございませんが、トラブル防止のため西畑担の方はご購入をご遠慮ください。
入場後はご自由に行動していただいて大丈夫です。
・お取引決定後のキャンセル、座席へのクレームなどはいかなる場合でも一才承っておりません。
・公演中止以外の返金は受け付けできません。
・遅刻は厳禁です。公共交通機関の遅延など場合でも承れませんのでご了承ください。
・成人済みの日本人女性のみご購入をお願い致します。
・お渡し後サイチェン可",True,2026-07
sold_naniwa-danshi-nd5_1783665110321_77000,1783665110321,naniwa-danshi-nd5,2026-09-20,13:00,あなぶきアリーナ香川,electronic,female,公演日前日までにQRコード共有,,,,,2026-07-10 06:31:50,2026-08-27 16:01:18,2026-08-27 07:17:28,sold,2,77000,"QR毎/重複すり替えなし/有効期限内名義/初期当選/下3桁提示可/郵便物戻りなし/初当選名義/変更ボタンあり藤原名義

公演前日までに連絡ボードにてログイン情報...",False,2026-07
9zm1j5cn4n,1785152254380,naniwa-danshi-nd5,2026-09-20,13:00,あなぶきアリーナ香川,electronic,female,同行,m,5.0,,番手,2026-07-27 11:37:34,2026-08-27 16:01:18,,listing,1,64000,"なにわ男子 LIVE TOUR 2026 ND⁵
9/20 昼公演(香川)2名義中2番手 1枚
【取引条件・注意事項（必読）】
■ 取引条件
・該当名義/初期当選/下3桁提示可/すり替えなし
・2名義中「2番手(2名義目)」でのお譲り(2連の1枚になります。連番内の座席はお選びいただけません。)
同時入場後、一度チケットを回収し、2名義中(2名義目)2番手としてお渡しします。2連の1枚になりますが連番内の座席はお選びいただけません。
半券お渡し後は内容をご確認いただき、その場で受取連絡をお願いいたします。
⸻
■ 入場・座席について
・座席未定のため、購入後の座席に関するクレームは一切不可
※サイチェン不可
・番手でのお譲りですが、ランダムエラー発生時は番手が変動する可能性あり
※番手変動があった場合でも、返金・補償は対応不可
※ランダムエラー発生でも、返金、保証対応不可
⸻
■ 返金不可事項
公演中止以外は、いかなる理由でも返金不可
・体調不良
・遅刻
・ランダムエラー
・システムエラー
・本人確認
・出演者不在 など等
・ランダムエラー発生し入場できなかった場合でも返金、保証対応不可
※上記の場合も受取連絡は必須です。
⸻
■ 集合について
・開場30分前を目安に会場付近で集合前後する場合あり
・詳細は取引成立後にご連絡
・遅刻された場合でも受取連絡は必ずお願いいたします
⸻
■ その他注意事項
・キャリーケース持ち込み不可／車椅子利用不可
・重複売りを疑う方は購入不可
・前日・当日にこまめに連絡が取れる方のみ
・当日の集合時間に柔軟に対応できる方
⸻
■ 連絡・本人確認について
・電波状況悪化の可能性あり
→取引成立後、お電話番号のご提示をお願いします
・本人確認不可
⸻
■ 購入条件
・日本人女性の方のみ
※購入＝上記すべてに同意したものとみなします",True,2026-07
sold_naniwa-danshi-nd5_1783659622001_70000,1783659622001,naniwa-danshi-nd5,2026-09-20,13:00,あなぶきアリーナ香川,electronic,female,公演7日前から前日までに共有,,,,,2026-07-10 05:00:22,2026-08-27 16:01:18,2026-08-27 07:17:28,sold,1,70000,"有効名義/初期当選/1番手/QR毎/下3桁提示可能

ログイン情報は、入金確認後公演前日までにお伝えいたします。個人情報は他言しないようお願いいたします。

ご...",False,2026-07
y093twu81y,1783733107373,naniwa-danshi-nd5,2026-09-20,13:00,あなぶきアリーナ香川,electronic,female,2名義中2番手,ゆ,5.0,,番手,2026-07-11 01:25:07,2026-08-27 16:01:18,,listing,2,65000,"2名義中2番手 全て初期当選 すり替えなし 全て有効期限内 着ブロ希望なし 下3桁提示可能 サイチェン可 希望あればプラベ出品に変更可能
・すり替えなし、2名義中2番目のお譲りになります。2連×2のうち当方が選ばなかった方の2連をお譲りいたします。バラ(1枚)で購入の場合、先に購入された方に2連中どちらの席にするかの選択権があります。
・入金確認後、ご希望があれば2名義分の会員番号下3桁提示可能です。
・座席選択のために実際の座席の確認に多少のお時間をいただくことがありますが選択後はすぐにチケットをお渡ししますのでその場で受け取り連絡をお願いします。
・公演当日、開演1時間前に最寄駅または会場付近で待ち合わせし、同時入場していただきます。詳しい待ち合わせ時間・場所等は、公演日が近くなりましたら連絡ボードでお知らせします。
・集合時間に遅れた場合には先に入場する可能性がありますがその場合でも理由問わず、必ず受け取り連絡をお願いします。
・本人確認には対応しておりませんのでご了承ください。
・本人確認やエラーなどで入場できなかった場合や退場させられた場合等、公演中止以外の返金は一切致しません。
・代理購入はしないでください。必ず入場される本人がご購入ください。
・受け取り連絡をしていただいた時点でお取引は問題なく終了したものとみなし、それ以降のクレームや返金は受け付けません。",True,2026-07
iuafdotnzc,1784871830768,naniwa-danshi-nd5,2026-09-20,13:00,あなぶきアリーナ香川,electronic,female,公演前日17時以降QRコード共有,ka,5.0,,QR,2026-07-24 05:43:50,2026-08-27 16:01:18,,listing,2,75000,"QR毎/すり替え無し/着ブロ希望無し/発送物戻りなし/有効期限内/購入後下3桁提示可/コンビニ払い
公演前日17時以降に連絡ボードにて、ログインに必要な情報をお伝えします。公演中止以外の如何なる理由でも返金不可。（天候による公演延期や交通機関の乱れ、交通機関の運休、担当不在、本人確認、QR表示ミス、同行者登録ミス、ランダムエラー等、トラブルによる入場不可など如何なる場合でも返金は不可となります。）また座席未定のため座席に関してのクレームも一切受け付けません。必ず受取連絡をして頂きますのでご了承下さい。ご購入後のキャンセルやクレーム、送金停止は一切受け付けませんので併せてご理解の上購入をお願い致します。
入場後は速やかにログアウトをして、受取通知をお願いいたします。必ず開演時間までに、受取通知完了をしていただける方のみの購入お願い致します。
FC会員ページ内、チケット表示に必要なページ以外の閲覧は絶対にお辞めください。また、登録情報の変更なども絶対にお辞めください。購入後認識違いなどいかなる理由でもクレームや申し立てには一切対応致しかねます。
以上の条件を全てご確認のうえ、ご理解頂ける方のみ、ご購入をお願いいたします。未成年の方やすべての内容にご理解いただけない方、外国の方の購入はご遠慮願います。
連絡ボードにて、日本語でやり取りのできる方のみご購入をお願いいたします。
代理購入もご遠慮ください。必ず購入されたご自身がお入りください。他でも探しているため決まり次第削除します。",True,2026-07
dswwir3lem,1784700165021,naniwa-danshi-nd5,2026-09-20,13:00,あなぶきアリーナ香川,electronic,female,公演前日にログイン情報共有,Tsuki,5.0,,QR,2026-07-22 06:02:45,2026-08-27 16:01:18,,listing,1,75000,"初期当選/単番/QRごと/重複すり替えなし/下三桁開示可/有効期限内/着ブロ指定なし/郵送物戻りなし/過去エラーなし
・公演前日にQR表示のためのログイン情報を提示します
・入場後は速やかにログアウト、受け取り評価をお願いいたします
・体調不良、交通機関の乱れ、出演者の変更等、取引成立後いかなる場合も買い手様都合でのキャンセルは対応いたしませんのでご了承ください
・座席に関するクレーム等一切対応いたしません
・ランダムエラー、本人確認などによる返金は行いません
・公式による公演中止の場合のみ手数料を差し引いた金額を返金します",True,2026-07
vn75jepy3g,1783987580484,naniwa-danshi-nd5,2026-09-20,13:00,あなぶきアリーナ香川,electronic,female,同行,み,5.0,,ランダム,2026-07-14 00:06:20,2026-08-27 16:01:18,,listing,1,40000,"FC先行 初期当選　ランダム配布　1名義での入場　黒服対策します
・入場後は一度チケットを回収させていただき、当方による座席選択後にランダムでチケットをお渡し致します。
チケットをお渡ししましたら、その場で受け取り通知をお願い致します。
・当日は、開場時間20分前頃周辺にお集まり頂き同時入場をお願い致します。詳しくは連絡ボードから連絡します。時間厳守でお願い致します。
公共交通機関の遅延、運休等如何なる場合でも待ち合わせ時間に遅刻された場合は待たずに入場致します。その場合のキャンセル、返金には一切対応致しません。入場出来なかった場合も受取り連絡はしていただきます。
・入場後、座席選択に時間がかかりお席に着くのが開演時間間際になってしまう場合がありますがご了承ください。早めにチケットが欲しい方の購入はご遠慮ください。
入場後は一度解散とさせていただきます。会場内での待ち合わせ場合と時間をお伝えしますので、再集合をお願い致します。
その際は必ずこちらからの連絡が取れるようお願い致します。
また、購入者様による座席の選択は出来ません。座席についてのクレームはご遠慮ください。
・本人確認不可。エラーや体調不良等で入場できなかった場合の対応や返金は致しかねます。またその場合でも受取り通知はしていただきますのでご理解ください。
公演中止の場合のみ手数料を差し引いた金額を返金させていただきます。
また、チケットをお渡しする際にお電話にてご連絡する可能性がございますので、当日繋がる番号でお願いいたします。
・24時間以内に返信可能で迅速に対応出来る方のみご購入ください。
以上、全ての内容に同意いただける方のみご購入お願い致します。
ご購入いただけた時点で、上記全てに同意いただけたという認識のもと、キャンセルは一切受け付けておりません。",True,2026-07
sold_naniwa-danshi-nd5_1783665479524_45000,1783665479524,naniwa-danshi-nd5,2026-09-20,13:00,あなぶきアリーナ香川,electronic,female,QRコードのため当日発券時まで座席未定,,,,,2026-07-10 06:37:59,2026-08-27 16:01:18,2026-08-27 07:17:28,sold,2,45000,"★初心者の方、初めての方でも丁寧に説明させていただきます。安心いただけるお取引を心がけます。 
  
★少人数集合（2〜4人予定）
大人数が苦手な方も安心してご...",False,2026-07
sold_naniwa-danshi-nd5_1784003272764_72000,1784003272764,naniwa-danshi-nd5,2026-09-20,13:00,あなぶきアリーナ香川,electronic,female,QRごと,,,,,2026-07-14 04:27:52,2026-08-27 16:01:18,2026-08-27 07:17:28,sold,2,72000,"QR毎/有効期限内/初期当選/エラー無し/郵送物戻りなし

公演前日にログイン情報提示します。
同行者の同意チェックはこちらで行いますが、代表者の同意チェックは...",False,2026-07
h4x3933vuq,1783884393381,naniwa-danshi-nd5,2026-09-20,13:00,あなぶきアリーナ香川,electronic,female,同行,k.,5.0,,ランダム,2026-07-12 19:26:33,2026-08-27 16:01:18,,listing,1,29000,"FC先行 ランダム配布
11時半頃待ち合わせを予定しております
ランダム配布の為買い手様の座席選択はできません、こちらでさせて頂きます。
又、デジダルチケットの為チケットを発券するまで座席は未定です。
入場後チケットを一度全て回収させて頂きます、座席選択にお時間を頂きます
開演5~10分前に再集合し買い手様へチケットをお渡しさせて頂く予定ですが、多少お時間が前後する場合もございます。
再集合する迄は自由に過ごして頂いて溝いません、再集合する場所等は入場後お伝え致します。
会場内での電波障害等が予想されます、連絡ボートが使えない場合や緊急でご連絡をさせて頂く場合に直接連絡の取れる電話番号をお伺いさせていただきますのでご協力頂きますようお願い致します。
記載してある通りランダム配布となりますので、お渡しするチケットの座席・チケットお渡しまでの時間等へのクレーム、他一切受付ません
ランダムエラー、買い手様都合のキャンセル等、他如何なる場合でも返金できかねますのでご了承ください
必ず受け取り評価をしていただきます
購入された際は上記全て了承したものとします",True,2026-07
cl6plai02w,1784428489778,naniwa-danshi-nd5,2026-09-20,13:00,あなぶきアリーナ香川,electronic,female,2名義中2番手×1,A,5.0,,番手,2026-07-19 02:34:49,2026-08-27 16:01:18,,listing,1,69000,"2名義中2番手 単番
初期当選/FC当選/有効期間内/座席決まり次第すぐのお渡し
【最終履歴→じょうのにちじょう4列目or京セラスタンド上段4列目】
公演当日、開場15分前に会場付近で待ち合わせ致します。当方がログイン情報をお伝えした後、QRをご自身の端末で表示していただき、当方に続いて入場していただきます。
必ず時間厳守でお願いします。15分以上の遅刻は待たずに入場しますが、その際も受取連絡はしていただきます。
入場後チケットを回収し、当方が座席を選択した後、その場で残りのチケットをお渡しします。
チケットお渡し後はその場で受取連絡、FCのログアウトをお願いいたします。
座席に関するクレーム等は一切お受けできません。
ランダムエラーや本人確認、出演者変更、体調不良、交通機関の乱れ等公演中止以外の如何なる理由でも返金は出来かねます。その際も受取連絡はしていただきます。
公演中止の場合に限り、仲介手数料を差し引いた金額をご返金致します。
上記全てご了承いただける方のみご購入をお願いいたします。",True,2026-07
nzshakta9n,1783687010287,naniwa-danshi-nd5,2026-09-20,13:00,あなぶきアリーナ香川,electronic,male,QR毎,す,5.0,,QR,2026-07-10 12:36:50,2026-08-27 16:01:18,,listing,2,75000,"FC先行/過去エラー無し/座席未定/QRごと/着ブロなし/下3桁提示可/有効期限内/初期当選/発送物戻りなし/重複すり替えなし/QR毎のお譲りです。
公演前日までにログインに必要な情報をお伝えいたします。
同行者の同意はこちらでしますが、代表者の同意は購入者様でお願いします。
・公演中止以外はいかなる場合でも返金はできません。体調不良、本人確認、ランダムエラー、電波の不具合、交通機関の乱れ等、メンバーの欠席でも対応不可。
・また、当日は入場が終わりましたら速やかにログアウト、及び公演時間までに受け取り通知をお願い致します。
・座席に関するクレームはお受けできませんので、ご了承いただける方のみご購入をお願いいたします。
・プライベート出品に変更しますので購入前に必ずメッセージをお願いいたします。",True,2026-07
8ssiyx49td,1783668473700,naniwa-danshi-nd5,2026-09-20,13:00,あなぶきアリーナ香川,electronic,female,【3名義中3番手】【すり替えなし】【下3桁提示可能】,n,4.9,,ランダム記載あり,2026-07-10 07:27:53,2026-08-27 16:01:18,,listing,1,69000,"3名義中3番手
すり替えなし 下3桁提示可能 初期当選 有効期限内 着ブロ選択なし
・当日会場付近にてお待ち合わせし、同時入場お願いいたします。
お待ち合せ時間、お待ち合せ場所の詳細は公演当日までに取引メッセージにてご連絡させていただきます。
・入場後は一度チケットを回収し、座席確認の後、3名義中3番手にてチケットをお渡しさせていただきます。
座席確認のためお時間いただく可能性もございますが、入場からチケット受け渡しまでできる限り迅速に対応させていただきます。
・当日は時間厳守で集合をお願いいたします。ご購入者様の遅刻は到着を待たずに入場させていただきます。お時間に余裕を持ってお越しください。
出演者変更、入場時のランダムエラー、本人確認、交通機関の遅延、体調不良、座席などへのクレームでの返金は一切致しかねます。
・代表者として入場していただく可能性がございます。
その場合、QRコードを開いた状態でこちらのスマホ端末をお渡しいたしますので、一律で端末持ち逃げ防止のため一時的に身分証をお預かりさせていただきます。入場後、チケットと端末をお渡し/返却いただくタイミングにて、速やかに身分証を返却いたします。
（ご購入者様の端末をお借りしてログインさせていただく場合もございますのでご承知ください。）
（場合によってはQRごとのお譲りとなる可能性もございます。）
・トラブル防止のため代理購入不可
必ず当日いらっしゃる方が落札をお願いいたします。
・公演中止以外ではいかなる理由でもキャンセル、返金は承れません。",True,2026-07
9x29h6h5qj,1785411696113,naniwa-danshi-nd5,2026-09-20,13:00,あなぶきアリーナ香川,electronic,female,同行,あみ,5.0,,同行,2026-07-30 11:41:36,2026-08-27 16:01:18,,listing,1,74000,"1名義のみ同行
初期当選/着ブロなし/発送物戻りなし/重複なし/すりかえなし/下三桁提示可/サイチェン可/高橋担不可
同時入場していただき座席確認後、当方が選ばなかった座席をお渡しします。
チケお渡しの際に受け取り評価お願いいたします。
ランダムエラー、遅刻、体調不良などいかなる場合でも公演中止以外の返金は不可です。
座席に関するクレームは受け付けておりません。
購入後に電話番号と年代お聞きします。
代理購入、日本人女性以外の購入はご遠慮ください。
購入した場合全て同意とみなします。",True,2026-07
sold_naniwa-danshi-nd5_1784454647323_76000,1784454647323,naniwa-danshi-nd5,2026-09-20,13:00,あなぶきアリーナ香川,electronic,female,入金後24時間以内にQRコード共有,,,,,2026-07-19 09:50:47,2026-08-27 16:01:18,2026-08-27 07:17:28,sold,1,76000,"単番/QR毎/重複・すり替えなし/有効期限内名義/着ブロ指定無し/本人確認対応不可

入金確認後すぐにログインに必要な情報をお伝え出来ますが、当日まで不必要なロ...",False,2026-07
sold_naniwa-danshi-nd5_1783668525308_45000,1783668525308,naniwa-danshi-nd5,2026-09-20,13:00,あなぶきアリーナ香川,electronic,female,QRコードのため当日発券時まで座席未定,,,,,2026-07-10 07:28:45,2026-08-27 16:01:18,2026-08-27 07:17:28,sold,1,45000,"★初心者の方、初めての方でも丁寧に説明させていただきます。安心いただけるお取引を心がけます。 
  
★少人数集合（2〜4人予定）
大人数が苦手な方も安心してご...",False,2026-07
sold_naniwa-danshi-nd5_1784088117871_78000,1784088117871,naniwa-danshi-nd5,2026-09-20,17:30,あなぶきアリーナ香川,electronic,female,公演前日QRコード共有,,,,,2026-07-15 04:01:57,2026-08-27 16:01:18,2026-08-27 07:17:28,sold,1,78000,"QRごと/初期当選/重複すり替えなし
/期限内/着ブロ希望なし
/過去エラー無し
/当日代表者同意チェック買い手
ご希望であれば入金後に下3桁提示可能



以...",False,2026-07
t2qs660fu8,1784259916650,naniwa-danshi-nd5,2026-09-20,17:30,あなぶきアリーナ香川,electronic,female,公演前日QRコード共有,R.,5.0,,QR,2026-07-17 03:45:16,2026-08-27 16:01:18,,listing,2,90000,"QR毎のお譲りになります。
指定席／有効期限内／ペイジー決済/発送物戻りなし/着ブロ希望なし
前日にログイン情報をお知らせします。
同行者同意チェックは前日に済ませる予定です。
くれぐれも赤線エラーにはお気をつけください。
出演者の変更・本人確認・ランダムエラー・体調不良・交通機関の乱れ・座席に関するクレーム等いかなる理由であっても公演中止以外の返金の対応は致しかねますので予めご了承ください。
入場後は速やかに受け取り通知をお願いいたします。受け取り通知は必ず開演時間までにお済ませ下さい。
上記ご理解いただける、日本人の方のみ購入をお願いいたします。
公演中止の際のみ手数料を差し引いた金額を返金いたします。",True,2026-07
o1x53o2ako,1783819092660,naniwa-danshi-nd5,2026-09-20,17:30,あなぶきアリーナ香川,electronic,female,同行,A,5.0,,QR同行番手,2026-07-12 01:18:12,2026-08-27 16:01:18,,listing,1,85000,"初期当選/有効期限内/下3桁掲示可/サイチェン可/ 当方男性となります。
同行者探してます。
購入後のキャンセルは一切承りません。
公演当日は開場20~30分前を目安に会場付近に集合し、同時入場して頂きます。
詳しい待ち合わせ場所、時間等は公演が近くなり次第、連絡ボードにてお伝えします。
入場後チケットのお渡しと同時にその場で受取連絡をお願いいたします。
座席に関するクレームは一切承りません。
連番内の座席は当方が先に選択させて頂きます。
ランダムエラー、本人確認、公共交通機関による遅刻、当日の体調不良、出演者の変更など如何なる理由でもキャンセルや返金対応は致しかねます。公演中止場合のみ、手数料を差し引いた金額を返金させて頂きます。
上記理解頂ける方、のみご購入をお願いいたします",True,2026-07
sold_naniwa-danshi-nd5_1784276226634_75000,1784276226634,naniwa-danshi-nd5,2026-09-20,17:30,あなぶきアリーナ香川,electronic,female,公演前日までにログイン情報提示,,,,,2026-07-17 08:17:06,2026-08-27 16:01:18,2026-08-27 07:17:28,sold,2,75000,"下3桁提示提示可能/サイチェン可能/代表者同意チェック可能/初期当選有効期限内

公演中止以外のランエラ等いかなる場合でも返金不可",False,2026-07
pvmxc6u3g4,1784595243292,naniwa-danshi-nd5,2026-09-20,17:30,あなぶきアリーナ香川,electronic,female,同行,なび,5.0,,同行記載あり,2026-07-21 00:54:03,2026-08-27 16:01:18,,listing,1,90000,"2名義中1番手同行（長尾担不可）/下3桁提示可/重複すりかえ無し/初期当選/期限内名義/コンビニ払い
過去エラーなし/初当選名義/サイチェン可
開場時間5分前に集合し、入場します。詳しい集合場所等は購入後メッセージでお伝えします。
体調不良、ランダムエラー等いかなる場合もキャンセル、返金は不可となりますのでご了承ください。公演中止の場合手数料を差し引いて返金いたします。
2連中のうち1枚をお渡しします。座席はお選びいただけません。
開◎対策のため、購入希望の方はメッセージをお願いします。プラベ出品いたします。",True,2026-07
bwycbxao8p,1784136135400,naniwa-danshi-nd5,2026-09-20,17:30,あなぶきアリーナ香川,electronic,none,同行/ランダム,ひかるん,5.0,,ランダム同行,2026-07-15 17:22:15,2026-08-27 16:01:18,,listing,1,40000,"ランダム
初期当選/着ブロ・制作開放席なし/ランダム(中相場買取🉑、上乗せ早渡し🉑)/前回スタンド当選または初当選名義のみ/有効期限内/同一クレカ決済なし
・当日、開場40分前頃にこちらの指定する場所（会場付近）で待ち合わせし同時入場して頂きます。（時間厳守）
・開演5~10分前には必ずお渡しいたします。すぐ再集合できるように当日繋がるお電話番号のご提示お願いいたします。
・当日購入者様都合の交通機関の遅延を含めた遅刻や音信不通の場合は先に入場させていただき、発送連絡もいたします。その際にも必ず受取連絡をお願い致します。
・ランダムエラー、本人確認、体調不良、機械の不都合等による入場トラブルや座席に関するクレームでの返金は一切致しかねます。
・入場の際にご購入者様の端末を借りる場合がございますこと、ご了承ください。
・当日入場の際に身分証明書をお預かりする場合がございます。本人確認ができる公的身分証をお持ちください。お預かりした身分証明書は、購入者様の前で封筒に入れさせて頂きます。受取連絡確認後チケットお渡しの際にご返却致します。問題がない限り個人情報を控える等一切致しませんのでご安心下さい。
・また、チケットをお渡しするまでにお時間かかる場合がございますがご理解頂けると幸いです。
・ご購入者様都合の通信エラー、充電切れ等そのほかの理由で受取連絡ができない場合、チケットのお渡しはできかねます。開演時までに受取連絡ができない場合もチケットのお渡しはできかねます。その際も後ほど必ず受取連絡をしていただきます。
・第三者による代理購入、連絡のこまめに取れない方の落札はご遠慮ください。
・当日は必ず私の指示に従ってください。
・キャリーケース等大きい荷物を持っての入場不可。持ち込もうとした場合その場で受け取り評価、待たずに入場させていただきます。
・少なくとも、お取引完了までのやりとりは12時間以内(夜間早朝除く)にご返信頂けると大変助かります。
・お支払い後のご購入者様都合による理由での返金、キャンセルは一切致しかねます。
・成人済の日本人女性の方、一般常識の備わっている方のみお取引お願いいたします。
・公演が中止、延期になった場合は定価手数料分のみお返しいたします。(返金に伴う手数料はご負担お願いいたします。)",True,2026-07
ih7c42vcl1,1783739086815,naniwa-danshi-nd5,2026-09-20,17:30,あなぶきアリーナ香川,electronic,female,同行,R,5.0,,番手,2026-07-11 03:04:46,2026-08-27 16:01:18,,listing,2,75000,"2名義中2番手でのお譲りです。
・初期当選/有効期限内
・下三桁提示可能
・すり替えなし
・当日こちらが指定した場所に集合していただき同時入場して頂きます。詳しい時間や集合場所等はチャットにてご連絡致します。
・入場後一度チケットをお預かりしますが座席確認後こちらが選ばなかったチケットをすぐお渡し致します。
・座席に関するクレームは一切お受け致しません。本人確認、ランダムエラー、体調不良、メンバーの不在、公共交通機関による遅刻など公演中止以外での返金対応は致しませんのでご了承ください。
公演中止の場合のみ手数料を差し引いた金額をご返金致します。",True,2026-07
sy78vuqv7d,1784191816900,naniwa-danshi-nd5,2026-09-20,17:30,あなぶきアリーナ香川,electronic,female,同時入場にておわたし,たなは,5.0,,同行,2026-07-16 08:50:16,2026-08-27 16:01:18,,listing,1,75000,"重複無し同行
藤原担不可 Alphaにて初当選かつスタンド名義
下3桁提示可/初期当選/期限内名義/サイチェン⭕️/すり替えなし
・ランダムエラーや遅刻等により入場できない場合でも返金は致しかねます。
※公演中止の場合は全額返金致します。",True,2026-07
sold_naniwa-danshi-nd5_1783653058008_79000,1783653058008,naniwa-danshi-nd5,2026-09-20,17:30,あなぶきアリーナ香川,electronic,female,公演日1日前までにQRコード共有,,,,,2026-07-10 03:10:58,2026-08-27 16:01:18,2026-08-27 07:17:28,sold,1,79000,"FC先行／QR／有効期限内／重複すり替えなし／下3桁提示可能／座席未定／着ブロ指定なし

公演日1日前に必要な情報お伝えします。
同意チェックは購入者様ご自身で...",False,2026-07
3bw99ywxuh,1784909170493,naniwa-danshi-nd5,2026-09-20,17:30,あなぶきアリーナ香川,electronic,female,公演日2日前までにQRコード共有,mrh,4.9,,QR,2026-07-24 16:06:10,2026-08-27 16:01:18,,listing,1,0,"最高7.6〜即8.0
QRごと/初期当選/重複すり替えなし
/期限内/着ブロ希望なし
/発送物戻り無し/過去エラー歴無し
/当日代表者同意チェック買い手
ご希望であれば入金後に下3桁提示可能
以下の内容にご理解頂ける方のみご購入下さい
・9/18にログイン情報をお伝えします
・当日の代表者同意チェックは買い手様でご対応下さい
・ご入場後は速やかにログアウトと
開演時間までに受取評価をお願い致します
・ランダムエラー、赤外線エラー、
本人確認、遅刻、体調不良、
コロナ等による出演者不在など
公演中止以外はいかなる場合でも一切キャンセル不可です
返金も致しませんので、ご理解のうえご購入下さい
公演中止の場合のみサイト規約に従って返金対応致します",True,2026-07
v31y8lvuys,1783707064731,naniwa-danshi-nd5,2026-09-20,17:30,あなぶきアリーナ香川,electronic,female,少人数ランダム(1名義での入場) サイチェン可 中相場買取可,☆,5.0,,ランダム,2026-07-10 18:11:04,2026-08-27 16:01:18,,listing,1,36000,"同時入場後チケットを一度回収しこちらでチケットを選んだ後、ランダム配布いたします。そのため座席はお選びいただけません。
お渡しまでにお時間をいただく可能性がございますが、開演時間までにはチケットをお渡しいたします。
1名義のみの為、比較的早くお渡し出来るかと思います。
また、お座席によっては入場後すぐにお渡しいたします。
当方と連番となる可能性もございますので、ご了承くださいませ。
チケットお渡し後は、ご自由にしていただいて構いません。
公演当日は、開場20分前に会場付近にて待ち合わせ後、同時入場していただきます。
詳しい待ち合わせ場所、時間等は公演前日までに連絡ボードにてお知らせいたします。
また、当日は時間厳守でお願いいたします。万が一遅れられた場合でも、先に入場させていただきますが如何なる場合でも受取連絡はしていただきますのでご了承の程お願いいたします。
落札後のキャンセル、座席へのクレーム、遅刻、体調不良、コロナ関連、本人確認やランダムエラー等で入場できない等、公演中止以外は如何なる場合でも返金対応はいたしません。
必ず、ランダム配布にご理解のある方のみご購入ください。
公演中止の場合は規定に従い返金対応いたします。
日本語で意思疎通が図れる日本人女性のみで、上記の内容を全てご理解いただける方のみご購入ください。
また、代理購入、お子様連れ、車椅子などお手伝いが必要な方はご購入をお控え下さい。",True,2026-07
gfhdzsme2c,1783884488587,naniwa-danshi-nd5,2026-09-20,17:30,あなぶきアリーナ香川,electronic,female,同行,k.,5.0,,ランダム記載あり,2026-07-12 19:28:08,2026-08-27 16:01:18,,listing,2,37000,"FC先行 ランダム配布
16時頃待ち合わせを予定しております
ランダム配布の為買い手様の座席選択はできません、こちらでさせて頂きます。
又、デジダルチケットの為チケットを発券するまで座席は未定です。
入場後チケットを一度全て回収させて頂きます、座席選択にお時間を頂きます
開演5~10分前に再集合し買い手様へチケットをお渡しさせて頂く予定ですが、多少お時間が前後する場合もございます。
再集合する迄は自由に過ごして頂いて溝いません、再集合する場所等は入場後お伝え致します。
会場内での電波障害等が予想されます、連絡ボートが使えない場合や緊急でご連絡をさせて頂く場合に直接連絡の取れる電話番号をお伺いさせていただきますのでご協力頂きますようお願い致します。
記載してある通りランダム配布となりますので、お渡しするチケットの座席・チケットお渡しまでの時間等へのクレーム、他一切受付ません
ランダムエラー、買い手様都合のキャンセル等、他如何なる場合でも返金できかねますのでご了承ください
必ず受け取り評価をしていただきます
購入された際は上記全て了承したものとします",True,2026-07
s7sebo991e,1785335529716,naniwa-danshi-nd5,2026-09-20,17:30,あなぶきアリーナ香川,electronic,female,同行,A,5.0,,QR同行番手ランダム,2026-07-29 14:32:09,2026-08-27 16:01:18,,listing,1,80000,"初期当選/有効期限内/下3桁掲示可/サイチェン可/ また代表者男です。
公演当日は開場20~30分前を目安に会場付近に集合し、同時入場して頂きます。
詳しい待ち合わせ場所、時間等は公演が近くなり次第、連絡ボードにてお伝えします。
入場後チケットのお渡しと同時にその場で受取連絡をお願いいたします。
座席に関するクレームは一切承りません。
連番内の座席は当方が先に選択させて頂きます。
ランダムエラー、本人確認、公共交通機関による遅刻、当日の体調不良、出演者の変更など如何なる理由でもキャンセルや返金対応は致しかねます。公演中止場合のみ、手数料を差し引いた金額を返金させて頂きます。
上記理解頂ける方、のみご購入をお願いいたします",True,2026-07
sold_naniwa-danshi-nd5_1783995713919_64500,1783995713919,naniwa-danshi-nd5,2026-09-20,17:30,あなぶきアリーナ香川,electronic,female,同行,,,,,2026-07-14 02:21:53,2026-08-27 16:01:18,2026-08-27 07:17:28,sold,2,64500,"3名義中3番手
すり替えなし 下3桁提示可能 初期当選 有効期限内 着ブロ選択なし
  
・当日会場付近にてお待ち合わせし、同時入場お願いいたします。
お待ち合...",False,2026-07
sold_naniwa-danshi-nd5_1784428046403_62000,1784428046403,naniwa-danshi-nd5,2026-09-20,17:30,あなぶきアリーナ香川,electronic,female,2名義中2番手,,,,,2026-07-19 02:27:26,2026-08-27 16:01:18,2026-08-27 07:17:28,sold,2,62000,"初期当選・有効期限内・2名義中2番手のお譲りです。
すり替えなし、下3桁提示可能、着席ブロック指定なし、発送物の返送歴等もございません。

当日は同時入場後、一...",False,2026-07
ylcd77lu1j,1783987682792,naniwa-danshi-nd5,2026-09-20,17:30,あなぶきアリーナ香川,electronic,female,同行,み,5.0,,ランダム,2026-07-14 00:08:02,2026-08-27 16:01:18,,listing,1,40000,"FC先行 初期当選　ランダム配布 1名義での入場
・入場後は一度チケットを回収させていただき、当方による座席選択後にランダムでチケットをお渡し致します。
チケットをお渡ししましたら、その場で受け取り通知をお願い致します。
・当日は、開場時間頃周辺にお集まり頂き同時入場をお願い致します。詳しくは連絡ボードから連絡します。時間厳守でお願い致します。
公共交通機関の遅延、運休等如何なる場合でも待ち合わせ時間に遅刻された場合は待たずに入場致します。その場合のキャンセル、返金には一切対応致しません。入場出来なかった場合も受取り連絡はしていただきます。
・入場後、座席選択に時間がかかりお席に着くのが開演時間間際になってしまう場合がありますがご了承ください。早めにチケットが欲しい方の購入はご遠慮ください。
入場後は一度解散とさせていただきます。会場内での待ち合わせ場合と時間をお伝えしますので、再集合をお願い致します。
その際は必ずこちらからの連絡が取れるようお願い致します。
また、購入者様による座席の選択は出来ません。座席についてのクレームはご遠慮ください。
・本人確認不可。エラーや体調不良等で入場できなかった場合の対応や返金は致しかねます。またその場合でも受取り通知はしていただきますのでご理解ください。
公演中止の場合のみ手数料を差し引いた金額を返金させていただきます。
また、チケットをお渡しする際にお電話にてご連絡する可能性がございますので、当日繋がる番号でお願いいたします。
・24時間以内に返信可能で迅速に対応出来る方のみご購入ください。
以上、全ての内容に同意いただける方のみご購入お願い致します。
ご購入いただけた時点で、上記全てに同意いただけたという認識のもと、キャンセルは一切受け付けておりません。",True,2026-07
sold_naniwa-danshi-nd5_1784286017840_82000,1784286017840,naniwa-danshi-nd5,2026-09-20,17:30,あなぶきアリーナ香川,electronic,female,1番手 QR毎のお譲り,,,,,2026-07-17 11:00:17,2026-08-27 16:01:18,2026-08-27 07:17:28,sold,2,82000,"＊初心者の方、初めての方でも丁寧に説明させていただきます。安心いただけるお取引を心がけます。 
  

＊本チケットは初期当選、1番手のお譲りとなります。

＊...",False,2026-07
sold_naniwa-danshi-nd5_1783760605006_70000,1783760605006,naniwa-danshi-nd5,2026-09-20,17:30,あなぶきアリーナ香川,electronic,female,同時入場,,,,,2026-07-11 09:03:25,2026-08-27 16:01:18,2026-08-27 07:17:28,sold,1,70000,"☆2番手/2名義中(2連中の1枚）同行

FC最速先行、すり替え無し、有効期限内、全てコンビニ決済・郵送物戻り無し、下3桁提示可能

会員×会員 
会員×非会員...",False,2026-07
sold_naniwa-danshi-nd5_1785263488390_20000,1785263488390,naniwa-danshi-nd5,2026-09-20,17:30,あなぶきアリーナ香川,electronic,female,同行,,,,,2026-07-28 18:31:28,2026-08-27 16:01:18,2026-08-27 07:17:28,sold,1,20000,"サイト2.0+当日2.0
すり替えなし　早渡しランダム配布　25分前渡し　初期当選　有効期限

公演当日、公演時間の1時間半-1時間15分前に会場付近で待ち合わ...",False,2026-07
skns6rq8gw,1783652346790,naniwa-danshi-nd5,2026-09-20,17:30,あなぶきアリーナ香川,electronic,female,公演日前日にログイン情報をお送りいたします。,あ,5.0,,QR,2026-07-10 02:59:06,2026-08-27 16:01:18,,listing,2,90000,"【QR毎】
初期当選/下3桁提示可能/有効期限内/着ブロ希望なし /payeasy支払/最終当選歴1stLoveスタンド
代表者の同意チェックは買い手様でご対応ください。
プラベル対応可能です。
本人確認、システムエラー、ランダムエラー、体調不良、遅延等の買い手様都合での返金やキャンセルはいかなる場合も不可になります。
入場後は速やかにログアウト、受け取り連絡を必ずお願い致します。
トラブル防止のため購入は日本人女性のみ、また代理購入は御遠慮ください。
購入された場合、以上全てに同意の上と判断いたします。",True,2026-07
208brau95b,1784136306565,naniwa-danshi-nd5,2026-09-20,17:30,あなぶきアリーナ香川,electronic,none,同行,ひかるん,5.0,,番手同行ランダム,2026-07-15 17:25:06,2026-08-27 16:01:18,,listing,2,62000,"残り2枚/すり替えなしランダム
初期当選/着ブロ・制作開放席なし/前回スタンド当選(チケホルあり)または初当選/有効期限内/同一クレカ決済なし/下3桁提示可
・当日、開場40分前頃にこちらの指定する場所（会場付近）で待ち合わせし同時入場して頂きます。（時間厳守）
・発券後一時解散いたしますがお渡し準備整い後すぐ再集合できるように当日繋がるお電話番号のご提示お願いいたします。
・当日購入者様都合の交通機関の遅延を含めた遅刻や音信不通の場合は先に入場させていただき、発送連絡もいたします。その際にも必ず受取連絡をお願い致します。
・ランダムエラー、本人確認、体調不良、機械の不都合等による入場トラブルや座席に関するクレームでの返金は一切致しかねます。
・入場の際にご購入者様の端末を借りる場合がございますこと、ご了承ください。
・当日入場の際に身分証明書をお預かりする場合がございます。本人確認ができる公的身分証をお持ちください。お預かりした身分証明書は、購入者様の前で封筒に入れさせて頂きます。受取連絡確認後チケットお渡しの際にご返却致します。問題がない限り個人情報を控える等一切致しませんのでご安心下さい。
・また、チケットをお渡しするまでにお時間かかる場合がございますがご理解頂けると幸いです。
・ご購入者様都合の通信エラー、充電切れ等そのほかの理由で受取連絡ができない場合、チケットのお渡しはできかねます。
・第三者による代理購入、連絡のこまめに取れない方の落札はご遠慮ください。
・当日は必ず私の指示に従ってください。
・キャリーケース等大きい荷物を持っての入場不可。持ち込もうとした場合その場で受け取り評価、別のお譲り先を探させていただきます。
・少なくとも、お取引完了までのやりとりは12時間以内(夜間早朝除く)にご返信頂けると大変助かります。
・お支払い後のご購入者様都合による理由での返金、キャンセルは一切致しかねます。
・成人済の日本人女性の方、一般常識の備わっている方のみお取引お願いいたします。
・公演が中止、延期になった場合は定価手数料分のみお返しいたします。(返金に伴う手数料はご負担お願いいたします。)",True,2026-07
osbrz0csnn,1783884435026,naniwa-danshi-nd5,2026-09-20,17:30,あなぶきアリーナ香川,electronic,female,同行,k.,5.0,,ランダム,2026-07-12 19:27:15,2026-08-27 16:01:18,,listing,1,27930,"FC先行 ランダム配布
16時頃待ち合わせを予定しております
ランダム配布の為買い手様の座席選択はできません、こちらでさせて頂きます。
又、デジダルチケットの為チケットを発券するまで座席は未定です。
入場後チケットを一度全て回収させて頂きます、座席選択にお時間を頂きます
開演5~10分前に再集合し買い手様へチケットをお渡しさせて頂く予定ですが、多少お時間が前後する場合もございます。
再集合する迄は自由に過ごして頂いて溝いません、再集合する場所等は入場後お伝え致します。
会場内での電波障害等が予想されます、連絡ボートが使えない場合や緊急でご連絡をさせて頂く場合に直接連絡の取れる電話番号をお伺いさせていただきますのでご協力頂きますようお願い致します。
記載してある通りランダム配布となりますので、お渡しするチケットの座席・チケットお渡しまでの時間等へのクレーム、他一切受付ません
ランダムエラー、買い手様都合のキャンセル等、他如何なる場合でも返金できかねますのでご了承ください
必ず受け取り評価をしていただきます
購入された際は上記全て了承したものとします",True,2026-07
7gelzpoxy2,1783656341872,naniwa-danshi-nd5,2026-09-21,14:00,あなぶきアリーナ香川,electronic,female,同行,どすこい,5.0,,番手,2026-07-10 04:05:41,2026-08-27 16:01:18,,listing,2,70000,"2名義中2番手2連(バラ可)
初期当選/重複すり替えなし/着ブロ指定なし/下3桁提示可/発送物戻りなし/有効期限内
・20万代ドーム アリーナ名義
・60万代ドーム スタンド名義
これ以前の当選歴や座席についてはお答えしません
プライベート出品に変更しますので購入希望の方はコメント下さい
・開場20分前に会場付近に集合お願いします。集合場所については当日までにメッセージボードにてお知らせいたします。
・公演中止以外のいかなる場合でもキャンセル、返金対応は致しませんのでご了承ください。
※ランダムエラーも返金対応不可です※
出演者が変更になった場合も同様です。
公演中止の場合のみ手数料を差し引いた金額を返金いたします。
・チケットのお渡しと引き換えに受け取り通知をお願いいたします。
・座席に関する質問、クレームは一切お受けできません。
・日本語でスムーズにやり取りできる日本人のみ購入可能。",True,2026-07
bvsrvutk4r,1784378929592,naniwa-danshi-nd5,2026-09-21,14:00,あなぶきアリーナ香川,electronic,female,公演前日QRコード共有,ゆ,5.0,,QR,2026-07-18 12:48:49,2026-08-27 16:01:18,,listing,2,90000,"QR毎/初期当選/下3桁提示可/有効期限内名義/郵送物戻り無し
公演前日に必要な情報等を連絡ボードにてお知らせ致します。尚、同行者の同意等はこちらで対応しますので登録完了後にお伝えする形となります。
入金確認出来次第会員番号下3桁お伝え可能です。
公演当日入場後は速やかにログアウトして頂き、必ず開演時間までに受け取り通知をお願い致します。
座席に関するクレーム等は一切受け付けません。公演中止を除き交通機関遅れ、体調不良等購入者様都合の事情、ランダムエラー等如何なる場合も返金致しません。お取引成立後は如何なる場合も必ず受け取り通知を完了して頂きますのでご了承下さい。取引成立後の取引キャンセルも承る事が出来ないのでご了承下さい。上記の場合も必ず受け取り評価は行って頂きます。
ご購入は上記を了承した上で日本語の理解出来る、成人済み日本人の方でお願い致します。",True,2026-07
sold_naniwa-danshi-nd5_1784559039959_41365,1784559039959,naniwa-danshi-nd5,2026-09-21,14:00,あなぶきアリーナ香川,electronic,female,同行,,,,,2026-07-20 14:50:39,2026-08-27 16:01:18,2026-08-27 07:17:28,sold,1,41365,"4名義中2番手  5.0は当日手渡し
FC先行/初期当選/QR下3桁提示/有効期限内/すり替えなし/着ブロ希望なし

開場30分前に待ち合わせし同時入場してい...",False,2026-07
y3yzoaqyfq,1784469777426,naniwa-danshi-nd5,2026-09-21,14:00,あなぶきアリーナ香川,electronic,female,公演前日にQRコードを共有,m,5.0,,QR,2026-07-19 14:02:57,2026-08-27 16:01:18,,listing,1,100000,"初期当選/重複すり替えなし/下3桁提示可/着ブロ指定なし/有効期限内名義
・詳細は公演前日に必要な情報を連絡ボードにてお知らせします。
・体調不良、遅刻、買い手様都合、ランダムエラーやシステムエラー、本人確認等で入場出来なかった場合や、入場後、退場させられた場合でも、公演中止以外の返金対応は致しません。
・座席についてのクレームは一切お受けできません。",True,2026-07
sold_naniwa-danshi-nd5_1784859200441_63000,1784859200441,naniwa-danshi-nd5,2026-09-21,14:00,あなぶきアリーナ香川,electronic,female,同行,,,,,2026-07-24 02:13:20,2026-08-27 16:01:18,2026-08-27 07:17:28,sold,2,63000,"2名義中2番手/バラ売り可能/すり替えなし /下3桁提示可能 /有効期限内/発送物戻りなし/過去エラー履歴なし/全てPay-easy決済/

★プライベート出品...",False,2026-07
fnvydu66uz,1785394069231,naniwa-danshi-nd5,2026-09-21,14:00,あなぶきアリーナ香川,electronic,female,同行,れ,5.0,,同行番手,2026-07-30 06:47:49,2026-08-27 16:01:18,,listing,2,65000,"FC先行/初期当選/すり替えなし/期限内/4名義中4番手/下3桁提示可
プラベル出品に切り替えます。
公演当日は会場付近に集合し同時入場後、チケットを回収致します。
ご購入者様で座席を選択していただくことはできかねますので、ご了承ください。
集合予定は開演1時間前とさせていただきますが、臨機応変に対応お願いいたします必ず指定のお時間に遅れずに来て頂ける方のみご購入をお願いいたします交通機関遅延等含め遅れて来られた場合は入場できない可能性もございます。その場合にも返金やキャンセル等の対応は一切致しませんお座席を選ばせて頂く際、お待たせする可能性がございます発券後一度解散し、再度こちらの指定場所にお集まり頂きますチケットお渡しの際にその場で受け取り通知をお願いいたします。電波の悪い場合でも受け取り連絡して頂けるまでチケットをお渡し致しません。座席に関してのクレーム等は一切受け付けません。また集合時間未定の為お時間に余裕がある方のみお願いいたしますシステムエラー、ランダムエラー、検温、体調不良、交通機関でのトラブルや本人確認等で入場ができない場合、また入場後の本人確認があった場合、いかなる事情でも返金やキャンセル等対応致しかねます。必ず受け取り通知をしていただきますので予めご了承下さい。
発券に協力していただく場合もあります代理購入はトラブル回避の為お控えください。公演当日、必ず購入されたご本人様がお越し頂きますようお願いいたします
公演当日スムーズに行うためこちらからの連絡を待たずに購入後当日の連絡のつく番号とお名前のお伝えお願いいたします。
代理購入はトラブル回避の為お控えください。公演当日、必ず購入されたご本人様がお越し頂きますようお願い致します落札はスムーズに連絡が取れる方、および日本人女性のみでお願い致します。
ご購入された時点で上記内容について全て了承頂いたものとみなします名義に関するご質問、お問い合わせには回答致しません
また盗撮や録音その他マナー違反はお辞め下さい",True,2026-07
5plqgevlcf,1783861299533,naniwa-danshi-nd5,2026-09-21,14:00,あなぶきアリーナ香川,electronic,female,同時入場,Ruu,5.0,,番手,2026-07-12 13:01:39,2026-08-27 16:01:18,,listing,1,70000,"2名義中2番手(どちらも単番)になります。
初期当選/すり替えなし/下3桁提示可/有効期限内
端末をお借りし、同時に入場していただきます。その後1度チケットをお預かりし当方が選択しなかった方の座席をお渡しします。
公演日2日前までに集合場所、時間を連絡させていただきます。
チケットをお渡ししたらその場で受け取り確認をしていただきます。座席に関するクレームは一切お受けいたしません。
大幅に遅刻された際は待たずに入場する場合があります。その際も必ず受け取り確認をしていただきます。
交通機関の遅延、体調不良、ランダムエラー、本人確認で入場できない場合等、公演中止以外のいかなる理由でも返金・キャンセルはいたしかねます。
上記ご理解いただいた方のみご購入お願いいたします。",True,2026-07
enavs9vww9,1784121419628,naniwa-danshi-nd5,2026-09-21,14:00,あなぶきアリーナ香川,electronic,female,同行,_(:3 」∠)_,5.0,,番手,2026-07-15 13:16:59,2026-08-27 16:01:18,,listing,2,72000,"4名義中3番手
FC先行/初期当選/QR下3桁提示/有効期限内/すり替えなし/着ブロ希望なし
開場30分前に待ち合わせし同時入場していただきます。詳しい待ち合わせ時間や場所は連絡ボードにてご連絡いたします。
待ち合わせに5分以上遅刻された場合待たずに入場いたします。その場合も受取連絡していただきますのでご了承ください。交通機関の遅延による遅刻でも返金対応は致しかねますのでお時間に余裕を持ってお越しください。
チケットは一度回収しこちらで座席確認、座席選択した後、3番手でチケットをお選びいただけます。チケットのお渡しに時間がかかる場合もありますのでご了承ください。座席に関するクレームは一切お受けできません。
開演に間に合うようにチケットをお渡しいたします。
買い手様都合のキャンセル、体調不良、本人確認、ランダムエラ一、交通機関の遅延、電波通信障害、出演者の変更、欠席などいかなる場合も返金対応やキャンセルはいたしかねます。
公演中止の場合のみ手数料を差し引いた金額を返金いたします。
公演中止以外はいかなる理由があっても必ず受取通知をしていただきます。
ご購入いただいた時点で上記の内容を全て了承いただいたものとみなします。",True,2026-07
0ajy3auu4t,1784097456010,naniwa-danshi-nd5,2026-09-21,14:00,あなぶきアリーナ香川,electronic,female,同行,き,4.2,,QRランダム,2026-07-15 06:37:36,2026-08-27 16:01:18,,listing,1,45000,"2名義入場、2番手は番手譲りの少人数ランダム配布になります。
公演中止以外の如何なる場合にも返金できかねます。
入場30分前集合。
全て女性名義有効期限内違反なしの名義での入場です。",True,2026-07
sold_naniwa-danshi-nd5_1783700481420_65000,1783700481420,naniwa-danshi-nd5,2026-09-21,14:00,あなぶきアリーナ香川,electronic,female,3名義中2番手,,,,,2026-07-10 16:21:21,2026-08-27 16:01:18,2026-08-27 07:17:28,sold,2,65000,"3名義中2番手/初期当選/着ブロ指定なし/Pay-easy決済/有効期限内/下3桁提示可/すり替えなし

 公演当日会場付近で集合し、同時入場させて頂きます。...",False,2026-07
q5hpqpl2t6,1784136444164,naniwa-danshi-nd5,2026-09-21,14:00,あなぶきアリーナ香川,electronic,none,同行,ひかるん,5.0,,同行ランダム,2026-07-15 17:27:24,2026-08-27 16:01:18,,listing,1,55000,"2名義のみランダム
初期当選/着ブロ・制作開放席なし/2名義のみのランダム(中相場買取🉑、上乗せ20分前早渡し🉑)/前回スタンド当選または初当選名義/有効期限内/同一クレカ決済なし
・当日、開場30分前頃にこちらの指定する場所（会場付近）で待ち合わせし同時入場して頂きます。（時間厳守）
・開演5~10分前には必ずお渡しいたします。すぐ再集合できるように当日繋がるお電話番号のご提示お願いいたします。
・当日購入者様都合の交通機関の遅延を含めた遅刻や音信不通の場合は先に入場させていただき、発送連絡もいたします。その際にも必ず受取連絡をお願い致します。
・ランダムエラー、本人確認、体調不良、機械の不都合等による入場トラブルや座席に関するクレームでの返金は一切致しかねます。
・入場の際にご購入者様の端末を借りる場合がございますこと、ご了承ください。
・当日入場の際に身分証明書をお預かりする場合がございます。本人確認ができる公的身分証をお持ちください。お預かりした身分証明書は、購入者様の前で封筒に入れさせて頂きます。受取連絡確認後チケットお渡しの際にご返却致します。問題がない限り個人情報を控える等一切致しませんのでご安心下さい。
・また、チケットをお渡しするまでにお時間かかる場合がございますがご理解頂けると幸いです。
・ご購入者様都合の通信エラー、充電切れ等そのほかの理由で受取連絡ができない場合、チケットのお渡しはできかねます。
・第三者による代理購入、連絡のこまめに取れない方の落札はご遠慮ください。
・当日は必ず私の指示に従ってください。
・キャリーケース等大きい荷物を持っての入場不可。持ち込もうとした場合その場で受け取り評価、待たずに入場させていただきます。
・少なくとも、お取引完了までのやりとりは12時間以内(夜間早朝除く)にご返信頂けると大変助かります。
・お支払い後のご購入者様都合による理由での返金、キャンセルは一切致しかねます。
・成人済の日本人女性の方、一般常識の備わっている方のみお取引お願いいたします。
・公演が中止、延期になった場合は定価手数料分のみお返しいたします。(返金に伴う手数料はご負担お願いいたします。)",True,2026-07
v2aoxek12o,1784120958507,naniwa-danshi-nd5,2026-09-21,14:00,あなぶきアリーナ香川,electronic,female,同行,_(:3 」∠)_,5.0,,番手,2026-07-15 13:09:18,2026-08-27 16:01:18,,listing,2,55000,"4名義中4番手
FC先行/初期当選/QR下3桁提示/有効期限内/すり替えなし/着ブロ希望なし
開場30分前に待ち合わせし同時入場していただきます。詳しい待ち合わせ時間や場所は連絡ボードにてご連絡いたします。
待ち合わせに5分以上遅刻された場合待たずに入場いたします。その場合も受取連絡していただきますのでご了承ください。交通機関の遅延による遅刻でも返金対応は致しかねますのでお時間に余裕を持ってお越しください。
チケットは一度回収しこちらで座席確認、座席選択した後チケットをお渡しいたします。チケットのお渡しに時間がかかる場合もありますのでご了承ください。座席に関するクレームは一切お受けできません。
開演に間に合うようにチケットをお渡しいたします。
買い手様都合のキャンセル、体調不良、本人確認、ランダムエラ一、交通機関の遅延、電波通信障害、出演者の変更、欠席などいかなる場合も返金対応やキャンセルはいたしかねます。
公演中止の場合のみ手数料を差し引いた金額を返金いたします。
公演中止以外はいかなる理由があっても必ず受取通知をしていただきます。
ご購入いただいた時点で上記の内容を全て了承いただいたものとみなします。",True,2026-07
poh11mvnrc,1783700610851,naniwa-danshi-nd5,2026-09-21,14:00,あなぶきアリーナ香川,electronic,female,3名義中3番手,り,5.0,,番手,2026-07-10 16:23:30,2026-08-27 16:01:18,,listing,2,57000,"3名義中3番手/初期当選/着ブロ指定なし/Pay-easy決済/有効期限内/下3桁提示可/すり替えなし
公演当日会場付近で集合し、同時入場させていただきます。 集合場所、時間等は公演日が近づきましたらご連絡いたします。時間厳守の為、遅刻された場合でも受取連絡はして頂きます。
ご入場時、端末をお借りしてチケット発券にご協力いただく場合やお連れ様と別々の入場をお願いする可能性もございますが、チケットは必ず連番でお渡しいたします。
入場後1度チケットを回収し、座席選択後3番手のチケットをお渡しする形となります。座席選択の為、チケットお渡しまでにお時間頂く可能性もございます。 チケットをお渡ししましたら、その場で受取連絡をお願いいたします。座席についてのクレームは一切受け付けておりません。 公演中止以外のキャンセル、返金は如何なる場合でも対応出来かねます。 以上ご理解頂ける成人・日本人女性の方のみお願いいたします。
公演中止の場合のみ、手数料を差し引いた金額を返金いたします。",True,2026-07
sold_naniwa-danshi-nd5_1783664875873_80000,1783664875873,naniwa-danshi-nd5,2026-09-21,14:00,あなぶきアリーナ香川,electronic,female,公演日前日にログイン情報お渡し,,,,,2026-07-10 06:27:55,2026-08-27 16:01:18,2026-08-27 07:17:28,sold,1,80000,"初期当選/座席未定/重複すり替えなし/有効期限内/下三桁提示可/着ブロ指定なし/郵送物戻りなし

公演前日にマイページの連絡ボードにてログイン情報お伝えします。...",False,2026-07
di756qtask,1783726555869,naniwa-danshi-nd5,2026-09-21,14:00,あなぶきアリーナ香川,electronic,female,同行,Yちゃん,5.0,,ランダム記載あり,2026-07-10 23:35:55,2026-08-27 16:01:18,,listing,2,61000,"2名義中2番手でのお譲りになります。
【13時頃集合】
プラベルにてお取引可⭐️ご購入希望の方はメッセージをお願いいたします。
開場時間に待ち合わせして同時入場となります。
下3桁番号提示可/期限内名義/初当選
交通機関の乱れ、ランダムエラーなど公式からの公演中止以外では返金致しません。
その他ご不明点ございましたらコメントまでお願いします。",True,2026-07
sold_naniwa-danshi-nd5_1783680506318_80000,1783680506318,naniwa-danshi-nd5,2026-09-21,14:00,あなぶきアリーナ香川,electronic,female,公演日前日にQRコード共有,,,,,2026-07-10 10:48:26,2026-08-27 16:01:18,2026-08-27 07:17:28,sold,1,80000,"QR毎/初期当選/下3桁提示可/有効期限内名義/郵送物戻り無し/着ブロ指定無し/同一クレカ等無し

公演前日に必要な情報等を連絡ボードにてお知らせ致します。入金...",False,2026-07
065uf7qklu,1784089459075,naniwa-danshi-nd5,2026-09-21,14:00,あなぶきアリーナ香川,electronic,female,同行,き,4.2,,QR番手,2026-07-15 04:24:19,2026-08-27 16:01:18,,listing,2,68000,"2名義中2番手2連
入場30分前集合
合流時に受取評価お願いします。
公演中止以外の如何なる場合でも返金不可。
入場後座席を確認次第チケットをお渡しします。",True,2026-07
x5rioypn51,1783733162665,naniwa-danshi-nd5,2026-09-21,14:00,あなぶきアリーナ香川,electronic,female,2名義中2番手,ゆ,5.0,,番手,2026-07-11 01:26:02,2026-08-27 16:01:18,,listing,2,65000,"2名義中2番手 全て初期当選 すり替えなし 全て有効期限内 着ブロ希望なし 下3桁提示可能 サイチェン可 希望あればプラベ出品に変更可能
・すり替えなし、2名義中2番目のお譲りになります。2連×2のうち当方が選ばなかった方の2連をお譲りいたします。バラ(1枚)で購入の場合、先に購入された方に2連中どちらの席にするかの選択権があります。
・入金確認後、ご希望があれば2名義分の会員番号下3桁提示可能です。
・座席選択のために実際の座席の確認に多少のお時間をいただくことがありますが選択後はすぐにチケットをお渡ししますのでその場で受け取り連絡をお願いします。
・公演当日、開演1時間前に最寄駅または会場付近で待ち合わせし、同時入場していただきます。詳しい待ち合わせ時間・場所等は、公演日が近くなりましたら連絡ボードでお知らせします。
・集合時間に遅れた場合には先に入場する可能性がありますがその場合でも理由問わず、必ず受け取り連絡をお願いします。
・本人確認には対応しておりませんのでご了承ください。
・本人確認やエラーなどで入場できなかった場合や退場させられた場合等、公演中止以外の返金は一切致しません。
・代理購入はしないでください。必ず入場される本人がご購入ください。
・受け取り連絡をしていただいた時点でお取引は問題なく終了したものとみなし、それ以降のクレームや返金は受け付けません。",True,2026-07
fb1kowblhr,1784891272910,naniwa-danshi-nd5,2026-09-21,14:00,あなぶきアリーナ香川,electronic,female,公演前日にQRコード共有,ま,5.0,,QR,2026-07-24 11:07:52,2026-08-27 16:01:18,,listing,2,90000,"初期当選、QRごと、有効期限内、重複すり替えなし、下3桁提示可能、郵便物戻りなし
プライベート出品に変更しますので、コメントお願いします。
当選歴：2023年ポプモ(スタンド、チケホルあり)
それ以外の当選歴はございません。
座席に関するクレームは一切受け付けません。
ランダムエラー、本人確認、体調不良、交通機関遅延など、いかなる場合でも返金はいたしませんので、ご了承ください。その場合も受取連絡はしていただきます。公演中止の場合のみ、手数料を差し引いて返金します。
購入後のキャンセル不可
同行者の同意チェックはこちらで対応しますが、代表者の同意チェックはご購入者様にてお願いいたします。
公演前日に必要な情報を送ります。
入場後は速やかにログアウトしていただき開演時間までに受取連絡をお願いいたします。",True,2026-07
4t56zrkzpc,1783682006868,naniwa-danshi-nd5,2026-09-21,14:00,あなぶきアリーナ香川,electronic,female,公演日前日にQRコード共有,⭐️,5.0,,QR,2026-07-10 11:13:26,2026-08-27 16:01:18,,listing,1,85000,"QR毎/初期当選/下3桁提示可/有効期限内名義/郵送物戻り無し/着ブロ指定無し/同一クレカ等無し/前回スタンド当選名義
こちらのチケットは単番での当選です。公演前日に必要な情報等を連絡ボードにてお知らせ致します。入金確認出来次第会員番号下3桁お伝え可能です。
公演当日入場後は速やかにログアウトして頂き、必ず開演時間までに受け取り通知をお願い致します。
座席に関するクレーム等は一切受け付けません。公演中止を除き交通機関遅れ、体調不良等購入者様都合の事情、ランダムエラー等如何なる場合も返金致しません。お取引成立後は如何なる場合も必ず受け取り通知を完了して頂きますのでご了承下さい。取引成立後の取引キャンセルも承る事が出来ないのでご了承下さい。上記の場合も必ず受け取り評価は行って頂きます。
ご購入は上記を了承した上で日本語の理解出来る、成人済み日本人の方でお願い致します。",True,2026-07
m1r992jzot,1783907562805,naniwa-danshi-nd5,2026-09-21,14:00,あなぶきアリーナ香川,electronic,female,同行,どすこい,5.0,,同行,2026-07-13 01:52:42,2026-08-27 16:01:18,,listing,1,100000,"2名義中1番手同行
初期当選/重複すり替えなし/着ブロ指定なし/下3桁提示可/発送物戻りなし/有効期限内/担当問いません
・20万代ドーム アリーナ名義
・60万代ドーム スタンド名義
これ以前の当選歴や座席についてはお答えしません。
プライベート出品に変更しますので購入希望の方はコメント下さい
・開場20分前に会場付近に集合お願いします。集合場所については当日までにメッセージボードにてお知らせいたします。
・公演中止以外のいかなる場合でもキャンセル、返金対応は致しませんのでご了承ください。
※ランダムエラーも返金対応不可です※
出演者が変更になった場合も同様です。
公演中止の場合のみ手数料を差し引いた金額を返金いたします。
・チケットのお渡しと引き換えに受け取り通知をお願いいたします。
・座席に関する質問、クレームは一切お受けできません。
・日本語でスムーズにやり取りできる日本人のみ購入可能。",True,2026-07
uc1p7qa3o8,1784645868318,naniwa-danshi-nd5,2026-09-21,14:00,あなぶきアリーナ香川,electronic,none,当日,yuki,5.0,,番手同行,2026-07-21 14:57:48,2026-08-27 16:01:18,,listing,1,73000,"初期当選/3名義中2番手同行/すり替えなし/有効期限内/着ブロ希望なし/下3桁提示可/サイチェン可/藤原担不可
3名義中2番手の2連中の1枚、当方と同行となります。
藤原担の方は購入ご遠慮ください。
待ち合わせ時間の10〜15分前に会場付近にてお待ち合わせし同時入場いたします。詳細は購入後に連絡ボードにてご連絡いたします。遅刻厳禁でお願いいたします。
買い手様都合による遅刻は受取連絡して頂きます。
入場後2番目にチケットを選択できますが当方で選択いたしますので、購入者様による座席選択権並びに連番内の座席選択権はございません。チケットお渡しと同時に受取連絡をお願いいたします。受取連絡されないとチケットお渡し出来ませんのでご了承下さい。
サイチェンして頂いても構いませんが、担当配慮並びにトラブル等無いようお願いいたします。
公演中止以外の返金不可。ランダムエラーの際も返金致しませんので、ご不安な方はチケテンの保証加入をお願いします。
代理購入不可。購入された方ご自身がお入りください。
トラブル防止の為、日本人女性のみ購入可。
お子様連れ、介助等が必要な方もご遠慮下さい。
当選履歴や座席履歴のご質問にはお答え出来ませんので気にされる方はご遠慮下さい。
購入された際は上記全てに了承したものとみなします。
※プラベルご希望の方は切り替えいたしますので購入前にお申し付けください。",True,2026-07
mcagt38l7d,1784028140737,naniwa-danshi-nd5,2026-09-21,14:00,あなぶきアリーナ香川,electronic,female,同行,m,5.0,,同行,2026-07-14 11:22:20,2026-08-27 16:01:18,,listing,1,83000,"初期当選/有効期限内/重複すり替え無し/下3桁提示可/サイチェン可
当方との同行
当日会場付近にて待ち合わせをし、同時入場していただきます。その際は時間厳守でお願いいたします。
主催者側からの公演中止以外（体調不良、出演者の変更、遅刻、エラー、本人確認等）いかなる理由でも返金、キャンセルは致しかねます。
連番内の座席はこちらで決めさせていただきます。
座席に関するクレームは一切受け付けません。
チケットお渡しと同時に評価をしていただきます。
公演中止の場合のみ、手数料を差し引いた額を返金いたします。
代理でのご購入はお控えください。
上記の全てをご理解いただけましたらご購入をお願いいたします。",True,2026-07
sold_naniwa-danshi-nd5_1783728501634_75000,1783728501634,naniwa-danshi-nd5,2026-09-21,14:00,あなぶきアリーナ香川,electronic,female,公演日2日前までにQRコード共有,,,,,2026-07-11 00:08:21,2026-08-27 16:01:18,2026-08-27 07:17:28,sold,2,75000,"QR毎/初期当選/下3桁提示可/有効期限内名/着ブロ指定無し

公演前日に必要な情報等を連絡ボードにてお知らせ致します。入金確認出来次第会員番号下3桁お伝え可能...",False,2026-07
tnt1a9t7c3,1783675524735,naniwa-danshi-nd5,2026-09-21,14:00,あなぶきアリーナ香川,electronic,female,同行,あ,5.0,,同行,2026-07-10 09:25:24,2026-08-27 16:01:18,,listing,1,75000,"同行　※道枝担不可
FC初期当選/有効期限内/下三桁提示可/差し替えなし/着ブロ指定なし
公演当日開演30分前頃に会場付近にて待ち合わせ、同時入場していただきます。
当方と連番となりますが、連番の内の座席はこちらが選びますので購入者様ではお選びいただけませんのでご了承ください。
公演中止以外のキャンセル及び返金は不可",True,2026-07
sold_naniwa-danshi-nd5_1783680661720_75000,1783680661720,naniwa-danshi-nd5,2026-09-21,14:00,あなぶきアリーナ香川,electronic,female,公演日前日にQRコード共有,,,,,2026-07-10 10:51:01,2026-08-27 16:01:18,2026-08-27 07:17:28,sold,2,75000,"QR毎/初期当選/下3桁提示可/有効期限内名義/郵送物戻り無し/着ブロ指定無し/同一クレカ等無し

公演前日に必要な情報等を連絡ボードにてお知らせ致します。入金...",False,2026-07
ahamfggm4m,1785158533602,naniwa-danshi-nd5,2026-10-10,13:30,エコパアリーナ,electronic,female,公演日前日にログイン情報共有,camumar,5.0,,QR,2026-07-27 13:22:13,2026-08-27 16:01:18,,listing,2,75000,"QR毎/サイチェン可/着ブロ指定なし
初期当選/入金後下3桁提示可/有効期限内
返送物戻り無/同一名義同一住所重複なし
23年新規入会名義、25年アリツアスタンド、ドームスタンド当選名義です。
チケホル未登録のためFC内で確認することができません。その点をご理解いただける方のみご購入下さい。
・公演前日に連絡ボードにてログインに必要な情報をお伝えします。
・ご入場はご自身の端末でQRを表示してご入場ください。
・同行者の同意チェックはこちらで行います。代表者の同意チェックはご購入者様ご自身でお願いいたします。
・入場後は速やかにログアウト、必ず開演までに受取連絡していただきます。
★ 公式からの公演中止の場合のみ、チケテンの規約に基づき返金いたします。
★ 公演中止以外は如何なる場合も返金不可、キャンセル対応一切致しません。
★ 入場不可の場合でも受け取り連絡は必ずしてください。
★ サイチェン可にしているため、座席に関してのクレームは受け付けません。
トラブル防止のため、上記全てを了承され、日本語でスムーズに取引ができる方のみご購入をお願い致します。",True,2026-07
mspa1tt68o,1783765878602,naniwa-danshi-nd5,2026-10-10,13:30,エコパアリーナ,electronic,female,同行,まりん,5.0,,同行記載あり,2026-07-11 10:31:18,2026-08-27 16:01:18,,listing,1,75000,"初期当選/2連中の1枚(同行)/重複すり替えなし/有効期限内/下3桁掲示可/サイチェン可
購入後のキャンセルは一切承りません。
公演当日は開場20~30分前を目安に会場付近に集合し、同時入場して頂きます。
詳しい待ち合わせ場所、時間等は公演が近くなりましたら連絡ボードにてお伝えします。
入場後チケットをお渡し次第その場で受取連絡をお願いいたします。
座席に関するクレームは一切承りません。
連番内の座席は当方が先に選択させて頂きます。
ランダムエラー、本人確認、公共交通機関による遅刻、当日の体調不良、出演者の変更など如何なる理由でもキャンセルや返金対応は致しかねます。
公演中止場合のみ、手数料を差し引いた金額を返金させて頂きます。
藤原担不可。
上記理解頂ける方のみご購入をお願いいたします。",True,2026-07
vxe7gjxwrt,1783659442011,naniwa-danshi-nd5,2026-10-10,13:30,エコパアリーナ,electronic,female,公演日前日までにログイン情報共有,す,5.0,,QR,2026-07-10 04:57:22,2026-08-27 16:01:18,,listing,1,85000,"QR毎/単番/初期期選/着ブロなし/下3桁開示可/有効期限内
入場後、速やかにログアウトと受け取り評価をお願いいたします。
体調不良、ランダムエラー、システムエラー、本人確認、交通機関の遅延、出演者の変更等、いかなる場合も返金・キャンセル対応はいたしかねます。
公演中止の場合のみ、送料・手数料を差し引いた金額を返金いたします。",True,2026-07
1bcehyff5j,1783728939512,naniwa-danshi-nd5,2026-10-10,13:30,エコパアリーナ,electronic,female,同行,ま,5.0,,同行,2026-07-11 00:15:39,2026-08-27 16:01:18,,listing,1,75000,"当方との同行/2連中の1枚/重複、すり替えなし/下3桁提示可/初期当選/有効期限内/郵送物戻りなし/着ブロ希望なし/前回スタンド名義
⚫︎大橋担不可。
⚫︎プライベート出品にするため、ご購入前にメッセージをお願いいたします。
⚫︎ 連番内の座席は当方が先に選択させて頂きます。
⚫︎ 公演当日、開場10分前に会場付近にて待ち合わせし、同時入場していただきます。詳しい待ち合わせ場所は公演日近くなりましたらご連絡させていただきます。
⚫︎ チケットお渡し時に受取連絡をして頂きます。いかなる場合でも受取連絡をしていただけない場合はチケットをお渡しすることはできません。座席に関するクレーム等は一切お受けできかねます。
⚫︎ 待ち合わせに10分以上遅刻された場合、先に入場させて頂きます。その場合も受取連絡を行っていただきますので時間厳守でお願いいたします。
⚫︎ 公演中止の場合のみ手数料等を差し引いた金額を返金いたします。
⚫︎ 公演中止以外の（本人確認、ランダムエラー、出演者の変更、交通機関の乱れ、体調不良等）如何なる理由においても購入後のキャンセル、返金対応はお受けできかねます。代理購入不可。
⚫︎ 上記を理解した日本人女性の方のみのご購入でお願いいたします。",True,2026-07
m173nvykf5,1783706916828,naniwa-danshi-nd5,2026-10-10,13:30,エコパアリーナ,electronic,female,少人数ランダム(1名義での入場) サイチェン可 中相場買取可,☆,5.0,,ランダム,2026-07-10 18:08:36,2026-08-27 16:01:18,,listing,1,37000,"同時入場後チケットを一度回収しこちらでチケットを選んだ後、ランダム配布いたします。そのため座席はお選びいただけません。
お渡しまでにお時間をいただく可能性がございますが、開演時間までにはチケットをお渡しいたします。
1名義のみの為、比較的早くお渡し出来るかと思います。
また、お座席によっては入場後すぐにお渡しいたします。
当方と連番となる可能性もございますので、ご了承くださいませ。
チケットお渡し後は、ご自由にしていただいて構いません。
公演当日は、開場20分前に会場付近にて待ち合わせ後、同時入場していただきます。
詳しい待ち合わせ場所、時間等は公演前日までに連絡ボードにてお知らせいたします。
また、当日は時間厳守でお願いいたします。万が一遅れられた場合でも、先に入場させていただきますが如何なる場合でも受取連絡はしていただきますのでご了承の程お願いいたします。
落札後のキャンセル、座席へのクレーム、遅刻、体調不良、コロナ関連、本人確認やランダムエラー等で入場できない等、公演中止以外は如何なる場合でも返金対応はいたしません。
必ず、ランダム配布にご理解のある方のみご購入ください。
公演中止の場合は規定に従い返金対応いたします。
日本語で意思疎通が図れる日本人女性のみで、上記の内容を全てご理解いただける方のみご購入ください。
また、代理購入、お子様連れ、車椅子などお手伝いが必要な方はご購入をお控え下さい。",True,2026-07
sold_naniwa-danshi-nd5_1785302595294_60000,1785302595294,naniwa-danshi-nd5,2026-10-10,13:30,エコパアリーナ,electronic,female,公演前日にログイン情報共有,,,,,2026-07-29 05:23:15,2026-08-27 16:01:18,2026-08-27 07:17:28,sold,2,60000,"FC先行 座席未定 初期当選 有効期限内 重複すり替えなし QR毎のお譲り 下3桁提示可

公演前日にログイン情報をお伝え致します。
同行者分の同意チェックはこ...",False,2026-07
e75mu9nl3k,1785506186326,naniwa-danshi-nd5,2026-10-10,13:30,エコパアリーナ,paper,female,2名義中2番手,た,5.0,,番手,2026-07-31 13:56:26,2026-08-27 16:01:18,,listing,2,53000,"2名義中2番手⭐️プラベルにてお取引させていただくため、ご購入希望の方はメッセージをお願いいたします⭐️
2名義中2番手/初期当選/着ブロ指定なし/全てコンビニ決済/有効期限内/下3桁提示可/すり替えなし
公演当日会場付近で集合し、同時入場させていただきます。 集合場所、時間等は公演日が近づきましたらご連絡いたします。時間厳守の為、遅刻された場合でも受取連絡はして頂きます。
ご入場時、端末をお借りしてチケット発券にご協力いただく場合やお連れ様と別々の入場をお願いする可能性もございますが、チケットは必ず連番でお渡しいたします。その際、身分証をお預かりする事がございます。予めご了承ください。
入場後1度チケットを回収し、座席選択後2番手のチケットをお渡しする形となります。座席選択の為、チケットお渡しまでにお時間頂く可能性もございます。 チケットをお渡ししましたら、その場で受取連絡をお願いいたします。座席についてのクレームは一切受け付けておりません。
⚠️公演中止以外のキャンセル、返金は如何なる場合でも対応出来かねます。 以上ご理解頂ける成人・日本人女性の方のみお願いいたします。 ⚠️
公演中止の場合のみ、手数料を差し引いた金額を返金いたします。",True,2026-07
zlzd10xt96,1784203665169,naniwa-danshi-nd5,2026-10-10,13:30,エコパアリーナ,electronic,female,公演日前日にQRコード共有,r,5.0,,QR,2026-07-16 12:07:45,2026-08-27 16:01:18,,listing,2,63000,"QR毎/初期当選/下3桁提示可/有効期限内名義/着ブロ指定なし/郵送物戻りなし/Pay-easy決済/本人確認対応不可/サイチェン不可
プラベル出品に切り替えますので、購入ご希望の方はご連絡下さい。
入金確認後下3桁をお伝えします。
公演日の前日までにログイン情報をお伝えします。
代表者の同意チェックとQR表示は買い手様ご自身でお願いします。同行者チェックはこちらで対応いたします。
当日入場後は速やかにログアウトと受取評価をお願い致します。
公演中止以外はいかなる場合でも返金はできません。体調不良、本人確認、ランダムエラー、電波の不具合、ご自身端末不具合によるエラー、赤線エラー、交通機関の乱れ等、メンバーの欠席でもご対応致しかねます。
座席に関するクレームも一切受け付けておりません。
必ず受取評価をお願い致します。
公演中止の場合は手数料を差し引いた金額を返金致します。取引成立後のキャンセルは承りません。
上記の内容を了承した上で日本語の理解出来る成人済み方のみご購入お願い致します。
当選歴
・2023 POPMALL
・2025 BON BONVOYAGE
※いずれもチケットホルダーの期限は切れており、座席確認できません。ご了承下さい",True,2026-07
pwxzaay5m8,1784301022543,naniwa-danshi-nd5,2026-10-10,13:30,エコパアリーナ,electronic,female,番手,ゆ,5.0,,番手,2026-07-17 15:10:22,2026-08-27 16:01:18,,listing,2,67000,"2名義中2番手
初期当選/すり替え無し/下3桁提示可/有効期限内/着ブロ指定無し/発送物戻り無し/サイチェン可
当日は会場付近にて待ち合わせし、同時入場して頂きます。
集合時間 場所等は、公演日前日までに連絡ボードにてお伝えいたします。
チケットと引き換えに、受取連絡をお願いいたします。
座席に関するクレームは一切受け付けません。
当日は時間厳守でお願いいたします。
遅刻等で待ち合わせ時間に間に合わなかった場合でも受取連絡はしていただきますのでご了承ください。
公演中止以外でのランダムエラー、席種、本人確認、体調不良、担当不在、交通機関の乱れいかなる場合でも返金キャンセル不可です。
購入された方は全てご了承いただけたものとします。",True,2026-07
6mh9dp4waz,1783941633622,naniwa-danshi-nd5,2026-10-10,13:30,エコパアリーナ,electronic,female,公演前日ログイン情報共有,s,5.0,,QR,2026-07-13 11:20:33,2026-08-27 16:01:18,,listing,2,75000,"QR毎/下3桁提示可/有効期限内名義/初期当選/郵送物戻り無し/着ブロ指定無し/同一クレカ等無し
※プライベート出品に切り替えますので購入希望の方はメッセージをお願いいたします。
公演前日に必要な情報等を連絡ボードにてお伝えします。入金確認出来次第会員番号下3桁お伝え可能です。
公演当日入場後は速やかにログアウトして頂き、必ず開演時間までに受け取り通知をお願い致します。
座席に関するクレーム等は一切受け付けません。主催者による公演中止以外のいかなる状況（ランダムエラー、体調不良や交通状況等、購入者様都合での事情）で入場できない際にも返金致しません。お取引成立後は如何なる場合も必ず受け取り通知を完了して頂きますのでご了承下さい。取引成立後の取引キャンセルも承る事が出来ないのでご了承下さい。上記の場合も必ず受け取り評価は行って頂きます。
トラブル防止の為、成人済み日本人女性の方のみご購入ください。",True,2026-07
vgovj2z4ga,1784677259552,naniwa-danshi-nd5,2026-10-10,13:30,エコパアリーナ,electronic,female,同行,ni,5.0,,同行ランダム,2026-07-21 23:40:59,2026-08-27 16:01:18,,listing,2,42000,"ファンクラブ当選 全て初期当選 【指定席】のみのランダム配布 制作開放・復活当選・立ち見は含まれません 座席未定 有効期限内名義 pay-easy決済
ランダム配布
・公演当日、開場時間45分前に会場付近で待ち合わせし、同時入場していただきます。
・交通機関の乱れやいかなる理由でも遅刻された場合は、先に入場させていただきますので、遅刻厳禁でお願い致します。
・入場後、一度解散し、チケットをお渡しするために再度ご連絡致します。座席に関するクレーム等はご遠慮ください。
・本人確認やランダムエラー等対応できません。その際も受取連絡はしていただきますのでご了承ください。
・詳しい待ち合わせ時間・場所等は、ご入金後にマイページのメッセージでお知らせします。時間厳守でお願いします。
・天候などの理由で間に合わない、又はお越しになれない場合など、公演中止以外のいかなる理由でもキャンセル受付できません。受け取り通知をして頂きます。
上記内容をご了承の上、成人済み日本人女性のみご購入お願い致します。
購入された際は全て了承したものさせて頂きます。",True,2026-07
sold_naniwa-danshi-nd5_1784777306021_63000,1784777306021,naniwa-danshi-nd5,2026-10-10,13:30,エコパアリーナ,electronic,female,公演日7日前までにQRコード共有,,,,,2026-07-23 03:28:26,2026-08-27 16:01:18,2026-08-27 07:17:28,sold,2,63000,"ファンクラブ／初期当選／QR毎／有効期限内／重複・すり替えなし／下3桁提示可／サイチェン可／着ブロ指定なし／前回スタンド名義


・公演日の前日にログインに必要...",False,2026-07
af13ze6rw5,1783884094187,naniwa-danshi-nd5,2026-10-10,13:30,エコパアリーナ,electronic,none,同行,k.,5.0,,ランダム,2026-07-12 19:21:34,2026-08-27 16:01:18,,listing,1,32000,"FC先行 ランダム配布
12時頃待ち合わせを予定しております
ランダム配布の為買い手様の座席選択はできません、こちらでさせて頂きます。
又、デジダルチケットの為チケットを発券するまで座席は未定です。
入場後チケットを一度全て回収させて頂きます、座席選択にお時間を頂きます
開演5~10分前に再集合し買い手様へチケットをお渡しさせて頂く予定ですが、多少お時間が前後する場合もございます。
再集合する迄は自由に過ごして頂いて溝いません、再集合する場所等は入場後お伝え致します。
会場内での電波障害等が予想されます、連絡ボートが使えない場合や緊急でご連絡をさせて頂く場合に直接連絡の取れる電話番号をお伺いさせていただきますのでご協力頂きますようお願い致します。
記載してある通りランダム配布となりますので、お渡しするチケットの座席・チケットお渡しまでの時間等へのクレーム、他一切受付ません
ランダムエラー、買い手様都合のキャンセル等、他如何なる場合でも返金できかねますのでご了承ください
必ず受け取り評価をしていただきます
購入された際は上記全て了承したものとします",True,2026-07
l6n0h8fnff,1783659338975,naniwa-danshi-nd5,2026-10-10,13:30,エコパアリーナ,electronic,female,公演日前日までにログイン情報提示,あ,5.0,,QR,2026-07-10 04:55:38,2026-08-27 16:01:18,,listing,1,78000,"QR毎/単番/座席未定/初期当選/有効期限内/下3桁提示可/着ブロ指定なし/発送物戻りなし/重複すり替えなし
入金確認後、下3桁提示可能です。
公演前日になりましたら、連絡ボードにてログイン情報お伝えいたします。
入場後、速やかにログアウト、評価よろしくお願いいたします。
ランダムエラー、交通機関の遅延、体調不良など、公演中止以外は一切返金できませんのでご了承ください。
公演中止の場合のみ定価手数料を差し引いた金額を返金いたします。",True,2026-07
rg5wgvv5f1,1785290296941,naniwa-danshi-nd5,2026-10-10,18:00,エコパアリーナ,electronic,female,同行,🎀,5.0,,同行,2026-07-29 01:58:16,2026-08-27 16:01:18,,listing,1,80000,"初期当選/重複すり替えなし同行/サイチェン不可/高橋担不可
・当日は開演1時間前前後に会場付近にて待ち合わせ予定です。
・サイチェン、録音録画等名義を傷付ける行為はおやめ下さい。
・本人確認、ランダムエラー、体調不良、公共交通機関の遅延、出演者変更など、公演中止以外の如何なる理由においてもキャンセル、返金対応は一切いたしません。",True,2026-07
nokm9h1r8c,1783739348374,naniwa-danshi-nd5,2026-10-10,18:00,エコパアリーナ,electronic,female,少人数ランダム配布,いぬ,5.0,,ランダム,2026-07-11 03:09:08,2026-08-27 16:01:18,,listing,1,50000,"・ランダム配布の為購入者様に座席選択権はございません。
・開場40分前に開場付近にて集合を予定しております。5分ほど前後する可能性があるので余裕を持ってお越しください。
・再配布の際すぐにお渡しするために電話番号をご提示ください。当日取引終了次第すぐに削除します。
・2連でご購入の方は入場はバラけていただく可能性がありますが、お渡しは必ず2連のチケットをお渡しします。また、入場の際にQR表示のため端末をお借りする可能性もございます。
・当日入場後チケットを回収し、一度解散します。開演までにお渡ししますが早めにお渡しできることもあるので常に連絡が取れる状態でお待ちください。
・チケットをお渡しするタイミングで必ず受け取り評価をお願い致します。
・こちらの指示に従うようにしてください。ご協力の程よろしくお願い致します。
・公共交通機関の乱れ、出演者の変更、体調不良、ランダムエラー等如何なる理由でも買い手様都合のキャンセルは致しかねます。必ず受け取り評価をしていただきます。",True,2026-07
i5kyg597tm,1783869837752,naniwa-danshi-nd5,2026-10-10,18:00,エコパアリーナ,electronic,female,公演日前日までにQRコード共有,u,5.0,,QR,2026-07-12 15:23:57,2026-08-27 16:01:18,,listing,2,78000,"QR毎　有効期間内名義　発送物戻りなし
公演日前日にログインに必要な会員番号とパスワードをお伝えします。
会員番号下３桁提示可能です。
入場後は開演時間までに受取連絡、ログアウトをお願い致します。
体調不良、交通機関の遅延、座席へのクレームやランダムエラーなど如何なる場合でも返金致しません。公演が中止になった場合のみ手数料を差し引いた金額を返金させて頂きます。",True,2026-07
sold_naniwa-danshi-nd5_1783871255842_75000,1783871255842,naniwa-danshi-nd5,2026-10-10,18:00,エコパアリーナ,electronic,female,公演前日にログイン情報共有,,,,,2026-07-12 15:47:35,2026-08-27 16:01:18,2026-08-27 07:17:28,sold,2,75000,"7\31〆切  現在最高7.0
初期当選/有効期限内/女性名義/着ブロ指定なし/下3桁提示可

公演中止以外の返金対応不可。ランエラ、黒服からの本確等で退場とな...",False,2026-07
5nst7adjn2,1785480738388,naniwa-danshi-nd5,2026-10-10,18:00,エコパアリーナ,electronic,female,同行,ひ,5.0,,同行,2026-07-31 06:52:18,2026-08-27 16:01:18,,listing,1,67000,"大西担不可/サイチェン不可/重複すり替えなし/初期当選/下3桁提示可/期限内/着ブロ指定なし/代表者のみ本確可
プラベル変更可
チケテンの場合はプライベート出品にするため、購入希望の方は購入リクエストしそのままお待ちください。
・当日の集合時間は開場～開演30分前頃の予定です(前日までに連絡予定)。
・チケット発券後に受取評価をお願いいたします。座席確認し、当方で選択後に隣席にお座り頂きます。
・座席に対するクレーム、また公演中の撮影・録音などの名義を傷つけるような行為はお控えください。
・体調不良やエラー等、公演中止以外のいかなる理由でのキャンセルも受け取り評価をしていただきますのでご了承ください。
・トラブル防止のため、購入は入場されるご本人様かつ日本人女性のみでお願いします。",True,2026-07
2mva51ux6q,1783884740294,naniwa-danshi-nd5,2026-10-10,18:00,エコパアリーナ,electronic,female,同行,k.,5.0,,ランダム,2026-07-12 19:32:20,2026-08-27 16:01:18,,listing,1,31100,"FC先行 ランダム配布
16時半頃待ち合わせを予定しております
ランダム配布の為買い手様の座席選択はできません、こちらでさせて頂きます。
又、デジダルチケットの為チケットを発券するまで座席は未定です。
入場後チケットを一度全て回収させて頂きます、座席選択にお時間を頂きます
開演5~10分前に再集合し買い手様へチケットをお渡しさせて頂く予定ですが、多少お時間が前後する場合もございます。
再集合する迄は自由に過ごして頂いて溝いません、再集合する場所等は入場後お伝え致します。
会場内での電波障害等が予想されます、連絡ボートが使えない場合や緊急でご連絡をさせて頂く場合に直接連絡の取れる電話番号をお伺いさせていただきますのでご協力頂きますようお願い致します。
記載してある通りランダム配布となりますので、お渡しするチケットの座席・チケットお渡しまでの時間等へのクレーム、他一切受付ません
ランダムエラー、買い手様都合のキャンセル等、他如何なる場合でも返金できかねますのでご了承ください
必ず受け取り評価をしていただきます
購入された際は上記全て了承したものとします",True,2026-07
sold_naniwa-danshi-nd5_1784082264169_50000,1784082264169,naniwa-danshi-nd5,2026-10-10,18:00,エコパアリーナ,electronic,female,同行,,,,,2026-07-15 02:24:24,2026-08-27 16:01:18,2026-08-27 07:17:28,sold,1,50000,"2名義中2番手(単番×2)
初期当選/すり替えなし/下3桁提示可/有効期限内/着ブロ指定なし

・開場時間の15分前を目安に当日会場付近にて待ち合わせをし、入場...",False,2026-07
ifs6h6r9kk,1784022842660,naniwa-danshi-nd5,2026-10-10,18:00,エコパアリーナ,electronic,female,当方と同行,m,5.0,,同行,2026-07-14 09:54:02,2026-08-27 16:01:18,,listing,1,85000,"初応募初期当選/重複すり替えなし/着ブロ指定なし/有効期限内名義/サイチェン可
当方と同行で入場いただきます。
・ランダムエラーや体調不良、交通機関の乱れ等は公演中止以外の如何なる理由でも返金はできかねます。
・詳細は公演前日に必要な情報を連絡ボードにてお知らせします。
・座席についてのクレームは一切お受けできません。",True,2026-07
cjz2og5tyw,1783928280606,naniwa-danshi-nd5,2026-10-10,18:00,エコパアリーナ,electronic,female,3名義中3番手/すり替えなし/下3桁提示可能,ほ,5.0,,番手,2026-07-13 07:38:00,2026-08-27 16:01:18,,listing,2,50000,"【３名義中３番手】
すり替えなし/下3桁提示可能/初期当選/有効期限内/着ブロ選択なし
サイト通し1.0＋当日手渡し4.5も対応可能です。
・当日会場付近にてお待ち合わせし、同時入場お願いいたします。
お待ち合せ時間、お待ち合せ場所の詳細は公演当日までに取引メッセージにてご連絡させていただきます。
・入場後は一度チケットを回収し、座席確認の後、3名義中3番手にてチケットをお渡しさせていただきます。
座席確認のためお時間いただく可能性もございますが、入場からチケット受け渡しまでできる限り迅速に対応させていただきます。
・当日は時間厳守で集合をお願いいたします。ご購入者様の遅刻は到着を待たずに入場させていただきます。お時間に余裕を持ってお越しください。
出演者変更、入場時のランダムエラー、本人確認、交通機関の遅延、体調不良、座席などへのクレームでの返金は一切致しかねます。
・代表者として入場していただく可能性がございます。
その場合、QRコードを開いた状態でこちらのスマホ端末をお渡しいたしますので、一律で端末持ち逃げ防止のため一時的に身分証をお預かりさせていただきます。入場後、チケットと端末をお渡し、返却いただくタイミングにて、速やかに身分証を返却いたします。
（ご購入者様の端末をお借りしてログインさせていただく場合もございますのでご承知ください。）
・トラブル防止のため代理購入不可
必ず当日いらっしゃる方が落札をお願いいたします。
・公演中止以外ではいかなる理由でもキャンセル、返金は承れません。",True,2026-07
buoksyfgy8,1784677385184,naniwa-danshi-nd5,2026-10-10,18:00,エコパアリーナ,electronic,female,同行,ni,5.0,,同行ランダム,2026-07-21 23:43:05,2026-08-27 16:01:18,,listing,1,36000,"ファンクラブ当選 全て初期当選 【指定席】のみのランダム配布 制作開放・復活当選・立ち見は含まれません 座席未定 有効期限内名義 pay-easy決済
ランダム配布
・公演当日、開場時間45分前に会場付近で待ち合わせし、同時入場していただきます。
・交通機関の乱れやいかなる理由でも遅刻された場合は、先に入場させていただきますので、遅刻厳禁でお願い致します。
・入場後、一度解散し、チケットをお渡しするために再度ご連絡致します。座席に関するクレーム等はご遠慮ください。
・本人確認やランダムエラー等対応できません。その際も受取連絡はしていただきますのでご了承ください。
・詳しい待ち合わせ時間・場所等は、ご入金後にマイページのメッセージでお知らせします。時間厳守でお願いします。
・天候などの理由で間に合わない、又はお越しになれない場合など、公演中止以外のいかなる理由でもキャンセル受付できません。受け取り通知をして頂きます。
上記内容をご了承の上、成人済み日本人女性のみご購入お願い致します。
購入された際は全て了承したものさせて頂きます。",True,2026-07
1ee8c02kml,1784009747662,naniwa-danshi-nd5,2026-10-10,18:00,エコパアリーナ,electronic,female,同行,S,5.0,,同行,2026-07-14 06:15:47,2026-08-27 16:01:18,,listing,1,83000,"初期当選/重複・すり替えなし同行（藤原担）/下3桁提示可能/有効期限内
公演当日、こちらが指定した時間に会場付近で待ち合わせをし、同時入場していただきます。
チケットを発券し、当方が席を選んだ後、残りの1枚をお渡しします。連番内の席はお選びいただけません。また席に関してのクレームは受け付けません。
チケットお渡し後はサイチェン等自由にしていただいて構いませんが、名義に傷がつく行為はお控えください。
公演中止・延期の場合のみ手数料を差し引いた金額を返金いたします。その他いかなる理由でも必ず受け取り評価をしていただきます。
車椅子の方のご購入はご遠慮ください。また、トラブルの原因になりかねないため代理購入もお控えください。
上記の条件に当てはまる場合、入場はお断りさせていただきますが、その際も必ず受け取り評価をしていただきます。
以上全ての内容にご了承いただける日本人女性のみご購入ください。 お取引について質問がございましたら遠慮なくお声かけください。",True,2026-07
0mzlqedoz2,1783927326637,naniwa-danshi-nd5,2026-10-10,18:00,エコパアリーナ,electronic,female,3名義中2番手/すり替えなし/下3桁提示可能,ほ,5.0,,番手,2026-07-13 07:22:06,2026-08-27 16:01:18,,listing,2,60000,"【３名義中２番手】
すり替えなし/下3桁提示可能/初期当選/有効期限内/着ブ口選択なし
サイト通し1.0＋当日手渡し5.0も対応可能です。
・当日会場付近にてお待ち合わせし、同時入場お願いいたします。
お待ち合せ時間、お待ち合せ場所の詳細は公演当日までに取引メッセージにてご連絡させていただきます。
・入場後は一度チケットを回収し、座席確認の後、3名義中2番手にてチケットをお渡しさせていただきます。
座席確認のためお時間いただく可能性もございますが、入場からチケット受け渡しまでできる限り迅速に対応させていただきます。
・当日は時間厳守で集合をお願いいたします。ご購入者様の遅刻は到着を待たずに入場させていただきます。お時間に余裕を持ってお越しください。
出演者変更、入場時のランダムエラー、本人確認、交通機関の遅延、体調不良、座席などへのクレームでの返金は一切致しかねます。
・代表者として入場していただく可能性がございます。
その場合、QRコードを開いた状態でこちらのスマホ端末をお渡しいたしますので、一律で端末持ち逃げ防止のため一時的に身分証をお預かりさせていただきます。入場後、チケットと端末をお渡し/返却いただくタイミングにて、速やかに身分証を返却いたします。
（ご購入者様の端末をお借りしてログインさせていただく場合もございますのでご承知ください。）
・トラブル防止のため代理購入不可
必ず当日いらっしゃる方が落札をお願いいたします。
・公演中止以外ではいかなる理由でもキャンセル、返金は承れません。",True,2026-07
eu3t28pgj5,1783739721784,naniwa-danshi-nd5,2026-10-10,18:00,エコパアリーナ,electronic,female,2名義中2番手,いぬ,5.0,,番手,2026-07-11 03:15:21,2026-08-27 16:01:18,,listing,2,61000,"2名義中2番手
入金確認でき次第下3桁提示可能/すり替え無し
当日開場30分前集合を予定しております。
入場の際、端末をお借りする可能性がありますのでご協力ください。
日本人女性のみご購入ください。
ランダムエラーを含む如何なる場合でもキャンセルは致しかねます。必ず受け取り評価までしていただきますのでよろしくお願い致します。",True,2026-07
sold_naniwa-danshi-nd5_1783680557223_70000,1783680557223,naniwa-danshi-nd5,2026-10-11,13:00,エコパアリーナ,electronic,female,公演日前日にQRコード共有,,,,,2026-07-10 10:49:17,2026-08-27 16:01:18,2026-08-27 07:17:28,sold,2,70000,"QR毎/初期当選/下3桁提示可/有効期限内名義/郵送物戻り無し/着ブロ指定無し/同一クレカ等無し

公演前日に必要な情報等を連絡ボードにてお知らせ致します。入金...",False,2026-07
maj7cwrcea,1784186294127,naniwa-danshi-nd5,2026-10-11,13:00,エコパアリーナ,electronic,male,公演前日にログイン情報をお伝えします,anuenue,5.0,,同行記載あり,2026-07-16 07:18:14,2026-08-27 16:01:18,,listing,2,73000,"QRごとのお譲りです。初期当選/下3桁提示可能/期限内/サイチェン可/着ブロ希望なし/ランダムエラー・発送物戻りなど起きたことございません。前回当選時スタンド
同行者登録はご自身でお願いいたします。
プライベート出品にしますのでご購入希望の方はコメントください。
・公演前日にログイン情報をお伝えします。
・本人確認やランダムエラーなどで入場できなかった場合、入場後の強制退場や出演者の変更などによる返金は一切致しません。
・遅刻、体調不良、トラブル等のいかなる場合もキャンセルは受け付けません。公演中止の場合のみサイト規約に基づき、仲介手数料を差し引いた金額を返金致します。
・座席に関するクレーム等はお受け致しません。
・盗撮など名義を傷つけるような行為はお控えください。こちら発覚した場合しかるべき処置を取らせていただきます。
上記を了承された方のみご購入お願い致します。",True,2026-07
y4oao62kob,1783884793712,naniwa-danshi-nd5,2026-10-11,13:00,エコパアリーナ,electronic,none,同行,k.,5.0,,ランダム,2026-07-12 19:33:13,2026-08-27 16:01:18,,listing,1,32000,"FC先行 ランダム配布
11時半頃待ち合わせを予定しております
ランダム配布の為買い手様の座席選択はできません、こちらでさせて頂きます。
又、デジダルチケットの為チケットを発券するまで座席は未定です。
入場後チケットを一度全て回収させて頂きます、座席選択にお時間を頂きます
開演5~10分前に再集合し買い手様へチケットをお渡しさせて頂く予定ですが、多少お時間が前後する場合もございます。
再集合する迄は自由に過ごして頂いて溝いません、再集合する場所等は入場後お伝え致します。
会場内での電波障害等が予想されます、連絡ボートが使えない場合や緊急でご連絡をさせて頂く場合に直接連絡の取れる電話番号をお伺いさせていただきますのでご協力頂きますようお願い致します。
記載してある通りランダム配布となりますので、お渡しするチケットの座席・チケットお渡しまでの時間等へのクレーム、他一切受付ません
ランダムエラー、買い手様都合のキャンセル等、他如何なる場合でも返金できかねますのでご了承ください
必ず受け取り評価をしていただきます
購入された際は上記全て了承したものとします",True,2026-07
sold_naniwa-danshi-nd5_1783961638190_70000,1783961638190,naniwa-danshi-nd5,2026-10-11,13:00,エコパアリーナ,electronic,female,QR毎　公演前日にログイン情報共有,,,,,2026-07-13 16:53:58,2026-08-27 16:01:18,2026-08-27 07:17:28,sold,1,70000,"QRごとのお譲りです。初期当選/下3桁提示可能/期限内／サイチェン可/着ブロ希望なし/ランダムエラー・発送物戻りなど起きたことございません。
・公演前日にログイ...",False,2026-07
5alntpogps,1784276340948,naniwa-danshi-nd5,2026-10-11,13:00,エコパアリーナ,electronic,female,公演前日までにログイン情報,み,5.0,,QR,2026-07-17 08:19:00,2026-08-27 16:01:18,,listing,2,75000,"下3桁提示提示可能/サイチェン可能/代表者同意チェック可能/初期当選有効期限内
過去ランエラ、発送物戻り停止全て該当なし
公演中止以外のランエラ等いかなる場合でも返金不可",True,2026-07
sold_naniwa-danshi-nd5_1783680722499_75000,1783680722499,naniwa-danshi-nd5,2026-10-11,13:00,エコパアリーナ,electronic,female,公演日前日にログイン情報お伝えいたします,,,,,2026-07-10 10:52:02,2026-08-27 16:01:18,2026-08-27 07:17:28,sold,1,75000,"FC先行初期当選、単番QR毎、有効期限内、ご希望でしたら下3桁提示可能、重複すり替えなし、郵便物等戻りなし、着ブロ指定なし、コンビニ決済
公演日前日に会員番号・...",False,2026-07
fiuukkez3g,1783727154274,naniwa-danshi-nd5,2026-10-11,13:00,エコパアリーナ,electronic,female,同時入場,🖤,5.0,,番手,2026-07-10 23:45:54,2026-08-27 16:01:18,,listing,2,50000,"2連×3名義中3番手
FC初期当選  / 有効期限内 /下三桁提示可  / 着ブロ希望無し / すり替えなし
公演当日開場15〜20分前頃に待ち合わせし、同時入場していただきます。集合時間に遅れ、待たずに入場した場合でも受取をお願いいたします。
入場後1度チケットは回収させていただき、1.2番手が選ばなかったチケットをお渡しいたします。座席確認のためお時間いただく可能性がございます。
場合によってQR表示にご協力頂く場合がございます。その際、身分証を一時的にお預かりさせていただきます。
2枚での購入の場合、同行者様と別れてご入場頂く場合がございますが、必ず二連番のチケットをお渡しいたします。
1枚の場合、連番内のお席はお先にご購入した方にお選び頂きます。
座席へのクレームは一切お受け出来かねます。
公演中止以外の如何なる理由（体調不良、ランダムエラー、本人確認、公共交通機関の遅延、出演メンバーの変更等）でも返金は一切致しかねます。
トラブル防止の為、代理購入はご遠慮ください。
会場内の電波を考慮し電話番号をお伺いする可能性がございます。
以上全てご了承いただいた上、日本語で円滑にやり取り可能な方のみご購入をお願いいたします。",True,2026-07
sold_naniwa-danshi-nd5_1783659520462_75000,1783659520462,naniwa-danshi-nd5,2026-10-11,13:00,エコパアリーナ,electronic,female,公演日前日までにログイン情報共有,,,,,2026-07-10 04:58:40,2026-08-27 16:01:18,2026-08-27 07:17:28,sold,2,75000,"QR毎/初期期選/着ブロなし/下3桁開示可/有効期限内
同行者登録はご自身でお願いいたします。
入場後、速やかにログアウトと受け取り評価をお願いいたします。
体...",False,2026-07
ygtdj5v4vl,1784134808501,naniwa-danshi-nd5,2026-10-11,13:00,エコパアリーナ,electronic,female,同行,k.,5.0,,ランダム,2026-07-15 17:00:08,2026-08-27 16:01:18,,listing,2,37000,"FC先行 ランダム配布
11時半頃待ち合わせを予定しております
ランダム配布の為買い手様の座席選択はできません、こちらでさせて頂きます。
又、デジダルチケットの為チケットを発券するまで座席は未定です。
入場後チケットを一度全て回収させて頂きます、座席選択にお時間を頂きます
開演5~10分前に再集合し買い手様へチケットをお渡しさせて頂く予定ですが、多少お時間が前後する場合もございます。
再集合する迄は自由に過ごして頂いて溝いません、再集合する場所等は入場後お伝え致します。
会場内での電波障害等が予想されます、連絡ボートが使えない場合や緊急でご連絡をさせて頂く場合に直接連絡の取れる電話番号をお伺いさせていただきますのでご協力頂きますようお願い致します。
記載してある通りランダム配布となりますので、お渡しするチケットの座席・チケットお渡しまでの時間等へのクレーム、他一切受付ません
ランダムエラー、買い手様都合のキャンセル等、他如何なる場合でも返金できかねますのでご了承ください
必ず受け取り評価をしていただきます
購入された際は上記全て了承したものとします",True,2026-07
x7s46dwxx1,1783663005422,naniwa-danshi-nd5,2026-10-11,13:00,エコパアリーナ,electronic,female,QR毎,🍒,5.0,,QR,2026-07-10 05:56:45,2026-08-27 16:01:18,,listing,2,71000,"初期当選/有効期限内/下3桁提示可
QR毎のお譲りです。
公演中止以外のいかなる理由も、返金対応致しません。
公演中止のみ、手数料を差し引いた分返金対応いたします。",True,2026-07
sold_naniwa-danshi-nd5_1785427081908_70000,1785427081908,naniwa-danshi-nd5,2026-10-11,13:00,エコパアリーナ,electronic,female,QR,,,,,2026-07-30 15:58:01,2026-08-27 16:01:18,2026-08-27 07:17:28,sold,1,70000,"ファンクラブ先行  有効期限内名義 座席未定 QR毎 重複すり替えなし サイチェン可 下3桁提示可 公演日の2～3日前発送予定

詳細はご購入後にお伝え致します...",False,2026-07
v70y0fm7l8,1783691895777,naniwa-danshi-nd5,2026-10-11,13:00,エコパアリーナ,electronic,female,同行,h,5.0,,同行,2026-07-10 13:58:15,2026-08-27 16:01:18,,listing,1,80000,"※購入をご希望の方は専用出品いたしますので、必ずメッセージをお送りください
FC初期当選/条件なし同行/有効期限内/重複すり替えなし/下3桁提示可/サイチェン可/発送物戻りなし/過去他G含めエラーなし
開場時間の約15分前の待ち合わせを予定しております。待ち合わせ時間や場所の詳細は、公演日前日までにメッセージにてお伝えいたします。大幅な遅刻となる場合、到着を待たずに入場させていただきますのでご注意ください。公共交通機関の遅延・運休等、如何なる理由であっても購入者様都合によるキャンセルとなりますので、必ず時間に余裕をもってお越し下さい。
チケットのお渡し後、速やかにその場で受取連絡をしていただきます。
デジタルチケットのため、座席についてのクレームは一切受け付けておりません。
本人確認、システムエラー、体調不良等の理由により入場ができなかった場合も返金対応は致しかねます。公演中止の場合のみ返金対応をさせていただきますのでご了承ください。
以上、上記全ての内容にご同意いただける方のみご購入ください。",True,2026-07
sold_naniwa-danshi-nd5_1784083690833_70000,1784083690833,naniwa-danshi-nd5,2026-10-11,13:00,エコパアリーナ,electronic,female,公演日前日までにQRコード共有,,,,,2026-07-15 02:48:10,2026-08-27 16:01:18,2026-08-27 07:17:28,sold,1,70000,"初期当選/有効期限内/重複すり替えなし/下2桁提示可

・前日の夜まで必要な情報をご提示します。
・開演時間までに受け取り評価をお願いいたします。
・ランダムエ...",False,2026-07
sold_naniwa-danshi-nd5_1783703364549_68000,1783703364549,naniwa-danshi-nd5,2026-10-11,13:00,エコパアリーナ,electronic,female,公演前日に必要事項のご連絡をします。,,,,,2026-07-10 17:09:24,2026-08-27 16:01:18,2026-08-27 07:17:28,sold,2,68000,"初期当選。座席未定。有効期限内。
すり替え無し、3桁提示可能、着ブロ希望無し、郵便物戻り無し。
QRごとのお譲り。本人確認対応不可。

公演当日入場後は速やかに...",False,2026-07
lmj0cvbxlq,1784398672665,naniwa-danshi-nd5,2026-10-11,17:30,エコパアリーナ,electronic,female,同行,ぽぽ,4.9,,ランダム,2026-07-18 18:17:52,2026-08-27 16:01:18,,listing,1,35000,"同行募集【条件有り】ランダム プライベート出品しますので購入希望の方コメントください。
☆初心者の人でも丁寧なお取引努めます☆
・当日は開場の15分前に会場付近の指定場所に集合して頂きます。前日までに詳細を連絡ボードにてお伝えします。
・交通機関の乱れや体調不良を含め、如何なる事情でも大幅に遅刻をされた場合はお待ちすることなく入場致しますが、そのまま受取通知をして頂きます。キャンセルは不可となりますのでお時間に余裕を持ってお越しください。
・同時入場後、複数名義所持しておりますので入場後は全てのチケットを一度回収し、当方が選ばなかったチケットをランダム配布致します。ご購入者様にチケットはお見せ致しません。入場時間指定の都合によりチケットのお渡しにお時間を要するので、入場後に一度解散致しますが開演時間までには必ずお渡し致します。その際の催促等はご遠慮ください。デジチケのため当日まで座席は未定ですので、座席に関してのクレームやキャンセル、返金はお受けできません。チケットお渡し後はご自由にして頂いて構いません。
・当日は購入者様の端末をお借りしチケットの発券を手伝って頂く場合が御座います。その際一時的に身分証をお借りしてチケットと引き返させて頂く場合が御座いますので御了承の程お願い致します。
・日本語が通じ、スムーズに会話できる日本人女性のみご購入お願い致します。代理購入はトラブルの元となりますのでお辞めください。チケットをお渡しした際に受取連絡をお願い致します。
・公演中止以外のいかなる場合でも返金いたしません。
購入された方は上記のことを全て御了承頂いたと判断致します。入金後のキャンセル及び返金対応は致しませんので宜しくお願い致します。
・公演中止以外でのキャンセル不可",True,2026-07
d8w2iyu5gu,1783665534513,naniwa-danshi-nd5,2026-10-11,17:30,エコパアリーナ,electronic,female,公演日前日にログイン情報共有,まめ,5.0,,QR,2026-07-10 06:38:54,2026-08-27 16:01:18,,listing,1,80000,"初期当選名義/下3桁開示可能/単番当選/有効期限内/着ブロ指定なし
購入後プライベート出品に変更いたしますのでコメントでのお声掛けお願い致します。
主催者による公演中止以外のいかなる状況（ランダムエラー、体調不良や交通状況等）で入場できない際にも返金致しませんので補償等ご検討の上、ご購入の程よろしくお願い致します。",True,2026-07
vykaydtbaz,1785394487186,naniwa-danshi-nd5,2026-10-11,17:30,エコパアリーナ,electronic,female,QRコード共有,Y,4.5,,QR,2026-07-30 06:54:47,2026-08-27 16:01:18,,listing,1,85000,"QR毎 /初期当選/重複・すり替えなし/有効期限内/下3桁提示可/着ブロ希望無し/郵便物戻りなし/過去他FC同一名義でのエラーなし
プラベルで取引出来る方は事前にご連絡ください。
入場後は速やかにログアウトと受取手続きをお願い致します。
公演中止以外の購入者様の都合、ランダムエラー、体調不良等いかなる理由の場合でも返金は致しかねます。
主催者による公演中止の場合は、自動キャンセルとなります。
ランダムエラーを理由にした送金停止は不可です。
上記ご了承の上ご購入ください。
盗聴、盗撮、演出を妨げるような迷惑行為はお辞め下さい。
サイチェン可能ですが、他の方とのトラブルや名義を潰すことがないようお願い致します。
上記ご理解のある方、日本語の通じる女性のみご購入ください。",True,2026-07
gt4hahdvj5,1784134873234,naniwa-danshi-nd5,2026-10-11,17:30,エコパアリーナ,electronic,none,同行,k.,5.0,,ランダム,2026-07-15 17:01:13,2026-08-27 16:01:18,,listing,2,37000,"FC先行 ランダム配布
16時頃待ち合わせを予定しております
ランダム配布の為買い手様の座席選択はできません、こちらでさせて頂きます。
又、デジダルチケットの為チケットを発券するまで座席は未定です。
入場後チケットを一度全て回収させて頂きます、座席選択にお時間を頂きます
開演5~10分前に再集合し買い手様へチケットをお渡しさせて頂く予定ですが、多少お時間が前後する場合もございます。
再集合する迄は自由に過ごして頂いて溝いません、再集合する場所等は入場後お伝え致します。
会場内での電波障害等が予想されます、連絡ボートが使えない場合や緊急でご連絡をさせて頂く場合に直接連絡の取れる電話番号をお伺いさせていただきますのでご協力頂きますようお願い致します。
記載してある通りランダム配布となりますので、お渡しするチケットの座席・チケットお渡しまでの時間等へのクレーム、他一切受付ません
ランダムエラー、買い手様都合のキャンセル等、他如何なる場合でも返金できかねますのでご了承ください
必ず受け取り評価をしていただきます
購入された際は上記全て了承したものとします",True,2026-07
sold_naniwa-danshi-nd5_1783680780854_75000,1783680780854,naniwa-danshi-nd5,2026-10-11,17:30,エコパアリーナ,electronic,female,公演日前日にログイン情報お伝えいたします,,,,,2026-07-10 10:53:00,2026-08-27 16:01:18,2026-08-27 07:17:28,sold,1,75000,"FC先行初期当選、単番QR毎、有効期限内、ご希望でしたら下3桁提示可能、すり替えなし、郵便物等戻りなし、着ブロ指定なし、コンビニ決済
公演日前日に会員番号・パス...",False,2026-07
rizwsmiqu3,1783939360836,naniwa-danshi-nd5,2026-10-11,17:30,エコパアリーナ,electronic,female,公演日1日前までにQRコード共有,M,5.0,,QR,2026-07-13 10:42:40,2026-08-27 16:01:18,,listing,1,87000,"FC先行/QRごと/初期当選/座席未定/有効期限内/重複すり替えなし/着ブロ希望なし
公演前日、ログイン情報を送信致します。
プラベで専用出品させていただくので、一言ご連絡お願いいたします。
入場後または公演後、速やかにログアウトをお願い致します。
発券後にすぐ受け取り手続きをお願い致します。
体調不良やランダムエラー、その他エラー、いかなる場合でもキャンセルは不可となります。
必ず受け取りをお願い致します。
ご注文後は以上全て了承頂けているとみなします。",True,2026-07
sold_naniwa-danshi-nd5_1783696757820_56000,1783696757820,naniwa-danshi-nd5,2026-10-11,17:30,エコパアリーナ,electronic,none,同時入場,,,,,2026-07-10 15:19:17,2026-08-27 16:01:18,2026-08-27 07:17:28,sold,2,56000,"FC先行 /初期当選/2名義中2番手/すり替えなし/有効期限内/下3桁提示可

公演当日、開場15分ほど前に会場付近にて待ち合わせし、同時入場していただきます。...",False,2026-07
ifm1atx7vz,1783655067398,naniwa-danshi-nd5,2026-10-11,17:30,エコパアリーナ,electronic,female,同行,N,5.0,,同行,2026-07-10 03:44:27,2026-08-27 16:01:18,,listing,1,95000,"同行/重下3桁提示可/サイチェン可/重複、すり替えなし
大橋担不可
・連番内のお座席の選択は出来ません。座席選択後チケットをお渡ししますので、その場で受取連絡お願いいたします。
・公演当日、会場付近に待ち合わせし同時入場して頂きます。前日までに連絡ボードで待ち合わせのご連絡をいたします。
・サイチェン可ですが名義が傷つく行為はご遠慮下さい。
・連絡なしの遅刻や交通機関、ご自身によるトラブル体調不良などありましたら、先に入らせて頂きます。その際も受取連絡は必ずして頂きます。
・公演中止以外はランダムエラー含み、いかなる理由であっても受取連絡は必ずして頂きます。また購入後のキャンセル、返金はいたしかねます。ご了承ください。
上記の内容をご確認後、日本語が通じる女性のみご購入お願いいたします。",True,2026-07
sold_naniwa-danshi-nd5_1783680434246_75000,1783680434246,naniwa-danshi-nd5,2026-10-11,17:30,エコパアリーナ,electronic,female,公演日前日にQRコード共有,,,,,2026-07-10 10:47:14,2026-08-27 16:01:18,2026-08-27 07:17:28,sold,2,75000,"QR毎/初期当選/下3桁提示可/有効期限内名義/郵送物戻り無し/着ブロ指定無し/同一クレカ等無し

公演前日に必要な情報等を連絡ボードにてお知らせ致します。入金...",False,2026-07
sold_naniwa-danshi-nd5_1783680632951_80000,1783680632951,naniwa-danshi-nd5,2026-10-11,17:30,エコパアリーナ,electronic,female,公演日前日にログイン情報お伝えいたします,,,,,2026-07-10 10:50:32,2026-08-27 16:01:18,2026-08-27 07:17:28,sold,1,80000,"FC先行初期当選、単番QR毎、有効期限内、ご希望でしたら下3桁提示可能、すり替えなし、郵便物等戻りなし、着ブロ指定なし、コンビニ決済
公演日前日に会員番号・パス...",False,2026-07
mupw9pqbmk,1785158918437,naniwa-danshi-nd5,2026-10-11,17:30,エコパアリーナ,electronic,female,公演前日にログイン情報をお伝えいたします。,ぽ,5.0,,QR,2026-07-27 13:28:38,2026-08-27 16:01:18,,listing,1,80000,"購入後のキャンセル・ランダムエラー・本人確認など入場時のトラブルや体調不良・座席クレーム等、公演中止以外は如何なる理由でもご返金はお受けいたしません。
公演中止の場合のみ、手数料を差し引いた額を返金いたします。",True,2026-07
05zareeqb2,1783679175297,naniwa-danshi-nd5,2026-10-11,17:30,エコパアリーナ,electronic,female,公演前日ログイン情報お伝えします,りん,5.0,,QR,2026-07-10 10:26:15,2026-08-27 16:01:18,,listing,2,78000,"有効期限内名義　下3桁提示可
公演前日に必要な用件をお伝え致します。
座席のクレーム、ランダムエラー、本人確認、体調不良やその他トラブルなど公演中止以外の理由での返金は致しませんのでご了承ください。
入場後は公演開始時刻までに受取通知をお願い致します。
上記をよくお読みいただいて、ご理解頂ける方のみお願いします。",True,2026-07
u04fbfzjkl,1785107817416,naniwa-danshi-nd5,2026-10-11,17:30,エコパアリーナ,electronic,female,同行,う,5.0,,同行,2026-07-26 23:16:57,2026-08-27 16:01:18,,listing,1,80000,"同行/重下3桁提示可/サイチェン可/重複、すり替えなし
道枝担不可
・連番内のお座席の選択は出来ません。座席選択後チケットをお渡ししますので、その場で受取連絡お願いいたします。
・公演当日、会場付近に待ち合わせし同時入場して頂きます。前日までに連絡ボードで待ち合わせのご連絡をいたします。
・サイチェン可ですが名義が傷つく行為はご遠慮下さい。
・連絡なしの遅刻や交通機関、ご自身によるトラブル体調不良などありましたら、先に入らせて頂きます。その際も受取連絡は必ずして頂きます。
・公演中止以外はランダムエラー含み、いかなる理由であっても受取連絡は必ずして頂きます。また購入後のキャンセル、返金はいたしかねます。ご了承ください。
上記の内容をご確認後、日本語が通じる女性のみご購入お願いいたします。",True,2026-07
bxk68635h1,1784211185481,naniwa-danshi-nd5,2026-10-11,17:30,エコパアリーナ,electronic,female,ランダム配布,も,5.0,,ランダム記載あり,2026-07-16 14:13:05,2026-08-27 16:01:18,,listing,1,50000,"⭐️小規模ランダム配布⭐️
中相場買取🉑上乗せで早渡し🉑
1部サイト通し残り当日手渡し🉑
・開場30分前会場付近に集合予定。
・同時入場していただき、入場後1度チケットを回収させていただきます。
・開演10分前を目安に所定の場所に集合していただき、チケットをお渡しいたします。(上乗せで早渡し🉑)
・座席はお選びいただけません。座席に関するクレームは一切受け付けておりません。
・ランダムエラーや出演者変更など公演中止以外の理由では一切返金致しかねます。
・日本語の通じる日本人女性のみご購入下さい
公演中止の場合のみ、手数料を差し引いて返金します。",True,2026-07
d7v9fklqrr,1783884842741,naniwa-danshi-nd5,2026-10-11,17:30,エコパアリーナ,electronic,female,同行,k.,5.0,,ランダム,2026-07-12 19:34:02,2026-08-27 16:01:18,,listing,1,32000,"FC先行 ランダム配布
16時頃待ち合わせを予定しております
ランダム配布の為買い手様の座席選択はできません、こちらでさせて頂きます。
又、デジダルチケットの為チケットを発券するまで座席は未定です。
入場後チケットを一度全て回収させて頂きます、座席選択にお時間を頂きます
開演5~10分前に再集合し買い手様へチケットをお渡しさせて頂く予定ですが、多少お時間が前後する場合もございます。
再集合する迄は自由に過ごして頂いて溝いません、再集合する場所等は入場後お伝え致します。
会場内での電波障害等が予想されます、連絡ボートが使えない場合や緊急でご連絡をさせて頂く場合に直接連絡の取れる電話番号をお伺いさせていただきますのでご協力頂きますようお願い致します。
記載してある通りランダム配布となりますので、お渡しするチケットの座席・チケットお渡しまでの時間等へのクレーム、他一切受付ません
ランダムエラー、買い手様都合のキャンセル等、他如何なる場合でも返金できかねますのでご了承ください
必ず受け取り評価をしていただきます
購入された際は上記全て了承したものとします",True,2026-07
sold_naniwa-danshi-nd5_1783665528833_45000,1783665528833,naniwa-danshi-nd5,2026-10-11,17:30,エコパアリーナ,electronic,female,QRコードのため当日発券時まで座席未定,,,,,2026-07-10 06:38:48,2026-08-27 16:01:18,2026-08-27 07:17:28,sold,2,45000,"★初心者の方、初めての方でも丁寧に説明させていただきます。安心いただけるお取引を心がけます。 
  
★少人数集合（2〜4人予定）
大人数が苦手な方も安心してご...",False,2026-07
v5iixu2c2b,1783698963726,naniwa-danshi-nd5,2026-10-11,17:30,エコパアリーナ,electronic,female,同行,a,5.0,,番手,2026-07-10 15:56:03,2026-08-27 16:01:18,,listing,2,65000,"2名義中2番手 すり替えなし下3桁提示可能
主催者都合による公演中止を除くいかなる場合もキャンセル不可
日本語がわかる成人女性がご購入ください",True,2026-07
wkk5m82u9t,1785525593682,naniwa-danshi-nd5,2026-10-11,17:30,エコパアリーナ,electronic,female,同行,ぽぽ,4.9,,同行ランダム,2026-07-31 19:19:53,2026-08-27 16:01:18,,listing,2,40000,"⭐連番確約⭐同行募集【条件有り】ランダム プライベート出品しますので購入希望の方コメントください。
☆初心者の人でも丁寧なお取引努めます☆
・当日は開場の15分前に会場付近の指定場所に集合して頂きます。前日までに詳細を連絡ボードにてお伝えします。
・交通機関の乱れや体調不良を含め、如何なる事情でも大幅に遅刻をされた場合はお待ちすることなく入場致しますが、そのまま受取通知をして頂きます。キャンセルは不可となりますのでお時間に余裕を持ってお越しください。
・同時入場後、複数名義所持しておりますので入場後は全てのチケットを一度回収し、当方が選ばなかったチケットをランダム配布致します。ご購入者様にチケットはお見せ致しません。入場時間指定の都合によりチケットのお渡しにお時間を要するので、入場後に一度解散致しますが開演時間までには必ずお渡し致します。その際の催促等はご遠慮ください。デジチケのため当日まで座席は未定ですので、座席に関してのクレームやキャンセル、返金はお受けできません。チケットお渡し後はご自由にして頂いて構いません。
・当日は購入者様の端末をお借りしチケットの発券を手伝って頂く場合が御座います。その際一時的に身分証をお借りしてチケットと引き返させて頂く場合が御座いますので御了承の程お願い致します。
・日本語が通じ、スムーズに会話できる日本人女性のみご購入お願い致します。代理購入はトラブルの元となりますのでお辞めください。チケットをお渡しした際に受取連絡をお願い致します。
・公演中止以外のいかなる場合でも返金いたしません。
購入された方は上記のことを全て御了承頂いたと判断致します。入金後のキャンセル及び返金対応は致しませんので宜しくお願い致します。
・公演中止以外でのキャンセル不可",True,2026-07
no22s6v1rl,1783724816421,naniwa-danshi-nd5,2026-10-11,17:30,エコパアリーナ,electronic,female,前日までにQRコード共有,り,5.0,,QR,2026-07-10 23:06:56,2026-08-27 16:01:18,,listing,1,87000,"QR毎/初期当選/重複すり替え無し/有効期限内/下3桁提示可/着ブロ希望
・座席に関するクレーム等、一切お受けできません。
・公演日の前日までにログイン情報をお伝えします。当日の代表者の同意チェックは買い手様でして頂いて構いません。
・入場後、速やかにログアウトをお願い致します。また、発券後にすぐ受け取り手続きをお願い致します。
・発券後のサイチェン、中売り等はお好きなようにして頂いて構いません。
・体調不良やランダムエラー、その他エラー、いかなる場合でもキャンセルは不可となります。また、返金は出来かねますので予めご了承ください。",True,2026-07
iot06qr604,1783941413667,naniwa-danshi-nd5,2026-10-11,17:30,エコパアリーナ,electronic,female,公演前日ログイン情報共有,s,5.0,,QR,2026-07-13 11:16:53,2026-08-27 16:01:18,,listing,2,75000,"QR毎/下3桁提示可/有効期限内名義/初期当選/郵送物戻り無し/着ブロ指定無し/同一クレカ等無し
※プライベート出品に切り替えますので購入希望の方はメッセージをお願いいたします。
公演前日に必要な情報等を連絡ボードにてお伝えします。入金確認出来次第会員番号下3桁お伝え可能です。
公演当日入場後は速やかにログアウトして頂き、必ず開演時間までに受け取り通知をお願い致します。
座席に関するクレーム等は一切受け付けません。主催者による公演中止以外のいかなる状況（ランダムエラー、体調不良や交通状況等、購入者様都合での事情）で入場できない際にも返金致しません。お取引成立後は如何なる場合も必ず受け取り通知を完了して頂きますのでご了承下さい。取引成立後の取引キャンセルも承る事が出来ないのでご了承下さい。上記の場合も必ず受け取り評価は行って頂きます。
トラブル防止の為、成人済み日本人女性の方のみご購入ください。",True,2026-07
720iv79rrs,1783662037904,naniwa-danshi-nd5,2026-10-12,14:00,エコパアリーナ,electronic,female,同行,ゆ,5.0,,ランダム記載あり,2026-07-10 05:40:37,2026-08-27 16:01:18,,listing,2,63000,"2名義中2番手でのお譲りになります。
期限内名義/下3桁提示可/初期当選
交通機関の乱れ、ランダムエラーなど公式からの公演中止以外では返金致しません。
その他ご不明点ございましたらメッセージまでお願いします。",True,2026-07
4lviy6uwvf,1783965089313,naniwa-danshi-nd5,2026-10-12,14:00,エコパアリーナ,electronic,female,同行,り,4.6,,同行,2026-07-13 17:51:29,2026-08-27 16:01:18,,listing,1,72000,"同行　すり替えなし 初期当選
有効期限内 下3桁提示可能
ランダムエラー、体調不良、公共交通機関の乱れ等、如何なる場合でもキャンセルは不可能でございます。
よろしくお願いいたします。",True,2026-07
6z0rn6ucdi,1783663058056,naniwa-danshi-nd5,2026-10-12,14:00,エコパアリーナ,electronic,female,同行,YNSROOMY,5.0,,番手,2026-07-10 05:57:38,2026-08-27 16:01:18,,listing,2,70000,"・2名義中2番手でのお譲りです。
・初期当選／有効期限内
・下3桁開示可能
・すり替えなし
【お取引方法】
公演当日、同時入場となります。
下3桁の事前開示も可能ですので、ご希望の方はお申し付けください。
入場後は速やかに受取連絡・評価をお願いいたします。
【注意事項】
・本人確認、ランダムエラー、交通機関の乱れ、ご購入者様の体調不良や遅刻等により入場できなかった場合でも、返金はいたしかねます。
その場合でも受取連絡は必須となります。
・公演中止の場合のみ、手数料を差し引いた金額をご返金いたします。
・座席に関するクレームはご遠慮ください。
・すり替えは一切ございません。
・トラブル防止のため、代理購入はおやめください。
・日本語でのやり取りが可能な方のみお願いいたします。
上記すべてにご理解いただける方のみ、ご購入をお願いいたします。",True,2026-07
k6lgq0cq6t,1783683122913,naniwa-danshi-nd5,2026-10-12,14:00,エコパアリーナ,electronic,female,公演日2日前にログイン情報共有,sa,5.0,,QR,2026-07-10 11:32:02,2026-08-27 16:01:18,,listing,2,70000,"QR毎/初期当選/重複すり替え無し/有効期限内/郵便物戻り無し/着ブロ指定無し/FC✕非会員にて応募/下3桁提示可
・公演2日前までにログイン情報をお伝えしますので当日ご自身の端末でFCにログインしてご入場ください。
・同行者分の同意チェックについては当日の朝こちらにて対応いたします。
・チケット発券後速やかにFCログアウトおよび受け取り評価(開演時刻までに対応)をお願いいたします。
・公演中止以外の返金(ランダムエラー、本人確認、購入者様の体調不良、メンバーの出演中止 など) は受け付けません。
・日本人女性の取引経験がある方(黒服には細心の注意を払ってご対応いただける方)のみご購入お願いいたします。
・上記すべて了承した上での購入申請をされている認識ですので、常識のある行動お願いいたします。",True,2026-07
9kgnhn2arw,1783770852807,naniwa-danshi-nd5,2026-10-12,14:00,エコパアリーナ,electronic,female,公演日前日にQRコード共有,9,5.0,,QR,2026-07-11 11:54:12,2026-08-27 16:01:18,,listing,2,75000,"QR毎/初期当選/下3桁提示可/有効期限内/発送物戻りなし/着ブロ希望なし
公演前日にチケット表示に必要な情報をマイページの連絡ボードでお知らせします。
買い手様にて同行者登録を行いご入場ください。
入場後は速やかに受け取り通知、ログアウトをお願いいたします。
ランダムエラー・本人確認・出演者変更・交通機関の乱れによる遅刻など公演中止以外のいかなる場合も返金対応不可、公演中止の場合のみ返金いたします。
上記全てご了承頂ける方のみ購入をお願いいたします。",True,2026-07
n00oc6qkwx,1784096494531,naniwa-danshi-nd5,2026-10-12,14:00,エコパアリーナ,electronic,female,当日,yuki,5.0,,番手同行,2026-07-15 06:21:34,2026-08-27 16:01:18,,listing,1,65000,"初期当選/すり替えなし/着ブロ希望なし/有効期限内/発送物戻りなし/過去エラーなし/下3桁提示可/サイチェン可/藤原担、西畑担不可
2連×1、単番×1を所持している為、2名義中2番手(3枚中2枚目)のお渡しとなります。藤原担、西畑担の方は購入ご遠慮ください。
開場時間の15〜20分前に会場付近にてお待ち合わせし同時入場いたします。詳細は購入後に連絡ボードにてご連絡いたします。
また遅刻厳禁でお願いいたします。
当方が単番チケットを選んだ場合は、当方の友人(西畑担)との連番になります。その際、連番内の座席は選んで頂いて構いません。
※当方が連番チケットを選び、購入者様も連番チケットを選んだ場合は連番内の座席はお選び頂けませんのでご了承下さい。
またチケットお渡しと同時に受取連絡をお願いいたします。受取連絡されないとチケットお渡し出来ませんのでご理解下さい。
サイチェンはして頂いても構いませんが、担当配慮して頂きトラブル等無いようにお願いいたします。
公演中止以外の返金不可。ランダムエラーの際も返金致しませんので、ご不安な方はチケテンの保証加入をお願いします。
代理購入不可。購入された方ご自身がお入りください。
トラブル防止の為、日本人女性のみ購入可。
お子様連れ、介助等が必要な方もご遠慮下さい。
当選履歴や座席履歴のご質問にはお答え致しかねますので気にされる方はご購入ご遠慮下さい。
購入された際は上記全てにご了承したものとみなします。
※プラベルご希望の方は切り替えいたしますので購入前にお申し付けください。",True,2026-07
kldlhld3y9,1783705221711,naniwa-danshi-nd5,2026-10-12,14:00,エコパアリーナ,electronic,female,同行,R,5.0,,番手,2026-07-10 17:40:21,2026-08-27 16:01:18,,listing,2,75000,"2名義中2番手でのお譲りです。
・初期当選/有効期限内
・下三桁提示可能
・すり替えなし
・当日こちらが指定した場所に集合していただき同時入場して頂きます。詳しい時間や集合場所等はチャットにてご連絡致します。
・入場後一度チケットをお預かりしますが座席確認後こちらが選ばなかったチケットをすぐお渡し致します。
・座席に関するクレームは一切お受け致しません。本人確認、ランダムエラー、体調不良、メンバーの不在、公共交通機関による遅刻など公演中止以外での返金対応は致しませんのでご了承ください。
公演中止の場合のみ手数料を差し引いた金額をご返金致します。",True,2026-07
h44zol3mmg,1784591465375,naniwa-danshi-nd5,2026-10-12,14:00,エコパアリーナ,electronic,female,同行,さーら,5.0,,ランダム,2026-07-20 23:51:05,2026-08-27 16:01:18,,listing,1,33000,"1名義のみのランダム配布です。
入場後一旦チケットを回収させていただき、当方が座席を選んだ後ランダムで配布致します。
ご自身での座席選択は出来かねますのでご了承下さい。
公演中止の際には、サイトに基づき仲介手数料を差し引いた金額を返金致します。
・ご購入は、日本語がご理解いただける成人済み日本女性の方のみお願い致します。代理落札はご遠慮下さい。
・当日、同行者登録にご協力お願いいたします。
・録音、録画、盗撮などマナー違反をされる方のご購入はお控えください。
・12時30分頃を目安に集合で考えております。
・必ず時間厳守でお願いします。
・交通機関の遅延、遅刻等いかなる場合でも、時間を過ぎた場合先に入場させていただきます。その際、返金は一切対応出来ませんので当日お時間に余裕がある方のみご購入下さい。
・入場後、チケットはお渡ししたその場で受け取り通知をお願い致します。
・遅刻やランダムエラー、ログインエラー、本人確認等、公演の中止以外で入場出来なかった場合の返金は致しません。（メンバーの不在含む）
予めご了承下さい。
・座席に関するクレームは一切お受けできません。
・入場後こちらが座席を選ぶ際お時間を頂く場合がございます。入場後は一旦解散しますのでその間はご自由にお過ごし下さい。再集合しチケットをお渡しさせていただきますので、中でのご連絡がお取り出来る方でお願い致します。
また、電波障害等発生する可能性もございますので、その際は連絡が取れる電話番号のご提示をお願いいたします。",True,2026-07
15r8gcl5cz,1783775448993,naniwa-danshi-nd5,2026-10-12,14:00,エコパアリーナ,electronic,female,公演前日にログイン情報をご連絡いたします。,まよ,5.0,,QR,2026-07-11 13:10:48,2026-08-27 16:01:18,,listing,2,70000,"ファンクラブ先行/座席未定/初期当選/会員番号下3桁提示可/重複すり替えなしQRごとのお譲り/有効期限内名義/発送物戻り・停止表示なし/Pay-easy支払済/着ブロ申込なし
公演前日に同行者の同意チェックを済ませた後、代表者の同意チェックは未の状態にてログイン情報をご連絡いたします。
当日は買い手様のタイミングで代表者同意チェックをしていただき、入場できましたらログアウトいただき受取通知をお願いします。
デジタルチケットのため座席は未定です。
座席に関するクレームはおやめください。
こちらは自管理名義であり、何らかのエラーが出る懸念のある名義ではありませんので、入場できなかったなどと言う理由で受取通知拒否されても、こちらでは真実か確認できない以上、一律対応できません。
公演自体の中止以外の理由ではいかなる場合もキャンセル・返金はできません。
このような場でのお取引の経験、理解があり、常識のあるお取引をしていただける方のみご購入下さい。
こちらも誠意あるお取引をさせていただきますので、どうぞよろしくお願いいたします。",True,2026-07
o1xkj4bcuw,1783719633275,naniwa-danshi-nd5,2026-10-12,14:00,エコパアリーナ,electronic,female,同行,m,5.0,,ランダム,2026-07-10 21:40:33,2026-08-27 16:01:18,,listing,1,30000,"ランダム配布
黒服対策あり
プラベルも対応しておりますので希望の方はお気軽にご連絡ください。
同時入場後にこちらでチケット回収後、一度解散し、再度待ち合わせをして開演時間までには必ずチケットをお渡し致します。ご購入者様に座席の選択権はなく、下3桁に関しましてもお答え出来かねます。
公演当日は開場30分前目安に集合お願い致します。複数名で入場予定です。買い手様に当日QR表示をお願いする場合がありますのでその際は御協力お願い致します。
当日の電波状況を考慮し予め電話番号の交換をお願い致します。
集合時間に遅れた場合、先に入場させて頂きますので時間厳守でお願い致します。交通事情等のいかなる理由での遅刻でも受け取り評価はして頂きます。
公演中止以外でのランダムエラー、本人確認、交通機関の遅れ、体調不良等一切返金致しません。
当日は会場内にて一度解散後、チケットお渡しする際にご連絡させて頂きますので再度待ち合わせお願い致します。
チケットお渡しの際に必ず受け取り評価お願い致します。
受け取り評価して頂けない場合チケットはお渡しできませんのでよろしくお願い致します。
入金後のいかなる理由でもキャンセル返金等致しません。
お座席のクレーム承りません。
上記内容全て承諾頂けた方のみご購入お願い致します。
日本語の通じる成人の女性、連絡ボードにてこまめに連絡をとりあえる方、当日購入者様本人が必ず入場お願い致します。
代理購入や入場する意思のない購入はおやめ下さい。
スムーズなお取引お願いいたします。",True,2026-07
irh5xyudqh,1783773614928,naniwa-danshi-nd5,2026-10-12,14:00,エコパアリーナ,electronic,female,同行,N,5.0,,ランダム,2026-07-11 12:40:14,2026-08-27 16:01:18,,listing,1,25000,"少人数ランダム配布 指定席のみ
入場後1度チケットを回収させていただきます。
入場後チケットお渡しまでの時間会場内でお待ち頂きますが、必ず開演時間までにはお渡しいたします。
半券受取り後ご確認頂けましたら、その場で受取通知をお願い致します。
買い手様による座席選択の権利はございません。座席に関するクレーム等一切お受けいたしません。
当日の体調不良・大幅な遅刻・ランダムエラー・本人確認等の公演中止以外の場合の返金は一切致しかねます。
開場20分前を目安に会場付近にて集合を予定しております。詳しい待ち合わせ時間・場所は前日までに連絡ボードにてお伝えします。
公演当日集合時間に柔軟に対応できる方、公演日前日と当日はこまめに連絡を取れる方のみでお願いします。
以上の内容に全てご了承頂ける日本人女性のみご購入お願いいたします。",True,2026-07
leaaes23dt,1783664336588,naniwa-danshi-nd5,2026-10-12,14:00,エコパアリーナ,electronic,female,QR毎　公演日前日にお伝えします,りぃ,5.0,,QR,2026-07-10 06:18:56,2026-08-27 16:01:18,,listing,2,70000,"有効期限内名義　下3桁提示可
公演前日に必要な用件をお伝え致します。
座席のクレーム、ランダムエラー、本人確認、体調不良やその他トラブルなど公演中止以外の理由での返金は致しませんのでご了承ください。
入場後は公演開始時刻までに受取通知をお願い致します。
上記をよくお読みいただいて、ご理解頂ける方のみお願いします。",True,2026-07
9g8op7ojrj,1783856875990,naniwa-danshi-nd5,2026-10-12,14:00,エコパアリーナ,electronic,female,同行,ゆ,5.0,,同行,2026-07-12 11:47:55,2026-08-27 16:01:18,,deleted,1,75000,"2連中1枚(長尾担不可)  ポプモ落選、Alpha復活当選、ボンボヤ、ドーム落選名義
初期当選/重複すり替え無し/下3桁提示可/有効期限内/発送物戻り無し/エラー無し/サイチェン可
集合時間場所等は、公演日前日までに連絡ボードにてお伝えいたします。
チケットと引き換えに、受取連絡をお願いいたします。
座席に関するクレームは一切受け付けません。
サイチェン可能ですが、名義に傷がつかない範囲、担当の考慮をお願い致します。
当日は時間厳守でお願いいたします。
遅刻等で待ち合わせ時間に間に合わなかった場合でも受取連絡はしていただきますのでご了承ください。
公演中止以外でのランダムエラー、席種、本人確認、体調不良、担当不在、交通機関の乱れいかなる場合でも返金キャンセル不可です。
⚠︎不安な方はオプションつける事をオススメします。
購入された方は全てご了承いただけたものとします。",True,2026-07
fexcb0i3wt,1783663900167,naniwa-danshi-nd5,2026-10-12,14:00,エコパアリーナ,electronic,female,3名義中3番手,R,5.0,,同行記載あり,2026-07-10 06:11:40,2026-08-27 16:01:18,,listing,2,58000,"3名義中3番手
FC枠/初期当選/有効期限内/下三桁提示可
プラベ出品や1部チケテン残り当日手渡しにも変更対応可能ですのでご相談下さい。値下げ交渉やバラ売りなどもご相談承ります。
公演当日、開場20〜30分前頃に会場付近でお待ち合わせし同時入場していただきます。
同行者登録、同意チェックは全てこちらで済ませます。
入場後1度チケットはこちらで回収させていただきます。当方が選ばなかった方のチケットをお渡し致します。買い手様は連番内の座席選択も不可。なるべく早めにチケットをお渡しできるよう努めます。チケットをお渡しの際、その場で受け取り連絡をお願い致します。
公演中止の際のみ返金対応致します。
それ以外のランダムエラー、本人確認、交通事情による遅刻、出演メンバーの変更等、いかなる理由についても返金対応はできません。
お座席に関するクレームも対応出来かねます。
お時間に余裕を持ってお待ち合わせできる方のみご購入をお願い致します。
以上全てご理解頂ける成人の方のみご購入をお願いいたします。",True,2026-07
sold_naniwa-danshi-nd5_1783677093583_64000,1783677093583,naniwa-danshi-nd5,2026-10-12,14:00,エコパアリーナ,electronic,female,公演日前日にお伝えします,,,,,2026-07-10 09:51:33,2026-08-27 16:01:18,2026-08-27 07:17:28,sold,1,64000,"有効期限内名義　下3桁提示可能
公演前日に必要な用件をお伝えします。
座席のクレーム、ランダエラー、本人確認、体調不良やその他トラブルなど公演中止以外の理由での...",False,2026-07
3zch6vpkcw,1785040859875,naniwa-danshi-nd5,2026-10-12,14:00,エコパアリーナ,electronic,female,公演前日にログイン情報共有,きとりん,5.0,,QR,2026-07-26 04:40:59,2026-08-27 16:01:18,,listing,2,75000,"QR毎/初当選名義/初期当選/重複すり替え無し/有効期限内/郵便物戻り無し/下3桁提示可
赤線エラー/ランダムエラー本人確認
出演者変更/体調不良/交通機関の乱れなど
如何なる場合でもキャンセルは不可能になります。
そちらをご了承の上ご購入お願い致します。
どのような場合も
受け取り通知はしていただきますので
ご理解いただいた上ご購入お願い致します。
ログイン情報は前日21時頃までに共有致しますので
ご自身の端末でFCにログイン発券を行ってください。
同行者登録は購入者さまに行っていただきます。
チケット発券入場後、
速やかにFCログアウト及び受け取り通知をして頂きます。
日本人成人女性の取引経験がある方のみ
ご購入お願いいたします。
こちらすべて了承した上での
購入申請認識ですので、
常識のある行動お願いいたします。",True,2026-07
zzbj31kvuh,1783777358391,naniwa-danshi-nd5,2026-10-12,14:00,エコパアリーナ,electronic,female,公演日前日にQRコード共有,つき,5.0,,QR,2026-07-11 13:42:38,2026-08-27 16:01:18,,listing,1,68000,"QR毎/初期当選/着席ブロック希望なし/重複すり替えなし/下3桁提示可/有効期限内
座席のクレーム、ランダムエラー、本人確認、体調不良やその他トラブルなど公演中止以外の理由での返金は致しかねせんのでご了承ください。
入場後は公演開始時間までにすみやかに受取通知をお願いいたします。",True,2026-07
vle6u5bkjn,1784004549067,naniwa-danshi-nd5,2026-10-12,14:00,エコパアリーナ,electronic,female,同行,わ,5.0,,同行,2026-07-14 04:49:09,2026-08-27 16:01:18,,listing,1,70000,"当方(大西担)と同行(同担可)/初期当選/サイチェン可/本確不可/不備無し名義/前回スタンド名義
開場時間前に集合し、同時入場していただきます。
入場後1度チケットを回収し、着席後改めてお渡しいたします。
連番内での座席選択不可です。
公演中止の場合のみ、定価分を返金いたしますが、その他如何なる理由でもキャンセルや返金は一切承りません。
速やかに受取連絡をしていただきます。
必ず、入場されるご本人様がご購入いただきますようお願い致します。
上記のことを全てご了承いただけた方のみご購入にお進み下さい。
購入された時点で全て了承いただけたものと見なします。",True,2026-07
sold_naniwa-danshi-nd5_1783709870855_65000,1783709870855,naniwa-danshi-nd5,2026-10-12,14:00,エコパアリーナ,electronic,female,同行,,,,,2026-07-10 18:57:50,2026-08-27 16:01:18,2026-08-27 07:17:28,sold,1,65000,同行募集2連中の1枚(恭平担と同行)。重複なし。すり替えなし。有効期限内名義。コンビニ決済のみ。初期当選のみ。会員番号下三桁お伝え可能。主催者による公演中止を除...,False,2026-07
sold_naniwa-danshi-nd5_1783765977886_75000,1783765977886,naniwa-danshi-nd5,2026-10-12,14:00,エコパアリーナ,electronic,female,同行,,,,,2026-07-11 10:32:57,2026-08-27 16:01:18,2026-08-27 07:17:28,sold,1,75000,"初期当選/2連中の1枚(同行)/重複すり替えなし/有効期限内/下3桁掲示可/サイチェン可

購入後のキャンセルは一切承りません。

公演当日は開場20~30分前...",False,2026-07
5ys6c8o3u6,1783939439475,naniwa-danshi-nd5,2026-10-12,14:00,エコパアリーナ,electronic,female,公演日1日前までにQRコード共有,M,5.0,,QR,2026-07-13 10:43:59,2026-08-27 16:01:18,,listing,1,76000,"FC先行/QRごと/初期当選/座席未定/有効期限内/重複すり替えなし/着ブロ希望なし
公演前日、ログイン情報を送信致します。
プラベにて出品するので、一言ご連絡お願いいたします。
入場後または公演後、速やかにログアウトをお願い致します。
発券後にすぐ受け取り手続きをお願い致します。
体調不良やランダムエラー、その他エラー、いかなる場合でもキャンセルは不可となります。
必ず受け取りをお願い致します。
ご注文後は以上全て了承頂けているとみなします。",True,2026-07
ygu542wazo,1783884902297,naniwa-danshi-nd5,2026-10-12,14:00,エコパアリーナ,electronic,female,同行,k.,5.0,,ランダム,2026-07-12 19:35:02,2026-08-27 16:01:18,,listing,1,31100,"FC先行 ランダム配布
12時半頃待ち合わせを予定しております
ランダム配布の為買い手様の座席選択はできません、こちらでさせて頂きます。
又、デジダルチケットの為チケットを発券するまで座席は未定です。
入場後チケットを一度全て回収させて頂きます、座席選択にお時間を頂きます
開演5~10分前に再集合し買い手様へチケットをお渡しさせて頂く予定ですが、多少お時間が前後する場合もございます。
再集合する迄は自由に過ごして頂いて溝いません、再集合する場所等は入場後お伝え致します。
会場内での電波障害等が予想されます、連絡ボートが使えない場合や緊急でご連絡をさせて頂く場合に直接連絡の取れる電話番号をお伺いさせていただきますのでご協力頂きますようお願い致します。
記載してある通りランダム配布となりますので、お渡しするチケットの座席・チケットお渡しまでの時間等へのクレーム、他一切受付ません
ランダムエラー、買い手様都合のキャンセル等、他如何なる場合でも返金できかねますのでご了承ください
必ず受け取り評価をしていただきます
購入された際は上記全て了承したものとします",True,2026-07
6717vl7473,1783680249072,naniwa-danshi-nd5,2026-10-12,14:00,エコパアリーナ,electronic,female,公演日2日前までにQRコード共有,a,5.0,,QR,2026-07-10 10:44:09,2026-08-27 16:01:18,,listing,1,75000,"QRごと/初期当選/着席ブロック希望なし/重複すり替えなし/下3桁提示可/有効期限内
公演前日までにログイン情報をお伝えいたします。入場後速やかに受け取り連絡をお願いいたします。
公演中止の場合のみ、仲介手数料を差し引いた金額を返金いたします。ランダムエラー、その他ご本人様の不都合で入場出来なかった場合は、返金致しかねますのでご了承ください。",True,2026-07
s3t5fv7c1x,1785282283428,naniwa-danshi-nd5,2026-10-12,14:00,エコパアリーナ,electronic,female,公演日前日にQRコード共有,あ,5.0,,QR,2026-07-28 23:44:43,2026-08-27 16:01:18,,listing,2,67500,"公演日の前日にログ情報を連絡ボードにて提示します。
ご希望であれば会員番号下3桁を事前にお伝えします。
ご自身の端末でログインし入場してください。
入場後は、速やかにログアウトし開演18時間までに受取通知をお願い致します。
公演が中止にならない限り、如何なる理由でも受け取り評価はしていただきます。
本人確認やシステムエラー、購入者の都合で入場ができない場合、交通機関の遅延等如何なる場合でも返金対応は致しかねますのでご了承ください。
公演中止になった場合のみ、手数料を差し引いた金額を返金対応いたします。
お取引の評価が低い方、取引履歴のない方とはお取引致しません。
日本語の話せる成人女性、マナーを守って公演を楽しんでいただける方のみご購入ください。",True,2026-07
bqdykq9ytl,1783651378983,naniwa-danshi-nd5,2026-10-12,14:00,エコパアリーナ,electronic,female,同行,さーら,5.0,,同行,2026-07-10 02:42:58,2026-08-27 16:01:18,,listing,1,75000,"初期当選/2連中の1枚(同行)/前回2023、前々回2022スタンド後列名義/重複すり替えなし/有効期限内/下3桁掲示可/サイチェン可
購入後のキャンセルは一切承りません。
公演当日は開場20~30分前を目安に会場付近に集合し、同時入場して頂きます。
詳しい待ち合わせ場所、時間等は公演が近くなり次第、連絡ボードにてお伝えします。
入場後チケットのお渡しと同時にその場で受取連絡をお願いいたします。
座席に関するクレームは一切承りません。
連番内の座席は当方が先に選択させて頂きます。
ランダムエラー、本人確認、公共交通機関による遅刻、当日の体調不良、出演者の変更など如何なる理由でもキャンセルや返金対応は致しかねます。公演中止場合のみ、手数料を差し引いた金額を返金させて頂きます。
上記理解頂ける方、女性のみご購入をお願いいたします。",True,2026-07
nlxare50gc,1784568545649,naniwa-danshi-nd5,2026-10-12,14:00,エコパアリーナ,electronic,female,公演日1日前にログイン情報共有,み,5.0,,QR,2026-07-20 17:29:05,2026-08-27 16:01:18,,listing,1,73000,"QR毎でのお譲り/有効期限内/着ブロなし/発送物戻りなし/同一クレカ決済なし/代表者チェック可
入金確認後下3桁お伝え可能です。
当選歴1stLove（アリーナ）Alpha（スタンド）
ログイン情報は前日の22時までにお伝えいたします。
ご入場後は速やかに受取連絡とログアウトをお願い致します。
赤線エラー、ランダムエラー、座席へのクレーム、本人確認、等で入場出来なかった場合も責任負いかねますので、そちらをご了承の上ご購入お願い致します。
またその場合も受け取り通知はしていただきますのでご理解いただいた上ご購入お願い致します。
メンバー不在、交通機関遅延、体調不良等の、公演中止以外の購入者様の都合によるキャンセルは致しかねます。そちらの場合も受け取り通知していただきます。
いかなる場合も返金不可になります。",True,2026-07
2gjgqsk8yh,1783680401823,naniwa-danshi-nd5,2026-10-24,13:00,ららアリーナ 東京ベイ（LaLa arena TOKYO-BAY）,electronic,female,同行,★,5.0,,ランダム,2026-07-10 10:46:41,2026-08-27 16:01:18,,listing,1,39000,"複数名義のランダム配布となります。同時入場後チケットを回収しこちらが選ばなかった座席をランダムにてお渡し致します。買い手様の座席選択権は一切ございません。チケットお渡しまでにお時間がかかる場合がございます。座席やお時間に関するクレームは受け付けません。開演10分前にはチケットをお渡し致します。
公演当日は開場15分前に会場付近にて待ち合わせをお願いします。時間厳守となりますので万が一遅刻された場合は先に入場いたします。その場合も受け取り連絡はしていただきますのでご了承ください。詳しい待ち合わせ時間と場所は公演日前日または当日に連絡ボードにてご連絡致します。当日は電波が悪い可能性がございますのでご購入後は電話番号のご提示をお願いいたします。
公演中止以外での返金は如何なる理由でも一切いたしません。ランダムエラー、遅刻、体調不良、交通遅延、本人確認等の場合もキャンセルは不可となります。
すべてご理解いただける日本人女性の方のみご購入ください。",True,2026-07
kcmtwdnk3d,1784067037409,naniwa-danshi-nd5,2026-10-24,13:00,ららアリーナ 東京ベイ（LaLa arena TOKYO-BAY）,electronic,female,同行,あ,5.0,,同行,2026-07-14 22:10:37,2026-08-27 16:01:18,,listing,1,70000,"初期当選/有効期限内/重複すり替えなし/下3桁提示可/サイチェン可/着ブロ指定無し/発送物戻り無し
当方との同行です。西畑担不可
公演当日、当方が指定した時間に会場付近にて待ち合わせし、同時入場していただきます。待ち合わせ時間厳守でお願いいたします。遅刻された場合は待たずに入場いたします。その際も受取連絡は必ずお願いいたします。
チケットお渡し後は自由にサイチェン等していただいて構いません。
その際担当ご考慮お願いいたします。
お座席に関するクレーム・キャンセル・返金には一切対応いたしかねます。トラブル防止のため、代理購入はご遠慮ください。
買い手様の体調不良・交通機関の乱れ・天候不良・メンバー欠員等、公演中止以外のいかなる場合においても返金いたしません。
トラブル防止のため、日本人女性のみご購入お願いいたします。
以上の内容にご了承いただける方のみ、ご購入お願いいたします。",True,2026-07
iyosz9q20j,1783910727459,naniwa-danshi-nd5,2026-10-24,13:00,ららアリーナ 東京ベイ（LaLa arena TOKYO-BAY）,electronic,female,公演日前日までにログイン情報共有,み,5.0,,QR,2026-07-13 02:45:27,2026-08-27 16:01:18,,listing,1,60000,"初期当選/座席未定/QRごと/初期当選/有効期限内/着ブロ希望なし/下3桁提示可/変更ボタンあり
申請後プライベート出品いたします。
・公演前日にログインに必要な情報をお伝えします。
・公演中止以外の理由での返金はしかねます。ランダムエラー、その他エラー、遅延、体調不良、本人確認、立ち見席などいかなる理由でも返金キャンセル対応いたしません。
座席未定チケットにつき席種や座席に関するクレームは一切受け付けておりません。
入場後すみやかにログアウト・受取連絡をお願いいたします。
上記を了承していただける日本人成人女性のみ購入にお進みください。",True,2026-07
j5mengz5ky,1785397621964,naniwa-danshi-nd5,2026-10-24,13:00,ららアリーナ 東京ベイ（LaLa arena TOKYO-BAY）,electronic,female,【2名義中2番手】【下3桁提示可能】【すり替えなし】,n,4.9,,ランダム記載あり,2026-07-30 07:47:01,2026-08-27 16:01:18,,listing,2,54500,"2名義中2番手
すり替えなし 下3桁提示可能 初期当選 有効期限内 着ブロ選択なし
・当日会場付近にてお待ち合わせし、同時入場お願いいたします。
お待ち合せ時間、お待ち合せ場所の詳細は公演当日までに取引メッセージにてご連絡させていただきます。
・入場後は一度チケットを回収し、座席確認の後、2名義中2番手にてチケットをお渡しさせていただきます。
座席確認のためお時間いただく可能性もございますが、入場からチケット受け渡しまでできる限り迅速に対応させていただきます。
・当日は時間厳守で集合をお願いいたします。ご購入者様の遅刻は到着を待たずに入場させていただきます。お時間に余裕を持ってお越しください。
出演者変更、入場時のランダムエラー、本人確認、交通機関の遅延、体調不良、座席などへのクレームでの返金は一切致しかねます。
・代表者として入場していただく可能性がございます。
その場合、QRコードを開いた状態でこちらのスマホ端末をお渡しいたしますので、一律で端末持ち逃げ防止のため一時的に身分証をお預かりさせていただきます。入場後、チケットと端末をお渡し/返却いただくタイミングにて、速やかに身分証を返却いたします。
（ご購入者様の端末をお借りしてログインさせていただく場合もございますのでご承知ください。）
（場合によってはQRごとのお譲りとなる可能性もございます。）
・トラブル防止のため代理購入不可
必ず当日いらっしゃる方が落札をお願いいたします。
・公演中止以外ではいかなる理由でもキャンセル、返金は承れません。",True,2026-07
rtb34s70wm,1783689030948,naniwa-danshi-nd5,2026-10-24,13:00,ららアリーナ 東京ベイ（LaLa arena TOKYO-BAY）,electronic,female,公演前日にログイン情報お伝えいたします。,S,5.0,,同行記載あり,2026-07-10 13:10:30,2026-08-27 16:01:18,,listing,2,90000,"座席未定 初期当選 QR毎 下3桁提示可 有効期限内 同行者非会員
公演日の前日に連絡ボードにてQR表示に必要な情報をお伝えします。
同行者の当日の体調チェックはこちらでさせていただきますが代表者の当日の体調チェックはログイン情報お伝え後買い手様でご対応ください。
購入後は公演中止を除くいかなる理由でもキャンセルは受け付けません。交通機関の遅延、システムエラー、体調不良（濃厚接触者含む）、などで入場が出来なかった場合も責任は負いかねます。返金対応も出来ませんのでご了承ください。名義を傷つける行為もご遠慮ください。公演中止の場合のみ、返金対応いたします。
入場後は速やかにログアウト、受取通知をお願いいたします。
以上をご理解いただける成人の方、日本人女性のみご購入をお願いいたします。
ご購入時点で全て了承したものとみなします。",True,2026-07
6f86teykvm,1783659149089,naniwa-danshi-nd5,2026-10-24,13:00,ららアリーナ 東京ベイ（LaLa arena TOKYO-BAY）,electronic,female,公演日1日前にログイン,R,5.0,,QR,2026-07-10 04:52:29,2026-08-27 16:01:18,,listing,1,60000,"QR毎 / 初期当選 / すり替え、重複なし / 下3桁提示可 / 有効期限内名義  ・QR毎のお譲り 過去エラーなし
申請後プライベート出品いたします。
公演の前日に、ログインに必要な情報を連絡ボードにてお伝えします。
・入場後は速やかにログアウト、開演前までに必ず受取連絡をお願いいたします。
▪️ご本人様が使用され着席される場合のみご購入ください。開演前および終演後など、こちらが指定したタイミングでチケット写真をおくっていただきます。
当日確認させていただく可能性がございます。
・主催者側の公演中止以外（体調不良、出演者の変更、遅刻、エラー本人確認等）いかなる理由でも、返金、キャンセルはいたしかねます。 公演中止の際は、手数料を引いた額を返金いたします。
上記を理解頂ける方のみ購入をお願い致します。",True,2026-07
d0gjozi7n6,1783746953280,naniwa-danshi-nd5,2026-10-24,13:00,ららアリーナ 東京ベイ（LaLa arena TOKYO-BAY）,electronic,female,同行,K,5.0,,番手,2026-07-11 05:15:53,2026-08-27 16:01:18,,listing,1,60000,"2名義中2番手／FC先行／単番／有効期限内／重複すり替えなし
・公演当日、開場時間頃に会場付近にて集合し、同時入場していただきます。その後、当方が選ばなかった方のチケットをお渡しいたします。
・座席に関するクレームはお受けできません。
・主催者都合による公演中止の場合のみ、手数料を差し引いた金額を返金いたします。",True,2026-07
7foo5z61vc,1783733395017,naniwa-danshi-nd5,2026-10-24,13:00,ららアリーナ 東京ベイ（LaLa arena TOKYO-BAY）,electronic,female,公演日前日までにQRコード共有,ままんぬ,5.0,,QR,2026-07-11 01:29:55,2026-08-27 16:01:18,,listing,2,75000,"QR毎/初期当選/重複すり替えなし
有効期限内/下三桁提示可/着ブロ指定なし
こちらの名義で初当選のものです。
公演中止の場合のみ、返金致します。
遅刻・体調不良により入場できなかった場合を含めいかなる理由におきましても返金・キャンセルは致しかねます。
トラブル防止のため日本語の通じる女性のみご購入をお願い致します。
公演前日までにログイン情報をお知らせ致します。
ご入場後は速やかにログアウト、受け取り評価をよろしくお願い致します。",True,2026-07
93no32myxk,1783665800245,naniwa-danshi-nd5,2026-10-24,13:00,ららアリーナ 東京ベイ（LaLa arena TOKYO-BAY）,electronic,female,QRコードのため当日発券時まで座席未定,n,4.9,,ランダム記載あり,2026-07-10 06:43:20,2026-08-27 16:01:18,,listing,2,42000,"★初心者の方、初めての方でも丁寧に説明させていただきます。安心いただけるお取引を心がけます。
★少人数集合（2〜4人予定）
大人数が苦手な方も安心してご購入いただけます。
・当日会場付近にてお待ち合わせし、同時入場をお願いいたします。
お待ち合せ時間/お待ち合せ場所の詳細は公演当日までに取引メッセージにてご連絡させていただきます。
・入場後は一度チケットを回収し、当方にて座席決定次第チケットをお渡しさせていただきます。
座席確認のためお時間いただく可能性もございます。
・当日は時間厳守で集合をお願いいたします。ご購入者様の遅刻は到着を待たずに入場させていただきます。お時間に余裕を持ってお越しください。
出演者変更、入場時のランダムエラー、本人確認、交通機関の遅延、体調不良、座席などへのクレームでの返金は一切致しかねます。
・代表者として入場していただく可能性がございます。
その場合、QRコードを開いた状態でこちらのスマホ端末をお渡しいたしますので、一律で端末持ち逃げ防止のため一時的に身分証をお預かりさせていただきます。入場後、チケットと端末をお渡し/返却いただくタイミングにて、速やかに身分証を返却いたします。
（ご購入者様の端末をお借りしてログインさせていただく場合もございますのでご承知ください。）
（QRコードごとのお譲りとなる可能性もございます。）
・トラブル防止のため代理購入不可
必ず当日いらっしゃる方が落札をお願いいたします。
・公演中止以外ではいかなる理由でもキャンセル、返金は承れません。
最後まで丁寧なお取引を心がけます。
よろしくお願いいたします。",True,2026-07
pb5b9vpy8s,1783996168635,naniwa-danshi-nd5,2026-10-24,13:00,ららアリーナ 東京ベイ（LaLa arena TOKYO-BAY）,electronic,female,同行,ゆい,5.0,,同行,2026-07-14 02:29:28,2026-08-27 16:01:18,,listing,1,64000,"前回スタンド後方座席/当方と同行/初期当選/重複・すり替えなし/Pay-easy決済/女性名義/下3桁提示可
高橋担不可
開場時間頃待ち合わせ予定です。
公演中止以外のキャンセル、返金不可となりますので、ご理解のある方のみご購入をお願いいたします。ランダムエラーや本人確認等で入場できなかった場合にも受取評価を必ずお願いいたします。
公演当日はお時間に余裕をもって行動できる方、日本語の通じる成人女性の方、盗撮等迷惑行為をされない方のみご購入ください。
座席のクレームはお受けいたしません。",True,2026-07
yf05h54eft,1783688519508,naniwa-danshi-nd5,2026-10-24,13:00,ららアリーナ 東京ベイ（LaLa arena TOKYO-BAY）,electronic,female,同時入場,おとは,5.0,,番手,2026-07-10 13:01:59,2026-08-27 16:01:18,,listing,2,55000,"質問受け付けてます。✨/2名義中2番手/有効期限内/下3桁提示可能/すり替えなし/初期当選
購入される前にメッセージの方送って頂きたいです。
1部チケテン残り手渡しでも可能です！
公演当日、開場時間前に会場付近で待ち合わせし同時入場致します。集合時間に遅れた場合は待たずに入場いたしますが、受取通知していただきますのでご了承ください。
入場時QR表示にご協力いただきます。
座席に関するクレームは一切お受け致しません。チケットお渡し後はサイチェンなど自由にしていただいて構いません。
本人確認、ランダムエラー、体調不良、出演者変更等、公演中止以外の如何なる場合も返金やキャンセル対応一切いたしませんのでご了承ください。",True,2026-07
sold_naniwa-danshi-nd5_1783652820061_60000,1783652820061,naniwa-danshi-nd5,2026-10-24,13:00,ららアリーナ 東京ベイ（LaLa arena TOKYO-BAY）,electronic,female,公演日前日までにログイン情報お伝えします。,,,,,2026-07-10 03:07:00,2026-08-27 16:01:18,2026-08-27 07:17:28,sold,1,60000,"座席未定/QR毎/初期当選/重複すり替えなし/有効期限内/下3桁提示可/変更ボタンあり

入場後は速やかにログアウト、受け取り評価お願いします。

公演中止の場...",False,2026-07
lldtnsl2jc,1783665762681,naniwa-danshi-nd5,2026-10-24,13:00,ららアリーナ 東京ベイ（LaLa arena TOKYO-BAY）,electronic,female,QRコードのため当日発券時まで座席未定,n,4.9,,ランダム記載あり,2026-07-10 06:42:42,2026-08-27 16:01:18,,listing,1,36000,"★初心者の方、初めての方でも丁寧に説明させていただきます。安心いただけるお取引を心がけます。
★少人数集合（2〜4人予定）
大人数が苦手な方も安心してご購入いただけます。
・当日会場付近にてお待ち合わせし、同時入場をお願いいたします。
お待ち合せ時間/お待ち合せ場所の詳細は公演当日までに取引メッセージにてご連絡させていただきます。
・入場後は一度チケットを回収し、当方にて座席決定次第チケットをお渡しさせていただきます。
座席確認のためお時間いただく可能性もございます。
・当日は時間厳守で集合をお願いいたします。ご購入者様の遅刻は到着を待たずに入場させていただきます。お時間に余裕を持ってお越しください。
出演者変更、入場時のランダムエラー、本人確認、交通機関の遅延、体調不良、座席などへのクレームでの返金は一切致しかねます。
・代表者として入場していただく可能性がございます。
その場合、QRコードを開いた状態でこちらのスマホ端末をお渡しいたしますので、一律で端末持ち逃げ防止のため一時的に身分証をお預かりさせていただきます。入場後、チケットと端末をお渡し/返却いただくタイミングにて、速やかに身分証を返却いたします。
（ご購入者様の端末をお借りしてログインさせていただく場合もございますのでご承知ください。）
（QRコードごとのお譲りとなる可能性もございます。）
・トラブル防止のため代理購入不可
必ず当日いらっしゃる方が落札をお願いいたします。
・公演中止以外ではいかなる理由でもキャンセル、返金は承れません。
最後まで丁寧なお取引を心がけます。
よろしくお願いいたします。",True,2026-07
petxof8mld,1784246318088,naniwa-danshi-nd5,2026-10-24,13:00,ららアリーナ 東京ベイ（LaLa arena TOKYO-BAY）,electronic,female,公演前日までにQRコード共有,り,5.0,,QR,2026-07-16 23:58:38,2026-08-27 16:01:18,,listing,2,67000,"QRごと/初期当選/すり替えなし/下3桁提示可/有効期限内名義/発送物戻りなし
本人確認、ランダムエラーなど公演中止以外のいかなる場合もキャンセルや返金やお受けできません。
ご了承のうえご購入お願いいたします。",True,2026-07
jzqgqn37ll,1783935504952,naniwa-danshi-nd5,2026-10-24,18:00,ららアリーナ 東京ベイ（LaLa arena TOKYO-BAY）,electronic,none,公演日前日にログイン情報共有,cc,5.0,,QR,2026-07-13 09:38:24,2026-08-27 16:01:18,,listing,1,60000,"初期当選 重複なし　座席未定　すり替えなし　会員番号下3桁提示可能　QR毎　有効期限内名義
公演前日にログイン情報をお伝えします。
公演中止の場合のみ返金いたします。
公演中止以外のエラーなどいかなる理由であっても入場出来なかった場合のキャンセルは対応いたしません。",True,2026-07
wwmxq41fkg,1783661052919,naniwa-danshi-nd5,2026-10-24,18:00,ららアリーナ 東京ベイ（LaLa arena TOKYO-BAY）,electronic,female,入金後24時間以内にQRコード共有,ら,5.0,,QR,2026-07-10 05:24:12,2026-08-27 16:01:18,,listing,2,60000,すり替えなし、QRごと、下3桁開示可,True,2026-07
sold_naniwa-danshi-nd5_1784551819287_25000,1784551819287,naniwa-danshi-nd5,2026-10-24,18:00,ららアリーナ 東京ベイ（LaLa arena TOKYO-BAY）,electronic,female,公演当日にログイン情報共有,,,,,2026-07-20 12:50:19,2026-08-27 16:01:18,2026-08-27 07:17:28,sold,1,25000,"【QRごと・単番での当選】 

FC先行／2回ほど当選履歴有
すり替えなし／有効会員期限内名義。
購入後に会員番号下3桁提示可能。

公演日前日にログインに必要...",False,2026-07
sold_naniwa-danshi-nd5_1784709288170_45000,1784709288170,naniwa-danshi-nd5,2026-10-24,18:00,ららアリーナ 東京ベイ（LaLa arena TOKYO-BAY）,electronic,female,同行,,,,,2026-07-22 08:34:48,2026-08-27 16:01:18,2026-08-27 07:17:28,sold,2,45000,"2名義中2番手のお譲りになります
有効期限内/発送物戻りなし/すり替えなし
会場付近にて開演1時間前に集合いただき、同時入場予定となります。
※集合についての詳...",False,2026-07
oz7yxd71w9,1784452443250,naniwa-danshi-nd5,2026-10-24,18:00,ららアリーナ 東京ベイ（LaLa arena TOKYO-BAY）,electronic,female,公演日前日にQRコード開示に必要な情報をお伝え,qu,5.0,,ランダム記載あり,2026-07-19 09:14:03,2026-08-27 16:01:18,,listing,1,60000,"【QRごと・単番での当選】
FC先行／他公演の当選なし
すり替えなし／有効会員期限内名義。
購入後に会員番号下3桁提示可能。
当日の同意チェックはご自身でお願いいたします。
公演日前日にログインに必要な情報をお伝え致します。
■取引条件
・いかなる座席でもキャンセル・クレームは一切お受けできません。
・代理購入不可／日本人女性の方／当日ご本人が同時入場できる方のみとさせていただきます。
・当日は入場が完了しましたら、すぐにログアウトと受取通知をお願いいたします。
■返金について
公演中止を除き、以下のような理由での返金・キャンセルはできかねます。
交通機関の遅延／体調不良／本人確認・ランダムエラー／出演者変更等
公演中止以外は必ず受け取り通知をしていただきます。
公演中止の場合のみチケテンの規約に基づいた金額を返金いたします。",True,2026-07
jn4gecmqan,1783763343619,naniwa-danshi-nd5,2026-10-24,18:00,ららアリーナ 東京ベイ（LaLa arena TOKYO-BAY）,electronic,female,同行,み,5.0,,同行,2026-07-11 09:49:03,2026-08-27 16:01:18,,listing,1,60000,"重複なし同行/すり替えなし/サイチェン不可/下3桁提示可/初期当選/有効期限内/着ブロ希望なし/代表者の本確対応可
・購入希望の方は、プライベート出品へ変更致しますのでコメントお願い致します。
・当日は開場10分前(予定)に会場付近へ集合し、同時入場していただきます。集合時間は時間厳守でお願いいたします。10分以上の遅刻は到着を待たずに入場させていただく場合もございます。その場合も受け取り通知はしていただきます。
・チケットは受け取り次第、その場で速やかに受け取り評価をお願いいたします。
・待ち合わせの場所や時間の詳細は前日改めて連絡いたします。
・座席選択はできません。当方が座席選択後選ばなかった方の座席をお譲り致します。
・座席に関するクレーム等は一切お受けできません。
・緊急連絡先として携帯番号をお伺い可能な方でお願いします。
・公演中止以外、如何なる理由(体調不良、公共交通機関の乱れ、出演者変更、本人確認、ランダムエラー等)で入場できなかった場合でも一切返金対応はいたしません。必ず受け取り評価をしていただきます。
・トラブル防止のため、代理購入不可。必ずご本人様がご入場ください。
・購入は日本語のわかる女性のみでお願いいたします。
※ご購入いただいた時点で上記全ての内容に同意いただいているものとさせていただきます。ご了承いただいた方のみご購入をお願いいたします。",True,2026-07
jf8nzox1o6,1784067108671,naniwa-danshi-nd5,2026-10-24,18:00,ららアリーナ 東京ベイ（LaLa arena TOKYO-BAY）,electronic,female,同行,あ,5.0,,同行,2026-07-14 22:11:48,2026-08-27 16:01:18,,listing,1,70000,"初期当選/有効期限内/重複すり替えなし/下3桁提示可/サイチェン可/着ブロ指定無し/発送物戻り無し
当方との同行です。西畑担不可
公演当日、当方が指定した時間に会場付近にて待ち合わせし、同時入場していただきます。待ち合わせ時間厳守でお願いいたします。遅刻された場合は待たずに入場いたします。その際も受取連絡は必ずお願いいたします。
チケットお渡し後は自由にサイチェン等していただいて構いません。
その際担当ご考慮お願いいたします。
お座席に関するクレーム・キャンセル・返金には一切対応いたしかねます。トラブル防止のため、代理購入はご遠慮ください。
買い手様の体調不良・交通機関の乱れ・天候不良・メンバー欠員等、公演中止以外のいかなる場合においても返金いたしません。
トラブル防止のため、日本人女性のみご購入お願いいたします。
以上の内容にご了承いただける方のみ、ご購入お願いいたします。",True,2026-07
sold_naniwa-danshi-nd5_1783665840851_37000,1783665840851,naniwa-danshi-nd5,2026-10-24,18:00,ららアリーナ 東京ベイ（LaLa arena TOKYO-BAY）,electronic,female,QRコードのため当日発券時まで座席未定,,,,,2026-07-10 06:44:00,2026-08-27 16:01:18,2026-08-27 07:17:28,sold,1,37000,"★初心者の方、初めての方でも丁寧に説明させていただきます。安心いただけるお取引を心がけます。 
  
★少人数集合（2〜4人予定）
大人数が苦手な方も安心してご...",False,2026-07
sold_naniwa-danshi-nd5_1783665875042_34000,1783665875042,naniwa-danshi-nd5,2026-10-24,18:00,ららアリーナ 東京ベイ（LaLa arena TOKYO-BAY）,electronic,female,QRコードのため当日発券時まで座席未定,,,,,2026-07-10 06:44:35,2026-08-27 16:01:18,2026-08-27 07:17:28,sold,2,34000,"★初心者の方、初めての方でも丁寧に説明させていただきます。安心いただけるお取引を心がけます。 
  
★少人数集合（2〜4人予定）
大人数が苦手な方も安心してご...",False,2026-07
vkt2zemiqd,1784065211083,naniwa-danshi-nd5,2026-10-24,18:00,ららアリーナ 東京ベイ（LaLa arena TOKYO-BAY）,electronic,female,同行,Ｓ,5.0,,同行,2026-07-14 21:40:11,2026-08-27 16:01:18,,listing,1,60000,"重複すり替えなし同行/初期当選/有効期限内/下3桁提示可/サイチェン可
【プラベル出品いたしますので必ず一度ご連絡ください】
・連番内座席選択は不可です。
入場後、座席を確認しお渡しいたしますので、速やかに受取お願いいたします。
・詳しい待ち合わせ時間・場所等は前日20時までにマイページの連絡ボードでお知らせいたします。時間厳守をお願い致します。
遅刻の場合は先に入場しますが受取は必ずして頂きます。
・緊急連絡先として携帯番号の交換可能な方のみお願いします。
・本人確認対応しておりません。
・代理購入不可
・公演中止のみ手数料差し引いた額返金したします。購入者様の体調不良、ランダムエラー等、公演中止以外の如何なる理由でも返金・キャンセルは致しかねます。
以上全てご理解頂ける日本人女性のみのご購入をお願い致します。",True,2026-07
cfriwn6lxk,1783917325879,naniwa-danshi-nd5,2026-10-24,18:00,ららアリーナ 東京ベイ（LaLa arena TOKYO-BAY）,paper,female,手渡し,あああ,5.0,,番手,2026-07-13 04:35:25,2026-08-27 16:01:18,,listing,1,35000,"3名義中3番手/有効期限内／下3桁提示可能/すり替えなし/初期当選
ゲートによってはQRごとのお渡しになります🙏🏻
公演当日、こちらが決めた時間に会場付近で待ち合わせし同時入場致します。集合時間に遅れた場合は待たずに入場いたしますが、受取通知していただきますのでご了承ください。
入場時QR表示にご協力いただきます。端末でログインのご協力をお願いすることがあります🙏🏻
座席に関するクレームは一切お受け致しません。チケットお渡し後はサイチェンなど自由にしていただいて構いません。
本人確認、ランダムエラー、体調不良、出演者変更等、公演中止以外の如何なる場合も返金やキャンセル対応一切いたしませんのでご了承ください。
こちらお取引の方プライベート出品に切り替えたいためご希望の方はメッセージお願いします🙏🏻",True,2026-07
w3n5cfx9ff,1785408170080,naniwa-danshi-nd5,2026-10-24,18:00,ららアリーナ 東京ベイ（LaLa arena TOKYO-BAY）,electronic,none,同行,R,5.0,,番手,2026-07-30 10:42:50,2026-08-27 16:01:18,,listing,2,48000,"2名義中2番手/下3桁提示可能
ゲート違いの場合は、QRごとのお譲りになる可能性有
初期当選/有効期限内/同一クレカ決算無し/発送物戻り、過去エラーなし
会場付近にて開場10〜20分前に集合いただき、同時入場していただきます。
お待ちわせの時間に遅れた場合は、待たずに入場する可能性がございますが、その際でも受け取り通知はしていただきます。
同行者登録や端末をお借りし、チケット発券のご協力をお願いする場合がございます。
入場後は座席確認を行うため、1度チケットを回収いたします。チケットをお渡しするまでに少しお時間をいただく場合がございますが、すり替えは一切いたしません。
お座席によるクレームはお受けできかねます。
公演中止以外の体調不良・公共交通機関の遅延・ランダムエラー・本人確認等如何なる場合でも返金対応出来かねますのでご了承ください。
ご購入された時点で上記了承したとみなします。
よろしくお願いいたします。",True,2026-07
i0da3fhkwf,1783942887675,naniwa-danshi-nd5,2026-10-24,18:00,ららアリーナ 東京ベイ（LaLa arena TOKYO-BAY）,electronic,female,公演前日QRコード共有,N♡,5.0,,QR,2026-07-13 11:41:27,2026-08-27 16:01:18,,listing,2,50000,"FC先行/座席未定/QRごと/着ブロなし/下3桁提示可/有効期限内/初期当選/発送物戻りなし/重複すり替えなし/QR毎のお譲りです。
公演前日までにログインに必要な情報をお伝えいたします。
代表者の同意チェック可能
・公演中止以外はいかなる場合でも返金はできません。体調不良、本人確認、ランダムエラー、電波の不具合、交通機関の乱れ等、メンバーの欠席でも対応不可。
・また、当日は入場が終わりましたら速やかにログアウト、及び公演時間までに受け取り通知をお願い致します。
・迅速かつこまめにご連絡することを心がけます
プラベ落札も可能ですのでご気軽にコメントください",True,2026-07
yr5nycump7,1783688228782,naniwa-danshi-nd5,2026-10-24,18:00,ららアリーナ 東京ベイ（LaLa arena TOKYO-BAY）,electronic,female,同行,nanachon,5.0,,番手,2026-07-10 12:57:08,2026-08-27 16:01:18,,listing,2,50000,"2名義中2番手のお譲りになります
下3桁提示可/有効期限内/発送物戻りなし/すり替えなし
会場付近にて開場10～15分前に集合いただき、同時入場予定となります。
※集合についての詳細は前日もしくは当日にご連絡いたします。
同時入場の際は端末をお借りし、チケット発券にご協力して頂く場合がございます。
入場後は座席確認を行うため、1度チケットを回収いたします。チケットをお渡しするまでに少しお時間をいただく場合がございます。
お座席によるクレームは一切受付致しかねます。
体調不良・公共交通機関の遅延・ランダムエラー・本人確認等如何なる場合でも返金対応出来かねますので予めご了承ください。
よろしくお願いいたします。",True,2026-07
tp3aqwq2yu,1783661871430,naniwa-danshi-nd5,2026-10-24,18:00,ららアリーナ 東京ベイ（LaLa arena TOKYO-BAY）,electronic,female,2名義中2番手,さ,5.0,,同行番手,2026-07-10 05:37:51,2026-08-27 16:01:18,,listing,2,60000,"2名義中2番手すり替えなし(下3桁提示可)
初期当選/有効期限内
※プラベル出品に切り替えますので、購入前にコメントをお願いします。
開演1時間〜45分前に会場付近にて待ち合わせし、同時入場していただきます。
10分以上の遅刻は待たずに入場しますが、その場合も受取評価はしていただきます。
公演中止の場合のみ、手数料を差し引いた金額を返金いたします。
体調不良や交通機関の遅延、ランダムエラーや本人確認など、公演中止以外のトラブルによる返金はいたしかねますのでご了承ください。
上記全てご了承いただける日本人女性のみご購入をお願いいたします。",True,2026-07
5u599xmfnr,1783697342439,naniwa-danshi-nd5,2026-10-24,18:00,ららアリーナ 東京ベイ（LaLa arena TOKYO-BAY）,electronic,female,公演前日夕方にログイン情報提示,る,5.0,,QR,2026-07-10 15:29:02,2026-08-27 16:01:18,,listing,2,50000,"座席未定/QRごと/FC同士の組合せ/着ブロ希望なし/重複すり替えなし/希望で事前に下3桁開示可能/有効期限内/郵送物戻りなし/買い手で代表名義分の同意チェック可能
公演日前日夕方にチケット表示に必要な情報をお伝えします。
QRごとのお譲りですので、ご自身の端末にてQRを表示し入場して頂きます。
同行者登録は応募の際に実施が必要でしたので、実施済みとなっています。こちらで同意チェックをしてからログイン情報をお伝えさせて頂きます。
代表者分の同意チェックはご購入者様ご自身で行なっていただいて構いません。
お席に関するクレーム(立ち見の場合含む)、本人確認により入場できなかった場合等のクレームや返金対応は一切お受けしません。
その他ご本人様の端末の不具合によるエラーや、ランダムエラー、体調不良や検温等でのご自身の都合による入場不可の場合等いずれも返金不可となります。
いかなる場合も必ず受け取りを行っていただきます。
事務所からの公演中止の場合のみ、手数料を除いた金額を返金します。
ご入場後は、必ず開演前までに受け取り手続き及び、ログアウトを行っていただくよう、よろしくお願い致します。
開演前までに受け取り手続きが完了しない場合は買い手情報の開示を求める場合がございます。必ず開演前までに行ってください。
開演時刻を過ぎましたらログインパスワードは変更させて頂きます。
上記をご理解された日本人女性の方のみご購入お願い致します。",True,2026-07
sold_naniwa-danshi-nd5_1783761327183_50000,1783761327183,naniwa-danshi-nd5,2026-10-24,18:00,ららアリーナ 東京ベイ（LaLa arena TOKYO-BAY）,electronic,female,公演前日ログイン情報共有,,,,,2026-07-11 09:15:27,2026-08-27 16:01:18,2026-08-27 07:17:28,sold,2,50000,"QR毎/有効期限内名義/重複すり替えなし/下3桁提示可能

入場後公演前までに受け取り評価をお願い致します。
ログイン情報をお渡し後は、本人確認による入場不可、...",False,2026-07
xnatn2ma01,1783686952412,naniwa-danshi-nd5,2026-10-24,18:00,ららアリーナ 東京ベイ（LaLa arena TOKYO-BAY）,electronic,female,QRコードのため当日発券時まで座席未定,n,4.9,,ランダム記載あり,2026-07-10 12:35:52,2026-08-27 16:01:18,,listing,1,33000,"★初心者の方、初めての方でも丁寧に説明させていただきます。安心いただけるお取引を心がけます。
★少人数集合（2〜6人予定）
大人数が苦手な方も安心してご購入いただけます。
・当日会場付近にてお待ち合わせし、同時入場をお願いいたします。
お待ち合せ時間/お待ち合せ場所の詳細は公演当日までに取引メッセージにてご連絡させていただきます。
・入場後は一度チケットを回収し、当方にて座席決定次第チケットをお渡しさせていただきます。
座席確認のためお時間いただく可能性もございます。
・当日は時間厳守で集合をお願いいたします。ご購入者様の遅刻は到着を待たずに入場させていただきます。お時間に余裕を持ってお越しください。
出演者変更、入場時のランダムエラー、本人確認、交通機関の遅延、体調不良、座席などへのクレームでの返金は一切致しかねます。
・代表者として入場していただく可能性がございます。
その場合、QRコードを開いた状態でこちらのスマホ端末をお渡しいたしますので、一律で端末持ち逃げ防止のため一時的に身分証をお預かりさせていただきます。入場後、チケットと端末をお渡し/返却いただくタイミングにて、速やかに身分証を返却いたします。
（ご購入者様の端末をお借りしてログインさせていただく場合もございますのでご承知ください。）
（QRコードごとのお譲りとなる可能性もございます。）
・トラブル防止のため代理購入不可
必ず当日いらっしゃる方が落札をお願いいたします。
・公演中止以外ではいかなる理由でもキャンセル、返金は承れません。
最後まで丁寧なお取引を心がけます。
よろしくお願いいたします。",True,2026-07
d5yq38jdmh,1784103001509,naniwa-danshi-nd5,2026-10-24,18:00,ららアリーナ 東京ベイ（LaLa arena TOKYO-BAY）,electronic,female,公演日2日前までにログイン情報共有,ふ,5.0,,QR,2026-07-15 08:10:01,2026-08-27 16:01:18,,listing,2,85000,"QRでのお譲りです。
初期当選/有効期限内名義/すり替えなし/下3桁提示可/発送物戻りなし/エラー歴なし
公演日2日前にログイン情報をお伝えいたします。
入場後は速やかにログアウトと受取連絡を必ずお願いいたします。
公演中止の場合のみ、手数料を差し引いた金額を返金いたします。
その他本人確認・ランダムエラー・出演者の変更・当日の体調不良・公演日時を間違えて購入した等の購入者様都合等、いかなる理由でも一切の返金対応いたしかねますので、必ず受取通知をお願いいたします。
上記全てご理解いただけた方のみ、ご購入お願いいたします。",True,2026-07
sftbh02r6s,1783887165252,naniwa-danshi-nd5,2026-10-24,18:00,ららアリーナ 東京ベイ（LaLa arena TOKYO-BAY）,electronic,female,公演前日にQRコード共有,ララ,5.0,,QR,2026-07-12 20:12:45,2026-08-27 16:01:18,,listing,2,66000,"FC初期当選 QRごと QR毎 座席未定
プライベート出品に切り替えてのお取引となります。
必ず事前にコメントください。
すり替えなし/下3桁提示可/着ブロ希望なし/有効会員/Pay-easy決済/本公演のみ当選/
公演前日にログイン情報をお知らせ致します。
※同行者の確認事項の同意チェックは当方側で行います。
トラブル防止の為､開演までに受取通知処理が可能な方のみご購入ください。
出演メンバー変更、本人確認、QR(赤線)エラー､体調不良､交通機関の乱れ等の対応および返金不可。
理由の如何を問わず、チケット購入後のキャンセルや返金は一切出来ません。
公演中止の場合に限り、全額を返金させていただきます。",True,2026-07
pl0neo3f3t,1783654171060,naniwa-danshi-nd5,2026-10-24,18:00,ららアリーナ 東京ベイ（LaLa arena TOKYO-BAY）,electronic,female,公演日2日前までにQRコード共有,S,5.0,,QR,2026-07-10 03:29:31,2026-08-27 16:01:18,,listing,2,50000,"QR毎＊プライベート出品へ切り替えしますのでコメントをお願いします。
※発送物エラー表記あり、過去に同様ケースで入場しましたがエラーなく入場できております。
初期当選/下3桁提示可能/有効期限内/着ブロ希望なし /クレカ払い
本人確認、システムエラー、ランダムエラー、体調不良、遅延等の買い手様都合での返金やキャンセルはいかなる場合も不可になります。
ご不安の方はチケテン入場保証オプションをご活用下さいませ。
入場後は速やかにログアウト、受け取り連絡を必ずお願い致します。
トラブル防止のため購入は日本人女性のみ、また代理購入は御遠慮ください。
購入された場合、以上全てに同意の上と判断いたします。",True,2026-07
e1dlueh5c0,1783943953261,naniwa-danshi-nd5,2026-10-25,12:30,ららアリーナ 東京ベイ（LaLa arena TOKYO-BAY）,electronic,female,公演前日QRコード共有,N♡,5.0,,QR,2026-07-13 11:59:13,2026-08-27 16:01:18,,listing,2,50000,"FC先行/座席未定/QRごと/着ブロなし/下3桁提示可/有効期限内/初期当選/発送物戻りなし/重複すり替えなし/QR毎のお譲りです。
公演前日までにログインに必要な情報をお伝えいたします。
・公演中止以外はいかなる場合でも返金はできません。体調不良、本人確認、ランダムエラー、電波の不具合、交通機関の乱れ等、メンバーの欠席でも対応不可。
・また、当日は入場が終わりましたら速やかにログアウト、及び公演時間までに受け取り通知をお願い致します。
・迅速かつこまめにご連絡することを心がけます
プラベ落札も可能ですので、お気軽にコメントください",True,2026-07
jhj6ndty8e,1783680433781,naniwa-danshi-nd5,2026-10-25,12:30,ららアリーナ 東京ベイ（LaLa arena TOKYO-BAY）,electronic,female,同行,★,5.0,,ランダム,2026-07-10 10:47:13,2026-08-27 16:01:18,,listing,1,38000,"複数名義のランダム配布となります。同時入場後チケットを回収しこちらが選ばなかった座席をランダムにてお渡し致します。買い手様の座席選択権は一切ございません。チケットお渡しまでにお時間がかかる場合がございます。座席やお時間に関するクレームは受け付けません。開演10分前にはチケットをお渡し致します。
公演当日は開場15分前に会場付近にて待ち合わせをお願いします。時間厳守となりますので万が一遅刻された場合は先に入場いたします。その場合も受け取り連絡はしていただきますのでご了承ください。詳しい待ち合わせ時間と場所は公演日前日または当日に連絡ボードにてご連絡致します。当日は電波が悪い可能性がございますのでご購入後は電話番号のご提示をお願いいたします。
公演中止以外での返金は如何なる理由でも一切いたしません。ランダムエラー、遅刻、体調不良、交通遅延、本人確認等の場合もキャンセルは不可となります。
すべてご理解いただける日本人女性の方のみご購入ください。",True,2026-07
7a3rs8jv2i,1783658863157,naniwa-danshi-nd5,2026-10-25,12:30,ららアリーナ 東京ベイ（LaLa arena TOKYO-BAY）,electronic,female,公演日前日にQRコード共有,m,5.0,,QR,2026-07-10 04:47:43,2026-08-27 16:01:18,,listing,2,68000,"重複・すり替えなし/下3桁提示可能/FC先行初期当選/発送物戻りなし
💫購入希望の方プラベルにて出品いたしますので気軽にメッセージ下さい
公演前日夜にログインに必要な情報をお伝えします。
当日は速やかにログアウト･受取報告をお願いいたします。
座席に関するクレームや返金は一切受け付けません。
公演中止の場合のみ手数料を引いた金額を返金します。
その他、体調不良･交通機関の乱れ･メンバー不在･本人確認･ランダムエラーで入場できなかったなど、如何なる場合も必ず受け取りはしていただき、キャンセル･返金できません。
購入された時点で了承いただけたものとします。",True,2026-07
qnrtfjj9ss,1783945356813,naniwa-danshi-nd5,2026-10-25,12:30,ららアリーナ 東京ベイ（LaLa arena TOKYO-BAY）,electronic,female,公演2日前にログイン情報,まー,5.0,,QR,2026-07-13 12:22:36,2026-08-27 16:01:18,,listing,1,75000,"QR毎/初期当選/重複すり替え等条件無し/女性名義/有効期限内/発送物戻り等のない不備無し名義/下3桁提示可/着ブロ指定なし
公演2日前にログイン情報をお伝えいたしますのでご自身でチケット発券お願いいたします。
【注意事項】
・公演中止以外の理由（体調不良、本人確認、ランダムエラー、電波不良、交通機関の遅延・運休、メンバーの欠席等）による返金は一切受け付けておりません。
・入場後は速やかにログアウトしていただき、受取通知をお願いいたします。
・座席に関するクレームや評価下げは受け付けておりません。
上記にご了承頂ける日本人女性のみご購入ください。",True,2026-07
3zedx9i86v,1783665701868,naniwa-danshi-nd5,2026-10-25,12:30,ららアリーナ 東京ベイ（LaLa arena TOKYO-BAY）,electronic,female,公演日2日前までにQRコード共有,あ,5.0,,QR,2026-07-10 06:41:41,2026-08-27 16:01:18,,listing,1,70000,"重複・すり替えなし/下3桁提示可能/FC先行初期当選/発送物戻りなし
公演前日夜にログインに必要な情報をお伝えします。
入場後は速やかにログアウト・受取報告をお願いいたします。
座席に関するクレームや返金は一切受け付けません。
公演中止の場合のみ手数料を引いた金額を返金します。
その他、体調不良・交通機関の乱れ・メンバー不在・本人確認・ランダムエラーで入場できなかったなど、如何なる場合も必ず受け取りはしていただき、キャンセル・返金できません。",True,2026-07
6lkg9kffte,1783685230291,naniwa-danshi-nd5,2026-10-25,12:30,ららアリーナ 東京ベイ（LaLa arena TOKYO-BAY）,electronic,female,公演日２日前までにQRコード共有,あお,5.0,,,2026-07-10 12:07:10,2026-08-27 16:01:18,,listing,1,60000,"QR毎譲り/初期当選/有効期限内名義/本人確認対応不可/会員番号下3桁提示可/Pay-easy支払/公演2日前ログイン情報ご連絡予定
プラベへ変更いたしますので、落札ご希望のかたはコメントしてください。",True,2026-07
1wjpc3i4ei,1783916325188,naniwa-danshi-nd5,2026-10-25,12:30,ららアリーナ 東京ベイ（LaLa arena TOKYO-BAY）,electronic,female,公演前日にQRコード共有,あ,5.0,,QR,2026-07-13 04:18:45,2026-08-27 16:01:18,,listing,1,55000,"QR毎/初期期選/着ブロなし/下3桁開示可/有効期限内
入場後、速やかにログアウトと受け取り評価をお願いいたします。
体調不良、ランダムエラー、システムエラー、本人確認、交通機関の遅延、出演者の変更等、いかなる場合も返金・キャンセル対応はいたしかねます。
公演中止の場合のみ、送料・手数料を差し引いた金額を返金いたします。
名義を潰す行為はご遠慮ください。",True,2026-07
5d3endy8xk,1784692455720,naniwa-danshi-nd5,2026-10-25,12:30,ららアリーナ 東京ベイ（LaLa arena TOKYO-BAY）,electronic,female,公演日前日までにログイン情報を共有します,ちょび,5.0,,QR,2026-07-22 03:54:15,2026-08-27 16:01:18,,listing,2,0,"QR毎/初期当選/重複すり替えなし/下三桁提示可
入場後、速やかに受け取り通知とログアウトをお願いいたします。
公演中止以外の如何なる理由でも返金対応できかねます。",True,2026-07
sold_naniwa-danshi-nd5_1784616793928_49000,1784616793928,naniwa-danshi-nd5,2026-10-25,12:30,ららアリーナ 東京ベイ（LaLa arena TOKYO-BAY）,electronic,female,【2名義中2番手】【すり替えなし】【下3桁提示可能】,,,,,2026-07-21 06:53:13,2026-08-27 16:01:18,2026-08-27 07:17:28,sold,2,49000,"2名義中2番手
すり替えなし 下3桁提示可能 初期当選 有効期限内 着ブロ選択なし
  
・当日会場付近にてお待ち合わせし、同時入場お願いいたします。
お待ち合...",False,2026-07
p507kx0zzi,1784424008623,naniwa-danshi-nd5,2026-10-25,12:30,ららアリーナ 東京ベイ（LaLa arena TOKYO-BAY）,electronic,female,公演前日QRコード共有,is,5.0,,QR,2026-07-19 01:20:08,2026-08-27 16:01:18,,listing,1,51000,"FC初期当選/QR毎/単番/下３桁提示/重複すり替えなし/プラベル出品可/着ブロ指定なし/有効期限内/入金済/郵便戻りなし
・公演前日にログイン情報をお伝えします
・入場後速やかに受け取り通知とログアウトをお願いいたします
・代理購入不可ですので、必ず入場する方が購入してください
・ランダムエラー、交通機関の遅延、体調不良、本人確認、出演者の欠席等でのキャンセルや返金はお受けできません
・公演中止の場合、手数料差し引いた分を返金いたします
・QRのため、座席のクレームは一切お受けできません。
・70万代初めて当選する名義
ご質問等お受けできます。",True,2026-07
o9i4u78vwo,1784422475717,naniwa-danshi-nd5,2026-10-25,12:30,ららアリーナ 東京ベイ（LaLa arena TOKYO-BAY）,electronic,female,当日会場にて待ち合わせ,R,5.0,,QR,2026-07-19 00:54:35,2026-08-27 16:01:18,,listing,1,70000,"初期当選/単番/QRごと/重複すり替えなし/下三桁開示可/有効期限内/着ブロなし/郵送物戻りなし/作成後初当選
・当日会場付近にて待ち合わせして頂きログインさせていただきます。
・同意チェック可能。
・入場後は速やかにログアウト、受け取り評価をお願いいたします
・体調不良、交通機関の乱れ、出演者の変更等、取引成立後いかなる場合も買い手様都合でのキャンセルは対応いたしませんのでご了承ください
・座席に関するクレーム等一切対応いたしません
・ランダムエラー、本人確認などによる返金は行いません",True,2026-07
r997kml014,1783659318736,naniwa-danshi-nd5,2026-10-25,17:30,ららアリーナ 東京ベイ（LaLa arena TOKYO-BAY）,electronic,female,公演前日までにログイン情報共有,A,5.0,,QR,2026-07-10 04:55:18,2026-08-27 16:01:18,,listing,1,90000,"QR単番のお譲り
初期当選/着ブロ希望当選/有効期限内名義/すり替えなし/下3桁提示可/発送物戻りなし/エラー歴なし
公演日前日にログイン情報をお伝えいたします。
入場後は速やかにログアウトと受取連絡を必ずお願いいたします。
公演中止の場合のみ、手数料を差し引いた金額を返金いたします。
その他本人確認・ランダムエラー・出演者の変更・当日の体調不良・公演日時を間違えて購入した等の購入者様都合による理由でも一切の返金対応いたしかねますので、必ず受取通知をお願いいたします。
上記全てご理解いただけた方のみ、ご購入お願いいたします。",True,2026-07
lwbpjftisi,1784009952665,naniwa-danshi-nd5,2026-10-25,17:30,ららアリーナ 東京ベイ（LaLa arena TOKYO-BAY）,electronic,female,同行,S,5.0,,同行,2026-07-14 06:19:12,2026-08-27 16:01:18,,listing,1,70000,"初期当選/重複・すり替えなし同行（藤原担）/下3桁提示可能/有効期限内
公演当日、こちらが指定した時間に会場付近で待ち合わせをし、同時入場していただきます。
チケットを発券し、当方が席を選んだ後、残りの1枚をお渡しします。連番内の席はお選びいただけません。また席に関してのクレームは受け付けません。
チケットお渡し後はサイチェン等自由にしていただいて構いませんが、名義に傷がつく行為はお控えください。
公演中止・延期の場合のみ手数料を差し引いた金額を返金いたします。その他いかなる理由でも必ず受け取り評価をしていただきます。
車椅子の方のご購入はご遠慮ください。また、トラブルの原因になりかねないため代理購入もお控えください。
上記の条件に当てはまる場合、入場はお断りさせていただきますが、その際も必ず受け取り評価をしていただきます。
以上全ての内容にご了承いただける日本人女性のみご購入ください。 お取引について質問がございましたら遠慮なくお声かけください。
※出品者様へ、上記の出品文のコピペはご遠慮ください。",True,2026-07
pvybacldwg,1783745614165,naniwa-danshi-nd5,2026-10-25,17:30,ららアリーナ 東京ベイ（LaLa arena TOKYO-BAY）,electronic,female,QR毎,R,5.0,,QR,2026-07-11 04:53:34,2026-08-27 16:01:18,,listing,1,90000,"単番QR後のお譲り
初期当選/重複すり替えなし/下三桁提示可能/有効期限内
公演中止以外のいかなる場合でもキャンセル返金対応不可です。",True,2026-07
6razpxd2lr,1785128881258,naniwa-danshi-nd5,2026-10-25,17:30,ららアリーナ 東京ベイ（LaLa arena TOKYO-BAY）,electronic,female,公演日前日にログイン情報,ぽんず,5.0,,QR,2026-07-27 05:08:01,2026-08-27 16:01:18,,listing,2,70000,"QR毎のお譲りになります
初期当選/下3桁提示可能/有効期限内/着ブロ希望なし /
本人確認、システムエラー、ランダムエラー、体調不良、遅延等の買い手様都合での返金やキャンセルはいかなる場合も不可
入場後は速やかにログアウト、受け取り連絡を必ずお願い致します。
購入された場合、以上全てに同意の上と判断いたします。",True,2026-07
xz2qdfsblo,1783732632517,naniwa-danshi-nd5,2026-10-25,17:30,ららアリーナ 東京ベイ（LaLa arena TOKYO-BAY）,electronic,none,同行,らし,5.0,,同行,2026-07-11 01:17:12,2026-08-27 16:01:18,,listing,1,62000,"・同行募集になります。
・大西担不可
・本人名義
・重複すり替えなし
・連番内の座席選択権はありません。座席に関するクレームは一切受け付けません。
・チケットが発券されましたら当方が半券を回収し、当方が選ばなかった席に座っていただきます。
・チケットのお渡しは受取評価をしていただけましたらお渡しします。
・公演当日は、開演30分から1時間前くらいに会場付近にて待ち合わせをし同時入場していただきます。指定の時間に必ず集合をお願いします。時間厳守でお願い致します。
・待ち合わせ時間に大幅に遅れた場合、先に入場させていただきますのでご了承ください。詳しい待ち合わせ時間や場所等は、マイページの連絡ボードにてお知らせします。
・集合時前に発送通知をさせていただきます。受取評価はチケットをお渡しする際にその場で行っていただきます。受取評価をしていただけない場合、チケットをお渡し致しかねます。
・遅刻、ランダムエラー、検温、体調不良などの公演中止以外の理由で入場できなかった場合の返金対応は致しかねます。公演中止の場合のみ、手数料を差し引いた金額を返金致します。",True,2026-07
4le1sew8cm,1783658409474,naniwa-danshi-nd5,2026-10-25,17:30,ららアリーナ 東京ベイ（LaLa arena TOKYO-BAY）,electronic,female,QR毎,N,5.0,,,2026-07-10 04:40:09,2026-08-27 16:01:18,,listing,1,85000,"単番QR毎のお譲り
重複すり替えなし/下3桁提示可/有効期限内/初期当選
公演中止以外のいかなる場合でもキャンセル返金対応不可です。",True,2026-07
ejy6yqsnja,1783681980911,naniwa-danshi-nd5,2026-10-25,17:30,ららアリーナ 東京ベイ（LaLa arena TOKYO-BAY）,electronic,female,公演前日にログイン情報共有,h,5.0,,QR,2026-07-10 11:13:00,2026-08-27 16:01:18,,listing,1,80000,"プラベルで取引出来る方は事前にご連絡ください。
座席未定/ QRごと /初期当選/重複・すり替えなし/有効期限内/クレカ決済(同一クレカ決済なし)/下3桁提示可/着ブロ希望無し/郵便物戻りなし/過去他FC同一名義でのエラーなし
詳細はメッセージにてご連絡させて頂きます。
入場後は速やかにログアウトと受取手続きをお願い致します。
公演中止以外の購入者様の都合、ランダムエラー、体調不良等いかなる理由の場合でも返金は致しかねます。
主催者による公演中止の場合は、自動キャンセルとなります。
ランダムエラーを理由にした送金停止は不可です。
上記ご了承の上ご購入ください。
盗聴、盗撮、演出を妨げるような迷惑行為はお辞め下さい。
サイチェン可能ですが、他の方とのトラブルや名義を潰すことがないようお願い致します。
上記ご理解のある方、取引経験のある方、日本語の通じる女性のみご購入ください。",True,2026-07
3ytuxwayld,1784123082141,naniwa-danshi-nd5,2026-10-25,17:30,ららアリーナ 東京ベイ（LaLa arena TOKYO-BAY）,electronic,female,公演日前日にQRコード共有,あ,5.0,,QR,2026-07-15 13:44:42,2026-08-27 16:01:18,,listing,2,67000,"FC先行、座席未定、QR毎
公演日の前日にログイン情報を連絡ボードにて提示します。
ご希望であれば会員番号下3桁を事前にお伝えします。
ご自身の端末でログインし入場してください。
入場後は、速やかにログアウトし開演18時間までに受取通知をお願い致します。
公演が中止にならない限り、如何なる理由でも受け取り評価はしていただきます。
本人確認やシステムエラー、購入者の都合で入場ができない場合、交通機関の遅延等如何なる場合でも返金対応は致しかねますのでご了承ください。
公演中止になった場合のみ、手数料を差し引いた金額を返金対応いたします。
お取引の評価が低い方、取引履歴のない方とはお取引致しません。
日本語の話せる成人女性、マナーを守って公演を楽しんでいただける方のみご購入ください。
また、同日公演をもう1名義（2枚）所持しております。まとめてご購入希望の方が居ましたらお声掛けください。",True,2026-07
x0gmajepto,1783827125141,naniwa-danshi-nd5,2026-10-25,17:30,ららアリーナ 東京ベイ（LaLa arena TOKYO-BAY）,electronic,female,QRコードのため当日発券時まで座席未定,n,4.9,,ランダム記載あり,2026-07-12 03:32:05,2026-08-27 16:01:18,,listing,2,37900,"★初心者の方、初めての方でも丁寧に説明させていただきます。安心いただけるお取引を心がけます。
★少人数集合（2〜4人予定）
大人数が苦手な方も安心してご購入いただけます。
・当日会場付近にてお待ち合わせし、同時入場をお願いいたします。
お待ち合せ時間/お待ち合せ場所の詳細は公演当日までに取引メッセージにてご連絡させていただきます。
・入場後は一度チケットを回収し、当方にて座席決定次第チケットをお渡しさせていただきます。
座席確認のためお時間いただく可能性もございます。
・当日は時間厳守で集合をお願いいたします。ご購入者様の遅刻は到着を待たずに入場させていただきます。お時間に余裕を持ってお越しください。
出演者変更、入場時のランダムエラー、本人確認、交通機関の遅延、体調不良、座席などへのクレームでの返金は一切致しかねます。
・代表者として入場していただく可能性がございます。
その場合、QRコードを開いた状態でこちらのスマホ端末をお渡しいたしますので、一律で端末持ち逃げ防止のため一時的に身分証をお預かりさせていただきます。入場後、チケットと端末をお渡し/返却いただくタイミングにて、速やかに身分証を返却いたします。
（ご購入者様の端末をお借りしてログインさせていただく場合もございますのでご承知ください。）
（QRコードごとのお譲りとなる可能性もございます。）
・トラブル防止のため代理購入不可
必ず当日いらっしゃる方が落札をお願いいたします。
・公演中止以外ではいかなる理由でもキャンセル、返金は承れません。
最後まで丁寧なお取引を心がけます。
よろしくお願いいたします。",True,2026-07
bbdaci6h46,1783833225891,naniwa-danshi-nd5,2026-10-25,17:30,ららアリーナ 東京ベイ（LaLa arena TOKYO-BAY）,electronic,female,公演日2日前までにQRコード共有,sy,5.0,,QR,2026-07-12 05:13:45,2026-08-27 16:01:18,,listing,2,78000,"初当選名義です。
プライベート出品へ切り替えしますのでコメントをお願いします。
QR毎/初期当選/着席ブロック希望なし/重複すり替えなし/下3桁提示可/有効期限内
公演日2日前にログイン情報をお伝えいたします。
入場後は速やかにログアウトと受取連絡を必ずお願いいたします。
公演中止を除き、いかなる場合でもキャンセル・返金には対応いたしかねますので、あらかじめご了承ください。
お取引経験があり、日本語でのやり取りが可能な女性の方、ご購入お願いいたします。",True,2026-07
2jrtd0c7ke,1783661456824,naniwa-danshi-nd5,2026-10-25,17:30,ららアリーナ 東京ベイ（LaLa arena TOKYO-BAY）,electronic,female,公演日2日前にログイン情報共有,うさこ,5.0,,QR,2026-07-10 05:30:56,2026-08-27 16:01:18,,listing,2,88000,"QRでのお譲りです。
初期当選/有効期限内名義/すり替えなし/下3桁提示可/発送物戻りなし/エラー歴なし
公演日2日前にログイン情報をお伝えいたします。
入場後は速やかにログアウトと受取連絡を必ずお願いいたします。
公演中止の場合のみ、手数料を差し引いた金額を返金いたします。
その他本人確認・ランダムエラー・出演者の変更・当日の体調不良・公演日時を間違えて購入した等の購入者様都合等、いかなる理由でも一切の返金対応いたしかねますので、必ず受取通知をお願いいたします。
上記全てご理解いただけた方のみ、ご購入お願いいたします。",True,2026-07
tvdn7263su,1784616841873,naniwa-danshi-nd5,2026-10-25,17:30,ららアリーナ 東京ベイ（LaLa arena TOKYO-BAY）,electronic,female,【2名義中2番手】【すり替えなし】【下3桁提示可能】,n,4.9,,ランダム記載あり,2026-07-21 06:54:01,2026-08-27 16:01:18,,listing,2,49800,"2名義中2番手
すり替えなし 下3桁提示可能 初期当選 有効期限内 着ブロ選択なし
・当日会場付近にてお待ち合わせし、同時入場お願いいたします。
お待ち合せ時間、お待ち合せ場所の詳細は公演当日までに取引メッセージにてご連絡させていただきます。
・入場後は一度チケットを回収し、座席確認の後、2名義中2番手にてチケットをお渡しさせていただきます。
座席確認のためお時間いただく可能性もございますが、入場からチケット受け渡しまでできる限り迅速に対応させていただきます。
・当日は時間厳守で集合をお願いいたします。ご購入者様の遅刻は到着を待たずに入場させていただきます。お時間に余裕を持ってお越しください。
出演者変更、入場時のランダムエラー、本人確認、交通機関の遅延、体調不良、座席などへのクレームでの返金は一切致しかねます。
・代表者として入場していただく可能性がございます。
その場合、QRコードを開いた状態でこちらのスマホ端末をお渡しいたしますので、一律で端末持ち逃げ防止のため一時的に身分証をお預かりさせていただきます。入場後、チケットと端末をお渡し/返却いただくタイミングにて、速やかに身分証を返却いたします。
（ご購入者様の端末をお借りしてログインさせていただく場合もございますのでご承知ください。）
（場合によってはQRごとのお譲りとなる可能性もございます。）
・トラブル防止のため代理購入不可
必ず当日いらっしゃる方が落札をお願いいたします。
・公演中止以外ではいかなる理由でもキャンセル、返金は承れません。",True,2026-07
1c570ido9c,1783869701290,naniwa-danshi-nd5,2026-10-25,17:30,ららアリーナ 東京ベイ（LaLa arena TOKYO-BAY）,electronic,female,公演日1日前にQRコード共有,®️,4.4,,QR,2026-07-12 15:21:41,2026-08-27 16:01:18,,listing,1,83000,"初期当選/下3桁提示/有効期限内/着座希望なし/もち戻りなし/前回スタンド当選/チケットホルダー登録済
公演前日にログイン情報お知らせいたします
同意チェックはご自身でお願いいたします
※公演中止の際のみ※こちらの規定通りに
返金させていただきます
日本語の通じる女性のみご購入にお進みください
購入の際は即決お取引に変更させていただきますのでコメントよりお知らせお願いいたします",True,2026-07
so1uu33ajp,1783653420814,naniwa-danshi-nd5,2026-10-25,17:30,ららアリーナ 東京ベイ（LaLa arena TOKYO-BAY）,electronic,female,公演日2日前までにQRコード共有,S,5.0,,QR,2026-07-10 03:17:00,2026-08-27 16:01:18,,listing,2,70000,"QR毎＊プライベート出品へ切り替えしますのでコメントをお願いします。
初期当選/下3桁提示可能/有効期限内/着ブロ希望なし /PayPay払い
本人確認、システムエラー、ランダムエラー、体調不良、遅延等の買い手様都合での返金やキャンセルはいかなる場合も不可になります。
エラーによる入場不可がご不安の方はチケテン入場保証オプションにご加入くださいませ。
入場後は速やかにログアウト、受け取り連絡を必ずお願い致します。
トラブル防止のため購入は日本人女性のみ、また代理購入は御遠慮ください。
購入された場合、以上全てに同意の上と判断いたします。",True,2026-07
aceu0onr1h,1783826814457,naniwa-danshi-nd5,2026-10-26,18:00,ららアリーナ 東京ベイ（LaLa arena TOKYO-BAY）,electronic,female,QRコードのため当日発券時まで座席未定,n,4.9,,ランダム記載あり,2026-07-12 03:26:54,2026-08-27 16:01:18,,listing,1,27000,"★初心者の方、初めての方でも丁寧に説明させていただきます。安心いただけるお取引を心がけます。
★少人数集合（2〜6人予定）
大人数が苦手な方も安心してご購入いただけます。
・当日会場付近にてお待ち合わせし、同時入場をお願いいたします。
お待ち合せ時間/お待ち合せ場所の詳細は公演当日までに取引メッセージにてご連絡させていただきます。
・入場後は一度チケットを回収し、当方にて座席決定次第チケットをお渡しさせていただきます。
座席確認のためお時間いただく可能性もございます。
・当日は時間厳守で集合をお願いいたします。ご購入者様の遅刻は到着を待たずに入場させていただきます。お時間に余裕を持ってお越しください。
出演者変更、入場時のランダムエラー、本人確認、交通機関の遅延、体調不良、座席などへのクレームでの返金は一切致しかねます。
・代表者として入場していただく可能性がございます。
その場合、QRコードを開いた状態でこちらのスマホ端末をお渡しいたしますので、一律で端末持ち逃げ防止のため一時的に身分証をお預かりさせていただきます。入場後、チケットと端末をお渡し/返却いただくタイミングにて、速やかに身分証を返却いたします。
（ご購入者様の端末をお借りしてログインさせていただく場合もございますのでご承知ください。）
（QRコードごとのお譲りとなる可能性もございます。）
・トラブル防止のため代理購入不可
必ず当日いらっしゃる方が落札をお願いいたします。
・公演中止以外ではいかなる理由でもキャンセル、返金は承れません。
最後まで丁寧なお取引を心がけます。
よろしくお願いいたします。",True,2026-07
0em43vnm5f,1784007359799,naniwa-danshi-nd5,2026-10-26,18:00,ららアリーナ 東京ベイ（LaLa arena TOKYO-BAY）,electronic,female,前日にログイン情報お伝えします,さ,5.0,,QR,2026-07-14 05:35:59,2026-08-27 16:01:18,,listing,2,65000,"QR毎のお譲り/初期当選/すり替えなし/下3桁提示可能
入場後は速やかにログアウトと入場の報告を願いします。
公演中止以外での返金は如何なる場合でも一切いたしません。公演中止の際は手数料を差し引いた金額をお返しいたします。
入場の際エラーで入場できない場合や体調不良や遅刻などの買い手様都合でのキャンセル希望がありましても、必ず受け取り通知をしていただきます。
日本語が通じる成人女性のみご購入ください。",True,2026-07
90amjw3r2c,1784126197862,naniwa-danshi-nd5,2026-10-26,18:00,ららアリーナ 東京ベイ（LaLa arena TOKYO-BAY）,electronic,female,公演前日に会員番号とパスワードを共有いたします。,n,5.0,,QR,2026-07-15 14:36:37,2026-08-27 16:01:18,,listing,1,80000,"初期当選／有効期限内／該当名義／QR毎／すり替えなし／下3桁提示可／着ブロ希望なし／変更ボタンあり
チケットホルダー未登録です。過去公演の座席に関してのご質問はお答え出来かねます。
公演前日にマイページの連絡ボードにて、ログインに必要な情報をお伝えいたします。ご自身でログイン後、同行者登録を済ませてご入場ください。
入場後速やかに受取連絡、ログアウトの方お願いいたします。ログイン情報の変更は一切行わないようお願いいたします。
公演中止以外の理由での返金はいたしかねますので、前記以外の理由(ご購入者様都合、ランダムエラー等)で入場出来なかった場合でも、受け取り連絡はして頂きます。予めご了承ください。
公演中止の場合は手数料を引いた金額をご返金いたします。
座席のクレームは受け付けておりません。
ご購入頂いた時点で上記の内容に納得いただけたものとします。",True,2026-07
brhwmbtaq3,1783662011704,naniwa-danshi-nd5,2026-10-26,18:00,ららアリーナ 東京ベイ（LaLa arena TOKYO-BAY）,electronic,female,2名義中2番手,さ,5.0,,同行番手,2026-07-10 05:40:11,2026-08-27 16:01:18,,listing,2,60000,"2名義中2番手すり替えなし(下3桁提示可)
初期当選/有効期限内
※プラベル出品に切り替えますので、購入前にコメントをお願いします。
開演1時間〜45分前に会場付近にて待ち合わせし、同時入場していただきます。
10分以上の遅刻は待たずに入場しますが、その場合も受取評価はしていただきます。
公演中止の場合のみ、手数料を差し引いた金額を返金いたします。
体調不良や交通機関の遅延、ランダムエラーや本人確認など、公演中止以外のトラブルによる返金はいたしかねますのでご了承ください。
上記全てご了承いただける日本人女性のみご購入をお願いいたします。",True,2026-07
m4938chxc3,1784182856691,naniwa-danshi-nd5,2026-10-26,18:00,ららアリーナ 東京ベイ（LaLa arena TOKYO-BAY）,electronic,female,公演日前日の18時以降にログイン情報をお伝えいたします,y,5.0,,QR,2026-07-16 06:20:56,2026-08-27 16:01:18,,listing,2,58000,"FC初期当選/有効期限内／下3桁提示可/すり替えなし/着席ブロック希望なし
・公演日前日（18:00以降）になりましたら、ログイン情報等をお送り致します、
・同行者登録済み
・入場後は、速やかにログアウト、受取通知の方、よろしくお願い致します。
・座席についてのクレームは、一切受け付けておりませんので、ご了承ください。
・公演中止以外、如何なる場合でも、返金致しませんので、ご了承ください。ご購入者様都合のキャンセルも不可とさせていただきます。ランダムエラー等で入場できなかった場合も必ず受取通知をしていただきます。（公演中止の場合のみ手数料を引いた全額を返金致します。）
購入された方は、上記すべて同意したものとし、お取引させていただきます。
事前支払いによる落札申請のみ承認させて頂きます。",True,2026-07
kziw91csur,1785498093773,naniwa-danshi-nd5,2026-10-26,18:00,ららアリーナ 東京ベイ（LaLa arena TOKYO-BAY）,electronic,female,同行,a,5.0,,同行,2026-07-31 11:41:33,2026-08-27 16:01:18,,listing,1,60000,"2連中1枚/当方と同行/FC初期当選/有効期限内/下3桁提示可/重複すり替えなし/過去エラーなし/大橋担不可
★一部入金、残り当日手渡しでも可
★プラベル可
公演当日、会場付近で待ち合わせし入場いたします。時間および集合場所の詳細については、公演日前日までにメッセージでお伝えします。
遅刻などで開演時間に間に合わない場合は 先に入場させていただきますが、受け取り評価は必ずしていただきます。
チケットお渡しの時にその場で受取評価お願い致します。
お座席に関するクレームはお控えください。
また盗撮など名義を傷つける行為厳禁です。
トラブル回避の為、必ず入場される方がご購入いただくようお願いいたします。
公演中止の場合のみ手数料を引いた金額を返金いたします。エラーの際は一部返金します。
ご購入様都合によるキャンセルなど如何なる場合でも返金対応、送金停止依頼は一切お受け出来ません。
上記全て了承の上、日本語が通じる成人女性のみご購入お願いいたします。",True,2026-07
vwfw78p1hv,1783689553067,naniwa-danshi-nd5,2026-10-26,18:00,ららアリーナ 東京ベイ（LaLa arena TOKYO-BAY）,electronic,female,公演日前日,きょう,5.0,,QR,2026-07-10 13:19:13,2026-08-27 16:01:18,,listing,1,65000,"QR毎 / 初期当選 / すり替え、重複なし / 下3桁提示可 / 有効期限内名義  ・QR毎のお譲り
家族の都合で行けなくなりました。
大切な名義ですので、下記ご理解の上、よろしくお願いいたします。
・公演の前日に、ログインに必要な情報を連絡ボードにてお伝えします。
・入場後は速やかにログアウト、開演前までに必ず受取連絡をお願いいたします。
・主催者側の公演中止以外（体調不良、出演者の変更、遅刻、エラー本人確認等）いかなる理由でも、返金、キャンセルはいたしかねます。 公演中止の際は、手数料を引いた額を返金いたします。",True,2026-07
q1n593sans,1783869414474,naniwa-danshi-nd5,2026-10-26,18:00,ららアリーナ 東京ベイ（LaLa arena TOKYO-BAY）,electronic,female,公演前日にQRコード共有,あ,5.0,,QR,2026-07-12 15:16:54,2026-08-27 16:01:18,,listing,2,57000,"QR毎のお譲り/初期当選/すり替えなし/下3桁提示可能/過去座席はお答えしません
公演中止以外のいかなる場合も返金できかねます。
交通機関の遅れ、遅刻等いかなる場合でも返金できかねます。
ランダムエラーの場合も受け取りして頂きます。
公演日前日にログイン情報をお伝えいたします。
入場いたしましたら速やかに受け取り評価とログアウトをお願い致します。
チケット発券後はサイチェン等ご自由にしていただいて構いません。
購入した時点で上記は了承したものとみなします。
日本語でスムーズに連絡の取れる日本人女性のみご購入をお願いいたします。",True,2026-07
xhtuzlwaay,1783871321776,naniwa-danshi-nd5,2026-10-26,18:00,ららアリーナ 東京ベイ（LaLa arena TOKYO-BAY）,electronic,female,公演日前日の夜にログイン情報提示,うさはな,5.0,,QR,2026-07-12 15:48:41,2026-08-27 16:01:18,,listing,2,65000,"QR毎/初期当選/有効期限内/下3桁提示可/着ブロ希望なし/過去エラー無し
当選歴のある名義ですが、トラブル防止のため過去の当選公演や座席等お答え致しません
QR毎でのお譲りとなります。
公演前日にログイン情報お伝えさせて頂きます。
トラブル防止のため、買い手様の方で同意チェックをお願い致します。
入場後は速やかにログアウト、受取評価お願い致します。
発券後は中積みご自由にして頂いて構いません。
エラーや本人確認等での返金、座席に関するクレームは一切受け付けておりません。
公演中止以外の如何なる場合でも返金対応致しかねますので、ご了承お願い致します。
ご購入頂いた時点で上記の内容に同意したこととします。",True,2026-07
m9ox1upoz9,1783761464185,naniwa-danshi-nd5,2026-10-26,18:00,ららアリーナ 東京ベイ（LaLa arena TOKYO-BAY）,electronic,female,前日にログイン情報をお伝えします,り,5.0,,QR,2026-07-11 09:17:44,2026-08-27 16:01:18,,listing,2,58000,"QR毎のお譲り/初期当選/すり替えなし/下3桁提示可能/過去座席はお答えしません
入場後は速やかにログアウトと入場の報告を願いします。
公演中止以外での返金は如何なる場合でも一切いたしません。公演中止の際は手数料を差し引いた金額をお返しいたします。
入場の際エラーで入場できない場合や体調不良や遅刻などの買い手様都合でのキャンセル希望がありましても、必ず受け取り通知をしていただきます。
代理購入禁止。日本語が通じる成人女性のみご購入ください。",True,2026-07
uy5en064ai,1783658922443,naniwa-danshi-nd5,2026-10-26,18:00,ららアリーナ 東京ベイ（LaLa arena TOKYO-BAY）,electronic,female,同時入場,Ⓜ︎,5.0,,番手,2026-07-10 04:48:42,2026-08-27 16:01:18,,listing,2,45000,"3名義中2番手
💫プラベル出品致しますので、ご購入希望の方は、ご購入前に必ずメッセージをお願いいたします。
すり替えなし/下３桁提示可/有効期限内/サイチェン可/
・当方が座席を選択後チケットをお渡ししますので、その場で受取連絡お願い致します。
・公演当日、会場付近にて集合し、同時入場となります。前日までに集合場所をご連絡いたします。
・連絡のない遅刻や交通機関、ご自身によるトラブルや体調不良等は先に入場させていただきますが、その際も受取連絡は必ずお願いいたします。
・公演中止以外はランダムエラー含め、いかなる場合であっても返金等の対応不可です。受取連絡を必ずお願いいたします。また購入後のキャンセル、返金には対応致しません。
上記を必ずご承諾後ご購入ください。よろしくお願いいたします。",True,2026-07
pvpgdooy2f,1783718721450,naniwa-danshi-nd5,2026-10-26,18:00,ららアリーナ 東京ベイ（LaLa arena TOKYO-BAY）,electronic,female,公演日前日(18:00以降)にログイン情報をお貸しします,MJGA,5.0,,QR,2026-07-10 21:25:21,2026-08-27 16:01:18,,listing,2,60000,"FC初期当選/有効期限内/下3桁提示可/すり替えなし/着席ブロック希望なし
・公演日前日(18:00以降)になりましたら、ログイン情報等をお送り致します、
(代表者の同意チェックは、購入者様で行ってください。)
・入場後は、速やかにログアウト、受取通知の方、よろしくお願い致します。
・座席についてのクレームは、一切受け付けておりませんので、ご了承ください。
・公演中止以外、如何なる場合でも、返金致しませんので、ご了承ください。ご購入者様都合のキャンセルも不可とさせていただきます。ランダムエラー等で入場できなかった場合も必ず受取通知をしていただきます。(公演中止の場合のみ手数料を引いた全額を返金致します。)
購入された方は、上記すべて同意したものとし、お取引させていただきます。
事前支払いによる落札申請のみ承認させて頂きます。",True,2026-07
g5pzfg8hjs,1783657898514,naniwa-danshi-nd5,2026-10-26,18:00,ららアリーナ 東京ベイ（LaLa arena TOKYO-BAY）,electronic,female,初期当選、QR毎、同行者もFC、重複すり替えなし、有効期限内、下3桁可能,み,5.0,,QR,2026-07-10 04:31:38,2026-08-27 16:01:18,,listing,2,65000,プラベル可能です、前日になりましたらログイン情報ご提示いたします。同行者もFCなので、が不安でしたら前日に同行者のログイン情報もご提示するので、買い手様の方で同意操作可能です。当日入場後は速やかに受取連絡、ログアウトお願いいたします。ランダムエラー、本人確認の対応は致しかねます。公演中止のみ返金いたします。,True,2026-07
bkubx3itw8,1783676852360,naniwa-danshi-nd5,2026-10-26,18:00,ららアリーナ 東京ベイ（LaLa arena TOKYO-BAY）,electronic,female,公演前日にQRコード共有,c,4.7,,QR,2026-07-10 09:47:32,2026-08-27 16:01:18,,listing,1,65000,"単番QRごとのお譲り。初期当選、複数当選なし、該当名義有効期限内変更ボタンあり着ブロ希望なし。発送物戻りなし。日本人以外の方は購入を御遠慮ください。意思疎通が取れる方、QRの扱いに慣れている方のみ。こまめに連絡取れる方。本人確認対応不可。
購入後ログイン情報お伝え致します。
入場後、開演時間前に速やかに受け取り通知、ログアウトをお願い致します。開演時間を過ぎますとパスワードを変えさせて頂きますのでご了承ください。
ご希望がありましたら下3桁ご提示可能です。
連絡をスムーズに取れる方(既読未読無視をしない方)
体調不良・発券エラー･ランダムエラー・公共交通機関の遅延運休・メンバー不在の為のキャンセル、相場変動によるキャンセル、赤線エラー等如何なる場合でも公演中止以外の理由での返金は致しません(公演中止以外の理由での返金は不可、※記載内容守られない場合及び名義の悪用が発覚した場合は運営様に開示請求等のご連絡含め適切な処置を取らせて頂きます)のでご理解頂ける方のみ購入をお願い致します。
落札入金後は全て理解し同意したものとみなします。",True,2026-07
p41txhxr21,1785407317768,naniwa-danshi-nd5,2026-10-26,18:00,ららアリーナ 東京ベイ（LaLa arena TOKYO-BAY）,electronic,female,同行,なな,5.0,,同行,2026-07-30 10:28:37,2026-08-27 16:01:18,,listing,1,58000,"初期当選 下3桁開示可能
当方（道枝担）と同行になります。
担当構いません。
当日開演1時間から30分前の集合になります。サイチェンしていただいて構いません。
自名義のため本確可能ですが同行者はできません。
ランダムエラー、遅刻など一切の返金は受け付けておりません。",True,2026-07
5klfl5gll9,1783665701255,naniwa-danshi-nd5,2026-10-26,18:00,ららアリーナ 東京ベイ（LaLa arena TOKYO-BAY）,electronic,female,QRコードのため当日発券時まで座席未定,n,4.9,,ランダム記載あり,2026-07-10 06:41:41,2026-08-27 16:01:18,,listing,2,37000,"★初心者の方、初めての方でも丁寧に説明させていただきます。安心いただけるお取引を心がけます。
★少人数集合（2〜6人予定）
大人数が苦手な方も安心してご購入いただけます。
・当日会場付近にてお待ち合わせし、同時入場をお願いいたします。
お待ち合せ時間/お待ち合せ場所の詳細は公演当日までに取引メッセージにてご連絡させていただきます。
・入場後は一度チケットを回収し、当方にて座席決定次第チケットをお渡しさせていただきます。
座席確認のためお時間いただく可能性もございます。
・当日は時間厳守で集合をお願いいたします。ご購入者様の遅刻は到着を待たずに入場させていただきます。お時間に余裕を持ってお越しください。
出演者変更、入場時のランダムエラー、本人確認、交通機関の遅延、体調不良、座席などへのクレームでの返金は一切致しかねます。
・代表者として入場していただく可能性がございます。
その場合、QRコードを開いた状態でこちらのスマホ端末をお渡しいたしますので、一律で端末持ち逃げ防止のため一時的に身分証をお預かりさせていただきます。入場後、チケットと端末をお渡し/返却いただくタイミングにて、速やかに身分証を返却いたします。
（ご購入者様の端末をお借りしてログインさせていただく場合もございますのでご承知ください。）
（QRコードごとのお譲りとなる可能性もございます。）
・トラブル防止のため代理購入不可
必ず当日いらっしゃる方が落札をお願いいたします。
・公演中止以外ではいかなる理由でもキャンセル、返金は承れません。
最後まで丁寧なお取引を心がけます。
よろしくお願いいたします。",True,2026-07
yjlonywnqc,1783889986126,naniwa-danshi-nd5,2026-10-26,18:00,ららアリーナ 東京ベイ（LaLa arena TOKYO-BAY）,electronic,female,同行,K,5.0,,同行,2026-07-12 20:59:46,2026-08-27 16:01:18,,listing,1,70000,"2連中1枚同行/大橋担購入不可/重複すり替えなし/下3桁提示可/有効期限内
当方との連番になります。同時入場後、発券した2枚のうち1枚をお渡しいたします。連番内の座席は先に当方が選びます。
デジチケのため、座席は未定です。座席に対する、クレーム、本人確認、エラー、体調不良など、公演中止以外のいかなる場合でも、キャンセル・返金はお受け出来ませんのでご理解よろしくお願いいたします。
また、入場後はサイチェン等していただいても構いませんが、ルールやマナーをお守りいただき自己責任でお願いいたします。
待ち合わせ場所や、時間の詳細は前日までにご連絡いたします。遅刻をされた場合は、先に入場しますがその場合でも受け取り評価を行なっていただきますので、ご了承ください。時間に余裕を持って会場へお越しいただきますようお願いいたします。
日本人女性のみご購入ください。
代理購入はトラブルの元となりますので、お控えください。ご入金以降は上記の説明事項に同意されたものとみなします。",True,2026-07
sold_naniwa-danshi-nd5_1783733481286_54000,1783733481286,naniwa-danshi-nd5,2026-10-26,18:00,ららアリーナ 東京ベイ（LaLa arena TOKYO-BAY）,electronic,female,前日QR毎,,,,,2026-07-11 01:31:21,2026-08-27 16:01:18,2026-08-27 07:17:28,sold,1,54000,"QR毎 / 初期当選 / すり替え、重複なし / 有効期限内名義  / 戻りなし / 着ブロ希望なし


・公演の前日に、ログインに必要な情報を連絡ボードにてお...",False,2026-07
6n13a1tjh6,1783679911146,naniwa-danshi-nd5,2026-10-26,18:00,ららアリーナ 東京ベイ（LaLa arena TOKYO-BAY）,electronic,female,同行,y,5.0,,同行記載あり,2026-07-10 10:38:31,2026-08-27 16:01:18,,listing,1,0,"2連中の1枚/同行/下三桁提示可/初期当選
承認にしておりますが、基本すぐに承認いたします。
待ち合わせは開演時間1時間10分前(開場時間の10分前)を予定しております。
場所などの詳細は公演前日までにお知らせいたします。
チケット受け取りと同時に受け取り通知をお願い致します。
同担拒否などございませんが、トラブル防止のため西畑担の方はご購入をご遠慮ください。
入場後はご自由に行動していただいて大丈夫です。
・お取引決定後のキャンセル、座席へのクレームなどはいかなる場合でも一才承っておりません。
・公演中止以外の返金は受け付けできません。
・遅刻は厳禁です。公共交通機関の遅延など場合でも承れませんのでご了承ください。
・成人済みの日本人女性のみご購入をお願い致します。
・お渡し後サイチェン可",True,2026-07
r78v8zsl3t,1783692109814,naniwa-danshi-nd5,2026-10-26,18:00,ららアリーナ 東京ベイ（LaLa arena TOKYO-BAY）,electronic,female,公演日前日にログイン情報お伝え,n,5.0,,QR,2026-07-10 14:01:49,2026-08-27 16:01:18,,listing,2,55999,"QR毎／初期当選／下3桁提示可／重複無し／同行者登録可能／有効期限内／サイチェン可
ログイン情報は公演前日にお伝えいたします。
無事に入場できましたらすぐにログアウトと受け取り評価をお願い致します。
公演中止以外の払い戻しはでき兼ねておりますのでご了承ください。公演中止の際は手数料除いた金額を返金いたします。
ご購入は上記を了承した上で日本語の理解出来る、成人済み日本人の方でお願い致します。
何かございましたらお気軽にご質問ください。",True,2026-07
sold_naniwa-danshi-nd5_1784025903175_52500,1784025903175,naniwa-danshi-nd5,2026-10-26,18:00,ららアリーナ 東京ベイ（LaLa arena TOKYO-BAY）,electronic,female,公演日前日18時以降にログイン情報をお伝えします。,,,,,2026-07-14 10:45:03,2026-08-27 16:01:18,2026-08-27 07:17:28,sold,2,52500,"QR毎／初期当選／下3桁提示可／有効期限内
公演前日に必要な情報等を連絡ボードにてお知らせ致します。

過去座席に関して質問がある方には前回当選席のみお答えしま...",False,2026-07
dapbwufyqa,1783689983067,naniwa-danshi-nd5,2026-10-26,18:00,ららアリーナ 東京ベイ（LaLa arena TOKYO-BAY）,electronic,female,同行,えぬ,5.0,,番手,2026-07-10 13:26:23,2026-08-27 16:01:18,,listing,2,54000,"2名義中2番手のお譲り
※プラベル出品にしますので、購入前にコメントをお願いいたします
公演当日、開場15分前を目安に会場付近で待ち合わせをし、同時入場していただきます。
必ず時間厳守でお願いします。15分以上の遅刻は待たずに入場しますが、その際も受取連絡はしていただきます。
入場後チケットを回収し、当方が選ばなかった方のチケットをお渡しします。
チケットお渡しと引き換えに受取連絡をお願いいたします。
座席に関するクレーム等は一切お受けできません。
ランダムエラーや本人確認、出演者変更、体調不良、交通機関の乱れ等公演中止以外の如何なる理由でも返金は出来かねます。その際も受取連絡はしていただきます。
公演中止の場合に限り、仲介手数料を差し引いた金額をご返金致します。
上記全てご了承いただける方のみご購入をお願いいたします。",True,2026-07
5pfawr65sn,1784616386434,naniwa-danshi-nd5,2026-10-26,18:00,ららアリーナ 東京ベイ（LaLa arena TOKYO-BAY）,electronic,female,QRコードのため当日発券時まで座席未定,n,4.9,,ランダム記載あり,2026-07-21 06:46:26,2026-08-27 16:01:18,,listing,1,28500,"少人数ランダム
迅速な対応を心がけます。
当日会場付近にてお待ち合わせし、同時入場をお願いいたします。
お待ち合せ時間/お待ち合せ場所の詳細は公演当日までに取引メッセージにてご連絡させていただきます。
入場後は一度チケットを回収し、当方にて座席決定次第チケットをお渡しさせていただきます。
座席確認のためお時間いただく可能性もございます。
当日は時間厳守で集合をお願いいたします。ご購入者様の遅刻は到着を待たずに入場させていただきます。お時間に余裕を持ってお越しください。
出演者変更、入場時のランダムエラー、本人確認、交通機関の遅延、体調不良、座席などへのクレームでの返金は一切致しかねます。
代表者として入場していただく可能性がございます。
その場合、QRコードを開いた状態でこちらのスマホ端末をお渡しいたしますので、一律で端末持ち逃げ防止のため一時的に身分証をお預かりさせていただきます。入場後、チケットと端末をお渡し/返却いただくタイミングにて、速やかに身分証を返却いたします。
（ご購入者様の端末をお借りしてログインさせていただく場合もございますのでご承知ください。）
（QRコードごとのお譲りとなる可能性もございます。）
トラブル防止のため代理購入不可
必ず当日いらっしゃる方が落札をお願いいたします。
公演中止以外ではいかなる理由でもキャンセル、返金は承れません。
最後まで丁寧なお取引を心がけます。
よろしくお願いいたします。",True,2026-07
l33n6o3nbq,1783820339367,naniwa-danshi-nd5,2026-10-26,18:00,ららアリーナ 東京ベイ（LaLa arena TOKYO-BAY）,electronic,female,2連中の1枚/同行,m,5.0,,同行,2026-07-12 01:38:59,2026-08-27 16:01:18,,listing,1,62000,"初期当選/2連中の1枚/同行/重複すり替えなし/有効期限内/下3桁提示可/着ブロ指定なし
道枝担×
公演当日会場付近にて待ち合わせをし、同時入場して頂きます。
詳しい時間・場所は公演前日までにご相談の上決めさせて頂きます。
入場後、連番内の座席を選びチケットをお渡ししますので、必ず目の前で受け取り評価をお願い致します。
また、万が一待ち合わせ時間に間に合わず、10分以上遅れた場合は先に入場させて頂きます。その場合も必ず受け取り評価をお願い致します。
本人確認やランダムエラー、体調不良、交通機関の遅延、出演者の変更など、公演中止以外でのキャンセル、返金対応は致しかねますのでご了承ください。
公演中止の場合のみ、手数料を差し引いた金額を返金致します。
座席に対するクレームも御遠慮ください。
以上を了承された、当日ご入場される日本語が通じる方のみご購入をお願いいたします。
※専用出品にするため、購入ご希望の方はコメントお願い致します。
1部チケテン、残り手渡しも対応可能です。ご相談ください。",True,2026-07
3k9561u66x,1783658878160,naniwa-danshi-nd5,2026-10-26,18:00,ららアリーナ 東京ベイ（LaLa arena TOKYO-BAY）,electronic,female,同時入場,Ⓜ︎,5.0,,番手,2026-07-10 04:47:58,2026-08-27 16:01:18,,listing,2,40000,"3名義中3番手
💫プラベル出品致しますので、ご購入希望の方は、ご購入前に必ずメッセージをお願いいたします。
すり替えなし/下３桁提示可/有効期限内/サイチェン可/
・当方が座席を選択後チケットをお渡ししますので、その場で受取連絡お願い致します。
・公演当日、会場付近にて集合し、同時入場となります。前日までに集合場所をご連絡いたします。
・連絡のない遅刻や交通機関、ご自身によるトラブルや体調不良等は先に入場させていただきますが、その際も受取連絡は必ずお願いいたします。
・公演中止以外はランダムエラー含め、いかなる場合であっても返金等の対応不可です。受取連絡を必ずお願いいたします。また購入後のキャンセル、返金には対応致しません。
上記を必ずご承諾後ご購入ください。よろしくお願いいたします。",True,2026-07
eqgn06k3jk,1783655715536,naniwa-danshi-nd5,2026-10-26,18:00,ららアリーナ 東京ベイ（LaLa arena TOKYO-BAY）,electronic,female,QR毎,M,5.0,,QR,2026-07-10 03:55:15,2026-08-27 16:01:18,,listing,2,55000,"QR毎／初期当選／下3桁提示可／有効期限内／サイチェン可
※過去座席はお答えいたしません。
公演前日に必要な情報等を連絡ボードにてお知らせ致します。入金確認出来次第会員番号下3桁お伝え可能です。
公演当日入場後は速やかにログアウトして頂き、必ず開演時間までに受け取り通知をお願い致します。
座席に関するクレーム等は一切受け付けません。公演中止を除き交通機関遅れ、体調不良等購入者様都合の事情、ランダムエラー等如何なる場合も返金致しません。お取引成立後は如何なる場合も必ず受け取り通知を完了して頂きますのでご了承下さい。取引成立後の取引キャンセルも承る事が出来ないのでご了承下さい。上記の場合も必ず受け取り評価は行って頂きます。
ご購入は上記を了承した上で日本語の理解出来る、成人済み日本人の方でお願い致します。",True,2026-07
28wkgypffj,1783890237844,naniwa-danshi-nd5,2026-10-27,13:00,ららアリーナ 東京ベイ（LaLa arena TOKYO-BAY）,electronic,female,同行,K,5.0,,同行,2026-07-12 21:03:57,2026-08-27 16:01:18,,listing,1,70000,"2連中1枚同行/大橋担購入不可/重複すり替えなし/下3桁提示可/有効期限内
当方との連番になります。同時入場後、発券した2枚のうち1枚をお渡しいたします。連番内の座席は先に当方が選びます。
デジチケのため、座席は未定です。座席に対する、クレーム、本人確認、エラー、体調不良など、公演中止以外のいかなる場合でも、キャンセル・返金はお受け出来ませんのでご理解よろしくお願いいたします。
また、入場後はサイチェン等していただいても構いませんが、ルールやマナーをお守りいただき自己責任でお願いいたします。
待ち合わせ場所や、時間の詳細は前日までにご連絡いたします。遅刻をされた場合は、先に入場しますがその場合でも受け取り評価を行なっていただきますので、ご了承ください。時間に余裕を持って会場へお越しいただきますようお願いいたします。
日本人女性のみご購入ください。
代理購入はトラブルの元となりますので、お控えください。ご入金以降は上記の説明事項に同意されたものとみなします。",True,2026-07
fobthdyctc,1784028080498,naniwa-danshi-nd5,2026-10-27,13:00,ららアリーナ 東京ベイ（LaLa arena TOKYO-BAY）,electronic,female,公演日前日までにQRコード共有,♡,5.0,,QR,2026-07-14 11:21:20,2026-08-27 16:01:18,,listing,2,72000,"FC先行/座席未定/QR毎/着ブロなし/下3桁提示可/有効期限内/初期当選／コンビニ決済/発送物戻りなし/重複すり替えなし
プライベート出品に変更しますのでご購入前お声がけください。
・公演中止以外はいかなる場合でも返金はできません。体調不良、本人確認、ランダムエラー、電波の不具合、交通機関の乱れ等、メンバーの欠席でもご対応致しかねます。
・また、当日は入場が終わりましたら速やかにログアウト、及び公演時間までに受け取り通知をお願い致します。
・座席に関するクレームはお受けできませんので、ご了承いただける方のみご購入をお願いいたします。
・名義を傷つけるようなことはお控えください。
・同行者チェックを済ませた状態で、公演日前日にログイン情報をお伝えします。代表者チェックは買い手様にてお願いいたします。
・上記内容にご了承いただける日本人の成人女性の方のみ、ご購入をお願いいたします。",True,2026-07
em1da7jjif,1783781610129,naniwa-danshi-nd5,2026-10-27,13:00,ららアリーナ 東京ベイ（LaLa arena TOKYO-BAY）,electronic,female,同行,R,5.0,,同行,2026-07-11 14:53:30,2026-08-27 16:01:18,,listing,1,80000,"コメントいただきましたら、プラベ出品に変更させていただきます。
2連中1枚/当方（藤原担）と同行/初期当選/すり替えなし/下3桁提示可/期限内/着ブロなし
当日開演前に会場付近で待ち合わせし、同時入場していただきます。
・同行者登録をお願いする場合がございます。
連番内の座席はこちらで選ばせていただきます。
体調不良やランダムエラー、本人確認など、公演中止以外でのいかなる理由があっても入場できなかった際の返金は致しませんのでご了承ください。
また、公演中止の際は手数料を差し引いた金額をご返金致します。
上記をご理解いただける日本人女性のみ購入お願いします",True,2026-07
sold_naniwa-danshi-nd5_1783668100314_40000,1783668100314,naniwa-danshi-nd5,2026-10-27,13:00,ららアリーナ 東京ベイ（LaLa arena TOKYO-BAY）,electronic,female,同行,,,,,2026-07-10 07:21:40,2026-08-27 16:01:18,2026-08-27 07:17:28,sold,1,40000,"2名義中2番手
すり替えなし 下3桁提示可能 初期当選 有効期限内 着ブロ選択なし 大橋担不可
  
・当日会場付近にてお待ち合わせし、同時入場お願いいたします...",False,2026-07
dnabc4kf0j,1783950775222,naniwa-danshi-nd5,2026-10-27,13:00,ららアリーナ 東京ベイ（LaLa arena TOKYO-BAY）,electronic,female,同行,m,5.0,,同行,2026-07-13 13:52:55,2026-08-27 16:01:18,,listing,1,50000,"2連中1枚/重複すり替えなし/下3桁提示可能/FC初期当選/前年スタンド席/道枝担不可
【プライベート出品に切り替えますのでメッセージにてお問い合わせください】
・座席選択後チケットをお渡ししますので、必ずその場で受取連絡お願いいたします。連番内の座席選択はできません。
・前日までに待ち合わせ詳細のご連絡をいたしますが、場所については当日の周辺混雑状況により変更する場合がございます。
・サイチェン不可とさせていただきますが、座席によってはご自由にしていただいて構いませんのでその際はこちらよりその旨お伝えいたします。
・連絡なしの遅刻や、交通機関の遅延、トラブル体調不良など、先に入らせていただく場合がございますが、その際も受取連絡は必ずしていただきます。
・公演中止以外のランダムエラー含み、いかなる理由であっても受取連絡は必ずして頂きます。また購入後のキャンセル、返金は致しかねますので、あらかじめご了承ください。
・トラブル防止の為、成人済みの日本人女性のみご購入お願いいたします。",True,2026-07
rrtx807ey2,1783762699102,naniwa-danshi-nd5,2026-10-27,13:00,ららアリーナ 東京ベイ（LaLa arena TOKYO-BAY）,electronic,female,QRコードのため当日発券時まで座席未定,n,4.9,,ランダム記載あり,2026-07-11 09:38:19,2026-08-27 16:01:18,,listing,1,33500,"★初心者の方、初めての方でも丁寧に説明させていただきます。安心いただけるお取引を心がけます。
★少人数集合（2〜6人予定）
大人数が苦手な方も安心してご購入いただけます。
・当日会場付近にてお待ち合わせし、同時入場をお願いいたします。
お待ち合せ時間/お待ち合せ場所の詳細は公演当日までに取引メッセージにてご連絡させていただきます。
・入場後は一度チケットを回収し、当方にて座席決定次第チケットをお渡しさせていただきます。
座席確認のためお時間いただく可能性もございます。
・当日は時間厳守で集合をお願いいたします。ご購入者様の遅刻は到着を待たずに入場させていただきます。お時間に余裕を持ってお越しください。
出演者変更、入場時のランダムエラー、本人確認、交通機関の遅延、体調不良、座席などへのクレームでの返金は一切致しかねます。
・代表者として入場していただく可能性がございます。
その場合、QRコードを開いた状態でこちらのスマホ端末をお渡しいたしますので、一律で端末持ち逃げ防止のため一時的に身分証をお預かりさせていただきます。入場後、チケットと端末をお渡し/返却いただくタイミングにて、速やかに身分証を返却いたします。
（ご購入者様の端末をお借りしてログインさせていただく場合もございますのでご承知ください。）
（QRコードごとのお譲りとなる可能性もございます。）
・トラブル防止のため代理購入不可
必ず当日いらっしゃる方が落札をお願いいたします。
・公演中止以外ではいかなる理由でもキャンセル、返金は承れません。
最後まで丁寧なお取引を心がけます。
よろしくお願いいたします。",True,2026-07
sold_naniwa-danshi-nd5_1783828244046_35000,1783828244046,naniwa-danshi-nd5,2026-10-27,13:00,ららアリーナ 東京ベイ（LaLa arena TOKYO-BAY）,electronic,female,QRコードのため当日発券時まで座席未定,,,,,2026-07-12 03:50:44,2026-08-27 16:01:18,2026-08-27 07:17:28,sold,2,35000,"★初心者の方、初めての方でも丁寧に説明させていただきます。安心いただけるお取引を心がけます。 
  
★少人数集合（2〜6人予定）
大人数が苦手な方も安心してご...",False,2026-07
86n7pbkpxq,1784389231178,naniwa-danshi-nd5,2026-10-27,13:00,ららアリーナ 東京ベイ（LaLa arena TOKYO-BAY）,electronic,female,同行,mimimi,5.0,,同行,2026-07-18 15:40:31,2026-08-27 16:01:18,,listing,1,56000,"⚠︎9月末〆切　最高額4.6
2連中1枚同行/重複すり替えなし/下3桁提示可/初期当選/代表者本確対応可
✨価格交渉🉑プライベート出品、プラベルに切り替えさせていただく場合0.1値下げいたしますのでお気軽にお声がけください✨
・公演当日、会場付近に待ち合わせし同時入場していただきます。前日までに連絡ボードで待ち合わせのご連絡をいたします。
・連絡なしの遅刻や交通機関による遅延、ご自身によるトラブル体調不良などありましたら、先に入らせていただきますが、その際も受取連絡は必ずしていただきます。
・ランダムエラーなど、公演中止以外のいかなる理由であっても受取連絡は必ずしていただき、返金対応は致しかねます。
・連番内のお座席の選択は出来ません。座席選択後チケットをお渡しします。必ずその場で受取連絡お願いいたします。
・座席に関するクレーム等は一切お受けできません。
・緊急連絡先として携帯番号をお伺い可能な方でお願いします。
・購入後のキャンセル、返金は致しかねます。ご了承ください。
・トラブル防止の為、成人済みの日本人女性のみご購入お願いいたします。",True,2026-07
sold_naniwa-danshi-nd5_1785481620378_45000,1785481620378,naniwa-danshi-nd5,2026-10-27,13:00,ららアリーナ 東京ベイ（LaLa arena TOKYO-BAY）,electronic,female,同時入場,,,,,2026-07-31 07:07:00,2026-08-27 16:01:18,2026-08-27 07:17:28,sold,1,45000,"2名義中2番手でのお譲りです
ゲート別れた場合QRごとお渡しします",False,2026-07
eccgc7x890,1783653443288,naniwa-danshi-nd5,2026-10-27,13:00,ららアリーナ 東京ベイ（LaLa arena TOKYO-BAY）,electronic,female,公演日2日前までにQRコード共有,T,5.0,,QR,2026-07-10 03:17:23,2026-08-27 16:01:18,,listing,2,70000,"メッセージ頂けたらプライベート出品させて頂きますのでお願いいたします。
座席未定/QRごと/重複すり替え無し/初期当選/有効期限内名義/下3桁提示可能
・公演の2日前にログイン情報をお送りいたします。
・入場後に受け取り連絡をお願いいたします。
・座席についてのクレーム、返金対応等は一切受け付けません。
・公共機関の遅れや体調不良、ランダムエラー、本人確認等いかなる場合も公演中止以外は返金いたしません。
・日本語が理解出来る女性方のみご購入ください。
・代理購入不可。
・盗撮、 録音などされる方はご遠慮ください。",True,2026-07
0gw4va4c6b,1784280589201,naniwa-danshi-nd5,2026-10-27,13:00,ららアリーナ 東京ベイ（LaLa arena TOKYO-BAY）,electronic,female,2名義中2番手,さのまる,5.0,,同行番手,2026-07-17 09:29:49,2026-08-27 16:01:18,,listing,2,56000,"2名義中2番手／初期当選／下3桁掲示可能／有効期限内／すり替えなし／女性名義／着ブロ指定なし
・当日会場付近にて待ち合わせし、同時入場お願い致します。集合場所・時間は公演当日までにご連絡致します。
・入場後、一度チケットを回収し座席確認後2番手チケット(２連)をお渡しします。
座席確認にお時間をいただく可能性がございます。
・当日は時間厳守で集合をお願い致します。買い手様の大幅な遅刻は到着を待たず入場させていただきます。
・公演中止以外でのキャンセル,返金対応は受け付けておりません。ランダムエラー,買い手様の体調不良等の場合でも返金は致しません。
座席の関してのクレーム受け付けておりません。
・トラブル防止のため代理購不可。日本人の女性の方のみ可能",True,2026-07
sold_naniwa-danshi-nd5_1783665627558_28000,1783665627558,naniwa-danshi-nd5,2026-10-27,13:00,ららアリーナ 東京ベイ（LaLa arena TOKYO-BAY）,electronic,female,QRコードのため当日発券時まで座席未定,,,,,2026-07-10 06:40:27,2026-08-27 16:01:18,2026-08-27 07:17:28,sold,1,28000,"★初心者の方、初めての方でも丁寧に説明させていただきます。安心いただけるお取引を心がけます。 
  
★少人数集合（2〜4人予定）
大人数が苦手な方も安心してご...",False,2026-07
e2uvm1dqgz,1783656760673,naniwa-danshi-nd5,2026-10-27,13:00,ららアリーナ 東京ベイ（LaLa arena TOKYO-BAY）,electronic,female,ログインでのお渡し,K,5.0,,QR,2026-07-10 04:12:40,2026-08-27 16:01:18,,listing,2,70500,"座席未定/QRごと/重複すり替え無し/初期当選/有効期限内名義/下3桁提示可能
※ プライベート出品に変更しますのでご購入前お声がけください。
・公演の2日前にログイン情報をお送りいたします。
・入場後に受け取り連絡をお願いいたします。
・座席についてのクレーム、返金対応等は一切受け付けません。
・公共機関の遅れや体調不良、ランダムエラー、本人確認等いかなる場合も公演中止以外は返金いたしません。",True,2026-07
sold_naniwa-danshi-nd5_1783667569493_32000,1783667569493,naniwa-danshi-nd5,2026-10-27,13:00,ららアリーナ 東京ベイ（LaLa arena TOKYO-BAY）,electronic,female,QRコードのため当日発券時まで座席未定,,,,,2026-07-10 07:12:49,2026-08-27 16:01:18,2026-08-27 07:17:28,sold,2,32000,"★初心者の方、初めての方でも丁寧に説明させていただきます。安心いただけるお取引を心がけます。 
  
★少人数集合（2〜4人予定）
大人数が苦手な方も安心してご...",False,2026-07
ja3uonjoi7,1783656480120,naniwa-danshi-nd5,2026-10-27,13:00,ららアリーナ 東京ベイ（LaLa arena TOKYO-BAY）,electronic,female,公演日前日までにQRコード共有,ねね,5.0,,QR,2026-07-10 04:08:00,2026-08-27 16:01:18,,listing,2,70000,"QR毎/初期当選/重複すり替えなし/着ブロ希望なし/下3桁提示可能｜有効期限内/発送物戻りなし
公演前日夜にログインに必要な情報をお伝えします。
同行者の同意チェックは事前にお時間ご指定頂けたらその時間に行うよう努めます。代表者の同意チェックはご購入者様自身でお願いいたします。
当日は速やかにログアウト･受取報告をお願いいたします。
座席に関するクレームや返金は一切受け付けません。
公演中止の場合のみ手数料を引いた金額を返金します。
その他、体調不良･交通機関の乱れ･メンバー不在･本人確認･ランダムエラーで入場できなかったなど、如何なる場合も必ず受け取りはしていただき、キャンセル･返金できません。
購入された時点で了承いただけたものとします。",True,2026-07
pckmcuss96,1783743236266,naniwa-danshi-nd5,2026-10-27,13:00,ららアリーナ 東京ベイ（LaLa arena TOKYO-BAY）,electronic,female,公演前日にQRコード共有,K,5.0,,QR,2026-07-11 04:13:56,2026-08-27 16:01:18,,listing,2,85000,"FC先行/初期当選/重複すり替えなし/有効期限内／下3桁提示可能／座席未定/着ブロなし
・公演前日にログイン情報をお伝えいたします。
・公演中止の際は手数料を引いた金額を返金いたします。公演中止以外、いかなる理由でもキャンセル・返金いたしかねます。体調不良、交通機関の乱れ等で入場できなかった場合でも必ず受取連絡をお願いいたします。
・当日は入場が終わりましたら速やかにログアウトし、開演時間までに受取連絡をお願いいたします。
・座席に関するクレームはお受けできませんので、ご了承いただける方のみご購入をお願いいたします",True,2026-07
teavkfcjec,1783778702291,naniwa-danshi-nd5,2026-10-27,13:00,ららアリーナ 東京ベイ（LaLa arena TOKYO-BAY）,electronic,female,同行,みゃ,5.0,,同行,2026-07-11 14:05:02,2026-08-27 16:01:18,,listing,1,65000,"初期当選 同行 有効期限内 下3桁提示可 重複すり替えなし  女性名義
公演当日は会場付近で待ち合わせし、同時入場して頂きます。集合時間、場所はお日にち近くなりましたら、ご連絡します。
入場し、座席を確認後、当方が連番内のお席を先に選択します。その後にチケットをお渡し致しますので、速やかに受取連絡をお願い致します。
公演中止以外(ランダムエラー、遅刻、体調不良、座席、本人確認等)でのキャンセル、クレーム、返金は一切お受け致しません。
その際での受取評価はして頂きます。
公演中止の場合のみ規則に従い、返金対応させて頂きます。
高橋担の方はお控えください。
上記の内容にご了承頂ける日本人女性のみ購入お願いします。",True,2026-07
cv3ncenpl1,1783662483788,naniwa-danshi-nd5,2026-10-27,18:00,ららアリーナ 東京ベイ（LaLa arena TOKYO-BAY）,electronic,female,公演日2日前までにQRコード共有,り,5.0,,QR,2026-07-10 05:48:03,2026-08-27 16:01:18,,listing,2,90000,"QR毎/初期当選/重複すり替えなし/着ブロ希望なし/下3桁提示可能｜有効期限内
公演前日にログインに必要な情報をお伝えします。
同行、代表の同意チェックはこちらで行います。
当日は速やかにログアウト･受取報告をお願いいたします。
座席に関するクレームや返金は一切受け付けません。
公演中止の場合のみ手数料を引いた金額を返金します。
その他、体調不良･交通機関の乱れ･メンバー不在･本人確認･ランダムエラーで入場できなかったなど、如何なる場合も必ず受け取りはしていただき、キャンセル･返金できません。
購入された時点で了承いただけたものとします。",True,2026-07
9gi1nki6gs,1783682267766,naniwa-danshi-nd5,2026-10-27,18:00,ららアリーナ 東京ベイ（LaLa arena TOKYO-BAY）,paper,female,２名義中２番手,イチゴ,5.0,,番手,2026-07-10 11:17:47,2026-08-27 16:01:18,,listing,2,65000,"2名義中2番手/有効期限内
公演当日、開場時間前に会場付近で待ち合わせし同時入場していただきます。遅刻された場合は待たずに入場致しますが、その場合も受け取り評価をしていただきますので予めご了承ください。詳しい待ち合わせ場所などは、公演日までに取引メッセージにてご連絡させていただきます。
当日入場時のみお連れ様と分かれてご入場いただきますが、必ず連番のチケットをお渡しいたします。
同時入場後、座席選択にお時間を頂く場合がございます。当方が座席選択後、選ばなかった方のチケットをお渡ししますので、その際にその場で受け取り評価をお願いいたします。
お席についてのクレーム等はお受けできませんので予めご了承ください。録画等名義に傷がつく可能性のある行為はお控えください。
公演中止以外のいかなる理由(購入者の体調不良、遅刻、出演者の変更、ランダムエラー他)であっても返金、キャンセル不可です。公演中止の場合以外は必ず受け取り評価をしていただきます。
公演中止の場合のみ手数料を引いたチケット代を返金させていただきます。
上記の内容を全てご理解いただいた上で、日本語の通じる女性のみご購入をお願いいたします。
ご不明点ございましたら気軽にコメントしてください。",True,2026-07
98ton6zmch,1784453769090,naniwa-danshi-nd5,2026-10-27,18:00,ららアリーナ 東京ベイ（LaLa arena TOKYO-BAY）,electronic,female,公演前日にログイン情報共有,ちょこ,5.0,,QR,2026-07-19 09:36:09,2026-08-27 16:01:18,,listing,2,75000,"QR毎/FC初期当選/下3桁提示可/着ブロ選択なし/有効期限内/過去エラー等なし
座席に関するクレームは一切お受けできません。
交通機関の遅延、ランダムエラー、本人確認等で入場できない場合や体調不良・出演者変更等のキャンセルは一切お受けできません。公演中止の際は手数料を引いた金額を返金させていただきます。公演中止以外の返金対応致しません。",True,2026-07
93agtwaopc,1783975840962,naniwa-danshi-nd5,2026-10-27,18:00,ららアリーナ 東京ベイ（LaLa arena TOKYO-BAY）,electronic,female,4名義中2番手,さのまる,5.0,,同行番手,2026-07-13 20:50:40,2026-08-27 16:01:18,,listing,2,60000,"4名義中2番手／初期当選／下3桁掲示可能／有効期限内／すり替えなし／女性名義／着ブロ指定なし
・当日会場付近にて待ち合わせし、同時入場お願い致します。集合場所・時間は公演当日までにご連絡致します。
・入場後、一度チケットを回収し座席確認後2番手チケット(２連)をお渡しします。
座席確認にお時間をいただく可能性がございます。
・当日は時間厳守で集合をお願い致します。買い手様の大幅な遅刻は到着を待たず入場させていただきます。
・公演中止以外でのキャンセル,返金対応は受け付けておりません。ランダムエラー,買い手様の体調不良等の場合でも返金は致しません。
座席の関してのクレーム受け付けておりません。
・代表者様として入場をお願いする可能性がございます。その際買い手様の端末をお借りしチケ発券協力をお願いする場合がございます。
・トラブル防止のため代理購不可。日本人の女性の方のみ可能",True,2026-07
tl5k1j07ee,1783976091938,naniwa-danshi-nd5,2026-10-27,18:00,ららアリーナ 東京ベイ（LaLa arena TOKYO-BAY）,electronic,female,4名義中3番手,さのまる,5.0,,同行番手,2026-07-13 20:54:51,2026-08-27 16:01:18,,listing,2,42000,"4名義中3番手／初期当選／下3桁掲示可能／有効期限内／すり替えなし／女性名義／着ブロ指定なし
・当日会場付近にて待ち合わせし、同時入場お願い致します。集合場所・時間は公演当日までにご連絡致します。
・入場後、一度チケットを回収し座席確認後3番手チケット(２連)をお渡しします。
座席確認にお時間をいただく可能性がございます。
・当日は時間厳守で集合をお願い致します。買い手様の大幅な遅刻は到着を待たず入場させていただきます。
・公演中止以外でのキャンセル,返金対応は受け付けておりません。ランダムエラー,買い手様の体調不良等の場合でも返金は致しません。
座席の関してのクレーム受け付けておりません。
・代表者様として入場をお願いする可能性がございます。その際買い手様の端末をお借りしチケ発券協力をお願いする場合がございます。
・トラブル防止のため代理購不可。日本人の女性の方のみ可能",True,2026-07
sold_naniwa-danshi-nd5_1783766874731_65000,1783766874731,naniwa-danshi-nd5,2026-10-27,18:00,ららアリーナ 東京ベイ（LaLa arena TOKYO-BAY）,electronic,female,公演3日前までにQRコード共有,,,,,2026-07-11 10:47:54,2026-08-27 16:01:18,2026-08-27 07:17:28,sold,1,65000,"単番 QR毎 初期当選
有効期限内名義 すり替え、重複なし
下3桁提示可",False,2026-07
2vvhbdkz43,1783778867314,naniwa-danshi-nd5,2026-10-27,18:00,ららアリーナ 東京ベイ（LaLa arena TOKYO-BAY）,electronic,female,2名義中1番手　同行,みゃ,5.0,,同行,2026-07-11 14:07:47,2026-08-27 16:01:18,,listing,1,65000,"初期当選 同行 2名義中1番手 有効期限内 下3桁提示可
公演当日は会場付近で待ち合わせし、同時入場して頂きます。集合時間、場所はお日にち近くなりましたら、ご連絡します。
入場し、座席を確認後、当方が連番内のお席を先に選択します。その後にチケットをお渡し致しますので、速やかに受取連絡をお願い致します。
公演中止以外(ランダムエラー、遅刻、体調不良、座席、本人確認等)でのキャンセル、クレーム、返金は一切お受け致しません。
その際での受取評価はして頂きます。
公演中止の場合のみ規則に従い、返金対応させて頂きます。
高橋担の方はお控えください。
上記の内容にご了承頂ける日本人女性のみ購入お願いします。",True,2026-07
4ti0ie6tbx,1783665593452,naniwa-danshi-nd5,2026-10-27,18:00,ららアリーナ 東京ベイ（LaLa arena TOKYO-BAY）,electronic,female,QRコードのため当日発券時まで座席未定,n,4.9,,ランダム記載あり,2026-07-10 06:39:53,2026-08-27 16:01:18,,listing,1,34000,"★初心者の方、初めての方でも丁寧に説明させていただきます。安心いただけるお取引を心がけます。
★少人数集合（2〜4人予定）
大人数が苦手な方も安心してご購入いただけます。
・当日会場付近にてお待ち合わせし、同時入場をお願いいたします。
お待ち合せ時間/お待ち合せ場所の詳細は公演当日までに取引メッセージにてご連絡させていただきます。
・入場後は一度チケットを回収し、当方にて座席決定次第チケットをお渡しさせていただきます。
座席確認のためお時間いただく可能性もございます。
・当日は時間厳守で集合をお願いいたします。ご購入者様の遅刻は到着を待たずに入場させていただきます。お時間に余裕を持ってお越しください。
出演者変更、入場時のランダムエラー、本人確認、交通機関の遅延、体調不良、座席などへのクレームでの返金は一切致しかねます。
・代表者として入場していただく可能性がございます。
その場合、QRコードを開いた状態でこちらのスマホ端末をお渡しいたしますので、一律で端末持ち逃げ防止のため一時的に身分証をお預かりさせていただきます。入場後、チケットと端末をお渡し/返却いただくタイミングにて、速やかに身分証を返却いたします。
（ご購入者様の端末をお借りしてログインさせていただく場合もございますのでご承知ください。）
（QRコードごとのお譲りとなる可能性もございます。）
・トラブル防止のため代理購入不可
必ず当日いらっしゃる方が落札をお願いいたします。
・公演中止以外ではいかなる理由でもキャンセル、返金は承れません。
最後まで丁寧なお取引を心がけます。
よろしくお願いいたします。",True,2026-07
towgwrvmc8,1783779127601,naniwa-danshi-nd5,2026-10-27,18:00,ららアリーナ 東京ベイ（LaLa arena TOKYO-BAY）,electronic,female,2名義中2番手,みゃ,5.0,,番手,2026-07-11 14:12:07,2026-08-27 16:01:18,,listing,2,55000,"初期当選 2名義中2番手 有効期限内 下3桁提示可 重複すり替えなし
公演当日は会場付近で待ち合わせし、同時入場して頂きます。集合時間、場所はお日にち近くなりましたら、ご連絡します。
入場し、当方が座席を選択した後にチケットをお渡し致しますので、速やかに受取連絡をお願い致します。
公演中止以外(ランダムエラー、遅刻、体調不良、座席、本人確認等)でのキャンセル、クレーム、返金は一切お受け致しません。
その際での受取評価はして頂きます。
公演中止の場合のみ規則に従い、返金対応させて頂きます。
上記の内容にご了承頂ける日本人女性のみ購入お願いします。",True,2026-07
5au9e54e4x,1784951568202,naniwa-danshi-nd5,2026-10-27,18:00,ららアリーナ 東京ベイ（LaLa arena TOKYO-BAY）,electronic,female,公演日1日前までにQRコード共有,a,5.0,,QR,2026-07-25 03:52:48,2026-08-27 16:01:18,,listing,1,55000,"QR毎/初期当選/有効期限内名義/着ブロ指定無し/クレカ決済/下3桁提示可
公演日前日の夜にログイン情報を連絡ボードにてお知らせいたします。
入場後は速やかにログアウトしていただき、必ず開演時間までに受け取り通知をお願いいたします。
座席に関するクレーム等は一切受け付けません。
公演中止を除き、ランダムエラー等如何なる場合も返金いたしません。
お取引成立後は如何なる場合も必ず受け取り通知を完了して頂きますのでご了承下さい。
購入いただいた方は上記全てを了承されていると判断いたします。
取引成立後の取引キャンセルも承る事が出来ないのでご了承下さい。
上記の場合も必ず受け取り評価は行って頂きます。",True,2026-07
vp1dvaqc43,1783702351258,naniwa-danshi-nd5,2026-10-27,18:00,ららアリーナ 東京ベイ（LaLa arena TOKYO-BAY）,electronic,female,同行,ぷりん,5.0,,番手,2026-07-10 16:52:31,2026-08-27 16:01:18,,listing,1,55000,"初期当選/2名義中の2番手/重複すり替え無し/有効期限内名義/下3桁提示可/着ブロ希望なし。
ランダムエラー、体調不良、遅刻など
公演中止以外のいかなる場合でも、ご返金は致しかねます。
日本語の通じる、日本人の方のみの
ご購入お願いいたします。
前日に、集合場所など
お伝えいたしますが、
当日連絡のつく、電話番号などの
交換お願いいたします。
その他連絡ボードにて。
上記ご了承頂けた方のみ
ご購入お願いいたします。",True,2026-07
ab8lyu5vnd,1783654672675,naniwa-danshi-nd5,2026-10-27,18:00,ららアリーナ 東京ベイ（LaLa arena TOKYO-BAY）,electronic,female,同行,K,5.0,,同行,2026-07-10 03:37:52,2026-08-27 16:01:18,,listing,1,0,"当方と同行になります。
初期当選/有効期限内/重複無し",True,2026-07
wq860qm2id,1784028510008,naniwa-danshi-nd5,2026-10-27,18:00,ららアリーナ 東京ベイ（LaLa arena TOKYO-BAY）,electronic,female,同行,いちご,5.0,,番手,2026-07-14 11:28:30,2026-08-27 16:01:18,,listing,2,55000,"初期当選 2名義中2番手 有効期限内 下3桁提示可 すり替えなし
💎専用出品にいたしますのでコメントお願いいたします💎
公演当日は会場付近で待ち合わせし、同時入場して頂きます。集合時間、場所はお日にち近くなりましたら、ご連絡いたします。
入場し、当方が座席を選択した後にチケットをお渡しいたしますので、速やかに受取連絡をお願いいたします。
場合によってはQRごとのお譲りになる可能性がございます。
公演中止以外(ランダムエラー、遅刻、体調不良、座席、本人確認等)でのキャンセル、クレーム、返金は一切お受けいたしません。
公演中止の場合のみ規則に従い、返金対応させていただきます。
上記の内容にご了承頂ける日本語の通じる方のみ購入お願いいたします。",True,2026-07
prq0mliakx,1783667518744,naniwa-danshi-nd5,2026-10-27,18:00,ららアリーナ 東京ベイ（LaLa arena TOKYO-BAY）,electronic,female,【2名義中2番手】【すり替えなし】【下3桁提示可能】,n,4.9,,ランダム記載あり,2026-07-10 07:11:58,2026-08-27 16:01:18,,listing,1,48500,"2名義中2番手
すり替えなし 下3桁提示可能 初期当選 有効期限内 着ブロ選択なし
・当日会場付近にてお待ち合わせし、同時入場お願いいたします。
お待ち合せ時間、お待ち合せ場所の詳細は公演当日までに取引メッセージにてご連絡させていただきます。
・入場後は一度チケットを回収し、座席確認の後、2名義中2番手にてチケットをお渡しさせていただきます。
座席確認のためお時間いただく可能性もございますが、入場からチケット受け渡しまでできる限り迅速に対応させていただきます。
・当日は時間厳守で集合をお願いいたします。ご購入者様の遅刻は到着を待たずに入場させていただきます。お時間に余裕を持ってお越しください。
出演者変更、入場時のランダムエラー、本人確認、交通機関の遅延、体調不良、座席などへのクレームでの返金は一切致しかねます。
・代表者として入場していただく可能性がございます。
その場合、QRコードを開いた状態でこちらのスマホ端末をお渡しいたしますので、一律で端末持ち逃げ防止のため一時的に身分証をお預かりさせていただきます。入場後、チケットと端末をお渡し/返却いただくタイミングにて、速やかに身分証を返却いたします。
（ご購入者様の端末をお借りしてログインさせていただく場合もございますのでご承知ください。）
（場合によってはQRごとのお譲りとなる可能性もございます。）
・トラブル防止のため代理購入不可
必ず当日いらっしゃる方が落札をお願いいたします。
・公演中止以外ではいかなる理由でもキャンセル、返金は承れません。",True,2026-07
ksb7tabmjd,1785383284276,naniwa-danshi-nd5,2026-10-27,18:00,ららアリーナ 東京ベイ（LaLa arena TOKYO-BAY）,electronic,female,公演前日にログイン情報提示,りん,5.0,,QR,2026-07-30 03:48:04,2026-08-27 16:01:18,,listing,2,56000,QR毎です。公演の24時間前になりましたらログイン情報を提示しますのでご自身の端末でログインお願いいたします。何か質問等ございましたらご気軽にお尋ねください。ファンクラブ先行、着席座席指定なし,True,2026-07
sold_naniwa-danshi-nd5_1784249940532_55000,1784249940532,naniwa-danshi-nd5,2026-10-27,18:00,ららアリーナ 東京ベイ（LaLa arena TOKYO-BAY）,electronic,female,同行,,,,,2026-07-17 00:59:00,2026-08-27 16:01:18,2026-08-27 07:17:28,sold,1,55000,"当方と同行/初期当選/有効期限内/重複なし

道枝担不可

開場15分前頃に集合し同時入場。
当方がチケットを選択後チケットお渡し。チケットお渡し後はその場で必...",False,2026-07
fyl9m5p500,1783767484380,naniwa-danshi-nd5,2026-10-27,18:00,ららアリーナ 東京ベイ（LaLa arena TOKYO-BAY）,electronic,male,公演前日にQRコード共有,Cookie Monster,5.0,,QR,2026-07-11 10:58:04,2026-08-27 16:01:18,,listing,2,65000,"QRコードでのお譲りです。(重複当選ではございません。)
初期当選です。
好きなアーティストの変更ボタンあり。
郵便物の戻りなし、有効期限内の名義です。
こちらの名義の当選歴は
【2024 +Alpha】【2025 BON BON Voyage】【逆転男子】です。
※公演日当日の本人確認の対応不可です。
※事前に下３桁のご提示可能です。
※公演中止以外の如何なる理由でのお取引きキャンセル、返金対応不可です。(体調不良、交通機関の遅延、ランダムエラー、本人確認等で入場できない場合でも受取通知をお願いいたします。)
※座席に関するクレームは一切お受けできません。
※ファンクラブ会員ページ(登録内容など)閲覧はしないでください。
※公演当日は速やかに会員ページからログアウト、受取通知をお願いいたします。
上記内容にご理解、ご了承いただける方のみお取引きをお願いいたします。",True,2026-07
1ae7jdm5s0,1785124444707,naniwa-danshi-nd5,2026-10-27,18:00,ららアリーナ 東京ベイ（LaLa arena TOKYO-BAY）,electronic,female,公演日前日QRコード共有,退会済みユーザー,5.0,,QR,2026-07-27 03:54:04,2026-08-27 16:01:18,,listing,2,75000,"QR毎/FC初期当選/着ブロ選択なし/有効期限内/過去エラー等なし/FC会員×FC非会員での当選
座席に関するクレームは一切お受けできません。過去当選の座席のご質問にはお答えしかねますが、前回は制作開放当選スタンド名義です。それ以前の座席に関してはお答えいたしません。
交通機関の遅延、ランダムエラー、本人確認等で入場できない場合や体調不良・出演者変更等のキャンセルは一切お受けできません。公演中止の場合のみ手数料を引いた金額を返金させていただきます。公演中止以外の返金対応致しません。",True,2026-07
9dkxu5expx,1785364180817,naniwa-danshi-nd5,2026-10-27,18:00,ららアリーナ 東京ベイ（LaLa arena TOKYO-BAY）,electronic,female,公演日前日にログイン情報お伝え,るん,5.0,,QR,2026-07-29 22:29:40,2026-08-27 16:01:18,,listing,2,95000,"初期当選/有効期限内/女性名義/着ブロ指定なし/下3桁提示可
同行者登録もお願いいたします。
公演中止以外の返金対応不可。ランエラ、黒服からの本確等で退場となった場合や座席に対するクレーム、返金対応は一切出来かねます。
上記のような状態となり着席できなかった場合でも公演開始までに受け取り評価をお願いいたします。
同一クレカ決済なし、郵送物戻りなし。",True,2026-07
jryb7rqdih,1783670255720,naniwa-danshi-nd5,2026-10-27,18:00,ららアリーナ 東京ベイ（LaLa arena TOKYO-BAY）,electronic,female,同行,R,5.0,,同行,2026-07-10 07:57:35,2026-08-27 16:01:18,,listing,1,60000,"当方と同行になります。
初期当選/有効期限内/重複無し
道枝担不可
当日は時間厳守で集合をお願いいたします。ご購入者様の遅刻は到着を待たずに入場させていただきます。お時間に余裕を持ってお越しください。
出演者変更、入場時のランダムエラー、本人確認、交通機関の遅延、体調不良、座席などへのクレームでの返金は一切致しかねます。
トラブル防止のため代理購入不可
必ず当日いらっしゃる方が落札をお願いいたします。
公演中止以外ではいかなる理由でもキャンセル、返金は承れません。
最後まで丁寧なお取引を心がけます。
よろしくお願いいたします。",True,2026-07
sold_naniwa-danshi-nd5_1783738231011_50000,1783738231011,naniwa-danshi-nd5,2026-10-27,18:00,ららアリーナ 東京ベイ（LaLa arena TOKYO-BAY）,electronic,female,公演前日にログイン情報お知らせします,,,,,2026-07-11 02:50:31,2026-08-27 16:01:18,2026-08-27 07:17:28,sold,1,50000,"初期当選すり替え重複なしOR毎下３桁提示可能
有効期限内公演中止のみ返金対応します。
成人日本人女性でお願いします。",False,2026-07
c999mnz376,1784428052388,naniwa-danshi-nd5,2026-10-27,18:00,ららアリーナ 東京ベイ（LaLa arena TOKYO-BAY）,electronic,female,2番手中2番手,𝓑,5.0,,番手,2026-07-19 02:27:32,2026-08-27 16:01:18,,listing,2,65000,"【ご購入希望の方はプラベルに変更しますのでコメントよろしくお願い致します。】
2名義中2番手
すり替えなし／下3桁提示可／初期当選／有効期限内／着ブロ選択なし／サイチェン可
・当日会場付近にてお待ち合わせし、同時入場お願いいたします。
お待ち合せ時間、お待ち合せ場所の詳細は公演当日までに取引メッセージにてご連絡させていただきます。
・当日入場時のみお連れ様と分かれてご入場いただきますが、必ず連番のチケットをお渡しいたします。同時入場後、座席確認のためお時間いただく可能性もございますが、入場からチケット受け渡しまでできる限り迅速に対応させていただきます。当方が座席選択後、選ばなかった方のチケットをお渡ししますので、その際にその場で受け取り評価をお願いいたします。
・当日は時間厳守で集合をお願いいたします。ご購入者様の遅刻は到着を待たずに入場させていただきます。お時間に余裕を持ってお越しください。
出演者変更、入場時のランダムエラー、本人確認、交通機関の遅延、体調不良、座席などへのクレームでの返金は一切致しかねます。
・トラブル防止のため代理購入不可
必ず当日いらっしゃる方が落札をお願いいたします。
・公演中止以外ではいかなる理由でもキャンセル、返金は承れません。
・上記の内容を全てご理解いただいた上で、日本語の通じる女性のみご購入をお願いいたします。
ご不明点ございましたら気軽にコメントしてください。",True,2026-07
sold_naniwa-danshi-nd5_1783651018278_75000,1783651018278,naniwa-danshi-nd5,2026-10-28,15:00,ららアリーナ 東京ベイ（LaLa arena TOKYO-BAY）,electronic,female,QR毎,,,,,2026-07-10 02:36:58,2026-08-27 16:01:18,2026-08-27 07:17:28,sold,2,75000,"QR毎/初期当選/重複すり替えなし/着ブロ希望なし/下3桁提示可能｜有効期限内/発送物戻りなし

公演前日夜にログインに必要な情報をお伝えします。
同行者の同意...",False,2026-07
opm7xo4awp,1784168755531,naniwa-danshi-nd5,2026-10-28,15:00,ららアリーナ 東京ベイ（LaLa arena TOKYO-BAY）,electronic,female,ログイン情報共有,krm_308@yahoo.co.jp,5.0,,QR,2026-07-16 02:25:55,2026-08-27 16:01:18,,listing,2,85000,"QR毎/下3桁提示可能/すり替えなし/有効期限内
公演前日までにログインに必要な情報をお伝えします。
代表者の同意チェックはご購入者様自身でお願いいたします。
当日は速やかにログアウト･受取報告をお願いいたします。
体調不良・ランダムエラー・本人確認等、如何なる場合にもご返金はいたしかねますのでご了承ください。
公演中止の場合のみ手数料を引いた金額を返金します。
日本語で円滑なお取引が可能な成人済み女性のみご購入お願いいたします。",True,2026-07
sold_naniwa-danshi-nd5_1783670685222_85000,1783670685222,naniwa-danshi-nd5,2026-10-28,15:00,ららアリーナ 東京ベイ（LaLa arena TOKYO-BAY）,electronic,female,FC先行/QRごと/着ブロなし/重複すりかえなし/下3桁提示可能,,,,,2026-07-10 08:04:45,2026-08-27 16:01:18,2026-08-27 07:17:28,sold,1,85000,"・公演前日にログイン情報をお伝えいたします。
・QRコードが上手く表示されない・赤線エラー等、購入者様都合の同行者登録失敗による返金クレームは一切受け付けません...",False,2026-07
e72q6koo3n,1784163127607,naniwa-danshi-nd5,2026-10-28,15:00,ららアリーナ 東京ベイ（LaLa arena TOKYO-BAY）,electronic,female,2名義中2番手,あ,5.0,,番手,2026-07-16 00:52:07,2026-08-27 16:01:18,,listing,2,30000,"2名義中2番手/有効期限内/すり替えなし/下3桁提示可能/初期当選名義
サイト3.0/枚＋当日手渡し4.0/枚
・当方の手数料はご負担いただきますので、ご了承ください。
・プライベート出品でも可能ですので、その際はコメントよろしくお願いいたします。
・当日は会場付近にて待ち合わせのうえ、同時入場いたします。集合時間・集合場所の詳細は取引メッセージにてご連絡いたします。指定時間までにお越しいただけない場合は、先に入場させていただく場合がございます。その場合でも必ず受取評価をお願いいたします。
・入場後は一度チケットを回収し座席選択後にチケットをお渡しいたします。チケット受取後、その場で速やかに受取評価をお願いいたします。
・座席に関するクレーム等は一切お受けできません。
・購入者様都合でのキャンセル・返金は一切お受けできません。公演中止の場合を除き、ランダムエラー、本人確認等如何なる理由でも返金対応いたしません。
・スムーズに連絡が取れる方、日本語が話せる18歳以上の方のみご購入お願いいたします。
・ご購入いただいた場合は、上記の内容をご確認・ご了承いただいたものとしてお取引を進めさせていただきます。",True,2026-07
visvkuiuqu,1783675757098,naniwa-danshi-nd5,2026-10-28,15:00,ららアリーナ 東京ベイ（LaLa arena TOKYO-BAY）,electronic,female,同時入場,なっち,5.0,,番手,2026-07-10 09:29:17,2026-08-27 16:01:18,,listing,2,70000,"【6名義中6番手】すり替えなし/下3桁開示可能/有効期限内
公演日当日、開場時間30~40分前待ち合わせ予定。詳しい場所と時間は連絡ボードにて連絡します。
同時入場後に1度チケットを回収させて頂き、こちらが座席選択後にチケットを配布いたします。
・体調不良、エラー等、公演中止以外の返金は致しかねますのでご了承ください。
・遅刻等された場合も受け取り連絡して頂きますので、お時間に余裕を持ってお越しください。
・お座席に関するクレームは受け付けません。
上記を全て同意した方のみご購入よろしくお願い致します。",True,2026-07
ctv3fej91d,1783827276816,naniwa-danshi-nd5,2026-10-28,15:00,ららアリーナ 東京ベイ（LaLa arena TOKYO-BAY）,electronic,female,QRコードのため当日発券時まで座席未定,n,4.9,,ランダム記載あり,2026-07-12 03:34:36,2026-08-27 16:01:18,,listing,1,47500,"★初心者の方、初めての方でも丁寧に説明させていただきます。安心いただけるお取引を心がけます。
★少人数集合（2〜4人予定）
大人数が苦手な方も安心してご購入いただけます。
・当日会場付近にてお待ち合わせし、同時入場をお願いいたします。
お待ち合せ時間/お待ち合せ場所の詳細は公演当日までに取引メッセージにてご連絡させていただきます。
・入場後は一度チケットを回収し、当方にて座席決定次第チケットをお渡しさせていただきます。
座席確認のためお時間いただく可能性もございます。
・当日は時間厳守で集合をお願いいたします。ご購入者様の遅刻は到着を待たずに入場させていただきます。お時間に余裕を持ってお越しください。
出演者変更、入場時のランダムエラー、本人確認、交通機関の遅延、体調不良、座席などへのクレームでの返金は一切致しかねます。
・代表者として入場していただく可能性がございます。
その場合、QRコードを開いた状態でこちらのスマホ端末をお渡しいたしますので、一律で端末持ち逃げ防止のため一時的に身分証をお預かりさせていただきます。入場後、チケットと端末をお渡し/返却いただくタイミングにて、速やかに身分証を返却いたします。
（ご購入者様の端末をお借りしてログインさせていただく場合もございますのでご承知ください。）
（QRコードごとのお譲りとなる可能性もございます。）
・トラブル防止のため代理購入不可
必ず当日いらっしゃる方が落札をお願いいたします。
・公演中止以外ではいかなる理由でもキャンセル、返金は承れません。
最後まで丁寧なお取引を心がけます。
よろしくお願いいたします。",True,2026-07
mpbnlrb2i3,1785394205043,naniwa-danshi-nd5,2026-10-28,15:00,ららアリーナ 東京ベイ（LaLa arena TOKYO-BAY）,electronic,female,同行,れ,5.0,,同行番手,2026-07-30 06:50:05,2026-08-27 16:01:18,,listing,2,55000,"FC先行/初期当選/すり替えなし/期限内/4名義中4番手/下3桁提示可
プラベル出品に切り替えます。
またゲートによりQR毎の可能性もありますが現地集合のみとなります。
公演当日は会場付近に集合し同時入場後、チケットを回収致します。
ご購入者様で座席を選択していただくことはできかねますので、ご了承ください。
集合予定は開演1時間前とさせていただきますが、臨機応変に対応お願いいたします必ず指定のお時間に遅れずに来て頂ける方のみご購入をお願いいたします交通機関遅延等含め遅れて来られた場合は入場できない可能性もございます。その場合にも返金やキャンセル等の対応は一切致しませんお座席を選ばせて頂く際、お待たせする可能性がございます発券後一度解散し、再度こちらの指定場所にお集まり頂きますチケットお渡しの際にその場で受け取り通知をお願いいたします。電波の悪い場合でも受け取り連絡して頂けるまでチケットをお渡し致しません。座席に関してのクレーム等は一切受け付けません。また集合時間未定の為お時間に余裕がある方のみお願いいたしますシステムエラー、ランダムエラー、検温、体調不良、交通機関でのトラブルや本人確認等で入場ができない場合、また入場後の本人確認があった場合、いかなる事情でも返金やキャンセル等対応致しかねます。必ず受け取り通知をしていただきますので予めご了承下さい。
発券に協力していただく場合もあります代理購入はトラブル回避の為お控えください。公演当日、必ず購入されたご本人様がお越し頂きますようお願いいたします
公演当日スムーズに行うためこちらからの連絡を待たずに購入後当日の連絡のつく番号とお名前のお伝えお願いいたします。
代理購入はトラブル回避の為お控えください。公演当日、必ず購入されたご本人様がお越し頂きますようお願い致します落札はスムーズに連絡が取れる方、および日本人女性のみでお願い致します。
ご購入された時点で上記内容について全て了承頂いたものとみなします名義に関するご質問、お問い合わせには回答致しません
また盗撮や録音その他マナー違反はお辞め下さい",True,2026-07
s99p2fun75,1783672673567,naniwa-danshi-nd5,2026-10-28,15:00,ららアリーナ 東京ベイ（LaLa arena TOKYO-BAY）,electronic,female,同行,なっち,5.0,,同行ランダム,2026-07-10 08:37:53,2026-08-27 16:01:18,,listing,1,58000,"【ランダム配布】【初期当選】【有効期限内】
公演日当日、開場時間の30〜40分前待ち合わせ予定。詳しい場所と時間は連絡ボードにて連絡します。
同時入場後に1度チケットを回収させて頂き、こちらが座席選択後にチケットをランダムで配布いたします。
座席確認のため、1度解散し、再集合とさせて頂きますのでご了承ください。
・チケットのお渡しは開演10分前予定です。
・体調不良、エラー等、公演中止以外の返金は致しかねますのでご了承ください。
・遅刻等された場合も受け取り連絡して頂きますので、お時間に余裕を持ってお越しください。
・お座席に関するクレームは受け付けません。
上記を全て同意した方のみご購入よろしくお願い致します。",True,2026-07
sdergxgxf3,1784017500439,naniwa-danshi-nd5,2026-10-28,15:00,ららアリーナ 東京ベイ（LaLa arena TOKYO-BAY）,paper,female,当日手渡し,S,5.0,,番手,2026-07-14 08:25:00,2026-08-27 16:01:18,,listing,2,40000,"⭐️3名義中2番手⭐️
初期当選/すり替えなし/下3桁提示可/有効期限内
即8.5
集合場所時間等は、公演前までに連絡ボードでお伝え致します。
同時入場後に1度チケットを回収させて頂き、当方が座席選択後にチケットをお選び頂きお渡しいたします。
交通機関の乱れ、体調不良、エラー等、公演中止以外の返金は致しかねますのでご了承ください。
当日は時間厳守でおねがいいたします。遅刻等された場合も受け取り連絡して頂きますので、お時間に余裕を持ってお越しください。
お席に関するクレームは一切受け付けません。",True,2026-07
a4nig98glq,1785334310317,naniwa-danshi-nd5,2026-10-28,15:00,ららアリーナ 東京ベイ（LaLa arena TOKYO-BAY）,electronic,female,公演日当日までにQRコード共有,あ,5.0,,QR,2026-07-29 14:11:50,2026-08-27 16:01:18,,listing,1,65000,"QR毎/初期当選/すり替えなし/着ブロ希望なし/下3桁提示可/有効期限内/エラーなし/発送物戻りなし
プラベル移行予定
・公演前日夜にログインに必要な情報をお伝えします。同意チェックは買い手様ご自身でお願いします。
・当日は、入場後速やかにログアウトと受取報告をお願いいたします。
・サイチェン不可。座席に関するクレームは一切受け付けません。名義を傷つける行為をしない方。
・公演中止の場合のみ手数料を引いた金額を返金いたします。
体調不良・交通機関の乱れ・メンバー不在・本人確認やランダムエラー等で入場できなかった場合でも、必ず受け取りはしていただきます。また、入場後に退場になった場合も含めいかなる場合もキャンセル返金はいたしません。
購入された時点で了承いただけたものとします。",True,2026-07
6bwcg5n1jr,1784028757609,naniwa-danshi-nd5,2026-10-28,15:00,ららアリーナ 東京ベイ（LaLa arena TOKYO-BAY）,electronic,female,同行,いちご,5.0,,番手,2026-07-14 11:32:37,2026-08-27 16:01:18,,listing,2,77000,"初期当選 3名義中2番手 有効期限内 下3桁提示可 すり替えなし
💎専用出品にいたしますのでコメントお願いいたします💎
公演当日は会場付近で待ち合わせし、同時入場して頂きます。集合時間、場所はお日にち近くなりましたら、ご連絡いたします。
入場し、当方が座席を選択した後にチケットを残り2名義分よりお選びください。お選び後速やかに受取連絡をお願いいたします。
場合によってはQRごとのお譲りになる可能性がございます。
公演中止以外(ランダムエラー、遅刻、体調不良、座席、本人確認等)でのキャンセル、クレーム、返金は一切お受けいたしません。
公演中止の場合のみ規則に従い、返金対応させていただきます。
上記の内容にご了承頂ける日本語の通じる方のみ購入お願いいたします。",True,2026-07
sold_naniwa-danshi-nd5_1783685090591_79000,1783685090591,naniwa-danshi-nd5,2026-10-28,15:00,ららアリーナ 東京ベイ（LaLa arena TOKYO-BAY）,electronic,female,ログイン情報,,,,,2026-07-10 12:04:50,2026-08-27 16:01:18,2026-08-27 07:17:28,sold,2,79000,２連QRごと/すり替えなし/初期当選/当選名義下３桁提示/有効期限内/Pay-easy入金/着ブロ指定なし/サイチェン可/変更ボタン全てあり/郵便物戻りなし/過...,False,2026-07
bc2ymyo4er,1785506717144,naniwa-danshi-nd5,2026-10-28,15:00,ららアリーナ 東京ベイ（LaLa arena TOKYO-BAY）,electronic,female,指定席のみ 3名義ランダム(残り1),た,5.0,,ランダム,2026-07-31 14:05:17,2026-08-27 16:01:18,,listing,2,50000,"⭐️プラベルにてお取引させていただく為、ご購入希望の方はメッセージをお願いいたします⭐️
⭐️指定席のみの少人数ランダム⭐️
チケットはランダムで配布します。落札者様はチケットをお選びいただけません。
・入場後、全てのチケットを回収し、複数チケットから座席を選びますので、お時間を頂く場合がございます。予めご了承下さい。チケット配布までのお時間は自由にして頂いて構いません。必ず開演前までにチケットをお渡ししますが、早めにチケットが欲しい方はご購入をお控えください。
・当日の集合場所と集合時間は公演前日までに連絡いたします。
・集合時間に余裕を持ってお集まりください。10分以上の遅刻は待たずに入場致します。その場合でも必ず受取連絡はして頂きます。
・本人確認やエラー表示などで入場できなかった場合の保証は致しかねます。予めご理解いただいた上でのご購入をよろしくお願いいたします。
・QRコードのログインをお願いする場合がございますのでスマートフォンなど QRコード表示に差し支えのないものでご来場ください。
・主催者都合による公演中止の際は、チケットサイトの規約に則って自動キャンセル手続きに従いますが、体調不良、出演者変更や不在、交通機関の乱れなど、いかなる場合もキャンセルはお受けできません。
※公演当日も含めお取引が完了するまでこまめに連絡が取れる方
※取引時、電話番号を教えていただきます
※トラブル防止の為、代理購入不可
※マナー違反等ない方、20歳以上の日本人女性の方でお願いいたします
上記記載にご納得、ご了承いただける方のみご購入ください。",True,2026-07
q4rgq2gwqq,1785506089011,naniwa-danshi-nd5,2026-10-28,15:00,ららアリーナ 東京ベイ（LaLa arena TOKYO-BAY）,electronic,female,3名義中3番手 すり替えなし,た,5.0,,番手,2026-07-31 13:54:49,2026-08-27 16:01:18,,listing,2,55000,"3名義中3番手⭐️プラベルにてお取引させていただくため、ご購入希望の方はメッセージをお願いいたします⭐️
3名義中3番手/初期当選/着ブロ指定なし/全てコンビニ決済/有効期限内/下3桁提示可/すり替えなし
公演当日会場付近で集合し、同時入場させていただきます。 集合場所、時間等は公演日が近づきましたらご連絡いたします。時間厳守の為、遅刻された場合でも受取連絡はして頂きます。
ご入場時、端末をお借りしてチケット発券にご協力いただく場合やお連れ様と別々の入場をお願いする可能性もございますが、チケットは必ず連番でお渡しいたします。その際、身分証をお預かりする事がございます。予めご了承ください。
入場後1度チケットを回収し、座席選択後3番手のチケットをお渡しする形となります。座席選択の為、チケットお渡しまでにお時間頂く可能性もございます。 チケットをお渡ししましたら、その場で受取連絡をお願いいたします。座席についてのクレームは一切受け付けておりません。
⚠️公演中止以外のキャンセル、返金は如何なる場合でも対応出来かねます。 以上ご理解頂ける成人・日本人女性の方のみお願いいたします。 ⚠️
公演中止の場合のみ、手数料を差し引いた金額を返金いたします。",True,2026-07
dnx6qz1cx5,1783675121013,naniwa-danshi-nd5,2026-10-28,15:00,ららアリーナ 東京ベイ（LaLa arena TOKYO-BAY）,electronic,female,公演前日にログイン情報の共有,あ,5.0,,QR,2026-07-10 09:18:41,2026-08-27 16:01:18,,listing,2,71000,"QR毎/初期当選/重複すり替えなし/着ブロ希望なし/希望があれば下3桁提示可/公演当日有効期限内/発送物戻りなし/本確対応不可
★過去当選歴なし(2024年入会、アリツアのみ毎年申し込みをし落選していました)
・公演前日の23:59までにログインに必要な情報をお伝えします。同行者の同意チェックは当方で行ってからのログイン情報のお渡しとなります。
・当日は、発券機によるQR読み取り後、速やかにログアウト･受取報告をお願いいたします。開演時間になったらパスワードを変更します。
・座席未定につき、万が一立ち見だった場合を含め座席に関するクレームや返金は一切受け付けません。申し込み同行者は一般です。
・公演中止の場合のみ手数料を引いた金額を返金します。
・その他、体調不良･交通機関の乱れ･メンバー不在や、本人確認･ランダムエラーを含む何らかのエラー等で入場できなかったなど、如何なる場合も必ず受け取りしていただきます。また、入場後に本人確認等で退場になった場合も含めていかなる場合もキャンセル･返金はできません。
ランダムエラーが心配な方はチケテンの保証に入っていただきますようお願いいたします。
購入された時点で了承いただけたものとします。
・係員にチケット半券を回収されるタイミングでの退場をしない方。
・同住所他FCを含め過去に郵送物戻り、誓約書、未入場、入金流し、連結うちわによる席番控えなどの問題が起きたことはありません。
上記を全てご了承いただける方のみご購入ください。
気になる点がある方はお気軽にお問い合わせください。",True,2026-07
sold_naniwa-danshi-nd5_1783680181811_75000,1783680181811,naniwa-danshi-nd5,2026-10-28,15:00,ららアリーナ 東京ベイ（LaLa arena TOKYO-BAY）,electronic,female,QRコード,,,,,2026-07-10 10:43:01,2026-08-27 16:01:18,2026-08-27 07:17:28,sold,2,75000,"FC先行 座席未定／QR／初期当選／着ブロ指定なし／下3桁提示可能／有効期限内
入金完了した時点で会員番号下3桁提示致します。
・公演日前日に必要な情報をお伝え...",False,2026-07
sold_naniwa-danshi-nd5_1783661735688_73000,1783661735688,naniwa-danshi-nd5,2026-10-28,15:00,ららアリーナ 東京ベイ（LaLa arena TOKYO-BAY）,electronic,female,公演日前日に情報共有,,,,,2026-07-10 05:35:35,2026-08-27 16:01:18,2026-08-27 07:17:28,sold,2,73000,"＊有効期限内/すり替えなし/下3桁提示可能/郵便物戻りなし/エラー履歴なし

・本人確認やランダムエラー、出演者変更、体調不良、交通機関の遅延等のいかなる理由が...",False,2026-07
sgbyjv6uuh,1783680379429,naniwa-danshi-nd5,2026-10-28,15:00,ららアリーナ 東京ベイ（LaLa arena TOKYO-BAY）,electronic,female,公演日前日にログイン情報共有,S,5.0,,QR,2026-07-10 10:46:19,2026-08-27 16:01:18,,listing,1,100000,"初期当選、下3桁提示可、有効期限内
過去ランダムエラー報告なし
公演中止以外、いかなる理由もキャンセル・返金不可。公演中止の場合はサイトを通して手数料引いた分返金いたします。",True,2026-07
sold_naniwa-danshi-nd5_1785198601650_50000,1785198601650,naniwa-danshi-nd5,2026-10-28,15:00,ららアリーナ 東京ベイ（LaLa arena TOKYO-BAY）,electronic,female,当日,,,,,2026-07-28 00:30:01,2026-08-27 16:01:18,2026-08-27 07:17:28,sold,1,50000,"当方と同行となります。

自名義/初期当選/有効期限内/すり替えなし/下3桁提示可/サイチェン可能

自名義当選のため本人確認対応可です。

・公演当日は指定の...",False,2026-07
o1q7dpix77,1784814192280,naniwa-danshi-nd5,2026-10-28,15:00,ららアリーナ 東京ベイ（LaLa arena TOKYO-BAY）,electronic,female,同行,ぴ,5.0,,ランダム,2026-07-23 13:43:12,2026-08-27 16:01:18,,listing,1,48000,"FC先行 座席未定｜初期当選｜有効期限内／少人数ランダム｜サイチェン可能｜担当不問｜【指定席のみ】
少人数ランダムのため、入場後こちらが席を選び終えましたらそのままお渡しする場合もございます。
公演当日は開場30分前に集合お願いします。
詳細はご入金後にマイページの連絡ボードでお知らせします。
同時入場後は1度チケットを回収し、こちらが座席選択を終えましたらチケットをお渡しします。
その間催促はお控えください。
購入者様に座席選択権はございません。
お渡しまで多少お時間をいただく場合もございますが、なるべく早くお渡しできるよう努めます。
お渡し時に受け取り手続きをお願いします。
座席未定のため座席に関するクレームは受け付けません。
公演中止時のみ手数料引いた金額を返金します。
ランダムエラーや遅延、遅刻、出演者変更等あっても公演中止以外のいかなる理由でも返金は不可です。
受け取り手続きはしていただきます。
代理購入はお控えください。
全てご了承いただける日本語で意思疎通ができる成人済みの女性のみご購入ください。",True,2026-07
pepb2nn3hk,1783685236731,naniwa-danshi-nd5,2026-10-28,15:00,ららアリーナ 東京ベイ（LaLa arena TOKYO-BAY）,electronic,female,同行,ぴ,5.0,,同行,2026-07-10 12:07:16,2026-08-27 16:01:18,,listing,1,80000,"FC先行/初期当選/座席未定/2連中1枚/有効期限内/重複すり替えなし/下3桁提示可/着ブロ指定なし
公演当日、会場付近にて待ち合わせをお願いします。詳しい待ち合わせ場所時間等は前日までにメッセージにてお知らせします。当方と同時入場していただき、入場後速やかに入場報告をお願い致します。入場後一度チケットを回収し2連中の1枚をこちらが選んだあとチケットをお渡し致します。
本人確認、ランダムエラー、遅刻、メンバー欠席等いかなる場合でも返金対応は致しかねますのでご了承下さい。公演中止の際は手数料を差し引いた金額を返金させていただきます。
上記の内容を理解していただき、迅速な対応をしていただける日本人女性のみでお願い致します。",True,2026-07
lgse5bl150,1783785991789,naniwa-danshi-nd5,2026-10-28,15:00,ららアリーナ 東京ベイ（LaLa arena TOKYO-BAY）,electronic,female,公演前日にログイン情報共有,Ｊ,5.0,,QR,2026-07-11 16:06:31,2026-08-27 16:01:18,,listing,2,79000,"２連QRごと/すり替えなし/初期当選/当選名義下３桁提示/有効期限内/Pay-easy入金/着ブロ指定なし/サイチェン可/変更ボタン全てあり/郵便物戻りなし/過去エラーなし/本人確認不可
＊プラベル出品可
＊取引成立後すぐに当選名義会員No.下３桁をお教えいたします。
＊公演前日18時以降に同行者の入場チェック完了次第、ログイン情報をお教えいたします。
＊入場チェックはご購入者様が行い、初めてQR表示になりますので重複売りのご心配はございません。
＊入場後は速やかにログアウトし、受取完了報告をお願いいたします。
＊公演中止の際は、チケテン事務局に取引キャンセル依頼をさせていただきます。",True,2026-07
7imlhfx5rl,1785392825308,naniwa-danshi-nd5,2026-10-28,15:00,ららアリーナ 東京ベイ（LaLa arena TOKYO-BAY）,electronic,female,同行,し,5.0,,同行,2026-07-30 06:27:05,2026-08-27 16:01:18,,listing,1,78000,"重複すり替えなし/初期当選/有効期限内/下3桁提示可/大橋担不可/連番内での座席選択不可/サイチェン不可
開場時間に集合予定
公演中止・延期以外のいかなる場合もキャンセル返金不可です
プラベルにて出品いたしますので、購入希望の方はメッセージをお送りください",True,2026-07
tgbyop3kc5,1785083812736,naniwa-danshi-nd5,2026-10-28,15:00,ららアリーナ 東京ベイ（LaLa arena TOKYO-BAY）,electronic,female,公演前日までにログイン情報共有,m,5.0,,QR,2026-07-26 16:36:52,2026-08-27 16:01:18,,listing,2,70000,"QR毎/初期当選/重複すり替えなし/下3桁提提示可/有効期限内
前回当選：+Alpha→上段
公演前日にログイン情報お伝えいたします。
入場後は速やかにログアウトお願いいたします。受け取り評価は開演前までにお願いいたします。
取引確定後はいかなる場合もキャンセル＆返金対応不可です。必ず受け取り評価をお願いいたします。",True,2026-07
jkv0x894xf,1785482850192,naniwa-danshi-nd5,2026-10-28,15:00,ららアリーナ 東京ベイ（LaLa arena TOKYO-BAY）,electronic,female,公演前日にログイン情報お伝え,我愛羅,5.0,,QR,2026-07-31 07:27:30,2026-08-27 16:01:18,,listing,2,77000,"QR毎/初期当選/重複すり替えなし/着ブロ希望なし/下3桁提示可/有効期限内/同一カード支払いなし/郵便物戻りなし
・公演前日夜にログインに必要な情報をお伝えします。
※QR表示に必要以外の閲覧はご遠慮ください。
・同行者登録は購入者様ご自身でお願いいたします。ご希望であればこちらが対応いまします。
・入場後速やかにログアウトし、必ず受取報告をお願いいたします。
・座席に関するクレームは一切受け付けません。
・サイチェン不可
※名義を傷つける行為は一切禁止で厳守お願いします。
※万一なにかありましたら必ずご報告お願いします。
・公演中止の場合のみ手数料を引いた金額を返金いたします。
・購入者、同行者の体調不良、交通機関の乱れ、メンバー不在、本人確認やランダムエラー等で入場できない、入場後退場となった場合なども必ず受け取りはしていただき、購入後公演中止以外のいかなる理由であれキャンセル返金はいたしません。
購入された時点で了承いただけたものとしますのでご理解ください。",True,2026-07
wmpydc82hz,1783680497303,naniwa-danshi-nd5,2026-10-28,15:00,ららアリーナ 東京ベイ（LaLa arena TOKYO-BAY）,electronic,female,同行,★,5.0,,ランダム,2026-07-10 10:48:17,2026-08-27 16:01:18,,listing,1,50000,"複数名義のランダム配布となります。同時入場後チケットを回収しこちらが選ばなかった座席をランダムにてお渡し致します。買い手様の座席選択権は一切ございません。チケットお渡しまでにお時間がかかる場合がございます。座席やお時間に関するクレームは受け付けません。開演10分前にはチケットをお渡し致します。
公演当日は開場15分前に会場付近にて待ち合わせをお願いします。時間厳守となりますので万が一遅刻された場合は先に入場いたします。その場合も受け取り連絡はしていただきますのでご了承ください。詳しい待ち合わせ時間と場所は公演日前日または当日に連絡ボードにてご連絡致します。当日は電波が悪い可能性がございますのでご購入後は電話番号のご提示をお願いいたします。
公演中止以外での返金は如何なる理由でも一切いたしません。ランダムエラー、遅刻、体調不良、交通遅延、本人確認等の場合もキャンセルは不可となります。
すべてご理解いただける日本人女性の方のみご購入ください。",True,2026-07
sold_naniwa-danshi-nd5_1783659461958_75000,1783659461958,naniwa-danshi-nd5,2026-10-28,15:00,ららアリーナ 東京ベイ（LaLa arena TOKYO-BAY）,electronic,female,公演日3日前までに情報共有,,,,,2026-07-10 04:57:41,2026-08-27 16:01:18,2026-08-27 07:17:28,sold,2,75000,"QR毎2連
有効期限内/すり替えなし/下3桁提示可能/サイチェン可/同行者登録可
＊公演中止以外の返金、キャンセル（ランダムエラー、交通機関の遅延等）対応はいた...",False,2026-07
yzskrfhbjd,1784435507955,naniwa-danshi-nd5,2026-10-28,15:00,ららアリーナ 東京ベイ（LaLa arena TOKYO-BAY）,electronic,female,公演前日にログイン情報共有,S,5.0,,QR,2026-07-19 04:31:47,2026-08-27 16:01:18,,listing,2,80000,"QR毎/会員×会員/初期当選/下3桁提示可/重複すり替えなし/有効期限内/着ブロ希望なし/発送物戻りなし
公演前日にログイン情報をお伝えいたします。
同行者も会員のため同行者の同意チェックのみ当日午前中までにこちらでさせていただきます。代表者の同意チェックはログイン情報共有後ご自身でお願いいたします。
入場後は速やかにログアウトし受取通知をお願いいたします。
購入後のキャンセル、座席に対するクレームは受付けません。
公演中止の際は手数料を差し引いた金額をご返金いたします。
ランダムエラー、本人確認等の公演中止以外の理由での返金は一切いたしません。
日本語の通じる女性のみご購入お願いいたします。
上記内容に全て同意いただける方のみご購入ください。",True,2026-07
e2jkxl8qg7,1783662415422,naniwa-danshi-nd5,2026-10-28,15:00,ららアリーナ 東京ベイ（LaLa arena TOKYO-BAY）,electronic,female,同行,Y,5.0,,同行,2026-07-10 05:46:55,2026-08-27 16:01:18,,listing,2,75000,"FC先行 ファンクラブ先行 座席未定 重複なし 着ブロ希望なし 同一クレカ決済なし サイチェン可
当方と同行チケットのお譲りです。
主催側からの公演中止のみ返金いたしますが、それ以外の場合は対応しかねますのでご了承ください。",True,2026-07
ltam6w1s4v,1783995465991,naniwa-danshi-nd5,2026-10-28,15:00,ららアリーナ 東京ベイ（LaLa arena TOKYO-BAY）,electronic,female,公演日前日にQRコード共有,A,5.0,,QR,2026-07-14 02:17:45,2026-08-27 16:01:18,,listing,1,80000,"QR毎/初期当選/過去ランダムエラーなし/重複すり替えなし/着ブロ希望なし/下3桁提示可能｜有効期限内/発送物戻りなし
ジュニア名義から引き継いだ名義（道枝名義をそのままジュニアから引き継ぎ）
当落履歴など質問あれば答えれる範囲でお答えします。
公演前日夜にログインに必要な情報をお伝えします。
代表者の同意チェックはご購入者様自身でお願いいたします。
当日は速やかにログアウト･受取報告をお願いいたします。
座席に関するクレームや返金は一切受け付けません。
公演中止の場合のみ手数料を引いた金額を返金します。
その他、体調不良･交通機関の乱れ･メンバー不在･本人確認･ランダムエラーで入場できなかったなど、如何なる場合も必ず受け取りはしていただき、キャンセル･返金できません。
購入された時点で了承いただけたものとします。",True,2026-07
4a30u6o37w,1783683622597,naniwa-danshi-nd5,2026-10-28,15:00,ららアリーナ 東京ベイ（LaLa arena TOKYO-BAY）,electronic,female,公演日1日以内にQRコード共有,ななな,5.0,,QR,2026-07-10 11:40:22,2026-08-27 16:01:18,,listing,1,85000,"QR毎/初期当選/重複すり替えなし/着ブロ希望なし/下3桁提示可能｜有効期限内/発送物戻りなし
藤原名義　ファンクラブ発足時名義
公演前日夜にログインに必要な情報をお伝えします。
代表者の同意チェックはご購入者様自身でお願いいたします。
当日は速やかにログアウト･受取報告をお願いいたします。
座席に関するクレームや返金は一切受け付けません。
公演中止の場合のみ手数料を引いた金額を返金します。
その他、体調不良･交通機関の乱れ･メンバー不在･本人確認･ランダムエラーで入場できなかったなど、如何なる場合も必ず受け取りはしていただき、キャンセル･返金できません。
購入された時点で了承いただけたものとします。",True,2026-07
d3k229ehcp,1783651379426,naniwa-danshi-nd5,2026-10-28,15:00,ららアリーナ 東京ベイ（LaLa arena TOKYO-BAY）,electronic,female,同時入場,か,5.0,,ランダム,2026-07-10 02:42:59,2026-08-27 16:01:18,,listing,1,75000,"初期当選、リセール、制作開放、一般からのランダム配布 買い手様の座席選択権なし
ランダムエラー含むいかなる場合も主催者側の公演中止以外でのキャンセル、返金一切不可
本人確認などで開演までに途中退場などがあった場合でも返金不可
合流時に受け取り評価して頂きます。ご了承ください。
入場後チケットをお渡しするまでお時間を頂戴します（開演までのお渡し）座席に関するクレーム一切受け付けません
上記理解された上
13:30までに集合できる方のみご購入ください
交通機関の影響含むいかなる場合も14:00になると入場します。",True,2026-07
p1jvv69zco,1783865660461,naniwa-danshi-nd5,2026-10-28,15:00,ららアリーナ 東京ベイ（LaLa arena TOKYO-BAY）,electronic,female,同行,ゆ,5.0,,番手,2026-07-12 14:14:20,2026-08-27 16:01:18,,listing,1,70000,"2名義中3番手(2連.単番) 3枚中3枚目のお譲り
初期当選/すり替え無し/下3桁提示可/有効期限内/発送物戻り無し/エラー無し/2名義共最終当選歴スタンド
プラベル対応可
ゲートが分かれた際はQR毎のお譲りになる可能性もあります。
当日待ち合わせし、端末お借りしますのでログイン情報を入力させて頂きます。
キャンセル防止の為、ゲートお伝え不可
集合時間場所等は、公演日前日までに連絡ボードにてお伝えいたします。
チケットと引き換えに、受取連絡をお願いいたします。
座席に関するクレームは一切受け付けません。
サイチェンは可能ですが、名義に傷がつかない範囲でお願いいたします。
当日は時間厳守でお願いいたします。
遅刻等で待ち合わせ時間に間に合わなかった場合でも受取連絡はしていただきますのでご了承ください。
公演中止以外でのランダムエラー、席種、立ち見、本人確認、体調不良、担当不在、交通機関の乱れいかなる場合でも返金キャンセル不可です。
購入された方は全てご了承いただけたものとします。",True,2026-07
rncztr2jyk,1783950450958,naniwa-danshi-nd5,2026-10-28,15:00,ららアリーナ 東京ベイ（LaLa arena TOKYO-BAY）,electronic,female,公演日前日にQRコード共有,(◜ᴗ◝ ),5.0,,QR,2026-07-13 13:47:30,2026-08-27 16:01:18,,listing,2,84000,"QR毎/初期当選/重複すり替えなし/下3桁提示可能｜有効期限内/発送物戻りなし
※当選歴なし
公演前日夜にログインに必要な情報をお伝えします。
代表者の同意チェックはご購入者様自身でお願いいたします。
(同行者は会員の為こちらでチェックをいたします)
当日は速やかにログアウト･受取報告をお願いいたします。
座席に関するクレームや返金は一切受け付けません。
公演中止の場合のみ手数料を引いた金額を返金します。
その他、体調不良･交通機関の乱れ･本人確認･ランダムエラーで入場できなかったなど、如何なる場合も必ず受け取りはしていただき、キャンセル･返金できません。
購入された時点で了承いただけたものとします。
代理購入はお控えください。",True,2026-07
sold_naniwa-danshi-nd5_1784187237476_78000,1784187237476,naniwa-danshi-nd5,2026-10-28,15:00,ららアリーナ 東京ベイ（LaLa arena TOKYO-BAY）,electronic,female,２連中の１枚同行,,,,,2026-07-16 07:33:57,2026-08-27 16:01:18,2026-08-27 07:17:28,sold,1,78000,重複、すり替えなし長尾担との同行です。公演中止以外の返金対応致しません。定価アプリ通し、残り手渡し可能です。,False,2026-07
nvf39l51tz,1783892605276,naniwa-danshi-nd5,2026-10-28,15:00,ららアリーナ 東京ベイ（LaLa arena TOKYO-BAY）,electronic,female,同行,y,5.0,,同行,2026-07-12 21:43:25,2026-08-27 16:01:18,,listing,1,75000,"初期当選、有効期限内、すり替えなし、下3桁提示可能
エラー履歴なし
ランダムエラーや本人確認等での返金は致しません。また、前日までに集合時間をご連絡致しますが、購入者が遅刻した場合は先に入場します。その際も受取り評価ば行っていただきます。公演中止の場合のみ、各種手数料を引いた金額を返金致します。",True,2026-07
sold_naniwa-danshi-nd5_1783681110769_84000,1783681110769,naniwa-danshi-nd5,2026-10-28,15:00,ららアリーナ 東京ベイ（LaLa arena TOKYO-BAY）,electronic,female,同行,,,,,2026-07-10 10:58:30,2026-08-27 16:01:18,2026-08-27 07:17:28,sold,1,84000,"当方と同行(2連中1枚)/FC先行/本人確認対応可/Pay-easy支払い/初期当選/座席未定/有効期限内/重複すり替えなし/下3桁提示可/着ブロ指定なし

公...",False,2026-07
bp07j0n3ty,1784292498120,naniwa-danshi-nd5,2026-10-28,15:00,ららアリーナ 東京ベイ（LaLa arena TOKYO-BAY）,electronic,female,QR毎,💫,5.0,,QR,2026-07-17 12:48:18,2026-08-27 16:01:18,,listing,1,70000,"QR毎/初期当選/すり替えなし/着ブロ希望なし/下3桁提示可/有効期限内/同意チェック可
・公演前日夜にログインに必要な情報をお伝えします。
・当日は、入場後必ず速やかにログアウトと受取報告をお願いいたします。
・名義を傷つける行為はしないでください。座席に関するクレームは一切受け付けません。
・公演中止の場合のみ手数料を引いた金額を返金いたします。
・体調不良･交通機関の乱れ･メンバー不在･本人確認･ランダムエラー等で入場できなかった場合でも、必ず受け取りはしていただきます。また、入場後に本人確認等で退場になった場合も含めいかなる場合もキャンセル･返金はいたしません。
購入された時点で了承いただけたものとします。
過去の当選歴、座席についての質問にはお答え致しません。",True,2026-07
21dcabzk6x,1783761259761,naniwa-danshi-nd5,2026-10-28,15:00,ららアリーナ 東京ベイ（LaLa arena TOKYO-BAY）,electronic,female,同行,♡,5.0,,同行,2026-07-11 09:14:19,2026-08-27 16:01:18,,listing,1,80000,"当方と同行
初期当選/有効期限内/重複すり替えなし/下3桁提示可
自名義のため本人確認対応可
・公演当日は指定のお時間（会場15分前を予定）に集合し、売り手の指示に従って入場して頂きます。遅刻された場合は先に入場させて頂く場合がございますので時間厳守でお願いします。
・詳しい待ち合わせ時間・場所等は、ご入金後に連絡ボードでお知らせします。
・QRコードのため座席等は事前に分かりませんので、如何なるお席でもクレームや返金は一切受け付けておりません。
・連番内のチケットはこちらで選ばせて頂きます。
・チケット受け取り後速やかにその場で受け取り通知をお願いします。
・トラブル防止のため、成人済み日本人女性の方でお願い致します。
・主催者側による公演中止の際のみ手数料を差し引いた金額を返金致します。ランダムエラーや本人確認、体調不良等如何なる場合も返金対応致しかねますので、その点ご了承の上ご購入をお願い致します。",True,2026-07
13g6dmjzvz,1783764703047,naniwa-danshi-nd5,2026-10-28,15:00,ららアリーナ 東京ベイ（LaLa arena TOKYO-BAY）,electronic,female,公演前日にログイン情報共有,ま,5.0,,QR,2026-07-11 10:11:43,2026-08-27 16:01:18,,listing,2,79000,"FC先行 座席未定、初期当選、QR、重複すり替え無し、有効期限内、着ブロ希望なし、下3桁提示可、Pay-easy決済 、同行者FC会員、サイチェン可
公演前日に必要事項をお伝えします。入場後は速やかに受け取り連絡、ログアウトをお願いします。
公演中止の際のみ、手数料を差し引いた金額を返金します。座席に関するクレームは受け付けません。ご了承ください。",True,2026-07
ehwxvsusxy,1783752465123,naniwa-danshi-nd5,2026-10-28,15:00,ららアリーナ 東京ベイ（LaLa arena TOKYO-BAY）,electronic,female,公演日前日までにQRコード共有,あ,5.0,,QR,2026-07-11 06:47:45,2026-08-27 16:01:18,,listing,2,80000,"QR毎/2連/初期当選/有効期限内/変更ボタン有/重複すり替え無し/下3桁提示可能
公演前日までにログイン情報をお伝えするので、ご自身で入場をお願いいたします。
同行者は一般です。買い手様で同意チェック可能です。
入場後は速やかに受け取り評価、ログアウトをお願いいたします。
座席未定のため、座席についてのクレームは一切受け付けておりません。
公演中止以外は如何なる理由でも返金致しません。出演者の変更やランダムエラー、本確、遅刻等で入場できなくても一切返金致しません。
代理購入はご遠慮ください。
成人済み女性のみご購入お願いいたします。
全て同意したとみなしお取引させて頂きます。",True,2026-07
ugsxwcx2kg,1783862526219,naniwa-danshi-nd5,2026-10-28,15:00,ららアリーナ 東京ベイ（LaLa arena TOKYO-BAY）,electronic,female,QRコード,きゃ,5.0,,QR,2026-07-12 13:22:06,2026-08-27 16:01:18,,listing,2,70000,"ファンクラブ先行/座席未定/初期当選/会員番号下3桁提示可/重複すり替えなしQRごとのお譲り/有効期限内名義/サイチェン可/発送物戻り・停止表示なし/Pay-easy支払済/着ブロ申込なし
公演前日に同行者の同意チェックを済ませた後、代表者の同意チェックは未了の状態にてログイン情報をご連絡いたします。
当日は買い手様のタイミングで代表者の同意チェックをしていただき、デジタルチケットにて入場できましたらログアウトいただき受取通知をお願いします。
デジタルチケットのため座席は未定です。
座席に関するクレームはおやめください。
こちらは自管理名義であり、何らかのエラーが出る懸念のある名義ではありませんので、入場できなかったなどと言う理由で受取通知拒否されても、こちらでは真実か確認できない以上、一律対応できません。
公演自体の中止以外の理由ではいかなる場合もキャンセル・返金はできません。
このような場でのお取引の経験、理解があり、常識のあるお取引をしていただける方のみご購入下さい。
こちらも誠意あるお取引をさせていただきますので、どうぞよろしくお願いいたします。",True,2026-07
sold_naniwa-danshi-nd5_1783664456196_69000,1783664456196,naniwa-danshi-nd5,2026-10-28,15:00,ららアリーナ 東京ベイ（LaLa arena TOKYO-BAY）,electronic,female,公演日10日前までにログイン情報お知らせ致します,,,,,2026-07-10 06:20:56,2026-08-27 16:01:18,2026-08-27 07:17:28,sold,2,69000,"・ファンクラブ初期先行当選（復活当選や制作開放当選分ではありません）
・QRごとお譲り致します（条件なし）
・ご入金後、速やかに下3桁提示致します（すり替えなし...",False,2026-07
nq0upelr5s,1783918660516,naniwa-danshi-nd5,2026-10-28,15:00,ららアリーナ 東京ベイ（LaLa arena TOKYO-BAY）,electronic,female,同時入場,はーちゃん,5.0,,番手,2026-07-13 04:57:40,2026-08-27 16:01:18,,listing,2,75000,"2名義中2番手
有効期限内/すり替えなし/下3桁提示可能/サイチェン可/
＊公演中止以外の返金、キャンセル
（ランダムエラー、交通機関の遅延等）対応はいたしかねますので、ご了承ください。
＊お席のクレームはお受けすることできません。また、立見の可能性もご了承ください。もし立見でキャンセルされる場合は、受け取り評価していただきます。返金不可。
＊当日入場後は速受け取り評価とFCログアウトを速やかにお願いいたします。万が一入場できない場合も受け取り評価をしていただきます。
＊日本語のわかる女性のみお取引よろしくお願いいまします。
＊過去当選やお座席はお答えしかねます。",True,2026-07
kftggo4a9x,1784631726322,naniwa-danshi-nd5,2026-10-28,15:00,ららアリーナ 東京ベイ（LaLa arena TOKYO-BAY）,electronic,female,【2名義中2番手】【すり替えなし】【下3桁提示可能】,n,4.9,,ランダム記載あり,2026-07-21 11:02:06,2026-08-27 16:01:18,,listing,2,59800,"2名義中2番手
すり替えなし 下3桁提示可能 初期当選 有効期限内 着ブロ選択なし
・当日会場付近にてお待ち合わせし、同時入場お願いいたします。
お待ち合せ時間、お待ち合せ場所の詳細は公演当日までに取引メッセージにてご連絡させていただきます。
・入場後は一度チケットを回収し、座席確認の後、2名義中2番手にてチケットをお渡しさせていただきます。
座席確認のためお時間いただく可能性もございますが、入場からチケット受け渡しまでできる限り迅速に対応させていただきます。
・当日は時間厳守で集合をお願いいたします。ご購入者様の遅刻は到着を待たずに入場させていただきます。お時間に余裕を持ってお越しください。
出演者変更、入場時のランダムエラー、本人確認、交通機関の遅延、体調不良、座席などへのクレームでの返金は一切致しかねます。
・代表者として入場していただく可能性がございます。
その場合、QRコードを開いた状態でこちらのスマホ端末をお渡しいたしますので、一律で端末持ち逃げ防止のため一時的に身分証をお預かりさせていただきます。入場後、チケットと端末をお渡し/返却いただくタイミングにて、速やかに身分証を返却いたします。
（ご購入者様の端末をお借りしてログインさせていただく場合もございますのでご承知ください。）
（場合によってはQRごとのお譲りとなる可能性もございます。）
・トラブル防止のため代理購入不可
必ず当日いらっしゃる方が落札をお願いいたします。
・公演中止以外ではいかなる理由でもキャンセル、返金は承れません。",True,2026-07
7jzz4gcwco,1783688344313,naniwa-danshi-nd5,2026-10-28,15:00,ららアリーナ 東京ベイ（LaLa arena TOKYO-BAY）,electronic,female,公演前日夜にQRコード共有,らら,5.0,,QR,2026-07-10 12:59:04,2026-08-27 16:01:18,,listing,2,83000,"QR毎/初期当選/重複すり替えなし/着ブロ希望なし/下3桁提示可能/有効期限内/発送物戻りなし
過去履歴お伝え可
公演前日夜にログイン情報をお伝えします。
代表者の同意チェックはご購入者様自身でお願いいたします。
当日は入場後速やかにログアウト･受取報告をお願いいたします。
座席に関するクレームや返金は一切受け付けません。
公演中止の場合のみ手数料を引いた金額を返金します。
公演中止以外の体調不良、メンバー不在、ランダムエラーなどいかなる場合も必ず受け取り報告はしていただきます。キャンセル、返金不可。",True,2026-07
sold_naniwa-danshi-nd5_1783655658706_52222,1783655658706,naniwa-danshi-nd5,2026-10-28,15:00,ららアリーナ 東京ベイ（LaLa arena TOKYO-BAY）,electronic,female,QRが表示され次第ログイン情報をお送りいたします。,,,,,2026-07-10 03:54:18,2026-08-27 16:01:18,2026-08-27 07:17:28,sold,2,52222,"下3桁ご提示可能/有効期限内／すり替えなし/初期当選/郵便物戻りなし/同一クレカ決済なし/過去のエラー歴なし
いかなる場合でも変更キャンセル等一切受け付けません...",False,2026-07
8ex8z3m48l,1784174021344,naniwa-danshi-nd5,2026-10-28,15:00,ららアリーナ 東京ベイ（LaLa arena TOKYO-BAY）,electronic,female,同行,ん,5.0,,番手,2026-07-16 03:53:41,2026-08-27 16:01:18,,listing,2,80000,"4名義中3番手2連
全て初期当選、期限内、郵送物戻りなし、同一クレカ使用なし
購入後下3桁提示可
ゲートが分かれた際にゲートの選択も実施。
選択したゲートにより売り手と入場分かれる場合がございます。その場合は下位番手のチケット回収から座席選択後の選ばなかったチケットのお渡しをお願いする場合がございます。
ご理解、ご対応いただける方。
公演中止以外のキャンセル不可",True,2026-07
knnbz2xz7l,1783827326591,naniwa-danshi-nd5,2026-10-28,15:00,ららアリーナ 東京ベイ（LaLa arena TOKYO-BAY）,electronic,female,QRコードのため当日発券時まで座席未定,n,4.9,,ランダム記載あり,2026-07-12 03:35:26,2026-08-27 16:01:18,,listing,2,47900,"★初心者の方、初めての方でも丁寧に説明させていただきます。安心いただけるお取引を心がけます。
★少人数集合（2〜4人予定）
大人数が苦手な方も安心してご購入いただけます。
・当日会場付近にてお待ち合わせし、同時入場をお願いいたします。
お待ち合せ時間/お待ち合せ場所の詳細は公演当日までに取引メッセージにてご連絡させていただきます。
・入場後は一度チケットを回収し、当方にて座席決定次第チケットをお渡しさせていただきます。
座席確認のためお時間いただく可能性もございます。
・当日は時間厳守で集合をお願いいたします。ご購入者様の遅刻は到着を待たずに入場させていただきます。お時間に余裕を持ってお越しください。
出演者変更、入場時のランダムエラー、本人確認、交通機関の遅延、体調不良、座席などへのクレームでの返金は一切致しかねます。
・代表者として入場していただく可能性がございます。
その場合、QRコードを開いた状態でこちらのスマホ端末をお渡しいたしますので、一律で端末持ち逃げ防止のため一時的に身分証をお預かりさせていただきます。入場後、チケットと端末をお渡し/返却いただくタイミングにて、速やかに身分証を返却いたします。
（ご購入者様の端末をお借りしてログインさせていただく場合もございますのでご承知ください。）
（QRコードごとのお譲りとなる可能性もございます。）
・トラブル防止のため代理購入不可
必ず当日いらっしゃる方が落札をお願いいたします。
・公演中止以外ではいかなる理由でもキャンセル、返金は承れません。
最後まで丁寧なお取引を心がけます。
よろしくお願いいたします。",True,2026-07
wuntnjlawx,1784028849553,naniwa-danshi-nd5,2026-10-28,15:00,ららアリーナ 東京ベイ（LaLa arena TOKYO-BAY）,electronic,female,同行,いちご,5.0,,番手,2026-07-14 11:34:09,2026-08-27 16:01:18,,listing,2,65000,"初期当選 3名義中3番手 有効期限内 下3桁提示可 すり替えなし
💎専用出品にいたしますのでコメントお願いいたします💎
公演当日は会場付近で待ち合わせし、同時入場して頂きます。集合時間、場所はお日にち近くなりましたら、ご連絡いたします。
入場し、当方と2番手の方が座席を選択した後にチケットをお渡しいたしますので、速やかに受取連絡をお願いいたします。
場合によってはQRごとのお譲りになる可能性がございます。
公演中止以外(ランダムエラー、遅刻、体調不良、座席、本人確認等)でのキャンセル、クレーム、返金は一切お受けいたしません。
公演中止の場合のみ規則に従い、返金対応させていただきます。
上記の内容にご了承頂ける日本語の通じる方のみ購入お願いいたします。",True,2026-07
8dlytsf9k3,1783650548065,naniwa-danshi-nd5,2026-10-28,15:00,ららアリーナ 東京ベイ（LaLa arena TOKYO-BAY）,electronic,female,同行,ちゅんちゅん,5.0,,ランダム,2026-07-10 02:29:08,2026-08-27 16:01:18,,listing,2,80000,"※少人数※
座席未定/複数名義当選のため同時入場後に一度チケットを回収し、当方の座席選択後にランダムでお渡しします/全名義有効期限内/同一クレカでの複数支払い無し
・公演当日、開場約30分前に会場付近で待ち合わせし、同時入場していただきます。詳しい待ち合わせ時間・場所等は、公演日近くになりましたらマイページの連絡ボードでお知らせします。
・入場の際、QRチケット表示のために端末を一時的にお借りする可能性がございます。また、2連で購入された場合は持ち逃げ防止のためにお連れ様と一時的に別れて入場いただくことがございます。
・同時入場後、一度チケットを全て回収し、当方の座席選択後にランダムでチケットをお渡しします。
座席選択にお時間をいただく事がございますが開演前にはお渡ししますので、催促等はお控えください。チケットをお受け取り次第、その場で受け取り連絡をお願いいたします。※必ず連番のチケットをお渡しします。
・公演中止以外の如何なる場合でも返金対応は出来かねます。入場時のランダムエラー、本人確認、体調不良なども対応いたしません。
・日本語が理解できる女性の方(同行者も女性のみ)当日来場頂く方ご本人様の購入をお願いいたします。
・時間厳守でお願いいたします。大幅の遅れがある場合、天候不良による交通機関の乱れなど含めいかなる理由であれ、先に入場いたします。その場合も受け取り連絡はしていただきますのでご了承ください。",True,2026-07
sold_naniwa-danshi-nd5_1783862615819_72000,1783862615819,naniwa-danshi-nd5,2026-10-28,15:00,ららアリーナ 東京ベイ（LaLa arena TOKYO-BAY）,electronic,male,QRコード,,,,,2026-07-12 13:23:35,2026-08-27 16:01:18,2026-08-27 07:17:28,sold,2,72000,ファンクラブ先行/座席未定/初期当選/会員番号下3桁提示可/重複すり替えなしQRごとのお譲り/有効期限内名義/サイチェン可/発送物戻り・停止表示なし/Pay-e...,False,2026-07
pvn544u7bc,1784173967315,naniwa-danshi-nd5,2026-10-28,15:00,ららアリーナ 東京ベイ（LaLa arena TOKYO-BAY）,electronic,female,同行,ん,5.0,,番手,2026-07-16 03:52:47,2026-08-27 16:01:18,,listing,2,90000,"4名義中2番手2連
全て初期当選、期限内、郵送物戻りなし、同一クレカ使用なし
購入後下3桁提示可
ゲートが分かれた際にゲートの選択も実施。
選択したゲートにより売り手と入場分かれる場合がございます。その場合は下位番手のチケットの回収から受け渡しをお願いする場合がございます。
ご理解、ご対応いただける方。
公演中止以外のキャンセル不可。",True,2026-07
actmiwij06,1783650396114,naniwa-danshi-nd5,2026-10-28,15:00,ららアリーナ 東京ベイ（LaLa arena TOKYO-BAY）,electronic,female,同行,ちゅんちゅん,5.0,,ランダム,2026-07-10 02:26:36,2026-08-27 16:01:18,,listing,2,80000,"※少人数※
座席未定/複数名義当選のため同時入場後に一度チケットを回収し、当方の座席選択後にランダムでお渡しします/全名義有効期限内/同一クレカでの複数支払い無し
・公演当日、開場約30分前に会場付近で待ち合わせし、同時入場していただきます。詳しい待ち合わせ時間・場所等は、公演日近くになりましたらマイページの連絡ボードでお知らせします。
・入場の際、QRチケット表示のために端末を一時的にお借りする可能性がございます。また、2連で購入された場合は持ち逃げ防止のためにお連れ様と一時的に別れて入場いただくことがございます。
・同時入場後、一度チケットを全て回収し、当方の座席選択後にランダムでチケットをお渡しします。
座席選択にお時間をいただく事がございますが開演前にはお渡ししますので、催促等はお控えください。チケットをお受け取り次第、その場で受け取り連絡をお願いいたします。※必ず連番のチケットをお渡しします。
・公演中止以外の如何なる場合でも返金対応は出来かねます。入場時のランダムエラー、本人確認、体調不良なども対応いたしません。
・日本語が理解できる女性の方(同行者も女性のみ)当日来場頂く方ご本人様の購入をお願いいたします。
・時間厳守でお願いいたします。大幅の遅れがある場合、天候不良による交通機関の乱れなど含めいかなる理由であれ、先に入場いたします。その場合も受け取り連絡はしていただきますのでご了承ください。",True,2026-07
sold_naniwa-danshi-nd5_1784434906646_69000,1784434906646,naniwa-danshi-nd5,2026-10-28,15:00,ららアリーナ 東京ベイ（LaLa arena TOKYO-BAY）,electronic,female,公演前日にログイン情報をお送りします,,,,,2026-07-19 04:21:46,2026-08-27 16:01:18,2026-08-27 07:17:28,sold,2,69000,"QR毎、初期当選、有効期限内、すり替えなし、下3桁提示可、着ブロ希望なし、エラー履歴なし

公演日前日にログインに必要な情報をお送りします。入場後は速やかにログ...",False,2026-07
yzcstm7oab,1784174090430,naniwa-danshi-nd5,2026-10-28,15:00,ららアリーナ 東京ベイ（LaLa arena TOKYO-BAY）,electronic,female,同行,ん,5.0,,番手,2026-07-16 03:54:50,2026-08-27 16:01:18,,listing,2,50000,"4名義中4番手2連
全て初期当選、期限内、郵送物戻りなし、同一クレカ使用なし
購入後下3桁提示可
ゲートが分かれた際にQR毎でお譲りする場合がございます。
ご理解、ご対応いただける方。
公演中止以外のキャンセル不可",True,2026-07
