ticket_id,created_at_unix,event_id,perf_date,perf_time,venue,ticket_type,name_type,delivery_method,seller_name,seller_rating,order_num,ticket_tags,first_observed_at,last_observed_at,sold_at,sold_at_source,status,quantity,price,raw_description,details_fetched,year_month
sold_naniwa-danshi-nd5_1786890187187_40000,1786890187187,naniwa-danshi-nd5,2026-09-05,13:30,朱鷺メッセ 新潟コンベンションセンター,electronic,female,同行,,,,,2026-08-16 14:23:07,2026-08-31 15:01:19,2026-08-27 07:17:28,,sold,1,40000,"初期当選、座席未定、すり替えなし、有効期限内、下3桁提示可能 大橋担不可

・公演当日会場付近で待ち合わせし、同行です。
・詳しい待ち合わせ時間・場所等は、後ほ...",False,2026-08
ok6w5cyl39,1787062553262,naniwa-danshi-nd5,2026-09-05,13:30,朱鷺メッセ 新潟コンベンションセンター,paper,female,当日手渡し,大西流星,5.0,,同行,2026-08-18 14:15:53,2026-08-27 12:01:08,,,deleted,1,50000,"初期当選/同行/FC先行/有効期限内/重複すり替えなし/郵送物戻りなし/同一クレカ決済なし/下3桁提示可
売り手(大西担）との同行です。
公演当日、会場付近で待ち合わせし同時入場していただきます。
詳しい待ち合わせ時間・場所等はご入金後、公演までにご連絡いたします。
・連番内での座席はお選びいただけません。
・受取通知確認後、当方が選ばなかった座席のチケットをお渡しします。
・公演中止の場合のみ手数料を差し引いた金額を返金いたします。
・購入者の体調不良、遅刻、出演者の変更、交通機関の乱れ、ランダムエラー、本人確認など、公演中止以外のいかなる場合でも、返金・キャンセルは一切致しかねますのでご了承ください。
・お席についてのクレーム等はお受けできません。
・盗撮等名義に傷がつく可能性のあるマナー違反や迷惑行為はお控えください。
・代理購入不可
・スムーズなお取引の為、公演前日までに当日連絡のつく電話番号のご提示をお願いいたします。
・プライベート出品対応可能ですので、その際は一言メッセージをお願いいたします。
上記の内容を全てご理解お願いいたします。",True,2026-08
sold_naniwa-danshi-nd5_1787237547376_42000,1787237547376,naniwa-danshi-nd5,2026-09-05,13:30,朱鷺メッセ 新潟コンベンションセンター,electronic,female,公演日1日前までにログイン情報共有,,,,,2026-08-20 14:52:27,2026-08-31 15:01:19,2026-08-27 07:17:28,,sold,2,42000,"QR毎/初期当選/下3桁提示可/有効期限内／着ブロ希望無/返送物戻り無/前回、前々回スタンド(チケホル有)

プラベル出品切り替え可能

公演前日の夜に連絡ボー...",False,2026-08
x6n7ds3jq8,1787730346529,naniwa-danshi-nd5,2026-09-05,13:30,朱鷺メッセ 新潟コンベンションセンター,electronic,female,公演前日QR共有,K,5.0,,QR,2026-08-26 07:45:46,2026-08-31 15:01:19,2026-08-28 10:01:11,transition_observed,sold,2,40000,"QR毎/初期当選/有効期限内/下3桁提示可能/重複すり替えなし/郵送物戻りなし

・公演前日にログイン情報をお伝えします。
・座席に関するクレーム等一切お受けで...",True,2026-08
slgdlrw4d8,1787571693018,naniwa-danshi-nd5,2026-09-05,13:30,朱鷺メッセ 新潟コンベンションセンター,electronic,female,同行,あ,5.0,,番手,2026-08-24 11:41:33,2026-08-28 07:01:11,,,deleted,2,40000,"前回ドーム天井名義×2
2名義中2番手/初期当選/有効期限内/下3桁提示可/すり替えなし/着ブロ指定なし/発送物戻り、過去エラーなし

当日会場付近にて待ち合わ...",True,2026-08
sold_naniwa-danshi-nd5_1785581994070_20000,1785581994070,naniwa-danshi-nd5,2026-09-05,13:30,朱鷺メッセ 新潟コンベンションセンター,electronic,female,★少人数ランダム配布,,,,,2026-08-01 10:59:54,2026-08-31 15:01:19,2026-08-27 07:17:28,,sold,1,20000,"⭕️3人以内少数ランダム/有効期限内/発送物戻り等不備無し名義のみ/サイチェン可

★3名以内の少数ランダム配布
★万が一エラーが出た場合、定価手数料以外返金い...",False,2026-08
sold_naniwa-danshi-nd5_1787202630092_43000,1787202630092,naniwa-danshi-nd5,2026-09-05,13:30,朱鷺メッセ 新潟コンベンションセンター,electronic,female,公演前日18時以降にログイン情報共有,,,,,2026-08-20 05:10:30,2026-08-31 15:01:19,2026-08-27 07:17:28,,sold,2,43000,"QR毎/初期当選/下3桁提示可/有効期限内／着ブロ希望無/返送物戻り無/重複すり替え無/コンビニ支払い

公演前日の夜に連絡ボードにてログインに必要な情報をお伝...",False,2026-08
sold_naniwa-danshi-nd5_1786275018151_47000,1786275018151,naniwa-danshi-nd5,2026-09-05,13:30,朱鷺メッセ 新潟コンベンションセンター,electronic,female,同行,,,,,2026-08-09 11:30:18,2026-08-31 15:01:19,2026-08-27 07:17:28,,sold,1,47000,"初期当選/重複なし/すり替えなし/下3桁提示可能
当方との同行です。道枝担のご購入はお控えください。

当日は開演30分前の集合を予定しております。
座席にて当...",False,2026-08
5c4gslm6xr,1787236790874,naniwa-danshi-nd5,2026-09-05,13:30,朱鷺メッセ 新潟コンベンションセンター,electronic,female,同行,C,5.0,,同行,2026-08-20 14:39:50,2026-08-28 00:01:11,,,deleted,1,50000,"初期当選/重複なし/有効期限内/下3桁提示可能/前回スタンド名義/ランエラ、郵送物の戻り等の歴なし/サイチェン、購入後のキャンセル不可/高橋担不可
当方(高橋担🚺25↑)との同行になります。
名義を汚すような行為はご遠慮ください。
公演当日は開場時間の10分前程に集合し、同時入場をお願い致します。
待ち合わせ場所や時間の詳細は当日ご連絡致します。
入場後チケットのお渡しと同時にその場で受け取り連絡をお願いいたします。
座席に関するクレームは一切承りません。
ランダムエラー、本人確認、公共交通機関による遅延、遅刻、体調不良、出演者変更など如何なる理由でもキャンセルや返金対応は致しかねます。公演中止の際のみ、手数料を差し引いた金額を返金させていただきます。
ご不明点がございましたらお問い合わせください。よろしくお願い致します。",True,2026-08
8s6z80r6bk,1787492170402,naniwa-danshi-nd5,2026-09-05,13:30,朱鷺メッセ 新潟コンベンションセンター,electronic,female,同行,ま,5.0,,同行,2026-08-23 13:36:10,2026-08-29 01:01:15,,,deleted,1,40000,"初期当選 重複すり替えなし 2連中の1枚 有効期限内 着ブロ指定なし 下3桁提示可能  当方西畑担（拒否担なし）ランダムエラー時返金可能 前回スタンド
同時入場...",True,2026-08
llg5cqu8sx,1787370421487,naniwa-danshi-nd5,2026-09-05,13:30,朱鷺メッセ 新潟コンベンションセンター,electronic,female,同行,♡,5.0,,番手,2026-08-22 03:47:01,2026-08-31 15:01:19,2026-08-27 12:01:08,,sold,1,30000,"2名義中3番手（2連、単番の2名義）/すり替えなし/下3桁提示可/FC先行/2名義全て初期当選/有効期限内名義/郵送物戻りなし/ペイジー決済/着ブロなし/西畑担不可/プライベート出品可
開場時間15〜10分前に会場で待ち合わせをし同時入場していただきます。
詳しい場所や時間は前日にお伝えします。
入場後、チケットを回収し、2名義分の座席を確認させて頂きます。黒服対策として会場内同行して頂いても構いません。
当方が座席を選択した後、すぐにチケットをお渡しするので、その際に受け取り通知をお願いします。
ランダムエラー、交通事情、大幅な遅刻、体調不良、出演者の変更などの理由での返金、キャンセルは致しかねます。
その場合でも受け取り通知はしていただきますのでよろしくお願いいたします。
また、座席に関するクレームはお受けできません。
公演中止の場合のみ手数料を引いた金額を返金させていただきます。
トラブル防止のため、20歳以上、日本人女性の方でお願いします。
上記ご了承いただけた方は購入をお願いいたします。",True,2026-08
sold_naniwa-danshi-nd5_1787760101703_38000,1787760101703,naniwa-danshi-nd5,2026-09-05,13:30,朱鷺メッセ 新潟コンベンションセンター,electronic,female,公演前日までにログイン情報共有(QRごと),,,,,2026-08-26 16:01:41,2026-08-31 15:01:19,2026-08-27 07:17:28,,sold,2,38000,"QRごと
FC初期当選
下3桁提示可能
有効期限内名義
クレカ支払い(同一なし)
代表者チェック可能


前回座席チケホル登録期限切れのため確認できませんが、前...",False,2026-08
7bi4d90j6l,1786693764101,naniwa-danshi-nd5,2026-09-05,13:30,朱鷺メッセ 新潟コンベンションセンター,electronic,female,同行,すず,5.0,,同行,2026-08-14 07:49:24,2026-08-28 11:01:14,,,deleted,1,42000,"初期当選/有効期限内/下3桁提示可/着ブロ指定無/サイチェン可※名義が傷つく行為はお辞めください。

☆現在お値下げしております。この金額以下での讓渡は今のとこ...",True,2026-08
36z1hgn751,1785750843939,naniwa-danshi-nd5,2026-09-05,13:30,朱鷺メッセ 新潟コンベンションセンター,electronic,female,同時入場,♡,5.0,,番手,2026-08-03 09:54:03,2026-08-27 08:01:09,,,deleted,2,52000,"4名義中2番手/初期当選/有効期限内/すり替えなし/下３桁提示可能
公演当日に当方が指定する時間(開場30分前予定)に会場付近で待ち合わせをし、同時入場をしていただきます。
入場後一度チケットを回収させていただき座席確認後、当方が選ばなかったチケットの中からお好きな2連のチケットをお選びいただきます。
スムーズにお渡しするため電話番号をお伺いいたします。
チケットをお渡ししたらその場で必ず受け取り評価をしていただきます。
その際お渡ししたチケットの座席のクレームは一切受け付けておりません。
詳しい待ち合わせ時間・場所等は、当日お知らせします。
※当日QR表示の為端末をお借りすることがございます。表示可能な端末をご持参ください。
※必ず遅刻厳禁でお願いいたします。集合場所へは余裕を持って到着するようご協力お願い致します。
※公演中止以外の如何なる理由（公共交通機関の遅延含む遅刻、体調不良、ランダムエラー、本人確認、メンバーの欠員等）であってもキャンセル返金対応は出来かねます。必ず受取評価をしていただきます。公演中止の場合のみ手数料差し引いた金額を返金いたします。
以上記載にご了承いただける日本人女性のみご購入手続きをお願いいたします。
ご不明な点がございましたらお気軽にコメントにてお知らせください。",True,2026-08
sold_naniwa-danshi-nd5_1786297061406_35000,1786297061406,naniwa-danshi-nd5,2026-09-05,13:30,朱鷺メッセ 新潟コンベンションセンター,electronic,female,同行,,,,,2026-08-09 17:37:41,2026-08-31 15:01:19,2026-08-27 07:17:28,,sold,2,35000,"⚠️これ以上のお値下げ不可【3名義中2番手】初期当選/有効期限内/すり替えなし/下3桁提示可

・当日はこちらが指定した時間(開場10分前頃予定)に会場付近の指...",False,2026-08
sold_naniwa-danshi-nd5_1786013104572_11000,1786013104572,naniwa-danshi-nd5,2026-09-05,13:30,朱鷺メッセ 新潟コンベンションセンター,electronic,none,同行,,,,,2026-08-06 10:45:04,2026-08-31 15:01:19,2026-08-27 07:17:28,,sold,1,11000,"複数名義中ランダム配布

・開場30分前に集合していただきます。集合場所は公演前日にお伝えいたします。

・入場後全てのチケットを回収し予めお伺いする【お名前+...",False,2026-08
ce3s85kytk,1786019606716,naniwa-danshi-nd5,2026-09-05,13:30,朱鷺メッセ 新潟コンベンションセンター,paper,female,当日手渡し,大西流星,5.0,,同行,2026-08-06 12:33:26,2026-08-27 12:01:08,,,deleted,1,50000,"初期当選/同行/FC先行/有効期限内/重複すり替えなし/郵送物戻りなし/同一クレカ決済なし/下3桁提示可
売り手(大西担）との同行です。
公演当日、会場付近で待ち合わせし同時入場していただきます。
詳しい待ち合わせ時間・場所等はご入金後、公演までにご連絡いたします。
・連番内での座席はお選びいただけません。
・受取通知確認後、当方が選ばなかった座席のチケットをお渡しします。
・公演中止の場合のみ手数料を差し引いた金額を返金いたします。
・購入者の体調不良、遅刻、出演者の変更、交通機関の乱れ、ランダムエラー、本人確認など、公演中止以外のいかなる場合でも、返金・キャンセルは一切致しかねますのでご了承ください。
・お席についてのクレーム等はお受けできません。
・盗撮等名義に傷がつく可能性のあるマナー違反や迷惑行為はお控えください。
・代理購入不可
・スムーズなお取引の為、公演前日までに当日連絡のつく電話番号のご提示をお願いいたします。
・プライベート出品対応可能ですので、その際は一言メッセージをお願いいたします。
上記の内容を全てご理解お願いいたします。",True,2026-08
sold_naniwa-danshi-nd5_1787398485614_40000,1787398485614,naniwa-danshi-nd5,2026-09-05,13:30,朱鷺メッセ 新潟コンベンションセンター,electronic,female,公演前日QRコード共有,,,,,2026-08-22 11:34:45,2026-08-31 15:01:19,2026-08-27 07:17:28,,sold,2,40000,"QR毎/初期期選/着ブロ希望無/下3桁開示可/有効期限内

体調不良、ランダムエラー、システムエラー、本人確認、交通機関の遅延、出演者の変更等、いかなる場合も返...",False,2026-08
iapmv9jgon,1787813478160,naniwa-danshi-nd5,2026-09-05,13:30,朱鷺メッセ 新潟コンベンションセンター,electronic,none,ランダム配布,k,5.0,,ランダム,2026-08-27 06:51:18,2026-08-28 17:01:09,,,deleted,1,10000,"⭐︎2名義以下の指定席のみ少人数ランダム配布
※プライベート出品致しますので購入希望の方はメッセージお願い致します。
当方が指定する時間に待ち合わせし、当方と同...",True,2026-08
sold_naniwa-danshi-nd5_1786868380102_31000,1786868380102,naniwa-danshi-nd5,2026-09-05,13:30,朱鷺メッセ 新潟コンベンションセンター,electronic,female,3名義中3番手,,,,,2026-08-16 08:19:40,2026-08-31 15:01:19,2026-08-27 07:17:28,,sold,1,31000,"3名義中3番手
初期当選/有効期限内/すり替えなし/下3桁提示可

・開場20～30分前に会場付近にて待ち合わせし、同時入場して頂きます。待ち合せ時間・場所の詳...",False,2026-08
sold_naniwa-danshi-nd5_1786176277398_44500,1786176277398,naniwa-danshi-nd5,2026-09-05,13:30,朱鷺メッセ 新潟コンベンションセンター,electronic,female,公演日前日までにQRコード共有,,,,,2026-08-08 08:04:37,2026-08-31 15:01:19,2026-08-27 07:17:28,,sold,2,44500,"2枚連番QRコードのお譲りです
有効期限内　初期当選　

すり替えなし 下3桁提示可能

同行者登録、チケット表示はご購入者様の方でお願いいたします

公演前日...",False,2026-08
sold_naniwa-danshi-nd5_1787306640844_40000,1787306640844,naniwa-danshi-nd5,2026-09-05,13:30,朱鷺メッセ 新潟コンベンションセンター,electronic,female,同行,,,,,2026-08-21 10:04:00,2026-08-31 15:01:19,2026-08-27 07:17:28,,sold,1,40000,"⚠️これ以上のお値下げ不可【3名義中1番手同行】初期当選/有効期限内/すり替えなし/下3桁提示可

・当日はこちらが指定した時間(開場10分前頃予定)に会場付近...",False,2026-08
6ivbhurbwl,1786364426745,naniwa-danshi-nd5,2026-09-05,13:30,朱鷺メッセ 新潟コンベンションセンター,electronic,female,ランダム配布,☆,5.0,,ランダム,2026-08-10 12:20:26,2026-08-28 15:01:13,,,deleted,2,18000,"少人数ランダム配布

・開場20～30分前に会場付近にて待ち合わせし、同時入場して頂きます。待ち合せ時間・場所の詳細は公演前日までに取引メッセージにてご連絡致し...",True,2026-08
q3bk34ot61,1787759059980,naniwa-danshi-nd5,2026-09-05,13:30,朱鷺メッセ 新潟コンベンションセンター,electronic,female,同行,m,5.0,,同行,2026-08-26 15:44:19,2026-08-28 04:01:10,,,deleted,1,41000,"・2連中の1枚、重複すり替えなし、下3桁提示可能、有効期限内FC名義、着ブロ指定なし、前回スタンド席、サイチェン可
・こちらとの同行(大西担)です。同担拒否等ございませんが気にされる方はご遠慮ください
・入場しチケットを発券後、お渡しいたします、連番内での座席はこちらが決めさせていただきます。そのため、お座席まで付いてきていただく可能性があります
・公演当日、開場15分前に会場付近にて待ち合わせし、同時入場していただきます。詳しい待ち合わせ場所等は、お日にちが近くなりましたらお知らせします
・ランダムエラー、遅刻、本人確認などで入場できなかった場合も返金不可です。必ず受取連絡をしていただきます。公演中止の場合のみ返金いたします
・座席未定のため座席のクレームは受け付けません
・入場後は速やかに受取連絡をお願いします。受取連絡後はサイドチェンジなどお好きにしていただいて構いません
以上をご理解いただける日本語の通じる方のみご購入お願いします",True,2026-08
sold_naniwa-danshi-nd5_1786116425463_49000,1786116425463,naniwa-danshi-nd5,2026-09-05,13:30,朱鷺メッセ 新潟コンベンションセンター,electronic,female,公演前日までにQRコード共有,,,,,2026-08-07 15:27:05,2026-08-31 15:01:19,2026-08-27 07:17:28,,sold,2,49000,"初期当選 QR毎 有効期限内 重複なし 着ブロ無 発送物戻り無 購入後すぐ下3桁提示可 代表者同意チェック可

当選歴はぼんぼや制作開放落選、ドーム落選の初当選...",False,2026-08
pnl38061sd,1786504464868,naniwa-danshi-nd5,2026-09-05,13:30,朱鷺メッセ 新潟コンベンションセンター,electronic,female,同時入場,♡,5.0,,番手,2026-08-12 03:14:24,2026-08-27 08:01:09,,,deleted,2,0,"4名義中①2番手②3番手③4番手/初期当選/有効期限内/すり替えなし/下３桁提示可能
当選歴は初当選、前回スタンドのみです。
公演当日に当方が指定する時間(開場30分前予定)に会場付近で待ち合わせをし、同時入場をしていただきます。
入場後一度チケットを回収させていただき座席確認後、チケットをお渡しします。
スムーズにお渡しするため電話番号をお伺いいたします。
チケットをお渡ししたらその場で必ず受け取り評価をしていただきます。
その際お渡ししたチケットの座席のクレームは一切受け付けておりません。
詳しい待ち合わせ時間・場所等は、当日お知らせします。
※当日QR表示の為端末をお借りすることがございます。表示可能な端末をご持参ください。
※必ず遅刻厳禁でお願いいたします。集合場所へは余裕を持って到着するようご協力お願い致します。
※公演中止以外の如何なる理由（公共交通機関の遅延含む遅刻、体調不良、ランダムエラー、本人確認、メンバーの欠員等）であってもキャンセル返金対応は出来かねます。必ず受取評価をしていただきます。公演中止の場合のみ手数料差し引いた金額を返金いたします。
以上記載にご了承いただける日本人女性のみ希望番手と金額ご提示の上ご連絡お願いいたします。",True,2026-08
4uzoxr0jg0,1787316607535,naniwa-danshi-nd5,2026-09-05,13:30,朱鷺メッセ 新潟コンベンションセンター,electronic,female,3名義中2番手,☆,5.0,,番手,2026-08-21 12:50:07,2026-08-28 15:01:13,,,deleted,1,35000,"3名義中2番手 2連中の1枚(大西担不可)
初期当選/有効期限内/すり替えなし/下3桁提示可/初当選2.前回スタンド1所持

・開場30分前に会場付近にて待ち合...",True,2026-08
sold_naniwa-danshi-nd5_1786539980651_45000,1786539980651,naniwa-danshi-nd5,2026-09-05,18:00,朱鷺メッセ 新潟コンベンションセンター,electronic,female,前日にQRコード共有,,,,,2026-08-12 13:06:20,2026-08-31 15:01:19,2026-08-27 07:17:28,,sold,2,45000,"ファンクラブ先行/座席未定/初期当選/下3桁提示可/重複すり替えなしQRごとのお譲り/有効期限内名義/着ブロ申込なし

公演前日に同行者の同意チェックを済ませた...",False,2026-08
sold_naniwa-danshi-nd5_1786195845487_40000,1786195845487,naniwa-danshi-nd5,2026-09-05,18:00,朱鷺メッセ 新潟コンベンションセンター,electronic,female,公演日前日までにQRコード共有,,,,,2026-08-08 13:30:45,2026-08-31 15:01:19,2026-08-27 07:17:28,,sold,2,40000,"QR毎/初期当選/下3桁提示可/有効期限内/着ブロ希望無/返送物戻り無/重複すり替え無/前回スタンド名義

公演前日の夜に連絡ボードにてログインに必要な情報をお...",False,2026-08
g8ozlj5v6w,1787565810802,naniwa-danshi-nd5,2026-09-05,18:00,朱鷺メッセ 新潟コンベンションセンター,electronic,male,公演日前日までにログイン情報のお伝え,こあら,5.0,,QR,2026-08-24 10:03:30,2026-08-31 15:01:19,,,listing,2,42000,"QR毎/初期当選/重複すり替えなし/下3桁提示可能/有効期限内/着ブロ希望なし


・公演前日の夜にログイン情報をお伝えします。（こちらで同意チェック済ましてか...",True,2026-08
ht9opworwf,1785818163866,naniwa-danshi-nd5,2026-09-05,18:00,朱鷺メッセ 新潟コンベンションセンター,electronic,female,公演日前日までにログイン情報の共有,の,5.0,,QR,2026-08-04 04:36:03,2026-08-31 15:01:19,2026-08-28 20:01:18,transition_observed,sold,1,50000,"QRごと/重複すり替えなし/初期当選/有効期限内/下3桁提示可能/

・公演1日前にログイン情報をお伝えいたします。
・代表者の同意チェックはご自身で行っていた...",True,2026-08
sold_naniwa-danshi-nd5_1786869203105_32000,1786869203105,naniwa-danshi-nd5,2026-09-05,18:00,朱鷺メッセ 新潟コンベンションセンター,electronic,female,FC先行/2名義中2番手 /有効期限内/2連番確約,,,,,2026-08-16 08:33:23,2026-08-31 15:01:19,2026-08-27 07:17:28,,sold,2,32000,"購入されない　いいねは、ご遠慮ください。
2名義中2番手 有効期限内　2連番
すり替えなし。希望あれば、下2桁可。
2名義で当選のため、こちらが選ばなかったチケ...",False,2026-08
rc1amu66hg,1787760407009,naniwa-danshi-nd5,2026-09-05,18:00,朱鷺メッセ 新潟コンベンションセンター,electronic,female,公演前日までにログイン情報共有(QRごと),ま,5.0,,QR,2026-08-26 16:06:47,2026-08-31 15:01:19,2026-08-27 10:01:13,,sold,2,40000,"QRごと
FC初期当選
下3桁提示可能
有効期限内名義
クレカ支払い(同一なし)
代表者チェック可能
前回座席チケホル登録期限切れのため確認できませんが、前回スタンド名義になります。
(半券手元にないため証明不可となりますがご了承ください)
制作開放や着ブロではありません。
公演中止の際のみ規約に従い返金対応いたします。ランダムエラー、本人確認、体調不良、買い手様ご都合で入場が遅れた場合や、その他いかなる場合もキャンセルを含む一切の返金対応不可です。ご了承のうえご購入ください。",True,2026-08
otsoiax15d,1786177646724,naniwa-danshi-nd5,2026-09-05,18:00,朱鷺メッセ 新潟コンベンションセンター,electronic,female,公演日前日の夜にログイン情報お伝え,か,5.0,,QR,2026-08-08 08:27:26,2026-08-31 15:01:19,2026-08-27 16:01:18,,sold,2,40000,"QR毎/重複すり替えなし/下3桁提示可能/有効期限内郵送物戻りなし/過去エラーなし
今までの座席についてはお答えしてません。
・入金確認後に下3桁提示可能
・公演前日の夜にログイン情報をお伝えします(こちらで同意チェック済ましてからのお渡し)
・入場後は速やかに受け取り評価、ログアウトをお願いいたします
・公演中止以外(ランダムエラー、体調不良、交通機関の乱れなど)いかなる理由でもキャンセル、返金対応不可です。
・公演中止の場合のみ手数料を差し引いた金額を返金します
・座席についてのクレームは一切お受けできません。",True,2026-08
zcibnjumcu,1787271352528,naniwa-danshi-nd5,2026-09-05,18:00,朱鷺メッセ 新潟コンベンションセンター,electronic,female,１名義のみランダム,𝒥,5.0,,ランダム,2026-08-21 00:15:52,2026-08-27 14:01:13,,,deleted,1,15000,"1名義のみランダム (単番×2 で入場)
ランダム配布ですので、入場後は一度半券回収させていただきます。開演5分前までに必ずチケットお渡しいたします。席によっては直ぐにお渡しいたします。中相場買取可能
入場ゲートが別れる場合、身分証をお預かりする場合がございます。チケット回収の際にお返しします。
当日は買い手様の端末でログインをお願いいたします。
その他注意事項、集合についてはメッセージにてお伝えします。
プラベルへの移行可能です",True,2026-08
sold_naniwa-danshi-nd5_1787349470176_33000,1787349470176,naniwa-danshi-nd5,2026-09-05,18:00,朱鷺メッセ 新潟コンベンションセンター,electronic,female,2名義中2番手,,,,,2026-08-21 21:57:50,2026-08-31 15:01:19,2026-08-27 07:17:28,,sold,1,33000,"2名義（連番1、単番1）の3枚中2枚目
初期当選/有効期限内/過去エラーなし

当日同時入場頂き当方が選択しなかった座席2枚の中からお好きな方1枚お選び頂きます...",False,2026-08
ms1wwnvshx,1787632750807,naniwa-danshi-nd5,2026-09-05,18:00,朱鷺メッセ 新潟コンベンションセンター,electronic,female,同行,ら,4.9,,ランダム,2026-08-25 04:39:10,2026-08-31 15:01:19,2026-08-29 14:01:10,transition_observed,sold,1,7600,"⭐️指定席のみ⭐️ランダム配布【+0.5上乗せで15-20分前早渡し可能】

プラベルに変更でお値下げ可能(ご相談ください)

ファンクラブ先行のチケットを複数...",True,2026-08
cy2fr5kbhe,1787119452237,naniwa-danshi-nd5,2026-09-05,18:00,朱鷺メッセ 新潟コンベンションセンター,electronic,female,公演日前日までにQRコード共有,S2,5.0,,QR,2026-08-19 06:04:12,2026-08-28 05:01:11,,,deleted,2,41000,"QR毎/初期当選/下3桁提示可/有効期限内/着ブロ希望無/返送物戻り無/重複すり替え無

公演前日の夜に連絡ボードにてログインに必要な情報をお伝えします。入場は...",True,2026-08
sold_naniwa-danshi-nd5_1786013217626_19000,1786013217626,naniwa-danshi-nd5,2026-09-05,18:00,朱鷺メッセ 新潟コンベンションセンター,electronic,none,同行,,,,,2026-08-06 10:46:57,2026-08-31 15:01:19,2026-08-27 07:17:28,,sold,2,19000,"🖤2連確約🖤複数名義中ランダム配布

・開場15分前に集合していただきます。集合場所は公演前日にお伝えいたします。

・入場後全てのチケットを回収し予めお伺...",False,2026-08
sold_naniwa-danshi-nd5_1787650516334_46500,1787650516334,naniwa-danshi-nd5,2026-09-05,18:00,朱鷺メッセ 新潟コンベンションセンター,electronic,female,前日までにログイン情報,,,,,2026-08-25 09:35:16,2026-08-31 15:01:19,2026-08-27 07:17:28,,sold,2,46500,"初期当選/QRごと/重複すり替えなし/下3桁提示可能/有効期限内/着ブロなし/郵送物戻りなし/過去エラーなし

・入金確認後に下3桁提示可能
・公演前日にQR表...",False,2026-08
sold_naniwa-danshi-nd5_1786631714406_40000,1786631714406,naniwa-danshi-nd5,2026-09-05,18:00,朱鷺メッセ 新潟コンベンションセンター,electronic,female,公演日2日前〜前日夜までにQRコード共有,,,,,2026-08-13 14:35:14,2026-08-31 15:01:19,2026-08-27 07:17:28,,sold,2,40000,"♡FC初期当選/名義作成後初当選/QR毎/重複すり替えなし/下3桁提示可/有効期限内/着ブロ希望なし


⭐︎購入前にメッセージお願いします。専用出品(プライベ...",False,2026-08
fbus3xix2l,1787725524199,naniwa-danshi-nd5,2026-09-05,18:00,朱鷺メッセ 新潟コンベンションセンター,electronic,female,同行,み,5.0,,同行,2026-08-26 06:25:24,2026-08-28 12:01:10,,,deleted,1,52000,"初期当選/本確不可/すり替えなし
開場時間15分前集合を予定しており、集合場所は当日お伝えいたします。お時間に余裕を持ってお越しください。

連番の席のうち先に...",True,2026-08
odkvhyj5si,1787202730096,naniwa-danshi-nd5,2026-09-05,18:00,朱鷺メッセ 新潟コンベンションセンター,electronic,female,公演前日18時以降ログイン情報共有,nyan,5.0,,QR,2026-08-20 05:12:10,2026-08-28 14:01:15,,,deleted,2,43000,"QR毎/初期当選/下3桁提示可/有効期限内／着ブロ希望無/返送物戻り無/重複すり替え無/コンビニ支払い

公演前日の夜に連絡ボードにてログインに必要な情報をお伝...",True,2026-08
g7wkyeijbd,1786112933873,naniwa-danshi-nd5,2026-09-05,18:00,朱鷺メッセ 新潟コンベンションセンター,electronic,female,4名義中3番手,a,5.0,,番手,2026-08-07 14:28:53,2026-08-28 12:01:10,,,deleted,2,52000,"4名義中3番手/初期当選/有効期限内/すり替えなし/下3桁提示可能

プライベート出品に切り替えますので購入前に必ずメッセージをお願い致します。

・開場20〜...",True,2026-08
pz3qo4v2ba,1786258917100,naniwa-danshi-nd5,2026-09-06,13:00,朱鷺メッセ 新潟コンベンションセンター,electronic,female,公演前日にログイン情報提示,m,5.0,,QR,2026-08-09 07:01:57,2026-08-31 15:01:19,2026-08-28 08:01:11,transition_observed,sold,1,50000,"座席未定/QR毎/有効期限内/発送物戻り無/すり替え無し下3桁提示可/初期当選/着ブロ選択無

・公演日前日にログイン情報をお伝えします。
・入場後は速やかにロ...",True,2026-08
dk21mw9by3,1787701267770,naniwa-danshi-nd5,2026-09-06,13:00,朱鷺メッセ 新潟コンベンションセンター,electronic,female,同行,y,5.0,,番手,2026-08-25 23:41:07,2026-08-27 23:01:08,,,deleted,2,36000,"2名義中2番手（2連×2)
FC先行/初期当選/すり替えなし/有効期限内/下三桁提示可能
初当選名義と前回スタンド名義(チケホル登録なし)になります。
プライベート出品に切り替えるため、購入前にご連絡ください。
公演当日、会場付近にて開場15分前に待ち合わせし同時に入場していただきます。
詳しい待ち合わせ時間・場所等は、連絡ボードにてお知らせします。
入場時にQRコード表示のご協力をお願いする場合がございます。その際、身分証のお預かりをさせていただき、中でチケットをお渡しする際に返却いたします。
入場後、当方が選ばなかったチケットをお渡しいたします。座席はお選びいただけません。チケットをお渡しする際に受取連絡をよろしくお願いいたします。
座席に関するクレームは一切お受け出来かねます。
公演中止の場合のみ手数料を引いた金額を返金いたします。
ランダムエラー、本人確認により入場できなかった場合や、体調不良、出演者変更等によるキャンセルは返金出来かねますので予めご了承ください。
上記をご理解いただいた日本人女性のみご購入お願いします。",True,2026-08
4guiqeh2ov,1787748887547,naniwa-danshi-nd5,2026-09-06,13:00,朱鷺メッセ 新潟コンベンションセンター,electronic,none,ランダム配布,も,5.0,,ランダム,2026-08-26 12:54:47,2026-08-28 08:01:11,,,deleted,1,10500,"⭐️小規模ランダム配布⭐️
中相場買取🉑上乗せで早渡し🉑

・開場30分前会場付近に集合予定。
・同時入場していただき、入場後1度チケットを回収させていただ...",True,2026-08
sold_naniwa-danshi-nd5_1787394341212_35000,1787394341212,naniwa-danshi-nd5,2026-09-06,13:00,朱鷺メッセ 新潟コンベンションセンター,paper,female,2名義中2番手,,,,,2026-08-22 10:25:41,2026-08-31 15:01:19,2026-08-27 07:17:28,,sold,2,35000,"2名義中2番手
⭐️前回スタンド初当選名義のみ
✨️20分以内にお渡しします✨️

一部サイト残り手渡し可能です。


２名義中2番手/初期当選/すり替えなし/...",False,2026-08
rlvfo4fdtm,1787040149725,naniwa-danshi-nd5,2026-09-06,13:00,朱鷺メッセ 新潟コンベンションセンター,electronic,female,3名義中2番手,ぴぴ,5.0,,番手,2026-08-18 08:02:29,2026-08-27 15:01:14,,,deleted,2,40000,"3名義中2番手
すり替えなし/有効期限内名義/初期当選/会員番号下3桁提示可能/同一クレカ支払いなし/郵送物出戻りなし/過去エラーなし
プライベート出品も可能ですので、ご希望の方はお気軽にお声掛けください。
購入後、スムーズにお取引が出来るよう当日連絡が着く携帯電話番号のご提示をお願い致します。
当日の集合場所、時間はメッセージにて前日に連絡いたします。
集合時間は開場時間の45分前を予定しております。
入場の際、お連れ様とは別々に入場を予定しておりますが、必ず当方が選ばなかった方の連番のチケットをお渡しいたします。
入場の際発券のため、購入者様の端末をお借りする可能性があります。その際持ち逃げ防止のため、一時的に身分証をお預かりする場合があるのでご用意お願いいたします。
入場完了後、速やかに受け取り評価をお願いします。
天候により、当日、集合場所等が変更になる可能性はございます。
ご購入の前に出品者からの説明をご了承の旨をコメント宜しくお願い致します。
その他ご質問等ございましたら、お気軽にご購入前にコメントください。
座席についてのクレームはご遠慮下さい。
本人確認、遅刻、体調不良、ランダムエラー、チケットの座席が納得いかないなどいかなる場合でも返金対応はできませんので、ご了承ください。
また集合後の入場時間に間に合わない場合でも受け取り評価していただきますので、ご理解お願い致します。
ご購入は当日入場されるご本人様、日本語の通じる方のみでお願いいたします。
録画等名義に傷がつく可能性のある行為はお控えください。
公演中止の際には、手数料・仲介手数料を差し引いた金額を返金致します。それ以外での返金対応は致しかねますのでご了承下さい。",True,2026-08
15beqxykhf,1787571680252,naniwa-danshi-nd5,2026-09-06,13:00,朱鷺メッセ 新潟コンベンションセンター,electronic,female,同行,🐱,5.0,,番手,2026-08-24 11:41:20,2026-08-27 14:01:13,,,deleted,1,0,"6名義中3番手/単番×6/初期当選/すり替えなし/下3桁提示可/有効期限内/前回スタンド×5、初当選×1
取引決定後プラベ出品に切り替えます。
◾︎開場30分前を目安に会場付近にて待ち合わせし、同時入場お願いいたします。
※待ち合せ時間、待ち合せ場所の詳細は公演当日までに取引メッセージにてご連絡させていただきます。
◾︎入場後は一度チケットを回収し、当方と2番手の方が選ばなかった4枚からチケットを選んで頂きます。
◾︎チケット受け渡しの際は速やかに入場報告をお願いいたします。
◾︎座席確認のためお時間いただく可能性もございますが、できる限りお早めにお渡しできるよう努めます。
◾︎円滑にチケットのお渡しができるようお電話番号をお伺いする場合がございます。
◾︎発券ゲートが分かれた場合チケット持ち逃げ防止のために身分証を一時的にお預かりさせて頂きますので必ずお持ち頂くようお願いいたします。集合時に購入者様の目の前で封筒に入れ、チケット受け渡し時に速やかに返却いたします。
◾︎当日は時間厳守で集合をお願いいたします。ご購入者様の遅刻は到着を待たずに入場させていただきますが、その場合も入場報告をしていただきます。お時間に余裕を持ってお越しください。
◾︎出演者変更、入場時のランダムエラー、本人確認、交通機関の遅延、体調不良、座席などへのクレームでの返金は一切致しかねます。
◾︎トラブル防止のため代理購入不可です。
必ず当日いらっしゃる方が購入をお願いいたします。
◾︎公演中止以外ではいかなる理由でもキャンセル、返金は承れません。
上記を了承いただける日本人女性のみご購入お願いします。",True,2026-08
e3un0jcxaf,1787403033589,naniwa-danshi-nd5,2026-09-06,13:00,朱鷺メッセ 新潟コンベンションセンター,electronic,female,ランダム,りり,5.0,,ランダム,2026-08-22 12:50:33,2026-08-31 15:01:19,2026-08-27 14:01:13,,sold,1,16000,"⭐️少人数ランダム⭐️
サイト手数料が気になる方はチケテン0.5、残り当日手渡し変更も可能です。
開場20分前を目処に集合予定(詳しいことは日程近くなったら連絡いたします)で同時入場していただきます。
公演当日は時間厳守でお願い致します。
端末はこちらで用意する予定ですが発券していただく際に持ち逃げ防止のため身分証預からせていただく可能性がございます。ご了承ください。
チケットは遅くとも開演10分前にはお渡しさせていただきます。その際に目の前でチケテンの受け取り評価をしていただきます。受け取り評価をして頂かないとチケットお渡しできませんのでご了承ください。
座席はランダムでのお渡しになるためお選びいただけません。ランダム配布にご理解のある方のみのご購入をお願いいたします。
当日スムーズなやり取りをするために必ず電話番号の交換が可能な方のご購入をお願い致します。
公演中止の場合のみ、手数料を引いた額を返金いたします。ランダムエラーや本人確認による退場など、いかなる理由でもキャンセル不可です。",True,2026-08
sold_naniwa-danshi-nd5_1786615844107_38000,1786615844107,naniwa-danshi-nd5,2026-09-06,13:00,朱鷺メッセ 新潟コンベンションセンター,electronic,female,同行,,,,,2026-08-13 10:10:44,2026-08-31 15:01:19,2026-08-27 07:17:28,,sold,1,38000,"3名義中2番手(2連×3名義6枚中4枚目の選択になります。)

入場後は当方の後2.3番目の方がお選びいただいた後、選択いただきます。

初期当選//有効期限内...",False,2026-08
a7qyuzr0id,1786943126902,naniwa-danshi-nd5,2026-09-06,13:00,朱鷺メッセ 新潟コンベンションセンター,electronic,female,公演前日にログイン情報提示,つ,5.0,,QR,2026-08-17 05:05:26,2026-08-28 13:01:11,,,deleted,1,49000,"【プライベート出品にさせていただきますのでメッセージお願いいたします。】

QRごと/初期当選/期限内／下3桁提示可

公演前日までに、ログイン情報を連絡ボード...",True,2026-08
o5lvdjc0x5,1787454683158,naniwa-danshi-nd5,2026-09-06,13:00,朱鷺メッセ 新潟コンベンションセンター,electronic,female,公演日1日前までにQRコード共有,はち,5.0,,QR,2026-08-23 03:11:23,2026-08-28 14:01:15,,,deleted,1,50000,"QRごと／初期当選／重複・すり替えなし／下3桁提示可能／有効期限内／郵便戻りなし／Pay-easy支払

※ プラベルにて出品させていただきますので購入希望の方...",True,2026-08
vgbr5j7f0g,1787752532131,naniwa-danshi-nd5,2026-09-06,13:00,朱鷺メッセ 新潟コンベンションセンター,electronic,female,公演前日までにログイン情報共有,S,5.0,,QR,2026-08-26 13:55:32,2026-08-27 14:01:13,,,deleted,1,40000,"※プラベルにて出品いたしますのでご購入希望の方はメッセージをお願いいたします。
初期当選/QR毎/下3桁提示可/有効期限内
公演前日までに連絡ボードにて、ログイン情報をお伝え致します。入場完了後、公演開始前に受け取り通知とログアウトを速やかにお願いいたします。
サイチェン等ご自由にしていただいて構いませんが、名義を傷つける行為は絶対におやめください。
如何なる理由（ランダムエラー、本人確認、体調不良、交通機関の遅延、メンバーの不在など)でも、購入者都合のキャンセル返金はいたしません。公演中止の場合のみ手数料を引いた金額をお返しいたします。  トラブル防止の為、代理での購入はご遠慮下さい。以上のことをご理解いただける日本語の分かる方のみご購入お願いいたします。",True,2026-08
cqw8jvmwvn,1787231470201,naniwa-danshi-nd5,2026-09-06,13:00,朱鷺メッセ 新潟コンベンションセンター,electronic,female,同時入場後ランダム,himari,5.0,,ランダム,2026-08-20 13:11:10,2026-08-28 10:01:11,,,deleted,1,18000,"⭐︎プライベート出品に変更するためメッセージお願いします⭐︎

9/5昼夜もお譲り可能。
2公演まとめて4.0、3公演まとめて5.5にてお譲り可能です。

一部...",True,2026-08
sold_naniwa-danshi-nd5_1787275559139_17000,1787275559139,naniwa-danshi-nd5,2026-09-06,13:00,朱鷺メッセ 新潟コンベンションセンター,electronic,female,なにわ男子 FC枠当選/座席未定,,,,,2026-08-21 01:25:59,2026-08-31 15:01:19,2026-08-27 07:17:28,,sold,1,17000,"【指定席のお譲り】◎ チケットお取引が初めての方や、慣れていない方もご安心いただけるお取引をいたします。
◎ 入場方法がわからない場合も、当日お会いしてご挨拶し...",False,2026-08
sold_naniwa-danshi-nd5_1787644221365_42000,1787644221365,naniwa-danshi-nd5,2026-09-06,13:00,朱鷺メッセ 新潟コンベンションセンター,electronic,female,公演前日にQRコード共有,,,,,2026-08-25 07:50:21,2026-08-31 15:01:19,2026-08-27 07:17:28,,sold,1,42000,"QR/初期当選/すり替えなし/下３桁提示可能/有効期限内/着ブロ指定無し

入場後は速やかに受取連絡お願いします。
公演中止以外の返金はいかなる理由でも致しかね...",False,2026-08
t2rsecw6cm,1785757412580,naniwa-danshi-nd5,2026-09-06,13:00,朱鷺メッセ 新潟コンベンションセンター,electronic,female,同行,R,5.0,,ランダム,2026-08-03 11:43:32,2026-08-27 14:01:13,,,deleted,1,20000,"🌟少人数ランダム配布🌟
・ランダム配布のため座席選択不可
・座席選択のため入場後、チケットを1度回収します。
・購入後、スムーズにお取引が出来るよう当日連絡が着く携帯電話番号のご提示をお願い致します。
・公演当日は開場の40分前を目安に指定の場所に集合お願いします。交通機関の遅れなど10分以上遅刻の際は待たずに入場させていただく場合もありますがその際も受取通知をして頂きます。
・入場の際発券のため、購入者様の端末をお借りする可能性があります。その際持ち逃げ防止のため、一時的に身分証をお預かりする場合があるのでご用意お願いいたします。
・入場後は座席選択のため一旦解散してください。チケットをお渡しの際にお電話します。
・受け取り通知後にチケットをお渡ししますので画面を準備して集合場所に来ていただくようお願い致します。受け取り通知が確認できない場合はチケットをお渡しできません。
・ランダムエラー、体調不良、本人確認等その他いかなる理由での返金は一切致しかねます。なお、公演中止の場合は手数料差し引いた額を返金致します。
上記、落札後は全て同意いただけたものとします。",True,2026-08
pr1o6ettsn,1787473678513,naniwa-danshi-nd5,2026-09-06,13:00,朱鷺メッセ 新潟コンベンションセンター,electronic,female,入金後24時間以内にQRコード共有,🩵,5.0,,QR,2026-08-23 08:27:58,2026-08-31 15:01:19,,,listing,1,51000,"単番(1枚)⭐️QR毎でのお譲りです。

取引確定後のキャンセル、変更、返金は出来ません。いかなる理由があっても（ランダムエラー、本人確認、飛行機の欠航遅延、出...",True,2026-08
sold_naniwa-danshi-nd5_1787099675388_18000,1787099675388,naniwa-danshi-nd5,2026-09-06,13:00,朱鷺メッセ 新潟コンベンションセンター,electronic,female,なにわ男子 FC枠当選/座席未定,,,,,2026-08-19 00:34:35,2026-08-31 15:01:19,2026-08-27 07:17:28,,sold,1,18000,"【指定席のお譲り】◎ チケットお取引が初めての方や、慣れていない方もご安心いただけるお取引をいたします。
◎ 入場方法がわからない場合も、当日お会いしてご挨拶し...",False,2026-08
qo39ll1bsu,1787317896664,naniwa-danshi-nd5,2026-09-06,13:00,朱鷺メッセ 新潟コンベンションセンター,paper,none,ランダム配布,も,5.0,,ランダム,2026-08-21 13:11:36,2026-08-31 15:01:19,2026-08-28 08:01:11,transition_observed,sold,1,10000,"⭐️単番2名義のみの小規模ランダム配布⭐️
20分前渡し1.5にて🉑
中相場買取🉑

1部サイト通し残り当日手渡し🉑
プラベル通し🉑
・開場30分前会場...",True,2026-08
sold_naniwa-danshi-nd5_1786535891905_10000,1786535891905,naniwa-danshi-nd5,2026-09-06,13:00,朱鷺メッセ 新潟コンベンションセンター,electronic,female,同行,,,,,2026-08-12 11:58:11,2026-08-31 15:01:19,2026-08-27 07:17:28,,sold,1,10000,"・ご購入前にメッセージいただければ、プライベート出品に変更いたします

・ランダムでのお譲りとなりますので、ご自身で座席選択はできません旨ご了承下さい。座席に関...",False,2026-08
sold_naniwa-danshi-nd5_1787202869103_44000,1787202869103,naniwa-danshi-nd5,2026-09-06,13:00,朱鷺メッセ 新潟コンベンションセンター,electronic,female,公演前日18時以降ログイン情報共有,,,,,2026-08-20 05:14:29,2026-08-31 15:01:19,2026-08-27 07:17:28,,sold,2,44000,"QR毎/初期当選/下3桁提示可/有効期限内／着ブロ希望無/返送物戻り無/重複すり替え無/コンビニ支払い

公演前日の夜に連絡ボードにてログインに必要な情報をお伝...",False,2026-08
g8r86a2qg1,1787352471122,naniwa-danshi-nd5,2026-09-06,13:00,朱鷺メッセ 新潟コンベンションセンター,electronic,female,同行,R,5.0,,ランダム記載あり,2026-08-21 22:47:51,2026-08-31 15:01:19,2026-08-28 11:01:14,transition_observed,sold,2,18000,"・メッセージをいただければ、プライベート出品に変更いたします

・ランダムでのお譲りとなりますので、ご自身で座席選択はできません旨ご了承下さい。座席に関するクレ...",True,2026-08
sold_naniwa-danshi-nd5_1787578844591_43000,1787578844591,naniwa-danshi-nd5,2026-09-06,13:00,朱鷺メッセ 新潟コンベンションセンター,electronic,female,公演前日までにログイン情報共有,,,,,2026-08-24 13:40:44,2026-08-31 15:01:19,2026-08-27 07:17:28,,sold,2,43000,"QR毎/重複無し/初期期選/発送物戻り無し/着ブロ希望無し/下3桁提示可/有効期限内/前回スタンド/代表者同意チェック可

体調不良、ランダムエラー、システムエ...",False,2026-08
3eivx10mkq,1786809228901,naniwa-danshi-nd5,2026-09-06,13:00,朱鷺メッセ 新潟コンベンションセンター,electronic,female,同行,トト,5.0,,番手,2026-08-15 15:53:48,2026-08-31 15:01:19,2026-08-27 11:01:15,,sold,2,40000,"座席未定/3名義中2番手/初期当選/すり替えなし/有効期限内/PayEasy決済/返送物なし/下3桁提示可/プラベ変更可
・公演当日、開演1時間前に会場付近にて待ち合わせし、同時入場していただきます。詳しい待ち合わせ時間・場所等は、当日お知らせします。
・3名義（すべて初期当選）所持のため、同時に入場後チケットを一度回収し、こちらで座席選択後チケットをお渡しします。チケットをお渡しするまで少しお時間をいただく場合がありますが、入場後20分までにはお渡しします。サイチェン可能
・QRコードが表示できる端末をお借りする場合がありますのでその時はご対応お願いします。
・受取通知はチケットお渡し時にその場でお願いいたします。
・電波の原因で連絡ボードが使えない可能性ありますので、ご連絡先の電話番号とお名前(仮名でも大丈夫)をお聞かせください。
・公演中止の場合のみ手数料を差し引いた全額をご返金致します。公演中止以外いかなる理由(本人確認、交通遅延、体調不良、ランダムエラー等如何なる場合)でもキャンセルやご返金は致しかねます。",True,2026-08
nbjvbj49lp,1787233793191,naniwa-danshi-nd5,2026-09-06,13:00,朱鷺メッセ 新潟コンベンションセンター,paper,female,当日手渡し,mm,5.0,,同行,2026-08-20 13:49:53,2026-08-28 01:01:21,,,deleted,1,48000,"プラベル対応可能（即4.5）
初期当選/初当選/重複すり替え無し同行/下3桁提示可能/サイチェン可/大橋担不可
当日会場付近で合流後、一緒に入場していただきます。入場後、当方が座席選択後チケットお渡しいたします。
ランダムエラーや体調不良など万が一入場ができなかった場合、いかなる場合でもキャンセル、返金は出来かねますのでご了承くださいませ。
ご質問等ございましたら可能な範囲内でお答え致します。",True,2026-08
sold_naniwa-danshi-nd5_1786939011830_48604,1786939011830,naniwa-danshi-nd5,2026-09-06,13:00,朱鷺メッセ 新潟コンベンションセンター,electronic,female,公演前日にQRコード共有,,,,,2026-08-17 03:56:51,2026-08-31 15:01:19,2026-08-27 07:17:28,,sold,1,48604,"初期当選 有効期限内 下3桁提示可 重複すり替えなし
公演中止以外の返金不可
如何なる場合でも受け取り評価して頂きます。",False,2026-08
zwh15twapu,1786816715874,naniwa-danshi-nd5,2026-09-06,13:00,朱鷺メッセ 新潟コンベンションセンター,electronic,female,2名義中1番手,りり,5.0,,同行番手,2026-08-15 17:58:35,2026-08-27 14:01:13,,,deleted,1,60000,"⭐️2名義中1番手⭐️(大西担不可)
下3桁提示可/過去エラーなし/有効期限内
一部チケテン通し、残り手渡しも可能です。コメントください。
2連×2名義で入場いたします。
端末はこちらで用意しますが、持ち逃げ防止のため一時的に身分証の預かりさせていただく可能性がございます。ご了承ください。
2番手はランダムで売る予定ですので座席は4枚中2枚目に好きな席選んでいただいて構いません。当方大西担と連番になる可能性がございますので大西担は不可とさせて頂きます。
ランダムエラーや本人確認での退場等、公演中止以外のいかなる場合でも返金、キャンセル致しかねます。公演中止の場合のみ手数料を差し引いた額を返金いたします。
番手崩さず入場いたしますので、エラーが出た際ももう一名義で入場できると考えていただいて問題ございません。
ご不明点ございましたら購入前にコメント頂けますと幸いです。",True,2026-08
j2euueh0d2,1786017274588,naniwa-danshi-nd5,2026-09-06,13:00,朱鷺メッセ 新潟コンベンションセンター,electronic,female,公演前日QRコード共有,h,5.0,,QR,2026-08-06 11:54:34,2026-08-27 13:01:15,,,deleted,2,47000,"QR毎/有効期限内/発送物戻り無/すり替え無し/下3桁提示可/初期当選/着ブロ選択無
購入希望の方はプライベート出品します。公演日前日にメッセージにてログイン情報をお伝えします。
入場後は開演前までに、速やかに受取とログアウトのご報告をお願いします。
入場時の撮影行為・券面のSNS掲載・座席での迷惑行為はご遠慮ください。
公演中止の場合は手数料を差し引いた金額を返金いたします。体調不良・公共交通機関の遅れ・出演者の変更・同行者チェックのミス・ランダムエラー等いかなる場合でも公演中止以外の返金はいたしかねます。万が一入場ができなかった場合でも受取はしていただきます。
お席のクレーム等は一切お受けできません。",True,2026-08
sold_naniwa-danshi-nd5_1786575732032_80000,1786575732032,naniwa-danshi-nd5,2026-09-06,13:00,朱鷺メッセ 新潟コンベンションセンター,electronic,female,同行,,,,,2026-08-12 23:02:12,2026-08-31 15:01:19,2026-08-27 07:17:28,,sold,1,80000,"3名義中1番手(2連×3名義6枚中当方が選んだ後2枚目の選択になります。)

入場後は当方の後2番目にお選びいただけます。3〜6番目の方も単番のため当方が選んだ...",False,2026-08
sold_naniwa-danshi-nd5_1787556065301_43000,1787556065301,naniwa-danshi-nd5,2026-09-06,13:00,朱鷺メッセ 新潟コンベンションセンター,electronic,female,QR,,,,,2026-08-24 07:21:05,2026-08-31 15:01:19,2026-08-27 07:17:28,,sold,1,43000,"QR毎単番
有効期限内/初期当選/着ブロ選択なし/その他不備なし/すり替えなし/下3桁提示可能 

代表者の同意チェックはご購入者様の方で行っていただき入場して...",False,2026-08
sold_naniwa-danshi-nd5_1787200183410_30000,1787200183410,naniwa-danshi-nd5,2026-09-06,13:00,朱鷺メッセ 新潟コンベンションセンター,electronic,female,3名義中3番手,,,,,2026-08-20 04:29:43,2026-08-31 15:01:19,2026-08-27 07:17:28,,sold,1,30000,"3名義中3番手
すり替えなし/有効期限内名義/初期当選/会員番号下3桁提示可能/同一クレカ支払いなし/郵送物出戻りなし

プライベート出品も可能ですので、ご希望...",False,2026-08
oqkpd68u3x,1787317983877,naniwa-danshi-nd5,2026-09-06,13:00,朱鷺メッセ 新潟コンベンションセンター,electronic,none,2名義中2番手,も,5.0,,番手,2026-08-21 13:13:03,2026-08-28 08:01:11,,,deleted,1,35000,"2名義中2番手
⭐️全て前回スタンド⭐️
1部サイト残り当日手渡し可能です⭕️
プラベル通しも🉑
下3桁提示/すり替えなし/全て初期当選/有効期限内/

開場...",True,2026-08
49l7c7i9ag,1787181094401,naniwa-danshi-nd5,2026-09-06,13:00,朱鷺メッセ 新潟コンベンションセンター,electronic,none,少人数ランダム配布,みゅん,5.0,,ランダム,2026-08-19 23:11:34,2026-08-27 22:01:15,,,deleted,1,10500,"少人数ランダム配布
複数名義所持しておりますので、同時入場後にこちらでチケット回収します。その後一度解散し、再度待ち合わせをし開演5~10分前までにチケットをお渡しいたします。
ご購入者様に座席の選択権はなく、下3桁に関しましてもお答え出来かねます。お座席に関するクレームは受け付けません。
公演当日は開場20~30分前を目安に集合予定です。買い手様に当日QRの表示をお願いする場合がありますのでその際はご協力をお願いいたします。
当日のスムーズなお取引のため、あらかじめ電話番号の交換をお願いいたします。
集合時間に遅れた場合、先に入場させて頂きますので時間厳守でお願いいたします。交通事情等のいかなる理由での遅刻でも受け取り評価はして頂きます。
公演中止以外でのランダムエラー、本人確認、交通機関の遅れ、体調不良等いかなる理由においても一切返金しません。
当日は会場内にて一度解散後、チケットお渡しする際にご連絡させて頂きますので再度待ち合わせお願いいたします。
チケットお渡しの際に必ず受け取り評価お願い致します。受け取り評価して頂けない場合チケットはお渡しいたしかねます。
入金後のいかなる理由でもキャンセル返金等いたしません。
上記内容全て承諾頂けた方のみご購入お願いいたします。
日本語の通じる方、連絡ボードにてこまめに連絡をとりあえる方、当日連絡の取れる電話番号がある方、当日入場されるご本人がご購入お願いいたします。",True,2026-08
y7n4soghis,1786574865977,naniwa-danshi-nd5,2026-09-06,13:00,朱鷺メッセ 新潟コンベンションセンター,electronic,female,同行,K,5.0,,ランダム記載あり,2026-08-12 22:47:45,2026-08-31 15:01:19,2026-08-27 14:01:13,,sold,1,24000,"3名義中3番手(2連×3名義6枚中6枚目の選択になります。)
初期当選//有効期限内/
下3桁提示可/重複すり替えなし/過去エラーなし/発送物戻りなし
公演当日、開演1時間前頃会場付近で待ち合わせし入場いたします。時間および集合場所の詳細については、公演日前日に連絡ボードにてお伝えいたします。
当日連絡がスムーズに取れるように電話番号の交換をお願いする場合がございます。
遅刻はいかなる場合でも先に入場させていただきますが、受け取り評価は必ずしていただきます。
チケットお渡しの際にその場で受取評価をお願いいたします。
入場後は当方の後2〜5番目の方がお座席を選んだ後お渡しするため、お席はお選びいただくことは出来ません。少々お時間をいただきますがすり替えは一切いたしません。
代理購入はトラブル回避の為ご遠慮ください。必ず入場される方がご購入いただくようお願いいたします。
盗撮など名義を傷つける行為をされる方はご遠慮ください。
公演中止の場合のみ手数料を引いた金額を返金いたします。
本人確認、ランダムエラー、赤線エラー、交通機関のトラブル、一部メンバー不在、ご購入様都合によるキャンセルなど如何なる場合でも返金対応、送金停止依頼は一切お受け出来ません。
お座席に関するクレームは一切受け付けておりません。
以上ご理解頂ける日本語の通じる成人女性のみご購入お願いいたします。
ご購入された方は上記の内容を全てご了承いただいたことと判断し、入金後のキャンセル及び返金は致しませんのでご了承ください。
よろしくお願いいたします。",True,2026-08
kmwcp1aeu8,1787026193814,naniwa-danshi-nd5,2026-09-06,13:00,朱鷺メッセ 新潟コンベンションセンター,electronic,female,🌟3名義中2番手🌟,R,5.0,,番手,2026-08-18 04:09:53,2026-08-27 13:01:15,,,deleted,2,37000,"初期当選、下3桁提示可、すり替えなし、有効期限内名義、過去エラー等不備無し
・座席選択のため入場後、チケットを1度回収します。
・購入後、スムーズにお取引が出来るよう当日連絡が着く携帯電話番号のご提示をお願い致します。
・公演当日は開場の40分前を目安に指定の場所に集合お願いします。交通機関の遅れなど10分以上遅刻の際は待たずに入場させていただく場合もありますがその際も受取通知をして頂きます。
・入場の際発券のため、購入者様の端末をお借りする可能性があります。その際持ち逃げ防止のため、一時的に身分証をお預かりする場合があるのでご用意お願いいたします。
・入場後は座席選択のため一旦解散してください。チケットをお渡しの際にお電話します。
・受け取り通知後にチケットをお渡ししますので画面を準備して集合場所に来ていただくようお願い致します。受け取り通知が確認できない場合はチケットをお渡しできません。
・ランダムエラー、体調不良、本人確認等その他いかなる理由での返金は一切致しかねます。なお、公演中止の場合は手数料差し引いた額を返金致します。
上記、落札後は全て同意いただけたものとします。",True,2026-08
sold_naniwa-danshi-nd5_1787031015129_7500,1787031015129,naniwa-danshi-nd5,2026-09-06,13:00,朱鷺メッセ 新潟コンベンションセンター,electronic,female,同行,A,5.0,,ランダム,2026-08-18 05:30:15,2026-08-31 15:01:19,2026-08-27 17:01:13,,sold,1,7500,"【条件あり FC当選のみ ランダム配布】
複数所持のため同時入場をお願い致します。
当日は開演の1時間30分前に会場付近に集合予定です。
同時入場後、一度チケッ...",True,2026-08
sold_naniwa-danshi-nd5_1787040224013_30000,1787040224013,naniwa-danshi-nd5,2026-09-06,13:00,朱鷺メッセ 新潟コンベンションセンター,electronic,female,3名義中3番手,,,,,2026-08-18 08:03:44,2026-08-31 15:01:19,2026-08-27 07:17:28,,sold,1,30000,"3名義中3番手
すり替えなし/有効期限内名義/初期当選/会員番号下3桁提示可能/同一クレカ支払いなし/郵送物出戻りなし

プライベート出品も可能ですので、ご希望...",False,2026-08
36yi36leme,1787457771832,naniwa-danshi-nd5,2026-09-06,17:30,朱鷺メッセ 新潟コンベンションセンター,electronic,female,公演前日までにログイン情報共有,⭐️,5.0,,QR,2026-08-23 04:02:51,2026-08-28 07:01:11,,,deleted,2,42000,"2連QRごと
すり替え重複なし/初期当選/有効期限内名義/下3桁提示可/サイチェン可/着ブロ希望なし/同行者FC会員/会員番号33万台
過去当選歴→Alpha：...",True,2026-08
sold_naniwa-danshi-nd5_1787495163788_22751,1787495163788,naniwa-danshi-nd5,2026-09-06,17:30,朱鷺メッセ 新潟コンベンションセンター,electronic,female,同行,,,,,2026-08-23 14:26:03,2026-08-31 15:01:19,2026-08-27 07:17:28,,sold,1,22751,"【💖様専用出品】

🔽以下内容です
・会場付近で待ち合わせし、同時に入場していただきます。その際に手渡し分、サイト通し分の送金お願い致します。
・詳しい時間...",False,2026-08
sold_naniwa-danshi-nd5_1785584362913_45000,1785584362913,naniwa-danshi-nd5,2026-09-06,17:30,朱鷺メッセ 新潟コンベンションセンター,electronic,female,同行,,,,,2026-08-01 11:39:22,2026-08-31 15:01:19,2026-08-27 07:17:28,,sold,1,45000,"当方（長尾担）との同行になります。
初当選/重複すり替えなし/着ブロなし/FC有効期限内/郵送物返送・過去エラーなし/下3桁提示可/長尾担不可

ランダムエラー...",False,2026-08
75ximp4xcx,1787573555513,naniwa-danshi-nd5,2026-09-06,17:30,朱鷺メッセ 新潟コンベンションセンター,electronic,female,同行,uknowjiji,5.0,,同行,2026-08-24 12:12:35,2026-08-29 01:01:15,,,deleted,2,35000,"2名義中2番手/初期当選/すり替えなし/有効期限内/下3桁提示可/着ブロ希望なし

当日開場時間前に会場付近にて待ち合わせ、同時入場して頂きます。詳細は公演日ま...",True,2026-08
ezg1kl54g2,1787670128244,naniwa-danshi-nd5,2026-09-06,17:30,朱鷺メッセ 新潟コンベンションセンター,electronic,female,当日,kz,5.0,,番手,2026-08-25 15:02:08,2026-08-31 15:01:19,,,listing,1,31000,"2名義中2番手/初期当選/すり替えなし/下3桁提示可/有効期限内名義/前回当選歴アルファースタンド席

・お譲りするチケットは2連中の1枚です。お座席を選択する...",True,2026-08
aoyo1yku6f,1787577247987,naniwa-danshi-nd5,2026-09-06,17:30,朱鷺メッセ 新潟コンベンションセンター,electronic,female,番手,ここ,5.0,,番手,2026-08-24 13:14:07,2026-08-31 15:01:19,,,listing,1,30000,"3名義中3番手／2連中の1枚を出品しています。
※2連のうち、1枚ずつ3番手で出品しています
※3番手のため座席選択権はございません

3名義全て初当選 (当選...",True,2026-08
9m867o75ok,1785594817058,naniwa-danshi-nd5,2026-09-06,17:30,朱鷺メッセ 新潟コンベンションセンター,electronic,female,番手,ここ,5.0,,番手,2026-08-01 14:33:37,2026-08-28 12:01:10,,,deleted,2,50000,"3名義中2番手
3名義すべて初期当選名義

初期当選/すり替えなし/下3桁提示可

プライベート出品に切り替えますので購入前に必ずメッセージをお願いします。...",True,2026-08
sold_naniwa-danshi-nd5_1787352520419_12000,1787352520419,naniwa-danshi-nd5,2026-09-06,17:30,朱鷺メッセ 新潟コンベンションセンター,electronic,female,同行,R,5.0,,ランダム,2026-08-21 22:48:40,2026-08-31 15:01:19,2026-08-27 16:01:18,,sold,2,12000,"・メッセージをいただければ、プライベート出品に変更いたします

・ランダムでのお譲りとなりますので、ご自身で座席選択はできません旨ご了承下さい。座席に関するクレ...",True,2026-08
8jxxrwk11l,1787031048165,naniwa-danshi-nd5,2026-09-06,17:30,朱鷺メッセ 新潟コンベンションセンター,electronic,female,同行,A,5.0,,ランダム,2026-08-18 05:30:48,2026-08-31 15:01:19,2026-08-28 08:01:11,transition_observed,sold,1,5000,"【条件あり FC当選のみ ランダム配布】
複数所持のため同時入場をお願い致します。
当日は開演の1時間30分前に会場付近に集合予定です。
同時入場後、一度チケッ...",True,2026-08
5ax85w8kbn,1787649923517,naniwa-danshi-nd5,2026-09-06,17:30,朱鷺メッセ 新潟コンベンションセンター,electronic,female,公演当日にQRコード共有,A,5.0,,QR,2026-08-25 09:25:23,2026-08-28 20:01:18,,,deleted,2,47000,"ボンボヤ落選/VOYAGEスタンド ★チケホル登録あり

⚠️プラベルに移行しますので必ずコメントお願いいたします！

QR毎/初期当選/有効期限内/重複すり替...",True,2026-08
hglacettvd,1787578657457,naniwa-danshi-nd5,2026-09-06,17:30,朱鷺メッセ 新潟コンベンションセンター,electronic,female,番手,ここ,5.0,,番手,2026-08-24 13:37:37,2026-08-28 12:01:10,,,deleted,1,38000,"3名義中2番手
※6枚中4枚目を選ぶ権利となります。

3名義全て初当選 (当選歴なし)
初期当選/すり替えなし/下3桁提示可

プラベル、プライベート出品対応...",True,2026-08
sold_naniwa-danshi-nd5_1785757467559_20000,1785757467559,naniwa-danshi-nd5,2026-09-06,17:30,朱鷺メッセ 新潟コンベンションセンター,electronic,female,同行,,,,,2026-08-03 11:44:27,2026-08-31 15:01:19,2026-08-27 07:17:28,,sold,1,20000,"少人数ランダム配布
・ランダム配布のため座席選択不可
・座席選択のため入場後、チケットを1度回収します。
・購入後、スムーズにお取引が出来るよう当日連絡が着く携...",False,2026-08
sold_naniwa-danshi-nd5_1786535853716_15000,1786535853716,naniwa-danshi-nd5,2026-09-06,17:30,朱鷺メッセ 新潟コンベンションセンター,electronic,female,同行,,,,,2026-08-12 11:57:33,2026-08-31 15:01:19,2026-08-27 07:17:28,,sold,1,15000,"・プライベート出品に変更いたします。ご購入前にメッセージお願いいたします。

・ランダムでのお譲りとなりますので、ご自身で座席選択はできません旨ご了承下さい。座...",False,2026-08
sold_naniwa-danshi-nd5_1787492111743_9800,1787492111743,naniwa-danshi-nd5,2026-09-06,17:30,朱鷺メッセ 新潟コンベンションセンター,electronic,female,会場にてお渡し,,,,,2026-08-23 13:35:11,2026-08-31 15:01:19,2026-08-27 07:17:28,,sold,2,9800,専用出品,False,2026-08
sold_naniwa-danshi-nd5_1787387755631_37000,1787387755631,naniwa-danshi-nd5,2026-09-06,17:30,朱鷺メッセ 新潟コンベンションセンター,electronic,female,公演日1日前までにQRコード共有,,,,,2026-08-22 08:35:55,2026-08-31 15:01:19,2026-08-27 07:17:28,,sold,2,37000,"2枚連番QR毎のお譲り
有効期限内　初期当選　着ブロ選択なし
すり替えなし 下3桁提示可能
前回アリーナ当選

前日に同行者登録の同意した上で買い手様にログイン...",False,2026-08
t07ftl95yi,1787189713699,naniwa-danshi-nd5,2026-09-06,17:30,朱鷺メッセ 新潟コンベンションセンター,electronic,female,公演日前日までにQRコード共有,り！,5.0,,QR,2026-08-20 01:35:13,2026-08-31 15:01:19,2026-08-28 06:01:16,transition_observed,sold,2,38000,"2枚連番QRコードのお譲りです
有効期限内　初期当選　着ブロ選択なし

すり替えなし 下3桁提示可能

前日に同行者登録の同意した上で買い手様にログイン情報お伝...",True,2026-08
sold_naniwa-danshi-nd5_1787540816724_8000,1787540816724,naniwa-danshi-nd5,2026-09-06,17:30,朱鷺メッセ 新潟コンベンションセンター,electronic,female,同行,,,,,2026-08-24 03:06:56,2026-08-31 15:01:19,2026-08-27 07:17:28,,sold,1,8000,"・ランダムでのお譲りとなりますので、ご自身で座席選択はできません旨ご了承下さい。座席に関するクレームはお受けいたしません。

・公演当日、開場15分前に会場付近...",False,2026-08
189qdx51gv,1787577998700,naniwa-danshi-nd5,2026-09-06,17:30,朱鷺メッセ 新潟コンベンションセンター,electronic,female,番手,ここ,5.0,,番手,2026-08-24 13:26:38,2026-08-31 15:01:19,,,listing,1,30000,"3名義中3番手／2連中の1枚を出品しています。
※2連のうち、1枚ずつ3番手で出品しています
※3番手のため座席選択権はございません

3名義全て初当選 (当選...",True,2026-08
sold_naniwa-danshi-nd5_1785930424281_40000,1785930424281,naniwa-danshi-nd5,2026-09-06,17:30,朱鷺メッセ 新潟コンベンションセンター,electronic,female,前日にQRコード共有,,,,,2026-08-05 11:47:04,2026-08-31 15:01:19,2026-08-27 07:17:28,,sold,2,40000,"FC先行 座席未定/初期当選/着ブロ希望なし/重複すり替えなし/下3桁提示可/有効期限内
",False,2026-08
ksl77w5bb6,1787630399921,naniwa-danshi-nd5,2026-09-06,17:30,朱鷺メッセ 新潟コンベンションセンター,electronic,female,同行,R,5.0,,ランダム,2026-08-25 03:59:59,2026-08-28 12:01:10,,,deleted,1,6000,"・ランダムでのお譲りとなりますので、ご自身で座席選択はできません旨ご了承下さい。座席に関するクレームはお受けいたしません。

・公演当日、開場20分前に会場付近...",True,2026-08
sold_naniwa-danshi-nd5_1785568389048_45000,1785568389048,naniwa-danshi-nd5,2026-09-06,17:30,朱鷺メッセ 新潟コンベンションセンター,electronic,female,前日までにログイン情報共有,,,,,2026-08-01 07:13:09,2026-08-31 15:01:19,2026-08-27 07:17:28,,sold,1,45000,"FC先行 座席未定/初期当選/着ブロ希望なし/重複すり替えなし/下3桁提示可/有効期限内/過去エラー郵送物戻り等なし

購入後連絡ボードにて詳細をお知らせ致しま...",False,2026-08
sold_naniwa-danshi-nd5_1786459609081_40000,1786459609081,naniwa-danshi-nd5,2026-09-06,17:30,朱鷺メッセ 新潟コンベンションセンター,electronic,female,公演日前日にログイン情報共有,,,,,2026-08-11 14:46:49,2026-08-31 15:01:19,2026-08-27 07:17:28,,sold,1,40000,"初期当選、有効期限内、QR毎、
公演日前日の夕方までにログイン情報をお渡ししますので当日入場後速やかに受け取り通知をお願いします。
入金確認後下3桁掲示可能
日...",False,2026-08
bxd58po66y,1786816940310,naniwa-danshi-nd5,2026-09-06,17:30,朱鷺メッセ 新潟コンベンションセンター,electronic,female,5枚中2枚目,りり,5.0,,同行番手,2026-08-15 18:02:20,2026-08-31 15:01:19,2026-08-28 03:01:09,,sold,1,70000,"⭐️3名義 5枚中2枚目⭐️(大西担不可)
下3桁提示可/過去エラーなし/有効期限内
一部チケテン通し、残り手渡しも可能です。コメントください。
2連×2名義 単番×1名義の計3名義5人で入場いたします。
端末はこちらで用意しますが、持ち逃げ防止のため一時的に身分証の預かりさせていただく可能性がございます。ご了承ください。
2.3番手はランダムで売る予定ですので座席は5枚中2枚目に好きな席選んでいただいて構いません。当方大西担と連番になる可能性がございますので大西担は不可とさせて頂きます。
ランダムエラーや本人確認での退場等、公演中止以外のいかなる場合でも返金、キャンセル致しかねます。公演中止の場合のみ手数料を差し引いた額を返金いたします。
番手崩さず入場いたしますので、エラーが出た際も他の名義で入場できると考えていただいて問題ございません。
ご不明点ございましたら購入前にコメント頂けますと幸いです。",True,2026-08
zur4xip7wf,1787390032316,naniwa-danshi-nd5,2026-09-06,17:30,朱鷺メッセ 新潟コンベンションセンター,electronic,female,同時入場 2名義中2番手 すり替えなし,まち,5.0,,番手,2026-08-22 09:13:52,2026-08-28 06:01:16,,,deleted,1,20000,"2名義中2番手/初期当選/同時入場/すり替えなし
サイチェン不可/録音録画行為等不可

プライベート出品に切り替えますので、一度ご連絡お願いいたします。

・公...",True,2026-08
sold_naniwa-danshi-nd5_1786971838636_40000,1786971838636,naniwa-danshi-nd5,2026-09-06,17:30,朱鷺メッセ 新潟コンベンションセンター,electronic,female,同行,,,,,2026-08-17 13:03:58,2026-08-31 15:01:19,2026-08-27 07:17:28,,sold,1,40000,"初期当選 / 有効期限内 / すり替えなし / 下3桁提示可

日本語がわかる方のみご購入お願いいたします。",False,2026-08
sold_naniwa-danshi-nd5_1787481241834_37500,1787481241834,naniwa-danshi-nd5,2026-09-06,17:30,朱鷺メッセ 新潟コンベンションセンター,electronic,female,公演日1日前までにQRコード共有,,,,,2026-08-23 10:34:01,2026-08-31 15:01:19,2026-08-27 07:17:28,,sold,2,37500,"2枚連番QR毎のお譲り
有効期限内　初期当選　着ブロ選択なし
すり替えなし 下3桁提示可能
前々回スタンド前回アリーナ当選

前日に同行者登録の同意した上で買い...",False,2026-08
sskhpxwrbi,1787464851421,naniwa-danshi-nd5,2026-09-06,17:30,朱鷺メッセ 新潟コンベンションセンター,electronic,female,同行,ぷ,5.0,,番手,2026-08-23 06:00:51,2026-08-31 15:01:19,2026-08-28 12:01:10,transition_observed,sold,1,12000,"6名義中6番手
座席未定  / 初期当選/着ブロ希望なし/重複すり替えなし （ 下3桁掲示可 ）/ 有効期限内名義

ランダムエラー等による返金、座席に関するク...",True,2026-08
a0bc7skw67,1787578535174,naniwa-danshi-nd5,2026-09-06,17:30,朱鷺メッセ 新潟コンベンションセンター,electronic,female,番手,ここ,5.0,,番手,2026-08-24 13:35:35,2026-08-28 12:01:10,,,deleted,1,39000,"3名義中2番手
※6枚中3枚目を選ぶ権利となります。

3名義全て初当選 (当選歴なし)
初期当選/すり替えなし/下3桁提示可

プラベル、プライベート出品対応...",True,2026-08
sold_naniwa-danshi-nd5_1786032866002_39999,1786032866002,naniwa-danshi-nd5,2026-09-06,17:30,朱鷺メッセ 新潟コンベンションセンター,electronic,female,公演前日にログイン情報提示,,,,,2026-08-06 16:14:26,2026-08-31 15:01:19,2026-08-27 07:17:28,,sold,1,39999,"復活当選/QR毎/下3桁提示可能/注釈付
公演中止以外での返金不可
サイチェン可能
ランダムエラー、本人確認、交通機関の乱れ等では一切返金できません",False,2026-08
4t1pda0pt7,1787555857897,naniwa-danshi-nd5,2026-09-06,17:30,朱鷺メッセ 新潟コンベンションセンター,electronic,female,QR,♡,4.7,,同行記載あり,2026-08-24 07:17:37,2026-08-31 15:01:19,2026-08-27 10:01:13,,sold,2,38000,"最終当選歴スタンド
2連番QR毎
有効期限内/初期当選/着ブロ選択なし/すり替えなし/下3桁提示可能
前日に同行者登録の同意した上で買い手様にログイン情報お伝えします。代表者の同意チェックはご購入者様の方で行っていただき入場してください。
※マイページの個人情報の変更は絶対しないようお願いいたします。
入場後は速やかにログアウトと受け取り連絡をお願い致します。
本人確認、赤線エラー、ランエラー等で入場不可な場合やいかなる場合でも返金は致しません。かならず受取り連絡をお願い致します。
公演中止の際は手数料差し引いた額を返金致します。
座席のクレームは一切受け付けません。",True,2026-08
sold_naniwa-danshi-nd5_1787235646635_30000,1787235646635,naniwa-danshi-nd5,2026-09-06,17:30,朱鷺メッセ 新潟コンベンションセンター,electronic,none,同行,,,,,2026-08-20 14:20:46,2026-08-31 15:01:19,2026-08-27 07:17:28,,sold,1,30000,"2名義中2番手/初期当選/すり替えなし
サイチェン不可/

プラベル出品可能 お気軽にご連絡下さい。

こちらのチケットは当方がお取引決定させて頂いた売り手様の...",False,2026-08
2gvoi71tyw,1786541748032,naniwa-danshi-nd5,2026-09-06,17:30,朱鷺メッセ 新潟コンベンションセンター,electronic,female,公演前日QRコード共有,めろ,5.0,,QR,2026-08-12 13:35:48,2026-08-31 15:01:19,,,listing,1,48000,"初期当選/QR毎/有効期限内/下3桁提示可能/すり替えなし/発送物戻りなし

QR毎のお譲りとなります。ご希望であれば事前に下3桁提示可能です。
公演前日にログ...",True,2026-08
sold_naniwa-danshi-nd5_1786602138358_21892,1786602138358,naniwa-danshi-nd5,2026-09-06,17:30,朱鷺メッセ 新潟コンベンションセンター,electronic,female,同行,,,,,2026-08-13 06:22:18,2026-08-31 15:01:19,2026-08-27 07:17:28,,sold,2,21892,"3名義中2番手/すり替え無し/下３桁提示可能/有効期限内名義/初期当選

以下、全てご了承いただける方のみご購入ください。

・スムーズなお取引のため、成人済み...",False,2026-08
sold_naniwa-danshi-nd5_1787097538494_32000,1787097538494,naniwa-danshi-nd5,2026-09-06,17:30,朱鷺メッセ 新潟コンベンションセンター,electronic,female,同行,,,,,2026-08-18 23:58:58,2026-08-31 15:01:19,2026-08-27 07:17:28,,sold,2,32000,"2名義中2番手/発送物戻りなし / 下3桁提示可能/すり替えなし/サイチェン不可

2名義のうち2番手2枚のチケットをお渡しいたします。

公演当日、こちらが指...",False,2026-08
sold_naniwa-danshi-nd5_1786752750757_20000,1786752750757,naniwa-danshi-nd5,2026-09-06,17:30,朱鷺メッセ 新潟コンベンションセンター,electronic,female,同時入場後3番手でのお渡し,,,,,2026-08-15 00:12:30,2026-08-31 15:01:19,2026-08-27 07:17:28,,sold,2,20000,"3名義中3番手／初期選/すり替えなし/下3桁提示可能/有効期限内/郵送物戻り無し/着ブロ指定無し

下記ご一読の上ご購入下さい。
・取引確定後、如何なる理由
（...",False,2026-08
sold_naniwa-danshi-nd5_1787227598773_71500,1787227598773,naniwa-danshi-nd5,2026-09-19,13:30,あなぶきアリーナ香川,paper,female,公演前日ログイン情報共有,,,,,2026-08-20 12:06:38,2026-08-31 15:01:19,2026-08-27 07:17:28,,sold,1,71500,"FC枠初期当選/QR毎/重複すり替えなし/下3桁提示可/有効期限内/発送物戻りなし/着ブロ希望なし/エラー履歴なし

公演前日の夜に、マイページの連絡ボードにて...",False,2026-08
sold_naniwa-danshi-nd5_1785727794191_80000,1785727794191,naniwa-danshi-nd5,2026-09-19,13:30,あなぶきアリーナ香川,electronic,female,公演前日QR共有,,,,,2026-08-03 03:29:54,2026-08-31 15:01:19,2026-08-27 07:17:28,,sold,2,80000,"QR毎 /初期当選/重複すり替えなし・下3桁提示可/前回スタンド/有効期限内/発送戻り無

公演前日夜までにログイン情報をお伝え致します。
同行者の同意チェック...",False,2026-08
sold_naniwa-danshi-nd5_1785565374668_40000,1785565374668,naniwa-danshi-nd5,2026-09-19,13:30,あなぶきアリーナ香川,electronic,female,公演日7日前までにQRコード共有,,,,,2026-08-01 06:22:54,2026-08-31 15:01:19,2026-08-27 07:17:28,,sold,1,40000,,False,2026-08
sold_naniwa-danshi-nd5_1785923811351_26000,1785923811351,naniwa-danshi-nd5,2026-09-19,13:30,あなぶきアリーナ香川,electronic,female,QRコードのため当日発券時まで座席未定,n,4.9,,ランダム記載あり,2026-08-05 09:56:51,2026-08-31 15:01:19,2026-08-27 09:01:06,,sold,1,26000,"★初心者の方、初めての方でも丁寧に説明させていただきます。安心いただけるお取引を心がけます。 
  
★少人数集合（2〜6人予定）
大人数が苦手な方も安心してご...",True,2026-08
7eflvg66r3,1787542747496,naniwa-danshi-nd5,2026-09-19,13:30,あなぶきアリーナ香川,electronic,female,同行,M,5.0,,ランダム,2026-08-24 03:39:07,2026-08-28 11:01:14,,,deleted,1,32000,"ファンクラブ先行 座席未定 ランダム配布 条件あり 4名義で入場予定 座席案内で指定席がこれば指定でそのままお渡しします

掲載内容を必ずご確認いただき、【ラン...",True,2026-08
sold_naniwa-danshi-nd5_1787008020917_53000,1787008020917,naniwa-danshi-nd5,2026-09-19,13:30,あなぶきアリーナ香川,electronic,female,同行,,,,,2026-08-17 23:07:00,2026-08-31 15:01:19,2026-08-27 07:17:28,,sold,2,53000,"【m様特別出品】
※内容ご確認の上入金ください 
※4.0/枚×2＝8.0当日手渡し

ファンクラブ先行 座席未定 初期当選 下3桁提示可能 有効期限内 すり替...",False,2026-08
hodgovdm5s,1787391244114,naniwa-danshi-nd5,2026-09-19,13:30,あなぶきアリーナ香川,electronic,male,公演前日にQR共有,いち,5.0,,QR,2026-08-22 09:34:04,2026-08-27 16:01:18,,,deleted,1,75000,"初期当選/ランエラ経験無し/下3桁提示可
公演中止の際は手数料を差し引いた金額を返金致しますが、それ以外の如何なる理由であっても返金いたしませんので、ご了承ください。
入場後は開演前に受け取り通知とログアウトを速やかにお願いいたします。",True,2026-08
sold_naniwa-danshi-nd5_1785853666171_32000,1785853666171,naniwa-danshi-nd5,2026-09-19,13:30,あなぶきアリーナ香川,electronic,female,同行,,,,,2026-08-04 14:27:46,2026-08-31 15:01:19,2026-08-27 07:17:28,,sold,1,32000,"少人数ランダム配布

公演当日、開場時間20分前に待ち合わせし、同時入場していただきます。時間厳守でお願いいたします。

入場後はチケットを回収させていただき一...",False,2026-08
b26vvtuom5,1786940184431,naniwa-danshi-nd5,2026-09-19,13:30,あなぶきアリーナ香川,electronic,female,同行,もも,5.0,,同行,2026-08-17 04:16:24,2026-08-28 01:01:21,,,deleted,1,71000,"初期当選/重複すり替えなし/下3桁提示可/有効期限内/サイチェン可
※大橋担、20歳以下不可
開場30分前に会場付近にて待ち合わせ、同時入場していただきます。
待ち合わせに遅れた場合先に入場いたしますがその場合も受取通知はお送りいただきます。
お取引確定後のいかなる場合もキャンセル、返金は受付いたしかねます。
ご購入ご希望の際は特別出品に切り替えますので、担当を添えてコメントください。",True,2026-08
sold_naniwa-danshi-nd5_1787630963085_25000,1787630963085,naniwa-danshi-nd5,2026-09-20,13:00,あなぶきアリーナ香川,electronic,female,少人数ランダム配布,,,,,2026-08-25 04:09:23,2026-08-31 15:01:19,2026-08-27 07:17:28,,sold,1,25000,"【少人数ランダム配布】
複数名義所持している為、入場後チケットを一度回収しランダム配布させて頂きます。

中相場買取可能⭕️

公演当日、開場時間20分前に会場...",False,2026-08
sold_naniwa-danshi-nd5_1787202378414_25000,1787202378414,naniwa-danshi-nd5,2026-09-20,13:00,あなぶきアリーナ香川,electronic,female,同行,,,,,2026-08-20 05:06:18,2026-08-31 15:01:19,2026-08-27 07:17:28,,sold,1,25000,"・入場時刻の35分前を目安に会場付近に集合し、同時入場をさせて頂きます。
・交通機関やトラブル等を加味し、時間に余裕を持って会場へお越し頂きますようお願いします...",False,2026-08
sold_naniwa-danshi-nd5_1787194978852_24000,1787194978852,naniwa-danshi-nd5,2026-09-20,13:00,あなぶきアリーナ香川,paper,none,同行,,,,,2026-08-20 03:02:58,2026-08-31 15:01:19,2026-08-27 07:17:28,,sold,1,24000,"⭐️少人数ランダム配布⭐️
FC先行　ランダム配布の為座席はお選び頂けません。
・開場の20分前集合を予定しております。
・入場時に身分証明書をお預かりさせて頂...",False,2026-08
sold_naniwa-danshi-nd5_1786724289755_40000,1786724289755,naniwa-danshi-nd5,2026-09-20,13:00,あなぶきアリーナ香川,electronic,female,公演2日前までにログイン情報共有,,,,,2026-08-14 16:18:09,2026-08-31 15:01:19,2026-08-27 07:17:28,,sold,2,40000,"初期当選/発送物戻りなし/過去発券エラーなし

QR毎でのお譲りです。
公演2日前までにログイン情報をお送りするのでご自身で発券・入場お願いします。

過去の当...",False,2026-08
g531hwaboi,1787807153857,naniwa-danshi-nd5,2026-09-20,13:00,あなぶきアリーナ香川,electronic,none,同行,あい,5.0,,ランダム,2026-08-27 05:05:53,2026-08-31 15:01:19,2026-08-28 06:01:16,transition_observed,sold,1,27000,"✨️少人数ランダム✨
当日開場15分前に此方が指定した集合場所にお集まり頂き、同時入場して頂きます。入場後一度解散し開演10分前を目安にチケットをお渡しします。...",True,2026-08
4qkbb73cfu,1786250516014,naniwa-danshi-nd5,2026-09-20,13:00,あなぶきアリーナ香川,electronic,female,同行,ぴ,5.0,,同行,2026-08-09 04:41:56,2026-08-28 11:01:14,,,deleted,1,70000,重複なし同行,True,2026-08
8biyq9mbz2,1787306255079,naniwa-danshi-nd5,2026-09-20,13:00,あなぶきアリーナ香川,electronic,female,同行,ぱぴもち,5.0,,同行,2026-08-21 09:57:35,2026-08-31 15:01:19,2026-08-28 00:01:11,,sold,1,67500,"同行/道枝担不可/復活当選/有効期限内/発送物戻りなし/下3桁提示可/2連中の1枚
当日は会場の指定の場所へ集合し同時入場していただきます。集合時間・待ち合わせ場所につきましては、当日までに連絡ボードにて連絡いたします。
遅刻はお待ちいたしませんのでその際も受け取り評価していただきます。
入場後はチケットを一度回収し、こちらで座席を選択させていただきます。当方と同行のため、チケットはお選びいただけません。
チケットお渡し後は、その場で受取確認をお願いいたします。座席に関するクレームやお渡しの催促は一切お受けできません。
ご購入は成人済みの日本人女性の方のみお願いいたします。
当日の交通機関の遅延、ランダムエラー、本人確認、体調不良等による入場不可など、公演中止以外の理由によるキャンセルは一切受け付けません。公演中止の場合に限り、定価＋手数料を差し引いた金額を返金いたします。
以上をご理解いただける方のみご購入をお願いいたします。",True,2026-08
91w7q5z4yc,1787410244108,naniwa-danshi-nd5,2026-09-20,13:00,あなぶきアリーナ香川,electronic,female,同行,a,5.0,,同行,2026-08-22 14:50:44,2026-08-28 12:01:10,,,deleted,1,52000,"入場後即渡し

プライベート出品いたしますので、ご購入希望の方はご購入前に必ずコメントをお願いいたします。

2連中の1枚/重複無し同行/下三桁提示可/復活当選...",True,2026-08
osbie2z6f8,1787458301883,naniwa-danshi-nd5,2026-09-20,13:00,あなぶきアリーナ香川,electronic,female,公演日当日QRコード共有,♡,5.0,,QR,2026-08-23 04:11:41,2026-08-28 03:01:09,,,deleted,1,83000,"プラベルにて対応いたします。
/初期当選/重複すり替え無し/下3桁提示可/発送物戻り無し/着ブロ指定無し/Jr時代からの引き継ぎ名義
入金後すぐログイン情報をお伝えいたします。必ずログインできたかどうかのご連絡をお願いいたします。
同意チェックは購入者様に行っていただきます。赤線エラー等出ましてもご返金はいたしかねます。
入場後は速やかにご着席前に受け取り評価をお願いいたします。
FCサイトのスクショ、チケットの表示に必要なページ以外の閲覧はお控えください。座席位置や席種に関するクレーム、入場時のシステムトラブル等による返金対応は一切いたしかねます。デジタルチケットとなりますので座席のクレームは一切受け付けませんのでご了承下さい。
ランダムエラー、本人確認、買い手様の体調不良や公共交通機関の乱れによる入場できない場合などいかなる理由においても返金はお受けできませんので、あらかじめご了承ください。
本人確認等により入場できなかった場合につきましても、当方では責任を負いかねます。
ランダムエラー等の発生につきましては事前に予測・対応ができないため、万が一発生した場合でも返金対応はいたしかねます。
ご自身の端末・通信環境・アプリ動作不良等により入場できなかった場合も責任を負いかねます。
購入者本人以外の利用はお断りいたします。
日本語での円滑なやり取りが可能でこまめにやり取りが行える方のみご購入お願いいたします。
購入後他の方へログイン情報を教える行為はご遠慮ください。
お取引成立後のキャンセルは理由を問わずお断りいたします。
出演者変更等によるキャンセルにも対応いたしかねます。
公演中止の場合を除き、返金は一切不可とさせていただきます。
公演中止以外は如何なる理由であっても必ず受取はしていただきます。送金ロックはご遠慮ください。
購入された時点で以上のことに同意されたとみなします。",True,2026-08
sold_naniwa-danshi-nd5_1787420880206_36195,1787420880206,naniwa-danshi-nd5,2026-09-20,13:00,あなぶきアリーナ香川,electronic,female,公演前日までにログイン情報共有,,,,,2026-08-22 17:48:00,2026-08-31 15:01:19,2026-08-27 07:17:28,,sold,1,36195,"初当選、道枝名義

名義に傷がつくような行動しない方にお譲りしたいと考えてます。
入場後すぐさまログアウトしてご連絡の程お願いいたします

最後まで連絡が取れる...",False,2026-08
sold_naniwa-danshi-nd5_1787492824056_71500,1787492824056,naniwa-danshi-nd5,2026-09-20,17:30,あなぶきアリーナ香川,electronic,female,公演日2日前までにQRコード共有,,,,,2026-08-23 13:47:04,2026-08-31 15:01:19,2026-08-27 07:17:28,,sold,2,71500,"初期当選 有効期限内会員 発送物戻り等の不備なし
初当選名義 QRでのお譲り すり替えなし 下3桁提示可能

公演2日前までにログイン情報を送付します。
同行者...",False,2026-08
sold_naniwa-danshi-nd5_1787142885426_65000,1787142885426,naniwa-danshi-nd5,2026-09-20,17:30,あなぶきアリーナ香川,electronic,female,公演日7日前までにQRコード共有,,,,,2026-08-19 12:34:45,2026-08-31 15:01:19,2026-08-27 07:17:28,,sold,1,65000,"初期当選/ /QRごと/下3桁提示可/ 有効期限内 です。

当選歴Alpha、座席はスタンドです。

公演日1〜2日前にログイン(QRコードの表示)に必要な情...",False,2026-08
sold_naniwa-danshi-nd5_1787195064757_24000,1787195064757,naniwa-danshi-nd5,2026-09-20,17:30,あなぶきアリーナ香川,electronic,none,同行,,,,,2026-08-20 03:04:24,2026-08-31 15:01:19,2026-08-27 07:17:28,,sold,1,24000,"⭐️ランダム配布⭐️
FC先行　ランダム配布の為座席はお選び頂けません。
・開場の20〜30分前集合を予定しております。
・入場時に身分証明書をお預かりさせて頂...",False,2026-08
sold_naniwa-danshi-nd5_1787387666596_60000,1787387666596,naniwa-danshi-nd5,2026-09-20,17:30,あなぶきアリーナ香川,electronic,female,当日現地にてログイン情報受け渡し,,,,,2026-08-22 08:34:26,2026-08-31 15:01:19,2026-08-27 07:17:28,,sold,1,60000,"FC復活当選 / QR毎  / 有効期限内 / 下3桁提示可

当日現地にてログイン情報の受け渡しを行います。定価分チケテン通し",False,2026-08
sold_naniwa-danshi-nd5_1786335687276_71000,1786335687276,naniwa-danshi-nd5,2026-09-20,17:30,あなぶきアリーナ香川,electronic,female,公演前日にログイン情報共有,,,,,2026-08-10 04:21:27,2026-08-31 15:01:19,2026-08-27 07:17:28,,sold,2,71000,"QR毎/初期当選/有効期限内/下3桁提示可/サイチェン可/過去エラーなし/発送物戻なし 
○公演日の前日にログイン情報を連絡ボードにてお伝えいたします。 
○お...",False,2026-08
sold_naniwa-danshi-nd5_1787296323434_74000,1787296323434,naniwa-danshi-nd5,2026-09-20,17:30,あなぶきアリーナ香川,electronic,female,公演日前日までにQRコード共有,,,,,2026-08-21 07:12:03,2026-08-31 15:01:19,2026-08-27 07:17:28,,sold,2,74000,"QR毎/重複なし/下3桁提示可/サイチェン可/発送物戻りなし/エラーなし
プラベル出品可能
※過去座席お答えいたしかねます。

公演前日に必要な情報等を連絡ボー...",False,2026-08
i8pxys0j6s,1787484862995,naniwa-danshi-nd5,2026-09-20,17:30,あなぶきアリーナ香川,electronic,female,同行,m,5.0,,番手,2026-08-23 11:34:22,2026-08-28 14:01:15,,,deleted,1,60000,"なにわ男子 LIVE TOUR 2026 ND⁵
9/20 夜公演 (香川)2名義中2番手 1枚

【取引条件・注意事項（必読）】

■ 取引条件
・該当名義/...",True,2026-08
b5imbyw74y,1786597542731,naniwa-danshi-nd5,2026-09-21,14:00,あなぶきアリーナ香川,electronic,female,ログイン情報共有,まるこ,5.0,,QR,2026-08-13 05:05:42,2026-08-28 15:01:13,,,deleted,1,73000,"FC先行/過去エラー無し/座席未定/QRごと/着ブロなし/下3桁提示可/有効期限内/初期当選/発送物戻りなし/重複すり替えなし/QR毎のお譲りです。
公演当日の...",True,2026-08
5y9a0rfdgh,1786249949940,naniwa-danshi-nd5,2026-09-21,14:00,あなぶきアリーナ香川,electronic,female,同行,ぴ,5.0,,同行,2026-08-09 04:32:29,2026-08-31 15:01:19,2026-08-27 10:01:13,,sold,1,70000,重複なし同行,True,2026-08
9gygdbvmb8,1786968236719,naniwa-danshi-nd5,2026-09-21,14:00,あなぶきアリーナ香川,electronic,female,同行,p,5.0,,同行,2026-08-17 12:03:56,2026-08-31 15:01:19,2026-08-27 12:01:08,,sold,1,73000,"同行/下3桁提示可/すり替えなし/FC先行/初期当選/有効期限内/コンビニ払い
復活当選・制作開放は含まれません。
前回座席、ボンボヤスタンド。
ご購入は日本語がご理解いただける方のみでお願いいたします。代理落札等はご遠慮ください。
道枝担と同行になりますので気になる方はご遠慮ください。
当日は会場付近にて開場時間の15分程前に集合し、同時入場していただきます。
同行者登録は、こちらで行います。
入場後は、当方と連番のチケットをお渡しいたします。座席選択権はございません。
チケットを受取次第、その場で入場完了報告をお願いします。
必ず【時間厳守】でお願いいたします。集合時間に間に合うよう、当日お時間に余裕のある方のみご購入ください。
集合時間に大幅に遅れた場合は、先に入場させていただきます。その際の返金対応は一切いたしません。
公演中止の際は、手数料を除き返金いたします。
遅刻、体調不良、本人確認、ランダムエラー、システムエラー、担当不在等、公演中止以外のいかなる理由でもキャンセル、返金はいたしませんので、予めご了承ください。
質問等あればお気軽にご連絡ください。
プライベート出品ご希望であれば対応いたしますのでお知らせください。",True,2026-08
30boxsn222,1787757426553,naniwa-danshi-nd5,2026-09-21,14:00,あなぶきアリーナ香川,electronic,female,公演日前日までにログイン情報共有,🤍,5.0,,QR,2026-08-26 15:17:06,2026-08-28 18:01:17,,,deleted,2,85000,"FC先行 座席未定 QR毎
初期当選/有効期限内/変更ボタンあり/下3桁提示可/着ブロ指定無し/前回スタンド席

・デジタルチケットの為、座席に関するクレーム等...",True,2026-08
sold_naniwa-danshi-nd5_1787217142674_39000,1787217142674,naniwa-danshi-nd5,2026-10-10,13:30,エコパアリーナ,electronic,female,同行,,,,,2026-08-20 09:12:22,2026-08-31 15:01:19,2026-08-27 07:17:28,,sold,1,39000,"FC先行/復活当選/同行/座席未定/着ブロ希望なし

当方と同行になります
道枝担不可

日本人女性　20歳以上の方でお願い致します。
また開場1時間前に集合予...",False,2026-08
sold_naniwa-danshi-nd5_1785582687786_50000,1785582687786,naniwa-danshi-nd5,2026-10-10,18:00,エコパアリーナ,electronic,male,公演日前日にログイン情報共有,,,,,2026-08-01 11:11:27,2026-08-31 15:01:19,2026-08-27 07:17:28,,sold,1,50000,"座席未定/QRごと/すり替えなし/下３桁提示可能
公演前日にログイン情報をお伝えしますので、入場後すぐに受取連絡お願いします。
本人確認は対応できかねます。エラ...",False,2026-08
sold_naniwa-danshi-nd5_1787118575866_63000,1787118575866,naniwa-danshi-nd5,2026-10-10,18:00,エコパアリーナ,electronic,female,同行,,,,,2026-08-19 05:49:35,2026-08-31 15:01:19,2026-08-27 07:17:28,,sold,1,63000,重複なし/当方と同行/道枝担不可/下3桁提示可/すり替えなし プラベル可能な方はプラベル出品に切り替えますのでコメントお願いします。 当日は公演1時間前に会場付...,False,2026-08
sold_naniwa-danshi-nd5_1785549620371_65000,1785549620371,naniwa-danshi-nd5,2026-10-10,18:00,エコパアリーナ,electronic,female,公演前日ログイン情報共有,,,,,2026-08-01 02:00:20,2026-08-31 15:01:19,2026-08-27 07:17:28,,sold,1,65000,"座席未定、QRごと、すり替えなし、下3桁お伝え可能
前日にログイン情報をお伝えしますので、ご自身で入場頂き、入場後すぐに受取連絡をお願いします。
なお本人確認は...",False,2026-08
5c9cwuwg10,1785672870059,naniwa-danshi-nd5,2026-10-10,18:00,エコパアリーナ,electronic,female,公演前日にQRコードを共有,m,5.0,,QR,2026-08-02 12:14:30,2026-08-28 10:01:11,,,deleted,2,85000,"初応募初期当選/重複すり替えなし/下3桁提示可/着ブロ指定なし/有効期限内名義/発送戻りなし/過去にランエラ等なし

・詳細は公演前日に必要な情報を連絡ボードに...",True,2026-08
sold_naniwa-danshi-nd5_1787204728929_62000,1787204728929,naniwa-danshi-nd5,2026-10-11,13:00,エコパアリーナ,electronic,female,同行,,,,,2026-08-20 05:45:28,2026-08-31 15:01:19,2026-08-27 07:17:28,,sold,1,62000,"同行/すり替えなし/有効期限内/下3桁提示可能/エラー履歴なし/座席アリーナ履歴なし

・チケットお渡し後のサイチェンはご自由にしていただいて構いません。
・公...",False,2026-08
sold_naniwa-danshi-nd5_1787320273519_43000,1787320273519,naniwa-danshi-nd5,2026-10-11,13:00,エコパアリーナ,electronic,female,公演前日QRコード共有,,,,,2026-08-21 13:51:13,2026-08-31 15:01:19,2026-08-27 07:17:28,,sold,1,43000,"【プライベート出品に切り替えます】
復活当選/ 着ブロなし座席未定/ QRごと/ すり替え重複なし/ 下3桁提示可/ 有効期限内 / 発送物戻りなし/直近当選な...",False,2026-08
sold_naniwa-danshi-nd5_1786284460603_55000,1786284460603,naniwa-danshi-nd5,2026-10-11,17:30,エコパアリーナ,electronic,female,2名義中2番手,,,,,2026-08-09 14:07:40,2026-08-31 15:01:19,2026-08-27 07:17:28,,sold,2,55000,"2名義中2番手
すり替えなし 下3桁提示可 初期当選 有効期限内 着ブロ選択なし

・当日会場付近にてお待ち合わせし、同時入場お願いいたします。
お待ち合わせ時...",False,2026-08
sold_naniwa-danshi-nd5_1787234153893_50000,1787234153893,naniwa-danshi-nd5,2026-10-11,17:30,エコパアリーナ,electronic,female,公演前日にログイン情報を共有,,,,,2026-08-20 13:55:53,2026-08-31 15:01:19,2026-08-27 07:17:28,,sold,1,50000,"復活当選/すり替えなし/下3桁提示可/有効期限内/単番

ランダムエラー等、公演中止以外のいかなる理由でも返金はいたしかねます。",False,2026-08
sold_naniwa-danshi-nd5_1787666201307_50000,1787666201307,naniwa-danshi-nd5,2026-10-11,17:30,エコパアリーナ,electronic,female,公演日7日前までにQRコード共有,,,,,2026-08-25 13:56:41,2026-08-31 15:01:19,2026-08-27 07:17:28,,sold,1,50000,"ファンクラブ先行　
初期当選/有効期限内
",False,2026-08
1jgi9x6gx8,1787733684764,naniwa-danshi-nd5,2026-10-12,14:00,エコパアリーナ,electronic,female,公演日前日にログイン情報共有,,,,,2026-08-26 08:41:24,2026-08-27 08:01:09,,,deleted,2,70000,"初当選名義/初期当選/QR毎/有効期限内/下3桁提示可能/重複なし

プライベート出品に切り替えますのでメッセージお願いいたします。プラベル可。

公演前日にロ...",False,2026-08
sold_naniwa-danshi-nd5_1787743558927_52000,1787743558927,naniwa-danshi-nd5,2026-10-12,14:00,エコパアリーナ,electronic,female,公演前日にログイン情報共有,み,5.0,,QR,2026-08-26 11:25:58,2026-08-31 15:01:19,2026-08-27 09:01:06,,sold,1,52000,"復活当選/すり替えなし/下3桁提示可/有効期限内/単番

ランダムエラー等、公演中止以外のいかなる理由でも返金はいたしかねます。",True,2026-08
tanc0d7ptk,1787738838410,naniwa-danshi-nd5,2026-10-24,18:00,ららアリーナ 東京ベイ（LaLa arena TOKYO-BAY）,electronic,female,2連QR毎 / 有効期限内 / 同行者登録済み / 着席希望なし/下3桁提示可能 / 発送物返送等の不備無し,L33,4.6,,QR,2026-08-26 10:07:18,2026-08-31 15:01:19,,,listing,2,50000,"公演前日ログイン情報を渡します。
公演中止以外の（本人確認、遅刻、体調不良、システムエラー等） いかなる理由でも返金やキャンセルはお受けできませんのでご了承下さ...",True,2026-08
sold_naniwa-danshi-nd5_1786701416309_58000,1786701416309,naniwa-danshi-nd5,2026-10-24,18:00,ららアリーナ 東京ベイ（LaLa arena TOKYO-BAY）,electronic,female,公演日前日にQRコード共有,,,,,2026-08-14 09:56:56,2026-08-31 15:01:19,2026-08-27 07:17:28,,sold,1,58000,"QR毎/単番/初期当選/重複すり替えなし
会員番号下3桁提示可能 

公演前日にログイン情報をお伝えします。
入場後は速やかにログアウト、受取連絡をお願いします...",False,2026-08
sold_naniwa-danshi-nd5_1787323565501_55000,1787323565501,naniwa-danshi-nd5,2026-10-25,12:30,ららアリーナ 東京ベイ（LaLa arena TOKYO-BAY）,electronic,female,同行,,,,,2026-08-21 14:46:05,2026-08-31 15:01:19,2026-08-27 07:17:28,,sold,1,55000,"座席未定／初期当選／2連中1枚／有効期限内／重複・すり替えなし／下3桁提示可／サイチェン可 ※当方 長尾担になります
☆ランダムエラーの場合、一部（4.0/枚）...",False,2026-08
sold_naniwa-danshi-nd5_1785948902987_54000,1785948902987,naniwa-danshi-nd5,2026-10-26,18:00,ららアリーナ 東京ベイ（LaLa arena TOKYO-BAY）,electronic,female,公演日2日前までにログイン情報共有,,,,,2026-08-05 16:55:02,2026-08-31 15:01:19,2026-08-27 07:17:28,,sold,1,54000,"重複すり替えなしQRごと、下3桁提示可能、長尾名義、有効期限内、初期当選、着ブロ希望なし

公演日の2日前までにログインに必要な情報をお伝えいたします。
公演中...",False,2026-08
sold_naniwa-danshi-nd5_1786111408532_63000,1786111408532,naniwa-danshi-nd5,2026-10-27,13:00,ららアリーナ 東京ベイ（LaLa arena TOKYO-BAY）,electronic,female,公演前日にログイン情報を提示,,,,,2026-08-07 14:03:28,2026-08-31 15:01:19,2026-08-27 07:17:28,,sold,2,63000,"2連QRごと| 初期当選| すり替えなし| 下3桁提示可能| 有効期限内名義 |郵便物戻りなし

公演日の前日に同行者の同意チェックのみ当方で行ったあと、ログイ...",False,2026-08
sold_naniwa-danshi-nd5_1785849379901_63000,1785849379901,naniwa-danshi-nd5,2026-10-28,15:00,ららアリーナ 東京ベイ（LaLa arena TOKYO-BAY）,electronic,female,公演日前日にログイン情報共有,,,,,2026-08-04 13:16:19,2026-08-31 15:01:19,2026-08-27 07:17:28,,sold,2,63000,"【条件なし/QRごと/会員x会員当選】
すり替えなし会員番号下3桁開示可/初期当選/有効期限内/Pay-easy決済/着ブロ希望なし/郵送物戻りなし

公演日の...",False,2026-08
md06r0r1wj,1787657386697,naniwa-danshi-nd5,2026-10-28,15:00,ららアリーナ 東京ベイ（LaLa arena TOKYO-BAY）,electronic,female,公演日前日にログイン情報共有,inu,5.0,,QR,2026-08-25 11:29:46,2026-08-31 15:01:19,,,listing,1,68000,"QRごと/初期当選/有効期限内/下3桁提示可/重複・すり替えなし/着ブロ希望なし/発送物戻り・過去エラーなし・同一クレカなし

・公演日前日の夜に連絡ボードにて...",True,2026-08
sold_kamigata-expo-park-fes-2026_1787322088727_50000,1787322088727,kamigata-expo-park-fes-2026,2026-10-31,,[大阪府] 万博記念公園,electronic,female,公演日前日にログイン情報共有,,,,,2026-08-21 14:21:28,2026-08-31 15:01:19,2026-08-27 07:17:28,,sold,1,50000,"初期当選、有効期限内、下3桁提示可、重複すり替えなし

公演日前日にログイン情報を連絡ボードにてお伝え致します。公演日当日入場後は速やかにログアウトして頂き、必...",False,2026-08
sold_kamigata-expo-park-fes-2026_1787365935406_19500,1787365935406,kamigata-expo-park-fes-2026,2026-10-31,,[大阪府] 万博記念公園,electronic,female,同行,,,,,2026-08-22 02:32:15,2026-08-31 15:01:19,2026-08-27 07:17:28,,sold,1,19500,"FC先行/有効期限内/すり替えなしのランダム配布

・8:30〜11:00の間でどの時間帯でも待ち合わせできる方でお願いします。時間厳守となります、遅刻された場...",False,2026-08
sold_kamigata-expo-park-fes-2026_1787327701489_30000,1787327701489,kamigata-expo-park-fes-2026,2026-10-31,,[大阪府] 万博記念公園,electronic,female,公演2〜3日前にQRコード共有,,,,,2026-08-21 15:55:01,2026-08-31 15:01:19,2026-08-27 07:17:28,,sold,1,30000,"Ａぇ名義/座席未定/単番QR/有効期限内/重複すり替えなし/下3桁提示可能/初期当選

・2～3日前に連絡ボードにて必要な情報をお伝えいたします。
・入場後、速...",False,2026-08
sold_kamigata-expo-park-fes-2026_1787652357621_10000,1787652357621,kamigata-expo-park-fes-2026,2026-10-31,,[大阪府] 万博記念公園,electronic,female,公演日前日までにQRコード共有,,,,,2026-08-25 10:05:57,2026-08-31 15:01:19,2026-08-27 07:17:28,,sold,1,10000,"8/2523:59までに定価手数料のお支払いをお願いいたします。

AぇFC/QR毎/初期当選/下3桁提示可/有効期限内/発送物戻り・過去エラーなし/重複すり替...",False,2026-08
87auynq0fw,1787306120547,kamigata-expo-park-fes-2026,2026-10-31,,[大阪府] 万博記念公園,electronic,female,ログイン情報をお伝えします,あ,5.0,,QR,2026-08-21 09:55:20,2026-08-27 12:01:08,,,deleted,1,25000,"なにわ男子名義/初期当選/有効期限内会員/QRでのお譲り/すり替えなし/下3桁提示可能
【プライベート出品に変更いたしますので、購入希望の方はメッセージをお願いします】
公演前日にログイン情報を送付します。
入場後は速やかにログアウトください。
公演中止の場合のみ手数料を差し引いて返金いたします。
体調不良、本人確認、ランダムエラーなどのいかなる場合も返金は致しませんので、ご了承下さい。
代理購入はおやめ頂き、日本語の通じる成人女性のみとさせて頂きます。",True,2026-08
sold_kamigata-expo-park-fes-2026_1787324944775_20000,1787324944775,kamigata-expo-park-fes-2026,2026-10-31,,[大阪府] 万博記念公園,electronic,female,同行,,,,,2026-08-21 15:09:04,2026-08-31 15:01:19,2026-08-27 07:17:28,,sold,1,20000,"FC先行/有効期限内/すり替えなしのランダム配布

・8:30〜11:00の間でどの時間帯でも待ち合わせできる方でお願いします。時間厳守となります、遅刻された場...",False,2026-08
sold_kamigata-expo-park-fes-2026_1787303038934_38000,1787303038934,kamigata-expo-park-fes-2026,2026-10-31,,[大阪府] 万博記念公園,electronic,female,公演日7日前までにQRコード共有,,,,,2026-08-21 09:03:58,2026-08-31 15:01:19,2026-08-27 07:17:28,,sold,1,38000,"なにわ名義/有効期限内/初期当選/QR毎/返送物等戻り無し/下3桁提示可能

公演7日前にログイン情報をお伝え致します。
公演中止時のみ手数料除く全額返金致しま...",False,2026-08
sold_kamigata-expo-park-fes-2026_1787314532589_40000,1787314532589,kamigata-expo-park-fes-2026,2026-10-31,,[大阪府] 万博記念公園,electronic,female,公演日2日前までにQRコード共有,,,,,2026-08-21 12:15:32,2026-08-31 15:01:19,2026-08-27 07:17:28,,sold,2,40000,"WESTFC枠
該当名義(変更ボタンあり)初期当選 有効期限内会員 過去エラー等の不備なし
QRでのお譲り すり替えなし 下3桁提示可能

公演2日前までにログ...",False,2026-08
sold_kamigata-expo-park-fes-2026_1787305801914_30000,1787305801914,kamigata-expo-park-fes-2026,2026-10-31,,[大阪府] 万博記念公園,electronic,female,同行,,,,,2026-08-21 09:50:01,2026-08-31 15:01:19,2026-08-27 07:17:28,,sold,2,30000,"初期当選/5名義中3番手/有効期限名義のみ/なにわ4名義・Aぇ1名義/すり替えなし/下3桁提示可能

・入場後はチケットを一旦回収し、当方が座席選択後に残りの3...",False,2026-08
sold_kamigata-expo-park-fes-2026_1787302742482_29000,1787302742482,kamigata-expo-park-fes-2026,2026-10-31,,[大阪府] 万博記念公園,electronic,female,公演日7日前までにQRコード共有,,,,,2026-08-21 08:59:02,2026-08-31 15:01:19,2026-08-27 07:17:28,,sold,1,29000,"なにわ男子名義/初期当選/有効期限内会員/
QRでのお譲り/すり替えなし/ 下3桁提示可能

公演前日までにログイン情報を送付します。

公演中止の場合は返金し...",False,2026-08
sold_kamigata-expo-park-fes-2026_1787293296201_35000,1787293296201,kamigata-expo-park-fes-2026,2026-10-31,,[大阪府] 万博記念公園,electronic,female,公演日1日前までにQRコード共有,,,,,2026-08-21 06:21:36,2026-08-31 15:01:19,2026-08-27 07:17:28,,sold,1,35000,"FC先行／Aぇ名義／初期当選／下3桁提示可／重複すり替えなし

前日までにログイン情報をお伝えさせていただきます。
入場後は速やかにログアウトください。
本確対...",False,2026-08
sold_kamigata-expo-park-fes-2026_1787313391189_45000,1787313391189,kamigata-expo-park-fes-2026,2026-10-31,,[大阪府] 万博記念公園,electronic,female,公演日2日前までにQRコード共有,,,,,2026-08-21 11:56:31,2026-08-31 15:01:19,2026-08-27 07:17:28,,sold,2,45000,"WESTFC枠
該当名義(変更ボタンあり)初期当選 有効期限内会員 過去エラー等の不備なし
QRでのお譲り すり替えなし 下3桁提示可能

公演2日前までにログ...",False,2026-08
sold_kamigata-expo-park-fes-2026_1787460395698_33000,1787460395698,kamigata-expo-park-fes-2026,2026-10-31,,[大阪府] 万博記念公園,electronic,female,QR毎(公演前日までにログイン情報共有),,,,,2026-08-23 04:46:35,2026-08-31 15:01:19,2026-08-27 07:17:28,,sold,2,33000,"QR毎のお譲り
なにわ×なにわ名義 / 下3桁提示可能 / 有効期限内/プラベル可能

前日までにログイン情報をお伝えさせていただきます。
入場後は速やかにログ...",False,2026-08
sold_kamigata-expo-park-fes-2026_1787296026790_35000,1787296026790,kamigata-expo-park-fes-2026,2026-10-31,,[大阪府] 万博記念公園,electronic,female,公演日前日までにログイン情報をお伝えします,,,,,2026-08-21 07:07:06,2026-08-31 15:01:19,2026-08-27 07:17:28,,sold,2,35000,重複なしQR毎2連/初期当選/有効名義/Aぇ名義×Aぇ名義/下3桁提示可/未成年、日本語の通じない方のご購入はお控えください。公演中止以外の如何なる場合もご返金...,False,2026-08
sold_kamigata-expo-park-fes-2026_1787344085665_33000,1787344085665,kamigata-expo-park-fes-2026,2026-10-31,,[大阪府] 万博記念公園,electronic,female,前日までにQR共有,,,,,2026-08-21 20:28:05,2026-08-31 15:01:19,2026-08-27 07:17:28,,sold,2,33000,"なにわ名義/初期当選/下3桁提示可/QR毎/すり替えなし/重複なし
公演前日に連絡ボードにてログイン情報をお伝えします。
当日チェックはご自身でお願いいたします...",False,2026-08
sold_kamigata-expo-park-fes-2026_1787296755960_52000,1787296755960,kamigata-expo-park-fes-2026,2026-10-31,,[大阪府] 万博記念公園,electronic,female,公演日7日前までにQRコード共有,,,,,2026-08-21 07:19:15,2026-08-31 15:01:19,2026-08-27 07:17:28,,sold,2,52000,お値下げ🉑Aぇ名義/QR毎/重複すり替えなし/初期当選/該当名義/有効期間内/変更ボタンあり/下３桁提示/公演前日までに連絡ボードにてログイン情報をお伝え致し...,False,2026-08
sold_kamigata-expo-park-fes-2026_1787313324597_40000,1787313324597,kamigata-expo-park-fes-2026,2026-10-31,,[大阪府] 万博記念公園,electronic,female,公演日前日にQRコード共有,,,,,2026-08-21 11:55:24,2026-08-31 15:01:19,2026-08-27 07:17:28,,sold,2,40000,"QRごと/初期当選/前回ツアー落選名義/有効期限内/発送物戻り無/同一クレカ決済無し/下3桁提示可

公演前日に必要な情報等を連絡ボードにてお知らせ致します。代...",False,2026-08
kqrme6b9gv,1787586238055,kamigata-expo-park-fes-2026,2026-10-31,,[大阪府] 万博記念公園,paper,female,同時入場,K⭐️,5.0,,番手,2026-08-24 15:43:58,2026-08-27 12:01:08,,,deleted,1,22000,"4名義中3番手
なにわ名義(単番✖️2、２連✖️1)
(女性名義✖️2、男性名義✖️1)
・ドームスタンド上段✖️2
・アルファスタンド✖️1
初期当選/有効期限内/すり替えなし/下3桁提示可能/サイチェン可
＊公演中止以外の返金、キャンセル
（ランダムエラー、交通機関の遅延、演者の変更等）の対応はいたしかねますので、ご了承ください。　公演中止の場合は定価分のみ返金致します。
＊指定ブロックや整番に関するクレームはお受けすることできません。お取引成立後のキャンセルされる場合は、受け取り評価していただきます。
＊こちらの名義全て過去トラブルなしの名義となりますので、ランダムエラーで万が一入場できない場合も受け取り評価をしていただきます。返金不可。
＊当日入場後は一度チケットをお預かりします。こちらが整番確認後にチケットを順に選んでいただきます。その際に受取評価お願い致します。
＊お渡し後はサイチェンしていただいて構いません。(慣れている方のみ。うまくしてください。)
＊入場時身分証をお預かりさせていただく場合がございます。チケットと引き換えに返却いたします。ご了承ください。
＊日本語のわかる女性のみお取引よろしくお願いいまします。
＊ご購入が決まればプラベルに変更致します",True,2026-08
sold_kamigata-expo-park-fes-2026_1787303928286_35000,1787303928286,kamigata-expo-park-fes-2026,2026-10-31,,[大阪府] 万博記念公園,electronic,female,同行,,,,,2026-08-21 09:18:48,2026-08-31 15:01:19,2026-08-27 07:17:28,,sold,2,35000,"初期当選/5名義中2番手/有効期限名義のみ/なにわ4名義・Aぇ1名義/すり替えなし/下3桁提示可能

・入場後はチケットを一旦回収し、当方が座席選択後に残りの4...",False,2026-08
sold_kamigata-expo-park-fes-2026_1787303195526_30000,1787303195526,kamigata-expo-park-fes-2026,2026-10-31,,[大阪府] 万博記念公園,electronic,female,同行,,,,,2026-08-21 09:06:35,2026-08-31 15:01:19,2026-08-27 07:17:28,,sold,2,30000,"初期当選/5名義中4番手/有効期限名義のみ/なにわ4名義・Aぇ1名義/すり替えなし/下3桁提示可能

・入場後はチケットを一旦回収し、当方の座席選択後上位番手の...",False,2026-08
sold_kamigata-expo-park-fes-2026_1787577672796_23000,1787577672796,kamigata-expo-park-fes-2026,2026-10-31,,[大阪府] 万博記念公園,electronic,female,公演日前日までにQRコード共有,,,,,2026-08-24 13:21:12,2026-08-31 15:01:19,2026-08-27 07:17:28,,sold,1,23000,"
・QR毎 単番
・初期当選 有効期限内 下3桁提示可
・郵送物戻りなし 
・過去エラーなし
・公演前日にログイン情報をお伝えします
・体調不良 / 交通機関の...",False,2026-08
sold_kamigata-expo-park-fes-2026_1787299667837_32000,1787299667837,kamigata-expo-park-fes-2026,2026-10-31,,[大阪府] 万博記念公園,electronic,female,公演前日にログイン情報お伝えします。,,,,,2026-08-21 08:07:47,2026-08-31 15:01:19,2026-08-27 07:17:28,,sold,2,32000,"なにわ名義/QR毎/初期選有効期限/内会員過去エラー等の不備なし/下3桁提示可能/公演前日にログイン情報を送付します。
公演中止の場合は返金します。その他当日の...",False,2026-08
vvczx4tz3u,1787315874367,kamigata-expo-park-fes-2026,2026-10-31,,[大阪府] 万博記念公園,electronic,female,ログイン情報をお伝えします,あ,5.0,,QR,2026-08-21 12:37:54,2026-08-27 12:01:08,,,deleted,1,27000,"なにわ男子名義/初期当選/有効期限内会員/QRでのお譲り/すり替えなし/下3桁提示可能
【プライベート出品に変更いたしますので、購入希望の方はメッセージをお願いします】
公演前日にログイン情報を送付します。
入場後は速やかにログアウトください。
公演中止の場合のみ手数料を差し引いて返金いたします。
体調不良、本人確認、ランダムエラーなどのいかなる場合も返金は致しませんので、ご了承下さい。
代理購入はおやめ頂き、日本語の通じる成人女性のみとさせて頂きます。",True,2026-08
sold_kamigata-expo-park-fes-2026_1787370973012_40000,1787370973012,kamigata-expo-park-fes-2026,2026-10-31,,[大阪府] 万博記念公園,electronic,female,公演日前日にログイン情報共有,,,,,2026-08-22 03:56:13,2026-08-31 15:01:19,2026-08-27 07:17:28,,sold,2,40000,"WEST名義
初期当選、有効期限内、下3桁提示可、重複すり替えなし

公演日前日にログイン情報を連絡ボードにてお伝え致します。公演日当日入場後は速やかにログアウ...",False,2026-08
nv56adxmjn,1787302413627,kamigata-expo-park-fes-2026,2026-10-31,,[大阪府] 万博記念公園,electronic,female,公演日7日前までにQRコード共有,ぴ,5.0,,QR,2026-08-21 08:53:33,2026-08-27 12:01:08,,,deleted,1,40000,"お値下げ🉑Aぇ名義/QR毎/重複すり替えなし/初期当選/該当名義/有効期間内/変更ボタンあり/下３桁提示/公演前日までに連絡ボードにてログイン情報をお伝え致します。入場後は速やかにログアウトをよろしくお願い致します。
公演中止のみ手数料を差し引いた金額返金致します。その他いかなる理由でも返金対応致しませんのでご了承ください。日本人女性の方、個人情報を保護して頂ける方のみご購入いただけます。座席についてのお問い合わせは一切受け付けておりませんのでご理解ください。",True,2026-08
sold_kamigata-expo-park-fes-2026_1787302256966_20000,1787302256966,kamigata-expo-park-fes-2026,2026-10-31,,[大阪府] 万博記念公園,electronic,female,公演日7日前までにQRコード共有,,,,,2026-08-21 08:50:56,2026-08-31 15:01:19,2026-08-27 07:17:28,,sold,1,20000,"なにわ名義 / FC先行 / 初期当選 / 有効期限内名義 / すり替え重複なし / 座席未定 / 会員番号下3桁提示可能 公演日の2～3日前発送予定

※必ず...",False,2026-08
9ahjvak424,1787362759800,kamigata-expo-park-fes-2026,2026-10-31,,[大阪府] 万博記念公園,electronic,female,QR毎,s,5.0,,QR,2026-08-22 01:39:19,2026-08-28 00:01:11,,,deleted,1,30000,"なにわ名義/初期当選/有効期限内/下3桁提示可能 /重複すり替えなし
公演前日に必要な情報等を連絡ボードにてお知らせ致します。代表者の同意チェックは購入者様ご自身でしていただけます。
公演当日入場後は速やかにログアウトして頂き、必ず開演時間までに受け取り通知をお願い致します。
座席に関するクレーム等は一切受け付けません。交通機関の遅れ、出演者変更、体調不良等の購入者様都合の事情、本人確認、ランダムエラー等、如何なる場合も返金受け付けておりません。どの場合でも受け取り通知はしていただきます。主催者側の公演中止の際のみ、定価、手数料を引いた額を返金致します。
ご購入は上記を了承した上で、日本語の理解出来る、成人済みの日本人の方でお願い致します。",True,2026-08
sold_kamigata-expo-park-fes-2026_1787321658901_27000,1787321658901,kamigata-expo-park-fes-2026,2026-10-31,,[大阪府] 万博記念公園,electronic,female,同行,,,,,2026-08-21 14:14:18,2026-08-31 15:01:19,2026-08-27 07:17:28,,sold,2,27000,"初期当選/2名義中2番手の2連/有効期限名義のみ/なにわ名義/すり替えなし/下3桁提示可能/発送物戻りなし

・入場後はチケットを一旦回収し、当方が選択しなかっ...",False,2026-08
sold_kamigata-expo-park-fes-2026_1787298457526_40000,1787298457526,kamigata-expo-park-fes-2026,2026-10-31,,[大阪府] 万博記念公園,electronic,female,公演日2日前までにQRコード共有,,,,,2026-08-21 07:47:37,2026-08-31 15:01:19,2026-08-27 07:17:28,,sold,2,40000,"該当名義(変更ボタンあり)初期当選 有効期限内会員 過去エラー等の不備なし
QRでのお譲り すり替えなし 下3桁提示可能

公演2日前までにログイン情報を送付し...",False,2026-08
sold_kamigata-expo-park-fes-2026_1787304000352_32000,1787304000352,kamigata-expo-park-fes-2026,2026-10-31,,[大阪府] 万博記念公園,electronic,female,入金後24時間以内にQRコード共有,,,,,2026-08-21 09:20:00,2026-08-31 15:01:19,2026-08-27 07:17:28,,sold,1,32000,"【本日中に入金可能な方のみご購入下さい】


FC先行／Aぇ!group名義／初期当選／下3桁提示可／重複すり替えなし

ご購入後すぐにログイン情報お伝えします...",False,2026-08
9f6i74napy,1787385421813,kamigata-expo-park-fes-2026,2026-10-31,,[大阪府] 万博記念公園,electronic,female,公演日前日までにログイン情報共有,y,5.0,,ランダム記載あり,2026-08-22 07:57:01,2026-08-31 15:01:19,2026-08-29 15:01:12,transition_observed,sold,2,33000,"QR毎のお譲り
なにわ名義×なにわ名義 / 会員番号若番のため下2桁提示可能 / 有効期限内

前日までにログイン情報をお伝えさせていただきます。
入場後は速や...",True,2026-08
sold_kamigata-expo-park-fes-2026_1787302953415_46000,1787302953415,kamigata-expo-park-fes-2026,2026-10-31,,[大阪府] 万博記念公園,electronic,female,入金後24時間以内にQRコード共有,,,,,2026-08-21 09:02:33,2026-08-31 15:01:19,2026-08-27 07:17:28,,sold,2,46000,"Aぇ名義/初期当選/有効期限内/下3桁提示可/発送物戻り無/同一クレカ無し/エラー歴なし

公演前日に必要な情報等を連絡ボードにてお知らせいたします。代表者の同...",False,2026-08
sold_kamigata-expo-park-fes-2026_1787496604016_3200,1787496604016,kamigata-expo-park-fes-2026,2026-10-31,,[大阪府] 万博記念公園,electronic,female,公演前日までにQRコード共有,,,,,2026-08-23 14:50:04,2026-08-31 15:01:19,2026-08-27 07:17:28,,sold,1,3200,"※8/25(火)23:59までにPay-easyにて別途定価+手数料（16800円）支払い可能な方のみ

※評価4.9以下の方は購入をお控えください

FC先行...",False,2026-08
sold_kamigata-expo-park-fes-2026_1787294346700_40000,1787294346700,kamigata-expo-park-fes-2026,2026-11-01,,[大阪府] 万博記念公園,electronic,female,同行,,,,,2026-08-21 06:39:06,2026-08-31 15:01:19,2026-08-27 07:17:28,,sold,2,40000,"ファンクラブ先行 Aぇ名義 座席未定
 2名義中2番手 下3桁提示可 初期当選
有効期限内 着ブロ指定なし
公演当日、会場付近にて集合し同時入場して頂きます。...",False,2026-08
sold_kamigata-expo-park-fes-2026_1787555693880_15000,1787555693880,kamigata-expo-park-fes-2026,2026-11-01,,[大阪府] 万博記念公園,electronic,female,公演日前日にQRコード共有,,,,,2026-08-24 07:14:53,2026-08-31 15:01:19,2026-08-27 07:17:28,,sold,2,15000,"※8/24(火)23:59までに、Pay-easyにて別途定価＋手数料（16,800円）のお支払いが可能な方のみ

Aぇ名義／初期当選／QR毎／座席未定／重複す...",False,2026-08
sold_kamigata-expo-park-fes-2026_1787299252610_16500,1787299252610,kamigata-expo-park-fes-2026,2026-11-01,,[大阪府] 万博記念公園,electronic,female,公演日前日までにQRコード共有,,,,,2026-08-21 08:00:52,2026-08-31 15:01:19,2026-08-27 07:17:28,,sold,2,16500,"⚠️〜8月24日中に入金して頂ける方⚠️

Aぇ名義/初期当選/ QR毎 2連 /FC同士/下3桁提示可/ 有効期限内 /重複すり替え無し/発送物戻りなし

入...",False,2026-08
sold_kamigata-expo-park-fes-2026_1787300863457_30000,1787300863457,kamigata-expo-park-fes-2026,2026-11-01,,[大阪府] 万博記念公園,electronic,female,公演当日,,,,,2026-08-21 08:27:43,2026-08-31 15:01:19,2026-08-27 07:17:28,,sold,1,30000,"単番×2 連番×2 の中からすり替えなしで1枚お渡しいたします。
座席選択権はございません。
初期当選/すり替えなし/下3桁提示可

公演中止以外の返金は致しか...",False,2026-08
sold_kamigata-expo-park-fes-2026_1787302599461_35000,1787302599461,kamigata-expo-park-fes-2026,2026-11-01,,[大阪府] 万博記念公園,electronic,female,同行,,,,,2026-08-21 08:56:39,2026-08-31 15:01:19,2026-08-27 07:17:28,,sold,2,35000,"初期当選/2名義中2番手/有効期限名義のみ/なにわ2連・Aぇ2連/すり替えなし/下3桁提示可

・入場後はチケットを一旦回収し、当方が座席選択後に残りのチケット...",False,2026-08
sold_kamigata-expo-park-fes-2026_1787316882815_23000,1787316882815,kamigata-expo-park-fes-2026,2026-11-01,,[大阪府] 万博記念公園,electronic,female,同行,,,,,2026-08-21 12:54:42,2026-08-31 15:01:19,2026-08-27 07:17:28,,sold,1,23000,"⭐️ランダムまたは公演の詳細によってはQRごとの可能性あり
・入場時刻の30分前を目安に会場付近に集合し、同時入場をさせて頂きます。
・交通機関やトラブル等を加...",False,2026-08
sold_kamigata-expo-park-fes-2026_1787300535096_40000,1787300535096,kamigata-expo-park-fes-2026,2026-11-01,,[大阪府] 万博記念公園,electronic,female,公演日前日にログイン情報共有,,,,,2026-08-21 08:22:15,2026-08-31 15:01:19,2026-08-27 07:17:28,,sold,2,40000,"なにわ名義/FC同士/初期当選/下3桁開示可能/期限内/郵送物戻りなし/重複すり替えなし

公演日前日に連絡ボードにてログイン情報をお伝えします。同行者登録はご...",False,2026-08
sold_kamigata-expo-park-fes-2026_1787300975595_25000,1787300975595,kamigata-expo-park-fes-2026,2026-11-01,,[大阪府] 万博記念公園,electronic,none,同行,,,,,2026-08-21 08:29:35,2026-08-31 15:01:19,2026-08-27 07:17:28,,sold,2,25000,"⭐️ランダムまたは公演の詳細によってはQRごとの可能性あり
・入場時刻の30分前を目安に会場付近に集合し、同時入場をさせて頂きます。
・交通機関やトラブル等を加...",False,2026-08
sold_kamigata-expo-park-fes-2026_1787494757886_16500,1787494757886,kamigata-expo-park-fes-2026,2026-11-01,,[大阪府] 万博記念公園,electronic,female,5名義中5番手,,,,,2026-08-23 14:19:17,2026-08-31 15:01:19,2026-08-27 07:17:28,,sold,2,16500,"FC.情報局先行/有効期限内/5名義中5番手/すり替えなし/下3桁提示可

開場時間の8:30入場の可能性があります。
会場付近にて待ち合わせし同時入場していた...",False,2026-08
sold_kamigata-expo-park-fes-2026_1787316093161_10000,1787316093161,kamigata-expo-park-fes-2026,2026-11-01,,[大阪府] 万博記念公園,electronic,female,公演日の前日までにQRコード共有,,,,,2026-08-21 12:41:33,2026-08-31 15:01:19,2026-08-27 07:17:28,,sold,2,10000,"+定価分をPay-easyにて24日までにお支払い頂きます。
Aぇ名義/直近ツアー落選/有効期限内/下3桁提示可能/同行者女性名義

公演中止の場合のみ返金対応...",False,2026-08
sold_kamigata-expo-park-fes-2026_1787322417123_31000,1787322417123,kamigata-expo-park-fes-2026,2026-11-01,,[大阪府] 万博記念公園,electronic,female,公演日1日前までにQRコード共有,,,,,2026-08-21 14:26:57,2026-08-31 15:01:19,2026-08-27 07:17:28,,sold,1,31000,"なにわ名義、有効期限内、下3桁提示可

公演中止以外の返金不可",False,2026-08
sold_kamigata-expo-park-fes-2026_1787296593399_52000,1787296593399,kamigata-expo-park-fes-2026,2026-11-01,,[大阪府] 万博記念公園,electronic,female,公演日7日前までにQRコード共有,,,,,2026-08-21 07:16:33,2026-08-31 15:01:19,2026-08-27 07:17:28,,sold,2,52000,Aぇ名義/QR毎/重複すり替えなし/初期当選/該当名義/有効期間内/変更ボタンあり/下３桁提示/公演前日までに連絡ボードにてログイン情報をお伝え致します。入場後...,False,2026-08
6yhtah5tku,1787643059677,kamigata-expo-park-fes-2026,2026-11-01,,[大阪府] 万博記念公園,electronic,female,公演前日にログイン情報共有,s,5.0,,QR,2026-08-25 07:30:59,2026-08-31 15:01:19,,,listing,1,55000,"なにわ名義/条件なし/QRごと/重複すり替えなし/下3桁開示可/初期当選/有効期限内/郵送物戻りなし

公演日前日にログイン情報をお伝えいたします。
プラベル可...",True,2026-08
gxhh9581sm,1787712890309,kamigata-expo-park-fes-2026,2026-11-01,,[大阪府] 万博記念公園,electronic,male,公演日前日までにQRコード共有,k,5.0,,QR,2026-08-26 02:54:50,2026-08-31 15:01:19,,,listing,2,40000,"QR毎/Aぇ! group×Aぇ! group名義/FC初期当選/有効期限内/下三桁提示可/重複なし

QR毎でのお譲りとなります。

前日にQR表示に必要な情...",True,2026-08
sold_kamigata-expo-park-fes-2026_1787380262124_15000,1787380262124,kamigata-expo-park-fes-2026,2026-11-01,,[大阪府] 万博記念公園,electronic,female,6名義中3番手,,,,,2026-08-22 06:31:02,2026-08-31 15:01:19,2026-08-27 07:17:28,,sold,2,15000,"⚠️定価分は支払番号提示しますので24日23:59までに支払いお願いします。
これ以上の値下げ考えておりません

初期当選/すり替えなし/下3桁提示可
・開場時...",False,2026-08
sold_kamigata-expo-park-fes-2026_1787305550462_32000,1787305550462,kamigata-expo-park-fes-2026,2026-11-01,,[大阪府] 万博記念公園,electronic,female,公演日前日までにログイン情報共有,,,,,2026-08-21 09:45:50,2026-08-31 15:01:19,2026-08-27 07:17:28,,sold,2,32000,"QR毎/初期当選/有効期限内/下3桁提示可/WEST名義

※支払い番号をお伝えするので
8/24までにご自身で入金可能な方

・公演前日にログイン情報お伝えし...",False,2026-08
sold_kamigata-expo-park-fes-2026_1787320823892_33000,1787320823892,kamigata-expo-park-fes-2026,2026-11-01,,[大阪府] 万博記念公園,paper,female,公演前日にQRカードお渡し致します。,,,,,2026-08-21 14:00:23,2026-08-31 15:01:19,2026-08-27 07:17:28,,sold,2,33000,"なにわ名義/初期当選/有効期限内/発送物戻り無/同一クレカ無し

公演前日に必要な情報等を連絡ボードにてお知らせ致します。代表者の同意チェックは購入者様ご自身で...",False,2026-08
sold_kamigata-expo-park-fes-2026_1787314247952_35000,1787314247952,kamigata-expo-park-fes-2026,2026-11-01,,[大阪府] 万博記念公園,paper,female,公演日3日前までに郵送,,,,,2026-08-21 12:10:47,2026-08-31 15:01:19,2026-08-27 07:17:28,,sold,2,35000,"なにわ名義/初期当選/有効期限内/発送物戻り無/同一クレカ無し

公演前日に必要な情報等を連絡ボードにてお知らせ致します。代表者の同意チェックは購入者様ご自身で...",False,2026-08
sold_kamigata-expo-park-fes-2026_1787319220054_28000,1787319220054,kamigata-expo-park-fes-2026,2026-11-01,,[大阪府] 万博記念公園,electronic,female,同行,,,,,2026-08-21 13:33:40,2026-08-31 15:01:19,2026-08-27 07:17:28,,sold,2,28000,"初期当選/3名義中3番手/すり替え無し/下3桁提示可/有効期限内

★代表者・同行者共になにわ男子FCで登録済み
不備名義なし

※公式にて「TAKOYAKI...",False,2026-08
sold_kamigata-expo-park-fes-2026_1787300878465_30000,1787300878465,kamigata-expo-park-fes-2026,2026-11-01,,[大阪府] 万博記念公園,electronic,female,公演当日,,,,,2026-08-21 08:27:58,2026-08-31 15:01:19,2026-08-27 07:17:28,,sold,1,30000,"単番×2、連番×2名義の中からすり替えなしで1枚お渡しします。
座席選択権はございません。

初期当選/すり替えなし/下3桁提示可/有効期限内
✨️プラベル移行...",False,2026-08
sold_kamigata-expo-park-fes-2026_1787310317854_30000,1787310317854,kamigata-expo-park-fes-2026,2026-11-01,,[大阪府] 万博記念公園,electronic,female,同行,,,,,2026-08-21 11:05:17,2026-08-31 15:01:19,2026-08-27 07:17:28,,sold,2,30000,"2名義中2番手のお譲りになります。
初期当選/有効期限内/すり替えなし/下3桁提示可/なにわ男子名義

",False,2026-08
sold_kamigata-expo-park-fes-2026_1787318999567_34000,1787318999567,kamigata-expo-park-fes-2026,2026-11-01,,[大阪府] 万博記念公園,electronic,female,公演日2日前にQRコード共有,,,,,2026-08-21 13:29:59,2026-08-31 15:01:19,2026-08-27 07:17:28,,sold,1,34000,"・QRごとのお譲りになります
・エイト名義、有効期限内
・下3桁提示可
・公演中止以外のキャンセル、返金は一切受け付けできかねますのでご了承いただける方のみご購...",False,2026-08
sold_kamigata-expo-park-fes-2026_1787555334199_30000,1787555334199,kamigata-expo-park-fes-2026,2026-11-01,,[大阪府] 万博記念公園,paper,female,公演日1日前までに郵送,,,,,2026-08-24 07:08:54,2026-08-31 15:01:19,2026-08-27 07:17:28,,sold,2,30000,"なにわ名義/初期当選/有効期限内/発送物戻り無/同一クレカ無し

公演前日に必要な情報等を連絡ボードにてお知らせ致します。代表者の同意チェックは購入者様ご自身で...",False,2026-08
9wicbxk6za,1787328456954,kamigata-expo-park-fes-2026,2026-11-01,,[大阪府] 万博記念公園,electronic,female,公演前日にログイン情報共有,ぽ,5.0,,QR,2026-08-21 16:07:36,2026-08-31 15:01:19,,,listing,1,30000,"なにわ男子名義 /QR毎/重複すり替えなし/下3桁提示可能/初期当選/有効期限内
ランダムエラーや本人確認、体調不良や出演者の変更等、いかなる場合であっても受取...",True,2026-08
sold_kamigata-expo-park-fes-2026_1787298506221_30000,1787298506221,kamigata-expo-park-fes-2026,2026-11-01,,[大阪府] 万博記念公園,electronic,female,公演日2日前までにQRコード共有,,,,,2026-08-21 07:48:26,2026-08-31 15:01:19,2026-08-27 07:17:28,,sold,1,30000,"該当名義(変更ボタンあり)初期当選 有効期限内会員 過去エラー等の不備なし
QRでのお譲り すり替えなし 下3桁提示可能

公演2日前までにログイン情報を送付し...",False,2026-08
sold_kamigata-expo-park-fes-2026_1787302296177_38000,1787302296177,kamigata-expo-park-fes-2026,2026-11-01,,[大阪府] 万博記念公園,electronic,female,公演日1~2日前までにQRコード共有,,,,,2026-08-21 08:51:36,2026-08-31 15:01:19,2026-08-27 07:17:28,,sold,2,38000,"なにわ男子名義/初期当選/有効期限内/過去エラー等の不備なし/発送物戻りなし
QRでのお譲り すり替えなし 下3桁提示可能

同行者もなにわ男子会員名義になりま...",False,2026-08
sold_kamigata-expo-park-fes-2026_1787298540608_40000,1787298540608,kamigata-expo-park-fes-2026,2026-11-01,,[大阪府] 万博記念公園,electronic,female,公演日2日前までにQRコード共有,,,,,2026-08-21 07:49:00,2026-08-31 15:01:19,2026-08-27 07:17:28,,sold,2,40000,"該当名義(変更ボタンあり)初期当選 有効期限内会員 過去エラー等の不備なし
QRでのお譲り すり替えなし 下3桁提示可能

公演2日前までにログイン情報を送付し...",False,2026-08
sold_kamigata-expo-park-fes-2026_1787318524360_33000,1787318524360,kamigata-expo-park-fes-2026,2026-11-01,,[大阪府] 万博記念公園,electronic,female,公演前日までにログイン情報共有,,,,,2026-08-21 13:22:04,2026-08-31 15:01:19,2026-08-27 07:17:28,,sold,2,33000,"QR毎のお譲りになります。
Aぇ名義/初期当選/下3桁提示可/重複すり替えなし/有効期限内/過去エラー等なし

代理購入不可です。
公演前日の夜にログイン情報を...",False,2026-08
sold_kamigata-expo-park-fes-2026_1787480534929_28000,1787480534929,kamigata-expo-park-fes-2026,2026-11-01,,[大阪府] 万博記念公園,electronic,female,公演日前日にログイン情報共有,,,,,2026-08-23 10:22:14,2026-08-31 15:01:19,2026-08-27 07:17:28,,sold,1,28000,"QR毎/初期当選/super eightFC名義/重複すり替えなし/下3桁提示可能/有効期限内

公演前日夜にログインに必要な情報をお伝えします。
当日は速やか...",False,2026-08
sold_kamigata-expo-park-fes-2026_1787412154498_22000,1787412154498,kamigata-expo-park-fes-2026,2026-11-01,,[大阪府] 万博記念公園,electronic,none,公演日前日までにログイン情報共有,,,,,2026-08-22 15:22:34,2026-08-31 15:01:19,2026-08-27 07:17:28,,sold,2,22000,"⚠️8/24 23:59までに別途定価手数料のお支払いをお願いいたします⚠️

エイト×ジュニア/QR毎/初期当選/下3桁提示可/有効期限内/発送物戻り・過去エ...",False,2026-08
sold_kamigata-expo-park-fes-2026_1787299987408_55000,1787299987408,kamigata-expo-park-fes-2026,2026-11-01,,[大阪府] 万博記念公園,electronic,female,公演日前日にQRコード共有,,,,,2026-08-21 08:13:07,2026-08-31 15:01:19,2026-08-27 07:17:28,,sold,1,55000,"なにわ名義/下3桁提示可能/初期当選/前回スタンド当選名義/有効期限内/発送物戻り無し/同一クレカ無し

公演前日に必要な情報等を連絡ボードにてお知らせ致します...",False,2026-08
sold_kamigata-expo-park-fes-2026_1787304498606_20000,1787304498606,kamigata-expo-park-fes-2026,2026-11-01,,[大阪府] 万博記念公園,electronic,female,当日手渡し,,,,,2026-08-21 09:28:18,2026-08-31 15:01:19,2026-08-27 07:17:28,,sold,1,20000,"⚠️＋定価分Pay-easy払い
専用出品いたしますのでコメントお願いします。
こちらは8/24まで掲載いたします。

WEST.名義/初期当選/ 2名義中2番...",False,2026-08
sold_kamigata-expo-park-fes-2026_1787498367389_6200,1787498367389,kamigata-expo-park-fes-2026,2026-11-01,,[大阪府] 万博記念公園,electronic,female,公演日前日までにQRコード共有,,,,,2026-08-23 15:19:27,2026-08-31 15:01:19,2026-08-27 07:17:28,,sold,1,6200,"※8/25(火)23:59までにPay-easyにて別途定価+手数料（16800円）支払い可能な方のみ

※評価4.9以下/レビューが1件も無い方は購入をお控え...",False,2026-08
r0mxefg1n6,1787747197206,kamigata-expo-park-fes-2026,2026-11-01,,[大阪府] 万博記念公園,electronic,female,同行,,,,,2026-08-26 12:26:37,2026-08-31 15:01:19,2026-08-27 08:01:09,,sold,2,28000,"2名義中2番手
郵送物戻りなし/有効期限内/ランダムエラー歴なし/下3桁提示可能
当方が指定する時間に集合して頂き、同時入場。一度回収させて頂き当方が選択しなか...",False,2026-08
sold_kamigata-expo-park-fes-2026_1787370487898_31000,1787370487898,kamigata-expo-park-fes-2026,2026-11-01,,[大阪府] 万博記念公園,electronic,female,公演日前日までにQRコード共有,,,,,2026-08-22 03:48:07,2026-08-31 15:01:19,2026-08-27 07:17:28,,sold,2,31000,"なにわ名義/QR毎/初期当選/座席未定/有効期限内/すり替えなし/過去エラー等なし/下3桁提示可能

公演前日までにログイン情報を共有いたします。
入場後は速や...",False,2026-08
sold_kamigata-expo-park-fes-2026_1787392821092_19500,1787392821092,kamigata-expo-park-fes-2026,2026-11-01,,[大阪府] 万博記念公園,electronic,female,公演前日ログイン情報共有,,,,,2026-08-22 10:00:21,2026-08-31 15:01:19,2026-08-27 07:17:28,,sold,2,19500,"ご購入後、支払い番号を共有しますので8/24までにご自身で定価分入金していただける方のみ

Aぇ! group名義/QR毎/FC同士/初期当選/発送物戻り・エラ...",False,2026-08
lg2hopcvmz,1787819209198,naniwa-danshi-nd5,2026-09-21,14:00,あなぶきアリーナ香川,electronic,female,公演日7日前までにQRコード共有,さなち,5.0,,QR,2026-08-27 08:26:49,2026-08-31 15:01:19,2026-08-27 10:01:13,,sold,2,42000,"FC復活当選分
QRごとのお渡し 条件なし
期限内会員 Pay-easy決済 着ブロなし 郵便戻りなし すり替えなし 会員番号の下3桁お伝え。中止の場合のみ返金いたします。
プライベート出品、もしくはプラベルに切り替えますのでコメントからお願いします。",True,2026-08
hiqw500q63,1787823423148,naniwa-danshi-nd5,2026-09-19,18:00,あなぶきアリーナ香川,electronic,female,公演前日にログイン情報共有,n,5.0,,QR,2026-08-27 09:37:03,2026-08-31 15:01:19,2026-08-28 16:01:17,transition_observed,sold,2,79000,"QR毎/初期当選/重複すり替えなし/着ブロ希望なし/下3桁提示可/有効期限内/コンビニ決済

プラベ出品対応可能です。
ご希望の場合、メッセージにてお知らせくだ...",True,2026-08
iq1rhddhps,1787827523473,naniwa-danshi-nd5,2026-09-06,13:00,朱鷺メッセ 新潟コンベンションセンター,electronic,female,前日夜〜当日朝までにQRコード共有,あああ,5.0,,QR,2026-08-27 10:45:23,2026-08-31 15:01:19,2026-08-28 11:01:14,transition_observed,sold,2,40000,"FC先行／座席未定／初期当選／QR毎／下3桁提示可能／重複すり替えなし／有効期限内／発送物戻りなし／着ブロ希望なし／エラー履歴なし


マイページの連絡ボードに...",True,2026-08
jde7o6yj5a,1787828257937,naniwa-danshi-nd5,2026-09-06,17:30,朱鷺メッセ 新潟コンベンションセンター,electronic,female,3名義中3番手,あちゃ,5.0,,番手,2026-08-27 10:57:37,2026-08-28 00:01:11,,,deleted,2,30000,"3名義中3番手/初期当選×3/下3桁提示可能/すり替えなし/有効期限内名義/過去エラーなし/着ブロ指定なし
・公演当日、会場付近にて開場時刻の20〜30分前の集合を予定しております。
詳しい待ち合わせ場所と時間に関しては前日までにお伝えいたします。
・入場時発券のため端末をお借りする場合がございます。
・入場後、1度チケットを回収し座席確認後、上位の方から座席選択を行います。
座席選択にお時間を頂戴する場合もございますがご了承くださいませ。
・購入後、会場外や会場内でスムーズに連絡が取れるように予め連絡先をお聞きする場合がございますのでご了承くださいませ。
・チケット受け渡し時に受け取り評価をしていただきます。
・ランダムエラー、遅刻、本人確認、体調不良、座席のクレームなど、公演中止以外はいかなる場合でもキャンセル、返金は出来かねます。
公演中止の場合のみ手数料を差し引いた金額を返金いたします。
上記ご理解いただけた方のみ、購入お願いいたします。",True,2026-08
logf2fmqvd,1787837279733,naniwa-danshi-nd5,2026-09-05,13:30,朱鷺メッセ 新潟コンベンションセンター,electronic,female,公演前日QR共有,Y,5.0,,QR,2026-08-27 13:27:59,2026-08-27 15:01:14,,,deleted,1,45000,"QR毎/初期当選/有効期限内/下3桁提示可能/過去エラーなし/郵送物戻りなし/
購入される場合メッセージ個別でお願い致します。
・公演前日にログイン情報をお伝えします。
・座席に関するクレーム等一切お受けできません。
・入場後は開演までに受け取り連絡、速やかにログアウトをお願いします。
・本人確認、体調不良、ランダムエラー等公演中止以外でのキャンセル返金は致しかねますのでご了承ください。
・トラブル防止の為、日本語が通じる方のみご購入お願い致します。",True,2026-08
fatcdp8b81,1787839531632,naniwa-danshi-nd5,2026-09-05,13:30,朱鷺メッセ 新潟コンベンションセンター,electronic,female,公演日前日までにQRコード共有,Y,5.0,,QR,2026-08-27 14:05:31,2026-08-27 16:01:18,,,deleted,1,48000,"QR毎/初期当選/有効期限内/下3桁提示可能/重複すり替えなし/郵送物戻りなし/同意チェック可
プライベート出品いたしますのでメッセージお願いいたします。
・公演前日にログイン情報をお伝えします。
・座席に関するクレーム等一切お受けできません。
・入場後は開演までに受け取り連絡、速やかにログアウトをお願いします。
・本人確認、体調不良、ランダムエラー等公演中止以外でのキャンセル返金は致しかねますのでご了承ください。
・トラブル防止の為、日本語が通じる方のみご購入お願い致します。",True,2026-08
71yg56fq0d,1787851915842,naniwa-danshi-nd5,2026-09-06,17:30,朱鷺メッセ 新潟コンベンションセンター,electronic,none,同行,き,5.0,,番手,2026-08-27 17:31:55,2026-08-28 16:01:17,,,deleted,1,26000,"3名義中3番手/2連中の1枚/有効期限内/すり替えなし/下３桁提示可/初期当選

・当日は会場付近で待ち合わせのうえ、同時入場いたします。
・発券時、携帯端末を...",True,2026-08
0ylm5q6tle,1787860808319,naniwa-danshi-nd5,2026-09-20,17:30,あなぶきアリーナ香川,electronic,female,同行,N,5.0,,ランダム,2026-08-27 20:00:08,2026-08-31 15:01:19,2026-08-28 14:01:15,transition_observed,sold,2,20000,"ランダム配布 指定席のみ
上乗せですり替えなしランダムに変更可

複数名義所持しております。
同時入場後、一度チケットを回収させていただき、座席確認後ランダムに...",True,2026-08
wza1yl6vkm,1787875128030,naniwa-danshi-nd5,2026-09-06,17:30,朱鷺メッセ 新潟コンベンションセンター,electronic,female,3名義中3番手,あちゃ,5.0,,番手,2026-08-27 23:58:48,2026-08-28 12:01:10,,,deleted,2,25000,"3名義中3番手/初期当選×3/下3桁提示可能/すり替えなし/有効期限内名義/過去エラーなし/着ブロ指定なし

・公演当日、会場付近にて開場時刻の20〜30分前の...",True,2026-08
1zcisl5nhh,1787875667784,naniwa-danshi-nd5,2026-09-06,13:00,朱鷺メッセ 新潟コンベンションセンター,electronic,female,公演日1日前までにQRコード共有,ぴ,5.0,,QR,2026-08-28 00:07:47,2026-08-28 05:01:11,,,deleted,2,40000,"初期当選　QRごと  有効期限内　重複すり替え無し　発送物戻り無し　下3桁提示可　代表者チェック同意買い手にて可

前日にログイン情報をお知らせ致します。サイチ...",True,2026-08
sold_naniwa-danshi-nd5_1787883155297_11000,1787883155297,naniwa-danshi-nd5,2026-09-05,13:30,朱鷺メッセ 新潟コンベンションセンター,electronic,female,公演日7日前までにQRコード共有,,,,,2026-08-28 02:12:35,2026-08-31 15:01:19,2026-08-28 03:01:09,,sold,1,11000,,False,2026-08
n1twx7qbcl,1787889444895,naniwa-danshi-nd5,2026-09-06,17:30,朱鷺メッセ 新潟コンベンションセンター,electronic,female,公演日7日前までにQRコード共有,はる,5.0,,QR,2026-08-28 03:57:24,2026-08-31 15:01:19,2026-08-28 06:01:16,transition_observed,sold,2,40000,"2枚連番QRコードのお譲りです
有効期限内　初期当選　着ブロ選択なし

すり替えなし 下3桁提示可能

同行者登録の同意した上で買い手様にログイン情報お伝えしま...",True,2026-08
ame14ni3tl,1787302614120,kamigata-expo-park-fes-2026,2026-10-31,,[大阪府] 万博記念公園,electronic,female,同行,こ,4.5,,番手,2026-08-21 08:56:54,2026-08-28 09:01:14,,,deleted,2,50000,"初期当選/2名義中2番手/有効期限内
全てジュニア名義/すり替えなし/下3桁提示可

入場後はチケットを一旦回収し、当方が座席選択後に順次チケットをお渡し致しま...",True,2026-08
b0xne3h5e2,1787490831811,kamigata-expo-park-fes-2026,2026-10-31,,[大阪府] 万博記念公園,electronic,none,同行,ひ,5.0,,番手,2026-08-23 13:13:51,2026-08-31 15:01:19,2026-08-28 05:01:11,transition_observed,sold,2,22000,"FC先行/有効期限内/3名義中3番手/全てデビュー組名義/すり替えなし

3名義中1名義は男性名義が代表者での当選となります。

当日の集合時間・場所等に関して...",True,2026-08
3eu8hjghqg,1787899986703,naniwa-danshi-nd5,2026-09-19,13:30,あなぶきアリーナ香川,electronic,female,同行,k,5.0,,番手,2026-08-28 06:53:06,2026-08-28 08:01:11,,,deleted,2,73000,"2名義中2番手/すり替えなし/下3桁提示可/FC先行/初期当選/有効期限内名義/郵送物戻りなし/着ブロなし/プライベート出品可
公演当日、会場付近で集合し同時入場していただきます。
詳しい場所や時間は前日にお伝えします。
入場後一度チケットを回収し座席を選ばせていただきます。
座席選択にお時間いただく可能性がございます。
当方が座席を選択した後、チケットをお渡しし、受け取り通知をしていただき解散とします。
解散後はご自由にしていただいてかまいません。
ランダムエラー、交通事情、大幅な遅刻、体調不良、自担が出演しないなどの理由での返金・キャンセルは致しかねます。
その場合でも受け取り通知はしていただきますのでよろしくお願いいたします。
また、座席に関するクレームはお受けできません。
公演中止の場合のみ手数料を引いた金額を返金させていただきます。
上記ご了承いただけた方は購入をお願いいたします。",True,2026-08
4p8mkqke55,1787906335730,naniwa-danshi-nd5,2026-09-06,13:00,朱鷺メッセ 新潟コンベンションセンター,electronic,female,同行,m,5.0,,同行,2026-08-28 08:38:55,2026-08-28 14:01:15,,,deleted,1,45000,"2連中1枚同行/初期当選/有効期限内/下3桁提示可能/重複すり替えなし/道枝担不可

・開場時間10分前頃に集合し同時入場していただきます。詳しい時間や場所に関...",True,2026-08
5b3fj40fhi,1787906385106,naniwa-danshi-nd5,2026-09-06,17:30,朱鷺メッセ 新潟コンベンションセンター,electronic,female,同行,m,5.0,,同行,2026-08-28 08:39:45,2026-08-28 13:01:11,,,deleted,1,45000,"2連中1枚同行/初期当選/有効期限内/下3桁提示可能/重複すり替えなし/道枝担不可

・開場時間10分前頃に集合し同時入場していただきます。詳しい時間や場所に関...",True,2026-08
5dlk3ha55p,1787908908846,naniwa-danshi-nd5,2026-10-12,14:00,エコパアリーナ,electronic,female,当方と同時入場,m,5.0,,番手,2026-08-28 09:21:48,2026-08-28 12:01:10,,,deleted,2,62000,"2名義中2番手2連

初期当選×2(前回VoyAGEスタンド、初当選)

すり替えなし下3桁提示可/エラー歴なし/発送物戻りなし/有効期限内/同一決済なし...",True,2026-08
q7sv0vis63,1787914939537,naniwa-danshi-nd5,2026-09-05,18:00,朱鷺メッセ 新潟コンベンションセンター,electronic,female,公演日1日前までにQRコード共 有,ルル,5.0,,QR,2026-08-28 11:02:19,2026-08-31 15:01:19,2026-08-28 13:01:11,transition_observed,sold,2,38000,"QR/有効期限内/下3桁提示可能/重複すり替えなし
公演前日の夜に連絡ボードにてログインに必要な情報をお伝えします。入場はご自身の端末でQRを表示してご入場ください。
入場後は速やかにログアウト、必ず開演までに受取連絡をお願いします。
公演中止以外の理由なる場合も返金、キャンセル対応はいたしません。受取連絡は必ずしていただきますので予めご了承ください。
購入後のキャンセルはご遠慮ください。
上記すべてお読みいただき、同意・ご理解いただけた方のみご購入をお願いいたします。",True,2026-08
tfilrl5f9x,1787831818527,naniwa-danshi-nd5,2026-09-05,13:30,朱鷺メッセ 新潟コンベンションセンター,paper,female,当日手渡し,大西流星,5.0,,同行,2026-08-27 11:56:58,2026-08-29 07:01:14,,,deleted,1,45000,"初期当選/同行/FC先行/有効期限内/重複すり替えなし/郵送物戻りなし/同一クレカ決済なし/下3桁提示可

売り手(大西担）との同行です。

公演当日、会場付近...",True,2026-08
1mhdmol92h,1787279026820,naniwa-danshi-nd5,2026-09-05,13:30,朱鷺メッセ 新潟コンベンションセンター,electronic,female,公演前にログイン情報にてQR共有,ピンキー,5.0,,QR,2026-08-21 02:23:46,2026-08-29 18:01:13,,,deleted,2,45000,"QR毎/初期期選/着ブロ希望無/下3桁開示可/有効期限内

体調不良、ランダムエラー、システムエラー、本人確認、交通機関の遅延、出演者の変更等、いかなる場合も返...",True,2026-08
ybs27xobp2,1787933006608,naniwa-danshi-nd5,2026-09-05,13:30,朱鷺メッセ 新潟コンベンションセンター,electronic,female,公演前日までにログイン情報共有(QRごと),ま,5.0,,QR,2026-08-28 16:03:26,2026-08-31 15:01:19,2026-08-29 04:01:17,transition_observed,sold,2,40000,"QRごと
FC初期当選
下3桁提示可能
有効期限内名義
クレカ支払い(同一なし)
代表者チェック可能


前回座席チケホル登録期限切れのため確認できませんが、前...",True,2026-08
as6xrxepd7,1787642911713,naniwa-danshi-nd5,2026-09-05,18:00,朱鷺メッセ 新潟コンベンションセンター,electronic,female,同時入荷,🐻,5.0,,番手,2026-08-25 07:28:31,2026-08-29 13:01:18,,,deleted,2,30000,"2名義中2番手
初期当選/下3桁提示可/有効期限内/郵送物戻りなし/すり替えなし

当日1時間半に会場付近に集合。同時入場していただき、チケットを一旦回収いたし...",True,2026-08
1l3ileb91j,1787880259736,naniwa-danshi-nd5,2026-09-05,18:00,朱鷺メッセ 新潟コンベンションセンター,electronic,female,公演前日QRコード共有,みん,5.0,,QR,2026-08-28 01:24:19,2026-08-29 12:01:17,,,deleted,1,40000,"単番QR毎/復活当選※注釈付/下3桁提示可/有効期限内/重複すり替え無

プライベート出品に変更するので購入希望の方はメッセージをお願いいたします。

公演前日...",True,2026-08
zqv8gctlbb,1787548621675,naniwa-danshi-nd5,2026-09-05,18:00,朱鷺メッセ 新潟コンベンションセンター,electronic,female,同行,m,5.0,,番手,2026-08-24 05:17:01,2026-08-31 15:01:19,2026-08-29 10:01:19,transition_observed,sold,2,35000,"2名義中2番手
初期当選/すり替えなし/下3桁提示可能
過去当選歴：初当選、前回スタンド

公演当日に開場15分前頃に会場付近で集合し同時入場して頂きます。座席...",True,2026-08
nyeav589ha,1787229330070,naniwa-danshi-nd5,2026-09-05,18:00,朱鷺メッセ 新潟コンベンションセンター,electronic,female,同行,rara❤︎,5.0,,番手,2026-08-20 12:35:30,2026-08-31 15:01:19,2026-08-29 16:01:09,transition_observed,sold,1,35000,"全て初期当選/2名義中２番手/すり替えなし/
下3桁提示可
会場付近で待ち合わせを行い同時入場。
入場後当方が選ばなかった2番手の1枚のチケットをお渡しします。...",True,2026-08
yiiil4l65r,1787897978139,naniwa-danshi-nd5,2026-09-05,18:00,朱鷺メッセ 新潟コンベンションセンター,electronic,female,ランダム,な,5.0,,ランダム,2026-08-28 06:19:38,2026-08-30 00:01:20,,,deleted,1,28000,"すり替えなしランダム 下3桁開示可能
・複数名義所持している為、入場後チケットを一度回収し、当方が座席を選択した後にランダムにてチケットをお渡し致します。
・全...",True,2026-08
ov9t999h2v,1787933063269,naniwa-danshi-nd5,2026-09-06,13:00,朱鷺メッセ 新潟コンベンションセンター,electronic,female,公演前日までにログイン情報共有(QRごと),ま,5.0,,QR,2026-08-28 16:04:23,2026-08-31 15:01:19,2026-08-29 06:01:15,transition_observed,sold,2,40000,"QRごと
FC初期当選
下3桁提示可能
有効期限内名義
クレカ支払い(同一なし)
代表者チェック可能


前回座席チケホル登録期限切れのため確認できませんが、前...",True,2026-08
sgdg77suax,1787897057622,naniwa-danshi-nd5,2026-09-06,13:00,朱鷺メッセ 新潟コンベンションセンター,electronic,female,当日ログイン情報お渡し,K,5.0,,QR,2026-08-28 06:04:17,2026-08-29 13:01:18,,,deleted,1,54000,"【8/30までに決定】単番QR毎/初期当選/有効期限内/下3桁提示可
同意チェック可

当日当方も別QRで入場予定のため
待ち合わせ時に端末にログ情入力いたしま...",True,2026-08
41bji418nd,1787492093767,naniwa-danshi-nd5,2026-09-06,17:30,朱鷺メッセ 新潟コンベンションセンター,paper,female,当日手渡し,mm,5.0,,同行,2026-08-23 13:34:53,2026-08-31 15:01:19,2026-08-29 04:01:17,transition_observed,sold,1,48000,"プラベル対応可能

初期当選/初当選/重複すり替え無し同行/下3桁提示可能/サイチェン可/大橋担不可

当日会場付近で合流後、一緒に入場していただきます。入場後...",True,2026-08
93nen3s87a,1787202576397,naniwa-danshi-nd5,2026-09-06,17:30,朱鷺メッセ 新潟コンベンションセンター,electronic,female,3名義2番手,あちゃ,5.0,,番手,2026-08-20 05:09:36,2026-08-29 06:01:15,,,deleted,1,35000,"3名義中2番手/初期当選×3/下3桁提示可能/すり替えなし/有効期限内名義/過去エラーなし/着ブロ指定なし
※西畑担購入不可❌

・公演当日、会場付近にて開場時...",True,2026-08
yvrapf2od6,1787833701925,naniwa-danshi-nd5,2026-09-06,17:30,朱鷺メッセ 新潟コンベンションセンター,electronic,female,少人数ランダム,♡,5.0,,ランダム,2026-08-27 12:28:21,2026-08-29 15:01:12,,,deleted,2,12000,"少人数ランダム/黒服対策あり

※プラベル出品も可能です。

・複数名義所持しておりますので、同時入場後にこちらでチケット回収後一度解散し、再度待ち合わせをしす...",True,2026-08
mhpduiz8xy,1787902121247,naniwa-danshi-nd5,2026-09-06,17:30,朱鷺メッセ 新潟コンベンションセンター,electronic,female,ランダム,A,5.0,,ランダム,2026-08-28 07:28:41,2026-08-31 15:01:19,2026-08-29 12:01:17,transition_observed,sold,1,5000,"【条件あり FC当選のみ ランダム配布】
複数所持のため同時入場をお願い致します。
当日は開演の1時間30分前に会場付近に集合予定です。
同時入場後、一度チケッ...",True,2026-08
a67irh5jrh,1787721059089,naniwa-danshi-nd5,2026-09-06,17:30,朱鷺メッセ 新潟コンベンションセンター,electronic,female,同時入場 3番手中3番手,ぷ,5.0,,番手,2026-08-26 05:10:59,2026-08-29 13:01:18,,,deleted,2,22000,"3名義中3番手
FC先行/初期当選/QR下3桁提示/有効期限内/すり替えなし/着ブロ希望なし

ご希望の方は、プライベートモードに切り替えますので、購入前にご連...",True,2026-08
8w98sufei4,1787771816146,naniwa-danshi-nd5,2026-09-06,17:30,朱鷺メッセ 新潟コンベンションセンター,electronic,female,同行,退会済みユーザー,5.0,,QR番手,2026-08-26 19:16:56,2026-08-29 03:01:20,,,deleted,2,40000,"ファンクラブ先行 座席未定 2名義中2番手のお譲り 入場後20分以内にチケットをお渡しいたします。
決済会員番号下3桁お伝え可能 すり替えなし 

【取引方法の...",True,2026-08
1iwmarsx7j,1787827695733,naniwa-danshi-nd5,2026-09-06,17:30,朱鷺メッセ 新潟コンベンションセンター,electronic,female,公演前日夜〜当日朝までにQRコード共有,りりり,5.0,,QR,2026-08-27 10:48:15,2026-08-31 15:01:19,2026-08-30 01:01:16,transition_observed,sold,2,38000,"FC先行／座席未定／QR毎／下3桁提示可能／重複すり替えなし／有効期限内／発送物戻りなし／着ブロ希望なし／エラー履歴なし

マイページの連絡ボードにて、ログイン...",True,2026-08
f6gblf4toz,1787287633746,naniwa-danshi-nd5,2026-09-20,17:30,あなぶきアリーナ香川,electronic,none,少人数ランダム配布,n,5.0,,ランダム,2026-08-21 04:47:13,2026-08-31 15:01:19,2026-08-29 12:01:17,transition_observed,sold,2,23000,"【少人数ランダム配布】
複数名義所持している為、入場後チケットを一度回収しランダム配布させて頂きます。

中相場買取可能⭕️
早渡しについてはご相談ください。...",True,2026-08
f0p7mkrmti,1787907316547,naniwa-danshi-nd5,2026-09-21,14:00,あなぶきアリーナ香川,electronic,female,同行,はむ,5.0,,同行,2026-08-28 08:55:16,2026-08-29 12:01:17,,,deleted,1,70000,当方との同行(藤原担不可)/初期当選/有効期限内/重複すり替えなし/下3桁提示可/サイチェン可/着ブロなし/発送物戻りなし/過去エラーなし/その他諸々不備なし...,True,2026-08
m97gvo4et9,1787364989327,naniwa-danshi-nd5,2026-09-21,14:00,あなぶきアリーナ香川,electronic,female,QR毎,み。,5.0,,QR,2026-08-22 02:16:29,2026-08-29 18:01:13,,,deleted,2,50000,復活当選チケットになります。,True,2026-08
5ydyyc9gl6,1787233763037,naniwa-danshi-nd5,2026-10-24,13:00,ららアリーナ 東京ベイ（LaLa arena TOKYO-BAY）,electronic,female,ご注文後24時間以内にログイン情報開示,💛,5.0,,QR,2026-08-20 13:49:23,2026-08-29 10:01:19,,,deleted,2,43000,仕事の都合で参戦出来なくなってしまったのでQRコードごとお譲りします。当選歴無し　初当選　今まで他FCエラー無し　同行無し交換なし　着席ブロック希望無し　有効期...,True,2026-08
5swy3ekiow,1787327132724,naniwa-danshi-nd5,2026-10-28,15:00,ららアリーナ 東京ベイ（LaLa arena TOKYO-BAY）,electronic,female,同時入場,M,5.0,,番手,2026-08-21 15:45:32,2026-08-29 04:01:17,,,deleted,1,67000,"【3名義中2番手】すり替えなし/下3桁提示可能/有効期限内

初当選名義×1・前回スタンド名義×2⭐️

公演日当日、開場時間30分前待ち合わせ予定。詳しい場所...",True,2026-08
jme4xwytcx,1787498383214,kamigata-expo-park-fes-2026,2026-11-01,,[大阪府] 万博記念公園,electronic,female,当日同時入場または事前QR共有,C,5.0,,番手,2026-08-23 15:19:43,2026-08-29 23:01:08,,,deleted,1,22000,"3名義中3番手
情報局名義/有効期限内/すり替えなし/下3桁提示可/エラー歴なし
入場方法などの状況により、同時入場ではなくQRごとお渡しとなる場合がございます...",True,2026-08
kxjwlz8vup,1786607394387,naniwa-danshi-nd5,2026-09-05,13:30,朱鷺メッセ 新潟コンベンションセンター,electronic,female,同行,nyanpi,5.0,,同行,2026-08-13 07:49:54,2026-08-31 15:01:19,,,listing,1,44000,"大西担と同行になります。

初期当選│有効期限内│下3桁提示可能│
本人確認不可│重複なし｜サイチェン不可

・開演時間1時間〜30分前頃に集合し当方と同時入場...",True,2026-08
dc2mrc4f2k,1785618482697,naniwa-danshi-nd5,2026-09-05,13:30,朱鷺メッセ 新潟コンベンションセンター,electronic,female,同行,ym,5.0,,番手,2026-08-01 21:08:02,2026-08-31 15:01:19,2026-08-29 21:01:09,transition_observed,sold,1,39000,"2名義中2番手 (単番×2)
FC先行 初期当選/すり替えなし/有効期限内/下三桁提示可能

公演当日、会場付近にて待ち合わせし同時に入場していただきます。
詳...",True,2026-08
nf88j24r64,1786013174632,naniwa-danshi-nd5,2026-09-05,13:30,朱鷺メッセ 新潟コンベンションセンター,electronic,none,同行,a,5.0,,ランダム,2026-08-06 10:46:14,2026-08-31 15:01:19,2026-08-29 09:01:18,transition_observed,sold,2,17000,"🖤2連確約🖤複数名義中ランダム配布

・開場30〜45分前に集合していただきます。集合場所は公演前日にお伝えいたします。

・入場後全てのチケットを回収し予...",True,2026-08
tapp6ofrit,1786177900022,naniwa-danshi-nd5,2026-09-05,13:30,朱鷺メッセ 新潟コンベンションセンター,electronic,female,2名義中2番手,う,5.0,,番手,2026-08-08 08:31:40,2026-08-29 06:01:15,,,deleted,2,35000,"⚠️プラベル移行のためリクエストください⚠️ 2名義中2番手
初期当選/有効期限内/すり替えなし/下3桁提示可

・当日はこちらが指定した時間(開場10分前頃予...",True,2026-08
pxuehy36kg,1786452636099,naniwa-danshi-nd5,2026-09-05,18:00,朱鷺メッセ 新潟コンベンションセンター,electronic,female,公演前日にログイン情報を共有,R,5.0,,QR,2026-08-11 12:50:36,2026-08-31 15:01:19,2026-08-29 11:01:16,transition_observed,sold,2,44000,"2連QR毎/初期当選/下3桁提示可能/重複、すり替えなし/有効期限内名義/着ブロ指定なし

公演前日にログイン情報をお伝えします。
入場後速やかにログアウトと受...",True,2026-08
sold_naniwa-danshi-nd5_1787030944620_7000,1787030944620,naniwa-danshi-nd5,2026-09-05,18:00,朱鷺メッセ 新潟コンベンションセンター,electronic,female,同行,A,5.0,,ランダム,2026-08-18 05:29:04,2026-08-31 15:01:19,,historical_unknown,sold,1,7000,"【条件あり FC当選のみ ランダム配布】
複数所持のため同時入場をお願い致します。
当日は開演の1時間30分前に会場付近に集合予定です。
同時入場後、一度チケッ...",True,2026-08
10vw2hwd2m,1786013268403,naniwa-danshi-nd5,2026-09-05,18:00,朱鷺メッセ 新潟コンベンションセンター,electronic,none,同行,a,5.0,,ランダム,2026-08-06 10:47:48,2026-08-31 15:01:19,2026-08-29 19:01:09,transition_observed,sold,1,7000,"複数名義中ランダム配布

・開場30分前に集合していただきます。集合場所は公演前日にお伝えいたします。

・入場後全てのチケットを回収し予めお伺いする【お名前+...",True,2026-08
hy2dbqox1s,1787144689771,naniwa-danshi-nd5,2026-09-06,13:00,朱鷺メッセ 新潟コンベンションセンター,electronic,female,同行,にゃ,5.0,,同行,2026-08-19 13:04:49,2026-08-29 07:01:14,,,deleted,1,54000,"当方との同行です。⚠️大橋担不可
日本人女性のみでお願いいたします

初期当選 / 女性名義 / 有効期限内 / 発送物戻りなし / 過去ランエラ等なし

サイ...",True,2026-08
ozxtox5pir,1785726092103,naniwa-danshi-nd5,2026-09-06,13:00,朱鷺メッセ 新潟コンベンションセンター,electronic,female,同行,s,5.0,,ランダム,2026-08-03 03:01:32,2026-08-29 12:01:17,,,deleted,2,30000,"すり替えなしランダム

プライベート出品に切り替えますので購入前に必ずメッセージをお願いします。

・入金後のキャンセルは一切受け付けません。

・急な出演者変...",True,2026-08
ebp86nhp93,1786807047066,naniwa-danshi-nd5,2026-09-06,13:00,朱鷺メッセ 新潟コンベンションセンター,electronic,female,同行,s,5.0,,番手,2026-08-15 15:17:27,2026-08-29 12:01:17,,,deleted,1,45000,"6名義中4番手(12枚中7枚目)/すり替えなし/下3桁提示可/全て初期当選

プライベート出品に切り替えますのでご購入前に必ずメッセージをお願いいたします。...",True,2026-08
ipvdeemx3h,1786596034618,naniwa-danshi-nd5,2026-09-06,13:00,朱鷺メッセ 新潟コンベンションセンター,electronic,female,2名義中2番手,s,5.0,,番手,2026-08-13 04:40:34,2026-08-29 09:01:18,,,deleted,2,37000,"プラベルにて出品いたしますので、ご希望の方はメッセージをお願いします。

2名義中2番手/すり替えなし/下3桁提示可能/有効期限内名義

・公演日、開場15分前...",True,2026-08
87526eqi90,1786893811441,naniwa-danshi-nd5,2026-09-06,17:30,朱鷺メッセ 新潟コンベンションセンター,electronic,female,同行,ca,5.0,,ランダム,2026-08-16 15:23:31,2026-08-31 15:01:19,2026-08-29 06:01:15,transition_observed,sold,1,6000,"事前にメッセージいただけましたら専用ページを作成することも可能です

全ての名義Pay-easy決済　指定席のみ
複数名義重複選のため、当日は開場30分前（開演...",True,2026-08
7uywlds3pt,1787064972187,naniwa-danshi-nd5,2026-09-06,17:30,朱鷺メッセ 新潟コンベンションセンター,paper,female,公演前日QRコード共有,R,5.0,,QR,2026-08-18 14:56:12,2026-08-31 15:01:19,2026-08-29 10:01:19,transition_observed,sold,2,12000,"復活当選/QR枚/下3桁提示可能/すり替えなし/期限内

トラブル防止の為、日本人女性の方のみご購入下さい。

金額ご提示お願いします。なるべく早くお取引したい...",True,2026-08
ls5njiukuq,1785853704126,naniwa-danshi-nd5,2026-09-19,18:00,あなぶきアリーナ香川,electronic,female,同行,チケ子,5.0,,ランダム,2026-08-04 14:28:24,2026-08-31 15:01:19,2026-08-29 06:01:15,transition_observed,sold,1,30000,"指定席のみ少人数ランダム配布

公演当日、開場時間20分前に待ち合わせし、同時入場していただきます。時間厳守でお願いいたします。

入場後はチケットを回収させて...",True,2026-08
30y2lxs1pt,1786250095277,naniwa-danshi-nd5,2026-10-10,13:30,エコパアリーナ,electronic,female,同行,ぴ,5.0,,同行,2026-08-09 04:34:55,2026-08-29 04:01:17,,,deleted,1,67000,重複なし同行,True,2026-08
7w2lm10097,1787986975514,naniwa-danshi-nd5,2026-09-05,13:30,朱鷺メッセ 新潟コンベンションセンター,electronic,female,公演前日にログイン情報共有,ねこ,5.0,,QR,2026-08-29 07:02:55,2026-08-29 14:01:10,,,deleted,2,42000,"プライベート出品致しますので、購入希望の方はメッセージお願いします。

初期当選/有効期限内/重複なし/着ブロ希望なし/下3桁提示可能/FC×FC名義/2連QR...",True,2026-08
yq4kxt1741,1788006995976,naniwa-danshi-nd5,2026-09-05,13:30,朱鷺メッセ 新潟コンベンションセンター,electronic,female,同行,あい,5.0,,ランダム,2026-08-29 12:36:35,2026-08-31 15:01:19,2026-08-29 15:01:12,transition_observed,sold,1,5000,複数名義のため、入場後に一度チケットを回収してこちらでチケットを選ばせて頂きます。座席を選ぶ際にお時間を頂くこともあるかと思いますが、必ず開演前までにお渡し致し...,True,2026-08
725vu1ibmb,1788008306758,naniwa-danshi-nd5,2026-09-06,13:00,朱鷺メッセ 新潟コンベンションセンター,electronic,male,公演日前日までにログイン情報お知らせします,くま,5.0,,QR,2026-08-29 12:58:26,2026-08-30 07:01:20,,,deleted,1,46000,"＊プラベルにて出品可能です。
ご希望の方はメッセージください

初期当選/有効期限内/下3桁提示可

・当日入場後は速やかにログアウトのうえ、受け取り通知をお願...",True,2026-08
ziwimrsbrj,1788009410032,naniwa-danshi-nd5,2026-09-05,18:00,朱鷺メッセ 新潟コンベンションセンター,electronic,none,4名義中3番手,り,5.0,,番手,2026-08-29 13:16:50,2026-08-29 15:01:12,,,deleted,1,5000,,True,2026-08
31ybdtxlql,1788008696605,naniwa-danshi-nd5,2026-09-06,13:00,朱鷺メッセ 新潟コンベンションセンター,electronic,female,2番手中2番手,u,5.0,,番手,2026-08-29 13:04:56,2026-08-29 18:01:13,,,deleted,1,40000,"2番手中2番手/FC初期当選/すり替えなし/下3桁提示可/有効期限内/サイチェン不可

プラベルでのお取引またはプライベート出品に変更予定

当日会場付近にてお...",True,2026-08
sold_naniwa-danshi-nd5_1788024575992_12000,1788024575992,naniwa-danshi-nd5,2026-09-06,17:30,朱鷺メッセ 新潟コンベンションセンター,electronic,female,同行,,,,,2026-08-29 17:29:35,2026-08-31 15:01:19,,historical_unknown,sold,1,12000,"当方との同行となります
(当方藤原担です)

9/5昼夜、9/6夜を各同行1枚所持しているため、併せてご希望であればおっしゃってください。

開場15分前程度に...",False,2026-08
jfag0tpua0,1787479669307,naniwa-danshi-nd5,2026-09-05,13:30,朱鷺メッセ 新潟コンベンションセンター,electronic,female,同行,チケ子,5.0,,ランダム,2026-08-23 10:07:49,2026-08-31 15:01:19,2026-08-30 07:01:20,transition_observed,sold,2,18000,"指定席のみ 少人数ランダム配布 連番可
公演当日、開場時間の20分前に待ち合わせし、同時入場していただきます。時間厳守でお願いいたします。

入場後はチケットを...",True,2026-08
dt4492bub4,1787838927887,naniwa-danshi-nd5,2026-09-05,13:30,朱鷺メッセ 新潟コンベンションセンター,electronic,female,公演前日QR共有,な,5.0,,QR,2026-08-27 13:55:27,2026-08-31 15:01:19,2026-08-30 12:01:17,transition_observed,sold,1,53000,"QR毎/初期当選/有効期限内/下3桁提示可能/過去エラーなし/郵送物戻りなし/

購入される場合メッセージ個別でお願い致します。

・公演前日にログイン情報をお...",True,2026-08
f4pukmaq7q,1787427150404,naniwa-danshi-nd5,2026-09-05,13:30,朱鷺メッセ 新潟コンベンションセンター,electronic,female,同行,えむ,5.0,,同行,2026-08-22 19:32:30,2026-08-30 02:01:15,,,deleted,1,40000,"重複すり替えなし/初期当選/有効期限内/着ブロ指定なし/郵便物戻りなし/コンビニ支払い/下3桁提示可能
※大橋担購入不可
プラベル移行も可能。その際はコメントに...",True,2026-08
8m9ys9ociz,1787846527066,naniwa-danshi-nd5,2026-09-05,13:30,朱鷺メッセ 新潟コンベンションセンター,electronic,female,同行,SH,5.0,,ランダム,2026-08-27 16:02:07,2026-08-31 01:01:13,,,deleted,1,21000,"単番×2名義 当方と2名で入場
開演15分前までに必ずお渡し ランダム
初期当選 有効期限内名義  同一クレカ決済なし
※ご希望があればプラベルに変更可能

当...",True,2026-08
4v2fbmv7av,1788009675194,naniwa-danshi-nd5,2026-09-05,18:00,朱鷺メッセ 新潟コンベンションセンター,electronic,female,同行,ら,4.9,,ランダム,2026-08-29 13:21:15,2026-08-31 15:01:19,2026-08-30 09:01:21,transition_observed,sold,1,6300,"⭐️指定席のみ⭐️ランダム配布【+0.5上乗せで15-20分前早渡し可能】

プラベルに変更でお値下げ可能(ご相談ください)

ファンクラブ先行のチケットを複数...",True,2026-08
55ra0gz1v7,1787982668725,naniwa-danshi-nd5,2026-09-05,18:00,朱鷺メッセ 新潟コンベンションセンター,electronic,female,ランダム,A,5.0,,ランダム,2026-08-29 05:51:08,2026-08-31 15:01:19,2026-08-30 17:01:14,transition_observed,sold,1,6000,"【条件あり FC当選のみ ランダム配布】
複数所持のため同時入場をお願い致します。
当日は開演の1時間30分前に会場付近に集合予定です。
同時入場後、一度チケッ...",True,2026-08
eam44pdxcz,1787452370750,naniwa-danshi-nd5,2026-09-05,18:00,朱鷺メッセ 新潟コンベンションセンター,electronic,female,公演前日にログイン情報共有,あ,5.0,,QR,2026-08-23 02:32:50,2026-08-30 13:01:15,,,deleted,2,40000,"プラベル移行させていただきます。
初期当選、条件なしQRごと、ペイジー支払い、事前に下3桁提示可能、有効期限内、発送物戻り、エラー等経験なし

発券しましたら速...",True,2026-08
emfj824kal,1787813535066,naniwa-danshi-nd5,2026-09-05,18:00,朱鷺メッセ 新潟コンベンションセンター,electronic,none,ランダム配布,k,5.0,,ランダム,2026-08-27 06:52:15,2026-08-30 10:01:14,,,deleted,1,12000,"⭐︎2名義以下の指定席のみ少人数ランダム配布
※プライベート出品致しますので購入希望の方はメッセージお願い致します。
当方が指定する時間に待ち合わせし、当方と同...",True,2026-08
ngqfdnklg6,1787928322325,naniwa-danshi-nd5,2026-09-05,18:00,朱鷺メッセ 新潟コンベンションセンター,electronic,female,公演前日にQRコード共有,つき,5.0,,QR,2026-08-28 14:45:22,2026-08-30 03:01:11,,,deleted,2,39000,"※プラベルに切り替えますので、お手数ですがコメントお願いいたします

QR毎/初期当選/下3桁提示可/有効期限内／着ブロ希望無/返送物戻り無/重複すり替え無...",True,2026-08
5txaeqh2cx,1787987430752,naniwa-danshi-nd5,2026-09-06,13:00,朱鷺メッセ 新潟コンベンションセンター,electronic,female,公演前日までにログイン情報共有(QRごと),ま,5.0,,QR,2026-08-29 07:10:30,2026-08-30 04:01:12,,,deleted,2,40000,"QRごと
FC初期当選
下3桁提示可能
有効期限内名義
クレカ支払い(同一なし)
代表者チェック可能


前回座席チケホル登録期限切れのため確認できませんが、前...",True,2026-08
0apge5mtmt,1787495992627,naniwa-danshi-nd5,2026-09-06,13:00,朱鷺メッセ 新潟コンベンションセンター,electronic,female,同行,🐱,5.0,,番手,2026-08-23 14:39:52,2026-08-30 12:01:17,,,deleted,1,60000,"6名義中3番手/単番×6/初期当選/すり替えなし/下3桁提示可/有効期限内

プライベート出品に切り替えますので購入前に必ずメッセージをお願いします。

◾︎開...",True,2026-08
sold_naniwa-danshi-nd5_1787848986127_6500,1787848986127,naniwa-danshi-nd5,2026-09-06,13:00,朱鷺メッセ 新潟コンベンションセンター,electronic,female,同行,A,5.0,,ランダム,2026-08-27 16:43:06,2026-08-31 15:01:19,,historical_unknown,sold,1,6500,"【条件あり FC当選のみ ランダム配布】
複数所持のため同時入場をお願い致します。
当日は開演の1時間30分前に会場付近に集合予定です。
同時入場後、一度チケッ...",True,2026-08
20texcueo6,1787996797824,naniwa-danshi-nd5,2026-09-06,17:30,朱鷺メッセ 新潟コンベンションセンター,electronic,female,同行,S,4.8,,ランダム,2026-08-29 09:46:37,2026-08-31 15:01:19,2026-08-30 04:01:12,transition_observed,sold,1,6000,"公演当日、15:45頃に会場付近にて待ち合わせし、同時入場していただきます。
詳しい待ち合わせ時間・場所につきましては、公演前日までにお知らせします。同時入場後...",True,2026-08
cb5xgtnkzt,1787786168643,naniwa-danshi-nd5,2026-09-06,17:30,朱鷺メッセ 新潟コンベンションセンター,electronic,female,番手,y,5.0,,同行番手,2026-08-26 23:16:08,2026-08-31 01:01:13,,,deleted,2,22000,"3名義中3番手（2連×3)
FC先行/初期当選/すり替えなし/有効期限内/下三桁提示可能
全て前回スタンド名義

プライベート出品に切り替えるため、購入前にご連...",True,2026-08
9ni7xnfzxc,1787457070506,naniwa-danshi-nd5,2026-09-06,17:30,朱鷺メッセ 新潟コンベンションセンター,electronic,female,公演前日までにログイン情報共有,⭐️,5.0,,QR,2026-08-23 03:51:10,2026-08-30 03:01:11,,,deleted,2,44000,"2連QRごと
すり替え重複なし/初期当選/有効期限内名義/下3桁提示可/サイチェン可/同行者FC会員/着ブロ希望なし/会員番号9万台
過去当選歴→1st：横アリ...",True,2026-08
4u05jne5b4,1787573218045,naniwa-danshi-nd5,2026-09-06,17:30,朱鷺メッセ 新潟コンベンションセンター,electronic,female,同行,uknowjiji,5.0,,同行,2026-08-24 12:06:58,2026-08-31 15:01:19,,,listing,1,53000,"2名義中1番手/初期当選/すり替えなし/有効期限内／下3桁提示可/着ブロ希望なし／道枝担不可

当日開場時間前に会場付近にて待ち合わせ、同時入場して頂きます。詳...",True,2026-08
yr82fhtjy7,1788007124654,naniwa-danshi-nd5,2026-09-06,17:30,朱鷺メッセ 新潟コンベンションセンター,electronic,female,同行,あい,5.0,,ランダム,2026-08-29 12:38:44,2026-08-31 15:01:19,2026-08-30 12:01:17,transition_observed,sold,2,9000,複数名義のため、入場後に一度チケットを回収してこちらでチケットを選ばせて頂きます。座席を選ぶ際にお時間を頂くこともあるかと思いますが、必ず開演前までにお渡し致し...,True,2026-08
gwrctu8wbu,1787497582354,naniwa-danshi-nd5,2026-09-06,17:30,朱鷺メッセ 新潟コンベンションセンター,electronic,female,同行,ca,5.0,,番手,2026-08-23 15:06:22,2026-08-31 15:01:19,2026-08-30 03:01:11,transition_observed,sold,2,21000,"すり替えなし全て初期当選3名義中3番手下3桁提示可
全てPay-easy決済
複数名義重複選のため、当日は開場30分前（開演1時間30分前）に会場付近で待ち合わ...",True,2026-08
juqm21w4i2,1787805715112,naniwa-danshi-nd5,2026-09-19,13:30,あなぶきアリーナ香川,electronic,female,QR毎/FC先行/初期当選/すり替えなし/会員番号下3桁提示可能/有効期限内,ゆ,5.0,,QR,2026-08-27 04:41:55,2026-08-31 15:01:19,2026-08-30 05:01:13,transition_observed,sold,2,85000,"QRごと
FC初期当選
下3桁提示可能
有効期限内名義
クレカ支払い(同一なし)

公演前日にログイン情報をお伝えさせていただきます。

制作開放や着ブロではあ...",True,2026-08
xmgd8el5ef,1787288604667,naniwa-danshi-nd5,2026-09-19,18:00,あなぶきアリーナ香川,electronic,female,公演前日ログイン情報提示,R,5.0,,QR,2026-08-21 05:03:24,2026-08-31 15:01:19,2026-08-30 13:01:15,transition_observed,sold,1,73000,"単番QR毎のお譲り／初期当選／有効期限内／pay-easy支払い／すり替えなし／下3桁提示可能／発送物戻りなし

※申請後プライベート出品いたします。

以下お...",True,2026-08
7rfzxopsoy,1787884383758,naniwa-danshi-nd5,2026-09-20,13:00,あなぶきアリーナ香川,electronic,female,公演日当日QRコード共有,♡,5.0,,QR,2026-08-28 02:33:03,2026-08-30 02:01:15,,,deleted,1,80000,"プラベルにて対応いたします。
/初期当選/重複すり替え無し/下3桁提示可/発送物戻り無し/着ブロ指定無し/Jr時代からの引き継ぎ名義

公演日当日ログインに必要...",True,2026-08
4k3nbjciyl,1787622531947,naniwa-danshi-nd5,2026-09-20,17:30,あなぶきアリーナ香川,electronic,female,同行,み,5.0,,ランダム同行,2026-08-25 01:48:51,2026-08-30 03:01:11,,,deleted,2,28000,"全て有効期限内・初期当選 少人数ランダム
☆ランダム配布☆
【当日までの流れ】
・当日開場30～40分前に当方指定場所にて待ち合わせをし、入場します。
・当日の...",True,2026-08
ksgwq2dy7c,1787983394865,naniwa-danshi-nd5,2026-09-20,17:30,あなぶきアリーナ香川,electronic,none,同行/6名義中4番手,ひかるん,5.0,,同行番手,2026-08-29 06:03:14,2026-08-30 02:01:15,,,deleted,2,53000,"6名義中4番手
すり替えなし/初期当選/着ブロ・制作開放席なし/前回スタンド当選(チケホルあり)または初当選/有効期限内/同一クレカ決済なし/下3桁提示可

・...",True,2026-08
uwzkorymx5,1787982616786,naniwa-danshi-nd5,2026-09-20,17:30,あなぶきアリーナ香川,electronic,female,6名義中4番手,N,5.0,,番手同行,2026-08-29 05:50:16,2026-08-30 15:01:16,,,deleted,2,52000,"6名義中4番手/初期当選/下3桁提示可/有効期限内/すり替えなし/過去エラーなし/発送物戻りなし/着ブロなし/サイチェン可

同時入場後、一度チケットを回収させ...",True,2026-08
77m6no5is7,1787983324637,naniwa-danshi-nd5,2026-09-20,17:30,あなぶきアリーナ香川,electronic,none,同行/6名義中3番手,ひかるん,5.0,,同行番手,2026-08-29 06:02:04,2026-08-30 11:01:17,,,deleted,2,65000,"6名義中3番手
すり替えなし/初期当選/着ブロ・制作開放席なし/前回スタンド当選(チケホルあり)または初当選/有効期限内/同一クレカ決済なし/下3桁提示可

・...",True,2026-08
nqeuet7dsz,1787977828816,naniwa-danshi-nd5,2026-09-20,17:30,あなぶきアリーナ香川,electronic,female,同時入場,R,5.0,,番手,2026-08-29 04:30:28,2026-08-30 10:01:14,,,deleted,1,60000,"単番2名義中2番手
初期当選/期限内/すり替えなし/下3桁提示可
前回スタンド×2

開場10分前に会場付近にて集合し、同時入場していただきます。こちらで座席を...",True,2026-08
5xlc7r8ulv,1787982531515,naniwa-danshi-nd5,2026-09-20,17:30,あなぶきアリーナ香川,electronic,female,6名義中3番手,N,5.0,,番手同行,2026-08-29 05:48:51,2026-08-30 15:01:16,,,deleted,2,63000,"6名義中3番手/初期当選/下3桁提示可/有効期限内/すり替えなし/過去エラーなし/発送物戻りなし/着ブロなし/サイチェン可

同時入場後、一度チケットを回収させ...",True,2026-08
qtww3ym9uy,1787755293852,naniwa-danshi-nd5,2026-09-21,14:00,あなぶきアリーナ香川,electronic,female,同行,🤍,5.0,,同行記載あり,2026-08-26 14:41:33,2026-08-31 15:01:19,2026-08-30 12:01:17,transition_observed,sold,1,75000,"同行でのお譲りとなります。
※大橋担不可

初期当選/着ブロなし/下3桁提示可/有効期限内/初期当選/発送物戻りなし /サイチェン可

2023入会後初当選名義...",True,2026-08
m2accj57y5,1787569471863,naniwa-danshi-nd5,2026-09-21,14:00,あなぶきアリーナ香川,electronic,none,同行,み,5.0,,ランダム同行,2026-08-24 11:04:31,2026-08-30 10:01:14,,,deleted,2,30000,"☆少人数ランダム☆ その他検討します。
複数名義所持のため、同時入場し、こちらで座席選択させていただきます。
座席選択にお時間をいただきますので、一旦解散し再集...",True,2026-08
lx7fjap1qv,1787622603160,naniwa-danshi-nd5,2026-09-21,14:00,あなぶきアリーナ香川,electronic,female,同行,み,5.0,,ランダム同行,2026-08-25 01:50:03,2026-08-30 10:01:14,,,deleted,1,26000,"全て有効期限内・初期当選 少人数ランダム
☆ランダム配布☆
【当日までの流れ】
・当日開場30～40分前に当方指定場所にて待ち合わせをし、入場します。
・当日の...",True,2026-08
sv3m7d7wi1,1787463167122,naniwa-danshi-nd5,2026-09-21,14:00,あなぶきアリーナ香川,electronic,female,直接ログイン情報入力,A,5.0,,QR,2026-08-23 05:32:47,2026-08-30 08:01:41,,,deleted,1,66000,"購入前コメントかメッセージお願いします。単番QR毎 /初期当選/有効期限内/下3提示可
会場付近で集合し当方がログインさせて頂き、入場できなかったと返金求めてる...",True,2026-08
5sv8fun0qu,1787569510238,naniwa-danshi-nd5,2026-09-21,14:00,あなぶきアリーナ香川,electronic,none,同行,み,5.0,,同行ランダム,2026-08-24 11:05:10,2026-08-30 10:01:14,,,deleted,1,28000,"☆少人数ランダム☆ その他検討します。
複数名義所持のため、同時入場し、こちらで座席選択させていただきます。
座席選択にお時間をいただきますので、一旦解散し再集...",True,2026-08
pt6gqyh2fd,1787840516104,naniwa-danshi-nd5,2026-09-21,14:00,あなぶきアリーナ香川,electronic,female,同行,🤍,5.0,,同行,2026-08-27 14:21:56,2026-08-30 16:01:20,,,deleted,1,82000,"初期当選/有効期限内/変更ボタンあり/下3桁提示可/着ブロ指定無し/前回スタンド席

公演当日、開場10分前（12:50頃予定）に会場付近にて待ち合わせし同時入...",True,2026-08
4e4dgpupqv,1787622771618,naniwa-danshi-nd5,2026-09-21,14:00,あなぶきアリーナ香川,electronic,female,同行,み,5.0,,ランダム同行,2026-08-25 01:52:51,2026-08-30 10:01:14,,,deleted,2,28000,"全て有効期限内・初期当選 少人数ランダム
☆ランダム配布☆
【当日までの流れ】
・当日開場30～40分前に当方指定場所にて待ち合わせをし、入場します。
・当日の...",True,2026-08
6t9x5smkq6,1787902772620,naniwa-danshi-nd5,2026-09-21,14:00,あなぶきアリーナ香川,electronic,female,同行,ca,5.0,,番手ランダム,2026-08-28 07:39:32,2026-08-30 11:01:17,,,deleted,2,40000,"すり替えなしランダム配布
全て初期当選下3桁提示可
全てPay-easy決済
複数名義重複選のため、当日は開場30分前（開演1時間30分前）に会場付近で待ち合わ...",True,2026-08
1a308cdv9z,1787329748176,naniwa-danshi-nd5,2026-10-10,13:30,エコパアリーナ,electronic,female,QR毎,mfs,5.0,,QR,2026-08-21 16:29:08,2026-08-31 15:01:19,2026-08-31 00:01:15,transition_observed,sold,2,70000,"FC先行/着ブロ選択なし/座席未定/初期当選/下3桁提示可/有効期限内  

今回が初当選となる名義です。

公演日前日にログイン情報をお伝えします。
同行者の...",True,2026-08
23zwp8nh1w,1787918545848,naniwa-danshi-nd5,2026-10-10,18:00,エコパアリーナ,electronic,female,公演日前日夜〜当日朝までにQRコード共有,あああ,5.0,,QR,2026-08-28 12:02:25,2026-08-31 15:01:19,2026-08-30 12:01:17,transition_observed,sold,2,63000,FC先行／座席未定／初期当選／【最終当選】ドーム(スタンド上段)／過去チケホル有／QR毎／下3桁提示可能／重複すり替えなし／有効期限内／発送物戻りなし／着ブロ希...,True,2026-08
ktt7as4vfo,1787293088796,kamigata-expo-park-fes-2026,2026-10-31,,[大阪府] 万博記念公園,electronic,female,同行,m♪,5.0,,番手,2026-08-21 06:18:08,2026-08-30 23:01:11,,,deleted,1,40000,"FC先行/有効期限名義のみ/条件あり/3名義中3番手/すり替えなし/下3桁提示可

詳しい集合場所、時間等につきましては 連絡ボードにて連絡させていただきます。...",True,2026-08
t1o357uqno,1787562440007,kamigata-expo-park-fes-2026,2026-10-31,,[大阪府] 万博記念公園,electronic,female,公演前日にログイン情報共有,R,5.0,,QR,2026-08-24 09:07:20,2026-08-30 15:01:16,,,deleted,2,35000,"代表・同行共にWEST名義/初期当選/有効期限内/下3桁提示可

■注意事項
・代理購入不可
・成人済み日本人女性の方

・公演中止の場合のみ手数料を差し引いて...",True,2026-08
wj1vsds31g,1787315975932,kamigata-expo-park-fes-2026,2026-10-31,,[大阪府] 万博記念公園,electronic,female,公演前日までにQRコード共有,ゆぅ,5.0,,QR,2026-08-21 12:39:35,2026-08-31 15:01:19,2026-08-30 15:01:16,transition_observed,sold,1,31000,"なにわ男子名義/初期当選/有効期限内会員/QRでのお譲り/すり替えなし/下3桁提示可能

公演前日にログイン情報を送付します。
入場後は速やかにログアウトくださ...",True,2026-08
uqrvh88w6c,1787317100746,kamigata-expo-park-fes-2026,2026-10-31,,[大阪府] 万博記念公園,electronic,female,公演日1日前までにQRコード共有,みの,5.0,,QR,2026-08-21 12:58:20,2026-08-30 23:01:11,,,deleted,2,50000,"Aぇ名義/FC初期当選/有効期限内/すり替えなし/下3桁提示可能

公演前日、ログインに必要な情報をお伝えいたします。ログイン後QR表示以外の操作は行わないでく...",True,2026-08
2qjk098gb0,1787818956926,kamigata-expo-park-fes-2026,2026-10-31,,[大阪府] 万博記念公園,electronic,female,公演日7日前までにQRコード共有,さなち,5.0,,QR,2026-08-27 08:22:36,2026-08-30 08:01:41,,,deleted,2,29800,"FC初期当選分 

QRごとのお渡し 条件なし
 期限内会員 Pay-easy決済 着ブロなし 郵便戻りなし すり替えなし 会員番号の下3桁お伝え。中止の場合の...",True,2026-08
0aoa3oyfr2,1787905933143,kamigata-expo-park-fes-2026,2026-10-31,,[大阪府] 万博記念公園,electronic,female,QR毎,M,5.0,,QR,2026-08-28 08:32:13,2026-08-31 15:01:19,2026-08-30 13:01:15,transition_observed,sold,2,32000,"なにわ名義/初期当選/有効期限内/QR毎/すり替えなし/下3桁提示可

公演2~3日前にログイン情報をお伝えいたします。
入場後速やかに受け取り評価とFCのログ...",True,2026-08
9r64rc0xt6,1787294412259,kamigata-expo-park-fes-2026,2026-11-01,,[大阪府] 万博記念公園,electronic,female,公演日1日前までにQRコード共有,a,5.0,,QR,2026-08-21 06:40:12,2026-08-31 15:01:19,2026-08-30 13:01:15,transition_observed,sold,2,34000,"Aぇ名義/初期当選/ 座席未定 / QR毎 /下3桁提示可/ 有効期限内 / 発送物戻りなし/着ブロ希望なし/ コンビニ決済

プラベ出品対応可能です。
同行者...",True,2026-08
x58uyhtco0,1787293239265,kamigata-expo-park-fes-2026,2026-11-01,,[大阪府] 万博記念公園,electronic,female,同行,m♪,5.0,,番手,2026-08-21 06:20:39,2026-08-30 23:01:11,,,deleted,2,35000,"FC先行/有効期限名義のみ/条件あり/4名義中3番手/すり替えなし/下3桁提示可

詳しい集合場所、時間等につきましては 連絡ボードにて連絡させていただきます。...",True,2026-08
k5cpb8fx6p,1787819033980,kamigata-expo-park-fes-2026,2026-11-01,,[大阪府] 万博記念公園,electronic,female,公演日7日前までにQRコード共有,さなち,5.0,,QR,2026-08-27 08:23:53,2026-08-30 06:01:14,,,deleted,2,29500,"FC初期当選分 

QRごとのお渡し 条件なし
 期限内会員 Pay-easy決済 着ブロなし 郵便戻りなし すり替えなし 会員番号の下3桁お伝え。中止の場合の...",True,2026-08
w5h7nas2ci,1787293182543,kamigata-expo-park-fes-2026,2026-11-01,,[大阪府] 万博記念公園,electronic,female,同行,m♪,5.0,,番手,2026-08-21 06:19:42,2026-08-31 00:01:15,,,deleted,2,40000,"FC先行/有効期限名義のみ/条件あり/4名義中2番手/すり替えなし/下3桁提示可

詳しい集合場所、時間等につきましては 連絡ボードにて連絡させていただきます。...",True,2026-08
6e8a6f8gnu,1787397272002,kamigata-expo-park-fes-2026,2026-11-01,,[大阪府] 万博記念公園,electronic,male,公演日前日にQRコード共有,ゆ,5.0,,QR,2026-08-22 11:14:32,2026-08-30 16:01:20,,,deleted,1,25000,"プライベート出品させていただきますので購入前にメッセージをお願いします。

WEST.名義/QR毎/重複なし/すり替えなし/郵便戻りなし/有効会員期限内/入金確...",True,2026-08
sjwzvweh47,1787312386437,kamigata-expo-park-fes-2026,2026-11-01,,[大阪府] 万博記念公園,electronic,female,同時入場,を,5.0,,番手,2026-08-21 11:39:46,2026-08-31 15:01:19,2026-08-30 15:01:16,transition_observed,sold,2,25000,"初期当選/2名義中2番手/すり替え無し/下3桁提示可/有効期限内

★代表者・同行者共にAぇFCで登録済み
★不備名義なし
★プラベル対応可

※公式にて「TA...",True,2026-08
th3buices9,1787654640815,kamigata-expo-park-fes-2026,2026-11-01,,[大阪府] 万博記念公園,electronic,female,公演前日までにQR共有,C,5.0,,QR,2026-08-25 10:44:00,2026-08-31 15:01:19,2026-08-30 07:01:20,transition_observed,sold,1,28000,"初期当選/有効期限内/すり替えなし/下三桁提示可/過去エラー歴なし
公演前日までにログイン情報をお伝えします。ランダムエラーや本人確認など公演中止以外の場合での...",True,2026-08
h4eg6exg6h,1787370782252,kamigata-expo-park-fes-2026,2026-11-01,,[大阪府] 万博記念公園,electronic,female,同行,え,5.0,,番手,2026-08-22 03:53:02,2026-08-30 18:01:15,,,deleted,2,35000,"FC先行/初期当選/2名義2番手/すり替えなし/下3桁提示可/有効期限内
代表者・同行者共にWEST FCで登録済み
★ 朝早くの集合が予測されますので、大阪在...",True,2026-08
afergfxt5r,1787652839928,kamigata-expo-park-fes-2026,2026-11-01,,[大阪府] 万博記念公園,electronic,female,公演前日までにログイン情報共有,n,5.0,,QR,2026-08-25 10:13:59,2026-08-30 17:01:14,,,deleted,1,32000,"QR毎/単番/なにわ名義/座席未定/初期当選/有効期限内/下3桁提示可/発送物戻りなし/重複すり替えなし

入金確認後、下3桁提示可能です。
公演前日になりまし...",True,2026-08
bubeu1as9r,1787562531908,kamigata-expo-park-fes-2026,2026-11-01,,[大阪府] 万博記念公園,electronic,female,QR,☆,5.0,,同行記載あり,2026-08-24 09:08:51,2026-08-30 14:01:16,,,deleted,2,33000,QRごと。FC×FC当選。すり替えなし。下3桁提示可能。有効期限内。初期当選。着ブロ希望なし。郵送物戻りなし。同一クレカ決済なし。過去エラーなし。同行者チェック...,True,2026-08
9p18ih1akd,1786691785709,naniwa-danshi-nd5,2026-09-05,13:30,朱鷺メッセ 新潟コンベンションセンター,electronic,female,同行,テチチ,5.0,,番手,2026-08-14 07:16:25,2026-08-30 11:01:17,,,deleted,1,38000,"3名義中2番手の2連中の1枚。

プラベル対応可能。
お値下げ不可。

すり替えなし。会員番号下3桁提示可能。
公演日時点で会員有効期限内です。
サイチェン不可...",True,2026-08
iq2hxq01s8,1787074977540,naniwa-danshi-nd5,2026-09-05,13:30,朱鷺メッセ 新潟コンベンションセンター,electronic,female,同行,SH,5.0,,同行番手,2026-08-18 17:42:57,2026-08-31 02:01:13,,,deleted,1,41000,"単番×2名義中2番手/初期当選のみ/
有効期限内/2名義とも下3桁提示可 /すり替えなし/着ブロ希望なし

⭐️プラベルに変更可能
⭐️2名義ともに最終当選歴...",True,2026-08
kjvjf1shus,1786692157241,naniwa-danshi-nd5,2026-09-05,13:30,朱鷺メッセ 新潟コンベンションセンター,electronic,female,同行,テチチ,5.0,,番手,2026-08-14 07:22:37,2026-08-30 09:01:21,,,deleted,1,29000,"3名義中3番手、2連中の1枚です。

プラベル対応可能。
お値下げ不可。

すり替えなし。会員番号下3桁提示可能。
公演日時点で会員有効期限内です。
サイチェン...",True,2026-08
obk8e9m82g,1787181010071,naniwa-danshi-nd5,2026-09-05,13:30,朱鷺メッセ 新潟コンベンションセンター,electronic,none,少人数ランダム配布,みゅん,5.0,,ランダム,2026-08-19 23:10:10,2026-08-31 15:01:19,2026-08-30 07:01:20,transition_observed,sold,1,10000,"少人数ランダム配布
複数名義所持しておりますので、同時入場後にこちらでチケット回収します。その後一度解散し、再度待ち合わせをし開演5~10分前までにチケットをお...",True,2026-08
upw0i1v65z,1787105425715,naniwa-danshi-nd5,2026-09-05,13:30,朱鷺メッセ 新潟コンベンションセンター,electronic,female,同行,あ,5.0,,同行,2026-08-19 02:10:25,2026-08-31 02:01:13,,,deleted,1,40800,"初期当選/2連中の1枚(当方と同行)/重複すり替え無し/着ブロ希望なし/発送物戻りなし/下3桁提示可/有効期限内

プライベート出品に切り替えますので必ずコメン...",True,2026-08
ers32diw8o,1785750619106,naniwa-danshi-nd5,2026-09-05,13:30,朱鷺メッセ 新潟コンベンションセンター,electronic,female,同時入場(4名義中3番手),♡,5.0,,番手,2026-08-03 09:50:19,2026-08-30 14:01:16,,,deleted,2,32000,"4名義中3番手/初期当選/有効期限内/すり替えなし/下３桁提示可能

⭐️プラベ出品に変更しますので購入希望の方はご連絡ください。プラベルに変更も可能です。...",True,2026-08
7fcqt8tet8,1788053340141,naniwa-danshi-nd5,2026-09-05,13:30,朱鷺メッセ 新潟コンベンションセンター,electronic,female,同行,えむ,5.0,,,2026-08-30 01:29:00,2026-08-30 14:01:16,,,deleted,1,40000,"重複すり替えなし/初期当選/有効期限内/着ブロ指定なし/郵便物戻りなし/コンビニ支払い/下3桁提示可能
※大橋担購入不可
プラベル移行も可能。その際はコメントに...",True,2026-08
r6n7zhmglv,1786526687898,naniwa-danshi-nd5,2026-09-05,18:00,朱鷺メッセ 新潟コンベンションセンター,electronic,female,同行,な,5.0,,ランダム,2026-08-12 09:24:47,2026-08-31 15:01:19,2026-08-30 13:01:15,transition_observed,sold,1,6000,"・複数名義所持している為、入場後チケットを一度回収し、当方が座席を選択した後にランダムにてチケットをお渡し致します。
・全て初期当選、有効会員名義のみ集めており...",True,2026-08
0p9o5sj17s,1787023085712,naniwa-danshi-nd5,2026-09-05,18:00,朱鷺メッセ 新潟コンベンションセンター,electronic,female,同時入場,のの,5.0,,ランダム記載あり,2026-08-18 03:18:05,2026-08-30 13:01:15,,,deleted,1,30000,"3名義中3番手
2連中の1枚(座席選択不可)
高橋担不可

プラベル対応可能。

すり替えなし。会員番号下3桁提示可能。
公演日時点で会員有効期限内です。
サイ...",True,2026-08
kzmy3nw0g2,1787271792349,naniwa-danshi-nd5,2026-09-05,18:00,朱鷺メッセ 新潟コンベンションセンター,electronic,female,公演前日にログイン情報共有,L N,5.0,,同行記載あり,2026-08-21 00:23:12,2026-08-30 03:01:11,,,deleted,2,40000,"FC先行 座席未定 QRごと/ 初期当選 /  着ブロ希望なし/有効期限内 /Pay-easy決済/重複、すり替えなし/下3桁提示可/郵送物戻りなし

QR表示...",True,2026-08
tnzyxp7vk0,1786526655207,naniwa-danshi-nd5,2026-09-05,18:00,朱鷺メッセ 新潟コンベンションセンター,electronic,female,同行,な,5.0,,ランダム,2026-08-12 09:24:15,2026-08-30 12:01:17,,,deleted,1,6800,"・複数名義所持している為、入場後チケットを一度回収し、当方が座席を選択した後にランダムにてチケットをお渡し致します。
・全て初期当選、有効会員名義のみ集めており...",True,2026-08
yxmd6vocki,1786575020701,naniwa-danshi-nd5,2026-09-06,13:00,朱鷺メッセ 新潟コンベンションセンター,electronic,female,同行,K,5.0,,ランダム記載あり,2026-08-12 22:50:20,2026-08-31 15:01:19,2026-08-30 12:01:17,transition_observed,sold,1,24500,"3名義中3番手(2連×3名義6枚中5枚目の選択になります。)

初期当選//有効期限内/
下3桁提示可/重複すり替えなし/過去エラーなし/発送物戻りなし

公演...",True,2026-08
6sa726cl8n,1786616401152,naniwa-danshi-nd5,2026-09-06,13:00,朱鷺メッセ 新潟コンベンションセンター,electronic,female,同行,K,5.0,,ランダム記載あり,2026-08-13 10:20:01,2026-08-31 15:01:19,2026-08-30 07:01:20,transition_observed,sold,1,42000,"3名義中2番手(2連×3名義6枚中3枚目の選択になります。)

入場後は当方、2番目の方の後にお選びいただけます。4枚の中からお好きな席をお選びください。
当方...",True,2026-08
nejksrizx9,1787053594431,naniwa-danshi-nd5,2026-09-06,13:00,朱鷺メッセ 新潟コンベンションセンター,electronic,none,公演当日受け渡し,A,5.0,,同行記載あり,2026-08-18 11:46:34,2026-08-30 06:01:14,,,deleted,1,50000,"2名義中1番手同行/初期当選のみ/不備無し/すり替えなし/有効期限内/着ブロ希望なし
＊プラベル出品可能。ご希望の方は事前に担当お知らせください

・公演当日、...",True,2026-08
dmthaem1oj,1786633458961,naniwa-danshi-nd5,2026-09-06,13:00,朱鷺メッセ 新潟コンベンションセンター,electronic,female,公演前日QRコード共有,Z,5.0,,QR,2026-08-13 15:04:18,2026-08-30 11:01:17,,,deleted,1,51000,"QR毎/FC先行/初期当選/有効期限内/重複すり替えなし/郵送物戻りなし/着ブロ希望なし/下3桁提示可/過去エラーなし

公演前日になりましたらログイン情報をお...",True,2026-08
g5siecjf2p,1787040404650,naniwa-danshi-nd5,2026-09-06,13:00,朱鷺メッセ 新潟コンベンションセンター,electronic,female,ランダム配布,ぴぴ,5.0,,ランダム,2026-08-18 08:06:44,2026-08-30 16:01:20,,,deleted,1,20000,"少人数ランダム配布
・ランダム配布のため座席選択不可
・座席選択のため入場後、チケットを1度回収します。
・購入後、スムーズにお取引が出来るよう当日連絡が着く携...",True,2026-08
rgi7nj5q8w,1787105891584,naniwa-danshi-nd5,2026-09-06,13:00,朱鷺メッセ 新潟コンベンションセンター,electronic,female,前日にログイン情報提示,あ,5.0,,QR,2026-08-19 02:18:11,2026-08-30 12:01:17,,,deleted,2,42900,"QR毎2連でのお譲りとなっております。
プライベート出品に切り替えますので必ずコメントお願いいたします。
プラベル出品対応可能。

初期当選/有効期限内/下3桁...",True,2026-08
19gifadcsg,1785770472251,naniwa-danshi-nd5,2026-09-06,17:30,朱鷺メッセ 新潟コンベンションセンター,electronic,female,公演前日QRコード共有,yu,5.0,,同行記載あり,2026-08-03 15:21:12,2026-08-31 15:01:19,2026-08-30 17:01:14,transition_observed,sold,2,36000,"復活当選/注釈付/QR毎/下3桁開示可/重複すり替え無し/有効期限内/着ブロ希望無し

公演前日にログイン情報をお送りいたします。
同行者登録済みのため、同行者...",True,2026-08
icpb6qpv3w,1786719622322,naniwa-danshi-nd5,2026-09-06,17:30,朱鷺メッセ 新潟コンベンションセンター,electronic,female,同行,わた,5.0,,同行番手,2026-08-14 15:00:22,2026-08-30 14:01:16,,,deleted,1,39000,"3名義中2番手/初期当選/有効期限内/すり替えなし/下3桁提示可/大橋担不可
コメントいただければプライベート出品も可能です。

公演当日、16:20頃会場にて...",True,2026-08
gxgmwjdunl,1787040335509,naniwa-danshi-nd5,2026-09-06,17:30,朱鷺メッセ 新潟コンベンションセンター,electronic,female,3名義中2番手,ぴぴ,5.0,,番手,2026-08-18 08:05:35,2026-08-30 16:01:20,,,deleted,2,38000,"3名義中2番手
すり替えなし/有効期限内名義/初期当選/会員番号下3桁提示可能/同一クレカ支払いなし/郵送物出戻りなし

プライベート出品も可能ですので、ご希望...",True,2026-08
7sy2nsu6p5,1786519965173,naniwa-danshi-nd5,2026-09-19,13:30,あなぶきアリーナ香川,electronic,female,同行 ,M,5.0,,番手,2026-08-12 07:32:45,2026-08-30 10:01:14,,,deleted,2,38000,"ファンクラブ先行 座席未定 初期当選 下3桁提示可能 有効期限内 すり替えなし

・4名義中4番手でのお渡しです。
・お渡しまでにお時間をいただく場合がございま...",True,2026-08
ao4kuf5mq9,1787226353983,naniwa-danshi-nd5,2026-09-20,13:00,あなぶきアリーナ香川,electronic,female,公演日前日にログイン情報を共有しますのでご自身でQRを表示させてください。,みぃ,5.0,,QR,2026-08-20 11:45:53,2026-08-31 15:01:19,2026-08-30 03:01:11,transition_observed,sold,2,74000,QR毎・復活当選・有効期限内・重複すり替えなし・下3桁提示可・発送物戻りなし・過去エラー等なし・着ブロ指定なし・過去当選歴→ポプモ(スタンド) 1stドーム(ス...,True,2026-08
xuvxdqupo6,1785750811523,naniwa-danshi-nd5,2026-09-20,13:00,あなぶきアリーナ香川,electronic,female,QR毎,⭐️,5.0,,QR,2026-08-03 09:53:31,2026-08-31 15:01:19,2026-08-30 10:01:14,transition_observed,sold,1,80000,"⭐️前回スタンド後方
最終当選歴まではお伝え可能ですがそれ以前はお答え控えさせていただきます。

単番/QR毎でのお渡し/重複・すり替えなし/有効期限内/初期当...",True,2026-08
z0z66gejhb,1787034061522,naniwa-danshi-nd5,2026-09-20,17:30,あなぶきアリーナ香川,electronic,female,同行,み,5.0,,ランダム同行,2026-08-18 06:21:01,2026-08-30 03:01:11,,,deleted,1,24000,"全て有効期限内・初期当選 少人数ランダム
☆ランダム配布☆
【当日までの流れ】
・当日開場20～30分前に当方指定場所にて待ち合わせをし、入場します。
・当日の...",True,2026-08
b780697su1,1787225806417,naniwa-danshi-nd5,2026-09-21,14:00,あなぶきアリーナ香川,electronic,female,同行,まめ,5.0,,ランダム,2026-08-20 11:36:46,2026-08-30 23:01:11,,,deleted,2,37000,"連番確約。複数名義所持、ランダム配布、初期当選のみ
お取引経験多数ございますので、スムーズなご対応可能です。単番お値下げ検討致します。

プライベート出品します...",True,2026-08
n1v9hynor1,1786968365321,naniwa-danshi-nd5,2026-09-21,14:00,あなぶきアリーナ香川,electronic,female,少人数ランダム配布,n,5.0,,ランダム,2026-08-17 12:06:05,2026-08-31 15:01:19,2026-08-30 10:01:14,transition_observed,sold,2,26000,"

【少人数ランダム配布】
複数名義所持している為、入場後チケットを一度回収しランダム配布させて頂きます。

中相場買取可能⭕️

公演当日、開場時間20分前に...",True,2026-08
o5amspoy1m,1787280146020,naniwa-danshi-nd5,2026-10-26,18:00,ららアリーナ 東京ベイ（LaLa arena TOKYO-BAY）,electronic,female,公演日7日前までにQRコード共有,れ,5.0,,QR,2026-08-21 02:42:26,2026-08-30 09:01:21,,,deleted,2,60000,"初期当選/有効期限内/下3桁提示可
公演中止以外の返金は如何なる理由があっても致しかねます。",True,2026-08
sold_naniwa-danshi-nd5_1788063057213_9500,1788063057213,naniwa-danshi-nd5,2026-09-05,13:30,朱鷺メッセ 新潟コンベンションセンター,electronic,none,同行,,,,,2026-08-30 04:10:57,2026-08-31 15:01:19,,historical_unknown,sold,1,9500,"FC先行 ランダム配布 

12時頃待ち合わせを予定しております

ランダム配布の為買い手様の座席選択はできません、こちらでさせて頂きます。

又、デジダルチケ...",False,2026-08
d4ulhhkc46,1788064704770,naniwa-danshi-nd5,2026-09-05,18:00,朱鷺メッセ 新潟コンベンションセンター,electronic,none,同行,a,5.0,,ランダム,2026-08-30 04:38:24,2026-08-31 15:01:19,2026-08-30 06:01:14,transition_observed,sold,1,7000,"複数名義中ランダム配布
・開場30分前に集合していただきます。集合場所は公演前日にお伝えいたします。
・入場後全てのチケットを回収し予めお伺いする【お名前+電話番号】にご連絡いたします。チケット配布後受取確認お願いいたします。※買い手様に座席選択権はございません。
・開演10〜15分前までにチケットを配布いたしますが、早めにお渡しできるように努めます。
・入場前QRコード表示にご協力いただく場合がございます。下3桁提示不可。
・連番でご購入れた方は連番でのお渡しとなります。お座席へのクレームは一切受け付けておりません。
・身分証をお預かりする場合がございます。
・キャリーケースなど大きい荷物はお預けになってから集合お願いいたします。
・介助を要する方、外国人の方、日本語が通じない方はご購入お控えいただきますようお願いいたします。
・公演中止の場合のみ手数料を差し引いた金額を返金させていただきます。※ランダムエラー、公共交通機関の乱れ、個人的な理由、10分以上の集合遅れ等公演中止の以外の理由では返金いたしかねます。
全てご一読後ご購入お願いいたします。",True,2026-08
g6ko8yhej8,1788062517403,kamigata-expo-park-fes-2026,2026-10-31,,[大阪府] 万博記念公園,electronic,female,同時入場,m,5.0,,番手,2026-08-30 04:01:57,2026-08-30 15:01:16,,,deleted,2,26000,"3名義中3番手/すべてAぇ名義/有効期限内/すり替えなし/下3桁提示可

🌟8:30入場予定

・同時入場後、すべてのチケットを回収し当方が座席選択しましたら...",True,2026-08
uews2sx1yo,1788078272595,naniwa-danshi-nd5,2026-09-06,13:00,朱鷺メッセ 新潟コンベンションセンター,electronic,female,同行,K,5.0,,同行,2026-08-30 08:24:32,2026-08-30 15:01:16,,,deleted,1,48000,"当方と同行 大橋担不可 初期当選 当選歴なし 重複すり替えなし 下3桁提示可 サイチェン可 発送物戻りなし 有効期限内

当日、開場時間の10分前くらいに会場付...",True,2026-08
sold_naniwa-danshi-nd5_1788080593075_8000,1788080593075,naniwa-danshi-nd5,2026-09-21,14:00,あなぶきアリーナ香川,pickup_number,female,入金後発券番号共有,,,,,2026-08-30 09:03:13,2026-08-31 14:01:14,,historical_unknown,sold,1,8000,"・発券番号指定（1名義）1枚

・入金確認後、コンビニ発券に必要な情報をお伝えいたします。発券時の手数料は別途ご自身でご負担ください。

・本人確認等による名義...",False,2026-08
vii0tmug0s,1788087683718,naniwa-danshi-nd5,2026-09-20,17:30,あなぶきアリーナ香川,electronic,none,同行/ランダム,ひかるん,5.0,,ランダム同行,2026-08-30 11:01:23,2026-08-31 15:01:19,2026-08-31 00:01:15,transition_observed,sold,1,25000,"残り2枚(連番不可)/ランダム
初期当選/着ブロ・制作開放席なし/前回スタンド当選(チケホルあり)または初当選/有効期限内/同一クレカ決済なし

・当日、開場4...",True,2026-08
1n9okff0tq,1788087950158,naniwa-danshi-nd5,2026-09-05,18:00,朱鷺メッセ 新潟コンベンションセンター,electronic,female,同行/ファンクラブ先行 初期当選/会員有効期限内/すり替え重複なし/座席未定/道枝担不可,uknowjiji,5.0,,同行,2026-08-30 11:05:50,2026-08-31 15:01:19,2026-08-31 15:01:19,transition_observed,sold,1,40000,"2連中1枚同行
最寄駅または会場付近で待ち合わせし、同時入場していただきます。
詳しい待ち合わせ場所等は、ご入金後にマイページの連絡ボードでお知らせします。",True,2026-08
c1na4tn97q,1788093947820,naniwa-danshi-nd5,2026-09-05,13:30,朱鷺メッセ 新潟コンベンションセンター,electronic,female,番手,ら,5.0,,番手,2026-08-30 12:45:47,2026-08-31 15:01:19,,,listing,2,31000,"4名義中3番手のお譲りになります。

初期当選/有効期限内/すり替えなし/下３桁提示可能

プラベ出品に変更しますのでご連絡ください。

会場付近で待ち合わせを...",True,2026-08
z9hx3gs870,1788096152766,naniwa-danshi-nd5,2026-09-05,13:30,朱鷺メッセ 新潟コンベンションセンター,electronic,female,3名義中3番手,スズキ,5.0,,番手,2026-08-30 13:22:32,2026-08-31 15:01:19,,,listing,2,25000,"購入決定後プライベート出品に切り替えるため、購入希望の際はコメントをお願いいたします。

3名義中3番手/サイチェン不可/初期当選/すり替えなし/下3桁提示可...",True,2026-08
q1gci66350,1788098297249,naniwa-danshi-nd5,2026-09-06,13:00,朱鷺メッセ 新潟コンベンションセンター,electronic,female,公演日前日にログイン情報提示,🐈‍⬛♡,5.0,,QR,2026-08-30 13:58:17,2026-08-31 15:01:19,,,listing,2,41000,"※最終当選:京セラドームアリーナ席

座席未定/QR毎/有効期限内/すり替えなし下3桁提示可/初期当選/着ブロ選択無

公演日前日にログイン情報をお伝えいたしま...",True,2026-08
gg14nbtrq0,1788070756809,naniwa-danshi-nd5,2026-09-05,13:30,朱鷺メッセ 新潟コンベンションセンター,electronic,female,公演日前日にログイン情報共有,ふ,5.0,,QR,2026-08-30 06:19:16,2026-08-31 15:01:19,,,listing,2,50000,"QR毎/初期当選/下3桁提示可能/すり替えなし/有効期限内/着席ブロック指定なし

・公演日前日にログイン情報をお伝えします。
・座席に関するクレーム等はお控え...",True,2026-08
sold_kamigata-expo-park-fes-2026_1788098944055_35000,1788098944055,kamigata-expo-park-fes-2026,2026-11-01,,[大阪府] 万博記念公園,electronic,female,公演前日にログイン情報提示,,,,,2026-08-30 14:09:04,2026-08-31 15:01:19,,historical_unknown,sold,2,35000,"west.名義/初期当選/有効期限内会員/QRでのお譲り/すり替えなし/下3桁提示可能

公演前日にログイン情報を送付します。
入場後は速やかにログアウトくださ...",False,2026-08
sold_naniwa-danshi-nd5_1788110764771_48000,1788110764771,naniwa-danshi-nd5,2026-09-05,13:30,朱鷺メッセ 新潟コンベンションセンター,electronic,female,公演日付近にログイン情報共有,べり,5.0,,QR,2026-08-30 17:26:04,2026-08-31 15:01:19,,historical_unknown,sold,1,48000,"☆単番QR毎のお譲り☆

初期当選/有効期限内/下3桁提示可/着ブロ希望なし

公演日付近にログイン情報をお伝えいたします。
公演中止を除き、ランダムエラーなど...",True,2026-08
rtx1tdb346,1787730479735,naniwa-danshi-nd5,2026-09-05,13:30,朱鷺メッセ 新潟コンベンションセンター,electronic,female,当日手渡し,y,5.0,,番手,2026-08-26 07:47:59,2026-08-31 15:01:19,,,listing,2,42000,"5名義中3番手 初期当選/すり替えなし /下3桁提示可能/有効期限内/サイチェン可

以下の内容をご理解いただける方でお願いします。
・当日開場30分前に指定の...",True,2026-08
w8flwd5r8f,1787917448827,naniwa-danshi-nd5,2026-09-05,13:30,朱鷺メッセ 新潟コンベンションセンター,electronic,female,同行,すず,5.0,,同行,2026-08-28 11:44:08,2026-08-31 12:01:13,,,deleted,1,39000,"初期当選/有効期限内/下3桁提示可/着ブロ指定無/サイチェン可※名義が傷つく行為はお辞めください。

当方(大橋担🚺20⬆️)と同行です。
チケテン→プラベル...",True,2026-08
a691q4jo2a,1787826800207,naniwa-danshi-nd5,2026-09-05,13:30,朱鷺メッセ 新潟コンベンションセンター,electronic,none,同行,a,5.0,,ランダム,2026-08-27 10:33:20,2026-08-31 15:01:19,,,listing,1,19000,"複数名義中ランダム配布(立見なし)

・開場30分前に集合していただきます。集合場所は公演前日にお伝えいたします。

・入場後全てのチケットを回収し予めお伺いす...",True,2026-08
oblg633eo8,1787881811709,naniwa-danshi-nd5,2026-09-05,13:30,朱鷺メッセ 新潟コンベンションセンター,electronic,female,ランダム配布,h,5.0,,ランダム,2026-08-28 01:50:11,2026-08-31 15:01:19,2026-08-31 04:01:10,transition_observed,sold,1,10000,"🌟ランダム配布🌟

複数名義所持しているため同時入場後、チケットを1度回収し再集合の際にランダムにてチケットを配布させていただきます。

公演当日12時頃に...",True,2026-08
pphb3lueto,1787871539081,naniwa-danshi-nd5,2026-09-05,13:30,朱鷺メッセ 新潟コンベンションセンター,electronic,female,同行,あ,5.0,,同行,2026-08-27 22:58:59,2026-08-31 15:01:19,,,listing,1,50000,"・公演当日、開場10分前に会場付近にて待ち合わせし、同時入場していただきます。詳しい待ち合わせ場所等は、お日にちが近くなりましたらお知らせします。

・入場しチ...",True,2026-08
xt9wsjp9bh,1787728693365,naniwa-danshi-nd5,2026-09-05,13:30,朱鷺メッセ 新潟コンベンションセンター,electronic,female,公演前日ログイン情報をお伝えします,イ,5.0,,QR,2026-08-26 07:18:13,2026-08-31 15:01:19,,,listing,2,55000,"QR毎/初期期選/着ブロなし/下3桁開示可/有効期限内
前回席:ドーム制作開放
入場後、速やかにログアウトと受け取り評価をお願いいたします。
体調不良、ランダム...",True,2026-08
byug8vphym,1787975164619,naniwa-danshi-nd5,2026-09-05,13:30,朱鷺メッセ 新潟コンベンションセンター,electronic,female,同時入場,さ,5.0,,番手,2026-08-29 03:46:04,2026-08-31 15:01:19,,,listing,1,26000,"3名義中3番手
FC先行/すべて初期当選/下3桁提示可/有効期限内/すり替えなし/着ブロ希望なし/前回スタンド名義のみ

プライベート出品またはプラベルに切り替...",True,2026-08
ydjxqyfsjr,1788026253998,naniwa-danshi-nd5,2026-09-05,13:30,朱鷺メッセ 新潟コンベンションセンター,electronic,female,同行,ぽ,5.0,,同行,2026-08-29 17:57:33,2026-08-31 15:01:19,,,listing,1,55000,"重複すり替えなし/初期当選/有効期限内/下3桁提示可

当方との同行となります
(当方藤原担です)

9/5昼夜を各同行1枚所持しているため、併せてご希望であれ...",True,2026-08
796146fhyf,1788083129848,naniwa-danshi-nd5,2026-09-05,13:30,朱鷺メッセ 新潟コンベンションセンター,electronic,female,ランダム配布,も,5.0,,ランダム,2026-08-30 09:45:29,2026-08-31 15:01:19,2026-08-31 11:01:14,transition_observed,sold,1,12000,"⭐️1-2名義のみの小規模ランダム配布⭐️
中相場買取🉑上乗せで早渡し🉑

・開場30分前会場付近に集合予定。
・同時入場していただき、入場後1度チケットを...",True,2026-08
f3emosnvyx,1787721413048,naniwa-danshi-nd5,2026-09-05,13:30,朱鷺メッセ 新潟コンベンションセンター,electronic,female,2名義中2番手,ぬー,5.0,,番手,2026-08-26 05:16:53,2026-08-31 15:01:19,,,listing,1,30000,"2名義中2番手プラベル移行します。コメントください。

初期当選/すり替えなし/男性×/サイチェン不可/下3桁提示可

2名義での入場になります。


12:3...",True,2026-08
6ytq647o95,1787914563918,naniwa-danshi-nd5,2026-09-05,13:30,朱鷺メッセ 新潟コンベンションセンター,electronic,none,入金後24時間以内にQRコード共有,春,5.0,,QR,2026-08-28 10:56:03,2026-08-31 15:01:19,,,listing,1,9400,ご購入ありがとうございます。,True,2026-08
04xa96ggh6,1787668296934,naniwa-danshi-nd5,2026-09-05,13:30,朱鷺メッセ 新潟コンベンションセンター,electronic,female,公演前日にログイン情報をお伝えします,m,5.0,,QR,2026-08-25 14:31:36,2026-08-31 15:01:19,,,listing,2,50000,"プラベル出品に切り替えますのでお手数お掛けしますがご購入前にお声掛けお願いいたします

初期当選/QRごと単番/下3桁提示可能/有効期限内/すり替え無し/着ブロ...",True,2026-08
5dkbtcstq5,1788096274734,naniwa-danshi-nd5,2026-09-05,13:30,朱鷺メッセ 新潟コンベンションセンター,electronic,female,3名義中2番手,スズキ,5.0,,番手,2026-08-30 13:24:34,2026-08-31 15:01:19,,,listing,2,32000,"購入決定後プライベート出品に切り替えるため、購入希望の際はコメントをお願いいたします。

3名義中2番手/サイチェン不可/初期当選/すり替えなし/下3桁提示可...",True,2026-08
k5h9nrejph,1787843763347,naniwa-danshi-nd5,2026-09-05,13:30,朱鷺メッセ 新潟コンベンションセンター,electronic,female,公演日前日までにQRコード共有,りん,5.0,,QR,2026-08-27 15:16:03,2026-08-31 15:01:19,,,listing,1,45000,"QR毎/初期当選/有効期限内/下3桁提示可能/重複すり替えなし/郵送物戻りなし/

⭐️同意チェック可はご自身で行っていただけます
⭐️プライベート出品いたしま...",True,2026-08
ak1d8sdym1,1787413159314,naniwa-danshi-nd5,2026-09-05,13:30,朱鷺メッセ 新潟コンベンションセンター,electronic,female,同行,r,5.0,,番手同行,2026-08-22 15:39:19,2026-08-31 15:01:19,,,listing,1,35000,"＊入会後初当選2名義中の2番手(連番内選択不可)のお席になります。
＊すり替え無し、ご要望があれば下3桁提示いたします。
＊1番手である私たちが先に座席を選択し...",True,2026-08
x79njs1czk,1787806474450,naniwa-danshi-nd5,2026-09-05,13:30,朱鷺メッセ 新潟コンベンションセンター,electronic,female,公演日前日にQRコード共有,り,5.0,,QR,2026-08-27 04:54:34,2026-08-31 15:01:19,,,listing,2,47000,"QR毎/初期当選/前回スタンド席/下3桁提示/重複すり替えなし/有効期限内/同行者登録可/サイチェン不可/郵送物戻りなし

購入される場合プラベル移行しますので...",True,2026-08
8i2lz4harc,1788095065196,naniwa-danshi-nd5,2026-09-05,13:30,朱鷺メッセ 新潟コンベンションセンター,electronic,female,同時入場(4名義中3番手),♡,5.0,,番手,2026-08-30 13:04:25,2026-08-31 13:01:15,,,deleted,2,31000,"4名義中3番手/初期当選/有効期限内/すり替えなし/下３桁提示可能

初当選名義と前回スタンド名義のみ

⭐️プラベ出品に変更しますので購入希望の方はご連絡くだ...",True,2026-08
cq1nnhq93g,1787849106232,naniwa-danshi-nd5,2026-09-05,13:30,朱鷺メッセ 新潟コンベンションセンター,electronic,male,公演前日までにQRコード共有,あ,5.0,,QR,2026-08-27 16:45:06,2026-08-31 15:01:19,,,listing,2,55000,"プラベル出品に切り替えますのでお手数お掛けしますがご購入前にお声掛けお願いいたします。

初期当選/QR毎/下3桁提示可/有効期限内/すり替え無し/着ブロ指定な...",True,2026-08
vavu4w49v6,1787834481704,naniwa-danshi-nd5,2026-09-05,13:30,朱鷺メッセ 新潟コンベンションセンター,electronic,female,同行,カ,5.0,,番手,2026-08-27 12:41:21,2026-08-31 05:01:11,,,deleted,1,46000,"4名義中2番手 / すり替えなし/有効期限内/下三桁開示可

・4名義中2番手にてお渡しする、高橋担との連番になっております。高橋担不可です。

・公演当日は会...",True,2026-08
wo8gny5vsv,1788066162090,naniwa-danshi-nd5,2026-09-05,13:30,朱鷺メッセ 新潟コンベンションセンター,electronic,female,同行,ねも,5.0,,同行,2026-08-30 05:02:42,2026-08-31 15:01:19,,,listing,1,42000,"初期当選/有効期限内／下3桁提示可/着ブロ指定無/サイチェン不可※名義が傷つく行為はお辞めください。

当方(道枝担🚺20⬆️)と同行になります。

・公演当...",True,2026-08
spf1dak11i,1787821593117,naniwa-danshi-nd5,2026-09-05,13:30,朱鷺メッセ 新潟コンベンションセンター,electronic,female,2名義中2番手,H,5.0,,同行番手,2026-08-27 09:06:33,2026-08-31 15:01:19,,,listing,2,37000,"⭐️プラベル移行可能
どちらも初期当選/すり替えなし/着ブロ希望なし/下3桁提示可/公演当日に有効期限内/発送物戻りなし/当方管理名義

開場10分~15分前を...",True,2026-08
sold_naniwa-danshi-nd5_1787749113531_28000,1787749113531,naniwa-danshi-nd5,2026-09-05,13:30,朱鷺メッセ 新潟コンベンションセンター,electronic,female,同行,S,5.0,,番手,2026-08-26 12:58:33,2026-08-31 15:01:19,,historical_unknown,sold,1,28000,"2名義中2番手、2連中の1枚です。

2名義中2番手/すり替えなし/ご希望であれば公演前日に下3桁提示可/FC先行/有効期限内名義/郵送物戻りなし/着ブロなし...",True,2026-08
o7d2w8cg0j,1788083818741,naniwa-danshi-nd5,2026-09-05,13:30,朱鷺メッセ 新潟コンベンションセンター,electronic,none,少人数ランダム,みゅん,5.0,,ランダム,2026-08-30 09:56:58,2026-08-31 15:01:19,2026-08-31 10:01:16,transition_observed,sold,1,10500,"少人数ランダム配布
複数名義所持しておりますので、同時入場後にこちらでチケット回収します。その後一度解散し、再度待ち合わせをし開演5~10分前までにチケットをお...",True,2026-08
0dpeigzxuk,1788129691814,naniwa-danshi-nd5,2026-09-05,18:00,朱鷺メッセ 新潟コンベンションセンター,electronic,female,公演前日までにQRコード共有,なが,5.0,,QR,2026-08-30 22:41:31,2026-08-31 14:01:14,,,deleted,1,47000,"QR毎のお譲りです。
初期当選/有効期限内/下3桁提示可/郵送物返却なし/同一クレジットカード決済なし/着ブロ指定なし

前回代表当選歴:Alpha立見席

購...",True,2026-08
xpvobbrcpi,1787590532178,naniwa-danshi-nd5,2026-09-05,18:00,朱鷺メッセ 新潟コンベンションセンター,electronic,female,公演前日にログイン情報共有,み,5.0,,同行記載あり,2026-08-24 16:55:32,2026-08-31 15:01:19,,,listing,2,45000,"前回ドームスタンド/初期当選/QRごと/有効期限内/下3桁提示可/着ブロ希望なし/クレカ決済(同一クレカ決済なし)/過去エラーなし/郵便物戻りなし

同行者の同...",True,2026-08
6yo4ei0z49,1788002669518,naniwa-danshi-nd5,2026-09-05,18:00,朱鷺メッセ 新潟コンベンションセンター,electronic,female,2名義2番手すり替えなし,も,5.0,,番手,2026-08-29 11:24:29,2026-08-31 15:01:19,,,listing,2,35000,"FC先行 座席未定 2名義2番手/初期当選/すり替えなし/下3桁提示可/サイチェン可

・プラベル対応可能
・当選歴等コメント頂いてもお答え出来ませんのでお座席...",True,2026-08
fij3s7ptz8,1788128452772,naniwa-danshi-nd5,2026-09-05,18:00,朱鷺メッセ 新潟コンベンションセンター,electronic,female,同行,鉢割れ,5.0,,ランダム,2026-08-30 22:20:52,2026-08-31 15:01:19,,,listing,1,8000,"ランダム配布でのお譲りです
・全てPay-easyにて入金済み
・指定席のみのお渡し
・当方が選択しなかったチケットをランダムでお渡し致します。
・入場後一度チ...",True,2026-08
ekmzp7rfc9,1788135408149,naniwa-danshi-nd5,2026-09-05,18:00,朱鷺メッセ 新潟コンベンションセンター,electronic,female,同行,こえだ,5.0,,同行,2026-08-31 00:16:48,2026-08-31 15:01:19,,,listing,1,41000,"初期当選/有効期限内/下3桁提示可/着ブロ指定無/サイチェン可(名義が傷つかない常識の範囲内でお願いします)

当方(長尾担🚺20⬆️)と同行になります。
取...",True,2026-08
aassspmien,1787833439853,naniwa-danshi-nd5,2026-09-05,18:00,朱鷺メッセ 新潟コンベンションセンター,electronic,female,少人数ランダム,♡,5.0,,ランダム,2026-08-27 12:23:59,2026-08-31 15:01:19,,,listing,2,13000,"少人数ランダム/黒服対策あり/引けなかった場合は即渡し

※プラベルへ移行するため、購入希望の方はメッセージお願いいたします。

・複数名義所持しておりますので...",True,2026-08
v95565hxcu,1787667959540,naniwa-danshi-nd5,2026-09-05,18:00,朱鷺メッセ 新潟コンベンションセンター,electronic,female,公演前日にログイン情報をお伝えします,m,5.0,,QR,2026-08-25 14:25:59,2026-08-31 15:01:19,,,listing,1,50000,"プラベル出品に切り替えますのでお手数お掛けしますがご購入前にお声掛けお願いいたします

初期当選/QRごと単番/下3桁提示可能/有効期限内/すり替え無し/着ブロ...",True,2026-08
fug8lxovlh,1787572967640,naniwa-danshi-nd5,2026-09-05,18:00,朱鷺メッセ 新潟コンベンションセンター,electronic,female,同行,ら,4.9,,ランダム番手,2026-08-24 12:02:47,2026-08-31 15:01:19,,,listing,2,26000,"【⭐️指定席のみ⭐️／すり替えなしランダム配布】

全て初期当選/Pay-easy決済/有効期限内/着席ブロック選択なし/前日までに全ての下三桁提示可能(立見含...",True,2026-08
u11tjh8177,1788007527659,naniwa-danshi-nd5,2026-09-05,18:00,朱鷺メッセ 新潟コンベンションセンター,electronic,female,3名義中3番手,♡,5.0,,番手,2026-08-29 12:45:27,2026-08-31 15:01:19,,,listing,2,25000,"3名義中3番手/初期当選/有効期限内/すり替えなし/下３桁提示可/着ブロ指定なし/発送物戻り等なし

※プラベルに移行いたしますので、購入希望の方はメッセージお...",True,2026-08
bak2cb7mrp,1788078397990,naniwa-danshi-nd5,2026-09-05,18:00,朱鷺メッセ 新潟コンベンションセンター,electronic,female,同行,ら,4.9,,ランダム,2026-08-30 08:26:37,2026-08-31 15:01:19,2026-08-31 14:01:14,transition_observed,sold,1,5900,"⭐️指定席のみ⭐️ランダム配布【+0.5上乗せで15-20分前早渡し可能】

プラベルに変更でお値下げ可能(ご相談ください)

ファンクラブ先行のチケットを複数...",True,2026-08
nef7yvskml,1787898052518,naniwa-danshi-nd5,2026-09-05,18:00,朱鷺メッセ 新潟コンベンションセンター,electronic,female,同行,な,5.0,,ランダム,2026-08-28 06:20:52,2026-08-31 09:01:12,,,deleted,2,25000,"すり替えなしランダム 下3桁開示可能
・複数名義所持している為、入場後チケットを一度回収し、当方が座席を選択した後にランダムにてチケットをお渡し致します。
・全...",True,2026-08
ixtxw4l906,1787567851586,naniwa-danshi-nd5,2026-09-05,18:00,朱鷺メッセ 新潟コンベンションセンター,electronic,female,2名義2番手,かぞ,5.0,,番手同行,2026-08-24 10:37:31,2026-08-31 15:01:19,,,listing,1,35000,"2名義中2番手

前回スタンドのみ/初期当選/下3桁提示/有効期限内/着席希望なし

入場後は一度チケットを回収し、こちらが選ばなかった方の2番手のチケットをお...",True,2026-08
njtpf039tl,1788050199714,naniwa-danshi-nd5,2026-09-05,18:00,朱鷺メッセ 新潟コンベンションセンター,electronic,female,同行,かお,5.0,,同行番手,2026-08-30 00:36:39,2026-08-31 15:01:19,,,listing,1,35000,"大橋担不可
2名義中2番手、前回スタンド1初当選1
初期当選/有効期限内/着ブロ希望なし/下3桁提示可能/サイチェン可能

当日お待ち合わせし同時入場後、速やか...",True,2026-08
lez765npws,1787641108908,naniwa-danshi-nd5,2026-09-05,18:00,朱鷺メッセ 新潟コンベンションセンター,electronic,female,同時入場,r,5.0,,ランダム,2026-08-25 06:58:28,2026-08-31 15:01:19,,,listing,1,8000,"･開場30分ほど前に集合していただき同時に入場いたします。具体的な集合時間、場所は公演前日までにお伝えいたします。

･入場後1度こちらでチケットを全て回収し、...",True,2026-08
1cfqvpx76g,1788088595403,naniwa-danshi-nd5,2026-09-05,18:00,朱鷺メッセ 新潟コンベンションセンター,electronic,female,同行,な,5.0,,番手,2026-08-30 11:16:35,2026-08-31 07:01:13,,,deleted,1,29000,"2名義中2番手
ご購入希望の場合はメッセージください。プライベート出品に切り替えます

すり替えなし。会員番号下3桁提示可能。
 ・QR表示のため端末をお借りす...",True,2026-08
xtvxqm7o5t,1787844479876,naniwa-danshi-nd5,2026-09-05,18:00,朱鷺メッセ 新潟コンベンションセンター,electronic,female,公演前日に詳細連絡,R,5.0,,QR,2026-08-27 15:27:59,2026-08-31 15:01:19,,,listing,2,50000,"初期当選/期限内名義
QR毎でのお譲りです。
公演日の前日にログイン情報お伝え致します。
入場後速やかに受け取り評価お願いします。
チケット発券後はすみやかにロ...",True,2026-08
2sx5cy3e3f,1788022868803,naniwa-danshi-nd5,2026-09-05,18:00,朱鷺メッセ 新潟コンベンションセンター,electronic,none,同行,k.,5.0,,ランダム,2026-08-29 17:01:08,2026-08-31 15:01:19,,,listing,1,6700,"FC先行 ランダム配布 

16時半頃待ち合わせを予定しております

ランダム配布の為買い手様の座席選択はできません、こちらでさせて頂きます。

又、デジダルチ...",True,2026-08
7bgpwopbc1,1787827534426,naniwa-danshi-nd5,2026-09-05,18:00,朱鷺メッセ 新潟コンベンションセンター,electronic,female,公演前日夜〜当日朝までにQRコード共有,りりり,5.0,,QR,2026-08-27 10:45:34,2026-08-31 15:01:19,,,listing,2,45000,"FC先行／座席未定／QR毎／下3桁提示可能／重複すり替えなし／有効期限内／発送物戻りなし／着ブロ希望なし／エラー履歴なし

マイページの連絡ボードにて、ログイン...",True,2026-08
92xtj79cvw,1788008252647,naniwa-danshi-nd5,2026-09-05,18:00,朱鷺メッセ 新潟コンベンションセンター,electronic,female,公演前日に発券に必要な情報をお伝えします,n,5.0,,QR,2026-08-29 12:57:32,2026-08-31 15:01:19,,,listing,2,44000,"2連QR毎のお譲り
FC初期当選 有効期限内 女性名義 返送物なし エラー履歴なし

〇チケット発券のための情報をお送りしますが、個人情報の閲覧やPWなどの変更...",True,2026-08
30s2m3mwzr,1788026337685,naniwa-danshi-nd5,2026-09-05,18:00,朱鷺メッセ 新潟コンベンションセンター,electronic,female,同行,ぽ,5.0,,同行,2026-08-29 17:58:57,2026-08-31 15:01:19,,,listing,1,55000,"重複すり替えなし/初期当選/有効期限内/下3桁提示可

当方との同行となります
(当方藤原担です)

9/5昼夜を各同行1枚所持しているため、併せてご希望であれ...",True,2026-08
vkzyw0vj7f,1787833253281,naniwa-danshi-nd5,2026-09-05,18:00,朱鷺メッセ 新潟コンベンションセンター,electronic,female,2名義中2番手,y,5.0,,番手,2026-08-27 12:20:53,2026-08-31 15:01:19,,,listing,1,40000,"2名義中2番手/初期当選/すり替えなし/有効期限内/下三桁開示可/発送物戻りなし/着ブロなし/同一支払いなし



公演当日､開場時間前に会場付近で集合し同時入...",True,2026-08
ub4vpma20w,1787827329989,naniwa-danshi-nd5,2026-09-05,18:00,朱鷺メッセ 新潟コンベンションセンター,electronic,female,前日夜〜当日朝までにQRコード共有,あああ,5.0,,QR,2026-08-27 10:42:09,2026-08-31 15:01:19,,,listing,2,43000,FC先行／座席未定／最終当選ドーム(2階席)／初期当選／QR毎／下3桁提示可能／重複すり替えなし／有効期限内／発送物戻りなし／着ブロ希望なし／エラー履歴なし...,True,2026-08
bfqv79z5ua,1787536509334,naniwa-danshi-nd5,2026-09-05,18:00,朱鷺メッセ 新潟コンベンションセンター,electronic,female,公演前日にログイン情報をお伝えします,m,5.0,,QR,2026-08-24 01:55:09,2026-08-31 15:01:19,,,listing,1,53000,"QRごと単番/条件なし
初期当選、Pay-easy決済、有効会員名義です。
着ブロ申し込みなし、過去エラーなし。


公演前日21時までにログインに必要な情報を...",True,2026-08
aj0jbjcupv,1788106160399,naniwa-danshi-nd5,2026-09-05,18:00,朱鷺メッセ 新潟コンベンションセンター,electronic,none,手渡し,💘,4.4,,ランダム,2026-08-30 16:09:20,2026-08-31 15:01:19,,,listing,1,10500,"

・2名義のみランダム配布
・当日、開場30分前程度に会場付近集合して頂きます。詳しい場所等は後ほどご連絡します。
・同時入場後チケット回収します。再度集合し...",True,2026-08
4gd78dvv27,1787536909671,naniwa-danshi-nd5,2026-09-05,18:00,朱鷺メッセ 新潟コンベンションセンター,electronic,female,公演日前日にログイン情報共有,R,5.0,,QR,2026-08-24 02:01:49,2026-08-31 15:01:19,,,listing,2,47000,"初期当選/QR毎/下3桁提示可能/有効期限内/すり替え無し/サイチェン可能/着ブロ指定なし/過去同一名義エラーなし

・公演前日に取引メッセージにてログインに必...",True,2026-08
x90pon3y51,1787585496276,naniwa-danshi-nd5,2026-09-05,18:00,朱鷺メッセ 新潟コンベンションセンター,electronic,female,同時入場,r,5.0,,番手,2026-08-24 15:31:36,2026-08-31 15:01:19,,,listing,2,27000,"なにわ男子9/5夜 3名義中3番手（全て初期当選）

プラベル移行可能

下3桁提示可/有効期限内/サイチェン可/すり替えなし

･当日は開場40~30分前に指...",True,2026-08
ato0c0tdxi,1787813095847,naniwa-danshi-nd5,2026-09-05,18:00,朱鷺メッセ 新潟コンベンションセンター,electronic,female,同行,テチチ,5.0,,番手,2026-08-27 06:44:55,2026-08-31 13:01:15,,,deleted,1,28000,"3名義中3番手の2連中の1枚。

プラベル対応可能。

連番相手は、長尾担または高橋担です。長尾担、高橋担不可

初期当選、すり替えなし、会員番号下3桁提示可能...",True,2026-08
0t9ub7om33,1787834992487,naniwa-danshi-nd5,2026-09-05,18:00,朱鷺メッセ 新潟コンベンションセンター,electronic,female,同行,まる,5.0,,同行,2026-08-27 12:49:52,2026-08-31 15:01:19,,,listing,1,53000,"当方と同行／高橋担不可／初期当選／有効期限内／重複すり替えなし／過去エラー発送物戻り不備なし／着ブロ希望なし／下3桁提示可／サイチェン不可

20代前半高橋担と...",True,2026-08
ej1l1yz58y,1787881750797,naniwa-danshi-nd5,2026-09-05,18:00,朱鷺メッセ 新潟コンベンションセンター,electronic,female,ランダム配布,h,5.0,,ランダム,2026-08-28 01:49:10,2026-08-31 15:01:19,,,listing,1,8000,"🌟ランダム配布🌟

複数名義所持しているため同時入場後、チケットを1度回収し再集合の際にランダムにてチケットを配布させていただきます。

公演当日16時半頃...",True,2026-08
cty8kaua03,1788079366600,naniwa-danshi-nd5,2026-09-05,18:00,朱鷺メッセ 新潟コンベンションセンター,electronic,female,同行,ら,4.9,,ランダム番手,2026-08-30 08:42:46,2026-08-31 15:01:19,,,listing,1,6000,"⭐️指定席のみ⭐️ランダム配布【＋0.5で15-20分前早渡し/＋2.0ですり替えなし即渡しも可能】

プラベル変更可能
ファンクラブ先行のチケットを複数所持し...",True,2026-08
2xcem6vw6t,1787799818457,naniwa-danshi-nd5,2026-09-05,18:00,朱鷺メッセ 新潟コンベンションセンター,electronic,female,公演2日前にログイン情報共有,コ,5.0,,QR,2026-08-27 03:03:38,2026-08-31 15:01:19,,,listing,2,52000,"ログイン情報は公演の2日前にお伝え致します。
同行者チェックはこちらで行い、代表者チェックは買い手様にお願いしております。
入場後は速やかにログアウト、受け取り...",True,2026-08
rnps7ucwr4,1787819584109,naniwa-danshi-nd5,2026-09-06,13:00,朱鷺メッセ 新潟コンベンションセンター,electronic,female,公演日前日にログイン情報提示,みれど,5.0,,QR,2026-08-27 08:33:04,2026-08-31 15:01:19,,,listing,2,43000,"座席未定／QR毎／有効期限内／すり替えなし／下3桁提示可能／初期当選／着ブロ選択無し

・公演日前日にログイン情報をお伝えいたします。
・入場後は速やかにログア...",True,2026-08
8jx4t38rq9,1787584494483,naniwa-danshi-nd5,2026-09-06,13:00,朱鷺メッセ 新潟コンベンションセンター,electronic,none,同行,あい,4.9,,番手,2026-08-24 15:14:54,2026-08-31 15:01:19,,,listing,2,34000,"6名義中5番手 全て初期当選 有効期限内 すり替えなし ご希望であれば下3桁提示可能

プライベート出品に変更しますので購入前に必ずメッセージをお願いいたします...",True,2026-08
vcuk81z8h6,1787813620591,naniwa-danshi-nd5,2026-09-06,13:00,朱鷺メッセ 新潟コンベンションセンター,electronic,none,ランダム配布,k,5.0,,ランダム,2026-08-27 06:53:40,2026-08-31 15:01:19,,,listing,1,15000,"⭐︎2名義以下の指定席のみ少人数ランダム配布
※プライベート出品致しますので購入希望の方はメッセージお願い致します。
当方が指定する時間に待ち合わせし、当方と同...",True,2026-08
cw2593etf1,1788053510795,naniwa-danshi-nd5,2026-09-06,13:00,朱鷺メッセ 新潟コンベンションセンター,electronic,female,前日までにQR共有,ぐみ,5.0,,QR同行,2026-08-30 01:31:50,2026-08-31 15:01:19,2026-08-31 15:01:19,transition_observed,sold,2,40000,"
座席未定すり替えなし/重複なし/本人名義/QR毎
何なるエラーや黒服による退場も返金対応できかねます。
公演日前日（夕方まで）にメッセージにてログイン情報をお...",True,2026-08
38ic54oi30,1787803336198,naniwa-danshi-nd5,2026-09-06,13:00,朱鷺メッセ 新潟コンベンションセンター,electronic,female,同行,ら,4.9,,ランダム,2026-08-27 04:02:16,2026-08-31 15:01:19,,,listing,1,6000,"⭐️指定席のみ⭐️ランダム配布【+0.5上乗せで15-20分前早渡し可能】

プラベルに変更でお値下げ可能(ご相談ください)

ファンクラブ先行のチケットを複数...",True,2026-08
1ilezhtpv4,1787389767110,naniwa-danshi-nd5,2026-09-06,13:00,朱鷺メッセ 新潟コンベンションセンター,electronic,female,公演日前日までにQRコード共有,り！,5.0,,QR,2026-08-22 09:09:27,2026-08-31 15:01:19,,,listing,2,42000,"※最終当選:京セラドームアリーナ席

2枚連番QRコードのお譲りです
有効期限内　初期当選　着ブロ選択なし

すり替えなし 下3桁提示可能

前日に同行者登録の...",True,2026-08
z2dkkvmima,1787709214934,naniwa-danshi-nd5,2026-09-06,13:00,朱鷺メッセ 新潟コンベンションセンター,electronic,female,同行,y,5.0,,同行,2026-08-26 01:53:34,2026-08-31 15:01:19,,,listing,1,53000,"2名義中1番手（2連×2) 当方と同行
FC先行/初期当選/すり替えなし/有効期限内/下三桁提示可能
初当選名義と前回スタンド名義(チケホル登録なし)になります...",True,2026-08
rar7mtgstu,1787668364485,naniwa-danshi-nd5,2026-09-06,13:00,朱鷺メッセ 新潟コンベンションセンター,electronic,none,同行,c,4.9,,ランダム記載あり,2026-08-25 14:32:44,2026-08-31 15:01:19,,,listing,1,7000,"・当日開場30分前を目処に会場付近に集合し同時入場して頂きます。詳しい集合時間や場所は当日朝までに連絡ボードにてご連絡致します。
・遅刻は厳禁でお願い致します。...",True,2026-08
7cefkgxlt2,1787500767152,naniwa-danshi-nd5,2026-09-06,13:00,朱鷺メッセ 新潟コンベンションセンター,electronic,female,当日QRコード共有,あい,4.9,,QR,2026-08-23 15:59:27,2026-08-31 15:01:19,,,listing,2,42000,"初期当選 有効期限内 重複すり替えなし 下3桁提示可 

当日開場時間の45~30分前に現地にてログイン情報の打ち込みをさせていただきます。
バラで購入された場...",True,2026-08
ncmrb9leof,1787573005262,naniwa-danshi-nd5,2026-09-06,13:00,朱鷺メッセ 新潟コンベンションセンター,electronic,female,同行,ら,4.9,,ランダム番手,2026-08-24 12:03:25,2026-08-31 15:01:19,,,listing,1,26000,"【⭐️指定席のみ⭐️／すり替えなしランダム配布】

全て初期当選/Pay-easy決済/有効期限内/着席ブロック選択なし/前日までに全ての下三桁提示可能(立見含...",True,2026-08
syg4nehb5v,1787578610513,naniwa-danshi-nd5,2026-09-06,13:00,朱鷺メッセ 新潟コンベンションセンター,electronic,none,同行,あい,4.9,,番手,2026-08-24 13:36:50,2026-08-31 15:01:19,,,listing,2,28000,"6名義中6番手 全て初期当選 有効期限内 すり替えなし ご希望であれば下3桁提示可能

プライベート出品に変更しますので購入前に必ずメッセージをお願いいたします...",True,2026-08
jemo3exdn9,1787669953976,naniwa-danshi-nd5,2026-09-06,13:00,朱鷺メッセ 新潟コンベンションセンター,electronic,female,同行,R,5.0,,ランダム,2026-08-25 14:59:13,2026-08-31 15:01:19,,,listing,2,18000,"・ランダムでのお譲りとなりますので、ご自身で座席選択はできません旨ご了承下さい。座席に関するクレームはお受けいたしません。

・公演当日、開場15分前に会場付近...",True,2026-08
0245vxtol5,1787661592665,naniwa-danshi-nd5,2026-09-06,13:00,朱鷺メッセ 新潟コンベンションセンター,electronic,female,公演日前日までにQRコード共有,N,5.0,,QR,2026-08-25 12:39:52,2026-08-31 15:01:19,,,listing,2,45000,"毎売り/下3桁提示可能/有効期限内名義

プラベルにて出品いたしますので、ご希望の方はメッセージをお願いします。

 
・入場後は速やかに受取連絡をお願いします...",True,2026-08
ehrxjittmt,1787658751248,naniwa-danshi-nd5,2026-09-06,13:00,朱鷺メッセ 新潟コンベンションセンター,electronic,none,ランダム,あい,5.0,,ランダム,2026-08-25 11:52:31,2026-08-31 15:01:19,,,listing,1,6000,"即購入可能 ご希望であればプライベート出品に変更しますので購入前に必ずメッセージをお願いいたします。

・公演当日、開場時間30分前に会場付近で待ち合わせし同時...",True,2026-08
ensaj7qrmo,1788101522635,naniwa-danshi-nd5,2026-09-06,13:00,朱鷺メッセ 新潟コンベンションセンター,electronic,female,同行,あ,5.0,,同行,2026-08-30 14:52:02,2026-08-31 15:01:19,,,listing,1,50000,"長尾担不可/同行募集/すり替えなし/有効期限内/下3桁提示可能/前回スタンド

* 公演当日、開場15分前に待ち合わせし同時入場していただきます。詳しい待ち合わ...",True,2026-08
tn7okh6c00,1787389909051,naniwa-danshi-nd5,2026-09-06,13:00,朱鷺メッセ 新潟コンベンションセンター,electronic,female,公演日前日までにQRコード共有,り！,5.0,,QR,2026-08-22 09:11:49,2026-08-31 15:01:19,,,listing,2,43000,"※最終当選歴:2025年ツアースタンド後列

2枚連番QRコードのお譲りです
有効期限内　初期当選　着ブロ選択なし

すり替えなし 下3桁提示可能

前日に同行...",True,2026-08
ed5bmm58jj,1788104824290,naniwa-danshi-nd5,2026-09-06,13:00,朱鷺メッセ 新潟コンベンションセンター,electronic,none,同行,あい,4.9,,ランダム,2026-08-30 15:47:04,2026-08-31 15:01:19,,,listing,1,7000,"即購入可 ご希望であればプライベート出品に変更しますので購入前にメッセージをお願いいたします。

・公演当日、開場時間30分前に会場付近で待ち合わせし同時入場し...",True,2026-08
u83jqj1k5p,1788060551354,naniwa-danshi-nd5,2026-09-06,13:00,朱鷺メッセ 新潟コンベンションセンター,electronic,none,同行,k.,5.0,,ランダム,2026-08-30 03:29:11,2026-08-31 15:01:19,,,listing,1,6350,"FC先行 ランダム配布 

11時半頃待ち合わせを予定しております

ランダム配布の為買い手様の座席選択はできません、こちらでさせて頂きます。

又、デジダルチ...",True,2026-08
wz5kkb22ut,1788082000542,naniwa-danshi-nd5,2026-09-06,13:00,朱鷺メッセ 新潟コンベンションセンター,electronic,female,ランダム,A,5.0,,ランダム,2026-08-30 09:26:40,2026-08-31 15:01:19,,,listing,1,6500,"【条件あり FC当選のみ ランダム配布】
複数所持のため同時入場をお願い致します。
当日は開演の1時間30分前に会場付近に集合予定です。
同時入場後、一度チケッ...",True,2026-08
66263c71p7,1787807821104,naniwa-danshi-nd5,2026-09-06,13:00,朱鷺メッセ 新潟コンベンションセンター,electronic,female,公演日前日にQRコード共有,り,5.0,,QR,2026-08-27 05:17:01,2026-08-31 15:01:19,,,listing,2,47000,"QR毎/初期当選/前回スタンド席/下3桁提示/重複すり替えなし/有効期限内

購入の際はプラベル移行しますのでメッセージ個別でお願い致します。

・公演前日にロ...",True,2026-08
nmr54z3o3a,1787426464816,naniwa-danshi-nd5,2026-09-06,13:00,朱鷺メッセ 新潟コンベンションセンター,electronic,none,ランダム,あい,5.0,,ランダム,2026-08-22 19:21:04,2026-08-31 15:01:19,,,listing,1,6400,"即購入可能 ご希望であればプライベート出品に変更しますので購入前に必ずメッセージをお願いいたします。

・公演当日、開場時間30分前に会場付近で待ち合わせし同時...",True,2026-08
i8xyu08zof,1787868687941,naniwa-danshi-nd5,2026-09-06,17:30,朱鷺メッセ 新潟コンベンションセンター,electronic,female,同行,R,5.0,,ランダム記載あり,2026-08-27 22:11:27,2026-08-31 15:01:19,,,listing,2,12000,"・ランダムでのお譲りとなりますので、ご自身で座席選択はできません旨ご了承下さい。座席に関するクレームはお受けいたしません。

・公演当日、開場20分前に会場付近...",True,2026-08
sduxw989ol,1788077619188,naniwa-danshi-nd5,2026-09-06,17:30,朱鷺メッセ 新潟コンベンションセンター,electronic,female,同時入場,S,4.8,,ランダム,2026-08-30 08:13:39,2026-08-31 15:01:19,,,listing,2,12000,"公演当日、15:45頃に会場付近にて待ち合わせし、同時入場していただきます。
詳しい待ち合わせ時間・場所につきましては、公演前日までにお知らせします。同時入場後...",True,2026-08
eak99y0ydu,1788097132462,naniwa-danshi-nd5,2026-09-06,17:30,朱鷺メッセ 新潟コンベンションセンター,electronic,female,公演前日にログイン情報提示,ゆず,5.0,,QR,2026-08-30 13:38:52,2026-08-31 15:01:19,,,listing,1,50000,"初当選名義/初期当選/下3桁提示可/すり替えなし/着ブロなし/有効期間内

公演中止の場合のみ手数料を引いた金額を返金いたします。
ランダムエラー、本人確認、買...",True,2026-08
mh1loml76y,1788051789065,naniwa-danshi-nd5,2026-09-06,17:30,朱鷺メッセ 新潟コンベンションセンター,electronic,female,同行,K,5.0,,番手,2026-08-30 01:03:09,2026-08-31 15:01:19,,,listing,1,30000,"3名義中3番手／初期選/すり替えなし/下3桁提示可能／有効期限内/3名義とも初当選名義

以下ご了承いただける方のみ購入をお願いいたします。
・大橋担不可
・当...",True,2026-08
xx026859uv,1787451507818,naniwa-danshi-nd5,2026-09-06,17:30,朱鷺メッセ 新潟コンベンションセンター,electronic,none,公演前日にログイン情報をお伝えします,H,5.0,,QR,2026-08-23 02:18:27,2026-08-31 15:01:19,,,listing,2,50000,"初期当選/2連/QR毎／下3桁提示可能/重複すり替え無/有効期限
内名義
公演前日にログイン情報をお伝えします。
入場後にログアウトと受け取り評価をお願いします...",True,2026-08
c81l42qvmh,1788090512007,naniwa-danshi-nd5,2026-09-06,17:30,朱鷺メッセ 新潟コンベンションセンター,electronic,female,同行,まる,5.0,,ランダム,2026-08-30 11:48:32,2026-08-31 15:01:19,2026-08-31 15:01:19,transition_observed,sold,1,5500,"・複数名義所持している為、入場後チケットを一度回収し、当方が座席を選択した後にランダムにてチケットをお渡し致します。
・全て初期当選、有効会員名義のみ集めており...",True,2026-08
804tadrmy5,1787909270418,naniwa-danshi-nd5,2026-09-06,17:30,朱鷺メッセ 新潟コンベンションセンター,electronic,female,同行,ca,5.0,,ランダム,2026-08-28 09:27:50,2026-08-31 15:01:19,,,listing,2,12000,"事前にメッセージいただけましたら専用ページを作成することも可能です

全ての名義Pay-easy決済　指定席のみ
複数名義重複選のため、当日は開場30分前（開演...",True,2026-08
l7my0sxpfe,1787972210670,naniwa-danshi-nd5,2026-09-06,17:30,朱鷺メッセ 新潟コンベンションセンター,electronic,female,同行,み,5.0,,QR同行番手,2026-08-29 02:56:50,2026-08-31 15:01:19,,,listing,2,35000,"ファンクラブ先行 座席未定 2名義中2番手のお譲り 入場後20分以内にチケットをお渡しいたします。
決済会員番号下3桁お伝え可能 すり替えなし 

【取引方法の...",True,2026-08
a4mqmgln86,1787881646497,naniwa-danshi-nd5,2026-09-06,17:30,朱鷺メッセ 新潟コンベンションセンター,electronic,none,同行,あい,4.9,,番手,2026-08-28 01:47:26,2026-08-31 15:01:19,,,listing,2,23000,"6名義中5番手 全て初期当選 有効期限内 すり替えなし ご希望であれば下3桁提示可能

プライベート出品に変更しますので購入前に必ずメッセージをお願いいたします...",True,2026-08
spu6zz9otj,1787697726537,naniwa-danshi-nd5,2026-09-06,17:30,朱鷺メッセ 新潟コンベンションセンター,electronic,female,前日までにログイン情報提示,C,5.0,,同行記載あり,2026-08-25 22:42:06,2026-08-31 15:01:19,,,listing,2,40000,"🌟プラベ出品にするため、購入希望の方は必ず事前にご連絡ください。🌟


★QR毎のお譲りです。(２連)
★公演前日にログイン情報等をご提示いたします。ご自身...",True,2026-08
nfnj9y3dl1,1788045383398,naniwa-danshi-nd5,2026-09-06,17:30,朱鷺メッセ 新潟コンベンションセンター,electronic,female,同行,な,5.0,,ランダム,2026-08-29 23:16:23,2026-08-31 15:01:19,,,listing,1,5900,"・複数名義所持している為、入場後チケットを一度回収し、当方が座席を選択した後にランダムにてチケットをお渡し致します。
・全て初期当選、有効会員名義のみ集めており...",True,2026-08
x74heo4wrq,1788096767976,naniwa-danshi-nd5,2026-09-06,17:30,朱鷺メッセ 新潟コンベンションセンター,electronic,female,公演前日にログイン情報提示,めぐみ,5.0,,QR,2026-08-30 13:32:47,2026-08-31 15:01:19,,,listing,2,55000,"復活当選/重複すり替え無し/有効期限内/下3桁提示可能/着ブロ指定なし

公演前日にログイン情報をお伝えいたします。
同行者の同意チェックはこちらで行います。...",True,2026-08
bookth4oun,1787578223608,naniwa-danshi-nd5,2026-09-06,17:30,朱鷺メッセ 新潟コンベンションセンター,electronic,none,ランダム配布,も,5.0,,ランダム,2026-08-24 13:30:23,2026-08-31 11:01:14,,,deleted,1,8000,"⭐️小規模ランダム配布⭐️
中相場買取🉑上乗せで早渡し🉑

1部サイト通し残り当日手渡し🉑
プラベル通し🉑
・開場30分前会場付近に集合予定。
・同時入...",True,2026-08
ubj0sd4az5,1787655115050,naniwa-danshi-nd5,2026-09-06,17:30,朱鷺メッセ 新潟コンベンションセンター,paper,female,当日手渡し,らり,4.6,,ランダム,2026-08-25 10:51:55,2026-08-31 15:01:19,,,listing,2,15000,"ランダム配布
購入者様に座席選択権利はありません
またランダムエラーによる返金も行いません
・公演当日、開場時間の20〜30分前にこちらが指定した場所に集まって...",True,2026-08
77se0bhtr2,1788097330092,naniwa-danshi-nd5,2026-09-06,17:30,朱鷺メッセ 新潟コンベンションセンター,electronic,female,2名義中1番手(同行),スズキ,5.0,,同行番手,2026-08-30 13:42:10,2026-08-31 15:01:19,,,listing,1,53000,"購入決定後プライベート出品に切り替えるため、購入希望の際は担当明記のうえでコメントをお願いいたします。

2名義中1番手（同行）/サイチェン不可/初期当選/すり...",True,2026-08
xxjgyz3w4x,1787823272120,naniwa-danshi-nd5,2026-09-06,17:30,朱鷺メッセ 新潟コンベンションセンター,electronic,female,少数名義ランダム,‪⸜❤︎⸝‍,5.0,,ランダム,2026-08-27 09:34:32,2026-08-31 15:01:19,,,listing,2,12000,"少数名義ランダム

集合は開場30分前を予定しております。遅刻厳禁です。大幅な遅刻は待たずに入場しますが、その場も受け取り評価は必ず行っていただきます。

ラン...",True,2026-08
63fzaojz88,1787785562065,naniwa-danshi-nd5,2026-09-06,17:30,朱鷺メッセ 新潟コンベンションセンター,electronic,female,番手,y,5.0,,番手,2026-08-26 23:06:02,2026-08-31 15:01:19,,,listing,2,35000,"3名義中2番手（2連×3)
FC先行/初期当選/すり替えなし/有効期限内/下三桁提示可能
全て前回スタンド名義

プライベート出品に切り替えるため、購入前にご連...",True,2026-08
ueqmi53f2f,1787901753035,naniwa-danshi-nd5,2026-09-06,17:30,朱鷺メッセ 新潟コンベンションセンター,electronic,female,QR毎 ,ら,5.0,,ランダム記載あり,2026-08-28 07:22:33,2026-08-31 15:01:19,,,listing,2,40000,"プライベート出品に変更しますので、購入希望の方はメッセージにてご連絡ください。

FC先行／座席未定／QR毎／下3桁提示可能／重複すり替えなし／有効期限内／発送...",True,2026-08
e5xy30rg0i,1788045421094,naniwa-danshi-nd5,2026-09-06,17:30,朱鷺メッセ 新潟コンベンションセンター,electronic,female,同行,な,5.0,,ランダム,2026-08-29 23:17:01,2026-08-31 15:01:19,,,listing,1,5700,"・複数名義所持している為、入場後チケットを一度回収し、当方が座席を選択した後にランダムにてチケットをお渡し致します。
・全て初期当選、有効会員名義のみ集めており...",True,2026-08
iidedqb4nz,1787881559331,naniwa-danshi-nd5,2026-09-06,17:30,朱鷺メッセ 新潟コンベンションセンター,electronic,none,同行,あい,4.9,,番手,2026-08-28 01:45:59,2026-08-31 15:01:19,,,listing,2,17000,"6名義中6番手 全て初期当選 有効期限内 すり替えなし ご希望であれば下3桁提示可能

プライベート出品に変更しますので購入前に必ずメッセージをお願いいたします...",True,2026-08
uhwmnhz78c,1787673928006,naniwa-danshi-nd5,2026-09-06,17:30,朱鷺メッセ 新潟コンベンションセンター,electronic,female,2名義中2番手,る,5.0,,ランダム記載あり,2026-08-25 16:05:28,2026-08-31 15:01:19,,,listing,2,31000,"2名義中2番手
FC先行/初期当選のみ/下3桁提示/有効期限内/すり替えなし/着ブロ希望なし

開場15分前に待ち合わせし同時入場していただきます。詳しい待ち合...",True,2026-08
tggk64jo44,1788045502749,naniwa-danshi-nd5,2026-09-06,17:30,朱鷺メッセ 新潟コンベンションセンター,electronic,female,同行,な,5.0,,ランダム,2026-08-29 23:18:22,2026-08-31 15:01:19,,,listing,1,5700,"・複数名義所持している為、入場後チケットを一度回収し、当方が座席を選択した後にランダムにてチケットをお渡し致します。
・全て初期当選、有効会員名義のみ集めており...",True,2026-08
jr2qombb0f,1788096985754,naniwa-danshi-nd5,2026-09-06,17:30,朱鷺メッセ 新潟コンベンションセンター,electronic,female,2名義中2番手,スズキ,5.0,,番手,2026-08-30 13:36:25,2026-08-31 15:01:19,,,listing,2,40000,"購入決定後プライベート出品に切り替えるため、購入希望の際はコメントをお願いいたします。

2名義中2番手/サイチェン不可/初期当選/すり替えなし/下3桁提示可...",True,2026-08
rvw5d2hpf2,1787658835934,naniwa-danshi-nd5,2026-09-06,17:30,朱鷺メッセ 新潟コンベンションセンター,electronic,none,ランダム,あい,5.0,,ランダム,2026-08-25 11:53:55,2026-08-31 15:01:19,,,listing,1,5400,"即購入可能 ご希望であればプライベート出品に変更しますので購入前に必ずメッセージをお願いいたします。

・公演当日、開場時間30分前に会場付近で待ち合わせし同時...",True,2026-08
zdf81fyd4p,1787624814889,naniwa-danshi-nd5,2026-09-06,17:30,朱鷺メッセ 新潟コンベンションセンター,electronic,none,同行,あい,4.9,,ランダム,2026-08-25 02:26:54,2026-08-31 15:01:19,,,listing,2,12000,"即購入可 ご希望であればプライベート出品に変更しますので購入前にメッセージをお願いいたします。

・公演当日、開場時間30分前に会場付近で待ち合わせし同時入場し...",True,2026-08
my9zmxni8o,1787570774529,naniwa-danshi-nd5,2026-09-06,17:30,朱鷺メッセ 新潟コンベンションセンター,electronic,female,同行,S,4.8,,番手,2026-08-24 11:26:14,2026-08-31 15:01:19,,,listing,2,25000,"3名義中3番手 すり替えなし
全て Pay-easy、有効期限内、初期当選、着ブロ指定なし、下3桁提示可能
複数名義重複選のため、当日は開場45分前（開演1時間...",True,2026-08
fgn03fpnkq,1787404184326,naniwa-danshi-nd5,2026-09-06,17:30,朱鷺メッセ 新潟コンベンションセンター,electronic,female,3名義中2番手,‪⸜❤︎⸝‍,5.0,,ランダム記載あり,2026-08-22 13:09:44,2026-08-31 15:01:19,,,listing,2,50000,"3名義中2番手/初期当選/有効期限内/下3桁提示可能/すり替えなし

前回スタンド×2、初当選×1

3名義中2番手2連でチケットをお渡しいたします。

公演当...",True,2026-08
w6vvr44cn5,1787987514936,naniwa-danshi-nd5,2026-09-06,17:30,朱鷺メッセ 新潟コンベンションセンター,electronic,female,公演前日までにログイン情報共有(QRごと),ま,5.0,,QR,2026-08-29 07:11:54,2026-08-31 15:01:19,,,listing,2,43000,"QRごと
FC初期当選
下3桁提示可能
有効期限内名義
クレカ支払い(同一なし)
代表者チェック可能


前回座席チケホル登録期限切れのため確認できませんが、前...",True,2026-08
96y08jgg7w,1787926932960,naniwa-danshi-nd5,2026-09-06,17:30,朱鷺メッセ 新潟コンベンションセンター,electronic,female,同行,り,5.0,,番手,2026-08-28 14:22:12,2026-08-31 15:01:19,,,listing,1,55000,"2名義1番手/どちらも過去当選歴スタンドのみ/初期当選/下3桁提示/有効期限内

購入される場合プラベル移行しますのでメッセージ個別でお願い致します。

・2名...",True,2026-08
odb2jhgeip,1787947176219,naniwa-danshi-nd5,2026-09-06,17:30,朱鷺メッセ 新潟コンベンションセンター,electronic,female,公演当日にQRコード共有,A,5.0,,QR,2026-08-28 19:59:36,2026-08-31 15:01:19,,,listing,2,47000,"ボンボヤ落選/VOYAGEスタンド ★チケホル登録あり

⚠️プラベルに移行しますので必ずコメントお願いいたします！

QR毎/初期当選/有効期限内/重複すり替...",True,2026-08
biwbrnvpzo,1787808546973,naniwa-danshi-nd5,2026-09-06,17:30,朱鷺メッセ 新潟コンベンションセンター,electronic,female,当日合流し同時入場お願いいたします。,り,5.0,,番手,2026-08-27 05:29:06,2026-08-31 15:01:19,,,listing,1,30000,"2名義中2番手/どちらも前回スタンド/初期当選/すり替えなし/下3桁提示可/有効期限内

購入される場合プラベル移行しますのでメッセージ個別でお願い致します。...",True,2026-08
1wrt9wk2re,1787786616614,naniwa-danshi-nd5,2026-09-06,17:30,朱鷺メッセ 新潟コンベンションセンター,electronic,female,ランダム,りり,5.0,,ランダム,2026-08-26 23:23:36,2026-08-31 15:01:19,,,listing,1,12000,"⭐️ランダム⭐️

開場30分前集合 同時入場
公演当日は時間厳守でお願い致します。

持ち逃げ防止のため身分証預からせていただく可能性がございます。ご了承くだ...",True,2026-08
6wj7ak5hse,1788130031029,naniwa-danshi-nd5,2026-09-06,17:30,朱鷺メッセ 新潟コンベンションセンター,electronic,female,3番手中1番手,y,5.0,,番手同行,2026-08-30 22:47:11,2026-08-31 11:01:14,,,deleted,1,50000,"3名義中1番手（2連×3)
FC先行/初期当選/重複すり替えなし/有効期限内/下三桁提示可能/長尾担不可
全て前回スタンド名義(チケホル登録のない名義あり)...",True,2026-08
i07z94lszg,1787708375813,naniwa-danshi-nd5,2026-09-19,13:30,あなぶきアリーナ香川,electronic,female,同行,り,5.0,,番手,2026-08-26 01:39:35,2026-08-31 15:01:19,,,listing,2,75000,"3名義中2番手

購入希望の方へプラベル出品致しますのでメッセージをお願いいたします。

全て→2連での当選/初期当選/有効期限内/着ブロ希望なし/過去エラー無...",True,2026-08
5rfgtzyf8v,1788128029703,naniwa-danshi-nd5,2026-09-19,13:30,あなぶきアリーナ香川,electronic,female,同行,hi,5.0,,同行番手,2026-08-30 22:13:49,2026-08-31 05:01:11,,,deleted,2,30000,"2名義中1番手1枚か2番手1〜2枚です。 
 
全て初期、期限内、すり替えなし、過去エラーなしです。 
本日中にお取引できる方のみです。


メッセージの際は...",True,2026-08
zoq6prfzu2,1787854331774,naniwa-danshi-nd5,2026-09-19,13:30,あなぶきアリーナ香川,paper,none,当日手渡し,N,4.8,,同行,2026-08-27 18:12:11,2026-08-31 15:01:19,,,listing,1,80000,"2連中の1枚/重複無し同行/下三桁提示可/初期当選/期限内/発送物戻り無し/長尾担との同行

待ち合わせは開場時間を予定しております。
チケット受け取りと同時に...",True,2026-08
t61bnfshsz,1787521928754,naniwa-danshi-nd5,2026-09-19,13:30,あなぶきアリーナ香川,electronic,female,ランダム,M,5.0,,ランダム,2026-08-23 21:52:08,2026-08-31 15:01:19,,,listing,2,32000,"ランダム配布/少数ランダム/中相場買取・上乗せ早渡し🉑

＊プラベ出品もしくはプラベルにしますので、購入希望の方はメッセージお願いいたします。

開場時間5〜...",True,2026-08
nr8zokh5xf,1787908041659,naniwa-danshi-nd5,2026-09-19,13:30,あなぶきアリーナ香川,electronic,female,同行,⭐️,5.0,,番手,2026-08-28 09:07:21,2026-08-31 15:01:19,,,listing,2,85000,"2名義中2番手/2名義とも初期当選、前回スタンド/すり替えなし/下3桁提示可/有効期限内/過去エラーなし/発送戻りなし

プライベート出品をご希望の方は、購入前...",True,2026-08
jsfxo2g2g5,1787583597225,naniwa-danshi-nd5,2026-09-19,13:30,あなぶきアリーナ香川,electronic,female,公演前日にログイン情報をお伝えします,yyy,5.0,,,2026-08-24 14:59:57,2026-08-31 15:01:19,,,listing,1,85000,チケット発券でき次第すぐにログアウトしていただき、2度とこの名義にログインしないようお願い致します。また、この名義について勝手な申込みや会員Uページの変更等はお...,True,2026-08
p80emuvu1x,1787679176921,naniwa-danshi-nd5,2026-09-19,13:30,あなぶきアリーナ香川,electronic,female,同行,ねこ,5.0,,QR同行,2026-08-25 17:32:56,2026-08-31 15:01:19,,,listing,1,80000,"2連中1枚当方(西畑担/拒否無し)と同行
初期当選/重複すり替え無し/下3桁提示可/有効期限内/発送物戻り無し

公演当日、開演 1時間前を目安に会場付近にて待...",True,2026-08
u4yfiil190,1787919789572,naniwa-danshi-nd5,2026-09-19,13:30,あなぶきアリーナ香川,electronic,female,同行,あ,5.0,,同行,2026-08-28 12:23:09,2026-08-31 15:01:19,,,listing,1,77000,"2連中1枚同行/初期当選/有効期間内/すり替えなし/下3桁提示可/過去エラーなし/エラー時返金可/大橋担不可
プラベル移行するのでご連絡お願いいたします。一部手...",True,2026-08
jslnhcxh4v,1787907939015,naniwa-danshi-nd5,2026-09-19,13:30,あなぶきアリーナ香川,electronic,female,同行,⭐️,5.0,,番手,2026-08-28 09:05:39,2026-08-31 15:01:19,,,listing,1,100000,"2名義中1番手/同行/2名義とも初期当選、前回スタンド/すり替えなし/下3桁提示可/有効期限内/過去エラーなし/発送戻りなし

プライベート出品をご希望の方は、...",True,2026-08
j513z25riq,1788090652963,naniwa-danshi-nd5,2026-09-19,13:30,あなぶきアリーナ香川,electronic,female,同行,まる,5.0,,ランダム,2026-08-30 11:50:52,2026-08-31 15:01:19,,,listing,2,35000,"・複数名義所持している為、入場後チケットを一度回収し、当方が座席を選択した後にランダムにてチケットをお渡し致します。
・全て初期当選、有効会員名義のみ集めており...",True,2026-08
4q5t3mx2ty,1787814883956,naniwa-danshi-nd5,2026-09-19,13:30,あなぶきアリーナ香川,electronic,female,同行,ちゃん,5.0,,同行,2026-08-27 07:14:43,2026-08-31 15:01:19,,,listing,1,85000,"2連中1枚当方(長尾担)と同行
初期当選/重複すり替え無し/下3桁提示可/有効期限内/発送物戻り無し/過去エラーなし

公演当日、開演 1時間前を目安に会場付近...",True,2026-08
dvwnwchzf9,1787928988187,naniwa-danshi-nd5,2026-09-19,13:30,あなぶきアリーナ香川,electronic,female,同行,k,5.0,,番手,2026-08-28 14:56:28,2026-08-31 15:01:19,,,listing,2,70900,"2名義中2番手/すり替えなし/下3桁提示可/FC先行/初期当選/有効期限内名義/郵送物戻りなし/着ブロなし/プライベート出品可

前回スタンド×1 前回アリーナ...",True,2026-08
0b0xs9t02w,1787626520060,naniwa-danshi-nd5,2026-09-19,13:30,あなぶきアリーナ香川,electronic,female,番手,M,5.0,,番手,2026-08-25 02:55:20,2026-08-31 15:01:19,,,listing,2,65000,"2名義中2番手/下3桁提示可/すり替えなし

＊プラベ出品にしますので、購入希望の方はメッセージお願いいたします。

開場時間に合わせて会場付近にて集合して頂き...",True,2026-08
sbek3cwaft,1788090599861,naniwa-danshi-nd5,2026-09-19,13:30,あなぶきアリーナ香川,electronic,female,同行,まる,5.0,,ランダム,2026-08-30 11:49:59,2026-08-31 15:01:19,,,listing,1,25000,"・複数名義所持している為、入場後チケットを一度回収し、当方が座席を選択した後にランダムにてチケットをお渡し致します。
・全て初期当選、有効会員名義のみ集めており...",True,2026-08
qeo3znv5cb,1787631099378,naniwa-danshi-nd5,2026-09-19,17:30,あなぶきアリーナ香川,electronic,female,2番手中2番手 2連,trhk,5.0,,ランダム記載あり,2026-08-25 04:11:39,2026-08-31 15:01:19,,,listing,2,70000,"初期当選、すり替え無し、有効期限内
コンビニ決済、郵送物戻り無し、
下3桁提示可

プラベル可

※日本国籍の方、日本語が通じる方のみ

・当日こちらが指定した...",True,2026-08
io7y6rglic,1787917613073,naniwa-danshi-nd5,2026-09-19,18:00,あなぶきアリーナ香川,electronic,female,同行,るる,5.0,,同行,2026-08-28 11:46:53,2026-08-31 15:01:19,,,listing,1,70000,"2連中1枚/重複なし同行/下三桁提示可/初期当選

急遽同行者が参加出来なくなってしまったため出品します。

当方の母(50↑)との同行になります。
50↑の方...",True,2026-08
xsbe44sebe,1787469472082,naniwa-danshi-nd5,2026-09-19,18:00,あなぶきアリーナ香川,electronic,female,公演日前日QRコード共有,17.2,17.2,,QR,2026-08-23 07:17:52,2026-08-31 15:01:19,,,listing,2,85000,"FC先行 / 初期当選/ QR毎 /下3桁提示可/ 有効期限内 / 発送物戻りなし/着ブロ希望なし/ コンビニ決済/ドーム落選名義

プラベ出品対応可能となりま...",True,2026-08
xo8d05bulu,1787630919190,naniwa-danshi-nd5,2026-09-19,18:00,あなぶきアリーナ香川,electronic,female,同行,mii,5.0,,番手同行,2026-08-25 04:08:39,2026-08-31 15:01:19,,,listing,1,75000,"開示対策の為プライベート出品にさせて頂きますので、購入希望の場合はメッセージをお願いします。一部チケテン、残り当日手渡しでの対応も可能です。

2名義中2番手/...",True,2026-08
kzrb9qta3s,1787924247227,naniwa-danshi-nd5,2026-09-19,18:00,あなぶきアリーナ香川,electronic,female,同行,⭐︎,5.0,,ランダム,2026-08-28 13:37:27,2026-08-31 15:01:19,,,listing,1,24000,"🌟お取引が初めての方でもご購入可能です

座席未定、複数名義所持のためランダム配布

・当日開場時間の30分前頃に会場付近にてお待ち合わせ、同時入場して頂きま...",True,2026-08
jf56do79rq,1787562188040,naniwa-danshi-nd5,2026-09-19,18:00,あなぶきアリーナ香川,electronic,female,QRごと,☆,5.0,,同行記載あり,2026-08-24 09:03:08,2026-08-31 15:01:19,,,listing,2,75000,"QRごと。すり替えなし。下3桁提示可能。有効期限内。着ブロ希望なし。郵送物戻りなし。コンビニ決済。過去エラーなし。同行者チェックのみこちらで行います。

プラベ...",True,2026-08
p46qumf3b2,1787992831499,naniwa-danshi-nd5,2026-09-19,18:00,あなぶきアリーナ香川,electronic,female,同行,ほ,5.0,,同行,2026-08-29 08:40:31,2026-08-31 15:01:19,,,listing,1,70000,"同行／初期当選／有効期限内名義／下3桁提示可能／着ブロ希望なし／郵送物戻りなし／同一クレカ支払いなし／過去エラーなし

長尾担不可
プラベル移行可能です

開場...",True,2026-08
b808m21140,1788067592730,naniwa-danshi-nd5,2026-09-19,18:00,あなぶきアリーナ香川,electronic,female,同行,⭐︎,5.0,,ランダム,2026-08-30 05:26:32,2026-08-31 15:01:19,,,listing,2,35000,"🌟お取引が初めての方でもご購入可能です

座席未定、複数名義所持のためランダム配布

・当日開場時間の30分前頃に会場付近にてお待ち合わせ、同時入場して頂きま...",True,2026-08
pvbcm3mk4p,1787831703513,naniwa-danshi-nd5,2026-09-19,18:00,あなぶきアリーナ香川,electronic,female,同行,り,5.0,,同行番手,2026-08-27 11:55:03,2026-08-31 15:01:19,,,listing,2,57000,"3名義中3番手2連
初期当選2、復活1 すり替え無し 有効期限内 下3桁提示可

※プラベルに移行もしくはプライベート出品いたしますので、ご購入希望の方はご購入...",True,2026-08
8vbqn197qo,1787839934785,naniwa-danshi-nd5,2026-09-19,18:00,あなぶきアリーナ香川,electronic,female,同行,ゅ,5.0,,番手,2026-08-27 14:12:14,2026-08-31 15:01:19,,,listing,2,65000,"3名義中2番手 同時入場
初期当選/すり替えなし/有効期限内名義/3名義分下3桁提示可/本人同行者共に女性名義/着ブロ希望なし/郵送物戻りなし/同一クレカ決済な...",True,2026-08
hvgunbkhag,1788090728108,naniwa-danshi-nd5,2026-09-19,18:00,あなぶきアリーナ香川,electronic,female,同行,まる,5.0,,ランダム,2026-08-30 11:52:08,2026-08-31 15:01:19,,,listing,2,34000,"・複数名義所持している為、入場後チケットを一度回収し、当方が座席を選択した後にランダムにてチケットをお渡し致します。
・全て初期当選、有効会員名義のみ集めており...",True,2026-08
kaeww4376z,1787924403567,naniwa-danshi-nd5,2026-09-19,18:00,あなぶきアリーナ香川,electronic,female,同行,⭐︎,5.0,,ランダム,2026-08-28 13:40:03,2026-08-31 15:01:19,,,listing,2,50000,"🌟すり替えなしのランダム配布です！
🌟下3桁提示可能
🌟お取引が初めての方でもご購入可能です

座席未定、複数名義所持ですがすり替えなしのランダム配布です...",True,2026-08
k3bhr3tdh9,1787388522444,naniwa-danshi-nd5,2026-09-19,18:00,あなぶきアリーナ香川,electronic,female,ランダム,な,5.0,,ランダム,2026-08-22 08:48:42,2026-08-31 15:01:19,,,listing,1,29000,"・複数名義所持している為、入場後チケットを一度回収し、当方が座席を選択した後にランダムにてチケットをお渡し致します。
・全て初期当選、有効会員名義のみ集めており...",True,2026-08
lfxov541g1,1788128062015,naniwa-danshi-nd5,2026-09-19,18:00,あなぶきアリーナ香川,electronic,female,同行,hi,5.0,,同行番手,2026-08-30 22:14:22,2026-08-31 05:01:11,,,deleted,2,30000,"2名義中1番手1枚か2番手1〜2枚です。 
 
全て初期、期限内、すり替えなし、過去エラーなしです。 
本日中にお取引できる方のみです。


メッセージの際は...",True,2026-08
uq1fo9d8mj,1787490483238,naniwa-danshi-nd5,2026-09-19,18:00,あなぶきアリーナ香川,electronic,female,公演3日前にログイン情報提示,は,5.0,,QR,2026-08-23 13:08:03,2026-08-31 06:01:18,,,deleted,2,76000,"FC/初期当選/重複無/同一クレカ決済無/下3桁提示可/有効期限内/発送物戻り無/過去エラー無

・公演日3日前に連絡ボードにてログイン情報をお伝えします。
・...",True,2026-08
tuhwpr10ly,1787403595470,naniwa-danshi-nd5,2026-09-19,18:00,あなぶきアリーナ香川,electronic,female,同行,m,5.0,,番手,2026-08-22 12:59:55,2026-08-31 15:01:19,,,listing,2,60000,"なにわ男子 LIVE TOUR 2026 ND⁵
9/19夜 (香川)2名義中2番手 

【取引条件・注意事項（必読）】

■ 取引条件
・該当名義/初期当選/...",True,2026-08
22hrsw4kxt,1787501150581,naniwa-danshi-nd5,2026-09-19,18:00,あなぶきアリーナ香川,electronic,female,同行,もも,5.0,,同行,2026-08-23 16:05:50,2026-08-31 15:01:19,,,listing,1,72000,"初期当選/重複すり替えなし/下3桁提示可能/有効期限内/サイチェン可/初当選/大橋担不可

・開場20分前を目処に待ち合わせし同時に入場していただきます。
・受...",True,2026-08
ibymu5fsfj,1787662376231,naniwa-danshi-nd5,2026-09-19,18:00,あなぶきアリーナ香川,electronic,female,2名義中1番手同行,ゆ,5.0,,同行,2026-08-25 12:52:56,2026-08-31 15:01:19,,,listing,1,90000,"2名義中1番手同行 長尾担不可
初期当選/すり替えなし/着ブロ指定なし/下3桁提示可/過去エラー発送物戻りなし/有効期限内/サイチェン可

・20万代ドームスタ...",True,2026-08
l6k3wb6pwt,1787839853106,naniwa-danshi-nd5,2026-09-19,18:00,あなぶきアリーナ香川,electronic,female,同行,ゅ,5.0,,番手,2026-08-27 14:10:53,2026-08-31 15:01:19,2026-08-31 13:01:15,transition_observed,sold,2,50000,"3名義中3番手 同時入場
初期当選/すり替えなし/有効期限内名義/3名義分下3桁提示可/本人同行者共に女性名義/着ブロ希望なし/郵送物戻りなし/同一クレカ決済な...",True,2026-08
2rqvh6esir,1788090686711,naniwa-danshi-nd5,2026-09-19,18:00,あなぶきアリーナ香川,electronic,female,同行,まる,5.0,,ランダム,2026-08-30 11:51:26,2026-08-31 15:01:19,,,listing,1,23000,"・複数名義所持している為、入場後チケットを一度回収し、当方が座席を選択した後にランダムにてチケットをお渡し致します。
・全て初期当選、有効会員名義のみ集めており...",True,2026-08
ejo40j6vo6,1787988812074,naniwa-danshi-nd5,2026-09-19,18:00,あなぶきアリーナ香川,electronic,female,同行,も,5.0,,同行記載あり,2026-08-29 07:33:32,2026-08-31 15:01:19,,,listing,1,180000,"着ブロ希望当選 2連中1枚同行
★プラベルに移行かプライベート出品に変更致しますので、ご購入希望の方はご購入前に必ずコメントをお願い致します。

高橋担不可、サ...",True,2026-08
f6lacnkjfc,1787993425420,naniwa-danshi-nd5,2026-09-19,18:00,あなぶきアリーナ香川,electronic,female,同行,ほ,5.0,,番手,2026-08-29 08:50:25,2026-08-31 15:01:19,,,listing,1,60000,"2名義中2番手/初期当選/すり替えなし/有効期限内名義/下3桁提示可/着ブロ希望なし/郵送物戻りなし/同一クレカ決済なし/過去エラーなし/着ブロ希望なし

⭐️...",True,2026-08
scuj15jq5e,1787920869483,naniwa-danshi-nd5,2026-09-19,18:00,あなぶきアリーナ香川,electronic,female,同行,あ,5.0,,同行,2026-08-28 12:41:09,2026-08-31 15:01:19,,,listing,1,77000,"2連中1枚同行/初期当選/有効期間内/すり替えなし/下3桁提示可/過去エラーなし/エラー時返金可/大橋担不可
プラベル移行するのでご連絡お願いいたします。一部手...",True,2026-08
snyay0ywlb,1788013218820,naniwa-danshi-nd5,2026-09-19,18:00,あなぶきアリーナ香川,electronic,female,同行,M,5.0,,番手,2026-08-29 14:20:18,2026-08-31 15:01:19,,,listing,1,63000,"2名義中2番手/初期当選/すり替えなし/有効期限内名義/下3桁提示可/着ブロ希望なし/同ークレカ決済なし/過去エラーなし/サイチェン不可

⚠️ご購入の際は必ず...",True,2026-08
8jggs4u5m6,1787839990948,naniwa-danshi-nd5,2026-09-20,13:00,あなぶきアリーナ香川,electronic,female,同行,ゅ,5.0,,同行記載あり,2026-08-27 14:13:10,2026-08-31 15:01:19,,,listing,2,60000,"2名義中2番手 同時入場
初期当選/すり替えなし/有効期限内名義/3名義分下3桁提示可/本人同行者共に女性名義/着ブロ希望なし/郵送物戻りなし/同一クレカ決済な...",True,2026-08
417drbf6ma,1788002459335,naniwa-danshi-nd5,2026-09-20,13:00,あなぶきアリーナ香川,electronic,female,2名義2番手、1枚,A,5.0,,番手,2026-08-29 11:20:59,2026-08-31 15:01:19,,,listing,1,73000,"2名義中2番手 単番 
初期当選/FC当選/すり替えなし/有効期間内/下３桁提示可能

公演当日、開場15〜10分前に会場付近で待ち合わせ致します。当方がログイ...",True,2026-08
9iyyl3ajty,1787558247888,naniwa-danshi-nd5,2026-09-20,13:00,あなぶきアリーナ香川,electronic,female,QRコードのため当日発券時まで座席未定,n,4.9,,ランダム記載あり,2026-08-24 07:57:27,2026-08-31 15:01:19,,,listing,2,38500,"★初心者の方、初めての方でも丁寧に説明させていただきます。安心いただけるお取引を心がけます。 
  
★少人数集合（2〜6人予定）
大人数が苦手な方も安心してご...",True,2026-08
8jg9vro0hs,1787917847739,naniwa-danshi-nd5,2026-09-20,13:00,あなぶきアリーナ香川,electronic,female,ランダム,A,5.0,,ランダム,2026-08-28 11:50:47,2026-08-31 15:01:19,,,listing,1,28000,"【FC枠ランダム配布】
公演当日11:30頃に会場にて集合予定です。
同時入場後に一度チケットを回収させて頂きます。
当方が座席を選択した後、チケットはランダム...",True,2026-08
3v9dnt6lxf,1787816995152,naniwa-danshi-nd5,2026-09-20,13:00,あなぶきアリーナ香川,electronic,female,【3名義中3番手】【すり替えなし】【下3桁提示可能】,n,4.9,,ランダム記載あり,2026-08-27 07:49:55,2026-08-31 15:01:19,,,listing,2,59000,"3名義中3番手
すり替えなし 下3桁提示可能 初期当選 有効期限内 着ブロ選択なし エラー歴なし
  
・当日会場付近にてお待ち合わせし、同時入場お願いいたしま...",True,2026-08
khnmh049kq,1787759731253,naniwa-danshi-nd5,2026-09-20,13:00,あなぶきアリーナ香川,electronic,female,同行,もも,5.0,,同行,2026-08-26 15:55:31,2026-08-31 15:01:19,,,listing,1,74000,"初期当選/重複すり替えなし同行/下3桁提示可/有効期限内/サイチェン可/大橋担不可

開場30分前に会場付近にて待ち合わせ後同時に入場していただきます。
チケッ...",True,2026-08
jg59w4l20p,1788054374379,naniwa-danshi-nd5,2026-09-20,13:00,あなぶきアリーナ香川,electronic,female,公演日当日QRコード共有,♡,5.0,,QR,2026-08-30 01:46:14,2026-08-31 15:01:19,,,listing,1,75500,"プラベルにて対応いたします。
/初期当選/重複すり替え無し/下3桁提示可/発送物戻り無し/着ブロ指定無し/Jr時代からの引き継ぎ名義

公演日当日ログインに必要...",True,2026-08
iomn64kfb8,1788090756274,naniwa-danshi-nd5,2026-09-20,13:00,あなぶきアリーナ香川,electronic,female,同行,まる,5.0,,ランダム,2026-08-30 11:52:36,2026-08-31 15:01:19,,,listing,1,27000,"・複数名義所持している為、入場後チケットを一度回収し、当方が座席を選択した後にランダムにてチケットをお渡し致します。
・全て初期当選、有効会員名義のみ集めており...",True,2026-08
79dtler89l,1788128100612,naniwa-danshi-nd5,2026-09-20,13:00,あなぶきアリーナ香川,electronic,female,同行,hi,5.0,,同行番手,2026-08-30 22:15:00,2026-08-31 05:01:11,,,deleted,2,30000,"2名義中1番手1枚か2番手1〜2枚です。 
 
全て初期、期限内、すり替えなし、過去エラーなしです。 
本日中にお取引できる方のみです。


メッセージの際は...",True,2026-08
mbq1a7ldcp,1787835446913,naniwa-danshi-nd5,2026-09-20,13:00,あなぶきアリーナ香川,electronic,female,同行,に,5.0,,ランダム,2026-08-27 12:57:26,2026-08-31 15:01:19,,,listing,1,28500,"・入場時刻の35分前を目安に会場付近に集合し、同時入場をさせて頂きます。
・交通機関やトラブル等を加味し、時間に余裕を持って会場へお越し頂きますようお願いします...",True,2026-08
cxklle4pwn,1788090791035,naniwa-danshi-nd5,2026-09-20,17:30,あなぶきアリーナ香川,electronic,female,同行,まる,5.0,,ランダム,2026-08-30 11:53:11,2026-08-31 15:01:19,,,listing,1,24000,"・複数名義所持している為、入場後チケットを一度回収し、当方が座席を選択した後にランダムにてチケットをお渡し致します。
・全て初期当選、有効会員名義のみ集めており...",True,2026-08
4jum8fpa2r,1787411934387,naniwa-danshi-nd5,2026-09-20,17:30,あなぶきアリーナ香川,electronic,female,同行,もも,5.0,,ランダム,2026-08-22 15:18:54,2026-08-31 15:01:19,,,listing,1,35000,"⭐️1名義のみランダム配布⭐️
・指定席のみ
・開場20分前を目処に会場付近で待ち合わせ、同時に入場していただきます。座席確認にお時間をいただく場合がございます...",True,2026-08
9y6a53pp7r,1787821125693,naniwa-danshi-nd5,2026-09-20,17:30,あなぶきアリーナ香川,electronic,female,同行,s,5.0,,同行記載あり,2026-08-27 08:58:45,2026-08-31 15:01:19,,,listing,1,65000,"重複無し同行/復活当選/下3桁開示可能/有効期限内
当選歴：ボンボヤドーム 下段後列


公演当日、会場付近の指定した場所で開場 15分前(予定)に待ち合わせを...",True,2026-08
mwnlkcqkjz,1787750596785,naniwa-danshi-nd5,2026-09-20,17:30,あなぶきアリーナ香川,electronic,female,少人数（2名義）ランダム,なび,5.0,,ランダム,2026-08-26 13:23:16,2026-08-31 15:01:19,,,listing,1,38000,"少人数ランダム配布/2名義入場
10-15分前渡し/中相場買取可能/+0.5上乗せにて20-25分前渡し可能
座席によってはすぐにお渡しの可能性あり

ランダム...",True,2026-08
n1f6s0fbvw,1788019086224,naniwa-danshi-nd5,2026-09-20,17:30,あなぶきアリーナ香川,electronic,female,同行,と,5.0,,同行,2026-08-29 15:58:06,2026-08-31 09:01:12,,,deleted,1,70000,"【プライベート出品に変更しますので購入前にコメントお願いいたします】

同行/下3桁提示可/重複すり替えなし/FC先行/初期当選/有効期限内/サイチェン不可
復...",True,2026-08
6aicehaj4i,1787802290271,naniwa-danshi-nd5,2026-09-20,17:30,あなぶきアリーナ香川,electronic,female,同行,o,5.0,,番手,2026-08-27 03:44:50,2026-08-31 15:01:19,,,listing,2,75000,"2名義中2番手/初期当選のみ/すり替えなし下3桁提示可/ランエラ履歴なし/黒服対策あり

公演中止以外の返金対応は出来かねますのでご了承ください。
サイチェン可...",True,2026-08
kym4y5nu0m,1787738883206,naniwa-danshi-nd5,2026-09-20,17:30,あなぶきアリーナ香川,electronic,female,公演前日QRコード共有,t,5.0,,QR,2026-08-26 10:08:03,2026-08-31 15:01:19,,,listing,2,80000,"FC先行/QR毎のお譲り/復活当選/重複すり替えなし/入金確認後下3桁提示可/有効期限内/着ブロ申し込み無し/発送物戻りなし/前回スタンド

公演前日にログイン...",True,2026-08
q72u0rlowq,1787956059055,naniwa-danshi-nd5,2026-09-20,17:30,あなぶきアリーナ香川,electronic,female,公演日前日までにQRコード共有,🩵,5.0,,QR,2026-08-28 22:27:39,2026-08-31 15:01:19,,,listing,2,80000,"⭐️前回スタンド(チケホル期限切れ)
⭐️プライベート出品させていただきますので購入前にメッセージをお願いします

初期当選/期限内/重複すり替えなし/下3桁提...",True,2026-08
k7mpef22w6,1787625505838,naniwa-danshi-nd5,2026-09-20,17:30,あなぶきアリーナ香川,electronic,female,QR,S,5.0,,QR,2026-08-25 02:38:25,2026-08-31 15:01:19,,,listing,1,78000,"QRごと/初期当選/重複すり替えなし
/期限内/着ブロ希望なし
/発送物戻り無し/過去エラー無し
/当日代表者同意チェック買い手
ご希望であれば入金後に下3桁提...",True,2026-08
j464w61xp8,1787393959921,naniwa-danshi-nd5,2026-09-20,17:30,あなぶきアリーナ香川,electronic,female,公演日前日にログイン情報を提示させていただきます。,み,5.0,,QR,2026-08-22 10:19:19,2026-08-31 15:01:19,,,listing,2,75000,"【QRごと】初期当選/有効期限内/すり替えなし/同一クレカ決済無し/ランダムエラー歴なし/郵送物返送なし/下3桁開示可能

公演中止以外の返金はいかなる場合も致...",True,2026-08
uut3yh3ndo,1787835573353,naniwa-danshi-nd5,2026-09-20,17:30,あなぶきアリーナ香川,electronic,female,同行,に,5.0,,番手,2026-08-27 12:59:33,2026-08-31 15:01:19,,,listing,2,51000,"⭐️同時入場すり替えなし⭐️
複数名義同時入場後、半券確認後解散せずにすぐにお渡しします。
入場時刻の35分前を目安に会場付近に集合し、同時入場をさせて頂きます...",True,2026-08
tayuw9c8oc,1787491195553,naniwa-danshi-nd5,2026-09-20,17:30,あなぶきアリーナ香川,electronic,female,公演日までにQRコード共有,カズ,5.0,,QR,2026-08-23 13:19:55,2026-08-31 15:01:19,,,listing,2,73000,"QR毎/重複すり替えなし/有効期限内名義/下3桁提示可/発送物戻りなし/着ブロ指定なし/サイチェン可/前回スタンド

入場後速やかにログアウトし、開演時間までに...",True,2026-08
r8e8vc6yz0,1787861173425,naniwa-danshi-nd5,2026-09-20,17:30,あなぶきアリーナ香川,electronic,female,同行,N,5.0,,ランダム記載あり,2026-08-27 20:06:13,2026-08-31 15:01:19,,,listing,2,42000,"すり替えなしランダム配布 
初期当選/下3桁提示可/有効期限内/過去エラーなし/発送物戻りなし/サイチェン可

同時入場後、一度チケットを回収させていただきます...",True,2026-08
d8ppy6cx24,1787669101485,naniwa-danshi-nd5,2026-09-20,17:30,あなぶきアリーナ香川,electronic,female,公演日2日前までにQRコード共有,mrh,4.9,,QR,2026-08-25 14:45:01,2026-08-31 15:01:19,,,listing,1,78000,"QRごと/初期当選/重複すり替えなし
/期限内/着ブロ希望なし
/発送物戻り無し/過去エラー歴無し
/当日代表者同意チェック買い手
ご希望であれば入金後に下3桁...",True,2026-08
irfgtjv72j,1787743509843,naniwa-danshi-nd5,2026-09-20,17:30,あなぶきアリーナ香川,paper,none,同行,あ,5.0,,ランダム,2026-08-26 11:25:09,2026-08-31 15:01:19,,,listing,1,26000,"⭐️ランダム配布⭐️
FC先行　ランダム配布の為座席はお選び頂けません。
・開場の20〜30分前集合を予定しております。
・入場時に身分証明書をお預かりさせて頂...",True,2026-08
ze6jq3il4n,1788128126046,naniwa-danshi-nd5,2026-09-20,17:30,あなぶきアリーナ香川,electronic,female,同行,hi,5.0,,同行番手,2026-08-30 22:15:26,2026-08-31 05:01:11,,,deleted,2,30000,"2名義中1番手1枚か2番手1〜2枚です。 
 
全て初期、期限内、すり替えなし、過去エラーなしです。 
本日中にお取引できる方のみです。


メッセージの際は...",True,2026-08
czluk1p8hf,1787983225070,naniwa-danshi-nd5,2026-09-20,17:30,あなぶきアリーナ香川,electronic,none,同行すり替えなしランダム,ひかるん,5.0,,ランダム同行,2026-08-29 06:00:25,2026-08-31 15:01:19,,,listing,2,45000,"残り2枚/すり替えなしランダム
初期当選/着ブロ・制作開放席なし/前回スタンド当選(チケホルあり)または初当選/有効期限内/同一クレカ決済なし/下3桁提示可...",True,2026-08
5efchozqrr,1787840031686,naniwa-danshi-nd5,2026-09-20,17:30,あなぶきアリーナ香川,electronic,female,同行,ゅ,5.0,,番手,2026-08-27 14:13:51,2026-08-31 15:01:19,,,listing,2,60000,"2名義中2番手 同時入場
初期当選/すり替えなし/有効期限内名義/3名義分下3桁提示可/本人同行者共に女性名義/着ブロ希望なし/郵送物戻りなし/同一クレカ決済な...",True,2026-08
3iuwmc93uh,1787500476695,naniwa-danshi-nd5,2026-09-20,17:30,あなぶきアリーナ香川,electronic,female,同行,♥,5.0,,番手,2026-08-23 15:54:36,2026-08-31 15:01:19,,,listing,2,60000,"2名義中2番手/初期当選/有効期限内/すり替えなし/下3桁提示可
※プラベルへ移行希望の際はメッセージをお願いいたします。
・ご購入後は当日連絡のつく電話番号の...",True,2026-08
dkkxipqvcu,1788133775842,naniwa-danshi-nd5,2026-09-20,17:30,あなぶきアリーナ香川,electronic,none,同行/ランダム,ひかるん,5.0,,同行ランダム,2026-08-30 23:49:35,2026-08-31 15:01:19,,,listing,1,25000,"残り1枚/ランダム
初期当選/着ブロ・制作開放席なし/前回スタンド当選(チケホルあり)または初当選/有効期限内/同一クレカ決済なし

・当日、開場40分前頃にこ...",True,2026-08
4949yinozr,1787567082871,naniwa-danshi-nd5,2026-09-20,17:30,あなぶきアリーナ香川,electronic,female,同行,り,5.0,,ランダム記載あり,2026-08-24 10:24:42,2026-08-31 15:01:19,,,listing,1,28500,"【複数名義所持ランダム配布】になります
以下の内容をご理解頂ける方のみご購入お願いします

【条件】
・ご一緒に入場頂くチケットは同一クレカ決済無し、有効期限内...",True,2026-08
jgj2a6xqia,1788128155928,naniwa-danshi-nd5,2026-09-21,14:00,あなぶきアリーナ香川,electronic,female,同行,hi,5.0,,同行番手,2026-08-30 22:15:55,2026-08-31 05:01:11,,,deleted,2,30000,"2名義中1番手1枚、2番手1〜2枚です。
 
全て初期、期限内、すり替えなし、過去エラーなしです。 
本日中にお取引できる方のみです。


メッセージの際は
①...",True,2026-08
eeqrfrxutg,1787917925133,naniwa-danshi-nd5,2026-09-21,14:00,あなぶきアリーナ香川,electronic,female,ランダム,A,5.0,,ランダム,2026-08-28 11:52:05,2026-08-31 15:01:19,,,listing,1,25000,"【FC枠ランダム配布】
公演当日12:30頃に会場にて集合予定です。
同時入場後に一度チケットを回収させて頂きます。
当方が座席を選択した後、チケットはランダム...",True,2026-08
9ewl1pjo6j,1787662949296,naniwa-danshi-nd5,2026-09-21,14:00,あなぶきアリーナ香川,electronic,female,同行,ca,5.0,,ランダム,2026-08-25 13:02:29,2026-08-31 15:01:19,,,listing,1,26000,"全ての名義Pay-easy決済
複数名義重複選のため、当日は開場30分前（開演1時間30分前）に会場付近で待ち合わせし同時入場後、一度全てのチケットを回収し、こ...",True,2026-08
u0acbxjjbi,1787983547898,naniwa-danshi-nd5,2026-09-21,14:00,あなぶきアリーナ香川,electronic,none,同行/2名義中2番手,ひかるん,5.0,,同行番手,2026-08-29 06:05:47,2026-08-31 15:01:19,,,listing,2,68000,"2名義中2番手
初期当選/着ブロ・制作開放席なし/前回スタンド当選(チケホルあり)または初当選/有効期限内/同一クレカ決済なし/下3桁提示可

・当日、開場20...",True,2026-08
1rhs3rn5pf,1787617207875,naniwa-danshi-nd5,2026-09-21,14:00,あなぶきアリーナ香川,electronic,female,同行,り,5.0,,ランダム記載あり,2026-08-25 00:20:07,2026-08-31 03:01:11,,,deleted,2,36500,"★連番確約★ランダム配布/中相場買取可/上乗せで早渡し可/12:30集合予定

プライベート出品(プラベル出品)にさせていただきたいので、購入ご希望の方はコメン...",True,2026-08
97ab5re6j1,1787889672718,naniwa-danshi-nd5,2026-09-21,14:00,あなぶきアリーナ香川,electronic,female,同行,まめ,5.0,,ランダム,2026-08-28 04:01:12,2026-08-31 15:01:19,,,listing,2,47000,"すり替えなしランダム配布。複数名義所持、下3桁表示可、購入前の名義数の質問にはお答え致しかねます、初期当選のみ
お取引経験多数ございますので、スムーズなご対応可...",True,2026-08
snxd3dmz70,1787451464435,naniwa-danshi-nd5,2026-09-21,14:00,あなぶきアリーナ香川,electronic,female,直接ログイン情報共有,Ruu,5.0,,QR,2026-08-23 02:17:44,2026-08-31 15:01:19,,,listing,1,80000,"単番QR毎／初期当選/有効期限内／下3桁提示可
会場時間前に会場付近で集合し、当方がログイン情報を直接入力させていただきます。
入場後は速やかにログアウト、受け...",True,2026-08
1iaveo639i,1787574830115,naniwa-danshi-nd5,2026-09-21,14:00,あなぶきアリーナ香川,electronic,none,公演日までにQRコード共有,mi,5.0,,QR,2026-08-24 12:33:50,2026-08-31 15:01:19,,,listing,2,77700,"初期当選/【2連QRごと】/下3桁提示可/サイチェン可/有効期限内/着ブロ希望なし/発送物戻りなし/過去エラーなし/

※プライベート出品いたしますのでご購入前...",True,2026-08
ikartgwvv0,1787849461374,naniwa-danshi-nd5,2026-09-21,14:00,あなぶきアリーナ香川,electronic,female,同時入場,himari,5.0,,ランダム,2026-08-27 16:51:01,2026-08-31 15:01:19,,,listing,1,38000,"⭐︎プライベート出品に変更するためメッセージお願いします⭐︎
⭐︎一部チケテン他手渡しも可能

開場30分前待ち合わせ
開演5-10分前までにチケットお渡し...",True,2026-08
ggrzvik860,1787662514635,naniwa-danshi-nd5,2026-09-21,14:00,あなぶきアリーナ香川,electronic,female,2名義中1番手同行,ゆ,5.0,,同行,2026-08-25 12:55:14,2026-08-31 15:01:19,,,listing,1,90000,"2名義中1番手同行 長尾担不可
初期当選/すり替えなし/着ブロ指定なし/下3桁提示可/過去エラー発送物戻りなし/有効期限内/サイチェン可

・30万代ポプモスタ...",True,2026-08
2gkmrgxia8,1788100674332,naniwa-danshi-nd5,2026-09-21,14:00,あなぶきアリーナ香川,electronic,female,同行,り,5.0,,ランダム記載あり,2026-08-30 14:37:54,2026-08-31 15:01:19,,,listing,2,50000,"連番確約/すり替えなしランダム/下3桁提示可能

プライベート出品(プラベル出品)にさせていただきたいので、購入ご希望の方はコメントをお願いいたします。

複数...",True,2026-08
vrhoezyg4p,1787969003646,naniwa-danshi-nd5,2026-09-21,14:00,あなぶきアリーナ香川,electronic,female,公演3日前までにログイン情報共有,ぜろろ,5.0,,QR,2026-08-29 02:03:23,2026-08-31 15:01:19,,,listing,1,80000,"※プラベル移行可
単番QR毎/初期当選/当選歴無(初当選)/有効期限内/発送物戻り無/下3桁提示可/代表者同意チェック可

公演3日前までにログイン情報を共有い...",True,2026-08
44wnnocgq1,1787403781816,naniwa-danshi-nd5,2026-09-21,14:00,あなぶきアリーナ香川,electronic,female,同行,m,5.0,,番手,2026-08-22 13:03:01,2026-08-31 15:01:19,,,deleted,2,60000,"なにわ男子 LIVE TOUR 2026 ND⁵
9/21 (香川)2名義中2番手 

【取引条件・注意事項（必読）】

■ 取引条件
・該当名義/初期当選/下...",True,2026-08
a5aubimkgq,1787909994114,naniwa-danshi-nd5,2026-09-21,14:00,あなぶきアリーナ香川,electronic,female,番手,k,5.0,,番手,2026-08-28 09:39:54,2026-08-31 15:01:19,,,listing,2,57000,"2名義中2番手 

初期当選、復活当選の2名義/有効期限内/下3桁提示可/すり替えなし/着ブロ希望なし/発送物戻りなし

以下全ての項目をご理解頂いた上でご購入...",True,2026-08
pcpuwxjz2f,1788075579315,naniwa-danshi-nd5,2026-09-21,14:00,あなぶきアリーナ香川,electronic,female,直接ログイン,K,5.0,,QR,2026-08-30 07:39:39,2026-08-31 15:01:19,,,listing,1,73000,"購入前年齢と性別日本人かメッセージお願いします。単番QR毎 /初期当選/有効期限内/下3提示可
※サイチェン可ですが名義に傷がつかないようにお願いします。

会...",True,2026-08
hub4rtumhg,1787497628699,naniwa-danshi-nd5,2026-09-21,14:00,あなぶきアリーナ香川,electronic,female,同行,あい,5.0,,ランダム,2026-08-23 15:07:08,2026-08-31 15:01:19,,,listing,1,26500,"✨️少人数ランダム✨
当日開場15分前に此方が指定した集合場所にお集まり頂き、同時入場して頂きます。入場後一度解散し開演10分前を目安にチケットをお渡しします。...",True,2026-08
2djxpw0yq8,1788090469087,naniwa-danshi-nd5,2026-09-21,14:00,あなぶきアリーナ香川,electronic,female,同行,まる,5.0,,ランダム,2026-08-30 11:47:49,2026-08-31 15:01:19,,,listing,1,25000,"・複数名義所持している為、入場後チケットを一度回収し、当方が座席を選択した後にランダムにてチケットをお渡し致します。
・全て初期当選、有効会員名義のみ集めており...",True,2026-08
ho9y9zxfno,1787535338808,naniwa-danshi-nd5,2026-10-10,13:30,エコパアリーナ,electronic,female,公演日前日にログイン情報共有,B P.,5.0,,QR,2026-08-24 01:35:38,2026-08-31 15:01:19,,,listing,2,85000,"QR毎/初当選/入金後下3桁提示可/有効期限内名義/初期当選/郵送物戻り無し/着ブロ指定無し/コンビニ支払い/代表者同意チェック可能

ツアー当選履歴なし、の初...",True,2026-08
h2xtjyujge,1787820918140,naniwa-danshi-nd5,2026-10-10,13:30,エコパアリーナ,electronic,female,QRコードのため当日発券時まで座席未定,n,4.9,,ランダム記載あり,2026-08-27 08:55:18,2026-08-31 15:01:19,,,listing,2,40500,"★初心者の方、初めての方でも丁寧に説明させていただきます。安心いただけるお取引を心がけます。 
  
★少人数集合（2〜4人予定）
大人数が苦手な方も安心してご...",True,2026-08
lun5jy8xne,1787479661450,naniwa-danshi-nd5,2026-10-10,13:30,エコパアリーナ,electronic,female,同行,onigirimaru,5.0,,同行,2026-08-23 10:07:41,2026-08-31 15:01:19,,,listing,1,64500,★復活当選枠/コンビニ決済/有効期限内/下3桁提示可/代表者本人確認可/郵便物戻りなし/すり替え・重複なし/サイチェン不可/20歳以上の日本人女性のみ購入可...,True,2026-08
in0epxcew6,1787748940823,naniwa-danshi-nd5,2026-10-10,13:30,エコパアリーナ,electronic,female,前日QRコード共有,a,5.0,,QR,2026-08-26 12:55:40,2026-08-31 15:01:19,,,listing,2,78000,"購入希望であればコメント頂き、即決取引に切り替えます。
下記確認の上コメントよろしくお願い致します。

初期当選・有効期限内・重複すり替えなし・下3桁提示可・過...",True,2026-08
h7fnazwutc,1787820779832,naniwa-danshi-nd5,2026-10-10,13:30,エコパアリーナ,electronic,female,【2名義中2番手】【すり替えなし】【下3桁提示可能】,n,4.9,,ランダム記載あり,2026-08-27 08:52:59,2026-08-31 15:01:19,,,listing,2,59000,"2名義中2番手
すり替えなし 下3桁提示可能 初期当選 有効期限内 着ブロ選択なし エラー歴なし
  
・当日会場付近にてお待ち合わせし、同時入場お願いいたしま...",True,2026-08
93xlhuyotr,1787918210958,naniwa-danshi-nd5,2026-10-10,13:30,エコパアリーナ,electronic,female,公演日前日夜〜当日朝までにQRコード共有,あああ,5.0,,QR,2026-08-28 11:56:50,2026-08-31 15:01:19,,,listing,2,58000,FC先行／座席未定／初期当選／過去当選歴、座席等関してはお返事いたしません。絶対購入される方のみお答えいたします／QR毎／下3桁提示可能／重複すり替えなし／有効...,True,2026-08
0lg5we29c0,1787957037368,naniwa-danshi-nd5,2026-10-10,13:30,エコパアリーナ,electronic,female,同行,a,5.0,,同行,2026-08-28 22:43:57,2026-08-31 15:01:19,,,listing,1,75000,"fc初期当選/2連中の1枚/重複‪‪‪︎︎すり替えなし/下3桁提示可/サイチェン可/着ブロ指定なし


公演当日、会場時間の10分前を目安に待ち合わせ、同時入場...",True,2026-08
ax0qw8xnku,1787403651247,naniwa-danshi-nd5,2026-10-10,18:00,エコパアリーナ,electronic,female,公演日前日にログイン情報の共有,ひーちゃん,5.0,,QR,2026-08-22 13:00:51,2026-08-31 15:01:19,,,listing,1,61000,"初期当選/有効期限内/下3桁提示可/すり替えなし

公演前日にログイン情報をお伝えします。入場後は速やかにログアウトと受け取り通知を完了させてください。開演まで...",True,2026-08
7vbnjjz954,1788089605291,naniwa-danshi-nd5,2026-10-10,18:00,エコパアリーナ,electronic,female,公演前日夜〜当日朝までにQRコード共有,りりり,5.0,,QR,2026-08-30 11:33:25,2026-08-31 15:01:19,,,listing,2,62000,"FC先行／座席未定／QR毎／下3桁提示可能／重複すり替えなし／有効期限内／発送物戻りなし／着ブロ希望なし／エラー履歴なし

マイページの連絡ボードにて、ログイン...",True,2026-08
m53b32qgkk,1788020790106,naniwa-danshi-nd5,2026-10-10,18:00,エコパアリーナ,electronic,none,同行,k.,5.0,,ランダム,2026-08-29 16:26:30,2026-08-31 15:01:19,,,listing,2,34800,"FC先行 ランダム配布 

16時半頃待ち合わせを予定しております

ランダム配布の為買い手様の座席選択はできません、こちらでさせて頂きます。

又、デジダルチ...",True,2026-08
oghjhcjns5,1787878133994,naniwa-danshi-nd5,2026-10-10,18:00,エコパアリーナ,electronic,female,公演前日までにログイン情報共有,みさ,5.0,,QR,2026-08-28 00:48:53,2026-08-31 15:01:19,,,listing,2,62000,"2連QR毎のお譲りです。

初期当選/有効期限内/重複すり替えなし/下3桁提示可/代表者同意チェック可/発送物戻り、エラーなし

・公演前日に同行者の同意チェッ...",True,2026-08
aoorody30c,1787921805821,naniwa-danshi-nd5,2026-10-10,18:00,エコパアリーナ,electronic,female,同行,あ,5.0,,番手,2026-08-28 12:56:45,2026-08-31 15:01:19,,,listing,2,58000,"2名義中2番手/初期当選/有効期間内/すり替えなし/下3桁提示可/過去エラーなし/郵便物戻りなし/エラー時返金可
プラベル移行するのでご連絡お願いいたします。一...",True,2026-08
emj5fdiugs,1787642542316,naniwa-danshi-nd5,2026-10-10,18:00,エコパアリーナ,electronic,female,公演前日にログイン情報共有,N,5.0,,ランダム記載あり,2026-08-25 07:22:22,2026-08-31 15:01:19,,,listing,2,65000,"復活当選/QR毎/下3桁開示可/重複すり替え無し/有効期限内/着ブロ希望無し

成人済の日本人女性の方のみご購入ください｡

初めての方でも安心してお取引いただ...",True,2026-08
h9mhh024ew,1787761825724,naniwa-danshi-nd5,2026-10-10,18:00,エコパアリーナ,electronic,female,同行,ゆ,5.0,,同行,2026-08-26 16:30:25,2026-08-31 15:01:19,,,listing,1,70000,"2連中1枚(長尾担不可) 

初期当選/重複すり替え無し/下3桁提示可/有効期限内/発送物戻り無し/エラー無し/サイチェン可

当選歴
•ポムモ スタンド
•ボ...",True,2026-08
3x8ed3t1mv,1787536741880,naniwa-danshi-nd5,2026-10-10,18:00,エコパアリーナ,electronic,female,同行,B P.,5.0,,番手,2026-08-24 01:59:01,2026-08-31 15:01:19,,,listing,1,85000,"2名義中2番手/初当選のみ/初期当選/すり替えなし/下3桁提示可能/有効期限内/郵送物戻り無し/着ブロ指定無し/コンビニ支払い/サイチェン不可

全て初当選のみ...",True,2026-08
lgn4ft5qet,1787812215728,naniwa-danshi-nd5,2026-10-10,18:00,エコパアリーナ,electronic,female,同行,の,5.0,,同行番手,2026-08-27 06:30:15,2026-08-31 15:01:19,,,listing,1,63000,"道枝担不可/初期当選/有効期限内/下3桁提示可/すり替えなし/日本人女性のみ/サイチェン可

2名義中2番手2連中1枚ですのでお間違いないようお願いいたします。...",True,2026-08
1xpsvqmd3q,1787917969516,naniwa-danshi-nd5,2026-10-11,13:00,エコパアリーナ,electronic,female,公演日前日夜〜当日朝までにQRコード共有,りりり,5.0,,QR,2026-08-28 11:52:49,2026-08-31 15:01:19,,,listing,2,65000,"FC先行／座席未定／QR毎／下3桁提示可能／重複すり替えなし／有効期限内／発送物戻りなし／着ブロ希望なし／エラー履歴なし

マイページの連絡ボードにて、ログイン...",True,2026-08
um6x404wn8,1787621601326,naniwa-danshi-nd5,2026-10-11,13:00,エコパアリーナ,electronic,female,公演1日前までにQRコード共有,AA,5.0,,QR,2026-08-25 01:33:21,2026-08-31 15:01:19,,,listing,2,60000,"QR毎/初期当選/すり替えなし/下3桁提示可/有効期限内名義
公演日1日前にログイン情報をご連絡致します。ご自身の端末でログイン後、QRコードを表示し入場してく...",True,2026-08
i8svvq66dl,1788008921522,naniwa-danshi-nd5,2026-10-11,13:00,エコパアリーナ,electronic,female,公演前日にログイン情報共有,𝐌ᩚ,5.0,,ランダム記載あり,2026-08-29 13:08:41,2026-08-31 15:01:19,,,listing,1,88000,"QR毎/下3桁提示可/有効期限内名義/初期当選/郵送物戻り無し/前回スタンド名義/着ブロ指定無し/同一クレカ支払い無し

※プライベート出品に切り替えますので購...",True,2026-08
079ac44l9l,1788074602214,naniwa-danshi-nd5,2026-10-11,13:00,エコパアリーナ,electronic,female,同行,k.,5.0,,ランダム,2026-08-30 07:23:22,2026-08-31 15:01:19,,,listing,1,31100,"FC先行 ランダム配布 

11時半頃待ち合わせを予定しております

ランダム配布の為買い手様の座席選択はできません、こちらでさせて頂きます。

又、デジダルチ...",True,2026-08
f7hja5zxrl,1787538400774,naniwa-danshi-nd5,2026-10-11,17:30,エコパアリーナ,electronic,female,同行,B P.,5.0,,番手,2026-08-24 02:26:40,2026-08-31 15:01:19,,,listing,1,60000,"4名義中4番手/初当選、前回スタンド後列のみ/初期当選/すり替えなし/下3桁提示可能/有効期限内/着ブロ指定無し/コンビニ支払い/サイチェン不可

全て初当選、...",True,2026-08
cch6vt4yu4,1787488410963,naniwa-danshi-nd5,2026-10-11,17:30,エコパアリーナ,electronic,female,番手,k,5.0,,番手,2026-08-23 12:33:30,2026-08-31 15:01:19,,,deleted,2,55000,"2名義中2番手

初期当選/有効期限内/下3桁提示可/すり替えなし/発送物戻りなし/着ブロ希望無し

当日はこちらが提示した時間に会場付近にて待ち合わせし、同時...",True,2026-08
jpcj7u6bsa,1787538106336,naniwa-danshi-nd5,2026-10-11,17:30,エコパアリーナ,electronic,female,同行,B P.,5.0,,番手,2026-08-24 02:21:46,2026-08-31 15:01:19,,,listing,1,75000,4名義中3番手/初当選、前回スタンド後列のみ/初期当選/すり替えなし/郵送物戻りなし/下3桁提示可能/有効期限内/着ブロ指定無し/コンビニ支払い/サイチェン不可...,True,2026-08
lwyfqtj69g,1787498835872,naniwa-danshi-nd5,2026-10-11,17:30,エコパアリーナ,electronic,female,同行,り,5.0,,番手,2026-08-23 15:27:15,2026-08-31 15:01:19,,,listing,2,55000,"2名義中2番手/初期当選/すり替えなし/有効期限内/下3桁提示可

当日、入場開始15分ほど前に会場付近にて集合し、同時入場していただきます。
入場後一旦チケッ...",True,2026-08
879evnfonn,1787838132114,naniwa-danshi-nd5,2026-10-11,17:30,エコパアリーナ,electronic,female,同行,🍮,5.0,,同行記載あり,2026-08-27 13:42:12,2026-08-31 15:01:19,,,listing,1,90000,"同行/重下3桁提示可/サイチェン可/重複、すり替えなし/当方大橋担
(拒否などはございませんが気になる方はお控え下さい。)
・連番内のお座席の選択は出来ません。...",True,2026-08
hl82k7k87s,1787918551286,naniwa-danshi-nd5,2026-10-11,17:30,エコパアリーナ,electronic,female,公演前日夜〜当日朝までにQRコード共有,りりり,5.0,,QR,2026-08-28 12:02:31,2026-08-31 15:01:19,,,listing,2,75000,"FC先行／座席未定／QR毎／下3桁提示可能／重複すり替えなし／有効期限内／発送物戻りなし／着ブロ希望なし／エラー履歴なし

【最終当選：京セラ ビスタ】

マイ...",True,2026-08
k8awpu7a7z,1787790956911,naniwa-danshi-nd5,2026-10-11,17:30,エコパアリーナ,electronic,female,公演日1日前までにQRコード共有,も,5.0,,QR,2026-08-27 00:35:56,2026-08-31 15:01:19,,,listing,2,64000,"公演前日18時以降に同行者の同意チェックのみ実施し、ログイン情報をお伝えさせて頂きます。

公演中止の際は手数料を差し引いた金額を返金致しますが、それ以外の如何...",True,2026-08
06hg8yuu1b,1787715193842,naniwa-danshi-nd5,2026-10-12,14:00,エコパアリーナ,electronic,female,★条件あり★要コメント★NEWS 静岡公演 8/28、8/30に発見要員で来れる方のみ,ももか,5.0,,ランダム記載あり,2026-08-26 03:33:13,2026-08-31 09:01:12,,,deleted,1,10000,"★条件あり★要コメント★NEWS 静岡公演 8/28、8/30に発見要員で来れる方のみ。

なにわ男子のチケットはランダム配布となります。すり替えありです。開場...",True,2026-08
5ywgsi2atu,1787918806941,naniwa-danshi-nd5,2026-10-12,14:00,エコパアリーナ,electronic,female,公演前日夜〜当日朝までにQRコード共有,りりり,5.0,,QR,2026-08-28 12:06:46,2026-08-31 15:01:19,,,listing,2,68000,"FC先行／座席未定／QR毎／下3桁提示可能／重複すり替えなし／有効期限内／発送物戻りなし／着ブロ希望なし／エラー履歴なし

マイページの連絡ボードにて、ログイン...",True,2026-08
t6rzdx380j,1787665210850,naniwa-danshi-nd5,2026-10-12,14:00,エコパアリーナ,electronic,female,★条件あり★要コメント★NEWS 静岡公演 8/28、8/30に発見要員で来れる方のみ,ももか,5.0,,ランダム記載あり,2026-08-25 13:40:10,2026-08-31 09:01:12,,,deleted,1,20000,なにわ男子のチケットはランダム配布となります。すり替えありです。開場20分前に集合です。★NEWSに発券お手伝いに来れる方のみとなります。8/28か8/30どち...,True,2026-08
v0ktr8ehk4,1787666028481,naniwa-danshi-nd5,2026-10-12,14:00,エコパアリーナ,electronic,female,★条件あり★要コメント★NEWS 静岡公演 8/28、8/30に発見要員で来れる方のみ,ももか,5.0,,ランダム記載あり,2026-08-25 13:53:48,2026-08-31 09:01:12,,,deleted,1,17000,なにわ男子のチケットはランダム配布となります。すり替えありです。開場20分前に集合です。★NEWSに発券お手伝いに来れる方のみとなります。8/28か8/30どち...,True,2026-08
lio8jm9eqp,1787815686962,naniwa-danshi-nd5,2026-10-12,14:00,エコパアリーナ,electronic,female,公演日前日にログイン情報共有,a,5.0,,QR,2026-08-27 07:28:06,2026-08-31 04:01:10,,,deleted,2,70000,"初当選名義/QR毎/すり替え無し/下3桁提示可/初期当選/有効期限内/着ブロ希望無し

プライベート出品に切り替えますのでメッセージお願いします。

公演前日に...",True,2026-08
8nl6deu1jw,1787550301272,naniwa-danshi-nd5,2026-10-12,14:00,エコパアリーナ,electronic,female,同行,s,5.0,,番手,2026-08-24 05:45:01,2026-08-31 15:01:19,,,listing,2,55000,"2名義中2番手/初期当選･復活当選×各1/すり替えなし/下3桁提示可/有効期限内名義のみ

・同一でのクレカ･PayPay･ペイジー支払いなし。エラー歴なし。...",True,2026-08
ab4x8hml69,1787916929785,naniwa-danshi-nd5,2026-10-12,14:00,エコパアリーナ,electronic,female,同時入場,m,5.0,,番手,2026-08-28 11:35:29,2026-08-31 15:01:19,,,listing,2,62000,"2名義中2番手2連

初期当選×2(前回VoyAGEスタンド、初当選)

すり替えなし下3桁提示可/エラー歴なし/発送物戻りなし/有効期限内/同一決済なし...",True,2026-08
24i8ck7pgx,1787497961906,naniwa-danshi-nd5,2026-10-12,14:00,エコパアリーナ,electronic,female,2名義中2番手,y,5.0,,番手,2026-08-23 15:12:41,2026-08-31 15:01:19,,,listing,2,60000,"2名義中2番手 すり替えなし
初期当選/下三桁提示可/有効期限内/着ブロ希望なし/エラー履歴なし

当日は12:50頃に会場周辺での集合を予定しております。詳細...",True,2026-08
fn05a50zsc,1787755002202,naniwa-danshi-nd5,2026-10-24,13:00,ららアリーナ 東京ベイ（LaLa arena TOKYO-BAY）,electronic,female,公演日前日ログイン情報提示,ぽん,5.0,,QR,2026-08-26 14:36:42,2026-08-31 15:01:19,,,listing,1,73000,"QR毎/初期当選/有効期限内/重複すり替えなし/下3桁表示可/エラーなし

公演日前日にログインに必要な情報をお伝えいたします。入場後は速やかに受け取り通知とロ...",True,2026-08
7flesbjn29,1787970497675,naniwa-danshi-nd5,2026-10-24,18:00,ららアリーナ 東京ベイ（LaLa arena TOKYO-BAY）,electronic,female,同行,るる。,5.0,,番手,2026-08-29 02:28:17,2026-08-31 15:01:19,,,listing,2,42000,"2名義中2番手（ゲート違いの場合QR毎のお譲りになる可能性有）
初期当選/下3桁提示可/有効期限内/すり替えなし/着ブロ希望なし/発送物戻りなし

プライベート...",True,2026-08
4b10i85eux,1787507132612,naniwa-danshi-nd5,2026-10-24,18:00,ららアリーナ 東京ベイ（LaLa arena TOKYO-BAY）,electronic,female,前日にQRコード共有,もちゃ,5.0,,QR,2026-08-23 17:45:32,2026-08-31 15:01:19,,,listing,1,59000,"初期当選 /下3桁提示可 /着ブロ希望なし/有効期限内

公演日前日にログイン情報を提示します。
入場後は速やかに受取評価､ログアウトお願いします。

本人確認...",True,2026-08
g247s9n795,1788073974589,naniwa-danshi-nd5,2026-10-25,12:30,ららアリーナ 東京ベイ（LaLa arena TOKYO-BAY）,electronic,female,同行,A,5.0,,番手同行,2026-08-30 07:12:54,2026-08-31 15:01:19,,,listing,2,50000,"2名義中2番手(ゲート違いの場合はQR毎のお譲りとなる可能性があります)
初期当選×2/有効期限内/発送物戻りなし/着ブロ希望なし/すり替えなし/下3桁提示可...",True,2026-08
puen9e1eqp,1787365629722,naniwa-danshi-nd5,2026-10-25,12:30,ららアリーナ 東京ベイ（LaLa arena TOKYO-BAY）,electronic,female,公演日7日前までにQRコード共有,たろさん,5.0,,QR,2026-08-22 02:27:09,2026-08-31 15:01:19,,,listing,1,60000,"【8/31 23:59までの出品です】初期当選QRごと下3桁提示可すり替えなし 当方管理名義です。

同意チェックは買い手様でお願いいたします。入場後は速やかに...",True,2026-08
3flqsb1mrd,1787582904387,naniwa-danshi-nd5,2026-10-25,12:30,ららアリーナ 東京ベイ（LaLa arena TOKYO-BAY）,electronic,female,同行,みんと,5.0,,番手,2026-08-24 14:48:24,2026-08-31 15:01:19,,,listing,2,0,"2名義中2番手
全て前回・前々回スタンド名義
有効期限内

【お取引・注意事項】
・こちらは2名義中2番手でのお譲りとなります。

・一緒に入場していただき、当...",True,2026-08
tscbia6xd2,1787706903303,naniwa-danshi-nd5,2026-10-25,17:30,ららアリーナ 東京ベイ（LaLa arena TOKYO-BAY）,electronic,female,前日までにQRコード共有,Y,4.5,,QR,2026-08-26 01:15:03,2026-08-31 15:01:19,,,listing,1,90000,"QR毎 /初期当選/重複・すり替えなし/有効期限内/下3桁提示可/着ブロ希望無し/郵便物戻りなし/過去他FC同一名義でのエラーなし

プラベルで取引出来る方は事...",True,2026-08
i9oe3b3rm1,1787724872375,naniwa-danshi-nd5,2026-10-25,17:30,ららアリーナ 東京ベイ（LaLa arena TOKYO-BAY）,electronic,female,同行,テチチ,5.0,,同行,2026-08-26 06:14:32,2026-08-31 15:01:19,,,listing,1,70000,"重複なし、当方西畑担と同行、連番です。

プラベル対応可能。

初期当選、すり替えなし。会員番号下3桁提示可能。
公演日時点で会員有効期限内です。
サイチェン不...",True,2026-08
mvu1yj1z7f,1787651160825,naniwa-danshi-nd5,2026-10-25,17:30,ららアリーナ 東京ベイ（LaLa arena TOKYO-BAY）,electronic,female,同行,ぁ,5.0,,番手同行,2026-08-25 09:46:00,2026-08-31 15:01:19,,,listing,1,80000,"座席未定／初期当選／2名義中1番手（同行）／有効期限内／重複・すり替えなし／下3桁提示可／サイチェン可 ※当方長尾担になります
☆ランダムエラーの場合、一部（5...",True,2026-08
3kr1mzsk5h,1788078373786,naniwa-danshi-nd5,2026-10-26,18:00,ららアリーナ 東京ベイ（LaLa arena TOKYO-BAY）,electronic,female,公演日7日前までにQRコード共有,れ,5.0,,QR,2026-08-30 08:26:13,2026-08-31 15:01:19,,,listing,2,55000,"必要事項明記の上ご連絡お願いします

#なにわ男子譲  #なにわ譲 #ND5譲  #なにわ男子求",True,2026-08
26mzdkld82,1787821348995,naniwa-danshi-nd5,2026-10-26,18:00,ららアリーナ 東京ベイ（LaLa arena TOKYO-BAY）,electronic,female,公演日前日にログイン情報を共有します。,a,5.0,,QR,2026-08-27 09:02:28,2026-08-31 15:01:19,,,listing,1,62000,"QRごとのお譲り/単番/初期当選/重複すり替えなし/会員番号下3桁提示可能 

公演前日にログイン情報をお伝えします。
入場後は速やかにログアウトと受取連絡をお...",True,2026-08
5m1wt601in,1787859833238,naniwa-danshi-nd5,2026-10-26,18:00,ららアリーナ 東京ベイ（LaLa arena TOKYO-BAY）,electronic,female,公演日前日までにログイン情報共有いたします。,るる,5.0,,QR,2026-08-27 19:43:53,2026-08-31 15:01:19,,,listing,2,55000,"QR毎・初期当選・有効期限内・重複すり替えなし・下3桁提示可・発送物戻りなし・過去エラー等なし

公演前日にログイン情報共有いたしますのでご自身で発券・入場お願...",True,2026-08
0nsbe34tlj,1787844368292,naniwa-danshi-nd5,2026-10-26,18:00,ららアリーナ 東京ベイ（LaLa arena TOKYO-BAY）,electronic,female,同行,3,5.0,,同行記載あり,2026-08-27 15:26:08,2026-08-31 15:01:19,,,listing,1,60000,"2連中の1枚/初期選/有効期限内/下3桁提示可/重複すり替えなし/着ブロ指定なし

当方の同行になります。大橋担不可

公演当日、会場付近で待ち合わせし入場いた...",True,2026-08
ci03lg5jt3,1788066726296,naniwa-danshi-nd5,2026-10-26,18:00,ららアリーナ 東京ベイ（LaLa arena TOKYO-BAY）,electronic,female,同行,あ,5.0,,同行記載あり,2026-08-30 05:12:06,2026-08-31 15:01:19,,,listing,1,55555,"初期当選/2連中1枚同行/下3桁提示可/有効期限内/すり替え重復なし/着ブロ希望なし/初当選名義

指定の場所に集合し、当方の選ばなかった席をお譲りいたします。...",True,2026-08
ylbejpwjd5,1787465111618,naniwa-danshi-nd5,2026-10-26,18:00,ららアリーナ 東京ベイ（LaLa arena TOKYO-BAY）,electronic,female,3名義中3番手,mnr,5.0,,番手,2026-08-23 06:05:11,2026-08-31 15:01:19,,,listing,2,45000,"3名義中3番手／有効期限内名義／下3桁提示可／すり替えなし／全て2連当選

公演当日、開場時間15〜10分前に会場で待ち合わせをし同時入場していただきます。
詳...",True,2026-08
twp2nbdsha,1787763517634,naniwa-danshi-nd5,2026-10-26,18:00,ららアリーナ 東京ベイ（LaLa arena TOKYO-BAY）,electronic,female,公演前日にログイン情報提示,ひー,5.0,,QR,2026-08-26 16:58:37,2026-08-31 15:01:19,,,listing,1,63000,"QRのため座席未定／初期当選／QRごと／重複すり替えなし／会員番号の下3桁提示可能／コンビニ払い／有効期限内／変更ボタンあり／着席希望なし

プラベ出品に変更可...",True,2026-08
jl13cjnu76,1788072777556,naniwa-danshi-nd5,2026-10-27,13:00,ららアリーナ 東京ベイ（LaLa arena TOKYO-BAY）,electronic,female,同行,m,5.0,,同行,2026-08-30 06:52:57,2026-08-31 15:01:19,,,listing,1,75000,"初期当選/2連中1枚同行/長尾担不可/重複すり替えなし/下3桁提示可/有効期限内/過去当選歴なし

当方との連番になります。同時入場後、連番内の座席は先に当方が...",True,2026-08
7yqz99ze1i,1787790345903,naniwa-danshi-nd5,2026-10-27,13:00,ららアリーナ 東京ベイ（LaLa arena TOKYO-BAY）,electronic,female,公演日前日までにQRコード共有,★,5.0,,QR,2026-08-27 00:25:45,2026-08-31 15:01:19,,,listing,2,50000,"QR毎、初期当選、下3桁提示可能、同行者非会員、郵送物戻りなし、すり替えなし、着ブロ希望なし、代表者同意チェック可

QR毎2連でのお譲りです。
同行者の同意チ...",True,2026-08
fsitq3m1sz,1787752622564,naniwa-danshi-nd5,2026-10-27,13:00,ららアリーナ 東京ベイ（LaLa arena TOKYO-BAY）,electronic,female,同行,あ,5.0,,同行,2026-08-26 13:57:02,2026-08-31 15:01:19,,,listing,1,0,"初期当選/有効期限内/重複すり替えなし/下3桁提示可/サイチェン可/当方(長尾担)と同行/こちらは担当問いません

・会場付近で待ち合わせをし、同時に入場して頂...",True,2026-08
yj7jofeamc,1787752522471,naniwa-danshi-nd5,2026-10-27,18:00,ららアリーナ 東京ベイ（LaLa arena TOKYO-BAY）,electronic,female,同行,あ,5.0,,同行,2026-08-26 13:55:22,2026-08-31 15:01:19,,,listing,1,0,"初期当選/有効期限内/すり替え重複なし/下3桁提示可/サイチェン可/高橋担不可

・会場付近で待ち合わせをし、同時に入場して頂きます。時間厳守でお願いします。遅...",True,2026-08
goe0y03d60,1787570953873,naniwa-danshi-nd5,2026-10-27,18:00,ららアリーナ 東京ベイ（LaLa arena TOKYO-BAY）,electronic,female,4名義中2番手,まる,5.0,,番手,2026-08-24 11:29:13,2026-08-31 15:01:19,,,listing,2,60000,"4名義2番手
初期当選/有効期限内/下3桁提示可/同行者登録可",True,2026-08
wzv53xbrbe,1787571027249,naniwa-danshi-nd5,2026-10-27,18:00,ららアリーナ 東京ベイ（LaLa arena TOKYO-BAY）,electronic,female,4名義中2番手,まる,5.0,,番手,2026-08-24 11:30:27,2026-08-31 15:01:19,,,listing,2,40000,"4名義3番手
初期当選/有効期限内/下3桁提示可/同行者登録可",True,2026-08
hskvd0c5z5,1787386714535,naniwa-danshi-nd5,2026-10-27,18:00,ららアリーナ 東京ベイ（LaLa arena TOKYO-BAY）,electronic,female,公演前日までにログイン情報共有,o,5.0,,QR,2026-08-22 08:18:34,2026-08-31 15:01:19,,,listing,2,80000," 初期当選/有効期限内/女性名義/着ブロ指定なし/下3桁提示可

公演中止以外の返金対応不可。ランエラ、黒服からの本確等で退場となった場合や座席に対するクレーム...",True,2026-08
iq19qhgmxq,1787484822284,naniwa-danshi-nd5,2026-10-27,18:00,ららアリーナ 東京ベイ（LaLa arena TOKYO-BAY）,electronic,female,同行,もも,5.0,,同行,2026-08-23 11:33:42,2026-08-31 15:01:19,,,listing,1,55000,"すり替え無し/ファンクラブ先行/初期当選


当方と同行となります。同担拒否などはありません。どのお席でも楽しめる方歓迎です。サイチェン希望の場合は購入時に仰っ...",True,2026-08
4g8osx73nd,1787620793198,naniwa-danshi-nd5,2026-10-28,15:00,ららアリーナ 東京ベイ（LaLa arena TOKYO-BAY）,electronic,female,公演日前日にログイン情報共有,am,5.0,,QR,2026-08-25 01:19:53,2026-08-31 15:01:19,,,listing,1,69000,"QRごと/初期当選/有効期限内/下3桁提示可/重複・すり替えなし/着ブロ希望なし/発送物戻り・過去エラーなし/当選歴なし

・公演前日の夜に連絡ボードにてログイ...",True,2026-08
2njhyf50l7,1787493176215,naniwa-danshi-nd5,2026-10-28,15:00,ららアリーナ 東京ベイ（LaLa arena TOKYO-BAY）,electronic,female,入金後24時間以内にログイン情報お知らせ,💛,5.0,,QR,2026-08-23 13:52:56,2026-08-31 15:01:19,,,listing,2,65000,履歴は2025年 愛知 Eブロのみ　チケホル登録済です。仕事の都合で参戦出来なくなってしまったのでQRコードごとお譲りします。今まで他FC含めてエラー無し　同行...,True,2026-08
zmncuhnyqk,1787753122218,naniwa-danshi-nd5,2026-10-28,15:00,ららアリーナ 東京ベイ（LaLa arena TOKYO-BAY）,electronic,female,同行,M,5.0,,同行,2026-08-26 14:05:22,2026-08-31 15:01:19,,,listing,1,100000,"同行者探しています

初期当選/有効期限内/重複すり替えなし/下3桁提示可/同行者登録可

・大橋担不可
・公演当日は開場10分に集合し、売り手の指示に従って入...",True,2026-08
xbj52e40yg,1787357875912,naniwa-danshi-nd5,2026-10-28,15:00,ららアリーナ 東京ベイ（LaLa arena TOKYO-BAY）,electronic,female,2名義中2番手,なび,5.0,,番手,2026-08-22 00:17:55,2026-08-31 15:01:19,,,listing,2,68000,"初期当選/有効期限内/2名義中2番手/すり替えなし/下３桁提示可/着ブロ指定なし/同一クレカ決済なし/過去エラーなし
初当選名義×2


お連れ様と別々に入場し...",True,2026-08
l1ewnwpwtt,1787809582595,naniwa-danshi-nd5,2026-10-28,15:00,ららアリーナ 東京ベイ（LaLa arena TOKYO-BAY）,electronic,female,公演前日にQRコード共有,Y,5.0,,QR,2026-08-27 05:46:22,2026-08-31 15:01:19,,,listing,1,67777,"購入希望の場合プラベ変更致しますのでご了承くださいませ。
前日にログイン情報お伝えします。
入場後は速やかにログアウトお願い致します。
藤原名義、ランダムエラー...",True,2026-08
79shiaf39d,1787399472400,naniwa-danshi-nd5,2026-10-28,15:00,ららアリーナ 東京ベイ（LaLa arena TOKYO-BAY）,electronic,female,同行,y,5.0,,番手,2026-08-22 11:51:12,2026-08-31 15:01:19,,,listing,2,58000,"2名義中2番手 
どちらも初期当選/すり替えなし/有効期限内/下3桁提示可/着ブロ希望なし/郵送物戻りなし/過去エラー歴なし/同一クレカ決済なし


プライベー...",True,2026-08
sg2rnipbdv,1787707539412,naniwa-danshi-nd5,2026-10-28,15:00,ららアリーナ 東京ベイ（LaLa arena TOKYO-BAY）,electronic,female,2名義中2番手,める,5.0,,番手,2026-08-26 01:25:39,2026-08-31 15:01:19,,,listing,2,65000,"2名義中2番手
すり替えなし 下3桁提示可 初期当選 有効期限内 着ブロ選択なし
⭐️2名義とも前回スタンド名義⭐️


・当日会場付近にてお待ち合わせし、同時...",True,2026-08
hsyyxusg2a,1787746519588,naniwa-danshi-nd5,2026-10-28,15:00,ららアリーナ 東京ベイ（LaLa arena TOKYO-BAY）,electronic,female,同行,Ⓜ︎,5.0,,番手同行,2026-08-26 12:15:19,2026-08-31 15:01:19,,,listing,1,50000,"2名義中2番手 当方(大橋担)と同行

💫プラベル出品致しますので、ご購入希望の方は、ご購入前に必ずメッセージをお願いいたします。
すり替えなし/下３桁提示可...",True,2026-08
owhcqd69pl,1787531797217,naniwa-danshi-nd5,2026-10-28,15:00,ららアリーナ 東京ベイ（LaLa arena TOKYO-BAY）,electronic,female,当日,yuki,5.0,,番手,2026-08-24 00:36:37,2026-08-31 15:01:19,,,listing,1,70000,"初期当選/すり替えなし/有効期限内/着ブロ希望なし/発送物戻りなし/過去エラーなし/下3桁提示可/サイチェン可/藤原担不可

全て単番の5名義中3番手のお譲りと...",True,2026-08
vm5dwzi4wh,1787752581448,naniwa-danshi-nd5,2026-10-28,15:00,ららアリーナ 東京ベイ（LaLa arena TOKYO-BAY）,electronic,female,同行,あ,5.0,,QR同行,2026-08-26 13:56:21,2026-08-31 15:01:19,,,listing,1,0,"初期当選/有効期限内/重複すり替えなし/下3桁提示可/サイチェン可/当方(高橋担)と同行/こちらは担当問いません

・会場付近で待ち合わせをし、同時に入場して頂...",True,2026-08
x9sqxvlx7b,1787466764564,naniwa-danshi-nd5,2026-10-28,15:00,ららアリーナ 東京ベイ（LaLa arena TOKYO-BAY）,electronic,female,公演前日にログイン情報共有,🎀,5.0,,同行,2026-08-23 06:32:44,2026-08-31 05:01:11,,,deleted,2,0,"QR毎/初期当選/重複すり替えなし/着ブロ希望なし/下3桁提示可/公演当日有効期限内/発送物戻りなし/本確対応不可

・公演前日にログインに必要な情報をお伝えし...",True,2026-08
t2m0z3gm7m,1787859555228,kamigata-expo-park-fes-2026,2026-10-31,,[大阪府] 万博記念公園,electronic,female,公演日前日にログイン情報共有します。,るる,5.0,,QR,2026-08-27 19:39:15,2026-08-31 15:01:19,,,listing,2,38000,"QR毎/初期当選/有効期限内/重複すり替えなし/下3桁提示可/発送物戻りなし/過去エラー等なし/WEST.名義

公演前日にログイン情報共有いたしますのでご自身...",True,2026-08
mzntwev28c,1787412556133,kamigata-expo-park-fes-2026,2026-10-31,,[大阪府] 万博記念公園,electronic,female,同行,ぴょん,5.0,,同行番手,2026-08-22 15:29:16,2026-08-31 15:01:19,,,listing,2,33000,"初期当選/2名義中2番手/WEST名義のみ/有効期限内名義/すり替えなし/下3桁提示可/発送物戻りなし

・同時入場後はチケットを一旦回収し、当方が選択しなかっ...",True,2026-08
wbep6522pa,1787636271305,kamigata-expo-park-fes-2026,2026-10-31,,[大阪府] 万博記念公園,electronic,female,同行,Zuu,5.0,,番手,2026-08-25 05:37:51,2026-08-31 15:01:19,,,listing,1,35000,"2名義×2連中　2番手の1枚
supereightFC×supereightFC当選。
すり替えなし/下3桁提示可能/有効期限内/初期当選/郵送物戻りなし/コン...",True,2026-08
7zv44c0f2d,1787519998740,kamigata-expo-park-fes-2026,2026-10-31,,[大阪府] 万博記念公園,electronic,female,同行,か,5.0,,番手,2026-08-23 21:19:58,2026-08-31 15:01:19,,,listing,2,35000,"3名義中2番手/全てジュニア名義/初期当選/下3桁提示可能/エラー、郵送物戻りなし

・同時入場後一旦チケットを回収し、こちらでチケットを選択後に選んでいただき...",True,2026-08
b6ti3kshm6,1787376226447,kamigata-expo-park-fes-2026,2026-10-31,,[大阪府] 万博記念公園,electronic,female,同行,🦀,5.0,,同行番手,2026-08-22 05:23:46,2026-08-31 15:01:19,,,listing,2,33000,"2番手中2番
全てAぇ名義/変更ボタンあり/初期当選/期限内/下3桁提示可能/すり替えなし

公演当日、こちらが指定した時間に会場付近にて待ち合わせのうえ、同時...",True,2026-08
l5foqglf1d,1787586325069,kamigata-expo-park-fes-2026,2026-10-31,,[大阪府] 万博記念公園,paper,female,同時入場,K⭐️,5.0,,番手,2026-08-24 15:45:25,2026-08-31 15:01:19,,,listing,1,20000,"4名義中4番手

なにわ名義(単番✖️2、２連✖️1)
(女性名義✖️2、男性名義✖️1)

・ドームスタンド上段✖️2
・アルファスタンド✖️1

初期当選/...",True,2026-08
4l9dwpxwn5,1787480713097,kamigata-expo-park-fes-2026,2026-10-31,,[大阪府] 万博記念公園,electronic,female,公演前日にログイン情報ご連絡します,さ,5.0,,QR,2026-08-23 10:25:13,2026-08-31 15:01:19,,,listing,2,60000,"QR毎・初期当選・有効期限内名義・重複すり替えなし・下3桁提示可・発送物戻りなし・過去エラー等なし・申込者、同行者共にWEST.名義

公演前日にログイン情報共...",True,2026-08
kaok6k0wuf,1787365404824,kamigata-expo-park-fes-2026,2026-10-31,,[大阪府] 万博記念公園,electronic,female,公演日2日前までにログイン情報共有,ま,5.0,,QR,2026-08-22 02:23:24,2026-08-31 15:01:19,,,listing,2,36000,"QR毎/代表・同行共にAぇ名義/初期当選/有効期限内/下3桁提示可

⭐️ 公演中止の場合のみ手数料を差し引いて返金いたします。体調不良、本人確認、ランダムエラ...",True,2026-08
df1zytv01x,1788047381784,kamigata-expo-park-fes-2026,2026-10-31,,[大阪府] 万博記念公園,electronic,female,2名義中2番手 同行,M,5.0,,番手,2026-08-29 23:49:41,2026-08-31 15:01:19,,,listing,1,25000,"初期当選/2名義中2番手/有効期限内/Aぇ×Aぇ名義/すり替えなし

・当方の都合により入場時間が8時半以降となるため、それでも問題ない方のみ購入をご検討くださ...",True,2026-08
y7sxpdks7w,1787645467576,kamigata-expo-park-fes-2026,2026-10-31,,[大阪府] 万博記念公園,electronic,female,同時入場 2名義中2番手 ,ま,5.0,,番手同行,2026-08-25 08:11:07,2026-08-31 15:01:19,,,listing,1,22000,"単番 2名義中2番手 すり替えなし下3桁提示可
なにわ名義①ジュニア名義①

エラー/郵送物戻りなし

ご購入は日本語がご理解いただける方のみお願い致します。...",True,2026-08
28xfdgvcmn,1787562478830,kamigata-expo-park-fes-2026,2026-10-31,,[大阪府] 万博記念公園,electronic,female,QR,☆,5.0,,同行記載あり,2026-08-24 09:07:58,2026-08-31 15:01:19,,,listing,2,33000,QRごと。FC×FC当選。すり替えなし。下3桁提示可能。有効期限内。初期当選。着ブロ希望なし。郵送物戻りなし。コンビニ決済。過去エラーなし。同行者チェックのみこ...,True,2026-08
pivpjjcatc,1787540197134,kamigata-expo-park-fes-2026,2026-10-31,,[大阪府] 万博記念公園,electronic,female,公演日前日までにログイン情報共有,23,5.0,,QR,2026-08-24 02:56:37,2026-08-31 15:01:19,,,listing,2,33500,"QR毎のお譲り
ジュニア該当名義／下3桁提示可能／有効期限内／
前日までにログイン情報をお伝えさせていただきますので、ログインし確認お願いいたします。同行者登録...",True,2026-08
06p3cb2odx,1787365364678,kamigata-expo-park-fes-2026,2026-10-31,,[大阪府] 万博記念公園,electronic,female,同行,Uさん,5.0,,同行番手,2026-08-22 02:22:44,2026-08-31 15:01:19,,,listing,2,32000,"初期当選/2名義中2番手の2連/有効期限名義のみ/WEST×WEST/すり替えなし/下3桁提示可

・入場後はチケットを一旦回収し、当方が選択しなかったチケット...",True,2026-08
35j6yu9pgg,1788134409724,kamigata-expo-park-fes-2026,2026-10-31,,[大阪府] 万博記念公園,electronic,female,同行,hi,5.0,,同行番手,2026-08-31 00:00:09,2026-08-31 05:01:11,,,deleted,2,20000,"初期当選/有効期限内名義/すり替えなし/発送物戻りなし

3名義中1番手1枚
3名義中2番手1〜2枚
3名義中3番手1〜2枚

お求めの方は希望番手、枚数、金額...",True,2026-08
kaaym7hp8z,1787566580820,kamigata-expo-park-fes-2026,2026-10-31,,[大阪府] 万博記念公園,electronic,female,公演日前日にログイン情報共有,R,5.0,,QR,2026-08-24 10:16:20,2026-08-31 15:01:19,,,listing,1,50000,"初期当選、有効期限内、下3桁提示可、重複すり替えなし

公演日前日にログイン情報を連絡ボードにてお伝え致します。公演日当日入場後は速やかにログアウトして頂き、必...",True,2026-08
54fdxtrl3m,1787804234128,kamigata-expo-park-fes-2026,2026-10-31,,[大阪府] 万博記念公園,electronic,female,同行,Me_7teor,5.0,,QR番手,2026-08-27 04:17:14,2026-08-31 15:01:19,,,listing,2,0,"4名義中3番手
WEST.名義/有効期限内/すり替えなし/下三桁提示可能

ランダムエラー、出演者変更、体調不良、交通機関の乱れなどの如何なる理由により入場でき...",True,2026-08
lihwilos10,1787482205728,kamigata-expo-park-fes-2026,2026-10-31,,[大阪府] 万博記念公園,electronic,female,3名義中2番手,m,5.0,,番手,2026-08-23 10:50:05,2026-08-31 15:01:19,,,listing,2,32000,"3名義中2番手/初期当選のみ/Jr該当×Aぇのみ/すり替えなし/下3桁提示可/有効期限内名義/発送物戻りなし

当日は、会場付近で集合し同時入場いたします。
未...",True,2026-08
qnny2xe041,1787492467308,kamigata-expo-park-fes-2026,2026-10-31,,[大阪府] 万博記念公園,electronic,female,同行,mgt,5.0,,番手,2026-08-23 13:41:07,2026-08-31 15:01:19,,,listing,2,60000,"6名義中2番手

初期当選、有効期限内、下3桁提示可、重複すり替えなし


ランダムエラー、出演者変更、体調不良、交通機関の乱れなどの如何なる理由により入場でき...",True,2026-08
e7xz7cq6hj,1787804438988,kamigata-expo-park-fes-2026,2026-10-31,,[大阪府] 万博記念公園,electronic,female,同行,Me_7teor,5.0,,ランダム,2026-08-27 04:20:38,2026-08-31 15:01:19,,,listing,2,30000,"ランダム
WEST.名義/有効期限内/15分前渡し

ランダムエラー、出演者変更、体調不良、交通機関の乱れなどの如何なる理由により入場できなかった場合でも受け取...",True,2026-08
z3meivbzix,1787411056008,kamigata-expo-park-fes-2026,2026-10-31,,[大阪府] 万博記念公園,electronic,female,同行,ari,5.0,,同行番手,2026-08-22 15:04:16,2026-08-31 15:01:19,,,listing,1,20000,"3名義所持(2連×1名義、単番×2名義)/4枚中4番手/初期当選/Aぇ名義/有効期限内/すり替えなし/下3桁提示可

プラベルでのお取引に移行させていただきます...",True,2026-08
68xmy6b8l8,1788098677133,kamigata-expo-park-fes-2026,2026-10-31,,[大阪府] 万博記念公園,electronic,female,公演前日ログイン情報送付,14,5.0,,QR,2026-08-30 14:04:37,2026-08-31 15:01:19,,,listing,2,40000,"west.名義/初期当選/有効期限内会員/QRでのお譲り/すり替えなし/下3桁提示可能

公演前日にログイン情報を送付します。
入場後は速やかにログアウトくださ...",True,2026-08
yn1zoaitf4,1787495912506,kamigata-expo-park-fes-2026,2026-10-31,,[大阪府] 万博記念公園,electronic,female,公演日1日前までにQRコード共有,ｙ,5.0,,QR,2026-08-23 14:38:32,2026-08-31 15:01:19,,,listing,1,53000,"なにわ名義/初期当選/重複すり替えなし/有効期限内/下３桁開示可/発送物戻り無/過去エラー歴無

公演前日に必要な情報等を連絡ボードにてお知らせ致します。代表者...",True,2026-08
yiecyxwn2e,1787457909228,kamigata-expo-park-fes-2026,2026-10-31,,[大阪府] 万博記念公園,electronic,female,同行,おの,5.0,,番手,2026-08-23 04:05:09,2026-08-31 15:01:19,,,listing,1,55000,"6名義中3番手/下3桁提示可能/単番当選のみ/全てSUPEREIGHT FC枠

・入場方法やブロックの詳細がまだ不明瞭な為、詳しい待ち合わせの時間等は公演三日...",True,2026-08
2yw48r16fo,1788091323716,kamigata-expo-park-fes-2026,2026-10-31,,[大阪府] 万博記念公園,electronic,female,同行,Jn,5.0,,同行,2026-08-30 12:02:03,2026-08-31 15:01:19,,,listing,1,52000,エイト名義(同行WEST.)/自名義/初期当選/下3桁共有可能/1名義中1名義目/すり替えなし/有効期限内/同行,True,2026-08
j3edrz5mio,1787358691111,kamigata-expo-park-fes-2026,2026-10-31,,[大阪府] 万博記念公園,electronic,female,同時入場,Airi,5.0,,ランダム記載あり,2026-08-22 00:31:31,2026-08-31 15:01:19,,,listing,2,50000,"初期当選/2名義中32番手/有効期限名義/すり替えなし

・入場後はチケットを一旦回収し、当方が座席選択後に順次チケットをお渡し致します。
※チケットを選ぶのに...",True,2026-08
4yytkjfvel,1787400138033,kamigata-expo-park-fes-2026,2026-10-31,,[大阪府] 万博記念公園,electronic,female,同行,たまご,5.0,,同行,2026-08-22 12:02:18,2026-08-31 15:01:19,,,listing,1,45000,"なにわ名義/有効期限内/重複すり替えなし/下3桁提示可

※ プライベートチケットに切り替えますのでコメントお送りください。
2連中1枚同行でのお譲りとなります...",True,2026-08
0b9eyzs5ti,1787478120544,kamigata-expo-park-fes-2026,2026-10-31,,[大阪府] 万博記念公園,electronic,female,同行,け,5.0,,番手,2026-08-23 09:42:00,2026-08-31 15:01:19,,,listing,1,30000,"初期当選/2名義中2番手/有効期限名義のみ/Aぇ名義/すり替えなし/下3桁提示可能/発送物戻りなし
購入の際はコメントください。プライベート出品に変更いたします...",True,2026-08
rrn55wjp48,1787385423017,kamigata-expo-park-fes-2026,2026-10-31,,[大阪府] 万博記念公園,electronic,female,公演日前日までにQRコード共有,あ,5.0,,ランダム記載あり,2026-08-22 07:57:03,2026-08-31 15:01:19,,,listing,1,30000,"WEST名義/座席未定/QR/有効期限内/重複すり替えなし/下3桁提示可能/初期当選

・公演前日に連絡ボードにて必要な情報をお伝えいたします。
・入場後、速や...",True,2026-08
j62ktmg5mj,1787571930184,kamigata-expo-park-fes-2026,2026-10-31,,[大阪府] 万博記念公園,electronic,female,同行,K,5.0,,同行番手,2026-08-24 11:45:30,2026-08-31 15:01:19,,,listing,2,25000,"2名義中2番手/有効期限内/すり替えなし/初期当選

チケット代支払い済みです。
プライベート出品希望のため購入前にコメントお願いいたします。

公演当日、会場...",True,2026-08
bixipyuhlu,1788130581844,kamigata-expo-park-fes-2026,2026-10-31,,[大阪府] 万博記念公園,electronic,female,同時入場,K⭐️,5.0,,番手,2026-08-30 22:56:21,2026-08-31 15:01:19,,,listing,1,25000,"4名義中3番手

なにわ名義(単番✖️2、２連✖️1)
(女性名義✖️2、男性名義✖️1)

・ドームスタンド上段✖️2
・アルファスタンド✖️1

初期当選/...",True,2026-08
66y8k7n94z,1787406778824,kamigata-expo-park-fes-2026,2026-10-31,,[大阪府] 万博記念公園,electronic,female,公演前日にログイン情報共有,y,5.0,,QR,2026-08-22 13:52:58,2026-08-31 15:01:19,,,listing,2,38000,"QR毎/代表・同行共に情報局名義/初期当選/重複すり替えなし/有効期限内/下3桁提示可

同行者の同意チェックはこちらで行いますので、代表者のチェックはご自身で...",True,2026-08
6oj1ly3sk6,1787804070504,kamigata-expo-park-fes-2026,2026-10-31,,[大阪府] 万博記念公園,electronic,female,同行,Me_7teor,5.0,,番手,2026-08-27 04:14:30,2026-08-31 15:01:19,,,listing,2,0,"4名義中2番手
WEST.名義/有効期限内/すり替えなし/下三桁提示可能

ランダムエラー、出演者変更、体調不良、交通機関の乱れなどの如何なる理由により入場でき...",True,2026-08
khy93zccm0,1787507767503,kamigata-expo-park-fes-2026,2026-10-31,,[大阪府] 万博記念公園,electronic,female,公演前日にログイン情報共有,ねこ,5.0,,QR,2026-08-23 17:56:07,2026-08-31 10:01:16,,,deleted,2,38000,"FC先行/WEST名義/座席未定/条件なしQRごとお譲り/下3桁提示可/重複すり替えなし/初期当選/有効期限内/Pay-easy支払い

・ご購入の際はプライベ...",True,2026-08
szs8gnyvyj,1787903276573,kamigata-expo-park-fes-2026,2026-10-31,,[大阪府] 万博記念公園,paper,female,同時入場,☁️,5.0,,番手,2026-08-28 07:47:56,2026-08-31 15:01:19,,,listing,2,38000,"2名義中2番手
初期当選/なにわ・Aぇ名義/すり替えなし/下3桁提示可

【お取引について】

・当日は開場30分前を目安に、会場付近にて集合し、同時入場いたし...",True,2026-08
d63nas7ulo,1787739751338,kamigata-expo-park-fes-2026,2026-10-31,,[大阪府] 万博記念公園,electronic,female,同行,かりんとう,5.0,,番手,2026-08-26 10:22:31,2026-08-31 15:01:19,,,listing,1,39000,"2名義中2番手

初期当選/有効期限名義のみ/なにわ名義×2/下3桁提示可/返送物戻り無し

開場時間前の集合を考えております。
・入場後はチケットを一旦回収し...",True,2026-08
xi9wf5sn8m,1787656772403,kamigata-expo-park-fes-2026,2026-10-31,,[大阪府] 万博記念公園,electronic,female,同行,そ。,5.0,,同行,2026-08-25 11:19:32,2026-08-31 15:01:19,,,listing,1,40000,"当方の同行者枠/初期当選/すり替えなし/下3桁提示可/有効期限内/Aぇ×Aぇ名義

・入場後は速やかにログアウト・受け取り通知をお願いいたします。
・座席に関す...",True,2026-08
pji5ye83up,1787719632301,kamigata-expo-park-fes-2026,2026-10-31,,[大阪府] 万博記念公園,electronic,female,同行,もち,5.0,,ランダム記載あり,2026-08-26 04:47:12,2026-08-31 15:01:19,,,listing,2,23000,"4名義中4番手名義

全てなにわ名義

初期当選/有効期限内/すり替えなし/下3桁提示可能

・公演中止以外の返金、キャンセルの対応はいたしかねますので、ご了承...",True,2026-08
czk0mytkbq,1787357021916,kamigata-expo-park-fes-2026,2026-10-31,,[大阪府] 万博記念公園,electronic,female,前日ログイン情報お伝え,m,5.0,,QR,2026-08-22 00:03:41,2026-08-31 15:01:19,,,listing,1,50000,重複すり替えなし、aぇ group名義、QR毎のお譲り、昨年スタンド名義(最終当選歴のため今年は落選)、下3桁お伝え可能、エラーなし、有効期限内名義、初期当選、...,True,2026-08
c7q7olsegz,1787494150171,kamigata-expo-park-fes-2026,2026-10-31,,[大阪府] 万博記念公園,electronic,female,同行,Na,5.0,,同行,2026-08-23 14:09:10,2026-08-31 15:01:19,,,listing,2,25000,"2名義中2番手/有効期限内/すり替えなし/下3桁提示可能/初期当選

プラベルでお取引したいので購入前にコメントお願いいたします。

同時入場し、入場後一旦チケ...",True,2026-08
je2osg30l0,1787482397111,kamigata-expo-park-fes-2026,2026-10-31,,[大阪府] 万博記念公園,electronic,female,3名義中3番手,m,5.0,,番手,2026-08-23 10:53:17,2026-08-31 15:01:19,,,listing,2,28000,"3名義中3番手/初期当選のみ/Jr該当×Aぇのみ/すり替えなし/下3桁提示可/有効期限内名義/発送物戻りなし

当日は、会場付近で集合し同時入場いたします。
未...",True,2026-08
yk9a2wpae6,1787508027379,kamigata-expo-park-fes-2026,2026-10-31,,[大阪府] 万博記念公園,electronic,female,同時入場、2名義中2番手,あ,5.0,,番手同行,2026-08-23 18:00:27,2026-08-31 15:01:19,,,listing,2,33000,"2名義中2番手

プラベル出品可

初期当選/有効期限名義のみ/なにわ×なにわ 2名義/下3桁提示可/返送物戻り無し

開場時間前の集合を考えております。
・入...",True,2026-08
z9qmbyw4v6,1787639870079,kamigata-expo-park-fes-2026,2026-11-01,,[大阪府] 万博記念公園,electronic,female,2名義中2番手,麻辣,5.0,,番手,2026-08-25 06:37:50,2026-08-31 15:01:19,,,listing,2,30000,"2名義中2番手
名義・同行者共にAぇFC会員
当日当方の指定した場所時間に集合し、同時入場当方が選ばなかった方のチケットをお渡しいたします。集合時間や場所は前日...",True,2026-08
2c0us51zcq,1787364069952,kamigata-expo-park-fes-2026,2026-11-01,,[大阪府] 万博記念公園,electronic,female,公演日1日前にログイン情報共有,あ,5.0,,QR,2026-08-22 02:01:09,2026-08-31 15:01:19,,,listing,1,30000,"QR毎/Aぇ名義/初期当選/有効期限内/重複すり替えなし/下3桁提示可

公演中止の場合のみ返金いたします。
本人確認、ランダムエラー対応不可",True,2026-08
tqibn0xj5h,1787480661377,kamigata-expo-park-fes-2026,2026-11-01,,[大阪府] 万博記念公園,electronic,male,公演前日にログイン情報ご連絡します,さ,5.0,,QR,2026-08-23 10:24:21,2026-08-31 15:01:19,,,listing,2,60000,"QR毎・初期当選・有効期限内名義・重複すり替えなし・下3桁提示可・発送物戻りなし・過去エラー等なし・申込者、同行者共にWEST.名義

公演前日にログイン情報共...",True,2026-08
o2ojc6nw4h,1787495010530,kamigata-expo-park-fes-2026,2026-11-01,,[大阪府] 万博記念公園,electronic,female,5名義中4番手,え,5.0,,同行番手,2026-08-23 14:23:30,2026-08-31 15:01:19,,,listing,2,26000,"FC・情報局先行/有効期限内/5名義中4番手/すり替えなし/下3桁提示可

開場時間の8:30入場の可能性があります。
会場付近にて待ち合わせし同時入場していた...",True,2026-08
qvefg0g05s,1788002876412,kamigata-expo-park-fes-2026,2026-11-01,,[大阪府] 万博記念公園,electronic,female,同行,⭐︎🐬,5.0,,,2026-08-29 11:27:56,2026-08-31 15:01:19,,,listing,2,22500,"3名義中3番手/すり替えなし/下3桁提示可/全てAぇ名義

開場時間にお越し頂ける方のみご購入をお願いいたします。入場方法によってQR毎のお渡しになる可能性がご...",True,2026-08
ethk9timad,1787721254342,kamigata-expo-park-fes-2026,2026-11-01,,[大阪府] 万博記念公園,paper,female,当日手渡し,🌟,5.0,,番手,2026-08-26 05:14:14,2026-08-31 15:01:19,,,listing,2,39999,"ファンクラブ先行/初期当選/有効期限内/コンビニ決済済

2名義中2番手

公演当日 会場付近にて待ち合わせし、同時入場していただきます。
開場時間まで集合場所...",True,2026-08
lbyd5dvtfa,1788128849789,kamigata-expo-park-fes-2026,2026-11-01,,[大阪府] 万博記念公園,electronic,female,同行,小枝,5.0,,番手,2026-08-30 22:27:29,2026-08-31 15:01:19,,,listing,2,55000,"3名義中2番手/すり替えなし/下3桁提示可/初期当選名義含む/有効会員/なにわ男子名義

★当日の流れ★
会場10分前にこちらの指定した場所に集合し、その際にロ...",True,2026-08
pz4ekipeiw,1787495195513,kamigata-expo-park-fes-2026,2026-11-01,,[大阪府] 万博記念公園,electronic,female,5名義中3番手,え,5.0,,番手,2026-08-23 14:26:35,2026-08-31 15:01:19,,,listing,2,30000,"FC.情報局先行/有効期限内/5名義中3番手/すり替えなし/下3桁提示可

開場時間の8:30入場の可能性があります。
会場付近にて待ち合わせし同時入場していた...",True,2026-08
1x2farwyfi,1787457235860,kamigata-expo-park-fes-2026,2026-11-01,,[大阪府] 万博記念公園,electronic,female,当日同行,れいあ,5.0,,同行,2026-08-23 03:53:55,2026-08-31 15:01:19,,,listing,1,33000,"2名義中2番手(どちらも単番)
ジュニア名義
8時半には入場できるように8時頃の集合
中ではお好きにしてください

初期当選/2名義中2番手/有効期限内名義/す...",True,2026-08
2o1ld6gzv4,1787534350815,kamigata-expo-park-fes-2026,2026-11-01,,[大阪府] 万博記念公園,electronic,female,前日にQRコード共有,Y,4.5,,QR,2026-08-24 01:19:10,2026-08-31 15:01:19,,,listing,1,60000,"なにわ名義/初期当選/重複すり替えなし/有効期限内/下３桁開示可/発送物戻り無/過去エラー歴無

公演前日に必要な情報等を連絡ボードにてお知らせ致します。
公演...",True,2026-08
z5zcatjmpr,1787562005396,kamigata-expo-park-fes-2026,2026-11-01,,[大阪府] 万博記念公園,electronic,female,公演日前日にログイン情報共有,💖,5.0,,QR,2026-08-24 09:00:05,2026-08-31 15:01:19,,,listing,2,38500,"QR毎/初期当選(Aぇ名義×Aぇ名義)/有効期限内/下3桁提示可/重複すり替えなし

公演日前日にログイン情報を連絡ボードにてお伝えいたします。
公演日当日入場...",True,2026-08
d9gmnumpki,1787659190614,kamigata-expo-park-fes-2026,2026-11-01,,[大阪府] 万博記念公園,electronic,female,同行,そ。,5.0,,同行,2026-08-25 11:59:50,2026-08-31 15:01:19,,,listing,1,40000,"当方の同行者枠/初期当選/すり替えなし/下3桁提示可/有効期限内/Aぇ×Aぇ名義

・入場後は速やかにログアウト・受け取り通知をお願いいたします。
・座席に関す...",True,2026-08
essbijfd3k,1787890091131,kamigata-expo-park-fes-2026,2026-11-01,,[大阪府] 万博記念公園,electronic,female,同時入場又はQRごと,りりり,5.0,,番手QR,2026-08-28 04:08:11,2026-08-31 15:01:19,,,listing,2,23000,"【2名義中2番手】／すり替えなし／有効期限内／下3桁提示可／エラー歴なし

公演当日は、こちらが指定する時間・場所に集合していただき、同時入場を予定しております...",True,2026-08
3md2dwi9nl,1787469434156,kamigata-expo-park-fes-2026,2026-11-01,,[大阪府] 万博記念公園,electronic,female,同行,M,4.8,,同行番手,2026-08-23 07:17:14,2026-08-31 15:01:19,,,listing,1,27500,"2名義中2番手 どちらも単番、Aぇ名義 
初期当選/すり替えなし/有効期限内/下3桁提示可

公演当日、会場付近で待ち合わせをし、同時入場して頂きます。
入場時...",True,2026-08
5be2cb72qh,1787839758018,kamigata-expo-park-fes-2026,2026-11-01,,[大阪府] 万博記念公園,electronic,female,当日同時入場,ぴ,5.0,,QR番手,2026-08-27 14:09:18,2026-08-31 15:01:19,,,listing,2,30000,"プライベート出品にするので購入前にコメントください。
2名義中2番手　2連
Aぇ名義とジュニア名義
下三桁提示可/すり替えなし/有効期限内
当日、指定した時間と...",True,2026-08
5e0zf06hc5,1787585215586,kamigata-expo-park-fes-2026,2026-11-01,,[大阪府] 万博記念公園,electronic,female,公演前日QRコード共有,ゅ,5.0,,番手,2026-08-24 15:26:55,2026-08-31 02:01:13,,,deleted,2,30000,"⭐️3名義中2番手⭐️
･有効期限内 下3桁提示可 初期当選 
･代表者、同行者共にWEST名義
・郵送物戻りなし 過去エラーなし
・公演前日にログイン情報をお...",True,2026-08
mb9bzkzm5u,1787380660989,kamigata-expo-park-fes-2026,2026-11-01,,[大阪府] 万博記念公園,electronic,female,公演日1日前までにQRコード共有,ねね,5.0,,QR,2026-08-22 06:37:40,2026-08-31 15:01:19,,,listing,1,35000,"なにわ名義/初期当選/有効期限内/発送物戻り無/同一クレカ無し/エラー歴無し

公演前日に必要な情報等を連絡ボードにてお知らせ致します。同意チェックは購入者様ご...",True,2026-08
xh3lrpxov8,1787369809134,kamigata-expo-park-fes-2026,2026-11-01,,[大阪府] 万博記念公園,electronic,female,公演日2日前までにQRコード共有,ぴまる,5.0,,QR,2026-08-22 03:36:49,2026-08-31 15:01:19,,,listing,2,40000,"座席未定｜WEST名義｜QRごとのお譲り｜初期当選｜すり替えなし｜有効期限内｜下2桁お伝え可能｜前回ツアー落選



公演中止の際のみ、送料手数料を引いた金額返...",True,2026-08
urpqdd8dih,1788134436192,kamigata-expo-park-fes-2026,2026-11-01,,[大阪府] 万博記念公園,electronic,female,同行,hi,5.0,,同行番手,2026-08-31 00:00:36,2026-08-31 05:01:11,,,deleted,2,20000,"初期当選/有効期限内名義/すり替えなし/発送物戻りなし

3名義中1番手1枚
3名義中2番手1〜2枚
3名義中3番手1〜2枚

お求めの方は希望番手、枚数、金額...",True,2026-08
nagdz7hi5f,1788128998147,kamigata-expo-park-fes-2026,2026-11-01,,[大阪府] 万博記念公園,electronic,female,同行,小枝,5.0,,同行,2026-08-30 22:29:58,2026-08-31 15:01:19,,,listing,2,50000,"3名義中3番手/すり替えなし/下3桁提示可/初期当選名義含む/有効会員/なにわ男子名義

★当日の流れ★
会場10分前にこちらの指定した場所に集合し、その際にロ...",True,2026-08
6k8rc64d8l,1787478200751,kamigata-expo-park-fes-2026,2026-11-01,,[大阪府] 万博記念公園,electronic,female,同行,け,5.0,,同行,2026-08-23 09:43:20,2026-08-31 15:01:19,,,listing,1,35000,"初期当選/2名義中2番手/有効期限名義のみ/Aぇ名義/すり替えなし/下3桁提示可能/発送物戻りなし
購入希望の方はプライベート出品にするのでコメントください。...",True,2026-08
ranskj15js,1787494087009,kamigata-expo-park-fes-2026,2026-11-01,,[大阪府] 万博記念公園,electronic,female,同行,Na,5.0,,同行,2026-08-23 14:08:07,2026-08-31 15:01:19,,,listing,2,30000,"3名義中2番手/有効期限内/すり替えなし/初期当選

プラベルにてお取引したいので購入前にコメントお願いいたします。

同時入場し、入場後一旦チケットを回収し当...",True,2026-08
w1l2wfqfxe,1787546707820,kamigata-expo-park-fes-2026,2026-11-01,,[大阪府] 万博記念公園,electronic,female,公演日前日にQRコード共有,あ,5.0,,QR,2026-08-24 04:45:07,2026-08-31 15:01:19,,,listing,1,35000,"QR毎/単番/WEST名義/座席未定/初期当選/有効期限内/下3桁提示可/発送物戻りなし/重複すり替えなし

入金確認後、下3桁提示可能です。
公演前日になりま...",True,2026-08
4lt89aq60a,1787320864140,naniwa-danshi-nd5,2026-09-05,13:30,朱鷺メッセ 新潟コンベンションセンター,electronic,female,同行,えむ,5.0,,番手,2026-08-21 14:01:04,2026-08-31 15:01:19,,,listing,1,35000,"⚠️プラベル移行のためリクエストください・プラベル35330円での出品⚠️ 
1部手渡しも相談可能

2名義中2番手/初期当選/有効期限内/すり替えなし/下3桁...",True,2026-08
qqsf4aon0p,1786805940722,naniwa-danshi-nd5,2026-09-05,13:30,朱鷺メッセ 新潟コンベンションセンター,electronic,female,3番手,よし,4.3,,番手,2026-08-15 14:59:00,2026-08-31 15:01:19,,,listing,2,25000,"3名義中3番手
初期当選/有効期限内/すり替えなし/下3桁提示可/エラーなし

公演当日の開場前に集合し、同時に入場していただきます。詳しい待ち合わせについては...",True,2026-08
9fdgm17747,1786265118601,naniwa-danshi-nd5,2026-09-05,13:30,朱鷺メッセ 新潟コンベンションセンター,electronic,female,同時入場,のの,5.0,,ランダム記載あり,2026-08-09 08:45:18,2026-08-31 14:01:14,,,deleted,1,40000,"3名義中2番手の2連中の一枚
座席選択可能🙆‍♀️
連番相手は道枝担です。

プラベル対応可能。

すり替えなし。会員番号下3桁提示可能。
公演日時点で会員有...",True,2026-08
n7qwp28x1j,1786162390679,naniwa-danshi-nd5,2026-09-05,13:30,朱鷺メッセ 新潟コンベンションセンター,electronic,female,ランダム,m,5.0,,ランダム,2026-08-08 04:13:10,2026-08-31 15:01:19,,,listing,1,16000,"⭐️3名義ランダム
⭐️15分前渡し
⭐️中相場買取🉑


公演当日、開場約30分前に会場付近にて待ち合わせし、同時入場していただきます。
同時入場後、チケッ...",True,2026-08
s6jy27ex2z,1787273796290,naniwa-danshi-nd5,2026-09-05,13:30,朱鷺メッセ 新潟コンベンションセンター,electronic,female,同行,な,5.0,,同行,2026-08-21 00:56:36,2026-08-31 15:01:19,,,listing,1,46000,"同行募集/初期当選/重複すり替えなし/有効期限内名義/下3桁提示可能/着ブロ指定なし/サイチェン可

当方と同行して頂ける方（2連中の1枚）を探しております。...",True,2026-08
vbu8k970ck,1787231296993,naniwa-danshi-nd5,2026-09-05,13:30,朱鷺メッセ 新潟コンベンションセンター,electronic,female,同時入場後ランダム,himari,5.0,,ランダム,2026-08-20 13:08:16,2026-08-31 15:01:19,,,listing,1,13000,"⭐︎プライベート出品に変更するためメッセージお願いします⭐︎

9/5夜もお譲り可能。
その場合2公演まとめて2.5にてお譲り可能

開場30分前待ち合わせ
開...",True,2026-08
o5zf7nn24w,1786194952640,naniwa-danshi-nd5,2026-09-05,13:30,朱鷺メッセ 新潟コンベンションセンター,electronic,female,同行,カ,5.0,,番手,2026-08-08 13:15:52,2026-08-31 15:01:19,,,listing,2,34000,"4名義中3番手 / すり替えなし/有効期限内/下三桁開示可

・公演当日は会場付近で待ち合わせし、同時入場していただきます。

・当日開場15~30分前ごろに集...",True,2026-08
c0wfjtmq4q,1786265027903,naniwa-danshi-nd5,2026-09-05,13:30,朱鷺メッセ 新潟コンベンションセンター,electronic,female,同時入場,のの,5.0,,ランダム記載あり,2026-08-09 08:43:47,2026-08-31 14:01:14,,,deleted,1,30000,"3名義中3番手
2連中1枚(座席選択不可)

プラベル対応可能。

すり替えなし。会員番号下3桁提示可能。
公演日時点で会員有効期限内です。
サイチェン不可。...",True,2026-08
78cyhb1vse,1786958058507,naniwa-danshi-nd5,2026-09-05,13:30,朱鷺メッセ 新潟コンベンションセンター,electronic,female,同行,m,4.9,,同行ランダム,2026-08-17 09:14:18,2026-08-31 15:01:19,,,listing,1,19000,"🌟指定席のみ(立ち見なし)ランダム🌟
複数名義当選のため、開演時刻の1時間15分前までに会場付近に集合していただき、同時入場後、一旦チケットを回収してこちら...",True,2026-08
qrbo51sjkn,1786013435902,naniwa-danshi-nd5,2026-09-05,13:30,朱鷺メッセ 新潟コンベンションセンター,electronic,none,同行,a,5.0,,ランダム記載あり,2026-08-06 10:50:35,2026-08-31 13:01:15,,,deleted,2,25000,"⭐️すり替えなしランダム配布⭐️
初期当選 有効期限内 着ブロ指定なし

・開場30〜45分前に指定する場所に集合していただきます。10分以上の遅れは遅刻とみな...",True,2026-08
2xciq8butm,1786632382273,naniwa-danshi-nd5,2026-09-05,13:30,朱鷺メッセ 新潟コンベンションセンター,electronic,female,同行,#,5.0,,同行QR,2026-08-13 14:46:22,2026-08-31 15:01:19,,,listing,1,55000,"他FC含め過去エラー・発送物戻り等なし
初期当選/FC先行/有効期限内/重複すり替えなし/同一クレカ決済なし/下3桁提示可
売り手（道枝担）との同行（拒否なし）...",True,2026-08
hz2mayrqht,1786884931052,naniwa-danshi-nd5,2026-09-05,13:30,朱鷺メッセ 新潟コンベンションセンター,electronic,none,同行,♡,5.0,,ランダム,2026-08-16 12:55:31,2026-08-31 15:01:19,,,listing,2,28000,"集合場所、集合時間は公演前日にお伝えいたします。

・入場後全てのチケットを回収し予めお伺いする【お名前+電話番号】にご連絡いたします。チケット配布後受取確認お...",True,2026-08
303m2apah5,1785832160069,naniwa-danshi-nd5,2026-09-05,13:30,朱鷺メッセ 新潟コンベンションセンター,electronic,female,同行,k,5.0,,同行番手,2026-08-04 08:29:20,2026-08-31 15:01:19,,,listing,2,38000,"2名義中2番手
初期当選/下三桁提示可/すり替え無し/有効期限内

 ・価格交渉可能です。また、購入希望の方はプライベート出品に切り替えますのでコメントいただけ...",True,2026-08
q4p6petls5,1786799589557,naniwa-danshi-nd5,2026-09-05,13:30,朱鷺メッセ 新潟コンベンションセンター,electronic,female,同行,カ,5.0,,番手,2026-08-15 13:13:09,2026-08-31 15:01:19,2026-08-31 06:01:18,transition_observed,sold,2,22000,"4名義中4番手 / すり替えなし/有効期限内/下三桁開示可

・公演当日は会場付近で待ち合わせし、同時入場していただきます。

・当日開場15~30分前ごろに集...",True,2026-08
hpawaeurdv,1785564355807,naniwa-danshi-nd5,2026-09-05,13:30,朱鷺メッセ 新潟コンベンションセンター,electronic,female,当日手渡し,mochi,5.0,,番手,2026-08-01 06:05:55,2026-08-31 12:01:13,,,deleted,2,60000,"4名義中2番手のお譲りです。
初期当選のみ/全名義前回スタンドまたは初当選/有効期限内/すり替えなし/下3桁提示可能/Pay-easy決済
落札後のキャンセル、...",True,2026-08
owyepvjywk,1786297223468,naniwa-danshi-nd5,2026-09-05,13:30,朱鷺メッセ 新潟コンベンションセンター,electronic,female,同行,まぴ,5.0,,番手,2026-08-09 17:40:23,2026-08-31 15:01:19,,,listing,2,30000,"⚠️これ以上のお値下げ不可【3名義中3番手】初期当選/有効期限内/すり替えなし/下3桁提示可

・当日はこちらが指定した時間(開場10分前頃予定)に会場付近の指...",True,2026-08
5ybai6gvv1,1787231680914,naniwa-danshi-nd5,2026-09-05,13:30,朱鷺メッセ 新潟コンベンションセンター,electronic,female,入場後ランダム,himari,5.0,,ランダム,2026-08-20 13:14:40,2026-08-31 15:01:19,,,listing,2,15000,"2連確約ランダム
⭐︎プライベート出品に変更するためメッセージお願いします⭐︎

一部チケテン他手渡しも可能

開場30分前待ち合わせ
開演5-10分前までにチ...",True,2026-08
e0n2gou7om,1785564462621,naniwa-danshi-nd5,2026-09-05,13:30,朱鷺メッセ 新潟コンベンションセンター,electronic,female,当日手渡し,mochi,5.0,,番手,2026-08-01 06:07:42,2026-08-31 13:01:15,,,deleted,2,23000,"4名義中4番手のお譲りです。
初期当選のみ/全名義前回スタンドまたは初当選/有効期限内/すり替えなし/下3桁提示可能/Pay-easy決済
落札後のキャンセル、...",True,2026-08
e0o3mlg8gr,1786558602458,naniwa-danshi-nd5,2026-09-05,13:30,朱鷺メッセ 新潟コンベンションセンター,electronic,female,同行,r,5.0,,同行,2026-08-12 18:16:42,2026-08-31 15:01:19,,,listing,1,53000,"【初期当選/重複すり替えなし同行/期限内名義/下3桁掲示可/本人確認対応可能名義/サイチェン可】

※プラベ出品に切り替えますので、購入ご希望の際はお知らせくだ...",True,2026-08
yyrv4hz1lo,1787057578817,naniwa-danshi-nd5,2026-09-05,13:30,朱鷺メッセ 新潟コンベンションセンター,electronic,female,当日,🌟,5.0,,ランダム,2026-08-18 12:52:58,2026-08-31 15:01:19,,,listing,1,14000,"少人数ランダム配布/指定席のみ

公演当日、開場時間の20分前に待ち合わせし、同時入場していただきます。時間厳守でお願いいたします。

入場後はチケットを回収さ...",True,2026-08
3fnn2v9lgc,1786016019848,naniwa-danshi-nd5,2026-09-05,18:00,朱鷺メッセ 新潟コンベンションセンター,electronic,female,前日,にゃん,5.0,,QR,2026-08-06 11:33:39,2026-08-31 15:01:19,,,listing,2,75000,"条件なし/QR毎/初期当選/第一希望当選/着ブロ無/発送
物戻り無/Pay-easy決済/会員下3桁提示/有効期限内名
義

・ 公演前日夜までにメッセージにて...",True,2026-08
17x0qofbvv,1786101001210,naniwa-danshi-nd5,2026-09-05,18:00,朱鷺メッセ 新潟コンベンションセンター,electronic,female,同行,かぞ,5.0,,ランダム,2026-08-07 11:10:01,2026-08-31 15:01:19,,,listing,1,20000,"少人数ランダム(1名義)/中相場買取可能/指定席のみ
FC先行/初期当選

下記、すべて同意の上でご購入をお願いいたします。
また、購入前にメッセージお願いしま...",True,2026-08
jrgjplue52,1786458602448,naniwa-danshi-nd5,2026-09-05,18:00,朱鷺メッセ 新潟コンベンションセンター,electronic,female,公演日1日前までにQRコード共有,R,5.0,,QR,2026-08-11 14:30:02,2026-08-31 10:01:16,,,deleted,2,40000,"初期当選/QR/有効期限内/下3桁提示可能
当選歴、座席はお答えいたしません。
公演中止の場合のみ手数料引いた額返金いたします。その他いかなる場合でも返金いたし...",True,2026-08
bvyuzorvb7,1786518371578,naniwa-danshi-nd5,2026-09-05,18:00,朱鷺メッセ 新潟コンベンションセンター,electronic,female,同行,r,5.0,,ランダム,2026-08-12 07:06:11,2026-08-31 15:01:19,,,listing,2,14000,"･開場30分ほど前に集合していただき同時に入場いたします。具体的な集合時間、場所は公演前日までにお伝えいたします。

･入場後1度こちらでチケットを全て回収し、...",True,2026-08
gwl2c4x09c,1787232603760,naniwa-danshi-nd5,2026-09-05,18:00,朱鷺メッセ 新潟コンベンションセンター,electronic,female,同時入場,な,5.0,,番手,2026-08-20 13:30:03,2026-08-31 06:01:18,,,deleted,2,30000,"2名義中2番手
初期当選・復活当選/下3桁提示可/有効期限内/すり替えなし/着ブロ指定なし/郵送物戻りなし

当日開場前に入場口付近に集合。同時入場していただき...",True,2026-08
54z2lmy8dq,1787233453232,naniwa-danshi-nd5,2026-09-05,18:00,朱鷺メッセ 新潟コンベンションセンター,electronic,none,同行,a,5.0,,ランダム,2026-08-20 13:44:13,2026-08-31 10:01:16,,,deleted,2,15000,"🖤2連確約🖤複数名義中ランダム配布

・開場30〜45分前に集合していただきます。集合場所は公演前日にお伝えいたします。

・入場後全てのチケットを回収し予...",True,2026-08
sold_naniwa-danshi-nd5_1786526598915_10500,1786526598915,naniwa-danshi-nd5,2026-09-05,18:00,朱鷺メッセ 新潟コンベンションセンター,electronic,female,同行,な,5.0,,ランダム,2026-08-12 09:23:18,2026-08-31 15:01:19,,historical_unknown,sold,2,10500,"・複数名義所持している為、入場後チケットを一度回収し、当方が座席を選択した後にランダムにてチケットをお渡し致します。
・全て初期当選、有効会員名義のみ集めており...",True,2026-08
7dhe1t7bav,1785586509169,naniwa-danshi-nd5,2026-09-05,18:00,朱鷺メッセ 新潟コンベンションセンター,electronic,female,同行,らら,5.0,,ランダム,2026-08-01 12:15:09,2026-08-31 15:01:19,,,listing,2,17500,"ランダム配布
上乗せで早渡しも可能なので、ご相談ください。

プライベート出品への変更希望のため、ご購入前にご連絡いただけますと幸いです。

こちらで座席を選ば...",True,2026-08
7al2ak972f,1787181059738,naniwa-danshi-nd5,2026-09-05,18:00,朱鷺メッセ 新潟コンベンションセンター,electronic,none,少人数ランダム配布,みゅん,5.0,,ランダム,2026-08-19 23:10:59,2026-08-31 15:01:19,2026-08-31 13:01:15,transition_observed,sold,1,10000,"少人数ランダム配布
複数名義所持しておりますので、同時入場後にこちらでチケット回収します。その後一度解散し、再度待ち合わせをし開演5~10分前までにチケットをお...",True,2026-08
8rbo6z3ry3,1786632547715,naniwa-danshi-nd5,2026-09-05,18:00,朱鷺メッセ 新潟コンベンションセンター,electronic,female,同行,#,5.0,,同行QR,2026-08-13 14:49:07,2026-08-31 15:01:19,,,listing,1,55000,"他FC含め過去エラー・発送物戻り等なし
初期当選/FC先行/有効期限内／重複すり替えなし/同一クレカ決済なし/下3桁提示可
売り手（道枝担）との同行（拒否なし）...",True,2026-08
frp8nigxg4,1786673937604,naniwa-danshi-nd5,2026-09-05,18:00,朱鷺メッセ 新潟コンベンションセンター,electronic,female,前日の夜,ti,5.0,,QR,2026-08-14 02:18:57,2026-08-31 15:01:19,,,listing,2,55000,"【プラベルにて出品させていただきますのでメッセージお願いいたします。】

初期当選/有効期限内/下3桁提示可/郵便物戻りなし/

・座席に関するクレームはお控え...",True,2026-08
k7w0rrigo6,1785832219641,naniwa-danshi-nd5,2026-09-05,18:00,朱鷺メッセ 新潟コンベンションセンター,electronic,female,同行,k,5.0,,同行番手,2026-08-04 08:30:19,2026-08-31 15:01:19,,,listing,2,28000,"3名義中3番手
初期当選/下三桁提示可/すり替え無し/有効期限内

 ・価格交渉可能です。また、購入希望の方はプライベート出品に切り替えますのでコメントいただけ...",True,2026-08
51e67il5gp,1786948453441,naniwa-danshi-nd5,2026-09-05,18:00,朱鷺メッセ 新潟コンベンションセンター,electronic,none,FC先行　指定席のみ　少人数ランダム配布,。,5.0,,ランダム,2026-08-17 06:34:13,2026-08-31 15:01:19,,,listing,1,20000,"掲載内容を必ずご確認いただき、【ランダム配布について、下記全てご理解いただける方】のみご購入ください。 

少人数入場/不安な方にも安心して楽しんでいただけるよ...",True,2026-08
sx0j89g0xn,1787223477717,naniwa-danshi-nd5,2026-09-05,18:00,朱鷺メッセ 新潟コンベンションセンター,electronic,female,同行,あ,5.0,,番手,2026-08-20 10:57:57,2026-08-31 15:01:19,,,listing,2,57000,"🌟3名義中2番手🌟
購入希望の方、プラベ出品にするのでメッセージ下さい。
全て初期当選/すり替えなし /下3桁提示可能/有効期限内/サイチェン可

前日の夜...",True,2026-08
irfkhnhlcx,1786958097013,naniwa-danshi-nd5,2026-09-05,18:00,朱鷺メッセ 新潟コンベンションセンター,electronic,female,同行,m,4.9,,同行ランダム,2026-08-17 09:14:57,2026-08-31 15:01:19,,,listing,1,19000,"🌟指定席のみ(立ち見なし)ランダム🌟
複数名義当選のため、開演時刻の1時間15分前までに会場付近に集合していただき、同時入場後、一旦チケットを回収してこちら...",True,2026-08
b20p0xfnox,1787223202166,naniwa-danshi-nd5,2026-09-05,18:00,朱鷺メッセ 新潟コンベンションセンター,electronic,female,同行,あ,5.0,,番手,2026-08-20 10:53:22,2026-08-31 15:01:19,,,listing,2,29000,"🌟3名義中3番手🌟
購入希望の方、プラベ出品にするのでメッセージ下さい。
全て初期当選/すり替えなし /下3桁提示可能/有効期限内/サイチェン可

前日の夜...",True,2026-08
ysm7etrsrg,1786111314018,naniwa-danshi-nd5,2026-09-05,18:00,朱鷺メッセ 新潟コンベンションセンター,electronic,female,4名義中4番手,a,5.0,,番手,2026-08-07 14:01:54,2026-08-31 15:01:19,,,listing,2,35000,"4名義中4番手/初期当選/有効期限内/すり替えなし/下3桁提示可能

プライベート出品に切り替えますので購入前に必ずメッセージをお願い致します。

・開場20〜...",True,2026-08
gzdtu1dwie,1785999752168,naniwa-danshi-nd5,2026-09-05,18:00,朱鷺メッセ 新潟コンベンションセンター,electronic,female,同行,まる,5.0,,同行,2026-08-06 07:02:32,2026-08-31 15:01:19,,,listing,1,52000,同行 /初期当選/高橋担不可/有効期限内/重複すり替えなし/過去エラー発送物戻り無し/着ブロ希望なし/下3桁提示可/過去当選歴なし/サイチェン不可/連番内での座...,True,2026-08
mpzrzfj8bc,1787054782665,naniwa-danshi-nd5,2026-09-05,18:00,朱鷺メッセ 新潟コンベンションセンター,electronic,none,同行,ぽに,5.0,,番手,2026-08-18 12:06:22,2026-08-31 15:01:19,,,listing,2,40000,"2名義中2番手 初期当選 すり替えなし 下3桁提示可 有効期限内 着ブロ選択なし 過去エラーなし
  
・当日会場付近にて待ち合わせし、同時入場していただきます...",True,2026-08
kezesxhbx3,1787144643119,naniwa-danshi-nd5,2026-09-05,18:00,朱鷺メッセ 新潟コンベンションセンター,electronic,female,同行,にゃ,5.0,,同行,2026-08-19 13:04:03,2026-08-31 15:01:19,2026-08-31 06:01:18,transition_observed,sold,1,51000,"当方との同行です。⚠️大橋担不可
日本人女性のみでお願いいたします

初期当選 / 女性名義 / 有効期限内 / 発送物戻りなし / 過去ランエラ等なし

サイ...",True,2026-08
tlc39rrfd2,1787231345186,naniwa-danshi-nd5,2026-09-05,18:00,朱鷺メッセ 新潟コンベンションセンター,electronic,female,同時入場後ランダム,himari,5.0,,ランダム,2026-08-20 13:09:05,2026-08-31 15:01:19,,,listing,1,14000,"⭐︎プライベート出品に変更するためメッセージお願いします⭐︎

9/5昼もお譲り可能。
2公演まとめて2.5でのお譲り可能です。

一部チケテン他手渡しも可能...",True,2026-08
mxsiy6xlfh,1787220734193,naniwa-danshi-nd5,2026-09-05,18:00,朱鷺メッセ 新潟コンベンションセンター,electronic,female,QR届き次第ログイン情報提示,poni,5.0,,QR,2026-08-20 10:12:14,2026-08-31 15:01:19,,,listing,2,43000,"FC先行【QRごと】/変更ボタン有り/座席未定/有効会員/初期当選/条件無し/下3桁提示可/代表者女性・同行者男性名義
QRコードが届き次第、ログインに必要な情...",True,2026-08
ca2lv81sz0,1786013533903,naniwa-danshi-nd5,2026-09-05,18:00,朱鷺メッセ 新潟コンベンションセンター,electronic,none,同行,a,5.0,,ランダム記載あり,2026-08-06 10:52:13,2026-08-31 15:01:19,,,listing,2,25000,"⭐️指定席・すり替えなしランダム配布⭐️
初期当選 有効期限内 着ブロ指定なし

・開場30分前に指定する場所に集合していただきます。10分以上の遅れは遅刻とみ...",True,2026-08
kmdv4ab96w,1786777962883,naniwa-danshi-nd5,2026-09-06,13:00,朱鷺メッセ 新潟コンベンションセンター,electronic,female,4名義中4番手,りい,5.0,,番手,2026-08-15 07:12:42,2026-08-31 15:01:19,,,listing,2,35000,"4名義中4番手/初期当選/すり替えなし/下３桁提示可能/有効期限内/郵送物戻り無し/着ブロ指定無し

プライベート出品にいたしますのでご購入の場合コメントいただ...",True,2026-08
7o9tft1ld9,1787355933397,naniwa-danshi-nd5,2026-09-06,13:00,朱鷺メッセ 新潟コンベンションセンター,electronic,female,当日手渡し,もぐ,5.0,,番手,2026-08-21 23:45:33,2026-08-31 15:01:19,2026-08-31 14:01:14,transition_observed,sold,2,25000,"2名義中2番手
すり替えなし/初期当選/下3桁提示可

・当日の集合場所、時間はメッセージにて前日に連絡いたします。
集合時間は開場時間の30分前を予定しており...",True,2026-08
2fhcr3gup4,1785990294506,naniwa-danshi-nd5,2026-09-06,13:00,朱鷺メッセ 新潟コンベンションセンター,electronic,female,同時入場,mei,5.0,,番手,2026-08-06 04:24:54,2026-08-31 15:01:19,,,listing,1,49000,"購入頂く際プライベート出品に切り替えますので、メッセージお願いいたします。

初期当選/すり替えなし/下3桁提示可/有効期限内/着ブロ希望なし/発送物戻りなし/...",True,2026-08
r08vwpju3g,1787118874638,naniwa-danshi-nd5,2026-09-06,13:00,朱鷺メッセ 新潟コンベンションセンター,electronic,female,公演前日QRコード共有,m,5.0,,QR,2026-08-19 05:54:34,2026-08-31 15:01:19,,,listing,2,45000,"🌟プラベル取引可能🌟
QR毎/初期当選/期限内/下3桁提示可/重複すり替えなし/着ブロ指定なし/前期落選名義

名義を傷つける行為(盗撮･録音等)お控えくだ...",True,2026-08
5ma8glcm12,1787099770699,naniwa-danshi-nd5,2026-09-06,13:00,朱鷺メッセ 新潟コンベンションセンター,electronic,female,なにわ男子 FC枠当選/座席未定,m,5.0,,ランダム,2026-08-19 00:36:10,2026-08-31 15:01:19,,,listing,2,24900,"【指定席のお譲り】◎ チケットお取引が初めての方や、慣れていない方もご安心いただけるお取引をいたします。
◎ 入場方法がわからない場合も、当日お会いしてご挨拶し...",True,2026-08
5jq7abquci,1786750444065,naniwa-danshi-nd5,2026-09-06,13:00,朱鷺メッセ 新潟コンベンションセンター,electronic,female,同時入場後、4番手でお譲り,えむ,5.0,,番手,2026-08-14 23:34:04,2026-08-31 15:01:19,,,listing,2,33000,"4名義中4番手/初期当選/すり替えなし/下３桁提示可能/有効期限内/郵送物戻り無し/着ブロ指定無し

過去の座席等は下記の通りです。
①初当選名義
②初当選名義...",True,2026-08
c7svcal9vn,1786809722225,naniwa-danshi-nd5,2026-09-06,13:00,朱鷺メッセ 新潟コンベンションセンター,electronic,female,当方と同行,トト,5.0,,番手,2026-08-15 16:02:02,2026-08-31 15:01:19,,,listing,2,32000,"座席未定/3名義中3番手/fc初期当選/すり替えなし/有効期限内/PayEasy決済/返送物なし/下3桁提示可/即購入可プラベ変更可

・公演当日、開演1時間前...",True,2026-08
gl6ddxfakx,1787232120571,naniwa-danshi-nd5,2026-09-06,13:00,朱鷺メッセ 新潟コンベンションセンター,electronic,none,同行,あい,4.9,,ランダム,2026-08-20 13:22:00,2026-08-31 15:01:19,,,listing,2,18000,"即購入可 プライベート出品に変更しますので購入前に必ずメッセージをお願いいたします。

・公演当日、開場時間30分前に会場付近で待ち合わせし同時入場していただき...",True,2026-08
8s4e6cga6r,1787385248706,naniwa-danshi-nd5,2026-09-06,13:00,朱鷺メッセ 新潟コンベンションセンター,electronic,female,なにわ男子 FC枠当選/座席未定,m,5.0,,ランダム,2026-08-22 07:54:08,2026-08-31 15:01:19,,,listing,1,17000,"【指定席のお譲り】◎ チケットお取引が初めての方や、慣れていない方もご安心いただけるお取引をいたします。
◎ 入場方法がわからない場合も、当日お会いしてご挨拶し...",True,2026-08
gctogay6w9,1786456249830,naniwa-danshi-nd5,2026-09-06,13:00,朱鷺メッセ 新潟コンベンションセンター,electronic,female,手渡し,N,5.0,,番手,2026-08-11 13:50:49,2026-08-31 15:01:19,,,listing,2,40000,"2名義中2番手
前回スタンド・初当選
初期当選/すり替えなし／下3桁提示可／有効期限内名義／着ブロ希望なし

当日は開場10分前を目安に会場付近にて待ち合わせし...",True,2026-08
o246nyc88o,1786343927534,naniwa-danshi-nd5,2026-09-06,13:00,朱鷺メッセ 新潟コンベンションセンター,electronic,none,ランダム,あい,5.0,,ランダム,2026-08-10 06:38:47,2026-08-31 15:01:19,,,listing,1,29000,"すり替えなしランダム配布 全て初期当選 有効期限内 下3桁提示可能

プライベート出品に変更しますので購入前に必ずメッセージをお願いいたします。

・公演当日、...",True,2026-08
miy16yu9so,1787217458221,naniwa-danshi-nd5,2026-09-06,13:00,朱鷺メッセ 新潟コンベンションセンター,electronic,female,QR,NAO,5.0,,ランダム記載あり,2026-08-20 09:17:38,2026-08-31 15:01:19,,,listing,1,58000,"QRごと 初期当選 重複なし 下3桁提示可 有効期限内 郵送物戻りなし 着ブロ指定なし

公演日の前日にログイン情報をお伝えさせていただきます。
チケット発券後...",True,2026-08
oy9mjir4vv,1786123969808,naniwa-danshi-nd5,2026-09-06,13:00,朱鷺メッセ 新潟コンベンションセンター,electronic,female,同行,a,5.0,,同行記載あり,2026-08-07 17:32:49,2026-08-31 15:01:19,,,listing,1,53000,"当方と同行
初期当選/有効期限内/重複すり替え無し
大橋担不可

・公演当日は会場にて集合し同時入場していただきます。
・待ち合わせ場所、集合時間は日が近くなっ...",True,2026-08
q8wgj4owlm,1787352635811,naniwa-danshi-nd5,2026-09-06,13:00,朱鷺メッセ 新潟コンベンションセンター,electronic,female,公演日7日前までにQRコード共有,A,5.0,,QR同行番手ランダム,2026-08-21 22:50:35,2026-08-31 15:01:19,,,listing,2,45000,"QR毎2連でのお譲りとなっております。
プライベート出品に切り替えますので必ずコメントお願いいたします。
プラベル出品対応可能。

初期当選/有効期限内/下3桁...",True,2026-08
0d9vqcjiy2,1787336449374,naniwa-danshi-nd5,2026-09-06,13:00,朱鷺メッセ 新潟コンベンションセンター,electronic,female,同行,N,5.0,,同行,2026-08-21 18:20:49,2026-08-31 15:01:19,,,listing,1,52000,"初期当選/有効期限内/下3桁提示可/重複すり替えなし/着ブロなし/過去エラーなし/発送物戻り等なし/サイチェン可

⚠️大橋担不可
公演当日、開場10分前を目安...",True,2026-08
vgzeyvh5jy,1787181133700,naniwa-danshi-nd5,2026-09-06,17:30,朱鷺メッセ 新潟コンベンションセンター,electronic,none,少人数ランダム配布,みゅん,5.0,,ランダム,2026-08-19 23:12:13,2026-08-31 13:01:15,,,deleted,1,10500,"少人数ランダム配布
複数名義所持しておりますので、同時入場後にこちらでチケット回収します。その後一度解散し、再度待ち合わせをし開演5~10分前までにチケットをお...",True,2026-08
9dforckzqe,1786751035686,naniwa-danshi-nd5,2026-09-06,17:30,朱鷺メッセ 新潟コンベンションセンター,electronic,female,同時入場後、3番手でのお渡し,えむ,5.0,,番手,2026-08-14 23:43:55,2026-08-31 15:01:19,,,listing,2,30000,"3名義中3番手/初期当選/すり替えなし/下３桁提示可能/有効期限内/郵送物戻り無し/着ブロ指定無し

過去の座席等は下記の通りです。
①初当選名義
②初当選名義...",True,2026-08
wqo5qcc9kk,1787358492516,naniwa-danshi-nd5,2026-09-06,17:30,朱鷺メッセ 新潟コンベンションセンター,electronic,female,すり替えなしランダム,りり,5.0,,ランダム,2026-08-22 00:28:12,2026-08-31 15:01:19,,,listing,1,20000,"⭐️すり替えなしランダム⭐️

サイト手数料が気になる方はチケテン0.5、残り当日手渡し変更も可能です。

開場20分前を目処に集合予定(詳しいことは日程近くな...",True,2026-08
tjx4egqa1l,1786661471801,naniwa-danshi-nd5,2026-09-06,17:30,朱鷺メッセ 新潟コンベンションセンター,electronic,female,公演前日QRコード共有,M,5.0,,QR,2026-08-13 22:51:11,2026-08-31 15:01:19,,,listing,2,55000,"初期当選/QR毎/当選歴なし名義/下3桁提示可能/有効期限内/発送物戻りなし/すり替えなし/着ブロ希望なし

・公演日前日にログイン情報をお伝えします。
・同行...",True,2026-08
t7uu6p8o5k,1787099833385,naniwa-danshi-nd5,2026-09-06,17:30,朱鷺メッセ 新潟コンベンションセンター,electronic,female,なにわ男子 FC枠当選/座席未定,m,5.0,,ランダム,2026-08-19 00:37:13,2026-08-31 15:01:19,,,listing,2,16000,"【指定席のお譲り】◎ チケットお取引が初めての方や、慣れていない方もご安心いただけるお取引をいたします。
◎ 入場方法がわからない場合も、当日お会いしてご挨拶し...",True,2026-08
r7fr9i3bf2,1787026228345,naniwa-danshi-nd5,2026-09-06,17:30,朱鷺メッセ 新潟コンベンションセンター,electronic,female,🌟3名義中2番手🌟,R,5.0,,番手,2026-08-18 04:10:28,2026-08-31 14:01:14,,,deleted,2,35000,"初期当選、下3桁提示可、すり替えなし、有効期限内名義、過去エラー等不備無し
・座席選択のため入場後、チケットを1度回収します。
・購入後、スムーズにお取引が出来...",True,2026-08
5oa6qswegb,1787099577612,naniwa-danshi-nd5,2026-09-06,17:30,朱鷺メッセ 新潟コンベンションセンター,electronic,female,なにわ男子 FC枠当選/座席未定,m,5.0,,ランダム,2026-08-19 00:32:57,2026-08-31 15:01:19,,,listing,1,18000,【指定席のお譲り】◎ チケットお取引が初めての方や、慣れていない方もご安心いただけるお取引をいたします。 ◎ 入場方法がわからない場合も、当日お会いしてご挨拶し...,True,2026-08
9ylxm4cuqk,1787377260258,naniwa-danshi-nd5,2026-09-06,17:30,朱鷺メッセ 新潟コンベンションセンター,electronic,female,同時入場,ふ,5.0,,番手,2026-08-22 05:41:00,2026-08-31 15:01:19,,,listing,1,38000,"初期当選/有効期限内/2名義中2番手／すり替えなし/下3桁提示可
当日同時入場後に1度チケットを回収し、こちらが選ばなかった方のチケットお渡しします。
・公演当...",True,2026-08
qm8shcyqw9,1787223898705,naniwa-danshi-nd5,2026-09-06,17:30,朱鷺メッセ 新潟コンベンションセンター,electronic,female,3名義中2番手,k,5.0,,番手,2026-08-20 11:04:58,2026-08-31 15:01:19,,,listing,1,34000,3名義中2番手／大橋担との連番になります／初期選/すり替えなし/下3桁提示可能／有効期限内／郵送物戻り無し/着ブロ指定無し/3名義とも前回スタンド上段下記ご一読...,True,2026-08
ivx9s0o1q5,1786359960757,naniwa-danshi-nd5,2026-09-06,17:30,朱鷺メッセ 新潟コンベンションセンター,electronic,female,同行,わ,5.0,,ランダム,2026-08-10 11:06:00,2026-08-31 14:01:14,,,deleted,1,14000,"🌟2名義入場ランダム🌟
座席によっては入場後すぐのお渡し
",True,2026-08
1sjytjgo31,1786233977936,naniwa-danshi-nd5,2026-09-06,17:30,朱鷺メッセ 新潟コンベンションセンター,electronic,female,同行,わ,5.0,,,2026-08-09 00:06:17,2026-08-31 14:01:14,,,deleted,1,39000,"2名義中2番手
初期当選/下3桁提示可/有効期限内/すり替えなし",True,2026-08
qn0qm6pfjo,1786745724166,naniwa-danshi-nd5,2026-09-06,17:30,朱鷺メッセ 新潟コンベンションセンター,electronic,female,同行,k,5.0,,同行,2026-08-14 22:15:24,2026-08-31 15:01:19,,,listing,1,45000,"初期当選/同行/下3桁提示可/有効期限内/発送物戻りなし/重複なし/高橋担不可/高橋担以外とのサイチェン可

同行者様を探しております。
公演当日は開場1時間前...",True,2026-08
we01u4ovyn,1787040288591,naniwa-danshi-nd5,2026-09-06,17:30,朱鷺メッセ 新潟コンベンションセンター,electronic,female,3名義中3番手,ぴぴ,5.0,,番手,2026-08-18 08:04:48,2026-08-31 15:01:19,,,listing,1,29000,"3名義中3番手
すり替えなし/有効期限内名義/初期当選/会員番号下3桁提示可能/同一クレカ支払いなし/郵送物出戻りなし

プライベート出品も可能ですので、ご希望...",True,2026-08
pbtwpna037,1786111266583,naniwa-danshi-nd5,2026-09-06,17:30,朱鷺メッセ 新潟コンベンションセンター,electronic,female,同行,か,4.7,,ランダム,2026-08-07 14:01:06,2026-08-31 15:01:19,,,listing,1,20000,"【プライベート出品に変更しますので購入前にコメントお願いいたします】
1名義ランダム配布。
1名義で入場し、座席によってはすり替えありでのお渡しです。チケットご...",True,2026-08
sf906rdf7w,1787021020931,naniwa-danshi-nd5,2026-09-06,17:30,朱鷺メッセ 新潟コンベンションセンター,electronic,female,ランダム,R,5.0,,ランダム記載あり,2026-08-18 02:43:40,2026-08-31 14:01:14,,,deleted,1,20000,"🌟少人数ランダム配布🌟
・ランダム配布のため座席選択不可
・座席選択のため入場後、チケットを1度回収します。
・購入後、スムーズにお取引が出来るよう当日連絡...",True,2026-08
ieb7zu4bji,1787309872079,naniwa-danshi-nd5,2026-09-06,17:30,朱鷺メッセ 新潟コンベンションセンター,electronic,male,公演前日にFCログイン情報共有,ma.,5.0,,QR,2026-08-21 10:57:52,2026-08-31 15:01:19,,,listing,1,50000,"QR毎/復活当選/単番/有効期限内/下3桁提示可/重複すり替えなし/同一支払いなし/過去エラーなし/着ブロ希望なし

・座席に関するクレームは一切受け付けており...",True,2026-08
6ypguuh8zh,1785594919510,naniwa-danshi-nd5,2026-09-06,17:30,朱鷺メッセ 新潟コンベンションセンター,electronic,female,番手,ここ,5.0,,番手,2026-08-01 14:35:19,2026-08-31 15:01:19,,,listing,2,40000,"3名義中3番手
3名義すべて初期当選名義

初期当選/すり替えなし/下3桁提示可

プライベート出品に切り替えますので購入前に必ずメッセージをお願いします。...",True,2026-08
z3j4z1hfmu,1787209966828,naniwa-danshi-nd5,2026-09-06,17:30,朱鷺メッセ 新潟コンベンションセンター,electronic,female,同行,にゃお,5.0,,ランダム,2026-08-20 07:12:46,2026-08-31 15:01:19,,,listing,1,6000,"🌟2名義のみランダム配布🌟
🌟上乗せで早渡し可能🌟
🌟必ず指定席をお渡しします🌟

全てFC枠指定席のみ、有効期限内、同一クレカ決済なしの複数名義所...",True,2026-08
rg7vqc2j4w,1786620445264,naniwa-danshi-nd5,2026-09-06,17:30,朱鷺メッセ 新潟コンベンションセンター,electronic,female,公演前日QRコード共有,Z,5.0,,QR,2026-08-13 11:27:25,2026-08-31 15:01:19,,,listing,1,50000,"QR毎/FC先行/初期当選/有効期限内/重複すり替えなし/郵送物戻りなし/着ブロ希望なし/下3桁提示可/過去エラーなし

公演前日になりましたらログイン情報をお...",True,2026-08
andnbhhemk,1787009328102,naniwa-danshi-nd5,2026-09-06,17:30,朱鷺メッセ 新潟コンベンションセンター,electronic,female,同時入場,りりー,5.0,,番手,2026-08-17 23:28:48,2026-08-31 15:01:19,,,listing,2,35000,"2名義中2番手/すり替えなし/下3桁提示可/FC先行/2名義全て初期当選/有効期限内名義/郵送物戻りなし/ペイジー決済/着ブロなし/プライベート出品可

公演当...",True,2026-08
wctewsspgi,1786105275188,naniwa-danshi-nd5,2026-09-06,17:30,朱鷺メッセ 新潟コンベンションセンター,electronic,female,座席未定,なー,5.0,,QR,2026-08-07 12:21:15,2026-08-31 15:01:19,,,listing,2,43000,"ご購入希望の方は専用出品いたしますので事前にコメントをお願いいたします。

座席未定/下3桁提示可/有効期限内  
初期当選/同行者登録可/着ブロ希望なし/発送...",True,2026-08
hmqeh6vfvl,1787034251933,naniwa-danshi-nd5,2026-09-06,17:30,朱鷺メッセ 新潟コンベンションセンター,paper,none,当日手渡し,♡,5.0,,番手,2026-08-18 06:24:11,2026-08-31 15:01:19,,,listing,1,32000,"3名義中3番手/初期当選のみ/すり替えなし/有効期限内/着ブロなし/下3桁提示可
※プラベル出品可能

・公演当日、開場時間30分前を目安に会場付近で待ち合わせ...",True,2026-08
arqeu7lxr7,1786985948078,naniwa-danshi-nd5,2026-09-06,17:30,朱鷺メッセ 新潟コンベンションセンター,electronic,female,同行,ひだりきき,5.0,,同行,2026-08-17 16:59:08,2026-08-31 15:01:19,,,listing,1,44000,"初期当選/有効期限内/下3桁ご提示可/すり替えなし/大西担不可

当方と同行です。

本人確認、ランダムエラー、体調不良等いかなる場合も返金できかねますのでご了...",True,2026-08
r79w2fmftk,1786462651403,naniwa-danshi-nd5,2026-09-06,17:30,朱鷺メッセ 新潟コンベンションセンター,electronic,female,公演当日受け渡し,s♡,5.0,,番手,2026-08-11 15:37:31,2026-08-31 15:01:19,,,listing,1,40000,"2名義中2番手／2名義ともに連続スタンド名義／初期当選／有効期限内／着ブロなし
（希望あればプラベル出品可能）

・公演当日、開場時間10-20分前を目安に会場...",True,2026-08
d59itd8b82,1787202497101,naniwa-danshi-nd5,2026-09-06,17:30,朱鷺メッセ 新潟コンベンションセンター,electronic,female,同行,ちえ,5.0,,同行,2026-08-20 05:08:17,2026-08-31 15:01:19,,,listing,1,47000,"2連中1枚当方と同行

初期当選/有効期限内/郵送物戻りなし/重複すり替えなし/道枝担以外とのサイチェン可

※プラベルに切り替えますので、ご購入希望の方はメッ...",True,2026-08
v823amo0l8,1786683132138,naniwa-danshi-nd5,2026-09-06,17:30,朱鷺メッセ 新潟コンベンションセンター,electronic,none,ランダム,あい,5.0,,ランダム,2026-08-14 04:52:12,2026-08-31 15:01:19,,,listing,1,10000,"即購入可能 ご希望であればプライベート出品に変更しますので購入前に必ずメッセージをお願いいたします。

・公演当日、開場時間30分前に会場付近で待ち合わせし同時...",True,2026-08
p6tvb0jun6,1786579336162,naniwa-danshi-nd5,2026-09-06,17:30,朱鷺メッセ 新潟コンベンションセンター,electronic,female,3名義中3番手,R,5.0,,番手,2026-08-13 00:02:16,2026-08-31 15:01:19,,,listing,1,25000,"下3桁提示可、すり替えなし、有効期限内名義、過去エラー等不備無し
・座席選択のため入場後、チケットを1度回収します。
・購入後、スムーズにお取引が出来るよう当日...",True,2026-08
518crx20vj,1787204789971,naniwa-danshi-nd5,2026-09-06,17:30,朱鷺メッセ 新潟コンベンションセンター,electronic,female,前日にログイン情報のお渡し,♡,5.0,,QR,2026-08-20 05:46:29,2026-08-31 15:01:19,,,listing,2,50000,"2連QR毎のお譲りです。
初期当選/有効期限内/下3桁提示可/前回スタンド

公演前日に同行者の同意チェックを終わらせた状態でログイン情報をお伝えします。
代表...",True,2026-08
gh7nm26pt7,1785848433340,naniwa-danshi-nd5,2026-09-06,17:30,朱鷺メッセ 新潟コンベンションセンター,electronic,female,公演前日までにログイン情報提示,わ,5.0,,QR,2026-08-04 13:00:33,2026-08-31 15:01:19,,,listing,2,48000,"FC先行／初期当選／2連番／変更ボタンあり
QR毎／重複すり替えなし／発送物戻りなし
着ブロ希望なし／下3桁提示可能
*  公演前日までにログイン情報をお伝えし...",True,2026-08
j558caqtde,1786241839048,naniwa-danshi-nd5,2026-09-06,17:30,朱鷺メッセ 新潟コンベンションセンター,electronic,female,同行,SH,5.0,,ランダム同行,2026-08-09 02:17:19,2026-08-31 15:01:19,,,listing,1,10000,"単番×4名義 4名で入場 少人数ランダム
開演10分前までに必ずお渡し
初期当選 有効期限内名義  同一クレカ決済なし
⭐️ご希望があればプラベルに変更可能...",True,2026-08
p7yhb1nas2,1787223736285,naniwa-danshi-nd5,2026-09-06,17:30,朱鷺メッセ 新潟コンベンションセンター,electronic,female,3名義中3番手,k,5.0,,番手,2026-08-20 11:02:16,2026-08-31 15:01:19,,,listing,2,27000,"3名義中3番手／初期選/すり替えなし/下3桁提示可能／有効期限内／郵送物戻り無し/着ブロ指定無し/3名義とも前回スタンド上段下記ご一読の上ご購入下さい。
・取引...",True,2026-08
r0esyosbzh,1786187587546,naniwa-danshi-nd5,2026-09-06,17:30,朱鷺メッセ 新潟コンベンションセンター,electronic,female,2名義2番手,な,5.0,,番手,2026-08-08 11:13:07,2026-08-31 15:01:19,,,listing,2,32000,"2名義中2番手/初期当選/有効期限内/すり替えなし/下3桁提示可

・公演当日、当方が指定する場所時間(16時30分頃)にて待ち合わせ後、同時入場いただきます。...",True,2026-08
cdm7rvcjub,1786177118042,naniwa-danshi-nd5,2026-09-06,17:30,朱鷺メッセ 新潟コンベンションセンター,electronic,female,公演前日QRコード共有,ys,5.0,,QR,2026-08-08 08:18:38,2026-08-31 06:01:18,,,deleted,1,48000,"プライベート出品に切り替えるので申請下さい。
初期当選/有効期限内/着ブロ指定なし/過去エラー歴なし/発送物戻りなし

QR毎のお譲りになります。ご希望があれば...",True,2026-08
skmgducsum,1786836270532,naniwa-danshi-nd5,2026-09-06,17:30,朱鷺メッセ 新潟コンベンションセンター,electronic,female,当日受け渡し,A,5.0,,同行記載あり,2026-08-15 23:24:30,2026-08-31 15:01:19,,,listing,1,52500,"2名義中1番手(4枚中2枚目の選択)/初期当選のみ/2名義共前回スタンド/不備無し/すり替えなし/有効期限内/着ブロ希望なし
＊プラベル出品可、当方と同行の可能...",True,2026-08
4z7r1u8mh8,1786722854092,naniwa-danshi-nd5,2026-09-06,17:30,朱鷺メッセ 新潟コンベンションセンター,electronic,female,ランダム配布,うきぴ,4.9,,ランダム,2026-08-14 15:54:14,2026-08-31 15:01:19,,,listing,1,10000,"ランダム配布
公演当日は開場時間の30分前に会場付近にお集まりいただき、同時入場していただきます。

詳しい時間はお日にちが近づきましたらメッセージボードにてご...",True,2026-08
f7h5nunsoc,1785749832058,naniwa-danshi-nd5,2026-09-06,17:30,朱鷺メッセ 新潟コンベンションセンター,electronic,female,同行,ぬるま,5.0,,同行,2026-08-03 09:37:12,2026-08-31 15:01:19,,,listing,1,62000,"初期当選 2名義中1番手(当方と同行)  下3桁提示可 有効期限内

プラベル以降させて頂きます、ご購入前に連絡ください。

大橋担のご購入はお控えください。...",True,2026-08
hb7ezkgj0b,1786410725197,naniwa-danshi-nd5,2026-09-06,17:30,朱鷺メッセ 新潟コンベンションセンター,electronic,female,公演前日QRコード共有,M,5.0,,QR,2026-08-11 01:12:05,2026-08-31 15:01:19,,,listing,1,55000,"初期当選/QR毎/下3桁提示可能/有効期限内/発送物戻りなし/すり替えなし/着ブロ希望なし

・公演日前日にログイン情報をお伝えします。
・入場後は速やかにログ...",True,2026-08
3wa6k3d77l,1787023836978,naniwa-danshi-nd5,2026-09-06,17:30,朱鷺メッセ 新潟コンベンションセンター,electronic,female,🌟重複なし同行,ゆ,5.0,,同行,2026-08-18 03:30:36,2026-08-31 15:01:19,,,listing,1,48000,"２日後消します
初期当選/重複すり替えなし/下3桁提示可/サイチェン可/有効期限内/発送物戻り無/

2連中の1枚 当方（大橋担）との同行でのお譲りです。

開...",True,2026-08
63cp2lpigm,1786288154676,naniwa-danshi-nd5,2026-09-06,17:30,朱鷺メッセ 新潟コンベンションセンター,electronic,female,公演前日までにログイン情報を共有,くま 🧸,5.0,,QR,2026-08-09 15:09:14,2026-08-31 15:01:19,,,listing,2,48000,"FC先行/ドーム落選名義/座席未定/着ブロなし/有効期限内/初期当選/重複すり替えなし/下3桁提示🉑/QR毎のお譲りです。
公演前日までにログインに必要な情報...",True,2026-08
md88uyh7ma,1786343961482,naniwa-danshi-nd5,2026-09-06,17:30,朱鷺メッセ 新潟コンベンションセンター,electronic,none,ランダム,あい,5.0,,ランダム,2026-08-10 06:39:21,2026-08-31 15:01:19,,,listing,1,29000,"すり替えなしランダム配布 全て初期当選 有効期限内 下3桁提示可能

プライベート出品に変更しますので購入前に必ずメッセージをお願いいたします。

・公演当日、...",True,2026-08
w38wdlen09,1786778134746,naniwa-danshi-nd5,2026-09-06,17:30,朱鷺メッセ 新潟コンベンションセンター,electronic,female,3名義中3番手,りい,5.0,,番手,2026-08-15 07:15:34,2026-08-31 15:01:19,,,listing,2,30000,"3名義中3番手/初期当選/すり替えなし/下３桁提示可能/有効期限内/郵送物戻り無し/着ブロ指定無し

プライベート出品いたしますのでご購入の際はコメントいただけ...",True,2026-08
d2ibce3nv1,1786615650685,naniwa-danshi-nd5,2026-09-06,17:30,朱鷺メッセ 新潟コンベンションセンター,electronic,female,公演前日QRコード共有,nn,5.0,,QR,2026-08-13 10:07:30,2026-08-31 15:01:19,,,listing,2,40000,"初期当選／QR毎／有効期限内名義／下3桁提示可／着ブロ希望なし／郵送物戻りなし

公演前日までに必要な情報を連絡ボードにてお伝えします。
同行者の同意チェックは...",True,2026-08
fr1fpdxf86,1787023037433,naniwa-danshi-nd5,2026-09-06,17:30,朱鷺メッセ 新潟コンベンションセンター,electronic,female,同時入場,なん,5.0,,QR,2026-08-18 03:17:17,2026-08-31 15:01:19,,,listing,2,36000,"2名義中2番手/全て初期当選/着ブロ無し/すり替え無し/有効期限内/コンビニ決済/下3桁提示可能

詳しい待ち合わせ場所等はマイページの連絡ボードにて随時お知ら...",True,2026-08
mu948wtesf,1787217667686,naniwa-danshi-nd5,2026-09-06,17:30,朱鷺メッセ 新潟コンベンションセンター,electronic,female,QR,NAO,5.0,,ランダム記載あり,2026-08-20 09:21:07,2026-08-31 15:01:19,,,listing,1,55000,"QRごと 初期当選 重複なし 下3桁提示可 有効期限内 郵送物戻りなし 着ブロ指定なし

公演日の前日にログイン情報をお伝えさせていただきます。
チケット発券後...",True,2026-08
nwkv38lkn8,1786750938557,naniwa-danshi-nd5,2026-09-06,17:30,朱鷺メッセ 新潟コンベンションセンター,electronic,female,同時入場後、2番手でお渡し,えむ,5.0,,番手,2026-08-14 23:42:18,2026-08-31 15:01:19,,,listing,2,40000,"3名義中2番手/初期当選/すり替えなし/下３桁提示可能/有効期限内/郵送物戻り無し/着ブロ指定無し

過去の座席等は下記の通りです。
①初当選名義
②初当選名義...",True,2026-08
ovuvogwifk,1786979026709,naniwa-danshi-nd5,2026-09-19,13:30,あなぶきアリーナ香川,electronic,female,公演日1日前までにQRコード共有,も,5.0,,QR,2026-08-17 15:03:46,2026-08-31 15:01:19,,,listing,2,73000,"公演前日18時以降に同行者の同意チェックのみ実施し、ログイン情報をお伝えさせて頂きます。

公演中止の際は手数料を差し引いた金額を返金致しますが、それ以外の如何...",True,2026-08
9ipv719qpx,1786796453715,naniwa-danshi-nd5,2026-09-19,13:30,あなぶきアリーナ香川,electronic,female,同行,k.,5.0,,ランダム,2026-08-15 12:20:53,2026-08-31 15:01:19,,,listing,1,26900,"FC先行 ランダム配布 

12時頃待ち合わせを予定しております

ランダム配布の為買い手様の座席選択はできません、こちらでさせて頂きます。

又、デジダルチケ...",True,2026-08
x9o2isdwa4,1787370482794,naniwa-danshi-nd5,2026-09-19,13:30,あなぶきアリーナ香川,electronic,female,同行,n,5.0,,番手,2026-08-22 03:48:02,2026-08-31 15:01:19,,,listing,2,65000,"公演中止以外の返金・キャンセル不可

4名義中3番手のお渡しとなります。",True,2026-08
o6yw29txz9,1786516839451,naniwa-danshi-nd5,2026-09-19,13:30,あなぶきアリーナ香川,electronic,female,同行,K,5.0,,番手,2026-08-12 06:40:39,2026-08-31 15:01:19,,,listing,1,75000,"3名義3番手
下3桁提示/すり替えなし/全て初期当選/有効期限内

入場後1度全ての半券を回収し、座席選択後にチケットをお渡しいたします。


・当日開場40分...",True,2026-08
mcqv4owh3s,1787217765369,naniwa-danshi-nd5,2026-09-19,13:30,あなぶきアリーナ香川,electronic,female,4名義中2番手,に,5.0,,番手,2026-08-20 09:22:45,2026-08-31 15:01:19,,,listing,2,100000,"4名義中2番手/初期当選×4/下3桁提示可/有効期限内

◎プライベート出品可能です

開場30分前を目安に会場付近にて集合し、同時入場お願いします。
複数名義...",True,2026-08
z4sbiy2suj,1786801064479,naniwa-danshi-nd5,2026-09-19,13:30,あなぶきアリーナ香川,electronic,female,同行,りり,5.0,,番手,2026-08-15 13:37:44,2026-08-31 15:01:19,,,listing,2,42000,"4名義中4番手
すり替えなし／下3桁提示可／初期当選／有効期限内／着ブロ選択なし

・公演当日は会場周辺にて合流後、一緒に入場していただきます。
集合する時間や...",True,2026-08
4n3eo8lmtm,1786800885987,naniwa-danshi-nd5,2026-09-19,13:30,あなぶきアリーナ香川,electronic,female,同行,りり,5.0,,番手,2026-08-15 13:34:45,2026-08-31 15:01:19,,,listing,2,56000,"4名義中3番手
すり替えなし／下3桁提示可／初期当選／有効期限内／着ブロ選択なし

・公演当日は会場周辺にて合流後、一緒に入場していただきます。
集合する時間や...",True,2026-08
uc8l4kqnl8,1786894521689,naniwa-danshi-nd5,2026-09-19,13:30,あなぶきアリーナ香川,electronic,female,同行,に,5.0,,ランダム,2026-08-16 15:35:21,2026-08-31 15:01:19,,,listing,1,26000,"少人数ランダム配布
・公演当日はこちらが指定する場所に集合し、同時入場していただきます。
・集合時間に遅れる場合は購入者様を待たず入場いたしますが、受け取り評価...",True,2026-08
nbl8hi4zov,1786930179067,naniwa-danshi-nd5,2026-09-19,13:30,あなぶきアリーナ香川,electronic,female,同行,あ,5.0,,番手同行,2026-08-17 01:29:39,2026-08-31 15:01:19,,,listing,1,80000,"3名義中2番手 すり替えなし

購入希望の方へプラベル出品致しますのでメッセージをお願いいたします。

全て→2連での当選/初期当選/有効期限内/着ブロ希望なし...",True,2026-08
z4ow22k6zb,1786206611577,naniwa-danshi-nd5,2026-09-19,13:30,あなぶきアリーナ香川,electronic,female,同行,あ,5.0,,番手同行,2026-08-08 16:30:11,2026-08-31 15:01:19,,,listing,2,82000,"3名義中2番手 すり替えなし

購入希望の方へプラベル出品致しますのでメッセージをお願いいたします。

全て→2連での当選/初期当選/有効期限内/着ブロ希望なし...",True,2026-08
y38whrwu8f,1786800960553,naniwa-danshi-nd5,2026-09-19,13:30,あなぶきアリーナ香川,electronic,female,同行,K,5.0,,同行番手,2026-08-15 13:36:00,2026-08-31 15:01:19,,,listing,2,75000,"4名義中2番手 / すり替えなし /全て初期当選 /着ブロなし/有効期限内 / 下3桁提示可能

※プラベル対応いたしますので、ご購入される方はメッセージよりお...",True,2026-08
m9248qcn3b,1786874560948,naniwa-danshi-nd5,2026-09-19,13:30,あなぶきアリーナ香川,electronic,none, QR毎/FC先行 座席未定/初期当選/すり替えなし/会員番号下3桁提示可能/有効期限内,、、、,5.0,,QR,2026-08-16 10:02:40,2026-08-31 15:01:19,,,listing,2,90000,"公演前日18時以降に同行者の同意チェックのみ実施し、ログイン情報をお伝えさせて頂きます。

公演中止の際は手数料を差し引いた金額を返金致しますが、それ以外の如何...",True,2026-08
ob56ncw2ij,1787325047491,naniwa-danshi-nd5,2026-09-19,13:30,あなぶきアリーナ香川,electronic,female,同行,チケ子,5.0,,ランダム,2026-08-21 15:10:47,2026-08-31 15:01:19,,,listing,1,30000,"少人数ランダム配布

公演当日、開場時間20分前に待ち合わせし、同時入場していただきます。時間厳守でお願いいたします。

入場後はチケットを回収させていただき一...",True,2026-08
ntunzsmo2f,1786899556480,naniwa-danshi-nd5,2026-09-19,13:30,あなぶきアリーナ香川,electronic,female,同時入場,おき,4.7,,ランダム,2026-08-16 16:59:16,2026-08-31 15:01:19,,,listing,1,29000,"ファンクラブ先行　複数名義所持
チケットを複数所持している為、
公演当日は開場時間(※開演時間ではありません)の30分前までに会場付近にお集まり頂き同時入場して...",True,2026-08
315qwkitjh,1787283555180,naniwa-danshi-nd5,2026-09-19,13:30,あなぶきアリーナ香川,electronic,female,同行,あや,5.0,,番手,2026-08-21 03:39:15,2026-08-31 15:01:19,,,listing,2,75000,"2名義中2番手／すり替えなし／下3桁提示可能／2名義とも初期当選／有効期限内／郵送物の返戻なし／着ブロなし／プライベート出品可能

公演当日は、開場10分前頃を...",True,2026-08
i1qwm4t5uk,1787324176644,naniwa-danshi-nd5,2026-09-19,13:30,あなぶきアリーナ香川,electronic,female,前日までにログイン情報共有,ま,5.0,,QR,2026-08-21 14:56:16,2026-08-31 15:01:19,,,listing,2,75000,"【購入前にコメントお願いします】
QR毎／前回ボンボヤ当選スタンド、ドーム落選／下3桁提示可／有効期限内／重複すり替えなし／エラー、発送物戻りなし
コメントいた...",True,2026-08
ym47r2oq6n,1787229454235,naniwa-danshi-nd5,2026-09-19,13:30,あなぶきアリーナ香川,electronic,female,同時入場,りりー,5.0,,番手,2026-08-20 12:37:34,2026-08-31 15:01:19,,,listing,2,72000,"2名義中2番手/すり替えなし/下3桁提示可/FC先行/2名義全て初期当選/有効期限内名義/郵送物戻りなし/ペイジー決済/着ブロなし/プライベート出品可

公演当...",True,2026-08
09byhh3xxx,1786933466253,naniwa-danshi-nd5,2026-09-19,13:30,あなぶきアリーナ香川,electronic,female,2名義中2番手,ぽ,5.0,,番手,2026-08-17 02:24:26,2026-08-31 15:01:19,,,listing,2,65000,"2名義中2番手
下3桁提示可/すり替えなし/初期当選
当日待ち合わせ後同時入場し、座席確認後チケットお渡しします。解散せず座席確認一緒に行動可能です。

本確/...",True,2026-08
7wx6c0us4k,1786894577512,naniwa-danshi-nd5,2026-09-19,18:00,あなぶきアリーナ香川,electronic,female,同行,に,5.0,,ランダム,2026-08-16 15:36:17,2026-08-31 15:01:19,,,listing,1,26000,"少人数ランダム配布
・公演当日はこちらが指定する場所に集合し、同時入場していただきます。
・集合時間に遅れる場合は購入者様を待たず入場いたしますが、受け取り評価...",True,2026-08
eqgstmvw6z,1786811940199,naniwa-danshi-nd5,2026-09-19,18:00,あなぶきアリーナ香川,electronic,female,QR毎　初期当選,31,5.0,,QR,2026-08-15 16:39:00,2026-08-31 15:01:19,,,listing,2,85000,"初期当選/有効期限内/重複すり替えなし/着ブロなし/発送物戻りなし/下3桁お伝え可/過去エラーなし

・代表者チェックはご購入者様でお願いします。
・入場後は速...",True,2026-08
xbh8pg6der,1786093603119,naniwa-danshi-nd5,2026-09-19,18:00,あなぶきアリーナ香川,electronic,female,同行,り,5.0,,番手同行,2026-08-07 09:06:43,2026-08-31 15:01:19,,,listing,2,70000,"3名義中2番手2連
初期当選2、復活1 すり替え無し 有効期限内 下3桁提示可

※プラベルに移行もしくはプライベート出品いたしますので、ご購入希望の方はご購入...",True,2026-08
bp1iuj31f9,1787141983419,naniwa-danshi-nd5,2026-09-19,18:00,あなぶきアリーナ香川,electronic,female,前日までにログイン情報共有,K,5.0,,QR,2026-08-19 12:19:43,2026-08-31 15:01:19,,,listing,2,83000,"QR毎/初期当選/有効期限内

プライベート出品に変更いたしますので購入前にご連絡ください。",True,2026-08
bhwviie7rp,1786277358863,naniwa-danshi-nd5,2026-09-19,18:00,あなぶきアリーナ香川,electronic,female,公演日前日にログイン情報共有,mimi,5.0,,QR,2026-08-09 12:09:18,2026-08-31 15:01:19,,,listing,1,75000,"QR毎のお譲り
着ブロなし/FC有効期限内/郵送物返送なし/初期当選/前回スタンド名義
下3桁提示可能

公演前日にログイン情報をお送りいたします。

チケット...",True,2026-08
0wjnhsox6j,1787035281590,naniwa-danshi-nd5,2026-09-19,18:00,あなぶきアリーナ香川,electronic,female,3名義中3番手,⭐️,5.0,,番手,2026-08-18 06:41:21,2026-08-31 15:01:19,,,listing,1,60000,"⭐️前回スタンド名義のみ/3名義中3番手/すり替えなし/有効期限内/初期当選/下3桁提示🉑

⭐️キャンセル・返金不可

・同時入場していただき、実際に座席を...",True,2026-08
lxlak156ud,1786403419275,naniwa-danshi-nd5,2026-09-19,18:00,あなぶきアリーナ香川,electronic,female,同行,K,5.0,,同行,2026-08-10 23:10:19,2026-08-31 15:01:19,,,listing,1,80000,"★プライベート出品に変更しますので購入ご希望の方はメッセージお願いいたします

大橋担不可/重複なし同行/すり替えなし/下3桁提示可/サイチェン可

公演当日、...",True,2026-08
ivq5s6pdk9,1787109726918,naniwa-danshi-nd5,2026-09-19,18:00,あなぶきアリーナ香川,electronic,female,同行,ちいかわ,5.0,,番手同行,2026-08-19 03:22:06,2026-08-31 11:01:14,,,deleted,2,65000,"3名義中2番手
初期当選/有効期限内/すり替えなし/下3桁提示可/エラー歴なし

※プラベる移行します※

当日開場15分前程に集合し、同時入場していただきます...",True,2026-08
lmi3cyczsz,1785669420581,naniwa-danshi-nd5,2026-09-19,18:00,あなぶきアリーナ香川,paper,female,同行,K,5.0,,同行,2026-08-02 11:17:00,2026-08-31 15:01:19,,,listing,1,75000,,True,2026-08
chazahh02l,1786955151062,naniwa-danshi-nd5,2026-09-19,18:00,あなぶきアリーナ香川,paper,none,当日手渡し,♡,5.0,,ランダム,2026-08-17 08:25:51,2026-08-31 15:01:19,,,listing,1,31200,"少人数ランダム/すり替えあり/ランダム配布/同時入場
ランダム配布の意味がわかる人のみ購入ください。
・ 入場後一旦チケットを回収し、座席をこちらで選択後にチケ...",True,2026-08
dflu1sy39j,1786625824889,naniwa-danshi-nd5,2026-09-19,18:00,あなぶきアリーナ香川,electronic,female,公演前日QRコード共有,さちあれ,5.0,,QR,2026-08-13 12:57:04,2026-08-31 15:01:19,,,listing,1,75000,"ご覧いただきありがとうございます\(◡̈)/♥︎

QRごと/初期当選/有効期限内/重複すり替えなし(下3桁開示可)/コンビニ決済/着ブロ希望なし/郵便物戻り...",True,2026-08
386py4aksv,1786680512710,naniwa-danshi-nd5,2026-09-19,18:00,あなぶきアリーナ香川,electronic,female,公演日前日までにQRコード共有,m,5.0,,QR,2026-08-14 04:08:32,2026-08-31 15:01:19,,,listing,1,75000,"QR毎のお譲り
着ブロなし/FC有効期限内/郵送物返送なし/初期当選/下3桁提示可能

公演前日にログイン情報をお送りいたします。

チケット発券後速やかにログ...",True,2026-08
t0kdvk7gnh,1786877374507,naniwa-danshi-nd5,2026-09-19,18:00,あなぶきアリーナ香川,electronic,female,公演日前日にログイン情報お伝えします。,あーる,5.0,,QR,2026-08-16 10:49:34,2026-08-31 15:01:19,,,listing,1,75000,"QR毎/初期当選/座席未定/下3桁提示可/有効期限内 /コンビニ決済

プライベート出品可能です。ご希望の場合はメッセージにてお知らせください。

本人確認等で...",True,2026-08
1hyrjfecjn,1786899596251,naniwa-danshi-nd5,2026-09-19,18:00,あなぶきアリーナ香川,electronic,female,同時入場,おき,4.7,,ランダム,2026-08-16 16:59:56,2026-08-31 15:01:19,,,listing,1,31500,"ファンクラブ先行　複数名義所持
チケットを複数所持している為、
公演当日は開場時間(※開演時間ではありません)の30分前までに会場付近にお集まり頂き同時入場して...",True,2026-08
c6xmqpcvja,1787031088574,naniwa-danshi-nd5,2026-09-19,18:00,あなぶきアリーナ香川,electronic,female,同行,A,5.0,,ランダム,2026-08-18 05:31:28,2026-08-31 15:01:19,,,listing,1,25000,"【条件あり FC当選のみ ランダム配布】
複数所持のため同時入場をお願い致します。
当日は開演の1時間40分前に会場付近に集合予定です。
同時入場後、一度チケッ...",True,2026-08
9rai7fjhig,1786887226261,naniwa-danshi-nd5,2026-09-19,18:00,あなぶきアリーナ香川,electronic,female,公演日前日に共有,ま,5.0,,QR,2026-08-16 13:33:46,2026-08-31 15:01:19,,,listing,2,75000,"【2連QR毎】
初期当選/下3桁提示可能/有効期限内/payeasy払い/着ブロ希望なし/過去エラーなし

※プラベルまたはプライベート出品に変更いたしますので...",True,2026-08
ljmammupt3,1787308046219,naniwa-danshi-nd5,2026-09-19,18:00,あなぶきアリーナ香川,electronic,female,同行,ぞう,5.0,,番手同行,2026-08-21 10:27:26,2026-08-31 15:01:19,,,listing,2,59000,"2名義中2番手 同時入場
初期当選/すり替えなし/有効期間内/2名義分下3桁提示可/本人同行者共に女性名義/着ブロ希望なし/郵送物戻りなし/同一クレカ決済なし...",True,2026-08
v929pl6o4b,1786725323082,naniwa-danshi-nd5,2026-09-20,13:00,あなぶきアリーナ香川,electronic,female,公演前日にログイン情報共有,さ,5.0,,QR,2026-08-14 16:35:23,2026-08-31 15:01:19,,,listing,2,77000,"初期当選・有効期限内・重複すり替えなし・下3桁提示可・発送物戻りなし・過去エラー等なし・着ブロ指定なし・QR毎

2連のみ。バラ売りは不可です



公演前日に...",True,2026-08
hrazg4ug8u,1787372617115,naniwa-danshi-nd5,2026-09-20,13:00,あなぶきアリーナ香川,electronic,female,同行,o,5.0,,番手,2026-08-22 04:23:37,2026-08-31 15:01:19,,,listing,2,57500,"4名義中4番手/初期当選のみ/すり替えなし下3桁提示可/ランエラ履歴なし/黒服対策あり

公演中止以外の返金対応は出来かねますのでご了承ください。
サイチェン可...",True,2026-08
p6hxmwnu1m,1786364938689,naniwa-danshi-nd5,2026-09-20,13:00,あなぶきアリーナ香川,electronic,female,ランダム配布,☆,5.0,,ランダム,2026-08-10 12:28:58,2026-08-31 15:01:19,,,listing,1,33000,"少人数ランダム配布

・開場20～30分前に会場付近にて待ち合わせし、同時入場して頂きます。待ち合せ時間・場所の詳細は公演前日までに取引メッセージにてご連絡致し...",True,2026-08
99bxxsjca4,1786773444909,naniwa-danshi-nd5,2026-09-20,13:00,あなぶきアリーナ香川,electronic,female,同行,♥,5.0,,番手,2026-08-15 05:57:24,2026-08-31 15:01:19,,,listing,2,60000,"3名義中3番手/初期当選/有効期限内/すり替えなし/下3桁提示可
※プラベルへ移行希望の際はメッセージをお願いいたします。
・ご購入後は当日連絡のつく電話番号の...",True,2026-08
a8i5iga8gz,1786691904136,naniwa-danshi-nd5,2026-09-20,13:00,あなぶきアリーナ香川,electronic,female,同行,ar,5.0,,番手,2026-08-14 07:18:24,2026-08-31 15:01:19,,,listing,2,72000,"全て初期当選/2連×2/2名義中2名義目/有効期限内/下3桁提示可/着ブロ指定なし/すり替えなし/同一決済なし

◾︎ご希望があればプラベルに移行いたします。ご...",True,2026-08
enoj9o8u4t,1786093730731,naniwa-danshi-nd5,2026-09-20,13:00,あなぶきアリーナ香川,electronic,female,同行,り,5.0,,同行番手,2026-08-07 09:08:50,2026-08-31 15:01:19,,,listing,2,65000,"2名義中2番手2連
初期当選 すり替え無し 有効期限内 下3桁提示可

※プラベルに移行もしくはプライベート出品いたしますので、ご購入希望の方はご購入前に必ずコ...",True,2026-08
07yz7to10j,1787359150332,naniwa-danshi-nd5,2026-09-20,13:00,あなぶきアリーナ香川,electronic,none,同行,k.,5.0,,ランダム,2026-08-22 00:39:10,2026-08-31 15:01:19,,,listing,2,36200,"FC先行 ランダム配布 

11時半頃待ち合わせを予定しております

ランダム配布の為買い手様の座席選択はできません、こちらでさせて頂きます。

又、デジダルチ...",True,2026-08
97s0wk8y4i,1786328432787,naniwa-danshi-nd5,2026-09-20,13:00,あなぶきアリーナ香川,electronic,female,同行,ぽむ,5.0,,同行,2026-08-10 02:20:32,2026-08-31 15:01:19,,,listing,1,75000,"購入希望の方はプラベル出品に切り替えますので、メッセージお願いいたします。

2連中の1枚/同行/長尾担不可

有効期限内/下3桁提示可/すり替えなし/発送物戻...",True,2026-08
51vbmohspl,1787226002472,naniwa-danshi-nd5,2026-09-20,13:00,あなぶきアリーナ香川,electronic,female,2名義中2番手,s,5.0,,番手,2026-08-20 11:40:02,2026-08-31 15:01:19,,,listing,2,75000,2名義中2番手のお譲りです。2名義とも初期当選、女性名義、有効期限内、すり替え無し、サイチェン可、郵送物戻りありません。入金確認次第、2名義分下3桁ご提示致しま...,True,2026-08
ieqrg34z2w,1786190355440,naniwa-danshi-nd5,2026-09-20,13:00,あなぶきアリーナ香川,electronic,female,公演日前日までにQRコード共有,あ,5.0,,ランダム記載あり,2026-08-08 11:59:15,2026-08-31 15:01:19,,,listing,1,80000,"QR毎/初期当選/有効期限内名義/重複すり替えなし/下3ケタ提示可

公演日の前日にログイン情報をお送りいたします。
同意チェックはご購入様にてお願いいたします...",True,2026-08
mg35lsxtpc,1785579352733,naniwa-danshi-nd5,2026-09-20,13:00,あなぶきアリーナ香川,electronic,female,公演日前日にQRコード共有,き,4.9,,QR,2026-08-01 10:15:52,2026-08-31 15:01:19,,,listing,2,80000,"FC先行/初期当選/QR毎/すり替え無し/下3桁提示可/有効期限内/同一クレカ無し/着ブロ希望無し/発送物戻り無し/過去エラー歴なし/当選歴なし(初当選)

公...",True,2026-08
42bg6boq2d,1785665952177,naniwa-danshi-nd5,2026-09-20,13:00,あなぶきアリーナ香川,electronic,female,2名義中2番手 すり替えなし,み,5.0,,番手,2026-08-02 10:19:12,2026-08-31 15:01:19,,,listing,2,68000,"初期当選 すり替えなし 着ブロ希望なし 有効期限内 下3桁提示可

2名義中2番手(初当選×1、最終当選1st Loveスタンド×1)でのお譲りとなります。...",True,2026-08
wtlsukscwd,1787208560061,naniwa-danshi-nd5,2026-09-20,13:00,あなぶきアリーナ香川,electronic,female,同行,m,5.0,,ランダム,2026-08-20 06:49:20,2026-08-31 15:01:19,,,listing,1,35000,"少人数ランダム配布
黒服対策あり

同時入場後にこちらでチケット回収後、開演5-10分前までにチケットをお渡し致します。ご購入者様に座席の選択権はなく、下3桁に...",True,2026-08
slw89n02r9,1786773555704,naniwa-danshi-nd5,2026-09-20,13:00,あなぶきアリーナ香川,electronic,female,同行,♥,5.0,,番手,2026-08-15 05:59:15,2026-08-31 15:01:19,,,listing,2,70000,"3名義中2番手/初期当選/有効期限内/すり替えなし/下3桁提示可
※プラベルへ移行希望の際はメッセージをお願いいたします。
・ご購入後は当日連絡のつく電話番号の...",True,2026-08
bmxlo1odo7,1786899633044,naniwa-danshi-nd5,2026-09-20,13:00,あなぶきアリーナ香川,electronic,female,同時入場,おき,4.7,,ランダム,2026-08-16 17:00:33,2026-08-31 15:01:19,,,listing,1,31800,"ファンクラブ先行　複数名義所持
チケットを複数所持している為、
公演当日は開場時間(※開演時間ではありません)の30分前までに会場付近にお集まり頂き同時入場して...",True,2026-08
o7ubof9wdi,1787372580034,naniwa-danshi-nd5,2026-09-20,13:00,あなぶきアリーナ香川,electronic,female,同行,o,5.0,,番手,2026-08-22 04:23:00,2026-08-31 15:01:19,,,listing,2,67500,"4名義中3番手/初期当選のみ/すり替えなし下3桁提示可/ランエラ履歴なし/黒服対策あり

公演中止以外の返金対応は出来かねますのでご了承ください。
サイチェン可...",True,2026-08
uq5r47e71t,1785728066727,naniwa-danshi-nd5,2026-09-20,13:00,あなぶきアリーナ香川,electronic,female,公演前日QRコード共有,か,5.0,,QR,2026-08-03 03:34:26,2026-08-31 15:01:19,,,listing,2,85000,"QR毎／初期当選（当選歴なし:初当選）／重複・すり替えなし／下3桁提示可能／有効期限内／発送戻りなし

【入場について】
公演前日の夜までに、ログインに必要な情...",True,2026-08
6lk5u196tu,1786242733615,naniwa-danshi-nd5,2026-09-20,17:30,あなぶきアリーナ香川,electronic,female,同行,R,5.0,,番手,2026-08-09 02:32:13,2026-08-31 15:01:19,,,listing,1,48000,"5名義中4番手
すり替えなし 下3桁提示可能 初期当選 有効期限内 着ブロ選択なし

〜当選歴〜
初当選　3名義
前回ドーム　アリーナ1名義
前回逆転　アリーナ...",True,2026-08
lv84rwydx6,1787220190738,naniwa-danshi-nd5,2026-09-20,17:30,あなぶきアリーナ香川,electronic,female,公演前日までにログイン情報お渡し,na,5.0,,QR,2026-08-20 10:03:10,2026-08-31 15:01:19,,,listing,2,73000,"QR毎
下3桁提示可能/有効期限内/着ブロ希望なし /発送物戻りなし

本人確認、システムエラー、ランダムエラー、体調不良、遅延等の買い手様都合での返金やキャン...",True,2026-08
bul4uljd58,1785941927910,naniwa-danshi-nd5,2026-09-20,17:30,あなぶきアリーナ香川,electronic,female,公演日2日前までにQRコード共有,mrh,4.9,,QR,2026-08-05 14:58:47,2026-08-31 15:01:19,,,listing,1,76000,"QRごと/初期当選/重複すり替えなし
/期限内/着ブロ希望なし
/発送物戻り無し/過去エラー歴無し
/当日代表者同意チェック買い手
ご希望であれば入金後に下3桁...",True,2026-08
ecy8jr2kpw,1786147133245,naniwa-danshi-nd5,2026-09-20,17:30,あなぶきアリーナ香川,electronic,female,同行,R,5.0,,ランダム,2026-08-07 23:58:53,2026-08-31 15:01:19,,,listing,1,30000,"FC先行 ランダム配布 

16時頃待ち合わせを予定しております

ランダム配布の為買い手様の座席選択はできません、こちらでさせて頂きます。

又、デジダルチケ...",True,2026-08
y3rgh4indb,1787034090375,naniwa-danshi-nd5,2026-09-20,17:30,あなぶきアリーナ香川,electronic,female,QR毎,⭐️,5.0,,QR,2026-08-18 06:21:30,2026-08-31 15:01:19,,,listing,1,80000,"⭐️前回スタンド後方
最終当選歴まではお伝え可能ですがそれ以前はお答え控えさせていただきます。

単番/QR毎でのお渡し/重複・すり替えなし/有効期限内/初期当...",True,2026-08
tk48n30m76,1786842734036,naniwa-danshi-nd5,2026-09-20,17:30,あなぶきアリーナ香川,electronic,none,3名義中2番手,ゆ,5.0,,番手,2026-08-16 01:12:14,2026-08-31 15:01:19,,,listing,2,70000,"3名義中2番手/すり替えなし/下3桁提示可能/初期当選/有効期限内/着ブロ希望なし/サイチェン可/希望あればプラベ出品に変更可能

・すり替えなし、3名義中2番...",True,2026-08
semjd8f014,1786772667993,naniwa-danshi-nd5,2026-09-20,17:30,あなぶきアリーナ香川,electronic,none,3名義中3番手,ゆ,5.0,,番手,2026-08-15 05:44:27,2026-08-31 15:01:19,,,listing,2,60000,"3名義中3番手 全て初期当選 すり替えなし 全て有効期限内 着ブロ希望なし 下3桁提示可能 サイチェン可 希望あればプラベ出品に変更可能

・すり替えなし、3名...",True,2026-08
nl6ka53wm4,1786899673051,naniwa-danshi-nd5,2026-09-20,17:30,あなぶきアリーナ香川,electronic,female,同時入場,おき,4.7,,ランダム,2026-08-16 17:01:13,2026-08-31 15:01:19,,,listing,1,31800,"ファンクラブ先行　複数名義所持
チケットを複数所持している為、
公演当日は開場時間(※開演時間ではありません)の30分前までに会場付近にお集まり頂き同時入場して...",True,2026-08
wpxue6ylda,1786242322550,naniwa-danshi-nd5,2026-09-20,17:30,あなぶきアリーナ香川,electronic,female,同行,R,5.0,,番手,2026-08-09 02:25:22,2026-08-31 15:01:19,,,listing,1,50000,"5名義中4番手
すり替えなし 下3桁提示可能 初期当選 有効期限内 着ブロ選択なし

・当日会場付近にてお待ち合わせし、同時入場お願いいたします。
お待ち合せ時...",True,2026-08
4m37gnz5ev,1785847434645,naniwa-danshi-nd5,2026-09-20,17:30,あなぶきアリーナ香川,electronic,female,公演日7日前までにQRコード共有,A,5.0,,QR同行,2026-08-04 12:43:54,2026-08-31 15:01:19,,,listing,2,80000,"QR毎
初期当選/下3桁提示可能/有効期限内/着ブロ希望なし /

本人確認、システムエラー、ランダムエラー、体調不良、遅延等の買い手様都合での返金やキャンセル...",True,2026-08
wsfl4u6i20,1787363966136,naniwa-danshi-nd5,2026-09-20,17:30,あなぶきアリーナ香川,electronic,female,同行,ぴ,5.0,,ランダム,2026-08-22 01:59:26,2026-08-31 15:01:19,,,listing,1,30000,"⭐️少人数・指定席のみランダム配布 ⭐️

プラベルにて専用出品いたしますので、購入前にコメントお願いいたします。

女性名義 / 有効期限内 / Pay-ea...",True,2026-08
0oyg0714hl,1786973718491,naniwa-danshi-nd5,2026-09-20,17:30,あなぶきアリーナ香川,electronic,female,同行,わ,5.0,,番手,2026-08-17 13:35:18,2026-08-31 14:01:14,,,deleted,1,63000,"2名義中2番手
初期当選/下3桁提示可/すり替えなし/発送戻りなし/期限内",True,2026-08
wltxbafv2y,1787202402383,naniwa-danshi-nd5,2026-09-20,17:30,あなぶきアリーナ香川,electronic,female,同行,に,5.0,,ランダム,2026-08-20 05:06:42,2026-08-31 15:01:19,2026-08-31 11:01:14,transition_observed,sold,1,23000,"・入場時刻の35分前を目安に会場付近に集合し、同時入場をさせて頂きます。
・交通機関やトラブル等を加味し、時間に余裕を持って会場へお越し頂きますようお願いします...",True,2026-08
7tkltpbb8m,1787220819070,naniwa-danshi-nd5,2026-09-20,17:30,あなぶきアリーナ香川,electronic,female,同行,カズ,5.0,,同行,2026-08-20 10:13:39,2026-08-31 15:01:19,,,listing,1,75000,"同行/重複すり替えなし/有効期限内名義/下3桁提示可/発送物戻りなし/着ブロ指定なし

大橋担と同行になりますので気になる方はご遠慮ください。

公演当日、会場...",True,2026-08
kb7pah03fg,1786318641532,naniwa-danshi-nd5,2026-09-20,17:30,あなぶきアリーナ香川,electronic,female,初当選&初期当選の同行,あお,5.0,,同行,2026-08-09 23:37:21,2026-08-31 15:01:19,,,listing,1,80000,"初当選/初期当選/有効期限内/下3桁提示
重複無し/郵便物戻り無し/サイチェン不可

同行者を探しております。(大西担不可)

当選履歴無しの初当選。

・公演...",True,2026-08
969ns3mahc,1786535469558,naniwa-danshi-nd5,2026-09-20,17:30,あなぶきアリーナ香川,electronic,female,公演日2日前までにQRコード共有,mrh,4.9,,QR,2026-08-12 11:51:09,2026-08-31 15:01:19,,,listing,1,79000,"QRごと/初期当選/重複すり替えなし
/期限内/着ブロ希望なし
/発送物戻り無し/過去エラー歴無し
/当日代表者同意チェック買い手
ご希望であれば入金後に下3桁...",True,2026-08
13kxb5xe4z,1786180250608,naniwa-danshi-nd5,2026-09-20,17:30,あなぶきアリーナ香川,electronic,female,公演日前日にQRコード共有,き,4.9,,QR,2026-08-08 09:10:50,2026-08-31 15:01:19,,,listing,2,90000,"FC先行/初期当選/QR毎/すり替え無し/下3桁提示可/有効期限内/同一クレカ無し/着ブロ希望無し/発送物戻り無し/過去エラー歴なし

当選歴：ボンボヤスタンド...",True,2026-08
wres8ks54c,1785924574065,naniwa-danshi-nd5,2026-09-20,17:30,あなぶきアリーナ香川,electronic,female,QR,☆,5.0,,同行記載あり,2026-08-05 10:09:34,2026-08-31 15:01:19,,,listing,2,75000,QRごと。すり替えなし。下3桁提示可能。有効期限内。初期当選。着ブロ希望なし。郵送物戻りなし。コンビニ決済。過去エラーなし。同行者チェックのみこちらで行います。...,True,2026-08
4554d0yibi,1786983587794,naniwa-danshi-nd5,2026-09-20,17:30,あなぶきアリーナ香川,electronic,female,同行,m,4.9,,同行番手,2026-08-17 16:19:47,2026-08-31 15:01:19,,,listing,2,60000,🌟4名義中4番手🌟【16:15集合】すべて初期当選、有効期限内、着ブロなし、下3桁提示可能です。複数名義当選のため、開演時刻の1時間15分前までに会場付近に...,True,2026-08
01r7dtq5vn,1787237897429,naniwa-danshi-nd5,2026-09-20,17:30,あなぶきアリーナ香川,paper,female,当日手渡し,もも,5.0,,同行,2026-08-20 14:58:17,2026-08-31 15:01:19,,,listing,1,74000,"重複すり替えなし同行/初期当選/有効期限内/下3桁提示可能/サイチェン可

※大橋担不可
※20歳以下不可
特別出品に切り替えますのでご購入希望の際は担当を添え...",True,2026-08
fhv5r4ippx,1786625613179,naniwa-danshi-nd5,2026-09-20,17:30,あなぶきアリーナ香川,electronic,female,公演前日QRコード共有,さちあれ,5.0,,QR,2026-08-13 12:53:33,2026-08-31 15:01:19,,,listing,2,75000,"ご覧いただきありがとうございます\(◡̈)/♥︎

QRごと/初期当選/有効期限内/重複すり替えなし(下3桁開示可)/コンビニ決済/着ブロ希望なし/郵便物戻り...",True,2026-08
virrq4yuw0,1786093792952,naniwa-danshi-nd5,2026-09-20,17:30,あなぶきアリーナ香川,electronic,female,同行,り,5.0,,同行番手,2026-08-07 09:09:52,2026-08-31 15:01:19,,,listing,2,60000,"2名義中2番手2連
初期当選 すり替え無し 有効期限内 下3桁提示可

※プラベルに移行もしくはプライベート出品いたしますので、ご購入希望の方はご購入前に必ずコ...",True,2026-08
bqokz1vjtc,1786111407653,naniwa-danshi-nd5,2026-09-20,17:30,あなぶきアリーナ香川,electronic,female,同行,か,4.7,,ランダム,2026-08-07 14:03:27,2026-08-31 15:01:19,,,listing,2,80000,"【プライベート出品に変更しますので購入前にコメントお願いいたします】
2名義ランダム配布。
2名義中2番手/すり替えなし/下3桁提示可
※本人確認、ランダムエラ...",True,2026-08
jlclufint4,1787313789615,naniwa-danshi-nd5,2026-09-20,17:30,あなぶきアリーナ香川,electronic,female,当日手渡し,ゆず,5.0,,ランダム記載あり,2026-08-21 12:03:09,2026-08-31 15:01:19,,,listing,2,60000,"2名義中2番手のお譲りになります(どちらも復活当選) 
すり替え無し 下3桁提示可能

当日は16:15分頃会場付近にて待ち合わせし同時入場していただき当方が選...",True,2026-08
u1y10qxja8,1786946293551,naniwa-danshi-nd5,2026-09-20,17:30,あなぶきアリーナ香川,electronic,female,同行,p,5.0,,同行,2026-08-17 05:58:13,2026-08-31 15:01:19,,,listing,1,75000,"同行/下3桁提示可/すり替えなし/FC先行/初期当選/有効期限内/コンビニ払い
復活当選・制作開放は含まれません。
前回座席、ボンボヤスタンド。

ご購入は日本...",True,2026-08
cz4mu21m3k,1787143866343,naniwa-danshi-nd5,2026-09-20,17:30,あなぶきアリーナ香川,electronic,female,同行,k,5.0,,番手,2026-08-19 12:51:06,2026-08-31 15:01:19,,,listing,2,65000,"2名義中2番手/すり替えなし/初期当選/下三桁提示可能/エラー歴なし/会員有効期限内/着ブロなし
公演当日、開場約15分前(16時15分)に会場付近で待ち合わせ...",True,2026-08
8a5nclxyvu,1786671294469,naniwa-danshi-nd5,2026-09-20,17:30,あなぶきアリーナ香川,paper,none,当日手渡し,z,5.0,,ランダム,2026-08-14 01:34:54,2026-08-31 15:01:19,,,listing,1,25000,FC枠有効期限内名義のみを所持しています。複数名義所持のため同時入場していただき、発券後のチケットを一度回収します。ランダム配布ですので購入者様は座席を選べませ...,True,2026-08
d6xrscuw25,1787363929855,naniwa-danshi-nd5,2026-09-20,17:30,あなぶきアリーナ香川,electronic,female,同行,ぴ,5.0,,ランダム,2026-08-22 01:58:49,2026-08-31 14:01:14,,,deleted,1,28000,"⭐️少人数・指定席のみランダム配布 ⭐️

プラベルにて専用出品いたしますので、購入前にコメントお願いいたします。

女性名義 / 有効期限内 / Pay-ea...",True,2026-08
eirjzikw9p,1785967955690,naniwa-danshi-nd5,2026-09-20,17:30,あなぶきアリーナ香川,electronic,female,同行,ゆんた,5.0,,ランダム,2026-08-05 22:12:35,2026-08-31 15:01:19,,,listing,1,25000,"お取引が初めての方や慣れていない方でも安心していただける対応を心掛けております◎

なにわ男子ファンクラブ先行/初期当選/有効期限内/コンビニ決済済み/座席未定...",True,2026-08
c9si9pguen,1786535510207,naniwa-danshi-nd5,2026-09-20,17:30,あなぶきアリーナ香川,electronic,female,公演日2日前までにQRコード共有,mrh,4.9,,QR,2026-08-12 11:51:50,2026-08-31 15:01:19,,,listing,1,79000,"QRごと/初期当選/重複すり替えなし
/期限内/着ブロ希望なし
/発送物戻り無し/過去エラー無し
/当日代表者同意チェック買い手
ご希望であれば入金後に下3桁提...",True,2026-08
8wkktgbpoc,1786022708988,naniwa-danshi-nd5,2026-09-21,14:00,あなぶきアリーナ香川,electronic,female,公演前日にQRコード共有,^ ̳ɞ̴̶̷ ·̫ ɞ̴̶̷ ̳^︎,5.0,,ランダム記載あり,2026-08-06 13:25:08,2026-08-31 15:01:19,,,listing,1,90000,"QR毎/初期当選/下3桁提示可/有効期限内名義/着ブロ指定無し

こちらのチケットは単番での当選です。公演前日に必要な情報等を連絡ボードにてお知らせ致します。入...",True,2026-08
kwwjeo913i,1786623670542,naniwa-danshi-nd5,2026-09-21,14:00,あなぶきアリーナ香川,electronic,none,FC先行/少人数ランダム,。,5.0,,ランダム,2026-08-13 12:21:10,2026-08-31 15:01:19,,,listing,1,40000,"掲載内容を必ずご確認いただき、【ランダム配布について、下記全てご理解いただける方】のみご購入ください。 

少人数入場/黒服対策とります。ご不安な方にも安心して...",True,2026-08
0m0da0dqq3,1785649963651,naniwa-danshi-nd5,2026-09-21,14:00,あなぶきアリーナ香川,electronic,female,同行,スピカ,5.0,,同行,2026-08-02 05:52:43,2026-08-31 15:01:19,,,listing,1,73000,"FC先行/座席未定/着ブロなし/下3桁提示可/有効期限内/初期当選/発送物戻りなし/重複すり替えなし　当方との同行になります。
長尾担はご購入をお控えください。...",True,2026-08
uxu1z91jy1,1786357545374,naniwa-danshi-nd5,2026-09-21,14:00,あなぶきアリーナ香川,electronic,female,同行,R,5.0,,番手,2026-08-10 10:25:45,2026-08-31 15:01:19,,,listing,1,75000,"4名義(5枚)中2番手
FC先行/初期当選/QR下3桁提示/有効期限内/すり替えなし/着ブロ希望なし

〜当選歴〜
初当選3名義(2連番含む)
前回ドーム アリ...",True,2026-08
npr1mj8d7t,1786235086024,naniwa-danshi-nd5,2026-09-21,14:00,あなぶきアリーナ香川,electronic,female,同行,R,5.0,,番手,2026-08-09 00:24:46,2026-08-31 15:01:19,,,listing,1,58000,"
4名義(連番×1 単番×3)5枚中3番手
すり替えなし 下3桁提示可能 初期当選 有効期限内 着ブロ選択なし

〜当選歴〜
初当選3名義(2連番含む)
前回ド...",True,2026-08
luscjzfwzz,1786899710890,naniwa-danshi-nd5,2026-09-21,14:00,あなぶきアリーナ香川,electronic,female,同時入場,おき,4.7,,ランダム,2026-08-16 17:01:50,2026-08-31 15:01:19,,,listing,1,34800,"ファンクラブ先行　複数名義所持
チケットを複数所持している為、
公演当日は開場時間(※開演時間ではありません)の30分前までに会場付近にお集まり頂き同時入場して...",True,2026-08
y9x8zy55r7,1786456540885,naniwa-danshi-nd5,2026-09-21,14:00,あなぶきアリーナ香川,electronic,female,公演1日前にログイン情報提示,n,5.0,,QR,2026-08-11 13:55:40,2026-08-31 15:01:19,,,listing,2,90000,"FC先行/初期当選/QR毎/すり替えなし/下3桁提示可能/同一クレカなし/エラーなし名義/有効期限内名義/発送戻りなし
前回2025アリツア スタンド名義

公...",True,2026-08
xigdf3mp7v,1787367876646,naniwa-danshi-nd5,2026-09-21,14:00,あなぶきアリーナ香川,electronic,female,同行,y,5.0,,番手,2026-08-22 03:04:36,2026-08-31 15:01:19,,,listing,2,56000,"2名義中2番手 
初期当選、復活当選の2名義/すり替えなし/有効期限内/下3桁提示可/着ブロ希望なし/郵送物戻りなし/過去エラー歴なし/同一クレカ決済なし...",True,2026-08
r7ny5e544x,1786093879515,naniwa-danshi-nd5,2026-09-21,14:00,あなぶきアリーナ香川,electronic,female,同行,り,5.0,,同行番手,2026-08-07 09:11:19,2026-08-31 15:01:19,,,listing,2,63000,"2名義中2番手2連
初期当選 すり替え無し 有効期限内 下3桁提示可

※プラベルに移行もしくはプライベート出品いたしますので、ご購入希望の方はご購入前に必ずコ...",True,2026-08
x116k83bpf,1787225340945,naniwa-danshi-nd5,2026-09-21,14:00,あなぶきアリーナ香川,electronic,female,QR毎,a,5.0,,QR,2026-08-20 11:29:00,2026-08-31 15:01:19,,,listing,1,75000,"【プラベルに切り替えますので購入前にメッセージお願いいたします。】
単番QR毎/ 初期当選 / 有効期限内/発送物戻りなし/下3桁提示可
公演前日にログイン情報...",True,2026-08
njjqaqwxx8,1787321218806,naniwa-danshi-nd5,2026-09-21,14:00,あなぶきアリーナ香川,electronic,female,公演の前日にログイン情報お伝えいたします,えす,5.0,,QR,2026-08-21 14:06:58,2026-08-31 15:01:19,,,listing,2,90000,"QR毎/復活当選/有効期間内名義

公演日の前日にログイン情報をお伝えいたします。下３桁提示可。
入場後は速やかに受取連絡とログアウトの方をよろしくお願い致しま...",True,2026-08
awnndkbkba,1786117093068,naniwa-danshi-nd5,2026-09-21,14:00,あなぶきアリーナ香川,electronic,female,同行,あ,5.0,,同行,2026-08-07 15:38:13,2026-08-31 15:01:19,,,listing,1,82000,"2名義中1番手同行/すり替えなし /下3桁提示可能 /有効期限内/発送物戻りなし/過去エラー履歴なし/全てPay-easy決済/

同行の為道枝担の購入はお控え...",True,2026-08
ej2bg1stve,1786983687652,naniwa-danshi-nd5,2026-09-21,14:00,あなぶきアリーナ香川,electronic,female,同行,m,4.9,,同行番手,2026-08-17 16:21:27,2026-08-31 15:01:19,,,listing,2,60000,🌟4名義中4番手🌟【16:15集合】すべて初期当選、有効期限内、着ブロなし、下3桁提示可能です。複数名義当選のため、開演時刻の1時間15分前までに会場付近に...,True,2026-08
maqeq9gm2u,1786318699692,naniwa-danshi-nd5,2026-09-21,14:00,あなぶきアリーナ香川,electronic,female,初当選&初期当選の同行,あお,5.0,,同行,2026-08-09 23:38:19,2026-08-31 15:01:19,,,listing,1,80000,"初当選/初期当選/重複無し/下3桁提示
有効期限内/郵便物戻り無し/サイチェン不可

同行者を探しております。(大西担不可)

当選履歴無しの初当選。

・公演...",True,2026-08
saicrc1wp6,1785749757179,naniwa-danshi-nd5,2026-09-21,14:00,あなぶきアリーナ香川,electronic,female,直接ログイン情報入力,Ruu,5.0,,QR,2026-08-03 09:35:57,2026-08-31 15:01:19,,,listing,1,70000,"単番QR毎／初期当選/有効期限内／下3桁提示可
会場時間前に会場付近で待ち合わせし、当方がログイン情報を入力させていただきます。
入場後は速やかにログアウト、受...",True,2026-08
v21frkyx6d,1785837014017,naniwa-danshi-nd5,2026-09-21,14:00,あなぶきアリーナ香川,electronic,female,公演前日にログイン情報提示します,💫,5.0,,QR,2026-08-04 09:50:14,2026-08-31 15:01:19,,,listing,1,85000,"プラベル移行可能な方のみ

QR毎/2022年入会後初当選名義/初期当選/下3桁提示可/有効期限内名義/郵送物戻り無し/着ブロ指定無し/同一クレカ等無し

こち...",True,2026-08
tbe0j72xx9,1786417658110,naniwa-danshi-nd5,2026-09-21,14:00,あなぶきアリーナ香川,electronic,female,公演日前日までにQRコード共有,s,5.0,,QR,2026-08-11 03:07:38,2026-08-31 15:01:19,,,listing,2,90000,"QR毎/初期当選/下3桁提示可/有効期限内名義/郵送物戻り無し/すり替え重複なし/着ブロなし

当選歴前回ドームアリーナ名義
前々回スタンド名義

公演前日に必...",True,2026-08
q8l6xrhbhi,1785749824786,naniwa-danshi-nd5,2026-09-21,14:00,あなぶきアリーナ香川,electronic,female,直接ログイン情報入力,Ruu,5.0,,QR,2026-08-03 09:37:04,2026-08-31 15:01:19,,,listing,1,75000,"単番QR毎／初期当選/有効期限内／下3桁提示可
開場時間前に会場付近で待ち合わせし、当方がログイン情報を入力させていただきます。
入場後は速やかにログアウト、受...",True,2026-08
6yq7p2nynv,1787364000031,naniwa-danshi-nd5,2026-09-21,14:00,あなぶきアリーナ香川,electronic,female,同行,ぴ,5.0,,ランダム,2026-08-22 02:00:00,2026-08-31 15:01:19,,,listing,1,28000,"⭐️少人数・指定席のみランダム配布 ⭐️

プラベルにて専用出品いたしますので、購入前にコメントお願いいたします。

女性名義 / 有効期限内 / Pay-ea...",True,2026-08
crr5myigtw,1787364034770,naniwa-danshi-nd5,2026-09-21,14:00,あなぶきアリーナ香川,electronic,female,同行,ぴ,5.0,,ランダム,2026-08-22 02:00:34,2026-08-31 15:01:19,,,listing,1,30000,"⭐️少人数・指定席のみランダム配布 ⭐️

プラベルにて専用出品いたしますので、購入前にコメントお願いいたします。

女性名義 / 有効期限内 / Pay-ea...",True,2026-08
d5de22d3fg,1786148021873,naniwa-danshi-nd5,2026-09-21,14:00,あなぶきアリーナ香川,electronic,female,同行,R,5.0,,ランダム,2026-08-08 00:13:41,2026-08-31 15:01:19,,,listing,1,25000,"FC先行 ランダム配布 

12時半頃待ち合わせを予定しております

ランダム配布の為買い手様の座席選択はできません、こちらでさせて頂きます。

又、デジダルチ...",True,2026-08
yhtpseom7p,1787146771536,naniwa-danshi-nd5,2026-09-21,14:00,あなぶきアリーナ香川,electronic,female,同時入場、ランダム配布,K♡,5.0,,ランダム,2026-08-19 13:39:31,2026-08-31 15:01:19,,,listing,1,27000,"複数名義所持、少人数ランダム配布【FC枠のみ】
🌟🌟お取引経験多数ございますので、スムーズなご対応可能です🌟🌟

プラベルへ移行しますので、購入希望の方...",True,2026-08
l9072w8qwc,1785728397850,naniwa-danshi-nd5,2026-09-21,14:00,あなぶきアリーナ香川,electronic,female,同行,ぷ,5.0,,番手,2026-08-03 03:39:57,2026-08-31 15:01:19,,,listing,2,53000,"3名義中３番手
座席未定  / 初期当選/着ブロ希望なし/重複すり替えなし （ 下3桁掲示可 ）/ 有効期限内名義

ランダムエラー等による返金、座席に関するク...",True,2026-08
d24o7lqa19,1786978099988,naniwa-danshi-nd5,2026-09-21,14:00,あなぶきアリーナ香川,electronic,female,4名義4番手,佐伯,5.0,,番手,2026-08-17 14:48:19,2026-08-31 15:01:19,2026-08-31 09:01:12,transition_observed,sold,2,45000,"4名義中4番手/初期当選/着ブロ指定なし/有効期限内/下3桁提示可/すり替えなし

開場の３０分前に会場付近で集合し、同時入場させていただきます。 
集合場所、...",True,2026-08
jupx54hmxv,1785565878428,naniwa-danshi-nd5,2026-10-10,13:30,エコパアリーナ,electronic,none,同行,k.,5.0,,ランダム,2026-08-01 06:31:18,2026-08-31 15:01:19,,,listing,2,36200,"FC先行 ランダム配布 

12時頃待ち合わせを予定しております

ランダム配布の為買い手様の座席選択はできません、こちらでさせて頂きます。

又、デジダルチケ...",True,2026-08
3qterkgye6,1787355888623,naniwa-danshi-nd5,2026-10-10,13:30,エコパアリーナ,electronic,female,2名義中2番手,ゆ,5.0,,番手,2026-08-21 23:44:48,2026-08-31 15:01:19,,,listing,1,67000,"2名義中2番手(全て2連)
初期当選/すり替え無し/下3桁提示可/有効期限内/着ブロ指定無し/発送物戻り無し/サイチェン可

ご希望であれば連番相手の担当配慮可...",True,2026-08
offwo9xc5a,1787384386720,naniwa-danshi-nd5,2026-10-10,13:30,エコパアリーナ,electronic,female,ランダム配布,に,5.0,,ランダム,2026-08-22 07:39:46,2026-08-31 15:01:19,,,listing,1,25000,"少人数ランダム配布
⭕️プライベート出品可能です
購入後、取引画面にて【当日連絡をとれる電話番号】をご教示ください。チケットお渡し再集合時にはそちらの電話番号へ...",True,2026-08
q78eyj3shx,1787366464524,naniwa-danshi-nd5,2026-10-10,13:30,エコパアリーナ,electronic,female,同行,じゅ,5.0,,同行,2026-08-22 02:41:04,2026-08-31 15:01:19,,,listing,1,53000,"当方(大橋担)と同行になります。
担当と年齢をご提示の上ご連絡お願いいたします。

復活当選/重複すり替えなし/有効期限内/下3桁提示可能
入場後は速やかに受取...",True,2026-08
y8ln94wfmy,1787040187339,naniwa-danshi-nd5,2026-10-10,13:30,エコパアリーナ,electronic,female,公演前日にQRコード共有,a,5.0,,QR,2026-08-18 08:03:07,2026-08-31 15:01:19,,,deleted,2,63000,"QR毎/下3桁提示可/有効期限内名義/初期当選/郵送物戻り無し/着ブロ指定無し/同一クレカ等無し

※プラベル出品に切り替えますので購入希望の方はメッセージをお...",True,2026-08
1u484kas3c,1785763777283,naniwa-danshi-nd5,2026-10-10,13:30,エコパアリーナ,electronic,female,公演前日までにQRコード共有,S,5.0,,QR,2026-08-03 13:29:37,2026-08-31 15:01:19,,,listing,1,80000,"初期当選/QR毎/単番/重複なし/会員有効期限内/すり替えなし/下3桁提示可

公演前日にマイページにて必要な情報をお伝えします。
ご入場後は速やかにログアウト...",True,2026-08
vku17bh4gd,1787062464481,naniwa-danshi-nd5,2026-10-10,13:30,エコパアリーナ,electronic,female,公演日前日にログイン情報共有,あ,5.0,,QR,2026-08-18 14:14:24,2026-08-31 15:01:19,,,listing,1,75000,"QR毎/下2桁提示可/有効期限内名義/初期当選/郵送物戻り無し/着ブロ指定無し/同一クレカ等無し

※プライベート出品に切り替えますので購入希望の方はメッセージ...",True,2026-08
o3y7oxkjhw,1786603101458,naniwa-danshi-nd5,2026-10-10,13:30,エコパアリーナ,electronic,female,同行,y,5.0,,ランダム,2026-08-13 06:38:21,2026-08-31 15:01:19,,,listing,1,40000,"FC先行/初期当選/座席未定/指定席のみのランダム配布/有効期限内/Pay-easy払い

・公演当日こちらが指定する時間と場所に集合して頂き、同時入場して頂き...",True,2026-08
og2nuw0btn,1786080113453,naniwa-danshi-nd5,2026-10-10,13:30,エコパアリーナ,electronic,female,公演前日にQRコード共有,あ,5.0,,QR,2026-08-07 05:21:53,2026-08-31 15:01:19,,,listing,2,75000,"QR毎/下3桁提示可/有効期限内名義/初期当選/郵送物戻り無し/着ブロ指定無し/同一クレカ等無し

公演前日に必要な情報等を連絡ボードにてお伝えします。入金確認...",True,2026-08
frumpur6yp,1785998585546,naniwa-danshi-nd5,2026-10-10,13:30,エコパアリーナ,electronic,female,同時入場,を,5.0,,ランダム,2026-08-06 06:43:05,2026-08-31 15:01:19,,,listing,1,40000,"座席未定/ランダム配布

公演当日、開場時間の30分前に指定した集合場所に集まっていただき同時入場していただきます。複数名義所持しており、入場後一度全てのチケッ...",True,2026-08
lircvb7k84,1787118427793,naniwa-danshi-nd5,2026-10-10,13:30,エコパアリーナ,electronic,female,同行,amu,5.0,,同行,2026-08-19 05:47:07,2026-08-31 15:01:19,,,listing,1,65000,"重複なし/当方と同行/道枝担不可/下3桁提示可/すり替えなし

プラベル可能な方はプラベル出品に切り替えますのでコメントお願いします。

当日は公演1時間前に会...",True,2026-08
t3mzdrdz6y,1787299347492,naniwa-danshi-nd5,2026-10-10,13:30,エコパアリーナ,electronic,female,公演前日QRコード共有,あ,5.0,,QR,2026-08-21 08:02:27,2026-08-31 15:01:19,,,listing,2,65000,"QR毎 復活当選 有効期限内 下3桁提示可 重複すり替えなし エラーや発送物戻りなし 着ブロ希望無し 同行者登録可 

⚠️プライベート出品に切り替えますので購...",True,2026-08
vefelxquus,1786660190402,naniwa-danshi-nd5,2026-10-10,13:30,エコパアリーナ,electronic,female,公演前日にログイン情報開示,あ,5.0,,QR,2026-08-13 22:29:50,2026-08-31 15:01:19,,,listing,1,80000,"初期当選/QR毎/単番/重複なし/会員有効期限内/すり替えなし/下3桁提示可

公演前日にマイページにて必要な情報をお伝えします。
ご入場後は速やかにログアウト...",True,2026-08
tsvi7ei9o3,1787332610799,naniwa-danshi-nd5,2026-10-10,13:30,エコパアリーナ,electronic,female,同行,チケ子,5.0,,ランダム,2026-08-21 17:16:50,2026-08-31 15:01:19,,,listing,1,32000,"指定席のみ 少人数ランダム配布

公演当日、開場時間20分前に待ち合わせし、同時入場していただきます。時間厳守でお願いいたします。

入場後はチケットを回収させ...",True,2026-08
jgiogpzzhb,1787236553727,naniwa-danshi-nd5,2026-10-10,13:30,エコパアリーナ,electronic,female,公演日前日夜にログイン情報共有,り,5.0,,QR,2026-08-20 14:35:53,2026-08-31 15:01:19,,,listing,1,65000,"QR毎/単番/サイチェン可/着ブロ指定なし
復活当選/入金後下3桁提示可/有効期限内
返送物戻り無/同一名義同一住所重複なし
23年新規入会名義、23年アリツ大...",True,2026-08
kqv72ypnoo,1785998862402,naniwa-danshi-nd5,2026-10-10,13:30,エコパアリーナ,electronic,female,同時入場,を,5.0,,番手,2026-08-06 06:47:42,2026-08-31 15:01:19,,,listing,2,65000,"座席未定/初期当選/3名義中3番手/すり替え無し/下3桁提示可/有効期限内/サイチェン可

※全ての名義【代表者/同行者】共にFC会員で当選

公演当日、開場時...",True,2026-08
r99adsiwe3,1785934066188,naniwa-danshi-nd5,2026-10-10,13:30,エコパアリーナ,electronic,female,2名義中2番手,る,5.0,,番手,2026-08-05 12:47:46,2026-08-31 15:01:19,,,listing,2,68000,"⭐️2名義中2番手⭐️
初期当選/期限内名義/すり替えなし/下3桁提示可/

・当日こちらが指定した時間に会場付近にてお待ち合わせし、同時入場していただきます。...",True,2026-08
5gnhj1qim9,1785775941640,naniwa-danshi-nd5,2026-10-10,18:00,エコパアリーナ,electronic,female,公演日の前日にログイン情報お伝えします,えす,5.0,,QR,2026-08-03 16:52:21,2026-08-31 15:01:19,,,listing,2,75000,"QR毎/初期当選/有効期間内名義

公演日の前日にログイン情報をお伝えいたします。下３桁提示可。
入場後は速やかに受取連絡とログアウトの方をよろしくお願い致しま...",True,2026-08
ie0s3t8xo3,1787228674364,naniwa-danshi-nd5,2026-10-10,18:00,エコパアリーナ,electronic,female,同行,s,5.0,,同行,2026-08-20 12:24:34,2026-08-31 15:01:19,,,listing,1,80000,"初期当選/2連中の1枚(同行)/着ブロ希望なし/発送物戻り無し/重複すり替え無し/下3桁提示可/有効期限内

ご購入後のキャンセルは一切承りません。

公演当日...",True,2026-08
2l5xgw7nxo,1786111464019,naniwa-danshi-nd5,2026-10-10,18:00,エコパアリーナ,electronic,female,同行,か,4.7,,ランダム,2026-08-07 14:04:24,2026-08-31 15:01:19,,,listing,1,40000,"【プライベート出品に変更しますので購入前にコメントお願いいたします】
1名義ランダム配布。
1名義で入場し、座席によってはすり替えありでのお渡しです。チケットご...",True,2026-08
yz8bp8vb5f,1786743402705,naniwa-danshi-nd5,2026-10-10,18:00,エコパアリーナ,electronic,female,同行,p,5.0,,番手,2026-08-14 21:36:42,2026-08-31 15:01:19,,,listing,2,59000,"◾️2名義中2番手

※黒服対策あり
※プラベル可能な方5.7までお値下げいたします。

初期当選/期限内名義/すり替えなし/下3桁提示可

・当日こちらが指定...",True,2026-08
ks6f51ess8,1786520216760,naniwa-danshi-nd5,2026-10-10,18:00,エコパアリーナ,electronic,female,同行,M,5.0,,ランダム記載あり,2026-08-12 07:36:56,2026-08-31 15:01:19,,,listing,1,30000,"ファンクラブ先行 座席未定 少人数ランダム配布 条件あり

掲載内容を必ずご確認いただき、【ランダム配布について、下記全てご理解いただける方】のみご購入ください...",True,2026-08
hp4pwo2kuf,1787247089760,naniwa-danshi-nd5,2026-10-10,18:00,エコパアリーナ,electronic,female,公演前日前までにログイン情報提示,取引,5.0,,QR,2026-08-20 17:31:29,2026-08-31 15:01:19,,,listing,2,67000,"2連QR毎のお譲りです。

復活当選/有効期限内/重複すり替えなし/下3桁提示可/代表者同意チェック可/発送物戻り、エラーなし

・公演前日に同行者の同意チェッ...",True,2026-08
71cbg4libl,1786156415731,naniwa-danshi-nd5,2026-10-10,18:00,エコパアリーナ,electronic,female,同時入場,Y,5.0,,番手,2026-08-08 02:33:35,2026-08-31 15:01:19,,,listing,1,58000,"3名義中3番手/初期当選/有効期限内/下3桁提示可/すり替えなし/サイチェン可

☆プラベルまたはプライベート出品に切り替えますのでご購入希望の方はコメントお願...",True,2026-08
ibapg9p2es,1787218836853,naniwa-danshi-nd5,2026-10-10,18:00,エコパアリーナ,electronic,female,公演日にログイン情報提示,m,5.0,,QR,2026-08-20 09:40:36,2026-08-31 15:01:19,,,listing,2,63000,"復活当選 QR毎 下3桁提示可 すり替えなし 有効期限内 座席未定 女性名義 着ブロなし

･公演日にログイン情報など必要事項を連絡ボードにてお伝えいたします。...",True,2026-08
veyvieessa,1787236088992,naniwa-danshi-nd5,2026-10-10,18:00,エコパアリーナ,electronic,female,公演前日までにログイン情報共有,しぃ,5.0,,QR,2026-08-20 14:28:08,2026-08-31 15:01:19,,,listing,2,65000,"復活当選/QR毎/下3桁開示可/重複すり替え無し/有効期限内/着ブロ希望無し

公演前日にログイン情報をお送りいたします。
同行者登録済みのため、同行者分の同意...",True,2026-08
080q4rnwb0,1787381592599,naniwa-danshi-nd5,2026-10-10,18:00,エコパアリーナ,electronic,female,同行,あ,5.0,,同行,2026-08-22 06:53:12,2026-08-31 15:01:19,,,listing,1,75000,"2名義中１番手
すり替えなし同行/下3桁提示可能/有効期限内/2名義とも前回スタンド名義

公演当日、こちらが指定した時間に会場付近で待ち合わせをし、同時入場し...",True,2026-08
gxh3mh8iym,1786156243188,naniwa-danshi-nd5,2026-10-10,18:00,エコパアリーナ,electronic,female,同時入場,Y,5.0,,番手,2026-08-08 02:30:43,2026-08-31 15:01:19,,,listing,1,63000,"3名義中2番手/初期当選/有効期限内/下3桁提示可/すり替えなし/サイチェン可

☆プラベルまたはプライベート出品に切り替えますのでご購入希望の方はコメントお願...",True,2026-08
y9o7nufs3m,1785934156889,naniwa-danshi-nd5,2026-10-10,18:00,エコパアリーナ,electronic,female,2名義中2番手,る,5.0,,番手,2026-08-05 12:49:16,2026-08-31 15:01:19,,,listing,2,68000,"⭐️2名義中2番手⭐️
初期当選/期限内名義/すり替えなし/下3桁提示可/

・当日こちらが指定した時間に会場付近にてお待ち合わせし、同時入場していただきます。...",True,2026-08
kofzmvzppn,1785998996369,naniwa-danshi-nd5,2026-10-10,18:00,エコパアリーナ,electronic,female,同時入場,を,5.0,,番手,2026-08-06 06:49:56,2026-08-31 15:01:19,,,listing,1,70000,"座席未定/初期当選/2名義中2番手/すり替え無し/下3桁提示可/有効期限内/サイチェン可

★プラベル対応可

※全ての名義【代表者/同行者】共にFC会員で当選...",True,2026-08
pf8txq3b4f,1785607720471,naniwa-danshi-nd5,2026-10-10,18:00,エコパアリーナ,electronic,female,公演前日までにログイン情報をお伝えいたします。,あい,5.0,,QR,2026-08-01 18:08:40,2026-08-31 15:01:19,,,listing,1,75000,"QR毎 すり替えなし 有効期限内 初期当選
ご自身の端末でログイン、入場をよろしくお願いいたします。
入場後は開演時間までに受け取り通知をお願いいたします。
座...",True,2026-08
e3w25ek3o4,1787383826691,naniwa-danshi-nd5,2026-10-10,18:00,エコパアリーナ,electronic,female,公演日1日前までにログイン情報,み,5.0,,QR,2026-08-22 07:30:26,2026-08-31 15:01:19,,,listing,2,67500,"⭐️復活当選
下3桁提示提示可能/サイチェン可能/代表者同意チェック可能/初期当選有効期限内
過去ランエラ、発送物戻り停止全て該当なし
公演中止以外のランエラ等...",True,2026-08
0rz8v1s5ee,1787384548084,naniwa-danshi-nd5,2026-10-10,18:00,エコパアリーナ,electronic,female,ランダム配布,に,5.0,,同行記載あり,2026-08-22 07:42:28,2026-08-31 15:01:19,,,listing,1,25000,"少人数ランダム配布
⭕️プライベート出品可能です
購入後、取引画面にて【当日連絡をとれる電話番号】をご教示ください。チケットお渡し再集合時にはそちらの電話番号へ...",True,2026-08
sobyuutcb9,1785999107261,naniwa-danshi-nd5,2026-10-10,18:00,エコパアリーナ,electronic,female,同時入場,を,5.0,,ランダム,2026-08-06 06:51:47,2026-08-31 15:01:19,,,listing,1,40000,"座席未定/ランダム配布

★プラベル対応可

公演当日、開場時間の30分前に指定した集合場所に集まっていただき同時入場していただきます。複数名義所持しており、入...",True,2026-08
e89wq9qriz,1786211826558,naniwa-danshi-nd5,2026-10-10,18:00,エコパアリーナ,electronic,female,同行,m,5.0,,ランダム,2026-08-08 17:57:06,2026-08-31 15:01:19,,,listing,2,35000,"少人数ランダム配布
黒服対策あり
プラベルも対応しておりますので希望の方はお気軽にご連絡ください。

同時入場後にこちらでチケット回収後、一度解散し、再度待ち合...",True,2026-08
jcjr4onzx2,1787238422148,naniwa-danshi-nd5,2026-10-10,18:00,エコパアリーナ,electronic,female,同行,にこ,5.0,,番手,2026-08-20 15:07:02,2026-08-31 15:01:19,,,listing,1,55000,"3名義中3番手/すり替えなし/下3桁提示可能/復活当選含む/発送物戻り全てなし

単番×3名義
の中から3番目のお席です。
前回アリーナ×1,スタンド×2

・...",True,2026-08
dzfwqbrt9c,1787326010353,naniwa-danshi-nd5,2026-10-10,18:00,エコパアリーナ,electronic,female,公演前日までにログイン情報共有いたします,15,5.0,,QR,2026-08-21 15:26:50,2026-08-31 15:01:19,,,listing,2,65000,"プライベート出品させていただきますので、お声がけ下さい。

復活当選/QR毎/有効期限内/下3桁提示可 /配送物戻りなし/着ブロ希望無/サイチェン可

・公演日...",True,2026-08
7rymoqnxe7,1786742812877,naniwa-danshi-nd5,2026-10-10,18:00,エコパアリーナ,electronic,female,同行,み,5.0,,ランダム,2026-08-14 21:26:52,2026-08-31 15:01:19,,,listing,1,34000,"⭐️指定席のみ⭐️少人数入場のランダム配布
ランダム配布の為座席はお選び頂けません。
同時入場後、一度チケットを全て回収します。こちらがチケットを選び終えてから...",True,2026-08
bzype8l36v,1786187872340,naniwa-danshi-nd5,2026-10-10,18:00,エコパアリーナ,electronic,female,前日にログイン情報共有,Y,5.0,,QR,2026-08-08 11:17:52,2026-08-31 15:01:19,,,listing,2,75000,"QR毎/初期当選/有効期間内/下3桁提示可/着ブロ指定なし

過去当選歴なし、初当選名義です。
公演日の前日にログイン情報を共有させていただく予定です。
入場後...",True,2026-08
vck9pjhxsk,1787290475291,naniwa-danshi-nd5,2026-10-11,13:00,エコパアリーナ,electronic,female,同行,🎀,5.0,,同行,2026-08-21 05:34:35,2026-08-31 15:01:19,,,listing,1,80000,"初期当選/重複すり替えなし同行/サイチェン不可/高橋担不可

・当日は開演1時間前前後に会場付近にて待ち合わせ予定です。

・サイチェン、録音録画等名義を傷付け...",True,2026-08
7ffxagmclu,1786861444837,naniwa-danshi-nd5,2026-10-11,13:00,エコパアリーナ,electronic,female,同行,も,5.0,,番手,2026-08-16 06:24:04,2026-08-31 15:01:19,,,listing,1,46500,"3名義中3番手 すり替えなし 下3桁提示可能
全て初期当選 有効期限内
お手数ですが以下全てお読みいただき、ご了承いただける方のみご購入ください。

・QRコー...",True,2026-08
0zns6db1qk,1786111510039,naniwa-danshi-nd5,2026-10-11,13:00,エコパアリーナ,electronic,female,同行,か,4.7,,ランダム,2026-08-07 14:05:10,2026-08-31 15:01:19,,,listing,1,40000,"【プライベート出品に変更しますので購入前にコメントお願いいたします】
1名義ランダム配布。
1名義で入場し、座席によってはすり替えありでのお渡しです。チケットご...",True,2026-08
qtgq4iwivi,1786204067342,naniwa-danshi-nd5,2026-10-11,13:00,エコパアリーナ,electronic,female,当日,り,5.0,,,2026-08-08 15:47:47,2026-08-31 15:01:19,,,listing,1,72000,2枚義中1番手/下３桁提示可/すり替えなし/有効期限内/発送物戻りなし,True,2026-08
hbodozfatk,1786899828727,naniwa-danshi-nd5,2026-10-11,13:00,エコパアリーナ,electronic,female,同時入場,おき,4.7,,ランダム,2026-08-16 17:03:48,2026-08-31 15:01:19,,,listing,1,32000,"ファンクラブ先行　複数名義所持
チケットを複数所持している為、
公演当日は開場時間(※開演時間ではありません)の30分前までに会場付近にお集まり頂き同時入場して...",True,2026-08
ce61o8zdb5,1787384591805,naniwa-danshi-nd5,2026-10-11,13:00,エコパアリーナ,electronic,female,ランダム配布,に,5.0,,ランダム,2026-08-22 07:43:11,2026-08-31 15:01:19,,,listing,1,25000,"少人数ランダム配布
⭕️プライベート出品可能です
購入後、取引画面にて【当日連絡をとれる電話番号】をご教示ください。チケットお渡し再集合時にはそちらの電話番号へ...",True,2026-08
4azrt4gyeq,1786203984473,naniwa-danshi-nd5,2026-10-11,13:00,エコパアリーナ,electronic,female,2名義中2番手,り,5.0,,番手,2026-08-08 15:46:24,2026-08-31 15:01:19,,,listing,2,62000,下3桁提示可/すり替えなし/初期当選/発送物戻りなし/有効期限内,True,2026-08
cvffx5x3ek,1787365420772,naniwa-danshi-nd5,2026-10-11,13:00,エコパアリーナ,electronic,female,同行,♡,5.0,,ランダム,2026-08-22 02:23:40,2026-08-31 15:01:19,,,listing,1,40000,"すり替えあり3名義以下のランダム

プラベル移行できる方、一部当日手渡し対応できる方優先

開場30分前集合です。
同時入場後チケットをこちらが預かり、1度解散...",True,2026-08
2axsdqgwpa,1786896104034,naniwa-danshi-nd5,2026-10-11,17:30,エコパアリーナ,electronic,female,公演前日にログイン情報共有,N,5.0,,QR,2026-08-16 16:01:44,2026-08-31 15:01:19,,,listing,1,80000,"初期当選名義/下3桁開示可能/単番当選/有効期限内/着ブロ指定なし

プライベート出品に変更するためコメントよろしくお願いします。
主催者による公演中止以外いか...",True,2026-08
k49gcpbywf,1786459538061,naniwa-danshi-nd5,2026-10-11,17:30,エコパアリーナ,electronic,female,QR毎,☆,5.0,,QR,2026-08-11 14:45:38,2026-08-31 15:01:19,,,listing,2,65000,"2連QR毎

初期当選/下3桁提示可能/有効期限内／サイチェン可/着ブロ希望なし/ランダムエラー・発送物戻りなし/当選歴なし初当選名義

・公演前日にログイン情...",True,2026-08
uesdfplz59,1786952430602,naniwa-danshi-nd5,2026-10-11,17:30,エコパアリーナ,electronic,female,番手,い,5.0,,番手,2026-08-17 07:40:30,2026-08-31 15:01:19,,,listing,2,52500,"3名義中3番手/すり替えなし/有効期限内/初期当選/下3桁提示可能 

初当選×2、前回スタンド×1

同時入場後、当方が座席選んだ後、3名義の中から座席を選ん...",True,2026-08
dgfkurwny7,1787099175977,naniwa-danshi-nd5,2026-10-11,17:30,エコパアリーナ,electronic,female,同行,もも,5.0,,ランダム,2026-08-19 00:26:15,2026-08-31 15:01:19,,,listing,1,35000,"1名義、1枚のみランダムでのお譲りです。
開場20分前に会場付近にて待ち合わせ、同時入場していただきます。
入場後座席を確認し、開演15分前までにチケットをお渡...",True,2026-08
2ds34zr1x5,1786899877526,naniwa-danshi-nd5,2026-10-11,17:30,エコパアリーナ,electronic,female,同時入場,おき,4.7,,ランダム,2026-08-16 17:04:37,2026-08-31 15:01:19,,,listing,1,31800,"ファンクラブ先行　複数名義所持
チケットを複数所持している為、
公演当日は開場時間(※開演時間ではありません)の30分前までに会場付近にお集まり頂き同時入場して...",True,2026-08
rejc8toafy,1786541439622,naniwa-danshi-nd5,2026-10-11,17:30,エコパアリーナ,electronic,female,公演前日夜にログイン情報提示致します。,モリ,5.0,,QR,2026-08-12 13:30:39,2026-08-31 15:01:19,,,listing,1,79000,,True,2026-08
i3xrqr0t96,1787228747943,naniwa-danshi-nd5,2026-10-11,17:30,エコパアリーナ,electronic,female,同行,s,5.0,,同行,2026-08-20 12:25:47,2026-08-31 15:01:19,,,listing,1,80000,"初期当選/2連中の1枚(同行)/着ブロ希望なし/発送物戻り無し/重複すり替え無し/下3桁提示可/有効期限内

ご購入後のキャンセルは一切承りません。

公演当日...",True,2026-08
ma3838okrh,1787384638680,naniwa-danshi-nd5,2026-10-11,17:30,エコパアリーナ,electronic,female,ランダム配布,に,5.0,,ランダム,2026-08-22 07:43:58,2026-08-31 15:01:19,,,listing,1,25000,"少人数ランダム配布
⭕️プライベート出品可能です
購入後、取引画面にて【当日連絡をとれる電話番号】をご教示ください。チケットお渡し再集合時にはそちらの電話番号へ...",True,2026-08
hdjvz50d6w,1786186208691,naniwa-danshi-nd5,2026-10-11,17:30,エコパアリーナ,electronic,female,同行,ぽむ,5.0,,番手,2026-08-08 10:50:08,2026-08-31 15:01:19,,,listing,2,65000,"2名義中2番手

初期当選/有効期限内/下3桁提示可/すり替えなし/発送物戻りなし/着ブロ希望無し

入金後2名義分の下3桁を提示いたします。

当日はこちらが...",True,2026-08
ny1zhfc231,1786211902660,naniwa-danshi-nd5,2026-10-11,17:30,エコパアリーナ,electronic,female,同行,m,5.0,,ランダム,2026-08-08 17:58:22,2026-08-31 15:01:19,,,listing,2,35000,"少人数ランダム配布
黒服対策あり
プラベルも対応しておりますので希望の方はお気軽にご連絡ください。

同時入場後にこちらでチケット回収後、一度解散し、再度待ち合...",True,2026-08
asm2nbf2cj,1785924641820,naniwa-danshi-nd5,2026-10-11,17:30,エコパアリーナ,electronic,female,QR,☆,5.0,,同行記載あり,2026-08-05 10:10:41,2026-08-31 15:01:19,,,listing,2,65000,QRごと。すり替えなし。下3桁提示可能。有効期限内。初期当選。着ブロ希望なし。郵送物戻りなし。コンビニ決済。過去エラーなし。同行者チェックのみこちらで行います。...,True,2026-08
rj2pjb5n31,1786952522889,naniwa-danshi-nd5,2026-10-11,17:30,エコパアリーナ,electronic,female,番手,い,5.0,,番手,2026-08-17 07:42:02,2026-08-31 15:01:19,,,listing,2,67000,"3名義中2番手/すり替えなし/有効期限内/初期当選/下3桁提示可能 


同時入場後、当方が座席選んだ後、残りの2名義の中から座席を選んでいただきます。

詳し...",True,2026-08
01eoo0con4,1787234361297,naniwa-danshi-nd5,2026-10-11,17:30,エコパアリーナ,electronic,female,番手,り,5.0,,番手,2026-08-20 13:59:21,2026-08-31 15:01:19,,,listing,2,60000,"3名義中3番手

初期当選/有効期限内/同一クレカの支払いなし/すり替えなし/下3桁提示可/サイチェン不可

開場時間前までに、会場付近にて待ち合わせをし同時入...",True,2026-08
zafofobs9g,1787308820354,naniwa-danshi-nd5,2026-10-11,17:30,エコパアリーナ,electronic,female,【3名義中2番手】,ちぇ⭐️,5.0,,同行番手,2026-08-21 10:40:20,2026-08-31 15:01:19,,,listing,1,70000,"初期当選のみ/有効期限内/すり替えなし/下3桁掲示可/サイチェン可

★3名義中2番手　2連✖︎3名義
※当方と同行(大西担❌)
※過去エラー等不備無い名義です...",True,2026-08
98zixnox56,1787332889889,naniwa-danshi-nd5,2026-10-11,17:30,エコパアリーナ,electronic,female,同行,チケ子,5.0,,ランダム,2026-08-21 17:21:29,2026-08-31 15:01:19,,,listing,1,30000,"指定席のみ　少人数ランダム配布

公演当日、開場時間20分前に待ち合わせし、同時入場していただきます。時間厳守でお願いいたします。

入場後はチケットを回収させ...",True,2026-08
z5vijk8oow,1786935154493,naniwa-danshi-nd5,2026-10-11,17:30,エコパアリーナ,electronic,female,同行,取引,5.0,,同行,2026-08-17 02:52:34,2026-08-31 15:01:19,,,listing,1,70000,"同行/重下3桁提示可/サイチェン可/重複、すり替えなし
高橋担不可
・連番内のお座席の選択は出来ません。座席選択後チケットをお渡ししますので、その場で受取連絡お...",True,2026-08
ytru20648u,1785564294462,naniwa-danshi-nd5,2026-10-11,17:30,エコパアリーナ,electronic,female,公演前日にログイン情報共有,✨,5.0,,QR,2026-08-01 06:04:54,2026-08-31 15:01:19,,,listing,1,78000,"初期当選名義/下3桁開示可能/単番当選/有効期限内/着ブロ指定なし

主催者による公演中止以外のいかなる状況（ランダムエラー、体調不良や交通状況等）で入場できな...",True,2026-08
l281tat7bg,1787106206148,naniwa-danshi-nd5,2026-10-11,17:30,エコパアリーナ,electronic,female,番手,り,5.0,,番手,2026-08-19 02:23:26,2026-08-31 15:01:19,,,listing,2,70000,"3名義中2番手

初期当選/有効期限内/同一クレカの支払いなし/すり替えなし/下3桁提示可/サイチェン不可

開場時間前までに、会場付近にて待ち合わせをし同時入...",True,2026-08
e5qws39pos,1787265777337,naniwa-danshi-nd5,2026-10-11,17:30,エコパアリーナ,paper,female,当日手渡し【3名義中2番手】,ちぇ⭐️,5.0,,番手同行,2026-08-20 22:42:57,2026-08-31 15:01:19,,,listing,1,68500,"初期当選のみ/有効期限内/すり替えなし/下3桁掲示可/サイチェン可

⭐️プラベル以降いたしますので担当記載の上メッセージお願いいたします。

★3名義中2番手...",True,2026-08
a8ozgcqilq,1787230403210,naniwa-danshi-nd5,2026-10-11,17:30,エコパアリーナ,electronic,female,ランダム配布,m,5.0,,ランダム記載あり,2026-08-20 12:53:23,2026-08-31 15:01:19,,,listing,1,36000,"1名義のみのランダム配布になります。

上乗せで早渡し、相場買取対応可能です。
1部サイト通し残り当日手渡し対応も可能ですのでご希望の方はメッセージお願い致しま...",True,2026-08
15avf3acz2,1785934208080,naniwa-danshi-nd5,2026-10-11,17:30,エコパアリーナ,electronic,female,2名義中2番手,る,5.0,,番手,2026-08-05 12:50:08,2026-08-31 15:01:19,,,listing,2,68000,"⭐️2名義中2番手⭐️
初期当選/期限内名義/すり替えなし/下3桁提示可/

・当日こちらが指定した時間に会場付近にてお待ち合わせし、同時入場していただきます。...",True,2026-08
9gleuk27me,1786212005339,naniwa-danshi-nd5,2026-10-12,14:00,エコパアリーナ,electronic,female,同行,m,5.0,,ランダム,2026-08-08 18:00:05,2026-08-31 15:01:19,,,listing,2,35000,ランダム配布 黒服対策あり プラベルも対応しておりますので希望の方はお気軽にご連絡ください。  同時入場後にこちらでチケット回収後、一度解散し、再度待ち合わせを...,True,2026-08
bwgj99ke9p,1786284330505,naniwa-danshi-nd5,2026-10-12,14:00,エコパアリーナ,electronic,female,公演日前日にログイン情報共有,める,5.0,,QR,2026-08-09 14:05:30,2026-08-31 15:01:19,,,listing,2,70000,"QR毎 / すり替えなし / 下3桁提示可 / 初期当選 / 有効期限内 / 郵便物戻りなし / 着ブロ選択なし / FC×非会員にてエントリー

⭐️前回スタ...",True,2026-08
mdan0pkzwb,1787384674069,naniwa-danshi-nd5,2026-10-12,14:00,エコパアリーナ,electronic,female,ランダム配布,に,5.0,,ランダム,2026-08-22 07:44:34,2026-08-31 15:01:19,,,listing,1,25000,"少人数ランダム配布
⭕️プライベート出品可能です
購入後、取引画面にて【当日連絡をとれる電話番号】をご教示ください。チケットお渡し再集合時にはそちらの電話番号へ...",True,2026-08
t3g4kgn7j2,1786899921731,naniwa-danshi-nd5,2026-10-12,14:00,エコパアリーナ,electronic,female,同時入場,おき,4.7,,ランダム,2026-08-16 17:05:21,2026-08-31 15:01:19,,,listing,1,29000,"ファンクラブ先行　複数名義所持
チケットを複数所持している為、
公演当日は開場時間(※開演時間ではありません)の30分前までに会場付近にお集まり頂き同時入場して...",True,2026-08
qy6g93gsdp,1787229541937,naniwa-danshi-nd5,2026-10-12,14:00,エコパアリーナ,electronic,male,公演前日にQRコード共有,はむ,5.0,,QR,2026-08-20 12:39:01,2026-08-31 15:01:19,,,listing,1,65000,"単番QR毎/復活当選/有効期限内/すり替え重複なし/下3桁提示可/サイチェン可/着ブロなし/過去エラーなし/発送物戻りなし/その他諸々不備なし

今回初当選の名...",True,2026-08
bd32n93zon,1786156332264,naniwa-danshi-nd5,2026-10-12,14:00,エコパアリーナ,electronic,female,QR毎,ぴ,5.0,,QR,2026-08-08 02:32:12,2026-08-31 15:01:19,,,listing,2,75000,"ファンクラブ先行/初期当選/下3桁提示可/有効期限内/郵送物返却無し/エラー歴無し/過去1stLove（スタンド）のみ当選歴有り

・応募時に同行者登録済みのた...",True,2026-08
djbh92z67q,1786435968522,naniwa-danshi-nd5,2026-10-12,14:00,エコパアリーナ,electronic,female,同行,aaa,5.0,,同行,2026-08-11 08:12:48,2026-08-31 15:01:19,,,listing,1,75000,"初期当選/2連中の1枚(同行)/着ブロ希望なし/発送物戻り無し/重複すり替え無し/下3桁提示可/有効期限内

購入後のキャンセルは一切承りません。

公演当日は...",True,2026-08
rfcang7474,1787217442247,naniwa-danshi-nd5,2026-10-12,14:00,エコパアリーナ,electronic,female,3名義中3番手,に,5.0,,同行,2026-08-20 09:17:22,2026-08-31 15:01:19,,,listing,2,48000,"3名義中3番手/初期当選×3/下3桁提示可/有効期限内

◎プライベート出品可能です

開場30分前を目安に会場付近にて集合し、同時入場お願いします。
複数名義...",True,2026-08
16v71o062o,1787333003605,naniwa-danshi-nd5,2026-10-12,14:00,エコパアリーナ,electronic,female,同行,チケ子,5.0,,ランダム,2026-08-21 17:23:23,2026-08-31 15:01:19,,,listing,1,30000,"指定席のみ 少人数ランダム配布

公演当日、開場時間20分前に待ち合わせし、同時入場していただきます。時間厳守でお願いいたします。

入場後はチケットを回収させ...",True,2026-08
cij38mqivl,1786215301050,naniwa-danshi-nd5,2026-10-12,14:00,エコパアリーナ,electronic,female,同行,あ,5.0,,ランダム,2026-08-08 18:55:01,2026-08-31 15:01:19,,,listing,1,31000,"少人数ランダム配布  開演20分前までに必ずチケット配布します  席によっては即渡し
指定席のみ

同時入場後、こちらで一度チケットを回収しランダムで配布したし...",True,2026-08
3ga06mljph,1787245018915,naniwa-danshi-nd5,2026-10-12,14:00,エコパアリーナ,electronic,female,少人数ランダム配布,⭐️,5.0,,ランダム同行,2026-08-20 16:56:58,2026-08-31 15:01:19,,,listing,2,26000,"少人数ランダム配布/初期当選/有効期限内/郵送物戻り無/同一クレカ無

同時入場後一度チケットを回収しランダムでチケットをお渡し致します。入場後は座席選択の為お...",True,2026-08
11akq4ngi2,1787271726062,naniwa-danshi-nd5,2026-10-12,14:00,エコパアリーナ,electronic,female,同行,あくび,5.0,,番手,2026-08-21 00:22:06,2026-08-31 15:01:19,,,listing,2,68000,"・2名義中2番手でのお譲りです。
・初期選／有効期限内
・ 下3桁開示可能
・すり替えなし

公演当日、同時入場となります。
入場後は速やかに受取連絡・評価をお...",True,2026-08
5t57p3vj9r,1787244776564,naniwa-danshi-nd5,2026-10-12,14:00,エコパアリーナ,electronic,female,座席未定 ランダム配布 有効期限内 初期当選 郵送物戻り無 同一クレカ無,⭐️,5.0,,ランダム同行,2026-08-20 16:52:56,2026-08-31 15:01:19,,,listing,2,26000,"少人数ランダム配布/初期当選/有効期限内/郵送物戻り無/同一クレカ無

同時入場後一度チケットを回収しランダムでチケットをお渡し致します。入場後は座席選択の為お...",True,2026-08
9s6v58nfst,1786674054832,naniwa-danshi-nd5,2026-10-24,13:00,ららアリーナ 東京ベイ（LaLa arena TOKYO-BAY）,electronic,female,3名義中3番手,ロッティ,5.0,,番手,2026-08-14 02:20:54,2026-08-31 15:01:19,,,listing,2,0,"【ご購入前に必ずコメントをお願いいたします】

⭐️プラベル通し

お取引条件を事前に確認させていただきたいため、ご購入申請の前に必ずコメントをお願いいたします...",True,2026-08
wu4pd91fy1,1786674017414,naniwa-danshi-nd5,2026-10-24,13:00,ららアリーナ 東京ベイ（LaLa arena TOKYO-BAY）,electronic,female,3名義中2番手,ロッティ,5.0,,番手,2026-08-14 02:20:17,2026-08-31 15:01:19,,,listing,1,0,"【ご購入前に必ずコメントをお願いいたします】

⭐️プラベル通し

お取引条件を事前に確認させていただきたいため、ご購入申請の前に必ずコメントをお願いいたします...",True,2026-08
9k0418eh31,1785906533779,naniwa-danshi-nd5,2026-10-24,13:00,ららアリーナ 東京ベイ（LaLa arena TOKYO-BAY）,electronic,female,同行,あ,5.0,,同行,2026-08-05 05:08:53,2026-08-31 15:01:19,,,listing,1,80000,"即決8.0\枚（当方と同行）
ご希望額をご提示ください。

初期当選/有効期限内/重複すり替えなし
前回2026ドームスタンド当選

代表者のみ本人確認可能です...",True,2026-08
mm2m9h6q55,1786617799462,naniwa-danshi-nd5,2026-10-24,13:00,ららアリーナ 東京ベイ（LaLa arena TOKYO-BAY）,electronic,female,同行,り,5.0,,同行,2026-08-13 10:43:19,2026-08-31 15:01:19,,,listing,1,67000,"初期当選/すり替えなし/下3桁提示可能/有効期限内名義/Pay-easy決済/発送物戻りなし/着ブロ希望なし
代表者本人確認可能名義

公演中止以外いかなる場合...",True,2026-08
pitzvy1tjk,1785606732605,naniwa-danshi-nd5,2026-10-24,13:00,ららアリーナ 東京ベイ（LaLa arena TOKYO-BAY）,electronic,female,QRコードのため発券時まで、座席未定,DXT,5.0,,番手,2026-08-01 17:52:12,2026-08-31 15:01:19,,,listing,2,51000,"・2名義中2番手の座席をお渡しさせていただきます。（下3桁提示可能）
・当方が座席選択後お渡しさせていただきます。
・チケット発券後座席確認しに行く可能性があり...",True,2026-08
0jtnxzc93c,1786087482890,naniwa-danshi-nd5,2026-10-24,18:00,ららアリーナ 東京ベイ（LaLa arena TOKYO-BAY）,electronic,female,同行もしくはQRごと/公演前日ログイン情報共有,な,5.0,,QR同行,2026-08-07 07:24:42,2026-08-31 15:01:19,,,listing,2,60000,"重複なし/FC先行/座席未定/QRごともしくは同行/着ブロなし/下3桁提示可/有効期限内/ 発送物返送歴なし/すり替えなし

QRコードごともしくは同行にてお譲...",True,2026-08
s9ifmkvt5o,1786502538867,naniwa-danshi-nd5,2026-10-24,18:00,ららアリーナ 東京ベイ（LaLa arena TOKYO-BAY）,electronic,female,公演日3日前にログイン情報共有,a,5.0,,QR,2026-08-12 02:42:18,2026-08-31 15:01:19,,,listing,2,45000,"QR毎
初期当選/下3桁提示可能/有効期限内/着ブロ希望なし /

本人確認、システムエラー、ランダムエラー、体調不良、遅延等の買い手様都合での返金やキャンセル...",True,2026-08
rnbgv1gxst,1786673846497,naniwa-danshi-nd5,2026-10-24,18:00,ららアリーナ 東京ベイ（LaLa arena TOKYO-BAY）,electronic,female,3名義中2番手,ロッティ,5.0,,番手,2026-08-14 02:17:26,2026-08-31 15:01:19,,,listing,2,0,"【ご購入前に必ずコメントをお願いいたします】

⭐️プラベル通し

お取引条件を事前に確認させていただきたいため、ご購入申請の前に必ずコメントをお願いいたします...",True,2026-08
xezo5fsjeq,1786673889758,naniwa-danshi-nd5,2026-10-24,18:00,ららアリーナ 東京ベイ（LaLa arena TOKYO-BAY）,electronic,female,3名義中3番手,ロッティ,5.0,,番手,2026-08-14 02:18:09,2026-08-31 15:01:19,,,listing,2,0,"【ご購入前に必ずコメントをお願いいたします】

⭐️プラベル通し

お取引条件を事前に確認させていただきたいため、ご購入申請の前に必ずコメントをお願いいたします...",True,2026-08
dibuhs6512,1786673643071,naniwa-danshi-nd5,2026-10-25,12:30,ららアリーナ 東京ベイ（LaLa arena TOKYO-BAY）,electronic,female,3名義中2番手,ロッティ,5.0,,番手,2026-08-14 02:14:03,2026-08-31 15:01:19,,,listing,1,0,"【ご購入前に必ずコメントをお願いいたします】

⭐️プラベル通し

お取引条件を事前に確認させていただきたいため、ご購入申請の前に必ずコメントをお願いいたします...",True,2026-08
z2rdbemewu,1786673698220,naniwa-danshi-nd5,2026-10-25,12:30,ららアリーナ 東京ベイ（LaLa arena TOKYO-BAY）,electronic,female,3名義中3番手,ロッティ,5.0,,番手,2026-08-14 02:14:58,2026-08-31 15:01:19,,,listing,2,0,"【ご購入前に必ずコメントをお願いいたします】

⭐️プラベル通し

お取引条件を事前に確認させていただきたいため、ご購入申請の前に必ずコメントをお願いいたします...",True,2026-08
oewlyfqsu6,1786280806655,naniwa-danshi-nd5,2026-10-25,12:30,ららアリーナ 東京ベイ（LaLa arena TOKYO-BAY）,electronic,female,公演日前日までにQRコード共有,m,5.0,,QR,2026-08-09 13:06:46,2026-08-31 15:01:19,,,listing,2,0,"重複・すり替えなし/下3桁提示可能/FC先行初期当選/発送物戻りなし

💫購入希望の方プラベルにて出品いたしますので気軽にメッセージ下さい

公演前日夜にログ...",True,2026-08
emr5q9zx7q,1786155030554,naniwa-danshi-nd5,2026-10-25,12:30,ららアリーナ 東京ベイ（LaLa arena TOKYO-BAY）,electronic,female,座席未定、ランダム配布、座席選択不可,N,5.0,,ランダム,2026-08-08 02:10:30,2026-08-31 15:01:19,,,listing,1,35000,"
・重複当選のため同時入場後一旦チケットを回収し当方が座席を選んだ後残りのチケットをランダムに配布します。


・公演当日は開演1時間半前会場付近で待ち合わせし...",True,2026-08
1rs3g3x11e,1786673471099,naniwa-danshi-nd5,2026-10-25,17:30,ららアリーナ 東京ベイ（LaLa arena TOKYO-BAY）,electronic,female,3名義中2番手,ロッティ,5.0,,番手,2026-08-14 02:11:11,2026-08-31 15:01:19,,,listing,2,0,"【ご購入前に必ずコメントをお願いいたします】

⭐️プラベル通し

お取引条件を事前に確認させていただきたいため、ご購入申請の前に必ずコメントをお願いいたします...",True,2026-08
02p62889vg,1786729446999,naniwa-danshi-nd5,2026-10-25,17:30,ららアリーナ 東京ベイ（LaLa arena TOKYO-BAY）,electronic,male,公演日前日にQRコード共有,あ,5.0,,QR,2026-08-14 17:44:06,2026-08-31 15:01:19,,,listing,2,66000,"FC先行、座席未定、QR毎

公演日の前日にログイン情報を連絡ボードにて提示します。
ご希望であれば会員番号下3桁を事前にお伝えします。
ご自身の端末でログイン...",True,2026-08
xovrqtny8w,1786166223608,naniwa-danshi-nd5,2026-10-25,17:30,ららアリーナ 東京ベイ（LaLa arena TOKYO-BAY）,electronic,female,公演前日にログイン情報共有,a,5.0,,QR,2026-08-08 05:17:03,2026-08-31 15:01:19,,,listing,2,68000,"QR毎/初期当選/有効期限内/下3桁提示可/着ブロ指定なし/クレカ決済(同一クレカ決済なし)/同一氏名名義を含め過去エラーなし/発送物戻りなし

公演前日に連絡...",True,2026-08
noa005q2yj,1786968492877,naniwa-danshi-nd5,2026-10-25,17:30,ららアリーナ 東京ベイ（LaLa arena TOKYO-BAY）,electronic,female,同行,ティンカーベル,5.0,,同行記載あり,2026-08-17 12:08:12,2026-08-31 15:01:19,,,listing,1,67218,"一部サイトに変更でも構いませんので、ご自身の担当様を添えてコメントください。当方の手数料はご負担いただきます。

当方と同行（長尾担❌）

当日会場付近で待ち合...",True,2026-08
zi4mitzl3h,1785853049269,naniwa-danshi-nd5,2026-10-25,17:30,ららアリーナ 東京ベイ（LaLa arena TOKYO-BAY）,electronic,female,QR毎,なちゃん,5.0,,QR,2026-08-04 14:17:29,2026-08-31 15:01:19,,,listing,2,70000,,True,2026-08
px4podfnvt,1786673402297,naniwa-danshi-nd5,2026-10-25,17:30,ららアリーナ 東京ベイ（LaLa arena TOKYO-BAY）,electronic,female,3名義中3番手,ロッティ,5.0,,番手,2026-08-14 02:10:02,2026-08-31 15:01:19,,,listing,2,0,"【ご購入前に必ずコメントをお願いいたします】

⭐️プラベル通し

お取引条件を事前に確認させていただきたいため、ご購入申請の前に必ずコメントをお願いいたします...",True,2026-08
b60x79nn48,1786442310535,naniwa-danshi-nd5,2026-10-25,17:30,ららアリーナ 東京ベイ（LaLa arena TOKYO-BAY）,electronic,female,公演日1日前の夕方頃にQRコード共有,®️,4.4,,QR,2026-08-11 09:58:30,2026-08-31 15:01:19,,,listing,1,0,"QR毎FC先行/当選歴.昨年スタンド_チケットホルダー登録済/下3桁提示可能/着ブロ希望なし/有効期限内名義/持ち戻りなし/

単番QR毎のお譲りとなります。...",True,2026-08
foo3y7kzga,1786549044576,naniwa-danshi-nd5,2026-10-25,17:30,ららアリーナ 東京ベイ（LaLa arena TOKYO-BAY）,electronic,female,同行,さ,5.0,,番手,2026-08-12 15:37:24,2026-08-31 15:01:19,,,listing,2,55000,"2名義中2番手/すり替えなし /下3桁提示可能/本人確認対応可能/初期当選有効期限内/着ブ口選択なし

円滑なお取引をするため、日本語の理解できる女性の方のみご...",True,2026-08
ka10vdmb1z,1786244149147,naniwa-danshi-nd5,2026-10-26,18:00,ららアリーナ 東京ベイ（LaLa arena TOKYO-BAY）,electronic,female,同行,R,5.0,,ランダム,2026-08-09 02:55:49,2026-08-31 15:01:19,,,listing,1,35000,"  
・当日会場付近にてお待ち合わせし、同時入場をお願いいたします。
お待ち合せ時間/お待ち合せ場所の詳細は公演当日までに取引メッセージにてご連絡させていただき...",True,2026-08
l9pf09itea,1787309922437,naniwa-danshi-nd5,2026-10-26,18:00,ららアリーナ 東京ベイ（LaLa arena TOKYO-BAY）,electronic,female,公演前日にQRコード共有,ぞう,5.0,,ランダム記載あり,2026-08-21 10:58:42,2026-08-31 15:01:19,,,listing,2,50000,"QR毎/初期当選/重複すり替えなし/着ブロ希望なし/下3桁提示可｜有効期限内/発送物戻りなし※当選歴座席等お答えしておりません

プライベート出品に切り替えます...",True,2026-08
mxdzjp1sxc,1785990088896,naniwa-danshi-nd5,2026-10-26,18:00,ららアリーナ 東京ベイ（LaLa arena TOKYO-BAY）,electronic,female,公演日前日までにログイン情報を共有します,p,5.0,,QR,2026-08-06 04:21:28,2026-08-31 15:01:19,,,listing,1,65000,"QRごとのお譲り/単番/初期当選/重複すり替えなし/会員番号下3桁提示可能 

公演前日にログイン情報をお伝えします。
入場後は速やかにログアウト、受取連絡をお...",True,2026-08
qgm96nx112,1786673341715,naniwa-danshi-nd5,2026-10-26,18:00,ららアリーナ 東京ベイ（LaLa arena TOKYO-BAY）,electronic,female,3名義中3番手,ロッティ,5.0,,番手,2026-08-14 02:09:01,2026-08-31 15:01:19,,,listing,1,0,"【ご購入前に必ずコメントをお願いいたします】

⭐️プラベル通し

お取引条件を事前に確認させていただきたいため、ご購入申請の前に必ずコメントをお願いいたします...",True,2026-08
qrtlnba2hn,1786771971296,naniwa-danshi-nd5,2026-10-26,18:00,ららアリーナ 東京ベイ（LaLa arena TOKYO-BAY）,electronic,female,公演日前日(18:00以降)にログイン情報をお貸しします,MJGA,5.0,,QR,2026-08-15 05:32:51,2026-08-31 15:01:19,,,listing,2,0,"FC初期当選/有効期限内/下3桁提示可/すり替えなし/着席ブロック希望なし
・公演日前日(18:00以降)になりましたら、ログイン情報等をお送り致します、
・入...",True,2026-08
zhomi4gfvn,1786153529756,naniwa-danshi-nd5,2026-10-26,18:00,ららアリーナ 東京ベイ（LaLa arena TOKYO-BAY）,electronic,female,同行,m,5.0,,同行,2026-08-08 01:45:29,2026-08-31 15:01:19,,,listing,1,50000,"初期当選／重複なし／下3桁提示可／有効期限内

開場10分前に集合し、当方と同時入場。
当方が選ばなかった方のチケットのお譲りになります。買い手様に座席決定権は...",True,2026-08
jg396makiv,1786241855233,naniwa-danshi-nd5,2026-10-26,18:00,ららアリーナ 東京ベイ（LaLa arena TOKYO-BAY）,electronic,female,同行,R,5.0,,番手,2026-08-09 02:17:35,2026-08-31 15:01:19,,,listing,1,40000,"FC先行｜初期当選｜3名義中3番手｜すり替え無し｜下3桁提示可　サイチェン可

・プライベート出品へ切り替えます。
・3名義中3番手のお譲りです。
ゲート違いの...",True,2026-08
irv3e3eenj,1786090927614,naniwa-danshi-nd5,2026-10-26,18:00,ららアリーナ 東京ベイ（LaLa arena TOKYO-BAY）,electronic,female,同行,K ☾,5.0,,同行番手,2026-08-07 08:22:07,2026-08-31 15:01:19,,,listing,1,52000,"2名義中2番手/2連中1枚/同行/FC初期当選/有効期限内/下3桁提示可/すり替えなし/サイチェン不可/着ブロ指定なし/過去エラーなし

◎一部入金、残り当日手...",True,2026-08
9092xr5fwg,1786461634816,naniwa-danshi-nd5,2026-10-26,18:00,ららアリーナ 東京ベイ（LaLa arena TOKYO-BAY）,electronic,female,同行,R,5.0,,番手,2026-08-11 15:20:34,2026-08-31 15:01:19,,,listing,2,47000,"2名義中２番手/すり替えなし/下３桁提示可/有効期限内

公演当日開場15分前に集合し、同時入場していただき当方が座席を選択後チケットをお渡ししますのでその場で...",True,2026-08
op0says2c4,1786887691786,naniwa-danshi-nd5,2026-10-26,18:00,ららアリーナ 東京ベイ（LaLa arena TOKYO-BAY）,electronic,female,公演前日にログイン情報お伝えします,ゆ,5.0,,QR,2026-08-16 13:41:31,2026-08-31 15:01:19,,,listing,1,69000,"初期当選、過去に当選歴無し、着ブロ希望なし、有効期限内、情報局からの引き継ぎ名義です。下3桁提示可
公演中止以外、ランダムエラー、体調不良、本人確認、出演者変更...",True,2026-08
n2yxsvsyty,1786436055833,naniwa-danshi-nd5,2026-10-27,13:00,ららアリーナ 東京ベイ（LaLa arena TOKYO-BAY）,electronic,female,同行,aaa,5.0,,同行,2026-08-11 08:14:15,2026-08-31 15:01:19,,,listing,1,70000,"初期当選/2連中の1枚(当方と同行)/着ブロ希望なし/発送物戻りなし/重複すり替え無し/下3桁提示可/有効期限内

購入後のキャンセルは一切承りません。

公演...",True,2026-08
n9pfx02nl8,1786642439477,naniwa-danshi-nd5,2026-10-27,13:00,ららアリーナ 東京ベイ（LaLa arena TOKYO-BAY）,electronic,female,3名義中2番手,ロッティ,5.0,,番手,2026-08-13 17:33:59,2026-08-31 15:01:19,,,listing,2,0,"【ご購入前に必ずコメントをお願いいたします】

⭐️プラベル通し

お取引条件を事前に確認させていただきたいため、ご購入申請の前に必ずコメントをお願いいたします...",True,2026-08
g3d3qzw8xm,1785902557811,naniwa-danshi-nd5,2026-10-27,13:00,ららアリーナ 東京ベイ（LaLa arena TOKYO-BAY）,electronic,female,同行,📛,5.0,,QR同行番手,2026-08-05 04:02:37,2026-08-31 15:01:19,,,listing,2,48000,"3名義中3番手/初期当選/有効期限内/下3桁提示可能
ゲート違いの場合はQR毎のお譲りになる場合有

会場付近にて開場10〜20分前に集合いただき、同時入場して...",True,2026-08
ovjx9f4qzg,1785678106003,naniwa-danshi-nd5,2026-10-27,13:00,ららアリーナ 東京ベイ（LaLa arena TOKYO-BAY）,electronic,female,公演日1日前までにQRコード共有,ぽん,5.0,,QR,2026-08-02 13:41:46,2026-08-31 15:01:19,,,listing,1,83000,"プラベ出品対応可能★
QR毎/初期当選/有効会員/郵送物戻りなし/複数当選なし/下3桁提示可能/
QRコードごとのお譲りになります。

直近当選歴
1st DO...",True,2026-08
e45r46e9vq,1786591313933,naniwa-danshi-nd5,2026-10-27,13:00,ららアリーナ 東京ベイ（LaLa arena TOKYO-BAY）,electronic,female,公演日前日までにQRコード共有,ら,5.0,,QR,2026-08-13 03:21:53,2026-08-31 15:01:19,,,listing,2,75000,"座席未定/初期当選/着ブロ希望なし/重複すり替えなし/有効期限内/下3桁提示可/サイチェン可 

・QR毎2連でのお譲りです。 
・同行者同意チェックは当方が行...",True,2026-08
npots6yf7p,1785902504847,naniwa-danshi-nd5,2026-10-27,13:00,ららアリーナ 東京ベイ（LaLa arena TOKYO-BAY）,electronic,female,同行,📛,5.0,,QR同行番手,2026-08-05 04:01:44,2026-08-31 15:01:19,,,listing,2,53000,"3名義中2番手/初期当選/有効期限内/下3桁提示可能
ゲート違いの場合はQR毎のお譲りになる場合有

会場付近にて開場10〜20分前に集合いただき、同時入場して...",True,2026-08
gj9dk5a7g7,1786642487391,naniwa-danshi-nd5,2026-10-27,13:00,ららアリーナ 東京ベイ（LaLa arena TOKYO-BAY）,electronic,female,3名義中3番手,ロッティ,5.0,,番手,2026-08-13 17:34:47,2026-08-31 15:01:19,,,listing,2,0,"【ご購入前に必ずコメントをお願いいたします】

⭐️プラベル通し

お取引条件を事前に確認させていただきたいため、ご購入申請の前に必ずコメントをお願いいたします...",True,2026-08
ple0sug6rz,1786969984434,naniwa-danshi-nd5,2026-10-27,13:00,ららアリーナ 東京ベイ（LaLa arena TOKYO-BAY）,electronic,female,公演日前日までにログイン情報共有,まるこ,5.0,,QR,2026-08-17 12:33:04,2026-08-31 15:01:19,,,listing,1,66000,"FC先行/座席未定/QRごと/着ブロなし/下3桁提示可/有効期限内/初期当選/発送物戻りなし/重複すり替えなし/QR毎のお譲りです。
公演当日の朝までにログイン...",True,2026-08
mnwfdnq1v1,1786969509421,naniwa-danshi-nd5,2026-10-27,13:00,ららアリーナ 東京ベイ（LaLa arena TOKYO-BAY）,electronic,female,同行,1,5.0,,同行番手,2026-08-17 12:25:09,2026-08-31 15:01:19,,,listing,2,65000,"2名義中2番手/すり替えなし/有効期限内/下3桁提示可

・同時入場後、1度中でチケットを回収し、こちらが選ばなかった席のチケットをお渡しします。
・公演当日、...",True,2026-08
n6euk6ywnp,1786428132789,naniwa-danshi-nd5,2026-10-27,18:00,ららアリーナ 東京ベイ（LaLa arena TOKYO-BAY）,electronic,none,同行,TN,5.0,,同行記載あり,2026-08-11 06:02:12,2026-08-31 15:01:19,,,listing,1,65000,"FC先行/下3桁提示可能/有効期限内/着席指定なし/初期当選/重複すり替え無し

同行募集
当方の同行になります

プラベ出品に切り替えますので購入希望の方はコ...",True,2026-08
n2km9t7s1s,1786605510920,naniwa-danshi-nd5,2026-10-27,18:00,ららアリーナ 東京ベイ（LaLa arena TOKYO-BAY）,electronic,female,公演前日までにログイン情報共有,m28m,5.0,,QR,2026-08-13 07:18:30,2026-08-31 15:01:19,,,listing,2,70000,"FC先行/座席未定/QR毎/有効期限内/初期当選/下3桁提示可能

【取引条件・注意事項（必読）】
・公演前日に連絡ボードにて詳細をご案内いたします。
・ご入場...",True,2026-08
1a3bsxp18y,1785924690770,naniwa-danshi-nd5,2026-10-27,18:00,ららアリーナ 東京ベイ（LaLa arena TOKYO-BAY）,electronic,female,QR,☆,5.0,,同行記載あり,2026-08-05 10:11:30,2026-08-31 15:01:19,,,listing,2,65000,QRごと。すり替えなし。下3桁提示可能。有効期限内。初期当選。着ブロ希望なし。郵送物戻りなし。コンビニ決済。過去エラーなし。同行者チェックのみこちらで行います。...,True,2026-08
86yalrrj63,1786266195898,naniwa-danshi-nd5,2026-10-27,18:00,ららアリーナ 東京ベイ（LaLa arena TOKYO-BAY）,electronic,female,同行,M,5.0,,同行,2026-08-09 09:03:15,2026-08-31 15:01:19,,,listing,1,65000,"同行/下3桁提示可/前回スタンド名義/有効期限内/初期当選


＊プラベ出品にしますので、購入希望の方はメッセージお願いいたします。

開場時間に合わせて会場付...",True,2026-08
hymoidcmae,1786076499398,naniwa-danshi-nd5,2026-10-27,18:00,ららアリーナ 東京ベイ（LaLa arena TOKYO-BAY）,electronic,female,同時入場,m,5.0,,番手,2026-08-07 04:21:39,2026-08-31 15:01:19,,,listing,1,50000,"2名義2番手 
ゲート別れた場合QR毎でのお渡し。
すり替えなし/有効期限/初期当選/郵送物等戻りなし/サイチェン可/ランエラ歴なし/下3桁提示可能です。
公演...",True,2026-08
0ev10nv61v,1786099563807,naniwa-danshi-nd5,2026-10-27,18:00,ららアリーナ 東京ベイ（LaLa arena TOKYO-BAY）,electronic,female,公演日前日にQRコード共有,⭐️,5.0,,QR,2026-08-07 10:46:03,2026-08-31 15:01:19,,,listing,2,70000,"初期当選/代表者チェック可/QR毎でのお譲りです
公演前日にログイン情報お渡しいたしますのでご自身でQRコードを提示してお入りください
公演中止以外のいかなる場...",True,2026-08
apkwevlt14,1785625836089,naniwa-danshi-nd5,2026-10-27,18:00,ららアリーナ 東京ベイ（LaLa arena TOKYO-BAY）,paper,female,当日手渡し,か,5.0,,同行番手,2026-08-01 23:10:36,2026-08-31 15:01:19,,,listing,1,50000,"FC先行/初期当選/2名義中2番手/下3桁掲示可/すり替えなし/サイチェン可

公演当日、開演1時間程前を目処に会場付近にて待ち合わせし、同時入場していただきま...",True,2026-08
fgqylw0w61,1786320974614,naniwa-danshi-nd5,2026-10-27,18:00,ららアリーナ 東京ベイ（LaLa arena TOKYO-BAY）,electronic,female,同行,ふ,5.0,,同行,2026-08-10 00:16:14,2026-08-31 15:01:19,,,listing,1,100000,"当方と同行（青担）。本確対応可。
初期当選/有効期限内/重複無し/下3桁開示可。
落札後、頭金をアプリで、残り当日現金でなどの対応可能です。

当日は時間厳守で...",True,2026-08
oqox8r067b,1786616875671,naniwa-danshi-nd5,2026-10-27,18:00,ららアリーナ 東京ベイ（LaLa arena TOKYO-BAY）,electronic,female,前日にログイン情報お渡し,R,5.0,,QR,2026-08-13 10:27:55,2026-08-31 15:01:19,,,listing,2,55000,"QR毎/FC初期当選/下3桁提示可/着ブロ選択なし/有効期限内/過去エラー等なし

【プラベルへ移行します】

公演日前日の夜にログイン情報を連絡ボードにてお知...",True,2026-08
s7grfytptw,1786756183383,naniwa-danshi-nd5,2026-10-27,18:00,ららアリーナ 東京ベイ（LaLa arena TOKYO-BAY）,electronic,female,公演前日までにQRコード共有,ｙ,5.0,,QR,2026-08-15 01:09:43,2026-08-31 15:01:19,,,listing,1,55000,"QR単番/初期当選/複数当選なし/過去当選歴なし/下3桁開示可/有効期限内


入場後、速やかにログアウトと受け取り評価をお願いいたします。
体調不良、ランダム...",True,2026-08
v3b8htih3d,1786642326234,naniwa-danshi-nd5,2026-10-27,18:00,ららアリーナ 東京ベイ（LaLa arena TOKYO-BAY）,electronic,female,3名義中3番手,ロッティ,5.0,,番手,2026-08-13 17:32:06,2026-08-31 15:01:19,,,listing,1,0,"【ご購入前に必ずコメントをお願いいたします】

⭐️プラベル通し

お取引条件を事前に確認させていただきたいため、ご購入申請の前に必ずコメントをお願いいたします...",True,2026-08
kab08q25sp,1786084599162,naniwa-danshi-nd5,2026-10-27,18:00,ららアリーナ 東京ベイ（LaLa arena TOKYO-BAY）,electronic,female,公演日1日前にボードにてログイン情報提示,るる,5.0,,ランダム記載あり,2026-08-07 06:36:39,2026-08-31 15:01:19,2026-08-31 14:01:14,transition_observed,sold,2,44000,"FC先行、下3桁提示可能、有効期限内名義、着席指定なし
初期当選、重複すり替え無し、QRごと
﻿
公演日の1日前になりましたら、ログインに必要な情報を連絡ボード...",True,2026-08
oefosbynju,1787171652390,naniwa-danshi-nd5,2026-10-28,15:00,ららアリーナ 東京ベイ（LaLa arena TOKYO-BAY）,electronic,female,入金後24時間以内にQRコード共有,P,5.0,,QR,2026-08-19 20:34:12,2026-08-31 15:01:19,,,listing,2,60000,"当選歴なし 初当選 / 初期当選/ QRごと/ 会員番号下3桁提示可能/ 公演迄有効期限内名義/ 
コンビニ払い/ 発送物戻り無し/ 着ブロ希望なし/ 他FCエ...",True,2026-08
yyzu8lth07,1786672430883,naniwa-danshi-nd5,2026-10-28,15:00,ららアリーナ 東京ベイ（LaLa arena TOKYO-BAY）,electronic,female,同行,ゆ,5.0,,同行,2026-08-14 01:53:50,2026-08-31 15:01:19,,,listing,1,90000,初期当選/すり替えなし/下3桁提示可/有効期限内/高橋担不可,True,2026-08
2lhmu1bnnz,1786436215078,naniwa-danshi-nd5,2026-10-28,15:00,ららアリーナ 東京ベイ（LaLa arena TOKYO-BAY）,electronic,female,同行,aaa,5.0,,同行,2026-08-11 08:16:55,2026-08-31 15:01:19,,,listing,1,85000,"初期当選/2連中の1枚(当方と同行)/重複すり替え無し/着ブロ希望なし/発送物戻りなし/下3桁提示可/有効期限内

購入後のキャンセルは一切承りません。

公演...",True,2026-08
6w81lwmpo5,1785729589334,naniwa-danshi-nd5,2026-10-28,15:00,ららアリーナ 東京ベイ（LaLa arena TOKYO-BAY）,electronic,female,同行,ぷ,5.0,,番手,2026-08-03 03:59:49,2026-08-31 15:01:19,,,listing,2,80000,"2名義中２番手
座席未定  / 初期当選/着ブロ希望なし/重複すり替えなし （ 下3桁掲示可 ）/ 有効期限内名義

ランダムエラー等による返金、座席に関するク...",True,2026-08
ex4schcely,1787196561782,naniwa-danshi-nd5,2026-10-28,15:00,ららアリーナ 東京ベイ（LaLa arena TOKYO-BAY）,electronic,female,同行,K,5.0,,番手,2026-08-20 03:29:21,2026-08-31 15:01:19,,,listing,2,60000,"3名義中3番手／FC先行／連番／有効期限内／重複すり替えなし／下3桁提示可

・公演当日、開場時間頃に会場付近にて集合し、同時入場していただきます。入場後一度チ...",True,2026-08
2foyfrvlkk,1786242450312,naniwa-danshi-nd5,2026-10-28,15:00,ららアリーナ 東京ベイ（LaLa arena TOKYO-BAY）,electronic,female,同行,R,5.0,,番手,2026-08-09 02:27:30,2026-08-31 15:01:19,,,listing,1,60000,"FC先行｜初期当選｜2名義中2番手｜すり替え無し｜下3桁提示可　サイチェン可

・プライベート出品へ切り替えます。
・２名義中２番手のお譲りです。
ゲート違いの...",True,2026-08
6ydhfe94fp,1786121699182,naniwa-danshi-nd5,2026-10-28,15:00,ららアリーナ 東京ベイ（LaLa arena TOKYO-BAY）,electronic,female,同行,Mi,5.0,,同行,2026-08-07 16:54:59,2026-08-31 15:01:19,,,listing,1,100000,"✨前回スタンド最後列✨/2連中1枚同行/初期当選/着ブロ指定なし/すり替えなし/下3桁提示可能/サイチェン可

※プライベート出品に切り替えますので、ご購入を希...",True,2026-08
imq7g7dkjn,1786371187021,naniwa-danshi-nd5,2026-10-28,15:00,ららアリーナ 東京ベイ（LaLa arena TOKYO-BAY）,electronic,female,入金後24時間以内にログイン情報を開示,TT,5.0,,QR,2026-08-10 14:13:07,2026-08-31 15:01:19,,,listing,2,60000,FC初期当選、QRごとお譲りです。用事で行けなくなったため、お譲り出来たらと思います。着ブロ希望なし、有効期限内名義、郵便物戻りなし、コンビニで支払いました。履...,True,2026-08
x4vxe0ro0f,1787145821968,naniwa-danshi-nd5,2026-10-28,15:00,ららアリーナ 東京ベイ（LaLa arena TOKYO-BAY）,electronic,female,同行,み,5.0,,番手,2026-08-19 13:23:41,2026-08-31 15:01:19,,,listing,2,68000,"2名義中2番手 / 初期当選 / 有効期限内 / 下3桁提示可 / すり替えなし

・公演当日、会場付近にて集合し同時入場をお願いいたします。当日の集合時間や場...",True,2026-08
9e4rr6yd57,1787059225652,naniwa-danshi-nd5,2026-10-28,15:00,ららアリーナ 東京ベイ（LaLa arena TOKYO-BAY）,electronic,female,同行,S,5.0,,同行,2026-08-18 13:20:25,2026-08-31 15:01:19,,,listing,1,76000,"重複無し同行、初期当選、すり替えなし、下3桁提示可、有効期限内、大西担不可

開場時間頃に会場付近で待ち合わせをし、同時入場後こちらで座席選択後チケットをお渡し...",True,2026-08
7j6uh4lmt6,1786243416579,naniwa-danshi-nd5,2026-10-28,15:00,ららアリーナ 東京ベイ（LaLa arena TOKYO-BAY）,electronic,female,同行,R,5.0,,ランダム,2026-08-09 02:43:36,2026-08-31 15:01:19,,,listing,1,48000,"★初心者の方、初めての方でも丁寧に説明させていただきます。安心いただけるお取引を心がけます。 
  
★少人数集合（2〜4人予定）
大人数が苦手な方も安心してご...",True,2026-08
xtoxar2syy,1786354621716,naniwa-danshi-nd5,2026-10-28,15:00,ららアリーナ 東京ベイ（LaLa arena TOKYO-BAY）,electronic,female,２名義中２番手,き,5.0,,番手,2026-08-10 09:37:01,2026-08-31 15:01:19,,,listing,2,63000,"２名義中２番手/有効期限内/すり替えなし/下３桁提示可/初期当選

・当日は会場付近で待ち合わせのうえ、同時入場いたします。
・発券時、携帯端末をお借りする場合...",True,2026-08
0oncq15nto,1785661911653,naniwa-danshi-nd5,2026-10-28,15:00,ららアリーナ 東京ベイ（LaLa arena TOKYO-BAY）,electronic,female,同行,yk,5.0,,同行,2026-08-02 09:11:51,2026-08-31 15:01:19,,,listing,1,78000,"初期当選/有効期限内/下３桁提示可/重複すり替えなし

当方と同行です。

公演当日、会場周辺にて待ち合わせし、同時に入場していただきます。詳しい集合場所や時間...",True,2026-08
kjs278d4rg,1786642092706,naniwa-danshi-nd5,2026-10-28,15:00,ららアリーナ 東京ベイ（LaLa arena TOKYO-BAY）,electronic,female,同行,ロッティ,5.0,,ランダム,2026-08-13 17:28:12,2026-08-31 15:01:19,,,listing,3,0,"【ご購入前に必ずコメントをお願いいたします】

⭐️プラベル通し

※ すり替えなしのランダム配布となります。

お取引条件を事前に確認させていただきたいため、...",True,2026-08
m8zb8hpbrb,1786077791373,naniwa-danshi-nd5,2026-10-28,15:00,ららアリーナ 東京ベイ（LaLa arena TOKYO-BAY）,electronic,female,同行,ゆうな,5.0,,ランダム,2026-08-07 04:43:11,2026-08-31 15:01:19,,,listing,1,47000,"指定席ランダム配布(立ち見なし)
お渡ししたチケットはサイドチェンジしていただいても構いません。
買い手様はお座席を選択出来ませんのでご注意ください。
また、座...",True,2026-08
jbc4m90so4,1786795321921,naniwa-danshi-nd5,2026-10-28,15:00,ららアリーナ 東京ベイ（LaLa arena TOKYO-BAY）,electronic,female,同行,ぽむ,5.0,,ランダム,2026-08-15 12:02:01,2026-08-31 15:01:19,,,listing,1,41000,"FC先行 座席未定
＜条件あり＞ランダム配布
掲載内容を必ずご確認いただき、ご理解いただける方のみご購入ください。
*  公演当日、開場30～40分前頃に会場付...",True,2026-08
4tnklaaqdp,1787224013624,naniwa-danshi-nd5,2026-10-28,15:00,ららアリーナ 東京ベイ（LaLa arena TOKYO-BAY）,electronic,female,QRコード,saki,5.0,,QR,2026-08-20 11:06:53,2026-08-31 15:01:19,,,listing,2,80000,"初期当選 FC有効期限内
名義すり替えなし

公演前日に同行者の同意チェックを済ませた後、連絡ボードにてログインに必要な情報をお伝えいたします。
代表者分の同意...",True,2026-08
r7myyflqfa,1786319686115,naniwa-danshi-nd5,2026-10-28,15:00,ららアリーナ 東京ベイ（LaLa arena TOKYO-BAY）,electronic,female,前回スタンド、初当選の2名義中2番手,あお,5.0,,番手,2026-08-09 23:54:46,2026-08-31 15:01:19,,,listing,2,65000,"2名義中2番手/有効期限内/すり替えなし
下3桁提示/初期当選名義/郵便物戻りなし

【当選履歴】
①初当選
②Alpha横アリスタンド、VoyAGE東京ドーム...",True,2026-08
dbbp425hsy,1787288676092,naniwa-danshi-nd5,2026-10-28,15:00,ららアリーナ 東京ベイ（LaLa arena TOKYO-BAY）,electronic,female,公演日前日にログイン情報共有,ぴ,5.0,,QR,2026-08-21 05:04:36,2026-08-31 15:01:19,,,listing,2,78000,"初期当選/有効期限内/下3桁提示可能/重複すり替え無し/QR毎/返送物なし/着ブロなし

公演前日夕方以降にログインに必要な情報をお伝えします。同行者登録は買い...",True,2026-08
olkkf6724h,1786195211156,naniwa-danshi-nd5,2026-10-28,15:00,ららアリーナ 東京ベイ（LaLa arena TOKYO-BAY）,electronic,female,同行,ぴ,5.0,,ランダム,2026-08-08 13:20:11,2026-08-31 15:01:19,,,listing,1,46000,"入場後一旦チケットを回収し解散、当方がチケットを選んだ後、再度集合していただきランダムで配布いたします。座席問われない方のみご購入ください。

・開場時間の30...",True,2026-08
53iqtr7i8w,1786271576975,naniwa-danshi-nd5,2026-10-28,15:00,ららアリーナ 東京ベイ（LaLa arena TOKYO-BAY）,electronic,female,前日にログイン情報をお伝えします。,kh,5.0,,QR,2026-08-09 10:32:56,2026-08-31 15:01:19,,,listing,1,70000,"FC先行/クレジット支払い/女性名義/すり替えなし/下3桁提示可

・何かあった時のために、すぐに連絡が取れますように電話番号をお伺いさせていただきます。
・Q...",True,2026-08
09re6sstww,1786498212132,naniwa-danshi-nd5,2026-10-28,15:00,ららアリーナ 東京ベイ（LaLa arena TOKYO-BAY）,electronic,female,同行,もつ鍋,5.0,,番手,2026-08-12 01:30:12,2026-08-31 15:01:19,,,listing,2,75000,"2名義中2番手

有効期限内/すり替えなし/下3桁提示可能/着ブロ希望有(2名義)

公演前日になりましたらお待ち合わせ場所のご連絡をメッセージにて送らせて頂き...",True,2026-08
c5md6o7tpu,1786585086751,naniwa-danshi-nd5,2026-10-28,15:00,ららアリーナ 東京ベイ（LaLa arena TOKYO-BAY）,electronic,female,同行,ゆ,5.0,,番手,2026-08-13 01:38:06,2026-08-31 15:01:19,,,listing,1,85000,"2名義中2番手(2連.単番) 3枚中2枚目のお譲り(長尾担不可)
初期当選/すり替え無し/下3桁提示可/有効期限内/発送物戻り無し/エラー無し/2名義共最終当選...",True,2026-08
s2k2tnly4o,1785791748005,naniwa-danshi-nd5,2026-10-28,15:00,ららアリーナ 東京ベイ（LaLa arena TOKYO-BAY）,electronic,female,同行,ゆうな,5.0,,番手,2026-08-03 21:15:48,2026-08-31 15:01:19,,,listing,1,50000,"サイト5.0+当日10
FC先行｜初期当選｜単番x5｜5名義中2番手｜すり替え無し｜下3桁提示可｜サイチェン可

・プライベート出品へ切り替えます。 
・ゲート...",True,2026-08
hmsg2gyqlo,1785934339590,naniwa-danshi-nd5,2026-10-28,15:00,ららアリーナ 東京ベイ（LaLa arena TOKYO-BAY）,electronic,female,2名義中2番手,る,5.0,,番手,2026-08-05 12:52:19,2026-08-31 15:01:19,,,listing,2,75000,"⭐️2名義中2番手⭐️
初期当選/期限内名義/すり替えなし/下3桁提示可/

・当日こちらが指定した時間に会場付近にてお待ち合わせし、同時入場していただきます。...",True,2026-08
iyc3e8805v,1787325128629,kamigata-expo-park-fes-2026,2026-10-31,,[大阪府] 万博記念公園,electronic,female,同行,ari,5.0,,同行番手,2026-08-21 15:12:08,2026-08-31 15:01:19,,,listing,1,35000,"3名義所持(2連×1名義、単番×2名義)/4枚中2番手/初期当選/Aぇ名義/有効期限内/すり替えなし/下3桁提示可

プラベルでのお取引に移行させていただきます...",True,2026-08
ebxbm2badv,1787294206582,kamigata-expo-park-fes-2026,2026-10-31,,[大阪府] 万博記念公園,electronic,female,初期当選、単番QR毎、重複すり替えなし、有効期限内、下3桁可能,み,5.0,,QR,2026-08-21 06:36:46,2026-08-31 15:01:19,,,listing,1,58000,前日になりましたらログイン情報ご提示いたします。買い手の方で同意チェックしてご入場ください。本人確認、ランダムエラー対応はできません。公演中止のみ返金いたします...,True,2026-08
34du1fgx2n,1787294220900,kamigata-expo-park-fes-2026,2026-10-31,,[大阪府] 万博記念公園,electronic,male,公演日前日にQRコード共有,⭐️,5.0,,QR,2026-08-21 06:37:00,2026-08-31 15:01:19,,,listing,1,55000,"なにわ名義/初期当選/有効期限内/発送物戻り無/同一クレカ無し/過去エラー歴無

公演前日に必要な情報等を連絡ボードにてお知らせ致します。代表者の同意チェックは...",True,2026-08
6jxq6idi6l,1787323250418,kamigata-expo-park-fes-2026,2026-10-31,,[大阪府] 万博記念公園,electronic,female,2名義中2番手,ち,5.0,,番手,2026-08-21 14:40:50,2026-08-31 15:01:19,,,listing,2,28000,"2名義中2番手

初期当選/有効期限名義のみ/Aぇ名義/すり替えなし

開場時間前の集合を考えております。
・入場後はチケットを一旦回収し、当方が選ばなかったチ...",True,2026-08
yl2p73othq,1787295701007,kamigata-expo-park-fes-2026,2026-10-31,,[大阪府] 万博記念公園,electronic,female,同行,★,5.0,,番手,2026-08-21 07:01:41,2026-08-31 15:01:19,,,listing,2,33000,"初期当選/3名義中3番手/有効期限名義のみ/WEST×WEST・Aぇ×Aぇ/すり替えなし/下3桁提示可

プラベルでのお取引可能な方はお申し付けください。...",True,2026-08
vcyea2cshy,1787296682639,kamigata-expo-park-fes-2026,2026-10-31,,[大阪府] 万博記念公園,electronic,female,入金後24時間以内にQRコード共有,さ,5.0,,番手,2026-08-21 07:18:02,2026-08-31 15:01:19,,,listing,1,50000,3名義中2番手です。,True,2026-08
5azoihflyj,1787300134612,kamigata-expo-park-fes-2026,2026-10-31,,[大阪府] 万博記念公園,electronic,female,公演日前日までにQRコード共有,ちゃ,4.5,,QR,2026-08-21 08:15:34,2026-08-31 15:01:19,,,listing,1,38000,WEST.名義/QR毎/重複すり替えなし/初期当選/前回アリツア落選/該当舞台落選/有効期間内/変更ボタンあり/下３桁提示/公演前日までに連絡ボードにてログイン...,True,2026-08
hebm6lvvxm,1787300848466,kamigata-expo-park-fes-2026,2026-10-31,,[大阪府] 万博記念公園,electronic,female,公演日前日にログイン情報を共有します。,みぃ,5.0,,QR,2026-08-21 08:27:28,2026-08-31 15:01:19,,,listing,1,36000,"QR毎・初期当選・有効期限内(10月)・重複すり替えなし・下3桁提示可・発送物戻りなし・過去エラー等なし・SUPER EIGHT名義(武道館、FES落選)

公...",True,2026-08
93blgavr8y,1787325828925,kamigata-expo-park-fes-2026,2026-10-31,,[大阪府] 万博記念公園,electronic,female,同時入場,M,5.0,,番手,2026-08-21 15:23:48,2026-08-31 15:01:19,,,listing,2,32000,"初期当選/4名義中3番手の2連/有効期限名義のみ/なにわ名義/すり替えなし/下3桁提示可能/発送物戻りなし

・入場後はチケットを一旦回収し、当方が選択しなかっ...",True,2026-08
372i2t7rga,1787307450666,kamigata-expo-park-fes-2026,2026-10-31,,[大阪府] 万博記念公園,electronic,female,同行,あ,5.0,,ランダム記載あり,2026-08-21 10:17:30,2026-08-31 15:01:19,,,listing,2,35000,"

FC先行/有効期限内/全てAぇ名義/3名義中2番手/すり替えなし/下3桁提示可

・入場後はチケットを一旦回収し、当方が座席を選択した後に順次チケットをお渡...",True,2026-08
3snn5laxqv,1787320690634,kamigata-expo-park-fes-2026,2026-10-31,,[大阪府] 万博記念公園,electronic,female,2名義中2番手,とり,5.0,,番手,2026-08-21 13:58:10,2026-08-31 15:01:19,,,listing,2,25000,"デビュー組FC先行/有効期限内のみ/2名義中2番手/すり替えなし

当日の集合時間・場所等に関しては公演が近くなり次第、または詳細が発表され次第、連絡ボードにて...",True,2026-08
i1vu2r4rub,1787312701888,kamigata-expo-park-fes-2026,2026-10-31,,[大阪府] 万博記念公園,electronic,female,公演日1日前までにQRコード共有,R,5.0,,QR,2026-08-21 11:45:01,2026-08-31 15:01:19,,,listing,1,46000,"なにわ男子名義 / QR毎 / 重複すり替えなし / 初期当選 / 有効期間内 / 下3桁提示
公演前日までに連絡ボードにてログイン情報をお伝えします。入場後は...",True,2026-08
fnbb3qm4dk,1787319693145,kamigata-expo-park-fes-2026,2026-10-31,,[大阪府] 万博記念公園,electronic,female,公演日全日にQRコード共有,re,5.0,,QR,2026-08-21 13:41:33,2026-08-31 15:01:19,,,listing,1,30000,"ジュニア名義/QRごと/該当名義/重複すり替え無し/下3桁提示可/有効期限内/

公演前日にログインに必要な情報を連絡ボードにてお伝えします。

※ランダムエラ...",True,2026-08
9vtg6wgihf,1787307259948,kamigata-expo-park-fes-2026,2026-10-31,,[大阪府] 万博記念公園,electronic,female,公演前日QRコード共有,snjj,5.0,,QR,2026-08-21 10:14:19,2026-08-31 15:01:19,,,listing,1,45000,"Ａぇgroup名義/重複・すり替えなし/QR毎
有効期限内/事前に下三桁提示可能
前回アリツア落選名義

エラー歴・発送物戻りなし

公演中止の場合のみ返金致し...",True,2026-08
dopzxxf1a5,1787305391711,kamigata-expo-park-fes-2026,2026-10-31,,[大阪府] 万博記念公園,electronic,female,同行,M,5.0,,番手,2026-08-21 09:43:11,2026-08-31 15:01:19,,,listing,2,39500,"2名義中2番手/初期当選/Aぇ名義/期限内/下3桁提示可

スーツケース等、大きな手荷物は事前に預けた状態でお越しください。

詳しい集合時間/場所につきまして...",True,2026-08
lj3lhzoujk,1787316017554,kamigata-expo-park-fes-2026,2026-10-31,,[大阪府] 万博記念公園,electronic,female,前日にログイン情報,もも,5.0,,QR,2026-08-21 12:40:17,2026-08-31 15:01:19,,,listing,2,38000,"QR毎・初期当選・有効期限内名義・重複すり替えなし・下3桁提示可・発送物戻りなし・過去エラー等なし・申込者、同行者共になにわ男子FC名義

最終当選歴2025ア...",True,2026-08
oup9wl69vv,1787308591322,kamigata-expo-park-fes-2026,2026-10-31,,[大阪府] 万博記念公園,electronic,female,公演前日QR共有,𝓡,4.8,,QR,2026-08-21 10:36:31,2026-08-31 15:01:19,,,listing,1,48000,"単番QR毎/なにわ名義 / 初期当選 / 有効期限内名義 / すり替え重複なし / 下3桁提示可能/過去当選歴なし/エラーなし/発送物戻りなし

※必ずご確認く...",True,2026-08
h6n3djvtjw,1787323626255,kamigata-expo-park-fes-2026,2026-10-31,,[大阪府] 万博記念公園,electronic,female,2名義中2番手,💫,5.0,,番手,2026-08-21 14:47:06,2026-08-31 15:01:19,,,listing,2,35000,"WEST.名義•Aぇ名義当選/すり替えなし/下3桁提示可/有効期限内/エラー発送戻りなし

※プラベルでのお取引も可能です。お声がけください。

公演当日は会場...",True,2026-08
7l6sstlcqw,1787295809139,kamigata-expo-park-fes-2026,2026-10-31,,[大阪府] 万博記念公園,paper,female,当日手渡し,★,5.0,,同行,2026-08-21 07:03:29,2026-08-31 15:01:19,,,listing,2,50000,"初期当選/3名義中2番手/有効期限名義のみ/WEST×WEST・Aぇ×Aぇ/すり替えなし/下3桁提示可

プラベルでのお取引可能な方はお申し付けください。...",True,2026-08
huiljeqww9,1787301193590,kamigata-expo-park-fes-2026,2026-10-31,,[大阪府] 万博記念公園,electronic,female,同行,すたー,5.0,,ランダム記載あり,2026-08-21 08:33:13,2026-08-31 15:01:19,,,listing,2,45000,"FC先行/有効期限名義のみ/条件あり/2名義中2番手/すり替えなし/下3桁提示可
WEST名義×2
詳しい集合場所、時間等につきましては連絡ボードにて連絡させて...",True,2026-08
mvg06jed4x,1787300864771,kamigata-expo-park-fes-2026,2026-10-31,,[大阪府] 万博記念公園,electronic,female,同行,み,5.0,,同行,2026-08-21 08:27:44,2026-08-31 15:01:19,,,listing,1,50000,"なにわ名義/有効期限内/重複すり替えなし/下3桁提示可

2連中1枚同行でのお譲りとなります。
大橋担不可

当日会場付近で待ち合わせし、同時入場していただきま...",True,2026-08
pxf8021w26,1787295402716,kamigata-expo-park-fes-2026,2026-10-31,,[大阪府] 万博記念公園,electronic,female,2名義中2番手,S,5.0,,番手同行,2026-08-21 06:56:42,2026-08-31 15:01:19,,,listing,2,40000,"※定価分先入金可能な場合即3.5可能です

全てAぇ名義/初期当選/2名義中2番手/全て今ツ落選名義


当日の集合時間や場所等に関しては連絡ボードにてご連絡い...",True,2026-08
xe7tkr6xzw,1787325692310,kamigata-expo-park-fes-2026,2026-10-31,,[大阪府] 万博記念公園,electronic,female,同時入場,M,5.0,,番手,2026-08-21 15:21:32,2026-08-31 15:01:19,,,listing,2,42000,"初期当選/4名義中2番手の2連/有効期限名義のみ/なにわ名義/すり替えなし/下3桁提示可能/発送物戻りなし

・入場後はチケットを一旦回収し、当方が選択しなかっ...",True,2026-08
j3oadb9mgc,1787296833994,kamigata-expo-park-fes-2026,2026-10-31,,[大阪府] 万博記念公園,electronic,female,同行,さ,5.0,,番手,2026-08-21 07:20:33,2026-08-31 15:01:19,,,listing,1,35000,"3名義中2番手/有効期限内/すり替えなし/下3桁提示可/全てなにわ名義


・公演中止以外のいかなる場合でも返金はいたしません。
ランダムエラー・本人確認・交通...",True,2026-08
vgfna2cw62,1787303291999,kamigata-expo-park-fes-2026,2026-10-31,,[大阪府] 万博記念公園,electronic,female,同時入場,り,5.0,,番手,2026-08-21 09:08:11,2026-08-31 15:01:19,,,listing,2,36000,"2名義中2番手/初期当選/Aぇ名義/期限内/下3桁提示可



詳しい集合時間/場所につきましては、前日までに連絡ボードにてお伝え致します。
こちらが指定した集...",True,2026-08
n3jvrmnrrn,1787314304084,kamigata-expo-park-fes-2026,2026-10-31,,[大阪府] 万博記念公園,electronic,female,公演日前日にQRコード共有,a,5.0,,QR,2026-08-21 12:11:44,2026-08-31 15:01:19,,,listing,1,60000,"FC先行 / Aぇ名義 / 単番QR毎 / 重複すり替えなし / 初期当選 / 有効期限内 / 下3桁提示 / 過去エラー等なし

公演前日になりましたらログイ...",True,2026-08
opelpqapez,1787313567377,kamigata-expo-park-fes-2026,2026-10-31,,[大阪府] 万博記念公園,electronic,female,公演日前日にログイン情報共有,N,5.0,,QR,2026-08-21 11:59:27,2026-08-31 15:01:19,,,listing,2,38000,"初期当選/QR毎/重複すり替えなし/なにわ男子名義/会員番号下3桁提示可能/有効期限内名義

閲覧頂きありがとうございます。
ログイン情報は公演日の前日にお伝え...",True,2026-08
wssx6lsbwi,1787307690302,kamigata-expo-park-fes-2026,2026-10-31,,[大阪府] 万博記念公園,electronic,female,同行,あ,5.0,,ランダム記載あり,2026-08-21 10:21:30,2026-08-31 15:01:19,,,listing,2,30000,"FC先行/有効期限内/全てAぇ名義/3名義中3番手/すり替えなし/下3桁提示可

・入場後はチケットを一旦回収し、当方が座席選択後に順次チケットをお渡し致します...",True,2026-08
kbpoufj5g7,1787293877041,kamigata-expo-park-fes-2026,2026-10-31,,[大阪府] 万博記念公園,electronic,female,前日にQRログイン情報を共有,さき,5.0,,QR,2026-08-21 06:31:17,2026-08-31 15:01:19,,,listing,1,65000,"QR毎/なにわ男子名義/FC初期当選/有効期限内/下三桁提示可/重複差し

QR毎でのお譲りとなります。

前日にQR表示に必要な情報をお伝えいたします。
ログ...",True,2026-08
3sat28fn9r,1787298243319,kamigata-expo-park-fes-2026,2026-10-31,,[大阪府] 万博記念公園,electronic,female,同行,ゆ,5.0,,同行,2026-08-21 07:44:03,2026-08-31 15:01:19,,,listing,1,65000,"初期当選/重複すり替え無し/下3桁提示可/有効期限内/発送物戻り無し/エラー無し/なにわ名義/FC同士

2連中1枚(長尾担不可)  

集合時間場所等は、公演...",True,2026-08
w3qbds7hgz,1787294250017,kamigata-expo-park-fes-2026,2026-10-31,,[大阪府] 万博記念公園,electronic,female,同行,さ,5.0,,番手,2026-08-21 06:37:30,2026-08-31 15:01:19,,,listing,2,38000,"ファンクラブ先行 Aぇ名義 座席未定
 2名義中2番手 下3桁提示可 初期当選
有効期限内 着ブロ指定なし
公演当日、会場付近にて集合し同時入場して頂きます。...",True,2026-08
0quihpse36,1787299592403,kamigata-expo-park-fes-2026,2026-10-31,,[大阪府] 万博記念公園,electronic,female,同行,r,4.5,,番手,2026-08-21 08:06:32,2026-08-31 15:01:19,,,listing,2,45000,"2名義中2番手/初期当選/下3桁提示可
プラベルへの移行可能です。
公演当日会場付近で開場時間30分前を目安に待ち合わせし、同時入場していただきます。
詳しい待...",True,2026-08
vy1ruej91p,1787325082820,kamigata-expo-park-fes-2026,2026-10-31,,[大阪府] 万博記念公園,electronic,female,同行,R,5.0,,番手,2026-08-21 15:11:22,2026-08-31 15:01:19,,,listing,1,27000,"初期当選/2名義中2番手/有効期限名義のみ/なにわ、EIGHT名義/すり替えなし/下3桁提示可能/発送物戻りあり名義含むためお安くしております。

・入場後はチ...",True,2026-08
atgvbz3ile,1787295360434,kamigata-expo-park-fes-2026,2026-11-01,,[大阪府] 万博記念公園,electronic,female,公演日2日前にログイン情報共有,ᡣ𐭩,5.0,,QR,2026-08-21 06:56:00,2026-08-31 15:01:19,,,listing,1,67000,"なにわ名義/初期当選/有効期限内/発送物戻り無/同一クレカ無し

公演前日に必要な情報等を連絡ボードにてお知らせ致します。同意チェックは購入者様ご自身でお願い致...",True,2026-08
c5aelm8d6p,1787294510661,kamigata-expo-park-fes-2026,2026-11-01,,[大阪府] 万博記念公園,electronic,female,公演日前日までにログイン情報共有,ぴ,5.0,,QR,2026-08-21 06:41:50,2026-08-31 15:01:19,,,listing,1,40000,"なにわ名義/条件なし/QRごと/すり替えなし会員番号下3桁開示可/初期当選/有効期限内/郵送物戻りなし

公演日の前日にログイン情報をお伝えします。

ログイン...",True,2026-08
0et65ein6c,1787317029220,kamigata-expo-park-fes-2026,2026-11-01,,[大阪府] 万博記念公園,electronic,female,QR,s,5.0,,QR,2026-08-21 12:57:09,2026-08-31 15:01:19,,,listing,1,45000,"Aぇ! group名義/初期当選/有効期限内/クレカ決済同一クレカ決済無し/重複すり替えなし/下3桁提示可能

公演前日、ログインに必要な情報をお伝えいたします...",True,2026-08
swxee708cl,1787306462339,kamigata-expo-park-fes-2026,2026-11-01,,[大阪府] 万博記念公園,electronic,female,公演前日にログイン情報共有,K,5.0,,QR,2026-08-21 10:01:02,2026-08-31 15:01:19,,,listing,1,70000,"⚠️1枚のみのお譲り

Aぇ名義/QRごと/すり替えなし/会員番号下3桁開示可/初期当選/有効期限内/Pay-easy決済/着ブロ希望なし/郵送物戻りなし/プラ...",True,2026-08
7sx88nuhb4,1787310800209,kamigata-expo-park-fes-2026,2026-11-01,,[大阪府] 万博記念公園,electronic,female,公演前日にログイン情報共有,ねこ,5.0,,QR,2026-08-21 11:13:20,2026-08-31 10:01:16,,,deleted,1,37000,"FC先行/WEST名義/座席未定/条件なしQRごとお譲り/下3桁提示可/重複すり替えなし/初期当選/有効期限内/Pay-easy支払い

・ご購入の際はプライベ...",True,2026-08
rw2wax9jwc,1787297959943,kamigata-expo-park-fes-2026,2026-11-01,,[大阪府] 万博記念公園,electronic,female,公演前日にログイン情報共有,nana,5.0,,QR,2026-08-21 07:39:19,2026-08-31 15:01:19,,,listing,2,75000,"QR毎/FC初期当選/有効期限内/下三桁提示可/重複差し

QR毎でのお譲りとなります。
同行者の同意チェックはこちらでいたしますので、代表者分のみお願いいたし...",True,2026-08
233o5cbi0i,1787327525750,kamigata-expo-park-fes-2026,2026-11-01,,[大阪府] 万博記念公園,electronic,female,同時入場,きょうりゅう,5.0,,番手,2026-08-21 15:52:05,2026-08-31 15:01:19,,,listing,2,40000,"2名義中2番手でのお譲りになります。
なにわ名義1,Aぇ名義1/初期当選/すり替えなし/下3桁提示可

公演当日こちらが指定した場所に集合し、同時入場していただ...",True,2026-08
dg9hqe3rc4,1787304861330,kamigata-expo-park-fes-2026,2026-11-01,,[大阪府] 万博記念公園,electronic,female,公演日前日にQRコード共有,ysnr1128,5.0,,QR,2026-08-21 09:34:21,2026-08-31 15:01:19,,,listing,2,40000,"Aぇ! group 名義　FC‪✕‬FC
ファンクラブ先行 座席未定 初期当選
QR毎　すり替えなし 購入後下3桁提示可能

※プライベート出品へ移行のため、承...",True,2026-08
1011ki2fmm,1787309922351,kamigata-expo-park-fes-2026,2026-11-01,,[大阪府] 万博記念公園,electronic,female,同行,＊N＊,5.0,,番手,2026-08-21 10:58:42,2026-08-31 15:01:19,,,listing,2,30000,"FC先行/有効期限名義のみ/条件あり/4名義中4番手/すり替えなし/下3桁提示可

詳しい集合場所、時間等につきましては 連絡ボードにて連絡させていただきます。...",True,2026-08
kl19jmz6w6,1787317725364,kamigata-expo-park-fes-2026,2026-11-01,,[大阪府] 万博記念公園,electronic,female,公演前日にログイン情報共有,い,5.0,,QR,2026-08-21 13:08:45,2026-08-31 15:01:19,,,listing,1,32000,"単番QR毎／なにわ男子初当選名義／下3桁提示可／ペイジー決済／発送物戻りなし

☆同意チェックは買い手様ご自身にお任せしております。

☆出演者変更やランダムエ...",True,2026-08
o51ecusqhx,1787301070542,kamigata-expo-park-fes-2026,2026-11-01,,[大阪府] 万博記念公園,electronic,female,2名義中2番手,た,5.0,,番手,2026-08-21 08:31:10,2026-08-31 15:01:19,,,listing,2,35000,"2名義中2番手⭐️プラベルにてお取引させて頂くため、ご購入希望の方はチケテンメッセージまでお願い致します。⭐️

FC先行 なにわ名義 座席未定
 2名義中2番...",True,2026-08
ol0ktmmp2y,1787304457972,kamigata-expo-park-fes-2026,2026-11-01,,[大阪府] 万博記念公園,electronic,male,公演日1日前までにQRコード共有,M,5.0,,QR,2026-08-21 09:27:37,2026-08-31 15:01:19,,,listing,1,46000,"⚠️8月24日までに入金していただける方
ファンクラブ先行、座席未定　
QRごとのお譲り、有効期限内、すり替えなし、該当名義、下3桁提示可能
公演1日前になりま...",True,2026-08
7plqqmqmei,1787298552252,kamigata-expo-park-fes-2026,2026-11-01,,[大阪府] 万博記念公園,electronic,female,公演日前日までにQRコード共有,あ,5.0,,QR,2026-08-21 07:49:12,2026-08-31 15:01:19,,,listing,2,60000,"QR毎/Aぇ! group×Aぇ! group名義/FC初期当選/有効期限内/下三桁提示可/重複なし

QR毎でのお譲りとなります。

前日にQR表示に必要な情...",True,2026-08
h49spb4il1,1787335260412,kamigata-expo-park-fes-2026,2026-11-01,,[大阪府] 万博記念公園,electronic,female,公演日前日にログイン情報共有,🍒,5.0,,,2026-08-21 18:01:00,2026-08-31 15:01:19,,,listing,2,35000,"初期当選/有効期限内/重複すり替えなし/下3桁提示可

公演日前日にログイン情報をお伝えいたします。
公演当日入場後は速やかにログアウトして頂き、必ず開演時間ま...",True,2026-08
tqn2o5ep3v,1787307220956,kamigata-expo-park-fes-2026,2026-11-01,,[大阪府] 万博記念公園,electronic,female,公演前日にQRコード共有,わい,5.0,,QR,2026-08-21 10:13:40,2026-08-31 15:01:19,,,listing,1,45000,"なにわ男子名義/発送物戻りなし/有効期限内

公演前日にログイン情報をお知らせ致します。入場後は速やかにログアウト、受け取りお願いいたします。

ランダムエラー...",True,2026-08
e4ohfjuvys,1787321545113,kamigata-expo-park-fes-2026,2026-11-01,,[大阪府] 万博記念公園,electronic,female,同行,はな,5.0,,同行,2026-08-21 14:12:25,2026-08-31 15:01:19,,,listing,1,55000,"本人名義/Aぇ名義/初期当選/すり替えなし/下3桁提示可 
・公演当日に、開場時間8:30以降の入場の可能性あります。 会場付近にて待ち合わせし同時入場致します...",True,2026-08
6hx8wnub0g,1787316142751,kamigata-expo-park-fes-2026,2026-11-01,,[大阪府] 万博記念公園,electronic,female,公演日前日までにQRコード共有,mちゃん,5.0,,QR,2026-08-21 12:42:22,2026-08-31 15:01:19,,,listing,2,35000,"なにわ名義 /同行者もFC /QRごと/
初期当選/
公演日前日に連絡ボードにてログイン情報をお伝えします。

公演中止以外の如何なる理由（ランダムエラー、交通...",True,2026-08
x28bid6w75,1787314753301,kamigata-expo-park-fes-2026,2026-11-01,,[大阪府] 万博記念公園,electronic,female,前日までにログイン情報開示,❤︎,5.0,,QR,2026-08-21 12:19:13,2026-08-31 15:01:19,,,listing,2,50000,"なにわ男子FC/QR毎/初期当選/下3桁提示可/有効期限内/発送物戻り・過去エラー無し

公演前日までにログイン情報お伝えします。
公演当日は入場後速やかにログ...",True,2026-08
qtkebbgzze,1787305759965,kamigata-expo-park-fes-2026,2026-11-01,,[大阪府] 万博記念公園,electronic,female,公演日前日までにQRコード共有,guj,5.0,,QR,2026-08-21 09:49:19,2026-08-31 15:01:19,,,listing,2,55000,"※プライベート出品に切り替えますので購入前にメッセージお願いいたします。


Aぇ名義/初期当選/下3桁提示可能

公演前日までに必要なログイン情報等を連絡ボー...",True,2026-08
lsf8nax980,1787313415413,kamigata-expo-park-fes-2026,2026-11-01,,[大阪府] 万博記念公園,electronic,female,公演日前日までにQRコード共有,s,5.0,,QR,2026-08-21 11:56:55,2026-08-31 15:01:19,,,listing,2,40000,"QRごと/初期当選/前回ツアー落選名義/有効期限内/発送物戻り無/同一クレカ決済無し/下3桁提示可

公演前日に必要な情報等を連絡ボードにてお知らせ致します。代...",True,2026-08
xsjern4ril,1787316209027,kamigata-expo-park-fes-2026,2026-11-01,,[大阪府] 万博記念公園,electronic,female,同行,ゆあ,5.0,,同行記載あり,2026-08-21 12:43:29,2026-08-31 15:01:19,,,listing,2,38000,"初期当選/3名義中2番手/すり替え無し/下3桁提示可/有効期限内

★代表者・同行者共になにわ男子FCで登録済み
不備名義なし

※公式にて「TAKOYAKI...",True,2026-08
gun9nvxuv3,1787325724930,kamigata-expo-park-fes-2026,2026-11-01,,[大阪府] 万博記念公園,electronic,female,2名義中2番手,Gu,5.0,,番手,2026-08-21 15:22:04,2026-08-31 15:01:19,,,listing,2,32000,"2名義中2番手 Aぇ名義 初当選
初期当選/すり替えなし/有効期限内/下3桁提示可
プラベルorプライベートチケットにて出品する為、購入希望の方はメッセージお願...",True,2026-08
qrwgynjuv9,1787294380744,kamigata-expo-park-fes-2026,2026-11-01,,[大阪府] 万博記念公園,electronic,female,公演日前日にQRコード共有,⭐️,5.0,,QR,2026-08-21 06:39:40,2026-08-31 15:01:19,,,listing,1,60000,"なにわ名義/初期当選/有効期限内/発送物戻り無/同一クレカ無し/エラー歴無し

公演前日に必要な情報等を連絡ボードにてお知らせ致します。同意チェックは購入者様ご...",True,2026-08
ynioi7sunc,1787295103054,kamigata-expo-park-fes-2026,2026-11-01,,[大阪府] 万博記念公園,electronic,female,公演日1日前までにログイン情報共有,a,5.0,,QR,2026-08-21 06:51:43,2026-08-31 15:01:19,,,listing,1,29500,"専用出品しますのでコメントお願いします

なにわ名義/初期当選/ QR毎 単番 /下3桁提示可/ 有効期限内 /Pay-easy決済

QR毎でのお譲りです。...",True,2026-08
puuafhdq4c,1788143804340,naniwa-danshi-nd5,2026-09-05,18:00,朱鷺メッセ 新潟コンベンションセンター,electronic,female,公演前日にログイン情報共有,し,5.0,,QR,2026-08-31 02:36:44,2026-08-31 15:01:19,,,listing,1,53000,"FC先行/QRごと/座席未定/初期当選/重複すり替えなし/有効期限内/下3桁可/着ブロなし/pay-easy支払い/過去エラーなし/郵送物戻りなし


単番QR...",True,2026-08
i5uefulbm1,1787386451801,naniwa-danshi-nd5,2026-09-06,17:30,朱鷺メッセ 新潟コンベンションセンター,electronic,female,当日,取引,5.0,,番手,2026-08-22 08:14:11,2026-08-31 15:01:19,,,listing,1,28000,"２名義中２番手
初期当選 有効期限内 すり替えなし 下三桁提示可

当日は開場15分前会場付近に集合を予定しております。集合場所の詳細は公演前日までに連絡ボード...",True,2026-08
i2mqjd0ym9,1788143809418,naniwa-danshi-nd5,2026-09-21,14:00,あなぶきアリーナ香川,pickup_number,female,入金確認後サイト内メッセージにて発券番号を共有,ありりりん,5.0,,,2026-08-31 02:36:49,2026-08-31 14:01:14,2026-08-31 14:01:14,transition_observed,sold,1,14000,"ぴあ一般の立ち見指定チケット　セブンイレブンでの支払い・発券が必要です。
公演中止以外での返金・キャンセルは受け付けません。
また、購入後に購入者様が支払期限内...",True,2026-08
wmuqhny0xs,1788144527983,naniwa-danshi-nd5,2026-10-24,18:00,ららアリーナ 東京ベイ（LaLa arena TOKYO-BAY）,electronic,female,当日手渡し,n,5.0,,番手,2026-08-31 02:48:47,2026-08-31 15:01:19,,,listing,2,40000,"2名義中2番手（ゲート違いの場合QR毎のお譲りになる可能性有）
初期当選/下3桁提示可/有効期限内/すり替えなし/着ブロ希望なし/発送物戻りなし


※サイチェ...",True,2026-08
iqq6nykiz8,1788141847334,kamigata-expo-park-fes-2026,2026-11-01,,[大阪府] 万博記念公園,electronic,female,公演前日にログイン情報共有,14,5.0,,QR,2026-08-31 02:04:07,2026-08-31 15:01:19,,,listing,2,40000,"WEST.名義//QRごと/すり替えなし会員番号下3桁開示可/初期当選/有効期限内

公演日の前日にログイン情報をお伝えします。

ログイン情報は他の方にお伝え...",True,2026-08
c7kj8cbq2s,1788148243227,naniwa-danshi-nd5,2026-10-10,13:30,エコパアリーナ,electronic,female,同行,に,5.0,,ランダム,2026-08-31 03:50:43,2026-08-31 15:01:19,,,listing,1,25000,"少人数ランダム配布
・公演当日はこちらが指定する場所に集合し、同時入場していただきます。
・集合時間に遅れる場合は購入者様を待たず入場いたしますが、受け取り評価...",True,2026-08
e2l56oklre,1788151443990,naniwa-danshi-nd5,2026-09-05,18:00,朱鷺メッセ 新潟コンベンションセンター,electronic,male,公演前日にログイン情報をお伝えします,K,5.0,,QR,2026-08-31 04:44:03,2026-08-31 15:01:19,,,listing,2,48000,"初期当選/期限内名義/下3桁提示可/前回スタンド当選
QR毎でのお譲りです。
公演日の前日にログイン情報お伝え致します。
入場後速やかに受け取り評価お願いします...",True,2026-08
rcmiww7hhc,1788151530726,naniwa-danshi-nd5,2026-09-06,13:00,朱鷺メッセ 新潟コンベンションセンター,electronic,female,公演前日にログイン情報をお伝えします,K,5.0,,QR,2026-08-31 04:45:30,2026-08-31 15:01:19,,,listing,2,50000,"初期当選/期限内名義/下3桁提示可/前回スタンド当選
QR毎でのお譲りです。
公演日の前日にログイン情報お伝え致します。
入場後速やかに受け取り評価お願いします...",True,2026-08
k9wwp2fv7r,1788152488346,naniwa-danshi-nd5,2026-09-19,13:30,あなぶきアリーナ香川,electronic,female,同行,hi,5.0,,同行番手,2026-08-31 05:01:28,2026-08-31 15:01:19,,,listing,2,30000,"〆2名義中1番手(決まりました)

残り2番手1〜2枚です。 
 
全て初期、期限内、すり替えなし、過去エラーなしです。 
本日中にお取引できる方のみです。...",True,2026-08
y0x0tysaal,1788151647389,naniwa-danshi-nd5,2026-10-25,17:30,ららアリーナ 東京ベイ（LaLa arena TOKYO-BAY）,electronic,female,公演前日QRコード共有,r,5.0,,QR,2026-08-31 04:47:27,2026-08-31 15:01:19,,,listing,2,80000,"こちらQR2枚でのお譲りです
FC先行/初期当選/有効期限内/着ブロ指定なし/

公演前日にQRコード共有

入場後 速やかにログアウト、受け取り評価をお願いい...",True,2026-08
46ycxwisqn,1788149224926,naniwa-danshi-nd5,2026-10-28,15:00,ららアリーナ 東京ベイ（LaLa arena TOKYO-BAY）,electronic,female,公演前日にログイン情報共有,🎀,5.0,,QR,2026-08-31 04:07:04,2026-08-31 15:01:19,,,listing,2,80000,"QR毎/初期当選/重複すり替えなし/着ブロ希望なし/下3桁提示可/公演当日有効期限内/発送物戻りなし/本確対応不可

・公演前日にログインに必要な情報をお伝えし...",True,2026-08
sswofzuve9,1788154474278,naniwa-danshi-nd5,2026-09-06,17:30,朱鷺メッセ 新潟コンベンションセンター,electronic,female,同行,SH,5.0,,番手,2026-08-31 05:34:34,2026-08-31 15:01:19,,,listing,1,23000,"単番×4名義 の4番手 すり替えなし
・当方含む4名での入場
・4名義分の下3桁提示可
全て初期当選/有効期限内名義 /過去エラーなし /発送物戻りなし/同一ク...",True,2026-08
r3ffm299mw,1788152521326,naniwa-danshi-nd5,2026-09-19,18:00,あなぶきアリーナ香川,electronic,female,同行,hi,5.0,,同行番手,2026-08-31 05:02:01,2026-08-31 15:01:19,,,listing,2,30000,"2名義中1番手1枚か2番手1〜2枚です。 
 
全て初期、期限内、すり替えなし、過去エラーなしです。 
本日中にお取引できる方のみです。


メッセージの際は...",True,2026-08
yyv5iwhbx7,1788156027819,naniwa-danshi-nd5,2026-09-19,18:00,あなぶきアリーナ香川,electronic,female,公演日3日前にQRコード共有,は,5.0,,QR,2026-08-31 06:00:27,2026-08-31 15:01:19,,,listing,2,73000,"FC/初期当選/重複無/同一クレカ決済無/下3桁提示可/有効期限内/発送物戻り無/過去エラー無

・公演日3日前に連絡ボードにてログイン情報をお伝えします。
・...",True,2026-08
yqrmsaz7rb,1788152561127,naniwa-danshi-nd5,2026-09-20,13:00,あなぶきアリーナ香川,electronic,female,同行,hi,5.0,,同行番手,2026-08-31 05:02:41,2026-08-31 15:01:19,,,listing,2,30000,"2名義中1番手1枚か2番手1〜2枚です。 
 
全て初期、期限内、すり替えなし、過去エラーなしです。 
本日中にお取引できる方のみです。


メッセージの際は...",True,2026-08
85e3z4nrol,1788152594181,naniwa-danshi-nd5,2026-09-20,17:30,あなぶきアリーナ香川,electronic,female,同行,hi,5.0,,同行番手,2026-08-31 05:03:14,2026-08-31 15:01:19,,,listing,2,30000,"2名義中1番手1枚か2番手1〜2枚です。 
 
全て初期、期限内、すり替えなし、過去エラーなしです。 
本日中にお取引できる方のみです。


メッセージの際は...",True,2026-08
oc4112kjb0,1788152626174,naniwa-danshi-nd5,2026-09-21,14:00,あなぶきアリーナ香川,electronic,female,同行,hi,5.0,,同行番手,2026-08-31 05:03:46,2026-08-31 15:01:19,,,listing,2,30000,"2名義中1番手1枚か2番手1〜2枚です。 
 
全て初期、期限内、すり替えなし、過去エラーなしです。 
本日中にお取引できる方のみです。


メッセージの際は...",True,2026-08
yo1x7fblee,1788152663023,naniwa-danshi-nd5,2026-10-10,13:30,エコパアリーナ,electronic,female,同行,hi,5.0,,同行番手,2026-08-31 05:04:23,2026-08-31 15:01:19,,,listing,2,30000,"2名義中1番手1枚か2番手1〜2枚です。 
 
全て初期、期限内、すり替えなし、過去エラーなしです。 
本日中にお取引できる方のみです。


メッセージの際は...",True,2026-08
bn01fmj7c6,1788152688425,naniwa-danshi-nd5,2026-10-10,18:00,エコパアリーナ,electronic,female,同行,hi,5.0,,同行番手,2026-08-31 05:04:48,2026-08-31 15:01:19,,,listing,2,30000,"2名義中1番手1枚か2番手1〜2枚です。 
 
全て初期、期限内、すり替えなし、過去エラーなしです。 
本日中にお取引できる方のみです。


メッセージの際は...",True,2026-08
2rtfn1minw,1788152721190,naniwa-danshi-nd5,2026-10-11,13:00,エコパアリーナ,electronic,female,同行,hi,5.0,,同行番手,2026-08-31 05:05:21,2026-08-31 15:01:19,,,listing,2,30000,"2名義中1番手1枚か2番手1〜2枚です。 
 
全て初期、期限内、すり替えなし、過去エラーなしです。 
本日中にお取引できる方のみです。


メッセージの際は...",True,2026-08
pm5q387qag,1788152744241,naniwa-danshi-nd5,2026-10-11,17:30,エコパアリーナ,electronic,female,同行,hi,5.0,,同行番手,2026-08-31 05:05:44,2026-08-31 15:01:19,,,listing,2,30000,"2名義中1番手1枚か2番手1〜2枚です。 
 
全て初期、期限内、すり替えなし、過去エラーなしです。 
本日中にお取引できる方のみです。


メッセージの際は...",True,2026-08
6llyk2161g,1788152775373,naniwa-danshi-nd5,2026-10-12,14:00,エコパアリーナ,electronic,female,同行,hi,5.0,,同行番手,2026-08-31 05:06:15,2026-08-31 15:01:19,,,listing,2,30000,"2名義中1番手1枚か2番手1〜2枚です。 
 
全て初期、期限内、すり替えなし、過去エラーなしです。 
本日中にお取引できる方のみです。


メッセージの際は...",True,2026-08
12jjspxcyc,1787318325072,naniwa-danshi-nd5,2026-09-06,17:30,朱鷺メッセ 新潟コンベンションセンター,electronic,female,同行 2名義中2番手,Mi,5.0,,番手,2026-08-21 13:18:45,2026-08-31 15:01:19,,,listing,2,30000,"2名義中2番手/入場後解散なしですぐにお渡し/プラベル可/重複すり替えなし/着ブロなし/FC有効期限内/郵送物返送・過去エラーなし/下3桁提示可

公演当日、1...",True,2026-08
xe6dk865gd,1788160926919,naniwa-danshi-nd5,2026-09-20,13:00,あなぶきアリーナ香川,electronic,female,2名義中2番手2枚,サラン,5.0,,番手,2026-08-31 07:22:06,2026-08-31 15:01:19,,,listing,2,75000,"2名義中2番手1〜2枚/初期当選/着ブロなし/全て前回スタンド名義/期限内/下3桁提示可/すり替えなし/郵送物戻りなし
・
入場後一度チケットを回収し座席確認の...",True,2026-08
0955il7x4v,1788160414206,kamigata-expo-park-fes-2026,2026-10-31,,[大阪府] 万博記念公園,electronic,female,公演日7日前までにQRコード共有,す☆,5.0,,QR,2026-08-31 07:13:34,2026-08-31 15:01:19,,,listing,2,40000,"QR毎/初期当選/有効期限内/重複すり替えなし/下3桁提示可/発送物戻りなし/過去エラー等なし/代表者同行者なにわ男子名義/

公演前日にログイン情報共有いたし...",True,2026-08
064tgkb0o7,1788162839602,kamigata-expo-park-fes-2026,2026-11-01,,[大阪府] 万博記念公園,electronic,female,同行,ゆ,5.0,,QR番手,2026-08-31 07:53:59,2026-08-31 15:01:19,,,listing,2,27000,"FC先行/初期当選/2名義中2番手/すり替えなし/下3桁提示可/有効期限内/エラー歴なし/どちらも情報局名義（該当）×（該当）

開園時間の8:30に入場予定で...",True,2026-08
orcnr17wu8,1788165559481,naniwa-danshi-nd5,2026-09-19,13:30,あなぶきアリーナ香川,pickup_number,female,入金後に発券番号共有,ぴ,5.0,,QR,2026-08-31 08:39:19,2026-08-31 14:01:14,2026-08-31 10:01:16,transition_observed,sold,2,22000,"⭐︎注釈付き指定席２名券（立ち見ではありません）
・QRごとのお譲り
・発券番号のお譲り
・一般発売
・バラ売り不可
・8月31日23:30までにセブンイレブンにて発券可能な方
→間に合わない方はこちらで発券し郵送でも対応可。メッセージお願いします。
・払込番号のみの譲渡です。
・セブンイレブンにて発券する際に定価+手数料（21425円）が支払い時かかります。
・発券後のチケットに関してですが、一般の場合はFC会員番号などの記載がないため、会場内で本人確認されても安心かと思われます。
・電子エラーもございません。
・以上確約ではありませんので買い手の不備による返金、その他いかなる場合も返金は致しかねます。
・入場に関して不安な方はチケテンの入場補償をご利用ください。
・不明点、値下げ交渉あればコメントしてください。
・プライベート出品がいい方はコメントください。
・発券番号でのお譲りのため、発券後、チケ券面の公演名、公演日時に間違いがなければ速やかに入場連絡をお願い致します。",True,2026-08
v9rzu8ludk,1788165879575,naniwa-danshi-nd5,2026-09-19,18:00,あなぶきアリーナ香川,pickup_number,female,入金後発券番号共有,ぴ,5.0,,同行,2026-08-31 08:44:39,2026-08-31 15:01:19,,,deleted,2,21000,"⭐︎指定席２名券（立ち見ではありません）
・QRごとのお譲り
・発券番号のお譲り
・一般発売
・バラ売り不可
・8月31日23:30までにセブンイレブンにて発券...",True,2026-08
dh81louk8j,1788016492552,naniwa-danshi-nd5,2026-09-21,14:00,あなぶきアリーナ香川,electronic,female,公演前日QRコード共有,17.2,17.2,,QR,2026-08-29 15:14:52,2026-08-31 15:01:19,,,listing,2,90000,"FC先行/初期当選/QR毎/すり替えなし/下3桁提示可能/同一クレカなし/エラーなし名義/有効期限内名義/発送戻りなし

プラベ出品対応可能となります。

同行...",True,2026-08
aew0zu4zei,1788169327853,naniwa-danshi-nd5,2026-10-24,18:00,ららアリーナ 東京ベイ（LaLa arena TOKYO-BAY）,electronic,female,公演日1日前までにQRコード共有,J,5.0,,QR,2026-08-31 09:42:07,2026-08-31 15:01:19,,,listing,1,60000,"QRごと/初期当選/有効期限内/重複なし/条件なし/ご希望であれば下3桁提示可能/着ブロ指定なし
公演日の前日ログインに必要な情報をお伝えします。入場後は速やか...",True,2026-08
f498wp5klq,1788172744023,naniwa-danshi-nd5,2026-09-05,13:30,朱鷺メッセ 新潟コンベンションセンター,electronic,female,同時入場ランダム配布,R,5.0,,ランダム,2026-08-31 10:39:04,2026-08-31 15:01:19,,,listing,2,14000,"公演当日、当方が指名した時間に待ち合わせ頂き同時入場して頂きます。

ご購入の際はプライベート出品いたしますのでご連絡ください。

入場後はチケットを回収させて...",True,2026-08
xncj4p2z59,1786505043898,naniwa-danshi-nd5,2026-09-06,13:00,朱鷺メッセ 新潟コンベンションセンター,electronic,female,同時入場,♡,5.0,,番手,2026-08-12 03:24:03,2026-08-31 15:01:19,,,listing,1,35000,"2名義中2番手/初期当選/有効期限内/すり替えなし/下３桁提示可能/⚠️大西長尾道枝担不可

⭐️プラベ出品に変更しますので購入希望の方は担当明記の上ご連絡くだ...",True,2026-08
342tib8qdg,1788173901181,naniwa-danshi-nd5,2026-09-06,17:30,朱鷺メッセ 新潟コンベンションセンター,electronic,female,公演日前日QRコード共有,なたん,5.0,,QR,2026-08-31 10:58:21,2026-08-31 15:01:19,,,listing,1,60000,"FC先行 QRごとのお譲り 初期当選 有効期限内名義  下3桁提示可能 着ブロや返送物なし 同一クレカ決済なし
公演日の前日にログインに必要な情報をメッセージボ...",True,2026-08
ip5lt7c37n,1788171336340,naniwa-danshi-nd5,2026-10-10,13:30,エコパアリーナ,pickup_number,female,入金後発券番号共有,ぴ,5.0,,QR,2026-08-31 10:15:36,2026-08-31 15:01:19,,,deleted,2,24000,"⭐︎指定席２名券（立ち見ではありません）
・QRごとのお譲り
・発券番号のお譲り
・一般発売
・バラ売り不可
・8月31日23:30までにセブンイレブンにて発券...",True,2026-08
54gkk5c8y0,1788171448588,naniwa-danshi-nd5,2026-10-10,18:00,エコパアリーナ,pickup_number,female,入金後発券番号共有,ぴ,5.0,,QR,2026-08-31 10:17:28,2026-08-31 15:01:19,,,deleted,2,22000,"⭐︎指定席２名券（立ち見ではありません）
・QRごとのお譲り
・発券番号のお譲り
・一般発売
・バラ売り不可
・8月31日23:30までにセブンイレブンにて発券...",True,2026-08
d8avel5grb,1788171529323,naniwa-danshi-nd5,2026-10-11,13:00,エコパアリーナ,pickup_number,none,入金後発券番号共有,ぴ,5.0,,QR,2026-08-31 10:18:49,2026-08-31 15:01:19,,,deleted,2,25000,"⭐︎指定席２名券（立ち見ではありません）
・QRごとのお譲り
・発券番号のお譲り
・一般発売
・バラ売り不可
・8月31日23:30までにセブンイレブンにて発券...",True,2026-08
tshnpdvzp9,1788171589021,naniwa-danshi-nd5,2026-10-11,17:30,エコパアリーナ,pickup_number,female,入金後発券番号共有,ぴ,5.0,,QR,2026-08-31 10:19:49,2026-08-31 15:01:19,,,deleted,2,22000,"⭐︎指定席２名券（立ち見ではありません）
・QRごとのお譲り
・発券番号のお譲り
・一般発売
・バラ売り不可
・8月31日23:30までにセブンイレブンにて発券...",True,2026-08
t022xuop7b,1788171461198,naniwa-danshi-nd5,2026-10-11,17:30,エコパアリーナ,electronic,none,公演前日QRコード共有,の,5.0,,QR,2026-08-31 10:17:41,2026-08-31 15:01:19,,,listing,2,58000,"QR毎/初期当選/下3桁提示可/有効期限内名義

公演前日にログイン情報をご連絡致します。
ご自身の端末でログイン後、QRコードを表示し入場してください。
入場...",True,2026-08
xwyfqvludy,1788171653726,naniwa-danshi-nd5,2026-10-12,14:00,エコパアリーナ,pickup_number,female,入金後発券番号共有,ぴ,5.0,,QR,2026-08-31 10:20:53,2026-08-31 14:01:14,2026-08-31 12:01:13,transition_observed,sold,2,15000,"⭐︎指定席２名券（立ち見ではありません）
・QRごとのお譲り
・発券番号のお譲り
・一般発売
・バラ売り不可
・8月31日23:30までにセブンイレブンにて発券可能な方
→間に合わない方はこちらで発券し郵送でも対応可。メッセージお願いします。
・払込番号のみの譲渡です。
・セブンイレブンにて発券する際に定価+手数料（21425円）が支払い時かかります。
・発券後のチケットに関してですが、一般の場合はFC会員番号などの記載がないため、会場内で本人確認されても安心かと思われます。
・電子エラーもございません。
・以上確約ではありませんので買い手の不備による返金、その他いかなる場合も返金は致しかねます。
・入場に関して不安な方はチケテンの入場補償をご利用ください。
・不明点、値下げ交渉あればコメントしてください。
・プライベート出品がいい方はコメントください。
・発券番号でのお譲りのため、発券後、チケ券面の公演名、公演日時に間違いがなければ速やかに入場連絡をお願い致します。",True,2026-08
ob1w344f0c,1788173617980,naniwa-danshi-nd5,2026-10-27,13:00,ららアリーナ 東京ベイ（LaLa arena TOKYO-BAY）,electronic,female,当日手渡し,チャプ,5.0,,番手,2026-08-31 10:53:37,2026-08-31 15:01:19,,,listing,1,70000,"2名義中2番手のお譲り
※プラベル出品にしますので、購入前にコメントをお願いいたします
公演当日、開場15分前を目安に会場付近で待ち合わせをし、同時入場していた...",True,2026-08
uvhhk6p70f,1788177096817,naniwa-danshi-nd5,2026-09-05,18:00,朱鷺メッセ 新潟コンベンションセンター,paper,female,公演前日にログイン情報お渡し,ぺるる,5.0,,QR,2026-08-31 11:51:36,2026-08-31 15:01:19,,,deleted,1,45000,"初期当選/単番/QR毎/重複すり替えなし/下三桁提示可/有効期限内

単番QR毎でのお譲りです。
公演前日にログイン情報をお伝え致します
同意チェックは買い手様...",True,2026-08
k4ncubu781,1788174305661,naniwa-danshi-nd5,2026-09-19,13:30,あなぶきアリーナ香川,electronic,female,公演日前日までにログイン情報共有,AOi,5.0,,QR,2026-08-31 11:05:05,2026-08-31 15:01:19,,,listing,1,68000,"【購入前にコメントお願いします】

QR毎/初期当選/前回ボンボヤ当選スタンド、ドーム落選/下3桁提示可 /有効期限内/重複すり替えなし/エラー発送物戻りなし...",True,2026-08
k3nd6k0mj9,1788180779764,naniwa-danshi-nd5,2026-09-05,13:30,朱鷺メッセ 新潟コンベンションセンター,electronic,female,同行,💘,4.4,,同行記載あり,2026-08-31 12:52:59,2026-08-31 15:01:19,,,listing,1,48000,"購入希望の方はプラベルにて出品します。
当方と同行、高橋担×
/有効期限内/下3桁提示可/すり替えなし

・当日、開場20分前程度に会場付近集合して頂きます。詳...",True,2026-08
f5fn5fvta4,1788179322586,naniwa-danshi-nd5,2026-09-05,13:30,朱鷺メッセ 新潟コンベンションセンター,electronic,female,同時入場,⭐︎,5.0,,番手,2026-08-31 12:28:42,2026-08-31 15:01:19,,,deleted,2,29500,"4名義中3番手/全て初期当選/すり替えなし/下3桁提示可能/有効期限内/郵送物戻りなし

⚠️プラベルでのお譲りとなります。

当日は12時に会場付近集合となり...",True,2026-08
lgaqqzx3sc,1788180127446,naniwa-danshi-nd5,2026-09-05,18:00,朱鷺メッセ 新潟コンベンションセンター,electronic,none,少人数ランダム配布,みゅん,5.0,,ランダム,2026-08-31 12:42:07,2026-08-31 15:01:19,,,listing,1,10000,"少人数ランダム配布
複数名義所持しておりますので、同時入場後にこちらでチケット回収します。その後一度解散し、再度待ち合わせをし開演5~10分前までにチケットをお...",True,2026-08
eh5gu9fqxb,1788181095066,naniwa-danshi-nd5,2026-09-06,13:00,朱鷺メッセ 新潟コンベンションセンター,electronic,female,公演日前日にログイン情報共有,きいろ,5.0,,QR,2026-08-31 12:58:15,2026-08-31 15:01:19,,,listing,1,47000,"席未定/QR毎/有効期限内/すり替え無し下3桁提示可/初期当選/着ブロ選択無/取引多数経験あり

公演日前日にメッセージにてログイン情報をお伝えします。
開場後...",True,2026-08
9hpmbrqn33,1788180631104,naniwa-danshi-nd5,2026-09-06,13:00,朱鷺メッセ 新潟コンベンションセンター,electronic,female,公演前日19時までにログイン情報共有,Ｋ,5.0,,QR,2026-08-31 12:50:31,2026-08-31 15:01:19,2026-08-31 14:01:14,transition_observed,sold,1,40000,"【プライベート出品させていただきますのでご購入前にメッセージお願いいたします。】
初期当選/有効期限内/下3桁提示可
・座席に関するクレームはお控えください。
・当日入場後は速やかにログアウト、受け取り通知をお願いいたします。
・公演中止の場合のみ手数料を差し引いた金額を返金いたします。
公演中止を除きその他如何なる理由であっても返金は致しかねます。
・日本語が通じる方でよろしくお願いいたします。
代理購入もお控えください。",True,2026-08
9ogtmepy5g,1788180162665,naniwa-danshi-nd5,2026-09-06,13:00,朱鷺メッセ 新潟コンベンションセンター,electronic,none,少人数ランダム配布,みゅん,5.0,,ランダム,2026-08-31 12:42:42,2026-08-31 15:01:19,,,listing,1,10000,"少人数ランダム配布
複数名義所持しておりますので、同時入場後にこちらでチケット回収します。その後一度解散し、再度待ち合わせをし開演5~10分前までにチケットをお...",True,2026-08
zwu2oq36ek,1788178907160,naniwa-danshi-nd5,2026-09-20,17:30,あなぶきアリーナ香川,electronic,female,同行,に,5.0,,ランダム,2026-08-31 12:21:47,2026-08-31 15:01:19,,,listing,1,23000,"・入場時刻の35分前を目安に会場付近に集合し、同時入場をさせて頂きます。
・交通機関やトラブル等を加味し、時間に余裕を持って会場へお越し頂きますようお願いします...",True,2026-08
fl1vr6es49,1788178603352,naniwa-danshi-nd5,2026-09-20,17:30,あなぶきアリーナ香川,electronic,female,ランダム配布,R,5.0,,ランダム,2026-08-31 12:16:43,2026-08-31 15:01:19,,,listing,2,35000,"当日開場の30-15分前に当方が指定した場所に集合し同時入場していただきます。
入場後は一度半券を回収させていただき、開演までにチケットをお渡しさせていただきま...",True,2026-08
vo03fv9aiv,1788178274997,naniwa-danshi-nd5,2026-09-21,14:00,あなぶきアリーナ香川,electronic,female,公演日前日にログイン情報を提示させていただきます。,yu_,5.0,,QR,2026-08-31 12:11:14,2026-08-31 15:01:19,,,listing,2,75000,"初期当選/【2連QRごと】/下3桁提示可/サイチェン可/有効期限内/着ブロ希望なし/発送物戻りなし/過去エラーなし/

※プライベート出品いたしますのでご購入前...",True,2026-08
9k3hntnmhg,1788182931052,naniwa-danshi-nd5,2026-09-05,13:30,朱鷺メッセ 新潟コンベンションセンター,electronic,female,同時入場,なん,5.0,,QR,2026-08-31 13:28:51,2026-08-31 15:01:19,,,listing,2,36000,"2名義中2番手/全て初期当選/着ブロ無し/すり替え無し/有効期限内/コンビニ決済/下3桁提示可能

詳しい待ち合わせ場所等はマイページの連絡ボードにて随時お知ら...",True,2026-08
mkjqe7di72,1788182555770,naniwa-danshi-nd5,2026-09-05,13:30,朱鷺メッセ 新潟コンベンションセンター,electronic,female,公演前日に必要情報提示,♡,5.0,,同行記載あり,2026-08-31 13:22:35,2026-08-31 15:01:19,,,listing,2,42000,"・有効期限内、初期当選、着ブロ希望無し、郵便物戻り無し、重複すり替えなし、入金後即情報をご提示いたします。
プラベ出品へ切り替え可能。
・ランダムエラー、操作ミ...",True,2026-08
sold_naniwa-danshi-nd5_1788181767367_33000,1788181767367,naniwa-danshi-nd5,2026-09-05,18:00,朱鷺メッセ 新潟コンベンションセンター,electronic,female,公演日1日前までにQRコード共有,,,,,2026-08-31 13:09:27,2026-08-31 15:01:19,,historical_unknown,sold,1,33000,"FCでの当選QRごとのお譲りです！
有効期限内です。下3桁提示可能

ランダムエラー、座席の良し悪しでのクレーム、本人確認、検温、体調不良、などトラブルでも公演...",False,2026-08
v9ewbspe3l,1788187796335,naniwa-danshi-nd5,2026-09-05,13:30,朱鷺メッセ 新潟コンベンションセンター,electronic,female,すりかえなし同行,‪⸜❤︎⸝‍,5.0,,同行,2026-08-31 14:49:56,2026-08-31 15:01:19,,,listing,1,43500,"初期当選/有効期限内/下3桁提示可能/すり替えなし/大橋担不可
2連中1枚のチケットをお渡しいたします。
公演当日、こちらが指定した時間に会場付近にて待ち合わせのうえ、同時入場していただきます。待ち合わせ時間厳守でお願いいたします。
遅刻された場合は待たずに入場いたします。その際も受取連絡は必ずお願いいたします。
座席確認後、当方が選ばなかった2連中の1枚をお渡しいたします。座席選択権はございませんので予めご了承ください。
デジタルチケットのため、お座席に関するクレーム・キャンセル・返金には一切対応いたしかねます。トラブル防止のため、代理購入はご遠慮ください。
ランダムエラー・本人確認・買い手様の体調不良・交通機関の乱れ・天候不良・メンバー欠員等、公演中止以外のいかなる場合においても返金いたしません。
買い手様都合でのキャンセルは全額お支払いいただきます。必ずご対応ください。
プラベル通し（全額または一部）可能です。気軽にお申し付けください。
購入前に必ず担当お伝えください。",True,2026-08
jpepxiswzo,1788186120690,naniwa-danshi-nd5,2026-09-05,18:00,朱鷺メッセ 新潟コンベンションセンター,electronic,female,同行,ら,4.9,,ランダム,2026-08-31 14:22:00,2026-08-31 15:01:19,,,listing,2,15000,"⭐️指定席のみ⭐️ランダム配布【+0.5上乗せで15-20分前早渡し可能】
プラベルに変更でお値下げ可能(ご相談ください)
ファンクラブ先行のチケットを複数所持しており、こちらで座席を選ばせていただいたあとにランダムでチケットをお渡しします。購入者様による座席や席種の選択はできません。
開場開始時間30分前(開演1時間30分前)を目安に待ち合わせを考えております。お時間に余裕のある方のみ落札してください。
集合時間や待ち合わせ場所につきましては、確定次第前日夜から当日の朝までにご連絡いたします。(その際に、当日の流れ・再集合場所・こちらの電話番号等まとめてご連絡いたします。)
・時間厳守でお願いいたします。お待ち合わせ時間に遅刻された際は先に入場させていただきますが、受け取り通知はして頂き返金はいたしかねます。
・入場後は座席確認等チケットをお渡しするまでお時間をいただくため、一度解散をし、再度指定場所に集合という形をとらせていただきます。チケットお渡しの際にその場で受け取り通知をお願いします。
・開演時間5〜10分前にお渡し予定です。多少お時間が前後する場合もございます。お渡し時間にこだわらない方のみご購入ください。
・座席の善し悪しによるクレームは一切対応しませんので御遠慮ください。
・ランダムエラー、システムエラー、本人確認等で起きたトラブルについての責任は一切負えません。その際も受け取り通知はしていただきます。公演中止以外での返金は一切いたしかねます。
・ご購入いただいた際、こちらからの連絡を待たずに当日繋がる電話番号をご提示いただけますと幸いです。
以上を全てご了承いただける日本人女性の方のみ落札をお願いいたします。
公演中止の際はサイトの規定に則り、返金対応いたします。",True,2026-08
lnl2ola5n1,1788188248540,naniwa-danshi-nd5,2026-09-05,18:00,朱鷺メッセ 新潟コンベンションセンター,electronic,none,手渡し,ねこち,5.0,,番手,2026-08-31 14:57:28,2026-08-31 15:01:19,,,listing,1,25000,"3名義中3番手(6枚中5枚目)/初期当選/有効期限内/すり替えなし/下３桁提示可/着ブロ指定なし/発送物戻り等なし
※プラベルに移行いたしますので、購入希望の方はメッセージお願いいたします。
価格変更の上1部チケテン、残り当日も🉑
集合時間や場所につきましては連絡ボードにてご連絡いたします。遅刻厳禁でお願いいたします。
当日同時入場後1度回収し、3名義中3番手のチケットをお渡しいたします。
入場後座席の確認のためお時間をいただくこともありますが、遅くともチケット回収後15分以内にはお渡しいたします。
入場時端末をお借りする場合がございます。端末をお借りする場合はQRをこちらで表示して、同時入場して頂きます。
入場前にチケット持ち逃げ防止のため、一度身分証をお預かりさせていただきます。お預かりした際は入場後チケット回収時にお返し致します。
本人確認、ランダムエラー、体調不良等いかなる場合も返金はできかねますのでご了承ください。公演中止の場合のみ手数料を差し引いて返金いたします。
購入後のキャンセル不可。
代理購入不可、日本語の通じる方のみご購入ください。
状況ご承諾いただける方のみご購入お願いいたします",True,2026-08
0ty3b5t7qw,1788185562764,naniwa-danshi-nd5,2026-09-06,13:00,朱鷺メッセ 新潟コンベンションセンター,electronic,female,同行,ゆ,5.0,,番手,2026-08-31 14:12:42,2026-08-31 15:01:19,,,listing,2,30000,"4名義中4番手、すり替えなし、会員番号の下3桁提示可能。
4名義ともFC先行、初期当選、期限内、着ブロ指定なし、同一クレカ決済なし、過去エラーなし名義。
11時30分頃に会場付近にて待ち合わせ、同時入場していただきます。(詳細な時間や場所は前日までご連絡します。)
入場後はチケットを一度回収し、当方が先にチケットを選択します。
チケット受け取り後は速やかにその場で受取連絡をお願いいたします。
4名義中4番手となりますので、座席の選択はできません。(連番内のお席は同行者様とご自由にお決めください。)
座席の確認にお時間をいただく場合もございますが、すり替えはございませんのでご安心ください。
チケット購入後すぐに会員番号の下3桁提示可能です。
入場後はできるだけはやくチケットお渡しするようにします。
受取後はサイチェン等、ご自由にしていただいてかまいません。
電話番号の交換や、当日ゲートが分かれた際は身分証コピーの提示をお伺いする場合もありますのでご了承ください。
遅刻や体調不良、出演者の変更、ランダムエラーなど公演中止以外での返金やキャンセルはいかなる場合も出来ません。その際にも受け取り連絡はしていただきますのでご注意ください。
また、待ち合わせに5分以上の遅刻がないようにお願いします。遅刻された場合は、先に入場する可能性もありますが、その場合でも受け取り連絡をしていただきますのでご注意ください。
取引方法について何か不明点があればご質問ください。
代理購入にはご遠慮ください。
日本語のわかるマナーを守れる女性の方のみご購入ください。",True,2026-08
xn51ccl4jv,1788186835929,naniwa-danshi-nd5,2026-09-06,13:00,朱鷺メッセ 新潟コンベンションセンター,electronic,female,公演日前日にログイン情報共有,m,5.0,,QR,2026-08-31 14:33:55,2026-08-31 15:01:19,,,listing,2,50000,"QR毎/初期当選/初当選名義/重複すり替えなし/有効期限内
・公演日前日にログイン情報をお伝えします。
・座席に関するクレーム等一切お受けできません。
・入場後は開演までに受け取り連絡、速やかにログアウトをお願いします。
・ご購入後のキャンセル返金はいかなる場合でも不可となります。必ず受け取り通知していただきますのでご了承ください。
・トラブル防止の為、代理購入不可。日本語が通じる方のみご購入お願いします。
全てご理解・ご了承いただけた方のみご購入お願いいたします。",True,2026-08
yqunpi7v9s,1788186133306,naniwa-danshi-nd5,2026-09-06,17:30,朱鷺メッセ 新潟コンベンションセンター,electronic,female,同行,な,5.0,,ランダム,2026-08-31 14:22:13,2026-08-31 15:01:19,,,listing,1,5300,"・複数名義所持している為、入場後チケットを一度回収し、当方が座席を選択した後にランダムにてチケットをお渡し致します。
・全て初期当選、有効会員名義のみ集めております。
・所持している名義数はお答え致しかねますのでご了承ください。
・当日開場時間30分前に会場付近にて待ち合わせ。
・端末をお借りする場合があります。ご理解とご協力お願いいたします。
・チケットのお渡しまでにお時間を頂く場合がありますが開演時間までに必ずお渡し致します。
・チケットお渡し後の座席のクレーム一切承れません。
・当日交通機関の乱れによる遅刻、体調不良、ランダムエラー、本人確認による入場不可によるキャンセル承れません。
・待ち合わせに遅れた場合は先に入場致しますので時間厳守でお願いします。
【公演中止の際は手数料を引いた全額を返金致します】公演中止以外のその他如何なる都合でもキャンセル、返金不可。
メンバー体調不良による欠席の場合も返金対応致しかねますのでご了承ください。",True,2026-08
gi6zyxrlde,1788187006374,naniwa-danshi-nd5,2026-09-06,17:30,朱鷺メッセ 新潟コンベンションセンター,electronic,female,3名義中3番手,♡,5.0,,番手,2026-08-31 14:36:46,2026-08-31 15:01:19,,,listing,2,25000,"3名義中3番手/初期当選/有効期限内/すり替えなし/下３桁提示可/着ブロ指定なし/発送物戻り等なし
※プラベルに移行いたしますので、購入希望の方はメッセージお願いいたします。
集合時間や場所につきましては連絡ボードにてご連絡いたします。遅刻厳禁でお願いいたします。
当日同時入場後1度回収し、3名義中3番手のチケットをお渡しいたします。
入場後座席の確認のためお時間をいただくこともありますが、遅くともチケット回収後15分以内にはお渡しいたします。
入場時端末をお借りする場合がございます。端末をお借りする場合はQRをこちらで表示して、同時入場して頂きます。
入場前にチケット持ち逃げ防止のため、一度身分証をお預かりさせていただきます。お預かりした際は入場後チケット回収時にお返し致します。
本人確認、ランダムエラー、体調不良等いかなる場合も返金はできかねますのでご了承ください。公演中止の場合のみ手数料を差し引いて返金いたします。
購入後のキャンセル不可。
代理購入不可、日本語の通じる方のみご購入ください。
状況ご承諾いただける方のみご購入お願いいたします。",True,2026-08
