ticket_id,created_at_unix,event_id,perf_date,perf_time,venue,ticket_type,name_type,delivery_method,seller_name,seller_rating,order_num,ticket_tags,first_observed_at,last_observed_at,sold_at,sold_at_source,status,quantity,price,raw_description,details_fetched,year_month
ijuoi8gz17,1788316672587,yakusoku-no-hate,2026-09-29,18:00,[東京都] 東京国際フォーラム ホールA,paper,female,公演日3日前までに郵送,るる,5.0,,,2026-09-02 02:37:52,2026-09-03 03:01:31,,,deleted,1,45000,"FC枠での当選になります。

主催者側都合での公演中止の場合のみ返金可能。
その他 交通機関の乱れ、トラブルによる入場不可、座席に関するクレーム、出演者の変更、...",True,2026-09
mz3qe2jo33,,yakusoku-no-hate,2026-09-28,,[東京都] 東京国際フォーラム ホールA,paper,female,当日手渡し,millionmonkey,5.0,,,2026-09-03 09:35:42,2026-09-04 19:01:10,,,listing,1,24000,,True,2026-09
sxrtfqi1xr,,yakusoku-no-hate,2026-09-28,,[東京都] 東京国際フォーラム ホールA,paper,female,公演日7日前までに郵送,あ,5.0,,,2026-09-03 14:50:34,2026-09-04 19:01:10,,,listing,1,15000,公演中止のみ手数料を引いた金額を返金いたします。,True,2026-09
k8u1x82dtt,,yakusoku-no-hate,2026-09-29,13:00,[東京都] 東京国際フォーラム ホールA,paper,female,入金後24時間以内に郵送,し,5.0,,,2026-09-03 16:22:08,2026-09-04 19:01:10,,,listing,1,18000,"FC先行枠です。
公演中止以外の返金対応はいたしかねます。観劇マナーを守り、名義に傷をつける行為をされない方のみ購入お願いいたします。
",True,2026-09
08zi8ihqnz,,yakusoku-no-hate,2026-09-29,13:00,[東京都] 東京国際フォーラム ホールA,paper,female,入金後24時間以内に郵送、もしくは都内手渡し,Ai,5.0,,,2026-09-03 11:38:37,2026-09-04 19:01:10,,,listing,1,18000,FC枠紙チケットとなります。ご希望であれば身分証貸出可能です。入場時のトラブル等、公演中止以外のいかなる場合も返金対応できかねます。,True,2026-09
zzbm5fjrpa,,yakusoku-no-hate,2026-09-29,18:00,[東京都] 東京国際フォーラム ホールA,paper,female,公演日7日前までに郵送,nii,5.0,,,2026-09-02 16:52:34,2026-09-04 19:01:10,,,listing,1,16000,主催者側による公演中止の場合のみ、送料・仲介手数料を差し引いた金額返金致します。,True,2026-09
jw43z5r7vw,,yakusoku-no-hate,2026-09-29,18:00,[東京都] 東京国際フォーラム ホールA,paper,female,入金後24時間以内に郵送,m,5.0,,,2026-09-03 10:24:28,2026-09-04 19:01:10,,,listing,1,20000,FC枠 該当有効期限内名義 1階35~37列センブロ,True,2026-09
oghh175rsh,,yakusoku-no-hate,2026-09-29,18:00,[東京都] 東京国際フォーラム ホールA,paper,female,手渡し,Sousouki,5.0,,同行,2026-09-03 14:03:46,2026-09-04 19:01:10,,,listing,1,14000,,True,2026-09
tcc2xhjmnk,,yakusoku-no-hate,2026-09-29,13:00,[東京都] 東京国際フォーラム ホールA,electronic,female,9/23～スマチケにて分配,kiu,5.0,,QR番手,2026-09-04 12:55:53,2026-09-04 19:01:10,,,listing,2,14800,"・イープラス先行、2名義中2番手でのお譲りです。
・9/23以降に座席情報を確認し、遅くとも公演2日前までに分配の連絡をいたします。
チケットの分配が完了しまし...",True,2026-09
sold_yakusoku-no-hate__18000,,yakusoku-no-hate,2026-09-28,,[東京都] 東京国際フォーラム ホールA,electronic,female,公演日7日前までダウンロードURLを送付,,,,,2026-09-04 19:01:10,2026-09-04 19:01:10,,historical_unknown,sold,1,18000,,False,2026-09
sold_yakusoku-no-hate__13100,,yakusoku-no-hate,2026-09-28,,[東京都] 東京国際フォーラム ホールA,electronic,female,公演日7日前までにQRコード共有,,,,,2026-09-04 19:01:10,2026-09-04 19:01:10,,historical_unknown,sold,1,13100,イープラスでの分配になります。,False,2026-09
sold_yakusoku-no-hate__13000,,yakusoku-no-hate,2026-09-28,,[東京都] 東京国際フォーラム ホールA,electronic,female,公演3日前までにスマチケにて分配いたします。,,,,,2026-09-04 19:01:10,2026-09-04 19:01:10,,historical_unknown,sold,1,13000,"イープラス枠のチケットになります。
分配でのお取引となりますのでチケット受け取り次第、受け取り評価お願いいたします。
公演中止以外いかなる場合でも返金不可。",False,2026-09
sold_yakusoku-no-hate__12200,,yakusoku-no-hate,2026-09-29,18:00,[東京都] 東京国際フォーラム ホールA,electronic,none,公演日4日前までに分配,,,,,2026-09-04 19:01:10,2026-09-04 19:01:10,,historical_unknown,sold,1,12200,チケット重複分がかなりあるためお譲り先探しております。,False,2026-09
ujj3yduees,,snowman-dome-tour-2026-2027-all-suite,2026-10-30,17:00,[北海道] 大和ハウス プレミストドーム（札幌ドーム）,electronic,female,公演日前日にQRコード共有,ℳ,5.0,,QR,2026-09-10 03:01:12,2026-09-10 04:01:19,,,listing,2,45000,"FC先行/初期当選/QR毎/購入後下3桁提示可/すり替え重複なし/有効期限内/郵便物戻りなし/着ブロ指定なし
エラー履歴無い
ログイン情報は前日にお伝えします。...",True,2026-09
enbkag19ef,,snowman-dome-tour-2026-2027-all-suite,2026-10-30,17:00,[北海道] 大和ハウス プレミストドーム（札幌ドーム）,electronic,female,同行,s,5.0,,同行,2026-09-10 03:01:12,2026-09-10 04:01:19,,,listing,1,35000,"FC先行/購入後下3桁提示可/すり替え重複なし

宮舘担不可

公演中止の際のみ手数料を差し引いた金額のみご返金します
その他如何なる場合も返金致しませんのでご...",True,2026-09
qgybvznpd9,,snowman-dome-tour-2026-2027-all-suite,2026-10-30,17:00,[北海道] 大和ハウス プレミストドーム（札幌ドーム）,electronic,female,同日手渡し,r,4.7,,同行ランダム,2026-09-10 03:01:12,2026-09-10 04:01:19,,,deleted,2,30000,"当日13:00に会場付近集合予定、同時入場していただきます。集合時間に必ず来れる方のみでお願い致します。
公演前日に連絡ボードで詳しい待ち合わせ場所・時間お知らせ致します。
又、下記全て確認いただき同意頂ける・ランダム配布理解あるの方のみご購入をお願い致します。
【遅刻厳禁】
複数人で待ち合わせを致しますので遅刻厳禁でお願いいたします。遅刻の場合はお待ちできませんので、そのまま入場させて頂きます。その場合も必ず受取通知はして頂きます。
同時入場の際にQR表示のご協力を頂く為に端末をお借りする場合がございますので、当日は通信環境の整っている端末をご用意ください。
同時入場後、一度チケットを回収し座席確認後、先に座席選択させて頂きます。その際に一度解散しお時間頂きますが、開演30分前迄を目安に再集合してチケットをお渡しします。買い手様は一切お座席をお選び頂けません。
チケット配布の催促、座席のクレーム、所持している名義数に関する質問は御遠慮ください。
2枚でご購入された方には、可能な限り連番でお渡ししますが
場合によっては連番でのご案内ができないこともございます。ご了承ください。
そちらご了承の上、ご購入ください。
【開演前の公演中止以外返金不可】
・赤線エラー、本人確認、体調不良、交通機関の乱れによる遅刻、メンバー不在等の公演中止以外の返金対応は致しかねますのでご了承ください。
・開演前の公演中止時のみ規則に則り手数料を差し引いた額が返金されます。
・いかなる場合でも入金後のキャンセルは致しかねます。
他、質問点お気軽にお問い合わせください。",True,2026-09
aitbu4ebde,,snowman-dome-tour-2026-2027-all-suite,2026-10-30,17:00,[北海道] 大和ハウス プレミストドーム（札幌ドーム）,electronic,female,入金後24時間以内にQRコード共有,malu,5.0,,QR,2026-09-10 03:01:12,2026-09-10 04:01:19,,,listing,1,40000,"FC先行/初期当選/QRのお譲り/購入後下3桁提示可/すり替え重複なし/有効期限内/郵便物戻りなし/着ブロ指定なし
エラー履歴無い
ログイン情報は前日にお伝えし...",True,2026-09
nek6df3vzy,,snowman-dome-tour-2026-2027-all-suite,2026-10-30,17:00,[北海道] 大和ハウス プレミストドーム（札幌ドーム）,electronic,female,公演日前日までにログイン情報共有,kkksssstttt,5.0,,QR,2026-09-10 03:01:12,2026-09-10 04:01:19,,,deleted,1,44000,"QR毎/初期当選/下3桁提示可/郵便物戻りなし/有効期限内/着ブロ指定なし/エラー歴なし/ペイジー入金済
公演前日にログイン情報お伝えします。
✳︎プラベ出品ご希望の方はメッセージください。
購入後は返金対応のある公演中止の場合以外
ランダムエラー、他のエラー、本人確認、交通機関の乱れによる遅刻、体調不良などの場合
その他如何なる場合でもキャンセル返金不可
入場後は速やかにログアウトお願いします。
ご理解のある方のみご購入お願い致します。",True,2026-09
x6nt9g7nxs,,snowman-dome-tour-2026-2027-all-suite,2026-10-30,17:00,[北海道] 大和ハウス プレミストドーム（札幌ドーム）,electronic,female,公演前日24時間以内にQRコード共有,MONMON,5.0,,QR,2026-09-10 03:01:12,2026-09-10 04:01:19,,,listing,1,35000,"FC先行/初期当選/QRのお譲り/購入後下3桁提示可/すり替え重複なし/有効期限内/郵便物戻りなし/着ブロ指定なし
エラー履歴無い
ログイン情報は前日にお伝えし...",True,2026-09
jvk4zgwcob,,snowman-dome-tour-2026-2027-all-suite,2026-10-30,17:00,[北海道] 大和ハウス プレミストドーム（札幌ドーム）,electronic,female,入金後24時間以内にQRコード共有,nm,5.0,,QR,2026-09-10 03:01:12,2026-09-10 04:01:19,,,listing,2,45000,"QR毎/初期当選/下3桁提示可/郵便物戻りなし
公演前日にログイン情報お伝えします。
入場後は速やかにログアウトお願いします。
公演中止以外での返金対応行いませ...",True,2026-09
g362jh253x,,snowman-dome-tour-2026-2027-all-suite,2026-10-31,17:00,[北海道] 大和ハウス プレミストドーム（札幌ドーム）,electronic,female,公演日前日にログイン情報をお送りいたします,ℳ,5.0,,QR,2026-09-10 03:01:12,2026-09-10 04:01:19,,,listing,2,50000,"FC先行/初期当選/QR毎/購入後下3桁提示可/すり替え重複なし/有効期限内/郵便物戻りなし/着ブロ指定なし
エラー履歴無い
ログイン情報は前日にお伝えします。...",True,2026-09
w4egad70sy,,snowman-dome-tour-2026-2027-all-suite,2026-10-31,17:00,[北海道] 大和ハウス プレミストドーム（札幌ドーム）,electronic,female,公演日前日にQRコード共有,nao,5.0,,ランダム記載あり,2026-09-10 03:01:12,2026-09-10 04:01:19,,,listing,1,80000,"詳細・備考

単番　QR毎
過去エラーなし/有効期限内/発送物戻り無/下3桁提示可/初期当選

・公演日前日夜頃にログイン情報をお伝えいたします。入場後は速やか...",True,2026-09
q65lunwbh9,,snowman-dome-tour-2026-2027-all-suite,2026-10-31,17:00,[北海道] 大和ハウス プレミストドーム（札幌ドーム）,paper,female,当日手渡し,r,4.7,,ランダム,2026-09-10 03:01:12,2026-09-10 04:01:19,,,listing,1,18000,"当日13:00に会場付近集合予定、同時入場していただきます。集合時間に必ず来れる方のみでお願い致します。

公演前日に連絡ボードで詳しい待ち合わせ場所・時間お知...",True,2026-09
enegdwxpia,,snowman-dome-tour-2026-2027-all-suite,2026-11-01,15:00,[北海道] 大和ハウス プレミストドーム（札幌ドーム）,electronic,female,入金後24時間以内にQRコード共有,nm,5.0,,QR,2026-09-10 03:01:12,2026-09-10 04:01:19,,,listing,2,45000,"QR毎/初期当選/下3桁提示可/郵便物戻りなし
公演前日にログイン情報お伝えします。
入場後は速やかにログアウトお願いします。
",True,2026-09
wxt6qj4kf2,,snowman-dome-tour-2026-2027-all-suite,2026-11-01,15:00,[北海道] 大和ハウス プレミストドーム（札幌ドーム）,paper,female,当日手渡し,r,4.7,,ランダム,2026-09-10 03:01:12,2026-09-10 04:01:19,,,listing,1,18000,"当日11:30に会場付近集合予定、同時入場していただきます。集合時間に必ず来れる方のみでお願い致します。

公演前日に連絡ボードで詳しい待ち合わせ場所・時間お知...",True,2026-09
ib1ix7jkhb,,snowman-dome-tour-2026-2027-all-suite,2026-11-01,15:00,[北海道] 大和ハウス プレミストドーム（札幌ドーム）,electronic,female,公演日前日にログイン情報を渡します,ぴ,5.0,,QR,2026-09-10 03:01:12,2026-09-10 04:01:19,,,listing,2,38000,,True,2026-09
zohhyw2mll,,snowman-dome-tour-2026-2027-all-suite,2026-11-01,15:00,[北海道] 大和ハウス プレミストドーム（札幌ドーム）,electronic,female,公演前日にログイン情報提示,♡,5.0,,番手QR,2026-09-10 03:01:12,2026-09-10 04:01:19,,,listing,2,35000,"QR/下3桁提示可/重複すり替えなし/有効期限内

エラー等によるいかなる場合も返金対応行いません。同行者チェック等もご自身でお願いいたします。",True,2026-09
phanex8vxw,,snowman-dome-tour-2026-2027-all-suite,2026-11-01,15:00,[北海道] 大和ハウス プレミストドーム（札幌ドーム）,electronic,female,公演前日にログイン情報共有,🎀,5.0,,QR,2026-09-10 03:01:12,2026-09-10 04:01:19,,,listing,2,40000,"QR毎/初期当選/下3桁提示可/重複すり替えなし/有効期限内名義/発送物戻りなし/着ブロ希望なし

QR毎でのお譲りになります。公演日の前日になりましたらログイ...",True,2026-09
gkwblg2czk,,snowman-dome-tour-2026-2027-all-suite,2026-11-01,15:00,[北海道] 大和ハウス プレミストドーム（札幌ドーム）,electronic,female,公演日前日にログイン情報お伝えいたします,るん,5.0,,QR,2026-09-10 03:01:12,2026-09-10 04:01:19,,,listing,2,50000,"座席未定/QR毎/下3桁提示可能/佐久間名義/重複・すり替えなし/有効期限内/変更ボタン有/最終当選歴SnowWorld/発送物戻りなし/

・公演前日に連絡ボ...",True,2026-09
s9hi0hjqqy,,snowman-dome-tour-2026-2027-all-suite,2026-11-01,15:00,[北海道] 大和ハウス プレミストドーム（札幌ドーム）,electronic,female,公演日前日にログイン情報共有,はむ8,5.0,,QR,2026-09-10 03:01:12,2026-09-10 04:01:19,,,listing,2,42000,"QR/初期当選/重複すり替えなし/有効期限内名義/下3桁掲示可能/発送物戻りなし/着ブロ希望なし

・公演前日に連絡ボードにてログイン情報をお知らせします
・同...",True,2026-09
0nf2ea2nwy,,snowman-dome-tour-2026-2027-all-suite,2026-11-01,15:00,[北海道] 大和ハウス プレミストドーム（札幌ドーム）,electronic,female,公演日1日前までにQRコード共有,N O,5.0,,QR,2026-09-10 03:01:12,2026-09-10 04:01:19,,,listing,1,38000,"QR/初期当選/重複すり替えなし/有効期限内名義/下3桁掲示可能/発送物戻りなし/着ブロ希望なし

・公演当日に連絡ボードにてログイン情報をお知らせします
・同...",True,2026-09
q632ravhcn,,snowman-dome-tour-2026-2027-all-suite,2026-11-26,17:00,[愛知県] バンテリンドーム ナゴヤ,electronic,female,公演日1日前までにQRコード共有,N O,5.0,,QR,2026-09-10 03:01:12,2026-09-10 04:01:19,,,listing,1,84000,"QR/重複すり替えなし/有効期限内名義/下3桁掲示可能/発送物戻りなし/着ブロ希望なし

・公演当日に連絡ボードにてログイン情報をお知らせします
・同意チェック...",True,2026-09
iptum59k19,,snowman-dome-tour-2026-2027-all-suite,2026-11-26,17:00,[愛知県] バンテリンドーム ナゴヤ,electronic,female,公演日1日前にQRコード共有,かな,5.0,,QR,2026-09-10 03:01:12,2026-09-10 04:01:19,,,listing,1,85000,"QR毎/座席未定/着ブロ希望なし/重複すり替えなし/発送物戻りなし/有効期限内/下3桁提示可能

下記、全てご了承頂ける方のみご購入ください。

公演前日になり...",True,2026-09
3d2wvt4jaa,,snowman-dome-tour-2026-2027-all-suite,2026-11-28,17:00,[愛知県] バンテリンドーム ナゴヤ,electronic,none,公演日1日前までにQRコード共有,N,4.9,,QR,2026-09-10 03:01:12,2026-09-10 04:01:19,,,listing,2,100000,"下3桁提示可能/重複すり替えなし/有効期限内/昨年落選初当選名義
エラー等如何なる場合も返金不可",True,2026-09
niuqlzwxsw,,snowman-dome-tour-2026-2027-all-suite,2026-11-28,17:00,[愛知県] バンテリンドーム ナゴヤ,electronic,female,公演日1日前までにQRコード表示の情報共有,R,5.0,,QR,2026-09-10 03:01:12,2026-09-10 04:01:19,,,listing,2,89999,"QR毎/すり替えなし重複なし/下3桁提示可能/初期当選/有効期限内名義/着席ブロック指定なし/過去当選歴なし/返送歴なし

非公開の出品/専用出品にすることは可...",True,2026-09
76fwiozhaf,,snowman-dome-tour-2026-2027-all-suite,2026-12-04,17:00,[福岡県] みずほPayPayドーム福岡,electronic,female,公演日1日前までにQRコード共有,N O,5.0,,QR,2026-09-10 03:01:12,2026-09-10 04:01:19,,,listing,2,80000,"QR/初期当選／重複すり替えなし/有効期限内名義/下3桁掲示可能/発送物戻りなし/着ブロ希望なし

・公演当日に連絡ボードにてログイン情報をお知らせします
・同...",True,2026-09
qajwk047eu,,snowman-dome-tour-2026-2027-all-suite,2026-12-04,17:00,[福岡県] みずほPayPayドーム福岡,electronic,female,公演1日前にQRコード共有,na.,5.0,,QR,2026-09-10 03:01:12,2026-09-10 04:01:19,,,listing,2,70000,"QR/初期当選/重複すり替えなし/有効期限内名義/下3桁掲示可能/発送物戻りなし/着ブロ希望なし

・公演当日に連絡ボードにてログイン情報をお知らせします
・同...",True,2026-09
bynskmf7xo,,snowman-dome-tour-2026-2027-all-suite,2026-12-06,16:00,[福岡県] みずほPayPayドーム福岡,electronic,female,QRごと　初期当選　お支払い確認後会員番号下３桁開示可能です。,💫,5.0,,QR,2026-09-10 03:01:12,2026-09-10 04:01:19,,,listing,1,100000,"最終当選2022年　代表者チェックは買い手様でお願いします。

公演中止以外のいかなる場合も返金致しかねます。",True,2026-09
mx8x8kn8c5,,snowman-dome-tour-2026-2027-all-suite,2026-12-23,17:00,東京ドーム,electronic,none,公演日前日夜までにQRコード共有,tgdp,5.0,,QR,2026-09-10 03:01:12,2026-09-10 04:01:19,,,listing,2,130000,"QR毎/初期当選/当選歴なし/重複なし/着ブロ希望なし/下3桁提示可能/有効期限内/郵便物戻りなし

公演日前日夜にログイン情報を共有いたします。当日は入場手続...",True,2026-09
qcazsf8fp3,,snowman-dome-tour-2026-2027-all-suite,2026-12-24,17:00,東京ドーム,electronic,none,ランダム配布,うきぴ,4.9,,ランダム,2026-09-10 03:01:12,2026-09-10 04:01:19,,,listing,1,45000,"
公演当日は開場時間の30分前に会場付近にお集まりいただき、同時入場していただきます。

詳しい時間はお日にちが近づきましたらメッセージボードにてご連絡いたしま...",True,2026-09
nneubvfqma,,snowman-dome-tour-2026-2027-all-suite,2026-12-24,17:00,東京ドーム,electronic,female,同意チェックご自身で可能。QRが表示でき次第ログイン情報をお送りいたします。,もち,5.0,,QR,2026-09-10 03:01:12,2026-09-10 04:01:19,,,listing,2,111111,"QR毎、下３桁提示可
いかなる場合でも変更キャンセルいたしかねますのでご了承ください。",True,2026-09
szrilbvkhe,,snowman-dome-tour-2026-2027-all-suite,2026-12-24,17:00,東京ドーム,electronic,female,番手,あ,5.0,,番手,2026-09-10 03:01:12,2026-09-10 04:01:19,,,listing,2,65000,"2名義中2番手/初期当選/期限内/すり替えなし/下3桁提示可

開場20-30分前に会場周辺にて集合予定。
入場後一度チケットをすべて回収し、選ばなかった席をお...",True,2026-09
ff5k0i1brm,,snowman-dome-tour-2026-2027-all-suite,2026-12-25,17:00,東京ドーム,electronic,female,番手,あ,5.0,,番手,2026-09-10 03:01:12,2026-09-10 04:01:19,,,deleted,2,62000,"4名義中3番手/初期当選/期限内/すり替えなし/下3桁提示可
開場20-30分前に会場周辺にて集合予定。
入場後一度チケットをすべて回収します。上位番手の方が選んだ後残りの2連×2の中から座席をお選びください。
ランダムエラー、交通機関の乱れ、体調不良、出演者変更、本人確認があった場合などいかなる場合でも返金キャンセル不可となります。
⚠️ランダムエラー時に返金対応を求める方はチケテンの入場保証をご利用ください⚠️
15分以上の遅刻は待たずに入場します。その際も受取評価は必ずお願いします。
座席に関するクレームは一切受け付けません。
公演中止の場合のみ手数料を差し引いた額を返金いたします。",True,2026-09
q3ylg05xd6,,snowman-dome-tour-2026-2027-all-suite,2026-12-25,17:00,東京ドーム,electronic,female,ランダム配布,あ,5.0,,ランダム,2026-09-10 03:01:12,2026-09-10 04:01:19,,,listing,1,40000,"ランダム配布

・公演当日、開場30分前までに会場付近にて待ち合わせし、同時入場していただきます。
遅刻をされた場合、待たずに先に入場する場合もございます。その...",True,2026-09
xmexu3f5b6,,snowman-dome-tour-2026-2027-all-suite,2026-12-25,17:00,東京ドーム,electronic,female,公演前日にQRコード共有,なお,5.0,,QR,2026-09-10 03:01:12,2026-09-10 04:01:19,,,listing,2,140000,"公演前日に連絡ボードにてログイン情報をお伝えいたします。
代表者の同意チェックは買い手様でお願いいたします。
同行者は事前登録してありますため、こちらで同一チェ...",True,2026-09
h7ka3o4qim,,snowman-dome-tour-2026-2027-all-suite,2026-12-25,17:00,東京ドーム,electronic,none,ランダム配布,うきぴ,4.9,,ランダム,2026-09-10 03:01:12,2026-09-10 04:01:19,,,listing,1,45000,"
公演当日は開場時間の30分前に会場付近にお集まりいただき、同時入場していただきます。

詳しい時間はお日にちが近づきましたらメッセージボードにてご連絡いたしま...",True,2026-09
gddxxmp3ha,,snowman-dome-tour-2026-2027-all-suite,2026-12-25,17:00,東京ドーム,electronic,female,公演日7日前までにQRコード共有,ぴ,5.0,,QR,2026-09-10 03:01:12,2026-09-10 04:01:19,,,listing,2,150000,"QR毎/下3桁提示/有効期間内/
公演前日に連絡ボードにてログイン情報をお伝えいたします。
代表者の同意チェックは買い手様でお願いいたします。
同行者は事前登録...",True,2026-09
yxzhouonsu,,snowman-dome-tour-2026-2027-all-suite,2026-12-25,17:00,東京ドーム,electronic,female,番手,あ,5.0,,番手,2026-09-10 03:01:12,2026-09-10 04:01:19,,,listing,2,50000,"4名義中4番手/初期当選/期限内/すり替えなし/下3桁提示可

開場20-30分前に会場周辺にて集合予定。
入場後一度チケットをすべて回収し、選ばなかった席をお...",True,2026-09
ac16fuu1e6,,snowman-dome-tour-2026-2027-all-suite,2026-12-26,16:00,東京ドーム,electronic,female,同行,🎀,5.0,,同行,2026-09-10 03:01:12,2026-09-10 04:01:19,,,listing,1,100000,"当方と同行/重複すり替えなし/初期当選/有効期間内/下3桁提示可/本人同行者共に女性名義/着ブロ希望なし/サイチェン可

公演当日は、開場時間の15分前頃に会場...",True,2026-09
rt2xb5auly,,snowman-dome-tour-2026-2027-all-suite,2026-12-26,16:00,東京ドーム,electronic,female,同行,りりぃ,5.0,,同行,2026-09-10 03:01:12,2026-09-10 04:01:19,,,listing,1,90000,"FC初期当選 2連中の1枚 条件なし同行 すり替えなし 下3桁提示可能 有効期間内 サイチェン不可

同時入場後、一度チケットを回収させていただきこちらが座席を...",True,2026-09
6pb8rrx13o,,snowman-dome-tour-2026-2027-all-suite,2026-12-26,16:00,東京ドーム,electronic,none,公演日前日夜までにQRコード共有,tgdp,5.0,,QR,2026-09-10 03:01:12,2026-09-10 04:01:19,,,listing,2,135000,"QR毎/初期当選/重複なし/着ブロ希望なし/下3桁提示可能/有効期限内/郵便物戻りなし

公演日前日夜にログイン情報を共有いたします。
当日は入場手続き後、速や...",True,2026-09
fhdvz3ljo9,,snowman-dome-tour-2026-2027-all-suite,2027-01-04,17:00,京セラドーム大阪,electronic,none,公演日当日にQRコード共有,めんた,5.0,,QR,2026-09-10 03:01:12,2026-09-10 04:01:19,,,listing,2,73333," FC先行 座席未定QR／重複・すり替えなし/／
取引方法
公演日に連絡ボードにて必要な情報をお伝えします。
お席に関するクレーム・送金停止は一切お受け致しかね...",True,2026-09
5eefbvk6mo,,snowman-dome-tour-2026-2027-all-suite,2027-01-04,17:00,京セラドーム大阪,electronic,none,公演日当日にQRコード共有,めんた,5.0,,QR,2026-09-10 03:01:12,2026-09-10 04:01:19,,,listing,2,73333,"FC先行 FC先行 FC先行 座席未定　QRコード毎のお譲り
公演日に連絡ボードにて必要な情報をお伝えします。
お席に関するクレーム・送金停止は一切お受け致しか...",True,2026-09
olxh2x0wjy,,snowman-dome-tour-2026-2027-all-suite,2027-01-05,17:00,京セラドーム大阪,electronic,female,同行,ひ,5.0,,番手,2026-09-10 03:01:12,2026-09-10 04:01:19,,,deleted,2,75500,"2名義中2番手/期限内/すり替えなし/下3桁提示可
開場20-30分前に会場周辺にて集合予定。
入場後一度チケットを回収し、選ばなかった席をお渡しします。
ランダムエラー、交通機関の乱れ、体調不良、出演者変更、本人確認があった場合などいかなる場合でも返金キャンセル不可となります。",True,2026-09
h9wm2vhkq9,,snowman-dome-tour-2026-2027-all-suite,2027-01-06,17:00,京セラドーム大阪,electronic,none,公演日当日にQRコード共有,めんた,5.0,,QR,2026-09-10 03:01:12,2026-09-10 04:01:19,,,listing,2,73333,"FC先行 座席未定QR／／重複・すり替えなし/
取引方法
公演日に連絡ボードにて必要な情報をお伝えします。
お席に関するクレーム・送金停止は一切お受け致しかねま...",True,2026-09
1w6t41rk3u,,snowman-dome-tour-2026-2027-all-suite,2027-01-06,17:00,京セラドーム大阪,electronic,female,同行,U,5.0,,同行,2026-09-10 03:01:12,2026-09-10 04:01:19,,,listing,1,100000,"2連中1枚 当方と同行

初期当選/有効期限内/変更ボタンあり/重複すり替えなし/下3桁提示可能/サイチェン可能

公演当日は、会場付近で待ち合わせし、同時入場...",True,2026-09
xg14a1ngu3,,snowman-dome-tour-2026-2027-all-suite,2027-01-07,16:00,京セラドーム大阪,electronic,female,公演前日夜に同行者同意後、申込者は同意せずにログイン情報をお渡し,まむ,5.0,,QR,2026-09-10 03:01:12,2026-09-10 04:01:19,,,listing,2,0,"QRごとのお渡し
初期当選
すり替えなし
会員番号下3桁提示可
有効期限内
着ブロ指定なし

当選
入金画面
会員番号下3桁
有効期限を画像にてお知らせいたしま...",True,2026-09
bqtph5qqcn,,snowman-dome-tour-2026-2027-all-suite,2027-01-07,16:00,京セラドーム大阪,electronic,female,同行,み,5.0,,ランダム,2026-09-10 03:01:12,2026-09-10 04:01:19,,,listing,1,39000,"FC先行 初期当選　ランダム配布
・複数名義所持しております。入場後は一度チケットを全て回収させていただき、当方による座席選択後にランダムでチケットをお渡し致し...",True,2026-09
y07vqmrw1v,,snowman-dome-tour-2026-2027-all-suite,2027-01-07,16:00,京セラドーム大阪,electronic,female,公演日前日までにQRコード共有,Kkkaki,5.0,,QR,2026-09-10 03:01:12,2026-09-10 04:01:19,,,listing,2,85000,"重複すり替え無し/初期当選/QR毎/有効期限内/郵送物戻りなし/下3桁提示可

QRごとでのお譲りとなります。公演日前日までにログイン情報をお伝えいたします。...",True,2026-09
2djyiiqau5,,snowman-dome-tour-2026-2027-all-suite,2026-10-30,17:00,[北海道] 大和ハウス プレミストドーム（札幌ドーム）,electronic,female,3名義中3番手,M,5.0,,番手同行,2026-09-10 04:01:19,2026-09-10 04:01:19,,,listing,2,23000,,True,2026-09
lr6z9qlc3y,,snowman-dome-tour-2026-2027-all-suite,2026-10-30,17:00,[北海道] 大和ハウス プレミストドーム（札幌ドーム）,electronic,female,同行,とり,4.7,,ランダム,2026-09-10 04:01:19,2026-09-10 04:01:19,,,listing,2,15000,"ランダム配布/初期当選/有効期限内
当日は開場30分前を目処に会場付近にて集合予定です。
公演中止の場合を除きいかなる場合も返金はいたしかねますのでご了承ください。",True,2026-09
rdlhoo02ke,,snowman-dome-tour-2026-2027-all-suite,2026-10-30,17:00,[北海道] 大和ハウス プレミストドーム（札幌ドーム）,electronic,female,3名義中2番手,M,5.0,,同行番手,2026-09-10 04:01:19,2026-09-10 04:01:19,,,listing,2,24000,,True,2026-09
a1ndej87ri,,snowman-dome-tour-2026-2027-all-suite,2026-10-30,17:00,[北海道] 大和ハウス プレミストドーム（札幌ドーム）,electronic,female,前日QRコード共有,K＆Ｍ,5.0,,QR,2026-09-10 04:01:19,2026-09-10 04:01:19,,,listing,2,34000,"プラベル出品も可能ですので、コメントをお願いします。
ログイン情報は前日にお伝えします。
入場後は速やかにログアウトお願いいたします。
FC先行/初期当選/QRのお譲り/購入後下3桁提示可/すり替え重複なし/有効期限内/郵便物戻りなし/着ブロ指定なし
公演中止の際は、手数料を差し引いた金額のみご返金させて頂きます。
公演中止以外（座席のクレーム、体調不良、出演者変更、ランダムエラー、赤線エラー等の理由）は、如何なる場合も返金致しませんのでご了承ください。
以上の事項を全てご理解頂きご購入ください。",True,2026-09
w75j7zumg9,,snowman-dome-tour-2026-2027-all-suite,2026-10-30,17:00,[北海道] 大和ハウス プレミストドーム（札幌ドーム）,electronic,female,公演日前日にQRコード共有,n,5.0,,QR,2026-09-10 04:01:19,2026-09-10 04:01:19,,,listing,2,60000,"QR毎/FC先行/下3桁掲示可/重複すり替えなし/着ブロ選択なし/有効期限内名義/郵便物戻りなし
・公演前日に連絡ボードにてログイン情報お伝え致します。
・入場後は速やかにログアウト、受取連絡をお願い致します。
・公演中止の場合のみ、手数料を差し引いた金額を返金させていただきます。公演中止以外のランダムエラー、赤線エラー、本人確認、体調不良、天候等の返金対応は一切致しません。如何なる理由でも受取通知をして頂きますのでご了承ください。
・入場後の座席に関するクレームは一切受け付けておりません。
・成人女性で、日本語が喋れる方のみご購入お願い致します。",True,2026-09
9xeisqn88q,,snowman-dome-tour-2026-2027-all-suite,2026-10-30,17:00,[北海道] 大和ハウス プレミストドーム（札幌ドーム）,electronic,female,前日にログイン情報お送り致します。,hane,5.0,,QR,2026-09-10 04:01:19,2026-09-10 04:01:19,,,listing,1,39000,"QR毎/初期当選/初当選/下3桁提示可/重複すり替えなし/有効期限内名義/着ブロ希望なし
QR毎でのお譲りになります。公演日の前日になりましたらログイン情報を送らせていただきますので当日はご自身の端末で入場お願いします。
ランダムエラーや交通機関の乱れなど、公式からの公演中止以外の返金は致しません。
公演中止の場合のみ手数料を差し引いた金額を返金いたします。
入場後は速やかにログアウト、受け取り評価をお願いいたします。チケット発券後はサイチェン等ご自由にしていただいて構いません。",True,2026-09
tksn110ro3,,snowman-dome-tour-2026-2027-all-suite,2026-10-30,17:00,[北海道] 大和ハウス プレミストドーム（札幌ドーム）,electronic,female,公演前日にログイン情報共有,ryxaul,5.0,,QR,2026-09-10 04:01:19,2026-09-10 04:01:19,,,listing,1,50000,"FC先行/初期当選/QRのお譲り/購入後下3桁提示可/すり替え重複なし/有効期限内/郵便物戻りなし/着ブロ指定なし
エラー履歴なし
ログイン情報は前日にお伝えします。
入場後は速やかにログアウトお願いいたします。
公演中止の際は、手数料を差し引いた金額のみご返金させて頂きます。
公演中止以外（座席のクレーム、体調不良、出演者変更、ランダムエラー、赤線エラー等の理由）は、如何なる場合も返金致しませんのでご了承ください。
以上の事項を全てご理解頂きご購入ください。",True,2026-09
637igc63oc,,snowman-dome-tour-2026-2027-all-suite,2026-10-30,17:00,[北海道] 大和ハウス プレミストドーム（札幌ドーム）,electronic,female,同行,取引,4.6,,QR同行番手ランダム,2026-09-10 04:01:19,2026-09-10 04:01:19,,,listing,1,66000,"3名義中1番手同行/期限内/前回スタンド名義あり/過去エラーなし/下3桁提示可能
ランダムエラーや本人確認、体調不良、メンバー不在、交通機関の遅延などで入場できなかった場合でも受け取り頂きます。
いかなる理由でも返金はいたしませんのでこちらをご理解の上ご購入ください。
連番の関係上向井担は御遠慮ください
当日の流れなどはご購入後ご相談させていただければと思います。",True,2026-09
2uzpk7voby,,snowman-dome-tour-2026-2027-all-suite,2026-10-30,17:00,[北海道] 大和ハウス プレミストドーム（札幌ドーム）,electronic,female,公演日1日前にQRコード共有,mcmc,5.0,,QR,2026-09-10 04:01:19,2026-09-10 04:01:19,,,listing,2,35000,"QR毎/重複なし/下3桁提示可
公演日の1日前にログイン情報お伝えいたします。
公演当日は、入場後〜開演時間までに必ずログアウトと受取評価をお願い致します。
本人確認、天候、体調不良、ランダムエラー等如何なる場合であっても返金は致しかねます。
※公演中止に限り手数料を引いた額を返金させて致します。
何か気になる点がございましたらお気軽にご連絡お願いします。
不安がないようお取引させていただきます。
※こちらは承認取引となっております。購入希望の方はプライベート出品に変更いたします。",True,2026-09
6rosqyfcyg,,snowman-dome-tour-2026-2027-all-suite,2026-10-30,17:00,[北海道] 大和ハウス プレミストドーム（札幌ドーム）,electronic,female,公演日前日にログイン情報共有,na,5.0,,QR,2026-09-10 04:01:19,2026-09-10 04:01:19,,,listing,1,55000,"FC/初期当選/QRごと/下3桁提示可/すり替え重複なし/有効期限内/郵便物戻りなし/着ブロ指定なし/エラー歴なし
ログイン情報は前日にお伝えしますので、ログイン後にご自身でQRの表示をお願いいたします。
入場後は速やかにログアウトと受取評価をお願いいたします。
公演中止の場合のみ、手数料を差し引いた金額のみ返金させて頂きます。
公演中止以外では如何なる事由であっても返金は致しませんのでご了承ください。
上記事項を全てご理解頂きご購入ください。",True,2026-09
xyv1opvvlg,,snowman-dome-tour-2026-2027-all-suite,2026-10-30,17:00,[北海道] 大和ハウス プレミストドーム（札幌ドーム）,electronic,female,指定席,𝒎,5.0,,ランダム記載あり,2026-09-10 04:01:19,2026-09-10 04:01:19,,,listing,2,25000,"⭐️ランダムエラー返金可能
⭐️性別・年齢・国籍問いません
ファンクラブ当選名義を複数所持しております。
全てのチケットを発券後、チケットの座席確認をした後にチケットをお渡ししますので配布までにお時間をいただきますことご了承ください。
チケットは開演10分前頃までにはお渡しさせていただきます。
慣れてない方に関しては、当日含め丁寧にご説明させていただく時間を設けますのでお申し付けください。
ここに記載している記載外の名義についての質問にはお答えできません。
公演当日、開演160分前に会場にて待ち合わせし、同時入場していただきます。
10分以上の遅刻は到着を待たず入場を行います。
その場合、如何なる理由の遅刻であっても受け取り連絡を行っていただきます。
詳しい待ち合わせ時間・場所等は、ご入金後にマイページの連絡ボードでお知らせします。
購入者による体調不良含め、本人確認等など公演中止以外の理由は如何なる場合でも受け取り連絡を行っていただきます。
購入後のキャンセルは、利用規約に基づきお受けしておりませんのでご了承ください。
但し、ランダムエラーにより入場ができなかった場合は、チケテンの規定キャンセル料を差し引いた金額を返金させていただきます。
急遽行けなくなった場合などは、購入者側で責任をもって代理の方を立てていただき同取引ページでやりとりできるよう手配お願いします。
◎初めての方にも、ご安心いただけるお取引を行います。当日の待ち合わせ場所やチケットのお渡しについても、初めて行かれる際迷わないよう、画像付きでご説明しますのでご安心ください。
◎性別・国籍・年齢問いません。どなたでもご安心いただけるお取引を行います。海外の方で日本語ができない方でも問題ありません。
◎当日は、場内スタッフの監視が非常に厳しい可能性が高い状況です。
購入者様には退場させられることなく、終演まで安心してお楽しみいただきたいと考えております。
そのため、「当日、必ずこちらの指示に従っていただける方のみ」ご購入をお願いいたします。
※現状、去年のツアーのでお譲りした皆様は本人確認されることなく無事に公演終了まで観劇できております。",True,2026-09
jxqbbpdmn4,,snowman-dome-tour-2026-2027-all-suite,2026-10-30,17:00,[北海道] 大和ハウス プレミストドーム（札幌ドーム）,electronic,female,公演日前日までにQRコード共有,M,4.8,,QR,2026-09-10 04:01:19,2026-09-10 04:01:19,,,listing,1,35000,"FC先行 初期当選 QRごと 重複すり替えなし 下3桁提示可能 過去エラーなし 当選歴なし 郵便物戻りなし 同一クレカ決済なし
公演前日にログイン情報をお伝えします。
代表者の同意チェックは買い手様にて操作していただくようお願いいたします。
公演が中止の場合のみ返金します。
その他、如何なる理由でも返金不可です。",True,2026-09
k2kxshnehh,,snowman-dome-tour-2026-2027-all-suite,2026-10-30,17:00,[北海道] 大和ハウス プレミストドーム（札幌ドーム）,electronic,female,前日ログイン情報共有,ちゃみ,5.0,,QR,2026-09-10 04:01:19,2026-09-10 04:01:19,,,listing,2,33000,"FC先行/初期当選/QRごとお譲り/購入後下3桁提示可/すり替え重複なし/有効期限内/郵便物戻りなし/着ブロ指定なし
エラー履歴なし
ログイン情報は前日にお伝えします。
入場後は速やかにログアウトお願いいたします。
公演中止の際は、手数料を差し引いた金額のみご返金させて頂きます。
公演中止以外（交通事情、座席のクレーム、体調不良、出演者変更、ランダムエラー、赤線エラー等の理由）は、如何なる場合も返金致しませんのでご了承ください。
以上の事項を全てご理解頂きご購入ください。
スムーズにやり取りが出来る日本人の方のみ購入をお願いします。",True,2026-09
vzbt096323,,snowman-dome-tour-2026-2027-all-suite,2026-10-30,17:00,[北海道] 大和ハウス プレミストドーム（札幌ドーム）,electronic,female,公演前日にQRコード共有,まこ,5.0,,QR,2026-09-10 04:01:19,2026-09-10 04:01:19,,,listing,1,38500,"ファンクラブ先行 座席未定／初期当選／着ブロ希望なし／QR/下3桁提示可
公演日前日に必要事項を連絡ボードにてお伝えいたします。
公演中止以外のランダムエラー、本人確認、体調不良、交通機関のトラブル等その他いかなる場合でも返金致しません。
公演中止の場合のみ手数料差し引いた全額返金させて頂きます。
上記にご理解ご承諾いただけたのみ、ご購入をお願いいたします。",True,2026-09
a5du69qe6q,,snowman-dome-tour-2026-2027-all-suite,2026-10-30,17:00,[北海道] 大和ハウス プレミストドーム（札幌ドーム）,electronic,female,前日,ら,5.0,,QR,2026-09-10 04:01:19,2026-09-10 04:01:19,,,listing,2,0,"ログイン情報は前日にお伝えします。
入場後は速やかにログアウトお願いいたします。
FC先行/初期当選/QRのお譲り/購入後下3桁提示可/すり替え重複なし/有効期限内/郵便物戻りなし/着ブロ指定なし
公演中止の際は、手数料を差し引いた金額のみご返金させて頂きます。
公演中止以外（座席のクレーム、体調不良、出演者変更、ランダムエラー、赤線エラー等の理由）は、如何なる場合も返金致しませんのでご了承ください。
以上の事項を全てご理解頂きご購入ください。",True,2026-09
bfx1y7srp5,,snowman-dome-tour-2026-2027-all-suite,2026-10-30,17:00,[北海道] 大和ハウス プレミストドーム（札幌ドーム）,electronic,female,同行,ひ,5.0,,ランダム,2026-09-10 04:01:19,2026-09-10 04:01:19,,,listing,1,25000,"ランダムでのお譲りになります。
同時入場後、チケットを回収し、開演15分前目処に再集合、チケットお渡しいたします。
・お席に対するクレーム、要望一切受け付けません。 ランダムの意味を理解されていない方、日本語の通じない方は購入ご遠慮ください。
・公演中止以外(体調不良、予定変更、ランダムエラー)での返金一切不可。
・チケットをお渡ししたらその場で必ず受け取り通知連絡をして頂きます。
・遅刻厳禁でお願いいたします。交通機関の遅延等いかなる理由でもお待ちできませんので、集合場所へは余裕を持って到着するようご協力お願い致します。なお大幅に遅刻された場合は先に入場しますが、受取連絡はしていただきます。
・入場時、QRコード表示のために携帯端末をお借りする場合がございます。その際に公的な身分証をお預かりする場合がございますので、ご持参ください。入場後、チケット回収するタイミングで身分証はお返しいたします。
上記全て同意いただける日本人女性のみご購入ください。 購入された時点で全て同意いただいたものとみなします。",True,2026-09
p2mu3m86n3,,snowman-dome-tour-2026-2027-all-suite,2026-10-30,17:00,[北海道] 大和ハウス プレミストドーム（札幌ドーム）,electronic,female,公演前日にQRコード共有,a,5.0,,QR,2026-09-10 04:01:19,2026-09-10 04:01:19,,,listing,2,35000,"SnowMan ファンクラブ先行
【QRごとのお譲り】初期当選 すり替え重複なし　下3桁提示可能　有効期限内　エラー履歴なし 発送物戻りなし
・公演日前日にログイン情報をお伝えいたしますので、ご自身の端末にてQRを表示し入場お願いします。
・入場後、速やかにログアウトと受け取り連絡をお願いいたします。
・座席へのクレーム一切受け付けておりません。
・公演中止以外の如何なる場合（ランダムエラー、体調不良、交通機関の乱れ、本人確認等）でも一切キャンセル、返金出来ませんのでご了承ください。公演中止の際は、手数料を引いた金額を返金いたします。",True,2026-09
tpelp1xmau,,snowman-dome-tour-2026-2027-all-suite,2026-10-30,17:00,[北海道] 大和ハウス プレミストドーム（札幌ドーム）,electronic,female,公演日前日QRコード共有,y,5.0,,QR,2026-09-10 04:01:19,2026-09-10 04:01:19,,,listing,1,40000,"ログイン情報は前日にお伝えします
入場後は速やかにログアウト、受け取り通知お願いいたします。
QR毎お譲り/購入後下3桁提示可/すり替え重複なし/有効期限内/郵便物戻りなし/着ブロ指定なし
公演中止の際は、手数料を差し引いた金額のみご返金いたします
公演中止以外（クレーム、体調不良、出演者変更、ランダムエラー、赤線エラー等の理由）は、いかなる場合も返金致しません
以上の事項を全てご理解頂き日本人女性のみご購入ください",True,2026-09
u77nav56no,,snowman-dome-tour-2026-2027-all-suite,2026-10-30,17:00,[北海道] 大和ハウス プレミストドーム（札幌ドーム）,electronic,female,公演前日QRコード共有,ちゃみ,5.0,,QR,2026-09-10 04:01:19,2026-09-10 04:01:19,,,listing,2,33000,"FC先行/初期当選/QRごとお譲り/購入後下3桁提示可/すり替え重複なし/有効期限内/郵便物戻りなし/着ブロ指定なし
エラー履歴なし
ログイン情報は前日にお伝えします。
入場後は速やかにログアウトお願いいたします。
公演中止の際は、手数料を差し引いた金額のみご返金させて頂きます。
公演中止以外（交通事情、座席のクレーム、体調不良、出演者変更、ランダムエラー、赤線エラー等の理由）は、如何なる場合も返金致しませんのでご了承ください。
以上の事項を全てご理解頂きご購入ください。
スムーズにやり取りが出来る日本人の方のみ購入をお願いします。",True,2026-09
180s3ozst1,,snowman-dome-tour-2026-2027-all-suite,2026-10-30,17:00,[北海道] 大和ハウス プレミストドーム（札幌ドーム）,electronic,female,公演日前日までにQRコード共有,す,5.0,,QR,2026-09-10 04:01:19,2026-09-10 04:01:19,,,listing,1,75000,"QR毎/初期期選/着ブロなし/下3桁開示可/有効期限内/2023～25年落選名義
入場後、速やかにログアウトと受け取り評価をお願いいたします。
体調不良、ランダムエラー、システムエラー、本人確認、交通機関の遅延、出演者の変更等、いかなる場合も返金・キャンセル対応はいたしかねます。
公演中止の場合のみ、送料・手数料を差し引いた金額を返金いたします。",True,2026-09
ah27chi3ej,,snowman-dome-tour-2026-2027-all-suite,2026-10-30,17:00,[北海道] 大和ハウス プレミストドーム（札幌ドーム）,electronic,none,同行,ちゃん,5.0,,番手,2026-09-10 04:01:19,2026-09-10 04:01:19,,,listing,2,0,"FC先行 初期当選 QRごと 重複すり替えなし 下3桁提示可能 過去エラーなし 当選歴なし 郵便物戻りなし 同一クレカ決済なし
当日端末をお借りしてログイン致します。入場後1度チケットを回収し当方の座席を確認後すぐお渡し致します。
公演が中止の場合のみ返金します。
その他、如何なる理由でも返金不可です。",True,2026-09
hei4r9oa1h,,snowman-dome-tour-2026-2027-all-suite,2026-10-30,17:00,[北海道] 大和ハウス プレミストドーム（札幌ドーム）,electronic,female,公演日前日までにログイン情報共有,にょん,5.0,,QR,2026-09-10 04:01:19,2026-09-10 04:01:19,,,listing,2,44999,"QR毎/FC先行/下3桁掲示可/重複すり替えなし/着ブロ選択なし/有効期限内名義/郵便物戻りなし
・公演前日に連絡ボードにてログイン情報お伝え致します。
・入場後は速やかにログアウト、受取連絡をお願い致します。
・公演中止の場合のみ、手数料を差し引いた金額を返金させていただきます。公演中止以外のランダムエラー、赤線エラー、本人確認、体調不良、天候等の返金対応は一切致しません。如何なる理由でも受取通知をして頂きますのでご了承ください。
・入場後の座席に関するクレームは一切受け付けておりません。",True,2026-09
fm213ppjt8,,snowman-dome-tour-2026-2027-all-suite,2026-10-30,17:00,[北海道] 大和ハウス プレミストドーム（札幌ドーム）,electronic,female,公演日1日前までにQRコード共有,せな,5.0,,QR,2026-09-10 04:01:19,2026-09-10 04:01:19,,,listing,1,71000,"QR毎/下3桁提示可/有効期限内/着ブロ希望なし
本人確認、システムエラー、ランダムエラー、体調不良、遅延等の買い手様都合での返金やキャンセルはいかなる場合も対応できかねます。
入場後は速やかにログアウト、公演前に受け取り連絡を必ずお願い致します。
入場後、座席を送信をお願いします。
トラブル防止のため購入は日本人の方、また成人の方のみお願いします。
代理でのご購入は御遠慮ください。
購入された場合、以上全てに同意の上と判断させていただきます。",True,2026-09
fknzrbfo89,,snowman-dome-tour-2026-2027-all-suite,2026-10-30,17:00,[北海道] 大和ハウス プレミストドーム（札幌ドーム）,electronic,female,公演日前日までにQRコード共有,あ,5.0,,QR,2026-09-10 04:01:19,2026-09-10 04:01:19,,,listing,2,50000,"FC先行／座席未定／初期当選／重複すり替えなし／QR毎／下3桁提示可／同一クレカなし／有効期限内／代理購入不可
公演前日までにログイン情報お伝えいたします。
・ランダムエラー、本人確認、体調不良等で入場できない場合でも返金出来かねます。
・公演中止の場合のみサイト規約に基づき、仲介手数料を差し引いた金額を返金いたします。
・日本語理解可能な成人女性のみお取引お願いいたします。
・入場後、速やかに受取連絡お願いいたします。",True,2026-09
08kfwrs7x7,,snowman-dome-tour-2026-2027-all-suite,2026-10-30,17:00,[北海道] 大和ハウス プレミストドーム（札幌ドーム）,electronic,female,同行,さ,5.0,,同行記載あり,2026-09-10 04:01:19,2026-09-10 04:01:19,,,listing,1,38000,"2名義中1番手同行
初期当選/有効期限内/すり替えなし/下3桁提示可/目黒担不可
開場20-30分前に会場周辺にて集合予定です。
当日は電波が悪いことが予想されるため電話番号交換もお願いしたいと思っております。
入場後当方と座席確認に一緒に行っていただきチケットをお渡しします。
ランダムエラー、交通機関の乱れ、体調不良、出演者変更、本人確認があった場合などいかなる場合でも返金キャンセル不可となります。
15分以上の遅刻は待たずに入場します。その際も受取評価は必ずお願いします。
座席に関するクレームは一切受け付けません。
公演中止の場合のみ手数料を差し引いた額を返金いたします。",True,2026-09
p5lwaz2fd6,,snowman-dome-tour-2026-2027-all-suite,2026-10-30,17:00,[北海道] 大和ハウス プレミストドーム（札幌ドーム）,paper,female,当日手渡し,r,4.7,,ランダム,2026-09-10 04:01:19,2026-09-10 04:01:19,,,listing,1,18000,"当日13:00に会場付近集合予定、同時入場していただきます。集合時間に必ず来れる方のみでお願い致します。
公演前日に連絡ボードで詳しい待ち合わせ場所・時間お知らせ致します。
又、下記全て確認いただき同意頂ける・ランダム配布理解あるの方のみご購入をお願い致します。
【遅刻厳禁】
複数人で待ち合わせを致しますので遅刻厳禁でお願いいたします。遅刻の場合はお待ちできませんので、そのまま入場させて頂きます。その場合も必ず受取通知はして頂きます。
同時入場の際にQR表示のご協力を頂く為に端末をお借りする場合がございますので、当日は通信環境の整っている端末をご用意ください。
同時入場後、一度チケットを回収し座席確認後、先に座席選択させて頂きます。その際に一度解散しお時間頂きますが、開演30分前迄を目安に再集合してチケットをお渡しします。買い手様は一切お座席をお選び頂けません。
チケット配布の催促、座席のクレーム、所持している名義数に関する質問は御遠慮ください。
2枚でご購入された方には、可能な限り連番でお渡ししますが
場合によっては連番でのご案内ができないこともございます。ご了承ください。
そちらご了承の上、ご購入ください。
【開演前の公演中止以外返金不可】
・赤線エラー、本人確認、体調不良、交通機関の乱れによる遅刻、メンバー不在等の公演中止以外の返金対応は致しかねますのでご了承ください。
・開演前の公演中止時のみ規則に則り手数料を差し引いた額が返金されます。
・いかなる場合でも入金後のキャンセルは致しかねます。
他、質問点お気軽にお問い合わせください。",True,2026-09
32723xm9sp,,snowman-dome-tour-2026-2027-all-suite,2026-10-30,17:00,[北海道] 大和ハウス プレミストドーム（札幌ドーム）,electronic,female,同行,ひ,5.0,,ランダム,2026-09-10 04:01:19,2026-09-10 04:01:19,,,listing,1,25000,"ランダムでのお譲りになります。
同時入場後、チケットを回収し、開演15分前目処に再集合、チケットお渡しいたします。
・お席に対するクレーム、要望一切受け付けません。 ランダムの意味を理解されていない方、日本語の通じない方は購入ご遠慮ください。
・公演中止以外(体調不良、予定変更、ランダムエラー)での返金一切不可。
・チケットをお渡ししたらその場で必ず受け取り通知連絡をして頂きます。
・遅刻厳禁でお願いいたします。交通機関の遅延等いかなる理由でもお待ちできませんので、集合場所へは余裕を持って到着するようご協力お願い致します。なお大幅に遅刻された場合は先に入場しますが、受取連絡はしていただきます。
・入場時、QRコード表示のために携帯端末をお借りする場合がございます。その際に公的な身分証をお預かりする場合がございますので、ご持参ください。入場後、チケット回収するタイミングで身分証はお返しいたします。
上記全て同意いただける日本人女性のみご購入ください。 購入された時点で全て同意いただいたものとみなします。",True,2026-09
lhtv7fg0q7,,snowman-dome-tour-2026-2027-all-suite,2026-10-30,17:00,[北海道] 大和ハウス プレミストドーム（札幌ドーム）,electronic,female,公演前日にQRコード共有,てぃ,5.0,,QR,2026-09-10 04:01:19,2026-09-10 04:01:19,,,listing,2,30000,"FC先行 初期当選 QRごと 重複すり替えなし 下3桁提示可能 過去エラーなし 当選歴なし 郵便物戻りなし 同一クレカ決済なし 有効期限内
公演前日にログイン情報をお伝えします。
代表者の同意チェックは買い手様にて操作していただくようお願いいたします。
公演が中止の場合のみ返金します。
その他、如何なる理由でも返金不可です。",True,2026-09
ggj9dr2qxt,,snowman-dome-tour-2026-2027-all-suite,2026-10-30,17:00,[北海道] 大和ハウス プレミストドーム（札幌ドーム）,electronic,female,公演日1日前までにログイン情報共有,な,5.0,,QR,2026-09-10 04:01:19,2026-09-10 04:01:19,,,listing,1,50000,"FC先行/初期当選/QR毎/購入後下3桁提示可/すり替え重複なし/有効期限内/郵便物戻りなし/着ブロ指定なし
エラー履歴無い
ログイン情報は前日にお伝えします。
入場後は速やかにログアウトお願いいたします。
公演中止の際は、手数料を差し引いた金額のみご返金させて頂きます。
公演中止以外（座席のクレーム、体調不良、出演者変更、ランダムエラー、赤線エラー等の理由）は、如何なる場合も返金致しませんのでご了承ください。
以上の事項を全てご理解頂きご購入ください。",True,2026-09
l67q4md41n,,snowman-dome-tour-2026-2027-all-suite,2026-10-30,17:00,[北海道] 大和ハウス プレミストドーム（札幌ドーム）,electronic,female,公演日7日前までにQRコード共有,Oi,5.0,,QR,2026-09-10 04:01:19,2026-09-10 04:01:19,,,listing,1,30000,"ログイン情報は前日にお伝えします。
入場後は速やかにログアウト、受け取り通知お願いいたします。
当選履歴なし/初期当選/QR毎お譲り/購入後下3桁提示可/すり替え重複なし/有効期限内/郵便物戻りなし/着ブロ指定なし
公演中止の際は、手数料を差し引いた金額のみご返金させて頂きます。
公演中止以外（クレーム、体調不良、出演者変更、ランダムエラー、赤線エラー等の理由）は、如何なる場合も返金致しません。
以上の事項を全てご理解頂きご購入ください。",True,2026-09
zt5tm2pihl,,snowman-dome-tour-2026-2027-all-suite,2026-10-30,17:00,[北海道] 大和ハウス プレミストドーム（札幌ドーム）,electronic,female,公演前日までにログイン情報共有,r,5.0,,QR,2026-09-10 04:01:19,2026-09-10 04:01:19,,,listing,1,55000,"単番QRごと/初期当選/有効期限内/下3桁提示可
・購入後、下3桁提示をご希望の方はメッセージでその旨お伝えください。
・公演前日にログイン情報を取引メッセージにてお送りします。
・公演中止の場合のみ返金対応可。その他ランダムエラー、交通機関の遅延等を含めいかなる理由でも返金、キャンセルはお受けできかねます。取引成立後は必ず受取と評価をしてください。
・お座席に関するクレームは一切お受けできかねます。
・サイチェン可。ただし故意に名義を傷つけるような行為はお控えください。エラーや誓約書への記入等が生じた際はご連絡をお願いいたします。
・日本語でのコミュニケーションに問題のない方のみご購入ください。
・購入に際してご質問等ございましたらお気軽にお問い合わせください。
購入をもって上記にご同意いただけたものとみなします。",True,2026-09
cbfmb7fk7d,,snowman-dome-tour-2026-2027-all-suite,2026-10-30,17:00,[北海道] 大和ハウス プレミストドーム（札幌ドーム）,electronic,female,公演前日にQRコード共有,じゅ,5.0,,QR,2026-09-10 04:01:19,2026-09-10 04:01:19,,,listing,2,32000,"ログイン情報は前日にお伝えします。
入場後は速やかにログアウト、受け取り通知お願いいたします。
初期当選/QR毎お譲り/購入後下3桁提示可/すり替え重複なし/有効期限内/郵便物戻りなし/着ブロ指定なし
公演中止の際は、手数料を差し引いた金額のみご返金させて頂きます。
公演中止以外（クレーム、体調不良、出演者変更、ランダムエラー、赤線エラー等の理由）は、如何なる場合も返金致しません。
以上の事項を全てご理解頂きご購入ください。",True,2026-09
mu28j90vps,,snowman-dome-tour-2026-2027-all-suite,2026-10-30,17:00,[北海道] 大和ハウス プレミストドーム（札幌ドーム）,electronic,female,公演前日にログイン情報お渡し,m,5.0,,QR,2026-09-10 04:01:19,2026-09-10 04:01:19,,,listing,1,65000,"初期当選/QR毎/有効期限内名義/重複なし/下3桁提示可能/サイチェン可
単番当選のためQR毎のお譲りです。
公演前日にログイン情報お渡しします。(2日前のお渡し等交渉可能)
サイチェン等していただいて構いません。
公演中止時以外の返金対応不可。",True,2026-09
ks877tikj9,,snowman-dome-tour-2026-2027-all-suite,2026-10-30,17:00,[北海道] 大和ハウス プレミストドーム（札幌ドーム）,electronic,female,指定席,ao_,5.0,,ランダム記載あり,2026-09-10 04:01:19,2026-09-10 04:01:19,,,listing,2,38000,"≪入場後15分以内にチケットをお渡しします≫
こちらの公演に該当する当選チケットを複数名義所持しております。
全てのチケットを発券後、チケットの座席確認をした後にチケットをお渡ししますので配布までにお時間をいただきますことご了承ください。チケットは入場後15分以内にお渡しさせて頂きます。
公演当日、 開演160分前に会場にて待ち合わせし、同時入場していただきます。10分以上の遅刻は到着を待たず入場を行います。
その場合、如何なる理由の遅刻であっても受け取り連絡を行っていただきます。
詳しい待ち合わせ時間・場所等は、ご入金後にマイページの連絡ボードでお知らせします。
また公演中止の場合のみ返金いたします。
購入者による体調不良含め、ランダムエラー、本人確認等など公演中止以外の理由は如何なる場合でも受け取り連絡を行っていただきます。
購入後のキャンセルは、利用規約に基づきお受けしておりませんのでご了承ください。
◎性別年齢問わずどなたでもご購入頂いて構いませんが、5歳以下のお子様がいらっしゃる方や、一度事前にご連絡ください。
※他の出品者様※
当方の出品者文をコピペする行為はお控えください。",True,2026-09
7xkuaahyv7,,snowman-dome-tour-2026-2027-all-suite,2026-10-30,17:00,[北海道] 大和ハウス プレミストドーム（札幌ドーム）,electronic,female,少数ランダム,あ,5.0,,ランダム同行,2026-09-10 04:01:19,2026-09-10 04:01:19,,,listing,1,19000,"ランダム配布を理解されている方、以下の内容に同意頂ける方のみご購入ください。
ご購入頂いた場合は、以下の内容に全て同意頂けているとみなし、お取引いたします。
開場20分前頃に会場付近に集合して頂き、同時入場して頂きます。入場後チケットを回収し一旦解散します。開演5分前までにこちらから連絡しますので、再度合流しチケットをお渡し後、こちらの受け取りをして頂きます。
座席未定となりますので、入場ゲート、会員番号、名義数等の情報は一切開示できません。
座席に関するクレーム等もお受けいたしかねます。
ご購入後、取引メッセージにてお名前(仮名可)と当日会場内で連絡がつく電話番号をお送りください。
入場の際に、身分証明書を一時的にお預かりする可能性がありますので、ご了承の上ご持参ください。
詳しい集合場所と時間は、前日または当日に取引メッセージにてお伝えします。当日こまめな連絡に対応して頂ける方、余裕を持って会場にお越しできる方でお願いいたします。いかなる理由でも遅刻された場合は、先に入場いたします。
購入者様都合のキャンセルや返金はいかなる理由でもお受けできませんので、当日必ず参加できる方のみご購入ください。
公演中止の場合のみ、手数料を差し引いた金額を返金いたします。 ランダムエラー、出演者変更等の公演中止以外一切の事由によるキャンセル、返金はお受けできません。",True,2026-09
ysrxppsyvx,,snowman-dome-tour-2026-2027-all-suite,2026-10-30,17:00,[北海道] 大和ハウス プレミストドーム（札幌ドーム）,electronic,female,公演日2日前までにQRコード共有,GyuGyu,5.0,,同行記載あり,2026-09-10 04:01:19,2026-09-10 04:01:19,,,listing,1,40000,"条件なし、QRごとのお譲りとなります。
初期当選、有効期限内、下3桁提示可能。
公演日の2日前にログインに必要な情報をお知らせしますのでご自身の端末でログインして同行者登録、入場お願いいたします。  当日、入場されましたら速やかに受取連絡、ログアウトをお願い致します。  座席未定のため、お席に関するクレームは一切受け付けません。  また公演中止以外の返金は対応できません。  ランダムエラーや本人確認等で入場できなかった場合でも返金は対応致しかねますので予めご了承ください。",True,2026-09
h2vx2ast64,,snowman-dome-tour-2026-2027-all-suite,2026-10-30,17:00,[北海道] 大和ハウス プレミストドーム（札幌ドーム）,electronic,female,公演日前日にQRコード共有,ぽこ,5.0,,QR,2026-09-10 04:01:19,2026-09-10 04:01:19,,,listing,2,40000,"QR毎/FC先行/下3桁掲示可/渡辺担不可/重複すり替えなし/有効期限内名義/郵便物戻りなし
・公演前日に連絡ボードにてログイン情報お伝え致します。
・入場後は速やかにログアウト、受取連絡をお願い致します。
・公演中止の場合のみ、サイト規約に基づき手数料を差し引いた金額を返金いたします。公演中止以外のランダムエラー、赤線エラー、本人確認、体調不良、天候等の返金対応は一切致しません。如何なる理由でも受取通知をして頂きますのでご了承ください。
・入場後の座席に関するクレームは一切受け付けておりません。
・成人女性で、日本語が喋れる方のみご購入お願い致します。",True,2026-09
brk890ls07,,snowman-dome-tour-2026-2027-all-suite,2026-10-30,17:00,[北海道] 大和ハウス プレミストドーム（札幌ドーム）,electronic,male,公演日1日前までにログイン情報共有,な,5.0,,QR,2026-09-10 04:01:19,2026-09-10 04:01:19,,,listing,1,50000,"FC先行/初期当選/QR毎/購入後下3桁提示可/すり替え重複なし/有効期限内/郵便物戻りなし/着ブロ指定なし
エラー履歴無い
ログイン情報は前日にお伝えします。
入場後は速やかにログアウトお願いいたします。
公演中止の際は、手数料を差し引いた金額のみご返金させて頂きます。
公演中止以外（座席のクレーム、体調不良、出演者変更、ランダムエラー、赤線エラー等の理由）は、如何なる場合も返金致しませんのでご了承ください。
以上の事項を全てご理解頂きご購入ください。",True,2026-09
d8myjn2t7k,,snowman-dome-tour-2026-2027-all-suite,2026-10-30,17:00,[北海道] 大和ハウス プレミストドーム（札幌ドーム）,electronic,female,少数ランダム,あ,5.0,,ランダム同行,2026-09-10 04:01:19,2026-09-10 04:01:19,,,listing,1,24000,"ランダム配布を理解されている方、以下の内容に同意頂ける方のみご購入ください。
ご購入頂いた場合は、以下の内容に全て同意頂けているとみなし、お取引いたします。
開場20分前頃に会場付近に集合して頂き、同時入場して頂きます。入場後チケットを回収し一旦解散します。開演5分前までにこちらから連絡しますので、再度合流しチケットをお渡し後、こちらの受け取りをして頂きます。
座席未定となりますので、入場ゲート、会員番号、名義数等の情報は一切開示できません。
座席に関するクレーム等もお受けいたしかねます。
ご購入後、取引メッセージにてお名前(仮名可)と当日会場内で連絡がつく電話番号をお送りください。
入場の際に、身分証明書を一時的にお預かりする可能性がありますので、ご了承の上ご持参ください。
詳しい集合場所と時間は、前日または当日に取引メッセージにてお伝えします。当日こまめな連絡に対応して頂ける方、余裕を持って会場にお越しできる方でお願いいたします。いかなる理由でも遅刻された場合は、先に入場いたします。
購入者様都合のキャンセルや返金はいかなる理由でもお受けできませんので、当日必ず参加できる方のみご購入ください。
公演中止の場合のみ、手数料を差し引いた金額を返金いたします。 ランダムエラー、出演者変更等の公演中止以外一切の事由によるキャンセル、返金はお受けできません。",True,2026-09
ey9xm6r0ys,,snowman-dome-tour-2026-2027-all-suite,2026-10-31,17:00,[北海道] 大和ハウス プレミストドーム（札幌ドーム）,electronic,female,QR毎,な,5.0,,QR,2026-09-10 04:01:19,2026-09-10 04:01:19,,,listing,1,65000,"Snow Man先行 QRごと 初期当選 座席未定
深澤辰哉名義 変更ボタン有 有効期限内
公演日の朝にマイページの連絡ボードにてログインに必要な情報をお送り致します。
入場後は必ず開演前までにログアウト、受取完了連絡をお願いします。
公演中止のみ手数料を差し引いた額を返金させて頂きます。
尚、本人確認、エラー、体調不良、交通機関の乱れなどで入場できないなど如何なる理由でも返金致しかねます。
トラブル防止のため、しっかりとやり取りができる日本人の女性の方のみ購入お願いします。
以上ご理解頂ける方のみご購入お願いします。",True,2026-09
ct0om5ofk8,,snowman-dome-tour-2026-2027-all-suite,2026-10-31,17:00,[北海道] 大和ハウス プレミストドーム（札幌ドーム）,electronic,female,公演日前日夜にログイン情報提示,ひ,5.0,,QR,2026-09-10 04:01:19,2026-09-10 04:01:19,,,listing,1,55000,"FC先行/初期当選/QR毎/購入後下3桁提示可/すり替え重複なし/有効期限内/郵便物戻りなし/着ブロ指定なし/座席未定/サイチェン可
初当選名義です。クレカ支払い済み。
ログイン情報は前日夜にお伝えします。
入場後は速やかにログアウトお願いいたします。
公演中止の際は、手数料を差し引いた金額のみご返金させて頂きます。
公演中止以外（座席のクレーム、体調不良、出演者変更、ランダムエラー、赤線エラー等の理由）は、如何なる場合も返金致しませんのでご了承ください。
以上の事項を全てご理解頂きご購入ください。",True,2026-09
ydipt4g1it,,snowman-dome-tour-2026-2027-all-suite,2026-10-31,17:00,[北海道] 大和ハウス プレミストドーム（札幌ドーム）,electronic,female,公演前日QRコード共有,あ,5.0,,QR,2026-09-10 04:01:19,2026-09-10 04:01:19,,,listing,1,60000,"QR毎/初期当選/重複すり替えなし/下3桁提示可/有効期限内/発送物戻り等エラー要素なし/過去当選エラー無し
前日にログイン情報お送りします。
入場されたら速やかに受け取り評価をしていただき、FCのログアウトお願いいたします。
その際に、ログアウト画面のスクショをお願いいたします。
また、代表者の同意チェック〜QR表示までは買い手様で行っていただき確認お願いいたします。
・その他注意事項
お取引決定後・連絡先交換後のキャンセルは如何なる場合でも不可です。
座席についてクレームは一切お受け出来ません。
公演中止以外(ランダムエラー等)での返金対応は一切いたしません。エラー等で入場できなかった場合も返金はいたしません。
尚、中止の場合は手数料を差し引いた額を返金いたします。
なにかご不明点がございましたらご連絡、お申し付けください。",True,2026-09
rkkuhm688p,,snowman-dome-tour-2026-2027-all-suite,2026-10-31,17:00,[北海道] 大和ハウス プレミストドーム（札幌ドーム）,electronic,female,公演日1日前までにQRコード共有,ゆ゜,5.0,,QR,2026-09-10 04:01:19,2026-09-10 04:01:19,,,listing,2,30000,"QR毎/初期当選/下3桁提示可/重複すり替えなし/有効期限内名義/発送物戻りなし/着ブロ希望なし
QR毎でのお譲りになります。
公演日の前日になりましたらログイン情報を送らせていただきますので当日はご自身の端末で入場お願いします。
同意チェックはご購入者様にてお願いします。
ランダムエラーや交通機関の乱れなど、公式からの公演中止以外の返金は致しません。
入場後は速やかにログアウト、受け取り評価をお願いいたします。
日本語が話せてスムーズに連絡の取れる日本人のみご購入をお願いいたします。",True,2026-09
jbj8r16889,,snowman-dome-tour-2026-2027-all-suite,2026-10-31,17:00,[北海道] 大和ハウス プレミストドーム（札幌ドーム）,electronic,female,少数ランダム,あ,5.0,,ランダム同行,2026-09-10 04:01:19,2026-09-10 04:01:19,,,listing,1,19000,"ランダム配布を理解されている方、以下の内容に同意頂ける方のみご購入ください。
ご購入頂いた場合は、以下の内容に全て同意頂けているとみなし、お取引いたします。
開場20分前頃に会場付近に集合して頂き、同時入場して頂きます。入場後チケットを回収し一旦解散します。開演5分前までにこちらから連絡しますので、再度合流しチケットをお渡し後、こちらの受け取りをして頂きます。
座席未定となりますので、入場ゲート、会員番号、名義数等の情報は一切開示できません。
座席に関するクレーム等もお受けいたしかねます。
ご購入後、取引メッセージにてお名前(仮名可)と当日会場内で連絡がつく電話番号をお送りください。
入場の際に、身分証明書を一時的にお預かりする可能性がありますので、ご了承の上ご持参ください。
詳しい集合場所と時間は、前日または当日に取引メッセージにてお伝えします。当日こまめな連絡に対応して頂ける方、余裕を持って会場にお越しできる方でお願いいたします。いかなる理由でも遅刻された場合は、先に入場いたします。
購入者様都合のキャンセルや返金はいかなる理由でもお受けできませんので、当日必ず参加できる方のみご購入ください。
公演中止の場合のみ、手数料を差し引いた金額を返金いたします。 ランダムエラー、出演者変更等の公演中止以外一切の事由によるキャンセル、返金はお受けできません。",True,2026-09
rtmed6kd2q,,snowman-dome-tour-2026-2027-all-suite,2026-10-31,17:00,[北海道] 大和ハウス プレミストドーム（札幌ドーム）,electronic,female,公演前日にログイン情報をお伝えします。,さつまいも,5.0,,,2026-09-10 04:01:19,2026-09-10 04:01:19,,,listing,1,50000,初期当選/QR毎/下3桁提示可/重複すり替え無し,True,2026-09
vunk80c1md,,snowman-dome-tour-2026-2027-all-suite,2026-10-31,17:00,[北海道] 大和ハウス プレミストドーム（札幌ドーム）,electronic,female,指定席,𝒎,5.0,,ランダム,2026-09-10 04:01:19,2026-09-10 04:01:19,,,listing,2,25000,"⭐️ランダムエラー返金可能
⭐️性別・年齢・国籍問いません
ファンクラブ当選名義を複数所持しております。
全てのチケットを発券後、チケットの座席確認をした後にチケットをお渡ししますので配布までにお時間をいただきますことご了承ください。
チケットは開演10分前頃までにはお渡しさせていただきます。
慣れてない方に関しては、当日含め丁寧にご説明させていただく時間を設けますのでお申し付けください。
ここに記載している記載外の名義についての質問にはお答えできません。
公演当日、開演160分前に会場にて待ち合わせし、同時入場していただきます。
10分以上の遅刻は到着を待たず入場を行います。
その場合、如何なる理由の遅刻であっても受け取り連絡を行っていただきます。
詳しい待ち合わせ時間・場所等は、ご入金後にマイページの連絡ボードでお知らせします。
購入者による体調不良含め、本人確認等など公演中止以外の理由は如何なる場合でも受け取り連絡を行っていただきます。
購入後のキャンセルは、利用規約に基づきお受けしておりませんのでご了承ください。
但し、ランダムエラーにより入場ができなかった場合は、チケテンの規定キャンセル料を差し引いた金額を返金させていただきます。
急遽行けなくなった場合などは、購入者側で責任をもって代理の方を立てていただき同取引ページでやりとりできるよう手配お願いします。
◎初めての方にも、ご安心いただけるお取引を行います。当日の待ち合わせ場所やチケットのお渡しについても、初めて行かれる際迷わないよう、画像付きでご説明しますのでご安心ください。
◎性別・国籍・年齢問いません。どなたでもご安心いただけるお取引を行います。海外の方で日本語ができない方でも問題ありません。
◎当日は、場内スタッフの監視が非常に厳しい可能性が高い状況です。
購入者様には退場させられることなく、終演まで安心してお楽しみいただきたいと考えております。
そのため、「当日、必ずこちらの指示に従っていただける方のみ」ご購入をお願いいたします。
※現状、去年のツアーのでお譲りした皆様は本人確認されることなく無事に公演終了まで観劇できております。",True,2026-09
itn6t2xdr6,,snowman-dome-tour-2026-2027-all-suite,2026-10-31,17:00,[北海道] 大和ハウス プレミストドーム（札幌ドーム）,electronic,female,公演日前日までにQRコード共有,にゃん,5.0,,QR,2026-09-10 04:01:19,2026-09-10 04:01:19,,,listing,1,45000,"初期当選/QR毎/有効期限内/重複すり替えなし/下3桁提示可/着ブロ希望なし
・前日の夜まで必要な情報をご提示します。
・同意チェックは買い手様で行っていただきます。
・開演時間までに受け取り評価をお願いいたします。
・ランダムエラーや本人確認等のトラブルでご入場できなかった等のいかなる場合も返金は致しかねます。受け取り評価は必ずしていただきます。
・受け取り連絡完了後のご購入者様都合による送金停止はお控え下さい。
・個人情報の変更による乗っ取り等はお控え下さい。",True,2026-09
cnfxxb0zad,,snowman-dome-tour-2026-2027-all-suite,2026-10-31,17:00,[北海道] 大和ハウス プレミストドーム（札幌ドーム）,electronic,female,同行,り,5.0,,同行記載あり,2026-09-10 04:01:19,2026-09-10 04:01:19,,,listing,1,0,"詳細・備考
重複無し 同行 阿部担不可
初期当選/下3桁提示可能/有効期限内
待ち合わせ後、同時入場
公演中止のみ手数料を差し引いた額を返金します。公演中止以外はいかなる理由であっても返金致しかねます。",True,2026-09
3huxwji4la,,snowman-dome-tour-2026-2027-all-suite,2026-10-31,17:00,[北海道] 大和ハウス プレミストドーム（札幌ドーム）,electronic,female,公演日の朝までにQR共有,a,5.0,,QR,2026-09-10 04:01:19,2026-09-10 04:01:19,,,listing,2,80000,"QR毎 2連/過去エラーなし/すり替え重複なし/有効期限内/発送物戻り無/下3桁提示可/初期当選
・公演日当日の朝にログイン情報をお伝えいたします。入場後は速やかに受取連絡、ログアウトお願いいたします。
・入場時、万が一ランダムエラー等により入場不可となった場合も返金不可。代替チケットのご用意などはできません。
・ランダムエラー、ご購入者様都合（体調不良・交通機関の乱れ・遅延・遅刻等）、入場後の本確お声がけなど、公演中止以外の理由でご入場いただけなかった場合でも返金は一切いたしかねます。その場合でも受取連絡は必ずお願いいたします。
・座席に関するクレームには一切対応できません。
・取引成立後のキャンセルは、如何なる理由があっても受け付け不可
・トラブル防止のため日本語をご理解いただける日本人女性のみご購入下さいませ。
上記全てご了承いただけた場合のみ、お取引成立とさせていただきます。",True,2026-09
7xtrh5le2p,,snowman-dome-tour-2026-2027-all-suite,2026-10-31,17:00,[北海道] 大和ハウス プレミストドーム（札幌ドーム）,electronic,female,同行,ちょび,5.0,,番手,2026-09-10 04:01:19,2026-09-10 04:01:19,,,listing,1,26500,"2名義中2番手
２連×1+単番×1を所持しております。
すり替えなし/下三桁提示可
チケットを発券後、チケットの座席確認をした後に当方が選ばなかったチケットをお渡しします。
端末をお借りする可能性がございますので、ご協力いただける方のみでお願いいたします
公演当日、開演2時間前に会場にて待ち合わせし、同時入場していただきます。
10分以上の遅刻は到着を待たず入場を行います。
その場合、如何なる理由の遅刻であっても受け取り連絡を行っていただきます。
詳しい待ち合わせ時間・場所等は、ご入金後にマイページの連絡ボードでお知らせします。
購入者による体調不良含め、ランダムエラー・本人確認等など公演中止以外の理由は如何なる場合でも受け取り連絡を行っていただきます。
購入後のキャンセルは、利用規約に基づきお受けしておりませんのでご了承ください。
質問等ございましたら、メッセージまでお願いいたします。",True,2026-09
cpcydnoga8,,snowman-dome-tour-2026-2027-all-suite,2026-10-31,17:00,[北海道] 大和ハウス プレミストドーム（札幌ドーム）,electronic,female,同行,ゆ,5.0,,同行,2026-09-10 04:01:19,2026-09-10 04:01:19,,,listing,1,80000,"2名義中1番手同行になります。
初期当選/有効期限内
下三桁提示可能
当方と一緒に入場して頂きます。
入場時のランダムエラーや本人確認など、いかなる理由があっても受取評価をお願いいたします。
キャンセル・返金は不可となりますのでご了承ください。
購入は日本人女性の方のみ、代理購入はご遠慮ください。
座席に関するクレームはお受けできません。
公演中止の場合のみ、手数料を差し引いた金額を返金いたします。
上記内容すべてご了承いただける方のみご購入ください。
質問等でもメッセージお待ちしております。よろしくお願いいたします。",True,2026-09
jlcebere1o,,snowman-dome-tour-2026-2027-all-suite,2026-10-31,17:00,[北海道] 大和ハウス プレミストドーム（札幌ドーム）,electronic,female,前日にログイン情報お知らせいたします,梅ちゃん,5.0,,QR,2026-09-10 04:01:19,2026-09-10 04:01:19,,,listing,1,40000,"FC先行重複すり替えなし公演中止のみ返金対応
日本人成人女性でお願いします
購入後下3桁提示可能",True,2026-09
7uilji92no,,snowman-dome-tour-2026-2027-all-suite,2026-10-31,17:00,[北海道] 大和ハウス プレミストドーム（札幌ドーム）,electronic,female,同行,あ,5.0,,ランダム,2026-09-10 04:01:19,2026-09-10 04:01:19,,,listing,1,23000,"公演当日、開場30分前頃に会場付近にて待ち合わせをし、同時入場していただきます。
詳しい待ち合わせ時間や場所は連絡ボードでお知らせいたします。
同時入場後チケットを1度回収させていただき当方が座席を選択した後、チケットをお渡し致します。
座席選択にお時間いただく場合もございます。
チケットお渡し後のサイチェン等は問題ございません。
時間厳守にご協力お願い致します。
お待ち合わせの時間に遅れた場合は先に入場させていただく場合もございます。
その場合も受け取り評価はしていただきますので返金は致しかねます。ご注意ください。
・入場時購入者様の端末をお借りし、こちらで発券をお願いする場合がございます。
・購入者様が発券表示の際、持ち逃げ防止の為にご本人の顔写真付きの身分証（学生証不可）を一時的にお預かりいたします。それ以外の用途では使用致しませんのでご了承ください。
身分証はチケット渡しの際で返還します。
発券後の座席等のクレームは一切受け付けません。
公演中止の際は、手数料を差し引いた額を返金致しますが、本人確認やランダムエラー、体調不良などの検温でのエラー、公演中止以外の理由は如何なる場合でもご返金は致しかねますのでご承知ください。
日本語理解の方、デジタルチケットにご理解のある方のみご購入ください。",True,2026-09
urgs513uhx,,snowman-dome-tour-2026-2027-all-suite,2026-10-31,17:00,[北海道] 大和ハウス プレミストドーム（札幌ドーム）,electronic,female,同行,ちょび,5.0,,番手,2026-09-10 04:01:19,2026-09-10 04:01:19,,,listing,1,26500,"2名義中2番手
２連×1+単番×1を所持しております。
すり替えなし/下三桁提示可
チケットを発券後、チケットの座席確認をした後に当方が選ばなかったチケットをお渡しします。
端末をお借りする可能性がございますので、ご協力いただける方のみでお願いいたします
公演当日、開演2時間前に会場にて待ち合わせし、同時入場していただきます。
10分以上の遅刻は到着を待たず入場を行います。
その場合、如何なる理由の遅刻であっても受け取り連絡を行っていただきます。
詳しい待ち合わせ時間・場所等は、ご入金後にマイページの連絡ボードでお知らせします。
購入者による体調不良含め、ランダムエラー・本人確認等など公演中止以外の理由は如何なる場合でも受け取り連絡を行っていただきます。
購入後のキャンセルは、利用規約に基づきお受けしておりませんのでご了承ください。
質問等ございましたら、メッセージまでお願いいたします。",True,2026-09
kgokg89xov,,snowman-dome-tour-2026-2027-all-suite,2026-10-31,17:00,[北海道] 大和ハウス プレミストドーム（札幌ドーム）,electronic,female,前日にログイン情報提示,にら,5.0,,ランダム記載あり,2026-09-10 04:01:19,2026-09-10 04:01:19,,,listing,1,51000,"初期当選/QR毎/有効期限内/重複すり替えなし/下3桁提示可/着ブロ希望なし
・前日の夜までに必要な情報をご提示します。
・同意チェックは買い手様で行っていただきます。
・入場後速やかにログアウト、受け取り評価をお願いいたします。
・ランダムエラーや本人確認等のトラブルでご入場できなかった等のいかなる場合も返金は致しかねます。受け取り評価は必ずしていただきます。
・公演中止以外の返金はいたしかねます。
・受け取り連絡完了後のご購入者様都合による送金停止はお控え下さい。
・個人情報の変更による乗っ取り等はお控え下さい。
すべてご理解のうえでご購入お願いいたします！",True,2026-09
4f9clb5aki,,snowman-dome-tour-2026-2027-all-suite,2026-10-31,17:00,[北海道] 大和ハウス プレミストドーム（札幌ドーム）,electronic,female,公演前日にQRコード共有,てぃ,5.0,,,2026-09-10 04:01:19,2026-09-10 04:01:19,,,listing,1,35000,"FC先行 初期当選 QRごと 重複すり替えなし 下3桁提示可能 過去エラーなし 郵便物戻りなし 同一クレカ決済なし 有効期限内
公演前日にログイン情報をお伝えします。
代表者の同意チェックは買い手様にて操作していただくようお願いいたします。
公演が中止の場合のみ返金します。
その他、如何なる理由でも返金不可です。",True,2026-09
z8ttuvmbnr,,snowman-dome-tour-2026-2027-all-suite,2026-10-31,17:00,[北海道] 大和ハウス プレミストドーム（札幌ドーム）,electronic,female,公演日1日前までにQRコード提供,C,5.0,,QR,2026-09-10 04:01:19,2026-09-10 04:01:19,,,listing,2,20000,,True,2026-09
9kdrnvg1mi,,snowman-dome-tour-2026-2027-all-suite,2026-10-31,17:00,[北海道] 大和ハウス プレミストドーム（札幌ドーム）,electronic,female,指定席,ao_,5.0,,ランダム記載あり,2026-09-10 04:01:19,2026-09-10 04:01:19,,,listing,2,36000,"≪入場後15分以内にチケットをお渡しします≫
こちらの公演に該当する当選チケットを複数名義所持しております。
全てのチケットを発券後、チケットの座席確認をした後にチケットをお渡ししますので配布までにお時間をいただきますことご了承ください。チケットは入場後15分以内にお渡しさせて頂きます。
公演当日、 開演160分前に会場にて待ち合わせし、同時入場していただきます。10分以上の遅刻は到着を待たず入場を行います。
その場合、如何なる理由の遅刻であっても受け取り連絡を行っていただきます。
詳しい待ち合わせ時間・場所等は、ご入金後にマイページの連絡ボードでお知らせします。
また公演中止の場合のみ返金いたします。
購入者による体調不良含め、ランダムエラー、本人確認等など公演中止以外の理由は如何なる場合でも受け取り連絡を行っていただきます。
購入後のキャンセルは、利用規約に基づきお受けしておりませんのでご了承ください。
◎性別年齢問わずどなたでもご購入頂いて構いませんが、5歳以下のお子様がいらっしゃる方や、一度事前にご連絡ください。
※他の出品者様※
当方の出品者文をコピペする行為はお控えください。",True,2026-09
prbifodfvz,,snowman-dome-tour-2026-2027-all-suite,2026-10-31,17:00,[北海道] 大和ハウス プレミストドーム（札幌ドーム）,electronic,female,同行,ちゃん,5.0,,ランダム,2026-09-10 04:01:19,2026-09-10 04:01:19,,,listing,2,20000,"ランダム配布
複数当選のため、ランダムでの配布になります。開場30分前に会場付近で待ち合わせし、同時入場していただきます。
ご入金後、当日連絡の取れる電話番号をお送り下さい。
入場後にチケットを回収させていただき、開演5~10分前までにチケットをお渡しいたします。
購入者様に座席選択権はございません。
入場の際にQRコード表示にご協力をお願いする場合がございます。
持ち逃げ防止のため、公的身分証を封筒に入れお預かりさせていただきます。お預かりした身分証は必ずチケットのお渡し時にご返却させていただきます。
交通機関の遅延、遅刻等いかなる場合でも、開場時間10分を過ぎた場合には先に入場させていただきます。その際も返金は一切対応出来ません。
受取連絡をお願いしますので、当日お時間に余裕がある方のみご購入下さい。詳しい時間、場所は前日メッセージボードからお伝えいたします。
公演中止の場合を除き、本人確認による入場不可、ランダムエラー等、いかなる場合もキャンセル・返金対応は致しかねますのでご了承ください。
トラブル防止の観点から、スムーズにやりとり出来る方、上記を全てご理解頂ける日本人の成人女性のみご購入をお願い致します。",True,2026-09
ktjpcjex7j,,snowman-dome-tour-2026-2027-all-suite,2026-10-31,17:00,[北海道] 大和ハウス プレミストドーム（札幌ドーム）,electronic,female,同行,あ,5.0,,ランダム,2026-09-10 04:01:19,2026-09-10 04:01:19,,,listing,2,30000,"🌟2連ランダム🌟公演当日、開場30分前頃に会場付近にて待ち合わせをし、同時入場していただきます。
詳しい待ち合わせ時間や場所は連絡ボードでお知らせいたします。
同時入場後チケットを1度回収させていただき当方が座席を選択した後、チケットをお渡し致します。
座席選択にお時間いただく場合もございます。
チケットお渡し後のサイチェン等は問題ございません。
時間厳守にご協力お願い致します。
お待ち合わせの時間に遅れた場合は先に入場させていただく場合もございます。
その場合も受け取り評価はしていただきますので返金は致しかねます。ご注意ください。
・入場時購入者様の端末をお借りし、こちらで発券をお願いする場合がございます。
・購入者様が発券表示の際、持ち逃げ防止の為にご本人の顔写真付きの身分証（学生証不可）を一時的にお預かりいたします。それ以外の用途では使用致しませんのでご了承ください。
身分証はチケット渡しの際で返還します。
発券後の座席等のクレームは一切受け付けません。
公演中止の際は、手数料を差し引いた額を返金致しますが、本人確認やランダムエラー、体調不良などの検温でのエラー、公演中止以外の理由は如何なる場合でもご返金は致しかねますのでご承知ください。
日本語理解の方、デジタルチケットにご理解のある方のみご購入ください。",True,2026-09
uiui11hotc,,snowman-dome-tour-2026-2027-all-suite,2026-10-31,17:00,[北海道] 大和ハウス プレミストドーム（札幌ドーム）,electronic,female,同行,り,5.0,,同行,2026-09-10 04:01:19,2026-09-10 04:01:19,,,listing,1,50000,"当方と同行です。
・開場30分前に集合して頂きます。集合場所は公演前日にお伝えいたします。
・ 当日連絡が可能なお電話番号のご提示をお願いします。
・チケット配布後受取確認お願いいたします。
・お座席へのクレームは一切受け付けておりません。
・キャリーケースなど大きい荷物はお預けになってから集合お願いいたします。
・介助を要する方、外国人の方、日本語が通じない方はご購入お控えいただきますようお願いいたします。
・公演中止の場合のみ手数料を差し引いた金額を返金させていただきます。※ランダムエラー、公共交通機関の乱れ、個人的な理由、10分以上の集合遅れ等公演中止の以外の理由では返金いたしかねます。",True,2026-09
jnua7rbmqz,,snowman-dome-tour-2026-2027-all-suite,2026-11-01,15:00,[北海道] 大和ハウス プレミストドーム（札幌ドーム）,electronic,female,公演日前日までにQRコード共有,Erica,5.0,,QR,2026-09-10 04:01:19,2026-09-10 04:01:19,,,listing,2,30000,"QR毎/初期当選/下3桁提示可/重複すり替えなし/有効期限内名義/発送物戻りなし/着ブロ希望なし
QR毎でのお譲りになります。公演日の前日になりましたらログイン情報を送らせていただきますので当日はご自身の端末で入場お願いします。
同意チェックはご購入者様にてお願いします。
ランダムエラーや交通機関の乱れなど、公式からの公演中止以外の返金は致しません。
公演中止の場合のみ手数料を差し引いた金額を返金いたします。
入場後は速やかにログアウト、受け取り評価をお願いいたします。チケット発券後はサイチェン等ご自由にしていただいて構いません。",True,2026-09
h3mrru2ukw,,snowman-dome-tour-2026-2027-all-suite,2026-11-01,15:00,[北海道] 大和ハウス プレミストドーム（札幌ドーム）,electronic,female,同行,あ,5.0,,ランダム,2026-09-10 04:01:19,2026-09-10 04:01:19,,,listing,1,23000,"ランダム配布
公演当日、開場40分前頃に会場付近にて待ち合わせをし、同時入場していただきます。
詳しい待ち合わせ時間や場所は連絡ボードでお知らせいたします。
同時入場後チケットを1度回収させていただき当方が座席を選択した後、チケットをお渡し致します。
座席選択にお時間いただく場合もございます。
チケットお渡し後のサイチェン等は問題ございません。
時間厳守にご協力お願い致します。
お待ち合わせの時間に遅れた場合は先に入場させていただく場合もございます。
その場合も受け取り評価はしていただきますので返金は致しかねます。ご注意ください。
・入場時購入者様の端末をお借りし、こちらで発券をお願いする場合がございます。
・購入者様が発券表示の際、持ち逃げ防止の為にご本人の顔写真付きの身分証（学生証不可）を一時的にお預かりいたします。それ以外の用途では使用致しませんのでご了承ください。
身分証はチケット渡しの際で返還します。
発券後の座席等のクレームは一切受け付けません。
公演中止の際は、手数料を差し引いた額を返金致しますが、本人確認やランダムエラー、体調不良などの検温でのエラー、公演中止以外の理由は如何なる場合でもご返金は致しかねますのでご承知ください。
日本語理解の方、デジタルチケットにご理解のある方のみご購入ください。",True,2026-09
fqutx341yg,,snowman-dome-tour-2026-2027-all-suite,2026-11-01,15:00,[北海道] 大和ハウス プレミストドーム（札幌ドーム）,electronic,female,少数ランダム,あ,5.0,,ランダム,2026-09-10 04:01:19,2026-09-10 04:01:19,,,listing,1,15000,"ランダム配布を理解されている方、以下の内容に同意頂ける方のみご購入ください。
ご購入頂いた場合は、以下の内容に全て同意頂けているとみなし、お取引いたします。
開場20分前頃に会場付近に集合して頂き、同時入場して頂きます。入場後チケットを回収し一旦解散します。開演5分前までにこちらから連絡しますので、再度合流しチケットをお渡し後、こちらの受け取りをして頂きます。
座席未定となりますので、入場ゲート、会員番号、名義数等の情報は一切開示できません。
座席に関するクレーム等もお受けいたしかねます。
ご購入後、取引メッセージにてお名前(仮名可)と当日会場内で連絡がつく電話番号をお送りください。
入場の際に、身分証明書を一時的にお預かりする可能性がありますので、ご了承の上ご持参ください。
詳しい集合場所と時間は、前日または当日に取引メッセージにてお伝えします。当日こまめな連絡に対応して頂ける方、余裕を持って会場にお越しできる方でお願いいたします。いかなる理由でも遅刻された場合は、先に入場いたします。
購入者様都合のキャンセルや返金はいかなる理由でもお受けできませんので、当日必ず参加できる方のみご購入ください。
公演中止の場合のみ、手数料を差し引いた金額を返金いたします。 ランダムエラー、出演者変更等の公演中止以外一切の事由によるキャンセル、返金はお受けできません。",True,2026-09
2hgefca56a,,snowman-dome-tour-2026-2027-all-suite,2026-11-01,15:00,[北海道] 大和ハウス プレミストドーム（札幌ドーム）,electronic,female,QR毎,Lala,5.0,,ランダム記載あり,2026-09-10 04:01:19,2026-09-10 04:01:19,,,listing,1,45000,"プライベート出品に切り替えますので、以下をご確認の上メッセージをお願いいたします。
✅2年目、初当選の名義になります。
✅公演前日にログイン情報をお渡しさせていただきます。
✅ログインが完了しましたら、その時点でチケテンにて受け取り完了の操作をお願いいたします。
✅入場後は速やかにログアウトをお願いいたします。
✅公演中止の場合のみ定価分ご返金させていただきます。その他ランダムエラー等のこちらが確認ができないトラブルでの返金は一切行いませんので、ご注意ください。",True,2026-09
u3hlzzv0qe,,snowman-dome-tour-2026-2027-all-suite,2026-11-01,15:00,[北海道] 大和ハウス プレミストドーム（札幌ドーム）,electronic,female,少数ランダム,あ,5.0,,ランダム同行,2026-09-10 04:01:19,2026-09-10 04:01:19,,,listing,1,15000,"ランダム配布を理解されている方、以下の内容に同意頂ける方のみご購入ください。
ご購入頂いた場合は、以下の内容に全て同意頂けているとみなし、お取引いたします。
開場20分前頃に会場付近に集合して頂き、同時入場して頂きます。入場後チケットを回収し一旦解散します。開演5分前までにこちらから連絡しますので、再度合流しチケットをお渡し後、こちらの受け取りをして頂きます。
座席未定となりますので、入場ゲート、会員番号、名義数等の情報は一切開示できません。
座席に関するクレーム等もお受けいたしかねます。
ご購入後、取引メッセージにてお名前(仮名可)と当日会場内で連絡がつく電話番号をお送りください。
入場の際に、身分証明書を一時的にお預かりする可能性がありますので、ご了承の上ご持参ください。
詳しい集合場所と時間は、前日または当日に取引メッセージにてお伝えします。当日こまめな連絡に対応して頂ける方、余裕を持って会場にお越しできる方でお願いいたします。いかなる理由でも遅刻された場合は、先に入場いたします。
購入者様都合のキャンセルや返金はいかなる理由でもお受けできませんので、当日必ず参加できる方のみご購入ください。
公演中止の場合のみ、手数料を差し引いた金額を返金いたします。 ランダムエラー、出演者変更等の公演中止以外一切の事由によるキャンセル、返金はお受けできません。",True,2026-09
0kkmfit492,,snowman-dome-tour-2026-2027-all-suite,2026-11-01,15:00,[北海道] 大和ハウス プレミストドーム（札幌ドーム）,electronic,female,公演前日にQRコード共有,てぃ,5.0,,QR,2026-09-10 04:01:19,2026-09-10 04:01:19,,,listing,2,30000,"FC先行 初期当選 QRごと 重複すり替えなし 下3桁提示可能 過去エラーなし 当選歴なし 郵便物戻りなし 同一クレカ決済なし 有効期限内
公演前日にログイン情報をお伝えします。
代表者の同意チェックは買い手様にて操作していただくようお願いいたします。
公演が中止の場合のみ返金します。
その他、如何なる理由でも返金不可です。",True,2026-09
yvadnolmvh,,snowman-dome-tour-2026-2027-all-suite,2026-11-01,15:00,[北海道] 大和ハウス プレミストドーム（札幌ドーム）,electronic,female,公演日前日にQR共有,momo,5.0,,QR,2026-09-10 04:01:19,2026-09-10 04:01:19,,,listing,2,29500,"FC先行/初期当選/QRごと/重複すり替えなし/下3桁提示可能/有効期限内名義/過去エラーなし/郵便物戻りなし/同一クレカ決済なし
公演前日にログイン情報をお伝えします。
代表者の同意チェックは買い手様にて操作していただくようお願いいたします。
公演が中止の場合のみ返金します。
その他、如何なる理由でも返金不可です。",True,2026-09
ugdazo4rvv,,snowman-dome-tour-2026-2027-all-suite,2026-11-01,15:00,[北海道] 大和ハウス プレミストドーム（札幌ドーム）,electronic,female,公演日1日前までにログイン情報共有,な,5.0,,QR,2026-09-10 04:01:19,2026-09-10 04:01:19,,,listing,1,50000,"FC先行/初期当選/QR毎/購入後下3桁提示可/すり替え重複なし/有効期限内/郵便物戻りなし/着ブロ指定なし
エラー履歴無い
ログイン情報は前日にお伝えします。
入場後は速やかにログアウトお願いいたします。
公演中止の際は、手数料を差し引いた金額のみご返金させて頂きます。
公演中止以外（座席のクレーム、体調不良、出演者変更、ランダムエラー、赤線エラー等の理由）は、如何なる場合も返金致しませんのでご了承ください。
以上の事項を全てご理解頂きご購入ください。",True,2026-09
xdhujwgp8l,,snowman-dome-tour-2026-2027-all-suite,2026-11-01,15:00,[北海道] 大和ハウス プレミストドーム（札幌ドーム）,electronic,female,指定席,ao_,5.0,,ランダム記載あり,2026-09-10 04:01:19,2026-09-10 04:01:19,,,listing,2,33000,"≪入場後15分以内にチケットをお渡しします≫
こちらの公演に該当する当選チケットを複数名義所持しております。
全てのチケットを発券後、チケットの座席確認をした後にチケットをお渡ししますので配布までにお時間をいただきますことご了承ください。チケットは入場後15分以内にお渡しさせて頂きます。
公演当日、 開演160分前に会場にて待ち合わせし、同時入場していただきます。10分以上の遅刻は到着を待たず入場を行います。
その場合、如何なる理由の遅刻であっても受け取り連絡を行っていただきます。
詳しい待ち合わせ時間・場所等は、ご入金後にマイページの連絡ボードでお知らせします。
また公演中止の場合のみ返金いたします。
購入者による体調不良含め、ランダムエラー、本人確認等など公演中止以外の理由は如何なる場合でも受け取り連絡を行っていただきます。
購入後のキャンセルは、利用規約に基づきお受けしておりませんのでご了承ください。
◎性別年齢問わずどなたでもご購入頂いて構いませんが、5歳以下のお子様がいらっしゃる方や、一度事前にご連絡ください。
※他の出品者様※
当方の出品者文をコピペする行為はお控えください。",True,2026-09
tfreiwqm7g,,snowman-dome-tour-2026-2027-all-suite,2026-11-01,15:00,[北海道] 大和ハウス プレミストドーム（札幌ドーム）,electronic,female,指定席のみ,𝒎,5.0,,ランダム,2026-09-10 04:01:19,2026-09-10 04:01:19,,,listing,2,21000,"⭐️ランダムエラー返金可能
⭐️性別・年齢・国籍問いません
ファンクラブ当選名義を複数所持しております。
全てのチケットを発券後、チケットの座席確認をした後にチケットをお渡ししますので配布までにお時間をいただきますことご了承ください。
チケットは開演10分前頃までにはお渡しさせていただきます。
慣れてない方に関しては、当日含め丁寧にご説明させていただく時間を設けますのでお申し付けください。
ここに記載している記載外の名義についての質問にはお答えできません。
公演当日、開演160分前に会場にて待ち合わせし、同時入場していただきます。
10分以上の遅刻は到着を待たず入場を行います。
その場合、如何なる理由の遅刻であっても受け取り連絡を行っていただきます。
詳しい待ち合わせ時間・場所等は、ご入金後にマイページの連絡ボードでお知らせします。
購入者による体調不良含め、本人確認等など公演中止以外の理由は如何なる場合でも受け取り連絡を行っていただきます。
購入後のキャンセルは、利用規約に基づきお受けしておりませんのでご了承ください。
但し、ランダムエラーにより入場ができなかった場合は、チケテンの規定キャンセル料を差し引いた金額を返金させていただきます。
急遽行けなくなった場合などは、購入者側で責任をもって代理の方を立てていただき同取引ページでやりとりできるよう手配お願いします。
◎初めての方にも、ご安心いただけるお取引を行います。当日の待ち合わせ場所やチケットのお渡しについても、初めて行かれる際迷わないよう、画像付きでご説明しますのでご安心ください。
◎性別・国籍・年齢問いません。どなたでもご安心いただけるお取引を行います。海外の方で日本語ができない方でも問題ありません。
◎当日は、場内スタッフの監視が非常に厳しい可能性が高い状況です。
購入者様には退場させられることなく、終演まで安心してお楽しみいただきたいと考えております。
そのため、「当日、必ずこちらの指示に従っていただける方のみ」ご購入をお願いいたします。
※現状、去年のツアーのでお譲りした皆様は本人確認されることなく無事に公演終了まで観劇できております。",True,2026-09
6khckrx486,,snowman-dome-tour-2026-2027-all-suite,2026-11-01,15:00,[北海道] 大和ハウス プレミストドーム（札幌ドーム）,electronic,female,公演日前日までにログイン情報共有,にょん,5.0,,QR,2026-09-10 04:01:19,2026-09-10 04:01:19,,,listing,1,40000,"QR毎/FC先行/下3桁掲示可/重複すり替えなし/着ブロ選択なし/有効期限内名義/郵便物戻りなし
・公演前日に連絡ボードにてログイン情報お伝え致します。
・入場後は速やかにログアウト、受取連絡をお願い致します。
・公演中止の場合のみ、手数料を差し引いた金額を返金させていただきます。公演中止以外のランダムエラー、赤線エラー、本人確認、体調不良、天候等の返金対応は一切致しません。如何なる理由でも受取通知をして頂きますのでご了承ください。
・入場後の座席に関するクレームは一切受け付けておりません。",True,2026-09
agymzrgxhl,,snowman-dome-tour-2026-2027-all-suite,2026-11-01,15:00,[北海道] 大和ハウス プレミストドーム（札幌ドーム）,electronic,female,公演日前日までにログイン情報を提供致します。,M,5.0,,QR,2026-09-10 04:01:19,2026-09-10 04:01:19,,,listing,2,45000,,True,2026-09
s5pssh55jh,,snowman-dome-tour-2026-2027-all-suite,2026-11-01,15:00,[北海道] 大和ハウス プレミストドーム（札幌ドーム）,electronic,female,同行,ちょび,5.0,,番手,2026-09-10 04:01:19,2026-09-10 04:01:19,,,listing,1,26500,"2名義中2番手
すり替えなし/下三桁提示可
単番チケットを2名義所持しております。同時入場をしていただき当方がチケットの座席確認をした後に選ばなかった方のチケットをお渡しします。
端末をお借りする場合がございますので、ご協力いただける方でお願いいたします。
開演2時間前に会場にて待ち合わせし、同時入場していただきます。
10分以上の遅刻は到着を待たず入場を行います。
その場合、如何なる理由の遅刻であっても受け取り連絡を行っていただきます。
詳しい待ち合わせ時間・場所等は、ご入金後にマイページの連絡ボードでお知らせします。
購入者による体調不良含め、ランダムエラー・本人確認等など公演中止以外の理由は如何なる場合でも受け取り連絡を行っていただきます。
購入後のキャンセルは、利用規約に基づきお受けしておりませんのでご了承ください。
質問等ございましたら、メッセージまでお願いいたします。",True,2026-09
edurly9o2t,,snowman-dome-tour-2026-2027-all-suite,2026-11-01,15:00,[北海道] 大和ハウス プレミストドーム（札幌ドーム）,electronic,female,公演日1日前までにQRコード共有,ゆ゜,5.0,,QR,2026-09-10 04:01:19,2026-09-10 04:01:19,,,listing,2,40000,"QR毎/初期当選/下3桁提示可/重複すり替えなし/有効期限内名義/発送物戻りなし/着ブロ希望なし
QR毎でのお譲りになります。
公演日の前日になりましたらログイン情報を送らせていただきますので当日はご自身の端末で入場お願いします。
同意チェックはご購入者様にてお願いします。
ランダムエラーや交通機関の乱れなど、公式からの公演中止以外の返金は致しません。
入場後は速やかにログアウト、受け取り評価をお願いいたします。
日本語が話せてスムーズに連絡の取れる日本人のみご購入をお願いいたします。",True,2026-09
reouyjp8x0,,snowman-dome-tour-2026-2027-all-suite,2026-11-01,15:00,[北海道] 大和ハウス プレミストドーム（札幌ドーム）,electronic,female,公演日前日までにQRコード共有,ミ,5.0,,QR,2026-09-10 04:01:19,2026-09-10 04:01:19,,,listing,1,35000,"条件なし/重複・すり替えなし/QR毎/有効期間内/下3桁提示可能
公演日前日までにQRコード共有。
公演中止の場合のみ返金対応可能です。遅刻、体調不良、ランダムエラー、本人確認等如何なる場合でもキャンセル、返金出来ません。必ず受取通知していただきます。詳しい詳細は連絡ボードにて送らせていただきます",True,2026-09
53hjygrieb,,snowman-dome-tour-2026-2027-all-suite,2026-11-01,15:00,[北海道] 大和ハウス プレミストドーム（札幌ドーム）,electronic,female,公演前日までにログイン情報共有,y,5.0,,QR,2026-09-10 04:01:19,2026-09-10 04:01:19,,,listing,2,50000,"公演前日までにログインに必要な情報をお伝えいたします。入場後は速やかに受取評価・ログアウトをお願い致します。
初期当選/有効期限内/変更ボタンあり
下3桁提示可/重複すり替えなし/着ブロ希望なし
座席に関するクレーム・返金対応等は一切お受けいたしません。公演中止の場合のみ、仲介手数料等を差し引いた金額を返金させていただきます。その他、購入者様都合によるキャンセル、体調不良や遅刻、出演者変更やランダムエラー、本人確認等いかなる場合も返金不可となります。必ず受取評価をお願い致します。",True,2026-09
ip6ue7wm2x,,snowman-dome-tour-2026-2027-all-suite,2026-11-26,17:00,[愛知県] バンテリンドーム ナゴヤ,electronic,female,番手,あ,5.0,,番手,2026-09-10 04:01:19,2026-09-10 04:01:19,,,listing,1,60000,"2連と単番所持/2名義3枚中2枚目/初期/期限内/すり替えなし
❌渡辺担不可❌
開場20-30分前に会場周辺にて集合予定。
入場後一度チケットをすべて回収します。当方が選んだ後、残りの2枚の中からチケットをお選びください。
ランダムエラー、交通機関の乱れ、体調不良、出演者変更、本人確認があった場合などいかなる場合でも返金キャンセル不可となります。
⚠️ランダムエラー時に返金対応を求める方はチケテンの入場保証をご利用ください⚠️
15分以上の遅刻は待たずに入場します。その際も受取評価は必ずお願いします。
公演中止の場合のみ手数料を差し引いた額を返金いたします。",True,2026-09
zf1feukkpm,,snowman-dome-tour-2026-2027-all-suite,2026-11-26,17:00,[愛知県] バンテリンドーム ナゴヤ,electronic,female,番手,あ,5.0,,番手,2026-09-10 04:01:19,2026-09-10 04:01:19,,,listing,1,50000,"2連と単番所持/2名義3枚中3枚目/初期/期限内/すり替えなし
開場20-30分前に会場周辺にて集合予定。
入場後一度チケットをすべて回収します。座席選択権はございません。
ランダムエラー、交通機関の乱れ、体調不良、出演者変更、本人確認があった場合などいかなる場合でも返金キャンセル不可となります。
⚠️ランダムエラー時に返金対応を求める方はチケテンの入場保証をご利用ください⚠️
15分以上の遅刻は待たずに入場します。その際も受取評価は必ずお願いします。
公演中止の場合のみ手数料を差し引いた額を返金いたします。",True,2026-09
9us5358x6f,,snowman-dome-tour-2026-2027-all-suite,2026-11-26,17:00,[愛知県] バンテリンドーム ナゴヤ,electronic,female,同行,🛋,5.0,,同行,2026-09-10 04:01:19,2026-09-10 04:01:19,,,listing,1,70000,,True,2026-09
i3uq8qqfym,,snowman-dome-tour-2026-2027-all-suite,2026-11-27,17:00,[愛知県] バンテリンドーム ナゴヤ,electronic,female,同行,り,5.0,,ランダム,2026-09-10 04:01:19,2026-09-10 04:01:19,,,listing,2,40000,"ランダム配布
複数当選のため、ランダムでの配布になります。開場30分前に会場付近で待ち合わせし、同時入場していただきます。
ご入金後、当日連絡の取れる電話番号をお送り下さい。
入場後にチケットを回収させていただき、開演5~10分前までにチケットをお渡しいたします。
購入者様に座席選択権はございません。
入場の際にQRコード表示にご協力をお願いする場合がございます。
持ち逃げ防止のため、公的身分証を封筒に入れお預かりさせていただきます。お預かりした身分証は必ずチケットのお渡し時にご返却させていただきます。
交通機関の遅延、遅刻等いかなる場合でも、開場時間10分を過ぎた場合には先に入場させていただきます。その際も返金は一切対応出来ません。
受取連絡をお願いしますので、当日お時間に余裕がある方のみご購入下さい。詳しい時間、場所は前日メッセージボードからお伝えいたします。
公演中止の場合を除き、本人確認による入場不可、ランダムエラー等、いかなる場合もキャンセル・返金対応は致しかねますのでご了承ください。
トラブル防止の観点から、スムーズにやりとり出来る方、上記を全てご理解頂ける日本人の成人女性のみご購入をお願い致します。",True,2026-09
s3vx66dzdl,,snowman-dome-tour-2026-2027-all-suite,2026-11-27,17:00,[愛知県] バンテリンドーム ナゴヤ,electronic,female,同行,り,5.0,,ランダム,2026-09-10 04:01:19,2026-09-10 04:01:19,,,listing,1,38000,"ランダム配布
複数当選のため、ランダムでの配布になります。開場30分前に会場付近で待ち合わせし、同時入場していただきます。
ご入金後、当日連絡の取れる電話番号をお送り下さい。
入場後にチケットを回収させていただき、開演5~10分前までにチケットをお渡しいたします。購入者様に座席選択権はございません。
入場の際にQRコード表示にご協力をお願いする場合がございます。
持ち逃げ防止のため、公的身分証を封筒に入れお預かりさせていただきます。お預かりした身分証は必ずチケットのお渡し時にご返却させていただきます。
交通機関の遅延、遅刻等いかなる場合でも、開場時間10分を過ぎた場合には先に入場させていただきます。その際も返金は一切対応出来ません。
受取連絡をお願いしますので、当日お時間に余裕がある方のみご購入下さい。詳しい時間、場所は前日メッセージボードからお伝えいたします。
公演中止の場合を除き、本人確認による入場不可、ランダムエラー等、いかなる場合もキャンセル・返金対応は致しかねますのでご了承ください。
トラブル防止の観点から、スムーズにやりとり出来る方、上記を全てご理解頂ける日本人の成人女性のみご購入をお願い致します。",True,2026-09
4nhc3r2p5n,,snowman-dome-tour-2026-2027-all-suite,2026-11-27,17:00,[愛知県] バンテリンドーム ナゴヤ,electronic,female,公演前日QRコード共有,ゆ,5.0,,QR,2026-09-10 04:01:19,2026-09-10 04:01:19,,,listing,2,80000,"初期当選/QR毎/重複すり替えなし/有効期限内/下三桁提示可/着ブロ指定なし/郵送物戻りなし
公演前日に、同行者の同意チェックを済ませた状態で代表者のログイン情報をお伝えします。
公演中止の際は手数料等を差し引いた金額を返金させて頂きますが本人確認、ランダムエラー、交通機関遅延、体調不良など如何なる場合でも返金は致しかねます。ご了承いただける方のみご購入ください。座席についてのクレームも一切受け付けておりません。
また、成立後のお取引キャンセルも一切できかねますのでご了承ください。
ご入場後は速やかにログアウト、受け取り評価をお願いいたします。
上記内容にご理解頂ける方のみご購入お願いいたします。",True,2026-09
67mkc4qobg,,snowman-dome-tour-2026-2027-all-suite,2026-11-28,17:00,[愛知県] バンテリンドーム ナゴヤ,electronic,none,ランダム配布,うきぴ,4.9,,ランダム,2026-09-10 04:01:19,2026-09-10 04:01:19,,,listing,1,45000,"公演当日は開場時間の30分前に会場付近にお集まりいただき、同時入場していただきます。
詳しい時間はお日にちが近づきましたらメッセージボードにてご連絡いたします。
遅刻された場合は購入者様のご都合でキャンセルとし、返金はいたしません。
集合時間に必ず間に合う方のみご購入をお願いいたします。
購入者様にQR表示のご協力をお願いする場合がありますのでQR表示ができる端末をお持ちください。
同時入場後こちらが先に座席を選んだ後、チケットをお渡しします。
購入者様ご自身で座席は選べません。
入場後お席を選ぶのに時間がかかるため一度解散いたします。
チケットのご準備ができましたらお渡ししますのでこちらが指定する場所にお越しください。
当日まで座席未定の為、どこのお席になるかわかりません。
その為座席に関するクレームや返金はお受けいたしません。
またチケットお渡しの際にその場で受け取り連絡をお願いいたします。
購入者様の都合でのキャンセル（交通機関・体調不良・濃厚接触者・遅刻等）・本人確認や管理名義内でのランダムエラー、その他入場エラーなどで入場できなかった場合、黒服トラブルでの退場などありましても返金対応出来ませんのでご理解下さい。
如何なる理由でも受取連絡していただきます。
トラブル防止でご購入は日本語が通じる方のみでお願い致します。
ご購入後連絡ボードに【お名前ひらがなと当日繋がる電話番号】をお送りください。
以上の事をご理解頂ける方のみご購入下さい。
ご購入後は全て同意頂けたものとみなします。",True,2026-09
w5493tmef8,,snowman-dome-tour-2026-2027-all-suite,2026-11-28,17:00,[愛知県] バンテリンドーム ナゴヤ,electronic,female,QR/公演2日前にログイン情報提示,み,5.0,,QR,2026-09-10 04:01:19,2026-09-10 04:01:19,,,listing,2,80000,"QR毎のお譲り/下3桁提示可能/有効期限内/初期当選/過去エラーなし/同一クレカ支払いなし
公演2日前にログイン情報をお送りいたします。同行者登録はご自身で対応をお願いします。
入場後すみやかにログアウトし受け取り通知をお願いします。
主催者都合による中止を除き、体調不良、公共交通機関の乱れ、ランダムエラーなど入場できなかった場合如何なる理由でもキャンセル、払い戻しはできません。",True,2026-09
vslsbfv62i,,snowman-dome-tour-2026-2027-all-suite,2026-11-28,17:00,[愛知県] バンテリンドーム ナゴヤ,electronic,female,公演日1日前までにQRコード共有,か,5.0,,QR,2026-09-10 04:01:19,2026-09-10 04:01:19,,,listing,2,80000,"QR／初期当選/座席未定/該当名義(変更ボタンあり）/有効期間内名義/すり替えなし/下3桁提示可
公演1日前にログイン用の会員番号およびパスワードをご連絡いたします。
同行者登録は、こちらでいたします。
公演当日入場後は速やかにログアウトをお願いします。
入場後は受け取り通知の方よろしくお願いします。
体調不良や交通状況によるトラブル、本人確認、ランダムエラー、出演者の変更、その他買い手様都合による取引のキャンセル返金対応不可。座席のクレームも受け付けておりません。入場できなかった場合も受け取り評価をお願いします。
公演中止の場合のみ手数料を引いた金額を返金致します。
上記ご了承いただける方のみご購入お願い致します。",True,2026-09
ezk51a5bdx,,snowman-dome-tour-2026-2027-all-suite,2026-11-28,17:00,[愛知県] バンテリンドーム ナゴヤ,electronic,female,少数ランダム,あ,5.0,,ランダム同行,2026-09-10 04:01:19,2026-09-10 04:01:19,,,listing,1,36000,"ランダム配布を理解されている方、以下の内容に同意頂ける方のみご購入ください。
ご購入頂いた場合は、以下の内容に全て同意頂けているとみなし、お取引いたします。
開場20分前頃に会場付近に集合して頂き、同時入場して頂きます。入場後チケットを回収し一旦解散します。開演5分前までにこちらから連絡しますので、再度合流しチケットをお渡し後、こちらの受け取りをして頂きます。
座席未定となりますので、入場ゲート、会員番号、名義数等の情報は一切開示できません。
座席に関するクレーム等もお受けいたしかねます。
ご購入後、取引メッセージにてお名前(仮名可)と当日会場内で連絡がつく電話番号をお送りください。
入場の際に、身分証明書を一時的にお預かりする可能性がありますので、ご了承の上ご持参ください。
詳しい集合場所と時間は、前日または当日に取引メッセージにてお伝えします。当日こまめな連絡に対応して頂ける方、余裕を持って会場にお越しできる方でお願いいたします。いかなる理由でも遅刻された場合は、先に入場いたします。
購入者様都合のキャンセルや返金はいかなる理由でもお受けできませんので、当日必ず参加できる方のみご購入ください。
公演中止の場合のみ、手数料を差し引いた金額を返金いたします。 ランダムエラー、出演者変更等の公演中止以外一切の事由によるキャンセル、返金はお受けできません。",True,2026-09
no1gv5utzw,,snowman-dome-tour-2026-2027-all-suite,2026-11-28,17:00,[愛知県] バンテリンドーム ナゴヤ,electronic,female,少数ランダム,あ,5.0,,ランダム同行,2026-09-10 04:01:19,2026-09-10 04:01:19,,,listing,1,36000,"ランダム配布を理解されている方、以下の内容に同意頂ける方のみご購入ください。
ご購入頂いた場合は、以下の内容に全て同意頂けているとみなし、お取引いたします。
開場20分前頃に会場付近に集合して頂き、同時入場して頂きます。入場後チケットを回収し一旦解散します。開演5分前までにこちらから連絡しますので、再度合流しチケットをお渡し後、こちらの受け取りをして頂きます。
座席未定となりますので、入場ゲート、会員番号、名義数等の情報は一切開示できません。
座席に関するクレーム等もお受けいたしかねます。
ご購入後、取引メッセージにてお名前(仮名可)と当日会場内で連絡がつく電話番号をお送りください。
入場の際に、身分証明書を一時的にお預かりする可能性がありますので、ご了承の上ご持参ください。
詳しい集合場所と時間は、前日または当日に取引メッセージにてお伝えします。当日こまめな連絡に対応して頂ける方、余裕を持って会場にお越しできる方でお願いいたします。いかなる理由でも遅刻された場合は、先に入場いたします。
購入者様都合のキャンセルや返金はいかなる理由でもお受けできませんので、当日必ず参加できる方のみご購入ください。
公演中止の場合のみ、手数料を差し引いた金額を返金いたします。 ランダムエラー、出演者変更等の公演中止以外一切の事由によるキャンセル、返金はお受けできません。",True,2026-09
blx50pkqtf,,snowman-dome-tour-2026-2027-all-suite,2026-11-28,17:00,[愛知県] バンテリンドーム ナゴヤ,electronic,female,同行,り,5.0,,ランダム,2026-09-10 04:01:19,2026-09-10 04:01:19,,,listing,1,35000,"ランダム配布
複数当選のため、ランダムでの配布になります。開場30分前に会場付近で待ち合わせし、同時入場していただきます。
ご入金後、当日連絡の取れる電話番号をお送り下さい。
入場後にチケットを回収させていただき、開演5~10分前までにチケットをお渡しいたします。
購入者様に座席選択権はございません。
入場の際にQRコード表示にご協力をお願いする場合がございます。
持ち逃げ防止のため、公的身分証を封筒に入れお預かりさせていただきます。お預かりした身分証は必ずチケットのお渡し時にご返却させていただきます。
交通機関の遅延、遅刻等いかなる場合でも、開場時間10分を過ぎた場合には先に入場させていただきます。その際も返金は一切対応出来ません。
受取連絡をお願いしますので、当日お時間に余裕がある方のみご購入下さい。詳しい時間、場所は前日メッセージボードからお伝えいたします。
公演中止の場合を除き、本人確認による入場不可、ランダムエラー等、いかなる場合もキャンセル・返金対応は致しかねますのでご了承ください。
トラブル防止の観点から、スムーズにやりとり出来る方、上記を全てご理解頂ける日本人の成人女性のみご購入をお願い致します。",True,2026-09
q5d3ebnpcm,,snowman-dome-tour-2026-2027-all-suite,2026-11-28,17:00,[愛知県] バンテリンドーム ナゴヤ,electronic,female,公演日1日前までにQRコード共有,K,5.0,,QR,2026-09-10 04:01:19,2026-09-10 04:01:19,,,listing,2,100000,"初期当選/重複・すり替え無し/QR毎/当選歴なし/座席未定/有効期限内名義/会員番号下3桁提示可能/Pay-easy決済
公演日前日に連絡ボードにてログイン情報をお伝えします。同行者登録は購入者様にてご対応下さい。入場後は速やかにログアウト頂き、受取通知をお願い致します。
主催者側の都合で公演中止になった場合のみ手数料を差し引いた金額を返金致します。その他の理由(ランダムエラー、出演者変更、本人確認、購入者様の体調不良、公共交通機関の遅延等)でのキャンセルや返金は一切受け付けかねます。如何なる場合におきましても受取評価はして頂きますのでご了承の上ご購入ください。",True,2026-09
5lrhh88noh,,snowman-dome-tour-2026-2027-all-suite,2026-11-28,17:00,[愛知県] バンテリンドーム ナゴヤ,electronic,female,同行,🛋,5.0,,同行,2026-09-10 04:01:19,2026-09-10 04:01:19,,,listing,1,70000,,True,2026-09
w9tpa76t3w,,snowman-dome-tour-2026-2027-all-suite,2026-11-29,15:00,[愛知県] バンテリンドーム ナゴヤ,electronic,female,同行,み,5.0,,ランダム,2026-09-10 04:01:19,2026-09-10 04:01:19,,,listing,2,50000,"⚠️購入される際はプライベート出品に切り替えますのでご報告ください
開場時刻20分前に集合し、同時入場後一度チケットを回収し、こちらで座席選択させていただきます。
座席選択に時間を頂きますが、チケットお渡しまではご自由に行動していただいて構いません。開演15分前までには必ずチケットをお渡ししますので催促等はおやめください。
また、購入者様は座席を選択できません。当方が指定した座席をお渡しいたします。お渡し後はサイチェンしていただいて構いません。
座席に関するクレームは一切お受けできません。
ランダム配布(すり替え)にご理解のある方のみご購入ください。
2枚でご購入いただいた場合必ず2連のチケットをお渡しいたします。
当日電波不慮の際にお電話での連絡が必要になる場合もございますので、当日会場で連絡可能な電話番号のご提示お願いいたします。
ご提示が難しい場合のご購入はお控えください。
当日こちらで用意した端末でQR表示し発券していただくため、持ち逃げ防止の為身分証を一時的にお預かりいたします。
身分証につきましては、こちらで用意した封筒に購入者様ご自身で封入していただき封をしていただきます。
トラブルがない限り封筒を開封し身分証を拝見することはございません。
入場後、端末とチケット回収の際すぐに身分証をお返しいたしますのでご協力よろしくお願いいたします。
主催者側による公演中止の場合に限り返金いたします。
出演者変更、交通機関の乱れによる遅刻、体調不良などのキャンセルなどいかなる理由におきましても返金致しかねますのでご了承ください。
購入いただいた時点で上記全て同意したとみなします。",True,2026-09
btkdugrv01,,snowman-dome-tour-2026-2027-all-suite,2026-11-29,15:00,[愛知県] バンテリンドーム ナゴヤ,electronic,female,同行,み,5.0,,ランダム,2026-09-10 04:01:19,2026-09-10 04:01:19,,,listing,2,50000,"⚠️購入される際はプライベート出品に切り替えますのでご報告ください
開場時刻20分前に集合し、同時入場後一度チケットを回収し、こちらで座席選択させていただきます。
座席選択に時間を頂きますが、チケットお渡しまではご自由に行動していただいて構いません。開演15分前までには必ずチケットをお渡ししますので催促等はおやめください。
また、購入者様は座席を選択できません。当方が指定した座席をお渡しいたします。お渡し後はサイチェンしていただいて構いません。
座席に関するクレームは一切お受けできません。
ランダム配布(すり替え)にご理解のある方のみご購入ください。
2枚でご購入いただいた場合必ず2連のチケットをお渡しいたします。
当日電波不慮の際にお電話での連絡が必要になる場合もございますので、当日会場で連絡可能な電話番号のご提示お願いいたします。
ご提示が難しい場合のご購入はお控えください。
当日こちらで用意した端末でQR表示し発券していただくため、持ち逃げ防止の為身分証を一時的にお預かりいたします。
身分証につきましては、こちらで用意した封筒に購入者様ご自身で封入していただき封をしていただきます。
トラブルがない限り封筒を開封し身分証を拝見することはございません。
入場後、端末とチケット回収の際すぐに身分証をお返しいたしますのでご協力よろしくお願いいたします。
主催者側による公演中止の場合に限り返金いたします。
出演者変更、交通機関の乱れによる遅刻、体調不良などのキャンセルなどいかなる理由におきましても返金致しかねますのでご了承ください。
購入いただいた時点で上記全て同意したとみなします。",True,2026-09
6w45iubpgt,,snowman-dome-tour-2026-2027-all-suite,2026-11-29,15:00,[愛知県] バンテリンドーム ナゴヤ,electronic,female,同行,み,5.0,,ランダム,2026-09-10 04:01:19,2026-09-10 04:01:19,,,listing,2,50000,"⚠️購入される際はプライベート出品に切り替えますのでご報告ください
開場時刻20分前に集合し、同時入場後一度チケットを回収し、こちらで座席選択させていただきます。
座席選択に時間を頂きますが、チケットお渡しまではご自由に行動していただいて構いません。開演15分前までには必ずチケットをお渡ししますので催促等はおやめください。
また、購入者様は座席を選択できません。当方が指定した座席をお渡しいたします。お渡し後はサイチェンしていただいて構いません。
座席に関するクレームは一切お受けできません。
ランダム配布(すり替え)にご理解のある方のみご購入ください。
2枚でご購入いただいた場合必ず2連のチケットをお渡しいたします。
当日電波不慮の際にお電話での連絡が必要になる場合もございますので、当日会場で連絡可能な電話番号のご提示お願いいたします。
ご提示が難しい場合のご購入はお控えください。
当日こちらで用意した端末でQR表示し発券していただくため、持ち逃げ防止の為身分証を一時的にお預かりいたします。
身分証につきましては、こちらで用意した封筒に購入者様ご自身で封入していただき封をしていただきます。
トラブルがない限り封筒を開封し身分証を拝見することはございません。
入場後、端末とチケット回収の際すぐに身分証をお返しいたしますのでご協力よろしくお願いいたします。
主催者側による公演中止の場合に限り返金いたします。
出演者変更、交通機関の乱れによる遅刻、体調不良などのキャンセルなどいかなる理由におきましても返金致しかねますのでご了承ください。
購入いただいた時点で上記全て同意したとみなします。",True,2026-09
3qchmoh3wt,,snowman-dome-tour-2026-2027-all-suite,2026-12-04,17:00,[福岡県] みずほPayPayドーム福岡,electronic,female,同時入場後ランダム配布,H,5.0,,同行ランダム,2026-09-10 04:01:19,2026-09-10 04:01:19,,,listing,1,30000,"ランダム配布をご理解いただけない方、以下の内容にご同意いただけない方は購入ご遠慮ください。
ご購入された場合は以下の内容に全て同意されているとみなしお取引いたします。
・開場30分前頃にこちらで指定した場所に集合し、同時入場します。入場後チケットを回収し一旦解散、開演5分前までに再度合流しチケットをお渡しします。再集合のためご連絡しますので購入後はメッセージにて電話番号のご提示お願いいたします。
・座席未定となりますので、入場ゲート、会員番号、名義数等の情報は一切お伝えいたしません。お渡しした座席に関するクレーム等もお受けいたしかねます。
・ご購入後、取引メッセージにてお名前(仮名可)と当日会場内で連絡がつく電話番号をご提示ください。
・入場の際、身分証明書を一時的にお預かりする可能性がありますので、ご了承の上ご持参ください。
・詳しい集合場所と時間は取引メッセージにてお伝えします。前日夕方から当日合流まではこまめにメッセージのご確認をお願いいたします。
・購入者様都合のキャンセルや返金はいかなる理由でもお受けできませんので、当日必ず参加できる方のみご購入ください。
・公演中止の場合のみ、手数料を差し引いた金額を返金いたします。 ランダムエラー、出演者変更等の公演中止以外一切の事由によるキャンセル、返金はお受けできません。また購入者様都合で遅刻された場合は先に入場しますが受取評価は行っていただきます。
・ご不明点がある場合は購入前にご質問ください。",True,2026-09
0wzxdnit9n,,snowman-dome-tour-2026-2027-all-suite,2026-12-04,17:00,[福岡県] みずほPayPayドーム福岡,electronic,female,入金後24時間以内にQRコード共有,A,5.0,,QR,2026-09-10 04:01:19,2026-09-10 04:01:19,,,listing,1,60000,"FC先行当選／座席未定/QR/有効期限内／重複すり替え無し／変更ボタン有／下3桁提示可／着ブロ希望無し
座席未定のため、お席に関するクレームは一切受け付けません。
体調不良、ランダムエラー、システムエラー、本人確認、交通機関による遅刻、出演者変更等いかなる場合も返金、キャンセル対応は受け付けません。
必ず受け取り評価はしていただきます。
公演中止の場合のみ送料、手数料を差し引いた金額を返金致します。
購入後は全ての内容に同意したものとみなします。
前日に必要な情報を連絡ボードにてご連絡します。入場後速やかに受取通知出来る方のみ購入ください",True,2026-09
tv6w3exv0a,,snowman-dome-tour-2026-2027-all-suite,2026-12-04,17:00,[福岡県] みずほPayPayドーム福岡,electronic,female,同時入場後ランダム配布,H,5.0,,同行ランダム,2026-09-10 04:01:19,2026-09-10 04:01:19,,,listing,1,30000,"ランダム配布をご理解いただけない方、以下の内容にご同意いただけない方は購入ご遠慮ください。
ご購入された場合は以下の内容に全て同意されているとみなしお取引いたします。
・開場30分前頃にこちらで指定した場所に集合し、同時入場します。入場後チケットを回収し一旦解散、開演5分前までに再度合流しチケットをお渡しします。再集合のためご連絡しますので購入後はメッセージにて電話番号のご提示お願いいたします。
・座席未定となりますので、入場ゲート、会員番号、名義数等の情報は一切お伝えいたしません。お渡しした座席に関するクレーム等もお受けいたしかねます。
・ご購入後、取引メッセージにてお名前(仮名可)と当日会場内で連絡がつく電話番号をご提示ください。
・入場の際、身分証明書を一時的にお預かりする可能性がありますので、ご了承の上ご持参ください。
・詳しい集合場所と時間は取引メッセージにてお伝えします。前日夕方から当日合流まではこまめにメッセージのご確認をお願いいたします。
・購入者様都合のキャンセルや返金はいかなる理由でもお受けできませんので、当日必ず参加できる方のみご購入ください。
・公演中止の場合のみ、手数料を差し引いた金額を返金いたします。 ランダムエラー、出演者変更等の公演中止以外一切の事由によるキャンセル、返金はお受けできません。また購入者様都合で遅刻された場合は先に入場しますが受取評価は行っていただきます。
・ご不明点がある場合は購入前にご質問ください。",True,2026-09
17l2nl22vj,,snowman-dome-tour-2026-2027-all-suite,2026-12-04,17:00,[福岡県] みずほPayPayドーム福岡,electronic,female,同時入場後ランダム配布,H,5.0,,同行ランダム,2026-09-10 04:01:19,2026-09-10 04:01:19,,,listing,2,30000,"ランダム配布をご理解いただけない方、以下の内容にご同意いただけない方は購入ご遠慮ください。
ご購入された場合は以下の内容に全て同意されているとみなしお取引いたします。
・開場30分前頃にこちらで指定した場所に集合し、同時入場します。入場後チケットを回収し一旦解散、開演5分前までに再度合流しチケットをお渡しします。再集合のためご連絡しますので購入後はメッセージにて電話番号のご提示お願いいたします。
・座席未定となりますので、入場ゲート、会員番号、名義数等の情報は一切お伝えいたしません。お渡しした座席に関するクレーム等もお受けいたしかねます。
・ご購入後、取引メッセージにてお名前(仮名可)と当日会場内で連絡がつく電話番号をご提示ください。
・入場の際、身分証明書を一時的にお預かりする可能性がありますので、ご了承の上ご持参ください。
・詳しい集合場所と時間は取引メッセージにてお伝えします。前日夕方から当日合流まではこまめにメッセージのご確認をお願いいたします。
・購入者様都合のキャンセルや返金はいかなる理由でもお受けできませんので、当日必ず参加できる方のみご購入ください。
・公演中止の場合のみ、手数料を差し引いた金額を返金いたします。 ランダムエラー、出演者変更等の公演中止以外一切の事由によるキャンセル、返金はお受けできません。また購入者様都合で遅刻された場合は先に入場しますが受取評価は行っていただきます。
・ご不明点がある場合は購入前にご質問ください。",True,2026-09
25hf3dd00h,,snowman-dome-tour-2026-2027-all-suite,2026-12-04,17:00,[福岡県] みずほPayPayドーム福岡,electronic,female,入金後24時間以内にQRコード共有,みお,5.0,,QR,2026-09-10 04:01:19,2026-09-10 04:01:19,,,listing,1,60000,"【チケット詳細】
QR毎／FC先行／下3桁掲示可／重複・すり替えなし／着ブロ選択なし／有効期限内名義／郵便物戻りなし
【お取引について】
・公演前日に、連絡ボードにてログイン情報をお伝えいたします。
・入場後は速やかにログアウトのうえ、受取通知をお願いいたします。
・入場後のお座席に関するクレームは一切お受けできません。
【返金について】
・公演中止の場合のみ、手数料を差し引いた金額を返金いたします。
・公演中止以外の理由（ランダムエラー、赤線エラー、本人確認、体調不良、天候等）による返金対応は一切いたしかねます。
・上記を含め、いかなる理由でご入場いただけなかった場合でも、受取通知をお願いいたしますので、あらかじめご了承ください。
【購入条件】
・成人女性かつ、日本語でのやり取りが可能な方のみご購入をお願いいたします。
・金額交渉可能です。ご希望額をご提示のうえ、お気軽にご相談ください。
上記すべてご了承いただける方のみ、ご購入をお願いいたします。",True,2026-09
s070x74nxz,,snowman-dome-tour-2026-2027-all-suite,2026-12-04,17:00,[福岡県] みずほPayPayドーム福岡,electronic,female,6名義中6番手,ユーザー名未設定,5.0,,番手,2026-09-10 04:01:19,2026-09-10 04:01:19,,,listing,2,40000,"同時入場し、座席を確認してからの配布となりますので入場後お時間をいただくことがあります。
こちらが指定した場所時間にて集合しチケットをお渡しいたします。
お渡ししたチケットへのクレームは一切受け付けません。
チケットを受け取り後目の前で、速やかに受け取り評価お願いしま
・ 開場15分前に会場付近で待ち合わせをし同時入場していただきます。
・詳しい待ち合わせ場所、時間等は追ってご連絡させて頂きます
・時間厳守でお願いいたします。
・万が一時間に遅れた場合は待たずに先に入場することもございますがその際にも受け取り評価はしていただきます。
・入場時連番相手の方と別々に入場していただく場合もありますが、必ず連番でお渡しいたします。
・公演中止以外のいかなる理由（システムエラー、体調不良、遅対など）でも返金対応は致しかねます。
・ 20歳以上の日本人女性のみ対応いたします
以上をご理解頂けましたら購入お願いいたします。",True,2026-09
321zvul5vh,,snowman-dome-tour-2026-2027-all-suite,2026-12-04,17:00,[福岡県] みずほPayPayドーム福岡,electronic,female,入金後24時間以内にQRコード共有,A,5.0,,QR,2026-09-10 04:01:19,2026-09-10 04:01:19,,,listing,1,60000,"FC先行当選／座席未定/QR/有効期限内／重複すり替え無し／変更ボタン有／下3桁提示可／着ブロ希望無し
座席未定のため、お席に関するクレームは一切受け付けません。
体調不良、ランダムエラー、システムエラー、本人確認、交通機関による遅刻、出演者変更等いかなる場合も返金、キャンセル対応は受け付けません。
必ず受け取り評価はしていただきます。
公演中止の場合のみ送料、手数料を差し引いた金額を返金致します。
購入後は全ての内容に同意したものとみなします。
前日に必要な情報を連絡ボードにてご連絡します。入場後速やかに受取通知出来る方のみ購入ください",True,2026-09
zcdkjeyw0b,,snowman-dome-tour-2026-2027-all-suite,2026-12-04,17:00,[福岡県] みずほPayPayドーム福岡,electronic,female,同時入場,ユーザー名未設定,5.0,,ランダム,2026-09-10 04:01:19,2026-09-10 04:01:19,,,listing,2,40000,"FC先行/初期当選/有効期限内/ランダム配布
・開場 15分前を目安に会場付近で待ち合わせ、その後同時入場していただきます。詳しい待ち合わせ時間、場所等は前日夜ゲートが分かり次第連絡ボードにて連絡いたします。電車の遅延等いかなる理由でも遅れた場合は先に入場致しますが、その際も受け取り連絡はしていただきます
・ランダム配布となり、買い手様に座席の選択権はございません。入場後は一度チケットを回収し一旦解散とさせて頂き、遅くとも開演10分前までにチケットをお渡しいたします。その際電話でご連絡いたしますので、事前に名前（ニックネーム可）、電話番号を連絡ボードにてお聞きいたします。チケットお渡しまでお時間を頂きますが、ご了承ください。座席に関するクレームは一切お受けできません。またチケットを渡した際に受け取り連絡をして頂きます
・連番で購入された際は必ず2枚連番のお席をお渡ししますが、入場時のみ分かれて頂く可能性がございま
す
・公演中止の場合のみ手数料を差し引いた金額を返金致します。その他体調不良、遅刻、ランダムエラー等いかなる理由があっても返金はできません
・日本語の通じる女性の方のみ購入をお願いいたします",True,2026-09
2ifmsjgmww,,snowman-dome-tour-2026-2027-all-suite,2026-12-04,17:00,[福岡県] みずほPayPayドーム福岡,electronic,female,同時入場,ユーザー名未設定,5.0,,ランダム,2026-09-10 04:01:19,2026-09-10 04:01:19,,,listing,2,40000,"FC先行/初期当選/有効期限内/ランダム配布
・開場 15分前を目安に会場付近で待ち合わせ、その後同時入場していただきます。詳しい待ち合わせ時間、場所等は前日夜ゲートが分かり次第連絡ボードにて連絡いたします。電車の遅延等いかなる理由でも遅れた場合は先に入場致しますが、その際も受け取り連絡はしていただきます
・ランダム配布となり、買い手様に座席の選択権はございません。入場後は一度チケットを回収し一旦解散とさせて頂き、遅くとも開演10分前までにチケットをお渡しいたします。その際電話でご連絡いたしますので、事前に名前（ニックネーム可）、電話番号を連絡ボードにてお聞きいたします。チケットお渡しまでお時間を頂きますが、ご了承ください。座席に関するクレームは一切お受けできません。またチケットを渡した際に受け取り連絡をして頂きます
・連番で購入された際は必ず2枚連番のお席をお渡ししますが、入場時のみ分かれて頂く可能性がございま
す
・公演中止の場合のみ手数料を差し引いた金額を返金致します。その他体調不良、遅刻、ランダムエラー等いかなる理由があっても返金はできません
・日本語の通じる女性の方のみ購入をお願いいたします",True,2026-09
vifiic5tdc,,snowman-dome-tour-2026-2027-all-suite,2026-12-05,17:00,[福岡県] みずほPayPayドーム福岡,electronic,female,入金後24時間以内にQRコード共有,A,5.0,,QR,2026-09-10 04:01:19,2026-09-10 04:01:19,,,listing,1,60000,"FC先行当選／座席未定/QR/有効期限内／重複すり替え無し／変更ボタン有／下3桁提示可／着ブロ希望無し
座席未定のため、お席に関するクレームは一切受け付けません。
体調不良、ランダムエラー、システムエラー、本人確認、交通機関による遅刻、出演者変更等いかなる場合も返金、キャンセル対応は受け付けません。
必ず受け取り評価はしていただきます。
公演中止の場合のみ送料、手数料を差し引いた金額を返金致します。
購入後は全ての内容に同意したものとみなします。
前日に必要な情報を連絡ボードにてご連絡します。入場後速やかに受取通知出来る方のみ購入ください",True,2026-09
53c1poj2hg,,snowman-dome-tour-2026-2027-all-suite,2026-12-05,17:00,[福岡県] みずほPayPayドーム福岡,electronic,male,公演前日QRコード共有,na.,5.0,,QR,2026-09-10 04:01:19,2026-09-10 04:01:19,,,listing,2,65000,"QR/初期当選/重複すり替えなし/有効期限内名義/下3桁掲示可能/発送物戻りなし/着ブロ希望なし
・公演当日に連絡ボードにてログイン情報をお知らせします
・同意チェックはこちらで行います。
・赤線エラー等が表示された場合も返金対応はいたしません
・座席に関するクレームは一切受け付けません
・公演中止の場合のみ手数料を差し引いた金額を返金いたします
・体調不良、出演者変更、システムエラー、本人確認、公演中止以外のいかなる場合も返金対応はいたしません
・成人女性で、日本語可能の方のみご購入よろしくお願いいたします
ご購入いただいた時点で上記のすべてにご了承いただいたものとみなします",True,2026-09
j9p2w637at,,snowman-dome-tour-2026-2027-all-suite,2026-12-06,16:00,[福岡県] みずほPayPayドーム福岡,electronic,female,同行,ひ,5.0,,ランダム,2026-09-10 04:01:19,2026-09-10 04:01:19,,,listing,2,35000,"ランダムでのお譲りになります。
同時入場後、チケットを回収し、開演15分前目処に再集合、チケットお渡しいたします。
・お席に対するクレーム、要望一切受け付けません。 ランダムの意味を理解されていない方、日本語の通じない方は購入ご遠慮ください。
・公演中止以外(体調不良、予定変更、ランダムエラー)での返金一切不可。
・チケットをお渡ししたらその場で必ず受け取り通知連絡をして頂きます。
・遅刻厳禁でお願いいたします。交通機関の遅延等いかなる理由でもお待ちできませんので、集合場所へは余裕を持って到着するようご協力お願い致します。なお大幅に遅刻された場合は先に入場しますが、受取連絡はしていただきます。
・入場時、QRコード表示のために携帯端末をお借りする場合がございます。その際に公的な身分証をお預かりする場合がございますので、ご持参ください。入場後、チケット回収するタイミングで身分証はお返しいたします。
上記全て同意いただける日本人女性のみご購入ください。 購入された時点で全て同意いただいたものとみなします。",True,2026-09
4pgwaywv0h,,snowman-dome-tour-2026-2027-all-suite,2026-12-06,16:00,[福岡県] みずほPayPayドーム福岡,electronic,female,同行,ひ,5.0,,ランダム,2026-09-10 04:01:19,2026-09-10 04:01:19,,,listing,2,35000,"ランダムでのお譲りになります。
同時入場後、チケットを回収し、開演15分前目処に再集合、チケットお渡しいたします。
・お席に対するクレーム、要望一切受け付けません。 ランダムの意味を理解されていない方、日本語の通じない方は購入ご遠慮ください。
・公演中止以外(体調不良、予定変更、ランダムエラー)での返金一切不可。
・チケットをお渡ししたらその場で必ず受け取り通知連絡をして頂きます。
・遅刻厳禁でお願いいたします。交通機関の遅延等いかなる理由でもお待ちできませんので、集合場所へは余裕を持って到着するようご協力お願い致します。なお大幅に遅刻された場合は先に入場しますが、受取連絡はしていただきます。
・入場時、QRコード表示のために携帯端末をお借りする場合がございます。その際に公的な身分証をお預かりする場合がございますので、ご持参ください。入場後、チケット回収するタイミングで身分証はお返しいたします。
上記全て同意いただける日本人女性のみご購入ください。 購入された時点で全て同意いただいたものとみなします。",True,2026-09
635zecad0c,,snowman-dome-tour-2026-2027-all-suite,2026-12-06,16:00,[福岡県] みずほPayPayドーム福岡,electronic,female,同行,め,5.0,,QR同行番手,2026-09-10 04:01:19,2026-09-10 04:01:19,,,listing,2,70000,"ファンクラブ先行/すり替えなし/有効期限内/初期当選/該当名義/下3桁提示可/2名義中2番手同行
公演当日、会場付近にて待ち合わせし同時入場していただきます。
詳しい待ち合わせ時間・場所等は、公演日前日にマイページの連絡ボードでお伝えいたします。
座席に関するクレームは一切受け付けません。
公演中止の場合のみ手数料を引いた額を返金します。
ランダムエラーや本確、出演者の変更、公共交通機関の乱れ等での返金対応は致しかねます。
買い手様都合によるキャンセルはできません。
集合時間に遅れた場合は先に入場いたしますが、受取評価はしていただきます。
入場後、当方が選ばなかった名義のチケットをお渡しいたします。チケットお渡し後、速やかにその場で受け取り連絡をお願いいたします。
当日までこまめに連絡を取り合える、日本語の通じる成人女性のみご購入をお願いいたします。代理での購入はご遠慮ください。
その他ご不明点はマイページの連絡ボードにてお願いいたします。",True,2026-09
di054g7ur4,,snowman-dome-tour-2026-2027-all-suite,2026-12-23,17:00,東京ドーム,electronic,female,同行,R,5.0,,,2026-09-10 04:01:19,2026-09-10 04:01:19,,,listing,1,78000,"単番2名義中2番手/下3桁提示可/有効期限内/郵送物戻り無し/どちらも初当選
開場時間の20分前に集合し同時入場して頂きます。入場後は座席確認次第チケットをお渡しいたしますのでその場で受取通知をお願いいたします。座席についてのクレームは受け付けません。公演中止の場合のみ返金致します。",True,2026-09
fkrhq2lctm,,snowman-dome-tour-2026-2027-all-suite,2026-12-23,17:00,東京ドーム,electronic,female,同行,A,5.0,,ランダム,2026-09-10 04:01:19,2026-09-10 04:01:19,,,listing,2,50000,"※入場時ランダムエラーで入場出来なかった場合のみ定価手数料を引いた金額を返金いたします。
※複数名義所持しておりますので、ランダム配布となります。名義数の開示は不可となりますが、大人数での行動はしません。
お席はお選びいただけません。座席に関するご希望やクレーム等には対応出来かねますのでご了承ください。
※座席確認するまでに少々お時間を頂きます。開演までにはチケットをお渡し致します。
※お待ち合わせの為に電話番号を交換可能の方でお願いします。
※連番でご購入の場合、入場時お連れ様と別々でご入場いただく場合がございますがチケットは必ず2連番でお渡し致します。
※開場時間に会場付近の指定場所で待ち合わせ出来る方でお願いします。
※理由問わず待ち合わせ時間への大幅な遅刻、待ち合わせ時間を過ぎているのに連絡がない場合はご入場頂けない場合がございますが、受け取り通知はして頂き返金は致しません。
※公演中止の際は手数料引いた全額返金致します。
※こまめに連絡の取れる方でお願いします。
※QRコードにご理解のある日本語の分かる方がご購入お願いします。",True,2026-09
te1ufka0ln,,snowman-dome-tour-2026-2027-all-suite,2026-12-23,17:00,東京ドーム,electronic,female,同行,り,5.0,,ランダム,2026-09-10 04:01:19,2026-09-10 04:01:19,,,listing,2,48000,"ランダム配布
複数当選のため、ランダムでの配布になります。開場30分前に会場付近で待ち合わせし、同時入場していただきます。
ご入金後、当日連絡の取れる電話番号をお送り下さい。
入場後にチケットを回収させていただき、開演5~10分前までにチケットをお渡しいたします。
購入者様に座席選択権はございません。
入場の際にQRコード表示にご協力をお願いする場合がございます。
持ち逃げ防止のため、公的身分証を封筒に入れお預かりさせていただきます。お預かりした身分証は必ずチケットのお渡し時にご返却させていただきます。
交通機関の遅延、遅刻等いかなる場合でも、開場時間10分を過ぎた場合には先に入場させていただきます。その際も返金は一切対応出来ません。
受取連絡をお願いしますので、当日お時間に余裕がある方のみご購入下さい。詳しい時間、場所は前日メッセージボードからお伝えいたします。
公演中止の場合を除き、本人確認による入場不可、ランダムエラー等、いかなる場合もキャンセル・返金対応は致しかねますのでご了承ください。
トラブル防止の観点から、スムーズにやりとり出来る方、上記を全てご理解頂ける日本人の成人女性のみご購入をお願い致します。",True,2026-09
31foizovxm,,snowman-dome-tour-2026-2027-all-suite,2026-12-24,17:00,東京ドーム,electronic,none,同行,Ru,5.0,,番手,2026-09-10 04:01:19,2026-09-10 04:01:19,,,listing,2,80000,"2名義中2番手/初期当選/期限内/すり替えなし/下3桁提示可
開場20-30分前に会場周辺にて集合予定。
入場後一度チケットをすべて回収し、選ばなかった席をお渡しします。座席選択権はございません。
ランダムエラー、交通機関の乱れ、体調不良、出演者変更、本人確認があった場合などいかなる場合でも返金キャンセル不可となります。
！！ランダムエラー時に返金対応を求める方はチケテンの入場保証をご利用ください！！
15分以上の遅刻は待たずに入場します。その際も受取評価は必ずお願いします。
公演中止の場合のみ手数料を差し引いた額を返金いたします。",True,2026-09
6zp50wdq01,,snowman-dome-tour-2026-2027-all-suite,2026-12-24,17:00,東京ドーム,electronic,female,公演前日にログイン情報を共有,め,4.2,,QR,2026-09-10 04:01:19,2026-09-10 04:01:19,,,listing,1,140000,"初期当選/女性名義/下3桁提示可/有効期限内/重複すり替えなし
公演日前日にログイン情報を共有いたします。
当日は入場後速やかにログアウトし、開演前までに必ず受け取り評価をお願いいたします。
座席に関するクレーム、返金は一切受け付けません。
公演中止の場合のみ手数料を引いた金額を返金致します。体調不良、交通機関の乱れ、メンバー不在、本人確認、ランダムエラー等、如何なる場合でも必ず受け取り評価はしていただきます。
買い手様都合のキャンセルは一切不可といたします。
購入された時点でこちらの内容のものを同意したこととします。",True,2026-09
q6hg3vr7xr,,snowman-dome-tour-2026-2027-all-suite,2026-12-24,17:00,東京ドーム,electronic,female,公演前日QRコード共有,くろ,5.0,,ランダム記載あり,2026-09-10 04:01:19,2026-09-10 04:01:19,,,listing,1,99000,"QRごと／初期当選／有効期限内名義／下3桁提示可能／同一クレカ支払いなし／郵送物戻りなし／着ブロ希望なし
QRごとのお譲りです。
前日にQR表示に必要な情報をお伝えいたします。事前に会員番号下3桁のご提示可能です。
ログイン後QR表示に必要な操作以外はお控えください。
入場後は速やかにログアウトし、受取連絡をお願いいたします。
公演中止の場合に限り、手数料を差し引いた金額を返金いたします。
公演中止以外の如何なる理由(メンバー不在、ランダムエラー、本人確認、体調不良、交通機関の乱れ等)でも返金やクレーム対応はいたしかねます。
当日まで座席未定のため、ステージが遠かった等お座席に対するクレーム、またそれに伴う返金対応には応じかねます。
迅速な対応ができる20歳以上の日本人女性のみのご購入をお願いいたします。
ご購入いただいた時点で上記を全てご了承いただいたものとみなします。",True,2026-09
fvp8pwlkxf,,snowman-dome-tour-2026-2027-all-suite,2026-12-24,17:00,東京ドーム,electronic,female,QR毎 FC先行 初期当選 すり替えなし 下3桁提示可能着ブロ希望なし 有効期限内 郵便物戻りなし,💫,5.0,,QR,2026-09-10 04:01:19,2026-09-10 04:01:19,,,listing,2,130000,"公演日前日にログイン情報を共有いたします。
当日は入場後速やかにログアウトし、開演前までに必ず受け取り評価をお願いいたします。
座席に関するクレーム、返金は一切受け付けません。
公演中止の場合のみ手数料を引いた金額を返金致します。体調不良、交通機関の乱れ、メンバー不在、本人確認、ランダムエラー等、如何なる場合でも必ず受け取り評価はしていただきます。
買い手様都合のキャンセルは一切不可といたします。
購入された時点でこちらの内容のものを同意したこととします。",True,2026-09
l8rpgbrftl,,snowman-dome-tour-2026-2027-all-suite,2026-12-24,17:00,東京ドーム,electronic,female,2名義中2番手 2枚連番,WA,5.0,,,2026-09-10 04:01:19,2026-09-10 04:01:19,,,listing,2,65000,"すり替え無し、会員番号下3桁の提示可能です。
・発券時に連番相手と別れたペアになり入場していただく可能性がありますのでご了承ください。
・2番手(2名義目)のチケットです。入場後はチケットを回収し、こちらが座席を選んだ後にチケットをお渡しします。
・チケットは必ず券面を見ずにこちらにお渡しください。
「入場完了」通知をこちらが確認した後にチケットをお渡しします。
・こちらが座席を選んでいる間はお待ちいただくことになりますのでご了承ください。
・チケットが手元にない状態で会場を出ますと再入場不可となり、チケットをお渡しできませんのでご注意ください。
・指定ゲート以外からの入場が不可の場合、連番相手と別れて入場していただき、会場内で合流いたします。",True,2026-09
up40dpr03k,,snowman-dome-tour-2026-2027-all-suite,2026-12-24,17:00,東京ドーム,electronic,female,公演日前日までにログイン情報共有,Y,5.0,,QR,2026-09-10 04:01:19,2026-09-10 04:01:19,,,listing,1,0,"即11
ログイン情報は前日にお伝えします。
入場後は速やかにログアウトお願いいたします。(ログアウトスクショお願いいたします。)
FC先行/初期当選/QRのお譲り/購入後下3桁提示可/すり替え重複なし/有効期限内/郵便物戻りなし/着ブロ指定なし
公演中止の際は、手数料を差し引いた金額のみご返金させて頂きます。
公演中止以外（座席のクレーム、体調不良、出演者変更、ランダムエラー、赤線エラー等の理由）は、如何なる場合も返金致しませんのでご了承ください。
以上の事項を全てご理解頂きご購入ください。",True,2026-09
ef6vk3trtz,,snowman-dome-tour-2026-2027-all-suite,2026-12-24,17:00,東京ドーム,electronic,female,公演当日ログイン情報提示,u,5.0,,QR,2026-09-10 04:01:19,2026-09-10 04:01:19,,,listing,1,155555,"QR毎/重複すり替えなし/有効期限内名義/下3桁掲示可能/発送物戻りなし/着ブロ希望なし
・公演当日に連絡ボードにてログイン情報をお知らせいたします
・同意チェックはご購入者様にてお願いいたします
・赤線エラー等が表示された場合も返金対応はいたしません
・座席に関するクレームは一切受け付けません
・公演中止の場合のみ手数料を差し引いた金額を返金いたします
・公演中止以外（座席のクレーム、体調不良、出演者変更、ランダムエラー、赤線エラー等の理由）は、如何なる場合も返金致しませんのでご了承ください。
・成人女性で、日本語可能の方のみご購入よろしくお願いいたします
ご購入いただいた時点で上記のすべてにご了承いただいたものとみなします",True,2026-09
jfwec2rehd,,snowman-dome-tour-2026-2027-all-suite,2026-12-25,17:00,東京ドーム,electronic,female,少数ランダム,あ,5.0,,ランダム同行,2026-09-10 04:01:19,2026-09-10 04:01:19,,,listing,1,32000,"ランダム配布を理解されている方、以下の内容に同意頂ける方のみご購入ください。
ご購入頂いた場合は、以下の内容に全て同意頂けているとみなし、お取引いたします。
開場20分前頃に会場付近に集合して頂き、同時入場して頂きます。入場後チケットを回収し一旦解散します。開演5分前までにこちらから連絡しますので、再度合流しチケットをお渡し後、こちらの受け取りをして頂きます。
座席未定となりますので、入場ゲート、会員番号、名義数等の情報は一切開示できません。
座席に関するクレーム等もお受けいたしかねます。
ご購入後、取引メッセージにてお名前(仮名可)と当日会場内で連絡がつく電話番号をお送りください。
入場の際に、身分証明書を一時的にお預かりする可能性がありますので、ご了承の上ご持参ください。
詳しい集合場所と時間は、前日または当日に取引メッセージにてお伝えします。当日こまめな連絡に対応して頂ける方、余裕を持って会場にお越しできる方でお願いいたします。いかなる理由でも遅刻された場合は、先に入場いたします。
購入者様都合のキャンセルや返金はいかなる理由でもお受けできませんので、当日必ず参加できる方のみご購入ください。
公演中止の場合のみ、手数料を差し引いた金額を返金いたします。 ランダムエラー、出演者変更等の公演中止以外一切の事由によるキャンセル、返金はお受けできません。",True,2026-09
zf6slx9zde,,snowman-dome-tour-2026-2027-all-suite,2026-12-25,17:00,東京ドーム,electronic,female,公演前日にログイン情報共有,R,5.0,,QR,2026-09-10 04:01:19,2026-09-10 04:01:19,,,listing,1,100000,"QRごと/下3桁提示可/初期当選/有効期限内/着ブロなし/発送物戻りなし
・公演日前日にログインに必要な情報を連絡ボードにてお伝えいたします。
・入場後は速やかにログアウトをし、受取連絡をお願い致します。
・電子チケットのため、当日入場し発券するまで座席末定ですので如何なる場合も座席のクレーム等一切受け付けません。
・代理購入はトラブルの原因となりますのでおやめください。
・体調不良・遅刻・メンバー不在・機材不良・ランダムエラー・赤線エラー等で入場できなかった場合でも、キャンセル及び返金は一切受け付けません。必ず受取通知を行っていただきますので、予めご了承ください。主催者側の判断による公演中止の場合のみ規約に則り返金致します。
落札した時点で上記条件全てご確認、ご了承の上ご購入をお願いいたします。",True,2026-09
kdjijoh2zo,,snowman-dome-tour-2026-2027-all-suite,2026-12-25,17:00,東京ドーム,electronic,female,公演前日までにログイン情報共有,N♡,5.0,,QR,2026-09-10 04:01:19,2026-09-10 04:01:19,,,listing,1,100000,"QR毎/有効期限内/初期当選/下3桁提示可/着ブロ無/郵送物戻り無
・公演前日までに必要事項お伝えさせていただきます。
・座席に関するクレームは一切受け付けておりません。
・取引に不安のある方の購入はお控えください。
・ランダムエラー等如何なる場合であっても返金致しかねます。
・公演中止の場合のみ、規約に基づき返金対応いたします。
・入場後は速やかにログアウト、受け取りお願いいたします。",True,2026-09
4oj6w0y57x,,snowman-dome-tour-2026-2027-all-suite,2026-12-25,17:00,東京ドーム,electronic,female,少数ランダム,あ,5.0,,ランダム同行,2026-09-10 04:01:19,2026-09-10 04:01:19,,,listing,1,33000,"ランダム配布を理解されている方、以下の内容に同意頂ける方のみご購入ください。
ご購入頂いた場合は、以下の内容に全て同意頂けているとみなし、お取引いたします。
開場20分前頃に会場付近に集合して頂き、同時入場して頂きます。入場後チケットを回収し一旦解散します。開演5分前までにこちらから連絡しますので、再度合流しチケットをお渡し後、こちらの受け取りをして頂きます。
座席未定となりますので、入場ゲート、会員番号、名義数等の情報は一切開示できません。
座席に関するクレーム等もお受けいたしかねます。
ご購入後、取引メッセージにてお名前(仮名可)と当日会場内で連絡がつく電話番号をお送りください。
入場の際に、身分証明書を一時的にお預かりする可能性がありますので、ご了承の上ご持参ください。
詳しい集合場所と時間は、前日または当日に取引メッセージにてお伝えします。当日こまめな連絡に対応して頂ける方、余裕を持って会場にお越しできる方でお願いいたします。いかなる理由でも遅刻された場合は、先に入場いたします。
購入者様都合のキャンセルや返金はいかなる理由でもお受けできませんので、当日必ず参加できる方のみご購入ください。
公演中止の場合のみ、手数料を差し引いた金額を返金いたします。 ランダムエラー、出演者変更等の公演中止以外一切の事由によるキャンセル、返金はお受けできません。",True,2026-09
ggjp2xzofr,,snowman-dome-tour-2026-2027-all-suite,2026-12-25,17:00,東京ドーム,electronic,female,公演日当日にQRコード共有,ma,5.0,,QR,2026-09-10 04:01:19,2026-09-10 04:01:19,,,listing,2,0,"重複すり替え無し/初期当選/QR毎/有効期限内/郵送物戻りなし/下3桁提示可
QRごとでのお譲りとなります。
公演日前日までにログイン情報をお伝えいたします。
同行者登録はこちらでさせて頂きます。
公演当日、入場後速やかに受取連絡とログアウトを必ずお願いいたします。名義情報の閲覧、書き換えなど一切おやめください。
公演中止の場合のみ、手数料を差し引いた金額を返金させていただきます。
公演中止以外（ランダムエラー、本人確認、体調不良等）の返金は一切出来ません。いかなる理由でも受取通知していただきますのでご了承ください。
上記を了承していただける20歳以上の日本語の分かる女性のみご購入をお願いいたします。",True,2026-09
hfw4dyvmhs,,snowman-dome-tour-2026-2027-all-suite,2026-12-25,17:00,東京ドーム,electronic,female,少数ランダム,あ,5.0,,ランダム同行,2026-09-10 04:01:19,2026-09-10 04:01:19,,,listing,1,34000,"ランダム配布を理解されている方、以下の内容に同意頂ける方のみご購入ください。
ご購入頂いた場合は、以下の内容に全て同意頂けているとみなし、お取引いたします。
開場20分前頃に会場付近に集合して頂き、同時入場して頂きます。入場後チケットを回収し一旦解散します。開演5分前までにこちらから連絡しますので、再度合流しチケットをお渡し後、こちらの受け取りをして頂きます。
座席未定となりますので、入場ゲート、会員番号、名義数等の情報は一切開示できません。
座席に関するクレーム等もお受けいたしかねます。
ご購入後、取引メッセージにてお名前(仮名可)と当日会場内で連絡がつく電話番号をお送りください。
入場の際に、身分証明書を一時的にお預かりする可能性がありますので、ご了承の上ご持参ください。
詳しい集合場所と時間は、前日または当日に取引メッセージにてお伝えします。当日こまめな連絡に対応して頂ける方、余裕を持って会場にお越しできる方でお願いいたします。いかなる理由でも遅刻された場合は、先に入場いたします。
購入者様都合のキャンセルや返金はいかなる理由でもお受けできませんので、当日必ず参加できる方のみご購入ください。
公演中止の場合のみ、手数料を差し引いた金額を返金いたします。 ランダムエラー、出演者変更等の公演中止以外一切の事由によるキャンセル、返金はお受けできません。",True,2026-09
jhmzm6qf94,,snowman-dome-tour-2026-2027-all-suite,2026-12-25,17:00,東京ドーム,electronic,female,公演前日にQRコード共有,R,5.0,,QR,2026-09-10 04:01:19,2026-09-10 04:01:19,,,listing,2,150000,"QR毎/下3桁提示可/有効期限内/重複 すり替えなし/発送物戻り無し
QR毎のお譲りになります。
・公演前日に同行者のチェックしてからログイン情報をお伝えします。
・代表チェックはご自身で行ってください。
・入場しましたら速やかに受け取り通知ををお願いいたします。
・ご希望があれば下3桁お伝えしますのでご連絡ください。
公演中止のみ返金致します。
ランダムエラー 本人確認、 遅延、体調不良等いかなる理由でもキャンセル 返金できません。
ご不安な方はチケテンの入場保証をご利用ください。",True,2026-09
pa4g49h87u,,snowman-dome-tour-2026-2027-all-suite,2026-12-25,17:00,東京ドーム,electronic,female,公演前日にQRコード共有,くろ,5.0,,ランダム記載あり,2026-09-10 04:01:19,2026-09-10 04:01:19,,,listing,1,99000,"QRごと／初期当選／有効期限内名義／下3桁提示可能／同一クレカ支払いなし／郵送物戻りなし／着ブロ希望なし
QRごとのお譲りです。
前日にQR表示に必要な情報をお伝えいたします。
事前に会員番号下3桁のご提示可能です。
ログイン後QR表示に必要な操作以外はお控えください。
入場後は速やかにログアウトし、受取連絡をお願いいたします。
公演中止の場合に限り、手数料を差し引いた金額を返金いたします。
公演中止以外の如何なる理由(メンバー不在、ランダムエラー、本人確認、体調不良、交通機関の乱れ等)でも返金やクレーム対応はいたしかねます。
当日まで座席未定のため、ステージが遠かった等お座席に対するクレーム、またそれに伴う返金対応には応じかねます。
迅速な対応ができる20歳以上の日本人女性のみのご購入をお願いいたします。
ご購入いただいた時点で上記を全てご了承いただいたものとみなします。",True,2026-09
4kgfrdo2qe,,snowman-dome-tour-2026-2027-all-suite,2026-12-25,17:00,東京ドーム,electronic,female,公演日前日までにQRコード共有,T,5.0,,QR,2026-09-10 04:01:19,2026-09-10 04:01:19,,,listing,1,160000,"QR毎/初期当選/下3桁提示/有効期間内/過去エラー郵送戻りなし
名義作成後、初当選となります。
公演前日に連絡ボードにてログイン情報をお伝えいたします。
ご希望であれば下3桁の提示可能。
入場後は速やかに受取評価、ログアウトをお願いいたします。
体調不良、交通機関などの乱れによる遅刻、システムエラー、本人確認などの如何なる理由での入場不可だった場合でも受取評価を必ずしていただきます。
公演中止の際のみ手数料を差し引いた金額を返金いたします。",True,2026-09
huv59w6ece,,snowman-dome-tour-2026-2027-all-suite,2026-12-26,16:00,東京ドーム,electronic,female,同行,み,5.0,,ランダム,2026-09-10 04:01:19,2026-09-10 04:01:19,,,listing,2,50000,"⚠️購入される際はプライベート出品に切り替えますのでご報告ください
開場時刻20分前に集合し、同時入場後一度チケットを回収し、こちらで座席選択させていただきます。
座席選択に時間を頂きますが、チケットお渡しまではご自由に行動していただいて構いません。開演15分前までには必ずチケットをお渡ししますので催促等はおやめください。
また、購入者様は座席を選択できません。当方が指定した座席をお渡しいたします。お渡し後はサイチェンしていただいて構いません。
座席に関するクレームは一切お受けできません。
ランダム配布(すり替え)にご理解のある方のみご購入ください。
2枚でご購入いただいた場合必ず2連のチケットをお渡しいたします。
当日電波不慮の際にお電話での連絡が必要になる場合もございますので、当日会場で連絡可能な電話番号のご提示お願いいたします。
ご提示が難しい場合のご購入はお控えください。
当日こちらで用意した端末でQR表示し発券していただくため、持ち逃げ防止の為身分証を一時的にお預かりいたします。
身分証につきましては、こちらで用意した封筒に購入者様ご自身で封入していただき封をしていただきます。
トラブルがない限り封筒を開封し身分証を拝見することはございません。
入場後、端末とチケット回収の際すぐに身分証をお返しいたしますのでご協力よろしくお願いいたします。
主催者側による公演中止の場合に限り返金いたします。
出演者変更、交通機関の乱れによる遅刻、体調不良などのキャンセルなどいかなる理由におきましても返金致しかねますのでご了承ください。
購入いただいた時点で上記全て同意したとみなします。",True,2026-09
hwzphbpnot,,snowman-dome-tour-2026-2027-all-suite,2026-12-26,16:00,東京ドーム,electronic,female,少数ランダム,あ,5.0,,ランダム同行,2026-09-10 04:01:19,2026-09-10 04:01:19,,,listing,1,45000,"ランダム配布を理解されている方、以下の内容に同意頂ける方のみご購入ください。
ご購入頂いた場合は、以下の内容に全て同意頂けているとみなし、お取引いたします。
開場20分前頃に会場付近に集合して頂き、同時入場して頂きます。入場後チケットを回収し一旦解散します。開演5分前までにこちらから連絡しますので、再度合流しチケットをお渡し後、こちらの受け取りをして頂きます。
座席未定となりますので、入場ゲート、会員番号、名義数等の情報は一切開示できません。
座席に関するクレーム等もお受けいたしかねます。
ご購入後、取引メッセージにてお名前(仮名可)と当日会場内で連絡がつく電話番号をお送りください。
入場の際に、身分証明書を一時的にお預かりする可能性がありますので、ご了承の上ご持参ください。
詳しい集合場所と時間は、前日または当日に取引メッセージにてお伝えします。当日こまめな連絡に対応して頂ける方、余裕を持って会場にお越しできる方でお願いいたします。いかなる理由でも遅刻された場合は、先に入場いたします。
購入者様都合のキャンセルや返金はいかなる理由でもお受けできませんので、当日必ず参加できる方のみご購入ください。
公演中止の場合のみ、手数料を差し引いた金額を返金いたします。 ランダムエラー、出演者変更等の公演中止以外一切の事由によるキャンセル、返金はお受けできません。",True,2026-09
ledndm4ss1,,snowman-dome-tour-2026-2027-all-suite,2026-12-26,16:00,東京ドーム,electronic,female,少数ランダム,あ,5.0,,ランダム同行,2026-09-10 04:01:19,2026-09-10 04:01:19,,,listing,1,44000,"ランダム配布を理解されている方、以下の内容に同意頂ける方のみご購入ください。
ご購入頂いた場合は、以下の内容に全て同意頂けているとみなし、お取引いたします。
開場20分前頃に会場付近に集合して頂き、同時入場して頂きます。入場後チケットを回収し一旦解散します。開演5分前までにこちらから連絡しますので、再度合流しチケットをお渡し後、こちらの受け取りをして頂きます。
座席未定となりますので、入場ゲート、会員番号、名義数等の情報は一切開示できません。
座席に関するクレーム等もお受けいたしかねます。
ご購入後、取引メッセージにてお名前(仮名可)と当日会場内で連絡がつく電話番号をお送りください。
入場の際に、身分証明書を一時的にお預かりする可能性がありますので、ご了承の上ご持参ください。
詳しい集合場所と時間は、前日または当日に取引メッセージにてお伝えします。当日こまめな連絡に対応して頂ける方、余裕を持って会場にお越しできる方でお願いいたします。いかなる理由でも遅刻された場合は、先に入場いたします。
購入者様都合のキャンセルや返金はいかなる理由でもお受けできませんので、当日必ず参加できる方のみご購入ください。
公演中止の場合のみ、手数料を差し引いた金額を返金いたします。 ランダムエラー、出演者変更等の公演中止以外一切の事由によるキャンセル、返金はお受けできません。",True,2026-09
0kmgbnb3tu,,snowman-dome-tour-2026-2027-all-suite,2026-12-26,16:00,東京ドーム,electronic,female,同行,T,5.0,,番手,2026-09-10 04:01:19,2026-09-10 04:01:19,,,listing,2,0,5名義中の1番手同行,True,2026-09
x2f6wf8w09,,snowman-dome-tour-2026-2027-all-suite,2026-12-26,16:00,東京ドーム,electronic,female,同行,まつ,5.0,,ランダム,2026-09-10 04:01:19,2026-09-10 04:01:19,,,listing,1,60000,"少人数ランダム。公演当日、開場15分前頃に会場付近にて待ち合わせをし、同時入場していただきます。
詳しい待ち合わせ時間や場所は連絡ボードでお知らせいたします。
同時入場後チケットを1度回収させていただき当方が座席を選択した後、チケットをお渡し致します。
座席選択にお時間いただく場合がございます。
チケットお渡し後のサイチェン等は問題ございません。
時間厳守にご協力お願い致します。
お待ち合わせの時間に遅れた場合は先に入場させていただく場合もございます。
その場合も受け取り評価はしていただきますので返金は致しかねます。ご注意ください。
・入場時チケット持ち逃げ防止の為にご本人の顔写真付きの身分証（学生証不可）を一時的にお預かりする可能性があります。それ以外の用途では使用致しませんのでご了承ください。
身分証はチケット渡しの際で返還します。
発券後の座席等のクレームは一切受け付けません。
公演中止の際は、手数料を差し引いた額を返金致しますが、本人確認やランダムエラー、体調不良などの検温でのエラー、公演中止以外の理由は如何なる場合でもご返金は致しかねますのでご承知ください。
日本語理解の方、デジタルチケットにご理解のある方のみご購入ください。",True,2026-09
0oz417wvhg,,snowman-dome-tour-2026-2027-all-suite,2026-12-26,16:00,東京ドーム,electronic,female,同行,み,5.0,,ランダム,2026-09-10 04:01:19,2026-09-10 04:01:19,,,listing,2,50000,"⚠️購入される際はプライベート出品に切り替えますのでご報告ください
開場時刻20分前に集合し、同時入場後一度チケットを回収し、こちらで座席選択させていただきます。
座席選択に時間を頂きますが、チケットお渡しまではご自由に行動していただいて構いません。開演15分前までには必ずチケットをお渡ししますので催促等はおやめください。
また、購入者様は座席を選択できません。当方が指定した座席をお渡しいたします。お渡し後はサイチェンしていただいて構いません。
座席に関するクレームは一切お受けできません。
ランダム配布(すり替え)にご理解のある方のみご購入ください。
2枚でご購入いただいた場合必ず2連のチケットをお渡しいたします。
当日電波不慮の際にお電話での連絡が必要になる場合もございますので、当日会場で連絡可能な電話番号のご提示お願いいたします。
ご提示が難しい場合のご購入はお控えください。
当日こちらで用意した端末でQR表示し発券していただくため、持ち逃げ防止の為身分証を一時的にお預かりいたします。
身分証につきましては、こちらで用意した封筒に購入者様ご自身で封入していただき封をしていただきます。
トラブルがない限り封筒を開封し身分証を拝見することはございません。
入場後、端末とチケット回収の際すぐに身分証をお返しいたしますのでご協力よろしくお願いいたします。
主催者側による公演中止の場合に限り返金いたします。
出演者変更、交通機関の乱れによる遅刻、体調不良などのキャンセルなどいかなる理由におきましても返金致しかねますのでご了承ください。
購入いただいた時点で上記全て同意したとみなします。",True,2026-09
2tuhv8zbgf,,snowman-dome-tour-2026-2027-all-suite,2026-12-26,16:00,東京ドーム,electronic,female,同行,t,4.7,,ランダム,2026-09-10 04:01:19,2026-09-10 04:01:19,,,listing,1,45000,"※全て有効期限内、ランダム配布
※複数名義所持のため、当方がチケットを選んだ後ランダムでチケットを配布します。購入者様がチケットを選ぶことはできません。また、座席に関するクレームは一切受け付けておりませんのでご了承ください。
※当日は、開場時間の30分前にこちらが指定した場所で待ち合わせをし、同時入場していただきます。
※チケットをお渡しするまでに時間がかかる場合がございますので予めご了承ください。開演前までには必ずチケットをお渡しいたします。
※詳しい集合場所や時間等の詳細については前日までに連絡ボードにてお伝えします。
※入場時、QRコードの表示にご協力いただく可能性がございます。その際は、身分証を一時的にお預かりさせて頂く場合がございます。
※ご購入頂いた後、連絡ボードにてお名前と電話番号を当方が連絡する前にお送りいただくようお願いいたします。チケットをお渡しする際に、ご購入者様と枚数を間違えないようにする為ですので、ご了承下さい。
※複数人で入場いたしますので、時間厳守出来る方のみお願いしま
※本人確認、ランダムエラー、買い手様の遅刻、コロナ関連含め公演中止以外の如何なる理由であっても返金致しません。必ず受け取り連絡をしていただきます。公演中止の場合は手数料を差し引いた全額を返金いたします。
以上をご了承いただける方で、日本語が通じる日本人女性の方のみご購入お願い致します。ご購入いただけた時点で上記全てに同意いただけたと認識致します。キャンセルは一切受け付けておりません。",True,2026-09
ic6md7082d,,snowman-dome-tour-2026-2027-all-suite,2026-12-26,16:00,東京ドーム,electronic,female,公演日1日前までにQRコード共有,ちあき,5.0,,同行記載あり,2026-09-10 04:01:19,2026-09-10 04:01:19,,,listing,2,100000,"QRごとお譲り
同行等の条件なし
FC初期当選
有効期限内名義
クレカ支払い(同一なし)
同行者登録は買い手様側でしていただけます。
制作開放や着ブロではありません。
公演中止の際のみ規約に従い返金対応いたします。ランダムエラー、本人確認、体調不良、買い手様ご都合で入場が遅れた場合や、その他いかなる場合もキャンセルを含む一切の返金対応不可です。ご了承のうえご購入ください。",True,2026-09
ug59h9trgx,,snowman-dome-tour-2026-2027-all-suite,2026-12-26,16:00,東京ドーム,electronic,female,同行,T,5.0,,番手同行,2026-09-10 04:01:19,2026-09-10 04:01:19,,,listing,2,60000,"初期当選/2連2名義中2番手/座席未定/すり替え無し/期限内/下3桁提示可/着ブロ希望含
・こちらの指定時間に会場付近に集合し、同時入場して頂きます。
・入場後チケットを1度回収し、当方が座席をまわって2連選択後、2番手でチケットをお渡しいたします。(バラ購入の場合チケットはこちらでお渡しさせて頂きます)
・チケットお渡し時に受取連絡をして頂きます。
・座席についてのクレーム、返金対応等は一切受け付けません。
・集合時間に遅れないようお願いします。万が一遅れた 場合、先に入場してしまう可能性があります。その場合でも受け取り評価は必ずして頂きますのでご了承ください。
・公共機関の遅れや体調不良、ランダムエラー、本人確認等いかなる場合も公演中止以外は返金できません。受取連絡をして頂きます。
・日本語が理解出来る女性のみご購入ください。
・代理購入不可。
・盗撮、録音などされる方はご遠慮ください。",True,2026-09
00pv6b3ikg,,snowman-dome-tour-2026-2027-all-suite,2027-01-04,17:00,京セラドーム大阪,electronic,female,公演当日にQRコード共有,み,5.0,,QR,2026-09-10 04:01:19,2026-09-10 04:01:19,,,listing,2,50000,"QR毎/初期期選/着ブロなし/下3桁開示可/有効期限内/2025年当選名義
入場後、速やかにログアウトと受け取り評価をお願いいたします。
体調不良、ランダムエラー、システムエラー、本人確認、交通機関の遅延、出演者の変更等、いかなる場合も返金・キャンセル対応はいたしかねます。
公演中止の場合のみ、送料・手数料を差し引いた金額を返金いたします。",True,2026-09
1b0562xc9p,,snowman-dome-tour-2026-2027-all-suite,2027-01-04,17:00,京セラドーム大阪,electronic,female,公演日1日前までにQRコード共有,YY,5.0,,QR,2026-09-10 04:01:19,2026-09-10 04:01:19,,,listing,2,20000,"重複してしまったため交換を探しております。
【求】 東京12/26 2連 QR毎
【譲】 大阪 1/4 2連 QR毎
初期当選同士
条件当てはまる方、お気軽にご連絡ください。",True,2026-09
5tuipbwsx6,,snowman-dome-tour-2026-2027-all-suite,2027-01-05,17:00,京セラドーム大阪,electronic,female,入金後24時間以内にQRコード共有,A,5.0,,QR,2026-09-10 04:01:19,2026-09-10 04:01:19,,,listing,1,64000,"FC先行当選／座席未定/QR/有効期限内／重複すり替え無し／変更ボタン有／下3桁提示可／着ブロ希望無し
座席未定のため、お席に関するクレームは一切受け付けません。
体調不良、ランダムエラー、システムエラー、本人確認、交通機関による遅刻、出演者変更等いかなる場合も返金、キャンセル対応は受け付けません。
必ず受け取り評価はしていただきます。
公演中止の場合のみ送料、手数料を差し引いた金額を返金致します。
購入後は全ての内容に同意したものとみなします。
前日に必要な情報を連絡ボードにてご連絡します。入場後速やかに受取通知出来る方のみ購入ください",True,2026-09
stpx4c1ds7,,snowman-dome-tour-2026-2027-all-suite,2027-01-05,17:00,京セラドーム大阪,electronic,female,同行,ひ,5.0,,番手,2026-09-10 04:01:19,2026-09-10 04:01:19,,,listing,2,72500,"2名義中2番手/期限内/すり替えなし/下3桁提示可
開場20-30分前に会場周辺にて集合予定。
入場後一度チケットを回収し、選ばなかった席をお渡しします。
ランダムエラー、交通機関の乱れ、体調不良、出演者変更、本人確認があった場合などいかなる場合でも返金キャンセル不可となります。",True,2026-09
uovno7ac76,,snowman-dome-tour-2026-2027-all-suite,2027-01-06,17:00,京セラドーム大阪,electronic,female,同行,あや,5.0,,QR同行番手,2026-09-10 04:01:19,2026-09-10 04:01:19,,,listing,2,65000,"ファンクラブ先行/すり替えなし/有効期限内/初期当選/該当名義/下3桁提示可/3名義中2番手同行
公演当日、会場付近にて待ち合わせし同時入場していただきます。
詳しい待ち合わせ時間・場所等は、公演日前日にマイページの連絡ボードでお伝えいたします。
座席に関するクレームは一切受け付けません。
公演中止の場合のみ手数料を引いた額を返金します。
ランダムエラーや本確、出演者の変更、公共交通機関の乱れ等での返金対応は致しかねます。
買い手様都合によるキャンセルはできません。
集合時間に遅れた場合は先に入場いたしますが、受取評価はしていただきます。
入場後、当方が選ばなかった名義のチケットをお渡しいたします。チケットお渡し後、速やかにその場で受け取り連絡をお願いいたします。
当日までこまめに連絡を取り合える、日本語の通じる成人女性のみご購入をお願いいたします。代理での購入はご遠慮ください。
その他ご不明点はマイページの連絡ボードにてお願いいたします。",True,2026-09
iu9xkokftq,,snowman-dome-tour-2026-2027-all-suite,2027-01-06,17:00,京セラドーム大阪,electronic,female,QRコード共有,s,5.0,,QR,2026-09-10 04:01:19,2026-09-10 04:01:19,,,listing,1,69000,"初期当選/着ブロ無し/有効期限内/クレカ決済同一クレカ決済無し/重複すり替えなし/下3桁提示可能
プラベ出品/プラベルはコメントください。
公演前日、ログインに必要な情報をお伝えします。同意チェックはご自身でお願いします。ログイン後QR表示以外の操作は行わないでください。
入場後は速やかにログアウト、開演時間までに必ず受取評価をお願いします。
ランダムエラーや本人確認、公共交通機関の遅延により入場出来なかった場合等いかなる場合でもキャンセル･返金は一切できません。
公演中止の際のみ手数料を除いた全額を返金します。
上記全て同意された成人女性のみご購入をお願いいたします。",True,2026-09
vvt2vos5lr,,snowman-dome-tour-2026-2027-all-suite,2027-01-06,17:00,京セラドーム大阪,electronic,female,同行,め,5.0,,QR同行番手,2026-09-10 04:01:19,2026-09-10 04:01:19,,,listing,2,60000,"ファンクラブ先行/すり替えなし/有効期限内/初期当選/該当名義/下3桁提示可/3名義中3番手同行
公演当日、会場付近にて待ち合わせし同時入場していただきます。
詳しい待ち合わせ時間・場所等は、公演日前日にマイページの連絡ボードでお伝えいたします。
座席に関するクレームは一切受け付けません。
公演中止の場合のみ手数料を引いた額を返金します。
ランダムエラーや本確、出演者の変更、公共交通機関の乱れ等での返金対応は致しかねます。
買い手様都合によるキャンセルはできません。
集合時間に遅れた場合は先に入場いたしますが、受取評価はしていただきます。
入場後、選ばなかった名義のチケットをお渡しいたします。チケットお渡し後、速やかにその場で受け取り連絡をお願いいたします。
当日までこまめに連絡を取り合える、日本語の通じる成人女性のみご購入をお願いいたします。代理での購入はご遠慮ください。
その他ご不明点はマイページの連絡ボードにてお願いいたします。",True,2026-09
he8un6zvnk,,snowman-dome-tour-2026-2027-all-suite,2027-01-06,17:00,京セラドーム大阪,electronic,female,公演日1日前までにQRコード共有,K,5.0,,QR,2026-09-10 04:01:19,2026-09-10 04:01:19,,,listing,2,70000,"ファンクラブ先行 FC先行/QRごとのお譲り/重複すり替えなし
QRごとのお譲りです。ご希望であれば下3桁提示可能です。公演1日前にチケット表示に必要な情報を連絡ボードにてお伝えします。
入場後は速やかに受け取り連絡と会員ページからのログアウトを行って下さい。
名義を傷つけるような迷惑行為は断じておやめください。
体調不良や遅刻、ランダムエラーや本人確認、1部メンバーの出演キャンセルなど如何なる理由でも返金は出来ませんのでご了承下さい。
主催者側の都合による公演中止の際に関しましては、仲介手数料を差し引いた金額を返金致します。
上記の内容をご了承いただける方のみご購入下さい。",True,2026-09
bjvftoamva,,snowman-dome-tour-2026-2027-all-suite,2027-01-06,17:00,京セラドーム大阪,electronic,female,公演日前日に会員情報お伝えします,a,5.0,,QR,2026-09-10 04:01:19,2026-09-10 04:01:19,,,listing,2,68000,"重複すり替え無し/初期当選/QR毎/有効期限内/郵送物戻りなし/下3桁提示可/Pay-easy決済
QRごとでのお譲りとなります。公演日前日までにログイン情報をお伝えいたします。
同行者登録の同意チェックはこちらで行います。
代表者の同意チェックは買い手様に行っていただいても構いません。
公演当日、入場後速やかに受取連絡とログアウトを必ずお願いいたします。名義情報の閲覧、書き換えなど一切おやめください。
公演中止の場合のみ、手数料を差し引いた金額を返金させていただきます。公演中止以外（ランダムエラー、本人確認、体調不良等）の返金は一切出来ません。いかなる理由でも受取通知していただきますのでご了承ください。",True,2026-09
41k8x8d1z4,,snowman-dome-tour-2026-2027-all-suite,2027-01-07,16:00,京セラドーム大阪,electronic,female,公演前日にログイン情報共有,R,5.0,,QR,2026-09-10 04:01:19,2026-09-10 04:01:19,,,listing,2,80000,"QRごと/下3桁提示可/初期当選/有効期限内/着ブロなし/発送物戻りなし
・公演日前日にログインに必要な情報を連絡ボードにてお伝えいたします。
・入場後は速やかにログアウトをし、受取連絡をお願い致します。
・同行者登録はご自身でお願い致します。
・電子チケットのため、当日入場し発券するまで座席末定ですので如何なる場合も座席のクレーム等一切受け付けません。
・代理購入はトラブルの原因となりますのでおやめください。
・体調不良・遅刻・メンバー不在・機材不良・ランダムエラー・赤線エラー等で入場できなかった場合でも、キャンセル及び返金は一切受け付けません。必ず受取通知を行っていただきますので、予めご了承ください。主催者側の判断による公演中止の場合のみ規約に則り返金致します。
落札した時点で上記条件全てご確認、ご了承の上ご購入をお願いいたします。",True,2026-09
clxphp7qoh,,snowman-dome-tour-2026-2027-all-suite,2027-01-07,16:00,京セラドーム大阪,electronic,female,4名義中4番手　当日お渡し,みぃ,5.0,,番手,2026-09-10 04:01:19,2026-09-10 04:01:19,,,listing,2,35000,"FC先行当選／座席未定/有効期限内／変更ボタン有／下3桁提示可／着ブロ希望無し
座席未定のため、お席に関するクレームは一切受け付けません。
チケットは4名義中4番手です。下三桁お伝え致します。
最後に残りました2枚をお渡しのため、チケットはお選び頂けません。
座席確認の為チケットお渡しまで少しお時間頂戴するかとおもいます。
すり替えはしませんのでお渡しまで一緒に行動してください。
体調不良、ランダムエラー、システムエラー、本人確認、交通機関による遅刻、出演者変更等いかなる場合も返金、キャンセル対応は受け付けません。
必ず受け取り評価はしていただきます。
公演中止の場合のみ手数料を差し引いた金額を返金対応致します。
前日に必要な情報を連絡ボードにてご連絡します。入場してチケットお渡ししたのち、速やかに受取通知お願い致します。",True,2026-09
xgecit695n,,snowman-dome-tour-2026-2027-all-suite,2027-01-07,16:00,京セラドーム大阪,electronic,female,当日同時入場,みぃ,5.0,,番手,2026-09-10 04:01:19,2026-09-10 04:01:19,,,listing,2,80000,"4名義中2番手
FC先行当選／座席未定/有効期限内／変更ボタン有／下3桁提示可／着ブロ希望無し
座席未定のため、お席に関するクレームは一切受け付けません。
チケットは4名義中2番手です。当方が選んだ後にお選び頂きます。
座席確認の為チケットお渡しまで少しお時間頂戴するかと思います。
すり替えはしませんのでお渡しまで一緒に行動してください。
体調不良、ランダムエラー、システムエラー、本人確認、交通機関による遅刻、出演者変更等いかなる場合も返金、キャンセル対応は受け付けません。
必ず受け取り評価はしていただきます。
公演中止の場合のみ手数料を差し引いた金額を返金対応致します。
前日に必要な情報を連絡ボードにてご連絡します。入場してチケットお渡ししたのち、速やかに受取通知お願い致します。",True,2026-09
5gvin6i1e7,,snowman-dome-tour-2026-2027-all-suite,2027-01-07,16:00,京セラドーム大阪,electronic,female,同行,K,5.0,,ランダム,2026-09-10 04:01:19,2026-09-10 04:01:19,,,listing,2,39000,"FC先行初期選 ランダム配布
・複数名義所持しております。入場後は一度チケットを全て回収させていただき、当方による座席選択後にランダムでチケットをお渡し致します。チケットをお渡ししましたら、その場で受け取り通知をお願い致します。
・当日は、開場時間30分前頃周辺にお集まり頂き同時入場をお願い致します。詳しくは連絡ボードから連絡します。時間厳守でお願い致します。
公共交通機関の遅延、運休等如何なる場合でも待ち合わせ時間に遅刻された場合は待たずに入場致します。その場合のキャンセル、返金には一切対応致しません。入場出来なかった場合も受取り連絡はしていただきます。
また、入場の際に端末をお借りしてQR表示をお願いする場合がございます。
・入場後、座席選択に時間がかかりお席に着くのが開演時間間際になってしまう場合がありますがご了承ください。早めにチケットが欲しい方の購入はご遠慮ください。
入場後は一度解散とさせていただきます。会場内での待ち合わせ場合と時間をお伝えしますので、再集合をお願い致します。その際は必ずこちらからの連絡が取れるようお願い致します。
また、購入者様による座席の選択は出来ません。座席についてのクレームはご遠慮ください。
・本人確認不可。エラーや体調不良等で入場できなかった場合の対応や返金は致しかねます。またその場合でも受取り通知はしていただきますのでご理解ください。
主催者側からの公演中止の場合のみ手数料を差し引いた金額を返金させていただきます。
また、チケットをお渡しする際にお電話にてご連絡する可能性がございますので、当日繋がる番号でお願いいたします。
・24時間以内に返信可能で迅速に対応出来る方のみご購入ください。
・ご購入後、取引メッセージにてお名前（仮名可）と当日会場内で連絡がつく電話番号をお送りください。
・入場の際に、身分証明書を一時的にお預かりする可能性がありますので、ご了承の上ご持参ください。
以上、全ての内容に同意いただける方のみご購入お願い致します。
ご購入いただけた時点で、上記全てに同意いただけたという認識のもと、キャンセルは一切受け付けておりません。",True,2026-09
7u2ytusg1t,,snowman-dome-tour-2026-2027-all-suite,2027-01-07,16:00,京セラドーム大阪,electronic,none,同行,K,5.0,,ランダム,2026-09-10 04:01:19,2026-09-10 04:01:19,,,listing,2,38000,"FC先行初期選 ランダム配布
・複数名義所持しております。入場後は一度チケットを全て回収させていただき、当方による座席選択後にランダムでチケットをお渡し致します。チケットをお渡ししましたら、その場で受け取り通知をお願い致します。
・当日は、開場時間30分前頃周辺にお集まり頂き同時入場をお願い致します。詳しくは連絡ボードから連絡します。時間厳守でお願い致します。
公共交通機関の遅延、運休等如何なる場合でも待ち合わせ時間に遅刻された場合は待たずに入場致します。その場合のキャンセル、返金には一切対応致しません。入場出来なかった場合も受取り連絡はしていただきます。
また、入場の際に端末をお借りしてQR表示をお願いする場合がございます。
・入場後、座席選択に時間がかかりお席に着くのが開演時間間際になってしまう場合がありますがご了承ください。早めにチケットが欲しい方の購入はご遠慮ください。
入場後は一度解散とさせていただきます。会場内での待ち合わせ場合と時間をお伝えしますので、再集合をお願い致します。その際は必ずこちらからの連絡が取れるようお願い致します。
また、購入者様による座席の選択は出来ません。座席についてのクレームはご遠慮ください。
・本人確認不可。エラーや体調不良等で入場できなかった場合の対応や返金は致しかねます。またその場合でも受取り通知はしていただきますのでご理解ください。
主催者側からの公演中止の場合のみ手数料を差し引いた金額を返金させていただきます。
また、チケットをお渡しする際にお電話にてご連絡する可能性がございますので、当日繋がる番号でお願いいたします。
・24時間以内に返信可能で迅速に対応出来る方のみご購入ください。
・ご購入後、取引メッセージにてお名前（仮名可）と当日会場内で連絡がつく電話番号をお送りください。
・入場の際に、身分証明書を一時的にお預かりする可能性がありますので、ご了承の上ご持参ください。
以上、全ての内容に同意いただける方のみご購入お願い致します。
ご購入いただけた時点で、上記全てに同意いただけたという認識のもと、キャンセルは一切受け付けておりません。",True,2026-09
vc0k9dalfu,,snowman-dome-tour-2026-2027-all-suite,2027-01-07,16:00,京セラドーム大阪,electronic,female,少数ランダム,あ,5.0,,ランダム同行,2026-09-10 04:01:19,2026-09-10 04:01:19,,,listing,1,29000,"ランダム配布を理解されている方、以下の内容に同意頂ける方のみご購入ください。
ご購入頂いた場合は、以下の内容に全て同意頂けているとみなし、お取引いたします。
開場20分前頃に会場付近に集合して頂き、同時入場して頂きます。入場後チケットを回収し一旦解散します。開演5分前までにこちらから連絡しますので、再度合流しチケットをお渡し後、こちらの受け取りをして頂きます。
座席未定となりますので、入場ゲート、会員番号、名義数等の情報は一切開示できません。
座席に関するクレーム等もお受けいたしかねます。
ご購入後、取引メッセージにてお名前(仮名可)と当日会場内で連絡がつく電話番号をお送りください。
入場の際に、身分証明書を一時的にお預かりする可能性がありますので、ご了承の上ご持参ください。
詳しい集合場所と時間は、前日または当日に取引メッセージにてお伝えします。当日こまめな連絡に対応して頂ける方、余裕を持って会場にお越しできる方でお願いいたします。いかなる理由でも遅刻された場合は、先に入場いたします。
購入者様都合のキャンセルや返金はいかなる理由でもお受けできませんので、当日必ず参加できる方のみご購入ください。
公演中止の場合のみ、手数料を差し引いた金額を返金いたします。 ランダムエラー、出演者変更等の公演中止以外一切の事由によるキャンセル、返金はお受けできません。",True,2026-09
wjuop1wbss,,snowman-dome-tour-2026-2027-all-suite,2027-01-07,16:00,京セラドーム大阪,electronic,female,公演日1日前までにQRコード共有,ark,5.0,,QR,2026-09-10 04:01:19,2026-09-10 04:01:19,,,listing,2,85000,"プラベルに移行しますので、お声掛けください。
重複すり替え無し/初期当選/QR毎/有効期限内/郵送物戻りなし/下3桁提示可
QRごとでのお譲りとなります。公演日前日までにログイン情報をお伝えいたします。
公演当日、入場後速やかに受取連絡とログアウトを必ずお願いいたします。名義情報の閲覧、書き換えなど一切おやめください。
公演中止の場合のみ、手数料を差し引いた金額を返金させていただきます。公演中止以外（ランダムエラー、本人確認、体調不良等）の返金は一切出来ません。いかなる理由でも受取通知していただきますのでご了承ください。
上記を了承していただける20歳以上の女性のみご購入をお願いいたします。",True,2026-09
ooiyw8g83h,,snowman-dome-tour-2026-2027-all-suite,2027-01-07,16:00,京セラドーム大阪,electronic,female,同行,,,,ランダム,2026-09-10 04:01:19,2026-09-10 04:01:19,,,listing,2,30000,"少人数ランダム配布
複数当選のため、ランダムでの配布になります。開場30分前に会場付近で待ち合わせし、同時入場していただきます。
ご入金後、当日連絡の取れる電話番号をお送り下さい。
入場後にチケットを回収させていただき、開演5~10分前までにチケットをお渡しいたします。
入場の際にQRコード表示にご協力をお願いする場合がございます。
持ち逃げ防止のため、公的身分証を封筒に入れお預かりさせていただきます。お預かりした身分証は必ずチケットのお渡し時にご返却させていただきます。
交通機関の遅延、遅刻等いかなる場合でも、開場時間10分を過ぎた場合には先に入場させていただきます。その際も返金は一切対応出来ません。
受取連絡をお願いしますので、当日お時間に余裕がある方のみご購入下さい。詳しい時間、場所は前日メッセージボードからお伝えいたします。
公演中止の場合を除き、本人確認による入場不可、ランダムエラー等、いかなる場合もキャンセル・返金対応は致しかねますのでご了承ください。
トラブル防止の観点から、スムーズにやりとり出来る方、上記を全てご理解頂ける日本人の成人女性のみご購入をお願い致します。
コメントをする（0）
コメント欄はOFFです
出品者への質問はメッセージで行いましょう。
売り切れ
ホーム
出品
検討中
ひろば
メッセージ
マイページ
このチケットは売り切れました
この出品はすでに購入されています。同じ日程の他のチケットをご覧ください。
同日程のチケットを探す
チケテン！
ライブ中の席交換もできる総合チケットサイト。安全な取引をサポートします。
ホーム
マイページ
お問い合わせ
お知らせ
使い方ガイド
コラム
Magazine
提携メディア
利用規約
プライバシーポリシー
特定商取引法に基づく表記
チケット不正転売禁止法について
手数料
© 2025 Wakuste LLC. All rights reserved.
ホーム
出品
検討中
ひろば
メッセージ
マイページ",True,2026-09
3a8qzfkqs9,,snowman-dome-tour-2026-2027-all-suite,2027-01-07,16:00,京セラドーム大阪,electronic,female,少数ランダム,あ,5.0,,ランダム同行,2026-09-10 04:01:19,2026-09-10 04:01:19,,,listing,1,30000,"ランダム配布を理解されている方、以下の内容に同意頂ける方のみご購入ください。
ご購入頂いた場合は、以下の内容に全て同意頂けているとみなし、お取引いたします。
開場20分前頃に会場付近に集合して頂き、同時入場して頂きます。入場後チケットを回収し一旦解散します。開演5分前までにこちらから連絡しますので、再度合流しチケットをお渡し後、こちらの受け取りをして頂きます。
座席未定となりますので、入場ゲート、会員番号、名義数等の情報は一切開示できません。
座席に関するクレーム等もお受けいたしかねます。
ご購入後、取引メッセージにてお名前(仮名可)と当日会場内で連絡がつく電話番号をお送りください。
入場の際に、身分証明書を一時的にお預かりする可能性がありますので、ご了承の上ご持参ください。
詳しい集合場所と時間は、前日または当日に取引メッセージにてお伝えします。当日こまめな連絡に対応して頂ける方、余裕を持って会場にお越しできる方でお願いいたします。いかなる理由でも遅刻された場合は、先に入場いたします。
購入者様都合のキャンセルや返金はいかなる理由でもお受けできませんので、当日必ず参加できる方のみご購入ください。
公演中止の場合のみ、手数料を差し引いた金額を返金いたします。 ランダムエラー、出演者変更等の公演中止以外一切の事由によるキャンセル、返金はお受けできません。",True,2026-09
0u6hvewvfi,,snowman-dome-tour-2026-2027-all-suite,2027-01-07,16:00,京セラドーム大阪,electronic,female,同行,り,5.0,,ランダム,2026-09-10 04:01:19,2026-09-10 04:01:19,,,listing,1,27000,"ランダム配布
複数当選のため、ランダムでの配布になります。開場30分前に会場付近で待ち合わせし、同時入場していただきます。
ご入金後、当日連絡の取れる電話番号をお送り下さい。
入場後にチケットを回収させていただき、開演5~10分前までにチケットをお渡しいたします。
購入者様に座席選択権はございません。
入場の際にQRコード表示にご協力をお願いする場合がございます。
持ち逃げ防止のため、公的身分証を封筒に入れお預かりさせていただきます。お預かりした身分証は必ずチケットのお渡し時にご返却させていただきます。
交通機関の遅延、遅刻等いかなる場合でも、開場時間10分を過ぎた場合には先に入場させていただきます。その際も返金は一切対応出来ません。
受取連絡をお願いしますので、当日お時間に余裕がある方のみご購入下さい。詳しい時間、場所は前日メッセージボードからお伝えいたします。
公演中止の場合を除き、本人確認による入場不可、ランダムエラー等、いかなる場合もキャンセル・返金対応は致しかねますのでご了承ください。
トラブル防止の観点から、スムーズにやりとり出来る方、上記を全てご理解頂ける日本人の成人女性のみご購入をお願い致します。",True,2026-09
i86iwgx0rl,,snowman-dome-tour-2026-2027-all-suite,2027-01-07,16:00,京セラドーム大阪,electronic,female,同行,K,5.0,,ランダム,2026-09-10 04:01:19,2026-09-10 04:01:19,,,listing,1,40000,"FC先行初期選 ランダム配布
・複数名義所持しております。入場後は一度チケットを全て回収させていただき、当方による座席選択後にランダムでチケットをお渡し致します。チケットをお渡ししましたら、その場で受け取り通知をお願い致します。
・当日は、開場時間30分前頃周辺にお集まり頂き同時入場をお願い致します。詳しくは連絡ボードから連絡します。時間厳守でお願い致します。
公共交通機関の遅延、運休等如何なる場合でも待ち合わせ時間に遅刻された場合は待たずに入場致します。その場合のキャンセル、返金には一切対応致しません。入場出来なかった場合も受取り連絡はしていただきます。
また、入場の際に端末をお借りしてQR表示をお願いする場合がございます。
・入場後、座席選択に時間がかかりお席に着くのが開演時間間際になってしまう場合がありますがご了承ください。早めにチケットが欲しい方の購入はご遠慮ください。
入場後は一度解散とさせていただきます。会場内での待ち合わせ場合と時間をお伝えしますので、再集合をお願い致します。その際は必ずこちらからの連絡が取れるようお願い致します。
また、購入者様による座席の選択は出来ません。座席についてのクレームはご遠慮ください。
・本人確認不可。エラーや体調不良等で入場できなかった場合の対応や返金は致しかねます。またその場合でも受取り通知はしていただきますのでご理解ください。
主催者側からの公演中止の場合のみ手数料を差し引いた金額を返金させていただきます。
また、チケットをお渡しする際にお電話にてご連絡する可能性がございますので、当日繋がる番号でお願いいたします。
・24時間以内に返信可能で迅速に対応出来る方のみご購入ください。
・ご購入後、取引メッセージにてお名前（仮名可）と当日会場内で連絡がつく電話番号をお送りください。
・入場の際に、身分証明書を一時的にお預かりする可能性がありますので、ご了承の上ご持参ください。
以上、全ての内容に同意いただける方のみご購入お願い致します。
ご購入いただけた時点で、上記全てに同意いただけたという認識のもと、キャンセルは一切受け付けておりません。",True,2026-09
5flt4sbtmz,,snowman-dome-tour-2026-2027-all-suite,2027-01-07,16:00,京セラドーム大阪,electronic,female,同行,み,5.0,,ランダム,2026-09-10 04:01:19,2026-09-10 04:01:19,,,listing,2,50000,"⚠️購入される際はプライベート出品に切り替えますのでご報告ください。
開場時刻20分前に集合し、同時入場後一度チケットを回収し、こちらで座席選択させていただきます。
座席選択に時間を頂きますが、チケットお渡しまではご自由に行動していただいて構いません。開演15分前までには必ずチケットをお渡ししますので催促等はおやめください。
また、購入者様は座席を選択できません。当方が指定した座席をお渡しいたします。お渡し後はサイチェンしていただいて構いません。
入場ゲートによってはQRごとでのお譲りの可能性もございますがその際は当日お待ち合わせ後にご案内させていただきます。
座席に関するクレームは一切お受けできません。
ランダム配布(すり替え)にご理解のある方のみご購入ください。
2枚でご購入いただいた場合必ず2連のチケットをお渡しいたします。
当日電波不慮の際にお電話での連絡が必要になる場合もございますので、当日会場で連絡可能な電話番号のご提示お願いいたします。
ご提示が難しい場合のご購入はお控えください。
当日こちらで用意した端末でQR表示し発券していただくため、持ち逃げ防止の為身分証を一時的にお預かりいたします。
身分証につきましては、こちらで用意した封筒に購入者様ご自身で封入していただき封をしていただきます。
トラブルがない限り封筒を開封し身分証を拝見することはございません。
入場後、端末とチケット回収の際すぐに身分証をお返しいたしますのでご協力よろしくお願いいたします。
主催者側による公演中止の場合に限り返金いたします。
出演者変更、交通機関の乱れによる遅刻、体調不良などのキャンセルなどいかなる理由におきましても返金致しかねますのでご了承ください。
購入いただいた時点で上記全て同意したとみなします。",True,2026-09
s92bejjtux,,snowman-dome-tour-2026-2027-all-suite,2027-01-07,16:00,京セラドーム大阪,electronic,female,同行,み,5.0,,ランダム,2026-09-10 04:01:19,2026-09-10 04:01:19,,,listing,2,50000,"⚠️購入される際はプライベート出品に切り替えますのでご報告ください。
開場時刻20分前に集合し、同時入場後一度チケットを回収し、こちらで座席選択させていただきます。
座席選択に時間を頂きますが、チケットお渡しまではご自由に行動していただいて構いません。開演15分前までには必ずチケットをお渡ししますので催促等はおやめください。
また、購入者様は座席を選択できません。当方が指定した座席をお渡しいたします。お渡し後はサイチェンしていただいて構いません。
入場ゲートによってはQRごとでのお譲りの可能性もございますがその際は当日お待ち合わせ後にご案内させていただきます。
座席に関するクレームは一切お受けできません。
ランダム配布(すり替え)にご理解のある方のみご購入ください。
2枚でご購入いただいた場合必ず2連のチケットをお渡しいたします。
当日電波不慮の際にお電話での連絡が必要になる場合もございますので、当日会場で連絡可能な電話番号のご提示お願いいたします。
ご提示が難しい場合のご購入はお控えください。
当日こちらで用意した端末でQR表示し発券していただくため、持ち逃げ防止の為身分証を一時的にお預かりいたします。
身分証につきましては、こちらで用意した封筒に購入者様ご自身で封入していただき封をしていただきます。
トラブルがない限り封筒を開封し身分証を拝見することはございません。
入場後、端末とチケット回収の際すぐに身分証をお返しいたしますのでご協力よろしくお願いいたします。
主催者側による公演中止の場合に限り返金いたします。
出演者変更、交通機関の乱れによる遅刻、体調不良などのキャンセルなどいかなる理由におきましても返金致しかねますのでご了承ください。
購入いただいた時点で上記全て同意したとみなします。",True,2026-09
wgx15h128l,,snowman-dome-tour-2026-2027-all-suite,2027-01-07,16:00,京セラドーム大阪,electronic,female,公演日QR共有,3️⃣,5.0,,QR,2026-09-10 04:01:19,2026-09-10 04:01:19,,,listing,2,0,"初期当選/有効期限内/下3桁提示可/過去エラー、発送物戻りなし
ランダムエラー、本人確認、QRコード表示不良、不具合等のいかなる理由で入場出来なくても返金いたしませんのでご了承ください。
上記ご理解の上ご購入お願いいたします。",True,2026-09
mwrwop7fgc,,snowman-dome-tour-2026-2027-all-suite,2027-01-07,16:00,京セラドーム大阪,electronic,female,同行,R,5.0,,番手,2026-09-10 04:01:19,2026-09-10 04:01:19,,,listing,2,40000,"4名義中4番手2枚のお譲りです。
すり替え無し　下3桁提示可能
当日、会場10分前に集合し、同時入場した後、一旦チケット回収致しまして、公演30分前までにはお渡し致します。
公演中止の際のみ返金致します。",True,2026-09
thxnhy1qrf,,snowman-dome-tour-2026-2027-all-suite,2027-01-07,16:00,京セラドーム大阪,electronic,female,同行,じぇ,5.0,,番手,2026-09-10 04:01:19,2026-09-10 04:01:19,,,listing,2,0,"2名義中2番手
初期当選/有効期限内/下3桁提示可/過去エラー、発送物戻りなし
ランダムエラー、本人確認、QRコード表示不良、不具合等のいかなる理由で入場出来なくても返金いたしませんのでご了承ください。
上記ご理解の上ご購入お願いいたします。",True,2026-09
saxqz3jb8c,,snowman-dome-tour-2026-2027-all-suite,2027-01-07,16:00,京セラドーム大阪,electronic,female,同行,み,5.0,,ランダム,2026-09-10 04:01:19,2026-09-10 04:01:19,,,listing,2,50000,"⚠️購入される際はプライベート出品に切り替えますのでご報告ください。
開場時刻20分前に集合し、同時入場後一度チケットを回収し、こちらで座席選択させていただきます。
座席選択に時間を頂きますが、チケットお渡しまではご自由に行動していただいて構いません。開演15分前までには必ずチケットをお渡ししますので催促等はおやめください。
また、購入者様は座席を選択できません。当方が指定した座席をお渡しいたします。お渡し後はサイチェンしていただいて構いません。
入場ゲートによってはQRごとでのお譲りの可能性もございますがその際は当日お待ち合わせ後にご案内させていただきます。
座席に関するクレームは一切お受けできません。
ランダム配布(すり替え)にご理解のある方のみご購入ください。
2枚でご購入いただいた場合必ず2連のチケットをお渡しいたします。
当日電波不慮の際にお電話での連絡が必要になる場合もございますので、当日会場で連絡可能な電話番号のご提示お願いいたします。
ご提示が難しい場合のご購入はお控えください。
当日こちらで用意した端末でQR表示し発券していただくため、持ち逃げ防止の為身分証を一時的にお預かりいたします。
身分証につきましては、こちらで用意した封筒に購入者様ご自身で封入していただき封をしていただきます。
トラブルがない限り封筒を開封し身分証を拝見することはございません。
入場後、端末とチケット回収の際すぐに身分証をお返しいたしますのでご協力よろしくお願いいたします。
主催者側による公演中止の場合に限り返金いたします。
出演者変更、交通機関の乱れによる遅刻、体調不良などのキャンセルなどいかなる理由におきましても返金致しかねますのでご了承ください。
購入いただいた時点で上記全て同意したとみなします。",True,2026-09
