ticket_id,created_at_unix,event_id,perf_date,perf_time,venue,ticket_type,name_type,delivery_method,seller_name,seller_rating,order_num,ticket_tags,first_observed_at,first_observed_source,last_observed_at,sold_at,sold_at_source,status,quantity,price,raw_description,details_fetched,year_month
iugxt1lxm5,1788242283575,kamigata-expo-park-fes-2026,2026-10-31,,[大阪府] 万博記念公園,paper,female,当日手渡し,☁️,5.0,,番手,2026-09-01 05:58:03,,2026-09-01 07:01:20,,,deleted,2,16400,"2名義中2番手
即3.8
定価分チケテン残り手渡し
初期当選/なにわ・Aぇ名義/すり替えなし/下3桁提示可
【お取引について】
・当日は開場30分前を目安に、会場付近にて集合し、同時入場いたします。
・入場後、チケットを一度回収し、こちらで座席を選択後、こちらが選択しなかった座席をお渡しいたします。
・チケットお渡し後は、速やかに受取連絡をお願いいたします。
・公演中止以外の返金はいたしかねます。
・座席等に関するクレームは一切お受けできません。
・トラブル防止のため、代理購入はご遠慮ください。
・日本語でスムーズにやり取りができる女性のみご購入をお願いいたします。",True,2026-09
5ryxt4tz98,1788253112861,kamigata-expo-park-fes-2026,2026-11-01,,[大阪府] 万博記念公園,electronic,female,公演日7日前までにQRコード共有,さなち,5.0,,QR,2026-09-01 08:58:32,,2026-09-02 14:01:17,,,deleted,2,31000,"FC初期当選分 

QRごとのお渡し 条件なし
 期限内会員 Pay-easy決済 着ブロなし 郵便戻りなし すり替えなし 会員番号の下3桁お伝え。中止の場合の...",True,2026-09
xo846gxsx4,1788302427527,kamiyama-tomohiro-1st-live-tour-2026-input-output,2026-09-18,18:00,Zepp Haneda (TOKYO),electronic,female,当日合流後ログイン情報共有,ぷぷぷ,5.0,,ランダム記載あり,2026-09-01 22:40:27,,2026-09-04 18:01:17,2026-09-02 23:01:22,transition_observed,sold,1,9000,"FC先行/初期当選/着ブロ希望なし/有効期限内名義/神山名義（変更ボタンあり）/Pay-easy決済

公演当日、開場15〜30分前に会場付近にてお待ち合わせし...",True,2026-09
frgh5ft930,,kamigata-expo-park-fes-2026,2026-10-31,,[大阪府] 万博記念公園,electronic,female,QRごと 公演前日QRコード共有,くま,5.0,,,2026-09-03 10:51:53,,2026-09-04 19:01:10,2026-09-04 19:01:10,transition_observed,sold,1,30000,"QRごと Aぇ名義 有効期限内 下3桁開示可
公演前日にマイページにてログイン情報お伝えします。入場後は速やかにログアウト及び受け取り評価をお願いします。公演中...",True,2026-09
cq92lv5af1,,kamigata-expo-park-fes-2026,2026-10-31,,[大阪府] 万博記念公園,electronic,female,公演日前日までにログイン情報共有,C,5.0,,QR,2026-09-03 15:03:43,,2026-09-04 19:01:10,,,listing,2,45000,FC初期当選 / なにわ名義 / 重複すり替えなし / QR毎2連 / 郵送物エラー等なし / 下3桁提示可,True,2026-09
vg7jm1jmd8,,kamigata-expo-park-fes-2026,2026-10-31,,[大阪府] 万博記念公園,electronic,female,公演日前日にログイン情報共有,my,5.0,,QR,2026-09-02 11:49:23,,2026-09-04 19:01:10,,,listing,2,40000,"WEST.名義/QRごと/すり替えなし/会員番号下3桁提示可/初期当選/有効期限内

・公演日の前日にログイン情報をお伝えします。
・ログイン情報は他の方にお伝...",True,2026-09
4pr15tbdec,,kamigata-expo-park-fes-2026,2026-10-31,,[大阪府] 万博記念公園,electronic,female,公演前日にログイン情報共有,い,5.0,,QR,2026-09-01 07:40:30,,2026-09-04 19:01:10,,,listing,1,40000,"なにわ男子名義 / QR毎 / 重複すり替えなし / 初期当選 / 有効期間内 / 下3桁提示

エラー歴なし

公演の前日に連絡ボードにてログイン情報をお伝え...",True,2026-09
k7mpth5bqf,,kamigata-expo-park-fes-2026,2026-10-31,,[大阪府] 万博記念公園,electronic,female,2名義中2番手,a,5.0,,番手,2026-09-02 15:37:23,,2026-09-04 19:01:10,,,listing,2,25000,"【2名義中2番手】/初期当選/該当名義/有効期限内/変更ボタンあり/重複すり替えなし/下3桁提示可/EIGHT名義、ジュニア名義

※~8:30前集合可能な方の...",True,2026-09
1mg9lw2m3h,,kamigata-expo-park-fes-2026,2026-10-31,,[大阪府] 万博記念公園,electronic,female,公演日前日までにログイン情報共有,23,5.0,,QR,2026-09-03 10:33:59,,2026-09-04 19:01:10,,,listing,2,30000,"QR毎のお譲り
ジュニア名義（嶋﨑名義）×一般名義／下3桁提示可能／有効期限内／
前日までにログイン情報をお伝えさせていただきますので、ログインし確認お願いいた...",True,2026-09
oajkr9cdlt,,kamigata-expo-park-fes-2026,2026-10-31,,[大阪府] 万博記念公園,electronic,female,同行,R,5.0,,同行,2026-09-01 12:17:46,,2026-09-04 19:01:10,2026-09-04 19:01:10,transition_observed,sold,1,40000,"2名義中1番手 当方と同行

11/1もあるのでお声かけください

",True,2026-09
zfbt3wa05w,,kamigata-expo-park-fes-2026,2026-11-01,,[大阪府] 万博記念公園,electronic,female,公演日前日にログイン情報共有,ゆ,5.0,,QR,2026-09-02 23:48:19,,2026-09-04 19:01:10,,,listing,2,30000,"初期当選/QR毎/すり替えなし/有効期限内/エラー歴等なし/下3桁提示可/情報局名義
公演日前日に連絡ボードにてログイン情報お伝えします。
当日入場後は速やかに...",True,2026-09
ittbhujbrc,,kamigata-expo-park-fes-2026,2026-11-01,,[大阪府] 万博記念公園,electronic,female,公演日前日までにQRコード共有,m,5.0,,QR,2026-09-03 09:01:08,,2026-09-04 19:01:10,,,listing,2,35000,"なにわ名義/FC×FC/初期当選/QR毎/すり替えなし/有効期限内/エラー歴等なし/下3桁提示可/前回ドームビスタ席
公演日前日にログイン情報お伝えします。
当...",True,2026-09
oukjxy7ich,,kamigata-expo-park-fes-2026,2026-11-01,,[大阪府] 万博記念公園,electronic,female,公演前日ログイン情報共有,kaka,5.0,,QR,2026-09-01 07:43:20,,2026-09-04 19:01:10,,,listing,1,30000,"WEST.名義//QRごと/すり替えなし会員番号下3桁開示可/初期当選/有効期限内

ご購入いただきました時点で下3桁をお送りいたします。

公演日の前日にログ...",True,2026-09
jr7ako4nf6,,kamigata-expo-park-fes-2026,2026-11-01,,[大阪府] 万博記念公園,electronic,female,公演日前日にQRコード共有,kt,5.0,,QR,2026-09-02 05:45:18,,2026-09-04 19:01:10,,,listing,2,35000,"WEST.FC初期当選　同行者WEST.FC
プラベ出品にしますので購入ご希望の方はお伝えください
QR毎のお渡しとなります。
有効期限内名義、同一クレカ決済な...",True,2026-09
od2spdobm2,,kamigata-expo-park-fes-2026,2026-11-01,,[大阪府] 万博記念公園,electronic,female,公演日前日にログイン情報共有,my,5.0,,QR,2026-09-02 11:51:32,,2026-09-04 19:01:10,,,listing,2,40000,"WEST.名義/QR毎/すり替えなし/会員番号下3桁提示可/初期当選/有効期限内

・公演日の前日にログイン情報をお伝えします。
・ログイン情報は他の方にお伝え...",True,2026-09
yxf7agn2wj,,kamigata-expo-park-fes-2026,2026-11-01,,[大阪府] 万博記念公園,electronic,female,2名義中2番手,a,5.0,,番手,2026-09-02 15:38:46,,2026-09-04 19:01:10,2026-09-04 19:01:10,transition_observed,sold,2,28000,"【2名義中2番手】/初期当選/該当名義/有効期限内/変更ボタンあり/重複すり替えなし/下3桁提示可/なにわ名義、ジュニア名義

※~8:30前集合可能な方のみご...",True,2026-09
0k4g84vkz5,,kamigata-expo-park-fes-2026,2026-11-01,,[大阪府] 万博記念公園,electronic,female,公演日前日までにQRコード共有,🐶,5.0,,QR,2026-09-02 17:43:56,,2026-09-04 19:01:10,2026-09-04 19:01:10,transition_observed,sold,2,33000,"WEST.名義/同行者WEST.名義/QRごと/すり替えなし会員番号下3桁開示可/初期当選/有効期限内
代表者名義前ツ落選名義
ご購入いただきました時点で下3桁...",True,2026-09
dik9cvm6mk,,kamigata-expo-park-fes-2026,2026-11-01,,[大阪府] 万博記念公園,electronic,female,公演日前日にログイン情報共有,え,5.0,,QR,2026-09-02 11:48:34,,2026-09-04 19:01:10,,,listing,2,40000,"WEST.名義/QRごと/すり替えなし/会員番号下3桁提示可/初期当選/有効期限内

・公演日の前日にログイン情報をお伝えします。
・ログイン情報は他の方にお伝...",True,2026-09
xem1tnedms,,kamigata-expo-park-fes-2026,2026-11-01,,[大阪府] 万博記念公園,electronic,female,公演前日QRコード共有,ゅ,5.0,,QR,2026-09-01 17:05:20,,2026-09-04 19:01:10,,,listing,2,35000,"⭐️QR毎⭐️
プラベルでの取引になるため、コメントお願いします。
･有効期限内 下3桁提示可 初期当選 
･代表者、同行者共にWEST名義
・郵送物戻りなし...",True,2026-09
wj4zypo6or,,kamiyama-tomohiro-1st-live-tour-2026-input-output,2026-09-18,18:00,Zepp Haneda (TOKYO),electronic,none,公演当日にログイン情報お伝え,るん,5.0,,番手,2026-09-03 14:03:33,,2026-09-04 19:01:10,,,listing,1,20000,"FC先行/初期当選/3名義中2番手/下3桁提示可
該当名義/有効期限内/着ブロ希望なし
公演当日、開場30分前頃に会場付近に集合し、ログイン情報をお伝えしますの...",True,2026-09
9qp11rpsah,,kamiyama-tomohiro-1st-live-tour-2026-input-output,2026-09-18,18:00,Zepp Haneda (TOKYO),electronic,none,公演当日にログイン情報お伝え,るん,5.0,,番手,2026-09-03 13:57:28,,2026-09-04 19:01:10,,,listing,1,11000,"FC先行/初期当選/3名義中3番手/下3桁提示可
該当名義/有効期限内/着ブロ希望なし
公演当日、開場30分前頃に会場付近に集合し、ログイン情報をお伝えしますの...",True,2026-09
z28p01sn7p,,kamiyama-tomohiro-1st-live-tour-2026-input-output,2026-09-18,18:00,Zepp Haneda (TOKYO),electronic,female,公演前日にQRコード共有,a,5.0,,QR,2026-09-03 10:26:27,,2026-09-04 19:01:10,2026-09-04 19:01:10,transition_observed,sold,1,15000,"単番QRごとのお譲り。初期当選重複すり替えなし。
公演前日にログイン情報をお伝えします。当日入場されましたら速やかにログアウト、受け取り連絡のご対応をお願い致し...",True,2026-09
otx6lxae4v,,kamiyama-tomohiro-1st-live-tour-2026-input-output,2026-09-18,18:00,Zepp Haneda (TOKYO),electronic,female,当日同時入場,あ,5.0,,同行,2026-09-03 00:27:14,,2026-09-04 19:01:10,,,listing,1,17000,"2連中の1枚/重複すり替えなし/下3桁提示可能


・2連中の1枚 すり替えなし 下3桁提示可能
・同時入場後、その場で受け取り連絡をお願いいたします。
・集合...",True,2026-09
ke2p1o7jun,,kamiyama-tomohiro-1st-live-tour-2026-input-output,2026-09-19,13:00,Zepp Haneda (TOKYO),electronic,female,当日合流後ログイン情報共有,ぷぷぷ,5.0,,ランダム記載あり,2026-09-01 22:42:32,,2026-09-04 19:01:10,,,listing,1,9000,"FC先行/初期当選/着ブロ希望なし/有効期限内名義/神山名義（変更ボタンあり）/Pay-easy決済

公演当日、開場15〜30分前に会場付近にてお待ち合わせし...",True,2026-09
5aotg8qq4u,,kamiyama-tomohiro-1st-live-tour-2026-input-output,2026-09-19,18:00,Zepp Haneda (TOKYO),electronic,female,当日集合後ログイン情報提示,あ,5.0,,番手,2026-09-03 11:02:11,,2026-09-04 19:01:10,,,listing,2,10000,"FC先行/初期当選/着ブロ希望なし/有効期限内名義/該当名義/3名義中3番手

公演当日、開場15〜30分前に会場付近にて集合予定です。
合流後買い手様の端末を...",True,2026-09
fcq3ovrzxs,,kamiyama-tomohiro-1st-live-tour-2026-input-output,2026-09-19,18:00,Zepp Haneda (TOKYO),electronic,female,公演前日までにログイン情報共有,あ,5.0,,QR,2026-09-02 13:20:18,,2026-09-04 19:01:10,,,listing,1,17000,"QRごと/FC初期当選/すり替えなし/有効期限内名義/発送物戻り無し/着ブロ希望なし/座席未定
同時入場なし/他FCエラーなし/過去ランダムエラーなし
会員番号...",True,2026-09
pu3gdmhpeu,,kamiyama-tomohiro-1st-live-tour-2026-input-output,2026-09-19,18:00,Zepp Haneda (TOKYO),electronic,female,当日合流後ログイン情報共有,ぷぷぷ,5.0,,ランダム記載あり,2026-09-01 22:43:25,,2026-09-04 19:01:10,,,listing,1,12000,"FC先行/初期当選/着ブロ希望なし/有効期限内名義/神山名義（変更ボタンあり）/Pay-easy決済

公演当日、開場15〜30分前に会場付近にてお待ち合わせし...",True,2026-09
2v55u3evur,1788392216845,kamiyama-tomohiro-1st-live-tour-2026-input-output,2026-10-01,18:00,Zepp Nagoya,electronic,female,開場前に合流,m,5.0,,番手,2026-09-02 23:36:56,,2026-09-04 05:01:12,,,deleted,1,8000,"2名義中2番手
開場前に合流後、端末をお借りし、ログインして頂きます。",True,2026-09
d27uyder2e,,kamiyama-tomohiro-1st-live-tour-2026-input-output,2026-10-14,19:00,Zepp Namba (OSAKA),electronic,female,当日同時入場,A.,5.0,,番手,2026-09-02 14:19:58,,2026-09-04 19:01:10,,,listing,2,10000,"2名義中2番手/開場時間に入場し、席確認終わり次第即お渡しします。
FC先行/初期当選/該当名義/着ブロ選択無し
即1.0、値下げ交渉可能ですのでお気軽にメッセ...",True,2026-09
o7mb50eyzu,,kamiyama-tomohiro-1st-live-tour-2026-input-output,2026-10-14,19:00,Zepp Namba (OSAKA),electronic,female,当日合流後ログイン情報共有,ぷぷぷ,5.0,,ランダム記載あり,2026-09-01 22:51:40,,2026-09-04 19:01:10,,,listing,1,9000,"FC先行/初期当選/着ブロ希望なし/有効期限内名義/神山名義（変更ボタンあり）/Pay-easy決済

公演当日、開場15〜30分前に会場付近にてお待ち合わせし...",True,2026-09
5o0948azus,,kamiyama-tomohiro-1st-live-tour-2026-input-output,2026-10-15,13:00,Zepp Namba (OSAKA),electronic,female,当日合流後ログイン情報共有,ぷぷぷ,5.0,,ランダム記載あり,2026-09-01 22:49:50,,2026-09-04 19:01:10,,,listing,1,9000,"FC先行/初期当選/着ブロ希望なし/有効期限内名義/神山名義（変更ボタンあり）/Pay-easy決済

公演当日、開場15〜30分前に会場付近にてお待ち合わせし...",True,2026-09
9i9ipgsx0a,,kamiyama-tomohiro-1st-live-tour-2026-input-output,2026-10-15,18:00,Zepp Namba (OSAKA),pickup_number,female,前日までにQRのログイン情報を共有します,ね,4.3,,QR,2026-09-01 11:02:24,,2026-09-04 19:01:10,,,listing,1,11000,,True,2026-09
z5s09uoe4w,,kamiyama-tomohiro-1st-live-tour-2026-input-output,2026-10-15,18:00,Zepp Namba (OSAKA),electronic,female,当日合流後ログイン情報共有,ぷぷぷ,5.0,,ランダム記載あり,2026-09-01 22:49:03,,2026-09-04 19:01:10,,,listing,1,8000,"FC先行/初期当選/着ブロ希望なし/有効期限内名義/神山名義（変更ボタンあり）/Pay-easy決済

公演当日、開場15〜30分前に会場付近にてお待ち合わせし...",True,2026-09
a8u7tsgzww,,kamigata-expo-park-fes-2026,2026-10-31,,[大阪府] 万博記念公園,electronic,female,QRごと 公演日7日前までにQRコード共有,m,5.0,,QR,2026-09-04 01:21:38,,2026-09-04 19:01:10,,,listing,2,30000,"なにわ名義 有効期限内 下3桁開示可
公演前日にマイページにてログイン情報お伝えします。
入場後は速やかにログアウト及び受け取り評価をお願いします。
公演中止の...",True,2026-09
86h04dslys,,kamiyama-tomohiro-1st-live-tour-2026-input-output,2026-09-19,13:00,Zepp Haneda (TOKYO),electronic,female,公演前日入場に必要な情報共有,nco,5.0,,,2026-09-04 02:49:50,,2026-09-04 19:01:10,,,listing,1,9000,"第一当選枠/QRごと/下3桁提示可能/神山智洋名義
いかなる理由でも返金等できません。ご了承ください。",True,2026-09
undnp8jxsr,,rocknroll-stage-2026,2026-11-13,18:00,東京建物 ぴあ シアター,pickup_number,female,公演日7日前までに発券番号共有,🤍,5.0,,,2026-09-04 06:46:02,,2026-09-05 05:01:11,,,deleted,1,25000,S席 座席未定,True,2026-09
669k6ydf46,,rocknroll-stage-2026,2026-11-14,13:00,東京建物 ぴあ シアター,pickup_number,female,公演日7日前までに発券番号共有,🤍,5.0,,,2026-09-04 06:48:33,,2026-09-04 19:01:10,2026-09-04 19:01:10,transition_observed,sold,1,25000,S席 座席未定,True,2026-09
862xyb2v03,,kamigata-expo-park-fes-2026,2026-11-01,,[大阪府] 万博記念公園,electronic,female,同行,ゆあ,5.0,,同行番手,2026-09-04 09:27:21,,2026-09-04 19:01:10,2026-09-04 19:01:10,transition_observed,sold,2,28000,"初期当選/3名義中3番手/すり替え無し/下3桁提示可/有効期限内

★代表者・同行者共になにわ男子FCで登録済み
不備名義なし

※公式にて「TAKOYAKI...",True,2026-09
rr690ufm15,,kamigata-expo-park-fes-2026,2026-11-01,,[大阪府] 万博記念公園,electronic,female,同行,みゅる,5.0,,番手,2026-09-04 09:29:00,,2026-09-04 19:01:10,,,listing,2,24000,"2名義中2番手/すり替えなし(会員番号の下3桁提示可能)
SUPER EIGHT(代表)×Aぇ(同行)、
なにわ男子(代表)×なにわ男子(同行)
全名義 該当F...",True,2026-09
5792sjf9cx,,rocknroll-stage-2026,2026-11-07,18:00,兵庫県立芸術文化センター 阪急 中ホール,paper,female,公演日7日前までに郵送,m,5.0,,,2026-09-04 09:22:26,,2026-09-05 05:01:11,,,deleted,1,30000,"出演者FC当選(WEST.ではありません)
座席未定/重複すり替えなし

2連のうちの1枚ですので、
発券後にレターパックプラスにて郵送いたします。(発券開始1...",True,2026-09
sngpgudk9u,,kamigata-expo-park-fes-2026,2026-10-31,,[大阪府] 万博記念公園,electronic,female,同行,ゆちゃん,5.0,,同行,2026-09-04 10:05:16,,2026-09-04 19:01:10,,,listing,1,85000,"初期当選/重複すり替え無し/下3桁提示可/有効期限内//なにわ名義/FC同士
【当選歴】
1stLove アリーナ
POPMALL スタンド
Alpha 花道横...",True,2026-09
73lhruhhqu,,kamiyama-tomohiro-1st-live-tour-2026-input-output,2026-09-18,18:00,Zepp Haneda (TOKYO),electronic,female,公演日1日前までにQRコード共有,みよ,5.0,,QR,2026-09-04 12:14:07,,2026-09-04 19:01:10,,,listing,1,11000,QRごと　前日18時以降に当方が選ばなかった名義のログイン情報を共有します。,True,2026-09
gwvlub1zgw,,kamiyama-tomohiro-1st-live-tour-2026-input-output,2026-09-19,13:00,Zepp Haneda (TOKYO),electronic,female,公演日1日前までにQRコード共有,みよ,5.0,,QR,2026-09-04 12:19:09,,2026-09-04 19:01:10,2026-09-04 19:01:10,transition_observed,sold,1,10000,QRごと　前日18時以降に当方が選ばなかった名義のログイン情報を共有します。,True,2026-09
w0kk1ips64,,kamiyama-tomohiro-1st-live-tour-2026-input-output,2026-09-19,18:00,Zepp Haneda (TOKYO),electronic,none,公演前日にログイン情報お伝え,るん,5.0,,QR,2026-09-04 14:03:01,,2026-09-04 19:01:10,,,listing,1,16000,"FC先行/すり替えなしQR毎/初期当選/下3桁提示可
該当名義/有効期限内/着ブロ希望なし
公演前日にログイン情報をお伝えしますので、ご自身の端末にて入場をお願...",True,2026-09
sold_kamigata-expo-park-fes-2026__50000,,kamigata-expo-park-fes-2026,2026-10-31,,[大阪府] 万博記念公園,electronic,female,公演日前日にログイン情報共有,,,,,2026-09-04 19:01:10,,2026-09-04 19:01:10,,historical_unknown,sold,1,50000,"初期当選、有効期限内、下3桁提示可、重複すり替えなし

公演日前日にログイン情報を連絡ボードにてお伝え致します。公演日当日入場後は速やかにログアウトして頂き、必...",False,2026-09
sold_kamigata-expo-park-fes-2026__19500,,kamigata-expo-park-fes-2026,2026-10-31,,[大阪府] 万博記念公園,electronic,female,同行,,,,,2026-09-04 19:01:10,,2026-09-04 19:01:10,,historical_unknown,sold,1,19500,"FC先行/有効期限内/すり替えなしのランダム配布

・8:30〜11:00の間でどの時間帯でも待ち合わせできる方でお願いします。時間厳守となります、遅刻された場...",False,2026-09
sold_kamigata-expo-park-fes-2026__30000,,kamigata-expo-park-fes-2026,2026-10-31,,[大阪府] 万博記念公園,electronic,female,公演2〜3日前にQRコード共有,,,,,2026-09-04 19:01:10,,2026-09-04 19:01:10,,historical_unknown,sold,1,30000,"Ａぇ名義/座席未定/単番QR/有効期限内/重複すり替えなし/下3桁提示可能/初期当選

・2～3日前に連絡ボードにて必要な情報をお伝えいたします。
・入場後、速...",False,2026-09
sold_kamigata-expo-park-fes-2026__10000,,kamigata-expo-park-fes-2026,2026-10-31,,[大阪府] 万博記念公園,electronic,female,公演日前日までにQRコード共有,,,,,2026-09-04 19:01:10,,2026-09-04 19:01:10,,historical_unknown,sold,1,10000,"8/2523:59までに定価手数料のお支払いをお願いいたします。

AぇFC/QR毎/初期当選/下3桁提示可/有効期限内/発送物戻り・過去エラーなし/重複すり替...",False,2026-09
sold_kamigata-expo-park-fes-2026__18000,,kamigata-expo-park-fes-2026,2026-10-31,,[大阪府] 万博記念公園,electronic,female,同時入場 2名義中2番手 ,,,,,2026-09-04 19:01:10,,2026-09-04 19:01:10,,historical_unknown,sold,1,18000,"単番 2名義中2番手 すり替えなし下3桁提示可
なにわ名義①ジュニア名義①

エラー/郵送物戻りなし

ご購入は日本語がご理解いただける方のみお願い致します。...",False,2026-09
sold_kamigata-expo-park-fes-2026__20000,,kamigata-expo-park-fes-2026,2026-10-31,,[大阪府] 万博記念公園,electronic,female,同行,,,,,2026-09-04 19:01:10,,2026-09-04 19:01:10,,historical_unknown,sold,1,20000,"FC先行/有効期限内/すり替えなしのランダム配布

・8:30〜11:00の間でどの時間帯でも待ち合わせできる方でお願いします。時間厳守となります、遅刻された場...",False,2026-09
sold_kamigata-expo-park-fes-2026__40000,,kamigata-expo-park-fes-2026,2026-10-31,,[大阪府] 万博記念公園,electronic,female,公演日2日前までにQRコード共有,,,,,2026-09-04 19:01:10,,2026-09-04 19:01:10,,historical_unknown,sold,2,40000,"WESTFC枠
該当名義(変更ボタンあり)初期当選 有効期限内会員 過去エラー等の不備なし
QRでのお譲り すり替えなし 下3桁提示可能

公演2日前までにログ...",False,2026-09
sold_kamigata-expo-park-fes-2026__29000,,kamigata-expo-park-fes-2026,2026-10-31,,[大阪府] 万博記念公園,electronic,female,公演日7日前までにQRコード共有,,,,,2026-09-04 19:01:10,,2026-09-04 19:01:10,,historical_unknown,sold,1,29000,"なにわ男子名義/初期当選/有効期限内会員/
QRでのお譲り/すり替えなし/ 下3桁提示可能

公演前日までにログイン情報を送付します。

公演中止の場合は返金し...",False,2026-09
sold_kamigata-expo-park-fes-2026__52000,,kamigata-expo-park-fes-2026,2026-10-31,,[大阪府] 万博記念公園,electronic,female,公演日7日前までにQRコード共有,,,,,2026-09-04 19:01:10,,2026-09-04 19:01:10,,historical_unknown,sold,2,52000,お値下げ🉑Aぇ名義/QR毎/重複すり替えなし/初期当選/該当名義/有効期間内/変更ボタンあり/下３桁提示/公演前日までに連絡ボードにてログイン情報をお伝え致し...,False,2026-09
sold_kamigata-expo-park-fes-2026__31000,,kamigata-expo-park-fes-2026,2026-10-31,,[大阪府] 万博記念公園,electronic,female,公演前日までにQRコード共有,,,,,2026-09-04 19:01:10,,2026-09-04 19:01:10,,historical_unknown,sold,1,31000,"なにわ男子名義/初期当選/有効期限内会員/QRでのお譲り/すり替えなし/下3桁提示可能

公演前日にログイン情報を送付します。
入場後は速やかにログアウトくださ...",False,2026-09
sold_kamigata-expo-park-fes-2026__23000,,kamigata-expo-park-fes-2026,2026-10-31,,[大阪府] 万博記念公園,electronic,female,公演日前日までにQRコード共有,,,,,2026-09-04 19:01:10,,2026-09-04 19:01:10,,historical_unknown,sold,1,23000,"
・QR毎 単番
・初期当選 有効期限内 下3桁提示可
・郵送物戻りなし 
・過去エラーなし
・公演前日にログイン情報をお伝えします
・体調不良 / 交通機関の...",False,2026-09
sold_kamigata-expo-park-fes-2026__22000,,kamigata-expo-park-fes-2026,2026-10-31,,[大阪府] 万博記念公園,electronic,none,同行,,,,,2026-09-04 19:01:10,,2026-09-04 19:01:10,,historical_unknown,sold,2,22000,"FC先行/有効期限内/3名義中3番手/全てデビュー組名義/すり替えなし

3名義中1名義は男性名義が代表者での当選となります。

当日の集合時間・場所等に関して...",False,2026-09
sold_kamigata-expo-park-fes-2026__3200,,kamigata-expo-park-fes-2026,2026-10-31,,[大阪府] 万博記念公園,electronic,female,公演前日までにQRコード共有,,,,,2026-09-04 19:01:10,,2026-09-04 19:01:10,,historical_unknown,sold,1,3200,"※8/25(火)23:59までにPay-easyにて別途定価+手数料（16800円）支払い可能な方のみ

※評価4.9以下の方は購入をお控えください

FC先行...",False,2026-09
sold_kamigata-expo-park-fes-2026__34000,,kamigata-expo-park-fes-2026,2026-11-01,,[大阪府] 万博記念公園,electronic,female,公演日1日前までにQRコード共有,,,,,2026-09-04 19:01:10,,2026-09-04 19:01:10,,historical_unknown,sold,2,34000,"Aぇ名義/初期当選/ 座席未定 / QR毎 /下3桁提示可/ 有効期限内 / 発送物戻りなし/着ブロ希望なし/ コンビニ決済

プラベ出品対応可能です。
同行者...",False,2026-09
sold_kamigata-expo-park-fes-2026__15000,,kamigata-expo-park-fes-2026,2026-11-01,,[大阪府] 万博記念公園,electronic,female,公演日前日にQRコード共有,,,,,2026-09-04 19:01:10,,2026-09-04 19:01:10,,historical_unknown,sold,2,15000,"※8/24(火)23:59までに、Pay-easyにて別途定価＋手数料（16,800円）のお支払いが可能な方のみ

Aぇ名義／初期当選／QR毎／座席未定／重複す...",False,2026-09
sold_kamigata-expo-park-fes-2026__16500,,kamigata-expo-park-fes-2026,2026-11-01,,[大阪府] 万博記念公園,electronic,female,公演日前日までにQRコード共有,,,,,2026-09-04 19:01:10,,2026-09-04 19:01:10,,historical_unknown,sold,2,16500,"⚠️〜8月24日中に入金して頂ける方⚠️

Aぇ名義/初期当選/ QR毎 2連 /FC同士/下3桁提示可/ 有効期限内 /重複すり替え無し/発送物戻りなし

入...",False,2026-09
sold_kamigata-expo-park-fes-2026__6200,,kamigata-expo-park-fes-2026,2026-11-01,,[大阪府] 万博記念公園,electronic,female,公演日前日までにQRコード共有,,,,,2026-09-04 19:01:10,,2026-09-04 19:01:10,,historical_unknown,sold,1,6200,"※8/25(火)23:59までにPay-easyにて別途定価+手数料（16800円）支払い可能な方のみ

※評価4.9以下/レビューが1件も無い方は購入をお控え...",False,2026-09
sold_kamiyama-tomohiro-1st-live-tour-2026-input-output__10000,,kamiyama-tomohiro-1st-live-tour-2026-input-output,2026-09-18,18:00,Zepp Haneda (TOKYO),electronic,female,公演日1日前までにQRコード共有,,,,,2026-09-04 19:01:10,,2026-09-04 19:01:10,,historical_unknown,sold,1,10000,QRごと　前日18時以降に当方が選ばなかった名義のログイン情報を共有します。,False,2026-09
sold_kamiyama-tomohiro-1st-live-tour-2026-input-output__9000,,kamiyama-tomohiro-1st-live-tour-2026-input-output,2026-09-18,18:00,Zepp Haneda (TOKYO),electronic,female,当日合流後ログイン情報共有,,,,,2026-09-04 19:01:10,,2026-09-04 19:01:10,,historical_unknown,sold,1,9000,"FC先行/初期当選/着ブロ希望なし/有効期限内名義/神山名義（変更ボタンあり）/Pay-easy決済

公演当日、開場15〜30分前に会場付近にてお待ち合わせし...",False,2026-09
sold_kamiyama-tomohiro-1st-live-tour-2026-input-output__9928,,kamiyama-tomohiro-1st-live-tour-2026-input-output,2026-10-15,18:00,Zepp Namba (OSAKA),electronic,female,公演日1日前までにQRコード共有,,,,,2026-09-04 19:01:10,,2026-09-04 19:01:10,,historical_unknown,sold,1,9928,"2連中の1枚/公演日前日にログイン情報送付、または公演当日に会場前にて先方様端末にてログインさせていただきQR表示

主催者都合の公演中止以外は、如何なる理由で...",False,2026-09
sold_kamiyama-tomohiro-1st-live-tour-2026-input-output__9500,,kamiyama-tomohiro-1st-live-tour-2026-input-output,2026-10-15,18:00,Zepp Namba (OSAKA),electronic,female,同行,,,,,2026-09-04 19:01:10,,2026-09-04 19:01:10,,historical_unknown,sold,1,9500,"FC先行/該当名義/座席未定/同行/すり替えなし/有効期限内/初期当選/下3桁提示可能/着ブロ希望

公演中止以外いかなる理由でも返金不可のためご了承ください。...",False,2026-09
wnujt9hch6,,rocknroll-stage-2026,2026-11-07,18:00,兵庫県立芸術文化センター 阪急 中ホール,paper,female,公演日7日前までに郵送,m,5.0,,,2026-09-05 05:01:11,,2026-09-06 01:01:11,,,deleted,1,30000,"出演者FC当選(WEST.ではありません)
座席未定/重複すり替えなし

2連のうちの1枚ですので、
発券後にレターパックプラスにて郵送いたします。(発券開始1...",True,2026-09
9outits5yx,,rocknroll-stage-2026,2026-11-13,18:00,東京建物 ぴあ シアター,paper,female,当日手渡し,j,5.0,,,2026-09-05 05:01:11,,2026-09-06 02:01:09,,,deleted,1,32000,"FC枠当選 /該当名義 /自名義/クレジット決済/座席未定
〇購入後下3桁提示可能。

〇当日会場付近にて手渡し/事前手渡し可能(横浜辺りまで対応)/郵送可能(...",True,2026-09
lhzw0kxlmp,,rocknroll-stage-2026,2026-11-13,18:00,東京建物 ぴあ シアター,pickup_number,female,公演日7日前までに発券番号共有,🤍,5.0,,,2026-09-05 05:01:11,,2026-09-06 01:01:11,,,deleted,1,25000,S席 座席未定,True,2026-09
znak0akyd1,,rocknroll-stage-2026,2026-11-25,18:00,東京建物 ぴあ シアター,paper,female,当日手渡し,N,5.0,,同行,2026-09-05 05:01:11,,2026-09-06 02:01:09,,,deleted,1,85000,"FC先行/小瀧名義/下3桁提示可能/

公演中止以外返金不可

名古屋事前手渡し、当日手渡し、郵送可能",True,2026-09
b81qunsayx,,rocknroll-stage-2026,2026-11-26,13:00,東京建物 ぴあ シアター,paper,female,公演日7日前までに郵送,瀧,5.0,,,2026-09-05 05:01:11,,2026-09-06 02:01:09,,,deleted,1,16500,"チケット代未払いです。
チケットの13300円もお支払いいただきます。ご了承ください。　
小瀧名義、ファンクラブ先行",True,2026-09
g3q60e5n1v,,rocknroll-stage-2026,2026-12-01,13:00,東京建物 ぴあ シアター,paper,female,公演日7日前までに郵送,y☆,5.0,,ランダム,2026-09-05 05:01:11,,2026-09-06 02:01:09,,,deleted,1,0,"FC枠当選 /該当名義 /コンビニ決済/座席未定/購入後のみ下3桁提示可能

当日会場付近にて手渡しまたは追跡付き郵送になりますので購入後にご指定ください。...",True,2026-09
ag83spqwri,,rocknroll-stage-2026,2026-12-01,13:00,東京建物 ぴあ シアター,paper,female,公演日7日前までに郵送,y☆,5.0,,ランダム,2026-09-05 05:01:11,,2026-09-06 02:01:09,,,deleted,1,0,"FC枠当選 /該当名義 /コンビニ決済/座席未定/購入後のみ下3桁提示可能

当日会場付近にて手渡しまたは追跡付き郵送になりますので購入後にご指定ください。...",True,2026-09
646rywy5cy,,rocknroll-stage-2026,2026-12-01,13:00,東京建物 ぴあ シアター,paper,female,公演日7日前までに郵送,y☆,5.0,,ランダム,2026-09-05 05:01:11,,2026-09-06 02:01:09,,,deleted,1,0,"FC枠当選 /該当名義 /コンビニ決済/座席未定/購入後のみ下3桁提示可能

当日会場付近にて手渡しまたは追跡付き郵送になりますので購入後にご指定ください。...",True,2026-09
adakdpd170,,rocknroll-stage-2026,2026-12-01,13:00,東京建物 ぴあ シアター,paper,female,公演日7日前までに郵送,y☆,5.0,,ランダム,2026-09-05 05:01:11,,2026-09-06 02:01:09,,,deleted,1,0,"FC枠当選 /該当名義 /コンビニ決済/座席未定/購入後のみ下3桁提示可能

当日会場付近にて手渡しまたは追跡付き郵送になりますので購入後にご指定ください。...",True,2026-09
03nty4m1yj,,rocknroll-stage-2026,2026-12-05,18:00,東京建物 ぴあ シアター,paper,female,手元に届き次第に郵送,ララ,5.0,,,2026-09-05 05:01:11,,2026-09-06 02:01:09,,,deleted,2,31500,"FC当選 小瀧x小瀧名義 座席未定
ご希望でしたら下3桁提示可能。
手元に到着次第、レターパックプラスにてお送りします。
チケット送付後は受け取り次第、受取評価...",True,2026-09
nadyvud6je,,rocknroll-stage-2026,2026-11-07,13:00,兵庫県立芸術文化センター 阪急 中ホール,paper,female,公演日7日前までに郵送,みーすけ,5.0,,,2026-09-05 08:01:19,,2026-09-06 01:01:11,,,deleted,1,0,"発券開始前のためS席　座席未定です。
都内にて手渡しも可能です。ご相談ください。",True,2026-09
p400hkt5ed,,rocknroll-stage-2026,2026-11-20,13:00,東京建物 ぴあ シアター,paper,female,公演日7日前までに郵送,ちくわ,5.0,,,2026-09-05 16:01:12,,2026-09-05 17:01:16,,,deleted,1,30000,WEST.FC枠,True,2026-09
24qqfaas9m,,rocknroll-stage-2026,2026-11-20,13:00,東京建物 ぴあ シアター,paper,female,公演日7日前までに郵送,ちくわ,5.0,,,2026-09-05 18:01:09,,2026-09-06 01:01:11,,,deleted,1,30000,"WEST.FC枠

座席に対するクレーム及び公演中止以外返金には対応いたしません。",True,2026-09
annl7yx0t5,,rocknroll-stage-2026,2026-11-07,13:00,兵庫県立芸術文化センター 阪急 中ホール,paper,female,公演日7日前までに郵送,みーすけ,5.0,,,2026-09-06 01:01:11,,2026-09-07 01:01:06,,,deleted,1,0,"発券開始前のためS席　座席未定です。
都内にて手渡しも可能です。ご相談ください。",True,2026-09
kmj8flptvh,,rocknroll-stage-2026,2026-11-07,18:00,兵庫県立芸術文化センター 阪急 中ホール,paper,female,公演日7日前までに郵送,m,5.0,,,2026-09-06 01:01:11,,2026-09-07 01:01:06,,,deleted,1,30000,"出演者FC当選(WEST.ではありません)
座席未定/重複すり替えなし

2連のうちの1枚ですので、
発券後にレターパックプラスにて郵送いたします。(発券開始1...",True,2026-09
l0z73ozpcr,,rocknroll-stage-2026,2026-11-13,18:00,東京建物 ぴあ シアター,pickup_number,female,公演日7日前までに発券番号共有,🤍,5.0,,,2026-09-06 01:01:11,,2026-09-07 01:01:06,,,deleted,1,25000,S席 座席未定,True,2026-09
4lh0apgscz,,rocknroll-stage-2026,2026-11-20,13:00,東京建物 ぴあ シアター,paper,female,公演日7日前までに郵送,ちくわ,5.0,,,2026-09-06 01:01:11,,2026-09-07 01:01:06,,,deleted,1,30000,"WEST.FC枠

座席に対するクレーム及び公演中止以外返金には対応いたしません。",True,2026-09
au1gwz0nan,,rocknroll-stage-2026,2026-11-13,18:00,東京建物 ぴあ シアター,paper,female,当日手渡し,j,5.0,,,2026-09-06 02:01:09,,2026-09-07 02:01:09,,,deleted,1,32000,"FC枠当選 /該当名義 /自名義/クレジット決済/座席未定
〇購入後下3桁提示可能。

〇当日会場付近にて手渡し/事前手渡し可能(横浜辺りまで対応)/郵送可能(...",True,2026-09
mka0i9yhzu,,rocknroll-stage-2026,2026-11-13,18:00,東京建物 ぴあ シアター,pickup_number,female,発券開始の10/30(金)に発券に必要な番号を共有いたします。,る,5.0,,,2026-09-06 02:01:09,,2026-09-07 01:01:06,,,deleted,2,19000,"11/1(日)までにローソンにて発券を行い速やかに受取済連絡可能な方のみご購入をお願いいたします。

発券後に座席が判明いたします。座席に関する質問や発券後のク...",True,2026-09
at4gd7myuf,,rocknroll-stage-2026,2026-11-25,18:00,東京建物 ぴあ シアター,paper,female,当日手渡し,N,5.0,,同行,2026-09-06 02:01:09,,2026-09-07 02:01:09,,,deleted,1,85000,"FC先行/小瀧名義/下3桁提示可能/

公演中止以外返金不可

名古屋事前手渡し、当日手渡し、郵送可能",True,2026-09
o5zibnpu14,,rocknroll-stage-2026,2026-11-26,13:00,東京建物 ぴあ シアター,paper,female,公演日7日前までに郵送,瀧,5.0,,,2026-09-06 02:01:09,,2026-09-07 02:01:09,,,deleted,1,16500,"チケット代未払いです。
チケットの13300円もお支払いいただきます。ご了承ください。　
小瀧名義、ファンクラブ先行",True,2026-09
6x5ayhtwf7,,rocknroll-stage-2026,2026-12-01,13:00,東京建物 ぴあ シアター,paper,female,公演日7日前までに郵送,y☆,5.0,,ランダム,2026-09-06 02:01:09,,2026-09-07 02:01:09,,,deleted,1,0,"FC枠当選 /該当名義 /コンビニ決済/座席未定/購入後のみ下3桁提示可能

当日会場付近にて手渡しまたは追跡付き郵送になりますので購入後にご指定ください。...",True,2026-09
ztv24fyxg2,,rocknroll-stage-2026,2026-12-01,13:00,東京建物 ぴあ シアター,paper,female,公演日7日前までに郵送,y☆,5.0,,ランダム,2026-09-06 02:01:09,,2026-09-07 02:01:09,,,deleted,1,0,"FC枠当選 /該当名義 /コンビニ決済/座席未定/購入後のみ下3桁提示可能

当日会場付近にて手渡しまたは追跡付き郵送になりますので購入後にご指定ください。...",True,2026-09
oy8fiobkyq,,rocknroll-stage-2026,2026-12-01,13:00,東京建物 ぴあ シアター,paper,female,公演日7日前までに郵送,y☆,5.0,,ランダム,2026-09-06 02:01:09,,2026-09-07 02:01:09,,,deleted,1,0,"FC枠当選 /該当名義 /コンビニ決済/座席未定/購入後のみ下3桁提示可能

当日会場付近にて手渡しまたは追跡付き郵送になりますので購入後にご指定ください。...",True,2026-09
yrqhe26p9o,,rocknroll-stage-2026,2026-12-01,13:00,東京建物 ぴあ シアター,paper,female,公演日7日前までに郵送,y☆,5.0,,ランダム,2026-09-06 02:01:09,,2026-09-07 02:01:09,,,deleted,1,0,"FC枠当選 /該当名義 /コンビニ決済/座席未定/購入後のみ下3桁提示可能

当日会場付近にて手渡しまたは追跡付き郵送になりますので購入後にご指定ください。...",True,2026-09
bu8jfup9v3,,rocknroll-stage-2026,2026-12-05,18:00,東京建物 ぴあ シアター,paper,female,手元に届き次第に郵送,ララ,5.0,,,2026-09-06 02:01:09,,2026-09-07 02:01:09,,,deleted,2,31500,"FC当選 小瀧x小瀧名義 座席未定
ご希望でしたら下3桁提示可能。
手元に到着次第、レターパックプラスにてお送りします。
チケット送付後は受け取り次第、受取評価...",True,2026-09
biu4j8twfv,,rocknroll-stage-2026,2026-11-07,13:00,兵庫県立芸術文化センター 阪急 中ホール,paper,female,公演日7日前までに郵送,みーすけ,5.0,,,2026-09-07 01:01:06,,2026-09-08 01:01:10,,,deleted,1,0,"発券開始前のためS席　座席未定です。
都内にて手渡しも可能です。ご相談ください。",True,2026-09
1recziwjg2,,rocknroll-stage-2026,2026-11-07,18:00,兵庫県立芸術文化センター 阪急 中ホール,paper,female,公演日7日前までに郵送,m,5.0,,,2026-09-07 01:01:06,,2026-09-08 01:01:10,,,deleted,1,30000,"出演者FC当選(WEST.ではありません)
座席未定/重複すり替えなし

2連のうちの1枚ですので、
発券後にレターパックプラスにて郵送いたします。(発券開始1...",True,2026-09
umr91vr3o5,,rocknroll-stage-2026,2026-11-13,18:00,東京建物 ぴあ シアター,pickup_number,female,公演日7日前までに発券番号共有,🤍,5.0,,,2026-09-07 01:01:06,,2026-09-08 01:01:10,,,deleted,1,25000,S席 座席未定,True,2026-09
rm5jlw6fjl,,rocknroll-stage-2026,2026-11-13,18:00,東京建物 ぴあ シアター,pickup_number,female,発券開始の10/30(金)に発券に必要な番号を共有いたします。,る,5.0,,,2026-09-07 01:01:06,,2026-09-08 01:01:10,,,deleted,2,18500,"11/1(日)までにローソンにて発券を行い速やかに受取済連絡可能な方のみご購入をお願いいたします。

発券後に座席が判明いたします。座席に関する質問や発券後のク...",True,2026-09
fr8gmmcraf,,rocknroll-stage-2026,2026-11-20,13:00,東京建物 ぴあ シアター,paper,female,公演日7日前までに郵送,ちくわ,5.0,,,2026-09-07 01:01:06,,2026-09-08 01:01:10,,,deleted,1,30000,"WEST.FC枠

座席に対するクレーム及び公演中止以外返金には対応いたしません。",True,2026-09
k0miy183g1,,rocknroll-stage-2026,2026-11-13,18:00,東京建物 ぴあ シアター,paper,female,当日手渡し,j,5.0,,,2026-09-07 02:01:09,,2026-09-08 02:01:09,,,deleted,1,32000,"FC枠当選 /該当名義 /自名義/クレジット決済/座席未定
〇購入後下3桁提示可能。

〇当日会場付近にて手渡し/事前手渡し可能(横浜辺りまで対応)/郵送可能(...",True,2026-09
gd6ca9f3h6,,rocknroll-stage-2026,2026-11-25,18:00,東京建物 ぴあ シアター,paper,female,当日手渡し,N,5.0,,同行,2026-09-07 02:01:09,,2026-09-08 02:01:09,,,deleted,1,85000,"FC先行/小瀧名義/下3桁提示可能/

公演中止以外返金不可

名古屋事前手渡し、当日手渡し、郵送可能",True,2026-09
qkg0ixn8jn,,rocknroll-stage-2026,2026-11-26,13:00,東京建物 ぴあ シアター,paper,female,公演日7日前までに郵送,瀧,5.0,,,2026-09-07 02:01:09,,2026-09-08 02:01:09,,,deleted,1,16500,"チケット代未払いです。
チケットの13300円もお支払いいただきます。ご了承ください。　
小瀧名義、ファンクラブ先行",True,2026-09
n1a6bv14cd,,rocknroll-stage-2026,2026-12-01,13:00,東京建物 ぴあ シアター,paper,female,公演日7日前までに郵送,y☆,5.0,,ランダム,2026-09-07 02:01:09,,2026-09-08 02:01:09,,,deleted,1,0,"FC枠当選 /該当名義 /コンビニ決済/座席未定/購入後のみ下3桁提示可能

当日会場付近にて手渡しまたは追跡付き郵送になりますので購入後にご指定ください。...",True,2026-09
w2q6t7qoaj,,rocknroll-stage-2026,2026-12-01,13:00,東京建物 ぴあ シアター,paper,female,公演日7日前までに郵送,y☆,5.0,,ランダム,2026-09-07 02:01:09,,2026-09-08 02:01:09,,,deleted,1,0,"FC枠当選 /該当名義 /コンビニ決済/座席未定/購入後のみ下3桁提示可能

当日会場付近にて手渡しまたは追跡付き郵送になりますので購入後にご指定ください。...",True,2026-09
9564bk6o5p,,rocknroll-stage-2026,2026-12-01,13:00,東京建物 ぴあ シアター,paper,female,公演日7日前までに郵送,y☆,5.0,,ランダム,2026-09-07 02:01:09,,2026-09-08 02:01:09,,,deleted,1,0,"FC枠当選 /該当名義 /コンビニ決済/座席未定/購入後のみ下3桁提示可能

当日会場付近にて手渡しまたは追跡付き郵送になりますので購入後にご指定ください。...",True,2026-09
zqk0jbtab4,,rocknroll-stage-2026,2026-12-01,13:00,東京建物 ぴあ シアター,paper,female,公演日7日前までに郵送,y☆,5.0,,ランダム,2026-09-07 02:01:09,,2026-09-08 02:01:09,,,deleted,1,0,"FC枠当選 /該当名義 /コンビニ決済/座席未定/購入後のみ下3桁提示可能

当日会場付近にて手渡しまたは追跡付き郵送になりますので購入後にご指定ください。...",True,2026-09
89ay5f1v4t,,rocknroll-stage-2026,2026-12-05,18:00,東京建物 ぴあ シアター,paper,female,手元に届き次第に郵送,ララ,5.0,,,2026-09-07 02:01:09,,2026-09-08 02:01:09,,,deleted,2,31500,"FC当選 小瀧x小瀧名義 座席未定
ご希望でしたら下3桁提示可能。
手元に到着次第、レターパックプラスにてお送りします。
チケット送付後は受け取り次第、受取評価...",True,2026-09
ru8avztow5,,rocknroll-stage-2026,2026-11-07,13:00,兵庫県立芸術文化センター 阪急 中ホール,paper,female,公演日7日前までに郵送,みーすけ,5.0,,,2026-09-08 01:01:10,,2026-09-09 01:01:11,,,deleted,1,0,"発券開始前のためS席　座席未定です。
都内にて手渡しも可能です。ご相談ください。",True,2026-09
rxr58wcbfn,,rocknroll-stage-2026,2026-11-07,18:00,兵庫県立芸術文化センター 阪急 中ホール,paper,female,公演日7日前までに郵送,m,5.0,,,2026-09-08 01:01:10,,2026-09-09 01:01:11,,,deleted,1,30000,"出演者FC当選(WEST.ではありません)
座席未定/重複すり替えなし

2連のうちの1枚ですので、
発券後にレターパックプラスにて郵送いたします。(発券開始1...",True,2026-09
kat2c9bxxx,,rocknroll-stage-2026,2026-11-13,18:00,東京建物 ぴあ シアター,pickup_number,female,公演日7日前までに発券番号共有,🤍,5.0,,,2026-09-08 01:01:10,,2026-09-09 01:01:11,,,deleted,1,25000,S席 座席未定,True,2026-09
ncvsjt5p3q,,rocknroll-stage-2026,2026-11-13,18:00,東京建物 ぴあ シアター,pickup_number,female,発券開始の10/30(金)に発券に必要な番号を共有いたします。,る,5.0,,,2026-09-08 01:01:10,,2026-09-08 14:01:15,,,deleted,2,18000,"11/1(日)までにローソンにて発券を行い速やかに受取済連絡可能な方のみご購入をお願いいたします。

発券後に座席が判明いたします。座席に関する質問や発券後のク...",True,2026-09
1d4camnk6s,,rocknroll-stage-2026,2026-11-20,13:00,東京建物 ぴあ シアター,paper,female,公演日7日前までに郵送,ちくわ,5.0,,,2026-09-08 01:01:10,,2026-09-09 01:01:11,,,deleted,1,30000,"WEST.FC枠

座席に対するクレーム及び公演中止以外返金には対応いたしません。",True,2026-09
kzw495v1nh,,rocknroll-stage-2026,2026-11-13,18:00,東京建物 ぴあ シアター,paper,female,当日手渡し,j,5.0,,,2026-09-08 02:01:09,,2026-09-09 02:01:07,,,deleted,1,30000,"FC枠当選 /該当名義 /自名義/クレジット決済/座席未定
〇購入後下3桁提示可能。

〇当日会場付近にて手渡し/事前手渡し可/郵送可(レターパックプラスにて発...",True,2026-09
n7t4zck4uu,,rocknroll-stage-2026,2026-11-25,18:00,東京建物 ぴあ シアター,paper,female,当日手渡し,N,5.0,,同行,2026-09-08 02:01:09,,2026-09-09 02:01:07,,,deleted,1,85000,"FC先行/小瀧名義/下3桁提示可能/

公演中止以外返金不可

名古屋事前手渡し、当日手渡し、郵送可能",True,2026-09
ov3h7tu9or,,rocknroll-stage-2026,2026-11-26,13:00,東京建物 ぴあ シアター,paper,female,公演日7日前までに郵送,瀧,5.0,,,2026-09-08 02:01:09,,2026-09-09 02:01:07,,,deleted,1,16500,"チケット代未払いです。
チケットの13300円もお支払いいただきます。ご了承ください。　
小瀧名義、ファンクラブ先行",True,2026-09
q6fkui52zf,,rocknroll-stage-2026,2026-12-01,13:00,東京建物 ぴあ シアター,paper,female,公演日7日前までに郵送,y☆,5.0,,ランダム,2026-09-08 02:01:09,,2026-09-09 02:01:07,,,deleted,1,0,"FC枠当選 /該当名義 /コンビニ決済/座席未定/購入後のみ下3桁提示可能

当日会場付近にて手渡しまたは追跡付き郵送になりますので購入後にご指定ください。...",True,2026-09
b008xo737s,,rocknroll-stage-2026,2026-12-01,13:00,東京建物 ぴあ シアター,paper,female,公演日7日前までに郵送,y☆,5.0,,ランダム,2026-09-08 02:01:09,,2026-09-09 02:01:07,,,deleted,1,0,"FC枠当選 /該当名義 /コンビニ決済/座席未定/購入後のみ下3桁提示可能

当日会場付近にて手渡しまたは追跡付き郵送になりますので購入後にご指定ください。...",True,2026-09
8h47tt1mh5,,rocknroll-stage-2026,2026-12-01,13:00,東京建物 ぴあ シアター,paper,female,公演日7日前までに郵送,y☆,5.0,,ランダム,2026-09-08 02:01:09,,2026-09-09 02:01:07,,,deleted,1,0,"FC枠当選 /該当名義 /コンビニ決済/座席未定/購入後のみ下3桁提示可能

当日会場付近にて手渡しまたは追跡付き郵送になりますので購入後にご指定ください。...",True,2026-09
zraa5r3q4b,,rocknroll-stage-2026,2026-12-01,13:00,東京建物 ぴあ シアター,paper,female,公演日7日前までに郵送,y☆,5.0,,ランダム,2026-09-08 02:01:09,,2026-09-09 02:01:07,,,deleted,1,0,"FC枠当選 /該当名義 /コンビニ決済/座席未定/購入後のみ下3桁提示可能

当日会場付近にて手渡しまたは追跡付き郵送になりますので購入後にご指定ください。...",True,2026-09
eofwsag16c,,rocknroll-stage-2026,2026-12-05,18:00,東京建物 ぴあ シアター,paper,female,手元に届き次第に郵送,ララ,5.0,,,2026-09-08 02:01:09,,2026-09-09 02:01:07,,,deleted,2,31500,"FC当選 小瀧x小瀧名義 座席未定
ご希望でしたら下3桁提示可能。
手元に到着次第、レターパックプラスにてお送りします。
チケット送付後は受け取り次第、受取評価...",True,2026-09
enfumaaudx,,rocknroll-stage-2026,2026-11-17,18:00,東京建物 ぴあ シアター,paper,female,当日手渡し,666,5.0,,,2026-09-08 05:01:12,,2026-09-09 01:01:11,,,deleted,1,20000,"・WEST.FC先行
・日本語に不自由ない方
・時間厳守

同時入場後、半券を回収ささせていただきます。
当日待ち合わせ時間に10分以上遅刻された場合、入場いた...",True,2026-09
0tsw6mp2rw,,rocknroll-stage-2026,2026-11-07,13:00,兵庫県立芸術文化センター 阪急 中ホール,paper,female,公演日7日前までに郵送,みーすけ,5.0,,,2026-09-09 01:01:11,,2026-09-10 01:01:09,,,deleted,1,0,"発券開始前のためS席　座席未定です。
都内にて手渡しも可能です。ご相談ください。",True,2026-09
x8knox58sn,,rocknroll-stage-2026,2026-11-07,18:00,兵庫県立芸術文化センター 阪急 中ホール,paper,female,公演日7日前までに郵送,m,5.0,,,2026-09-09 01:01:11,,2026-09-10 01:01:09,,,deleted,1,30000,"出演者FC当選(WEST.ではありません)
座席未定/重複すり替えなし

2連のうちの1枚ですので、
発券後にレターパックプラスにて郵送いたします。(発券開始1...",True,2026-09
qq66whukh9,,rocknroll-stage-2026,2026-11-13,18:00,東京建物 ぴあ シアター,pickup_number,female,公演日7日前までに発券番号共有,🤍,5.0,,,2026-09-09 01:01:11,,2026-09-10 01:01:09,,,deleted,1,25000,S席 座席未定,True,2026-09
e8v8p3aw2d,,rocknroll-stage-2026,2026-11-17,18:00,東京建物 ぴあ シアター,paper,female,当日手渡し,666,5.0,,,2026-09-09 01:01:11,,2026-09-10 01:01:09,,,deleted,1,20000,"・WEST.FC先行
・日本語に不自由ない方
・時間厳守

同時入場後、半券を回収ささせていただきます。
当日待ち合わせ時間に10分以上遅刻された場合、入場いた...",True,2026-09
2ahf0pcbwv,,rocknroll-stage-2026,2026-11-20,13:00,東京建物 ぴあ シアター,paper,female,公演日7日前までに郵送,ちくわ,5.0,,,2026-09-09 01:01:11,,2026-09-10 01:01:09,,,deleted,1,30000,"WEST.FC枠

座席に対するクレーム及び公演中止以外返金には対応いたしません。",True,2026-09
7m16rmddge,,rocknroll-stage-2026,2026-11-13,18:00,東京建物 ぴあ シアター,paper,female,当日手渡し,j,5.0,,,2026-09-09 02:01:07,,2026-09-10 02:01:10,,,deleted,1,30000,"FC枠当選 /該当名義 /自名義/クレジット決済/座席未定
〇購入後下3桁提示可能。

〇当日会場付近にて手渡し/事前手渡し可/郵送可(レターパックプラスにて発...",True,2026-09
hjandohu3y,,rocknroll-stage-2026,2026-11-25,18:00,東京建物 ぴあ シアター,paper,female,当日手渡し,N,5.0,,同行,2026-09-09 02:01:07,,2026-09-10 02:01:10,,,deleted,1,85000,"FC先行/小瀧名義/下3桁提示可能/

公演中止以外返金不可

名古屋事前手渡し、当日手渡し、郵送可能",True,2026-09
72jv9sj86q,,rocknroll-stage-2026,2026-11-26,13:00,東京建物 ぴあ シアター,paper,female,公演日7日前までに郵送,瀧,5.0,,,2026-09-09 02:01:07,,2026-09-10 02:01:10,,,deleted,1,16500,"チケット代未払いです。
チケットの13300円もお支払いいただきます。ご了承ください。　
小瀧名義、ファンクラブ先行",True,2026-09
p4rjaypu7c,,rocknroll-stage-2026,2026-12-01,13:00,東京建物 ぴあ シアター,paper,female,公演日7日前までに郵送,y☆,5.0,,ランダム,2026-09-09 02:01:07,,2026-09-10 02:01:10,,,deleted,1,0,"FC枠当選 /該当名義 /コンビニ決済/座席未定/購入後のみ下3桁提示可能

当日会場付近にて手渡しまたは追跡付き郵送になりますので購入後にご指定ください。...",True,2026-09
yt9igjfuuw,,rocknroll-stage-2026,2026-12-01,13:00,東京建物 ぴあ シアター,paper,female,公演日7日前までに郵送,y☆,5.0,,ランダム,2026-09-09 02:01:07,,2026-09-10 02:01:10,,,deleted,1,0,"FC枠当選 /該当名義 /コンビニ決済/座席未定/購入後のみ下3桁提示可能

当日会場付近にて手渡しまたは追跡付き郵送になりますので購入後にご指定ください。...",True,2026-09
2b4d5z4hcf,,rocknroll-stage-2026,2026-12-01,13:00,東京建物 ぴあ シアター,paper,female,公演日7日前までに郵送,y☆,5.0,,ランダム,2026-09-09 02:01:07,,2026-09-10 02:01:10,,,deleted,1,0,"FC枠当選 /該当名義 /コンビニ決済/座席未定/購入後のみ下3桁提示可能

当日会場付近にて手渡しまたは追跡付き郵送になりますので購入後にご指定ください。...",True,2026-09
v7jb4lrkfi,,rocknroll-stage-2026,2026-12-01,13:00,東京建物 ぴあ シアター,paper,female,公演日7日前までに郵送,y☆,5.0,,ランダム,2026-09-09 02:01:07,,2026-09-10 02:01:10,,,deleted,1,0,"FC枠当選 /該当名義 /コンビニ決済/座席未定/購入後のみ下3桁提示可能

当日会場付近にて手渡しまたは追跡付き郵送になりますので購入後にご指定ください。...",True,2026-09
qeybberqey,,rocknroll-stage-2026,2026-12-05,18:00,東京建物 ぴあ シアター,paper,female,手元に届き次第に郵送,ララ,5.0,,,2026-09-09 02:01:07,,2026-09-10 02:01:10,,,deleted,2,30000,"FC当選 小瀧x小瀧名義 座席未定
プラベルorプライベート出品に切り替えてのお取引となります。
必ず事前にコメントください。
ご希望でしたら下3桁提示可能。...",True,2026-09
73l068gcsm,,rocknroll-stage-2026,2026-12-06,13:00,東京建物 ぴあ シアター,paper,female,発券後郵送or当日手渡し（要相談）,おこめ,5.0,,番手,2026-09-09 05:01:17,,2026-09-10 01:01:09,,,deleted,1,0,"WEST.FC該当名義×1枚,
アミューズ プレミアムコース入会×1枚
上記の2名義中2番手です。
金額ご提示ください。",True,2026-09
dezki5uhr1,,rocknroll-stage-2026,2026-11-07,13:00,兵庫県立芸術文化センター 阪急 中ホール,paper,female,公演日7日前までに郵送,みーすけ,5.0,,,2026-09-10 01:01:09,,2026-09-11 01:01:15,,,deleted,1,0,"発券開始前のためS席　座席未定です。
都内にて手渡しも可能です。ご相談ください。",True,2026-09
11uxw40vmv,,rocknroll-stage-2026,2026-11-07,18:00,兵庫県立芸術文化センター 阪急 中ホール,paper,female,公演日7日前までに郵送,m,5.0,,,2026-09-10 01:01:09,,2026-09-11 01:01:15,,,deleted,1,30000,"出演者FC当選(WEST.ではありません)
座席未定/重複すり替えなし

2連のうちの1枚ですので、
発券後にレターパックプラスにて郵送いたします。(発券開始1...",True,2026-09
7y4dq5dmyw,,rocknroll-stage-2026,2026-11-13,18:00,東京建物 ぴあ シアター,pickup_number,female,公演日7日前までに発券番号共有,🤍,5.0,,,2026-09-10 01:01:09,,2026-09-11 01:01:15,,,deleted,1,25000,S席 座席未定,True,2026-09
0l0d8jv8bz,,rocknroll-stage-2026,2026-11-17,18:00,東京建物 ぴあ シアター,paper,female,当日手渡し,666,5.0,,,2026-09-10 01:01:09,,2026-09-11 01:01:15,,,deleted,1,20000,"・WEST.FC先行
・日本語に不自由ない方
・時間厳守

同時入場後、半券を回収ささせていただきます。
当日待ち合わせ時間に10分以上遅刻された場合、入場いた...",True,2026-09
tomzjaq6n8,,rocknroll-stage-2026,2026-11-20,13:00,東京建物 ぴあ シアター,paper,female,公演日7日前までに郵送,ちくわ,5.0,,,2026-09-10 01:01:09,,2026-09-11 01:01:15,,,deleted,1,30000,"WEST.FC枠

座席に対するクレーム及び公演中止以外返金には対応いたしません。",True,2026-09
8bxu5mluva,,rocknroll-stage-2026,2026-12-06,13:00,東京建物 ぴあ シアター,paper,female,発券後郵送or当日手渡し（要相談）,おこめ,5.0,,番手,2026-09-10 01:01:09,,2026-09-11 01:01:15,,,deleted,1,0,"WEST.FC該当名義×1枚,
アミューズ プレミアムコース入会×1枚
上記の2名義中2番手です。
金額ご提示ください。",True,2026-09
6h9hhrdc19,,rocknroll-stage-2026,2026-11-13,18:00,東京建物 ぴあ シアター,paper,female,当日手渡し,j,5.0,,,2026-09-10 02:01:10,,2026-09-11 02:01:13,,,deleted,1,30000,"FC枠当選 /該当名義 /自名義/クレジット決済/座席未定
〇購入後下3桁提示可能。

〇当日会場付近にて手渡し/事前手渡し可/郵送可(レターパックプラスにて発...",True,2026-09
8nq0lesllo,,rocknroll-stage-2026,2026-11-25,18:00,東京建物 ぴあ シアター,paper,female,当日手渡し,N,5.0,,同行,2026-09-10 02:01:10,,2026-09-11 02:01:13,,,deleted,1,85000,"FC先行/小瀧名義/下3桁提示可能/

公演中止以外返金不可

名古屋事前手渡し、当日手渡し、郵送可能",True,2026-09
qxz34eq01v,,rocknroll-stage-2026,2026-11-26,13:00,東京建物 ぴあ シアター,paper,female,公演日7日前までに郵送,瀧,5.0,,,2026-09-10 02:01:10,,2026-09-11 02:01:13,,,deleted,1,16500,"チケット代未払いです。
チケットの13300円もお支払いいただきます。ご了承ください。　
小瀧名義、ファンクラブ先行",True,2026-09
fxnohzlbdb,,rocknroll-stage-2026,2026-12-01,13:00,東京建物 ぴあ シアター,paper,female,公演日7日前までに郵送,y☆,5.0,,ランダム,2026-09-10 02:01:10,,2026-09-11 02:01:13,,,deleted,1,0,"FC枠当選 /該当名義 /コンビニ決済/座席未定/購入後のみ下3桁提示可能

当日会場付近にて手渡しまたは追跡付き郵送になりますので購入後にご指定ください。...",True,2026-09
1d6um7x1jq,,rocknroll-stage-2026,2026-12-01,13:00,東京建物 ぴあ シアター,paper,female,公演日7日前までに郵送,y☆,5.0,,ランダム,2026-09-10 02:01:10,,2026-09-11 02:01:13,,,deleted,1,0,"FC枠当選 /該当名義 /コンビニ決済/座席未定/購入後のみ下3桁提示可能

当日会場付近にて手渡しまたは追跡付き郵送になりますので購入後にご指定ください。...",True,2026-09
v87ypu2yp4,,rocknroll-stage-2026,2026-12-01,13:00,東京建物 ぴあ シアター,paper,female,公演日7日前までに郵送,y☆,5.0,,ランダム,2026-09-10 02:01:10,,2026-09-11 02:01:13,,,deleted,1,0,"FC枠当選 /該当名義 /コンビニ決済/座席未定/購入後のみ下3桁提示可能

当日会場付近にて手渡しまたは追跡付き郵送になりますので購入後にご指定ください。...",True,2026-09
8dzfnshlvy,,rocknroll-stage-2026,2026-12-01,13:00,東京建物 ぴあ シアター,paper,female,公演日7日前までに郵送,y☆,5.0,,ランダム,2026-09-10 02:01:10,,2026-09-11 02:01:13,,,deleted,1,0,"FC枠当選 /該当名義 /コンビニ決済/座席未定/購入後のみ下3桁提示可能

当日会場付近にて手渡しまたは追跡付き郵送になりますので購入後にご指定ください。...",True,2026-09
lfrsmpqqse,,rocknroll-stage-2026,2026-12-05,18:00,東京建物 ぴあ シアター,paper,female,手元に届き次第に郵送,ララ,5.0,,,2026-09-10 02:01:10,,2026-09-11 02:01:13,,,deleted,2,30000,"FC当選 小瀧x小瀧名義 座席未定
プラベルorプライベート出品に切り替えてのお取引となります。
必ず事前にコメントください。
ご希望でしたら下3桁提示可能。...",True,2026-09
irmab3injs,,rocknroll-stage-2026,2026-11-07,13:00,兵庫県立芸術文化センター 阪急 中ホール,paper,female,公演日7日前までに郵送,みーすけ,5.0,,,2026-09-11 01:01:15,,2026-09-12 01:01:15,,,deleted,1,0,"発券開始前のためS席　座席未定です。
都内にて手渡しも可能です。ご相談ください。",True,2026-09
gqiul7q3cl,,rocknroll-stage-2026,2026-11-07,18:00,兵庫県立芸術文化センター 阪急 中ホール,paper,female,公演日7日前までに郵送,m,5.0,,,2026-09-11 01:01:15,,2026-09-12 02:01:20,,,deleted,1,30000,"出演者FC当選(WEST.ではありません)
座席未定/重複すり替えなし

2連のうちの1枚ですので、
発券後にレターパックプラスにて郵送いたします。(発券開始1...",True,2026-09
osp2rj1ged,,rocknroll-stage-2026,2026-11-13,18:00,東京建物 ぴあ シアター,pickup_number,female,公演日7日前までに発券番号共有,🤍,5.0,,,2026-09-11 01:01:15,,2026-09-12 02:01:20,,,deleted,1,25000,S席 座席未定,True,2026-09
4xk5f9ro7q,,rocknroll-stage-2026,2026-11-17,18:00,東京建物 ぴあ シアター,paper,female,当日手渡し,666,5.0,,,2026-09-11 01:01:15,,2026-09-12 01:01:15,,,deleted,1,20000,"・WEST.FC先行
・日本語に不自由ない方
・時間厳守

同時入場後、半券を回収ささせていただきます。
当日待ち合わせ時間に10分以上遅刻された場合、入場いた...",True,2026-09
rq8ccogdvf,,rocknroll-stage-2026,2026-11-20,13:00,東京建物 ぴあ シアター,paper,female,公演日7日前までに郵送,ちくわ,5.0,,,2026-09-11 01:01:15,,2026-09-12 01:01:15,,,deleted,1,30000,"WEST.FC枠

座席に対するクレーム及び公演中止以外返金には対応いたしません。",True,2026-09
51cakwhx3e,,rocknroll-stage-2026,2026-12-06,13:00,東京建物 ぴあ シアター,paper,female,発券後郵送or当日手渡し（要相談）,おこめ,5.0,,番手,2026-09-11 01:01:15,,2026-09-12 01:01:15,,,deleted,1,0,"WEST.FC該当名義×1枚,
アミューズ プレミアムコース入会×1枚
上記の2名義中2番手です。
金額ご提示ください。",True,2026-09
u3tpy9qsh9,,rocknroll-stage-2026,2026-11-13,18:00,東京建物 ぴあ シアター,paper,female,当日手渡し,j,5.0,,,2026-09-11 02:01:13,,2026-09-12 02:01:20,,,deleted,1,30000,"FC枠当選 /該当名義 /自名義/クレジット決済/座席未定
〇購入後下3桁提示可能。

〇当日会場付近にて手渡し/事前手渡し可/郵送可(レターパックプラスにて発...",True,2026-09
zjgmhkbqez,,rocknroll-stage-2026,2026-11-25,18:00,東京建物 ぴあ シアター,paper,female,当日手渡し,N,5.0,,同行,2026-09-11 02:01:13,,2026-09-12 02:01:20,,,deleted,1,85000,"FC先行/小瀧名義/下3桁提示可能/

公演中止以外返金不可

名古屋事前手渡し、当日手渡し、郵送可能",True,2026-09
5f98v6pf5t,,rocknroll-stage-2026,2026-11-26,13:00,東京建物 ぴあ シアター,paper,female,公演日7日前までに郵送,瀧,5.0,,,2026-09-11 02:01:13,,2026-09-12 02:01:20,,,deleted,1,16500,"チケット代未払いです。
チケットの13300円もお支払いいただきます。ご了承ください。　
小瀧名義、ファンクラブ先行",True,2026-09
h913eabp3o,,rocknroll-stage-2026,2026-12-01,13:00,東京建物 ぴあ シアター,paper,female,公演日7日前までに郵送,y☆,5.0,,ランダム,2026-09-11 02:01:13,,2026-09-12 02:01:20,,,deleted,1,0,"FC枠当選 /該当名義 /コンビニ決済/座席未定/購入後のみ下3桁提示可能

当日会場付近にて手渡しまたは追跡付き郵送になりますので購入後にご指定ください。...",True,2026-09
38zq6bc9fh,,rocknroll-stage-2026,2026-12-01,13:00,東京建物 ぴあ シアター,paper,female,公演日7日前までに郵送,y☆,5.0,,ランダム,2026-09-11 02:01:13,,2026-09-12 02:01:20,,,deleted,1,0,"FC枠当選 /該当名義 /コンビニ決済/座席未定/購入後のみ下3桁提示可能

当日会場付近にて手渡しまたは追跡付き郵送になりますので購入後にご指定ください。...",True,2026-09
h35zcefs8h,,rocknroll-stage-2026,2026-12-01,13:00,東京建物 ぴあ シアター,paper,female,公演日7日前までに郵送,y☆,5.0,,ランダム,2026-09-11 02:01:13,,2026-09-12 02:01:20,,,deleted,1,0,"FC枠当選 /該当名義 /コンビニ決済/座席未定/購入後のみ下3桁提示可能

当日会場付近にて手渡しまたは追跡付き郵送になりますので購入後にご指定ください。...",True,2026-09
qnhi25fklv,,rocknroll-stage-2026,2026-12-01,13:00,東京建物 ぴあ シアター,paper,female,公演日7日前までに郵送,y☆,5.0,,ランダム,2026-09-11 02:01:13,,2026-09-12 02:01:20,,,deleted,1,0,"FC枠当選 /該当名義 /コンビニ決済/座席未定/購入後のみ下3桁提示可能

当日会場付近にて手渡しまたは追跡付き郵送になりますので購入後にご指定ください。...",True,2026-09
cjhpjdio6l,,rocknroll-stage-2026,2026-12-05,18:00,東京建物 ぴあ シアター,paper,female,手元に届き次第に郵送,ララ,5.0,,,2026-09-11 02:01:13,,2026-09-12 02:01:20,,,deleted,2,30000,"FC当選 小瀧x小瀧名義 座席未定
プラベルorプライベート出品に切り替えてのお取引となります。
必ず事前にコメントください。
ご希望でしたら下3桁提示可能。...",True,2026-09
efzmzyq95b,,rocknroll-stage-2026,2026-11-07,13:00,兵庫県立芸術文化センター 阪急 中ホール,paper,female,公演日7日前までに郵送,みーすけ,5.0,,,2026-09-12 01:01:15,,2026-09-13 01:01:15,,,deleted,1,0,"発券開始前のためS席　座席未定です。
都内にて手渡しも可能です。ご相談ください。",True,2026-09
ihvpdtmk61,,rocknroll-stage-2026,2026-11-17,18:00,東京建物 ぴあ シアター,paper,female,当日手渡し,666,5.0,,,2026-09-12 01:01:15,,2026-09-13 01:01:15,,,deleted,1,20000,"・WEST.FC先行
・日本語に不自由ない方
・時間厳守

同時入場後、半券を回収ささせていただきます。
当日待ち合わせ時間に10分以上遅刻された場合、入場いた...",True,2026-09
eb7zrjrouj,,rocknroll-stage-2026,2026-11-20,13:00,東京建物 ぴあ シアター,paper,female,公演日7日前までに郵送,ちくわ,5.0,,,2026-09-12 01:01:15,,2026-09-13 01:01:15,,,deleted,1,30000,"WEST.FC枠

座席に対するクレーム及び公演中止以外返金には対応いたしません。",True,2026-09
fijwj4qh37,,rocknroll-stage-2026,2026-12-06,13:00,東京建物 ぴあ シアター,paper,female,発券後郵送or当日手渡し（要相談）,おこめ,5.0,,番手,2026-09-12 01:01:15,,2026-09-13 01:01:15,,,deleted,1,0,"WEST.FC該当名義×1枚,
アミューズ プレミアムコース入会×1枚
上記の2名義中2番手です。
金額ご提示ください。",True,2026-09
nxgywzw7ws,,rocknroll-stage-2026,2026-11-07,18:00,兵庫県立芸術文化センター 阪急 中ホール,paper,female,公演日7日前までに郵送,m,5.0,,,2026-09-12 02:01:20,,2026-09-13 02:01:10,,,deleted,1,30000,"出演者FC当選(WEST.ではありません)
座席未定/重複すり替えなし

2連のうちの1枚ですので、
発券後にレターパックプラスにて郵送いたします。(発券開始1...",True,2026-09
cu1dcx6mzw,,rocknroll-stage-2026,2026-11-13,18:00,東京建物 ぴあ シアター,paper,female,当日手渡し,j,5.0,,,2026-09-12 02:01:20,,2026-09-13 02:01:10,,,deleted,1,30000,"FC枠当選 /該当名義 /自名義/クレジット決済/座席未定
〇購入後下3桁提示可能。

〇当日会場付近にて手渡し/事前手渡し可/郵送可(レターパックプラスにて発...",True,2026-09
r460t8u4qi,,rocknroll-stage-2026,2026-11-13,18:00,東京建物 ぴあ シアター,pickup_number,female,公演日7日前までに発券番号共有,🤍,5.0,,,2026-09-12 02:01:20,,2026-09-13 02:01:10,,,deleted,1,25000,S席 座席未定,True,2026-09
xvb33o23n3,,rocknroll-stage-2026,2026-11-25,18:00,東京建物 ぴあ シアター,paper,female,当日手渡し,N,5.0,,同行,2026-09-12 02:01:20,,2026-09-13 02:01:10,,,deleted,1,85000,"FC先行/小瀧名義/下3桁提示可能/

公演中止以外返金不可

名古屋事前手渡し、当日手渡し、郵送可能",True,2026-09
aub7i51bie,,rocknroll-stage-2026,2026-11-26,13:00,東京建物 ぴあ シアター,paper,female,公演日7日前までに郵送,瀧,5.0,,,2026-09-12 02:01:20,,2026-09-13 02:01:10,,,deleted,1,16500,"チケット代未払いです。
チケットの13300円もお支払いいただきます。ご了承ください。　
小瀧名義、ファンクラブ先行",True,2026-09
xlf6gufy1c,,rocknroll-stage-2026,2026-12-01,13:00,東京建物 ぴあ シアター,paper,female,公演日7日前までに郵送,y☆,5.0,,ランダム,2026-09-12 02:01:20,,2026-09-13 02:01:10,,,deleted,1,0,"FC枠当選 /該当名義 /コンビニ決済/座席未定/購入後のみ下3桁提示可能

当日会場付近にて手渡しまたは追跡付き郵送になりますので購入後にご指定ください。...",True,2026-09
tzomaljbe8,,rocknroll-stage-2026,2026-12-01,13:00,東京建物 ぴあ シアター,paper,female,公演日7日前までに郵送,y☆,5.0,,ランダム,2026-09-12 02:01:20,,2026-09-13 02:01:10,,,deleted,1,0,"FC枠当選 /該当名義 /コンビニ決済/座席未定/購入後のみ下3桁提示可能

当日会場付近にて手渡しまたは追跡付き郵送になりますので購入後にご指定ください。...",True,2026-09
aj6a9r3egs,,rocknroll-stage-2026,2026-12-01,13:00,東京建物 ぴあ シアター,paper,female,公演日7日前までに郵送,y☆,5.0,,ランダム,2026-09-12 02:01:20,,2026-09-13 02:01:10,,,deleted,1,0,"FC枠当選 /該当名義 /コンビニ決済/座席未定/購入後のみ下3桁提示可能

当日会場付近にて手渡しまたは追跡付き郵送になりますので購入後にご指定ください。...",True,2026-09
y3p6extpco,,rocknroll-stage-2026,2026-12-01,13:00,東京建物 ぴあ シアター,paper,female,公演日7日前までに郵送,y☆,5.0,,ランダム,2026-09-12 02:01:20,,2026-09-13 02:01:10,,,deleted,1,0,"FC枠当選 /該当名義 /コンビニ決済/座席未定/購入後のみ下3桁提示可能

当日会場付近にて手渡しまたは追跡付き郵送になりますので購入後にご指定ください。...",True,2026-09
osld3cymxq,,rocknroll-stage-2026,2026-12-05,18:00,東京建物 ぴあ シアター,paper,female,手元に届き次第に郵送,ララ,5.0,,,2026-09-12 02:01:20,,2026-09-13 02:01:10,,,deleted,2,30000,"FC当選 小瀧x小瀧名義 座席未定
プラベルorプライベート出品に切り替えてのお取引となります。
必ず事前にコメントください。
ご希望でしたら下3桁提示可能。...",True,2026-09
l04xd7gtfs,,rocknroll-stage-2026,2026-11-06,18:00,兵庫県立芸術文化センター 阪急 中ホール,paper,female,郵送または都内手渡し,R,4.4,,,2026-09-12 16:01:13,,2026-09-13 01:01:15,,,deleted,1,30000,"劇場先行
購入後2日以内にレターパックにて発送します。コメントいただき次第プラベルにて出品いたします。

出演者変更、天候、交通機関の乱れ等によるキャンセル不可...",True,2026-09
7m643uktm2,,rocknroll-stage-2026,2026-11-06,18:00,兵庫県立芸術文化センター 阪急 中ホール,paper,female,郵送または都内手渡し,R,4.4,,,2026-09-13 01:01:15,,2026-09-13 03:01:14,,,deleted,1,30000,"劇場先行
購入後2日以内にレターパックにて発送します。コメントいただき次第プラベルにて出品いたします。

出演者変更、天候、交通機関の乱れ等によるキャンセル不可...",True,2026-09
aj1nywfwjh,,rocknroll-stage-2026,2026-11-07,13:00,兵庫県立芸術文化センター 阪急 中ホール,paper,female,公演日7日前までに郵送,みーすけ,5.0,,,2026-09-13 01:01:15,,2026-09-14 02:01:13,,,deleted,1,0,"発券開始前のためS席　座席未定です。
都内にて手渡しも可能です。ご相談ください。",True,2026-09
lfaetv47jk,,rocknroll-stage-2026,2026-11-17,18:00,東京建物 ぴあ シアター,paper,female,当日手渡し,666,5.0,,,2026-09-13 01:01:15,,2026-09-14 02:01:13,,,deleted,1,20000,"・WEST.FC先行
・日本語に不自由ない方
・時間厳守

同時入場後、半券を回収ささせていただきます。
当日待ち合わせ時間に10分以上遅刻された場合、入場いた...",True,2026-09
69tyr9834e,,rocknroll-stage-2026,2026-11-20,13:00,東京建物 ぴあ シアター,paper,female,公演日7日前までに郵送,ちくわ,5.0,,,2026-09-13 01:01:15,,2026-09-14 02:01:13,,,deleted,1,30000,"WEST.FC枠

座席に対するクレーム及び公演中止以外返金には対応いたしません。",True,2026-09
vig1r32x2a,,rocknroll-stage-2026,2026-12-06,13:00,東京建物 ぴあ シアター,paper,female,発券後郵送or当日手渡し（要相談）,おこめ,5.0,,番手,2026-09-13 01:01:15,,2026-09-14 01:01:08,,,deleted,1,0,"WEST.FC該当名義×1枚,
アミューズ プレミアムコース入会×1枚
上記の2名義中2番手です。
金額ご提示ください。",True,2026-09
gbzwxdto0t,,rocknroll-stage-2026,2026-11-07,18:00,兵庫県立芸術文化センター 阪急 中ホール,paper,female,公演日7日前までに郵送,m,5.0,,,2026-09-13 02:01:10,,2026-09-14 02:01:13,,,deleted,1,30000,"出演者FC当選(WEST.ではありません)
座席未定/重複すり替えなし

2連のうちの1枚ですので、
発券後にレターパックプラスにて郵送いたします。(発券開始1...",True,2026-09
td9xqjp8i2,,rocknroll-stage-2026,2026-11-13,18:00,東京建物 ぴあ シアター,paper,female,当日手渡し,j,5.0,,,2026-09-13 02:01:10,,2026-09-14 02:01:13,,,deleted,1,30000,"FC枠当選 /該当名義 /自名義/クレジット決済/座席未定
〇購入後下3桁提示可能。

〇当日会場付近にて手渡し/事前手渡し可/郵送可(レターパックプラスにて発...",True,2026-09
u2wngqdm24,,rocknroll-stage-2026,2026-11-13,18:00,東京建物 ぴあ シアター,pickup_number,female,公演日7日前までに発券番号共有,🤍,5.0,,,2026-09-13 02:01:10,,2026-09-14 02:01:13,,,deleted,1,25000,S席 座席未定,True,2026-09
piraqwncd1,,rocknroll-stage-2026,2026-11-25,18:00,東京建物 ぴあ シアター,paper,female,当日手渡し,N,5.0,,同行,2026-09-13 02:01:10,,2026-09-14 02:01:13,,,deleted,1,85000,"FC先行/小瀧名義/下3桁提示可能/

公演中止以外返金不可

名古屋事前手渡し、当日手渡し、郵送可能",True,2026-09
m01x3td66t,,rocknroll-stage-2026,2026-11-26,13:00,東京建物 ぴあ シアター,paper,female,公演日7日前までに郵送,瀧,5.0,,,2026-09-13 02:01:10,,2026-09-14 02:01:13,,,deleted,1,16500,"チケット代未払いです。
チケットの13300円もお支払いいただきます。ご了承ください。　
小瀧名義、ファンクラブ先行",True,2026-09
u71ei5a1ee,,rocknroll-stage-2026,2026-12-01,13:00,東京建物 ぴあ シアター,paper,female,公演日7日前までに郵送,y☆,5.0,,ランダム,2026-09-13 02:01:10,,2026-09-14 02:01:13,,,deleted,1,0,"FC枠当選 /該当名義 /コンビニ決済/座席未定/購入後のみ下3桁提示可能

当日会場付近にて手渡しまたは追跡付き郵送になりますので購入後にご指定ください。...",True,2026-09
1zoo241tg5,,rocknroll-stage-2026,2026-12-01,13:00,東京建物 ぴあ シアター,paper,female,公演日7日前までに郵送,y☆,5.0,,ランダム,2026-09-13 02:01:10,,2026-09-14 02:01:13,,,deleted,1,0,"FC枠当選 /該当名義 /コンビニ決済/座席未定/購入後のみ下3桁提示可能

当日会場付近にて手渡しまたは追跡付き郵送になりますので購入後にご指定ください。...",True,2026-09
jltdgkaswc,,rocknroll-stage-2026,2026-12-01,13:00,東京建物 ぴあ シアター,paper,female,公演日7日前までに郵送,y☆,5.0,,ランダム,2026-09-13 02:01:10,,2026-09-14 02:01:13,,,deleted,1,0,"FC枠当選 /該当名義 /コンビニ決済/座席未定/購入後のみ下3桁提示可能

当日会場付近にて手渡しまたは追跡付き郵送になりますので購入後にご指定ください。...",True,2026-09
0hf2q7xgux,,rocknroll-stage-2026,2026-12-01,13:00,東京建物 ぴあ シアター,paper,female,公演日7日前までに郵送,y☆,5.0,,ランダム,2026-09-13 02:01:10,,2026-09-14 02:01:13,,,deleted,1,0,"FC枠当選 /該当名義 /コンビニ決済/座席未定/購入後のみ下3桁提示可能

当日会場付近にて手渡しまたは追跡付き郵送になりますので購入後にご指定ください。...",True,2026-09
xhb7rdbd5s,,rocknroll-stage-2026,2026-12-05,18:00,東京建物 ぴあ シアター,paper,female,手元に届き次第に郵送,ララ,5.0,,,2026-09-13 02:01:10,,2026-09-14 02:01:13,,,deleted,2,30000,"FC当選 小瀧x小瀧名義 座席未定
プラベルorプライベート出品に切り替えてのお取引となります。
必ず事前にコメントください。
ご希望でしたら下3桁提示可能。...",True,2026-09
asjg8huzlg,,rocknroll-stage-2026,2026-12-06,13:00,東京建物 ぴあ シアター,paper,female,発券後郵送or当日手渡し（要相談）,おこめ,5.0,,番手,2026-09-14 01:01:08,,2026-09-15 02:01:11,,,deleted,1,0,"WEST.FC該当名義×1枚,
アミューズ プレミアムコース入会×1枚
上記の2名義中2番手です。
金額ご提示ください。",True,2026-09
o5u35uyznn,,rocknroll-stage-2026,2026-11-07,13:00,兵庫県立芸術文化センター 阪急 中ホール,paper,female,公演日7日前までに郵送,みーすけ,5.0,,,2026-09-14 02:01:13,,2026-09-15 02:01:11,,,deleted,1,0,"発券開始前のためS席　座席未定です。
都内にて手渡しも可能です。ご相談ください。",True,2026-09
fqdm5id0qf,,rocknroll-stage-2026,2026-11-07,18:00,兵庫県立芸術文化センター 阪急 中ホール,paper,female,公演日7日前までに郵送,m,5.0,,,2026-09-14 02:01:13,,2026-09-15 02:01:11,,,deleted,2,25000,"出演者FC当選(WEST.ではありません)
座席未定/重複すり替えなし

2連のうちの1枚ですので、
発券後にレターパックプラスにて郵送いたします。(発券開始1...",True,2026-09
lovv0zirvy,,rocknroll-stage-2026,2026-11-13,18:00,東京建物 ぴあ シアター,paper,female,当日手渡し,j,5.0,,,2026-09-14 02:01:13,,2026-09-15 02:01:11,,,deleted,1,30000,"FC枠当選 /該当名義 /自名義/クレジット決済/座席未定
〇購入後下3桁提示可能。

〇当日会場付近にて手渡し/事前手渡し可/郵送可(レターパックプラスにて発...",True,2026-09
dcm40kvxbw,,rocknroll-stage-2026,2026-11-13,18:00,東京建物 ぴあ シアター,pickup_number,female,公演日7日前までに発券番号共有,🤍,5.0,,,2026-09-14 02:01:13,,2026-09-15 02:01:11,,,deleted,1,25000,S席 座席未定,True,2026-09
fmuyjzzse4,,rocknroll-stage-2026,2026-11-17,18:00,東京建物 ぴあ シアター,paper,female,当日手渡し,666,5.0,,,2026-09-14 02:01:13,,2026-09-15 02:01:11,,,deleted,1,20000,"・WEST.FC先行
・日本語に不自由ない方
・時間厳守

同時入場後、半券を回収ささせていただきます。
当日待ち合わせ時間に10分以上遅刻された場合、入場いた...",True,2026-09
fidnkoo2uw,,rocknroll-stage-2026,2026-11-20,13:00,東京建物 ぴあ シアター,paper,female,公演日7日前までに郵送,ちくわ,5.0,,,2026-09-14 02:01:13,,2026-09-15 02:01:11,,,deleted,1,30000,"WEST.FC枠

座席に対するクレーム及び公演中止以外返金には対応いたしません。",True,2026-09
6bm1701mvo,,rocknroll-stage-2026,2026-11-25,18:00,東京建物 ぴあ シアター,paper,female,当日手渡し,N,5.0,,同行,2026-09-14 02:01:13,,2026-09-15 02:01:11,,,deleted,1,85000,"FC先行/小瀧名義/下3桁提示可能/

公演中止以外返金不可

名古屋事前手渡し、当日手渡し、郵送可能",True,2026-09
ygfwmsenmy,,rocknroll-stage-2026,2026-11-26,13:00,東京建物 ぴあ シアター,paper,female,公演日7日前までに郵送,瀧,5.0,,,2026-09-14 02:01:13,,2026-09-15 02:01:11,,,deleted,1,16500,"チケット代未払いです。
チケットの13300円もお支払いいただきます。ご了承ください。　
小瀧名義、ファンクラブ先行",True,2026-09
f0sf7qfipo,,rocknroll-stage-2026,2026-12-01,13:00,東京建物 ぴあ シアター,paper,female,公演日7日前までに郵送,y☆,5.0,,ランダム,2026-09-14 02:01:13,,2026-09-15 02:01:11,,,deleted,1,0,"FC枠当選 /該当名義 /コンビニ決済/座席未定/購入後のみ下3桁提示可能

当日会場付近にて手渡しまたは追跡付き郵送になりますので購入後にご指定ください。...",True,2026-09
shgcj02zvt,,rocknroll-stage-2026,2026-12-01,13:00,東京建物 ぴあ シアター,paper,female,公演日7日前までに郵送,y☆,5.0,,ランダム,2026-09-14 02:01:13,,2026-09-15 02:01:11,,,deleted,1,0,"FC枠当選 /該当名義 /コンビニ決済/座席未定/購入後のみ下3桁提示可能

当日会場付近にて手渡しまたは追跡付き郵送になりますので購入後にご指定ください。...",True,2026-09
b474gkxbxa,,rocknroll-stage-2026,2026-12-01,13:00,東京建物 ぴあ シアター,paper,female,公演日7日前までに郵送,y☆,5.0,,ランダム,2026-09-14 02:01:13,,2026-09-15 02:01:11,,,deleted,1,0,"FC枠当選 /該当名義 /コンビニ決済/座席未定/購入後のみ下3桁提示可能

当日会場付近にて手渡しまたは追跡付き郵送になりますので購入後にご指定ください。...",True,2026-09
biwd7vzpnw,,rocknroll-stage-2026,2026-12-01,13:00,東京建物 ぴあ シアター,paper,female,公演日7日前までに郵送,y☆,5.0,,ランダム,2026-09-14 02:01:13,,2026-09-15 02:01:11,,,deleted,1,0,"FC枠当選 /該当名義 /コンビニ決済/座席未定/購入後のみ下3桁提示可能

当日会場付近にて手渡しまたは追跡付き郵送になりますので購入後にご指定ください。...",True,2026-09
uquogdasuh,,rocknroll-stage-2026,2026-12-05,18:00,東京建物 ぴあ シアター,paper,female,手元に届き次第に郵送,ララ,5.0,,,2026-09-14 02:01:13,,2026-09-15 02:01:11,,,deleted,2,30000,"FC当選 小瀧x小瀧名義 座席未定
プラベルorプライベート出品に切り替えてのお取引となります。
必ず事前にコメントください。
ご希望でしたら下3桁提示可能。...",True,2026-09
8jer9ypqzc,,rocknroll-stage-2026,2026-11-07,13:00,兵庫県立芸術文化センター 阪急 中ホール,paper,female,公演日7日前までに郵送,みーすけ,5.0,,,2026-09-15 02:01:11,,2026-09-16 02:01:08,,,deleted,1,0,"発券開始前のためS席　座席未定です。
都内にて手渡しも可能です。ご相談ください。",True,2026-09
0xd98343ob,,rocknroll-stage-2026,2026-11-07,18:00,兵庫県立芸術文化センター 阪急 中ホール,paper,female,公演日7日前までに郵送,め,5.0,,,2026-09-15 02:01:11,,2026-09-16 02:01:08,,,deleted,2,25000,"出演者FC当選(WEST.ではありません)
座席未定/重複すり替えなし

2連のうちの1枚ですので、
発券後にレターパックプラスにて郵送いたします。(発券開始1...",True,2026-09
zuw0u1hzfk,,rocknroll-stage-2026,2026-11-13,18:00,東京建物 ぴあ シアター,paper,female,当日手渡し,j,5.0,,,2026-09-15 02:01:11,,2026-09-16 02:01:08,,,deleted,1,30000,"FC枠当選 /該当名義 /自名義/クレジット決済/座席未定
〇購入後下3桁提示可能。

〇当日会場付近にて手渡し/事前手渡し可/郵送可(レターパックプラスにて発...",True,2026-09
r7yai2g5m1,,rocknroll-stage-2026,2026-11-13,18:00,東京建物 ぴあ シアター,pickup_number,female,公演日7日前までに発券番号共有,🤍,5.0,,,2026-09-15 02:01:11,,2026-09-15 09:01:14,,,deleted,1,25000,S席 座席未定,True,2026-09
76qak8b2na,,rocknroll-stage-2026,2026-11-17,18:00,東京建物 ぴあ シアター,paper,female,当日手渡し,666,5.0,,,2026-09-15 02:01:11,,2026-09-16 02:01:08,,,deleted,1,20000,"・WEST.FC先行
・日本語に不自由ない方
・時間厳守

同時入場後、半券を回収ささせていただきます。
当日待ち合わせ時間に10分以上遅刻された場合、入場いた...",True,2026-09
qg80knhrfw,,rocknroll-stage-2026,2026-11-20,13:00,東京建物 ぴあ シアター,paper,female,公演日7日前までに郵送,ちくわ,5.0,,,2026-09-15 02:01:11,,2026-09-16 02:01:08,,,deleted,1,30000,"WEST.FC枠

座席に対するクレーム及び公演中止以外返金には対応いたしません。",True,2026-09
i9tu8am8mq,,rocknroll-stage-2026,2026-11-25,18:00,東京建物 ぴあ シアター,paper,female,当日手渡し,N,5.0,,同行,2026-09-15 02:01:11,,2026-09-16 02:01:08,,,deleted,1,85000,"FC先行/小瀧名義/下3桁提示可能/

公演中止以外返金不可

名古屋事前手渡し、当日手渡し、郵送可能",True,2026-09
dwkhqp1zar,,rocknroll-stage-2026,2026-11-26,13:00,東京建物 ぴあ シアター,paper,female,公演日7日前までに郵送,瀧,5.0,,,2026-09-15 02:01:11,,2026-09-16 02:01:08,,,deleted,1,16500,"チケット代未払いです。
チケットの13300円もお支払いいただきます。ご了承ください。　
小瀧名義、ファンクラブ先行",True,2026-09
9xqo9051jp,,rocknroll-stage-2026,2026-12-01,13:00,東京建物 ぴあ シアター,paper,female,公演日7日前までに郵送,y☆,5.0,,ランダム,2026-09-15 02:01:11,,2026-09-16 02:01:08,,,deleted,1,0,"FC枠当選 /該当名義 /コンビニ決済/座席未定/購入後のみ下3桁提示可能

当日会場付近にて手渡しまたは追跡付き郵送になりますので購入後にご指定ください。...",True,2026-09
fir8b00ep5,,rocknroll-stage-2026,2026-12-01,13:00,東京建物 ぴあ シアター,paper,female,公演日7日前までに郵送,y☆,5.0,,ランダム,2026-09-15 02:01:11,,2026-09-16 02:01:08,,,deleted,1,0,"FC枠当選 /該当名義 /コンビニ決済/座席未定/購入後のみ下3桁提示可能

当日会場付近にて手渡しまたは追跡付き郵送になりますので購入後にご指定ください。...",True,2026-09
gztmirsah4,,rocknroll-stage-2026,2026-12-01,13:00,東京建物 ぴあ シアター,paper,female,公演日7日前までに郵送,y☆,5.0,,ランダム,2026-09-15 02:01:11,,2026-09-16 02:01:08,,,deleted,1,0,"FC枠当選 /該当名義 /コンビニ決済/座席未定/購入後のみ下3桁提示可能

当日会場付近にて手渡しまたは追跡付き郵送になりますので購入後にご指定ください。...",True,2026-09
ox3al1siit,,rocknroll-stage-2026,2026-12-01,13:00,東京建物 ぴあ シアター,paper,female,公演日7日前までに郵送,y☆,5.0,,ランダム,2026-09-15 02:01:11,,2026-09-16 02:01:08,,,deleted,1,0,"FC枠当選 /該当名義 /コンビニ決済/座席未定/購入後のみ下3桁提示可能

当日会場付近にて手渡しまたは追跡付き郵送になりますので購入後にご指定ください。...",True,2026-09
990mjx0c0c,,rocknroll-stage-2026,2026-12-05,18:00,東京建物 ぴあ シアター,paper,female,手元に届き次第に郵送,ララ,5.0,,,2026-09-15 02:01:11,,2026-09-16 02:01:08,,,deleted,2,30000,"FC当選 小瀧x小瀧名義 座席未定
プラベルorプライベート出品に切り替えてのお取引となります。
必ず事前にコメントください。
ご希望でしたら下3桁提示可能。...",True,2026-09
e95byok8vo,,rocknroll-stage-2026,2026-12-06,13:00,東京建物 ぴあ シアター,paper,female,発券後郵送or当日手渡し（要相談）,おこめ,5.0,,番手,2026-09-15 02:01:11,,2026-09-16 02:01:08,,,deleted,1,0,"WEST.FC該当名義×1枚,
アミューズ プレミアムコース入会×1枚
上記の2名義中2番手です。
金額ご提示ください。",True,2026-09
xrt896i3z6,,rocknroll-stage-2026,2026-11-07,13:00,兵庫県立芸術文化センター 阪急 中ホール,paper,female,公演日7日前までに郵送,みーすけ,5.0,,,2026-09-16 02:01:08,,2026-09-17 02:01:13,,,deleted,1,0,"発券開始前のためS席　座席未定です。
都内にて手渡しも可能です。ご相談ください。",True,2026-09
d1ivsuy0hl,,rocknroll-stage-2026,2026-11-07,18:00,兵庫県立芸術文化センター 阪急 中ホール,paper,female,公演日7日前までに郵送,め,5.0,,,2026-09-16 02:01:08,,2026-09-17 02:01:13,,,deleted,2,25000,"出演者FC当選(WEST.ではありません)
座席未定/重複すり替えなし

2連のうちの1枚ですので、
発券後にレターパックプラスにて郵送いたします。(発券開始1...",True,2026-09
yislgh8k1s,,rocknroll-stage-2026,2026-11-13,18:00,東京建物 ぴあ シアター,paper,female,当日手渡し,j,5.0,,,2026-09-16 02:01:08,,2026-09-17 02:01:13,,,deleted,1,30000,"FC枠当選 /該当名義 /自名義/クレジット決済/座席未定
〇購入後下3桁提示可能。

〇当日会場付近にて手渡し/事前手渡し可/郵送可(レターパックプラスにて発...",True,2026-09
2ma0cpgqxt,,rocknroll-stage-2026,2026-11-17,18:00,東京建物 ぴあ シアター,paper,female,当日手渡し,666,5.0,,,2026-09-16 02:01:08,,2026-09-17 02:01:13,,,deleted,1,20000,"・WEST.FC先行
・日本語に不自由ない方
・時間厳守

同時入場後、半券を回収ささせていただきます。
当日待ち合わせ時間に10分以上遅刻された場合、入場いた...",True,2026-09
v8u7mh5b1w,,rocknroll-stage-2026,2026-11-20,13:00,東京建物 ぴあ シアター,paper,female,公演日7日前までに郵送,ちくわ,5.0,,,2026-09-16 02:01:08,,2026-09-17 02:01:13,,,deleted,1,30000,"WEST.FC枠

座席に対するクレーム及び公演中止以外返金には対応いたしません。",True,2026-09
qokdc338z4,,rocknroll-stage-2026,2026-11-25,18:00,東京建物 ぴあ シアター,paper,female,当日手渡し,N,5.0,,同行,2026-09-16 02:01:08,,2026-09-17 02:01:13,,,deleted,1,85000,"FC先行/小瀧名義/下3桁提示可能/

公演中止以外返金不可

名古屋事前手渡し、当日手渡し、郵送可能",True,2026-09
8chdzzy1fj,,rocknroll-stage-2026,2026-11-26,13:00,東京建物 ぴあ シアター,paper,female,公演日7日前までに郵送,瀧,5.0,,,2026-09-16 02:01:08,,2026-09-17 02:01:13,,,deleted,1,16500,"チケット代未払いです。
チケットの13300円もお支払いいただきます。ご了承ください。　
小瀧名義、ファンクラブ先行",True,2026-09
g4153qw5ak,,rocknroll-stage-2026,2026-12-01,13:00,東京建物 ぴあ シアター,paper,female,公演日7日前までに郵送,y☆,5.0,,ランダム,2026-09-16 02:01:08,,2026-09-17 02:01:13,,,deleted,1,0,"FC枠当選 /該当名義 /コンビニ決済/座席未定/購入後のみ下3桁提示可能

当日会場付近にて手渡しまたは追跡付き郵送になりますので購入後にご指定ください。...",True,2026-09
esjaib2oby,,rocknroll-stage-2026,2026-12-01,13:00,東京建物 ぴあ シアター,paper,female,公演日7日前までに郵送,y☆,5.0,,ランダム,2026-09-16 02:01:08,,2026-09-17 02:01:13,,,deleted,1,0,"FC枠当選 /該当名義 /コンビニ決済/座席未定/購入後のみ下3桁提示可能

当日会場付近にて手渡しまたは追跡付き郵送になりますので購入後にご指定ください。...",True,2026-09
vxp4b404ej,,rocknroll-stage-2026,2026-12-01,13:00,東京建物 ぴあ シアター,paper,female,公演日7日前までに郵送,y☆,5.0,,ランダム,2026-09-16 02:01:08,,2026-09-17 02:01:13,,,deleted,1,0,"FC枠当選 /該当名義 /コンビニ決済/座席未定/購入後のみ下3桁提示可能

当日会場付近にて手渡しまたは追跡付き郵送になりますので購入後にご指定ください。...",True,2026-09
jlrbo19tpi,,rocknroll-stage-2026,2026-12-01,13:00,東京建物 ぴあ シアター,paper,female,公演日7日前までに郵送,y☆,5.0,,ランダム,2026-09-16 02:01:08,,2026-09-17 02:01:13,,,deleted,1,0,"FC枠当選 /該当名義 /コンビニ決済/座席未定/購入後のみ下3桁提示可能

当日会場付近にて手渡しまたは追跡付き郵送になりますので購入後にご指定ください。...",True,2026-09
jayi5mw326,,rocknroll-stage-2026,2026-12-05,18:00,東京建物 ぴあ シアター,paper,female,手元に届き次第に郵送,ララ,5.0,,,2026-09-16 02:01:08,,2026-09-17 02:01:13,,,deleted,2,30000,"FC当選 小瀧x小瀧名義 座席未定
プラベルorプライベート出品に切り替えてのお取引となります。
必ず事前にコメントください。
ご希望でしたら下3桁提示可能。...",True,2026-09
osx95g1uqk,,rocknroll-stage-2026,2026-12-06,13:00,東京建物 ぴあ シアター,paper,female,発券後郵送or当日手渡し（要相談）,おこめ,5.0,,番手,2026-09-16 02:01:08,,2026-09-17 02:01:13,,,deleted,1,0,"WEST.FC該当名義×1枚,
アミューズ プレミアムコース入会×1枚
上記の2名義中2番手です。
金額ご提示ください。",True,2026-09
swhgjk6gtv,,rocknroll-stage-2026,2026-11-07,13:00,兵庫県立芸術文化センター 阪急 中ホール,paper,female,公演日7日前までに郵送,みーすけ,5.0,,,2026-09-17 02:01:13,,2026-09-18 02:01:11,,,deleted,1,0,"発券開始前のためS席　座席未定です。
都内にて手渡しも可能です。ご相談ください。",True,2026-09
p3og2cu1so,,rocknroll-stage-2026,2026-11-07,18:00,兵庫県立芸術文化センター 阪急 中ホール,paper,female,公演日7日前までに郵送,め,5.0,,,2026-09-17 02:01:13,,2026-09-18 02:01:11,,,deleted,1,30000,"出演者FC当選(WEST.ではありません)
座席未定/重複すり替えなし

2連のうちの1枚ですので、
発券後にレターパックプラスにて郵送いたします。(発券開始1...",True,2026-09
d8re6trin1,,rocknroll-stage-2026,2026-11-13,18:00,東京建物 ぴあ シアター,paper,female,当日手渡し,j,5.0,,,2026-09-17 02:01:13,,2026-09-18 02:01:11,,,deleted,1,30000,"FC枠当選 /該当名義 /自名義/クレジット決済/座席未定
〇購入後下3桁提示可能。

〇当日会場付近にて手渡し/事前手渡し可/郵送可(レターパックプラスにて発...",True,2026-09
j1909jj8zw,,rocknroll-stage-2026,2026-11-17,18:00,東京建物 ぴあ シアター,paper,female,当日手渡し,666,5.0,,,2026-09-17 02:01:13,,2026-09-18 02:01:11,,,deleted,1,20000,"・WEST.FC先行
・日本語に不自由ない方
・時間厳守

同時入場後、半券を回収ささせていただきます。
当日待ち合わせ時間に10分以上遅刻された場合、入場いた...",True,2026-09
jbqukfl3vn,,rocknroll-stage-2026,2026-11-20,13:00,東京建物 ぴあ シアター,paper,female,公演日7日前までに郵送,ちくわ,5.0,,,2026-09-17 02:01:13,,2026-09-18 02:01:11,,,deleted,1,30000,"WEST.FC枠

座席に対するクレーム及び公演中止以外返金には対応いたしません。",True,2026-09
aeqgl6mcq8,,rocknroll-stage-2026,2026-11-25,18:00,東京建物 ぴあ シアター,paper,female,当日手渡し,N,5.0,,同行,2026-09-17 02:01:13,,2026-09-18 02:01:11,,,deleted,1,85000,"FC先行/小瀧名義/下3桁提示可能/

公演中止以外返金不可

名古屋事前手渡し、当日手渡し、郵送可能",True,2026-09
wcbxyewtdd,,rocknroll-stage-2026,2026-11-26,13:00,東京建物 ぴあ シアター,paper,female,公演日7日前までに郵送,瀧,5.0,,,2026-09-17 02:01:13,,2026-09-18 02:01:11,,,deleted,1,16500,"チケット代未払いです。
チケットの13300円もお支払いいただきます。ご了承ください。　
小瀧名義、ファンクラブ先行",True,2026-09
d3lzzv4vni,,rocknroll-stage-2026,2026-12-01,13:00,東京建物 ぴあ シアター,paper,female,公演日7日前までに郵送,y☆,5.0,,ランダム,2026-09-17 02:01:13,,2026-09-18 02:01:11,,,deleted,1,0,"FC枠当選 /該当名義 /コンビニ決済/座席未定/購入後のみ下3桁提示可能

当日会場付近にて手渡しまたは追跡付き郵送になりますので購入後にご指定ください。...",True,2026-09
kezhd2qqgl,,rocknroll-stage-2026,2026-12-01,13:00,東京建物 ぴあ シアター,paper,female,公演日7日前までに郵送,y☆,5.0,,ランダム,2026-09-17 02:01:13,,2026-09-18 02:01:11,,,deleted,1,0,"FC枠当選 /該当名義 /コンビニ決済/座席未定/購入後のみ下3桁提示可能

当日会場付近にて手渡しまたは追跡付き郵送になりますので購入後にご指定ください。...",True,2026-09
lqf8l26baf,,rocknroll-stage-2026,2026-12-01,13:00,東京建物 ぴあ シアター,paper,female,公演日7日前までに郵送,y☆,5.0,,ランダム,2026-09-17 02:01:13,,2026-09-18 02:01:11,,,deleted,1,0,"FC枠当選 /該当名義 /コンビニ決済/座席未定/購入後のみ下3桁提示可能

当日会場付近にて手渡しまたは追跡付き郵送になりますので購入後にご指定ください。...",True,2026-09
99ohrf6r2i,,rocknroll-stage-2026,2026-12-01,13:00,東京建物 ぴあ シアター,paper,female,公演日7日前までに郵送,y☆,5.0,,ランダム,2026-09-17 02:01:13,,2026-09-18 02:01:11,,,deleted,1,0,"FC枠当選 /該当名義 /コンビニ決済/座席未定/購入後のみ下3桁提示可能

当日会場付近にて手渡しまたは追跡付き郵送になりますので購入後にご指定ください。...",True,2026-09
uxythng47k,,rocknroll-stage-2026,2026-12-05,18:00,東京建物 ぴあ シアター,paper,female,手元に届き次第に郵送,ララ,5.0,,,2026-09-17 02:01:13,,2026-09-18 02:01:11,,,deleted,2,30000,"FC当選 小瀧x小瀧名義 座席未定
プラベルorプライベート出品に切り替えてのお取引となります。
必ず事前にコメントください。
ご希望でしたら下3桁提示可能。...",True,2026-09
xil22icde1,,rocknroll-stage-2026,2026-12-06,13:00,東京建物 ぴあ シアター,paper,female,発券後郵送or当日手渡し（要相談）,おこめ,5.0,,番手,2026-09-17 02:01:13,,2026-09-18 02:01:11,,,deleted,1,0,"WEST.FC該当名義×1枚,
アミューズ プレミアムコース入会×1枚
上記の2名義中2番手です。
金額ご提示ください。",True,2026-09
md85tmvbsk,,rocknroll-stage-2026,2026-12-05,18:00,東京建物 ぴあ シアター,pickup_number,female,入金後2日以内に発券番号共有,s,4.4,,,2026-09-17 11:01:12,,2026-09-18 01:01:17,,,deleted,2,25000,ぴあ先行、重複なし,True,2026-09
nf4haagq0u,,rocknroll-stage-2026,2026-11-25,18:00,東京建物 ぴあ シアター,pickup_number,female,入金後2日以内に発券番号共有,N,5.0,,,2026-09-18 00:01:15,,2026-09-18 01:01:17,,,deleted,1,0,"ぴあ先行 S席
10/24 10時～発券可能
発券開始前のため座席未定です。
当日手渡しも可能です。ご相談ください。",True,2026-09
rjdrfuj3fg,,rocknroll-stage-2026,2026-11-25,18:00,東京建物 ぴあ シアター,pickup_number,female,入金後2日以内に発券番号共有,N,5.0,,,2026-09-18 00:01:15,,2026-09-18 01:01:17,,,deleted,1,30000,"S咳 ぴあ先行
発券開始前のため座席未定です。
名古屋事前手渡し、当日手渡し可能です。
ご相談ください。",True,2026-09
5nzwqhmuat,,rocknroll-stage-2026,2026-11-25,18:00,東京建物 ぴあ シアター,pickup_number,female,入金後2日以内に発券番号共有,N,5.0,,,2026-09-18 01:01:17,,2026-09-19 01:01:12,,,deleted,1,0,"ぴあ先行 S席
10/24 10時～発券可能
発券開始前のため座席未定です。
当日手渡しも可能です。ご相談ください。",True,2026-09
nyks0nb3bx,,rocknroll-stage-2026,2026-11-25,18:00,東京建物 ぴあ シアター,pickup_number,female,入金後2日以内に発券番号共有,N,5.0,,,2026-09-18 01:01:17,,2026-09-19 01:01:12,,,deleted,1,30000,"S席 ぴあ先行
発券開始前のため座席未定です。
名古屋事前手渡し、当日手渡し可能です。
ご相談ください。",True,2026-09
p0jg1t7me2,,rocknroll-stage-2026,2026-12-05,18:00,東京建物 ぴあ シアター,pickup_number,female,入金後2日以内に発券番号共有,s,4.4,,,2026-09-18 01:01:17,,2026-09-19 01:01:12,,,deleted,2,25000,S席 ぴあ先行、重複なし,True,2026-09
n9dnmchw5a,,rocknroll-stage-2026,2026-11-07,13:00,兵庫県立芸術文化センター 阪急 中ホール,paper,female,公演日7日前までに郵送,みーすけ,5.0,,,2026-09-18 02:01:11,,2026-09-19 02:01:15,,,deleted,1,0,"発券開始前のためS席　座席未定です。
都内にて手渡しも可能です。ご相談ください。",True,2026-09
jrdb48jf5d,,rocknroll-stage-2026,2026-11-07,18:00,兵庫県立芸術文化センター 阪急 中ホール,paper,female,公演日7日前までに郵送,め,5.0,,,2026-09-18 02:01:11,,2026-09-19 02:01:15,,,deleted,1,30000,"出演者FC当選(WEST.ではありません)
座席未定/重複すり替えなし

2連のうちの1枚ですので、
発券後にレターパックプラスにて郵送いたします。(発券開始1...",True,2026-09
6o8dphnd2a,,rocknroll-stage-2026,2026-11-13,18:00,東京建物 ぴあ シアター,paper,female,当日手渡し,j,5.0,,,2026-09-18 02:01:11,,2026-09-19 02:01:15,,,deleted,1,30000,"FC枠当選 /該当名義 /自名義/クレジット決済/座席未定
〇購入後下3桁提示可能。

〇当日会場付近にて手渡し/事前手渡し可/郵送可(レターパックプラスにて発...",True,2026-09
4efdequ96q,,rocknroll-stage-2026,2026-11-17,18:00,東京建物 ぴあ シアター,paper,female,当日手渡し,666,5.0,,,2026-09-18 02:01:11,,2026-09-19 02:01:15,,,deleted,1,20000,"・WEST.FC先行
・日本語に不自由ない方
・時間厳守

同時入場後、半券を回収ささせていただきます。
当日待ち合わせ時間に10分以上遅刻された場合、入場いた...",True,2026-09
ugqpbk6gar,,rocknroll-stage-2026,2026-11-20,13:00,東京建物 ぴあ シアター,paper,female,公演日7日前までに郵送,ちくわ,5.0,,,2026-09-18 02:01:11,,2026-09-19 02:01:15,,,deleted,1,30000,"WEST.FC枠

座席に対するクレーム及び公演中止以外返金には対応いたしません。",True,2026-09
ygb4noyd6f,,rocknroll-stage-2026,2026-11-25,18:00,東京建物 ぴあ シアター,paper,female,当日手渡し,N,5.0,,同行,2026-09-18 02:01:11,,2026-09-19 02:01:15,,,deleted,1,85000,"FC先行/小瀧名義/下3桁提示可能/

公演中止以外返金不可

名古屋事前手渡し、当日手渡し、郵送可能",True,2026-09
okqze2298l,,rocknroll-stage-2026,2026-11-26,13:00,東京建物 ぴあ シアター,paper,female,公演日7日前までに郵送,瀧,5.0,,,2026-09-18 02:01:11,,2026-09-19 02:01:15,,,deleted,1,16500,"チケット代未払いです。
チケットの13300円もお支払いいただきます。ご了承ください。　
小瀧名義、ファンクラブ先行",True,2026-09
xoen84687g,,rocknroll-stage-2026,2026-12-01,13:00,東京建物 ぴあ シアター,paper,female,公演日7日前までに郵送,y☆,5.0,,ランダム,2026-09-18 02:01:11,,2026-09-19 02:01:15,,,deleted,1,0,"FC枠当選 /該当名義 /コンビニ決済/座席未定/購入後のみ下3桁提示可能

当日会場付近にて手渡しまたは追跡付き郵送になりますので購入後にご指定ください。...",True,2026-09
7do78qq5f6,,rocknroll-stage-2026,2026-12-01,13:00,東京建物 ぴあ シアター,paper,female,公演日7日前までに郵送,y☆,5.0,,ランダム,2026-09-18 02:01:11,,2026-09-19 02:01:15,,,deleted,1,0,"FC枠当選 /該当名義 /コンビニ決済/座席未定/購入後のみ下3桁提示可能

当日会場付近にて手渡しまたは追跡付き郵送になりますので購入後にご指定ください。...",True,2026-09
ska3kzj2oj,,rocknroll-stage-2026,2026-12-01,13:00,東京建物 ぴあ シアター,paper,female,公演日7日前までに郵送,y☆,5.0,,ランダム,2026-09-18 02:01:11,,2026-09-19 02:01:15,,,deleted,1,0,"FC枠当選 /該当名義 /コンビニ決済/座席未定/購入後のみ下3桁提示可能

当日会場付近にて手渡しまたは追跡付き郵送になりますので購入後にご指定ください。...",True,2026-09
g20ols3mdc,,rocknroll-stage-2026,2026-12-01,13:00,東京建物 ぴあ シアター,paper,female,公演日7日前までに郵送,y☆,5.0,,ランダム,2026-09-18 02:01:11,,2026-09-19 02:01:15,,,deleted,1,0,"FC枠当選 /該当名義 /コンビニ決済/座席未定/購入後のみ下3桁提示可能

当日会場付近にて手渡しまたは追跡付き郵送になりますので購入後にご指定ください。...",True,2026-09
mk0ljuxt9k,,rocknroll-stage-2026,2026-12-05,18:00,東京建物 ぴあ シアター,paper,female,手元に届き次第に郵送,ララ,5.0,,,2026-09-18 02:01:11,,2026-09-19 02:01:15,,,deleted,2,30000,"FC当選 小瀧x小瀧名義 座席未定
プラベルorプライベート出品に切り替えてのお取引となります。
必ず事前にコメントください。
ご希望でしたら下3桁提示可能。...",True,2026-09
a48fve1si9,,rocknroll-stage-2026,2026-12-06,13:00,東京建物 ぴあ シアター,paper,female,発券後郵送or当日手渡し（要相談）,おこめ,5.0,,番手,2026-09-18 02:01:11,,2026-09-19 02:01:15,,,deleted,1,0,"WEST.FC該当名義×1枚,
アミューズ プレミアムコース入会×1枚
上記の2名義中2番手です。
金額ご提示ください。",True,2026-09
33quhf9om7,,rocknroll-stage-2026,2026-11-29,13:00,東京建物 ぴあ シアター,pickup_number,female,入金後2日以内に発券番号共有,燐,5.0,,,2026-09-18 15:01:13,,2026-09-19 01:01:12,,,deleted,1,20683,"チケットぴあ抽選先行にて当選
入金を確認したのち、速やかに発券番号を共有させていただきます。
10/24(土)10時より発券可能となりますので、公演までにご自身...",True,2026-09
rm375spsfc,,rocknroll-stage-2026,2026-11-29,13:00,東京建物 ぴあ シアター,pickup_number,female,入金後2日以内に発券番号共有,燐,5.0,,,2026-09-18 15:01:13,,2026-09-19 01:01:12,,,deleted,1,20683,"チケットぴあ抽選先行にて当選
入金を確認したのち、速やかに発券番号を共有させていただきます。
10/24(土)10時より発券可能となりますので、公演までにご自身...",True,2026-09
lcpuuqouil,,rocknroll-stage-2026,2026-11-25,18:00,東京建物 ぴあ シアター,pickup_number,female,入金後2日以内に発券番号共有,N,5.0,,,2026-09-19 01:01:12,,2026-09-20 01:01:05,,,deleted,1,0,"ぴあ先行 S席
10/24 10時～発券可能
発券開始前のため座席未定です。
当日手渡しも可能です。ご相談ください。",True,2026-09
fwh6kh8ovz,,rocknroll-stage-2026,2026-11-25,18:00,東京建物 ぴあ シアター,pickup_number,female,入金後2日以内に発券番号共有,N,5.0,,,2026-09-19 01:01:12,,2026-09-20 01:01:05,,,deleted,1,30000,"S席 ぴあ先行
発券開始前のため座席未定です。
名古屋事前手渡し、当日手渡し可能です。
ご相談ください。",True,2026-09
n3dca63arm,,rocknroll-stage-2026,2026-11-29,13:00,東京建物 ぴあ シアター,pickup_number,female,入金後2日以内に発券番号共有,燐,5.0,,,2026-09-19 01:01:12,,2026-09-20 01:01:05,,,deleted,1,20683,"チケットぴあ抽選先行にて当選
入金を確認したのち、速やかに発券番号を共有させていただきます。
10/24(土)10時より発券可能となりますので、公演までにご自身...",True,2026-09
gaedemmu2q,,rocknroll-stage-2026,2026-11-29,13:00,東京建物 ぴあ シアター,pickup_number,female,入金後2日以内に発券番号共有,燐,5.0,,,2026-09-19 01:01:12,,2026-09-20 01:01:05,,,deleted,1,20683,"チケットぴあ抽選先行にて当選
入金を確認したのち、速やかに発券番号を共有させていただきます。
10/24(土)10時より発券可能となりますので、公演までにご自身...",True,2026-09
id33gj1muo,,rocknroll-stage-2026,2026-12-05,18:00,東京建物 ぴあ シアター,pickup_number,female,入金後2日以内に発券番号共有,s,4.4,,,2026-09-19 01:01:12,,2026-09-20 01:01:05,,,deleted,2,25000,S席 ぴあ先行、重複なし,True,2026-09
9nfvf3uymn,,rocknroll-stage-2026,2026-11-07,13:00,兵庫県立芸術文化センター 阪急 中ホール,paper,female,公演日7日前までに郵送,みーすけ,5.0,,,2026-09-19 02:01:15,,2026-09-20 02:01:15,,,deleted,1,0,"発券開始前のためS席　座席未定です。
都内にて手渡しも可能です。ご相談ください。",True,2026-09
nmq0xhfp44,,rocknroll-stage-2026,2026-11-07,18:00,兵庫県立芸術文化センター 阪急 中ホール,paper,female,公演日7日前までに郵送,め,5.0,,,2026-09-19 02:01:15,,2026-09-20 02:01:15,,,deleted,1,30000,"出演者FC当選(WEST.ではありません)
座席未定/重複すり替えなし

2連のうちの1枚ですので、
発券後にレターパックプラスにて郵送いたします。(発券開始1...",True,2026-09
7horg0pcbk,,rocknroll-stage-2026,2026-11-13,18:00,東京建物 ぴあ シアター,paper,female,当日手渡し,j,5.0,,,2026-09-19 02:01:15,,2026-09-19 10:01:08,,,deleted,1,30000,"FC枠当選 /該当名義 /自名義/クレジット決済/座席未定
〇購入後下3桁提示可能。

〇当日会場付近にて手渡し/事前手渡し可/郵送可(レターパックプラスにて発...",True,2026-09
zanwjeqzff,,rocknroll-stage-2026,2026-11-17,18:00,東京建物 ぴあ シアター,paper,female,当日手渡し,666,5.0,,,2026-09-19 02:01:15,,2026-09-20 02:01:15,,,deleted,1,20000,"・WEST.FC先行
・日本語に不自由ない方
・時間厳守

同時入場後、半券を回収ささせていただきます。
当日待ち合わせ時間に10分以上遅刻された場合、入場いた...",True,2026-09
xusgvmohtl,,rocknroll-stage-2026,2026-11-20,13:00,東京建物 ぴあ シアター,paper,female,公演日7日前までに郵送,ちくわ,5.0,,,2026-09-19 02:01:15,,2026-09-20 02:01:15,,,deleted,1,30000,"WEST.FC枠

座席に対するクレーム及び公演中止以外返金には対応いたしません。",True,2026-09
ghvhj4pfws,,rocknroll-stage-2026,2026-11-25,18:00,東京建物 ぴあ シアター,paper,female,当日手渡し,N,5.0,,同行,2026-09-19 02:01:15,,2026-09-20 02:01:15,,,deleted,1,85000,"FC先行/小瀧名義/下3桁提示可能/

公演中止以外返金不可

名古屋事前手渡し、当日手渡し、郵送可能",True,2026-09
93a21k06zt,,rocknroll-stage-2026,2026-11-26,13:00,東京建物 ぴあ シアター,paper,female,公演日7日前までに郵送,瀧,5.0,,,2026-09-19 02:01:15,,2026-09-20 02:01:15,,,deleted,1,16500,"チケット代未払いです。
チケットの13300円もお支払いいただきます。ご了承ください。　
小瀧名義、ファンクラブ先行",True,2026-09
zw2yudu6ce,,rocknroll-stage-2026,2026-12-01,13:00,東京建物 ぴあ シアター,paper,female,公演日7日前までに郵送,y☆,5.0,,ランダム,2026-09-19 02:01:15,,2026-09-20 02:01:15,,,deleted,1,0,"FC枠当選 /該当名義 /コンビニ決済/座席未定/購入後のみ下3桁提示可能

当日会場付近にて手渡しまたは追跡付き郵送になりますので購入後にご指定ください。...",True,2026-09
qee9h76yad,,rocknroll-stage-2026,2026-12-01,13:00,東京建物 ぴあ シアター,paper,female,公演日7日前までに郵送,y☆,5.0,,ランダム,2026-09-19 02:01:15,,2026-09-20 02:01:15,,,deleted,1,0,"FC枠当選 /該当名義 /コンビニ決済/座席未定/購入後のみ下3桁提示可能

当日会場付近にて手渡しまたは追跡付き郵送になりますので購入後にご指定ください。...",True,2026-09
bg9992br8c,,rocknroll-stage-2026,2026-12-01,13:00,東京建物 ぴあ シアター,paper,female,公演日7日前までに郵送,y☆,5.0,,ランダム,2026-09-19 02:01:15,,2026-09-20 02:01:15,,,deleted,1,0,"FC枠当選 /該当名義 /コンビニ決済/座席未定/購入後のみ下3桁提示可能

当日会場付近にて手渡しまたは追跡付き郵送になりますので購入後にご指定ください。...",True,2026-09
tapg1lnf5t,,rocknroll-stage-2026,2026-12-01,13:00,東京建物 ぴあ シアター,paper,female,公演日7日前までに郵送,y☆,5.0,,ランダム,2026-09-19 02:01:15,,2026-09-20 02:01:15,,,deleted,1,0,"FC枠当選 /該当名義 /コンビニ決済/座席未定/購入後のみ下3桁提示可能

当日会場付近にて手渡しまたは追跡付き郵送になりますので購入後にご指定ください。...",True,2026-09
a4l5x0m55z,,rocknroll-stage-2026,2026-12-05,18:00,東京建物 ぴあ シアター,paper,female,手元に届き次第に郵送,ララ,5.0,,,2026-09-19 02:01:15,,2026-09-20 02:01:15,,,deleted,2,30000,"FC当選 小瀧x小瀧名義 座席未定
プラベルorプライベート出品に切り替えてのお取引となります。
必ず事前にコメントください。
ご希望でしたら下3桁提示可能。...",True,2026-09
bgw7y68t9f,,rocknroll-stage-2026,2026-12-06,13:00,東京建物 ぴあ シアター,paper,female,発券後郵送or当日手渡し（要相談）,おこめ,5.0,,番手,2026-09-19 02:01:15,,2026-09-20 02:01:15,,,deleted,1,0,"WEST.FC該当名義×1枚,
アミューズ プレミアムコース入会×1枚
上記の2名義中2番手です。
金額ご提示ください。",True,2026-09
ctcxpaqcil,,rocknroll-stage-2026,2026-11-25,18:00,東京建物 ぴあ シアター,pickup_number,female,入金後2日以内に発券番号共有,N,5.0,,,2026-09-20 01:01:05,,2026-09-21 01:01:44,,,deleted,1,0,"ぴあ先行 S席
10/24 10時～発券可能
発券開始前のため座席未定です。
当日手渡しも可能です。ご相談ください。",True,2026-09
uxwrakq1n1,,rocknroll-stage-2026,2026-11-25,18:00,東京建物 ぴあ シアター,pickup_number,female,入金後2日以内に発券番号共有,N,5.0,,,2026-09-20 01:01:05,,2026-09-21 01:01:44,,,deleted,1,30000,"S席 ぴあ先行
発券開始前のため座席未定です。
名古屋事前手渡し、当日手渡し可能です。
ご相談ください。",True,2026-09
6rwvqps25h,,rocknroll-stage-2026,2026-11-29,13:00,東京建物 ぴあ シアター,pickup_number,female,入金後2日以内に発券番号共有,燐,5.0,,,2026-09-20 01:01:05,,2026-09-21 01:01:44,,,deleted,1,20683,"チケットぴあ抽選先行にて当選
入金を確認したのち、速やかに発券番号を共有させていただきます。
10/24(土)10時より発券可能となりますので、公演までにご自身...",True,2026-09
kvjxfk250h,,rocknroll-stage-2026,2026-11-29,13:00,東京建物 ぴあ シアター,pickup_number,female,入金後2日以内に発券番号共有,燐,5.0,,,2026-09-20 01:01:05,,2026-09-21 01:01:44,,,deleted,1,20683,"チケットぴあ抽選先行にて当選
入金を確認したのち、速やかに発券番号を共有させていただきます。
10/24(土)10時より発券可能となりますので、公演までにご自身...",True,2026-09
d3bbw6mr48,,rocknroll-stage-2026,2026-12-05,18:00,東京建物 ぴあ シアター,pickup_number,female,入金後2日以内に発券番号共有,s,4.4,,,2026-09-20 01:01:05,,2026-09-21 01:01:44,,,deleted,2,25000,S席 ぴあ先行、重複なし,True,2026-09
82ukhxwpas,,rocknroll-stage-2026,2026-11-07,13:00,兵庫県立芸術文化センター 阪急 中ホール,paper,female,公演日7日前までに郵送,みーすけ,5.0,,,2026-09-20 02:01:15,,2026-09-21 02:01:13,,,deleted,1,0,"発券開始前のためS席　座席未定です。
都内にて手渡しも可能です。ご相談ください。",True,2026-09
otncui2vo1,,rocknroll-stage-2026,2026-11-07,18:00,兵庫県立芸術文化センター 阪急 中ホール,paper,female,公演日7日前までに郵送,め,5.0,,,2026-09-20 02:01:15,,2026-09-21 02:01:13,,,deleted,1,30000,"出演者FC当選(WEST.ではありません)
座席未定/重複すり替えなし

2連のうちの1枚ですので、
発券後にレターパックプラスにて郵送いたします。(発券開始1...",True,2026-09
ygaacok1ti,,rocknroll-stage-2026,2026-11-17,18:00,東京建物 ぴあ シアター,paper,female,当日手渡し,666,5.0,,,2026-09-20 02:01:15,,2026-09-21 02:01:13,,,deleted,1,20000,"・WEST.FC先行
・日本語に不自由ない方
・時間厳守

同時入場後、半券を回収ささせていただきます。
当日待ち合わせ時間に10分以上遅刻された場合、入場いた...",True,2026-09
n2jnqf99tm,,rocknroll-stage-2026,2026-11-20,13:00,東京建物 ぴあ シアター,paper,female,公演日7日前までに郵送,ちくわ,5.0,,,2026-09-20 02:01:15,,2026-09-21 02:01:13,,,deleted,1,30000,"WEST.FC枠

座席に対するクレーム及び公演中止以外返金には対応いたしません。",True,2026-09
wzqz3i235o,,rocknroll-stage-2026,2026-11-25,18:00,東京建物 ぴあ シアター,paper,female,当日手渡し,N,5.0,,同行,2026-09-20 02:01:15,,2026-09-21 02:01:13,,,deleted,1,85000,"FC先行/小瀧名義/下3桁提示可能/

公演中止以外返金不可

名古屋事前手渡し、当日手渡し、郵送可能",True,2026-09
ynswgw1kav,,rocknroll-stage-2026,2026-11-26,13:00,東京建物 ぴあ シアター,paper,female,公演日7日前までに郵送,瀧,5.0,,,2026-09-20 02:01:15,,2026-09-21 02:01:13,,,deleted,1,16500,"チケット代未払いです。
チケットの13300円もお支払いいただきます。ご了承ください。　
小瀧名義、ファンクラブ先行",True,2026-09
opsj3aocqt,,rocknroll-stage-2026,2026-12-01,13:00,東京建物 ぴあ シアター,paper,female,公演日7日前までに郵送,y☆,5.0,,ランダム,2026-09-20 02:01:15,,2026-09-21 02:01:13,,,deleted,1,0,"FC枠当選 /該当名義 /コンビニ決済/座席未定/購入後のみ下3桁提示可能

当日会場付近にて手渡しまたは追跡付き郵送になりますので購入後にご指定ください。...",True,2026-09
rtfs5sfja3,,rocknroll-stage-2026,2026-12-01,13:00,東京建物 ぴあ シアター,paper,female,公演日7日前までに郵送,y☆,5.0,,ランダム,2026-09-20 02:01:15,,2026-09-21 02:01:13,,,deleted,1,0,"FC枠当選 /該当名義 /コンビニ決済/座席未定/購入後のみ下3桁提示可能

当日会場付近にて手渡しまたは追跡付き郵送になりますので購入後にご指定ください。...",True,2026-09
4djrxhxwav,,rocknroll-stage-2026,2026-12-01,13:00,東京建物 ぴあ シアター,paper,female,公演日7日前までに郵送,y☆,5.0,,ランダム,2026-09-20 02:01:15,,2026-09-21 02:01:13,,,deleted,1,0,"FC枠当選 /該当名義 /コンビニ決済/座席未定/購入後のみ下3桁提示可能

当日会場付近にて手渡しまたは追跡付き郵送になりますので購入後にご指定ください。...",True,2026-09
qk5rftmuu5,,rocknroll-stage-2026,2026-12-01,13:00,東京建物 ぴあ シアター,paper,female,公演日7日前までに郵送,y☆,5.0,,ランダム,2026-09-20 02:01:15,,2026-09-21 02:01:13,,,deleted,1,0,"FC枠当選 /該当名義 /コンビニ決済/座席未定/購入後のみ下3桁提示可能

当日会場付近にて手渡しまたは追跡付き郵送になりますので購入後にご指定ください。...",True,2026-09
0ey4illfa5,,rocknroll-stage-2026,2026-12-05,18:00,東京建物 ぴあ シアター,paper,female,手元に届き次第に郵送,ララ,5.0,,,2026-09-20 02:01:15,,2026-09-21 02:01:13,,,deleted,2,30000,"FC当選 小瀧x小瀧名義 座席未定
プラベルorプライベート出品に切り替えてのお取引となります。
必ず事前にコメントください。
ご希望でしたら下3桁提示可能。...",True,2026-09
wtjauxno6r,,rocknroll-stage-2026,2026-12-06,13:00,東京建物 ぴあ シアター,paper,female,発券後郵送or当日手渡し（要相談）,おこめ,5.0,,番手,2026-09-20 02:01:15,,2026-09-21 02:01:13,,,deleted,1,0,"WEST.FC該当名義×1枚,
アミューズ プレミアムコース入会×1枚
上記の2名義中2番手です。
金額ご提示ください。",True,2026-09
32qdw2iwfl,,rocknroll-stage-2026,2026-11-19,18:00,東京建物 ぴあ シアター,paper,female,公演日7日前までに郵送,ちくわ,5.0,,,2026-09-20 16:01:10,,2026-09-21 01:01:44,,,deleted,1,0,"WEST.FC枠
座席についてのクレーム及び公演中止以外の返金には対応いたしません",True,2026-09
v9988y546v,,rocknroll-stage-2026,2026-11-19,18:00,東京建物 ぴあ シアター,paper,female,公演日7日前までに郵送,ちくわ,5.0,,,2026-09-21 01:01:44,,2026-09-22 01:01:10,,,deleted,1,0,"WEST.FC枠
座席についてのクレーム及び公演中止以外の返金には対応いたしません",True,2026-09
li6s85zup6,,rocknroll-stage-2026,2026-11-25,18:00,東京建物 ぴあ シアター,pickup_number,female,入金後2日以内に発券番号共有,N,5.0,,,2026-09-21 01:01:44,,2026-09-22 01:01:10,,,deleted,1,0,"ぴあ先行 S席
10/24 10時～発券可能
発券開始前のため座席未定です。
当日手渡しも可能です。ご相談ください。",True,2026-09
ult8guaxrf,,rocknroll-stage-2026,2026-11-25,18:00,東京建物 ぴあ シアター,pickup_number,female,入金後2日以内に発券番号共有,N,5.0,,,2026-09-21 01:01:44,,2026-09-22 01:01:10,,,deleted,1,30000,"S席 ぴあ先行
発券開始前のため座席未定です。
名古屋事前手渡し、当日手渡し可能です。
ご相談ください。",True,2026-09
ym9pw86f44,,rocknroll-stage-2026,2026-11-29,13:00,東京建物 ぴあ シアター,pickup_number,female,入金後2日以内に発券番号共有,燐,5.0,,,2026-09-21 01:01:44,,2026-09-22 01:01:10,,,deleted,1,20683,"チケットぴあ抽選先行にて当選
入金を確認したのち、速やかに発券番号を共有させていただきます。
10/24(土)10時より発券可能となりますので、公演までにご自身...",True,2026-09
sp2g7yho8t,,rocknroll-stage-2026,2026-11-29,13:00,東京建物 ぴあ シアター,pickup_number,female,入金後2日以内に発券番号共有,燐,5.0,,,2026-09-21 01:01:44,,2026-09-22 01:01:10,,,deleted,1,20683,"チケットぴあ抽選先行にて当選
入金を確認したのち、速やかに発券番号を共有させていただきます。
10/24(土)10時より発券可能となりますので、公演までにご自身...",True,2026-09
xsskyvfw70,,rocknroll-stage-2026,2026-12-05,18:00,東京建物 ぴあ シアター,paper,female,発券が可能になり次第、発送いたします。,s,4.4,,,2026-09-21 01:01:44,,2026-09-22 01:01:10,,,deleted,1,25000,S席 ぴあ先行、重複なし,True,2026-09
ggm2w82rgb,,rocknroll-stage-2026,2026-11-07,13:00,兵庫県立芸術文化センター 阪急 中ホール,paper,female,公演日7日前までに郵送,みーすけ,5.0,,,2026-09-21 02:01:13,,2026-09-22 02:01:12,,,deleted,1,0,"発券開始前のためS席　座席未定です。
都内にて手渡しも可能です。ご相談ください。",True,2026-09
hfyogzvpi2,,rocknroll-stage-2026,2026-11-07,18:00,兵庫県立芸術文化センター 阪急 中ホール,paper,female,公演日7日前までに郵送,め,5.0,,,2026-09-21 02:01:13,,2026-09-22 02:01:12,,,deleted,1,30000,"出演者FC当選(WEST.ではありません)
座席未定/重複すり替えなし

2連のうちの1枚ですので、
発券後にレターパックプラスにて郵送いたします。(発券開始1...",True,2026-09
fv22a2bjih,,rocknroll-stage-2026,2026-11-17,18:00,東京建物 ぴあ シアター,paper,female,当日手渡し,666,5.0,,,2026-09-21 02:01:13,,2026-09-22 02:01:12,,,deleted,1,20000,"・WEST.FC先行
・日本語に不自由ない方
・時間厳守

同時入場後、半券を回収ささせていただきます。
当日待ち合わせ時間に10分以上遅刻された場合、入場いた...",True,2026-09
en0af6isbm,,rocknroll-stage-2026,2026-11-20,13:00,東京建物 ぴあ シアター,paper,female,公演日7日前までに郵送,ちくわ,5.0,,,2026-09-21 02:01:13,,2026-09-22 02:01:12,,,deleted,1,0,"WEST.FC枠

座席に対するクレーム及び公演中止以外返金には対応いたしません。",True,2026-09
54arw5wbmo,,rocknroll-stage-2026,2026-11-25,18:00,東京建物 ぴあ シアター,paper,female,当日手渡し,N,5.0,,同行,2026-09-21 02:01:13,,2026-09-22 02:01:12,,,deleted,1,85000,"FC先行/小瀧名義/下3桁提示可能/

公演中止以外返金不可

名古屋事前手渡し、当日手渡し、郵送可能",True,2026-09
ao95wyijni,,rocknroll-stage-2026,2026-11-26,13:00,東京建物 ぴあ シアター,paper,female,公演日7日前までに郵送,瀧,5.0,,,2026-09-21 02:01:13,,2026-09-22 02:01:12,,,deleted,1,16500,"チケット代未払いです。
チケットの13300円もお支払いいただきます。ご了承ください。　
小瀧名義、ファンクラブ先行",True,2026-09
tyl75gs60x,,rocknroll-stage-2026,2026-12-01,13:00,東京建物 ぴあ シアター,paper,female,公演日7日前までに郵送,y☆,5.0,,ランダム,2026-09-21 02:01:13,,2026-09-22 02:01:12,,,deleted,1,0,"FC枠当選 /該当名義 /コンビニ決済/座席未定/購入後のみ下3桁提示可能

当日会場付近にて手渡しまたは追跡付き郵送になりますので購入後にご指定ください。...",True,2026-09
6zy0wnutra,,rocknroll-stage-2026,2026-12-01,13:00,東京建物 ぴあ シアター,paper,female,公演日7日前までに郵送,y☆,5.0,,ランダム,2026-09-21 02:01:13,,2026-09-22 02:01:12,,,deleted,1,0,"FC枠当選 /該当名義 /コンビニ決済/座席未定/購入後のみ下3桁提示可能

当日会場付近にて手渡しまたは追跡付き郵送になりますので購入後にご指定ください。...",True,2026-09
i1r4vzvjbt,,rocknroll-stage-2026,2026-12-01,13:00,東京建物 ぴあ シアター,paper,female,公演日7日前までに郵送,y☆,5.0,,ランダム,2026-09-21 02:01:13,,2026-09-22 02:01:12,,,deleted,1,0,"FC枠当選 /該当名義 /コンビニ決済/座席未定/購入後のみ下3桁提示可能

当日会場付近にて手渡しまたは追跡付き郵送になりますので購入後にご指定ください。...",True,2026-09
oaao01vyyr,,rocknroll-stage-2026,2026-12-01,13:00,東京建物 ぴあ シアター,paper,female,公演日7日前までに郵送,y☆,5.0,,ランダム,2026-09-21 02:01:13,,2026-09-22 02:01:12,,,deleted,1,0,"FC枠当選 /該当名義 /コンビニ決済/座席未定/購入後のみ下3桁提示可能

当日会場付近にて手渡しまたは追跡付き郵送になりますので購入後にご指定ください。...",True,2026-09
m8zsqllt9w,,rocknroll-stage-2026,2026-12-05,18:00,東京建物 ぴあ シアター,paper,female,手元に届き次第に郵送,ララ,5.0,,,2026-09-21 02:01:13,,2026-09-22 02:01:12,,,deleted,2,30000,"FC当選 小瀧x小瀧名義 座席未定
プラベルorプライベート出品に切り替えてのお取引となります。
必ず事前にコメントください。
ご希望でしたら下3桁提示可能。...",True,2026-09
mc49zmteuh,,rocknroll-stage-2026,2026-12-06,13:00,東京建物 ぴあ シアター,paper,female,発券後郵送or当日手渡し（要相談）,おこめ,5.0,,番手,2026-09-21 02:01:13,,2026-09-22 02:01:12,,,deleted,1,0,"WEST.FC該当名義×1枚,
アミューズ プレミアムコース入会×1枚
上記の2名義中2番手です。
金額ご提示ください。",True,2026-09
5831sn12j9,,rocknroll-stage-2026,2026-11-19,18:00,東京建物 ぴあ シアター,paper,female,公演日7日前までに郵送,ちくわ,5.0,,,2026-09-22 01:01:10,,2026-09-23 01:01:12,,,deleted,1,0,"WEST.FC枠
座席についてのクレーム及び公演中止以外の返金には対応いたしません",True,2026-09
y014cgjnbp,,rocknroll-stage-2026,2026-11-25,18:00,東京建物 ぴあ シアター,pickup_number,female,入金後2日以内に発券番号共有,N,5.0,,,2026-09-22 01:01:10,,2026-09-23 01:01:12,,,deleted,1,0,"ぴあ先行 S席
10/24 10時～発券可能
発券開始前のため座席未定です。
当日手渡しも可能です。ご相談ください。",True,2026-09
6rm6mxyn9e,,rocknroll-stage-2026,2026-11-25,18:00,東京建物 ぴあ シアター,pickup_number,female,入金後2日以内に発券番号共有,N,5.0,,,2026-09-22 01:01:10,,2026-09-23 01:01:12,,,deleted,1,30000,"S席 ぴあ先行
発券開始前のため座席未定です。
名古屋事前手渡し、当日手渡し可能です。
ご相談ください。",True,2026-09
uq217hu6kr,,rocknroll-stage-2026,2026-11-29,13:00,東京建物 ぴあ シアター,pickup_number,female,入金後2日以内に発券番号共有,燐,5.0,,,2026-09-22 01:01:10,,2026-09-23 01:01:12,,,deleted,1,20683,"チケットぴあ抽選先行にて当選
入金を確認したのち、速やかに発券番号を共有させていただきます。
10/24(土)10時より発券可能となりますので、公演までにご自身...",True,2026-09
ovlag1gxmq,,rocknroll-stage-2026,2026-11-29,13:00,東京建物 ぴあ シアター,pickup_number,female,入金後2日以内に発券番号共有,燐,5.0,,,2026-09-22 01:01:10,,2026-09-23 01:01:12,,,deleted,1,20683,"チケットぴあ抽選先行にて当選
入金を確認したのち、速やかに発券番号を共有させていただきます。
10/24(土)10時より発券可能となりますので、公演までにご自身...",True,2026-09
jrskzlfvx3,,rocknroll-stage-2026,2026-12-05,18:00,東京建物 ぴあ シアター,paper,female,発券が可能になり次第、発送いたします。,s,4.4,,,2026-09-22 01:01:10,,2026-09-23 01:01:12,,,deleted,1,25000,S席 ぴあ先行、重複なし,True,2026-09
zp5kmsgnok,,rocknroll-stage-2026,2026-11-07,13:00,兵庫県立芸術文化センター 阪急 中ホール,paper,female,公演日7日前までに郵送,みーすけ,5.0,,,2026-09-22 02:01:12,,2026-09-23 02:01:18,,,deleted,1,0,"発券開始前のためS席　座席未定です。
都内にて手渡しも可能です。ご相談ください。",True,2026-09
haqc6rz4yy,,rocknroll-stage-2026,2026-11-07,18:00,兵庫県立芸術文化センター 阪急 中ホール,paper,female,公演日7日前までに郵送,め,5.0,,,2026-09-22 02:01:12,,2026-09-23 02:01:18,,,deleted,1,30000,"出演者FC当選(WEST.ではありません)
座席未定/重複すり替えなし

2連のうちの1枚ですので、
発券後にレターパックプラスにて郵送いたします。(発券開始1...",True,2026-09
qjjjxc9a8b,,rocknroll-stage-2026,2026-11-17,18:00,東京建物 ぴあ シアター,paper,female,当日手渡し,666,5.0,,,2026-09-22 02:01:12,,2026-09-23 02:01:18,,,deleted,1,20000,"・WEST.FC先行
・日本語に不自由ない方
・時間厳守

同時入場後、半券を回収ささせていただきます。
当日待ち合わせ時間に10分以上遅刻された場合、入場いた...",True,2026-09
awf7dtjx5k,,rocknroll-stage-2026,2026-11-20,13:00,東京建物 ぴあ シアター,paper,female,公演日7日前までに郵送,ちくわ,5.0,,,2026-09-22 02:01:12,,2026-09-23 02:01:18,,,deleted,1,0,"WEST.FC枠

座席に対するクレーム及び公演中止以外返金には対応いたしません。",True,2026-09
oi41tuvn38,,rocknroll-stage-2026,2026-11-25,18:00,東京建物 ぴあ シアター,paper,female,当日手渡し,N,5.0,,同行,2026-09-22 02:01:12,,2026-09-23 02:01:18,,,deleted,1,85000,"FC先行/小瀧名義/下3桁提示可能/

公演中止以外返金不可

名古屋事前手渡し、当日手渡し、郵送可能",True,2026-09
jqfro83d7p,,rocknroll-stage-2026,2026-11-26,13:00,東京建物 ぴあ シアター,paper,female,公演日7日前までに郵送,瀧,5.0,,,2026-09-22 02:01:12,,2026-09-23 02:01:18,,,deleted,1,16500,"チケット代未払いです。
チケットの13300円もお支払いいただきます。ご了承ください。　
小瀧名義、ファンクラブ先行",True,2026-09
qeu81ardb2,,rocknroll-stage-2026,2026-12-01,13:00,東京建物 ぴあ シアター,paper,female,公演日7日前までに郵送,y☆,5.0,,ランダム,2026-09-22 02:01:12,,2026-09-23 02:01:18,,,deleted,1,0,"FC枠当選 /該当名義 /コンビニ決済/座席未定/購入後のみ下3桁提示可能

当日会場付近にて手渡しまたは追跡付き郵送になりますので購入後にご指定ください。...",True,2026-09
kqpr0hafcq,,rocknroll-stage-2026,2026-12-01,13:00,東京建物 ぴあ シアター,paper,female,公演日7日前までに郵送,y☆,5.0,,ランダム,2026-09-22 02:01:12,,2026-09-23 02:01:18,,,deleted,1,0,"FC枠当選 /該当名義 /コンビニ決済/座席未定/購入後のみ下3桁提示可能

当日会場付近にて手渡しまたは追跡付き郵送になりますので購入後にご指定ください。...",True,2026-09
wcfzz624v7,,rocknroll-stage-2026,2026-12-01,13:00,東京建物 ぴあ シアター,paper,female,公演日7日前までに郵送,y☆,5.0,,ランダム,2026-09-22 02:01:12,,2026-09-23 02:01:18,,,deleted,1,0,"FC枠当選 /該当名義 /コンビニ決済/座席未定/購入後のみ下3桁提示可能

当日会場付近にて手渡しまたは追跡付き郵送になりますので購入後にご指定ください。...",True,2026-09
imeh6qtlge,,rocknroll-stage-2026,2026-12-01,13:00,東京建物 ぴあ シアター,paper,female,公演日7日前までに郵送,y☆,5.0,,ランダム,2026-09-22 02:01:12,,2026-09-23 02:01:18,,,deleted,1,0,"FC枠当選 /該当名義 /コンビニ決済/座席未定/購入後のみ下3桁提示可能

当日会場付近にて手渡しまたは追跡付き郵送になりますので購入後にご指定ください。...",True,2026-09
yhhgq2puga,,rocknroll-stage-2026,2026-12-05,18:00,東京建物 ぴあ シアター,paper,female,手元に届き次第に郵送,ララ,5.0,,,2026-09-22 02:01:12,,2026-09-23 02:01:18,,,deleted,2,30000,"FC当選 小瀧x小瀧名義 座席未定
プラベルorプライベート出品に切り替えてのお取引となります。
必ず事前にコメントください。
ご希望でしたら下3桁提示可能。...",True,2026-09
hos99fx9pr,,rocknroll-stage-2026,2026-12-06,13:00,東京建物 ぴあ シアター,paper,female,発券後郵送or当日手渡し（要相談）,おこめ,5.0,,番手,2026-09-22 02:01:12,,2026-09-23 02:01:18,,,deleted,1,0,"WEST.FC該当名義×1枚,
アミューズ プレミアムコース入会×1枚
上記の2名義中2番手です。
金額ご提示ください。",True,2026-09
x6yjzezapz,,rocknroll-stage-2026,2026-11-19,18:00,東京建物 ぴあ シアター,paper,female,公演日7日前までに郵送,ちくわ,5.0,,,2026-09-23 01:01:12,,2026-09-24 01:01:08,,,deleted,1,0,"WEST.FC枠
座席についてのクレーム及び公演中止以外の返金には対応いたしません",True,2026-09
uj72pl8086,,rocknroll-stage-2026,2026-11-25,18:00,東京建物 ぴあ シアター,pickup_number,female,入金後2日以内に発券番号共有,N,5.0,,,2026-09-23 01:01:12,,2026-09-24 01:01:08,,,deleted,1,0,"ぴあ先行 S席
10/24 10時～発券可能
発券開始前のため座席未定です。
当日手渡しも可能です。ご相談ください。",True,2026-09
vnzl24qp9y,,rocknroll-stage-2026,2026-11-25,18:00,東京建物 ぴあ シアター,pickup_number,female,入金後2日以内に発券番号共有,N,5.0,,,2026-09-23 01:01:12,,2026-09-24 01:01:08,,,deleted,1,30000,"S席 ぴあ先行
発券開始前のため座席未定です。
名古屋事前手渡し、当日手渡し可能です。
ご相談ください。",True,2026-09
1obfj2igyl,,rocknroll-stage-2026,2026-11-29,13:00,東京建物 ぴあ シアター,pickup_number,female,入金後2日以内に発券番号共有,燐,5.0,,,2026-09-23 01:01:12,,2026-09-24 01:01:08,,,deleted,1,20683,"チケットぴあ抽選先行にて当選
入金を確認したのち、速やかに発券番号を共有させていただきます。
10/24(土)10時より発券可能となりますので、公演までにご自身...",True,2026-09
ipfkvp8puu,,rocknroll-stage-2026,2026-11-29,13:00,東京建物 ぴあ シアター,pickup_number,female,入金後2日以内に発券番号共有,燐,5.0,,,2026-09-23 01:01:12,,2026-09-24 01:01:08,,,deleted,1,20683,"チケットぴあ抽選先行にて当選
入金を確認したのち、速やかに発券番号を共有させていただきます。
10/24(土)10時より発券可能となりますので、公演までにご自身...",True,2026-09
kt927bakv4,,rocknroll-stage-2026,2026-12-05,18:00,東京建物 ぴあ シアター,paper,female,発券が可能になり次第、発送いたします。,s,4.4,,,2026-09-23 01:01:12,,2026-09-24 01:01:08,,,deleted,1,25000,S席 ぴあ先行、重複なし,True,2026-09
1vhji7i4xg,,rocknroll-stage-2026,2026-11-07,13:00,兵庫県立芸術文化センター 阪急 中ホール,paper,female,公演日7日前までに郵送,みーすけ,5.0,,,2026-09-23 02:01:18,,2026-09-24 02:01:17,,,deleted,1,0,"発券開始前のためS席　座席未定です。
都内にて手渡しも可能です。ご相談ください。",True,2026-09
yuhp310d2w,,rocknroll-stage-2026,2026-11-07,18:00,兵庫県立芸術文化センター 阪急 中ホール,paper,female,公演日7日前までに郵送,め,5.0,,,2026-09-23 02:01:18,,2026-09-24 02:01:17,,,deleted,1,30000,"出演者FC当選(WEST.ではありません)
座席未定/重複すり替えなし

2連のうちの1枚ですので、
発券後にレターパックプラスにて郵送いたします。(発券開始1...",True,2026-09
qtf5v0366h,,rocknroll-stage-2026,2026-11-17,18:00,東京建物 ぴあ シアター,paper,female,当日手渡し,666,5.0,,,2026-09-23 02:01:18,,2026-09-24 02:01:17,,,deleted,1,20000,"・WEST.FC先行
・日本語に不自由ない方
・時間厳守

同時入場後、半券を回収ささせていただきます。
当日待ち合わせ時間に10分以上遅刻された場合、入場いた...",True,2026-09
ahcfnvxwcp,,rocknroll-stage-2026,2026-11-20,13:00,東京建物 ぴあ シアター,paper,female,公演日7日前までに郵送,ちくわ,5.0,,,2026-09-23 02:01:18,,2026-09-24 02:01:17,,,deleted,1,0,"WEST.FC枠

座席に対するクレーム及び公演中止以外返金には対応いたしません。",True,2026-09
20ixtiqh6n,,rocknroll-stage-2026,2026-11-25,18:00,東京建物 ぴあ シアター,paper,female,当日手渡し,N,5.0,,同行,2026-09-23 02:01:18,,2026-09-24 02:01:17,,,deleted,1,85000,"FC先行/小瀧名義/下3桁提示可能/

公演中止以外返金不可

名古屋事前手渡し、当日手渡し、郵送可能",True,2026-09
386ksfd9dh,,rocknroll-stage-2026,2026-11-26,13:00,東京建物 ぴあ シアター,paper,female,公演日7日前までに郵送,瀧,5.0,,,2026-09-23 02:01:18,,2026-09-24 02:01:17,,,deleted,1,16500,"チケット代未払いです。
チケットの13300円もお支払いいただきます。ご了承ください。　
小瀧名義、ファンクラブ先行",True,2026-09
k890nkzli7,,rocknroll-stage-2026,2026-12-01,13:00,東京建物 ぴあ シアター,paper,female,公演日7日前までに郵送,y☆,5.0,,ランダム,2026-09-23 02:01:18,,2026-09-24 02:01:17,,,deleted,1,0,"FC枠当選 /該当名義 /コンビニ決済/座席未定/購入後のみ下3桁提示可能

当日会場付近にて手渡しまたは追跡付き郵送になりますので購入後にご指定ください。...",True,2026-09
gdmr4cqip0,,rocknroll-stage-2026,2026-12-01,13:00,東京建物 ぴあ シアター,paper,female,公演日7日前までに郵送,y☆,5.0,,ランダム,2026-09-23 02:01:18,,2026-09-24 02:01:17,,,deleted,1,0,"FC枠当選 /該当名義 /コンビニ決済/座席未定/購入後のみ下3桁提示可能

当日会場付近にて手渡しまたは追跡付き郵送になりますので購入後にご指定ください。...",True,2026-09
vniwybw31b,,rocknroll-stage-2026,2026-12-01,13:00,東京建物 ぴあ シアター,paper,female,公演日7日前までに郵送,y☆,5.0,,ランダム,2026-09-23 02:01:18,,2026-09-24 02:01:17,,,deleted,1,0,"FC枠当選 /該当名義 /コンビニ決済/座席未定/購入後のみ下3桁提示可能

当日会場付近にて手渡しまたは追跡付き郵送になりますので購入後にご指定ください。...",True,2026-09
pbq2erm01w,,rocknroll-stage-2026,2026-12-01,13:00,東京建物 ぴあ シアター,paper,female,公演日7日前までに郵送,y☆,5.0,,ランダム,2026-09-23 02:01:18,,2026-09-24 02:01:17,,,deleted,1,0,"FC枠当選 /該当名義 /コンビニ決済/座席未定/購入後のみ下3桁提示可能

当日会場付近にて手渡しまたは追跡付き郵送になりますので購入後にご指定ください。...",True,2026-09
nxv3sj12wk,,rocknroll-stage-2026,2026-12-05,18:00,東京建物 ぴあ シアター,paper,female,手元に届き次第に郵送,ララ,5.0,,,2026-09-23 02:01:18,,2026-09-24 02:01:17,,,deleted,2,30000,"FC当選 小瀧x小瀧名義 座席未定
プラベルorプライベート出品に切り替えてのお取引となります。
必ず事前にコメントください。
ご希望でしたら下3桁提示可能。...",True,2026-09
dihpi36z6p,,rocknroll-stage-2026,2026-12-06,13:00,東京建物 ぴあ シアター,paper,female,発券後郵送or当日手渡し（要相談）,おこめ,5.0,,番手,2026-09-23 02:01:18,,2026-09-24 02:01:17,,,deleted,1,0,"WEST.FC該当名義×1枚,
アミューズ プレミアムコース入会×1枚
上記の2名義中2番手です。
金額ご提示ください。",True,2026-09
vhdmkdvs13,,rocknroll-stage-2026,2026-11-19,18:00,東京建物 ぴあ シアター,paper,female,公演日7日前までに郵送,ちくわ,5.0,,,2026-09-24 01:01:08,,2026-09-25 00:01:19,,,listing,1,0,"WEST.FC枠
座席についてのクレーム及び公演中止以外の返金には対応いたしません",True,2026-09
r1zjcb1djf,,rocknroll-stage-2026,2026-11-25,18:00,東京建物 ぴあ シアター,pickup_number,female,入金後2日以内に発券番号共有,N,5.0,,,2026-09-24 01:01:08,,2026-09-25 00:01:19,,,listing,1,0,"ぴあ先行 S席
10/24 10時～発券可能
発券開始前のため座席未定です。
当日手渡しも可能です。ご相談ください。",True,2026-09
0odbea3fnr,,rocknroll-stage-2026,2026-11-25,18:00,東京建物 ぴあ シアター,pickup_number,female,入金後2日以内に発券番号共有,N,5.0,,,2026-09-24 01:01:08,,2026-09-25 00:01:19,,,listing,1,30000,"S席 ぴあ先行
発券開始前のため座席未定です。
名古屋事前手渡し、当日手渡し可能です。
ご相談ください。",True,2026-09
lm7hyckn1r,,rocknroll-stage-2026,2026-11-29,13:00,東京建物 ぴあ シアター,pickup_number,female,入金後2日以内に発券番号共有,燐,5.0,,,2026-09-24 01:01:08,,2026-09-25 00:01:19,,,listing,1,20683,"チケットぴあ抽選先行にて当選
入金を確認したのち、速やかに発券番号を共有させていただきます。
10/24(土)10時より発券可能となりますので、公演までにご自身...",True,2026-09
o5ndj4mau2,,rocknroll-stage-2026,2026-11-29,13:00,東京建物 ぴあ シアター,pickup_number,female,入金後2日以内に発券番号共有,燐,5.0,,,2026-09-24 01:01:08,,2026-09-25 00:01:19,,,listing,1,20683,"チケットぴあ抽選先行にて当選
入金を確認したのち、速やかに発券番号を共有させていただきます。
10/24(土)10時より発券可能となりますので、公演までにご自身...",True,2026-09
zbdottqclu,,rocknroll-stage-2026,2026-12-05,18:00,東京建物 ぴあ シアター,paper,female,発券が可能になり次第、発送いたします。,s,4.4,,,2026-09-24 01:01:08,,2026-09-25 01:01:12,,,listing,1,25000,S席 ぴあ先行、重複なし,True,2026-09
1azc42vlcf,,rocknroll-stage-2026,2026-11-07,13:00,兵庫県立芸術文化センター 阪急 中ホール,paper,female,公演日7日前までに郵送,みーすけ,5.0,,,2026-09-24 02:01:17,,2026-09-25 01:01:12,,,listing,1,0,"発券開始前のためS席　座席未定です。
都内にて手渡しも可能です。ご相談ください。",True,2026-09
p1it8cqmqz,,rocknroll-stage-2026,2026-11-07,18:00,兵庫県立芸術文化センター 阪急 中ホール,paper,female,公演日7日前までに郵送,め,5.0,,,2026-09-24 02:01:17,,2026-09-25 01:01:12,,,listing,1,30000,"出演者FC当選(WEST.ではありません)
座席未定/重複すり替えなし

2連のうちの1枚ですので、
発券後にレターパックプラスにて郵送いたします。(発券開始1...",True,2026-09
dym0q6kgfb,,rocknroll-stage-2026,2026-11-17,18:00,東京建物 ぴあ シアター,paper,female,当日手渡し,666,5.0,,,2026-09-24 02:01:17,,2026-09-25 01:01:12,,,listing,1,20000,"・WEST.FC先行
・日本語に不自由ない方
・時間厳守

同時入場後、半券を回収ささせていただきます。
当日待ち合わせ時間に10分以上遅刻された場合、入場いた...",True,2026-09
uzjwahyfdn,,rocknroll-stage-2026,2026-11-20,13:00,東京建物 ぴあ シアター,paper,female,公演日7日前までに郵送,ちくわ,5.0,,,2026-09-24 02:01:17,,2026-09-25 01:01:12,,,listing,1,0,"WEST.FC枠

座席に対するクレーム及び公演中止以外返金には対応いたしません。",True,2026-09
kawa0zc79p,,rocknroll-stage-2026,2026-11-25,18:00,東京建物 ぴあ シアター,paper,female,当日手渡し,N,5.0,,同行,2026-09-24 02:01:17,,2026-09-25 01:01:12,,,listing,1,85000,"FC先行/小瀧名義/下3桁提示可能/

公演中止以外返金不可

名古屋事前手渡し、当日手渡し、郵送可能",True,2026-09
exv82zhui2,,rocknroll-stage-2026,2026-11-26,13:00,東京建物 ぴあ シアター,paper,female,公演日7日前までに郵送,瀧,5.0,,,2026-09-24 02:01:17,,2026-09-25 01:01:12,,,listing,1,16500,"チケット代未払いです。
チケットの13300円もお支払いいただきます。ご了承ください。　
小瀧名義、ファンクラブ先行",True,2026-09
djdv7za8z8,,rocknroll-stage-2026,2026-12-01,13:00,東京建物 ぴあ シアター,paper,female,公演日7日前までに郵送,y☆,5.0,,ランダム,2026-09-24 02:01:17,,2026-09-25 01:01:12,,,listing,1,0,"FC枠当選 /該当名義 /コンビニ決済/座席未定/購入後のみ下3桁提示可能

当日会場付近にて手渡しまたは追跡付き郵送になりますので購入後にご指定ください。...",True,2026-09
6cau64g1cv,,rocknroll-stage-2026,2026-12-01,13:00,東京建物 ぴあ シアター,paper,female,公演日7日前までに郵送,y☆,5.0,,ランダム,2026-09-24 02:01:17,,2026-09-25 01:01:12,,,listing,1,0,"FC枠当選 /該当名義 /コンビニ決済/座席未定/購入後のみ下3桁提示可能

当日会場付近にて手渡しまたは追跡付き郵送になりますので購入後にご指定ください。...",True,2026-09
wvmo0vd5i4,,rocknroll-stage-2026,2026-12-01,13:00,東京建物 ぴあ シアター,paper,female,公演日7日前までに郵送,y☆,5.0,,ランダム,2026-09-24 02:01:17,,2026-09-25 01:01:12,,,listing,1,0,"FC枠当選 /該当名義 /コンビニ決済/座席未定/購入後のみ下3桁提示可能

当日会場付近にて手渡しまたは追跡付き郵送になりますので購入後にご指定ください。...",True,2026-09
9lr5nr7lry,,rocknroll-stage-2026,2026-12-01,13:00,東京建物 ぴあ シアター,paper,female,公演日7日前までに郵送,y☆,5.0,,ランダム,2026-09-24 02:01:17,,2026-09-25 01:01:12,,,listing,1,0,"FC枠当選 /該当名義 /コンビニ決済/座席未定/購入後のみ下3桁提示可能

当日会場付近にて手渡しまたは追跡付き郵送になりますので購入後にご指定ください。...",True,2026-09
29mzt3uy50,,rocknroll-stage-2026,2026-12-05,18:00,東京建物 ぴあ シアター,paper,female,手元に届き次第に郵送,ララ,5.0,,,2026-09-24 02:01:17,,2026-09-25 01:01:12,,,listing,2,30000,"FC当選 小瀧x小瀧名義 座席未定
プラベルorプライベート出品に切り替えてのお取引となります。
必ず事前にコメントください。
ご希望でしたら下3桁提示可能。...",True,2026-09
4gi0b5kkj1,,rocknroll-stage-2026,2026-12-06,13:00,東京建物 ぴあ シアター,paper,female,発券後郵送or当日手渡し（要相談）,おこめ,5.0,,番手,2026-09-24 02:01:17,,2026-09-25 01:01:12,,,listing,1,0,"WEST.FC該当名義×1枚,
アミューズ プレミアムコース入会×1枚
上記の2名義中2番手です。
金額ご提示ください。",True,2026-09
j10kdescc3,,kamigata-expo-park-fes-2026,2026-10-31,,[大阪府] 万博記念公園,electronic,female,公演日前日にログイン情報共有します。,るる,5.0,,QR,2026-09-24 11:27:01,scrape_observed,2026-09-25 01:01:12,,,listing,2,38000,"QR毎/初期当選/有効期限内/重複すり替えなし/下3桁提示可/発送物戻りなし/過去エラー等なし/WEST.名義

公演前日にログイン情報共有いたしますのでご自身...",True,2026-09
o34zf1c710,,kamigata-expo-park-fes-2026,2026-10-31,,[大阪府] 万博記念公園,electronic,female,同行,L,5.0,,番手,2026-09-24 11:27:01,scrape_observed,2026-09-25 00:01:19,,,listing,2,35000,"6名義中3番手/初期当選/有効期限内/すり替えなし/下三桁提示可能

ランダムエラー、出演者変更、体調不良、交通機関の乱れなどの如何なる理由により入場できなかっ...",True,2026-09
3tn7usshf5,,kamigata-expo-park-fes-2026,2026-10-31,,[大阪府] 万博記念公園,electronic,female,同行,ari,5.0,,番手,2026-09-24 11:27:01,scrape_observed,2026-09-25 01:01:12,,,listing,1,32000,"3名義所持(2連×1名義、単番×2名義)/4枚中2番手/初期当選/Aぇ名義/有効期限内/すり替えなし/下3桁提示可

プラベルでのお取引希望の方は移行させていた...",True,2026-09
9wjvp4zxri,,kamigata-expo-park-fes-2026,2026-10-31,,[大阪府] 万博記念公園,electronic,female,初期当選、単番QR毎、重複すり替えなし、有効期限内、下3桁可能,J,5.0,,QR,2026-09-24 11:27:01,scrape_observed,2026-09-25 01:01:12,,,listing,1,48000,前日になりましたらログイン情報ご提示いたします。買い手の方で同意チェックしてご入場ください。本人確認、ランダムエラー対応はできません。公演中止のみ返金いたします...,True,2026-09
z3fwu04ky3,,kamigata-expo-park-fes-2026,2026-10-31,,[大阪府] 万博記念公園,electronic,female,同行,か,5.0,,番手,2026-09-24 11:27:01,scrape_observed,2026-09-25 01:01:12,,,listing,2,25000,"2名義中2番手/全てジュニア名義/初期当選/下3桁提示可能/エラー、郵送物戻りなし

・8:30までに集合可能な方のみご購入ください。

・同時入場後一旦チケッ...",True,2026-09
ufpzhe90jn,,kamigata-expo-park-fes-2026,2026-10-31,,[大阪府] 万博記念公園,electronic,female,同行,🦀,5.0,,同行番手,2026-09-24 11:27:01,scrape_observed,2026-09-25 01:01:12,,,listing,2,33000,"2番手中2番
全てAぇ名義/変更ボタンあり/初期当選/期限内/下3桁提示可能/すり替えなし

公演当日、こちらが指定した時間に会場付近にて待ち合わせのうえ、同時...",True,2026-09
yh2qa7hpl6,,kamigata-expo-park-fes-2026,2026-10-31,,[大阪府] 万博記念公園,electronic,female,同行,★,5.0,,番手,2026-09-24 11:27:01,scrape_observed,2026-09-25 01:01:12,,,listing,2,33000,"初期当選/3名義中3番手/有効期限名義のみ/WEST×WEST・Aぇ×Aぇ/すり替えなし/下3桁提示可

プラベルでのお取引可能な方はお申し付けください。...",True,2026-09
2a29akxl22,,kamigata-expo-park-fes-2026,2026-10-31,,[大阪府] 万博記念公園,electronic,female,同行,れいあ,5.0,,同行,2026-09-24 11:27:01,scrape_observed,2026-09-25 01:01:12,,,listing,1,32000,"当方の同行のため岡﨑担❌
WEST名義

すり替えなし。下3桁提示可能。有効期限内。初期当選。着ブロ希望なし。郵送物戻りなし。過去エラーなし。

ランダムエラー...",True,2026-09
4ubm5okaqj,,kamigata-expo-park-fes-2026,2026-10-31,,[大阪府] 万博記念公園,electronic,female,当日渡し,Me_7teor,5.0,,QR番手,2026-09-24 11:27:01,scrape_observed,2026-09-25 00:01:19,,,listing,2,0,"5名義中5番手
初期当選/有効期限内/すり替えなし/下三桁提示可能

ランダムエラー、出演者変更、体調不良、交通機関の乱れなどの如何なる理由により入場できなかっ...",True,2026-09
qdgda7i0oh,,kamigata-expo-park-fes-2026,2026-10-31,,[大阪府] 万博記念公園,electronic,female,入金後24時間以内にQRコード共有,さ,5.0,,番手,2026-09-24 11:27:01,scrape_observed,2026-09-25 01:01:12,,,listing,1,50000,3名義中2番手です。,True,2026-09
lktsznej6u,,kamigata-expo-park-fes-2026,2026-10-31,,[大阪府] 万博記念公園,electronic,female,同行,m,5.0,,同行,2026-09-24 11:27:01,scrape_observed,2026-09-25 01:01:12,,,listing,1,40000,"2名義中1番手同行/初期当選/Aぇ名義/有効期限内/すり替えなし/下3桁提示可

プラベ出品でのお取引に移行させていただきますので、メッセージをお願いします。...",True,2026-09
dkus92ng7t,,kamigata-expo-park-fes-2026,2026-10-31,,[大阪府] 万博記念公園,electronic,female,同行,ｲ,5.0,,番手,2026-09-24 11:27:01,scrape_observed,2026-09-25 00:01:19,,,listing,2,23000,"2名義中2番手 / 初期当選 / すり替えなし / 下3桁提示可 / 有効期限内 / 該当名義(アンビ名義×2)


・8:30入場予定。

・公演当日、開場3...",True,2026-09
pebs5xrdu5,,kamigata-expo-park-fes-2026,2026-10-31,,[大阪府] 万博記念公園,electronic,female,公演日前日までにQRコード共有,ちゃ,4.6,,QR,2026-09-24 11:27:01,scrape_observed,2026-09-25 01:01:12,,,listing,1,38000,WEST.名義/QR毎/重複すり替えなし/初期当選/前回アリツア落選/該当舞台落選/有効期間内/変更ボタンあり/下３桁提示/公演前日までに連絡ボードにてログイン...,True,2026-09
x6lp00u52f,,kamigata-expo-park-fes-2026,2026-10-31,,[大阪府] 万博記念公園,electronic,female,公演日前日にログイン情報を共有します。,みぃ,5.0,,QR,2026-09-24 11:27:01,scrape_observed,2026-09-25 01:01:12,,,listing,1,30000,"QR毎・初期当選・有効期限内(10月)・重複すり替えなし・下3桁提示可・発送物戻りなし・過去エラー等なし・SUPER EIGHT名義(武道館、FES落選)

公...",True,2026-09
jpswdqpjc4,,kamigata-expo-park-fes-2026,2026-10-31,,[大阪府] 万博記念公園,electronic,female,2名義中2番手 同行,M,5.0,,番手,2026-09-24 11:27:01,scrape_observed,2026-09-25 01:01:12,,,listing,1,22000,"初期当選/2名義中2番手/有効期限内/Aぇ×Aぇ名義/すり替えなし

・当方の都合により入場時間が8時半以降となるため、それでも問題ない方のみ購入をご検討くださ...",True,2026-09
a4ow282j7q,,kamigata-expo-park-fes-2026,2026-10-31,,[大阪府] 万博記念公園,electronic,female,QR毎,tsgjgk,5.0,,QR,2026-09-24 11:27:01,scrape_observed,2026-09-25 01:01:12,,,listing,2,35000,"WEST名義/QRごと/該当名義/重複すり替え無し/下3桁提示可/有効期限内/

公演前日にログインに必要な情報をお伝えします。
同行者登録はこちらで行います。...",True,2026-09
c28bef8cdi,,kamigata-expo-park-fes-2026,2026-10-31,,[大阪府] 万博記念公園,electronic,female,公演前日にQRコード共有,こ,5.0,,QR,2026-09-24 11:27:01,scrape_observed,2026-09-25 01:01:12,,,listing,1,32000,"なにわ名義/有効期限内 /下3桁開示可/前回アリツア落選/エラーなし
公演前日に連絡ボードにてログイン情報お伝えします。入場後は速やかにログアウト及び受け取り評...",True,2026-09
gez3tkdzmi,,kamigata-expo-park-fes-2026,2026-10-31,,[大阪府] 万博記念公園,electronic,female,同時入場,M,5.0,,番手,2026-09-24 11:27:01,scrape_observed,2026-09-25 01:01:12,,,listing,2,21000,"初期当選/4名義中3番手の2連/有効期限名義のみ/なにわ名義/すり替えなし/下3桁提示可能/発送物戻りなし

※~8:30前集合可能な方のみご購入下さい※

・...",True,2026-09
rd4ew423mz,,kamigata-expo-park-fes-2026,2026-10-31,,[大阪府] 万博記念公園,electronic,female,QR,☆,5.0,,同行記載あり,2026-09-24 11:27:01,scrape_observed,2026-09-25 01:01:12,,,listing,2,30000,QRごと。FC×FC当選。すり替えなし。下3桁提示可能。有効期限内。初期当選。着ブロ希望なし。郵送物戻りなし。コンビニ決済。過去エラーなし。同行者チェックのみこ...,True,2026-09
m5ptf6o1eo,,kamigata-expo-park-fes-2026,2026-10-31,,[大阪府] 万博記念公園,electronic,female,公演前日18時以降にログイン情報お渡し,39,5.0,,QR,2026-09-24 11:27:01,scrape_observed,2026-09-25 01:01:12,,,listing,2,30000,"ジュニア情報局 / QR毎 / 下3桁提示可 / 有効期限内

・事前同行者登録の為、前日18時以降に同行者分のみ同意チェックをしログイン情報をお伝えします。...",True,2026-09
rov8jgkw1t,,kamigata-expo-park-fes-2026,2026-10-31,,[大阪府] 万博記念公園,electronic,female,同行,あ,5.0,,ランダム記載あり,2026-09-24 11:27:01,scrape_observed,2026-09-25 01:01:12,,,listing,2,30000,"

FC先行/有効期限内/全てAぇ名義/3名義中2番手/すり替えなし/下3桁提示可

・入場後はチケットを一旦回収し、当方が座席を選択した後に順次チケットをお渡...",True,2026-09
fv0gtqond8,,kamigata-expo-park-fes-2026,2026-10-31,,[大阪府] 万博記念公園,electronic,female,2名義中2番手,とり,5.0,,番手,2026-09-24 11:27:01,scrape_observed,2026-09-25 01:01:12,,,listing,2,25000,"デビュー組FC先行/有効期限内のみ/2名義中2番手/すり替えなし

当日の集合時間・場所等に関しては公演が近くなり次第、または詳細が発表され次第、連絡ボードにて...",True,2026-09
8n1ynp0xtt,,kamigata-expo-park-fes-2026,2026-10-31,,[大阪府] 万博記念公園,electronic,female,公演日1日前までにQRコード共有,R,5.0,,QR,2026-09-24 11:27:01,scrape_observed,2026-09-25 01:01:12,,,listing,1,35000,"なにわ男子名義 / QR毎 / 重複すり替えなし / 初期当選 / 有効期間内 / 下3桁提示
公演前日までに連絡ボードにてログイン情報をお伝えします。入場後は...",True,2026-09
r1lghowj5j,,kamigata-expo-park-fes-2026,2026-10-31,,[大阪府] 万博記念公園,electronic,female,同行,みょ,5.0,,同行記載あり,2026-09-24 11:27:01,scrape_observed,2026-09-25 00:01:19,,,listing,1,40000,"Aぇ名義/下3桁提示可/サイチェン可

・正門担との同行（正門担×）
・8:15会場付近集合予定
・当日同行が難しくなった場合、受け取り評価は必ずしていただきま...",True,2026-09
9ymsontifu,,kamigata-expo-park-fes-2026,2026-10-31,,[大阪府] 万博記念公園,electronic,female,前日にログイン情報共有,にら,5.0,,QR,2026-09-24 11:27:01,scrape_observed,2026-09-25 00:01:19,,,listing,1,22000,"初期当選/QR毎/WEST名義/有効期限内名義/本人確認対応不可/会員番号下3桁提示可/着席ブロック未選択/公演日1日前ログイン情報ご連絡いたします
",True,2026-09
eh617vcd6y,,kamigata-expo-park-fes-2026,2026-10-31,,[大阪府] 万博記念公園,paper,female,同時入場,🌙,5.0,,同行番手,2026-09-24 11:27:01,scrape_observed,2026-09-25 01:01:12,,,listing,2,26000,"2名義中2番手
なにわ・Aぇ名義
初期当選/すり替えなし/下3桁提示可/ND⁵・Runway(今ツ)落選名義


【お取引について】

・番手でのお譲りが難しい...",True,2026-09
efys30cg0n,,kamigata-expo-park-fes-2026,2026-10-31,,[大阪府] 万博記念公園,electronic,female,公演日全日にQRコード共有,re,5.0,,QR,2026-09-24 11:27:01,scrape_observed,2026-09-25 01:01:12,,,listing,1,30000,"ジュニア名義/QRごと/該当名義/重複すり替え無し/下3桁提示可/有効期限内/

公演前日にログインに必要な情報を連絡ボードにてお伝えします。

※ランダムエラ...",True,2026-09
n0le0mj1vp,,kamigata-expo-park-fes-2026,2026-10-31,,[大阪府] 万博記念公園,electronic,female,公演日前日にログイン情報共有,R,5.0,,QR,2026-09-24 11:27:01,scrape_observed,2026-09-25 01:01:12,,,listing,1,50000,"初期当選、有効期限内、下3桁提示可、重複すり替えなし

公演日前日にログイン情報を連絡ボードにてお伝え致します。公演日当日入場後は速やかにログアウトして頂き、必...",True,2026-09
xsk6u85ofk,,kamigata-expo-park-fes-2026,2026-10-31,,[大阪府] 万博記念公園,electronic,female,公演日前日までにログイン情報共有,C,5.0,,QR,2026-09-24 11:27:01,scrape_observed,2026-09-25 01:01:12,,,listing,2,35000,FC初期当選 / なにわ名義 / 重複すり替えなし / QR毎2連 / 郵送物エラー等なし / 下3桁提示可,True,2026-09
5i3z331uub,,kamigata-expo-park-fes-2026,2026-10-31,,[大阪府] 万博記念公園,electronic,male,同行,K,5.0,,同行,2026-09-24 11:27:01,scrape_observed,2026-09-25 01:01:12,,,listing,1,63000,"2連中1枚同行/なにわ名義/有効期限内/下3桁提示可

・公演当日、会場付近にて集合し、同時入場していただきます。
・座席に関するクレームはお受けできません。...",True,2026-09
f73tuu3x6b,,kamigata-expo-park-fes-2026,2026-10-31,,[大阪府] 万博記念公園,electronic,female,同行,り,5.0,,ランダム記載あり,2026-09-24 11:27:01,scrape_observed,2026-09-25 01:01:12,,,listing,2,70000,"7名義中2番手
初期当選/なにわ名義×情報局該当名義/有効期限内/すり替えなし/下三桁提示可能

ランダムエラー、出演者変更、体調不良、交通機関の乱れなどの如何...",True,2026-09
dfz9fd1m0m,,kamigata-expo-park-fes-2026,2026-10-31,,[大阪府] 万博記念公園,electronic,male,前日までにログイン情報共有,♡,5.0,,QR,2026-09-24 11:27:01,scrape_observed,2026-09-25 00:01:19,,,listing,2,25000,"QR毎/Aぇ名義/初期当選/下3桁提示可/有効期限内/発送物戻りなし/条件なし/ペイジー払い

QR毎のお譲りです。
代表者(男性名義)、同行者(女性名義)どち...",True,2026-09
176b7vc4pi,,kamigata-expo-park-fes-2026,2026-10-31,,[大阪府] 万博記念公園,electronic,female,QRごと,にゃ,5.0,,QR,2026-09-24 11:27:01,scrape_observed,2026-09-25 00:01:19,,,listing,1,30000,"なにわ名義/QRごと/該当名義/重複すり替え無し/下3桁提示可/有効期限内/

公演前日にログインに必要な情報を連絡ボードにてお伝えします。

※ランダムエラー...",True,2026-09
676vntk6jd,,kamigata-expo-park-fes-2026,2026-10-31,,[大阪府] 万博記念公園,electronic,female,同行,y,5.0,,同行,2026-09-24 11:27:01,scrape_observed,2026-09-25 01:01:12,,,listing,1,37000,"2名義中1番手
すり替えなし/Aぇ名義/有効期限内/下3桁提示可

入場のみ一緒でも目的同じでしたら一緒に動くことも可能です。
柔軟に対応いたします。
開園から...",True,2026-09
6nyez10prm,,kamigata-expo-park-fes-2026,2026-10-31,,[大阪府] 万博記念公園,electronic,female,同行,いよ,5.0,,番手,2026-09-24 11:27:01,scrape_observed,2026-09-25 00:01:19,,,listing,2,25000,"4名義中3番手/全てアンビ名義・初期当選・有効期限内・郵送物戻りなし/下3桁提示可/サイチェン可

公演当日、8:10（開場20分前）頃に会場付近にて待ち合わせ...",True,2026-09
sb3o2yfqsp,,kamigata-expo-park-fes-2026,2026-10-31,,[大阪府] 万博記念公園,electronic,female,同行,M,5.0,,番手,2026-09-24 11:27:01,scrape_observed,2026-09-25 01:01:12,,,listing,2,39500,"2名義中2番手/初期当選/Aぇ名義/期限内/下3桁提示可

スーツケース等、大きな手荷物は事前に預けた状態でお越しください。

詳しい集合時間/場所につきまして...",True,2026-09
j53wa2x0rm,,kamigata-expo-park-fes-2026,2026-10-31,,[大阪府] 万博記念公園,electronic,female,当日渡し,Me_7teor,5.0,,QR番手,2026-09-24 11:27:01,scrape_observed,2026-09-25 01:01:12,,,listing,2,0,"5名義中3番手
初期当選/有効期限内/すり替えなし/下三桁提示可能

ランダムエラー、出演者変更、体調不良、交通機関の乱れなどの如何なる理由により入場できなかっ...",True,2026-09
4696w5u43a,,kamigata-expo-park-fes-2026,2026-10-31,,[大阪府] 万博記念公園,electronic,female,公演前日ログイン情報共有,moe,5.0,,QR,2026-09-24 11:27:01,scrape_observed,2026-09-25 00:01:19,,,listing,2,33500,"プラベル取引/Aぇ名義/QRごと/該当名義/重複すり替え無し/下3桁提示可/有効期限内/発送物戻り無し

＊プラベルにて取引希望ですので、購入希望の方はメッセー...",True,2026-09
hrbu8bmob0,,kamigata-expo-park-fes-2026,2026-10-31,,[大阪府] 万博記念公園,electronic,female,3名義中2番手,m,5.0,,番手,2026-09-24 11:27:01,scrape_observed,2026-09-25 01:01:12,,,listing,2,32000,"3名義中2番手/初期当選のみ/Jr該当×Aぇのみ/すり替えなし/下3桁提示可/有効期限内名義/発送物戻りなし

当日は、会場付近で集合し同時入場いたします。
未...",True,2026-09
5fs4hdtzop,,kamigata-expo-park-fes-2026,2026-10-31,,[大阪府] 万博記念公園,electronic,female,公演日前日にQRコード共有,にゃん,5.0,,QR,2026-09-24 11:27:01,scrape_observed,2026-09-25 01:01:12,,,listing,2,32000,"QRごと なにわ名義 有効期限内 下3桁開示可 女性名義
前日までにログイン情報をお伝えさせていただきますので、ログインし確認お願いいたします。
同行者登録はこ...",True,2026-09
otcz47hbvg,,kamigata-expo-park-fes-2026,2026-10-31,,[大阪府] 万博記念公園,electronic,female,公演当日,ぱ,4.8,,番手,2026-09-24 11:27:01,scrape_observed,2026-09-25 01:01:12,,,listing,2,18000,"2連×3名義所持、すり替えなし、全てsupereight名義
3名義中3名義目の2連をお渡しします。
開場時間(8時30分)のため8時頃には会場付近ご到着くださ...",True,2026-09
b91x1k0thd,,kamigata-expo-park-fes-2026,2026-10-31,,[大阪府] 万博記念公園,electronic,female,公演前日QR共有,チケちゃん,4.8,,QR,2026-09-24 11:27:01,scrape_observed,2026-09-25 01:01:12,,,listing,1,48000,"単番QR毎/なにわ名義 / 初期当選 / 有効期限内名義 / すり替え重複なし / 下3桁提示可能/過去当選歴なし/エラーなし/発送物戻りなし

※必ずご確認く...",True,2026-09
cn4x6ik74a,,kamigata-expo-park-fes-2026,2026-10-31,,[大阪府] 万博記念公園,electronic,female,公演日前日までにQRコード共有,さ,5.0,,QR,2026-09-24 11:27:01,scrape_observed,2026-09-25 01:01:12,,,listing,1,40000,,True,2026-09
plhn3oqf43,,kamigata-expo-park-fes-2026,2026-10-31,,[大阪府] 万博記念公園,electronic,female,同行,mgt,5.0,,番手,2026-09-24 11:27:01,scrape_observed,2026-09-25 01:01:12,,,listing,2,60000,"6名義中2番手

初期当選、有効期限内、下3桁提示可、重複すり替えなし


ランダムエラー、出演者変更、体調不良、交通機関の乱れなどの如何なる理由により入場でき...",True,2026-09
kofhbv5xrw,,kamigata-expo-park-fes-2026,2026-10-31,,[大阪府] 万博記念公園,electronic,female,同行,ゆちゃん,5.0,,同行,2026-09-24 11:27:01,scrape_observed,2026-09-25 01:01:12,,,listing,1,85000,"初期当選/重複すり替え無し/下3桁提示可/有効期限内//なにわ名義/FC同士
【当選歴】
1stLove アリーナ
POPMALL スタンド
Alpha 花道横...",True,2026-09
tckzlqt0uz,,kamigata-expo-park-fes-2026,2026-10-31,,[大阪府] 万博記念公園,paper,female,当日手渡し,★,5.0,,同行,2026-09-24 11:27:01,scrape_observed,2026-09-25 01:01:12,,,listing,2,50000,"初期当選/3名義中2番手/有効期限名義のみ/WEST×WEST・Aぇ×Aぇ/すり替えなし/下3桁提示可

プラベルでのお取引可能な方はお申し付けください。...",True,2026-09
x8a1d49yek,,kamigata-expo-park-fes-2026,2026-10-31,,[大阪府] 万博記念公園,electronic,female,当日渡し,Me_7teor,5.0,,ランダム,2026-09-24 11:27:01,scrape_observed,2026-09-25 01:01:12,,,listing,2,24000,"ランダム配布
初期当選のみ/有効期限内/複数名義所持

ランダムエラー、出演者変更、体調不良、交通機関の乱れなどの如何なる理由により入場できなかった場合でも受け...",True,2026-09
wbklhvy2zk,,kamigata-expo-park-fes-2026,2026-10-31,,[大阪府] 万博記念公園,electronic,female,同行,ari,5.0,,番手,2026-09-24 11:27:01,scrape_observed,2026-09-25 01:01:12,,,listing,1,20000,"3名義所持(2連×1名義、単番×2名義)/4枚中4番手/初期当選/Aぇ名義/有効期限内/すり替えなし/下3桁提示可

プラベルでのお取引希望の方は移行させていた...",True,2026-09
guj7jn05a6,,kamigata-expo-park-fes-2026,2026-10-31,,[大阪府] 万博記念公園,electronic,female,公演前日ログイン情報送付,14,5.0,,QR,2026-09-24 11:27:01,scrape_observed,2026-09-25 01:01:12,,,listing,2,35000,"west.名義/初期当選/有効期限内会員/QRでのお譲り/すり替えなし/下3桁提示可能

公演前日にログイン情報を送付します。
入場後は速やかにログアウトくださ...",True,2026-09
46c2ezdv1l,,kamigata-expo-park-fes-2026,2026-10-31,,[大阪府] 万博記念公園,electronic,female,同行,@,5.0,,同行番手,2026-09-24 11:27:01,scrape_observed,2026-09-25 01:01:12,,,listing,2,25000,"2名義中2番手　全てAぇ名義　会員番号下3桁ご提示可能
同時入場後、当方が選ばなかった方のチケットをお渡しします。
集合時間、場所につきましては前日までにはお伝...",True,2026-09
ulmvelcc8g,,kamigata-expo-park-fes-2026,2026-10-31,,[大阪府] 万博記念公園,electronic,female,公演前日にログイン情報お渡し,あ,5.0,,QR,2026-09-24 11:27:01,scrape_observed,2026-09-25 00:01:19,,,listing,1,40000,"WEST名義/QR毎/重複すり替え無し/下3桁提示可/有効期限内

公演前日にログインに必要な情報を連絡ボードにてお伝えします。

※ランダムエラー、出演者の欠...",True,2026-09
yxvzddcfn3,,kamigata-expo-park-fes-2026,2026-10-31,,[大阪府] 万博記念公園,electronic,female,公演日1日前までにQRコード共有,ｙ,5.0,,QR,2026-09-24 11:27:01,scrape_observed,2026-09-25 01:01:12,,,listing,1,44000,"なにわ名義/初期当選/重複すり替えなし/有効期限内/下３桁開示可/発送物戻り無/過去エラー歴無

公演前日に必要な情報等を連絡ボードにてお知らせ致します。代表者...",True,2026-09
y0e85wocqf,,kamigata-expo-park-fes-2026,2026-10-31,,[大阪府] 万博記念公園,electronic,female,同行,いよ,5.0,,番手,2026-09-24 11:27:01,scrape_observed,2026-09-25 00:01:19,,,listing,2,35000,"4名義中2番手/全てアンビ名義・初期当選・有効期限内・郵送物戻りなし/下3桁提示可/サイチェン可

公演当日、8:10（開場20分前）頃に会場付近にて待ち合わせ...",True,2026-09
x2j733p5ti,,kamigata-expo-park-fes-2026,2026-10-31,,[大阪府] 万博記念公園,electronic,female,同行,おの,5.0,,番手,2026-09-24 11:27:01,scrape_observed,2026-09-25 01:01:12,,,listing,1,48000,"6名義中3番手/下3桁提示可能/単番当選のみ/全てSUPEREIGHT FC枠

・入場方法やブロックの詳細がまだ不明瞭な為、詳しい待ち合わせの時間等は公演三日...",True,2026-09
s7yb5wysw7,,kamigata-expo-park-fes-2026,2026-10-31,,[大阪府] 万博記念公園,electronic,female,同行,すたー,5.0,,ランダム記載あり,2026-09-24 11:27:01,scrape_observed,2026-09-25 01:01:12,,,listing,2,25000,"FC先行/有効期限名義のみ/条件あり/2名義中2番手/すり替えなし/下3桁提示可

詳しい集合場所、時間等につきましては連絡ボードにて連絡させていただきます。...",True,2026-09
l12k2eapv2,,kamigata-expo-park-fes-2026,2026-10-31,,[大阪府] 万博記念公園,electronic,female,同行,み,5.0,,同行,2026-09-24 11:27:01,scrape_observed,2026-09-25 01:01:12,,,listing,1,50000,"なにわ名義/有効期限内/重複すり替えなし/下3桁提示可

2連中1枚同行でのお譲りとなります。
大橋担不可

当日会場付近で待ち合わせし、同時入場していただきま...",True,2026-09
2lt5bwliw4,,kamigata-expo-park-fes-2026,2026-10-31,,[大阪府] 万博記念公園,electronic,female,2名義中2番手,S,5.0,,番手同行,2026-09-24 11:27:01,scrape_observed,2026-09-25 01:01:12,,,listing,2,30000,"全てAぇ名義/初期当選/2名義中2番手/全て今ツ落選名義

プラベル切り替え対応可能

当日の集合時間や場所等に関しては連絡ボードにてご連絡いたします。

待ち...",True,2026-09
b6twv47af1,,kamigata-expo-park-fes-2026,2026-10-31,,[大阪府] 万博記念公園,electronic,female,同行,m,5.0,,番手,2026-09-24 11:27:01,scrape_observed,2026-09-25 01:01:12,,,listing,2,25000,"2名義中2番手/エイト×Aぇ、Jr×Jr名義/初期当選/有効期限名義のみ/すり替えなし

当日、開場時間前に会場付近で待ち合わせし、同時入場していただきます。...",True,2026-09
fw0rec19ti,,kamigata-expo-park-fes-2026,2026-10-31,,[大阪府] 万博記念公園,electronic,female,同行,Jn,5.0,,同行記載あり,2026-09-24 11:27:01,scrape_observed,2026-09-25 01:01:12,,,listing,1,34000,エイト名義(同行WEST.)/自名義/初期当選/下3桁共有可能/1名義中1名義目/すり替えなし/有効期限内/同行,True,2026-09
hxyr7xixeq,,kamigata-expo-park-fes-2026,2026-10-31,,[大阪府] 万博記念公園,electronic,female,同行,り,5.0,,ランダム記載あり,2026-09-24 11:27:01,scrape_observed,2026-09-25 01:01:12,,,listing,2,35000,"7名義中4番手
初期当選/なにわ名義×情報局該当名義/有効期限内/すり替えなし/下三桁提示可能

ランダムエラー、出演者変更、体調不良、交通機関の乱れなどの如何...",True,2026-09
uf05mcjfs9,,kamigata-expo-park-fes-2026,2026-10-31,,[大阪府] 万博記念公園,electronic,female,同時入場,Airi,5.0,,番手,2026-09-24 11:27:01,scrape_observed,2026-09-25 01:01:12,,,listing,2,50000,"初期当選/2名義中2番手/有効期限名義/すり替えなし

・入場後はチケットを一旦回収し、当方が座席選択後に順次チケットをお渡し致します。
※チケットを選ぶのにお...",True,2026-09
k2jdqlx3h4,,kamigata-expo-park-fes-2026,2026-10-31,,[大阪府] 万博記念公園,electronic,female,同行,たまご,5.0,,同行,2026-09-24 11:27:01,scrape_observed,2026-09-25 01:01:12,,,listing,1,30000,"なにわ名義/有効期限内/重複すり替えなし/下3桁提示可

※ プライベートチケットに切り替えますのでコメントお送りください。
2連中1枚同行でのお譲りとなります...",True,2026-09
ko7evvi3jd,,kamigata-expo-park-fes-2026,2026-10-31,,[大阪府] 万博記念公園,electronic,female,同行,け,5.0,,番手,2026-09-24 11:27:01,scrape_observed,2026-09-25 01:01:12,,,listing,1,30000,"初期当選/2名義中2番手/有効期限名義のみ/Aぇ名義/すり替えなし/下3桁提示可能/発送物戻りなし
購入の際はコメントください。プライベート出品に変更いたします...",True,2026-09
j6tjf47lxe,,kamigata-expo-park-fes-2026,2026-10-31,,[大阪府] 万博記念公園,electronic,female,同行,さ,5.0,,番手,2026-09-24 11:27:01,scrape_observed,2026-09-25 01:01:12,,,listing,1,35000,"3名義中2番手/有効期限内/すり替えなし/下3桁提示可/全てなにわ名義


・公演中止以外のいかなる場合でも返金はいたしません。
ランダムエラー・本人確認・交通...",True,2026-09
l7pbr82o5c,,kamigata-expo-park-fes-2026,2026-10-31,,[大阪府] 万博記念公園,electronic,female,同時入場,り,5.0,,番手,2026-09-24 11:27:01,scrape_observed,2026-09-25 01:01:12,,,listing,2,36000,"2名義中2番手/初期当選/Aぇ名義/期限内/下3桁提示可



詳しい集合時間/場所につきましては、前日までに連絡ボードにてお伝え致します。
こちらが指定した集...",True,2026-09
4m1iygz9d3,,kamigata-expo-park-fes-2026,2026-10-31,,[大阪府] 万博記念公園,electronic,female,公演日前日にQRコード共有,a,5.0,,QR,2026-09-24 11:27:01,scrape_observed,2026-09-25 01:01:12,,,listing,1,47000,"FC先行 / Aぇ名義 / 単番QR毎 / 重複すり替えなし / 初期当選 / 有効期限内 / 下3桁提示 / 過去エラー等なし

公演前日になりましたらログイ...",True,2026-09
kob1bvy96a,,kamigata-expo-park-fes-2026,2026-10-31,,[大阪府] 万博記念公園,electronic,female,公演日前日にQRコード共有,あ,5.0,,QR,2026-09-24 11:27:01,scrape_observed,2026-09-25 00:01:19,,,listing,1,24000,【QRごと】初期当選　重複なし　条件なし　ペイジー支払い　有効期限内名義　着席ブロック、復活当選、制作開放席、郵便戻りではありません。希望があれば会員番号の下3...,True,2026-09
9ridd8h7gp,,kamigata-expo-park-fes-2026,2026-10-31,,[大阪府] 万博記念公園,electronic,female,公演日前日にログイン情報共有,N,5.0,,QR,2026-09-24 11:27:01,scrape_observed,2026-09-25 01:01:12,,,listing,2,28000,"初期当選/QR毎/重複すり替えなし/なにわ男子名義/会員番号下3桁提示可能/有効期限内名義

閲覧頂きありがとうございます。
早く手持ち売り切りたいためできる限...",True,2026-09
9xi0fnyhei,,kamigata-expo-park-fes-2026,2026-10-31,,[大阪府] 万博記念公園,electronic,female,同行,あ,5.0,,ランダム記載あり,2026-09-24 11:27:01,scrape_observed,2026-09-25 01:01:12,,,listing,2,25000,"FC先行/有効期限内/全てAぇ名義/3名義中3番手/すり替えなし/下3桁提示可

・入場後はチケットを一旦回収し、当方が座席選択後に順次チケットをお渡し致します...",True,2026-09
fnggufknv2,,kamigata-expo-park-fes-2026,2026-10-31,,[大阪府] 万博記念公園,electronic,female,前日にQRログイン情報を共有,りぼん,5.0,,QR,2026-09-24 11:27:01,scrape_observed,2026-09-25 01:01:12,,,listing,1,65000,"QR毎/なにわ男子名義/FC初期当選/有効期限内/下三桁提示可/重複差し

QR毎でのお譲りとなります。

前日にQR表示に必要な情報をお伝えいたします。
ログ...",True,2026-09
bg7lr3pnmv,,kamigata-expo-park-fes-2026,2026-10-31,,[大阪府] 万博記念公園,electronic,female,公演日3日前までにログイン情報共有,H。,5.0,,QR,2026-09-24 11:27:01,scrape_observed,2026-09-25 01:01:12,,,listing,1,25000,"WEST.名義/QRごと/すり替えなし/下3桁提示可/初期当選/有効期限内

・公演日の3日前にログイン情報をお伝えします。ご購入いただきました時点で下3桁をお...",True,2026-09
83j6qor0z2,,kamigata-expo-park-fes-2026,2026-10-31,,[大阪府] 万博記念公園,electronic,female,同時入場,K⭐️,5.0,,番手,2026-09-24 11:27:01,scrape_observed,2026-09-25 01:01:12,,,listing,1,20000,"3名義所持/４枚中3番手
なにわ名義(単番✖️2、２連✖️1)
(女性名義✖️2、男性名義✖️1)

・ドームスタンド上段✖️2
・アルファスタンド✖️1

初...",True,2026-09
j3rujt32vk,,kamigata-expo-park-fes-2026,2026-10-31,,[大阪府] 万博記念公園,electronic,female,同行,Me_7teor,5.0,,番手,2026-09-24 11:27:01,scrape_observed,2026-09-25 01:01:12,,,listing,2,0,"5名義中2番手
初期当選/有効期限内/すり替えなし/下三桁提示可能

ランダムエラー、出演者変更、体調不良、交通機関の乱れなどの如何なる理由により入場できなかっ...",True,2026-09
15uzsdoyjz,,kamigata-expo-park-fes-2026,2026-10-31,,[大阪府] 万博記念公園,electronic,female,2名義中2番手,A,5.0,,番手,2026-09-24 11:27:01,scrape_observed,2026-09-25 01:01:12,,,listing,2,22000,"2名義中2番手/Aぇ･エイト名義/初期当選/すり替えなし/下3桁提示可

同時入場後、当方の選ばなかった方のチケットをお渡しします。また、ブロック選択に少々お時...",True,2026-09
hw9wbpwypm,,kamigata-expo-park-fes-2026,2026-10-31,,[大阪府] 万博記念公園,electronic,female,同行,L,5.0,,番手,2026-09-24 11:27:01,scrape_observed,2026-09-25 00:01:19,,,listing,2,55000,"6名義中2番手/初期当選/有効期限内/すり替えなし/下三桁提示可能

ランダムエラー、出演者変更、体調不良、交通機関の乱れなどの如何なる理由により入場できなかっ...",True,2026-09
fd1h32qw50,,kamigata-expo-park-fes-2026,2026-10-31,,[大阪府] 万博記念公園,electronic,female,公演日前日までにQRコード共有,m,5.0,,QR,2026-09-24 11:27:01,scrape_observed,2026-09-25 01:01:12,,,listing,1,35000,"QRごと/Aぇ名義（2026ツアー落選名義）/有効期限内/下3桁開示可
公演前日にマイページにてログイン情報をお伝え致します。入場後は速やかにログアウト及び受け...",True,2026-09
fzy8iozp67,,kamigata-expo-park-fes-2026,2026-10-31,,[大阪府] 万博記念公園,electronic,female,同行,L,5.0,,同行,2026-09-24 11:27:01,scrape_observed,2026-09-25 00:01:19,,,listing,2,25000,"6名義中4番手/初期当選/有効期限内/すり替えなし/下三桁提示可能

ランダムエラー、出演者変更、体調不良、交通機関の乱れなどの如何なる理由により入場できなかっ...",True,2026-09
d3l91f02p7,,kamigata-expo-park-fes-2026,2026-10-31,,[大阪府] 万博記念公園,electronic,female,2名義中2番手,a,5.0,,番手,2026-09-24 11:27:01,scrape_observed,2026-09-25 01:01:12,,,listing,2,20000,"【2名義中2番手】/初期当選/該当名義/有効期限内/変更ボタンあり/重複すり替えなし/下3桁提示可

※~8:30前集合可能な方のみご購入下さい※

当日の集合...",True,2026-09
f9o61th853,,kamigata-expo-park-fes-2026,2026-10-31,,[大阪府] 万博記念公園,electronic,female,同行,そ。,5.0,,同行,2026-09-24 11:27:01,scrape_observed,2026-09-25 01:01:12,,,listing,1,34000,"当方の同行者枠/初期当選/すり替えなし/下3桁提示可/有効期限内/Aぇ×Aぇ名義

・入場後は速やかに受け取り通知をお願いいたします。
・座席に関するクレームは...",True,2026-09
1x5mvmbnpe,,kamigata-expo-park-fes-2026,2026-10-31,,[大阪府] 万博記念公園,electronic,female,同行,り,5.0,,ランダム記載あり,2026-09-24 11:27:01,scrape_observed,2026-09-25 01:01:12,,,listing,2,50000,"7名義中3番手
初期当選/なにわ名義×情報局該当名義/有効期限内/すり替えなし/下三桁提示可能

ランダムエラー、出演者変更、体調不良、交通機関の乱れなどの如何...",True,2026-09
0ylo107wc6,,kamigata-expo-park-fes-2026,2026-10-31,,[大阪府] 万博記念公園,electronic,female,前日ログイン情報お伝え,m,5.0,,QR,2026-09-24 11:27:01,scrape_observed,2026-09-25 01:01:12,,,listing,1,50000,重複すり替えなし、aぇ group名義、QR毎のお譲り、昨年スタンド名義(最終当選歴のため今年は落選)、下3桁お伝え可能、エラーなし、有効期限内名義、初期当選、...,True,2026-09
kr1pej1o91,,kamigata-expo-park-fes-2026,2026-10-31,,[大阪府] 万博記念公園,electronic,female,同行,さ,5.0,,番手,2026-09-24 11:27:01,scrape_observed,2026-09-25 01:01:12,,,listing,2,28000,"ファンクラブ先行 Aぇ名義 座席未定
 2名義中2番手 下3桁提示可 初期当選
有効期限内 着ブロ指定なし
公演当日、会場付近にて集合し同時入場して頂きます。...",True,2026-09
szytdwtkfc,,kamigata-expo-park-fes-2026,2026-10-31,,[大阪府] 万博記念公園,electronic,female,同行,r,4.5,,番手,2026-09-24 11:27:01,scrape_observed,2026-09-25 01:01:12,,,listing,2,45000,"2名義中2番手/初期当選/下3桁提示可
プラベルへの移行可能です。
公演当日会場付近で開場時間30分前を目安に待ち合わせし、同時入場していただきます。
詳しい待...",True,2026-09
tf1teb3xn2,,kamigata-expo-park-fes-2026,2026-10-31,,[大阪府] 万博記念公園,electronic,female,3名義中3番手,m,5.0,,番手,2026-09-24 11:27:01,scrape_observed,2026-09-25 01:01:12,,,listing,2,28000,"3名義中3番手/初期当選のみ/Jr該当×Aぇのみ/すり替えなし/下3桁提示可/有効期限内名義/発送物戻りなし

当日は、会場付近で集合し同時入場いたします。
未...",True,2026-09
8um4j6s2dc,,kamigata-expo-park-fes-2026,2026-10-31,,[大阪府] 万博記念公園,electronic,female,同行,R,5.0,,番手,2026-09-24 11:27:01,scrape_observed,2026-09-25 01:01:12,,,listing,1,24000,初期当選/2名義中2番手/有効期限名義のみ/なにわ、EIGHT名義/すり替えなし/下3桁提示可能/発送物戻りあり名義(入場歴ありエラーなし)含むためお安くしてお...,True,2026-09
x6cc32yz8g,,kamigata-expo-park-fes-2026,2026-10-31,,[大阪府] 万博記念公園,electronic,female,同時入場、2名義中2番手,あ,5.0,,番手同行,2026-09-24 11:27:01,scrape_observed,2026-09-25 01:01:12,,,listing,2,25000,"2名義中2番手

プラベル出品可

初期当選/有効期限名義のみ/なにわ×なにわ 2名義/下3桁提示可/返送物戻り無し

開場時間前の集合を考えております。
・入...",True,2026-09
7jkqsj7efg,,kamigata-expo-park-fes-2026,2026-11-01,,[大阪府] 万博記念公園,electronic,female,2名義中2番手,麻辣,5.0,,番手,2026-09-24 11:27:01,scrape_observed,2026-09-25 01:01:12,,,listing,2,29000,"2名義中2番手
名義・同行者共にAぇFC会員
当日当方の指定した場所時間に集合し、同時入場当方が選ばなかった方のチケットをお渡しいたします。集合時間や場所は前日...",True,2026-09
1li8fu8p2b,,kamigata-expo-park-fes-2026,2026-11-01,,[大阪府] 万博記念公園,electronic,female,公演前日ログイン情報共有,星,5.0,,QR,2026-09-24 11:27:01,scrape_observed,2026-09-25 01:01:12,,,listing,1,45000,"SUPER EIGHT名義／初期当選／QRごと／会員番号下3桁提示可／有効期限内／発送物戻りなし

※プラベルor特別出品にて再度出品いたしますので、お取引希望...",True,2026-09
y9vylmvqxr,,kamigata-expo-park-fes-2026,2026-11-01,,[大阪府] 万博記念公園,electronic,female,公演日2日前にログイン情報共有,ᡣ𐭩,5.0,,QR,2026-09-24 11:27:01,scrape_observed,2026-09-25 01:01:12,,,listing,1,67000,"なにわ名義/初期当選/有効期限内/発送物戻り無/同一クレカ無し

公演前日に必要な情報等を連絡ボードにてお知らせ致します。同意チェックは購入者様ご自身でお願い致...",True,2026-09
ep8cefthoh,,kamigata-expo-park-fes-2026,2026-11-01,,[大阪府] 万博記念公園,electronic,female,公演日前日までにログイン情報共有,ぴ,5.0,,QR,2026-09-24 11:27:01,scrape_observed,2026-09-25 01:01:12,,,listing,1,40000,"なにわ名義/条件なし/QRごと/すり替えなし会員番号下3桁開示可/初期当選/有効期限内/郵送物戻りなし

公演日の前日にログイン情報をお伝えします。

ログイン...",True,2026-09
bog38m6t3k,,kamigata-expo-park-fes-2026,2026-11-01,,[大阪府] 万博記念公園,electronic,none,3名義中3番手,で,5.0,,同行番手,2026-09-24 11:27:01,scrape_observed,2026-09-25 01:01:12,,,listing,1,25000,"3名義中3番手/全て単番/初期当選/ジュニア情報局先行 該当名義/変更ボタンあり/有効期限内/すり替えなし/下3桁提示可

8:30前集合可能な方のみご購入下さ...",True,2026-09
a06z3lt919,,kamigata-expo-park-fes-2026,2026-11-01,,[大阪府] 万博記念公園,electronic,female,5名義中4番手,え,5.0,,同行番手,2026-09-24 11:27:01,scrape_observed,2026-09-25 01:01:12,,,listing,2,25000,"FC・情報局先行/有効期限内/5名義中4番手/すり替えなし/下3桁提示可

開場時間の8:30入場の可能性があります。
会場付近にて待ち合わせし同時入場していた...",True,2026-09
sajvk01gdf,,kamigata-expo-park-fes-2026,2026-11-01,,[大阪府] 万博記念公園,electronic,none,公演日1日前にQRコード共有,めんた,5.0,,QR,2026-09-24 11:27:01,scrape_observed,2026-09-25 00:01:19,,,listing,2,25000,"なにわ男子FC✕なにわ男子FC/初期選/QR毎/すり替えなし/有効期限内／エラー歴等なし/下3桁提示可/Pay-easy
支払い
公演日前日に連絡ボードにてログ...",True,2026-09
1wpb9t78dp,,kamigata-expo-park-fes-2026,2026-11-01,,[大阪府] 万博記念公園,electronic,female,公演前日まで,D,5.0,,番手,2026-09-24 11:27:01,scrape_observed,2026-09-25 00:01:19,,,listing,1,28000,"2名義中2番手/エイト×2名義/初期当選/有効期限名義のみ/すり替えなし

当日、開場時間前に会場付近で待ち合わせし、同時入場していただきます。
入場後はチケッ...",True,2026-09
dy99uqboos,,kamigata-expo-park-fes-2026,2026-11-01,,[大阪府] 万博記念公園,electronic,female,公演日前日にログイン情報お渡し,も,5.0,,QR,2026-09-24 11:27:01,scrape_observed,2026-09-25 00:01:19,,,listing,2,32000,"WESTを含まずFC×FCでの当選です。
初期当選/有効期限内/下3桁提示可能/過去エラー・発送物戻り無

公演日前日にログイン情報をお渡しします。赤線対策のた...",True,2026-09
is5bci2fhs,,kamigata-expo-park-fes-2026,2026-11-01,,[大阪府] 万博記念公園,electronic,female,公演前日にログイン情報共有,14,5.0,,QR,2026-09-24 11:27:01,scrape_observed,2026-09-25 01:01:12,,,listing,2,35000,"WEST.名義//QRごと/すり替えなし会員番号下3桁開示可/初期当選/有効期限内

公演日の前日にログイン情報をお伝えします。

ログイン情報は他の方にお伝え...",True,2026-09
123l53it2p,,kamigata-expo-park-fes-2026,2026-11-01,,[大阪府] 万博記念公園,electronic,female,QRの為未定,39,5.0,,番手,2026-09-24 11:27:01,scrape_observed,2026-09-25 00:01:19,,,listing,1,21000,"2名義中2番手 / すり替えなし / 下3桁提示可 /  有効期限内 / どちらも局名義

・公演当日、会場付近に集合し同時入場する予定です。
・当方が選ばなか...",True,2026-09
cx0ajfxn9m,,kamigata-expo-park-fes-2026,2026-11-01,,[大阪府] 万博記念公園,electronic,female,同行,あ,5.0,,番手,2026-09-24 11:27:01,scrape_observed,2026-09-25 01:01:12,,,listing,1,50000,"2名義中1番手（当方と同行のため大橋、真弓担不可）全てなにわ名義
購入希望の方、プラベ出品にするのでメッセージ下さい。プラベルでのお取引も可能。
全て初期当選/...",True,2026-09
6cgd7l2as3,,kamigata-expo-park-fes-2026,2026-11-01,,[大阪府] 万博記念公園,paper,female,当日手渡し,🌟,5.0,,番手,2026-09-24 11:27:01,scrape_observed,2026-09-25 01:01:12,,,listing,2,25555,"🌸 お値下げ可能なのでご希望額ご連絡ください🌸

ファンクラブ先行/初期当選/有効期限内/コンビニ決済済

2名義中2番手
（Aぇ✖️Aぇ、なにわ✖️なにわ...",True,2026-09
un2nclwtu9,,kamigata-expo-park-fes-2026,2026-11-01,,[大阪府] 万博記念公園,electronic,female,QRごと　重複　すり替えなし,みかん,5.0,,QR,2026-09-24 11:27:01,scrape_observed,2026-09-25 01:01:12,,,listing,1,30000,"なにわ男子名義
前日になりましたらログイン情報ご提示します。
買い手様で同意チェックして入場してください。
本人確認、ランダムエラー対応はできません。",True,2026-09
yg0trh1uhw,,kamigata-expo-park-fes-2026,2026-11-01,,[大阪府] 万博記念公園,electronic,female,QR毎、前日にログイン情報共有,みい,5.0,,QR,2026-09-24 11:27:01,scrape_observed,2026-09-25 01:01:12,,,listing,2,32000,"なにわ男子名義 /QR毎/重複すり替えなし/下3桁提示可能/初期当選/有効期限内

ランダムエラーや本人確認、体調不良や出演者の変更等、いかなる場合であっても受...",True,2026-09
n8aso21k03,,kamigata-expo-park-fes-2026,2026-11-01,,[大阪府] 万博記念公園,electronic,none,公演日当日にQRコード共有,めんた,5.0,,QR,2026-09-24 11:27:01,scrape_observed,2026-09-25 00:01:19,,,listing,2,25000,"なにわ男子FC✕なにわ男子FC/初期選/QR毎/すり替えなし/有効期限内／エラー歴等なし/下3桁提示可/Pay-easy
支払い
公演日前日に連絡ボードにてログ...",True,2026-09
b11y3kmvk3,,kamigata-expo-park-fes-2026,2026-11-01,,[大阪府] 万博記念公園,electronic,female,同行,ゆあ,5.0,,同行番手,2026-09-24 11:27:01,scrape_observed,2026-09-25 01:01:12,,,listing,2,28000,"初期当選/3名義中3番手/すり替え無し/下3桁提示可/有効期限内

★代表者・同行者共になにわ男子FCで登録済み
不備名義なし

※公式にて「TAKOYAKI...",True,2026-09
xk5snosnil,,kamigata-expo-park-fes-2026,2026-11-01,,[大阪府] 万博記念公園,electronic,female,同行,28,5.0,,同行,2026-09-24 11:27:01,scrape_observed,2026-09-25 00:01:19,,,listing,1,33000,"FC先行 座席未定 初期当選 有効期限内 重複すり替えなし 会員番号下3桁提示可能 着ブロ希望なし

公演当日、開演 1時間前〜30分前頃に会場付近にて待ち合わ...",True,2026-09
yaziv3tt4l,,kamigata-expo-park-fes-2026,2026-11-01,,[大阪府] 万博記念公園,electronic,female,5名義中3番手,え,5.0,,番手,2026-09-24 11:27:01,scrape_observed,2026-09-25 01:01:12,,,listing,2,30000,"FC.情報局先行/有効期限内/5名義中3番手/すり替えなし/下3桁提示可

開場時間の8:30入場の可能性があります。
会場付近にて待ち合わせし同時入場していた...",True,2026-09
s2jhrr11wh,,kamigata-expo-park-fes-2026,2026-11-01,,[大阪府] 万博記念公園,electronic,female,当日待ち合わせの上ログイン,yu,5.0,,QR,2026-09-24 11:27:01,scrape_observed,2026-09-25 01:01:12,,,listing,2,25000,"ジュニア情報局 / QR毎 / 下3桁提示可 / 有効期限内

・公演当日待ち合わせの上買い手の端末でログイン致します。
・ランダムエラー、買い手理由のキャンセ...",True,2026-09
9pnds9eryz,,kamigata-expo-park-fes-2026,2026-11-01,,[大阪府] 万博記念公園,electronic,female,公演前日にログイン情報共有,h,5.0,,QR,2026-09-24 11:27:01,scrape_observed,2026-09-25 01:01:12,,,listing,2,40000,"QR毎/FC初期当選/有効期限内/下三桁提示可

QR毎でのお譲りとなります。
同行者の同意チェックはこちらでいたしますので、代表者分のみお願いいたします。...",True,2026-09
mrueccwzhf,,kamigata-expo-park-fes-2026,2026-11-01,,[大阪府] 万博記念公園,electronic,female,公演前日QRコード共有,M,5.0,,QR,2026-09-24 11:27:01,scrape_observed,2026-09-25 01:01:12,,,listing,1,28900,"単番QR毎/エイト名義/下3桁提示可/初期当選/すり替え重複なし/有効期限内/郵便物戻りなし/着ブロ指定なし
ログイン情報は公演前日にお伝えします。
入場後は速...",True,2026-09
rfnsuvoate,,kamigata-expo-park-fes-2026,2026-11-01,,[大阪府] 万博記念公園,electronic,female,公演日前日にQRコード共有,ysnr1128,5.0,,QR,2026-09-24 11:27:01,scrape_observed,2026-09-25 01:01:12,,,listing,2,29000,"Aぇ! group 名義　FC‪✕‬FC
ファンクラブ先行 座席未定 初期当選
QR毎　すり替えなし 購入後下3桁提示可能

※プライベート出品へ移行のため、承...",True,2026-09
mykt3ejoob,,kamigata-expo-park-fes-2026,2026-11-01,,[大阪府] 万博記念公園,electronic,female,公演日前日にログイン情報共有,a,5.0,,QR,2026-09-24 11:27:01,scrape_observed,2026-09-25 01:01:12,,,listing,2,35000,"WEST.名義/QR毎/下3桁提示可/初期当選/有効期限内/発送物戻りなし

※ご購入いただける場合はプライベート出品に切り替えます。メッセージにてご購入いただ...",True,2026-09
5lcxwxrchp,,kamigata-expo-park-fes-2026,2026-11-01,,[大阪府] 万博記念公園,electronic,female,公演日前日までにQRコード共有,a,5.0,,QR,2026-09-24 11:27:01,scrape_observed,2026-09-25 01:01:12,,,listing,2,26000,"なにわ男子FC×なにわ男子FC/初期当選/QR毎/すり替えなし/有効期限内/エラー歴等なし/下3桁提示可/Pay-easy支払い

公演日前日に連絡ボードにてロ...",True,2026-09
95dcrtifnk,,kamigata-expo-park-fes-2026,2026-11-01,,[大阪府] 万博記念公園,electronic,female,2名義2番手,も,5.0,,番手,2026-09-24 11:27:01,scrape_observed,2026-09-25 01:01:12,,,listing,2,40000,"💓プラベル対応です💓
2名義2番手すり替えなし/下3桁提示🉑/有効期限内
当選歴お伝え不可❌
日本語のわかる日本人女性のみご購入ください。
お子様連れでの...",True,2026-09
ktmcfurnxa,,kamigata-expo-park-fes-2026,2026-11-01,,[大阪府] 万博記念公園,electronic,female,公演前日にログイン情報共有,い,5.0,,QR,2026-09-24 11:27:01,scrape_observed,2026-09-25 01:01:12,,,listing,1,29000,"単番QR毎／なにわ男子初当選名義／下3桁提示可／ペイジー決済／発送物戻りなし

☆同意チェックは買い手様ご自身にお任せしております。

☆出演者変更やランダムエ...",True,2026-09
coqr8oteiu,,kamigata-expo-park-fes-2026,2026-11-01,,[大阪府] 万博記念公園,electronic,female,前日にQRコード共有,Y,4.5,,QR,2026-09-24 11:27:01,scrape_observed,2026-09-25 01:01:12,,,listing,1,60000,"なにわ名義/初期当選/重複すり替えなし/有効期限内/下３桁開示可/発送物戻り無/過去エラー歴無

公演前日に必要な情報等を連絡ボードにてお知らせ致します。
公演...",True,2026-09
yukx02zxv5,,kamigata-expo-park-fes-2026,2026-11-01,,[大阪府] 万博記念公園,electronic,female,公演日前日にログイン情報共有,ま,4.9,,QR,2026-09-24 11:27:01,scrape_observed,2026-09-25 01:01:12,,,listing,1,20000,"QRごと/該当名義/重複すり替え無し/下3桁提示可/有効期限内/WEST.名義

公演中止の際のみ規約に従い返金対応いたします。ランダムエラー、本人確認、体調不...",True,2026-09
knwoej3iwv,,kamigata-expo-park-fes-2026,2026-11-01,,[大阪府] 万博記念公園,electronic,female,公演日前日にログイン情報共有,💖,5.0,,QR,2026-09-24 11:27:01,scrape_observed,2026-09-25 01:01:12,,,listing,2,38500,"QR毎/初期当選(Aぇ名義×Aぇ名義)/有効期限内/下3桁提示可/重複すり替えなし

公演日前日にログイン情報を連絡ボードにてお伝えいたします。
公演日当日入場...",True,2026-09
ltwh9k72u7,,kamigata-expo-park-fes-2026,2026-11-01,,[大阪府] 万博記念公園,electronic,female,QR毎/公演日3日前にログイン情報共有,M,5.0,,QR,2026-09-24 11:27:01,scrape_observed,2026-09-25 01:01:12,,,listing,2,30000,"WESTꓸ名義/FC×FC/初期当選/QR毎/すり替えなし/有効期限内/エラー歴等なし/下3桁提示可/過去当選歴なし
公演日前日にログイン情報お伝えします。
当...",True,2026-09
pco14i7d0w,,kamigata-expo-park-fes-2026,2026-11-01,,[大阪府] 万博記念公園,electronic,female,2名義中2番手,た,5.0,,番手,2026-09-24 11:27:01,scrape_observed,2026-09-25 01:01:12,,,listing,2,30000,"2名義中2番手⭐️プラベルにてお取引させて頂くため、ご購入希望の方はチケテンメッセージまでお願い致します。⭐️

FC先行 なにわ名義 座席未定
 2名義中2番...",True,2026-09
pu2znlgyxb,,kamigata-expo-park-fes-2026,2026-11-01,,[大阪府] 万博記念公園,electronic,male,公演日前日までにQRコード共有,k,5.0,,QR,2026-09-24 11:27:01,scrape_observed,2026-09-25 01:01:12,,,listing,2,22000,"QR毎/Aぇ! group×Aぇ! group名義/FC初期当選/有効期限内/下三桁提示可/当選歴なし

QR毎でのお譲りとなります。

前日にQR表示に必要な...",True,2026-09
zevl25avr6,,kamigata-expo-park-fes-2026,2026-11-01,,[大阪府] 万博記念公園,electronic,female,同行,そ。,5.0,,同行,2026-09-24 11:27:01,scrape_observed,2026-09-25 01:01:12,,,listing,1,34000,"当方の同行者枠/初期当選/すり替えなし/下3桁提示可/有効期限内/Aぇ×Aぇ名義

・入場後は速やかに受け取り通知をお願いいたします。
・座席に関するクレームは...",True,2026-09
1f17osl9e3,,kamigata-expo-park-fes-2026,2026-11-01,,[大阪府] 万博記念公園,electronic,none,3名義中2番手,で,5.0,,同行番手,2026-09-24 11:27:01,scrape_observed,2026-09-25 01:01:12,,,listing,1,30000,"3名義中2番手/全て単番/初期当選/ジュニア情報局先行 該当名義/変更ボタンあり/有効期限内/すり替えなし/下3桁提示可

8:30前集合可能な方のみご購入下さ...",True,2026-09
k89dx3xm06,,kamigata-expo-park-fes-2026,2026-11-01,,[大阪府] 万博記念公園,electronic,female,公演日前日にQRコード共有,m,5.0,,QR,2026-09-24 11:27:01,scrape_observed,2026-09-25 01:01:12,,,listing,2,24000,"初期当選/WEST.名義/FC×FC/すり替えなし/QR毎/有効期限内/下3桁提示可

・公演前日に連絡ボードにてログイン情報をお伝えいたします。
・ご希望であ...",True,2026-09
7zjdhn2kzz,,kamigata-expo-park-fes-2026,2026-11-01,,[大阪府] 万博記念公園,electronic,male,公演前日QRコード共有,も,5.0,,QR,2026-09-24 11:27:01,scrape_observed,2026-09-25 00:01:19,,,listing,2,25000,"QRごとのお譲りになります。
なにわ名義/FC×FC/初期当選/下3桁提示可能/期限内／着ブロ希望なし/ランダムエラー・発送物戻りなし
プライベート出品にします...",True,2026-09
geixt3i0c3,,kamigata-expo-park-fes-2026,2026-11-01,,[大阪府] 万博記念公園,electronic,female,同時入場又はQRごと,りりり,5.0,,番手QR,2026-09-24 11:27:01,scrape_observed,2026-09-25 01:01:12,,,listing,2,23000,"【2名義中2番手】／すり替えなし／有効期限内／下3桁提示可／エラー歴なし

公演当日は、こちらが指定する時間・場所に集合していただき、同時入場を予定しております...",True,2026-09
2fbpoua7tm,,kamigata-expo-park-fes-2026,2026-11-01,,[大阪府] 万博記念公園,electronic,female,公演日前日QRコード共有,S,5.0,,QR,2026-09-24 11:27:01,scrape_observed,2026-09-25 00:01:19,,,listing,1,50000,"Aぇ名義/初期当選/すり替えなし/下3桁提示可能/過去エラー歴なし
QR毎のお譲りになります。公演当日(8:30)までにログイン情報をお伝えいたします。
ランダ...",True,2026-09
uv6my7n013,,kamigata-expo-park-fes-2026,2026-11-01,,[大阪府] 万博記念公園,electronic,male,公演日1日前までにQRコード共有,M,5.0,,QR,2026-09-24 11:27:01,scrape_observed,2026-09-25 01:01:12,,,listing,1,32000,"ファンクラブ先行、座席未定　
QRごとのお譲り、有効期限内、すり替えなし、該当名義、下3桁提示可能
プラベルでの取引可能な方優先
公演1日前になりましたら、ログ...",True,2026-09
wdcsuyklp6,,kamigata-expo-park-fes-2026,2026-11-01,,[大阪府] 万博記念公園,electronic,female,前日までにログイン情報共有,♡,5.0,,QR,2026-09-24 11:27:01,scrape_observed,2026-09-25 00:01:19,,,listing,2,24000,"QR毎/Aぇ名義/初期当選/下3桁提示可/有効期限内/発送物戻りなし/条件なし/ペイジー払い

QR毎のお譲りです。
代表者同行者どちらも女性Aぇ名義の初期当選...",True,2026-09
1xbmozvrsb,,kamigata-expo-park-fes-2026,2026-11-01,,[大阪府] 万博記念公園,electronic,female,公演日前日にQRコード共有,kt,5.0,,QR,2026-09-24 11:27:01,scrape_observed,2026-09-25 01:01:12,,,listing,2,35000,"WEST.FC初期当選　同行者WEST.FC
プラベ出品にしますので購入ご希望の方はお伝えください
QR毎のお渡しとなります。
有効期限内名義、同一クレカ決済な...",True,2026-09
pt7i9drqbx,,kamigata-expo-park-fes-2026,2026-11-01,,[大阪府] 万博記念公園,electronic,female,同時入場又はQR,M,4.8,,番手QR,2026-09-24 11:27:01,scrape_observed,2026-09-25 01:01:12,,,listing,1,26000,"2名義中2番手(場合によってはQR毎) どちらも単番、Aぇ名義 
初期当選/すり替えなし/有効期限内/下3桁提示可

公演当日、会場付近で待ち合わせをし、同時入...",True,2026-09
zeuhjmdtbj,,kamigata-expo-park-fes-2026,2026-11-01,,[大阪府] 万博記念公園,electronic,female,当日同時入場,ぴ,5.0,,QR番手,2026-09-24 11:27:01,scrape_observed,2026-09-25 01:01:12,,,listing,2,26000,"プライベート出品にするので購入前にコメントください。
2名義中2番手　2連
Aぇ名義とジュニア名義
下三桁提示可/すり替えなし/有効期限内
当日、指定した時間と...",True,2026-09
7wc1bf5l0y,,kamigata-expo-park-fes-2026,2026-11-01,,[大阪府] 万博記念公園,electronic,female,当日待ち合わせの上ログイン,yu,5.0,,QR,2026-09-24 11:27:01,scrape_observed,2026-09-25 01:01:12,,,listing,2,25000,"ジュニア情報局 / QR毎 / 下3桁提示可 / 有効期限内

・公演当日待ち合わせの上買い手の端末でログイン致します。
・入場しログアウト後 入場報告完了して...",True,2026-09
gh7v65m7x2,,kamigata-expo-park-fes-2026,2026-11-01,,[大阪府] 万博記念公園,electronic,female,公演日前日までにQRコード共有,あ,5.0,,QR,2026-09-24 11:27:01,scrape_observed,2026-09-25 01:01:12,,,listing,2,45000,"QR毎/Aぇ! group×Aぇ! group名義/FC初期当選/有効期限内/下三桁提示可/重複なし

QR毎でのお譲りとなります。

前日にQR表示に必要な情...",True,2026-09
hq6kjad8we,,kamigata-expo-park-fes-2026,2026-11-01,,[大阪府] 万博記念公園,electronic,female,公演日前日20時までにQRコード共有,ka,5.0,,QR,2026-09-24 11:27:01,scrape_observed,2026-09-25 01:01:12,,,listing,1,38000,"なにわ名義/初期当選/ QR毎 単番 /下3桁提示可/ 有効期限内 /クレカ決済

QR毎でのお譲りです。
公演前日までにログイン情報お伝えします。

当日ご入...",True,2026-09
tmamhi97j3,,kamigata-expo-park-fes-2026,2026-11-01,,[大阪府] 万博記念公園,electronic,female,公演日3日前までにQRコード共有,ま,5.0,,QR,2026-09-24 11:27:01,scrape_observed,2026-09-25 01:01:12,,,listing,1,30000,なにわ男子有効会員名義 QR毎のお譲り 会員番号下3桁提示可能 初期当選  同一クレカ決済なし 発送物戻りなし 当日の入場チェックは購入者様でお願いします。 公...,True,2026-09
tzefbnaw68,,kamigata-expo-park-fes-2026,2026-11-01,,[大阪府] 万博記念公園,electronic,female,公演日前日にログイン情報共有,🍒,5.0,,,2026-09-24 11:27:01,scrape_observed,2026-09-25 01:01:12,,,listing,2,30000,"初期当選/有効期限内/重複すり替えなし/下3桁提示可

公演日前日にログイン情報をお伝えいたします。
公演当日入場後は速やかにログアウトして頂き、必ず開演時間ま...",True,2026-09
j23go039kn,,kamigata-expo-park-fes-2026,2026-11-01,,[大阪府] 万博記念公園,electronic,female,同行,はな,5.0,,同行,2026-09-24 11:27:01,scrape_observed,2026-09-25 01:01:12,,,listing,1,55000,"Aぇ! group×Aぇ! group名義/初期当選/すり替えなし/下3桁提示可 
・公演当日に、開場時間8:30以降の入場の可能性あります。 会場付近にて待ち...",True,2026-09
oekqccj1fm,,kamigata-expo-park-fes-2026,2026-11-01,,[大阪府] 万博記念公園,electronic,female,公演日1日前までにQRコード共有,ねね,5.0,,QR,2026-09-24 11:27:01,scrape_observed,2026-09-25 01:01:12,,,listing,1,24000,"なにわ名義/初期当選/有効期限内/発送物戻り無/同一クレカ無し/エラー歴無し

公演前日に必要な情報等を連絡ボードにてお知らせ致します。同意チェックは購入者様ご...",True,2026-09
qsn7l2z1h8,,kamigata-expo-park-fes-2026,2026-11-01,,[大阪府] 万博記念公園,electronic,female,公演前日にQR表示に必要な情報をお送りします。,ゆ,5.0,,QR,2026-09-24 11:27:01,scrape_observed,2026-09-25 01:01:12,,,listing,1,50000,"QR毎／Aぇ名義／初期当選／FC先行／座席未定／
重複すり替えなし／下3桁提示可能

【お渡し方法】
公演前日にログイン情報をお渡ししますので、ログインできるか...",True,2026-09
wjuc353r7l,,kamigata-expo-park-fes-2026,2026-11-01,,[大阪府] 万博記念公園,electronic,female,公演日2日前までにQRコード共有,ぴまる,5.0,,QR,2026-09-24 11:27:01,scrape_observed,2026-09-25 01:01:12,,,listing,2,30000,"座席未定｜WEST名義｜QRごとのお譲り｜初期当選｜すり替えなし｜有効期限内｜下2桁お伝え可能｜前回ツアー落選



公演中止の際のみ、送料手数料を引いた金額返...",True,2026-09
lehb2xn5vz,,kamigata-expo-park-fes-2026,2026-11-01,,[大阪府] 万博記念公園,electronic,female,公演前日QRコード共有,M,5.0,,QR,2026-09-24 11:27:01,scrape_observed,2026-09-25 01:01:12,,,listing,1,29900,"QR毎/初期当選/下3桁提示可/すり替え重複なし/有効期限内/発送物戻りなし/着ブロ指定なし/SUPER EIGHT名義
前日にログイン情報をお伝えいたします。...",True,2026-09
bv49a2clzm,,kamigata-expo-park-fes-2026,2026-11-01,,[大阪府] 万博記念公園,electronic,female,前日までにログイン情報開示,❤︎,5.0,,QR,2026-09-24 11:27:01,scrape_observed,2026-09-25 01:01:12,,,listing,2,48000,"なにわ男子FC/QR毎/初期当選/下3桁提示可/有効期限内/発送物戻り・過去エラー無し

公演前日までにログイン情報お伝えします。
公演当日は入場後速やかにログ...",True,2026-09
fwdlbodbxo,,kamigata-expo-park-fes-2026,2026-11-01,,[大阪府] 万博記念公園,electronic,female,公演日前日までにQRコード共有,s,5.0,,QR,2026-09-24 11:27:01,scrape_observed,2026-09-25 01:01:12,,,listing,2,35000,"QRごと/初期当選/前回ツアー落選×前回ツアー落選Aぇ名義/有効期限内/発送物戻り無/同一クレカ決済無し/下3桁提示可

公演前日に必要な情報等を連絡ボードにて...",True,2026-09
xnupu0leyl,,kamigata-expo-park-fes-2026,2026-11-01,,[大阪府] 万博記念公園,electronic,female,同行,S,5.0,,番手,2026-09-24 11:27:01,scrape_observed,2026-09-25 00:01:19,,,listing,2,20000,"2名義中2番手（2名義ともSUPER EIGHT名義）／すり替えなし／有効期限内／下3桁提示可／エラー歴なし

公演当日は、こちらが指定する時間・場所に集合して...",True,2026-09
3lv8sudsie,,kamigata-expo-park-fes-2026,2026-11-01,,[大阪府] 万博記念公園,electronic,female,同行,小枝,5.0,,同行,2026-09-24 11:27:01,scrape_observed,2026-09-25 01:01:12,,,listing,2,25000,"なにわ男子名義/3名義中3番手/すり替えなし/下3桁提示可/初期当選名義含む/有効会員/

★当日の流れ★
会場10分前にこちらの指定した場所に集合し、その際に...",True,2026-09
fdlj0ev3fu,,kamigata-expo-park-fes-2026,2026-11-01,,[大阪府] 万博記念公園,electronic,female,同行,ゆあ,5.0,,同行記載あり,2026-09-24 11:27:01,scrape_observed,2026-09-25 01:01:12,,,listing,2,37000,"初期当選/3名義中2番手/すり替え無し/下3桁提示可/有効期限内

★代表者・同行者共になにわ男子FCで登録済み
不備名義なし

※公式にて「TAKOYAKI...",True,2026-09
qjap1fp5lu,,kamigata-expo-park-fes-2026,2026-11-01,,[大阪府] 万博記念公園,electronic,female,公演前日までにQRコード共有,guj,5.0,,QR,2026-09-24 11:27:01,scrape_observed,2026-09-25 01:01:12,,,listing,2,25000,"※プライベート出品に切り替えますので購入前にメッセージお願いいたします。


Aぇ名義/QR毎/初期当選/下3桁提示可能

公演前日までに必要なログイン情報等を...",True,2026-09
8nbh8s6ztz,,kamigata-expo-park-fes-2026,2026-11-01,,[大阪府] 万博記念公園,electronic,female,同行,け,5.0,,同行,2026-09-24 11:27:01,scrape_observed,2026-09-25 01:01:12,,,listing,1,35000,"初期当選/2名義中2番手/有効期限名義のみ/Aぇ名義/すり替えなし/下3桁提示可能/発送物戻りなし
購入希望の方はプライベート出品にするのでコメントください。...",True,2026-09
jm4t8cjrlw,,kamigata-expo-park-fes-2026,2026-11-01,,[大阪府] 万博記念公園,electronic,female,公演前日にログイン情報を共有,うに,5.0,,QR,2026-09-24 11:27:01,scrape_observed,2026-09-25 00:01:19,,,listing,1,22000,WEST.名義/QRごと/すり替え無し/初期当選/有効期限内/下三桁提示可,True,2026-09
cgukpakiid,,kamigata-expo-park-fes-2026,2026-11-01,,[大阪府] 万博記念公園,electronic,female,2名義中2番手,Gu,5.0,,番手,2026-09-24 11:27:01,scrape_observed,2026-09-25 01:01:12,,,listing,2,27000,"2名義中2番手 Aぇ名義 初当選
初期当選/すり替えなし/有効期限内/下3桁提示可
プラベルorプライベートチケットにて出品する為、購入希望の方はメッセージお願...",True,2026-09
9vwgywgiq0,,kamigata-expo-park-fes-2026,2026-11-01,,[大阪府] 万博記念公園,electronic,female,公演前日にログイン情報共有,a,5.0,,QR,2026-09-24 11:27:01,scrape_observed,2026-09-25 01:01:12,,,listing,1,21000,"なにわ男子名義 /QR毎/重複すり替えなし/下3桁提示可能/初期当選/有効期限内
公演前日にログイン情報共有します。
ランダムエラーや本人確認、体調不良や出演者...",True,2026-09
hrz7s4p1a4,,kamigata-expo-park-fes-2026,2026-11-01,,[大阪府] 万博記念公園,electronic,female,同行,Na,5.0,,同行番手,2026-09-24 11:27:01,scrape_observed,2026-09-25 01:01:12,,,listing,2,28000,"3名義中2番手/WEST名義/有効期限内/すり替えなし/下3桁提示可/初期当選

プラベルにてお取引したいので購入前にコメントお願いいたします。

同時入場し、...",True,2026-09
kv9rro7fzo,,kamigata-expo-park-fes-2026,2026-11-01,,[大阪府] 万博記念公園,electronic,female,前日までにログイン情報共有,♡,5.0,,QR,2026-09-24 11:27:01,scrape_observed,2026-09-25 00:01:19,,,listing,2,24000,"QR毎/Aぇ名義/初期当選/下3桁提示可/有効期限内/発送物戻りなし/条件なし/ペイジー払い

QR毎のお譲りです。
代表者同行者どちらも女性Aぇ名義の初期当選...",True,2026-09
sq0md3ppel,,kamigata-expo-park-fes-2026,2026-11-01,,[大阪府] 万博記念公園,electronic,female,公演前日までにQR共有,C,5.0,,QR,2026-09-24 11:27:01,scrape_observed,2026-09-25 01:01:12,,,listing,1,24000,"情報局該当名義/初期当選/すり替えなし/下3桁提示可能/過去エラー歴なし
QR毎のお譲りになります。公演前日正午までにログイン情報をお伝えいたします。
ランダム...",True,2026-09
6svqzfumhw,,kamigata-expo-park-fes-2026,2026-11-01,,[大阪府] 万博記念公園,electronic,female,入金後24時間以内にQRコード共有,8,5.0,,ランダム記載あり,2026-09-24 11:27:01,scrape_observed,2026-09-25 01:01:12,,,listing,1,30000,"えいと名義/有効期限内/発送物戻り無/同一クレカ無し/エラー歴無し

公演前日に必要な情報等を連絡ボードにてお知らせします。同意チェックは購入者様ご自身でお願い...",True,2026-09
62ne3i3886,,kamigata-expo-park-fes-2026,2026-11-01,,[大阪府] 万博記念公園,electronic,female,前日にログイン情報共有,にら,5.0,,QR,2026-09-24 11:27:01,scrape_observed,2026-09-25 00:01:19,,,listing,1,22000,"初期当選/QR毎/WEST名義/有効期限内名義/本人確認対応不可/会員番号下3桁提示可/公演日1日前ログイン情報ご連絡いたします
",True,2026-09
xedpvqcq76,,kamigata-expo-park-fes-2026,2026-11-01,,[大阪府] 万博記念公園,electronic,female,同行,ari,5.0,,同行番手,2026-09-24 11:27:01,scrape_observed,2026-09-25 01:01:12,,,listing,1,35000,"2名義中1番手/初期当選/Aぇ名義/有効期限内/すり替えなし/下3桁提示可

プラベルでのお取引希望の方は移行させていただきますので、メッセージをお願いします。...",True,2026-09
6koamai6on,,kamiyama-tomohiro-1st-live-tour-2026-input-output,2026-09-30,19:00,Zepp Nagoya,electronic,female,当日合流後ログイン,ぷー,5.0,,ランダム記載あり,2026-09-24 11:27:01,scrape_observed,2026-09-25 00:01:19,,,listing,1,30000,"FC先行/初期当選/着ブロ希望なし/神山名義（変更ボタンあり）/Pay-easy決済

公演当日、開場15〜30分前に会場付近にてお待ち合わせし、合流後買い手様...",True,2026-09
q4j009z7qt,,kamiyama-tomohiro-1st-live-tour-2026-input-output,2026-10-01,13:00,Zepp Nagoya,electronic,female,3番手　公演日当日に待ち合わせしてログイン情報をお伝えします。,,,,番手,2026-09-24 11:27:01,scrape_observed,2026-09-24 12:01:11,,,listing,1,10000,"FC先行 初期当選　座席未定3名義中3番手　着ブロ希望なし　有効期限内名義　コンビニ決済　下3桁提示可
開場時間の30分前に会場付近で待ち合わせして合流後端末をお借りしてログインさせていただきます。
詳細な待ち合わせ場所、時間は改めて連絡させていただきます。
チケット受け渡しの際はその場で受取通知をお願いいたします。
ご購入者様は連絡の取れる日本人女性のみでお願い致します。
代理購入はお控え下さい。
公演中止の場合に限り手数料を差し引いて返金致します。
ランダムエラー、体調不良、公共交通機関の遅延等も公演中止以外でのキャンセル、返金致しません。
コメントをする（0）
まだコメントはありません。
コメントを投稿するにはログインが必要です。
売り切れ
あなたと出品者とのやり取りが表示されます。第三者に閲覧されることはありません。
まだメッセージのやり取りはありません
売り切れ
ホーム
出品
検討中
ひろば
メッセージ
マイページ
このチケットは売り切れました
この出品はすでに購入されています。同じ日程の他のチケットをご覧ください。
同日程のチケットを探す
チケテン！
ライブ中の席交換もできる総合チケットサイト。安全な取引をサポートします。
ホーム
マイページ
お問い合わせ
お知らせ
使い方ガイド
コラム
Magazine
提携メディア
利用規約
プライバシーポリシー
特定商取引法に基づく表記
チケット不正転売禁止法について
手数料
© 2025 Wakuste LLC. All rights reserved.
ホーム
出品
検討中
ひろば
メッセージ
マイページ",True,2026-09
n4fhclm4tc,,kamiyama-tomohiro-1st-live-tour-2026-input-output,2026-10-01,13:00,Zepp Nagoya,electronic,female,公演当日にQRコード共有,r,5.0,,QR番手,2026-09-24 11:27:01,scrape_observed,2026-09-25 00:01:19,,,listing,1,20000,"最高 2.0 ~
※ 9/27(日)までに決定します

QR毎のお譲り 該当名義 単番
2名義中2番手
当方の選ばなかったQRをお譲りします。

購入希望の方は...",True,2026-09
j2g5vmpiko,,kamiyama-tomohiro-1st-live-tour-2026-input-output,2026-10-01,18:00,Zepp Nagoya,electronic,female,同行,な,4.8,,QR番手,2026-09-24 11:27:01,scrape_observed,2026-09-25 01:01:12,,,listing,1,0,3名義中2番手（単番×2、連番×1）/FC先行/初期当選/有効期限内/ペイジーコンビニ決済/着ブロなし/発送物戻りや過去エラーなし/すり替えなし ご希望であれば...,True,2026-09
45c9sq9tez,,kamiyama-tomohiro-1st-live-tour-2026-input-output,2026-10-01,18:00,Zepp Nagoya,electronic,female,同行,な,4.8,,QR番手,2026-09-24 11:27:01,scrape_observed,2026-09-25 01:01:12,,,listing,1,11000,3名義中3番手（単番×2、連番×1）/FC先行/初期当選/有効期限内/ペイジーコンビニ決済/着ブロなし/発送物戻りや過去エラーなし/すり替えなし ご希望であれば...,True,2026-09
fnydzsp80z,,kamiyama-tomohiro-1st-live-tour-2026-input-output,2026-10-14,19:00,Zepp Namba (OSAKA),electronic,female,当日合流後ログイン,ぷー,5.0,,ランダム記載あり,2026-09-24 11:27:01,scrape_observed,2026-09-25 00:01:19,,,listing,1,9000,"FC先行/初期当選/着ブロ希望なし/神山名義（変更ボタンあり）/Pay-easy決済

公演当日、開場15〜30分前に会場付近にてお待ち合わせし、合流後買い手様...",True,2026-09
bpskpsbq64,,kamiyama-tomohiro-1st-live-tour-2026-input-output,2026-10-14,19:00,Zepp Namba (OSAKA),electronic,female,2名義中2番手,M,5.0,,QR番手,2026-09-24 11:27:01,scrape_observed,2026-09-25 01:01:12,,,listing,1,10500,"FC先行/初期当選/2名義中2番手/下3桁提示可
該当名義/有効期限内/着ブロ希望なし

公演当日、入場開始20〜30半前を目安に合流し、買い手様の端末でログイ...",True,2026-09
rcuygiwtws,,kamiyama-tomohiro-1st-live-tour-2026-input-output,2026-10-14,19:00,Zepp Namba (OSAKA),electronic,female,同行,な,4.8,,QR番手,2026-09-24 11:27:01,scrape_observed,2026-09-25 01:01:12,,,listing,1,12000,2名義中3番手（単番×1、連番×1）/FC先行/初期当選/有効期限内/ペイジーコンビニ決済/着ブロなし/発送物戻りや過去エラーなし/すり替えなし ご希望であれば...,True,2026-09
k4wtd7mr4x,,kamiyama-tomohiro-1st-live-tour-2026-input-output,2026-10-14,19:00,Zepp Namba (OSAKA),electronic,female,公演日当日にQRコード共有,あ,5.0,,QR,2026-09-24 11:27:01,scrape_observed,2026-09-25 00:01:19,,,listing,1,11000,"FC先行/初期当選/2名義中2番手(2名義とも単番)/下3桁提示可/該当名義/有効期限内/着ブロ希望なし

プラベルの取引でお値下げ致します。

入場前にログイ...",True,2026-09
ra9aa91vcm,,kamiyama-tomohiro-1st-live-tour-2026-input-output,2026-10-14,19:00,Zepp Namba (OSAKA),electronic,female,同行,な,4.8,,QR番手,2026-09-24 11:27:01,scrape_observed,2026-09-25 01:01:12,,,listing,1,15000,2名義中2番手（単番×1、連番×1）/FC先行/初期当選/有効期限内/ペイジーコンビニ決済/着ブロなし/発送物戻りや過去エラーなし/すり替えなし ご希望であれば...,True,2026-09
u576s7o0i1,,kamiyama-tomohiro-1st-live-tour-2026-input-output,2026-10-14,19:00,Zepp Namba (OSAKA),electronic,female,公演日前日までにQRコード共有,❤︎,4.8,,QR番手,2026-09-24 11:27:01,scrape_observed,2026-09-25 00:01:19,,,listing,1,15000,"スタンディング1名義、着ブロ希望1名義の2名義中2番手。すり替えなし、下3桁提示可能。全て単番、初期当選、有効期限内該当名義

スタンディングの整理番号が発表さ...",True,2026-09
5vp4kslghm,,kamiyama-tomohiro-1st-live-tour-2026-input-output,2026-10-14,19:00,Zepp Namba (OSAKA),electronic,female,会場近くで待ち合わせ端末を借りて入場,さぁちゃん,5.0,,番手,2026-09-24 11:27:01,scrape_observed,2026-09-25 01:01:12,,,listing,1,10500,"3名義中3番手
着席指定なし",True,2026-09
5ne07g4nir,,kamiyama-tomohiro-1st-live-tour-2026-input-output,2026-10-14,19:00,Zepp Namba (OSAKA),electronic,female,当日現地にて買い手様端末にてログイン,A🍒,5.0,,番手,2026-09-24 11:27:01,scrape_observed,2026-09-25 01:01:12,,,listing,2,15000,"2名義中2番手/FC先行/初期当選/該当名義/着ブロ選択無し
公演当日、現地で入場時間20分前頃に合流し、買い手様の端末にて当方2番手名義にログイン。ご自身の端...",True,2026-09
10j7piqgmp,,kamiyama-tomohiro-1st-live-tour-2026-input-output,2026-10-14,19:00,Zepp Namba (OSAKA),electronic,female,公演日1日前にログイン情報お知らせします。,YU,5.0,,QR,2026-09-24 11:27:01,scrape_observed,2026-09-25 01:01:12,,,listing,1,15000,,True,2026-09
wh2n8dy5dw,,kamiyama-tomohiro-1st-live-tour-2026-input-output,2026-10-14,19:00,Zepp Namba (OSAKA),electronic,female,当日会員情報共有,mi,5.0,,,2026-09-24 11:27:01,scrape_observed,2026-09-25 01:01:12,,,listing,1,50000,"6名義中2番手/下3桁提示可
当日待ち合わせ後に、端末をお借りしてログインさせていただきます。
公演中止の場合のみ、手数料引いた金額を返金いたします。
※プラベ...",True,2026-09
j27un244z6,,kamiyama-tomohiro-1st-live-tour-2026-input-output,2026-10-15,13:00,Zepp Namba (OSAKA),electronic,female,公演日当日にQRコード共有,,,,QR,2026-09-24 11:27:01,scrape_observed,2026-09-24 12:01:11,,,listing,1,15000,"FC先行/初期当選/2名義中2番手(2名義とも単番)/下3桁提示可/該当名義/有効期限内/着ブロ希望なし
プラベルでの取引ですとお値下げします。
入場前にログイン情報をお伝え致します。
当方が選ばなかった2番手の名義でご自身の端末にて入場して頂く形となります。
公共交通機関の遅延、ランダムエラーなど、公演中止時以外の返金対応不可になります。その他ご質問ありましたら、コメントにてお願い致します。
コメントをする（0）
コメントを読み込んでいます。
コメントを投稿するにはログインが必要です。
売り切れ
あなたと出品者とのやり取りが表示されます。第三者に閲覧されることはありません。
まだメッセージのやり取りはありません
売り切れ
ホーム
出品
検討中
ひろば
メッセージ
マイページ
このチケットは売り切れました
この出品はすでに購入されています。同じ日程の他のチケットをご覧ください。
同日程のチケットを探す
チケテン！
ライブ中の席交換もできる総合チケットサイト。安全な取引をサポートします。
ホーム
マイページ
お問い合わせ
お知らせ
使い方ガイド
コラム
Magazine
提携メディア
利用規約
プライバシーポリシー
特定商取引法に基づく表記
チケット不正転売禁止法について
手数料
© 2025 Wakuste LLC. All rights reserved.
ホーム
出品
検討中
ひろば
メッセージ
マイページ",True,2026-09
7qar6pwpi1,,kamiyama-tomohiro-1st-live-tour-2026-input-output,2026-10-15,13:00,Zepp Namba (OSAKA),electronic,female,3名義中3番手 2連中の1枚 QR毎,ゆ,5.0,,ランダム記載あり,2026-09-24 11:27:01,scrape_observed,2026-09-25 01:01:12,,,listing,1,9000,"FC先行 初期当選　座席未定3名義中3番手 2連中の1枚
着ブロ希望なし　有効期限内名義　ペイジー決済　下3桁提示可
開場時間の30分前に会場付近で待ち合わせし...",True,2026-09
guro0z1oid,,kamiyama-tomohiro-1st-live-tour-2026-input-output,2026-10-15,13:00,Zepp Namba (OSAKA),electronic,female,集合して頂き端末をお借りして入場して頂きます,さぁちゃん,5.0,,,2026-09-24 11:27:01,scrape_observed,2026-09-25 01:01:12,,,listing,1,11000,"4番手
単番
着ブロ選択なし",True,2026-09
ma7zvkmjzj,,kamiyama-tomohiro-1st-live-tour-2026-input-output,2026-10-15,13:00,Zepp Namba (OSAKA),electronic,female,当日合流後ログイン,ぷー,5.0,,QR,2026-09-24 11:27:01,scrape_observed,2026-09-25 01:01:12,,,listing,1,9000,"FC先行/初期当選/着ブロ希望なし/神山名義（変更ボタンあり）/Pay-easy決済

公演当日、開場15〜30分前に会場付近にてお待ち合わせし、合流後買い手様...",True,2026-09
44ayn6vrj9,,kamiyama-tomohiro-1st-live-tour-2026-input-output,2026-10-15,18:00,Zepp Namba (OSAKA),electronic,female,公演前日にログイン情報お知らせします,みー,5.0,,QR,2026-09-24 11:27:01,scrape_observed,2026-09-25 00:01:19,,,listing,2,35000,"初期当選
着席ブロック希望での当選
有効期限内名義
非該当名義
",True,2026-09
o8cvirf2gv,,kamiyama-tomohiro-1st-live-tour-2026-input-output,2026-10-15,18:00,Zepp Namba (OSAKA),electronic,female,公演日前日にログイン情報共有,❤︎,5.0,,QR,2026-09-24 11:27:01,scrape_observed,2026-09-25 01:01:12,,,listing,1,0,"WEST.FC初期当選　　該当名義(変更ボタン有)　QR毎お譲り致します　

・ご入金後24時間以内に下3桁提示(すり替えなし)
・過去ランダムエラーなし
・有...",True,2026-09
r0r9zm9wot,,kamiyama-tomohiro-1st-live-tour-2026-input-output,2026-10-15,18:00,Zepp Namba (OSAKA),electronic,female,公演当日QRコード共有,sa,5.0,,番手QR同行,2026-09-24 11:27:01,scrape_observed,2026-09-25 01:01:12,,,listing,1,9990,"WEST.FC神山名義/3名義中2番手(2連中1枚)/すり替えなし下3桁提示可/初期当選/有効期限内/スタンディング
当方が選択しなかった残り2名義から、お好き...",True,2026-09
igz8w2a2rw,,kamiyama-tomohiro-1st-live-tour-2026-input-output,2026-10-15,18:00,Zepp Namba (OSAKA),electronic,female,前日にログイン情報を共有,うに,5.0,,QR番手,2026-09-24 11:27:01,scrape_observed,2026-09-25 00:01:19,,,listing,1,20000,QRごと/2名義中2番手/下三桁提示可/着ブロ指定なし/初期当選/有効期限内/神山名義,True,2026-09
jvdf23537w,,kamiyama-tomohiro-1st-live-tour-2026-input-output,2026-10-15,18:00,Zepp Namba (OSAKA),electronic,female,公演前日にログイン情報共有,コップ,5.0,,QR,2026-09-24 11:27:01,scrape_observed,2026-09-25 01:01:12,,,listing,1,44000,"2024年のアリーナツアー以降落選名義です。
仕事が入ってしまったため代わりにたのしんでいただける方へお譲りいたします。

公演中止以外のいかなる場合においても...",True,2026-09
a4rm67p9h3,,kamiyama-tomohiro-1st-live-tour-2026-input-output,2026-10-15,18:00,Zepp Namba (OSAKA),electronic,female,4名義中3番手/当日買い手端末にてログイン,M,5.0,,番手QR,2026-09-24 11:27:01,scrape_observed,2026-09-25 01:01:12,,,listing,1,12000,"FC先行/初期当選/4名義中3番手/下3桁提示可
該当名義/有効期限内/着ブロ希望なし

公演当日、入場開始20〜30半前を目安に合流し、買い手様の端末でログイ...",True,2026-09
13hzmdcwqd,,kamiyama-tomohiro-1st-live-tour-2026-input-output,2026-10-15,18:00,Zepp Namba (OSAKA),electronic,female,QR毎,ま,5.0,,QR,2026-09-24 11:27:01,scrape_observed,2026-09-25 00:01:19,,,listing,1,45000,"QR毎 / 初期当選 / 下3桁提示可能 / 重複すり替えなし / 有効期限内/神山名義 /変更ボタンあり/着ブロ指定なし

公演前日にログインに必要な情報を連...",True,2026-09
yrkztcqi1q,,kamiyama-tomohiro-1st-live-tour-2026-input-output,2026-10-15,18:00,Zepp Namba (OSAKA),electronic,female,4名義中4番手/当日買い手端末にてログイン,M,5.0,,QR番手,2026-09-24 11:27:01,scrape_observed,2026-09-25 01:01:12,,,listing,1,8000,"FC先行/初期当選/4名義中4番手/下3桁提示可
該当名義/有効期限内/着ブロ希望なし

公演当日、入場開始20〜30半前を目安に合流し、買い手様の端末でログイ...",True,2026-09
on2hbiut4g,,kamiyama-tomohiro-1st-live-tour-2026-input-output,2026-10-15,18:00,Zepp Namba (OSAKA),electronic,female,4名義中2番手/前日ログイン情報共有,M,5.0,,QR番手,2026-09-24 11:27:01,scrape_observed,2026-09-25 01:01:12,,,listing,1,30000,"FC先行/初期当選/4名義中2番手/下3桁提示可
該当名義/有効期限内/着ブロ希望なし

公演前日に当方が選ばなかった名義から2番手の名義をお選びいただき、ログ...",True,2026-09
m1fe0pu1es,,kamiyama-tomohiro-1st-live-tour-2026-input-output,2026-10-15,18:00,Zepp Namba (OSAKA),electronic,female,当日合流後ログイン,ぷー,5.0,,QR,2026-09-24 11:27:01,scrape_observed,2026-09-25 01:01:12,,,listing,1,8000,"FC先行/初期当選/着ブロ希望なし/神山名義（変更ボタンあり）/Pay-easy決済

公演当日、開場15〜30分前に会場付近にてお待ち合わせし、合流後買い手様...",True,2026-09
kiv7xjdgbf,,kamiyama-tomohiro-1st-live-tour-2026-input-output,2026-10-15,18:00,Zepp Namba (OSAKA),electronic,female,公演日1日前までにQRコード共有,みよ,5.0,,QR,2026-09-24 11:27:01,scrape_observed,2026-09-24 20:01:15,,,listing,1,8000,QRごと　前日18時以降に当方が選ばなかった名義のログイン情報を共有します。,True,2026-09
j4t5f2gl2c,,kamigata-expo-park-fes-2026,2026-10-31,,[大阪府] 万博記念公園,electronic,female,公演前日にログイン情報共有,M,5.0,,QR,2026-09-24 14:01:14,scrape_observed,2026-09-25 00:01:19,,,listing,2,28000,"QR毎/初期当選/下3桁提示可/有効期限内/発送物戻りなし/クレカ払い

前回ツアー落選かつ名義作成後初当選です。

公演前日にログイン情報をお伝えいたしますの...",True,2026-09
jnn3bslxjn,,kamigata-expo-park-fes-2026,2026-10-31,,[大阪府] 万博記念公園,electronic,female,同行,いよ,5.0,,番手,2026-09-24 14:01:14,scrape_observed,2026-09-25 00:01:19,,,listing,2,17500,"4名義中4番手/全てアンビ名義・初期当選・有効期限内・郵送物戻りなし/下3桁提示可/サイチェン可

公演当日、8:10（開場20分前）頃に会場付近にて待ち合わせ...",True,2026-09
jk9fxdry1f,,kamiyama-tomohiro-1st-live-tour-2026-input-output,2026-10-01,13:00,Zepp Nagoya,electronic,female,当日合流後ログイン,ぷー,5.0,,ランダム記載あり,2026-09-24 15:01:17,scrape_observed,2026-09-25 00:01:19,,,listing,1,30000,"FC先行/初期当選/着ブロ希望なし/神山名義（変更ボタンあり）/Pay-easy決済

公演当日、開場15〜30分前に会場付近にてお待ち合わせし、合流後買い手様...",True,2026-09
c56mtrrysc,,kamigata-expo-park-fes-2026,2026-10-31,,[大阪府] 万博記念公園,electronic,female,公演日前日にログイン情報共有,あや,5.0,,QR,2026-09-24 16:01:21,scrape_observed,2026-09-25 00:01:19,,,listing,2,20000,"QRごと/初期当選/重複なし/条件なし　
有効期限内名義　着席ブロック、復活当選、制作開放席、郵便戻りではありません。希望があれば会員番号の下3桁をお知らせしま...",True,2026-09
fuoa1pm7s1,,kamiyama-tomohiro-1st-live-tour-2026-input-output,2026-09-30,19:00,Zepp Nagoya,electronic,none,公演前日にQRコード共有,❤︎,4.8,,番手QR,2026-09-24 19:01:14,scrape_observed,2026-09-24 19:01:14,,,listing,1,20000,"スタンディング1名義、着ブロ希望1名義の2名義中2番手。すり替えなし、下3桁提示可能。全て単番、初期当選、有効期限内該当名義
プラベル対応可。
スタンディングの整理番号が発表されましたらこちらで選択をし、スタンディング1名義、着ブロ希望1名義のどちらかをQRごとでお渡しします。公演前日までにログイン情報お伝えしますので、ご自身の端末でログイン・同意チェックを実施の上ご入場ください。入場後速やかにログアウトと入場連絡をお願いいたします。
ランダムエラー・本人確認や購入者様都合でのキャンセル、返金はいたしかねます。公演中止の場合のみ返金いたします。
女性名義、男性名義どちらも含みます。ご了承の上ご購入ください。",True,2026-09
exa6uw2xag,,kamiyama-tomohiro-1st-live-tour-2026-input-output,2026-10-01,18:00,Zepp Nagoya,electronic,female,公演前日にQRコード共有,❤︎,4.8,,番手QR,2026-09-24 20:01:15,scrape_observed,2026-09-25 00:01:19,,,listing,1,15000,"5名義中3番手、すり替えなし下3桁提示可能、全て単番、初期当選、有効期限内該当名義、コンビニ入金、着ブロ希望なし

プラベル対応可能。

整理番号が発表されまし...",True,2026-09
04zqle12ct,,kamiyama-tomohiro-1st-live-tour-2026-input-output,2026-10-15,18:00,Zepp Namba (OSAKA),electronic,female,公演日1日前までにQRコード共有,みよ,5.0,,QR,2026-09-25 00:01:19,scrape_observed,2026-09-25 00:01:19,,,listing,1,10000,QRごと　前日18時以降に当方が選ばなかった名義のログイン情報を共有します。,True,2026-09
9vkys9kxkv,,kamigata-expo-park-fes-2026,2026-10-31,,[大阪府] 万博記念公園,electronic,female,同行,L,5.0,,番手,2026-09-25 01:01:12,scrape_observed,2026-09-25 23:01:10,,,listing,2,32000,"6名義中3番手/初期当選/有効期限内/すり替えなし/下三桁提示可能

ランダムエラー、出演者変更、体調不良、交通機関の乱れなどの如何なる理由により入場できなかっ...",True,2026-09
7sa7bic0k4,,kamigata-expo-park-fes-2026,2026-10-31,,[大阪府] 万博記念公園,electronic,female,当日渡し,Me_7teor,5.0,,QR番手,2026-09-25 01:01:12,scrape_observed,2026-09-25 23:01:10,,,listing,2,0,"5名義中5番手
初期当選/有効期限内/すり替えなし/下三桁提示可能

ランダムエラー、出演者変更、体調不良、交通機関の乱れなどの如何なる理由により入場できなかっ...",True,2026-09
k6bzhdi2rt,,kamigata-expo-park-fes-2026,2026-10-31,,[大阪府] 万博記念公園,electronic,female,同行,ｲ,5.0,,番手,2026-09-25 01:01:12,scrape_observed,2026-09-25 23:01:10,,,listing,2,23000,"2名義中2番手 / 初期当選 / すり替えなし / 下3桁提示可 / 有効期限内 / 該当名義(アンビ名義×2)


・8:30入場予定。

・公演当日、開場3...",True,2026-09
aeqpbltxnc,,kamigata-expo-park-fes-2026,2026-10-31,,[大阪府] 万博記念公園,electronic,female,公演前日にログイン情報共有,M,5.0,,QR,2026-09-25 01:01:12,scrape_observed,2026-09-25 23:01:10,,,listing,2,25000,"QR毎/初期当選/下3桁提示可/有効期限内/郵送物戻りなし

前回ツアー落選かつ名義作成後初当選です。

公演前日にログイン情報をお伝えいたしますので当日入場後...",True,2026-09
11ahj9pxrp,,kamigata-expo-park-fes-2026,2026-10-31,,[大阪府] 万博記念公園,electronic,female,同行,みょ,5.0,,同行記載あり,2026-09-25 01:01:12,scrape_observed,2026-09-25 23:01:10,,,listing,1,40000,"Aぇ名義/下3桁提示可/サイチェン可

・正門担との同行（正門担×）
・8:15会場付近集合予定
・当日同行が難しくなった場合、受け取り評価は必ずしていただきま...",True,2026-09
r7ngbiatkp,,kamigata-expo-park-fes-2026,2026-10-31,,[大阪府] 万博記念公園,electronic,female,前日にログイン情報共有,にら,5.0,,QR,2026-09-25 01:01:12,scrape_observed,2026-09-25 11:01:14,,,listing,1,22000,"初期当選/QR毎/WEST名義/有効期限内名義/本人確認対応不可/会員番号下3桁提示可/着席ブロック未選択/公演日1日前ログイン情報ご連絡いたします
",True,2026-09
5hamkrq4mg,,kamigata-expo-park-fes-2026,2026-10-31,,[大阪府] 万博記念公園,electronic,female,公演日前日にログイン情報共有,あや,5.0,,QR,2026-09-25 01:01:12,scrape_observed,2026-09-25 05:01:13,,,listing,2,20000,"QRごと/初期当選/重複なし/条件なし　
有効期限内名義　着席ブロック、復活当選、制作開放席、郵便戻りではありません。希望があれば会員番号の下3桁をお知らせしま...",True,2026-09
p0m35zovqc,,kamigata-expo-park-fes-2026,2026-10-31,,[大阪府] 万博記念公園,electronic,male,前日までにログイン情報共有,♡,5.0,,QR,2026-09-25 01:01:12,scrape_observed,2026-09-25 23:01:10,,,listing,2,25000,"QR毎/Aぇ名義/初期当選/下3桁提示可/有効期限内/発送物戻りなし/条件なし/ペイジー払い

QR毎のお譲りです。
代表者(男性名義)、同行者(女性名義)どち...",True,2026-09
8eim505cza,,kamigata-expo-park-fes-2026,2026-10-31,,[大阪府] 万博記念公園,electronic,female,QRごと,にゃ,5.0,,QR,2026-09-25 01:01:12,scrape_observed,2026-09-25 23:01:10,,,listing,1,30000,"なにわ名義/QRごと/該当名義/重複すり替え無し/下3桁提示可/有効期限内/

公演前日にログインに必要な情報を連絡ボードにてお伝えします。

※ランダムエラー...",True,2026-09
w2awq4mz2l,,kamigata-expo-park-fes-2026,2026-10-31,,[大阪府] 万博記念公園,electronic,female,同行,いよ,5.0,,番手,2026-09-25 01:01:12,scrape_observed,2026-09-25 23:01:10,,,listing,2,25000,"4名義中3番手/全てアンビ名義・初期当選・有効期限内・郵送物戻りなし/下3桁提示可/サイチェン可

公演当日、8:10（開場20分前）頃に会場付近にて待ち合わせ...",True,2026-09
1ims50hb4s,,kamigata-expo-park-fes-2026,2026-10-31,,[大阪府] 万博記念公園,electronic,female,公演前日ログイン情報共有,moe,5.0,,QR,2026-09-25 01:01:12,scrape_observed,2026-09-25 23:01:10,,,listing,2,33500,"プラベル取引/Aぇ名義/QRごと/該当名義/重複すり替え無し/下3桁提示可/有効期限内/発送物戻り無し

＊プラベルにて取引希望ですので、購入希望の方はメッセー...",True,2026-09
kuboudk9vo,,kamigata-expo-park-fes-2026,2026-10-31,,[大阪府] 万博記念公園,electronic,female,公演前日にログイン情報お渡し,あ,5.0,,QR,2026-09-25 01:01:12,scrape_observed,2026-09-25 23:01:10,,,listing,1,40000,"WEST名義/QR毎/重複すり替え無し/下3桁提示可/有効期限内

公演前日にログインに必要な情報を連絡ボードにてお伝えします。

※ランダムエラー、出演者の欠...",True,2026-09
fjtwhvkrze,,kamigata-expo-park-fes-2026,2026-10-31,,[大阪府] 万博記念公園,electronic,female,同行,いよ,5.0,,番手,2026-09-25 01:01:12,scrape_observed,2026-09-25 23:01:10,,,listing,2,35000,"4名義中2番手/全てアンビ名義・初期当選・有効期限内・郵送物戻りなし/下3桁提示可/サイチェン可

公演当日、8:10（開場20分前）頃に会場付近にて待ち合わせ...",True,2026-09
l4kn6gdqmh,,kamigata-expo-park-fes-2026,2026-10-31,,[大阪府] 万博記念公園,electronic,female,公演日前日にQRコード共有,あ,5.0,,QR,2026-09-25 01:01:12,scrape_observed,2026-09-25 23:01:10,,,listing,1,24000,【QRごと】初期当選　重複なし　条件なし　ペイジー支払い　有効期限内名義　着席ブロック、復活当選、制作開放席、郵便戻りではありません。希望があれば会員番号の下3...,True,2026-09
18o6xlwcmz,,kamigata-expo-park-fes-2026,2026-10-31,,[大阪府] 万博記念公園,electronic,female,同行,いよ,5.0,,番手,2026-09-25 01:01:12,scrape_observed,2026-09-25 23:01:10,,,listing,2,17500,"4名義中4番手/全てアンビ名義・初期当選・有効期限内・郵送物戻りなし/下3桁提示可/サイチェン可

公演当日、8:10（開場20分前）頃に会場付近にて待ち合わせ...",True,2026-09
ir2hirucad,,kamigata-expo-park-fes-2026,2026-10-31,,[大阪府] 万博記念公園,electronic,female,同行,L,5.0,,番手,2026-09-25 01:01:12,scrape_observed,2026-09-25 23:01:10,,,listing,2,50000,"6名義中2番手/初期当選/有効期限内/すり替えなし/下三桁提示可能

ランダムエラー、出演者変更、体調不良、交通機関の乱れなどの如何なる理由により入場できなかっ...",True,2026-09
pj61j0rlv7,,kamigata-expo-park-fes-2026,2026-10-31,,[大阪府] 万博記念公園,electronic,female,同行,L,5.0,,同行,2026-09-25 01:01:12,scrape_observed,2026-09-25 23:01:10,,,listing,2,22000,"6名義中4番手/初期当選/有効期限内/すり替えなし/下三桁提示可能

ランダムエラー、出演者変更、体調不良、交通機関の乱れなどの如何なる理由により入場できなかっ...",True,2026-09
ulhjaol0ol,,kamigata-expo-park-fes-2026,2026-11-01,,[大阪府] 万博記念公園,electronic,none,公演日1日前にQRコード共有,めんた,5.0,,QR,2026-09-25 01:01:12,scrape_observed,2026-09-25 23:01:10,,,listing,2,25000,"なにわ男子FC✕なにわ男子FC/初期選/QR毎/すり替えなし/有効期限内／エラー歴等なし/下3桁提示可/Pay-easy
支払い
公演日前日に連絡ボードにてログ...",True,2026-09
7vr266ubfl,,kamigata-expo-park-fes-2026,2026-11-01,,[大阪府] 万博記念公園,electronic,female,公演前日まで,D,5.0,,番手,2026-09-25 01:01:12,scrape_observed,2026-09-25 23:01:10,,,listing,1,28000,"2名義中2番手/エイト×2名義/初期当選/有効期限名義のみ/すり替えなし

当日、開場時間前に会場付近で待ち合わせし、同時入場していただきます。
入場後はチケッ...",True,2026-09
qd1s32o4kk,,kamigata-expo-park-fes-2026,2026-11-01,,[大阪府] 万博記念公園,electronic,female,公演日前日にログイン情報お渡し,も,5.0,,QR,2026-09-25 01:01:12,scrape_observed,2026-09-25 23:01:10,,,listing,2,32000,"WESTを含まずFC×FCでの当選です。
初期当選/有効期限内/下3桁提示可能/過去エラー・発送物戻り無

公演日前日にログイン情報をお渡しします。赤線対策のた...",True,2026-09
gl7fwdvrbg,,kamigata-expo-park-fes-2026,2026-11-01,,[大阪府] 万博記念公園,electronic,female,QRの為未定,39,5.0,,番手,2026-09-25 01:01:12,scrape_observed,2026-09-25 23:01:10,,,listing,1,21000,"2名義中2番手 / すり替えなし / 下3桁提示可 /  有効期限内 / どちらも局名義

・公演当日、会場付近に集合し同時入場する予定です。
・当方が選ばなか...",True,2026-09
e1n230jjpx,,kamigata-expo-park-fes-2026,2026-11-01,,[大阪府] 万博記念公園,electronic,none,公演日当日にQRコード共有,めんた,5.0,,QR,2026-09-25 01:01:12,scrape_observed,2026-09-25 23:01:10,,,listing,2,25000,"なにわ男子FC✕なにわ男子FC/初期選/QR毎/すり替えなし/有効期限内／エラー歴等なし/下3桁提示可/Pay-easy
支払い
公演日前日に連絡ボードにてログ...",True,2026-09
ieg0x2dzek,,kamigata-expo-park-fes-2026,2026-11-01,,[大阪府] 万博記念公園,electronic,female,同行,28,5.0,,同行,2026-09-25 01:01:12,scrape_observed,2026-09-25 23:01:10,,,listing,1,33000,"FC先行 座席未定 初期当選 有効期限内 重複すり替えなし 会員番号下3桁提示可能 着ブロ希望なし

公演当日、開演 1時間前〜30分前頃に会場付近にて待ち合わ...",True,2026-09
yn1se2451v,,kamigata-expo-park-fes-2026,2026-11-01,,[大阪府] 万博記念公園,electronic,male,公演前日QRコード共有,も,5.0,,QR,2026-09-25 01:01:12,scrape_observed,2026-09-25 23:01:10,,,listing,2,25000,"QRごとのお譲りになります。
なにわ名義/FC×FC/初期当選/下3桁提示可能/期限内／着ブロ希望なし/ランダムエラー・発送物戻りなし
プライベート出品にします...",True,2026-09
dcvcjnc1a8,,kamigata-expo-park-fes-2026,2026-11-01,,[大阪府] 万博記念公園,electronic,female,公演日前日QRコード共有,S,5.0,,QR,2026-09-25 01:01:12,scrape_observed,2026-09-25 23:01:10,,,listing,1,50000,"Aぇ名義/初期当選/すり替えなし/下3桁提示可能/過去エラー歴なし
QR毎のお譲りになります。公演当日(8:30)までにログイン情報をお伝えいたします。
ランダ...",True,2026-09
1904sex8bs,,kamigata-expo-park-fes-2026,2026-11-01,,[大阪府] 万博記念公園,electronic,female,前日までにログイン情報共有,♡,5.0,,QR,2026-09-25 01:01:12,scrape_observed,2026-09-25 23:01:10,,,listing,2,24000,"QR毎/Aぇ名義/初期当選/下3桁提示可/有効期限内/発送物戻りなし/条件なし/ペイジー払い

QR毎のお譲りです。
代表者同行者どちらも女性Aぇ名義の初期当選...",True,2026-09
f0kt5cgo5s,,kamigata-expo-park-fes-2026,2026-11-01,,[大阪府] 万博記念公園,electronic,female,同行,S,5.0,,番手,2026-09-25 01:01:12,scrape_observed,2026-09-25 23:01:10,,,listing,2,20000,"2名義中2番手（2名義ともSUPER EIGHT名義）／すり替えなし／有効期限内／下3桁提示可／エラー歴なし

公演当日は、こちらが指定する時間・場所に集合して...",True,2026-09
4exmcy726d,,kamigata-expo-park-fes-2026,2026-11-01,,[大阪府] 万博記念公園,electronic,female,公演前日にログイン情報を共有,うに,5.0,,QR,2026-09-25 01:01:12,scrape_observed,2026-09-25 23:01:10,,,listing,1,22000,WEST.名義/QRごと/すり替え無し/初期当選/有効期限内/下三桁提示可,True,2026-09
oe681lom63,,kamigata-expo-park-fes-2026,2026-11-01,,[大阪府] 万博記念公園,electronic,female,前日までにログイン情報共有,♡,5.0,,QR,2026-09-25 01:01:12,scrape_observed,2026-09-25 23:01:10,,,listing,2,24000,"QR毎/Aぇ名義/初期当選/下3桁提示可/有効期限内/発送物戻りなし/条件なし/ペイジー払い

QR毎のお譲りです。
代表者同行者どちらも女性Aぇ名義の初期当選...",True,2026-09
jodekutaiq,,kamigata-expo-park-fes-2026,2026-11-01,,[大阪府] 万博記念公園,electronic,female,前日にログイン情報共有,にら,5.0,,QR,2026-09-25 01:01:12,scrape_observed,2026-09-25 23:01:10,,,listing,1,22000,"初期当選/QR毎/WEST名義/有効期限内名義/本人確認対応不可/会員番号下3桁提示可/公演日1日前ログイン情報ご連絡いたします
",True,2026-09
y5soiafh6h,,kamiyama-tomohiro-1st-live-tour-2026-input-output,2026-09-30,19:00,Zepp Nagoya,electronic,female,当日合流後ログイン,ぷー,5.0,,ランダム記載あり,2026-09-25 01:01:12,scrape_observed,2026-09-25 23:01:10,,,listing,1,30000,"FC先行/初期当選/着ブロ希望なし/神山名義（変更ボタンあり）/Pay-easy決済

公演当日、開場15〜30分前に会場付近にてお待ち合わせし、合流後買い手様...",True,2026-09
015roa5yik,,kamiyama-tomohiro-1st-live-tour-2026-input-output,2026-10-01,13:00,Zepp Nagoya,electronic,female,公演当日にQRコード共有,r,5.0,,QR番手,2026-09-25 01:01:12,scrape_observed,2026-09-25 23:01:10,,,listing,1,21000,"最高 2.1 ~ 即2.8
※ 9/27(日)までに決定します

QR毎のお譲り 該当名義 単番
2名義中2番手
当方の選ばなかったQRをお譲りします。

購入...",True,2026-09
bxbnztawds,,kamiyama-tomohiro-1st-live-tour-2026-input-output,2026-10-01,13:00,Zepp Nagoya,electronic,female,当日合流後ログイン,ぷー,5.0,,ランダム記載あり,2026-09-25 01:01:12,scrape_observed,2026-09-25 23:01:10,,,listing,1,30000,"FC先行/初期当選/着ブロ希望なし/神山名義（変更ボタンあり）/Pay-easy決済

公演当日、開場15〜30分前に会場付近にてお待ち合わせし、合流後買い手様...",True,2026-09
smfk1iyu3c,,kamiyama-tomohiro-1st-live-tour-2026-input-output,2026-10-01,18:00,Zepp Nagoya,electronic,female,公演前日にQRコード共有,❤︎,4.8,,番手QR,2026-09-25 01:01:12,scrape_observed,2026-09-25 23:01:10,,,listing,1,15000,"5名義中3番手、すり替えなし下3桁提示可能、全て単番、初期当選、有効期限内該当名義、コンビニ入金、着ブロ希望なし

プラベル対応可能。

整理番号が発表されまし...",True,2026-09
rxfod96s6u,,kamiyama-tomohiro-1st-live-tour-2026-input-output,2026-10-14,19:00,Zepp Namba (OSAKA),electronic,female,当日合流後ログイン,ぷー,5.0,,ランダム記載あり,2026-09-25 01:01:12,scrape_observed,2026-09-25 23:01:10,,,listing,1,9000,"FC先行/初期当選/着ブロ希望なし/神山名義（変更ボタンあり）/Pay-easy決済

公演当日、開場15〜30分前に会場付近にてお待ち合わせし、合流後買い手様...",True,2026-09
gx77oihqke,,kamiyama-tomohiro-1st-live-tour-2026-input-output,2026-10-14,19:00,Zepp Namba (OSAKA),electronic,female,公演日当日にQRコード共有,あ,5.0,,QR,2026-09-25 01:01:12,scrape_observed,2026-09-25 23:01:10,,,listing,1,11000,"FC先行/初期当選/2名義中2番手(2名義とも単番)/下3桁提示可/該当名義/有効期限内/着ブロ希望なし

プラベルの取引でお値下げ致します。

入場前にログイ...",True,2026-09
rdp05dveid,,kamiyama-tomohiro-1st-live-tour-2026-input-output,2026-10-14,19:00,Zepp Namba (OSAKA),electronic,female,公演日前日までにQRコード共有,❤︎,4.8,,QR番手,2026-09-25 01:01:12,scrape_observed,2026-09-25 23:01:10,,,listing,1,15000,"スタンディング1名義、着ブロ希望1名義の2名義中2番手。すり替えなし、下3桁提示可能。全て単番、初期当選、有効期限内該当名義

スタンディングの整理番号が発表さ...",True,2026-09
axooci2lwi,,kamiyama-tomohiro-1st-live-tour-2026-input-output,2026-10-15,18:00,Zepp Namba (OSAKA),electronic,female,公演日1日前までにQRコード共有,みよ,5.0,,QR,2026-09-25 01:01:12,scrape_observed,2026-09-25 23:01:10,,,listing,1,10000,QRごと　前日18時以降に当方が選ばなかった名義のログイン情報を共有します。,True,2026-09
lrj90uwrxy,,kamiyama-tomohiro-1st-live-tour-2026-input-output,2026-10-15,18:00,Zepp Namba (OSAKA),electronic,female,公演前日にログイン情報お知らせします,みー,5.0,,QR,2026-09-25 01:01:12,scrape_observed,2026-09-25 23:01:10,,,listing,2,35000,"初期当選
着席ブロック希望での当選
有効期限内名義
非該当名義
",True,2026-09
v0b2jkskia,,kamiyama-tomohiro-1st-live-tour-2026-input-output,2026-10-15,18:00,Zepp Namba (OSAKA),electronic,female,前日にログイン情報を共有,うに,5.0,,QR番手,2026-09-25 01:01:12,scrape_observed,2026-09-25 23:01:10,,,listing,1,20000,QRごと/2名義中2番手/下三桁提示可/着ブロ指定なし/初期当選/有効期限内/神山名義,True,2026-09
p8dbroc175,,kamiyama-tomohiro-1st-live-tour-2026-input-output,2026-10-15,18:00,Zepp Namba (OSAKA),electronic,female,QR毎,ま,5.0,,QR,2026-09-25 01:01:12,scrape_observed,2026-09-25 23:01:10,,,listing,1,45000,"QR毎 / 初期当選 / 下3桁提示可能 / 重複すり替えなし / 有効期限内/神山名義 /変更ボタンあり/着ブロ指定なし

公演前日にログインに必要な情報を連...",True,2026-09
5g7xplbh2r,,rocknroll-stage-2026,2026-11-19,18:00,東京建物 ぴあ シアター,paper,female,公演日7日前までに郵送,ちくわ,5.0,,,2026-09-25 01:01:12,scrape_observed,2026-09-25 23:01:10,,,listing,1,0,"WEST.FC枠
座席についてのクレーム及び公演中止以外の返金には対応いたしません",True,2026-09
ijq9im9zaz,,rocknroll-stage-2026,2026-11-25,18:00,東京建物 ぴあ シアター,pickup_number,female,入金後2日以内に発券番号共有,N,5.0,,,2026-09-25 01:01:12,scrape_observed,2026-09-25 23:01:10,,,listing,1,0,"ぴあ先行 S席
10/24 10時～発券可能
発券開始前のため座席未定です。
当日手渡しも可能です。ご相談ください。",True,2026-09
e7dvpazpkc,,rocknroll-stage-2026,2026-11-25,18:00,東京建物 ぴあ シアター,pickup_number,female,入金後2日以内に発券番号共有,N,5.0,,,2026-09-25 01:01:12,scrape_observed,2026-09-25 23:01:10,,,listing,1,30000,"S席 ぴあ先行
発券開始前のため座席未定です。
名古屋事前手渡し、当日手渡し可能です。
ご相談ください。",True,2026-09
v79qgnd58i,,rocknroll-stage-2026,2026-11-29,13:00,東京建物 ぴあ シアター,pickup_number,female,入金後2日以内に発券番号共有,燐,5.0,,,2026-09-25 01:01:12,scrape_observed,2026-09-25 23:01:10,,,listing,1,20683,"チケットぴあ抽選先行にて当選
入金を確認したのち、速やかに発券番号を共有させていただきます。
10/24(土)10時より発券可能となりますので、公演までにご自身...",True,2026-09
52jnpimckl,,rocknroll-stage-2026,2026-11-29,13:00,東京建物 ぴあ シアター,pickup_number,female,入金後2日以内に発券番号共有,燐,5.0,,,2026-09-25 01:01:12,scrape_observed,2026-09-25 23:01:10,,,listing,1,20683,"チケットぴあ抽選先行にて当選
入金を確認したのち、速やかに発券番号を共有させていただきます。
10/24(土)10時より発券可能となりますので、公演までにご自身...",True,2026-09
ybp8zn55k9,,kamigata-expo-park-fes-2026,2026-10-31,,[大阪府] 万博記念公園,electronic,female,公演日前日にログイン情報共有します。,るる,5.0,,QR,2026-09-25 02:01:16,scrape_observed,2026-09-25 23:01:10,,,listing,2,38000,"QR毎/初期当選/有効期限内/重複すり替えなし/下3桁提示可/発送物戻りなし/過去エラー等なし/WEST.名義

公演前日にログイン情報共有いたしますのでご自身...",True,2026-09
hx9k505t7y,,kamigata-expo-park-fes-2026,2026-10-31,,[大阪府] 万博記念公園,electronic,female,同行,ari,5.0,,番手,2026-09-25 02:01:16,scrape_observed,2026-09-25 23:01:10,,,listing,1,32000,"3名義所持(2連×1名義、単番×2名義)/4枚中2番手/初期当選/Aぇ名義/有効期限内/すり替えなし/下3桁提示可

プラベルでのお取引希望の方は移行させていた...",True,2026-09
72qjd041k7,,kamigata-expo-park-fes-2026,2026-10-31,,[大阪府] 万博記念公園,electronic,female,初期当選、単番QR毎、重複すり替えなし、有効期限内、下3桁可能,J,5.0,,QR,2026-09-25 02:01:16,scrape_observed,2026-09-25 23:01:10,,,listing,1,48000,前日になりましたらログイン情報ご提示いたします。買い手の方で同意チェックしてご入場ください。本人確認、ランダムエラー対応はできません。公演中止のみ返金いたします...,True,2026-09
d64fwupz5l,,kamigata-expo-park-fes-2026,2026-10-31,,[大阪府] 万博記念公園,electronic,female,同行,か,5.0,,番手,2026-09-25 02:01:16,scrape_observed,2026-09-25 23:01:10,,,listing,2,25000,"2名義中2番手/全てジュニア名義/初期当選/下3桁提示可能/エラー、郵送物戻りなし

・8:30までに集合可能な方のみご購入ください。

・同時入場後一旦チケッ...",True,2026-09
e5yyybg3gn,,kamigata-expo-park-fes-2026,2026-10-31,,[大阪府] 万博記念公園,electronic,female,同行,🦀,5.0,,同行番手,2026-09-25 02:01:16,scrape_observed,2026-09-25 23:01:10,,,listing,2,33000,"2番手中2番
全てAぇ名義/変更ボタンあり/初期当選/期限内/下3桁提示可能/すり替えなし

公演当日、こちらが指定した時間に会場付近にて待ち合わせのうえ、同時...",True,2026-09
njejzt2ak8,,kamigata-expo-park-fes-2026,2026-10-31,,[大阪府] 万博記念公園,electronic,female,同行,★,5.0,,番手,2026-09-25 02:01:16,scrape_observed,2026-09-25 23:01:10,,,listing,2,33000,"初期当選/3名義中3番手/有効期限名義のみ/WEST×WEST・Aぇ×Aぇ/すり替えなし/下3桁提示可

プラベルでのお取引可能な方はお申し付けください。...",True,2026-09
zk8syjcdlw,,kamigata-expo-park-fes-2026,2026-10-31,,[大阪府] 万博記念公園,electronic,female,同行,れいあ,5.0,,同行,2026-09-25 02:01:16,scrape_observed,2026-09-25 23:01:10,,,listing,1,30000,"当方の同行のため岡﨑担❌
WEST名義

すり替えなし。下3桁提示可能。有効期限内。初期当選。着ブロ希望なし。郵送物戻りなし。過去エラーなし。

ランダムエラー...",True,2026-09
0rj1gh9mll,,kamigata-expo-park-fes-2026,2026-10-31,,[大阪府] 万博記念公園,electronic,female,入金後24時間以内にQRコード共有,さ,5.0,,番手,2026-09-25 02:01:16,scrape_observed,2026-09-25 23:01:10,,,listing,1,50000,3名義中2番手です。,True,2026-09
gk8pkfpkan,,kamigata-expo-park-fes-2026,2026-10-31,,[大阪府] 万博記念公園,electronic,female,同行,m,5.0,,同行,2026-09-25 02:01:16,scrape_observed,2026-09-25 23:01:10,,,listing,1,38000,"2名義中1番手同行/初期当選/Aぇ名義/有効期限内/すり替えなし/下3桁提示可

プラベ出品でのお取引に移行させていただきますので、メッセージをお願いします。...",True,2026-09
ww0q4d7z1u,,kamigata-expo-park-fes-2026,2026-10-31,,[大阪府] 万博記念公園,electronic,female,公演日前日までにQRコード共有,ちゃ,4.6,,QR,2026-09-25 02:01:16,scrape_observed,2026-09-25 23:01:10,,,listing,1,38000,WEST.名義/QR毎/重複すり替えなし/初期当選/前回アリツア落選/該当舞台落選/有効期間内/変更ボタンあり/下３桁提示/公演前日までに連絡ボードにてログイン...,True,2026-09
7h4e877pkw,,kamigata-expo-park-fes-2026,2026-10-31,,[大阪府] 万博記念公園,electronic,female,公演日前日にログイン情報を共有します。,みぃ,5.0,,QR,2026-09-25 02:01:16,scrape_observed,2026-09-25 23:01:10,,,listing,1,30000,"QR毎・初期当選・公演日有効期限内・重複すり替えなし・下3桁提示可・発送物戻りなし・過去エラー等なし・SUPER EIGHT名義(武道館、FES落選)

公演前...",True,2026-09
p9u5khn04d,,kamigata-expo-park-fes-2026,2026-10-31,,[大阪府] 万博記念公園,electronic,female,2名義中2番手 同行,M,5.0,,番手,2026-09-25 02:01:16,scrape_observed,2026-09-25 23:01:10,,,listing,1,22000,"初期当選/2名義中2番手/有効期限内/Aぇ×Aぇ名義/すり替えなし

・当方の都合により入場時間が8時半以降となるため、それでも問題ない方のみ購入をご検討くださ...",True,2026-09
yklt5ga4z3,,kamigata-expo-park-fes-2026,2026-10-31,,[大阪府] 万博記念公園,electronic,female,QR毎,tsgjgk,5.0,,QR,2026-09-25 02:01:16,scrape_observed,2026-09-25 23:01:10,,,listing,2,35000,"WEST名義/QRごと/該当名義/重複すり替え無し/下3桁提示可/有効期限内/

公演前日にログインに必要な情報をお伝えします。
同行者登録はこちらで行います。...",True,2026-09
zrf2jtnf71,,kamigata-expo-park-fes-2026,2026-10-31,,[大阪府] 万博記念公園,electronic,female,公演前日にQRコード共有,こ,5.0,,QR,2026-09-25 02:01:16,scrape_observed,2026-09-25 23:01:10,,,listing,1,32000,"なにわ名義/有効期限内 /下3桁開示可/前回アリツア落選/エラーなし
公演前日に連絡ボードにてログイン情報お伝えします。入場後は速やかにログアウト及び受け取り評...",True,2026-09
rezzbwo65r,,kamigata-expo-park-fes-2026,2026-10-31,,[大阪府] 万博記念公園,electronic,female,同時入場,M,5.0,,番手,2026-09-25 02:01:16,scrape_observed,2026-09-25 03:01:12,,,listing,2,21000,"初期当選/4名義中3番手の2連/有効期限名義のみ/なにわ名義/すり替えなし/下3桁提示可能/発送物戻りなし
※~8:30前集合可能な方のみご購入下さい※
・入場後はチケットを一旦回収し、当方が選択しなかったチケットをお渡しします。チケットを選ぶのにお時間がかかる場合がございますのでご理解ください。
・電波環境が悪い場合がございますので事前に電話番号を伺うことがございますので、ご了承ください。
・購入者様の遅刻、体調不良、本人確認やランダムエラー等、公演中止以外での返金は一切いたしかねます。そのような場合でも必ず受取連絡はして頂きますのでご了承ください。
・当日お席に関するクレームは受け付けません。
・受取連絡と引き換えでチケットをお渡しいたします。
・日本語の通じる女性のみご購入ください。ご購入いただいた時点で記載事項に同意いただいたものとみなします。",True,2026-09
o7p2ytkj6y,,kamigata-expo-park-fes-2026,2026-10-31,,[大阪府] 万博記念公園,electronic,female,QR,☆,5.0,,同行記載あり,2026-09-25 02:01:16,scrape_observed,2026-09-25 23:01:10,,,listing,2,30000,QRごと。FC×FC当選。すり替えなし。下3桁提示可能。有効期限内。初期当選。着ブロ希望なし。郵送物戻りなし。コンビニ決済。過去エラーなし。同行者チェックのみこ...,True,2026-09
oc252cu853,,kamigata-expo-park-fes-2026,2026-10-31,,[大阪府] 万博記念公園,electronic,female,公演前日18時以降にログイン情報お渡し,39,5.0,,QR,2026-09-25 02:01:16,scrape_observed,2026-09-25 23:01:10,,,listing,2,30000,"ジュニア情報局 / QR毎 / 下3桁提示可 / 有効期限内

・事前同行者登録の為、前日18時以降に同行者分のみ同意チェックをしログイン情報をお伝えします。...",True,2026-09
dqk8t4p1du,,kamigata-expo-park-fes-2026,2026-10-31,,[大阪府] 万博記念公園,electronic,female,同行,あ,5.0,,ランダム記載あり,2026-09-25 02:01:16,scrape_observed,2026-09-25 23:01:10,,,listing,2,30000,"

FC先行/有効期限内/全てAぇ名義/3名義中2番手/すり替えなし/下3桁提示可

・入場後はチケットを一旦回収し、当方が座席を選択した後に順次チケットをお渡...",True,2026-09
ccsd0ton6d,,kamigata-expo-park-fes-2026,2026-10-31,,[大阪府] 万博記念公園,electronic,female,2名義中2番手,とり,5.0,,番手,2026-09-25 02:01:16,scrape_observed,2026-09-25 23:01:10,,,listing,2,20000,"デビュー組FC先行/有効期限内のみ/2名義中2番手/すり替えなし

当日の集合時間・場所等に関しては公演が近くなり次第、または詳細が発表され次第、連絡ボードにて...",True,2026-09
tqo83zgipp,,kamigata-expo-park-fes-2026,2026-10-31,,[大阪府] 万博記念公園,electronic,female,公演日1日前までにQRコード共有,R,5.0,,QR,2026-09-25 02:01:16,scrape_observed,2026-09-25 23:01:10,,,listing,1,35000,"なにわ男子名義 / QR毎 / 重複すり替えなし / 初期当選 / 有効期間内 / 下3桁提示
公演前日までに連絡ボードにてログイン情報をお伝えします。入場後は...",True,2026-09
9z9g0ry3i0,,kamigata-expo-park-fes-2026,2026-10-31,,[大阪府] 万博記念公園,paper,female,同時入場,🌙,5.0,,同行番手,2026-09-25 02:01:16,scrape_observed,2026-09-25 23:01:10,,,listing,2,26000,"2名義中2番手
なにわ・Aぇ名義
初期当選/すり替えなし/下3桁提示可/ND⁵・Runway(今ツ)落選名義


【お取引について】

・番手でのお譲りが難しい...",True,2026-09
1vgz7r4occ,,kamigata-expo-park-fes-2026,2026-10-31,,[大阪府] 万博記念公園,electronic,female,公演日全日にQRコード共有,re,5.0,,QR,2026-09-25 02:01:16,scrape_observed,2026-09-25 23:01:10,,,listing,1,30000,"ジュニア名義/QRごと/該当名義/重複すり替え無し/下3桁提示可/有効期限内/

公演前日にログインに必要な情報を連絡ボードにてお伝えします。

※ランダムエラ...",True,2026-09
nfxllp18ld,,kamigata-expo-park-fes-2026,2026-10-31,,[大阪府] 万博記念公園,electronic,female,公演日前日にログイン情報共有,R,5.0,,QR,2026-09-25 02:01:16,scrape_observed,2026-09-25 23:01:10,,,listing,1,50000,"初期当選、有効期限内、下3桁提示可、重複すり替えなし

公演日前日にログイン情報を連絡ボードにてお伝え致します。公演日当日入場後は速やかにログアウトして頂き、必...",True,2026-09
jexv0m69et,,kamigata-expo-park-fes-2026,2026-10-31,,[大阪府] 万博記念公園,electronic,female,公演日前日までにログイン情報共有,C,5.0,,QR,2026-09-25 02:01:16,scrape_observed,2026-09-25 23:01:10,,,listing,2,35000,FC初期当選 / なにわ名義 / 重複すり替えなし / QR毎2連 / 郵送物エラー等なし / 下3桁提示可,True,2026-09
4lfu2td725,,kamigata-expo-park-fes-2026,2026-10-31,,[大阪府] 万博記念公園,electronic,male,同行,K,5.0,,同行,2026-09-25 02:01:16,scrape_observed,2026-09-25 23:01:10,,,listing,1,55000,"2連中1枚同行/なにわ名義/有効期限内/下3桁提示可

・公演当日、会場付近にて集合し、同時入場していただきます。
・座席に関するクレームはお受けできません。...",True,2026-09
57mznwe8ac,,kamigata-expo-park-fes-2026,2026-10-31,,[大阪府] 万博記念公園,electronic,female,同行,り,5.0,,ランダム記載あり,2026-09-25 02:01:16,scrape_observed,2026-09-25 23:01:10,,,listing,2,70000,"7名義中2番手
初期当選/なにわ名義×情報局該当名義/有効期限内/すり替えなし/下三桁提示可能

ランダムエラー、出演者変更、体調不良、交通機関の乱れなどの如何...",True,2026-09
vfnt54ubxu,,kamigata-expo-park-fes-2026,2026-10-31,,[大阪府] 万博記念公園,electronic,female,同行,y,5.0,,同行,2026-09-25 02:01:16,scrape_observed,2026-09-25 23:01:10,,,listing,1,37000,"2名義中1番手
すり替えなし/Aぇ名義/有効期限内/下3桁提示可

入場のみ一緒でも目的同じでしたら一緒に動くことも可能です。
柔軟に対応いたします。
開園から...",True,2026-09
ejwdikz4dz,,kamigata-expo-park-fes-2026,2026-10-31,,[大阪府] 万博記念公園,electronic,female,同行,M,5.0,,番手,2026-09-25 02:01:16,scrape_observed,2026-09-25 23:01:10,,,listing,2,39500,"2名義中2番手/初期当選/Aぇ名義/期限内/下3桁提示可

スーツケース等、大きな手荷物は事前に預けた状態でお越しください。

詳しい集合時間/場所につきまして...",True,2026-09
ikyaihlqa0,,kamigata-expo-park-fes-2026,2026-10-31,,[大阪府] 万博記念公園,electronic,female,当日渡し,Me_7teor,5.0,,QR番手,2026-09-25 02:01:16,scrape_observed,2026-09-25 23:01:10,,,listing,2,0,"5名義中3番手
初期当選/有効期限内/すり替えなし/下三桁提示可能

ランダムエラー、出演者変更、体調不良、交通機関の乱れなどの如何なる理由により入場できなかっ...",True,2026-09
wr8kcvrgzz,,kamigata-expo-park-fes-2026,2026-10-31,,[大阪府] 万博記念公園,electronic,female,3名義中2番手,m,5.0,,番手,2026-09-25 02:01:16,scrape_observed,2026-09-25 23:01:10,,,listing,2,32000,"3名義中2番手/初期当選のみ/Jr該当×Aぇのみ/すり替えなし/下3桁提示可/有効期限内名義/発送物戻りなし

当日は、会場付近で集合し同時入場いたします。
未...",True,2026-09
zfkg5zzeq0,,kamigata-expo-park-fes-2026,2026-10-31,,[大阪府] 万博記念公園,electronic,female,公演日前日にQRコード共有,にゃん,5.0,,QR,2026-09-25 02:01:16,scrape_observed,2026-09-25 23:01:10,,,listing,2,32000,"QRごと なにわ名義 有効期限内 下3桁開示可 女性名義
前日までにログイン情報をお伝えさせていただきますので、ログインし確認お願いいたします。
同行者登録はこ...",True,2026-09
by99ynf5h3,,kamigata-expo-park-fes-2026,2026-10-31,,[大阪府] 万博記念公園,electronic,female,公演当日,ぱ,4.8,,番手,2026-09-25 02:01:16,scrape_observed,2026-09-25 23:01:10,,,listing,2,18000,"2連×3名義所持、すり替えなし、全てsupereight名義
3名義中3名義目の2連をお渡しします。
開場時間(8時30分)のため8時頃には会場付近ご到着くださ...",True,2026-09
383k16ryj4,,kamigata-expo-park-fes-2026,2026-10-31,,[大阪府] 万博記念公園,electronic,female,公演前日QR共有,チケちゃん,4.8,,QR,2026-09-25 02:01:16,scrape_observed,2026-09-25 23:01:10,,,listing,1,48000,"単番QR毎/なにわ名義 / 初期当選 / 有効期限内名義 / すり替え重複なし / 下3桁提示可能/過去当選歴なし/エラーなし/発送物戻りなし

※必ずご確認く...",True,2026-09
o1to6nbd8f,,kamigata-expo-park-fes-2026,2026-10-31,,[大阪府] 万博記念公園,electronic,female,公演日前日までにQRコード共有,さ,5.0,,QR,2026-09-25 02:01:16,scrape_observed,2026-09-25 23:01:10,,,listing,1,40000,,True,2026-09
vctkid13o8,,kamigata-expo-park-fes-2026,2026-10-31,,[大阪府] 万博記念公園,electronic,female,同行,mgt,5.0,,番手,2026-09-25 02:01:16,scrape_observed,2026-09-25 23:01:10,,,listing,2,60000,"6名義中2番手

初期当選、有効期限内、下3桁提示可、重複すり替えなし


ランダムエラー、出演者変更、体調不良、交通機関の乱れなどの如何なる理由により入場でき...",True,2026-09
27m9p3fidl,,kamigata-expo-park-fes-2026,2026-10-31,,[大阪府] 万博記念公園,electronic,female,同行,ゆちゃん,5.0,,同行,2026-09-25 02:01:16,scrape_observed,2026-09-25 23:01:10,,,listing,1,85000,"初期当選/重複すり替え無し/下3桁提示可/有効期限内//なにわ名義/FC同士
【当選歴】
1stLove アリーナ
POPMALL スタンド
Alpha 花道横...",True,2026-09
4c3co9sh3e,,kamigata-expo-park-fes-2026,2026-10-31,,[大阪府] 万博記念公園,paper,female,当日手渡し,★,5.0,,同行,2026-09-25 02:01:16,scrape_observed,2026-09-25 23:01:10,,,listing,2,50000,"初期当選/3名義中2番手/有効期限名義のみ/WEST×WEST・Aぇ×Aぇ/すり替えなし/下3桁提示可

プラベルでのお取引可能な方はお申し付けください。...",True,2026-09
jhjqaazije,,kamigata-expo-park-fes-2026,2026-10-31,,[大阪府] 万博記念公園,electronic,female,当日渡し,Me_7teor,5.0,,ランダム,2026-09-25 02:01:16,scrape_observed,2026-09-25 23:01:10,,,listing,2,24000,"ランダム配布
初期当選のみ/有効期限内/複数名義所持

ランダムエラー、出演者変更、体調不良、交通機関の乱れなどの如何なる理由により入場できなかった場合でも受け...",True,2026-09
rxvh8ihugn,,kamigata-expo-park-fes-2026,2026-10-31,,[大阪府] 万博記念公園,electronic,female,同行,ari,5.0,,番手,2026-09-25 02:01:16,scrape_observed,2026-09-25 23:01:10,,,listing,1,20000,"3名義所持(2連×1名義、単番×2名義)/4枚中4番手/初期当選/Aぇ名義/有効期限内/すり替えなし/下3桁提示可

プラベルでのお取引希望の方は移行させていた...",True,2026-09
db8xb7ay9o,,kamigata-expo-park-fes-2026,2026-10-31,,[大阪府] 万博記念公園,electronic,female,公演前日ログイン情報送付,14,5.0,,QR,2026-09-25 02:01:16,scrape_observed,2026-09-25 23:01:10,,,listing,2,35000,"west.名義/初期当選/有効期限内会員/QRでのお譲り/すり替えなし/下3桁提示可能

公演前日にログイン情報を送付します。
入場後は速やかにログアウトくださ...",True,2026-09
3w8v5o5hka,,kamigata-expo-park-fes-2026,2026-10-31,,[大阪府] 万博記念公園,electronic,female,同行,@,5.0,,同行番手,2026-09-25 02:01:16,scrape_observed,2026-09-25 23:01:10,,,listing,2,25000,"2名義中2番手　全てAぇ名義　会員番号下3桁ご提示可能
同時入場後、当方が選ばなかった方のチケットをお渡しします。
集合時間、場所につきましては前日までにはお伝...",True,2026-09
ax9dz40uy0,,kamigata-expo-park-fes-2026,2026-10-31,,[大阪府] 万博記念公園,electronic,female,公演日1日前までにQRコード共有,ｙ,5.0,,QR,2026-09-25 02:01:16,scrape_observed,2026-09-25 23:01:10,,,listing,1,44000,"なにわ名義/初期当選/重複すり替えなし/有効期限内/下３桁開示可/発送物戻り無/過去エラー歴無

公演前日に必要な情報等を連絡ボードにてお知らせ致します。代表者...",True,2026-09
phsy2hysx2,,kamigata-expo-park-fes-2026,2026-10-31,,[大阪府] 万博記念公園,electronic,female,同行,おの,5.0,,番手,2026-09-25 02:01:16,scrape_observed,2026-09-25 23:01:10,,,listing,1,48000,"6名義中3番手/下3桁提示可能/単番当選のみ/全てSUPEREIGHT FC枠

・入場方法やブロックの詳細がまだ不明瞭な為、詳しい待ち合わせの時間等は公演三日...",True,2026-09
q09wig0zc4,,kamigata-expo-park-fes-2026,2026-10-31,,[大阪府] 万博記念公園,electronic,female,同行,すたー,5.0,,ランダム記載あり,2026-09-25 02:01:16,scrape_observed,2026-09-25 23:01:10,,,listing,2,25000,"FC先行/有効期限名義のみ/条件あり/2名義中2番手/すり替えなし/下3桁提示可

詳しい集合場所、時間等につきましては連絡ボードにて連絡させていただきます。...",True,2026-09
z5jsvn08sa,,kamigata-expo-park-fes-2026,2026-10-31,,[大阪府] 万博記念公園,electronic,female,同行,み,5.0,,同行,2026-09-25 02:01:16,scrape_observed,2026-09-25 23:01:10,,,listing,1,50000,"なにわ名義/有効期限内/重複すり替えなし/下3桁提示可

2連中1枚同行でのお譲りとなります。
大橋担不可

当日会場付近で待ち合わせし、同時入場していただきま...",True,2026-09
si9o7sv2lx,,kamigata-expo-park-fes-2026,2026-10-31,,[大阪府] 万博記念公園,electronic,female,2名義中2番手,S,5.0,,番手同行,2026-09-25 02:01:16,scrape_observed,2026-09-25 23:01:10,,,listing,2,30000,"全てAぇ名義/初期当選/2名義中2番手/全て今ツ落選名義

プラベル切り替え対応可能

当日の集合時間や場所等に関しては連絡ボードにてご連絡いたします。

待ち...",True,2026-09
xupa727q8r,,kamigata-expo-park-fes-2026,2026-10-31,,[大阪府] 万博記念公園,electronic,female,同行,m,5.0,,番手,2026-09-25 02:01:16,scrape_observed,2026-09-25 23:01:10,,,listing,2,25000,"2名義中2番手/エイト×Aぇ、Jr×Jr名義/初期当選/有効期限名義のみ/すり替えなし

当日、開場時間前に会場付近で待ち合わせし、同時入場していただきます。...",True,2026-09
5qtclvitmc,,kamigata-expo-park-fes-2026,2026-10-31,,[大阪府] 万博記念公園,electronic,female,同行,Jn,5.0,,同行記載あり,2026-09-25 02:01:16,scrape_observed,2026-09-25 23:01:10,,,listing,1,34000,エイト名義(同行WEST.)/自名義/初期当選/下3桁共有可能/1名義中1名義目/すり替えなし/有効期限内/同行,True,2026-09
ss01dcku8z,,kamigata-expo-park-fes-2026,2026-10-31,,[大阪府] 万博記念公園,electronic,female,同行,り,5.0,,ランダム記載あり,2026-09-25 02:01:16,scrape_observed,2026-09-25 23:01:10,,,listing,2,35000,"7名義中4番手
初期当選/なにわ名義×情報局該当名義/有効期限内/すり替えなし/下三桁提示可能

ランダムエラー、出演者変更、体調不良、交通機関の乱れなどの如何...",True,2026-09
7f4c1tl6y9,,kamigata-expo-park-fes-2026,2026-10-31,,[大阪府] 万博記念公園,electronic,female,同時入場,Airi,5.0,,番手,2026-09-25 02:01:16,scrape_observed,2026-09-25 23:01:10,,,listing,2,50000,"初期当選/2名義中2番手/有効期限名義/すり替えなし

・入場後はチケットを一旦回収し、当方が座席選択後に順次チケットをお渡し致します。
※チケットを選ぶのにお...",True,2026-09
44gqicxt1r,,kamigata-expo-park-fes-2026,2026-10-31,,[大阪府] 万博記念公園,electronic,female,同行,たまご,5.0,,同行,2026-09-25 02:01:16,scrape_observed,2026-09-25 23:01:10,,,listing,1,30000,"なにわ名義/有効期限内/重複すり替えなし/下3桁提示可

※ プライベートチケットに切り替えますのでコメントお送りください。
2連中1枚同行でのお譲りとなります...",True,2026-09
f5xwejvqdy,,kamigata-expo-park-fes-2026,2026-10-31,,[大阪府] 万博記念公園,electronic,female,同行,け,5.0,,番手,2026-09-25 02:01:16,scrape_observed,2026-09-25 23:01:10,,,listing,1,30000,"初期当選/2名義中2番手/有効期限名義のみ/Aぇ名義/すり替えなし/下3桁提示可能/発送物戻りなし
購入の際はコメントください。プライベート出品に変更いたします...",True,2026-09
dksonjv7qj,,kamigata-expo-park-fes-2026,2026-10-31,,[大阪府] 万博記念公園,electronic,female,同行,さ,5.0,,番手,2026-09-25 02:01:16,scrape_observed,2026-09-25 23:01:10,,,listing,1,35000,"3名義中2番手/有効期限内/すり替えなし/下3桁提示可/全てなにわ名義


・公演中止以外のいかなる場合でも返金はいたしません。
ランダムエラー・本人確認・交通...",True,2026-09
w5jc7k7x9p,,kamigata-expo-park-fes-2026,2026-10-31,,[大阪府] 万博記念公園,electronic,female,同時入場,り,5.0,,番手,2026-09-25 02:01:16,scrape_observed,2026-09-25 23:01:10,,,listing,2,36000,"2名義中2番手/初期当選/Aぇ名義/期限内/下3桁提示可



詳しい集合時間/場所につきましては、前日までに連絡ボードにてお伝え致します。
こちらが指定した集...",True,2026-09
8r5zuc88i0,,kamigata-expo-park-fes-2026,2026-10-31,,[大阪府] 万博記念公園,electronic,female,公演日前日にQRコード共有,a,5.0,,QR,2026-09-25 02:01:16,scrape_observed,2026-09-25 23:01:10,,,listing,1,37000,"FC先行 / Aぇ名義 / 単番QR毎 / 重複すり替えなし / 初期当選 / 有効期限内 / 下3桁提示 / 過去エラー等なし

公演前日になりましたらログイ...",True,2026-09
lxfqsgoybk,,kamigata-expo-park-fes-2026,2026-10-31,,[大阪府] 万博記念公園,electronic,female,公演日前日にログイン情報共有,N,5.0,,QR,2026-09-25 02:01:16,scrape_observed,2026-09-25 23:01:10,,,listing,2,28000,"初期当選/QR毎/重複すり替えなし/なにわ男子名義/会員番号下3桁提示可能/有効期限内名義

閲覧頂きありがとうございます。
早く手持ち売り切りたいためできる限...",True,2026-09
yu2b4ivgty,,kamigata-expo-park-fes-2026,2026-10-31,,[大阪府] 万博記念公園,electronic,female,同行,あ,5.0,,ランダム記載あり,2026-09-25 02:01:16,scrape_observed,2026-09-25 23:01:10,,,listing,2,25000,"FC先行/有効期限内/全てAぇ名義/3名義中3番手/すり替えなし/下3桁提示可

・入場後はチケットを一旦回収し、当方が座席選択後に順次チケットをお渡し致します...",True,2026-09
3ylpm51mnv,,kamigata-expo-park-fes-2026,2026-10-31,,[大阪府] 万博記念公園,electronic,female,前日にQRログイン情報を共有,りぼん,5.0,,QR,2026-09-25 02:01:16,scrape_observed,2026-09-25 23:01:10,,,listing,1,65000,"QR毎/なにわ男子名義/FC初期当選/有効期限内/下三桁提示可/重複差し

QR毎でのお譲りとなります。

前日にQR表示に必要な情報をお伝えいたします。
ログ...",True,2026-09
44vr0y3od0,,kamigata-expo-park-fes-2026,2026-10-31,,[大阪府] 万博記念公園,electronic,female,公演日3日前までにログイン情報共有,H。,5.0,,QR,2026-09-25 02:01:16,scrape_observed,2026-09-25 23:01:10,,,listing,1,25000,"WEST.名義/QRごと/すり替えなし/下3桁提示可/初期当選/有効期限内

・公演日の3日前にログイン情報をお伝えします。ご購入いただきました時点で下3桁をお...",True,2026-09
hu9n206s5a,,kamigata-expo-park-fes-2026,2026-10-31,,[大阪府] 万博記念公園,electronic,female,同時入場,K⭐️,5.0,,番手,2026-09-25 02:01:16,scrape_observed,2026-09-25 23:01:10,,,listing,1,20000,"3名義所持/４枚中3番手
なにわ名義(単番✖️2、２連✖️1)
(女性名義✖️2、男性名義✖️1)

・ドームスタンド上段✖️2
・アルファスタンド✖️1

初...",True,2026-09
66psln7jie,,kamigata-expo-park-fes-2026,2026-10-31,,[大阪府] 万博記念公園,electronic,female,同行,Me_7teor,5.0,,番手,2026-09-25 02:01:16,scrape_observed,2026-09-25 23:01:10,,,listing,2,0,"5名義中2番手
初期当選/有効期限内/すり替えなし/下三桁提示可能

ランダムエラー、出演者変更、体調不良、交通機関の乱れなどの如何なる理由により入場できなかっ...",True,2026-09
awmzczovq1,,kamigata-expo-park-fes-2026,2026-10-31,,[大阪府] 万博記念公園,electronic,female,2名義中2番手,A,5.0,,番手,2026-09-25 02:01:16,scrape_observed,2026-09-25 23:01:10,,,listing,2,22000,"2名義中2番手/Aぇ･エイト名義/初期当選/すり替えなし/下3桁提示可

同時入場後、当方の選ばなかった方のチケットをお渡しします。また、ブロック選択に少々お時...",True,2026-09
ziqc8at0wi,,kamigata-expo-park-fes-2026,2026-10-31,,[大阪府] 万博記念公園,electronic,female,公演日前日までにQRコード共有,m,5.0,,QR,2026-09-25 02:01:16,scrape_observed,2026-09-25 23:01:10,,,listing,1,35000,"QRごと/Aぇ名義（2026ツアー落選名義）/有効期限内/下3桁開示可
公演前日にマイページにてログイン情報をお伝え致します。入場後は速やかにログアウト及び受け...",True,2026-09
wsbdb3xqcj,,kamigata-expo-park-fes-2026,2026-10-31,,[大阪府] 万博記念公園,electronic,female,2名義中2番手,a,5.0,,番手,2026-09-25 02:01:16,scrape_observed,2026-09-25 23:01:10,,,listing,2,20000,"【2名義中2番手】/初期当選/該当名義/有効期限内/変更ボタンあり/重複すり替えなし/下3桁提示可

※~8:30前集合可能な方のみご購入下さい※

当日の集合...",True,2026-09
ej76l8sqef,,kamigata-expo-park-fes-2026,2026-10-31,,[大阪府] 万博記念公園,electronic,female,同行,そ。,5.0,,同行,2026-09-25 02:01:16,scrape_observed,2026-09-25 23:01:10,,,listing,1,34000,"当方の同行者枠/初期当選/すり替えなし/下3桁提示可/有効期限内/Aぇ×Aぇ名義

・入場後は速やかに受け取り通知をお願いいたします。
・座席に関するクレームは...",True,2026-09
okw3xc49cf,,kamigata-expo-park-fes-2026,2026-10-31,,[大阪府] 万博記念公園,electronic,female,同行,り,5.0,,ランダム記載あり,2026-09-25 02:01:16,scrape_observed,2026-09-25 23:01:10,,,listing,2,50000,"7名義中3番手
初期当選/なにわ名義×情報局該当名義/有効期限内/すり替えなし/下三桁提示可能

ランダムエラー、出演者変更、体調不良、交通機関の乱れなどの如何...",True,2026-09
k3ixu7b2ke,,kamigata-expo-park-fes-2026,2026-10-31,,[大阪府] 万博記念公園,electronic,female,前日ログイン情報お伝え,m,5.0,,QR,2026-09-25 02:01:16,scrape_observed,2026-09-25 23:01:10,,,listing,1,50000,重複すり替えなし、aぇ group名義、QR毎のお譲り、昨年スタンド名義(最終当選歴のため今年は落選)、下3桁お伝え可能、エラーなし、有効期限内名義、初期当選、...,True,2026-09
g812vezmqz,,kamigata-expo-park-fes-2026,2026-10-31,,[大阪府] 万博記念公園,electronic,female,同行,さ,5.0,,番手,2026-09-25 02:01:16,scrape_observed,2026-09-25 23:01:10,,,listing,2,28000,"ファンクラブ先行 Aぇ名義 座席未定
 2名義中2番手 下3桁提示可 初期当選
有効期限内 着ブロ指定なし
公演当日、会場付近にて集合し同時入場して頂きます。...",True,2026-09
omgvmzey5m,,kamigata-expo-park-fes-2026,2026-10-31,,[大阪府] 万博記念公園,electronic,female,同行,r,4.5,,番手,2026-09-25 02:01:16,scrape_observed,2026-09-25 23:01:10,,,listing,2,45000,"2名義中2番手/初期当選/下3桁提示可
プラベルへの移行可能です。
公演当日会場付近で開場時間30分前を目安に待ち合わせし、同時入場していただきます。
詳しい待...",True,2026-09
mq2rs2b18e,,kamigata-expo-park-fes-2026,2026-10-31,,[大阪府] 万博記念公園,electronic,female,3名義中3番手,m,5.0,,番手,2026-09-25 02:01:16,scrape_observed,2026-09-25 23:01:10,,,listing,2,28000,"3名義中3番手/初期当選のみ/Jr該当×Aぇのみ/すり替えなし/下3桁提示可/有効期限内名義/発送物戻りなし

当日は、会場付近で集合し同時入場いたします。
未...",True,2026-09
zc0ua8fma4,,kamigata-expo-park-fes-2026,2026-10-31,,[大阪府] 万博記念公園,electronic,female,同行,R,5.0,,番手,2026-09-25 02:01:16,scrape_observed,2026-09-25 23:01:10,,,listing,1,24000,初期当選/2名義中2番手/有効期限名義のみ/なにわ、EIGHT名義/すり替えなし/下3桁提示可能/発送物戻りあり名義(入場歴ありエラーなし)含むためお安くしてお...,True,2026-09
wjxg3eejls,,kamigata-expo-park-fes-2026,2026-10-31,,[大阪府] 万博記念公園,electronic,female,同時入場、2名義中2番手,あ,5.0,,番手同行,2026-09-25 02:01:16,scrape_observed,2026-09-25 23:01:10,,,listing,2,25000,"2名義中2番手

プラベル出品可

初期当選/有効期限名義のみ/なにわ×なにわ 2名義/下3桁提示可/返送物戻り無し

開場時間前の集合を考えております。
・入...",True,2026-09
yyurt707ss,,kamigata-expo-park-fes-2026,2026-11-01,,[大阪府] 万博記念公園,electronic,female,2名義中2番手,麻辣,5.0,,番手,2026-09-25 02:01:16,scrape_observed,2026-09-25 23:01:10,,,listing,2,29000,"2名義中2番手
名義・同行者共にAぇFC会員
当日当方の指定した場所時間に集合し、同時入場当方が選ばなかった方のチケットをお渡しいたします。集合時間や場所は前日...",True,2026-09
yakmn4cvhn,,kamigata-expo-park-fes-2026,2026-11-01,,[大阪府] 万博記念公園,electronic,female,公演前日ログイン情報共有,星,5.0,,QR,2026-09-25 02:01:16,scrape_observed,2026-09-25 23:01:10,,,listing,1,45000,"SUPER EIGHT名義／初期当選／QRごと／会員番号下3桁提示可／有効期限内／発送物戻りなし

※プラベルor特別出品にて再度出品いたしますので、お取引希望...",True,2026-09
o1qsdkb3tp,,kamigata-expo-park-fes-2026,2026-11-01,,[大阪府] 万博記念公園,electronic,female,公演日2日前にログイン情報共有,ᡣ𐭩,5.0,,QR,2026-09-25 02:01:16,scrape_observed,2026-09-25 23:01:10,,,listing,1,67000,"なにわ名義/初期当選/有効期限内/発送物戻り無/同一クレカ無し

公演前日に必要な情報等を連絡ボードにてお知らせ致します。同意チェックは購入者様ご自身でお願い致...",True,2026-09
mhfiywzv8a,,kamigata-expo-park-fes-2026,2026-11-01,,[大阪府] 万博記念公園,electronic,female,公演日前日までにログイン情報共有,ぴ,5.0,,QR,2026-09-25 02:01:16,scrape_observed,2026-09-25 23:01:10,,,listing,1,40000,"なにわ名義/条件なし/QRごと/すり替えなし会員番号下3桁開示可/初期当選/有効期限内/郵送物戻りなし

公演日の前日にログイン情報をお伝えします。

ログイン...",True,2026-09
n4qv5vfkzb,,kamigata-expo-park-fes-2026,2026-11-01,,[大阪府] 万博記念公園,electronic,none,3名義中3番手,で,5.0,,同行番手,2026-09-25 02:01:16,scrape_observed,2026-09-25 23:01:10,,,listing,1,25000,"3名義中3番手/全て単番/初期当選/ジュニア情報局先行 該当名義/変更ボタンあり/有効期限内/すり替えなし/下3桁提示可

8:30前集合可能な方のみご購入下さ...",True,2026-09
f7athol05i,,kamigata-expo-park-fes-2026,2026-11-01,,[大阪府] 万博記念公園,electronic,female,5名義中4番手,え,5.0,,同行番手,2026-09-25 02:01:16,scrape_observed,2026-09-25 23:01:10,,,listing,2,25000,"FC・情報局先行/有効期限内/5名義中4番手/すり替えなし/下3桁提示可

開場時間の8:30入場の可能性があります。
会場付近にて待ち合わせし同時入場していた...",True,2026-09
756dq4tjlc,,kamigata-expo-park-fes-2026,2026-11-01,,[大阪府] 万博記念公園,electronic,female,公演前日にログイン情報共有,14,5.0,,QR,2026-09-25 02:01:16,scrape_observed,2026-09-25 23:01:10,,,listing,2,35000,"WEST.名義//QRごと/すり替えなし会員番号下3桁開示可/初期当選/有効期限内

公演日の前日にログイン情報をお伝えします。

ログイン情報は他の方にお伝え...",True,2026-09
oht7s94nu4,,kamigata-expo-park-fes-2026,2026-11-01,,[大阪府] 万博記念公園,electronic,female,同行,あ,5.0,,番手,2026-09-25 02:01:16,scrape_observed,2026-09-25 23:01:10,,,listing,1,50000,"2名義中1番手（当方と同行のため大橋、真弓担不可）全てなにわ名義
購入希望の方、プラベ出品にするのでメッセージ下さい。プラベルでのお取引も可能。
全て初期当選/...",True,2026-09
yjlcnarv7d,,kamigata-expo-park-fes-2026,2026-11-01,,[大阪府] 万博記念公園,paper,female,当日手渡し,🌟,5.0,,番手,2026-09-25 02:01:16,scrape_observed,2026-09-25 23:01:10,,,listing,2,25555,"🌸 お値下げ可能なのでご希望額ご連絡ください🌸

ファンクラブ先行/初期当選/有効期限内/コンビニ決済済

2名義中2番手
（Aぇ✖️Aぇ、なにわ✖️なにわ...",True,2026-09
r3fa6kl6oi,,kamigata-expo-park-fes-2026,2026-11-01,,[大阪府] 万博記念公園,electronic,female,QRごと　重複　すり替えなし,みかん,5.0,,QR,2026-09-25 02:01:16,scrape_observed,2026-09-25 23:01:10,,,listing,1,30000,"なにわ男子名義
前日になりましたらログイン情報ご提示します。
買い手様で同意チェックして入場してください。
本人確認、ランダムエラー対応はできません。",True,2026-09
2hwvpqc0ql,,kamigata-expo-park-fes-2026,2026-11-01,,[大阪府] 万博記念公園,electronic,female,QR毎、前日にログイン情報共有,みい,5.0,,QR,2026-09-25 02:01:16,scrape_observed,2026-09-25 23:01:10,,,listing,2,32000,"なにわ男子名義 /QR毎/重複すり替えなし/下3桁提示可能/初期当選/有効期限内

ランダムエラーや本人確認、体調不良や出演者の変更等、いかなる場合であっても受...",True,2026-09
b5j1npycbl,,kamigata-expo-park-fes-2026,2026-11-01,,[大阪府] 万博記念公園,electronic,female,同行,ゆあ,5.0,,同行番手,2026-09-25 02:01:16,scrape_observed,2026-09-25 23:01:10,,,listing,2,28000,"初期当選/3名義中3番手/すり替え無し/下3桁提示可/有効期限内

★代表者・同行者共になにわ男子FCで登録済み
不備名義なし

※公式にて「TAKOYAKI...",True,2026-09
jfuhhbc9h1,,kamigata-expo-park-fes-2026,2026-11-01,,[大阪府] 万博記念公園,electronic,female,5名義中3番手,え,5.0,,番手,2026-09-25 02:01:16,scrape_observed,2026-09-25 23:01:10,,,listing,2,30000,"FC.情報局先行/有効期限内/5名義中3番手/すり替えなし/下3桁提示可

開場時間の8:30入場の可能性があります。
会場付近にて待ち合わせし同時入場していた...",True,2026-09
4dvf23r2tz,,kamigata-expo-park-fes-2026,2026-11-01,,[大阪府] 万博記念公園,electronic,female,当日待ち合わせの上ログイン,yu,5.0,,QR,2026-09-25 02:01:16,scrape_observed,2026-09-25 23:01:10,,,listing,2,25000,"ジュニア情報局 / QR毎 / 下3桁提示可 / 有効期限内

・公演当日待ち合わせの上買い手の端末でログイン致します。
・ランダムエラー、買い手理由のキャンセ...",True,2026-09
0g9c9cgzsh,,kamigata-expo-park-fes-2026,2026-11-01,,[大阪府] 万博記念公園,electronic,female,公演前日にログイン情報共有,h,5.0,,QR,2026-09-25 02:01:16,scrape_observed,2026-09-25 23:01:10,,,listing,2,40000,"QR毎/FC初期当選/有効期限内/下三桁提示可

QR毎でのお譲りとなります。
同行者の同意チェックはこちらでいたしますので、代表者分のみお願いいたします。...",True,2026-09
z3cg15gant,,kamigata-expo-park-fes-2026,2026-11-01,,[大阪府] 万博記念公園,electronic,female,公演前日QRコード共有,M,5.0,,QR,2026-09-25 02:01:16,scrape_observed,2026-09-25 23:01:10,,,listing,1,28900,"単番QR毎/エイト名義/下3桁提示可/初期当選/すり替え重複なし/有効期限内/郵便物戻りなし/着ブロ指定なし
ログイン情報は公演前日にお伝えします。
入場後は速...",True,2026-09
6ohgukyrs6,,kamigata-expo-park-fes-2026,2026-11-01,,[大阪府] 万博記念公園,electronic,female,公演日前日にQRコード共有,ysnr1128,5.0,,QR,2026-09-25 02:01:16,scrape_observed,2026-09-25 23:01:10,,,listing,2,29000,"Aぇ! group 名義　FC‪✕‬FC
ファンクラブ先行 座席未定 初期当選
QR毎　すり替えなし 購入後下3桁提示可能

※プライベート出品へ移行のため、承...",True,2026-09
iqdpspqp66,,kamigata-expo-park-fes-2026,2026-11-01,,[大阪府] 万博記念公園,electronic,female,公演日前日にログイン情報共有,a,5.0,,QR,2026-09-25 02:01:16,scrape_observed,2026-09-25 23:01:10,,,listing,2,35000,"WEST.名義/QR毎/下3桁提示可/初期当選/有効期限内/発送物戻りなし

※ご購入いただける場合はプライベート出品に切り替えます。メッセージにてご購入いただ...",True,2026-09
8ve1n1ifhs,,kamigata-expo-park-fes-2026,2026-11-01,,[大阪府] 万博記念公園,electronic,female,公演日前日までにQRコード共有,a,5.0,,QR,2026-09-25 02:01:16,scrape_observed,2026-09-25 23:01:10,,,listing,2,26000,"なにわ男子FC×なにわ男子FC/初期当選/QR毎/すり替えなし/有効期限内/エラー歴等なし/下3桁提示可/Pay-easy支払い

公演日前日に連絡ボードにてロ...",True,2026-09
vv33wct0nc,,kamigata-expo-park-fes-2026,2026-11-01,,[大阪府] 万博記念公園,electronic,female,2名義2番手,も,5.0,,番手,2026-09-25 02:01:16,scrape_observed,2026-09-25 23:01:10,,,listing,2,40000,"💓プラベル対応です💓
2名義2番手すり替えなし/下3桁提示🉑/有効期限内
当選歴お伝え不可❌
日本語のわかる日本人女性のみご購入ください。
お子様連れでの...",True,2026-09
eptbk8bpor,,kamigata-expo-park-fes-2026,2026-11-01,,[大阪府] 万博記念公園,electronic,female,公演前日にログイン情報共有,い,5.0,,QR,2026-09-25 02:01:16,scrape_observed,2026-09-25 23:01:10,,,listing,1,29000,"単番QR毎／なにわ男子初当選名義／下3桁提示可／ペイジー決済／発送物戻りなし

☆同意チェックは買い手様ご自身にお任せしております。

☆出演者変更やランダムエ...",True,2026-09
slh4qgu1wi,,kamigata-expo-park-fes-2026,2026-11-01,,[大阪府] 万博記念公園,electronic,female,前日にQRコード共有,Y,4.5,,QR,2026-09-25 02:01:16,scrape_observed,2026-09-25 23:01:10,,,listing,1,60000,"なにわ名義/初期当選/重複すり替えなし/有効期限内/下３桁開示可/発送物戻り無/過去エラー歴無

公演前日に必要な情報等を連絡ボードにてお知らせ致します。
公演...",True,2026-09
pk560cpksl,,kamigata-expo-park-fes-2026,2026-11-01,,[大阪府] 万博記念公園,electronic,female,公演日前日にログイン情報共有,ま,4.9,,QR,2026-09-25 02:01:16,scrape_observed,2026-09-25 23:01:10,,,listing,1,20000,"QRごと/該当名義/重複すり替え無し/下3桁提示可/有効期限内/WEST.名義

公演中止の際のみ規約に従い返金対応いたします。ランダムエラー、本人確認、体調不...",True,2026-09
66ac0yoxh7,,kamigata-expo-park-fes-2026,2026-11-01,,[大阪府] 万博記念公園,electronic,female,公演日前日にログイン情報共有,💖,5.0,,QR,2026-09-25 02:01:16,scrape_observed,2026-09-25 23:01:10,,,listing,2,38500,"QR毎/初期当選(Aぇ名義×Aぇ名義)/有効期限内/下3桁提示可/重複すり替えなし

公演日前日にログイン情報を連絡ボードにてお伝えいたします。
公演日当日入場...",True,2026-09
ydt1n4q8rf,,kamigata-expo-park-fes-2026,2026-11-01,,[大阪府] 万博記念公園,electronic,female,QR毎/公演日3日前にログイン情報共有,M,5.0,,QR,2026-09-25 02:01:16,scrape_observed,2026-09-25 23:01:10,,,listing,2,30000,"WESTꓸ名義/FC×FC/初期当選/QR毎/すり替えなし/有効期限内/エラー歴等なし/下3桁提示可/過去当選歴なし
公演日前日にログイン情報お伝えします。
当...",True,2026-09
xojbyzlmsg,,kamigata-expo-park-fes-2026,2026-11-01,,[大阪府] 万博記念公園,electronic,female,2名義中2番手,た,5.0,,番手,2026-09-25 02:01:16,scrape_observed,2026-09-25 23:01:10,,,listing,2,30000,"2名義中2番手⭐️プラベルにてお取引させて頂くため、ご購入希望の方はチケテンメッセージまでお願い致します。⭐️

FC先行 なにわ名義 座席未定
 2名義中2番...",True,2026-09
nwm37fjxjp,,kamigata-expo-park-fes-2026,2026-11-01,,[大阪府] 万博記念公園,electronic,male,公演日前日までにQRコード共有,k,5.0,,QR,2026-09-25 02:01:16,scrape_observed,2026-09-25 15:01:16,,,listing,2,22000,"QR毎/Aぇ! group×Aぇ! group名義/FC初期当選/有効期限内/下三桁提示可/当選歴なし

QR毎でのお譲りとなります。

前日にQR表示に必要な...",True,2026-09
nea8yiav42,,kamigata-expo-park-fes-2026,2026-11-01,,[大阪府] 万博記念公園,electronic,female,同行,そ。,5.0,,同行,2026-09-25 02:01:16,scrape_observed,2026-09-25 23:01:10,,,listing,1,34000,"当方の同行者枠/初期当選/すり替えなし/下3桁提示可/有効期限内/Aぇ×Aぇ名義

・入場後は速やかに受け取り通知をお願いいたします。
・座席に関するクレームは...",True,2026-09
bea0twk9dg,,kamigata-expo-park-fes-2026,2026-11-01,,[大阪府] 万博記念公園,electronic,none,3名義中2番手,で,5.0,,同行番手,2026-09-25 02:01:16,scrape_observed,2026-09-25 23:01:10,,,listing,1,30000,"3名義中2番手/全て単番/初期当選/ジュニア情報局先行 該当名義/変更ボタンあり/有効期限内/すり替えなし/下3桁提示可

8:30前集合可能な方のみご購入下さ...",True,2026-09
arfumbdr46,,kamigata-expo-park-fes-2026,2026-11-01,,[大阪府] 万博記念公園,electronic,female,公演日前日にQRコード共有,m,5.0,,QR,2026-09-25 02:01:16,scrape_observed,2026-09-25 23:01:10,,,listing,2,24000,"初期当選/WEST.名義/FC×FC/すり替えなし/QR毎/有効期限内/下3桁提示可

・公演前日に連絡ボードにてログイン情報をお伝えいたします。
・ご希望であ...",True,2026-09
ebizyapg0g,,kamigata-expo-park-fes-2026,2026-11-01,,[大阪府] 万博記念公園,electronic,female,同時入場又はQRごと,りりり,5.0,,番手QR,2026-09-25 02:01:16,scrape_observed,2026-09-25 23:01:10,,,listing,2,23000,"【2名義中2番手】／すり替えなし／有効期限内／下3桁提示可／エラー歴なし

公演当日は、こちらが指定する時間・場所に集合していただき、同時入場を予定しております...",True,2026-09
v6bisgo43x,,kamigata-expo-park-fes-2026,2026-11-01,,[大阪府] 万博記念公園,electronic,male,公演日1日前までにQRコード共有,M,5.0,,QR,2026-09-25 02:01:16,scrape_observed,2026-09-25 23:01:10,,,listing,1,32000,"ファンクラブ先行、座席未定　
QRごとのお譲り、有効期限内、すり替えなし、該当名義、下3桁提示可能
プラベルでの取引可能な方優先
公演1日前になりましたら、ログ...",True,2026-09
o78ojif0lw,,kamigata-expo-park-fes-2026,2026-11-01,,[大阪府] 万博記念公園,electronic,female,公演日前日にQRコード共有,kt,5.0,,QR,2026-09-25 02:01:16,scrape_observed,2026-09-25 23:01:10,,,listing,2,35000,"WEST.FC初期当選　同行者WEST.FC
プラベ出品にしますので購入ご希望の方はお伝えください
QR毎のお渡しとなります。
有効期限内名義、同一クレカ決済な...",True,2026-09
wlhtbfzflx,,kamigata-expo-park-fes-2026,2026-11-01,,[大阪府] 万博記念公園,electronic,female,同時入場又はQR,M,4.8,,番手QR,2026-09-25 02:01:16,scrape_observed,2026-09-25 23:01:10,,,listing,1,26000,"2名義中2番手(場合によってはQR毎) どちらも単番、Aぇ名義 
初期当選/すり替えなし/有効期限内/下3桁提示可

公演当日、会場付近で待ち合わせをし、同時入...",True,2026-09
9jsghnja75,,kamigata-expo-park-fes-2026,2026-11-01,,[大阪府] 万博記念公園,electronic,female,当日同時入場,ぴ,5.0,,QR番手,2026-09-25 02:01:16,scrape_observed,2026-09-25 23:01:10,,,listing,2,26000,"プライベート出品にするので購入前にコメントください。
2名義中2番手　2連
Aぇ名義とジュニア名義
下三桁提示可/すり替えなし/有効期限内
当日、指定した時間と...",True,2026-09
d05yksousm,,kamigata-expo-park-fes-2026,2026-11-01,,[大阪府] 万博記念公園,electronic,female,当日待ち合わせの上ログイン,yu,5.0,,QR,2026-09-25 02:01:16,scrape_observed,2026-09-25 23:01:10,,,listing,2,25000,"ジュニア情報局 / QR毎 / 下3桁提示可 / 有効期限内

・公演当日待ち合わせの上買い手の端末でログイン致します。
・入場しログアウト後 入場報告完了して...",True,2026-09
gargcuic0a,,kamigata-expo-park-fes-2026,2026-11-01,,[大阪府] 万博記念公園,electronic,female,公演日前日までにQRコード共有,あ,5.0,,QR,2026-09-25 02:01:16,scrape_observed,2026-09-25 23:01:10,,,listing,2,45000,"QR毎/Aぇ! group×Aぇ! group名義/FC初期当選/有効期限内/下三桁提示可/重複なし

QR毎でのお譲りとなります。

前日にQR表示に必要な情...",True,2026-09
59pmhbeimn,,kamigata-expo-park-fes-2026,2026-11-01,,[大阪府] 万博記念公園,electronic,female,公演日前日20時までにQRコード共有,ka,5.0,,QR,2026-09-25 02:01:16,scrape_observed,2026-09-25 23:01:10,,,listing,1,38000,"なにわ名義/初期当選/ QR毎 単番 /下3桁提示可/ 有効期限内 /クレカ決済

QR毎でのお譲りです。
公演前日までにログイン情報お伝えします。

当日ご入...",True,2026-09
6ad48kzxmr,,kamigata-expo-park-fes-2026,2026-11-01,,[大阪府] 万博記念公園,electronic,female,公演日3日前までにQRコード共有,ま,5.0,,QR,2026-09-25 02:01:16,scrape_observed,2026-09-25 23:01:10,,,listing,1,30000,なにわ男子有効会員名義 QR毎のお譲り 会員番号下3桁提示可能 初期当選  同一クレカ決済なし 発送物戻りなし 当日の入場チェックは購入者様でお願いします。 公...,True,2026-09
0mrri6nwr8,,kamigata-expo-park-fes-2026,2026-11-01,,[大阪府] 万博記念公園,electronic,female,公演日前日にログイン情報共有,🍒,5.0,,,2026-09-25 02:01:16,scrape_observed,2026-09-25 23:01:10,,,listing,2,30000,"初期当選/有効期限内/重複すり替えなし/下3桁提示可

公演日前日にログイン情報をお伝えいたします。
公演当日入場後は速やかにログアウトして頂き、必ず開演時間ま...",True,2026-09
9yfa9cfybv,,kamigata-expo-park-fes-2026,2026-11-01,,[大阪府] 万博記念公園,electronic,female,同行,はな,5.0,,同行,2026-09-25 02:01:16,scrape_observed,2026-09-25 23:01:10,,,listing,1,55000,"Aぇ! group×Aぇ! group名義/初期当選/すり替えなし/下3桁提示可 
・公演当日に、開場時間8:30以降の入場の可能性あります。 会場付近にて待ち...",True,2026-09
3fxzfy6d1q,,kamigata-expo-park-fes-2026,2026-11-01,,[大阪府] 万博記念公園,electronic,female,公演日1日前までにQRコード共有,ねね,5.0,,QR,2026-09-25 02:01:16,scrape_observed,2026-09-25 23:01:10,,,listing,1,24000,"なにわ名義/初期当選/有効期限内/発送物戻り無/同一クレカ無し/エラー歴無し

公演前日に必要な情報等を連絡ボードにてお知らせ致します。同意チェックは購入者様ご...",True,2026-09
orqgen3wyx,,kamigata-expo-park-fes-2026,2026-11-01,,[大阪府] 万博記念公園,electronic,female,公演前日にQR表示に必要な情報をお送りします。,ゆ,5.0,,QR,2026-09-25 02:01:16,scrape_observed,2026-09-25 23:01:10,,,listing,1,49000,"QR毎／Aぇ名義／初期当選／FC先行／座席未定／
重複すり替えなし／下3桁提示可能

【お渡し方法】
公演前日にログイン情報をお渡ししますので、ログインできるか...",True,2026-09
40eri76w23,,kamigata-expo-park-fes-2026,2026-11-01,,[大阪府] 万博記念公園,electronic,female,公演日2日前までにQRコード共有,ぴまる,5.0,,QR,2026-09-25 02:01:16,scrape_observed,2026-09-25 23:01:10,,,listing,2,28000,"座席未定｜WEST名義｜QRごとのお譲り｜初期当選｜すり替えなし｜有効期限内｜下2桁お伝え可能｜前回ツアー落選



公演中止の際のみ、送料手数料を引いた金額返...",True,2026-09
s8hy3qr6xs,,kamigata-expo-park-fes-2026,2026-11-01,,[大阪府] 万博記念公園,electronic,female,公演前日QRコード共有,M,5.0,,QR,2026-09-25 02:01:16,scrape_observed,2026-09-25 23:01:10,,,listing,1,29900,"QR毎/初期当選/下3桁提示可/すり替え重複なし/有効期限内/発送物戻りなし/着ブロ指定なし/SUPER EIGHT名義
前日にログイン情報をお伝えいたします。...",True,2026-09
f6bh1yvj4z,,kamigata-expo-park-fes-2026,2026-11-01,,[大阪府] 万博記念公園,electronic,female,前日までにログイン情報開示,❤︎,5.0,,QR,2026-09-25 02:01:16,scrape_observed,2026-09-25 23:01:10,,,listing,2,48000,"なにわ男子FC/QR毎/初期当選/下3桁提示可/有効期限内/発送物戻り・過去エラー無し

公演前日までにログイン情報お伝えします。
公演当日は入場後速やかにログ...",True,2026-09
zrovltlxvl,,kamigata-expo-park-fes-2026,2026-11-01,,[大阪府] 万博記念公園,electronic,female,公演日前日までにQRコード共有,s,5.0,,QR,2026-09-25 02:01:16,scrape_observed,2026-09-25 23:01:10,,,listing,2,35000,"QRごと/初期当選/前回ツアー落選×前回ツアー落選Aぇ名義/有効期限内/発送物戻り無/同一クレカ決済無し/下3桁提示可

公演前日に必要な情報等を連絡ボードにて...",True,2026-09
2b67vb8arn,,kamigata-expo-park-fes-2026,2026-11-01,,[大阪府] 万博記念公園,electronic,female,同行,小枝,5.0,,同行,2026-09-25 02:01:16,scrape_observed,2026-09-25 23:01:10,,,listing,2,25000,"なにわ男子名義/3名義中3番手/すり替えなし/下3桁提示可/初期当選名義含む/有効会員/

★当日の流れ★
会場10分前にこちらの指定した場所に集合し、その際に...",True,2026-09
nsw22frsba,,kamigata-expo-park-fes-2026,2026-11-01,,[大阪府] 万博記念公園,electronic,female,同行,ゆあ,5.0,,同行記載あり,2026-09-25 02:01:16,scrape_observed,2026-09-25 23:01:10,,,listing,2,37000,"初期当選/3名義中2番手/すり替え無し/下3桁提示可/有効期限内

★代表者・同行者共になにわ男子FCで登録済み
不備名義なし

※公式にて「TAKOYAKI...",True,2026-09
ex3i803sk5,,kamigata-expo-park-fes-2026,2026-11-01,,[大阪府] 万博記念公園,electronic,female,公演前日までにQRコード共有,guj,5.0,,QR,2026-09-25 02:01:16,scrape_observed,2026-09-25 10:01:13,,,listing,2,25000,"※プライベート出品に切り替えますので購入前にメッセージお願いいたします。


Aぇ名義/QR毎/初期当選/下3桁提示可能

公演前日までに必要なログイン情報等を...",True,2026-09
20nt7kjtk3,,kamigata-expo-park-fes-2026,2026-11-01,,[大阪府] 万博記念公園,electronic,female,同行,け,5.0,,同行,2026-09-25 02:01:16,scrape_observed,2026-09-25 23:01:10,,,listing,1,35000,"初期当選/2名義中2番手/有効期限名義のみ/Aぇ名義/すり替えなし/下3桁提示可能/発送物戻りなし
購入希望の方はプライベート出品にするのでコメントください。...",True,2026-09
9tl0wfbhys,,kamigata-expo-park-fes-2026,2026-11-01,,[大阪府] 万博記念公園,electronic,female,2名義中2番手,Gu,5.0,,番手,2026-09-25 02:01:16,scrape_observed,2026-09-25 23:01:10,,,listing,2,27000,"2名義中2番手 Aぇ名義 初当選
初期当選/すり替えなし/有効期限内/下3桁提示可
プラベルorプライベートチケットにて出品する為、購入希望の方はメッセージお願...",True,2026-09
jk7gvz6e86,,kamigata-expo-park-fes-2026,2026-11-01,,[大阪府] 万博記念公園,electronic,female,公演前日にログイン情報共有,a,5.0,,QR,2026-09-25 02:01:16,scrape_observed,2026-09-25 23:01:10,,,listing,1,21000,"なにわ男子名義 /QR毎/重複すり替えなし/下3桁提示可能/初期当選/有効期限内
公演前日にログイン情報共有します。
ランダムエラーや本人確認、体調不良や出演者...",True,2026-09
eg4vb2p5w7,,kamigata-expo-park-fes-2026,2026-11-01,,[大阪府] 万博記念公園,electronic,female,同行,Na,5.0,,同行番手,2026-09-25 02:01:16,scrape_observed,2026-09-25 23:01:10,,,listing,2,28000,"3名義中2番手/WEST名義/有効期限内/すり替えなし/下3桁提示可/初期当選

プラベルにてお取引したいので購入前にコメントお願いいたします。

同時入場し、...",True,2026-09
3h2haessqi,,kamigata-expo-park-fes-2026,2026-11-01,,[大阪府] 万博記念公園,electronic,female,公演前日までにQR共有,C,5.0,,QR,2026-09-25 02:01:16,scrape_observed,2026-09-25 23:01:10,,,listing,1,24000,"情報局該当名義/初期当選/すり替えなし/下3桁提示可能/過去エラー歴なし
QR毎のお譲りになります。公演前日正午までにログイン情報をお伝えいたします。
ランダム...",True,2026-09
q2hqqlssbo,,kamigata-expo-park-fes-2026,2026-11-01,,[大阪府] 万博記念公園,electronic,female,入金後24時間以内にQRコード共有,8,5.0,,ランダム記載あり,2026-09-25 02:01:16,scrape_observed,2026-09-25 23:01:10,,,listing,1,30000,"えいと名義/有効期限内/発送物戻り無/同一クレカ無し/エラー歴無し

公演前日に必要な情報等を連絡ボードにてお知らせします。同意チェックは購入者様ご自身でお願い...",True,2026-09
2gdpibnr7b,,kamigata-expo-park-fes-2026,2026-11-01,,[大阪府] 万博記念公園,electronic,female,同行,ari,5.0,,同行番手,2026-09-25 02:01:16,scrape_observed,2026-09-25 23:01:10,,,listing,1,35000,"2名義中1番手/初期当選/Aぇ名義/有効期限内/すり替えなし/下3桁提示可

プラベルでのお取引希望の方は移行させていただきますので、メッセージをお願いします。...",True,2026-09
yxmf178wwp,,kamiyama-tomohiro-1st-live-tour-2026-input-output,2026-10-01,18:00,Zepp Nagoya,electronic,female,同行,な,4.8,,QR番手,2026-09-25 02:01:16,scrape_observed,2026-09-25 23:01:10,,,listing,1,0,3名義中2番手（単番×2、連番×1）/FC先行/初期当選/有効期限内/ペイジーコンビニ決済/着ブロなし/発送物戻りや過去エラーなし/すり替えなし ご希望であれば...,True,2026-09
9fkc7loqc0,,kamiyama-tomohiro-1st-live-tour-2026-input-output,2026-10-01,18:00,Zepp Nagoya,electronic,female,同行,な,4.8,,QR番手,2026-09-25 02:01:16,scrape_observed,2026-09-25 23:01:10,,,listing,1,11000,3名義中3番手（単番×2、連番×1）/FC先行/初期当選/有効期限内/ペイジーコンビニ決済/着ブロなし/発送物戻りや過去エラーなし/すり替えなし ご希望であれば...,True,2026-09
nvjzxpq98v,,kamiyama-tomohiro-1st-live-tour-2026-input-output,2026-10-14,19:00,Zepp Namba (OSAKA),electronic,female,2名義中2番手,M,5.0,,QR番手,2026-09-25 02:01:16,scrape_observed,2026-09-25 23:01:10,,,listing,1,10500,"FC先行/初期当選/2名義中2番手/下3桁提示可
該当名義/有効期限内/着ブロ希望なし

公演当日、入場開始20〜30半前を目安に合流し、買い手様の端末でログイ...",True,2026-09
khqt5b0fek,,kamiyama-tomohiro-1st-live-tour-2026-input-output,2026-10-14,19:00,Zepp Namba (OSAKA),electronic,female,同行,な,4.8,,QR番手,2026-09-25 02:01:16,scrape_observed,2026-09-25 23:01:10,,,listing,1,12000,2名義中3番手（単番×1、連番×1）/FC先行/初期当選/有効期限内/ペイジーコンビニ決済/着ブロなし/発送物戻りや過去エラーなし/すり替えなし ご希望であれば...,True,2026-09
lu7adcuspi,,kamiyama-tomohiro-1st-live-tour-2026-input-output,2026-10-14,19:00,Zepp Namba (OSAKA),electronic,female,同行,な,4.8,,QR番手,2026-09-25 02:01:16,scrape_observed,2026-09-25 23:01:10,,,listing,1,15000,2名義中2番手（単番×1、連番×1）/FC先行/初期当選/有効期限内/ペイジーコンビニ決済/着ブロなし/発送物戻りや過去エラーなし/すり替えなし ご希望であれば...,True,2026-09
78n4daka1l,,kamiyama-tomohiro-1st-live-tour-2026-input-output,2026-10-14,19:00,Zepp Namba (OSAKA),electronic,female,会場近くで待ち合わせ端末を借りて入場,さぁちゃん,5.0,,番手,2026-09-25 02:01:16,scrape_observed,2026-09-25 23:01:10,,,listing,1,10500,"3名義中3番手
着席指定なし",True,2026-09
c55vciq3j4,,kamiyama-tomohiro-1st-live-tour-2026-input-output,2026-10-14,19:00,Zepp Namba (OSAKA),electronic,female,当日現地にて買い手様端末にてログイン,A🍒,5.0,,番手,2026-09-25 02:01:16,scrape_observed,2026-09-25 23:01:10,,,listing,2,15000,"2名義中2番手/FC先行/初期当選/該当名義/着ブロ選択無し
公演当日、現地で入場時間20分前頃に合流し、買い手様の端末にて当方2番手名義にログイン。ご自身の端...",True,2026-09
tw1pz1h55l,,kamiyama-tomohiro-1st-live-tour-2026-input-output,2026-10-14,19:00,Zepp Namba (OSAKA),electronic,female,公演日1日前にログイン情報お知らせします。,YU,5.0,,QR,2026-09-25 02:01:16,scrape_observed,2026-09-25 23:01:10,,,listing,1,15000,,True,2026-09
amx1667uxk,,kamiyama-tomohiro-1st-live-tour-2026-input-output,2026-10-14,19:00,Zepp Namba (OSAKA),electronic,female,当日会員情報共有,mi,5.0,,,2026-09-25 02:01:16,scrape_observed,2026-09-25 23:01:10,,,listing,1,50000,"6名義中2番手/下3桁提示可
当日待ち合わせ後に、端末をお借りしてログインさせていただきます。
公演中止の場合のみ、手数料引いた金額を返金いたします。
※プラベ...",True,2026-09
nyv9m9d3l2,,kamiyama-tomohiro-1st-live-tour-2026-input-output,2026-10-15,13:00,Zepp Namba (OSAKA),electronic,female,3名義中3番手 2連中の1枚 QR毎,ゆ,5.0,,ランダム記載あり,2026-09-25 02:01:16,scrape_observed,2026-09-25 23:01:10,,,listing,1,9000,"FC先行 初期当選　座席未定3名義中3番手 2連中の1枚
着ブロ希望なし　有効期限内名義　ペイジー決済　下3桁提示可
開場時間の30分前に会場付近で待ち合わせし...",True,2026-09
iybmooco6c,,kamiyama-tomohiro-1st-live-tour-2026-input-output,2026-10-15,13:00,Zepp Namba (OSAKA),electronic,female,集合して頂き端末をお借りして入場して頂きます,さぁちゃん,5.0,,,2026-09-25 02:01:16,scrape_observed,2026-09-25 23:01:10,,,listing,1,11000,"4番手
単番
着ブロ選択なし",True,2026-09
mbjfkymz5s,,kamiyama-tomohiro-1st-live-tour-2026-input-output,2026-10-15,13:00,Zepp Namba (OSAKA),electronic,female,当日合流後ログイン,ぷー,5.0,,QR,2026-09-25 02:01:16,scrape_observed,2026-09-25 23:01:10,,,listing,1,9000,"FC先行/初期当選/着ブロ希望なし/神山名義（変更ボタンあり）/Pay-easy決済

公演当日、開場15〜30分前に会場付近にてお待ち合わせし、合流後買い手様...",True,2026-09
a2k51kygy8,,kamiyama-tomohiro-1st-live-tour-2026-input-output,2026-10-15,18:00,Zepp Namba (OSAKA),electronic,female,公演日前日にログイン情報共有,❤︎,5.0,,QR,2026-09-25 02:01:16,scrape_observed,2026-09-25 23:01:10,,,listing,1,0,"WEST.FC初期当選　　該当名義(変更ボタン有)　QR毎お譲り致します　

・ご入金後24時間以内に下3桁提示(すり替えなし)
・過去ランダムエラーなし
・有...",True,2026-09
8stg5enuct,,kamiyama-tomohiro-1st-live-tour-2026-input-output,2026-10-15,18:00,Zepp Namba (OSAKA),electronic,female,公演当日QRコード共有,sa,5.0,,番手QR同行,2026-09-25 02:01:16,scrape_observed,2026-09-25 23:01:10,,,listing,1,9990,"WEST.FC神山名義/3名義中2番手(2連中1枚)/すり替えなし下3桁提示可/初期当選/有効期限内/スタンディング
当方が選択しなかった残り2名義から、お好き...",True,2026-09
45okdw5msq,,kamiyama-tomohiro-1st-live-tour-2026-input-output,2026-10-15,18:00,Zepp Namba (OSAKA),electronic,female,公演前日にログイン情報共有,コップ,5.0,,QR,2026-09-25 02:01:16,scrape_observed,2026-09-25 23:01:10,,,listing,1,44000,"2024年のアリーナツアー以降落選名義です。
仕事が入ってしまったため代わりにたのしんでいただける方へお譲りいたします。

公演中止以外のいかなる場合においても...",True,2026-09
d1g2amojv9,,kamiyama-tomohiro-1st-live-tour-2026-input-output,2026-10-15,18:00,Zepp Namba (OSAKA),electronic,female,4名義中3番手/当日買い手端末にてログイン,M,5.0,,番手QR,2026-09-25 02:01:16,scrape_observed,2026-09-25 23:01:10,,,listing,1,12000,"FC先行/初期当選/4名義中3番手/下3桁提示可
該当名義/有効期限内/着ブロ希望なし

公演当日、入場開始20〜30半前を目安に合流し、買い手様の端末でログイ...",True,2026-09
g57ex941q5,,kamiyama-tomohiro-1st-live-tour-2026-input-output,2026-10-15,18:00,Zepp Namba (OSAKA),electronic,female,4名義中4番手/当日買い手端末にてログイン,M,5.0,,QR番手,2026-09-25 02:01:16,scrape_observed,2026-09-25 23:01:10,,,listing,1,8000,"FC先行/初期当選/4名義中4番手/下3桁提示可
該当名義/有効期限内/着ブロ希望なし

公演当日、入場開始20〜30半前を目安に合流し、買い手様の端末でログイ...",True,2026-09
odepvpwifd,,kamiyama-tomohiro-1st-live-tour-2026-input-output,2026-10-15,18:00,Zepp Namba (OSAKA),electronic,female,4名義中2番手/前日ログイン情報共有,M,5.0,,QR番手,2026-09-25 02:01:16,scrape_observed,2026-09-25 23:01:10,,,listing,1,30000,"FC先行/初期当選/4名義中2番手/下3桁提示可
該当名義/有効期限内/着ブロ希望なし

公演前日に当方が選ばなかった名義から2番手の名義をお選びいただき、ログ...",True,2026-09
xunebvmy7v,,kamiyama-tomohiro-1st-live-tour-2026-input-output,2026-10-15,18:00,Zepp Namba (OSAKA),electronic,female,当日合流後ログイン,ぷー,5.0,,QR,2026-09-25 02:01:16,scrape_observed,2026-09-25 23:01:10,,,listing,1,8000,"FC先行/初期当選/着ブロ希望なし/神山名義（変更ボタンあり）/Pay-easy決済

公演当日、開場15〜30分前に会場付近にてお待ち合わせし、合流後買い手様...",True,2026-09
ce0meuqg61,,rocknroll-stage-2026,2026-11-07,13:00,兵庫県立芸術文化センター 阪急 中ホール,paper,female,公演日7日前までに郵送,みーすけ,5.0,,,2026-09-25 02:01:16,scrape_observed,2026-09-25 23:01:10,,,listing,1,0,"発券開始前のためS席　座席未定です。
都内にて手渡しも可能です。ご相談ください。",True,2026-09
p1qqa2cjqn,,rocknroll-stage-2026,2026-11-07,18:00,兵庫県立芸術文化センター 阪急 中ホール,paper,female,公演日7日前までに郵送,め,5.0,,,2026-09-25 02:01:16,scrape_observed,2026-09-25 23:01:10,,,listing,1,30000,"出演者FC当選(WEST.ではありません)
座席未定/重複すり替えなし

2連のうちの1枚ですので、
発券後にレターパックプラスにて郵送いたします。(発券開始1...",True,2026-09
fawkrvasfi,,rocknroll-stage-2026,2026-11-17,18:00,東京建物 ぴあ シアター,paper,female,当日手渡し,666,5.0,,,2026-09-25 02:01:16,scrape_observed,2026-09-25 23:01:10,,,listing,1,20000,"・WEST.FC先行
・日本語に不自由ない方
・時間厳守

同時入場後、半券を回収ささせていただきます。
当日待ち合わせ時間に10分以上遅刻された場合、入場いた...",True,2026-09
l9hw0dyp8c,,rocknroll-stage-2026,2026-11-20,13:00,東京建物 ぴあ シアター,paper,female,公演日7日前までに郵送,ちくわ,5.0,,,2026-09-25 02:01:16,scrape_observed,2026-09-25 23:01:10,,,listing,1,0,"WEST.FC枠

座席に対するクレーム及び公演中止以外返金には対応いたしません。",True,2026-09
huha5p5yyu,,rocknroll-stage-2026,2026-11-25,18:00,東京建物 ぴあ シアター,paper,female,当日手渡し,N,5.0,,同行,2026-09-25 02:01:16,scrape_observed,2026-09-25 23:01:10,,,listing,1,85000,"FC先行/小瀧名義/下3桁提示可能/

公演中止以外返金不可

名古屋事前手渡し、当日手渡し、郵送可能",True,2026-09
rjhsw4wxex,,rocknroll-stage-2026,2026-11-26,13:00,東京建物 ぴあ シアター,paper,female,公演日7日前までに郵送,瀧,5.0,,,2026-09-25 02:01:16,scrape_observed,2026-09-25 23:01:10,,,listing,1,16500,"チケット代未払いです。
チケットの13300円もお支払いいただきます。ご了承ください。　
小瀧名義、ファンクラブ先行",True,2026-09
tmvou9ood8,,rocknroll-stage-2026,2026-12-01,13:00,東京建物 ぴあ シアター,paper,female,公演日7日前までに郵送,y☆,5.0,,ランダム,2026-09-25 02:01:16,scrape_observed,2026-09-25 23:01:10,,,listing,1,0,"FC枠当選 /該当名義 /コンビニ決済/座席未定/購入後のみ下3桁提示可能

当日会場付近にて手渡しまたは追跡付き郵送になりますので購入後にご指定ください。...",True,2026-09
c3su3i7txk,,rocknroll-stage-2026,2026-12-01,13:00,東京建物 ぴあ シアター,paper,female,公演日7日前までに郵送,y☆,5.0,,ランダム,2026-09-25 02:01:16,scrape_observed,2026-09-25 23:01:10,,,listing,1,0,"FC枠当選 /該当名義 /コンビニ決済/座席未定/購入後のみ下3桁提示可能

当日会場付近にて手渡しまたは追跡付き郵送になりますので購入後にご指定ください。...",True,2026-09
xsgq3mriry,,rocknroll-stage-2026,2026-12-01,13:00,東京建物 ぴあ シアター,paper,female,公演日7日前までに郵送,y☆,5.0,,ランダム,2026-09-25 02:01:16,scrape_observed,2026-09-25 23:01:10,,,listing,1,0,"FC枠当選 /該当名義 /コンビニ決済/座席未定/購入後のみ下3桁提示可能

当日会場付近にて手渡しまたは追跡付き郵送になりますので購入後にご指定ください。...",True,2026-09
2frgahgvlg,,rocknroll-stage-2026,2026-12-01,13:00,東京建物 ぴあ シアター,paper,female,公演日7日前までに郵送,y☆,5.0,,ランダム,2026-09-25 02:01:16,scrape_observed,2026-09-25 23:01:10,,,listing,1,0,"FC枠当選 /該当名義 /コンビニ決済/座席未定/購入後のみ下3桁提示可能

当日会場付近にて手渡しまたは追跡付き郵送になりますので購入後にご指定ください。...",True,2026-09
hxnitkqz0z,,rocknroll-stage-2026,2026-12-05,18:00,東京建物 ぴあ シアター,paper,female,手元に届き次第に郵送,ララ,5.0,,,2026-09-25 02:01:16,scrape_observed,2026-09-25 23:01:10,,,listing,2,30000,"FC当選 小瀧x小瀧名義 座席未定
プラベルorプライベート出品に切り替えてのお取引となります。
必ず事前にコメントください。
ご希望でしたら下3桁提示可能。...",True,2026-09
ti4kpidykt,,rocknroll-stage-2026,2026-12-05,18:00,東京建物 ぴあ シアター,paper,female,発券が可能になり次第、発送いたします。,s,4.4,,,2026-09-25 02:01:16,scrape_observed,2026-09-25 23:01:10,,,listing,1,25000,S席 ぴあ先行、重複なし,True,2026-09
aputjno8dp,,rocknroll-stage-2026,2026-12-06,13:00,東京建物 ぴあ シアター,paper,female,発券後郵送or当日手渡し（要相談）,おこめ,5.0,,番手,2026-09-25 02:01:16,scrape_observed,2026-09-25 23:01:10,,,listing,1,0,"WEST.FC該当名義×1枚,
アミューズ プレミアムコース入会×1枚
上記の2名義中2番手です。
金額ご提示ください。",True,2026-09
1ht4a5qiej,,kamigata-expo-park-fes-2026,2026-10-31,,[大阪府] 万博記念公園,electronic,female,同行,a,5.0,,番手,2026-09-25 11:01:14,scrape_observed,2026-09-25 23:01:10,,,listing,1,21000,"2名義中2番手(単番×2)
有効期限内/下3桁提示可
公演中止以外の如何なる理由（ランダムエラー、交通機関の遅延、体調不良等）でのキャンセルや返金は致しかねます...",True,2026-09
v9jrxsz5x9,,kamigata-expo-park-fes-2026,2026-11-01,,[大阪府] 万博記念公園,electronic,female,同行,a,5.0,,番手,2026-09-25 11:01:14,scrape_observed,2026-09-25 23:01:10,,,listing,1,22000,"2名義中2番手(単番×2)
有効期限内/下3桁提示可
公演中止以外の如何なる理由（ランダムエラー、交通機関の遅延、体調不良等）でのキャンセルや返金は致しかねます...",True,2026-09
au1w1p9h3y,,kamiyama-tomohiro-1st-live-tour-2026-input-output,2026-10-01,18:00,Zepp Nagoya,electronic,female,当日QRコード共有,み,5.0,,QR,2026-09-25 12:01:18,scrape_observed,2026-09-25 23:01:10,,,listing,1,9800,,True,2026-09
3nuvopvv84,,kamiyama-tomohiro-1st-live-tour-2026-input-output,2026-10-01,18:00,Zepp Nagoya,electronic,female,当日合流後ログイン,ぷー,5.0,,ランダム記載あり,2026-09-25 23:01:10,scrape_observed,2026-09-25 23:01:10,,,listing,1,10500,"FC先行/初期当選/着ブロ希望なし/神山名義（変更ボタンあり）/Pay-easy決済
公演当日、開場15〜30分前に会場付近にてお待ち合わせし、合流後買い手様の端末をお借りしてログイン操作させて頂きます。その後はご自身でご入場ください。
受取通知はログイン操作後にお願いいたします。
詳しい待ち合わせ時間と場所等は前日までにお伝えいたします。
スムーズに受け渡しを行いたいため、電話番号をお伺いしております。公演日当日までにお伝えください。
主催者からの公演中止の場合のみ手数料を差し引いた金額を返金いたします。
それ以外のランダムエラーや本人確認による入場不可、公共機関の遅延や体調不良等買い手様都合によるキャンセルはお受けできません、受取して頂きますのでご了承ください。
トラブル防止の為、代理購入不可。
成人済み日本人女性の方のみご購入ください。
ご購入頂いた時点で記載事項全てに同意して頂けたものとみなします。",True,2026-09
