ticket_id,created_at_unix,event_id,perf_date,perf_time,venue,ticket_type,name_type,delivery_method,seller_name,seller_rating,order_num,ticket_tags,first_observed_at,first_observed_source,last_observed_at,sold_at,sold_at_source,status,quantity,price,raw_description,details_fetched,canonical_ticket_id,identity_first_observed_at,observation_state,state_checked_at,absence_first_observed_at,status_source,is_price_on_request,price_source,public_ticket_status,api_description,description_source,description_checked_at,description_is_full,content_checked_at,public_event_id,seat_type
sold_kamigata-expo-park-fes-2026_1787322088727_50000,1787322088727,kamigata-expo-park-fes-2026,2026-10-31,,[大阪府] 万博記念公園,electronic,female,公演日前日にログイン情報共有,,,,,2026-08-21 14:21:28,,2026-09-04 18:01:17,2026-08-27 07:17:28,,sold,1,50000,"初期当選、有効期限内、下3桁提示可、重複すり替えなし

公演日前日にログイン情報を連絡ボードにてお伝え致します。公演日当日入場後は速やかにログアウトして頂き、必...",False,,,,,,,,,,,,,,,,
sold_kamigata-expo-park-fes-2026_1787365935406_19500,1787365935406,kamigata-expo-park-fes-2026,2026-10-31,,[大阪府] 万博記念公園,electronic,female,同行,,,,,2026-08-22 02:32:15,,2026-09-04 18:01:17,2026-08-27 07:17:28,,sold,1,19500,"FC先行/有効期限内/すり替えなしのランダム配布

・8:30〜11:00の間でどの時間帯でも待ち合わせできる方でお願いします。時間厳守となります、遅刻された場...",False,,,,,,,,,,,,,,,,
sold_kamigata-expo-park-fes-2026_1787327701489_30000,1787327701489,kamigata-expo-park-fes-2026,2026-10-31,,[大阪府] 万博記念公園,electronic,female,公演2〜3日前にQRコード共有,,,,,2026-08-21 15:55:01,,2026-09-04 18:01:17,2026-08-27 07:17:28,,sold,1,30000,"Ａぇ名義/座席未定/単番QR/有効期限内/重複すり替えなし/下3桁提示可能/初期当選

・2～3日前に連絡ボードにて必要な情報をお伝えいたします。
・入場後、速...",False,,,,,,,,,,,,,,,,
sold_kamigata-expo-park-fes-2026_1787652357621_10000,1787652357621,kamigata-expo-park-fes-2026,2026-10-31,,[大阪府] 万博記念公園,electronic,female,公演日前日までにQRコード共有,,,,,2026-08-25 10:05:57,,2026-09-04 18:01:17,2026-08-27 07:17:28,,sold,1,10000,"8/2523:59までに定価手数料のお支払いをお願いいたします。

AぇFC/QR毎/初期当選/下3桁提示可/有効期限内/発送物戻り・過去エラーなし/重複すり替...",False,,,,,,,,,,,,,,,,
87auynq0fw,1787306120547,kamigata-expo-park-fes-2026,2026-10-31,,[大阪府] 万博記念公園,electronic,female,ログイン情報をお伝えします,あ,5.0,,QR,2026-08-21 09:55:20,,2026-08-27 12:01:08,,,deleted,1,25000,"なにわ男子名義/初期当選/有効期限内会員/QRでのお譲り/すり替えなし/下3桁提示可能
【プライベート出品に変更いたしますので、購入希望の方はメッセージをお願いします】
公演前日にログイン情報を送付します。
入場後は速やかにログアウトください。
公演中止の場合のみ手数料を差し引いて返金いたします。
体調不良、本人確認、ランダムエラーなどのいかなる場合も返金は致しませんので、ご了承下さい。
代理購入はおやめ頂き、日本語の通じる成人女性のみとさせて頂きます。",True,,,,,,,,,,,,,,,,
sold_kamigata-expo-park-fes-2026_1787324944775_20000,1787324944775,kamigata-expo-park-fes-2026,2026-10-31,,[大阪府] 万博記念公園,electronic,female,同行,,,,,2026-08-21 15:09:04,,2026-09-04 18:01:17,2026-08-27 07:17:28,,sold,1,20000,"FC先行/有効期限内/すり替えなしのランダム配布

・8:30〜11:00の間でどの時間帯でも待ち合わせできる方でお願いします。時間厳守となります、遅刻された場...",False,,,,,,,,,,,,,,,,
sold_kamigata-expo-park-fes-2026_1787303038934_38000,1787303038934,kamigata-expo-park-fes-2026,2026-10-31,,[大阪府] 万博記念公園,electronic,female,公演日7日前までにQRコード共有,,,,,2026-08-21 09:03:58,,2026-09-04 18:01:17,2026-08-27 07:17:28,,sold,1,38000,"なにわ名義/有効期限内/初期当選/QR毎/返送物等戻り無し/下3桁提示可能

公演7日前にログイン情報をお伝え致します。
公演中止時のみ手数料除く全額返金致しま...",False,,,,,,,,,,,,,,,,
sold_kamigata-expo-park-fes-2026_1787314532589_40000,1787314532589,kamigata-expo-park-fes-2026,2026-10-31,,[大阪府] 万博記念公園,electronic,female,公演日2日前までにQRコード共有,,,,,2026-08-21 12:15:32,,2026-09-04 18:01:17,2026-08-27 07:17:28,,sold,2,40000,"WESTFC枠
該当名義(変更ボタンあり)初期当選 有効期限内会員 過去エラー等の不備なし
QRでのお譲り すり替えなし 下3桁提示可能

公演2日前までにログ...",False,,,,,,,,,,,,,,,,
sold_kamigata-expo-park-fes-2026_1787305801914_30000,1787305801914,kamigata-expo-park-fes-2026,2026-10-31,,[大阪府] 万博記念公園,electronic,female,同行,,,,,2026-08-21 09:50:01,,2026-09-04 18:01:17,2026-08-27 07:17:28,,sold,2,30000,"初期当選/5名義中3番手/有効期限名義のみ/なにわ4名義・Aぇ1名義/すり替えなし/下3桁提示可能

・入場後はチケットを一旦回収し、当方が座席選択後に残りの3...",False,,,,,,,,,,,,,,,,
sold_kamigata-expo-park-fes-2026_1787302742482_29000,1787302742482,kamigata-expo-park-fes-2026,2026-10-31,,[大阪府] 万博記念公園,electronic,female,公演日7日前までにQRコード共有,,,,,2026-08-21 08:59:02,,2026-09-04 18:01:17,2026-08-27 07:17:28,,sold,1,29000,"なにわ男子名義/初期当選/有効期限内会員/
QRでのお譲り/すり替えなし/ 下3桁提示可能

公演前日までにログイン情報を送付します。

公演中止の場合は返金し...",False,,,,,,,,,,,,,,,,
sold_kamigata-expo-park-fes-2026_1787293296201_35000,1787293296201,kamigata-expo-park-fes-2026,2026-10-31,,[大阪府] 万博記念公園,electronic,female,公演日1日前までにQRコード共有,,,,,2026-08-21 06:21:36,,2026-09-04 18:01:17,2026-08-27 07:17:28,,sold,1,35000,"FC先行／Aぇ名義／初期当選／下3桁提示可／重複すり替えなし

前日までにログイン情報をお伝えさせていただきます。
入場後は速やかにログアウトください。
本確対...",False,,,,,,,,,,,,,,,,
sold_kamigata-expo-park-fes-2026_1787313391189_45000,1787313391189,kamigata-expo-park-fes-2026,2026-10-31,,[大阪府] 万博記念公園,electronic,female,公演日2日前までにQRコード共有,,,,,2026-08-21 11:56:31,,2026-09-04 18:01:17,2026-08-27 07:17:28,,sold,2,45000,"WESTFC枠
該当名義(変更ボタンあり)初期当選 有効期限内会員 過去エラー等の不備なし
QRでのお譲り すり替えなし 下3桁提示可能

公演2日前までにログ...",False,,,,,,,,,,,,,,,,
sold_kamigata-expo-park-fes-2026_1787460395698_33000,1787460395698,kamigata-expo-park-fes-2026,2026-10-31,,[大阪府] 万博記念公園,electronic,female,QR毎(公演前日までにログイン情報共有),,,,,2026-08-23 04:46:35,,2026-09-04 18:01:17,2026-08-27 07:17:28,,sold,2,33000,"QR毎のお譲り
なにわ×なにわ名義 / 下3桁提示可能 / 有効期限内/プラベル可能

前日までにログイン情報をお伝えさせていただきます。
入場後は速やかにログ...",False,,,,,,,,,,,,,,,,
sold_kamigata-expo-park-fes-2026_1787296026790_35000,1787296026790,kamigata-expo-park-fes-2026,2026-10-31,,[大阪府] 万博記念公園,electronic,female,公演日前日までにログイン情報をお伝えします,,,,,2026-08-21 07:07:06,,2026-09-04 18:01:17,2026-08-27 07:17:28,,sold,2,35000,重複なしQR毎2連/初期当選/有効名義/Aぇ名義×Aぇ名義/下3桁提示可/未成年、日本語の通じない方のご購入はお控えください。公演中止以外の如何なる場合もご返金...,False,,,,,,,,,,,,,,,,
sold_kamigata-expo-park-fes-2026_1787344085665_33000,1787344085665,kamigata-expo-park-fes-2026,2026-10-31,,[大阪府] 万博記念公園,electronic,female,前日までにQR共有,,,,,2026-08-21 20:28:05,,2026-09-04 18:01:17,2026-08-27 07:17:28,,sold,2,33000,"なにわ名義/初期当選/下3桁提示可/QR毎/すり替えなし/重複なし
公演前日に連絡ボードにてログイン情報をお伝えします。
当日チェックはご自身でお願いいたします...",False,,,,,,,,,,,,,,,,
sold_kamigata-expo-park-fes-2026_1787296755960_52000,1787296755960,kamigata-expo-park-fes-2026,2026-10-31,,[大阪府] 万博記念公園,electronic,female,公演日7日前までにQRコード共有,,,,,2026-08-21 07:19:15,,2026-09-04 18:01:17,2026-08-27 07:17:28,,sold,2,52000,お値下げ🉑Aぇ名義/QR毎/重複すり替えなし/初期当選/該当名義/有効期間内/変更ボタンあり/下３桁提示/公演前日までに連絡ボードにてログイン情報をお伝え致し...,False,,,,,,,,,,,,,,,,
sold_kamigata-expo-park-fes-2026_1787313324597_40000,1787313324597,kamigata-expo-park-fes-2026,2026-10-31,,[大阪府] 万博記念公園,electronic,female,公演日前日にQRコード共有,,,,,2026-08-21 11:55:24,,2026-09-04 18:01:17,2026-08-27 07:17:28,,sold,2,40000,"QRごと/初期当選/前回ツアー落選名義/有効期限内/発送物戻り無/同一クレカ決済無し/下3桁提示可

公演前日に必要な情報等を連絡ボードにてお知らせ致します。代...",False,,,,,,,,,,,,,,,,
kqrme6b9gv,1787586238055,kamigata-expo-park-fes-2026,2026-10-31,,[大阪府] 万博記念公園,paper,female,同時入場,K⭐️,5.0,,番手,2026-08-24 15:43:58,,2026-08-27 12:01:08,,,deleted,1,22000,"4名義中3番手
なにわ名義(単番✖️2、２連✖️1)
(女性名義✖️2、男性名義✖️1)
・ドームスタンド上段✖️2
・アルファスタンド✖️1
初期当選/有効期限内/すり替えなし/下3桁提示可能/サイチェン可
＊公演中止以外の返金、キャンセル
（ランダムエラー、交通機関の遅延、演者の変更等）の対応はいたしかねますので、ご了承ください。　公演中止の場合は定価分のみ返金致します。
＊指定ブロックや整番に関するクレームはお受けすることできません。お取引成立後のキャンセルされる場合は、受け取り評価していただきます。
＊こちらの名義全て過去トラブルなしの名義となりますので、ランダムエラーで万が一入場できない場合も受け取り評価をしていただきます。返金不可。
＊当日入場後は一度チケットをお預かりします。こちらが整番確認後にチケットを順に選んでいただきます。その際に受取評価お願い致します。
＊お渡し後はサイチェンしていただいて構いません。(慣れている方のみ。うまくしてください。)
＊入場時身分証をお預かりさせていただく場合がございます。チケットと引き換えに返却いたします。ご了承ください。
＊日本語のわかる女性のみお取引よろしくお願いいまします。
＊ご購入が決まればプラベルに変更致します",True,,,,,,,,,,,,,,,,
sold_kamigata-expo-park-fes-2026_1787303928286_35000,1787303928286,kamigata-expo-park-fes-2026,2026-10-31,,[大阪府] 万博記念公園,electronic,female,同行,,,,,2026-08-21 09:18:48,,2026-09-04 18:01:17,2026-08-27 07:17:28,,sold,2,35000,"初期当選/5名義中2番手/有効期限名義のみ/なにわ4名義・Aぇ1名義/すり替えなし/下3桁提示可能

・入場後はチケットを一旦回収し、当方が座席選択後に残りの4...",False,,,,,,,,,,,,,,,,
sold_kamigata-expo-park-fes-2026_1787303195526_30000,1787303195526,kamigata-expo-park-fes-2026,2026-10-31,,[大阪府] 万博記念公園,electronic,female,同行,,,,,2026-08-21 09:06:35,,2026-09-04 18:01:17,2026-08-27 07:17:28,,sold,2,30000,"初期当選/5名義中4番手/有効期限名義のみ/なにわ4名義・Aぇ1名義/すり替えなし/下3桁提示可能

・入場後はチケットを一旦回収し、当方の座席選択後上位番手の...",False,,,,,,,,,,,,,,,,
sold_kamigata-expo-park-fes-2026_1787577672796_23000,1787577672796,kamigata-expo-park-fes-2026,2026-10-31,,[大阪府] 万博記念公園,electronic,female,公演日前日までにQRコード共有,,,,,2026-08-24 13:21:12,,2026-09-04 18:01:17,2026-08-27 07:17:28,,sold,1,23000,"
・QR毎 単番
・初期当選 有効期限内 下3桁提示可
・郵送物戻りなし 
・過去エラーなし
・公演前日にログイン情報をお伝えします
・体調不良 / 交通機関の...",False,,,,,,,,,,,,,,,,
sold_kamigata-expo-park-fes-2026_1787299667837_32000,1787299667837,kamigata-expo-park-fes-2026,2026-10-31,,[大阪府] 万博記念公園,electronic,female,公演前日にログイン情報お伝えします。,,,,,2026-08-21 08:07:47,,2026-09-04 18:01:17,2026-08-27 07:17:28,,sold,2,32000,"なにわ名義/QR毎/初期選有効期限/内会員過去エラー等の不備なし/下3桁提示可能/公演前日にログイン情報を送付します。
公演中止の場合は返金します。その他当日の...",False,,,,,,,,,,,,,,,,
vvczx4tz3u,1787315874367,kamigata-expo-park-fes-2026,2026-10-31,,[大阪府] 万博記念公園,electronic,female,ログイン情報をお伝えします,あ,5.0,,QR,2026-08-21 12:37:54,,2026-08-27 12:01:08,,,deleted,1,27000,"なにわ男子名義/初期当選/有効期限内会員/QRでのお譲り/すり替えなし/下3桁提示可能
【プライベート出品に変更いたしますので、購入希望の方はメッセージをお願いします】
公演前日にログイン情報を送付します。
入場後は速やかにログアウトください。
公演中止の場合のみ手数料を差し引いて返金いたします。
体調不良、本人確認、ランダムエラーなどのいかなる場合も返金は致しませんので、ご了承下さい。
代理購入はおやめ頂き、日本語の通じる成人女性のみとさせて頂きます。",True,,,,,,,,,,,,,,,,
sold_kamigata-expo-park-fes-2026_1787370973012_40000,1787370973012,kamigata-expo-park-fes-2026,2026-10-31,,[大阪府] 万博記念公園,electronic,female,公演日前日にログイン情報共有,,,,,2026-08-22 03:56:13,,2026-09-04 18:01:17,2026-08-27 07:17:28,,sold,2,40000,"WEST名義
初期当選、有効期限内、下3桁提示可、重複すり替えなし

公演日前日にログイン情報を連絡ボードにてお伝え致します。公演日当日入場後は速やかにログアウ...",False,,,,,,,,,,,,,,,,
nv56adxmjn,1787302413627,kamigata-expo-park-fes-2026,2026-10-31,,[大阪府] 万博記念公園,electronic,female,公演日7日前までにQRコード共有,ぴ,5.0,,QR,2026-08-21 08:53:33,,2026-08-27 12:01:08,,,deleted,1,40000,"お値下げ🉑Aぇ名義/QR毎/重複すり替えなし/初期当選/該当名義/有効期間内/変更ボタンあり/下３桁提示/公演前日までに連絡ボードにてログイン情報をお伝え致します。入場後は速やかにログアウトをよろしくお願い致します。
公演中止のみ手数料を差し引いた金額返金致します。その他いかなる理由でも返金対応致しませんのでご了承ください。日本人女性の方、個人情報を保護して頂ける方のみご購入いただけます。座席についてのお問い合わせは一切受け付けておりませんのでご理解ください。",True,,,,,,,,,,,,,,,,
sold_kamigata-expo-park-fes-2026_1787302256966_20000,1787302256966,kamigata-expo-park-fes-2026,2026-10-31,,[大阪府] 万博記念公園,electronic,female,公演日7日前までにQRコード共有,,,,,2026-08-21 08:50:56,,2026-09-04 18:01:17,2026-08-27 07:17:28,,sold,1,20000,"なにわ名義 / FC先行 / 初期当選 / 有効期限内名義 / すり替え重複なし / 座席未定 / 会員番号下3桁提示可能 公演日の2～3日前発送予定

※必ず...",False,,,,,,,,,,,,,,,,
9ahjvak424,1787362759800,kamigata-expo-park-fes-2026,2026-10-31,,[大阪府] 万博記念公園,electronic,female,QR毎,s,5.0,,QR,2026-08-22 01:39:19,,2026-08-28 00:01:11,,,deleted,1,30000,"なにわ名義/初期当選/有効期限内/下3桁提示可能 /重複すり替えなし
公演前日に必要な情報等を連絡ボードにてお知らせ致します。代表者の同意チェックは購入者様ご自身でしていただけます。
公演当日入場後は速やかにログアウトして頂き、必ず開演時間までに受け取り通知をお願い致します。
座席に関するクレーム等は一切受け付けません。交通機関の遅れ、出演者変更、体調不良等の購入者様都合の事情、本人確認、ランダムエラー等、如何なる場合も返金受け付けておりません。どの場合でも受け取り通知はしていただきます。主催者側の公演中止の際のみ、定価、手数料を引いた額を返金致します。
ご購入は上記を了承した上で、日本語の理解出来る、成人済みの日本人の方でお願い致します。",True,,,,,,,,,,,,,,,,
sold_kamigata-expo-park-fes-2026_1787321658901_27000,1787321658901,kamigata-expo-park-fes-2026,2026-10-31,,[大阪府] 万博記念公園,electronic,female,同行,,,,,2026-08-21 14:14:18,,2026-09-04 18:01:17,2026-08-27 07:17:28,,sold,2,27000,"初期当選/2名義中2番手の2連/有効期限名義のみ/なにわ名義/すり替えなし/下3桁提示可能/発送物戻りなし

・入場後はチケットを一旦回収し、当方が選択しなかっ...",False,,,,,,,,,,,,,,,,
sold_kamigata-expo-park-fes-2026_1787298457526_40000,1787298457526,kamigata-expo-park-fes-2026,2026-10-31,,[大阪府] 万博記念公園,electronic,female,公演日2日前までにQRコード共有,,,,,2026-08-21 07:47:37,,2026-09-04 18:01:17,2026-08-27 07:17:28,,sold,2,40000,"該当名義(変更ボタンあり)初期当選 有効期限内会員 過去エラー等の不備なし
QRでのお譲り すり替えなし 下3桁提示可能

公演2日前までにログイン情報を送付し...",False,,,,,,,,,,,,,,,,
sold_kamigata-expo-park-fes-2026_1787304000352_32000,1787304000352,kamigata-expo-park-fes-2026,2026-10-31,,[大阪府] 万博記念公園,electronic,female,入金後24時間以内にQRコード共有,,,,,2026-08-21 09:20:00,,2026-09-04 18:01:17,2026-08-27 07:17:28,,sold,1,32000,"【本日中に入金可能な方のみご購入下さい】


FC先行／Aぇ!group名義／初期当選／下3桁提示可／重複すり替えなし

ご購入後すぐにログイン情報お伝えします...",False,,,,,,,,,,,,,,,,
9f6i74napy,1787385421813,kamigata-expo-park-fes-2026,2026-10-31,,[大阪府] 万博記念公園,electronic,female,公演日前日までにログイン情報共有,y,5.0,,ランダム記載あり,2026-08-22 07:57:01,,2026-09-04 18:01:17,2026-08-29 15:01:12,transition_observed,sold,2,33000,"QR毎のお譲り
なにわ名義×なにわ名義 / 会員番号若番のため下2桁提示可能 / 有効期限内

前日までにログイン情報をお伝えさせていただきます。
入場後は速や...",True,,,,,,,,,,,,,,,,
sold_kamigata-expo-park-fes-2026_1787302953415_46000,1787302953415,kamigata-expo-park-fes-2026,2026-10-31,,[大阪府] 万博記念公園,electronic,female,入金後24時間以内にQRコード共有,,,,,2026-08-21 09:02:33,,2026-09-04 18:01:17,2026-08-27 07:17:28,,sold,2,46000,"Aぇ名義/初期当選/有効期限内/下3桁提示可/発送物戻り無/同一クレカ無し/エラー歴なし

公演前日に必要な情報等を連絡ボードにてお知らせいたします。代表者の同...",False,,,,,,,,,,,,,,,,
sold_kamigata-expo-park-fes-2026_1787496604016_3200,1787496604016,kamigata-expo-park-fes-2026,2026-10-31,,[大阪府] 万博記念公園,electronic,female,公演前日までにQRコード共有,,,,,2026-08-23 14:50:04,,2026-09-04 18:01:17,2026-08-27 07:17:28,,sold,1,3200,"※8/25(火)23:59までにPay-easyにて別途定価+手数料（16800円）支払い可能な方のみ

※評価4.9以下の方は購入をお控えください

FC先行...",False,,,,,,,,,,,,,,,,
sold_kamigata-expo-park-fes-2026_1787294346700_40000,1787294346700,kamigata-expo-park-fes-2026,2026-11-01,,[大阪府] 万博記念公園,electronic,female,同行,,,,,2026-08-21 06:39:06,,2026-09-04 18:01:17,2026-08-27 07:17:28,,sold,2,40000,"ファンクラブ先行 Aぇ名義 座席未定
 2名義中2番手 下3桁提示可 初期当選
有効期限内 着ブロ指定なし
公演当日、会場付近にて集合し同時入場して頂きます。...",False,,,,,,,,,,,,,,,,
sold_kamigata-expo-park-fes-2026_1787555693880_15000,1787555693880,kamigata-expo-park-fes-2026,2026-11-01,,[大阪府] 万博記念公園,electronic,female,公演日前日にQRコード共有,,,,,2026-08-24 07:14:53,,2026-09-04 18:01:17,2026-08-27 07:17:28,,sold,2,15000,"※8/24(火)23:59までに、Pay-easyにて別途定価＋手数料（16,800円）のお支払いが可能な方のみ

Aぇ名義／初期当選／QR毎／座席未定／重複す...",False,,,,,,,,,,,,,,,,
sold_kamigata-expo-park-fes-2026_1787299252610_16500,1787299252610,kamigata-expo-park-fes-2026,2026-11-01,,[大阪府] 万博記念公園,electronic,female,公演日前日までにQRコード共有,,,,,2026-08-21 08:00:52,,2026-09-04 18:01:17,2026-08-27 07:17:28,,sold,2,16500,"⚠️〜8月24日中に入金して頂ける方⚠️

Aぇ名義/初期当選/ QR毎 2連 /FC同士/下3桁提示可/ 有効期限内 /重複すり替え無し/発送物戻りなし

入...",False,,,,,,,,,,,,,,,,
sold_kamigata-expo-park-fes-2026_1787300863457_30000,1787300863457,kamigata-expo-park-fes-2026,2026-11-01,,[大阪府] 万博記念公園,electronic,female,公演当日,,,,,2026-08-21 08:27:43,,2026-09-04 18:01:17,2026-08-27 07:17:28,,sold,1,30000,"単番×2 連番×2 の中からすり替えなしで1枚お渡しいたします。
座席選択権はございません。
初期当選/すり替えなし/下3桁提示可

公演中止以外の返金は致しか...",False,,,,,,,,,,,,,,,,
sold_kamigata-expo-park-fes-2026_1787302599461_35000,1787302599461,kamigata-expo-park-fes-2026,2026-11-01,,[大阪府] 万博記念公園,electronic,female,同行,,,,,2026-08-21 08:56:39,,2026-09-04 18:01:17,2026-08-27 07:17:28,,sold,2,35000,"初期当選/2名義中2番手/有効期限名義のみ/なにわ2連・Aぇ2連/すり替えなし/下3桁提示可

・入場後はチケットを一旦回収し、当方が座席選択後に残りのチケット...",False,,,,,,,,,,,,,,,,
sold_kamigata-expo-park-fes-2026_1787316882815_23000,1787316882815,kamigata-expo-park-fes-2026,2026-11-01,,[大阪府] 万博記念公園,electronic,female,同行,,,,,2026-08-21 12:54:42,,2026-09-04 18:01:17,2026-08-27 07:17:28,,sold,1,23000,"⭐️ランダムまたは公演の詳細によってはQRごとの可能性あり
・入場時刻の30分前を目安に会場付近に集合し、同時入場をさせて頂きます。
・交通機関やトラブル等を加...",False,,,,,,,,,,,,,,,,
sold_kamigata-expo-park-fes-2026_1787300535096_40000,1787300535096,kamigata-expo-park-fes-2026,2026-11-01,,[大阪府] 万博記念公園,electronic,female,公演日前日にログイン情報共有,,,,,2026-08-21 08:22:15,,2026-09-04 18:01:17,2026-08-27 07:17:28,,sold,2,40000,"なにわ名義/FC同士/初期当選/下3桁開示可能/期限内/郵送物戻りなし/重複すり替えなし

公演日前日に連絡ボードにてログイン情報をお伝えします。同行者登録はご...",False,,,,,,,,,,,,,,,,
sold_kamigata-expo-park-fes-2026_1787300975595_25000,1787300975595,kamigata-expo-park-fes-2026,2026-11-01,,[大阪府] 万博記念公園,electronic,none,同行,,,,,2026-08-21 08:29:35,,2026-09-04 18:01:17,2026-08-27 07:17:28,,sold,2,25000,"⭐️ランダムまたは公演の詳細によってはQRごとの可能性あり
・入場時刻の30分前を目安に会場付近に集合し、同時入場をさせて頂きます。
・交通機関やトラブル等を加...",False,,,,,,,,,,,,,,,,
sold_kamigata-expo-park-fes-2026_1787494757886_16500,1787494757886,kamigata-expo-park-fes-2026,2026-11-01,,[大阪府] 万博記念公園,electronic,female,5名義中5番手,,,,,2026-08-23 14:19:17,,2026-09-04 18:01:17,2026-08-27 07:17:28,,sold,2,16500,"FC.情報局先行/有効期限内/5名義中5番手/すり替えなし/下3桁提示可

開場時間の8:30入場の可能性があります。
会場付近にて待ち合わせし同時入場していた...",False,,,,,,,,,,,,,,,,
sold_kamigata-expo-park-fes-2026_1787316093161_10000,1787316093161,kamigata-expo-park-fes-2026,2026-11-01,,[大阪府] 万博記念公園,electronic,female,公演日の前日までにQRコード共有,,,,,2026-08-21 12:41:33,,2026-09-04 18:01:17,2026-08-27 07:17:28,,sold,2,10000,"+定価分をPay-easyにて24日までにお支払い頂きます。
Aぇ名義/直近ツアー落選/有効期限内/下3桁提示可能/同行者女性名義

公演中止の場合のみ返金対応...",False,,,,,,,,,,,,,,,,
sold_kamigata-expo-park-fes-2026_1787322417123_31000,1787322417123,kamigata-expo-park-fes-2026,2026-11-01,,[大阪府] 万博記念公園,electronic,female,公演日1日前までにQRコード共有,,,,,2026-08-21 14:26:57,,2026-09-04 18:01:17,2026-08-27 07:17:28,,sold,1,31000,"なにわ名義、有効期限内、下3桁提示可

公演中止以外の返金不可",False,,,,,,,,,,,,,,,,
sold_kamigata-expo-park-fes-2026_1787296593399_52000,1787296593399,kamigata-expo-park-fes-2026,2026-11-01,,[大阪府] 万博記念公園,electronic,female,公演日7日前までにQRコード共有,,,,,2026-08-21 07:16:33,,2026-09-04 18:01:17,2026-08-27 07:17:28,,sold,2,52000,Aぇ名義/QR毎/重複すり替えなし/初期当選/該当名義/有効期間内/変更ボタンあり/下３桁提示/公演前日までに連絡ボードにてログイン情報をお伝え致します。入場後...,False,,,,,,,,,,,,,,,,
sold_kamigata-expo-park-fes-2026_1787380262124_15000,1787380262124,kamigata-expo-park-fes-2026,2026-11-01,,[大阪府] 万博記念公園,electronic,female,6名義中3番手,,,,,2026-08-22 06:31:02,,2026-09-04 18:01:17,2026-08-27 07:17:28,,sold,2,15000,"⚠️定価分は支払番号提示しますので24日23:59までに支払いお願いします。
これ以上の値下げ考えておりません

初期当選/すり替えなし/下3桁提示可
・開場時...",False,,,,,,,,,,,,,,,,
sold_kamigata-expo-park-fes-2026_1787305550462_32000,1787305550462,kamigata-expo-park-fes-2026,2026-11-01,,[大阪府] 万博記念公園,electronic,female,公演日前日までにログイン情報共有,,,,,2026-08-21 09:45:50,,2026-09-04 18:01:17,2026-08-27 07:17:28,,sold,2,32000,"QR毎/初期当選/有効期限内/下3桁提示可/WEST名義

※支払い番号をお伝えするので
8/24までにご自身で入金可能な方

・公演前日にログイン情報お伝えし...",False,,,,,,,,,,,,,,,,
sold_kamigata-expo-park-fes-2026_1787320823892_33000,1787320823892,kamigata-expo-park-fes-2026,2026-11-01,,[大阪府] 万博記念公園,paper,female,公演前日にQRカードお渡し致します。,,,,,2026-08-21 14:00:23,,2026-09-04 18:01:17,2026-08-27 07:17:28,,sold,2,33000,"なにわ名義/初期当選/有効期限内/発送物戻り無/同一クレカ無し

公演前日に必要な情報等を連絡ボードにてお知らせ致します。代表者の同意チェックは購入者様ご自身で...",False,,,,,,,,,,,,,,,,
sold_kamigata-expo-park-fes-2026_1787314247952_35000,1787314247952,kamigata-expo-park-fes-2026,2026-11-01,,[大阪府] 万博記念公園,paper,female,公演日3日前までに郵送,,,,,2026-08-21 12:10:47,,2026-09-04 18:01:17,2026-08-27 07:17:28,,sold,2,35000,"なにわ名義/初期当選/有効期限内/発送物戻り無/同一クレカ無し

公演前日に必要な情報等を連絡ボードにてお知らせ致します。代表者の同意チェックは購入者様ご自身で...",False,,,,,,,,,,,,,,,,
sold_kamigata-expo-park-fes-2026_1787319220054_28000,1787319220054,kamigata-expo-park-fes-2026,2026-11-01,,[大阪府] 万博記念公園,electronic,female,同行,,,,,2026-08-21 13:33:40,,2026-09-04 18:01:17,2026-08-27 07:17:28,,sold,2,28000,"初期当選/3名義中3番手/すり替え無し/下3桁提示可/有効期限内

★代表者・同行者共になにわ男子FCで登録済み
不備名義なし

※公式にて「TAKOYAKI...",False,,,,,,,,,,,,,,,,
sold_kamigata-expo-park-fes-2026_1787300878465_30000,1787300878465,kamigata-expo-park-fes-2026,2026-11-01,,[大阪府] 万博記念公園,electronic,female,公演当日,,,,,2026-08-21 08:27:58,,2026-09-04 18:01:17,2026-08-27 07:17:28,,sold,1,30000,"単番×2、連番×2名義の中からすり替えなしで1枚お渡しします。
座席選択権はございません。

初期当選/すり替えなし/下3桁提示可/有効期限内
✨️プラベル移行...",False,,,,,,,,,,,,,,,,
sold_kamigata-expo-park-fes-2026_1787310317854_30000,1787310317854,kamigata-expo-park-fes-2026,2026-11-01,,[大阪府] 万博記念公園,electronic,female,同行,,,,,2026-08-21 11:05:17,,2026-09-04 18:01:17,2026-08-27 07:17:28,,sold,2,30000,"2名義中2番手のお譲りになります。
初期当選/有効期限内/すり替えなし/下3桁提示可/なにわ男子名義

",False,,,,,,,,,,,,,,,,
sold_kamigata-expo-park-fes-2026_1787318999567_34000,1787318999567,kamigata-expo-park-fes-2026,2026-11-01,,[大阪府] 万博記念公園,electronic,female,公演日2日前にQRコード共有,,,,,2026-08-21 13:29:59,,2026-09-04 18:01:17,2026-08-27 07:17:28,,sold,1,34000,"・QRごとのお譲りになります
・エイト名義、有効期限内
・下3桁提示可
・公演中止以外のキャンセル、返金は一切受け付けできかねますのでご了承いただける方のみご購...",False,,,,,,,,,,,,,,,,
sold_kamigata-expo-park-fes-2026_1787555334199_30000,1787555334199,kamigata-expo-park-fes-2026,2026-11-01,,[大阪府] 万博記念公園,paper,female,公演日1日前までに郵送,,,,,2026-08-24 07:08:54,,2026-09-04 18:01:17,2026-08-27 07:17:28,,sold,2,30000,"なにわ名義/初期当選/有効期限内/発送物戻り無/同一クレカ無し

公演前日に必要な情報等を連絡ボードにてお知らせ致します。代表者の同意チェックは購入者様ご自身で...",False,,,,,,,,,,,,,,,,
sold_kamigata-expo-park-fes-2026_1787298506221_30000,1787298506221,kamigata-expo-park-fes-2026,2026-11-01,,[大阪府] 万博記念公園,electronic,female,公演日2日前までにQRコード共有,,,,,2026-08-21 07:48:26,,2026-09-04 18:01:17,2026-08-27 07:17:28,,sold,1,30000,"該当名義(変更ボタンあり)初期当選 有効期限内会員 過去エラー等の不備なし
QRでのお譲り すり替えなし 下3桁提示可能

公演2日前までにログイン情報を送付し...",False,,,,,,,,,,,,,,,,
sold_kamigata-expo-park-fes-2026_1787302296177_38000,1787302296177,kamigata-expo-park-fes-2026,2026-11-01,,[大阪府] 万博記念公園,electronic,female,公演日1~2日前までにQRコード共有,,,,,2026-08-21 08:51:36,,2026-09-04 18:01:17,2026-08-27 07:17:28,,sold,2,38000,"なにわ男子名義/初期当選/有効期限内/過去エラー等の不備なし/発送物戻りなし
QRでのお譲り すり替えなし 下3桁提示可能

同行者もなにわ男子会員名義になりま...",False,,,,,,,,,,,,,,,,
sold_kamigata-expo-park-fes-2026_1787298540608_40000,1787298540608,kamigata-expo-park-fes-2026,2026-11-01,,[大阪府] 万博記念公園,electronic,female,公演日2日前までにQRコード共有,,,,,2026-08-21 07:49:00,,2026-09-04 18:01:17,2026-08-27 07:17:28,,sold,2,40000,"該当名義(変更ボタンあり)初期当選 有効期限内会員 過去エラー等の不備なし
QRでのお譲り すり替えなし 下3桁提示可能

公演2日前までにログイン情報を送付し...",False,,,,,,,,,,,,,,,,
sold_kamigata-expo-park-fes-2026_1787318524360_33000,1787318524360,kamigata-expo-park-fes-2026,2026-11-01,,[大阪府] 万博記念公園,electronic,female,公演前日までにログイン情報共有,,,,,2026-08-21 13:22:04,,2026-09-04 18:01:17,2026-08-27 07:17:28,,sold,2,33000,"QR毎のお譲りになります。
Aぇ名義/初期当選/下3桁提示可/重複すり替えなし/有効期限内/過去エラー等なし

代理購入不可です。
公演前日の夜にログイン情報を...",False,,,,,,,,,,,,,,,,
sold_kamigata-expo-park-fes-2026_1787480534929_28000,1787480534929,kamigata-expo-park-fes-2026,2026-11-01,,[大阪府] 万博記念公園,electronic,female,公演日前日にログイン情報共有,,,,,2026-08-23 10:22:14,,2026-09-04 18:01:17,2026-08-27 07:17:28,,sold,1,28000,"QR毎/初期当選/super eightFC名義/重複すり替えなし/下3桁提示可能/有効期限内

公演前日夜にログインに必要な情報をお伝えします。
当日は速やか...",False,,,,,,,,,,,,,,,,
sold_kamigata-expo-park-fes-2026_1787412154498_22000,1787412154498,kamigata-expo-park-fes-2026,2026-11-01,,[大阪府] 万博記念公園,electronic,none,公演日前日までにログイン情報共有,,,,,2026-08-22 15:22:34,,2026-09-04 18:01:17,2026-08-27 07:17:28,,sold,2,22000,"⚠️8/24 23:59までに別途定価手数料のお支払いをお願いいたします⚠️

エイト×ジュニア/QR毎/初期当選/下3桁提示可/有効期限内/発送物戻り・過去エ...",False,,,,,,,,,,,,,,,,
sold_kamigata-expo-park-fes-2026_1787299987408_55000,1787299987408,kamigata-expo-park-fes-2026,2026-11-01,,[大阪府] 万博記念公園,electronic,female,公演日前日にQRコード共有,,,,,2026-08-21 08:13:07,,2026-09-04 18:01:17,2026-08-27 07:17:28,,sold,1,55000,"なにわ名義/下3桁提示可能/初期当選/前回スタンド当選名義/有効期限内/発送物戻り無し/同一クレカ無し

公演前日に必要な情報等を連絡ボードにてお知らせ致します...",False,,,,,,,,,,,,,,,,
sold_kamigata-expo-park-fes-2026_1787304498606_20000,1787304498606,kamigata-expo-park-fes-2026,2026-11-01,,[大阪府] 万博記念公園,electronic,female,当日手渡し,,,,,2026-08-21 09:28:18,,2026-09-04 18:01:17,2026-08-27 07:17:28,,sold,1,20000,"⚠️＋定価分Pay-easy払い
専用出品いたしますのでコメントお願いします。
こちらは8/24まで掲載いたします。

WEST.名義/初期当選/ 2名義中2番...",False,,,,,,,,,,,,,,,,
sold_kamigata-expo-park-fes-2026_1787498367389_6200,1787498367389,kamigata-expo-park-fes-2026,2026-11-01,,[大阪府] 万博記念公園,electronic,female,公演日前日までにQRコード共有,,,,,2026-08-23 15:19:27,,2026-09-04 18:01:17,2026-08-27 07:17:28,,sold,1,6200,"※8/25(火)23:59までにPay-easyにて別途定価+手数料（16800円）支払い可能な方のみ

※評価4.9以下/レビューが1件も無い方は購入をお控え...",False,,,,,,,,,,,,,,,,
r0mxefg1n6,1787747197206,kamigata-expo-park-fes-2026,2026-11-01,,[大阪府] 万博記念公園,electronic,female,同行,,,,,2026-08-26 12:26:37,,2026-09-04 18:01:17,2026-08-27 08:01:09,,sold,2,28000,"2名義中2番手
郵送物戻りなし/有効期限内/ランダムエラー歴なし/下3桁提示可能
当方が指定する時間に集合して頂き、同時入場。一度回収させて頂き当方が選択しなか...",False,,,,,,,,,,,,,,,,
sold_kamigata-expo-park-fes-2026_1787370487898_31000,1787370487898,kamigata-expo-park-fes-2026,2026-11-01,,[大阪府] 万博記念公園,electronic,female,公演日前日までにQRコード共有,,,,,2026-08-22 03:48:07,,2026-09-04 18:01:17,2026-08-27 07:17:28,,sold,2,31000,"なにわ名義/QR毎/初期当選/座席未定/有効期限内/すり替えなし/過去エラー等なし/下3桁提示可能

公演前日までにログイン情報を共有いたします。
入場後は速や...",False,,,,,,,,,,,,,,,,
sold_kamigata-expo-park-fes-2026_1787392821092_19500,1787392821092,kamigata-expo-park-fes-2026,2026-11-01,,[大阪府] 万博記念公園,electronic,female,公演前日ログイン情報共有,,,,,2026-08-22 10:00:21,,2026-09-04 18:01:17,2026-08-27 07:17:28,,sold,2,19500,"ご購入後、支払い番号を共有しますので8/24までにご自身で定価分入金していただける方のみ

Aぇ! group名義/QR毎/FC同士/初期当選/発送物戻り・エラ...",False,,,,,,,,,,,,,,,,
ame14ni3tl,1787302614120,kamigata-expo-park-fes-2026,2026-10-31,,[大阪府] 万博記念公園,electronic,female,同行,こ,4.5,,番手,2026-08-21 08:56:54,,2026-08-28 09:01:14,,,deleted,2,50000,"初期当選/2名義中2番手/有効期限内
全てジュニア名義/すり替えなし/下3桁提示可

入場後はチケットを一旦回収し、当方が座席選択後に順次チケットをお渡し致しま...",True,,,,,,,,,,,,,,,,
b0xne3h5e2,1787490831811,kamigata-expo-park-fes-2026,2026-10-31,,[大阪府] 万博記念公園,electronic,none,同行,ひ,5.0,,番手,2026-08-23 13:13:51,,2026-09-04 18:01:17,2026-08-28 05:01:11,transition_observed,sold,2,22000,"FC先行/有効期限内/3名義中3番手/全てデビュー組名義/すり替えなし

3名義中1名義は男性名義が代表者での当選となります。

当日の集合時間・場所等に関して...",True,,,,,,,,,,,,,,,,
jme4xwytcx,1787498383214,kamigata-expo-park-fes-2026,2026-11-01,,[大阪府] 万博記念公園,electronic,female,当日同時入場または事前QR共有,C,5.0,,番手,2026-08-23 15:19:43,,2026-08-29 23:01:08,,,deleted,1,22000,"3名義中3番手
情報局名義/有効期限内/すり替えなし/下3桁提示可/エラー歴なし
入場方法などの状況により、同時入場ではなくQRごとお渡しとなる場合がございます...",True,,,,,,,,,,,,,,,,
ktt7as4vfo,1787293088796,kamigata-expo-park-fes-2026,2026-10-31,,[大阪府] 万博記念公園,electronic,female,同行,m♪,5.0,,番手,2026-08-21 06:18:08,,2026-08-30 23:01:11,,,deleted,1,40000,"FC先行/有効期限名義のみ/条件あり/3名義中3番手/すり替えなし/下3桁提示可

詳しい集合場所、時間等につきましては 連絡ボードにて連絡させていただきます。...",True,,,,,,,,,,,,,,,,
t1o357uqno,1787562440007,kamigata-expo-park-fes-2026,2026-10-31,,[大阪府] 万博記念公園,electronic,female,公演前日にログイン情報共有,R,5.0,,QR,2026-08-24 09:07:20,,2026-08-30 15:01:16,,,deleted,2,35000,"代表・同行共にWEST名義/初期当選/有効期限内/下3桁提示可

■注意事項
・代理購入不可
・成人済み日本人女性の方

・公演中止の場合のみ手数料を差し引いて...",True,,,,,,,,,,,,,,,,
wj1vsds31g,1787315975932,kamigata-expo-park-fes-2026,2026-10-31,,[大阪府] 万博記念公園,electronic,female,公演前日までにQRコード共有,ゆぅ,5.0,,QR,2026-08-21 12:39:35,,2026-09-04 18:01:17,2026-08-30 15:01:16,transition_observed,sold,1,31000,"なにわ男子名義/初期当選/有効期限内会員/QRでのお譲り/すり替えなし/下3桁提示可能

公演前日にログイン情報を送付します。
入場後は速やかにログアウトくださ...",True,,,,,,,,,,,,,,,,
uqrvh88w6c,1787317100746,kamigata-expo-park-fes-2026,2026-10-31,,[大阪府] 万博記念公園,electronic,female,公演日1日前までにQRコード共有,みの,5.0,,QR,2026-08-21 12:58:20,,2026-08-30 23:01:11,,,deleted,2,50000,"Aぇ名義/FC初期当選/有効期限内/すり替えなし/下3桁提示可能

公演前日、ログインに必要な情報をお伝えいたします。ログイン後QR表示以外の操作は行わないでく...",True,,,,,,,,,,,,,,,,
2qjk098gb0,1787818956926,kamigata-expo-park-fes-2026,2026-10-31,,[大阪府] 万博記念公園,electronic,female,公演日7日前までにQRコード共有,さなち,5.0,,QR,2026-08-27 08:22:36,,2026-08-30 08:01:41,,,deleted,2,29800,"FC初期当選分 

QRごとのお渡し 条件なし
 期限内会員 Pay-easy決済 着ブロなし 郵便戻りなし すり替えなし 会員番号の下3桁お伝え。中止の場合の...",True,,,,,,,,,,,,,,,,
0aoa3oyfr2,1787905933143,kamigata-expo-park-fes-2026,2026-10-31,,[大阪府] 万博記念公園,electronic,female,QR毎,M,5.0,,QR,2026-08-28 08:32:13,,2026-09-04 18:01:17,2026-08-30 13:01:15,transition_observed,sold,2,32000,"なにわ名義/初期当選/有効期限内/QR毎/すり替えなし/下3桁提示可

公演2~3日前にログイン情報をお伝えいたします。
入場後速やかに受け取り評価とFCのログ...",True,,,,,,,,,,,,,,,,
9r64rc0xt6,1787294412259,kamigata-expo-park-fes-2026,2026-11-01,,[大阪府] 万博記念公園,electronic,female,公演日1日前までにQRコード共有,a,5.0,,QR,2026-08-21 06:40:12,,2026-09-04 18:01:17,2026-08-30 13:01:15,transition_observed,sold,2,34000,"Aぇ名義/初期当選/ 座席未定 / QR毎 /下3桁提示可/ 有効期限内 / 発送物戻りなし/着ブロ希望なし/ コンビニ決済

プラベ出品対応可能です。
同行者...",True,,,,,,,,,,,,,,,,
x58uyhtco0,1787293239265,kamigata-expo-park-fes-2026,2026-11-01,,[大阪府] 万博記念公園,electronic,female,同行,m♪,5.0,,番手,2026-08-21 06:20:39,,2026-08-30 23:01:11,,,deleted,2,35000,"FC先行/有効期限名義のみ/条件あり/4名義中3番手/すり替えなし/下3桁提示可

詳しい集合場所、時間等につきましては 連絡ボードにて連絡させていただきます。...",True,,,,,,,,,,,,,,,,
k5cpb8fx6p,1787819033980,kamigata-expo-park-fes-2026,2026-11-01,,[大阪府] 万博記念公園,electronic,female,公演日7日前までにQRコード共有,さなち,5.0,,QR,2026-08-27 08:23:53,,2026-08-30 06:01:14,,,deleted,2,29500,"FC初期当選分 

QRごとのお渡し 条件なし
 期限内会員 Pay-easy決済 着ブロなし 郵便戻りなし すり替えなし 会員番号の下3桁お伝え。中止の場合の...",True,,,,,,,,,,,,,,,,
w5h7nas2ci,1787293182543,kamigata-expo-park-fes-2026,2026-11-01,,[大阪府] 万博記念公園,electronic,female,同行,m♪,5.0,,番手,2026-08-21 06:19:42,,2026-08-31 00:01:15,,,deleted,2,40000,"FC先行/有効期限名義のみ/条件あり/4名義中2番手/すり替えなし/下3桁提示可

詳しい集合場所、時間等につきましては 連絡ボードにて連絡させていただきます。...",True,,,,,,,,,,,,,,,,
6e8a6f8gnu,1787397272002,kamigata-expo-park-fes-2026,2026-11-01,,[大阪府] 万博記念公園,electronic,male,公演日前日にQRコード共有,ゆ,5.0,,QR,2026-08-22 11:14:32,,2026-08-30 16:01:20,,,deleted,1,25000,"プライベート出品させていただきますので購入前にメッセージをお願いします。

WEST.名義/QR毎/重複なし/すり替えなし/郵便戻りなし/有効会員期限内/入金確...",True,,,,,,,,,,,,,,,,
sjwzvweh47,1787312386437,kamigata-expo-park-fes-2026,2026-11-01,,[大阪府] 万博記念公園,electronic,female,同時入場,を,5.0,,番手,2026-08-21 11:39:46,,2026-09-04 18:01:17,2026-08-30 15:01:16,transition_observed,sold,2,25000,"初期当選/2名義中2番手/すり替え無し/下3桁提示可/有効期限内

★代表者・同行者共にAぇFCで登録済み
★不備名義なし
★プラベル対応可

※公式にて「TA...",True,,,,,,,,,,,,,,,,
th3buices9,1787654640815,kamigata-expo-park-fes-2026,2026-11-01,,[大阪府] 万博記念公園,electronic,female,公演前日までにQR共有,C,5.0,,QR,2026-08-25 10:44:00,,2026-09-04 18:01:17,2026-08-30 07:01:20,transition_observed,sold,1,28000,"初期当選/有効期限内/すり替えなし/下三桁提示可/過去エラー歴なし
公演前日までにログイン情報をお伝えします。ランダムエラーや本人確認など公演中止以外の場合での...",True,,,,,,,,,,,,,,,,
h4eg6exg6h,1787370782252,kamigata-expo-park-fes-2026,2026-11-01,,[大阪府] 万博記念公園,electronic,female,同行,え,5.0,,番手,2026-08-22 03:53:02,,2026-08-30 18:01:15,,,deleted,2,35000,"FC先行/初期当選/2名義2番手/すり替えなし/下3桁提示可/有効期限内
代表者・同行者共にWEST FCで登録済み
★ 朝早くの集合が予測されますので、大阪在...",True,,,,,,,,,,,,,,,,
afergfxt5r,,kamigata-expo-park-fes-2026,2026-11-01,,[大阪府] 万博記念公園,electronic,female,公演前日までにログイン情報共有,n,5.0,,QR,2026-08-25 10:13:59,,2026-09-04 19:01:10,,,listing,1,30000,"QR毎/単番/なにわ名義/座席未定/初期当選/有効期限内/下3桁提示可/発送物戻りなし/重複すり替えなし

入金確認後、下3桁提示可能です。
公演前日になりまし...",True,,,absent_unverified,,2026-09-27 09:48:30,,,,,,,,,,,
bubeu1as9r,1787562531908,kamigata-expo-park-fes-2026,2026-11-01,,[大阪府] 万博記念公園,electronic,female,QR,☆,5.0,,同行記載あり,2026-08-24 09:08:51,,2026-08-30 14:01:16,,,deleted,2,33000,QRごと。FC×FC当選。すり替えなし。下3桁提示可能。有効期限内。初期当選。着ブロ希望なし。郵送物戻りなし。同一クレカ決済なし。過去エラーなし。同行者チェック...,True,,,,,,,,,,,,,,,,
g6ko8yhej8,1788062517403,kamigata-expo-park-fes-2026,2026-10-31,,[大阪府] 万博記念公園,electronic,female,同時入場,m,5.0,,,2026-08-30 04:01:57,,2026-08-30 15:01:16,,,deleted,2,26000,"3名義中3番手/すべてAぇ名義/有効期限内/すり替えなし/下3桁提示可

🌟8:30入場予定

・同時入場後、すべてのチケットを回収し当方が座席選択しましたら...",True,,,,,,,,,,,,,,,,
sold_kamigata-expo-park-fes-2026_1788098944055_35000,1788098944055,kamigata-expo-park-fes-2026,2026-11-01,,[大阪府] 万博記念公園,electronic,female,公演前日にログイン情報提示,,,,,2026-08-30 14:09:04,,2026-09-04 18:01:17,,historical_unknown,sold,2,35000,"west.名義/初期当選/有効期限内会員/QRでのお譲り/すり替えなし/下3桁提示可能

公演前日にログイン情報を送付します。
入場後は速やかにログアウトくださ...",False,,,,,,,,,,,,,,,,
35j6yu9pgg,1788134409724,kamigata-expo-park-fes-2026,2026-10-31,,[大阪府] 万博記念公園,electronic,female,同行,hi,5.0,,同行番手,2026-08-31 00:00:09,,2026-08-31 05:01:11,,,deleted,2,20000,"初期当選/有効期限内名義/すり替えなし/発送物戻りなし

3名義中1番手1枚
3名義中2番手1〜2枚
3名義中3番手1〜2枚

お求めの方は希望番手、枚数、金額...",True,,,,,,,,,,,,,,,,
khy93zccm0,1787507767503,kamigata-expo-park-fes-2026,2026-10-31,,[大阪府] 万博記念公園,electronic,female,公演前日にログイン情報共有,ねこ,5.0,,QR,2026-08-23 17:56:07,,2026-08-31 10:01:16,,,deleted,2,38000,"FC先行/WEST名義/座席未定/条件なしQRごとお譲り/下3桁提示可/重複すり替えなし/初期当選/有効期限内/Pay-easy支払い

・ご購入の際はプライベ...",True,,,,,,,,,,,,,,,,
szs8gnyvyj,,kamigata-expo-park-fes-2026,2026-10-31,,[大阪府] 万博記念公園,paper,female,同時入場,☁️,5.0,,番手,2026-08-28 07:47:56,,2026-09-04 19:01:10,,,listing,2,35000,"2名義中2番手
ND⁵・Runway落選名義
初期当選/なにわ・Aぇ名義/すり替えなし/下3桁提示可


【お取引について】

・当日は、会場付近にて集合し、同...",True,,,absent_unverified,,2026-09-27 09:48:30,,,,,,,,,,,
7sx88nuhb4,1787310800209,kamigata-expo-park-fes-2026,2026-11-01,,[大阪府] 万博記念公園,electronic,female,公演前日にログイン情報共有,ねこ,5.0,,QR,2026-08-21 11:13:20,,2026-08-31 10:01:16,,,deleted,1,37000,"FC先行/WEST名義/座席未定/条件なしQRごとお譲り/下3桁提示可/重複すり替えなし/初期当選/有効期限内/Pay-easy支払い

・ご購入の際はプライベ...",True,,,,,,,,,,,,,,,,
urpqdd8dih,1788134436192,kamigata-expo-park-fes-2026,2026-11-01,,[大阪府] 万博記念公園,electronic,female,同行,hi,5.0,,同行番手,2026-08-31 00:00:36,,2026-08-31 05:01:11,,,deleted,2,20000,"初期当選/有効期限内名義/すり替えなし/発送物戻りなし

3名義中1番手1枚
3名義中2番手1〜2枚
3名義中3番手1〜2枚

お求めの方は希望番手、枚数、金額...",True,,,,,,,,,,,,,,,,
lbkouxgylu,1788165205262,tvasahi-dream-festival-2026,2026-11-21,15:00,Kアリーナ横浜,electronic,none,分配,pi,5.0,,,2026-08-31 08:33:25,,2026-08-31 18:01:11,,,deleted,2,15000,"ぴあプレミアム先行、すり替えなし。
上乗せでアプグレ対応可能です。
公演中止の場合のみ手数料を差し引いた全額を返金します。",True,,,,,,,,,,,,,,,,
fckvjauuui,1788165302951,tvasahi-dream-festival-2026,2026-11-23,15:00,Kアリーナ横浜,electronic,none,分配,pi,5.0,,,2026-08-31 08:35:02,,2026-08-31 14:01:14,,,deleted,2,15000,"ぴあプレミアム先行、すり替えなし。
上乗せでアプグレ対応可能です。
公演中止の場合のみ手数料を差し引いた全額を返金します。",True,,,,,,,,,,,,,,,,
yv73qecxn5,1788167639597,tvasahi-dream-festival-2026,2026-11-21,15:00,Kアリーナ横浜,paper,female,公演日4日前までに郵送または手渡し,あ,5.0,,番手,2026-08-31 09:13:59,,2026-08-31 13:01:15,,,deleted,2,14850,"最速先行/2名義中2番手/すり替えなし
✨️プラベル移行可能です✨️
2名義ともアプグレ申込予定のためアプグレ当選時は定価分上乗せをお願いします。
公演中止以外...",True,,,,,,,,,,,,,,,,
3dfpcux922,1788169374474,tvasahi-dream-festival-2026,2026-11-21,15:00,Kアリーナ横浜,paper,female,公演日2日前までに発券番号を共有,いちごみるく,5.0,,QR,2026-08-31 09:42:54,,2026-09-01 11:01:15,,,deleted,2,0,"⭐️アプグレ対応⭕️⭐️

⚠️即、16,000/枚

プライベート出品にするため、購入前にコメントをお願いいたします。
プラベルへの出品も可能ですので、ご希望...",True,,,,,,,,,,,,,,,,
orb88xpdh7,1787385423017,kamigata-expo-park-fes-2026,2026-10-31,,[大阪府] 万博記念公園,electronic,female,公演日前日までにQRコード共有,あ,5.0,,ランダム記載あり,2026-08-22 07:57:03,,2026-09-04 18:01:17,2026-09-01 12:01:17,transition_observed,sold,1,30000,"WEST名義/座席未定/QR/有効期限内/重複すり替えなし/下3桁提示可能/初期当選

・公演前日に連絡ボードにて必要な情報をお伝えいたします。
・入場後、速や...",True,,,,,,,,,,,,,,,,
iugxt1lxm5,1788242283575,kamigata-expo-park-fes-2026,2026-10-31,,[大阪府] 万博記念公園,paper,female,当日手渡し,☁️,5.0,,番手,2026-09-01 05:58:03,,2026-09-01 07:01:20,,,deleted,2,16400,"2名義中2番手
即3.8
定価分チケテン残り手渡し
初期当選/なにわ・Aぇ名義/すり替えなし/下3桁提示可
【お取引について】
・当日は開場30分前を目安に、会場付近にて集合し、同時入場いたします。
・入場後、チケットを一度回収し、こちらで座席を選択後、こちらが選択しなかった座席をお渡しいたします。
・チケットお渡し後は、速やかに受取連絡をお願いいたします。
・公演中止以外の返金はいたしかねます。
・座席等に関するクレームは一切お受けできません。
・トラブル防止のため、代理購入はご遠慮ください。
・日本語でスムーズにやり取りができる女性のみご購入をお願いいたします。",True,,,,,,,,,,,,,,,,
j29fxafv8p,1788249391935,tvasahi-dream-festival-2026,2026-11-21,15:00,Kアリーナ横浜,pickup_number,female,入金後2日以内に発券番号共有,w,5.0,,,2026-09-01 07:56:31,,2026-09-04 18:01:17,2026-09-01 20:01:18,transition_observed,sold,2,14800,"いち早ぴあプレミアム先行　重複すり替えなし1番手
代金上乗せでアプグレ対応可です。

発券開始後に、発券番号を連絡いたしますのでご自身で発券していただく形になり...",True,,,,,,,,,,,,,,,,
4js16bidlp,,tvasahi-dream-festival-2026,2026-11-21,15:00,Kアリーナ横浜,paper,female,公演日3日前よりご自身で発券,り,5.0,,QR,2026-09-01 07:31:49,,2026-09-05 00:01:13,,,listing,2,14000,"ぴあプレミアム先行　すり替えなし。

アプグレ対応不可

発券開始後に、発券番号を連絡いたしますのでご自身で発券していただく形になります。

公演中止以外、如何...",True,,,absent_unverified,,2026-09-27 09:48:30,,,,,,,,,,,
51s1xqdo6q,1788261992970,tvasahi-dream-festival-2026,2026-11-21,15:00,Kアリーナ横浜,electronic,female,分配,ち,5.0,,,2026-09-01 11:26:32,,2026-09-01 14:01:18,,,deleted,2,14210,"ぴあプレ先行、すり替えなし。プラベルにてお取引希望致します。アプグレ対応可能です。
公演中止の場合のみ、定価分返金させていただきます。",True,,,,,,,,,,,,,,,,
i5t149rd5r,1788265238865,tvasahi-dream-festival-2026,2026-11-21,15:00,Kアリーナ横浜,pickup_number,female,公演2日前(11月19日)に発券番号共有,☆A,5.0,,,2026-09-01 12:20:38,,2026-09-04 18:01:17,2026-09-02 01:01:11,transition_observed,sold,2,9999,"チケットぴあ“いち早プレリザーブ※NICOS限定”での当選。
11/19(木)に発券番号をお伝えしますのでご自身でセブンイレブンで発券してください。
発券に必要...",True,,,,,,,,,,,,,,,,
5ryxt4tz98,1788253112861,kamigata-expo-park-fes-2026,2026-11-01,,[大阪府] 万博記念公園,electronic,female,公演日7日前までにQRコード共有,さなち,5.0,,QR,2026-09-01 08:58:32,,2026-09-02 14:01:17,,,deleted,2,31000,"FC初期当選分 

QRごとのお渡し 条件なし
 期限内会員 Pay-easy決済 着ブロなし 郵便戻りなし すり替えなし 会員番号の下3桁お伝え。中止の場合の...",True,,,,,,,,,,,,,,,,
z6dk448ha3,1788162839602,kamigata-expo-park-fes-2026,2026-11-01,,[大阪府] 万博記念公園,electronic,female,同行,ゆ,5.0,,QR番手,2026-08-31 07:53:59,,2026-09-03 00:01:24,,,deleted,2,27000,"FC先行/初期当選/2名義中2番手/すり替えなし/下3桁提示可/有効期限内/エラー歴なし/どちらも情報局名義（該当）×（該当）

開園時間の8:30に入場予定で...",True,,,,,,,,,,,,,,,,
peq9xd3cdw,1788280292756,tvasahi-dream-festival-2026,2026-11-21,15:00,Kアリーナ横浜,pickup_number,female,11/18に発券番号の共有,mimimi,5.0,,同行QR,2026-09-01 16:31:32,,2026-09-02 14:01:17,,,deleted,2,10000,"チケットぴあ いち早プレリザーブ での当選

アプグレなし/1-4連
11/18(木)に発券番号をお伝えしますのでセブンイレブンにてご自身で発券をお願いいたしま...",True,,,,,,,,,,,,,,,,
p9mku7qv8n,1788257381225,tvasahi-dream-festival-2026,2026-11-23,15:00,Kアリーナ横浜,pickup_number,female,アプグレ当選時は差額当日手渡し,と,5.0,,,2026-09-01 10:09:41,,2026-09-02 09:01:19,,,deleted,2,23000,アプグレ当選時、手渡しの際差額をいただきます。,True,,,,,,,,,,,,,,,,
54kxrgi0a0,1787298243319,kamigata-expo-park-fes-2026,2026-10-31,,[大阪府] 万博記念公園,electronic,female,同行,ゆ,5.0,,同行,2026-08-21 07:44:03,,2026-09-02 15:01:33,,,deleted,1,65000,"初期当選/重複すり替え無し/下3桁提示可/有効期限内/発送物戻り無し/エラー無し/なにわ名義/FC同士

2連中1枚(長尾担不可)  

集合時間場所等は、公演...",True,,,,,,,,,,,,,,,,
gidjqcy1r5,1788313725642,tvasahi-dream-festival-2026,2026-11-21,15:00,Kアリーナ横浜,paper,female,当日手渡し,な,5.0,,ランダム,2026-09-02 01:48:45,,2026-09-02 14:01:17,,,deleted,2,17000,"いち早ぴあプレ当選

9名義中3番手
アプグレ申込予定。アプグレ当選の座席選択された場合、上乗せ可能な方のみお願いいたします。
公演中止以外でのキャンセル・返金...",True,,,,,,,,,,,,,,,,
10ge80f24w,1788315725641,tvasahi-dream-festival-2026,2026-11-21,15:00,Kアリーナ横浜,pickup_number,female,11/18に発券番号の共有,mimimi,5.0,,同行QR,2026-09-02 02:22:05,,2026-09-02 14:01:17,,,deleted,2,8000,"チケットぴあ いち早プレリザーブ での当選

アプグレなし/2連
分配もしくは発券番号でのお譲り
分配ですとご本人様名義で発券が可能です🙆🏻‍♀️

11/...",True,,,,,,,,,,,,,,,,
sold_tvasahi-dream-festival-2026_1788332804821_11893,1788332804821,tvasahi-dream-festival-2026,2026-11-21,15:00,Kアリーナ横浜,paper,female,当日手渡し,,,,,2026-09-02 07:06:44,,2026-09-04 18:01:17,,historical_unknown,sold,2,11893,"1.15/枚 チケテン通し
1.15/枚 当日手渡し
アプグレ当選名義の場合は+0.7/枚",False,,,,,,,,,,,,,,,,
sold_kamigata-expo-park-fes-2026_1787645467576_18000,1787645467576,kamigata-expo-park-fes-2026,2026-10-31,,[大阪府] 万博記念公園,electronic,female,同時入場 2名義中2番手 ,ま,5.0,,番手同行,2026-08-25 08:11:07,,2026-09-04 18:01:17,,historical_unknown,sold,1,18000,"単番 2名義中2番手 すり替えなし下3桁提示可
なにわ名義①ジュニア名義①

エラー/郵送物戻りなし

ご購入は日本語がご理解いただける方のみお願い致します。...",True,,,,,,,,,,,,,,,,
ptezip5luq,1787540197134,kamigata-expo-park-fes-2026,2026-10-31,,[大阪府] 万博記念公園,electronic,female,公演日前日までにログイン情報共有,23,5.0,,QR,2026-08-24 02:56:37,,2026-09-03 11:01:19,,,deleted,2,33500,"QR毎のお譲り
ジュニア該当名義／下3桁提示可能／有効期限内／
前日までにログイン情報をお伝えさせていただきますので、ログインし確認お願いいたします。同行者登録...",True,,,,,,,,,,,,,,,,
pegr9nsqcd,,kamigata-expo-park-fes-2026,2026-11-01,,[大阪府] 万博記念公園,electronic,female,同行,そ。,5.0,,同行,2026-08-25 11:59:50,,2026-09-04 19:01:10,2026-09-04 19:01:10,transition_observed,sold,1,35000,"当方の同行者枠/初期当選/すり替えなし/下3桁提示可/有効期限内/Aぇ×Aぇ名義

・入場後は速やかにログアウト・受け取り通知をお願いいたします。
・座席に関す...",True,,,,,,,,,,,,,,,,
0g3131oqsd,,tvasahi-dream-festival-2026,2026-11-21,15:00,Kアリーナ横浜,paper,female,発券番号をお伝え致します,R,5.0,,,2026-09-01 11:02:50,,2026-09-05 00:01:13,,,listing,2,16000,"ぴあプレリザーブ先行、すり替えなし
上乗せでアプグレ対応可能です。
公演中止の場合のみ、定価分返金させていただきます。",True,,,absent_unverified,,2026-09-27 09:48:30,,,,,,,,,,,
6cqgyw9qdc,1788254190918,tvasahi-dream-festival-2026,2026-11-21,15:00,Kアリーナ横浜,paper,female,当日手渡しまたは公演3日前に郵送,あ,5.0,,番手,2026-09-01 09:16:30,,2026-09-03 15:01:14,,,deleted,2,14800,"最速先行/2名義中2番手/すり替えなし
✨️プラベル移行の場合14,210円/枚✨️

2名義ともアプグレ申込予定のため、アプグレが当選した際にはアプグレ代定価...",True,,,,,,,,,,,,,,,,
wgim535m8w,1788273521642,tvasahi-dream-festival-2026,2026-11-21,15:00,Kアリーナ横浜,paper,female,当日手渡し,K,5.0,,番手,2026-09-01 14:38:41,,2026-09-03 08:01:15,,,deleted,2,15000,"チケットぴあ“いち早プレリザーブ※NICOS限定”での当選

2名義中2番手/すり替えなし

2名義ともアプグレ申込予定のため、アプグレが当選した際にはアプグレ...",True,,,,,,,,,,,,,,,,
sivbp7ohd5,1788356721170,tvasahi-dream-festival-2026,2026-11-21,15:00,Kアリーナ横浜,pickup_number,female,11/18に発券番号の共有,mimimi,5.0,,同行QR,2026-09-02 13:45:21,,2026-09-04 18:01:17,2026-09-03 06:01:18,transition_observed,sold,2,9800,"チケットぴあ いち早プレリザーブ での当選

✨価格交渉🉑プライベート出品、プラベルに切り替えさせていただく場合0.95にお値下げいたしますのでお気軽にお声が...",True,,,,,,,,,,,,,,,,
sx6oyhfkj2,1788315326434,tvasahi-dream-festival-2026,2026-11-21,15:00,Kアリーナ横浜,paper,female,当日手渡し,Ａ,5.0,,,2026-09-02 02:15:26,,2026-09-03 12:01:16,,,deleted,2,14000,"2名義中2番手です。アプグレ対応します。
",True,,,,,,,,,,,,,,,,
9ip1ize8q5,1788408190272,tvasahi-dream-festival-2026,2026-11-21,15:00,Kアリーナ横浜,electronic,female,発券番号,R,5.0,,,2026-09-03 04:03:10,,2026-09-03 11:01:19,,,deleted,2,15000,いち早プレリザーブでの当選 アプグレ可能です。アプグレ希望の場合ご相談ください。,True,,,,,,,,,,,,,,,,
xu1vjsy3gv,1788436339348,tvasahi-dream-festival-2026,2026-11-21,15:00,Kアリーナ横浜,electronic,female,分配または発券済チケットを当日手渡し,ゆん,5.0,,ランダム,2026-09-03 11:52:19,,2026-09-03 13:01:16,,,deleted,2,7000,"いち早プレリザーブ当選名義の中からランダム配布
(すべての名義にてアップグレード申し込みいたしますが、落選の場合もございますため確約ではございません。)
2枚でご購入いただいた場合は2連でお渡し致します。
11/18 12:00～発券開始となりますが、発券日の座席開示の状況によりお渡し方法が異なります。
発券済みのチケットを公演当日手渡しもしくはチケットごと分配でのお渡しになります。どちらも対応可能な方のみご購入をお願いいたします。
公演中止以外の理由での返金不可です。",True,,,,,,,,,,,,,,,,
cw7kmf6bmd,,kamigata-expo-park-fes-2026,2026-10-31,,[大阪府] 万博記念公園,electronic,female,公演日前日にログイン情報共有します。,るる,5.0,,QR,2026-08-27 19:39:15,,2026-09-04 19:01:10,,,listing,2,38000,"QR毎/初期当選/有効期限内/重複すり替えなし/下3桁提示可/発送物戻りなし/過去エラー等なし/WEST.名義

公演前日にログイン情報共有いたしますのでご自身...",True,,,absent_unverified,,2026-09-27 09:48:30,,,,,,,,,,,
a533bxapgq,,kamigata-expo-park-fes-2026,2026-10-31,,[大阪府] 万博記念公園,electronic,female,同行,Zuu,5.0,,番手,2026-08-25 05:37:51,,2026-09-04 19:01:10,,,listing,1,35000,"2名義×2連中　2番手の1枚
supereightFC×supereightFC当選。
すり替えなし/下3桁提示可能/有効期限内/初期当選/郵送物戻りなし/コン...",True,,,absent_unverified,,2026-09-27 09:48:30,,,,,,,,,,,
nw841oep9b,,kamigata-expo-park-fes-2026,2026-10-31,,[大阪府] 万博記念公園,electronic,female,同行,か,5.0,,番手,2026-08-23 21:19:58,,2026-09-04 19:01:10,,,listing,2,35000,"3名義中2番手/全てジュニア名義/初期当選/下3桁提示可能/エラー、郵送物戻りなし

・同時入場後一旦チケットを回収し、こちらでチケットを選択後に選んでいただき...",True,,,absent_unverified,,2026-09-27 09:48:30,,,,,,,,,,,
8kklmjybxo,1787586325069,kamigata-expo-park-fes-2026,2026-10-31,,[大阪府] 万博記念公園,paper,female,同時入場,K⭐️,5.0,,番手,2026-08-24 15:45:25,,2026-09-04 11:01:12,,,deleted,1,18000,"4名義中4番手

なにわ名義(単番✖️2、２連✖️1)
(女性名義✖️2、男性名義✖️1)

・ドームスタンド上段✖️2
・アルファスタンド✖️1

初期当選/...",True,,,,,,,,,,,,,,,,
frgh5ft930,,kamigata-expo-park-fes-2026,2026-10-31,,[大阪府] 万博記念公園,electronic,female,QRごと 公演前日QRコード共有,くま,5.0,,,2026-09-03 10:51:53,,2026-09-04 19:01:10,2026-09-04 19:01:10,transition_observed,sold,1,30000,"QRごと Aぇ名義 有効期限内 下3桁開示可
公演前日にマイページにてログイン情報お伝えします。入場後は速やかにログアウト及び受け取り評価をお願いします。公演中...",True,,,,,,,,,,,,,,,,
3f69x23ua9,,kamigata-expo-park-fes-2026,2026-10-31,,[大阪府] 万博記念公園,electronic,female,2名義中2番手 同行,M,5.0,,番手,2026-08-29 23:49:41,,2026-09-04 19:01:10,,,listing,1,25000,"初期当選/2名義中2番手/有効期限内/Aぇ×Aぇ名義/すり替えなし

・当方の都合により入場時間が8時半以降となるため、それでも問題ない方のみ購入をご検討くださ...",True,,,absent_unverified,,2026-09-27 09:48:30,,,,,,,,,,,
ltmvf8q0na,,kamigata-expo-park-fes-2026,2026-10-31,,[大阪府] 万博記念公園,electronic,female,QR,☆,5.0,,同行記載あり,2026-08-24 09:07:58,,2026-09-04 19:01:10,2026-09-04 19:01:10,transition_observed,sold,2,33000,QRごと。FC×FC当選。すり替えなし。下3桁提示可能。有効期限内。初期当選。着ブロ希望なし。郵送物戻りなし。コンビニ決済。過去エラーなし。同行者チェックのみこ...,True,,,,,,,,,,,,,,,,
lbd0iyp6dc,,kamigata-expo-park-fes-2026,2026-10-31,,[大阪府] 万博記念公園,electronic,female,公演日前日にログイン情報共有,R,5.0,,QR,2026-08-24 10:16:20,,2026-09-04 19:01:10,,,listing,1,50000,"初期当選、有効期限内、下3桁提示可、重複すり替えなし

公演日前日にログイン情報を連絡ボードにてお伝え致します。公演日当日入場後は速やかにログアウトして頂き、必...",True,,,absent_unverified,,2026-09-27 09:48:30,,,,,,,,,,,
cq92lv5af1,,kamigata-expo-park-fes-2026,2026-10-31,,[大阪府] 万博記念公園,electronic,female,公演日前日までにログイン情報共有,C,5.0,,QR,2026-09-03 15:03:43,,2026-09-04 19:01:10,,,listing,2,45000,FC初期当選 / なにわ名義 / 重複すり替えなし / QR毎2連 / 郵送物エラー等なし / 下3桁提示可,True,,,absent_unverified,,2026-09-27 09:48:30,,,,,,,,,,,
w39vsfoc30,,kamigata-expo-park-fes-2026,2026-10-31,,[大阪府] 万博記念公園,electronic,female,同行,Me_7teor,5.0,,QR番手,2026-08-27 04:17:14,,2026-09-04 19:01:10,,,listing,2,0,"4名義中3番手
WEST.名義/有効期限内/すり替えなし/下三桁提示可能

ランダムエラー、出演者変更、体調不良、交通機関の乱れなどの如何なる理由により入場でき...",True,,,absent_unverified,,2026-09-27 09:48:30,,,,,,,,,,,
vg7jm1jmd8,,kamigata-expo-park-fes-2026,2026-10-31,,[大阪府] 万博記念公園,electronic,female,公演日前日にログイン情報共有,my,5.0,,QR,2026-09-02 11:49:23,,2026-09-04 19:01:10,,,listing,2,40000,"WEST.名義/QRごと/すり替えなし/会員番号下3桁提示可/初期当選/有効期限内

・公演日の前日にログイン情報をお伝えします。
・ログイン情報は他の方にお伝...",True,,,absent_unverified,,2026-09-27 09:48:30,,,,,,,,,,,
1h9udifga6,,kamigata-expo-park-fes-2026,2026-10-31,,[大阪府] 万博記念公園,electronic,female,同行,Me_7teor,5.0,,ランダム,2026-08-27 04:20:38,,2026-09-04 19:01:10,,,listing,2,30000,"ランダム
WEST.名義/有効期限内/15分前渡し

ランダムエラー、出演者変更、体調不良、交通機関の乱れなどの如何なる理由により入場できなかった場合でも受け取...",True,,,absent_unverified,,2026-09-27 09:48:30,,,,,,,,,,,
ufqk3li99a,,kamigata-expo-park-fes-2026,2026-10-31,,[大阪府] 万博記念公園,electronic,female,公演前日ログイン情報送付,14,5.0,,QR,2026-08-30 14:04:37,,2026-09-04 19:01:10,2026-09-04 19:01:10,transition_observed,sold,2,40000,"west.名義/初期当選/有効期限内会員/QRでのお譲り/すり替えなし/下3桁提示可能

公演前日にログイン情報を送付します。
入場後は速やかにログアウトくださ...",True,,,,,,,,,,,,,,,,
fe9vd84qyr,,kamigata-expo-park-fes-2026,2026-10-31,,[大阪府] 万博記念公園,electronic,female,公演日1日前までにQRコード共有,ｙ,5.0,,QR,2026-08-23 14:38:32,,2026-09-04 19:01:10,,,listing,1,53000,"なにわ名義/初期当選/重複すり替えなし/有効期限内/下３桁開示可/発送物戻り無/過去エラー歴無

公演前日に必要な情報等を連絡ボードにてお知らせ致します。代表者...",True,,,absent_unverified,,2026-09-27 09:48:30,,,,,,,,,,,
fhn8ad8gz6,,kamigata-expo-park-fes-2026,2026-10-31,,[大阪府] 万博記念公園,electronic,female,同行,Jn,5.0,,同行,2026-08-30 12:02:03,,2026-09-04 19:01:10,,,listing,1,42000,エイト名義(同行WEST.)/自名義/初期当選/下3桁共有可能/1名義中1名義目/すり替えなし/有効期限内/同行,True,,,absent_unverified,,2026-09-27 09:48:30,,,,,,,,,,,
ohae7m0gzp,,kamigata-expo-park-fes-2026,2026-10-31,,[大阪府] 万博記念公園,electronic,female,同行,K,5.0,,同行番手,2026-08-24 11:45:30,,2026-09-04 19:01:10,,,listing,2,25000,"2名義中2番手/有効期限内/すり替えなし/初期当選

チケット代支払い済みです。
プライベート出品希望のため購入前にコメントお願いいたします。

公演当日、会場...",True,,,absent_unverified,,2026-09-27 09:48:30,,,,,,,,,,,
f40vfpz31f,,kamigata-expo-park-fes-2026,2026-10-31,,[大阪府] 万博記念公園,electronic,female,同時入場,K⭐️,5.0,,番手,2026-08-30 22:56:21,,2026-09-04 19:01:10,2026-09-04 19:01:10,transition_observed,sold,1,20000,"4名義中3番手

なにわ名義(単番✖️2、２連✖️1)
(女性名義✖️2、男性名義✖️1)

・ドームスタンド上段✖️2
・アルファスタンド✖️1

初期当選/...",True,,,,,,,,,,,,,,,,
earea5kkm5,,kamigata-expo-park-fes-2026,2026-10-31,,[大阪府] 万博記念公園,electronic,female,同行,Me_7teor,5.0,,番手,2026-08-27 04:14:30,,2026-09-04 19:01:10,,,listing,2,0,"4名義中2番手
WEST.名義/有効期限内/すり替えなし/下三桁提示可能

ランダムエラー、出演者変更、体調不良、交通機関の乱れなどの如何なる理由により入場でき...",True,,,absent_unverified,,2026-09-27 09:48:30,,,,,,,,,,,
co9wanw4ev,,kamigata-expo-park-fes-2026,2026-10-31,,[大阪府] 万博記念公園,electronic,female,同行,かりんとう,5.0,,番手,2026-08-26 10:22:31,,2026-09-04 19:01:10,,,listing,1,38000,"2名義中2番手

初期当選/有効期限名義のみ/なにわ名義×2/下3桁提示可/返送物戻り無し

開場時間前の集合を考えております。
・入場後はチケットを一旦回収し...",True,,,absent_unverified,,2026-09-27 09:48:30,,,,,,,,,,,
4pr15tbdec,,kamigata-expo-park-fes-2026,2026-10-31,,[大阪府] 万博記念公園,electronic,female,公演前日にログイン情報共有,い,5.0,,QR,2026-09-01 07:40:30,,2026-09-04 19:01:10,,,listing,1,40000,"なにわ男子名義 / QR毎 / 重複すり替えなし / 初期当選 / 有効期間内 / 下3桁提示

エラー歴なし

公演の前日に連絡ボードにてログイン情報をお伝え...",True,,,absent_unverified,,2026-09-27 09:48:30,,,,,,,,,,,
k7mpth5bqf,,kamigata-expo-park-fes-2026,2026-10-31,,[大阪府] 万博記念公園,electronic,female,2名義中2番手,a,5.0,,番手,2026-09-02 15:37:23,,2026-09-04 19:01:10,,,listing,2,25000,"【2名義中2番手】/初期当選/該当名義/有効期限内/変更ボタンあり/重複すり替えなし/下3桁提示可/EIGHT名義、ジュニア名義

※~8:30前集合可能な方の...",True,,,absent_unverified,,2026-09-27 09:48:30,,,,,,,,,,,
1mg9lw2m3h,,kamigata-expo-park-fes-2026,2026-10-31,,[大阪府] 万博記念公園,electronic,female,公演日前日までにログイン情報共有,23,5.0,,QR,2026-09-03 10:33:59,,2026-09-04 19:01:10,,,listing,2,30000,"QR毎のお譲り
ジュニア名義（嶋﨑名義）×一般名義／下3桁提示可能／有効期限内／
前日までにログイン情報をお伝えさせていただきますので、ログインし確認お願いいた...",True,,,absent_unverified,,2026-09-27 09:48:30,,,,,,,,,,,
8q6d7l1f3m,,kamigata-expo-park-fes-2026,2026-10-31,,[大阪府] 万博記念公園,electronic,female,公演日7日前までにQRコード共有,す☆,5.0,,QR,2026-08-31 07:13:34,,2026-09-04 19:01:10,,,listing,2,35000,"QR毎/初期当選/有効期限内/重複すり替えなし/下3桁提示可/発送物戻りなし/過去エラー等なし/代表者同行者なにわ男子名義/

公演前日にログイン情報共有いたし...",True,,,absent_unverified,,2026-09-27 09:48:30,,,,,,,,,,,
sgf2zndwc5,,kamigata-expo-park-fes-2026,2026-10-31,,[大阪府] 万博記念公園,electronic,female,同行,そ。,5.0,,同行,2026-08-25 11:19:32,,2026-09-04 19:01:10,2026-09-04 19:01:10,transition_observed,sold,1,35000,"当方の同行者枠/初期当選/すり替えなし/下3桁提示可/有効期限内/Aぇ×Aぇ名義

・入場後は速やかにログアウト・受け取り通知をお願いいたします。
・座席に関す...",True,,,,,,,,,,,,,,,,
mqsqs3roms,,kamigata-expo-park-fes-2026,2026-10-31,,[大阪府] 万博記念公園,electronic,female,同行,もち,5.0,,ランダム記載あり,2026-08-26 04:47:12,,2026-09-04 19:01:10,2026-09-04 19:01:10,transition_observed,sold,2,23000,"4名義中4番手名義

全てなにわ名義

初期当選/有効期限内/すり替えなし/下3桁提示可能

・公演中止以外の返金、キャンセルの対応はいたしかねますので、ご了承...",True,,,,,,,,,,,,,,,,
oajkr9cdlt,,kamigata-expo-park-fes-2026,2026-10-31,,[大阪府] 万博記念公園,electronic,female,同行,R,5.0,,同行,2026-09-01 12:17:46,,2026-09-04 19:01:10,2026-09-04 19:01:10,transition_observed,sold,1,40000,"2名義中1番手 当方と同行

11/1もあるのでお声かけください

",True,,,,,,,,,,,,,,,,
mzo1xg27vr,1787494150171,kamigata-expo-park-fes-2026,2026-10-31,,[大阪府] 万博記念公園,electronic,female,同行,Na,5.0,,同行,2026-08-23 14:09:10,,2026-09-04 13:01:12,,,deleted,2,25000,"2名義中2番手/有効期限内/すり替えなし/下3桁提示可能/初期当選

プラベルでお取引したいので購入前にコメントお願いいたします。

同時入場し、入場後一旦チケ...",True,,,,,,,,,,,,,,,,
79dg7wjf2d,,kamigata-expo-park-fes-2026,2026-10-31,,[大阪府] 万博記念公園,electronic,female,同時入場、2名義中2番手,あ,5.0,,番手同行,2026-08-23 18:00:27,,2026-09-04 19:01:10,,,listing,2,33000,"2名義中2番手

プラベル出品可

初期当選/有効期限名義のみ/なにわ×なにわ 2名義/下3桁提示可/返送物戻り無し

開場時間前の集合を考えております。
・入...",True,,,absent_unverified,,2026-09-27 09:48:30,,,,,,,,,,,
a2nsu8mxfr,,kamigata-expo-park-fes-2026,2026-11-01,,[大阪府] 万博記念公園,electronic,female,2名義中2番手,麻辣,5.0,,番手,2026-08-25 06:37:50,,2026-09-04 19:01:10,,,listing,2,30000,"2名義中2番手
名義・同行者共にAぇFC会員
当日当方の指定した場所時間に集合し、同時入場当方が選ばなかった方のチケットをお渡しいたします。集合時間や場所は前日...",True,,,absent_unverified,,2026-09-27 09:48:30,,,,,,,,,,,
zwq2npkl40,,kamigata-expo-park-fes-2026,2026-11-01,,[大阪府] 万博記念公園,electronic,female,5名義中4番手,え,5.0,,同行番手,2026-08-23 14:23:30,,2026-09-04 19:01:10,2026-09-04 19:01:10,transition_observed,sold,2,25000,"FC・情報局先行/有効期限内/5名義中4番手/すり替えなし/下3桁提示可

開場時間の8:30入場の可能性があります。
会場付近にて待ち合わせし同時入場していた...",True,,,,,,,,,,,,,,,,
hwvjqa5izy,,kamigata-expo-park-fes-2026,2026-11-01,,[大阪府] 万博記念公園,electronic,female,同行,⭐︎🐬,5.0,,,2026-08-29 11:27:56,,2026-09-04 19:01:10,,,listing,2,22500,"3名義中3番手/すり替えなし/下3桁提示可/有効期限内/全てAぇ名義

開場時間にお越し頂ける方のみご購入をお願いいたします。入場方法によってQR毎のお渡しにな...",True,,,absent_unverified,,2026-09-27 09:48:30,,,,,,,,,,,
pjgp35p4yg,,kamigata-expo-park-fes-2026,2026-11-01,,[大阪府] 万博記念公園,electronic,female,公演前日にログイン情報共有,14,5.0,,QR,2026-08-31 02:04:07,,2026-09-04 19:01:10,2026-09-04 19:01:10,transition_observed,sold,2,40000,"WEST.名義//QRごと/すり替えなし会員番号下3桁開示可/初期当選/有効期限内

公演日の前日にログイン情報をお伝えします。

ログイン情報は他の方にお伝え...",True,,,,,,,,,,,,,,,,
cy2rnxyfwt,,kamigata-expo-park-fes-2026,2026-11-01,,[大阪府] 万博記念公園,paper,female,当日手渡し,🌟,5.0,,番手,2026-08-26 05:14:14,,2026-09-04 19:01:10,,,listing,2,31111,"🌸 お値下げ可能なのでご希望額ご連絡ください🌸

ファンクラブ先行/初期当選/有効期限内/コンビニ決済済

2名義中2番手

公演当日 会場付近にて待ち合わ...",True,,,absent_unverified,,2026-09-27 09:48:30,,,,,,,,,,,
zfbt3wa05w,,kamigata-expo-park-fes-2026,2026-11-01,,[大阪府] 万博記念公園,electronic,female,公演日前日にログイン情報共有,ゆ,5.0,,QR,2026-09-02 23:48:19,,2026-09-04 19:01:10,,,listing,2,30000,"初期当選/QR毎/すり替えなし/有効期限内/エラー歴等なし/下3桁提示可/情報局名義
公演日前日に連絡ボードにてログイン情報お伝えします。
当日入場後は速やかに...",True,,,absent_unverified,,2026-09-27 09:48:30,,,,,,,,,,,
kuyszny7w9,,kamigata-expo-park-fes-2026,2026-11-01,,[大阪府] 万博記念公園,electronic,female,同行,小枝,5.0,,番手,2026-08-30 22:27:29,,2026-09-04 19:01:10,,,listing,2,55000,"3名義中2番手/すり替えなし/下3桁提示可/初期当選名義含む/有効会員/なにわ男子名義

★当日の流れ★
会場10分前にこちらの指定した場所に集合し、その際にロ...",True,,,absent_unverified,,2026-09-27 09:48:30,,,,,,,,,,,
yuj1oln0m7,,kamigata-expo-park-fes-2026,2026-11-01,,[大阪府] 万博記念公園,electronic,female,5名義中3番手,え,5.0,,番手,2026-08-23 14:26:35,,2026-09-04 19:01:10,,,listing,2,30000,"FC.情報局先行/有効期限内/5名義中3番手/すり替えなし/下3桁提示可

開場時間の8:30入場の可能性があります。
会場付近にて待ち合わせし同時入場していた...",True,,,absent_unverified,,2026-09-27 09:48:30,,,,,,,,,,,
ittbhujbrc,,kamigata-expo-park-fes-2026,2026-11-01,,[大阪府] 万博記念公園,electronic,female,公演日前日までにQRコード共有,m,5.0,,QR,2026-09-03 09:01:08,,2026-09-04 19:01:10,,,listing,2,35000,"なにわ名義/FC×FC/初期当選/QR毎/すり替えなし/有効期限内/エラー歴等なし/下3桁提示可/前回ドームビスタ席
公演日前日にログイン情報お伝えします。
当...",True,,,absent_unverified,,2026-09-27 09:48:30,,,,,,,,,,,
woyf551fo8,,kamigata-expo-park-fes-2026,2026-11-01,,[大阪府] 万博記念公園,electronic,female,公演前日にログイン情報共有,s,5.0,,QR,2026-08-25 07:30:59,,2026-09-04 19:01:10,,,listing,1,55000,"なにわ名義/条件なし/QRごと/重複すり替えなし/下3桁開示可/初期当選/有効期限内/郵送物戻りなし

公演日前日にログイン情報をお伝えいたします。
プラベル可...",True,,,absent_unverified,,2026-09-27 09:48:30,,,,,,,,,,,
iq0u6jzc67,,kamigata-expo-park-fes-2026,2026-11-01,,[大阪府] 万博記念公園,electronic,female,前日にQRコード共有,Y,4.5,,QR,2026-08-24 01:19:10,,2026-09-04 19:01:10,,,listing,1,60000,"なにわ名義/初期当選/重複すり替えなし/有効期限内/下３桁開示可/発送物戻り無/過去エラー歴無

公演前日に必要な情報等を連絡ボードにてお知らせ致します。
公演...",True,,,absent_unverified,,2026-09-27 09:48:30,,,,,,,,,,,
41cb4qae1m,,kamigata-expo-park-fes-2026,2026-11-01,,[大阪府] 万博記念公園,electronic,female,公演日前日にログイン情報共有,💖,5.0,,QR,2026-08-24 09:00:05,,2026-09-04 19:01:10,,,listing,2,38500,"QR毎/初期当選(Aぇ名義×Aぇ名義)/有効期限内/下3桁提示可/重複すり替えなし

公演日前日にログイン情報を連絡ボードにてお伝えいたします。
公演日当日入場...",True,,,absent_unverified,,2026-09-27 09:48:30,,,,,,,,,,,
1i1ifq5gk3,,kamigata-expo-park-fes-2026,2026-11-01,,[大阪府] 万博記念公園,electronic,male,公演日前日までにQRコード共有,k,5.0,,QR,2026-08-26 02:54:50,,2026-09-04 19:01:10,,,listing,2,40000,"QR毎/Aぇ! group×Aぇ! group名義/FC初期当選/有効期限内/下三桁提示可/重複なし

QR毎でのお譲りとなります。

前日にQR表示に必要な情...",True,,,absent_unverified,,2026-09-27 09:48:30,,,,,,,,,,,
oukjxy7ich,,kamigata-expo-park-fes-2026,2026-11-01,,[大阪府] 万博記念公園,electronic,female,公演前日ログイン情報共有,kaka,5.0,,QR,2026-09-01 07:43:20,,2026-09-04 19:01:10,,,listing,1,30000,"WEST.名義//QRごと/すり替えなし会員番号下3桁開示可/初期当選/有効期限内

ご購入いただきました時点で下3桁をお送りいたします。

公演日の前日にログ...",True,,,absent_unverified,,2026-09-27 09:48:30,,,,,,,,,,,
g5t16m9x9t,,kamigata-expo-park-fes-2026,2026-11-01,,[大阪府] 万博記念公園,electronic,female,同時入場又はQRごと,りりり,5.0,,番手QR,2026-08-28 04:08:11,,2026-09-04 19:01:10,,,listing,2,23000,"【2名義中2番手】／すり替えなし／有効期限内／下3桁提示可／エラー歴なし

公演当日は、こちらが指定する時間・場所に集合していただき、同時入場を予定しております...",True,,,absent_unverified,,2026-09-27 09:48:30,,,,,,,,,,,
jr7ako4nf6,,kamigata-expo-park-fes-2026,2026-11-01,,[大阪府] 万博記念公園,electronic,female,公演日前日にQRコード共有,kt,5.0,,QR,2026-09-02 05:45:18,,2026-09-04 19:01:10,,,listing,2,35000,"WEST.FC初期当選　同行者WEST.FC
プラベ出品にしますので購入ご希望の方はお伝えください
QR毎のお渡しとなります。
有効期限内名義、同一クレカ決済な...",True,,,absent_unverified,,2026-09-27 09:48:30,,,,,,,,,,,
kzmenk5wht,,kamigata-expo-park-fes-2026,2026-11-01,,[大阪府] 万博記念公園,electronic,female,当日同時入場,ぴ,5.0,,QR番手,2026-08-27 14:09:18,,2026-09-04 19:01:10,2026-09-04 19:01:10,transition_observed,sold,2,30000,"プライベート出品にするので購入前にコメントください。
2名義中2番手　2連
Aぇ名義とジュニア名義
下三桁提示可/すり替えなし/有効期限内
当日、指定した時間と...",True,,,,,,,,,,,,,,,,
od2spdobm2,,kamigata-expo-park-fes-2026,2026-11-01,,[大阪府] 万博記念公園,electronic,female,公演日前日にログイン情報共有,my,5.0,,QR,2026-09-02 11:51:32,,2026-09-04 19:01:10,,,listing,2,40000,"WEST.名義/QR毎/すり替えなし/会員番号下3桁提示可/初期当選/有効期限内

・公演日の前日にログイン情報をお伝えします。
・ログイン情報は他の方にお伝え...",True,,,absent_unverified,,2026-09-27 09:48:30,,,,,,,,,,,
euu38orxwj,,kamigata-expo-park-fes-2026,2026-11-01,,[大阪府] 万博記念公園,electronic,female,公演前日QRコード共有,ゅ,5.0,,番手,2026-08-24 15:26:55,,2026-09-04 19:01:10,,,listing,2,36000,"⭐️QR毎⭐️
プラベルでの取引になるため、コメントお願いします。
･有効期限内 下3桁提示可 初期当選 
･代表者、同行者共にWEST名義
・郵送物戻りなし...",True,,,absent_unverified,,2026-09-27 09:48:30,,,,,,,,,,,
yxf7agn2wj,,kamigata-expo-park-fes-2026,2026-11-01,,[大阪府] 万博記念公園,electronic,female,2名義中2番手,a,5.0,,番手,2026-09-02 15:38:46,,2026-09-04 19:01:10,2026-09-04 19:01:10,transition_observed,sold,2,28000,"【2名義中2番手】/初期当選/該当名義/有効期限内/変更ボタンあり/重複すり替えなし/下3桁提示可/なにわ名義、ジュニア名義

※~8:30前集合可能な方のみご...",True,,,,,,,,,,,,,,,,
0k4g84vkz5,,kamigata-expo-park-fes-2026,2026-11-01,,[大阪府] 万博記念公園,electronic,female,公演日前日までにQRコード共有,🐶,5.0,,QR,2026-09-02 17:43:56,,2026-09-04 19:01:10,2026-09-04 19:01:10,transition_observed,sold,2,33000,"WEST.名義/同行者WEST.名義/QRごと/すり替えなし会員番号下3桁開示可/初期当選/有効期限内
代表者名義前ツ落選名義
ご購入いただきました時点で下3桁...",True,,,,,,,,,,,,,,,,
v44p811cmf,,kamigata-expo-park-fes-2026,2026-11-01,,[大阪府] 万博記念公園,electronic,female,同行,小枝,5.0,,同行,2026-08-30 22:29:58,,2026-09-04 19:01:10,,,listing,2,50000,"3名義中3番手/すり替えなし/下3桁提示可/初期当選名義含む/有効会員/なにわ男子名義

★当日の流れ★
会場10分前にこちらの指定した場所に集合し、その際にロ...",True,,,absent_unverified,,2026-09-27 09:48:30,,,,,,,,,,,
dik9cvm6mk,,kamigata-expo-park-fes-2026,2026-11-01,,[大阪府] 万博記念公園,electronic,female,公演日前日にログイン情報共有,え,5.0,,QR,2026-09-02 11:48:34,,2026-09-04 19:01:10,,,listing,2,40000,"WEST.名義/QRごと/すり替えなし/会員番号下3桁提示可/初期当選/有効期限内

・公演日の前日にログイン情報をお伝えします。
・ログイン情報は他の方にお伝...",True,,,absent_unverified,,2026-09-27 09:48:30,,,,,,,,,,,
9e9pyfgcvg,,kamigata-expo-park-fes-2026,2026-11-01,,[大阪府] 万博記念公園,electronic,female,同行,Na,5.0,,同行,2026-08-23 14:08:07,,2026-09-04 19:01:10,,,listing,2,30000,"3名義中2番手/有効期限内/すり替えなし/初期当選

プラベルにてお取引したいので購入前にコメントお願いいたします。

同時入場し、入場後一旦チケットを回収し当...",True,,,absent_unverified,,2026-09-27 09:48:30,,,,,,,,,,,
xem1tnedms,,kamigata-expo-park-fes-2026,2026-11-01,,[大阪府] 万博記念公園,electronic,female,公演前日QRコード共有,ゅ,5.0,,QR,2026-09-01 17:05:20,,2026-09-04 19:01:10,,,listing,2,35000,"⭐️QR毎⭐️
プラベルでの取引になるため、コメントお願いします。
･有効期限内 下3桁提示可 初期当選 
･代表者、同行者共にWEST名義
・郵送物戻りなし...",True,,,absent_unverified,,2026-09-27 09:48:30,,,,,,,,,,,
ip30xz742v,,kamigata-expo-park-fes-2026,2026-11-01,,[大阪府] 万博記念公園,electronic,female,公演日前日にQRコード共有,あ,5.0,,QR,2026-08-24 04:45:07,,2026-09-04 19:01:10,,,listing,1,35000,"QR毎/単番/WEST名義/座席未定/初期当選/有効期限内/下3桁提示可/発送物戻りなし/重複すり替えなし

入金確認後、下3桁提示可能です。
公演前日になりま...",True,,,absent_unverified,,2026-09-27 09:48:30,,,,,,,,,,,
o8t54i9t6w,1788273324946,tvasahi-dream-festival-2026,2026-11-21,15:00,Kアリーナ横浜,pickup_number,female,公演日3日前までに発券番号共有,ら,4.9,,,2026-09-01 14:35:24,,2026-09-04 15:01:50,,,deleted,2,12000,"チケットぴあ いち早プレリザーブ での当選

11/18(木)に発券番号をお伝えしますのでご自身で発券をお願いいたします。(上乗せでアプグレ対応可能です。ご希望...",True,,,,,,,,,,,,,,,,
11vhq3v7r1,,tvasahi-dream-festival-2026,2026-11-21,15:00,Kアリーナ横浜,electronic,female,公演日7日前までにQRコード共有,ちゃん,5.0,,,2026-09-02 08:57:23,,2026-09-05 00:01:13,,,listing,2,13500,"ぴあプレミアム先行　すり替えなし。
代金上乗せでアプグレ対応可です。

発券開始後に、発券番号を連絡いたしますのでご自身で発券していただく形になります。

公演...",True,,,absent_unverified,,2026-09-27 09:48:30,,,,,,,,,,,
6ni9ezt4f3,,tvasahi-dream-festival-2026,2026-11-21,15:00,Kアリーナ横浜,pickup_number,female,公演日3日前までに発券番号共有,ら,4.9,,,2026-09-03 07:12:12,,2026-09-05 00:01:13,,,listing,2,11000,"チケットぴあ いち早プレリザーブ での当選

11/18(木)に発券番号をお伝えしますのでご自身で発券をお願いいたします。

必ず発券次第速やかに受け取り連絡を...",True,,,absent_unverified,,2026-09-27 09:48:30,,,,,,,,,,,
kuoib9yh11,,tvasahi-dream-festival-2026,2026-11-21,15:00,Kアリーナ横浜,paper,female,発券番号をお伝え致します,R,5.0,,,2026-09-01 12:31:37,,2026-09-05 00:01:13,,,listing,2,16000,"ぴあプレリザーブ先行、すり替えなし
上乗せでアプグレ対応可能です。
公演中止の場合のみ、定価分返金させていただきます。",True,,,absent_unverified,,2026-09-27 09:48:30,,,,,,,,,,,
c23ql7egfo,,tvasahi-dream-festival-2026,2026-11-21,15:00,Kアリーナ横浜,electronic,female,分配,な,5.0,,,2026-09-03 05:55:22,,2026-09-05 00:01:13,,,listing,2,14700,"いち早プレリザーブにて当選
アプグレご希望であれば当選時定価分上乗せ頂ける方のみ対応可能です。申し込み時の上乗せは不要。
ご購入前にご相談ください。
公演中止以...",True,,,absent_unverified,,2026-09-27 09:48:30,,,,,,,,,,,
8ivwbe7cov,,tvasahi-dream-festival-2026,2026-11-21,15:00,Kアリーナ横浜,electronic,female,公演日3日前よりご自身で発券,り,5.0,,,2026-09-01 11:07:11,,2026-09-05 00:01:13,,,listing,2,14000,"ぴあプレミアム先行　すり替えなし。

アプグレ対応不可

発券開始後に、発券番号を連絡いたしますのでご自身で発券していただく形になります。

公演中止以外、如何...",True,,,absent_unverified,,2026-09-27 09:48:30,,,,,,,,,,,
ycd6mvznyg,1788257327707,tvasahi-dream-festival-2026,2026-11-21,15:00,Kアリーナ横浜,pickup_number,female,入金後2日以内に発券番号共有,☆,5.0,,QR,2026-09-01 10:08:47,,2026-09-04 18:01:17,2026-09-04 09:01:13,transition_observed,sold,2,14900,"いち早ぴあプレミアム先行　重複すり替えなし1番手
代金上乗せでアプグレ対応可です。

発券開始後に、発券番号を連絡いたしますのでご自身で発券していただく形になり...",True,,,,,,,,,,,,,,,,
lij6wotehh,,tvasahi-dream-festival-2026,2026-11-21,15:00,Kアリーナ横浜,pickup_number,female,公演3日前に発券番号共有,yyy,5.0,,,2026-09-01 09:22:56,,2026-09-05 00:01:13,,,listing,1,2000,"いち早ぴあプレで応募しました。
定価分別で支払いをお願いいたします。
上乗せでアプグレ可能です。
セブンイレブンでの発券になります。
公演中止以外のいかなる場合...",True,,,absent_unverified,,2026-09-27 09:48:30,,,,,,,,,,,
0xn8uxs7os,,tvasahi-dream-festival-2026,2026-11-21,15:00,Kアリーナ横浜,pickup_number,female,11/18に発券番号の共有,mimimi,5.0,,QR同行,2026-09-03 08:28:17,,2026-09-05 00:01:13,,,listing,2,9800,"チケットぴあ いち早プレリザーブ での当選

✨価格交渉🉑プライベート出品、プラベルに切り替えさせていただく場合0.95にお値下げいたしますのでお気軽にお声が...",True,,,absent_unverified,,2026-09-27 09:48:30,,,,,,,,,,,
tw7bxz6gbi,1788334609561,tvasahi-dream-festival-2026,2026-11-21,15:00,Kアリーナ横浜,paper,none,公演日3日前までに発券番号共有,k,5.0,,,2026-09-02 07:36:49,,2026-09-04 10:01:10,,,deleted,1,14000,"いち早プレリザーブ ぴあプレ枠
重複すり替えなし
上乗せにてアプグレ対応可能ですのでご購入前にご連絡ください。

発券開始日時になりましたら発券番号をお伝えしま...",True,,,,,,,,,,,,,,,,
44gdxc5pht,,tvasahi-dream-festival-2026,2026-11-21,15:00,Kアリーナ横浜,electronic,female,発券番号又は分配URLでのお譲り,な,5.0,,,2026-09-01 04:27:44,,2026-09-05 00:01:13,,,listing,2,14000,"いち早プレリザーブ ぴあプレ枠での当選
上乗せでアプグレ対応可
アプグレ落選時のキャンセル不可
発券番号又は分配URLでのお譲り",True,,,absent_unverified,,2026-09-27 09:48:30,,,,,,,,,,,
dszx4o55w5,,tvasahi-dream-festival-2026,2026-11-21,15:00,Kアリーナ横浜,electronic,female,公演3日前に電子チケット分配,🥝,5.0,,,2026-09-01 23:32:05,,2026-09-05 00:01:13,,,listing,2,14900,"いち早ぴあプレミアム先行　重複すり替えなし1番手
代金上乗せでアプグレ対応可です。

発券開始後に、電子チケットを分配にてお渡しいたします。

公演中止以外、如...",True,,,absent_unverified,,2026-09-27 09:48:30,,,,,,,,,,,
q3gx48migc,,tvasahi-dream-festival-2026,2026-11-21,15:00,Kアリーナ横浜,paper,female,公演日3日前までにご自身にて発券,さーやん,5.0,,,2026-09-01 09:42:25,,2026-09-05 00:01:13,,,listing,2,15000,"いち早プレリザーブ、すり替えなし
上乗せでアプグレ対応可能
アプグレ希望の方はコメントお願いします
公演中止の場合のみ、定価分返金させていただきます",True,,,absent_unverified,,2026-09-27 09:48:30,,,,,,,,,,,
ynsjk3iswj,1788436526568,tvasahi-dream-festival-2026,2026-11-21,15:00,Kアリーナ横浜,electronic,female,分配または発券済みチケット当日手渡し,ゆん,5.0,,ランダム,2026-09-03 11:55:26,,2026-09-04 03:01:08,,,deleted,2,6980,"いち早プレリザーブ当選名義の中からランダム配布
(すべての名義にてアップグレード申し込みいたしますが、落選の場合もございますため確約ではございません。)
2枚で...",True,,,,,,,,,,,,,,,,
elu678rx6t,,tvasahi-dream-festival-2026,2026-11-21,15:00,Kアリーナ横浜,paper,female,公演日3日前までに発券番号共有,るる,5.0,,,2026-09-02 02:29:52,,2026-09-05 00:01:13,,,listing,2,14500,"チケットぴあ いち早プレリザーブ での当選

11/18(木)に発券番号をお伝えしますのでご自身で発券をお願いいたします。

主催者側都合での公演中止の場合のみ...",True,,,absent_unverified,,2026-09-27 09:48:30,,,,,,,,,,,
b9z936qqu7,,tvasahi-dream-festival-2026,2026-11-21,15:00,Kアリーナ横浜,electronic,female,公演日3日前よりご自身にて発券,ℳ,5.0,,,2026-09-01 01:56:48,,2026-09-05 00:01:13,,,listing,2,13000,"ぴあプレ先行、すり替えなし。
上乗せでアプグレ対応可能です。
公演中止の場合のみ、定価分返金させていただきます。
",True,,,absent_unverified,,2026-09-27 09:48:30,,,,,,,,,,,
c031gr35dd,,tvasahi-dream-festival-2026,2026-11-21,15:00,Kアリーナ横浜,electronic,female,当日手渡し,な,5.0,,,2026-09-02 11:26:48,,2026-09-05 00:01:13,,,listing,2,15000,"いち早プレリザーブ ぴあプレ枠での当選
すり替えなし

上乗せでアプグレ対応可
希望の場合は事前にメッセージお願いいたします。
アプグレ落選時のキャンセル不可",True,,,absent_unverified,,2026-09-27 09:48:30,,,,,,,,,,,
4cvuh5yjff,,tvasahi-dream-festival-2026,2026-11-21,15:00,Kアリーナ横浜,paper,female,公演日7日前までに郵送,R,5.0,,QR,2026-08-31 09:15:00,,2026-09-05 00:01:13,,,listing,2,15000,"ぴあプレミアム先行、すり替えなし。
2連で購入の場合上乗せでアプグレ対応可能です。
公演中止の場合のみ手数料を差し引いた全額を返金します。
",True,,,absent_unverified,,2026-09-27 09:48:30,,,,,,,,,,,
z8kl5kbv7l,,tvasahi-dream-festival-2026,2026-11-21,15:00,Kアリーナ横浜,electronic,female,分配,chi,5.0,,番手,2026-09-01 13:24:40,,2026-09-05 00:01:13,,,listing,2,14000,"ぴあ最速先行/2名義中2番手/すり替えなし
上乗せでアプグレ可能
公演中止以外の返金キャンセル不可となります。
",True,,,absent_unverified,,2026-09-27 09:48:30,,,,,,,,,,,
9c2qb4b2pu,,tvasahi-dream-festival-2026,2026-11-21,15:00,Kアリーナ横浜,paper,female,要相談,よよ,5.0,,番手,2026-09-01 23:26:27,,2026-09-05 00:01:13,,,listing,2,14500,"最速先行/2名義中2番手/すり替えなし

2名義ともアプグレ申込予定です。
アプグレ当選時は、アプグレ定価分上乗せをお願いします。
公演中止以外の返金は、いかな...",True,,,absent_unverified,,2026-09-27 09:48:30,,,,,,,,,,,
7qy3rfiopx,,tvasahi-dream-festival-2026,2026-11-22,15:00,Kアリーナ横浜,electronic,none,分配,pi,5.0,,,2026-08-31 08:35:49,,2026-09-05 00:01:13,,,listing,1,15000,"ぴあプレミアム先行、すり替えなし。
上乗せでアプグレ対応可能です。
公演中止の場合のみ手数料を差し引いた全額を返金します。",True,,,absent_unverified,,2026-09-27 09:48:30,,,,,,,,,,,
5uh8s9zkhj,,tvasahi-dream-festival-2026,2026-11-22,15:00,Kアリーナ横浜,paper,female,公演日7日前までに郵送,あ,5.0,,,2026-09-01 13:12:10,,2026-09-05 00:01:13,,,listing,2,14000,アプグレ対応可,True,,,absent_unverified,,2026-09-27 09:48:30,,,,,,,,,,,
d74uzyheqe,,tvasahi-dream-festival-2026,2026-11-23,15:00,Kアリーナ横浜,paper,female,当日手渡し,S,5.0,,番手,2026-09-01 10:26:26,,2026-09-05 00:01:13,,,listing,2,15000,"ぴあいち早プレリザーブ
4名義中4番手 当日手渡し
※アプグレご希望されない場合は、発券番号にてお譲り

アプグレご希望の場合、当選時にアプグレ分の差額をいただ...",True,,,absent_unverified,,2026-09-27 09:48:30,,,,,,,,,,,
u93s17fo07,,tvasahi-dream-festival-2026,2026-11-23,15:00,Kアリーナ横浜,paper,female,当日手渡し,えむ,5.0,,,2026-09-01 18:04:28,,2026-09-05 00:01:13,,,listing,2,14500,"集合時間に集合していただき、手渡しいたします。、集合時間厳守
お座席はお選びいただけません。
如何なる場合も購入後公演中止以外の返金不可
アプグレ 申し込み予定...",True,,,absent_unverified,,2026-09-27 09:48:30,,,,,,,,,,,
2miei2juz0,,tvasahi-dream-festival-2026,2026-11-23,15:00,Kアリーナ横浜,paper,female,当日手渡し,a,5.0,,,2026-08-31 15:25:44,,2026-09-05 00:01:13,,,listing,1,18000,"いち早ぴあプレ枠　重複なし。
アプグレ対応可能です。（当選時＋アプグレ代金）
プラベルへ移行しますので購入ご希望の方はメッセージお願いいたします。
",True,,,absent_unverified,,2026-09-27 09:48:30,,,,,,,,,,,
k86drprmkg,,tvasahi-dream-festival-2026,2026-11-23,15:00,Kアリーナ横浜,paper,female,当日手渡し,777,5.0,,番手,2026-09-03 13:13:20,,2026-09-05 00:01:13,,,listing,2,16500,"ぴあいち早プレリザーブにて当選
2名義中2番手 
※アプグレご希望の方は当選時に差額のお支払いをお願いいたします。

・座席はお選びいただけませんのでご了承くだ...",True,,,absent_unverified,,2026-09-27 09:48:30,,,,,,,,,,,
aqu5wyj7yf,,kamigata-expo-park-fes-2026,2026-10-31,,[大阪府] 万博記念公園,electronic,female,同行,ぴょん,5.0,,同行番手,2026-08-22 15:29:16,,2026-09-04 19:01:10,,,listing,2,33000,"初期当選/2名義中2番手/WEST名義のみ/有効期限内名義/すり替えなし/下3桁提示可/発送物戻りなし

・同時入場後はチケットを一旦回収し、当方が選択しなかっ...",True,,,absent_unverified,,2026-09-27 09:48:30,,,,,,,,,,,
5sjg0n38bw,,kamigata-expo-park-fes-2026,2026-10-31,,[大阪府] 万博記念公園,electronic,female,同行,ari,5.0,,同行番手,2026-08-21 15:12:08,,2026-09-04 19:01:10,,,listing,1,35000,"3名義所持(2連×1名義、単番×2名義)/4枚中2番手/初期当選/Aぇ名義/有効期限内/すり替えなし/下3桁提示可

プラベルでのお取引に移行させていただきます...",True,,,absent_unverified,,2026-09-27 09:48:30,,,,,,,,,,,
nlmjqq904v,,kamigata-expo-park-fes-2026,2026-10-31,,[大阪府] 万博記念公園,electronic,female,初期当選、単番QR毎、重複すり替えなし、有効期限内、下3桁可能,み,5.0,,QR,2026-08-21 06:36:46,,2026-09-04 19:01:10,,,listing,1,58000,前日になりましたらログイン情報ご提示いたします。買い手の方で同意チェックしてご入場ください。本人確認、ランダムエラー対応はできません。公演中止のみ返金いたします...,True,,,absent_unverified,,2026-09-27 09:48:30,,,,,,,,,,,
uzy8yr2bvc,,kamigata-expo-park-fes-2026,2026-10-31,,[大阪府] 万博記念公園,electronic,male,公演日前日にQRコード共有,⭐️,5.0,,QR,2026-08-21 06:37:00,,2026-09-04 19:01:10,,,listing,1,55000,"なにわ名義/初期当選/有効期限内/発送物戻り無/同一クレカ無し/過去エラー歴無

公演前日に必要な情報等を連絡ボードにてお知らせ致します。代表者の同意チェックは...",True,,,absent_unverified,,2026-09-27 09:48:30,,,,,,,,,,,
46m8uwa8lf,,kamigata-expo-park-fes-2026,2026-10-31,,[大阪府] 万博記念公園,electronic,female,同行,🦀,5.0,,同行番手,2026-08-22 05:23:46,,2026-09-04 19:01:10,,,listing,2,33000,"2番手中2番
全てAぇ名義/変更ボタンあり/初期当選/期限内/下3桁提示可能/すり替えなし

公演当日、こちらが指定した時間に会場付近にて待ち合わせのうえ、同時...",True,,,absent_unverified,,2026-09-27 09:48:30,,,,,,,,,,,
zjnjx7cfws,,kamigata-expo-park-fes-2026,2026-10-31,,[大阪府] 万博記念公園,electronic,female,2名義中2番手,ち,5.0,,番手,2026-08-21 14:40:50,,2026-09-04 19:01:10,,,listing,2,28000,"2名義中2番手

初期当選/有効期限名義のみ/Aぇ名義/すり替えなし

開場時間前の集合を考えております。
・入場後はチケットを一旦回収し、当方が選ばなかったチ...",True,,,absent_unverified,,2026-09-27 09:48:30,,,,,,,,,,,
dvay9hrh5i,,kamigata-expo-park-fes-2026,2026-10-31,,[大阪府] 万博記念公園,electronic,female,同行,★,5.0,,番手,2026-08-21 07:01:41,,2026-09-04 19:01:10,,,listing,2,33000,"初期当選/3名義中3番手/有効期限名義のみ/WEST×WEST・Aぇ×Aぇ/すり替えなし/下3桁提示可

プラベルでのお取引可能な方はお申し付けください。...",True,,,absent_unverified,,2026-09-27 09:48:30,,,,,,,,,,,
79w4inxeox,,kamigata-expo-park-fes-2026,2026-10-31,,[大阪府] 万博記念公園,electronic,female,入金後24時間以内にQRコード共有,さ,5.0,,番手,2026-08-21 07:18:02,,2026-09-04 19:01:10,,,listing,1,50000,3名義中2番手です。,True,,,absent_unverified,,2026-09-27 09:48:30,,,,,,,,,,,
u94rh48kwq,,kamigata-expo-park-fes-2026,2026-10-31,,[大阪府] 万博記念公園,electronic,female,公演日前日までにQRコード共有,ちゃ,4.5,,QR,2026-08-21 08:15:34,,2026-09-04 19:01:10,2026-09-04 19:01:10,transition_observed,sold,1,38000,WEST.名義/QR毎/重複すり替えなし/初期当選/前回アリツア落選/該当舞台落選/有効期間内/変更ボタンあり/下３桁提示/公演前日までに連絡ボードにてログイン...,True,,,,,,,,,,,,,,,,
dwpmbigh9c,,kamigata-expo-park-fes-2026,2026-10-31,,[大阪府] 万博記念公園,electronic,female,公演前日にログイン情報ご連絡します,さ,5.0,,QR,2026-08-23 10:25:13,,2026-09-04 19:01:10,,,listing,2,60000,"QR毎・初期当選・有効期限内名義・重複すり替えなし・下3桁提示可・発送物戻りなし・過去エラー等なし・申込者、同行者共にWEST.名義

公演前日にログイン情報共...",True,,,absent_unverified,,2026-09-27 09:48:30,,,,,,,,,,,
l3i9ur122y,,kamigata-expo-park-fes-2026,2026-10-31,,[大阪府] 万博記念公園,electronic,female,公演日前日にログイン情報を共有します。,みぃ,5.0,,QR,2026-08-21 08:27:28,,2026-09-04 19:01:10,,,listing,1,35000,"QR毎・初期当選・有効期限内(10月)・重複すり替えなし・下3桁提示可・発送物戻りなし・過去エラー等なし・SUPER EIGHT名義(武道館、FES落選)

公...",True,,,absent_unverified,,2026-09-27 09:48:30,,,,,,,,,,,
983eb75yr8,,kamigata-expo-park-fes-2026,2026-10-31,,[大阪府] 万博記念公園,electronic,female,公演日2日前までにログイン情報共有,ま,5.0,,QR,2026-08-22 02:23:24,,2026-09-04 19:01:10,,,listing,2,35000,"QR毎/代表・同行共にAぇ名義/初期当選/有効期限内/下3桁提示可

⭐️ 公演中止の場合のみ手数料を差し引いて返金いたします。体調不良、本人確認、ランダムエラ...",True,,,absent_unverified,,2026-09-27 09:48:30,,,,,,,,,,,
8aozn5j2yb,,kamigata-expo-park-fes-2026,2026-10-31,,[大阪府] 万博記念公園,electronic,female,同時入場,M,5.0,,番手,2026-08-21 15:23:48,,2026-09-04 19:01:10,2026-09-04 19:01:10,transition_observed,sold,2,27000,"初期当選/4名義中3番手の2連/有効期限名義のみ/なにわ名義/すり替えなし/下3桁提示可能/発送物戻りなし

・入場後はチケットを一旦回収し、当方が選択しなかっ...",True,,,,,,,,,,,,,,,,
xlwdefpqm5,,kamigata-expo-park-fes-2026,2026-10-31,,[大阪府] 万博記念公園,electronic,female,同行,あ,5.0,,ランダム記載あり,2026-08-21 10:17:30,,2026-09-04 19:01:10,2026-09-04 19:01:10,transition_observed,sold,2,35000,"

FC先行/有効期限内/全てAぇ名義/3名義中2番手/すり替えなし/下3桁提示可

・入場後はチケットを一旦回収し、当方が座席を選択した後に順次チケットをお渡...",True,,,,,,,,,,,,,,,,
slbrr3cifr,,kamigata-expo-park-fes-2026,2026-10-31,,[大阪府] 万博記念公園,electronic,female,2名義中2番手,とり,5.0,,番手,2026-08-21 13:58:10,,2026-09-04 19:01:10,,,listing,2,25000,"デビュー組FC先行/有効期限内のみ/2名義中2番手/すり替えなし

当日の集合時間・場所等に関しては公演が近くなり次第、または詳細が発表され次第、連絡ボードにて...",True,,,absent_unverified,,2026-09-27 09:48:30,,,,,,,,,,,
g7n8tgrxpf,,kamigata-expo-park-fes-2026,2026-10-31,,[大阪府] 万博記念公園,electronic,female,公演日1日前までにQRコード共有,R,5.0,,QR,2026-08-21 11:45:01,,2026-09-04 19:01:10,2026-09-04 19:01:10,transition_observed,sold,1,46000,"なにわ男子名義 / QR毎 / 重複すり替えなし / 初期当選 / 有効期間内 / 下3桁提示
公演前日までに連絡ボードにてログイン情報をお伝えします。入場後は...",True,,,,,,,,,,,,,,,,
pgm6r7jruq,,kamigata-expo-park-fes-2026,2026-10-31,,[大阪府] 万博記念公園,electronic,female,公演日全日にQRコード共有,re,5.0,,QR,2026-08-21 13:41:33,,2026-09-04 19:01:10,,,listing,1,30000,"ジュニア名義/QRごと/該当名義/重複すり替え無し/下3桁提示可/有効期限内/

公演前日にログインに必要な情報を連絡ボードにてお伝えします。

※ランダムエラ...",True,,,absent_unverified,,2026-09-27 09:48:30,,,,,,,,,,,
56gqhfyqc2,,kamigata-expo-park-fes-2026,2026-10-31,,[大阪府] 万博記念公園,electronic,female,同行,Uさん,5.0,,同行番手,2026-08-22 02:22:44,,2026-09-04 19:01:10,,,listing,2,32000,"初期当選/2名義中2番手の2連/有効期限名義のみ/WEST×WEST/すり替えなし/下3桁提示可

・入場後はチケットを一旦回収し、当方が選択しなかったチケット...",True,,,absent_unverified,,2026-09-27 09:48:30,,,,,,,,,,,
f5g24smgo2,,kamigata-expo-park-fes-2026,2026-10-31,,[大阪府] 万博記念公園,electronic,female,公演前日QRコード共有,snjj,5.0,,QR,2026-08-21 10:14:19,,2026-09-04 19:01:10,2026-09-04 19:01:10,transition_observed,sold,1,45000,"Ａぇgroup名義/重複・すり替えなし/QR毎
有効期限内/事前に下三桁提示可能
前回アリツア落選名義

エラー歴・発送物戻りなし

公演中止の場合のみ返金致し...",True,,,,,,,,,,,,,,,,
06w2q75grx,,kamigata-expo-park-fes-2026,2026-10-31,,[大阪府] 万博記念公園,electronic,female,同行,M,5.0,,番手,2026-08-21 09:43:11,,2026-09-04 19:01:10,,,listing,2,39500,"2名義中2番手/初期当選/Aぇ名義/期限内/下3桁提示可

スーツケース等、大きな手荷物は事前に預けた状態でお越しください。

詳しい集合時間/場所につきまして...",True,,,absent_unverified,,2026-09-27 09:48:30,,,,,,,,,,,
e6tz0x13ef,,kamigata-expo-park-fes-2026,2026-10-31,,[大阪府] 万博記念公園,electronic,female,前日にログイン情報,もも,5.0,,QR,2026-08-21 12:40:17,,2026-09-04 19:01:10,,,listing,2,38000,"QR毎・初期当選・有効期限内名義・重複すり替えなし・下3桁提示可・発送物戻りなし・過去エラー等なし・申込者、同行者共になにわ男子FC名義

最終当選歴2025ア...",True,,,absent_unverified,,2026-09-27 09:48:30,,,,,,,,,,,
yikgh8kx9j,,kamigata-expo-park-fes-2026,2026-10-31,,[大阪府] 万博記念公園,electronic,female,3名義中2番手,m,5.0,,番手,2026-08-23 10:50:05,,2026-09-04 19:01:10,2026-09-04 19:01:10,transition_observed,sold,2,32000,"3名義中2番手/初期当選のみ/Jr該当×Aぇのみ/すり替えなし/下3桁提示可/有効期限内名義/発送物戻りなし

当日は、会場付近で集合し同時入場いたします。
未...",True,,,,,,,,,,,,,,,,
sak68f0m3i,,kamigata-expo-park-fes-2026,2026-10-31,,[大阪府] 万博記念公園,electronic,female,公演前日QR共有,𝓡,4.8,,QR,2026-08-21 10:36:31,,2026-09-04 19:01:10,,,listing,1,48000,"単番QR毎/なにわ名義 / 初期当選 / 有効期限内名義 / すり替え重複なし / 下3桁提示可能/過去当選歴なし/エラーなし/発送物戻りなし

※必ずご確認く...",True,,,absent_unverified,,2026-09-27 09:48:30,,,,,,,,,,,
cztqiuh8ke,,kamigata-expo-park-fes-2026,2026-10-31,,[大阪府] 万博記念公園,electronic,female,同行,mgt,5.0,,番手,2026-08-23 13:41:07,,2026-09-04 19:01:10,,,listing,2,60000,"6名義中2番手

初期当選、有効期限内、下3桁提示可、重複すり替えなし


ランダムエラー、出演者変更、体調不良、交通機関の乱れなどの如何なる理由により入場でき...",True,,,absent_unverified,,2026-09-27 09:48:30,,,,,,,,,,,
oxhxtyx0yo,,kamigata-expo-park-fes-2026,2026-10-31,,[大阪府] 万博記念公園,electronic,female,2名義中2番手,💫,5.0,,番手,2026-08-21 14:47:06,,2026-09-04 19:01:10,2026-09-04 19:01:10,transition_observed,sold,2,35000,"WEST.名義•Aぇ名義当選/すり替えなし/下3桁提示可/有効期限内/エラー発送戻りなし

※プラベルでのお取引も可能です。お声がけください。

公演当日は会場...",True,,,,,,,,,,,,,,,,
wgrks5xkpq,,kamigata-expo-park-fes-2026,2026-10-31,,[大阪府] 万博記念公園,paper,female,当日手渡し,★,5.0,,同行,2026-08-21 07:03:29,,2026-09-04 19:01:10,,,listing,2,50000,"初期当選/3名義中2番手/有効期限名義のみ/WEST×WEST・Aぇ×Aぇ/すり替えなし/下3桁提示可

プラベルでのお取引可能な方はお申し付けください。...",True,,,absent_unverified,,2026-09-27 09:48:30,,,,,,,,,,,
nov9zorxrn,,kamigata-expo-park-fes-2026,2026-10-31,,[大阪府] 万博記念公園,electronic,female,同行,ari,5.0,,同行番手,2026-08-22 15:04:16,,2026-09-04 19:01:10,,,listing,1,20000,"3名義所持(2連×1名義、単番×2名義)/4枚中4番手/初期当選/Aぇ名義/有効期限内/すり替えなし/下3桁提示可

プラベルでのお取引に移行させていただきます...",True,,,absent_unverified,,2026-09-27 09:48:30,,,,,,,,,,,
xli9gb51lx,,kamigata-expo-park-fes-2026,2026-10-31,,[大阪府] 万博記念公園,electronic,female,同行,おの,5.0,,番手,2026-08-23 04:05:09,,2026-09-04 19:01:10,,,listing,1,55000,"6名義中3番手/下3桁提示可能/単番当選のみ/全てSUPEREIGHT FC枠

・入場方法やブロックの詳細がまだ不明瞭な為、詳しい待ち合わせの時間等は公演三日...",True,,,absent_unverified,,2026-09-27 09:48:30,,,,,,,,,,,
a8u7tsgzww,,kamigata-expo-park-fes-2026,2026-10-31,,[大阪府] 万博記念公園,electronic,female,QRごと 公演日7日前までにQRコード共有,m,5.0,,QR,2026-09-04 01:21:38,,2026-09-04 19:01:10,,,listing,2,30000,"なにわ名義 有効期限内 下3桁開示可
公演前日にマイページにてログイン情報お伝えします。
入場後は速やかにログアウト及び受け取り評価をお願いします。
公演中止の...",True,,,absent_unverified,,2026-09-27 09:48:30,,,,,,,,,,,
1dwan188ep,,kamigata-expo-park-fes-2026,2026-10-31,,[大阪府] 万博記念公園,electronic,female,同行,すたー,5.0,,ランダム記載あり,2026-08-21 08:33:13,,2026-09-04 19:01:10,,,listing,2,45000,"FC先行/有効期限名義のみ/条件あり/2名義中2番手/すり替えなし/下3桁提示可
WEST名義×2
詳しい集合場所、時間等につきましては連絡ボードにて連絡させて...",True,,,absent_unverified,,2026-09-27 09:48:30,,,,,,,,,,,
t0ov8pun32,,kamigata-expo-park-fes-2026,2026-10-31,,[大阪府] 万博記念公園,electronic,female,同行,み,5.0,,同行,2026-08-21 08:27:44,,2026-09-04 19:01:10,,,listing,1,50000,"なにわ名義/有効期限内/重複すり替えなし/下3桁提示可

2連中1枚同行でのお譲りとなります。
大橋担不可

当日会場付近で待ち合わせし、同時入場していただきま...",True,,,absent_unverified,,2026-09-27 09:48:30,,,,,,,,,,,
7981rgw5ng,,kamigata-expo-park-fes-2026,2026-10-31,,[大阪府] 万博記念公園,electronic,female,2名義中2番手,S,5.0,,番手同行,2026-08-21 06:56:42,,2026-09-04 19:01:10,2026-09-04 19:01:10,transition_observed,sold,2,30000,"全てAぇ名義/初期当選/2名義中2番手/全て今ツ落選名義


当日の集合時間や場所等に関しては連絡ボードにてご連絡いたします。

待ち合わせ時間から10分以上遅...",True,,,,,,,,,,,,,,,,
c5zr8kpyhu,,kamigata-expo-park-fes-2026,2026-10-31,,[大阪府] 万博記念公園,electronic,female,同時入場,M,5.0,,番手,2026-08-21 15:21:32,,2026-09-04 19:01:10,,,listing,2,37000,"初期当選/4名義中2番手の2連/有効期限名義のみ/なにわ名義/すり替えなし/下3桁提示可能/発送物戻りなし

・入場後はチケットを一旦回収し、当方が選択しなかっ...",True,,,absent_unverified,,2026-09-27 09:48:30,,,,,,,,,,,
1mb1mvommj,,kamigata-expo-park-fes-2026,2026-10-31,,[大阪府] 万博記念公園,electronic,female,同時入場,Airi,5.0,,ランダム記載あり,2026-08-22 00:31:31,,2026-09-04 19:01:10,,,listing,2,50000,"初期当選/2名義中32番手/有効期限名義/すり替えなし

・入場後はチケットを一旦回収し、当方が座席選択後に順次チケットをお渡し致します。
※チケットを選ぶのに...",True,,,absent_unverified,,2026-09-27 09:48:30,,,,,,,,,,,
a1t6kud3bk,,kamigata-expo-park-fes-2026,2026-10-31,,[大阪府] 万博記念公園,electronic,female,同行,たまご,5.0,,同行,2026-08-22 12:02:18,,2026-09-04 19:01:10,2026-09-04 19:01:10,transition_observed,sold,1,40000,"なにわ名義/有効期限内/重複すり替えなし/下3桁提示可

※ プライベートチケットに切り替えますのでコメントお送りください。
2連中1枚同行でのお譲りとなります...",True,,,,,,,,,,,,,,,,
69lj8amwxd,,kamigata-expo-park-fes-2026,2026-10-31,,[大阪府] 万博記念公園,electronic,female,同行,け,5.0,,番手,2026-08-23 09:42:00,,2026-09-04 19:01:10,2026-09-04 19:01:10,transition_observed,sold,1,30000,"初期当選/2名義中2番手/有効期限名義のみ/Aぇ名義/すり替えなし/下3桁提示可能/発送物戻りなし
購入の際はコメントください。プライベート出品に変更いたします...",True,,,,,,,,,,,,,,,,
1e4darpqu3,,kamigata-expo-park-fes-2026,2026-10-31,,[大阪府] 万博記念公園,electronic,female,同行,さ,5.0,,番手,2026-08-21 07:20:33,,2026-09-04 19:01:10,,,listing,1,35000,"3名義中2番手/有効期限内/すり替えなし/下3桁提示可/全てなにわ名義


・公演中止以外のいかなる場合でも返金はいたしません。
ランダムエラー・本人確認・交通...",True,,,absent_unverified,,2026-09-27 09:48:30,,,,,,,,,,,
s78czgvhjq,,kamigata-expo-park-fes-2026,2026-10-31,,[大阪府] 万博記念公園,electronic,female,同時入場,り,5.0,,番手,2026-08-21 09:08:11,,2026-09-04 19:01:10,,,listing,2,36000,"2名義中2番手/初期当選/Aぇ名義/期限内/下3桁提示可



詳しい集合時間/場所につきましては、前日までに連絡ボードにてお伝え致します。
こちらが指定した集...",True,,,absent_unverified,,2026-09-27 09:48:30,,,,,,,,,,,
rcm75y0sms,,kamigata-expo-park-fes-2026,2026-10-31,,[大阪府] 万博記念公園,electronic,female,公演日前日にQRコード共有,a,5.0,,QR,2026-08-21 12:11:44,,2026-09-04 19:01:10,,,listing,1,58000,"FC先行 / Aぇ名義 / 単番QR毎 / 重複すり替えなし / 初期当選 / 有効期限内 / 下3桁提示 / 過去エラー等なし

公演前日になりましたらログイ...",True,,,absent_unverified,,2026-09-27 09:48:30,,,,,,,,,,,
7dbpjjqc9z,,kamigata-expo-park-fes-2026,2026-10-31,,[大阪府] 万博記念公園,electronic,female,公演日前日にログイン情報共有,N,5.0,,QR,2026-08-21 11:59:27,,2026-09-04 19:01:10,,,listing,2,38000,"初期当選/QR毎/重複すり替えなし/なにわ男子名義/会員番号下3桁提示可能/有効期限内名義

閲覧頂きありがとうございます。
ログイン情報は公演日の前日にお伝え...",True,,,absent_unverified,,2026-09-27 09:48:30,,,,,,,,,,,
duuuoonfaj,,kamigata-expo-park-fes-2026,2026-10-31,,[大阪府] 万博記念公園,electronic,female,同行,あ,5.0,,ランダム記載あり,2026-08-21 10:21:30,,2026-09-04 19:01:10,,,listing,2,30000,"FC先行/有効期限内/全てAぇ名義/3名義中3番手/すり替えなし/下3桁提示可

・入場後はチケットを一旦回収し、当方が座席選択後に順次チケットをお渡し致します...",True,,,absent_unverified,,2026-09-27 09:48:30,,,,,,,,,,,
qr0ctewmg5,,kamigata-expo-park-fes-2026,2026-10-31,,[大阪府] 万博記念公園,electronic,female,前日にQRログイン情報を共有,さき,5.0,,QR,2026-08-21 06:31:17,,2026-09-04 19:01:10,,,listing,1,65000,"QR毎/なにわ男子名義/FC初期当選/有効期限内/下三桁提示可/重複差し

QR毎でのお譲りとなります。

前日にQR表示に必要な情報をお伝えいたします。
ログ...",True,,,absent_unverified,,2026-09-27 09:48:30,,,,,,,,,,,
7bzrw091j9,,kamigata-expo-park-fes-2026,2026-10-31,,[大阪府] 万博記念公園,electronic,female,公演前日にログイン情報共有,y,5.0,,QR,2026-08-22 13:52:58,,2026-09-04 19:01:10,,,listing,2,38000,"QR毎/代表・同行共に情報局名義/初期当選/重複すり替えなし/有効期限内/下3桁提示可

同行者の同意チェックはこちらで行いますので、代表者のチェックはご自身で...",True,,,absent_unverified,,2026-09-27 09:48:30,,,,,,,,,,,
30nbefczto,,kamigata-expo-park-fes-2026,2026-10-31,,[大阪府] 万博記念公園,electronic,female,前日ログイン情報お伝え,m,5.0,,QR,2026-08-22 00:03:41,,2026-09-04 19:01:10,,,listing,1,50000,重複すり替えなし、aぇ group名義、QR毎のお譲り、昨年スタンド名義(最終当選歴のため今年は落選)、下3桁お伝え可能、エラーなし、有効期限内名義、初期当選、...,True,,,absent_unverified,,2026-09-27 09:48:30,,,,,,,,,,,
52zjst75mf,,kamigata-expo-park-fes-2026,2026-10-31,,[大阪府] 万博記念公園,electronic,female,同行,さ,5.0,,番手,2026-08-21 06:37:30,,2026-09-04 19:01:10,2026-09-04 19:01:10,transition_observed,sold,2,38000,"ファンクラブ先行 Aぇ名義 座席未定
 2名義中2番手 下3桁提示可 初期当選
有効期限内 着ブロ指定なし
公演当日、会場付近にて集合し同時入場して頂きます。...",True,,,,,,,,,,,,,,,,
asycm7nio9,,kamigata-expo-park-fes-2026,2026-10-31,,[大阪府] 万博記念公園,electronic,female,同行,r,4.5,,番手,2026-08-21 08:06:32,,2026-09-04 19:01:10,,,listing,2,45000,"2名義中2番手/初期当選/下3桁提示可
プラベルへの移行可能です。
公演当日会場付近で開場時間30分前を目安に待ち合わせし、同時入場していただきます。
詳しい待...",True,,,absent_unverified,,2026-09-27 09:48:30,,,,,,,,,,,
c3ur512woa,,kamigata-expo-park-fes-2026,2026-10-31,,[大阪府] 万博記念公園,electronic,female,3名義中3番手,m,5.0,,番手,2026-08-23 10:53:17,,2026-09-04 19:01:10,,,listing,2,28000,"3名義中3番手/初期当選のみ/Jr該当×Aぇのみ/すり替えなし/下3桁提示可/有効期限内名義/発送物戻りなし

当日は、会場付近で集合し同時入場いたします。
未...",True,,,absent_unverified,,2026-09-27 09:48:30,,,,,,,,,,,
v0f4vwbme0,,kamigata-expo-park-fes-2026,2026-10-31,,[大阪府] 万博記念公園,electronic,female,同行,R,5.0,,番手,2026-08-21 15:11:22,,2026-09-04 19:01:10,,,listing,1,24000,"初期当選/2名義中2番手/有効期限名義のみ/なにわ、EIGHT名義/すり替えなし/下3桁提示可能/発送物戻りあり名義含むためお安くしております。

・入場後はチ...",True,,,absent_unverified,,2026-09-27 09:48:30,,,,,,,,,,,
7qzz5q67zl,,kamigata-expo-park-fes-2026,2026-11-01,,[大阪府] 万博記念公園,electronic,female,公演日1日前にログイン情報共有,あ,5.0,,QR,2026-08-22 02:01:09,,2026-09-04 19:01:10,2026-09-04 19:01:10,transition_observed,sold,1,30000,"QR毎/Aぇ名義/初期当選/有効期限内/重複すり替えなし/下3桁提示可

公演中止の場合のみ返金いたします。
本人確認、ランダムエラー対応不可",True,,,,,,,,,,,,,,,,
8ato7483og,,kamigata-expo-park-fes-2026,2026-11-01,,[大阪府] 万博記念公園,electronic,male,公演前日にログイン情報ご連絡します,さ,5.0,,QR,2026-08-23 10:24:21,,2026-09-04 19:01:10,,,listing,2,60000,"QR毎・初期当選・有効期限内名義・重複すり替えなし・下3桁提示可・発送物戻りなし・過去エラー等なし・申込者、同行者共にWEST.名義

公演前日にログイン情報共...",True,,,absent_unverified,,2026-09-27 09:48:30,,,,,,,,,,,
tvxavlzejn,,kamigata-expo-park-fes-2026,2026-11-01,,[大阪府] 万博記念公園,electronic,female,公演日2日前にログイン情報共有,ᡣ𐭩,5.0,,QR,2026-08-21 06:56:00,,2026-09-04 19:01:10,,,listing,1,67000,"なにわ名義/初期当選/有効期限内/発送物戻り無/同一クレカ無し

公演前日に必要な情報等を連絡ボードにてお知らせ致します。同意チェックは購入者様ご自身でお願い致...",True,,,absent_unverified,,2026-09-27 09:48:30,,,,,,,,,,,
4a28tpncs9,,kamigata-expo-park-fes-2026,2026-11-01,,[大阪府] 万博記念公園,electronic,female,公演日前日までにログイン情報共有,ぴ,5.0,,QR,2026-08-21 06:41:50,,2026-09-04 19:01:10,,,listing,1,40000,"なにわ名義/条件なし/QRごと/すり替えなし会員番号下3桁開示可/初期当選/有効期限内/郵送物戻りなし

公演日の前日にログイン情報をお伝えします。

ログイン...",True,,,absent_unverified,,2026-09-27 09:48:30,,,,,,,,,,,
htkgjhjqd9,,kamigata-expo-park-fes-2026,2026-11-01,,[大阪府] 万博記念公園,electronic,female,QR,s,5.0,,QR,2026-08-21 12:57:09,,2026-09-04 19:01:10,,,listing,1,45000,"Aぇ! group名義/初期当選/有効期限内/クレカ決済同一クレカ決済無し/重複すり替えなし/下3桁提示可能

公演前日、ログインに必要な情報をお伝えいたします...",True,,,absent_unverified,,2026-09-27 09:48:30,,,,,,,,,,,
rpz2ce4g17,,kamigata-expo-park-fes-2026,2026-11-01,,[大阪府] 万博記念公園,electronic,female,公演前日にログイン情報共有,K,5.0,,QR,2026-08-21 10:01:02,,2026-09-04 19:01:10,,,listing,1,65000,"⚠️1枚のみのお譲り

Aぇ名義/QRごと/すり替えなし/会員番号下3桁開示可/初期当選/有効期限内/Pay-easy決済/着ブロ希望なし/郵送物戻りなし/プラ...",True,,,absent_unverified,,2026-09-27 09:48:30,,,,,,,,,,,
2idbybabd2,,kamigata-expo-park-fes-2026,2026-11-01,,[大阪府] 万博記念公園,electronic,female,公演日2日前までにQRコード共有,と,5.0,,QR,2026-08-21 09:31:49,,2026-09-04 19:01:10,,,listing,2,30000,"ジュニア名義/初期当選/有効期限内/重複すり替えなし/QR毎
公演中止以外の如何なる理由であっても返金はできません。",True,,,absent_unverified,,2026-09-27 09:48:30,,,,,,,,,,,
fonse1v2v8,,kamigata-expo-park-fes-2026,2026-11-01,,[大阪府] 万博記念公園,electronic,female,公演前日にログイン情報共有,nana,5.0,,QR,2026-08-21 07:39:19,,2026-09-04 19:01:10,,,listing,2,75000,"QR毎/FC初期当選/有効期限内/下三桁提示可/重複差し

QR毎でのお譲りとなります。
同行者の同意チェックはこちらでいたしますので、代表者分のみお願いいたし...",True,,,absent_unverified,,2026-09-27 09:48:30,,,,,,,,,,,
qj4fm1jidr,,kamigata-expo-park-fes-2026,2026-11-01,,[大阪府] 万博記念公園,electronic,female,当日同行,れいあ,5.0,,同行,2026-08-23 03:53:55,,2026-09-04 19:01:10,2026-09-04 19:01:10,transition_observed,sold,1,33000,"2名義中2番手(どちらも単番)
ジュニア名義
8時半には入場できるように8時頃の集合
中ではお好きにしてください

初期当選/2名義中2番手/有効期限内名義/す...",True,,,,,,,,,,,,,,,,
pdzz47cuwb,,kamigata-expo-park-fes-2026,2026-11-01,,[大阪府] 万博記念公園,electronic,female,同時入場,きょうりゅう,5.0,,番手,2026-08-21 15:52:05,,2026-09-04 19:01:10,,,listing,2,40000,"2名義中2番手でのお譲りになります。
なにわ名義1,Aぇ名義1/初期当選/すり替えなし/下3桁提示可

公演当日こちらが指定した場所に集合し、同時入場していただ...",True,,,absent_unverified,,2026-09-27 09:48:30,,,,,,,,,,,
pgb9b7h6gl,,kamigata-expo-park-fes-2026,2026-11-01,,[大阪府] 万博記念公園,electronic,female,公演日前日にQRコード共有,ysnr1128,5.0,,QR,2026-08-21 09:34:21,,2026-09-04 19:01:10,,,listing,2,35000,"Aぇ! group 名義　FC‪✕‬FC
ファンクラブ先行 座席未定 初期当選
QR毎　すり替えなし 購入後下3桁提示可能

※プライベート出品へ移行のため、承...",True,,,absent_unverified,,2026-09-27 09:48:30,,,,,,,,,,,
inw7umtqot,,kamigata-expo-park-fes-2026,2026-11-01,,[大阪府] 万博記念公園,electronic,female,同行,＊N＊,5.0,,番手,2026-08-21 10:58:42,,2026-09-04 19:01:10,,,listing,2,30000,"FC先行/有効期限名義のみ/条件あり/4名義中4番手/すり替えなし/下3桁提示可

詳しい集合場所、時間等につきましては 連絡ボードにて連絡させていただきます。...",True,,,absent_unverified,,2026-09-27 09:48:30,,,,,,,,,,,
nwjpi3vnaq,,kamigata-expo-park-fes-2026,2026-11-01,,[大阪府] 万博記念公園,electronic,female,公演前日にログイン情報共有,い,5.0,,QR,2026-08-21 13:08:45,,2026-09-04 19:01:10,2026-09-04 19:01:10,transition_observed,sold,1,32000,"単番QR毎／なにわ男子初当選名義／下3桁提示可／ペイジー決済／発送物戻りなし

☆同意チェックは買い手様ご自身にお任せしております。

☆出演者変更やランダムエ...",True,,,,,,,,,,,,,,,,
tzpoxnru36,,kamigata-expo-park-fes-2026,2026-11-01,,[大阪府] 万博記念公園,electronic,female,2名義中2番手,た,5.0,,番手,2026-08-21 08:31:10,,2026-09-04 19:01:10,,,listing,2,30000,"2名義中2番手⭐️プラベルにてお取引させて頂くため、ご購入希望の方はチケテンメッセージまでお願い致します。⭐️

FC先行 なにわ名義 座席未定
 2名義中2番...",True,,,absent_unverified,,2026-09-27 09:48:30,,,,,,,,,,,
3uas9rrxc7,,kamigata-expo-park-fes-2026,2026-11-01,,[大阪府] 万博記念公園,electronic,male,公演日1日前までにQRコード共有,M,5.0,,QR,2026-08-21 09:27:37,,2026-09-04 19:01:10,,,listing,1,46000,"⚠️8月24日までに入金していただける方
ファンクラブ先行、座席未定　
QRごとのお譲り、有効期限内、すり替えなし、該当名義、下3桁提示可能
公演1日前になりま...",True,,,absent_unverified,,2026-09-27 09:48:30,,,,,,,,,,,
9ahyxldi32,,kamigata-expo-park-fes-2026,2026-11-01,,[大阪府] 万博記念公園,electronic,female,同行,M,4.8,,同行番手,2026-08-23 07:17:14,,2026-09-04 19:01:10,,,listing,1,27500,"2名義中2番手 どちらも単番、Aぇ名義 
初期当選/すり替えなし/有効期限内/下3桁提示可

公演当日、会場付近で待ち合わせをし、同時入場して頂きます。
入場時...",True,,,absent_unverified,,2026-09-27 09:48:30,,,,,,,,,,,
51pmc5dk41,,kamigata-expo-park-fes-2026,2026-11-01,,[大阪府] 万博記念公園,electronic,female,公演日前日までにQRコード共有,あ,5.0,,QR,2026-08-21 07:49:12,,2026-09-04 19:01:10,,,listing,2,60000,"QR毎/Aぇ! group×Aぇ! group名義/FC初期当選/有効期限内/下三桁提示可/重複なし

QR毎でのお譲りとなります。

前日にQR表示に必要な情...",True,,,absent_unverified,,2026-09-27 09:48:30,,,,,,,,,,,
rbnfq7bzqj,,kamigata-expo-park-fes-2026,2026-11-01,,[大阪府] 万博記念公園,electronic,female,公演日前日にログイン情報共有,🍒,5.0,,,2026-08-21 18:01:00,,2026-09-04 19:01:10,,,listing,2,35000,"初期当選/有効期限内/重複すり替えなし/下3桁提示可

公演日前日にログイン情報をお伝えいたします。
公演当日入場後は速やかにログアウトして頂き、必ず開演時間ま...",True,,,absent_unverified,,2026-09-27 09:48:30,,,,,,,,,,,
2u9c185ivm,,kamigata-expo-park-fes-2026,2026-11-01,,[大阪府] 万博記念公園,electronic,female,公演前日にQRコード共有,わい,5.0,,QR,2026-08-21 10:13:40,,2026-09-04 19:01:10,,,listing,1,45000,"なにわ男子名義/発送物戻りなし/有効期限内

公演前日にログイン情報をお知らせ致します。入場後は速やかにログアウト、受け取りお願いいたします。

ランダムエラー...",True,,,absent_unverified,,2026-09-27 09:48:30,,,,,,,,,,,
tb6sbjamkh,,kamigata-expo-park-fes-2026,2026-11-01,,[大阪府] 万博記念公園,electronic,female,同行,はな,5.0,,同行,2026-08-21 14:12:25,,2026-09-04 19:01:10,2026-09-04 19:01:10,transition_observed,sold,1,55000,"Aぇ! group×Aぇ! group名義/初期当選/すり替えなし/下3桁提示可 
・公演当日に、開場時間8:30以降の入場の可能性あります。 会場付近にて待ち...",True,,,,,,,,,,,,,,,,
hbmzbr7xd0,,kamigata-expo-park-fes-2026,2026-11-01,,[大阪府] 万博記念公園,electronic,female,公演日1日前までにQRコード共有,ねね,5.0,,QR,2026-08-22 06:37:40,,2026-09-04 19:01:10,,,listing,1,35000,"なにわ名義/初期当選/有効期限内/発送物戻り無/同一クレカ無し/エラー歴無し

公演前日に必要な情報等を連絡ボードにてお知らせ致します。同意チェックは購入者様ご...",True,,,absent_unverified,,2026-09-27 09:48:30,,,,,,,,,,,
qtnchflhk3,,kamigata-expo-park-fes-2026,2026-11-01,,[大阪府] 万博記念公園,electronic,female,公演前日にログイン情報共有,ぽ,5.0,,QR,2026-08-21 16:07:36,,2026-09-04 19:01:10,2026-09-04 19:01:10,transition_observed,sold,1,30000,"なにわ男子名義 /QR毎/重複すり替えなし/下3桁提示可能/初期当選/有効期限内
ランダムエラーや本人確認、体調不良や出演者の変更等、いかなる場合であっても受取...",True,,,,,,,,,,,,,,,,
9uyt2qc44j,,kamigata-expo-park-fes-2026,2026-11-01,,[大阪府] 万博記念公園,electronic,female,公演日2日前までにQRコード共有,ぴまる,5.0,,QR,2026-08-22 03:36:49,,2026-09-04 19:01:10,2026-09-04 19:01:10,transition_observed,sold,2,40000,"座席未定｜WEST名義｜QRごとのお譲り｜初期当選｜すり替えなし｜有効期限内｜下2桁お伝え可能｜前回ツアー落選



公演中止の際のみ、送料手数料を引いた金額返...",True,,,,,,,,,,,,,,,,
53cxp3vxqv,,kamigata-expo-park-fes-2026,2026-11-01,,[大阪府] 万博記念公園,electronic,female,公演日前日までにQRコード共有,mちゃん,5.0,,QR,2026-08-21 12:42:22,,2026-09-04 19:01:10,,,listing,2,35000,"なにわ名義 /同行者もFC /QRごと/
初期当選/
公演日前日に連絡ボードにてログイン情報をお伝えします。

公演中止以外の如何なる理由（ランダムエラー、交通...",True,,,absent_unverified,,2026-09-27 09:48:30,,,,,,,,,,,
bnxlx1dwov,,kamigata-expo-park-fes-2026,2026-11-01,,[大阪府] 万博記念公園,electronic,female,前日までにログイン情報開示,❤︎,5.0,,QR,2026-08-21 12:19:13,,2026-09-04 19:01:10,,,listing,2,48000,"なにわ男子FC/QR毎/初期当選/下3桁提示可/有効期限内/発送物戻り・過去エラー無し

公演前日までにログイン情報お伝えします。
公演当日は入場後速やかにログ...",True,,,absent_unverified,,2026-09-27 09:48:30,,,,,,,,,,,
no2f7lm41x,,kamigata-expo-park-fes-2026,2026-11-01,,[大阪府] 万博記念公園,electronic,female,公演日前日までにQRコード共有,guj,5.0,,QR,2026-08-21 09:49:19,,2026-09-04 19:01:10,,,listing,2,35000,"※プライベート出品に切り替えますので購入前にメッセージお願いいたします。


Aぇ名義/QR毎/初期当選/下3桁提示可能

公演前日までに必要なログイン情報等を...",True,,,absent_unverified,,2026-09-27 09:48:30,,,,,,,,,,,
wqpy73l6wu,,kamigata-expo-park-fes-2026,2026-11-01,,[大阪府] 万博記念公園,electronic,female,公演日前日までにQRコード共有,s,5.0,,QR,2026-08-21 11:56:55,,2026-09-04 19:01:10,,,listing,2,40000,"QRごと/初期当選/前回ツアー落選名義/有効期限内/発送物戻り無/同一クレカ決済無し/下3桁提示可

公演前日に必要な情報等を連絡ボードにてお知らせ致します。代...",True,,,absent_unverified,,2026-09-27 09:48:30,,,,,,,,,,,
6xcdqft3bt,,kamigata-expo-park-fes-2026,2026-11-01,,[大阪府] 万博記念公園,electronic,female,同行,ゆあ,5.0,,同行記載あり,2026-08-21 12:43:29,,2026-09-04 19:01:10,,,listing,2,38000,"初期当選/3名義中2番手/すり替え無し/下3桁提示可/有効期限内

★代表者・同行者共になにわ男子FCで登録済み
不備名義なし

※公式にて「TAKOYAKI...",True,,,absent_unverified,,2026-09-27 09:48:30,,,,,,,,,,,
8fd4vbgy0y,,kamigata-expo-park-fes-2026,2026-11-01,,[大阪府] 万博記念公園,electronic,female,同行,け,5.0,,同行,2026-08-23 09:43:20,,2026-09-04 19:01:10,,,listing,1,35000,"初期当選/2名義中2番手/有効期限名義のみ/Aぇ名義/すり替えなし/下3桁提示可能/発送物戻りなし
購入希望の方はプライベート出品にするのでコメントください。...",True,,,absent_unverified,,2026-09-27 09:48:30,,,,,,,,,,,
bgoiwmlz2j,,kamigata-expo-park-fes-2026,2026-11-01,,[大阪府] 万博記念公園,electronic,female,2名義中2番手,Gu,5.0,,番手,2026-08-21 15:22:04,,2026-09-04 19:01:10,,,listing,2,32000,"2名義中2番手 Aぇ名義 初当選
初期当選/すり替えなし/有効期限内/下3桁提示可
プラベルorプライベートチケットにて出品する為、購入希望の方はメッセージお願...",True,,,absent_unverified,,2026-09-27 09:48:30,,,,,,,,,,,
tjotnj88o7,,kamigata-expo-park-fes-2026,2026-11-01,,[大阪府] 万博記念公園,electronic,female,公演日前日にQRコード共有,⭐️,5.0,,QR,2026-08-21 06:39:40,,2026-09-04 19:01:10,,,listing,1,60000,"なにわ名義/初期当選/有効期限内/発送物戻り無/同一クレカ無し/エラー歴無し

公演前日に必要な情報等を連絡ボードにてお知らせ致します。同意チェックは購入者様ご...",True,,,absent_unverified,,2026-09-27 09:48:30,,,,,,,,,,,
n5fqzsyro5,,kamigata-expo-park-fes-2026,2026-11-01,,[大阪府] 万博記念公園,electronic,female,公演日1日前までにログイン情報共有,a,5.0,,QR,2026-08-21 06:51:43,,2026-09-04 19:01:10,,,listing,1,29500,"専用出品しますのでコメントお願いします

なにわ名義/初期当選/ QR毎 単番 /下3桁提示可/ 有効期限内 /Pay-easy決済

QR毎でのお譲りです。...",True,,,absent_unverified,,2026-09-27 09:48:30,,,,,,,,,,,
fv6o36rchv,1788488800656,tvasahi-dream-festival-2026,2026-11-21,15:00,Kアリーナ横浜,electronic,female,分配または発券済チケット当日手渡し,ゆん,5.0,,番手,2026-09-04 02:26:40,,2026-09-04 09:01:13,,,deleted,1,36000,"⭐️23名義中4番手⭐️
※よくお読みになりご購入をお願いいたします。

所持している名義は全ていち早プレリザーブでの当選となります。当選した全ての名義で後日ア...",True,,,,,,,,,,,,,,,,
xigvg7utxt,,tvasahi-dream-festival-2026,2026-11-21,15:00,Kアリーナ横浜,electronic,female,分配または発券済チケット当日手渡し,ゆん,5.0,,番手,2026-09-04 02:33:02,,2026-09-05 00:01:13,,,listing,2,24900,"⭐️23名義中9番手⭐️
※よくお読みになりご購入をお願いいたします。

複数名義は全ていち早プレリザーブでの当選となります。当選した全ての名義で後日アップグレ...",True,,,absent_unverified,,2026-09-27 09:48:30,,,,,,,,,,,
dgwvn3ypht,,tvasahi-dream-festival-2026,2026-11-21,15:00,Kアリーナ横浜,electronic,female,分配または発券済チケット当日手渡し,ゆん,5.0,,番手,2026-09-04 02:37:57,,2026-09-05 00:01:13,,,listing,2,21500,"⭐️23名義中14番手⭐️
※よくお読みになりご購入をお願いいたします。

複数名義は全ていち早プレリザーブでの当選となります。当選した全ての名義で後日アップグ...",True,,,absent_unverified,,2026-09-27 09:48:30,,,,,,,,,,,
smyodg4efw,1788489628760,tvasahi-dream-festival-2026,2026-11-21,15:00,Kアリーナ横浜,electronic,female,分配または発券済チケット当日手渡し,ゆん,5.0,,番手,2026-09-04 02:40:28,,2026-09-04 17:01:12,,,deleted,2,10500,"⭐️23名義中17番手⭐️
※よくお読みになりご購入をお願いいたします。

複数名義は全ていち早プレリザーブでの当選となります。当選した全ての名義で後日アップグ...",True,,,,,,,,,,,,,,,,
vwzuwf76m6,,tvasahi-dream-festival-2026,2026-11-21,15:00,Kアリーナ横浜,electronic,female,分配または発券済チケット当日手渡し,ゆん,5.0,,番手,2026-09-04 02:34:21,,2026-09-05 00:01:13,,,listing,2,24900,"⭐️23名義中10番手⭐️
※よくお読みになりご購入をお願いいたします。

複数名義は全ていち早プレリザーブでの当選となります。当選した全ての名義で後日アップグ...",True,,,absent_unverified,,2026-09-27 09:48:30,,,,,,,,,,,
dm9ze16c4c,,tvasahi-dream-festival-2026,2026-11-21,15:00,Kアリーナ横浜,electronic,female,分配または発券済チケット当日手渡し,ゆん,5.0,,番手,2026-09-04 02:28:01,,2026-09-05 00:01:13,,,listing,1,35900,"⭐️23名義中5番手⭐️
※よくお読みになりご購入をお願いいたします。

所持している名義は全ていち早プレリザーブでの当選となります。当選した全ての名義で後日ア...",True,,,absent_unverified,,2026-09-27 09:48:30,,,,,,,,,,,
q6ldwx6s9q,,tvasahi-dream-festival-2026,2026-11-21,15:00,Kアリーナ横浜,electronic,female,分配または発券済チケット当日手渡し,ゆん,5.0,,番手,2026-09-04 02:35:17,,2026-09-05 00:01:13,,,listing,2,22000,"⭐️23名義中11番手⭐️
※よくお読みになりご購入をお願いいたします。

複数名義は全ていち早プレリザーブでの当選となります。当選した全ての名義で後日アップグ...",True,,,absent_unverified,,2026-09-27 09:48:30,,,,,,,,,,,
v89v85s3sz,,tvasahi-dream-festival-2026,2026-11-21,15:00,Kアリーナ横浜,electronic,female,分配または発券済チケット当日手渡し,ゆん,5.0,,番手,2026-09-04 02:38:43,,2026-09-05 00:01:13,,,listing,2,19800,"⭐️23名義中15番手⭐️
※よくお読みになりご購入をお願いいたします。

複数名義は全ていち早プレリザーブでの当選となります。当選した全ての名義で後日アップグ...",True,,,absent_unverified,,2026-09-27 09:48:30,,,,,,,,,,,
5n9bc4ub3e,,tvasahi-dream-festival-2026,2026-11-21,15:00,Kアリーナ横浜,electronic,female,分配または発券済チケット当日手渡し,ゆん,5.0,,番手,2026-09-04 02:31:31,,2026-09-05 00:01:13,,,listing,2,25900,"⭐️23名義中7番手⭐️
※よくお読みになりご購入をお願いいたします。

複数名義は全ていち早プレリザーブでの当選となります。当選した全ての名義で後日アップグレ...",True,,,absent_unverified,,2026-09-27 09:48:30,,,,,,,,,,,
inpz79y6p3,,tvasahi-dream-festival-2026,2026-11-21,15:00,Kアリーナ横浜,electronic,female,分配または発券済チケット当日手渡し,ゆん,5.0,,番手,2026-09-04 02:32:21,,2026-09-05 00:01:13,,,listing,2,25900,"⭐️23名義中8番手⭐️
※よくお読みになりご購入をお願いいたします。

複数名義は全ていち早プレリザーブでの当選となります。当選した全ての名義で後日アップグレ...",True,,,absent_unverified,,2026-09-27 09:48:30,,,,,,,,,,,
hmv120dw8s,1788489581632,tvasahi-dream-festival-2026,2026-11-21,15:00,Kアリーナ横浜,electronic,female,分配または発券済チケット当日手渡し,ゆん,5.0,,番手,2026-09-04 02:39:41,,2026-09-04 17:01:12,,,deleted,2,12100,"⭐️23名義中16番手⭐️
※よくお読みになりご購入をお願いいたします。

複数名義は全ていち早プレリザーブでの当選となります。当選した全ての名義で後日アップグ...",True,,,,,,,,,,,,,,,,
r3ng3z7rkr,1788489673155,tvasahi-dream-festival-2026,2026-11-21,15:00,Kアリーナ横浜,electronic,female,分配または発券済チケット当日手渡し,ゆん,5.0,,番手,2026-09-04 02:41:13,,2026-09-04 17:01:12,,,deleted,2,9800,"⭐️23名義中18番手⭐️
※よくお読みになりご購入をお願いいたします。

複数名義は全ていち早プレリザーブでの当選となります。当選した全ての名義で後日アップグ...",True,,,,,,,,,,,,,,,,
and99ae9x0,,tvasahi-dream-festival-2026,2026-11-21,15:00,Kアリーナ横浜,electronic,female,分配または発券済チケット当日手渡し,ゆん,5.0,,番手,2026-09-04 02:36:08,,2026-09-05 00:01:13,,,listing,2,21980,"⭐️23名義中12番手⭐️
※よくお読みになりご購入をお願いいたします。

複数名義は全ていち早プレリザーブでの当選となります。当選した全ての名義で後日アップグ...",True,,,absent_unverified,,2026-09-27 09:48:30,,,,,,,,,,,
y596y8zjc3,,tvasahi-dream-festival-2026,2026-11-21,15:00,Kアリーナ横浜,electronic,female,分配または発券済チケット当日手渡し,ゆん,5.0,,番手,2026-09-04 02:30:17,,2026-09-05 00:01:13,,,listing,2,35900,"⭐️23名義中6番手⭐️
※よくお読みになりご購入をお願いいたします。

複数名義は全ていち早プレリザーブでの当選となります。当選した全ての名義で後日アップグレ...",True,,,absent_unverified,,2026-09-27 09:48:30,,,,,,,,,,,
48rc5jyshq,,tvasahi-dream-festival-2026,2026-11-21,15:00,Kアリーナ横浜,electronic,female,分配または発券済チケット当日手渡し,ゆん,5.0,,番手,2026-09-04 02:37:27,,2026-09-05 00:01:13,,,listing,2,21500,"⭐️23名義中13番手⭐️
※よくお読みになりご購入をお願いいたします。

複数名義は全ていち早プレリザーブでの当選となります。当選した全ての名義で後日アップグ...",True,,,absent_unverified,,2026-09-27 09:48:30,,,,,,,,,,,
zubt9e9ayl,1788493270593,tvasahi-dream-festival-2026,2026-11-21,15:00,Kアリーナ横浜,pickup_number,female,公演前2日以内に発券番号共有,なー,5.0,,,2026-09-04 03:41:10,,2026-09-04 13:01:12,,,deleted,2,14680,"チケットぴあ いち早プレリザーブ での当選


アプグレ申込予定なしのお座席/2連/お問い合わせ番号提示🉑すり替えはしません
分配もしくは発券番号でのお譲り...",True,,,,,,,,,,,,,,,,
37l59ofh52,,tvasahi-dream-festival-2026,2026-11-21,15:00,Kアリーナ横浜,pickup_number,female,発券番号をメッセージにて共有,まよ,5.0,,,2026-09-04 06:31:37,,2026-09-05 00:01:13,,,listing,2,14000,"いち早ぴあプレ最速先行
重複すり替えなし
アプグレ対応可
※当選時アプグレ代上乗せ、アプグレ落選時もキャンセル不可

いかなる場合も返金不可です。
迅速に対応さ...",True,,,absent_unverified,,2026-09-27 09:48:30,,,,,,,,,,,
xl2pklb43z,,tvasahi-dream-festival-2026,2026-11-21,15:00,Kアリーナ横浜,electronic,female,番手,な,5.0,,,2026-09-04 09:58:41,,2026-09-05 00:01:13,,,listing,2,50000,"⭐️8名義中2(3)番手
3.0~即5.0/いち早ぴあプレ /すり替えなし/
全名義アプグレ申込予定
アプグレ落選後のキャンセル不可
全名義落選又は1名義のみ当...",True,,,absent_unverified,,2026-09-27 09:48:30,,,,,,,,,,,
sngpgudk9u,,kamigata-expo-park-fes-2026,2026-10-31,,[大阪府] 万博記念公園,electronic,female,同行,ゆちゃん,5.0,,同行,2026-09-04 10:05:16,,2026-09-04 19:01:10,,,listing,1,85000,"初期当選/重複すり替え無し/下3桁提示可/有効期限内//なにわ名義/FC同士
【当選歴】
1stLove アリーナ
POPMALL スタンド
Alpha 花道横...",True,,,absent_unverified,,2026-09-27 09:48:30,,,,,,,,,,,
862xyb2v03,,kamigata-expo-park-fes-2026,2026-11-01,,[大阪府] 万博記念公園,electronic,female,同行,ゆあ,5.0,,同行番手,2026-09-04 09:27:21,,2026-09-04 19:01:10,2026-09-04 19:01:10,transition_observed,sold,2,28000,"初期当選/3名義中3番手/すり替え無し/下3桁提示可/有効期限内

★代表者・同行者共になにわ男子FCで登録済み
不備名義なし

※公式にて「TAKOYAKI...",True,,,,,,,,,,,,,,,,
rr690ufm15,,kamigata-expo-park-fes-2026,2026-11-01,,[大阪府] 万博記念公園,electronic,female,同行,みゅる,5.0,,番手,2026-09-04 09:29:00,,2026-09-04 19:01:10,,,listing,2,24000,"2名義中2番手/すり替えなし(会員番号の下3桁提示可能)
SUPER EIGHT(代表)×Aぇ(同行)、
なにわ男子(代表)×なにわ男子(同行)
全名義 該当F...",True,,,absent_unverified,,2026-09-27 09:48:30,,,,,,,,,,,
bz6p0g2iqv,,tvasahi-dream-festival-2026,2026-11-21,15:00,Kアリーナ横浜,paper,female,公演日3日前までに発券番号共有,k,5.0,,,2026-09-04 10:16:58,,2026-09-05 00:01:13,,,listing,1,15000,"いち早プレリザーブ ぴあプレ枠
重複すり替えなし

発券開始日時になりましたら発券番号をお伝えしますのでご自身で発券をお願いたします。

公演中止以外は返金いた...",True,,,absent_unverified,,2026-09-27 09:48:30,,,,,,,,,,,
m3o97au5vj,,tvasahi-dream-festival-2026,2026-11-21,15:00,Kアリーナ横浜,paper,female,当日手渡し,ゆ,5.0,,同行,2026-09-04 11:35:29,,2026-09-05 00:01:13,,,listing,2,17000,"・チケットぴあ いち早プレリザーブ当選枠
・当方の同行、すり替えなし、4連中の1〜2枚、問い合わせ番号提示可
・正門担購入不可
・事前に発券したチケットを当日手...",True,,,absent_unverified,,2026-09-27 09:48:30,,,,,,,,,,,
sold_tvasahi-dream-festival-2026_1788523332946_12000,1788523332946,tvasahi-dream-festival-2026,2026-11-21,15:00,Kアリーナ横浜,pickup_number,none,11/18 12:00以降に発券番号orチケット分配,,,,,2026-09-04 12:02:12,,2026-09-04 18:01:17,,historical_unknown,sold,1,12000,"
チケットぴあ いち早プレリザーブ での当選

アプグレ申込対応可能/1枚/お問い合わせ番号提示🉑
分配もしくは発券番号でのお譲りになります。
分配ですとご本...",False,,,,,,,,,,,,,,,,
nwkkiwolgw,1788525988075,tvasahi-dream-festival-2026,2026-11-21,15:00,Kアリーナ横浜,electronic,female,分配,みみ,4.6,,,2026-09-04 12:46:28,,2026-09-04 14:01:10,,,deleted,2,15036,,True,,,,,,,,,,,,,,,,
a7bj9pk42g,,tvasahi-dream-festival-2026,2026-11-23,15:00,Kアリーナ横浜,pickup_number,none,11/18 12:00以降に発券番号orチケット分配,り,4.4,,QR,2026-09-04 12:03:36,,2026-09-05 00:01:13,,,listing,2,13000,"チケットぴあ いち早プレリザーブ での当選

アプグレ申込対応可能/2枚/お問い合わせ番号提示🉑
分配もしくは発券番号でのお譲りになります。
分配ですとご本人...",True,,,absent_unverified,,2026-09-27 09:48:30,,,,,,,,,,,
p2gzpw8cdt,,tvasahi-dream-festival-2026,2026-11-22,15:00,Kアリーナ横浜,paper,female,分配予定,ほ,5.0,,QR,2026-09-04 13:51:31,,2026-09-05 00:01:13,,,listing,2,14700,"ぴあプレミアム先行/重複なし/アプグレ対応可能
公演中止の場合のみ手数料を差し引いた全額を返金します。
",True,,,absent_unverified,,2026-09-27 09:48:30,,,,,,,,,,,
r0t80died1,,tvasahi-dream-festival-2026,2026-11-21,15:00,Kアリーナ横浜,paper,female,要相談,y,5.0,,番手,2026-09-04 15:45:20,,2026-09-05 00:01:13,,,listing,2,15000,"3名義中3番手のチケットをお譲りいたします。
アップグレードは3名義すべて申し込み予定です。
アップグレードの当落結果によって、お渡しするチケット・お渡し方法が...",True,,,absent_unverified,,2026-09-27 09:48:30,,,,,,,,,,,
sold_kamigata-expo-park-fes-2026__50000,,kamigata-expo-park-fes-2026,2026-10-31,,[大阪府] 万博記念公園,electronic,female,公演日前日にログイン情報共有,,,,,2026-09-04 19:01:10,,2026-09-04 19:01:10,,historical_unknown,sold,1,50000,"初期当選、有効期限内、下3桁提示可、重複すり替えなし

公演日前日にログイン情報を連絡ボードにてお伝え致します。公演日当日入場後は速やかにログアウトして頂き、必...",False,,,,,,,,,,,,,,,,
sold_kamigata-expo-park-fes-2026__19500,,kamigata-expo-park-fes-2026,2026-10-31,,[大阪府] 万博記念公園,electronic,female,同行,,,,,2026-09-04 19:01:10,,2026-09-04 19:01:10,,historical_unknown,sold,1,19500,"FC先行/有効期限内/すり替えなしのランダム配布

・8:30〜11:00の間でどの時間帯でも待ち合わせできる方でお願いします。時間厳守となります、遅刻された場...",False,,,,,,,,,,,,,,,,
sold_kamigata-expo-park-fes-2026__30000,,kamigata-expo-park-fes-2026,2026-10-31,,[大阪府] 万博記念公園,electronic,female,公演2〜3日前にQRコード共有,,,,,2026-09-04 19:01:10,,2026-09-04 19:01:10,,historical_unknown,sold,1,30000,"Ａぇ名義/座席未定/単番QR/有効期限内/重複すり替えなし/下3桁提示可能/初期当選

・2～3日前に連絡ボードにて必要な情報をお伝えいたします。
・入場後、速...",False,,,,,,,,,,,,,,,,
sold_kamigata-expo-park-fes-2026__10000,,kamigata-expo-park-fes-2026,2026-10-31,,[大阪府] 万博記念公園,electronic,female,公演日前日までにQRコード共有,,,,,2026-09-04 19:01:10,,2026-09-04 19:01:10,,historical_unknown,sold,1,10000,"8/2523:59までに定価手数料のお支払いをお願いいたします。

AぇFC/QR毎/初期当選/下3桁提示可/有効期限内/発送物戻り・過去エラーなし/重複すり替...",False,,,,,,,,,,,,,,,,
sold_kamigata-expo-park-fes-2026__18000,,kamigata-expo-park-fes-2026,2026-10-31,,[大阪府] 万博記念公園,electronic,female,同時入場 2名義中2番手 ,,,,,2026-09-04 19:01:10,,2026-09-04 19:01:10,,historical_unknown,sold,1,18000,"単番 2名義中2番手 すり替えなし下3桁提示可
なにわ名義①ジュニア名義①

エラー/郵送物戻りなし

ご購入は日本語がご理解いただける方のみお願い致します。...",False,,,,,,,,,,,,,,,,
sold_kamigata-expo-park-fes-2026__20000,,kamigata-expo-park-fes-2026,2026-10-31,,[大阪府] 万博記念公園,electronic,female,同行,,,,,2026-09-04 19:01:10,,2026-09-04 19:01:10,,historical_unknown,sold,1,20000,"FC先行/有効期限内/すり替えなしのランダム配布

・8:30〜11:00の間でどの時間帯でも待ち合わせできる方でお願いします。時間厳守となります、遅刻された場...",False,,,,,,,,,,,,,,,,
sold_kamigata-expo-park-fes-2026__40000,,kamigata-expo-park-fes-2026,2026-10-31,,[大阪府] 万博記念公園,electronic,female,公演日2日前までにQRコード共有,,,,,2026-09-04 19:01:10,,2026-09-04 19:01:10,,historical_unknown,sold,2,40000,"WESTFC枠
該当名義(変更ボタンあり)初期当選 有効期限内会員 過去エラー等の不備なし
QRでのお譲り すり替えなし 下3桁提示可能

公演2日前までにログ...",False,,,,,,,,,,,,,,,,
sold_kamigata-expo-park-fes-2026__29000,,kamigata-expo-park-fes-2026,2026-10-31,,[大阪府] 万博記念公園,electronic,female,公演日7日前までにQRコード共有,,,,,2026-09-04 19:01:10,,2026-09-04 19:01:10,,historical_unknown,sold,1,29000,"なにわ男子名義/初期当選/有効期限内会員/
QRでのお譲り/すり替えなし/ 下3桁提示可能

公演前日までにログイン情報を送付します。

公演中止の場合は返金し...",False,,,,,,,,,,,,,,,,
sold_kamigata-expo-park-fes-2026__52000,,kamigata-expo-park-fes-2026,2026-10-31,,[大阪府] 万博記念公園,electronic,female,公演日7日前までにQRコード共有,,,,,2026-09-04 19:01:10,,2026-09-04 19:01:10,,historical_unknown,sold,2,52000,お値下げ🉑Aぇ名義/QR毎/重複すり替えなし/初期当選/該当名義/有効期間内/変更ボタンあり/下３桁提示/公演前日までに連絡ボードにてログイン情報をお伝え致し...,False,,,,,,,,,,,,,,,,
sold_kamigata-expo-park-fes-2026__31000,,kamigata-expo-park-fes-2026,2026-10-31,,[大阪府] 万博記念公園,electronic,female,公演前日までにQRコード共有,,,,,2026-09-04 19:01:10,,2026-09-04 19:01:10,,historical_unknown,sold,1,31000,"なにわ男子名義/初期当選/有効期限内会員/QRでのお譲り/すり替えなし/下3桁提示可能

公演前日にログイン情報を送付します。
入場後は速やかにログアウトくださ...",False,,,,,,,,,,,,,,,,
sold_kamigata-expo-park-fes-2026__23000,,kamigata-expo-park-fes-2026,2026-10-31,,[大阪府] 万博記念公園,electronic,female,公演日前日までにQRコード共有,,,,,2026-09-04 19:01:10,,2026-09-04 19:01:10,,historical_unknown,sold,1,23000,"
・QR毎 単番
・初期当選 有効期限内 下3桁提示可
・郵送物戻りなし 
・過去エラーなし
・公演前日にログイン情報をお伝えします
・体調不良 / 交通機関の...",False,,,,,,,,,,,,,,,,
sold_kamigata-expo-park-fes-2026__22000,,kamigata-expo-park-fes-2026,2026-10-31,,[大阪府] 万博記念公園,electronic,none,同行,,,,,2026-09-04 19:01:10,,2026-09-04 19:01:10,,historical_unknown,sold,2,22000,"FC先行/有効期限内/3名義中3番手/全てデビュー組名義/すり替えなし

3名義中1名義は男性名義が代表者での当選となります。

当日の集合時間・場所等に関して...",False,,,,,,,,,,,,,,,,
sold_kamigata-expo-park-fes-2026__3200,,kamigata-expo-park-fes-2026,2026-10-31,,[大阪府] 万博記念公園,electronic,female,公演前日までにQRコード共有,,,,,2026-09-04 19:01:10,,2026-09-04 19:01:10,,historical_unknown,sold,1,3200,"※8/25(火)23:59までにPay-easyにて別途定価+手数料（16800円）支払い可能な方のみ

※評価4.9以下の方は購入をお控えください

FC先行...",False,,,,,,,,,,,,,,,,
sold_kamigata-expo-park-fes-2026__34000,,kamigata-expo-park-fes-2026,2026-11-01,,[大阪府] 万博記念公園,electronic,female,公演日1日前までにQRコード共有,,,,,2026-09-04 19:01:10,,2026-09-04 19:01:10,,historical_unknown,sold,2,34000,"Aぇ名義/初期当選/ 座席未定 / QR毎 /下3桁提示可/ 有効期限内 / 発送物戻りなし/着ブロ希望なし/ コンビニ決済

プラベ出品対応可能です。
同行者...",False,,,,,,,,,,,,,,,,
sold_kamigata-expo-park-fes-2026__15000,,kamigata-expo-park-fes-2026,2026-11-01,,[大阪府] 万博記念公園,electronic,female,公演日前日にQRコード共有,,,,,2026-09-04 19:01:10,,2026-09-04 19:01:10,,historical_unknown,sold,2,15000,"※8/24(火)23:59までに、Pay-easyにて別途定価＋手数料（16,800円）のお支払いが可能な方のみ

Aぇ名義／初期当選／QR毎／座席未定／重複す...",False,,,,,,,,,,,,,,,,
sold_kamigata-expo-park-fes-2026__16500,,kamigata-expo-park-fes-2026,2026-11-01,,[大阪府] 万博記念公園,electronic,female,公演日前日までにQRコード共有,,,,,2026-09-04 19:01:10,,2026-09-04 19:01:10,,historical_unknown,sold,2,16500,"⚠️〜8月24日中に入金して頂ける方⚠️

Aぇ名義/初期当選/ QR毎 2連 /FC同士/下3桁提示可/ 有効期限内 /重複すり替え無し/発送物戻りなし

入...",False,,,,,,,,,,,,,,,,
sold_kamigata-expo-park-fes-2026__6200,,kamigata-expo-park-fes-2026,2026-11-01,,[大阪府] 万博記念公園,electronic,female,公演日前日までにQRコード共有,,,,,2026-09-04 19:01:10,,2026-09-04 19:01:10,,historical_unknown,sold,1,6200,"※8/25(火)23:59までにPay-easyにて別途定価+手数料（16800円）支払い可能な方のみ

※評価4.9以下/レビューが1件も無い方は購入をお控え...",False,,,,,,,,,,,,,,,,
sold_tvasahi-dream-festival-2026__12000,,tvasahi-dream-festival-2026,2026-11-21,15:00,Kアリーナ横浜,pickup_number,none,11/18 12:00以降に発券番号orチケット分配,,,,,2026-09-05 00:01:13,,2026-09-05 00:01:13,,historical_unknown,sold,1,12000,"
チケットぴあ いち早プレリザーブ での当選

アプグレ申込対応可能/1枚/お問い合わせ番号提示🉑
分配もしくは発券番号でのお譲りになります。
分配ですとご本...",False,,,,,,,,,,,,,,,,
sold_tvasahi-dream-festival-2026__14800,,tvasahi-dream-festival-2026,2026-11-21,15:00,Kアリーナ横浜,pickup_number,female,入金後2日以内に発券番号共有,,,,,2026-09-05 00:01:13,,2026-09-05 00:01:13,,historical_unknown,sold,2,14800,"いち早ぴあプレミアム先行　重複すり替えなし1番手
代金上乗せでアプグレ対応可です。

発券開始後に、発券番号を連絡いたしますのでご自身で発券していただく形になり...",False,,,,,,,,,,,,,,,,
sold_tvasahi-dream-festival-2026__14900,,tvasahi-dream-festival-2026,2026-11-21,15:00,Kアリーナ横浜,pickup_number,female,入金後2日以内に発券番号共有,,,,,2026-09-05 00:01:13,,2026-09-05 00:01:13,,historical_unknown,sold,2,14900,"いち早ぴあプレミアム先行　重複すり替えなし1番手
代金上乗せでアプグレ対応可です。

発券開始後に、発券番号を連絡いたしますのでご自身で発券していただく形になり...",False,,,,,,,,,,,,,,,,
sold_tvasahi-dream-festival-2026__9999,,tvasahi-dream-festival-2026,2026-11-21,15:00,Kアリーナ横浜,pickup_number,female,公演2日前(11月19日)に発券番号共有,,,,,2026-09-05 00:01:13,,2026-09-05 00:01:13,,historical_unknown,sold,2,9999,"チケットぴあ“いち早プレリザーブ※NICOS限定”での当選。
11/19(木)に発券番号をお伝えしますのでご自身でセブンイレブンで発券してください。
発券に必要...",False,,,,,,,,,,,,,,,,
sold_tvasahi-dream-festival-2026__9800,,tvasahi-dream-festival-2026,2026-11-21,15:00,Kアリーナ横浜,pickup_number,female,11/18に発券番号の共有,,,,,2026-09-05 00:01:13,,2026-09-05 00:01:13,,historical_unknown,sold,2,9800,"チケットぴあ いち早プレリザーブ での当選

✨価格交渉🉑プライベート出品、プラベルに切り替えさせていただく場合0.95にお値下げいたしますのでお気軽にお声が...",False,,,,,,,,,,,,,,,,
sold_tvasahi-dream-festival-2026__11893,,tvasahi-dream-festival-2026,2026-11-21,15:00,Kアリーナ横浜,paper,female,当日手渡し,,,,,2026-09-05 00:01:13,,2026-09-05 00:01:13,,historical_unknown,sold,2,11893,"1.15/枚 チケテン通し
1.15/枚 当日手渡し
アプグレ当選名義の場合は+0.7/枚",False,,,,,,,,,,,,,,,,
j10kdescc3,,kamigata-expo-park-fes-2026,2026-10-31,,[大阪府] 万博記念公園,electronic,female,公演日前日にログイン情報共有します。,るる,5.0,,QR,2026-09-24 11:27:01,scrape_observed,2026-09-25 01:01:12,,,listing,2,38000,"QR毎/初期当選/有効期限内/重複すり替えなし/下3桁提示可/発送物戻りなし/過去エラー等なし/WEST.名義

公演前日にログイン情報共有いたしますのでご自身...",True,,,absent_unverified,,2026-09-27 09:48:30,,,,,,,,,,,
o34zf1c710,,kamigata-expo-park-fes-2026,2026-10-31,,[大阪府] 万博記念公園,electronic,female,同行,L,5.0,,番手,2026-09-24 11:27:01,scrape_observed,2026-09-25 00:01:19,,,listing,2,35000,"6名義中3番手/初期当選/有効期限内/すり替えなし/下三桁提示可能

ランダムエラー、出演者変更、体調不良、交通機関の乱れなどの如何なる理由により入場できなかっ...",True,,,absent_unverified,,2026-09-27 09:48:30,,,,,,,,,,,
3tn7usshf5,,kamigata-expo-park-fes-2026,2026-10-31,,[大阪府] 万博記念公園,electronic,female,同行,ari,5.0,,番手,2026-09-24 11:27:01,scrape_observed,2026-09-25 01:01:12,,,listing,1,32000,"3名義所持(2連×1名義、単番×2名義)/4枚中2番手/初期当選/Aぇ名義/有効期限内/すり替えなし/下3桁提示可

プラベルでのお取引希望の方は移行させていた...",True,,,absent_unverified,,2026-09-27 09:48:30,,,,,,,,,,,
9wjvp4zxri,,kamigata-expo-park-fes-2026,2026-10-31,,[大阪府] 万博記念公園,electronic,female,初期当選、単番QR毎、重複すり替えなし、有効期限内、下3桁可能,J,5.0,,QR,2026-09-24 11:27:01,scrape_observed,2026-09-25 01:01:12,,,listing,1,48000,前日になりましたらログイン情報ご提示いたします。買い手の方で同意チェックしてご入場ください。本人確認、ランダムエラー対応はできません。公演中止のみ返金いたします...,True,,,absent_unverified,,2026-09-27 09:48:30,,,,,,,,,,,
z3fwu04ky3,,kamigata-expo-park-fes-2026,2026-10-31,,[大阪府] 万博記念公園,electronic,female,同行,か,5.0,,番手,2026-09-24 11:27:01,scrape_observed,2026-09-25 01:01:12,,,listing,2,25000,"2名義中2番手/全てジュニア名義/初期当選/下3桁提示可能/エラー、郵送物戻りなし

・8:30までに集合可能な方のみご購入ください。

・同時入場後一旦チケッ...",True,,,absent_unverified,,2026-09-27 09:48:30,,,,,,,,,,,
ufpzhe90jn,,kamigata-expo-park-fes-2026,2026-10-31,,[大阪府] 万博記念公園,electronic,female,同行,🦀,5.0,,同行番手,2026-09-24 11:27:01,scrape_observed,2026-09-25 01:01:12,,,listing,2,33000,"2番手中2番
全てAぇ名義/変更ボタンあり/初期当選/期限内/下3桁提示可能/すり替えなし

公演当日、こちらが指定した時間に会場付近にて待ち合わせのうえ、同時...",True,,,absent_unverified,,2026-09-27 09:48:30,,,,,,,,,,,
yh2qa7hpl6,,kamigata-expo-park-fes-2026,2026-10-31,,[大阪府] 万博記念公園,electronic,female,同行,★,5.0,,番手,2026-09-24 11:27:01,scrape_observed,2026-09-25 01:01:12,,,listing,2,33000,"初期当選/3名義中3番手/有効期限名義のみ/WEST×WEST・Aぇ×Aぇ/すり替えなし/下3桁提示可

プラベルでのお取引可能な方はお申し付けください。...",True,,,absent_unverified,,2026-09-27 09:48:30,,,,,,,,,,,
2a29akxl22,,kamigata-expo-park-fes-2026,2026-10-31,,[大阪府] 万博記念公園,electronic,female,同行,れいあ,5.0,,同行,2026-09-24 11:27:01,scrape_observed,2026-09-25 00:01:19,,,listing,1,32000,"当方の同行のため岡﨑担❌
WEST名義

すり替えなし。下3桁提示可能。有効期限内。初期当選。着ブロ希望なし。郵送物戻りなし。過去エラーなし。

ランダムエラー...",True,,,absent_unverified,,2026-09-27 09:48:30,,,,,,,,,,,
4ubm5okaqj,,kamigata-expo-park-fes-2026,2026-10-31,,[大阪府] 万博記念公園,electronic,female,当日渡し,Me_7teor,5.0,,QR番手,2026-09-24 11:27:01,scrape_observed,2026-09-25 00:01:19,,,listing,2,0,"5名義中5番手
初期当選/有効期限内/すり替えなし/下三桁提示可能

ランダムエラー、出演者変更、体調不良、交通機関の乱れなどの如何なる理由により入場できなかっ...",True,,,absent_unverified,,2026-09-27 09:48:30,,,,,,,,,,,
qdgda7i0oh,,kamigata-expo-park-fes-2026,2026-10-31,,[大阪府] 万博記念公園,electronic,female,入金後24時間以内にQRコード共有,さ,5.0,,番手,2026-09-24 11:27:01,scrape_observed,2026-09-25 01:01:12,,,listing,1,50000,3名義中2番手です。,True,,,absent_unverified,,2026-09-27 09:48:30,,,,,,,,,,,
lktsznej6u,,kamigata-expo-park-fes-2026,2026-10-31,,[大阪府] 万博記念公園,electronic,female,同行,m,5.0,,同行,2026-09-24 11:27:01,scrape_observed,2026-09-25 01:01:12,,,listing,1,40000,"2名義中1番手同行/初期当選/Aぇ名義/有効期限内/すり替えなし/下3桁提示可

プラベ出品でのお取引に移行させていただきますので、メッセージをお願いします。...",True,,,absent_unverified,,2026-09-27 09:48:30,,,,,,,,,,,
dkus92ng7t,,kamigata-expo-park-fes-2026,2026-10-31,,[大阪府] 万博記念公園,electronic,female,同行,ｲ,5.0,,番手,2026-09-24 11:27:01,scrape_observed,2026-09-25 00:01:19,,,listing,2,23000,"2名義中2番手 / 初期当選 / すり替えなし / 下3桁提示可 / 有効期限内 / 該当名義(アンビ名義×2)


・8:30入場予定。

・公演当日、開場3...",True,,,absent_unverified,,2026-09-27 09:48:30,,,,,,,,,,,
pebs5xrdu5,,kamigata-expo-park-fes-2026,2026-10-31,,[大阪府] 万博記念公園,electronic,female,公演日前日までにQRコード共有,ちゃ,4.6,,QR,2026-09-24 11:27:01,scrape_observed,2026-09-25 01:01:12,,,listing,1,38000,WEST.名義/QR毎/重複すり替えなし/初期当選/前回アリツア落選/該当舞台落選/有効期間内/変更ボタンあり/下３桁提示/公演前日までに連絡ボードにてログイン...,True,,,absent_unverified,,2026-09-27 09:48:30,,,,,,,,,,,
x6lp00u52f,,kamigata-expo-park-fes-2026,2026-10-31,,[大阪府] 万博記念公園,electronic,female,公演日前日にログイン情報を共有します。,みぃ,5.0,,QR,2026-09-24 11:27:01,scrape_observed,2026-09-25 01:01:12,,,listing,1,30000,"QR毎・初期当選・有効期限内(10月)・重複すり替えなし・下3桁提示可・発送物戻りなし・過去エラー等なし・SUPER EIGHT名義(武道館、FES落選)

公...",True,,,absent_unverified,,2026-09-27 09:48:30,,,,,,,,,,,
jpswdqpjc4,,kamigata-expo-park-fes-2026,2026-10-31,,[大阪府] 万博記念公園,electronic,female,2名義中2番手 同行,M,5.0,,番手,2026-09-24 11:27:01,scrape_observed,2026-09-25 01:01:12,,,listing,1,22000,"初期当選/2名義中2番手/有効期限内/Aぇ×Aぇ名義/すり替えなし

・当方の都合により入場時間が8時半以降となるため、それでも問題ない方のみ購入をご検討くださ...",True,,,absent_unverified,,2026-09-27 09:48:30,,,,,,,,,,,
a4ow282j7q,,kamigata-expo-park-fes-2026,2026-10-31,,[大阪府] 万博記念公園,electronic,female,QR毎,tsgjgk,5.0,,QR,2026-09-24 11:27:01,scrape_observed,2026-09-25 00:01:19,,,listing,2,35000,"WEST名義/QRごと/該当名義/重複すり替え無し/下3桁提示可/有効期限内/

公演前日にログインに必要な情報をお伝えします。
同行者登録はこちらで行います。...",True,,,absent_unverified,,2026-09-27 09:48:30,,,,,,,,,,,
c28bef8cdi,,kamigata-expo-park-fes-2026,2026-10-31,,[大阪府] 万博記念公園,electronic,female,公演前日にQRコード共有,こ,5.0,,QR,2026-09-24 11:27:01,scrape_observed,2026-09-25 01:01:12,,,listing,1,32000,"なにわ名義/有効期限内 /下3桁開示可/前回アリツア落選/エラーなし
公演前日に連絡ボードにてログイン情報お伝えします。入場後は速やかにログアウト及び受け取り評...",True,,,absent_unverified,,2026-09-27 09:48:30,,,,,,,,,,,
gez3tkdzmi,,kamigata-expo-park-fes-2026,2026-10-31,,[大阪府] 万博記念公園,electronic,female,同時入場,M,5.0,,番手,2026-09-24 11:27:01,scrape_observed,2026-09-25 01:01:12,,,listing,2,21000,"初期当選/4名義中3番手の2連/有効期限名義のみ/なにわ名義/すり替えなし/下3桁提示可能/発送物戻りなし

※~8:30前集合可能な方のみご購入下さい※

・...",True,,,absent_unverified,,2026-09-27 09:48:30,,,,,,,,,,,
rd4ew423mz,,kamigata-expo-park-fes-2026,2026-10-31,,[大阪府] 万博記念公園,electronic,female,QR,☆,5.0,,同行記載あり,2026-09-24 11:27:01,scrape_observed,2026-09-25 01:01:12,,,listing,2,30000,QRごと。FC×FC当選。すり替えなし。下3桁提示可能。有効期限内。初期当選。着ブロ希望なし。郵送物戻りなし。コンビニ決済。過去エラーなし。同行者チェックのみこ...,True,,,absent_unverified,,2026-09-27 09:48:30,,,,,,,,,,,
m5ptf6o1eo,,kamigata-expo-park-fes-2026,2026-10-31,,[大阪府] 万博記念公園,electronic,female,公演前日18時以降にログイン情報お渡し,39,5.0,,QR,2026-09-24 11:27:01,scrape_observed,2026-09-25 01:01:12,,,listing,2,30000,"ジュニア情報局 / QR毎 / 下3桁提示可 / 有効期限内

・事前同行者登録の為、前日18時以降に同行者分のみ同意チェックをしログイン情報をお伝えします。...",True,,,absent_unverified,,2026-09-27 09:48:30,,,,,,,,,,,
rov8jgkw1t,,kamigata-expo-park-fes-2026,2026-10-31,,[大阪府] 万博記念公園,electronic,female,同行,あ,5.0,,ランダム記載あり,2026-09-24 11:27:01,scrape_observed,2026-09-25 01:01:12,,,listing,2,30000,"

FC先行/有効期限内/全てAぇ名義/3名義中2番手/すり替えなし/下3桁提示可

・入場後はチケットを一旦回収し、当方が座席を選択した後に順次チケットをお渡...",True,,,absent_unverified,,2026-09-27 09:48:30,,,,,,,,,,,
fv0gtqond8,,kamigata-expo-park-fes-2026,2026-10-31,,[大阪府] 万博記念公園,electronic,female,2名義中2番手,とり,5.0,,番手,2026-09-24 11:27:01,scrape_observed,2026-09-25 01:01:12,,,listing,2,25000,"デビュー組FC先行/有効期限内のみ/2名義中2番手/すり替えなし

当日の集合時間・場所等に関しては公演が近くなり次第、または詳細が発表され次第、連絡ボードにて...",True,,,absent_unverified,,2026-09-27 09:48:30,,,,,,,,,,,
8n1ynp0xtt,,kamigata-expo-park-fes-2026,2026-10-31,,[大阪府] 万博記念公園,electronic,female,公演日1日前までにQRコード共有,R,5.0,,QR,2026-09-24 11:27:01,scrape_observed,2026-09-25 01:01:12,,,listing,1,35000,"なにわ男子名義 / QR毎 / 重複すり替えなし / 初期当選 / 有効期間内 / 下3桁提示
公演前日までに連絡ボードにてログイン情報をお伝えします。入場後は...",True,,,absent_unverified,,2026-09-27 09:48:30,,,,,,,,,,,
r1lghowj5j,,kamigata-expo-park-fes-2026,2026-10-31,,[大阪府] 万博記念公園,electronic,female,同行,みょ,5.0,,同行記載あり,2026-09-24 11:27:01,scrape_observed,2026-09-25 00:01:19,,,listing,1,40000,"Aぇ名義/下3桁提示可/サイチェン可

・正門担との同行（正門担×）
・8:15会場付近集合予定
・当日同行が難しくなった場合、受け取り評価は必ずしていただきま...",True,,,absent_unverified,,2026-09-27 09:48:30,,,,,,,,,,,
9ymsontifu,,kamigata-expo-park-fes-2026,2026-10-31,,[大阪府] 万博記念公園,electronic,female,前日にログイン情報共有,にら,5.0,,QR,2026-09-24 11:27:01,scrape_observed,2026-09-25 00:01:19,,,listing,1,22000,"初期当選/QR毎/WEST名義/有効期限内名義/本人確認対応不可/会員番号下3桁提示可/着席ブロック未選択/公演日1日前ログイン情報ご連絡いたします
",True,,,absent_unverified,,2026-09-27 09:48:30,,,,,,,,,,,
eh617vcd6y,,kamigata-expo-park-fes-2026,2026-10-31,,[大阪府] 万博記念公園,paper,female,同時入場,🌙,5.0,,同行番手,2026-09-24 11:27:01,scrape_observed,2026-09-25 00:01:19,,,listing,2,26000,"2名義中2番手
なにわ・Aぇ名義
初期当選/すり替えなし/下3桁提示可/ND⁵・Runway(今ツ)落選名義


【お取引について】

・番手でのお譲りが難しい...",True,,,absent_unverified,,2026-09-27 09:48:30,,,,,,,,,,,
efys30cg0n,,kamigata-expo-park-fes-2026,2026-10-31,,[大阪府] 万博記念公園,electronic,female,公演日全日にQRコード共有,re,5.0,,QR,2026-09-24 11:27:01,scrape_observed,2026-09-25 01:01:12,,,listing,1,30000,"ジュニア名義/QRごと/該当名義/重複すり替え無し/下3桁提示可/有効期限内/

公演前日にログインに必要な情報を連絡ボードにてお伝えします。

※ランダムエラ...",True,,,absent_unverified,,2026-09-27 09:48:30,,,,,,,,,,,
n0le0mj1vp,,kamigata-expo-park-fes-2026,2026-10-31,,[大阪府] 万博記念公園,electronic,female,公演日前日にログイン情報共有,R,5.0,,QR,2026-09-24 11:27:01,scrape_observed,2026-09-25 01:01:12,,,listing,1,50000,"初期当選、有効期限内、下3桁提示可、重複すり替えなし

公演日前日にログイン情報を連絡ボードにてお伝え致します。公演日当日入場後は速やかにログアウトして頂き、必...",True,,,absent_unverified,,2026-09-27 09:48:30,,,,,,,,,,,
xsk6u85ofk,,kamigata-expo-park-fes-2026,2026-10-31,,[大阪府] 万博記念公園,electronic,female,公演日前日までにログイン情報共有,C,5.0,,QR,2026-09-24 11:27:01,scrape_observed,2026-09-25 01:01:12,,,listing,2,35000,FC初期当選 / なにわ名義 / 重複すり替えなし / QR毎2連 / 郵送物エラー等なし / 下3桁提示可,True,,,absent_unverified,,2026-09-27 09:48:30,,,,,,,,,,,
5i3z331uub,,kamigata-expo-park-fes-2026,2026-10-31,,[大阪府] 万博記念公園,electronic,male,同行,K,5.0,,同行,2026-09-24 11:27:01,scrape_observed,2026-09-25 01:01:12,,,listing,1,63000,"2連中1枚同行/なにわ名義/有効期限内/下3桁提示可

・公演当日、会場付近にて集合し、同時入場していただきます。
・座席に関するクレームはお受けできません。...",True,,,absent_unverified,,2026-09-27 09:48:30,,,,,,,,,,,
f73tuu3x6b,,kamigata-expo-park-fes-2026,2026-10-31,,[大阪府] 万博記念公園,electronic,female,同行,り,5.0,,ランダム記載あり,2026-09-24 11:27:01,scrape_observed,2026-09-25 01:01:12,,,listing,2,70000,"7名義中2番手
初期当選/なにわ名義×情報局該当名義/有効期限内/すり替えなし/下三桁提示可能

ランダムエラー、出演者変更、体調不良、交通機関の乱れなどの如何...",True,,,absent_unverified,,2026-09-27 09:48:30,,,,,,,,,,,
dfz9fd1m0m,,kamigata-expo-park-fes-2026,2026-10-31,,[大阪府] 万博記念公園,electronic,male,前日までにログイン情報共有,♡,5.0,,QR,2026-09-24 11:27:01,scrape_observed,2026-09-25 00:01:19,,,listing,2,25000,"QR毎/Aぇ名義/初期当選/下3桁提示可/有効期限内/発送物戻りなし/条件なし/ペイジー払い

QR毎のお譲りです。
代表者(男性名義)、同行者(女性名義)どち...",True,,,absent_unverified,,2026-09-27 09:48:30,,,,,,,,,,,
176b7vc4pi,,kamigata-expo-park-fes-2026,2026-10-31,,[大阪府] 万博記念公園,electronic,female,QRごと,にゃ,5.0,,QR,2026-09-24 11:27:01,scrape_observed,2026-09-25 00:01:19,,,listing,1,30000,"なにわ名義/QRごと/該当名義/重複すり替え無し/下3桁提示可/有効期限内/

公演前日にログインに必要な情報を連絡ボードにてお伝えします。

※ランダムエラー...",True,,,absent_unverified,,2026-09-27 09:48:30,,,,,,,,,,,
676vntk6jd,,kamigata-expo-park-fes-2026,2026-10-31,,[大阪府] 万博記念公園,electronic,female,同行,y,5.0,,同行,2026-09-24 11:27:01,scrape_observed,2026-09-25 00:01:19,,,listing,1,37000,"2名義中1番手
すり替えなし/Aぇ名義/有効期限内/下3桁提示可

入場のみ一緒でも目的同じでしたら一緒に動くことも可能です。
柔軟に対応いたします。
開園から...",True,,,absent_unverified,,2026-09-27 09:48:30,,,,,,,,,,,
6nyez10prm,,kamigata-expo-park-fes-2026,2026-10-31,,[大阪府] 万博記念公園,electronic,female,同行,いよ,5.0,,番手,2026-09-24 11:27:01,scrape_observed,2026-09-25 00:01:19,,,listing,2,25000,"4名義中3番手/全てアンビ名義・初期当選・有効期限内・郵送物戻りなし/下3桁提示可/サイチェン可

公演当日、8:10（開場20分前）頃に会場付近にて待ち合わせ...",True,,,absent_unverified,,2026-09-27 09:48:30,,,,,,,,,,,
sb3o2yfqsp,,kamigata-expo-park-fes-2026,2026-10-31,,[大阪府] 万博記念公園,electronic,female,同行,M,5.0,,番手,2026-09-24 11:27:01,scrape_observed,2026-09-25 01:01:12,,,listing,2,39500,"2名義中2番手/初期当選/Aぇ名義/期限内/下3桁提示可

スーツケース等、大きな手荷物は事前に預けた状態でお越しください。

詳しい集合時間/場所につきまして...",True,,,absent_unverified,,2026-09-27 09:48:30,,,,,,,,,,,
j53wa2x0rm,,kamigata-expo-park-fes-2026,2026-10-31,,[大阪府] 万博記念公園,electronic,female,当日渡し,Me_7teor,5.0,,QR番手,2026-09-24 11:27:01,scrape_observed,2026-09-25 01:01:12,,,listing,2,0,"5名義中3番手
初期当選/有効期限内/すり替えなし/下三桁提示可能

ランダムエラー、出演者変更、体調不良、交通機関の乱れなどの如何なる理由により入場できなかっ...",True,,,absent_unverified,,2026-09-27 09:48:30,,,,,,,,,,,
4696w5u43a,,kamigata-expo-park-fes-2026,2026-10-31,,[大阪府] 万博記念公園,electronic,female,公演前日ログイン情報共有,moe,5.0,,QR,2026-09-24 11:27:01,scrape_observed,2026-09-25 00:01:19,,,listing,2,33500,"プラベル取引/Aぇ名義/QRごと/該当名義/重複すり替え無し/下3桁提示可/有効期限内/発送物戻り無し

＊プラベルにて取引希望ですので、購入希望の方はメッセー...",True,,,absent_unverified,,2026-09-27 09:48:30,,,,,,,,,,,
hrbu8bmob0,,kamigata-expo-park-fes-2026,2026-10-31,,[大阪府] 万博記念公園,electronic,female,3名義中2番手,m,5.0,,番手,2026-09-24 11:27:01,scrape_observed,2026-09-25 01:01:12,,,listing,2,32000,"3名義中2番手/初期当選のみ/Jr該当×Aぇのみ/すり替えなし/下3桁提示可/有効期限内名義/発送物戻りなし

当日は、会場付近で集合し同時入場いたします。
未...",True,,,absent_unverified,,2026-09-27 09:48:30,,,,,,,,,,,
5fs4hdtzop,,kamigata-expo-park-fes-2026,2026-10-31,,[大阪府] 万博記念公園,electronic,female,公演日前日にQRコード共有,にゃん,5.0,,QR,2026-09-24 11:27:01,scrape_observed,2026-09-25 01:01:12,,,listing,2,32000,"QRごと なにわ名義 有効期限内 下3桁開示可 女性名義
前日までにログイン情報をお伝えさせていただきますので、ログインし確認お願いいたします。
同行者登録はこ...",True,,,absent_unverified,,2026-09-27 09:48:30,,,,,,,,,,,
otcz47hbvg,,kamigata-expo-park-fes-2026,2026-10-31,,[大阪府] 万博記念公園,electronic,female,公演当日,ぱ,4.8,,番手,2026-09-24 11:27:01,scrape_observed,2026-09-25 01:01:12,,,listing,2,18000,"2連×3名義所持、すり替えなし、全てsupereight名義
3名義中3名義目の2連をお渡しします。
開場時間(8時30分)のため8時頃には会場付近ご到着くださ...",True,,,absent_unverified,,2026-09-27 09:48:30,,,,,,,,,,,
b91x1k0thd,,kamigata-expo-park-fes-2026,2026-10-31,,[大阪府] 万博記念公園,electronic,female,公演前日QR共有,チケちゃん,4.8,,QR,2026-09-24 11:27:01,scrape_observed,2026-09-25 01:01:12,,,listing,1,48000,"単番QR毎/なにわ名義 / 初期当選 / 有効期限内名義 / すり替え重複なし / 下3桁提示可能/過去当選歴なし/エラーなし/発送物戻りなし

※必ずご確認く...",True,,,absent_unverified,,2026-09-27 09:48:30,,,,,,,,,,,
cn4x6ik74a,,kamigata-expo-park-fes-2026,2026-10-31,,[大阪府] 万博記念公園,electronic,female,公演日前日までにQRコード共有,さ,5.0,,QR,2026-09-24 11:27:01,scrape_observed,2026-09-25 01:01:12,,,listing,1,40000,,True,,,absent_unverified,,2026-09-27 09:48:30,,,,,,,,,,,
plhn3oqf43,,kamigata-expo-park-fes-2026,2026-10-31,,[大阪府] 万博記念公園,electronic,female,同行,mgt,5.0,,番手,2026-09-24 11:27:01,scrape_observed,2026-09-25 01:01:12,,,listing,2,60000,"6名義中2番手

初期当選、有効期限内、下3桁提示可、重複すり替えなし


ランダムエラー、出演者変更、体調不良、交通機関の乱れなどの如何なる理由により入場でき...",True,,,absent_unverified,,2026-09-27 09:48:30,,,,,,,,,,,
kofhbv5xrw,,kamigata-expo-park-fes-2026,2026-10-31,,[大阪府] 万博記念公園,electronic,female,同行,ゆちゃん,5.0,,同行,2026-09-24 11:27:01,scrape_observed,2026-09-25 01:01:12,,,listing,1,85000,"初期当選/重複すり替え無し/下3桁提示可/有効期限内//なにわ名義/FC同士
【当選歴】
1stLove アリーナ
POPMALL スタンド
Alpha 花道横...",True,,,absent_unverified,,2026-09-27 09:48:30,,,,,,,,,,,
tckzlqt0uz,,kamigata-expo-park-fes-2026,2026-10-31,,[大阪府] 万博記念公園,paper,female,当日手渡し,★,5.0,,同行,2026-09-24 11:27:01,scrape_observed,2026-09-25 01:01:12,,,listing,2,50000,"初期当選/3名義中2番手/有効期限名義のみ/WEST×WEST・Aぇ×Aぇ/すり替えなし/下3桁提示可

プラベルでのお取引可能な方はお申し付けください。...",True,,,absent_unverified,,2026-09-27 09:48:30,,,,,,,,,,,
x8a1d49yek,,kamigata-expo-park-fes-2026,2026-10-31,,[大阪府] 万博記念公園,electronic,female,当日渡し,Me_7teor,5.0,,ランダム,2026-09-24 11:27:01,scrape_observed,2026-09-25 01:01:12,,,listing,2,24000,"ランダム配布
初期当選のみ/有効期限内/複数名義所持

ランダムエラー、出演者変更、体調不良、交通機関の乱れなどの如何なる理由により入場できなかった場合でも受け...",True,,,absent_unverified,,2026-09-27 09:48:30,,,,,,,,,,,
wbklhvy2zk,,kamigata-expo-park-fes-2026,2026-10-31,,[大阪府] 万博記念公園,electronic,female,同行,ari,5.0,,番手,2026-09-24 11:27:01,scrape_observed,2026-09-25 01:01:12,,,listing,1,20000,"3名義所持(2連×1名義、単番×2名義)/4枚中4番手/初期当選/Aぇ名義/有効期限内/すり替えなし/下3桁提示可

プラベルでのお取引希望の方は移行させていた...",True,,,absent_unverified,,2026-09-27 09:48:30,,,,,,,,,,,
guj7jn05a6,,kamigata-expo-park-fes-2026,2026-10-31,,[大阪府] 万博記念公園,electronic,female,公演前日ログイン情報送付,14,5.0,,QR,2026-09-24 11:27:01,scrape_observed,2026-09-25 01:01:12,,,listing,2,35000,"west.名義/初期当選/有効期限内会員/QRでのお譲り/すり替えなし/下3桁提示可能

公演前日にログイン情報を送付します。
入場後は速やかにログアウトくださ...",True,,,absent_unverified,,2026-09-27 09:48:30,,,,,,,,,,,
46c2ezdv1l,,kamigata-expo-park-fes-2026,2026-10-31,,[大阪府] 万博記念公園,electronic,female,同行,@,5.0,,同行番手,2026-09-24 11:27:01,scrape_observed,2026-09-25 01:01:12,,,listing,2,25000,"2名義中2番手　全てAぇ名義　会員番号下3桁ご提示可能
同時入場後、当方が選ばなかった方のチケットをお渡しします。
集合時間、場所につきましては前日までにはお伝...",True,,,absent_unverified,,2026-09-27 09:48:30,,,,,,,,,,,
ulmvelcc8g,,kamigata-expo-park-fes-2026,2026-10-31,,[大阪府] 万博記念公園,electronic,female,公演前日にログイン情報お渡し,あ,5.0,,QR,2026-09-24 11:27:01,scrape_observed,2026-09-25 00:01:19,,,listing,1,40000,"WEST名義/QR毎/重複すり替え無し/下3桁提示可/有効期限内

公演前日にログインに必要な情報を連絡ボードにてお伝えします。

※ランダムエラー、出演者の欠...",True,,,absent_unverified,,2026-09-27 09:48:30,,,,,,,,,,,
yxvzddcfn3,,kamigata-expo-park-fes-2026,2026-10-31,,[大阪府] 万博記念公園,electronic,female,公演日1日前までにQRコード共有,ｙ,5.0,,QR,2026-09-24 11:27:01,scrape_observed,2026-09-25 01:01:12,,,listing,1,44000,"なにわ名義/初期当選/重複すり替えなし/有効期限内/下３桁開示可/発送物戻り無/過去エラー歴無

公演前日に必要な情報等を連絡ボードにてお知らせ致します。代表者...",True,,,absent_unverified,,2026-09-27 09:48:30,,,,,,,,,,,
y0e85wocqf,,kamigata-expo-park-fes-2026,2026-10-31,,[大阪府] 万博記念公園,electronic,female,同行,いよ,5.0,,番手,2026-09-24 11:27:01,scrape_observed,2026-09-25 00:01:19,,,listing,2,35000,"4名義中2番手/全てアンビ名義・初期当選・有効期限内・郵送物戻りなし/下3桁提示可/サイチェン可

公演当日、8:10（開場20分前）頃に会場付近にて待ち合わせ...",True,,,absent_unverified,,2026-09-27 09:48:30,,,,,,,,,,,
x2j733p5ti,,kamigata-expo-park-fes-2026,2026-10-31,,[大阪府] 万博記念公園,electronic,female,同行,おの,5.0,,番手,2026-09-24 11:27:01,scrape_observed,2026-09-25 01:01:12,,,listing,1,48000,"6名義中3番手/下3桁提示可能/単番当選のみ/全てSUPEREIGHT FC枠

・入場方法やブロックの詳細がまだ不明瞭な為、詳しい待ち合わせの時間等は公演三日...",True,,,absent_unverified,,2026-09-27 09:48:30,,,,,,,,,,,
s7yb5wysw7,,kamigata-expo-park-fes-2026,2026-10-31,,[大阪府] 万博記念公園,electronic,female,同行,すたー,5.0,,ランダム記載あり,2026-09-24 11:27:01,scrape_observed,2026-09-25 01:01:12,,,listing,2,25000,"FC先行/有効期限名義のみ/条件あり/2名義中2番手/すり替えなし/下3桁提示可

詳しい集合場所、時間等につきましては連絡ボードにて連絡させていただきます。...",True,,,absent_unverified,,2026-09-27 09:48:30,,,,,,,,,,,
l12k2eapv2,,kamigata-expo-park-fes-2026,2026-10-31,,[大阪府] 万博記念公園,electronic,female,同行,み,5.0,,同行,2026-09-24 11:27:01,scrape_observed,2026-09-25 01:01:12,,,listing,1,50000,"なにわ名義/有効期限内/重複すり替えなし/下3桁提示可

2連中1枚同行でのお譲りとなります。
大橋担不可

当日会場付近で待ち合わせし、同時入場していただきま...",True,,,absent_unverified,,2026-09-27 09:48:30,,,,,,,,,,,
2lt5bwliw4,,kamigata-expo-park-fes-2026,2026-10-31,,[大阪府] 万博記念公園,electronic,female,2名義中2番手,S,5.0,,番手同行,2026-09-24 11:27:01,scrape_observed,2026-09-25 01:01:12,,,listing,2,30000,"全てAぇ名義/初期当選/2名義中2番手/全て今ツ落選名義

プラベル切り替え対応可能

当日の集合時間や場所等に関しては連絡ボードにてご連絡いたします。

待ち...",True,,,absent_unverified,,2026-09-27 09:48:30,,,,,,,,,,,
b6twv47af1,,kamigata-expo-park-fes-2026,2026-10-31,,[大阪府] 万博記念公園,electronic,female,同行,m,5.0,,番手,2026-09-24 11:27:01,scrape_observed,2026-09-25 01:01:12,,,listing,2,25000,"2名義中2番手/エイト×Aぇ、Jr×Jr名義/初期当選/有効期限名義のみ/すり替えなし

当日、開場時間前に会場付近で待ち合わせし、同時入場していただきます。...",True,,,absent_unverified,,2026-09-27 09:48:30,,,,,,,,,,,
fw0rec19ti,,kamigata-expo-park-fes-2026,2026-10-31,,[大阪府] 万博記念公園,electronic,female,同行,Jn,5.0,,同行記載あり,2026-09-24 11:27:01,scrape_observed,2026-09-25 01:01:12,,,listing,1,34000,エイト名義(同行WEST.)/自名義/初期当選/下3桁共有可能/1名義中1名義目/すり替えなし/有効期限内/同行,True,,,absent_unverified,,2026-09-27 09:48:30,,,,,,,,,,,
hxyr7xixeq,,kamigata-expo-park-fes-2026,2026-10-31,,[大阪府] 万博記念公園,electronic,female,同行,り,5.0,,ランダム記載あり,2026-09-24 11:27:01,scrape_observed,2026-09-25 01:01:12,,,listing,2,35000,"7名義中4番手
初期当選/なにわ名義×情報局該当名義/有効期限内/すり替えなし/下三桁提示可能

ランダムエラー、出演者変更、体調不良、交通機関の乱れなどの如何...",True,,,absent_unverified,,2026-09-27 09:48:30,,,,,,,,,,,
uf05mcjfs9,,kamigata-expo-park-fes-2026,2026-10-31,,[大阪府] 万博記念公園,electronic,female,同時入場,Airi,5.0,,番手,2026-09-24 11:27:01,scrape_observed,2026-09-25 01:01:12,,,listing,2,50000,"初期当選/2名義中2番手/有効期限名義/すり替えなし

・入場後はチケットを一旦回収し、当方が座席選択後に順次チケットをお渡し致します。
※チケットを選ぶのにお...",True,,,absent_unverified,,2026-09-27 09:48:30,,,,,,,,,,,
k2jdqlx3h4,,kamigata-expo-park-fes-2026,2026-10-31,,[大阪府] 万博記念公園,electronic,female,同行,たまご,5.0,,同行,2026-09-24 11:27:01,scrape_observed,2026-09-25 01:01:12,,,listing,1,30000,"なにわ名義/有効期限内/重複すり替えなし/下3桁提示可

※ プライベートチケットに切り替えますのでコメントお送りください。
2連中1枚同行でのお譲りとなります...",True,,,absent_unverified,,2026-09-27 09:48:30,,,,,,,,,,,
ko7evvi3jd,,kamigata-expo-park-fes-2026,2026-10-31,,[大阪府] 万博記念公園,electronic,female,同行,け,5.0,,番手,2026-09-24 11:27:01,scrape_observed,2026-09-25 01:01:12,,,listing,1,30000,"初期当選/2名義中2番手/有効期限名義のみ/Aぇ名義/すり替えなし/下3桁提示可能/発送物戻りなし
購入の際はコメントください。プライベート出品に変更いたします...",True,,,absent_unverified,,2026-09-27 09:48:30,,,,,,,,,,,
j6tjf47lxe,,kamigata-expo-park-fes-2026,2026-10-31,,[大阪府] 万博記念公園,electronic,female,同行,さ,5.0,,番手,2026-09-24 11:27:01,scrape_observed,2026-09-25 01:01:12,,,listing,1,35000,"3名義中2番手/有効期限内/すり替えなし/下3桁提示可/全てなにわ名義


・公演中止以外のいかなる場合でも返金はいたしません。
ランダムエラー・本人確認・交通...",True,,,absent_unverified,,2026-09-27 09:48:30,,,,,,,,,,,
l7pbr82o5c,,kamigata-expo-park-fes-2026,2026-10-31,,[大阪府] 万博記念公園,electronic,female,同時入場,り,5.0,,番手,2026-09-24 11:27:01,scrape_observed,2026-09-25 01:01:12,,,listing,2,36000,"2名義中2番手/初期当選/Aぇ名義/期限内/下3桁提示可



詳しい集合時間/場所につきましては、前日までに連絡ボードにてお伝え致します。
こちらが指定した集...",True,,,absent_unverified,,2026-09-27 09:48:30,,,,,,,,,,,
4m1iygz9d3,,kamigata-expo-park-fes-2026,2026-10-31,,[大阪府] 万博記念公園,electronic,female,公演日前日にQRコード共有,a,5.0,,QR,2026-09-24 11:27:01,scrape_observed,2026-09-25 01:01:12,,,listing,1,47000,"FC先行 / Aぇ名義 / 単番QR毎 / 重複すり替えなし / 初期当選 / 有効期限内 / 下3桁提示 / 過去エラー等なし

公演前日になりましたらログイ...",True,,,absent_unverified,,2026-09-27 09:48:30,,,,,,,,,,,
kob1bvy96a,,kamigata-expo-park-fes-2026,2026-10-31,,[大阪府] 万博記念公園,electronic,female,公演日前日にQRコード共有,あ,5.0,,QR,2026-09-24 11:27:01,scrape_observed,2026-09-25 00:01:19,,,listing,1,24000,【QRごと】初期当選　重複なし　条件なし　ペイジー支払い　有効期限内名義　着席ブロック、復活当選、制作開放席、郵便戻りではありません。希望があれば会員番号の下3...,True,,,absent_unverified,,2026-09-27 09:48:30,,,,,,,,,,,
9ridd8h7gp,,kamigata-expo-park-fes-2026,2026-10-31,,[大阪府] 万博記念公園,electronic,female,公演日前日にログイン情報共有,N,5.0,,QR,2026-09-24 11:27:01,scrape_observed,2026-09-25 01:01:12,,,listing,2,28000,"初期当選/QR毎/重複すり替えなし/なにわ男子名義/会員番号下3桁提示可能/有効期限内名義

閲覧頂きありがとうございます。
早く手持ち売り切りたいためできる限...",True,,,absent_unverified,,2026-09-27 09:48:30,,,,,,,,,,,
9xi0fnyhei,,kamigata-expo-park-fes-2026,2026-10-31,,[大阪府] 万博記念公園,electronic,female,同行,あ,5.0,,ランダム記載あり,2026-09-24 11:27:01,scrape_observed,2026-09-25 01:01:12,,,listing,2,25000,"FC先行/有効期限内/全てAぇ名義/3名義中3番手/すり替えなし/下3桁提示可

・入場後はチケットを一旦回収し、当方が座席選択後に順次チケットをお渡し致します...",True,,,absent_unverified,,2026-09-27 09:48:30,,,,,,,,,,,
fnggufknv2,,kamigata-expo-park-fes-2026,2026-10-31,,[大阪府] 万博記念公園,electronic,female,前日にQRログイン情報を共有,りぼん,5.0,,QR,2026-09-24 11:27:01,scrape_observed,2026-09-25 01:01:12,,,listing,1,65000,"QR毎/なにわ男子名義/FC初期当選/有効期限内/下三桁提示可/重複差し

QR毎でのお譲りとなります。

前日にQR表示に必要な情報をお伝えいたします。
ログ...",True,,,absent_unverified,,2026-09-27 09:48:30,,,,,,,,,,,
bg7lr3pnmv,,kamigata-expo-park-fes-2026,2026-10-31,,[大阪府] 万博記念公園,electronic,female,公演日3日前までにログイン情報共有,H。,5.0,,QR,2026-09-24 11:27:01,scrape_observed,2026-09-25 01:01:12,,,listing,1,25000,"WEST.名義/QRごと/すり替えなし/下3桁提示可/初期当選/有効期限内

・公演日の3日前にログイン情報をお伝えします。ご購入いただきました時点で下3桁をお...",True,,,absent_unverified,,2026-09-27 09:48:30,,,,,,,,,,,
83j6qor0z2,,kamigata-expo-park-fes-2026,2026-10-31,,[大阪府] 万博記念公園,electronic,female,同時入場,K⭐️,5.0,,番手,2026-09-24 11:27:01,scrape_observed,2026-09-25 01:01:12,,,listing,1,20000,"3名義所持/４枚中3番手
なにわ名義(単番✖️2、２連✖️1)
(女性名義✖️2、男性名義✖️1)

・ドームスタンド上段✖️2
・アルファスタンド✖️1

初...",True,,,absent_unverified,,2026-09-27 09:48:30,,,,,,,,,,,
j3rujt32vk,,kamigata-expo-park-fes-2026,2026-10-31,,[大阪府] 万博記念公園,electronic,female,同行,Me_7teor,5.0,,番手,2026-09-24 11:27:01,scrape_observed,2026-09-25 01:01:12,,,listing,2,0,"5名義中2番手
初期当選/有効期限内/すり替えなし/下三桁提示可能

ランダムエラー、出演者変更、体調不良、交通機関の乱れなどの如何なる理由により入場できなかっ...",True,,,absent_unverified,,2026-09-27 09:48:30,,,,,,,,,,,
15uzsdoyjz,,kamigata-expo-park-fes-2026,2026-10-31,,[大阪府] 万博記念公園,electronic,female,2名義中2番手,A,5.0,,番手,2026-09-24 11:27:01,scrape_observed,2026-09-25 00:01:19,,,listing,2,22000,"2名義中2番手/Aぇ･エイト名義/初期当選/すり替えなし/下3桁提示可

同時入場後、当方の選ばなかった方のチケットをお渡しします。また、ブロック選択に少々お時...",True,,,absent_unverified,,2026-09-27 09:48:30,,,,,,,,,,,
hw9wbpwypm,,kamigata-expo-park-fes-2026,2026-10-31,,[大阪府] 万博記念公園,electronic,female,同行,L,5.0,,番手,2026-09-24 11:27:01,scrape_observed,2026-09-25 00:01:19,,,listing,2,55000,"6名義中2番手/初期当選/有効期限内/すり替えなし/下三桁提示可能

ランダムエラー、出演者変更、体調不良、交通機関の乱れなどの如何なる理由により入場できなかっ...",True,,,absent_unverified,,2026-09-27 09:48:30,,,,,,,,,,,
fd1h32qw50,,kamigata-expo-park-fes-2026,2026-10-31,,[大阪府] 万博記念公園,electronic,female,公演日前日までにQRコード共有,m,5.0,,QR,2026-09-24 11:27:01,scrape_observed,2026-09-25 01:01:12,,,listing,1,35000,"QRごと/Aぇ名義（2026ツアー落選名義）/有効期限内/下3桁開示可
公演前日にマイページにてログイン情報をお伝え致します。入場後は速やかにログアウト及び受け...",True,,,absent_unverified,,2026-09-27 09:48:30,,,,,,,,,,,
fzy8iozp67,,kamigata-expo-park-fes-2026,2026-10-31,,[大阪府] 万博記念公園,electronic,female,同行,L,5.0,,同行,2026-09-24 11:27:01,scrape_observed,2026-09-25 00:01:19,,,listing,2,25000,"6名義中4番手/初期当選/有効期限内/すり替えなし/下三桁提示可能

ランダムエラー、出演者変更、体調不良、交通機関の乱れなどの如何なる理由により入場できなかっ...",True,,,absent_unverified,,2026-09-27 09:48:30,,,,,,,,,,,
d3l91f02p7,,kamigata-expo-park-fes-2026,2026-10-31,,[大阪府] 万博記念公園,electronic,female,2名義中2番手,a,5.0,,番手,2026-09-24 11:27:01,scrape_observed,2026-09-25 01:01:12,,,listing,2,20000,"【2名義中2番手】/初期当選/該当名義/有効期限内/変更ボタンあり/重複すり替えなし/下3桁提示可

※~8:30前集合可能な方のみご購入下さい※

当日の集合...",True,,,absent_unverified,,2026-09-27 09:48:30,,,,,,,,,,,
f9o61th853,,kamigata-expo-park-fes-2026,2026-10-31,,[大阪府] 万博記念公園,electronic,female,同行,そ。,5.0,,同行,2026-09-24 11:27:01,scrape_observed,2026-09-25 01:01:12,,,listing,1,34000,"当方の同行者枠/初期当選/すり替えなし/下3桁提示可/有効期限内/Aぇ×Aぇ名義

・入場後は速やかに受け取り通知をお願いいたします。
・座席に関するクレームは...",True,,,absent_unverified,,2026-09-27 09:48:30,,,,,,,,,,,
1x5mvmbnpe,,kamigata-expo-park-fes-2026,2026-10-31,,[大阪府] 万博記念公園,electronic,female,同行,り,5.0,,ランダム記載あり,2026-09-24 11:27:01,scrape_observed,2026-09-25 01:01:12,,,listing,2,50000,"7名義中3番手
初期当選/なにわ名義×情報局該当名義/有効期限内/すり替えなし/下三桁提示可能

ランダムエラー、出演者変更、体調不良、交通機関の乱れなどの如何...",True,,,absent_unverified,,2026-09-27 09:48:30,,,,,,,,,,,
0ylo107wc6,,kamigata-expo-park-fes-2026,2026-10-31,,[大阪府] 万博記念公園,electronic,female,前日ログイン情報お伝え,m,5.0,,QR,2026-09-24 11:27:01,scrape_observed,2026-09-25 01:01:12,,,listing,1,50000,重複すり替えなし、aぇ group名義、QR毎のお譲り、昨年スタンド名義(最終当選歴のため今年は落選)、下3桁お伝え可能、エラーなし、有効期限内名義、初期当選、...,True,,,absent_unverified,,2026-09-27 09:48:30,,,,,,,,,,,
kr1pej1o91,,kamigata-expo-park-fes-2026,2026-10-31,,[大阪府] 万博記念公園,electronic,female,同行,さ,5.0,,番手,2026-09-24 11:27:01,scrape_observed,2026-09-25 01:01:12,,,listing,2,28000,"ファンクラブ先行 Aぇ名義 座席未定
 2名義中2番手 下3桁提示可 初期当選
有効期限内 着ブロ指定なし
公演当日、会場付近にて集合し同時入場して頂きます。...",True,,,absent_unverified,,2026-09-27 09:48:30,,,,,,,,,,,
szytdwtkfc,,kamigata-expo-park-fes-2026,2026-10-31,,[大阪府] 万博記念公園,electronic,female,同行,r,4.5,,番手,2026-09-24 11:27:01,scrape_observed,2026-09-25 01:01:12,,,listing,2,45000,"2名義中2番手/初期当選/下3桁提示可
プラベルへの移行可能です。
公演当日会場付近で開場時間30分前を目安に待ち合わせし、同時入場していただきます。
詳しい待...",True,,,absent_unverified,,2026-09-27 09:48:30,,,,,,,,,,,
tf1teb3xn2,,kamigata-expo-park-fes-2026,2026-10-31,,[大阪府] 万博記念公園,electronic,female,3名義中3番手,m,5.0,,番手,2026-09-24 11:27:01,scrape_observed,2026-09-25 01:01:12,,,listing,2,28000,"3名義中3番手/初期当選のみ/Jr該当×Aぇのみ/すり替えなし/下3桁提示可/有効期限内名義/発送物戻りなし

当日は、会場付近で集合し同時入場いたします。
未...",True,,,absent_unverified,,2026-09-27 09:48:30,,,,,,,,,,,
8um4j6s2dc,,kamigata-expo-park-fes-2026,2026-10-31,,[大阪府] 万博記念公園,electronic,female,同行,R,5.0,,番手,2026-09-24 11:27:01,scrape_observed,2026-09-25 01:01:12,,,listing,1,24000,初期当選/2名義中2番手/有効期限名義のみ/なにわ、EIGHT名義/すり替えなし/下3桁提示可能/発送物戻りあり名義(入場歴ありエラーなし)含むためお安くしてお...,True,,,absent_unverified,,2026-09-27 09:48:30,,,,,,,,,,,
x6cc32yz8g,,kamigata-expo-park-fes-2026,2026-10-31,,[大阪府] 万博記念公園,electronic,female,同時入場、2名義中2番手,あ,5.0,,番手同行,2026-09-24 11:27:01,scrape_observed,2026-09-25 01:01:12,,,listing,2,25000,"2名義中2番手

プラベル出品可

初期当選/有効期限名義のみ/なにわ×なにわ 2名義/下3桁提示可/返送物戻り無し

開場時間前の集合を考えております。
・入...",True,,,absent_unverified,,2026-09-27 09:48:30,,,,,,,,,,,
7jkqsj7efg,,kamigata-expo-park-fes-2026,2026-11-01,,[大阪府] 万博記念公園,electronic,female,2名義中2番手,麻辣,5.0,,番手,2026-09-24 11:27:01,scrape_observed,2026-09-25 01:01:12,,,listing,2,29000,"2名義中2番手
名義・同行者共にAぇFC会員
当日当方の指定した場所時間に集合し、同時入場当方が選ばなかった方のチケットをお渡しいたします。集合時間や場所は前日...",True,,,absent_unverified,,2026-09-27 09:48:30,,,,,,,,,,,
1li8fu8p2b,,kamigata-expo-park-fes-2026,2026-11-01,,[大阪府] 万博記念公園,electronic,female,公演前日ログイン情報共有,星,5.0,,QR,2026-09-24 11:27:01,scrape_observed,2026-09-25 01:01:12,,,listing,1,45000,"SUPER EIGHT名義／初期当選／QRごと／会員番号下3桁提示可／有効期限内／発送物戻りなし

※プラベルor特別出品にて再度出品いたしますので、お取引希望...",True,,,absent_unverified,,2026-09-27 09:48:30,,,,,,,,,,,
y9vylmvqxr,,kamigata-expo-park-fes-2026,2026-11-01,,[大阪府] 万博記念公園,electronic,female,公演日2日前にログイン情報共有,ᡣ𐭩,5.0,,QR,2026-09-24 11:27:01,scrape_observed,2026-09-25 01:01:12,,,listing,1,67000,"なにわ名義/初期当選/有効期限内/発送物戻り無/同一クレカ無し

公演前日に必要な情報等を連絡ボードにてお知らせ致します。同意チェックは購入者様ご自身でお願い致...",True,,,absent_unverified,,2026-09-27 09:48:30,,,,,,,,,,,
ep8cefthoh,,kamigata-expo-park-fes-2026,2026-11-01,,[大阪府] 万博記念公園,electronic,female,公演日前日までにログイン情報共有,ぴ,5.0,,QR,2026-09-24 11:27:01,scrape_observed,2026-09-25 01:01:12,,,listing,1,40000,"なにわ名義/条件なし/QRごと/すり替えなし会員番号下3桁開示可/初期当選/有効期限内/郵送物戻りなし

公演日の前日にログイン情報をお伝えします。

ログイン...",True,,,absent_unverified,,2026-09-27 09:48:30,,,,,,,,,,,
bog38m6t3k,,kamigata-expo-park-fes-2026,2026-11-01,,[大阪府] 万博記念公園,electronic,none,3名義中3番手,で,5.0,,同行番手,2026-09-24 11:27:01,scrape_observed,2026-09-25 01:01:12,,,listing,1,25000,"3名義中3番手/全て単番/初期当選/ジュニア情報局先行 該当名義/変更ボタンあり/有効期限内/すり替えなし/下3桁提示可

8:30前集合可能な方のみご購入下さ...",True,,,absent_unverified,,2026-09-27 09:48:30,,,,,,,,,,,
a06z3lt919,,kamigata-expo-park-fes-2026,2026-11-01,,[大阪府] 万博記念公園,electronic,female,5名義中4番手,え,5.0,,同行番手,2026-09-24 11:27:01,scrape_observed,2026-09-25 01:01:12,,,listing,2,25000,"FC・情報局先行/有効期限内/5名義中4番手/すり替えなし/下3桁提示可

開場時間の8:30入場の可能性があります。
会場付近にて待ち合わせし同時入場していた...",True,,,absent_unverified,,2026-09-27 09:48:30,,,,,,,,,,,
sajvk01gdf,,kamigata-expo-park-fes-2026,2026-11-01,,[大阪府] 万博記念公園,electronic,none,公演日1日前にQRコード共有,めんた,5.0,,QR,2026-09-24 11:27:01,scrape_observed,2026-09-25 00:01:19,,,listing,2,25000,"なにわ男子FC✕なにわ男子FC/初期選/QR毎/すり替えなし/有効期限内／エラー歴等なし/下3桁提示可/Pay-easy
支払い
公演日前日に連絡ボードにてログ...",True,,,absent_unverified,,2026-09-27 09:48:30,,,,,,,,,,,
1wpb9t78dp,,kamigata-expo-park-fes-2026,2026-11-01,,[大阪府] 万博記念公園,electronic,female,公演前日まで,D,5.0,,番手,2026-09-24 11:27:01,scrape_observed,2026-09-25 00:01:19,,,listing,1,28000,"2名義中2番手/エイト×2名義/初期当選/有効期限名義のみ/すり替えなし

当日、開場時間前に会場付近で待ち合わせし、同時入場していただきます。
入場後はチケッ...",True,,,absent_unverified,,2026-09-27 09:48:30,,,,,,,,,,,
dy99uqboos,,kamigata-expo-park-fes-2026,2026-11-01,,[大阪府] 万博記念公園,electronic,female,公演日前日にログイン情報お渡し,も,5.0,,QR,2026-09-24 11:27:01,scrape_observed,2026-09-25 00:01:19,,,listing,2,32000,"WESTを含まずFC×FCでの当選です。
初期当選/有効期限内/下3桁提示可能/過去エラー・発送物戻り無

公演日前日にログイン情報をお渡しします。赤線対策のた...",True,,,absent_unverified,,2026-09-27 09:48:30,,,,,,,,,,,
is5bci2fhs,,kamigata-expo-park-fes-2026,2026-11-01,,[大阪府] 万博記念公園,electronic,female,公演前日にログイン情報共有,14,5.0,,QR,2026-09-24 11:27:01,scrape_observed,2026-09-25 01:01:12,,,listing,2,35000,"WEST.名義//QRごと/すり替えなし会員番号下3桁開示可/初期当選/有効期限内

公演日の前日にログイン情報をお伝えします。

ログイン情報は他の方にお伝え...",True,,,absent_unverified,,2026-09-27 09:48:30,,,,,,,,,,,
123l53it2p,,kamigata-expo-park-fes-2026,2026-11-01,,[大阪府] 万博記念公園,electronic,female,QRの為未定,39,5.0,,番手,2026-09-24 11:27:01,scrape_observed,2026-09-25 00:01:19,,,listing,1,21000,"2名義中2番手 / すり替えなし / 下3桁提示可 /  有効期限内 / どちらも局名義

・公演当日、会場付近に集合し同時入場する予定です。
・当方が選ばなか...",True,,,absent_unverified,,2026-09-27 09:48:30,,,,,,,,,,,
cx0ajfxn9m,,kamigata-expo-park-fes-2026,2026-11-01,,[大阪府] 万博記念公園,electronic,female,同行,あ,5.0,,番手,2026-09-24 11:27:01,scrape_observed,2026-09-25 01:01:12,,,listing,1,50000,"2名義中1番手（当方と同行のため大橋、真弓担不可）全てなにわ名義
購入希望の方、プラベ出品にするのでメッセージ下さい。プラベルでのお取引も可能。
全て初期当選/...",True,,,absent_unverified,,2026-09-27 09:48:30,,,,,,,,,,,
6cgd7l2as3,,kamigata-expo-park-fes-2026,2026-11-01,,[大阪府] 万博記念公園,paper,female,当日手渡し,🌟,5.0,,番手,2026-09-24 11:27:01,scrape_observed,2026-09-25 01:01:12,,,listing,2,25555,"🌸 お値下げ可能なのでご希望額ご連絡ください🌸

ファンクラブ先行/初期当選/有効期限内/コンビニ決済済

2名義中2番手
（Aぇ✖️Aぇ、なにわ✖️なにわ...",True,,,absent_unverified,,2026-09-27 09:48:30,,,,,,,,,,,
un2nclwtu9,,kamigata-expo-park-fes-2026,2026-11-01,,[大阪府] 万博記念公園,electronic,female,QRごと　重複　すり替えなし,みかん,5.0,,QR,2026-09-24 11:27:01,scrape_observed,2026-09-25 01:01:12,,,listing,1,30000,"なにわ男子名義
前日になりましたらログイン情報ご提示します。
買い手様で同意チェックして入場してください。
本人確認、ランダムエラー対応はできません。",True,,,absent_unverified,,2026-09-27 09:48:30,,,,,,,,,,,
yg0trh1uhw,,kamigata-expo-park-fes-2026,2026-11-01,,[大阪府] 万博記念公園,electronic,female,QR毎、前日にログイン情報共有,みい,5.0,,QR,2026-09-24 11:27:01,scrape_observed,2026-09-25 01:01:12,,,listing,2,32000,"なにわ男子名義 /QR毎/重複すり替えなし/下3桁提示可能/初期当選/有効期限内

ランダムエラーや本人確認、体調不良や出演者の変更等、いかなる場合であっても受...",True,,,absent_unverified,,2026-09-27 09:48:30,,,,,,,,,,,
n8aso21k03,,kamigata-expo-park-fes-2026,2026-11-01,,[大阪府] 万博記念公園,electronic,none,公演日当日にQRコード共有,めんた,5.0,,QR,2026-09-24 11:27:01,scrape_observed,2026-09-25 00:01:19,,,listing,2,25000,"なにわ男子FC✕なにわ男子FC/初期選/QR毎/すり替えなし/有効期限内／エラー歴等なし/下3桁提示可/Pay-easy
支払い
公演日前日に連絡ボードにてログ...",True,,,absent_unverified,,2026-09-27 09:48:30,,,,,,,,,,,
b11y3kmvk3,,kamigata-expo-park-fes-2026,2026-11-01,,[大阪府] 万博記念公園,electronic,female,同行,ゆあ,5.0,,同行番手,2026-09-24 11:27:01,scrape_observed,2026-09-25 01:01:12,,,listing,2,28000,"初期当選/3名義中3番手/すり替え無し/下3桁提示可/有効期限内

★代表者・同行者共になにわ男子FCで登録済み
不備名義なし

※公式にて「TAKOYAKI...",True,,,absent_unverified,,2026-09-27 09:48:30,,,,,,,,,,,
xk5snosnil,,kamigata-expo-park-fes-2026,2026-11-01,,[大阪府] 万博記念公園,electronic,female,同行,28,5.0,,同行,2026-09-24 11:27:01,scrape_observed,2026-09-25 00:01:19,,,listing,1,33000,"FC先行 座席未定 初期当選 有効期限内 重複すり替えなし 会員番号下3桁提示可能 着ブロ希望なし

公演当日、開演 1時間前〜30分前頃に会場付近にて待ち合わ...",True,,,absent_unverified,,2026-09-27 09:48:30,,,,,,,,,,,
yaziv3tt4l,,kamigata-expo-park-fes-2026,2026-11-01,,[大阪府] 万博記念公園,electronic,female,5名義中3番手,え,5.0,,番手,2026-09-24 11:27:01,scrape_observed,2026-09-25 01:01:12,,,listing,2,30000,"FC.情報局先行/有効期限内/5名義中3番手/すり替えなし/下3桁提示可

開場時間の8:30入場の可能性があります。
会場付近にて待ち合わせし同時入場していた...",True,,,absent_unverified,,2026-09-27 09:48:30,,,,,,,,,,,
s2jhrr11wh,,kamigata-expo-park-fes-2026,2026-11-01,,[大阪府] 万博記念公園,electronic,female,当日待ち合わせの上ログイン,yu,5.0,,QR,2026-09-24 11:27:01,scrape_observed,2026-09-25 00:01:19,,,listing,2,25000,"ジュニア情報局 / QR毎 / 下3桁提示可 / 有効期限内

・公演当日待ち合わせの上買い手の端末でログイン致します。
・ランダムエラー、買い手理由のキャンセ...",True,,,absent_unverified,,2026-09-27 09:48:30,,,,,,,,,,,
9pnds9eryz,,kamigata-expo-park-fes-2026,2026-11-01,,[大阪府] 万博記念公園,electronic,female,公演前日にログイン情報共有,h,5.0,,QR,2026-09-24 11:27:01,scrape_observed,2026-09-25 01:01:12,,,listing,2,40000,"QR毎/FC初期当選/有効期限内/下三桁提示可

QR毎でのお譲りとなります。
同行者の同意チェックはこちらでいたしますので、代表者分のみお願いいたします。...",True,,,absent_unverified,,2026-09-27 09:48:30,,,,,,,,,,,
mrueccwzhf,,kamigata-expo-park-fes-2026,2026-11-01,,[大阪府] 万博記念公園,electronic,female,公演前日QRコード共有,M,5.0,,QR,2026-09-24 11:27:01,scrape_observed,2026-09-25 01:01:12,,,listing,1,28900,"単番QR毎/エイト名義/下3桁提示可/初期当選/すり替え重複なし/有効期限内/郵便物戻りなし/着ブロ指定なし
ログイン情報は公演前日にお伝えします。
入場後は速...",True,,,absent_unverified,,2026-09-27 09:48:30,,,,,,,,,,,
rfnsuvoate,,kamigata-expo-park-fes-2026,2026-11-01,,[大阪府] 万博記念公園,electronic,female,公演日前日にQRコード共有,ysnr1128,5.0,,QR,2026-09-24 11:27:01,scrape_observed,2026-09-25 01:01:12,,,listing,2,29000,"Aぇ! group 名義　FC‪✕‬FC
ファンクラブ先行 座席未定 初期当選
QR毎　すり替えなし 購入後下3桁提示可能

※プライベート出品へ移行のため、承...",True,,,absent_unverified,,2026-09-27 09:48:30,,,,,,,,,,,
mykt3ejoob,,kamigata-expo-park-fes-2026,2026-11-01,,[大阪府] 万博記念公園,electronic,female,公演日前日にログイン情報共有,a,5.0,,QR,2026-09-24 11:27:01,scrape_observed,2026-09-25 01:01:12,,,listing,2,35000,"WEST.名義/QR毎/下3桁提示可/初期当選/有効期限内/発送物戻りなし

※ご購入いただける場合はプライベート出品に切り替えます。メッセージにてご購入いただ...",True,,,absent_unverified,,2026-09-27 09:48:30,,,,,,,,,,,
5lcxwxrchp,,kamigata-expo-park-fes-2026,2026-11-01,,[大阪府] 万博記念公園,electronic,female,公演日前日までにQRコード共有,a,5.0,,QR,2026-09-24 11:27:01,scrape_observed,2026-09-25 01:01:12,,,listing,2,26000,"なにわ男子FC×なにわ男子FC/初期当選/QR毎/すり替えなし/有効期限内/エラー歴等なし/下3桁提示可/Pay-easy支払い

公演日前日に連絡ボードにてロ...",True,,,absent_unverified,,2026-09-27 09:48:30,,,,,,,,,,,
95dcrtifnk,,kamigata-expo-park-fes-2026,2026-11-01,,[大阪府] 万博記念公園,electronic,female,2名義2番手,も,5.0,,番手,2026-09-24 11:27:01,scrape_observed,2026-09-25 01:01:12,,,listing,2,40000,"💓プラベル対応です💓
2名義2番手すり替えなし/下3桁提示🉑/有効期限内
当選歴お伝え不可❌
日本語のわかる日本人女性のみご購入ください。
お子様連れでの...",True,,,absent_unverified,,2026-09-27 09:48:30,,,,,,,,,,,
ktmcfurnxa,,kamigata-expo-park-fes-2026,2026-11-01,,[大阪府] 万博記念公園,electronic,female,公演前日にログイン情報共有,い,5.0,,QR,2026-09-24 11:27:01,scrape_observed,2026-09-25 01:01:12,,,listing,1,29000,"単番QR毎／なにわ男子初当選名義／下3桁提示可／ペイジー決済／発送物戻りなし

☆同意チェックは買い手様ご自身にお任せしております。

☆出演者変更やランダムエ...",True,,,absent_unverified,,2026-09-27 09:48:30,,,,,,,,,,,
coqr8oteiu,,kamigata-expo-park-fes-2026,2026-11-01,,[大阪府] 万博記念公園,electronic,female,前日にQRコード共有,Y,4.5,,QR,2026-09-24 11:27:01,scrape_observed,2026-09-25 01:01:12,,,listing,1,60000,"なにわ名義/初期当選/重複すり替えなし/有効期限内/下３桁開示可/発送物戻り無/過去エラー歴無

公演前日に必要な情報等を連絡ボードにてお知らせ致します。
公演...",True,,,absent_unverified,,2026-09-27 09:48:30,,,,,,,,,,,
yukx02zxv5,,kamigata-expo-park-fes-2026,2026-11-01,,[大阪府] 万博記念公園,electronic,female,公演日前日にログイン情報共有,ま,4.9,,QR,2026-09-24 11:27:01,scrape_observed,2026-09-25 00:01:19,,,listing,1,20000,"QRごと/該当名義/重複すり替え無し/下3桁提示可/有効期限内/WEST.名義

公演中止の際のみ規約に従い返金対応いたします。ランダムエラー、本人確認、体調不...",True,,,absent_unverified,,2026-09-27 09:48:30,,,,,,,,,,,
knwoej3iwv,,kamigata-expo-park-fes-2026,2026-11-01,,[大阪府] 万博記念公園,electronic,female,公演日前日にログイン情報共有,💖,5.0,,QR,2026-09-24 11:27:01,scrape_observed,2026-09-25 01:01:12,,,listing,2,38500,"QR毎/初期当選(Aぇ名義×Aぇ名義)/有効期限内/下3桁提示可/重複すり替えなし

公演日前日にログイン情報を連絡ボードにてお伝えいたします。
公演日当日入場...",True,,,absent_unverified,,2026-09-27 09:48:30,,,,,,,,,,,
ltwh9k72u7,,kamigata-expo-park-fes-2026,2026-11-01,,[大阪府] 万博記念公園,electronic,female,QR毎/公演日3日前にログイン情報共有,M,5.0,,QR,2026-09-24 11:27:01,scrape_observed,2026-09-25 01:01:12,,,listing,2,30000,"WESTꓸ名義/FC×FC/初期当選/QR毎/すり替えなし/有効期限内/エラー歴等なし/下3桁提示可/過去当選歴なし
公演日前日にログイン情報お伝えします。
当...",True,,,absent_unverified,,2026-09-27 09:48:30,,,,,,,,,,,
pco14i7d0w,,kamigata-expo-park-fes-2026,2026-11-01,,[大阪府] 万博記念公園,electronic,female,2名義中2番手,た,5.0,,番手,2026-09-24 11:27:01,scrape_observed,2026-09-25 01:01:12,,,listing,2,30000,"2名義中2番手⭐️プラベルにてお取引させて頂くため、ご購入希望の方はチケテンメッセージまでお願い致します。⭐️

FC先行 なにわ名義 座席未定
 2名義中2番...",True,,,absent_unverified,,2026-09-27 09:48:30,,,,,,,,,,,
pu2znlgyxb,,kamigata-expo-park-fes-2026,2026-11-01,,[大阪府] 万博記念公園,electronic,male,公演日前日までにQRコード共有,k,5.0,,QR,2026-09-24 11:27:01,scrape_observed,2026-09-25 01:01:12,,,listing,2,22000,"QR毎/Aぇ! group×Aぇ! group名義/FC初期当選/有効期限内/下三桁提示可/当選歴なし

QR毎でのお譲りとなります。

前日にQR表示に必要な...",True,,,absent_unverified,,2026-09-27 09:48:30,,,,,,,,,,,
zevl25avr6,,kamigata-expo-park-fes-2026,2026-11-01,,[大阪府] 万博記念公園,electronic,female,同行,そ。,5.0,,同行,2026-09-24 11:27:01,scrape_observed,2026-09-25 01:01:12,,,listing,1,34000,"当方の同行者枠/初期当選/すり替えなし/下3桁提示可/有効期限内/Aぇ×Aぇ名義

・入場後は速やかに受け取り通知をお願いいたします。
・座席に関するクレームは...",True,,,absent_unverified,,2026-09-27 09:48:30,,,,,,,,,,,
1f17osl9e3,,kamigata-expo-park-fes-2026,2026-11-01,,[大阪府] 万博記念公園,electronic,none,3名義中2番手,で,5.0,,同行番手,2026-09-24 11:27:01,scrape_observed,2026-09-25 01:01:12,,,listing,1,30000,"3名義中2番手/全て単番/初期当選/ジュニア情報局先行 該当名義/変更ボタンあり/有効期限内/すり替えなし/下3桁提示可

8:30前集合可能な方のみご購入下さ...",True,,,absent_unverified,,2026-09-27 09:48:30,,,,,,,,,,,
k89dx3xm06,,kamigata-expo-park-fes-2026,2026-11-01,,[大阪府] 万博記念公園,electronic,female,公演日前日にQRコード共有,m,5.0,,QR,2026-09-24 11:27:01,scrape_observed,2026-09-25 00:01:19,,,listing,2,24000,"初期当選/WEST.名義/FC×FC/すり替えなし/QR毎/有効期限内/下3桁提示可

・公演前日に連絡ボードにてログイン情報をお伝えいたします。
・ご希望であ...",True,,,absent_unverified,,2026-09-27 09:48:30,,,,,,,,,,,
7zjdhn2kzz,,kamigata-expo-park-fes-2026,2026-11-01,,[大阪府] 万博記念公園,electronic,male,公演前日QRコード共有,も,5.0,,QR,2026-09-24 11:27:01,scrape_observed,2026-09-25 00:01:19,,,listing,2,25000,"QRごとのお譲りになります。
なにわ名義/FC×FC/初期当選/下3桁提示可能/期限内／着ブロ希望なし/ランダムエラー・発送物戻りなし
プライベート出品にします...",True,,,absent_unverified,,2026-09-27 09:48:30,,,,,,,,,,,
geixt3i0c3,,kamigata-expo-park-fes-2026,2026-11-01,,[大阪府] 万博記念公園,electronic,female,同時入場又はQRごと,りりり,5.0,,番手QR,2026-09-24 11:27:01,scrape_observed,2026-09-25 01:01:12,,,listing,2,23000,"【2名義中2番手】／すり替えなし／有効期限内／下3桁提示可／エラー歴なし

公演当日は、こちらが指定する時間・場所に集合していただき、同時入場を予定しております...",True,,,absent_unverified,,2026-09-27 09:48:30,,,,,,,,,,,
2fbpoua7tm,,kamigata-expo-park-fes-2026,2026-11-01,,[大阪府] 万博記念公園,electronic,female,公演日前日QRコード共有,S,5.0,,QR,2026-09-24 11:27:01,scrape_observed,2026-09-25 00:01:19,,,listing,1,50000,"Aぇ名義/初期当選/すり替えなし/下3桁提示可能/過去エラー歴なし
QR毎のお譲りになります。公演当日(8:30)までにログイン情報をお伝えいたします。
ランダ...",True,,,absent_unverified,,2026-09-27 09:48:30,,,,,,,,,,,
uv6my7n013,,kamigata-expo-park-fes-2026,2026-11-01,,[大阪府] 万博記念公園,electronic,male,公演日1日前までにQRコード共有,M,5.0,,QR,2026-09-24 11:27:01,scrape_observed,2026-09-25 01:01:12,,,listing,1,32000,"ファンクラブ先行、座席未定　
QRごとのお譲り、有効期限内、すり替えなし、該当名義、下3桁提示可能
プラベルでの取引可能な方優先
公演1日前になりましたら、ログ...",True,,,absent_unverified,,2026-09-27 09:48:30,,,,,,,,,,,
wdcsuyklp6,,kamigata-expo-park-fes-2026,2026-11-01,,[大阪府] 万博記念公園,electronic,female,前日までにログイン情報共有,♡,5.0,,QR,2026-09-24 11:27:01,scrape_observed,2026-09-25 00:01:19,,,listing,2,24000,"QR毎/Aぇ名義/初期当選/下3桁提示可/有効期限内/発送物戻りなし/条件なし/ペイジー払い

QR毎のお譲りです。
代表者同行者どちらも女性Aぇ名義の初期当選...",True,,,absent_unverified,,2026-09-27 09:48:30,,,,,,,,,,,
1xbmozvrsb,,kamigata-expo-park-fes-2026,2026-11-01,,[大阪府] 万博記念公園,electronic,female,公演日前日にQRコード共有,kt,5.0,,QR,2026-09-24 11:27:01,scrape_observed,2026-09-25 01:01:12,,,listing,2,35000,"WEST.FC初期当選　同行者WEST.FC
プラベ出品にしますので購入ご希望の方はお伝えください
QR毎のお渡しとなります。
有効期限内名義、同一クレカ決済な...",True,,,absent_unverified,,2026-09-27 09:48:30,,,,,,,,,,,
pt7i9drqbx,,kamigata-expo-park-fes-2026,2026-11-01,,[大阪府] 万博記念公園,electronic,female,同時入場又はQR,M,4.8,,番手QR,2026-09-24 11:27:01,scrape_observed,2026-09-25 01:01:12,,,listing,1,26000,"2名義中2番手(場合によってはQR毎) どちらも単番、Aぇ名義 
初期当選/すり替えなし/有効期限内/下3桁提示可

公演当日、会場付近で待ち合わせをし、同時入...",True,,,absent_unverified,,2026-09-27 09:48:30,,,,,,,,,,,
zeuhjmdtbj,,kamigata-expo-park-fes-2026,2026-11-01,,[大阪府] 万博記念公園,electronic,female,当日同時入場,ぴ,5.0,,QR番手,2026-09-24 11:27:01,scrape_observed,2026-09-25 01:01:12,,,listing,2,26000,"プライベート出品にするので購入前にコメントください。
2名義中2番手　2連
Aぇ名義とジュニア名義
下三桁提示可/すり替えなし/有効期限内
当日、指定した時間と...",True,,,absent_unverified,,2026-09-27 09:48:30,,,,,,,,,,,
7wc1bf5l0y,,kamigata-expo-park-fes-2026,2026-11-01,,[大阪府] 万博記念公園,electronic,female,当日待ち合わせの上ログイン,yu,5.0,,QR,2026-09-24 11:27:01,scrape_observed,2026-09-25 00:01:19,,,listing,2,25000,"ジュニア情報局 / QR毎 / 下3桁提示可 / 有効期限内

・公演当日待ち合わせの上買い手の端末でログイン致します。
・入場しログアウト後 入場報告完了して...",True,,,absent_unverified,,2026-09-27 09:48:30,,,,,,,,,,,
gh7v65m7x2,,kamigata-expo-park-fes-2026,2026-11-01,,[大阪府] 万博記念公園,electronic,female,公演日前日までにQRコード共有,あ,5.0,,QR,2026-09-24 11:27:01,scrape_observed,2026-09-25 01:01:12,,,listing,2,45000,"QR毎/Aぇ! group×Aぇ! group名義/FC初期当選/有効期限内/下三桁提示可/重複なし

QR毎でのお譲りとなります。

前日にQR表示に必要な情...",True,,,absent_unverified,,2026-09-27 09:48:30,,,,,,,,,,,
hq6kjad8we,,kamigata-expo-park-fes-2026,2026-11-01,,[大阪府] 万博記念公園,electronic,female,公演日前日20時までにQRコード共有,ka,5.0,,QR,2026-09-24 11:27:01,scrape_observed,2026-09-25 01:01:12,,,listing,1,38000,"なにわ名義/初期当選/ QR毎 単番 /下3桁提示可/ 有効期限内 /クレカ決済

QR毎でのお譲りです。
公演前日までにログイン情報お伝えします。

当日ご入...",True,,,absent_unverified,,2026-09-27 09:48:30,,,,,,,,,,,
tmamhi97j3,,kamigata-expo-park-fes-2026,2026-11-01,,[大阪府] 万博記念公園,electronic,female,公演日3日前までにQRコード共有,ま,5.0,,QR,2026-09-24 11:27:01,scrape_observed,2026-09-25 01:01:12,,,listing,1,30000,なにわ男子有効会員名義 QR毎のお譲り 会員番号下3桁提示可能 初期当選  同一クレカ決済なし 発送物戻りなし 当日の入場チェックは購入者様でお願いします。 公...,True,,,absent_unverified,,2026-09-27 09:48:30,,,,,,,,,,,
tzefbnaw68,,kamigata-expo-park-fes-2026,2026-11-01,,[大阪府] 万博記念公園,electronic,female,公演日前日にログイン情報共有,🍒,5.0,,,2026-09-24 11:27:01,scrape_observed,2026-09-25 01:01:12,,,listing,2,30000,"初期当選/有効期限内/重複すり替えなし/下3桁提示可

公演日前日にログイン情報をお伝えいたします。
公演当日入場後は速やかにログアウトして頂き、必ず開演時間ま...",True,,,absent_unverified,,2026-09-27 09:48:30,,,,,,,,,,,
j23go039kn,,kamigata-expo-park-fes-2026,2026-11-01,,[大阪府] 万博記念公園,electronic,female,同行,はな,5.0,,同行,2026-09-24 11:27:01,scrape_observed,2026-09-25 01:01:12,,,listing,1,55000,"Aぇ! group×Aぇ! group名義/初期当選/すり替えなし/下3桁提示可 
・公演当日に、開場時間8:30以降の入場の可能性あります。 会場付近にて待ち...",True,,,absent_unverified,,2026-09-27 09:48:30,,,,,,,,,,,
oekqccj1fm,,kamigata-expo-park-fes-2026,2026-11-01,,[大阪府] 万博記念公園,electronic,female,公演日1日前までにQRコード共有,ねね,5.0,,QR,2026-09-24 11:27:01,scrape_observed,2026-09-25 01:01:12,,,listing,1,24000,"なにわ名義/初期当選/有効期限内/発送物戻り無/同一クレカ無し/エラー歴無し

公演前日に必要な情報等を連絡ボードにてお知らせ致します。同意チェックは購入者様ご...",True,,,absent_unverified,,2026-09-27 09:48:30,,,,,,,,,,,
qsn7l2z1h8,,kamigata-expo-park-fes-2026,2026-11-01,,[大阪府] 万博記念公園,electronic,female,公演前日にQR表示に必要な情報をお送りします。,ゆ,5.0,,QR,2026-09-24 11:27:01,scrape_observed,2026-09-25 00:01:19,,,listing,1,50000,"QR毎／Aぇ名義／初期当選／FC先行／座席未定／
重複すり替えなし／下3桁提示可能

【お渡し方法】
公演前日にログイン情報をお渡ししますので、ログインできるか...",True,,,absent_unverified,,2026-09-27 09:48:30,,,,,,,,,,,
wjuc353r7l,,kamigata-expo-park-fes-2026,2026-11-01,,[大阪府] 万博記念公園,electronic,female,公演日2日前までにQRコード共有,ぴまる,5.0,,QR,2026-09-24 11:27:01,scrape_observed,2026-09-25 01:01:12,,,listing,2,30000,"座席未定｜WEST名義｜QRごとのお譲り｜初期当選｜すり替えなし｜有効期限内｜下2桁お伝え可能｜前回ツアー落選



公演中止の際のみ、送料手数料を引いた金額返...",True,,,absent_unverified,,2026-09-27 09:48:30,,,,,,,,,,,
lehb2xn5vz,,kamigata-expo-park-fes-2026,2026-11-01,,[大阪府] 万博記念公園,electronic,female,公演前日QRコード共有,M,5.0,,QR,2026-09-24 11:27:01,scrape_observed,2026-09-25 01:01:12,,,listing,1,29900,"QR毎/初期当選/下3桁提示可/すり替え重複なし/有効期限内/発送物戻りなし/着ブロ指定なし/SUPER EIGHT名義
前日にログイン情報をお伝えいたします。...",True,,,absent_unverified,,2026-09-27 09:48:30,,,,,,,,,,,
bv49a2clzm,,kamigata-expo-park-fes-2026,2026-11-01,,[大阪府] 万博記念公園,electronic,female,前日までにログイン情報開示,❤︎,5.0,,QR,2026-09-24 11:27:01,scrape_observed,2026-09-25 01:01:12,,,listing,2,48000,"なにわ男子FC/QR毎/初期当選/下3桁提示可/有効期限内/発送物戻り・過去エラー無し

公演前日までにログイン情報お伝えします。
公演当日は入場後速やかにログ...",True,,,absent_unverified,,2026-09-27 09:48:30,,,,,,,,,,,
fwdlbodbxo,,kamigata-expo-park-fes-2026,2026-11-01,,[大阪府] 万博記念公園,electronic,female,公演日前日までにQRコード共有,s,5.0,,QR,2026-09-24 11:27:01,scrape_observed,2026-09-25 01:01:12,,,listing,2,35000,"QRごと/初期当選/前回ツアー落選×前回ツアー落選Aぇ名義/有効期限内/発送物戻り無/同一クレカ決済無し/下3桁提示可

公演前日に必要な情報等を連絡ボードにて...",True,,,absent_unverified,,2026-09-27 09:48:30,,,,,,,,,,,
xnupu0leyl,,kamigata-expo-park-fes-2026,2026-11-01,,[大阪府] 万博記念公園,electronic,female,同行,S,5.0,,番手,2026-09-24 11:27:01,scrape_observed,2026-09-25 00:01:19,,,listing,2,20000,"2名義中2番手（2名義ともSUPER EIGHT名義）／すり替えなし／有効期限内／下3桁提示可／エラー歴なし

公演当日は、こちらが指定する時間・場所に集合して...",True,,,absent_unverified,,2026-09-27 09:48:30,,,,,,,,,,,
3lv8sudsie,,kamigata-expo-park-fes-2026,2026-11-01,,[大阪府] 万博記念公園,electronic,female,同行,小枝,5.0,,同行,2026-09-24 11:27:01,scrape_observed,2026-09-25 01:01:12,,,listing,2,25000,"なにわ男子名義/3名義中3番手/すり替えなし/下3桁提示可/初期当選名義含む/有効会員/

★当日の流れ★
会場10分前にこちらの指定した場所に集合し、その際に...",True,,,absent_unverified,,2026-09-27 09:48:30,,,,,,,,,,,
fdlj0ev3fu,,kamigata-expo-park-fes-2026,2026-11-01,,[大阪府] 万博記念公園,electronic,female,同行,ゆあ,5.0,,同行記載あり,2026-09-24 11:27:01,scrape_observed,2026-09-25 01:01:12,,,listing,2,37000,"初期当選/3名義中2番手/すり替え無し/下3桁提示可/有効期限内

★代表者・同行者共になにわ男子FCで登録済み
不備名義なし

※公式にて「TAKOYAKI...",True,,,absent_unverified,,2026-09-27 09:48:30,,,,,,,,,,,
qjap1fp5lu,,kamigata-expo-park-fes-2026,2026-11-01,,[大阪府] 万博記念公園,electronic,female,公演前日までにQRコード共有,guj,5.0,,QR,2026-09-24 11:27:01,scrape_observed,2026-09-25 00:01:19,,,listing,2,25000,"※プライベート出品に切り替えますので購入前にメッセージお願いいたします。


Aぇ名義/QR毎/初期当選/下3桁提示可能

公演前日までに必要なログイン情報等を...",True,,,absent_unverified,,2026-09-27 09:48:30,,,,,,,,,,,
8nbh8s6ztz,,kamigata-expo-park-fes-2026,2026-11-01,,[大阪府] 万博記念公園,electronic,female,同行,け,5.0,,同行,2026-09-24 11:27:01,scrape_observed,2026-09-25 01:01:12,,,listing,1,35000,"初期当選/2名義中2番手/有効期限名義のみ/Aぇ名義/すり替えなし/下3桁提示可能/発送物戻りなし
購入希望の方はプライベート出品にするのでコメントください。...",True,,,absent_unverified,,2026-09-27 09:48:30,,,,,,,,,,,
jm4t8cjrlw,,kamigata-expo-park-fes-2026,2026-11-01,,[大阪府] 万博記念公園,electronic,female,公演前日にログイン情報を共有,うに,5.0,,QR,2026-09-24 11:27:01,scrape_observed,2026-09-25 00:01:19,,,listing,1,22000,WEST.名義/QRごと/すり替え無し/初期当選/有効期限内/下三桁提示可,True,,,absent_unverified,,2026-09-27 09:48:30,,,,,,,,,,,
cgukpakiid,,kamigata-expo-park-fes-2026,2026-11-01,,[大阪府] 万博記念公園,electronic,female,2名義中2番手,Gu,5.0,,番手,2026-09-24 11:27:01,scrape_observed,2026-09-25 01:01:12,,,listing,2,27000,"2名義中2番手 Aぇ名義 初当選
初期当選/すり替えなし/有効期限内/下3桁提示可
プラベルorプライベートチケットにて出品する為、購入希望の方はメッセージお願...",True,,,absent_unverified,,2026-09-27 09:48:30,,,,,,,,,,,
9vwgywgiq0,,kamigata-expo-park-fes-2026,2026-11-01,,[大阪府] 万博記念公園,electronic,female,公演前日にログイン情報共有,a,5.0,,QR,2026-09-24 11:27:01,scrape_observed,2026-09-25 01:01:12,,,listing,1,21000,"なにわ男子名義 /QR毎/重複すり替えなし/下3桁提示可能/初期当選/有効期限内
公演前日にログイン情報共有します。
ランダムエラーや本人確認、体調不良や出演者...",True,,,absent_unverified,,2026-09-27 09:48:30,,,,,,,,,,,
hrz7s4p1a4,,kamigata-expo-park-fes-2026,2026-11-01,,[大阪府] 万博記念公園,electronic,female,同行,Na,5.0,,同行番手,2026-09-24 11:27:01,scrape_observed,2026-09-25 01:01:12,,,listing,2,28000,"3名義中2番手/WEST名義/有効期限内/すり替えなし/下3桁提示可/初期当選

プラベルにてお取引したいので購入前にコメントお願いいたします。

同時入場し、...",True,,,absent_unverified,,2026-09-27 09:48:30,,,,,,,,,,,
kv9rro7fzo,,kamigata-expo-park-fes-2026,2026-11-01,,[大阪府] 万博記念公園,electronic,female,前日までにログイン情報共有,♡,5.0,,QR,2026-09-24 11:27:01,scrape_observed,2026-09-25 00:01:19,,,listing,2,24000,"QR毎/Aぇ名義/初期当選/下3桁提示可/有効期限内/発送物戻りなし/条件なし/ペイジー払い

QR毎のお譲りです。
代表者同行者どちらも女性Aぇ名義の初期当選...",True,,,absent_unverified,,2026-09-27 09:48:30,,,,,,,,,,,
sq0md3ppel,,kamigata-expo-park-fes-2026,2026-11-01,,[大阪府] 万博記念公園,electronic,female,公演前日までにQR共有,C,5.0,,QR,2026-09-24 11:27:01,scrape_observed,2026-09-25 00:01:19,,,listing,1,24000,"情報局該当名義/初期当選/すり替えなし/下3桁提示可能/過去エラー歴なし
QR毎のお譲りになります。公演前日正午までにログイン情報をお伝えいたします。
ランダム...",True,,,absent_unverified,,2026-09-27 09:48:30,,,,,,,,,,,
6svqzfumhw,,kamigata-expo-park-fes-2026,2026-11-01,,[大阪府] 万博記念公園,electronic,female,入金後24時間以内にQRコード共有,8,5.0,,ランダム記載あり,2026-09-24 11:27:01,scrape_observed,2026-09-25 01:01:12,,,listing,1,30000,"えいと名義/有効期限内/発送物戻り無/同一クレカ無し/エラー歴無し

公演前日に必要な情報等を連絡ボードにてお知らせします。同意チェックは購入者様ご自身でお願い...",True,,,absent_unverified,,2026-09-27 09:48:30,,,,,,,,,,,
62ne3i3886,,kamigata-expo-park-fes-2026,2026-11-01,,[大阪府] 万博記念公園,electronic,female,前日にログイン情報共有,にら,5.0,,QR,2026-09-24 11:27:01,scrape_observed,2026-09-25 00:01:19,,,listing,1,22000,"初期当選/QR毎/WEST名義/有効期限内名義/本人確認対応不可/会員番号下3桁提示可/公演日1日前ログイン情報ご連絡いたします
",True,,,absent_unverified,,2026-09-27 09:48:30,,,,,,,,,,,
xedpvqcq76,,kamigata-expo-park-fes-2026,2026-11-01,,[大阪府] 万博記念公園,electronic,female,同行,ari,5.0,,同行番手,2026-09-24 11:27:01,scrape_observed,2026-09-25 01:01:12,,,listing,1,35000,"2名義中1番手/初期当選/Aぇ名義/有効期限内/すり替えなし/下3桁提示可

プラベルでのお取引希望の方は移行させていただきますので、メッセージをお願いします。...",True,,,absent_unverified,,2026-09-27 09:48:30,,,,,,,,,,,
fwo22ejmar,,tvasahi-dream-festival-2026,2026-11-21,15:00,Kアリーナ横浜,electronic,female,チケットぴあにて分配or当日手渡し,な,5.0,,ランダム,2026-09-24 11:27:01,scrape_observed,2026-09-25 01:01:12,,,listing,2,15000,"すり替えなしランダム

手持ち名義全てアプグレ申し込み
アプグレ当選チケットお渡しの場合は定価手数料0.7上乗せ

全名義問い合わせ番号提示可能",True,,,absent_unverified,,2026-09-27 09:48:30,,,,,,,,,,,
aophap00sb,,tvasahi-dream-festival-2026,2026-11-21,15:00,Kアリーナ横浜,paper,female,当日手渡し,A,5.0,,,2026-09-24 11:27:01,scrape_observed,2026-09-25 01:01:12,,,listing,2,11500,当日手渡しまたは郵送になります。発券後こちらがお渡し方法指定いたします。本人確認対応不可。中止の場合のみ返金。,True,,,absent_unverified,,2026-09-27 09:48:30,,,,,,,,,,,
k88e93gc9a,,tvasahi-dream-festival-2026,2026-11-21,15:00,Kアリーナ横浜,paper,female,当日手渡し,な,5.0,,ランダム,2026-09-24 11:27:01,scrape_observed,2026-09-25 00:01:19,,,listing,2,13000,"すり替えなしランダム/ 9名義中7.8.9番手に変更可能/全名義いち早ぴあプレ枠
・全てアプグレ申し込み予定
・アプグレ当選の場合、当選席選択した際に限りアプグ...",True,,,absent_unverified,,2026-09-27 09:48:30,,,,,,,,,,,
i8e9xhk59x,,tvasahi-dream-festival-2026,2026-11-21,15:00,Kアリーナ横浜,electronic,female,公演3日前,ゆ,5.0,,番手,2026-09-24 11:27:01,scrape_observed,2026-09-25 01:01:12,,,listing,2,14000,"ぴあ最速先行/3名義中3番手/すり替えなし

アップグレード料金も込みです。

公演中止を除き、出演者の変更・遅刻・交通機関の遅延等、如何なる場合も返金いたしか...",True,,,absent_unverified,,2026-09-27 09:48:30,,,,,,,,,,,
e1z72xmy5v,,tvasahi-dream-festival-2026,2026-11-21,15:00,Kアリーナ横浜,paper,none,当日手渡し,ぽぽ,5.0,,番手,2026-09-24 11:27:01,scrape_observed,2026-09-25 00:01:19,,,listing,2,25000,"4名義中2番手
プラベル変更可能な方お値下げいたします
アプグレ当選0.7上乗せ可能な方
本人確認対応不可
公演中止以外いかなる場合も返金不可(公演中止のみ手数...",True,,,absent_unverified,,2026-09-27 09:48:30,,,,,,,,,,,
2to26obdzs,,tvasahi-dream-festival-2026,2026-11-21,15:00,Kアリーナ横浜,paper,none,手渡し,ぽぽ,5.0,,番手ランダムQR,2026-09-24 11:27:01,scrape_observed,2026-09-25 01:01:12,,,listing,2,15000,"少人数すり替えなしランダム

手持ち名義全てアプグレ申し込み
アプグレ当選チケットお渡しの場合は0.7上乗せ",True,,,absent_unverified,,2026-09-27 09:48:30,,,,,,,,,,,
6ssaq2oiwh,,tvasahi-dream-festival-2026,2026-11-21,15:00,Kアリーナ横浜,paper,female,当日or事前手渡し,n,5.0,,ランダム,2026-09-24 11:27:01,scrape_observed,2026-09-25 00:01:19,,,listing,2,10000,"いち早枠当選名義のみのランダム配布

全てアプグレ申し込み予定ですが、落選名義のチケットをお渡しする可能性もございます。
2連で購入の方には必ず2連でチケットお...",True,,,absent_unverified,,2026-09-27 09:48:30,,,,,,,,,,,
fvaddnb3kb,,tvasahi-dream-festival-2026,2026-11-21,15:00,Kアリーナ横浜,electronic,female,公演3日前に受け渡し方法共有,ら,4.9,,,2026-09-24 11:27:01,scrape_observed,2026-09-25 00:01:19,,,listing,2,14500,"チケットぴあ いち早プレリザーブでの当選

11/18(木)に発券番号をお伝えしますのでご自身で発券をお願いいたします。

必ず発券次第速やかに受け取り連絡をお...",True,,,absent_unverified,,2026-09-27 09:48:30,,,,,,,,,,,
2nxeh2y58m,,tvasahi-dream-festival-2026,2026-11-21,15:00,Kアリーナ横浜,paper,female,当日手渡し,な,5.0,,番手,2026-09-24 11:27:01,scrape_observed,2026-09-25 00:01:19,,,listing,2,13500,"9名義中9番手/全名義いち早ぴあプレ枠
・全てアプグレ申し込み予定
・アプグレ当選の場合、当選席選択した場合に限りアプグレ定価分(＋0.7/枚)当日支払いお願い...",True,,,absent_unverified,,2026-09-27 09:48:30,,,,,,,,,,,
36sl2c163c,,tvasahi-dream-festival-2026,2026-11-21,15:00,Kアリーナ横浜,electronic,female,同行,うどん,5.0,,,2026-09-24 11:27:01,scrape_observed,2026-09-25 01:01:12,,,listing,2,17000,"2名義中2番手のチケットです。
2名義ともぴあ最速先行当選
すり替えなし
アプグレ申し込み予定
アプグレ当選時、当日手渡しにてアプグレ定価分頂戴いたします。
",True,,,absent_unverified,,2026-09-27 09:48:30,,,,,,,,,,,
bq6f3z2arr,,tvasahi-dream-festival-2026,2026-11-21,15:00,Kアリーナ横浜,paper,female,当日手渡し,あちゃん,5.0,,番手,2026-09-24 11:27:01,scrape_observed,2026-09-25 01:01:12,,,listing,2,25000,"3名義中2番手　全ていち早プレ当選
当日手渡し、チケット手渡し時受け取り評価お願いいたします。
アプグレ申し込み予定落選の場合のキャンセル不可。アプグレ当選した...",True,,,absent_unverified,,2026-09-27 09:48:30,,,,,,,,,,,
2j3n1qt2pv,,tvasahi-dream-festival-2026,2026-11-21,15:00,Kアリーナ横浜,paper,female,当日手渡し,あちゃん,5.0,,ランダム,2026-09-24 11:27:01,scrape_observed,2026-09-25 01:01:12,,,listing,2,14695,"ランダム配布当日手渡し　定価+手数料
アプグレ申し込み予定当選の場合は別途アプグレ料金定価+手数料を当日頂戴いたします。

公演中止以外のキャンセル、返金不可",True,,,absent_unverified,,2026-09-27 09:48:30,,,,,,,,,,,
dy8fg9ucth,,tvasahi-dream-festival-2026,2026-11-21,15:00,Kアリーナ横浜,paper,female,当日手渡し,な,5.0,,番手,2026-09-24 11:27:01,scrape_observed,2026-09-25 00:01:19,,,listing,2,14500,"9名義中8番手/全名義いち早ぴあプレ枠
・全てアプグレ申し込み予定
・アプグレ当選の場合、当選席選択した場合に限りアプグレ定価分(＋0.7/枚)当日支払いお願い...",True,,,absent_unverified,,2026-09-27 09:48:30,,,,,,,,,,,
1pdhwyidud,,tvasahi-dream-festival-2026,2026-11-21,15:00,Kアリーナ横浜,paper,female,当日手渡し,な,5.0,,番手,2026-09-24 11:27:01,scrape_observed,2026-09-25 00:01:19,,,listing,2,15000,"9名義中7番手/全名義いち早ぴあプレ枠
・全てアプグレ申し込み予定
・アプグレ当選の場合、当選席選択した場合に限りアプグレ定価分(＋0.7/枚)当日支払いお願い...",True,,,absent_unverified,,2026-09-27 09:48:30,,,,,,,,,,,
6sizra34pn,,tvasahi-dream-festival-2026,2026-11-21,15:00,Kアリーナ横浜,electronic,female,公演日3日前よりご自身で発券,A,5.0,,番手,2026-09-24 11:27:01,scrape_observed,2026-09-25 00:01:19,,,listing,2,14000,"いち早ぴあプレ枠/4名義中4番手/すり替えなし

すべてアプグレ申し込み予定です。
当選した場合1.0上乗せして頂きます。

当日会場付近で待ち合わせし、チケッ...",True,,,absent_unverified,,2026-09-27 09:48:30,,,,,,,,,,,
e72nqeapso,,tvasahi-dream-festival-2026,2026-11-21,15:00,Kアリーナ横浜,electronic,female,分配、不可の場合発券番号,かい,5.0,,,2026-09-24 11:27:01,scrape_observed,2026-09-25 00:01:19,,,listing,2,18000,"いち早プレリザーブ当選分、重複なし
11/18 12:00〜チケットぴあ分配、もしくは発券番号をお知らせいたします。

※公演中止以外の返金、キャンセル不可",True,,,absent_unverified,,2026-09-27 09:48:30,,,,,,,,,,,
4kd50fhbmc,,tvasahi-dream-festival-2026,2026-11-21,15:00,Kアリーナ横浜,paper,female,当日手渡し,な,5.0,,ランダム記載あり,2026-09-24 11:27:01,scrape_observed,2026-09-25 00:01:19,,,listing,2,15000,"いち早プレリザーブ ぴあプレ枠での当選
すり替えなし

上乗せでアプグレ対応可
希望の場合は事前にメッセージお願いいたします。

アプグレ落選時、ランダムエラー...",True,,,absent_unverified,,2026-09-27 09:48:30,,,,,,,,,,,
31m8tw88c1,,tvasahi-dream-festival-2026,2026-11-21,15:00,Kアリーナ横浜,paper,female,当日手渡し,な,5.0,,番手,2026-09-24 11:27:01,scrape_observed,2026-09-25 00:01:19,,,listing,1,19000,"9名義中4番手(2連中の1枚)/全名義いち早ぴあプレ枠
・全てアプグレ申し込み予定
・アプグレ当選の場合、当選席選択した場合に限りアプグレ定価分(＋0.7/枚)...",True,,,absent_unverified,,2026-09-27 09:48:30,,,,,,,,,,,
gtsrjpj20c,,tvasahi-dream-festival-2026,2026-11-21,15:00,Kアリーナ横浜,paper,female,当日手渡し,💫,5.0,,番手,2026-09-24 11:27:01,scrape_observed,2026-09-25 01:01:12,,,listing,2,20000,"7名義中4番手/いち早プレ枠/すり替えなし
全名義アプグレ申込予定
アプグレ落選後のキャンセル不可
アプグレ当選時は定価分＋0.7当日手渡し

当日会場付近にて...",True,,,absent_unverified,,2026-09-27 09:48:30,,,,,,,,,,,
8ut378fjmz,,tvasahi-dream-festival-2026,2026-11-21,15:00,Kアリーナ横浜,electronic,female,当日手渡し,A,5.0,,番手,2026-09-24 11:27:01,scrape_observed,2026-09-25 00:01:19,,,listing,2,14000,"いち早ぴあプレ枠/4名義中4番手/すり替えなし

すべてアプグレ申し込み予定です。
当選した場合1.0上乗せして頂きます。

当日会場付近で待ち合わせし、チケッ...",True,,,absent_unverified,,2026-09-27 09:48:30,,,,,,,,,,,
9yc2ud3iip,,tvasahi-dream-festival-2026,2026-11-21,15:00,Kアリーナ横浜,paper,female,当日手渡し,な,5.0,,番手,2026-09-24 11:27:01,scrape_observed,2026-09-25 01:01:12,,,listing,2,37000,"⭐️8名義中2(3)番手
即5.0/いち早ぴあプレ /すり替えなし
1部サイト通しに変更可
全名義アプグレ申込予定
アプグレ落選後のキャンセル不可
全名義落選又...",True,,,absent_unverified,,2026-09-27 09:48:30,,,,,,,,,,,
nbbu77suxz,,tvasahi-dream-festival-2026,2026-11-21,15:00,Kアリーナ横浜,electronic,female,当日手渡し,な,5.0,,ランダム記載あり,2026-09-24 11:27:01,scrape_observed,2026-09-25 00:01:19,,,listing,2,14700,"いち早プレリザーブ ぴあプレ枠
すり替えなしランダム(上乗せで番手への変更可)

全名義アプグレ申込予定
アプグレ当選時:追加で定価手数料お支払い


公演中止...",True,,,absent_unverified,,2026-09-27 09:48:30,,,,,,,,,,,
xxhi84zuy3,,tvasahi-dream-festival-2026,2026-11-21,15:00,Kアリーナ横浜,paper,female,当日手渡し,y♡,5.0,,番手,2026-09-24 11:27:01,scrape_observed,2026-09-25 00:01:19,,,listing,4,15000,"いち早プレリザーブ　ぴあプレ枠
2名義中2番手　本人確認対応可

・アプグレ申し込み予定です。
・アプグレ当選時、アプグレ定価分当日頂戴いたします。
・公演当日...",True,,,absent_unverified,,2026-09-27 09:48:30,,,,,,,,,,,
no4bpw5by1,,tvasahi-dream-festival-2026,2026-11-21,15:00,Kアリーナ横浜,electronic,female,公演3日前,ゆ,5.0,,番手,2026-09-24 11:27:01,scrape_observed,2026-09-25 01:01:12,,,listing,2,18000,"ぴあ最速先行/3名義中2番手/すり替えなし

アップグレード料金も込みです。

公演中止を除き、出演者の変更・遅刻・交通機関の遅延等、如何なる場合も返金いたしか...",True,,,absent_unverified,,2026-09-27 09:48:30,,,,,,,,,,,
llpk2d95xv,,tvasahi-dream-festival-2026,2026-11-21,15:00,Kアリーナ横浜,paper,female,手渡し,みょ,5.0,,同行,2026-09-24 11:27:01,scrape_observed,2026-09-25 00:01:19,,,listing,3,34000,"⭐️ぴあプレで当選（アプグレ予定）⭐️

・正門担×
・4連中3枚のお譲り（バラ可能）

・当日当方と合流後に受け取り評価をしていただきます。
・体調不良や公共...",True,,,absent_unverified,,2026-09-27 09:48:30,,,,,,,,,,,
g4kbimedc1,,tvasahi-dream-festival-2026,2026-11-21,15:00,Kアリーナ横浜,paper,female,当日手渡し,🦋,5.0,,ランダム,2026-09-24 11:27:01,scrape_observed,2026-09-25 01:01:12,,,listing,2,11800,"いち早枠当選名義のみのランダム配布

全てアプグレ申し込み予定ですが、落選名義のチケットをお渡しする可能性もございます。
2連で購入の方には必ず2連でチケットお...",True,,,absent_unverified,,2026-09-27 09:48:30,,,,,,,,,,,
pdcq6vmctp,,tvasahi-dream-festival-2026,2026-11-22,15:00,Kアリーナ横浜,paper,female,当日手渡し,linlang0323,5.0,,,2026-09-24 11:27:01,scrape_observed,2026-09-25 00:01:19,,,listing,2,14900,"オフィシャル2次 アプグレ申し込み予定
2番手
公演中止以外のいかなる場合も返金不可",True,,,absent_unverified,,2026-09-27 09:48:30,,,,,,,,,,,
1bi9lch4ql,,tvasahi-dream-festival-2026,2026-11-22,15:00,Kアリーナ横浜,paper,female,当日手渡し,a,4.8,,,2026-09-24 11:27:01,scrape_observed,2026-09-25 01:01:12,,,listing,2,23000,いち早ぴあプレ最速先行。アプグレ申込予定のため当選の際差額分お支払い可能な方。公演中止以外返金キャンセル不可,True,,,absent_unverified,,2026-09-27 09:48:30,,,,,,,,,,,
bqsfoicaqw,,tvasahi-dream-festival-2026,2026-11-22,15:00,Kアリーナ横浜,paper,female,事前都内手渡し、または公演3日前までに郵送,み,5.0,,,2026-09-24 11:27:01,scrape_observed,2026-09-25 01:01:12,,,listing,2,30000,"・発券開始日の11/18(水)12:00〜以降にチケットをお譲りします。

・手渡しの場合、待ち合わせ日時・場所の決定後は時間厳守でお願いします。

・1枚購入...",True,,,absent_unverified,,2026-09-27 09:48:30,,,,,,,,,,,
p5n4a10wt6,,tvasahi-dream-festival-2026,2026-11-22,15:00,Kアリーナ横浜,paper,female,郵送,R,5.0,,,2026-09-24 11:27:01,scrape_observed,2026-09-25 01:01:12,,,listing,2,23000,"アプグレ申し込み可能
ぴあカード最速先行当選
いかなる場合もキャンセル返金不可",True,,,absent_unverified,,2026-09-27 09:48:30,,,,,,,,,,,
ae7eoyonjy,,tvasahi-dream-festival-2026,2026-11-22,15:00,Kアリーナ横浜,paper,female,当日手渡し,み,5.0,,番手,2026-09-24 11:27:01,scrape_observed,2026-09-25 00:01:19,,,listing,4,15000,"オフィシャル2次先行
2名義中2番手

当日は会場周辺に指定時間にお集まりいただきチケットをお渡しいたします。
チケット受け取り次第受け取り通知をお願い致します...",True,,,absent_unverified,,2026-09-27 09:48:30,,,,,,,,,,,
xpp1e0xi0o,,tvasahi-dream-festival-2026,2026-11-22,15:00,Kアリーナ横浜,paper,female,当日手渡し,A,5.0,,,2026-09-24 11:27:01,scrape_observed,2026-09-25 01:01:12,,,listing,1,17000,"当日手渡しまたは郵送になります。発券後こちらがお渡し方法指定いたします。購入様に選択権はございません。本人確認対応不可。中止の場合のみ返金。
",True,,,absent_unverified,,2026-09-27 09:48:30,,,,,,,,,,,
sjqoaz2kk4,,tvasahi-dream-festival-2026,2026-11-22,15:00,Kアリーナ横浜,paper,female,当日手渡し,A,5.0,,,2026-09-24 11:27:01,scrape_observed,2026-09-25 01:01:12,,,listing,2,20000,当日手渡しまたは郵送になります。発券後こちらがお渡し方法指定いたします。本人確認対応不可。中止の場合のみ返金。,True,,,absent_unverified,,2026-09-27 09:48:30,,,,,,,,,,,
wdtpdmcgci,,tvasahi-dream-festival-2026,2026-11-22,15:00,Kアリーナ横浜,paper,none,発券後公演2日前までに発送予定,8,5.0,,,2026-09-24 11:27:01,scrape_observed,2026-09-25 00:01:19,,,listing,2,15000,"本人確認対応不可。
中止の場合のみ返金",True,,,absent_unverified,,2026-09-27 09:48:30,,,,,,,,,,,
sw87ztmuvp,,tvasahi-dream-festival-2026,2026-11-23,15:00,Kアリーナ横浜,paper,female,当日手渡し、郵送、都内手渡しも可能です,mina37,5.0,,同行,2026-09-24 11:27:01,scrape_observed,2026-09-25 00:01:19,,,listing,1,15000,"オフィシャル最速先行　重複なし同行
公演中止の場合手数料を差引いた金額を返金致します。中止以外の返金不可。",True,,,absent_unverified,,2026-09-27 09:48:30,,,,,,,,,,,
c6ffx4jmi0,,tvasahi-dream-festival-2026,2026-11-23,15:00,Kアリーナ横浜,pickup_number,female,公演日5日前までに発券番号共有,R,5.0,,,2026-09-24 11:27:01,scrape_observed,2026-09-25 01:01:12,,,listing,2,15000,オフィシャル先行/発券番号でのお譲り,True,,,absent_unverified,,2026-09-27 09:48:30,,,,,,,,,,,
e7ppxu6a5v,,tvasahi-dream-festival-2026,2026-11-23,15:00,Kアリーナ横浜,paper,female,公演日7日前までに郵送,ちぇ,5.0,,番手,2026-09-24 11:27:01,scrape_observed,2026-09-25 01:01:12,,,listing,3,14500,"オフィシャル最速先行　2名義中2番手
公演中止の場合　手数料を差引いた金額を返金致します。中止以外の返金不可。

11月18日紙チケ発券後レターパックプラス又は...",True,,,absent_unverified,,2026-09-27 09:48:30,,,,,,,,,,,
mndk9mn1d7,,tvasahi-dream-festival-2026,2026-11-23,15:00,Kアリーナ横浜,paper,female,発券後に郵送,R,5.0,,,2026-09-24 11:27:01,scrape_observed,2026-09-25 00:01:19,,,listing,2,15000,オフィシャル先行/発券番号ごと可/重複すり替えなし,True,,,absent_unverified,,2026-09-27 09:48:30,,,,,,,,,,,
95r0b4k039,,tvasahi-dream-festival-2026,2026-11-23,15:00,Kアリーナ横浜,paper,female,入金後24時間以内に郵送,と,5.0,,番手,2026-09-24 11:27:01,scrape_observed,2026-09-25 01:01:12,,,listing,2,20000,2名義中2番手 公演中止以外の返金不可,True,,,absent_unverified,,2026-09-27 09:48:30,,,,,,,,,,,
yuuo49rrem,,tvasahi-dream-festival-2026,2026-11-23,15:00,Kアリーナ横浜,paper,female,当日手渡し,A,5.0,,,2026-09-24 11:27:01,scrape_observed,2026-09-25 01:01:12,,,listing,1,11000,当日手渡しまたは郵送になります。発券後こちらがお渡し方法指定いたします。本人確認対応不可。中止の場合のみ返金。,True,,,absent_unverified,,2026-09-27 09:48:30,,,,,,,,,,,
35sxer6guf,,tvasahi-dream-festival-2026,2026-11-23,15:00,Kアリーナ横浜,paper,female,当日手渡し,A,5.0,,,2026-09-24 11:27:01,scrape_observed,2026-09-25 01:01:12,,,listing,2,12000,当日手渡しまたは郵送になります。発券後こちらがお渡し方法指定いたします。本人確認対応不可。中止の場合のみ返金。,True,,,absent_unverified,,2026-09-27 09:48:30,,,,,,,,,,,
hpmi6bpnad,,tvasahi-dream-festival-2026,2026-11-23,15:00,Kアリーナ横浜,paper,female,分配or当日手渡しor郵送,ㅎㅅㅎ,5.0,,,2026-09-24 11:27:01,scrape_observed,2026-09-25 01:01:12,,,listing,3,16000,"最速先行。4連中3連子チケ。バラ売り可。
チケットぴあ上にて分配、発券済みのチケットを当日手渡し、郵送のいずれかでお渡しいたします。

アプグレ希望の場合は必ず...",True,,,absent_unverified,,2026-09-27 09:48:30,,,,,,,,,,,
u69c6oxw29,,tvasahi-dream-festival-2026,2026-11-23,15:00,Kアリーナ横浜,paper,female,当日手渡し,777,5.0,,番手,2026-09-24 11:27:01,scrape_observed,2026-09-25 01:01:12,,,listing,2,25000,"ぴあいち早プレリザーブにて当選
2名義中2番手 
※アプグレご希望の方は当選時に差額のお支払いをお願いいたします。

・座席はお選びいただけませんのでご了承くだ...",True,,,absent_unverified,,2026-09-27 09:48:30,,,,,,,,,,,
j4t5f2gl2c,,kamigata-expo-park-fes-2026,2026-10-31,,[大阪府] 万博記念公園,electronic,female,公演前日にログイン情報共有,M,5.0,,QR,2026-09-24 14:01:14,scrape_observed,2026-09-25 00:01:19,,,listing,2,28000,"QR毎/初期当選/下3桁提示可/有効期限内/発送物戻りなし/クレカ払い

前回ツアー落選かつ名義作成後初当選です。

公演前日にログイン情報をお伝えいたしますの...",True,,,absent_unverified,,2026-09-27 09:48:30,,,,,,,,,,,
jnn3bslxjn,,kamigata-expo-park-fes-2026,2026-10-31,,[大阪府] 万博記念公園,electronic,female,同行,いよ,5.0,,番手,2026-09-24 14:01:14,scrape_observed,2026-09-25 00:01:19,,,listing,2,17500,"4名義中4番手/全てアンビ名義・初期当選・有効期限内・郵送物戻りなし/下3桁提示可/サイチェン可

公演当日、8:10（開場20分前）頃に会場付近にて待ち合わせ...",True,,,absent_unverified,,2026-09-27 09:48:30,,,,,,,,,,,
c56mtrrysc,,kamigata-expo-park-fes-2026,2026-10-31,,[大阪府] 万博記念公園,electronic,female,公演日前日にログイン情報共有,あや,5.0,,QR,2026-09-24 16:01:21,scrape_observed,2026-09-25 00:01:19,,,listing,2,20000,"QRごと/初期当選/重複なし/条件なし　
有効期限内名義　着席ブロック、復活当選、制作開放席、郵便戻りではありません。希望があれば会員番号の下3桁をお知らせしま...",True,,,absent_unverified,,2026-09-27 09:48:30,,,,,,,,,,,
9vkys9kxkv,,kamigata-expo-park-fes-2026,2026-10-31,,[大阪府] 万博記念公園,electronic,female,同行,L,5.0,,番手,2026-09-25 01:01:12,scrape_observed,2026-09-26 00:01:10,,,listing,2,32000,"6名義中3番手/初期当選/有効期限内/すり替えなし/下三桁提示可能

ランダムエラー、出演者変更、体調不良、交通機関の乱れなどの如何なる理由により入場できなかっ...",True,,,absent_unknown,2026-09-27 10:24:12,2026-09-27 09:48:30,,,,,,,,,,,
zk8syjcdlw,,kamigata-expo-park-fes-2026,2026-10-31,,[大阪府] 万博記念公園,electronic,female,同行,れいあ,5.0,,同行,2026-09-25 01:01:12,scrape_observed,2026-09-26 00:01:10,,,listing,1,30000,"当方の同行のため岡﨑担❌
WEST名義

すり替えなし。下3桁提示可能。有効期限内。初期当選。着ブロ希望なし。郵送物戻りなし。過去エラーなし。

ランダムエラー...",True,,,absent_unknown,2026-09-27 10:24:12,2026-09-27 09:48:30,,,,,,,,,,,
7sa7bic0k4,,kamigata-expo-park-fes-2026,2026-10-31,,[大阪府] 万博記念公園,electronic,female,当日渡し,Me_7teor,5.0,,QR番手,2026-09-25 01:01:12,scrape_observed,2026-09-26 00:01:10,,,listing,2,0,"5名義中5番手
初期当選/有効期限内/すり替えなし/下三桁提示可能

ランダムエラー、出演者変更、体調不良、交通機関の乱れなどの如何なる理由により入場できなかっ...",True,,,absent_unknown,2026-09-27 10:24:12,2026-09-27 09:48:30,,,,,,,,,,,
k6bzhdi2rt,,kamigata-expo-park-fes-2026,2026-10-31,,[大阪府] 万博記念公園,electronic,female,同行,ｲ,5.0,,番手,2026-09-25 01:01:12,scrape_observed,2026-09-26 00:01:10,,,listing,2,23000,"2名義中2番手 / 初期当選 / すり替えなし / 下3桁提示可 / 有効期限内 / 該当名義(アンビ名義×2)


・8:30入場予定。

・公演当日、開場3...",True,,,absent_unknown,2026-09-27 10:24:12,2026-09-27 09:48:30,,,,,,,,,,,
aeqpbltxnc,,kamigata-expo-park-fes-2026,2026-10-31,,[大阪府] 万博記念公園,electronic,female,公演前日にログイン情報共有,M,5.0,,QR,2026-09-25 01:01:12,scrape_observed,2026-09-26 00:01:10,,,listing,2,25000,"QR毎/初期当選/下3桁提示可/有効期限内/郵送物戻りなし

前回ツアー落選かつ名義作成後初当選です。

公演前日にログイン情報をお伝えいたしますので当日入場後...",True,,,absent_unknown,2026-09-27 10:24:12,2026-09-27 09:48:30,,,,,,,,,,,
yklt5ga4z3,,kamigata-expo-park-fes-2026,2026-10-31,,[大阪府] 万博記念公園,electronic,female,QR毎,tsgjgk,5.0,,QR,2026-09-25 01:01:12,scrape_observed,2026-09-26 00:01:10,,,listing,2,35000,"WEST名義/QRごと/該当名義/重複すり替え無し/下3桁提示可/有効期限内/

公演前日にログインに必要な情報をお伝えします。
同行者登録はこちらで行います。...",True,,,absent_unknown,2026-09-27 10:24:12,2026-09-27 09:48:30,,,,,,,,,,,
11ahj9pxrp,,kamigata-expo-park-fes-2026,2026-10-31,,[大阪府] 万博記念公園,electronic,female,同行,みょ,5.0,,同行記載あり,2026-09-25 01:01:12,scrape_observed,2026-09-26 00:01:10,,,listing,1,40000,"Aぇ名義/下3桁提示可/サイチェン可

・正門担との同行（正門担×）
・8:15会場付近集合予定
・当日同行が難しくなった場合、受け取り評価は必ずしていただきま...",True,,,absent_unknown,2026-09-27 10:24:12,2026-09-27 09:48:30,,,,,,,,,,,
r7ngbiatkp,,kamigata-expo-park-fes-2026,2026-10-31,,[大阪府] 万博記念公園,electronic,female,前日にログイン情報共有,にら,5.0,,QR,2026-09-25 01:01:12,scrape_observed,2026-09-25 11:01:14,,,listing,1,22000,"初期当選/QR毎/WEST名義/有効期限内名義/本人確認対応不可/会員番号下3桁提示可/着席ブロック未選択/公演日1日前ログイン情報ご連絡いたします
",True,,,absent_unverified,,2026-09-27 09:48:30,,,,,,,,,,,
9z9g0ry3i0,,kamigata-expo-park-fes-2026,2026-10-31,,[大阪府] 万博記念公園,paper,female,同時入場,🌙,5.0,,同行番手,2026-09-25 01:01:12,scrape_observed,2026-09-26 00:01:10,,,listing,2,26000,"2名義中2番手
なにわ・Aぇ名義
初期当選/すり替えなし/下3桁提示可/ND⁵・Runway(今ツ)落選名義


【お取引について】

・番手でのお譲りが難しい...",True,,,absent_unknown,2026-09-27 10:24:12,2026-09-27 09:48:30,,,,,,,,,,,
5hamkrq4mg,,kamigata-expo-park-fes-2026,2026-10-31,,[大阪府] 万博記念公園,electronic,female,公演日前日にログイン情報共有,あや,5.0,,QR,2026-09-25 01:01:12,scrape_observed,2026-09-25 05:01:13,,,listing,2,20000,"QRごと/初期当選/重複なし/条件なし　
有効期限内名義　着席ブロック、復活当選、制作開放席、郵便戻りではありません。希望があれば会員番号の下3桁をお知らせしま...",True,,,absent_unverified,,2026-09-27 09:48:30,,,,,,,,,,,
p0m35zovqc,,kamigata-expo-park-fes-2026,2026-10-31,,[大阪府] 万博記念公園,electronic,male,前日までにログイン情報共有,♡,5.0,,QR,2026-09-25 01:01:12,scrape_observed,2026-09-26 00:01:10,,,listing,2,25000,"QR毎/Aぇ名義/初期当選/下3桁提示可/有効期限内/発送物戻りなし/条件なし/ペイジー払い

QR毎のお譲りです。
代表者(男性名義)、同行者(女性名義)どち...",True,,,absent_unknown,2026-09-27 10:24:12,2026-09-27 09:48:30,,,,,,,,,,,
8eim505cza,,kamigata-expo-park-fes-2026,2026-10-31,,[大阪府] 万博記念公園,electronic,female,QRごと,にゃ,5.0,,QR,2026-09-25 01:01:12,scrape_observed,2026-09-26 00:01:10,,,listing,1,30000,"なにわ名義/QRごと/該当名義/重複すり替え無し/下3桁提示可/有効期限内/

公演前日にログインに必要な情報を連絡ボードにてお伝えします。

※ランダムエラー...",True,,,absent_unknown,2026-09-27 10:24:12,2026-09-27 09:48:30,,,,,,,,,,,
vfnt54ubxu,,kamigata-expo-park-fes-2026,2026-10-31,,[大阪府] 万博記念公園,electronic,female,同行,y,5.0,,同行,2026-09-25 01:01:12,scrape_observed,2026-09-26 00:01:10,,,listing,1,37000,"2名義中1番手
すり替えなし/Aぇ名義/有効期限内/下3桁提示可

入場のみ一緒でも目的同じでしたら一緒に動くことも可能です。
柔軟に対応いたします。
開園から...",True,,,absent_unknown,2026-09-27 10:24:12,2026-09-27 09:48:30,,,,,,,,,,,
w2awq4mz2l,,kamigata-expo-park-fes-2026,2026-10-31,,[大阪府] 万博記念公園,electronic,female,同行,いよ,5.0,,番手,2026-09-25 01:01:12,scrape_observed,2026-09-26 00:01:10,,,listing,2,25000,"4名義中3番手/全てアンビ名義・初期当選・有効期限内・郵送物戻りなし/下3桁提示可/サイチェン可

公演当日、8:10（開場20分前）頃に会場付近にて待ち合わせ...",True,,,absent_unknown,2026-09-27 10:24:12,2026-09-27 09:48:30,,,,,,,,,,,
1ims50hb4s,,kamigata-expo-park-fes-2026,2026-10-31,,[大阪府] 万博記念公園,electronic,female,公演前日ログイン情報共有,moe,5.0,,QR,2026-09-25 01:01:12,scrape_observed,2026-09-26 00:01:10,,,listing,2,33500,"プラベル取引/Aぇ名義/QRごと/該当名義/重複すり替え無し/下3桁提示可/有効期限内/発送物戻り無し

＊プラベルにて取引希望ですので、購入希望の方はメッセー...",True,,,absent_unknown,2026-09-27 10:24:12,2026-09-27 09:48:30,,,,,,,,,,,
kuboudk9vo,,kamigata-expo-park-fes-2026,2026-10-31,,[大阪府] 万博記念公園,electronic,female,公演前日にログイン情報お渡し,あ,5.0,,QR,2026-09-25 01:01:12,scrape_observed,2026-09-26 00:01:10,,,listing,1,40000,"WEST名義/QR毎/重複すり替え無し/下3桁提示可/有効期限内

公演前日にログインに必要な情報を連絡ボードにてお伝えします。

※ランダムエラー、出演者の欠...",True,,,absent_unknown,2026-09-27 10:24:12,2026-09-27 09:48:30,,,,,,,,,,,
fjtwhvkrze,,kamigata-expo-park-fes-2026,2026-10-31,,[大阪府] 万博記念公園,electronic,female,同行,いよ,5.0,,番手,2026-09-25 01:01:12,scrape_observed,2026-09-26 00:01:10,,,listing,2,35000,"4名義中2番手/全てアンビ名義・初期当選・有効期限内・郵送物戻りなし/下3桁提示可/サイチェン可

公演当日、8:10（開場20分前）頃に会場付近にて待ち合わせ...",True,,,absent_unknown,2026-09-27 10:24:12,2026-09-27 09:48:30,,,,,,,,,,,
l4kn6gdqmh,,kamigata-expo-park-fes-2026,2026-10-31,,[大阪府] 万博記念公園,electronic,female,公演日前日にQRコード共有,あ,5.0,,QR,2026-09-25 01:01:12,scrape_observed,2026-09-26 00:01:10,,,listing,1,24000,【QRごと】初期当選　重複なし　条件なし　ペイジー支払い　有効期限内名義　着席ブロック、復活当選、制作開放席、郵便戻りではありません。希望があれば会員番号の下3...,True,,,absent_unknown,2026-09-27 10:24:12,2026-09-27 09:48:30,,,,,,,,,,,
18o6xlwcmz,,kamigata-expo-park-fes-2026,2026-10-31,,[大阪府] 万博記念公園,electronic,female,同行,いよ,5.0,,番手,2026-09-25 01:01:12,scrape_observed,2026-09-26 00:01:10,,,listing,2,17500,"4名義中4番手/全てアンビ名義・初期当選・有効期限内・郵送物戻りなし/下3桁提示可/サイチェン可

公演当日、8:10（開場20分前）頃に会場付近にて待ち合わせ...",True,,,absent_unknown,2026-09-27 10:24:12,2026-09-27 09:48:30,,,,,,,,,,,
awmzczovq1,,kamigata-expo-park-fes-2026,2026-10-31,,[大阪府] 万博記念公園,electronic,female,2名義中2番手,A,5.0,,番手,2026-09-25 01:01:12,scrape_observed,2026-09-26 00:01:10,,,listing,2,22000,"2名義中2番手/Aぇ･エイト名義/初期当選/すり替えなし/下3桁提示可

同時入場後、当方の選ばなかった方のチケットをお渡しします。また、ブロック選択に少々お時...",True,,,absent_unknown,2026-09-27 10:24:12,2026-09-27 09:48:30,,,,,,,,,,,
ir2hirucad,,kamigata-expo-park-fes-2026,2026-10-31,,[大阪府] 万博記念公園,electronic,female,同行,L,5.0,,番手,2026-09-25 01:01:12,scrape_observed,2026-09-26 00:01:10,,,listing,2,50000,"6名義中2番手/初期当選/有効期限内/すり替えなし/下三桁提示可能

ランダムエラー、出演者変更、体調不良、交通機関の乱れなどの如何なる理由により入場できなかっ...",True,,,absent_unknown,2026-09-27 10:24:12,2026-09-27 09:48:30,,,,,,,,,,,
pj61j0rlv7,,kamigata-expo-park-fes-2026,2026-10-31,,[大阪府] 万博記念公園,electronic,female,同行,L,5.0,,同行,2026-09-25 01:01:12,scrape_observed,2026-09-26 00:01:10,,,listing,2,22000,"6名義中4番手/初期当選/有効期限内/すり替えなし/下三桁提示可能

ランダムエラー、出演者変更、体調不良、交通機関の乱れなどの如何なる理由により入場できなかっ...",True,,,absent_unknown,2026-09-27 10:24:12,2026-09-27 09:48:30,,,,,,,,,,,
ulhjaol0ol,,kamigata-expo-park-fes-2026,2026-11-01,,[大阪府] 万博記念公園,electronic,none,公演日1日前にQRコード共有,めんた,5.0,,QR,2026-09-25 01:01:12,scrape_observed,2026-09-26 00:01:10,,,listing,2,25000,"なにわ男子FC✕なにわ男子FC/初期選/QR毎/すり替えなし/有効期限内／エラー歴等なし/下3桁提示可/Pay-easy
支払い
公演日前日に連絡ボードにてログ...",True,,,absent_unknown,2026-09-27 10:24:12,2026-09-27 09:48:30,,,,,,,,,,,
7vr266ubfl,,kamigata-expo-park-fes-2026,2026-11-01,,[大阪府] 万博記念公園,electronic,female,公演前日まで,D,5.0,,番手,2026-09-25 01:01:12,scrape_observed,2026-09-26 00:01:10,,,listing,1,28000,"2名義中2番手/エイト×2名義/初期当選/有効期限名義のみ/すり替えなし

当日、開場時間前に会場付近で待ち合わせし、同時入場していただきます。
入場後はチケッ...",True,,,absent_unknown,2026-09-27 10:24:12,2026-09-27 09:48:30,,,,,,,,,,,
qd1s32o4kk,,kamigata-expo-park-fes-2026,2026-11-01,,[大阪府] 万博記念公園,electronic,female,公演日前日にログイン情報お渡し,も,5.0,,QR,2026-09-25 01:01:12,scrape_observed,2026-09-26 00:01:10,,,listing,2,32000,"WESTを含まずFC×FCでの当選です。
初期当選/有効期限内/下3桁提示可能/過去エラー・発送物戻り無

公演日前日にログイン情報をお渡しします。赤線対策のた...",True,,,absent_unknown,2026-09-27 10:24:12,2026-09-27 09:48:30,,,,,,,,,,,
gl7fwdvrbg,,kamigata-expo-park-fes-2026,2026-11-01,,[大阪府] 万博記念公園,electronic,female,QRの為未定,39,5.0,,番手,2026-09-25 01:01:12,scrape_observed,2026-09-26 00:01:10,,,listing,1,21000,"2名義中2番手 / すり替えなし / 下3桁提示可 /  有効期限内 / どちらも局名義

・公演当日、会場付近に集合し同時入場する予定です。
・当方が選ばなか...",True,,,absent_unknown,2026-09-27 10:24:12,2026-09-27 09:48:30,,,,,,,,,,,
e1n230jjpx,,kamigata-expo-park-fes-2026,2026-11-01,,[大阪府] 万博記念公園,electronic,none,公演日当日にQRコード共有,めんた,5.0,,QR,2026-09-25 01:01:12,scrape_observed,2026-09-26 00:01:10,,,listing,2,25000,"なにわ男子FC✕なにわ男子FC/初期選/QR毎/すり替えなし/有効期限内／エラー歴等なし/下3桁提示可/Pay-easy
支払い
公演日前日に連絡ボードにてログ...",True,,,absent_unknown,2026-09-27 10:24:12,2026-09-27 09:48:30,,,,,,,,,,,
ieg0x2dzek,,kamigata-expo-park-fes-2026,2026-11-01,,[大阪府] 万博記念公園,electronic,female,同行,28,5.0,,同行,2026-09-25 01:01:12,scrape_observed,2026-09-26 00:01:10,,,listing,1,33000,"FC先行 座席未定 初期当選 有効期限内 重複すり替えなし 会員番号下3桁提示可能 着ブロ希望なし

公演当日、開演 1時間前〜30分前頃に会場付近にて待ち合わ...",True,,,absent_unknown,2026-09-27 10:24:12,2026-09-27 09:48:30,,,,,,,,,,,
4dvf23r2tz,,kamigata-expo-park-fes-2026,2026-11-01,,[大阪府] 万博記念公園,electronic,female,当日待ち合わせの上ログイン,yu,5.0,,QR,2026-09-25 01:01:12,scrape_observed,2026-09-26 00:01:10,,,listing,2,25000,"ジュニア情報局 / QR毎 / 下3桁提示可 / 有効期限内

・公演当日待ち合わせの上買い手の端末でログイン致します。
・ランダムエラー、買い手理由のキャンセ...",True,,,absent_unknown,2026-09-27 10:24:12,2026-09-27 09:48:30,,,,,,,,,,,
pk560cpksl,,kamigata-expo-park-fes-2026,2026-11-01,,[大阪府] 万博記念公園,electronic,female,公演日前日にログイン情報共有,ま,4.9,,QR,2026-09-25 01:01:12,scrape_observed,2026-09-26 00:01:10,,,listing,1,20000,"QRごと/該当名義/重複すり替え無し/下3桁提示可/有効期限内/WEST.名義

公演中止の際のみ規約に従い返金対応いたします。ランダムエラー、本人確認、体調不...",True,,,absent_unknown,2026-09-27 10:24:12,2026-09-27 09:48:30,,,,,,,,,,,
arfumbdr46,,kamigata-expo-park-fes-2026,2026-11-01,,[大阪府] 万博記念公園,electronic,female,公演日前日にQRコード共有,m,5.0,,QR,2026-09-25 01:01:12,scrape_observed,2026-09-26 00:01:10,,,listing,2,24000,"初期当選/WEST.名義/FC×FC/すり替えなし/QR毎/有効期限内/下3桁提示可

・公演前日に連絡ボードにてログイン情報をお伝えいたします。
・ご希望であ...",True,,,absent_unknown,2026-09-27 10:24:12,2026-09-27 09:48:30,,,,,,,,,,,
yn1se2451v,,kamigata-expo-park-fes-2026,2026-11-01,,[大阪府] 万博記念公園,electronic,male,公演前日QRコード共有,も,5.0,,QR,2026-09-25 01:01:12,scrape_observed,2026-09-26 00:01:10,,,listing,2,25000,"QRごとのお譲りになります。
なにわ名義/FC×FC/初期当選/下3桁提示可能/期限内／着ブロ希望なし/ランダムエラー・発送物戻りなし
プライベート出品にします...",True,,,absent_unknown,2026-09-27 10:24:12,2026-09-27 09:48:30,,,,,,,,,,,
dcvcjnc1a8,,kamigata-expo-park-fes-2026,2026-11-01,,[大阪府] 万博記念公園,electronic,female,公演日前日QRコード共有,S,5.0,,QR,2026-09-25 01:01:12,scrape_observed,2026-09-26 00:01:10,,,listing,1,50000,"Aぇ名義/初期当選/すり替えなし/下3桁提示可能/過去エラー歴なし
QR毎のお譲りになります。公演当日(8:30)までにログイン情報をお伝えいたします。
ランダ...",True,,,absent_unknown,2026-09-27 10:24:12,2026-09-27 09:48:30,,,,,,,,,,,
1904sex8bs,,kamigata-expo-park-fes-2026,2026-11-01,,[大阪府] 万博記念公園,electronic,female,前日までにログイン情報共有,♡,5.0,,QR,2026-09-25 01:01:12,scrape_observed,2026-09-26 00:01:10,,,listing,2,24000,"QR毎/Aぇ名義/初期当選/下3桁提示可/有効期限内/発送物戻りなし/条件なし/ペイジー払い

QR毎のお譲りです。
代表者同行者どちらも女性Aぇ名義の初期当選...",True,,,absent_unknown,2026-09-27 10:24:12,2026-09-27 09:48:30,,,,,,,,,,,
d05yksousm,,kamigata-expo-park-fes-2026,2026-11-01,,[大阪府] 万博記念公園,electronic,female,当日待ち合わせの上ログイン,yu,5.0,,QR,2026-09-25 01:01:12,scrape_observed,2026-09-26 00:01:10,,,listing,2,25000,"ジュニア情報局 / QR毎 / 下3桁提示可 / 有効期限内

・公演当日待ち合わせの上買い手の端末でログイン致します。
・入場しログアウト後 入場報告完了して...",True,,,absent_unknown,2026-09-27 10:24:12,2026-09-27 09:48:30,,,,,,,,,,,
orqgen3wyx,,kamigata-expo-park-fes-2026,2026-11-01,,[大阪府] 万博記念公園,electronic,female,公演前日にQR表示に必要な情報をお送りします。,ゆ,5.0,,QR,2026-09-25 01:01:12,scrape_observed,2026-09-26 00:01:10,,,listing,1,49000,"QR毎／Aぇ名義／初期当選／FC先行／座席未定／
重複すり替えなし／下3桁提示可能

【お渡し方法】
公演前日にログイン情報をお渡ししますので、ログインできるか...",True,,,absent_unknown,2026-09-27 10:24:12,2026-09-27 09:48:30,,,,,,,,,,,
f0kt5cgo5s,,kamigata-expo-park-fes-2026,2026-11-01,,[大阪府] 万博記念公園,electronic,female,同行,S,5.0,,番手,2026-09-25 01:01:12,scrape_observed,2026-09-26 00:01:10,,,listing,2,20000,"2名義中2番手（2名義ともSUPER EIGHT名義）／すり替えなし／有効期限内／下3桁提示可／エラー歴なし

公演当日は、こちらが指定する時間・場所に集合して...",True,,,absent_unknown,2026-09-27 10:24:12,2026-09-27 09:48:30,,,,,,,,,,,
ex3i803sk5,,kamigata-expo-park-fes-2026,2026-11-01,,[大阪府] 万博記念公園,electronic,female,公演前日までにQRコード共有,guj,5.0,,QR,2026-09-25 01:01:12,scrape_observed,2026-09-25 10:01:13,,,listing,2,25000,"※プライベート出品に切り替えますので購入前にメッセージお願いいたします。


Aぇ名義/QR毎/初期当選/下3桁提示可能

公演前日までに必要なログイン情報等を...",True,,,absent_unverified,,2026-09-27 09:48:30,,,,,,,,,,,
4exmcy726d,,kamigata-expo-park-fes-2026,2026-11-01,,[大阪府] 万博記念公園,electronic,female,公演前日にログイン情報を共有,うに,5.0,,QR,2026-09-25 01:01:12,scrape_observed,2026-09-26 00:01:10,,,listing,1,22000,WEST.名義/QRごと/すり替え無し/初期当選/有効期限内/下三桁提示可,True,,,absent_unknown,2026-09-27 10:24:12,2026-09-27 09:48:30,,,,,,,,,,,
oe681lom63,,kamigata-expo-park-fes-2026,2026-11-01,,[大阪府] 万博記念公園,electronic,female,前日までにログイン情報共有,♡,5.0,,QR,2026-09-25 01:01:12,scrape_observed,2026-09-26 00:01:10,,,listing,2,24000,"QR毎/Aぇ名義/初期当選/下3桁提示可/有効期限内/発送物戻りなし/条件なし/ペイジー払い

QR毎のお譲りです。
代表者同行者どちらも女性Aぇ名義の初期当選...",True,,,absent_unknown,2026-09-27 10:24:12,2026-09-27 09:48:30,,,,,,,,,,,
3h2haessqi,,kamigata-expo-park-fes-2026,2026-11-01,,[大阪府] 万博記念公園,electronic,female,公演前日までにQR共有,C,5.0,,QR,2026-09-25 01:01:12,scrape_observed,2026-09-26 00:01:10,,,listing,1,24000,"情報局該当名義/初期当選/すり替えなし/下3桁提示可能/過去エラー歴なし
QR毎のお譲りになります。公演前日正午までにログイン情報をお伝えいたします。
ランダム...",True,,,absent_unknown,2026-09-27 10:24:12,2026-09-27 09:48:30,,,,,,,,,,,
jodekutaiq,,kamigata-expo-park-fes-2026,2026-11-01,,[大阪府] 万博記念公園,electronic,female,前日にログイン情報共有,にら,5.0,,QR,2026-09-25 01:01:12,scrape_observed,2026-09-26 00:01:10,,,listing,1,22000,"初期当選/QR毎/WEST名義/有効期限内名義/本人確認対応不可/会員番号下3桁提示可/公演日1日前ログイン情報ご連絡いたします
",True,,,absent_unknown,2026-09-27 10:24:12,2026-09-27 09:48:30,,,,,,,,,,,
97tvwwbn55,,tvasahi-dream-festival-2026,2026-11-21,15:00,Kアリーナ横浜,paper,female,当日手渡し,な,5.0,,ランダム,2026-09-25 01:01:12,scrape_observed,2026-09-26 00:01:10,,,listing,2,13000,"すり替えなしランダム/ 9名義中7.8.9番手に変更可能/全名義いち早ぴあプレ枠
・全てアプグレ申し込み予定
・アプグレ当選の場合、当選席選択した際に限りアプグ...",True,,,absent_unknown,2026-09-27 10:52:10,2026-09-27 09:48:30,,,,,,,,,,,
rvsbm56gra,,tvasahi-dream-festival-2026,2026-11-21,15:00,Kアリーナ横浜,paper,none,当日手渡し,ぽぽ,5.0,,番手,2026-09-25 01:01:12,scrape_observed,2026-09-26 00:01:10,,,listing,2,25000,"4名義中2番手
プラベル変更可能な方お値下げいたします
アプグレ当選0.7上乗せ可能な方
本人確認対応不可
公演中止以外いかなる場合も返金不可(公演中止のみ手数...",True,,,absent_unknown,2026-09-27 10:52:10,2026-09-27 09:48:30,,,,,,,,,,,
inbdbuz14x,,tvasahi-dream-festival-2026,2026-11-21,15:00,Kアリーナ横浜,paper,female,当日or事前手渡し,n,5.0,,ランダム,2026-09-25 01:01:12,scrape_observed,2026-09-26 00:01:10,,,listing,2,10000,"いち早枠当選名義のみのランダム配布

全てアプグレ申し込み予定ですが、落選名義のチケットをお渡しする可能性もございます。
2連で購入の方には必ず2連でチケットお...",True,,,absent_unknown,2026-09-27 10:52:10,2026-09-27 09:48:30,,,,,,,,,,,
dug49cpzwf,,tvasahi-dream-festival-2026,2026-11-21,15:00,Kアリーナ横浜,electronic,female,公演3日前に受け渡し方法共有,ら,4.9,,,2026-09-25 01:01:12,scrape_observed,2026-09-26 00:01:10,,,listing,2,14500,"チケットぴあ いち早プレリザーブでの当選

11/18(木)に発券番号をお伝えしますのでご自身で発券をお願いいたします。

必ず発券次第速やかに受け取り連絡をお...",True,,,absent_unknown,2026-09-27 10:52:11,2026-09-27 09:48:30,,,,,,,,,,,
vzcbz5oz8e,,tvasahi-dream-festival-2026,2026-11-21,15:00,Kアリーナ横浜,paper,female,当日手渡し,な,5.0,,番手,2026-09-25 01:01:12,scrape_observed,2026-09-26 00:01:10,,,listing,2,13500,"9名義中9番手/全名義いち早ぴあプレ枠
・全てアプグレ申し込み予定
・アプグレ当選の場合、当選席選択した場合に限りアプグレ定価分(＋0.7/枚)当日支払いお願い...",True,,,absent_unknown,2026-09-27 10:52:11,2026-09-27 09:48:30,,,,,,,,,,,
jthx3zwh02,,tvasahi-dream-festival-2026,2026-11-21,15:00,Kアリーナ横浜,paper,female,当日手渡し,な,5.0,,番手,2026-09-25 01:01:12,scrape_observed,2026-09-26 00:01:10,,,listing,2,14500,"9名義中8番手/全名義いち早ぴあプレ枠
・全てアプグレ申し込み予定
・アプグレ当選の場合、当選席選択した場合に限りアプグレ定価分(＋0.7/枚)当日支払いお願い...",True,,,absent_unknown,2026-09-27 10:52:11,2026-09-27 09:48:30,,,,,,,,,,,
v3iisdnkel,,tvasahi-dream-festival-2026,2026-11-21,15:00,Kアリーナ横浜,paper,female,当日手渡し,な,5.0,,番手,2026-09-25 01:01:12,scrape_observed,2026-09-26 00:01:10,,,listing,2,15000,"9名義中7番手/全名義いち早ぴあプレ枠
・全てアプグレ申し込み予定
・アプグレ当選の場合、当選席選択した場合に限りアプグレ定価分(＋0.7/枚)当日支払いお願い...",True,,,absent_unknown,2026-09-27 10:52:12,2026-09-27 09:48:30,,,,,,,,,,,
1xbxyqsawr,,tvasahi-dream-festival-2026,2026-11-21,15:00,Kアリーナ横浜,electronic,female,公演日3日前よりご自身で発券,A,5.0,,番手,2026-09-25 01:01:12,scrape_observed,2026-09-26 00:01:10,,,listing,2,14000,"いち早ぴあプレ枠/4名義中4番手/すり替えなし

すべてアプグレ申し込み予定です。
当選した場合1.0上乗せして頂きます。

当日会場付近で待ち合わせし、チケッ...",True,,,absent_unknown,2026-09-27 10:52:12,2026-09-27 09:48:30,,,,,,,,,,,
krrod07zqq,,tvasahi-dream-festival-2026,2026-11-21,15:00,Kアリーナ横浜,electronic,female,分配、不可の場合発券番号,かい,5.0,,,2026-09-25 01:01:12,scrape_observed,2026-09-26 00:01:10,,,listing,2,18000,"いち早プレリザーブ当選分、重複なし
11/18 12:00〜チケットぴあ分配、もしくは発券番号をお知らせいたします。

※公演中止以外の返金、キャンセル不可",True,,,absent_unknown,2026-09-27 10:52:12,2026-09-27 09:48:30,,,,,,,,,,,
hqqhjyxijr,,tvasahi-dream-festival-2026,2026-11-21,15:00,Kアリーナ横浜,paper,female,当日手渡し,な,5.0,,ランダム記載あり,2026-09-25 01:01:12,scrape_observed,2026-09-26 00:01:10,,,listing,2,15000,"いち早プレリザーブ ぴあプレ枠での当選
すり替えなし

上乗せでアプグレ対応可
希望の場合は事前にメッセージお願いいたします。

アプグレ落選時、ランダムエラー...",True,,,absent_unknown,2026-09-27 10:52:13,2026-09-27 09:48:30,,,,,,,,,,,
wpp5cjm9om,,tvasahi-dream-festival-2026,2026-11-21,15:00,Kアリーナ横浜,paper,female,当日手渡し,な,5.0,,番手,2026-09-25 01:01:12,scrape_observed,2026-09-26 00:01:10,,,listing,1,19000,"9名義中4番手(2連中の1枚)/全名義いち早ぴあプレ枠
・全てアプグレ申し込み予定
・アプグレ当選の場合、当選席選択した場合に限りアプグレ定価分(＋0.7/枚)...",True,,,absent_unknown,2026-09-27 10:52:13,2026-09-27 09:48:30,,,,,,,,,,,
t5dcdwtx6v,,tvasahi-dream-festival-2026,2026-11-21,15:00,Kアリーナ横浜,electronic,female,当日手渡し,A,5.0,,番手,2026-09-25 01:01:12,scrape_observed,2026-09-26 00:01:10,,,listing,2,14000,"いち早ぴあプレ枠/4名義中4番手/すり替えなし

すべてアプグレ申し込み予定です。
当選した場合1.0上乗せして頂きます。

当日会場付近で待ち合わせし、チケッ...",True,,,absent_unknown,2026-09-27 10:52:13,2026-09-27 09:48:30,,,,,,,,,,,
wqi5l8y79a,,tvasahi-dream-festival-2026,2026-11-21,15:00,Kアリーナ横浜,electronic,female,当日手渡し,な,5.0,,ランダム記載あり,2026-09-25 01:01:12,scrape_observed,2026-09-26 00:01:10,,,listing,2,14700,"いち早プレリザーブ ぴあプレ枠
すり替えなしランダム(上乗せで番手への変更可)

全名義アプグレ申込予定
アプグレ当選時:追加で定価手数料お支払い


公演中止...",True,,,absent_unknown,2026-09-27 10:52:14,2026-09-27 09:48:30,,,,,,,,,,,
s15wyul22x,,tvasahi-dream-festival-2026,2026-11-21,15:00,Kアリーナ横浜,paper,female,当日手渡し,y♡,5.0,,番手,2026-09-25 01:01:12,scrape_observed,2026-09-26 00:01:10,,,listing,4,15000,"いち早プレリザーブ　ぴあプレ枠
2名義中2番手　本人確認対応可

・アプグレ申し込み予定です。
・アプグレ当選時、アプグレ定価分当日頂戴いたします。
・公演当日...",True,,,absent_unknown,2026-09-27 10:52:14,2026-09-27 09:48:30,,,,,,,,,,,
p0x51uvd6v,,tvasahi-dream-festival-2026,2026-11-21,15:00,Kアリーナ横浜,paper,female,手渡し,みょ,5.0,,同行,2026-09-25 01:01:12,scrape_observed,2026-09-26 00:01:10,,,listing,3,34000,"⭐️ぴあプレで当選（アプグレ予定）⭐️

・正門担×
・4連中3枚のお譲り（バラ可能）

・当日当方と合流後に受け取り評価をしていただきます。
・体調不良や公共...",True,,,absent_unknown,2026-09-27 10:52:14,2026-09-27 09:48:30,,,,,,,,,,,
391grgfyz9,,tvasahi-dream-festival-2026,2026-11-22,15:00,Kアリーナ横浜,paper,female,当日手渡し,linlang0323,5.0,,,2026-09-25 01:01:12,scrape_observed,2026-09-26 00:01:10,,,listing,2,14900,"オフィシャル2次 アプグレ申し込み予定
2番手
公演中止以外のいかなる場合も返金不可",True,,,absent_unknown,2026-09-27 10:52:15,2026-09-27 09:48:30,,,,,,,,,,,
e0bmx0ndst,,tvasahi-dream-festival-2026,2026-11-22,15:00,Kアリーナ横浜,paper,female,当日手渡し,み,5.0,,番手,2026-09-25 01:01:12,scrape_observed,2026-09-26 00:01:10,,,listing,4,15000,"オフィシャル2次先行
2名義中2番手

当日は会場周辺に指定時間にお集まりいただきチケットをお渡しいたします。
チケット受け取り次第受け取り通知をお願い致します...",True,,,absent_unknown,2026-09-27 10:52:15,2026-09-27 09:48:30,,,,,,,,,,,
ca1yurv7cl,,tvasahi-dream-festival-2026,2026-11-22,15:00,Kアリーナ横浜,paper,none,発券後公演2日前までに発送予定,8,5.0,,,2026-09-25 01:01:12,scrape_observed,2026-09-26 00:01:10,,,listing,2,15000,"本人確認対応不可。
中止の場合のみ返金",True,,,absent_unknown,2026-09-27 10:52:16,2026-09-27 09:48:30,,,,,,,,,,,
03mysy7cmx,,tvasahi-dream-festival-2026,2026-11-23,15:00,Kアリーナ横浜,paper,female,当日手渡し、郵送、都内手渡しも可能です,mina37,5.0,,同行,2026-09-25 01:01:12,scrape_observed,2026-09-26 00:01:10,,,listing,1,15000,"オフィシャル最速先行　重複なし同行
公演中止の場合手数料を差引いた金額を返金致します。中止以外の返金不可。",True,,,absent_unknown,2026-09-27 10:52:16,2026-09-27 09:48:30,,,,,,,,,,,
xavuv65fbs,,tvasahi-dream-festival-2026,2026-11-23,15:00,Kアリーナ横浜,paper,female,発券後に郵送,R,5.0,,,2026-09-25 01:01:12,scrape_observed,2026-09-26 00:01:10,,,listing,2,15000,オフィシャル先行/発券番号ごと可/重複すり替えなし,True,,,absent_unknown,2026-09-27 10:52:16,2026-09-27 09:48:30,,,,,,,,,,,
ybp8zn55k9,,kamigata-expo-park-fes-2026,2026-10-31,,[大阪府] 万博記念公園,electronic,female,公演日前日にログイン情報共有します。,るる,5.0,,QR,2026-09-25 02:01:16,scrape_observed,2026-09-26 01:01:13,,,listing,2,38000,"QR毎/初期当選/有効期限内/重複すり替えなし/下3桁提示可/発送物戻りなし/過去エラー等なし/WEST.名義

公演前日にログイン情報共有いたしますのでご自身...",True,,,absent_unknown,2026-09-27 10:24:12,2026-09-27 09:48:30,,,,,,,,,,,
hx9k505t7y,,kamigata-expo-park-fes-2026,2026-10-31,,[大阪府] 万博記念公園,electronic,female,同行,ari,5.0,,番手,2026-09-25 02:01:16,scrape_observed,2026-09-26 01:01:13,,,listing,1,32000,"3名義所持(2連×1名義、単番×2名義)/4枚中2番手/初期当選/Aぇ名義/有効期限内/すり替えなし/下3桁提示可

プラベルでのお取引希望の方は移行させていた...",True,,,absent_unknown,2026-09-27 10:24:12,2026-09-27 09:48:30,,,,,,,,,,,
72qjd041k7,,kamigata-expo-park-fes-2026,2026-10-31,,[大阪府] 万博記念公園,electronic,female,初期当選、単番QR毎、重複すり替えなし、有効期限内、下3桁可能,J,5.0,,QR,2026-09-25 02:01:16,scrape_observed,2026-09-26 01:01:13,,,listing,1,48000,前日になりましたらログイン情報ご提示いたします。買い手の方で同意チェックしてご入場ください。本人確認、ランダムエラー対応はできません。公演中止のみ返金いたします...,True,,,absent_unknown,2026-09-27 10:24:12,2026-09-27 09:48:30,,,,,,,,,,,
d64fwupz5l,,kamigata-expo-park-fes-2026,2026-10-31,,[大阪府] 万博記念公園,electronic,female,同行,か,5.0,,番手,2026-09-25 02:01:16,scrape_observed,2026-09-26 01:01:13,,,listing,2,25000,"2名義中2番手/全てジュニア名義/初期当選/下3桁提示可能/エラー、郵送物戻りなし

・8:30までに集合可能な方のみご購入ください。

・同時入場後一旦チケッ...",True,,,absent_unknown,2026-09-27 10:24:12,2026-09-27 09:48:30,,,,,,,,,,,
e5yyybg3gn,,kamigata-expo-park-fes-2026,2026-10-31,,[大阪府] 万博記念公園,electronic,female,同行,🦀,5.0,,同行番手,2026-09-25 02:01:16,scrape_observed,2026-09-26 01:01:13,,,listing,2,33000,"2番手中2番
全てAぇ名義/変更ボタンあり/初期当選/期限内/下3桁提示可能/すり替えなし

公演当日、こちらが指定した時間に会場付近にて待ち合わせのうえ、同時...",True,,,absent_unknown,2026-09-27 10:24:12,2026-09-27 09:48:30,,,,,,,,,,,
njejzt2ak8,,kamigata-expo-park-fes-2026,2026-10-31,,[大阪府] 万博記念公園,electronic,female,同行,★,5.0,,番手,2026-09-25 02:01:16,scrape_observed,2026-09-26 01:01:13,,,listing,2,33000,"初期当選/3名義中3番手/有効期限名義のみ/WEST×WEST・Aぇ×Aぇ/すり替えなし/下3桁提示可

プラベルでのお取引可能な方はお申し付けください。...",True,,,absent_unknown,2026-09-27 10:24:12,2026-09-27 09:48:30,,,,,,,,,,,
0rj1gh9mll,,kamigata-expo-park-fes-2026,2026-10-31,,[大阪府] 万博記念公園,electronic,female,入金後24時間以内にQRコード共有,さ,5.0,,番手,2026-09-25 02:01:16,scrape_observed,2026-09-26 01:01:13,,,listing,1,50000,3名義中2番手です。,True,,,absent_unknown,2026-09-27 10:24:12,2026-09-27 09:48:30,,,,,,,,,,,
gk8pkfpkan,,kamigata-expo-park-fes-2026,2026-10-31,,[大阪府] 万博記念公園,electronic,female,同行,m,5.0,,同行,2026-09-25 02:01:16,scrape_observed,2026-09-26 01:01:13,,,listing,1,38000,"2名義中1番手同行/初期当選/Aぇ名義/有効期限内/すり替えなし/下3桁提示可

プラベ出品でのお取引に移行させていただきますので、メッセージをお願いします。...",True,,,absent_unknown,2026-09-27 10:24:12,2026-09-27 09:48:30,,,,,,,,,,,
ww0q4d7z1u,,kamigata-expo-park-fes-2026,2026-10-31,,[大阪府] 万博記念公園,electronic,female,公演日前日までにQRコード共有,ちゃ,4.6,,QR,2026-09-25 02:01:16,scrape_observed,2026-09-26 01:01:13,,,listing,1,38000,WEST.名義/QR毎/重複すり替えなし/初期当選/前回アリツア落選/該当舞台落選/有効期間内/変更ボタンあり/下３桁提示/公演前日までに連絡ボードにてログイン...,True,,,absent_unknown,2026-09-27 10:24:12,2026-09-27 09:48:30,,,,,,,,,,,
7h4e877pkw,,kamigata-expo-park-fes-2026,2026-10-31,,[大阪府] 万博記念公園,electronic,female,公演日前日にログイン情報を共有します。,みぃ,5.0,,QR,2026-09-25 02:01:16,scrape_observed,2026-09-26 01:01:13,,,listing,1,30000,"QR毎・初期当選・公演日有効期限内・重複すり替えなし・下3桁提示可・発送物戻りなし・過去エラー等なし・SUPER EIGHT名義(武道館、FES落選)

公演前...",True,,,absent_unknown,2026-09-27 10:24:12,2026-09-27 09:48:30,,,,,,,,,,,
p9u5khn04d,,kamigata-expo-park-fes-2026,2026-10-31,,[大阪府] 万博記念公園,electronic,female,2名義中2番手 同行,M,5.0,,番手,2026-09-25 02:01:16,scrape_observed,2026-09-26 01:01:13,,,listing,1,22000,"初期当選/2名義中2番手/有効期限内/Aぇ×Aぇ名義/すり替えなし

・当方の都合により入場時間が8時半以降となるため、それでも問題ない方のみ購入をご検討くださ...",True,,,absent_unknown,2026-09-27 10:24:12,2026-09-27 09:48:30,,,,,,,,,,,
zrf2jtnf71,,kamigata-expo-park-fes-2026,2026-10-31,,[大阪府] 万博記念公園,electronic,female,公演前日にQRコード共有,こ,5.0,,QR,2026-09-25 02:01:16,scrape_observed,2026-09-26 01:01:13,,,listing,1,32000,"なにわ名義/有効期限内 /下3桁開示可/前回アリツア落選/エラーなし
公演前日に連絡ボードにてログイン情報お伝えします。入場後は速やかにログアウト及び受け取り評...",True,,,absent_unknown,2026-09-27 10:24:12,2026-09-27 09:48:30,,,,,,,,,,,
rezzbwo65r,,kamigata-expo-park-fes-2026,2026-10-31,,[大阪府] 万博記念公園,electronic,female,同時入場,M,5.0,,番手,2026-09-25 02:01:16,scrape_observed,2026-09-25 03:01:12,,,listing,2,21000,"初期当選/4名義中3番手の2連/有効期限名義のみ/なにわ名義/すり替えなし/下3桁提示可能/発送物戻りなし
※~8:30前集合可能な方のみご購入下さい※
・入場後はチケットを一旦回収し、当方が選択しなかったチケットをお渡しします。チケットを選ぶのにお時間がかかる場合がございますのでご理解ください。
・電波環境が悪い場合がございますので事前に電話番号を伺うことがございますので、ご了承ください。
・購入者様の遅刻、体調不良、本人確認やランダムエラー等、公演中止以外での返金は一切いたしかねます。そのような場合でも必ず受取連絡はして頂きますのでご了承ください。
・当日お席に関するクレームは受け付けません。
・受取連絡と引き換えでチケットをお渡しいたします。
・日本語の通じる女性のみご購入ください。ご購入いただいた時点で記載事項に同意いただいたものとみなします。",True,,,absent_unverified,,2026-09-27 09:48:30,,,,,,,,,,,
o7p2ytkj6y,,kamigata-expo-park-fes-2026,2026-10-31,,[大阪府] 万博記念公園,electronic,female,QR,☆,5.0,,同行記載あり,2026-09-25 02:01:16,scrape_observed,2026-09-26 01:01:13,,,listing,2,30000,QRごと。FC×FC当選。すり替えなし。下3桁提示可能。有効期限内。初期当選。着ブロ希望なし。郵送物戻りなし。コンビニ決済。過去エラーなし。同行者チェックのみこ...,True,,,absent_unknown,2026-09-27 10:24:12,2026-09-27 09:48:30,,,,,,,,,,,
oc252cu853,,kamigata-expo-park-fes-2026,2026-10-31,,[大阪府] 万博記念公園,electronic,female,公演前日18時以降にログイン情報お渡し,39,5.0,,QR,2026-09-25 02:01:16,scrape_observed,2026-09-26 01:01:13,,,listing,2,30000,"ジュニア情報局 / QR毎 / 下3桁提示可 / 有効期限内

・事前同行者登録の為、前日18時以降に同行者分のみ同意チェックをしログイン情報をお伝えします。...",True,,,absent_unknown,2026-09-27 10:24:12,2026-09-27 09:48:30,,,,,,,,,,,
dqk8t4p1du,,kamigata-expo-park-fes-2026,2026-10-31,,[大阪府] 万博記念公園,electronic,female,同行,あ,5.0,,ランダム記載あり,2026-09-25 02:01:16,scrape_observed,2026-09-26 01:01:13,,,listing,2,30000,"

FC先行/有効期限内/全てAぇ名義/3名義中2番手/すり替えなし/下3桁提示可

・入場後はチケットを一旦回収し、当方が座席を選択した後に順次チケットをお渡...",True,,,absent_unknown,2026-09-27 10:24:12,2026-09-27 09:48:30,,,,,,,,,,,
ccsd0ton6d,,kamigata-expo-park-fes-2026,2026-10-31,,[大阪府] 万博記念公園,electronic,female,2名義中2番手,とり,5.0,,番手,2026-09-25 02:01:16,scrape_observed,2026-09-26 01:01:13,,,listing,2,20000,"デビュー組FC先行/有効期限内のみ/2名義中2番手/すり替えなし

当日の集合時間・場所等に関しては公演が近くなり次第、または詳細が発表され次第、連絡ボードにて...",True,,,absent_unknown,2026-09-27 10:24:12,2026-09-27 09:48:30,,,,,,,,,,,
tqo83zgipp,,kamigata-expo-park-fes-2026,2026-10-31,,[大阪府] 万博記念公園,electronic,female,公演日1日前までにQRコード共有,R,5.0,,QR,2026-09-25 02:01:16,scrape_observed,2026-09-26 01:01:13,,,listing,1,35000,"なにわ男子名義 / QR毎 / 重複すり替えなし / 初期当選 / 有効期間内 / 下3桁提示
公演前日までに連絡ボードにてログイン情報をお伝えします。入場後は...",True,,,absent_unknown,2026-09-27 10:24:12,2026-09-27 09:48:30,,,,,,,,,,,
1vgz7r4occ,,kamigata-expo-park-fes-2026,2026-10-31,,[大阪府] 万博記念公園,electronic,female,公演日全日にQRコード共有,re,5.0,,QR,2026-09-25 02:01:16,scrape_observed,2026-09-26 01:01:13,,,listing,1,30000,"ジュニア名義/QRごと/該当名義/重複すり替え無し/下3桁提示可/有効期限内/

公演前日にログインに必要な情報を連絡ボードにてお伝えします。

※ランダムエラ...",True,,,absent_unknown,2026-09-27 10:24:12,2026-09-27 09:48:30,,,,,,,,,,,
nfxllp18ld,,kamigata-expo-park-fes-2026,2026-10-31,,[大阪府] 万博記念公園,electronic,female,公演日前日にログイン情報共有,R,5.0,,QR,2026-09-25 02:01:16,scrape_observed,2026-09-26 01:01:13,,,listing,1,50000,"初期当選、有効期限内、下3桁提示可、重複すり替えなし

公演日前日にログイン情報を連絡ボードにてお伝え致します。公演日当日入場後は速やかにログアウトして頂き、必...",True,,,absent_unknown,2026-09-27 10:24:12,2026-09-27 09:48:30,,,,,,,,,,,
jexv0m69et,,kamigata-expo-park-fes-2026,2026-10-31,,[大阪府] 万博記念公園,electronic,female,公演日前日までにログイン情報共有,C,5.0,,QR,2026-09-25 02:01:16,scrape_observed,2026-09-26 01:01:13,,,listing,2,35000,FC初期当選 / なにわ名義 / 重複すり替えなし / QR毎2連 / 郵送物エラー等なし / 下3桁提示可,True,,,absent_unknown,2026-09-27 10:24:12,2026-09-27 09:48:30,,,,,,,,,,,
4lfu2td725,,kamigata-expo-park-fes-2026,2026-10-31,,[大阪府] 万博記念公園,electronic,male,同行,K,5.0,,同行,2026-09-25 02:01:16,scrape_observed,2026-09-26 01:01:13,,,listing,1,55000,"2連中1枚同行/なにわ名義/有効期限内/下3桁提示可

・公演当日、会場付近にて集合し、同時入場していただきます。
・座席に関するクレームはお受けできません。...",True,,,absent_unknown,2026-09-27 10:24:12,2026-09-27 09:48:30,,,,,,,,,,,
57mznwe8ac,,kamigata-expo-park-fes-2026,2026-10-31,,[大阪府] 万博記念公園,electronic,female,同行,り,5.0,,ランダム記載あり,2026-09-25 02:01:16,scrape_observed,2026-09-26 01:01:13,,,listing,2,70000,"7名義中2番手
初期当選/なにわ名義×情報局該当名義/有効期限内/すり替えなし/下三桁提示可能

ランダムエラー、出演者変更、体調不良、交通機関の乱れなどの如何...",True,,,absent_unknown,2026-09-27 10:24:12,2026-09-27 09:48:30,,,,,,,,,,,
ejwdikz4dz,,kamigata-expo-park-fes-2026,2026-10-31,,[大阪府] 万博記念公園,electronic,female,同行,M,5.0,,番手,2026-09-25 02:01:16,scrape_observed,2026-09-26 01:01:13,,,listing,2,39500,"2名義中2番手/初期当選/Aぇ名義/期限内/下3桁提示可

スーツケース等、大きな手荷物は事前に預けた状態でお越しください。

詳しい集合時間/場所につきまして...",True,,,absent_unknown,2026-09-27 10:24:12,2026-09-27 09:48:30,,,,,,,,,,,
ikyaihlqa0,,kamigata-expo-park-fes-2026,2026-10-31,,[大阪府] 万博記念公園,electronic,female,当日渡し,Me_7teor,5.0,,QR番手,2026-09-25 02:01:16,scrape_observed,2026-09-26 01:01:13,,,listing,2,0,"5名義中3番手
初期当選/有効期限内/すり替えなし/下三桁提示可能

ランダムエラー、出演者変更、体調不良、交通機関の乱れなどの如何なる理由により入場できなかっ...",True,,,absent_unknown,2026-09-27 10:24:12,2026-09-27 09:48:30,,,,,,,,,,,
wr8kcvrgzz,,kamigata-expo-park-fes-2026,2026-10-31,,[大阪府] 万博記念公園,electronic,female,3名義中2番手,m,5.0,,番手,2026-09-25 02:01:16,scrape_observed,2026-09-26 01:01:13,,,listing,2,32000,"3名義中2番手/初期当選のみ/Jr該当×Aぇのみ/すり替えなし/下3桁提示可/有効期限内名義/発送物戻りなし

当日は、会場付近で集合し同時入場いたします。
未...",True,,,absent_unknown,2026-09-27 10:24:12,2026-09-27 09:48:30,,,,,,,,,,,
zfkg5zzeq0,,kamigata-expo-park-fes-2026,2026-10-31,,[大阪府] 万博記念公園,electronic,female,公演日前日にQRコード共有,にゃん,5.0,,QR,2026-09-25 02:01:16,scrape_observed,2026-09-26 01:01:13,,,listing,2,32000,"QRごと なにわ名義 有効期限内 下3桁開示可 女性名義
前日までにログイン情報をお伝えさせていただきますので、ログインし確認お願いいたします。
同行者登録はこ...",True,,,absent_unknown,2026-09-27 10:24:12,2026-09-27 09:48:30,,,,,,,,,,,
by99ynf5h3,,kamigata-expo-park-fes-2026,2026-10-31,,[大阪府] 万博記念公園,electronic,female,公演当日,ぱ,4.8,,番手,2026-09-25 02:01:16,scrape_observed,2026-09-26 00:01:10,,,listing,2,18000,"2連×3名義所持、すり替えなし、全てsupereight名義
3名義中3名義目の2連をお渡しします。
開場時間(8時30分)のため8時頃には会場付近ご到着くださ...",True,,,absent_unknown,2026-09-27 10:24:12,2026-09-27 09:48:30,,,,,,,,,,,
383k16ryj4,,kamigata-expo-park-fes-2026,2026-10-31,,[大阪府] 万博記念公園,electronic,female,公演前日QR共有,チケちゃん,4.8,,QR,2026-09-25 02:01:16,scrape_observed,2026-09-26 01:01:13,,,listing,1,48000,"単番QR毎/なにわ名義 / 初期当選 / 有効期限内名義 / すり替え重複なし / 下3桁提示可能/過去当選歴なし/エラーなし/発送物戻りなし

※必ずご確認く...",True,,,absent_unknown,2026-09-27 10:24:12,2026-09-27 09:48:30,,,,,,,,,,,
o1to6nbd8f,,kamigata-expo-park-fes-2026,2026-10-31,,[大阪府] 万博記念公園,electronic,female,公演日前日までにQRコード共有,さ,5.0,,QR,2026-09-25 02:01:16,scrape_observed,2026-09-26 01:01:13,,,listing,1,40000,,True,,,absent_unknown,2026-09-27 10:24:12,2026-09-27 09:48:30,,,,,,,,,,,
vctkid13o8,,kamigata-expo-park-fes-2026,2026-10-31,,[大阪府] 万博記念公園,electronic,female,同行,mgt,5.0,,番手,2026-09-25 02:01:16,scrape_observed,2026-09-26 01:01:13,,,listing,2,60000,"6名義中2番手

初期当選、有効期限内、下3桁提示可、重複すり替えなし


ランダムエラー、出演者変更、体調不良、交通機関の乱れなどの如何なる理由により入場でき...",True,,,absent_unknown,2026-09-27 10:24:12,2026-09-27 09:48:30,,,,,,,,,,,
27m9p3fidl,,kamigata-expo-park-fes-2026,2026-10-31,,[大阪府] 万博記念公園,electronic,female,同行,ゆちゃん,5.0,,同行,2026-09-25 02:01:16,scrape_observed,2026-09-26 01:01:13,,,listing,1,85000,"初期当選/重複すり替え無し/下3桁提示可/有効期限内//なにわ名義/FC同士
【当選歴】
1stLove アリーナ
POPMALL スタンド
Alpha 花道横...",True,,,absent_unknown,2026-09-27 10:24:12,2026-09-27 09:48:30,,,,,,,,,,,
4c3co9sh3e,,kamigata-expo-park-fes-2026,2026-10-31,,[大阪府] 万博記念公園,paper,female,当日手渡し,★,5.0,,同行,2026-09-25 02:01:16,scrape_observed,2026-09-26 01:01:13,,,listing,2,50000,"初期当選/3名義中2番手/有効期限名義のみ/WEST×WEST・Aぇ×Aぇ/すり替えなし/下3桁提示可

プラベルでのお取引可能な方はお申し付けください。...",True,,,absent_unknown,2026-09-27 10:24:12,2026-09-27 09:48:30,,,,,,,,,,,
jhjqaazije,,kamigata-expo-park-fes-2026,2026-10-31,,[大阪府] 万博記念公園,electronic,female,当日渡し,Me_7teor,5.0,,ランダム,2026-09-25 02:01:16,scrape_observed,2026-09-26 01:01:13,,,listing,2,24000,"ランダム配布
初期当選のみ/有効期限内/複数名義所持

ランダムエラー、出演者変更、体調不良、交通機関の乱れなどの如何なる理由により入場できなかった場合でも受け...",True,,,absent_unknown,2026-09-27 10:24:12,2026-09-27 09:48:30,,,,,,,,,,,
rxvh8ihugn,,kamigata-expo-park-fes-2026,2026-10-31,,[大阪府] 万博記念公園,electronic,female,同行,ari,5.0,,番手,2026-09-25 02:01:16,scrape_observed,2026-09-26 01:01:13,,,listing,1,20000,"3名義所持(2連×1名義、単番×2名義)/4枚中4番手/初期当選/Aぇ名義/有効期限内/すり替えなし/下3桁提示可

プラベルでのお取引希望の方は移行させていた...",True,,,absent_unknown,2026-09-27 10:24:12,2026-09-27 09:48:30,,,,,,,,,,,
db8xb7ay9o,,kamigata-expo-park-fes-2026,2026-10-31,,[大阪府] 万博記念公園,electronic,female,公演前日ログイン情報送付,14,5.0,,QR,2026-09-25 02:01:16,scrape_observed,2026-09-26 01:01:13,,,listing,2,35000,"west.名義/初期当選/有効期限内会員/QRでのお譲り/すり替えなし/下3桁提示可能

公演前日にログイン情報を送付します。
入場後は速やかにログアウトくださ...",True,,,absent_unknown,2026-09-27 10:24:12,2026-09-27 09:48:30,,,,,,,,,,,
3w8v5o5hka,,kamigata-expo-park-fes-2026,2026-10-31,,[大阪府] 万博記念公園,electronic,female,同行,@,5.0,,同行番手,2026-09-25 02:01:16,scrape_observed,2026-09-26 01:01:13,,,listing,2,25000,"2名義中2番手　全てAぇ名義　会員番号下3桁ご提示可能
同時入場後、当方が選ばなかった方のチケットをお渡しします。
集合時間、場所につきましては前日までにはお伝...",True,,,absent_unknown,2026-09-27 10:24:12,2026-09-27 09:48:30,,,,,,,,,,,
ax9dz40uy0,,kamigata-expo-park-fes-2026,2026-10-31,,[大阪府] 万博記念公園,electronic,female,公演日1日前までにQRコード共有,ｙ,5.0,,QR,2026-09-25 02:01:16,scrape_observed,2026-09-26 01:01:13,,,listing,1,44000,"なにわ名義/初期当選/重複すり替えなし/有効期限内/下３桁開示可/発送物戻り無/過去エラー歴無

公演前日に必要な情報等を連絡ボードにてお知らせ致します。代表者...",True,,,absent_unknown,2026-09-27 10:24:12,2026-09-27 09:48:30,,,,,,,,,,,
phsy2hysx2,,kamigata-expo-park-fes-2026,2026-10-31,,[大阪府] 万博記念公園,electronic,female,同行,おの,5.0,,番手,2026-09-25 02:01:16,scrape_observed,2026-09-26 01:01:13,,,listing,1,48000,"6名義中3番手/下3桁提示可能/単番当選のみ/全てSUPEREIGHT FC枠

・入場方法やブロックの詳細がまだ不明瞭な為、詳しい待ち合わせの時間等は公演三日...",True,,,absent_unknown,2026-09-27 10:24:12,2026-09-27 09:48:30,,,,,,,,,,,
q09wig0zc4,,kamigata-expo-park-fes-2026,2026-10-31,,[大阪府] 万博記念公園,electronic,female,同行,すたー,5.0,,ランダム記載あり,2026-09-25 02:01:16,scrape_observed,2026-09-26 01:01:13,,,listing,2,25000,"FC先行/有効期限名義のみ/条件あり/2名義中2番手/すり替えなし/下3桁提示可

詳しい集合場所、時間等につきましては連絡ボードにて連絡させていただきます。...",True,,,absent_unknown,2026-09-27 10:24:12,2026-09-27 09:48:30,,,,,,,,,,,
z5jsvn08sa,,kamigata-expo-park-fes-2026,2026-10-31,,[大阪府] 万博記念公園,electronic,female,同行,み,5.0,,同行,2026-09-25 02:01:16,scrape_observed,2026-09-26 01:01:13,,,listing,1,50000,"なにわ名義/有効期限内/重複すり替えなし/下3桁提示可

2連中1枚同行でのお譲りとなります。
大橋担不可

当日会場付近で待ち合わせし、同時入場していただきま...",True,,,absent_unknown,2026-09-27 10:24:12,2026-09-27 09:48:30,,,,,,,,,,,
si9o7sv2lx,,kamigata-expo-park-fes-2026,2026-10-31,,[大阪府] 万博記念公園,electronic,female,2名義中2番手,S,5.0,,番手同行,2026-09-25 02:01:16,scrape_observed,2026-09-26 01:01:13,,,listing,2,30000,"全てAぇ名義/初期当選/2名義中2番手/全て今ツ落選名義

プラベル切り替え対応可能

当日の集合時間や場所等に関しては連絡ボードにてご連絡いたします。

待ち...",True,,,absent_unknown,2026-09-27 10:24:12,2026-09-27 09:48:30,,,,,,,,,,,
xupa727q8r,,kamigata-expo-park-fes-2026,2026-10-31,,[大阪府] 万博記念公園,electronic,female,同行,m,5.0,,番手,2026-09-25 02:01:16,scrape_observed,2026-09-26 01:01:13,,,listing,2,25000,"2名義中2番手/エイト×Aぇ、Jr×Jr名義/初期当選/有効期限名義のみ/すり替えなし

当日、開場時間前に会場付近で待ち合わせし、同時入場していただきます。...",True,,,absent_unknown,2026-09-27 10:24:12,2026-09-27 09:48:30,,,,,,,,,,,
5qtclvitmc,,kamigata-expo-park-fes-2026,2026-10-31,,[大阪府] 万博記念公園,electronic,female,同行,Jn,5.0,,同行記載あり,2026-09-25 02:01:16,scrape_observed,2026-09-26 01:01:13,,,listing,1,34000,エイト名義(同行WEST.)/自名義/初期当選/下3桁共有可能/1名義中1名義目/すり替えなし/有効期限内/同行,True,,,absent_unknown,2026-09-27 10:24:12,2026-09-27 09:48:30,,,,,,,,,,,
ss01dcku8z,,kamigata-expo-park-fes-2026,2026-10-31,,[大阪府] 万博記念公園,electronic,female,同行,り,5.0,,ランダム記載あり,2026-09-25 02:01:16,scrape_observed,2026-09-26 01:01:13,,,listing,2,35000,"7名義中4番手
初期当選/なにわ名義×情報局該当名義/有効期限内/すり替えなし/下三桁提示可能

ランダムエラー、出演者変更、体調不良、交通機関の乱れなどの如何...",True,,,absent_unknown,2026-09-27 10:24:12,2026-09-27 09:48:30,,,,,,,,,,,
7f4c1tl6y9,,kamigata-expo-park-fes-2026,2026-10-31,,[大阪府] 万博記念公園,electronic,female,同時入場,Airi,5.0,,番手,2026-09-25 02:01:16,scrape_observed,2026-09-26 01:01:13,,,listing,2,50000,"初期当選/2名義中2番手/有効期限名義/すり替えなし

・入場後はチケットを一旦回収し、当方が座席選択後に順次チケットをお渡し致します。
※チケットを選ぶのにお...",True,,,absent_unknown,2026-09-27 10:24:12,2026-09-27 09:48:30,,,,,,,,,,,
44gqicxt1r,,kamigata-expo-park-fes-2026,2026-10-31,,[大阪府] 万博記念公園,electronic,female,同行,たまご,5.0,,同行,2026-09-25 02:01:16,scrape_observed,2026-09-26 01:01:13,,,listing,1,30000,"なにわ名義/有効期限内/重複すり替えなし/下3桁提示可

※ プライベートチケットに切り替えますのでコメントお送りください。
2連中1枚同行でのお譲りとなります...",True,,,absent_unknown,2026-09-27 10:24:12,2026-09-27 09:48:30,,,,,,,,,,,
f5xwejvqdy,,kamigata-expo-park-fes-2026,2026-10-31,,[大阪府] 万博記念公園,electronic,female,同行,け,5.0,,番手,2026-09-25 02:01:16,scrape_observed,2026-09-26 01:01:13,,,listing,1,30000,"初期当選/2名義中2番手/有効期限名義のみ/Aぇ名義/すり替えなし/下3桁提示可能/発送物戻りなし
購入の際はコメントください。プライベート出品に変更いたします...",True,,,absent_unknown,2026-09-27 10:24:12,2026-09-27 09:48:30,,,,,,,,,,,
dksonjv7qj,,kamigata-expo-park-fes-2026,2026-10-31,,[大阪府] 万博記念公園,electronic,female,同行,さ,5.0,,番手,2026-09-25 02:01:16,scrape_observed,2026-09-26 01:01:13,,,listing,1,35000,"3名義中2番手/有効期限内/すり替えなし/下3桁提示可/全てなにわ名義


・公演中止以外のいかなる場合でも返金はいたしません。
ランダムエラー・本人確認・交通...",True,,,absent_unknown,2026-09-27 10:24:12,2026-09-27 09:48:30,,,,,,,,,,,
w5jc7k7x9p,,kamigata-expo-park-fes-2026,2026-10-31,,[大阪府] 万博記念公園,electronic,female,同時入場,り,5.0,,番手,2026-09-25 02:01:16,scrape_observed,2026-09-26 01:01:13,,,listing,2,36000,"2名義中2番手/初期当選/Aぇ名義/期限内/下3桁提示可



詳しい集合時間/場所につきましては、前日までに連絡ボードにてお伝え致します。
こちらが指定した集...",True,,,absent_unknown,2026-09-27 10:24:12,2026-09-27 09:48:30,,,,,,,,,,,
8r5zuc88i0,,kamigata-expo-park-fes-2026,2026-10-31,,[大阪府] 万博記念公園,electronic,female,公演日前日にQRコード共有,a,5.0,,QR,2026-09-25 02:01:16,scrape_observed,2026-09-26 01:01:13,,,listing,1,37000,"FC先行 / Aぇ名義 / 単番QR毎 / 重複すり替えなし / 初期当選 / 有効期限内 / 下3桁提示 / 過去エラー等なし

公演前日になりましたらログイ...",True,,,absent_unknown,2026-09-27 10:24:12,2026-09-27 09:48:30,,,,,,,,,,,
lxfqsgoybk,,kamigata-expo-park-fes-2026,2026-10-31,,[大阪府] 万博記念公園,electronic,female,公演日前日にログイン情報共有,N,5.0,,QR,2026-09-25 02:01:16,scrape_observed,2026-09-26 01:01:13,,,listing,2,28000,"初期当選/QR毎/重複すり替えなし/なにわ男子名義/会員番号下3桁提示可能/有効期限内名義

閲覧頂きありがとうございます。
早く手持ち売り切りたいためできる限...",True,,,absent_unknown,2026-09-27 10:24:12,2026-09-27 09:48:30,,,,,,,,,,,
yu2b4ivgty,,kamigata-expo-park-fes-2026,2026-10-31,,[大阪府] 万博記念公園,electronic,female,同行,あ,5.0,,ランダム記載あり,2026-09-25 02:01:16,scrape_observed,2026-09-26 01:01:13,,,listing,2,25000,"FC先行/有効期限内/全てAぇ名義/3名義中3番手/すり替えなし/下3桁提示可

・入場後はチケットを一旦回収し、当方が座席選択後に順次チケットをお渡し致します...",True,,,absent_unknown,2026-09-27 10:24:12,2026-09-27 09:48:30,,,,,,,,,,,
3ylpm51mnv,,kamigata-expo-park-fes-2026,2026-10-31,,[大阪府] 万博記念公園,electronic,female,前日にQRログイン情報を共有,りぼん,5.0,,QR,2026-09-25 02:01:16,scrape_observed,2026-09-26 01:01:13,,,listing,1,65000,"QR毎/なにわ男子名義/FC初期当選/有効期限内/下三桁提示可/重複差し

QR毎でのお譲りとなります。

前日にQR表示に必要な情報をお伝えいたします。
ログ...",True,,,absent_unknown,2026-09-27 10:24:12,2026-09-27 09:48:30,,,,,,,,,,,
44vr0y3od0,,kamigata-expo-park-fes-2026,2026-10-31,,[大阪府] 万博記念公園,electronic,female,公演日3日前までにログイン情報共有,H。,5.0,,QR,2026-09-25 02:01:16,scrape_observed,2026-09-26 00:01:10,,,listing,1,25000,"WEST.名義/QRごと/すり替えなし/下3桁提示可/初期当選/有効期限内

・公演日の3日前にログイン情報をお伝えします。ご購入いただきました時点で下3桁をお...",True,,,absent_unknown,2026-09-27 10:24:12,2026-09-27 09:48:30,,,,,,,,,,,
hu9n206s5a,,kamigata-expo-park-fes-2026,2026-10-31,,[大阪府] 万博記念公園,electronic,female,同時入場,K⭐️,5.0,,番手,2026-09-25 02:01:16,scrape_observed,2026-09-26 01:01:13,,,listing,1,20000,"3名義所持/４枚中3番手
なにわ名義(単番✖️2、２連✖️1)
(女性名義✖️2、男性名義✖️1)

・ドームスタンド上段✖️2
・アルファスタンド✖️1

初...",True,,,absent_unknown,2026-09-27 10:24:12,2026-09-27 09:48:30,,,,,,,,,,,
66psln7jie,,kamigata-expo-park-fes-2026,2026-10-31,,[大阪府] 万博記念公園,electronic,female,同行,Me_7teor,5.0,,番手,2026-09-25 02:01:16,scrape_observed,2026-09-26 01:01:13,,,listing,2,0,"5名義中2番手
初期当選/有効期限内/すり替えなし/下三桁提示可能

ランダムエラー、出演者変更、体調不良、交通機関の乱れなどの如何なる理由により入場できなかっ...",True,,,absent_unknown,2026-09-27 10:24:12,2026-09-27 09:48:30,,,,,,,,,,,
ziqc8at0wi,,kamigata-expo-park-fes-2026,2026-10-31,,[大阪府] 万博記念公園,electronic,female,公演日前日までにQRコード共有,m,5.0,,QR,2026-09-25 02:01:16,scrape_observed,2026-09-26 01:01:13,,,listing,1,35000,"QRごと/Aぇ名義（2026ツアー落選名義）/有効期限内/下3桁開示可
公演前日にマイページにてログイン情報をお伝え致します。入場後は速やかにログアウト及び受け...",True,,,absent_unknown,2026-09-27 10:24:12,2026-09-27 09:48:30,,,,,,,,,,,
wsbdb3xqcj,,kamigata-expo-park-fes-2026,2026-10-31,,[大阪府] 万博記念公園,electronic,female,2名義中2番手,a,5.0,,番手,2026-09-25 02:01:16,scrape_observed,2026-09-26 01:01:13,,,listing,2,20000,"【2名義中2番手】/初期当選/該当名義/有効期限内/変更ボタンあり/重複すり替えなし/下3桁提示可

※~8:30前集合可能な方のみご購入下さい※

当日の集合...",True,,,absent_unknown,2026-09-27 10:24:12,2026-09-27 09:48:30,,,,,,,,,,,
ej76l8sqef,,kamigata-expo-park-fes-2026,2026-10-31,,[大阪府] 万博記念公園,electronic,female,同行,そ。,5.0,,同行,2026-09-25 02:01:16,scrape_observed,2026-09-26 01:01:13,,,listing,1,34000,"当方の同行者枠/初期当選/すり替えなし/下3桁提示可/有効期限内/Aぇ×Aぇ名義

・入場後は速やかに受け取り通知をお願いいたします。
・座席に関するクレームは...",True,,,absent_unknown,2026-09-27 10:24:12,2026-09-27 09:48:30,,,,,,,,,,,
okw3xc49cf,,kamigata-expo-park-fes-2026,2026-10-31,,[大阪府] 万博記念公園,electronic,female,同行,り,5.0,,ランダム記載あり,2026-09-25 02:01:16,scrape_observed,2026-09-26 01:01:13,,,listing,2,50000,"7名義中3番手
初期当選/なにわ名義×情報局該当名義/有効期限内/すり替えなし/下三桁提示可能

ランダムエラー、出演者変更、体調不良、交通機関の乱れなどの如何...",True,,,absent_unknown,2026-09-27 10:24:12,2026-09-27 09:48:30,,,,,,,,,,,
k3ixu7b2ke,,kamigata-expo-park-fes-2026,2026-10-31,,[大阪府] 万博記念公園,electronic,female,前日ログイン情報お伝え,m,5.0,,QR,2026-09-25 02:01:16,scrape_observed,2026-09-26 01:01:13,,,listing,1,50000,重複すり替えなし、aぇ group名義、QR毎のお譲り、昨年スタンド名義(最終当選歴のため今年は落選)、下3桁お伝え可能、エラーなし、有効期限内名義、初期当選、...,True,,,absent_unknown,2026-09-27 10:24:12,2026-09-27 09:48:30,,,,,,,,,,,
g812vezmqz,,kamigata-expo-park-fes-2026,2026-10-31,,[大阪府] 万博記念公園,electronic,female,同行,さ,5.0,,番手,2026-09-25 02:01:16,scrape_observed,2026-09-26 01:01:13,,,listing,2,28000,"ファンクラブ先行 Aぇ名義 座席未定
 2名義中2番手 下3桁提示可 初期当選
有効期限内 着ブロ指定なし
公演当日、会場付近にて集合し同時入場して頂きます。...",True,,,absent_unknown,2026-09-27 10:24:12,2026-09-27 09:48:30,,,,,,,,,,,
omgvmzey5m,,kamigata-expo-park-fes-2026,2026-10-31,,[大阪府] 万博記念公園,electronic,female,同行,r,4.5,,番手,2026-09-25 02:01:16,scrape_observed,2026-09-26 01:01:13,,,listing,2,45000,"2名義中2番手/初期当選/下3桁提示可
プラベルへの移行可能です。
公演当日会場付近で開場時間30分前を目安に待ち合わせし、同時入場していただきます。
詳しい待...",True,,,absent_unknown,2026-09-27 10:24:12,2026-09-27 09:48:30,,,,,,,,,,,
mq2rs2b18e,,kamigata-expo-park-fes-2026,2026-10-31,,[大阪府] 万博記念公園,electronic,female,3名義中3番手,m,5.0,,番手,2026-09-25 02:01:16,scrape_observed,2026-09-26 01:01:13,,,listing,2,28000,"3名義中3番手/初期当選のみ/Jr該当×Aぇのみ/すり替えなし/下3桁提示可/有効期限内名義/発送物戻りなし

当日は、会場付近で集合し同時入場いたします。
未...",True,,,absent_unknown,2026-09-27 10:24:12,2026-09-27 09:48:30,,,,,,,,,,,
zc0ua8fma4,,kamigata-expo-park-fes-2026,2026-10-31,,[大阪府] 万博記念公園,electronic,female,同行,R,5.0,,番手,2026-09-25 02:01:16,scrape_observed,2026-09-26 01:01:13,,,listing,1,24000,初期当選/2名義中2番手/有効期限名義のみ/なにわ、EIGHT名義/すり替えなし/下3桁提示可能/発送物戻りあり名義(入場歴ありエラーなし)含むためお安くしてお...,True,,,absent_unknown,2026-09-27 10:24:12,2026-09-27 09:48:30,,,,,,,,,,,
wjxg3eejls,,kamigata-expo-park-fes-2026,2026-10-31,,[大阪府] 万博記念公園,electronic,female,同時入場、2名義中2番手,あ,5.0,,番手同行,2026-09-25 02:01:16,scrape_observed,2026-09-26 01:01:13,,,listing,2,23000,"2名義中2番手

プラベル出品可

初期当選/有効期限名義のみ/なにわ×なにわ 2名義/下3桁提示可/返送物戻り無し

開場時間前の集合を考えております。
・入...",True,,,absent_unknown,2026-09-27 10:24:12,2026-09-27 09:48:30,,,,,,,,,,,
yyurt707ss,,kamigata-expo-park-fes-2026,2026-11-01,,[大阪府] 万博記念公園,electronic,female,2名義中2番手,麻辣,5.0,,番手,2026-09-25 02:01:16,scrape_observed,2026-09-26 01:01:13,,,listing,2,29000,"2名義中2番手
名義・同行者共にAぇFC会員
当日当方の指定した場所時間に集合し、同時入場当方が選ばなかった方のチケットをお渡しいたします。集合時間や場所は前日...",True,,,absent_unknown,2026-09-27 10:24:12,2026-09-27 09:48:30,,,,,,,,,,,
yakmn4cvhn,,kamigata-expo-park-fes-2026,2026-11-01,,[大阪府] 万博記念公園,electronic,female,公演前日ログイン情報共有,星,5.0,,QR,2026-09-25 02:01:16,scrape_observed,2026-09-26 01:01:13,,,listing,1,45000,"SUPER EIGHT名義／初期当選／QRごと／会員番号下3桁提示可／有効期限内／発送物戻りなし

※プラベルor特別出品にて再度出品いたしますので、お取引希望...",True,,,absent_unknown,2026-09-27 10:24:12,2026-09-27 09:48:30,,,,,,,,,,,
o1qsdkb3tp,,kamigata-expo-park-fes-2026,2026-11-01,,[大阪府] 万博記念公園,electronic,female,公演日2日前にログイン情報共有,ᡣ𐭩,5.0,,QR,2026-09-25 02:01:16,scrape_observed,2026-09-26 01:01:13,,,listing,1,67000,"なにわ名義/初期当選/有効期限内/発送物戻り無/同一クレカ無し

公演前日に必要な情報等を連絡ボードにてお知らせ致します。同意チェックは購入者様ご自身でお願い致...",True,,,absent_unknown,2026-09-27 10:24:12,2026-09-27 09:48:30,,,,,,,,,,,
mhfiywzv8a,,kamigata-expo-park-fes-2026,2026-11-01,,[大阪府] 万博記念公園,electronic,female,公演日前日までにログイン情報共有,ぴ,5.0,,QR,2026-09-25 02:01:16,scrape_observed,2026-09-26 01:01:13,,,listing,1,40000,"なにわ名義/条件なし/QRごと/すり替えなし会員番号下3桁開示可/初期当選/有効期限内/郵送物戻りなし

公演日の前日にログイン情報をお伝えします。

ログイン...",True,,,absent_unknown,2026-09-27 10:24:12,2026-09-27 09:48:30,,,,,,,,,,,
n4qv5vfkzb,,kamigata-expo-park-fes-2026,2026-11-01,,[大阪府] 万博記念公園,electronic,none,3名義中3番手,で,5.0,,同行番手,2026-09-25 02:01:16,scrape_observed,2026-09-26 01:01:13,,,listing,1,25000,"3名義中3番手/全て単番/初期当選/ジュニア情報局先行 該当名義/変更ボタンあり/有効期限内/すり替えなし/下3桁提示可

8:30前集合可能な方のみご購入下さ...",True,,,absent_unknown,2026-09-27 10:24:12,2026-09-27 09:48:30,,,,,,,,,,,
f7athol05i,,kamigata-expo-park-fes-2026,2026-11-01,,[大阪府] 万博記念公園,electronic,female,5名義中4番手,え,5.0,,同行番手,2026-09-25 02:01:16,scrape_observed,2026-09-26 01:01:13,,,listing,2,25000,"FC・情報局先行/有効期限内/5名義中4番手/すり替えなし/下3桁提示可

開場時間の8:30入場の可能性があります。
会場付近にて待ち合わせし同時入場していた...",True,,,absent_unknown,2026-09-27 10:24:12,2026-09-27 09:48:30,,,,,,,,,,,
756dq4tjlc,,kamigata-expo-park-fes-2026,2026-11-01,,[大阪府] 万博記念公園,electronic,female,公演前日にログイン情報共有,14,5.0,,QR,2026-09-25 02:01:16,scrape_observed,2026-09-26 01:01:13,,,listing,2,35000,"WEST.名義//QRごと/すり替えなし会員番号下3桁開示可/初期当選/有効期限内

公演日の前日にログイン情報をお伝えします。

ログイン情報は他の方にお伝え...",True,,,absent_unknown,2026-09-27 10:24:12,2026-09-27 09:48:30,,,,,,,,,,,
oht7s94nu4,,kamigata-expo-park-fes-2026,2026-11-01,,[大阪府] 万博記念公園,electronic,female,同行,あ,5.0,,番手,2026-09-25 02:01:16,scrape_observed,2026-09-26 01:01:13,,,listing,1,50000,"2名義中1番手（当方と同行のため大橋、真弓担不可）全てなにわ名義
購入希望の方、プラベ出品にするのでメッセージ下さい。プラベルでのお取引も可能。
全て初期当選/...",True,,,absent_unknown,2026-09-27 10:24:12,2026-09-27 09:48:30,,,,,,,,,,,
yjlcnarv7d,,kamigata-expo-park-fes-2026,2026-11-01,,[大阪府] 万博記念公園,paper,female,当日手渡し,🌟,5.0,,番手,2026-09-25 02:01:16,scrape_observed,2026-09-26 01:01:13,,,listing,2,25555,"🌸 お値下げ可能なのでご希望額ご連絡ください🌸

ファンクラブ先行/初期当選/有効期限内/コンビニ決済済

2名義中2番手
（Aぇ✖️Aぇ、なにわ✖️なにわ...",True,,,absent_unknown,2026-09-27 10:24:12,2026-09-27 09:48:30,,,,,,,,,,,
r3fa6kl6oi,,kamigata-expo-park-fes-2026,2026-11-01,,[大阪府] 万博記念公園,electronic,female,QRごと　重複　すり替えなし,みかん,5.0,,QR,2026-09-25 02:01:16,scrape_observed,2026-09-26 01:01:13,,,listing,1,30000,"なにわ男子名義
前日になりましたらログイン情報ご提示します。
買い手様で同意チェックして入場してください。
本人確認、ランダムエラー対応はできません。",True,,,absent_unknown,2026-09-27 10:24:12,2026-09-27 09:48:30,,,,,,,,,,,
2hwvpqc0ql,,kamigata-expo-park-fes-2026,2026-11-01,,[大阪府] 万博記念公園,electronic,female,QR毎、前日にログイン情報共有,みい,5.0,,QR,2026-09-25 02:01:16,scrape_observed,2026-09-26 01:01:13,,,listing,2,32000,"なにわ男子名義 /QR毎/重複すり替えなし/下3桁提示可能/初期当選/有効期限内

ランダムエラーや本人確認、体調不良や出演者の変更等、いかなる場合であっても受...",True,,,absent_unknown,2026-09-27 10:24:12,2026-09-27 09:48:30,,,,,,,,,,,
b5j1npycbl,,kamigata-expo-park-fes-2026,2026-11-01,,[大阪府] 万博記念公園,electronic,female,同行,ゆあ,5.0,,同行番手,2026-09-25 02:01:16,scrape_observed,2026-09-26 01:01:13,,,listing,2,28000,"初期当選/3名義中3番手/すり替え無し/下3桁提示可/有効期限内

★代表者・同行者共になにわ男子FCで登録済み
不備名義なし

※公式にて「TAKOYAKI...",True,,,absent_unknown,2026-09-27 10:24:12,2026-09-27 09:48:30,,,,,,,,,,,
jfuhhbc9h1,,kamigata-expo-park-fes-2026,2026-11-01,,[大阪府] 万博記念公園,electronic,female,5名義中3番手,え,5.0,,番手,2026-09-25 02:01:16,scrape_observed,2026-09-26 01:01:13,,,listing,2,30000,"FC.情報局先行/有効期限内/5名義中3番手/すり替えなし/下3桁提示可

開場時間の8:30入場の可能性があります。
会場付近にて待ち合わせし同時入場していた...",True,,,absent_unknown,2026-09-27 10:24:12,2026-09-27 09:48:30,,,,,,,,,,,
0g9c9cgzsh,,kamigata-expo-park-fes-2026,2026-11-01,,[大阪府] 万博記念公園,electronic,female,公演前日にログイン情報共有,h,5.0,,QR,2026-09-25 02:01:16,scrape_observed,2026-09-26 01:01:13,,,listing,2,40000,"なにわFC×なにわFC
QR毎/FC初期当選/有効期限内/下三桁提示可

QR毎でのお譲りとなります。
同行者の同意チェックはこちらでいたしますので、代表者分の...",True,,,absent_unknown,2026-09-27 10:24:12,2026-09-27 09:48:30,,,,,,,,,,,
z3cg15gant,,kamigata-expo-park-fes-2026,2026-11-01,,[大阪府] 万博記念公園,electronic,female,公演前日QRコード共有,M,5.0,,QR,2026-09-25 02:01:16,scrape_observed,2026-09-26 01:01:13,,,listing,1,28900,"単番QR毎/エイト名義/下3桁提示可/初期当選/すり替え重複なし/有効期限内/郵便物戻りなし/着ブロ指定なし
ログイン情報は公演前日にお伝えします。
入場後は速...",True,,,absent_unknown,2026-09-27 10:24:12,2026-09-27 09:48:30,,,,,,,,,,,
6ohgukyrs6,,kamigata-expo-park-fes-2026,2026-11-01,,[大阪府] 万博記念公園,electronic,female,公演日前日にQRコード共有,ysnr1128,5.0,,QR,2026-09-25 02:01:16,scrape_observed,2026-09-26 01:01:13,,,listing,2,29000,"Aぇ! group 名義　FC‪✕‬FC
ファンクラブ先行 座席未定 初期当選
QR毎　すり替えなし 購入後下3桁提示可能

※プライベート出品へ移行のため、承...",True,,,absent_unknown,2026-09-27 10:24:12,2026-09-27 09:48:30,,,,,,,,,,,
iqdpspqp66,,kamigata-expo-park-fes-2026,2026-11-01,,[大阪府] 万博記念公園,electronic,female,公演日前日にログイン情報共有,a,5.0,,QR,2026-09-25 02:01:16,scrape_observed,2026-09-26 00:01:10,,,listing,2,35000,"WEST.名義/QR毎/下3桁提示可/初期当選/有効期限内/発送物戻りなし

※ご購入いただける場合はプライベート出品に切り替えます。メッセージにてご購入いただ...",True,,,absent_unknown,2026-09-27 10:24:12,2026-09-27 09:48:30,,,,,,,,,,,
8ve1n1ifhs,,kamigata-expo-park-fes-2026,2026-11-01,,[大阪府] 万博記念公園,electronic,female,公演日前日までにQRコード共有,a,5.0,,QR,2026-09-25 02:01:16,scrape_observed,2026-09-26 01:01:13,,,listing,2,26000,"なにわ男子FC×なにわ男子FC/初期当選/QR毎/すり替えなし/有効期限内/エラー歴等なし/下3桁提示可/Pay-easy支払い

公演日前日に連絡ボードにてロ...",True,,,absent_unknown,2026-09-27 10:24:12,2026-09-27 09:48:30,,,,,,,,,,,
vv33wct0nc,,kamigata-expo-park-fes-2026,2026-11-01,,[大阪府] 万博記念公園,electronic,female,2名義2番手,も,5.0,,番手,2026-09-25 02:01:16,scrape_observed,2026-09-26 01:01:13,,,listing,2,40000,"💓プラベル対応です💓
2名義2番手すり替えなし/下3桁提示🉑/有効期限内
当選歴お伝え不可❌
日本語のわかる日本人女性のみご購入ください。
お子様連れでの...",True,,,absent_unknown,2026-09-27 10:24:12,2026-09-27 09:48:30,,,,,,,,,,,
eptbk8bpor,,kamigata-expo-park-fes-2026,2026-11-01,,[大阪府] 万博記念公園,electronic,female,公演前日にログイン情報共有,い,5.0,,QR,2026-09-25 02:01:16,scrape_observed,2026-09-26 01:01:13,,,listing,1,29000,"単番QR毎／なにわ男子初当選名義／下3桁提示可／ペイジー決済／発送物戻りなし

☆同意チェックは買い手様ご自身にお任せしております。

☆出演者変更やランダムエ...",True,,,absent_unknown,2026-09-27 10:24:12,2026-09-27 09:48:30,,,,,,,,,,,
slh4qgu1wi,,kamigata-expo-park-fes-2026,2026-11-01,,[大阪府] 万博記念公園,electronic,female,前日にQRコード共有,Y,4.5,,QR,2026-09-25 02:01:16,scrape_observed,2026-09-26 01:01:13,,,listing,1,60000,"なにわ名義/初期当選/重複すり替えなし/有効期限内/下３桁開示可/発送物戻り無/過去エラー歴無

公演前日に必要な情報等を連絡ボードにてお知らせ致します。
公演...",True,,,absent_unknown,2026-09-27 10:24:12,2026-09-27 09:48:30,,,,,,,,,,,
66ac0yoxh7,,kamigata-expo-park-fes-2026,2026-11-01,,[大阪府] 万博記念公園,electronic,female,公演日前日にログイン情報共有,💖,5.0,,QR,2026-09-25 02:01:16,scrape_observed,2026-09-26 01:01:13,,,listing,2,38500,"QR毎/初期当選(Aぇ名義×Aぇ名義)/有効期限内/下3桁提示可/重複すり替えなし

公演日前日にログイン情報を連絡ボードにてお伝えいたします。
公演日当日入場...",True,,,absent_unknown,2026-09-27 10:24:12,2026-09-27 09:48:30,,,,,,,,,,,
ydt1n4q8rf,,kamigata-expo-park-fes-2026,2026-11-01,,[大阪府] 万博記念公園,electronic,female,QR毎/公演日3日前にログイン情報共有,M,5.0,,QR,2026-09-25 02:01:16,scrape_observed,2026-09-26 01:01:13,,,listing,2,30000,"WESTꓸ名義/FC×FC/初期当選/QR毎/すり替えなし/有効期限内/エラー歴等なし/下3桁提示可/過去当選歴なし
公演日前日にログイン情報お伝えします。
当...",True,,,absent_unknown,2026-09-27 10:24:12,2026-09-27 09:48:30,,,,,,,,,,,
xojbyzlmsg,,kamigata-expo-park-fes-2026,2026-11-01,,[大阪府] 万博記念公園,electronic,female,2名義中2番手,た,5.0,,番手,2026-09-25 02:01:16,scrape_observed,2026-09-26 01:01:13,,,listing,2,30000,"2名義中2番手⭐️プラベルにてお取引させて頂くため、ご購入希望の方はチケテンメッセージまでお願い致します。⭐️

FC先行 なにわ名義 座席未定
 2名義中2番...",True,,,absent_unknown,2026-09-27 10:24:12,2026-09-27 09:48:30,,,,,,,,,,,
nwm37fjxjp,,kamigata-expo-park-fes-2026,2026-11-01,,[大阪府] 万博記念公園,electronic,male,公演日前日までにQRコード共有,k,5.0,,QR,2026-09-25 02:01:16,scrape_observed,2026-09-25 15:01:16,,,listing,2,22000,"QR毎/Aぇ! group×Aぇ! group名義/FC初期当選/有効期限内/下三桁提示可/当選歴なし

QR毎でのお譲りとなります。

前日にQR表示に必要な...",True,,,absent_unverified,,2026-09-27 09:48:30,,,,,,,,,,,
nea8yiav42,,kamigata-expo-park-fes-2026,2026-11-01,,[大阪府] 万博記念公園,electronic,female,同行,そ。,5.0,,同行,2026-09-25 02:01:16,scrape_observed,2026-09-26 01:01:13,,,listing,1,34000,"当方の同行者枠/初期当選/すり替えなし/下3桁提示可/有効期限内/Aぇ×Aぇ名義

・入場後は速やかに受け取り通知をお願いいたします。
・座席に関するクレームは...",True,,,absent_unknown,2026-09-27 10:24:12,2026-09-27 09:48:30,,,,,,,,,,,
bea0twk9dg,,kamigata-expo-park-fes-2026,2026-11-01,,[大阪府] 万博記念公園,electronic,none,3名義中2番手,で,5.0,,同行番手,2026-09-25 02:01:16,scrape_observed,2026-09-26 01:01:13,,,listing,1,30000,"3名義中2番手/全て単番/初期当選/ジュニア情報局先行 該当名義/変更ボタンあり/有効期限内/すり替えなし/下3桁提示可

8:30前集合可能な方のみご購入下さ...",True,,,absent_unknown,2026-09-27 10:24:12,2026-09-27 09:48:30,,,,,,,,,,,
ebizyapg0g,,kamigata-expo-park-fes-2026,2026-11-01,,[大阪府] 万博記念公園,electronic,female,同時入場又はQRごと,りりり,5.0,,番手QR,2026-09-25 02:01:16,scrape_observed,2026-09-26 01:01:13,,,listing,2,23000,"【2名義中2番手】／すり替えなし／有効期限内／下3桁提示可／エラー歴なし

公演当日は、こちらが指定する時間・場所に集合していただき、同時入場を予定しております...",True,,,absent_unknown,2026-09-27 10:24:12,2026-09-27 09:48:30,,,,,,,,,,,
v6bisgo43x,,kamigata-expo-park-fes-2026,2026-11-01,,[大阪府] 万博記念公園,electronic,male,公演日1日前までにQRコード共有,M,5.0,,QR,2026-09-25 02:01:16,scrape_observed,2026-09-26 01:01:13,,,listing,1,32000,"ファンクラブ先行、座席未定　
QRごとのお譲り、有効期限内、すり替えなし、該当名義、下3桁提示可能
プラベルでの取引可能な方優先
公演1日前になりましたら、ログ...",True,,,absent_unknown,2026-09-27 10:24:12,2026-09-27 09:48:30,,,,,,,,,,,
o78ojif0lw,,kamigata-expo-park-fes-2026,2026-11-01,,[大阪府] 万博記念公園,electronic,female,公演日前日にQRコード共有,kt,5.0,,QR,2026-09-25 02:01:16,scrape_observed,2026-09-26 01:01:13,,,listing,2,35000,"WEST.FC初期当選　同行者WEST.FC
プラベ出品にしますので購入ご希望の方はお伝えください
QR毎のお渡しとなります。
有効期限内名義、同一クレカ決済な...",True,,,absent_unknown,2026-09-27 10:24:12,2026-09-27 09:48:30,,,,,,,,,,,
wlhtbfzflx,,kamigata-expo-park-fes-2026,2026-11-01,,[大阪府] 万博記念公園,electronic,female,同時入場又はQR,M,4.8,,番手QR,2026-09-25 02:01:16,scrape_observed,2026-09-26 01:01:13,,,listing,1,26000,"2名義中2番手(場合によってはQR毎) どちらも単番、Aぇ名義 
初期当選/すり替えなし/有効期限内/下3桁提示可

公演当日、会場付近で待ち合わせをし、同時入...",True,,,absent_unknown,2026-09-27 10:24:12,2026-09-27 09:48:30,,,,,,,,,,,
9jsghnja75,,kamigata-expo-park-fes-2026,2026-11-01,,[大阪府] 万博記念公園,electronic,female,当日同時入場,ぴ,5.0,,QR番手,2026-09-25 02:01:16,scrape_observed,2026-09-26 01:01:13,,,listing,2,26000,"プライベート出品にするので購入前にコメントください。
2名義中2番手　2連
Aぇ名義とジュニア名義
下三桁提示可/すり替えなし/有効期限内
当日、指定した時間と...",True,,,absent_unknown,2026-09-27 10:24:12,2026-09-27 09:48:30,,,,,,,,,,,
gargcuic0a,,kamigata-expo-park-fes-2026,2026-11-01,,[大阪府] 万博記念公園,electronic,female,公演日前日までにQRコード共有,あ,5.0,,QR,2026-09-25 02:01:16,scrape_observed,2026-09-26 01:01:13,,,listing,2,45000,"QR毎/Aぇ! group×Aぇ! group名義/FC初期当選/有効期限内/下三桁提示可/重複なし

QR毎でのお譲りとなります。

前日にQR表示に必要な情...",True,,,absent_unknown,2026-09-27 10:24:12,2026-09-27 09:48:30,,,,,,,,,,,
59pmhbeimn,,kamigata-expo-park-fes-2026,2026-11-01,,[大阪府] 万博記念公園,electronic,female,公演日前日20時までにQRコード共有,ka,5.0,,QR,2026-09-25 02:01:16,scrape_observed,2026-09-26 01:01:13,,,listing,1,38000,"なにわ名義/初期当選/ QR毎 単番 /下3桁提示可/ 有効期限内 /クレカ決済

QR毎でのお譲りです。
公演前日までにログイン情報お伝えします。

当日ご入...",True,,,absent_unknown,2026-09-27 10:24:12,2026-09-27 09:48:30,,,,,,,,,,,
6ad48kzxmr,,kamigata-expo-park-fes-2026,2026-11-01,,[大阪府] 万博記念公園,electronic,female,公演日3日前までにQRコード共有,ま,5.0,,QR,2026-09-25 02:01:16,scrape_observed,2026-09-26 01:01:13,,,listing,1,30000,なにわ男子有効会員名義 QR毎のお譲り 会員番号下3桁提示可能 初期当選  同一クレカ決済なし 発送物戻りなし 当日の入場チェックは購入者様でお願いします。 公...,True,,,absent_unknown,2026-09-27 10:24:12,2026-09-27 09:48:30,,,,,,,,,,,
0mrri6nwr8,,kamigata-expo-park-fes-2026,2026-11-01,,[大阪府] 万博記念公園,electronic,female,公演日前日にログイン情報共有,🍒,5.0,,,2026-09-25 02:01:16,scrape_observed,2026-09-26 01:01:13,,,listing,2,30000,"初期当選/有効期限内/重複すり替えなし/下3桁提示可

公演日前日にログイン情報をお伝えいたします。
公演当日入場後は速やかにログアウトして頂き、必ず開演時間ま...",True,,,absent_unknown,2026-09-27 10:24:12,2026-09-27 09:48:30,,,,,,,,,,,
9yfa9cfybv,,kamigata-expo-park-fes-2026,2026-11-01,,[大阪府] 万博記念公園,electronic,female,同行,はな,5.0,,同行,2026-09-25 02:01:16,scrape_observed,2026-09-26 01:01:13,,,listing,1,55000,"Aぇ! group×Aぇ! group名義/初期当選/すり替えなし/下3桁提示可 
・公演当日に、開場時間8:30以降の入場の可能性あります。 会場付近にて待ち...",True,,,absent_unknown,2026-09-27 10:24:12,2026-09-27 09:48:30,,,,,,,,,,,
3fxzfy6d1q,,kamigata-expo-park-fes-2026,2026-11-01,,[大阪府] 万博記念公園,electronic,female,公演日1日前までにQRコード共有,ねね,5.0,,QR,2026-09-25 02:01:16,scrape_observed,2026-09-26 01:01:13,,,listing,1,24000,"なにわ名義/初期当選/有効期限内/発送物戻り無/同一クレカ無し/エラー歴無し

公演前日に必要な情報等を連絡ボードにてお知らせ致します。同意チェックは購入者様ご...",True,,,absent_unknown,2026-09-27 10:24:12,2026-09-27 09:48:30,,,,,,,,,,,
40eri76w23,,kamigata-expo-park-fes-2026,2026-11-01,,[大阪府] 万博記念公園,electronic,female,公演日2日前までにQRコード共有,ぴまる,5.0,,QR,2026-09-25 02:01:16,scrape_observed,2026-09-26 01:01:13,,,listing,2,28000,"座席未定｜WEST名義｜QRごとのお譲り｜初期当選｜すり替えなし｜有効期限内｜下2桁お伝え可能｜前回ツアー落選



公演中止の際のみ、送料手数料を引いた金額返...",True,,,absent_unknown,2026-09-27 10:24:12,2026-09-27 09:48:30,,,,,,,,,,,
s8hy3qr6xs,,kamigata-expo-park-fes-2026,2026-11-01,,[大阪府] 万博記念公園,electronic,female,公演前日QRコード共有,M,5.0,,QR,2026-09-25 02:01:16,scrape_observed,2026-09-26 01:01:13,,,listing,1,29900,"QR毎/初期当選/下3桁提示可/すり替え重複なし/有効期限内/発送物戻りなし/着ブロ指定なし/SUPER EIGHT名義
前日にログイン情報をお伝えいたします。...",True,,,absent_unknown,2026-09-27 10:24:12,2026-09-27 09:48:30,,,,,,,,,,,
f6bh1yvj4z,,kamigata-expo-park-fes-2026,2026-11-01,,[大阪府] 万博記念公園,electronic,female,前日までにログイン情報開示,❤︎,5.0,,QR,2026-09-25 02:01:16,scrape_observed,2026-09-26 01:01:13,,,listing,2,48000,"なにわ男子FC/QR毎/初期当選/下3桁提示可/有効期限内/発送物戻り・過去エラー無し

公演前日までにログイン情報お伝えします。
公演当日は入場後速やかにログ...",True,,,absent_unknown,2026-09-27 10:24:12,2026-09-27 09:48:30,,,,,,,,,,,
zrovltlxvl,,kamigata-expo-park-fes-2026,2026-11-01,,[大阪府] 万博記念公園,electronic,female,公演日前日までにQRコード共有,s,5.0,,QR,2026-09-25 02:01:16,scrape_observed,2026-09-26 01:01:13,,,listing,2,35000,"QRごと/初期当選/前回ツアー落選×前回ツアー落選Aぇ名義/有効期限内/発送物戻り無/同一クレカ決済無し/下3桁提示可

公演前日に必要な情報等を連絡ボードにて...",True,,,absent_unknown,2026-09-27 10:24:12,2026-09-27 09:48:30,,,,,,,,,,,
2b67vb8arn,,kamigata-expo-park-fes-2026,2026-11-01,,[大阪府] 万博記念公園,electronic,female,同行,小枝,5.0,,同行,2026-09-25 02:01:16,scrape_observed,2026-09-26 01:01:13,,,listing,2,25000,"なにわ男子名義/3名義中3番手/すり替えなし/下3桁提示可/初期当選名義含む/有効会員/

★当日の流れ★
会場10分前にこちらの指定した場所に集合し、その際に...",True,,,absent_unknown,2026-09-27 10:24:12,2026-09-27 09:48:30,,,,,,,,,,,
nsw22frsba,,kamigata-expo-park-fes-2026,2026-11-01,,[大阪府] 万博記念公園,electronic,female,同行,ゆあ,5.0,,同行記載あり,2026-09-25 02:01:16,scrape_observed,2026-09-26 01:01:13,,,listing,2,37000,"初期当選/3名義中2番手/すり替え無し/下3桁提示可/有効期限内

★代表者・同行者共になにわ男子FCで登録済み
不備名義なし

※公式にて「TAKOYAKI...",True,,,absent_unknown,2026-09-27 10:24:12,2026-09-27 09:48:30,,,,,,,,,,,
20nt7kjtk3,,kamigata-expo-park-fes-2026,2026-11-01,,[大阪府] 万博記念公園,electronic,female,同行,け,5.0,,同行,2026-09-25 02:01:16,scrape_observed,2026-09-26 01:01:13,,,listing,1,35000,"初期当選/2名義中2番手/有効期限名義のみ/Aぇ名義/すり替えなし/下3桁提示可能/発送物戻りなし
購入希望の方はプライベート出品にするのでコメントください。...",True,,,absent_unknown,2026-09-27 10:24:12,2026-09-27 09:48:30,,,,,,,,,,,
9tl0wfbhys,,kamigata-expo-park-fes-2026,2026-11-01,,[大阪府] 万博記念公園,electronic,female,2名義中2番手,Gu,5.0,,番手,2026-09-25 02:01:16,scrape_observed,2026-09-26 01:01:13,,,listing,2,27000,"2名義中2番手 Aぇ名義 初当選
初期当選/すり替えなし/有効期限内/下3桁提示可
プラベルorプライベートチケットにて出品する為、購入希望の方はメッセージお願...",True,,,absent_unknown,2026-09-27 10:24:12,2026-09-27 09:48:30,,,,,,,,,,,
jk7gvz6e86,,kamigata-expo-park-fes-2026,2026-11-01,,[大阪府] 万博記念公園,electronic,female,公演前日にログイン情報共有,a,5.0,,QR,2026-09-25 02:01:16,scrape_observed,2026-09-26 01:01:13,,,listing,1,21000,"なにわ男子名義 /QR毎/重複すり替えなし/下3桁提示可能/初期当選/有効期限内
公演前日にログイン情報共有します。
ランダムエラーや本人確認、体調不良や出演者...",True,,,absent_unknown,2026-09-27 10:24:12,2026-09-27 09:48:30,,,,,,,,,,,
eg4vb2p5w7,,kamigata-expo-park-fes-2026,2026-11-01,,[大阪府] 万博記念公園,electronic,female,同行,Na,5.0,,同行番手,2026-09-25 02:01:16,scrape_observed,2026-09-26 01:01:13,,,listing,2,28000,"3名義中2番手/WEST名義/有効期限内/すり替えなし/下3桁提示可/初期当選

プラベルにてお取引したいので購入前にコメントお願いいたします。

同時入場し、...",True,,,absent_unknown,2026-09-27 10:24:12,2026-09-27 09:48:30,,,,,,,,,,,
q2hqqlssbo,,kamigata-expo-park-fes-2026,2026-11-01,,[大阪府] 万博記念公園,electronic,female,入金後24時間以内にQRコード共有,8,5.0,,ランダム記載あり,2026-09-25 02:01:16,scrape_observed,2026-09-26 01:01:13,,,listing,1,30000,"えいと名義/有効期限内/発送物戻り無/同一クレカ無し/エラー歴無し

公演前日に必要な情報等を連絡ボードにてお知らせします。同意チェックは購入者様ご自身でお願い...",True,,,absent_unknown,2026-09-27 10:24:12,2026-09-27 09:48:30,,,,,,,,,,,
2gdpibnr7b,,kamigata-expo-park-fes-2026,2026-11-01,,[大阪府] 万博記念公園,electronic,female,同行,ari,5.0,,同行番手,2026-09-25 02:01:16,scrape_observed,2026-09-26 01:01:13,,,listing,1,35000,"2名義中1番手/初期当選/Aぇ名義/有効期限内/すり替えなし/下3桁提示可

プラベルでのお取引希望の方は移行させていただきますので、メッセージをお願いします。...",True,,,absent_unknown,2026-09-27 10:24:12,2026-09-27 09:48:30,,,,,,,,,,,
5o6a44z1vj,,tvasahi-dream-festival-2026,2026-11-21,15:00,Kアリーナ横浜,electronic,female,チケットぴあにて分配or当日手渡し,な,5.0,,ランダム,2026-09-25 02:01:16,scrape_observed,2026-09-26 01:01:13,,,listing,2,15000,"すり替えなしランダム

手持ち名義全てアプグレ申し込み
アプグレ当選チケットお渡しの場合は定価手数料0.7上乗せ

全名義問い合わせ番号提示可能",True,,,absent_unknown,2026-09-27 10:52:02,2026-09-27 09:48:30,,,,,,,,,,,
mtbgitt47t,,tvasahi-dream-festival-2026,2026-11-21,15:00,Kアリーナ横浜,paper,female,当日手渡し,A,5.0,,,2026-09-25 02:01:16,scrape_observed,2026-09-26 01:01:13,,,listing,2,11500,当日手渡しまたは郵送になります。発券後こちらがお渡し方法指定いたします。本人確認対応不可。中止の場合のみ返金。,True,,,absent_unknown,2026-09-27 10:52:03,2026-09-27 09:48:30,,,,,,,,,,,
db3l18uqs6,,tvasahi-dream-festival-2026,2026-11-21,15:00,Kアリーナ横浜,electronic,female,公演3日前,ゆ,5.0,,番手,2026-09-25 02:01:16,scrape_observed,2026-09-26 01:01:13,,,listing,2,15000,"ぴあ最速先行/3名義中3番手/すり替えなし

アップグレード料金も込みです。

公演中止を除き、出演者の変更・遅刻・交通機関の遅延等、如何なる場合も返金いたしか...",True,,,absent_unknown,2026-09-27 10:52:03,2026-09-27 09:48:30,,,,,,,,,,,
rtlaxyjjc6,,tvasahi-dream-festival-2026,2026-11-21,15:00,Kアリーナ横浜,paper,none,手渡し,ぽぽ,5.0,,番手ランダムQR,2026-09-25 02:01:16,scrape_observed,2026-09-26 01:01:13,,,listing,2,15000,"少人数すり替えなしランダム

手持ち名義全てアプグレ申し込み
アプグレ当選チケットお渡しの場合は0.7上乗せ",True,,,absent_unknown,2026-09-27 10:52:03,2026-09-27 09:48:30,,,,,,,,,,,
3i1k2iezr0,,tvasahi-dream-festival-2026,2026-11-21,15:00,Kアリーナ横浜,electronic,female,同行,うどん,5.0,,,2026-09-25 02:01:16,scrape_observed,2026-09-26 01:01:13,,,listing,2,17000,"2名義中2番手のチケットです。
2名義ともぴあ最速先行当選
すり替えなし
アプグレ申し込み予定
アプグレ当選時、当日手渡しにてアプグレ定価分頂戴いたします。
",True,,,absent_unknown,2026-09-27 10:52:04,2026-09-27 09:48:30,,,,,,,,,,,
5rsfgwlnme,,tvasahi-dream-festival-2026,2026-11-21,15:00,Kアリーナ横浜,paper,female,当日手渡し,あちゃん,5.0,,番手,2026-09-25 02:01:16,scrape_observed,2026-09-26 01:01:13,,,listing,2,25000,"3名義中2番手　全ていち早プレ当選
当日手渡し、チケット手渡し時受け取り評価お願いいたします。
アプグレ申し込み予定落選の場合のキャンセル不可。アプグレ当選した...",True,,,absent_unknown,2026-09-27 10:52:04,2026-09-27 09:48:30,,,,,,,,,,,
7x761g3rhf,,tvasahi-dream-festival-2026,2026-11-21,15:00,Kアリーナ横浜,paper,female,当日手渡し,あちゃん,5.0,,ランダム,2026-09-25 02:01:16,scrape_observed,2026-09-26 01:01:13,,,listing,2,14695,"ランダム配布当日手渡し　定価+手数料
アプグレ申し込み予定当選の場合は別途アプグレ料金定価+手数料を当日頂戴いたします。

公演中止以外のキャンセル、返金不可",True,,,absent_unknown,2026-09-27 10:52:05,2026-09-27 09:48:30,,,,,,,,,,,
89lr0v5fvg,,tvasahi-dream-festival-2026,2026-11-21,15:00,Kアリーナ横浜,paper,female,当日手渡し,💫,5.0,,番手,2026-09-25 02:01:16,scrape_observed,2026-09-26 01:01:13,,,listing,2,20000,"7名義中4番手/いち早プレ枠/すり替えなし
全名義アプグレ申込予定
アプグレ落選後のキャンセル不可
アプグレ当選時は定価分＋0.7当日手渡し

当日会場付近にて...",True,,,absent_unknown,2026-09-27 10:52:05,2026-09-27 09:48:30,,,,,,,,,,,
jrvr944dwz,,tvasahi-dream-festival-2026,2026-11-21,15:00,Kアリーナ横浜,paper,female,当日手渡し,な,5.0,,番手,2026-09-25 02:01:16,scrape_observed,2026-09-26 01:01:13,,,listing,2,37000,"⭐️8名義中2(3)番手
即5.0/いち早ぴあプレ /すり替えなし
1部サイト通しに変更可
全名義アプグレ申込予定
アプグレ落選後のキャンセル不可
全名義落選又...",True,,,absent_unknown,2026-09-27 10:52:05,2026-09-27 09:48:30,,,,,,,,,,,
ghftf3aq0x,,tvasahi-dream-festival-2026,2026-11-21,15:00,Kアリーナ横浜,electronic,female,公演3日前,ゆ,5.0,,番手,2026-09-25 02:01:16,scrape_observed,2026-09-26 01:01:13,,,listing,2,18000,"ぴあ最速先行/3名義中2番手/すり替えなし

アップグレード料金も込みです。

公演中止を除き、出演者の変更・遅刻・交通機関の遅延等、如何なる場合も返金いたしか...",True,,,absent_unknown,2026-09-27 10:52:05,2026-09-27 09:48:30,,,,,,,,,,,
glgy0wgb8a,,tvasahi-dream-festival-2026,2026-11-21,15:00,Kアリーナ横浜,paper,female,当日手渡し,🦋,5.0,,ランダム,2026-09-25 02:01:16,scrape_observed,2026-09-26 01:01:13,,,listing,2,11800,"いち早枠当選名義のみのランダム配布

全てアプグレ申し込み予定ですが、落選名義のチケットをお渡しする可能性もございます。
2連で購入の方には必ず2連でチケットお...",True,,,absent_unknown,2026-09-27 10:52:06,2026-09-27 09:48:30,,,,,,,,,,,
dumz3zxslj,,tvasahi-dream-festival-2026,2026-11-22,15:00,Kアリーナ横浜,paper,female,当日手渡し,a,4.8,,,2026-09-25 02:01:16,scrape_observed,2026-09-25 11:01:14,,,listing,2,23000,いち早ぴあプレ最速先行。アプグレ申込予定のため当選の際差額分お支払い可能な方。公演中止以外返金キャンセル不可,True,,,absent_unverified,,2026-09-27 09:48:30,,,,,,,,,,,
ahbmexnp6f,,tvasahi-dream-festival-2026,2026-11-22,15:00,Kアリーナ横浜,paper,female,事前都内手渡し、または公演3日前までに郵送,み,5.0,,,2026-09-25 02:01:16,scrape_observed,2026-09-26 01:01:13,,,listing,2,30000,"・発券開始日の11/18(水)12:00〜以降にチケットをお譲りします。

・手渡しの場合、待ち合わせ日時・場所の決定後は時間厳守でお願いします。

・1枚購入...",True,,,absent_unknown,2026-09-27 10:52:06,2026-09-27 09:48:30,,,,,,,,,,,
zs8zqt43yj,,tvasahi-dream-festival-2026,2026-11-22,15:00,Kアリーナ横浜,paper,female,郵送,R,5.0,,,2026-09-25 02:01:16,scrape_observed,2026-09-26 01:01:13,,,listing,2,23000,"アプグレ申し込み可能
ぴあカード最速先行当選
いかなる場合もキャンセル返金不可",True,,,absent_unknown,2026-09-27 10:52:07,2026-09-27 09:48:30,,,,,,,,,,,
jrtf63us6m,,tvasahi-dream-festival-2026,2026-11-22,15:00,Kアリーナ横浜,paper,female,当日手渡し,A,5.0,,,2026-09-25 02:01:16,scrape_observed,2026-09-26 01:01:13,,,listing,1,17000,"当日手渡しまたは郵送になります。発券後こちらがお渡し方法指定いたします。購入様に選択権はございません。本人確認対応不可。中止の場合のみ返金。
",True,,,absent_unknown,2026-09-27 10:52:07,2026-09-27 09:48:30,,,,,,,,,,,
tz2d5hq1so,,tvasahi-dream-festival-2026,2026-11-22,15:00,Kアリーナ横浜,paper,female,当日手渡し,A,5.0,,,2026-09-25 02:01:16,scrape_observed,2026-09-26 01:01:13,,,listing,2,20000,当日手渡しまたは郵送になります。発券後こちらがお渡し方法指定いたします。本人確認対応不可。中止の場合のみ返金。,True,,,absent_unknown,2026-09-27 10:52:07,2026-09-27 09:48:30,,,,,,,,,,,
rg60n0do8k,,tvasahi-dream-festival-2026,2026-11-23,15:00,Kアリーナ横浜,pickup_number,female,公演日5日前までに発券番号共有,R,5.0,,,2026-09-25 02:01:16,scrape_observed,2026-09-26 00:01:10,,,listing,2,15000,オフィシャル先行/発券番号でのお譲り,True,,,absent_unknown,2026-09-27 10:52:16,2026-09-27 09:48:30,,,,,,,,,,,
i9y84x8g93,,tvasahi-dream-festival-2026,2026-11-23,15:00,Kアリーナ横浜,paper,female,公演日7日前までに郵送,ちぇ,5.0,,番手,2026-09-25 02:01:16,scrape_observed,2026-09-26 01:01:13,,,listing,3,14500,"オフィシャル最速先行　2名義中2番手
公演中止の場合　手数料を差引いた金額を返金致します。中止以外の返金不可。

11月18日紙チケ発券後レターパックプラス又は...",True,,,absent_unknown,2026-09-27 10:52:07,2026-09-27 09:48:30,,,,,,,,,,,
bqsk6hb0bl,,tvasahi-dream-festival-2026,2026-11-23,15:00,Kアリーナ横浜,paper,female,入金後24時間以内に郵送,と,5.0,,番手,2026-09-25 02:01:16,scrape_observed,2026-09-26 01:01:13,,,listing,2,20000,2名義中2番手 公演中止以外の返金不可,True,,,absent_unknown,2026-09-27 10:52:08,2026-09-27 09:48:30,,,,,,,,,,,
28yuuzcn56,,tvasahi-dream-festival-2026,2026-11-23,15:00,Kアリーナ横浜,paper,female,当日手渡し,A,5.0,,,2026-09-25 02:01:16,scrape_observed,2026-09-26 01:01:13,,,listing,1,11000,当日手渡しまたは郵送になります。発券後こちらがお渡し方法指定いたします。本人確認対応不可。中止の場合のみ返金。,True,,,absent_unknown,2026-09-27 10:52:08,2026-09-27 09:48:30,,,,,,,,,,,
pbdfnmj0tt,,tvasahi-dream-festival-2026,2026-11-23,15:00,Kアリーナ横浜,paper,female,当日手渡し,A,5.0,,,2026-09-25 02:01:16,scrape_observed,2026-09-26 01:01:13,,,listing,2,12000,当日手渡しまたは郵送になります。発券後こちらがお渡し方法指定いたします。本人確認対応不可。中止の場合のみ返金。,True,,,absent_unknown,2026-09-27 10:52:09,2026-09-27 09:48:30,,,,,,,,,,,
njflvhlmj0,,tvasahi-dream-festival-2026,2026-11-23,15:00,Kアリーナ横浜,paper,female,分配or当日手渡しor郵送,ㅎㅅㅎ,5.0,,,2026-09-25 02:01:16,scrape_observed,2026-09-26 01:01:13,,,listing,3,16000,"最速先行。4連中3連子チケ。バラ売り可。
チケットぴあ上にて分配、発券済みのチケットを当日手渡し、郵送のいずれかでお渡しいたします。

アプグレ希望の場合は必ず...",True,,,absent_unknown,2026-09-27 10:52:09,2026-09-27 09:48:30,,,,,,,,,,,
f9cbwtczzc,,tvasahi-dream-festival-2026,2026-11-23,15:00,Kアリーナ横浜,paper,female,当日手渡し,777,5.0,,番手,2026-09-25 02:01:16,scrape_observed,2026-09-26 01:01:13,,,listing,2,25000,"ぴあいち早プレリザーブにて当選
2名義中2番手 
※アプグレご希望の方は当選時に差額のお支払いをお願いいたします。

・座席はお選びいただけませんのでご了承くだ...",True,,,absent_unknown,2026-09-27 10:52:09,2026-09-27 09:48:30,,,,,,,,,,,
g60dlyh1fv,,tvasahi-dream-festival-2026,2026-11-23,15:00,Kアリーナ横浜,paper,female,当日手渡しまたは分配,あ,5.0,,,2026-09-25 06:01:17,scrape_observed,2026-09-26 00:01:10,,,listing,2,20000,"いち早ぴあプレ枠 / アプグレ応募予定

体調不良、交通機関の遅延、公演中止以外いかなる場合もキャンセルや返金はいたしかねます。",True,,,absent_unknown,2026-09-27 10:52:17,2026-09-27 09:48:30,,,,,,,,,,,
1ht4a5qiej,,kamigata-expo-park-fes-2026,2026-10-31,,[大阪府] 万博記念公園,electronic,female,同行,a,5.0,,番手,2026-09-25 11:01:14,scrape_observed,2026-09-26 00:01:10,,,listing,1,21000,"2名義中2番手(単番×2)
有効期限内/下3桁提示可
公演中止以外の如何なる理由（ランダムエラー、交通機関の遅延、体調不良等）でのキャンセルや返金は致しかねます...",True,,,absent_unknown,2026-09-27 10:24:12,2026-09-27 09:48:30,,,,,,,,,,,
v9jrxsz5x9,,kamigata-expo-park-fes-2026,2026-11-01,,[大阪府] 万博記念公園,electronic,female,同行,a,5.0,,番手,2026-09-25 11:01:14,scrape_observed,2026-09-26 00:01:10,,,listing,1,22000,"2名義中2番手(単番×2)
有効期限内/下3桁提示可
公演中止以外の如何なる理由（ランダムエラー、交通機関の遅延、体調不良等）でのキャンセルや返金は致しかねます...",True,,,absent_unknown,2026-09-27 10:24:12,2026-09-27 09:48:30,,,,,,,,,,,
tdzrzfrcmm,,tvasahi-dream-festival-2026,2026-11-22,15:00,Kアリーナ横浜,paper,female,当日手渡し,S,5.0,,ランダム記載あり,2026-09-25 15:01:16,scrape_observed,2026-09-26 00:01:10,,,listing,2,25000,"いち早ぴあプレ枠にて当選
アプグレ申し込み可　
アプグレ当選時差額を当日チケットと引き換えに現金にてお渡し下さい
アプグレ落選時のキャンセルや返金不可

出演者...",True,,,absent_unknown,2026-09-27 10:52:17,2026-09-27 09:48:30,,,,,,,,,,,
gich1dwxb3,,kamigata-expo-park-fes-2026,2026-10-31,,[大阪府] 万博記念公園,electronic,female,同行,L,5.0,,番手,2026-09-26 01:01:13,scrape_observed,2026-09-27 00:01:19,,,listing,2,32000,"6名義中3番手/初期当選/有効期限内/すり替えなし/下三桁提示可能

ランダムエラー、出演者変更、体調不良、交通機関の乱れなどの如何なる理由により入場できなかっ...",True,39v3f8hw4i,,alias,2026-09-27 10:24:12,2026-09-27 09:48:30,,,,,,,,,,,
5eqc41pqpv,,kamigata-expo-park-fes-2026,2026-10-31,,[大阪府] 万博記念公園,electronic,female,同行,れいあ,5.0,,同行,2026-09-26 01:01:13,scrape_observed,2026-09-27 00:01:19,,,listing,1,30000,"当方の同行のため岡﨑担❌
WEST名義

すり替えなし。下3桁提示可能。有効期限内。初期当選。着ブロ希望なし。郵送物戻りなし。過去エラーなし。

ランダムエラー...",True,vee8vn19yr,,alias,2026-09-27 10:24:12,2026-09-27 09:48:30,,,,,,,,,,,
o44j951gm3,,kamigata-expo-park-fes-2026,2026-10-31,,[大阪府] 万博記念公園,electronic,female,当日渡し,Me_7teor,5.0,,QR番手,2026-09-26 01:01:13,scrape_observed,2026-09-27 00:01:19,,,listing,2,0,"5名義中5番手
初期当選/有効期限内/すり替えなし/下三桁提示可能

ランダムエラー、出演者変更、体調不良、交通機関の乱れなどの如何なる理由により入場できなかっ...",True,ni301wnirj,,alias,2026-09-27 10:24:12,2026-09-27 09:48:30,,,,,,,,,,,
x1bhu60t9g,,kamigata-expo-park-fes-2026,2026-10-31,,[大阪府] 万博記念公園,electronic,female,同行,ｲ,5.0,,番手,2026-09-26 01:01:13,scrape_observed,2026-09-27 00:01:19,,,listing,2,23000,"2名義中2番手 / 初期当選 / すり替えなし / 下3桁提示可 / 有効期限内 / 該当名義(アンビ名義×2)


・8:30入場予定。

・公演当日、開場3...",True,ku6nb6ra24,,alias,2026-09-27 10:24:12,2026-09-27 09:48:30,,,,,,,,,,,
odavwmc98c,,kamigata-expo-park-fes-2026,2026-10-31,,[大阪府] 万博記念公園,electronic,female,同行,a,5.0,,番手,2026-09-26 01:01:13,scrape_observed,2026-09-27 00:01:19,,,listing,1,21000,"2名義中2番手(単番×2)
有効期限内/下3桁提示可
公演中止以外の如何なる理由（ランダムエラー、交通機関の遅延、体調不良等）でのキャンセルや返金は致しかねます...",True,gsnv5m8hym,,alias,2026-09-27 10:24:12,2026-09-27 09:48:30,,,,,,,,,,,
5gc5j9z4bh,,kamigata-expo-park-fes-2026,2026-10-31,,[大阪府] 万博記念公園,electronic,female,公演前日にログイン情報共有,M,5.0,,QR,2026-09-26 01:01:13,scrape_observed,2026-09-27 00:01:19,,,listing,2,25000,"QR毎/初期当選/下3桁提示可/有効期限内/郵送物戻りなし

前回ツアー落選かつ名義作成後初当選です。

公演前日にログイン情報をお伝えいたしますので当日入場後...",True,ve2kq39hjd,,alias,2026-09-27 10:24:12,2026-09-27 09:48:30,,,,,,,,,,,
wm0a44rv32,,kamigata-expo-park-fes-2026,2026-10-31,,[大阪府] 万博記念公園,electronic,female,QR毎,tsgjgk,5.0,,QR,2026-09-26 01:01:13,scrape_observed,2026-09-27 00:01:19,,,listing,2,35000,"WEST名義/QRごと/該当名義/重複すり替え無し/下3桁提示可/有効期限内/

公演前日にログインに必要な情報をお伝えします。
同行者登録はこちらで行います。...",True,371utatt27,,alias,2026-09-27 10:24:12,2026-09-27 09:48:30,,,,,,,,,,,
8f6niu01vf,,kamigata-expo-park-fes-2026,2026-10-31,,[大阪府] 万博記念公園,electronic,female,公演前日にログイン情報共有,h,5.0,,同行記載あり,2026-09-26 01:01:13,scrape_observed,2026-09-27 00:01:19,,,listing,2,45000,"SUPER EIGHT× SUPER EIGHT
QR毎/FC初期当選/有効期限内/下三桁提示可

QR毎でのお譲りとなります。
同行者の同意チェックはこちらで...",True,9v63s2d3sn,,alias,2026-09-27 10:24:12,2026-09-27 09:48:30,,,,,,,,,,,
1kofurvq2g,,kamigata-expo-park-fes-2026,2026-10-31,,[大阪府] 万博記念公園,electronic,female,同行,みょ,5.0,,同行記載あり,2026-09-26 01:01:13,scrape_observed,2026-09-27 00:01:19,,,listing,1,40000,"Aぇ名義/下3桁提示可/サイチェン可

・正門担との同行（正門担×）
・8:15会場付近集合予定
・当日同行が難しくなった場合、受け取り評価は必ずしていただきま...",True,f9upn59mjw,,alias,2026-09-27 10:24:12,2026-09-27 09:48:30,,,,,,,,,,,
fjthq7idhi,,kamigata-expo-park-fes-2026,2026-10-31,,[大阪府] 万博記念公園,paper,female,同時入場,🌙,5.0,,同行番手,2026-09-26 01:01:13,scrape_observed,2026-09-27 00:01:19,,,listing,2,27000,"2名義中2番手
なにわ・Aぇ名義
初期当選/すり替えなし/下3桁提示可/ND⁵・Runway(今ツ)落選名義


【お取引について】

・番手でのお譲りが難しい...",True,23gec7fr18,,alias,2026-09-27 10:24:12,2026-09-27 09:48:30,,,,,,,,,,,
7vzntaa8uq,,kamigata-expo-park-fes-2026,2026-10-31,,[大阪府] 万博記念公園,electronic,male,前日までにログイン情報共有,♡,5.0,,QR,2026-09-26 01:01:13,scrape_observed,2026-09-27 00:01:19,,,listing,2,25000,"QR毎/Aぇ名義/初期当選/下3桁提示可/有効期限内/発送物戻りなし/条件なし/ペイジー払い

QR毎のお譲りです。
代表者(男性名義)、同行者(女性名義)どち...",True,2efwq95ca4,,alias,2026-09-27 10:24:12,2026-09-27 09:48:30,,,,,,,,,,,
7f3txzvvp5,,kamigata-expo-park-fes-2026,2026-10-31,,[大阪府] 万博記念公園,electronic,female,QRごと,にゃ,5.0,,QR,2026-09-26 01:01:13,scrape_observed,2026-09-27 00:01:19,,,listing,1,30000,"なにわ名義/QRごと/該当名義/重複すり替え無し/下3桁提示可/有効期限内/

公演前日にログインに必要な情報を連絡ボードにてお伝えします。

※ランダムエラー...",True,ot2pwuq8qe,,alias,2026-09-27 10:24:12,2026-09-27 09:48:30,,,,,,,,,,,
71mm9uzzv0,,kamigata-expo-park-fes-2026,2026-10-31,,[大阪府] 万博記念公園,electronic,female,同行,y,5.0,,同行,2026-09-26 01:01:13,scrape_observed,2026-09-27 00:01:19,,,listing,1,37000,"2名義中1番手
すり替えなし/Aぇ名義/有効期限内/下3桁提示可

入場のみ一緒でも目的同じでしたら一緒に動くことも可能です。
柔軟に対応いたします。
開園から...",True,7izmayjsqi,,alias,2026-09-27 10:24:12,2026-09-27 09:48:30,,,,,,,,,,,
k8uvilkqbu,,kamigata-expo-park-fes-2026,2026-10-31,,[大阪府] 万博記念公園,electronic,female,同行,いよ,5.0,,番手,2026-09-26 01:01:13,scrape_observed,2026-09-27 00:01:19,,,listing,2,25000,"4名義中3番手/全てアンビ名義・初期当選・有効期限内・郵送物戻りなし/下3桁提示可/サイチェン可

公演当日、8:10（開場20分前）頃に会場付近にて待ち合わせ...",True,pmdozwt1cv,,alias,2026-09-27 10:24:12,2026-09-27 09:48:30,,,,,,,,,,,
bynndmrk5e,,kamigata-expo-park-fes-2026,2026-10-31,,[大阪府] 万博記念公園,electronic,female,公演前日ログイン情報共有,moe,5.0,,QR,2026-09-26 01:01:13,scrape_observed,2026-09-27 00:01:19,,,listing,2,33500,"プラベル取引/Aぇ名義/QRごと/該当名義/重複すり替え無し/下3桁提示可/有効期限内/発送物戻り無し

＊プラベルにて取引希望ですので、購入希望の方はメッセー...",True,pwwf1a5lfw,,alias,2026-09-27 10:24:12,2026-09-27 09:48:30,,,,,,,,,,,
l9m4ro7q3z,,kamigata-expo-park-fes-2026,2026-10-31,,[大阪府] 万博記念公園,electronic,female,公演当日,ぱ,4.8,,番手,2026-09-26 01:01:13,scrape_observed,2026-09-26 13:01:18,,,listing,2,18000,"2連×3名義所持、すり替えなし、全てsupereight名義
3名義中3名義目の2連をお渡しします。
開場時間(8時30分)のため8時頃には会場付近ご到着くださ...",True,fcwoa786pz,,alias,2026-09-27 10:24:12,2026-09-27 09:48:30,,,,,,,,,,,
ydp9wcu0e4,,kamigata-expo-park-fes-2026,2026-10-31,,[大阪府] 万博記念公園,electronic,female,公演前日にログイン情報お渡し,あ,5.0,,QR,2026-09-26 01:01:13,scrape_observed,2026-09-27 00:01:19,,,listing,1,40000,"WEST名義/QR毎/重複すり替え無し/下3桁提示可/有効期限内

公演前日にログインに必要な情報を連絡ボードにてお伝えします。

※ランダムエラー、出演者の欠...",True,8wzmxvkwod,,alias,2026-09-27 10:24:12,2026-09-27 09:48:30,,,,,,,,,,,
o3wdvevp69,,kamigata-expo-park-fes-2026,2026-10-31,,[大阪府] 万博記念公園,electronic,female,同行,いよ,5.0,,番手,2026-09-26 01:01:13,scrape_observed,2026-09-27 00:01:19,,,listing,2,35000,"4名義中2番手/全てアンビ名義・初期当選・有効期限内・郵送物戻りなし/下3桁提示可/サイチェン可

公演当日、8:10（開場20分前）頃に会場付近にて待ち合わせ...",True,nvz54zfjkc,,alias,2026-09-27 10:24:12,2026-09-27 09:48:30,,,,,,,,,,,
9vy6q7libm,,kamigata-expo-park-fes-2026,2026-10-31,,[大阪府] 万博記念公園,electronic,female,公演日前日にQRコード共有,あ,5.0,,QR,2026-09-26 01:01:13,scrape_observed,2026-09-27 00:01:19,,,listing,1,24000,【QRごと】初期当選　重複なし　条件なし　ペイジー支払い　有効期限内名義　着席ブロック、復活当選、制作開放席、郵便戻りではありません。希望があれば会員番号の下3...,True,qe9vjyl1fu,,alias,2026-09-27 10:24:12,2026-09-27 09:48:30,,,,,,,,,,,
mak0g9ryij,,kamigata-expo-park-fes-2026,2026-10-31,,[大阪府] 万博記念公園,electronic,female,公演日3日前までにログイン情報共有,H。,5.0,,QR,2026-09-26 01:01:13,scrape_observed,2026-09-27 01:01:03,,,listing,1,25000,"WEST.名義/QRごと/すり替えなし/下3桁提示可/初期当選/有効期限内

・公演日の3日前にログイン情報をお伝えします。ご購入いただきました時点で下3桁をお...",True,2owu7x8z6x,,alias,2026-09-27 10:24:12,2026-09-27 09:48:30,,,,,,,,,,,
8rpop35f63,,kamigata-expo-park-fes-2026,2026-10-31,,[大阪府] 万博記念公園,electronic,female,同行,いよ,5.0,,番手,2026-09-26 01:01:13,scrape_observed,2026-09-27 00:01:19,,,listing,2,17500,"4名義中4番手/全てアンビ名義・初期当選・有効期限内・郵送物戻りなし/下3桁提示可/サイチェン可

公演当日、8:10（開場20分前）頃に会場付近にて待ち合わせ...",True,u742s2oppo,,alias,2026-09-27 10:24:12,2026-09-27 09:48:30,,,,,,,,,,,
9xh8iydwjp,,kamigata-expo-park-fes-2026,2026-10-31,,[大阪府] 万博記念公園,electronic,female,2名義中2番手,A,5.0,,番手,2026-09-26 01:01:13,scrape_observed,2026-09-27 00:01:19,,,listing,2,21000,"2名義中2番手/Aぇ･エイト名義/初期当選/すり替えなし/下3桁提示可

同時入場後、当方の選ばなかった方のチケットをお渡しします。また、ブロック選択に少々お時...",True,6m872zisnn,,alias,2026-09-27 10:24:12,2026-09-27 09:48:30,,,,,,,,,,,
0e20suz9p0,,kamigata-expo-park-fes-2026,2026-10-31,,[大阪府] 万博記念公園,electronic,female,同行,L,5.0,,番手,2026-09-26 01:01:13,scrape_observed,2026-09-27 00:01:19,,,listing,2,50000,"6名義中2番手/初期当選/有効期限内/すり替えなし/下三桁提示可能

ランダムエラー、出演者変更、体調不良、交通機関の乱れなどの如何なる理由により入場できなかっ...",True,b9qnwnipsv,,alias,2026-09-27 10:24:12,2026-09-27 09:48:30,,,,,,,,,,,
zfx6q9o0kh,,kamigata-expo-park-fes-2026,2026-10-31,,[大阪府] 万博記念公園,electronic,female,同行,L,5.0,,同行,2026-09-26 01:01:13,scrape_observed,2026-09-27 00:01:19,,,listing,1,22000,"6名義中4番手/初期当選/有効期限内/すり替えなし/下三桁提示可能

ランダムエラー、出演者変更、体調不良、交通機関の乱れなどの如何なる理由により入場できなかっ...",True,ypbio9z38o,,alias,2026-09-27 10:24:12,2026-09-27 09:48:30,,,,,,,,,,,
ncx6s1tvql,,kamigata-expo-park-fes-2026,2026-11-01,,[大阪府] 万博記念公園,electronic,none,公演日1日前にQRコード共有,めんた,5.0,,QR,2026-09-26 01:01:13,scrape_observed,2026-09-27 00:01:19,,,listing,2,25000,"なにわ男子FC✕なにわ男子FC/初期選/QR毎/すり替えなし/有効期限内／エラー歴等なし/下3桁提示可/Pay-easy
支払い
公演日前日に連絡ボードにてログ...",True,9dn8e5nzn3,,alias,2026-09-27 10:24:12,2026-09-27 09:48:30,,,,,,,,,,,
rzsnqdscun,,kamigata-expo-park-fes-2026,2026-11-01,,[大阪府] 万博記念公園,electronic,female,公演前日まで,D,5.0,,番手,2026-09-26 01:01:13,scrape_observed,2026-09-27 00:01:19,,,listing,1,28000,"2名義中2番手/エイト×2名義/初期当選/有効期限名義のみ/すり替えなし

当日、開場時間前に会場付近で待ち合わせし、同時入場していただきます。
入場後はチケッ...",True,w8jjkxyh6t,,alias,2026-09-27 10:24:12,2026-09-27 09:48:30,,,,,,,,,,,
5uxj5tst6z,,kamigata-expo-park-fes-2026,2026-11-01,,[大阪府] 万博記念公園,electronic,female,公演日前日にログイン情報お渡し,も,5.0,,QR,2026-09-26 01:01:13,scrape_observed,2026-09-27 00:01:19,,,listing,2,32000,"WESTを含まずFC×FCでの当選です。
初期当選/有効期限内/下3桁提示可能/過去エラー・発送物戻り無

公演日前日にログイン情報をお渡しします。赤線対策のた...",True,cucooc0rz1,,alias,2026-09-27 10:24:12,2026-09-27 09:48:30,,,,,,,,,,,
cyrsrk3e9a,,kamigata-expo-park-fes-2026,2026-11-01,,[大阪府] 万博記念公園,electronic,female,QRの為未定,39,5.0,,番手,2026-09-26 01:01:13,scrape_observed,2026-09-27 00:01:19,,,listing,1,21000,"2名義中2番手 / すり替えなし / 下3桁提示可 /  有効期限内 / どちらも局名義

・公演当日、会場付近に集合し同時入場する予定です。
・当方が選ばなか...",True,8lj1av0qjc,,alias,2026-09-27 10:24:12,2026-09-27 09:48:30,,,,,,,,,,,
4nvwgtkzst,,kamigata-expo-park-fes-2026,2026-11-01,,[大阪府] 万博記念公園,electronic,none,公演日当日にQRコード共有,めんた,5.0,,QR,2026-09-26 01:01:13,scrape_observed,2026-09-27 00:01:19,,,listing,2,25000,"なにわ男子FC✕なにわ男子FC/初期選/QR毎/すり替えなし/有効期限内／エラー歴等なし/下3桁提示可/Pay-easy
支払い
公演日前日に連絡ボードにてログ...",True,njpkk2jw2b,,alias,2026-09-27 10:24:12,2026-09-27 09:48:30,,,,,,,,,,,
oq8pv7bwh3,,kamigata-expo-park-fes-2026,2026-11-01,,[大阪府] 万博記念公園,electronic,female,同行,28,5.0,,同行,2026-09-26 01:01:13,scrape_observed,2026-09-27 00:01:19,,,listing,1,33000,"FC先行 座席未定 初期当選 有効期限内 重複すり替えなし 会員番号下3桁提示可能 着ブロ希望なし

公演当日、開演 1時間前〜30分前頃に会場付近にて待ち合わ...",True,meelnngq41,,alias,2026-09-27 10:24:12,2026-09-27 09:48:30,,,,,,,,,,,
v99xsrfgac,,kamigata-expo-park-fes-2026,2026-11-01,,[大阪府] 万博記念公園,electronic,female,当日朝ログイン,yu,5.0,,QR,2026-09-26 01:01:13,scrape_observed,2026-09-27 00:01:19,,,listing,2,25000,"ジュニア情報局 / QR毎 / 下3桁提示可 / 有効期限内

・公演当日の朝にログイン情報送付、または待ち合わせの上買い手の端末でログイン致します。
・ランダ...",True,vlaynqf60f,,alias,2026-09-27 10:24:12,2026-09-27 09:48:30,,,,,,,,,,,
k8dvnyacvm,,kamigata-expo-park-fes-2026,2026-11-01,,[大阪府] 万博記念公園,electronic,female,公演日前日にログイン情報共有,a,5.0,,QR,2026-09-26 01:01:13,scrape_observed,2026-09-27 01:01:03,,,listing,2,35000,"WEST.名義/QR毎/下3桁提示可/初期当選/有効期限内/発送物戻りなし

※ご購入いただける場合はプライベート出品に切り替えます。メッセージにてご購入いただ...",True,ia9opfitt1,,alias,2026-09-27 10:24:12,2026-09-27 09:48:30,,,,,,,,,,,
xmcpfwemom,,kamigata-expo-park-fes-2026,2026-11-01,,[大阪府] 万博記念公園,electronic,female,公演日前日にログイン情報共有,ま,4.9,,QR,2026-09-26 01:01:13,scrape_observed,2026-09-27 00:01:19,,,listing,1,20000,"QRごと/該当名義/重複すり替え無し/下3桁提示可/有効期限内/WEST.名義

公演中止の際のみ規約に従い返金対応いたします。ランダムエラー、本人確認、体調不...",True,d83xwfxko4,,alias,2026-09-27 10:24:12,2026-09-27 09:48:30,,,,,,,,,,,
hgo6dc97gn,,kamigata-expo-park-fes-2026,2026-11-01,,[大阪府] 万博記念公園,electronic,female,公演日前日にQRコード共有,m,5.0,,QR,2026-09-26 01:01:13,scrape_observed,2026-09-27 01:01:03,,,listing,2,24000,"初期当選/WEST.名義/FC×FC/すり替えなし/QR毎/有効期限内/下3桁提示可

・公演前日に連絡ボードにてログイン情報をお伝えいたします。
・ご希望であ...",True,psclrwl81w,,alias,2026-09-27 10:24:12,2026-09-27 09:48:30,,,,,,,,,,,
2mo39bfemn,,kamigata-expo-park-fes-2026,2026-11-01,,[大阪府] 万博記念公園,electronic,male,公演前日QRコード共有,も,5.0,,QR,2026-09-26 01:01:13,scrape_observed,2026-09-27 00:01:19,,,listing,2,25000,"QRごとのお譲りになります。
なにわ名義/FC×FC/初期当選/下3桁提示可能/期限内／着ブロ希望なし/ランダムエラー・発送物戻りなし
プライベート出品にします...",True,yqu9779lgw,,alias,2026-09-27 10:24:12,2026-09-27 09:48:30,,,,,,,,,,,
efj61ttar8,,kamigata-expo-park-fes-2026,2026-11-01,,[大阪府] 万博記念公園,electronic,female,公演日前日QRコード共有,S,5.0,,QR,2026-09-26 01:01:13,scrape_observed,2026-09-27 00:01:19,,,listing,1,50000,"Aぇ名義/初期当選/すり替えなし/下3桁提示可能/過去エラー歴なし
QR毎のお譲りになります。公演当日(8:30)までにログイン情報をお伝えいたします。
ランダ...",True,hfu3vpskf6,,alias,2026-09-27 10:24:12,2026-09-27 09:48:30,,,,,,,,,,,
zphs8e7nlj,,kamigata-expo-park-fes-2026,2026-11-01,,[大阪府] 万博記念公園,electronic,female,前日までにログイン情報共有,,,,QR,2026-09-26 01:01:13,scrape_observed,2026-09-26 03:01:11,,,listing,2,24000,"QR毎/Aぇ名義/初期当選/下3桁提示可/有効期限内/発送物戻りなし/条件なし/ペイジー払い
QR毎のお譲りです。
代表者同行者どちらも女性Aぇ名義の初期当選です。発送物戻りや過去エラー等はない当方管理の名義になります。
公演前日までにログイン情報をお伝えいたしますので当日入場後は速やかにログアウトし受取通知をお願いいたします。
公演中止以外の購入者様都合のキャンセルや返金はいたしかねます。
上記全てご理解頂ける方のみご購入よろしくお願いいたします。
コメントをする（0）
コメント欄はOFFです
出品者への質問はメッセージで行いましょう。
売り切れ
あなたと出品者とのやり取りが表示されます。第三者に閲覧されることはありません。
まだメッセージのやり取りはありません
売り切れ
ホーム
出品
検討中
ひろば
メッセージ
マイページ
このチケットは売り切れました
この出品はすでに購入されています。同じ日程の他のチケットをご覧ください。
同日程のチケットを探す
チケテン！
ライブ中の席交換もできる総合チケットサイト。安全な取引をサポートします。
ホーム
マイページ
お問い合わせ
お知らせ
使い方ガイド
コラム
Magazine
提携メディア
利用規約
プライバシーポリシー
特定商取引法に基づく表記
チケット不正転売禁止法について
手数料
© 2025 Wakuste LLC. All rights reserved.
ホーム
出品
検討中
ひろば
メッセージ
マイページ",True,x471s42d9f,,alias,2026-09-27 10:24:12,2026-09-27 09:48:30,,,,,,,,,,,
2tdlzqqp8j,,kamigata-expo-park-fes-2026,2026-11-01,,[大阪府] 万博記念公園,electronic,female,当日朝ログイン,yu,5.0,,QR,2026-09-26 01:01:13,scrape_observed,2026-09-27 00:01:19,,,listing,2,25000,"ジュニア情報局 / QR毎 / 下3桁提示可 / 有効期限内

・公演当日の朝にログイン情報送付、または待ち合わせの上買い手の端末でログイン致します。
・入場し...",True,9ftzq17wmt,,alias,2026-09-27 10:24:12,2026-09-27 09:48:30,,,,,,,,,,,
ghztmhzqzx,,kamigata-expo-park-fes-2026,2026-11-01,,[大阪府] 万博記念公園,electronic,female,公演前日にQR表示に必要な情報をお送りします。,ゆ,5.0,,QR,2026-09-26 01:01:13,scrape_observed,2026-09-27 00:01:19,,,listing,1,45000,"QR毎／Aぇ名義／初期当選／FC先行／座席未定／
重複すり替えなし／下3桁提示可能

【お渡し方法】
公演前日にログイン情報をお渡ししますので、ログインできるか...",True,cjuy5f57jt,,alias,2026-09-27 10:24:12,2026-09-27 09:48:30,,,,,,,,,,,
83eqs6zr1f,,kamigata-expo-park-fes-2026,2026-11-01,,[大阪府] 万博記念公園,electronic,female,公演前日にログイン情報共有,h,5.0,,QR,2026-09-26 01:01:13,scrape_observed,2026-09-27 00:01:19,,,listing,2,45000,"WESTFC×WESTFC
QR毎/FC初期当選/有効期限内/下三桁提示可

QR毎でのお譲りとなります。
同行者の同意チェックはこちらでいたしますので、代表者...",True,e3k4g2h98x,,alias,2026-09-27 10:24:12,2026-09-27 09:48:30,,,,,,,,,,,
mgg88huq0r,,kamigata-expo-park-fes-2026,2026-11-01,,[大阪府] 万博記念公園,electronic,female,同行,a,5.0,,番手,2026-09-26 01:01:13,scrape_observed,2026-09-27 00:01:19,,,listing,1,22000,"2名義中2番手(単番×2)
有効期限内/下3桁提示可
公演中止以外の如何なる理由（ランダムエラー、交通機関の遅延、体調不良等）でのキャンセルや返金は致しかねます...",True,9hgymsmb6m,,alias,2026-09-27 10:24:12,2026-09-27 09:48:30,,,,,,,,,,,
zir6rp93yl,,kamigata-expo-park-fes-2026,2026-11-01,,[大阪府] 万博記念公園,electronic,female,同行,S,5.0,,番手,2026-09-26 01:01:13,scrape_observed,2026-09-27 00:01:19,,,listing,2,20000,"2名義中2番手（2名義ともSUPER EIGHT名義）／すり替えなし／有効期限内／下3桁提示可／エラー歴なし

公演当日は、こちらが指定する時間・場所に集合して...",True,e4owa2mpgt,,alias,2026-09-27 10:24:12,2026-09-27 09:48:30,,,,,,,,,,,
0iilqmlwrs,,kamigata-expo-park-fes-2026,2026-11-01,,[大阪府] 万博記念公園,electronic,female,公演前日にログイン情報を共有,うに,5.0,,QR,2026-09-26 01:01:13,scrape_observed,2026-09-27 00:01:19,,,listing,1,22000,WEST.名義/QRごと/すり替え無し/初期当選/有効期限内/下三桁提示可,True,4psvb3ku69,,alias,2026-09-27 10:24:12,2026-09-27 09:48:30,,,,,,,,,,,
uf96wwcfuq,,kamigata-expo-park-fes-2026,2026-11-01,,[大阪府] 万博記念公園,electronic,female,前日までにログイン情報共有,♡,5.0,,QR,2026-09-26 01:01:13,scrape_observed,2026-09-27 00:01:19,,,listing,2,25000,"QR毎/Aぇ名義/初期当選/下3桁提示可/有効期限内/発送物戻りなし/条件なし/ペイジー払い

QR毎のお譲りです。
代表者同行者どちらも女性Aぇ名義の初期当選...",True,2kn8lwg45x,,alias,2026-09-27 10:24:12,2026-09-27 09:48:30,,,,,,,,,,,
v1mj8aw28z,,kamigata-expo-park-fes-2026,2026-11-01,,[大阪府] 万博記念公園,electronic,female,公演前日までにQR共有,C,5.0,,QR,2026-09-26 01:01:13,scrape_observed,2026-09-27 01:01:03,,,listing,1,23000,"情報局該当名義/初期当選/すり替えなし/下3桁提示可能/過去エラー歴なし
QR毎のお譲りになります。公演前日正午までにログイン情報をお伝えいたします。
ランダム...",True,64jdg3x34n,,alias,2026-09-27 10:24:12,2026-09-27 09:48:30,,,,,,,,,,,
3u1vmfx1wv,,kamigata-expo-park-fes-2026,2026-11-01,,[大阪府] 万博記念公園,electronic,female,前日にログイン情報共有,にら,5.0,,QR,2026-09-26 01:01:13,scrape_observed,2026-09-27 00:01:19,,,listing,1,22000,"初期当選/QR毎/WEST名義/有効期限内名義/本人確認対応不可/会員番号下3桁提示可/公演日1日前ログイン情報ご連絡いたします
",True,78y63xn5dw,,alias,2026-09-27 10:24:12,2026-09-27 09:48:30,,,,,,,,,,,
rugk498f61,,tvasahi-dream-festival-2026,2026-11-21,15:00,Kアリーナ横浜,paper,female,当日手渡し,な,5.0,,ランダム,2026-09-26 01:01:13,scrape_observed,2026-09-27 00:01:19,,,listing,2,13000,"すり替えなしランダム/ 9名義中7.8.9番手に変更可能/全名義いち早ぴあプレ枠
・全てアプグレ申し込み予定
・アプグレ当選の場合、当選席選択した際に限りアプグ...",True,f440r2b0j4,,alias,2026-09-27 10:51:50,2026-09-27 09:48:30,,,,,,,,,,,
du9c3nivba,,tvasahi-dream-festival-2026,2026-11-21,15:00,Kアリーナ横浜,paper,none,当日手渡し,ぽぽ,5.0,,番手,2026-09-26 01:01:13,scrape_observed,2026-09-26 15:01:15,,,listing,2,25000,"4名義中2番手
プラベル変更可能な方お値下げいたします
アプグレ当選0.7上乗せ可能な方
本人確認対応不可
公演中止以外いかなる場合も返金不可(公演中止のみ手数...",True,n67nh0raba,,alias,2026-09-27 10:52:00,2026-09-27 09:48:30,,,,,,,,,,,
i9o3qn71jh,,tvasahi-dream-festival-2026,2026-11-21,15:00,Kアリーナ横浜,paper,female,当日or事前手渡し,,,,ランダム,2026-09-26 01:01:13,scrape_observed,2026-09-26 02:01:13,,,listing,2,10000,"いち早枠当選名義のみのランダム配布
全てアプグレ申し込み予定ですが、落選名義のチケットをお渡しする可能性もございます。
2連で購入の方には必ず2連でチケットお渡しいたします。
・当日開場15分前までにチケット手渡しさせて頂きます。集合時間は相談して決めますのでご安心ください。
（ご希望によっては事前郵送でも対応かのうですので事前にコメントをお願いいたしますり）
・名義数はお答えできかねます。
・公演中止以外のいかなる理由(出演者の変更、体調不良、本人確認、待ち合わせへの遅刻等)への返金対応は不可になります。
上記内容をご理解頂ける成人済みの方のみご購入をお願いいたします。
コメントをする（0）
コメント欄はOFFです
出品者への質問はメッセージで行いましょう。
売り切れ
あなたと出品者とのやり取りが表示されます。第三者に閲覧されることはありません。
まだメッセージのやり取りはありません
売り切れ
ホーム
出品
検討中
ひろば
メッセージ
マイページ
このチケットは売り切れました
この出品はすでに購入されています。同じ日程の他のチケットをご覧ください。
同日程のチケットを探す
チケテン！
ライブ中の席交換もできる総合チケットサイト。安全な取引をサポートします。
ホーム
マイページ
お問い合わせ
お知らせ
使い方ガイド
コラム
Magazine
提携メディア
利用規約
プライバシーポリシー
特定商取引法に基づく表記
チケット不正転売禁止法について
手数料
© 2025 Wakuste LLC. All rights reserved.
ホーム
出品
検討中
ひろば
メッセージ
マイページ",True,idp564il4p,,alias,2026-09-27 10:52:02,2026-09-27 09:48:30,,,,,,,,,,,
umnbebca39,,tvasahi-dream-festival-2026,2026-11-21,15:00,Kアリーナ横浜,electronic,female,公演3日前に受け渡し方法共有,ら,4.9,,,2026-09-26 01:01:13,scrape_observed,2026-09-27 00:01:19,,,listing,2,14500,"チケットぴあ いち早プレリザーブでの当選

11/18(木)に発券番号をお伝えしますのでご自身で発券をお願いいたします。

必ず発券次第速やかに受け取り連絡をお...",True,48a8jjdpjl,,alias,2026-09-27 10:51:50,2026-09-27 09:48:30,,,,,,,,,,,
gupb3w025u,,tvasahi-dream-festival-2026,2026-11-21,15:00,Kアリーナ横浜,paper,female,当日手渡し,な,5.0,,番手,2026-09-26 01:01:13,scrape_observed,2026-09-27 00:01:19,,,listing,2,13500,"9名義中9番手/全名義いち早ぴあプレ枠
・全てアプグレ申し込み予定
・アプグレ当選の場合、当選席選択した場合に限りアプグレ定価分(＋0.7/枚)当日支払いお願い...",True,y3pd80vtau,,alias,2026-09-27 10:51:51,2026-09-27 09:48:30,,,,,,,,,,,
fefus8evhu,,tvasahi-dream-festival-2026,2026-11-21,15:00,Kアリーナ横浜,paper,female,当日手渡し,な,5.0,,番手,2026-09-26 01:01:13,scrape_observed,2026-09-27 00:01:19,,,listing,2,14500,"9名義中8番手/全名義いち早ぴあプレ枠
・全てアプグレ申し込み予定
・アプグレ当選の場合、当選席選択した場合に限りアプグレ定価分(＋0.7/枚)当日支払いお願い...",True,1wgnn9opof,,alias,2026-09-27 10:51:51,2026-09-27 09:48:30,,,,,,,,,,,
efpvw1agny,,tvasahi-dream-festival-2026,2026-11-21,15:00,Kアリーナ横浜,paper,female,当日手渡し,な,5.0,,番手,2026-09-26 01:01:13,scrape_observed,2026-09-27 00:01:19,,,listing,2,15000,"9名義中7番手/全名義いち早ぴあプレ枠
・全てアプグレ申し込み予定
・アプグレ当選の場合、当選席選択した場合に限りアプグレ定価分(＋0.7/枚)当日支払いお願い...",True,av370811vh,,alias,2026-09-27 10:51:52,2026-09-27 09:48:30,,,,,,,,,,,
xe4c131o2h,,tvasahi-dream-festival-2026,2026-11-21,15:00,Kアリーナ横浜,electronic,female,公演日3日前よりご自身で発券,A,5.0,,番手,2026-09-26 01:01:13,scrape_observed,2026-09-27 00:01:19,,,listing,2,13500,"いち早ぴあプレ枠/4名義中4番手/すり替えなし

すべてアプグレ申し込み予定です。
当選した場合1.0上乗せして頂きます。

当日会場付近で待ち合わせし、チケッ...",True,01yluq45wk,,alias,2026-09-27 10:51:52,2026-09-27 09:48:30,,,,,,,,,,,
qjtrtq3sdr,,tvasahi-dream-festival-2026,2026-11-21,15:00,Kアリーナ横浜,electronic,female,分配、不可の場合発券番号,かい,5.0,,,2026-09-26 01:01:13,scrape_observed,2026-09-27 00:01:19,,,listing,2,18000,"いち早プレリザーブ当選分、重複なし
11/18 12:00〜チケットぴあ分配、もしくは発券番号をお知らせいたします。

※公演中止以外の返金、キャンセル不可",True,3kfzz8ezhq,,alias,2026-09-27 10:51:53,2026-09-27 09:48:30,,,,,,,,,,,
647eislynk,,tvasahi-dream-festival-2026,2026-11-21,15:00,Kアリーナ横浜,paper,female,当日手渡し,な,5.0,,ランダム記載あり,2026-09-26 01:01:13,scrape_observed,2026-09-27 00:01:19,,,listing,2,15000,"いち早プレリザーブ ぴあプレ枠での当選
すり替えなし

上乗せでアプグレ対応可
希望の場合は事前にメッセージお願いいたします。

アプグレ落選時、ランダムエラー...",True,qy2ew1tsim,,alias,2026-09-27 10:51:53,2026-09-27 09:48:30,,,,,,,,,,,
bf3cg4kx81,,tvasahi-dream-festival-2026,2026-11-21,15:00,Kアリーナ横浜,paper,female,当日手渡し,な,5.0,,番手,2026-09-26 01:01:13,scrape_observed,2026-09-27 00:01:19,,,listing,1,19000,"9名義中4番手(2連中の1枚)/全名義いち早ぴあプレ枠
・全てアプグレ申し込み予定
・アプグレ当選の場合、当選席選択した場合に限りアプグレ定価分(＋0.7/枚)...",True,gq1qyc2mm6,,alias,2026-09-27 10:51:53,2026-09-27 09:48:30,,,,,,,,,,,
f4onx8ttby,,tvasahi-dream-festival-2026,2026-11-21,15:00,Kアリーナ横浜,electronic,female,当日手渡し,A,5.0,,番手,2026-09-26 01:01:13,scrape_observed,2026-09-27 00:01:19,,,listing,2,13500,"いち早ぴあプレ枠/4名義中4番手/すり替えなし

すべてアプグレ申し込み予定です。
当選した場合1.0上乗せして頂きます。

当日会場付近で待ち合わせし、チケッ...",True,tn5junbp8j,,alias,2026-09-27 10:51:53,2026-09-27 09:48:30,,,,,,,,,,,
as23c76vx2,,tvasahi-dream-festival-2026,2026-11-21,15:00,Kアリーナ横浜,electronic,female,当日手渡し,な,5.0,,ランダム記載あり,2026-09-26 01:01:13,scrape_observed,2026-09-27 00:01:19,,,listing,2,14700,"いち早プレリザーブ ぴあプレ枠
すり替えなしランダム(上乗せで番手への変更可)

全名義アプグレ申込予定
アプグレ当選時:追加で定価手数料お支払い


公演中止...",True,x3n9tuwp9x,,alias,2026-09-27 10:51:54,2026-09-27 09:48:30,,,,,,,,,,,
qykw4vztf1,,tvasahi-dream-festival-2026,2026-11-21,15:00,Kアリーナ横浜,paper,female,当日手渡し,y♡,5.0,,番手,2026-09-26 01:01:13,scrape_observed,2026-09-27 00:01:19,,,listing,3,15000,"いち早プレリザーブ　ぴあプレ枠
2名義中2番手　本人確認対応可

・アプグレ申し込み予定です。
・アプグレ当選時、アプグレ定価分当日頂戴いたします。
・公演当日...",True,d31ilm10o2,,alias,2026-09-27 10:51:54,2026-09-27 09:48:30,,,,,,,,,,,
w82v6n6yr7,,tvasahi-dream-festival-2026,2026-11-21,15:00,Kアリーナ横浜,paper,female,手渡し,みょ,5.0,,同行,2026-09-26 01:01:13,scrape_observed,2026-09-27 00:01:19,,,listing,3,34000,"⭐️ぴあプレで当選（アプグレ予定）⭐️

・正門担×
・4連中3枚のお譲り（バラ可能）

・当日当方と合流後に受け取り評価をしていただきます。
・体調不良や公共...",True,2tbu72q4b2,,alias,2026-09-27 10:51:55,2026-09-27 09:48:30,,,,,,,,,,,
pklbu9bwxs,,tvasahi-dream-festival-2026,2026-11-22,15:00,Kアリーナ横浜,paper,female,当日手渡し,linlang0323,5.0,,,2026-09-26 01:01:13,scrape_observed,2026-09-27 00:01:19,,,listing,2,14900,"オフィシャル2次 アプグレ申し込み予定
2番手
公演中止以外のいかなる場合も返金不可",True,lnbp2yhcsz,,alias,2026-09-27 10:51:55,2026-09-27 09:48:30,,,,,,,,,,,
9wty92g1rt,,tvasahi-dream-festival-2026,2026-11-22,15:00,Kアリーナ横浜,paper,female,当日手渡し,み,5.0,,番手,2026-09-26 01:01:13,scrape_observed,2026-09-27 00:01:19,,,listing,4,15000,"オフィシャル2次先行
2名義中2番手
アプグレ申し込み予定
(アプグレ当選時代金上乗せ)

当日は会場周辺に指定時間にお集まりいただきチケットをお渡しいたします...",True,gdwrycf51w,,alias,2026-09-27 10:51:55,2026-09-27 09:48:30,,,,,,,,,,,
xgav4rjkvr,,tvasahi-dream-festival-2026,2026-11-22,15:00,Kアリーナ横浜,paper,female,当日手渡し,S,5.0,,ランダム記載あり,2026-09-26 01:01:13,scrape_observed,2026-09-27 00:01:19,,,listing,2,25000,"いち早ぴあプレ枠にて当選
アプグレ申し込み可　
アプグレ当選時差額を当日チケットと引き換えに現金にてお渡し下さい
アプグレ落選時のキャンセルや返金不可

出演者...",True,52r5d0h26u,,alias,2026-09-27 10:51:55,2026-09-27 09:48:30,,,,,,,,,,,
e11ymak33e,,tvasahi-dream-festival-2026,2026-11-22,15:00,Kアリーナ横浜,paper,none,発券後公演2日前までに発送予定,8,5.0,,,2026-09-26 01:01:13,scrape_observed,2026-09-27 00:01:19,,,listing,2,15000,"本人確認対応不可。
中止の場合のみ返金",True,g4zf76j0vp,,alias,2026-09-27 10:51:56,2026-09-27 09:48:30,,,,,,,,,,,
2qv0ajhna0,,tvasahi-dream-festival-2026,2026-11-23,15:00,Kアリーナ横浜,paper,female,当日手渡し、郵送、都内手渡しも可能です,mina37,5.0,,同行,2026-09-26 01:01:13,scrape_observed,2026-09-26 12:01:12,,,listing,1,15000,"オフィシャル最速先行　重複なし同行
公演中止の場合手数料を差引いた金額を返金致します。中止以外の返金不可。",True,ln9vvnrttc,,alias,2026-09-27 10:52:00,2026-09-27 09:48:30,,,,,,,,,,,
bqpwwt5wkw,,tvasahi-dream-festival-2026,2026-11-23,15:00,Kアリーナ横浜,pickup_number,female,公演日5日前までに発券番号共有,R,5.0,,,2026-09-26 01:01:13,scrape_observed,2026-09-26 12:01:12,,,listing,2,15000,オフィシャル先行/発券番号でのお譲り,True,7okc97bfb4,,alias,2026-09-27 10:52:00,2026-09-27 09:48:30,,,,,,,,,,,
zksf2yyopt,,tvasahi-dream-festival-2026,2026-11-23,15:00,Kアリーナ横浜,paper,female,発券後に郵送/発券番号ごと,R,5.0,,,2026-09-26 01:01:13,scrape_observed,2026-09-27 00:01:19,,,listing,2,16000,オフィシャル先行/発券番号ごと可/重複なし/郵送はこちらが負担します。,True,itbt70jjdw,,alias,2026-09-27 10:51:56,2026-09-27 09:48:30,,,,,,,,,,,
92ixke4oym,,tvasahi-dream-festival-2026,2026-11-23,15:00,Kアリーナ横浜,paper,female,当日手渡しまたは分配,あ,5.0,,,2026-09-26 01:01:13,scrape_observed,2026-09-27 00:01:19,,,listing,2,20000,"いち早ぴあプレ枠 / アプグレ応募予定

体調不良、交通機関の遅延、公演中止以外いかなる場合もキャンセルや返金はいたしかねます。",True,m6o7u13c9z,,alias,2026-09-27 10:51:57,2026-09-27 09:48:30,,,,,,,,,,,
zwqntewh5j,,kamigata-expo-park-fes-2026,2026-10-31,,[大阪府] 万博記念公園,electronic,female,公演日前日にログイン情報共有します。,るる,5.0,,QR,2026-09-26 02:01:13,scrape_observed,2026-09-27 01:01:03,,,listing,2,38000,"QR毎/初期当選/有効期限内/重複すり替えなし/下3桁提示可/発送物戻りなし/過去エラー等なし/WEST.名義

公演前日にログイン情報共有いたしますのでご自身...",True,4t3lsjoy06,,alias,2026-09-27 10:24:12,2026-09-27 09:48:30,,,,,,,,,,,
vq9wepglfa,,kamigata-expo-park-fes-2026,2026-10-31,,[大阪府] 万博記念公園,electronic,female,同行,ari,5.0,,番手,2026-09-26 02:01:13,scrape_observed,2026-09-27 01:01:03,,,listing,1,30000,"3名義所持(2連×1名義、単番×2名義)/4枚中2番手/初期当選/Aぇ名義/有効期限内/すり替えなし/下3桁提示可

プラベルでのお取引希望の方は移行させていた...",True,42casurh0k,,alias,2026-09-27 10:24:12,2026-09-27 09:48:30,,,,,,,,,,,
dxxoag74te,,kamigata-expo-park-fes-2026,2026-10-31,,[大阪府] 万博記念公園,electronic,female,初期当選、単番QR毎、重複すり替えなし、有効期限内、下3桁可能,J,5.0,,QR,2026-09-26 02:01:13,scrape_observed,2026-09-27 01:01:03,,,listing,1,48000,前日になりましたらログイン情報ご提示いたします。買い手の方で同意チェックしてご入場ください。本人確認、ランダムエラー対応はできません。公演中止のみ返金いたします...,True,vzqkei5bn5,,alias,2026-09-27 10:24:12,2026-09-27 09:48:30,,,,,,,,,,,
ekuz5u5pic,,kamigata-expo-park-fes-2026,2026-10-31,,[大阪府] 万博記念公園,electronic,female,同行,か,5.0,,番手,2026-09-26 02:01:13,scrape_observed,2026-09-27 01:01:03,,,listing,2,25000,"2名義中2番手/全てジュニア名義/初期当選/下3桁提示可能/エラー、郵送物戻りなし

・8:30までに集合可能な方のみご購入ください。

・同時入場後一旦チケッ...",True,i2u47xyh56,,alias,2026-09-27 10:24:12,2026-09-27 09:48:30,,,,,,,,,,,
gyxjkhbspv,,kamigata-expo-park-fes-2026,2026-10-31,,[大阪府] 万博記念公園,electronic,female,同行,🦀,5.0,,同行番手,2026-09-26 02:01:13,scrape_observed,2026-09-27 01:01:03,,,listing,2,33000,"2番手中2番
全てAぇ名義/変更ボタンあり/初期当選/期限内/下3桁提示可能/すり替えなし

公演当日、こちらが指定した時間に会場付近にて待ち合わせのうえ、同時...",True,ha9tqm2i2z,,alias,2026-09-27 10:24:12,2026-09-27 09:48:30,,,,,,,,,,,
xsjz1gzdoh,,kamigata-expo-park-fes-2026,2026-10-31,,[大阪府] 万博記念公園,electronic,female,同行,★,5.0,,番手,2026-09-26 02:01:13,scrape_observed,2026-09-27 01:01:03,,,listing,2,33000,"初期当選/3名義中3番手/有効期限名義のみ/WEST×WEST・Aぇ×Aぇ/すり替えなし/下3桁提示可

プラベルでのお取引可能な方はお申し付けください。...",True,bnvtti7nm6,,alias,2026-09-27 10:24:12,2026-09-27 09:48:30,,,,,,,,,,,
cj9pfpa6ni,,kamigata-expo-park-fes-2026,2026-10-31,,[大阪府] 万博記念公園,electronic,female,入金後24時間以内にQRコード共有,さ,5.0,,番手,2026-09-26 02:01:13,scrape_observed,2026-09-27 01:01:03,,,listing,1,50000,3名義中2番手です。,True,znrce3ieor,,alias,2026-09-27 10:24:12,2026-09-27 09:48:30,,,,,,,,,,,
8u6zcp93og,,kamigata-expo-park-fes-2026,2026-10-31,,[大阪府] 万博記念公園,electronic,female,同行,m,5.0,,同行,2026-09-26 02:01:13,scrape_observed,2026-09-27 01:01:03,,,listing,1,38000,"2名義中1番手同行/初期当選/Aぇ名義/有効期限内/すり替えなし/下3桁提示可

プラベ出品でのお取引に移行させていただきますので、メッセージをお願いします。...",True,wlvsxh2vgi,,alias,2026-09-27 10:24:12,2026-09-27 09:48:30,,,,,,,,,,,
o9itjpza8c,,kamigata-expo-park-fes-2026,2026-10-31,,[大阪府] 万博記念公園,electronic,female,公演日前日までにQRコード共有,ちゃ,4.6,,QR,2026-09-26 02:01:13,scrape_observed,2026-09-27 01:01:03,,,listing,1,38000,WEST.名義/QR毎/重複すり替えなし/初期当選/前回アリツア落選/該当舞台落選/有効期間内/変更ボタンあり/下３桁提示/公演前日までに連絡ボードにてログイン...,True,x9bjf1q6g0,,alias,2026-09-27 10:24:12,2026-09-27 09:48:30,,,,,,,,,,,
khxlu2roac,,kamigata-expo-park-fes-2026,2026-10-31,,[大阪府] 万博記念公園,electronic,female,公演日前日にログイン情報を共有します。,みぃ,5.0,,QR,2026-09-26 02:01:13,scrape_observed,2026-09-27 01:01:03,,,listing,1,30000,"QR毎・初期当選・公演日有効期限内・重複すり替えなし・下3桁提示可・発送物戻りなし・過去エラー等なし・SUPER EIGHT名義(武道館、FES落選)

公演前...",True,4kd4uvlr8z,,alias,2026-09-27 10:24:12,2026-09-27 09:48:30,,,,,,,,,,,
sqerx4bykq,,kamigata-expo-park-fes-2026,2026-10-31,,[大阪府] 万博記念公園,electronic,female,2名義中2番手 同行,M,5.0,,番手,2026-09-26 02:01:13,scrape_observed,2026-09-27 01:01:03,,,listing,1,20000,"初期当選/2名義中2番手/有効期限内/Aぇ×Aぇ名義/すり替えなし

・当方の都合により入場時間が8時半以降となるため、それでも問題ない方のみ購入をご検討くださ...",True,lxga8zhbai,,alias,2026-09-27 10:24:12,2026-09-27 09:48:30,,,,,,,,,,,
x32bo0fwqm,,kamigata-expo-park-fes-2026,2026-10-31,,[大阪府] 万博記念公園,electronic,female,公演前日にQRコード共有,こ,5.0,,QR,2026-09-26 02:01:13,scrape_observed,2026-09-27 01:01:03,,,listing,1,32000,"なにわ名義/有効期限内 /下3桁開示可/前回アリツア落選/エラーなし
公演前日に連絡ボードにてログイン情報お伝えします。入場後は速やかにログアウト及び受け取り評...",True,dpstfyc0ec,,alias,2026-09-27 10:24:12,2026-09-27 09:48:30,,,,,,,,,,,
oyw0fjffdg,,kamigata-expo-park-fes-2026,2026-10-31,,[大阪府] 万博記念公園,electronic,female,QR,☆,5.0,,同行記載あり,2026-09-26 02:01:13,scrape_observed,2026-09-27 01:01:03,,,listing,2,30000,QRごと。FC×FC当選。すり替えなし。下3桁提示可能。有効期限内。初期当選。着ブロ希望なし。郵送物戻りなし。コンビニ決済。過去エラーなし。同行者チェックのみこ...,True,pdiiybkqs0,,alias,2026-09-27 10:24:12,2026-09-27 09:48:30,,,,,,,,,,,
zkecm0y754,,kamigata-expo-park-fes-2026,2026-10-31,,[大阪府] 万博記念公園,electronic,female,公演前日18時以降にログイン情報お渡し,39,5.0,,QR,2026-09-26 02:01:13,scrape_observed,2026-09-27 01:01:03,,,listing,2,30000,"ジュニア情報局 / QR毎 / 下3桁提示可 / 有効期限内

・事前同行者登録の為、前日18時以降に同行者分のみ同意チェックをしログイン情報をお伝えします。...",True,j5odos6rba,,alias,2026-09-27 10:24:12,2026-09-27 09:48:30,,,,,,,,,,,
dzaisg680e,,kamigata-expo-park-fes-2026,2026-10-31,,[大阪府] 万博記念公園,electronic,female,同行,あ,5.0,,ランダム記載あり,2026-09-26 02:01:13,scrape_observed,2026-09-27 01:01:03,,,listing,2,30000,"

FC先行/有効期限内/全てAぇ名義/3名義中2番手/すり替えなし/下3桁提示可

・入場後はチケットを一旦回収し、当方が座席を選択した後に順次チケットをお渡...",True,k8ewa92y9i,,alias,2026-09-27 10:24:12,2026-09-27 09:48:30,,,,,,,,,,,
2oppu5h8lg,,kamigata-expo-park-fes-2026,2026-10-31,,[大阪府] 万博記念公園,electronic,female,2名義中2番手,とり,5.0,,番手,2026-09-26 02:01:13,scrape_observed,2026-09-26 12:01:12,,,listing,2,18000,"デビュー組FC先行/有効期限内のみ/2名義中2番手/すり替えなし

当日の集合時間・場所等に関しては公演が近くなり次第、または詳細が発表され次第、連絡ボードにて...",True,nf31thkaya,,alias,2026-09-27 10:24:12,2026-09-27 09:48:30,,,,,,,,,,,
9r2bittexd,,kamigata-expo-park-fes-2026,2026-10-31,,[大阪府] 万博記念公園,electronic,female,公演日1日前までにQRコード共有,R,5.0,,QR,2026-09-26 02:01:13,scrape_observed,2026-09-27 01:01:03,,,listing,1,35000,"なにわ男子名義 / QR毎 / 重複すり替えなし / 初期当選 / 有効期間内 / 下3桁提示
公演前日までに連絡ボードにてログイン情報をお伝えします。入場後は...",True,kb3i2jgo88,,alias,2026-09-27 10:24:12,2026-09-27 09:48:30,,,,,,,,,,,
pqhfihiwh5,,kamigata-expo-park-fes-2026,2026-10-31,,[大阪府] 万博記念公園,electronic,female,公演日全日にQRコード共有,re,5.0,,QR,2026-09-26 02:01:13,scrape_observed,2026-09-27 01:01:03,,,listing,1,30000,"ジュニア名義/QRごと/該当名義/重複すり替え無し/下3桁提示可/有効期限内/

公演前日にログインに必要な情報を連絡ボードにてお伝えします。

※ランダムエラ...",True,62n4kepu2g,,alias,2026-09-27 10:24:12,2026-09-27 09:48:30,,,,,,,,,,,
zgr7qxyq6v,,kamigata-expo-park-fes-2026,2026-10-31,,[大阪府] 万博記念公園,electronic,female,公演日前日にログイン情報共有,R,5.0,,QR,2026-09-26 02:01:13,scrape_observed,2026-09-27 01:01:03,,,listing,1,50000,"初期当選、有効期限内、下3桁提示可、重複すり替えなし

公演日前日にログイン情報を連絡ボードにてお伝え致します。公演日当日入場後は速やかにログアウトして頂き、必...",True,ha66kzxzsi,,alias,2026-09-27 10:24:12,2026-09-27 09:48:30,,,,,,,,,,,
hth78zds43,,kamigata-expo-park-fes-2026,2026-10-31,,[大阪府] 万博記念公園,electronic,female,公演日前日までにログイン情報共有,C,5.0,,QR,2026-09-26 02:01:13,scrape_observed,2026-09-27 01:01:03,,,listing,2,35000,FC初期当選 / なにわ名義 / 重複すり替えなし / QR毎2連 / 郵送物エラー等なし / 下3桁提示可,True,bjwy6j8tuj,,alias,2026-09-27 10:24:12,2026-09-27 09:48:30,,,,,,,,,,,
7sbnlyanlb,,kamigata-expo-park-fes-2026,2026-10-31,,[大阪府] 万博記念公園,electronic,male,同行,K,5.0,,同行,2026-09-26 02:01:13,scrape_observed,2026-09-27 01:01:03,,,listing,1,55000,"2連中1枚同行/なにわ名義/有効期限内/下3桁提示可

・公演当日、会場付近にて集合し、同時入場していただきます。
・座席に関するクレームはお受けできません。...",True,qmicwaxsm9,,alias,2026-09-27 10:24:12,2026-09-27 09:48:30,,,,,,,,,,,
at5zo2m3kq,,kamigata-expo-park-fes-2026,2026-10-31,,[大阪府] 万博記念公園,electronic,female,同行,り,5.0,,ランダム記載あり,2026-09-26 02:01:13,scrape_observed,2026-09-27 01:01:03,,,listing,2,70000,"7名義中2番手
初期当選/なにわ名義×情報局該当名義/有効期限内/すり替えなし/下三桁提示可能

ランダムエラー、出演者変更、体調不良、交通機関の乱れなどの如何...",True,8d61rh58ff,,alias,2026-09-27 10:24:12,2026-09-27 09:48:30,,,,,,,,,,,
h2ib4vt52n,,kamigata-expo-park-fes-2026,2026-10-31,,[大阪府] 万博記念公園,electronic,female,同行,M,5.0,,番手,2026-09-26 02:01:13,scrape_observed,2026-09-27 01:01:03,,,listing,2,39500,"2名義中2番手/初期当選/Aぇ名義/期限内/下3桁提示可

スーツケース等、大きな手荷物は事前に預けた状態でお越しください。

詳しい集合時間/場所につきまして...",True,h8bzw7gtu8,,alias,2026-09-27 10:24:12,2026-09-27 09:48:30,,,,,,,,,,,
aomdck8qot,,kamigata-expo-park-fes-2026,2026-10-31,,[大阪府] 万博記念公園,electronic,female,当日渡し,Me_7teor,5.0,,QR番手,2026-09-26 02:01:13,scrape_observed,2026-09-27 01:01:03,,,listing,2,0,"5名義中3番手
初期当選/有効期限内/すり替えなし/下三桁提示可能

ランダムエラー、出演者変更、体調不良、交通機関の乱れなどの如何なる理由により入場できなかっ...",True,4ztem7yagl,,alias,2026-09-27 10:24:12,2026-09-27 09:48:30,,,,,,,,,,,
qzpracssyi,,kamigata-expo-park-fes-2026,2026-10-31,,[大阪府] 万博記念公園,electronic,female,3名義中2番手,m,5.0,,番手,2026-09-26 02:01:13,scrape_observed,2026-09-27 01:01:03,,,listing,2,32000,"3名義中2番手/初期当選のみ/Jr該当×Aぇのみ/すり替えなし/下3桁提示可/有効期限内名義/発送物戻りなし

当日は、会場付近で集合し同時入場いたします。
未...",True,ak2l433pet,,alias,2026-09-27 10:24:12,2026-09-27 09:48:30,,,,,,,,,,,
2kwzhlevcc,,kamigata-expo-park-fes-2026,2026-10-31,,[大阪府] 万博記念公園,electronic,female,公演日前日にQRコード共有,にゃん,5.0,,QR,2026-09-26 02:01:13,scrape_observed,2026-09-27 01:01:03,,,listing,2,32000,"QRごと なにわ名義 有効期限内 下3桁開示可 女性名義
前日までにログイン情報をお伝えさせていただきますので、ログインし確認お願いいたします。
同行者登録はこ...",True,vgrqvwux2y,,alias,2026-09-27 10:24:12,2026-09-27 09:48:30,,,,,,,,,,,
nsedxmqduh,,kamigata-expo-park-fes-2026,2026-10-31,,[大阪府] 万博記念公園,electronic,female,公演前日QR共有,チケちゃん,4.8,,QR,2026-09-26 02:01:13,scrape_observed,2026-09-27 01:01:03,,,listing,1,48000,"単番QR毎/なにわ名義 / 初期当選 / 有効期限内名義 / すり替え重複なし / 下3桁提示可能/過去当選歴なし/エラーなし/発送物戻りなし

※必ずご確認く...",True,2za2yzdoso,,alias,2026-09-27 10:24:12,2026-09-27 09:48:30,,,,,,,,,,,
ks6tx6gfhc,,kamigata-expo-park-fes-2026,2026-10-31,,[大阪府] 万博記念公園,electronic,female,公演日前日までにQRコード共有,さ,5.0,,QR,2026-09-26 02:01:13,scrape_observed,2026-09-27 01:01:03,,,listing,1,35000,,True,gng2y7xrpr,,alias,2026-09-27 10:24:12,2026-09-27 09:48:30,,,,,,,,,,,
rp398vhfs2,,kamigata-expo-park-fes-2026,2026-10-31,,[大阪府] 万博記念公園,electronic,female,同行,mgt,5.0,,番手,2026-09-26 02:01:13,scrape_observed,2026-09-27 01:01:03,,,listing,2,60000,"6名義中2番手

初期当選、有効期限内、下3桁提示可、重複すり替えなし


ランダムエラー、出演者変更、体調不良、交通機関の乱れなどの如何なる理由により入場でき...",True,hfn2bef30g,,alias,2026-09-27 10:24:12,2026-09-27 09:48:30,,,,,,,,,,,
tvwmrdn5to,,kamigata-expo-park-fes-2026,2026-10-31,,[大阪府] 万博記念公園,electronic,female,同行,ゆちゃん,5.0,,同行,2026-09-26 02:01:13,scrape_observed,2026-09-27 01:01:03,,,listing,1,85000,"初期当選/重複すり替え無し/下3桁提示可/有効期限内//なにわ名義/FC同士
【当選歴】
1stLove アリーナ
POPMALL スタンド
Alpha 花道横...",True,w9p54irc5m,,alias,2026-09-27 10:24:12,2026-09-27 09:48:30,,,,,,,,,,,
k222u4zvrr,,kamigata-expo-park-fes-2026,2026-10-31,,[大阪府] 万博記念公園,paper,female,当日手渡し,★,5.0,,同行,2026-09-26 02:01:13,scrape_observed,2026-09-27 01:01:03,,,listing,2,50000,"初期当選/3名義中2番手/有効期限名義のみ/WEST×WEST・Aぇ×Aぇ/すり替えなし/下3桁提示可

プラベルでのお取引可能な方はお申し付けください。...",True,6hfuumw86a,,alias,2026-09-27 10:24:12,2026-09-27 09:48:30,,,,,,,,,,,
6rzw6p7nn3,,kamigata-expo-park-fes-2026,2026-10-31,,[大阪府] 万博記念公園,electronic,female,当日渡し,Me_7teor,5.0,,ランダム,2026-09-26 02:01:13,scrape_observed,2026-09-27 01:01:03,,,listing,2,24000,"ランダム配布
初期当選のみ/有効期限内/複数名義所持

ランダムエラー、出演者変更、体調不良、交通機関の乱れなどの如何なる理由により入場できなかった場合でも受け...",True,x3s2lvnbap,,alias,2026-09-27 10:24:12,2026-09-27 09:48:30,,,,,,,,,,,
7bhd5pl6fs,,kamigata-expo-park-fes-2026,2026-10-31,,[大阪府] 万博記念公園,electronic,female,同行,ari,5.0,,番手,2026-09-26 02:01:13,scrape_observed,2026-09-27 01:01:03,,,listing,1,20000,"3名義所持(2連×1名義、単番×2名義)/4枚中4番手/初期当選/Aぇ名義/有効期限内/すり替えなし/下3桁提示可

プラベルでのお取引希望の方は移行させていた...",True,wija45ykq0,,alias,2026-09-27 10:24:12,2026-09-27 09:48:30,,,,,,,,,,,
47bggil1ii,,kamigata-expo-park-fes-2026,2026-10-31,,[大阪府] 万博記念公園,electronic,female,公演前日ログイン情報送付,14,5.0,,QR,2026-09-26 02:01:13,scrape_observed,2026-09-27 01:01:03,,,listing,2,35000,"west.名義/初期当選/有効期限内会員/QRでのお譲り/すり替えなし/下3桁提示可能

公演前日にログイン情報を送付します。
入場後は速やかにログアウトくださ...",True,vaypc43ymh,,alias,2026-09-27 10:24:12,2026-09-27 09:48:30,,,,,,,,,,,
oyky4x7ul0,,kamigata-expo-park-fes-2026,2026-10-31,,[大阪府] 万博記念公園,electronic,female,同行,@,5.0,,同行番手,2026-09-26 02:01:13,scrape_observed,2026-09-27 01:01:03,,,listing,2,25000,"2名義中2番手　全てAぇ名義　会員番号下3桁ご提示可能
同時入場後、当方が選ばなかった方のチケットをお渡しします。
集合時間、場所につきましては前日までにはお伝...",True,qtw87z6vb4,,alias,2026-09-27 10:24:12,2026-09-27 09:48:30,,,,,,,,,,,
tva4votr9a,,kamigata-expo-park-fes-2026,2026-10-31,,[大阪府] 万博記念公園,electronic,female,公演日1日前までにQRコード共有,ｙ,5.0,,QR,2026-09-26 02:01:13,scrape_observed,2026-09-27 01:01:03,,,listing,1,44000,"なにわ名義/初期当選/重複すり替えなし/有効期限内/下３桁開示可/発送物戻り無/過去エラー歴無

公演前日に必要な情報等を連絡ボードにてお知らせ致します。代表者...",True,gvzczdwrp8,,alias,2026-09-27 10:24:12,2026-09-27 09:48:30,,,,,,,,,,,
yp4192hh77,,kamigata-expo-park-fes-2026,2026-10-31,,[大阪府] 万博記念公園,electronic,female,同行,おの,5.0,,番手,2026-09-26 02:01:13,scrape_observed,2026-09-27 01:01:03,,,listing,1,48000,"6名義中3番手/下3桁提示可能/単番当選のみ/全てSUPEREIGHT FC枠

・入場方法やブロックの詳細がまだ不明瞭な為、詳しい待ち合わせの時間等は公演三日...",True,ka0fapwppq,,alias,2026-09-27 10:24:12,2026-09-27 09:48:30,,,,,,,,,,,
cg152pi5yx,,kamigata-expo-park-fes-2026,2026-10-31,,[大阪府] 万博記念公園,electronic,female,同行,すたー,5.0,,ランダム記載あり,2026-09-26 02:01:13,scrape_observed,2026-09-27 01:01:03,,,listing,2,25000,"FC先行/有効期限名義のみ/条件あり/2名義中2番手/すり替えなし/下3桁提示可

詳しい集合場所、時間等につきましては連絡ボードにて連絡させていただきます。...",True,c8i5guph6j,,alias,2026-09-27 10:24:12,2026-09-27 09:48:30,,,,,,,,,,,
jv88a8do45,,kamigata-expo-park-fes-2026,2026-10-31,,[大阪府] 万博記念公園,electronic,female,同行,み,5.0,,同行,2026-09-26 02:01:13,scrape_observed,2026-09-27 01:01:03,,,listing,1,50000,"なにわ名義/有効期限内/重複すり替えなし/下3桁提示可

2連中1枚同行でのお譲りとなります。
大橋担不可

当日会場付近で待ち合わせし、同時入場していただきま...",True,zad60jqhk2,,alias,2026-09-27 10:24:12,2026-09-27 09:48:30,,,,,,,,,,,
zop1cj5uam,,kamigata-expo-park-fes-2026,2026-10-31,,[大阪府] 万博記念公園,electronic,female,2名義中2番手,S,5.0,,番手同行,2026-09-26 02:01:13,scrape_observed,2026-09-27 01:01:03,,,listing,2,30000,"全てAぇ名義/初期当選/2名義中2番手/全て今ツ落選名義

プラベル切り替え対応可能

当日の集合時間や場所等に関しては連絡ボードにてご連絡いたします。

待ち...",True,nv3lpdpcdt,,alias,2026-09-27 10:24:12,2026-09-27 09:48:30,,,,,,,,,,,
jv04p1ugsh,,kamigata-expo-park-fes-2026,2026-10-31,,[大阪府] 万博記念公園,electronic,female,同行,m,5.0,,番手,2026-09-26 02:01:13,scrape_observed,2026-09-27 01:01:03,,,listing,2,25000,"2名義中2番手/エイト×Aぇ、Jr×Jr名義/初期当選/有効期限名義のみ/すり替えなし

当日、開場時間前に会場付近で待ち合わせし、同時入場していただきます。...",True,mf4d75fyxn,,alias,2026-09-27 10:24:12,2026-09-27 09:48:30,,,,,,,,,,,
8as3cu4z2e,,kamigata-expo-park-fes-2026,2026-10-31,,[大阪府] 万博記念公園,electronic,female,同行,Jn,5.0,,同行記載あり,2026-09-26 02:01:13,scrape_observed,2026-09-27 01:01:03,,,listing,1,34000,エイト名義(同行WEST.)/自名義/初期当選/下3桁共有可能/1名義中1名義目/すり替えなし/有効期限内/同行,True,gk1c8espw9,,alias,2026-09-27 10:24:12,2026-09-27 09:48:30,,,,,,,,,,,
kz36ql8xgg,,kamigata-expo-park-fes-2026,2026-10-31,,[大阪府] 万博記念公園,electronic,female,同行,り,5.0,,ランダム記載あり,2026-09-26 02:01:13,scrape_observed,2026-09-27 01:01:03,,,listing,2,35000,"7名義中4番手
初期当選/なにわ名義×情報局該当名義/有効期限内/すり替えなし/下三桁提示可能

ランダムエラー、出演者変更、体調不良、交通機関の乱れなどの如何...",True,ycgvpzetyl,,alias,2026-09-27 10:24:12,2026-09-27 09:48:30,,,,,,,,,,,
x8rew9g4z1,,kamigata-expo-park-fes-2026,2026-10-31,,[大阪府] 万博記念公園,electronic,female,同時入場,Airi,5.0,,番手,2026-09-26 02:01:13,scrape_observed,2026-09-27 01:01:03,,,listing,2,50000,"初期当選/2名義中2番手/有効期限名義/すり替えなし

・入場後はチケットを一旦回収し、当方が座席選択後に順次チケットをお渡し致します。
※チケットを選ぶのにお...",True,y1ezdgzbdw,,alias,2026-09-27 10:24:12,2026-09-27 09:48:30,,,,,,,,,,,
plzp1b6r6t,,kamigata-expo-park-fes-2026,2026-10-31,,[大阪府] 万博記念公園,electronic,female,同行,たまご,5.0,,同行,2026-09-26 02:01:13,scrape_observed,2026-09-27 01:01:03,,,listing,1,30000,"なにわ名義/有効期限内/重複すり替えなし/下3桁提示可

※ プライベートチケットに切り替えますのでコメントお送りください。
2連中1枚同行でのお譲りとなります...",True,e82dxc57mz,,alias,2026-09-27 10:24:12,2026-09-27 09:48:30,,,,,,,,,,,
8wm21d60m9,,kamigata-expo-park-fes-2026,2026-10-31,,[大阪府] 万博記念公園,electronic,female,同行,け,5.0,,番手,2026-09-26 02:01:13,scrape_observed,2026-09-27 01:01:03,,,listing,1,30000,"初期当選/2名義中2番手/有効期限名義のみ/Aぇ名義/すり替えなし/下3桁提示可能/発送物戻りなし
購入の際はコメントください。プライベート出品に変更いたします...",True,xqliqdvmny,,alias,2026-09-27 10:24:12,2026-09-27 09:48:30,,,,,,,,,,,
9wbgm7hamg,,kamigata-expo-park-fes-2026,2026-10-31,,[大阪府] 万博記念公園,electronic,female,同行,さ,5.0,,番手,2026-09-26 02:01:13,scrape_observed,2026-09-27 01:01:03,,,listing,1,35000,"3名義中2番手/有効期限内/すり替えなし/下3桁提示可/全てなにわ名義


・公演中止以外のいかなる場合でも返金はいたしません。
ランダムエラー・本人確認・交通...",True,qcahtqqe4r,,alias,2026-09-27 10:24:12,2026-09-27 09:48:30,,,,,,,,,,,
0qzvkk3hh6,,kamigata-expo-park-fes-2026,2026-10-31,,[大阪府] 万博記念公園,electronic,female,同時入場,り,5.0,,番手,2026-09-26 02:01:13,scrape_observed,2026-09-27 01:01:03,,,listing,2,36000,"2名義中2番手/初期当選/Aぇ名義/期限内/下3桁提示可



詳しい集合時間/場所につきましては、前日までに連絡ボードにてお伝え致します。
こちらが指定した集...",True,ogasr4z251,,alias,2026-09-27 10:24:12,2026-09-27 09:48:30,,,,,,,,,,,
cnvzogo005,,kamigata-expo-park-fes-2026,2026-10-31,,[大阪府] 万博記念公園,electronic,female,公演日前日にQRコード共有,a,5.0,,QR,2026-09-26 02:01:13,scrape_observed,2026-09-27 01:01:03,,,listing,1,37000,"FC先行 / Aぇ名義 / 単番QR毎 / 重複すり替えなし / 初期当選 / 有効期限内 / 下3桁提示 / 過去エラー等なし

公演前日になりましたらログイ...",True,iavthpnuxj,,alias,2026-09-27 10:24:12,2026-09-27 09:48:30,,,,,,,,,,,
hhp5kdhtyz,,kamigata-expo-park-fes-2026,2026-10-31,,[大阪府] 万博記念公園,electronic,female,公演日前日にログイン情報共有,N,5.0,,QR,2026-09-26 02:01:13,scrape_observed,2026-09-27 01:01:03,,,listing,2,28000,"初期当選/QR毎/重複すり替えなし/なにわ男子名義/会員番号下3桁提示可能/有効期限内名義

閲覧頂きありがとうございます。
早く手持ち売り切りたいためできる限...",True,hxitxxphdz,,alias,2026-09-27 10:24:12,2026-09-27 09:48:30,,,,,,,,,,,
fo0s2avvu0,,kamigata-expo-park-fes-2026,2026-10-31,,[大阪府] 万博記念公園,electronic,female,同行,あ,5.0,,ランダム記載あり,2026-09-26 02:01:13,scrape_observed,2026-09-27 01:01:03,,,listing,2,25000,"FC先行/有効期限内/全てAぇ名義/3名義中3番手/すり替えなし/下3桁提示可

・入場後はチケットを一旦回収し、当方が座席選択後に順次チケットをお渡し致します...",True,hskrjm6psr,,alias,2026-09-27 10:24:12,2026-09-27 09:48:30,,,,,,,,,,,
pd4wn8fq95,,kamigata-expo-park-fes-2026,2026-10-31,,[大阪府] 万博記念公園,electronic,female,前日にQRログイン情報を共有,りぼん,5.0,,QR,2026-09-26 02:01:13,scrape_observed,2026-09-27 01:01:03,,,listing,1,65000,"QR毎/なにわ男子名義/FC初期当選/有効期限内/下三桁提示可/重複差し

QR毎でのお譲りとなります。

前日にQR表示に必要な情報をお伝えいたします。
ログ...",True,wdvfojr5id,,alias,2026-09-27 10:24:12,2026-09-27 09:48:30,,,,,,,,,,,
648xjl5qj5,,kamigata-expo-park-fes-2026,2026-10-31,,[大阪府] 万博記念公園,electronic,female,同時入場,K⭐️,5.0,,番手,2026-09-26 02:01:13,scrape_observed,2026-09-27 01:01:03,,,listing,1,20000,"3名義所持/４枚中3番手
なにわ名義(単番✖️2、２連✖️1)
(女性名義✖️2、男性名義✖️1)

・ドームスタンド上段✖️2
・アルファスタンド✖️1

初...",True,g59wnzesa2,,alias,2026-09-27 10:24:12,2026-09-27 09:48:30,,,,,,,,,,,
7gupm0bpjm,,kamigata-expo-park-fes-2026,2026-10-31,,[大阪府] 万博記念公園,electronic,female,同行,Me_7teor,5.0,,番手,2026-09-26 02:01:13,scrape_observed,2026-09-27 01:01:03,,,listing,2,0,"5名義中2番手
初期当選/有効期限内/すり替えなし/下三桁提示可能

ランダムエラー、出演者変更、体調不良、交通機関の乱れなどの如何なる理由により入場できなかっ...",True,tqvn64al1h,,alias,2026-09-27 10:24:12,2026-09-27 09:48:30,,,,,,,,,,,
fl70ikplj5,,kamigata-expo-park-fes-2026,2026-10-31,,[大阪府] 万博記念公園,electronic,female,公演日前日までにQRコード共有,m,5.0,,QR,2026-09-26 02:01:13,scrape_observed,2026-09-27 01:01:03,,,listing,1,35000,"QRごと/Aぇ名義（2026ツアー落選名義）/有効期限内/下3桁開示可
公演前日にマイページにてログイン情報をお伝え致します。入場後は速やかにログアウト及び受け...",True,7z32bw8fry,,alias,2026-09-27 10:24:12,2026-09-27 09:48:30,,,,,,,,,,,
1ku7br4r9o,,kamigata-expo-park-fes-2026,2026-10-31,,[大阪府] 万博記念公園,electronic,female,2名義中2番手,a,5.0,,番手,2026-09-26 02:01:13,scrape_observed,2026-09-27 01:01:03,,,listing,2,20000,"【2名義中2番手】/初期当選/該当名義/有効期限内/変更ボタンあり/重複すり替えなし/下3桁提示可

※~8:30前集合可能な方のみご購入下さい※

当日の集合...",True,qnkgpsewxb,,alias,2026-09-27 10:24:12,2026-09-27 09:48:30,,,,,,,,,,,
s46fsvduor,,kamigata-expo-park-fes-2026,2026-10-31,,[大阪府] 万博記念公園,electronic,female,同行,そ。,5.0,,同行,2026-09-26 02:01:13,scrape_observed,2026-09-27 01:01:03,,,listing,1,34000,"当方の同行者枠/初期当選/すり替えなし/下3桁提示可/有効期限内/Aぇ×Aぇ名義

・入場後は速やかに受け取り通知をお願いいたします。
・座席に関するクレームは...",True,mlv0i3zoll,,alias,2026-09-27 10:24:12,2026-09-27 09:48:30,,,,,,,,,,,
o7nz2w4shh,,kamigata-expo-park-fes-2026,2026-10-31,,[大阪府] 万博記念公園,electronic,female,同行,り,5.0,,ランダム記載あり,2026-09-26 02:01:13,scrape_observed,2026-09-27 01:01:03,,,listing,2,50000,"7名義中3番手
初期当選/なにわ名義×情報局該当名義/有効期限内/すり替えなし/下三桁提示可能

ランダムエラー、出演者変更、体調不良、交通機関の乱れなどの如何...",True,xrfq2ooqdv,,alias,2026-09-27 10:24:12,2026-09-27 09:48:30,,,,,,,,,,,
yq8s0mk5dg,,kamigata-expo-park-fes-2026,2026-10-31,,[大阪府] 万博記念公園,electronic,female,前日ログイン情報お伝え,m,5.0,,QR,2026-09-26 02:01:13,scrape_observed,2026-09-27 01:01:03,,,listing,1,50000,重複すり替えなし、aぇ group名義、QR毎のお譲り、昨年スタンド名義(最終当選歴のため今年は落選)、下3桁お伝え可能、エラーなし、有効期限内名義、初期当選、...,True,cheuda4c93,,alias,2026-09-27 10:24:12,2026-09-27 09:48:30,,,,,,,,,,,
14rs67fgcm,,kamigata-expo-park-fes-2026,2026-10-31,,[大阪府] 万博記念公園,electronic,female,同行,さ,5.0,,番手,2026-09-26 02:01:13,scrape_observed,2026-09-27 01:01:03,,,listing,2,28000,"ファンクラブ先行 Aぇ名義 座席未定
 2名義中2番手 下3桁提示可 初期当選
有効期限内 着ブロ指定なし
公演当日、会場付近にて集合し同時入場して頂きます。...",True,tj4w9ykvqx,,alias,2026-09-27 10:24:12,2026-09-27 09:48:30,,,,,,,,,,,
utqxjgvsky,,kamigata-expo-park-fes-2026,2026-10-31,,[大阪府] 万博記念公園,electronic,female,同行,r,4.5,,番手,2026-09-26 02:01:13,scrape_observed,2026-09-27 01:01:03,,,listing,2,45000,"2名義中2番手/初期当選/下3桁提示可
プラベルへの移行可能です。
公演当日会場付近で開場時間30分前を目安に待ち合わせし、同時入場していただきます。
詳しい待...",True,6b92clt6xm,,alias,2026-09-27 10:24:12,2026-09-27 09:48:30,,,,,,,,,,,
9r1stx07rz,,kamigata-expo-park-fes-2026,2026-10-31,,[大阪府] 万博記念公園,electronic,female,3名義中3番手,m,5.0,,番手,2026-09-26 02:01:13,scrape_observed,2026-09-27 01:01:03,,,listing,2,28000,"3名義中3番手/初期当選のみ/Jr該当×Aぇのみ/すり替えなし/下3桁提示可/有効期限内名義/発送物戻りなし

当日は、会場付近で集合し同時入場いたします。
未...",True,d3o48ar1s7,,alias,2026-09-27 10:24:12,2026-09-27 09:48:30,,,,,,,,,,,
y1nd9tms8q,,kamigata-expo-park-fes-2026,2026-10-31,,[大阪府] 万博記念公園,electronic,female,同行,R,5.0,,番手,2026-09-26 02:01:13,scrape_observed,2026-09-27 01:01:03,,,listing,1,24000,初期当選/2名義中2番手/有効期限名義のみ/なにわ、EIGHT名義/すり替えなし/下3桁提示可能/発送物戻りあり名義(入場歴ありエラーなし)含むためお安くしてお...,True,ffcnbjjd35,,alias,2026-09-27 10:24:12,2026-09-27 09:48:30,,,,,,,,,,,
34fvgyot9d,,kamigata-expo-park-fes-2026,2026-10-31,,[大阪府] 万博記念公園,electronic,female,同時入場、2名義中2番手,あ,5.0,,番手同行,2026-09-26 02:01:13,scrape_observed,2026-09-27 01:01:03,,,listing,2,23000,"2名義中2番手

プラベル出品可

初期当選/有効期限名義のみ/なにわ×なにわ 2名義/下3桁提示可/返送物戻り無し

開場時間前の集合を考えております。
・入...",True,l2mjil44uf,,alias,2026-09-27 10:24:12,2026-09-27 09:48:30,,,,,,,,,,,
nhakl4gqs6,,kamigata-expo-park-fes-2026,2026-11-01,,[大阪府] 万博記念公園,electronic,female,2名義中2番手,麻辣,5.0,,番手,2026-09-26 02:01:13,scrape_observed,2026-09-27 01:01:03,,,listing,2,29000,"2名義中2番手
名義・同行者共にAぇFC会員
当日当方の指定した場所時間に集合し、同時入場当方が選ばなかった方のチケットをお渡しいたします。集合時間や場所は前日...",True,yi18ojm0dd,,alias,2026-09-27 10:24:12,2026-09-27 09:48:30,,,,,,,,,,,
khh45oo48e,,kamigata-expo-park-fes-2026,2026-11-01,,[大阪府] 万博記念公園,electronic,female,公演前日ログイン情報共有,星,5.0,,QR,2026-09-26 02:01:13,scrape_observed,2026-09-27 01:01:03,,,listing,1,45000,"SUPER EIGHT名義／初期当選／QRごと／会員番号下3桁提示可／有効期限内／発送物戻りなし

※プラベルor特別出品にて再度出品いたしますので、お取引希望...",True,0wb27f3crd,,alias,2026-09-27 10:24:12,2026-09-27 09:48:30,,,,,,,,,,,
jdx0t41p2p,,kamigata-expo-park-fes-2026,2026-11-01,,[大阪府] 万博記念公園,electronic,female,公演日2日前にログイン情報共有,ᡣ𐭩,5.0,,QR,2026-09-26 02:01:13,scrape_observed,2026-09-27 01:01:03,,,listing,1,67000,"なにわ名義/初期当選/有効期限内/発送物戻り無/同一クレカ無し

公演前日に必要な情報等を連絡ボードにてお知らせ致します。同意チェックは購入者様ご自身でお願い致...",True,g0zi1u6wb9,,alias,2026-09-27 10:24:12,2026-09-27 09:48:30,,,,,,,,,,,
ipd27mahs7,,kamigata-expo-park-fes-2026,2026-11-01,,[大阪府] 万博記念公園,electronic,female,公演日前日までにログイン情報共有,ぴ,5.0,,QR,2026-09-26 02:01:13,scrape_observed,2026-09-27 01:01:03,,,listing,1,25000,"なにわ名義/条件なし/QRごと/すり替えなし会員番号下3桁開示可/初期当選/有効期限内/郵送物戻りなし

公演日の前日にログイン情報をお伝えします。

ログイン...",True,aws2qh4w14,,alias,2026-09-27 10:24:12,2026-09-27 09:48:30,,,,,,,,,,,
347qfe6bd1,,kamigata-expo-park-fes-2026,2026-11-01,,[大阪府] 万博記念公園,electronic,none,3名義中3番手,で,5.0,,同行番手,2026-09-26 02:01:13,scrape_observed,2026-09-27 01:01:03,,,listing,1,25000,"3名義中3番手/全て単番/初期当選/ジュニア情報局先行 該当名義/変更ボタンあり/有効期限内/すり替えなし/下3桁提示可

8:30前集合可能な方のみご購入下さ...",True,j87zkewis6,,alias,2026-09-27 10:24:12,2026-09-27 09:48:30,,,,,,,,,,,
tmka1rka30,,kamigata-expo-park-fes-2026,2026-11-01,,[大阪府] 万博記念公園,electronic,female,5名義中4番手,え,5.0,,同行番手,2026-09-26 02:01:13,scrape_observed,2026-09-27 01:01:03,,,listing,2,25000,"FC・情報局先行/有効期限内/5名義中4番手/すり替えなし/下3桁提示可

開場時間の8:30入場の可能性があります。
会場付近にて待ち合わせし同時入場していた...",True,aamijpviko,,alias,2026-09-27 10:24:12,2026-09-27 09:48:30,,,,,,,,,,,
dvv8t1it4l,,kamigata-expo-park-fes-2026,2026-11-01,,[大阪府] 万博記念公園,electronic,female,公演前日にログイン情報共有,14,5.0,,QR,2026-09-26 02:01:13,scrape_observed,2026-09-27 01:01:03,,,listing,2,35000,"WEST.名義//QRごと/すり替えなし会員番号下3桁開示可/初期当選/有効期限内

公演日の前日にログイン情報をお伝えします。

ログイン情報は他の方にお伝え...",True,k7qc4ysx03,,alias,2026-09-27 10:24:12,2026-09-27 09:48:30,,,,,,,,,,,
mgjswjc7jy,,kamigata-expo-park-fes-2026,2026-11-01,,[大阪府] 万博記念公園,electronic,female,同行,あ,5.0,,番手,2026-09-26 02:01:13,scrape_observed,2026-09-27 01:01:03,,,listing,1,50000,"2名義中1番手（当方と同行のため大橋、真弓担不可）全てなにわ名義
購入希望の方、プラベ出品にするのでメッセージ下さい。プラベルでのお取引も可能。
全て初期当選/...",True,mt7bl12eot,,alias,2026-09-27 10:24:12,2026-09-27 09:48:30,,,,,,,,,,,
0qlpebcis8,,kamigata-expo-park-fes-2026,2026-11-01,,[大阪府] 万博記念公園,paper,female,当日手渡し,🌟,5.0,,番手,2026-09-26 02:01:13,scrape_observed,2026-09-27 01:01:03,,,listing,2,25555,"🌸 お値下げ可能なのでご希望額ご連絡ください🌸

ファンクラブ先行/初期当選/有効期限内/コンビニ決済済

2名義中2番手
（Aぇ✖️Aぇ、なにわ✖️なにわ...",True,1huoqtksqr,,alias,2026-09-27 10:24:12,2026-09-27 09:48:30,,,,,,,,,,,
a61dp0kbmc,,kamigata-expo-park-fes-2026,2026-11-01,,[大阪府] 万博記念公園,electronic,female,QRごと　重複　すり替えなし,みかん,5.0,,QR,2026-09-26 02:01:13,scrape_observed,2026-09-27 01:01:03,,,listing,1,30000,"なにわ男子名義
前日になりましたらログイン情報ご提示します。
買い手様で同意チェックして入場してください。
本人確認、ランダムエラー対応はできません。",True,a0z3wt6484,,alias,2026-09-27 10:24:12,2026-09-27 09:48:30,,,,,,,,,,,
h19q03xr42,,kamigata-expo-park-fes-2026,2026-11-01,,[大阪府] 万博記念公園,electronic,female,QR毎、前日にログイン情報共有,みい,5.0,,QR,2026-09-26 02:01:13,scrape_observed,2026-09-27 01:01:03,,,listing,2,32000,"なにわ男子名義 /QR毎/重複すり替えなし/下3桁提示可能/初期当選/有効期限内

ランダムエラーや本人確認、体調不良や出演者の変更等、いかなる場合であっても受...",True,n3jq0h7zz3,,alias,2026-09-27 10:24:12,2026-09-27 09:48:30,,,,,,,,,,,
1laflshdgy,,kamigata-expo-park-fes-2026,2026-11-01,,[大阪府] 万博記念公園,electronic,female,同行,ゆあ,5.0,,同行番手,2026-09-26 02:01:13,scrape_observed,2026-09-27 01:01:03,,,listing,2,28000,"初期当選/3名義中3番手/すり替え無し/下3桁提示可/有効期限内

★代表者・同行者共になにわ男子FCで登録済み
不備名義なし

※公式にて「TAKOYAKI...",True,f4nf0caheo,,alias,2026-09-27 10:24:12,2026-09-27 09:48:30,,,,,,,,,,,
j5p25adr6a,,kamigata-expo-park-fes-2026,2026-11-01,,[大阪府] 万博記念公園,electronic,female,5名義中3番手,え,5.0,,番手,2026-09-26 02:01:13,scrape_observed,2026-09-27 01:01:03,,,listing,2,30000,"FC.情報局先行/有効期限内/5名義中3番手/すり替えなし/下3桁提示可

開場時間の8:30入場の可能性があります。
会場付近にて待ち合わせし同時入場していた...",True,rvnhlyijyu,,alias,2026-09-27 10:24:12,2026-09-27 09:48:30,,,,,,,,,,,
pnktc4jmx3,,kamigata-expo-park-fes-2026,2026-11-01,,[大阪府] 万博記念公園,electronic,female,公演前日にログイン情報共有,h,5.0,,QR,2026-09-26 02:01:13,scrape_observed,2026-09-27 01:01:03,,,listing,2,40000,"なにわFC×なにわFC
QR毎/FC初期当選/有効期限内/下三桁提示可

QR毎でのお譲りとなります。
同行者の同意チェックはこちらでいたしますので、代表者分の...",True,4z8i6u16x9,,alias,2026-09-27 10:24:12,2026-09-27 09:48:30,,,,,,,,,,,
9o0pecbxvp,,kamigata-expo-park-fes-2026,2026-11-01,,[大阪府] 万博記念公園,electronic,female,公演前日QRコード共有,M,5.0,,QR,2026-09-26 02:01:13,scrape_observed,2026-09-27 01:01:03,,,listing,1,23950,"単番QR毎/エイト名義/下3桁提示可/初期当選/すり替え重複なし/有効期限内/郵便物戻りなし/着ブロ指定なし
ログイン情報は公演前日にお伝えします。
入場後は速...",True,2nz5gofz6k,,alias,2026-09-27 10:24:12,2026-09-27 09:48:30,,,,,,,,,,,
mygrtsmlvn,,kamigata-expo-park-fes-2026,2026-11-01,,[大阪府] 万博記念公園,electronic,female,公演日前日にQRコード共有,ysnr1128,5.0,,QR,2026-09-26 02:01:13,scrape_observed,2026-09-27 01:01:03,,,listing,2,29000,"Aぇ! group 名義　FC‪✕‬FC
ファンクラブ先行 座席未定 初期当選
QR毎　すり替えなし 購入後下3桁提示可能

※プライベート出品へ移行のため、承...",True,38zk0e94xx,,alias,2026-09-27 10:24:12,2026-09-27 09:48:30,,,,,,,,,,,
8jc0n9jh5f,,kamigata-expo-park-fes-2026,2026-11-01,,[大阪府] 万博記念公園,electronic,female,公演日前日までにQRコード共有,a,5.0,,QR,2026-09-26 02:01:13,scrape_observed,2026-09-27 01:01:03,,,listing,2,26000,"なにわ男子FC×なにわ男子FC/初期当選/QR毎/すり替えなし/有効期限内/エラー歴等なし/下3桁提示可/Pay-easy支払い

公演日前日に連絡ボードにてロ...",True,51npfg0p74,,alias,2026-09-27 10:24:12,2026-09-27 09:48:30,,,,,,,,,,,
eo3bx3x4kk,,kamigata-expo-park-fes-2026,2026-11-01,,[大阪府] 万博記念公園,electronic,female,2名義2番手,も,5.0,,番手,2026-09-26 02:01:13,scrape_observed,2026-09-27 01:01:03,,,listing,2,40000,"💓プラベル対応です💓
2名義2番手すり替えなし/下3桁提示🉑/有効期限内
当選歴お伝え不可❌
日本語のわかる日本人女性のみご購入ください。
お子様連れでの...",True,nqtvn29kfy,,alias,2026-09-27 10:24:12,2026-09-27 09:48:30,,,,,,,,,,,
fjsfdscj4m,,kamigata-expo-park-fes-2026,2026-11-01,,[大阪府] 万博記念公園,electronic,female,公演前日にログイン情報共有,い,5.0,,QR,2026-09-26 02:01:13,scrape_observed,2026-09-27 01:01:03,,,listing,1,29000,"単番QR毎／なにわ男子初当選名義／下3桁提示可／ペイジー決済／発送物戻りなし

☆同意チェックは買い手様ご自身にお任せしております。

☆出演者変更やランダムエ...",True,yy33xrxtv9,,alias,2026-09-27 10:24:12,2026-09-27 09:48:30,,,,,,,,,,,
8ui7yxbglt,,kamigata-expo-park-fes-2026,2026-11-01,,[大阪府] 万博記念公園,electronic,female,前日にQRコード共有,Y,4.5,,QR,2026-09-26 02:01:13,scrape_observed,2026-09-27 01:01:03,,,listing,1,60000,"なにわ名義/初期当選/重複すり替えなし/有効期限内/下３桁開示可/発送物戻り無/過去エラー歴無

公演前日に必要な情報等を連絡ボードにてお知らせ致します。
公演...",True,ke73kqu24o,,alias,2026-09-27 10:24:12,2026-09-27 09:48:30,,,,,,,,,,,
tejyp6zmuo,,kamigata-expo-park-fes-2026,2026-11-01,,[大阪府] 万博記念公園,electronic,female,公演日前日にログイン情報共有,💖,5.0,,QR,2026-09-26 02:01:13,scrape_observed,2026-09-27 01:01:03,,,listing,2,38500,"QR毎/初期当選(Aぇ名義×Aぇ名義)/有効期限内/下3桁提示可/重複すり替えなし

公演日前日にログイン情報を連絡ボードにてお伝えいたします。
公演日当日入場...",True,6ncqtsaw5b,,alias,2026-09-27 10:24:12,2026-09-27 09:48:30,,,,,,,,,,,
qax0i1cbs6,,kamigata-expo-park-fes-2026,2026-11-01,,[大阪府] 万博記念公園,electronic,female,QR毎/公演日3日前にログイン情報共有,M,5.0,,QR,2026-09-26 02:01:13,scrape_observed,2026-09-27 01:01:03,,,listing,2,30000,"WESTꓸ名義/FC×FC/初期当選/QR毎/すり替えなし/有効期限内/エラー歴等なし/下3桁提示可/過去当選歴なし
公演日前日にログイン情報お伝えします。
当...",True,7ng7534fim,,alias,2026-09-27 10:24:12,2026-09-27 09:48:30,,,,,,,,,,,
lli0c29mtf,,kamigata-expo-park-fes-2026,2026-11-01,,[大阪府] 万博記念公園,electronic,female,2名義中2番手,た,5.0,,番手,2026-09-26 02:01:13,scrape_observed,2026-09-27 01:01:03,,,listing,2,30000,"2名義中2番手⭐️プラベルにてお取引させて頂くため、ご購入希望の方はチケテンメッセージまでお願い致します。⭐️

FC先行 なにわ名義 座席未定
 2名義中2番...",True,6hk9q9fa6n,,alias,2026-09-27 10:24:12,2026-09-27 09:48:30,,,,,,,,,,,
58k2ncxg34,,kamigata-expo-park-fes-2026,2026-11-01,,[大阪府] 万博記念公園,electronic,female,同行,そ。,5.0,,同行,2026-09-26 02:01:13,scrape_observed,2026-09-27 01:01:03,,,listing,1,34000,"当方の同行者枠/初期当選/すり替えなし/下3桁提示可/有効期限内/Aぇ×Aぇ名義

・入場後は速やかに受け取り通知をお願いいたします。
・座席に関するクレームは...",True,qrc584rwzq,,alias,2026-09-27 10:24:12,2026-09-27 09:48:30,,,,,,,,,,,
2g5geftrs8,,kamigata-expo-park-fes-2026,2026-11-01,,[大阪府] 万博記念公園,electronic,none,3名義中2番手,で,5.0,,同行番手,2026-09-26 02:01:13,scrape_observed,2026-09-27 01:01:03,,,listing,1,30000,"3名義中2番手/全て単番/初期当選/ジュニア情報局先行 該当名義/変更ボタンあり/有効期限内/すり替えなし/下3桁提示可

8:30前集合可能な方のみご購入下さ...",True,zsaode4z7a,,alias,2026-09-27 10:24:12,2026-09-27 09:48:30,,,,,,,,,,,
l4ooariv09,,kamigata-expo-park-fes-2026,2026-11-01,,[大阪府] 万博記念公園,electronic,female,同時入場又はQRごと,りりり,5.0,,番手QR,2026-09-26 02:01:13,scrape_observed,2026-09-27 01:01:03,,,listing,2,23000,"【2名義中2番手】／すり替えなし／有効期限内／下3桁提示可／エラー歴なし

公演当日は、こちらが指定する時間・場所に集合していただき、同時入場を予定しております...",True,m9buwt6je9,,alias,2026-09-27 10:24:12,2026-09-27 09:48:30,,,,,,,,,,,
wpgnfe2yx1,,kamigata-expo-park-fes-2026,2026-11-01,,[大阪府] 万博記念公園,electronic,male,公演日1日前までにQRコード共有,M,5.0,,QR,2026-09-26 02:01:13,scrape_observed,2026-09-27 01:01:03,,,listing,1,32000,"ファンクラブ先行、座席未定　
QRごとのお譲り、有効期限内、すり替えなし、該当名義、下3桁提示可能
プラベルでの取引可能な方優先
公演1日前になりましたら、ログ...",True,sxnu30iip8,,alias,2026-09-27 10:24:12,2026-09-27 09:48:30,,,,,,,,,,,
6aff6kceh3,,kamigata-expo-park-fes-2026,2026-11-01,,[大阪府] 万博記念公園,electronic,female,公演日前日にQRコード共有,kt,5.0,,QR,2026-09-26 02:01:13,scrape_observed,2026-09-27 01:01:03,,,listing,2,35000,"WEST.FC初期当選　同行者WEST.FC
プラベ出品にしますので購入ご希望の方はお伝えください
QR毎のお渡しとなります。
有効期限内名義、同一クレカ決済な...",True,l2friw6up0,,alias,2026-09-27 10:24:12,2026-09-27 09:48:30,,,,,,,,,,,
h9gvtubn41,,kamigata-expo-park-fes-2026,2026-11-01,,[大阪府] 万博記念公園,electronic,female,同時入場又はQR,M,4.8,,番手QR,2026-09-26 02:01:13,scrape_observed,2026-09-27 01:01:03,,,listing,1,26000,"2名義中2番手(場合によってはQR毎) どちらも単番、Aぇ名義 
初期当選/すり替えなし/有効期限内/下3桁提示可

公演当日、会場付近で待ち合わせをし、同時入...",True,m51e5gvfcj,,alias,2026-09-27 10:24:12,2026-09-27 09:48:30,,,,,,,,,,,
8w5vdohm0t,,kamigata-expo-park-fes-2026,2026-11-01,,[大阪府] 万博記念公園,electronic,female,当日同時入場,ぴ,5.0,,QR番手,2026-09-26 02:01:13,scrape_observed,2026-09-27 01:01:03,,,listing,2,26000,"プライベート出品にするので購入前にコメントください。
2名義中2番手　2連
Aぇ名義とジュニア名義
下三桁提示可/すり替えなし/有効期限内
当日、指定した時間と...",True,917j1u49hu,,alias,2026-09-27 10:24:12,2026-09-27 09:48:30,,,,,,,,,,,
5rxtos8ioi,,kamigata-expo-park-fes-2026,2026-11-01,,[大阪府] 万博記念公園,electronic,female,公演日前日までにQRコード共有,あ,5.0,,QR,2026-09-26 02:01:13,scrape_observed,2026-09-27 01:01:03,,,listing,2,45000,"QR毎/Aぇ! group×Aぇ! group名義/FC初期当選/有効期限内/下三桁提示可/重複なし

QR毎でのお譲りとなります。

前日にQR表示に必要な情...",True,q5q8bojwf2,,alias,2026-09-27 10:24:12,2026-09-27 09:48:30,,,,,,,,,,,
sxsf63oi0e,,kamigata-expo-park-fes-2026,2026-11-01,,[大阪府] 万博記念公園,electronic,female,公演日前日20時までにQRコード共有,ka,5.0,,QR,2026-09-26 02:01:13,scrape_observed,2026-09-27 01:01:03,,,listing,1,38000,"なにわ名義/初期当選/ QR毎 単番 /下3桁提示可/ 有効期限内 /クレカ決済

QR毎でのお譲りです。
公演前日までにログイン情報お伝えします。

当日ご入...",True,qeb9r509tn,,alias,2026-09-27 10:24:12,2026-09-27 09:48:30,,,,,,,,,,,
8dibyep29l,,kamigata-expo-park-fes-2026,2026-11-01,,[大阪府] 万博記念公園,electronic,female,公演日3日前までにQRコード共有,ま,5.0,,QR,2026-09-26 02:01:13,scrape_observed,2026-09-27 01:01:03,,,listing,1,30000,なにわ男子有効会員名義 QR毎のお譲り 会員番号下3桁提示可能 初期当選  同一クレカ決済なし 発送物戻りなし 当日の入場チェックは購入者様でお願いします。 公...,True,auec347wla,,alias,2026-09-27 10:24:12,2026-09-27 09:48:30,,,,,,,,,,,
4i4xjpns3b,,kamigata-expo-park-fes-2026,2026-11-01,,[大阪府] 万博記念公園,electronic,female,公演日前日にログイン情報共有,🍒,5.0,,,2026-09-26 02:01:13,scrape_observed,2026-09-27 01:01:03,,,listing,2,30000,"初期当選/有効期限内/重複すり替えなし/下3桁提示可

公演日前日にログイン情報をお伝えいたします。
公演当日入場後は速やかにログアウトして頂き、必ず開演時間ま...",True,fzg91qyelg,,alias,2026-09-27 10:24:12,2026-09-27 09:48:30,,,,,,,,,,,
dwlmkt3i68,,kamigata-expo-park-fes-2026,2026-11-01,,[大阪府] 万博記念公園,electronic,female,同行,はな,5.0,,同行,2026-09-26 02:01:13,scrape_observed,2026-09-27 01:01:03,,,listing,1,55000,"Aぇ! group×Aぇ! group名義/初期当選/すり替えなし/下3桁提示可 
・公演当日に、開場時間8:30以降の入場の可能性あります。 会場付近にて待ち...",True,412mww37gi,,alias,2026-09-27 10:24:12,2026-09-27 09:48:30,,,,,,,,,,,
and68pe6hd,,kamigata-expo-park-fes-2026,2026-11-01,,[大阪府] 万博記念公園,electronic,female,公演日1日前までにQRコード共有,ねね,5.0,,QR,2026-09-26 02:01:13,scrape_observed,2026-09-27 01:01:03,,,listing,1,24000,"なにわ名義/初期当選/有効期限内/発送物戻り無/同一クレカ無し/エラー歴無し

公演前日に必要な情報等を連絡ボードにてお知らせ致します。同意チェックは購入者様ご...",True,jhkyj0v0k2,,alias,2026-09-27 10:24:12,2026-09-27 09:48:30,,,,,,,,,,,
2wuow6778u,,kamigata-expo-park-fes-2026,2026-11-01,,[大阪府] 万博記念公園,electronic,female,公演日2日前までにQRコード共有,ぴまる,5.0,,QR,2026-09-26 02:01:13,scrape_observed,2026-09-27 01:01:03,,,listing,2,28000,"座席未定｜WEST名義｜QRごとのお譲り｜初期当選｜すり替えなし｜有効期限内｜下2桁お伝え可能｜前回ツアー落選



公演中止の際のみ、送料手数料を引いた金額返...",True,k9j8o5ct37,,alias,2026-09-27 10:24:12,2026-09-27 09:48:30,,,,,,,,,,,
at16c1usz0,,kamigata-expo-park-fes-2026,2026-11-01,,[大阪府] 万博記念公園,electronic,female,公演前日QRコード共有,M,5.0,,QR,2026-09-26 02:01:13,scrape_observed,2026-09-27 01:01:03,,,listing,1,29900,"QR毎/初期当選/下3桁提示可/すり替え重複なし/有効期限内/発送物戻りなし/着ブロ指定なし/SUPER EIGHT名義
前日にログイン情報をお伝えいたします。...",True,otl1zekdda,,alias,2026-09-27 10:24:12,2026-09-27 09:48:30,,,,,,,,,,,
b8hl7c3f4p,,kamigata-expo-park-fes-2026,2026-11-01,,[大阪府] 万博記念公園,electronic,female,前日までにログイン情報開示,❤︎,5.0,,QR,2026-09-26 02:01:13,scrape_observed,2026-09-27 01:01:03,,,listing,2,48000,"なにわ男子FC/QR毎/初期当選/下3桁提示可/有効期限内/発送物戻り・過去エラー無し

公演前日までにログイン情報お伝えします。
公演当日は入場後速やかにログ...",True,g3rhmlpvr7,,alias,2026-09-27 10:24:12,2026-09-27 09:48:30,,,,,,,,,,,
pl2tmw9xos,,kamigata-expo-park-fes-2026,2026-11-01,,[大阪府] 万博記念公園,electronic,female,公演日前日までにQRコード共有,s,5.0,,QR,2026-09-26 02:01:13,scrape_observed,2026-09-27 01:01:03,,,listing,2,35000,"QRごと/初期当選/前回ツアー落選×前回ツアー落選Aぇ名義/有効期限内/発送物戻り無/同一クレカ決済無し/下3桁提示可

公演前日に必要な情報等を連絡ボードにて...",True,kkekdcmvs8,,alias,2026-09-27 10:24:12,2026-09-27 09:48:30,,,,,,,,,,,
zh7u6ss4l0,,kamigata-expo-park-fes-2026,2026-11-01,,[大阪府] 万博記念公園,electronic,female,同行,小枝,5.0,,同行,2026-09-26 02:01:13,scrape_observed,2026-09-27 01:01:03,,,listing,2,25000,"なにわ男子名義/3名義中3番手/すり替えなし/下3桁提示可/初期当選名義含む/有効会員/

★当日の流れ★
会場10分前にこちらの指定した場所に集合し、その際に...",True,rh0qb8xyhh,,alias,2026-09-27 10:24:12,2026-09-27 09:48:30,,,,,,,,,,,
bhbwf3fhv8,,kamigata-expo-park-fes-2026,2026-11-01,,[大阪府] 万博記念公園,electronic,female,同行,ゆあ,5.0,,同行記載あり,2026-09-26 02:01:13,scrape_observed,2026-09-27 01:01:03,,,listing,2,37000,"初期当選/3名義中2番手/すり替え無し/下3桁提示可/有効期限内

★代表者・同行者共になにわ男子FCで登録済み
不備名義なし

※公式にて「TAKOYAKI...",True,f5n0nenhf1,,alias,2026-09-27 10:24:12,2026-09-27 09:48:30,,,,,,,,,,,
hg4upsajv5,,kamigata-expo-park-fes-2026,2026-11-01,,[大阪府] 万博記念公園,electronic,female,同行,け,5.0,,同行,2026-09-26 02:01:13,scrape_observed,2026-09-27 01:01:03,,,listing,1,35000,"初期当選/2名義中2番手/有効期限名義のみ/Aぇ名義/すり替えなし/下3桁提示可能/発送物戻りなし
購入希望の方はプライベート出品にするのでコメントください。...",True,nkbhpu7w3p,,alias,2026-09-27 10:24:12,2026-09-27 09:48:30,,,,,,,,,,,
irqi2sxdj9,,kamigata-expo-park-fes-2026,2026-11-01,,[大阪府] 万博記念公園,electronic,female,2名義中2番手,Gu,5.0,,番手,2026-09-26 02:01:13,scrape_observed,2026-09-27 01:01:03,,,listing,2,25000,"2名義中2番手 Aぇ名義 初当選
初期当選/すり替えなし/有効期限内/下3桁提示可
プラベルorプライベートチケットにて出品する為、購入希望の方はメッセージお願...",True,llhy3q3biu,,alias,2026-09-27 10:24:12,2026-09-27 09:48:30,,,,,,,,,,,
qxy7i1tae6,,kamigata-expo-park-fes-2026,2026-11-01,,[大阪府] 万博記念公園,electronic,female,公演前日にログイン情報共有,a,5.0,,QR,2026-09-26 02:01:13,scrape_observed,2026-09-26 09:01:11,,,listing,1,21000,"なにわ男子名義 /QR毎/重複すり替えなし/下3桁提示可能/初期当選/有効期限内
公演前日にログイン情報共有します。
ランダムエラーや本人確認、体調不良や出演者...",True,utmszeu3kl,,alias,2026-09-27 10:24:12,2026-09-27 09:48:30,,,,,,,,,,,
nd1q6kc5tk,,kamigata-expo-park-fes-2026,2026-11-01,,[大阪府] 万博記念公園,electronic,female,同行,Na,5.0,,同行番手,2026-09-26 02:01:13,scrape_observed,2026-09-27 01:01:03,,,listing,2,28000,"3名義中2番手/WEST名義/有効期限内/すり替えなし/下3桁提示可/初期当選

プラベルにてお取引したいので購入前にコメントお願いいたします。

同時入場し、...",True,2gjwgh1ycm,,alias,2026-09-27 10:24:12,2026-09-27 09:48:30,,,,,,,,,,,
pecn5j6tv2,,kamigata-expo-park-fes-2026,2026-11-01,,[大阪府] 万博記念公園,electronic,female,入金後24時間以内にQRコード共有,8,5.0,,ランダム記載あり,2026-09-26 02:01:13,scrape_observed,2026-09-27 01:01:03,,,listing,1,30000,"えいと名義/有効期限内/発送物戻り無/同一クレカ無し/エラー歴無し

公演前日に必要な情報等を連絡ボードにてお知らせします。同意チェックは購入者様ご自身でお願い...",True,e0y2lboyjw,,alias,2026-09-27 10:24:12,2026-09-27 09:48:30,,,,,,,,,,,
q8yzsrpd7y,,kamigata-expo-park-fes-2026,2026-11-01,,[大阪府] 万博記念公園,electronic,female,同行,ari,5.0,,同行番手,2026-09-26 02:01:13,scrape_observed,2026-09-27 01:01:03,,,listing,1,35000,"2名義中1番手/初期当選/Aぇ名義/有効期限内/すり替えなし/下3桁提示可

プラベルでのお取引希望の方は移行させていただきますので、メッセージをお願いします。...",True,p79joil4uw,,alias,2026-09-27 10:24:12,2026-09-27 09:48:30,,,,,,,,,,,
q6mwinp05t,,tvasahi-dream-festival-2026,2026-11-21,15:00,Kアリーナ横浜,electronic,female,チケットぴあにて分配or当日手渡し,な,5.0,,ランダム,2026-09-26 02:01:13,scrape_observed,2026-09-27 01:01:03,,,listing,2,15000,"すり替えなしランダム
全名義いち早ぴあプレリザーブでの当選

複数名義（全て2連）の中からのお譲りとなります。
ランダムにご理解のある方のみご購入おねがいいたし...",True,xoatq1fyul,,alias,2026-09-27 10:51:45,2026-09-27 09:48:30,,,,,,,,,,,
ldz323kpcs,,tvasahi-dream-festival-2026,2026-11-21,15:00,Kアリーナ横浜,paper,female,当日手渡し,A,5.0,,,2026-09-26 02:01:13,scrape_observed,2026-09-26 16:01:18,,,listing,2,11500,当日手渡しまたは郵送になります。発券後こちらがお渡し方法指定いたします。本人確認対応不可。中止の場合のみ返金。,True,5nrtjm63ks,,alias,2026-09-27 10:51:58,2026-09-27 09:48:30,,,,,,,,,,,
ixigfr8joq,,tvasahi-dream-festival-2026,2026-11-21,15:00,Kアリーナ横浜,electronic,female,公演3日前,ゆ,5.0,,番手,2026-09-26 02:01:13,scrape_observed,2026-09-27 01:01:03,,,listing,2,15000,"ぴあ最速先行/3名義中3番手/すり替えなし

アップグレード料金も込みです。

公演中止を除き、出演者の変更・遅刻・交通機関の遅延等、如何なる場合も返金いたしか...",True,h881yb5tcf,,alias,2026-09-27 10:51:46,2026-09-27 09:48:30,,,,,,,,,,,
sgpbkph540,,tvasahi-dream-festival-2026,2026-11-21,15:00,Kアリーナ横浜,paper,none,手渡し,ぽぽ,5.0,,番手ランダムQR,2026-09-26 02:01:13,scrape_observed,2026-09-26 15:01:15,,,listing,2,15000,"少人数すり替えなしランダム

手持ち名義全てアプグレ申し込み
アプグレ当選チケットお渡しの場合は0.7上乗せ",True,k96a2rd5b3,,alias,2026-09-27 10:52:00,2026-09-27 09:48:30,,,,,,,,,,,
ejpktn3o92,,tvasahi-dream-festival-2026,2026-11-21,15:00,Kアリーナ横浜,electronic,female,同行,うどん,5.0,,,2026-09-26 02:01:13,scrape_observed,2026-09-27 01:01:03,,,listing,2,17000,"2名義中2番手のチケットです。
2名義ともぴあ最速先行当選
すり替えなし
アプグレ申し込み予定
アプグレ当選時、当日手渡しにてアプグレ定価分頂戴いたします。
",True,q0sn9dl6r6,,alias,2026-09-27 10:51:46,2026-09-27 09:48:30,,,,,,,,,,,
xmox3tnxja,,tvasahi-dream-festival-2026,2026-11-21,15:00,Kアリーナ横浜,paper,female,当日手渡し,あちゃん,5.0,,番手,2026-09-26 02:01:13,scrape_observed,2026-09-27 01:01:03,,,listing,2,25000,"3名義中2番手　全ていち早プレ当選
当日手渡し、チケット手渡し時受け取り評価お願いいたします。
アプグレ申し込み予定落選の場合のキャンセル不可。アプグレ当選した...",True,xizngw6d8j,,alias,2026-09-27 10:51:46,2026-09-27 09:48:30,,,,,,,,,,,
djkrq1caxh,,tvasahi-dream-festival-2026,2026-11-21,15:00,Kアリーナ横浜,paper,female,当日手渡し,あちゃん,5.0,,ランダム,2026-09-26 02:01:13,scrape_observed,2026-09-27 01:01:03,,,listing,2,15000,"ランダム配布当日手渡し　定価+手数料
アプグレ申し込み予定当選の場合は別途アプグレ料金定価+手数料を当日頂戴いたします。

公演中止以外のキャンセル、返金不可",True,yv09m4fw4g,,alias,2026-09-27 10:51:47,2026-09-27 09:48:30,,,,,,,,,,,
esqn7zkwtt,,tvasahi-dream-festival-2026,2026-11-21,15:00,Kアリーナ横浜,paper,female,当日手渡し,💫,5.0,,番手,2026-09-26 02:01:13,scrape_observed,2026-09-27 01:01:03,,,listing,2,20000,"7名義中4番手/いち早プレ枠/すり替えなし
全名義アプグレ申込予定
アプグレ落選後のキャンセル不可
アプグレ当選時は定価分＋0.7当日手渡し

当日会場付近にて...",True,h9k68xixuu,,alias,2026-09-27 10:51:47,2026-09-27 09:48:30,,,,,,,,,,,
rbknpsvvsh,,tvasahi-dream-festival-2026,2026-11-21,15:00,Kアリーナ横浜,paper,female,当日手渡し,な,5.0,,番手,2026-09-26 02:01:13,scrape_observed,2026-09-27 01:01:03,,,listing,2,37000,"⭐️8名義中2(3)番手
即5.0/いち早ぴあプレ /すり替えなし
1部サイト通しに変更可
全名義アプグレ申込予定
アプグレ落選後のキャンセル不可
全名義落選又...",True,aahjnegc7j,,alias,2026-09-27 10:51:48,2026-09-27 09:48:30,,,,,,,,,,,
xv96vwyvpv,,tvasahi-dream-festival-2026,2026-11-21,15:00,Kアリーナ横浜,electronic,female,公演3日前,ゆ,5.0,,番手,2026-09-26 02:01:13,scrape_observed,2026-09-27 01:01:03,,,listing,2,18000,"ぴあ最速先行/3名義中2番手/すり替えなし

アップグレード料金も込みです。

公演中止を除き、出演者の変更・遅刻・交通機関の遅延等、如何なる場合も返金いたしか...",True,h2exokclzk,,alias,2026-09-27 10:51:48,2026-09-27 09:48:30,,,,,,,,,,,
00mpysxvc7,,tvasahi-dream-festival-2026,2026-11-21,15:00,Kアリーナ横浜,paper,female,当日手渡し,🦋,5.0,,ランダム,2026-09-26 02:01:13,scrape_observed,2026-09-27 01:01:03,,,listing,2,11800,"いち早枠当選名義のみのランダム配布

全てアプグレ申し込み予定ですが、落選名義のチケットをお渡しする可能性もございます。
2連で購入の方には必ず2連でチケットお...",True,me0gganf2h,,alias,2026-09-27 10:51:48,2026-09-27 09:48:30,,,,,,,,,,,
7ehtkmkl5t,,tvasahi-dream-festival-2026,2026-11-22,15:00,Kアリーナ横浜,paper,female,事前都内手渡し、または公演3日前までに郵送,み,5.0,,,2026-09-26 02:01:13,scrape_observed,2026-09-27 01:01:03,,,listing,2,30000,"・発券開始日の11/18(水)12:00〜以降にチケットをお譲りします。

・手渡しの場合、待ち合わせ日時・場所の決定後は時間厳守でお願いします。

・1枚購入...",True,6wwbfmfv4n,,alias,2026-09-27 10:51:48,2026-09-27 09:48:30,,,,,,,,,,,
dg8zkng0gm,,tvasahi-dream-festival-2026,2026-11-22,15:00,Kアリーナ横浜,paper,female,郵送,R,5.0,,,2026-09-26 02:01:13,scrape_observed,2026-09-27 01:01:03,,,listing,2,23000,"アプグレ申し込み可能
ぴあカード最速先行当選
いかなる場合もキャンセル返金不可",True,wmhmudq7q6,,alias,2026-09-27 10:51:49,2026-09-27 09:48:30,,,,,,,,,,,
ezu7zrnr2t,,tvasahi-dream-festival-2026,2026-11-22,15:00,Kアリーナ横浜,paper,female,当日手渡し,A,5.0,,,2026-09-26 02:01:13,scrape_observed,2026-09-26 16:01:18,,,listing,1,17000,"当日手渡しまたは郵送になります。発券後こちらがお渡し方法指定いたします。購入様に選択権はございません。本人確認対応不可。中止の場合のみ返金。
",True,r3stb09erj,,alias,2026-09-27 10:51:59,2026-09-27 09:48:30,,,,,,,,,,,
g91k690o0s,,tvasahi-dream-festival-2026,2026-11-22,15:00,Kアリーナ横浜,paper,female,当日手渡し,A,5.0,,,2026-09-26 02:01:13,scrape_observed,2026-09-26 16:01:18,,,listing,2,20000,当日手渡しまたは郵送になります。発券後こちらがお渡し方法指定いたします。本人確認対応不可。中止の場合のみ返金。,True,7fo7wcf082,,alias,2026-09-27 10:51:59,2026-09-27 09:48:30,,,,,,,,,,,
fdi7dxqdtb,,tvasahi-dream-festival-2026,2026-11-23,15:00,Kアリーナ横浜,paper,female,公演日7日前までに郵送,ちぇ,5.0,,番手,2026-09-26 02:01:13,scrape_observed,2026-09-26 10:01:10,,,listing,3,14500,"オフィシャル最速先行　2名義中2番手
公演中止の場合　手数料を差引いた金額を返金致します。中止以外の返金不可。

11月18日紙チケ発券後レターパックプラス又は...",True,ereu793r9g,,alias,2026-09-27 10:52:01,2026-09-27 09:48:30,,,,,,,,,,,
kamrgr4j3c,,tvasahi-dream-festival-2026,2026-11-23,15:00,Kアリーナ横浜,paper,female,入金後24時間以内に郵送,と,5.0,,番手,2026-09-26 02:01:13,scrape_observed,2026-09-26 23:01:11,,,listing,1,25000,2名義中2番手 公演中止以外の返金不可,True,fmr0l95qpm,,alias,2026-09-27 10:51:58,2026-09-27 09:48:30,,,,,,,,,,,
novl1nvjwc,,tvasahi-dream-festival-2026,2026-11-23,15:00,Kアリーナ横浜,paper,female,当日手渡し,A,5.0,,,2026-09-26 02:01:13,scrape_observed,2026-09-26 10:01:10,,,listing,1,11000,当日手渡しまたは郵送になります。発券後こちらがお渡し方法指定いたします。本人確認対応不可。中止の場合のみ返金。,True,k3cihbew47,,alias,2026-09-27 10:52:02,2026-09-27 09:48:30,,,,,,,,,,,
l3klwy43rt,,tvasahi-dream-festival-2026,2026-11-23,15:00,Kアリーナ横浜,paper,female,当日手渡し,A,5.0,,,2026-09-26 02:01:13,scrape_observed,2026-09-27 01:01:03,,,listing,2,12000,当日手渡しまたは郵送になります。発券後こちらがお渡し方法指定いたします。本人確認対応不可。中止の場合のみ返金。,True,10vqnmncxs,,alias,2026-09-27 10:51:49,2026-09-27 09:48:30,,,,,,,,,,,
vn1w7d3fen,,tvasahi-dream-festival-2026,2026-11-23,15:00,Kアリーナ横浜,paper,female,当日手渡しor郵送,ㅎㅅㅎ,5.0,,,2026-09-26 02:01:13,scrape_observed,2026-09-27 01:01:03,,,listing,3,16000,"最速先行。4連中3連子チケ。
発券済みのチケットを当日手渡し、郵送のいずれかでお渡しいたします。分配が可能であれば分配しますが紙チケットなので手渡しor郵送にな...",True,1coavbrjmv,,alias,2026-09-27 10:51:50,2026-09-27 09:48:30,,,,,,,,,,,
jebjkuruf6,,tvasahi-dream-festival-2026,2026-11-23,15:00,Kアリーナ横浜,paper,female,当日手渡し,777,5.0,,番手,2026-09-26 02:01:13,scrape_observed,2026-09-27 01:01:03,,,listing,2,25000,"ぴあいち早プレリザーブにて当選
2名義中2番手 
※アプグレご希望の方は当選時に差額のお支払いをお願いいたします。

・座席はお選びいただけませんのでご了承くだ...",True,kq795c1tdc,,alias,2026-09-27 10:51:50,2026-09-27 09:48:30,,,,,,,,,,,
03nopvzbxn,,kamigata-expo-park-fes-2026,2026-10-31,,[大阪府] 万博記念公園,electronic,female,公演日前日までにQRコード共有,77,5.0,,QR,2026-09-26 03:01:11,scrape_observed,2026-09-26 10:01:10,,,listing,1,22000,"初期当選/単番QR/すり替えなし/下3桁提示可/名義不備なし/なにわ名義

メッセージでプラベルへ移行可能です。

・公演前日にメッセージにて情報共有いたします...",True,mb3wzy8aft,,alias,2026-09-27 10:24:12,2026-09-27 09:48:30,,,,,,,,,,,
htrz3ank5q,,kamigata-expo-park-fes-2026,2026-10-31,,[大阪府] 万博記念公園,electronic,female,公演当日 情報共有,13,5.0,,QR,2026-09-26 05:01:09,scrape_observed,2026-09-27 00:01:19,,,listing,2,24000,"SUPER EIGHT名義/初期当選/QRごと/すり替えなし/下3桁提示可/郵送物戻りなし


・公演前日にメッセージにて情報共有いたします。
・出演者変更、体...",True,pdn5qqm7f7,,alias,2026-09-27 10:24:12,2026-09-27 09:48:30,,,,,,,,,,,
werbfy9hij,,tvasahi-dream-festival-2026,2026-11-21,15:00,Kアリーナ横浜,paper,none,当日手渡し又は事前手渡し,n,5.0,,ランダム,2026-09-26 05:01:09,scrape_observed,2026-09-26 12:01:12,,,listing,2,10000,"いち早枠当選名義のみのランダム配布

全てアプグレ申し込み予定ですが、落選名義のチケットをお渡しする可能性もございます。
2連で購入の方には必ず2連でチケットお...",True,ia0a868va1,,alias,2026-09-27 10:52:01,2026-09-27 09:48:30,,,,,,,,,,,
ha5utuqv2d,,kamigata-expo-park-fes-2026,2026-11-01,,[大阪府] 万博記念公園,electronic,female,FC先行/ 初期当選/同行すり替えなし/下3桁提示可能/有効期限内,マ,5.0,,同行,2026-09-26 06:01:12,scrape_observed,2026-09-27 10:24:12,2026-09-27 10:24:12,transition_observed,sold,1,17000,"
2連中の1枚同行になります。
・公演当日は会場付近で待ち合わせをし、同時入場していただきます。
・集合時間は10時になりますのでご購入の際は注意をお願いします...",True,,,sold_confirmed,2026-09-27 10:24:12,2026-09-27 09:48:30,public_detail,False,public_detail,,,,,,,,
9iirovb9nl,,kamigata-expo-park-fes-2026,2026-10-31,,[大阪府] 万博記念公園,electronic,female,同時入場,ぱ,4.8,,ランダム記載あり,2026-09-26 07:01:07,scrape_observed,2026-09-27 00:01:19,,,listing,2,23000,"3名義中2名義目すり替えなし、全てsupereight名義
2連×3名義のうち、当方と友人で2連選択後残りの4枚から2連お選びください。
開場時間(8時30分)...",True,yr6pf28cw3,,alias,2026-09-27 10:24:12,2026-09-27 09:48:30,,,,,,,,,,,
cs4oatcvwj,,kamigata-expo-park-fes-2026,2026-10-31,,[大阪府] 万博記念公園,electronic,female,公演日7日前までにQRコード共有,yunaka,5.0,,,2026-09-26 09:01:11,scrape_observed,2026-09-27 00:01:19,,,listing,2,22000,,True,n63z7bzhni,,alias,2026-09-27 10:24:12,2026-09-27 09:48:30,,,,,,,,,,,
cp8km1mlzp,,tvasahi-dream-festival-2026,2026-11-21,15:00,Kアリーナ横浜,electronic,female,公演日7日前までにQRコード共有,やまo,5.0,,,2026-09-26 09:01:11,scrape_observed,2026-09-27 00:01:19,,,listing,2,9500,,True,nf9yxvkf4l,,alias,2026-09-27 10:51:57,2026-09-27 09:48:30,,,,,,,,,,,
0uzufus6yy,,kamigata-expo-park-fes-2026,2026-11-01,,[大阪府] 万博記念公園,electronic,female,公演日当日に同行,AIka,5.0,,番手同行,2026-09-26 12:01:12,scrape_observed,2026-09-27 00:01:19,,,listing,1,27000,"2名義中2番手/初期当選/なにわ名義/有効期限内/すり替えなし/下3桁提示可

公演当日、会場付近にて集合後同時入場していただきます。
8:30が入場時間なので...",True,1bctoi72eg,,alias,2026-09-27 10:24:12,2026-09-27 09:48:30,,,,,,,,,,,
4u8gmyna2p,,tvasahi-dream-festival-2026,2026-11-21,15:00,Kアリーナ横浜,paper,none,前日又は当日手渡し,n,5.0,,ランダム,2026-09-26 13:01:18,scrape_observed,2026-09-27 00:01:19,,,listing,2,10000,"いち早枠当選名義のみのランダム配布

全てアプグレ申し込み予定ですが、落選名義のチケットをお渡しする可能性もございます。
2連で購入の方には必ず2連でチケットお...",True,6r4rvfubci,,alias,2026-09-27 10:51:57,2026-09-27 09:48:30,,,,,,,,,,,
2guxgyeg1q,,tvasahi-dream-festival-2026,2026-11-23,15:00,Kアリーナ横浜,paper,female,発券番号ごと可/郵送,R,5.0,,QR,2026-09-26 14:01:52,scrape_observed,2026-09-27 00:01:19,,,listing,2,18000,発券番号ごと可/郵送/オフィシャル先行,True,bq9l3twcb3,,alias,2026-09-27 10:51:58,2026-09-27 09:48:30,,,,,,,,,,,
2uxy26lykr,,kamigata-expo-park-fes-2026,2026-10-31,,[大阪府] 万博記念公園,electronic,female,同行,L,5.0,,番手,2026-09-27 01:01:03,public_alias_observed,2026-09-28 00:02:52,,,listing,2,32000,"6名義中3番手/初期当選/有効期限内/すり替えなし/下三桁提示可能

ランダムエラー、出演者変更、体調不良、交通機関の乱れなどの如何なる理由により入場できなかった場合でも受け取り通知をして頂きます。購入後のクレームについては一切受け付けませんのでご了承ください。

当日8:30入場可能な方のみでお願い致します。",True,39v3f8hw4i,2026-09-26 01:01:13,alias,2026-09-28 01:04:41,2026-09-28 01:12:46,public_detail,False,public_detail,active,"6名義中3番手/初期当選/有効期限内/すり替えなし/下三桁提示可能

ランダムエラー、出演者変更、体調不良、交通機関の乱れなどの如何なる理由により入場できなかっ...",public_detail,2026-09-28 00:15:06,True,2026-09-28 00:15:06,1Cl2VvDmJVZqGnDqCyq0,"{""isSpecified"": false, ""value"": """"}"
0y19grl8dp,,kamigata-expo-park-fes-2026,2026-10-31,,[大阪府] 万博記念公園,electronic,female,公演日7日前までにQRコード共有,yunaka,5.0,,,2026-09-27 01:01:03,public_alias_observed,2026-09-28 00:02:52,,,listing,2,22000,,True,n63z7bzhni,2026-09-26 09:01:11,alias,2026-09-28 01:04:40,2026-09-28 01:12:46,public_detail,False,public_detail,active,,public_detail,2026-09-28 00:15:21,True,2026-09-28 00:15:21,1Cl2VvDmJVZqGnDqCyq0,"{""isSpecified"": false, ""value"": """"}"
ifzcvxngi2,,kamigata-expo-park-fes-2026,2026-10-31,,[大阪府] 万博記念公園,electronic,female,同行,れいあ,5.0,,同行,2026-09-27 01:01:03,public_alias_observed,2026-09-28 00:02:52,,,listing,1,30000,"当方の同行のため岡﨑担❌
WEST名義

すり替えなし。下3桁提示可能。有効期限内。初期当選。着ブロ希望なし。郵送物戻りなし。過去エラーなし。

ランダムエラー、本人確認、電波環境、体調不良等で入場できなかった場合でも受取評価はしていただきます。もしも本人確認されてしまった場合などでもこちらの名義を売るような行為はおやめください。

入場後すぐにログアウト、開演前までに受取評価してくださる方、すぐにお支払いしてくださる方、盗撮録音など名義に傷を付ける行為をしない方、上記全ての条件にご納得していただける方のみ落札してください。",True,vee8vn19yr,2026-09-26 01:01:13,alias,2026-09-28 01:04:56,2026-09-28 01:12:46,public_detail,False,public_detail,active,"当方の同行のため岡﨑担❌
WEST名義

すり替えなし。下3桁提示可能。有効期限内。初期当選。着ブロ希望なし。郵送物戻りなし。過去エラーなし。

ランダムエラー...",public_detail,2026-09-28 00:15:33,True,2026-09-28 00:15:33,1Cl2VvDmJVZqGnDqCyq0,"{""isSpecified"": false, ""value"": """"}"
let4gbtyev,,kamigata-expo-park-fes-2026,2026-10-31,,[大阪府] 万博記念公園,electronic,female,当日渡し,Me_7teor,5.0,,QR / 番手,2026-09-27 01:01:03,public_alias_observed,2026-09-28 00:02:52,,,listing,2,0,"5名義中5番手
初期当選/有効期限内/すり替えなし/下三桁提示可能

ランダムエラー、出演者変更、体調不良、交通機関の乱れなどの如何なる理由により入場できなかった場合でも受け取り通知をして頂きます。購入後のクレームについては一切受け付けませんのでご了承ください。

当日8:30入場可能な方のみでお願い致します。",True,ni301wnirj,2026-09-26 01:01:13,alias,2026-09-28 01:04:41,2026-09-28 01:12:46,public_detail,True,on_request,active,"5名義中5番手
初期当選/有効期限内/すり替えなし/下三桁提示可能

ランダムエラー、出演者変更、体調不良、交通機関の乱れなどの如何なる理由により入場できなかっ...",public_detail,2026-09-28 00:14:51,True,2026-09-28 00:14:51,1Cl2VvDmJVZqGnDqCyq0,"{""isSpecified"": false, ""value"": """"}"
5wajoq66c1,,kamigata-expo-park-fes-2026,2026-10-31,,[大阪府] 万博記念公園,electronic,female,同時入場,ぱ,4.8,,,2026-09-27 01:01:03,public_alias_observed,2026-09-28 00:02:52,,,listing,2,23000,"3名義中2名義目すり替えなし、全てsupereight名義
2連×3名義のうち、当方と友人で2連選択後残りの4枚から2連お選びください。
開場時間(8時30分)のため8時頃には会場付近ご到着ください。
集合は8時10分を予定しております。
こまめに連絡の取れる方でお願い致します。
発券後ブロック選択後のお渡しとなります。
場合によってはそのままお渡しさせていただきますが柔軟にご対応くださいませ。
購入者様にブロックの選択権は御座いません。
購入者様に座席の選択権は御座いませんのでご了承ください。
購入者様の端末でQRコードの表示をして頂く場合がございます。表示可能な端末をお持ちください。
詳しい集合場所や服装につきましては当日ご連絡させて頂きます。
交通機関の遅延、体調不良等含め当日集合時間にいらっしゃらない場合は待たずに入場させていただきます。その場合も受け取り評価はして頂きますのでご了承ください。
入場後は座席券をお渡しした際に受け取り評価をお願い致します。また、ブロックや整理番号等のクレームはお受けできません。

注意事項
※当日連絡の取りやすいよう購入後すぐ購入者様のお名前(フリガナ)と電話番号をお知らせください。
※心身共に健康でありこのようなお取引にご理解のある日本人の方のみご購入ください。
※ランダムエラー、本人確認等で入場出来なかった場合でも返金対応は出来かねます。また、体調不良含め如何なる場合でも入金後のキャンセルはお受けできませんので、そのような場合でも受け取り評価をお願い致します。
※録音録画等の違反行為をされる方は購入をお控えください。
※代理購入はお控えください。必ず購入者様本人が入場をお願い致します

記載内容以外の希望は対応出来かねますので、上記全てに納得いただいた方のみお取引を宜しくお願い致します
",True,yr6pf28cw3,2026-09-26 07:01:07,alias,2026-09-28 01:04:41,2026-09-28 01:12:46,public_detail,False,public_detail,active,"3名義中2名義目すり替えなし、全てsupereight名義
2連×3名義のうち、当方と友人で2連選択後残りの4枚から2連お選びください。
開場時間(8時30分)...",public_detail,2026-09-28 00:15:26,True,2026-09-28 00:15:26,1Cl2VvDmJVZqGnDqCyq0,"{""isSpecified"": false, ""value"": """"}"
icpdaztwx6,,kamigata-expo-park-fes-2026,2026-10-31,,[大阪府] 万博記念公園,electronic,female,同行,ｲ,5.0,,番手,2026-09-27 01:01:03,public_alias_observed,2026-09-28 00:02:52,,,listing,2,23000,"2名義中2番手 / 初期当選 / すり替えなし / 下3桁提示可 / 有効期限内 / 該当名義(アンビ名義×2)


・8:30入場予定。

・公演当日、開場30分前会場付近にて待ち合わせし、同時入場していただきます。遅刻、体調不良、ランダムエラー、本人確認での返金不可。公演中止の際には仲介手数料を差し引いた金額を返金いたします。

・チケットはこちらで確認を行い、座席確認後にお渡しさせていただきます。チケットお渡しと同時に受取連絡を必ずお願いいたします。

・詳しい待ち合わせ時間・場所等は、ご入金後にマイページの連絡ボードでお知らせします。

・入場の際チケット発券の為、携帯端末ををお借りする場合がございますので、ご了承ください。",True,ku6nb6ra24,2026-09-26 01:01:13,alias,2026-09-28 01:04:42,2026-09-28 01:12:46,public_detail,False,public_detail,active,"2名義中2番手 / 初期当選 / すり替えなし / 下3桁提示可 / 有効期限内 / 該当名義(アンビ名義×2)


・8:30入場予定。

・公演当日、開場3...",public_detail,2026-09-28 00:14:59,True,2026-09-28 00:14:59,1Cl2VvDmJVZqGnDqCyq0,"{""isSpecified"": false, ""value"": """"}"
0whvgdkvgj,,kamigata-expo-park-fes-2026,2026-10-31,,[大阪府] 万博記念公園,electronic,female,同行,a,5.0,,番手,2026-09-27 01:01:03,public_alias_observed,2026-09-28 00:02:52,,,listing,1,21000,"2名義中2番手(単番×2)
有効期限内/下3桁提示可
公演中止以外の如何なる理由（ランダムエラー、交通機関の遅延、体調不良等）でのキャンセルや返金は致しかねます。また、座席に関するクレーム等は一切受け付けませ
ん。
公演中止の際は手数料を差し引いた額を返金します。
入場後は速やかに受取連絡をお願いいたします。

トラブル防止のため購入は日本人女性以外及び代理購入のご購入は遠慮ください。

購入された場合、以上全てに同意の上と判断いたします。",True,gsnv5m8hym,2026-09-26 01:01:13,alias,2026-09-28 01:04:42,2026-09-28 01:12:46,public_detail,False,public_detail,active,"2名義中2番手(単番×2)
有効期限内/下3桁提示可
公演中止以外の如何なる理由（ランダムエラー、交通機関の遅延、体調不良等）でのキャンセルや返金は致しかねます...",public_detail,2026-09-28 00:15:44,True,2026-09-28 00:15:44,1Cl2VvDmJVZqGnDqCyq0,"{""isSpecified"": false, ""value"": """"}"
2ktu8jfh1i,,kamigata-expo-park-fes-2026,2026-10-31,,[大阪府] 万博記念公園,electronic,female,公演前日にログイン情報共有,M,5.0,,QR,2026-09-27 01:01:03,public_alias_observed,2026-09-27 14:02:51,,,listing,2,25000,"QR毎/初期当選/下3桁提示可/有効期限内/郵送物戻りなし

前回ツアー落選かつ名義作成後初当選です。

公演前日にログイン情報をお伝えいたしますので当日入場後は速やかにログアウトし、評価をお願いいたします。公演中止以外の全ての事柄においてキャンセルや返金はいたしかねます。上記全てご理解頂ける方のみご購入よろしくお願いいたします。

その他ご質問等ございましたらお気軽にご連絡ください。",True,ve2kq39hjd,2026-09-26 01:01:13,alias,2026-09-28 01:05:51,2026-09-27 15:02:48,public_detail,False,public_detail,inactive,"QR毎/初期当選/下3桁提示可/有効期限内/郵送物戻りなし

前回ツアー落選かつ名義作成後初当選です。

公演前日にログイン情報をお伝えいたしますので当日入場後...",public_detail,2026-09-28 00:02:01,True,2026-09-28 00:02:01,1Cl2VvDmJVZqGnDqCyq0,"{""isSpecified"": false, ""value"": """"}"
yx9wx8gurk,,kamigata-expo-park-fes-2026,2026-10-31,,[大阪府] 万博記念公園,electronic,female,QR毎,tsgjgk,5.0,,QR,2026-09-27 01:01:03,public_alias_observed,2026-09-28 00:02:52,,,listing,2,35000,"WEST名義/QRごと/該当名義/重複すり替え無し/下3桁提示可/有効期限内/

公演前日にログインに必要な情報をお伝えします。
同行者登録はこちらで行います。代表者の同意チェックは買い手様ご自身でお願いします。

ランダムエラー、出演者の欠席、交通機関の遅延、購入者様のご予定や体調によるキャンセル等、公演中止以外のいかなる理由でも返金はいたしかねます。

入場後は速やかにログアウト、受け取り連絡をお願い致します。",True,371utatt27,2026-09-26 01:01:13,alias,2026-09-28 01:04:59,2026-09-28 01:12:46,public_detail,False,public_detail,active,"WEST名義/QRごと/該当名義/重複すり替え無し/下3桁提示可/有効期限内/

公演前日にログインに必要な情報をお伝えします。
同行者登録はこちらで行います。...",public_detail,2026-09-28 00:14:30,True,2026-09-28 00:14:30,1Cl2VvDmJVZqGnDqCyq0,"{""isSpecified"": false, ""value"": """"}"
eoo3ye0jj8,,kamigata-expo-park-fes-2026,2026-10-31,,[大阪府] 万博記念公園,electronic,female,公演前日にログイン情報共有,h,5.0,,,2026-09-27 01:01:03,public_alias_observed,2026-09-28 00:02:52,,,listing,2,45000,"SUPER EIGHT× SUPER EIGHT
QR毎/FC初期当選/有効期限内/下三桁提示可

QR毎でのお譲りとなります。
同行者の同意チェックはこちらでいたしますので、代表者分のみお願いいたします。

前日にQR表示に必要な情報をお伝えいたします。
ログイン後QR表示に必要な操作以外はお控えください。
入場後は速やかにログアウトして頂き、受取連絡をお願いします。
体調不良、交通機関の遅延、出演者変更、本人確認、ランダムエラー等、如何なる場合でもキャンセルや返金は不可とさせて頂きます。
公演中止の場合に限り、手数料を差し引いた金額を返金いたします。
プラベルでのお取引も可能です。",True,9v63s2d3sn,2026-09-26 01:01:13,alias,2026-09-28 01:04:43,2026-09-28 01:12:46,public_detail,False,public_detail,active,"SUPER EIGHT× SUPER EIGHT
QR毎/FC初期当選/有効期限内/下三桁提示可

QR毎でのお譲りとなります。
同行者の同意チェックはこちらで...",public_detail,2026-09-28 00:15:37,True,2026-09-28 00:15:37,1Cl2VvDmJVZqGnDqCyq0,"{""isSpecified"": false, ""value"": """"}"
voocragoo7,,kamigata-expo-park-fes-2026,2026-10-31,,[大阪府] 万博記念公園,electronic,female,同行,みょ,5.0,,,2026-09-27 01:01:03,public_alias_observed,2026-09-28 00:02:52,,,listing,1,45000,"Aぇ名義/下3桁提示可/サイチェン可

・正門担との同行（正門担×）
・8:15会場付近集合予定
・当日同行が難しくなった場合、受け取り評価は必ずしていただきます。
・1時間以上以上の遅刻はチケ代とは別途に1.0いただきます。早めに連絡をお願いします。",True,f9upn59mjw,2026-09-26 01:01:13,alias,2026-09-28 01:05:01,2026-09-28 01:12:46,public_detail,False,public_detail,active,"Aぇ名義/下3桁提示可/サイチェン可

・正門担との同行（正門担×）
・8:15会場付近集合予定
・当日同行が難しくなった場合、受け取り評価は必ずしていただきま...",public_detail,2026-09-28 00:14:58,True,2026-09-28 00:14:58,1Cl2VvDmJVZqGnDqCyq0,"{""isSpecified"": false, ""value"": """"}"
faht3214z1,,kamigata-expo-park-fes-2026,2026-10-31,,[大阪府] 万博記念公園,electronic,female,同行,Na,5.0,,番手,2026-09-27 01:01:03,scrape_observed,2026-09-28 00:02:52,,,listing,2,25000,"2名義中2番手/デビュー組名義/有効期限内/すり替えなし/下3桁提示可/初期当選

プラベルにてお取引したいので購入前にコメントお願いいたします。

同時入場し、入場後一旦チケットを回収し当方が選ばなかったチケットをお渡しいたします。

公演中止の場合のみ手数料を差し引いて返金いたします。
体調不良、本人確認、ランダムエラーなどのいかなる場合も返金は致しませんので、ご了承下さい。

",True,af726fmzwh,,alias,2026-09-28 01:04:43,2026-09-28 01:12:46,public_detail,False,public_detail,active,"2名義中2番手/デビュー組名義/有効期限内/すり替えなし/下3桁提示可/初期当選

プラベルにてお取引したいので購入前にコメントお願いいたします。

同時入場し...",public_detail,2026-09-28 00:14:29,True,2026-09-28 00:14:29,1Cl2VvDmJVZqGnDqCyq0,"{""isSpecified"": false, ""value"": """"}"
diwvbladuj,,kamigata-expo-park-fes-2026,2026-10-31,,[大阪府] 万博記念公園,paper,female,同時入場,🌙,5.0,,同行 / 番手,2026-09-27 01:01:03,public_alias_observed,2026-09-28 00:02:52,,,listing,2,27000,"2名義中2番手
なにわ・Aぇ名義
初期当選/すり替えなし/下3桁提示可/ND⁵・Runway(今ツ)落選名義


【お取引について】

・番手でのお譲りが難しいとこちらが判断した場合、QR毎でのお取引に変更する場合がございます。
・当日は、会場付近にて集合し、同時入場いたします。
・入場後、チケットを一度回収し、こちらで座席を選択後、こちらが選択しなかった座席をお渡しいたします。
・チケットお渡し後は、速やかに受取連絡をお願いいたします。

・公演中止以外の返金はいたしかねます。
・座席等に関するクレームは一切お受けできません。
・トラブル防止のため、代理購入はご遠慮ください。

・日本語でスムーズにやり取りができる方のみご購入をお願いいたします。",True,23gec7fr18,2026-09-26 01:01:13,alias,2026-09-28 01:05:02,2026-09-28 01:12:46,public_detail,False,public_detail,active,"2名義中2番手
なにわ・Aぇ名義
初期当選/すり替えなし/下3桁提示可/ND⁵・Runway(今ツ)落選名義


【お取引について】

・番手でのお譲りが難しい...",public_detail,2026-09-28 00:15:41,True,2026-09-28 00:15:41,1Cl2VvDmJVZqGnDqCyq0,"{""isSpecified"": false, ""value"": """"}"
zu6u26bkcu,,kamigata-expo-park-fes-2026,2026-10-31,,[大阪府] 万博記念公園,electronic,male,前日までにログイン情報共有,♡,5.0,,QR,2026-09-27 01:01:03,public_alias_observed,2026-09-28 00:02:52,,,listing,2,25000,"QR毎/Aぇ名義/初期当選/下3桁提示可/有効期限内/発送物戻りなし/条件なし/ペイジー払い

QR毎のお譲りです。
代表者(男性名義)、同行者(女性名義)どちらもAぇ名義の初期当選です。発送物戻りや過去エラー等はない当方管理の名義になります。
公演前日までにログイン情報をお伝えいたしますので当日入場後は速やかにログアウトし受取通知をお願いいたします。
公演中止以外の購入者様都合のキャンセルや返金はいたしかねます。
上記全てご理解頂ける方のみご購入よろしくお願いいたします。",True,2efwq95ca4,2026-09-26 01:01:13,alias,2026-09-28 01:04:44,2026-09-28 01:12:46,public_detail,False,public_detail,active,"QR毎/Aぇ名義/初期当選/下3桁提示可/有効期限内/発送物戻りなし/条件なし/ペイジー払い

QR毎のお譲りです。
代表者(男性名義)、同行者(女性名義)どち...",public_detail,2026-09-28 00:15:20,True,2026-09-28 00:15:20,1Cl2VvDmJVZqGnDqCyq0,"{""isSpecified"": false, ""value"": """"}"
f4228ukbuk,,kamigata-expo-park-fes-2026,2026-10-31,,[大阪府] 万博記念公園,electronic,female,QRごと,にゃ,5.0,,QR,2026-09-27 01:01:03,public_alias_observed,2026-09-28 00:02:52,,,listing,1,30000,"なにわ名義/QRごと/該当名義/重複すり替え無し/下3桁提示可/有効期限内/

公演前日にログインに必要な情報を連絡ボードにてお伝えします。

※ランダムエラー、出演者の欠席、交通機関の遅延、購入者様のご予定や体調によるキャンセル等、いかなる理由であれ返金対応できませんのでご了承ください。
受け取り評価をしていただきます。

入場後は速やかにログアウト、受け取り連絡をお願い致します。
",True,ot2pwuq8qe,2026-09-26 01:01:13,alias,2026-09-28 01:04:44,2026-09-28 01:12:46,public_detail,False,public_detail,active,"なにわ名義/QRごと/該当名義/重複すり替え無し/下3桁提示可/有効期限内/

公演前日にログインに必要な情報を連絡ボードにてお伝えします。

※ランダムエラー...",public_detail,2026-09-28 00:15:41,True,2026-09-28 00:15:41,1Cl2VvDmJVZqGnDqCyq0,"{""isSpecified"": false, ""value"": """"}"
6r9j7x9l3a,,kamigata-expo-park-fes-2026,2026-10-31,,[大阪府] 万博記念公園,electronic,female,同行,y,5.0,,同行,2026-09-27 01:01:03,public_alias_observed,2026-09-28 00:02:52,,,listing,1,37000,"2名義中1番手
すり替えなし/Aぇ名義/有効期限内/下3桁提示可

入場のみ一緒でも目的同じでしたら一緒に動くことも可能です。
柔軟に対応いたします。
開園から並ぶ予定です。
詳細出ましたら相談させていただきます。

プラベル移行も可能ですので、何かあればお気軽に仰ってくださると助かります。",True,7izmayjsqi,2026-09-26 01:01:13,alias,2026-09-28 01:05:04,2026-09-28 01:12:46,public_detail,False,public_detail,active,"2名義中1番手
すり替えなし/Aぇ名義/有効期限内/下3桁提示可

入場のみ一緒でも目的同じでしたら一緒に動くことも可能です。
柔軟に対応いたします。
開園から...",public_detail,2026-09-28 00:15:47,True,2026-09-28 00:15:47,1Cl2VvDmJVZqGnDqCyq0,"{""isSpecified"": false, ""value"": """"}"
2dsyn1dcfz,,kamigata-expo-park-fes-2026,2026-10-31,,[大阪府] 万博記念公園,electronic,female,同行,いよ,5.0,,番手,2026-09-27 01:01:03,public_alias_observed,2026-09-28 00:02:52,,,listing,2,25000,"4名義中3番手/全てアンビ名義・初期当選・有効期限内・郵送物戻りなし/下3桁提示可/サイチェン可

公演当日、8:10（開場20分前）頃に会場付近にて待ち合わせし、同時入場していただきます。今後の案内によっては早まる可能性もございますのでご了承願います。
詳しい待ち合わせ時間・場所等は、ご入金後に連絡ボードでお知らせします。

入場後に一旦チケットを回収いたします。こちらと2番手の方が選択後、残りの2名義からチケットをご選択ください。
チケットを受け取られましたらその場で受取連絡をお願いいたします。

公演中止の場合のみ、手数料を差し引いた全額を返金いたします。その他のいかなる理由でも返金はいたしかねますので予めご了承ください。",True,pmdozwt1cv,2026-09-26 01:01:13,alias,2026-09-28 01:04:45,2026-09-28 01:12:46,public_detail,False,public_detail,active,"4名義中3番手/全てアンビ名義・初期当選・有効期限内・郵送物戻りなし/下3桁提示可/サイチェン可

公演当日、8:10（開場20分前）頃に会場付近にて待ち合わせ...",public_detail,2026-09-28 00:14:56,True,2026-09-28 00:14:56,1Cl2VvDmJVZqGnDqCyq0,"{""isSpecified"": false, ""value"": """"}"
q0ccmuv5vf,,kamigata-expo-park-fes-2026,2026-10-31,,[大阪府] 万博記念公園,electronic,female,公演前日ログイン情報共有,moe,5.0,,QR,2026-09-27 01:01:03,public_alias_observed,2026-09-28 00:02:52,,,listing,2,33500,"プラベル取引/Aぇ名義/QRごと/該当名義/重複すり替え無し/下3桁提示可/有効期限内/発送物戻り無し

＊プラベルにて取引希望ですので、購入希望の方はメッセージにて必ずお知らせください＊

公演前日にログインに必要な情報をお伝えします。
同行者登録はこちらで行います。代表者の同意チェックは買い手様ご自身でお願いします。

ランダムエラー、出演者の欠席、交通機関の遅延、購入者様のご予定や体調によるキャンセル等、公演中止以外のいかなる理由でも返金はいたしかねます。

入場後は速やかにログアウト、受け取り連絡をお願い致します。",True,pwwf1a5lfw,2026-09-26 01:01:13,alias,2026-09-28 01:04:45,2026-09-28 01:12:46,public_detail,False,public_detail,active,"プラベル取引/Aぇ名義/QRごと/該当名義/重複すり替え無し/下3桁提示可/有効期限内/発送物戻り無し

＊プラベルにて取引希望ですので、購入希望の方はメッセー...",public_detail,2026-09-28 00:15:27,True,2026-09-28 00:15:27,1Cl2VvDmJVZqGnDqCyq0,"{""isSpecified"": false, ""value"": """"}"
wm4moodojj,,kamigata-expo-park-fes-2026,2026-10-31,,[大阪府] 万博記念公園,electronic,female,公演前日にログイン情報お渡し,あ,5.0,,QR,2026-09-27 01:01:03,public_alias_observed,2026-09-28 00:02:52,,,listing,1,40000,"WEST名義/QR毎/重複すり替え無し/下3桁提示可/有効期限内

公演前日にログインに必要な情報を連絡ボードにてお伝えします。

※ランダムエラー、出演者の欠席、交通機関の遅延、購入者様のご予定や体調によるキャンセル等、公演中止以外は返金いたしかねます。
受け取り評価をしていただきます。

入場後は速やかにログアウト、受け取り連絡をお願い致します。
",True,8wzmxvkwod,2026-09-26 01:01:13,alias,2026-09-28 01:05:10,2026-09-28 01:12:46,public_detail,False,public_detail,active,"WEST名義/QR毎/重複すり替え無し/下3桁提示可/有効期限内

公演前日にログインに必要な情報を連絡ボードにてお伝えします。

※ランダムエラー、出演者の欠...",public_detail,2026-09-28 00:14:43,True,2026-09-28 00:14:43,1Cl2VvDmJVZqGnDqCyq0,"{""isSpecified"": false, ""value"": """"}"
4pl5c6zbpb,,kamigata-expo-park-fes-2026,2026-10-31,,[大阪府] 万博記念公園,electronic,female,同行,いよ,5.0,,番手,2026-09-27 01:01:03,public_alias_observed,2026-09-28 00:02:52,,,listing,2,35000,"4名義中2番手/全てアンビ名義・初期当選・有効期限内・郵送物戻りなし/下3桁提示可/サイチェン可

公演当日、8:10（開場20分前）頃に会場付近にて待ち合わせし、同時入場していただきます。今後の案内によっては早まる可能性もございますのでご了承願います。
詳しい待ち合わせ時間・場所等は、ご入金後に連絡ボードでお知らせします。

入場後に一旦チケットを回収いたします。こちらが選択後、残りの3名義からチケットをご選択ください。
チケットを受け取られましたらその場で受取連絡をお願いいたします。

公演中止の場合のみ、手数料を差し引いた全額を返金いたします。その他のいかなる理由でも返金はいたしかねますので予めご了承ください。",True,nvz54zfjkc,2026-09-26 01:01:13,alias,2026-09-28 01:04:45,2026-09-28 01:12:46,public_detail,False,public_detail,active,"4名義中2番手/全てアンビ名義・初期当選・有効期限内・郵送物戻りなし/下3桁提示可/サイチェン可

公演当日、8:10（開場20分前）頃に会場付近にて待ち合わせ...",public_detail,2026-09-28 00:15:13,True,2026-09-28 00:15:13,1Cl2VvDmJVZqGnDqCyq0,"{""isSpecified"": false, ""value"": """"}"
ckpq617gcq,,kamigata-expo-park-fes-2026,2026-10-31,,[大阪府] 万博記念公園,electronic,female,公演当日 情報共有,13,5.0,,QR,2026-09-27 01:01:03,public_alias_observed,2026-09-28 00:02:52,,,listing,2,24000,"SUPER EIGHT名義/初期当選/QRごと/すり替えなし/下3桁提示可/郵送物戻りなし


・公演前日にメッセージにて情報共有いたします。
・出演者変更、体調不良、エラー等、公演中止・延期以外のいかなる場合でも返金対応はできません。
・本人確認、遅刻、体調不良、同意チェックのエラーにより入場できなくても受取報告をお願いいたします。
・同意チェックとQR 表示はご自身で行って頂きますようお願いします。

全て理解された日本人女性のみ購入して頂くようお願いします。
",True,pdn5qqm7f7,2026-09-26 05:01:09,alias,2026-09-28 01:04:46,2026-09-28 01:12:46,public_detail,False,public_detail,active,"SUPER EIGHT名義/初期当選/QRごと/すり替えなし/下3桁提示可/郵送物戻りなし


・公演前日にメッセージにて情報共有いたします。
・出演者変更、体...",public_detail,2026-09-28 00:15:50,True,2026-09-28 00:15:50,1Cl2VvDmJVZqGnDqCyq0,"{""isSpecified"": false, ""value"": """"}"
l2pkun1yvp,,kamigata-expo-park-fes-2026,2026-10-31,,[大阪府] 万博記念公園,electronic,female,公演日前日にQRコード共有,あ,5.0,,QR,2026-09-27 01:01:03,public_alias_observed,2026-09-28 00:02:52,,,listing,1,24000,"【QRごと】初期当選　重複なし　条件なし　ペイジー支払い　有効期限内名義　着席ブロック、復活当選、制作開放席、郵便戻りではありません。希望があれば会員番号の下3桁をお知らせします。公演中止や延期の場合は返金いたします。メンバーの欠席による返金はできません。本人確認、遅刻、体調不良、同意チェックのエラーにより入場できなくても受取報告はして頂きます。購入者様に非のないランダムエラーの場合、音声や動画などの証拠がありましたら返金検討いたします。
同行者の確認チェックはこちらで行います。代表者の確認チェックとQR 表示はご自身でログインし行って頂きますようお願いします。
全て理解された方のみ購入して頂くようお願いします。
チケットは前日にログイン情報をお送りします。",True,qe9vjyl1fu,2026-09-26 01:01:13,alias,2026-09-28 01:04:46,2026-09-28 01:12:46,public_detail,False,public_detail,active,【QRごと】初期当選　重複なし　条件なし　ペイジー支払い　有効期限内名義　着席ブロック、復活当選、制作開放席、郵便戻りではありません。希望があれば会員番号の下3...,public_detail,2026-09-28 00:15:27,True,2026-09-28 00:15:27,1Cl2VvDmJVZqGnDqCyq0,"{""isSpecified"": false, ""value"": """"}"
6ja7jg58x1,,kamigata-expo-park-fes-2026,2026-10-31,,[大阪府] 万博記念公園,electronic,female,同行,いよ,5.0,,番手,2026-09-27 01:01:03,public_alias_observed,2026-09-28 00:02:52,,,listing,2,17500,"4名義中4番手/全てアンビ名義・初期当選・有効期限内・郵送物戻りなし/下3桁提示可/サイチェン可

公演当日、8:10（開場20分前）頃に会場付近にて待ち合わせし、同時入場していただきます。今後の案内によっては早まる可能性もございますのでご了承願います。
詳しい待ち合わせ時間・場所等は、ご入金後に連絡ボードでお知らせします。

入場後に一旦チケットを回収し、残りのチケットをお渡しします。
チケットを受け取られましたらその場で受取連絡をお願いいたします。

公演中止の場合のみ、手数料を差し引いた全額を返金いたします。その他のいかなる理由でも返金はいたしかねますので予めご了承ください。",True,u742s2oppo,2026-09-26 01:01:13,alias,2026-09-28 01:04:46,2026-09-28 01:12:46,public_detail,False,public_detail,active,"4名義中4番手/全てアンビ名義・初期当選・有効期限内・郵送物戻りなし/下3桁提示可/サイチェン可

公演当日、8:10（開場20分前）頃に会場付近にて待ち合わせ...",public_detail,2026-09-28 00:15:38,True,2026-09-28 00:15:38,1Cl2VvDmJVZqGnDqCyq0,"{""isSpecified"": false, ""value"": """"}"
qf70ixc4j9,,kamigata-expo-park-fes-2026,2026-10-31,,[大阪府] 万博記念公園,electronic,female,2名義中2番手,A,5.0,,番手,2026-09-27 01:01:03,public_alias_observed,2026-09-28 00:02:52,,,listing,2,21000,"2名義中2番手/Aぇ･エイト名義/初期当選/すり替えなし/下3桁提示可

同時入場後、当方の選ばなかった方のチケットをお渡しします。また、ブロック選択に少々お時間頂く場合がございますのでご了承ください。

8時30分前には集合させて頂きます。可能な方のみご購入ください。当日の詳しい待ち合わせ時間、場所につきましては前日までにご連絡させて頂きます。

主催者側都合による公演中止のみ手数料等引いた額を返金させて頂きます。それ以外の如何なる理由での返金不可です。（ランダムエラー、体調不良、交通機関の乱れ等）

集合後、発送通知をいたしますのでチケットお渡し後は速やかに受け取り通知をお願いいたします。",True,6m872zisnn,2026-09-26 01:01:13,alias,2026-09-28 01:05:19,2026-09-28 01:12:46,public_detail,False,public_detail,active,"2名義中2番手/Aぇ･エイト名義/初期当選/すり替えなし/下3桁提示可

同時入場後、当方の選ばなかった方のチケットをお渡しします。また、ブロック選択に少々お時...",public_detail,2026-09-28 00:15:00,True,2026-09-28 00:15:00,1Cl2VvDmJVZqGnDqCyq0,"{""isSpecified"": false, ""value"": """"}"
t8ug1ncpzu,,kamigata-expo-park-fes-2026,2026-10-31,,[大阪府] 万博記念公園,electronic,female,同行,L,5.0,,番手,2026-09-27 01:01:03,public_alias_observed,2026-09-28 00:02:52,,,listing,2,50000,"6名義中2番手/初期当選/有効期限内/すり替えなし/下三桁提示可能

ランダムエラー、出演者変更、体調不良、交通機関の乱れなどの如何なる理由により入場できなかった場合でも受け取り通知をして頂きます。購入後のクレームについては一切受け付けませんのでご了承ください。

当日8:30入場可能な方のみでお願い致します。",True,b9qnwnipsv,2026-09-26 01:01:13,alias,2026-09-28 01:04:47,2026-09-28 01:12:46,public_detail,False,public_detail,active,"6名義中2番手/初期当選/有効期限内/すり替えなし/下三桁提示可能

ランダムエラー、出演者変更、体調不良、交通機関の乱れなどの如何なる理由により入場できなかっ...",public_detail,2026-09-28 00:14:53,True,2026-09-28 00:14:53,1Cl2VvDmJVZqGnDqCyq0,"{""isSpecified"": false, ""value"": """"}"
ie5qm8sara,,kamigata-expo-park-fes-2026,2026-10-31,,[大阪府] 万博記念公園,electronic,female,同行,L,5.0,,同行 / 番手,2026-09-27 01:01:03,public_alias_observed,2026-09-28 00:02:52,,,listing,1,22000,"6名義中4番手/初期当選/有効期限内/すり替えなし/下三桁提示可能

ランダムエラー、出演者変更、体調不良、交通機関の乱れなどの如何なる理由により入場できなかった場合でも受け取り通知をして頂きます。購入後のクレームについては一切受け付けませんのでご了承ください。

当日8:30入場可能な方のみでお願い致します。",True,ypbio9z38o,2026-09-26 01:01:13,alias,2026-09-28 01:04:47,2026-09-28 01:12:46,public_detail,False,public_detail,active,"6名義中4番手/初期当選/有効期限内/すり替えなし/下三桁提示可能

ランダムエラー、出演者変更、体調不良、交通機関の乱れなどの如何なる理由により入場できなかっ...",public_detail,2026-09-28 00:15:16,True,2026-09-28 00:15:16,1Cl2VvDmJVZqGnDqCyq0,"{""isSpecified"": false, ""value"": """"}"
lv8bg9xhd7,,kamigata-expo-park-fes-2026,2026-11-01,,[大阪府] 万博記念公園,electronic,none,公演日1日前にQRコード共有,めんた,5.0,,QR,2026-09-27 01:01:03,public_alias_observed,2026-09-28 00:02:52,,,listing,2,25000,"なにわ男子FC✕なにわ男子FC/初期選/QR毎/すり替えなし/有効期限内／エラー歴等なし/下3桁提示可/Pay-easy
支払い
公演日前日に連絡ボードにてログイン情報お伝えします。
当日入場後は速やかにログアウトと受取評価お願いいたします。
遅刻や体調不良、交通機関の乱れ、本人確認、システムエラーやランダムエラー等、主催者側による公演中止以外でのキャンセル・返金対応はいかなる理由でも不可になります。座席のクレームも一切受け付けませんのでご了承ください。
入金後の不備、送金停止依頼など如何なる場合でも返金はできません",True,9dn8e5nzn3,2026-09-26 01:01:13,alias,2026-09-28 01:04:48,2026-09-28 01:12:46,public_detail,False,public_detail,active,"なにわ男子FC✕なにわ男子FC/初期選/QR毎/すり替えなし/有効期限内／エラー歴等なし/下3桁提示可/Pay-easy
支払い
公演日前日に連絡ボードにてログ...",public_detail,2026-09-28 00:14:37,True,2026-09-28 00:14:37,1Cl2VvDmJVZqGnDqCyq0,"{""isSpecified"": false, ""value"": """"}"
4rf8ajf97j,,kamigata-expo-park-fes-2026,2026-11-01,,[大阪府] 万博記念公園,electronic,female,公演前日まで,D,5.0,,番手,2026-09-27 01:01:03,public_alias_observed,2026-09-28 00:02:52,,,listing,1,27500,"2名義中2番手/エイト×2名義/初期当選/有効期限名義のみ/すり替えなし

当日、開場時間前に会場付近で待ち合わせし、同時入場していただきます。
入場後はチケットを一旦回収し、当方が選ばなかったチケットをお渡し致します。チケットを選ぶのにお時間がかかる場合がございますのでご理解ください。

会場の電波環境が悪い可能性がございますので、事前に電話番号をお伺い致します。

当日購入者様の遅刻、体調不良により入場できなかった場合、本人確認、入場時のランダムエラーや入場エラ一、座席などへのクレームでの返金は一切致しかねます。また、公演中止以外のキャンセルは一切受け付けません。そのような場合でも必ず受取連絡はして頂きますのでご了承ください。

チケットをお渡しさせて頂く際に、必ず受取連絡をお願い致します。受取連絡をして頂いた時点でお取引が問題なく完了したこととみなし、それ以降のクレーム等は受け付けません。ご購入はいかなる場合も返金、キャンセル処理は致しません。ご了承ください。

必ず上記事項にご理解頂けた方、20歳以上の日本人女性の方のみご購入お願い致します。公演中止の際には手数料を差し引いた金額を返金します。",True,w8jjkxyh6t,2026-09-26 01:01:13,alias,2026-09-28 01:04:48,2026-09-28 01:12:46,public_detail,False,public_detail,active,"2名義中2番手/エイト×2名義/初期当選/有効期限名義のみ/すり替えなし

当日、開場時間前に会場付近で待ち合わせし、同時入場していただきます。
入場後はチケッ...",public_detail,2026-09-28 00:15:34,True,2026-09-28 00:15:34,1Cl2VvDmJVZqGnDqCyq0,"{""isSpecified"": false, ""value"": """"}"
jf9a0r7r38,,kamigata-expo-park-fes-2026,2026-11-01,,[大阪府] 万博記念公園,electronic,female,公演日前日にログイン情報お渡し,も,5.0,,QR,2026-09-27 01:01:03,public_alias_observed,2026-09-28 00:02:52,,,listing,2,32000,"WESTを含まずFC×FCでの当選です。
初期当選/有効期限内/下3桁提示可能/過去エラー・発送物戻り無

公演日前日にログイン情報をお渡しします。赤線対策のため同行者の同意チェックをした状態でお渡しします。

代表・同行どちらも前回落選名義となります。公演中止以外はランダムエラーを含むいかなる場合も返金・キャンセル対応致しませんのでご了承ください。

以上のことが理解できる方のみご購入お願いします。

気になる点がある方はご購入前にコメントお願いします。",True,cucooc0rz1,2026-09-26 01:01:13,alias,2026-09-28 01:04:49,2026-09-28 01:12:46,public_detail,False,public_detail,active,"WESTを含まずFC×FCでの当選です。
初期当選/有効期限内/下3桁提示可能/過去エラー・発送物戻り無

公演日前日にログイン情報をお渡しします。赤線対策のた...",public_detail,2026-09-28 00:14:40,True,2026-09-28 00:14:40,1Cl2VvDmJVZqGnDqCyq0,"{""isSpecified"": false, ""value"": """"}"
fdqa61z6fg,,kamigata-expo-park-fes-2026,2026-11-01,,[大阪府] 万博記念公園,electronic,female,QRの為未定,39,5.0,,番手,2026-09-27 01:01:03,public_alias_observed,2026-09-28 00:02:52,,,listing,1,21000,"2名義中2番手 / すり替えなし / 下3桁提示可 /  有効期限内 / どちらも局名義

・公演当日、会場付近に集合し同時入場する予定です。
・当方が選ばなかった方、2名義中2番手のチケットをお渡しします。
・チケットを受け取り後は速やかに受け取り評価をよろしくお願いいたします。
・体調不良や遅延、ランダムエラー等公演中止以外の如何なる理由でのキャンセルは一切受け付けておりません。
・公演中止の際は手数料を差し引いた額を返金します。
・上記を理解出来る日本語の通じる成人済女性がご購入ください。",True,8lj1av0qjc,2026-09-26 01:01:13,alias,2026-09-28 01:04:49,2026-09-28 01:12:46,public_detail,False,public_detail,active,"2名義中2番手 / すり替えなし / 下3桁提示可 /  有効期限内 / どちらも局名義

・公演当日、会場付近に集合し同時入場する予定です。
・当方が選ばなか...",public_detail,2026-09-28 00:15:43,True,2026-09-28 00:15:43,1Cl2VvDmJVZqGnDqCyq0,"{""isSpecified"": false, ""value"": """"}"
pxmwfykid2,,kamigata-expo-park-fes-2026,2026-11-01,,[大阪府] 万博記念公園,electronic,none,公演日当日にQRコード共有,めんた,5.0,,QR,2026-09-27 01:01:03,public_alias_observed,2026-09-28 00:02:52,,,listing,2,25000,"なにわ男子FC✕なにわ男子FC/初期選/QR毎/すり替えなし/有効期限内／エラー歴等なし/下3桁提示可/Pay-easy
支払い
公演日前日に連絡ボードにてログイン情報お伝えします。
当日入場後は速やかにログアウトと受取評価お願いいたします。
遅刻や体調不良、交通機関の乱れ、本人確認、システムエラーやランダムエラー等、主催者側による公演中止以外でのキャンセル・返金対応はいかなる理由でも不可になります。座席のクレームも一切受け付けませんのでご了承ください。
入金後の不備、送金停止依頼など如何なる場合でも返金できません",True,njpkk2jw2b,2026-09-26 01:01:13,alias,2026-09-28 01:04:50,2026-09-28 01:12:46,public_detail,False,public_detail,active,"なにわ男子FC✕なにわ男子FC/初期選/QR毎/すり替えなし/有効期限内／エラー歴等なし/下3桁提示可/Pay-easy
支払い
公演日前日に連絡ボードにてログ...",public_detail,2026-09-28 00:14:35,True,2026-09-28 00:14:35,1Cl2VvDmJVZqGnDqCyq0,"{""isSpecified"": false, ""value"": """"}"
fkefylh9w0,,kamigata-expo-park-fes-2026,2026-11-01,,[大阪府] 万博記念公園,electronic,female,同行,28,5.0,,同行,2026-09-27 01:01:03,public_alias_observed,2026-09-27 23:02:44,,,listing,1,33000,"FC先行 座席未定 初期当選 有効期限内 重複すり替えなし 会員番号下3桁提示可能 着ブロ希望なし

公演当日、開演 1時間前〜30分前頃に会場付近にて待ち合わせし、同時入場していただきます。
詳しい待ち合わせ時間・場所につきましては、公演前日までに連絡ボードでお知らせします。
チケットをお渡しする際に受け取り連絡をお願いいたします。
座席に関するクレームは受け付けておりません。
重複無しのため当方との同行になります。
同時入場後は、ご自由にしていただいて構いません。

公演中止の際には、送料・仲介手数料を差し引いた金額を返金いたします。
システムエラー、本人確認、交通機関でのトラブル、買い手様のご都合など、いかなる場合も返金キャンセル対応いたしかねますのでご了承ください。",True,meelnngq41,2026-09-26 01:01:13,alias,2026-09-28 01:05:50,2026-09-28 00:02:52,public_detail,False,public_detail,inactive,"FC先行 座席未定 初期当選 有効期限内 重複すり替えなし 会員番号下3桁提示可能 着ブロ希望なし

公演当日、開演 1時間前〜30分前頃に会場付近にて待ち合わ...",public_detail,2026-09-28 00:02:01,True,2026-09-28 00:02:01,1Cl2VvDmJVZqGnDqCyq0,"{""isSpecified"": false, ""value"": """"}"
v5er2j7hoe,,kamigata-expo-park-fes-2026,2026-11-01,,[大阪府] 万博記念公園,electronic,female,当日朝ログイン,yu,5.0,,QR,2026-09-27 01:01:03,public_alias_observed,2026-09-28 00:02:52,,,listing,2,25000,"ジュニア情報局 / QR毎 / 下3桁提示可 / 有効期限内

・公演当日の朝にログイン情報送付、または待ち合わせの上買い手の端末でログイン致します。
・ランダムエラー、買い手理由のキャンセル、遅刻などの公演中止以外での返金には一切応じませんのでご了承ください。
・入場しログアウト後 入場報告完了してください
・公演中止の際のみ返金させて頂きます。
・日本語の分かる方のみご購入よろしくお願いいたします。",True,vlaynqf60f,2026-09-26 01:01:13,alias,2026-09-28 01:05:29,2026-09-28 01:12:46,public_detail,False,public_detail,active,"ジュニア情報局 / QR毎 / 下3桁提示可 / 有効期限内

・公演当日の朝にログイン情報送付、または待ち合わせの上買い手の端末でログイン致します。
・ランダ...",public_detail,2026-09-28 00:14:33,True,2026-09-28 00:14:33,1Cl2VvDmJVZqGnDqCyq0,"{""isSpecified"": false, ""value"": """"}"
6mzooh2m66,,kamigata-expo-park-fes-2026,2026-11-01,,[大阪府] 万博記念公園,electronic,female,公演日前日にログイン情報共有,ま,4.9,,QR,2026-09-27 01:01:03,public_alias_observed,2026-09-28 00:02:52,,,listing,1,20000,"QRごと/該当名義/重複すり替え無し/下3桁提示可/有効期限内/WEST.名義

公演中止の際のみ規約に従い返金対応いたします。ランダムエラー、本人確認、体調不良、買い手様ご都合で入場が遅れた場合や、その他いかなる場合もキャンセルを含む一切の返金対応不可です。ご了承のうえご購入ください。",True,d83xwfxko4,2026-09-26 01:01:13,alias,2026-09-28 01:05:33,2026-09-28 01:12:46,public_detail,False,public_detail,active,"QRごと/該当名義/重複すり替え無し/下3桁提示可/有効期限内/WEST.名義

公演中止の際のみ規約に従い返金対応いたします。ランダムエラー、本人確認、体調不...",public_detail,2026-09-28 00:14:54,True,2026-09-28 00:14:54,1Cl2VvDmJVZqGnDqCyq0,"{""isSpecified"": false, ""value"": """"}"
uvz9bcp1ys,,kamigata-expo-park-fes-2026,2026-11-01,,[大阪府] 万博記念公園,electronic,male,公演前日QRコード共有,も,5.0,,QR,2026-09-27 01:01:03,public_alias_observed,2026-09-28 00:02:52,,,listing,2,25000,"QRごとのお譲りになります。
なにわ名義/FC×FC/初期当選/下3桁提示可能/期限内／着ブロ希望なし/ランダムエラー・発送物戻りなし
プライベート出品にしますのでご購入希望の方はコメントください。
・公演前日にログイン情報をお伝えします。
・本人確認やランダムエラーなどで入場できなかった場合、入場後の強制退場や出演者の変更などによる返金は一切致しません。
・遅刻、体調不良、トラブル等のいかなる場合もキャンセルは受け付けません。公演中止の場合のみサイト規約に基づき、仲介手数料を差し引いた金額を返金致します。
・座席に関するクレーム等はお受け致しません。
上記を了承された方のみご購入お願い致します。",True,yqu9779lgw,2026-09-26 01:01:13,alias,2026-09-28 01:04:50,2026-09-28 01:12:46,public_detail,False,public_detail,active,"QRごとのお譲りになります。
なにわ名義/FC×FC/初期当選/下3桁提示可能/期限内／着ブロ希望なし/ランダムエラー・発送物戻りなし
プライベート出品にします...",public_detail,2026-09-28 00:14:54,True,2026-09-28 00:14:54,1Cl2VvDmJVZqGnDqCyq0,"{""isSpecified"": false, ""value"": """"}"
1z1ss4vmo2,,kamigata-expo-park-fes-2026,2026-11-01,,[大阪府] 万博記念公園,electronic,female,公演日前日QRコード共有,S,5.0,,QR,2026-09-27 01:01:03,public_alias_observed,2026-09-28 00:02:52,,,listing,1,50000,"Aぇ名義/初期当選/すり替えなし/下3桁提示可能/過去エラー歴なし
QR毎のお譲りになります。公演当日(8:30)までにログイン情報をお伝えいたします。
ランダムエラーや出演者の変更等、公演中止以外の理由での返金は致しかねます。公演中止の場合は手数料を差し引いた金額を返金いたします。

ログイン出来ましたら重複防止のため同意チェックはご本人様にお願いしております。",True,hfu3vpskf6,2026-09-26 01:01:13,alias,2026-09-28 01:05:37,2026-09-28 01:12:46,public_detail,False,public_detail,active,"Aぇ名義/初期当選/すり替えなし/下3桁提示可能/過去エラー歴なし
QR毎のお譲りになります。公演当日(8:30)までにログイン情報をお伝えいたします。
ランダ...",public_detail,2026-09-28 00:14:46,True,2026-09-28 00:14:46,1Cl2VvDmJVZqGnDqCyq0,"{""isSpecified"": true, ""value"": ""\u5ea7\u5e2d\u672a\u5b9a""}"
9yedsrgwza,,kamigata-expo-park-fes-2026,2026-11-01,,[大阪府] 万博記念公園,electronic,female,公演日当日に同行,AIka,5.0,,番手 / 同行,2026-09-27 01:01:03,public_alias_observed,2026-09-28 00:02:52,,,listing,1,26000,"2名義中2番手/初期当選/なにわ名義/有効期限内/すり替えなし/下3桁提示可

公演当日、会場付近にて集合後同時入場していただきます。
8:30が入場時間なので朝早いですが、時間厳守できる方のみ購入をお願いします。
指定した時間に遅れた場合も待たずに入場しますが、受取報告をしていただきます。

入場後当方の入らない方の名義の2番手半券をお渡しします。
チケットお渡しの際に受取報告をお願いします。受取報告を確認できるまでチケットはお渡しできませんのでご了承ください。

代理購入不可、未就学児を連れてる方の購入不可、スーツケース等大きい荷物の持ち込みもご遠慮ください。

遅刻、体調不良、交通機関等遅延、本人確認、ランダムエラー等公演中止以外の返金は一切対応できません。

日本語が話せてスムーズにご連絡の取れる方のみご購入ください。

購入いただいた時点で、上記全て了承したものとみなしクレームは一切受け付けません。
",True,1bctoi72eg,2026-09-26 12:01:12,alias,2026-09-28 01:04:50,2026-09-28 01:12:46,public_detail,False,public_detail,active,"2名義中2番手/初期当選/なにわ名義/有効期限内/すり替えなし/下3桁提示可

公演当日、会場付近にて集合後同時入場していただきます。
8:30が入場時間なので...",public_detail,2026-09-28 00:15:12,True,2026-09-28 00:15:12,1Cl2VvDmJVZqGnDqCyq0,"{""isSpecified"": false, ""value"": """"}"
3lgufdm3sd,,kamigata-expo-park-fes-2026,2026-11-01,,[大阪府] 万博記念公園,electronic,female,当日朝ログイン,yu,5.0,,QR,2026-09-27 01:01:03,public_alias_observed,2026-09-28 00:02:52,,,listing,2,25000,"ジュニア情報局 / QR毎 / 下3桁提示可 / 有効期限内

・公演当日の朝にログイン情報送付、または待ち合わせの上買い手の端末でログイン致します。
・入場しログアウト後 入場報告完了してください
・ランダムエラー、買い手理由のキャンセル、遅刻などの公演中止以外での返金には一切応じませんのでご了承ください。
・公演中止の際のみ返金させて頂きます。
・日本語の分かる方のみご購入よろしくお願いいたします。",True,9ftzq17wmt,2026-09-26 01:01:13,alias,2026-09-28 01:05:38,2026-09-28 01:12:46,public_detail,False,public_detail,active,"ジュニア情報局 / QR毎 / 下3桁提示可 / 有効期限内

・公演当日の朝にログイン情報送付、または待ち合わせの上買い手の端末でログイン致します。
・入場し...",public_detail,2026-09-28 00:14:59,True,2026-09-28 00:14:59,1Cl2VvDmJVZqGnDqCyq0,"{""isSpecified"": false, ""value"": """"}"
ocpm6s9j64,,kamigata-expo-park-fes-2026,2026-11-01,,[大阪府] 万博記念公園,electronic,female,公演前日にQR表示に必要な情報をお送りします。,ゆ,5.0,,QR,2026-09-27 01:01:03,public_alias_observed,2026-09-28 00:02:52,,,listing,1,45000,"QR毎／Aぇ名義／初期当選／FC先行／座席未定／
重複すり替えなし／下3桁提示可能

【お渡し方法】
公演前日にログイン情報をお渡ししますので、ログインできるかの確認をお願いいたします。
入場後は速やかにログアウトをお願いいたします。
【注意事項】
・購入前後に関わらず過去の座席・当選歴の質問は受け付けておりません。
・お席に関するクレームは一切お受けできません。
・公演中止以外のいかなる場合でも返金不可。
・取引確定後のキャンセル不可
・本人確認又はエラーなどで入場できなかった場合やご購入者様のご都合でのキャンセル、返金は対応できません。",True,cjuy5f57jt,2026-09-26 01:01:13,alias,2026-09-28 01:05:42,2026-09-28 01:12:46,public_detail,False,public_detail,active,"QR毎／Aぇ名義／初期当選／FC先行／座席未定／
重複すり替えなし／下3桁提示可能

【お渡し方法】
公演前日にログイン情報をお渡ししますので、ログインできるか...",public_detail,2026-09-28 00:14:59,True,2026-09-28 00:14:59,1Cl2VvDmJVZqGnDqCyq0,"{""isSpecified"": true, ""value"": ""\u5ea7\u5e2d\u672a\u5b9a \u7740\u30d6\u30ed\u6307\u5b9a\u306a\u3057""}"
qslv0oj0ea,,kamigata-expo-park-fes-2026,2026-11-01,,[大阪府] 万博記念公園,electronic,female,公演前日にログイン情報共有,h,5.0,,QR,2026-09-27 01:01:03,public_alias_observed,2026-09-28 00:02:52,,,listing,2,45000,"WESTFC×WESTFC
QR毎/FC初期当選/有効期限内/下三桁提示可

QR毎でのお譲りとなります。
同行者の同意チェックはこちらでいたしますので、代表者分のみお願いいたします。

前日にQR表示に必要な情報をお伝えいたします。
ログイン後QR表示に必要な操作以外はお控えください。
入場後は速やかにログアウトして頂き、受取連絡をお願いします。
体調不良、交通機関の遅延、出演者変更、本人確認、ランダムエラー等、如何なる場合でもキャンセルや返金は不可とさせて頂きます。
公演中止の場合に限り、手数料を差し引いた金額を返金いたします。
プラベルでのお取引も可能です。",True,e3k4g2h98x,2026-09-26 01:01:13,alias,2026-09-28 01:04:50,2026-09-28 01:12:46,public_detail,False,public_detail,active,"WESTFC×WESTFC
QR毎/FC初期当選/有効期限内/下三桁提示可

QR毎でのお譲りとなります。
同行者の同意チェックはこちらでいたしますので、代表者...",public_detail,2026-09-28 00:14:52,True,2026-09-28 00:14:52,1Cl2VvDmJVZqGnDqCyq0,"{""isSpecified"": false, ""value"": """"}"
4imn2zdd31,,kamigata-expo-park-fes-2026,2026-11-01,,[大阪府] 万博記念公園,electronic,female,同行,a,5.0,,番手,2026-09-27 01:01:03,public_alias_observed,2026-09-28 00:02:52,,,listing,1,22000,"2名義中2番手(単番×2)
有効期限内/下3桁提示可
公演中止以外の如何なる理由（ランダムエラー、交通機関の遅延、体調不良等）でのキャンセルや返金は致しかねます。また、座席に関するクレーム等は一切受け付けません。
公演中止の際は手数料を差し引いた額を返金します。
入場後は速やかに受取連絡をお願いいたします。

トラブル防止のため購入は日本人女性以外及び代理購入のご購入は遠慮ください。

購入された場合、以上全てに同意の上と判断いたします。",True,9hgymsmb6m,2026-09-26 01:01:13,alias,2026-09-28 01:04:51,2026-09-28 01:12:46,public_detail,False,public_detail,active,"2名義中2番手(単番×2)
有効期限内/下3桁提示可
公演中止以外の如何なる理由（ランダムエラー、交通機関の遅延、体調不良等）でのキャンセルや返金は致しかねます...",public_detail,2026-09-28 00:14:37,True,2026-09-28 00:14:37,1Cl2VvDmJVZqGnDqCyq0,"{""isSpecified"": false, ""value"": """"}"
cdw34hbaky,,kamigata-expo-park-fes-2026,2026-11-01,,[大阪府] 万博記念公園,electronic,female,同行,S,5.0,,番手,2026-09-27 01:01:03,public_alias_observed,2026-09-28 00:02:52,,,listing,2,20000,"2名義中2番手（2名義ともSUPER EIGHT名義）／すり替えなし／有効期限内／下3桁提示可／エラー歴なし

公演当日は、こちらが指定する時間・場所に集合していただき、同時入場を予定しております。
入場方法や当日の状況により、QRごとお渡しする場合がございますので、柔軟にご対応いただける方のみご購入をお願いいたします。

入場時間が早朝となる可能性もございます。公式から詳細が発表され次第、集合時間・場所について取引メッセージにてご連絡いたします。指定時間に確実にお越しいただける方のみご購入ください。

同時入場後一度チケットを回収し、こちらで選択後にチケットをお渡しいたします。
入場時にはお連れ様と分かれていただく可能性がございますが、必ず連番のチケットをお渡しいたします。

チケットお渡し後は、速やかに受取連絡をお願いいたします。
ブロック等に関するクレームは一切お受けできません。

また、いかなる理由であっても遅刻、体調不良、本人確認、ランダムエラー、出演者変更等、公演中止以外の理由でのキャンセル・返金はいたしかねます。

集合時間に遅刻された場合は、先に入場させていただく場合がございます。その場合も受取連絡は必ずお願いいたします。",True,e4owa2mpgt,2026-09-26 01:01:13,alias,2026-09-28 01:04:51,2026-09-28 01:12:46,public_detail,False,public_detail,active,"2名義中2番手（2名義ともSUPER EIGHT名義）／すり替えなし／有効期限内／下3桁提示可／エラー歴なし

公演当日は、こちらが指定する時間・場所に集合して...",public_detail,2026-09-28 00:14:34,True,2026-09-28 00:14:34,1Cl2VvDmJVZqGnDqCyq0,"{""isSpecified"": false, ""value"": """"}"
ox0cm1c0in,,kamigata-expo-park-fes-2026,2026-11-01,,[大阪府] 万博記念公園,electronic,female,公演前日にログイン情報を共有,うに,5.0,,QR,2026-09-27 01:01:03,public_alias_observed,2026-09-28 00:02:52,,,listing,1,22000,WEST.名義/QRごと/すり替え無し/初期当選/有効期限内/下三桁提示可,True,4psvb3ku69,2026-09-26 01:01:13,alias,2026-09-28 01:04:52,2026-09-28 01:12:46,public_detail,False,public_detail,active,WEST.名義/QRごと/すり替え無し/初期当選/有効期限内/下三桁提示可,public_detail,2026-09-28 00:14:50,True,2026-09-28 00:14:50,1Cl2VvDmJVZqGnDqCyq0,"{""isSpecified"": false, ""value"": """"}"
3koooipne4,,kamigata-expo-park-fes-2026,2026-11-01,,[大阪府] 万博記念公園,electronic,female,前日までにログイン情報共有,♡,5.0,,QR,2026-09-27 01:01:03,public_alias_observed,2026-09-28 00:02:52,,,listing,2,25000,"QR毎/Aぇ名義/初期当選/下3桁提示可/有効期限内/発送物戻りなし/条件なし/ペイジー払い

QR毎のお譲りです。
代表者同行者どちらも女性Aぇ名義の初期当選です。発送物戻りや過去エラー等はない当方管理の名義になります。
公演前日までにログイン情報をお伝えいたしますので当日入場後は速やかにログアウトし受取通知をお願いいたします。
公演中止以外の購入者様都合のキャンセルや返金はいたしかねます。
上記全てご理解頂ける方のみご購入よろしくお願いいたします。",True,2kn8lwg45x,2026-09-26 01:01:13,alias,2026-09-28 01:04:52,2026-09-28 01:12:46,public_detail,False,public_detail,active,"QR毎/Aぇ名義/初期当選/下3桁提示可/有効期限内/発送物戻りなし/条件なし/ペイジー払い

QR毎のお譲りです。
代表者同行者どちらも女性Aぇ名義の初期当選...",public_detail,2026-09-28 00:15:05,True,2026-09-28 00:15:05,1Cl2VvDmJVZqGnDqCyq0,"{""isSpecified"": false, ""value"": """"}"
go1ea4eg62,,kamigata-expo-park-fes-2026,2026-11-01,,[大阪府] 万博記念公園,electronic,female,前日にログイン情報共有,にら,5.0,,QR,2026-09-27 01:01:03,public_alias_observed,2026-09-28 00:02:52,,,listing,1,22000,"初期当選/QR毎/WEST名義/有効期限内名義/本人確認対応不可/会員番号下3桁提示可/公演日1日前ログイン情報ご連絡いたします
",True,78y63xn5dw,2026-09-26 01:01:13,alias,2026-09-28 01:04:53,2026-09-28 01:12:46,public_detail,False,public_detail,active,"初期当選/QR毎/WEST名義/有効期限内名義/本人確認対応不可/会員番号下3桁提示可/公演日1日前ログイン情報ご連絡いたします
",public_detail,2026-09-28 00:14:44,True,2026-09-28 00:14:44,1Cl2VvDmJVZqGnDqCyq0,"{""isSpecified"": false, ""value"": """"}"
irmpdm06vw,,tvasahi-dream-festival-2026,2026-11-21,15:00,Kアリーナ横浜,paper,female,当日手渡し,な,5.0,,ランダム,2026-09-27 01:01:03,public_alias_observed,2026-09-28 00:02:54,,,listing,2,13000,"すり替えなしランダム/ 9名義中7.8.9番手に変更可能/全名義いち早ぴあプレ枠
・全てアプグレ申し込み予定
・アプグレ当選の場合、当選席選択した際に限りアプグレ定価分(＋0.7/枚)当日支払いお願いします。
・当日の電波障害対策、お待ち合わせを迅速に行うため、電話番号のご提示をお願いします。
・待ち合わせ等のご連絡は前日までに取引メッセージにてお知らせします。
遅刻に関してはお待ちすることなく入場しますが、受取評価はしていただきます。その際の返金は致しません。
・座席に関するクレームは一切受け付けません。
・買い手様の都合上のキャンセル、本人確認等如何なる理由があっても受取評価はして頂きます。返金対応不可です。
・日本人の方のみ購入お願いします。
・すり替えなしランダムがご理解できる方のみご購入お願いします。
番手にも変更可能ですのでご相談下さい(提示している金額は、すり替えなしランダムの場合の金額です)。
・プラベ出品に変更しますのでお手数おかけしますがコメントお願いします。
・入金確認後、問い合わせ番号の下3桁掲示いたします。",True,f440r2b0j4,2026-09-26 01:01:13,alias,2026-09-28 02:13:15,2026-09-28 01:12:50,public_detail,False,public_detail,active,"すり替えなしランダム/ 9名義中7.8.9番手に変更可能/全名義いち早ぴあプレ枠
・全てアプグレ申し込み予定
・アプグレ当選の場合、当選席選択した際に限りアプグ...",public_detail,2026-09-28 00:23:49,True,2026-09-28 00:23:49,k8qw3X3Mpda6ZvJKsOG1,"{""isSpecified"": false, ""value"": """"}"
67wqb3d3pa,,tvasahi-dream-festival-2026,2026-11-21,15:00,Kアリーナ横浜,electronic,female,公演日7日前までにQRコード共有,やまo,5.0,,,2026-09-27 01:01:03,public_alias_observed,2026-09-28 00:02:54,,,listing,2,9500,,True,nf9yxvkf4l,2026-09-26 09:01:11,alias,2026-09-28 02:13:15,2026-09-28 01:12:50,public_detail,False,public_detail,active,,public_detail,2026-09-28 00:23:46,True,2026-09-28 00:23:46,k8qw3X3Mpda6ZvJKsOG1,"{""isSpecified"": false, ""value"": """"}"
vbxwzyrl8d,,tvasahi-dream-festival-2026,2026-11-21,15:00,Kアリーナ横浜,electronic,female,公演3日前に受け渡し方法共有,ら,4.9,,,2026-09-27 01:01:03,public_alias_observed,2026-09-28 00:02:54,,,listing,2,14500,"チケットぴあ いち早プレリザーブでの当選

11/18(木)に発券番号をお伝えしますのでご自身で発券をお願いいたします。

必ず発券次第速やかに受け取り連絡をお願いいたします。

主催者側による公演中止の場合に限り、サイトの規約に則り返金対応いたします。",True,48a8jjdpjl,2026-09-26 01:01:13,alias,2026-09-28 02:13:16,2026-09-28 01:12:50,public_detail,False,public_detail,active,"チケットぴあ いち早プレリザーブでの当選

11/18(木)に発券番号をお伝えしますのでご自身で発券をお願いいたします。

必ず発券次第速やかに受け取り連絡をお...",public_detail,2026-09-28 00:23:50,True,2026-09-28 00:23:50,k8qw3X3Mpda6ZvJKsOG1,"{""isSpecified"": false, ""value"": """"}"
4riufxrqs7,,tvasahi-dream-festival-2026,2026-11-21,15:00,Kアリーナ横浜,paper,female,当日手渡し,な,5.0,,番手,2026-09-27 01:01:03,public_alias_observed,2026-09-28 00:02:54,,,listing,2,13500,"9名義中9番手/全名義いち早ぴあプレ枠
・全てアプグレ申し込み予定
・アプグレ当選の場合、当選席選択した場合に限りアプグレ定価分(＋0.7/枚)当日支払いお願いします。
・当日の電波障害対策、お待ち合わせを迅速に行うため、電話番号のご提示をお願いします。
・待ち合わせ等のご連絡は前日までに取引メッセージにてお知らせします。
遅刻に関してはお待ちすることなく入場しますが、受取評価はしていただきます。その際の返金は致しません。
・座席に関するクレームは一切受け付けません。
・買い手様の都合上のキャンセル、本人確認等如何なる理由があっても受取評価はして頂きます。返金対応不可です。
・日本人の方のみ購入お願いします。
・番手(すり替えなし)がご理解できる方のみご購入お願いします。
⭐️プラベ出品に変更しますのでお手数おかけしますがコメントお願いします。
・入金確認後、問い合わせ番号の下3桁掲示いたします。",True,y3pd80vtau,2026-09-26 01:01:13,alias,2026-09-28 02:13:16,2026-09-28 01:12:50,public_detail,False,public_detail,active,"9名義中9番手/全名義いち早ぴあプレ枠
・全てアプグレ申し込み予定
・アプグレ当選の場合、当選席選択した場合に限りアプグレ定価分(＋0.7/枚)当日支払いお願い...",public_detail,2026-09-28 00:23:50,True,2026-09-28 00:23:50,k8qw3X3Mpda6ZvJKsOG1,"{""isSpecified"": false, ""value"": """"}"
zwx4wl2ifq,,tvasahi-dream-festival-2026,2026-11-21,15:00,Kアリーナ横浜,paper,none,前日又は当日手渡し,n,5.0,,ランダム,2026-09-27 01:01:03,public_alias_observed,2026-09-28 00:02:54,,,listing,2,10000,"いち早枠当選名義のみのランダム配布

全てアプグレ申し込み予定ですが、落選名義のチケットをお渡しする可能性もございます。
2連で購入の方には必ず2連でチケットお渡しいたします。

・当日開場15分前までにチケット手渡しさせて頂きます。集合時間は相談して決めますのでご安心ください。
（ご希望によっては事前郵送でも対応かのうですので事前にコメントをお願いいたしますり）
・名義数はお答えできかねます。

・公演中止以外のいかなる理由(出演者の変更、体調不良、本人確認、待ち合わせへの遅刻等)への返金対応は不可になります。

上記内容をご理解頂ける成人済みの方のみご購入をお願いいたします。",True,6r4rvfubci,2026-09-26 13:01:18,alias,2026-09-28 02:13:17,2026-09-28 01:12:50,public_detail,False,public_detail,active,"いち早枠当選名義のみのランダム配布

全てアプグレ申し込み予定ですが、落選名義のチケットをお渡しする可能性もございます。
2連で購入の方には必ず2連でチケットお...",public_detail,2026-09-28 00:23:51,True,2026-09-28 00:23:51,k8qw3X3Mpda6ZvJKsOG1,"{""isSpecified"": false, ""value"": """"}"
4l5a3vsc4g,,tvasahi-dream-festival-2026,2026-11-21,15:00,Kアリーナ横浜,paper,female,当日手渡し,な,5.0,,番手,2026-09-27 01:01:03,public_alias_observed,2026-09-28 00:02:54,,,listing,2,14500,"9名義中8番手/全名義いち早ぴあプレ枠
・全てアプグレ申し込み予定
・アプグレ当選の場合、当選席選択した場合に限りアプグレ定価分(＋0.7/枚)当日支払いお願いします。
・当日の電波障害対策、お待ち合わせを迅速に行うため、電話番号のご提示をお願いします。
・待ち合わせ等のご連絡は前日までに取引メッセージにてお知らせします。
遅刻に関してはお待ちすることなく入場しますが、受取評価はしていただきます。その際の返金は致しません。
・座席に関するクレームは一切受け付けません。
・買い手様の都合上のキャンセル、本人確認等如何なる理由があっても受取評価はして頂きます。返金対応不可です。
・日本人の方のみ購入お願いします。
・番手(すり替えなし)がご理解できる方のみご購入お願いします。
⭐️プラベ出品に変更しますのでお手数おかけしますがコメントお願いします。
・入金確認後、問い合わせ番号の下3桁掲示いたします。",True,1wgnn9opof,2026-09-26 01:01:13,alias,2026-09-28 02:13:17,2026-09-28 01:12:50,public_detail,False,public_detail,active,"9名義中8番手/全名義いち早ぴあプレ枠
・全てアプグレ申し込み予定
・アプグレ当選の場合、当選席選択した場合に限りアプグレ定価分(＋0.7/枚)当日支払いお願い...",public_detail,2026-09-28 00:23:47,True,2026-09-28 00:23:47,k8qw3X3Mpda6ZvJKsOG1,"{""isSpecified"": false, ""value"": """"}"
9mezd4uaoh,,tvasahi-dream-festival-2026,2026-11-21,15:00,Kアリーナ横浜,paper,female,当日手渡し,な,5.0,,番手,2026-09-27 01:01:03,public_alias_observed,2026-09-28 00:02:54,,,listing,2,15000,"9名義中7番手/全名義いち早ぴあプレ枠
・全てアプグレ申し込み予定
・アプグレ当選の場合、当選席選択した場合に限りアプグレ定価分(＋0.7/枚)当日支払いお願いします。
・当日の電波障害対策、お待ち合わせを迅速に行うため、電話番号のご提示をお願いします。
・待ち合わせ等のご連絡は前日までに取引メッセージにてお知らせします。
遅刻に関してはお待ちすることなく入場しますが、受取評価はしていただきます。その際の返金は致しません。
・座席に関するクレームは一切受け付けません。
・買い手様の都合上のキャンセル、本人確認等如何なる理由があっても受取評価はして頂きます。返金対応不可です。
・日本人の方のみ購入お願いします。
・番手(すり替えなし)がご理解できる方のみご購入お願いします。
⭐️プラベ出品に変更しますのでお手数おかけしますがコメントお願いします。
・入金確認後、問い合わせ番号の下3桁掲示いたします。",True,av370811vh,2026-09-26 01:01:13,alias,2026-09-28 02:13:17,2026-09-28 01:12:50,public_detail,False,public_detail,active,"9名義中7番手/全名義いち早ぴあプレ枠
・全てアプグレ申し込み予定
・アプグレ当選の場合、当選席選択した場合に限りアプグレ定価分(＋0.7/枚)当日支払いお願い...",public_detail,2026-09-28 00:23:48,True,2026-09-28 00:23:48,k8qw3X3Mpda6ZvJKsOG1,"{""isSpecified"": false, ""value"": """"}"
9kfghs8fq5,,tvasahi-dream-festival-2026,2026-11-21,15:00,Kアリーナ横浜,electronic,female,公演日3日前よりご自身で発券,A,5.0,,番手,2026-09-27 01:01:03,public_alias_observed,2026-09-28 00:02:54,,,listing,2,13500,"いち早ぴあプレ枠/4名義中4番手/すり替えなし

すべてアプグレ申し込み予定です。
当選した場合1.0上乗せして頂きます。

当日会場付近で待ち合わせし、チケット手渡しさせて頂きます。詳しい待ち合わせ時間、場所は追ってご連絡させて頂きます。分配での配布希望の方ございましたら対応致しますのでご連絡ください。

主催者側都合による公演中止のみ定価手数料等引いた額を返金させて頂きます。
それ以外の如何なる理由での返金不可です。
(主催者の変更･体調不良･交通機関の乱れ等)
",True,01yluq45wk,2026-09-26 01:01:13,alias,2026-09-28 02:13:18,2026-09-28 01:12:50,public_detail,False,public_detail,active,"いち早ぴあプレ枠/4名義中4番手/すり替えなし

すべてアプグレ申し込み予定です。
当選した場合1.0上乗せして頂きます。

当日会場付近で待ち合わせし、チケッ...",public_detail,2026-09-28 00:23:49,True,2026-09-28 00:23:49,k8qw3X3Mpda6ZvJKsOG1,"{""isSpecified"": false, ""value"": """"}"
rp1peovfj9,,tvasahi-dream-festival-2026,2026-11-21,15:00,Kアリーナ横浜,electronic,female,分配、不可の場合発券番号,かい,5.0,,,2026-09-27 01:01:03,public_alias_observed,2026-09-28 00:02:54,,,listing,2,18000,"いち早プレリザーブ当選分、重複なし
11/18 12:00〜チケットぴあ分配、もしくは発券番号をお知らせいたします。

※公演中止以外の返金、キャンセル不可",True,3kfzz8ezhq,2026-09-26 01:01:13,alias,2026-09-28 02:13:18,2026-09-28 01:12:50,public_detail,False,public_detail,active,"いち早プレリザーブ当選分、重複なし
11/18 12:00〜チケットぴあ分配、もしくは発券番号をお知らせいたします。

※公演中止以外の返金、キャンセル不可",public_detail,2026-09-28 00:23:53,True,2026-09-28 00:23:53,k8qw3X3Mpda6ZvJKsOG1,"{""isSpecified"": false, ""value"": """"}"
hc3wvzehf6,,tvasahi-dream-festival-2026,2026-11-21,15:00,Kアリーナ横浜,paper,female,当日手渡し,な,5.0,,,2026-09-27 01:01:03,public_alias_observed,2026-09-28 00:02:54,,,listing,2,15000,"いち早プレリザーブ ぴあプレ枠での当選
すり替えなし

上乗せでアプグレ対応可
希望の場合は事前にメッセージお願いいたします。

アプグレ落選時、ランダムエラー、出演者変更、ご自身の体調不良等如何なる場合も返金はいたしかねます。
公演中止等公式から返金がある場合のみ返金いたします。",True,qy2ew1tsim,2026-09-26 01:01:13,alias,2026-09-28 02:13:18,2026-09-28 01:12:50,public_detail,False,public_detail,active,"いち早プレリザーブ ぴあプレ枠での当選
すり替えなし

上乗せでアプグレ対応可
希望の場合は事前にメッセージお願いいたします。

アプグレ落選時、ランダムエラー...",public_detail,2026-09-28 00:23:52,True,2026-09-28 00:23:52,k8qw3X3Mpda6ZvJKsOG1,"{""isSpecified"": false, ""value"": """"}"
5ueerylqa2,,tvasahi-dream-festival-2026,2026-11-21,15:00,Kアリーナ横浜,paper,female,当日手渡し,な,5.0,,番手,2026-09-27 01:01:03,public_alias_observed,2026-09-28 00:02:54,,,listing,1,19000,"9名義中4番手(2連中の1枚)/全名義いち早ぴあプレ枠
・全てアプグレ申し込み予定
・アプグレ当選の場合、当選席選択した場合に限りアプグレ定価分(＋0.7/枚)当日支払いお願いします。
・当日の電波障害対策、お待ち合わせを迅速に行うため、電話番号のご提示をお願いします。
・待ち合わせ等のご連絡は前日までに取引メッセージにてお知らせします。
遅刻に関してはお待ちすることなく入場しますが、受取評価はしていただきます。その際の返金は致しません。
・座席に関するクレームは一切受け付けません。
・買い手様の都合上のキャンセル、本人確認等如何なる理由があっても受取評価はして頂きます。返金対応不可です。
・日本人の方のみ購入お願いします。
・番手(すり替えなし)がご理解できる方のみご購入お願いします。
⭐️プラベ出品に変更しますのでお手数おかけしますがコメントお願いします。
・入金確認後、問い合わせ番号の下3桁掲示いたします。",True,gq1qyc2mm6,2026-09-26 01:01:13,alias,2026-09-28 02:13:19,2026-09-28 01:12:50,public_detail,False,public_detail,active,"9名義中4番手(2連中の1枚)/全名義いち早ぴあプレ枠
・全てアプグレ申し込み予定
・アプグレ当選の場合、当選席選択した場合に限りアプグレ定価分(＋0.7/枚)...",public_detail,2026-09-28 00:23:45,True,2026-09-28 00:23:45,k8qw3X3Mpda6ZvJKsOG1,"{""isSpecified"": false, ""value"": """"}"
wrivasutq5,,tvasahi-dream-festival-2026,2026-11-21,15:00,Kアリーナ横浜,electronic,female,当日手渡し,A,5.0,,番手,2026-09-27 01:01:03,public_alias_observed,2026-09-28 00:02:54,,,listing,2,13500,"いち早ぴあプレ枠/4名義中4番手/すり替えなし

すべてアプグレ申し込み予定です。
当選した場合1.0上乗せして頂きます。

当日会場付近で待ち合わせし、チケット手渡しさせて頂きます。詳しい待ち合わせ時間、場所は追ってご連絡させて頂きます。分配での配布希望の方ございましたら対応致しますのでご連絡ください。

主催者側都合による公演中止のみ定価手数料等引いた額を返金させて頂きます。
それ以外の如何なる理由での返金不可です。
(主催者の変更･体調不良･交通機関の乱れ等)
",True,tn5junbp8j,2026-09-26 01:01:13,alias,2026-09-28 02:13:19,2026-09-28 01:12:50,public_detail,False,public_detail,active,"いち早ぴあプレ枠/4名義中4番手/すり替えなし

すべてアプグレ申し込み予定です。
当選した場合1.0上乗せして頂きます。

当日会場付近で待ち合わせし、チケッ...",public_detail,2026-09-28 00:23:55,True,2026-09-28 00:23:55,k8qw3X3Mpda6ZvJKsOG1,"{""isSpecified"": false, ""value"": """"}"
x34m9mmw6e,,tvasahi-dream-festival-2026,2026-11-21,15:00,Kアリーナ横浜,electronic,female,当日手渡し,な,5.0,,,2026-09-27 01:01:03,public_alias_observed,2026-09-28 00:02:54,,,listing,2,14700,"いち早プレリザーブ ぴあプレ枠
すり替えなしランダム(上乗せで番手への変更可)

全名義アプグレ申込予定
アプグレ当選時:追加で定価手数料お支払い


公演中止以外如何なる場合も返金はいたしかねます。(アプグレ落選時、ランダムエラー、出演者変更、買い手様都合のキャンセル等)",True,x3n9tuwp9x,2026-09-26 01:01:13,alias,2026-09-28 02:13:20,2026-09-28 01:12:50,public_detail,False,public_detail,active,"いち早プレリザーブ ぴあプレ枠
すり替えなしランダム(上乗せで番手への変更可)

全名義アプグレ申込予定
アプグレ当選時:追加で定価手数料お支払い


公演中止...",public_detail,2026-09-28 00:23:53,True,2026-09-28 00:23:53,k8qw3X3Mpda6ZvJKsOG1,"{""isSpecified"": false, ""value"": """"}"
ahgl6nygyw,,tvasahi-dream-festival-2026,2026-11-21,15:00,Kアリーナ横浜,paper,female,当日手渡し,y♡,5.0,,番手,2026-09-27 01:01:03,public_alias_observed,2026-09-28 00:02:54,,,listing,3,15000,"いち早プレリザーブ　ぴあプレ枠
2名義中2番手　本人確認対応可

・アプグレ申し込み予定です。
・アプグレ当選時、アプグレ定価分当日頂戴いたします。
・公演当日に、会場付近にて待ち合わせしチケット手渡しいたします。
・同時入場をお願いし、座席確認のため少々お待ちいただく場合もございます。
・当日のお待ち合わせを迅速に行うため、事前に電話番号をお伺いする可能性があります。
・プラベル通し可能な方優先させていただきます。
・公演中止以外のいかなる理由(出演者の変更、体調不良、待ち合わせへの遅刻等)での返金対応不可です。

上記内容をご理解いただける成人済の日本人の方のみご購入をお願いいたします。",True,d31ilm10o2,2026-09-26 01:01:13,alias,2026-09-28 02:13:20,2026-09-28 01:12:50,public_detail,False,public_detail,active,"いち早プレリザーブ　ぴあプレ枠
2名義中2番手　本人確認対応可

・アプグレ申し込み予定です。
・アプグレ当選時、アプグレ定価分当日頂戴いたします。
・公演当日...",public_detail,2026-09-28 00:23:54,True,2026-09-28 00:23:54,k8qw3X3Mpda6ZvJKsOG1,"{""isSpecified"": false, ""value"": """"}"
c5xiw5wkrv,,tvasahi-dream-festival-2026,2026-11-21,15:00,Kアリーナ横浜,paper,female,手渡し,みょ,5.0,,同行,2026-09-27 01:01:03,public_alias_observed,2026-09-28 00:02:54,,,listing,3,40000,"⭐️ぴあプレで当選（アプグレ予定）⭐️

・正門担×
・4連中3枚のお譲り（バラ可能）

・当日当方と合流後に受け取り評価をしていただきます。
・体調不良や公共交通機関の遅れなどで当日来ることが難しくなった場合でも受け取り評価をしていただきます。
・集合時間は前日までにお知らせ予定です。
・集合時間から30分以上の遅れはチケ代とは別途1.0いただきます。
・サイチェンや時間貸しでの譲りは可能ですが、黒服に目立たないようにお願いします。
",True,2tbu72q4b2,2026-09-26 01:01:13,alias,2026-09-28 02:13:20,2026-09-28 01:12:50,public_detail,False,public_detail,active,"⭐️ぴあプレで当選（アプグレ予定）⭐️

・正門担×
・4連中3枚のお譲り（バラ可能）

・当日当方と合流後に受け取り評価をしていただきます。
・体調不良や公共...",public_detail,2026-09-28 00:23:52,True,2026-09-28 00:23:52,k8qw3X3Mpda6ZvJKsOG1,"{""isSpecified"": false, ""value"": """"}"
j1ameiil8b,,tvasahi-dream-festival-2026,2026-11-22,15:00,Kアリーナ横浜,paper,female,当日手渡し,linlang0323,5.0,,,2026-09-27 01:01:03,public_alias_observed,2026-09-28 00:02:54,,,listing,2,14900,"オフィシャル2次 アプグレ申し込み予定
2番手
公演中止以外のいかなる場合も返金不可",True,lnbp2yhcsz,2026-09-26 01:01:13,alias,2026-09-28 02:13:21,2026-09-28 01:12:50,public_detail,False,public_detail,active,"オフィシャル2次 アプグレ申し込み予定
2番手
公演中止以外のいかなる場合も返金不可",public_detail,2026-09-28 00:23:51,True,2026-09-28 00:23:51,k8qw3X3Mpda6ZvJKsOG1,"{""isSpecified"": false, ""value"": """"}"
9wabrvvqiv,,tvasahi-dream-festival-2026,2026-11-22,15:00,Kアリーナ横浜,paper,female,当日手渡し,み,5.0,,番手,2026-09-27 01:01:03,public_alias_observed,2026-09-28 00:02:54,,,listing,4,15000,"オフィシャル2次先行
2名義中2番手
アプグレ申し込み予定
(アプグレ当選時代金上乗せ)

当日は会場周辺に指定時間にお集まりいただきチケットをお渡しいたします。
チケット受け取り次第受け取り通知をお願い致します。座席へのクレームは一切お受け致しません。

詳しい集合場所、時間は公演が近くなりましたら連絡ボードにてご連絡させていただきます。また、当日電波の関係で連絡が難しくなることを考慮し、事前に当日連絡の取れる電話番号をお聞きすることもあります。また、トラブル防止のため日本人の方のみご購入をお願い致します。公演中止の際は返金対応させていただきますが、公演中止以外の理由(体調不良、エラー等)での返金は対応致しかねますのでご了承ください。

上記条件をご了承いただける方のご購入お待ちしております。",True,gdwrycf51w,2026-09-26 01:01:13,alias,2026-09-28 02:13:21,2026-09-28 01:12:50,public_detail,False,public_detail,active,"オフィシャル2次先行
2名義中2番手
アプグレ申し込み予定
(アプグレ当選時代金上乗せ)

当日は会場周辺に指定時間にお集まりいただきチケットをお渡しいたします...",public_detail,2026-09-28 00:23:55,True,2026-09-28 00:23:55,k8qw3X3Mpda6ZvJKsOG1,"{""isSpecified"": false, ""value"": """"}"
7zloj42cah,,tvasahi-dream-festival-2026,2026-11-22,15:00,Kアリーナ横浜,paper,female,当日手渡し,S,5.0,,,2026-09-27 01:01:03,public_alias_observed,2026-09-28 00:02:54,,,listing,2,25000,"いち早ぴあプレ枠にて当選
アプグレ申し込み可　
アプグレ当選時差額を当日チケットと引き換えに現金にてお渡し下さい
アプグレ落選時のキャンセルや返金不可

出演者の変更、本人確認によるランダムエラー、アプグレ落選など、公演中止以外のいかなる理由でもキャンセル・返金不可
公演中止の場合のみ手数料を引いた金額を返金いたします",True,52r5d0h26u,2026-09-26 01:01:13,alias,2026-09-28 02:13:21,2026-09-28 01:12:50,public_detail,False,public_detail,active,"いち早ぴあプレ枠にて当選
アプグレ申し込み可　
アプグレ当選時差額を当日チケットと引き換えに現金にてお渡し下さい
アプグレ落選時のキャンセルや返金不可

出演者...",public_detail,2026-09-28 00:23:52,True,2026-09-28 00:23:52,k8qw3X3Mpda6ZvJKsOG1,"{""isSpecified"": false, ""value"": """"}"
g4zf76j0vp,,tvasahi-dream-festival-2026,2026-11-22,15:00,Kアリーナ横浜,paper,none,発券後公演2日前までに発送予定,8,5.0,,,2026-09-27 01:01:03,public_alias_observed,2026-09-27 13:02:50,,,deleted,2,15000,"本人確認対応不可。
中止の場合のみ返金",True,g4zf76j0vp,2026-09-26 01:01:13,deleted_confirmed,2026-09-27 13:02:50,2026-09-27 13:02:49,public_detail,False,public_detail,cancelled,"本人確認対応不可。
中止の場合のみ返金",public_detail,2026-09-27 13:02:50,True,2026-09-27 13:02:50,k8qw3X3Mpda6ZvJKsOG1,"{""isSpecified"": true, ""value"": ""\u672a\u5b9a""}"
itbt70jjdw,,tvasahi-dream-festival-2026,2026-11-23,15:00,Kアリーナ横浜,paper,female,発券後に郵送/発券番号ごと,R,5.0,,QR,2026-09-27 01:01:03,public_alias_observed,2026-09-27 10:51:56,,,deleted,2,16000,オフィシャル先行/発券番号ごと可/重複なし/郵送はこちらが負担します。,True,itbt70jjdw,2026-09-26 01:01:13,deleted_confirmed,2026-09-27 10:51:56,2026-09-27 09:48:30,public_detail,False,public_detail,cancelled,,,,,,,
bq9l3twcb3,,tvasahi-dream-festival-2026,2026-11-23,15:00,Kアリーナ横浜,paper,female,発券番号ごと可/郵送,R,5.0,,QR,2026-09-27 01:01:03,public_alias_observed,2026-09-27 15:02:50,2026-09-27 15:02:50,transition_observed,sold,2,20000,発券番号ごと可/郵送/オフィシャル先行,True,bq9l3twcb3,2026-09-26 14:01:52,sold_confirmed,2026-09-27 15:02:50,2026-09-27 15:02:50,public_detail,False,public_detail,sold,発券番号ごと可/郵送/オフィシャル先行,public_detail,2026-09-27 15:02:50,True,2026-09-27 15:02:50,k8qw3X3Mpda6ZvJKsOG1,"{""isSpecified"": false, ""value"": """"}"
m6o7u13c9z,,tvasahi-dream-festival-2026,2026-11-23,15:00,Kアリーナ横浜,paper,female,当日手渡しまたは分配,あ,5.0,,,2026-09-27 01:01:03,public_alias_observed,2026-09-27 13:23:25,,,deleted,2,23000,"いち早ぴあプレ枠 / アプグレ応募予定

体調不良、交通機関の遅延、公演中止以外いかなる場合もキャンセルや返金はいたしかねます。",True,m6o7u13c9z,2026-09-26 01:01:13,deleted_confirmed,2026-09-27 13:23:25,,public_detail,False,public_detail,cancelled,"いち早ぴあプレ枠 / アプグレ応募予定

体調不良、交通機関の遅延、公演中止以外いかなる場合もキャンセルや返金はいたしかねます。",public_detail,2026-09-27 13:23:25,True,2026-09-27 13:23:25,k8qw3X3Mpda6ZvJKsOG1,"{""isSpecified"": false, ""value"": """"}"
89bwor8dmn,,kamigata-expo-park-fes-2026,2026-10-31,,[大阪府] 万博記念公園,electronic,female,公演日前日にログイン情報共有します。,るる,5.0,,QR,2026-09-27 02:01:12,public_alias_observed,2026-09-28 00:02:52,,,listing,2,38000,"QR毎/初期当選/有効期限内/重複すり替えなし/下3桁提示可/発送物戻りなし/過去エラー等なし/WEST.名義

公演前日にログイン情報共有いたしますのでご自身で発券、入場お願いいたします。


入場後、入場報告を行ってください。
(公演時間までにできない方はお断りさせて頂きます。)

主催者側都合での公演中止の場合のみ返金可能。
その他 交通機関の乱れ、ランダムエラー含めたトラブルによる入場不可等の返金、キャンセルはいたしかねます。
また座席に関するクレーム、出演者の変更等いかなる場合でも買い手側様都合での返金はいたしかねます。

日本人女性の方のみご購入ください。
上記全てご了承いただけた方のみご購入ください。",True,4t3lsjoy06,2026-09-26 02:01:13,alias,2026-09-28 01:04:53,2026-09-28 01:12:46,public_detail,False,public_detail,active,"QR毎/初期当選/有効期限内/重複すり替えなし/下3桁提示可/発送物戻りなし/過去エラー等なし/WEST.名義

公演前日にログイン情報共有いたしますのでご自身...",public_detail,2026-09-28 00:15:28,True,2026-09-28 00:15:28,1Cl2VvDmJVZqGnDqCyq0,"{""isSpecified"": false, ""value"": """"}"
yolkv1b6fa,,kamigata-expo-park-fes-2026,2026-10-31,,[大阪府] 万博記念公園,electronic,female,同行,ari,5.0,,番手,2026-09-27 02:01:12,public_alias_observed,2026-09-28 00:02:52,,,listing,1,30000,"3名義所持(2連×1名義、単番×2名義)/4枚中2番手/初期当選/Aぇ名義/有効期限内/すり替えなし/下3桁提示可

プラベルでのお取引希望の方は移行させていただきますので、メッセージをお願いします。

公演当日、会場付近にて集合後同時入場していただきます。時間厳守できる方のみ購入をお願いします。指定した時間に遅れた場合も待たずに入場しますが、受取報告をしていただきます。

入場後一旦チケットを回収し、座席選択後2番目にチケットをお選びいただきます。
チケットお渡しの際に受取報告をお願いします。受取報告を確認できるまでチケットはお渡しできませんのでご了承ください。

代理購入不可、未就学児を連れてる方の購入不可、スーツケース等大きい荷物の持ち込みもご遠慮ください。

遅刻、体調不良、交通機関等遅延、本人確認、ランダムエラー等公演中止以外の返金は一切対応できません。

日本語が話せてスムーズにご連絡の取れる方のみご購入ください。
購入いただいた時点で、上記全て了承したものとみなしクレームは一切受け付けません。",True,42casurh0k,2026-09-26 02:01:13,alias,2026-09-28 01:04:54,2026-09-28 01:12:46,public_detail,False,public_detail,active,"3名義所持(2連×1名義、単番×2名義)/4枚中2番手/初期当選/Aぇ名義/有効期限内/すり替えなし/下3桁提示可

プラベルでのお取引希望の方は移行させていた...",public_detail,2026-09-28 00:15:50,True,2026-09-28 00:15:50,1Cl2VvDmJVZqGnDqCyq0,"{""isSpecified"": false, ""value"": """"}"
nmukhosthh,,kamigata-expo-park-fes-2026,2026-10-31,,[大阪府] 万博記念公園,electronic,female,初期当選、単番QR毎、重複すり替えなし、有効期限内、下3桁可能,J,5.0,,QR,2026-09-27 02:01:12,public_alias_observed,2026-09-28 00:02:52,,,listing,1,48000,前日になりましたらログイン情報ご提示いたします。買い手の方で同意チェックしてご入場ください。本人確認、ランダムエラー対応はできません。公演中止のみ返金いたします。,True,vzqkei5bn5,2026-09-26 02:01:13,alias,2026-09-28 01:04:54,2026-09-28 01:12:46,public_detail,False,public_detail,active,前日になりましたらログイン情報ご提示いたします。買い手の方で同意チェックしてご入場ください。本人確認、ランダムエラー対応はできません。公演中止のみ返金いたします...,public_detail,2026-09-28 00:15:10,True,2026-09-28 00:15:10,1Cl2VvDmJVZqGnDqCyq0,"{""isSpecified"": false, ""value"": """"}"
mk0dvevqom,,kamigata-expo-park-fes-2026,2026-10-31,,[大阪府] 万博記念公園,electronic,female,同行,か,5.0,,番手,2026-09-27 02:01:12,public_alias_observed,2026-09-28 00:02:52,,,listing,2,25000,"2名義中2番手/全てジュニア名義/初期当選/下3桁提示可能/エラー、郵送物戻りなし

・8:30までに集合可能な方のみご購入ください。

・同時入場後一旦チケットを回収し、こちらでチケットを選択後に選んでいただきます。

・入場ゲート、整理番号等、やむを得ない事情で番手でのお譲りが難しくなった場合はQR毎でのお取引に変更する場合がございますがその際も1度集合していただきますようお願いいたします。

・電話番号をお伺いする場合がございます、ご了承ください。

・当日は会場付近の指定の場所へお集まりいただきます。時間厳守でお願いいたします。遅刻された場合、先に入場いたしますが、その場合も受取通知は必ずしていただきます。

・チケットをお渡しした際は、その場で速やかに受取通知をお願いいたします。

・代理購入不可、日本語の通じる成人女性の方のみご購入ください。盗撮、録音等、名義に傷が付くような行為はおやめください。

・キャリーケース等大きな荷物はお待ち合わせ前にお預けいただき、持ち込みはご遠慮ください。

・開演前までの公演中止の場合のみ、返金対応いたします。遅延遅刻、体調不良、システムエラー、ランダムエラー、本人確認、同行者の急遽欠席等、開演前までの公演中止以外のいかなる理由でもキャンセル、返金、送金停止依頼等対応いたしかねます。

・入場時の端末チケット持ち逃げ等防止の為、入場前に公的で有効な本人確認出来るもの（運転免許証、保険証等）をお預かりさせていただく場合がございます。チケットお渡し時に同時に返却とさせていただきます。責任を持って丁重にお預かりし、中身を拝見することも個人情報を控えることも一切ございませんのでご安心ください。

・詳しい待ち合わせ時間・場所等は、メッセージにてご連絡いたします。

上記の内容にご理解ご了承いただける方のみご購入ください。",True,i2u47xyh56,2026-09-26 02:01:13,alias,2026-09-28 01:04:55,2026-09-28 01:12:46,public_detail,False,public_detail,active,"2名義中2番手/全てジュニア名義/初期当選/下3桁提示可能/エラー、郵送物戻りなし

・8:30までに集合可能な方のみご購入ください。

・同時入場後一旦チケッ...",public_detail,2026-09-28 00:15:14,True,2026-09-28 00:15:14,1Cl2VvDmJVZqGnDqCyq0,"{""isSpecified"": false, ""value"": """"}"
9g6wp16xl1,,kamigata-expo-park-fes-2026,2026-10-31,,[大阪府] 万博記念公園,electronic,female,同行,🦀,5.0,,同行 / 番手,2026-09-27 02:01:12,public_alias_observed,2026-09-28 00:02:52,,,listing,2,33000,"2番手中2番
全てAぇ名義/変更ボタンあり/初期当選/期限内/下3桁提示可能/すり替えなし

公演当日、こちらが指定した時間に会場付近にて待ち合わせのうえ、同時入場していただきます。
待ち合わせ時間厳守でお願いいたします。
遅刻された場合は待たずに入場いたします。
その際も受取連絡は必ずお願いいたします。

入場後はチケットを一旦回収し、当方が選択しなかったチケットをお渡しします。チケットを選ぶのにお時間がかかる場合がございますのでご理解ください。　
チケットお渡し時、速やかに受取連絡をお願いします。

電波環境が悪い場合がございますので事前に電話番号を伺うことがございますので、ご了承ください。

購入者様の体調不良や遅刻により入場できなかった場合、本人確認、入場時のランダムエラー、座席などへのクレームでの返金は一切致しかねます。
公演中止以外のキャンセルは一切受け付けません。上記のような場合でも必ず受取連絡はして頂きますのでご了承ください。
トラブル防止のため代理購入はお控えください。

日本語でのやりとりがスムーズな20↑の女性のみご購入ください。",True,ha9tqm2i2z,2026-09-26 02:01:13,alias,2026-09-28 01:04:55,2026-09-28 01:12:46,public_detail,False,public_detail,active,"2番手中2番
全てAぇ名義/変更ボタンあり/初期当選/期限内/下3桁提示可能/すり替えなし

公演当日、こちらが指定した時間に会場付近にて待ち合わせのうえ、同時...",public_detail,2026-09-28 00:15:03,True,2026-09-28 00:15:03,1Cl2VvDmJVZqGnDqCyq0,"{""isSpecified"": false, ""value"": """"}"
a6dh2gnv1z,,kamigata-expo-park-fes-2026,2026-10-31,,[大阪府] 万博記念公園,electronic,female,同行,★,5.0,,番手,2026-09-27 02:01:12,public_alias_observed,2026-09-28 00:02:52,,,listing,2,33000,"初期当選/3名義中3番手/有効期限名義のみ/WEST×WEST・Aぇ×Aぇ/すり替えなし/下3桁提示可

プラベルでのお取引可能な方はお申し付けください。


入場後はチケットを一旦回収し、当方が座席選択後に順次チケットをお渡し致します。チケットを選ぶのにお時間がかかる場合がございます。チケットをお渡しする際に、その場で受け取り連絡をお願いいたします。

電波環境が悪い場合がございますので事前に電話番号を伺うことがございますのでご了承ください。



当日は、事前に連絡ボードでお伝えする指定した時間、場所にお集まりいただきます。10分以上遅刻された場合は購入様を待たずに入場いたしますが、その際も受け取り連絡はしていただきます。
詳しい集合場所、時間等につきましては 連絡ボードにて連絡させていただきます。
 座席に関するクレームは受付ません。  


遅刻や体調不良、本人確認、システムエラーやランダムエラー等、主催者側による公演中止以外でのキャンセル・返金対応はいかなる理由でも致しません。  
遅刻された場合は先に入場させていただきますが、受取評価はしていただきます。  

未就学児をお連れの方、持病や怪我等がある方、キャリーケース等大きなお荷物をお持ちの方のご購入はご遠慮ください。
購入者様本人がお越し頂くようお願いいたします。代理購入は遠慮ください。

上記をご確認頂き、日本語でスムーズにご連絡の取れる方のみご購入下さい。

ご購入頂いた時点で、上記全てにご了承頂いたものとみなし送金停止含むクレームは一切お受け致しません。
",True,bnvtti7nm6,2026-09-26 02:01:13,alias,2026-09-28 01:04:56,2026-09-28 01:12:46,public_detail,False,public_detail,active,"初期当選/3名義中3番手/有効期限名義のみ/WEST×WEST・Aぇ×Aぇ/すり替えなし/下3桁提示可

プラベルでのお取引可能な方はお申し付けください。...",public_detail,2026-09-28 00:15:49,True,2026-09-28 00:15:49,1Cl2VvDmJVZqGnDqCyq0,"{""isSpecified"": false, ""value"": """"}"
0dspdo2nei,,kamigata-expo-park-fes-2026,2026-10-31,,[大阪府] 万博記念公園,electronic,female,公演前日にログイン情報,ああ,4.9,,QR,2026-09-27 02:01:12,scrape_observed,2026-09-28 00:02:52,,,listing,2,20000,"QRごと/該当名義/重複すり替え無し/下3桁提示可/有効期限内/WEST.名義

公演中止の際のみ規約に従い返金対応いたします。ランダムエラー、本人確認、体調不良、買い手様ご都合で入場が遅れた場合や、その他いかなる場合もキャンセルを含む一切の返金対応不可です。ご了承のうえご購入ください。",True,rsp7r6c3ih,,alias,2026-09-28 01:04:56,2026-09-28 01:12:46,public_detail,False,public_detail,active,"QRごと/該当名義/重複すり替え無し/下3桁提示可/有効期限内/WEST.名義

公演中止の際のみ規約に従い返金対応いたします。ランダムエラー、本人確認、体調不...",public_detail,2026-09-28 00:14:53,True,2026-09-28 00:14:53,1Cl2VvDmJVZqGnDqCyq0,"{""isSpecified"": false, ""value"": """"}"
kfnkcpnfym,,kamigata-expo-park-fes-2026,2026-10-31,,[大阪府] 万博記念公園,electronic,female,入金後24時間以内にQRコード共有,さ,5.0,,番手,2026-09-27 02:01:12,public_alias_observed,2026-09-28 00:02:52,,,listing,1,50000,3名義中2番手です。,True,znrce3ieor,2026-09-26 02:01:13,alias,2026-09-28 01:04:56,2026-09-28 01:12:46,public_detail,False,public_detail,active,3名義中2番手です。,public_detail,2026-09-28 00:15:19,True,2026-09-28 00:15:19,1Cl2VvDmJVZqGnDqCyq0,"{""isSpecified"": false, ""value"": """"}"
dx6loglu03,,kamigata-expo-park-fes-2026,2026-10-31,,[大阪府] 万博記念公園,electronic,female,同行,m,5.0,,同行,2026-09-27 02:01:12,public_alias_observed,2026-09-28 00:02:52,,,listing,1,38000,"2名義中1番手同行/初期当選/Aぇ名義/有効期限内/すり替えなし/下3桁提示可

プラベ出品でのお取引に移行させていただきますので、メッセージをお願いします。

公演当日、会場付近にて集合後同時入場していただきます。時間厳守できる方のみ購入をお願いします。指定した時間に遅れた場合も待たずに入場しますが、受取報告をしていただきます。

入場後一旦チケットを回収し、座席選択後にチケットをお渡しします。購入者様に座席選択の権利はございません。
チケットお渡しの際に受取報告をお願いします。受取報告を確認できるまでチケットはお渡しできませんのでご了承ください

遅刻、体調不良、交通機関等遅延、本人確認、ランダムエラー等公演中止以外の返金は一切対応できません。",True,wlvsxh2vgi,2026-09-26 02:01:13,alias,2026-09-28 01:04:57,2026-09-28 01:12:46,public_detail,False,public_detail,active,"2名義中1番手同行/初期当選/Aぇ名義/有効期限内/すり替えなし/下3桁提示可

プラベ出品でのお取引に移行させていただきますので、メッセージをお願いします。...",public_detail,2026-09-28 00:15:21,True,2026-09-28 00:15:21,1Cl2VvDmJVZqGnDqCyq0,"{""isSpecified"": false, ""value"": """"}"
uovvbe49xk,,kamigata-expo-park-fes-2026,2026-10-31,,[大阪府] 万博記念公園,electronic,female,公演日前日までにQRコード共有,ちゃ,4.6,,QR,2026-09-27 02:01:12,public_alias_observed,2026-09-28 00:02:52,,,listing,1,38000,"WEST.名義/QR毎/重複すり替えなし/初期当選/前回アリツア落選/該当舞台落選/有効期間内/変更ボタンあり/下３桁提示/公演前日までに連絡ボードにてログイン情報をお伝え致します。入場後は速やかにログアウトをよろしくお願い致します。
公演中止のみ手数料を差し引いた金額返金致します。その他いかなる理由でも返金対応致しませんのでご了承ください。個人情報を保護して頂ける方のみご購入いただけます。座席についてのお問い合わせは一切受け付けておりませんのでご理解ください。
",True,x9bjf1q6g0,2026-09-26 02:01:13,alias,2026-09-28 01:04:57,2026-09-28 01:12:46,public_detail,False,public_detail,active,WEST.名義/QR毎/重複すり替えなし/初期当選/前回アリツア落選/該当舞台落選/有効期間内/変更ボタンあり/下３桁提示/公演前日までに連絡ボードにてログイン...,public_detail,2026-09-28 00:14:45,True,2026-09-28 00:14:45,1Cl2VvDmJVZqGnDqCyq0,"{""isSpecified"": false, ""value"": """"}"
fqxginp4ro,,kamigata-expo-park-fes-2026,2026-10-31,,[大阪府] 万博記念公園,electronic,female,公演日前日にログイン情報を共有します。,みぃ,5.0,,QR,2026-09-27 02:01:12,public_alias_observed,2026-09-28 00:02:52,,,listing,1,30000,"QR毎・初期当選・公演日有効期限内・重複すり替えなし・下3桁提示可・発送物戻りなし・過去エラー等なし・SUPER EIGHT名義(武道館、FES落選)

公演前日にログイン情報共有いたしますのでご自身で発券・入場お願いいたします。
ご自身でQRを表示させてください。
QRを表示させる方法がわかる方のみご購入ください。

入場後は速やかに入場報告を行ってください。
連絡がない場合はこちらからお声掛けさせていただく場合がございます。

主催者側都合での公演中止の場合のみ返金可能。
その他 交通機関の乱れ、ランダムエラー含めたトラブルによる入場不可、連番内でのトラブル、会場内での取り締まり、座席に関するクレーム、出演者の変更、公演と関係のない急用等、いかなる場合でも買い手側様都合での返金はいたしかねます。

日本人女性の方のみご購入ください。
上記全てご了承いただけた方のみご購入ください。",True,4kd4uvlr8z,2026-09-26 02:01:13,alias,2026-09-28 01:04:58,2026-09-28 01:12:46,public_detail,False,public_detail,active,"QR毎・初期当選・公演日有効期限内・重複すり替えなし・下3桁提示可・発送物戻りなし・過去エラー等なし・SUPER EIGHT名義(武道館、FES落選)

公演前...",public_detail,2026-09-28 00:14:33,True,2026-09-28 00:14:33,1Cl2VvDmJVZqGnDqCyq0,"{""isSpecified"": false, ""value"": """"}"
o5s7mogen3,,kamigata-expo-park-fes-2026,2026-10-31,,[大阪府] 万博記念公園,electronic,female,2名義中2番手 同行,M,5.0,,番手,2026-09-27 02:01:12,public_alias_observed,2026-09-28 00:02:52,,,listing,1,20000,"初期当選/2名義中2番手/有効期限内/Aぇ×Aぇ名義/すり替えなし

・当方の都合により入場時間が10時前後となる予定のため、それでも問題ない方のみ購入をご検討ください。

・当日電波環境が悪い可能性がございますので、事前に電話番号をお伺いいたします。ご了承ください。

・本人確認やランダムエラーでは返金いたしますが、
購入者様の遅刻、体調不良、公演中止以外での返金は一切いたしかねます。そのような場合でも必ず受取連絡はして頂きますのでご了承ください。

・当日お席に関するクレームは受け付けません。

・受取連絡と引き換えでチケットをお渡しいたします。

・日本語の通じる女性のみご購入ください。ご購入いただいた時点で記載事項に同意いただいたものとみなします。

エラーの際はご返金いたします。",True,lxga8zhbai,2026-09-26 02:01:13,alias,2026-09-28 01:04:58,2026-09-28 01:12:46,public_detail,False,public_detail,active,"初期当選/2名義中2番手/有効期限内/Aぇ×Aぇ名義/すり替えなし

・当方の都合により入場時間が10時前後となる予定のため、それでも問題ない方のみ購入をご検討...",public_detail,2026-09-28 00:14:55,True,2026-09-28 00:14:55,1Cl2VvDmJVZqGnDqCyq0,"{""isSpecified"": false, ""value"": """"}"
laieyuwnp2,,kamigata-expo-park-fes-2026,2026-10-31,,[大阪府] 万博記念公園,electronic,female,公演前日にQRコード共有,こ,5.0,,QR,2026-09-27 02:01:12,public_alias_observed,2026-09-28 00:02:52,,,listing,1,32000,"なにわ名義/有効期限内 /下3桁開示可/前回アリツア落選/エラーなし
公演前日に連絡ボードにてログイン情報お伝えします。入場後は速やかにログアウト及び受け取り評価をお願いします。
公演中止の際は手数料を差し引いた金額を返金致しますが、その他エラー等で入場出来なかった場合など、いかなる場合でも返金対応致しませんのでご了承ください。",True,dpstfyc0ec,2026-09-26 02:01:13,alias,2026-09-28 01:04:59,2026-09-28 01:12:46,public_detail,False,public_detail,active,"なにわ名義/有効期限内 /下3桁開示可/前回アリツア落選/エラーなし
公演前日に連絡ボードにてログイン情報お伝えします。入場後は速やかにログアウト及び受け取り評...",public_detail,2026-09-28 00:15:23,True,2026-09-28 00:15:23,1Cl2VvDmJVZqGnDqCyq0,"{""isSpecified"": false, ""value"": """"}"
opxp3i6rdw,,kamigata-expo-park-fes-2026,2026-10-31,,[大阪府] 万博記念公園,electronic,female,QR,☆,5.0,,,2026-09-27 02:01:12,public_alias_observed,2026-09-28 00:02:52,,,listing,2,30000,"QRごと。FC×FC当選。すり替えなし。下3桁提示可能。有効期限内。初期当選。着ブロ希望なし。郵送物戻りなし。コンビニ決済。過去エラーなし。同行者チェックのみこちらで行います。

プラベルにて出品しますのでお声がけください。
こちら以外のメッセージ返信できません。

公演日前日夜に連絡ボードにてログインに必要な情報をお伝えします。ログイン後はQR表示のみしてください。登録情報の閲覧や書き換えなどなさいませんようお願いいたします。もしもされた場合は状況に応じた処置を取らせていただきます。

ランダムエラー、本人確認、電波環境、体調不良等で入場できなかった場合でも受取評価はしていただきます。もしも本人確認されてしまった場合などでもこちらの名義を売るような行為はおやめください。

入場後すぐにログアウト、開演前までに受取評価してくださる方、すぐにお支払いしてくださる方、盗撮録音など名義に傷を付ける行為をしない方、上記全ての条件にご納得していただける方のみ落札してください。

公演中止以外いかなる場合も返金不可。",True,pdiiybkqs0,2026-09-26 02:01:13,alias,2026-09-28 01:05:00,2026-09-28 01:12:46,public_detail,False,public_detail,active,QRごと。FC×FC当選。すり替えなし。下3桁提示可能。有効期限内。初期当選。着ブロ希望なし。郵送物戻りなし。コンビニ決済。過去エラーなし。同行者チェックのみこ...,public_detail,2026-09-28 00:14:55,True,2026-09-28 00:14:55,1Cl2VvDmJVZqGnDqCyq0,"{""isSpecified"": false, ""value"": """"}"
chepyh4kf3,,kamigata-expo-park-fes-2026,2026-10-31,,[大阪府] 万博記念公園,electronic,female,公演前日18時以降にログイン情報お渡し,39,5.0,,QR,2026-09-27 02:01:12,public_alias_observed,2026-09-28 00:02:52,,,listing,2,30000,"ジュニア情報局 / QR毎 / 下3桁提示可 / 有効期限内

・事前同行者登録の為、前日18時以降に同行者分のみ同意チェックをしログイン情報をお伝えします。
・代表者分はご購入者様ご自身でお願いいたします。
・ランダムエラーや遅延、体調不良など主催者側からの公演中止以外での返金には一切応じませんのでご了承ください。
・公演中止の際のみ、手数料差し引いた額を返金させて頂きます。
・日本語の分かる方のみご購入よろしくお願いいたします。",True,j5odos6rba,2026-09-26 02:01:13,alias,2026-09-28 01:05:00,2026-09-28 01:12:46,public_detail,False,public_detail,active,"ジュニア情報局 / QR毎 / 下3桁提示可 / 有効期限内

・事前同行者登録の為、前日18時以降に同行者分のみ同意チェックをしログイン情報をお伝えします。...",public_detail,2026-09-28 00:15:20,True,2026-09-28 00:15:20,1Cl2VvDmJVZqGnDqCyq0,"{""isSpecified"": false, ""value"": """"}"
4u9wg3knwt,,kamigata-expo-park-fes-2026,2026-10-31,,[大阪府] 万博記念公園,electronic,female,同行,あ,5.0,,,2026-09-27 02:01:12,public_alias_observed,2026-09-28 00:02:52,,,listing,2,30000,"

FC先行/有効期限内/全てAぇ名義/3名義中2番手/すり替えなし/下3桁提示可

・入場後はチケットを一旦回収し、当方が座席を選択した後に順次チケットをお渡し致します。チケットのお渡しまでお時間をいただく場合がございます。
・チケットをお渡しする際に、その場で受け取り連絡をお願いいたします。
・座席に関するクレームは受付けません。

・詳しい集合場所、時間等につきましては、公演前日に連絡ボードにて連絡させていただきます。
 ・遅刻や体調不良、本人確認、システムエラーやランダムエラー等、主催者側による公演中止以外でのキャンセル・返金対応はいかなる理由でも致しません。
 ・遅刻された場合は先に入場させていただきますが、必ず受取評価はしていただきます。

・トラブル回避のため、代理購入はご遠慮ください。 
・日本語でスムーズにご連絡の取れる方のみご購入下さい。 

ご購入頂いた時点で上記全てにご了承頂いたものとみなし、送金停止含むクレームは一切お受け致しません。",True,k8ewa92y9i,2026-09-26 02:01:13,alias,2026-09-28 01:05:00,2026-09-28 01:12:46,public_detail,False,public_detail,active,"

FC先行/有効期限内/全てAぇ名義/3名義中2番手/すり替えなし/下3桁提示可

・入場後はチケットを一旦回収し、当方が座席を選択した後に順次チケットをお渡...",public_detail,2026-09-28 00:15:13,True,2026-09-28 00:15:13,1Cl2VvDmJVZqGnDqCyq0,"{""isSpecified"": true, ""value"": ""\u30d6\u30ed\u30c3\u30af\u6574\u756a\u672a\u5b9a""}"
gmjp7q56fy,,kamigata-expo-park-fes-2026,2026-10-31,,[大阪府] 万博記念公園,electronic,female,公演日1日前までにQRコード共有,R,5.0,,QR,2026-09-27 02:01:12,public_alias_observed,2026-09-28 00:02:52,,,listing,1,34000,"なにわ男子名義 / QR毎 / 重複すり替えなし / 初期当選 / 有効期間内 / 下3桁提示
公演前日までに連絡ボードにてログイン情報をお伝えします。入場後は速やかにログアウトをお願いいたします。
公演中止の場合のみ手数料を差し引いた金額でご返金します。
その他はいかなる理由でも返金対応しませんのでご了承ください。
座席についてのお問い合わせも一切受け付けておりません。",True,kb3i2jgo88,2026-09-26 02:01:13,alias,2026-09-28 01:05:01,2026-09-28 01:12:46,public_detail,False,public_detail,active,"なにわ男子名義 / QR毎 / 重複すり替えなし / 初期当選 / 有効期間内 / 下3桁提示
公演前日までに連絡ボードにてログイン情報をお伝えします。入場後は...",public_detail,2026-09-28 00:14:49,True,2026-09-28 00:14:49,1Cl2VvDmJVZqGnDqCyq0,"{""isSpecified"": false, ""value"": """"}"
1bsxrdw5na,,kamigata-expo-park-fes-2026,2026-10-31,,[大阪府] 万博記念公園,electronic,female,公演日全日にQRコード共有,re,5.0,,QR,2026-09-27 02:01:12,public_alias_observed,2026-09-28 00:02:52,,,listing,1,30000,"ジュニア名義/QRごと/該当名義/重複すり替え無し/下3桁提示可/有効期限内/

公演前日にログインに必要な情報を連絡ボードにてお伝えします。

※ランダムエラー、出演者の欠席、交通機関の遅延、購入者様のご予定や体調によるキャンセル等、公演中止以外は返金いたしかねます。
受け取り評価をしていただきます。

入場後は速やかにログアウト、受け取り連絡をお願い致します。",True,62n4kepu2g,2026-09-26 02:01:13,alias,2026-09-28 01:05:02,2026-09-28 01:12:46,public_detail,False,public_detail,active,"ジュニア名義/QRごと/該当名義/重複すり替え無し/下3桁提示可/有効期限内/

公演前日にログインに必要な情報を連絡ボードにてお伝えします。

※ランダムエラ...",public_detail,2026-09-28 00:15:35,True,2026-09-28 00:15:35,1Cl2VvDmJVZqGnDqCyq0,"{""isSpecified"": false, ""value"": """"}"
gnreoj35qo,,kamigata-expo-park-fes-2026,2026-10-31,,[大阪府] 万博記念公園,electronic,female,公演日前日にログイン情報共有,R,5.0,,QR,2026-09-27 02:01:12,public_alias_observed,2026-09-28 00:02:52,,,listing,1,50000,"初期当選、有効期限内、下3桁提示可、重複すり替えなし

公演日前日にログイン情報を連絡ボードにてお伝え致します。公演日当日入場後は速やかにログアウトして頂き、必ず開演時間までに受け取り通知をお願いします。

ランダムエラー、出演者変更、体調不良、交通機関の乱れなどの如何なる理由により入場できなかった場合でも受け取り通知をして頂きます。購入後のクレームについては一切受け付けませんのでご了承ください。",True,ha66kzxzsi,2026-09-26 02:01:13,alias,2026-09-28 01:05:02,2026-09-28 01:12:46,public_detail,False,public_detail,active,"初期当選、有効期限内、下3桁提示可、重複すり替えなし

公演日前日にログイン情報を連絡ボードにてお伝え致します。公演日当日入場後は速やかにログアウトして頂き、必...",public_detail,2026-09-28 00:14:57,True,2026-09-28 00:14:57,1Cl2VvDmJVZqGnDqCyq0,"{""isSpecified"": false, ""value"": """"}"
mm15mwc1oq,,kamigata-expo-park-fes-2026,2026-10-31,,[大阪府] 万博記念公園,electronic,female,公演日前日までにログイン情報共有,C,5.0,,QR,2026-09-27 02:01:12,public_alias_observed,2026-09-28 00:02:52,,,listing,2,35000,FC初期当選 / なにわ名義 / 重複すり替えなし / QR毎2連 / 郵送物エラー等なし / 下3桁提示可,True,bjwy6j8tuj,2026-09-26 02:01:13,alias,2026-09-28 01:05:03,2026-09-28 01:12:46,public_detail,False,public_detail,active,FC初期当選 / なにわ名義 / 重複すり替えなし / QR毎2連 / 郵送物エラー等なし / 下3桁提示可,public_detail,2026-09-28 00:15:06,True,2026-09-28 00:15:06,1Cl2VvDmJVZqGnDqCyq0,"{""isSpecified"": false, ""value"": """"}"
njlz27i2ou,,kamigata-expo-park-fes-2026,2026-10-31,,[大阪府] 万博記念公園,electronic,male,同行,K,5.0,,同行,2026-09-27 02:01:12,public_alias_observed,2026-09-28 00:02:52,,,listing,1,55000,"2連中1枚同行/なにわ名義/有効期限内/下3桁提示可

・公演当日、会場付近にて集合し、同時入場していただきます。
・座席に関するクレームはお受けできません。
・主催者都合による公演中止の場合のみ、手数料を差し引いた金額を返金いたします。",True,qmicwaxsm9,2026-09-26 02:01:13,alias,2026-09-28 01:05:03,2026-09-28 01:12:46,public_detail,False,public_detail,active,"2連中1枚同行/なにわ名義/有効期限内/下3桁提示可

・公演当日、会場付近にて集合し、同時入場していただきます。
・座席に関するクレームはお受けできません。...",public_detail,2026-09-28 00:15:18,True,2026-09-28 00:15:18,1Cl2VvDmJVZqGnDqCyq0,"{""isSpecified"": false, ""value"": """"}"
392eufs7aa,,kamigata-expo-park-fes-2026,2026-10-31,,[大阪府] 万博記念公園,electronic,female,同行,り,5.0,,,2026-09-27 02:01:12,public_alias_observed,2026-09-28 00:02:52,,,listing,2,70000,"7名義中2番手
初期当選/なにわ名義×情報局該当名義/有効期限内/すり替えなし/下三桁提示可能

ランダムエラー、出演者変更、体調不良、交通機関の乱れなどの如何なる理由により入場できなかった場合でも受け取り通知をして頂きます。購入後のクレームについては一切受け付けませんのでご了承ください。

当日8:30入場可能な方のみでお願いいたします。",True,8d61rh58ff,2026-09-26 02:01:13,alias,2026-09-28 01:05:04,2026-09-28 01:12:46,public_detail,False,public_detail,active,"7名義中2番手
初期当選/なにわ名義×情報局該当名義/有効期限内/すり替えなし/下三桁提示可能

ランダムエラー、出演者変更、体調不良、交通機関の乱れなどの如何...",public_detail,2026-09-28 00:15:03,True,2026-09-28 00:15:03,1Cl2VvDmJVZqGnDqCyq0,"{""isSpecified"": true, ""value"": ""\u5e2d\u7a2e\u672a\u5b9a""}"
9gsv6fnbpq,,kamigata-expo-park-fes-2026,2026-10-31,,[大阪府] 万博記念公園,electronic,female,同行,M,5.0,,番手,2026-09-27 02:01:12,public_alias_observed,2026-09-28 00:02:52,,,listing,2,39500,"2名義中2番手/初期当選/Aぇ名義/期限内/下3桁提示可

スーツケース等、大きな手荷物は事前に預けた状態でお越しください。

詳しい集合時間/場所につきましては、前日までに連絡ボードにてお伝え致します。
こちらが指定した集合場所にお集まり頂き、同時入場していただきます。同時入場後チケットを一旦回収し、座席選択をさせていただきます。座席選択にお時間をいただく場合がございます。ご購入者様は座席を選ぶことは出来ません。集合時間に遅れた場合は先に入場しますが、受取連絡はしていただきます。

当日連絡がスムーズに取れる方、時間厳守でお取引が出来る方のみご購入お願いいたします。会場内の電波が悪く連絡が取れなくなる場合もあるため、電話番号の交換をお願いする場合がございます。また、入場の際に端末をお借りする場合もございます。その際チケット持ち逃げ防止のため、入場前に一時的に身分証をお預かりさせていただきますが、入場後すぐ返却させていただきます。

公演中止の場合のみ、手数料を引いた額を返金いたします。本人確認、ランダムエラー、体調不良、出演者の変更等の買い手様のご都合による返金やキャンセルは一切お受けいたしません。そのような場合も必ず受取連絡はしていただきますのでご了承下さい。チケットのお渡しと同時に必ず受取連絡お願いいたします。座席に関するクレームは一切お受けいたしません。受取連絡をしていただいた時点でお取引が問題なく完了したこととみなし、それ以降のクレーム等は一切お受けいたしません。
トラブル防止の為、必ずご本人様がご購入お願いいたします。代理購入はお辞めください。また、ご購入は日本人の方のみでお願いいたします。

ご購入頂きました場合、上記に同意していただいたものとさせていただきます。
",True,h8bzw7gtu8,2026-09-26 02:01:13,alias,2026-09-28 01:05:05,2026-09-28 01:12:46,public_detail,False,public_detail,active,"2名義中2番手/初期当選/Aぇ名義/期限内/下3桁提示可

スーツケース等、大きな手荷物は事前に預けた状態でお越しください。

詳しい集合時間/場所につきまして...",public_detail,2026-09-28 00:15:21,True,2026-09-28 00:15:21,1Cl2VvDmJVZqGnDqCyq0,"{""isSpecified"": false, ""value"": """"}"
w1ftc2dbzk,,kamigata-expo-park-fes-2026,2026-10-31,,[大阪府] 万博記念公園,electronic,female,当日渡し,Me_7teor,5.0,,QR / 番手,2026-09-27 02:01:12,public_alias_observed,2026-09-28 00:02:52,,,listing,2,0,"5名義中3番手
初期当選/有効期限内/すり替えなし/下三桁提示可能

ランダムエラー、出演者変更、体調不良、交通機関の乱れなどの如何なる理由により入場できなかった場合でも受け取り通知をして頂きます。購入後のクレームについては一切受け付けませんのでご了承ください。

当日8:30入場可能な方のみでお願い致します。
",True,4ztem7yagl,2026-09-26 02:01:13,alias,2026-09-28 01:05:05,2026-09-28 01:12:46,public_detail,True,on_request,active,"5名義中3番手
初期当選/有効期限内/すり替えなし/下三桁提示可能

ランダムエラー、出演者変更、体調不良、交通機関の乱れなどの如何なる理由により入場できなかっ...",public_detail,2026-09-28 00:15:26,True,2026-09-28 00:15:26,1Cl2VvDmJVZqGnDqCyq0,"{""isSpecified"": false, ""value"": """"}"
f3uy0fx1nq,,kamigata-expo-park-fes-2026,2026-10-31,,[大阪府] 万博記念公園,electronic,female,3名義中2番手,m,5.0,,番手,2026-09-27 02:01:12,public_alias_observed,2026-09-28 00:02:52,,,listing,2,32000,"3名義中2番手/初期当選のみ/Jr該当×Aぇのみ/すり替えなし/下3桁提示可/有効期限内名義/発送物戻りなし

当日は、会場付近で集合し同時入場いたします。
未発表な部分が多く確定ではないですが、開場時間の8:30より前の集合を予定しております。
入場後チケットを一度回収し、当方が選ばなかったチケットの中からお選びいただきます。
チケットお渡し時に必ず受取通知をお願いいたします。

公演中止の場合は手数料を差し引いた金額を返金いたしますが、体調不良・本人確認やシステムエラーなどで入場できなかった場合でも返金は致しかねます。
座席等のクレームは一切お受けできません。
トラブル防止のため代理購入はご遠慮ください。

上記すべてご了承いただける、20歳以上の日本語で会話ができる女性のみご購入お願いいたします。",True,ak2l433pet,2026-09-26 02:01:13,alias,2026-09-28 01:05:05,2026-09-28 01:12:46,public_detail,False,public_detail,active,"3名義中2番手/初期当選のみ/Jr該当×Aぇのみ/すり替えなし/下3桁提示可/有効期限内名義/発送物戻りなし

当日は、会場付近で集合し同時入場いたします。
未...",public_detail,2026-09-28 00:14:28,True,2026-09-28 00:14:28,1Cl2VvDmJVZqGnDqCyq0,"{""isSpecified"": false, ""value"": """"}"
9g1wmbsuev,,kamigata-expo-park-fes-2026,2026-10-31,,[大阪府] 万博記念公園,electronic,female,公演日前日にQRコード共有,にゃん,5.0,,QR,2026-09-27 02:01:12,public_alias_observed,2026-09-28 00:02:52,,,listing,2,32000,"QRごと なにわ名義 有効期限内 下3桁開示可 女性名義
前日までにログイン情報をお伝えさせていただきますので、ログインし確認お願いいたします。
同行者登録はこちらで行います。
当日は入場したことがわかる写真を添付いただき(半券等)、速やかにログアウトの報告、受け取り確認をお願いいたします。

◆注意事項
・購入者様の健康管理不十分/本人確認/ランダムエラ一等公演中止以外での返金対応はお受けいたしません。如何なる場合も受取連絡をして頂きます。
・代理購入はおやめ頂き、日本語の通じる方（男女問わず）のみとさせて頂きます。
・公演中止や延期の場合は手数料を差し引いた額を返金します。
・ご入金以降は上記の説明事項に同意されたものとみなします。ご購入者様からの条件の提示にはお受けいたしません。",True,vgrqvwux2y,2026-09-26 02:01:13,alias,2026-09-28 01:05:06,2026-09-28 01:12:46,public_detail,False,public_detail,active,"QRごと なにわ名義 有効期限内 下3桁開示可 女性名義
前日までにログイン情報をお伝えさせていただきますので、ログインし確認お願いいたします。
同行者登録はこ...",public_detail,2026-09-28 00:15:07,True,2026-09-28 00:15:07,1Cl2VvDmJVZqGnDqCyq0,"{""isSpecified"": false, ""value"": """"}"
wwamifhsxb,,kamigata-expo-park-fes-2026,2026-10-31,,[大阪府] 万博記念公園,electronic,female,公演前日QR共有,チケちゃん,4.8,,QR,2026-09-27 02:01:12,public_alias_observed,2026-09-28 00:02:52,,,listing,1,48000,"単番QR毎/なにわ名義 / 初期当選 / 有効期限内名義 / すり替え重複なし / 下3桁提示可能/過去当選歴なし/エラーなし/発送物戻りなし

※必ずご確認ください
・公演日の前日にログイン情報をお伝えします。
・入場後速やかにログアウトお願い致します。
・公演中止以外のQRエラー等による入場トラブル、当日の体調不良、座席に関してのクレーム等如何なる場合も返金対応は一切致しかねます。公演が中止になった場合のみ手数料を差し引いた金額を返金致します。",True,2za2yzdoso,2026-09-26 02:01:13,alias,2026-09-28 01:05:06,2026-09-28 01:12:46,public_detail,False,public_detail,active,"単番QR毎/なにわ名義 / 初期当選 / 有効期限内名義 / すり替え重複なし / 下3桁提示可能/過去当選歴なし/エラーなし/発送物戻りなし

※必ずご確認く...",public_detail,2026-09-28 00:15:20,True,2026-09-28 00:15:20,1Cl2VvDmJVZqGnDqCyq0,"{""isSpecified"": false, ""value"": """"}"
vcomzkocq4,,kamigata-expo-park-fes-2026,2026-10-31,,[大阪府] 万博記念公園,electronic,female,公演日前日までにQRコード共有,さ,5.0,,QR,2026-09-27 02:01:12,public_alias_observed,2026-09-28 00:02:52,,,listing,1,35000,"QRごと/初期当選/重複すり替え無し/下3桁提示可/有効期限内/Aぇ名義

公演中止の際のみ規約に従い返金対応いたします。ランダムエラー、本人確認、体調不良、買い手様ご都合で入場が遅れた場合や、その他いかなる場合もキャンセルを含む一切の返金対応不可です。ご了承のうえご購入ください。",True,gng2y7xrpr,2026-09-26 02:01:13,alias,2026-09-28 01:05:06,2026-09-28 01:12:46,public_detail,False,public_detail,active,"QRごと/初期当選/重複すり替え無し/下3桁提示可/有効期限内/Aぇ名義

公演中止の際のみ規約に従い返金対応いたします。ランダムエラー、本人確認、体調不良、買...",public_detail,2026-09-28 00:15:08,True,2026-09-28 00:15:08,1Cl2VvDmJVZqGnDqCyq0,"{""isSpecified"": false, ""value"": """"}"
vmh71ptsvm,,kamigata-expo-park-fes-2026,2026-10-31,,[大阪府] 万博記念公園,electronic,female,同行,mgt,5.0,,番手,2026-09-27 02:01:12,public_alias_observed,2026-09-28 00:02:52,,,listing,2,60000,"6名義中2番手

初期当選、有効期限内、下3桁提示可、重複すり替えなし


ランダムエラー、出演者変更、体調不良、交通機関の乱れなどの如何なる理由により入場できなかった場合でも受け取り通知をして頂きます。購入後のクレームについては一切受け付けませんのでご了承ください。

当日開園前集合できる方のみご購入お願い致します。
",True,hfn2bef30g,2026-09-26 02:01:13,alias,2026-09-28 01:05:07,2026-09-28 01:12:46,public_detail,False,public_detail,active,"6名義中2番手

初期当選、有効期限内、下3桁提示可、重複すり替えなし


ランダムエラー、出演者変更、体調不良、交通機関の乱れなどの如何なる理由により入場でき...",public_detail,2026-09-28 00:14:40,True,2026-09-28 00:14:40,1Cl2VvDmJVZqGnDqCyq0,"{""isSpecified"": false, ""value"": """"}"
j38f8vgekq,,kamigata-expo-park-fes-2026,2026-10-31,,[大阪府] 万博記念公園,electronic,female,同行,ゆちゃん,5.0,,同行,2026-09-27 02:01:12,public_alias_observed,2026-09-28 00:02:52,,,listing,1,85000,"初期当選/重複すり替え無し/下3桁提示可/有効期限内//なにわ名義/FC同士
【当選歴】
1stLove アリーナ
POPMALL スタンド
Alpha 花道横


2連中1枚(高橋担不可)  

チケットと引き換えに、受取連絡をお願いいたします。
座席に関するクレームは一切受け付けません。

当日会場付近で待ち合わせし、同時入場していただきます。時間厳守でお願いいたします。
遅刻等で待ち合わせ時間に間に合わなかった場合でも受取連絡はしていただきますのでお時間に余裕を持ってお越しください。

公演中止以外でのランダムエラー、席種、本人確認、体調不良、担当不在、交通機関の乱れいかなる場合でも返金キャンセル不可

ご購入いただいた時点で上記すべてに同意いただけたものと見なします。

ご不明点やご質問等ございましたら必ずご購入前にお問い合わせください。",True,w9p54irc5m,2026-09-26 02:01:13,alias,2026-09-28 01:05:07,2026-09-28 01:12:46,public_detail,False,public_detail,active,"初期当選/重複すり替え無し/下3桁提示可/有効期限内//なにわ名義/FC同士
【当選歴】
1stLove アリーナ
POPMALL スタンド
Alpha 花道横...",public_detail,2026-09-28 00:15:41,True,2026-09-28 00:15:41,1Cl2VvDmJVZqGnDqCyq0,"{""isSpecified"": false, ""value"": """"}"
mxlk9v97co,,kamigata-expo-park-fes-2026,2026-10-31,,[大阪府] 万博記念公園,paper,female,当日手渡し,★,5.0,,同行,2026-09-27 02:01:12,public_alias_observed,2026-09-28 00:02:52,,,listing,2,50000,"初期当選/3名義中2番手/有効期限名義のみ/WEST×WEST・Aぇ×Aぇ/すり替えなし/下3桁提示可

プラベルでのお取引可能な方はお申し付けください。


入場後はチケットを一旦回収し、当方が座席選択後に順次チケットをお渡し致します。チケットを選ぶのにお時間がかかる場合がございます。チケットをお渡しする際に、その場で受け取り連絡をお願いいたします。

電波環境が悪い場合がございますので事前に電話番号を伺うことがございますのでご了承ください。



当日は、事前に連絡ボードでお伝えする指定した時間、場所にお集まりいただきます。10分以上遅刻された場合は購入様を待たずに入場いたしますが、その際も受け取り連絡はしていただきます。
詳しい集合場所、時間等につきましては 連絡ボードにて連絡させていただきます。
 座席に関するクレームは受付ません。  


遅刻や体調不良、本人確認、システムエラーやランダムエラー等、主催者側による公演中止以外でのキャンセル・返金対応はいかなる理由でも致しません。  
遅刻された場合は先に入場させていただきますが、受取評価はしていただきます。  

未就学児をお連れの方、持病や怪我等がある方、キャリーケース等大きなお荷物をお持ちの方のご購入はご遠慮ください。
購入者様本人がお越し頂くようお願いいたします。代理購入は遠慮ください。

上記をご確認頂き、日本語でスムーズにご連絡の取れる方のみご購入下さい。

ご購入頂いた時点で、上記全てにご了承頂いたものとみなし送金停止含むクレームは一切お受け致しません。",True,6hfuumw86a,2026-09-26 02:01:13,alias,2026-09-28 01:05:08,2026-09-28 01:12:46,public_detail,False,public_detail,active,"初期当選/3名義中2番手/有効期限名義のみ/WEST×WEST・Aぇ×Aぇ/すり替えなし/下3桁提示可

プラベルでのお取引可能な方はお申し付けください。...",public_detail,2026-09-28 00:15:44,True,2026-09-28 00:15:44,1Cl2VvDmJVZqGnDqCyq0,"{""isSpecified"": false, ""value"": """"}"
vzokxuull9,,kamigata-expo-park-fes-2026,2026-10-31,,[大阪府] 万博記念公園,electronic,female,当日渡し,Me_7teor,5.0,,ランダム,2026-09-27 02:01:12,public_alias_observed,2026-09-28 00:02:52,,,listing,2,24000,"ランダム配布
初期当選のみ/有効期限内/複数名義所持

ランダムエラー、出演者変更、体調不良、交通機関の乱れなどの如何なる理由により入場できなかった場合でも受け取り通知をして頂きます。購入後のクレームについては一切受け付けませんのでご了承ください。

当日8:30入場可能な方のみでお願い致します。",True,x3s2lvnbap,2026-09-26 02:01:13,alias,2026-09-28 01:05:08,2026-09-28 01:12:46,public_detail,False,public_detail,active,"ランダム配布
初期当選のみ/有効期限内/複数名義所持

ランダムエラー、出演者変更、体調不良、交通機関の乱れなどの如何なる理由により入場できなかった場合でも受け...",public_detail,2026-09-28 00:15:37,True,2026-09-28 00:15:37,1Cl2VvDmJVZqGnDqCyq0,"{""isSpecified"": false, ""value"": """"}"
fcgndyi09d,,kamigata-expo-park-fes-2026,2026-10-31,,[大阪府] 万博記念公園,electronic,female,同行,ari,5.0,,番手,2026-09-27 02:01:12,public_alias_observed,2026-09-28 00:02:52,,,listing,1,20000,"3名義所持(2連×1名義、単番×2名義)/4枚中4番手/初期当選/Aぇ名義/有効期限内/すり替えなし/下3桁提示可

プラベルでのお取引希望の方は移行させていただきますので、メッセージをお願いします。

公演当日、会場付近にて集合後同時入場していただきます。時間厳守できる方のみ購入をお願いします。指定した時間に遅れた場合も待たずに入場しますが、受取報告をしていただきます。

入場後一旦チケットを回収し、座席選択後にチケットをお渡しします。購入者様に座席選択の権利はございません。
チケットお渡しの際に受取報告をお願いします。受取報告を確認できるまでチケットはお渡しできませんのでご了承ください。

代理購入不可、未就学児を連れてる方の購入不可、スーツケース等大きい荷物の持ち込みもご遠慮ください。

遅刻、体調不良、交通機関等遅延、本人確認、ランダムエラー等公演中止以外の返金は一切対応できません。

日本語が話せてスムーズにご連絡の取れる方のみご購入ください。
購入いただいた時点で、上記全て了承したものとみなしクレームは一切受け付けません。",True,wija45ykq0,2026-09-26 02:01:13,alias,2026-09-28 01:05:09,2026-09-28 01:12:46,public_detail,False,public_detail,active,"3名義所持(2連×1名義、単番×2名義)/4枚中4番手/初期当選/Aぇ名義/有効期限内/すり替えなし/下3桁提示可

プラベルでのお取引希望の方は移行させていた...",public_detail,2026-09-28 00:14:56,True,2026-09-28 00:14:56,1Cl2VvDmJVZqGnDqCyq0,"{""isSpecified"": false, ""value"": """"}"
zwb1znwo2h,,kamigata-expo-park-fes-2026,2026-10-31,,[大阪府] 万博記念公園,electronic,female,公演前日ログイン情報送付,14,5.0,,QR,2026-09-27 02:01:12,public_alias_observed,2026-09-28 00:02:52,,,listing,2,35000,"west.名義/初期当選/有効期限内会員/QRでのお譲り/すり替えなし/下3桁提示可能

公演前日にログイン情報を送付します。
入場後は速やかにログアウトください。

公演中止の場合のみ手数料を差し引いて返金いたします。
体調不良、本人確認、ランダムエラーなどのいかなる場合も返金は致しませんので、ご了承下さい。",True,vaypc43ymh,2026-09-26 02:01:13,alias,2026-09-28 01:05:09,2026-09-28 01:12:46,public_detail,False,public_detail,active,"west.名義/初期当選/有効期限内会員/QRでのお譲り/すり替えなし/下3桁提示可能

公演前日にログイン情報を送付します。
入場後は速やかにログアウトくださ...",public_detail,2026-09-28 00:14:49,True,2026-09-28 00:14:49,1Cl2VvDmJVZqGnDqCyq0,"{""isSpecified"": false, ""value"": """"}"
1ouk5byhs0,,kamigata-expo-park-fes-2026,2026-10-31,,[大阪府] 万博記念公園,electronic,female,同行,@,5.0,,同行 / 番手,2026-09-27 02:01:12,public_alias_observed,2026-09-28 00:02:52,,,listing,2,25000,"2名義中2番手　全てAぇ名義　会員番号下3桁ご提示可能
同時入場後、当方が選ばなかった方のチケットをお渡しします。
集合時間、場所につきましては前日までにはお伝えします。
8時半以降の入場になる場合がありますので、ご理解ある方でお願いします。
公演中止の際のみ、手数料等を引いた金額を返金させて頂きます。",True,qtw87z6vb4,2026-09-26 02:01:13,alias,2026-09-28 01:05:10,2026-09-28 01:12:46,public_detail,False,public_detail,active,"2名義中2番手　全てAぇ名義　会員番号下3桁ご提示可能
同時入場後、当方が選ばなかった方のチケットをお渡しします。
集合時間、場所につきましては前日までにはお伝...",public_detail,2026-09-28 00:15:28,True,2026-09-28 00:15:28,1Cl2VvDmJVZqGnDqCyq0,"{""isSpecified"": false, ""value"": """"}"
gxewoyd0c3,,kamigata-expo-park-fes-2026,2026-10-31,,[大阪府] 万博記念公園,electronic,female,公演日1日前までにQRコード共有,ｙ,5.0,,QR,2026-09-27 02:01:12,public_alias_observed,2026-09-28 00:02:52,,,listing,1,44000,"なにわ名義/初期当選/重複すり替えなし/有効期限内/下３桁開示可/発送物戻り無/過去エラー歴無

公演前日に必要な情報等を連絡ボードにてお知らせ致します。代表者の同意チェックは購入者様ご自身でお願い致します。
公演当日入場後は速やかにログアウトして頂き、必ず開演時間までに受け取り通知をお願い致します。
座席に関するクレーム等は一切受け付けません。公演中止を除き交通機関遅れ、体調不良等購入者様都合の事情、ランダムエラー等如何なる場合も返金致しません。
お取引成立後は如何なる場合も必ず受け取り通知を完了して頂きますのでご了承下さい。取引成立後の取引キャンセルも承る事が出来ないのでご了承下さい。上記の場合も必ず受け取り評価は行って頂きます。
ご購入は上記を了承した上で日本語の理解出来る、成人済み日本人の方でお願い致します。",True,gvzczdwrp8,2026-09-26 02:01:13,alias,2026-09-28 01:05:11,2026-09-28 01:12:46,public_detail,False,public_detail,active,"なにわ名義/初期当選/重複すり替えなし/有効期限内/下３桁開示可/発送物戻り無/過去エラー歴無

公演前日に必要な情報等を連絡ボードにてお知らせ致します。代表者...",public_detail,2026-09-28 00:15:30,True,2026-09-28 00:15:30,1Cl2VvDmJVZqGnDqCyq0,"{""isSpecified"": false, ""value"": """"}"
ofca7869l9,,kamigata-expo-park-fes-2026,2026-10-31,,[大阪府] 万博記念公園,electronic,female,同行,おの,5.0,,番手,2026-09-27 02:01:12,public_alias_observed,2026-09-28 00:02:52,,,listing,1,48000,"6名義中3番手/下3桁提示可能/単番当選のみ/全てSUPEREIGHT FC枠

・入場方法やブロックの詳細がまだ不明瞭な為、詳しい待ち合わせの時間等は公演三日前にお知らせさせていただきます。
場合によっては開園の8:30に入場する可能性がありますので、念の為間に合うようスケジュールの調整をお願いいたします。

・当日の待ち合わせは、複数の方が集まりますので時間厳守でお願いいたします。遅刻されてもそのまま入場いたします。その際も受け取り評価はしていだきますのでご了承ください。

・発券の際端末をお借りすることがございます。

・交通機関の乱れや体調不良、ランダムエラー、相場の変動や復活当選等いかなる場合もキャンセルや返金はお受けできませんのでご了承ください。

※全文ご確認ください、購入は上記を承認したものとみなします。",True,ka0fapwppq,2026-09-26 02:01:13,alias,2026-09-28 01:05:11,2026-09-28 01:12:46,public_detail,False,public_detail,active,"6名義中3番手/下3桁提示可能/単番当選のみ/全てSUPEREIGHT FC枠

・入場方法やブロックの詳細がまだ不明瞭な為、詳しい待ち合わせの時間等は公演三日...",public_detail,2026-09-28 00:15:44,True,2026-09-28 00:15:44,1Cl2VvDmJVZqGnDqCyq0,"{""isSpecified"": false, ""value"": """"}"
xu0g080l2t,,kamigata-expo-park-fes-2026,2026-10-31,,[大阪府] 万博記念公園,electronic,female,同行,すたー,5.0,,,2026-09-27 02:01:12,public_alias_observed,2026-09-28 00:02:52,,,listing,2,25000,"FC先行/有効期限名義のみ/条件あり/2名義中2番手/すり替えなし/下3桁提示可

詳しい集合場所、時間等につきましては連絡ボードにて連絡させていただきます。
座席に関するクレームは受付ません。
キャリーケース等大きな荷物は事前に預けた状態でお越しください。
入場後発送通知を行いますのでチケット受取後、速やかに受取通知して頂きますようお願いします。
遅刻や体調不良、本人確認、システムエラーやランダムエラー等、主催者側による公演中止以外でのキャンセル・返金対応はいかなる理由でも致しません。
遅刻された場合は先に入場させていただきますが、受取評価はしていただきます。
上記をご確認頂き、日本語でスムーズにご連絡の取れる方のみご購入下さい。
代理購入はご遠慮下さい。
ご購入頂いた時点で、上記全てにご了承頂いたものとみなし送金停止含むクレームは一切お受け致しませ
ん。",True,c8i5guph6j,2026-09-26 02:01:13,alias,2026-09-28 01:05:11,2026-09-28 01:12:46,public_detail,False,public_detail,active,"FC先行/有効期限名義のみ/条件あり/2名義中2番手/すり替えなし/下3桁提示可

詳しい集合場所、時間等につきましては連絡ボードにて連絡させていただきます。...",public_detail,2026-09-28 00:15:46,True,2026-09-28 00:15:46,1Cl2VvDmJVZqGnDqCyq0,"{""isSpecified"": false, ""value"": """"}"
ullzv027kl,,kamigata-expo-park-fes-2026,2026-10-31,,[大阪府] 万博記念公園,electronic,female,公演前日にログイン情報共有,み,5.0,,QR,2026-09-27 02:01:12,public_alias_observed,2026-09-28 00:02:52,,,listing,2,40000,"なにわ名義/有効期限内/重複すり替えなし/下3桁提示可

2連QRごと
公演前日にログイン情報をお伝えいたしますのでご自身でログイン、ご入場ください。
入場後は速やかにログアウト、受け取り連絡をお願いいたします。

座席に関するクレームは一切承りかねますのでご了承ください。

ランダムエラー、本人確認、交通機関の乱れおよび出演者変更等、公演中止以外のいかなる場合でも返金はいたしかねます。公演中止の場合のみ規定に基づき返金させていただきます。

日本語で問題なくやり取りができる、また、こまめに連絡の取れる日本人女性のみご購入をお願いいたします。
ご購入いただいた時点で上記すべてに同意いただけたものと見なします。

ご不明点やご質問等ございましたら必ずご購入前にお問い合わせください。
プラベルでのお取引可能な方優先いたしますので、ご購入希望の方はチャットにてお申し付けください。",True,zad60jqhk2,2026-09-26 02:01:13,alias,2026-09-28 01:05:12,2026-09-28 01:12:46,public_detail,False,public_detail,active,"なにわ名義/有効期限内/重複すり替えなし/下3桁提示可

2連QRごと
公演前日にログイン情報をお伝えいたしますのでご自身でログイン、ご入場ください。
入場後は...",public_detail,2026-09-28 00:14:35,True,2026-09-28 00:14:35,1Cl2VvDmJVZqGnDqCyq0,"{""isSpecified"": false, ""value"": """"}"
n6mau1xfj3,,kamigata-expo-park-fes-2026,2026-10-31,,[大阪府] 万博記念公園,electronic,female,2名義中2番手,S,5.0,,番手 / 同行,2026-09-27 02:01:12,public_alias_observed,2026-09-28 00:02:52,,,listing,2,28000,"全てAぇ名義/初期当選/2名義中2番手/全て今ツ落選名義

プラベル切り替え対応可能

当日の集合時間や場所等に関しては連絡ボードにてご連絡いたします。

待ち合わせ時間から10分以上遅刻される場合はお待ちせず入場いたします。
その際も受取通知は必ずしていただきます。
お連れ様と別々で入場していただく可能性がありますが、必ず連番でお渡しいたします。

チケットをお渡しする際、その場で速やかに受取通知をお願いいたします。

また、公演中止以外での返金は一切受けつけておりません。
当方が選ばなかった座席をお渡しいたしますので、購入者様には座席の選択権利がないこと予めご了承ください。
座席へのクレームも一切お受けしておりません。

代理購入はお控えください。
以上のことをご理解頂いた上で、日本語のわかる20歳以上の日本人女性のみご購入ください。
",True,nv3lpdpcdt,2026-09-26 02:01:13,alias,2026-09-28 01:05:12,2026-09-28 01:12:46,public_detail,False,public_detail,active,"全てAぇ名義/初期当選/2名義中2番手/全て今ツ落選名義

プラベル切り替え対応可能

当日の集合時間や場所等に関しては連絡ボードにてご連絡いたします。

待ち...",public_detail,2026-09-28 00:14:46,True,2026-09-28 00:14:46,1Cl2VvDmJVZqGnDqCyq0,"{""isSpecified"": false, ""value"": """"}"
n61iqn6rbr,,kamigata-expo-park-fes-2026,2026-10-31,,[大阪府] 万博記念公園,electronic,female,同行,m,5.0,,番手,2026-09-27 02:01:12,public_alias_observed,2026-09-28 00:02:52,,,listing,2,25000,"2名義中2番手/エイト×Aぇ、Jr×Jr名義/初期当選/有効期限名義のみ/すり替えなし

当日、開場時間前に会場付近で待ち合わせし、同時入場していただきます。
入場後はチケットを一旦回収し、当方が選ばなかったチケットをお渡し致します。チケットを選ぶのにお時間がかかる場合がございますのでご理解ください。

会場の電波環境が悪い可能性がございますので、事前に電話番号をお伺い致します。

当日購入者様の遅刻、体調不良により入場できなかった場合、本人確認、入場時のランダムエラーや入場エラ一、座席などへのクレームでの返金は一切致しかねます。また、公演中止以外のキャンセルは一切受け付けません。そのような場合でも必ず受取連絡はして頂きますのでご了承ください。

チケットをお渡しさせて頂く際に、必ず受取連絡をお願い致します。受取連絡をして頂いた時点でお取引が問題なく完了したこととみなし、それ以降のクレーム等は受け付けません。ご購入はいかなる場合も返金、キャンセル処理は致しません。ご了承ください。

必ず上記事項にご理解頂けた方、20歳以上の日本人女性の方のみご購入お願い致します。公演中止の際には手数料を差し引いた金額を返金します。",True,mf4d75fyxn,2026-09-26 02:01:13,alias,2026-09-28 01:05:13,2026-09-28 01:12:46,public_detail,False,public_detail,active,"2名義中2番手/エイト×Aぇ、Jr×Jr名義/初期当選/有効期限名義のみ/すり替えなし

当日、開場時間前に会場付近で待ち合わせし、同時入場していただきます。...",public_detail,2026-09-28 00:15:22,True,2026-09-28 00:15:22,1Cl2VvDmJVZqGnDqCyq0,"{""isSpecified"": false, ""value"": """"}"
k4r3xn7tac,,kamigata-expo-park-fes-2026,2026-10-31,,[大阪府] 万博記念公園,electronic,female,同行,Jn,5.0,,,2026-09-27 02:01:12,public_alias_observed,2026-09-28 00:02:52,,,listing,1,34000,エイト名義(同行WEST.)/自名義/初期当選/下3桁共有可能/1名義中1名義目/すり替えなし/有効期限内/同行,True,gk1c8espw9,2026-09-26 02:01:13,alias,2026-09-28 01:05:13,2026-09-28 01:12:46,public_detail,False,public_detail,active,エイト名義(同行WEST.)/自名義/初期当選/下3桁共有可能/1名義中1名義目/すり替えなし/有効期限内/同行,public_detail,2026-09-28 00:14:42,True,2026-09-28 00:14:42,1Cl2VvDmJVZqGnDqCyq0,"{""isSpecified"": false, ""value"": """"}"
balp9rw04y,,kamigata-expo-park-fes-2026,2026-10-31,,[大阪府] 万博記念公園,electronic,female,同行,り,5.0,,,2026-09-27 02:01:12,public_alias_observed,2026-09-28 00:02:52,,,listing,2,35000,"7名義中4番手
初期当選/なにわ名義×情報局該当名義/有効期限内/すり替えなし/下三桁提示可能

ランダムエラー、出演者変更、体調不良、交通機関の乱れなどの如何なる理由により入場できなかった場合でも受け取り通知をして頂きます。購入後のクレームについては一切受け付けませんのでご了承ください。

当日8:30入場可能な方のみでお願いいたします。",True,ycgvpzetyl,2026-09-26 02:01:13,alias,2026-09-28 01:05:14,2026-09-28 01:12:46,public_detail,False,public_detail,active,"7名義中4番手
初期当選/なにわ名義×情報局該当名義/有効期限内/すり替えなし/下三桁提示可能

ランダムエラー、出演者変更、体調不良、交通機関の乱れなどの如何...",public_detail,2026-09-28 00:15:00,True,2026-09-28 00:15:00,1Cl2VvDmJVZqGnDqCyq0,"{""isSpecified"": true, ""value"": ""\u5e2d\u7a2e\u672a\u5b9a""}"
9yurjx5tbs,,kamigata-expo-park-fes-2026,2026-10-31,,[大阪府] 万博記念公園,electronic,female,同時入場,Airi,5.0,,番手,2026-09-27 02:01:12,public_alias_observed,2026-09-28 00:02:52,,,listing,2,50000,"初期当選/2名義中2番手/有効期限名義/すり替えなし

・入場後はチケットを一旦回収し、当方が座席選択後に順次チケットをお渡し致します。
※チケットを選ぶのにお時間がかかる場合がございます。チケットをお渡しする際に、その場で受け取り連絡をお願いいたします。
・電波環境が悪い場合がございますので事前に電話番号を伺うことがございますのでご了承ください。
・当日は、事前に連絡ボードでお伝えする指定した時間、場所にお集まりいただきます。
※10分以上遅刻された場合は購入様を待たずに入場いたしますが、その際も受け取り連絡はしていただきます。
詳しい集合場所、時間等につきましては 連絡ボードにて連絡させていただきます。
・ 座席に関するクレームは受付ません。  
・遅刻や体調不良、本人確認、システムエラーやランダムエラー等、主催者側による公演中止以外でのキャンセル・返金対応はいかなる理由でも致しません。  
・未就学児をお連れの方、持病や怪我等がある方のご購入はご遠慮ください。
・購入者様本人がお越し頂くようお願いいたします。代理購入は遠慮ください。
・上記をご確認頂き、日本語でスムーズにご連絡の取れる方のみご購入下さい。
・ご購入頂いた時点で、上記全てにご了承頂いたものとみなし送金停止含むクレームは一切お受け致しません。",True,y1ezdgzbdw,2026-09-26 02:01:13,alias,2026-09-28 01:05:14,2026-09-28 01:12:46,public_detail,False,public_detail,active,"初期当選/2名義中2番手/有効期限名義/すり替えなし

・入場後はチケットを一旦回収し、当方が座席選択後に順次チケットをお渡し致します。
※チケットを選ぶのにお...",public_detail,2026-09-28 00:15:32,True,2026-09-28 00:15:32,1Cl2VvDmJVZqGnDqCyq0,"{""isSpecified"": false, ""value"": """"}"
mzz8q2j3km,,kamigata-expo-park-fes-2026,2026-10-31,,[大阪府] 万博記念公園,electronic,female,同行,たまご,5.0,,同行,2026-09-27 02:01:12,public_alias_observed,2026-09-28 00:02:52,,,listing,1,30000,"なにわ名義/有効期限内/重複すり替えなし/下3桁提示可

※ プライベートチケットに切り替えますのでコメントお送りください。
2連中1枚同行でのお譲りとなります。
大橋担不可

当日会場付近で待ち合わせし、同時入場していただきます。
時間厳守でお願いいたします。遅刻された場合は待たずに入場いたしますが、その場合でも必ず受け取り連絡をしていただきますので、お時間に余裕を持ってお越しください。

座席に関するクレームは一切承りかねますのでご了承ください。

ランダムエラー、本人確認、交通機関の乱れおよび出演者変更等、公演中止以外のいかなる場合でも返金はいたしかねます。公演中止の場合のみ規定に基づき返金させていただきます。

日本語で問題なくやり取りができる、また、こまめに連絡の取れる20歳以上日本人女性のみご購入をお願いいたします。
ご購入いただいた時点で上記すべてに同意いただけたものと見なします。

ご不明点やご質問等ございましたら必ずご購入前にお問い合わせください。",True,e82dxc57mz,2026-09-26 02:01:13,alias,2026-09-28 01:05:15,2026-09-28 01:12:46,public_detail,False,public_detail,active,"なにわ名義/有効期限内/重複すり替えなし/下3桁提示可

※ プライベートチケットに切り替えますのでコメントお送りください。
2連中1枚同行でのお譲りとなります...",public_detail,2026-09-28 00:14:36,True,2026-09-28 00:14:36,1Cl2VvDmJVZqGnDqCyq0,"{""isSpecified"": false, ""value"": """"}"
47six4re6g,,kamigata-expo-park-fes-2026,2026-10-31,,[大阪府] 万博記念公園,electronic,female,同行,け,5.0,,番手,2026-09-27 02:01:12,public_alias_observed,2026-09-28 00:02:52,,,listing,1,30000,"初期当選/2名義中2番手/有効期限名義のみ/Aぇ名義/すり替えなし/下3桁提示可能/発送物戻りなし
購入の際はコメントください。プライベート出品に変更いたします。
・入場後はチケットを一旦回収し、当方が選択しなかったチケットをお渡しします。チケットを選ぶのにお時間がかかる場合がございますのでご理解ください。

・電波環境が悪い場合がございますので事前に電話番号を伺うことがございますので、ご了承ください。

・本人確認やランダムエラーでは返金いたしますが、
購入者様の遅刻、体調不良、公演中止以外での返金は一切いたしかねます。そのような場合でも必ず受取連絡はして頂きますのでご了承ください。

・当日お席に関するクレームは受け付けません。

・受取連絡と引き換えでチケットをお渡しいたします。

・日本語の通じる女性のみご購入ください。ご購入いただいた時点で記載事項に同意いただいたものとみなします。

エラーの際はご返金いたします。",True,xqliqdvmny,2026-09-26 02:01:13,alias,2026-09-28 01:05:15,2026-09-28 01:12:46,public_detail,False,public_detail,active,"初期当選/2名義中2番手/有効期限名義のみ/Aぇ名義/すり替えなし/下3桁提示可能/発送物戻りなし
購入の際はコメントください。プライベート出品に変更いたします...",public_detail,2026-09-28 00:15:13,True,2026-09-28 00:15:13,1Cl2VvDmJVZqGnDqCyq0,"{""isSpecified"": false, ""value"": """"}"
jq5xxqbilk,,kamigata-expo-park-fes-2026,2026-10-31,,[大阪府] 万博記念公園,electronic,female,同行,さ,5.0,,番手,2026-09-27 02:01:12,public_alias_observed,2026-09-28 00:02:52,,,listing,1,35000,"3名義中2番手/有効期限内/すり替えなし/下3桁提示可/全てなにわ名義


・公演中止以外のいかなる場合でも返金はいたしません。
ランダムエラー・本人確認・交通機関の遅延・体調不良・出演者変更などがあった場合でも返金キャンセル不可となります。

成人済み日本人女性のみご購入をお願いします。",True,qcahtqqe4r,2026-09-26 02:01:13,alias,2026-09-28 01:05:16,2026-09-28 01:12:46,public_detail,False,public_detail,active,"3名義中2番手/有効期限内/すり替えなし/下3桁提示可/全てなにわ名義


・公演中止以外のいかなる場合でも返金はいたしません。
ランダムエラー・本人確認・交通...",public_detail,2026-09-28 00:15:06,True,2026-09-28 00:15:06,1Cl2VvDmJVZqGnDqCyq0,"{""isSpecified"": false, ""value"": """"}"
k6moyw4olu,,kamigata-expo-park-fes-2026,2026-10-31,,[大阪府] 万博記念公園,electronic,female,同時入場,り,5.0,,番手,2026-09-27 02:01:12,public_alias_observed,2026-09-28 00:02:52,,,listing,2,36000,"2名義中2番手/初期当選/Aぇ名義/期限内/下3桁提示可



詳しい集合時間/場所につきましては、前日までに連絡ボードにてお伝え致します。
こちらが指定した集合場所にお集まり頂き、同時入場していただきます。同時入場後チケットを一旦回収し、座席選択をさせていただきます。座席選択にお時間をいただく場合がございます。ご購入者様は座席を選ぶことは出来ません。集合時間に遅れた場合は先に入場しますが、受取連絡はしていただきます。

当日連絡がスムーズに取れる方、時間厳守でお取引が出来る方のみご購入お願いいたします。会場内の電波が悪く連絡が取れなくなる場合もあるため、電話番号の交換をお願いする場合がございます。また、入場の際に端末をお借りする場合もございます。その際チケット持ち逃げ防止のため、入場前に一時的に身分証をお預かりさせていただきますが、入場後すぐ返却させていただきます。

公演中止の場合のみ、手数料を引いた額を返金いたします。本人確認、ランダムエラー、体調不良、出演者の変更等の買い手様のご都合による返金やキャンセルは一切お受けいたしません。そのような場合も必ず受取連絡はしていただきますのでご了承下さい。チケットのお渡しと同時に必ず受取連絡お願いいたします。座席に関するクレームは一切お受けいたしません。受取連絡をしていただいた時点でお取引が問題なく完了したこととみなし、それ以降のクレーム等は一切お受けいたしません。
トラブル防止の為、必ずご本人様がご購入お願いいたします。代理購入はお辞めください。また、ご購入は日本人の方のみでお願いいたします。

ご購入頂きました場合、上記に同意していただいたものとさせていただきます。
",True,ogasr4z251,2026-09-26 02:01:13,alias,2026-09-28 01:05:16,2026-09-28 01:12:46,public_detail,False,public_detail,active,"2名義中2番手/初期当選/Aぇ名義/期限内/下3桁提示可



詳しい集合時間/場所につきましては、前日までに連絡ボードにてお伝え致します。
こちらが指定した集...",public_detail,2026-09-28 00:15:04,True,2026-09-28 00:15:04,1Cl2VvDmJVZqGnDqCyq0,"{""isSpecified"": false, ""value"": """"}"
4v1lusgjga,,kamigata-expo-park-fes-2026,2026-10-31,,[大阪府] 万博記念公園,electronic,female,公演日前日にQRコード共有,a,5.0,,QR,2026-09-27 02:01:12,public_alias_observed,2026-09-28 00:02:52,,,listing,1,37000,"FC先行 / Aぇ名義 / 単番QR毎 / 重複すり替えなし / 初期当選 / 有効期限内 / 下3桁提示 / 過去エラー等なし

公演前日になりましたらログイン情報お伝えいたします。買い手の方で同意チェックしてご入場ください。入場後は速やかにログアウトをお願いいたします。
本確対応不可、ランダムエラー等 公演中止以外での返金対応はお受けいたしません。如何なる場合も受取連絡をして頂きます。
公演中止の場合のみ、手数料を差し引いた金額でご返金します。
日本人女性の方、個人情報を保護して頂ける方のみご購入いただけます。",True,iavthpnuxj,2026-09-26 02:01:13,alias,2026-09-28 01:05:16,2026-09-28 01:12:46,public_detail,False,public_detail,active,"FC先行 / Aぇ名義 / 単番QR毎 / 重複すり替えなし / 初期当選 / 有効期限内 / 下3桁提示 / 過去エラー等なし

公演前日になりましたらログイ...",public_detail,2026-09-28 00:14:31,True,2026-09-28 00:14:31,1Cl2VvDmJVZqGnDqCyq0,"{""isSpecified"": false, ""value"": """"}"
1f1hmx1xc4,,kamigata-expo-park-fes-2026,2026-10-31,,[大阪府] 万博記念公園,electronic,female,公演日前日にログイン情報共有,N,5.0,,QR,2026-09-27 02:01:12,public_alias_observed,2026-09-28 00:02:52,,,listing,2,28000,"初期当選/QR毎/重複すり替えなし/なにわ男子名義/会員番号下3桁提示可能/有効期限内名義

閲覧頂きありがとうございます。
早く手持ち売り切りたいためできる限り希望値段に添えるようにいたします🎀
お気軽にご連絡ください✨️

ログイン情報は公演日の前日にお伝え致します。
公演中止の場合のみ手数料を差し引いた金額を返金致します。
それ以外のいかなる場合も返金対応致しかねますのでご了承ください。
公演当日は入場後、確実にログアウトと受取連絡をお願い致します。

何かご質問ございましたらご連絡ください。",True,hxitxxphdz,2026-09-26 02:01:13,alias,2026-09-28 01:05:17,2026-09-28 01:12:46,public_detail,False,public_detail,active,"初期当選/QR毎/重複すり替えなし/なにわ男子名義/会員番号下3桁提示可能/有効期限内名義

閲覧頂きありがとうございます。
早く手持ち売り切りたいためできる限...",public_detail,2026-09-28 00:14:34,True,2026-09-28 00:14:34,1Cl2VvDmJVZqGnDqCyq0,"{""isSpecified"": false, ""value"": """"}"
at2p9tfi0a,,kamigata-expo-park-fes-2026,2026-10-31,,[大阪府] 万博記念公園,electronic,female,同行,あ,5.0,,,2026-09-27 02:01:12,public_alias_observed,2026-09-28 00:02:52,,,listing,2,25000,"FC先行/有効期限内/全てAぇ名義/3名義中3番手/すり替えなし/下3桁提示可

・入場後はチケットを一旦回収し、当方が座席選択後に順次チケットをお渡し致します。チケットのお渡しまでお時間をいただく場合がございます。
・チケットをお渡しする際に、その場で受け取り連絡をお願いいたします。
・座席に関するクレームは受付けません。

・詳しい集合場所、時間等につきましては、公演前日に連絡ボードにて連絡させていただきます。
 ・遅刻や体調不良、本人確認、システムエラーやランダムエラー等、主催者側による公演中止以外でのキャンセル・返金対応はいかなる理由でも致しません。
 ・遅刻された場合は先に入場させていただきますが、必ず受取評価はしていただきます。

・トラブル回避のため、代理購入はご遠慮ください。 
・日本語でスムーズにご連絡の取れる方のみご購入下さい。 

ご購入頂いた時点で上記全てにご了承頂いたものとみなし、送金停止含むクレームは一切お受け致しません。",True,hskrjm6psr,2026-09-26 02:01:13,alias,2026-09-28 01:05:17,2026-09-28 01:12:46,public_detail,False,public_detail,active,"FC先行/有効期限内/全てAぇ名義/3名義中3番手/すり替えなし/下3桁提示可

・入場後はチケットを一旦回収し、当方が座席選択後に順次チケットをお渡し致します...",public_detail,2026-09-28 00:14:45,True,2026-09-28 00:14:45,1Cl2VvDmJVZqGnDqCyq0,"{""isSpecified"": true, ""value"": ""\u30d6\u30ed\u30c3\u30af\u6574\u756a\u672a\u5b9a""}"
xdbd1rba0o,,kamigata-expo-park-fes-2026,2026-10-31,,[大阪府] 万博記念公園,electronic,female,前日にQRログイン情報を共有,りぼん,5.0,,QR,2026-09-27 02:01:12,public_alias_observed,2026-09-28 00:02:52,,,listing,1,65000,"QR毎/なにわ男子名義/FC初期当選/有効期限内/下三桁提示可/重複差し

QR毎でのお譲りとなります。

前日にQR表示に必要な情報をお伝えいたします。
ログイン後QR表示に必要な操作以外はお控えください。
入場後は速やかにログアウトして頂き、受取連絡をお願いします。
体調不良、交通機関の遅延、出演者変更、本人確認、ランダムエラー等、如何なる場合でもキャンセルや返金は不可とさせて頂きます。
公演中止の場合に限り、手数料を差し引いた金額を返金いたします。",True,wdvfojr5id,2026-09-26 02:01:13,alias,2026-09-28 01:05:17,2026-09-28 01:12:46,public_detail,False,public_detail,active,"QR毎/なにわ男子名義/FC初期当選/有効期限内/下三桁提示可/重複差し

QR毎でのお譲りとなります。

前日にQR表示に必要な情報をお伝えいたします。
ログ...",public_detail,2026-09-28 00:14:32,True,2026-09-28 00:14:32,1Cl2VvDmJVZqGnDqCyq0,"{""isSpecified"": false, ""value"": """"}"
77mzqlg2s0,,kamigata-expo-park-fes-2026,2026-10-31,,[大阪府] 万博記念公園,electronic,female,公演日3日前までにログイン情報共有,H。,5.0,,QR,2026-09-27 02:01:12,public_alias_observed,2026-09-28 00:02:52,,,listing,1,25000,"WEST.名義/QRごと/すり替えなし/下3桁提示可/初期当選/有効期限内

・公演日の3日前にログイン情報をお伝えします。ご購入いただきました時点で下3桁をお送り致します。
・入場後、開演時間までに速やかにログアウト、受け取り連絡をお願い致します。
・座席は当日発券するまで未定です。座席に関するクレームも一切受け付けません。また、出演者変更、入場時のランダムエラーや本人確認、如何なる理由でも受け取りをしていただき、買い手様都合のキャンセル・返金対応致しかねますのでご了承ください。

何かご不明点ございましたらご購入前に質問お願い致します。",True,2owu7x8z6x,2026-09-26 01:01:13,alias,2026-09-28 01:05:18,2026-09-28 01:12:46,public_detail,False,public_detail,active,"WEST.名義/QRごと/すり替えなし/下3桁提示可/初期当選/有効期限内

・公演日の3日前にログイン情報をお伝えします。ご購入いただきました時点で下3桁をお...",public_detail,2026-09-28 00:15:01,True,2026-09-28 00:15:01,1Cl2VvDmJVZqGnDqCyq0,"{""isSpecified"": false, ""value"": """"}"
o42n3f7wws,,kamigata-expo-park-fes-2026,2026-10-31,,[大阪府] 万博記念公園,electronic,female,同時入場,K⭐️,5.0,,番手,2026-09-27 02:01:12,public_alias_observed,2026-09-28 00:02:52,,,listing,1,20000,"3名義所持/４枚中3番手
なにわ名義(単番✖️2、２連✖️1)
(女性名義✖️2、男性名義✖️1)

・ドームスタンド上段✖️2
・アルファスタンド✖️1

初期当選/有効期限内/すり替えなし/下3桁提示可能/サイチェン可

＊公演中止以外の返金、キャンセル
（ランダムエラー、交通機関の遅延、演者の変更等）の対応はいたしかねますので、ご了承ください。　公演中止の場合は定価分のみ返金致します。
＊指定ブロックや整番に関するクレームはお受けすることできません。お取引成立後のキャンセルされる場合は、受け取り評価していただきます。
＊こちらの名義全て過去トラブルなしの名義となりますので、ランダムエラーで万が一入場できない場合も受け取り評価をしていただきます。返金不可。
＊当日入場後は一度チケットをお預かりします。こちらが整番確認後にチケットを順に選んでいただきます。その際に受取評価お願い致します。
＊お渡し後はサイチェンしていただいて構いません。(慣れている方のみ。うまくしてください。)
＊入場時身分証をお預かりさせていただく場合がございます。チケットと引き換えに返却いたします。ご了承ください。

＊日本語のわかる女性のみお取引よろしくお願いいまします。

＊ご購入が決まればプラベルに変更致します",True,g59wnzesa2,2026-09-26 02:01:13,alias,2026-09-28 01:05:18,2026-09-28 01:12:46,public_detail,False,public_detail,active,"3名義所持/４枚中3番手
なにわ名義(単番✖️2、２連✖️1)
(女性名義✖️2、男性名義✖️1)

・ドームスタンド上段✖️2
・アルファスタンド✖️1

初...",public_detail,2026-09-28 00:15:34,True,2026-09-28 00:15:34,1Cl2VvDmJVZqGnDqCyq0,"{""isSpecified"": false, ""value"": """"}"
y3qbar5m6z,,kamigata-expo-park-fes-2026,2026-10-31,,[大阪府] 万博記念公園,electronic,female,同行,Me_7teor,5.0,,番手,2026-09-27 02:01:12,public_alias_observed,2026-09-28 00:02:52,,,listing,2,0,"5名義中2番手
初期当選/有効期限内/すり替えなし/下三桁提示可能

ランダムエラー、出演者変更、体調不良、交通機関の乱れなどの如何なる理由により入場できなかった場合でも受け取り通知をして頂きます。購入後のクレームについては一切受け付けませんのでご了承ください。

当日8:30入場可能な方のみでお願い致します。
",True,tqvn64al1h,2026-09-26 02:01:13,alias,2026-09-28 01:05:19,2026-09-28 01:12:46,public_detail,True,on_request,active,"5名義中2番手
初期当選/有効期限内/すり替えなし/下三桁提示可能

ランダムエラー、出演者変更、体調不良、交通機関の乱れなどの如何なる理由により入場できなかっ...",public_detail,2026-09-28 00:14:48,True,2026-09-28 00:14:48,1Cl2VvDmJVZqGnDqCyq0,"{""isSpecified"": false, ""value"": """"}"
zvtrw3n4qi,,kamigata-expo-park-fes-2026,2026-10-31,,[大阪府] 万博記念公園,electronic,female,公演日前日までにQRコード共有,m,5.0,,QR,2026-09-27 02:01:12,public_alias_observed,2026-09-28 00:02:52,,,listing,1,35000,"QRごと/Aぇ名義（2026ツアー落選名義）/有効期限内/下3桁開示可
公演前日にマイページにてログイン情報をお伝え致します。入場後は速やかにログアウト及び受け取り評価をお願いします。
本人確認やランダムエラー等で入場ができなかった場合でも受け取り評価はしていただき、返金対応はできかねます。
全ての記載事項を許諾の上、成人済みの日本人の方のみご購入をよろしくお願い致します。",True,7z32bw8fry,2026-09-26 02:01:13,alias,2026-09-28 01:05:20,2026-09-28 01:12:46,public_detail,False,public_detail,active,"QRごと/Aぇ名義（2026ツアー落選名義）/有効期限内/下3桁開示可
公演前日にマイページにてログイン情報をお伝え致します。入場後は速やかにログアウト及び受け...",public_detail,2026-09-28 00:15:17,True,2026-09-28 00:15:17,1Cl2VvDmJVZqGnDqCyq0,"{""isSpecified"": false, ""value"": """"}"
2dehuzg6om,,kamigata-expo-park-fes-2026,2026-10-31,,[大阪府] 万博記念公園,electronic,female,2名義中2番手,a,5.0,,番手,2026-09-27 02:01:12,public_alias_observed,2026-09-28 00:02:52,,,listing,2,20000,"【2名義中2番手】/初期当選/該当名義/有効期限内/変更ボタンあり/重複すり替えなし/下3桁提示可

※~8:30前集合可能な方のみご購入下さい※

当日の集合時間、場所等に関しましては公演が近くなり次第、または詳細が発表され次第、連絡ボードにてご連絡させていただきます。

待ち合わせ後、同時入場していただきます。その後一旦全てのチケットを回収し、こちらがチケットを選んだ後に残りのチケットをお渡しいたしますのでお選びはいただけません。また、ブロック選択までにお時間をいただく可能性がございますのでご了承ください。

集合後に発送通知をいたしますので、チケットお渡し後は速やかに受取通知をお願いいたします。

*  注意事項
・座席確認中の同行は不可のため、ご連絡するまでは別場所でご待機ください。(中でのご連絡手段として当日お電話番号を伺う場合がございます。)
・待ち合わせ時間に10分以上遅刻される場合は如何なる理由であっても買い手様の到着を待たずに先に入場させて頂きます。その場合も必ず受け取り評価をして頂きますので、時間に余裕を持って来られる方のみご購入ください。
・当選歴や当選画面などfcサイトのスクショの提示は悪用防止のため致しかねます。
・座席に関するクレームは一切承りませんのでご了承ください。
・体調不良、ランダムエラー、本人確認等、公演中止以外での返金は出演者変更などのいかなる場合もいたしかねます。公演中止の際のみ手数料を差し引いた金額を返金致します。
・当日までこまめに連絡が取れる方、日本語が通じる方のみご購入ください。
・録音録画等名義を潰される行為を一切しない方、必ず公演
・マナーを守れる方のみご購入ください。
・ ご購入された時点で上記の注意事項に全て同意したものとみなします。


",True,qnkgpsewxb,2026-09-26 02:01:13,alias,2026-09-28 01:05:20,2026-09-28 01:12:46,public_detail,False,public_detail,active,"【2名義中2番手】/初期当選/該当名義/有効期限内/変更ボタンあり/重複すり替えなし/下3桁提示可

※~8:30前集合可能な方のみご購入下さい※

当日の集合...",public_detail,2026-09-28 00:15:37,True,2026-09-28 00:15:37,1Cl2VvDmJVZqGnDqCyq0,"{""isSpecified"": false, ""value"": """"}"
rd0saa3xb9,,kamigata-expo-park-fes-2026,2026-10-31,,[大阪府] 万博記念公園,electronic,female,同行,そ。,5.0,,同行,2026-09-27 02:01:12,public_alias_observed,2026-09-28 00:02:52,,,listing,1,32000,"当方の同行者枠/初期当選/すり替えなし/下3桁提示可/有効期限内/Aぇ×Aぇ名義

・入場後は速やかに受け取り通知をお願いいたします。
・座席に関するクレームは一切お受けできません。
・交通機関の遅延、ランダムエラー、本人確認等で入場できない場合や体調不良・出演者変更等のキャンセルは一切お受けできません。
・公演中止の際は手数料を引いた金額を返金させていただきます。
公演中止以外の返金対応いたしません。

上記ご理解頂けた成人済み日本人女性の方のみ、ご購入をお願いいたします。",True,mlv0i3zoll,2026-09-26 02:01:13,alias,2026-09-28 01:05:21,2026-09-28 01:12:46,public_detail,False,public_detail,active,"当方の同行者枠/初期当選/すり替えなし/下3桁提示可/有効期限内/Aぇ×Aぇ名義

・入場後は速やかに受け取り通知をお願いいたします。
・座席に関するクレームは...",public_detail,2026-09-28 00:15:08,True,2026-09-28 00:15:08,1Cl2VvDmJVZqGnDqCyq0,"{""isSpecified"": false, ""value"": """"}"
xbig01liq4,,kamigata-expo-park-fes-2026,2026-10-31,,[大阪府] 万博記念公園,electronic,female,同行,り,5.0,,,2026-09-27 02:01:12,public_alias_observed,2026-09-28 00:02:52,,,listing,2,50000,"7名義中3番手
初期当選/なにわ名義×情報局該当名義/有効期限内/すり替えなし/下三桁提示可能

ランダムエラー、出演者変更、体調不良、交通機関の乱れなどの如何なる理由により入場できなかった場合でも受け取り通知をして頂きます。購入後のクレームについては一切受け付けませんのでご了承ください。

当日8:30入場可能な方のみでお願いいたします。",True,xrfq2ooqdv,2026-09-26 02:01:13,alias,2026-09-28 01:05:21,2026-09-28 01:12:46,public_detail,False,public_detail,active,"7名義中3番手
初期当選/なにわ名義×情報局該当名義/有効期限内/すり替えなし/下三桁提示可能

ランダムエラー、出演者変更、体調不良、交通機関の乱れなどの如何...",public_detail,2026-09-28 00:15:01,True,2026-09-28 00:15:01,1Cl2VvDmJVZqGnDqCyq0,"{""isSpecified"": true, ""value"": "" \u5e2d\u7a2e\u672a\u5b9a""}"
wfj21p88go,,kamigata-expo-park-fes-2026,2026-10-31,,[大阪府] 万博記念公園,electronic,female,前日ログイン情報お伝え,m,5.0,,QR,2026-09-27 02:01:12,public_alias_observed,2026-09-28 00:02:52,,,listing,1,50000,重複すり替えなし、aぇ group名義、QR毎のお譲り、昨年スタンド名義(最終当選歴のため今年は落選)、下3桁お伝え可能、エラーなし、有効期限内名義、初期当選、ペイジー払い。同意チェックはログイン情報お伝え後にご自身でお願いします。中止以外如何なる場合でも返金不可。入場後すぐに受け取り連絡、ログアウトして下さい。,True,cheuda4c93,2026-09-26 02:01:13,alias,2026-09-28 01:05:21,2026-09-28 01:12:46,public_detail,False,public_detail,active,重複すり替えなし、aぇ group名義、QR毎のお譲り、昨年スタンド名義(最終当選歴のため今年は落選)、下3桁お伝え可能、エラーなし、有効期限内名義、初期当選、...,public_detail,2026-09-28 00:15:48,True,2026-09-28 00:15:48,1Cl2VvDmJVZqGnDqCyq0,"{""isSpecified"": false, ""value"": """"}"
d0013rcw4v,,kamigata-expo-park-fes-2026,2026-10-31,,[大阪府] 万博記念公園,electronic,female,同行,さ,5.0,,番手,2026-09-27 02:01:12,public_alias_observed,2026-09-28 00:02:52,,,listing,2,28000,"ファンクラブ先行 Aぇ名義 座席未定
 2名義中2番手 下3桁提示可 初期当選
有効期限内 着ブロ指定なし
公演当日、会場付近にて集合し同時入場して頂きます。
詳細は連絡ボードにてご連絡させて頂きます。
お連れ様と別々に入場して頂きますが必ず連番でチケットをお渡し致します。
入場後チケットを一度回収し、当方が選ばなかった2連をお渡し致します。
座席選択の際、数分お時間を頂く可能性がございますのでご了承ください。

公演当日のランダムエラー、本人確認等、公演中止以外での如何なる場合でも返金は致しません。公演中止の場合のみ手数料を差し引いた金額を返金させていただきます。
チケット受け取り次第、速やかに受け取り連絡をお願い致します。
座席未定の為、座席に関するクレームは一切お受けできません。
",True,tj4w9ykvqx,2026-09-26 02:01:13,alias,2026-09-28 01:05:22,2026-09-28 01:12:46,public_detail,False,public_detail,active,"ファンクラブ先行 Aぇ名義 座席未定
 2名義中2番手 下3桁提示可 初期当選
有効期限内 着ブロ指定なし
公演当日、会場付近にて集合し同時入場して頂きます。...",public_detail,2026-09-28 00:15:10,True,2026-09-28 00:15:10,1Cl2VvDmJVZqGnDqCyq0,"{""isSpecified"": false, ""value"": """"}"
2id99qbaj0,,kamigata-expo-park-fes-2026,2026-10-31,,[大阪府] 万博記念公園,electronic,female,同行,r,4.5,,番手,2026-09-27 02:01:12,public_alias_observed,2026-09-28 00:02:52,,,listing,2,45000,"2名義中2番手/初期当選/下3桁提示可
プラベルへの移行可能です。
公演当日会場付近で開場時間30分前を目安に待ち合わせし、同時入場していただきます。
詳しい待ち合わせ時間・場所等は、ご入金後にマイページの連絡ボードでお知らせします。

・入場後こちらで全てのチケットやリストバンドなどを回収し、座席選択させていただきますので、ご購入者様にて座席の選択はできません
・座席選択にお時間をいただきますが、開演5分前までにチケットをお渡しします
・代理購入はトラブル防止のためご遠慮ください
・チケット持ち逃げ防止のため、一時的に公的身分証をお預かりする可能性がございます
・入場時はこちらで指定する他の方との入場をお願いすることがございます
・当日はログイン情報をお伝えし、ご購入者様の端末で入場していただく可能性がございますので、ご協力をお願いいたします
・チケットをお渡しする際にその場で受け取り連絡をお願いします
・待ち合わせ時間に遅れた場合は先に入場させていただきます
・当日の体調不良やランダムエラー等で入場できなかった場合の返金及びキャンセルは致しかねますので、必ず受取連絡をしていただきますようお願いいたします
・公演中止の場合は、手数料を差し引いた金額を返金します
・お席等に関するクレームは一切受け付けません

上記内容をすべてご理解・ご承諾いただける20歳以上の日本人女性、かつ日本語で意思疎通が可能な方のみご購入ください。",True,6b92clt6xm,2026-09-26 02:01:13,alias,2026-09-28 01:05:22,2026-09-28 01:12:46,public_detail,False,public_detail,active,"2名義中2番手/初期当選/下3桁提示可
プラベルへの移行可能です。
公演当日会場付近で開場時間30分前を目安に待ち合わせし、同時入場していただきます。
詳しい待...",public_detail,2026-09-28 00:15:17,True,2026-09-28 00:15:17,1Cl2VvDmJVZqGnDqCyq0,"{""isSpecified"": false, ""value"": """"}"
x2m68t0juz,,kamigata-expo-park-fes-2026,2026-10-31,,[大阪府] 万博記念公園,electronic,female,3名義中3番手,m,5.0,,番手,2026-09-27 02:01:12,public_alias_observed,2026-09-28 00:02:52,,,listing,2,28000,"3名義中3番手/初期当選のみ/Jr該当×Aぇのみ/すり替えなし/下3桁提示可/有効期限内名義/発送物戻りなし

当日は、会場付近で集合し同時入場いたします。
未発表な部分が多く確定ではないですが、開場時間の8:30より前の集合を予定しております。
入場後チケットを一度回収し、当方が選ばなかったチケットの中からお選びいただきます。
チケットお渡し時に必ず受取通知をお願いいたします。

公演中止の場合は手数料を差し引いた金額を返金いたしますが、体調不良・本人確認やシステムエラーなどで入場できなかった場合でも返金は致しかねます。
座席等のクレームは一切お受けできません。
トラブル防止のため代理購入はご遠慮ください。

上記すべてご了承いただける、20歳以上の日本語で会話ができる女性のみご購入お願いいたします。",True,d3o48ar1s7,2026-09-26 02:01:13,alias,2026-09-28 01:05:22,2026-09-28 01:12:46,public_detail,False,public_detail,active,"3名義中3番手/初期当選のみ/Jr該当×Aぇのみ/すり替えなし/下3桁提示可/有効期限内名義/発送物戻りなし

当日は、会場付近で集合し同時入場いたします。
未...",public_detail,2026-09-28 00:15:27,True,2026-09-28 00:15:27,1Cl2VvDmJVZqGnDqCyq0,"{""isSpecified"": false, ""value"": """"}"
cv062c09lz,,kamigata-expo-park-fes-2026,2026-10-31,,[大阪府] 万博記念公園,electronic,female,同行,R,5.0,,番手,2026-09-27 02:01:12,public_alias_observed,2026-09-28 00:02:52,,,listing,1,24000,"初期当選/2名義中2番手/有効期限名義のみ/なにわ、EIGHT名義/すり替えなし/下3桁提示可能/発送物戻りあり名義(入場歴ありエラーなし)含むためお安くしております。
10時ごろ入場予定

・入場後はチケットを一旦回収し、当方が選択しなかったチケットをお渡しします。チケットを選ぶのにお時間がかかる場合がございますのでご理解ください。

・電波環境が悪い場合がございますので事前に電話番号を伺うことがございますので、ご了承ください。

・本人確認やランダムエラーでは返金いたしますが、
購入者様の遅刻、体調不良、公演中止以外での返金は一切いたしかねます。そのような場合でも必ず受取連絡はして頂きますのでご了承ください。

・当日お席に関するクレームは受け付けません。

・受取連絡と引き換えでチケットをお渡しいたします。

・日本語の通じる女性のみご購入ください。ご購入いただいた時点で記載事項に同意いただいたものとみなします。

エラーの際はご返金いたします。",True,ffcnbjjd35,2026-09-26 02:01:13,alias,2026-09-28 01:05:23,2026-09-28 01:12:46,public_detail,False,public_detail,active,初期当選/2名義中2番手/有効期限名義のみ/なにわ、EIGHT名義/すり替えなし/下3桁提示可能/発送物戻りあり名義(入場歴ありエラーなし)含むためお安くしてお...,public_detail,2026-09-28 00:14:50,True,2026-09-28 00:14:50,1Cl2VvDmJVZqGnDqCyq0,"{""isSpecified"": true, ""value"": ""2\u540d\u7fa9\u4e2d2\u756a\u624b""}"
637pcsh97u,,kamigata-expo-park-fes-2026,2026-10-31,,[大阪府] 万博記念公園,electronic,female,同時入場、2名義中2番手,あ,5.0,,番手 / 同行,2026-09-27 02:01:12,public_alias_observed,2026-09-28 00:02:52,,,listing,2,23000,"2名義中2番手

プラベル出品可

初期当選/有効期限名義のみ/なにわ×なにわ 2名義/下3桁提示可/返送物戻り無し

開場時間前の集合を考えております。
・入場後はチケットを一旦回収し、当方が選ばなかったチケットをお渡し致します。チケットを選ぶのにお時間がかかる場合がございますのでご理解ください。

・電波環境が悪い場合がございますので事前に電話番号を伺うことがございますので、ご了承ください。

・当日買い手様の遅刻、購入者様の体調不良により入場できなかった場合、本人確認、入場時のランダムエラーや入場エラ一、座席などへのクレームでの返金は一切致しかねます。また、公演中止以外のキャンセルは一切受け付けません。そのような場合でも必ず受取連絡はして頂きますのでご了承ください。

・チケットをお渡しさせて頂く際に、必ず受取連絡をお願い致します。受取連絡をして頂いた時点でお取引が問題なく完了したこととみなし、それ以降のクレーム等は受け付けません。ご購入はいかなる場合も返金、キャンセル処理は致しません。ご了承ください。

・必ず上記事項にご理解頂けた方、日本人女性の方のみご購入お願い致します。公演中止の際には手数料を差し引いた金額を返金します。
",True,l2mjil44uf,2026-09-26 02:01:13,alias,2026-09-28 01:05:23,2026-09-28 01:12:46,public_detail,False,public_detail,active,"2名義中2番手

プラベル出品可

初期当選/有効期限名義のみ/なにわ×なにわ 2名義/下3桁提示可/返送物戻り無し

開場時間前の集合を考えております。
・入...",public_detail,2026-09-28 00:15:45,True,2026-09-28 00:15:45,1Cl2VvDmJVZqGnDqCyq0,"{""isSpecified"": false, ""value"": """"}"
681sz2aav4,,kamigata-expo-park-fes-2026,2026-11-01,,[大阪府] 万博記念公園,electronic,female,2名義中2番手,麻辣,5.0,,番手,2026-09-27 02:01:12,public_alias_observed,2026-09-28 00:02:52,,,listing,2,29000,"2名義中2番手
名義・同行者共にAぇFC会員
当日当方の指定した場所時間に集合し、同時入場当方が選ばなかった方のチケットをお渡しいたします。集合時間や場所は前日までにご連絡いたします。

過去スタンド後列当選名義✖️2",True,yi18ojm0dd,2026-09-26 02:01:13,alias,2026-09-28 01:05:24,2026-09-28 01:12:46,public_detail,False,public_detail,active,"2名義中2番手
名義・同行者共にAぇFC会員
当日当方の指定した場所時間に集合し、同時入場当方が選ばなかった方のチケットをお渡しいたします。集合時間や場所は前日...",public_detail,2026-09-28 00:15:47,True,2026-09-28 00:15:47,1Cl2VvDmJVZqGnDqCyq0,"{""isSpecified"": false, ""value"": """"}"
2f5v5z4l8d,,kamigata-expo-park-fes-2026,2026-11-01,,[大阪府] 万博記念公園,electronic,female,公演前日ログイン情報共有,星,5.0,,QR,2026-09-27 02:01:12,public_alias_observed,2026-09-28 00:02:52,,,listing,1,45000,"SUPER EIGHT名義／初期当選／QRごと／会員番号下3桁提示可／有効期限内／発送物戻りなし

※プラベルor特別出品にて再度出品いたしますので、お取引希望の方はメッセージにてご連絡ください。
・購入後すぐに下3桁ご提示いたします。
・公演前日にログイン情報をお伝えします。
・個人情報ページを見たり、情報を変更したりすることは厳禁です。
・入場後は開演までに必ずログアウトしていただき、即受取確認をお願いいたします。
・体調不良、ランダムエラー、特定メンバーの欠席など、公演中止以外のいかなる場合でも返金は不可です。
上記全てご理解頂ける方のみご購入お願いいたします。",True,0wb27f3crd,2026-09-26 02:01:13,alias,2026-09-28 01:05:24,2026-09-28 01:12:46,public_detail,False,public_detail,active,"SUPER EIGHT名義／初期当選／QRごと／会員番号下3桁提示可／有効期限内／発送物戻りなし

※プラベルor特別出品にて再度出品いたしますので、お取引希望...",public_detail,2026-09-28 00:15:51,True,2026-09-28 00:15:51,1Cl2VvDmJVZqGnDqCyq0,"{""isSpecified"": false, ""value"": """"}"
f5w1xtjbvz,,kamigata-expo-park-fes-2026,2026-11-01,,[大阪府] 万博記念公園,electronic,female,公演日2日前にログイン情報共有,ᡣ𐭩,5.0,,QR,2026-09-27 02:01:12,public_alias_observed,2026-09-28 00:02:52,,,listing,1,67000,"なにわ名義/初期当選/有効期限内/発送物戻り無/同一クレカ無し

公演前日に必要な情報等を連絡ボードにてお知らせ致します。同意チェックは購入者様ご自身でお願い致します。

プラベル可能な方。
公演当日入場後は速やかにログアウトして頂き、必ず開演時間までに受け取り通知をお願い致します。

座席に関するクレーム等は一切受け付けません。公演中止を除き交通機関遅れ、体調不良等購入者様都合の事情、ランダムエラー等如何なる場合も返金致しません。お取引成立後は如何なる場合も必ず受け取り通知を完了して頂きますのでご了承下さい。取引成立後の取引キャンセルも承る事が出来ないのでご了承下さい。上記の場合も必ず受け取り評価は行って頂きます。

ご購入は上記を了承した上で日本語の理解出来る、成人済み日本人の方でお願い致します。",True,g0zi1u6wb9,2026-09-26 02:01:13,alias,2026-09-28 01:05:25,2026-09-28 01:12:46,public_detail,False,public_detail,active,"なにわ名義/初期当選/有効期限内/発送物戻り無/同一クレカ無し

公演前日に必要な情報等を連絡ボードにてお知らせ致します。同意チェックは購入者様ご自身でお願い致...",public_detail,2026-09-28 00:15:25,True,2026-09-28 00:15:25,1Cl2VvDmJVZqGnDqCyq0,"{""isSpecified"": false, ""value"": """"}"
y0530ciwql,,kamigata-expo-park-fes-2026,2026-11-01,,[大阪府] 万博記念公園,electronic,female,公演日前日までにログイン情報共有,ぴ,5.0,,QR,2026-09-27 02:01:12,public_alias_observed,2026-09-28 00:02:52,,,listing,1,25000,"なにわ名義/条件なし/QRごと/すり替えなし会員番号下3桁開示可/初期当選/有効期限内/郵送物戻りなし

公演日の前日にログイン情報をお伝えします。

ログイン情報は他の方にお伝えせずご入場者様のみの管理でお願い致します。
ご購入いただきました時点で下3桁をお送りいたします。

重複売り疑いを防止のため、
当日QR表示のための名義人同意チェックは買い手様にてお願いしております。

入場後、開演時間までにログアウト、受け取り連絡をお願い致します。

座席は当日発券するまで未定です。
座席に関するクレームも一切受け付けません。

 入場時のランダムエラーや本人確認、同行者登録の誤操作等により入場できない場合も含め、
如何なる理由でも受け取りをしていただき、
買い手様都合のキャンセル・返金対応致しかねますのでご了承ください。

上記の内容をご了承いただける方のみご購入をお願い致します。トラブル防止のため代理購入はお控え下さい。",True,aws2qh4w14,2026-09-26 02:01:13,alias,2026-09-28 01:05:25,2026-09-28 01:12:46,public_detail,False,public_detail,active,"なにわ名義/条件なし/QRごと/すり替えなし会員番号下3桁開示可/初期当選/有効期限内/郵送物戻りなし

公演日の前日にログイン情報をお伝えします。

ログイン...",public_detail,2026-09-28 00:14:28,True,2026-09-28 00:14:28,1Cl2VvDmJVZqGnDqCyq0,"{""isSpecified"": false, ""value"": """"}"
phaw8zdxle,,kamigata-expo-park-fes-2026,2026-11-01,,[大阪府] 万博記念公園,electronic,none,3名義中3番手,で,5.0,,同行 / 番手,2026-09-27 02:01:12,public_alias_observed,2026-09-28 00:02:52,,,listing,1,25000,"3名義中3番手/全て単番/初期当選/ジュニア情報局先行 該当名義/変更ボタンあり/有効期限内/すり替えなし/下3桁提示可

8:30前集合可能な方のみご購入下さい。
状況次第では8時半以降の集合になる可能性もございます。
当日の集合時間に関しましては公演が近くなり次第、または詳細が発表され次第、連絡ボードにてご連絡させていただきます。

待ち合わせ後、同時入場していただきます。その後一旦チケットを回収し1.2番手がチケットを選んだ後にチケットをお渡しいたしますのでお選びはいただけません。また、ブロック選択までにお時間をいただく可能性がございますのでご了承ください。
集合時に持ち逃げ防止のため身分証をお預かりしますので必ずお持ち下さい。

集合後に発送通知をいたしますので、チケットお渡し後は速やかに受取通知をお願いいたします。

買い手様の端末をお借りしQR表示にご協力いただく場合がございます。必ずQR表示可能な端末をお持ち下さい。
当日または前日までに電話番号をお聞きする可能性がございますので対応できる方のみ購入して下さい。
待ち合わせ時間に遅刻される場合は如何なる理由であっても買い手様の到着を待たずに先に入場させて頂きます。その場合も必ず受け取り評価をして頂きますので、時間に余裕を持って来られる方のみご購入ください。
座席に関するクレームは一切承りませんのでご了承ください。
体調不良、ランダムエラー、本人確認等、公演中止以外での返金は出演者変更などのいかなる場合もいたしかねます。公演中止の際のみ手数料を差し引いた金額を返金致します。
当日までこまめに連絡が取れる方、日本語が通じる方のみご購入ください。
サイチェン等して頂いて構いませんが名義を傷つける行為はおやめ下さい。
ご購入された時点で上記の注意事項に全て同意したものとみなします。
",True,j87zkewis6,2026-09-26 02:01:13,alias,2026-09-28 01:05:26,2026-09-28 01:12:46,public_detail,False,public_detail,active,"3名義中3番手/全て単番/初期当選/ジュニア情報局先行 該当名義/変更ボタンあり/有効期限内/すり替えなし/下3桁提示可

8:30前集合可能な方のみご購入下さ...",public_detail,2026-09-28 00:15:03,True,2026-09-28 00:15:03,1Cl2VvDmJVZqGnDqCyq0,"{""isSpecified"": false, ""value"": """"}"
p7xaimjxyc,,kamigata-expo-park-fes-2026,2026-11-01,,[大阪府] 万博記念公園,electronic,female,5名義中4番手,え,5.0,,同行 / 番手,2026-09-27 02:01:12,public_alias_observed,2026-09-28 00:02:52,,,listing,2,22000,"FC・情報局先行/有効期限内/5名義中4番手/すり替えなし/下3桁提示可

開場時間の8:30入場の可能性があります。
会場付近にて待ち合わせし同時入場していただきます。
詳しい集合場所、時間等につきましては後日 連絡ボードにて連絡させていただきます。 座席に関するクレームは一切受け付けません。
キャリーケース等大きな荷物は事前に預けた状態でお越しください。 
QRごとでのお譲りになる可能性もございます。整番等入場方法が定かではないため柔軟に対応していただける方のご購入をお願いいたします。
 入場後発送通知を行いますのでチケット受取後、 速やかに受取通知して頂きますようお願いします。
  遅刻や体調不良、本人確認、システムエラーやランダムエラー等、主催者側による公演中止以外でのキャンセル・返金対応はいかなる理由でも致しません。  
遅刻された場合は先に入場させていただきますが、受取評価はしていただきます。 
上記をご確認頂き、日本語でスムーズにご連絡の取れる方のみご購入下さい。代理購入はご遠慮下さい。",True,aamijpviko,2026-09-26 02:01:13,alias,2026-09-28 01:05:26,2026-09-28 01:12:46,public_detail,False,public_detail,active,"FC・情報局先行/有効期限内/5名義中4番手/すり替えなし/下3桁提示可

開場時間の8:30入場の可能性があります。
会場付近にて待ち合わせし同時入場していた...",public_detail,2026-09-28 00:15:42,True,2026-09-28 00:15:42,1Cl2VvDmJVZqGnDqCyq0,"{""isSpecified"": false, ""value"": """"}"
ssq28kwl88,,kamigata-expo-park-fes-2026,2026-11-01,,[大阪府] 万博記念公園,electronic,female,公演前日にログイン情報共有,14,5.0,,QR,2026-09-27 02:01:12,public_alias_observed,2026-09-28 00:02:52,,,listing,2,35000,"WEST.名義//QRごと/すり替えなし会員番号下3桁開示可/初期当選/有効期限内

公演日の前日にログイン情報をお伝えします。

ログイン情報は他の方にお伝えせずご入場者様のみの管理でお願い致します。
ご購入いただきました時点で下3桁をお送りいたします。

重複売り疑いを防止のため、
当日QR表示のための名義人同意チェックは買い手様にてお願いしております。

入場後、開演時間までにログアウト、受け取り連絡をお願い致します。

座席は当日発券するまで未定です。
座席に関するクレームも一切受け付けません。

 入場時のランダムエラーや本人確認、同行者登録の誤操作等により入場できない場合も含め、
如何なる理由でも受け取りをしていただき、
買い手様都合のキャンセル・返金対応致しかねますのでご了承ください。

上記の内容をご了承いただける方のみご購入をお願い致します。トラブル防止のため代理購入はお控え下さい。
",True,k7qc4ysx03,2026-09-26 02:01:13,alias,2026-09-28 01:05:27,2026-09-28 01:12:46,public_detail,False,public_detail,active,"WEST.名義//QRごと/すり替えなし会員番号下3桁開示可/初期当選/有効期限内

公演日の前日にログイン情報をお伝えします。

ログイン情報は他の方にお伝え...",public_detail,2026-09-28 00:15:25,True,2026-09-28 00:15:25,1Cl2VvDmJVZqGnDqCyq0,"{""isSpecified"": false, ""value"": """"}"
ln82fj03qs,,kamigata-expo-park-fes-2026,2026-11-01,,[大阪府] 万博記念公園,electronic,female,同行,あ,5.0,,番手,2026-09-27 02:01:12,public_alias_observed,2026-09-28 00:02:52,,,listing,1,50000,"2名義中1番手（当方と同行のため大橋、真弓担不可）全てなにわ名義
購入希望の方、プラベ出品にするのでメッセージ下さい。プラベルでのお取引も可能。
全て初期当選/すり替えなし/下3桁提示可能/有効期限内／サイチェン可
前日の夜までに集合時間と場所をお伝えしますので、時間厳守でお集まり下さい。万が一遅刻された場合先に入場致しますがその場合でも受取連絡して頂きます。
入場後はチケットを一度回収させて頂き、こちらで座席を選ばせて頂いた後に残りのチケットからお好きな座席をお選びいただきます。
入場時、代表者として入場していただく可能性がございます。その際は、一度スマホをお借りし、ログイン情報を入力させていただきますのでご了承いただける方のみご購入お願いいたします。
公演中止以外のキャンセル、返金等は出来かねますのでご了承いただける方のみご購入お願いいたします。

",True,mt7bl12eot,2026-09-26 02:01:13,alias,2026-09-28 01:05:27,2026-09-28 01:12:46,public_detail,False,public_detail,active,"2名義中1番手（当方と同行のため大橋、真弓担不可）全てなにわ名義
購入希望の方、プラベ出品にするのでメッセージ下さい。プラベルでのお取引も可能。
全て初期当選/...",public_detail,2026-09-28 00:15:29,True,2026-09-28 00:15:29,1Cl2VvDmJVZqGnDqCyq0,"{""isSpecified"": true, ""value"": ""\u5ea7\u5e2d\u672a\u5b9a""}"
8fiv2vs3n4,,kamigata-expo-park-fes-2026,2026-11-01,,[大阪府] 万博記念公園,paper,female,当日手渡し,🌟,5.0,,番手,2026-09-27 02:01:12,public_alias_observed,2026-09-28 00:02:52,,,listing,2,25555,"🌸 お値下げ可能なのでご希望額ご連絡ください🌸

ファンクラブ先行/初期当選/有効期限内/コンビニ決済済

2名義中2番手
（Aぇ✖️Aぇ、なにわ✖️なにわ 2名義ともに直近のツアー落選しています。）

公演当日 会場付近にて待ち合わせし、同時入場していただきます。
開場時間まで集合場所に来られない場合はキャンセルとさせていただきます。
その場合、どのような理由であっても受け取り連絡は行っていただきますので、お時間には余裕をもってお越しください。
詳しい待ち合わせ時間・場所等は、ご入金後にお知らせいたします。

また公演中止の場合のみ返金いたします。
それ以外のQRエラーや体調不良、本人確認等の公演中止以外の理由で入場できなかった場合でも受け取り連絡を行っていただきます。

チケットお渡し後は自由にお取引していただいて構いません◎

ご検討よろしくお願いいたします。
",True,1huoqtksqr,2026-09-26 02:01:13,alias,2026-09-28 01:05:27,2026-09-28 01:12:46,public_detail,False,public_detail,active,"🌸 お値下げ可能なのでご希望額ご連絡ください🌸

ファンクラブ先行/初期当選/有効期限内/コンビニ決済済

2名義中2番手
（Aぇ✖️Aぇ、なにわ✖️なにわ...",public_detail,2026-09-28 00:14:53,True,2026-09-28 00:14:53,1Cl2VvDmJVZqGnDqCyq0,"{""isSpecified"": false, ""value"": """"}"
7c1k9942jq,,kamigata-expo-park-fes-2026,2026-11-01,,[大阪府] 万博記念公園,electronic,female,QRごと　重複　すり替えなし,みかん,5.0,,QR,2026-09-27 02:01:12,public_alias_observed,2026-09-28 00:02:52,,,listing,1,30000,"なにわ男子名義
前日になりましたらログイン情報ご提示します。
買い手様で同意チェックして入場してください。
本人確認、ランダムエラー対応はできません。",True,a0z3wt6484,2026-09-26 02:01:13,alias,2026-09-28 01:05:27,2026-09-28 01:12:46,public_detail,False,public_detail,active,"なにわ男子名義
前日になりましたらログイン情報ご提示します。
買い手様で同意チェックして入場してください。
本人確認、ランダムエラー対応はできません。",public_detail,2026-09-28 00:15:09,True,2026-09-28 00:15:09,1Cl2VvDmJVZqGnDqCyq0,"{""isSpecified"": false, ""value"": """"}"
436p33nwke,,kamigata-expo-park-fes-2026,2026-11-01,,[大阪府] 万博記念公園,electronic,female,QR毎、前日にログイン情報共有,みい,5.0,,QR,2026-09-27 02:01:12,public_alias_observed,2026-09-28 00:02:52,,,listing,2,28000,"なにわ男子名義 /QR毎/重複すり替えなし/下3桁提示可能/初期当選/有効期限内

ランダムエラーや本人確認、体調不良や出演者の変更等、いかなる場合であっても受取り評価をしていただきます。

公演中止の場合のみ返金します。

入場後は速やかにログアウトと、受取り評価をお願いいたします。",True,n3jq0h7zz3,2026-09-26 02:01:13,alias,2026-09-28 01:05:28,2026-09-28 01:12:46,public_detail,False,public_detail,active,"なにわ男子名義 /QR毎/重複すり替えなし/下3桁提示可能/初期当選/有効期限内

ランダムエラーや本人確認、体調不良や出演者の変更等、いかなる場合であっても受...",public_detail,2026-09-28 00:15:38,True,2026-09-28 00:15:38,1Cl2VvDmJVZqGnDqCyq0,"{""isSpecified"": false, ""value"": """"}"
fqe81bijmu,,kamigata-expo-park-fes-2026,2026-11-01,,[大阪府] 万博記念公園,electronic,female,同行,ゆあ,5.0,,同行 / 番手,2026-09-27 02:01:12,public_alias_observed,2026-09-28 00:02:52,,,listing,2,28000,"初期当選/3名義中3番手/すり替え無し/下3桁提示可/有効期限内

★代表者・同行者共になにわ男子FCで登録済み
不備名義なし

※公式にて「TAKOYAKI STAGEはスタンディング・ブロック指定です」との表記がございます為、入場の際に発券されたチケットに指定のブロックが記載しているかと思われます。

※入場時間はまだ未定ですので、8:30〜12:00の間のどの時間でもご対応いただける方のみご購入ください。

公演当日、指定した時間・集合場所に集まっていただき同時入場していただきます。
入場後、一度全てのチケットを回収させていただきチケットを選択後にお渡しいたします。
スタンディングの為、入場後は速やかにチケットをお渡しさせたいただきます。

チケット受け取り後は、速やかに受け取り連絡をお願いします。

2連でご購入の場合、別れて入場して頂くことがございますが、必ず連番のチケットをお渡しいたします。

集合時間や待ち合わせ場所につきましてはご入金後、公式から情報がで次第メッセージにてご連絡いたします。

交通機関の乱れや、電波が悪く集合できなかった等、いかなる場合でも遅刻された場合は先に入場させていただき、受け取り連絡は必ず行っていただきます。
お座席に関するクレームは一切お受けしておりません。
本人確認やランダムエラー、体調不良、遅刻等で会場に入れなかった場合でも、一切のキャンセルや返金対応は致しかねますので予めご了承ください。
公演中止の場合のみ、手数料を差し引いた金額を返金致します。

誠意を持って対応させていただきます。
",True,f4nf0caheo,2026-09-26 02:01:13,alias,2026-09-28 01:05:28,2026-09-28 01:12:46,public_detail,False,public_detail,active,"初期当選/3名義中3番手/すり替え無し/下3桁提示可/有効期限内

★代表者・同行者共になにわ男子FCで登録済み
不備名義なし

※公式にて「TAKOYAKI...",public_detail,2026-09-28 00:15:14,True,2026-09-28 00:15:14,1Cl2VvDmJVZqGnDqCyq0,"{""isSpecified"": true, ""value"": ""\u5ea7\u5e2d\u672a\u5b9a""}"
l8ff5hplig,,kamigata-expo-park-fes-2026,2026-11-01,,[大阪府] 万博記念公園,electronic,female,5名義中3番手,え,5.0,,番手,2026-09-27 02:01:12,public_alias_observed,2026-09-28 00:02:52,,,listing,2,30000,"FC.情報局先行/有効期限内/5名義中3番手/すり替えなし/下3桁提示可

開場時間の8:30入場の可能性があります。
会場付近にて待ち合わせし同時入場していただきます。
詳しい集合場所、時間等につきましては後日 連絡ボードにて連絡させていただきます。 座席に関するクレームは受付ません。
キャリーケース等大きな荷物は事前に預けた状態でお越しください。
QRごとでのお譲りになる可能性もございます。整番等入場方法が定かではないため柔軟に対応していただける方のご購入をお願いいたします。
 入場後発送通知を行いますのでチケット受取後、 速やかに受取通知して頂きますようお願いします。
  遅刻や体調不良、本人確認、システムエラーやランダムエラー等、主催者側による公演中止以外でのキャンセル・返金対応はいかなる理由でも致しません。  
遅刻された場合は先に入場させていただきますが、受取評価はしていただきます。 
上記をご確認頂き、日本語でスムーズにご連絡の取れる方のみご購入下さい。代理購入はご遠慮下さい。",True,rvnhlyijyu,2026-09-26 02:01:13,alias,2026-09-28 01:05:29,2026-09-28 01:12:46,public_detail,False,public_detail,active,"FC.情報局先行/有効期限内/5名義中3番手/すり替えなし/下3桁提示可

開場時間の8:30入場の可能性があります。
会場付近にて待ち合わせし同時入場していた...",public_detail,2026-09-28 00:15:40,True,2026-09-28 00:15:40,1Cl2VvDmJVZqGnDqCyq0,"{""isSpecified"": false, ""value"": """"}"
944h9nxvjd,,kamigata-expo-park-fes-2026,2026-11-01,,[大阪府] 万博記念公園,electronic,female,公演前日にログイン情報共有,h,5.0,,QR,2026-09-27 02:01:12,public_alias_observed,2026-09-28 00:02:52,,,listing,2,40000,"なにわFC×なにわFC
QR毎/FC初期当選/有効期限内/下三桁提示可

QR毎でのお譲りとなります。
同行者の同意チェックはこちらでいたしますので、代表者分のみお願いいたします。

前日にQR表示に必要な情報をお伝えいたします。
ログイン後QR表示に必要な操作以外はお控えください。
入場後は速やかにログアウトして頂き、受取連絡をお願いします。
体調不良、交通機関の遅延、出演者変更、本人確認、ランダムエラー等、如何なる場合でもキャンセルや返金は不可とさせて頂きます。
公演中止の場合に限り、手数料を差し引いた金額を返金いたします。
プラベルでのお取引も可能です。",True,4z8i6u16x9,2026-09-26 02:01:13,alias,2026-09-28 01:05:30,2026-09-28 01:12:46,public_detail,False,public_detail,active,"なにわFC×なにわFC
QR毎/FC初期当選/有効期限内/下三桁提示可

QR毎でのお譲りとなります。
同行者の同意チェックはこちらでいたしますので、代表者分の...",public_detail,2026-09-28 00:15:31,True,2026-09-28 00:15:31,1Cl2VvDmJVZqGnDqCyq0,"{""isSpecified"": false, ""value"": """"}"
rkhri8ocvq,,kamigata-expo-park-fes-2026,2026-11-01,,[大阪府] 万博記念公園,electronic,female,公演前日QRコード共有,M,5.0,,QR,2026-09-27 02:01:12,public_alias_observed,2026-09-28 00:02:52,,,listing,1,23950,"単番QR毎/エイト名義/下3桁提示可/初期当選/すり替え重複なし/有効期限内/郵便物戻りなし/着ブロ指定なし
ログイン情報は公演前日にお伝えします。
入場後は速やかにログアウト、受け取り通知をお願いいたします。 
公演中止の際に限り、手数料を差し引いた金額のみご返金させて頂きます。
プラベル可能な方は専用出品いたしますのでお声掛けください。",True,2nz5gofz6k,2026-09-26 02:01:13,alias,2026-09-28 01:05:30,2026-09-28 01:12:46,public_detail,False,public_detail,active,"単番QR毎/エイト名義/下3桁提示可/初期当選/すり替え重複なし/有効期限内/郵便物戻りなし/着ブロ指定なし
ログイン情報は公演前日にお伝えします。
入場後は速...",public_detail,2026-09-28 00:15:02,True,2026-09-28 00:15:02,1Cl2VvDmJVZqGnDqCyq0,"{""isSpecified"": true, ""value"": ""\u5ea7\u5e2d\u672a\u5b9a""}"
7df2469co6,,kamigata-expo-park-fes-2026,2026-11-01,,[大阪府] 万博記念公園,electronic,female,公演日前日にQRコード共有,ysnr1128,5.0,,QR,2026-09-27 02:01:12,public_alias_observed,2026-09-28 00:02:52,,,listing,2,29000,"Aぇ! group 名義　FC‪✕‬FC
ファンクラブ先行 座席未定 初期当選
QR毎　すり替えなし 購入後下3桁提示可能

※プライベート出品へ移行のため、承認
取引としております。

以下全てご確認・同意頂いた上でご購入お願いします。また、デジタルチケットの仕組みを理解されており、過去にQR取引経験のある方のみでお願いいたします。

・入金確認後、下3桁提示いたします。
・ログイン情報は公演日前日18時頃にお伝えします。
・入場致しましたら速やかにログアウトし、受取評価をお願いします。
・お席に関するクレーム・キャンセル等はお受けしません。ランダムエラー、本人確認等公演中止以外のいかなる場合でも返金は受け付けません。
・公演中止の場合のみ、自動返金となります。
・出演者変更、制作開放のご当選等買い手様都合によるキャンセルはチケテンの規約に基づき不可です。

トラブル防止のため、日本語が通じる女性の方のみ、代理購入はお控えください。",True,38zk0e94xx,2026-09-26 02:01:13,alias,2026-09-28 01:05:31,2026-09-28 01:12:46,public_detail,False,public_detail,active,"Aぇ! group 名義　FC‪✕‬FC
ファンクラブ先行 座席未定 初期当選
QR毎　すり替えなし 購入後下3桁提示可能

※プライベート出品へ移行のため、承...",public_detail,2026-09-28 00:15:24,True,2026-09-28 00:15:24,1Cl2VvDmJVZqGnDqCyq0,"{""isSpecified"": false, ""value"": """"}"
el30zzcftm,,kamigata-expo-park-fes-2026,2026-11-01,,[大阪府] 万博記念公園,electronic,female,公演日前日にログイン情報共有,a,5.0,,QR,2026-09-27 02:01:12,public_alias_observed,2026-09-28 00:02:52,,,listing,2,35000,"WEST.名義/QR毎/下3桁提示可/初期当選/有効期限内/発送物戻りなし

※ご購入いただける場合はプライベート出品に切り替えます。メッセージにてご購入いただける旨お知らせください。

・公演日前日にログインに必要な情報を連絡ボードにてお伝えします。入場後は速やかにログアウトをし、受取連絡をお願いいたします。
・座席のクレームは一切受け付けませんのでご了承ください。
・必ず入場されるご本人がご購入ください。
・公演中止の場合のみ、手数料を引いた額を返金いたします。体調不良、天候不良、出演者変更およびランダムエラー等で入場できなかった場合につきましても、キャンセル及び返金は一切受け付けませんので予めご了承ください。

上記条件全てご了承いただける方のみご購入をお願いいたします。",True,ia9opfitt1,2026-09-26 01:01:13,alias,2026-09-28 01:05:31,2026-09-28 01:12:46,public_detail,False,public_detail,active,"WEST.名義/QR毎/下3桁提示可/初期当選/有効期限内/発送物戻りなし

※ご購入いただける場合はプライベート出品に切り替えます。メッセージにてご購入いただ...",public_detail,2026-09-28 00:15:00,True,2026-09-28 00:15:00,1Cl2VvDmJVZqGnDqCyq0,"{""isSpecified"": false, ""value"": """"}"
65gzbmt2ey,,kamigata-expo-park-fes-2026,2026-11-01,,[大阪府] 万博記念公園,electronic,female,公演日前日までにQRコード共有,a,5.0,,QR,2026-09-27 02:01:12,public_alias_observed,2026-09-28 00:02:52,,,listing,2,24000,"なにわ男子FC×なにわ男子FC/初期当選/QR毎/すり替えなし/有効期限内/エラー歴等なし/下3桁提示可/Pay-easy支払い

公演日前日に連絡ボードにてログイン情報お伝えします。
当日入場後は速やかにログアウトと受取評価お願いいたします。
遅刻や体調不良、交通機関の乱れ、本人確認、システムエラーやランダムエラー等、主催者側による公演中止以外でのキャンセル・返金対応はいかなる理由でも不可になります。座席のクレームも一切受け付けませんのでご了承ください。",True,51npfg0p74,2026-09-26 02:01:13,alias,2026-09-28 01:05:32,2026-09-28 01:12:46,public_detail,False,public_detail,active,"なにわ男子FC×なにわ男子FC/初期当選/QR毎/すり替えなし/有効期限内/エラー歴等なし/下3桁提示可/Pay-easy支払い

公演日前日に連絡ボードにてロ...",public_detail,2026-09-28 00:14:52,True,2026-09-28 00:14:52,1Cl2VvDmJVZqGnDqCyq0,"{""isSpecified"": false, ""value"": """"}"
vlcz3ptciq,,kamigata-expo-park-fes-2026,2026-11-01,,[大阪府] 万博記念公園,electronic,female,2名義2番手,も,5.0,,番手,2026-09-27 02:01:12,public_alias_observed,2026-09-28 00:02:52,,,listing,2,40000,"💓プラベル対応です💓
2名義2番手すり替えなし/下3桁提示🉑/有効期限内
当選歴お伝え不可❌
日本語のわかる日本人女性のみご購入ください。
お子様連れでのお越しの方はご購入を御遠慮ください。
複数名義所持の為、同時入場後に一度チケットを回収させて頂きます。チケットは迅速にお渡し出来るように致しますが座席選択にお時間を頂きますことご了承ください。
チケットをお渡しする際にその場で受け取り連絡をお願いいたします。
当日は事前に連絡ボードでお伝えする指定した時間、場所にお集まり頂きます。複数人での入場になるため遅刻厳禁でお願いいたします。

お座席のクレーム等は一切受付致しません。
体調不良などによるキャンセルは一切受け付けません。
公演中止の場合のみ、手数料等を引いた額を返金いたします。遅刻、当日のランダムエラーや本人確認、出演者の不在等、公演中止以外の如何なる理由でも返金は致しません。
代理購入等はトラブルを避けるためにもご遠慮ください。必ず購入者様本人がお越し頂くようお願いいたします。
以上の点を全てご理解頂ける場合のみご購入ください。

・公演当日、会場付近でお待ち合わせをし、同時入場をしていただきます。11:00〜11:15集合を予定しておりますが、詳しい集合時間・場所はご入金後、お日にちが近くなりましたら連絡ボードにてご連絡致します。",True,nqtvn29kfy,2026-09-26 02:01:13,alias,2026-09-28 01:05:32,2026-09-28 01:12:46,public_detail,False,public_detail,active,"💓プラベル対応です💓
2名義2番手すり替えなし/下3桁提示🉑/有効期限内
当選歴お伝え不可❌
日本語のわかる日本人女性のみご購入ください。
お子様連れでの...",public_detail,2026-09-28 00:14:42,True,2026-09-28 00:14:42,1Cl2VvDmJVZqGnDqCyq0,"{""isSpecified"": false, ""value"": """"}"
73p0qb3yj2,,kamigata-expo-park-fes-2026,2026-11-01,,[大阪府] 万博記念公園,electronic,female,公演前日にログイン情報共有,い,5.0,,QR,2026-09-27 02:01:12,public_alias_observed,2026-09-28 00:02:52,,,listing,1,29000,"単番QR毎／なにわ男子初当選名義／下3桁提示可／ペイジー決済／発送物戻りなし

☆同意チェックは買い手様ご自身にお任せしております。

☆出演者変更やランダムエラー、本人確認、買い手さまの不都合など、いかなる場合もキャンセル・返金不可になります。
万が一キャンセルされる場合や、入場できなかった場合も受け取り評価はしていただくことご了承ください。

☆名義を潰す行為はお辞めください。入場後はすみやかにログアウトしていただくようお願いいたします。

☆座席(ブロック)のクレームやランダムエラーなどの責任は負いかねます。

何か不明な点ございましたらご購入前に質問お願いいたします。
上記すべてご了承いただける日本人女性の方のみ、ご購入よろしくお願いいたします。",True,yy33xrxtv9,2026-09-26 02:01:13,alias,2026-09-28 01:05:32,2026-09-28 01:12:46,public_detail,False,public_detail,active,"単番QR毎／なにわ男子初当選名義／下3桁提示可／ペイジー決済／発送物戻りなし

☆同意チェックは買い手様ご自身にお任せしております。

☆出演者変更やランダムエ...",public_detail,2026-09-28 00:14:43,True,2026-09-28 00:14:43,1Cl2VvDmJVZqGnDqCyq0,"{""isSpecified"": false, ""value"": """"}"
uxsjkkzt5x,,kamigata-expo-park-fes-2026,2026-11-01,,[大阪府] 万博記念公園,electronic,female,前日にQRコード共有,Y,4.5,,QR,2026-09-27 02:01:12,public_alias_observed,2026-09-28 00:02:52,,,listing,1,60000,"なにわ名義/初期当選/重複すり替えなし/有効期限内/下３桁開示可/発送物戻り無/過去エラー歴無

公演前日に必要な情報等を連絡ボードにてお知らせ致します。
公演当日入場後は速やかにログアウトして頂き、必ず開演時間までに受け取り通知をお願い致します。
座席に関するクレーム等は一切受け付けません。公演中止を除き交通機関遅れ、体調不良等購入者様都合の事情、ランダムエラー等如何なる場合も返金致しません。
お取引成立後は如何なる場合も必ず受け取り通知を完了して頂きますのでご了承下さい。取引成立後の取引キャンセルも承る事が出来ないのでご了承下さい。上記の場合も必ず受け取り評価は行って頂きます。
ご購入は上記を了承した上で日本語の理解出来る、成人済み日本人の方でお願い致します。",True,ke73kqu24o,2026-09-26 02:01:13,alias,2026-09-28 01:05:32,2026-09-28 01:12:46,public_detail,False,public_detail,active,"なにわ名義/初期当選/重複すり替えなし/有効期限内/下３桁開示可/発送物戻り無/過去エラー歴無

公演前日に必要な情報等を連絡ボードにてお知らせ致します。
公演...",public_detail,2026-09-28 00:15:36,True,2026-09-28 00:15:36,1Cl2VvDmJVZqGnDqCyq0,"{""isSpecified"": false, ""value"": """"}"
25ibegxog5,,kamigata-expo-park-fes-2026,2026-11-01,,[大阪府] 万博記念公園,electronic,female,公演日前日にログイン情報共有,💖,5.0,,QR,2026-09-27 02:01:12,public_alias_observed,2026-09-28 00:02:52,,,listing,2,38500,"QR毎/初期当選(Aぇ名義×Aぇ名義)/有効期限内/下3桁提示可/重複すり替えなし

公演日前日にログイン情報を連絡ボードにてお伝えいたします。
公演日当日入場後は速やかにログアウトしていただき、必ず開演時間までに受け取り通知をお願いいたします。

ランダムエラー、出演者変更、体調不良、交通機関の乱れなどの如何なる理由により入場できなかった場合でも受け取り通知をしていただきます。
公演中止の場合に限り、手数料を差し引いた金額を返金いたします。
購入後のクレームについては一切受け付けませんのでご了承ください。

上記の全てをご理解いただける日本語が通じる方のみご購入をお願いいたします。",True,6ncqtsaw5b,2026-09-26 02:01:13,alias,2026-09-28 01:05:33,2026-09-28 01:12:46,public_detail,False,public_detail,active,"QR毎/初期当選(Aぇ名義×Aぇ名義)/有効期限内/下3桁提示可/重複すり替えなし

公演日前日にログイン情報を連絡ボードにてお伝えいたします。
公演日当日入場...",public_detail,2026-09-28 00:15:40,True,2026-09-28 00:15:40,1Cl2VvDmJVZqGnDqCyq0,"{""isSpecified"": false, ""value"": """"}"
l4zl4faoi1,,kamigata-expo-park-fes-2026,2026-11-01,,[大阪府] 万博記念公園,electronic,female,QR毎/公演日3日前にログイン情報共有,M,5.0,,QR,2026-09-27 02:01:12,public_alias_observed,2026-09-28 00:02:52,,,listing,2,30000,"WESTꓸ名義/FC×FC/初期当選/QR毎/すり替えなし/有効期限内/エラー歴等なし/下3桁提示可/過去当選歴なし
公演日前日にログイン情報お伝えします。
当日入場後は速やかにログアウトと受取評価お願いいたします。
遅刻や体調不良、交通機関の乱れ、本人確認、システムエラーやランダムエラー等、主催者側による公演中止以外でのキャンセル・返金対応はいかなる理由でも不可になります。座席のクレームも一切受け付けませんのでご了承ください。
上記ご理解いただける方のみご購入ください。",True,7ng7534fim,2026-09-26 02:01:13,alias,2026-09-28 01:05:34,2026-09-28 01:12:46,public_detail,False,public_detail,active,"WESTꓸ名義/FC×FC/初期当選/QR毎/すり替えなし/有効期限内/エラー歴等なし/下3桁提示可/過去当選歴なし
公演日前日にログイン情報お伝えします。
当...",public_detail,2026-09-28 00:15:31,True,2026-09-28 00:15:31,1Cl2VvDmJVZqGnDqCyq0,"{""isSpecified"": false, ""value"": """"}"
9tpbw8u0kg,,kamigata-expo-park-fes-2026,2026-11-01,,[大阪府] 万博記念公園,electronic,female,2名義中2番手,た,5.0,,番手,2026-09-27 02:01:12,public_alias_observed,2026-09-28 00:02:52,,,listing,2,30000,"2名義中2番手⭐️プラベルにてお取引させて頂くため、ご購入希望の方はチケテンメッセージまでお願い致します。⭐️

FC先行 なにわ名義 座席未定
 2名義中2番手 下3桁提示可 初期当選

当方が選ばなかった2連をお渡し致します。

公演当日のランダムエラー、本人確認等、公演中止以外での如何なる場合でも返金は致しません。公演中止の場合のみ手数料を差し引いた金額を返金させていただきます。
チケット受け取り次第、速やかに受け取り連絡をお願い致します。
座席未定の為、座席に関するクレームは一切お受けできません。",True,6hk9q9fa6n,2026-09-26 02:01:13,alias,2026-09-28 01:05:34,2026-09-28 01:12:46,public_detail,False,public_detail,active,"2名義中2番手⭐️プラベルにてお取引させて頂くため、ご購入希望の方はチケテンメッセージまでお願い致します。⭐️

FC先行 なにわ名義 座席未定
 2名義中2番...",public_detail,2026-09-28 00:15:32,True,2026-09-28 00:15:32,1Cl2VvDmJVZqGnDqCyq0,"{""isSpecified"": false, ""value"": """"}"
9a10h84oc1,,kamigata-expo-park-fes-2026,2026-11-01,,[大阪府] 万博記念公園,electronic,female,同行,そ。,5.0,,同行,2026-09-27 02:01:12,public_alias_observed,2026-09-28 00:02:52,,,listing,1,32000,"当方の同行者枠/初期当選/すり替えなし/下3桁提示可/有効期限内/Aぇ×Aぇ名義

・入場後は速やかに受け取り通知をお願いいたします。
・座席に関するクレームは一切お受けできません。
・交通機関の遅延、ランダムエラー、本人確認等で入場できない場合や体調不良・出演者変更等のキャンセルは一切お受けできません。
・公演中止の際は手数料を引いた金額を返金させていただきます。
公演中止以外の返金対応いたしません。

上記ご理解頂けた成人済み日本人女性の方のみ、ご購入をお願いいたします。",True,qrc584rwzq,2026-09-26 02:01:13,alias,2026-09-28 01:05:35,2026-09-28 01:12:46,public_detail,False,public_detail,active,"当方の同行者枠/初期当選/すり替えなし/下3桁提示可/有効期限内/Aぇ×Aぇ名義

・入場後は速やかに受け取り通知をお願いいたします。
・座席に関するクレームは...",public_detail,2026-09-28 00:15:49,True,2026-09-28 00:15:49,1Cl2VvDmJVZqGnDqCyq0,"{""isSpecified"": false, ""value"": """"}"
pouzc0dios,,kamigata-expo-park-fes-2026,2026-11-01,,[大阪府] 万博記念公園,electronic,none,3名義中2番手,で,5.0,,同行 / 番手,2026-09-27 02:01:12,public_alias_observed,2026-09-28 00:02:52,,,listing,1,30000,"3名義中2番手/全て単番/初期当選/ジュニア情報局先行 該当名義/変更ボタンあり/有効期限内/すり替えなし/下3桁提示可

8:30前集合可能な方のみご購入下さい。
状況次第では8時半以降の集合になる可能性もございます。
当日の集合時間に関しましては公演が近くなり次第、または詳細が発表され次第、連絡ボードにてご連絡させていただきます。

待ち合わせ後、同時入場していただきます。その後一旦チケットを回収し当方が座席選択した後にチケットを選んで頂きます。また、ブロック選択までにお時間をいただく可能性がございますのでご了承ください。
集合時に持ち逃げ防止のため身分証をお預かりしますので必ずお持ち下さい。

集合後に発送通知をいたしますので、チケットお渡し後は速やかに受取通知をお願いいたします。

買い手様の端末をお借りしQR表示にご協力いただく場合がございます。必ずQR表示可能な端末をお持ち下さい。
当日または前日までに電話番号をお聞きする可能性がございますので対応できる方のみ購入して下さい。
待ち合わせ時間に遅刻される場合は如何なる理由であっても買い手様の到着を待たずに先に入場させて頂きます。その場合も必ず受け取り評価をして頂きますので、時間に余裕を持って来られる方のみご購入ください。
座席に関するクレームは一切承りませんのでご了承ください。
体調不良、ランダムエラー、本人確認等、公演中止以外での返金は出演者変更などのいかなる場合もいたしかねます。公演中止の際のみ手数料を差し引いた金額を返金致します。
当日までこまめに連絡が取れる方、日本語が通じる方のみご購入ください。
サイチェン等して頂いて構いませんが名義を傷つける行為はおやめ下さい。
ご購入された時点で上記の注意事項に全て同意したものとみなします。",True,zsaode4z7a,2026-09-26 02:01:13,alias,2026-09-28 01:05:35,2026-09-28 01:12:46,public_detail,False,public_detail,active,"3名義中2番手/全て単番/初期当選/ジュニア情報局先行 該当名義/変更ボタンあり/有効期限内/すり替えなし/下3桁提示可

8:30前集合可能な方のみご購入下さ...",public_detail,2026-09-28 00:14:56,True,2026-09-28 00:14:56,1Cl2VvDmJVZqGnDqCyq0,"{""isSpecified"": false, ""value"": """"}"
6fb1vfpjyf,,kamigata-expo-park-fes-2026,2026-11-01,,[大阪府] 万博記念公園,electronic,female,公演日前日にQRコード共有,m,5.0,,QR,2026-09-27 02:01:12,public_alias_observed,2026-09-28 00:02:52,,,listing,2,24000,"初期当選/WEST.名義/FC×FC/すり替えなし/QR毎/有効期限内/下3桁提示可

・公演前日に連絡ボードにてログイン情報をお伝えいたします。
・ご希望であれば公演1週間前後に会員番号下3桁提示いたします。
・入場の際にはご自身の端末でQRコードの表示をお願いします。入場後は速やかにログアウトと受取通知をお願いします。
 ・公演中止を除き、入場時のシステムエラー、体調不良等いかなる場合でもキャンセル、返金不可です。必ず受取通知はしていただきますのでご了承ください。
 ・公演中止の場合は手数料を差し引いた金額を返金させていただきます。 
・ご購入後のキャンセルはご遠慮ください。  

上記にすべて同意、ご理解いただける方のみご購入をお願いいたします。",True,psclrwl81w,2026-09-26 01:01:13,alias,2026-09-28 01:05:36,2026-09-28 01:12:46,public_detail,False,public_detail,active,"初期当選/WEST.名義/FC×FC/すり替えなし/QR毎/有効期限内/下3桁提示可

・公演前日に連絡ボードにてログイン情報をお伝えいたします。
・ご希望であ...",public_detail,2026-09-28 00:14:37,True,2026-09-28 00:14:37,1Cl2VvDmJVZqGnDqCyq0,"{""isSpecified"": false, ""value"": """"}"
9amermpxmg,,kamigata-expo-park-fes-2026,2026-11-01,,[大阪府] 万博記念公園,electronic,female,同時入場又はQRごと,りりり,5.0,,番手 / QR,2026-09-27 02:01:12,public_alias_observed,2026-09-28 00:02:52,,,listing,2,23000,"【2名義中2番手】／すり替えなし／有効期限内／下3桁提示可／エラー歴なし

公演当日は、こちらが指定する時間・場所に集合していただき、同時入場を予定しております。
入場方法や当日の状況により、QRごとお渡しする場合がございますので、柔軟にご対応いただける方のみご購入をお願いいたします。

入場時間が早朝となる可能性がございます。公式から詳細が発表され次第、集合時間・場所について取引メッセージにてご連絡いたします。指定時間に確実にお越しいただける方のみご購入ください。

複数名義で入場する場合、入場後一度チケットを回収し、こちらで選択後にチケットをお渡しいたします。
2連でご購入の場合、入場時に分かれていただく可能性がございますが、連番のチケットをお渡しいたします。

大きな荷物・キャリーケース等は、集合前にコインロッカー等へお預けいただいた状態でお越しください。

チケットお渡し後は、速やかに受取連絡をお願いいたします。

座席・ブロック等に関するクレームは一切お受けできません。
また、交通機関の遅延、遅刻、体調不良、本人確認、ランダムエラー・システムエラー等、主催者による公演中止以外の理由で入場できなかった場合も、キャンセル・返金には対応いたしかねます。

集合時間に遅刻された場合は、先に入場させていただく場合がございます。その場合も受取連絡は必ずお願いいたします。

公演中止の場合のみ、各種手数料を差し引いた金額を返金いたします。

日本語でスムーズに連絡が取れ、上記すべてご了承いただける方のみご購入をお願いいたします。代理購入はご遠慮ください。

最後まで責任を持って対応いたしますので、よろしくお願いいたします。",True,m9buwt6je9,2026-09-26 02:01:13,alias,2026-09-28 01:05:36,2026-09-28 01:12:46,public_detail,False,public_detail,active,"【2名義中2番手】／すり替えなし／有効期限内／下3桁提示可／エラー歴なし

公演当日は、こちらが指定する時間・場所に集合していただき、同時入場を予定しております...",public_detail,2026-09-28 00:15:15,True,2026-09-28 00:15:15,1Cl2VvDmJVZqGnDqCyq0,"{""isSpecified"": false, ""value"": """"}"
7nfbav6hnb,,kamigata-expo-park-fes-2026,2026-11-01,,[大阪府] 万博記念公園,electronic,male,公演日1日前までにQRコード共有,M,5.0,,QR,2026-09-27 02:01:12,public_alias_observed,2026-09-28 00:02:52,,,listing,1,32000,"ファンクラブ先行、座席未定　
QRごとのお譲り、有効期限内、すり替えなし、該当名義、下3桁提示可能
プラベルでの取引可能な方優先
公演1日前になりましたら、ログイン用の会員番号およびパスワードをご連絡いたします。
公演日入場後は速やかにログアウトをお願いいたします。
公演中止以外、交通機関の乱れや体調不良等、個人都合により参加ができなかった場合、ランダムエラーを含む入場できなかった場合、出演者が一部出演できないなどの理由での返金はお受けできません。",True,sxnu30iip8,2026-09-26 02:01:13,alias,2026-09-28 01:05:37,2026-09-28 01:12:46,public_detail,False,public_detail,active,"ファンクラブ先行、座席未定　
QRごとのお譲り、有効期限内、すり替えなし、該当名義、下3桁提示可能
プラベルでの取引可能な方優先
公演1日前になりましたら、ログ...",public_detail,2026-09-28 00:15:07,True,2026-09-28 00:15:07,1Cl2VvDmJVZqGnDqCyq0,"{""isSpecified"": false, ""value"": """"}"
dk2holywtk,,kamigata-expo-park-fes-2026,2026-11-01,,[大阪府] 万博記念公園,electronic,female,公演日前日にQRコード共有,kt,5.0,,QR,2026-09-27 02:01:12,public_alias_observed,2026-09-28 00:02:52,,,listing,2,35000,"WEST.FC初期当選　同行者WEST.FC
プラベ出品にしますので購入ご希望の方はお伝えください
QR毎のお渡しとなります。
有効期限内名義、同一クレカ決済なし、郵送物戻りなし、希望ありましたら下3桁提示可能",True,l2friw6up0,2026-09-26 02:01:13,alias,2026-09-28 01:05:37,2026-09-28 01:12:46,public_detail,False,public_detail,active,"WEST.FC初期当選　同行者WEST.FC
プラベ出品にしますので購入ご希望の方はお伝えください
QR毎のお渡しとなります。
有効期限内名義、同一クレカ決済な...",public_detail,2026-09-28 00:14:56,True,2026-09-28 00:14:56,1Cl2VvDmJVZqGnDqCyq0,"{""isSpecified"": false, ""value"": """"}"
nus388t9ww,,kamigata-expo-park-fes-2026,2026-11-01,,[大阪府] 万博記念公園,electronic,female,同時入場又はQR,M,4.8,,番手 / QR,2026-09-27 02:01:12,public_alias_observed,2026-09-28 00:02:52,,,listing,1,26000,"2名義中2番手(場合によってはQR毎) どちらも単番、Aぇ名義 
初期当選/すり替えなし/有効期限内/下3桁提示可

公演当日、会場付近で待ち合わせをし、同時入場して頂きます。
入場時チケット発券の為、端末をお借りする可能性がございます。
座席へのクレームは一切受け付けておりません。
チケットと引き換えに受け取り評価をして頂きます。
詳しい場所や時間は前日までにお知らせします。
遅刻、本人確認、ランエラ、交通機関の乱れ、出演者の変更、その他ご購入様都合でのキャンセル・返金には一切対応致しません。
公演中止の場合のみ手数料を引いた金額を返金致します。
ご購入された方は上記の内容を全てご了承いただいたことと判断し、入金後のキャンセル及び返金はいたしませんのでご了承ください。
トラブル防止の為、成人済み日本人女性の方のみご購入下さい。
",True,m51e5gvfcj,2026-09-26 02:01:13,alias,2026-09-28 01:05:38,2026-09-28 01:12:46,public_detail,False,public_detail,active,"2名義中2番手(場合によってはQR毎) どちらも単番、Aぇ名義 
初期当選/すり替えなし/有効期限内/下3桁提示可

公演当日、会場付近で待ち合わせをし、同時入...",public_detail,2026-09-28 00:15:41,True,2026-09-28 00:15:41,1Cl2VvDmJVZqGnDqCyq0,"{""isSpecified"": false, ""value"": """"}"
ofxvlavd0n,,kamigata-expo-park-fes-2026,2026-11-01,,[大阪府] 万博記念公園,electronic,female,当日同時入場,ぴ,5.0,,QR / 番手,2026-09-27 02:01:12,public_alias_observed,2026-09-28 00:02:52,,,listing,2,26000,"プライベート出品にするので購入前にコメントください。
2名義中2番手　2連
Aぇ名義とジュニア名義
下三桁提示可/すり替えなし/有効期限内
当日、指定した時間と場所にて集合し、当方と同時入場し、当方が選ばなかった方の席をお渡し致します。
携帯番号の連絡先交換可能な方でお願いします。
入場後発送通知を行うので、チケット受取後、速やかに受け取り通知して頂くようお願い致します。
体調不良、本人確認、ランダムエラー等、公演中止以外でのキャンセル、返金対応はいかなる理由でも致しません。

",True,917j1u49hu,2026-09-26 02:01:13,alias,2026-09-28 01:05:38,2026-09-28 01:12:46,public_detail,False,public_detail,active,"プライベート出品にするので購入前にコメントください。
2名義中2番手　2連
Aぇ名義とジュニア名義
下三桁提示可/すり替えなし/有効期限内
当日、指定した時間と...",public_detail,2026-09-28 00:15:44,True,2026-09-28 00:15:44,1Cl2VvDmJVZqGnDqCyq0,"{""isSpecified"": false, ""value"": """"}"
4551gyr0we,,kamigata-expo-park-fes-2026,2026-11-01,,[大阪府] 万博記念公園,electronic,female,公演日前日までにQRコード共有,あ,5.0,,QR,2026-09-27 02:01:12,public_alias_observed,2026-09-28 00:02:52,,,listing,2,45000,"QR毎/Aぇ! group×Aぇ! group名義/FC初期当選/有効期限内/下三桁提示可/重複なし

QR毎でのお譲りとなります。

前日にQR表示に必要な情報をお伝えいたします。
ログイン後QR表示に必要な操作以外はお控えください。
入場後は速やかにログアウトして頂き、受取連絡をお願いします。
体調不良、交通機関の遅延、出演者変更、本人確認、ランダムエラー等、如何なる場合でもキャンセルや返金は不可とさせて頂きます。
公演中止の場合に限り、手数料を差し引いた金額を返金いたします。",True,q5q8bojwf2,2026-09-26 02:01:13,alias,2026-09-28 01:05:39,2026-09-28 01:12:46,public_detail,False,public_detail,active,"QR毎/Aぇ! group×Aぇ! group名義/FC初期当選/有効期限内/下三桁提示可/重複なし

QR毎でのお譲りとなります。

前日にQR表示に必要な情...",public_detail,2026-09-28 00:15:47,True,2026-09-28 00:15:47,1Cl2VvDmJVZqGnDqCyq0,"{""isSpecified"": false, ""value"": """"}"
ozsoq8ql14,,kamigata-expo-park-fes-2026,2026-11-01,,[大阪府] 万博記念公園,electronic,female,公演日前日20時までにQRコード共有,ka,5.0,,QR,2026-09-27 02:01:12,public_alias_observed,2026-09-28 00:02:52,,,listing,1,38000,"なにわ名義/初期当選/ QR毎 単番 /下3桁提示可/ 有効期限内 /クレカ決済

QR毎でのお譲りです。
公演前日までにログイン情報お伝えします。

当日ご入場後は開演までに必ず受け取り評価とログアウトをお願いします。

主催者側からの公演中止の場合のみ、手数料を差し引いた金額を返金します。
ランダムエラーや、本人確認等で入場できなかった場合のクレーム・返金対応は一切お受けできません。
ご自身の都合による場合も返金不可となります。いかなる場合も必ず受け取りを行っていただきます。

上記のことをご理解頂ける日本語が通じる方のみご購入、コメントをお願いします。
",True,qeb9r509tn,2026-09-26 02:01:13,alias,2026-09-28 01:05:39,2026-09-28 01:12:46,public_detail,False,public_detail,active,"なにわ名義/初期当選/ QR毎 単番 /下3桁提示可/ 有効期限内 /クレカ決済

QR毎でのお譲りです。
公演前日までにログイン情報お伝えします。

当日ご入...",public_detail,2026-09-28 00:14:58,True,2026-09-28 00:14:58,1Cl2VvDmJVZqGnDqCyq0,"{""isSpecified"": false, ""value"": """"}"
hix18bqtq7,,kamigata-expo-park-fes-2026,2026-11-01,,[大阪府] 万博記念公園,electronic,female,公演日3日前までにQRコード共有,ま,5.0,,QR,2026-09-27 02:01:12,public_alias_observed,2026-09-28 00:02:52,,,listing,1,30000,なにわ男子有効会員名義 QR毎のお譲り 会員番号下3桁提示可能 初期当選  同一クレカ決済なし 発送物戻りなし 当日の入場チェックは購入者様でお願いします。 公演の3日前にQRコード表示に必要なログイン情報を連絡ボードよりお伝えします。入場後は速やかにログアウト、受取連絡をお願いいたします。公演中止以外の入場時のランダムエラー、本人確認、遅刻や体調不良、出演者の変更等による返金は行っておりません。公演中止の場合のみ手数料を引いた全額返金します。,True,auec347wla,2026-09-26 02:01:13,alias,2026-09-28 01:05:40,2026-09-28 01:12:46,public_detail,False,public_detail,active,なにわ男子有効会員名義 QR毎のお譲り 会員番号下3桁提示可能 初期当選  同一クレカ決済なし 発送物戻りなし 当日の入場チェックは購入者様でお願いします。 公...,public_detail,2026-09-28 00:15:46,True,2026-09-28 00:15:46,1Cl2VvDmJVZqGnDqCyq0,"{""isSpecified"": false, ""value"": """"}"
wy3akshgh3,,kamigata-expo-park-fes-2026,2026-11-01,,[大阪府] 万博記念公園,electronic,female,公演日前日にログイン情報共有,🍒,5.0,,,2026-09-27 02:01:12,public_alias_observed,2026-09-28 00:02:52,,,listing,2,30000,"初期当選/有効期限内/重複すり替えなし/下3桁提示可

公演日前日にログイン情報をお伝えいたします。
公演当日入場後は速やかにログアウトして頂き、必ず開演時間までに受け取り通知をお願い致します。

購入後、公演中止以外での返金は一切致しかねます。
座席に関するクレーム等は一切受け付けません。",True,fzg91qyelg,2026-09-26 02:01:13,alias,2026-09-28 01:05:40,2026-09-28 01:12:46,public_detail,False,public_detail,active,"初期当選/有効期限内/重複すり替えなし/下3桁提示可

公演日前日にログイン情報をお伝えいたします。
公演当日入場後は速やかにログアウトして頂き、必ず開演時間ま...",public_detail,2026-09-28 00:15:24,True,2026-09-28 00:15:24,1Cl2VvDmJVZqGnDqCyq0,"{""isSpecified"": false, ""value"": """"}"
w5xrtjdmv0,,kamigata-expo-park-fes-2026,2026-11-01,,[大阪府] 万博記念公園,electronic,female,同行,はな,5.0,,同行,2026-09-27 02:01:12,public_alias_observed,2026-09-28 00:02:52,,,listing,1,55000,"Aぇ! group×Aぇ! group名義/初期当選/すり替えなし/下3桁提示可 
・公演当日に、開場時間8:30以降の入場の可能性あります。 会場付近にて待ち合わせし同時入場致します。どのような理由でも集合時間10分以上の遅刻は先に入場させて頂きます。
・郵送物戻りなし
 ・当日のお待ち合わせを迅速に行うため、事前に電話番号をお伺いする可能性があります。 
・座席に関するクレームは一切受け付けません。 
・入場後は自由行動可
・公演中止の際には規約にそって、手数料を差し引いた額を返金させて頂きますが、 その他買い手様の都合上のキャンセル、ランダムエラー本人確認等如何なる理由があっても受け取り評価はして頂きます。返金は致しかねますのでご了承ください。",True,412mww37gi,2026-09-26 02:01:13,alias,2026-09-28 01:05:41,2026-09-28 01:12:46,public_detail,False,public_detail,active,"Aぇ! group×Aぇ! group名義/初期当選/すり替えなし/下3桁提示可 
・公演当日に、開場時間8:30以降の入場の可能性あります。 会場付近にて待ち...",public_detail,2026-09-28 00:15:22,True,2026-09-28 00:15:22,1Cl2VvDmJVZqGnDqCyq0,"{""isSpecified"": false, ""value"": """"}"
83yppng4m0,,kamigata-expo-park-fes-2026,2026-11-01,,[大阪府] 万博記念公園,electronic,female,公演日1日前までにQRコード共有,ねね,5.0,,QR,2026-09-27 02:01:12,public_alias_observed,2026-09-28 00:02:52,,,listing,1,24000,"なにわ名義/初期当選/有効期限内/発送物戻り無/同一クレカ無し/エラー歴無し

公演前日に必要な情報等を連絡ボードにてお知らせ致します。同意チェックは購入者様ご自身でお願い致します。

公演当日入場後は速やかにログアウトして頂き、必ず開演時間までに受け取り通知をお願い致します。

座席に関するクレーム等は一切受け付けません。公演中止を除き交通機関遅れ、体調不良等購入者様都合の事情、ランダムエラー等如何なる場合も返金致しません。お取引成立後は如何なる場合も必ず受け取り通知を完了して頂きますのでご了承下さい。取引成立後の取引キャンセルも承る事が出来ないのでご了承下さい。上記の場合も必ず受け取り評価は行って頂きます。",True,jhkyj0v0k2,2026-09-26 02:01:13,alias,2026-09-28 01:05:41,2026-09-28 01:12:46,public_detail,False,public_detail,active,"なにわ名義/初期当選/有効期限内/発送物戻り無/同一クレカ無し/エラー歴無し

公演前日に必要な情報等を連絡ボードにてお知らせ致します。同意チェックは購入者様ご...",public_detail,2026-09-28 00:15:09,True,2026-09-28 00:15:09,1Cl2VvDmJVZqGnDqCyq0,"{""isSpecified"": false, ""value"": """"}"
qq2u5b5kj7,,kamigata-expo-park-fes-2026,2026-11-01,,[大阪府] 万博記念公園,electronic,female,公演日2日前までにQRコード共有,ぴまる,5.0,,QR,2026-09-27 02:01:12,public_alias_observed,2026-09-28 00:02:52,,,listing,2,28000,"座席未定｜WEST名義｜QRごとのお譲り｜初期当選｜すり替えなし｜有効期限内｜下2桁お伝え可能｜前回ツアー落選



公演中止の際のみ、送料手数料を引いた金額返金可能。ランダムエラー等は返金致しません。
",True,k9j8o5ct37,2026-09-26 02:01:13,alias,2026-09-28 01:05:42,2026-09-28 01:12:46,public_detail,False,public_detail,active,"座席未定｜WEST名義｜QRごとのお譲り｜初期当選｜すり替えなし｜有効期限内｜下2桁お伝え可能｜前回ツアー落選



公演中止の際のみ、送料手数料を引いた金額返...",public_detail,2026-09-28 00:15:23,True,2026-09-28 00:15:23,1Cl2VvDmJVZqGnDqCyq0,"{""isSpecified"": false, ""value"": """"}"
yijvrje1e3,,kamigata-expo-park-fes-2026,2026-11-01,,[大阪府] 万博記念公園,electronic,female,公演前日QRコード共有,M,5.0,,QR,2026-09-27 02:01:12,public_alias_observed,2026-09-28 00:02:52,,,listing,1,29900,"QR毎/初期当選/下3桁提示可/すり替え重複なし/有効期限内/発送物戻りなし/着ブロ指定なし/SUPER EIGHT名義
前日にログイン情報をお伝えいたします。
入場後は開演までにログアウト、受取評価をお願いいたします。 
公演中止の場合に限り、手数料を差し引いた金額のみご返金させて頂きます。
プラベル移行可能な方は専用出品いたしますのでお声掛けください。",True,otl1zekdda,2026-09-26 02:01:13,alias,2026-09-28 01:05:42,2026-09-28 01:12:46,public_detail,False,public_detail,active,"QR毎/初期当選/下3桁提示可/すり替え重複なし/有効期限内/発送物戻りなし/着ブロ指定なし/SUPER EIGHT名義
前日にログイン情報をお伝えいたします。...",public_detail,2026-09-28 00:15:02,True,2026-09-28 00:15:02,1Cl2VvDmJVZqGnDqCyq0,"{""isSpecified"": true, ""value"": ""\u5ea7\u5e2d\u672a\u5b9a""}"
535cu6h53d,,kamigata-expo-park-fes-2026,2026-11-01,,[大阪府] 万博記念公園,electronic,female,前日までにログイン情報開示,❤︎,5.0,,QR,2026-09-27 02:01:12,public_alias_observed,2026-09-28 00:02:52,,,listing,2,48000,"なにわ男子FC/QR毎/初期当選/下3桁提示可/有効期限内/発送物戻り・過去エラー無し

公演前日までにログイン情報お伝えします。
公演当日は入場後速やかにログアウトいただき、受取通知をお願いいたします。

ランダムエラーや端末不具合、出演者の変更、体調不良や操作ミスなどのご自身の都合による事情で入場できなかった場合等、いかなる場合も返金不可となります。お取引成立後は必ず受け取り通知を行っていただきます。主催者側から公演中止の発表があった場合のみ、手数料を差し引いた金額を返金いたします。入場後速やかに必ず受取通知をお願いいたします。

上記全てをご理解いただける方のみご購入をお願いします。購入された時点で以上同意されたものとみなします。
",True,g3rhmlpvr7,2026-09-26 02:01:13,alias,2026-09-28 01:05:43,2026-09-28 01:12:46,public_detail,False,public_detail,active,"なにわ男子FC/QR毎/初期当選/下3桁提示可/有効期限内/発送物戻り・過去エラー無し

公演前日までにログイン情報お伝えします。
公演当日は入場後速やかにログ...",public_detail,2026-09-28 00:14:46,True,2026-09-28 00:14:46,1Cl2VvDmJVZqGnDqCyq0,"{""isSpecified"": false, ""value"": """"}"
i4likjnvjc,,kamigata-expo-park-fes-2026,2026-11-01,,[大阪府] 万博記念公園,electronic,female,公演日前日までにQRコード共有,s,5.0,,QR,2026-09-27 02:01:12,public_alias_observed,2026-09-28 00:02:52,,,listing,2,35000,"QRごと/初期当選/前回ツアー落選×前回ツアー落選Aぇ名義/有効期限内/発送物戻り無/同一クレカ決済無し/下3桁提示可

公演前日に必要な情報等を連絡ボードにてお知らせ致します。代表者の同意チェックは購入者様ご自身でお願い致します。

公演当日入場後は速やかにログアウトして頂き、必ず開演時間までに受け取り通知をお願い致します。

座席に関するクレーム等は一切受け付けません。

公演中止を除き交通機関遅れ、出演者変更、体調不良等購入者様都合の事情、ランダムエラー等如何なる場合も返金致しません。

ご購入は上記を了承した上で日本語の理解出来る、成人済み日本人の方でお願い致します。",True,kkekdcmvs8,2026-09-26 02:01:13,alias,2026-09-28 01:05:43,2026-09-28 01:12:46,public_detail,False,public_detail,active,"QRごと/初期当選/前回ツアー落選×前回ツアー落選Aぇ名義/有効期限内/発送物戻り無/同一クレカ決済無し/下3桁提示可

公演前日に必要な情報等を連絡ボードにて...",public_detail,2026-09-28 00:14:41,True,2026-09-28 00:14:41,1Cl2VvDmJVZqGnDqCyq0,"{""isSpecified"": false, ""value"": """"}"
kr9c4ppruh,,kamigata-expo-park-fes-2026,2026-11-01,,[大阪府] 万博記念公園,electronic,female,同行,小枝,5.0,,同行,2026-09-27 02:01:12,public_alias_observed,2026-09-28 00:02:52,,,listing,2,25000,"なにわ男子名義/3名義中3番手/すり替えなし/下3桁提示可/初期当選名義含む/有効会員/

★当日の流れ★
会場10分前にこちらの指定した場所に集合し、その際にログイン情報をお伝えします。会場へは同時入場をしていただきます。（持ち逃げ防止のため身分証をお預かりさせていただきます。 ）
入場後、1度チケットを回収させていただきます。座席が決まり次第順にチケットを配布させていただきます。
⚠︎場合によってはお時間をいただくことがあります。
お渡し後はその場で受取評価をしていただき、取引終了とさせていただきます。

★注意事項★
どのようなお席であっても、座席に関するクレーム・キャンセルはお控えください。
また、公演中止以外でのキャンセル（買い手様の体調不良・交通機関の乱れ・本人確認エラー・音信不通等）は、いかなる場合も返金・キャンセル不可とさせていただきます。
公演が中止となった場合は、手数料を差し引いた金額を返金いたします。

★こちらからのお願い★
︎︎︎︎・集合時間厳守でお願いいたします。
連絡なしに大幅な遅刻をされた際は先に入場させていただきますが、その際も受け取り評価はしていただきますのでご了承ください。
︎︎︎︎︎︎・日本語での意思疎通・ルールの理解がきちんと可能な方のみ、ご購入をお願い致します。
︎︎︎︎・ご購入いただいた時点で、上記内容すべてにご同意いただいたものとみなします︎︎︎︎︎︎。
・質問等いつでも受け付けていますので、ご不明点は購入前に連絡お願いします。",True,rh0qb8xyhh,2026-09-26 02:01:13,alias,2026-09-28 01:05:43,2026-09-28 01:12:46,public_detail,False,public_detail,active,"なにわ男子名義/3名義中3番手/すり替えなし/下3桁提示可/初期当選名義含む/有効会員/

★当日の流れ★
会場10分前にこちらの指定した場所に集合し、その際に...",public_detail,2026-09-28 00:15:11,True,2026-09-28 00:15:11,1Cl2VvDmJVZqGnDqCyq0,"{""isSpecified"": false, ""value"": """"}"
xmzcom4oiu,,kamigata-expo-park-fes-2026,2026-11-01,,[大阪府] 万博記念公園,electronic,female,同行,ゆあ,5.0,,,2026-09-27 02:01:12,public_alias_observed,2026-09-28 00:02:52,,,listing,2,37000,"初期当選/3名義中2番手/すり替え無し/下3桁提示可/有効期限内

★代表者・同行者共になにわ男子FCで登録済み
不備名義なし

※公式にて「TAKOYAKI STAGEはスタンディング・ブロック指定です」との表記がございます為、入場の際に発券されたチケットに指定のブロックが記載しているかと思われます。

※入場時間はまだ未定ですので、8:30〜12:00の間のどの時間でもご対応いただける方のみご購入ください。

公演当日、指定した時間・集合場所に集まっていただき同時入場していただきます。
入場後、一度全てのチケットを回収させていただきチケットを選択後にお渡しいたします。
スタンディングの為、入場後は速やかにチケットをお渡しさせたいただきます。

チケット受け取り後は、速やかに受け取り連絡をお願いします。

2連でご購入の場合、別れて入場して頂くことがございますが、必ず連番のチケットをお渡しいたします。

集合時間や待ち合わせ場所につきましてはご入金後、公式から情報がで次第メッセージにてご連絡いたします。

交通機関の乱れや、電波が悪く集合できなかった等、いかなる場合でも遅刻された場合は先に入場させていただき、受け取り連絡は必ず行っていただきます。
お座席に関するクレームは一切お受けしておりません。
本人確認やランダムエラー、体調不良、遅刻等で会場に入れなかった場合でも、一切のキャンセルや返金対応は致しかねますので予めご了承ください。
公演中止の場合のみ、手数料を差し引いた金額を返金致します。

誠意を持って対応させていただきます。",True,f5n0nenhf1,2026-09-26 02:01:13,alias,2026-09-28 01:05:44,2026-09-28 01:12:46,public_detail,False,public_detail,active,"初期当選/3名義中2番手/すり替え無し/下3桁提示可/有効期限内

★代表者・同行者共になにわ男子FCで登録済み
不備名義なし

※公式にて「TAKOYAKI...",public_detail,2026-09-28 00:15:05,True,2026-09-28 00:15:05,1Cl2VvDmJVZqGnDqCyq0,"{""isSpecified"": true, ""value"": ""\u5ea7\u5e2d\u672a\u5b9a""}"
gb1j8gjqt4,,kamigata-expo-park-fes-2026,2026-11-01,,[大阪府] 万博記念公園,electronic,female,同行,け,5.0,,同行,2026-09-27 02:01:12,public_alias_observed,2026-09-28 00:02:52,,,listing,1,35000,"初期当選/2名義中2番手/有効期限名義のみ/Aぇ名義/すり替えなし/下3桁提示可能/発送物戻りなし
購入希望の方はプライベート出品にするのでコメントください。
・入場後はチケットを一旦回収し、当方が選択しなかったチケットをお渡しします。チケットを選ぶのにお時間がかかる場合がございますのでご理解ください。

・電波環境が悪い場合がございますので事前に電話番号を伺うことがございますので、ご了承ください。

・本人確認やランダムエラーでは返金いたしますが、
購入者様の遅刻、体調不良、公演中止以外での返金は一切いたしかねます。そのような場合でも必ず受取連絡はして頂きますのでご了承ください。

・当日お席に関するクレームは受け付けません。

・受取連絡と引き換えでチケットをお渡しいたします。

・日本語の通じる女性のみご購入ください。ご購入いただいた時点で記載事項に同意いただいたものとみなします。

エラーの際はご返金いたします。",True,nkbhpu7w3p,2026-09-26 02:01:13,alias,2026-09-28 01:05:44,2026-09-28 01:12:46,public_detail,False,public_detail,active,"初期当選/2名義中2番手/有効期限名義のみ/Aぇ名義/すり替えなし/下3桁提示可能/発送物戻りなし
購入希望の方はプライベート出品にするのでコメントください。...",public_detail,2026-09-28 00:15:24,True,2026-09-28 00:15:24,1Cl2VvDmJVZqGnDqCyq0,"{""isSpecified"": false, ""value"": """"}"
1v551jx5cw,,kamigata-expo-park-fes-2026,2026-11-01,,[大阪府] 万博記念公園,electronic,female,2名義中2番手,Gu,5.0,,番手,2026-09-27 02:01:12,public_alias_observed,2026-09-28 00:02:52,,,listing,2,25000,"2名義中2番手 Aぇ名義 初当選
初期当選/すり替えなし/有効期限内/下3桁提示可
プラベルorプライベートチケットにて出品する為、購入希望の方はメッセージお願いいたします。

トラブル防止の為、日本人女性の方のみご購入下さい。
こまめに連絡が取れる方、集合時間を守れる方のみ。
遅刻の際には先に入場させて頂きますが、その場合も受け取り評価はして頂きますのでご了承ください。

公演当日、会場付近で待ち合わせをし、同時入場して頂きます。
入場時、チケットの発券をお手伝いいただく可能性がございます。
座席へのクレームは一切受け付けておりません。
チケットと引き換えに受け取り評価をして頂きます。

詳しい場所や時間は前日までにお知らせします。
開場時間より早い集合になる可能性があります。
本人確認、ランエラ、交通機関の乱れ、出演者の変更、その他ご購入様都合でのキャンセル・返金には一切対応致しません。
公演中止の場合のみ手数料を引いた金額を返金致します。
ご購入された方は上記の内容を全てご了承いただいたことと判断し、入金後のキャンセル及び返金はいたしませんのでご了承ください。",True,llhy3q3biu,2026-09-26 02:01:13,alias,2026-09-28 01:05:45,2026-09-28 01:12:46,public_detail,False,public_detail,active,"2名義中2番手 Aぇ名義 初当選
初期当選/すり替えなし/有効期限内/下3桁提示可
プラベルorプライベートチケットにて出品する為、購入希望の方はメッセージお願...",public_detail,2026-09-28 00:14:33,True,2026-09-28 00:14:33,1Cl2VvDmJVZqGnDqCyq0,"{""isSpecified"": true, ""value"": ""\u5ea7\u5e2d\u672a\u5b9a""}"
l471mwlhxx,,kamigata-expo-park-fes-2026,2026-11-01,,[大阪府] 万博記念公園,electronic,female,同行,Na,5.0,,同行 / 番手,2026-09-27 02:01:12,public_alias_observed,2026-09-28 00:02:52,,,listing,2,28000,"3名義中2番手/WEST名義/有効期限内/すり替えなし/下3桁提示可/初期当選

プラベルにてお取引したいので購入前にコメントお願いいたします。

同時入場し、入場後一旦チケットを回収し当方が選ばなかったチケットをお渡しいたします。

公演中止の場合のみ手数料を差し引いて返金いたします。
体調不良、本人確認、ランダムエラーなどのいかなる場合も返金は致しませんので、ご了承下さい。",True,2gjwgh1ycm,2026-09-26 02:01:13,alias,2026-09-28 01:05:45,2026-09-28 01:12:46,public_detail,False,public_detail,active,"3名義中2番手/WEST名義/有効期限内/すり替えなし/下3桁提示可/初期当選

プラベルにてお取引したいので購入前にコメントお願いいたします。

同時入場し、...",public_detail,2026-09-28 00:15:28,True,2026-09-28 00:15:28,1Cl2VvDmJVZqGnDqCyq0,"{""isSpecified"": false, ""value"": """"}"
myaqcm2cs5,,kamigata-expo-park-fes-2026,2026-11-01,,[大阪府] 万博記念公園,electronic,female,公演前日までにQR共有,C,5.0,,QR,2026-09-27 02:01:12,public_alias_observed,2026-09-28 00:02:52,,,listing,1,23000,"情報局該当名義/初期当選/すり替えなし/下3桁提示可能/過去エラー歴なし
QR毎のお譲りになります。公演前日正午までにログイン情報をお伝えいたします。
ランダムエラーや出演者の変更等、公演中止以外の理由での返金は致しかねます。公演中止の場合は手数料を差し引いた金額を返金いたします。",True,64jdg3x34n,2026-09-26 01:01:13,alias,2026-09-28 01:05:46,2026-09-28 01:12:46,public_detail,False,public_detail,active,"情報局該当名義/初期当選/すり替えなし/下3桁提示可能/過去エラー歴なし
QR毎のお譲りになります。公演前日正午までにログイン情報をお伝えいたします。
ランダム...",public_detail,2026-09-28 00:15:36,True,2026-09-28 00:15:36,1Cl2VvDmJVZqGnDqCyq0,"{""isSpecified"": false, ""value"": """"}"
z9aemnkcnn,,kamigata-expo-park-fes-2026,2026-11-01,,[大阪府] 万博記念公園,electronic,female,入金後24時間以内にQRコード共有,8,5.0,,,2026-09-27 02:01:12,public_alias_observed,2026-09-28 00:02:52,,,listing,1,30000,"えいと名義/有効期限内/発送物戻り無/同一クレカ無し/エラー歴無し

公演前日に必要な情報等を連絡ボードにてお知らせします。同意チェックは購入者様ご自身でお願い致します。

公演当日入場後は速やかにログアウトして頂き、必ず開演時間までに受け取り通知をお願い致します。

座席に関するクレーム等は一切受付無し
公演中止を除き交通機関遅れ、体調不良等購入者様都合の事情、ランダムエラー等如何なる場合も返金致しません。
お取引成立後は如何なる場合も必ず受け取り通知を完了して頂きます。取引成立後の取引キャンセルも承る事が出来ないのでご了承下さい。上記の場合も必ず受け取り評価は行って頂きます。",True,e0y2lboyjw,2026-09-26 02:01:13,alias,2026-09-28 01:05:46,2026-09-28 01:12:46,public_detail,False,public_detail,active,"えいと名義/有効期限内/発送物戻り無/同一クレカ無し/エラー歴無し

公演前日に必要な情報等を連絡ボードにてお知らせします。同意チェックは購入者様ご自身でお願い...",public_detail,2026-09-28 00:15:16,True,2026-09-28 00:15:16,1Cl2VvDmJVZqGnDqCyq0,"{""isSpecified"": false, ""value"": """"}"
twhpqvyvjq,,kamigata-expo-park-fes-2026,2026-11-01,,[大阪府] 万博記念公園,electronic,female,同行,ari,5.0,,同行 / 番手,2026-09-27 02:01:12,public_alias_observed,2026-09-28 00:02:52,,,listing,1,35000,"2名義中1番手/初期当選/Aぇ名義/有効期限内/すり替えなし/下3桁提示可

プラベルでのお取引希望の方は移行させていただきますので、メッセージをお願いします。

公演当日、会場付近にて集合後同時入場していただきます。時間厳守できる方のみ購入をお願いします。指定した時間に遅れた場合も待たずに入場しますが、受取報告をしていただきます。

入場後当方と相談の上、1番手の半券をお渡しします。
チケットお渡しの際に受取報告をお願いします。受取報告を確認できるまでチケットはお渡しできませんのでご了承ください。

代理購入不可、未就学児を連れてる方の購入不可、スーツケース等大きい荷物の持ち込みもご遠慮ください。

遅刻、体調不良、交通機関等遅延、本人確認、ランダムエラー等公演中止以外の返金は一切対応できません。

日本語が話せてスムーズにご連絡の取れる方のみご購入ください。

購入いただいた時点で、上記全て了承したものとみなしクレームは一切受け付けません。",True,p79joil4uw,2026-09-26 02:01:13,alias,2026-09-28 01:05:47,2026-09-28 01:12:46,public_detail,False,public_detail,active,"2名義中1番手/初期当選/Aぇ名義/有効期限内/すり替えなし/下3桁提示可

プラベルでのお取引希望の方は移行させていただきますので、メッセージをお願いします。...",public_detail,2026-09-28 00:15:11,True,2026-09-28 00:15:11,1Cl2VvDmJVZqGnDqCyq0,"{""isSpecified"": false, ""value"": """"}"
xoatq1fyul,,tvasahi-dream-festival-2026,2026-11-21,15:00,Kアリーナ横浜,electronic,female,チケットぴあにて分配or当日手渡し,な,5.0,,ランダム,2026-09-27 02:01:12,public_alias_observed,2026-09-27 19:02:48,,,deleted,2,15000,"すり替えなしランダム
全名義いち早ぴあプレリザーブでの当選

複数名義（全て2連）の中からのお譲りとなります。
ランダムにご理解のある方のみご購入おねがいいたします。

アプグレ当選チケットお渡しの場合、アプグレ料金定価+手数料上乗せ(取引方法要相談)

購入前の名義数に関する質問にはお答えできかねます。

チケットぴあにて公演前日に2枚ごと分配
ご自身での発券お願いいたします。

全名義アプグレ申込予定
全名義問い合わせ番号提示可能

公演中止を除き、いかなる場合でもキャンセル不可
公演中止の場合は手数料を差し引いた額を返金いたします。",True,xoatq1fyul,2026-09-26 02:01:13,deleted_confirmed,2026-09-27 19:02:48,2026-09-27 19:02:48,public_detail,False,public_detail,cancelled,"すり替えなしランダム
全名義いち早ぴあプレリザーブでの当選

複数名義（全て2連）の中からのお譲りとなります。
ランダムにご理解のある方のみご購入おねがいいたし...",public_detail,2026-09-27 19:02:48,True,2026-09-27 19:02:48,k8qw3X3Mpda6ZvJKsOG1,"{""isSpecified"": false, ""value"": """"}"
5fgojduxmc,,tvasahi-dream-festival-2026,2026-11-21,15:00,Kアリーナ横浜,electronic,female,公演3日前,ゆ,5.0,,番手,2026-09-27 02:01:12,public_alias_observed,2026-09-28 00:02:54,,,listing,2,15000,"ぴあ最速先行/3名義中3番手/すり替えなし

アップグレード料金も込みです。

公演中止を除き、出演者の変更・遅刻・交通機関の遅延等、如何なる場合も返金いたしかねます。予めご了承ください。

取引初心者の方でも丁寧に対応いたしますので、お気軽にご購入下さい。",True,h881yb5tcf,2026-09-26 02:01:13,alias,2026-09-28 02:13:22,2026-09-28 01:12:50,public_detail,False,public_detail,active,"ぴあ最速先行/3名義中3番手/すり替えなし

アップグレード料金も込みです。

公演中止を除き、出演者の変更・遅刻・交通機関の遅延等、如何なる場合も返金いたしか...",public_detail,2026-09-28 00:23:56,True,2026-09-28 00:23:56,k8qw3X3Mpda6ZvJKsOG1,"{""isSpecified"": false, ""value"": """"}"
auvzs3xmz4,,tvasahi-dream-festival-2026,2026-11-21,15:00,Kアリーナ横浜,electronic,female,同行,うどん,5.0,,,2026-09-27 02:01:12,public_alias_observed,2026-09-28 00:02:54,,,listing,2,17000,"2名義中2番手のチケットです。
2名義ともぴあ最速先行当選
すり替えなし
アプグレ申し込み予定
アプグレ当選時、当日手渡しにてアプグレ定価分頂戴いたします。
",True,q0sn9dl6r6,2026-09-26 02:01:13,alias,2026-09-28 02:13:22,2026-09-28 01:12:50,public_detail,False,public_detail,active,"2名義中2番手のチケットです。
2名義ともぴあ最速先行当選
すり替えなし
アプグレ申し込み予定
アプグレ当選時、当日手渡しにてアプグレ定価分頂戴いたします。
",public_detail,2026-09-28 00:23:54,True,2026-09-28 00:23:54,k8qw3X3Mpda6ZvJKsOG1,"{""isSpecified"": false, ""value"": """"}"
9ib4ey3gp8,,tvasahi-dream-festival-2026,2026-11-21,15:00,Kアリーナ横浜,paper,female,当日手渡し,あちゃん,5.0,,番手,2026-09-27 02:01:12,public_alias_observed,2026-09-28 00:02:54,,,listing,2,25000,"3名義中2番手　全ていち早プレ当選
当日手渡し、チケット手渡し時受け取り評価お願いいたします。
アプグレ申し込み予定落選の場合のキャンセル不可。アプグレ当選した場合、アプグレ定価手数料分は当日手渡しにて頂戴いたします。
公演中止以外返金不可

チケット番号下３桁提示可

プラベル通し可能。プラベル通し多少値下げ可

※体調不良や公共交通機関の遅れなどで当日来ることが難しくなった場合でも受け取り評価をしていただきます。
集合時間は前日までにお知らせ予定です。",True,xizngw6d8j,2026-09-26 02:01:13,alias,2026-09-28 02:13:23,2026-09-28 01:12:50,public_detail,False,public_detail,active,"3名義中2番手　全ていち早プレ当選
当日手渡し、チケット手渡し時受け取り評価お願いいたします。
アプグレ申し込み予定落選の場合のキャンセル不可。アプグレ当選した...",public_detail,2026-09-28 00:23:48,True,2026-09-28 00:23:48,k8qw3X3Mpda6ZvJKsOG1,"{""isSpecified"": false, ""value"": """"}"
750seoi1vw,,tvasahi-dream-festival-2026,2026-11-21,15:00,Kアリーナ横浜,paper,female,当日手渡し,あちゃん,5.0,,ランダム,2026-09-27 02:01:12,public_alias_observed,2026-09-28 00:02:54,,,listing,2,15000,"ランダム配布当日手渡し　定価+手数料
アプグレ申し込み予定当選の場合は別途アプグレ料金定価+手数料を当日頂戴いたします。

公演中止以外のキャンセル、返金不可",True,yv09m4fw4g,2026-09-26 02:01:13,alias,2026-09-28 02:13:23,2026-09-28 01:12:50,public_detail,False,public_detail,active,"ランダム配布当日手渡し　定価+手数料
アプグレ申し込み予定当選の場合は別途アプグレ料金定価+手数料を当日頂戴いたします。

公演中止以外のキャンセル、返金不可",public_detail,2026-09-28 00:23:48,True,2026-09-28 00:23:48,k8qw3X3Mpda6ZvJKsOG1,"{""isSpecified"": false, ""value"": """"}"
ypiauwnd5x,,tvasahi-dream-festival-2026,2026-11-21,15:00,Kアリーナ横浜,paper,female,当日手渡し,💫,5.0,,番手,2026-09-27 02:01:12,public_alias_observed,2026-09-28 00:02:54,,,listing,2,20000,"7名義中4番手/いち早プレ枠/すり替えなし
全名義アプグレ申込予定
アプグレ落選後のキャンセル不可
アプグレ当選時は定価分＋0.7当日手渡し

当日会場付近にて紙チケお渡し後ご自身で入場していただく形式、又は座席確認後チケットをお渡しする形式になります。
公演中止等公式から返金がない限り、ランダムエラー、体調不良、出演者の変更等如何なる場合も返金及びキャンセルはいたしかねます。",True,h9k68xixuu,2026-09-26 02:01:13,alias,2026-09-28 02:13:23,2026-09-28 01:12:50,public_detail,False,public_detail,active,"7名義中4番手/いち早プレ枠/すり替えなし
全名義アプグレ申込予定
アプグレ落選後のキャンセル不可
アプグレ当選時は定価分＋0.7当日手渡し

当日会場付近にて...",public_detail,2026-09-28 00:23:51,True,2026-09-28 00:23:51,k8qw3X3Mpda6ZvJKsOG1,"{""isSpecified"": false, ""value"": """"}"
d6g8ymumkq,,tvasahi-dream-festival-2026,2026-11-21,15:00,Kアリーナ横浜,paper,female,当日手渡し,な,5.0,,番手,2026-09-27 02:01:12,public_alias_observed,2026-09-28 00:02:54,,,listing,2,37000,"⭐️8名義中2(3)番手
即5.0/いち早ぴあプレ /すり替えなし
1部サイト通しに変更可
全名義アプグレ申込予定
アプグレ落選後のキャンセル不可
全名義落選又は1名義のみ当選の場合は3番手のお譲り
アプグレ当選時は＋0.7のお支払い

当日会場付近にて紙チケお渡し後ご自身で入場していただく形式、又は座席確認後チケットをお渡しする形式になります。

公演中止等公式から返金がない限り、ランダムエラー、体調不良、出演者の変更等如何なる場合も返金及びキャンセルはいたしかねます。
日本語で問題なくやり取りのできる成人女性のみご購入お願いいたします。",True,aahjnegc7j,2026-09-26 02:01:13,alias,2026-09-28 02:13:23,2026-09-28 01:12:50,public_detail,False,public_detail,active,"⭐️8名義中2(3)番手
即5.0/いち早ぴあプレ /すり替えなし
1部サイト通しに変更可
全名義アプグレ申込予定
アプグレ落選後のキャンセル不可
全名義落選又...",public_detail,2026-09-28 00:23:45,True,2026-09-28 00:23:45,k8qw3X3Mpda6ZvJKsOG1,"{""isSpecified"": false, ""value"": """"}"
6zpbhjt72d,,tvasahi-dream-festival-2026,2026-11-21,15:00,Kアリーナ横浜,electronic,female,公演3日前,ゆ,5.0,,番手,2026-09-27 02:01:12,public_alias_observed,2026-09-28 00:02:54,,,listing,2,18000,"ぴあ最速先行/3名義中2番手/すり替えなし

アップグレード料金も込みです。

公演中止を除き、出演者の変更・遅刻・交通機関の遅延等、如何なる場合も返金いたしかねます。予めご了承ください。

取引初心者の方でも丁寧に対応いたしますので、お気軽にご購入下さい。",True,h2exokclzk,2026-09-26 02:01:13,alias,2026-09-28 02:13:24,2026-09-28 01:12:50,public_detail,False,public_detail,active,"ぴあ最速先行/3名義中2番手/すり替えなし

アップグレード料金も込みです。

公演中止を除き、出演者の変更・遅刻・交通機関の遅延等、如何なる場合も返金いたしか...",public_detail,2026-09-28 00:23:47,True,2026-09-28 00:23:47,k8qw3X3Mpda6ZvJKsOG1,"{""isSpecified"": false, ""value"": """"}"
ppbat9hzvv,,tvasahi-dream-festival-2026,2026-11-21,15:00,Kアリーナ横浜,paper,female,当日手渡し,🦋,5.0,,ランダム,2026-09-27 02:01:12,public_alias_observed,2026-09-28 00:02:54,,,listing,2,11800,"いち早枠当選名義のみのランダム配布

全てアプグレ申し込み予定ですが、落選名義のチケットをお渡しする可能性もございます。
2連で購入の方には必ず2連でチケットお渡しいたします。

・当日開場15分前までのお待ち合せでチケット手渡しさせて頂きます。当日開場時間15分前までであれば待ち合わせ時間変更は柔軟に対応させて頂きます。前日までにご相談ください。
※前日にURLにて分配になる可能性もございます。その場合はご自身で発券をお願いいたします。
・名義数は増える可能性もある為お答えできかねます。ご了承ください。

・公演中止以外のいかなる理由(出演者の変更、体調不良、本人確認、待ち合わせへの遅刻等)への返金対応は不可になります。

上記内容をご理解頂ける成人済みの方のみご購入をお願いいたします。",True,me0gganf2h,2026-09-26 02:01:13,alias,2026-09-28 02:13:24,2026-09-28 01:12:50,public_detail,False,public_detail,active,"いち早枠当選名義のみのランダム配布

全てアプグレ申し込み予定ですが、落選名義のチケットをお渡しする可能性もございます。
2連で購入の方には必ず2連でチケットお...",public_detail,2026-09-28 00:23:56,True,2026-09-28 00:23:56,k8qw3X3Mpda6ZvJKsOG1,"{""isSpecified"": false, ""value"": """"}"
thh35ecn80,,tvasahi-dream-festival-2026,2026-11-22,15:00,Kアリーナ横浜,paper,female,事前都内手渡し、または公演3日前までに郵送,み,5.0,,,2026-09-27 02:01:12,public_alias_observed,2026-09-28 00:02:54,,,listing,2,30000,"・発券開始日の11/18(水)12:00〜以降にチケットをお譲りします。

・手渡しの場合、待ち合わせ日時・場所の決定後は時間厳守でお願いします。

・1枚購入の場合は、先にご購入した方に座席選択権がございます。予めご了承ください。

・アプグレ申込予定です。アプグレ当選時の上乗せは不要です。

・チケット受け取り後は速やかに受け取り評価をお願いします。

・時間貸し、盗撮・盗聴などの名義を傷つけるような行為はお控えください。

・値下げ依頼はコメントからお願いいたします。

【注意事項】
・主催者都合によって公演が中止となった場合のみ、チケットをご返却いただき次第、手数料を差し引いた金額を返金いたします。

・その他いかなる理由（本人確認・出演者変更・遅刻・体調不良・交通機関の遅延など）でもキャンセル・返金はできかねます。

・アプグレの当落結果、座席に関するクレームは受け付けておりません。

・代理購入は不可。ご本人様のみ入場をお願いします。

・日本語が読める成人女性の方のみ購入をお願いしています。

・ご購入いただいた時点で上記内容すべてにご同意いただいたとみなします。ご理解いただける方のみご購入をお願いいたします。",True,6wwbfmfv4n,2026-09-26 02:01:13,alias,2026-09-28 02:13:25,2026-09-28 01:12:50,public_detail,False,public_detail,active,"・発券開始日の11/18(水)12:00〜以降にチケットをお譲りします。

・手渡しの場合、待ち合わせ日時・場所の決定後は時間厳守でお願いします。

・1枚購入...",public_detail,2026-09-28 00:23:55,True,2026-09-28 00:23:55,k8qw3X3Mpda6ZvJKsOG1,"{""isSpecified"": true, ""value"": ""\u3044\u3061\u65e9\u30d7\u30ec\u30ea\u30b6\u30fc\u30d6(\u3074\u3042NICOS\u30ab\u30fc\u30c9\u9650\u5b9a)/\u91cd\u8907\u3059\u308a\u66ff\u3048\u306a\u3057/\u767a\u5238\u524d\u306e\u305f\u3081\u672a\u5b9a""}"
a4grxlj8jm,,tvasahi-dream-festival-2026,2026-11-22,15:00,Kアリーナ横浜,paper,female,郵送,R,5.0,,,2026-09-27 02:01:12,public_alias_observed,2026-09-28 00:02:54,,,listing,2,23000,"アプグレ申し込み可能
ぴあカード最速先行当選
いかなる場合もキャンセル返金不可",True,wmhmudq7q6,2026-09-26 02:01:13,alias,2026-09-28 02:13:25,2026-09-28 01:12:50,public_detail,False,public_detail,active,"アプグレ申し込み可能
ぴあカード最速先行当選
いかなる場合もキャンセル返金不可",public_detail,2026-09-28 00:23:48,True,2026-09-28 00:23:48,k8qw3X3Mpda6ZvJKsOG1,"{""isSpecified"": false, ""value"": """"}"
10vqnmncxs,,tvasahi-dream-festival-2026,2026-11-23,15:00,Kアリーナ横浜,paper,female,当日手渡し,A,5.0,,,2026-09-27 02:01:12,public_alias_observed,2026-09-27 10:51:49,,,deleted,2,12000,当日手渡しまたは郵送になります。発券後こちらがお渡し方法指定いたします。本人確認対応不可。中止の場合のみ返金。,True,10vqnmncxs,2026-09-26 02:01:13,deleted_confirmed,2026-09-27 10:51:49,2026-09-27 09:48:30,public_detail,False,public_detail,cancelled,,,,,,,
1coavbrjmv,,tvasahi-dream-festival-2026,2026-11-23,15:00,Kアリーナ横浜,paper,female,当日手渡しor郵送,ㅎㅅㅎ,5.0,,,2026-09-27 02:01:12,public_alias_observed,2026-09-27 10:51:50,2026-09-27 10:51:44,transition_observed,sold,3,16000,"最速先行。4連中3連子チケ。
発券済みのチケットを当日手渡し、郵送のいずれかでお渡しいたします。分配が可能であれば分配しますが紙チケットなので手渡しor郵送にな...",True,1coavbrjmv,2026-09-26 02:01:13,sold_confirmed,2026-09-27 10:51:50,2026-09-27 09:48:30,public_detail,False,public_detail,sold,,,,,,,
u30y6m4ssx,,tvasahi-dream-festival-2026,2026-11-23,15:00,Kアリーナ横浜,paper,female,当日手渡し,777,5.0,,番手,2026-09-27 02:01:12,public_alias_observed,2026-09-28 00:02:54,,,listing,1,28500,"ぴあいち早プレリザーブにて当選
2名義中2番手 
※アプグレご希望の方は当選時に差額のお支払いをお願いいたします。

・座席はお選びいただけませんのでご了承ください。
・当日こちらの指定する時間に集合して頂きます。
・公演中止以外のいかなる理由であっても返金は致しかねますのでお願いいたします。

上記ご理解頂ける方のみご購入をお願いいたします。",True,kq795c1tdc,2026-09-26 02:01:13,alias,2026-09-28 02:13:25,2026-09-28 01:12:50,public_detail,False,public_detail,active,"ぴあいち早プレリザーブにて当選
2名義中2番手 
※アプグレご希望の方は当選時に差額のお支払いをお願いいたします。

・座席はお選びいただけませんのでご了承くだ...",public_detail,2026-09-28 00:23:54,True,2026-09-28 00:23:54,k8qw3X3Mpda6ZvJKsOG1,"{""isSpecified"": false, ""value"": """"}"
sivkz1dnio,,kamigata-expo-park-fes-2026,2026-10-31,,[大阪府] 万博記念公園,electronic,female,同行,ま,5.0,,QR / 同行 / 番手,2026-09-27 04:01:14,scrape_observed,2026-09-28 00:02:52,,,listing,2,23000,"3名義中3番手/すべてなにわ名義/初期当選/有効期限名義/すり替えなし/下3桁提示可

当日同時入場していただきます。
入場方法等が詳しく分かり次第、集合時間・待ち合わせ場所をこちらからご連絡させて頂きます。場合によってはQR毎のお渡しになる場合がございます。柔軟に対応していただける方のみご購入お願いします。

入場後はチケットを一旦回収し、当方が選ばなかったチケットをお渡し致します。チケットを選ぶのにお時間がかかる場合がございますのでご理解ください。

会場の電波環境が悪い可能性がございますので、事前に電話番号をお伺い致します。

当日購入者様の遅刻、体調不良により入場できなかった場合、本人確認、入場時のランダムエラーや入場エラ一、座席などへのクレームでの返金は一切致しかねます。また、公演中止以外のキャンセルは一切受け付けません。そのような場合でも必ず受取連絡はして頂きますのでご了承ください。

チケットをお渡しさせて頂く際に、必ず受取連絡をお願い致します。受取連絡をして頂いた時点でお取引が問題なく完了したこととみなし、それ以降のクレーム等は受け付けません。ご購入はいかなる場合も返金、キャンセル処理は致しません。ご了承ください。

必ず上記事項にご理解頂けた方、20歳以上の日本人女性の方のみご購入お願い致します。公演中止の際には手数料を差し引いた金額を返金します。",True,66ds8khwud,,alias,2026-09-28 01:05:47,2026-09-28 01:12:46,public_detail,False,public_detail,active,"3名義中3番手/すべてなにわ名義/初期当選/有効期限名義/すり替えなし/下3桁提示可

当日同時入場していただきます。
入場方法等が詳しく分かり次第、集合時間・...",public_detail,2026-09-28 00:15:03,True,2026-09-28 00:15:03,1Cl2VvDmJVZqGnDqCyq0,"{""isSpecified"": false, ""value"": """"}"
sgdo83uik7,,kamigata-expo-park-fes-2026,2026-10-31,,[大阪府] 万博記念公園,electronic,female,同行,ま,5.0,,QR / 同行 / 番手,2026-09-27 04:01:14,scrape_observed,2026-09-28 00:02:52,,,listing,2,25000,"3名義中2番手/すべてなにわ名義/初期当選/有効期限名義/すり替えなし/下3桁提示可

当日同時入場していただきます。
入場方法等が詳しく分かり次第、集合時間・待ち合わせ場所をこちらからご連絡させて頂きます。場合によってはQR毎のお渡しになる場合がございます。柔軟に対応していただける方のみご購入お願いします。

入場後はチケットを一旦回収し、当方が選ばなかったチケットをお渡し致します。チケットを選ぶのにお時間がかかる場合がございますのでご理解ください。

会場の電波環境が悪い可能性がございますので、事前に電話番号をお伺い致します。

当日購入者様の遅刻、体調不良により入場できなかった場合、本人確認、入場時のランダムエラーや入場エラ一、座席などへのクレームでの返金は一切致しかねます。また、公演中止以外のキャンセルは一切受け付けません。そのような場合でも必ず受取連絡はして頂きますのでご了承ください。

チケットをお渡しさせて頂く際に、必ず受取連絡をお願い致します。受取連絡をして頂いた時点でお取引が問題なく完了したこととみなし、それ以降のクレーム等は受け付けません。ご購入はいかなる場合も返金、キャンセル処理は致しません。ご了承ください。

必ず上記事項にご理解頂けた方、20歳以上の日本人女性の方のみご購入お願い致します。公演中止の際には手数料を差し引いた金額を返金します。",True,3qtqo6kinu,,alias,2026-09-28 01:05:47,2026-09-28 01:12:46,public_detail,False,public_detail,active,"3名義中2番手/すべてなにわ名義/初期当選/有効期限名義/すり替えなし/下3桁提示可

当日同時入場していただきます。
入場方法等が詳しく分かり次第、集合時間・...",public_detail,2026-09-28 00:15:06,True,2026-09-28 00:15:06,1Cl2VvDmJVZqGnDqCyq0,"{""isSpecified"": false, ""value"": """"}"
p4s0g3p33x,,kamigata-expo-park-fes-2026,2026-10-31,,[大阪府] 万博記念公園,electronic,female,公演前日にログイン方法並びQR共有,rnn,5.0,,QR,2026-09-27 05:01:15,scrape_observed,2026-09-28 00:02:52,,,listing,2,35000,"なにわ名義/重複すり替えなし/下3桁提示可/本人確認・遅刻・体調不良・ランダムエラーなど全ての理由での
キャンセル並びに返金不可",True,ufpuofj2fn,,alias,2026-09-28 01:05:48,2026-09-28 01:12:46,public_detail,False,public_detail,active,"なにわ名義/重複すり替えなし/下3桁提示可/本人確認・遅刻・体調不良・ランダムエラーなど全ての理由での
キャンセル並びに返金不可",public_detail,2026-09-28 00:14:40,True,2026-09-28 00:14:40,1Cl2VvDmJVZqGnDqCyq0,"{""isSpecified"": false, ""value"": """"}"
vnsnlfci08,,kamigata-expo-park-fes-2026,2026-10-31,,[大阪府] 万博記念公園,electronic,female,公演日7日前までにQRコード共有,す☆,5.0,,QR,2026-09-27 08:01:14,scrape_observed,2026-09-28 00:02:52,,,listing,2,20000,"QR毎/該当名義/重複すり替え無し/下3桁提示可/有効期限内/代表者同行者ともになにわ男子名義

前日にログイン情報をお渡しいたします。
同行者の同意チェックはこちらでいたしますので、代表者の同意チェックはご自身でお願いいたします。

入場後、入場報告を行ってください。
(公演時間までにできない方はお断りさせて頂きます。)
入場でき次第速やかにログアウトしてください。

主催者側都合での公演中止の場合のみ返金可能。
その他 交通機関の乱れ、ランダムエラー含めたトラブルによる入場不可等の返金、キャンセルはいたしかねます。
また座席に関するクレーム、出演者の変更等いかなる場合でも買い手側様都合での返金はいたしかねます。

こちら全てにご了承頂き、日本人女性のみ購入をお願いいたします。
",True,1h95z2hh7l,,alias,2026-09-28 01:05:48,2026-09-28 01:12:46,public_detail,False,public_detail,active,"QR毎/該当名義/重複すり替え無し/下3桁提示可/有効期限内/代表者同行者ともになにわ男子名義

前日にログイン情報をお渡しいたします。
同行者の同意チェックは...",public_detail,2026-09-28 00:15:31,True,2026-09-28 00:15:31,1Cl2VvDmJVZqGnDqCyq0,"{""isSpecified"": false, ""value"": """"}"
dt7eznsm2c,,kamigata-expo-park-fes-2026,2026-11-01,,[大阪府] 万博記念公園,electronic,female,入金後24時間以内にQRコード共有,いと,5.0,,,2026-09-27 09:48:30,scrape_observed,2026-09-28 00:02:52,,,listing,2,16500,,True,hxrp4s6wqo,2026-09-27 09:48:30,alias,2026-09-28 01:05:48,2026-09-28 01:12:46,public_detail,False,public_detail,active,,public_detail,2026-09-28 00:15:47,True,2026-09-28 00:15:47,1Cl2VvDmJVZqGnDqCyq0,"{""isSpecified"": false, ""value"": """"}"
fcwoa786pz,,kamigata-expo-park-fes-2026,2026-10-31,,[大阪府] 万博記念公園,electronic,female,公演当日,ぱ,4.8,,番手,2026-09-27 10:24:12,public_alias_observed,2026-09-27 10:24:12,2026-09-27 10:24:12,transition_observed,sold,2,18000,"2連×3名義所持、すり替えなし、全てsupereight名義
3名義中3名義目の2連をお渡しします。
開場時間(8時30分)のため8時頃には会場付近ご到着くださ...",True,fcwoa786pz,2026-09-26 01:01:13,sold_confirmed,2026-09-27 10:24:12,2026-09-27 09:48:30,public_detail,False,public_detail,,,,,,,,
nf31thkaya,,kamigata-expo-park-fes-2026,2026-10-31,,[大阪府] 万博記念公園,electronic,female,2名義中2番手,とり,5.0,,番手,2026-09-27 10:24:12,public_alias_observed,2026-09-27 10:24:12,2026-09-27 10:24:12,transition_observed,sold,2,18000,"デビュー組FC先行/有効期限内のみ/2名義中2番手/すり替えなし

当日の集合時間・場所等に関しては公演が近くなり次第、または詳細が発表され次第、連絡ボードにて...",True,nf31thkaya,2026-09-26 02:01:13,sold_confirmed,2026-09-27 10:24:12,2026-09-27 09:48:30,public_detail,False,public_detail,,,,,,,,
mb3wzy8aft,,kamigata-expo-park-fes-2026,2026-10-31,,[大阪府] 万博記念公園,electronic,female,公演日前日までにQRコード共有,77,5.0,,QR,2026-09-27 10:24:12,public_alias_observed,2026-09-27 10:24:12,,,deleted,1,22000,"初期当選/単番QR/すり替えなし/下3桁提示可/名義不備なし/なにわ名義

メッセージでプラベルへ移行可能です。

・公演前日にメッセージにて情報共有いたします...",True,mb3wzy8aft,2026-09-26 03:01:11,deleted_confirmed,2026-09-27 10:24:12,2026-09-27 09:48:30,public_detail,False,public_detail,,,,,,,,
utmszeu3kl,,kamigata-expo-park-fes-2026,2026-11-01,,[大阪府] 万博記念公園,electronic,female,公演前日にログイン情報共有,a,5.0,,QR,2026-09-27 10:24:12,public_alias_observed,2026-09-27 10:24:12,2026-09-27 10:24:12,transition_observed,sold,1,21000,"なにわ男子名義 /QR毎/重複すり替えなし/下3桁提示可能/初期当選/有効期限内
公演前日にログイン情報共有します。
ランダムエラーや本人確認、体調不良や出演者...",True,utmszeu3kl,2026-09-26 02:01:13,sold_confirmed,2026-09-27 10:24:12,2026-09-27 09:48:30,public_detail,False,public_detail,,,,,,,,
x471s42d9f,,kamigata-expo-park-fes-2026,2026-11-01,,[大阪府] 万博記念公園,electronic,female,前日までにログイン情報共有,,,,QR,2026-09-27 10:24:12,public_alias_observed,2026-09-27 10:24:12,2026-09-27 10:24:12,transition_observed,sold,2,24000,"QR毎/Aぇ名義/初期当選/下3桁提示可/有効期限内/発送物戻りなし/条件なし/ペイジー払い
QR毎のお譲りです。
代表者同行者どちらも女性Aぇ名義の初期当選です。発送物戻りや過去エラー等はない当方管理の名義になります。
公演前日までにログイン情報をお伝えいたしますので当日入場後は速やかにログアウトし受取通知をお願いいたします。
公演中止以外の購入者様都合のキャンセルや返金はいたしかねます。
上記全てご理解頂ける方のみご購入よろしくお願いいたします。
コメントをする（0）
コメント欄はOFFです
出品者への質問はメッセージで行いましょう。
売り切れ
あなたと出品者とのやり取りが表示されます。第三者に閲覧されることはありません。
まだメッセージのやり取りはありません
売り切れ
ホーム
出品
検討中
ひろば
メッセージ
マイページ
このチケットは売り切れました
この出品はすでに購入されています。同じ日程の他のチケットをご覧ください。
同日程のチケットを探す
チケテン！
ライブ中の席交換もできる総合チケットサイト。安全な取引をサポートします。
ホーム
マイページ
お問い合わせ
お知らせ
使い方ガイド
コラム
Magazine
提携メディア
利用規約
プライバシーポリシー
特定商取引法に基づく表記
チケット不正転売禁止法について
手数料
© 2025 Wakuste LLC. All rights reserved.
ホーム
出品
検討中
ひろば
メッセージ
マイページ",True,x471s42d9f,2026-09-26 01:01:13,sold_confirmed,2026-09-27 10:24:12,2026-09-27 09:48:30,public_detail,False,public_detail,,,,,,,,
fmr0l95qpm,,tvasahi-dream-festival-2026,2026-11-23,15:00,Kアリーナ横浜,paper,female,入金後24時間以内に郵送,と,5.0,,番手,2026-09-27 10:51:58,public_alias_observed,2026-09-27 10:51:58,,,deleted,1,25000,2名義中2番手 公演中止以外の返金不可,True,fmr0l95qpm,2026-09-26 02:01:13,deleted_confirmed,2026-09-27 10:51:58,2026-09-27 09:48:30,public_detail,False,public_detail,cancelled,,,,,,,
5nrtjm63ks,,tvasahi-dream-festival-2026,2026-11-21,15:00,Kアリーナ横浜,paper,female,当日手渡し,A,5.0,,,2026-09-27 10:51:58,public_alias_observed,2026-09-27 10:51:58,,,deleted,2,11500,当日手渡しまたは郵送になります。発券後こちらがお渡し方法指定いたします。本人確認対応不可。中止の場合のみ返金。,True,5nrtjm63ks,2026-09-26 02:01:13,deleted_confirmed,2026-09-27 10:51:58,2026-09-27 09:48:30,public_detail,False,public_detail,cancelled,,,,,,,
r3stb09erj,,tvasahi-dream-festival-2026,2026-11-22,15:00,Kアリーナ横浜,paper,female,当日手渡し,A,5.0,,,2026-09-27 10:51:59,public_alias_observed,2026-09-27 10:51:59,,,deleted,1,17000,"当日手渡しまたは郵送になります。発券後こちらがお渡し方法指定いたします。購入様に選択権はございません。本人確認対応不可。中止の場合のみ返金。
",True,r3stb09erj,2026-09-26 02:01:13,deleted_confirmed,2026-09-27 10:51:59,2026-09-27 09:48:30,public_detail,False,public_detail,cancelled,,,,,,,
7fo7wcf082,,tvasahi-dream-festival-2026,2026-11-22,15:00,Kアリーナ横浜,paper,female,当日手渡し,A,5.0,,,2026-09-27 10:51:59,public_alias_observed,2026-09-27 10:51:59,,,deleted,2,20000,当日手渡しまたは郵送になります。発券後こちらがお渡し方法指定いたします。本人確認対応不可。中止の場合のみ返金。,True,7fo7wcf082,2026-09-26 02:01:13,deleted_confirmed,2026-09-27 10:51:59,2026-09-27 09:48:30,public_detail,False,public_detail,cancelled,,,,,,,
g80qs469jl,,tvasahi-dream-festival-2026,2026-11-21,15:00,Kアリーナ横浜,paper,none,当日手渡し,ぽぽ,5.0,,番手,2026-09-27 10:52:00,public_alias_observed,2026-09-27 10:52:00,,,listing,2,25000,"4名義中2番手
プラベル変更可能な方お値下げいたします
アプグレ当選0.7/枚上乗せ可能な方(当日現金手渡し)
本人確認対応不可
公演中止以外いかなる場合も返金不可(公演中止のみ手数料引いた金額を返金いたします)

ご質問等お気軽にお声がけ下さい",True,n67nh0raba,2026-09-26 01:01:13,alias,2026-09-28 02:13:26,2026-09-27 09:48:30,public_detail,False,public_detail,inactive,,public_detail,2026-09-28 00:02:54,True,2026-09-28 00:02:54,k8qw3X3Mpda6ZvJKsOG1,"{""isSpecified"": false, ""value"": """"}"
8na321gyxr,,tvasahi-dream-festival-2026,2026-11-21,15:00,Kアリーナ横浜,paper,none,手渡し,ぽぽ,5.0,,番手 / ランダム / QR,2026-09-27 10:52:00,public_alias_observed,2026-09-27 10:52:00,,,listing,2,15000,"少人数すり替えなしランダム

手持ち名義全てアプグレ申し込み
アプグレ当選チケットお渡しの場合は0.7/枚上乗せ",True,k96a2rd5b3,2026-09-26 02:01:13,alias,2026-09-28 02:13:26,2026-09-27 09:48:30,public_detail,False,public_detail,inactive,,public_detail,2026-09-28 00:02:55,True,2026-09-28 00:02:55,k8qw3X3Mpda6ZvJKsOG1,"{""isSpecified"": false, ""value"": """"}"
ln9vvnrttc,,tvasahi-dream-festival-2026,2026-11-23,15:00,Kアリーナ横浜,paper,female,当日手渡し、郵送、都内手渡しも可能です,mina37,5.0,,同行,2026-09-27 10:52:00,public_alias_observed,2026-09-27 10:52:00,,,deleted,1,15000,"オフィシャル最速先行　重複なし同行
公演中止の場合手数料を差引いた金額を返金致します。中止以外の返金不可。",True,ln9vvnrttc,2026-09-26 01:01:13,deleted_confirmed,2026-09-27 10:52:00,2026-09-27 09:48:30,public_detail,False,public_detail,cancelled,,,,,,,
7okc97bfb4,,tvasahi-dream-festival-2026,2026-11-23,15:00,Kアリーナ横浜,pickup_number,female,公演日5日前までに発券番号共有,R,5.0,,,2026-09-27 10:52:00,public_alias_observed,2026-09-27 10:52:00,,,deleted,2,15000,オフィシャル先行/発券番号でのお譲り,True,7okc97bfb4,2026-09-26 01:01:13,deleted_confirmed,2026-09-27 10:52:00,2026-09-27 09:48:30,public_detail,False,public_detail,cancelled,,,,,,,
ia0a868va1,,tvasahi-dream-festival-2026,2026-11-21,15:00,Kアリーナ横浜,paper,none,当日手渡し又は事前手渡し,n,5.0,,ランダム,2026-09-27 10:52:01,public_alias_observed,2026-09-27 10:52:01,2026-09-27 10:52:01,transition_observed,sold,2,11000,"いち早枠当選名義のみのランダム配布

全てアプグレ申し込み予定ですが、落選名義のチケットをお渡しする可能性もございます。
2連で購入の方には必ず2連でチケットお...",True,ia0a868va1,2026-09-26 05:01:09,sold_confirmed,2026-09-27 10:52:01,2026-09-27 09:48:30,public_detail,False,public_detail,sold,,,,,,,
6lq3o786vb,,tvasahi-dream-festival-2026,2026-11-23,15:00,Kアリーナ横浜,paper,female,公演日7日前までに郵送,ちぇ,5.0,,番手,2026-09-27 10:52:01,public_alias_observed,2026-09-27 10:52:01,,,listing,4,0,"オフィシャル最速先行　2名義中2番手
公演中止の場合　手数料を差引いた金額を返金致します。中止以外の返金不可。

11月18日紙チケ発券後レターパックプラス又はライトにて発送致します。受け取り次第評価の方をお願いします。",True,ereu793r9g,2026-09-26 02:01:13,alias,2026-09-28 02:13:26,2026-09-27 09:48:30,public_detail,True,on_request,inactive,,public_detail,2026-09-28 00:02:54,True,2026-09-28 00:02:54,k8qw3X3Mpda6ZvJKsOG1,"{""isSpecified"": false, ""value"": """"}"
k3cihbew47,,tvasahi-dream-festival-2026,2026-11-23,15:00,Kアリーナ横浜,paper,female,当日手渡し,A,5.0,,,2026-09-27 10:52:02,public_alias_observed,2026-09-27 10:52:02,2026-09-27 10:52:02,transition_observed,sold,1,11000,当日手渡しまたは郵送になります。発券後こちらがお渡し方法指定いたします。本人確認対応不可。中止の場合のみ返金。,True,k3cihbew47,2026-09-26 02:01:13,sold_confirmed,2026-09-27 10:52:02,2026-09-27 09:48:30,public_detail,False,public_detail,sold,,,,,,,
idp564il4p,,tvasahi-dream-festival-2026,2026-11-21,15:00,Kアリーナ横浜,paper,female,当日or事前手渡し,,,,ランダム,2026-09-27 10:52:02,public_alias_observed,2026-09-27 10:52:02,2026-09-27 10:52:02,transition_observed,sold,2,10000,"いち早枠当選名義のみのランダム配布
全てアプグレ申し込み予定ですが、落選名義のチケットをお渡しする可能性もございます。
2連で購入の方には必ず2連でチケットお渡しいたします。
・当日開場15分前までにチケット手渡しさせて頂きます。集合時間は相談して決めますのでご安心ください。
（ご希望によっては事前郵送でも対応かのうですので事前にコメントをお願いいたしますり）
・名義数はお答えできかねます。
・公演中止以外のいかなる理由(出演者の変更、体調不良、本人確認、待ち合わせへの遅刻等)への返金対応は不可になります。
上記内容をご理解頂ける成人済みの方のみご購入をお願いいたします。
コメントをする（0）
コメント欄はOFFです
出品者への質問はメッセージで行いましょう。
売り切れ
あなたと出品者とのやり取りが表示されます。第三者に閲覧されることはありません。
まだメッセージのやり取りはありません
売り切れ
ホーム
出品
検討中
ひろば
メッセージ
マイページ
このチケットは売り切れました
この出品はすでに購入されています。同じ日程の他のチケットをご覧ください。
同日程のチケットを探す
チケテン！
ライブ中の席交換もできる総合チケットサイト。安全な取引をサポートします。
ホーム
マイページ
お問い合わせ
お知らせ
使い方ガイド
コラム
Magazine
提携メディア
利用規約
プライバシーポリシー
特定商取引法に基づく表記
チケット不正転売禁止法について
手数料
© 2025 Wakuste LLC. All rights reserved.
ホーム
出品
検討中
ひろば
メッセージ
マイページ",True,idp564il4p,2026-09-26 01:01:13,sold_confirmed,2026-09-27 10:52:02,2026-09-27 09:48:30,public_detail,False,public_detail,sold,,,,,,,
cppgyz735h,,tvasahi-dream-festival-2026,2026-11-23,15:00,Kアリーナ横浜,paper,female,郵送,R,5.0,,QR,2026-09-27 12:13:05,scrape_observed,2026-09-27 15:02:50,,,deleted,2,25000,オフィシャル先行/重複なし,True,cppgyz735h,2026-09-27 12:13:05,deleted_confirmed,2026-09-27 15:02:50,2026-09-27 15:02:50,public_detail,False,public_detail,cancelled,オフィシャル先行/重複なし,public_detail,2026-09-27 15:02:50,True,2026-09-27 15:02:50,k8qw3X3Mpda6ZvJKsOG1,"{""isSpecified"": false, ""value"": """"}"
2ddbk3so9z,,kamigata-expo-park-fes-2026,2026-10-31,,[大阪府] 万博記念公園,electronic,female,公演前日までにQRコード共有,s,5.0,,,2026-09-27 14:02:51,scrape_observed,2026-09-28 00:02:52,,,listing,2,35000,"QRごと/初期当選/前回ツアー落選×前回ツアー落選Aぇ名義/有効期限内/発送物戻り無/同一クレカ決済無し/下3桁提示可

公演前日に必要な情報等を連絡ボードにてお知らせ致します。代表者の同意チェックは購入者様ご自身でお願い致します。

公演当日入場後は速やかにログアウトして頂き、必ず開演時間までに受け取り通知をお願い致します。

座席に関するクレーム等は一切受け付けません。

公演中止を除き交通機関遅れ、出演者変更、体調不良等購入者様都合の事情、ランダムエラー等如何なる場合も返金致しません。

ご購入は上記を了承した上で日本語の理解出来る、成人済み日本人の方でお願い致します。",True,cphr1epgcj,2026-09-27 14:02:51,alias,2026-09-28 01:05:49,2026-09-28 01:12:46,public_detail,False,public_detail,active,"QRごと/初期当選/前回ツアー落選×前回ツアー落選Aぇ名義/有効期限内/発送物戻り無/同一クレカ決済無し/下3桁提示可

公演前日に必要な情報等を連絡ボードにて...",public_detail,2026-09-28 00:14:27,True,2026-09-28 00:14:27,1Cl2VvDmJVZqGnDqCyq0,"{""isSpecified"": false, ""value"": """"}"
gak9y6bpr5,,tvasahi-dream-festival-2026,2026-11-23,15:00,Kアリーナ横浜,paper,female,当日手渡し又は郵送,A,5.0,,,2026-09-27 14:02:53,scrape_observed,2026-09-27 22:21:57,2026-09-27 22:21:57,transition_observed,sold,1,20000,重複分。アプグレ不可。当日手渡し又は郵送いたします。（購入者様に選択権はございません。）本人確認対応不可。中止の場合のみ返金。チケット受け取りの際に座席のご確認お願い致します。催促される方のご購入ご遠慮ください。,True,gak9y6bpr5,2026-09-27 14:02:53,sold_confirmed,2026-09-27 22:21:57,,public_detail,False,public_detail,sold,重複分。アプグレ不可。当日手渡し又は郵送いたします。（購入者様に選択権はございません。）本人確認対応不可。中止の場合のみ返金。チケット受け取りの際に座席のご確認...,public_detail,2026-09-27 22:21:57,True,2026-09-27 22:21:57,k8qw3X3Mpda6ZvJKsOG1,"{""isSpecified"": false, ""value"": """"}"
k4lnw15l3u,,kamigata-expo-park-fes-2026,2026-11-01,,[大阪府] 万博記念公園,electronic,female,入金後24時間以内にQRコード共有,のっち,5.0,,番手,2026-09-27 15:02:48,scrape_observed,2026-09-28 00:02:52,,,listing,2,26000,"【2名義中2番手】なにわ名義／すり替えなし／有効期限内／下3桁提示可／エラー歴なし

公演当日は、こちらが指定する時間・場所に集合していただき、同時入場を予定しております。
入場方法や当日の状況により、QRごとお渡しする場合がございますので、柔軟にご対応いただける方のみご購入をお願いいたします。

入場時間が早朝となる可能性がございます。公式から詳細が発表され次第、集合時間・場所について取引メッセージにてご連絡いたします。指定時間に確実にお越しいただける方のみご購入ください。

2連でご購入の場合、入場時に分かれていただく可能性がございますが、連番のチケットをお渡しいたします。

大きな荷物・キャリーケース等は、集合前にコインロッカー等へお預けいただいた状態でお越しください。

チケットお渡し後は、速やかに受取連絡をお願いいたします。

座席・ブロック等に関するクレームは一切お受けできません。
また、交通機関の遅延、遅刻、体調不良、本人確認、ランダムエラー・システムエラー等、主催者による公演中止以外の理由で入場できなかった場合も、キャンセル・返金には対応いたしかねます。

集合時間に遅刻された場合は、先に入場させていただく場合がございます。その場合も受取連絡は必ずお願いいたします。

公演中止の場合のみ、各種手数料を差し引いた金額を返金いたします。

日本語でスムーズに連絡が取れ、上記すべてご了承いただける方のみご購入をお願いいたします。代理購入はご遠慮ください。
",True,cvbqivr5uj,2026-09-27 15:02:48,alias,2026-09-28 01:05:49,2026-09-28 01:12:46,public_detail,False,public_detail,active,"【2名義中2番手】なにわ名義／すり替えなし／有効期限内／下3桁提示可／エラー歴なし

公演当日は、こちらが指定する時間・場所に集合していただき、同時入場を予定し...",public_detail,2026-09-28 00:14:30,True,2026-09-28 00:14:30,1Cl2VvDmJVZqGnDqCyq0,"{""isSpecified"": false, ""value"": """"}"
lpbq5yc2ok,,xmf-2026,2026-10-04,11:30,パラダイスシティ（カルチャーパーク）,paper,female,当日手渡し,s_n_313_,5.0,,,2026-09-27 15:02:54,scrape_observed,2026-09-28 00:02:57,,,listing,2,7000,"本人確認のため同時入場→入場後解散
単番希望の方はメッセージにてご相談ください。",True,lpbq5yc2ok,2026-09-27 15:02:54,absent_unverified,2026-09-28 00:23:46,2026-09-28 01:12:52,public_detail,False,public_detail,active,"本人確認のため同時入場→入場後解散
単番希望の方はメッセージにてご相談ください。",public_detail,2026-09-28 00:23:46,True,2026-09-28 00:23:46,ZF3nXbQLYRYSCKZOQwGp,"{""isSpecified"": false, ""value"": """"}"
9y71epbpmz,,kamigata-expo-park-fes-2026,2026-10-31,,[大阪府] 万博記念公園,electronic,female,公演前日にログイン情報をお伝えいたします。,あ,5.0,,QR,2026-09-27 17:02:41,scrape_observed,2026-09-28 00:02:52,,,listing,1,23000,"QRごと/初期当選/重複すり替え無し/下3桁提示可/有効期限内/なにわ名義

公演中止の際のみ規約に従い返金対応いたします。ランダムエラー、本人確認、体調不良、買い手様ご都合で入場が遅れた場合や、その他いかなる場合もキャンセルを含む一切の返金対応不可です。ご了承のうえご購入ください。

成人されている日本人女性のみご購入ください。",True,0xvwrje6tq,2026-09-27 17:02:41,alias,2026-09-28 01:05:50,2026-09-28 01:12:46,public_detail,False,public_detail,active,"QRごと/初期当選/重複すり替え無し/下3桁提示可/有効期限内/なにわ名義

公演中止の際のみ規約に従い返金対応いたします。ランダムエラー、本人確認、体調不良、...",public_detail,2026-09-28 00:14:29,True,2026-09-28 00:14:29,1Cl2VvDmJVZqGnDqCyq0,"{""isSpecified"": false, ""value"": """"}"
22xsanwptv,,kamigata-expo-park-fes-2026,2026-10-31,,[大阪府] 万博記念公園,electronic,female,公演日前日にログイン情報共有します。,るる,5.0,,QR,2026-09-28 01:12:46,public_alias_observed,2026-09-29 00:03:13,,,listing,2,38000,"QR毎/初期当選/有効期限内/重複すり替えなし/下3桁提示可/発送物戻りなし/過去エラー等なし/WEST.名義

公演前日にログイン情報共有いたしますのでご自身で発券、入場お願いいたします。


入場後、入場報告を行ってください。
(公演時間までにできない方はお断りさせて頂きます。)

主催者側都合での公演中止の場合のみ返金可能。
その他 交通機関の乱れ、ランダムエラー含めたトラブルによる入場不可等の返金、キャンセルはいたしかねます。
また座席に関するクレーム、出演者の変更等いかなる場合でも買い手側様都合での返金はいたしかねます。

日本人女性の方のみご購入ください。
上記全てご了承いただけた方のみご購入ください。",True,4t3lsjoy06,2026-09-26 02:01:13,alias,2026-09-29 01:08:46,2026-09-29 01:13:15,public_detail,False,public_detail,active,"QR毎/初期当選/有効期限内/重複すり替えなし/下3桁提示可/発送物戻りなし/過去エラー等なし/WEST.名義

公演前日にログイン情報共有いたしますのでご自身...",public_detail,2026-09-29 00:15:04,True,2026-09-29 00:15:04,1Cl2VvDmJVZqGnDqCyq0,"{""isSpecified"": false, ""value"": """"}"
ghgs2p5lcp,,kamigata-expo-park-fes-2026,2026-10-31,,[大阪府] 万博記念公園,electronic,female,同行,L,5.0,,番手,2026-09-28 01:12:46,public_alias_observed,2026-09-29 00:03:13,,,listing,2,32000,"6名義中3番手/初期当選/有効期限内/すり替えなし/下三桁提示可能

ランダムエラー、出演者変更、体調不良、交通機関の乱れなどの如何なる理由により入場できなかった場合でも受け取り通知をして頂きます。購入後のクレームについては一切受け付けませんのでご了承ください。

当日8:30入場可能な方のみでお願い致します。",True,39v3f8hw4i,2026-09-26 01:01:13,alias,2026-09-29 01:08:46,2026-09-29 01:13:15,public_detail,False,public_detail,active,"6名義中3番手/初期当選/有効期限内/すり替えなし/下三桁提示可能

ランダムエラー、出演者変更、体調不良、交通機関の乱れなどの如何なる理由により入場できなかっ...",public_detail,2026-09-29 00:14:53,True,2026-09-29 00:14:53,1Cl2VvDmJVZqGnDqCyq0,"{""isSpecified"": false, ""value"": """"}"
j3p1inaf6p,,kamigata-expo-park-fes-2026,2026-10-31,,[大阪府] 万博記念公園,electronic,female,同行,ari,5.0,,番手,2026-09-28 01:12:46,public_alias_observed,2026-09-29 00:03:13,,,listing,1,30000,"3名義所持(2連×1名義、単番×2名義)/4枚中2番手/初期当選/Aぇ名義/有効期限内/すり替えなし/下3桁提示可

プラベルでのお取引希望の方は移行させていただきますので、メッセージをお願いします。

公演当日、会場付近にて集合後同時入場していただきます。時間厳守できる方のみ購入をお願いします。指定した時間に遅れた場合も待たずに入場しますが、受取報告をしていただきます。

入場後一旦チケットを回収し、座席選択後2番目にチケットをお選びいただきます。
チケットお渡しの際に受取報告をお願いします。受取報告を確認できるまでチケットはお渡しできませんのでご了承ください。

代理購入不可、未就学児を連れてる方の購入不可、スーツケース等大きい荷物の持ち込みもご遠慮ください。

遅刻、体調不良、交通機関等遅延、本人確認、ランダムエラー等公演中止以外の返金は一切対応できません。

日本語が話せてスムーズにご連絡の取れる方のみご購入ください。
購入いただいた時点で、上記全て了承したものとみなしクレームは一切受け付けません。",True,42casurh0k,2026-09-26 02:01:13,alias,2026-09-29 01:08:46,2026-09-29 01:13:15,public_detail,False,public_detail,active,"3名義所持(2連×1名義、単番×2名義)/4枚中2番手/初期当選/Aぇ名義/有効期限内/すり替えなし/下3桁提示可

プラベルでのお取引希望の方は移行させていた...",public_detail,2026-09-29 00:15:04,True,2026-09-29 00:15:04,1Cl2VvDmJVZqGnDqCyq0,"{""isSpecified"": false, ""value"": """"}"
e74t73woej,,kamigata-expo-park-fes-2026,2026-10-31,,[大阪府] 万博記念公園,electronic,female,初期当選、単番QR毎、重複すり替えなし、有効期限内、下3桁可能,J,5.0,,QR,2026-09-28 01:12:46,public_alias_observed,2026-09-29 00:03:13,,,listing,1,48000,前日になりましたらログイン情報ご提示いたします。買い手の方で同意チェックしてご入場ください。本人確認、ランダムエラー対応はできません。公演中止のみ返金いたします。,True,vzqkei5bn5,2026-09-26 02:01:13,alias,2026-09-29 01:08:46,2026-09-29 01:13:15,public_detail,False,public_detail,active,前日になりましたらログイン情報ご提示いたします。買い手の方で同意チェックしてご入場ください。本人確認、ランダムエラー対応はできません。公演中止のみ返金いたします...,public_detail,2026-09-29 00:15:08,True,2026-09-29 00:15:08,1Cl2VvDmJVZqGnDqCyq0,"{""isSpecified"": false, ""value"": """"}"
2nxezik9hv,,kamigata-expo-park-fes-2026,2026-10-31,,[大阪府] 万博記念公園,electronic,female,同行,か,5.0,,番手,2026-09-28 01:12:46,public_alias_observed,2026-09-29 00:03:13,,,listing,2,25000,"2名義中2番手/全てジュニア名義/初期当選/下3桁提示可能/エラー、郵送物戻りなし

・8:30までに集合可能な方のみご購入ください。

・同時入場後一旦チケットを回収し、こちらでチケットを選択後に選んでいただきます。

・入場ゲート、整理番号等、やむを得ない事情で番手でのお譲りが難しくなった場合はQR毎でのお取引に変更する場合がございますがその際も1度集合していただきますようお願いいたします。

・電話番号をお伺いする場合がございます、ご了承ください。

・当日は会場付近の指定の場所へお集まりいただきます。時間厳守でお願いいたします。遅刻された場合、先に入場いたしますが、その場合も受取通知は必ずしていただきます。

・チケットをお渡しした際は、その場で速やかに受取通知をお願いいたします。

・代理購入不可、日本語の通じる成人女性の方のみご購入ください。盗撮、録音等、名義に傷が付くような行為はおやめください。

・キャリーケース等大きな荷物はお待ち合わせ前にお預けいただき、持ち込みはご遠慮ください。

・開演前までの公演中止の場合のみ、返金対応いたします。遅延遅刻、体調不良、システムエラー、ランダムエラー、本人確認、同行者の急遽欠席等、開演前までの公演中止以外のいかなる理由でもキャンセル、返金、送金停止依頼等対応いたしかねます。

・入場時の端末チケット持ち逃げ等防止の為、入場前に公的で有効な本人確認出来るもの（運転免許証、保険証等）をお預かりさせていただく場合がございます。チケットお渡し時に同時に返却とさせていただきます。責任を持って丁重にお預かりし、中身を拝見することも個人情報を控えることも一切ございませんのでご安心ください。

・詳しい待ち合わせ時間・場所等は、メッセージにてご連絡いたします。

上記の内容にご理解ご了承いただける方のみご購入ください。",True,i2u47xyh56,2026-09-26 02:01:13,alias,2026-09-29 01:08:47,2026-09-29 01:13:15,public_detail,False,public_detail,active,"2名義中2番手/全てジュニア名義/初期当選/下3桁提示可能/エラー、郵送物戻りなし

・8:30までに集合可能な方のみご購入ください。

・同時入場後一旦チケッ...",public_detail,2026-09-29 00:15:08,True,2026-09-29 00:15:08,1Cl2VvDmJVZqGnDqCyq0,"{""isSpecified"": false, ""value"": """"}"
k38ial178h,,kamigata-expo-park-fes-2026,2026-10-31,,[大阪府] 万博記念公園,electronic,female,公演日7日前までにQRコード共有,yunaka,5.0,,,2026-09-28 01:12:46,public_alias_observed,2026-09-29 00:03:13,,,listing,2,22000,,True,n63z7bzhni,2026-09-26 09:01:11,alias,2026-09-29 01:08:47,2026-09-29 01:13:15,public_detail,False,public_detail,active,,public_detail,2026-09-29 00:14:54,True,2026-09-29 00:14:54,1Cl2VvDmJVZqGnDqCyq0,"{""isSpecified"": false, ""value"": """"}"
5f7bpzeirz,,kamigata-expo-park-fes-2026,2026-10-31,,[大阪府] 万博記念公園,electronic,female,同行,🦀,5.0,,同行 / 番手,2026-09-28 01:12:46,public_alias_observed,2026-09-29 00:03:13,,,listing,2,33000,"2番手中2番
全てAぇ名義/変更ボタンあり/初期当選/期限内/下3桁提示可能/すり替えなし

公演当日、こちらが指定した時間に会場付近にて待ち合わせのうえ、同時入場していただきます。
待ち合わせ時間厳守でお願いいたします。
遅刻された場合は待たずに入場いたします。
その際も受取連絡は必ずお願いいたします。

入場後はチケットを一旦回収し、当方が選択しなかったチケットをお渡しします。チケットを選ぶのにお時間がかかる場合がございますのでご理解ください。　
チケットお渡し時、速やかに受取連絡をお願いします。

電波環境が悪い場合がございますので事前に電話番号を伺うことがございますので、ご了承ください。

購入者様の体調不良や遅刻により入場できなかった場合、本人確認、入場時のランダムエラー、座席などへのクレームでの返金は一切致しかねます。
公演中止以外のキャンセルは一切受け付けません。上記のような場合でも必ず受取連絡はして頂きますのでご了承ください。
トラブル防止のため代理購入はお控えください。

日本語でのやりとりがスムーズな20↑の女性のみご購入ください。",True,ha9tqm2i2z,2026-09-26 02:01:13,alias,2026-09-29 01:08:48,2026-09-29 01:13:15,public_detail,False,public_detail,active,"2番手中2番
全てAぇ名義/変更ボタンあり/初期当選/期限内/下3桁提示可能/すり替えなし

公演当日、こちらが指定した時間に会場付近にて待ち合わせのうえ、同時...",public_detail,2026-09-29 00:15:05,True,2026-09-29 00:15:05,1Cl2VvDmJVZqGnDqCyq0,"{""isSpecified"": false, ""value"": """"}"
v23ezt9v3j,,kamigata-expo-park-fes-2026,2026-10-31,,[大阪府] 万博記念公園,electronic,female,同行,★,5.0,,番手,2026-09-28 01:12:46,public_alias_observed,2026-09-29 00:03:13,,,listing,2,33000,"初期当選/3名義中3番手/有効期限名義のみ/WEST×WEST・Aぇ×Aぇ/すり替えなし/下3桁提示可

プラベルでのお取引可能な方はお申し付けください。


入場後はチケットを一旦回収し、当方が座席選択後に順次チケットをお渡し致します。チケットを選ぶのにお時間がかかる場合がございます。チケットをお渡しする際に、その場で受け取り連絡をお願いいたします。

電波環境が悪い場合がございますので事前に電話番号を伺うことがございますのでご了承ください。



当日は、事前に連絡ボードでお伝えする指定した時間、場所にお集まりいただきます。10分以上遅刻された場合は購入様を待たずに入場いたしますが、その際も受け取り連絡はしていただきます。
詳しい集合場所、時間等につきましては 連絡ボードにて連絡させていただきます。
 座席に関するクレームは受付ません。  


遅刻や体調不良、本人確認、システムエラーやランダムエラー等、主催者側による公演中止以外でのキャンセル・返金対応はいかなる理由でも致しません。  
遅刻された場合は先に入場させていただきますが、受取評価はしていただきます。  

未就学児をお連れの方、持病や怪我等がある方、キャリーケース等大きなお荷物をお持ちの方のご購入はご遠慮ください。
購入者様本人がお越し頂くようお願いいたします。代理購入は遠慮ください。

上記をご確認頂き、日本語でスムーズにご連絡の取れる方のみご購入下さい。

ご購入頂いた時点で、上記全てにご了承頂いたものとみなし送金停止含むクレームは一切お受け致しません。
",True,bnvtti7nm6,2026-09-26 02:01:13,alias,2026-09-29 01:08:48,2026-09-29 01:13:15,public_detail,False,public_detail,active,"初期当選/3名義中3番手/有効期限名義のみ/WEST×WEST・Aぇ×Aぇ/すり替えなし/下3桁提示可

プラベルでのお取引可能な方はお申し付けください。...",public_detail,2026-09-29 00:15:07,True,2026-09-29 00:15:07,1Cl2VvDmJVZqGnDqCyq0,"{""isSpecified"": false, ""value"": """"}"
qeigez71r9,,kamigata-expo-park-fes-2026,2026-10-31,,[大阪府] 万博記念公園,electronic,female,公演前日にログイン情報,ああ,4.9,,QR,2026-09-28 01:12:46,public_alias_observed,2026-09-29 00:03:13,,,listing,2,20000,"QRごと/該当名義/重複すり替え無し/下3桁提示可/有効期限内/WEST.名義

公演中止の際のみ規約に従い返金対応いたします。ランダムエラー、本人確認、体調不良、買い手様ご都合で入場が遅れた場合や、その他いかなる場合もキャンセルを含む一切の返金対応不可です。ご了承のうえご購入ください。",True,rsp7r6c3ih,2026-09-27 02:01:12,alias,2026-09-29 01:08:49,2026-09-29 01:13:15,public_detail,False,public_detail,active,"QRごと/該当名義/重複すり替え無し/下3桁提示可/有効期限内/WEST.名義

公演中止の際のみ規約に従い返金対応いたします。ランダムエラー、本人確認、体調不...",public_detail,2026-09-29 00:15:07,True,2026-09-29 00:15:07,1Cl2VvDmJVZqGnDqCyq0,"{""isSpecified"": false, ""value"": """"}"
hkybz4eoe3,,kamigata-expo-park-fes-2026,2026-10-31,,[大阪府] 万博記念公園,electronic,female,同行,れいあ,5.0,,同行,2026-09-28 01:12:46,public_alias_observed,2026-09-29 00:03:13,,,listing,1,30000,"当方の同行のため岡﨑担❌
WEST名義

すり替えなし。下3桁提示可能。有効期限内。初期当選。着ブロ希望なし。郵送物戻りなし。過去エラーなし。

ランダムエラー、本人確認、電波環境、体調不良等で入場できなかった場合でも受取評価はしていただきます。もしも本人確認されてしまった場合などでもこちらの名義を売るような行為はおやめください。

入場後すぐにログアウト、開演前までに受取評価してくださる方、すぐにお支払いしてくださる方、盗撮録音など名義に傷を付ける行為をしない方、上記全ての条件にご納得していただける方のみ落札してください。",True,vee8vn19yr,2026-09-26 01:01:13,alias,2026-09-29 01:08:49,2026-09-29 01:13:15,public_detail,False,public_detail,active,"当方の同行のため岡﨑担❌
WEST名義

すり替えなし。下3桁提示可能。有効期限内。初期当選。着ブロ希望なし。郵送物戻りなし。過去エラーなし。

ランダムエラー...",public_detail,2026-09-29 00:15:05,True,2026-09-29 00:15:05,1Cl2VvDmJVZqGnDqCyq0,"{""isSpecified"": false, ""value"": """"}"
fn6fzqoj10,,kamigata-expo-park-fes-2026,2026-10-31,,[大阪府] 万博記念公園,electronic,female,公演前日までにQRコード共有,s,5.0,,,2026-09-28 01:12:46,public_alias_observed,2026-09-29 00:03:13,,,listing,2,35000,"QRごと/初期当選/前回ツアー落選×前回ツアー落選Aぇ名義/有効期限内/発送物戻り無/同一クレカ決済無し/下3桁提示可

公演前日に必要な情報等を連絡ボードにてお知らせ致します。代表者の同意チェックは購入者様ご自身でお願い致します。

公演当日入場後は速やかにログアウトして頂き、必ず開演時間までに受け取り通知をお願い致します。

座席に関するクレーム等は一切受け付けません。

公演中止を除き交通機関遅れ、出演者変更、体調不良等購入者様都合の事情、ランダムエラー等如何なる場合も返金致しません。

ご購入は上記を了承した上で日本語の理解出来る、成人済み日本人の方でお願い致します。",True,cphr1epgcj,2026-09-27 14:02:51,alias,2026-09-29 01:08:50,2026-09-29 01:13:15,public_detail,False,public_detail,active,"QRごと/初期当選/前回ツアー落選×前回ツアー落選Aぇ名義/有効期限内/発送物戻り無/同一クレカ決済無し/下3桁提示可

公演前日に必要な情報等を連絡ボードにて...",public_detail,2026-09-29 00:15:53,True,2026-09-29 00:15:53,1Cl2VvDmJVZqGnDqCyq0,"{""isSpecified"": false, ""value"": """"}"
q5zqykwrg4,,kamigata-expo-park-fes-2026,2026-10-31,,[大阪府] 万博記念公園,electronic,female,当日渡し,Me_7teor,5.0,,QR / 番手,2026-09-28 01:12:46,public_alias_observed,2026-09-29 00:03:13,,,listing,2,0,"5名義中5番手
初期当選/有効期限内/すり替えなし/下三桁提示可能

ランダムエラー、出演者変更、体調不良、交通機関の乱れなどの如何なる理由により入場できなかった場合でも受け取り通知をして頂きます。購入後のクレームについては一切受け付けませんのでご了承ください。

当日8:30入場可能な方のみでお願い致します。",True,ni301wnirj,2026-09-26 01:01:13,alias,2026-09-29 01:08:50,2026-09-29 01:13:15,public_detail,True,on_request,active,"5名義中5番手
初期当選/有効期限内/すり替えなし/下三桁提示可能

ランダムエラー、出演者変更、体調不良、交通機関の乱れなどの如何なる理由により入場できなかっ...",public_detail,2026-09-29 00:14:51,True,2026-09-29 00:14:51,1Cl2VvDmJVZqGnDqCyq0,"{""isSpecified"": false, ""value"": """"}"
379fplk0dh,,kamigata-expo-park-fes-2026,2026-10-31,,[大阪府] 万博記念公園,electronic,female,入金後24時間以内にQRコード共有,さ,5.0,,番手,2026-09-28 01:12:46,public_alias_observed,2026-09-29 00:03:13,,,listing,1,50000,3名義中2番手です。,True,znrce3ieor,2026-09-26 02:01:13,alias,2026-09-29 01:08:51,2026-09-29 01:13:15,public_detail,False,public_detail,active,3名義中2番手です。,public_detail,2026-09-29 00:15:09,True,2026-09-29 00:15:09,1Cl2VvDmJVZqGnDqCyq0,"{""isSpecified"": false, ""value"": """"}"
cagsf0g28p,,kamigata-expo-park-fes-2026,2026-10-31,,[大阪府] 万博記念公園,electronic,female,同行,m,5.0,,同行,2026-09-28 01:12:46,public_alias_observed,2026-09-29 00:03:13,,,listing,1,38000,"2名義中1番手同行/初期当選/Aぇ名義/有効期限内/すり替えなし/下3桁提示可

プラベ出品でのお取引に移行させていただきますので、メッセージをお願いします。

公演当日、会場付近にて集合後同時入場していただきます。時間厳守できる方のみ購入をお願いします。指定した時間に遅れた場合も待たずに入場しますが、受取報告をしていただきます。

入場後一旦チケットを回収し、座席選択後にチケットをお渡しします。購入者様に座席選択の権利はございません。
チケットお渡しの際に受取報告をお願いします。受取報告を確認できるまでチケットはお渡しできませんのでご了承ください

遅刻、体調不良、交通機関等遅延、本人確認、ランダムエラー等公演中止以外の返金は一切対応できません。",True,wlvsxh2vgi,2026-09-26 02:01:13,alias,2026-09-29 01:08:51,2026-09-29 01:13:15,public_detail,False,public_detail,active,"2名義中1番手同行/初期当選/Aぇ名義/有効期限内/すり替えなし/下3桁提示可

プラベ出品でのお取引に移行させていただきますので、メッセージをお願いします。...",public_detail,2026-09-29 00:15:06,True,2026-09-29 00:15:06,1Cl2VvDmJVZqGnDqCyq0,"{""isSpecified"": false, ""value"": """"}"
mqb9nv4vnq,,kamigata-expo-park-fes-2026,2026-10-31,,[大阪府] 万博記念公園,electronic,female,同時入場,ぱ,4.8,,,2026-09-28 01:12:46,public_alias_observed,2026-09-29 00:03:13,,,listing,2,23000,"3名義中2名義目すり替えなし、全てsupereight名義
2連×3名義のうち、当方と友人で2連選択後残りの4枚から2連お選びください。
開場時間(8時30分)のため8時頃には会場付近ご到着ください。
集合は8時10分を予定しております。
こまめに連絡の取れる方でお願い致します。
発券後ブロック選択後のお渡しとなります。
場合によってはそのままお渡しさせていただきますが柔軟にご対応くださいませ。
購入者様にブロックの選択権は御座いません。
購入者様に座席の選択権は御座いませんのでご了承ください。
購入者様の端末でQRコードの表示をして頂く場合がございます。表示可能な端末をお持ちください。
詳しい集合場所や服装につきましては当日ご連絡させて頂きます。
交通機関の遅延、体調不良等含め当日集合時間にいらっしゃらない場合は待たずに入場させていただきます。その場合も受け取り評価はして頂きますのでご了承ください。
入場後は座席券をお渡しした際に受け取り評価をお願い致します。また、ブロックや整理番号等のクレームはお受けできません。

注意事項
※当日連絡の取りやすいよう購入後すぐ購入者様のお名前(フリガナ)と電話番号をお知らせください。
※心身共に健康でありこのようなお取引にご理解のある日本人の方のみご購入ください。
※ランダムエラー、本人確認等で入場出来なかった場合でも返金対応は出来かねます。また、体調不良含め如何なる場合でも入金後のキャンセルはお受けできませんので、そのような場合でも受け取り評価をお願い致します。
※録音録画等の違反行為をされる方は購入をお控えください。
※代理購入はお控えください。必ず購入者様本人が入場をお願い致します

記載内容以外の希望は対応出来かねますので、上記全てに納得いただいた方のみお取引を宜しくお願い致します
",True,yr6pf28cw3,2026-09-26 07:01:07,alias,2026-09-29 01:08:52,2026-09-29 01:13:15,public_detail,False,public_detail,active,"3名義中2名義目すり替えなし、全てsupereight名義
2連×3名義のうち、当方と友人で2連選択後残りの4枚から2連お選びください。
開場時間(8時30分)...",public_detail,2026-09-29 00:14:52,True,2026-09-29 00:14:52,1Cl2VvDmJVZqGnDqCyq0,"{""isSpecified"": false, ""value"": """"}"
alt5l63t31,,kamigata-expo-park-fes-2026,2026-10-31,,[大阪府] 万博記念公園,electronic,female,同行,ｲ,5.0,,番手,2026-09-28 01:12:46,public_alias_observed,2026-09-29 00:03:13,,,listing,2,23000,"2名義中2番手 / 初期当選 / すり替えなし / 下3桁提示可 / 有効期限内 / 該当名義(アンビ名義×2)


・8:30入場予定。

・公演当日、開場30分前会場付近にて待ち合わせし、同時入場していただきます。遅刻、体調不良、ランダムエラー、本人確認での返金不可。公演中止の際には仲介手数料を差し引いた金額を返金いたします。

・チケットはこちらで確認を行い、座席確認後にお渡しさせていただきます。チケットお渡しと同時に受取連絡を必ずお願いいたします。

・詳しい待ち合わせ時間・場所等は、ご入金後にマイページの連絡ボードでお知らせします。

・入場の際チケット発券の為、携帯端末ををお借りする場合がございますので、ご了承ください。",True,ku6nb6ra24,2026-09-26 01:01:13,alias,2026-09-29 01:08:52,2026-09-29 01:13:15,public_detail,False,public_detail,active,"2名義中2番手 / 初期当選 / すり替えなし / 下3桁提示可 / 有効期限内 / 該当名義(アンビ名義×2)


・8:30入場予定。

・公演当日、開場3...",public_detail,2026-09-29 00:14:59,True,2026-09-29 00:14:59,1Cl2VvDmJVZqGnDqCyq0,"{""isSpecified"": false, ""value"": """"}"
r5exywo78y,,kamigata-expo-park-fes-2026,2026-10-31,,[大阪府] 万博記念公園,electronic,female,公演日前日までにQRコード共有,ちゃ,4.6,,QR,2026-09-28 01:12:46,public_alias_observed,2026-09-29 00:03:13,,,listing,1,38000,"WEST.名義/QR毎/重複すり替えなし/初期当選/前回アリツア落選/該当舞台落選/有効期間内/変更ボタンあり/下３桁提示/公演前日までに連絡ボードにてログイン情報をお伝え致します。入場後は速やかにログアウトをよろしくお願い致します。
公演中止のみ手数料を差し引いた金額返金致します。その他いかなる理由でも返金対応致しませんのでご了承ください。個人情報を保護して頂ける方のみご購入いただけます。座席についてのお問い合わせは一切受け付けておりませんのでご理解ください。
",True,x9bjf1q6g0,2026-09-26 02:01:13,alias,2026-09-29 01:08:52,2026-09-29 01:13:15,public_detail,False,public_detail,active,WEST.名義/QR毎/重複すり替えなし/初期当選/前回アリツア落選/該当舞台落選/有効期間内/変更ボタンあり/下３桁提示/公演前日までに連絡ボードにてログイン...,public_detail,2026-09-29 00:15:08,True,2026-09-29 00:15:08,1Cl2VvDmJVZqGnDqCyq0,"{""isSpecified"": false, ""value"": """"}"
h9o5zuazh9,,kamigata-expo-park-fes-2026,2026-10-31,,[大阪府] 万博記念公園,electronic,female,同行,a,5.0,,番手,2026-09-28 01:12:46,public_alias_observed,2026-09-29 00:03:13,,,listing,1,21000,"2名義中2番手(単番×2)
有効期限内/下3桁提示可
公演中止以外の如何なる理由（ランダムエラー、交通機関の遅延、体調不良等）でのキャンセルや返金は致しかねます。また、座席に関するクレーム等は一切受け付けませ
ん。
公演中止の際は手数料を差し引いた額を返金します。
入場後は速やかに受取連絡をお願いいたします。

トラブル防止のため購入は日本人女性以外及び代理購入のご購入は遠慮ください。

購入された場合、以上全てに同意の上と判断いたします。",True,gsnv5m8hym,2026-09-26 01:01:13,alias,2026-09-29 01:08:53,2026-09-29 01:13:15,public_detail,False,public_detail,active,"2名義中2番手(単番×2)
有効期限内/下3桁提示可
公演中止以外の如何なる理由（ランダムエラー、交通機関の遅延、体調不良等）でのキャンセルや返金は致しかねます...",public_detail,2026-09-29 00:14:55,True,2026-09-29 00:14:55,1Cl2VvDmJVZqGnDqCyq0,"{""isSpecified"": false, ""value"": """"}"
dtqp4jd56f,,kamigata-expo-park-fes-2026,2026-10-31,,[大阪府] 万博記念公園,electronic,female,公演日前日にログイン情報を共有します。,みぃ,5.0,,QR,2026-09-28 01:12:46,public_alias_observed,2026-09-29 00:03:13,,,listing,1,30000,"QR毎・初期当選・公演日有効期限内・重複すり替えなし・下3桁提示可・発送物戻りなし・過去エラー等なし・SUPER EIGHT名義(武道館、FES落選)

公演前日にログイン情報共有いたしますのでご自身で発券・入場お願いいたします。
ご自身でQRを表示させてください。
QRを表示させる方法がわかる方のみご購入ください。

入場後は速やかに入場報告を行ってください。
連絡がない場合はこちらからお声掛けさせていただく場合がございます。

主催者側都合での公演中止の場合のみ返金可能。
その他 交通機関の乱れ、ランダムエラー含めたトラブルによる入場不可、連番内でのトラブル、会場内での取り締まり、座席に関するクレーム、出演者の変更、公演と関係のない急用等、いかなる場合でも買い手側様都合での返金はいたしかねます。

日本人女性の方のみご購入ください。
上記全てご了承いただけた方のみご購入ください。

※価格交渉可能です！",True,4kd4uvlr8z,2026-09-26 02:01:13,alias,2026-09-29 01:08:53,2026-09-29 01:13:15,public_detail,False,public_detail,active,"QR毎・初期当選・公演日有効期限内・重複すり替えなし・下3桁提示可・発送物戻りなし・過去エラー等なし・SUPER EIGHT名義(武道館、FES落選)

公演前...",public_detail,2026-09-29 00:15:13,True,2026-09-29 00:15:13,1Cl2VvDmJVZqGnDqCyq0,"{""isSpecified"": false, ""value"": """"}"
thhcww7mt4,,kamigata-expo-park-fes-2026,2026-10-31,,[大阪府] 万博記念公園,electronic,female,2名義中2番手 同行,M,5.0,,番手,2026-09-28 01:12:46,public_alias_observed,2026-09-28 14:02:54,,,listing,1,20000,"初期当選/2名義中2番手/有効期限内/Aぇ×Aぇ名義/すり替えなし

・当方の都合により入場時間が10時前後となる予定のため、それでも問題ない方のみ購入をご検討ください。

・当日電波環境が悪い可能性がございますので、事前に電話番号をお伺いいたします。ご了承ください。

・本人確認やランダムエラーでは返金いたしますが、
購入者様の遅刻、体調不良、公演中止以外での返金は一切いたしかねます。そのような場合でも必ず受取連絡はして頂きますのでご了承ください。

・当日お席に関するクレームは受け付けません。

・受取連絡と引き換えでチケットをお渡しいたします。

・日本語の通じる女性のみご購入ください。ご購入いただいた時点で記載事項に同意いただいたものとみなします。

エラーの際はご返金いたします。",True,lxga8zhbai,2026-09-26 02:01:13,alias,2026-09-29 01:09:57,2026-09-28 15:03:14,public_detail,False,public_detail,inactive,"初期当選/2名義中2番手/有効期限内/Aぇ×Aぇ名義/すり替えなし

・当方の都合により入場時間が10時前後となる予定のため、それでも問題ない方のみ購入をご検討...",public_detail,2026-09-29 00:02:13,True,2026-09-29 00:02:13,1Cl2VvDmJVZqGnDqCyq0,"{""isSpecified"": false, ""value"": """"}"
iou4npp7nd,,kamigata-expo-park-fes-2026,2026-10-31,,[大阪府] 万博記念公園,electronic,female,QR毎,tsgjgk,5.0,,QR,2026-09-28 01:12:46,public_alias_observed,2026-09-29 00:03:13,,,listing,2,35000,"WEST名義/QRごと/該当名義/重複すり替え無し/下3桁提示可/有効期限内/

公演前日にログインに必要な情報をお伝えします。
同行者登録はこちらで行います。代表者の同意チェックは買い手様ご自身でお願いします。

ランダムエラー、出演者の欠席、交通機関の遅延、購入者様のご予定や体調によるキャンセル等、公演中止以外のいかなる理由でも返金はいたしかねます。

入場後は速やかにログアウト、受け取り連絡をお願い致します。",True,371utatt27,2026-09-26 01:01:13,alias,2026-09-29 01:08:53,2026-09-29 01:13:15,public_detail,False,public_detail,active,"WEST名義/QRごと/該当名義/重複すり替え無し/下3桁提示可/有効期限内/

公演前日にログインに必要な情報をお伝えします。
同行者登録はこちらで行います。...",public_detail,2026-09-29 00:15:12,True,2026-09-29 00:15:12,1Cl2VvDmJVZqGnDqCyq0,"{""isSpecified"": false, ""value"": """"}"
x0gx6txdj1,,kamigata-expo-park-fes-2026,2026-10-31,,[大阪府] 万博記念公園,electronic,female,公演前日にQRコード共有,こ,5.0,,QR,2026-09-28 01:12:46,public_alias_observed,2026-09-29 00:03:13,,,listing,1,31000,"なにわ名義/有効期限内 /下3桁開示可/前回アリツア落選/エラーなし
公演前日に連絡ボードにてログイン情報お伝えします。入場後は速やかにログアウト及び受け取り評価をお願いします。
公演中止の際は手数料を差し引いた金額を返金致しますが、その他エラー等で入場出来なかった場合など、いかなる場合でも返金対応致しませんのでご了承ください。",True,dpstfyc0ec,2026-09-26 02:01:13,alias,2026-09-29 01:08:54,2026-09-29 01:13:15,public_detail,False,public_detail,active,"なにわ名義/有効期限内 /下3桁開示可/前回アリツア落選/エラーなし
公演前日に連絡ボードにてログイン情報お伝えします。入場後は速やかにログアウト及び受け取り評...",public_detail,2026-09-29 00:15:10,True,2026-09-29 00:15:10,1Cl2VvDmJVZqGnDqCyq0,"{""isSpecified"": false, ""value"": """"}"
z4nvru0yba,,kamigata-expo-park-fes-2026,2026-10-31,,[大阪府] 万博記念公園,electronic,female,QR,☆,5.0,,,2026-09-28 01:12:46,public_alias_observed,2026-09-29 00:03:13,,,listing,2,30000,"QRごと。FC×FC当選。すり替えなし。下3桁提示可能。有効期限内。初期当選。着ブロ希望なし。郵送物戻りなし。コンビニ決済。過去エラーなし。同行者チェックのみこちらで行います。

プラベルにて出品しますのでお声がけください。
こちら以外のメッセージ返信できません。

公演日前日夜に連絡ボードにてログインに必要な情報をお伝えします。ログイン後はQR表示のみしてください。登録情報の閲覧や書き換えなどなさいませんようお願いいたします。もしもされた場合は状況に応じた処置を取らせていただきます。

ランダムエラー、本人確認、電波環境、体調不良等で入場できなかった場合でも受取評価はしていただきます。もしも本人確認されてしまった場合などでもこちらの名義を売るような行為はおやめください。

入場後すぐにログアウト、開演前までに受取評価してくださる方、すぐにお支払いしてくださる方、盗撮録音など名義に傷を付ける行為をしない方、上記全ての条件にご納得していただける方のみ落札してください。

公演中止以外いかなる場合も返金不可。",True,pdiiybkqs0,2026-09-26 02:01:13,alias,2026-09-29 01:08:54,2026-09-29 01:13:15,public_detail,False,public_detail,active,QRごと。FC×FC当選。すり替えなし。下3桁提示可能。有効期限内。初期当選。着ブロ希望なし。郵送物戻りなし。コンビニ決済。過去エラーなし。同行者チェックのみこ...,public_detail,2026-09-29 00:15:14,True,2026-09-29 00:15:14,1Cl2VvDmJVZqGnDqCyq0,"{""isSpecified"": false, ""value"": """"}"
tsoqfc2hqr,,kamigata-expo-park-fes-2026,2026-10-31,,[大阪府] 万博記念公園,electronic,female,公演前日18時以降にログイン情報お渡し,39,5.0,,QR,2026-09-28 01:12:46,public_alias_observed,2026-09-29 00:03:13,,,listing,2,30000,"ジュニア情報局 / QR毎 / 下3桁提示可 / 有効期限内

・事前同行者登録の為、前日18時以降に同行者分のみ同意チェックをしログイン情報をお伝えします。
・代表者分はご購入者様ご自身でお願いいたします。
・ランダムエラーや遅延、体調不良など主催者側からの公演中止以外での返金には一切応じませんのでご了承ください。
・公演中止の際のみ、手数料差し引いた額を返金させて頂きます。
・日本語の分かる方のみご購入よろしくお願いいたします。",True,j5odos6rba,2026-09-26 02:01:13,alias,2026-09-29 01:08:55,2026-09-29 01:13:15,public_detail,False,public_detail,active,"ジュニア情報局 / QR毎 / 下3桁提示可 / 有効期限内

・事前同行者登録の為、前日18時以降に同行者分のみ同意チェックをしログイン情報をお伝えします。...",public_detail,2026-09-29 00:15:11,True,2026-09-29 00:15:11,1Cl2VvDmJVZqGnDqCyq0,"{""isSpecified"": false, ""value"": """"}"
rw8qqve6ls,,kamigata-expo-park-fes-2026,2026-10-31,,[大阪府] 万博記念公園,electronic,female,同行,あ,5.0,,,2026-09-28 01:12:46,public_alias_observed,2026-09-29 00:03:13,,,listing,2,30000,"

FC先行/有効期限内/全てAぇ名義/3名義中2番手/すり替えなし/下3桁提示可

・入場後はチケットを一旦回収し、当方が座席を選択した後に順次チケットをお渡し致します。チケットのお渡しまでお時間をいただく場合がございます。
・チケットをお渡しする際に、その場で受け取り連絡をお願いいたします。
・座席に関するクレームは受付けません。

・詳しい集合場所、時間等につきましては、公演前日に連絡ボードにて連絡させていただきます。
 ・遅刻や体調不良、本人確認、システムエラーやランダムエラー等、主催者側による公演中止以外でのキャンセル・返金対応はいかなる理由でも致しません。
 ・遅刻された場合は先に入場させていただきますが、必ず受取評価はしていただきます。

・トラブル回避のため、代理購入はご遠慮ください。 
・日本語でスムーズにご連絡の取れる方のみご購入下さい。 

ご購入頂いた時点で上記全てにご了承頂いたものとみなし、送金停止含むクレームは一切お受け致しません。",True,k8ewa92y9i,2026-09-26 02:01:13,alias,2026-09-29 01:08:55,2026-09-29 01:13:15,public_detail,False,public_detail,active,"

FC先行/有効期限内/全てAぇ名義/3名義中2番手/すり替えなし/下3桁提示可

・入場後はチケットを一旦回収し、当方が座席を選択した後に順次チケットをお渡...",public_detail,2026-09-29 00:15:11,True,2026-09-29 00:15:11,1Cl2VvDmJVZqGnDqCyq0,"{""isSpecified"": true, ""value"": ""\u30d6\u30ed\u30c3\u30af\u6574\u756a\u672a\u5b9a""}"
u4hgq6gxc0,,kamigata-expo-park-fes-2026,2026-10-31,,[大阪府] 万博記念公園,electronic,female,公演前日にログイン情報共有,h,5.0,,,2026-09-28 01:12:46,public_alias_observed,2026-09-29 00:03:13,,,listing,2,45000,"SUPER EIGHT× SUPER EIGHT
QR毎/FC初期当選/有効期限内/下三桁提示可

QR毎でのお譲りとなります。
同行者の同意チェックはこちらでいたしますので、代表者分のみお願いいたします。

前日にQR表示に必要な情報をお伝えいたします。
ログイン後QR表示に必要な操作以外はお控えください。
入場後は速やかにログアウトして頂き、受取連絡をお願いします。
体調不良、交通機関の遅延、出演者変更、本人確認、ランダムエラー等、如何なる場合でもキャンセルや返金は不可とさせて頂きます。
公演中止の場合に限り、手数料を差し引いた金額を返金いたします。
プラベルでのお取引も可能です。",True,9v63s2d3sn,2026-09-26 01:01:13,alias,2026-09-29 01:08:56,2026-09-29 01:13:15,public_detail,False,public_detail,active,"SUPER EIGHT× SUPER EIGHT
QR毎/FC初期当選/有効期限内/下三桁提示可

QR毎でのお譲りとなります。
同行者の同意チェックはこちらで...",public_detail,2026-09-29 00:14:56,True,2026-09-29 00:14:56,1Cl2VvDmJVZqGnDqCyq0,"{""isSpecified"": false, ""value"": """"}"
b2479539py,,kamigata-expo-park-fes-2026,2026-10-31,,[大阪府] 万博記念公園,electronic,female,公演前日にログイン情報をお伝えいたします。,あ,5.0,,QR,2026-09-28 01:12:46,public_alias_observed,2026-09-29 00:03:13,,,listing,1,23000,"QRごと/初期当選/重複すり替え無し/下3桁提示可/有効期限内/なにわ名義

公演中止の際のみ規約に従い返金対応いたします。ランダムエラー、本人確認、体調不良、買い手様ご都合で入場が遅れた場合や、その他いかなる場合もキャンセルを含む一切の返金対応不可です。ご了承のうえご購入ください。

成人されている日本人女性のみご購入ください。",True,0xvwrje6tq,2026-09-27 17:02:41,alias,2026-09-29 01:08:56,2026-09-29 01:13:15,public_detail,False,public_detail,active,"QRごと/初期当選/重複すり替え無し/下3桁提示可/有効期限内/なにわ名義

公演中止の際のみ規約に従い返金対応いたします。ランダムエラー、本人確認、体調不良、...",public_detail,2026-09-29 00:15:54,True,2026-09-29 00:15:54,1Cl2VvDmJVZqGnDqCyq0,"{""isSpecified"": false, ""value"": """"}"
w6hxe57tiy,,kamigata-expo-park-fes-2026,2026-10-31,,[大阪府] 万博記念公園,electronic,female,公演日1日前までにQRコード共有,R,5.0,,QR,2026-09-28 01:12:46,public_alias_observed,2026-09-29 00:03:13,,,listing,1,34000,"なにわ男子名義 / QR毎 / 重複すり替えなし / 初期当選 / 有効期間内 / 下3桁提示
公演前日までに連絡ボードにてログイン情報をお伝えします。入場後は速やかにログアウトをお願いいたします。
公演中止の場合のみ手数料を差し引いた金額でご返金します。
その他はいかなる理由でも返金対応しませんのでご了承ください。
座席についてのお問い合わせも一切受け付けておりません。",True,kb3i2jgo88,2026-09-26 02:01:13,alias,2026-09-29 01:08:57,2026-09-29 01:13:15,public_detail,False,public_detail,active,"なにわ男子名義 / QR毎 / 重複すり替えなし / 初期当選 / 有効期間内 / 下3桁提示
公演前日までに連絡ボードにてログイン情報をお伝えします。入場後は...",public_detail,2026-09-29 00:15:13,True,2026-09-29 00:15:13,1Cl2VvDmJVZqGnDqCyq0,"{""isSpecified"": false, ""value"": """"}"
dht64i11yw,,kamigata-expo-park-fes-2026,2026-10-31,,[大阪府] 万博記念公園,electronic,female,同行,みょ,5.0,,,2026-09-28 01:12:46,public_alias_observed,2026-09-29 00:03:13,,,listing,1,45000,"Aぇ名義/下3桁提示可/サイチェン可

・正門担との同行（正門担×）
・8:15会場付近集合予定
・当日同行が難しくなった場合、受け取り評価は必ずしていただきます。
・1時間以上以上の遅刻はチケ代とは別途に1.0いただきます。早めに連絡をお願いします。",True,f9upn59mjw,2026-09-26 01:01:13,alias,2026-09-29 01:08:57,2026-09-29 01:13:15,public_detail,False,public_detail,active,"Aぇ名義/下3桁提示可/サイチェン可

・正門担との同行（正門担×）
・8:15会場付近集合予定
・当日同行が難しくなった場合、受け取り評価は必ずしていただきま...",public_detail,2026-09-29 00:15:10,True,2026-09-29 00:15:10,1Cl2VvDmJVZqGnDqCyq0,"{""isSpecified"": false, ""value"": """"}"
9s7rl2p63w,,kamigata-expo-park-fes-2026,2026-10-31,,[大阪府] 万博記念公園,electronic,female,同行,Na,5.0,,番手,2026-09-28 01:12:46,public_alias_observed,2026-09-29 00:03:13,,,listing,2,25000,"2名義中2番手/デビュー組名義/有効期限内/すり替えなし/下3桁提示可/初期当選

プラベルにてお取引したいので購入前にコメントお願いいたします。

同時入場し、入場後一旦チケットを回収し当方が選ばなかったチケットをお渡しいたします。

公演中止の場合のみ手数料を差し引いて返金いたします。
体調不良、本人確認、ランダムエラーなどのいかなる場合も返金は致しませんので、ご了承下さい。

",True,af726fmzwh,2026-09-27 01:01:03,alias,2026-09-29 01:08:57,2026-09-29 01:13:15,public_detail,False,public_detail,active,"2名義中2番手/デビュー組名義/有効期限内/すり替えなし/下3桁提示可/初期当選

プラベルにてお取引したいので購入前にコメントお願いいたします。

同時入場し...",public_detail,2026-09-29 00:14:57,True,2026-09-29 00:14:57,1Cl2VvDmJVZqGnDqCyq0,"{""isSpecified"": false, ""value"": """"}"
4wr6xwg5qs,,kamigata-expo-park-fes-2026,2026-10-31,,[大阪府] 万博記念公園,paper,female,同時入場,🌙,5.0,,同行 / 番手,2026-09-28 01:12:46,public_alias_observed,2026-09-29 00:03:13,,,listing,2,27000,"2名義中2番手
なにわ・Aぇ名義
初期当選/すり替えなし/下3桁提示可/ND⁵・Runway(今ツ)落選名義


【お取引について】

・番手でのお譲りが難しいとこちらが判断した場合、QR毎でのお取引に変更する場合がございます。
・当日は、会場付近にて集合し、同時入場いたします。
・入場後、チケットを一度回収し、こちらで座席を選択後、こちらが選択しなかった座席をお渡しいたします。
・チケットお渡し後は、速やかに受取連絡をお願いいたします。

・公演中止以外の返金はいたしかねます。
・座席等に関するクレームは一切お受けできません。
・トラブル防止のため、代理購入はご遠慮ください。

・日本語でスムーズにやり取りができる方のみご購入をお願いいたします。",True,23gec7fr18,2026-09-26 01:01:13,alias,2026-09-29 01:08:58,2026-09-29 01:13:15,public_detail,False,public_detail,active,"2名義中2番手
なにわ・Aぇ名義
初期当選/すり替えなし/下3桁提示可/ND⁵・Runway(今ツ)落選名義


【お取引について】

・番手でのお譲りが難しい...",public_detail,2026-09-29 00:15:09,True,2026-09-29 00:15:09,1Cl2VvDmJVZqGnDqCyq0,"{""isSpecified"": false, ""value"": """"}"
hffnikt4pl,,kamigata-expo-park-fes-2026,2026-10-31,,[大阪府] 万博記念公園,electronic,female,公演日全日にQRコード共有,re,5.0,,QR,2026-09-28 01:12:46,public_alias_observed,2026-09-29 00:03:13,,,listing,1,30000,"ジュニア名義/QRごと/該当名義/重複すり替え無し/下3桁提示可/有効期限内/

公演前日にログインに必要な情報を連絡ボードにてお伝えします。

※ランダムエラー、出演者の欠席、交通機関の遅延、購入者様のご予定や体調によるキャンセル等、公演中止以外は返金いたしかねます。
受け取り評価をしていただきます。

入場後は速やかにログアウト、受け取り連絡をお願い致します。",True,62n4kepu2g,2026-09-26 02:01:13,alias,2026-09-29 01:08:58,2026-09-29 01:13:15,public_detail,False,public_detail,active,"ジュニア名義/QRごと/該当名義/重複すり替え無し/下3桁提示可/有効期限内/

公演前日にログインに必要な情報を連絡ボードにてお伝えします。

※ランダムエラ...",public_detail,2026-09-29 00:15:15,True,2026-09-29 00:15:15,1Cl2VvDmJVZqGnDqCyq0,"{""isSpecified"": false, ""value"": """"}"
57urer025p,,kamigata-expo-park-fes-2026,2026-10-31,,[大阪府] 万博記念公園,electronic,female,公演日前日にログイン情報共有,R,5.0,,QR,2026-09-28 01:12:46,public_alias_observed,2026-09-29 00:03:13,,,listing,1,50000,"初期当選、有効期限内、下3桁提示可、重複すり替えなし

公演日前日にログイン情報を連絡ボードにてお伝え致します。公演日当日入場後は速やかにログアウトして頂き、必ず開演時間までに受け取り通知をお願いします。

ランダムエラー、出演者変更、体調不良、交通機関の乱れなどの如何なる理由により入場できなかった場合でも受け取り通知をして頂きます。購入後のクレームについては一切受け付けませんのでご了承ください。",True,ha66kzxzsi,2026-09-26 02:01:13,alias,2026-09-29 01:08:58,2026-09-29 01:13:15,public_detail,False,public_detail,active,"初期当選、有効期限内、下3桁提示可、重複すり替えなし

公演日前日にログイン情報を連絡ボードにてお伝え致します。公演日当日入場後は速やかにログアウトして頂き、必...",public_detail,2026-09-29 00:15:14,True,2026-09-29 00:15:14,1Cl2VvDmJVZqGnDqCyq0,"{""isSpecified"": false, ""value"": """"}"
ssakg4v3ac,,kamigata-expo-park-fes-2026,2026-10-31,,[大阪府] 万博記念公園,electronic,female,公演日前日までにログイン情報共有,C,5.0,,QR,2026-09-28 01:12:46,public_alias_observed,2026-09-29 00:03:13,,,listing,2,35000,FC初期当選 / なにわ名義 / 重複すり替えなし / QR毎2連 / 郵送物エラー等なし / 下3桁提示可,True,bjwy6j8tuj,2026-09-26 02:01:13,alias,2026-09-29 01:08:59,2026-09-29 01:13:15,public_detail,False,public_detail,active,FC初期当選 / なにわ名義 / 重複すり替えなし / QR毎2連 / 郵送物エラー等なし / 下3桁提示可,public_detail,2026-09-29 00:15:16,True,2026-09-29 00:15:16,1Cl2VvDmJVZqGnDqCyq0,"{""isSpecified"": false, ""value"": """"}"
ahn57waeb5,,kamigata-expo-park-fes-2026,2026-10-31,,[大阪府] 万博記念公園,electronic,male,同行,K,5.0,,同行,2026-09-28 01:12:46,public_alias_observed,2026-09-29 00:03:13,,,listing,1,55000,"2連中1枚同行/なにわ名義/有効期限内/下3桁提示可

・公演当日、会場付近にて集合し、同時入場していただきます。
・座席に関するクレームはお受けできません。
・主催者都合による公演中止の場合のみ、手数料を差し引いた金額を返金いたします。",True,qmicwaxsm9,2026-09-26 02:01:13,alias,2026-09-29 01:08:59,2026-09-29 01:13:15,public_detail,False,public_detail,active,"2連中1枚同行/なにわ名義/有効期限内/下3桁提示可

・公演当日、会場付近にて集合し、同時入場していただきます。
・座席に関するクレームはお受けできません。...",public_detail,2026-09-29 00:15:12,True,2026-09-29 00:15:12,1Cl2VvDmJVZqGnDqCyq0,"{""isSpecified"": false, ""value"": """"}"
az07zcuwmh,,kamigata-expo-park-fes-2026,2026-10-31,,[大阪府] 万博記念公園,electronic,female,同行,り,5.0,,,2026-09-28 01:12:46,public_alias_observed,2026-09-29 00:03:13,,,listing,2,70000,"7名義中2番手
初期当選/なにわ名義×情報局該当名義/有効期限内/すり替えなし/下三桁提示可能

ランダムエラー、出演者変更、体調不良、交通機関の乱れなどの如何なる理由により入場できなかった場合でも受け取り通知をして頂きます。購入後のクレームについては一切受け付けませんのでご了承ください。

当日8:30入場可能な方のみでお願いいたします。",True,8d61rh58ff,2026-09-26 02:01:13,alias,2026-09-29 01:09:00,2026-09-29 01:13:15,public_detail,False,public_detail,active,"7名義中2番手
初期当選/なにわ名義×情報局該当名義/有効期限内/すり替えなし/下三桁提示可能

ランダムエラー、出演者変更、体調不良、交通機関の乱れなどの如何...",public_detail,2026-09-29 00:15:12,True,2026-09-29 00:15:12,1Cl2VvDmJVZqGnDqCyq0,"{""isSpecified"": true, ""value"": ""\u5e2d\u7a2e\u672a\u5b9a""}"
1c0c4q1ba8,,kamigata-expo-park-fes-2026,2026-10-31,,[大阪府] 万博記念公園,electronic,male,前日までにログイン情報共有,♡,5.0,,QR,2026-09-28 01:12:46,public_alias_observed,2026-09-29 00:03:13,,,listing,2,25000,"QR毎/Aぇ名義/初期当選/下3桁提示可/有効期限内/発送物戻りなし/条件なし/ペイジー払い

QR毎のお譲りです。
代表者(男性名義)、同行者(女性名義)どちらもAぇ名義の初期当選です。発送物戻りや過去エラー等はない当方管理の名義になります。
公演前日までにログイン情報をお伝えいたしますので当日入場後は速やかにログアウトし受取通知をお願いいたします。
公演中止以外の購入者様都合のキャンセルや返金はいたしかねます。
上記全てご理解頂ける方のみご購入よろしくお願いいたします。",True,2efwq95ca4,2026-09-26 01:01:13,alias,2026-09-29 01:09:00,2026-09-29 01:13:15,public_detail,False,public_detail,active,"QR毎/Aぇ名義/初期当選/下3桁提示可/有効期限内/発送物戻りなし/条件なし/ペイジー払い

QR毎のお譲りです。
代表者(男性名義)、同行者(女性名義)どち...",public_detail,2026-09-29 00:14:54,True,2026-09-29 00:14:54,1Cl2VvDmJVZqGnDqCyq0,"{""isSpecified"": false, ""value"": """"}"
vgetmgkej5,,kamigata-expo-park-fes-2026,2026-10-31,,[大阪府] 万博記念公園,electronic,female,同行,ま,5.0,,QR / 同行 / 番手,2026-09-28 01:12:46,public_alias_observed,2026-09-29 00:03:13,,,listing,2,23000,"3名義中3番手/すべてなにわ名義/初期当選/有効期限名義/すり替えなし/下3桁提示可

当日同時入場していただきます。
入場方法等が詳しく分かり次第、集合時間・待ち合わせ場所をこちらからご連絡させて頂きます。場合によってはQR毎のお渡しになる場合がございます。柔軟に対応していただける方のみご購入お願いします。

入場後はチケットを一旦回収し、当方が選ばなかったチケットをお渡し致します。チケットを選ぶのにお時間がかかる場合がございますのでご理解ください。

会場の電波環境が悪い可能性がございますので、事前に電話番号をお伺い致します。

当日購入者様の遅刻、体調不良により入場できなかった場合、本人確認、入場時のランダムエラーや入場エラ一、座席などへのクレームでの返金は一切致しかねます。また、公演中止以外のキャンセルは一切受け付けません。そのような場合でも必ず受取連絡はして頂きますのでご了承ください。

チケットをお渡しさせて頂く際に、必ず受取連絡をお願い致します。受取連絡をして頂いた時点でお取引が問題なく完了したこととみなし、それ以降のクレーム等は受け付けません。ご購入はいかなる場合も返金、キャンセル処理は致しません。ご了承ください。

必ず上記事項にご理解頂けた方、20歳以上の日本人女性の方のみご購入お願い致します。公演中止の際には手数料を差し引いた金額を返金します。",True,66ds8khwud,2026-09-27 04:01:14,alias,2026-09-29 01:09:01,2026-09-29 01:13:15,public_detail,False,public_detail,active,"3名義中3番手/すべてなにわ名義/初期当選/有効期限名義/すり替えなし/下3桁提示可

当日同時入場していただきます。
入場方法等が詳しく分かり次第、集合時間・...",public_detail,2026-09-29 00:15:52,True,2026-09-29 00:15:52,1Cl2VvDmJVZqGnDqCyq0,"{""isSpecified"": false, ""value"": """"}"
ryn8niftnd,,kamigata-expo-park-fes-2026,2026-10-31,,[大阪府] 万博記念公園,electronic,female,QRごと,にゃ,5.0,,QR,2026-09-28 01:12:46,public_alias_observed,2026-09-29 00:03:13,,,listing,1,30000,"なにわ名義/QRごと/該当名義/重複すり替え無し/下3桁提示可/有効期限内/

公演前日にログインに必要な情報を連絡ボードにてお伝えします。

※ランダムエラー、出演者の欠席、交通機関の遅延、購入者様のご予定や体調によるキャンセル等、いかなる理由であれ返金対応できませんのでご了承ください。
受け取り評価をしていただきます。

入場後は速やかにログアウト、受け取り連絡をお願い致します。
",True,ot2pwuq8qe,2026-09-26 01:01:13,alias,2026-09-29 01:09:01,2026-09-29 01:13:15,public_detail,False,public_detail,active,"なにわ名義/QRごと/該当名義/重複すり替え無し/下3桁提示可/有効期限内/

公演前日にログインに必要な情報を連絡ボードにてお伝えします。

※ランダムエラー...",public_detail,2026-09-29 00:14:57,True,2026-09-29 00:14:57,1Cl2VvDmJVZqGnDqCyq0,"{""isSpecified"": false, ""value"": """"}"
voqlfyn2md,,kamigata-expo-park-fes-2026,2026-10-31,,[大阪府] 万博記念公園,electronic,female,同行,y,5.0,,同行,2026-09-28 01:12:46,public_alias_observed,2026-09-29 00:03:13,,,listing,1,37000,"2名義中1番手
すり替えなし/Aぇ名義/有効期限内/下3桁提示可

入場のみ一緒でも目的同じでしたら一緒に動くことも可能です。
柔軟に対応いたします。
開園から並ぶ予定です。
詳細出ましたら相談させていただきます。

プラベル移行も可能ですので、何かあればお気軽に仰ってくださると助かります。",True,7izmayjsqi,2026-09-26 01:01:13,alias,2026-09-29 01:09:02,2026-09-29 01:13:15,public_detail,False,public_detail,active,"2名義中1番手
すり替えなし/Aぇ名義/有効期限内/下3桁提示可

入場のみ一緒でも目的同じでしたら一緒に動くことも可能です。
柔軟に対応いたします。
開園から...",public_detail,2026-09-29 00:15:13,True,2026-09-29 00:15:13,1Cl2VvDmJVZqGnDqCyq0,"{""isSpecified"": false, ""value"": """"}"
fh20lcjw6n,,kamigata-expo-park-fes-2026,2026-10-31,,[大阪府] 万博記念公園,electronic,female,同行,いよ,5.0,,番手,2026-09-28 01:12:46,public_alias_observed,2026-09-29 00:03:13,,,listing,2,25000,"4名義中3番手/全てアンビ名義・初期当選・有効期限内・郵送物戻りなし/下3桁提示可/サイチェン可

公演当日、8:10（開場20分前）頃に会場付近にて待ち合わせし、同時入場していただきます。今後の案内によっては早まる可能性もございますのでご了承願います。
詳しい待ち合わせ時間・場所等は、ご入金後に連絡ボードでお知らせします。

入場後に一旦チケットを回収いたします。こちらと2番手の方が選択後、残りの2名義からチケットをご選択ください。
チケットを受け取られましたらその場で受取連絡をお願いいたします。

公演中止の場合のみ、手数料を差し引いた全額を返金いたします。その他のいかなる理由でも返金はいたしかねますので予めご了承ください。",True,pmdozwt1cv,2026-09-26 01:01:13,alias,2026-09-29 01:09:02,2026-09-29 01:13:15,public_detail,False,public_detail,active,"4名義中3番手/全てアンビ名義・初期当選・有効期限内・郵送物戻りなし/下3桁提示可/サイチェン可

公演当日、8:10（開場20分前）頃に会場付近にて待ち合わせ...",public_detail,2026-09-29 00:14:55,True,2026-09-29 00:14:55,1Cl2VvDmJVZqGnDqCyq0,"{""isSpecified"": false, ""value"": """"}"
s2ti0fvpc4,,kamigata-expo-park-fes-2026,2026-10-31,,[大阪府] 万博記念公園,electronic,female,同行,M,5.0,,番手,2026-09-28 01:12:46,public_alias_observed,2026-09-29 00:03:13,,,listing,2,39500,"2名義中2番手/初期当選/Aぇ名義/期限内/下3桁提示可

スーツケース等、大きな手荷物は事前に預けた状態でお越しください。

詳しい集合時間/場所につきましては、前日までに連絡ボードにてお伝え致します。
こちらが指定した集合場所にお集まり頂き、同時入場していただきます。同時入場後チケットを一旦回収し、座席選択をさせていただきます。座席選択にお時間をいただく場合がございます。ご購入者様は座席を選ぶことは出来ません。集合時間に遅れた場合は先に入場しますが、受取連絡はしていただきます。

当日連絡がスムーズに取れる方、時間厳守でお取引が出来る方のみご購入お願いいたします。会場内の電波が悪く連絡が取れなくなる場合もあるため、電話番号の交換をお願いする場合がございます。また、入場の際に端末をお借りする場合もございます。その際チケット持ち逃げ防止のため、入場前に一時的に身分証をお預かりさせていただきますが、入場後すぐ返却させていただきます。

公演中止の場合のみ、手数料を引いた額を返金いたします。本人確認、ランダムエラー、体調不良、出演者の変更等の買い手様のご都合による返金やキャンセルは一切お受けいたしません。そのような場合も必ず受取連絡はしていただきますのでご了承下さい。チケットのお渡しと同時に必ず受取連絡お願いいたします。座席に関するクレームは一切お受けいたしません。受取連絡をしていただいた時点でお取引が問題なく完了したこととみなし、それ以降のクレーム等は一切お受けいたしません。
トラブル防止の為、必ずご本人様がご購入お願いいたします。代理購入はお辞めください。また、ご購入は日本人の方のみでお願いいたします。

ご購入頂きました場合、上記に同意していただいたものとさせていただきます。
",True,h8bzw7gtu8,2026-09-26 02:01:13,alias,2026-09-29 01:09:02,2026-09-29 01:13:15,public_detail,False,public_detail,active,"2名義中2番手/初期当選/Aぇ名義/期限内/下3桁提示可

スーツケース等、大きな手荷物は事前に預けた状態でお越しください。

詳しい集合時間/場所につきまして...",public_detail,2026-09-29 00:15:18,True,2026-09-29 00:15:18,1Cl2VvDmJVZqGnDqCyq0,"{""isSpecified"": false, ""value"": """"}"
up7oqqxyvb,,kamigata-expo-park-fes-2026,2026-10-31,,[大阪府] 万博記念公園,electronic,female,当日渡し,Me_7teor,5.0,,QR / 番手,2026-09-28 01:12:46,public_alias_observed,2026-09-29 00:03:13,,,listing,2,0,"5名義中3番手
初期当選/有効期限内/すり替えなし/下三桁提示可能

ランダムエラー、出演者変更、体調不良、交通機関の乱れなどの如何なる理由により入場できなかった場合でも受け取り通知をして頂きます。購入後のクレームについては一切受け付けませんのでご了承ください。

当日8:30入場可能な方のみでお願い致します。
",True,4ztem7yagl,2026-09-26 02:01:13,alias,2026-09-29 01:09:02,2026-09-29 01:13:15,public_detail,True,on_request,active,"5名義中3番手
初期当選/有効期限内/すり替えなし/下三桁提示可能

ランダムエラー、出演者変更、体調不良、交通機関の乱れなどの如何なる理由により入場できなかっ...",public_detail,2026-09-29 00:15:09,True,2026-09-29 00:15:09,1Cl2VvDmJVZqGnDqCyq0,"{""isSpecified"": false, ""value"": """"}"
c0u9y9lti2,,kamigata-expo-park-fes-2026,2026-10-31,,[大阪府] 万博記念公園,electronic,female,公演前日ログイン情報共有,moe,5.0,,QR,2026-09-28 01:12:46,public_alias_observed,2026-09-29 00:03:13,,,listing,2,33500,"プラベル取引/Aぇ名義/QRごと/該当名義/重複すり替え無し/下3桁提示可/有効期限内/発送物戻り無し

＊プラベルにて取引希望ですので、購入希望の方はメッセージにて必ずお知らせください＊

公演前日にログインに必要な情報をお伝えします。
同行者登録はこちらで行います。代表者の同意チェックは買い手様ご自身でお願いします。

ランダムエラー、出演者の欠席、交通機関の遅延、購入者様のご予定や体調によるキャンセル等、公演中止以外のいかなる理由でも返金はいたしかねます。

入場後は速やかにログアウト、受け取り連絡をお願い致します。",True,pwwf1a5lfw,2026-09-26 01:01:13,alias,2026-09-29 01:09:03,2026-09-29 01:13:15,public_detail,False,public_detail,active,"プラベル取引/Aぇ名義/QRごと/該当名義/重複すり替え無し/下3桁提示可/有効期限内/発送物戻り無し

＊プラベルにて取引希望ですので、購入希望の方はメッセー...",public_detail,2026-09-29 00:14:56,True,2026-09-29 00:14:56,1Cl2VvDmJVZqGnDqCyq0,"{""isSpecified"": false, ""value"": """"}"
1igddi9cl6,,kamigata-expo-park-fes-2026,2026-10-31,,[大阪府] 万博記念公園,electronic,female,3名義中2番手,m,5.0,,番手,2026-09-28 01:12:46,public_alias_observed,2026-09-29 00:03:13,,,listing,2,32000,"3名義中2番手/初期当選のみ/Jr該当×Aぇのみ/すり替えなし/下3桁提示可/有効期限内名義/発送物戻りなし

当日は、会場付近で集合し同時入場いたします。
未発表な部分が多く確定ではないですが、開場時間の8:30より前の集合を予定しております。
入場後チケットを一度回収し、当方が選ばなかったチケットの中からお選びいただきます。
チケットお渡し時に必ず受取通知をお願いいたします。

公演中止の場合は手数料を差し引いた金額を返金いたしますが、体調不良・本人確認やシステムエラーなどで入場できなかった場合でも返金は致しかねます。
座席等のクレームは一切お受けできません。
トラブル防止のため代理購入はご遠慮ください。

上記すべてご了承いただける、20歳以上の日本語で会話ができる女性のみご購入お願いいたします。",True,ak2l433pet,2026-09-26 02:01:13,alias,2026-09-29 01:09:03,2026-09-29 01:13:15,public_detail,False,public_detail,active,"3名義中2番手/初期当選のみ/Jr該当×Aぇのみ/すり替えなし/下3桁提示可/有効期限内名義/発送物戻りなし

当日は、会場付近で集合し同時入場いたします。
未...",public_detail,2026-09-29 00:15:16,True,2026-09-29 00:15:16,1Cl2VvDmJVZqGnDqCyq0,"{""isSpecified"": false, ""value"": """"}"
3q16mh5lei,,kamigata-expo-park-fes-2026,2026-10-31,,[大阪府] 万博記念公園,electronic,female,公演日前日にQRコード共有,にゃん,5.0,,QR,2026-09-28 01:12:46,public_alias_observed,2026-09-29 00:03:13,,,listing,2,32000,"QRごと なにわ名義 有効期限内 下3桁開示可 女性名義
前日までにログイン情報をお伝えさせていただきますので、ログインし確認お願いいたします。
同行者登録はこちらで行います。
当日は入場したことがわかる写真を添付いただき(半券等)、速やかにログアウトの報告、受け取り確認をお願いいたします。

◆注意事項
・購入者様の健康管理不十分/本人確認/ランダムエラ一等公演中止以外での返金対応はお受けいたしません。如何なる場合も受取連絡をして頂きます。
・代理購入はおやめ頂き、日本語の通じる方（男女問わず）のみとさせて頂きます。
・公演中止や延期の場合は手数料を差し引いた額を返金します。
・ご入金以降は上記の説明事項に同意されたものとみなします。ご購入者様からの条件の提示にはお受けいたしません。",True,vgrqvwux2y,2026-09-26 02:01:13,alias,2026-09-29 01:09:04,2026-09-29 01:13:15,public_detail,False,public_detail,active,"QRごと なにわ名義 有効期限内 下3桁開示可 女性名義
前日までにログイン情報をお伝えさせていただきますので、ログインし確認お願いいたします。
同行者登録はこ...",public_detail,2026-09-29 00:15:20,True,2026-09-29 00:15:20,1Cl2VvDmJVZqGnDqCyq0,"{""isSpecified"": false, ""value"": """"}"
4ght61047f,,kamigata-expo-park-fes-2026,2026-10-31,,[大阪府] 万博記念公園,electronic,female,公演前日QR共有,チケちゃん,4.8,,QR,2026-09-28 01:12:46,public_alias_observed,2026-09-29 00:03:13,,,listing,1,48000,"単番QR毎/なにわ名義 / 初期当選 / 有効期限内名義 / すり替え重複なし / 下3桁提示可能/過去当選歴なし/エラーなし/発送物戻りなし

※必ずご確認ください
・公演日の前日にログイン情報をお伝えします。
・入場後速やかにログアウトお願い致します。
・公演中止以外のQRエラー等による入場トラブル、当日の体調不良、座席に関してのクレーム等如何なる場合も返金対応は一切致しかねます。公演が中止になった場合のみ手数料を差し引いた金額を返金致します。",True,2za2yzdoso,2026-09-26 02:01:13,alias,2026-09-29 01:09:04,2026-09-29 01:13:15,public_detail,False,public_detail,active,"単番QR毎/なにわ名義 / 初期当選 / 有効期限内名義 / すり替え重複なし / 下3桁提示可能/過去当選歴なし/エラーなし/発送物戻りなし

※必ずご確認く...",public_detail,2026-09-29 00:15:15,True,2026-09-29 00:15:15,1Cl2VvDmJVZqGnDqCyq0,"{""isSpecified"": false, ""value"": """"}"
0vlq50ji2n,,kamigata-expo-park-fes-2026,2026-10-31,,[大阪府] 万博記念公園,electronic,female,公演日前日までにQRコード共有,さ,5.0,,QR,2026-09-28 01:12:46,public_alias_observed,2026-09-28 22:02:59,,,listing,1,30000,"QRごと/初期当選/重複すり替え無し/下3桁提示可/有効期限内/Aぇ名義

公演中止の際のみ規約に従い返金対応いたします。ランダムエラー、本人確認、体調不良、買い手様ご都合で入場が遅れた場合や、その他いかなる場合もキャンセルを含む一切の返金対応不可です。ご了承のうえご購入ください。",True,gng2y7xrpr,2026-09-26 02:01:13,alias,2026-09-29 01:09:57,2026-09-28 23:02:58,public_detail,False,public_detail,inactive,"QRごと/初期当選/重複すり替え無し/下3桁提示可/有効期限内/Aぇ名義

公演中止の際のみ規約に従い返金対応いたします。ランダムエラー、本人確認、体調不良、買...",public_detail,2026-09-29 00:02:13,True,2026-09-29 00:02:13,1Cl2VvDmJVZqGnDqCyq0,"{""isSpecified"": false, ""value"": """"}"
7sac38w0d3,,kamigata-expo-park-fes-2026,2026-10-31,,[大阪府] 万博記念公園,electronic,female,同行,mgt,5.0,,番手,2026-09-28 01:12:46,public_alias_observed,2026-09-29 00:03:13,,,listing,2,60000,"6名義中2番手

初期当選、有効期限内、下3桁提示可、重複すり替えなし


ランダムエラー、出演者変更、体調不良、交通機関の乱れなどの如何なる理由により入場できなかった場合でも受け取り通知をして頂きます。購入後のクレームについては一切受け付けませんのでご了承ください。

当日開園前集合できる方のみご購入お願い致します。
",True,hfn2bef30g,2026-09-26 02:01:13,alias,2026-09-29 01:09:05,2026-09-29 01:13:15,public_detail,False,public_detail,active,"6名義中2番手

初期当選、有効期限内、下3桁提示可、重複すり替えなし


ランダムエラー、出演者変更、体調不良、交通機関の乱れなどの如何なる理由により入場でき...",public_detail,2026-09-29 00:15:17,True,2026-09-29 00:15:17,1Cl2VvDmJVZqGnDqCyq0,"{""isSpecified"": false, ""value"": """"}"
rqmkvmraqt,,kamigata-expo-park-fes-2026,2026-10-31,,[大阪府] 万博記念公園,electronic,female,同行,ゆちゃん,5.0,,同行,2026-09-28 01:12:46,public_alias_observed,2026-09-29 00:03:13,,,listing,1,85000,"初期当選/重複すり替え無し/下3桁提示可/有効期限内//なにわ名義/FC同士
【当選歴】
1stLove アリーナ
POPMALL スタンド
Alpha 花道横


2連中1枚(高橋担不可)  

チケットと引き換えに、受取連絡をお願いいたします。
座席に関するクレームは一切受け付けません。

当日会場付近で待ち合わせし、同時入場していただきます。時間厳守でお願いいたします。
遅刻等で待ち合わせ時間に間に合わなかった場合でも受取連絡はしていただきますのでお時間に余裕を持ってお越しください。

公演中止以外でのランダムエラー、席種、本人確認、体調不良、担当不在、交通機関の乱れいかなる場合でも返金キャンセル不可

ご購入いただいた時点で上記すべてに同意いただけたものと見なします。

ご不明点やご質問等ございましたら必ずご購入前にお問い合わせください。",True,w9p54irc5m,2026-09-26 02:01:13,alias,2026-09-29 01:09:05,2026-09-29 01:13:15,public_detail,False,public_detail,active,"初期当選/重複すり替え無し/下3桁提示可/有効期限内//なにわ名義/FC同士
【当選歴】
1stLove アリーナ
POPMALL スタンド
Alpha 花道横...",public_detail,2026-09-29 00:15:17,True,2026-09-29 00:15:17,1Cl2VvDmJVZqGnDqCyq0,"{""isSpecified"": false, ""value"": """"}"
eickp7kq0b,,kamigata-expo-park-fes-2026,2026-10-31,,[大阪府] 万博記念公園,paper,female,当日手渡し,★,5.0,,同行,2026-09-28 01:12:46,public_alias_observed,2026-09-29 00:03:13,,,listing,2,50000,"初期当選/3名義中2番手/有効期限名義のみ/WEST×WEST・Aぇ×Aぇ/すり替えなし/下3桁提示可

プラベルでのお取引可能な方はお申し付けください。


入場後はチケットを一旦回収し、当方が座席選択後に順次チケットをお渡し致します。チケットを選ぶのにお時間がかかる場合がございます。チケットをお渡しする際に、その場で受け取り連絡をお願いいたします。

電波環境が悪い場合がございますので事前に電話番号を伺うことがございますのでご了承ください。



当日は、事前に連絡ボードでお伝えする指定した時間、場所にお集まりいただきます。10分以上遅刻された場合は購入様を待たずに入場いたしますが、その際も受け取り連絡はしていただきます。
詳しい集合場所、時間等につきましては 連絡ボードにて連絡させていただきます。
 座席に関するクレームは受付ません。  


遅刻や体調不良、本人確認、システムエラーやランダムエラー等、主催者側による公演中止以外でのキャンセル・返金対応はいかなる理由でも致しません。  
遅刻された場合は先に入場させていただきますが、受取評価はしていただきます。  

未就学児をお連れの方、持病や怪我等がある方、キャリーケース等大きなお荷物をお持ちの方のご購入はご遠慮ください。
購入者様本人がお越し頂くようお願いいたします。代理購入は遠慮ください。

上記をご確認頂き、日本語でスムーズにご連絡の取れる方のみご購入下さい。

ご購入頂いた時点で、上記全てにご了承頂いたものとみなし送金停止含むクレームは一切お受け致しません。",True,6hfuumw86a,2026-09-26 02:01:13,alias,2026-09-29 01:09:06,2026-09-29 01:13:15,public_detail,False,public_detail,active,"初期当選/3名義中2番手/有効期限名義のみ/WEST×WEST・Aぇ×Aぇ/すり替えなし/下3桁提示可

プラベルでのお取引可能な方はお申し付けください。...",public_detail,2026-09-29 00:15:20,True,2026-09-29 00:15:20,1Cl2VvDmJVZqGnDqCyq0,"{""isSpecified"": false, ""value"": """"}"
qes2poyj64,,kamigata-expo-park-fes-2026,2026-10-31,,[大阪府] 万博記念公園,electronic,female,当日渡し,Me_7teor,5.0,,ランダム,2026-09-28 01:12:46,public_alias_observed,2026-09-29 00:03:13,,,listing,2,24000,"ランダム配布
初期当選のみ/有効期限内/複数名義所持

ランダムエラー、出演者変更、体調不良、交通機関の乱れなどの如何なる理由により入場できなかった場合でも受け取り通知をして頂きます。購入後のクレームについては一切受け付けませんのでご了承ください。

当日8:30入場可能な方のみでお願い致します。",True,x3s2lvnbap,2026-09-26 02:01:13,alias,2026-09-29 01:09:06,2026-09-29 01:13:15,public_detail,False,public_detail,active,"ランダム配布
初期当選のみ/有効期限内/複数名義所持

ランダムエラー、出演者変更、体調不良、交通機関の乱れなどの如何なる理由により入場できなかった場合でも受け...",public_detail,2026-09-29 00:15:19,True,2026-09-29 00:15:19,1Cl2VvDmJVZqGnDqCyq0,"{""isSpecified"": false, ""value"": """"}"
kxupgu9lqt,,kamigata-expo-park-fes-2026,2026-10-31,,[大阪府] 万博記念公園,electronic,female,同行,ari,5.0,,番手,2026-09-28 01:12:46,public_alias_observed,2026-09-29 00:03:13,,,listing,1,20000,"3名義所持(2連×1名義、単番×2名義)/4枚中4番手/初期当選/Aぇ名義/有効期限内/すり替えなし/下3桁提示可

プラベルでのお取引希望の方は移行させていただきますので、メッセージをお願いします。

公演当日、会場付近にて集合後同時入場していただきます。時間厳守できる方のみ購入をお願いします。指定した時間に遅れた場合も待たずに入場しますが、受取報告をしていただきます。

入場後一旦チケットを回収し、座席選択後にチケットをお渡しします。購入者様に座席選択の権利はございません。
チケットお渡しの際に受取報告をお願いします。受取報告を確認できるまでチケットはお渡しできませんのでご了承ください。

代理購入不可、未就学児を連れてる方の購入不可、スーツケース等大きい荷物の持ち込みもご遠慮ください。

遅刻、体調不良、交通機関等遅延、本人確認、ランダムエラー等公演中止以外の返金は一切対応できません。

日本語が話せてスムーズにご連絡の取れる方のみご購入ください。
購入いただいた時点で、上記全て了承したものとみなしクレームは一切受け付けません。",True,wija45ykq0,2026-09-26 02:01:13,alias,2026-09-29 01:09:07,2026-09-29 01:13:15,public_detail,False,public_detail,active,"3名義所持(2連×1名義、単番×2名義)/4枚中4番手/初期当選/Aぇ名義/有効期限内/すり替えなし/下3桁提示可

プラベルでのお取引希望の方は移行させていた...",public_detail,2026-09-29 00:15:18,True,2026-09-29 00:15:18,1Cl2VvDmJVZqGnDqCyq0,"{""isSpecified"": false, ""value"": """"}"
fckm0hby6r,,kamigata-expo-park-fes-2026,2026-10-31,,[大阪府] 万博記念公園,electronic,female,公演前日ログイン情報送付,14,5.0,,QR,2026-09-28 01:12:46,public_alias_observed,2026-09-29 00:03:13,,,listing,2,35000,"west.名義/初期当選/有効期限内会員/QRでのお譲り/すり替えなし/下3桁提示可能

公演前日にログイン情報を送付します。
入場後は速やかにログアウトください。

公演中止の場合のみ手数料を差し引いて返金いたします。
体調不良、本人確認、ランダムエラーなどのいかなる場合も返金は致しませんので、ご了承下さい。",True,vaypc43ymh,2026-09-26 02:01:13,alias,2026-09-29 01:09:07,2026-09-29 01:13:15,public_detail,False,public_detail,active,"west.名義/初期当選/有効期限内会員/QRでのお譲り/すり替えなし/下3桁提示可能

公演前日にログイン情報を送付します。
入場後は速やかにログアウトくださ...",public_detail,2026-09-29 00:15:19,True,2026-09-29 00:15:19,1Cl2VvDmJVZqGnDqCyq0,"{""isSpecified"": false, ""value"": """"}"
pc3tqnvm7m,,kamigata-expo-park-fes-2026,2026-10-31,,[大阪府] 万博記念公園,electronic,female,同行,@,5.0,,同行 / 番手,2026-09-28 01:12:46,public_alias_observed,2026-09-29 00:03:13,,,listing,2,25000,"2名義中2番手　全てAぇ名義　会員番号下3桁ご提示可能
同時入場後、当方が選ばなかった方のチケットをお渡しします。
集合時間、場所につきましては前日までにはお伝えします。
8時半以降の入場になる場合がありますので、ご理解ある方でお願いします。
公演中止の際のみ、手数料等を引いた金額を返金させて頂きます。",True,qtw87z6vb4,2026-09-26 02:01:13,alias,2026-09-29 01:09:07,2026-09-29 01:13:15,public_detail,False,public_detail,active,"2名義中2番手　全てAぇ名義　会員番号下3桁ご提示可能
同時入場後、当方が選ばなかった方のチケットをお渡しします。
集合時間、場所につきましては前日までにはお伝...",public_detail,2026-09-29 00:15:23,True,2026-09-29 00:15:23,1Cl2VvDmJVZqGnDqCyq0,"{""isSpecified"": false, ""value"": """"}"
3w1wmctf7x,,kamigata-expo-park-fes-2026,2026-10-31,,[大阪府] 万博記念公園,electronic,female,公演前日にログイン情報お渡し,あ,5.0,,QR,2026-09-28 01:12:46,public_alias_observed,2026-09-29 00:03:13,,,listing,1,40000,"WEST名義/QR毎/重複すり替え無し/下3桁提示可/有効期限内

公演前日にログインに必要な情報を連絡ボードにてお伝えします。

※ランダムエラー、出演者の欠席、交通機関の遅延、購入者様のご予定や体調によるキャンセル等、公演中止以外は返金いたしかねます。
受け取り評価をしていただきます。

入場後は速やかにログアウト、受け取り連絡をお願い致します。
",True,8wzmxvkwod,2026-09-26 01:01:13,alias,2026-09-29 01:09:07,2026-09-29 01:13:15,public_detail,False,public_detail,active,"WEST名義/QR毎/重複すり替え無し/下3桁提示可/有効期限内

公演前日にログインに必要な情報を連絡ボードにてお伝えします。

※ランダムエラー、出演者の欠...",public_detail,2026-09-29 00:15:21,True,2026-09-29 00:15:21,1Cl2VvDmJVZqGnDqCyq0,"{""isSpecified"": false, ""value"": """"}"
vka7f1qfl6,,kamigata-expo-park-fes-2026,2026-10-31,,[大阪府] 万博記念公園,electronic,female,公演日1日前までにQRコード共有,ｙ,5.0,,QR,2026-09-28 01:12:46,public_alias_observed,2026-09-29 00:03:13,,,listing,1,44000,"なにわ名義/初期当選/重複すり替えなし/有効期限内/下３桁開示可/発送物戻り無/過去エラー歴無

公演前日に必要な情報等を連絡ボードにてお知らせ致します。代表者の同意チェックは購入者様ご自身でお願い致します。
公演当日入場後は速やかにログアウトして頂き、必ず開演時間までに受け取り通知をお願い致します。
座席に関するクレーム等は一切受け付けません。公演中止を除き交通機関遅れ、体調不良等購入者様都合の事情、ランダムエラー等如何なる場合も返金致しません。
お取引成立後は如何なる場合も必ず受け取り通知を完了して頂きますのでご了承下さい。取引成立後の取引キャンセルも承る事が出来ないのでご了承下さい。上記の場合も必ず受け取り評価は行って頂きます。
ご購入は上記を了承した上で日本語の理解出来る、成人済み日本人の方でお願い致します。",True,gvzczdwrp8,2026-09-26 02:01:13,alias,2026-09-29 01:09:08,2026-09-29 01:13:15,public_detail,False,public_detail,active,"なにわ名義/初期当選/重複すり替えなし/有効期限内/下３桁開示可/発送物戻り無/過去エラー歴無

公演前日に必要な情報等を連絡ボードにてお知らせ致します。代表者...",public_detail,2026-09-29 00:15:22,True,2026-09-29 00:15:22,1Cl2VvDmJVZqGnDqCyq0,"{""isSpecified"": false, ""value"": """"}"
fyramem3j7,,kamigata-expo-park-fes-2026,2026-10-31,,[大阪府] 万博記念公園,electronic,female,同行,いよ,5.0,,番手,2026-09-28 01:12:46,public_alias_observed,2026-09-29 00:03:13,,,listing,2,35000,"4名義中2番手/全てアンビ名義・初期当選・有効期限内・郵送物戻りなし/下3桁提示可/サイチェン可

公演当日、8:10（開場20分前）頃に会場付近にて待ち合わせし、同時入場していただきます。今後の案内によっては早まる可能性もございますのでご了承願います。
詳しい待ち合わせ時間・場所等は、ご入金後に連絡ボードでお知らせします。

入場後に一旦チケットを回収いたします。こちらが選択後、残りの3名義からチケットをご選択ください。
チケットを受け取られましたらその場で受取連絡をお願いいたします。

公演中止の場合のみ、手数料を差し引いた全額を返金いたします。その他のいかなる理由でも返金はいたしかねますので予めご了承ください。",True,nvz54zfjkc,2026-09-26 01:01:13,alias,2026-09-29 01:09:08,2026-09-29 01:13:15,public_detail,False,public_detail,active,"4名義中2番手/全てアンビ名義・初期当選・有効期限内・郵送物戻りなし/下3桁提示可/サイチェン可

公演当日、8:10（開場20分前）頃に会場付近にて待ち合わせ...",public_detail,2026-09-29 00:15:03,True,2026-09-29 00:15:03,1Cl2VvDmJVZqGnDqCyq0,"{""isSpecified"": false, ""value"": """"}"
0l9nh9ajr6,,kamigata-expo-park-fes-2026,2026-10-31,,[大阪府] 万博記念公園,electronic,female,同行,おの,5.0,,番手,2026-09-28 01:12:46,public_alias_observed,2026-09-29 00:03:13,,,listing,1,48000,"6名義中3番手/下3桁提示可能/単番当選のみ/全てSUPEREIGHT FC枠

・入場方法やブロックの詳細がまだ不明瞭な為、詳しい待ち合わせの時間等は公演三日前にお知らせさせていただきます。
場合によっては開園の8:30に入場する可能性がありますので、念の為間に合うようスケジュールの調整をお願いいたします。

・当日の待ち合わせは、複数の方が集まりますので時間厳守でお願いいたします。遅刻されてもそのまま入場いたします。その際も受け取り評価はしていだきますのでご了承ください。

・発券の際端末をお借りすることがございます。

・交通機関の乱れや体調不良、ランダムエラー、相場の変動や復活当選等いかなる場合もキャンセルや返金はお受けできませんのでご了承ください。

※全文ご確認ください、購入は上記を承認したものとみなします。",True,ka0fapwppq,2026-09-26 02:01:13,alias,2026-09-29 01:09:09,2026-09-29 01:13:15,public_detail,False,public_detail,active,"6名義中3番手/下3桁提示可能/単番当選のみ/全てSUPEREIGHT FC枠

・入場方法やブロックの詳細がまだ不明瞭な為、詳しい待ち合わせの時間等は公演三日...",public_detail,2026-09-29 00:15:17,True,2026-09-29 00:15:17,1Cl2VvDmJVZqGnDqCyq0,"{""isSpecified"": false, ""value"": """"}"
fbe1alry4m,,kamigata-expo-park-fes-2026,2026-10-31,,[大阪府] 万博記念公園,electronic,female,同行,すたー,5.0,,,2026-09-28 01:12:46,public_alias_observed,2026-09-29 00:03:13,,,listing,2,25000,"FC先行/有効期限名義のみ/条件あり/2名義中2番手/すり替えなし/下3桁提示可

詳しい集合場所、時間等につきましては連絡ボードにて連絡させていただきます。
座席に関するクレームは受付ません。
キャリーケース等大きな荷物は事前に預けた状態でお越しください。
入場後発送通知を行いますのでチケット受取後、速やかに受取通知して頂きますようお願いします。
遅刻や体調不良、本人確認、システムエラーやランダムエラー等、主催者側による公演中止以外でのキャンセル・返金対応はいかなる理由でも致しません。
遅刻された場合は先に入場させていただきますが、受取評価はしていただきます。
上記をご確認頂き、日本語でスムーズにご連絡の取れる方のみご購入下さい。
代理購入はご遠慮下さい。
ご購入頂いた時点で、上記全てにご了承頂いたものとみなし送金停止含むクレームは一切お受け致しませ
ん。",True,c8i5guph6j,2026-09-26 02:01:13,alias,2026-09-29 01:09:09,2026-09-29 01:13:15,public_detail,False,public_detail,active,"FC先行/有効期限名義のみ/条件あり/2名義中2番手/すり替えなし/下3桁提示可

詳しい集合場所、時間等につきましては連絡ボードにて連絡させていただきます。...",public_detail,2026-09-29 00:15:16,True,2026-09-29 00:15:16,1Cl2VvDmJVZqGnDqCyq0,"{""isSpecified"": false, ""value"": """"}"
pdkmmomkjg,,kamigata-expo-park-fes-2026,2026-10-31,,[大阪府] 万博記念公園,electronic,female,公演前日にログイン情報共有,み,5.0,,QR,2026-09-28 01:12:46,public_alias_observed,2026-09-29 00:03:13,,,listing,2,40000,"なにわ名義/有効期限内/重複すり替えなし/下3桁提示可

2連QRごと
公演前日にログイン情報をお伝えいたしますのでご自身でログイン、ご入場ください。
入場後は速やかにログアウト、受け取り連絡をお願いいたします。

座席に関するクレームは一切承りかねますのでご了承ください。

ランダムエラー、本人確認、交通機関の乱れおよび出演者変更等、公演中止以外のいかなる場合でも返金はいたしかねます。公演中止の場合のみ規定に基づき返金させていただきます。

日本語で問題なくやり取りができる、また、こまめに連絡の取れる日本人女性のみご購入をお願いいたします。
ご購入いただいた時点で上記すべてに同意いただけたものと見なします。

ご不明点やご質問等ございましたら必ずご購入前にお問い合わせください。
プラベルでのお取引可能な方優先いたしますので、ご購入希望の方はチャットにてお申し付けください。",True,zad60jqhk2,2026-09-26 02:01:13,alias,2026-09-29 01:09:10,2026-09-29 01:13:15,public_detail,False,public_detail,active,"なにわ名義/有効期限内/重複すり替えなし/下3桁提示可

2連QRごと
公演前日にログイン情報をお伝えいたしますのでご自身でログイン、ご入場ください。
入場後は...",public_detail,2026-09-29 00:15:21,True,2026-09-29 00:15:21,1Cl2VvDmJVZqGnDqCyq0,"{""isSpecified"": false, ""value"": """"}"
cifaheidnt,,kamigata-expo-park-fes-2026,2026-10-31,,[大阪府] 万博記念公園,electronic,female,2名義中2番手,S,5.0,,番手 / 同行,2026-09-28 01:12:46,public_alias_observed,2026-09-29 00:03:13,,,listing,2,28000,"全てAぇ名義/初期当選/2名義中2番手/全て今ツ落選名義

プラベル切り替え対応可能

当日の集合時間や場所等に関しては連絡ボードにてご連絡いたします。

待ち合わせ時間から10分以上遅刻される場合はお待ちせず入場いたします。
その際も受取通知は必ずしていただきます。
お連れ様と別々で入場していただく可能性がありますが、必ず連番でお渡しいたします。

チケットをお渡しする際、その場で速やかに受取通知をお願いいたします。

また、公演中止以外での返金は一切受けつけておりません。
当方が選ばなかった座席をお渡しいたしますので、購入者様には座席の選択権利がないこと予めご了承ください。
座席へのクレームも一切お受けしておりません。

代理購入はお控えください。
以上のことをご理解頂いた上で、日本語のわかる20歳以上の日本人女性のみご購入ください。
",True,nv3lpdpcdt,2026-09-26 02:01:13,alias,2026-09-29 01:09:10,2026-09-29 01:13:15,public_detail,False,public_detail,active,"全てAぇ名義/初期当選/2名義中2番手/全て今ツ落選名義

プラベル切り替え対応可能

当日の集合時間や場所等に関しては連絡ボードにてご連絡いたします。

待ち...",public_detail,2026-09-29 00:15:22,True,2026-09-29 00:15:22,1Cl2VvDmJVZqGnDqCyq0,"{""isSpecified"": false, ""value"": """"}"
6e6xh3c0eo,,kamigata-expo-park-fes-2026,2026-10-31,,[大阪府] 万博記念公園,electronic,female,同行,m,5.0,,番手,2026-09-28 01:12:46,public_alias_observed,2026-09-29 00:03:13,,,listing,2,25000,"2名義中2番手/エイト×Aぇ、Jr×Jr名義/初期当選/有効期限名義のみ/すり替えなし

当日、開場時間前に会場付近で待ち合わせし、同時入場していただきます。
入場後はチケットを一旦回収し、当方が選ばなかったチケットをお渡し致します。チケットを選ぶのにお時間がかかる場合がございますのでご理解ください。

会場の電波環境が悪い可能性がございますので、事前に電話番号をお伺い致します。

当日購入者様の遅刻、体調不良により入場できなかった場合、本人確認、入場時のランダムエラーや入場エラ一、座席などへのクレームでの返金は一切致しかねます。また、公演中止以外のキャンセルは一切受け付けません。そのような場合でも必ず受取連絡はして頂きますのでご了承ください。

チケットをお渡しさせて頂く際に、必ず受取連絡をお願い致します。受取連絡をして頂いた時点でお取引が問題なく完了したこととみなし、それ以降のクレーム等は受け付けません。ご購入はいかなる場合も返金、キャンセル処理は致しません。ご了承ください。

必ず上記事項にご理解頂けた方、20歳以上の日本人女性の方のみご購入お願い致します。公演中止の際には手数料を差し引いた金額を返金します。",True,mf4d75fyxn,2026-09-26 02:01:13,alias,2026-09-29 01:09:11,2026-09-29 01:13:15,public_detail,False,public_detail,active,"2名義中2番手/エイト×Aぇ、Jr×Jr名義/初期当選/有効期限名義のみ/すり替えなし

当日、開場時間前に会場付近で待ち合わせし、同時入場していただきます。...",public_detail,2026-09-29 00:15:25,True,2026-09-29 00:15:25,1Cl2VvDmJVZqGnDqCyq0,"{""isSpecified"": false, ""value"": """"}"
g9hy47czjk,,kamigata-expo-park-fes-2026,2026-10-31,,[大阪府] 万博記念公園,electronic,female,同行,ま,5.0,,QR / 同行 / 番手,2026-09-28 01:12:46,public_alias_observed,2026-09-29 00:03:13,,,listing,2,25000,"3名義中2番手/すべてなにわ名義/初期当選/有効期限名義/すり替えなし/下3桁提示可

当日同時入場していただきます。
入場方法等が詳しく分かり次第、集合時間・待ち合わせ場所をこちらからご連絡させて頂きます。場合によってはQR毎のお渡しになる場合がございます。柔軟に対応していただける方のみご購入お願いします。

入場後はチケットを一旦回収し、当方が選ばなかったチケットをお渡し致します。チケットを選ぶのにお時間がかかる場合がございますのでご理解ください。

会場の電波環境が悪い可能性がございますので、事前に電話番号をお伺い致します。

当日購入者様の遅刻、体調不良により入場できなかった場合、本人確認、入場時のランダムエラーや入場エラ一、座席などへのクレームでの返金は一切致しかねます。また、公演中止以外のキャンセルは一切受け付けません。そのような場合でも必ず受取連絡はして頂きますのでご了承ください。

チケットをお渡しさせて頂く際に、必ず受取連絡をお願い致します。受取連絡をして頂いた時点でお取引が問題なく完了したこととみなし、それ以降のクレーム等は受け付けません。ご購入はいかなる場合も返金、キャンセル処理は致しません。ご了承ください。

必ず上記事項にご理解頂けた方、20歳以上の日本人女性の方のみご購入お願い致します。公演中止の際には手数料を差し引いた金額を返金します。",True,3qtqo6kinu,2026-09-27 04:01:14,alias,2026-09-29 01:09:11,2026-09-29 01:13:15,public_detail,False,public_detail,active,"3名義中2番手/すべてなにわ名義/初期当選/有効期限名義/すり替えなし/下3桁提示可

当日同時入場していただきます。
入場方法等が詳しく分かり次第、集合時間・...",public_detail,2026-09-29 00:15:51,True,2026-09-29 00:15:51,1Cl2VvDmJVZqGnDqCyq0,"{""isSpecified"": false, ""value"": """"}"
3yqytmbsql,,kamigata-expo-park-fes-2026,2026-10-31,,[大阪府] 万博記念公園,electronic,female,同行,Jn,5.0,,,2026-09-28 01:12:46,public_alias_observed,2026-09-29 00:03:13,,,listing,1,34000,エイト名義(同行WEST.)/自名義/初期当選/下3桁共有可能/1名義中1名義目/すり替えなし/有効期限内/同行,True,gk1c8espw9,2026-09-26 02:01:13,alias,2026-09-29 01:09:12,2026-09-29 01:13:15,public_detail,False,public_detail,active,エイト名義(同行WEST.)/自名義/初期当選/下3桁共有可能/1名義中1名義目/すり替えなし/有効期限内/同行,public_detail,2026-09-29 00:15:20,True,2026-09-29 00:15:20,1Cl2VvDmJVZqGnDqCyq0,"{""isSpecified"": false, ""value"": """"}"
vawaoid6xw,,kamigata-expo-park-fes-2026,2026-10-31,,[大阪府] 万博記念公園,electronic,female,同行,り,5.0,,,2026-09-28 01:12:46,public_alias_observed,2026-09-29 00:03:13,,,listing,2,35000,"7名義中4番手
初期当選/なにわ名義×情報局該当名義/有効期限内/すり替えなし/下三桁提示可能

ランダムエラー、出演者変更、体調不良、交通機関の乱れなどの如何なる理由により入場できなかった場合でも受け取り通知をして頂きます。購入後のクレームについては一切受け付けませんのでご了承ください。

当日8:30入場可能な方のみでお願いいたします。",True,ycgvpzetyl,2026-09-26 02:01:13,alias,2026-09-29 01:09:12,2026-09-29 01:13:15,public_detail,False,public_detail,active,"7名義中4番手
初期当選/なにわ名義×情報局該当名義/有効期限内/すり替えなし/下三桁提示可能

ランダムエラー、出演者変更、体調不良、交通機関の乱れなどの如何...",public_detail,2026-09-29 00:15:24,True,2026-09-29 00:15:24,1Cl2VvDmJVZqGnDqCyq0,"{""isSpecified"": true, ""value"": ""\u5e2d\u7a2e\u672a\u5b9a""}"
7i8zez5249,,kamigata-expo-park-fes-2026,2026-10-31,,[大阪府] 万博記念公園,electronic,female,同時入場,Airi,5.0,,番手,2026-09-28 01:12:46,public_alias_observed,2026-09-29 00:03:13,,,listing,2,50000,"初期当選/2名義中2番手/有効期限名義/すり替えなし

・入場後はチケットを一旦回収し、当方が座席選択後に順次チケットをお渡し致します。
※チケットを選ぶのにお時間がかかる場合がございます。チケットをお渡しする際に、その場で受け取り連絡をお願いいたします。
・電波環境が悪い場合がございますので事前に電話番号を伺うことがございますのでご了承ください。
・当日は、事前に連絡ボードでお伝えする指定した時間、場所にお集まりいただきます。
※10分以上遅刻された場合は購入様を待たずに入場いたしますが、その際も受け取り連絡はしていただきます。
詳しい集合場所、時間等につきましては 連絡ボードにて連絡させていただきます。
・ 座席に関するクレームは受付ません。  
・遅刻や体調不良、本人確認、システムエラーやランダムエラー等、主催者側による公演中止以外でのキャンセル・返金対応はいかなる理由でも致しません。  
・未就学児をお連れの方、持病や怪我等がある方のご購入はご遠慮ください。
・購入者様本人がお越し頂くようお願いいたします。代理購入は遠慮ください。
・上記をご確認頂き、日本語でスムーズにご連絡の取れる方のみご購入下さい。
・ご購入頂いた時点で、上記全てにご了承頂いたものとみなし送金停止含むクレームは一切お受け致しません。",True,y1ezdgzbdw,2026-09-26 02:01:13,alias,2026-09-29 01:09:12,2026-09-29 01:13:15,public_detail,False,public_detail,active,"初期当選/2名義中2番手/有効期限名義/すり替えなし

・入場後はチケットを一旦回収し、当方が座席選択後に順次チケットをお渡し致します。
※チケットを選ぶのにお...",public_detail,2026-09-29 00:15:24,True,2026-09-29 00:15:24,1Cl2VvDmJVZqGnDqCyq0,"{""isSpecified"": false, ""value"": """"}"
5jlwp05pt7,,kamigata-expo-park-fes-2026,2026-10-31,,[大阪府] 万博記念公園,electronic,female,同行,たまご,5.0,,同行,2026-09-28 01:12:46,public_alias_observed,2026-09-29 00:03:13,,,listing,1,30000,"なにわ名義/有効期限内/重複すり替えなし/下3桁提示可

※ プライベートチケットに切り替えますのでコメントお送りください。
2連中1枚同行でのお譲りとなります。
大橋担不可

当日会場付近で待ち合わせし、同時入場していただきます。
時間厳守でお願いいたします。遅刻された場合は待たずに入場いたしますが、その場合でも必ず受け取り連絡をしていただきますので、お時間に余裕を持ってお越しください。

座席に関するクレームは一切承りかねますのでご了承ください。

ランダムエラー、本人確認、交通機関の乱れおよび出演者変更等、公演中止以外のいかなる場合でも返金はいたしかねます。公演中止の場合のみ規定に基づき返金させていただきます。

日本語で問題なくやり取りができる、また、こまめに連絡の取れる20歳以上日本人女性のみご購入をお願いいたします。
ご購入いただいた時点で上記すべてに同意いただけたものと見なします。

ご不明点やご質問等ございましたら必ずご購入前にお問い合わせください。",True,e82dxc57mz,2026-09-26 02:01:13,alias,2026-09-29 01:09:12,2026-09-29 01:13:15,public_detail,False,public_detail,active,"なにわ名義/有効期限内/重複すり替えなし/下3桁提示可

※ プライベートチケットに切り替えますのでコメントお送りください。
2連中1枚同行でのお譲りとなります...",public_detail,2026-09-29 00:15:27,True,2026-09-29 00:15:27,1Cl2VvDmJVZqGnDqCyq0,"{""isSpecified"": false, ""value"": """"}"
xus4t7ib5z,,kamigata-expo-park-fes-2026,2026-10-31,,[大阪府] 万博記念公園,electronic,female,同行,け,5.0,,番手,2026-09-28 01:12:46,public_alias_observed,2026-09-29 00:03:13,,,listing,1,30000,"初期当選/2名義中2番手/有効期限名義のみ/Aぇ名義/すり替えなし/下3桁提示可能/発送物戻りなし
購入の際はコメントください。プライベート出品に変更いたします。
・入場後はチケットを一旦回収し、当方が選択しなかったチケットをお渡しします。チケットを選ぶのにお時間がかかる場合がございますのでご理解ください。

・電波環境が悪い場合がございますので事前に電話番号を伺うことがございますので、ご了承ください。

・本人確認やランダムエラーでは返金いたしますが、
購入者様の遅刻、体調不良、公演中止以外での返金は一切いたしかねます。そのような場合でも必ず受取連絡はして頂きますのでご了承ください。

・当日お席に関するクレームは受け付けません。

・受取連絡と引き換えでチケットをお渡しいたします。

・日本語の通じる女性のみご購入ください。ご購入いただいた時点で記載事項に同意いただいたものとみなします。

エラーの際はご返金いたします。",True,xqliqdvmny,2026-09-26 02:01:13,alias,2026-09-29 01:09:13,2026-09-29 01:13:15,public_detail,False,public_detail,active,"初期当選/2名義中2番手/有効期限名義のみ/Aぇ名義/すり替えなし/下3桁提示可能/発送物戻りなし
購入の際はコメントください。プライベート出品に変更いたします...",public_detail,2026-09-29 00:15:24,True,2026-09-29 00:15:24,1Cl2VvDmJVZqGnDqCyq0,"{""isSpecified"": false, ""value"": """"}"
19jxc5zfdn,,kamigata-expo-park-fes-2026,2026-10-31,,[大阪府] 万博記念公園,electronic,female,公演当日 情報共有,13,5.0,,QR,2026-09-28 01:12:46,public_alias_observed,2026-09-29 00:03:13,,,listing,2,24000,"SUPER EIGHT名義/初期当選/QRごと/すり替えなし/下3桁提示可/郵送物戻りなし


・公演前日にメッセージにて情報共有いたします。
・出演者変更、体調不良、エラー等、公演中止・延期以外のいかなる場合でも返金対応はできません。
・本人確認、遅刻、体調不良、同意チェックのエラーにより入場できなくても受取報告をお願いいたします。
・同意チェックとQR 表示はご自身で行って頂きますようお願いします。

全て理解された日本人女性のみ購入して頂くようお願いします。
",True,pdn5qqm7f7,2026-09-26 05:01:09,alias,2026-09-29 01:09:13,2026-09-29 01:13:15,public_detail,False,public_detail,active,"SUPER EIGHT名義/初期当選/QRごと/すり替えなし/下3桁提示可/郵送物戻りなし


・公演前日にメッセージにて情報共有いたします。
・出演者変更、体...",public_detail,2026-09-29 00:14:54,True,2026-09-29 00:14:54,1Cl2VvDmJVZqGnDqCyq0,"{""isSpecified"": false, ""value"": """"}"
ho3h0y6ms9,,kamigata-expo-park-fes-2026,2026-10-31,,[大阪府] 万博記念公園,electronic,female,同行,さ,5.0,,番手,2026-09-28 01:12:46,public_alias_observed,2026-09-29 00:03:13,,,listing,1,35000,"3名義中2番手/有効期限内/すり替えなし/下3桁提示可/全てなにわ名義


・公演中止以外のいかなる場合でも返金はいたしません。
ランダムエラー・本人確認・交通機関の遅延・体調不良・出演者変更などがあった場合でも返金キャンセル不可となります。

成人済み日本人女性のみご購入をお願いします。",True,qcahtqqe4r,2026-09-26 02:01:13,alias,2026-09-29 01:09:14,2026-09-29 01:13:15,public_detail,False,public_detail,active,"3名義中2番手/有効期限内/すり替えなし/下3桁提示可/全てなにわ名義


・公演中止以外のいかなる場合でも返金はいたしません。
ランダムエラー・本人確認・交通...",public_detail,2026-09-29 00:15:25,True,2026-09-29 00:15:25,1Cl2VvDmJVZqGnDqCyq0,"{""isSpecified"": false, ""value"": """"}"
7wl7rljgfv,,kamigata-expo-park-fes-2026,2026-10-31,,[大阪府] 万博記念公園,electronic,female,同時入場,り,5.0,,番手,2026-09-28 01:12:46,public_alias_observed,2026-09-29 00:03:13,,,listing,2,36000,"2名義中2番手/初期当選/Aぇ名義/期限内/下3桁提示可



詳しい集合時間/場所につきましては、前日までに連絡ボードにてお伝え致します。
こちらが指定した集合場所にお集まり頂き、同時入場していただきます。同時入場後チケットを一旦回収し、座席選択をさせていただきます。座席選択にお時間をいただく場合がございます。ご購入者様は座席を選ぶことは出来ません。集合時間に遅れた場合は先に入場しますが、受取連絡はしていただきます。

当日連絡がスムーズに取れる方、時間厳守でお取引が出来る方のみご購入お願いいたします。会場内の電波が悪く連絡が取れなくなる場合もあるため、電話番号の交換をお願いする場合がございます。また、入場の際に端末をお借りする場合もございます。その際チケット持ち逃げ防止のため、入場前に一時的に身分証をお預かりさせていただきますが、入場後すぐ返却させていただきます。

公演中止の場合のみ、手数料を引いた額を返金いたします。本人確認、ランダムエラー、体調不良、出演者の変更等の買い手様のご都合による返金やキャンセルは一切お受けいたしません。そのような場合も必ず受取連絡はしていただきますのでご了承下さい。チケットのお渡しと同時に必ず受取連絡お願いいたします。座席に関するクレームは一切お受けいたしません。受取連絡をしていただいた時点でお取引が問題なく完了したこととみなし、それ以降のクレーム等は一切お受けいたしません。
トラブル防止の為、必ずご本人様がご購入お願いいたします。代理購入はお辞めください。また、ご購入は日本人の方のみでお願いいたします。

ご購入頂きました場合、上記に同意していただいたものとさせていただきます。
",True,ogasr4z251,2026-09-26 02:01:13,alias,2026-09-29 01:09:14,2026-09-29 01:13:15,public_detail,False,public_detail,active,"2名義中2番手/初期当選/Aぇ名義/期限内/下3桁提示可



詳しい集合時間/場所につきましては、前日までに連絡ボードにてお伝え致します。
こちらが指定した集...",public_detail,2026-09-29 00:15:24,True,2026-09-29 00:15:24,1Cl2VvDmJVZqGnDqCyq0,"{""isSpecified"": false, ""value"": """"}"
mnyww0pqjj,,kamigata-expo-park-fes-2026,2026-10-31,,[大阪府] 万博記念公園,electronic,female,公演日前日にQRコード共有,a,5.0,,QR,2026-09-28 01:12:46,public_alias_observed,2026-09-29 00:03:13,,,listing,1,37000,"FC先行 / Aぇ名義 / 単番QR毎 / 重複すり替えなし / 初期当選 / 有効期限内 / 下3桁提示 / 過去エラー等なし

公演前日になりましたらログイン情報お伝えいたします。買い手の方で同意チェックしてご入場ください。入場後は速やかにログアウトをお願いいたします。
本確対応不可、ランダムエラー等 公演中止以外での返金対応はお受けいたしません。如何なる場合も受取連絡をして頂きます。
公演中止の場合のみ、手数料を差し引いた金額でご返金します。
日本人女性の方、個人情報を保護して頂ける方のみご購入いただけます。",True,iavthpnuxj,2026-09-26 02:01:13,alias,2026-09-29 01:09:15,2026-09-29 01:13:15,public_detail,False,public_detail,active,"FC先行 / Aぇ名義 / 単番QR毎 / 重複すり替えなし / 初期当選 / 有効期限内 / 下3桁提示 / 過去エラー等なし

公演前日になりましたらログイ...",public_detail,2026-09-29 00:15:28,True,2026-09-29 00:15:28,1Cl2VvDmJVZqGnDqCyq0,"{""isSpecified"": false, ""value"": """"}"
xgrwv75g0u,,kamigata-expo-park-fes-2026,2026-10-31,,[大阪府] 万博記念公園,electronic,female,公演日前日にQRコード共有,あ,5.0,,QR,2026-09-28 01:12:46,public_alias_observed,2026-09-29 00:03:13,,,listing,1,24000,"【QRごと】初期当選　重複なし　条件なし　ペイジー支払い　有効期限内名義　着席ブロック、復活当選、制作開放席、郵便戻りではありません。希望があれば会員番号の下3桁をお知らせします。公演中止や延期の場合は返金いたします。メンバーの欠席による返金はできません。本人確認、遅刻、体調不良、同意チェックのエラーにより入場できなくても受取報告はして頂きます。購入者様に非のないランダムエラーの場合、音声や動画などの証拠がありましたら返金検討いたします。
同行者の確認チェックはこちらで行います。代表者の確認チェックとQR 表示はご自身でログインし行って頂きますようお願いします。
全て理解された方のみ購入して頂くようお願いします。
チケットは前日にログイン情報をお送りします。",True,qe9vjyl1fu,2026-09-26 01:01:13,alias,2026-09-29 01:09:15,2026-09-29 01:13:15,public_detail,False,public_detail,active,【QRごと】初期当選　重複なし　条件なし　ペイジー支払い　有効期限内名義　着席ブロック、復活当選、制作開放席、郵便戻りではありません。希望があれば会員番号の下3...,public_detail,2026-09-29 00:14:58,True,2026-09-29 00:14:58,1Cl2VvDmJVZqGnDqCyq0,"{""isSpecified"": false, ""value"": """"}"
hgjvm1dw5p,,kamigata-expo-park-fes-2026,2026-10-31,,[大阪府] 万博記念公園,electronic,female,公演日前日にログイン情報共有,N,5.0,,QR,2026-09-28 01:12:46,public_alias_observed,2026-09-29 00:03:13,,,listing,2,28000,"初期当選/QR毎/重複すり替えなし/なにわ男子名義/会員番号下3桁提示可能/有効期限内名義

閲覧頂きありがとうございます。
早く手持ち売り切りたいためできる限り希望値段に添えるようにいたします🎀
お気軽にご連絡ください✨️

ログイン情報は公演日の前日にお伝え致します。
公演中止の場合のみ手数料を差し引いた金額を返金致します。
それ以外のいかなる場合も返金対応致しかねますのでご了承ください。
公演当日は入場後、確実にログアウトと受取連絡をお願い致します。

何かご質問ございましたらご連絡ください。",True,hxitxxphdz,2026-09-26 02:01:13,alias,2026-09-29 01:09:16,2026-09-29 01:13:15,public_detail,False,public_detail,active,"初期当選/QR毎/重複すり替えなし/なにわ男子名義/会員番号下3桁提示可能/有効期限内名義

閲覧頂きありがとうございます。
早く手持ち売り切りたいためできる限...",public_detail,2026-09-29 00:15:32,True,2026-09-29 00:15:32,1Cl2VvDmJVZqGnDqCyq0,"{""isSpecified"": false, ""value"": """"}"
4a1vqzz1vb,,kamigata-expo-park-fes-2026,2026-10-31,,[大阪府] 万博記念公園,electronic,female,同行,あ,5.0,,,2026-09-28 01:12:46,public_alias_observed,2026-09-29 00:03:13,,,listing,2,25000,"FC先行/有効期限内/全てAぇ名義/3名義中3番手/すり替えなし/下3桁提示可

・入場後はチケットを一旦回収し、当方が座席選択後に順次チケットをお渡し致します。チケットのお渡しまでお時間をいただく場合がございます。
・チケットをお渡しする際に、その場で受け取り連絡をお願いいたします。
・座席に関するクレームは受付けません。

・詳しい集合場所、時間等につきましては、公演前日に連絡ボードにて連絡させていただきます。
 ・遅刻や体調不良、本人確認、システムエラーやランダムエラー等、主催者側による公演中止以外でのキャンセル・返金対応はいかなる理由でも致しません。
 ・遅刻された場合は先に入場させていただきますが、必ず受取評価はしていただきます。

・トラブル回避のため、代理購入はご遠慮ください。 
・日本語でスムーズにご連絡の取れる方のみご購入下さい。 

ご購入頂いた時点で上記全てにご了承頂いたものとみなし、送金停止含むクレームは一切お受け致しません。",True,hskrjm6psr,2026-09-26 02:01:13,alias,2026-09-29 01:09:16,2026-09-29 01:13:15,public_detail,False,public_detail,active,"FC先行/有効期限内/全てAぇ名義/3名義中3番手/すり替えなし/下3桁提示可

・入場後はチケットを一旦回収し、当方が座席選択後に順次チケットをお渡し致します...",public_detail,2026-09-29 00:15:23,True,2026-09-29 00:15:23,1Cl2VvDmJVZqGnDqCyq0,"{""isSpecified"": true, ""value"": ""\u30d6\u30ed\u30c3\u30af\u6574\u756a\u672a\u5b9a""}"
6wkpebkp7r,,kamigata-expo-park-fes-2026,2026-10-31,,[大阪府] 万博記念公園,electronic,female,前日にQRログイン情報を共有,りぼん,5.0,,QR,2026-09-28 01:12:46,public_alias_observed,2026-09-29 00:03:13,,,listing,1,65000,"QR毎/なにわ男子名義/FC初期当選/有効期限内/下三桁提示可/重複差し

QR毎でのお譲りとなります。

前日にQR表示に必要な情報をお伝えいたします。
ログイン後QR表示に必要な操作以外はお控えください。
入場後は速やかにログアウトして頂き、受取連絡をお願いします。
体調不良、交通機関の遅延、出演者変更、本人確認、ランダムエラー等、如何なる場合でもキャンセルや返金は不可とさせて頂きます。
公演中止の場合に限り、手数料を差し引いた金額を返金いたします。",True,wdvfojr5id,2026-09-26 02:01:13,alias,2026-09-29 01:09:16,2026-09-29 01:13:15,public_detail,False,public_detail,active,"QR毎/なにわ男子名義/FC初期当選/有効期限内/下三桁提示可/重複差し

QR毎でのお譲りとなります。

前日にQR表示に必要な情報をお伝えいたします。
ログ...",public_detail,2026-09-29 00:15:21,True,2026-09-29 00:15:21,1Cl2VvDmJVZqGnDqCyq0,"{""isSpecified"": false, ""value"": """"}"
1y4ohkrg5i,,kamigata-expo-park-fes-2026,2026-10-31,,[大阪府] 万博記念公園,electronic,female,公演日3日前までにログイン情報共有,H。,5.0,,QR,2026-09-28 01:12:46,public_alias_observed,2026-09-29 00:03:13,,,listing,1,25000,"WEST.名義/QRごと/すり替えなし/下3桁提示可/初期当選/有効期限内

・公演日の3日前にログイン情報をお伝えします。ご購入いただきました時点で下3桁をお送り致します。
・入場後、開演時間までに速やかにログアウト、受け取り連絡をお願い致します。
・座席は当日発券するまで未定です。座席に関するクレームも一切受け付けません。また、出演者変更、入場時のランダムエラーや本人確認、如何なる理由でも受け取りをしていただき、買い手様都合のキャンセル・返金対応致しかねますのでご了承ください。

何かご不明点ございましたらご購入前に質問お願い致します。",True,2owu7x8z6x,2026-09-26 01:01:13,alias,2026-09-29 01:09:17,2026-09-29 01:13:15,public_detail,False,public_detail,active,"WEST.名義/QRごと/すり替えなし/下3桁提示可/初期当選/有効期限内

・公演日の3日前にログイン情報をお伝えします。ご購入いただきました時点で下3桁をお...",public_detail,2026-09-29 00:15:26,True,2026-09-29 00:15:26,1Cl2VvDmJVZqGnDqCyq0,"{""isSpecified"": false, ""value"": """"}"
goezsn4lza,,kamigata-expo-park-fes-2026,2026-10-31,,[大阪府] 万博記念公園,electronic,female,公演前日にログイン方法並びQR共有,rnn,5.0,,QR,2026-09-28 01:12:46,public_alias_observed,2026-09-29 00:03:13,,,listing,2,35000,"なにわ名義/重複すり替えなし/下3桁提示可/本人確認・遅刻・体調不良・ランダムエラーなど全ての理由での
キャンセル並びに返金不可",True,ufpuofj2fn,2026-09-27 05:01:15,alias,2026-09-29 01:09:17,2026-09-29 01:13:15,public_detail,False,public_detail,active,"なにわ名義/重複すり替えなし/下3桁提示可/本人確認・遅刻・体調不良・ランダムエラーなど全ての理由での
キャンセル並びに返金不可",public_detail,2026-09-29 00:15:59,True,2026-09-29 00:15:59,1Cl2VvDmJVZqGnDqCyq0,"{""isSpecified"": false, ""value"": """"}"
qt3pktn8ab,,kamigata-expo-park-fes-2026,2026-10-31,,[大阪府] 万博記念公園,electronic,female,同行,いよ,5.0,,番手,2026-09-28 01:12:46,public_alias_observed,2026-09-29 00:03:13,,,listing,2,17500,"4名義中4番手/全てアンビ名義・初期当選・有効期限内・郵送物戻りなし/下3桁提示可/サイチェン可

公演当日、8:10（開場20分前）頃に会場付近にて待ち合わせし、同時入場していただきます。今後の案内によっては早まる可能性もございますのでご了承願います。
詳しい待ち合わせ時間・場所等は、ご入金後に連絡ボードでお知らせします。

入場後に一旦チケットを回収し、残りのチケットをお渡しします。
チケットを受け取られましたらその場で受取連絡をお願いいたします。

公演中止の場合のみ、手数料を差し引いた全額を返金いたします。その他のいかなる理由でも返金はいたしかねますので予めご了承ください。",True,u742s2oppo,2026-09-26 01:01:13,alias,2026-09-29 01:09:17,2026-09-29 01:13:15,public_detail,False,public_detail,active,"4名義中4番手/全てアンビ名義・初期当選・有効期限内・郵送物戻りなし/下3桁提示可/サイチェン可

公演当日、8:10（開場20分前）頃に会場付近にて待ち合わせ...",public_detail,2026-09-29 00:15:01,True,2026-09-29 00:15:01,1Cl2VvDmJVZqGnDqCyq0,"{""isSpecified"": false, ""value"": """"}"
fj168uplva,,kamigata-expo-park-fes-2026,2026-10-31,,[大阪府] 万博記念公園,electronic,female,同時入場,K⭐️,5.0,,番手,2026-09-28 01:12:46,public_alias_observed,2026-09-29 00:03:13,,,listing,1,20000,"3名義所持/４枚中3番手
なにわ名義(単番✖️2、２連✖️1)
(女性名義✖️2、男性名義✖️1)

・ドームスタンド上段✖️2
・アルファスタンド✖️1

初期当選/有効期限内/すり替えなし/下3桁提示可能/サイチェン可

＊公演中止以外の返金、キャンセル
（ランダムエラー、交通機関の遅延、演者の変更等）の対応はいたしかねますので、ご了承ください。　公演中止の場合は定価分のみ返金致します。
＊指定ブロックや整番に関するクレームはお受けすることできません。お取引成立後のキャンセルされる場合は、受け取り評価していただきます。
＊こちらの名義全て過去トラブルなしの名義となりますので、ランダムエラーで万が一入場できない場合も受け取り評価をしていただきます。返金不可。
＊当日入場後は一度チケットをお預かりします。こちらが整番確認後にチケットを順に選んでいただきます。その際に受取評価お願い致します。
＊お渡し後はサイチェンしていただいて構いません。(慣れている方のみ。うまくしてください。)
＊入場時身分証をお預かりさせていただく場合がございます。チケットと引き換えに返却いたします。ご了承ください。

＊日本語のわかる女性のみお取引よろしくお願いいまします。

＊ご購入が決まればプラベルに変更致します",True,g59wnzesa2,2026-09-26 02:01:13,alias,2026-09-29 01:09:18,2026-09-29 01:13:15,public_detail,False,public_detail,active,"3名義所持/４枚中3番手
なにわ名義(単番✖️2、２連✖️1)
(女性名義✖️2、男性名義✖️1)

・ドームスタンド上段✖️2
・アルファスタンド✖️1

初...",public_detail,2026-09-29 00:15:30,True,2026-09-29 00:15:30,1Cl2VvDmJVZqGnDqCyq0,"{""isSpecified"": false, ""value"": """"}"
z19zx0uh9f,,kamigata-expo-park-fes-2026,2026-10-31,,[大阪府] 万博記念公園,electronic,female,同行,Me_7teor,5.0,,番手,2026-09-28 01:12:46,public_alias_observed,2026-09-29 00:03:13,,,listing,2,0,"5名義中2番手
初期当選/有効期限内/すり替えなし/下三桁提示可能

ランダムエラー、出演者変更、体調不良、交通機関の乱れなどの如何なる理由により入場できなかった場合でも受け取り通知をして頂きます。購入後のクレームについては一切受け付けませんのでご了承ください。

当日8:30入場可能な方のみでお願い致します。
",True,tqvn64al1h,2026-09-26 02:01:13,alias,2026-09-29 01:09:18,2026-09-29 01:13:15,public_detail,True,on_request,active,"5名義中2番手
初期当選/有効期限内/すり替えなし/下三桁提示可能

ランダムエラー、出演者変更、体調不良、交通機関の乱れなどの如何なる理由により入場できなかっ...",public_detail,2026-09-29 00:15:29,True,2026-09-29 00:15:29,1Cl2VvDmJVZqGnDqCyq0,"{""isSpecified"": false, ""value"": """"}"
18n3tvt1hg,,kamigata-expo-park-fes-2026,2026-10-31,,[大阪府] 万博記念公園,electronic,female,2名義中2番手,A,5.0,,番手,2026-09-28 01:12:46,public_alias_observed,2026-09-29 00:03:13,,,listing,2,21000,"2名義中2番手/Aぇ･エイト名義/初期当選/すり替えなし/下3桁提示可

同時入場後、当方の選ばなかった方のチケットをお渡しします。また、ブロック選択に少々お時間頂く場合がございますのでご了承ください。

8時30分前には集合させて頂きます。可能な方のみご購入ください。当日の詳しい待ち合わせ時間、場所につきましては前日までにご連絡させて頂きます。

主催者側都合による公演中止のみ手数料等引いた額を返金させて頂きます。それ以外の如何なる理由での返金不可です。（ランダムエラー、体調不良、交通機関の乱れ等）

集合後、発送通知をいたしますのでチケットお渡し後は速やかに受け取り通知をお願いいたします。",True,6m872zisnn,2026-09-26 01:01:13,alias,2026-09-29 01:09:19,2026-09-29 01:13:15,public_detail,False,public_detail,active,"2名義中2番手/Aぇ･エイト名義/初期当選/すり替えなし/下3桁提示可

同時入場後、当方の選ばなかった方のチケットをお渡しします。また、ブロック選択に少々お時...",public_detail,2026-09-29 00:15:26,True,2026-09-29 00:15:26,1Cl2VvDmJVZqGnDqCyq0,"{""isSpecified"": false, ""value"": """"}"
pf6zi37h8j,,kamigata-expo-park-fes-2026,2026-10-31,,[大阪府] 万博記念公園,electronic,female,公演日7日前までにQRコード共有,す☆,5.0,,QR,2026-09-28 01:12:46,public_alias_observed,2026-09-29 00:03:13,,,listing,2,20000,"QR毎/該当名義/重複すり替え無し/下3桁提示可/有効期限内/代表者同行者ともになにわ男子名義

前日にログイン情報をお渡しいたします。
同行者の同意チェックはこちらでいたしますので、代表者の同意チェックはご自身でお願いいたします。

入場後、入場報告を行ってください。
(公演時間までにできない方はお断りさせて頂きます。)
入場でき次第速やかにログアウトしてください。

主催者側都合での公演中止の場合のみ返金可能。
その他 交通機関の乱れ、ランダムエラー含めたトラブルによる入場不可等の返金、キャンセルはいたしかねます。
また座席に関するクレーム、出演者の変更等いかなる場合でも買い手側様都合での返金はいたしかねます。

こちら全てにご了承頂き、日本人女性のみ購入をお願いいたします。
",True,1h95z2hh7l,2026-09-27 08:01:14,alias,2026-09-29 01:09:19,2026-09-29 01:13:15,public_detail,False,public_detail,active,"QR毎/該当名義/重複すり替え無し/下3桁提示可/有効期限内/代表者同行者ともになにわ男子名義

前日にログイン情報をお渡しいたします。
同行者の同意チェックは...",public_detail,2026-09-29 00:15:54,True,2026-09-29 00:15:54,1Cl2VvDmJVZqGnDqCyq0,"{""isSpecified"": false, ""value"": """"}"
i4ybdcgor9,,kamigata-expo-park-fes-2026,2026-10-31,,[大阪府] 万博記念公園,electronic,female,同行,L,5.0,,番手,2026-09-28 01:12:46,public_alias_observed,2026-09-29 00:03:13,,,listing,2,50000,"6名義中2番手/初期当選/有効期限内/すり替えなし/下三桁提示可能

ランダムエラー、出演者変更、体調不良、交通機関の乱れなどの如何なる理由により入場できなかった場合でも受け取り通知をして頂きます。購入後のクレームについては一切受け付けませんのでご了承ください。

当日8:30入場可能な方のみでお願い致します。",True,b9qnwnipsv,2026-09-26 01:01:13,alias,2026-09-29 01:09:20,2026-09-29 01:13:15,public_detail,False,public_detail,active,"6名義中2番手/初期当選/有効期限内/すり替えなし/下三桁提示可能

ランダムエラー、出演者変更、体調不良、交通機関の乱れなどの如何なる理由により入場できなかっ...",public_detail,2026-09-29 00:15:01,True,2026-09-29 00:15:01,1Cl2VvDmJVZqGnDqCyq0,"{""isSpecified"": false, ""value"": """"}"
mu4hev8g15,,kamigata-expo-park-fes-2026,2026-10-31,,[大阪府] 万博記念公園,electronic,female,公演日前日までにQRコード共有,m,5.0,,QR,2026-09-28 01:12:46,public_alias_observed,2026-09-29 00:03:13,,,listing,1,35000,"QRごと/Aぇ名義（2026ツアー落選名義）/有効期限内/下3桁開示可
公演前日にマイページにてログイン情報をお伝え致します。入場後は速やかにログアウト及び受け取り評価をお願いします。
本人確認やランダムエラー等で入場ができなかった場合でも受け取り評価はしていただき、返金対応はできかねます。
全ての記載事項を許諾の上、成人済みの日本人の方のみご購入をよろしくお願い致します。",True,7z32bw8fry,2026-09-26 02:01:13,alias,2026-09-29 01:09:20,2026-09-29 01:13:15,public_detail,False,public_detail,active,"QRごと/Aぇ名義（2026ツアー落選名義）/有効期限内/下3桁開示可
公演前日にマイページにてログイン情報をお伝え致します。入場後は速やかにログアウト及び受け...",public_detail,2026-09-29 00:15:28,True,2026-09-29 00:15:28,1Cl2VvDmJVZqGnDqCyq0,"{""isSpecified"": false, ""value"": """"}"
w1oy68zus5,,kamigata-expo-park-fes-2026,2026-10-31,,[大阪府] 万博記念公園,electronic,female,同行,L,5.0,,同行 / 番手,2026-09-28 01:12:46,public_alias_observed,2026-09-29 00:03:13,,,listing,1,22000,"6名義中4番手/初期当選/有効期限内/すり替えなし/下三桁提示可能

ランダムエラー、出演者変更、体調不良、交通機関の乱れなどの如何なる理由により入場できなかった場合でも受け取り通知をして頂きます。購入後のクレームについては一切受け付けませんのでご了承ください。

当日8:30入場可能な方のみでお願い致します。",True,ypbio9z38o,2026-09-26 01:01:13,alias,2026-09-29 01:09:21,2026-09-29 01:13:15,public_detail,False,public_detail,active,"6名義中4番手/初期当選/有効期限内/すり替えなし/下三桁提示可能

ランダムエラー、出演者変更、体調不良、交通機関の乱れなどの如何なる理由により入場できなかっ...",public_detail,2026-09-29 00:14:57,True,2026-09-29 00:14:57,1Cl2VvDmJVZqGnDqCyq0,"{""isSpecified"": false, ""value"": """"}"
sbqqo71rb9,,kamigata-expo-park-fes-2026,2026-10-31,,[大阪府] 万博記念公園,electronic,female,2名義中2番手,a,5.0,,番手,2026-09-28 01:12:46,public_alias_observed,2026-09-29 00:03:13,,,listing,2,20000,"【2名義中2番手】/初期当選/該当名義/有効期限内/変更ボタンあり/重複すり替えなし/下3桁提示可

※~8:30前集合可能な方のみご購入下さい※

当日の集合時間、場所等に関しましては公演が近くなり次第、または詳細が発表され次第、連絡ボードにてご連絡させていただきます。

待ち合わせ後、同時入場していただきます。その後一旦全てのチケットを回収し、こちらがチケットを選んだ後に残りのチケットをお渡しいたしますのでお選びはいただけません。また、ブロック選択までにお時間をいただく可能性がございますのでご了承ください。

集合後に発送通知をいたしますので、チケットお渡し後は速やかに受取通知をお願いいたします。

*  注意事項
・座席確認中の同行は不可のため、ご連絡するまでは別場所でご待機ください。(中でのご連絡手段として当日お電話番号を伺う場合がございます。)
・待ち合わせ時間に10分以上遅刻される場合は如何なる理由であっても買い手様の到着を待たずに先に入場させて頂きます。その場合も必ず受け取り評価をして頂きますので、時間に余裕を持って来られる方のみご購入ください。
・当選歴や当選画面などfcサイトのスクショの提示は悪用防止のため致しかねます。
・座席に関するクレームは一切承りませんのでご了承ください。
・体調不良、ランダムエラー、本人確認等、公演中止以外での返金は出演者変更などのいかなる場合もいたしかねます。公演中止の際のみ手数料を差し引いた金額を返金致します。
・当日までこまめに連絡が取れる方、日本語が通じる方のみご購入ください。
・録音録画等名義を潰される行為を一切しない方、必ず公演
・マナーを守れる方のみご購入ください。
・ ご購入された時点で上記の注意事項に全て同意したものとみなします。


",True,qnkgpsewxb,2026-09-26 02:01:13,alias,2026-09-29 01:09:21,2026-09-29 01:13:15,public_detail,False,public_detail,active,"【2名義中2番手】/初期当選/該当名義/有効期限内/変更ボタンあり/重複すり替えなし/下3桁提示可

※~8:30前集合可能な方のみご購入下さい※

当日の集合...",public_detail,2026-09-29 00:15:28,True,2026-09-29 00:15:28,1Cl2VvDmJVZqGnDqCyq0,"{""isSpecified"": false, ""value"": """"}"
q4wlj21vi1,,kamigata-expo-park-fes-2026,2026-10-31,,[大阪府] 万博記念公園,electronic,female,同行,そ。,5.0,,同行,2026-09-28 01:12:46,public_alias_observed,2026-09-29 00:03:13,,,listing,1,32000,"当方の同行者枠/初期当選/すり替えなし/下3桁提示可/有効期限内/Aぇ×Aぇ名義

・入場後は速やかに受け取り通知をお願いいたします。
・座席に関するクレームは一切お受けできません。
・交通機関の遅延、ランダムエラー、本人確認等で入場できない場合や体調不良・出演者変更等のキャンセルは一切お受けできません。
・公演中止の際は手数料を引いた金額を返金させていただきます。
公演中止以外の返金対応いたしません。

上記ご理解頂けた成人済み日本人女性の方のみ、ご購入をお願いいたします。",True,mlv0i3zoll,2026-09-26 02:01:13,alias,2026-09-29 01:09:22,2026-09-29 01:13:15,public_detail,False,public_detail,active,"当方の同行者枠/初期当選/すり替えなし/下3桁提示可/有効期限内/Aぇ×Aぇ名義

・入場後は速やかに受け取り通知をお願いいたします。
・座席に関するクレームは...",public_detail,2026-09-29 00:15:30,True,2026-09-29 00:15:30,1Cl2VvDmJVZqGnDqCyq0,"{""isSpecified"": false, ""value"": """"}"
bkc5c1e31b,,kamigata-expo-park-fes-2026,2026-10-31,,[大阪府] 万博記念公園,electronic,female,同行,り,5.0,,,2026-09-28 01:12:46,public_alias_observed,2026-09-29 00:03:13,,,listing,2,50000,"7名義中3番手
初期当選/なにわ名義×情報局該当名義/有効期限内/すり替えなし/下三桁提示可能

ランダムエラー、出演者変更、体調不良、交通機関の乱れなどの如何なる理由により入場できなかった場合でも受け取り通知をして頂きます。購入後のクレームについては一切受け付けませんのでご了承ください。

当日8:30入場可能な方のみでお願いいたします。",True,xrfq2ooqdv,2026-09-26 02:01:13,alias,2026-09-29 01:09:22,2026-09-29 01:13:15,public_detail,False,public_detail,active,"7名義中3番手
初期当選/なにわ名義×情報局該当名義/有効期限内/すり替えなし/下三桁提示可能

ランダムエラー、出演者変更、体調不良、交通機関の乱れなどの如何...",public_detail,2026-09-29 00:15:32,True,2026-09-29 00:15:32,1Cl2VvDmJVZqGnDqCyq0,"{""isSpecified"": true, ""value"": "" \u5e2d\u7a2e\u672a\u5b9a""}"
nxhceofk69,,kamigata-expo-park-fes-2026,2026-10-31,,[大阪府] 万博記念公園,electronic,female,前日ログイン情報お伝え,m,5.0,,QR,2026-09-28 01:12:46,public_alias_observed,2026-09-29 00:03:13,,,listing,1,50000,重複すり替えなし、aぇ group名義、QR毎のお譲り、昨年スタンド名義(最終当選歴のため今年は落選)、下3桁お伝え可能、エラーなし、有効期限内名義、初期当選、ペイジー払い。同意チェックはログイン情報お伝え後にご自身でお願いします。中止以外如何なる場合でも返金不可。入場後すぐに受け取り連絡、ログアウトして下さい。,True,cheuda4c93,2026-09-26 02:01:13,alias,2026-09-29 01:09:22,2026-09-29 01:13:15,public_detail,False,public_detail,active,重複すり替えなし、aぇ group名義、QR毎のお譲り、昨年スタンド名義(最終当選歴のため今年は落選)、下3桁お伝え可能、エラーなし、有効期限内名義、初期当選、...,public_detail,2026-09-29 00:15:27,True,2026-09-29 00:15:27,1Cl2VvDmJVZqGnDqCyq0,"{""isSpecified"": false, ""value"": """"}"
kkwaz24own,,kamigata-expo-park-fes-2026,2026-10-31,,[大阪府] 万博記念公園,electronic,female,同行,さ,5.0,,番手,2026-09-28 01:12:46,public_alias_observed,2026-09-29 00:03:13,,,listing,2,28000,"ファンクラブ先行 Aぇ名義 座席未定
 2名義中2番手 下3桁提示可 初期当選
有効期限内 着ブロ指定なし
公演当日、会場付近にて集合し同時入場して頂きます。
詳細は連絡ボードにてご連絡させて頂きます。
お連れ様と別々に入場して頂きますが必ず連番でチケットをお渡し致します。
入場後チケットを一度回収し、当方が選ばなかった2連をお渡し致します。
座席選択の際、数分お時間を頂く可能性がございますのでご了承ください。

公演当日のランダムエラー、本人確認等、公演中止以外での如何なる場合でも返金は致しません。公演中止の場合のみ手数料を差し引いた金額を返金させていただきます。
チケット受け取り次第、速やかに受け取り連絡をお願い致します。
座席未定の為、座席に関するクレームは一切お受けできません。
",True,tj4w9ykvqx,2026-09-26 02:01:13,alias,2026-09-29 01:09:22,2026-09-29 01:13:15,public_detail,False,public_detail,active,"ファンクラブ先行 Aぇ名義 座席未定
 2名義中2番手 下3桁提示可 初期当選
有効期限内 着ブロ指定なし
公演当日、会場付近にて集合し同時入場して頂きます。...",public_detail,2026-09-29 00:15:31,True,2026-09-29 00:15:31,1Cl2VvDmJVZqGnDqCyq0,"{""isSpecified"": false, ""value"": """"}"
4j64gyqnfd,,kamigata-expo-park-fes-2026,2026-10-31,,[大阪府] 万博記念公園,electronic,female,同行,r,4.5,,番手,2026-09-28 01:12:46,public_alias_observed,2026-09-29 00:03:13,,,listing,2,45000,"2名義中2番手/初期当選/下3桁提示可
プラベルへの移行可能です。
公演当日会場付近で開場時間30分前を目安に待ち合わせし、同時入場していただきます。
詳しい待ち合わせ時間・場所等は、ご入金後にマイページの連絡ボードでお知らせします。

・入場後こちらで全てのチケットやリストバンドなどを回収し、座席選択させていただきますので、ご購入者様にて座席の選択はできません
・座席選択にお時間をいただきますが、開演5分前までにチケットをお渡しします
・代理購入はトラブル防止のためご遠慮ください
・チケット持ち逃げ防止のため、一時的に公的身分証をお預かりする可能性がございます
・入場時はこちらで指定する他の方との入場をお願いすることがございます
・当日はログイン情報をお伝えし、ご購入者様の端末で入場していただく可能性がございますので、ご協力をお願いいたします
・チケットをお渡しする際にその場で受け取り連絡をお願いします
・待ち合わせ時間に遅れた場合は先に入場させていただきます
・当日の体調不良やランダムエラー等で入場できなかった場合の返金及びキャンセルは致しかねますので、必ず受取連絡をしていただきますようお願いいたします
・公演中止の場合は、手数料を差し引いた金額を返金します
・お席等に関するクレームは一切受け付けません

上記内容をすべてご理解・ご承諾いただける20歳以上の日本人女性、かつ日本語で意思疎通が可能な方のみご購入ください。",True,6b92clt6xm,2026-09-26 02:01:13,alias,2026-09-29 01:09:23,2026-09-29 01:13:15,public_detail,False,public_detail,active,"2名義中2番手/初期当選/下3桁提示可
プラベルへの移行可能です。
公演当日会場付近で開場時間30分前を目安に待ち合わせし、同時入場していただきます。
詳しい待...",public_detail,2026-09-29 00:15:32,True,2026-09-29 00:15:32,1Cl2VvDmJVZqGnDqCyq0,"{""isSpecified"": false, ""value"": """"}"
1d1r1x88t3,,kamigata-expo-park-fes-2026,2026-10-31,,[大阪府] 万博記念公園,electronic,female,3名義中3番手,m,5.0,,番手,2026-09-28 01:12:46,public_alias_observed,2026-09-29 00:03:13,,,listing,2,28000,"3名義中3番手/初期当選のみ/Jr該当×Aぇのみ/すり替えなし/下3桁提示可/有効期限内名義/発送物戻りなし

当日は、会場付近で集合し同時入場いたします。
未発表な部分が多く確定ではないですが、開場時間の8:30より前の集合を予定しております。
入場後チケットを一度回収し、当方が選ばなかったチケットの中からお選びいただきます。
チケットお渡し時に必ず受取通知をお願いいたします。

公演中止の場合は手数料を差し引いた金額を返金いたしますが、体調不良・本人確認やシステムエラーなどで入場できなかった場合でも返金は致しかねます。
座席等のクレームは一切お受けできません。
トラブル防止のため代理購入はご遠慮ください。

上記すべてご了承いただける、20歳以上の日本語で会話ができる女性のみご購入お願いいたします。",True,d3o48ar1s7,2026-09-26 02:01:13,alias,2026-09-29 01:09:23,2026-09-29 01:13:15,public_detail,False,public_detail,active,"3名義中3番手/初期当選のみ/Jr該当×Aぇのみ/すり替えなし/下3桁提示可/有効期限内名義/発送物戻りなし

当日は、会場付近で集合し同時入場いたします。
未...",public_detail,2026-09-29 00:15:31,True,2026-09-29 00:15:31,1Cl2VvDmJVZqGnDqCyq0,"{""isSpecified"": false, ""value"": """"}"
yw8wklouko,,kamigata-expo-park-fes-2026,2026-10-31,,[大阪府] 万博記念公園,electronic,female,同行,R,5.0,,番手,2026-09-28 01:12:46,public_alias_observed,2026-09-29 00:03:13,,,listing,1,24000,"初期当選/2名義中2番手/有効期限名義のみ/なにわ、EIGHT名義/すり替えなし/下3桁提示可能/発送物戻りあり名義(入場歴ありエラーなし)含むためお安くしております。
10時ごろ入場予定

・入場後はチケットを一旦回収し、当方が選択しなかったチケットをお渡しします。チケットを選ぶのにお時間がかかる場合がございますのでご理解ください。

・電波環境が悪い場合がございますので事前に電話番号を伺うことがございますので、ご了承ください。

・本人確認やランダムエラーでは返金いたしますが、
購入者様の遅刻、体調不良、公演中止以外での返金は一切いたしかねます。そのような場合でも必ず受取連絡はして頂きますのでご了承ください。

・当日お席に関するクレームは受け付けません。

・受取連絡と引き換えでチケットをお渡しいたします。

・日本語の通じる女性のみご購入ください。ご購入いただいた時点で記載事項に同意いただいたものとみなします。

エラーの際はご返金いたします。",True,ffcnbjjd35,2026-09-26 02:01:13,alias,2026-09-29 01:09:24,2026-09-29 01:13:15,public_detail,False,public_detail,active,初期当選/2名義中2番手/有効期限名義のみ/なにわ、EIGHT名義/すり替えなし/下3桁提示可能/発送物戻りあり名義(入場歴ありエラーなし)含むためお安くしてお...,public_detail,2026-09-29 00:15:28,True,2026-09-29 00:15:28,1Cl2VvDmJVZqGnDqCyq0,"{""isSpecified"": true, ""value"": ""2\u540d\u7fa9\u4e2d2\u756a\u624b""}"
0iskynnya2,,kamigata-expo-park-fes-2026,2026-10-31,,[大阪府] 万博記念公園,electronic,female,同時入場、2名義中2番手,あ,5.0,,番手 / 同行,2026-09-28 01:12:46,public_alias_observed,2026-09-29 00:03:13,,,listing,2,23000,"2名義中2番手

プラベル出品可

初期当選/有効期限名義のみ/なにわ×なにわ 2名義/下3桁提示可/返送物戻り無し

開場時間前の集合を考えております。
・入場後はチケットを一旦回収し、当方が選ばなかったチケットをお渡し致します。チケットを選ぶのにお時間がかかる場合がございますのでご理解ください。

・電波環境が悪い場合がございますので事前に電話番号を伺うことがございますので、ご了承ください。

・当日買い手様の遅刻、購入者様の体調不良により入場できなかった場合、本人確認、入場時のランダムエラーや入場エラ一、座席などへのクレームでの返金は一切致しかねます。また、公演中止以外のキャンセルは一切受け付けません。そのような場合でも必ず受取連絡はして頂きますのでご了承ください。

・チケットをお渡しさせて頂く際に、必ず受取連絡をお願い致します。受取連絡をして頂いた時点でお取引が問題なく完了したこととみなし、それ以降のクレーム等は受け付けません。ご購入はいかなる場合も返金、キャンセル処理は致しません。ご了承ください。

・必ず上記事項にご理解頂けた方、日本人女性の方のみご購入お願い致します。公演中止の際には手数料を差し引いた金額を返金します。
",True,l2mjil44uf,2026-09-26 02:01:13,alias,2026-09-29 01:09:24,2026-09-29 01:13:15,public_detail,False,public_detail,active,"2名義中2番手

プラベル出品可

初期当選/有効期限名義のみ/なにわ×なにわ 2名義/下3桁提示可/返送物戻り無し

開場時間前の集合を考えております。
・入...",public_detail,2026-09-29 00:15:34,True,2026-09-29 00:15:34,1Cl2VvDmJVZqGnDqCyq0,"{""isSpecified"": false, ""value"": """"}"
iw6ujgu3am,,kamigata-expo-park-fes-2026,2026-11-01,,[大阪府] 万博記念公園,electronic,female,2名義中2番手,麻辣,5.0,,番手,2026-09-28 01:12:46,public_alias_observed,2026-09-29 00:03:13,,,listing,2,29000,"2名義中2番手
名義・同行者共にAぇFC会員
当日当方の指定した場所時間に集合し、同時入場当方が選ばなかった方のチケットをお渡しいたします。集合時間や場所は前日までにご連絡いたします。

過去スタンド後列当選名義✖️2",True,yi18ojm0dd,2026-09-26 02:01:13,alias,2026-09-29 01:09:25,2026-09-29 01:13:15,public_detail,False,public_detail,active,"2名義中2番手
名義・同行者共にAぇFC会員
当日当方の指定した場所時間に集合し、同時入場当方が選ばなかった方のチケットをお渡しいたします。集合時間や場所は前日...",public_detail,2026-09-29 00:15:33,True,2026-09-29 00:15:33,1Cl2VvDmJVZqGnDqCyq0,"{""isSpecified"": false, ""value"": """"}"
y6o20vydz1,,kamigata-expo-park-fes-2026,2026-11-01,,[大阪府] 万博記念公園,electronic,female,公演前日ログイン情報共有,星,5.0,,QR,2026-09-28 01:12:46,public_alias_observed,2026-09-29 00:03:13,,,listing,1,50000,"SUPER EIGHT名義／初期当選／QRごと／会員番号下3桁提示可／有効期限内／発送物戻りなし

※プラベルor特別出品にて再度出品いたしますので、お取引希望の方はメッセージにてご連絡ください。
・購入後すぐに下3桁ご提示いたします。
・公演前日にログイン情報をお伝えします。
・個人情報ページを見たり、情報を変更したりすることは厳禁です。
・入場後は開演までに必ずログアウトしていただき、即受取確認をお願いいたします。
・体調不良、ランダムエラー、特定メンバーの欠席など、公演中止以外のいかなる場合でも返金は不可です。
上記全てご理解頂ける方のみご購入お願いいたします。",True,0wb27f3crd,2026-09-26 02:01:13,alias,2026-09-29 01:09:25,2026-09-29 01:13:15,public_detail,False,public_detail,active,"SUPER EIGHT名義／初期当選／QRごと／会員番号下3桁提示可／有効期限内／発送物戻りなし

※プラベルor特別出品にて再度出品いたしますので、お取引希望...",public_detail,2026-09-29 00:15:29,True,2026-09-29 00:15:29,1Cl2VvDmJVZqGnDqCyq0,"{""isSpecified"": false, ""value"": """"}"
tex33kanyl,,kamigata-expo-park-fes-2026,2026-11-01,,[大阪府] 万博記念公園,electronic,female,公演日2日前にログイン情報共有,ᡣ𐭩,5.0,,QR,2026-09-28 01:12:46,public_alias_observed,2026-09-29 00:03:13,,,listing,1,67000,"なにわ名義/初期当選/有効期限内/発送物戻り無/同一クレカ無し

公演前日に必要な情報等を連絡ボードにてお知らせ致します。同意チェックは購入者様ご自身でお願い致します。

プラベル可能な方。
公演当日入場後は速やかにログアウトして頂き、必ず開演時間までに受け取り通知をお願い致します。

座席に関するクレーム等は一切受け付けません。公演中止を除き交通機関遅れ、体調不良等購入者様都合の事情、ランダムエラー等如何なる場合も返金致しません。お取引成立後は如何なる場合も必ず受け取り通知を完了して頂きますのでご了承下さい。取引成立後の取引キャンセルも承る事が出来ないのでご了承下さい。上記の場合も必ず受け取り評価は行って頂きます。

ご購入は上記を了承した上で日本語の理解出来る、成人済み日本人の方でお願い致します。",True,g0zi1u6wb9,2026-09-26 02:01:13,alias,2026-09-29 01:09:26,2026-09-29 01:13:15,public_detail,False,public_detail,active,"なにわ名義/初期当選/有効期限内/発送物戻り無/同一クレカ無し

公演前日に必要な情報等を連絡ボードにてお知らせ致します。同意チェックは購入者様ご自身でお願い致...",public_detail,2026-09-29 00:15:36,True,2026-09-29 00:15:36,1Cl2VvDmJVZqGnDqCyq0,"{""isSpecified"": false, ""value"": """"}"
gfxcw6dumc,,kamigata-expo-park-fes-2026,2026-11-01,,[大阪府] 万博記念公園,electronic,female,公演日前日までにログイン情報共有,ぴ,5.0,,QR,2026-09-28 01:12:46,public_alias_observed,2026-09-29 00:03:13,,,listing,1,25000,"なにわ名義/条件なし/QRごと/すり替えなし会員番号下3桁開示可/初期当選/有効期限内/郵送物戻りなし

公演日の前日にログイン情報をお伝えします。

ログイン情報は他の方にお伝えせずご入場者様のみの管理でお願い致します。
ご購入いただきました時点で下3桁をお送りいたします。

重複売り疑いを防止のため、
当日QR表示のための名義人同意チェックは買い手様にてお願いしております。

入場後、開演時間までにログアウト、受け取り連絡をお願い致します。

座席は当日発券するまで未定です。
座席に関するクレームも一切受け付けません。

 入場時のランダムエラーや本人確認、同行者登録の誤操作等により入場できない場合も含め、
如何なる理由でも受け取りをしていただき、
買い手様都合のキャンセル・返金対応致しかねますのでご了承ください。

上記の内容をご了承いただける方のみご購入をお願い致します。トラブル防止のため代理購入はお控え下さい。",True,aws2qh4w14,2026-09-26 02:01:13,alias,2026-09-29 01:09:26,2026-09-29 01:13:15,public_detail,False,public_detail,active,"なにわ名義/条件なし/QRごと/すり替えなし会員番号下3桁開示可/初期当選/有効期限内/郵送物戻りなし

公演日の前日にログイン情報をお伝えします。

ログイン...",public_detail,2026-09-29 00:15:36,True,2026-09-29 00:15:36,1Cl2VvDmJVZqGnDqCyq0,"{""isSpecified"": false, ""value"": """"}"
cm7r93ctzx,,kamigata-expo-park-fes-2026,2026-11-01,,[大阪府] 万博記念公園,electronic,none,3名義中3番手,で,5.0,,同行 / 番手,2026-09-28 01:12:46,public_alias_observed,2026-09-29 00:03:13,,,listing,1,25000,"3名義中3番手/全て単番/初期当選/ジュニア情報局先行 該当名義/変更ボタンあり/有効期限内/すり替えなし/下3桁提示可

8:30前集合可能な方のみご購入下さい。
状況次第では8時半以降の集合になる可能性もございます。
当日の集合時間に関しましては公演が近くなり次第、または詳細が発表され次第、連絡ボードにてご連絡させていただきます。

待ち合わせ後、同時入場していただきます。その後一旦チケットを回収し1.2番手がチケットを選んだ後にチケットをお渡しいたしますのでお選びはいただけません。また、ブロック選択までにお時間をいただく可能性がございますのでご了承ください。
集合時に持ち逃げ防止のため身分証をお預かりしますので必ずお持ち下さい。

集合後に発送通知をいたしますので、チケットお渡し後は速やかに受取通知をお願いいたします。

買い手様の端末をお借りしQR表示にご協力いただく場合がございます。必ずQR表示可能な端末をお持ち下さい。
当日または前日までに電話番号をお聞きする可能性がございますので対応できる方のみ購入して下さい。
待ち合わせ時間に遅刻される場合は如何なる理由であっても買い手様の到着を待たずに先に入場させて頂きます。その場合も必ず受け取り評価をして頂きますので、時間に余裕を持って来られる方のみご購入ください。
座席に関するクレームは一切承りませんのでご了承ください。
体調不良、ランダムエラー、本人確認等、公演中止以外での返金は出演者変更などのいかなる場合もいたしかねます。公演中止の際のみ手数料を差し引いた金額を返金致します。
当日までこまめに連絡が取れる方、日本語が通じる方のみご購入ください。
サイチェン等して頂いて構いませんが名義を傷つける行為はおやめ下さい。
ご購入された時点で上記の注意事項に全て同意したものとみなします。
",True,j87zkewis6,2026-09-26 02:01:13,alias,2026-09-29 01:09:26,2026-09-29 01:13:15,public_detail,False,public_detail,active,"3名義中3番手/全て単番/初期当選/ジュニア情報局先行 該当名義/変更ボタンあり/有効期限内/すり替えなし/下3桁提示可

8:30前集合可能な方のみご購入下さ...",public_detail,2026-09-29 00:15:35,True,2026-09-29 00:15:35,1Cl2VvDmJVZqGnDqCyq0,"{""isSpecified"": false, ""value"": """"}"
8b2y2onqw5,,kamigata-expo-park-fes-2026,2026-11-01,,[大阪府] 万博記念公園,electronic,female,入金後24時間以内にQRコード共有,のっち,5.0,,番手,2026-09-28 01:12:46,public_alias_observed,2026-09-29 00:03:13,,,listing,2,26000,"【2名義中2番手】なにわ名義／すり替えなし／有効期限内／下3桁提示可／エラー歴なし

公演当日は、こちらが指定する時間・場所に集合していただき、同時入場を予定しております。
入場方法や当日の状況により、QRごとお渡しする場合がございますので、柔軟にご対応いただける方のみご購入をお願いいたします。

入場時間が早朝となる可能性がございます。公式から詳細が発表され次第、集合時間・場所について取引メッセージにてご連絡いたします。指定時間に確実にお越しいただける方のみご購入ください。

2連でご購入の場合、入場時に分かれていただく可能性がございますが、連番のチケットをお渡しいたします。

大きな荷物・キャリーケース等は、集合前にコインロッカー等へお預けいただいた状態でお越しください。

チケットお渡し後は、速やかに受取連絡をお願いいたします。

座席・ブロック等に関するクレームは一切お受けできません。
また、交通機関の遅延、遅刻、体調不良、本人確認、ランダムエラー・システムエラー等、主催者による公演中止以外の理由で入場できなかった場合も、キャンセル・返金には対応いたしかねます。

集合時間に遅刻された場合は、先に入場させていただく場合がございます。その場合も受取連絡は必ずお願いいたします。

公演中止の場合のみ、各種手数料を差し引いた金額を返金いたします。

日本語でスムーズに連絡が取れ、上記すべてご了承いただける方のみご購入をお願いいたします。代理購入はご遠慮ください。
",True,cvbqivr5uj,2026-09-27 15:02:48,alias,2026-09-29 01:09:27,2026-09-29 01:13:15,public_detail,False,public_detail,active,"【2名義中2番手】なにわ名義／すり替えなし／有効期限内／下3桁提示可／エラー歴なし

公演当日は、こちらが指定する時間・場所に集合していただき、同時入場を予定し...",public_detail,2026-09-29 00:15:56,True,2026-09-29 00:15:56,1Cl2VvDmJVZqGnDqCyq0,"{""isSpecified"": false, ""value"": """"}"
b3pmcac64m,,kamigata-expo-park-fes-2026,2026-11-01,,[大阪府] 万博記念公園,electronic,female,5名義中4番手,え,5.0,,同行 / 番手,2026-09-28 01:12:46,public_alias_observed,2026-09-29 00:03:13,,,listing,2,22000,"FC・情報局先行/有効期限内/5名義中4番手/すり替えなし/下3桁提示可

開場時間の8:30入場の可能性があります。
会場付近にて待ち合わせし同時入場していただきます。
詳しい集合場所、時間等につきましては後日 連絡ボードにて連絡させていただきます。 座席に関するクレームは一切受け付けません。
キャリーケース等大きな荷物は事前に預けた状態でお越しください。 
QRごとでのお譲りになる可能性もございます。整番等入場方法が定かではないため柔軟に対応していただける方のご購入をお願いいたします。
 入場後発送通知を行いますのでチケット受取後、 速やかに受取通知して頂きますようお願いします。
  遅刻や体調不良、本人確認、システムエラーやランダムエラー等、主催者側による公演中止以外でのキャンセル・返金対応はいかなる理由でも致しません。  
遅刻された場合は先に入場させていただきますが、受取評価はしていただきます。 
上記をご確認頂き、日本語でスムーズにご連絡の取れる方のみご購入下さい。代理購入はご遠慮下さい。",True,aamijpviko,2026-09-26 02:01:13,alias,2026-09-29 01:09:27,2026-09-29 01:13:15,public_detail,False,public_detail,active,"FC・情報局先行/有効期限内/5名義中4番手/すり替えなし/下3桁提示可

開場時間の8:30入場の可能性があります。
会場付近にて待ち合わせし同時入場していた...",public_detail,2026-09-29 00:15:36,True,2026-09-29 00:15:36,1Cl2VvDmJVZqGnDqCyq0,"{""isSpecified"": false, ""value"": """"}"
m7lgd2utkf,,kamigata-expo-park-fes-2026,2026-11-01,,[大阪府] 万博記念公園,electronic,none,公演日1日前にQRコード共有,めんた,5.0,,QR,2026-09-28 01:12:46,public_alias_observed,2026-09-29 00:03:13,,,listing,2,24444,"なにわ男子FC✕なにわ男子FC/初期選/QR毎/すり替えなし/有効期限内／エラー歴等なし/下3桁提示可/Pay-easy
支払い
公演日前日に連絡ボードにてログイン情報お伝えします。
当日入場後は速やかにログアウトと受取評価お願いいたします。
遅刻や体調不良、交通機関の乱れ、本人確認、システムエラーやランダムエラー等、主催者側による公演中止以外でのキャンセル・返金対応はいかなる理由でも不可になります。座席のクレームも一切受け付けませんのでご了承ください。
入金後の不備、送金停止依頼など如何なる場合でも返金はできません",True,9dn8e5nzn3,2026-09-26 01:01:13,alias,2026-09-29 01:09:27,2026-09-29 01:13:15,public_detail,False,public_detail,active,"なにわ男子FC✕なにわ男子FC/初期選/QR毎/すり替えなし/有効期限内／エラー歴等なし/下3桁提示可/Pay-easy
支払い
公演日前日に連絡ボードにてログ...",public_detail,2026-09-29 00:14:57,True,2026-09-29 00:14:57,1Cl2VvDmJVZqGnDqCyq0,"{""isSpecified"": false, ""value"": """"}"
w96543vfy3,,kamigata-expo-park-fes-2026,2026-11-01,,[大阪府] 万博記念公園,electronic,female,公演前日まで,D,5.0,,番手,2026-09-28 01:12:46,public_alias_observed,2026-09-29 00:03:13,,,listing,1,25000,"2名義中2番手/エイト×2名義/初期当選/有効期限名義のみ/すり替えなし

当日、開場時間前に会場付近で待ち合わせし、同時入場していただきます。
入場後はチケットを一旦回収し、当方が選ばなかったチケットをお渡し致します。チケットを選ぶのにお時間がかかる場合がございますのでご理解ください。

会場の電波環境が悪い可能性がございますので、事前に電話番号をお伺い致します。

当日購入者様の遅刻、体調不良により入場できなかった場合、本人確認、入場時のランダムエラーや入場エラ一、座席などへのクレームでの返金は一切致しかねます。また、公演中止以外のキャンセルは一切受け付けません。そのような場合でも必ず受取連絡はして頂きますのでご了承ください。

チケットをお渡しさせて頂く際に、必ず受取連絡をお願い致します。受取連絡をして頂いた時点でお取引が問題なく完了したこととみなし、それ以降のクレーム等は受け付けません。ご購入はいかなる場合も返金、キャンセル処理は致しません。ご了承ください。

必ず上記事項にご理解頂けた方、20歳以上の日本人女性の方のみご購入お願い致します。公演中止の際には手数料を差し引いた金額を返金します。",True,w8jjkxyh6t,2026-09-26 01:01:13,alias,2026-09-29 01:09:28,2026-09-29 01:13:15,public_detail,False,public_detail,active,"2名義中2番手/エイト×2名義/初期当選/有効期限名義のみ/すり替えなし

当日、開場時間前に会場付近で待ち合わせし、同時入場していただきます。
入場後はチケッ...",public_detail,2026-09-29 00:15:00,True,2026-09-29 00:15:00,1Cl2VvDmJVZqGnDqCyq0,"{""isSpecified"": false, ""value"": """"}"
3p262p1540,,kamigata-expo-park-fes-2026,2026-11-01,,[大阪府] 万博記念公園,electronic,female,公演日前日にログイン情報お渡し,も,5.0,,QR,2026-09-28 01:12:46,public_alias_observed,2026-09-29 00:03:13,,,listing,2,31000,"WESTを含まずFC×FCでの当選です。
初期当選/有効期限内/下3桁提示可能/過去エラー・発送物戻り無

公演日前日にログイン情報をお渡しします。赤線対策のため同行者の同意チェックをした状態でお渡しします。

代表・同行どちらも前回落選名義となります。公演中止以外はランダムエラーを含むいかなる場合も返金・キャンセル対応致しませんのでご了承ください。

以上のことが理解できる方のみご購入お願いします。

気になる点がある方はご購入前にコメントお願いします。",True,cucooc0rz1,2026-09-26 01:01:13,alias,2026-09-29 01:09:28,2026-09-29 01:13:15,public_detail,False,public_detail,active,"WESTを含まずFC×FCでの当選です。
初期当選/有効期限内/下3桁提示可能/過去エラー・発送物戻り無

公演日前日にログイン情報をお渡しします。赤線対策のた...",public_detail,2026-09-29 00:15:02,True,2026-09-29 00:15:02,1Cl2VvDmJVZqGnDqCyq0,"{""isSpecified"": false, ""value"": """"}"
08lxrqqj7v,,kamigata-expo-park-fes-2026,2026-11-01,,[大阪府] 万博記念公園,electronic,female,公演前日にログイン情報共有,14,5.0,,QR,2026-09-28 01:12:46,public_alias_observed,2026-09-29 00:03:13,,,listing,2,35000,"WEST.名義//QRごと/すり替えなし会員番号下3桁開示可/初期当選/有効期限内

公演日の前日にログイン情報をお伝えします。

ログイン情報は他の方にお伝えせずご入場者様のみの管理でお願い致します。
ご購入いただきました時点で下3桁をお送りいたします。

重複売り疑いを防止のため、
当日QR表示のための名義人同意チェックは買い手様にてお願いしております。

入場後、開演時間までにログアウト、受け取り連絡をお願い致します。

座席は当日発券するまで未定です。
座席に関するクレームも一切受け付けません。

 入場時のランダムエラーや本人確認、同行者登録の誤操作等により入場できない場合も含め、
如何なる理由でも受け取りをしていただき、
買い手様都合のキャンセル・返金対応致しかねますのでご了承ください。

上記の内容をご了承いただける方のみご購入をお願い致します。トラブル防止のため代理購入はお控え下さい。
",True,k7qc4ysx03,2026-09-26 02:01:13,alias,2026-09-29 01:09:29,2026-09-29 01:13:15,public_detail,False,public_detail,active,"WEST.名義//QRごと/すり替えなし会員番号下3桁開示可/初期当選/有効期限内

公演日の前日にログイン情報をお伝えします。

ログイン情報は他の方にお伝え...",public_detail,2026-09-29 00:15:34,True,2026-09-29 00:15:34,1Cl2VvDmJVZqGnDqCyq0,"{""isSpecified"": false, ""value"": """"}"
nd0qmi72xf,,kamigata-expo-park-fes-2026,2026-11-01,,[大阪府] 万博記念公園,electronic,female,QRの為未定,39,5.0,,番手,2026-09-28 01:12:46,public_alias_observed,2026-09-29 00:03:13,,,listing,1,21000,"2名義中2番手 / すり替えなし / 下3桁提示可 /  有効期限内 / どちらも局名義

・公演当日、会場付近に集合し同時入場する予定です。
・当方が選ばなかった方、2名義中2番手のチケットをお渡しします。
・チケットを受け取り後は速やかに受け取り評価をよろしくお願いいたします。
・体調不良や遅延、ランダムエラー等公演中止以外の如何なる理由でのキャンセルは一切受け付けておりません。
・公演中止の際は手数料を差し引いた額を返金します。
・上記を理解出来る日本語の通じる成人済女性がご購入ください。",True,8lj1av0qjc,2026-09-26 01:01:13,alias,2026-09-29 01:09:29,2026-09-29 01:13:15,public_detail,False,public_detail,active,"2名義中2番手 / すり替えなし / 下3桁提示可 /  有効期限内 / どちらも局名義

・公演当日、会場付近に集合し同時入場する予定です。
・当方が選ばなか...",public_detail,2026-09-29 00:14:59,True,2026-09-29 00:14:59,1Cl2VvDmJVZqGnDqCyq0,"{""isSpecified"": false, ""value"": """"}"
a1zbehqwhc,,kamigata-expo-park-fes-2026,2026-11-01,,[大阪府] 万博記念公園,electronic,female,同行,あ,5.0,,番手,2026-09-28 01:12:46,public_alias_observed,2026-09-29 00:03:13,,,listing,1,50000,"⭐️2名義中1番手⭐️（当方と同行のため大橋、真弓担不可）新大阪駅（8時半〜）からのシャトルバス券付き🚌（不要の方も購入可）全てなにわ名義
購入希望の方、プラベ出品にするのでメッセージ下さい。プラベルでのお取引も可能。
全て初期当選/すり替えなし/下3桁提示可能/有効期限内／サイチェン可
前日の夜までに集合時間と場所をお伝えしますので、時間厳守でお集まり下さい。万が一遅刻された場合先に入場致しますがその場合でも受取連絡して頂きます。
入場後はチケットを一度回収させて頂き、こちらで座席を選ばせて頂いた後に残りのチケットからお好きな座席をお選びいただきます。
入場時、代表者として入場していただく可能性がございます。その際は、一度スマホをお借りし、ログイン情報を入力させていただきますのでご了承いただける方のみご購入お願いいたします。
公演中止以外のキャンセル、返金等は出来かねますのでご了承いただける方のみご購入お願いいたします。

",True,mt7bl12eot,2026-09-26 02:01:13,alias,2026-09-29 01:09:30,2026-09-29 01:13:15,public_detail,False,public_detail,active,"⭐️2名義中1番手⭐️（当方と同行のため大橋、真弓担不可）新大阪駅（8時半〜）からのシャトルバス券付き🚌（不要の方も購入可）全てなにわ名義
購入希望の方、プラ...",public_detail,2026-09-29 00:15:32,True,2026-09-29 00:15:32,1Cl2VvDmJVZqGnDqCyq0,"{""isSpecified"": true, ""value"": ""\u5ea7\u5e2d\u672a\u5b9a""}"
z9cc2qo06n,,kamigata-expo-park-fes-2026,2026-11-01,,[大阪府] 万博記念公園,paper,female,当日手渡し,🌟,5.0,,番手,2026-09-28 01:12:46,public_alias_observed,2026-09-29 00:03:13,,,listing,2,25555,"🌸 お値下げ可能なのでご希望額ご連絡ください🌸

ファンクラブ先行/初期当選/有効期限内/コンビニ決済済

2名義中2番手
（Aぇ✖️Aぇ、なにわ✖️なにわ 2名義ともに直近のツアー落選しています。）

公演当日 会場付近にて待ち合わせし、同時入場していただきます。
開場時間まで集合場所に来られない場合はキャンセルとさせていただきます。
その場合、どのような理由であっても受け取り連絡は行っていただきますので、お時間には余裕をもってお越しください。
詳しい待ち合わせ時間・場所等は、ご入金後にお知らせいたします。

また公演中止の場合のみ返金いたします。
それ以外のQRエラーや体調不良、本人確認等の公演中止以外の理由で入場できなかった場合でも受け取り連絡を行っていただきます。

チケットお渡し後は自由にお取引していただいて構いません◎

ご検討よろしくお願いいたします。
",True,1huoqtksqr,2026-09-26 02:01:13,alias,2026-09-29 01:09:30,2026-09-29 01:13:15,public_detail,False,public_detail,active,"🌸 お値下げ可能なのでご希望額ご連絡ください🌸

ファンクラブ先行/初期当選/有効期限内/コンビニ決済済

2名義中2番手
（Aぇ✖️Aぇ、なにわ✖️なにわ...",public_detail,2026-09-29 00:15:38,True,2026-09-29 00:15:38,1Cl2VvDmJVZqGnDqCyq0,"{""isSpecified"": false, ""value"": """"}"
lzjrtuhc0t,,kamigata-expo-park-fes-2026,2026-11-01,,[大阪府] 万博記念公園,electronic,female,QRごと　重複　すり替えなし,みかん,5.0,,QR,2026-09-28 01:12:46,public_alias_observed,2026-09-29 00:03:13,,,listing,1,30000,"なにわ男子名義
前日になりましたらログイン情報ご提示します。
買い手様で同意チェックして入場してください。
本人確認、ランダムエラー対応はできません。",True,a0z3wt6484,2026-09-26 02:01:13,alias,2026-09-29 01:09:31,2026-09-29 01:13:15,public_detail,False,public_detail,active,"なにわ男子名義
前日になりましたらログイン情報ご提示します。
買い手様で同意チェックして入場してください。
本人確認、ランダムエラー対応はできません。",public_detail,2026-09-29 00:15:37,True,2026-09-29 00:15:37,1Cl2VvDmJVZqGnDqCyq0,"{""isSpecified"": false, ""value"": """"}"
63pnd5tt04,,kamigata-expo-park-fes-2026,2026-11-01,,[大阪府] 万博記念公園,electronic,female,QR毎、前日にログイン情報共有,みい,5.0,,QR,2026-09-28 01:12:46,public_alias_observed,2026-09-29 00:03:13,,,listing,2,28000,"なにわ男子名義 /QR毎/重複すり替えなし/下3桁提示可能/初期当選/有効期限内

ランダムエラーや本人確認、体調不良や出演者の変更等、いかなる場合であっても受取り評価をしていただきます。

公演中止の場合のみ返金します。

入場後は速やかにログアウトと、受取り評価をお願いいたします。",True,n3jq0h7zz3,2026-09-26 02:01:13,alias,2026-09-29 01:09:31,2026-09-29 01:13:15,public_detail,False,public_detail,active,"なにわ男子名義 /QR毎/重複すり替えなし/下3桁提示可能/初期当選/有効期限内

ランダムエラーや本人確認、体調不良や出演者の変更等、いかなる場合であっても受...",public_detail,2026-09-29 00:15:39,True,2026-09-29 00:15:39,1Cl2VvDmJVZqGnDqCyq0,"{""isSpecified"": false, ""value"": """"}"
13ssdki1pl,,kamigata-expo-park-fes-2026,2026-11-01,,[大阪府] 万博記念公園,electronic,none,公演日当日にQRコード共有,めんた,5.0,,QR,2026-09-28 01:12:46,public_alias_observed,2026-09-29 00:03:13,,,listing,2,24444,"なにわ男子FC✕なにわ男子FC/初期選/QR毎/すり替えなし/有効期限内／エラー歴等なし/下3桁提示可/Pay-easy
支払い
公演日前日に連絡ボードにてログイン情報お伝えします。
当日入場後は速やかにログアウトと受取評価お願いいたします。
遅刻や体調不良、交通機関の乱れ、本人確認、システムエラーやランダムエラー等、主催者側による公演中止以外でのキャンセル・返金対応はいかなる理由でも不可になります。座席のクレームも一切受け付けませんのでご了承ください。
入金後の不備、送金停止依頼など如何なる場合でも返金できません",True,njpkk2jw2b,2026-09-26 01:01:13,alias,2026-09-29 01:09:31,2026-09-29 01:13:15,public_detail,False,public_detail,active,"なにわ男子FC✕なにわ男子FC/初期選/QR毎/すり替えなし/有効期限内／エラー歴等なし/下3桁提示可/Pay-easy
支払い
公演日前日に連絡ボードにてログ...",public_detail,2026-09-29 00:15:00,True,2026-09-29 00:15:00,1Cl2VvDmJVZqGnDqCyq0,"{""isSpecified"": false, ""value"": """"}"
85wpinpq5s,,kamigata-expo-park-fes-2026,2026-11-01,,[大阪府] 万博記念公園,electronic,female,同行,ゆあ,5.0,,同行 / 番手,2026-09-28 01:12:46,public_alias_observed,2026-09-29 00:03:13,,,listing,2,28000,"初期当選/3名義中3番手/すり替え無し/下3桁提示可/有効期限内

★代表者・同行者共になにわ男子FCで登録済み
不備名義なし

※公式にて「TAKOYAKI STAGEはスタンディング・ブロック指定です」との表記がございます為、入場の際に発券されたチケットに指定のブロックが記載しているかと思われます。

※入場時間はまだ未定ですので、8:30〜12:00の間のどの時間でもご対応いただける方のみご購入ください。

公演当日、指定した時間・集合場所に集まっていただき同時入場していただきます。
入場後、一度全てのチケットを回収させていただきチケットを選択後にお渡しいたします。
スタンディングの為、入場後は速やかにチケットをお渡しさせたいただきます。

チケット受け取り後は、速やかに受け取り連絡をお願いします。

2連でご購入の場合、別れて入場して頂くことがございますが、必ず連番のチケットをお渡しいたします。

集合時間や待ち合わせ場所につきましてはご入金後、公式から情報がで次第メッセージにてご連絡いたします。

交通機関の乱れや、電波が悪く集合できなかった等、いかなる場合でも遅刻された場合は先に入場させていただき、受け取り連絡は必ず行っていただきます。
お座席に関するクレームは一切お受けしておりません。
本人確認やランダムエラー、体調不良、遅刻等で会場に入れなかった場合でも、一切のキャンセルや返金対応は致しかねますので予めご了承ください。
公演中止の場合のみ、手数料を差し引いた金額を返金致します。

誠意を持って対応させていただきます。
",True,f4nf0caheo,2026-09-26 02:01:13,alias,2026-09-29 01:09:31,2026-09-29 01:13:15,public_detail,False,public_detail,active,"初期当選/3名義中3番手/すり替え無し/下3桁提示可/有効期限内

★代表者・同行者共になにわ男子FCで登録済み
不備名義なし

※公式にて「TAKOYAKI...",public_detail,2026-09-29 00:15:33,True,2026-09-29 00:15:33,1Cl2VvDmJVZqGnDqCyq0,"{""isSpecified"": true, ""value"": ""\u5ea7\u5e2d\u672a\u5b9a""}"
qdfn9u84pw,,kamigata-expo-park-fes-2026,2026-11-01,,[大阪府] 万博記念公園,electronic,female,5名義中3番手,え,5.0,,番手,2026-09-28 01:12:46,public_alias_observed,2026-09-29 00:03:13,,,listing,2,30000,"FC.情報局先行/有効期限内/5名義中3番手/すり替えなし/下3桁提示可

開場時間の8:30入場の可能性があります。
会場付近にて待ち合わせし同時入場していただきます。
詳しい集合場所、時間等につきましては後日 連絡ボードにて連絡させていただきます。 座席に関するクレームは受付ません。
キャリーケース等大きな荷物は事前に預けた状態でお越しください。
QRごとでのお譲りになる可能性もございます。整番等入場方法が定かではないため柔軟に対応していただける方のご購入をお願いいたします。
 入場後発送通知を行いますのでチケット受取後、 速やかに受取通知して頂きますようお願いします。
  遅刻や体調不良、本人確認、システムエラーやランダムエラー等、主催者側による公演中止以外でのキャンセル・返金対応はいかなる理由でも致しません。  
遅刻された場合は先に入場させていただきますが、受取評価はしていただきます。 
上記をご確認頂き、日本語でスムーズにご連絡の取れる方のみご購入下さい。代理購入はご遠慮下さい。",True,rvnhlyijyu,2026-09-26 02:01:13,alias,2026-09-29 01:09:32,2026-09-29 01:13:15,public_detail,False,public_detail,active,"FC.情報局先行/有効期限内/5名義中3番手/すり替えなし/下3桁提示可

開場時間の8:30入場の可能性があります。
会場付近にて待ち合わせし同時入場していた...",public_detail,2026-09-29 00:15:35,True,2026-09-29 00:15:35,1Cl2VvDmJVZqGnDqCyq0,"{""isSpecified"": false, ""value"": """"}"
xo7r7k9aa0,,kamigata-expo-park-fes-2026,2026-11-01,,[大阪府] 万博記念公園,electronic,female,当日朝ログイン,yu,5.0,,QR,2026-09-28 01:12:46,public_alias_observed,2026-09-29 00:03:13,,,listing,2,25000,"ジュニア情報局 / QR毎 / 下3桁提示可 / 有効期限内

・公演当日の朝にログイン情報送付、または待ち合わせの上買い手の端末でログイン致します。
・ランダムエラー、買い手理由のキャンセル、遅刻などの公演中止以外での返金には一切応じませんのでご了承ください。
・入場しログアウト後 入場報告完了してください
・公演中止の際のみ返金させて頂きます。
・日本語の分かる方のみご購入よろしくお願いいたします。",True,vlaynqf60f,2026-09-26 01:01:13,alias,2026-09-29 01:09:32,2026-09-29 01:13:15,public_detail,False,public_detail,active,"ジュニア情報局 / QR毎 / 下3桁提示可 / 有効期限内

・公演当日の朝にログイン情報送付、または待ち合わせの上買い手の端末でログイン致します。
・ランダ...",public_detail,2026-09-29 00:15:35,True,2026-09-29 00:15:35,1Cl2VvDmJVZqGnDqCyq0,"{""isSpecified"": false, ""value"": """"}"
batv6zgq0w,,kamigata-expo-park-fes-2026,2026-11-01,,[大阪府] 万博記念公園,electronic,female,公演前日にログイン情報共有,h,5.0,,QR,2026-09-28 01:12:46,public_alias_observed,2026-09-29 00:03:13,,,listing,2,40000,"なにわFC×なにわFC
QR毎/FC初期当選/有効期限内/下三桁提示可

QR毎でのお譲りとなります。
同行者の同意チェックはこちらでいたしますので、代表者分のみお願いいたします。

前日にQR表示に必要な情報をお伝えいたします。
ログイン後QR表示に必要な操作以外はお控えください。
入場後は速やかにログアウトして頂き、受取連絡をお願いします。
体調不良、交通機関の遅延、出演者変更、本人確認、ランダムエラー等、如何なる場合でもキャンセルや返金は不可とさせて頂きます。
公演中止の場合に限り、手数料を差し引いた金額を返金いたします。
プラベルでのお取引も可能です。",True,4z8i6u16x9,2026-09-26 02:01:13,alias,2026-09-29 01:09:33,2026-09-29 01:13:15,public_detail,False,public_detail,active,"なにわFC×なにわFC
QR毎/FC初期当選/有効期限内/下三桁提示可

QR毎でのお譲りとなります。
同行者の同意チェックはこちらでいたしますので、代表者分の...",public_detail,2026-09-29 00:15:37,True,2026-09-29 00:15:37,1Cl2VvDmJVZqGnDqCyq0,"{""isSpecified"": false, ""value"": """"}"
zn8ol8va2c,,kamigata-expo-park-fes-2026,2026-11-01,,[大阪府] 万博記念公園,electronic,female,公演前日QRコード共有,M,5.0,,QR,2026-09-28 01:12:46,public_alias_observed,2026-09-29 00:03:13,,,listing,1,23950,"単番QR毎/エイト名義/下3桁提示可/初期当選/すり替え重複なし/有効期限内/郵便物戻りなし/着ブロ指定なし
ログイン情報は公演前日にお伝えします。
入場後は速やかにログアウト、受け取り通知をお願いいたします。 
公演中止の際に限り、手数料を差し引いた金額のみご返金させて頂きます。
プラベル可能な方は専用出品いたしますのでお声掛けください。",True,2nz5gofz6k,2026-09-26 02:01:13,alias,2026-09-29 01:09:33,2026-09-29 01:13:15,public_detail,False,public_detail,active,"単番QR毎/エイト名義/下3桁提示可/初期当選/すり替え重複なし/有効期限内/郵便物戻りなし/着ブロ指定なし
ログイン情報は公演前日にお伝えします。
入場後は速...",public_detail,2026-09-29 00:15:40,True,2026-09-29 00:15:40,1Cl2VvDmJVZqGnDqCyq0,"{""isSpecified"": true, ""value"": ""\u5ea7\u5e2d\u672a\u5b9a""}"
fv9nx3f15o,,kamigata-expo-park-fes-2026,2026-11-01,,[大阪府] 万博記念公園,electronic,female,公演日前日にQRコード共有,ysnr1128,5.0,,QR,2026-09-28 01:12:46,public_alias_observed,2026-09-29 00:03:13,,,listing,2,22000,"Aぇ! group 名義　FC‪✕‬FC
ファンクラブ先行 座席未定 初期当選
QR毎　すり替えなし 購入後下3桁提示可能

※プライベート出品へ移行のため、承認
取引としております。

以下全てご確認・同意頂いた上でご購入お願いします。また、デジタルチケットの仕組みを理解されており、過去にQR取引経験のある方のみでお願いいたします。

・入金確認後、下3桁提示いたします。
・ログイン情報は公演日前日18時頃にお伝えします。
・入場致しましたら速やかにログアウトし、受取評価をお願いします。
・お席に関するクレーム・キャンセル等はお受けしません。ランダムエラー、本人確認等公演中止以外のいかなる場合でも返金は受け付けません。
・公演中止の場合のみ、自動返金となります。
・出演者変更、制作開放のご当選等買い手様都合によるキャンセルはチケテンの規約に基づき不可です。

トラブル防止のため、日本語が通じる女性の方のみ、代理購入はお控えください。",True,38zk0e94xx,2026-09-26 02:01:13,alias,2026-09-29 01:09:34,2026-09-29 01:13:15,public_detail,False,public_detail,active,"Aぇ! group 名義　FC‪✕‬FC
ファンクラブ先行 座席未定 初期当選
QR毎　すり替えなし 購入後下3桁提示可能

※プライベート出品へ移行のため、承...",public_detail,2026-09-29 00:15:38,True,2026-09-29 00:15:38,1Cl2VvDmJVZqGnDqCyq0,"{""isSpecified"": false, ""value"": """"}"
u3s7ug6w8n,,kamigata-expo-park-fes-2026,2026-11-01,,[大阪府] 万博記念公園,electronic,female,公演日前日にログイン情報共有,a,5.0,,QR,2026-09-28 01:12:46,public_alias_observed,2026-09-29 00:03:13,,,listing,2,35000,"WEST.名義/QR毎/下3桁提示可/初期当選/有効期限内/発送物戻りなし

※ご購入いただける場合はプライベート出品に切り替えます。メッセージにてご購入いただける旨お知らせください。

・公演日前日にログインに必要な情報を連絡ボードにてお伝えします。入場後は速やかにログアウトをし、受取連絡をお願いいたします。
・座席のクレームは一切受け付けませんのでご了承ください。
・必ず入場されるご本人がご購入ください。
・公演中止の場合のみ、手数料を引いた額を返金いたします。体調不良、天候不良、出演者変更およびランダムエラー等で入場できなかった場合につきましても、キャンセル及び返金は一切受け付けませんので予めご了承ください。

上記条件全てご了承いただける方のみご購入をお願いいたします。",True,ia9opfitt1,2026-09-26 01:01:13,alias,2026-09-29 01:09:34,2026-09-29 01:13:15,public_detail,False,public_detail,active,"WEST.名義/QR毎/下3桁提示可/初期当選/有効期限内/発送物戻りなし

※ご購入いただける場合はプライベート出品に切り替えます。メッセージにてご購入いただ...",public_detail,2026-09-29 00:15:42,True,2026-09-29 00:15:42,1Cl2VvDmJVZqGnDqCyq0,"{""isSpecified"": false, ""value"": """"}"
51npfg0p74,,kamigata-expo-park-fes-2026,2026-11-01,,[大阪府] 万博記念公園,electronic,female,公演日前日までにQRコード共有,a,5.0,,QR,2026-09-28 01:12:46,public_alias_observed,2026-09-28 11:02:06,2026-09-28 11:02:06,transition_observed,sold,2,24000,"なにわ男子FC×なにわ男子FC/初期当選/QR毎/すり替えなし/有効期限内/エラー歴等なし/下3桁提示可/Pay-easy支払い

公演日前日に連絡ボードにてログイン情報お伝えします。
当日入場後は速やかにログアウトと受取評価お願いいたします。
遅刻や体調不良、交通機関の乱れ、本人確認、システムエラーやランダムエラー等、主催者側による公演中止以外でのキャンセル・返金対応はいかなる理由でも不可になります。座席のクレームも一切受け付けませんのでご了承ください。",True,51npfg0p74,2026-09-26 02:01:13,sold_confirmed,2026-09-28 11:02:06,2026-09-28 11:03:01,public_detail,False,public_detail,sold,"なにわ男子FC×なにわ男子FC/初期当選/QR毎/すり替えなし/有効期限内/エラー歴等なし/下3桁提示可/Pay-easy支払い

公演日前日に連絡ボードにてロ...",public_detail,2026-09-28 11:02:06,True,2026-09-28 11:02:06,1Cl2VvDmJVZqGnDqCyq0,"{""isSpecified"": false, ""value"": """"}"
xv01cxo0a0,,kamigata-expo-park-fes-2026,2026-11-01,,[大阪府] 万博記念公園,electronic,female,2名義2番手,も,5.0,,番手,2026-09-28 01:12:46,public_alias_observed,2026-09-29 00:03:13,,,listing,2,40000,"💓プラベル対応です💓
2名義2番手すり替えなし/下3桁提示🉑/有効期限内
当選歴お伝え不可❌
日本語のわかる日本人女性のみご購入ください。
お子様連れでのお越しの方はご購入を御遠慮ください。
複数名義所持の為、同時入場後に一度チケットを回収させて頂きます。チケットは迅速にお渡し出来るように致しますが座席選択にお時間を頂きますことご了承ください。
チケットをお渡しする際にその場で受け取り連絡をお願いいたします。
当日は事前に連絡ボードでお伝えする指定した時間、場所にお集まり頂きます。複数人での入場になるため遅刻厳禁でお願いいたします。

お座席のクレーム等は一切受付致しません。
体調不良などによるキャンセルは一切受け付けません。
公演中止の場合のみ、手数料等を引いた額を返金いたします。遅刻、当日のランダムエラーや本人確認、出演者の不在等、公演中止以外の如何なる理由でも返金は致しません。
代理購入等はトラブルを避けるためにもご遠慮ください。必ず購入者様本人がお越し頂くようお願いいたします。
以上の点を全てご理解頂ける場合のみご購入ください。

・公演当日、会場付近でお待ち合わせをし、同時入場をしていただきます。11:00〜11:15集合を予定しておりますが、詳しい集合時間・場所はご入金後、お日にちが近くなりましたら連絡ボードにてご連絡致します。",True,nqtvn29kfy,2026-09-26 02:01:13,alias,2026-09-29 01:09:35,2026-09-29 01:13:15,public_detail,False,public_detail,active,"💓プラベル対応です💓
2名義2番手すり替えなし/下3桁提示🉑/有効期限内
当選歴お伝え不可❌
日本語のわかる日本人女性のみご購入ください。
お子様連れでの...",public_detail,2026-09-29 00:15:43,True,2026-09-29 00:15:43,1Cl2VvDmJVZqGnDqCyq0,"{""isSpecified"": false, ""value"": """"}"
bm4i9nwz2m,,kamigata-expo-park-fes-2026,2026-11-01,,[大阪府] 万博記念公園,electronic,female,公演前日にログイン情報共有,い,5.0,,QR,2026-09-28 01:12:46,public_alias_observed,2026-09-29 00:03:13,,,listing,1,29000,"単番QR毎／なにわ男子初当選名義／下3桁提示可／ペイジー決済／発送物戻りなし

☆同意チェックは買い手様ご自身にお任せしております。

☆出演者変更やランダムエラー、本人確認、買い手さまの不都合など、いかなる場合もキャンセル・返金不可になります。
万が一キャンセルされる場合や、入場できなかった場合も受け取り評価はしていただくことご了承ください。

☆名義を潰す行為はお辞めください。入場後はすみやかにログアウトしていただくようお願いいたします。

☆座席(ブロック)のクレームやランダムエラーなどの責任は負いかねます。

何か不明な点ございましたらご購入前に質問お願いいたします。
上記すべてご了承いただける日本人女性の方のみ、ご購入よろしくお願いいたします。",True,yy33xrxtv9,2026-09-26 02:01:13,alias,2026-09-29 01:09:35,2026-09-29 01:13:15,public_detail,False,public_detail,active,"単番QR毎／なにわ男子初当選名義／下3桁提示可／ペイジー決済／発送物戻りなし

☆同意チェックは買い手様ご自身にお任せしております。

☆出演者変更やランダムエ...",public_detail,2026-09-29 00:15:39,True,2026-09-29 00:15:39,1Cl2VvDmJVZqGnDqCyq0,"{""isSpecified"": false, ""value"": """"}"
s9pqdr45lj,,kamigata-expo-park-fes-2026,2026-11-01,,[大阪府] 万博記念公園,electronic,female,前日にQRコード共有,Y,4.5,,QR,2026-09-28 01:12:46,public_alias_observed,2026-09-29 00:03:13,,,listing,1,60000,"なにわ名義/初期当選/重複すり替えなし/有効期限内/下３桁開示可/発送物戻り無/過去エラー歴無

公演前日に必要な情報等を連絡ボードにてお知らせ致します。
公演当日入場後は速やかにログアウトして頂き、必ず開演時間までに受け取り通知をお願い致します。
座席に関するクレーム等は一切受け付けません。公演中止を除き交通機関遅れ、体調不良等購入者様都合の事情、ランダムエラー等如何なる場合も返金致しません。
お取引成立後は如何なる場合も必ず受け取り通知を完了して頂きますのでご了承下さい。取引成立後の取引キャンセルも承る事が出来ないのでご了承下さい。上記の場合も必ず受け取り評価は行って頂きます。
ご購入は上記を了承した上で日本語の理解出来る、成人済み日本人の方でお願い致します。",True,ke73kqu24o,2026-09-26 02:01:13,alias,2026-09-29 01:09:36,2026-09-29 01:13:15,public_detail,False,public_detail,active,"なにわ名義/初期当選/重複すり替えなし/有効期限内/下３桁開示可/発送物戻り無/過去エラー歴無

公演前日に必要な情報等を連絡ボードにてお知らせ致します。
公演...",public_detail,2026-09-29 00:15:41,True,2026-09-29 00:15:41,1Cl2VvDmJVZqGnDqCyq0,"{""isSpecified"": false, ""value"": """"}"
zusxwc50d7,,kamigata-expo-park-fes-2026,2026-11-01,,[大阪府] 万博記念公園,electronic,female,公演日前日にログイン情報共有,ま,4.9,,QR,2026-09-28 01:12:46,public_alias_observed,2026-09-29 00:03:13,,,listing,1,20000,"QRごと/該当名義/重複すり替え無し/下3桁提示可/有効期限内/WEST.名義

公演中止の際のみ規約に従い返金対応いたします。ランダムエラー、本人確認、体調不良、買い手様ご都合で入場が遅れた場合や、その他いかなる場合もキャンセルを含む一切の返金対応不可です。ご了承のうえご購入ください。",True,d83xwfxko4,2026-09-26 01:01:13,alias,2026-09-29 01:09:36,2026-09-29 01:13:15,public_detail,False,public_detail,active,"QRごと/該当名義/重複すり替え無し/下3桁提示可/有効期限内/WEST.名義

公演中止の際のみ規約に従い返金対応いたします。ランダムエラー、本人確認、体調不...",public_detail,2026-09-29 00:15:40,True,2026-09-29 00:15:40,1Cl2VvDmJVZqGnDqCyq0,"{""isSpecified"": false, ""value"": """"}"
9f7tuk7bfv,,kamigata-expo-park-fes-2026,2026-11-01,,[大阪府] 万博記念公園,electronic,female,公演日前日にログイン情報共有,💖,5.0,,QR,2026-09-28 01:12:46,public_alias_observed,2026-09-29 00:03:13,,,listing,2,38500,"QR毎/初期当選(Aぇ名義×Aぇ名義)/有効期限内/下3桁提示可/重複すり替えなし

公演日前日にログイン情報を連絡ボードにてお伝えいたします。
公演日当日入場後は速やかにログアウトしていただき、必ず開演時間までに受け取り通知をお願いいたします。

ランダムエラー、出演者変更、体調不良、交通機関の乱れなどの如何なる理由により入場できなかった場合でも受け取り通知をしていただきます。
公演中止の場合に限り、手数料を差し引いた金額を返金いたします。
購入後のクレームについては一切受け付けませんのでご了承ください。

上記の全てをご理解いただける日本語が通じる方のみご購入をお願いいたします。",True,6ncqtsaw5b,2026-09-26 02:01:13,alias,2026-09-29 01:09:36,2026-09-29 01:13:15,public_detail,False,public_detail,active,"QR毎/初期当選(Aぇ名義×Aぇ名義)/有効期限内/下3桁提示可/重複すり替えなし

公演日前日にログイン情報を連絡ボードにてお伝えいたします。
公演日当日入場...",public_detail,2026-09-29 00:15:39,True,2026-09-29 00:15:39,1Cl2VvDmJVZqGnDqCyq0,"{""isSpecified"": false, ""value"": """"}"
107x1ow9bl,,kamigata-expo-park-fes-2026,2026-11-01,,[大阪府] 万博記念公園,electronic,female,QR毎/公演日3日前にログイン情報共有,M,5.0,,QR,2026-09-28 01:12:46,public_alias_observed,2026-09-29 00:03:13,,,listing,2,30000,"WESTꓸ名義/FC×FC/初期当選/QR毎/すり替えなし/有効期限内/エラー歴等なし/下3桁提示可/過去当選歴なし
公演日前日にログイン情報お伝えします。
当日入場後は速やかにログアウトと受取評価お願いいたします。
遅刻や体調不良、交通機関の乱れ、本人確認、システムエラーやランダムエラー等、主催者側による公演中止以外でのキャンセル・返金対応はいかなる理由でも不可になります。座席のクレームも一切受け付けませんのでご了承ください。
上記ご理解いただける方のみご購入ください。",True,7ng7534fim,2026-09-26 02:01:13,alias,2026-09-29 01:09:37,2026-09-29 01:13:15,public_detail,False,public_detail,active,"WESTꓸ名義/FC×FC/初期当選/QR毎/すり替えなし/有効期限内/エラー歴等なし/下3桁提示可/過去当選歴なし
公演日前日にログイン情報お伝えします。
当...",public_detail,2026-09-29 00:15:44,True,2026-09-29 00:15:44,1Cl2VvDmJVZqGnDqCyq0,"{""isSpecified"": false, ""value"": """"}"
y3ii0wegyk,,kamigata-expo-park-fes-2026,2026-11-01,,[大阪府] 万博記念公園,electronic,female,2名義中2番手,た,5.0,,番手,2026-09-28 01:12:46,public_alias_observed,2026-09-29 00:03:13,,,listing,2,30000,"2名義中2番手⭐️プラベルにてお取引させて頂くため、ご購入希望の方はチケテンメッセージまでお願い致します。⭐️

FC先行 なにわ名義 座席未定
 2名義中2番手 下3桁提示可 初期当選

当方が選ばなかった2連をお渡し致します。

公演当日のランダムエラー、本人確認等、公演中止以外での如何なる場合でも返金は致しません。公演中止の場合のみ手数料を差し引いた金額を返金させていただきます。
チケット受け取り次第、速やかに受け取り連絡をお願い致します。
座席未定の為、座席に関するクレームは一切お受けできません。",True,6hk9q9fa6n,2026-09-26 02:01:13,alias,2026-09-29 01:09:37,2026-09-29 01:13:15,public_detail,False,public_detail,active,"2名義中2番手⭐️プラベルにてお取引させて頂くため、ご購入希望の方はチケテンメッセージまでお願い致します。⭐️

FC先行 なにわ名義 座席未定
 2名義中2番...",public_detail,2026-09-29 00:15:42,True,2026-09-29 00:15:42,1Cl2VvDmJVZqGnDqCyq0,"{""isSpecified"": false, ""value"": """"}"
sb8v5m9hbq,,kamigata-expo-park-fes-2026,2026-11-01,,[大阪府] 万博記念公園,electronic,female,同行,そ。,5.0,,同行,2026-09-28 01:12:46,public_alias_observed,2026-09-29 00:03:13,,,listing,1,32000,"当方の同行者枠/初期当選/すり替えなし/下3桁提示可/有効期限内/Aぇ×Aぇ名義

・入場後は速やかに受け取り通知をお願いいたします。
・座席に関するクレームは一切お受けできません。
・交通機関の遅延、ランダムエラー、本人確認等で入場できない場合や体調不良・出演者変更等のキャンセルは一切お受けできません。
・公演中止の際は手数料を引いた金額を返金させていただきます。
公演中止以外の返金対応いたしません。

上記ご理解頂けた成人済み日本人女性の方のみ、ご購入をお願いいたします。",True,qrc584rwzq,2026-09-26 02:01:13,alias,2026-09-29 01:09:37,2026-09-29 01:13:15,public_detail,False,public_detail,active,"当方の同行者枠/初期当選/すり替えなし/下3桁提示可/有効期限内/Aぇ×Aぇ名義

・入場後は速やかに受け取り通知をお願いいたします。
・座席に関するクレームは...",public_detail,2026-09-29 00:15:44,True,2026-09-29 00:15:44,1Cl2VvDmJVZqGnDqCyq0,"{""isSpecified"": false, ""value"": """"}"
2m49rel0t8,,kamigata-expo-park-fes-2026,2026-11-01,,[大阪府] 万博記念公園,electronic,none,3名義中2番手,で,5.0,,同行 / 番手,2026-09-28 01:12:46,public_alias_observed,2026-09-29 00:03:13,,,listing,1,30000,"3名義中2番手/全て単番/初期当選/ジュニア情報局先行 該当名義/変更ボタンあり/有効期限内/すり替えなし/下3桁提示可

8:30前集合可能な方のみご購入下さい。
状況次第では8時半以降の集合になる可能性もございます。
当日の集合時間に関しましては公演が近くなり次第、または詳細が発表され次第、連絡ボードにてご連絡させていただきます。

待ち合わせ後、同時入場していただきます。その後一旦チケットを回収し当方が座席選択した後にチケットを選んで頂きます。また、ブロック選択までにお時間をいただく可能性がございますのでご了承ください。
集合時に持ち逃げ防止のため身分証をお預かりしますので必ずお持ち下さい。

集合後に発送通知をいたしますので、チケットお渡し後は速やかに受取通知をお願いいたします。

買い手様の端末をお借りしQR表示にご協力いただく場合がございます。必ずQR表示可能な端末をお持ち下さい。
当日または前日までに電話番号をお聞きする可能性がございますので対応できる方のみ購入して下さい。
待ち合わせ時間に遅刻される場合は如何なる理由であっても買い手様の到着を待たずに先に入場させて頂きます。その場合も必ず受け取り評価をして頂きますので、時間に余裕を持って来られる方のみご購入ください。
座席に関するクレームは一切承りませんのでご了承ください。
体調不良、ランダムエラー、本人確認等、公演中止以外での返金は出演者変更などのいかなる場合もいたしかねます。公演中止の際のみ手数料を差し引いた金額を返金致します。
当日までこまめに連絡が取れる方、日本語が通じる方のみご購入ください。
サイチェン等して頂いて構いませんが名義を傷つける行為はおやめ下さい。
ご購入された時点で上記の注意事項に全て同意したものとみなします。",True,zsaode4z7a,2026-09-26 02:01:13,alias,2026-09-29 01:09:38,2026-09-29 01:13:15,public_detail,False,public_detail,active,"3名義中2番手/全て単番/初期当選/ジュニア情報局先行 該当名義/変更ボタンあり/有効期限内/すり替えなし/下3桁提示可

8:30前集合可能な方のみご購入下さ...",public_detail,2026-09-29 00:15:43,True,2026-09-29 00:15:43,1Cl2VvDmJVZqGnDqCyq0,"{""isSpecified"": false, ""value"": """"}"
h61hrw7chg,,kamigata-expo-park-fes-2026,2026-11-01,,[大阪府] 万博記念公園,electronic,female,公演日前日にQRコード共有,m,5.0,,QR,2026-09-28 01:12:46,public_alias_observed,2026-09-29 00:03:13,,,listing,2,24000,"初期当選/WEST.名義/FC×FC/すり替えなし/QR毎/有効期限内/下3桁提示可

・公演前日に連絡ボードにてログイン情報をお伝えいたします。
・ご希望であれば公演1週間前後に会員番号下3桁提示いたします。
・入場の際にはご自身の端末でQRコードの表示をお願いします。入場後は速やかにログアウトと受取通知をお願いします。
 ・公演中止を除き、入場時のシステムエラー、体調不良等いかなる場合でもキャンセル、返金不可です。必ず受取通知はしていただきますのでご了承ください。
 ・公演中止の場合は手数料を差し引いた金額を返金させていただきます。 
・ご購入後のキャンセルはご遠慮ください。  

上記にすべて同意、ご理解いただける方のみご購入をお願いいたします。",True,psclrwl81w,2026-09-26 01:01:13,alias,2026-09-29 01:09:38,2026-09-29 01:13:15,public_detail,False,public_detail,active,"初期当選/WEST.名義/FC×FC/すり替えなし/QR毎/有効期限内/下3桁提示可

・公演前日に連絡ボードにてログイン情報をお伝えいたします。
・ご希望であ...",public_detail,2026-09-29 00:15:42,True,2026-09-29 00:15:42,1Cl2VvDmJVZqGnDqCyq0,"{""isSpecified"": false, ""value"": """"}"
tvdfzj7u2m,,kamigata-expo-park-fes-2026,2026-11-01,,[大阪府] 万博記念公園,electronic,male,公演前日QRコード共有,も,5.0,,QR,2026-09-28 01:12:46,public_alias_observed,2026-09-29 00:03:13,,,listing,2,25000,"QRごとのお譲りになります。
なにわ名義/FC×FC/初期当選/下3桁提示可能/期限内／着ブロ希望なし/ランダムエラー・発送物戻りなし
プライベート出品にしますのでご購入希望の方はコメントください。
・公演前日にログイン情報をお伝えします。
・本人確認やランダムエラーなどで入場できなかった場合、入場後の強制退場や出演者の変更などによる返金は一切致しません。
・遅刻、体調不良、トラブル等のいかなる場合もキャンセルは受け付けません。公演中止の場合のみサイト規約に基づき、仲介手数料を差し引いた金額を返金致します。
・座席に関するクレーム等はお受け致しません。
上記を了承された方のみご購入お願い致します。",True,yqu9779lgw,2026-09-26 01:01:13,alias,2026-09-29 01:09:39,2026-09-29 01:13:15,public_detail,False,public_detail,active,"QRごとのお譲りになります。
なにわ名義/FC×FC/初期当選/下3桁提示可能/期限内／着ブロ希望なし/ランダムエラー・発送物戻りなし
プライベート出品にします...",public_detail,2026-09-29 00:15:06,True,2026-09-29 00:15:06,1Cl2VvDmJVZqGnDqCyq0,"{""isSpecified"": false, ""value"": """"}"
pggd2pbeuz,,kamigata-expo-park-fes-2026,2026-11-01,,[大阪府] 万博記念公園,electronic,female,同時入場又はQRごと,りりり,5.0,,番手 / QR,2026-09-28 01:12:46,public_alias_observed,2026-09-29 00:03:13,,,listing,2,23000,"【2名義中2番手】／すり替えなし／有効期限内／下3桁提示可／エラー歴なし

公演当日は、こちらが指定する時間・場所に集合していただき、同時入場を予定しております。
入場方法や当日の状況により、QRごとお渡しする場合がございますので、柔軟にご対応いただける方のみご購入をお願いいたします。

入場時間が早朝となる可能性がございます。公式から詳細が発表され次第、集合時間・場所について取引メッセージにてご連絡いたします。指定時間に確実にお越しいただける方のみご購入ください。

複数名義で入場する場合、入場後一度チケットを回収し、こちらで選択後にチケットをお渡しいたします。
2連でご購入の場合、入場時に分かれていただく可能性がございますが、連番のチケットをお渡しいたします。

大きな荷物・キャリーケース等は、集合前にコインロッカー等へお預けいただいた状態でお越しください。

チケットお渡し後は、速やかに受取連絡をお願いいたします。

座席・ブロック等に関するクレームは一切お受けできません。
また、交通機関の遅延、遅刻、体調不良、本人確認、ランダムエラー・システムエラー等、主催者による公演中止以外の理由で入場できなかった場合も、キャンセル・返金には対応いたしかねます。

集合時間に遅刻された場合は、先に入場させていただく場合がございます。その場合も受取連絡は必ずお願いいたします。

公演中止の場合のみ、各種手数料を差し引いた金額を返金いたします。

日本語でスムーズに連絡が取れ、上記すべてご了承いただける方のみご購入をお願いいたします。代理購入はご遠慮ください。

最後まで責任を持って対応いたしますので、よろしくお願いいたします。",True,m9buwt6je9,2026-09-26 02:01:13,alias,2026-09-29 01:09:39,2026-09-29 01:13:15,public_detail,False,public_detail,active,"【2名義中2番手】／すり替えなし／有効期限内／下3桁提示可／エラー歴なし

公演当日は、こちらが指定する時間・場所に集合していただき、同時入場を予定しております...",public_detail,2026-09-29 00:15:39,True,2026-09-29 00:15:39,1Cl2VvDmJVZqGnDqCyq0,"{""isSpecified"": false, ""value"": """"}"
7dhfrw51cj,,kamigata-expo-park-fes-2026,2026-11-01,,[大阪府] 万博記念公園,electronic,female,公演日前日QRコード共有,S,5.0,,QR,2026-09-28 01:12:46,public_alias_observed,2026-09-29 00:03:13,,,listing,1,50000,"Aぇ名義/初期当選/すり替えなし/下3桁提示可能/過去エラー歴なし
QR毎のお譲りになります。公演当日(8:30)までにログイン情報をお伝えいたします。
ランダムエラーや出演者の変更等、公演中止以外の理由での返金は致しかねます。公演中止の場合は手数料を差し引いた金額を返金いたします。

ログイン出来ましたら重複防止のため同意チェックはご本人様にお願いしております。",True,hfu3vpskf6,2026-09-26 01:01:13,alias,2026-09-29 01:09:40,2026-09-29 01:13:15,public_detail,False,public_detail,active,"Aぇ名義/初期当選/すり替えなし/下3桁提示可能/過去エラー歴なし
QR毎のお譲りになります。公演当日(8:30)までにログイン情報をお伝えいたします。
ランダ...",public_detail,2026-09-29 00:15:41,True,2026-09-29 00:15:41,1Cl2VvDmJVZqGnDqCyq0,"{""isSpecified"": true, ""value"": ""\u5ea7\u5e2d\u672a\u5b9a""}"
ij00u49mwg,,kamigata-expo-park-fes-2026,2026-11-01,,[大阪府] 万博記念公園,electronic,male,公演日1日前までにQRコード共有,M,5.0,,QR,2026-09-28 01:12:46,public_alias_observed,2026-09-29 00:03:13,,,listing,1,32000,"ファンクラブ先行、座席未定　
QRごとのお譲り、有効期限内、すり替えなし、該当名義、下3桁提示可能
プラベルでの取引可能な方優先
公演1日前になりましたら、ログイン用の会員番号およびパスワードをご連絡いたします。
公演日入場後は速やかにログアウトをお願いいたします。
公演中止以外、交通機関の乱れや体調不良等、個人都合により参加ができなかった場合、ランダムエラーを含む入場できなかった場合、出演者が一部出演できないなどの理由での返金はお受けできません。",True,sxnu30iip8,2026-09-26 02:01:13,alias,2026-09-29 01:09:40,2026-09-29 01:13:15,public_detail,False,public_detail,active,"ファンクラブ先行、座席未定　
QRごとのお譲り、有効期限内、すり替えなし、該当名義、下3桁提示可能
プラベルでの取引可能な方優先
公演1日前になりましたら、ログ...",public_detail,2026-09-29 00:15:45,True,2026-09-29 00:15:45,1Cl2VvDmJVZqGnDqCyq0,"{""isSpecified"": false, ""value"": """"}"
74mu9t9kri,,kamigata-expo-park-fes-2026,2026-11-01,,[大阪府] 万博記念公園,electronic,female,公演日当日に同行,AIka,5.0,,番手 / 同行,2026-09-28 01:12:46,public_alias_observed,2026-09-29 00:03:13,,,listing,1,26000,"2名義中2番手/初期当選/なにわ名義/有効期限内/すり替えなし/下3桁提示可

公演当日、会場付近にて集合後同時入場していただきます。
8:30が入場時間なので朝早いですが、時間厳守できる方のみ購入をお願いします。
指定した時間に遅れた場合も待たずに入場しますが、受取報告をしていただきます。

入場後当方の入らない方の名義の2番手半券をお渡しします。
チケットお渡しの際に受取報告をお願いします。受取報告を確認できるまでチケットはお渡しできませんのでご了承ください。

代理購入不可、未就学児を連れてる方の購入不可、スーツケース等大きい荷物の持ち込みもご遠慮ください。

遅刻、体調不良、交通機関等遅延、本人確認、ランダムエラー等公演中止以外の返金は一切対応できません。

日本語が話せてスムーズにご連絡の取れる方のみご購入ください。

購入いただいた時点で、上記全て了承したものとみなしクレームは一切受け付けません。
",True,1bctoi72eg,2026-09-26 12:01:12,alias,2026-09-29 01:09:41,2026-09-29 01:13:15,public_detail,False,public_detail,active,"2名義中2番手/初期当選/なにわ名義/有効期限内/すり替えなし/下3桁提示可

公演当日、会場付近にて集合後同時入場していただきます。
8:30が入場時間なので...",public_detail,2026-09-29 00:15:02,True,2026-09-29 00:15:02,1Cl2VvDmJVZqGnDqCyq0,"{""isSpecified"": false, ""value"": """"}"
hxrp4s6wqo,,kamigata-expo-park-fes-2026,2026-11-01,,[大阪府] 万博記念公園,electronic,female,入金後24時間以内にQRコード共有,いと,5.0,,,2026-09-28 01:12:46,public_alias_observed,2026-09-28 17:02:12,2026-09-28 17:02:12,transition_observed,sold,2,16500,,True,hxrp4s6wqo,2026-09-27 09:48:30,sold_confirmed,2026-09-28 17:02:12,2026-09-28 17:03:05,public_detail,False,public_detail,sold,,public_detail,2026-09-28 17:02:12,True,2026-09-28 17:02:12,1Cl2VvDmJVZqGnDqCyq0,"{""isSpecified"": false, ""value"": """"}"
vzj9kznlwh,,kamigata-expo-park-fes-2026,2026-11-01,,[大阪府] 万博記念公園,electronic,female,公演日前日にQRコード共有,kt,5.0,,QR,2026-09-28 01:12:46,public_alias_observed,2026-09-29 00:03:13,,,listing,2,35000,"WEST.FC初期当選　同行者WEST.FC
プラベ出品にしますので購入ご希望の方はお伝えください
QR毎のお渡しとなります。
有効期限内名義、同一クレカ決済なし、郵送物戻りなし、希望ありましたら下3桁提示可能",True,l2friw6up0,2026-09-26 02:01:13,alias,2026-09-29 01:09:41,2026-09-29 01:13:15,public_detail,False,public_detail,active,"WEST.FC初期当選　同行者WEST.FC
プラベ出品にしますので購入ご希望の方はお伝えください
QR毎のお渡しとなります。
有効期限内名義、同一クレカ決済な...",public_detail,2026-09-29 00:15:50,True,2026-09-29 00:15:50,1Cl2VvDmJVZqGnDqCyq0,"{""isSpecified"": false, ""value"": """"}"
po0zclsq96,,kamigata-expo-park-fes-2026,2026-11-01,,[大阪府] 万博記念公園,electronic,female,同時入場又はQR,M,4.8,,番手 / QR,2026-09-28 01:12:46,public_alias_observed,2026-09-29 00:03:13,,,listing,1,26000,"2名義中2番手(場合によってはQR毎) どちらも単番、Aぇ名義 
初期当選/すり替えなし/有効期限内/下3桁提示可

公演当日、会場付近で待ち合わせをし、同時入場して頂きます。
入場時チケット発券の為、端末をお借りする可能性がございます。
座席へのクレームは一切受け付けておりません。
チケットと引き換えに受け取り評価をして頂きます。
詳しい場所や時間は前日までにお知らせします。
遅刻、本人確認、ランエラ、交通機関の乱れ、出演者の変更、その他ご購入様都合でのキャンセル・返金には一切対応致しません。
公演中止の場合のみ手数料を引いた金額を返金致します。
ご購入された方は上記の内容を全てご了承いただいたことと判断し、入金後のキャンセル及び返金はいたしませんのでご了承ください。
トラブル防止の為、成人済み日本人女性の方のみご購入下さい。
",True,m51e5gvfcj,2026-09-26 02:01:13,alias,2026-09-29 01:09:41,2026-09-29 01:13:15,public_detail,False,public_detail,active,"2名義中2番手(場合によってはQR毎) どちらも単番、Aぇ名義 
初期当選/すり替えなし/有効期限内/下3桁提示可

公演当日、会場付近で待ち合わせをし、同時入...",public_detail,2026-09-29 00:15:46,True,2026-09-29 00:15:46,1Cl2VvDmJVZqGnDqCyq0,"{""isSpecified"": false, ""value"": """"}"
et94c8f8nw,,kamigata-expo-park-fes-2026,2026-11-01,,[大阪府] 万博記念公園,electronic,female,当日同時入場,ぴ,5.0,,QR / 番手,2026-09-28 01:12:46,public_alias_observed,2026-09-29 00:03:13,,,listing,2,26000,"プライベート出品にするので購入前にコメントください。
2名義中2番手　2連
Aぇ名義とジュニア名義
下三桁提示可/すり替えなし/有効期限内
当日、指定した時間と場所にて集合し、当方と同時入場し、当方が選ばなかった方の席をお渡し致します。
携帯番号の連絡先交換可能な方でお願いします。
入場後発送通知を行うので、チケット受取後、速やかに受け取り通知して頂くようお願い致します。
体調不良、本人確認、ランダムエラー等、公演中止以外でのキャンセル、返金対応はいかなる理由でも致しません。

",True,917j1u49hu,2026-09-26 02:01:13,alias,2026-09-29 01:09:42,2026-09-29 01:13:15,public_detail,False,public_detail,active,"プライベート出品にするので購入前にコメントください。
2名義中2番手　2連
Aぇ名義とジュニア名義
下三桁提示可/すり替えなし/有効期限内
当日、指定した時間と...",public_detail,2026-09-29 00:15:47,True,2026-09-29 00:15:47,1Cl2VvDmJVZqGnDqCyq0,"{""isSpecified"": false, ""value"": """"}"
14hvmxpcds,,kamigata-expo-park-fes-2026,2026-11-01,,[大阪府] 万博記念公園,electronic,female,当日朝ログイン,yu,5.0,,QR,2026-09-28 01:12:46,public_alias_observed,2026-09-29 00:03:13,,,listing,2,25000,"ジュニア情報局 / QR毎 / 下3桁提示可 / 有効期限内

・公演当日の朝にログイン情報送付、または待ち合わせの上買い手の端末でログイン致します。
・入場しログアウト後 入場報告完了してください
・ランダムエラー、買い手理由のキャンセル、遅刻などの公演中止以外での返金には一切応じませんのでご了承ください。
・公演中止の際のみ返金させて頂きます。
・日本語の分かる方のみご購入よろしくお願いいたします。",True,9ftzq17wmt,2026-09-26 01:01:13,alias,2026-09-29 01:09:42,2026-09-29 01:13:15,public_detail,False,public_detail,active,"ジュニア情報局 / QR毎 / 下3桁提示可 / 有効期限内

・公演当日の朝にログイン情報送付、または待ち合わせの上買い手の端末でログイン致します。
・入場し...",public_detail,2026-09-29 00:15:46,True,2026-09-29 00:15:46,1Cl2VvDmJVZqGnDqCyq0,"{""isSpecified"": false, ""value"": """"}"
is07bfemtl,,kamigata-expo-park-fes-2026,2026-11-01,,[大阪府] 万博記念公園,electronic,female,公演日前日までにQRコード共有,あ,5.0,,QR,2026-09-28 01:12:46,public_alias_observed,2026-09-29 00:03:13,,,listing,2,45000,"QR毎/Aぇ! group×Aぇ! group名義/FC初期当選/有効期限内/下三桁提示可/重複なし

QR毎でのお譲りとなります。

前日にQR表示に必要な情報をお伝えいたします。
ログイン後QR表示に必要な操作以外はお控えください。
入場後は速やかにログアウトして頂き、受取連絡をお願いします。
体調不良、交通機関の遅延、出演者変更、本人確認、ランダムエラー等、如何なる場合でもキャンセルや返金は不可とさせて頂きます。
公演中止の場合に限り、手数料を差し引いた金額を返金いたします。",True,q5q8bojwf2,2026-09-26 02:01:13,alias,2026-09-29 01:09:42,2026-09-29 01:13:15,public_detail,False,public_detail,active,"QR毎/Aぇ! group×Aぇ! group名義/FC初期当選/有効期限内/下三桁提示可/重複なし

QR毎でのお譲りとなります。

前日にQR表示に必要な情...",public_detail,2026-09-29 00:15:48,True,2026-09-29 00:15:48,1Cl2VvDmJVZqGnDqCyq0,"{""isSpecified"": false, ""value"": """"}"
kmsopnw9s1,,kamigata-expo-park-fes-2026,2026-11-01,,[大阪府] 万博記念公園,electronic,female,公演日前日20時までにQRコード共有,ka,5.0,,QR,2026-09-28 01:12:46,public_alias_observed,2026-09-29 00:03:13,,,listing,1,38000,"なにわ名義/初期当選/ QR毎 単番 /下3桁提示可/ 有効期限内 /クレカ決済

QR毎でのお譲りです。
公演前日までにログイン情報お伝えします。

当日ご入場後は開演までに必ず受け取り評価とログアウトをお願いします。

主催者側からの公演中止の場合のみ、手数料を差し引いた金額を返金します。
ランダムエラーや、本人確認等で入場できなかった場合のクレーム・返金対応は一切お受けできません。
ご自身の都合による場合も返金不可となります。いかなる場合も必ず受け取りを行っていただきます。

上記のことをご理解頂ける日本語が通じる方のみご購入、コメントをお願いします。
",True,qeb9r509tn,2026-09-26 02:01:13,alias,2026-09-29 01:09:43,2026-09-29 01:13:15,public_detail,False,public_detail,active,"なにわ名義/初期当選/ QR毎 単番 /下3桁提示可/ 有効期限内 /クレカ決済

QR毎でのお譲りです。
公演前日までにログイン情報お伝えします。

当日ご入...",public_detail,2026-09-29 00:15:46,True,2026-09-29 00:15:46,1Cl2VvDmJVZqGnDqCyq0,"{""isSpecified"": false, ""value"": """"}"
53gocz3m58,,kamigata-expo-park-fes-2026,2026-11-01,,[大阪府] 万博記念公園,electronic,female,公演日3日前までにQRコード共有,ま,5.0,,QR,2026-09-28 01:12:46,public_alias_observed,2026-09-29 00:03:13,,,listing,1,30000,なにわ男子有効会員名義 QR毎のお譲り 会員番号下3桁提示可能 初期当選  同一クレカ決済なし 発送物戻りなし 当日の入場チェックは購入者様でお願いします。 公演の3日前にQRコード表示に必要なログイン情報を連絡ボードよりお伝えします。入場後は速やかにログアウト、受取連絡をお願いいたします。公演中止以外の入場時のランダムエラー、本人確認、遅刻や体調不良、出演者の変更等による返金は行っておりません。公演中止の場合のみ手数料を引いた全額返金します。,True,auec347wla,2026-09-26 02:01:13,alias,2026-09-29 01:09:43,2026-09-29 01:13:15,public_detail,False,public_detail,active,なにわ男子有効会員名義 QR毎のお譲り 会員番号下3桁提示可能 初期当選  同一クレカ決済なし 発送物戻りなし 当日の入場チェックは購入者様でお願いします。 公...,public_detail,2026-09-29 00:15:43,True,2026-09-29 00:15:43,1Cl2VvDmJVZqGnDqCyq0,"{""isSpecified"": false, ""value"": """"}"
6o9wwizolq,,kamigata-expo-park-fes-2026,2026-11-01,,[大阪府] 万博記念公園,electronic,female,公演日前日にログイン情報共有,🍒,5.0,,,2026-09-28 01:12:46,public_alias_observed,2026-09-29 00:03:13,,,listing,2,30000,"初期当選/有効期限内/重複すり替えなし/下3桁提示可

公演日前日にログイン情報をお伝えいたします。
公演当日入場後は速やかにログアウトして頂き、必ず開演時間までに受け取り通知をお願い致します。

購入後、公演中止以外での返金は一切致しかねます。
座席に関するクレーム等は一切受け付けません。",True,fzg91qyelg,2026-09-26 02:01:13,alias,2026-09-29 01:09:44,2026-09-29 01:13:15,public_detail,False,public_detail,active,"初期当選/有効期限内/重複すり替えなし/下3桁提示可

公演日前日にログイン情報をお伝えいたします。
公演当日入場後は速やかにログアウトして頂き、必ず開演時間ま...",public_detail,2026-09-29 00:15:49,True,2026-09-29 00:15:49,1Cl2VvDmJVZqGnDqCyq0,"{""isSpecified"": false, ""value"": """"}"
kiamfe15uy,,kamigata-expo-park-fes-2026,2026-11-01,,[大阪府] 万博記念公園,electronic,female,同行,はな,5.0,,同行,2026-09-28 01:12:46,public_alias_observed,2026-09-29 00:03:13,,,listing,1,55000,"Aぇ! group×Aぇ! group名義/初期当選/すり替えなし/下3桁提示可 
・公演当日に、開場時間8:30以降の入場の可能性あります。 会場付近にて待ち合わせし同時入場致します。どのような理由でも集合時間10分以上の遅刻は先に入場させて頂きます。
・郵送物戻りなし
 ・当日のお待ち合わせを迅速に行うため、事前に電話番号をお伺いする可能性があります。 
・座席に関するクレームは一切受け付けません。 
・入場後は自由行動可
・公演中止の際には規約にそって、手数料を差し引いた額を返金させて頂きますが、 その他買い手様の都合上のキャンセル、ランダムエラー本人確認等如何なる理由があっても受け取り評価はして頂きます。返金は致しかねますのでご了承ください。",True,412mww37gi,2026-09-26 02:01:13,alias,2026-09-29 01:09:44,2026-09-29 01:13:15,public_detail,False,public_detail,active,"Aぇ! group×Aぇ! group名義/初期当選/すり替えなし/下3桁提示可 
・公演当日に、開場時間8:30以降の入場の可能性あります。 会場付近にて待ち...",public_detail,2026-09-29 00:15:45,True,2026-09-29 00:15:45,1Cl2VvDmJVZqGnDqCyq0,"{""isSpecified"": false, ""value"": """"}"
a1ovsjkfr3,,kamigata-expo-park-fes-2026,2026-11-01,,[大阪府] 万博記念公園,electronic,female,公演日1日前までにQRコード共有,ねね,5.0,,QR,2026-09-28 01:12:46,public_alias_observed,2026-09-29 00:03:13,,,listing,1,22500,"なにわ名義/初期当選/有効期限内/発送物戻り無/同一クレカ無し/エラー歴無し

公演前日に必要な情報等を連絡ボードにてお知らせ致します。同意チェックは購入者様ご自身でお願い致します。

公演当日入場後は速やかにログアウトして頂き、必ず開演時間までに受け取り通知をお願い致します。

座席に関するクレーム等は一切受け付けません。公演中止を除き交通機関遅れ、体調不良等購入者様都合の事情、ランダムエラー等如何なる場合も返金致しません。お取引成立後は如何なる場合も必ず受け取り通知を完了して頂きますのでご了承下さい。取引成立後の取引キャンセルも承る事が出来ないのでご了承下さい。上記の場合も必ず受け取り評価は行って頂きます。",True,jhkyj0v0k2,2026-09-26 02:01:13,alias,2026-09-29 01:09:45,2026-09-29 01:13:15,public_detail,False,public_detail,active,"なにわ名義/初期当選/有効期限内/発送物戻り無/同一クレカ無し/エラー歴無し

公演前日に必要な情報等を連絡ボードにてお知らせ致します。同意チェックは購入者様ご...",public_detail,2026-09-29 00:15:46,True,2026-09-29 00:15:46,1Cl2VvDmJVZqGnDqCyq0,"{""isSpecified"": false, ""value"": """"}"
arrq8oq347,,kamigata-expo-park-fes-2026,2026-11-01,,[大阪府] 万博記念公園,electronic,female,公演前日にQR表示に必要な情報をお送りします。,ゆ,5.0,,QR,2026-09-28 01:12:46,public_alias_observed,2026-09-29 00:03:13,,,listing,1,45000,"QR毎／Aぇ名義／初期当選／FC先行／座席未定／
重複すり替えなし／下3桁提示可能

【お渡し方法】
公演前日にログイン情報をお渡ししますので、ログインできるかの確認をお願いいたします。
入場後は速やかにログアウトをお願いいたします。
【注意事項】
・購入前後に関わらず過去の座席・当選歴の質問は受け付けておりません。
・お席に関するクレームは一切お受けできません。
・公演中止以外のいかなる場合でも返金不可。
・取引確定後のキャンセル不可
・本人確認又はエラーなどで入場できなかった場合やご購入者様のご都合でのキャンセル、返金は対応できません。",True,cjuy5f57jt,2026-09-26 01:01:13,alias,2026-09-29 01:09:45,2026-09-29 01:13:15,public_detail,False,public_detail,active,"QR毎／Aぇ名義／初期当選／FC先行／座席未定／
重複すり替えなし／下3桁提示可能

【お渡し方法】
公演前日にログイン情報をお渡ししますので、ログインできるか...",public_detail,2026-09-29 00:15:47,True,2026-09-29 00:15:47,1Cl2VvDmJVZqGnDqCyq0,"{""isSpecified"": true, ""value"": ""\u5ea7\u5e2d\u672a\u5b9a \u7740\u30d6\u30ed\u6307\u5b9a\u306a\u3057""}"
sil42f2cp8,,kamigata-expo-park-fes-2026,2026-11-01,,[大阪府] 万博記念公園,electronic,female,公演前日にログイン情報共有,h,5.0,,QR,2026-09-28 01:12:46,public_alias_observed,2026-09-29 00:03:13,,,listing,2,45000,"WESTFC×WESTFC
QR毎/FC初期当選/有効期限内/下三桁提示可

QR毎でのお譲りとなります。
同行者の同意チェックはこちらでいたしますので、代表者分のみお願いいたします。

前日にQR表示に必要な情報をお伝えいたします。
ログイン後QR表示に必要な操作以外はお控えください。
入場後は速やかにログアウトして頂き、受取連絡をお願いします。
体調不良、交通機関の遅延、出演者変更、本人確認、ランダムエラー等、如何なる場合でもキャンセルや返金は不可とさせて頂きます。
公演中止の場合に限り、手数料を差し引いた金額を返金いたします。
プラベルでのお取引も可能です。",True,e3k4g2h98x,2026-09-26 01:01:13,alias,2026-09-29 01:09:46,2026-09-29 01:13:15,public_detail,False,public_detail,active,"WESTFC×WESTFC
QR毎/FC初期当選/有効期限内/下三桁提示可

QR毎でのお譲りとなります。
同行者の同意チェックはこちらでいたしますので、代表者...",public_detail,2026-09-29 00:15:00,True,2026-09-29 00:15:00,1Cl2VvDmJVZqGnDqCyq0,"{""isSpecified"": false, ""value"": """"}"
fqi71ji66n,,kamigata-expo-park-fes-2026,2026-11-01,,[大阪府] 万博記念公園,electronic,female,同行,a,5.0,,番手,2026-09-28 01:12:46,public_alias_observed,2026-09-29 00:03:13,,,listing,1,22000,"2名義中2番手(単番×2)
有効期限内/下3桁提示可
公演中止以外の如何なる理由（ランダムエラー、交通機関の遅延、体調不良等）でのキャンセルや返金は致しかねます。また、座席に関するクレーム等は一切受け付けません。
公演中止の際は手数料を差し引いた額を返金します。
入場後は速やかに受取連絡をお願いいたします。

トラブル防止のため購入は日本人女性以外及び代理購入のご購入は遠慮ください。

購入された場合、以上全てに同意の上と判断いたします。",True,9hgymsmb6m,2026-09-26 01:01:13,alias,2026-09-29 01:09:46,2026-09-29 01:13:15,public_detail,False,public_detail,active,"2名義中2番手(単番×2)
有効期限内/下3桁提示可
公演中止以外の如何なる理由（ランダムエラー、交通機関の遅延、体調不良等）でのキャンセルや返金は致しかねます...",public_detail,2026-09-29 00:15:04,True,2026-09-29 00:15:04,1Cl2VvDmJVZqGnDqCyq0,"{""isSpecified"": false, ""value"": """"}"
2znjyosw7x,,kamigata-expo-park-fes-2026,2026-11-01,,[大阪府] 万博記念公園,electronic,female,公演日2日前までにQRコード共有,ぴまる,5.0,,QR,2026-09-28 01:12:46,public_alias_observed,2026-09-29 00:03:13,,,listing,2,28000,"座席未定｜WEST名義｜QRごとのお譲り｜初期当選｜すり替えなし｜有効期限内｜下2桁お伝え可能｜前回ツアー落選



公演中止の際のみ、送料手数料を引いた金額返金可能。ランダムエラー等は返金致しません。
",True,k9j8o5ct37,2026-09-26 02:01:13,alias,2026-09-29 01:09:46,2026-09-29 01:13:15,public_detail,False,public_detail,active,"座席未定｜WEST名義｜QRごとのお譲り｜初期当選｜すり替えなし｜有効期限内｜下2桁お伝え可能｜前回ツアー落選



公演中止の際のみ、送料手数料を引いた金額返...",public_detail,2026-09-29 00:15:53,True,2026-09-29 00:15:53,1Cl2VvDmJVZqGnDqCyq0,"{""isSpecified"": false, ""value"": """"}"
04wyj75185,,kamigata-expo-park-fes-2026,2026-11-01,,[大阪府] 万博記念公園,electronic,female,公演前日QRコード共有,M,5.0,,QR,2026-09-28 01:12:46,public_alias_observed,2026-09-29 00:03:13,,,listing,1,29900,"QR毎/初期当選/下3桁提示可/すり替え重複なし/有効期限内/発送物戻りなし/着ブロ指定なし/SUPER EIGHT名義
前日にログイン情報をお伝えいたします。
入場後は開演までにログアウト、受取評価をお願いいたします。 
公演中止の場合に限り、手数料を差し引いた金額のみご返金させて頂きます。
プラベル移行可能な方は専用出品いたしますのでお声掛けください。",True,otl1zekdda,2026-09-26 02:01:13,alias,2026-09-29 01:09:47,2026-09-29 01:13:15,public_detail,False,public_detail,active,"QR毎/初期当選/下3桁提示可/すり替え重複なし/有効期限内/発送物戻りなし/着ブロ指定なし/SUPER EIGHT名義
前日にログイン情報をお伝えいたします。...",public_detail,2026-09-29 00:15:50,True,2026-09-29 00:15:50,1Cl2VvDmJVZqGnDqCyq0,"{""isSpecified"": true, ""value"": ""\u5ea7\u5e2d\u672a\u5b9a""}"
qh5vqmrplf,,kamigata-expo-park-fes-2026,2026-11-01,,[大阪府] 万博記念公園,electronic,female,前日までにログイン情報開示,❤︎,5.0,,QR,2026-09-28 01:12:46,public_alias_observed,2026-09-29 00:03:13,,,listing,2,48000,"なにわ男子FC/QR毎/初期当選/下3桁提示可/有効期限内/発送物戻り・過去エラー無し

公演前日までにログイン情報お伝えします。
公演当日は入場後速やかにログアウトいただき、受取通知をお願いいたします。

ランダムエラーや端末不具合、出演者の変更、体調不良や操作ミスなどのご自身の都合による事情で入場できなかった場合等、いかなる場合も返金不可となります。お取引成立後は必ず受け取り通知を行っていただきます。主催者側から公演中止の発表があった場合のみ、手数料を差し引いた金額を返金いたします。入場後速やかに必ず受取通知をお願いいたします。

上記全てをご理解いただける方のみご購入をお願いします。購入された時点で以上同意されたものとみなします。
",True,g3rhmlpvr7,2026-09-26 02:01:13,alias,2026-09-29 01:09:47,2026-09-29 01:13:15,public_detail,False,public_detail,active,"なにわ男子FC/QR毎/初期当選/下3桁提示可/有効期限内/発送物戻り・過去エラー無し

公演前日までにログイン情報お伝えします。
公演当日は入場後速やかにログ...",public_detail,2026-09-29 00:15:48,True,2026-09-29 00:15:48,1Cl2VvDmJVZqGnDqCyq0,"{""isSpecified"": false, ""value"": """"}"
ua90hvxhxt,,kamigata-expo-park-fes-2026,2026-11-01,,[大阪府] 万博記念公園,electronic,female,公演日前日までにQRコード共有,s,5.0,,QR,2026-09-28 01:12:46,public_alias_observed,2026-09-29 00:03:13,,,listing,2,35000,"QRごと/初期当選/前回ツアー落選×前回ツアー落選Aぇ名義/有効期限内/発送物戻り無/同一クレカ決済無し/下3桁提示可

公演前日に必要な情報等を連絡ボードにてお知らせ致します。代表者の同意チェックは購入者様ご自身でお願い致します。

公演当日入場後は速やかにログアウトして頂き、必ず開演時間までに受け取り通知をお願い致します。

座席に関するクレーム等は一切受け付けません。

公演中止を除き交通機関遅れ、出演者変更、体調不良等購入者様都合の事情、ランダムエラー等如何なる場合も返金致しません。

ご購入は上記を了承した上で日本語の理解出来る、成人済み日本人の方でお願い致します。",True,kkekdcmvs8,2026-09-26 02:01:13,alias,2026-09-29 01:09:47,2026-09-29 01:13:15,public_detail,False,public_detail,active,"QRごと/初期当選/前回ツアー落選×前回ツアー落選Aぇ名義/有効期限内/発送物戻り無/同一クレカ決済無し/下3桁提示可

公演前日に必要な情報等を連絡ボードにて...",public_detail,2026-09-29 00:15:51,True,2026-09-29 00:15:51,1Cl2VvDmJVZqGnDqCyq0,"{""isSpecified"": false, ""value"": """"}"
lcakthcvx9,,kamigata-expo-park-fes-2026,2026-11-01,,[大阪府] 万博記念公園,electronic,female,同行,S,5.0,,番手,2026-09-28 01:12:46,public_alias_observed,2026-09-29 00:03:13,,,listing,2,20000,"2名義中2番手（2名義ともSUPER EIGHT名義）／すり替えなし／有効期限内／下3桁提示可／エラー歴なし

公演当日は、こちらが指定する時間・場所に集合していただき、同時入場を予定しております。
入場方法や当日の状況により、QRごとお渡しする場合がございますので、柔軟にご対応いただける方のみご購入をお願いいたします。

入場時間が早朝となる可能性もございます。公式から詳細が発表され次第、集合時間・場所について取引メッセージにてご連絡いたします。指定時間に確実にお越しいただける方のみご購入ください。

同時入場後一度チケットを回収し、こちらで選択後にチケットをお渡しいたします。
入場時にはお連れ様と分かれていただく可能性がございますが、必ず連番のチケットをお渡しいたします。

チケットお渡し後は、速やかに受取連絡をお願いいたします。
ブロック等に関するクレームは一切お受けできません。

また、いかなる理由であっても遅刻、体調不良、本人確認、ランダムエラー、出演者変更等、公演中止以外の理由でのキャンセル・返金はいたしかねます。

集合時間に遅刻された場合は、先に入場させていただく場合がございます。その場合も受取連絡は必ずお願いいたします。",True,e4owa2mpgt,2026-09-26 01:01:13,alias,2026-09-29 01:09:48,2026-09-29 01:13:15,public_detail,False,public_detail,active,"2名義中2番手（2名義ともSUPER EIGHT名義）／すり替えなし／有効期限内／下3桁提示可／エラー歴なし

公演当日は、こちらが指定する時間・場所に集合して...",public_detail,2026-09-29 00:15:03,True,2026-09-29 00:15:03,1Cl2VvDmJVZqGnDqCyq0,"{""isSpecified"": false, ""value"": """"}"
tek7rngaw3,,kamigata-expo-park-fes-2026,2026-11-01,,[大阪府] 万博記念公園,electronic,female,同行,小枝,5.0,,同行,2026-09-28 01:12:46,public_alias_observed,2026-09-29 00:03:13,,,listing,2,25000,"なにわ男子名義/3名義中3番手/すり替えなし/下3桁提示可/初期当選名義含む/有効会員/

★当日の流れ★
会場10分前にこちらの指定した場所に集合し、その際にログイン情報をお伝えします。会場へは同時入場をしていただきます。（持ち逃げ防止のため身分証をお預かりさせていただきます。 ）
入場後、1度チケットを回収させていただきます。座席が決まり次第順にチケットを配布させていただきます。
⚠︎場合によってはお時間をいただくことがあります。
お渡し後はその場で受取評価をしていただき、取引終了とさせていただきます。

★注意事項★
どのようなお席であっても、座席に関するクレーム・キャンセルはお控えください。
また、公演中止以外でのキャンセル（買い手様の体調不良・交通機関の乱れ・本人確認エラー・音信不通等）は、いかなる場合も返金・キャンセル不可とさせていただきます。
公演が中止となった場合は、手数料を差し引いた金額を返金いたします。

★こちらからのお願い★
︎︎︎︎・集合時間厳守でお願いいたします。
連絡なしに大幅な遅刻をされた際は先に入場させていただきますが、その際も受け取り評価はしていただきますのでご了承ください。
︎︎︎︎︎︎・日本語での意思疎通・ルールの理解がきちんと可能な方のみ、ご購入をお願い致します。
︎︎︎︎・ご購入いただいた時点で、上記内容すべてにご同意いただいたものとみなします︎︎︎︎︎︎。
・質問等いつでも受け付けていますので、ご不明点は購入前に連絡お願いします。",True,rh0qb8xyhh,2026-09-26 02:01:13,alias,2026-09-29 01:09:48,2026-09-29 01:13:15,public_detail,False,public_detail,active,"なにわ男子名義/3名義中3番手/すり替えなし/下3桁提示可/初期当選名義含む/有効会員/

★当日の流れ★
会場10分前にこちらの指定した場所に集合し、その際に...",public_detail,2026-09-29 00:15:49,True,2026-09-29 00:15:49,1Cl2VvDmJVZqGnDqCyq0,"{""isSpecified"": false, ""value"": """"}"
ue1g6q6k62,,kamigata-expo-park-fes-2026,2026-11-01,,[大阪府] 万博記念公園,electronic,female,同行,ゆあ,5.0,,,2026-09-28 01:12:46,public_alias_observed,2026-09-29 00:03:13,,,listing,2,37000,"初期当選/3名義中2番手/すり替え無し/下3桁提示可/有効期限内

★代表者・同行者共になにわ男子FCで登録済み
不備名義なし

※公式にて「TAKOYAKI STAGEはスタンディング・ブロック指定です」との表記がございます為、入場の際に発券されたチケットに指定のブロックが記載しているかと思われます。

※入場時間はまだ未定ですので、8:30〜12:00の間のどの時間でもご対応いただける方のみご購入ください。

公演当日、指定した時間・集合場所に集まっていただき同時入場していただきます。
入場後、一度全てのチケットを回収させていただきチケットを選択後にお渡しいたします。
スタンディングの為、入場後は速やかにチケットをお渡しさせたいただきます。

チケット受け取り後は、速やかに受け取り連絡をお願いします。

2連でご購入の場合、別れて入場して頂くことがございますが、必ず連番のチケットをお渡しいたします。

集合時間や待ち合わせ場所につきましてはご入金後、公式から情報がで次第メッセージにてご連絡いたします。

交通機関の乱れや、電波が悪く集合できなかった等、いかなる場合でも遅刻された場合は先に入場させていただき、受け取り連絡は必ず行っていただきます。
お座席に関するクレームは一切お受けしておりません。
本人確認やランダムエラー、体調不良、遅刻等で会場に入れなかった場合でも、一切のキャンセルや返金対応は致しかねますので予めご了承ください。
公演中止の場合のみ、手数料を差し引いた金額を返金致します。

誠意を持って対応させていただきます。",True,f5n0nenhf1,2026-09-26 02:01:13,alias,2026-09-29 01:09:49,2026-09-29 01:13:15,public_detail,False,public_detail,active,"初期当選/3名義中2番手/すり替え無し/下3桁提示可/有効期限内

★代表者・同行者共になにわ男子FCで登録済み
不備名義なし

※公式にて「TAKOYAKI...",public_detail,2026-09-29 00:15:49,True,2026-09-29 00:15:49,1Cl2VvDmJVZqGnDqCyq0,"{""isSpecified"": true, ""value"": ""\u5ea7\u5e2d\u672a\u5b9a""}"
uqrglygh0c,,kamigata-expo-park-fes-2026,2026-11-01,,[大阪府] 万博記念公園,electronic,female,同行,け,5.0,,同行,2026-09-28 01:12:46,public_alias_observed,2026-09-29 00:03:13,,,listing,1,35000,"初期当選/2名義中2番手/有効期限名義のみ/Aぇ名義/すり替えなし/下3桁提示可能/発送物戻りなし
購入希望の方はプライベート出品にするのでコメントください。
・入場後はチケットを一旦回収し、当方が選択しなかったチケットをお渡しします。チケットを選ぶのにお時間がかかる場合がございますのでご理解ください。

・電波環境が悪い場合がございますので事前に電話番号を伺うことがございますので、ご了承ください。

・本人確認やランダムエラーでは返金いたしますが、
購入者様の遅刻、体調不良、公演中止以外での返金は一切いたしかねます。そのような場合でも必ず受取連絡はして頂きますのでご了承ください。

・当日お席に関するクレームは受け付けません。

・受取連絡と引き換えでチケットをお渡しいたします。

・日本語の通じる女性のみご購入ください。ご購入いただいた時点で記載事項に同意いただいたものとみなします。

エラーの際はご返金いたします。",True,nkbhpu7w3p,2026-09-26 02:01:13,alias,2026-09-29 01:09:49,2026-09-29 01:13:15,public_detail,False,public_detail,active,"初期当選/2名義中2番手/有効期限名義のみ/Aぇ名義/すり替えなし/下3桁提示可能/発送物戻りなし
購入希望の方はプライベート出品にするのでコメントください。...",public_detail,2026-09-29 00:15:52,True,2026-09-29 00:15:52,1Cl2VvDmJVZqGnDqCyq0,"{""isSpecified"": false, ""value"": """"}"
1ojbimcyj3,,kamigata-expo-park-fes-2026,2026-11-01,,[大阪府] 万博記念公園,electronic,female,公演前日にログイン情報を共有,うに,5.0,,QR,2026-09-28 01:12:46,public_alias_observed,2026-09-29 00:03:13,,,listing,1,22000,WEST.名義/QRごと/すり替え無し/初期当選/有効期限内/下三桁提示可,True,4psvb3ku69,2026-09-26 01:01:13,alias,2026-09-29 01:09:50,2026-09-29 01:13:15,public_detail,False,public_detail,active,WEST.名義/QRごと/すり替え無し/初期当選/有効期限内/下三桁提示可,public_detail,2026-09-29 00:15:05,True,2026-09-29 00:15:05,1Cl2VvDmJVZqGnDqCyq0,"{""isSpecified"": false, ""value"": """"}"
fb19skino2,,kamigata-expo-park-fes-2026,2026-11-01,,[大阪府] 万博記念公園,electronic,female,2名義中2番手,Gu,5.0,,番手,2026-09-28 01:12:46,public_alias_observed,2026-09-29 00:03:13,,,listing,2,25000,"2名義中2番手 Aぇ名義 初当選
初期当選/すり替えなし/有効期限内/下3桁提示可
プラベルorプライベートチケットにて出品する為、購入希望の方はメッセージお願いいたします。

トラブル防止の為、日本人女性の方のみご購入下さい。
こまめに連絡が取れる方、集合時間を守れる方のみ。
遅刻の際には先に入場させて頂きますが、その場合も受け取り評価はして頂きますのでご了承ください。

公演当日、会場付近で待ち合わせをし、同時入場して頂きます。
入場時、チケットの発券をお手伝いいただく可能性がございます。
座席へのクレームは一切受け付けておりません。
チケットと引き換えに受け取り評価をして頂きます。

詳しい場所や時間は前日までにお知らせします。
開場時間より早い集合になる可能性があります。
本人確認、ランエラ、交通機関の乱れ、出演者の変更、その他ご購入様都合でのキャンセル・返金には一切対応致しません。
公演中止の場合のみ手数料を引いた金額を返金致します。
ご購入された方は上記の内容を全てご了承いただいたことと判断し、入金後のキャンセル及び返金はいたしませんのでご了承ください。",True,llhy3q3biu,2026-09-26 02:01:13,alias,2026-09-29 01:09:50,2026-09-29 01:13:15,public_detail,False,public_detail,active,"2名義中2番手 Aぇ名義 初当選
初期当選/すり替えなし/有効期限内/下3桁提示可
プラベルorプライベートチケットにて出品する為、購入希望の方はメッセージお願...",public_detail,2026-09-29 00:15:55,True,2026-09-29 00:15:55,1Cl2VvDmJVZqGnDqCyq0,"{""isSpecified"": true, ""value"": ""\u5ea7\u5e2d\u672a\u5b9a""}"
tenn5y4rfv,,kamigata-expo-park-fes-2026,2026-11-01,,[大阪府] 万博記念公園,electronic,female,同行,Na,5.0,,同行 / 番手,2026-09-28 01:12:46,public_alias_observed,2026-09-29 00:03:13,,,listing,2,28000,"3名義中2番手/WEST名義/有効期限内/すり替えなし/下3桁提示可/初期当選

プラベルにてお取引したいので購入前にコメントお願いいたします。

同時入場し、入場後一旦チケットを回収し当方が選ばなかったチケットをお渡しいたします。

公演中止の場合のみ手数料を差し引いて返金いたします。
体調不良、本人確認、ランダムエラーなどのいかなる場合も返金は致しませんので、ご了承下さい。",True,2gjwgh1ycm,2026-09-26 02:01:13,alias,2026-09-29 01:09:50,2026-09-29 01:13:15,public_detail,False,public_detail,active,"3名義中2番手/WEST名義/有効期限内/すり替えなし/下3桁提示可/初期当選

プラベルにてお取引したいので購入前にコメントお願いいたします。

同時入場し、...",public_detail,2026-09-29 00:15:53,True,2026-09-29 00:15:53,1Cl2VvDmJVZqGnDqCyq0,"{""isSpecified"": false, ""value"": """"}"
d5dka536mb,,kamigata-expo-park-fes-2026,2026-11-01,,[大阪府] 万博記念公園,electronic,female,前日までにログイン情報共有,♡,5.0,,QR,2026-09-28 01:12:46,public_alias_observed,2026-09-29 00:03:13,,,listing,2,25000,"QR毎/Aぇ名義/初期当選/下3桁提示可/有効期限内/発送物戻りなし/条件なし/ペイジー払い

QR毎のお譲りです。
代表者同行者どちらも女性Aぇ名義の初期当選です。発送物戻りや過去エラー等はない当方管理の名義になります。
公演前日までにログイン情報をお伝えいたしますので当日入場後は速やかにログアウトし受取通知をお願いいたします。
公演中止以外の購入者様都合のキャンセルや返金はいたしかねます。
上記全てご理解頂ける方のみご購入よろしくお願いいたします。",True,2kn8lwg45x,2026-09-26 01:01:13,alias,2026-09-29 01:09:51,2026-09-29 01:13:15,public_detail,False,public_detail,active,"QR毎/Aぇ名義/初期当選/下3桁提示可/有効期限内/発送物戻りなし/条件なし/ペイジー払い

QR毎のお譲りです。
代表者同行者どちらも女性Aぇ名義の初期当選...",public_detail,2026-09-29 00:14:58,True,2026-09-29 00:14:58,1Cl2VvDmJVZqGnDqCyq0,"{""isSpecified"": false, ""value"": """"}"
57vqiylnnt,,kamigata-expo-park-fes-2026,2026-11-01,,[大阪府] 万博記念公園,electronic,female,公演前日までにQR共有,C,5.0,,QR,2026-09-28 01:12:46,public_alias_observed,2026-09-29 00:03:13,,,listing,1,23000,"情報局該当名義/初期当選/すり替えなし/下3桁提示可能/過去エラー歴なし
QR毎のお譲りになります。公演前日正午までにログイン情報をお伝えいたします。
ランダムエラーや出演者の変更等、公演中止以外の理由での返金は致しかねます。公演中止の場合は手数料を差し引いた金額を返金いたします。",True,64jdg3x34n,2026-09-26 01:01:13,alias,2026-09-29 01:09:51,2026-09-29 01:13:15,public_detail,False,public_detail,active,"情報局該当名義/初期当選/すり替えなし/下3桁提示可能/過去エラー歴なし
QR毎のお譲りになります。公演前日正午までにログイン情報をお伝えいたします。
ランダム...",public_detail,2026-09-29 00:15:56,True,2026-09-29 00:15:56,1Cl2VvDmJVZqGnDqCyq0,"{""isSpecified"": false, ""value"": """"}"
gmudl29kb5,,kamigata-expo-park-fes-2026,2026-11-01,,[大阪府] 万博記念公園,electronic,female,入金後24時間以内にQRコード共有,8,5.0,,,2026-09-28 01:12:46,public_alias_observed,2026-09-29 00:03:13,,,listing,1,30000,"えいと名義/有効期限内/発送物戻り無/同一クレカ無し/エラー歴無し

公演前日に必要な情報等を連絡ボードにてお知らせします。同意チェックは購入者様ご自身でお願い致します。

公演当日入場後は速やかにログアウトして頂き、必ず開演時間までに受け取り通知をお願い致します。

座席に関するクレーム等は一切受付無し
公演中止を除き交通機関遅れ、体調不良等購入者様都合の事情、ランダムエラー等如何なる場合も返金致しません。
お取引成立後は如何なる場合も必ず受け取り通知を完了して頂きます。取引成立後の取引キャンセルも承る事が出来ないのでご了承下さい。上記の場合も必ず受け取り評価は行って頂きます。",True,e0y2lboyjw,2026-09-26 02:01:13,alias,2026-09-29 01:09:51,2026-09-29 01:13:15,public_detail,False,public_detail,active,"えいと名義/有効期限内/発送物戻り無/同一クレカ無し/エラー歴無し

公演前日に必要な情報等を連絡ボードにてお知らせします。同意チェックは購入者様ご自身でお願い...",public_detail,2026-09-29 00:15:53,True,2026-09-29 00:15:53,1Cl2VvDmJVZqGnDqCyq0,"{""isSpecified"": false, ""value"": """"}"
wat2h9uanp,,kamigata-expo-park-fes-2026,2026-11-01,,[大阪府] 万博記念公園,electronic,female,前日にログイン情報共有,にら,5.0,,QR,2026-09-28 01:12:46,public_alias_observed,2026-09-29 00:03:13,,,listing,1,22000,"初期当選/QR毎/WEST名義/有効期限内名義/本人確認対応不可/会員番号下3桁提示可/公演日1日前ログイン情報ご連絡いたします
",True,78y63xn5dw,2026-09-26 01:01:13,alias,2026-09-29 01:09:52,2026-09-29 01:13:15,public_detail,False,public_detail,active,"初期当選/QR毎/WEST名義/有効期限内名義/本人確認対応不可/会員番号下3桁提示可/公演日1日前ログイン情報ご連絡いたします
",public_detail,2026-09-29 00:15:01,True,2026-09-29 00:15:01,1Cl2VvDmJVZqGnDqCyq0,"{""isSpecified"": false, ""value"": """"}"
qvc2mwcs3t,,kamigata-expo-park-fes-2026,2026-11-01,,[大阪府] 万博記念公園,electronic,female,同行,ari,5.0,,同行 / 番手,2026-09-28 01:12:46,public_alias_observed,2026-09-29 00:03:13,,,listing,1,35000,"2名義中1番手/初期当選/Aぇ名義/有効期限内/すり替えなし/下3桁提示可

プラベルでのお取引希望の方は移行させていただきますので、メッセージをお願いします。

公演当日、会場付近にて集合後同時入場していただきます。時間厳守できる方のみ購入をお願いします。指定した時間に遅れた場合も待たずに入場しますが、受取報告をしていただきます。

入場後当方と相談の上、1番手の半券をお渡しします。
チケットお渡しの際に受取報告をお願いします。受取報告を確認できるまでチケットはお渡しできませんのでご了承ください。

代理購入不可、未就学児を連れてる方の購入不可、スーツケース等大きい荷物の持ち込みもご遠慮ください。

遅刻、体調不良、交通機関等遅延、本人確認、ランダムエラー等公演中止以外の返金は一切対応できません。

日本語が話せてスムーズにご連絡の取れる方のみご購入ください。

購入いただいた時点で、上記全て了承したものとみなしクレームは一切受け付けません。",True,p79joil4uw,2026-09-26 02:01:13,alias,2026-09-29 01:09:52,2026-09-29 01:13:15,public_detail,False,public_detail,active,"2名義中1番手/初期当選/Aぇ名義/有効期限内/すり替えなし/下3桁提示可

プラベルでのお取引希望の方は移行させていただきますので、メッセージをお願いします。...",public_detail,2026-09-29 00:15:49,True,2026-09-29 00:15:49,1Cl2VvDmJVZqGnDqCyq0,"{""isSpecified"": false, ""value"": """"}"
sa47fvaaqh,,kamigata-expo-park-fes-2026,2026-11-01,,[大阪府] 万博記念公園,electronic,female,同行,28,5.0,,同行,2026-09-28 01:05:50,public_alias_observed,2026-09-28 01:05:50,,,listing,1,33000,"FC先行 座席未定 初期当選 有効期限内 重複すり替えなし 会員番号下3桁提示可能 着ブロ希望なし

公演当日、開演 1時間前〜30分前頃に会場付近にて待ち合わせし、同時入場していただきます。
詳しい待ち合わせ時間・場所につきましては、公演前日までに連絡ボードでお知らせします。
チケットをお渡しする際に受け取り連絡をお願いいたします。
座席に関するクレームは受け付けておりません。
重複無しのため当方との同行になります。
同時入場後は、ご自由にしていただいて構いません。

公演中止の際には、送料・仲介手数料を差し引いた金額を返金いたします。
システムエラー、本人確認、交通機関でのトラブル、買い手様のご都合など、いかなる場合も返金キャンセル対応いたしかねますのでご了承ください。",True,meelnngq41,2026-09-26 01:01:13,alias,2026-09-29 01:09:58,2026-09-28 00:02:52,public_detail,False,public_detail,inactive,"FC先行 座席未定 初期当選 有効期限内 重複すり替えなし 会員番号下3桁提示可能 着ブロ希望なし

公演当日、開演 1時間前〜30分前頃に会場付近にて待ち合わ...",public_detail,2026-09-29 00:02:14,True,2026-09-29 00:02:14,1Cl2VvDmJVZqGnDqCyq0,"{""isSpecified"": false, ""value"": """"}"
w6zmagbm2h,,kamigata-expo-park-fes-2026,2026-10-31,,[大阪府] 万博記念公園,electronic,female,公演前日にログイン情報共有,M,5.0,,QR,2026-09-28 01:05:51,public_alias_observed,2026-09-28 01:05:51,,,listing,2,25000,"QR毎/初期当選/下3桁提示可/有効期限内/郵送物戻りなし

前回ツアー落選かつ名義作成後初当選です。

公演前日にログイン情報をお伝えいたしますので当日入場後は速やかにログアウトし、評価をお願いいたします。公演中止以外の全ての事柄においてキャンセルや返金はいたしかねます。上記全てご理解頂ける方のみご購入よろしくお願いいたします。

その他ご質問等ございましたらお気軽にご連絡ください。",True,ve2kq39hjd,2026-09-26 01:01:13,alias,2026-09-29 01:09:58,2026-09-27 15:02:48,public_detail,False,public_detail,inactive,"QR毎/初期当選/下3桁提示可/有効期限内/郵送物戻りなし

前回ツアー落選かつ名義作成後初当選です。

公演前日にログイン情報をお伝えいたしますので当日入場後...",public_detail,2026-09-29 00:02:13,True,2026-09-29 00:02:13,1Cl2VvDmJVZqGnDqCyq0,"{""isSpecified"": false, ""value"": """"}"
cbx0ybup06,,tvasahi-dream-festival-2026,2026-11-21,15:00,Kアリーナ横浜,paper,female,当日手渡し,な,5.0,,ランダム,2026-09-28 01:12:50,public_alias_observed,2026-09-29 00:03:16,,,listing,2,13000,"すり替えなしランダム/ 9名義中7.8.9番手に変更可能/全名義いち早ぴあプレ枠
・全てアプグレ申し込み予定
・アプグレ当選の場合、当選席選択した際に限りアプグレ定価分(＋0.7/枚)当日支払いお願いします。
・当日の電波障害対策、お待ち合わせを迅速に行うため、電話番号のご提示をお願いします。
・待ち合わせ等のご連絡は前日までに取引メッセージにてお知らせします。
遅刻に関してはお待ちすることなく入場しますが、受取評価はしていただきます。その際の返金は致しません。
・座席に関するクレームは一切受け付けません。
・買い手様の都合上のキャンセル、本人確認等如何なる理由があっても受取評価はして頂きます。返金対応不可です。
・日本人の方のみ購入お願いします。
・すり替えなしランダムがご理解できる方のみご購入お願いします。
番手にも変更可能ですのでご相談下さい(提示している金額は、すり替えなしランダムの場合の金額です)。
・プラベ出品に変更しますのでお手数おかけしますがコメントお願いします。
・入金確認後、問い合わせ番号の下3桁掲示いたします。",True,f440r2b0j4,2026-09-26 01:01:13,alias,2026-09-29 03:05:10,2026-09-29 01:13:18,public_detail,False,public_detail,active,"すり替えなしランダム/ 9名義中7.8.9番手に変更可能/全名義いち早ぴあプレ枠
・全てアプグレ申し込み予定
・アプグレ当選の場合、当選席選択した際に限りアプグ...",public_detail,2026-09-29 00:24:24,True,2026-09-29 00:24:24,k8qw3X3Mpda6ZvJKsOG1,"{""isSpecified"": false, ""value"": """"}"
t7d0rc0xb0,,tvasahi-dream-festival-2026,2026-11-21,15:00,Kアリーナ横浜,electronic,female,公演3日前,ゆ,5.0,,番手,2026-09-28 01:12:50,public_alias_observed,2026-09-29 00:03:16,,,listing,2,15000,"ぴあ最速先行/3名義中3番手/すり替えなし

アップグレード料金も込みです。

公演中止を除き、出演者の変更・遅刻・交通機関の遅延等、如何なる場合も返金いたしかねます。予めご了承ください。

取引初心者の方でも丁寧に対応いたしますので、お気軽にご購入下さい。",True,h881yb5tcf,2026-09-26 02:01:13,alias,2026-09-29 03:05:10,2026-09-29 01:13:18,public_detail,False,public_detail,active,"ぴあ最速先行/3名義中3番手/すり替えなし

アップグレード料金も込みです。

公演中止を除き、出演者の変更・遅刻・交通機関の遅延等、如何なる場合も返金いたしか...",public_detail,2026-09-29 00:24:27,True,2026-09-29 00:24:27,k8qw3X3Mpda6ZvJKsOG1,"{""isSpecified"": false, ""value"": """"}"
vxtxi3jp4d,,tvasahi-dream-festival-2026,2026-11-21,15:00,Kアリーナ横浜,electronic,female,公演日7日前までにQRコード共有,やまo,5.0,,,2026-09-28 01:12:50,public_alias_observed,2026-09-29 00:03:16,,,listing,2,9500,,True,nf9yxvkf4l,2026-09-26 09:01:11,alias,2026-09-29 03:05:11,2026-09-29 01:13:18,public_detail,False,public_detail,active,,public_detail,2026-09-29 00:24:21,True,2026-09-29 00:24:21,k8qw3X3Mpda6ZvJKsOG1,"{""isSpecified"": false, ""value"": """"}"
94tzwvkgcn,,tvasahi-dream-festival-2026,2026-11-21,15:00,Kアリーナ横浜,electronic,female,公演3日前に受け渡し方法共有,ら,4.9,,,2026-09-28 01:12:50,public_alias_observed,2026-09-29 00:03:16,,,listing,2,14500,"チケットぴあ いち早プレリザーブでの当選

11/18(木)に発券番号をお伝えしますのでご自身で発券をお願いいたします。

必ず発券次第速やかに受け取り連絡をお願いいたします。

主催者側による公演中止の場合に限り、サイトの規約に則り返金対応いたします。",True,48a8jjdpjl,2026-09-26 01:01:13,alias,2026-09-29 03:05:11,2026-09-29 01:13:18,public_detail,False,public_detail,active,"チケットぴあ いち早プレリザーブでの当選

11/18(木)に発券番号をお伝えしますのでご自身で発券をお願いいたします。

必ず発券次第速やかに受け取り連絡をお...",public_detail,2026-09-29 00:24:23,True,2026-09-29 00:24:23,k8qw3X3Mpda6ZvJKsOG1,"{""isSpecified"": false, ""value"": """"}"
3qnm7qeg04,,tvasahi-dream-festival-2026,2026-11-21,15:00,Kアリーナ横浜,paper,female,当日手渡し,な,5.0,,番手,2026-09-28 01:12:50,public_alias_observed,2026-09-29 00:03:16,,,listing,2,13500,"9名義中9番手/全名義いち早ぴあプレ枠
・全てアプグレ申し込み予定
・アプグレ当選の場合、当選席選択した場合に限りアプグレ定価分(＋0.7/枚)当日支払いお願いします。
・当日の電波障害対策、お待ち合わせを迅速に行うため、電話番号のご提示をお願いします。
・待ち合わせ等のご連絡は前日までに取引メッセージにてお知らせします。
遅刻に関してはお待ちすることなく入場しますが、受取評価はしていただきます。その際の返金は致しません。
・座席に関するクレームは一切受け付けません。
・買い手様の都合上のキャンセル、本人確認等如何なる理由があっても受取評価はして頂きます。返金対応不可です。
・日本人の方のみ購入お願いします。
・番手(すり替えなし)がご理解できる方のみご購入お願いします。
⭐️プラベ出品に変更しますのでお手数おかけしますがコメントお願いします。
・入金確認後、問い合わせ番号の下3桁掲示いたします。",True,y3pd80vtau,2026-09-26 01:01:13,alias,2026-09-29 03:05:12,2026-09-29 01:13:18,public_detail,False,public_detail,active,"9名義中9番手/全名義いち早ぴあプレ枠
・全てアプグレ申し込み予定
・アプグレ当選の場合、当選席選択した場合に限りアプグレ定価分(＋0.7/枚)当日支払いお願い...",public_detail,2026-09-29 00:24:23,True,2026-09-29 00:24:23,k8qw3X3Mpda6ZvJKsOG1,"{""isSpecified"": false, ""value"": """"}"
uls6gcjxe9,,tvasahi-dream-festival-2026,2026-11-21,15:00,Kアリーナ横浜,paper,none,前日又は当日手渡し,n,5.0,,ランダム,2026-09-28 01:12:50,public_alias_observed,2026-09-29 00:03:16,,,listing,2,10000,"いち早枠当選名義のみのランダム配布

全てアプグレ申し込み予定ですが、落選名義のチケットをお渡しする可能性もございます。
2連で購入の方には必ず2連でチケットお渡しいたします。

・当日開場15分前までにチケット手渡しさせて頂きます。集合時間は相談して決めますのでご安心ください。
（ご希望によっては事前郵送でも対応かのうですので事前にコメントをお願いいたしますり）
・名義数はお答えできかねます。

・公演中止以外のいかなる理由(出演者の変更、体調不良、本人確認、待ち合わせへの遅刻等)への返金対応は不可になります。

上記内容をご理解頂ける成人済みの方のみご購入をお願いいたします。",True,6r4rvfubci,2026-09-26 13:01:18,alias,2026-09-29 03:05:12,2026-09-29 01:13:18,public_detail,False,public_detail,active,"いち早枠当選名義のみのランダム配布

全てアプグレ申し込み予定ですが、落選名義のチケットをお渡しする可能性もございます。
2連で購入の方には必ず2連でチケットお...",public_detail,2026-09-29 00:24:26,True,2026-09-29 00:24:26,k8qw3X3Mpda6ZvJKsOG1,"{""isSpecified"": false, ""value"": """"}"
8tq8j4han1,,tvasahi-dream-festival-2026,2026-11-21,15:00,Kアリーナ横浜,electronic,female,同行,うどん,5.0,,,2026-09-28 01:12:50,public_alias_observed,2026-09-29 00:03:16,,,listing,2,17000,"2名義中2番手のチケットです。
2名義ともぴあ最速先行当選
すり替えなし
アプグレ申し込み予定
アプグレ当選時、当日手渡しにてアプグレ定価分頂戴いたします。
",True,q0sn9dl6r6,2026-09-26 02:01:13,alias,2026-09-29 03:05:13,2026-09-29 01:13:18,public_detail,False,public_detail,active,"2名義中2番手のチケットです。
2名義ともぴあ最速先行当選
すり替えなし
アプグレ申し込み予定
アプグレ当選時、当日手渡しにてアプグレ定価分頂戴いたします。
",public_detail,2026-09-29 00:24:28,True,2026-09-29 00:24:28,k8qw3X3Mpda6ZvJKsOG1,"{""isSpecified"": false, ""value"": """"}"
4r9ln40wpu,,tvasahi-dream-festival-2026,2026-11-21,15:00,Kアリーナ横浜,paper,female,当日手渡し,あちゃん,5.0,,番手,2026-09-28 01:12:50,public_alias_observed,2026-09-29 00:03:16,,,listing,2,25000,"3名義中2番手　全ていち早プレ当選
当日手渡し、チケット手渡し時受け取り評価お願いいたします。
アプグレ申し込み予定落選の場合のキャンセル不可。アプグレ当選した場合、アプグレ定価手数料分は当日手渡しにて頂戴いたします。
公演中止以外返金不可

チケット番号下３桁提示可

プラベル通し可能。プラベル通し多少値下げ可

※体調不良や公共交通機関の遅れなどで当日来ることが難しくなった場合でも受け取り評価をしていただきます。
集合時間は前日までにお知らせ予定です。",True,xizngw6d8j,2026-09-26 02:01:13,alias,2026-09-29 03:05:13,2026-09-29 01:13:18,public_detail,False,public_detail,active,"3名義中2番手　全ていち早プレ当選
当日手渡し、チケット手渡し時受け取り評価お願いいたします。
アプグレ申し込み予定落選の場合のキャンセル不可。アプグレ当選した...",public_detail,2026-09-29 00:24:34,True,2026-09-29 00:24:34,k8qw3X3Mpda6ZvJKsOG1,"{""isSpecified"": false, ""value"": """"}"
g3tlxj2va8,,tvasahi-dream-festival-2026,2026-11-21,15:00,Kアリーナ横浜,paper,female,当日手渡し,あちゃん,5.0,,ランダム,2026-09-28 01:12:50,public_alias_observed,2026-09-29 00:03:16,,,listing,2,15000,"ランダム配布当日手渡し　定価+手数料
アプグレ申し込み予定当選の場合は別途アプグレ料金定価+手数料を当日頂戴いたします。

公演中止以外のキャンセル、返金不可",True,yv09m4fw4g,2026-09-26 02:01:13,alias,2026-09-29 03:05:13,2026-09-29 01:13:18,public_detail,False,public_detail,active,"ランダム配布当日手渡し　定価+手数料
アプグレ申し込み予定当選の場合は別途アプグレ料金定価+手数料を当日頂戴いたします。

公演中止以外のキャンセル、返金不可",public_detail,2026-09-29 00:24:31,True,2026-09-29 00:24:31,k8qw3X3Mpda6ZvJKsOG1,"{""isSpecified"": false, ""value"": """"}"
r7u89a19au,,tvasahi-dream-festival-2026,2026-11-21,15:00,Kアリーナ横浜,paper,female,当日手渡し,な,5.0,,番手,2026-09-28 01:12:50,public_alias_observed,2026-09-29 00:03:16,,,listing,2,14500,"9名義中8番手/全名義いち早ぴあプレ枠
・全てアプグレ申し込み予定
・アプグレ当選の場合、当選席選択した場合に限りアプグレ定価分(＋0.7/枚)当日支払いお願いします。
・当日の電波障害対策、お待ち合わせを迅速に行うため、電話番号のご提示をお願いします。
・待ち合わせ等のご連絡は前日までに取引メッセージにてお知らせします。
遅刻に関してはお待ちすることなく入場しますが、受取評価はしていただきます。その際の返金は致しません。
・座席に関するクレームは一切受け付けません。
・買い手様の都合上のキャンセル、本人確認等如何なる理由があっても受取評価はして頂きます。返金対応不可です。
・日本人の方のみ購入お願いします。
・番手(すり替えなし)がご理解できる方のみご購入お願いします。
⭐️プラベ出品に変更しますのでお手数おかけしますがコメントお願いします。
・入金確認後、問い合わせ番号の下3桁掲示いたします。",True,1wgnn9opof,2026-09-26 01:01:13,alias,2026-09-29 03:05:13,2026-09-29 01:13:18,public_detail,False,public_detail,active,"9名義中8番手/全名義いち早ぴあプレ枠
・全てアプグレ申し込み予定
・アプグレ当選の場合、当選席選択した場合に限りアプグレ定価分(＋0.7/枚)当日支払いお願い...",public_detail,2026-09-29 00:24:24,True,2026-09-29 00:24:24,k8qw3X3Mpda6ZvJKsOG1,"{""isSpecified"": false, ""value"": """"}"
hal104up6u,,tvasahi-dream-festival-2026,2026-11-21,15:00,Kアリーナ横浜,paper,female,当日手渡し,な,5.0,,番手,2026-09-28 01:12:50,public_alias_observed,2026-09-29 00:03:16,,,listing,2,15000,"9名義中7番手/全名義いち早ぴあプレ枠
・全てアプグレ申し込み予定
・アプグレ当選の場合、当選席選択した場合に限りアプグレ定価分(＋0.7/枚)当日支払いお願いします。
・当日の電波障害対策、お待ち合わせを迅速に行うため、電話番号のご提示をお願いします。
・待ち合わせ等のご連絡は前日までに取引メッセージにてお知らせします。
遅刻に関してはお待ちすることなく入場しますが、受取評価はしていただきます。その際の返金は致しません。
・座席に関するクレームは一切受け付けません。
・買い手様の都合上のキャンセル、本人確認等如何なる理由があっても受取評価はして頂きます。返金対応不可です。
・日本人の方のみ購入お願いします。
・番手(すり替えなし)がご理解できる方のみご購入お願いします。
⭐️プラベ出品に変更しますのでお手数おかけしますがコメントお願いします。
・入金確認後、問い合わせ番号の下3桁掲示いたします。",True,av370811vh,2026-09-26 01:01:13,alias,2026-09-29 03:05:14,2026-09-29 01:13:18,public_detail,False,public_detail,active,"9名義中7番手/全名義いち早ぴあプレ枠
・全てアプグレ申し込み予定
・アプグレ当選の場合、当選席選択した場合に限りアプグレ定価分(＋0.7/枚)当日支払いお願い...",public_detail,2026-09-29 00:24:27,True,2026-09-29 00:24:27,k8qw3X3Mpda6ZvJKsOG1,"{""isSpecified"": false, ""value"": """"}"
d17dpe0mql,,tvasahi-dream-festival-2026,2026-11-21,15:00,Kアリーナ横浜,electronic,female,公演日3日前よりご自身で発券,A,5.0,,番手,2026-09-28 01:12:50,public_alias_observed,2026-09-29 00:03:16,,,listing,2,13500,"いち早ぴあプレ枠/4名義中4番手/すり替えなし

すべてアプグレ申し込み予定です。
当選した場合1.0上乗せして頂きます。

当日会場付近で待ち合わせし、チケット手渡しさせて頂きます。詳しい待ち合わせ時間、場所は追ってご連絡させて頂きます。分配での配布希望の方ございましたら対応致しますのでご連絡ください。

主催者側都合による公演中止のみ定価手数料等引いた額を返金させて頂きます。
それ以外の如何なる理由での返金不可です。
(主催者の変更･体調不良･交通機関の乱れ等)
",True,01yluq45wk,2026-09-26 01:01:13,alias,2026-09-29 03:05:14,2026-09-29 01:13:18,public_detail,False,public_detail,active,"いち早ぴあプレ枠/4名義中4番手/すり替えなし

すべてアプグレ申し込み予定です。
当選した場合1.0上乗せして頂きます。

当日会場付近で待ち合わせし、チケッ...",public_detail,2026-09-29 00:24:25,True,2026-09-29 00:24:25,k8qw3X3Mpda6ZvJKsOG1,"{""isSpecified"": false, ""value"": """"}"
nca3gvew9x,,tvasahi-dream-festival-2026,2026-11-21,15:00,Kアリーナ横浜,electronic,female,分配、不可の場合発券番号,かい,5.0,,,2026-09-28 01:12:50,public_alias_observed,2026-09-29 00:03:16,,,listing,2,18000,"いち早プレリザーブ当選分、重複なし
11/18 12:00〜チケットぴあ分配、もしくは発券番号をお知らせいたします。

※公演中止以外の返金、キャンセル不可",True,3kfzz8ezhq,2026-09-26 01:01:13,alias,2026-09-29 03:05:15,2026-09-29 01:13:18,public_detail,False,public_detail,active,"いち早プレリザーブ当選分、重複なし
11/18 12:00〜チケットぴあ分配、もしくは発券番号をお知らせいたします。

※公演中止以外の返金、キャンセル不可",public_detail,2026-09-29 00:24:25,True,2026-09-29 00:24:25,k8qw3X3Mpda6ZvJKsOG1,"{""isSpecified"": false, ""value"": """"}"
b63iedc5ah,,tvasahi-dream-festival-2026,2026-11-21,15:00,Kアリーナ横浜,paper,female,当日手渡し,な,5.0,,,2026-09-28 01:12:50,public_alias_observed,2026-09-29 00:03:16,,,listing,2,15000,"いち早プレリザーブ ぴあプレ枠での当選
すり替えなし

上乗せでアプグレ対応可
希望の場合は事前にメッセージお願いいたします。

アプグレ落選時、ランダムエラー、出演者変更、ご自身の体調不良等如何なる場合も返金はいたしかねます。
公演中止等公式から返金がある場合のみ返金いたします。",True,qy2ew1tsim,2026-09-26 01:01:13,alias,2026-09-29 03:05:15,2026-09-29 01:13:18,public_detail,False,public_detail,active,"いち早プレリザーブ ぴあプレ枠での当選
すり替えなし

上乗せでアプグレ対応可
希望の場合は事前にメッセージお願いいたします。

アプグレ落選時、ランダムエラー...",public_detail,2026-09-29 00:24:27,True,2026-09-29 00:24:27,k8qw3X3Mpda6ZvJKsOG1,"{""isSpecified"": false, ""value"": """"}"
8o8d5ybb9c,,tvasahi-dream-festival-2026,2026-11-21,15:00,Kアリーナ横浜,paper,female,当日手渡し,な,5.0,,番手,2026-09-28 01:12:50,public_alias_observed,2026-09-29 00:03:16,,,listing,1,18000,"9名義中4番手(2連中の1枚)/全名義いち早ぴあプレ枠
・全てアプグレ申し込み予定
・アプグレ当選の場合、当選席選択した場合に限りアプグレ定価分(＋0.7/枚)当日支払いお願いします。
・当日の電波障害対策、お待ち合わせを迅速に行うため、電話番号のご提示をお願いします。
・待ち合わせ等のご連絡は前日までに取引メッセージにてお知らせします。
遅刻に関してはお待ちすることなく入場しますが、受取評価はしていただきます。その際の返金は致しません。
・座席に関するクレームは一切受け付けません。
・買い手様の都合上のキャンセル、本人確認等如何なる理由があっても受取評価はして頂きます。返金対応不可です。
・日本人の方のみ購入お願いします。
・番手(すり替えなし)がご理解できる方のみご購入お願いします。
⭐️プラベ出品に変更しますのでお手数おかけしますがコメントお願いします。
・入金確認後、問い合わせ番号の下3桁掲示いたします。",True,gq1qyc2mm6,2026-09-26 01:01:13,alias,2026-09-29 03:05:16,2026-09-29 01:13:18,public_detail,False,public_detail,active,"9名義中4番手(2連中の1枚)/全名義いち早ぴあプレ枠
・全てアプグレ申し込み予定
・アプグレ当選の場合、当選席選択した場合に限りアプグレ定価分(＋0.7/枚)...",public_detail,2026-09-29 00:24:26,True,2026-09-29 00:24:26,k8qw3X3Mpda6ZvJKsOG1,"{""isSpecified"": false, ""value"": """"}"
bgh0q39u3g,,tvasahi-dream-festival-2026,2026-11-21,15:00,Kアリーナ横浜,paper,female,当日手渡し,💫,5.0,,番手,2026-09-28 01:12:50,public_alias_observed,2026-09-29 00:03:16,,,listing,2,20000,"7名義中4番手/いち早プレ枠/すり替えなし
全名義アプグレ申込予定
アプグレ落選後のキャンセル不可
アプグレ当選時は定価分＋0.7当日手渡し

当日会場付近にて紙チケお渡し後ご自身で入場していただく形式、又は座席確認後チケットをお渡しする形式になります。
公演中止等公式から返金がない限り、ランダムエラー、体調不良、出演者の変更等如何なる場合も返金及びキャンセルはいたしかねます。",True,h9k68xixuu,2026-09-26 02:01:13,alias,2026-09-29 03:05:16,2026-09-29 01:13:18,public_detail,False,public_detail,active,"7名義中4番手/いち早プレ枠/すり替えなし
全名義アプグレ申込予定
アプグレ落選後のキャンセル不可
アプグレ当選時は定価分＋0.7当日手渡し

当日会場付近にて...",public_detail,2026-09-29 00:24:29,True,2026-09-29 00:24:29,k8qw3X3Mpda6ZvJKsOG1,"{""isSpecified"": false, ""value"": """"}"
dolmbm29fk,,tvasahi-dream-festival-2026,2026-11-21,15:00,Kアリーナ横浜,electronic,female,当日手渡し,A,5.0,,番手,2026-09-28 01:12:50,public_alias_observed,2026-09-29 00:03:16,,,listing,2,13500,"いち早ぴあプレ枠/4名義中4番手/すり替えなし

すべてアプグレ申し込み予定です。
当選した場合1.0上乗せして頂きます。

当日会場付近で待ち合わせし、チケット手渡しさせて頂きます。詳しい待ち合わせ時間、場所は追ってご連絡させて頂きます。分配での配布希望の方ございましたら対応致しますのでご連絡ください。

主催者側都合による公演中止のみ定価手数料等引いた額を返金させて頂きます。
それ以外の如何なる理由での返金不可です。
(主催者の変更･体調不良･交通機関の乱れ等)
",True,tn5junbp8j,2026-09-26 01:01:13,alias,2026-09-29 03:05:16,2026-09-29 01:13:18,public_detail,False,public_detail,active,"いち早ぴあプレ枠/4名義中4番手/すり替えなし

すべてアプグレ申し込み予定です。
当選した場合1.0上乗せして頂きます。

当日会場付近で待ち合わせし、チケッ...",public_detail,2026-09-29 00:24:24,True,2026-09-29 00:24:24,k8qw3X3Mpda6ZvJKsOG1,"{""isSpecified"": false, ""value"": """"}"
j5tvx53e2e,,tvasahi-dream-festival-2026,2026-11-21,15:00,Kアリーナ横浜,paper,female,当日手渡し,な,5.0,,番手,2026-09-28 01:12:50,public_alias_observed,2026-09-29 00:03:16,,,listing,2,37000,"⭐️8名義中2(3)番手
即5.0/いち早ぴあプレ /すり替えなし
1部サイト通しに変更可
全名義アプグレ申込予定
アプグレ落選後のキャンセル不可
全名義落選又は1名義のみ当選の場合は3番手のお譲り
アプグレ当選時は＋0.7のお支払い

当日会場付近にて紙チケお渡し後ご自身で入場していただく形式、又は座席確認後チケットをお渡しする形式になります。

公演中止等公式から返金がない限り、ランダムエラー、体調不良、出演者の変更等如何なる場合も返金及びキャンセルはいたしかねます。
日本語で問題なくやり取りのできる成人女性のみご購入お願いいたします。",True,aahjnegc7j,2026-09-26 02:01:13,alias,2026-09-29 03:05:17,2026-09-29 01:13:18,public_detail,False,public_detail,active,"⭐️8名義中2(3)番手
即5.0/いち早ぴあプレ /すり替えなし
1部サイト通しに変更可
全名義アプグレ申込予定
アプグレ落選後のキャンセル不可
全名義落選又...",public_detail,2026-09-29 00:24:30,True,2026-09-29 00:24:30,k8qw3X3Mpda6ZvJKsOG1,"{""isSpecified"": false, ""value"": """"}"
91oi6bg2v7,,tvasahi-dream-festival-2026,2026-11-21,15:00,Kアリーナ横浜,electronic,female,当日手渡し,な,5.0,,,2026-09-28 01:12:50,public_alias_observed,2026-09-29 00:03:16,,,listing,2,14700,"いち早プレリザーブ ぴあプレ枠
すり替えなしランダム(上乗せで番手への変更可)

全名義アプグレ申込予定
アプグレ当選時:追加で定価手数料お支払い


公演中止以外如何なる場合も返金はいたしかねます。(アプグレ落選時、ランダムエラー、出演者変更、買い手様都合のキャンセル等)",True,x3n9tuwp9x,2026-09-26 01:01:13,alias,2026-09-29 03:05:17,2026-09-29 01:13:18,public_detail,False,public_detail,active,"いち早プレリザーブ ぴあプレ枠
すり替えなしランダム(上乗せで番手への変更可)

全名義アプグレ申込予定
アプグレ当選時:追加で定価手数料お支払い


公演中止...",public_detail,2026-09-29 00:24:32,True,2026-09-29 00:24:32,k8qw3X3Mpda6ZvJKsOG1,"{""isSpecified"": false, ""value"": """"}"
d31ilm10o2,,tvasahi-dream-festival-2026,2026-11-21,15:00,Kアリーナ横浜,paper,female,当日手渡し,y♡,5.0,,番手,2026-09-28 01:12:50,public_alias_observed,2026-09-28 13:03:15,,,deleted,3,15000,"いち早プレリザーブ　ぴあプレ枠
2名義中2番手　本人確認対応可

・アプグレ申し込み予定です。
・アプグレ当選時、アプグレ定価分当日頂戴いたします。
・公演当日に、会場付近にて待ち合わせしチケット手渡しいたします。
・同時入場をお願いし、座席確認のため少々お待ちいただく場合もございます。
・当日のお待ち合わせを迅速に行うため、事前に電話番号をお伺いする可能性があります。
・プラベル通し可能な方優先させていただきます。
・公演中止以外のいかなる理由(出演者の変更、体調不良、待ち合わせへの遅刻等)での返金対応不可です。

上記内容をご理解いただける成人済の日本人の方のみご購入をお願いいたします。",True,d31ilm10o2,2026-09-26 01:01:13,deleted_confirmed,2026-09-28 13:03:15,2026-09-28 13:03:15,public_detail,False,public_detail,cancelled,"いち早プレリザーブ　ぴあプレ枠
2名義中2番手　本人確認対応可

・アプグレ申し込み予定です。
・アプグレ当選時、アプグレ定価分当日頂戴いたします。
・公演当日...",public_detail,2026-09-28 13:03:15,True,2026-09-28 13:03:15,k8qw3X3Mpda6ZvJKsOG1,"{""isSpecified"": false, ""value"": """"}"
1bx43m2bj0,,tvasahi-dream-festival-2026,2026-11-21,15:00,Kアリーナ横浜,electronic,female,公演3日前,ゆ,5.0,,番手,2026-09-28 01:12:50,public_alias_observed,2026-09-29 00:03:16,,,listing,2,18000,"ぴあ最速先行/3名義中2番手/すり替えなし

アップグレード料金も込みです。

公演中止を除き、出演者の変更・遅刻・交通機関の遅延等、如何なる場合も返金いたしかねます。予めご了承ください。

取引初心者の方でも丁寧に対応いたしますので、お気軽にご購入下さい。",True,h2exokclzk,2026-09-26 02:01:13,alias,2026-09-29 03:05:17,2026-09-29 01:13:18,public_detail,False,public_detail,active,"ぴあ最速先行/3名義中2番手/すり替えなし

アップグレード料金も込みです。

公演中止を除き、出演者の変更・遅刻・交通機関の遅延等、如何なる場合も返金いたしか...",public_detail,2026-09-29 00:24:33,True,2026-09-29 00:24:33,k8qw3X3Mpda6ZvJKsOG1,"{""isSpecified"": false, ""value"": """"}"
bgz16gfj65,,tvasahi-dream-festival-2026,2026-11-21,15:00,Kアリーナ横浜,paper,female,手渡し,みょ,5.0,,同行,2026-09-28 01:12:50,public_alias_observed,2026-09-29 00:03:16,,,listing,3,40000,"⭐️ぴあプレで当選（アプグレ予定）⭐️

・正門担×
・4連中3枚のお譲り（バラ可能）

・当日当方と合流後に受け取り評価をしていただきます。
・体調不良や公共交通機関の遅れなどで当日来ることが難しくなった場合でも受け取り評価をしていただきます。
・集合時間は前日までにお知らせ予定です。
・集合時間から30分以上の遅れはチケ代とは別途1.0いただきます。
・サイチェンや時間貸しでの譲りは可能ですが、黒服に目立たないようにお願いします。
",True,2tbu72q4b2,2026-09-26 01:01:13,alias,2026-09-29 03:05:18,2026-09-29 01:13:18,public_detail,False,public_detail,active,"⭐️ぴあプレで当選（アプグレ予定）⭐️

・正門担×
・4連中3枚のお譲り（バラ可能）

・当日当方と合流後に受け取り評価をしていただきます。
・体調不良や公共...",public_detail,2026-09-29 00:24:30,True,2026-09-29 00:24:30,k8qw3X3Mpda6ZvJKsOG1,"{""isSpecified"": false, ""value"": """"}"
249wnczwni,,tvasahi-dream-festival-2026,2026-11-21,15:00,Kアリーナ横浜,paper,female,当日手渡し,🦋,5.0,,ランダム,2026-09-28 01:12:50,public_alias_observed,2026-09-29 00:03:16,,,listing,2,11800,"いち早枠当選名義のみのランダム配布

全てアプグレ申し込み予定ですが、落選名義のチケットをお渡しする可能性もございます。
2連で購入の方には必ず2連でチケットお渡しいたします。

・当日開場15分前までのお待ち合せでチケット手渡しさせて頂きます。当日開場時間15分前までであれば待ち合わせ時間変更は柔軟に対応させて頂きます。前日までにご相談ください。
※前日にURLにて分配になる可能性もございます。その場合はご自身で発券をお願いいたします。
・名義数は増える可能性もある為お答えできかねます。ご了承ください。

・公演中止以外のいかなる理由(出演者の変更、体調不良、本人確認、待ち合わせへの遅刻等)への返金対応は不可になります。

上記内容をご理解頂ける成人済みの方のみご購入をお願いいたします。",True,me0gganf2h,2026-09-26 02:01:13,alias,2026-09-29 03:05:18,2026-09-29 01:13:18,public_detail,False,public_detail,active,"いち早枠当選名義のみのランダム配布

全てアプグレ申し込み予定ですが、落選名義のチケットをお渡しする可能性もございます。
2連で購入の方には必ず2連でチケットお...",public_detail,2026-09-29 00:24:33,True,2026-09-29 00:24:33,k8qw3X3Mpda6ZvJKsOG1,"{""isSpecified"": false, ""value"": """"}"
t08cv7afrd,,tvasahi-dream-festival-2026,2026-11-22,15:00,Kアリーナ横浜,paper,female,当日手渡し,linlang0323,5.0,,,2026-09-28 01:12:50,public_alias_observed,2026-09-29 00:03:16,,,listing,2,14900,"オフィシャル2次 アプグレ申し込み予定
2番手
公演中止以外のいかなる場合も返金不可",True,lnbp2yhcsz,2026-09-26 01:01:13,alias,2026-09-29 03:05:19,2026-09-29 01:13:18,public_detail,False,public_detail,active,"オフィシャル2次 アプグレ申し込み予定
2番手
公演中止以外のいかなる場合も返金不可",public_detail,2026-09-29 00:24:30,True,2026-09-29 00:24:30,k8qw3X3Mpda6ZvJKsOG1,"{""isSpecified"": false, ""value"": """"}"
yflfbq7p1c,,tvasahi-dream-festival-2026,2026-11-22,15:00,Kアリーナ横浜,paper,female,事前都内手渡し、または公演3日前までに郵送,み,5.0,,,2026-09-28 01:12:50,public_alias_observed,2026-09-29 00:03:16,,,listing,2,30000,"・発券開始日の11/18(水)12:00〜以降にチケットをお譲りします。

・手渡しの場合、待ち合わせ日時・場所の決定後は時間厳守でお願いします。

・1枚購入の場合は、先にご購入した方に座席選択権がございます。予めご了承ください。

・アプグレ申込予定です。アプグレ当選時の上乗せは不要です。

・チケット受け取り後は速やかに受け取り評価をお願いします。

・時間貸し、盗撮・盗聴などの名義を傷つけるような行為はお控えください。

・値下げ依頼はコメントからお願いいたします。

【注意事項】
・主催者都合によって公演が中止となった場合のみ、チケットをご返却いただき次第、手数料を差し引いた金額を返金いたします。

・その他いかなる理由（本人確認・出演者変更・遅刻・体調不良・交通機関の遅延など）でもキャンセル・返金はできかねます。

・アプグレの当落結果、座席に関するクレームは受け付けておりません。

・代理購入は不可。ご本人様のみ入場をお願いします。

・日本語が読める成人女性の方のみ購入をお願いしています。

・ご購入いただいた時点で上記内容すべてにご同意いただいたとみなします。ご理解いただける方のみご購入をお願いいたします。",True,6wwbfmfv4n,2026-09-26 02:01:13,alias,2026-09-29 03:05:19,2026-09-29 01:13:18,public_detail,False,public_detail,active,"・発券開始日の11/18(水)12:00〜以降にチケットをお譲りします。

・手渡しの場合、待ち合わせ日時・場所の決定後は時間厳守でお願いします。

・1枚購入...",public_detail,2026-09-29 00:24:31,True,2026-09-29 00:24:31,k8qw3X3Mpda6ZvJKsOG1,"{""isSpecified"": true, ""value"": ""\u3044\u3061\u65e9\u30d7\u30ec\u30ea\u30b6\u30fc\u30d6(\u3074\u3042NICOS\u30ab\u30fc\u30c9\u9650\u5b9a)/\u91cd\u8907\u3059\u308a\u66ff\u3048\u306a\u3057/\u767a\u5238\u524d\u306e\u305f\u3081\u672a\u5b9a""}"
sbpzkfclt8,,tvasahi-dream-festival-2026,2026-11-22,15:00,Kアリーナ横浜,paper,female,郵送,R,5.0,,,2026-09-28 01:12:50,public_alias_observed,2026-09-29 00:03:16,,,listing,2,23000,"アプグレ申し込み可能
ぴあカード最速先行当選
いかなる場合もキャンセル返金不可",True,wmhmudq7q6,2026-09-26 02:01:13,alias,2026-09-29 03:05:20,2026-09-29 01:13:18,public_detail,False,public_detail,active,"アプグレ申し込み可能
ぴあカード最速先行当選
いかなる場合もキャンセル返金不可",public_detail,2026-09-29 00:24:32,True,2026-09-29 00:24:32,k8qw3X3Mpda6ZvJKsOG1,"{""isSpecified"": false, ""value"": """"}"
3uqegn9dzo,,tvasahi-dream-festival-2026,2026-11-22,15:00,Kアリーナ横浜,paper,female,当日手渡し,み,5.0,,番手,2026-09-28 01:12:50,public_alias_observed,2026-09-29 00:03:16,,,listing,4,15000,"オフィシャル2次先行
2名義中2番手
アプグレ申し込み予定
(アプグレ当選時代金上乗せ)

当日は会場周辺に指定時間にお集まりいただきチケットをお渡しいたします。
チケット受け取り次第受け取り通知をお願い致します。座席へのクレームは一切お受け致しません。

詳しい集合場所、時間は公演が近くなりましたら連絡ボードにてご連絡させていただきます。また、当日電波の関係で連絡が難しくなることを考慮し、事前に当日連絡の取れる電話番号をお聞きすることもあります。また、トラブル防止のため日本人の方のみご購入をお願い致します。公演中止の際は返金対応させていただきますが、公演中止以外の理由(体調不良、エラー等)での返金は対応致しかねますのでご了承ください。

上記条件をご了承いただける方のご購入お待ちしております。",True,gdwrycf51w,2026-09-26 01:01:13,alias,2026-09-29 03:05:20,2026-09-29 01:13:18,public_detail,False,public_detail,active,"オフィシャル2次先行
2名義中2番手
アプグレ申し込み予定
(アプグレ当選時代金上乗せ)

当日は会場周辺に指定時間にお集まりいただきチケットをお渡しいたします...",public_detail,2026-09-29 00:24:29,True,2026-09-29 00:24:29,k8qw3X3Mpda6ZvJKsOG1,"{""isSpecified"": false, ""value"": """"}"
nwf97rfxdo,,tvasahi-dream-festival-2026,2026-11-22,15:00,Kアリーナ横浜,paper,female,当日手渡し,S,5.0,,,2026-09-28 01:12:50,public_alias_observed,2026-09-29 00:03:16,,,listing,2,25000,"いち早ぴあプレ枠にて当選
アプグレ申し込み可　
アプグレ当選時差額を当日チケットと引き換えに現金にてお渡し下さい
アプグレ落選時のキャンセルや返金不可

出演者の変更、本人確認によるランダムエラー、アプグレ落選など、公演中止以外のいかなる理由でもキャンセル・返金不可
公演中止の場合のみ手数料を引いた金額を返金いたします",True,52r5d0h26u,2026-09-26 01:01:13,alias,2026-09-29 03:05:20,2026-09-29 01:13:18,public_detail,False,public_detail,active,"いち早ぴあプレ枠にて当選
アプグレ申し込み可　
アプグレ当選時差額を当日チケットと引き換えに現金にてお渡し下さい
アプグレ落選時のキャンセルや返金不可

出演者...",public_detail,2026-09-29 00:24:28,True,2026-09-29 00:24:28,k8qw3X3Mpda6ZvJKsOG1,"{""isSpecified"": false, ""value"": """"}"
oum9xfsyvm,,tvasahi-dream-festival-2026,2026-11-23,15:00,Kアリーナ横浜,paper,female,当日手渡し,777,5.0,,番手,2026-09-28 01:12:50,public_alias_observed,2026-09-29 00:03:16,,,listing,1,32500,"ぴあいち早プレリザーブにて当選
2名義中2番手 
※アプグレご希望の方は当選時に差額のお支払いをお願いいたします。

・座席はお選びいただけませんのでご了承ください。
・当日こちらの指定する時間に集合して頂きます。
・公演中止以外のいかなる理由であっても返金は致しかねますのでお願いいたします。

上記ご理解頂ける方のみご購入をお願いいたします。",True,kq795c1tdc,2026-09-26 02:01:13,alias,2026-09-29 03:05:21,2026-09-29 01:13:18,public_detail,False,public_detail,active,"ぴあいち早プレリザーブにて当選
2名義中2番手 
※アプグレご希望の方は当選時に差額のお支払いをお願いいたします。

・座席はお選びいただけませんのでご了承くだ...",public_detail,2026-09-29 00:24:31,True,2026-09-29 00:24:31,k8qw3X3Mpda6ZvJKsOG1,"{""isSpecified"": false, ""value"": """"}"
sfrxia3983,,xmf-2026,2026-10-04,11:30,パラダイスシティ（カルチャーパーク）,paper,female,当日手渡し,s_n_313_,5.0,,,2026-09-28 01:12:52,scrape_observed,2026-09-28 01:12:52,,,listing,2,7000,"本人確認のため同時入場→入場後解散
単番希望の方はメッセージにてご相談ください。",True,sfrxia3983,2026-09-28 01:12:52,inactive,2026-09-28 02:09:12,,public_detail,False,public_detail,inactive,"本人確認のため同時入場→入場後解散
単番希望の方はメッセージにてご相談ください。",public_detail,2026-09-28 02:09:12,True,2026-09-28 02:09:12,ZF3nXbQLYRYSCKZOQwGp,"{""isSpecified"": false, ""value"": """"}"
6tsr0knulw,,tvasahi-dream-festival-2026,2026-11-23,15:00,Kアリーナ横浜,paper,female,公演日7日前までに郵送,ちぇ,5.0,,番手,2026-09-28 02:13:26,public_alias_observed,2026-09-28 02:13:26,,,listing,4,0,"オフィシャル最速先行　2名義中2番手
公演中止の場合　手数料を差引いた金額を返金致します。中止以外の返金不可。

11月18日紙チケ発券後レターパックプラス又はライトにて発送致します。受け取り次第評価の方をお願いします。",True,ereu793r9g,2026-09-26 02:01:13,alias,2026-09-29 03:05:23,2026-09-27 09:48:30,public_detail,True,on_request,inactive,,public_detail,2026-09-29 00:03:16,True,2026-09-29 00:03:16,k8qw3X3Mpda6ZvJKsOG1,"{""isSpecified"": false, ""value"": """"}"
o6jdaccwrx,,tvasahi-dream-festival-2026,2026-11-21,15:00,Kアリーナ横浜,paper,none,当日手渡し,ぽぽ,5.0,,番手,2026-09-28 02:13:26,public_alias_observed,2026-09-28 02:13:26,,,listing,2,25000,"4名義中2番手
プラベル変更可能な方お値下げいたします
アプグレ当選0.7/枚上乗せ可能な方(当日現金手渡し)
本人確認対応不可
公演中止以外いかなる場合も返金不可(公演中止のみ手数料引いた金額を返金いたします)

ご質問等お気軽にお声がけ下さい",True,n67nh0raba,2026-09-26 01:01:13,alias,2026-09-29 03:05:24,2026-09-27 09:48:30,public_detail,False,public_detail,inactive,,public_detail,2026-09-29 00:03:16,True,2026-09-29 00:03:16,k8qw3X3Mpda6ZvJKsOG1,"{""isSpecified"": false, ""value"": """"}"
zlytmo5ruo,,tvasahi-dream-festival-2026,2026-11-21,15:00,Kアリーナ横浜,paper,none,手渡し,ぽぽ,5.0,,番手 / ランダム / QR,2026-09-28 02:13:26,public_alias_observed,2026-09-28 02:13:26,,,listing,2,15000,"少人数すり替えなしランダム

手持ち名義全てアプグレ申し込み
アプグレ当選チケットお渡しの場合は0.7/枚上乗せ",True,k96a2rd5b3,2026-09-26 02:01:13,alias,2026-09-29 03:05:24,2026-09-27 09:48:30,public_detail,False,public_detail,inactive,,public_detail,2026-09-29 00:03:17,True,2026-09-29 00:03:17,k8qw3X3Mpda6ZvJKsOG1,"{""isSpecified"": false, ""value"": """"}"
usx2tdcvxa,,kamigata-expo-park-fes-2026,2026-10-31,,[大阪府] 万博記念公園,electronic,female,公演日前日にログイン情報共有,Ｎ,5.0,,QR,2026-09-28 04:02:51,scrape_observed,2026-09-29 00:03:13,,,listing,2,40000,"WEST.名義初期当選
入場後速やかに受取連絡・ログアウトお願いします
座席に関してクレームは受け付けません
郵送物戻り・過去ランダムエラー等無し
ランダムエラー等対応不可
ランダムエラー等入場出来なかった際も受取連絡お願いします
購入後のキャンセル不可
ご不明な点は申請前にコメントお願いします",True,pahoma4zlf,2026-09-28 04:02:51,alias,2026-09-29 01:09:53,2026-09-29 01:13:15,public_detail,False,public_detail,active,"WEST.名義初期当選
入場後速やかに受取連絡・ログアウトお願いします
座席に関してクレームは受け付けません
郵送物戻り・過去ランダムエラー等無し
ランダムエラ...",public_detail,2026-09-29 00:14:52,True,2026-09-29 00:14:52,1Cl2VvDmJVZqGnDqCyq0,"{""isSpecified"": false, ""value"": """"}"
18au9j61uq,,tvasahi-dream-festival-2026,2026-11-23,15:00,Kアリーナ横浜,paper,female,当日手渡し又は郵送,A,5.0,,,2026-09-28 04:02:53,scrape_observed,2026-09-29 00:03:16,,,listing,1,20000,アプグレ不可。当日手渡し又は郵送いたします。（購入者様に選択権はございません。）本人確認対応不可。中止の場合のみ返金。チケット受け取りの際に座席のご確認お願い致します。催促される方のご購入ご遠慮ください。,True,ktgy5kzu2w,2026-09-28 04:02:53,alias,2026-09-29 03:05:22,2026-09-29 01:13:18,public_detail,False,public_detail,active,アプグレ不可。当日手渡し又は郵送いたします。（購入者様に選択権はございません。）本人確認対応不可。中止の場合のみ返金。チケット受け取りの際に座席のご確認お願い致...,public_detail,2026-09-29 00:24:22,True,2026-09-29 00:24:22,k8qw3X3Mpda6ZvJKsOG1,"{""isSpecified"": false, ""value"": """"}"
1smkee2vhe,,kamigata-expo-park-fes-2026,2026-11-01,,[大阪府] 万博記念公園,electronic,female,前日にログイン情報共有,S,5.0,,QR,2026-09-28 05:03:01,scrape_observed,2026-09-29 00:03:13,,,listing,1,30000,"初期当選/有効期限内/下3提示可/すり替え·重複なし/代表者同意チェック可/QR毎

公演中止以外の返金不可",True,deabm5xl17,2026-09-28 05:03:01,alias,2026-09-29 01:09:53,2026-09-29 01:13:15,public_detail,False,public_detail,active,"初期当選/有効期限内/下3提示可/すり替え·重複なし/代表者同意チェック可/QR毎

公演中止以外の返金不可",public_detail,2026-09-29 00:14:53,True,2026-09-29 00:14:53,1Cl2VvDmJVZqGnDqCyq0,"{""isSpecified"": false, ""value"": """"}"
hb5nlonmzm,,kamigata-expo-park-fes-2026,2026-11-01,,[大阪府] 万博記念公園,electronic,female,公演日7日前までにQRコード共有,yunaka,5.0,,,2026-09-28 08:03:08,scrape_observed,2026-09-29 00:03:13,,,listing,2,16000,,True,prbwgbf2dn,2026-09-28 08:03:08,alias,2026-09-29 01:09:54,2026-09-29 01:13:15,public_detail,False,public_detail,active,,public_detail,2026-09-29 00:14:46,True,2026-09-29 00:14:46,1Cl2VvDmJVZqGnDqCyq0,"{""isSpecified"": false, ""value"": """"}"
bu9nwpszql,,tvasahi-dream-festival-2026,2026-11-23,15:00,Kアリーナ横浜,electronic,female,入金後24時間以内にQRコード共有,いと,5.0,,,2026-09-28 08:03:10,scrape_observed,2026-09-29 00:03:16,,,listing,2,9000,,True,fgo7n1r83t,2026-09-28 08:03:10,alias,2026-09-29 03:05:21,2026-09-29 01:13:18,public_detail,False,public_detail,active,,public_detail,2026-09-29 00:24:27,True,2026-09-29 00:24:27,k8qw3X3Mpda6ZvJKsOG1,"{""isSpecified"": false, ""value"": """"}"
6tjt8zj5fx,,kamigata-expo-park-fes-2026,2026-10-31,,[大阪府] 万博記念公園,electronic,female,公演日前日にQRコード共有,A,5.0,,QR,2026-09-28 11:03:01,scrape_observed,2026-09-29 00:03:13,,,listing,2,20000,"QR毎/すり替えなし/下3桁提示可/初期当選/アンビ名義/有効期限内/変更ボタン有/過去エラー無し

同行者の同意チェックは当方でさせていただきます。代表者分の同意チェックは買い手様でお願いいたします。

入場と同時に、チケテンの入場報告をお願いいたします。また、入場後速やかにfcログアウトのスクショ送付をお願いいたします。

出演者変更、ランダムエラー、本人確認、交通機関の遅れ等含むいかなる場合でも返金、キャンセルなどの対応はいたしません。公演自体の中止の場合のみ、手数料を差し引いた金額を返金させて頂きます。

購入された方は以上の項目全てに同意されたと見なします。
",True,8x8m0eff4i,2026-09-28 11:03:01,alias,2026-09-29 01:09:54,2026-09-29 01:13:15,public_detail,False,public_detail,active,"QR毎/すり替えなし/下3桁提示可/初期当選/アンビ名義/有効期限内/変更ボタン有/過去エラー無し

同行者の同意チェックは当方でさせていただきます。代表者分の...",public_detail,2026-09-29 00:14:50,True,2026-09-29 00:14:50,1Cl2VvDmJVZqGnDqCyq0,"{""isSpecified"": false, ""value"": """"}"
cnrzgls257,,kamigata-expo-park-fes-2026,2026-11-01,,[大阪府] 万博記念公園,electronic,female,公演前日までにログイン情報共有,きなこ,5.0,,QR,2026-09-28 12:03:16,scrape_observed,2026-09-29 00:03:13,,,listing,2,35000,"QRごと/該当名義/重複すり替え無し/下3桁提示可/有効期限内/なにわ男子名義

公演中止の際のみ規約に従い返金対応いたします。ランダムエラー、本人確認、体調不良、買い手様ご都合で入場が遅れた場合や、その他いかなる場合もキャンセルを含む一切の返金対応不可です。ご了承のうえご購入ください。
",True,llg4ujz351,2026-09-28 12:03:16,alias,2026-09-29 01:09:55,2026-09-29 01:13:15,public_detail,False,public_detail,active,"QRごと/該当名義/重複すり替え無し/下3桁提示可/有効期限内/なにわ男子名義

公演中止の際のみ規約に従い返金対応いたします。ランダムエラー、本人確認、体調不...",public_detail,2026-09-29 00:14:47,True,2026-09-29 00:14:47,1Cl2VvDmJVZqGnDqCyq0,"{""isSpecified"": false, ""value"": """"}"
8gz7hsrf6l,,tvasahi-dream-festival-2026,2026-11-23,15:00,Kアリーナ横浜,paper,none,当日手渡し,ぴよ,5.0,,番手,2026-09-28 12:03:19,scrape_observed,2026-09-29 00:03:16,,,listing,3,0,"4名義中4番手 3連(バラ売り🉑)

チケットぴあ いち早プレリザーブ当選
全名義でアップグレード申し込み予定

チケットは①cloakにて分配または②当方で発券し当日手渡しのいずれかでお渡しいたします。(未定)


【注意事項】
※下記お読みいただき、ご理解いただける方のみご購入をお願いいたします。

・公演中止以外の理由（当日手渡しの場合の遅刻/体調不良/交通機関の乱れ/連絡がつかない等）、買い手様都合でのキャンセルや返金はできかねます。いかなる理由でも受け取り通知をしていただきますので、予めご了承ください。
・座席に関するクレームはお受け出来ません。
・公演中止の場合は規約に従い、取引キャンセル料と諸手数料を差し引いた金額を返金いたします。
・トラブル防止の為、未成年の方・日本人以外の方は購入をお控えください。

ご質問等ございましたらお気軽にご連絡ください。",True,u8c46o9tkb,2026-09-28 12:03:19,alias,2026-09-29 03:05:22,2026-09-29 01:13:18,public_detail,True,on_request,active,"4名義中4番手 3連(バラ売り🉑)

チケットぴあ いち早プレリザーブ当選
全名義でアップグレード申し込み予定

チケットは①cloakにて分配または②当方で...",public_detail,2026-09-29 00:24:23,True,2026-09-29 00:24:23,k8qw3X3Mpda6ZvJKsOG1,"{""isSpecified"": false, ""value"": """"}"
0e591412mm,,kamigata-expo-park-fes-2026,2026-10-31,,[大阪府] 万博記念公園,electronic,female,同行,🌟,5.0,,,2026-09-28 13:03:12,scrape_observed,2026-09-29 00:03:13,,,listing,2,35000,"3名義中2番手・初期当選・該当×該当(WEST含まず)のみ・過去エラー郵送物戻りなし

・公演前日に集合時間・場所等を連絡します。(8:30入場予定)
・入場後チケットを回収し、選択後にチケットをお渡しします。
・体調不良、交通機関の乱れ、出演者の変更等、取引成立後いかなる場合も買い手様都合でのキャンセルは対応いたしません。
・座席に関するクレーム等一切対応いたしません。
・ランダムエラー、本人確認などによる返金対応は一切行いません。
・公式による公演中止の場合のみ手数料を差し引いた金額を返金します。",True,deyuyslto3,2026-09-28 13:03:12,alias,2026-09-29 01:09:55,2026-09-29 01:13:15,public_detail,False,public_detail,active,"3名義中2番手・初期当選・該当×該当(WEST含まず)のみ・過去エラー郵送物戻りなし

・公演前日に集合時間・場所等を連絡します。(8:30入場予定)
・入場後...",public_detail,2026-09-29 00:14:50,True,2026-09-29 00:14:50,1Cl2VvDmJVZqGnDqCyq0,"{""isSpecified"": false, ""value"": """"}"
6b5dv9t4vd,,kamigata-expo-park-fes-2026,2026-10-31,,[大阪府] 万博記念公園,electronic,female,同行,🌟,5.0,,,2026-09-28 13:03:12,scrape_observed,2026-09-29 00:03:13,,,listing,2,25000,"3名義中3番手・初期当選・該当×該当(WEST含まず)のみ・過去エラー郵送物戻りなし

・公演前日に集合時間・場所等を連絡します。(8:30入場予定)
・入場後チケットを回収し、選択後にチケットをお渡しします。
・体調不良、交通機関の乱れ、出演者の変更等、取引成立後いかなる場合も買い手様都合でのキャンセルは対応いたしません。
・座席に関するクレーム等一切対応いたしません。
・ランダムエラー、本人確認などによる返金対応は一切行いません。
・公式による公演中止の場合のみ手数料を差し引いた金額を返金します。",True,ks9b8vawv1,2026-09-28 13:03:12,alias,2026-09-29 01:09:56,2026-09-29 01:13:15,public_detail,False,public_detail,active,"3名義中3番手・初期当選・該当×該当(WEST含まず)のみ・過去エラー郵送物戻りなし

・公演前日に集合時間・場所等を連絡します。(8:30入場予定)
・入場後...",public_detail,2026-09-29 00:14:48,True,2026-09-29 00:14:48,1Cl2VvDmJVZqGnDqCyq0,"{""isSpecified"": false, ""value"": """"}"
ou7lof1alm,,kamigata-expo-park-fes-2026,2026-10-31,,[大阪府] 万博記念公園,electronic,female,同行,ま,5.0,,同行,2026-09-28 15:03:14,scrape_observed,2026-09-29 00:03:13,,,listing,1,30000,"Aぇ名義/初期当選/重複すり替えなし同行/下3桁提示可/有効期限内

・公演当日、会場付近にて待ち合わせし、同時入場していただきます。時間厳守でお願いします。
・入場後、速やかに受取連絡をお願いします。
・座席に関するクレームは受付不可。
・公演中止の場合のみ、手数料を差し引いた金額を返金します。それ以外の理由(遅刻、体調不良、エラー等)ではいかなる場合も買い手様都合でのキャンセルや返金対応は一切受付不可、必ず受取連絡をしていただきます。
・トラブル防止のため代理購入不可。
・以上について全てご理解いただき、スムーズに連絡のとれる20歳以上の日本人女性のみご購入いただきますようお願いします。",True,sg1iztryn2,2026-09-28 15:03:14,alias,2026-09-29 01:09:56,2026-09-29 01:13:15,public_detail,False,public_detail,active,"Aぇ名義/初期当選/重複すり替えなし同行/下3桁提示可/有効期限内

・公演当日、会場付近にて待ち合わせし、同時入場していただきます。時間厳守でお願いします。...",public_detail,2026-09-29 00:14:48,True,2026-09-29 00:14:48,1Cl2VvDmJVZqGnDqCyq0,"{""isSpecified"": false, ""value"": """"}"
81huqynigm,,tvasahi-dream-festival-2026,2026-11-21,15:00,Kアリーナ横浜,pickup_number,female,チケット分配,けい,5.0,,,2026-09-28 15:03:17,scrape_observed,2026-09-29 00:03:16,,,listing,4,23000,"いち早プレリザーブ ぴあプレ枠での当選
すり替えなし
1番手でのお譲りです。

上乗せでアプグレ対応可１枚+0.7にて
希望の場合は事前にメッセージお願いいたします。

アプグレ落選時、ランダムエラー、出演者変更、ご自身の体調不良等如何なる場合も返金はいたしかねます。
公演中止等公式から返金がある場合のみ返金いたします。

質問ある方はご気軽にメッセージください",True,rkvxuevzx3,2026-09-28 15:03:17,alias,2026-09-29 03:05:22,2026-09-29 01:13:18,public_detail,False,public_detail,active,"いち早プレリザーブ ぴあプレ枠での当選
すり替えなし
1番手でのお譲りです。

上乗せでアプグレ対応可１枚+0.7にて
希望の場合は事前にメッセージお願いいたし...",public_detail,2026-09-29 00:24:21,True,2026-09-29 00:24:21,k8qw3X3Mpda6ZvJKsOG1,"{""isSpecified"": false, ""value"": """"}"
xbjpnm77ns,,tvasahi-dream-festival-2026,2026-11-22,15:00,Kアリーナ横浜,pickup_number,female,分配にてお譲り,けい,5.0,,,2026-09-28 15:03:17,scrape_observed,2026-09-29 00:03:16,,,listing,2,16500,"いち早プレリザーブ ぴあプレ枠での当選
すり替えなし
1番手でのお譲りです。

上乗せでアプグレ対応可１枚0.7でのアプグレ可能です。
希望の場合は事前にメッセージお願いいたします。

アプグレ落選時、ランダムエラー、出演者変更、ご自身の体調不良等如何なる場合も返金はいたしかねます。
公演中止等公式から返金がある場合のみ返金いたします。",True,6z14i5mcnj,2026-09-28 15:03:17,alias,2026-09-29 03:05:23,2026-09-29 01:13:18,public_detail,False,public_detail,active,"いち早プレリザーブ ぴあプレ枠での当選
すり替えなし
1番手でのお譲りです。

上乗せでアプグレ対応可１枚0.7でのアプグレ可能です。
希望の場合は事前にメッセ...",public_detail,2026-09-29 00:24:22,True,2026-09-29 00:24:22,k8qw3X3Mpda6ZvJKsOG1,"{""isSpecified"": false, ""value"": """"}"
p6mgmv0rs2,,kamigata-expo-park-fes-2026,2026-10-31,,[大阪府] 万博記念公園,electronic,female,同行,c,5.0,,番手,2026-09-28 16:03:04,scrape_observed,2026-09-29 00:03:13,,,listing,2,22000,"3名義中2番手のお譲り
全てAぇ名義/有効期限内/初期当選のみ/事前に下3桁提示可能

当日、会場付近に集合後、同時入場いただきます。入場後、こちらがチケット選択後2番目にお選びいただけます。
同時入場のため、開場時間8:30前までに必ず会場に来ていただける方のみでお願いいたします。
公演中止以外の、買い手様都合でのキャンセルは致しかねます。交通機関等の影響での遅刻や来場不可の場合でも受け取り連絡いただきますのでご了承下さい。
ランダムエラーで入場できなかった場合、定価手数料を差し引いた金額を返金いたします。
",True,p8i0doyton,2026-09-28 16:03:04,alias,2026-09-29 01:09:56,2026-09-29 01:13:15,public_detail,False,public_detail,active,"3名義中2番手のお譲り
全てAぇ名義/有効期限内/初期当選のみ/事前に下3桁提示可能

当日、会場付近に集合後、同時入場いただきます。入場後、こちらがチケット選...",public_detail,2026-09-29 00:14:47,True,2026-09-29 00:14:47,1Cl2VvDmJVZqGnDqCyq0,"{""isSpecified"": false, ""value"": """"}"
15gp2zg7jd,,kamigata-expo-park-fes-2026,2026-11-01,,[大阪府] 万博記念公園,electronic,female,同行,まよ,5.0,,同行,2026-09-28 17:03:05,scrape_observed,2026-09-29 00:03:13,,,listing,1,40000,"当方の同行者枠/初期当選/重複すり替えなし/下三桁提示可/有効期限内/Aぇ×Aぇ名義/入場後別行動

公式から詳細発表後、集合場所、時間についてメッセージにて連絡いたします。
チケットお渡し後、速やかに受け取り連絡お願いいたします。ブロック等に関するクレームはお受けできません。
公演中止以外の理由（体調不良、ランダムエラー、出演者変更等）での返金は一切お受けできません。
",True,avf7thgqjb,2026-09-28 17:03:05,alias,2026-09-29 01:09:56,2026-09-29 01:13:15,public_detail,False,public_detail,active,"当方の同行者枠/初期当選/重複すり替えなし/下三桁提示可/有効期限内/Aぇ×Aぇ名義/入場後別行動

公式から詳細発表後、集合場所、時間についてメッセージにて連...",public_detail,2026-09-29 00:14:46,True,2026-09-29 00:14:46,1Cl2VvDmJVZqGnDqCyq0,"{""isSpecified"": false, ""value"": """"}"
4t3lsjoy06,,kamigata-expo-park-fes-2026,2026-10-31,,[大阪府] 万博記念公園,electronic,female,公演日前日にログイン情報共有します。,るる,5.0,,QR,2026-09-29 01:13:15,public_alias_observed,2026-09-29 09:03:20,,,listing,2,38000,"QR毎/初期当選/有効期限内/重複すり替えなし/下3桁提示可/発送物戻りなし/過去エラー等なし/WEST.名義

公演前日にログイン情報共有いたしますのでご自身で発券、入場お願いいたします。


入場後、入場報告を行ってください。
(公演時間までにできない方はお断りさせて頂きます。)

主催者側都合での公演中止の場合のみ返金可能。
その他 交通機関の乱れ、ランダムエラー含めたトラブルによる入場不可等の返金、キャンセルはいたしかねます。
また座席に関するクレーム、出演者の変更等いかなる場合でも買い手側様都合での返金はいたしかねます。

日本人女性の方のみご購入ください。
上記全てご了承いただけた方のみご購入ください。",True,4t3lsjoy06,2026-09-26 02:01:13,active,2026-09-29 09:15:05,,public_detail,False,public_detail,active,"QR毎/初期当選/有効期限内/重複すり替えなし/下3桁提示可/発送物戻りなし/過去エラー等なし/WEST.名義

公演前日にログイン情報共有いたしますのでご自身...",public_detail,2026-09-29 09:15:05,True,2026-09-29 09:15:05,1Cl2VvDmJVZqGnDqCyq0,"{""isSpecified"": false, ""value"": """"}"
39v3f8hw4i,,kamigata-expo-park-fes-2026,2026-10-31,,[大阪府] 万博記念公園,electronic,female,同行,L,5.0,,番手,2026-09-29 01:13:15,public_alias_observed,2026-09-29 09:03:20,,,listing,2,32000,"6名義中3番手/初期当選/有効期限内/すり替えなし/下三桁提示可能

ランダムエラー、出演者変更、体調不良、交通機関の乱れなどの如何なる理由により入場できなかった場合でも受け取り通知をして頂きます。購入後のクレームについては一切受け付けませんのでご了承ください。

当日8:30入場可能な方のみでお願い致します。",True,39v3f8hw4i,2026-09-26 01:01:13,active,2026-09-29 09:15:04,,public_detail,False,public_detail,active,"6名義中3番手/初期当選/有効期限内/すり替えなし/下三桁提示可能

ランダムエラー、出演者変更、体調不良、交通機関の乱れなどの如何なる理由により入場できなかっ...",public_detail,2026-09-29 09:15:04,True,2026-09-29 09:15:04,1Cl2VvDmJVZqGnDqCyq0,"{""isSpecified"": false, ""value"": """"}"
42casurh0k,,kamigata-expo-park-fes-2026,2026-10-31,,[大阪府] 万博記念公園,electronic,female,同行,ari,5.0,,番手,2026-09-29 01:13:15,public_alias_observed,2026-09-29 09:03:20,,,listing,1,30000,"3名義所持(2連×1名義、単番×2名義)/4枚中2番手/初期当選/Aぇ名義/有効期限内/すり替えなし/下3桁提示可

プラベルでのお取引希望の方は移行させていただきますので、メッセージをお願いします。

公演当日、会場付近にて集合後同時入場していただきます。時間厳守できる方のみ購入をお願いします。指定した時間に遅れた場合も待たずに入場しますが、受取報告をしていただきます。

入場後一旦チケットを回収し、座席選択後2番目にチケットをお選びいただきます。
チケットお渡しの際に受取報告をお願いします。受取報告を確認できるまでチケットはお渡しできませんのでご了承ください。

代理購入不可、未就学児を連れてる方の購入不可、スーツケース等大きい荷物の持ち込みもご遠慮ください。

遅刻、体調不良、交通機関等遅延、本人確認、ランダムエラー等公演中止以外の返金は一切対応できません。

日本語が話せてスムーズにご連絡の取れる方のみご購入ください。
購入いただいた時点で、上記全て了承したものとみなしクレームは一切受け付けません。",True,42casurh0k,2026-09-26 02:01:13,active,2026-09-29 09:15:07,,public_detail,False,public_detail,active,"3名義所持(2連×1名義、単番×2名義)/4枚中2番手/初期当選/Aぇ名義/有効期限内/すり替えなし/下3桁提示可

プラベルでのお取引希望の方は移行させていた...",public_detail,2026-09-29 09:15:07,True,2026-09-29 09:15:07,1Cl2VvDmJVZqGnDqCyq0,"{""isSpecified"": false, ""value"": """"}"
vzqkei5bn5,,kamigata-expo-park-fes-2026,2026-10-31,,[大阪府] 万博記念公園,electronic,female,初期当選、単番QR毎、重複すり替えなし、有効期限内、下3桁可能,J,5.0,,QR,2026-09-29 01:13:15,public_alias_observed,2026-09-29 09:03:20,,,listing,1,48000,前日になりましたらログイン情報ご提示いたします。買い手の方で同意チェックしてご入場ください。本人確認、ランダムエラー対応はできません。公演中止のみ返金いたします。,True,vzqkei5bn5,2026-09-26 02:01:13,active,2026-09-29 09:15:05,,public_detail,False,public_detail,active,前日になりましたらログイン情報ご提示いたします。買い手の方で同意チェックしてご入場ください。本人確認、ランダムエラー対応はできません。公演中止のみ返金いたします...,public_detail,2026-09-29 09:15:05,True,2026-09-29 09:15:05,1Cl2VvDmJVZqGnDqCyq0,"{""isSpecified"": false, ""value"": """"}"
i2u47xyh56,,kamigata-expo-park-fes-2026,2026-10-31,,[大阪府] 万博記念公園,electronic,female,同行,か,5.0,,番手,2026-09-29 01:13:15,public_alias_observed,2026-09-29 09:03:20,,,listing,2,25000,"2名義中2番手/全てジュニア名義/初期当選/下3桁提示可能/エラー、郵送物戻りなし

・8:30までに集合可能な方のみご購入ください。

・同時入場後一旦チケットを回収し、こちらでチケットを選択後に選んでいただきます。

・入場ゲート、整理番号等、やむを得ない事情で番手でのお譲りが難しくなった場合はQR毎でのお取引に変更する場合がございますがその際も1度集合していただきますようお願いいたします。

・電話番号をお伺いする場合がございます、ご了承ください。

・当日は会場付近の指定の場所へお集まりいただきます。時間厳守でお願いいたします。遅刻された場合、先に入場いたしますが、その場合も受取通知は必ずしていただきます。

・チケットをお渡しした際は、その場で速やかに受取通知をお願いいたします。

・代理購入不可、日本語の通じる成人女性の方のみご購入ください。盗撮、録音等、名義に傷が付くような行為はおやめください。

・キャリーケース等大きな荷物はお待ち合わせ前にお預けいただき、持ち込みはご遠慮ください。

・開演前までの公演中止の場合のみ、返金対応いたします。遅延遅刻、体調不良、システムエラー、ランダムエラー、本人確認、同行者の急遽欠席等、開演前までの公演中止以外のいかなる理由でもキャンセル、返金、送金停止依頼等対応いたしかねます。

・入場時の端末チケット持ち逃げ等防止の為、入場前に公的で有効な本人確認出来るもの（運転免許証、保険証等）をお預かりさせていただく場合がございます。チケットお渡し時に同時に返却とさせていただきます。責任を持って丁重にお預かりし、中身を拝見することも個人情報を控えることも一切ございませんのでご安心ください。

・詳しい待ち合わせ時間・場所等は、メッセージにてご連絡いたします。

上記の内容にご理解ご了承いただける方のみご購入ください。",True,i2u47xyh56,2026-09-26 02:01:13,active,2026-09-29 09:15:06,,public_detail,False,public_detail,active,"2名義中2番手/全てジュニア名義/初期当選/下3桁提示可能/エラー、郵送物戻りなし

・8:30までに集合可能な方のみご購入ください。

・同時入場後一旦チケッ...",public_detail,2026-09-29 09:15:06,True,2026-09-29 09:15:06,1Cl2VvDmJVZqGnDqCyq0,"{""isSpecified"": false, ""value"": """"}"
p8i0doyton,,kamigata-expo-park-fes-2026,2026-10-31,,[大阪府] 万博記念公園,electronic,female,同行,c,5.0,,番手,2026-09-29 01:13:15,public_alias_observed,2026-09-29 09:03:20,,,listing,2,22000,"3名義中2番手のお譲り
全てAぇ名義/有効期限内/初期当選のみ/事前に下3桁提示可能

当日、会場付近に集合後、同時入場いただきます。入場後、こちらがチケット選択後2番目にお選びいただけます。
同時入場のため、開場時間8:30前までに必ず会場に来ていただける方のみでお願いいたします。
公演中止以外の、買い手様都合でのキャンセルは致しかねます。交通機関等の影響での遅刻や来場不可の場合でも受け取り連絡いただきますのでご了承下さい。
ランダムエラーで入場できなかった場合、定価手数料を差し引いた金額を返金いたします。
",True,p8i0doyton,2026-09-28 16:03:04,active,2026-09-29 09:16:14,,public_detail,False,public_detail,active,"3名義中2番手のお譲り
全てAぇ名義/有効期限内/初期当選のみ/事前に下3桁提示可能

当日、会場付近に集合後、同時入場いただきます。入場後、こちらがチケット選...",public_detail,2026-09-29 09:16:14,True,2026-09-29 09:16:14,1Cl2VvDmJVZqGnDqCyq0,"{""isSpecified"": false, ""value"": """"}"
n63z7bzhni,,kamigata-expo-park-fes-2026,2026-10-31,,[大阪府] 万博記念公園,electronic,female,公演日7日前までにQRコード共有,yunaka,5.0,,,2026-09-29 01:13:15,public_alias_observed,2026-09-29 09:03:20,,,listing,2,22000,,True,n63z7bzhni,2026-09-26 09:01:11,active,2026-09-29 09:15:08,,public_detail,False,public_detail,active,,public_detail,2026-09-29 09:15:08,True,2026-09-29 09:15:08,1Cl2VvDmJVZqGnDqCyq0,"{""isSpecified"": false, ""value"": """"}"
ha9tqm2i2z,,kamigata-expo-park-fes-2026,2026-10-31,,[大阪府] 万博記念公園,electronic,female,同行,🦀,5.0,,同行 / 番手,2026-09-29 01:13:15,public_alias_observed,2026-09-29 09:03:20,,,listing,2,33000,"2番手中2番
全てAぇ名義/変更ボタンあり/初期当選/期限内/下3桁提示可能/すり替えなし

公演当日、こちらが指定した時間に会場付近にて待ち合わせのうえ、同時入場していただきます。
待ち合わせ時間厳守でお願いいたします。
遅刻された場合は待たずに入場いたします。
その際も受取連絡は必ずお願いいたします。

入場後はチケットを一旦回収し、当方が選択しなかったチケットをお渡しします。チケットを選ぶのにお時間がかかる場合がございますのでご理解ください。　
チケットお渡し時、速やかに受取連絡をお願いします。

電波環境が悪い場合がございますので事前に電話番号を伺うことがございますので、ご了承ください。

購入者様の体調不良や遅刻により入場できなかった場合、本人確認、入場時のランダムエラー、座席などへのクレームでの返金は一切致しかねます。
公演中止以外のキャンセルは一切受け付けません。上記のような場合でも必ず受取連絡はして頂きますのでご了承ください。
トラブル防止のため代理購入はお控えください。

日本語でのやりとりがスムーズな20↑の女性のみご購入ください。",True,ha9tqm2i2z,2026-09-26 02:01:13,active,2026-09-29 09:15:04,,public_detail,False,public_detail,active,"2番手中2番
全てAぇ名義/変更ボタンあり/初期当選/期限内/下3桁提示可能/すり替えなし

公演当日、こちらが指定した時間に会場付近にて待ち合わせのうえ、同時...",public_detail,2026-09-29 09:15:04,True,2026-09-29 09:15:04,1Cl2VvDmJVZqGnDqCyq0,"{""isSpecified"": false, ""value"": """"}"
bnvtti7nm6,,kamigata-expo-park-fes-2026,2026-10-31,,[大阪府] 万博記念公園,electronic,female,同行,★,5.0,,番手,2026-09-29 01:13:15,public_alias_observed,2026-09-29 09:03:20,,,listing,2,33000,"初期当選/3名義中3番手/有効期限名義のみ/WEST×WEST・Aぇ×Aぇ/すり替えなし/下3桁提示可

プラベルでのお取引可能な方はお申し付けください。


入場後はチケットを一旦回収し、当方が座席選択後に順次チケットをお渡し致します。チケットを選ぶのにお時間がかかる場合がございます。チケットをお渡しする際に、その場で受け取り連絡をお願いいたします。

電波環境が悪い場合がございますので事前に電話番号を伺うことがございますのでご了承ください。



当日は、事前に連絡ボードでお伝えする指定した時間、場所にお集まりいただきます。10分以上遅刻された場合は購入様を待たずに入場いたしますが、その際も受け取り連絡はしていただきます。
詳しい集合場所、時間等につきましては 連絡ボードにて連絡させていただきます。
 座席に関するクレームは受付ません。  


遅刻や体調不良、本人確認、システムエラーやランダムエラー等、主催者側による公演中止以外でのキャンセル・返金対応はいかなる理由でも致しません。  
遅刻された場合は先に入場させていただきますが、受取評価はしていただきます。  

未就学児をお連れの方、持病や怪我等がある方、キャリーケース等大きなお荷物をお持ちの方のご購入はご遠慮ください。
購入者様本人がお越し頂くようお願いいたします。代理購入は遠慮ください。

上記をご確認頂き、日本語でスムーズにご連絡の取れる方のみご購入下さい。

ご購入頂いた時点で、上記全てにご了承頂いたものとみなし送金停止含むクレームは一切お受け致しません。
",True,bnvtti7nm6,2026-09-26 02:01:13,active,2026-09-29 09:15:06,,public_detail,False,public_detail,active,"初期当選/3名義中3番手/有効期限名義のみ/WEST×WEST・Aぇ×Aぇ/すり替えなし/下3桁提示可

プラベルでのお取引可能な方はお申し付けください。...",public_detail,2026-09-29 09:15:06,True,2026-09-29 09:15:06,1Cl2VvDmJVZqGnDqCyq0,"{""isSpecified"": false, ""value"": """"}"
rsp7r6c3ih,,kamigata-expo-park-fes-2026,2026-10-31,,[大阪府] 万博記念公園,electronic,female,公演前日にログイン情報,ああ,4.9,,QR,2026-09-29 01:13:15,public_alias_observed,2026-09-29 09:03:20,,,listing,2,20000,"QRごと/該当名義/重複すり替え無し/下3桁提示可/有効期限内/WEST.名義

公演中止の際のみ規約に従い返金対応いたします。ランダムエラー、本人確認、体調不良、買い手様ご都合で入場が遅れた場合や、その他いかなる場合もキャンセルを含む一切の返金対応不可です。ご了承のうえご購入ください。",True,rsp7r6c3ih,2026-09-27 02:01:12,active,2026-09-29 09:15:07,,public_detail,False,public_detail,active,"QRごと/該当名義/重複すり替え無し/下3桁提示可/有効期限内/WEST.名義

公演中止の際のみ規約に従い返金対応いたします。ランダムエラー、本人確認、体調不...",public_detail,2026-09-29 09:15:07,True,2026-09-29 09:15:07,1Cl2VvDmJVZqGnDqCyq0,"{""isSpecified"": false, ""value"": """"}"
vee8vn19yr,,kamigata-expo-park-fes-2026,2026-10-31,,[大阪府] 万博記念公園,electronic,female,同行,れいあ,5.0,,同行,2026-09-29 01:13:15,public_alias_observed,2026-09-29 09:03:20,,,listing,1,30000,"当方の同行のため岡﨑担❌
WEST名義

すり替えなし。下3桁提示可能。有効期限内。初期当選。着ブロ希望なし。郵送物戻りなし。過去エラーなし。

ランダムエラー、本人確認、電波環境、体調不良等で入場できなかった場合でも受取評価はしていただきます。もしも本人確認されてしまった場合などでもこちらの名義を売るような行為はおやめください。

入場後すぐにログアウト、開演前までに受取評価してくださる方、すぐにお支払いしてくださる方、盗撮録音など名義に傷を付ける行為をしない方、上記全ての条件にご納得していただける方のみ落札してください。",True,vee8vn19yr,2026-09-26 01:01:13,active,2026-09-29 09:15:09,,public_detail,False,public_detail,active,"当方の同行のため岡﨑担❌
WEST名義

すり替えなし。下3桁提示可能。有効期限内。初期当選。着ブロ希望なし。郵送物戻りなし。過去エラーなし。

ランダムエラー...",public_detail,2026-09-29 09:15:09,True,2026-09-29 09:15:09,1Cl2VvDmJVZqGnDqCyq0,"{""isSpecified"": false, ""value"": """"}"
cphr1epgcj,,kamigata-expo-park-fes-2026,2026-10-31,,[大阪府] 万博記念公園,electronic,female,公演前日までにQRコード共有,s,5.0,,,2026-09-29 01:13:15,public_alias_observed,2026-09-29 09:03:20,,,listing,2,35000,"QRごと/初期当選/前回ツアー落選×前回ツアー落選Aぇ名義/有効期限内/発送物戻り無/同一クレカ決済無し/下3桁提示可

公演前日に必要な情報等を連絡ボードにてお知らせ致します。代表者の同意チェックは購入者様ご自身でお願い致します。

公演当日入場後は速やかにログアウトして頂き、必ず開演時間までに受け取り通知をお願い致します。

座席に関するクレーム等は一切受け付けません。

公演中止を除き交通機関遅れ、出演者変更、体調不良等購入者様都合の事情、ランダムエラー等如何なる場合も返金致しません。

ご購入は上記を了承した上で日本語の理解出来る、成人済み日本人の方でお願い致します。",True,cphr1epgcj,2026-09-27 14:02:51,active,2026-09-29 09:15:07,,public_detail,False,public_detail,active,"QRごと/初期当選/前回ツアー落選×前回ツアー落選Aぇ名義/有効期限内/発送物戻り無/同一クレカ決済無し/下3桁提示可

公演前日に必要な情報等を連絡ボードにて...",public_detail,2026-09-29 09:15:07,True,2026-09-29 09:15:07,1Cl2VvDmJVZqGnDqCyq0,"{""isSpecified"": false, ""value"": """"}"
ni301wnirj,,kamigata-expo-park-fes-2026,2026-10-31,,[大阪府] 万博記念公園,electronic,female,当日渡し,Me_7teor,5.0,,QR / 番手,2026-09-29 01:13:15,public_alias_observed,2026-09-29 09:03:20,,,listing,2,0,"5名義中5番手
初期当選/有効期限内/すり替えなし/下三桁提示可能

ランダムエラー、出演者変更、体調不良、交通機関の乱れなどの如何なる理由により入場できなかった場合でも受け取り通知をして頂きます。購入後のクレームについては一切受け付けませんのでご了承ください。

当日8:30入場可能な方のみでお願い致します。",True,ni301wnirj,2026-09-26 01:01:13,active,2026-09-29 09:15:10,,public_detail,True,on_request,active,"5名義中5番手
初期当選/有効期限内/すり替えなし/下三桁提示可能

ランダムエラー、出演者変更、体調不良、交通機関の乱れなどの如何なる理由により入場できなかっ...",public_detail,2026-09-29 09:15:10,True,2026-09-29 09:15:10,1Cl2VvDmJVZqGnDqCyq0,"{""isSpecified"": false, ""value"": """"}"
znrce3ieor,,kamigata-expo-park-fes-2026,2026-10-31,,[大阪府] 万博記念公園,electronic,female,入金後24時間以内にQRコード共有,さ,5.0,,番手,2026-09-29 01:13:15,public_alias_observed,2026-09-29 09:03:20,,,listing,1,50000,3名義中2番手です。,True,znrce3ieor,2026-09-26 02:01:13,active,2026-09-29 09:15:09,,public_detail,False,public_detail,active,3名義中2番手です。,public_detail,2026-09-29 09:15:09,True,2026-09-29 09:15:09,1Cl2VvDmJVZqGnDqCyq0,"{""isSpecified"": false, ""value"": """"}"
wlvsxh2vgi,,kamigata-expo-park-fes-2026,2026-10-31,,[大阪府] 万博記念公園,electronic,female,同行,m,5.0,,同行,2026-09-29 01:13:15,public_alias_observed,2026-09-29 09:03:20,,,listing,1,38000,"2名義中1番手同行/初期当選/Aぇ名義/有効期限内/すり替えなし/下3桁提示可

プラベ出品でのお取引に移行させていただきますので、メッセージをお願いします。

公演当日、会場付近にて集合後同時入場していただきます。時間厳守できる方のみ購入をお願いします。指定した時間に遅れた場合も待たずに入場しますが、受取報告をしていただきます。

入場後一旦チケットを回収し、座席選択後にチケットをお渡しします。購入者様に座席選択の権利はございません。
チケットお渡しの際に受取報告をお願いします。受取報告を確認できるまでチケットはお渡しできませんのでご了承ください

遅刻、体調不良、交通機関等遅延、本人確認、ランダムエラー等公演中止以外の返金は一切対応できません。",True,wlvsxh2vgi,2026-09-26 02:01:13,active,2026-09-29 09:15:08,,public_detail,False,public_detail,active,"2名義中1番手同行/初期当選/Aぇ名義/有効期限内/すり替えなし/下3桁提示可

プラベ出品でのお取引に移行させていただきますので、メッセージをお願いします。...",public_detail,2026-09-29 09:15:08,True,2026-09-29 09:15:08,1Cl2VvDmJVZqGnDqCyq0,"{""isSpecified"": false, ""value"": """"}"
yr6pf28cw3,,kamigata-expo-park-fes-2026,2026-10-31,,[大阪府] 万博記念公園,electronic,female,同時入場,ぱ,4.8,,,2026-09-29 01:13:15,public_alias_observed,2026-09-29 09:03:20,,,listing,2,23000,"3名義中2名義目すり替えなし、全てsupereight名義
2連×3名義のうち、当方と友人で2連選択後残りの4枚から2連お選びください。
開場時間(8時30分)のため8時頃には会場付近ご到着ください。
集合は8時10分を予定しております。
こまめに連絡の取れる方でお願い致します。
発券後ブロック選択後のお渡しとなります。
場合によってはそのままお渡しさせていただきますが柔軟にご対応くださいませ。
購入者様にブロックの選択権は御座いません。
購入者様に座席の選択権は御座いませんのでご了承ください。
購入者様の端末でQRコードの表示をして頂く場合がございます。表示可能な端末をお持ちください。
詳しい集合場所や服装につきましては当日ご連絡させて頂きます。
交通機関の遅延、体調不良等含め当日集合時間にいらっしゃらない場合は待たずに入場させていただきます。その場合も受け取り評価はして頂きますのでご了承ください。
入場後は座席券をお渡しした際に受け取り評価をお願い致します。また、ブロックや整理番号等のクレームはお受けできません。

注意事項
※当日連絡の取りやすいよう購入後すぐ購入者様のお名前(フリガナ)と電話番号をお知らせください。
※心身共に健康でありこのようなお取引にご理解のある日本人の方のみご購入ください。
※ランダムエラー、本人確認等で入場出来なかった場合でも返金対応は出来かねます。また、体調不良含め如何なる場合でも入金後のキャンセルはお受けできませんので、そのような場合でも受け取り評価をお願い致します。
※録音録画等の違反行為をされる方は購入をお控えください。
※代理購入はお控えください。必ず購入者様本人が入場をお願い致します

記載内容以外の希望は対応出来かねますので、上記全てに納得いただいた方のみお取引を宜しくお願い致します
",True,yr6pf28cw3,2026-09-26 07:01:07,active,2026-09-29 09:15:11,,public_detail,False,public_detail,active,"3名義中2名義目すり替えなし、全てsupereight名義
2連×3名義のうち、当方と友人で2連選択後残りの4枚から2連お選びください。
開場時間(8時30分)...",public_detail,2026-09-29 09:15:11,True,2026-09-29 09:15:11,1Cl2VvDmJVZqGnDqCyq0,"{""isSpecified"": false, ""value"": """"}"
ku6nb6ra24,,kamigata-expo-park-fes-2026,2026-10-31,,[大阪府] 万博記念公園,electronic,female,同行,ｲ,5.0,,番手,2026-09-29 01:13:15,public_alias_observed,2026-09-29 09:03:20,,,listing,2,23000,"2名義中2番手 / 初期当選 / すり替えなし / 下3桁提示可 / 有効期限内 / 該当名義(アンビ名義×2)


・8:30入場予定。

・公演当日、開場30分前会場付近にて待ち合わせし、同時入場していただきます。遅刻、体調不良、ランダムエラー、本人確認での返金不可。公演中止の際には仲介手数料を差し引いた金額を返金いたします。

・チケットはこちらで確認を行い、座席確認後にお渡しさせていただきます。チケットお渡しと同時に受取連絡を必ずお願いいたします。

・詳しい待ち合わせ時間・場所等は、ご入金後にマイページの連絡ボードでお知らせします。

・入場の際チケット発券の為、携帯端末ををお借りする場合がございますので、ご了承ください。",True,ku6nb6ra24,2026-09-26 01:01:13,active,2026-09-29 09:15:10,,public_detail,False,public_detail,active,"2名義中2番手 / 初期当選 / すり替えなし / 下3桁提示可 / 有効期限内 / 該当名義(アンビ名義×2)


・8:30入場予定。

・公演当日、開場3...",public_detail,2026-09-29 09:15:10,True,2026-09-29 09:15:10,1Cl2VvDmJVZqGnDqCyq0,"{""isSpecified"": false, ""value"": """"}"
x9bjf1q6g0,,kamigata-expo-park-fes-2026,2026-10-31,,[大阪府] 万博記念公園,electronic,female,公演日前日までにQRコード共有,ちゃ,4.6,,QR,2026-09-29 01:13:15,public_alias_observed,2026-09-29 09:03:20,,,listing,1,38000,"WEST.名義/QR毎/重複すり替えなし/初期当選/前回アリツア落選/該当舞台落選/有効期間内/変更ボタンあり/下３桁提示/公演前日までに連絡ボードにてログイン情報をお伝え致します。入場後は速やかにログアウトをよろしくお願い致します。
公演中止のみ手数料を差し引いた金額返金致します。その他いかなる理由でも返金対応致しませんのでご了承ください。個人情報を保護して頂ける方のみご購入いただけます。座席についてのお問い合わせは一切受け付けておりませんのでご理解ください。
",True,x9bjf1q6g0,2026-09-26 02:01:13,active,2026-09-29 09:15:09,,public_detail,False,public_detail,active,WEST.名義/QR毎/重複すり替えなし/初期当選/前回アリツア落選/該当舞台落選/有効期間内/変更ボタンあり/下３桁提示/公演前日までに連絡ボードにてログイン...,public_detail,2026-09-29 09:15:09,True,2026-09-29 09:15:09,1Cl2VvDmJVZqGnDqCyq0,"{""isSpecified"": false, ""value"": """"}"
gsnv5m8hym,,kamigata-expo-park-fes-2026,2026-10-31,,[大阪府] 万博記念公園,electronic,female,同行,a,5.0,,番手,2026-09-29 01:13:15,public_alias_observed,2026-09-29 09:03:20,,,listing,1,21000,"2名義中2番手(単番×2)
有効期限内/下3桁提示可
公演中止以外の如何なる理由（ランダムエラー、交通機関の遅延、体調不良等）でのキャンセルや返金は致しかねます。また、座席に関するクレーム等は一切受け付けませ
ん。
公演中止の際は手数料を差し引いた額を返金します。
入場後は速やかに受取連絡をお願いいたします。

トラブル防止のため購入は日本人女性以外及び代理購入のご購入は遠慮ください。

購入された場合、以上全てに同意の上と判断いたします。",True,gsnv5m8hym,2026-09-26 01:01:13,active,2026-09-29 09:15:11,,public_detail,False,public_detail,active,"2名義中2番手(単番×2)
有効期限内/下3桁提示可
公演中止以外の如何なる理由（ランダムエラー、交通機関の遅延、体調不良等）でのキャンセルや返金は致しかねます...",public_detail,2026-09-29 09:15:11,True,2026-09-29 09:15:11,1Cl2VvDmJVZqGnDqCyq0,"{""isSpecified"": false, ""value"": """"}"
4kd4uvlr8z,,kamigata-expo-park-fes-2026,2026-10-31,,[大阪府] 万博記念公園,electronic,female,公演日前日にログイン情報を共有します。,みぃ,5.0,,QR,2026-09-29 01:13:15,public_alias_observed,2026-09-29 09:03:20,,,listing,1,30000,"QR毎・初期当選・公演日有効期限内・重複すり替えなし・下3桁提示可・発送物戻りなし・過去エラー等なし・SUPER EIGHT名義(武道館、FES落選)

公演前日にログイン情報共有いたしますのでご自身で発券・入場お願いいたします。
ご自身でQRを表示させてください。
QRを表示させる方法がわかる方のみご購入ください。

入場後は速やかに入場報告を行ってください。
連絡がない場合はこちらからお声掛けさせていただく場合がございます。

主催者側都合での公演中止の場合のみ返金可能。
その他 交通機関の乱れ、ランダムエラー含めたトラブルによる入場不可、連番内でのトラブル、会場内での取り締まり、座席に関するクレーム、出演者の変更、公演と関係のない急用等、いかなる場合でも買い手側様都合での返金はいたしかねます。

日本人女性の方のみご購入ください。
上記全てご了承いただけた方のみご購入ください。

※価格交渉可能です！",True,4kd4uvlr8z,2026-09-26 02:01:13,active,2026-09-29 09:15:15,,public_detail,False,public_detail,active,"QR毎・初期当選・公演日有効期限内・重複すり替えなし・下3桁提示可・発送物戻りなし・過去エラー等なし・SUPER EIGHT名義(武道館、FES落選)

公演前...",public_detail,2026-09-29 09:15:15,True,2026-09-29 09:15:15,1Cl2VvDmJVZqGnDqCyq0,"{""isSpecified"": false, ""value"": """"}"
371utatt27,,kamigata-expo-park-fes-2026,2026-10-31,,[大阪府] 万博記念公園,electronic,female,QR毎,tsgjgk,5.0,,QR,2026-09-29 01:13:15,public_alias_observed,2026-09-29 09:03:20,,,listing,2,35000,"WEST名義/QRごと/該当名義/重複すり替え無し/下3桁提示可/有効期限内/

公演前日にログインに必要な情報をお伝えします。
同行者登録はこちらで行います。代表者の同意チェックは買い手様ご自身でお願いします。

ランダムエラー、出演者の欠席、交通機関の遅延、購入者様のご予定や体調によるキャンセル等、公演中止以外のいかなる理由でも返金はいたしかねます。

入場後は速やかにログアウト、受け取り連絡をお願い致します。",True,371utatt27,2026-09-26 01:01:13,active,2026-09-29 09:15:11,,public_detail,False,public_detail,active,"WEST名義/QRごと/該当名義/重複すり替え無し/下3桁提示可/有効期限内/

公演前日にログインに必要な情報をお伝えします。
同行者登録はこちらで行います。...",public_detail,2026-09-29 09:15:11,True,2026-09-29 09:15:11,1Cl2VvDmJVZqGnDqCyq0,"{""isSpecified"": false, ""value"": """"}"
dpstfyc0ec,,kamigata-expo-park-fes-2026,2026-10-31,,[大阪府] 万博記念公園,electronic,female,公演前日にQRコード共有,こ,5.0,,QR,2026-09-29 01:13:15,public_alias_observed,2026-09-29 09:03:20,,,listing,1,31000,"なにわ名義/有効期限内 /下3桁開示可/前回アリツア落選/エラーなし
公演前日に連絡ボードにてログイン情報お伝えします。入場後は速やかにログアウト及び受け取り評価をお願いします。
公演中止の際は手数料を差し引いた金額を返金致しますが、その他エラー等で入場出来なかった場合など、いかなる場合でも返金対応致しませんのでご了承ください。",True,dpstfyc0ec,2026-09-26 02:01:13,active,2026-09-29 09:15:12,,public_detail,False,public_detail,active,"なにわ名義/有効期限内 /下3桁開示可/前回アリツア落選/エラーなし
公演前日に連絡ボードにてログイン情報お伝えします。入場後は速やかにログアウト及び受け取り評...",public_detail,2026-09-29 09:15:12,True,2026-09-29 09:15:12,1Cl2VvDmJVZqGnDqCyq0,"{""isSpecified"": false, ""value"": """"}"
pdiiybkqs0,,kamigata-expo-park-fes-2026,2026-10-31,,[大阪府] 万博記念公園,electronic,female,QR,☆,5.0,,,2026-09-29 01:13:15,public_alias_observed,2026-09-29 09:03:20,,,listing,2,30000,"QRごと。FC×FC当選。すり替えなし。下3桁提示可能。有効期限内。初期当選。着ブロ希望なし。郵送物戻りなし。コンビニ決済。過去エラーなし。同行者チェックのみこちらで行います。

プラベルにて出品しますのでお声がけください。
こちら以外のメッセージ返信できません。

公演日前日夜に連絡ボードにてログインに必要な情報をお伝えします。ログイン後はQR表示のみしてください。登録情報の閲覧や書き換えなどなさいませんようお願いいたします。もしもされた場合は状況に応じた処置を取らせていただきます。

ランダムエラー、本人確認、電波環境、体調不良等で入場できなかった場合でも受取評価はしていただきます。もしも本人確認されてしまった場合などでもこちらの名義を売るような行為はおやめください。

入場後すぐにログアウト、開演前までに受取評価してくださる方、すぐにお支払いしてくださる方、盗撮録音など名義に傷を付ける行為をしない方、上記全ての条件にご納得していただける方のみ落札してください。

公演中止以外いかなる場合も返金不可。",True,pdiiybkqs0,2026-09-26 02:01:13,active,2026-09-29 09:15:12,,public_detail,False,public_detail,active,QRごと。FC×FC当選。すり替えなし。下3桁提示可能。有効期限内。初期当選。着ブロ希望なし。郵送物戻りなし。コンビニ決済。過去エラーなし。同行者チェックのみこ...,public_detail,2026-09-29 09:15:12,True,2026-09-29 09:15:12,1Cl2VvDmJVZqGnDqCyq0,"{""isSpecified"": false, ""value"": """"}"
j5odos6rba,,kamigata-expo-park-fes-2026,2026-10-31,,[大阪府] 万博記念公園,electronic,female,公演前日18時以降にログイン情報お渡し,39,5.0,,QR,2026-09-29 01:13:15,public_alias_observed,2026-09-29 09:03:20,,,listing,2,30000,"ジュニア情報局 / QR毎 / 下3桁提示可 / 有効期限内

・事前同行者登録の為、前日18時以降に同行者分のみ同意チェックをしログイン情報をお伝えします。
・代表者分はご購入者様ご自身でお願いいたします。
・ランダムエラーや遅延、体調不良など主催者側からの公演中止以外での返金には一切応じませんのでご了承ください。
・公演中止の際のみ、手数料差し引いた額を返金させて頂きます。
・日本語の分かる方のみご購入よろしくお願いいたします。",True,j5odos6rba,2026-09-26 02:01:13,active,2026-09-29 09:15:13,,public_detail,False,public_detail,active,"ジュニア情報局 / QR毎 / 下3桁提示可 / 有効期限内

・事前同行者登録の為、前日18時以降に同行者分のみ同意チェックをしログイン情報をお伝えします。...",public_detail,2026-09-29 09:15:13,True,2026-09-29 09:15:13,1Cl2VvDmJVZqGnDqCyq0,"{""isSpecified"": false, ""value"": """"}"
k8ewa92y9i,,kamigata-expo-park-fes-2026,2026-10-31,,[大阪府] 万博記念公園,electronic,female,同行,あ,5.0,,,2026-09-29 01:13:15,public_alias_observed,2026-09-29 09:03:20,,,listing,2,30000,"

FC先行/有効期限内/全てAぇ名義/3名義中2番手/すり替えなし/下3桁提示可

・入場後はチケットを一旦回収し、当方が座席を選択した後に順次チケットをお渡し致します。チケットのお渡しまでお時間をいただく場合がございます。
・チケットをお渡しする際に、その場で受け取り連絡をお願いいたします。
・座席に関するクレームは受付けません。

・詳しい集合場所、時間等につきましては、公演前日に連絡ボードにて連絡させていただきます。
 ・遅刻や体調不良、本人確認、システムエラーやランダムエラー等、主催者側による公演中止以外でのキャンセル・返金対応はいかなる理由でも致しません。
 ・遅刻された場合は先に入場させていただきますが、必ず受取評価はしていただきます。

・トラブル回避のため、代理購入はご遠慮ください。 
・日本語でスムーズにご連絡の取れる方のみご購入下さい。 

ご購入頂いた時点で上記全てにご了承頂いたものとみなし、送金停止含むクレームは一切お受け致しません。",True,k8ewa92y9i,2026-09-26 02:01:13,active,2026-09-29 09:15:13,,public_detail,False,public_detail,active,"

FC先行/有効期限内/全てAぇ名義/3名義中2番手/すり替えなし/下3桁提示可

・入場後はチケットを一旦回収し、当方が座席を選択した後に順次チケットをお渡...",public_detail,2026-09-29 09:15:13,True,2026-09-29 09:15:13,1Cl2VvDmJVZqGnDqCyq0,"{""isSpecified"": true, ""value"": ""\u30d6\u30ed\u30c3\u30af\u6574\u756a\u672a\u5b9a""}"
9v63s2d3sn,,kamigata-expo-park-fes-2026,2026-10-31,,[大阪府] 万博記念公園,electronic,female,公演前日にログイン情報共有,h,5.0,,,2026-09-29 01:13:15,public_alias_observed,2026-09-29 09:03:20,,,listing,2,45000,"SUPER EIGHT× SUPER EIGHT
QR毎/FC初期当選/有効期限内/下三桁提示可

QR毎でのお譲りとなります。
同行者の同意チェックはこちらでいたしますので、代表者分のみお願いいたします。

前日にQR表示に必要な情報をお伝えいたします。
ログイン後QR表示に必要な操作以外はお控えください。
入場後は速やかにログアウトして頂き、受取連絡をお願いします。
体調不良、交通機関の遅延、出演者変更、本人確認、ランダムエラー等、如何なる場合でもキャンセルや返金は不可とさせて頂きます。
公演中止の場合に限り、手数料を差し引いた金額を返金いたします。
プラベルでのお取引も可能です。",True,9v63s2d3sn,2026-09-26 01:01:13,active,2026-09-29 09:15:13,,public_detail,False,public_detail,active,"SUPER EIGHT× SUPER EIGHT
QR毎/FC初期当選/有効期限内/下三桁提示可

QR毎でのお譲りとなります。
同行者の同意チェックはこちらで...",public_detail,2026-09-29 09:15:13,True,2026-09-29 09:15:13,1Cl2VvDmJVZqGnDqCyq0,"{""isSpecified"": false, ""value"": """"}"
0xvwrje6tq,,kamigata-expo-park-fes-2026,2026-10-31,,[大阪府] 万博記念公園,electronic,female,公演前日にログイン情報をお伝えいたします。,あ,5.0,,QR,2026-09-29 01:13:15,public_alias_observed,2026-09-29 09:03:20,,,listing,1,23000,"QRごと/初期当選/重複すり替え無し/下3桁提示可/有効期限内/なにわ名義

公演中止の際のみ規約に従い返金対応いたします。ランダムエラー、本人確認、体調不良、買い手様ご都合で入場が遅れた場合や、その他いかなる場合もキャンセルを含む一切の返金対応不可です。ご了承のうえご購入ください。

成人されている日本人女性のみご購入ください。",True,0xvwrje6tq,2026-09-27 17:02:41,active,2026-09-29 09:15:14,,public_detail,False,public_detail,active,"QRごと/初期当選/重複すり替え無し/下3桁提示可/有効期限内/なにわ名義

公演中止の際のみ規約に従い返金対応いたします。ランダムエラー、本人確認、体調不良、...",public_detail,2026-09-29 09:15:14,True,2026-09-29 09:15:14,1Cl2VvDmJVZqGnDqCyq0,"{""isSpecified"": false, ""value"": """"}"
kb3i2jgo88,,kamigata-expo-park-fes-2026,2026-10-31,,[大阪府] 万博記念公園,electronic,female,公演日1日前までにQRコード共有,R,5.0,,QR,2026-09-29 01:13:15,public_alias_observed,2026-09-29 09:03:20,,,listing,1,34000,"なにわ男子名義 / QR毎 / 重複すり替えなし / 初期当選 / 有効期間内 / 下3桁提示
公演前日までに連絡ボードにてログイン情報をお伝えします。入場後は速やかにログアウトをお願いいたします。
公演中止の場合のみ手数料を差し引いた金額でご返金します。
その他はいかなる理由でも返金対応しませんのでご了承ください。
座席についてのお問い合わせも一切受け付けておりません。",True,kb3i2jgo88,2026-09-26 02:01:13,active,2026-09-29 09:15:14,,public_detail,False,public_detail,active,"なにわ男子名義 / QR毎 / 重複すり替えなし / 初期当選 / 有効期間内 / 下3桁提示
公演前日までに連絡ボードにてログイン情報をお伝えします。入場後は...",public_detail,2026-09-29 09:15:14,True,2026-09-29 09:15:14,1Cl2VvDmJVZqGnDqCyq0,"{""isSpecified"": false, ""value"": """"}"
f9upn59mjw,,kamigata-expo-park-fes-2026,2026-10-31,,[大阪府] 万博記念公園,electronic,female,同行,みょ,5.0,,,2026-09-29 01:13:15,public_alias_observed,2026-09-29 09:03:20,,,listing,1,45000,"Aぇ名義/下3桁提示可/サイチェン可

・正門担との同行（正門担×）
・8:15会場付近集合予定
・当日同行が難しくなった場合、受け取り評価は必ずしていただきます。
・1時間以上以上の遅刻はチケ代とは別途に1.0いただきます。早めに連絡をお願いします。",True,f9upn59mjw,2026-09-26 01:01:13,active,2026-09-29 09:15:15,,public_detail,False,public_detail,active,"Aぇ名義/下3桁提示可/サイチェン可

・正門担との同行（正門担×）
・8:15会場付近集合予定
・当日同行が難しくなった場合、受け取り評価は必ずしていただきま...",public_detail,2026-09-29 09:15:15,True,2026-09-29 09:15:15,1Cl2VvDmJVZqGnDqCyq0,"{""isSpecified"": false, ""value"": """"}"
af726fmzwh,,kamigata-expo-park-fes-2026,2026-10-31,,[大阪府] 万博記念公園,electronic,female,同行,Na,5.0,,番手,2026-09-29 01:13:15,public_alias_observed,2026-09-29 09:03:20,,,listing,2,25000,"2名義中2番手/デビュー組名義/有効期限内/すり替えなし/下3桁提示可/初期当選

プラベルにてお取引したいので購入前にコメントお願いいたします。

同時入場し、入場後一旦チケットを回収し当方が選ばなかったチケットをお渡しいたします。

公演中止の場合のみ手数料を差し引いて返金いたします。
体調不良、本人確認、ランダムエラーなどのいかなる場合も返金は致しませんので、ご了承下さい。

",True,af726fmzwh,2026-09-27 01:01:03,active,2026-09-29 09:15:17,,public_detail,False,public_detail,active,"2名義中2番手/デビュー組名義/有効期限内/すり替えなし/下3桁提示可/初期当選

プラベルにてお取引したいので購入前にコメントお願いいたします。

同時入場し...",public_detail,2026-09-29 09:15:17,True,2026-09-29 09:15:17,1Cl2VvDmJVZqGnDqCyq0,"{""isSpecified"": false, ""value"": """"}"
23gec7fr18,,kamigata-expo-park-fes-2026,2026-10-31,,[大阪府] 万博記念公園,paper,female,同時入場,🌙,5.0,,同行 / 番手,2026-09-29 01:13:15,public_alias_observed,2026-09-29 09:03:20,,,listing,2,27000,"2名義中2番手
なにわ・Aぇ名義
初期当選/すり替えなし/下3桁提示可/ND⁵・Runway(今ツ)落選名義


【お取引について】

・番手でのお譲りが難しいとこちらが判断した場合、QR毎でのお取引に変更する場合がございます。
・当日は、会場付近にて集合し、同時入場いたします。
・入場後、チケットを一度回収し、こちらで座席を選択後、こちらが選択しなかった座席をお渡しいたします。
・チケットお渡し後は、速やかに受取連絡をお願いいたします。

・公演中止以外の返金はいたしかねます。
・座席等に関するクレームは一切お受けできません。
・トラブル防止のため、代理購入はご遠慮ください。

・日本語でスムーズにやり取りができる方のみご購入をお願いいたします。",True,23gec7fr18,2026-09-26 01:01:13,active,2026-09-29 09:15:16,,public_detail,False,public_detail,active,"2名義中2番手
なにわ・Aぇ名義
初期当選/すり替えなし/下3桁提示可/ND⁵・Runway(今ツ)落選名義


【お取引について】

・番手でのお譲りが難しい...",public_detail,2026-09-29 09:15:16,True,2026-09-29 09:15:16,1Cl2VvDmJVZqGnDqCyq0,"{""isSpecified"": false, ""value"": """"}"
62n4kepu2g,,kamigata-expo-park-fes-2026,2026-10-31,,[大阪府] 万博記念公園,electronic,female,公演日全日にQRコード共有,re,5.0,,QR,2026-09-29 01:13:15,public_alias_observed,2026-09-29 09:03:20,,,listing,1,30000,"ジュニア名義/QRごと/該当名義/重複すり替え無し/下3桁提示可/有効期限内/

公演前日にログインに必要な情報を連絡ボードにてお伝えします。

※ランダムエラー、出演者の欠席、交通機関の遅延、購入者様のご予定や体調によるキャンセル等、公演中止以外は返金いたしかねます。
受け取り評価をしていただきます。

入場後は速やかにログアウト、受け取り連絡をお願い致します。",True,62n4kepu2g,2026-09-26 02:01:13,active,2026-09-29 09:15:16,,public_detail,False,public_detail,active,"ジュニア名義/QRごと/該当名義/重複すり替え無し/下3桁提示可/有効期限内/

公演前日にログインに必要な情報を連絡ボードにてお伝えします。

※ランダムエラ...",public_detail,2026-09-29 09:15:16,True,2026-09-29 09:15:16,1Cl2VvDmJVZqGnDqCyq0,"{""isSpecified"": false, ""value"": """"}"
ha66kzxzsi,,kamigata-expo-park-fes-2026,2026-10-31,,[大阪府] 万博記念公園,electronic,female,公演日前日にログイン情報共有,R,5.0,,QR,2026-09-29 01:13:15,public_alias_observed,2026-09-29 09:03:20,,,listing,1,50000,"初期当選、有効期限内、下3桁提示可、重複すり替えなし

公演日前日にログイン情報を連絡ボードにてお伝え致します。公演日当日入場後は速やかにログアウトして頂き、必ず開演時間までに受け取り通知をお願いします。

ランダムエラー、出演者変更、体調不良、交通機関の乱れなどの如何なる理由により入場できなかった場合でも受け取り通知をして頂きます。購入後のクレームについては一切受け付けませんのでご了承ください。",True,ha66kzxzsi,2026-09-26 02:01:13,active,2026-09-29 09:15:15,,public_detail,False,public_detail,active,"初期当選、有効期限内、下3桁提示可、重複すり替えなし

公演日前日にログイン情報を連絡ボードにてお伝え致します。公演日当日入場後は速やかにログアウトして頂き、必...",public_detail,2026-09-29 09:15:15,True,2026-09-29 09:15:15,1Cl2VvDmJVZqGnDqCyq0,"{""isSpecified"": false, ""value"": """"}"
bjwy6j8tuj,,kamigata-expo-park-fes-2026,2026-10-31,,[大阪府] 万博記念公園,electronic,female,公演日前日までにログイン情報共有,C,5.0,,QR,2026-09-29 01:13:15,public_alias_observed,2026-09-29 09:03:20,,,listing,2,35000,FC初期当選 / なにわ名義 / 重複すり替えなし / QR毎2連 / 郵送物エラー等なし / 下3桁提示可,True,bjwy6j8tuj,2026-09-26 02:01:13,active,2026-09-29 09:15:17,,public_detail,False,public_detail,active,FC初期当選 / なにわ名義 / 重複すり替えなし / QR毎2連 / 郵送物エラー等なし / 下3桁提示可,public_detail,2026-09-29 09:15:17,True,2026-09-29 09:15:17,1Cl2VvDmJVZqGnDqCyq0,"{""isSpecified"": false, ""value"": """"}"
qmicwaxsm9,,kamigata-expo-park-fes-2026,2026-10-31,,[大阪府] 万博記念公園,electronic,male,同行,K,5.0,,同行,2026-09-29 01:13:15,public_alias_observed,2026-09-29 09:03:20,,,listing,1,55000,"2連中1枚同行/なにわ名義/有効期限内/下3桁提示可

・公演当日、会場付近にて集合し、同時入場していただきます。
・座席に関するクレームはお受けできません。
・主催者都合による公演中止の場合のみ、手数料を差し引いた金額を返金いたします。",True,qmicwaxsm9,2026-09-26 02:01:13,active,2026-09-29 09:15:18,,public_detail,False,public_detail,active,"2連中1枚同行/なにわ名義/有効期限内/下3桁提示可

・公演当日、会場付近にて集合し、同時入場していただきます。
・座席に関するクレームはお受けできません。...",public_detail,2026-09-29 09:15:18,True,2026-09-29 09:15:18,1Cl2VvDmJVZqGnDqCyq0,"{""isSpecified"": false, ""value"": """"}"
8d61rh58ff,,kamigata-expo-park-fes-2026,2026-10-31,,[大阪府] 万博記念公園,electronic,female,同行,り,5.0,,,2026-09-29 01:13:15,public_alias_observed,2026-09-29 09:03:20,,,listing,2,70000,"7名義中2番手
初期当選/なにわ名義×情報局該当名義/有効期限内/すり替えなし/下三桁提示可能

ランダムエラー、出演者変更、体調不良、交通機関の乱れなどの如何なる理由により入場できなかった場合でも受け取り通知をして頂きます。購入後のクレームについては一切受け付けませんのでご了承ください。

当日8:30入場可能な方のみでお願いいたします。",True,8d61rh58ff,2026-09-26 02:01:13,active,2026-09-29 09:15:17,,public_detail,False,public_detail,active,"7名義中2番手
初期当選/なにわ名義×情報局該当名義/有効期限内/すり替えなし/下三桁提示可能

ランダムエラー、出演者変更、体調不良、交通機関の乱れなどの如何...",public_detail,2026-09-29 09:15:17,True,2026-09-29 09:15:17,1Cl2VvDmJVZqGnDqCyq0,"{""isSpecified"": true, ""value"": ""\u5e2d\u7a2e\u672a\u5b9a""}"
2efwq95ca4,,kamigata-expo-park-fes-2026,2026-10-31,,[大阪府] 万博記念公園,electronic,male,前日までにログイン情報共有,♡,5.0,,QR,2026-09-29 01:13:15,public_alias_observed,2026-09-29 09:03:20,,,listing,2,25000,"QR毎/Aぇ名義/初期当選/下3桁提示可/有効期限内/発送物戻りなし/条件なし/ペイジー払い

QR毎のお譲りです。
代表者(男性名義)、同行者(女性名義)どちらもAぇ名義の初期当選です。発送物戻りや過去エラー等はない当方管理の名義になります。
公演前日までにログイン情報をお伝えいたしますので当日入場後は速やかにログアウトし受取通知をお願いいたします。
公演中止以外の購入者様都合のキャンセルや返金はいたしかねます。
上記全てご理解頂ける方のみご購入よろしくお願いいたします。",True,2efwq95ca4,2026-09-26 01:01:13,active,2026-09-29 09:15:20,,public_detail,False,public_detail,active,"QR毎/Aぇ名義/初期当選/下3桁提示可/有効期限内/発送物戻りなし/条件なし/ペイジー払い

QR毎のお譲りです。
代表者(男性名義)、同行者(女性名義)どち...",public_detail,2026-09-29 09:15:20,True,2026-09-29 09:15:20,1Cl2VvDmJVZqGnDqCyq0,"{""isSpecified"": false, ""value"": """"}"
66ds8khwud,,kamigata-expo-park-fes-2026,2026-10-31,,[大阪府] 万博記念公園,electronic,female,同行,ま,5.0,,QR / 同行 / 番手,2026-09-29 01:13:15,public_alias_observed,2026-09-29 09:03:20,,,listing,2,23000,"3名義中3番手/すべてなにわ名義/初期当選/有効期限名義/すり替えなし/下3桁提示可

当日同時入場していただきます。
入場方法等が詳しく分かり次第、集合時間・待ち合わせ場所をこちらからご連絡させて頂きます。場合によってはQR毎のお渡しになる場合がございます。柔軟に対応していただける方のみご購入お願いします。

入場後はチケットを一旦回収し、当方が選ばなかったチケットをお渡し致します。チケットを選ぶのにお時間がかかる場合がございますのでご理解ください。

会場の電波環境が悪い可能性がございますので、事前に電話番号をお伺い致します。

当日購入者様の遅刻、体調不良により入場できなかった場合、本人確認、入場時のランダムエラーや入場エラ一、座席などへのクレームでの返金は一切致しかねます。また、公演中止以外のキャンセルは一切受け付けません。そのような場合でも必ず受取連絡はして頂きますのでご了承ください。

チケットをお渡しさせて頂く際に、必ず受取連絡をお願い致します。受取連絡をして頂いた時点でお取引が問題なく完了したこととみなし、それ以降のクレーム等は受け付けません。ご購入はいかなる場合も返金、キャンセル処理は致しません。ご了承ください。

必ず上記事項にご理解頂けた方、20歳以上の日本人女性の方のみご購入お願い致します。公演中止の際には手数料を差し引いた金額を返金します。",True,66ds8khwud,2026-09-27 04:01:14,active,2026-09-29 09:15:20,,public_detail,False,public_detail,active,"3名義中3番手/すべてなにわ名義/初期当選/有効期限名義/すり替えなし/下3桁提示可

当日同時入場していただきます。
入場方法等が詳しく分かり次第、集合時間・...",public_detail,2026-09-29 09:15:20,True,2026-09-29 09:15:20,1Cl2VvDmJVZqGnDqCyq0,"{""isSpecified"": false, ""value"": """"}"
ot2pwuq8qe,,kamigata-expo-park-fes-2026,2026-10-31,,[大阪府] 万博記念公園,electronic,female,QRごと,にゃ,5.0,,QR,2026-09-29 01:13:15,public_alias_observed,2026-09-29 09:03:20,,,listing,1,30000,"なにわ名義/QRごと/該当名義/重複すり替え無し/下3桁提示可/有効期限内/

公演前日にログインに必要な情報を連絡ボードにてお伝えします。

※ランダムエラー、出演者の欠席、交通機関の遅延、購入者様のご予定や体調によるキャンセル等、いかなる理由であれ返金対応できませんのでご了承ください。
受け取り評価をしていただきます。

入場後は速やかにログアウト、受け取り連絡をお願い致します。
",True,ot2pwuq8qe,2026-09-26 01:01:13,active,2026-09-29 09:15:18,,public_detail,False,public_detail,active,"なにわ名義/QRごと/該当名義/重複すり替え無し/下3桁提示可/有効期限内/

公演前日にログインに必要な情報を連絡ボードにてお伝えします。

※ランダムエラー...",public_detail,2026-09-29 09:15:18,True,2026-09-29 09:15:18,1Cl2VvDmJVZqGnDqCyq0,"{""isSpecified"": false, ""value"": """"}"
7izmayjsqi,,kamigata-expo-park-fes-2026,2026-10-31,,[大阪府] 万博記念公園,electronic,female,同行,y,5.0,,同行,2026-09-29 01:13:15,public_alias_observed,2026-09-29 09:03:20,,,listing,1,37000,"2名義中1番手
すり替えなし/Aぇ名義/有効期限内/下3桁提示可

入場のみ一緒でも目的同じでしたら一緒に動くことも可能です。
柔軟に対応いたします。
開園から並ぶ予定です。
詳細出ましたら相談させていただきます。

プラベル移行も可能ですので、何かあればお気軽に仰ってくださると助かります。",True,7izmayjsqi,2026-09-26 01:01:13,active,2026-09-29 09:15:22,,public_detail,False,public_detail,active,"2名義中1番手
すり替えなし/Aぇ名義/有効期限内/下3桁提示可

入場のみ一緒でも目的同じでしたら一緒に動くことも可能です。
柔軟に対応いたします。
開園から...",public_detail,2026-09-29 09:15:22,True,2026-09-29 09:15:22,1Cl2VvDmJVZqGnDqCyq0,"{""isSpecified"": false, ""value"": """"}"
pmdozwt1cv,,kamigata-expo-park-fes-2026,2026-10-31,,[大阪府] 万博記念公園,electronic,female,同行,いよ,5.0,,番手,2026-09-29 01:13:15,public_alias_observed,2026-09-29 09:03:20,,,listing,2,25000,"4名義中3番手/全てアンビ名義・初期当選・有効期限内・郵送物戻りなし/下3桁提示可/サイチェン可

公演当日、8:10（開場20分前）頃に会場付近にて待ち合わせし、同時入場していただきます。今後の案内によっては早まる可能性もございますのでご了承願います。
詳しい待ち合わせ時間・場所等は、ご入金後に連絡ボードでお知らせします。

入場後に一旦チケットを回収いたします。こちらと2番手の方が選択後、残りの2名義からチケットをご選択ください。
チケットを受け取られましたらその場で受取連絡をお願いいたします。

公演中止の場合のみ、手数料を差し引いた全額を返金いたします。その他のいかなる理由でも返金はいたしかねますので予めご了承ください。",True,pmdozwt1cv,2026-09-26 01:01:13,active,2026-09-29 09:15:22,,public_detail,False,public_detail,active,"4名義中3番手/全てアンビ名義・初期当選・有効期限内・郵送物戻りなし/下3桁提示可/サイチェン可

公演当日、8:10（開場20分前）頃に会場付近にて待ち合わせ...",public_detail,2026-09-29 09:15:22,True,2026-09-29 09:15:22,1Cl2VvDmJVZqGnDqCyq0,"{""isSpecified"": false, ""value"": """"}"
deyuyslto3,,kamigata-expo-park-fes-2026,2026-10-31,,[大阪府] 万博記念公園,electronic,female,同行,🌟,5.0,,,2026-09-29 01:13:15,public_alias_observed,2026-09-29 09:03:20,,,listing,2,35000,"3名義中2番手・初期当選・該当×該当(WEST含まず)のみ・過去エラー郵送物戻りなし

・公演前日に集合時間・場所等を連絡します。(8:30入場予定)
・入場後チケットを回収し、選択後にチケットをお渡しします。
・体調不良、交通機関の乱れ、出演者の変更等、取引成立後いかなる場合も買い手様都合でのキャンセルは対応いたしません。
・座席に関するクレーム等一切対応いたしません。
・ランダムエラー、本人確認などによる返金対応は一切行いません。
・公式による公演中止の場合のみ手数料を差し引いた金額を返金します。",True,deyuyslto3,2026-09-28 13:03:12,active,2026-09-29 09:16:12,,public_detail,False,public_detail,active,"3名義中2番手・初期当選・該当×該当(WEST含まず)のみ・過去エラー郵送物戻りなし

・公演前日に集合時間・場所等を連絡します。(8:30入場予定)
・入場後...",public_detail,2026-09-29 09:16:12,True,2026-09-29 09:16:12,1Cl2VvDmJVZqGnDqCyq0,"{""isSpecified"": false, ""value"": """"}"
h8bzw7gtu8,,kamigata-expo-park-fes-2026,2026-10-31,,[大阪府] 万博記念公園,electronic,female,同行,M,5.0,,番手,2026-09-29 01:13:15,public_alias_observed,2026-09-29 09:03:20,,,listing,2,39500,"2名義中2番手/初期当選/Aぇ名義/期限内/下3桁提示可

スーツケース等、大きな手荷物は事前に預けた状態でお越しください。

詳しい集合時間/場所につきましては、前日までに連絡ボードにてお伝え致します。
こちらが指定した集合場所にお集まり頂き、同時入場していただきます。同時入場後チケットを一旦回収し、座席選択をさせていただきます。座席選択にお時間をいただく場合がございます。ご購入者様は座席を選ぶことは出来ません。集合時間に遅れた場合は先に入場しますが、受取連絡はしていただきます。

当日連絡がスムーズに取れる方、時間厳守でお取引が出来る方のみご購入お願いいたします。会場内の電波が悪く連絡が取れなくなる場合もあるため、電話番号の交換をお願いする場合がございます。また、入場の際に端末をお借りする場合もございます。その際チケット持ち逃げ防止のため、入場前に一時的に身分証をお預かりさせていただきますが、入場後すぐ返却させていただきます。

公演中止の場合のみ、手数料を引いた額を返金いたします。本人確認、ランダムエラー、体調不良、出演者の変更等の買い手様のご都合による返金やキャンセルは一切お受けいたしません。そのような場合も必ず受取連絡はしていただきますのでご了承下さい。チケットのお渡しと同時に必ず受取連絡お願いいたします。座席に関するクレームは一切お受けいたしません。受取連絡をしていただいた時点でお取引が問題なく完了したこととみなし、それ以降のクレーム等は一切お受けいたしません。
トラブル防止の為、必ずご本人様がご購入お願いいたします。代理購入はお辞めください。また、ご購入は日本人の方のみでお願いいたします。

ご購入頂きました場合、上記に同意していただいたものとさせていただきます。
",True,h8bzw7gtu8,2026-09-26 02:01:13,active,2026-09-29 09:15:19,,public_detail,False,public_detail,active,"2名義中2番手/初期当選/Aぇ名義/期限内/下3桁提示可

スーツケース等、大きな手荷物は事前に預けた状態でお越しください。

詳しい集合時間/場所につきまして...",public_detail,2026-09-29 09:15:19,True,2026-09-29 09:15:19,1Cl2VvDmJVZqGnDqCyq0,"{""isSpecified"": false, ""value"": """"}"
4ztem7yagl,,kamigata-expo-park-fes-2026,2026-10-31,,[大阪府] 万博記念公園,electronic,female,当日渡し,Me_7teor,5.0,,QR / 番手,2026-09-29 01:13:15,public_alias_observed,2026-09-29 09:03:20,,,listing,2,0,"5名義中3番手
初期当選/有効期限内/すり替えなし/下三桁提示可能

ランダムエラー、出演者変更、体調不良、交通機関の乱れなどの如何なる理由により入場できなかった場合でも受け取り通知をして頂きます。購入後のクレームについては一切受け付けませんのでご了承ください。

当日8:30入場可能な方のみでお願い致します。
",True,4ztem7yagl,2026-09-26 02:01:13,active,2026-09-29 09:15:19,,public_detail,True,on_request,active,"5名義中3番手
初期当選/有効期限内/すり替えなし/下三桁提示可能

ランダムエラー、出演者変更、体調不良、交通機関の乱れなどの如何なる理由により入場できなかっ...",public_detail,2026-09-29 09:15:19,True,2026-09-29 09:15:19,1Cl2VvDmJVZqGnDqCyq0,"{""isSpecified"": false, ""value"": """"}"
pwwf1a5lfw,,kamigata-expo-park-fes-2026,2026-10-31,,[大阪府] 万博記念公園,electronic,female,公演前日ログイン情報共有,moe,5.0,,QR,2026-09-29 01:13:15,public_alias_observed,2026-09-29 09:03:20,,,listing,2,33500,"プラベル取引/Aぇ名義/QRごと/該当名義/重複すり替え無し/下3桁提示可/有効期限内/発送物戻り無し

＊プラベルにて取引希望ですので、購入希望の方はメッセージにて必ずお知らせください＊

公演前日にログインに必要な情報をお伝えします。
同行者登録はこちらで行います。代表者の同意チェックは買い手様ご自身でお願いします。

ランダムエラー、出演者の欠席、交通機関の遅延、購入者様のご予定や体調によるキャンセル等、公演中止以外のいかなる理由でも返金はいたしかねます。

入場後は速やかにログアウト、受け取り連絡をお願い致します。",True,pwwf1a5lfw,2026-09-26 01:01:13,active,2026-09-29 09:15:21,,public_detail,False,public_detail,active,"プラベル取引/Aぇ名義/QRごと/該当名義/重複すり替え無し/下3桁提示可/有効期限内/発送物戻り無し

＊プラベルにて取引希望ですので、購入希望の方はメッセー...",public_detail,2026-09-29 09:15:21,True,2026-09-29 09:15:21,1Cl2VvDmJVZqGnDqCyq0,"{""isSpecified"": false, ""value"": """"}"
ak2l433pet,,kamigata-expo-park-fes-2026,2026-10-31,,[大阪府] 万博記念公園,electronic,female,3名義中2番手,m,5.0,,番手,2026-09-29 01:13:15,public_alias_observed,2026-09-29 09:03:20,,,listing,2,32000,"3名義中2番手/初期当選のみ/Jr該当×Aぇのみ/すり替えなし/下3桁提示可/有効期限内名義/発送物戻りなし

当日は、会場付近で集合し同時入場いたします。
未発表な部分が多く確定ではないですが、開場時間の8:30より前の集合を予定しております。
入場後チケットを一度回収し、当方が選ばなかったチケットの中からお選びいただきます。
チケットお渡し時に必ず受取通知をお願いいたします。

公演中止の場合は手数料を差し引いた金額を返金いたしますが、体調不良・本人確認やシステムエラーなどで入場できなかった場合でも返金は致しかねます。
座席等のクレームは一切お受けできません。
トラブル防止のため代理購入はご遠慮ください。

上記すべてご了承いただける、20歳以上の日本語で会話ができる女性のみご購入お願いいたします。",True,ak2l433pet,2026-09-26 02:01:13,active,2026-09-29 09:15:19,,public_detail,False,public_detail,active,"3名義中2番手/初期当選のみ/Jr該当×Aぇのみ/すり替えなし/下3桁提示可/有効期限内名義/発送物戻りなし

当日は、会場付近で集合し同時入場いたします。
未...",public_detail,2026-09-29 09:15:19,True,2026-09-29 09:15:19,1Cl2VvDmJVZqGnDqCyq0,"{""isSpecified"": false, ""value"": """"}"
vgrqvwux2y,,kamigata-expo-park-fes-2026,2026-10-31,,[大阪府] 万博記念公園,electronic,female,公演日前日にQRコード共有,にゃん,5.0,,QR,2026-09-29 01:13:15,public_alias_observed,2026-09-29 09:03:20,,,listing,2,32000,"QRごと なにわ名義 有効期限内 下3桁開示可 女性名義
前日までにログイン情報をお伝えさせていただきますので、ログインし確認お願いいたします。
同行者登録はこちらで行います。
当日は入場したことがわかる写真を添付いただき(半券等)、速やかにログアウトの報告、受け取り確認をお願いいたします。

◆注意事項
・購入者様の健康管理不十分/本人確認/ランダムエラ一等公演中止以外での返金対応はお受けいたしません。如何なる場合も受取連絡をして頂きます。
・代理購入はおやめ頂き、日本語の通じる方（男女問わず）のみとさせて頂きます。
・公演中止や延期の場合は手数料を差し引いた額を返金します。
・ご入金以降は上記の説明事項に同意されたものとみなします。ご購入者様からの条件の提示にはお受けいたしません。",True,vgrqvwux2y,2026-09-26 02:01:13,active,2026-09-29 09:15:24,,public_detail,False,public_detail,active,"QRごと なにわ名義 有効期限内 下3桁開示可 女性名義
前日までにログイン情報をお伝えさせていただきますので、ログインし確認お願いいたします。
同行者登録はこ...",public_detail,2026-09-29 09:15:24,True,2026-09-29 09:15:24,1Cl2VvDmJVZqGnDqCyq0,"{""isSpecified"": false, ""value"": """"}"
ks9b8vawv1,,kamigata-expo-park-fes-2026,2026-10-31,,[大阪府] 万博記念公園,electronic,female,同行,🌟,5.0,,,2026-09-29 01:13:15,public_alias_observed,2026-09-29 09:03:20,,,listing,2,25000,"3名義中3番手・初期当選・該当×該当(WEST含まず)のみ・過去エラー郵送物戻りなし

・公演前日に集合時間・場所等を連絡します。(8:30入場予定)
・入場後チケットを回収し、選択後にチケットをお渡しします。
・体調不良、交通機関の乱れ、出演者の変更等、取引成立後いかなる場合も買い手様都合でのキャンセルは対応いたしません。
・座席に関するクレーム等一切対応いたしません。
・ランダムエラー、本人確認などによる返金対応は一切行いません。
・公式による公演中止の場合のみ手数料を差し引いた金額を返金します。",True,ks9b8vawv1,2026-09-28 13:03:12,active,2026-09-29 09:16:12,,public_detail,False,public_detail,active,"3名義中3番手・初期当選・該当×該当(WEST含まず)のみ・過去エラー郵送物戻りなし

・公演前日に集合時間・場所等を連絡します。(8:30入場予定)
・入場後...",public_detail,2026-09-29 09:16:12,True,2026-09-29 09:16:12,1Cl2VvDmJVZqGnDqCyq0,"{""isSpecified"": false, ""value"": """"}"
2za2yzdoso,,kamigata-expo-park-fes-2026,2026-10-31,,[大阪府] 万博記念公園,electronic,female,公演前日QR共有,チケちゃん,4.8,,QR,2026-09-29 01:13:15,public_alias_observed,2026-09-29 09:03:20,,,listing,1,48000,"単番QR毎/なにわ名義 / 初期当選 / 有効期限内名義 / すり替え重複なし / 下3桁提示可能/過去当選歴なし/エラーなし/発送物戻りなし

※必ずご確認ください
・公演日の前日にログイン情報をお伝えします。
・入場後速やかにログアウトお願い致します。
・公演中止以外のQRエラー等による入場トラブル、当日の体調不良、座席に関してのクレーム等如何なる場合も返金対応は一切致しかねます。公演が中止になった場合のみ手数料を差し引いた金額を返金致します。",True,2za2yzdoso,2026-09-26 02:01:13,active,2026-09-29 09:15:21,,public_detail,False,public_detail,active,"単番QR毎/なにわ名義 / 初期当選 / 有効期限内名義 / すり替え重複なし / 下3桁提示可能/過去当選歴なし/エラーなし/発送物戻りなし

※必ずご確認く...",public_detail,2026-09-29 09:15:21,True,2026-09-29 09:15:21,1Cl2VvDmJVZqGnDqCyq0,"{""isSpecified"": false, ""value"": """"}"
hfn2bef30g,,kamigata-expo-park-fes-2026,2026-10-31,,[大阪府] 万博記念公園,electronic,female,同行,mgt,5.0,,番手,2026-09-29 01:13:15,public_alias_observed,2026-09-29 09:03:20,,,listing,2,60000,"6名義中2番手

初期当選、有効期限内、下3桁提示可、重複すり替えなし


ランダムエラー、出演者変更、体調不良、交通機関の乱れなどの如何なる理由により入場できなかった場合でも受け取り通知をして頂きます。購入後のクレームについては一切受け付けませんのでご了承ください。

当日開園前集合できる方のみご購入お願い致します。
",True,hfn2bef30g,2026-09-26 02:01:13,active,2026-09-29 09:15:23,,public_detail,False,public_detail,active,"6名義中2番手

初期当選、有効期限内、下3桁提示可、重複すり替えなし


ランダムエラー、出演者変更、体調不良、交通機関の乱れなどの如何なる理由により入場でき...",public_detail,2026-09-29 09:15:23,True,2026-09-29 09:15:23,1Cl2VvDmJVZqGnDqCyq0,"{""isSpecified"": false, ""value"": """"}"
w9p54irc5m,,kamigata-expo-park-fes-2026,2026-10-31,,[大阪府] 万博記念公園,electronic,female,同行,ゆちゃん,5.0,,同行,2026-09-29 01:13:15,public_alias_observed,2026-09-29 09:03:20,,,listing,1,85000,"初期当選/重複すり替え無し/下3桁提示可/有効期限内//なにわ名義/FC同士
【当選歴】
1stLove アリーナ
POPMALL スタンド
Alpha 花道横


2連中1枚(高橋担不可)  

チケットと引き換えに、受取連絡をお願いいたします。
座席に関するクレームは一切受け付けません。

当日会場付近で待ち合わせし、同時入場していただきます。時間厳守でお願いいたします。
遅刻等で待ち合わせ時間に間に合わなかった場合でも受取連絡はしていただきますのでお時間に余裕を持ってお越しください。

公演中止以外でのランダムエラー、席種、本人確認、体調不良、担当不在、交通機関の乱れいかなる場合でも返金キャンセル不可

ご購入いただいた時点で上記すべてに同意いただけたものと見なします。

ご不明点やご質問等ございましたら必ずご購入前にお問い合わせください。",True,w9p54irc5m,2026-09-26 02:01:13,active,2026-09-29 09:15:21,,public_detail,False,public_detail,active,"初期当選/重複すり替え無し/下3桁提示可/有効期限内//なにわ名義/FC同士
【当選歴】
1stLove アリーナ
POPMALL スタンド
Alpha 花道横...",public_detail,2026-09-29 09:15:21,True,2026-09-29 09:15:21,1Cl2VvDmJVZqGnDqCyq0,"{""isSpecified"": false, ""value"": """"}"
6hfuumw86a,,kamigata-expo-park-fes-2026,2026-10-31,,[大阪府] 万博記念公園,paper,female,当日手渡し,★,5.0,,同行,2026-09-29 01:13:15,public_alias_observed,2026-09-29 09:03:20,,,listing,2,50000,"初期当選/3名義中2番手/有効期限名義のみ/WEST×WEST・Aぇ×Aぇ/すり替えなし/下3桁提示可

プラベルでのお取引可能な方はお申し付けください。


入場後はチケットを一旦回収し、当方が座席選択後に順次チケットをお渡し致します。チケットを選ぶのにお時間がかかる場合がございます。チケットをお渡しする際に、その場で受け取り連絡をお願いいたします。

電波環境が悪い場合がございますので事前に電話番号を伺うことがございますのでご了承ください。



当日は、事前に連絡ボードでお伝えする指定した時間、場所にお集まりいただきます。10分以上遅刻された場合は購入様を待たずに入場いたしますが、その際も受け取り連絡はしていただきます。
詳しい集合場所、時間等につきましては 連絡ボードにて連絡させていただきます。
 座席に関するクレームは受付ません。  


遅刻や体調不良、本人確認、システムエラーやランダムエラー等、主催者側による公演中止以外でのキャンセル・返金対応はいかなる理由でも致しません。  
遅刻された場合は先に入場させていただきますが、受取評価はしていただきます。  

未就学児をお連れの方、持病や怪我等がある方、キャリーケース等大きなお荷物をお持ちの方のご購入はご遠慮ください。
購入者様本人がお越し頂くようお願いいたします。代理購入は遠慮ください。

上記をご確認頂き、日本語でスムーズにご連絡の取れる方のみご購入下さい。

ご購入頂いた時点で、上記全てにご了承頂いたものとみなし送金停止含むクレームは一切お受け致しません。",True,6hfuumw86a,2026-09-26 02:01:13,active,2026-09-29 09:15:24,,public_detail,False,public_detail,active,"初期当選/3名義中2番手/有効期限名義のみ/WEST×WEST・Aぇ×Aぇ/すり替えなし/下3桁提示可

プラベルでのお取引可能な方はお申し付けください。...",public_detail,2026-09-29 09:15:24,True,2026-09-29 09:15:24,1Cl2VvDmJVZqGnDqCyq0,"{""isSpecified"": false, ""value"": """"}"
x3s2lvnbap,,kamigata-expo-park-fes-2026,2026-10-31,,[大阪府] 万博記念公園,electronic,female,当日渡し,Me_7teor,5.0,,ランダム,2026-09-29 01:13:15,public_alias_observed,2026-09-29 09:03:20,,,listing,2,24000,"ランダム配布
初期当選のみ/有効期限内/複数名義所持

ランダムエラー、出演者変更、体調不良、交通機関の乱れなどの如何なる理由により入場できなかった場合でも受け取り通知をして頂きます。購入後のクレームについては一切受け付けませんのでご了承ください。

当日8:30入場可能な方のみでお願い致します。",True,x3s2lvnbap,2026-09-26 02:01:13,active,2026-09-29 09:15:23,,public_detail,False,public_detail,active,"ランダム配布
初期当選のみ/有効期限内/複数名義所持

ランダムエラー、出演者変更、体調不良、交通機関の乱れなどの如何なる理由により入場できなかった場合でも受け...",public_detail,2026-09-29 09:15:23,True,2026-09-29 09:15:23,1Cl2VvDmJVZqGnDqCyq0,"{""isSpecified"": false, ""value"": """"}"
wija45ykq0,,kamigata-expo-park-fes-2026,2026-10-31,,[大阪府] 万博記念公園,electronic,female,同行,ari,5.0,,番手,2026-09-29 01:13:15,public_alias_observed,2026-09-29 09:03:20,,,listing,1,20000,"3名義所持(2連×1名義、単番×2名義)/4枚中4番手/初期当選/Aぇ名義/有効期限内/すり替えなし/下3桁提示可

プラベルでのお取引希望の方は移行させていただきますので、メッセージをお願いします。

公演当日、会場付近にて集合後同時入場していただきます。時間厳守できる方のみ購入をお願いします。指定した時間に遅れた場合も待たずに入場しますが、受取報告をしていただきます。

入場後一旦チケットを回収し、座席選択後にチケットをお渡しします。購入者様に座席選択の権利はございません。
チケットお渡しの際に受取報告をお願いします。受取報告を確認できるまでチケットはお渡しできませんのでご了承ください。

代理購入不可、未就学児を連れてる方の購入不可、スーツケース等大きい荷物の持ち込みもご遠慮ください。

遅刻、体調不良、交通機関等遅延、本人確認、ランダムエラー等公演中止以外の返金は一切対応できません。

日本語が話せてスムーズにご連絡の取れる方のみご購入ください。
購入いただいた時点で、上記全て了承したものとみなしクレームは一切受け付けません。",True,wija45ykq0,2026-09-26 02:01:13,active,2026-09-29 09:15:25,,public_detail,False,public_detail,active,"3名義所持(2連×1名義、単番×2名義)/4枚中4番手/初期当選/Aぇ名義/有効期限内/すり替えなし/下3桁提示可

プラベルでのお取引希望の方は移行させていた...",public_detail,2026-09-29 09:15:25,True,2026-09-29 09:15:25,1Cl2VvDmJVZqGnDqCyq0,"{""isSpecified"": false, ""value"": """"}"
vaypc43ymh,,kamigata-expo-park-fes-2026,2026-10-31,,[大阪府] 万博記念公園,electronic,female,公演前日ログイン情報送付,14,5.0,,QR,2026-09-29 01:13:15,public_alias_observed,2026-09-29 09:03:20,,,listing,2,35000,"west.名義/初期当選/有効期限内会員/QRでのお譲り/すり替えなし/下3桁提示可能

公演前日にログイン情報を送付します。
入場後は速やかにログアウトください。

公演中止の場合のみ手数料を差し引いて返金いたします。
体調不良、本人確認、ランダムエラーなどのいかなる場合も返金は致しませんので、ご了承下さい。",True,vaypc43ymh,2026-09-26 02:01:13,active,2026-09-29 09:15:25,,public_detail,False,public_detail,active,"west.名義/初期当選/有効期限内会員/QRでのお譲り/すり替えなし/下3桁提示可能

公演前日にログイン情報を送付します。
入場後は速やかにログアウトくださ...",public_detail,2026-09-29 09:15:25,True,2026-09-29 09:15:25,1Cl2VvDmJVZqGnDqCyq0,"{""isSpecified"": false, ""value"": """"}"
qtw87z6vb4,,kamigata-expo-park-fes-2026,2026-10-31,,[大阪府] 万博記念公園,electronic,female,同行,@,5.0,,同行 / 番手,2026-09-29 01:13:15,public_alias_observed,2026-09-29 09:03:20,,,listing,2,25000,"2名義中2番手　全てAぇ名義　会員番号下3桁ご提示可能
同時入場後、当方が選ばなかった方のチケットをお渡しします。
集合時間、場所につきましては前日までにはお伝えします。
8時半以降の入場になる場合がありますので、ご理解ある方でお願いします。
公演中止の際のみ、手数料等を引いた金額を返金させて頂きます。",True,qtw87z6vb4,2026-09-26 02:01:13,active,2026-09-29 09:15:23,,public_detail,False,public_detail,active,"2名義中2番手　全てAぇ名義　会員番号下3桁ご提示可能
同時入場後、当方が選ばなかった方のチケットをお渡しします。
集合時間、場所につきましては前日までにはお伝...",public_detail,2026-09-29 09:15:23,True,2026-09-29 09:15:23,1Cl2VvDmJVZqGnDqCyq0,"{""isSpecified"": false, ""value"": """"}"
8wzmxvkwod,,kamigata-expo-park-fes-2026,2026-10-31,,[大阪府] 万博記念公園,electronic,female,公演前日にログイン情報お渡し,あ,5.0,,QR,2026-09-29 01:13:15,public_alias_observed,2026-09-29 09:03:20,,,listing,1,40000,"WEST名義/QR毎/重複すり替え無し/下3桁提示可/有効期限内

公演前日にログインに必要な情報を連絡ボードにてお伝えします。

※ランダムエラー、出演者の欠席、交通機関の遅延、購入者様のご予定や体調によるキャンセル等、公演中止以外は返金いたしかねます。
受け取り評価をしていただきます。

入場後は速やかにログアウト、受け取り連絡をお願い致します。
",True,8wzmxvkwod,2026-09-26 01:01:13,active,2026-09-29 09:15:26,,public_detail,False,public_detail,active,"WEST名義/QR毎/重複すり替え無し/下3桁提示可/有効期限内

公演前日にログインに必要な情報を連絡ボードにてお伝えします。

※ランダムエラー、出演者の欠...",public_detail,2026-09-29 09:15:26,True,2026-09-29 09:15:26,1Cl2VvDmJVZqGnDqCyq0,"{""isSpecified"": false, ""value"": """"}"
gvzczdwrp8,,kamigata-expo-park-fes-2026,2026-10-31,,[大阪府] 万博記念公園,electronic,female,公演日1日前までにQRコード共有,ｙ,5.0,,QR,2026-09-29 01:13:15,public_alias_observed,2026-09-29 09:03:20,,,listing,1,44000,"なにわ名義/初期当選/重複すり替えなし/有効期限内/下３桁開示可/発送物戻り無/過去エラー歴無

公演前日に必要な情報等を連絡ボードにてお知らせ致します。代表者の同意チェックは購入者様ご自身でお願い致します。
公演当日入場後は速やかにログアウトして頂き、必ず開演時間までに受け取り通知をお願い致します。
座席に関するクレーム等は一切受け付けません。公演中止を除き交通機関遅れ、体調不良等購入者様都合の事情、ランダムエラー等如何なる場合も返金致しません。
お取引成立後は如何なる場合も必ず受け取り通知を完了して頂きますのでご了承下さい。取引成立後の取引キャンセルも承る事が出来ないのでご了承下さい。上記の場合も必ず受け取り評価は行って頂きます。
ご購入は上記を了承した上で日本語の理解出来る、成人済み日本人の方でお願い致します。",True,gvzczdwrp8,2026-09-26 02:01:13,active,2026-09-29 09:15:27,,public_detail,False,public_detail,active,"なにわ名義/初期当選/重複すり替えなし/有効期限内/下３桁開示可/発送物戻り無/過去エラー歴無

公演前日に必要な情報等を連絡ボードにてお知らせ致します。代表者...",public_detail,2026-09-29 09:15:27,True,2026-09-29 09:15:27,1Cl2VvDmJVZqGnDqCyq0,"{""isSpecified"": false, ""value"": """"}"
nvz54zfjkc,,kamigata-expo-park-fes-2026,2026-10-31,,[大阪府] 万博記念公園,electronic,female,同行,いよ,5.0,,番手,2026-09-29 01:13:15,public_alias_observed,2026-09-29 09:03:20,,,listing,2,35000,"4名義中2番手/全てアンビ名義・初期当選・有効期限内・郵送物戻りなし/下3桁提示可/サイチェン可

公演当日、8:10（開場20分前）頃に会場付近にて待ち合わせし、同時入場していただきます。今後の案内によっては早まる可能性もございますのでご了承願います。
詳しい待ち合わせ時間・場所等は、ご入金後に連絡ボードでお知らせします。

入場後に一旦チケットを回収いたします。こちらが選択後、残りの3名義からチケットをご選択ください。
チケットを受け取られましたらその場で受取連絡をお願いいたします。

公演中止の場合のみ、手数料を差し引いた全額を返金いたします。その他のいかなる理由でも返金はいたしかねますので予めご了承ください。",True,nvz54zfjkc,2026-09-26 01:01:13,active,2026-09-29 09:15:26,,public_detail,False,public_detail,active,"4名義中2番手/全てアンビ名義・初期当選・有効期限内・郵送物戻りなし/下3桁提示可/サイチェン可

公演当日、8:10（開場20分前）頃に会場付近にて待ち合わせ...",public_detail,2026-09-29 09:15:26,True,2026-09-29 09:15:26,1Cl2VvDmJVZqGnDqCyq0,"{""isSpecified"": false, ""value"": """"}"
ka0fapwppq,,kamigata-expo-park-fes-2026,2026-10-31,,[大阪府] 万博記念公園,electronic,female,同行,おの,5.0,,番手,2026-09-29 01:13:15,public_alias_observed,2026-09-29 09:03:20,,,listing,1,48000,"6名義中3番手/下3桁提示可能/単番当選のみ/全てSUPEREIGHT FC枠

・入場方法やブロックの詳細がまだ不明瞭な為、詳しい待ち合わせの時間等は公演三日前にお知らせさせていただきます。
場合によっては開園の8:30に入場する可能性がありますので、念の為間に合うようスケジュールの調整をお願いいたします。

・当日の待ち合わせは、複数の方が集まりますので時間厳守でお願いいたします。遅刻されてもそのまま入場いたします。その際も受け取り評価はしていだきますのでご了承ください。

・発券の際端末をお借りすることがございます。

・交通機関の乱れや体調不良、ランダムエラー、相場の変動や復活当選等いかなる場合もキャンセルや返金はお受けできませんのでご了承ください。

※全文ご確認ください、購入は上記を承認したものとみなします。",True,ka0fapwppq,2026-09-26 02:01:13,active,2026-09-29 09:15:28,,public_detail,False,public_detail,active,"6名義中3番手/下3桁提示可能/単番当選のみ/全てSUPEREIGHT FC枠

・入場方法やブロックの詳細がまだ不明瞭な為、詳しい待ち合わせの時間等は公演三日...",public_detail,2026-09-29 09:15:28,True,2026-09-29 09:15:28,1Cl2VvDmJVZqGnDqCyq0,"{""isSpecified"": false, ""value"": """"}"
c8i5guph6j,,kamigata-expo-park-fes-2026,2026-10-31,,[大阪府] 万博記念公園,electronic,female,同行,すたー,5.0,,,2026-09-29 01:13:15,public_alias_observed,2026-09-29 09:03:20,,,listing,2,25000,"FC先行/有効期限名義のみ/条件あり/2名義中2番手/すり替えなし/下3桁提示可

詳しい集合場所、時間等につきましては連絡ボードにて連絡させていただきます。
座席に関するクレームは受付ません。
キャリーケース等大きな荷物は事前に預けた状態でお越しください。
入場後発送通知を行いますのでチケット受取後、速やかに受取通知して頂きますようお願いします。
遅刻や体調不良、本人確認、システムエラーやランダムエラー等、主催者側による公演中止以外でのキャンセル・返金対応はいかなる理由でも致しません。
遅刻された場合は先に入場させていただきますが、受取評価はしていただきます。
上記をご確認頂き、日本語でスムーズにご連絡の取れる方のみご購入下さい。
代理購入はご遠慮下さい。
ご購入頂いた時点で、上記全てにご了承頂いたものとみなし送金停止含むクレームは一切お受け致しませ
ん。",True,c8i5guph6j,2026-09-26 02:01:13,active,2026-09-29 09:15:25,,public_detail,False,public_detail,active,"FC先行/有効期限名義のみ/条件あり/2名義中2番手/すり替えなし/下3桁提示可

詳しい集合場所、時間等につきましては連絡ボードにて連絡させていただきます。...",public_detail,2026-09-29 09:15:25,True,2026-09-29 09:15:25,1Cl2VvDmJVZqGnDqCyq0,"{""isSpecified"": false, ""value"": """"}"
zad60jqhk2,,kamigata-expo-park-fes-2026,2026-10-31,,[大阪府] 万博記念公園,electronic,female,公演前日にログイン情報共有,み,5.0,,QR,2026-09-29 01:13:15,public_alias_observed,2026-09-29 09:03:20,,,listing,2,40000,"なにわ名義/有効期限内/重複すり替えなし/下3桁提示可

2連QRごと
公演前日にログイン情報をお伝えいたしますのでご自身でログイン、ご入場ください。
入場後は速やかにログアウト、受け取り連絡をお願いいたします。

座席に関するクレームは一切承りかねますのでご了承ください。

ランダムエラー、本人確認、交通機関の乱れおよび出演者変更等、公演中止以外のいかなる場合でも返金はいたしかねます。公演中止の場合のみ規定に基づき返金させていただきます。

日本語で問題なくやり取りができる、また、こまめに連絡の取れる日本人女性のみご購入をお願いいたします。
ご購入いただいた時点で上記すべてに同意いただけたものと見なします。

ご不明点やご質問等ございましたら必ずご購入前にお問い合わせください。
プラベルでのお取引可能な方優先いたしますので、ご購入希望の方はチャットにてお申し付けください。",True,zad60jqhk2,2026-09-26 02:01:13,active,2026-09-29 09:15:28,,public_detail,False,public_detail,active,"なにわ名義/有効期限内/重複すり替えなし/下3桁提示可

2連QRごと
公演前日にログイン情報をお伝えいたしますのでご自身でログイン、ご入場ください。
入場後は...",public_detail,2026-09-29 09:15:28,True,2026-09-29 09:15:28,1Cl2VvDmJVZqGnDqCyq0,"{""isSpecified"": false, ""value"": """"}"
nv3lpdpcdt,,kamigata-expo-park-fes-2026,2026-10-31,,[大阪府] 万博記念公園,electronic,female,2名義中2番手,S,5.0,,番手 / 同行,2026-09-29 01:13:15,public_alias_observed,2026-09-29 09:03:20,,,listing,2,28000,"全てAぇ名義/初期当選/2名義中2番手/全て今ツ落選名義

プラベル切り替え対応可能

当日の集合時間や場所等に関しては連絡ボードにてご連絡いたします。

待ち合わせ時間から10分以上遅刻される場合はお待ちせず入場いたします。
その際も受取通知は必ずしていただきます。
お連れ様と別々で入場していただく可能性がありますが、必ず連番でお渡しいたします。

チケットをお渡しする際、その場で速やかに受取通知をお願いいたします。

また、公演中止以外での返金は一切受けつけておりません。
当方が選ばなかった座席をお渡しいたしますので、購入者様には座席の選択権利がないこと予めご了承ください。
座席へのクレームも一切お受けしておりません。

代理購入はお控えください。
以上のことをご理解頂いた上で、日本語のわかる20歳以上の日本人女性のみご購入ください。
",True,nv3lpdpcdt,2026-09-26 02:01:13,active,2026-09-29 09:15:27,,public_detail,False,public_detail,active,"全てAぇ名義/初期当選/2名義中2番手/全て今ツ落選名義

プラベル切り替え対応可能

当日の集合時間や場所等に関しては連絡ボードにてご連絡いたします。

待ち...",public_detail,2026-09-29 09:15:27,True,2026-09-29 09:15:27,1Cl2VvDmJVZqGnDqCyq0,"{""isSpecified"": false, ""value"": """"}"
mf4d75fyxn,,kamigata-expo-park-fes-2026,2026-10-31,,[大阪府] 万博記念公園,electronic,female,同行,m,5.0,,番手,2026-09-29 01:13:15,public_alias_observed,2026-09-29 09:03:20,,,listing,2,25000,"2名義中2番手/エイト×Aぇ、Jr×Jr名義/初期当選/有効期限名義のみ/すり替えなし

当日、開場時間前に会場付近で待ち合わせし、同時入場していただきます。
入場後はチケットを一旦回収し、当方が選ばなかったチケットをお渡し致します。チケットを選ぶのにお時間がかかる場合がございますのでご理解ください。

会場の電波環境が悪い可能性がございますので、事前に電話番号をお伺い致します。

当日購入者様の遅刻、体調不良により入場できなかった場合、本人確認、入場時のランダムエラーや入場エラ一、座席などへのクレームでの返金は一切致しかねます。また、公演中止以外のキャンセルは一切受け付けません。そのような場合でも必ず受取連絡はして頂きますのでご了承ください。

チケットをお渡しさせて頂く際に、必ず受取連絡をお願い致します。受取連絡をして頂いた時点でお取引が問題なく完了したこととみなし、それ以降のクレーム等は受け付けません。ご購入はいかなる場合も返金、キャンセル処理は致しません。ご了承ください。

必ず上記事項にご理解頂けた方、20歳以上の日本人女性の方のみご購入お願い致します。公演中止の際には手数料を差し引いた金額を返金します。",True,mf4d75fyxn,2026-09-26 02:01:13,active,2026-09-29 09:15:28,,public_detail,False,public_detail,active,"2名義中2番手/エイト×Aぇ、Jr×Jr名義/初期当選/有効期限名義のみ/すり替えなし

当日、開場時間前に会場付近で待ち合わせし、同時入場していただきます。...",public_detail,2026-09-29 09:15:28,True,2026-09-29 09:15:28,1Cl2VvDmJVZqGnDqCyq0,"{""isSpecified"": false, ""value"": """"}"
pahoma4zlf,,kamigata-expo-park-fes-2026,2026-10-31,,[大阪府] 万博記念公園,electronic,female,公演日前日にログイン情報共有,Ｎ,5.0,,QR,2026-09-29 01:13:15,public_alias_observed,2026-09-29 09:03:20,,,listing,2,40000,"WEST.名義初期当選
入場後速やかに受取連絡・ログアウトお願いします
座席に関してクレームは受け付けません
郵送物戻り・過去ランダムエラー等無し
ランダムエラー等対応不可
ランダムエラー等入場出来なかった際も受取連絡お願いします
購入後のキャンセル不可
ご不明な点は申請前にコメントお願いします",True,pahoma4zlf,2026-09-28 04:02:51,active,2026-09-29 09:16:10,,public_detail,False,public_detail,active,"WEST.名義初期当選
入場後速やかに受取連絡・ログアウトお願いします
座席に関してクレームは受け付けません
郵送物戻り・過去ランダムエラー等無し
ランダムエラ...",public_detail,2026-09-29 09:16:10,True,2026-09-29 09:16:10,1Cl2VvDmJVZqGnDqCyq0,"{""isSpecified"": false, ""value"": """"}"
3qtqo6kinu,,kamigata-expo-park-fes-2026,2026-10-31,,[大阪府] 万博記念公園,electronic,female,同行,ま,5.0,,QR / 同行 / 番手,2026-09-29 01:13:15,public_alias_observed,2026-09-29 09:03:20,,,listing,2,25000,"3名義中2番手/すべてなにわ名義/初期当選/有効期限名義/すり替えなし/下3桁提示可

当日同時入場していただきます。
入場方法等が詳しく分かり次第、集合時間・待ち合わせ場所をこちらからご連絡させて頂きます。場合によってはQR毎のお渡しになる場合がございます。柔軟に対応していただける方のみご購入お願いします。

入場後はチケットを一旦回収し、当方が選ばなかったチケットをお渡し致します。チケットを選ぶのにお時間がかかる場合がございますのでご理解ください。

会場の電波環境が悪い可能性がございますので、事前に電話番号をお伺い致します。

当日購入者様の遅刻、体調不良により入場できなかった場合、本人確認、入場時のランダムエラーや入場エラ一、座席などへのクレームでの返金は一切致しかねます。また、公演中止以外のキャンセルは一切受け付けません。そのような場合でも必ず受取連絡はして頂きますのでご了承ください。

チケットをお渡しさせて頂く際に、必ず受取連絡をお願い致します。受取連絡をして頂いた時点でお取引が問題なく完了したこととみなし、それ以降のクレーム等は受け付けません。ご購入はいかなる場合も返金、キャンセル処理は致しません。ご了承ください。

必ず上記事項にご理解頂けた方、20歳以上の日本人女性の方のみご購入お願い致します。公演中止の際には手数料を差し引いた金額を返金します。",True,3qtqo6kinu,2026-09-27 04:01:14,active,2026-09-29 09:15:29,,public_detail,False,public_detail,active,"3名義中2番手/すべてなにわ名義/初期当選/有効期限名義/すり替えなし/下3桁提示可

当日同時入場していただきます。
入場方法等が詳しく分かり次第、集合時間・...",public_detail,2026-09-29 09:15:29,True,2026-09-29 09:15:29,1Cl2VvDmJVZqGnDqCyq0,"{""isSpecified"": false, ""value"": """"}"
gk1c8espw9,,kamigata-expo-park-fes-2026,2026-10-31,,[大阪府] 万博記念公園,electronic,female,同行,Jn,5.0,,,2026-09-29 01:13:15,public_alias_observed,2026-09-29 09:03:20,,,listing,1,34000,エイト名義(同行WEST.)/自名義/初期当選/下3桁共有可能/1名義中1名義目/すり替えなし/有効期限内/同行,True,gk1c8espw9,2026-09-26 02:01:13,active,2026-09-29 09:15:30,,public_detail,False,public_detail,active,エイト名義(同行WEST.)/自名義/初期当選/下3桁共有可能/1名義中1名義目/すり替えなし/有効期限内/同行,public_detail,2026-09-29 09:15:30,True,2026-09-29 09:15:30,1Cl2VvDmJVZqGnDqCyq0,"{""isSpecified"": false, ""value"": """"}"
ycgvpzetyl,,kamigata-expo-park-fes-2026,2026-10-31,,[大阪府] 万博記念公園,electronic,female,同行,り,5.0,,,2026-09-29 01:13:15,public_alias_observed,2026-09-29 09:03:20,,,listing,2,35000,"7名義中4番手
初期当選/なにわ名義×情報局該当名義/有効期限内/すり替えなし/下三桁提示可能

ランダムエラー、出演者変更、体調不良、交通機関の乱れなどの如何なる理由により入場できなかった場合でも受け取り通知をして頂きます。購入後のクレームについては一切受け付けませんのでご了承ください。

当日8:30入場可能な方のみでお願いいたします。",True,ycgvpzetyl,2026-09-26 02:01:13,active,2026-09-29 09:15:30,,public_detail,False,public_detail,active,"7名義中4番手
初期当選/なにわ名義×情報局該当名義/有効期限内/すり替えなし/下三桁提示可能

ランダムエラー、出演者変更、体調不良、交通機関の乱れなどの如何...",public_detail,2026-09-29 09:15:30,True,2026-09-29 09:15:30,1Cl2VvDmJVZqGnDqCyq0,"{""isSpecified"": true, ""value"": ""\u5e2d\u7a2e\u672a\u5b9a""}"
y1ezdgzbdw,,kamigata-expo-park-fes-2026,2026-10-31,,[大阪府] 万博記念公園,electronic,female,同時入場,Airi,5.0,,番手,2026-09-29 01:13:15,public_alias_observed,2026-09-29 09:03:20,,,listing,2,50000,"初期当選/2名義中2番手/有効期限名義/すり替えなし

・入場後はチケットを一旦回収し、当方が座席選択後に順次チケットをお渡し致します。
※チケットを選ぶのにお時間がかかる場合がございます。チケットをお渡しする際に、その場で受け取り連絡をお願いいたします。
・電波環境が悪い場合がございますので事前に電話番号を伺うことがございますのでご了承ください。
・当日は、事前に連絡ボードでお伝えする指定した時間、場所にお集まりいただきます。
※10分以上遅刻された場合は購入様を待たずに入場いたしますが、その際も受け取り連絡はしていただきます。
詳しい集合場所、時間等につきましては 連絡ボードにて連絡させていただきます。
・ 座席に関するクレームは受付ません。  
・遅刻や体調不良、本人確認、システムエラーやランダムエラー等、主催者側による公演中止以外でのキャンセル・返金対応はいかなる理由でも致しません。  
・未就学児をお連れの方、持病や怪我等がある方のご購入はご遠慮ください。
・購入者様本人がお越し頂くようお願いいたします。代理購入は遠慮ください。
・上記をご確認頂き、日本語でスムーズにご連絡の取れる方のみご購入下さい。
・ご購入頂いた時点で、上記全てにご了承頂いたものとみなし送金停止含むクレームは一切お受け致しません。",True,y1ezdgzbdw,2026-09-26 02:01:13,active,2026-09-29 09:15:29,,public_detail,False,public_detail,active,"初期当選/2名義中2番手/有効期限名義/すり替えなし

・入場後はチケットを一旦回収し、当方が座席選択後に順次チケットをお渡し致します。
※チケットを選ぶのにお...",public_detail,2026-09-29 09:15:29,True,2026-09-29 09:15:29,1Cl2VvDmJVZqGnDqCyq0,"{""isSpecified"": false, ""value"": """"}"
e82dxc57mz,,kamigata-expo-park-fes-2026,2026-10-31,,[大阪府] 万博記念公園,electronic,female,同行,たまご,5.0,,同行,2026-09-29 01:13:15,public_alias_observed,2026-09-29 09:03:20,,,listing,1,30000,"なにわ名義/有効期限内/重複すり替えなし/下3桁提示可

※ プライベートチケットに切り替えますのでコメントお送りください。
2連中1枚同行でのお譲りとなります。
大橋担不可

当日会場付近で待ち合わせし、同時入場していただきます。
時間厳守でお願いいたします。遅刻された場合は待たずに入場いたしますが、その場合でも必ず受け取り連絡をしていただきますので、お時間に余裕を持ってお越しください。

座席に関するクレームは一切承りかねますのでご了承ください。

ランダムエラー、本人確認、交通機関の乱れおよび出演者変更等、公演中止以外のいかなる場合でも返金はいたしかねます。公演中止の場合のみ規定に基づき返金させていただきます。

日本語で問題なくやり取りができる、また、こまめに連絡の取れる20歳以上日本人女性のみご購入をお願いいたします。
ご購入いただいた時点で上記すべてに同意いただけたものと見なします。

ご不明点やご質問等ございましたら必ずご購入前にお問い合わせください。",True,e82dxc57mz,2026-09-26 02:01:13,active,2026-09-29 09:15:32,,public_detail,False,public_detail,active,"なにわ名義/有効期限内/重複すり替えなし/下3桁提示可

※ プライベートチケットに切り替えますのでコメントお送りください。
2連中1枚同行でのお譲りとなります...",public_detail,2026-09-29 09:15:32,True,2026-09-29 09:15:32,1Cl2VvDmJVZqGnDqCyq0,"{""isSpecified"": false, ""value"": """"}"
xqliqdvmny,,kamigata-expo-park-fes-2026,2026-10-31,,[大阪府] 万博記念公園,electronic,female,同行,け,5.0,,番手,2026-09-29 01:13:15,public_alias_observed,2026-09-29 09:03:20,,,listing,1,30000,"初期当選/2名義中2番手/有効期限名義のみ/Aぇ名義/すり替えなし/下3桁提示可能/発送物戻りなし
購入の際はコメントください。プライベート出品に変更いたします。
・入場後はチケットを一旦回収し、当方が選択しなかったチケットをお渡しします。チケットを選ぶのにお時間がかかる場合がございますのでご理解ください。

・電波環境が悪い場合がございますので事前に電話番号を伺うことがございますので、ご了承ください。

・本人確認やランダムエラーでは返金いたしますが、
購入者様の遅刻、体調不良、公演中止以外での返金は一切いたしかねます。そのような場合でも必ず受取連絡はして頂きますのでご了承ください。

・当日お席に関するクレームは受け付けません。

・受取連絡と引き換えでチケットをお渡しいたします。

・日本語の通じる女性のみご購入ください。ご購入いただいた時点で記載事項に同意いただいたものとみなします。

エラーの際はご返金いたします。",True,xqliqdvmny,2026-09-26 02:01:13,active,2026-09-29 09:15:30,,public_detail,False,public_detail,active,"初期当選/2名義中2番手/有効期限名義のみ/Aぇ名義/すり替えなし/下3桁提示可能/発送物戻りなし
購入の際はコメントください。プライベート出品に変更いたします...",public_detail,2026-09-29 09:15:30,True,2026-09-29 09:15:30,1Cl2VvDmJVZqGnDqCyq0,"{""isSpecified"": false, ""value"": """"}"
pdn5qqm7f7,,kamigata-expo-park-fes-2026,2026-10-31,,[大阪府] 万博記念公園,electronic,female,公演当日 情報共有,13,5.0,,QR,2026-09-29 01:13:15,public_alias_observed,2026-09-29 09:03:20,,,listing,2,24000,"SUPER EIGHT名義/初期当選/QRごと/すり替えなし/下3桁提示可/郵送物戻りなし


・公演前日にメッセージにて情報共有いたします。
・出演者変更、体調不良、エラー等、公演中止・延期以外のいかなる場合でも返金対応はできません。
・本人確認、遅刻、体調不良、同意チェックのエラーにより入場できなくても受取報告をお願いいたします。
・同意チェックとQR 表示はご自身で行って頂きますようお願いします。

全て理解された日本人女性のみ購入して頂くようお願いします。
",True,pdn5qqm7f7,2026-09-26 05:01:09,active,2026-09-29 09:15:32,,public_detail,False,public_detail,active,"SUPER EIGHT名義/初期当選/QRごと/すり替えなし/下3桁提示可/郵送物戻りなし


・公演前日にメッセージにて情報共有いたします。
・出演者変更、体...",public_detail,2026-09-29 09:15:32,True,2026-09-29 09:15:32,1Cl2VvDmJVZqGnDqCyq0,"{""isSpecified"": false, ""value"": """"}"
qcahtqqe4r,,kamigata-expo-park-fes-2026,2026-10-31,,[大阪府] 万博記念公園,electronic,female,同行,さ,5.0,,番手,2026-09-29 01:13:15,public_alias_observed,2026-09-29 09:03:20,,,listing,1,35000,"3名義中2番手/有効期限内/すり替えなし/下3桁提示可/全てなにわ名義


・公演中止以外のいかなる場合でも返金はいたしません。
ランダムエラー・本人確認・交通機関の遅延・体調不良・出演者変更などがあった場合でも返金キャンセル不可となります。

成人済み日本人女性のみご購入をお願いします。",True,qcahtqqe4r,2026-09-26 02:01:13,active,2026-09-29 09:15:31,,public_detail,False,public_detail,active,"3名義中2番手/有効期限内/すり替えなし/下3桁提示可/全てなにわ名義


・公演中止以外のいかなる場合でも返金はいたしません。
ランダムエラー・本人確認・交通...",public_detail,2026-09-29 09:15:31,True,2026-09-29 09:15:31,1Cl2VvDmJVZqGnDqCyq0,"{""isSpecified"": false, ""value"": """"}"
ogasr4z251,,kamigata-expo-park-fes-2026,2026-10-31,,[大阪府] 万博記念公園,electronic,female,同時入場,り,5.0,,番手,2026-09-29 01:13:15,public_alias_observed,2026-09-29 09:03:20,,,listing,2,36000,"2名義中2番手/初期当選/Aぇ名義/期限内/下3桁提示可



詳しい集合時間/場所につきましては、前日までに連絡ボードにてお伝え致します。
こちらが指定した集合場所にお集まり頂き、同時入場していただきます。同時入場後チケットを一旦回収し、座席選択をさせていただきます。座席選択にお時間をいただく場合がございます。ご購入者様は座席を選ぶことは出来ません。集合時間に遅れた場合は先に入場しますが、受取連絡はしていただきます。

当日連絡がスムーズに取れる方、時間厳守でお取引が出来る方のみご購入お願いいたします。会場内の電波が悪く連絡が取れなくなる場合もあるため、電話番号の交換をお願いする場合がございます。また、入場の際に端末をお借りする場合もございます。その際チケット持ち逃げ防止のため、入場前に一時的に身分証をお預かりさせていただきますが、入場後すぐ返却させていただきます。

公演中止の場合のみ、手数料を引いた額を返金いたします。本人確認、ランダムエラー、体調不良、出演者の変更等の買い手様のご都合による返金やキャンセルは一切お受けいたしません。そのような場合も必ず受取連絡はしていただきますのでご了承下さい。チケットのお渡しと同時に必ず受取連絡お願いいたします。座席に関するクレームは一切お受けいたしません。受取連絡をしていただいた時点でお取引が問題なく完了したこととみなし、それ以降のクレーム等は一切お受けいたしません。
トラブル防止の為、必ずご本人様がご購入お願いいたします。代理購入はお辞めください。また、ご購入は日本人の方のみでお願いいたします。

ご購入頂きました場合、上記に同意していただいたものとさせていただきます。
",True,ogasr4z251,2026-09-26 02:01:13,active,2026-09-29 09:15:31,,public_detail,False,public_detail,active,"2名義中2番手/初期当選/Aぇ名義/期限内/下3桁提示可



詳しい集合時間/場所につきましては、前日までに連絡ボードにてお伝え致します。
こちらが指定した集...",public_detail,2026-09-29 09:15:31,True,2026-09-29 09:15:31,1Cl2VvDmJVZqGnDqCyq0,"{""isSpecified"": false, ""value"": """"}"
iavthpnuxj,,kamigata-expo-park-fes-2026,2026-10-31,,[大阪府] 万博記念公園,electronic,female,公演日前日にQRコード共有,a,5.0,,QR,2026-09-29 01:13:15,public_alias_observed,2026-09-29 09:03:20,,,listing,1,37000,"FC先行 / Aぇ名義 / 単番QR毎 / 重複すり替えなし / 初期当選 / 有効期限内 / 下3桁提示 / 過去エラー等なし

公演前日になりましたらログイン情報お伝えいたします。買い手の方で同意チェックしてご入場ください。入場後は速やかにログアウトをお願いいたします。
本確対応不可、ランダムエラー等 公演中止以外での返金対応はお受けいたしません。如何なる場合も受取連絡をして頂きます。
公演中止の場合のみ、手数料を差し引いた金額でご返金します。
日本人女性の方、個人情報を保護して頂ける方のみご購入いただけます。",True,iavthpnuxj,2026-09-26 02:01:13,active,2026-09-29 09:15:32,,public_detail,False,public_detail,active,"FC先行 / Aぇ名義 / 単番QR毎 / 重複すり替えなし / 初期当選 / 有効期限内 / 下3桁提示 / 過去エラー等なし

公演前日になりましたらログイ...",public_detail,2026-09-29 09:15:32,True,2026-09-29 09:15:32,1Cl2VvDmJVZqGnDqCyq0,"{""isSpecified"": false, ""value"": """"}"
qe9vjyl1fu,,kamigata-expo-park-fes-2026,2026-10-31,,[大阪府] 万博記念公園,electronic,female,公演日前日にQRコード共有,あ,5.0,,QR,2026-09-29 01:13:15,public_alias_observed,2026-09-29 09:03:20,,,listing,1,24000,"【QRごと】初期当選　重複なし　条件なし　ペイジー支払い　有効期限内名義　着席ブロック、復活当選、制作開放席、郵便戻りではありません。希望があれば会員番号の下3桁をお知らせします。公演中止や延期の場合は返金いたします。メンバーの欠席による返金はできません。本人確認、遅刻、体調不良、同意チェックのエラーにより入場できなくても受取報告はして頂きます。購入者様に非のないランダムエラーの場合、音声や動画などの証拠がありましたら返金検討いたします。
同行者の確認チェックはこちらで行います。代表者の確認チェックとQR 表示はご自身でログインし行って頂きますようお願いします。
全て理解された方のみ購入して頂くようお願いします。
チケットは前日にログイン情報をお送りします。",True,qe9vjyl1fu,2026-09-26 01:01:13,active,2026-09-29 09:15:34,,public_detail,False,public_detail,active,【QRごと】初期当選　重複なし　条件なし　ペイジー支払い　有効期限内名義　着席ブロック、復活当選、制作開放席、郵便戻りではありません。希望があれば会員番号の下3...,public_detail,2026-09-29 09:15:34,True,2026-09-29 09:15:34,1Cl2VvDmJVZqGnDqCyq0,"{""isSpecified"": false, ""value"": """"}"
hxitxxphdz,,kamigata-expo-park-fes-2026,2026-10-31,,[大阪府] 万博記念公園,electronic,female,公演日前日にログイン情報共有,N,5.0,,QR,2026-09-29 01:13:15,public_alias_observed,2026-09-29 09:03:20,,,listing,2,28000,"初期当選/QR毎/重複すり替えなし/なにわ男子名義/会員番号下3桁提示可能/有効期限内名義

閲覧頂きありがとうございます。
早く手持ち売り切りたいためできる限り希望値段に添えるようにいたします🎀
お気軽にご連絡ください✨️

ログイン情報は公演日の前日にお伝え致します。
公演中止の場合のみ手数料を差し引いた金額を返金致します。
それ以外のいかなる場合も返金対応致しかねますのでご了承ください。
公演当日は入場後、確実にログアウトと受取連絡をお願い致します。

何かご質問ございましたらご連絡ください。",True,hxitxxphdz,2026-09-26 02:01:13,active,2026-09-29 09:15:35,,public_detail,False,public_detail,active,"初期当選/QR毎/重複すり替えなし/なにわ男子名義/会員番号下3桁提示可能/有効期限内名義

閲覧頂きありがとうございます。
早く手持ち売り切りたいためできる限...",public_detail,2026-09-29 09:15:35,True,2026-09-29 09:15:35,1Cl2VvDmJVZqGnDqCyq0,"{""isSpecified"": false, ""value"": """"}"
hskrjm6psr,,kamigata-expo-park-fes-2026,2026-10-31,,[大阪府] 万博記念公園,electronic,female,同行,あ,5.0,,,2026-09-29 01:13:15,public_alias_observed,2026-09-29 09:03:20,,,listing,2,25000,"FC先行/有効期限内/全てAぇ名義/3名義中3番手/すり替えなし/下3桁提示可

・入場後はチケットを一旦回収し、当方が座席選択後に順次チケットをお渡し致します。チケットのお渡しまでお時間をいただく場合がございます。
・チケットをお渡しする際に、その場で受け取り連絡をお願いいたします。
・座席に関するクレームは受付けません。

・詳しい集合場所、時間等につきましては、公演前日に連絡ボードにて連絡させていただきます。
 ・遅刻や体調不良、本人確認、システムエラーやランダムエラー等、主催者側による公演中止以外でのキャンセル・返金対応はいかなる理由でも致しません。
 ・遅刻された場合は先に入場させていただきますが、必ず受取評価はしていただきます。

・トラブル回避のため、代理購入はご遠慮ください。 
・日本語でスムーズにご連絡の取れる方のみご購入下さい。 

ご購入頂いた時点で上記全てにご了承頂いたものとみなし、送金停止含むクレームは一切お受け致しません。",True,hskrjm6psr,2026-09-26 02:01:13,active,2026-09-29 09:15:33,,public_detail,False,public_detail,active,"FC先行/有効期限内/全てAぇ名義/3名義中3番手/すり替えなし/下3桁提示可

・入場後はチケットを一旦回収し、当方が座席選択後に順次チケットをお渡し致します...",public_detail,2026-09-29 09:15:33,True,2026-09-29 09:15:33,1Cl2VvDmJVZqGnDqCyq0,"{""isSpecified"": true, ""value"": ""\u30d6\u30ed\u30c3\u30af\u6574\u756a\u672a\u5b9a""}"
wdvfojr5id,,kamigata-expo-park-fes-2026,2026-10-31,,[大阪府] 万博記念公園,electronic,female,前日にQRログイン情報を共有,りぼん,5.0,,QR,2026-09-29 01:13:15,public_alias_observed,2026-09-29 09:03:20,,,listing,1,65000,"QR毎/なにわ男子名義/FC初期当選/有効期限内/下三桁提示可/重複差し

QR毎でのお譲りとなります。

前日にQR表示に必要な情報をお伝えいたします。
ログイン後QR表示に必要な操作以外はお控えください。
入場後は速やかにログアウトして頂き、受取連絡をお願いします。
体調不良、交通機関の遅延、出演者変更、本人確認、ランダムエラー等、如何なる場合でもキャンセルや返金は不可とさせて頂きます。
公演中止の場合に限り、手数料を差し引いた金額を返金いたします。",True,wdvfojr5id,2026-09-26 02:01:13,active,2026-09-29 09:15:34,,public_detail,False,public_detail,active,"QR毎/なにわ男子名義/FC初期当選/有効期限内/下三桁提示可/重複差し

QR毎でのお譲りとなります。

前日にQR表示に必要な情報をお伝えいたします。
ログ...",public_detail,2026-09-29 09:15:34,True,2026-09-29 09:15:34,1Cl2VvDmJVZqGnDqCyq0,"{""isSpecified"": false, ""value"": """"}"
2owu7x8z6x,,kamigata-expo-park-fes-2026,2026-10-31,,[大阪府] 万博記念公園,electronic,female,公演日3日前までにログイン情報共有,H。,5.0,,QR,2026-09-29 01:13:15,public_alias_observed,2026-09-29 09:03:20,,,listing,1,25000,"WEST.名義/QRごと/すり替えなし/下3桁提示可/初期当選/有効期限内

・公演日の3日前にログイン情報をお伝えします。ご購入いただきました時点で下3桁をお送り致します。
・入場後、開演時間までに速やかにログアウト、受け取り連絡をお願い致します。
・座席は当日発券するまで未定です。座席に関するクレームも一切受け付けません。また、出演者変更、入場時のランダムエラーや本人確認、如何なる理由でも受け取りをしていただき、買い手様都合のキャンセル・返金対応致しかねますのでご了承ください。

何かご不明点ございましたらご購入前に質問お願い致します。",True,2owu7x8z6x,2026-09-26 01:01:13,active,2026-09-29 09:15:37,,public_detail,False,public_detail,active,"WEST.名義/QRごと/すり替えなし/下3桁提示可/初期当選/有効期限内

・公演日の3日前にログイン情報をお伝えします。ご購入いただきました時点で下3桁をお...",public_detail,2026-09-29 09:15:37,True,2026-09-29 09:15:37,1Cl2VvDmJVZqGnDqCyq0,"{""isSpecified"": false, ""value"": """"}"
ufpuofj2fn,,kamigata-expo-park-fes-2026,2026-10-31,,[大阪府] 万博記念公園,electronic,female,公演前日にログイン方法並びQR共有,rnn,5.0,,QR,2026-09-29 01:13:15,public_alias_observed,2026-09-29 09:03:20,,,listing,2,35000,"なにわ名義/重複すり替えなし/下3桁提示可/本人確認・遅刻・体調不良・ランダムエラーなど全ての理由での
キャンセル並びに返金不可",True,ufpuofj2fn,2026-09-27 05:01:15,active,2026-09-29 09:15:36,,public_detail,False,public_detail,active,"なにわ名義/重複すり替えなし/下3桁提示可/本人確認・遅刻・体調不良・ランダムエラーなど全ての理由での
キャンセル並びに返金不可",public_detail,2026-09-29 09:15:36,True,2026-09-29 09:15:36,1Cl2VvDmJVZqGnDqCyq0,"{""isSpecified"": false, ""value"": """"}"
u742s2oppo,,kamigata-expo-park-fes-2026,2026-10-31,,[大阪府] 万博記念公園,electronic,female,同行,いよ,5.0,,番手,2026-09-29 01:13:15,public_alias_observed,2026-09-29 09:03:20,,,listing,2,17500,"4名義中4番手/全てアンビ名義・初期当選・有効期限内・郵送物戻りなし/下3桁提示可/サイチェン可

公演当日、8:10（開場20分前）頃に会場付近にて待ち合わせし、同時入場していただきます。今後の案内によっては早まる可能性もございますのでご了承願います。
詳しい待ち合わせ時間・場所等は、ご入金後に連絡ボードでお知らせします。

入場後に一旦チケットを回収し、残りのチケットをお渡しします。
チケットを受け取られましたらその場で受取連絡をお願いいたします。

公演中止の場合のみ、手数料を差し引いた全額を返金いたします。その他のいかなる理由でも返金はいたしかねますので予めご了承ください。",True,u742s2oppo,2026-09-26 01:01:13,active,2026-09-29 09:15:36,,public_detail,False,public_detail,active,"4名義中4番手/全てアンビ名義・初期当選・有効期限内・郵送物戻りなし/下3桁提示可/サイチェン可

公演当日、8:10（開場20分前）頃に会場付近にて待ち合わせ...",public_detail,2026-09-29 09:15:36,True,2026-09-29 09:15:36,1Cl2VvDmJVZqGnDqCyq0,"{""isSpecified"": false, ""value"": """"}"
g59wnzesa2,,kamigata-expo-park-fes-2026,2026-10-31,,[大阪府] 万博記念公園,electronic,female,同時入場,K⭐️,5.0,,番手,2026-09-29 01:13:15,public_alias_observed,2026-09-29 09:03:20,,,listing,1,20000,"3名義所持/４枚中3番手
なにわ名義(単番✖️2、２連✖️1)
(女性名義✖️2、男性名義✖️1)

・ドームスタンド上段✖️2
・アルファスタンド✖️1

初期当選/有効期限内/すり替えなし/下3桁提示可能/サイチェン可

＊公演中止以外の返金、キャンセル
（ランダムエラー、交通機関の遅延、演者の変更等）の対応はいたしかねますので、ご了承ください。　公演中止の場合は定価分のみ返金致します。
＊指定ブロックや整番に関するクレームはお受けすることできません。お取引成立後のキャンセルされる場合は、受け取り評価していただきます。
＊こちらの名義全て過去トラブルなしの名義となりますので、ランダムエラーで万が一入場できない場合も受け取り評価をしていただきます。返金不可。
＊当日入場後は一度チケットをお預かりします。こちらが整番確認後にチケットを順に選んでいただきます。その際に受取評価お願い致します。
＊お渡し後はサイチェンしていただいて構いません。(慣れている方のみ。うまくしてください。)
＊入場時身分証をお預かりさせていただく場合がございます。チケットと引き換えに返却いたします。ご了承ください。

＊日本語のわかる女性のみお取引よろしくお願いいまします。

＊ご購入が決まればプラベルに変更致します",True,g59wnzesa2,2026-09-26 02:01:13,active,2026-09-29 09:15:35,,public_detail,False,public_detail,active,"3名義所持/４枚中3番手
なにわ名義(単番✖️2、２連✖️1)
(女性名義✖️2、男性名義✖️1)

・ドームスタンド上段✖️2
・アルファスタンド✖️1

初...",public_detail,2026-09-29 09:15:35,True,2026-09-29 09:15:35,1Cl2VvDmJVZqGnDqCyq0,"{""isSpecified"": false, ""value"": """"}"
8x8m0eff4i,,kamigata-expo-park-fes-2026,2026-10-31,,[大阪府] 万博記念公園,electronic,female,公演日前日にQRコード共有,A,5.0,,QR,2026-09-29 01:13:15,public_alias_observed,2026-09-29 09:03:20,,,listing,2,20000,"QR毎/すり替えなし/下3桁提示可/初期当選/アンビ名義/有効期限内/変更ボタン有/過去エラー無し

同行者の同意チェックは当方でさせていただきます。代表者分の同意チェックは買い手様でお願いいたします。

入場と同時に、チケテンの入場報告をお願いいたします。また、入場後速やかにfcログアウトのスクショ送付をお願いいたします。

出演者変更、ランダムエラー、本人確認、交通機関の遅れ等含むいかなる場合でも返金、キャンセルなどの対応はいたしません。公演自体の中止の場合のみ、手数料を差し引いた金額を返金させて頂きます。

購入された方は以上の項目全てに同意されたと見なします。
",True,8x8m0eff4i,2026-09-28 11:03:01,active,2026-09-29 09:16:11,,public_detail,False,public_detail,active,"QR毎/すり替えなし/下3桁提示可/初期当選/アンビ名義/有効期限内/変更ボタン有/過去エラー無し

同行者の同意チェックは当方でさせていただきます。代表者分の...",public_detail,2026-09-29 09:16:11,True,2026-09-29 09:16:11,1Cl2VvDmJVZqGnDqCyq0,"{""isSpecified"": false, ""value"": """"}"
tqvn64al1h,,kamigata-expo-park-fes-2026,2026-10-31,,[大阪府] 万博記念公園,electronic,female,同行,Me_7teor,5.0,,番手,2026-09-29 01:13:15,public_alias_observed,2026-09-29 09:03:20,,,listing,2,0,"5名義中2番手
初期当選/有効期限内/すり替えなし/下三桁提示可能

ランダムエラー、出演者変更、体調不良、交通機関の乱れなどの如何なる理由により入場できなかった場合でも受け取り通知をして頂きます。購入後のクレームについては一切受け付けませんのでご了承ください。

当日8:30入場可能な方のみでお願い致します。
",True,tqvn64al1h,2026-09-26 02:01:13,active,2026-09-29 09:15:33,,public_detail,True,on_request,active,"5名義中2番手
初期当選/有効期限内/すり替えなし/下三桁提示可能

ランダムエラー、出演者変更、体調不良、交通機関の乱れなどの如何なる理由により入場できなかっ...",public_detail,2026-09-29 09:15:33,True,2026-09-29 09:15:33,1Cl2VvDmJVZqGnDqCyq0,"{""isSpecified"": false, ""value"": """"}"
6m872zisnn,,kamigata-expo-park-fes-2026,2026-10-31,,[大阪府] 万博記念公園,electronic,female,2名義中2番手,A,5.0,,番手,2026-09-29 01:13:15,public_alias_observed,2026-09-29 09:03:20,,,listing,2,21000,"2名義中2番手/Aぇ･エイト名義/初期当選/すり替えなし/下3桁提示可

同時入場後、当方の選ばなかった方のチケットをお渡しします。また、ブロック選択に少々お時間頂く場合がございますのでご了承ください。

8時30分前には集合させて頂きます。可能な方のみご購入ください。当日の詳しい待ち合わせ時間、場所につきましては前日までにご連絡させて頂きます。

主催者側都合による公演中止のみ手数料等引いた額を返金させて頂きます。それ以外の如何なる理由での返金不可です。（ランダムエラー、体調不良、交通機関の乱れ等）

集合後、発送通知をいたしますのでチケットお渡し後は速やかに受け取り通知をお願いいたします。",True,6m872zisnn,2026-09-26 01:01:13,active,2026-09-29 09:15:36,,public_detail,False,public_detail,active,"2名義中2番手/Aぇ･エイト名義/初期当選/すり替えなし/下3桁提示可

同時入場後、当方の選ばなかった方のチケットをお渡しします。また、ブロック選択に少々お時...",public_detail,2026-09-29 09:15:36,True,2026-09-29 09:15:36,1Cl2VvDmJVZqGnDqCyq0,"{""isSpecified"": false, ""value"": """"}"
1h95z2hh7l,,kamigata-expo-park-fes-2026,2026-10-31,,[大阪府] 万博記念公園,electronic,female,公演日7日前までにQRコード共有,す☆,5.0,,QR,2026-09-29 01:13:15,public_alias_observed,2026-09-29 09:03:20,,,listing,2,20000,"QR毎/該当名義/重複すり替え無し/下3桁提示可/有効期限内/代表者同行者ともになにわ男子名義

前日にログイン情報をお渡しいたします。
同行者の同意チェックはこちらでいたしますので、代表者の同意チェックはご自身でお願いいたします。

入場後、入場報告を行ってください。
(公演時間までにできない方はお断りさせて頂きます。)
入場でき次第速やかにログアウトしてください。

主催者側都合での公演中止の場合のみ返金可能。
その他 交通機関の乱れ、ランダムエラー含めたトラブルによる入場不可等の返金、キャンセルはいたしかねます。
また座席に関するクレーム、出演者の変更等いかなる場合でも買い手側様都合での返金はいたしかねます。

こちら全てにご了承頂き、日本人女性のみ購入をお願いいたします。
",True,1h95z2hh7l,2026-09-27 08:01:14,active,2026-09-29 09:15:40,,public_detail,False,public_detail,active,"QR毎/該当名義/重複すり替え無し/下3桁提示可/有効期限内/代表者同行者ともになにわ男子名義

前日にログイン情報をお渡しいたします。
同行者の同意チェックは...",public_detail,2026-09-29 09:15:40,True,2026-09-29 09:15:40,1Cl2VvDmJVZqGnDqCyq0,"{""isSpecified"": false, ""value"": """"}"
b9qnwnipsv,,kamigata-expo-park-fes-2026,2026-10-31,,[大阪府] 万博記念公園,electronic,female,同行,L,5.0,,番手,2026-09-29 01:13:15,public_alias_observed,2026-09-29 09:03:20,,,listing,2,50000,"6名義中2番手/初期当選/有効期限内/すり替えなし/下三桁提示可能

ランダムエラー、出演者変更、体調不良、交通機関の乱れなどの如何なる理由により入場できなかった場合でも受け取り通知をして頂きます。購入後のクレームについては一切受け付けませんのでご了承ください。

当日8:30入場可能な方のみでお願い致します。",True,b9qnwnipsv,2026-09-26 01:01:13,active,2026-09-29 09:15:38,,public_detail,False,public_detail,active,"6名義中2番手/初期当選/有効期限内/すり替えなし/下三桁提示可能

ランダムエラー、出演者変更、体調不良、交通機関の乱れなどの如何なる理由により入場できなかっ...",public_detail,2026-09-29 09:15:38,True,2026-09-29 09:15:38,1Cl2VvDmJVZqGnDqCyq0,"{""isSpecified"": false, ""value"": """"}"
7z32bw8fry,,kamigata-expo-park-fes-2026,2026-10-31,,[大阪府] 万博記念公園,electronic,female,公演日前日までにQRコード共有,m,5.0,,QR,2026-09-29 01:13:15,public_alias_observed,2026-09-29 09:03:20,,,listing,1,35000,"QRごと/Aぇ名義（2026ツアー落選名義）/有効期限内/下3桁開示可
公演前日にマイページにてログイン情報をお伝え致します。入場後は速やかにログアウト及び受け取り評価をお願いします。
本人確認やランダムエラー等で入場ができなかった場合でも受け取り評価はしていただき、返金対応はできかねます。
全ての記載事項を許諾の上、成人済みの日本人の方のみご購入をよろしくお願い致します。",True,7z32bw8fry,2026-09-26 02:01:13,active,2026-09-29 09:15:35,,public_detail,False,public_detail,active,"QRごと/Aぇ名義（2026ツアー落選名義）/有効期限内/下3桁開示可
公演前日にマイページにてログイン情報をお伝え致します。入場後は速やかにログアウト及び受け...",public_detail,2026-09-29 09:15:35,True,2026-09-29 09:15:35,1Cl2VvDmJVZqGnDqCyq0,"{""isSpecified"": false, ""value"": """"}"
ypbio9z38o,,kamigata-expo-park-fes-2026,2026-10-31,,[大阪府] 万博記念公園,electronic,female,同行,L,5.0,,同行 / 番手,2026-09-29 01:13:15,public_alias_observed,2026-09-29 09:03:20,,,listing,1,22000,"6名義中4番手/初期当選/有効期限内/すり替えなし/下三桁提示可能

ランダムエラー、出演者変更、体調不良、交通機関の乱れなどの如何なる理由により入場できなかった場合でも受け取り通知をして頂きます。購入後のクレームについては一切受け付けませんのでご了承ください。

当日8:30入場可能な方のみでお願い致します。",True,ypbio9z38o,2026-09-26 01:01:13,active,2026-09-29 09:15:39,,public_detail,False,public_detail,active,"6名義中4番手/初期当選/有効期限内/すり替えなし/下三桁提示可能

ランダムエラー、出演者変更、体調不良、交通機関の乱れなどの如何なる理由により入場できなかっ...",public_detail,2026-09-29 09:15:39,True,2026-09-29 09:15:39,1Cl2VvDmJVZqGnDqCyq0,"{""isSpecified"": false, ""value"": """"}"
sg1iztryn2,,kamigata-expo-park-fes-2026,2026-10-31,,[大阪府] 万博記念公園,electronic,female,同行,ま,5.0,,同行,2026-09-29 01:13:15,public_alias_observed,2026-09-29 09:03:20,,,listing,1,30000,"Aぇ名義/初期当選/重複すり替えなし同行/下3桁提示可/有効期限内

・公演当日、会場付近にて待ち合わせし、同時入場していただきます。時間厳守でお願いします。
・入場後、速やかに受取連絡をお願いします。
・座席に関するクレームは受付不可。
・公演中止の場合のみ、手数料を差し引いた金額を返金します。それ以外の理由(遅刻、体調不良、エラー等)ではいかなる場合も買い手様都合でのキャンセルや返金対応は一切受付不可、必ず受取連絡をしていただきます。
・トラブル防止のため代理購入不可。
・以上について全てご理解いただき、スムーズに連絡のとれる20歳以上の日本人女性のみご購入いただきますようお願いします。",True,sg1iztryn2,2026-09-28 15:03:14,active,2026-09-29 09:16:12,,public_detail,False,public_detail,active,"Aぇ名義/初期当選/重複すり替えなし同行/下3桁提示可/有効期限内

・公演当日、会場付近にて待ち合わせし、同時入場していただきます。時間厳守でお願いします。...",public_detail,2026-09-29 09:16:12,True,2026-09-29 09:16:12,1Cl2VvDmJVZqGnDqCyq0,"{""isSpecified"": false, ""value"": """"}"
qnkgpsewxb,,kamigata-expo-park-fes-2026,2026-10-31,,[大阪府] 万博記念公園,electronic,female,2名義中2番手,a,5.0,,番手,2026-09-29 01:13:15,public_alias_observed,2026-09-29 09:03:20,,,listing,2,20000,"【2名義中2番手】/初期当選/該当名義/有効期限内/変更ボタンあり/重複すり替えなし/下3桁提示可

※~8:30前集合可能な方のみご購入下さい※

当日の集合時間、場所等に関しましては公演が近くなり次第、または詳細が発表され次第、連絡ボードにてご連絡させていただきます。

待ち合わせ後、同時入場していただきます。その後一旦全てのチケットを回収し、こちらがチケットを選んだ後に残りのチケットをお渡しいたしますのでお選びはいただけません。また、ブロック選択までにお時間をいただく可能性がございますのでご了承ください。

集合後に発送通知をいたしますので、チケットお渡し後は速やかに受取通知をお願いいたします。

*  注意事項
・座席確認中の同行は不可のため、ご連絡するまでは別場所でご待機ください。(中でのご連絡手段として当日お電話番号を伺う場合がございます。)
・待ち合わせ時間に10分以上遅刻される場合は如何なる理由であっても買い手様の到着を待たずに先に入場させて頂きます。その場合も必ず受け取り評価をして頂きますので、時間に余裕を持って来られる方のみご購入ください。
・当選歴や当選画面などfcサイトのスクショの提示は悪用防止のため致しかねます。
・座席に関するクレームは一切承りませんのでご了承ください。
・体調不良、ランダムエラー、本人確認等、公演中止以外での返金は出演者変更などのいかなる場合もいたしかねます。公演中止の際のみ手数料を差し引いた金額を返金致します。
・当日までこまめに連絡が取れる方、日本語が通じる方のみご購入ください。
・録音録画等名義を潰される行為を一切しない方、必ず公演
・マナーを守れる方のみご購入ください。
・ ご購入された時点で上記の注意事項に全て同意したものとみなします。


",True,qnkgpsewxb,2026-09-26 02:01:13,active,2026-09-29 09:15:39,,public_detail,False,public_detail,active,"【2名義中2番手】/初期当選/該当名義/有効期限内/変更ボタンあり/重複すり替えなし/下3桁提示可

※~8:30前集合可能な方のみご購入下さい※

当日の集合...",public_detail,2026-09-29 09:15:39,True,2026-09-29 09:15:39,1Cl2VvDmJVZqGnDqCyq0,"{""isSpecified"": false, ""value"": """"}"
mlv0i3zoll,,kamigata-expo-park-fes-2026,2026-10-31,,[大阪府] 万博記念公園,electronic,female,同行,そ。,5.0,,同行,2026-09-29 01:13:15,public_alias_observed,2026-09-29 09:03:20,,,listing,1,32000,"当方の同行者枠/初期当選/すり替えなし/下3桁提示可/有効期限内/Aぇ×Aぇ名義

・入場後は速やかに受け取り通知をお願いいたします。
・座席に関するクレームは一切お受けできません。
・交通機関の遅延、ランダムエラー、本人確認等で入場できない場合や体調不良・出演者変更等のキャンセルは一切お受けできません。
・公演中止の際は手数料を引いた金額を返金させていただきます。
公演中止以外の返金対応いたしません。

上記ご理解頂けた成人済み日本人女性の方のみ、ご購入をお願いいたします。",True,mlv0i3zoll,2026-09-26 02:01:13,active,2026-09-29 09:15:39,,public_detail,False,public_detail,active,"当方の同行者枠/初期当選/すり替えなし/下3桁提示可/有効期限内/Aぇ×Aぇ名義

・入場後は速やかに受け取り通知をお願いいたします。
・座席に関するクレームは...",public_detail,2026-09-29 09:15:39,True,2026-09-29 09:15:39,1Cl2VvDmJVZqGnDqCyq0,"{""isSpecified"": false, ""value"": """"}"
xrfq2ooqdv,,kamigata-expo-park-fes-2026,2026-10-31,,[大阪府] 万博記念公園,electronic,female,同行,り,5.0,,,2026-09-29 01:13:15,public_alias_observed,2026-09-29 09:03:20,,,listing,2,50000,"7名義中3番手
初期当選/なにわ名義×情報局該当名義/有効期限内/すり替えなし/下三桁提示可能

ランダムエラー、出演者変更、体調不良、交通機関の乱れなどの如何なる理由により入場できなかった場合でも受け取り通知をして頂きます。購入後のクレームについては一切受け付けませんのでご了承ください。

当日8:30入場可能な方のみでお願いいたします。",True,xrfq2ooqdv,2026-09-26 02:01:13,active,2026-09-29 09:15:41,,public_detail,False,public_detail,active,"7名義中3番手
初期当選/なにわ名義×情報局該当名義/有効期限内/すり替えなし/下三桁提示可能

ランダムエラー、出演者変更、体調不良、交通機関の乱れなどの如何...",public_detail,2026-09-29 09:15:41,True,2026-09-29 09:15:41,1Cl2VvDmJVZqGnDqCyq0,"{""isSpecified"": true, ""value"": "" \u5e2d\u7a2e\u672a\u5b9a""}"
cheuda4c93,,kamigata-expo-park-fes-2026,2026-10-31,,[大阪府] 万博記念公園,electronic,female,前日ログイン情報お伝え,m,5.0,,QR,2026-09-29 01:13:15,public_alias_observed,2026-09-29 09:03:20,,,listing,1,50000,重複すり替えなし、aぇ group名義、QR毎のお譲り、昨年スタンド名義(最終当選歴のため今年は落選)、下3桁お伝え可能、エラーなし、有効期限内名義、初期当選、ペイジー払い。同意チェックはログイン情報お伝え後にご自身でお願いします。中止以外如何なる場合でも返金不可。入場後すぐに受け取り連絡、ログアウトして下さい。,True,cheuda4c93,2026-09-26 02:01:13,active,2026-09-29 09:15:40,,public_detail,False,public_detail,active,重複すり替えなし、aぇ group名義、QR毎のお譲り、昨年スタンド名義(最終当選歴のため今年は落選)、下3桁お伝え可能、エラーなし、有効期限内名義、初期当選、...,public_detail,2026-09-29 09:15:40,True,2026-09-29 09:15:40,1Cl2VvDmJVZqGnDqCyq0,"{""isSpecified"": false, ""value"": """"}"
tj4w9ykvqx,,kamigata-expo-park-fes-2026,2026-10-31,,[大阪府] 万博記念公園,electronic,female,同行,さ,5.0,,番手,2026-09-29 01:13:15,public_alias_observed,2026-09-29 09:03:20,,,listing,2,28000,"ファンクラブ先行 Aぇ名義 座席未定
 2名義中2番手 下3桁提示可 初期当選
有効期限内 着ブロ指定なし
公演当日、会場付近にて集合し同時入場して頂きます。
詳細は連絡ボードにてご連絡させて頂きます。
お連れ様と別々に入場して頂きますが必ず連番でチケットをお渡し致します。
入場後チケットを一度回収し、当方が選ばなかった2連をお渡し致します。
座席選択の際、数分お時間を頂く可能性がございますのでご了承ください。

公演当日のランダムエラー、本人確認等、公演中止以外での如何なる場合でも返金は致しません。公演中止の場合のみ手数料を差し引いた金額を返金させていただきます。
チケット受け取り次第、速やかに受け取り連絡をお願い致します。
座席未定の為、座席に関するクレームは一切お受けできません。
",True,tj4w9ykvqx,2026-09-26 02:01:13,active,2026-09-29 09:15:37,,public_detail,False,public_detail,active,"ファンクラブ先行 Aぇ名義 座席未定
 2名義中2番手 下3桁提示可 初期当選
有効期限内 着ブロ指定なし
公演当日、会場付近にて集合し同時入場して頂きます。...",public_detail,2026-09-29 09:15:37,True,2026-09-29 09:15:37,1Cl2VvDmJVZqGnDqCyq0,"{""isSpecified"": false, ""value"": """"}"
6b92clt6xm,,kamigata-expo-park-fes-2026,2026-10-31,,[大阪府] 万博記念公園,electronic,female,同行,r,4.5,,番手,2026-09-29 01:13:15,public_alias_observed,2026-09-29 09:03:20,,,listing,2,45000,"2名義中2番手/初期当選/下3桁提示可
プラベルへの移行可能です。
公演当日会場付近で開場時間30分前を目安に待ち合わせし、同時入場していただきます。
詳しい待ち合わせ時間・場所等は、ご入金後にマイページの連絡ボードでお知らせします。

・入場後こちらで全てのチケットやリストバンドなどを回収し、座席選択させていただきますので、ご購入者様にて座席の選択はできません
・座席選択にお時間をいただきますが、開演5分前までにチケットをお渡しします
・代理購入はトラブル防止のためご遠慮ください
・チケット持ち逃げ防止のため、一時的に公的身分証をお預かりする可能性がございます
・入場時はこちらで指定する他の方との入場をお願いすることがございます
・当日はログイン情報をお伝えし、ご購入者様の端末で入場していただく可能性がございますので、ご協力をお願いいたします
・チケットをお渡しする際にその場で受け取り連絡をお願いします
・待ち合わせ時間に遅れた場合は先に入場させていただきます
・当日の体調不良やランダムエラー等で入場できなかった場合の返金及びキャンセルは致しかねますので、必ず受取連絡をしていただきますようお願いいたします
・公演中止の場合は、手数料を差し引いた金額を返金します
・お席等に関するクレームは一切受け付けません

上記内容をすべてご理解・ご承諾いただける20歳以上の日本人女性、かつ日本語で意思疎通が可能な方のみご購入ください。",True,6b92clt6xm,2026-09-26 02:01:13,active,2026-09-29 09:15:38,,public_detail,False,public_detail,active,"2名義中2番手/初期当選/下3桁提示可
プラベルへの移行可能です。
公演当日会場付近で開場時間30分前を目安に待ち合わせし、同時入場していただきます。
詳しい待...",public_detail,2026-09-29 09:15:38,True,2026-09-29 09:15:38,1Cl2VvDmJVZqGnDqCyq0,"{""isSpecified"": false, ""value"": """"}"
d3o48ar1s7,,kamigata-expo-park-fes-2026,2026-10-31,,[大阪府] 万博記念公園,electronic,female,3名義中3番手,m,5.0,,番手,2026-09-29 01:13:15,public_alias_observed,2026-09-29 09:03:20,,,listing,2,28000,"3名義中3番手/初期当選のみ/Jr該当×Aぇのみ/すり替えなし/下3桁提示可/有効期限内名義/発送物戻りなし

当日は、会場付近で集合し同時入場いたします。
未発表な部分が多く確定ではないですが、開場時間の8:30より前の集合を予定しております。
入場後チケットを一度回収し、当方が選ばなかったチケットの中からお選びいただきます。
チケットお渡し時に必ず受取通知をお願いいたします。

公演中止の場合は手数料を差し引いた金額を返金いたしますが、体調不良・本人確認やシステムエラーなどで入場できなかった場合でも返金は致しかねます。
座席等のクレームは一切お受けできません。
トラブル防止のため代理購入はご遠慮ください。

上記すべてご了承いただける、20歳以上の日本語で会話ができる女性のみご購入お願いいたします。",True,d3o48ar1s7,2026-09-26 02:01:13,active,2026-09-29 09:15:41,,public_detail,False,public_detail,active,"3名義中3番手/初期当選のみ/Jr該当×Aぇのみ/すり替えなし/下3桁提示可/有効期限内名義/発送物戻りなし

当日は、会場付近で集合し同時入場いたします。
未...",public_detail,2026-09-29 09:15:41,True,2026-09-29 09:15:41,1Cl2VvDmJVZqGnDqCyq0,"{""isSpecified"": false, ""value"": """"}"
ffcnbjjd35,,kamigata-expo-park-fes-2026,2026-10-31,,[大阪府] 万博記念公園,electronic,female,同行,R,5.0,,番手,2026-09-29 01:13:15,public_alias_observed,2026-09-29 09:03:20,,,listing,1,24000,"初期当選/2名義中2番手/有効期限名義のみ/なにわ、EIGHT名義/すり替えなし/下3桁提示可能/発送物戻りあり名義(入場歴ありエラーなし)含むためお安くしております。
10時ごろ入場予定

・入場後はチケットを一旦回収し、当方が選択しなかったチケットをお渡しします。チケットを選ぶのにお時間がかかる場合がございますのでご理解ください。

・電波環境が悪い場合がございますので事前に電話番号を伺うことがございますので、ご了承ください。

・本人確認やランダムエラーでは返金いたしますが、
購入者様の遅刻、体調不良、公演中止以外での返金は一切いたしかねます。そのような場合でも必ず受取連絡はして頂きますのでご了承ください。

・当日お席に関するクレームは受け付けません。

・受取連絡と引き換えでチケットをお渡しいたします。

・日本語の通じる女性のみご購入ください。ご購入いただいた時点で記載事項に同意いただいたものとみなします。

エラーの際はご返金いたします。",True,ffcnbjjd35,2026-09-26 02:01:13,active,2026-09-29 09:15:42,,public_detail,False,public_detail,active,初期当選/2名義中2番手/有効期限名義のみ/なにわ、EIGHT名義/すり替えなし/下3桁提示可能/発送物戻りあり名義(入場歴ありエラーなし)含むためお安くしてお...,public_detail,2026-09-29 09:15:42,True,2026-09-29 09:15:42,1Cl2VvDmJVZqGnDqCyq0,"{""isSpecified"": true, ""value"": ""2\u540d\u7fa9\u4e2d2\u756a\u624b""}"
l2mjil44uf,,kamigata-expo-park-fes-2026,2026-10-31,,[大阪府] 万博記念公園,electronic,female,同時入場、2名義中2番手,あ,5.0,,番手 / 同行,2026-09-29 01:13:15,public_alias_observed,2026-09-29 09:03:20,,,listing,2,23000,"2名義中2番手

プラベル出品可

初期当選/有効期限名義のみ/なにわ×なにわ 2名義/下3桁提示可/返送物戻り無し

開場時間前の集合を考えております。
・入場後はチケットを一旦回収し、当方が選ばなかったチケットをお渡し致します。チケットを選ぶのにお時間がかかる場合がございますのでご理解ください。

・電波環境が悪い場合がございますので事前に電話番号を伺うことがございますので、ご了承ください。

・当日買い手様の遅刻、購入者様の体調不良により入場できなかった場合、本人確認、入場時のランダムエラーや入場エラ一、座席などへのクレームでの返金は一切致しかねます。また、公演中止以外のキャンセルは一切受け付けません。そのような場合でも必ず受取連絡はして頂きますのでご了承ください。

・チケットをお渡しさせて頂く際に、必ず受取連絡をお願い致します。受取連絡をして頂いた時点でお取引が問題なく完了したこととみなし、それ以降のクレーム等は受け付けません。ご購入はいかなる場合も返金、キャンセル処理は致しません。ご了承ください。

・必ず上記事項にご理解頂けた方、日本人女性の方のみご購入お願い致します。公演中止の際には手数料を差し引いた金額を返金します。
",True,l2mjil44uf,2026-09-26 02:01:13,active,2026-09-29 09:15:40,,public_detail,False,public_detail,active,"2名義中2番手

プラベル出品可

初期当選/有効期限名義のみ/なにわ×なにわ 2名義/下3桁提示可/返送物戻り無し

開場時間前の集合を考えております。
・入...",public_detail,2026-09-29 09:15:40,True,2026-09-29 09:15:40,1Cl2VvDmJVZqGnDqCyq0,"{""isSpecified"": false, ""value"": """"}"
yi18ojm0dd,,kamigata-expo-park-fes-2026,2026-11-01,,[大阪府] 万博記念公園,electronic,female,2名義中2番手,麻辣,5.0,,番手,2026-09-29 01:13:15,public_alias_observed,2026-09-29 09:03:20,,,listing,2,29000,"2名義中2番手
名義・同行者共にAぇFC会員
当日当方の指定した場所時間に集合し、同時入場当方が選ばなかった方のチケットをお渡しいたします。集合時間や場所は前日までにご連絡いたします。

過去スタンド後列当選名義✖️2",True,yi18ojm0dd,2026-09-26 02:01:13,active,2026-09-29 09:15:43,,public_detail,False,public_detail,active,"2名義中2番手
名義・同行者共にAぇFC会員
当日当方の指定した場所時間に集合し、同時入場当方が選ばなかった方のチケットをお渡しいたします。集合時間や場所は前日...",public_detail,2026-09-29 09:15:43,True,2026-09-29 09:15:43,1Cl2VvDmJVZqGnDqCyq0,"{""isSpecified"": false, ""value"": """"}"
0wb27f3crd,,kamigata-expo-park-fes-2026,2026-11-01,,[大阪府] 万博記念公園,electronic,female,公演前日ログイン情報共有,星,5.0,,QR,2026-09-29 01:13:15,public_alias_observed,2026-09-29 09:03:20,,,listing,1,50000,"SUPER EIGHT名義／初期当選／QRごと／会員番号下3桁提示可／有効期限内／発送物戻りなし

※プラベルor特別出品にて再度出品いたしますので、お取引希望の方はメッセージにてご連絡ください。
・購入後すぐに下3桁ご提示いたします。
・公演前日にログイン情報をお伝えします。
・個人情報ページを見たり、情報を変更したりすることは厳禁です。
・入場後は開演までに必ずログアウトしていただき、即受取確認をお願いいたします。
・体調不良、ランダムエラー、特定メンバーの欠席など、公演中止以外のいかなる場合でも返金は不可です。
上記全てご理解頂ける方のみご購入お願いいたします。",True,0wb27f3crd,2026-09-26 02:01:13,active,2026-09-29 09:15:44,,public_detail,False,public_detail,active,"SUPER EIGHT名義／初期当選／QRごと／会員番号下3桁提示可／有効期限内／発送物戻りなし

※プラベルor特別出品にて再度出品いたしますので、お取引希望...",public_detail,2026-09-29 09:15:44,True,2026-09-29 09:15:44,1Cl2VvDmJVZqGnDqCyq0,"{""isSpecified"": false, ""value"": """"}"
llg4ujz351,,kamigata-expo-park-fes-2026,2026-11-01,,[大阪府] 万博記念公園,electronic,female,公演前日までにログイン情報共有,きなこ,5.0,,QR,2026-09-29 01:13:15,public_alias_observed,2026-09-29 09:03:20,,,listing,2,35000,"QRごと/該当名義/重複すり替え無し/下3桁提示可/有効期限内/なにわ男子名義

公演中止の際のみ規約に従い返金対応いたします。ランダムエラー、本人確認、体調不良、買い手様ご都合で入場が遅れた場合や、その他いかなる場合もキャンセルを含む一切の返金対応不可です。ご了承のうえご購入ください。
",True,llg4ujz351,2026-09-28 12:03:16,active,2026-09-29 09:16:09,,public_detail,False,public_detail,active,"QRごと/該当名義/重複すり替え無し/下3桁提示可/有効期限内/なにわ男子名義

公演中止の際のみ規約に従い返金対応いたします。ランダムエラー、本人確認、体調不...",public_detail,2026-09-29 09:16:09,True,2026-09-29 09:16:09,1Cl2VvDmJVZqGnDqCyq0,"{""isSpecified"": false, ""value"": """"}"
g0zi1u6wb9,,kamigata-expo-park-fes-2026,2026-11-01,,[大阪府] 万博記念公園,electronic,female,公演日2日前にログイン情報共有,ᡣ𐭩,5.0,,QR,2026-09-29 01:13:15,public_alias_observed,2026-09-29 09:03:20,,,listing,1,67000,"なにわ名義/初期当選/有効期限内/発送物戻り無/同一クレカ無し

公演前日に必要な情報等を連絡ボードにてお知らせ致します。同意チェックは購入者様ご自身でお願い致します。

プラベル可能な方。
公演当日入場後は速やかにログアウトして頂き、必ず開演時間までに受け取り通知をお願い致します。

座席に関するクレーム等は一切受け付けません。公演中止を除き交通機関遅れ、体調不良等購入者様都合の事情、ランダムエラー等如何なる場合も返金致しません。お取引成立後は如何なる場合も必ず受け取り通知を完了して頂きますのでご了承下さい。取引成立後の取引キャンセルも承る事が出来ないのでご了承下さい。上記の場合も必ず受け取り評価は行って頂きます。

ご購入は上記を了承した上で日本語の理解出来る、成人済み日本人の方でお願い致します。",True,g0zi1u6wb9,2026-09-26 02:01:13,active,2026-09-29 09:15:42,,public_detail,False,public_detail,active,"なにわ名義/初期当選/有効期限内/発送物戻り無/同一クレカ無し

公演前日に必要な情報等を連絡ボードにてお知らせ致します。同意チェックは購入者様ご自身でお願い致...",public_detail,2026-09-29 09:15:42,True,2026-09-29 09:15:42,1Cl2VvDmJVZqGnDqCyq0,"{""isSpecified"": false, ""value"": """"}"
aws2qh4w14,,kamigata-expo-park-fes-2026,2026-11-01,,[大阪府] 万博記念公園,electronic,female,公演日前日までにログイン情報共有,ぴ,5.0,,QR,2026-09-29 01:13:15,public_alias_observed,2026-09-29 09:03:20,,,listing,1,25000,"なにわ名義/条件なし/QRごと/すり替えなし会員番号下3桁開示可/初期当選/有効期限内/郵送物戻りなし

公演日の前日にログイン情報をお伝えします。

ログイン情報は他の方にお伝えせずご入場者様のみの管理でお願い致します。
ご購入いただきました時点で下3桁をお送りいたします。

重複売り疑いを防止のため、
当日QR表示のための名義人同意チェックは買い手様にてお願いしております。

入場後、開演時間までにログアウト、受け取り連絡をお願い致します。

座席は当日発券するまで未定です。
座席に関するクレームも一切受け付けません。

 入場時のランダムエラーや本人確認、同行者登録の誤操作等により入場できない場合も含め、
如何なる理由でも受け取りをしていただき、
買い手様都合のキャンセル・返金対応致しかねますのでご了承ください。

上記の内容をご了承いただける方のみご購入をお願い致します。トラブル防止のため代理購入はお控え下さい。",True,aws2qh4w14,2026-09-26 02:01:13,active,2026-09-29 09:15:44,,public_detail,False,public_detail,active,"なにわ名義/条件なし/QRごと/すり替えなし会員番号下3桁開示可/初期当選/有効期限内/郵送物戻りなし

公演日の前日にログイン情報をお伝えします。

ログイン...",public_detail,2026-09-29 09:15:44,True,2026-09-29 09:15:44,1Cl2VvDmJVZqGnDqCyq0,"{""isSpecified"": false, ""value"": """"}"
j87zkewis6,,kamigata-expo-park-fes-2026,2026-11-01,,[大阪府] 万博記念公園,electronic,none,3名義中3番手,で,5.0,,同行 / 番手,2026-09-29 01:13:15,public_alias_observed,2026-09-29 09:03:20,,,listing,1,25000,"3名義中3番手/全て単番/初期当選/ジュニア情報局先行 該当名義/変更ボタンあり/有効期限内/すり替えなし/下3桁提示可

8:30前集合可能な方のみご購入下さい。
状況次第では8時半以降の集合になる可能性もございます。
当日の集合時間に関しましては公演が近くなり次第、または詳細が発表され次第、連絡ボードにてご連絡させていただきます。

待ち合わせ後、同時入場していただきます。その後一旦チケットを回収し1.2番手がチケットを選んだ後にチケットをお渡しいたしますのでお選びはいただけません。また、ブロック選択までにお時間をいただく可能性がございますのでご了承ください。
集合時に持ち逃げ防止のため身分証をお預かりしますので必ずお持ち下さい。

集合後に発送通知をいたしますので、チケットお渡し後は速やかに受取通知をお願いいたします。

買い手様の端末をお借りしQR表示にご協力いただく場合がございます。必ずQR表示可能な端末をお持ち下さい。
当日または前日までに電話番号をお聞きする可能性がございますので対応できる方のみ購入して下さい。
待ち合わせ時間に遅刻される場合は如何なる理由であっても買い手様の到着を待たずに先に入場させて頂きます。その場合も必ず受け取り評価をして頂きますので、時間に余裕を持って来られる方のみご購入ください。
座席に関するクレームは一切承りませんのでご了承ください。
体調不良、ランダムエラー、本人確認等、公演中止以外での返金は出演者変更などのいかなる場合もいたしかねます。公演中止の際のみ手数料を差し引いた金額を返金致します。
当日までこまめに連絡が取れる方、日本語が通じる方のみご購入ください。
サイチェン等して頂いて構いませんが名義を傷つける行為はおやめ下さい。
ご購入された時点で上記の注意事項に全て同意したものとみなします。
",True,j87zkewis6,2026-09-26 02:01:13,active,2026-09-29 09:15:43,,public_detail,False,public_detail,active,"3名義中3番手/全て単番/初期当選/ジュニア情報局先行 該当名義/変更ボタンあり/有効期限内/すり替えなし/下3桁提示可

8:30前集合可能な方のみご購入下さ...",public_detail,2026-09-29 09:15:43,True,2026-09-29 09:15:43,1Cl2VvDmJVZqGnDqCyq0,"{""isSpecified"": false, ""value"": """"}"
cvbqivr5uj,,kamigata-expo-park-fes-2026,2026-11-01,,[大阪府] 万博記念公園,electronic,female,入金後24時間以内にQRコード共有,のっち,5.0,,番手,2026-09-29 01:13:15,public_alias_observed,2026-09-29 09:03:20,,,listing,2,26000,"【2名義中2番手】なにわ名義／すり替えなし／有効期限内／下3桁提示可／エラー歴なし

公演当日は、こちらが指定する時間・場所に集合していただき、同時入場を予定しております。
入場方法や当日の状況により、QRごとお渡しする場合がございますので、柔軟にご対応いただける方のみご購入をお願いいたします。

入場時間が早朝となる可能性がございます。公式から詳細が発表され次第、集合時間・場所について取引メッセージにてご連絡いたします。指定時間に確実にお越しいただける方のみご購入ください。

2連でご購入の場合、入場時に分かれていただく可能性がございますが、連番のチケットをお渡しいたします。

大きな荷物・キャリーケース等は、集合前にコインロッカー等へお預けいただいた状態でお越しください。

チケットお渡し後は、速やかに受取連絡をお願いいたします。

座席・ブロック等に関するクレームは一切お受けできません。
また、交通機関の遅延、遅刻、体調不良、本人確認、ランダムエラー・システムエラー等、主催者による公演中止以外の理由で入場できなかった場合も、キャンセル・返金には対応いたしかねます。

集合時間に遅刻された場合は、先に入場させていただく場合がございます。その場合も受取連絡は必ずお願いいたします。

公演中止の場合のみ、各種手数料を差し引いた金額を返金いたします。

日本語でスムーズに連絡が取れ、上記すべてご了承いただける方のみご購入をお願いいたします。代理購入はご遠慮ください。
",True,cvbqivr5uj,2026-09-27 15:02:48,active,2026-09-29 09:15:43,,public_detail,False,public_detail,active,"【2名義中2番手】なにわ名義／すり替えなし／有効期限内／下3桁提示可／エラー歴なし

公演当日は、こちらが指定する時間・場所に集合していただき、同時入場を予定し...",public_detail,2026-09-29 09:15:43,True,2026-09-29 09:15:43,1Cl2VvDmJVZqGnDqCyq0,"{""isSpecified"": false, ""value"": """"}"
aamijpviko,,kamigata-expo-park-fes-2026,2026-11-01,,[大阪府] 万博記念公園,electronic,female,5名義中4番手,え,5.0,,同行 / 番手,2026-09-29 01:13:15,public_alias_observed,2026-09-29 09:03:20,,,listing,2,22000,"FC・情報局先行/有効期限内/5名義中4番手/すり替えなし/下3桁提示可

開場時間の8:30入場の可能性があります。
会場付近にて待ち合わせし同時入場していただきます。
詳しい集合場所、時間等につきましては後日 連絡ボードにて連絡させていただきます。 座席に関するクレームは一切受け付けません。
キャリーケース等大きな荷物は事前に預けた状態でお越しください。 
QRごとでのお譲りになる可能性もございます。整番等入場方法が定かではないため柔軟に対応していただける方のご購入をお願いいたします。
 入場後発送通知を行いますのでチケット受取後、 速やかに受取通知して頂きますようお願いします。
  遅刻や体調不良、本人確認、システムエラーやランダムエラー等、主催者側による公演中止以外でのキャンセル・返金対応はいかなる理由でも致しません。  
遅刻された場合は先に入場させていただきますが、受取評価はしていただきます。 
上記をご確認頂き、日本語でスムーズにご連絡の取れる方のみご購入下さい。代理購入はご遠慮下さい。",True,aamijpviko,2026-09-26 02:01:13,active,2026-09-29 09:15:48,,public_detail,False,public_detail,active,"FC・情報局先行/有効期限内/5名義中4番手/すり替えなし/下3桁提示可

開場時間の8:30入場の可能性があります。
会場付近にて待ち合わせし同時入場していた...",public_detail,2026-09-29 09:15:48,True,2026-09-29 09:15:48,1Cl2VvDmJVZqGnDqCyq0,"{""isSpecified"": false, ""value"": """"}"
9dn8e5nzn3,,kamigata-expo-park-fes-2026,2026-11-01,,[大阪府] 万博記念公園,electronic,none,公演日1日前にQRコード共有,めんた,5.0,,QR,2026-09-29 01:13:15,public_alias_observed,2026-09-29 09:03:20,,,listing,2,23333,"なにわ男子FC✕なにわ男子FC/初期選/QR毎/すり替えなし/有効期限内／エラー歴等なし/下3桁提示可/Pay-easy
支払い
公演日前日に連絡ボードにてログイン情報お伝えします。
当日入場後は速やかにログアウトと受取評価お願いいたします。
遅刻や体調不良、交通機関の乱れ、本人確認、システムエラーやランダムエラー等、主催者側による公演中止以外でのキャンセル・返金対応はいかなる理由でも不可になります。座席のクレームも一切受け付けませんのでご了承ください。
入金後の不備、送金停止依頼など如何なる場合でも返金はできません",True,9dn8e5nzn3,2026-09-26 01:01:13,active,2026-09-29 09:15:44,,public_detail,False,public_detail,active,"なにわ男子FC✕なにわ男子FC/初期選/QR毎/すり替えなし/有効期限内／エラー歴等なし/下3桁提示可/Pay-easy
支払い
公演日前日に連絡ボードにてログ...",public_detail,2026-09-29 09:15:44,True,2026-09-29 09:15:44,1Cl2VvDmJVZqGnDqCyq0,"{""isSpecified"": false, ""value"": """"}"
w8jjkxyh6t,,kamigata-expo-park-fes-2026,2026-11-01,,[大阪府] 万博記念公園,electronic,female,公演前日まで,D,5.0,,番手,2026-09-29 01:13:15,public_alias_observed,2026-09-29 09:03:20,,,listing,1,25000,"2名義中2番手/エイト×2名義/初期当選/有効期限名義のみ/すり替えなし

当日、開場時間前に会場付近で待ち合わせし、同時入場していただきます。
入場後はチケットを一旦回収し、当方が選ばなかったチケットをお渡し致します。チケットを選ぶのにお時間がかかる場合がございますのでご理解ください。

会場の電波環境が悪い可能性がございますので、事前に電話番号をお伺い致します。

当日購入者様の遅刻、体調不良により入場できなかった場合、本人確認、入場時のランダムエラーや入場エラ一、座席などへのクレームでの返金は一切致しかねます。また、公演中止以外のキャンセルは一切受け付けません。そのような場合でも必ず受取連絡はして頂きますのでご了承ください。

チケットをお渡しさせて頂く際に、必ず受取連絡をお願い致します。受取連絡をして頂いた時点でお取引が問題なく完了したこととみなし、それ以降のクレーム等は受け付けません。ご購入はいかなる場合も返金、キャンセル処理は致しません。ご了承ください。

必ず上記事項にご理解頂けた方、20歳以上の日本人女性の方のみご購入お願い致します。公演中止の際には手数料を差し引いた金額を返金します。",True,w8jjkxyh6t,2026-09-26 01:01:13,active,2026-09-29 09:15:45,,public_detail,False,public_detail,active,"2名義中2番手/エイト×2名義/初期当選/有効期限名義のみ/すり替えなし

当日、開場時間前に会場付近で待ち合わせし、同時入場していただきます。
入場後はチケッ...",public_detail,2026-09-29 09:15:45,True,2026-09-29 09:15:45,1Cl2VvDmJVZqGnDqCyq0,"{""isSpecified"": false, ""value"": """"}"
cucooc0rz1,,kamigata-expo-park-fes-2026,2026-11-01,,[大阪府] 万博記念公園,electronic,female,公演日前日にログイン情報お渡し,も,5.0,,QR,2026-09-29 01:13:15,public_alias_observed,2026-09-29 09:03:20,,,listing,2,31000,"WESTを含まずFC×FCでの当選です。
初期当選/有効期限内/下3桁提示可能/過去エラー・発送物戻り無

公演日前日にログイン情報をお渡しします。赤線対策のため同行者の同意チェックをした状態でお渡しします。

代表・同行どちらも前回落選名義となります。公演中止以外はランダムエラーを含むいかなる場合も返金・キャンセル対応致しませんのでご了承ください。

以上のことが理解できる方のみご購入お願いします。

気になる点がある方はご購入前にコメントお願いします。",True,cucooc0rz1,2026-09-26 01:01:13,active,2026-09-29 09:15:47,,public_detail,False,public_detail,active,"WESTを含まずFC×FCでの当選です。
初期当選/有効期限内/下3桁提示可能/過去エラー・発送物戻り無

公演日前日にログイン情報をお渡しします。赤線対策のた...",public_detail,2026-09-29 09:15:47,True,2026-09-29 09:15:47,1Cl2VvDmJVZqGnDqCyq0,"{""isSpecified"": false, ""value"": """"}"
k7qc4ysx03,,kamigata-expo-park-fes-2026,2026-11-01,,[大阪府] 万博記念公園,electronic,female,公演前日にログイン情報共有,14,5.0,,QR,2026-09-29 01:13:15,public_alias_observed,2026-09-29 09:03:20,,,listing,2,35000,"WEST.名義//QRごと/すり替えなし会員番号下3桁開示可/初期当選/有効期限内

公演日の前日にログイン情報をお伝えします。

ログイン情報は他の方にお伝えせずご入場者様のみの管理でお願い致します。
ご購入いただきました時点で下3桁をお送りいたします。

重複売り疑いを防止のため、
当日QR表示のための名義人同意チェックは買い手様にてお願いしております。

入場後、開演時間までにログアウト、受け取り連絡をお願い致します。

座席は当日発券するまで未定です。
座席に関するクレームも一切受け付けません。

 入場時のランダムエラーや本人確認、同行者登録の誤操作等により入場できない場合も含め、
如何なる理由でも受け取りをしていただき、
買い手様都合のキャンセル・返金対応致しかねますのでご了承ください。

上記の内容をご了承いただける方のみご購入をお願い致します。トラブル防止のため代理購入はお控え下さい。
",True,k7qc4ysx03,2026-09-26 02:01:13,active,2026-09-29 09:15:46,,public_detail,False,public_detail,active,"WEST.名義//QRごと/すり替えなし会員番号下3桁開示可/初期当選/有効期限内

公演日の前日にログイン情報をお伝えします。

ログイン情報は他の方にお伝え...",public_detail,2026-09-29 09:15:46,True,2026-09-29 09:15:46,1Cl2VvDmJVZqGnDqCyq0,"{""isSpecified"": false, ""value"": """"}"
8lj1av0qjc,,kamigata-expo-park-fes-2026,2026-11-01,,[大阪府] 万博記念公園,electronic,female,QRの為未定,39,5.0,,番手,2026-09-29 01:13:15,public_alias_observed,2026-09-29 09:03:20,,,listing,1,21000,"2名義中2番手 / すり替えなし / 下3桁提示可 /  有効期限内 / どちらも局名義

・公演当日、会場付近に集合し同時入場する予定です。
・当方が選ばなかった方、2名義中2番手のチケットをお渡しします。
・チケットを受け取り後は速やかに受け取り評価をよろしくお願いいたします。
・体調不良や遅延、ランダムエラー等公演中止以外の如何なる理由でのキャンセルは一切受け付けておりません。
・公演中止の際は手数料を差し引いた額を返金します。
・上記を理解出来る日本語の通じる成人済女性がご購入ください。",True,8lj1av0qjc,2026-09-26 01:01:13,active,2026-09-29 09:15:47,,public_detail,False,public_detail,active,"2名義中2番手 / すり替えなし / 下3桁提示可 /  有効期限内 / どちらも局名義

・公演当日、会場付近に集合し同時入場する予定です。
・当方が選ばなか...",public_detail,2026-09-29 09:15:47,True,2026-09-29 09:15:47,1Cl2VvDmJVZqGnDqCyq0,"{""isSpecified"": false, ""value"": """"}"
mt7bl12eot,,kamigata-expo-park-fes-2026,2026-11-01,,[大阪府] 万博記念公園,electronic,female,同行,あ,5.0,,番手,2026-09-29 01:13:15,public_alias_observed,2026-09-29 09:03:20,,,listing,1,50000,"⭐️2名義中1番手⭐️（当方と同行のため大橋、真弓担不可）新大阪駅（8時半〜）からのシャトルバス券付き🚌（不要の方も購入可）全てなにわ名義
購入希望の方、プラベ出品にするのでメッセージ下さい。プラベルでのお取引も可能。
全て初期当選/すり替えなし/下3桁提示可能/有効期限内／サイチェン可
前日の夜までに集合時間と場所をお伝えしますので、時間厳守でお集まり下さい。万が一遅刻された場合先に入場致しますがその場合でも受取連絡して頂きます。
入場後はチケットを一度回収させて頂き、こちらで座席を選ばせて頂いた後に残りのチケットからお好きな座席をお選びいただきます。
入場時、代表者として入場していただく可能性がございます。その際は、一度スマホをお借りし、ログイン情報を入力させていただきますのでご了承いただける方のみご購入お願いいたします。
公演中止以外のキャンセル、返金等は出来かねますのでご了承いただける方のみご購入お願いいたします。

",True,mt7bl12eot,2026-09-26 02:01:13,active,2026-09-29 09:15:45,,public_detail,False,public_detail,active,"⭐️2名義中1番手⭐️（当方と同行のため大橋、真弓担不可）新大阪駅（8時半〜）からのシャトルバス券付き🚌（不要の方も購入可）全てなにわ名義
購入希望の方、プラ...",public_detail,2026-09-29 09:15:45,True,2026-09-29 09:15:45,1Cl2VvDmJVZqGnDqCyq0,"{""isSpecified"": true, ""value"": ""\u5ea7\u5e2d\u672a\u5b9a""}"
1huoqtksqr,,kamigata-expo-park-fes-2026,2026-11-01,,[大阪府] 万博記念公園,paper,female,当日手渡し,🌟,5.0,,番手,2026-09-29 01:13:15,public_alias_observed,2026-09-29 09:03:20,,,listing,2,24444,"🌸 お値下げ可能なのでご希望額ご連絡ください🌸

ファンクラブ先行/初期当選/有効期限内/コンビニ決済済

2名義中2番手
（Aぇ✖️Aぇ、なにわ✖️なにわ 2名義ともに直近のツアー落選しています。）

公演当日 会場付近にて待ち合わせし、同時入場していただきます。
開場時間まで集合場所に来られない場合はキャンセルとさせていただきます。
その場合、どのような理由であっても受け取り連絡は行っていただきますので、お時間には余裕をもってお越しください。
詳しい待ち合わせ時間・場所等は、ご入金後にお知らせいたします。

また公演中止の場合のみ返金いたします。
それ以外のQRエラーや体調不良、本人確認等の公演中止以外の理由で入場できなかった場合でも受け取り連絡を行っていただきます。

チケットお渡し後は自由にお取引していただいて構いません◎

ご検討よろしくお願いいたします。
",True,1huoqtksqr,2026-09-26 02:01:13,active,2026-09-29 09:15:46,,public_detail,False,public_detail,active,"🌸 お値下げ可能なのでご希望額ご連絡ください🌸

ファンクラブ先行/初期当選/有効期限内/コンビニ決済済

2名義中2番手
（Aぇ✖️Aぇ、なにわ✖️なにわ...",public_detail,2026-09-29 09:15:46,True,2026-09-29 09:15:46,1Cl2VvDmJVZqGnDqCyq0,"{""isSpecified"": false, ""value"": """"}"
a0z3wt6484,,kamigata-expo-park-fes-2026,2026-11-01,,[大阪府] 万博記念公園,electronic,female,QRごと　重複　すり替えなし,みかん,5.0,,QR,2026-09-29 01:13:15,public_alias_observed,2026-09-29 09:03:20,,,listing,1,30000,"なにわ男子名義
前日になりましたらログイン情報ご提示します。
買い手様で同意チェックして入場してください。
本人確認、ランダムエラー対応はできません。",True,a0z3wt6484,2026-09-26 02:01:13,active,2026-09-29 09:15:49,,public_detail,False,public_detail,active,"なにわ男子名義
前日になりましたらログイン情報ご提示します。
買い手様で同意チェックして入場してください。
本人確認、ランダムエラー対応はできません。",public_detail,2026-09-29 09:15:49,True,2026-09-29 09:15:49,1Cl2VvDmJVZqGnDqCyq0,"{""isSpecified"": false, ""value"": """"}"
n3jq0h7zz3,,kamigata-expo-park-fes-2026,2026-11-01,,[大阪府] 万博記念公園,electronic,female,QR毎、前日にログイン情報共有,みい,5.0,,QR,2026-09-29 01:13:15,public_alias_observed,2026-09-29 09:03:20,,,listing,2,28000,"なにわ男子名義 /QR毎/重複すり替えなし/下3桁提示可能/初期当選/有効期限内

ランダムエラーや本人確認、体調不良や出演者の変更等、いかなる場合であっても受取り評価をしていただきます。

公演中止の場合のみ返金します。

入場後は速やかにログアウトと、受取り評価をお願いいたします。",True,n3jq0h7zz3,2026-09-26 02:01:13,active,2026-09-29 09:15:49,,public_detail,False,public_detail,active,"なにわ男子名義 /QR毎/重複すり替えなし/下3桁提示可能/初期当選/有効期限内

ランダムエラーや本人確認、体調不良や出演者の変更等、いかなる場合であっても受...",public_detail,2026-09-29 09:15:49,True,2026-09-29 09:15:49,1Cl2VvDmJVZqGnDqCyq0,"{""isSpecified"": false, ""value"": """"}"
njpkk2jw2b,,kamigata-expo-park-fes-2026,2026-11-01,,[大阪府] 万博記念公園,electronic,none,公演日当日にQRコード共有,めんた,5.0,,QR,2026-09-29 01:13:15,public_alias_observed,2026-09-29 09:03:20,,,listing,2,23333,"なにわ男子FC✕なにわ男子FC/初期選/QR毎/すり替えなし/有効期限内／エラー歴等なし/下3桁提示可/Pay-easy
支払い
公演日前日に連絡ボードにてログイン情報お伝えします。
当日入場後は速やかにログアウトと受取評価お願いいたします。
遅刻や体調不良、交通機関の乱れ、本人確認、システムエラーやランダムエラー等、主催者側による公演中止以外でのキャンセル・返金対応はいかなる理由でも不可になります。座席のクレームも一切受け付けませんのでご了承ください。
入金後の不備、送金停止依頼など如何なる場合でも返金できません",True,njpkk2jw2b,2026-09-26 01:01:13,active,2026-09-29 09:15:47,,public_detail,False,public_detail,active,"なにわ男子FC✕なにわ男子FC/初期選/QR毎/すり替えなし/有効期限内／エラー歴等なし/下3桁提示可/Pay-easy
支払い
公演日前日に連絡ボードにてログ...",public_detail,2026-09-29 09:15:47,True,2026-09-29 09:15:47,1Cl2VvDmJVZqGnDqCyq0,"{""isSpecified"": false, ""value"": """"}"
f4nf0caheo,,kamigata-expo-park-fes-2026,2026-11-01,,[大阪府] 万博記念公園,electronic,female,同行,ゆあ,5.0,,同行 / 番手,2026-09-29 01:13:15,public_alias_observed,2026-09-29 09:03:20,,,listing,2,28000,"初期当選/3名義中3番手/すり替え無し/下3桁提示可/有効期限内

★代表者・同行者共になにわ男子FCで登録済み
不備名義なし

※公式にて「TAKOYAKI STAGEはスタンディング・ブロック指定です」との表記がございます為、入場の際に発券されたチケットに指定のブロックが記載しているかと思われます。

※入場時間はまだ未定ですので、8:30〜12:00の間のどの時間でもご対応いただける方のみご購入ください。

公演当日、指定した時間・集合場所に集まっていただき同時入場していただきます。
入場後、一度全てのチケットを回収させていただきチケットを選択後にお渡しいたします。
スタンディングの為、入場後は速やかにチケットをお渡しさせたいただきます。

チケット受け取り後は、速やかに受け取り連絡をお願いします。

2連でご購入の場合、別れて入場して頂くことがございますが、必ず連番のチケットをお渡しいたします。

集合時間や待ち合わせ場所につきましてはご入金後、公式から情報がで次第メッセージにてご連絡いたします。

交通機関の乱れや、電波が悪く集合できなかった等、いかなる場合でも遅刻された場合は先に入場させていただき、受け取り連絡は必ず行っていただきます。
お座席に関するクレームは一切お受けしておりません。
本人確認やランダムエラー、体調不良、遅刻等で会場に入れなかった場合でも、一切のキャンセルや返金対応は致しかねますので予めご了承ください。
公演中止の場合のみ、手数料を差し引いた金額を返金致します。

誠意を持って対応させていただきます。
",True,f4nf0caheo,2026-09-26 02:01:13,active,2026-09-29 09:15:50,,public_detail,False,public_detail,active,"初期当選/3名義中3番手/すり替え無し/下3桁提示可/有効期限内

★代表者・同行者共になにわ男子FCで登録済み
不備名義なし

※公式にて「TAKOYAKI...",public_detail,2026-09-29 09:15:50,True,2026-09-29 09:15:50,1Cl2VvDmJVZqGnDqCyq0,"{""isSpecified"": true, ""value"": ""\u5ea7\u5e2d\u672a\u5b9a""}"
rvnhlyijyu,,kamigata-expo-park-fes-2026,2026-11-01,,[大阪府] 万博記念公園,electronic,female,5名義中3番手,え,5.0,,番手,2026-09-29 01:13:15,public_alias_observed,2026-09-29 09:03:20,,,listing,2,30000,"FC.情報局先行/有効期限内/5名義中3番手/すり替えなし/下3桁提示可

開場時間の8:30入場の可能性があります。
会場付近にて待ち合わせし同時入場していただきます。
詳しい集合場所、時間等につきましては後日 連絡ボードにて連絡させていただきます。 座席に関するクレームは受付ません。
キャリーケース等大きな荷物は事前に預けた状態でお越しください。
QRごとでのお譲りになる可能性もございます。整番等入場方法が定かではないため柔軟に対応していただける方のご購入をお願いいたします。
 入場後発送通知を行いますのでチケット受取後、 速やかに受取通知して頂きますようお願いします。
  遅刻や体調不良、本人確認、システムエラーやランダムエラー等、主催者側による公演中止以外でのキャンセル・返金対応はいかなる理由でも致しません。  
遅刻された場合は先に入場させていただきますが、受取評価はしていただきます。 
上記をご確認頂き、日本語でスムーズにご連絡の取れる方のみご購入下さい。代理購入はご遠慮下さい。",True,rvnhlyijyu,2026-09-26 02:01:13,active,2026-09-29 09:15:51,,public_detail,False,public_detail,active,"FC.情報局先行/有効期限内/5名義中3番手/すり替えなし/下3桁提示可

開場時間の8:30入場の可能性があります。
会場付近にて待ち合わせし同時入場していた...",public_detail,2026-09-29 09:15:51,True,2026-09-29 09:15:51,1Cl2VvDmJVZqGnDqCyq0,"{""isSpecified"": false, ""value"": """"}"
vlaynqf60f,,kamigata-expo-park-fes-2026,2026-11-01,,[大阪府] 万博記念公園,electronic,female,当日朝ログイン,yu,5.0,,QR,2026-09-29 01:13:15,public_alias_observed,2026-09-29 09:03:20,,,listing,2,25000,"ジュニア情報局 / QR毎 / 下3桁提示可 / 有効期限内

・公演当日の朝にログイン情報送付、または待ち合わせの上買い手の端末でログイン致します。
・ランダムエラー、買い手理由のキャンセル、遅刻などの公演中止以外での返金には一切応じませんのでご了承ください。
・入場しログアウト後 入場報告完了してください
・公演中止の際のみ返金させて頂きます。
・日本語の分かる方のみご購入よろしくお願いいたします。",True,vlaynqf60f,2026-09-26 01:01:13,active,2026-09-29 09:15:48,,public_detail,False,public_detail,active,"ジュニア情報局 / QR毎 / 下3桁提示可 / 有効期限内

・公演当日の朝にログイン情報送付、または待ち合わせの上買い手の端末でログイン致します。
・ランダ...",public_detail,2026-09-29 09:15:48,True,2026-09-29 09:15:48,1Cl2VvDmJVZqGnDqCyq0,"{""isSpecified"": false, ""value"": """"}"
4z8i6u16x9,,kamigata-expo-park-fes-2026,2026-11-01,,[大阪府] 万博記念公園,electronic,female,公演前日にログイン情報共有,h,5.0,,QR,2026-09-29 01:13:15,public_alias_observed,2026-09-29 09:03:20,,,listing,2,40000,"なにわFC×なにわFC
QR毎/FC初期当選/有効期限内/下三桁提示可

QR毎でのお譲りとなります。
同行者の同意チェックはこちらでいたしますので、代表者分のみお願いいたします。

前日にQR表示に必要な情報をお伝えいたします。
ログイン後QR表示に必要な操作以外はお控えください。
入場後は速やかにログアウトして頂き、受取連絡をお願いします。
体調不良、交通機関の遅延、出演者変更、本人確認、ランダムエラー等、如何なる場合でもキャンセルや返金は不可とさせて頂きます。
公演中止の場合に限り、手数料を差し引いた金額を返金いたします。
プラベルでのお取引も可能です。",True,4z8i6u16x9,2026-09-26 02:01:13,active,2026-09-29 09:15:48,,public_detail,False,public_detail,active,"なにわFC×なにわFC
QR毎/FC初期当選/有効期限内/下三桁提示可

QR毎でのお譲りとなります。
同行者の同意チェックはこちらでいたしますので、代表者分の...",public_detail,2026-09-29 09:15:48,True,2026-09-29 09:15:48,1Cl2VvDmJVZqGnDqCyq0,"{""isSpecified"": false, ""value"": """"}"
avf7thgqjb,,kamigata-expo-park-fes-2026,2026-11-01,,[大阪府] 万博記念公園,electronic,female,同行,まよ,5.0,,同行,2026-09-29 01:13:15,public_alias_observed,2026-09-29 09:03:20,,,listing,1,40000,"当方の同行者枠/初期当選/重複すり替えなし/下三桁提示可/有効期限内/Aぇ×Aぇ名義/入場後別行動

公式から詳細発表後、集合場所、時間についてメッセージにて連絡いたします。
チケットお渡し後、速やかに受け取り連絡お願いいたします。ブロック等に関するクレームはお受けできません。
公演中止以外の理由（体調不良、ランダムエラー、出演者変更等）での返金は一切お受けできません。
",True,avf7thgqjb,2026-09-28 17:03:05,active,2026-09-29 09:16:10,,public_detail,False,public_detail,active,"当方の同行者枠/初期当選/重複すり替えなし/下三桁提示可/有効期限内/Aぇ×Aぇ名義/入場後別行動

公式から詳細発表後、集合場所、時間についてメッセージにて連...",public_detail,2026-09-29 09:16:10,True,2026-09-29 09:16:10,1Cl2VvDmJVZqGnDqCyq0,"{""isSpecified"": false, ""value"": """"}"
2nz5gofz6k,,kamigata-expo-park-fes-2026,2026-11-01,,[大阪府] 万博記念公園,electronic,female,公演前日QRコード共有,M,5.0,,QR,2026-09-29 01:13:15,public_alias_observed,2026-09-29 09:03:20,,,listing,1,23950,"単番QR毎/エイト名義/下3桁提示可/初期当選/すり替え重複なし/有効期限内/郵便物戻りなし/着ブロ指定なし
ログイン情報は公演前日にお伝えします。
入場後は速やかにログアウト、受け取り通知をお願いいたします。 
公演中止の際に限り、手数料を差し引いた金額のみご返金させて頂きます。
プラベル可能な方は専用出品いたしますのでお声掛けください。",True,2nz5gofz6k,2026-09-26 02:01:13,active,2026-09-29 09:15:50,,public_detail,False,public_detail,active,"単番QR毎/エイト名義/下3桁提示可/初期当選/すり替え重複なし/有効期限内/郵便物戻りなし/着ブロ指定なし
ログイン情報は公演前日にお伝えします。
入場後は速...",public_detail,2026-09-29 09:15:50,True,2026-09-29 09:15:50,1Cl2VvDmJVZqGnDqCyq0,"{""isSpecified"": true, ""value"": ""\u5ea7\u5e2d\u672a\u5b9a""}"
38zk0e94xx,,kamigata-expo-park-fes-2026,2026-11-01,,[大阪府] 万博記念公園,electronic,female,公演日前日にQRコード共有,ysnr1128,5.0,,QR,2026-09-29 01:13:15,public_alias_observed,2026-09-29 09:03:20,,,listing,2,22000,"Aぇ! group 名義　FC‪✕‬FC
ファンクラブ先行 座席未定 初期当選
QR毎　すり替えなし 購入後下3桁提示可能

※プライベート出品へ移行のため、承認
取引としております。

以下全てご確認・同意頂いた上でご購入お願いします。また、デジタルチケットの仕組みを理解されており、過去にQR取引経験のある方のみでお願いいたします。

・入金確認後、下3桁提示いたします。
・ログイン情報は公演日前日18時頃にお伝えします。
・入場致しましたら速やかにログアウトし、受取評価をお願いします。
・お席に関するクレーム・キャンセル等はお受けしません。ランダムエラー、本人確認等公演中止以外のいかなる場合でも返金は受け付けません。
・公演中止の場合のみ、自動返金となります。
・出演者変更、制作開放のご当選等買い手様都合によるキャンセルはチケテンの規約に基づき不可です。

トラブル防止のため、日本語が通じる女性の方のみ、代理購入はお控えください。",True,38zk0e94xx,2026-09-26 02:01:13,active,2026-09-29 09:15:51,,public_detail,False,public_detail,active,"Aぇ! group 名義　FC‪✕‬FC
ファンクラブ先行 座席未定 初期当選
QR毎　すり替えなし 購入後下3桁提示可能

※プライベート出品へ移行のため、承...",public_detail,2026-09-29 09:15:51,True,2026-09-29 09:15:51,1Cl2VvDmJVZqGnDqCyq0,"{""isSpecified"": false, ""value"": """"}"
ia9opfitt1,,kamigata-expo-park-fes-2026,2026-11-01,,[大阪府] 万博記念公園,electronic,female,公演日前日にログイン情報共有,a,5.0,,QR,2026-09-29 01:13:15,public_alias_observed,2026-09-29 09:03:20,,,listing,2,35000,"WEST.名義/QR毎/下3桁提示可/初期当選/有効期限内/発送物戻りなし

※ご購入いただける場合はプライベート出品に切り替えます。メッセージにてご購入いただける旨お知らせください。

・公演日前日にログインに必要な情報を連絡ボードにてお伝えします。入場後は速やかにログアウトをし、受取連絡をお願いいたします。
・座席のクレームは一切受け付けませんのでご了承ください。
・必ず入場されるご本人がご購入ください。
・公演中止の場合のみ、手数料を引いた額を返金いたします。体調不良、天候不良、出演者変更およびランダムエラー等で入場できなかった場合につきましても、キャンセル及び返金は一切受け付けませんので予めご了承ください。

上記条件全てご了承いただける方のみご購入をお願いいたします。",True,ia9opfitt1,2026-09-26 01:01:13,active,2026-09-29 09:15:52,,public_detail,False,public_detail,active,"WEST.名義/QR毎/下3桁提示可/初期当選/有効期限内/発送物戻りなし

※ご購入いただける場合はプライベート出品に切り替えます。メッセージにてご購入いただ...",public_detail,2026-09-29 09:15:52,True,2026-09-29 09:15:52,1Cl2VvDmJVZqGnDqCyq0,"{""isSpecified"": false, ""value"": """"}"
nqtvn29kfy,,kamigata-expo-park-fes-2026,2026-11-01,,[大阪府] 万博記念公園,electronic,female,2名義2番手,も,5.0,,番手,2026-09-29 01:13:15,public_alias_observed,2026-09-29 09:03:20,,,listing,2,40000,"💓プラベル対応です💓
2名義2番手すり替えなし/下3桁提示🉑/有効期限内
当選歴お伝え不可❌
日本語のわかる日本人女性のみご購入ください。
お子様連れでのお越しの方はご購入を御遠慮ください。
複数名義所持の為、同時入場後に一度チケットを回収させて頂きます。チケットは迅速にお渡し出来るように致しますが座席選択にお時間を頂きますことご了承ください。
チケットをお渡しする際にその場で受け取り連絡をお願いいたします。
当日は事前に連絡ボードでお伝えする指定した時間、場所にお集まり頂きます。複数人での入場になるため遅刻厳禁でお願いいたします。

お座席のクレーム等は一切受付致しません。
体調不良などによるキャンセルは一切受け付けません。
公演中止の場合のみ、手数料等を引いた額を返金いたします。遅刻、当日のランダムエラーや本人確認、出演者の不在等、公演中止以外の如何なる理由でも返金は致しません。
代理購入等はトラブルを避けるためにもご遠慮ください。必ず購入者様本人がお越し頂くようお願いいたします。
以上の点を全てご理解頂ける場合のみご購入ください。

・公演当日、会場付近でお待ち合わせをし、同時入場をしていただきます。11:00〜11:15集合を予定しておりますが、詳しい集合時間・場所はご入金後、お日にちが近くなりましたら連絡ボードにてご連絡致します。",True,nqtvn29kfy,2026-09-26 02:01:13,active,2026-09-29 09:15:51,,public_detail,False,public_detail,active,"💓プラベル対応です💓
2名義2番手すり替えなし/下3桁提示🉑/有効期限内
当選歴お伝え不可❌
日本語のわかる日本人女性のみご購入ください。
お子様連れでの...",public_detail,2026-09-29 09:15:51,True,2026-09-29 09:15:51,1Cl2VvDmJVZqGnDqCyq0,"{""isSpecified"": false, ""value"": """"}"
yy33xrxtv9,,kamigata-expo-park-fes-2026,2026-11-01,,[大阪府] 万博記念公園,electronic,female,公演前日にログイン情報共有,い,5.0,,QR,2026-09-29 01:13:15,public_alias_observed,2026-09-29 09:03:20,,,listing,1,29000,"単番QR毎／なにわ男子初当選名義／下3桁提示可／ペイジー決済／発送物戻りなし

☆同意チェックは買い手様ご自身にお任せしております。

☆出演者変更やランダムエラー、本人確認、買い手さまの不都合など、いかなる場合もキャンセル・返金不可になります。
万が一キャンセルされる場合や、入場できなかった場合も受け取り評価はしていただくことご了承ください。

☆名義を潰す行為はお辞めください。入場後はすみやかにログアウトしていただくようお願いいたします。

☆座席(ブロック)のクレームやランダムエラーなどの責任は負いかねます。

何か不明な点ございましたらご購入前に質問お願いいたします。
上記すべてご了承いただける日本人女性の方のみ、ご購入よろしくお願いいたします。",True,yy33xrxtv9,2026-09-26 02:01:13,active,2026-09-29 09:15:52,,public_detail,False,public_detail,active,"単番QR毎／なにわ男子初当選名義／下3桁提示可／ペイジー決済／発送物戻りなし

☆同意チェックは買い手様ご自身にお任せしております。

☆出演者変更やランダムエ...",public_detail,2026-09-29 09:15:52,True,2026-09-29 09:15:52,1Cl2VvDmJVZqGnDqCyq0,"{""isSpecified"": false, ""value"": """"}"
ke73kqu24o,,kamigata-expo-park-fes-2026,2026-11-01,,[大阪府] 万博記念公園,electronic,female,前日にQRコード共有,Y,4.5,,QR,2026-09-29 01:13:15,public_alias_observed,2026-09-29 09:03:20,,,listing,1,60000,"なにわ名義/初期当選/重複すり替えなし/有効期限内/下３桁開示可/発送物戻り無/過去エラー歴無

公演前日に必要な情報等を連絡ボードにてお知らせ致します。
公演当日入場後は速やかにログアウトして頂き、必ず開演時間までに受け取り通知をお願い致します。
座席に関するクレーム等は一切受け付けません。公演中止を除き交通機関遅れ、体調不良等購入者様都合の事情、ランダムエラー等如何なる場合も返金致しません。
お取引成立後は如何なる場合も必ず受け取り通知を完了して頂きますのでご了承下さい。取引成立後の取引キャンセルも承る事が出来ないのでご了承下さい。上記の場合も必ず受け取り評価は行って頂きます。
ご購入は上記を了承した上で日本語の理解出来る、成人済み日本人の方でお願い致します。",True,ke73kqu24o,2026-09-26 02:01:13,active,2026-09-29 09:15:55,,public_detail,False,public_detail,active,"なにわ名義/初期当選/重複すり替えなし/有効期限内/下３桁開示可/発送物戻り無/過去エラー歴無

公演前日に必要な情報等を連絡ボードにてお知らせ致します。
公演...",public_detail,2026-09-29 09:15:55,True,2026-09-29 09:15:55,1Cl2VvDmJVZqGnDqCyq0,"{""isSpecified"": false, ""value"": """"}"
d83xwfxko4,,kamigata-expo-park-fes-2026,2026-11-01,,[大阪府] 万博記念公園,electronic,female,公演日前日にログイン情報共有,ま,4.9,,QR,2026-09-29 01:13:15,public_alias_observed,2026-09-29 09:03:20,,,listing,1,20000,"QRごと/該当名義/重複すり替え無し/下3桁提示可/有効期限内/WEST.名義

公演中止の際のみ規約に従い返金対応いたします。ランダムエラー、本人確認、体調不良、買い手様ご都合で入場が遅れた場合や、その他いかなる場合もキャンセルを含む一切の返金対応不可です。ご了承のうえご購入ください。",True,d83xwfxko4,2026-09-26 01:01:13,active,2026-09-29 09:15:52,,public_detail,False,public_detail,active,"QRごと/該当名義/重複すり替え無し/下3桁提示可/有効期限内/WEST.名義

公演中止の際のみ規約に従い返金対応いたします。ランダムエラー、本人確認、体調不...",public_detail,2026-09-29 09:15:52,True,2026-09-29 09:15:52,1Cl2VvDmJVZqGnDqCyq0,"{""isSpecified"": false, ""value"": """"}"
6ncqtsaw5b,,kamigata-expo-park-fes-2026,2026-11-01,,[大阪府] 万博記念公園,electronic,female,公演日前日にログイン情報共有,💖,5.0,,QR,2026-09-29 01:13:15,public_alias_observed,2026-09-29 09:03:20,,,listing,2,38500,"QR毎/初期当選(Aぇ名義×Aぇ名義)/有効期限内/下3桁提示可/重複すり替えなし

公演日前日にログイン情報を連絡ボードにてお伝えいたします。
公演日当日入場後は速やかにログアウトしていただき、必ず開演時間までに受け取り通知をお願いいたします。

ランダムエラー、出演者変更、体調不良、交通機関の乱れなどの如何なる理由により入場できなかった場合でも受け取り通知をしていただきます。
公演中止の場合に限り、手数料を差し引いた金額を返金いたします。
購入後のクレームについては一切受け付けませんのでご了承ください。

上記の全てをご理解いただける日本語が通じる方のみご購入をお願いいたします。",True,6ncqtsaw5b,2026-09-26 02:01:13,active,2026-09-29 09:15:53,,public_detail,False,public_detail,active,"QR毎/初期当選(Aぇ名義×Aぇ名義)/有効期限内/下3桁提示可/重複すり替えなし

公演日前日にログイン情報を連絡ボードにてお伝えいたします。
公演日当日入場...",public_detail,2026-09-29 09:15:53,True,2026-09-29 09:15:53,1Cl2VvDmJVZqGnDqCyq0,"{""isSpecified"": false, ""value"": """"}"
7ng7534fim,,kamigata-expo-park-fes-2026,2026-11-01,,[大阪府] 万博記念公園,electronic,female,QR毎/公演日3日前にログイン情報共有,M,5.0,,QR,2026-09-29 01:13:15,public_alias_observed,2026-09-29 09:03:20,,,listing,2,30000,"WESTꓸ名義/FC×FC/初期当選/QR毎/すり替えなし/有効期限内/エラー歴等なし/下3桁提示可/過去当選歴なし
公演日前日にログイン情報お伝えします。
当日入場後は速やかにログアウトと受取評価お願いいたします。
遅刻や体調不良、交通機関の乱れ、本人確認、システムエラーやランダムエラー等、主催者側による公演中止以外でのキャンセル・返金対応はいかなる理由でも不可になります。座席のクレームも一切受け付けませんのでご了承ください。
上記ご理解いただける方のみご購入ください。",True,7ng7534fim,2026-09-26 02:01:13,active,2026-09-29 09:15:54,,public_detail,False,public_detail,active,"WESTꓸ名義/FC×FC/初期当選/QR毎/すり替えなし/有効期限内/エラー歴等なし/下3桁提示可/過去当選歴なし
公演日前日にログイン情報お伝えします。
当...",public_detail,2026-09-29 09:15:54,True,2026-09-29 09:15:54,1Cl2VvDmJVZqGnDqCyq0,"{""isSpecified"": false, ""value"": """"}"
6hk9q9fa6n,,kamigata-expo-park-fes-2026,2026-11-01,,[大阪府] 万博記念公園,electronic,female,2名義中2番手,た,5.0,,番手,2026-09-29 01:13:15,public_alias_observed,2026-09-29 09:03:20,,,listing,2,30000,"2名義中2番手⭐️プラベルにてお取引させて頂くため、ご購入希望の方はチケテンメッセージまでお願い致します。⭐️

FC先行 なにわ名義 座席未定
 2名義中2番手 下3桁提示可 初期当選

当方が選ばなかった2連をお渡し致します。

公演当日のランダムエラー、本人確認等、公演中止以外での如何なる場合でも返金は致しません。公演中止の場合のみ手数料を差し引いた金額を返金させていただきます。
チケット受け取り次第、速やかに受け取り連絡をお願い致します。
座席未定の為、座席に関するクレームは一切お受けできません。",True,6hk9q9fa6n,2026-09-26 02:01:13,active,2026-09-29 09:15:54,,public_detail,False,public_detail,active,"2名義中2番手⭐️プラベルにてお取引させて頂くため、ご購入希望の方はチケテンメッセージまでお願い致します。⭐️

FC先行 なにわ名義 座席未定
 2名義中2番...",public_detail,2026-09-29 09:15:54,True,2026-09-29 09:15:54,1Cl2VvDmJVZqGnDqCyq0,"{""isSpecified"": false, ""value"": """"}"
qrc584rwzq,,kamigata-expo-park-fes-2026,2026-11-01,,[大阪府] 万博記念公園,electronic,female,同行,そ。,5.0,,同行,2026-09-29 01:13:15,public_alias_observed,2026-09-29 09:03:20,,,listing,1,32000,"当方の同行者枠/初期当選/すり替えなし/下3桁提示可/有効期限内/Aぇ×Aぇ名義

・入場後は速やかに受け取り通知をお願いいたします。
・座席に関するクレームは一切お受けできません。
・交通機関の遅延、ランダムエラー、本人確認等で入場できない場合や体調不良・出演者変更等のキャンセルは一切お受けできません。
・公演中止の際は手数料を引いた金額を返金させていただきます。
公演中止以外の返金対応いたしません。

上記ご理解頂けた成人済み日本人女性の方のみ、ご購入をお願いいたします。",True,qrc584rwzq,2026-09-26 02:01:13,active,2026-09-29 09:15:53,,public_detail,False,public_detail,active,"当方の同行者枠/初期当選/すり替えなし/下3桁提示可/有効期限内/Aぇ×Aぇ名義

・入場後は速やかに受け取り通知をお願いいたします。
・座席に関するクレームは...",public_detail,2026-09-29 09:15:53,True,2026-09-29 09:15:53,1Cl2VvDmJVZqGnDqCyq0,"{""isSpecified"": false, ""value"": """"}"
zsaode4z7a,,kamigata-expo-park-fes-2026,2026-11-01,,[大阪府] 万博記念公園,electronic,none,3名義中2番手,で,5.0,,同行 / 番手,2026-09-29 01:13:15,public_alias_observed,2026-09-29 09:03:20,,,listing,1,30000,"3名義中2番手/全て単番/初期当選/ジュニア情報局先行 該当名義/変更ボタンあり/有効期限内/すり替えなし/下3桁提示可

8:30前集合可能な方のみご購入下さい。
状況次第では8時半以降の集合になる可能性もございます。
当日の集合時間に関しましては公演が近くなり次第、または詳細が発表され次第、連絡ボードにてご連絡させていただきます。

待ち合わせ後、同時入場していただきます。その後一旦チケットを回収し当方が座席選択した後にチケットを選んで頂きます。また、ブロック選択までにお時間をいただく可能性がございますのでご了承ください。
集合時に持ち逃げ防止のため身分証をお預かりしますので必ずお持ち下さい。

集合後に発送通知をいたしますので、チケットお渡し後は速やかに受取通知をお願いいたします。

買い手様の端末をお借りしQR表示にご協力いただく場合がございます。必ずQR表示可能な端末をお持ち下さい。
当日または前日までに電話番号をお聞きする可能性がございますので対応できる方のみ購入して下さい。
待ち合わせ時間に遅刻される場合は如何なる理由であっても買い手様の到着を待たずに先に入場させて頂きます。その場合も必ず受け取り評価をして頂きますので、時間に余裕を持って来られる方のみご購入ください。
座席に関するクレームは一切承りませんのでご了承ください。
体調不良、ランダムエラー、本人確認等、公演中止以外での返金は出演者変更などのいかなる場合もいたしかねます。公演中止の際のみ手数料を差し引いた金額を返金致します。
当日までこまめに連絡が取れる方、日本語が通じる方のみご購入ください。
サイチェン等して頂いて構いませんが名義を傷つける行為はおやめ下さい。
ご購入された時点で上記の注意事項に全て同意したものとみなします。",True,zsaode4z7a,2026-09-26 02:01:13,active,2026-09-29 09:15:55,,public_detail,False,public_detail,active,"3名義中2番手/全て単番/初期当選/ジュニア情報局先行 該当名義/変更ボタンあり/有効期限内/すり替えなし/下3桁提示可

8:30前集合可能な方のみご購入下さ...",public_detail,2026-09-29 09:15:55,True,2026-09-29 09:15:55,1Cl2VvDmJVZqGnDqCyq0,"{""isSpecified"": false, ""value"": """"}"
psclrwl81w,,kamigata-expo-park-fes-2026,2026-11-01,,[大阪府] 万博記念公園,electronic,female,公演日前日にQRコード共有,m,5.0,,QR,2026-09-29 01:13:15,public_alias_observed,2026-09-29 09:03:20,,,listing,2,24000,"初期当選/WEST.名義/FC×FC/すり替えなし/QR毎/有効期限内/下3桁提示可

・公演前日に連絡ボードにてログイン情報をお伝えいたします。
・ご希望であれば公演1週間前後に会員番号下3桁提示いたします。
・入場の際にはご自身の端末でQRコードの表示をお願いします。入場後は速やかにログアウトと受取通知をお願いします。
 ・公演中止を除き、入場時のシステムエラー、体調不良等いかなる場合でもキャンセル、返金不可です。必ず受取通知はしていただきますのでご了承ください。
 ・公演中止の場合は手数料を差し引いた金額を返金させていただきます。 
・ご購入後のキャンセルはご遠慮ください。  

上記にすべて同意、ご理解いただける方のみご購入をお願いいたします。",True,psclrwl81w,2026-09-26 01:01:13,active,2026-09-29 09:15:55,,public_detail,False,public_detail,active,"初期当選/WEST.名義/FC×FC/すり替えなし/QR毎/有効期限内/下3桁提示可

・公演前日に連絡ボードにてログイン情報をお伝えいたします。
・ご希望であ...",public_detail,2026-09-29 09:15:55,True,2026-09-29 09:15:55,1Cl2VvDmJVZqGnDqCyq0,"{""isSpecified"": false, ""value"": """"}"
yqu9779lgw,,kamigata-expo-park-fes-2026,2026-11-01,,[大阪府] 万博記念公園,electronic,male,公演前日QRコード共有,も,5.0,,QR,2026-09-29 01:13:15,public_alias_observed,2026-09-29 09:03:20,,,listing,2,25000,"QRごとのお譲りになります。
なにわ名義/FC×FC/初期当選/下3桁提示可能/期限内／着ブロ希望なし/ランダムエラー・発送物戻りなし
プライベート出品にしますのでご購入希望の方はコメントください。
・公演前日にログイン情報をお伝えします。
・本人確認やランダムエラーなどで入場できなかった場合、入場後の強制退場や出演者の変更などによる返金は一切致しません。
・遅刻、体調不良、トラブル等のいかなる場合もキャンセルは受け付けません。公演中止の場合のみサイト規約に基づき、仲介手数料を差し引いた金額を返金致します。
・座席に関するクレーム等はお受け致しません。
上記を了承された方のみご購入お願い致します。",True,yqu9779lgw,2026-09-26 01:01:13,active,2026-09-29 09:15:58,,public_detail,False,public_detail,active,"QRごとのお譲りになります。
なにわ名義/FC×FC/初期当選/下3桁提示可能/期限内／着ブロ希望なし/ランダムエラー・発送物戻りなし
プライベート出品にします...",public_detail,2026-09-29 09:15:58,True,2026-09-29 09:15:58,1Cl2VvDmJVZqGnDqCyq0,"{""isSpecified"": false, ""value"": """"}"
m9buwt6je9,,kamigata-expo-park-fes-2026,2026-11-01,,[大阪府] 万博記念公園,electronic,female,同時入場又はQRごと,りりり,5.0,,番手 / QR,2026-09-29 01:13:15,public_alias_observed,2026-09-29 09:03:20,,,listing,2,23000,"【2名義中2番手】／すり替えなし／有効期限内／下3桁提示可／エラー歴なし

公演当日は、こちらが指定する時間・場所に集合していただき、同時入場を予定しております。
入場方法や当日の状況により、QRごとお渡しする場合がございますので、柔軟にご対応いただける方のみご購入をお願いいたします。

入場時間が早朝となる可能性がございます。公式から詳細が発表され次第、集合時間・場所について取引メッセージにてご連絡いたします。指定時間に確実にお越しいただける方のみご購入ください。

複数名義で入場する場合、入場後一度チケットを回収し、こちらで選択後にチケットをお渡しいたします。
2連でご購入の場合、入場時に分かれていただく可能性がございますが、連番のチケットをお渡しいたします。

大きな荷物・キャリーケース等は、集合前にコインロッカー等へお預けいただいた状態でお越しください。

チケットお渡し後は、速やかに受取連絡をお願いいたします。

座席・ブロック等に関するクレームは一切お受けできません。
また、交通機関の遅延、遅刻、体調不良、本人確認、ランダムエラー・システムエラー等、主催者による公演中止以外の理由で入場できなかった場合も、キャンセル・返金には対応いたしかねます。

集合時間に遅刻された場合は、先に入場させていただく場合がございます。その場合も受取連絡は必ずお願いいたします。

公演中止の場合のみ、各種手数料を差し引いた金額を返金いたします。

日本語でスムーズに連絡が取れ、上記すべてご了承いただける方のみご購入をお願いいたします。代理購入はご遠慮ください。

最後まで責任を持って対応いたしますので、よろしくお願いいたします。",True,m9buwt6je9,2026-09-26 02:01:13,active,2026-09-29 09:15:56,,public_detail,False,public_detail,active,"【2名義中2番手】／すり替えなし／有効期限内／下3桁提示可／エラー歴なし

公演当日は、こちらが指定する時間・場所に集合していただき、同時入場を予定しております...",public_detail,2026-09-29 09:15:56,True,2026-09-29 09:15:56,1Cl2VvDmJVZqGnDqCyq0,"{""isSpecified"": false, ""value"": """"}"
hfu3vpskf6,,kamigata-expo-park-fes-2026,2026-11-01,,[大阪府] 万博記念公園,electronic,female,公演日前日QRコード共有,S,5.0,,QR,2026-09-29 01:13:15,public_alias_observed,2026-09-29 09:03:20,,,listing,1,50000,"Aぇ名義/初期当選/すり替えなし/下3桁提示可能/過去エラー歴なし
QR毎のお譲りになります。公演当日(8:30)までにログイン情報をお伝えいたします。
ランダムエラーや出演者の変更等、公演中止以外の理由での返金は致しかねます。公演中止の場合は手数料を差し引いた金額を返金いたします。

ログイン出来ましたら重複防止のため同意チェックはご本人様にお願いしております。",True,hfu3vpskf6,2026-09-26 01:01:13,active,2026-09-29 09:15:56,,public_detail,False,public_detail,active,"Aぇ名義/初期当選/すり替えなし/下3桁提示可能/過去エラー歴なし
QR毎のお譲りになります。公演当日(8:30)までにログイン情報をお伝えいたします。
ランダ...",public_detail,2026-09-29 09:15:56,True,2026-09-29 09:15:56,1Cl2VvDmJVZqGnDqCyq0,"{""isSpecified"": true, ""value"": ""\u5ea7\u5e2d\u672a\u5b9a""}"
sxnu30iip8,,kamigata-expo-park-fes-2026,2026-11-01,,[大阪府] 万博記念公園,electronic,male,公演日1日前までにQRコード共有,M,5.0,,QR,2026-09-29 01:13:15,public_alias_observed,2026-09-29 09:03:20,,,listing,1,32000,"ファンクラブ先行、座席未定　
QRごとのお譲り、有効期限内、すり替えなし、該当名義、下3桁提示可能
プラベルでの取引可能な方優先
公演1日前になりましたら、ログイン用の会員番号およびパスワードをご連絡いたします。
公演日入場後は速やかにログアウトをお願いいたします。
公演中止以外、交通機関の乱れや体調不良等、個人都合により参加ができなかった場合、ランダムエラーを含む入場できなかった場合、出演者が一部出演できないなどの理由での返金はお受けできません。",True,sxnu30iip8,2026-09-26 02:01:13,active,2026-09-29 09:15:56,,public_detail,False,public_detail,active,"ファンクラブ先行、座席未定　
QRごとのお譲り、有効期限内、すり替えなし、該当名義、下3桁提示可能
プラベルでの取引可能な方優先
公演1日前になりましたら、ログ...",public_detail,2026-09-29 09:15:56,True,2026-09-29 09:15:56,1Cl2VvDmJVZqGnDqCyq0,"{""isSpecified"": false, ""value"": """"}"
1bctoi72eg,,kamigata-expo-park-fes-2026,2026-11-01,,[大阪府] 万博記念公園,electronic,female,公演日当日に同行,AIka,5.0,,番手 / 同行,2026-09-29 01:13:15,public_alias_observed,2026-09-29 09:03:20,,,listing,1,26000,"2名義中2番手/初期当選/なにわ名義/有効期限内/すり替えなし/下3桁提示可

公演当日、会場付近にて集合後同時入場していただきます。
8:30が入場時間なので朝早いですが、時間厳守できる方のみ購入をお願いします。
指定した時間に遅れた場合も待たずに入場しますが、受取報告をしていただきます。

入場後当方の入らない方の名義の2番手半券をお渡しします。
チケットお渡しの際に受取報告をお願いします。受取報告を確認できるまでチケットはお渡しできませんのでご了承ください。

代理購入不可、未就学児を連れてる方の購入不可、スーツケース等大きい荷物の持ち込みもご遠慮ください。

遅刻、体調不良、交通機関等遅延、本人確認、ランダムエラー等公演中止以外の返金は一切対応できません。

日本語が話せてスムーズにご連絡の取れる方のみご購入ください。

購入いただいた時点で、上記全て了承したものとみなしクレームは一切受け付けません。
",True,1bctoi72eg,2026-09-26 12:01:12,active,2026-09-29 09:15:58,,public_detail,False,public_detail,active,"2名義中2番手/初期当選/なにわ名義/有効期限内/すり替えなし/下3桁提示可

公演当日、会場付近にて集合後同時入場していただきます。
8:30が入場時間なので...",public_detail,2026-09-29 09:15:58,True,2026-09-29 09:15:58,1Cl2VvDmJVZqGnDqCyq0,"{""isSpecified"": false, ""value"": """"}"
l2friw6up0,,kamigata-expo-park-fes-2026,2026-11-01,,[大阪府] 万博記念公園,electronic,female,公演日前日にQRコード共有,kt,5.0,,QR,2026-09-29 01:13:15,public_alias_observed,2026-09-29 09:03:20,,,listing,2,35000,"WEST.FC初期当選　同行者WEST.FC
プラベ出品にしますので購入ご希望の方はお伝えください
QR毎のお渡しとなります。
有効期限内名義、同一クレカ決済なし、郵送物戻りなし、希望ありましたら下3桁提示可能",True,l2friw6up0,2026-09-26 02:01:13,active,2026-09-29 09:15:59,,public_detail,False,public_detail,active,"WEST.FC初期当選　同行者WEST.FC
プラベ出品にしますので購入ご希望の方はお伝えください
QR毎のお渡しとなります。
有効期限内名義、同一クレカ決済な...",public_detail,2026-09-29 09:15:59,True,2026-09-29 09:15:59,1Cl2VvDmJVZqGnDqCyq0,"{""isSpecified"": false, ""value"": """"}"
m51e5gvfcj,,kamigata-expo-park-fes-2026,2026-11-01,,[大阪府] 万博記念公園,electronic,female,同時入場又はQR,M,4.8,,番手 / QR,2026-09-29 01:13:15,public_alias_observed,2026-09-29 09:03:20,,,listing,1,26000,"2名義中2番手(場合によってはQR毎) どちらも単番、Aぇ名義 
初期当選/すり替えなし/有効期限内/下3桁提示可

公演当日、会場付近で待ち合わせをし、同時入場して頂きます。
入場時チケット発券の為、端末をお借りする可能性がございます。
座席へのクレームは一切受け付けておりません。
チケットと引き換えに受け取り評価をして頂きます。
詳しい場所や時間は前日までにお知らせします。
遅刻、本人確認、ランエラ、交通機関の乱れ、出演者の変更、その他ご購入様都合でのキャンセル・返金には一切対応致しません。
公演中止の場合のみ手数料を引いた金額を返金致します。
ご購入された方は上記の内容を全てご了承いただいたことと判断し、入金後のキャンセル及び返金はいたしませんのでご了承ください。
トラブル防止の為、成人済み日本人女性の方のみご購入下さい。
",True,m51e5gvfcj,2026-09-26 02:01:13,active,2026-09-29 09:15:57,,public_detail,False,public_detail,active,"2名義中2番手(場合によってはQR毎) どちらも単番、Aぇ名義 
初期当選/すり替えなし/有効期限内/下3桁提示可

公演当日、会場付近で待ち合わせをし、同時入...",public_detail,2026-09-29 09:15:57,True,2026-09-29 09:15:57,1Cl2VvDmJVZqGnDqCyq0,"{""isSpecified"": false, ""value"": """"}"
917j1u49hu,,kamigata-expo-park-fes-2026,2026-11-01,,[大阪府] 万博記念公園,electronic,female,当日同時入場,ぴ,5.0,,QR / 番手,2026-09-29 01:13:15,public_alias_observed,2026-09-29 09:03:20,,,listing,2,26000,"プライベート出品にするので購入前にコメントください。
2名義中2番手　2連
Aぇ名義とジュニア名義
下三桁提示可/すり替えなし/有効期限内
当日、指定した時間と場所にて集合し、当方と同時入場し、当方が選ばなかった方の席をお渡し致します。
携帯番号の連絡先交換可能な方でお願いします。
入場後発送通知を行うので、チケット受取後、速やかに受け取り通知して頂くようお願い致します。
体調不良、本人確認、ランダムエラー等、公演中止以外でのキャンセル、返金対応はいかなる理由でも致しません。

",True,917j1u49hu,2026-09-26 02:01:13,active,2026-09-29 09:16:02,,public_detail,False,public_detail,active,"プライベート出品にするので購入前にコメントください。
2名義中2番手　2連
Aぇ名義とジュニア名義
下三桁提示可/すり替えなし/有効期限内
当日、指定した時間と...",public_detail,2026-09-29 09:16:02,True,2026-09-29 09:16:02,1Cl2VvDmJVZqGnDqCyq0,"{""isSpecified"": false, ""value"": """"}"
9ftzq17wmt,,kamigata-expo-park-fes-2026,2026-11-01,,[大阪府] 万博記念公園,electronic,female,当日朝ログイン,yu,5.0,,QR,2026-09-29 01:13:15,public_alias_observed,2026-09-29 09:03:20,,,listing,2,25000,"ジュニア情報局 / QR毎 / 下3桁提示可 / 有効期限内

・公演当日の朝にログイン情報送付、または待ち合わせの上買い手の端末でログイン致します。
・入場しログアウト後 入場報告完了してください
・ランダムエラー、買い手理由のキャンセル、遅刻などの公演中止以外での返金には一切応じませんのでご了承ください。
・公演中止の際のみ返金させて頂きます。
・日本語の分かる方のみご購入よろしくお願いいたします。",True,9ftzq17wmt,2026-09-26 01:01:13,active,2026-09-29 09:15:59,,public_detail,False,public_detail,active,"ジュニア情報局 / QR毎 / 下3桁提示可 / 有効期限内

・公演当日の朝にログイン情報送付、または待ち合わせの上買い手の端末でログイン致します。
・入場し...",public_detail,2026-09-29 09:15:59,True,2026-09-29 09:15:59,1Cl2VvDmJVZqGnDqCyq0,"{""isSpecified"": false, ""value"": """"}"
q5q8bojwf2,,kamigata-expo-park-fes-2026,2026-11-01,,[大阪府] 万博記念公園,electronic,female,公演日前日までにQRコード共有,あ,5.0,,QR,2026-09-29 01:13:15,public_alias_observed,2026-09-29 09:03:20,,,listing,2,45000,"QR毎/Aぇ! group×Aぇ! group名義/FC初期当選/有効期限内/下三桁提示可/重複なし

QR毎でのお譲りとなります。

前日にQR表示に必要な情報をお伝えいたします。
ログイン後QR表示に必要な操作以外はお控えください。
入場後は速やかにログアウトして頂き、受取連絡をお願いします。
体調不良、交通機関の遅延、出演者変更、本人確認、ランダムエラー等、如何なる場合でもキャンセルや返金は不可とさせて頂きます。
公演中止の場合に限り、手数料を差し引いた金額を返金いたします。",True,q5q8bojwf2,2026-09-26 02:01:13,active,2026-09-29 09:15:57,,public_detail,False,public_detail,active,"QR毎/Aぇ! group×Aぇ! group名義/FC初期当選/有効期限内/下三桁提示可/重複なし

QR毎でのお譲りとなります。

前日にQR表示に必要な情...",public_detail,2026-09-29 09:15:57,True,2026-09-29 09:15:57,1Cl2VvDmJVZqGnDqCyq0,"{""isSpecified"": false, ""value"": """"}"
qeb9r509tn,,kamigata-expo-park-fes-2026,2026-11-01,,[大阪府] 万博記念公園,electronic,female,公演日前日20時までにQRコード共有,ka,5.0,,QR,2026-09-29 01:13:15,public_alias_observed,2026-09-29 09:03:20,,,listing,1,38000,"なにわ名義/初期当選/ QR毎 単番 /下3桁提示可/ 有効期限内 /クレカ決済

QR毎でのお譲りです。
公演前日までにログイン情報お伝えします。

当日ご入場後は開演までに必ず受け取り評価とログアウトをお願いします。

主催者側からの公演中止の場合のみ、手数料を差し引いた金額を返金します。
ランダムエラーや、本人確認等で入場できなかった場合のクレーム・返金対応は一切お受けできません。
ご自身の都合による場合も返金不可となります。いかなる場合も必ず受け取りを行っていただきます。

上記のことをご理解頂ける日本語が通じる方のみご購入、コメントをお願いします。
",True,qeb9r509tn,2026-09-26 02:01:13,active,2026-09-29 09:15:59,,public_detail,False,public_detail,active,"なにわ名義/初期当選/ QR毎 単番 /下3桁提示可/ 有効期限内 /クレカ決済

QR毎でのお譲りです。
公演前日までにログイン情報お伝えします。

当日ご入...",public_detail,2026-09-29 09:15:59,True,2026-09-29 09:15:59,1Cl2VvDmJVZqGnDqCyq0,"{""isSpecified"": false, ""value"": """"}"
auec347wla,,kamigata-expo-park-fes-2026,2026-11-01,,[大阪府] 万博記念公園,electronic,female,公演日3日前までにQRコード共有,ま,5.0,,QR,2026-09-29 01:13:15,public_alias_observed,2026-09-29 09:03:20,,,listing,1,30000,なにわ男子有効会員名義 QR毎のお譲り 会員番号下3桁提示可能 初期当選  同一クレカ決済なし 発送物戻りなし 当日の入場チェックは購入者様でお願いします。 公演の3日前にQRコード表示に必要なログイン情報を連絡ボードよりお伝えします。入場後は速やかにログアウト、受取連絡をお願いいたします。公演中止以外の入場時のランダムエラー、本人確認、遅刻や体調不良、出演者の変更等による返金は行っておりません。公演中止の場合のみ手数料を引いた全額返金します。,True,auec347wla,2026-09-26 02:01:13,active,2026-09-29 09:16:00,,public_detail,False,public_detail,active,なにわ男子有効会員名義 QR毎のお譲り 会員番号下3桁提示可能 初期当選  同一クレカ決済なし 発送物戻りなし 当日の入場チェックは購入者様でお願いします。 公...,public_detail,2026-09-29 09:16:00,True,2026-09-29 09:16:00,1Cl2VvDmJVZqGnDqCyq0,"{""isSpecified"": false, ""value"": """"}"
fzg91qyelg,,kamigata-expo-park-fes-2026,2026-11-01,,[大阪府] 万博記念公園,electronic,female,公演日前日にログイン情報共有,🍒,5.0,,,2026-09-29 01:13:15,public_alias_observed,2026-09-29 09:03:20,,,listing,2,30000,"初期当選/有効期限内/重複すり替えなし/下3桁提示可

公演日前日にログイン情報をお伝えいたします。
公演当日入場後は速やかにログアウトして頂き、必ず開演時間までに受け取り通知をお願い致します。

購入後、公演中止以外での返金は一切致しかねます。
座席に関するクレーム等は一切受け付けません。",True,fzg91qyelg,2026-09-26 02:01:13,active,2026-09-29 09:16:01,,public_detail,False,public_detail,active,"初期当選/有効期限内/重複すり替えなし/下3桁提示可

公演日前日にログイン情報をお伝えいたします。
公演当日入場後は速やかにログアウトして頂き、必ず開演時間ま...",public_detail,2026-09-29 09:16:01,True,2026-09-29 09:16:01,1Cl2VvDmJVZqGnDqCyq0,"{""isSpecified"": false, ""value"": """"}"
412mww37gi,,kamigata-expo-park-fes-2026,2026-11-01,,[大阪府] 万博記念公園,electronic,female,同行,はな,5.0,,同行,2026-09-29 01:13:15,public_alias_observed,2026-09-29 09:03:20,,,listing,1,55000,"Aぇ! group×Aぇ! group名義/初期当選/すり替えなし/下3桁提示可 
・公演当日に、開場時間8:30以降の入場の可能性あります。 会場付近にて待ち合わせし同時入場致します。どのような理由でも集合時間10分以上の遅刻は先に入場させて頂きます。
・郵送物戻りなし
 ・当日のお待ち合わせを迅速に行うため、事前に電話番号をお伺いする可能性があります。 
・座席に関するクレームは一切受け付けません。 
・入場後は自由行動可
・公演中止の際には規約にそって、手数料を差し引いた額を返金させて頂きますが、 その他買い手様の都合上のキャンセル、ランダムエラー本人確認等如何なる理由があっても受け取り評価はして頂きます。返金は致しかねますのでご了承ください。",True,412mww37gi,2026-09-26 02:01:13,active,2026-09-29 09:16:01,,public_detail,False,public_detail,active,"Aぇ! group×Aぇ! group名義/初期当選/すり替えなし/下3桁提示可 
・公演当日に、開場時間8:30以降の入場の可能性あります。 会場付近にて待ち...",public_detail,2026-09-29 09:16:01,True,2026-09-29 09:16:01,1Cl2VvDmJVZqGnDqCyq0,"{""isSpecified"": false, ""value"": """"}"
jhkyj0v0k2,,kamigata-expo-park-fes-2026,2026-11-01,,[大阪府] 万博記念公園,electronic,female,公演日1日前までにQRコード共有,ねね,5.0,,QR,2026-09-29 01:13:15,public_alias_observed,2026-09-29 05:02:14,,,deleted,1,22500,"なにわ名義/初期当選/有効期限内/発送物戻り無/同一クレカ無し/エラー歴無し

公演前日に必要な情報等を連絡ボードにてお知らせ致します。同意チェックは購入者様ご自身でお願い致します。

公演当日入場後は速やかにログアウトして頂き、必ず開演時間までに受け取り通知をお願い致します。

座席に関するクレーム等は一切受け付けません。公演中止を除き交通機関遅れ、体調不良等購入者様都合の事情、ランダムエラー等如何なる場合も返金致しません。お取引成立後は如何なる場合も必ず受け取り通知を完了して頂きますのでご了承下さい。取引成立後の取引キャンセルも承る事が出来ないのでご了承下さい。上記の場合も必ず受け取り評価は行って頂きます。",True,jhkyj0v0k2,2026-09-26 02:01:13,deleted_confirmed,2026-09-29 05:02:14,2026-09-29 05:03:10,public_detail,False,public_detail,cancelled,"なにわ名義/初期当選/有効期限内/発送物戻り無/同一クレカ無し/エラー歴無し

公演前日に必要な情報等を連絡ボードにてお知らせ致します。同意チェックは購入者様ご...",public_detail,2026-09-29 05:02:14,True,2026-09-29 05:02:14,1Cl2VvDmJVZqGnDqCyq0,"{""isSpecified"": false, ""value"": """"}"
cjuy5f57jt,,kamigata-expo-park-fes-2026,2026-11-01,,[大阪府] 万博記念公園,electronic,female,公演前日にQR表示に必要な情報をお送りします。,ゆ,5.0,,QR,2026-09-29 01:13:15,public_alias_observed,2026-09-29 09:03:20,,,listing,1,45000,"QR毎／Aぇ名義／初期当選／FC先行／座席未定／
重複すり替えなし／下3桁提示可能

【お渡し方法】
公演前日にログイン情報をお渡ししますので、ログインできるかの確認をお願いいたします。
入場後は速やかにログアウトをお願いいたします。
【注意事項】
・購入前後に関わらず過去の座席・当選歴の質問は受け付けておりません。
・お席に関するクレームは一切お受けできません。
・公演中止以外のいかなる場合でも返金不可。
・取引確定後のキャンセル不可
・本人確認又はエラーなどで入場できなかった場合やご購入者様のご都合でのキャンセル、返金は対応できません。",True,cjuy5f57jt,2026-09-26 01:01:13,active,2026-09-29 09:16:00,,public_detail,False,public_detail,active,"QR毎／Aぇ名義／初期当選／FC先行／座席未定／
重複すり替えなし／下3桁提示可能

【お渡し方法】
公演前日にログイン情報をお渡ししますので、ログインできるか...",public_detail,2026-09-29 09:16:00,True,2026-09-29 09:16:00,1Cl2VvDmJVZqGnDqCyq0,"{""isSpecified"": true, ""value"": ""\u5ea7\u5e2d\u672a\u5b9a \u7740\u30d6\u30ed\u6307\u5b9a\u306a\u3057""}"
e3k4g2h98x,,kamigata-expo-park-fes-2026,2026-11-01,,[大阪府] 万博記念公園,electronic,female,公演前日にログイン情報共有,h,5.0,,QR,2026-09-29 01:13:15,public_alias_observed,2026-09-29 09:03:20,,,listing,2,45000,"WESTFC×WESTFC
QR毎/FC初期当選/有効期限内/下三桁提示可

QR毎でのお譲りとなります。
同行者の同意チェックはこちらでいたしますので、代表者分のみお願いいたします。

前日にQR表示に必要な情報をお伝えいたします。
ログイン後QR表示に必要な操作以外はお控えください。
入場後は速やかにログアウトして頂き、受取連絡をお願いします。
体調不良、交通機関の遅延、出演者変更、本人確認、ランダムエラー等、如何なる場合でもキャンセルや返金は不可とさせて頂きます。
公演中止の場合に限り、手数料を差し引いた金額を返金いたします。
プラベルでのお取引も可能です。",True,e3k4g2h98x,2026-09-26 01:01:13,active,2026-09-29 09:16:03,,public_detail,False,public_detail,active,"WESTFC×WESTFC
QR毎/FC初期当選/有効期限内/下三桁提示可

QR毎でのお譲りとなります。
同行者の同意チェックはこちらでいたしますので、代表者...",public_detail,2026-09-29 09:16:03,True,2026-09-29 09:16:03,1Cl2VvDmJVZqGnDqCyq0,"{""isSpecified"": false, ""value"": """"}"
9hgymsmb6m,,kamigata-expo-park-fes-2026,2026-11-01,,[大阪府] 万博記念公園,electronic,female,同行,a,5.0,,番手,2026-09-29 01:13:15,public_alias_observed,2026-09-29 09:03:20,,,listing,1,22000,"2名義中2番手(単番×2)
有効期限内/下3桁提示可
公演中止以外の如何なる理由（ランダムエラー、交通機関の遅延、体調不良等）でのキャンセルや返金は致しかねます。また、座席に関するクレーム等は一切受け付けません。
公演中止の際は手数料を差し引いた額を返金します。
入場後は速やかに受取連絡をお願いいたします。

トラブル防止のため購入は日本人女性以外及び代理購入のご購入は遠慮ください。

購入された場合、以上全てに同意の上と判断いたします。",True,9hgymsmb6m,2026-09-26 01:01:13,active,2026-09-29 09:16:03,,public_detail,False,public_detail,active,"2名義中2番手(単番×2)
有効期限内/下3桁提示可
公演中止以外の如何なる理由（ランダムエラー、交通機関の遅延、体調不良等）でのキャンセルや返金は致しかねます...",public_detail,2026-09-29 09:16:03,True,2026-09-29 09:16:03,1Cl2VvDmJVZqGnDqCyq0,"{""isSpecified"": false, ""value"": """"}"
k9j8o5ct37,,kamigata-expo-park-fes-2026,2026-11-01,,[大阪府] 万博記念公園,electronic,female,公演日2日前までにQRコード共有,ぴまる,5.0,,QR,2026-09-29 01:13:15,public_alias_observed,2026-09-29 09:03:20,,,listing,2,28000,"座席未定｜WEST名義｜QRごとのお譲り｜初期当選｜すり替えなし｜有効期限内｜下2桁お伝え可能｜前回ツアー落選



公演中止の際のみ、送料手数料を引いた金額返金可能。ランダムエラー等は返金致しません。
",True,k9j8o5ct37,2026-09-26 02:01:13,active,2026-09-29 09:16:02,,public_detail,False,public_detail,active,"座席未定｜WEST名義｜QRごとのお譲り｜初期当選｜すり替えなし｜有効期限内｜下2桁お伝え可能｜前回ツアー落選



公演中止の際のみ、送料手数料を引いた金額返...",public_detail,2026-09-29 09:16:02,True,2026-09-29 09:16:02,1Cl2VvDmJVZqGnDqCyq0,"{""isSpecified"": false, ""value"": """"}"
otl1zekdda,,kamigata-expo-park-fes-2026,2026-11-01,,[大阪府] 万博記念公園,electronic,female,公演前日QRコード共有,M,5.0,,QR,2026-09-29 01:13:15,public_alias_observed,2026-09-29 09:03:20,,,listing,1,29900,"QR毎/初期当選/下3桁提示可/すり替え重複なし/有効期限内/発送物戻りなし/着ブロ指定なし/SUPER EIGHT名義
前日にログイン情報をお伝えいたします。
入場後は開演までにログアウト、受取評価をお願いいたします。 
公演中止の場合に限り、手数料を差し引いた金額のみご返金させて頂きます。
プラベル移行可能な方は専用出品いたしますのでお声掛けください。",True,otl1zekdda,2026-09-26 02:01:13,active,2026-09-29 09:16:03,,public_detail,False,public_detail,active,"QR毎/初期当選/下3桁提示可/すり替え重複なし/有効期限内/発送物戻りなし/着ブロ指定なし/SUPER EIGHT名義
前日にログイン情報をお伝えいたします。...",public_detail,2026-09-29 09:16:03,True,2026-09-29 09:16:03,1Cl2VvDmJVZqGnDqCyq0,"{""isSpecified"": true, ""value"": ""\u5ea7\u5e2d\u672a\u5b9a""}"
g3rhmlpvr7,,kamigata-expo-park-fes-2026,2026-11-01,,[大阪府] 万博記念公園,electronic,female,前日までにログイン情報開示,❤︎,5.0,,QR,2026-09-29 01:13:15,public_alias_observed,2026-09-29 09:03:20,,,listing,2,48000,"なにわ男子FC/QR毎/初期当選/下3桁提示可/有効期限内/発送物戻り・過去エラー無し

公演前日までにログイン情報お伝えします。
公演当日は入場後速やかにログアウトいただき、受取通知をお願いいたします。

ランダムエラーや端末不具合、出演者の変更、体調不良や操作ミスなどのご自身の都合による事情で入場できなかった場合等、いかなる場合も返金不可となります。お取引成立後は必ず受け取り通知を行っていただきます。主催者側から公演中止の発表があった場合のみ、手数料を差し引いた金額を返金いたします。入場後速やかに必ず受取通知をお願いいたします。

上記全てをご理解いただける方のみご購入をお願いします。購入された時点で以上同意されたものとみなします。
",True,g3rhmlpvr7,2026-09-26 02:01:13,active,2026-09-29 09:16:00,,public_detail,False,public_detail,active,"なにわ男子FC/QR毎/初期当選/下3桁提示可/有効期限内/発送物戻り・過去エラー無し

公演前日までにログイン情報お伝えします。
公演当日は入場後速やかにログ...",public_detail,2026-09-29 09:16:00,True,2026-09-29 09:16:00,1Cl2VvDmJVZqGnDqCyq0,"{""isSpecified"": false, ""value"": """"}"
prbwgbf2dn,,kamigata-expo-park-fes-2026,2026-11-01,,[大阪府] 万博記念公園,electronic,female,公演日7日前までにQRコード共有,yunaka,5.0,,,2026-09-29 01:13:15,public_alias_observed,2026-09-29 05:03:10,,,listing,2,16000,,True,prbwgbf2dn,2026-09-28 08:03:08,paused,2026-09-29 09:02:14,2026-09-29 06:03:03,public_detail,False,public_detail,paused,,public_detail,2026-09-29 09:02:14,True,2026-09-29 09:02:14,1Cl2VvDmJVZqGnDqCyq0,"{""isSpecified"": false, ""value"": """"}"
kkekdcmvs8,,kamigata-expo-park-fes-2026,2026-11-01,,[大阪府] 万博記念公園,electronic,female,公演日前日までにQRコード共有,s,5.0,,QR,2026-09-29 01:13:15,public_alias_observed,2026-09-29 09:03:20,,,listing,2,35000,"QRごと/初期当選/前回ツアー落選×前回ツアー落選Aぇ名義/有効期限内/発送物戻り無/同一クレカ決済無し/下3桁提示可

公演前日に必要な情報等を連絡ボードにてお知らせ致します。代表者の同意チェックは購入者様ご自身でお願い致します。

公演当日入場後は速やかにログアウトして頂き、必ず開演時間までに受け取り通知をお願い致します。

座席に関するクレーム等は一切受け付けません。

公演中止を除き交通機関遅れ、出演者変更、体調不良等購入者様都合の事情、ランダムエラー等如何なる場合も返金致しません。

ご購入は上記を了承した上で日本語の理解出来る、成人済み日本人の方でお願い致します。",True,kkekdcmvs8,2026-09-26 02:01:13,active,2026-09-29 09:16:04,,public_detail,False,public_detail,active,"QRごと/初期当選/前回ツアー落選×前回ツアー落選Aぇ名義/有効期限内/発送物戻り無/同一クレカ決済無し/下3桁提示可

公演前日に必要な情報等を連絡ボードにて...",public_detail,2026-09-29 09:16:04,True,2026-09-29 09:16:04,1Cl2VvDmJVZqGnDqCyq0,"{""isSpecified"": false, ""value"": """"}"
e4owa2mpgt,,kamigata-expo-park-fes-2026,2026-11-01,,[大阪府] 万博記念公園,electronic,female,同行,S,5.0,,番手,2026-09-29 01:13:15,public_alias_observed,2026-09-29 09:03:20,,,listing,2,20000,"2名義中2番手（2名義ともSUPER EIGHT名義）／すり替えなし／有効期限内／下3桁提示可／エラー歴なし

公演当日は、こちらが指定する時間・場所に集合していただき、同時入場を予定しております。
入場方法や当日の状況により、QRごとお渡しする場合がございますので、柔軟にご対応いただける方のみご購入をお願いいたします。

入場時間が早朝となる可能性もございます。公式から詳細が発表され次第、集合時間・場所について取引メッセージにてご連絡いたします。指定時間に確実にお越しいただける方のみご購入ください。

同時入場後一度チケットを回収し、こちらで選択後にチケットをお渡しいたします。
入場時にはお連れ様と分かれていただく可能性がございますが、必ず連番のチケットをお渡しいたします。

チケットお渡し後は、速やかに受取連絡をお願いいたします。
ブロック等に関するクレームは一切お受けできません。

また、いかなる理由であっても遅刻、体調不良、本人確認、ランダムエラー、出演者変更等、公演中止以外の理由でのキャンセル・返金はいたしかねます。

集合時間に遅刻された場合は、先に入場させていただく場合がございます。その場合も受取連絡は必ずお願いいたします。",True,e4owa2mpgt,2026-09-26 01:01:13,active,2026-09-29 09:16:04,,public_detail,False,public_detail,active,"2名義中2番手（2名義ともSUPER EIGHT名義）／すり替えなし／有効期限内／下3桁提示可／エラー歴なし

公演当日は、こちらが指定する時間・場所に集合して...",public_detail,2026-09-29 09:16:04,True,2026-09-29 09:16:04,1Cl2VvDmJVZqGnDqCyq0,"{""isSpecified"": false, ""value"": """"}"
rh0qb8xyhh,,kamigata-expo-park-fes-2026,2026-11-01,,[大阪府] 万博記念公園,electronic,female,同行,小枝,5.0,,同行,2026-09-29 01:13:15,public_alias_observed,2026-09-29 09:03:20,,,listing,2,24300,"なにわ男子名義/3名義中3番手/すり替えなし/下3桁提示可/初期当選名義含む/有効会員/

★当日の流れ★
会場10分前にこちらの指定した場所に集合し、その際にログイン情報をお伝えします。会場へは同時入場をしていただきます。（持ち逃げ防止のため身分証をお預かりさせていただきます。 ）
入場後、1度チケットを回収させていただきます。座席が決まり次第順にチケットを配布させていただきます。
⚠︎場合によってはお時間をいただくことがあります。
お渡し後はその場で受取評価をしていただき、取引終了とさせていただきます。

★注意事項★
どのようなお席であっても、座席に関するクレーム・キャンセルはお控えください。
また、公演中止以外でのキャンセル（買い手様の体調不良・交通機関の乱れ・本人確認エラー・音信不通等）は、いかなる場合も返金・キャンセル不可とさせていただきます。
公演が中止となった場合は、手数料を差し引いた金額を返金いたします。

★こちらからのお願い★
︎︎︎︎・集合時間厳守でお願いいたします。
連絡なしに大幅な遅刻をされた際は先に入場させていただきますが、その際も受け取り評価はしていただきますのでご了承ください。
︎︎︎︎︎︎・日本語での意思疎通・ルールの理解がきちんと可能な方のみ、ご購入をお願い致します。
︎︎︎︎・ご購入いただいた時点で、上記内容すべてにご同意いただいたものとみなします︎︎︎︎︎︎。
・質問等いつでも受け付けていますので、ご不明点は購入前に連絡お願いします。",True,rh0qb8xyhh,2026-09-26 02:01:13,active,2026-09-29 09:16:06,,public_detail,False,public_detail,active,"なにわ男子名義/3名義中3番手/すり替えなし/下3桁提示可/初期当選名義含む/有効会員/

★当日の流れ★
会場10分前にこちらの指定した場所に集合し、その際に...",public_detail,2026-09-29 09:16:06,True,2026-09-29 09:16:06,1Cl2VvDmJVZqGnDqCyq0,"{""isSpecified"": false, ""value"": """"}"
f5n0nenhf1,,kamigata-expo-park-fes-2026,2026-11-01,,[大阪府] 万博記念公園,electronic,female,同行,ゆあ,5.0,,,2026-09-29 01:13:15,public_alias_observed,2026-09-29 09:03:20,,,listing,2,37000,"初期当選/3名義中2番手/すり替え無し/下3桁提示可/有効期限内

★代表者・同行者共になにわ男子FCで登録済み
不備名義なし

※公式にて「TAKOYAKI STAGEはスタンディング・ブロック指定です」との表記がございます為、入場の際に発券されたチケットに指定のブロックが記載しているかと思われます。

※入場時間はまだ未定ですので、8:30〜12:00の間のどの時間でもご対応いただける方のみご購入ください。

公演当日、指定した時間・集合場所に集まっていただき同時入場していただきます。
入場後、一度全てのチケットを回収させていただきチケットを選択後にお渡しいたします。
スタンディングの為、入場後は速やかにチケットをお渡しさせたいただきます。

チケット受け取り後は、速やかに受け取り連絡をお願いします。

2連でご購入の場合、別れて入場して頂くことがございますが、必ず連番のチケットをお渡しいたします。

集合時間や待ち合わせ場所につきましてはご入金後、公式から情報がで次第メッセージにてご連絡いたします。

交通機関の乱れや、電波が悪く集合できなかった等、いかなる場合でも遅刻された場合は先に入場させていただき、受け取り連絡は必ず行っていただきます。
お座席に関するクレームは一切お受けしておりません。
本人確認やランダムエラー、体調不良、遅刻等で会場に入れなかった場合でも、一切のキャンセルや返金対応は致しかねますので予めご了承ください。
公演中止の場合のみ、手数料を差し引いた金額を返金致します。

誠意を持って対応させていただきます。",True,f5n0nenhf1,2026-09-26 02:01:13,active,2026-09-29 09:16:04,,public_detail,False,public_detail,active,"初期当選/3名義中2番手/すり替え無し/下3桁提示可/有効期限内

★代表者・同行者共になにわ男子FCで登録済み
不備名義なし

※公式にて「TAKOYAKI...",public_detail,2026-09-29 09:16:04,True,2026-09-29 09:16:04,1Cl2VvDmJVZqGnDqCyq0,"{""isSpecified"": true, ""value"": ""\u5ea7\u5e2d\u672a\u5b9a""}"
deabm5xl17,,kamigata-expo-park-fes-2026,2026-11-01,,[大阪府] 万博記念公園,electronic,female,前日にログイン情報共有,S,5.0,,QR,2026-09-29 01:13:15,public_alias_observed,2026-09-29 09:03:20,,,listing,1,30000,"初期当選/有効期限内/下3提示可/すり替え·重複なし/代表者同意チェック可/QR毎

公演中止以外の返金不可",True,deabm5xl17,2026-09-28 05:03:01,active,2026-09-29 09:16:08,,public_detail,False,public_detail,active,"初期当選/有効期限内/下3提示可/すり替え·重複なし/代表者同意チェック可/QR毎

公演中止以外の返金不可",public_detail,2026-09-29 09:16:08,True,2026-09-29 09:16:08,1Cl2VvDmJVZqGnDqCyq0,"{""isSpecified"": false, ""value"": """"}"
nkbhpu7w3p,,kamigata-expo-park-fes-2026,2026-11-01,,[大阪府] 万博記念公園,electronic,female,同行,け,5.0,,同行,2026-09-29 01:13:15,public_alias_observed,2026-09-29 09:03:20,,,listing,1,35000,"初期当選/2名義中2番手/有効期限名義のみ/Aぇ名義/すり替えなし/下3桁提示可能/発送物戻りなし
購入希望の方はプライベート出品にするのでコメントください。
・入場後はチケットを一旦回収し、当方が選択しなかったチケットをお渡しします。チケットを選ぶのにお時間がかかる場合がございますのでご理解ください。

・電波環境が悪い場合がございますので事前に電話番号を伺うことがございますので、ご了承ください。

・本人確認やランダムエラーでは返金いたしますが、
購入者様の遅刻、体調不良、公演中止以外での返金は一切いたしかねます。そのような場合でも必ず受取連絡はして頂きますのでご了承ください。

・当日お席に関するクレームは受け付けません。

・受取連絡と引き換えでチケットをお渡しいたします。

・日本語の通じる女性のみご購入ください。ご購入いただいた時点で記載事項に同意いただいたものとみなします。

エラーの際はご返金いたします。",True,nkbhpu7w3p,2026-09-26 02:01:13,active,2026-09-29 09:16:07,,public_detail,False,public_detail,active,"初期当選/2名義中2番手/有効期限名義のみ/Aぇ名義/すり替えなし/下3桁提示可能/発送物戻りなし
購入希望の方はプライベート出品にするのでコメントください。...",public_detail,2026-09-29 09:16:07,True,2026-09-29 09:16:07,1Cl2VvDmJVZqGnDqCyq0,"{""isSpecified"": false, ""value"": """"}"
4psvb3ku69,,kamigata-expo-park-fes-2026,2026-11-01,,[大阪府] 万博記念公園,electronic,female,公演前日にログイン情報を共有,うに,5.0,,QR,2026-09-29 01:13:15,public_alias_observed,2026-09-29 09:03:20,,,listing,1,22000,WEST.名義/QRごと/すり替え無し/初期当選/有効期限内/下三桁提示可,True,4psvb3ku69,2026-09-26 01:01:13,active,2026-09-29 09:16:05,,public_detail,False,public_detail,active,WEST.名義/QRごと/すり替え無し/初期当選/有効期限内/下三桁提示可,public_detail,2026-09-29 09:16:05,True,2026-09-29 09:16:05,1Cl2VvDmJVZqGnDqCyq0,"{""isSpecified"": false, ""value"": """"}"
llhy3q3biu,,kamigata-expo-park-fes-2026,2026-11-01,,[大阪府] 万博記念公園,electronic,female,2名義中2番手,Gu,5.0,,番手,2026-09-29 01:13:15,public_alias_observed,2026-09-29 09:03:20,,,listing,2,25000,"2名義中2番手 Aぇ名義 初当選
初期当選/すり替えなし/有効期限内/下3桁提示可
プラベルorプライベートチケットにて出品する為、購入希望の方はメッセージお願いいたします。

トラブル防止の為、日本人女性の方のみご購入下さい。
こまめに連絡が取れる方、集合時間を守れる方のみ。
遅刻の際には先に入場させて頂きますが、その場合も受け取り評価はして頂きますのでご了承ください。

公演当日、会場付近で待ち合わせをし、同時入場して頂きます。
入場時、チケットの発券をお手伝いいただく可能性がございます。
座席へのクレームは一切受け付けておりません。
チケットと引き換えに受け取り評価をして頂きます。

詳しい場所や時間は前日までにお知らせします。
開場時間より早い集合になる可能性があります。
本人確認、ランエラ、交通機関の乱れ、出演者の変更、その他ご購入様都合でのキャンセル・返金には一切対応致しません。
公演中止の場合のみ手数料を引いた金額を返金致します。
ご購入された方は上記の内容を全てご了承いただいたことと判断し、入金後のキャンセル及び返金はいたしませんのでご了承ください。",True,llhy3q3biu,2026-09-26 02:01:13,active,2026-09-29 09:16:08,,public_detail,False,public_detail,active,"2名義中2番手 Aぇ名義 初当選
初期当選/すり替えなし/有効期限内/下3桁提示可
プラベルorプライベートチケットにて出品する為、購入希望の方はメッセージお願...",public_detail,2026-09-29 09:16:08,True,2026-09-29 09:16:08,1Cl2VvDmJVZqGnDqCyq0,"{""isSpecified"": true, ""value"": ""\u5ea7\u5e2d\u672a\u5b9a""}"
2gjwgh1ycm,,kamigata-expo-park-fes-2026,2026-11-01,,[大阪府] 万博記念公園,electronic,female,同行,Na,5.0,,同行 / 番手,2026-09-29 01:13:15,public_alias_observed,2026-09-29 09:03:20,,,listing,2,28000,"3名義中2番手/WEST名義/有効期限内/すり替えなし/下3桁提示可/初期当選

プラベルにてお取引したいので購入前にコメントお願いいたします。

同時入場し、入場後一旦チケットを回収し当方が選ばなかったチケットをお渡しいたします。

公演中止の場合のみ手数料を差し引いて返金いたします。
体調不良、本人確認、ランダムエラーなどのいかなる場合も返金は致しませんので、ご了承下さい。",True,2gjwgh1ycm,2026-09-26 02:01:13,active,2026-09-29 09:16:06,,public_detail,False,public_detail,active,"3名義中2番手/WEST名義/有効期限内/すり替えなし/下3桁提示可/初期当選

プラベルにてお取引したいので購入前にコメントお願いいたします。

同時入場し、...",public_detail,2026-09-29 09:16:06,True,2026-09-29 09:16:06,1Cl2VvDmJVZqGnDqCyq0,"{""isSpecified"": false, ""value"": """"}"
2kn8lwg45x,,kamigata-expo-park-fes-2026,2026-11-01,,[大阪府] 万博記念公園,electronic,female,前日までにログイン情報共有,♡,5.0,,QR,2026-09-29 01:13:15,public_alias_observed,2026-09-29 09:03:20,,,listing,2,25000,"QR毎/Aぇ名義/初期当選/下3桁提示可/有効期限内/発送物戻りなし/条件なし/ペイジー払い

QR毎のお譲りです。
代表者同行者どちらも女性Aぇ名義の初期当選です。発送物戻りや過去エラー等はない当方管理の名義になります。
公演前日までにログイン情報をお伝えいたしますので当日入場後は速やかにログアウトし受取通知をお願いいたします。
公演中止以外の購入者様都合のキャンセルや返金はいたしかねます。
上記全てご理解頂ける方のみご購入よろしくお願いいたします。",True,2kn8lwg45x,2026-09-26 01:01:13,active,2026-09-29 09:16:07,,public_detail,False,public_detail,active,"QR毎/Aぇ名義/初期当選/下3桁提示可/有効期限内/発送物戻りなし/条件なし/ペイジー払い

QR毎のお譲りです。
代表者同行者どちらも女性Aぇ名義の初期当選...",public_detail,2026-09-29 09:16:07,True,2026-09-29 09:16:07,1Cl2VvDmJVZqGnDqCyq0,"{""isSpecified"": false, ""value"": """"}"
64jdg3x34n,,kamigata-expo-park-fes-2026,2026-11-01,,[大阪府] 万博記念公園,electronic,female,公演前日までにQR共有,C,5.0,,QR,2026-09-29 01:13:15,public_alias_observed,2026-09-29 09:03:20,,,listing,1,22000,"情報局該当名義/初期当選/すり替えなし/下3桁提示可能/過去エラー歴なし
QR毎のお譲りになります。公演前日正午までにログイン情報をお伝えいたします。
ランダムエラーや出演者の変更等、公演中止以外の理由での返金は致しかねます。公演中止の場合は手数料を差し引いた金額を返金いたします。",True,64jdg3x34n,2026-09-26 01:01:13,active,2026-09-29 09:16:07,,public_detail,False,public_detail,active,"情報局該当名義/初期当選/すり替えなし/下3桁提示可能/過去エラー歴なし
QR毎のお譲りになります。公演前日正午までにログイン情報をお伝えいたします。
ランダム...",public_detail,2026-09-29 09:16:07,True,2026-09-29 09:16:07,1Cl2VvDmJVZqGnDqCyq0,"{""isSpecified"": false, ""value"": """"}"
e0y2lboyjw,,kamigata-expo-park-fes-2026,2026-11-01,,[大阪府] 万博記念公園,electronic,female,入金後24時間以内にQRコード共有,8,5.0,,,2026-09-29 01:13:15,public_alias_observed,2026-09-29 09:03:20,,,listing,1,30000,"えいと名義/有効期限内/発送物戻り無/同一クレカ無し/エラー歴無し

公演前日に必要な情報等を連絡ボードにてお知らせします。同意チェックは購入者様ご自身でお願い致します。

公演当日入場後は速やかにログアウトして頂き、必ず開演時間までに受け取り通知をお願い致します。

座席に関するクレーム等は一切受付無し
公演中止を除き交通機関遅れ、体調不良等購入者様都合の事情、ランダムエラー等如何なる場合も返金致しません。
お取引成立後は如何なる場合も必ず受け取り通知を完了して頂きます。取引成立後の取引キャンセルも承る事が出来ないのでご了承下さい。上記の場合も必ず受け取り評価は行って頂きます。",True,e0y2lboyjw,2026-09-26 02:01:13,active,2026-09-29 09:16:08,,public_detail,False,public_detail,active,"えいと名義/有効期限内/発送物戻り無/同一クレカ無し/エラー歴無し

公演前日に必要な情報等を連絡ボードにてお知らせします。同意チェックは購入者様ご自身でお願い...",public_detail,2026-09-29 09:16:08,True,2026-09-29 09:16:08,1Cl2VvDmJVZqGnDqCyq0,"{""isSpecified"": false, ""value"": """"}"
78y63xn5dw,,kamigata-expo-park-fes-2026,2026-11-01,,[大阪府] 万博記念公園,electronic,female,前日にログイン情報共有,にら,5.0,,QR,2026-09-29 01:13:15,public_alias_observed,2026-09-29 09:03:20,,,listing,1,22000,"初期当選/QR毎/WEST名義/有効期限内名義/本人確認対応不可/会員番号下3桁提示可/公演日1日前ログイン情報ご連絡いたします
",True,78y63xn5dw,2026-09-26 01:01:13,active,2026-09-29 09:16:05,,public_detail,False,public_detail,active,"初期当選/QR毎/WEST名義/有効期限内名義/本人確認対応不可/会員番号下3桁提示可/公演日1日前ログイン情報ご連絡いたします
",public_detail,2026-09-29 09:16:05,True,2026-09-29 09:16:05,1Cl2VvDmJVZqGnDqCyq0,"{""isSpecified"": false, ""value"": """"}"
p79joil4uw,,kamigata-expo-park-fes-2026,2026-11-01,,[大阪府] 万博記念公園,electronic,female,同行,ari,5.0,,同行 / 番手,2026-09-29 01:13:15,public_alias_observed,2026-09-29 09:03:20,,,listing,1,35000,"2名義中1番手/初期当選/Aぇ名義/有効期限内/すり替えなし/下3桁提示可

プラベルでのお取引希望の方は移行させていただきますので、メッセージをお願いします。

公演当日、会場付近にて集合後同時入場していただきます。時間厳守できる方のみ購入をお願いします。指定した時間に遅れた場合も待たずに入場しますが、受取報告をしていただきます。

入場後当方と相談の上、1番手の半券をお渡しします。
チケットお渡しの際に受取報告をお願いします。受取報告を確認できるまでチケットはお渡しできませんのでご了承ください。

代理購入不可、未就学児を連れてる方の購入不可、スーツケース等大きい荷物の持ち込みもご遠慮ください。

遅刻、体調不良、交通機関等遅延、本人確認、ランダムエラー等公演中止以外の返金は一切対応できません。

日本語が話せてスムーズにご連絡の取れる方のみご購入ください。

購入いただいた時点で、上記全て了承したものとみなしクレームは一切受け付けません。",True,p79joil4uw,2026-09-26 02:01:13,active,2026-09-29 09:16:09,,public_detail,False,public_detail,active,"2名義中1番手/初期当選/Aぇ名義/有効期限内/すり替えなし/下3桁提示可

プラベルでのお取引希望の方は移行させていただきますので、メッセージをお願いします。...",public_detail,2026-09-29 09:16:09,True,2026-09-29 09:16:09,1Cl2VvDmJVZqGnDqCyq0,"{""isSpecified"": false, ""value"": """"}"
gng2y7xrpr,,kamigata-expo-park-fes-2026,2026-10-31,,[大阪府] 万博記念公園,electronic,female,公演日前日までにQRコード共有,さ,5.0,,QR,2026-09-29 01:09:57,public_alias_observed,2026-09-29 01:09:57,,,listing,1,30000,"QRごと/初期当選/重複すり替え無し/下3桁提示可/有効期限内/Aぇ名義

公演中止の際のみ規約に従い返金対応いたします。ランダムエラー、本人確認、体調不良、買い手様ご都合で入場が遅れた場合や、その他いかなる場合もキャンセルを含む一切の返金対応不可です。ご了承のうえご購入ください。",True,gng2y7xrpr,2026-09-26 02:01:13,inactive,2026-09-29 09:02:15,2026-09-28 23:02:58,public_detail,False,public_detail,inactive,"QRごと/初期当選/重複すり替え無し/下3桁提示可/有効期限内/Aぇ名義

公演中止の際のみ規約に従い返金対応いたします。ランダムエラー、本人確認、体調不良、買...",public_detail,2026-09-29 09:02:15,True,2026-09-29 09:02:15,1Cl2VvDmJVZqGnDqCyq0,"{""isSpecified"": false, ""value"": """"}"
lxga8zhbai,,kamigata-expo-park-fes-2026,2026-10-31,,[大阪府] 万博記念公園,electronic,female,2名義中2番手 同行,M,5.0,,番手,2026-09-29 01:09:57,public_alias_observed,2026-09-29 01:09:57,,,listing,1,20000,"初期当選/2名義中2番手/有効期限内/Aぇ×Aぇ名義/すり替えなし

・当方の都合により入場時間が10時前後となる予定のため、それでも問題ない方のみ購入をご検討ください。

・当日電波環境が悪い可能性がございますので、事前に電話番号をお伺いいたします。ご了承ください。

・本人確認やランダムエラーでは返金いたしますが、
購入者様の遅刻、体調不良、公演中止以外での返金は一切いたしかねます。そのような場合でも必ず受取連絡はして頂きますのでご了承ください。

・当日お席に関するクレームは受け付けません。

・受取連絡と引き換えでチケットをお渡しいたします。

・日本語の通じる女性のみご購入ください。ご購入いただいた時点で記載事項に同意いただいたものとみなします。

エラーの際はご返金いたします。",True,lxga8zhbai,2026-09-26 02:01:13,inactive,2026-09-29 09:02:16,2026-09-28 15:03:14,public_detail,False,public_detail,inactive,"初期当選/2名義中2番手/有効期限内/Aぇ×Aぇ名義/すり替えなし

・当方の都合により入場時間が10時前後となる予定のため、それでも問題ない方のみ購入をご検討...",public_detail,2026-09-29 09:02:16,True,2026-09-29 09:02:16,1Cl2VvDmJVZqGnDqCyq0,"{""isSpecified"": false, ""value"": """"}"
ve2kq39hjd,,kamigata-expo-park-fes-2026,2026-10-31,,[大阪府] 万博記念公園,electronic,female,公演前日にログイン情報共有,M,5.0,,QR,2026-09-29 01:09:58,public_alias_observed,2026-09-29 01:09:58,,,listing,2,25000,"QR毎/初期当選/下3桁提示可/有効期限内/郵送物戻りなし

前回ツアー落選かつ名義作成後初当選です。

公演前日にログイン情報をお伝えいたしますので当日入場後は速やかにログアウトし、評価をお願いいたします。公演中止以外の全ての事柄においてキャンセルや返金はいたしかねます。上記全てご理解頂ける方のみご購入よろしくお願いいたします。

その他ご質問等ございましたらお気軽にご連絡ください。",True,ve2kq39hjd,2026-09-26 01:01:13,inactive,2026-09-29 09:02:14,2026-09-27 15:02:48,public_detail,False,public_detail,inactive,"QR毎/初期当選/下3桁提示可/有効期限内/郵送物戻りなし

前回ツアー落選かつ名義作成後初当選です。

公演前日にログイン情報をお伝えいたしますので当日入場後...",public_detail,2026-09-29 09:02:14,True,2026-09-29 09:02:14,1Cl2VvDmJVZqGnDqCyq0,"{""isSpecified"": false, ""value"": """"}"
meelnngq41,,kamigata-expo-park-fes-2026,2026-11-01,,[大阪府] 万博記念公園,electronic,female,同行,28,5.0,,同行,2026-09-29 01:09:58,public_alias_observed,2026-09-29 01:09:58,,,listing,1,33000,"FC先行 座席未定 初期当選 有効期限内 重複すり替えなし 会員番号下3桁提示可能 着ブロ希望なし

公演当日、開演 1時間前〜30分前頃に会場付近にて待ち合わせし、同時入場していただきます。
詳しい待ち合わせ時間・場所につきましては、公演前日までに連絡ボードでお知らせします。
チケットをお渡しする際に受け取り連絡をお願いいたします。
座席に関するクレームは受け付けておりません。
重複無しのため当方との同行になります。
同時入場後は、ご自由にしていただいて構いません。

公演中止の際には、送料・仲介手数料を差し引いた金額を返金いたします。
システムエラー、本人確認、交通機関でのトラブル、買い手様のご都合など、いかなる場合も返金キャンセル対応いたしかねますのでご了承ください。",True,meelnngq41,2026-09-26 01:01:13,inactive,2026-09-29 09:02:15,2026-09-28 00:02:52,public_detail,False,public_detail,inactive,"FC先行 座席未定 初期当選 有効期限内 重複すり替えなし 会員番号下3桁提示可能 着ブロ希望なし

公演当日、開演 1時間前〜30分前頃に会場付近にて待ち合わ...",public_detail,2026-09-29 09:02:15,True,2026-09-29 09:02:15,1Cl2VvDmJVZqGnDqCyq0,"{""isSpecified"": false, ""value"": """"}"
f440r2b0j4,,tvasahi-dream-festival-2026,2026-11-21,15:00,Kアリーナ横浜,paper,female,当日手渡し,な,5.0,,ランダム,2026-09-29 01:13:18,public_alias_observed,2026-09-29 09:03:23,,,listing,2,13000,"すり替えなしランダム/ 9名義中7.8.9番手に変更可能/全名義いち早ぴあプレ枠
・全てアプグレ申し込み予定
・アプグレ当選の場合、当選席選択した際に限りアプグレ定価分(＋0.7/枚)当日支払いお願いします。
・当日の電波障害対策、お待ち合わせを迅速に行うため、電話番号のご提示をお願いします。
・待ち合わせ等のご連絡は前日までに取引メッセージにてお知らせします。
遅刻に関してはお待ちすることなく入場しますが、受取評価はしていただきます。その際の返金は致しません。
・座席に関するクレームは一切受け付けません。
・買い手様の都合上のキャンセル、本人確認等如何なる理由があっても受取評価はして頂きます。返金対応不可です。
・日本人の方のみ購入お願いします。
・すり替えなしランダムがご理解できる方のみご購入お願いします。
番手にも変更可能ですのでご相談下さい(提示している金額は、すり替えなしランダムの場合の金額です)。
・プラベ出品に変更しますのでお手数おかけしますがコメントお願いします。
・入金確認後、問い合わせ番号の下3桁掲示いたします。",True,f440r2b0j4,2026-09-26 01:01:13,active,2026-09-29 09:25:04,,public_detail,False,public_detail,active,"すり替えなしランダム/ 9名義中7.8.9番手に変更可能/全名義いち早ぴあプレ枠
・全てアプグレ申し込み予定
・アプグレ当選の場合、当選席選択した際に限りアプグ...",public_detail,2026-09-29 09:25:04,True,2026-09-29 09:25:04,k8qw3X3Mpda6ZvJKsOG1,"{""isSpecified"": false, ""value"": """"}"
h881yb5tcf,,tvasahi-dream-festival-2026,2026-11-21,15:00,Kアリーナ横浜,electronic,female,公演3日前,ゆ,5.0,,番手,2026-09-29 01:13:18,public_alias_observed,2026-09-29 09:03:23,,,listing,2,15000,"ぴあ最速先行/3名義中3番手/すり替えなし

アップグレード料金も込みです。

公演中止を除き、出演者の変更・遅刻・交通機関の遅延等、如何なる場合も返金いたしかねます。予めご了承ください。

取引初心者の方でも丁寧に対応いたしますので、お気軽にご購入下さい。",True,h881yb5tcf,2026-09-26 02:01:13,active,2026-09-29 09:25:03,,public_detail,False,public_detail,active,"ぴあ最速先行/3名義中3番手/すり替えなし

アップグレード料金も込みです。

公演中止を除き、出演者の変更・遅刻・交通機関の遅延等、如何なる場合も返金いたしか...",public_detail,2026-09-29 09:25:03,True,2026-09-29 09:25:03,k8qw3X3Mpda6ZvJKsOG1,"{""isSpecified"": false, ""value"": """"}"
nf9yxvkf4l,,tvasahi-dream-festival-2026,2026-11-21,15:00,Kアリーナ横浜,electronic,female,公演日7日前までにQRコード共有,やまo,5.0,,,2026-09-29 01:13:18,public_alias_observed,2026-09-29 09:03:23,,,listing,2,9500,,True,nf9yxvkf4l,2026-09-26 09:01:11,active,2026-09-29 09:25:04,,public_detail,False,public_detail,active,,public_detail,2026-09-29 09:25:04,True,2026-09-29 09:25:04,k8qw3X3Mpda6ZvJKsOG1,"{""isSpecified"": false, ""value"": """"}"
48a8jjdpjl,,tvasahi-dream-festival-2026,2026-11-21,15:00,Kアリーナ横浜,electronic,female,公演3日前に受け渡し方法共有,ら,4.9,,,2026-09-29 01:13:18,public_alias_observed,2026-09-29 09:03:23,,,listing,2,14500,"チケットぴあ いち早プレリザーブでの当選

11/18(木)に発券番号をお伝えしますのでご自身で発券をお願いいたします。

必ず発券次第速やかに受け取り連絡をお願いいたします。

主催者側による公演中止の場合に限り、サイトの規約に則り返金対応いたします。",True,48a8jjdpjl,2026-09-26 01:01:13,active,2026-09-29 09:25:03,,public_detail,False,public_detail,active,"チケットぴあ いち早プレリザーブでの当選

11/18(木)に発券番号をお伝えしますのでご自身で発券をお願いいたします。

必ず発券次第速やかに受け取り連絡をお...",public_detail,2026-09-29 09:25:03,True,2026-09-29 09:25:03,k8qw3X3Mpda6ZvJKsOG1,"{""isSpecified"": false, ""value"": """"}"
y3pd80vtau,,tvasahi-dream-festival-2026,2026-11-21,15:00,Kアリーナ横浜,paper,female,当日手渡し,な,5.0,,番手,2026-09-29 01:13:18,public_alias_observed,2026-09-29 09:03:23,,,listing,2,13500,"9名義中9番手/全名義いち早ぴあプレ枠
・全てアプグレ申し込み予定
・アプグレ当選の場合、当選席選択した場合に限りアプグレ定価分(＋0.7/枚)当日支払いお願いします。
・当日の電波障害対策、お待ち合わせを迅速に行うため、電話番号のご提示をお願いします。
・待ち合わせ等のご連絡は前日までに取引メッセージにてお知らせします。
遅刻に関してはお待ちすることなく入場しますが、受取評価はしていただきます。その際の返金は致しません。
・座席に関するクレームは一切受け付けません。
・買い手様の都合上のキャンセル、本人確認等如何なる理由があっても受取評価はして頂きます。返金対応不可です。
・日本人の方のみ購入お願いします。
・番手(すり替えなし)がご理解できる方のみご購入お願いします。
⭐️プラベ出品に変更しますのでお手数おかけしますがコメントお願いします。
・入金確認後、問い合わせ番号の下3桁掲示いたします。",True,y3pd80vtau,2026-09-26 01:01:13,active,2026-09-29 09:25:07,,public_detail,False,public_detail,active,"9名義中9番手/全名義いち早ぴあプレ枠
・全てアプグレ申し込み予定
・アプグレ当選の場合、当選席選択した場合に限りアプグレ定価分(＋0.7/枚)当日支払いお願い...",public_detail,2026-09-29 09:25:07,True,2026-09-29 09:25:07,k8qw3X3Mpda6ZvJKsOG1,"{""isSpecified"": false, ""value"": """"}"
6r4rvfubci,,tvasahi-dream-festival-2026,2026-11-21,15:00,Kアリーナ横浜,paper,none,前日又は当日手渡し,n,5.0,,ランダム,2026-09-29 01:13:18,public_alias_observed,2026-09-29 09:03:23,,,listing,2,10000,"いち早枠当選名義のみのランダム配布

全てアプグレ申し込み予定ですが、落選名義のチケットをお渡しする可能性もございます。
2連で購入の方には必ず2連でチケットお渡しいたします。

・当日開場15分前までにチケット手渡しさせて頂きます。集合時間は相談して決めますのでご安心ください。
（ご希望によっては事前郵送でも対応かのうですので事前にコメントをお願いいたしますり）
・名義数はお答えできかねます。

・公演中止以外のいかなる理由(出演者の変更、体調不良、本人確認、待ち合わせへの遅刻等)への返金対応は不可になります。

上記内容をご理解頂ける成人済みの方のみご購入をお願いいたします。",True,6r4rvfubci,2026-09-26 13:01:18,active,2026-09-29 09:25:05,,public_detail,False,public_detail,active,"いち早枠当選名義のみのランダム配布

全てアプグレ申し込み予定ですが、落選名義のチケットをお渡しする可能性もございます。
2連で購入の方には必ず2連でチケットお...",public_detail,2026-09-29 09:25:05,True,2026-09-29 09:25:05,k8qw3X3Mpda6ZvJKsOG1,"{""isSpecified"": false, ""value"": """"}"
q0sn9dl6r6,,tvasahi-dream-festival-2026,2026-11-21,15:00,Kアリーナ横浜,electronic,female,同行,うどん,5.0,,,2026-09-29 01:13:18,public_alias_observed,2026-09-29 09:03:23,,,listing,2,17000,"2名義中2番手のチケットです。
2名義ともぴあ最速先行当選
すり替えなし
アプグレ申し込み予定
アプグレ当選時、当日手渡しにてアプグレ定価分頂戴いたします。
",True,q0sn9dl6r6,2026-09-26 02:01:13,active,2026-09-29 09:25:07,,public_detail,False,public_detail,active,"2名義中2番手のチケットです。
2名義ともぴあ最速先行当選
すり替えなし
アプグレ申し込み予定
アプグレ当選時、当日手渡しにてアプグレ定価分頂戴いたします。
",public_detail,2026-09-29 09:25:07,True,2026-09-29 09:25:07,k8qw3X3Mpda6ZvJKsOG1,"{""isSpecified"": false, ""value"": """"}"
xizngw6d8j,,tvasahi-dream-festival-2026,2026-11-21,15:00,Kアリーナ横浜,paper,female,当日手渡し,あちゃん,5.0,,番手,2026-09-29 01:13:18,public_alias_observed,2026-09-29 09:03:23,,,listing,2,25000,"3名義中2番手　全ていち早プレ当選
当日手渡し、チケット手渡し時受け取り評価お願いいたします。
アプグレ申し込み予定落選の場合のキャンセル不可。アプグレ当選した場合、アプグレ定価手数料分は当日手渡しにて頂戴いたします。
公演中止以外返金不可

チケット番号下３桁提示可

プラベル通し可能。プラベル通し多少値下げ可

※体調不良や公共交通機関の遅れなどで当日来ることが難しくなった場合でも受け取り評価をしていただきます。
集合時間は前日までにお知らせ予定です。",True,xizngw6d8j,2026-09-26 02:01:13,active,2026-09-29 09:25:06,,public_detail,False,public_detail,active,"3名義中2番手　全ていち早プレ当選
当日手渡し、チケット手渡し時受け取り評価お願いいたします。
アプグレ申し込み予定落選の場合のキャンセル不可。アプグレ当選した...",public_detail,2026-09-29 09:25:06,True,2026-09-29 09:25:06,k8qw3X3Mpda6ZvJKsOG1,"{""isSpecified"": false, ""value"": """"}"
yv09m4fw4g,,tvasahi-dream-festival-2026,2026-11-21,15:00,Kアリーナ横浜,paper,female,当日手渡し,あちゃん,5.0,,ランダム,2026-09-29 01:13:18,public_alias_observed,2026-09-29 09:03:23,,,listing,2,15000,"ランダム配布当日手渡し　定価+手数料
アプグレ申し込み予定当選の場合は別途アプグレ料金定価+手数料を当日頂戴いたします。

公演中止以外のキャンセル、返金不可",True,yv09m4fw4g,2026-09-26 02:01:13,active,2026-09-29 09:25:08,,public_detail,False,public_detail,active,"ランダム配布当日手渡し　定価+手数料
アプグレ申し込み予定当選の場合は別途アプグレ料金定価+手数料を当日頂戴いたします。

公演中止以外のキャンセル、返金不可",public_detail,2026-09-29 09:25:08,True,2026-09-29 09:25:08,k8qw3X3Mpda6ZvJKsOG1,"{""isSpecified"": false, ""value"": """"}"
1wgnn9opof,,tvasahi-dream-festival-2026,2026-11-21,15:00,Kアリーナ横浜,paper,female,当日手渡し,な,5.0,,番手,2026-09-29 01:13:18,public_alias_observed,2026-09-29 09:03:23,,,listing,2,14500,"9名義中8番手/全名義いち早ぴあプレ枠
・全てアプグレ申し込み予定
・アプグレ当選の場合、当選席選択した場合に限りアプグレ定価分(＋0.7/枚)当日支払いお願いします。
・当日の電波障害対策、お待ち合わせを迅速に行うため、電話番号のご提示をお願いします。
・待ち合わせ等のご連絡は前日までに取引メッセージにてお知らせします。
遅刻に関してはお待ちすることなく入場しますが、受取評価はしていただきます。その際の返金は致しません。
・座席に関するクレームは一切受け付けません。
・買い手様の都合上のキャンセル、本人確認等如何なる理由があっても受取評価はして頂きます。返金対応不可です。
・日本人の方のみ購入お願いします。
・番手(すり替えなし)がご理解できる方のみご購入お願いします。
⭐️プラベ出品に変更しますのでお手数おかけしますがコメントお願いします。
・入金確認後、問い合わせ番号の下3桁掲示いたします。",True,1wgnn9opof,2026-09-26 01:01:13,active,2026-09-29 09:25:05,,public_detail,False,public_detail,active,"9名義中8番手/全名義いち早ぴあプレ枠
・全てアプグレ申し込み予定
・アプグレ当選の場合、当選席選択した場合に限りアプグレ定価分(＋0.7/枚)当日支払いお願い...",public_detail,2026-09-29 09:25:05,True,2026-09-29 09:25:05,k8qw3X3Mpda6ZvJKsOG1,"{""isSpecified"": false, ""value"": """"}"
av370811vh,,tvasahi-dream-festival-2026,2026-11-21,15:00,Kアリーナ横浜,paper,female,当日手渡し,な,5.0,,番手,2026-09-29 01:13:18,public_alias_observed,2026-09-29 09:03:23,,,listing,2,15000,"9名義中7番手/全名義いち早ぴあプレ枠
・全てアプグレ申し込み予定
・アプグレ当選の場合、当選席選択した場合に限りアプグレ定価分(＋0.7/枚)当日支払いお願いします。
・当日の電波障害対策、お待ち合わせを迅速に行うため、電話番号のご提示をお願いします。
・待ち合わせ等のご連絡は前日までに取引メッセージにてお知らせします。
遅刻に関してはお待ちすることなく入場しますが、受取評価はしていただきます。その際の返金は致しません。
・座席に関するクレームは一切受け付けません。
・買い手様の都合上のキャンセル、本人確認等如何なる理由があっても受取評価はして頂きます。返金対応不可です。
・日本人の方のみ購入お願いします。
・番手(すり替えなし)がご理解できる方のみご購入お願いします。
⭐️プラベ出品に変更しますのでお手数おかけしますがコメントお願いします。
・入金確認後、問い合わせ番号の下3桁掲示いたします。",True,av370811vh,2026-09-26 01:01:13,active,2026-09-29 09:25:07,,public_detail,False,public_detail,active,"9名義中7番手/全名義いち早ぴあプレ枠
・全てアプグレ申し込み予定
・アプグレ当選の場合、当選席選択した場合に限りアプグレ定価分(＋0.7/枚)当日支払いお願い...",public_detail,2026-09-29 09:25:07,True,2026-09-29 09:25:07,k8qw3X3Mpda6ZvJKsOG1,"{""isSpecified"": false, ""value"": """"}"
01yluq45wk,,tvasahi-dream-festival-2026,2026-11-21,15:00,Kアリーナ横浜,electronic,female,公演日3日前よりご自身で発券,A,5.0,,番手,2026-09-29 01:13:18,public_alias_observed,2026-09-29 09:03:23,,,listing,2,13500,"いち早ぴあプレ枠/4名義中4番手/すり替えなし

すべてアプグレ申し込み予定です。
当選した場合1.0上乗せして頂きます。

当日会場付近で待ち合わせし、チケット手渡しさせて頂きます。詳しい待ち合わせ時間、場所は追ってご連絡させて頂きます。分配での配布希望の方ございましたら対応致しますのでご連絡ください。

主催者側都合による公演中止のみ定価手数料等引いた額を返金させて頂きます。
それ以外の如何なる理由での返金不可です。
(主催者の変更･体調不良･交通機関の乱れ等)
",True,01yluq45wk,2026-09-26 01:01:13,active,2026-09-29 09:25:08,,public_detail,False,public_detail,active,"いち早ぴあプレ枠/4名義中4番手/すり替えなし

すべてアプグレ申し込み予定です。
当選した場合1.0上乗せして頂きます。

当日会場付近で待ち合わせし、チケッ...",public_detail,2026-09-29 09:25:08,True,2026-09-29 09:25:08,k8qw3X3Mpda6ZvJKsOG1,"{""isSpecified"": false, ""value"": """"}"
3kfzz8ezhq,,tvasahi-dream-festival-2026,2026-11-21,15:00,Kアリーナ横浜,electronic,female,分配、不可の場合発券番号,かい,5.0,,,2026-09-29 01:13:18,public_alias_observed,2026-09-29 09:03:23,,,listing,2,18000,"いち早プレリザーブ当選分、重複なし
11/18 12:00〜チケットぴあ分配、もしくは発券番号をお知らせいたします。

※公演中止以外の返金、キャンセル不可",True,3kfzz8ezhq,2026-09-26 01:01:13,active,2026-09-29 09:25:08,,public_detail,False,public_detail,active,"いち早プレリザーブ当選分、重複なし
11/18 12:00〜チケットぴあ分配、もしくは発券番号をお知らせいたします。

※公演中止以外の返金、キャンセル不可",public_detail,2026-09-29 09:25:08,True,2026-09-29 09:25:08,k8qw3X3Mpda6ZvJKsOG1,"{""isSpecified"": false, ""value"": """"}"
qy2ew1tsim,,tvasahi-dream-festival-2026,2026-11-21,15:00,Kアリーナ横浜,paper,female,当日手渡し,な,5.0,,,2026-09-29 01:13:18,public_alias_observed,2026-09-29 09:03:23,,,listing,2,15000,"いち早プレリザーブ ぴあプレ枠での当選
すり替えなし

上乗せでアプグレ対応可
希望の場合は事前にメッセージお願いいたします。

アプグレ落選時、ランダムエラー、出演者変更、ご自身の体調不良等如何なる場合も返金はいたしかねます。
公演中止等公式から返金がある場合のみ返金いたします。",True,qy2ew1tsim,2026-09-26 01:01:13,active,2026-09-29 09:25:06,,public_detail,False,public_detail,active,"いち早プレリザーブ ぴあプレ枠での当選
すり替えなし

上乗せでアプグレ対応可
希望の場合は事前にメッセージお願いいたします。

アプグレ落選時、ランダムエラー...",public_detail,2026-09-29 09:25:06,True,2026-09-29 09:25:06,k8qw3X3Mpda6ZvJKsOG1,"{""isSpecified"": false, ""value"": """"}"
gq1qyc2mm6,,tvasahi-dream-festival-2026,2026-11-21,15:00,Kアリーナ横浜,paper,female,当日手渡し,な,5.0,,番手,2026-09-29 01:13:18,public_alias_observed,2026-09-29 09:03:23,,,listing,1,18000,"9名義中4番手(2連中の1枚)/全名義いち早ぴあプレ枠
・全てアプグレ申し込み予定
・アプグレ当選の場合、当選席選択した場合に限りアプグレ定価分(＋0.7/枚)当日支払いお願いします。
・当日の電波障害対策、お待ち合わせを迅速に行うため、電話番号のご提示をお願いします。
・待ち合わせ等のご連絡は前日までに取引メッセージにてお知らせします。
遅刻に関してはお待ちすることなく入場しますが、受取評価はしていただきます。その際の返金は致しません。
・座席に関するクレームは一切受け付けません。
・買い手様の都合上のキャンセル、本人確認等如何なる理由があっても受取評価はして頂きます。返金対応不可です。
・日本人の方のみ購入お願いします。
・番手(すり替えなし)がご理解できる方のみご購入お願いします。
⭐️プラベ出品に変更しますのでお手数おかけしますがコメントお願いします。
・入金確認後、問い合わせ番号の下3桁掲示いたします。",True,gq1qyc2mm6,2026-09-26 01:01:13,active,2026-09-29 09:25:10,,public_detail,False,public_detail,active,"9名義中4番手(2連中の1枚)/全名義いち早ぴあプレ枠
・全てアプグレ申し込み予定
・アプグレ当選の場合、当選席選択した場合に限りアプグレ定価分(＋0.7/枚)...",public_detail,2026-09-29 09:25:10,True,2026-09-29 09:25:10,k8qw3X3Mpda6ZvJKsOG1,"{""isSpecified"": false, ""value"": """"}"
h9k68xixuu,,tvasahi-dream-festival-2026,2026-11-21,15:00,Kアリーナ横浜,paper,female,当日手渡し,💫,5.0,,番手,2026-09-29 01:13:18,public_alias_observed,2026-09-29 09:03:23,,,listing,2,20000,"7名義中4番手/いち早プレ枠/すり替えなし
全名義アプグレ申込予定
アプグレ落選後のキャンセル不可
アプグレ当選時は定価分＋0.7当日手渡し

当日会場付近にて紙チケお渡し後ご自身で入場していただく形式、又は座席確認後チケットをお渡しする形式になります。
公演中止等公式から返金がない限り、ランダムエラー、体調不良、出演者の変更等如何なる場合も返金及びキャンセルはいたしかねます。",True,h9k68xixuu,2026-09-26 02:01:13,active,2026-09-29 09:25:09,,public_detail,False,public_detail,active,"7名義中4番手/いち早プレ枠/すり替えなし
全名義アプグレ申込予定
アプグレ落選後のキャンセル不可
アプグレ当選時は定価分＋0.7当日手渡し

当日会場付近にて...",public_detail,2026-09-29 09:25:09,True,2026-09-29 09:25:09,k8qw3X3Mpda6ZvJKsOG1,"{""isSpecified"": false, ""value"": """"}"
tn5junbp8j,,tvasahi-dream-festival-2026,2026-11-21,15:00,Kアリーナ横浜,electronic,female,当日手渡し,A,5.0,,番手,2026-09-29 01:13:18,public_alias_observed,2026-09-29 09:03:23,,,listing,2,13500,"いち早ぴあプレ枠/4名義中4番手/すり替えなし

すべてアプグレ申し込み予定です。
当選した場合1.0上乗せして頂きます。

当日会場付近で待ち合わせし、チケット手渡しさせて頂きます。詳しい待ち合わせ時間、場所は追ってご連絡させて頂きます。分配での配布希望の方ございましたら対応致しますのでご連絡ください。

主催者側都合による公演中止のみ定価手数料等引いた額を返金させて頂きます。
それ以外の如何なる理由での返金不可です。
(主催者の変更･体調不良･交通機関の乱れ等)
",True,tn5junbp8j,2026-09-26 01:01:13,active,2026-09-29 09:25:10,,public_detail,False,public_detail,active,"いち早ぴあプレ枠/4名義中4番手/すり替えなし

すべてアプグレ申し込み予定です。
当選した場合1.0上乗せして頂きます。

当日会場付近で待ち合わせし、チケッ...",public_detail,2026-09-29 09:25:10,True,2026-09-29 09:25:10,k8qw3X3Mpda6ZvJKsOG1,"{""isSpecified"": false, ""value"": """"}"
rkvxuevzx3,,tvasahi-dream-festival-2026,2026-11-21,15:00,Kアリーナ横浜,pickup_number,female,チケット分配,けい,5.0,,,2026-09-29 01:13:18,public_alias_observed,2026-09-29 09:03:23,,,listing,4,23000,"いち早プレリザーブ ぴあプレ枠での当選
すり替えなし
1番手でのお譲りです。

上乗せでアプグレ対応可１枚+0.7にて
希望の場合は事前にメッセージお願いいたします。

アプグレ落選時、ランダムエラー、出演者変更、ご自身の体調不良等如何なる場合も返金はいたしかねます。
公演中止等公式から返金がある場合のみ返金いたします。

質問ある方はご気軽にメッセージください",True,rkvxuevzx3,2026-09-28 15:03:17,active,2026-09-29 09:25:16,,public_detail,False,public_detail,active,"いち早プレリザーブ ぴあプレ枠での当選
すり替えなし
1番手でのお譲りです。

上乗せでアプグレ対応可１枚+0.7にて
希望の場合は事前にメッセージお願いいたし...",public_detail,2026-09-29 09:25:16,True,2026-09-29 09:25:16,k8qw3X3Mpda6ZvJKsOG1,"{""isSpecified"": false, ""value"": """"}"
aahjnegc7j,,tvasahi-dream-festival-2026,2026-11-21,15:00,Kアリーナ横浜,paper,female,当日手渡し,な,5.0,,番手,2026-09-29 01:13:18,public_alias_observed,2026-09-29 09:03:23,,,listing,2,37000,"⭐️8名義中2(3)番手
即5.0/いち早ぴあプレ /すり替えなし
1部サイト通しに変更可
全名義アプグレ申込予定
アプグレ落選後のキャンセル不可
全名義落選又は1名義のみ当選の場合は3番手のお譲り
アプグレ当選時は＋0.7のお支払い

当日会場付近にて紙チケお渡し後ご自身で入場していただく形式、又は座席確認後チケットをお渡しする形式になります。

公演中止等公式から返金がない限り、ランダムエラー、体調不良、出演者の変更等如何なる場合も返金及びキャンセルはいたしかねます。
日本語で問題なくやり取りのできる成人女性のみご購入お願いいたします。",True,aahjnegc7j,2026-09-26 02:01:13,active,2026-09-29 09:25:11,,public_detail,False,public_detail,active,"⭐️8名義中2(3)番手
即5.0/いち早ぴあプレ /すり替えなし
1部サイト通しに変更可
全名義アプグレ申込予定
アプグレ落選後のキャンセル不可
全名義落選又...",public_detail,2026-09-29 09:25:11,True,2026-09-29 09:25:11,k8qw3X3Mpda6ZvJKsOG1,"{""isSpecified"": false, ""value"": """"}"
x3n9tuwp9x,,tvasahi-dream-festival-2026,2026-11-21,15:00,Kアリーナ横浜,electronic,female,当日手渡し,な,5.0,,,2026-09-29 01:13:18,public_alias_observed,2026-09-29 09:03:23,,,listing,2,14700,"いち早プレリザーブ ぴあプレ枠
すり替えなしランダム(上乗せで番手への変更可)

全名義アプグレ申込予定
アプグレ当選時:追加で定価手数料お支払い


公演中止以外如何なる場合も返金はいたしかねます。(アプグレ落選時、ランダムエラー、出演者変更、買い手様都合のキャンセル等)",True,x3n9tuwp9x,2026-09-26 01:01:13,active,2026-09-29 09:25:12,,public_detail,False,public_detail,active,"いち早プレリザーブ ぴあプレ枠
すり替えなしランダム(上乗せで番手への変更可)

全名義アプグレ申込予定
アプグレ当選時:追加で定価手数料お支払い


公演中止...",public_detail,2026-09-29 09:25:12,True,2026-09-29 09:25:12,k8qw3X3Mpda6ZvJKsOG1,"{""isSpecified"": false, ""value"": """"}"
h2exokclzk,,tvasahi-dream-festival-2026,2026-11-21,15:00,Kアリーナ横浜,electronic,female,公演3日前,ゆ,5.0,,番手,2026-09-29 01:13:18,public_alias_observed,2026-09-29 09:03:23,,,listing,2,18000,"ぴあ最速先行/3名義中2番手/すり替えなし

アップグレード料金も込みです。

公演中止を除き、出演者の変更・遅刻・交通機関の遅延等、如何なる場合も返金いたしかねます。予めご了承ください。

取引初心者の方でも丁寧に対応いたしますので、お気軽にご購入下さい。",True,h2exokclzk,2026-09-26 02:01:13,active,2026-09-29 09:25:09,,public_detail,False,public_detail,active,"ぴあ最速先行/3名義中2番手/すり替えなし

アップグレード料金も込みです。

公演中止を除き、出演者の変更・遅刻・交通機関の遅延等、如何なる場合も返金いたしか...",public_detail,2026-09-29 09:25:09,True,2026-09-29 09:25:09,k8qw3X3Mpda6ZvJKsOG1,"{""isSpecified"": false, ""value"": """"}"
2tbu72q4b2,,tvasahi-dream-festival-2026,2026-11-21,15:00,Kアリーナ横浜,paper,female,手渡し,みょ,5.0,,同行,2026-09-29 01:13:18,public_alias_observed,2026-09-29 09:03:23,,,listing,3,40000,"⭐️ぴあプレで当選（アプグレ予定）⭐️

・正門担×
・4連中3枚のお譲り（バラ可能）

・当日当方と合流後に受け取り評価をしていただきます。
・体調不良や公共交通機関の遅れなどで当日来ることが難しくなった場合でも受け取り評価をしていただきます。
・集合時間は前日までにお知らせ予定です。
・集合時間から30分以上の遅れはチケ代とは別途1.0いただきます。
・サイチェンや時間貸しでの譲りは可能ですが、黒服に目立たないようにお願いします。
",True,2tbu72q4b2,2026-09-26 01:01:13,active,2026-09-29 09:25:12,,public_detail,False,public_detail,active,"⭐️ぴあプレで当選（アプグレ予定）⭐️

・正門担×
・4連中3枚のお譲り（バラ可能）

・当日当方と合流後に受け取り評価をしていただきます。
・体調不良や公共...",public_detail,2026-09-29 09:25:12,True,2026-09-29 09:25:12,k8qw3X3Mpda6ZvJKsOG1,"{""isSpecified"": false, ""value"": """"}"
me0gganf2h,,tvasahi-dream-festival-2026,2026-11-21,15:00,Kアリーナ横浜,paper,female,当日手渡し,🦋,5.0,,ランダム,2026-09-29 01:13:18,public_alias_observed,2026-09-29 09:03:23,,,listing,2,11800,"いち早枠当選名義のみのランダム配布

全てアプグレ申し込み予定ですが、落選名義のチケットをお渡しする可能性もございます。
2連で購入の方には必ず2連でチケットお渡しいたします。

・当日開場15分前までのお待ち合せでチケット手渡しさせて頂きます。当日開場時間15分前までであれば待ち合わせ時間変更は柔軟に対応させて頂きます。前日までにご相談ください。
※前日にURLにて分配になる可能性もございます。その場合はご自身で発券をお願いいたします。
・名義数は増える可能性もある為お答えできかねます。ご了承ください。

・公演中止以外のいかなる理由(出演者の変更、体調不良、本人確認、待ち合わせへの遅刻等)への返金対応は不可になります。

上記内容をご理解頂ける成人済みの方のみご購入をお願いいたします。",True,me0gganf2h,2026-09-26 02:01:13,active,2026-09-29 09:25:11,,public_detail,False,public_detail,active,"いち早枠当選名義のみのランダム配布

全てアプグレ申し込み予定ですが、落選名義のチケットをお渡しする可能性もございます。
2連で購入の方には必ず2連でチケットお...",public_detail,2026-09-29 09:25:11,True,2026-09-29 09:25:11,k8qw3X3Mpda6ZvJKsOG1,"{""isSpecified"": false, ""value"": """"}"
lnbp2yhcsz,,tvasahi-dream-festival-2026,2026-11-22,15:00,Kアリーナ横浜,paper,female,当日手渡し,linlang0323,5.0,,,2026-09-29 01:13:18,public_alias_observed,2026-09-29 09:03:23,,,listing,2,14900,"オフィシャル2次 アプグレ申し込み予定
2番手
公演中止以外のいかなる場合も返金不可",True,lnbp2yhcsz,2026-09-26 01:01:13,active,2026-09-29 09:25:12,,public_detail,False,public_detail,active,"オフィシャル2次 アプグレ申し込み予定
2番手
公演中止以外のいかなる場合も返金不可",public_detail,2026-09-29 09:25:12,True,2026-09-29 09:25:12,k8qw3X3Mpda6ZvJKsOG1,"{""isSpecified"": false, ""value"": """"}"
6wwbfmfv4n,,tvasahi-dream-festival-2026,2026-11-22,15:00,Kアリーナ横浜,paper,female,事前都内手渡し、または公演3日前までに郵送,み,5.0,,,2026-09-29 01:13:18,public_alias_observed,2026-09-29 09:03:23,,,listing,2,30000,"・発券開始日の11/18(水)12:00〜以降にチケットをお譲りします。

・手渡しの場合、待ち合わせ日時・場所の決定後は時間厳守でお願いします。

・1枚購入の場合は、先にご購入した方に座席選択権がございます。予めご了承ください。

・アプグレ申込予定です。アプグレ当選時の上乗せは不要です。

・チケット受け取り後は速やかに受け取り評価をお願いします。

・時間貸し、盗撮・盗聴などの名義を傷つけるような行為はお控えください。

・値下げ依頼はコメントからお願いいたします。

【注意事項】
・主催者都合によって公演が中止となった場合のみ、チケットをご返却いただき次第、手数料を差し引いた金額を返金いたします。

・その他いかなる理由（本人確認・出演者変更・遅刻・体調不良・交通機関の遅延など）でもキャンセル・返金はできかねます。

・アプグレの当落結果、座席に関するクレームは受け付けておりません。

・代理購入は不可。ご本人様のみ入場をお願いします。

・日本語が読める成人女性の方のみ購入をお願いしています。

・ご購入いただいた時点で上記内容すべてにご同意いただいたとみなします。ご理解いただける方のみご購入をお願いいたします。",True,6wwbfmfv4n,2026-09-26 02:01:13,active,2026-09-29 09:25:14,,public_detail,False,public_detail,active,"・発券開始日の11/18(水)12:00〜以降にチケットをお譲りします。

・手渡しの場合、待ち合わせ日時・場所の決定後は時間厳守でお願いします。

・1枚購入...",public_detail,2026-09-29 09:25:14,True,2026-09-29 09:25:14,k8qw3X3Mpda6ZvJKsOG1,"{""isSpecified"": true, ""value"": ""\u3044\u3061\u65e9\u30d7\u30ec\u30ea\u30b6\u30fc\u30d6(\u3074\u3042NICOS\u30ab\u30fc\u30c9\u9650\u5b9a)/\u91cd\u8907\u3059\u308a\u66ff\u3048\u306a\u3057/\u767a\u5238\u524d\u306e\u305f\u3081\u672a\u5b9a""}"
wmhmudq7q6,,tvasahi-dream-festival-2026,2026-11-22,15:00,Kアリーナ横浜,paper,female,郵送,R,5.0,,,2026-09-29 01:13:18,public_alias_observed,2026-09-29 09:03:23,,,listing,2,23000,"アプグレ申し込み可能
ぴあカード最速先行当選
いかなる場合もキャンセル返金不可",True,wmhmudq7q6,2026-09-26 02:01:13,active,2026-09-29 09:25:13,,public_detail,False,public_detail,active,"アプグレ申し込み可能
ぴあカード最速先行当選
いかなる場合もキャンセル返金不可",public_detail,2026-09-29 09:25:13,True,2026-09-29 09:25:13,k8qw3X3Mpda6ZvJKsOG1,"{""isSpecified"": false, ""value"": """"}"
gdwrycf51w,,tvasahi-dream-festival-2026,2026-11-22,15:00,Kアリーナ横浜,paper,female,当日手渡し,み,5.0,,番手,2026-09-29 01:13:18,public_alias_observed,2026-09-29 09:03:23,,,listing,4,15000,"オフィシャル2次先行
2名義中2番手
アプグレ申し込み予定
(アプグレ当選時代金上乗せ)

当日は会場周辺に指定時間にお集まりいただきチケットをお渡しいたします。
チケット受け取り次第受け取り通知をお願い致します。座席へのクレームは一切お受け致しません。

詳しい集合場所、時間は公演が近くなりましたら連絡ボードにてご連絡させていただきます。また、当日電波の関係で連絡が難しくなることを考慮し、事前に当日連絡の取れる電話番号をお聞きすることもあります。また、トラブル防止のため日本人の方のみご購入をお願い致します。公演中止の際は返金対応させていただきますが、公演中止以外の理由(体調不良、エラー等)での返金は対応致しかねますのでご了承ください。

上記条件をご了承いただける方のご購入お待ちしております。",True,gdwrycf51w,2026-09-26 01:01:13,active,2026-09-29 09:25:12,,public_detail,False,public_detail,active,"オフィシャル2次先行
2名義中2番手
アプグレ申し込み予定
(アプグレ当選時代金上乗せ)

当日は会場周辺に指定時間にお集まりいただきチケットをお渡しいたします...",public_detail,2026-09-29 09:25:12,True,2026-09-29 09:25:12,k8qw3X3Mpda6ZvJKsOG1,"{""isSpecified"": false, ""value"": """"}"
52r5d0h26u,,tvasahi-dream-festival-2026,2026-11-22,15:00,Kアリーナ横浜,paper,female,当日手渡し,S,5.0,,,2026-09-29 01:13:18,public_alias_observed,2026-09-29 09:03:23,,,listing,2,25000,"いち早ぴあプレ枠にて当選
アプグレ申し込み可　
アプグレ当選時差額を当日チケットと引き換えに現金にてお渡し下さい
アプグレ落選時のキャンセルや返金不可

出演者の変更、本人確認によるランダムエラー、アプグレ落選など、公演中止以外のいかなる理由でもキャンセル・返金不可
公演中止の場合のみ手数料を引いた金額を返金いたします",True,52r5d0h26u,2026-09-26 01:01:13,active,2026-09-29 09:25:13,,public_detail,False,public_detail,active,"いち早ぴあプレ枠にて当選
アプグレ申し込み可　
アプグレ当選時差額を当日チケットと引き換えに現金にてお渡し下さい
アプグレ落選時のキャンセルや返金不可

出演者...",public_detail,2026-09-29 09:25:13,True,2026-09-29 09:25:13,k8qw3X3Mpda6ZvJKsOG1,"{""isSpecified"": false, ""value"": """"}"
6z14i5mcnj,,tvasahi-dream-festival-2026,2026-11-22,15:00,Kアリーナ横浜,pickup_number,female,分配にてお譲り,けい,5.0,,,2026-09-29 01:13:18,public_alias_observed,2026-09-29 09:03:23,,,listing,2,16500,"いち早プレリザーブ ぴあプレ枠での当選
すり替えなし
1番手でのお譲りです。

上乗せでアプグレ対応可１枚0.7でのアプグレ可能です。
希望の場合は事前にメッセージお願いいたします。

アプグレ落選時、ランダムエラー、出演者変更、ご自身の体調不良等如何なる場合も返金はいたしかねます。
公演中止等公式から返金がある場合のみ返金いたします。",True,6z14i5mcnj,2026-09-28 15:03:17,active,2026-09-29 09:25:16,,public_detail,False,public_detail,active,"いち早プレリザーブ ぴあプレ枠での当選
すり替えなし
1番手でのお譲りです。

上乗せでアプグレ対応可１枚0.7でのアプグレ可能です。
希望の場合は事前にメッセ...",public_detail,2026-09-29 09:25:16,True,2026-09-29 09:25:16,k8qw3X3Mpda6ZvJKsOG1,"{""isSpecified"": false, ""value"": """"}"
u8c46o9tkb,,tvasahi-dream-festival-2026,2026-11-23,15:00,Kアリーナ横浜,paper,none,当日手渡し,ぴよ,5.0,,番手,2026-09-29 01:13:18,public_alias_observed,2026-09-29 09:03:23,,,listing,3,0,"4名義中4番手 3連(バラ売り🉑)

チケットぴあ いち早プレリザーブ当選
全名義でアップグレード申し込み予定

チケットは①cloakにて分配または②当方で発券し当日手渡しのいずれかでお渡しいたします。(未定)


【注意事項】
※下記お読みいただき、ご理解いただける方のみご購入をお願いいたします。

・公演中止以外の理由（当日手渡しの場合の遅刻/体調不良/交通機関の乱れ/連絡がつかない等）、買い手様都合でのキャンセルや返金はできかねます。いかなる理由でも受け取り通知をしていただきますので、予めご了承ください。
・座席に関するクレームはお受け出来ません。
・公演中止の場合は規約に従い、取引キャンセル料と諸手数料を差し引いた金額を返金いたします。
・トラブル防止の為、未成年の方・日本人以外の方は購入をお控えください。

ご質問等ございましたらお気軽にご連絡ください。",True,u8c46o9tkb,2026-09-28 12:03:19,active,2026-09-29 09:25:16,,public_detail,True,on_request,active,"4名義中4番手 3連(バラ売り🉑)

チケットぴあ いち早プレリザーブ当選
全名義でアップグレード申し込み予定

チケットは①cloakにて分配または②当方で...",public_detail,2026-09-29 09:25:16,True,2026-09-29 09:25:16,k8qw3X3Mpda6ZvJKsOG1,"{""isSpecified"": false, ""value"": """"}"
fgo7n1r83t,,tvasahi-dream-festival-2026,2026-11-23,15:00,Kアリーナ横浜,electronic,female,入金後24時間以内にQRコード共有,いと,5.0,,,2026-09-29 01:13:18,public_alias_observed,2026-09-29 09:03:23,,,listing,2,9000,,True,fgo7n1r83t,2026-09-28 08:03:10,active,2026-09-29 09:25:14,,public_detail,False,public_detail,active,,public_detail,2026-09-29 09:25:14,True,2026-09-29 09:25:14,k8qw3X3Mpda6ZvJKsOG1,"{""isSpecified"": false, ""value"": """"}"
ktgy5kzu2w,,tvasahi-dream-festival-2026,2026-11-23,15:00,Kアリーナ横浜,paper,female,当日手渡し又は郵送,A,5.0,,,2026-09-29 01:13:18,public_alias_observed,2026-09-29 09:03:23,,,listing,1,20000,アプグレ不可。当日手渡し又は郵送いたします。（購入者様に選択権はございません。）本人確認対応不可。中止の場合のみ返金。チケット受け取りの際に座席のご確認お願い致します。催促される方のご購入ご遠慮ください。,True,ktgy5kzu2w,2026-09-28 04:02:53,active,2026-09-29 09:25:15,,public_detail,False,public_detail,active,アプグレ不可。当日手渡し又は郵送いたします。（購入者様に選択権はございません。）本人確認対応不可。中止の場合のみ返金。チケット受け取りの際に座席のご確認お願い致...,public_detail,2026-09-29 09:25:15,True,2026-09-29 09:25:15,k8qw3X3Mpda6ZvJKsOG1,"{""isSpecified"": false, ""value"": """"}"
kq795c1tdc,,tvasahi-dream-festival-2026,2026-11-23,15:00,Kアリーナ横浜,paper,female,当日手渡し,777,5.0,,番手,2026-09-29 01:13:18,public_alias_observed,2026-09-29 09:03:23,,,listing,1,32500,"ぴあいち早プレリザーブにて当選
2名義中2番手 
※アプグレご希望の方は当選時に差額のお支払いをお願いいたします。

・座席はお選びいただけませんのでご了承ください。
・当日こちらの指定する時間に集合して頂きます。
・公演中止以外のいかなる理由であっても返金は致しかねますのでお願いいたします。

上記ご理解頂ける方のみご購入をお願いいたします。",True,kq795c1tdc,2026-09-26 02:01:13,active,2026-09-29 09:25:15,,public_detail,False,public_detail,active,"ぴあいち早プレリザーブにて当選
2名義中2番手 
※アプグレご希望の方は当選時に差額のお支払いをお願いいたします。

・座席はお選びいただけませんのでご了承くだ...",public_detail,2026-09-29 09:25:15,True,2026-09-29 09:25:15,k8qw3X3Mpda6ZvJKsOG1,"{""isSpecified"": false, ""value"": """"}"
ereu793r9g,,tvasahi-dream-festival-2026,2026-11-23,15:00,Kアリーナ横浜,paper,female,公演日7日前までに郵送,ちぇ,5.0,,番手,2026-09-29 03:05:23,public_alias_observed,2026-09-29 03:05:23,,,listing,4,0,"オフィシャル最速先行　2名義中2番手
公演中止の場合　手数料を差引いた金額を返金致します。中止以外の返金不可。

11月18日紙チケ発券後レターパックプラス又はライトにて発送致します。受け取り次第評価の方をお願いします。",True,ereu793r9g,2026-09-26 02:01:13,inactive,2026-09-29 09:03:24,2026-09-27 09:48:30,public_detail,True,on_request,inactive,,public_detail,2026-09-29 09:03:24,True,2026-09-29 09:03:24,k8qw3X3Mpda6ZvJKsOG1,"{""isSpecified"": false, ""value"": """"}"
n67nh0raba,,tvasahi-dream-festival-2026,2026-11-21,15:00,Kアリーナ横浜,paper,none,当日手渡し,ぽぽ,5.0,,番手,2026-09-29 03:05:24,public_alias_observed,2026-09-29 03:05:24,,,listing,2,25000,"4名義中2番手
プラベル変更可能な方お値下げいたします
アプグレ当選0.7/枚上乗せ可能な方(当日現金手渡し)
本人確認対応不可
公演中止以外いかなる場合も返金不可(公演中止のみ手数料引いた金額を返金いたします)

ご質問等お気軽にお声がけ下さい",True,n67nh0raba,2026-09-26 01:01:13,inactive,2026-09-29 09:03:23,2026-09-27 09:48:30,public_detail,False,public_detail,inactive,,public_detail,2026-09-29 09:03:23,True,2026-09-29 09:03:23,k8qw3X3Mpda6ZvJKsOG1,"{""isSpecified"": false, ""value"": """"}"
k96a2rd5b3,,tvasahi-dream-festival-2026,2026-11-21,15:00,Kアリーナ横浜,paper,none,手渡し,ぽぽ,5.0,,番手 / ランダム / QR,2026-09-29 03:05:24,public_alias_observed,2026-09-29 03:05:24,,,listing,2,15000,"少人数すり替えなしランダム

手持ち名義全てアプグレ申し込み
アプグレ当選チケットお渡しの場合は0.7/枚上乗せ",True,k96a2rd5b3,2026-09-26 02:01:13,inactive,2026-09-29 09:03:23,2026-09-27 09:48:30,public_detail,False,public_detail,inactive,,public_detail,2026-09-29 09:03:23,True,2026-09-29 09:03:23,k8qw3X3Mpda6ZvJKsOG1,"{""isSpecified"": false, ""value"": """"}"
ilfuwvperl,,kamigata-expo-park-fes-2026,2026-10-31,,[大阪府] 万博記念公園,electronic,female,公演日前日にQRコード共有,re,5.0,,QR,2026-09-29 07:03:16,scrape_observed,2026-09-29 09:03:20,,,listing,1,0,"ジュニア名義/QRごと/該当名義/重複すり替え無し/下3桁提示可/有効期限内/

⚠️途中で退場予定の方はご購入お控えください(当日半券回収があった場合)

公演前日にログインに必要な情報を連絡ボードにてお伝えします。

※ランダムエラー、出演者の欠席、交通機関の遅延、購入者様のご予定や体調によるキャンセル等、公演中止以外は返金いたしかねます。
受け取り評価をしていただきます。

入場後は速やかにログアウト、受け取り連絡をお願い致します。",True,ilfuwvperl,2026-09-29 07:03:16,active,2026-09-29 09:15:04,,public_detail,True,on_request,active,"ジュニア名義/QRごと/該当名義/重複すり替え無し/下3桁提示可/有効期限内/

⚠️途中で退場予定の方はご購入お控えください(当日半券回収があった場合)

公...",public_detail,2026-09-29 09:15:04,True,2026-09-29 09:15:04,1Cl2VvDmJVZqGnDqCyq0,"{""isSpecified"": false, ""value"": """"}"
