ticket_id,created_at_unix,event_id,perf_date,perf_time,venue,ticket_type,name_type,delivery_method,seller_name,seller_rating,order_num,ticket_tags,first_observed_at,first_observed_source,last_observed_at,sold_at,sold_at_source,status,quantity,price,raw_description,details_fetched,canonical_ticket_id,identity_first_observed_at,observation_state,state_checked_at,absence_first_observed_at,status_source,is_price_on_request,price_source,public_ticket_status
sold_key-to-lit-arena-tour-2026-neo-classics_1781021921263_35000,1781021921263,key-to-lit-arena-tour-2026-neo-classics,2026-10-03,18:00,マリンメッセ福岡 A館,electronic,female,同行,,,,,2026-06-09 16:18:41,,2026-09-04 18:01:17,2026-08-27 07:17:28,,sold,1,35000,"2連中1枚/本人確認可/初期当選/有効期限内/重複すり替えなし/下三桁提示可/佐々木担不可
当方(20↑/佐々木担)との同行です。
ご本人様の情報で同行者登録を...",False,,,,,,,,,
sold_key-to-lit-arena-tour-2026-neo-classics_1784194113127_10000,1784194113127,key-to-lit-arena-tour-2026-neo-classics,2026-10-03,18:00,マリンメッセ福岡 A館,electronic,female,同行,,,,,2026-07-16 09:28:33,,2026-09-04 18:01:17,2026-08-27 07:17:28,,sold,1,10000,"すり替えなしランダム配布 下3桁提示可 条件あり 座席未定 座席選択不可 代理購入不可 

 すり替えなしランダム配布になりますので最後までご理解いただきご購入...",False,,,,,,,,,
qtwd9dp7e2,1787196947162,key-to-lit-arena-tour-2026-neo-classics,2026-10-03,18:00,マリンメッセ福岡 A館,electronic,female,番手渡し,,,,QR番手,2026-08-20 03:35:47,,2026-09-04 18:01:17,2026-08-27 10:01:13,,sold,1,45000,"開場10分前に集合し、同時入場をお願いします。
チケット詳細は、初期当選、復活当選含む4名義中2番手になります。（単番3、連番1 全て非該当）
入場後チケットを全て回収し、座席を確認させていただきます。
確認後すぐにお渡しします。
主催者側の公演中止以外の返金は出来ませんのでご了承ください。（ランエラや遅刻等）
コメントをする（0）
コメント欄はOFFです
出品者への質問はメッセージで行いましょう。
売り切れ
ホーム
出品
検討中
ひろば
メッセージ
マイページ
このチケットは売り切れました
この出品はすでに購入されています。同じ日程の他のチケットをご覧ください。
同日程のチケットを探す
チケテン！
ライブ中の席交換もできる総合チケットサイト。安全な取引をサポートします。
ホーム
マイページ
お問い合わせ
お知らせ
使い方ガイド
コラム
Magazine
提携メディア
利用規約
プライバシーポリシー
特定商取引法に基づく表記
チケット不正転売禁止法について
手数料
© 2025 Wakuste LLC. All rights reserved.
ホーム
出品
検討中
ひろば
メッセージ
マイページ",True,,,,,,,,,
sold_key-to-lit-arena-tour-2026-neo-classics_1784126723866_40000,1784126723866,key-to-lit-arena-tour-2026-neo-classics,2026-10-03,18:00,マリンメッセ福岡 A館,electronic,female,公演前日にログイン情報,,,,,2026-07-15 14:45:23,,2026-09-04 18:01:17,2026-08-27 07:17:28,,sold,2,40000,"初期当選/QRごと/該当名義ボタンあり/重複すり替えなし/下3桁提示可能/有効期限内/着ブロなし/同行者登録可能/


・入金確認後に下3桁提示可能
・公演前日...",False,,,,,,,,,
sold_key-to-lit-arena-tour-2026-neo-classics_1780250499118_23000,1780250499118,key-to-lit-arena-tour-2026-neo-classics,2026-10-03,18:00,マリンメッセ福岡 A館,electronic,female,同行,,,,,2026-05-31 18:01:39,,2026-09-04 18:01:17,2026-08-27 07:17:28,,sold,1,23000,"2名義中2番手/該当/すり替えなし/本人確認対応不可/下三桁提示可能/初期当選/有効期限内/サイチェン可

・当日は開場10分前に会場付近にて待ち合わせの上、同...",False,,,,,,,,,
sold_key-to-lit-arena-tour-2026-neo-classics_1781963467984_25853,1781963467984,key-to-lit-arena-tour-2026-neo-classics,2026-10-03,18:00,マリンメッセ福岡 A館,electronic,female,公演前日に情報提示,,,,,2026-06-20 13:51:07,,2026-09-04 18:01:17,2026-08-27 07:17:28,,sold,2,25853,"天候や交通の乱れ、体調不良、ランダムエラーその他如何なる場合での返金対応不可。公演中止の場合は手数料を差し引いた金額を返金いたします。
双方同意済み",False,,,,,,,,,
jiaguirykb,1787801179243,key-to-lit-arena-tour-2026-neo-classics,2026-10-03,18:00,マリンメッセ福岡 A館,electronic,female,同行,m,5.0,,同行ランダム,2026-08-27 03:26:19,,2026-09-04 18:01:17,2026-08-28 08:01:11,transition_observed,sold,1,7000,"当方が座席を選択した後、残ったチケットをランダムでお渡し致します。
ご購入様にお席をお選び頂くことはできません。

発券後、一度チケットを全て回収させていただき...",True,,,,,,,,,
sold_key-to-lit-arena-tour-2026-neo-classics_1783029323822_18000,1783029323822,key-to-lit-arena-tour-2026-neo-classics,2026-10-03,18:00,マリンメッセ福岡 A館,electronic,none,6名義中3番手2連中の1枚,,,,,2026-07-02 21:55:23,,2026-09-04 18:01:17,2026-08-27 07:17:28,,sold,1,18000,情報局先行 座席未定/6名義中3番手2連中の1枚/渡辺惟良担と同行/該当のみ/有効期限内/変更ボタン有/会員番号下3桁提示可/初期当選5名義復活当選1名義の計6...,False,,,,,,,,,
sold_key-to-lit-arena-tour-2026-neo-classics_1784557435880_20000,1784557435880,key-to-lit-arena-tour-2026-neo-classics,2026-10-03,18:00,マリンメッセ福岡 A館,electronic,female,公演日前日にQRコード共有,,,,,2026-07-20 14:23:55,,2026-09-04 18:01:17,2026-08-27 07:17:28,,sold,2,20000,"情報局先行 座席未定/QRごと/すり替えなし/下3桁提示可/初期当選/該当(ボタンあり)・有効期限内名義/同行者登録可能

・前日にログイン情報をお送りいたしま...",False,,,,,,,,,
sold_key-to-lit-arena-tour-2026-neo-classics_1780026766866_30000,1780026766866,key-to-lit-arena-tour-2026-neo-classics,2026-10-03,18:00,マリンメッセ福岡 A館,electronic,female,公演日2日前までにQRコード共有,,,,,2026-05-29 03:52:46,,2026-09-04 18:01:17,2026-08-27 07:17:28,,sold,2,30000,"QRごと/該当名義変更ボタン有り/初期当選/有効期限内/すり替えなし重複なし下3桁提示可/着ブロ希望なし/クレカ以外決済

ご購入後、下3桁をお伝えします。
公...",False,,,,,,,,,
sold_key-to-lit-arena-tour-2026-neo-classics_1781680765336_9000,1781680765336,key-to-lit-arena-tour-2026-neo-classics,2026-10-03,18:00,マリンメッセ福岡 A館,electronic,female,同行,,,,,2026-06-17 07:19:25,,2026-09-04 18:01:17,2026-08-27 07:17:28,,sold,2,9000,"同時入場後、一旦回収させて頂きランダムに配布させて頂きます。座席選択はできませんのでご了承ください。
またランダム配布の為下3桁をお伝えすることはできませんご了...",False,,,,,,,,,
sold_key-to-lit-arena-tour-2026-neo-classics_1780316824018_18000,1780316824018,key-to-lit-arena-tour-2026-neo-classics,2026-10-03,18:00,マリンメッセ福岡 A館,electronic,female,同行,,,,,2026-06-01 12:27:04,,2026-09-04 18:01:17,2026-08-27 07:17:28,,sold,2,18000,"2名義中2番手/該当/すり替えなし/本人確認対応不可/下三桁提示可能/初期当選/有効期限内/サイチェン可

・当日は開場10分前に会場付近にて待ち合わせの上、同...",False,,,,,,,,,
sold_key-to-lit-arena-tour-2026-neo-classics_1780022423974_15000,1780022423974,key-to-lit-arena-tour-2026-neo-classics,2026-10-03,18:00,マリンメッセ福岡 A館,electronic,female,前日までにログイン情報共有,,,,,2026-05-29 02:40:23,,2026-09-04 18:01:17,2026-08-27 07:17:28,,sold,2,15000,"値下げ可。即1.5/枚
初期当選/QR毎/すり替えなし/下3桁提示可能/該当

公演日前日にログイン情報を共有致します。同行者登録はご購入者様自身でお願い致しま...",False,,,,,,,,,
sold_key-to-lit-arena-tour-2026-neo-classics_1786201591864_8000,1786201591864,key-to-lit-arena-tour-2026-neo-classics,2026-10-03,18:00,マリンメッセ福岡 A館,electronic,female,ランダム配布,,,,,2026-08-08 15:06:31,,2026-09-04 18:01:17,2026-08-27 07:17:28,,sold,1,8000,"ランダム配布(ランダム配布にご理解のある方のみご購入お願いします。)

公演当日、開場時間の45分前に会場付近にて待ち合わせを予定しております。(待ち合わせ時間...",False,,,,,,,,,
sold_key-to-lit-arena-tour-2026-neo-classics_1787320650132_50000,1787320650132,key-to-lit-arena-tour-2026-neo-classics,2026-10-03,18:00,マリンメッセ福岡 A館,electronic,female,公演日までにQRコード共有,,,,,2026-08-21 13:57:30,,2026-09-04 18:01:17,2026-08-27 07:17:28,,sold,1,50000,"該当、単番、期限内、エラーなし、初期当選

他に気になる点ございましたらご連絡ください！",False,,,,,,,,,
sold_key-to-lit-arena-tour-2026-neo-classics_1783086077494_10000,1783086077494,key-to-lit-arena-tour-2026-neo-classics,2026-10-03,18:00,マリンメッセ福岡 A館,electronic,female,同時入場,,,,,2026-07-03 13:41:17,,2026-09-04 18:01:17,2026-08-27 07:17:28,,sold,2,10000,"6名義中5番手
全て該当名義/有効期限内／変更ボタン有/すり替えなし/下3桁提示可

当日指定したお時間に集合し、同時入場をしていただきます。
入場の際、QRの...",False,,,,,,,,,
sold_key-to-lit-arena-tour-2026-neo-classics_1780023600280_15000,1780023600280,key-to-lit-arena-tour-2026-neo-classics,2026-10-03,18:00,マリンメッセ福岡 A館,electronic,female,公演前日までにログイン情報共有,,,,,2026-05-29 03:00:00,,2026-09-04 18:01:17,2026-08-27 07:17:28,,sold,2,15000,"値下げ可。即1.5/枚
初期当選/QR毎/すり替えなし/下3桁提示可能/該当

公演日前日にログイン情報を共有致します。同行者登録はご購入者様自身でお願い致しま...",False,,,,,,,,,
sold_key-to-lit-arena-tour-2026-neo-classics_1782961725901_10000,1782961725901,key-to-lit-arena-tour-2026-neo-classics,2026-10-03,18:00,マリンメッセ福岡 A館,electronic,female,同行,,,,,2026-07-02 03:08:45,,2026-09-04 18:01:17,2026-08-27 07:17:28,,sold,1,10000,"2名義中2番手/全て初期当選/該当名義/下3桁提示可能/有効期限内/PayPay支払い/すり替え無し


当日会場付近にて集合、同時入場致します。
場所時間詳細...",False,,,,,,,,,
sold_key-to-lit-arena-tour-2026-neo-classics_1780028301109_15000,1780028301109,key-to-lit-arena-tour-2026-neo-classics,2026-10-03,18:00,マリンメッセ福岡 A館,electronic,female,少数ランダム,,,,,2026-05-29 04:18:21,,2026-09-04 18:01:17,2026-08-27 07:17:28,,sold,2,15000,"公演当日、開場15分前に会場付近にて待ち合わせ、同時入場して頂きます。
お連れ様と別れて入場していただく場合がございますが、連番でご購入された際には必ず連番のチ...",False,,,,,,,,,
sold_key-to-lit-arena-tour-2026-neo-classics_1781520651256_6000,1781520651256,key-to-lit-arena-tour-2026-neo-classics,2026-10-03,18:00,マリンメッセ福岡 A館,electronic,female,6名義中6番手,,,,,2026-06-15 10:50:51,,2026-09-04 18:01:17,2026-08-27 07:17:28,,sold,2,6000,情報局先行 座席未定/6名義中6番手/該当のみ/有効期限内/変更ボタン有/会員番号下3桁提示可/5/29当選発表分5名義復活当選1名義の計6名義/公演中止時のみ...,False,,,,,,,,,
sold_key-to-lit-arena-tour-2026-neo-classics_1780028540951_28000,1780028540951,key-to-lit-arena-tour-2026-neo-classics,2026-10-03,18:00,マリンメッセ福岡 A館,electronic,female,公演日1日前までにログイン情報をお伝えいたします。,,,,,2026-05-29 04:22:20,,2026-09-04 18:01:17,2026-08-27 07:17:28,,sold,2,28000,"QRごと/該当名義/変更ボタンあり/初期当選/有効期限内/下3桁提示可能/発送物戻りなし/すりかえなし/着ブロ希望なし/Pay-easy決済

・公演前日までに...",False,,,,,,,,,
sold_key-to-lit-arena-tour-2026-neo-classics_1780072859440_5800,1780072859440,key-to-lit-arena-tour-2026-neo-classics,2026-10-03,18:00,マリンメッセ福岡 A館,electronic,female,同行,,,,,2026-05-29 16:40:59,,2026-09-04 18:01:17,2026-08-27 07:17:28,,sold,1,5800,"座席未定 ランダム配布 条件あり 座席選択不可 代理購入不可 

 ランダム配布になりますので最後までご理解いただきご購入ください。  

・複数名義所持してお...",False,,,,,,,,,
sold_key-to-lit-arena-tour-2026-neo-classics_1787333404604_13000,1787333404604,key-to-lit-arena-tour-2026-neo-classics,2026-10-03,18:00,マリンメッセ福岡 A館,electronic,female,ランダム配布,,,,,2026-08-21 17:30:04,,2026-09-04 18:01:17,2026-08-27 07:17:28,,sold,2,13000,"2連確約ランダム配布(ランダム配布にご理解のある方のみご購入お願いします。)

公演当日、開場時間の45分前に会場付近にて待ち合わせを予定しております。(待ち合...",False,,,,,,,,,
sold_key-to-lit-arena-tour-2026-neo-classics_1780029816294_7500,1780029816294,key-to-lit-arena-tour-2026-neo-classics,2026-10-03,18:00,マリンメッセ福岡 A館,electronic,female,指定席のみランダム配布,,,,,2026-05-29 04:43:36,,2026-09-04 18:01:17,2026-08-27 07:17:28,,sold,2,7500,"ランダム配布ご理解いただける方のみご購入お願いします。初めての方も最後まで丁寧に対応いたします。

5名義以内での入場になります。
開場~30分前に会場付近に集...",False,,,,,,,,,
sold_key-to-lit-arena-tour-2026-neo-classics_1784128040076_6000,1784128040076,key-to-lit-arena-tour-2026-neo-classics,2026-10-03,18:00,マリンメッセ福岡 A館,electronic,none,座席未定　条件あり　ランダム配布,,,,,2026-07-15 15:07:20,,2026-09-04 18:01:17,2026-08-27 07:17:28,,sold,1,6000,"複数名義所持しているため、同時入場後に1度チケットを回収させていただき、当方が座席選択後にランダムに配布します。

チケットの選択にお時間をいただきますのであら...",False,,,,,,,,,
sold_key-to-lit-arena-tour-2026-neo-classics_1781842052725_10000,1781842052725,key-to-lit-arena-tour-2026-neo-classics,2026-10-03,18:00,マリンメッセ福岡 A館,electronic,female,当日,,,,,2026-06-19 04:07:32,,2026-09-04 18:01:17,2026-08-27 07:17:28,,sold,2,10000,"2名義中2番手/初期当選/該当名義/着ブロ無/下3桁提示可能

公演中止以外の返金不可（ランエラ、遅刻、トラブルなど全て）",False,,,,,,,,,
sold_key-to-lit-arena-tour-2026-neo-classics_1785072975368_18614,1785072975368,key-to-lit-arena-tour-2026-neo-classics,2026-10-03,18:00,マリンメッセ福岡 A館,pickup_number,female,同行,,,,,2026-07-26 13:36:15,,2026-09-04 18:01:17,2026-08-27 07:17:28,,sold,1,18614,"【専用】
2名義中1番手/該当/すり替えなし/下三桁提示可能/初期当選/有効期限内/サイチェン可

残り当日手渡し有り

・当日は開場10分前に会場付近にて待ち...",False,,,,,,,,,
sold_key-to-lit-arena-tour-2026-neo-classics_1785836108675_25000,1785836108675,key-to-lit-arena-tour-2026-neo-classics,2026-10-03,18:00,マリンメッセ福岡 A館,electronic,female,同時入場,,,,,2026-08-04 09:35:08,,2026-09-04 18:01:17,2026-08-27 07:17:28,,sold,1,25000,"FC初期当選/3名義中2番手/同行者登録可/有効期限内/該当×2 非該当×1/重複・すり替えなし/下3桁提示可

公演当日開場時間15分前を目安に会場付近で集合...",False,,,,,,,,,
sold_key-to-lit-arena-tour-2026-neo-classics_1780361058041_3102,1780361058041,key-to-lit-arena-tour-2026-neo-classics,2026-10-03,18:00,マリンメッセ福岡 A館,electronic,female,同行,,,,,2026-06-02 00:44:18,,2026-09-04 18:01:17,2026-08-27 07:17:28,,sold,1,3102,"3名義中2番手 1枚 1.0
アプリ通し（3000）+当日手渡し分（7000）
すり替えなし/下三桁提示可能/該当･非該当含む

当日は所定の場所にて集合した後...",False,,,,,,,,,
sold_key-to-lit-arena-tour-2026-neo-classics_1786764959784_50000,1786764959784,key-to-lit-arena-tour-2026-neo-classics,2026-10-03,18:00,マリンメッセ福岡 A館,electronic,female,公演前日にログイン情報をお渡しします。,,,,,2026-08-15 03:35:59,,2026-09-04 18:01:17,2026-08-27 07:17:28,,sold,2,50000,QRごと/初期当選/期限内名義/変更ボタンあり/女性名義/下三桁提示可能,False,,,,,,,,,
sold_key-to-lit-arena-tour-2026-neo-classics_1780072950100_8273,1780072950100,key-to-lit-arena-tour-2026-neo-classics,2026-10-03,18:00,マリンメッセ福岡 A館,electronic,female,同行,,,,,2026-05-29 16:42:30,,2026-09-04 18:01:17,2026-08-27 07:17:28,,sold,2,8273,"座席未定 ランダム配布 条件あり 座席選択不可 代理購入不可 

 ランダム配布になりますので最後までご理解いただきご購入ください。  

・複数名義所持してお...",False,,,,,,,,,
sold_key-to-lit-arena-tour-2026-neo-classics_1786981552842_7000,1786981552842,key-to-lit-arena-tour-2026-neo-classics,2026-10-03,18:00,マリンメッセ福岡 A館,electronic,none,ランダム配布,,,,,2026-08-17 15:45:52,,2026-09-04 18:01:17,2026-08-27 07:17:28,,sold,1,7000,"複数名義所持しているため、同時入場後に1度チケットを回収させていただき、当方が座席選択後にランダムに配布します。

チケットの選択にお時間をいただきますのであら...",False,,,,,,,,,
sold_key-to-lit-arena-tour-2026-neo-classics_1784925724526_32000,1784925724526,key-to-lit-arena-tour-2026-neo-classics,2026-10-03,18:00,マリンメッセ福岡 A館,electronic,female,入金後24時間以内にQRコード共有,,,,,2026-07-24 20:42:04,,2026-09-04 18:01:17,2026-08-27 07:17:28,,sold,2,32000,"初期当選/QRごと/該当名義/変更ボタンあり/有効期限内

・公演前日にQR表示のためのログイン情報を提示します
・入場後は速やかに受け取り評価をお願いいたしま...",False,,,,,,,,,
sold_key-to-lit-arena-tour-2026-neo-classics_1783831435064_41000,1783831435064,key-to-lit-arena-tour-2026-neo-classics,2026-10-03,18:00,マリンメッセ福岡 A館,electronic,female,公演前日夜にログイン情報提示,,,,,2026-07-12 04:43:55,,2026-09-04 18:01:17,2026-08-27 07:17:28,,sold,1,41000,"情報局先行 座席未定/QRごと/すり替えなし/下3桁提示可/初期当選/該当(ボタンあり)・有効期限内名義

・前日夜にログイン情報をお送りいたします。座席に関し...",False,,,,,,,,,
sold_key-to-lit-arena-tour-2026-neo-classics_1782021690420_40000,1782021690420,key-to-lit-arena-tour-2026-neo-classics,2026-10-03,18:00,マリンメッセ福岡 A館,electronic,female,公演日前日夜までにログイン情報共有,,,,,2026-06-21 06:01:30,,2026-09-04 18:01:17,2026-08-27 07:17:28,,sold,2,40000,"QRごと/すり替え重複なし/該当/有効期限内/下3桁提示/同行者登録可

公演前日にログイン情報お伝えします。


公演中止時のみ返金します。
体調不良やランダ...",False,,,,,,,,,
sold_key-to-lit-arena-tour-2026-neo-classics_1780072912788_6205,1780072912788,key-to-lit-arena-tour-2026-neo-classics,2026-10-03,18:00,マリンメッセ福岡 A館,electronic,female,同行,,,,,2026-05-29 16:41:52,,2026-09-04 18:01:17,2026-08-27 07:17:28,,sold,1,6205,"座席未定 ランダム配布 条件あり 座席選択不可 代理購入不可 

 ランダム配布になりますので最後までご理解いただきご購入ください。  

・複数名義所持してお...",False,,,,,,,,,
sold_key-to-lit-arena-tour-2026-neo-classics_1780155466517_20000,1780155466517,key-to-lit-arena-tour-2026-neo-classics,2026-10-03,18:00,マリンメッセ福岡 A館,electronic,female,重複なし同行,,,,,2026-05-30 15:37:46,,2026-09-04 18:01:17,2026-08-27 07:17:28,,sold,1,20000,"該当名義同行/すり替えなし/サイチェン可/有効期限内/下3桁提示可/猪狩担不可

当日開場20分前に集合場所にお集まりいただき、同時入場いたします。チケットを回...",False,,,,,,,,,
sold_key-to-lit-arena-tour-2026-neo-classics_1780451944381_10000,1780451944381,key-to-lit-arena-tour-2026-neo-classics,2026-10-03,18:00,マリンメッセ福岡 A館,electronic,female,同行,,,,,2026-06-03 01:59:04,,2026-09-04 18:01:17,2026-08-27 07:17:28,,sold,2,10000,"3名義中3番手  
該当名義、下3桁提示可能",False,,,,,,,,,
sold_key-to-lit-arena-tour-2026-neo-classics_1787334050659_18000,1787334050659,key-to-lit-arena-tour-2026-neo-classics,2026-10-03,18:00,マリンメッセ福岡 A館,electronic,female,早渡しランダム配布,,,,,2026-08-21 17:40:50,,2026-09-04 18:01:17,2026-08-27 07:17:28,,sold,2,18000,"2連確約早渡しランダム配布(ランダム配布にご理解のある方のみご購入お願いします。)
開演30分前渡し

公演当日、開場時間の45分前に会場付近にて待ち合わせを予...",False,,,,,,,,,
sold_key-to-lit-arena-tour-2026-neo-classics_1781600822413_14000,1781600822413,key-to-lit-arena-tour-2026-neo-classics,2026-10-03,18:00,マリンメッセ福岡 A館,electronic,female,6名義中4番手,,,,,2026-06-16 09:07:02,,2026-09-04 18:01:17,2026-08-27 07:17:28,,sold,2,14000,情報局先行 座席未定/6名義中4番手/該当のみ/有効期限内/変更ボタン有/会員番号下3桁提示可/5/29当選発表分5名義復活当選1名義の計6名義/公演中止時のみ...,False,,,,,,,,,
sold_key-to-lit-arena-tour-2026-neo-classics_1780053355971_10000,1780053355971,key-to-lit-arena-tour-2026-neo-classics,2026-10-03,18:00,マリンメッセ福岡 A館,electronic,female,公演二日前にログイン情報をお伝えします,,,,,2026-05-29 11:15:55,,2026-09-04 18:01:17,2026-08-27 07:17:28,,sold,2,10000,"⚠️期限内に支払い番号お伝えしますので定価分(2連分)お支払いできる方のみご購入ください。【定価+手数料➕1.0/枚】です。

すり替えなし、QRごとのお譲りで...",False,,,,,,,,,
sold_key-to-lit-arena-tour-2026-neo-classics_1787053158463_15000,1787053158463,key-to-lit-arena-tour-2026-neo-classics,2026-10-03,18:00,マリンメッセ福岡 A館,electronic,female,同行,,,,,2026-08-18 11:39:18,,2026-09-04 18:01:17,2026-08-27 07:17:28,,sold,2,15000,"【ランダム配布にご理解ある方のみご購入お願い致します】
同時入場後、ランダムでチケットをお渡しさせて頂きます。
ご自身での座席選択はできかねますのでご了承くださ...",False,,,,,,,,,
sold_key-to-lit-arena-tour-2026-neo-classics_1781248728416_25000,1781248728416,key-to-lit-arena-tour-2026-neo-classics,2026-10-03,18:00,マリンメッセ福岡 A館,electronic,female,公演日1日前までにQRコード共有,,,,,2026-06-12 07:18:48,,2026-09-04 18:01:17,2026-08-27 07:17:28,,sold,2,25000,"QRごと/初期当選/有効期限内/下3桁提示可能/すりかえなし
・当選時該当名義ですが、公演日までに非該当へ変更予定あります。
・公演日前日までにログインに必要な...",False,,,,,,,,,
w7dfxrpbox,1787028624922,key-to-lit-arena-tour-2026-neo-classics,2026-10-03,18:00,マリンメッセ福岡 A館,electronic,female,公演２日前にログイン情報を提示いたします。,む,4.4,,QR,2026-08-18 04:50:24,,2026-08-27 19:01:09,,,deleted,2,68000,"QR毎/すり替え無し/下3桁提示可/初期当選/有効期限内/非該当名義/着ブロ希望無し
公演前日にログイン情報を連絡ボードにてお伝えいたします。
同行者登録はご自身でお願いいたします。
座席に関するクレームは一切お受けいたしません。
入場後は速やかにログアウトし、受取連絡をお願いいたします。
本人確認、各種エラー、公共交通機関の乱れ、体調不良、出演者の変更等、公演中止以外のいかなる理由でもキャンセルや返金はいたしかねます。
公演中止の場合のみサ手数料を差し引いた金額を返金いたします。
全てご了承いただける方のみご購入をお願いいたします。",True,,,,,,,,,
sold_key-to-lit-arena-tour-2026-neo-classics_1780142583189_30000,1780142583189,key-to-lit-arena-tour-2026-neo-classics,2026-10-03,18:00,マリンメッセ福岡 A館,electronic,female,手渡し,,,,,2026-05-30 12:03:03,,2026-09-04 18:01:17,2026-08-27 07:17:28,,sold,1,30000,"2名義中1番手／該当名義/有効期限内／下3桁提示可能/着ブロ指定なし

座席未定のため、お席に関するクレームは一切受け付けません。体調不良、システムエラ、ランダ...",False,,,,,,,,,
sold_key-to-lit-arena-tour-2026-neo-classics_1781001377223_15000,1781001377223,key-to-lit-arena-tour-2026-neo-classics,2026-10-03,18:00,マリンメッセ福岡 A館,electronic,female,4名義中4番手,,,,,2026-06-09 10:36:17,,2026-09-04 18:01:17,2026-08-27 07:17:28,,sold,2,15000,"期限内該当名義/4名義すべて初期当選/変ボ有/下3桁提示可/すり替えなし

公演1週間前までに連絡先の交換をお願いします。（携帯番号の交換優先）

公演当日：開...",False,,,,,,,,,
sold_key-to-lit-arena-tour-2026-neo-classics_1783663427388_15000,1783663427388,key-to-lit-arena-tour-2026-neo-classics,2026-10-03,18:00,マリンメッセ福岡 A館,electronic,female,同行,,,,,2026-07-10 06:03:47,,2026-09-04 18:01:17,2026-08-27 07:17:28,,sold,1,15000,"【4名義中3番手のお譲り。条件あり】全て初期当選/該当名義（変更ボタンあり）/すり替えなし/有効期限内/下3桁提示可
 
※以下の取引方法の説明と注意事項を必ず...",False,,,,,,,,,
t1lydh32ad,1787733640208,key-to-lit-arena-tour-2026-neo-classics,2026-10-03,18:00,マリンメッセ福岡 A館,electronic,female,入金後24時間以内にQRコード共有,取引,5.0,,同行QR,2026-08-26 08:40:40,,2026-08-27 16:01:18,,,deleted,2,40000,"QRごとのお譲りとなります。該当名義、変更ボタンあり、有効期限内。同行者登録可能。必ず申請前にコメントください。
公演中止以外返金不可です。",True,,,,,,,,,
sold_key-to-lit-arena-tour-2026-neo-classics_1782095555178_6000,1782095555178,key-to-lit-arena-tour-2026-neo-classics,2026-10-03,18:00,マリンメッセ福岡 A館,electronic,female,同時入場,,,,,2026-06-22 02:32:35,,2026-09-04 18:01:17,2026-08-27 07:17:28,,sold,1,6000,"入場時のエラー等で入場ができなかった場合は全額返金いたします。

発券後半券を一度お預かりいたします。
お渡しできる半券がご用意でき次第お渡しします。
開演時間...",False,,,,,,,,,
xcwb8swz07,1787743928334,key-to-lit-arena-tour-2026-neo-classics,2026-10-03,18:00,マリンメッセ福岡 A館,electronic,female,入金後24時間以内にQRコード共有,取引,5.0,,QR,2026-08-26 11:32:08,,2026-08-27 16:01:18,,,deleted,2,35000,"QRごとのお譲りとなります。該当名義、変更ボタンあり、有効期限内。同行者登録可能。下3桁提示可能。
公演中止以外返金不可となります。",True,,,,,,,,,
sold_key-to-lit-arena-tour-2026-neo-classics_1783086157422_5000,1783086157422,key-to-lit-arena-tour-2026-neo-classics,2026-10-03,18:00,マリンメッセ福岡 A館,electronic,female,同時入場,,,,,2026-07-03 13:42:37,,2026-09-04 18:01:17,2026-08-27 07:17:28,,sold,2,5000,"6名義中6番手
全て該当名義/有効期限内／変更ボタン有/すり替えなし/下3桁提示可
当日指定したお時間に集合し、同時入場をしていただきます。
入場の際、QRの表...",False,,,,,,,,,
sold_key-to-lit-arena-tour-2026-neo-classics_1786439488699_22000,1786439488699,key-to-lit-arena-tour-2026-neo-classics,2026-10-03,18:00,マリンメッセ福岡 A館,electronic,female,同行,,,,,2026-08-11 09:11:28,,2026-09-04 18:01:17,2026-08-27 07:17:28,,sold,2,22000,情報局先行 座席未定/2名義中2番手/該当名義/有効期限内/会員番号下3桁提示可/公演中止時のみ各種手数料を差し引いた金額を返金します,False,,,,,,,,,
sold_key-to-lit-arena-tour-2026-neo-classics_1780029976844_12000,1780029976844,key-to-lit-arena-tour-2026-neo-classics,2026-10-03,18:00,マリンメッセ福岡 A館,electronic,female,同時入場,,,,,2026-05-29 04:46:16,,2026-09-04 18:01:17,2026-08-27 07:17:28,,sold,2,12000,"少人数ランダムとなります。連番でご購入いただいた場合は連番でお渡しします。

・公演当日、開場30分前を目安に会場付近で待ち合わせをし、同時入場していただきます...",False,,,,,,,,,
sold_key-to-lit-arena-tour-2026-neo-classics_1786686470761_17000,1786686470761,key-to-lit-arena-tour-2026-neo-classics,2026-10-03,18:00,マリンメッセ福岡 A館,electronic,female,QR毎,,,,,2026-08-14 05:47:50,,2026-09-04 18:01:17,2026-08-27 07:17:28,,sold,2,17000,"QR毎/FC先行/初期当選/非該当/下3桁提示可能/期限切れ名義

お取引確認後 LINE名前電話番号の交換
同行者登録は買い手の方でお願い致します。公演前日に...",False,,,,,,,,,
sold_key-to-lit-arena-tour-2026-neo-classics_1787491326761_48000,1787491326761,key-to-lit-arena-tour-2026-neo-classics,2026-10-03,18:00,マリンメッセ福岡 A館,electronic,female,入金後3時間以内にQRコード共有,,,,,2026-08-23 13:22:06,,2026-09-04 18:01:17,2026-08-27 07:17:28,,sold,2,48000,"情報局先行 KEY TO LIT 井上瑞稀名義 初期当選 指定席 2枚申し込み QRごとのお譲り 条件ございません 座席未定

情報局先行 ２枚申込みでの当選し...",False,,,,,,,,,
sold_key-to-lit-arena-tour-2026-neo-classics_1787627691944_15000,1787627691944,key-to-lit-arena-tour-2026-neo-classics,2026-10-03,18:00,マリンメッセ福岡 A館,electronic,female,同行,,,,,2026-08-25 03:14:51,,2026-09-04 18:01:17,2026-08-27 07:17:28,,sold,1,15000,"【4名義中3番手のお譲り。条件あり】全て初期当選/該当名義（変更ボタンあり）/すり替えなし/有効期限内/下3桁提示可
 
※以下の取引方法の説明と注意事項を必ず...",False,,,,,,,,,
sold_key-to-lit-arena-tour-2026-neo-classics_1785885964987_20000,1785885964987,key-to-lit-arena-tour-2026-neo-classics,2026-10-03,18:00,マリンメッセ福岡 A館,electronic,female,同行,,,,,2026-08-04 23:26:04,,2026-09-04 18:01:17,2026-08-27 07:17:28,,sold,2,20000,"2名義中2番手
該当名義/有効期限内/変更ボタン有/すり替えなし/下3桁提示可

当日指定した時間に集合し、同時入場をしていただきます。
事前に電話番号をお伺い...",False,,,,,,,,,
sold_key-to-lit-arena-tour-2026-neo-classics_1780024460264_0,1780024460264,key-to-lit-arena-tour-2026-neo-classics,2026-10-03,18:00,マリンメッセ福岡 A館,electronic,female,同行,,,,,2026-05-29 03:14:20,,2026-09-04 18:01:17,2026-08-27 07:17:28,,sold,1,0,"初期当選/該当名義
すり替えなし 当方の同行です。
本確対応可。同行者登録をお願いいたします。
井上担不可。
入場後はご自由にしていただいて構いません。
公演中...",False,,,,,,,,,
sold_key-to-lit-arena-tour-2026-neo-classics_1781174387311_6000,1781174387311,key-to-lit-arena-tour-2026-neo-classics,2026-10-03,18:00,マリンメッセ福岡 A館,electronic,female,同行,,,,,2026-06-11 10:39:47,,2026-09-04 18:01:17,2026-08-27 07:17:28,,sold,1,6000,"複数名義所持、少人数ランダム配布
購入者様が座席をお選びいただくことはできませんのでご了承ください。

※以下の取引方法の説明と注意事項を必ずご確認ください...",False,,,,,,,,,
sold_key-to-lit-arena-tour-2026-neo-classics_1780024434580_35000,1780024434580,key-to-lit-arena-tour-2026-neo-classics,2026-10-03,18:00,マリンメッセ福岡 A館,electronic,female,公演日3日前までにログイン情報共有,,,,,2026-05-29 03:13:54,,2026-09-04 18:01:17,2026-08-27 07:17:28,,sold,2,35000,"QR毎/初期当選/すり替え,重複なし/下3桁掲示可/同行者登録可/有効期限内/非該当名義(変更ボタン有)/着ブロ希望なし

・公演の3日前までにログイン情報をお...",False,,,,,,,,,
sold_key-to-lit-arena-tour-2026-neo-classics_1783663310735_9000,1783663310735,key-to-lit-arena-tour-2026-neo-classics,2026-10-03,18:00,マリンメッセ福岡 A館,electronic,female,同行,,,,,2026-07-10 06:01:50,,2026-09-04 18:01:17,2026-08-27 07:17:28,,sold,1,9000,"【4名義中4番手のお譲り。条件あり】全て初期当選/該当名義（変更ボタンあり）/すり替えなし/有効期限内/下3桁提示可
 
※以下の取引方法の説明と注意事項を必ず...",False,,,,,,,,,
sold_key-to-lit-arena-tour-2026-neo-classics_1786201622458_11000,1786201622458,key-to-lit-arena-tour-2026-neo-classics,2026-10-03,18:00,マリンメッセ福岡 A館,electronic,female,ランダム配布,,,,,2026-08-08 15:07:02,,2026-09-04 18:01:17,2026-08-27 07:17:28,,sold,1,11000,"ランダム配布(ランダム配布にご理解のある方のみご購入お願いします。)

公演当日、開場時間の45分前に会場付近にて待ち合わせを予定しております。(待ち合わせ時間...",False,,,,,,,,,
sold_key-to-lit-arena-tour-2026-neo-classics_1785693552342_30000,1785693552342,key-to-lit-arena-tour-2026-neo-classics,2026-10-03,18:00,マリンメッセ福岡 A館,electronic,female,同行,,,,,2026-08-02 17:59:12,,2026-09-04 18:01:17,2026-08-27 07:17:28,,sold,1,30000,"重複無し同行/情報局先行座席未定/初期当選/非該当名義/有効期限内/着ブロなし/すり替えなし
ご希望であれば会員番号下3桁提示可


以下の内容をご理解いただけ...",False,,,,,,,,,
sold_key-to-lit-arena-tour-2026-neo-classics_1786975958948_7000,1786975958948,key-to-lit-arena-tour-2026-neo-classics,2026-10-03,18:00,マリンメッセ福岡 A館,electronic,none,同行,,,,,2026-08-17 14:12:38,,2026-09-04 18:01:17,2026-08-27 07:17:28,,sold,1,7000,"
当方が座席を選択した後、残ったチケットをランダムでお渡し致します。
ご購入様にお席をお選び頂くことはできません。

発券後、一度チケットを全て回収させていただ...",False,,,,,,,,,
sold_key-to-lit-arena-tour-2026-neo-classics_1781139568373_6000,1781139568373,key-to-lit-arena-tour-2026-neo-classics,2026-10-03,18:00,マリンメッセ福岡 A館,electronic,female,同行,,,,,2026-06-11 00:59:28,,2026-09-04 18:01:17,2026-08-27 07:17:28,,sold,1,6000,"複数名義所持、少人数ランダム配布
購入者様が座席をお選びいただくことはできませんのでご了承ください。

※以下の取引方法の説明と注意事項を必ずご確認ください...",False,,,,,,,,,
8y5bzt3vv0,1787787772788,key-to-lit-arena-tour-2026-neo-classics,2026-10-03,18:00,マリンメッセ福岡 A館,electronic,female,入金後3時間以内にQRコード共有,,,,,2026-08-26 23:42:52,,2026-09-04 18:01:17,2026-08-27 08:01:09,,sold,2,48000,"情報局先行 KEY TO LIT 中村嶺亜名義 初期当選 指定席 2枚申し込み 
QRごとのお譲り 条件ございません 座席未定

情報局先行 ２枚申込みでの当選...",False,,,,,,,,,
sold_key-to-lit-arena-tour-2026-neo-classics_1780289674864_5000,1780289674864,key-to-lit-arena-tour-2026-neo-classics,2026-10-03,18:00,マリンメッセ福岡 A館,electronic,female,同行,,,,,2026-06-01 04:54:34,,2026-09-04 18:01:17,2026-08-27 07:17:28,,sold,1,5000,"3名義中3番手、非該当名義含まれます。
下三桁提示可能、入場後15分以内にお渡しします。",False,,,,,,,,,
swzomn76gr,1787733545176,key-to-lit-arena-tour-2026-neo-classics,2026-10-03,18:00,マリンメッセ福岡 A館,electronic,female,公演日7日前までにQRコード共有,取引,5.0,,QR,2026-08-26 08:39:05,,2026-08-28 00:01:11,,,deleted,2,40000,"購入前にコメントお願いします。
QRごと、該当名義、変更ボタンあり、有効期限内。同行者登録可能。
公演中止以外返金不可。",True,,,,,,,,,
sold_key-to-lit-arena-tour-2026-neo-classics_1780148916783_20000,1780148916783,key-to-lit-arena-tour-2026-neo-classics,2026-10-03,18:00,マリンメッセ福岡 A館,electronic,female,同行,,,,,2026-05-30 13:48:36,,2026-09-04 18:01:17,2026-08-27 07:17:28,,sold,1,20000,"初期当選/該当名義/本確対応◯/有効期限内名義/同行者登録◯
・開場時間に入場致しますので16:40（未定の為変更する場合があります）までに会場付近にてお集まり...",False,,,,,,,,,
sold_key-to-lit-arena-tour-2026-neo-classics_1786201800862_10000,1786201800862,key-to-lit-arena-tour-2026-neo-classics,2026-10-03,18:00,マリンメッセ福岡 A館,paper,female,ランダム配布,,,,,2026-08-08 15:10:00,,2026-09-04 18:01:17,2026-08-27 07:17:28,,sold,2,10000,"2連確約ランダム配布(ランダム配布にご理解のある方のみご購入お願いします。)

公演当日、開場時間の45分前に会場付近にて待ち合わせを予定しております。(待ち合...",False,,,,,,,,,
sold_key-to-lit-arena-tour-2026-neo-classics_1782342313740_5900,1782342313740,key-to-lit-arena-tour-2026-neo-classics,2026-10-03,18:00,マリンメッセ福岡 A館,electronic,female,同行,,,,,2026-06-24 23:05:13,,2026-09-04 18:01:17,2026-08-27 07:17:28,,sold,1,5900,"ランダム配布
必ず最後までお読みください

 ・入場後は一度チケットを全て回収させていただき、開演5-10分前頃にチケットお渡しいたします。その際受け取り通知を...",False,,,,,,,,,
sold_key-to-lit-arena-tour-2026-neo-classics_1786967681818_40000,1786967681818,key-to-lit-arena-tour-2026-neo-classics,2026-10-04,12:30,マリンメッセ福岡 A館,electronic,female,3名義中2番手,,,,,2026-08-17 11:54:41,,2026-09-04 18:01:17,2026-08-27 07:17:28,,sold,2,40000,"3名義中2番手/全て該当名義/ すり替えなし /全て初期当選/下3桁提示可能/ 全て変更ボタンあり/ 有効期限内 /
公演当日、会場付近にて待ち合わせし、同時入...",False,,,,,,,,,
sold_key-to-lit-arena-tour-2026-neo-classics_1780497355372_9000,1780497355372,key-to-lit-arena-tour-2026-neo-classics,2026-10-04,12:30,マリンメッセ福岡 A館,electronic,female,2名義中2番手,,,,,2026-06-03 14:35:55,,2026-09-04 18:01:17,2026-08-27 07:17:28,,sold,2,9000,有効期限内 下3桁提示可能 すり替えなし 該当名義のみ 公演中止以外のキャンセル不可,False,,,,,,,,,
sold_key-to-lit-arena-tour-2026-neo-classics_1785886313756_40000,1785886313756,key-to-lit-arena-tour-2026-neo-classics,2026-10-04,12:30,マリンメッセ福岡 A館,electronic,female,同行,,,,,2026-08-04 23:31:53,,2026-09-04 18:01:17,2026-08-27 07:17:28,,sold,1,40000,"2連中1枚同行/該当名義/有効期限内/変更ボタン有/すり替えなし/下3桁提示可/井上担不可

当日指定した時間に集合し、同時入場をしていただきます。
事前に電話...",False,,,,,,,,,
sold_key-to-lit-arena-tour-2026-neo-classics_1787023815340_35000,1787023815340,key-to-lit-arena-tour-2026-neo-classics,2026-10-04,12:30,マリンメッセ福岡 A館,electronic,female,同行,,,,,2026-08-18 03:30:15,,2026-09-04 18:01:17,2026-08-27 07:17:28,,sold,2,35000,"2名義中2番手 2連⭐️
全て該当名義/初期当選/期限内/下3桁提示可/すり替えなし

開場15分前集合
同時入場後チケットを一度回収し座席選択後のお渡しになり...",False,,,,,,,,,
ylaom8c58d,1787477686839,key-to-lit-arena-tour-2026-neo-classics,2026-10-04,12:30,マリンメッセ福岡 A館,electronic,female,公演日前日ログイン情報共有,メイ,5.0,,QR,2026-08-23 09:34:46,,2026-09-04 18:01:17,2026-08-28 03:01:09,,sold,2,53000,"QRごと/初期当選/該当名義/有効期限内/下三桁提示可/すり替えなし/着ブロ希望なし

公演前日にログイン情報を連絡ボードでお伝えします。ご自身の端末でQRを表...",True,,,,,,,,,
sold_key-to-lit-arena-tour-2026-neo-classics_1787153395304_45000,1787153395304,key-to-lit-arena-tour-2026-neo-classics,2026-10-04,12:30,マリンメッセ福岡 A館,electronic,female,公演日前日夜にログイン情報をお伝え致します,,,,,2026-08-19 15:29:55,,2026-09-04 18:01:17,2026-08-27 07:17:28,,sold,2,45000,"FC先行/復活当選/QR毎/すり替え・重複無し/有効期限内/着ブロ希望無し/同行者登録可/下3桁提示可/非該当名義

公演日の前日夜にログインに必要な情報をお伝...",False,,,,,,,,,
alddj6luej,1787704119592,key-to-lit-arena-tour-2026-neo-classics,2026-10-04,12:30,マリンメッセ福岡 A館,electronic,female,入金後3時間以内にQRコード共有,ユカ,5.0,,QR,2026-08-26 00:28:39,,2026-09-04 18:01:17,2026-08-28 06:01:16,transition_observed,sold,2,48000,"情報局先行 KEY TO LIT 猪狩蒼弥名義 初期当選 指定席 2枚申し込み QRごとのお譲り 条件ございません 座席未定

情報局先行 ２枚申込みでの当選し...",True,,,,,,,,,
sold_key-to-lit-arena-tour-2026-neo-classics_1782590461419_15000,1782590461419,key-to-lit-arena-tour-2026-neo-classics,2026-10-04,12:30,マリンメッセ福岡 A館,electronic,female,2名義中2番手,,,,,2026-06-27 20:01:01,,2026-09-04 18:01:17,2026-08-27 07:17:28,,sold,2,15000,"2名義中2番手
全て初期当選/変更ボタンあり/該当名義/すり替えなし/下3桁提示可/有効期限内/同行者登録可

開場時間の30分前頃に会場付近にて待ち合わせて、...",False,,,,,,,,,
yiemk0aafd,1787791458611,key-to-lit-arena-tour-2026-neo-classics,2026-10-04,12:30,マリンメッセ福岡 A館,electronic,female,4名義中3番手,まる,5.0,,番手,2026-08-27 00:44:18,,2026-08-27 13:01:15,,,deleted,2,28000,"初期当選/該当2非該当2/当日下3桁提示可能/有効期限内
当日は開場20分前頃に会場付近待ち合わせを予定しております。
詳しい場所、時間はお日にち近くなりましたら追ってご連絡させていただきます。
当日、端末をお借りしログインさせていただく場合がございますのでその際はご協力よろしくお願いいたします。
座席未定ですのでお座席に関するクレームはご遠慮下さい。
同時入場後、1度チケットを回収しこちらで座席を選ばせていただきます。
その後は1度解散していただきます。
お渡しする際は指定の場所までお越しくださいませ。
座席の選択にお時間かかる場合がございますが、なるべく早くお渡しするよう心がけますのでご了承くださいませ。
また、同行者登録のご協力をお願いする場合がございますのでその際はよろしくお願いいたします。
体調不良、本人確認、ランダムエラー、遅刻、メンバーの欠席、入場後追い出され等、入金確認後は如何なる理由でも公演中止以外の返金は致しませんのでご了承ください。
必ずサイトの受取連絡、一部手渡しの場合は手渡し分の代金もお支払い頂きますのでご了承ください。
公演中止の際のみサイトの手数料を引いた全額を返金対応致します。
購入された方は上記に同意したとみなします",True,,,,,,,,,
sold_key-to-lit-arena-tour-2026-neo-classics_1786610691421_21000,1786610691421,key-to-lit-arena-tour-2026-neo-classics,2026-10-04,12:30,マリンメッセ福岡 A館,electronic,female,同行,,,,,2026-08-13 08:44:51,,2026-09-04 18:01:17,2026-08-27 07:17:28,,sold,2,21000,"2名義中2番手/初期当選/有効期限内/すり替えなし/下3桁提示可/着ブロ希望なし/座席未定

2名義中2番手 復活当選なし、該当名義×1 非該当名義×1

公演...",False,,,,,,,,,
sold_key-to-lit-arena-tour-2026-neo-classics_1780195580887_25000,1780195580887,key-to-lit-arena-tour-2026-neo-classics,2026-10-04,12:30,マリンメッセ福岡 A館,electronic,female,公演前日にQRコード共有,,,,,2026-05-31 02:46:20,,2026-09-04 18:01:17,2026-08-27 07:17:28,,sold,2,25000,"初期当選/下3桁掲示可
当日はご自身でQRコードを表示し入場してください。

同行者登録及び同意チェックはご購入様自身で行ってください。
万が一同行者登録による...",False,,,,,,,,,
sold_key-to-lit-arena-tour-2026-neo-classics_1780498408637_6000,1780498408637,key-to-lit-arena-tour-2026-neo-classics,2026-10-04,12:30,マリンメッセ福岡 A館,electronic,female,少人数ランダム配布,,,,,2026-06-03 14:53:28,,2026-09-04 18:01:17,2026-08-27 07:17:28,,sold,1,6000,"情報局先行/座席未定/ 少数ランダム配布/ 初期当選/ 該当名義/有効期限内/ 担当不問

開場20分前までに会場に待ち合わせし同時入場していただきます。
お時...",False,,,,,,,,,
sold_key-to-lit-arena-tour-2026-neo-classics_1782342396041_5900,1782342396041,key-to-lit-arena-tour-2026-neo-classics,2026-10-04,12:30,マリンメッセ福岡 A館,electronic,female,同行,,,,,2026-06-24 23:06:36,,2026-09-04 18:01:17,2026-08-27 07:17:28,,sold,1,5900,"ランダム配布
必ず最後までお読みください

 ・入場後は一度チケットを全て回収させていただき、開演5-10分前頃にチケットお渡しいたします。その際受け取り通知を...",False,,,,,,,,,
sold_key-to-lit-arena-tour-2026-neo-classics_1780503944848_10500,1780503944848,key-to-lit-arena-tour-2026-neo-classics,2026-10-04,12:30,マリンメッセ福岡 A館,electronic,female,同行,,,,,2026-06-03 16:25:44,,2026-09-04 18:01:17,2026-08-27 07:17:28,,sold,1,10500,"重複なし同行 すり替えなし 下3桁提示可能 該当名義 期限内 ペイジー支払い

開演1時間前までに会場付近でお集まりいただき、同時入場いたします。
遅刻された場...",False,,,,,,,,,
sold_key-to-lit-arena-tour-2026-neo-classics_1787411331506_35000,1787411331506,key-to-lit-arena-tour-2026-neo-classics,2026-10-04,12:30,マリンメッセ福岡 A館,electronic,female,同行,,,,,2026-08-22 15:08:51,,2026-09-04 18:01:17,2026-08-27 07:17:28,,sold,1,35000,"情報局先行/初期当選/下3桁提示可


中村担との同行になりますので、中村担NG。同時入場していただきますので、集合時間や場所が決まり次第ご連絡させていただきま...",False,,,,,,,,,
sold_key-to-lit-arena-tour-2026-neo-classics_1787064701681_45000,1787064701681,key-to-lit-arena-tour-2026-neo-classics,2026-10-04,12:30,マリンメッセ福岡 A館,electronic,female,公演日の前日にログイン情報お伝えします,,,,,2026-08-18 14:51:41,,2026-09-04 18:01:17,2026-08-27 07:17:28,,sold,1,45000,"
QR毎/下3桁提示可/初期当選/有効期限内/非該当名義/着ブロ希望無し
公演前日にログイン情報を連絡ボードにてお伝えいたします。
座席に関するクレームは一切お...",False,,,,,,,,,
sold_key-to-lit-arena-tour-2026-neo-classics_1784632120667_18000,1784632120667,key-to-lit-arena-tour-2026-neo-classics,2026-10-04,12:30,マリンメッセ福岡 A館,electronic,female,同行,,,,,2026-07-21 11:08:40,,2026-09-04 18:01:17,2026-08-27 07:17:28,,sold,2,18000,"2名義中2番手/初期当選/有効期限内/すり替えなし/下3桁提示可/着ブロ希望なし/座席未定

2名義中2番手 復活当選なし、該当名義×2

公演当日は当方が指定...",False,,,,,,,,,
sold_key-to-lit-arena-tour-2026-neo-classics_1780129874562_20000,1780129874562,key-to-lit-arena-tour-2026-neo-classics,2026-10-04,12:30,マリンメッセ福岡 A館,paper,female,当日手渡し,,,,,2026-05-30 08:31:14,,2026-09-04 18:01:17,2026-08-27 07:17:28,,sold,2,20000,"3名義中2番手/該当名義/すり替えなし/下3桁提示可

主催者側からの公演中止の際のみ手数料を差し引いた額返金いたします。
ランダムエラー、本人確認、体調不良、...",False,,,,,,,,,
sold_key-to-lit-arena-tour-2026-neo-classics_1787461222815_47000,1787461222815,key-to-lit-arena-tour-2026-neo-classics,2026-10-04,12:30,マリンメッセ福岡 A館,electronic,female,QR毎,,,,,2026-08-23 05:00:22,,2026-09-04 18:01:17,2026-08-27 07:17:28,,sold,2,47000,"情報局先行/初期当選/該当名義（変更ボタン有）/すり替え無し/下3桁提示可/有効期限内/ペイジー決済/着ブロ希望無し

条件なしQR毎
公演前日にログイン情報を...",False,,,,,,,,,
sold_key-to-lit-arena-tour-2026-neo-classics_1784191895689_30000,1784191895689,key-to-lit-arena-tour-2026-neo-classics,2026-10-04,12:30,マリンメッセ福岡 A館,electronic,female,同行,,,,,2026-07-16 08:51:35,,2026-09-04 18:01:17,2026-08-27 07:17:28,,sold,2,30000,"すり替えなし2名義中2番手
該当エラー等なし
変更ボタン有 有効期限内 下3桁提示可能


開場30分前目安に集合して頂きます。
同時入場後 チケットを選ぶ際に...",False,,,,,,,,,
sold_key-to-lit-arena-tour-2026-neo-classics_1780153496485_22000,1780153496485,key-to-lit-arena-tour-2026-neo-classics,2026-10-04,12:30,マリンメッセ福岡 A館,electronic,female,重複なし同行,,,,,2026-05-30 15:04:56,,2026-09-04 18:01:17,2026-08-27 07:17:28,,sold,1,22000,"該当名義同行/すり替えなし/有効期限内/下3桁提示可/猪狩担不可

当日開場20分前に集合場所にお集まりいただき、同時入場いたします。チケットを回収後、2連中の...",False,,,,,,,,,
sold_key-to-lit-arena-tour-2026-neo-classics_1780048799314_15000,1780048799314,key-to-lit-arena-tour-2026-neo-classics,2026-10-04,12:30,マリンメッセ福岡 A館,paper,none,当日手渡し,,,,,2026-05-29 09:59:59,,2026-09-04 18:01:17,2026-08-27 07:17:28,,sold,2,15000,"【取引にあたり注意事項】
ランダム配布について理解ある方のみ購入お願いします。
入場時、端末をお借りしてQRを表示させていただく場合がございます。その際、持ち逃...",False,,,,,,,,,
sold_key-to-lit-arena-tour-2026-neo-classics_1783833438673_45000,1783833438673,key-to-lit-arena-tour-2026-neo-classics,2026-10-04,12:30,マリンメッセ福岡 A館,electronic,female,同行,,,,,2026-07-12 05:17:18,,2026-09-04 18:01:17,2026-08-27 07:17:28,,sold,1,45000,"情報局先行 座席未定/重複なし同行/すり替えなし/下3桁提示可/初期当選/該当(ボタンあり)・有効期限内名義

【前日夜-当日について】
・同時入場のため、会場...",False,,,,,,,,,
sold_key-to-lit-arena-tour-2026-neo-classics_1780142749604_19000,1780142749604,key-to-lit-arena-tour-2026-neo-classics,2026-10-04,12:30,マリンメッセ福岡 A館,electronic,female,同行,,,,,2026-05-30 12:05:49,,2026-09-04 18:01:17,2026-08-27 07:17:28,,sold,1,19000,"FC先行 ／初期当選／該当名義／同行者登録可／下3桁提示可能

当方と同行になります。
当方、中村担ですので同担拒否の方はご遠慮下さい。

※当日は開場10～3...",False,,,,,,,,,
sold_key-to-lit-arena-tour-2026-neo-classics_1780073567518_8273,1780073567518,key-to-lit-arena-tour-2026-neo-classics,2026-10-04,12:30,マリンメッセ福岡 A館,electronic,female,同行,,,,,2026-05-29 16:52:47,,2026-09-04 18:01:17,2026-08-27 07:17:28,,sold,2,8273,"座席未定 ランダム配布 条件あり 座席選択不可 代理購入不可 

 ランダム配布になりますので最後までご理解いただきご購入ください。  

・複数名義所持してお...",False,,,,,,,,,
sold_key-to-lit-arena-tour-2026-neo-classics_1786250947628_40000,1786250947628,key-to-lit-arena-tour-2026-neo-classics,2026-10-04,12:30,マリンメッセ福岡 A館,electronic,female,同行,,,,,2026-08-09 04:49:07,,2026-09-04 18:01:17,2026-08-27 07:17:28,,sold,1,40000,"情報局先行当選/座席未定/QR/有効期限内/重複すり替え無し/変更ボタン有/下3桁提示可/着ブロ希望無し/戻りなし

・猪狩担との同行になります。
・同時入場の...",False,,,,,,,,,
sold_key-to-lit-arena-tour-2026-neo-classics_1786778166552_23000,1786778166552,key-to-lit-arena-tour-2026-neo-classics,2026-10-04,12:30,マリンメッセ福岡 A館,electronic,female,ランダム配布,,,,,2026-08-15 07:16:06,,2026-09-04 18:01:17,2026-08-27 07:17:28,,sold,1,23000,"少人数ランダム配布 ～10分前渡し 
中相場買取可

・公演当日開場30分ほど前に会場付近で待ち合わせし、当方と同時入場していただきます。入場後、一度チケットを...",False,,,,,,,,,
sold_key-to-lit-arena-tour-2026-neo-classics_1787702467187_48000,1787702467187,key-to-lit-arena-tour-2026-neo-classics,2026-10-04,12:30,マリンメッセ福岡 A館,electronic,female,入金後3時間以内にQRコード共有,,,,,2026-08-26 00:01:07,,2026-09-04 18:01:17,2026-08-27 07:17:28,,sold,2,48000,"情報局先行 KEY TO LIT 猪狩蒼弥名義 初期当選 指定席 2枚申し込み 
QRごとのお譲り 条件ございません 座席未定

情報局先行 ２枚申込みでの当選...",False,,,,,,,,,
sold_key-to-lit-arena-tour-2026-neo-classics_1787491562536_48000,1787491562536,key-to-lit-arena-tour-2026-neo-classics,2026-10-04,12:30,マリンメッセ福岡 A館,electronic,female,入金後3時間以内にQRコード共有,,,,,2026-08-23 13:26:02,,2026-09-04 18:01:17,2026-08-27 07:17:28,,sold,2,48000,"情報局先行 KEY TO LIT 中村嶺亜名義 初期当選 指定席 2枚申し込み QRごとのお譲り 条件ございません 座席未定

情報局先行 ２枚申込みでの当選し...",False,,,,,,,,,
sold_key-to-lit-arena-tour-2026-neo-classics_1786422048433_40000,1786422048433,key-to-lit-arena-tour-2026-neo-classics,2026-10-04,12:30,マリンメッセ福岡 A館,electronic,female,公演日7日前までにQRコード共有,,,,,2026-08-11 04:20:48,,2026-09-04 18:01:17,2026-08-27 07:17:28,,sold,2,40000,"FC先行/初期当選/QR毎/すり替え無し/下3桁提示可/有効期限内/同一クレカ無し/着ブロ希望無し/該当名義

公演前日にログイン情報を連絡ボードにてお伝えいた...",False,,,,,,,,,
sold_key-to-lit-arena-tour-2026-neo-classics_1785696865571_7000,1785696865571,key-to-lit-arena-tour-2026-neo-classics,2026-10-04,12:30,マリンメッセ福岡 A館,electronic,none,同行,,,,,2026-08-02 18:54:25,,2026-09-04 18:01:17,2026-08-27 07:17:28,,sold,1,7000,"返金保証⚠︎入場時のエラーで入場ができなかった場合は必要手数料を抜いた全額返金いたします。

発券後半券を一度お預かりいたします。
お渡しできる半券がご用意でき...",False,,,,,,,,,
sold_key-to-lit-arena-tour-2026-neo-classics_1785660204665_5800,1785660204665,key-to-lit-arena-tour-2026-neo-classics,2026-10-04,12:30,マリンメッセ福岡 A館,electronic,female,【条件あり】当日手渡し/座席未定/ランダム配布/有効会員名義,,,,,2026-08-02 08:43:24,,2026-09-04 18:01:17,2026-08-27 07:17:28,,sold,1,5800,"《開場30分前集合予定》

※レビュー(評価4.8以上)ある方のみ申請下さい。
※申請時のコメント不要です。
★購入後に当日連絡のつくお電話番号と氏名(苗字)を...",False,,,,,,,,,
sold_key-to-lit-arena-tour-2026-neo-classics_1780654976559_18500,1780654976559,key-to-lit-arena-tour-2026-neo-classics,2026-10-04,12:30,マリンメッセ福岡 A館,electronic,female,公演前日QRコード共有,,,,,2026-06-05 10:22:56,,2026-09-04 18:01:17,2026-08-27 07:17:28,,sold,2,18500,"FC先行／初期当選／該当名義／座席未定／QR／有効期限内／重複すり替え無し／変更ボタン有／下3桁提示可／着ブロ希望無し

座席未定のため、お席に関するクレームは...",False,,,,,,,,,
sold_key-to-lit-arena-tour-2026-neo-classics_1780149923464_20000,1780149923464,key-to-lit-arena-tour-2026-neo-classics,2026-10-04,12:30,マリンメッセ福岡 A館,electronic,female,同行,,,,,2026-05-30 14:05:23,,2026-09-04 18:01:17,2026-08-27 07:17:28,,sold,1,20000,"FC初期当選/すり替えなし/有効期限内/非該当名義/着ブロ希望なし/下3桁提示可/同行者登録可/サイチェン可

・公演中止の場合のみ手数料を引いた金額を返金いた...",False,,,,,,,,,
sold_key-to-lit-arena-tour-2026-neo-classics_1780920224751_15000,1780920224751,key-to-lit-arena-tour-2026-neo-classics,2026-10-04,12:30,マリンメッセ福岡 A館,electronic,female,公演日前日QRコード共有,,,,,2026-06-08 12:03:44,,2026-09-04 18:01:17,2026-08-27 07:17:28,,sold,2,15000,,False,,,,,,,,,
sold_key-to-lit-arena-tour-2026-neo-classics_1787564270374_0,1787564270374,key-to-lit-arena-tour-2026-neo-classics,2026-10-04,12:30,マリンメッセ福岡 A館,electronic,female,公演日前日にログイン情報教えます,,,,,2026-08-24 09:37:50,,2026-09-04 18:01:17,2026-08-27 07:17:28,,sold,2,0,"初期当選／QR毎／重複・すり替えなし／該当名義（井上名義）／有効期限内／下3桁提示可／着ブロ希望なし／変更ボタンあり
公演日前日に、メッセージにてログイン情報を...",False,,,,,,,,,
sold_key-to-lit-arena-tour-2026-neo-classics_1781530767805_11000,1781530767805,key-to-lit-arena-tour-2026-neo-classics,2026-10-04,12:30,マリンメッセ福岡 A館,electronic,female,2名義中2番手,,,,,2026-06-15 13:39:27,,2026-09-04 18:01:17,2026-08-27 07:17:28,,sold,2,11000,"情報局先行 座席未定 【2名義中2番手】どちらも該当名義/初期当選/下3桁提示可能/すり替えなし/変更ボタンあり/有効期限内/同一クレカ決済無し

開場10分程...",False,,,,,,,,,
sold_key-to-lit-arena-tour-2026-neo-classics_1787044111544_66000,1787044111544,key-to-lit-arena-tour-2026-neo-classics,2026-10-04,12:30,マリンメッセ福岡 A館,electronic,female,公演前日にログイン情報お伝えします,,,,,2026-08-18 09:08:31,,2026-09-04 18:01:17,2026-08-27 07:17:28,,sold,2,66000,QRごと/初期当選/該当(中村)名義/有効期限内/下三桁事前にお伝え可能/すり替えなし/重複当選なし/ペイジー決済/過去にエラー等ございません/変更ボタンあり/...,False,,,,,,,,,
sold_key-to-lit-arena-tour-2026-neo-classics_1780030403814_20000,1780030403814,key-to-lit-arena-tour-2026-neo-classics,2026-10-04,12:30,マリンメッセ福岡 A館,electronic,female,公演前日にQRコード共有,,,,,2026-05-29 04:53:23,,2026-09-04 18:01:17,2026-08-27 07:17:28,,sold,2,20000,"QR毎/初期当選/非該当/有効期限内名義/下3桁提示可/重複すり替えなし/郵送物戻りなし/着ブロなし

公演前日にQRコード表示に必要な情報をお伝えいたします。...",False,,,,,,,,,
jtf0rp7x96,1786966744240,key-to-lit-arena-tour-2026-neo-classics,2026-10-04,12:30,マリンメッセ福岡 A館,electronic,female,同時入場,ひ,5.0,,番手,2026-08-17 11:39:04,,2026-08-28 01:01:21,,,deleted,1,35000,"2名義中2番手/FC先行初期当選/該当名義/下3桁提示可能/有効期限内/本確対応不可
【お取引成立後はプライベートモードへ移行させていただくので、ご購入前に必ずコメントをお願いいたします。】
当日指定した時間に会場付近で集合し、同時入場をしていただきます。
入場後チケットを回収し座席確認後、2番手でのお渡しとなりますので、買い手様に座席の選択権はございません。
公演中止以外の体調不良、ランダムエラー、システムエラー、本人確認、交通機関の遅延、出演者の変更等、いかなる場合も返金・キャンセル対応はいたしかねます。
トラブル防止のため購入は当日来場される方、日本語が通じる方、こまめに連絡が取れる方のみ購入をお願いいたします。
また、代理購入は不可です。代理購入された場合のトラブル対応は受け付けません。その際の返金もいたしかねます。
座席未定のため、座席へのクレーム等はお受けできません。
上記全てに同意いただける方のみご購入お願いいたします",True,,,,,,,,,
gykxot0b2x,1787733575145,key-to-lit-arena-tour-2026-neo-classics,2026-10-04,12:30,マリンメッセ福岡 A館,electronic,female,入金後24時間以内にQRコード共有,取引,5.0,,QR,2026-08-26 08:39:35,,2026-08-27 16:01:18,,,deleted,2,40000,"QRごと、該当名義、変更ボタンあり、有効期限内。同行者登録可能。
公演中止以外返金不可。",True,,,,,,,,,
sold_key-to-lit-arena-tour-2026-neo-classics_1783597240370_22000,1783597240370,key-to-lit-arena-tour-2026-neo-classics,2026-10-04,12:30,マリンメッセ福岡 A館,electronic,female,同行,,,,,2026-07-09 11:40:40,,2026-09-04 18:01:17,2026-08-27 07:17:28,,sold,1,22000,"当方（猪狩担）との同行/初期当選/該当名義/下3桁提示可能/有効期限内/変ボ有/同行者登録可能

ご覧いただきありがとうございます。
必ず最後まで購読お願いいた...",False,,,,,,,,,
sold_key-to-lit-arena-tour-2026-neo-classics_1780299594589_12500,1780299594589,key-to-lit-arena-tour-2026-neo-classics,2026-10-04,12:30,マリンメッセ福岡 A館,electronic,female,当日手渡し,,,,,2026-06-01 07:39:54,,2026-09-04 18:01:17,2026-08-27 07:17:28,,sold,2,12500,"2名義中2番手/初期当選/着ブロ希望なし /下3桁提示可能/すり替えなし

公演当日、会場の30分前に集合し入場後20分以内にチケットをお渡しします。待ち合わせ...",False,,,,,,,,,
blui6r1w31,1787743756837,key-to-lit-arena-tour-2026-neo-classics,2026-10-04,12:30,マリンメッセ福岡 A館,electronic,female,同時入場,ほし,5.0,,番手,2026-08-26 11:29:16,,2026-09-04 18:01:17,2026-08-28 13:01:11,transition_observed,sold,2,37000,"2名義中2番手のお譲りです。
該当名義/初期当選/すり替えなし
公演の30分〜1時間前に集合予定。同時入場後席を選び次第、当方が選ばなかったチケットをお渡ししま...",True,,,,,,,,,
sold_key-to-lit-arena-tour-2026-neo-classics_1786530437439_21000,1786530437439,key-to-lit-arena-tour-2026-neo-classics,2026-10-04,12:30,マリンメッセ福岡 A館,electronic,female,同行,,,,,2026-08-12 10:27:17,,2026-09-04 18:01:17,2026-08-27 07:17:28,,sold,2,21000,"2名義中2番手/初期当選/有効期限内/すり替えなし/下3桁提示可/着ブロ希望なし/座席未定

2名義中2番手 復活当選なし、該当名義×1 非該当名義×1

公演...",False,,,,,,,,,
sold_key-to-lit-arena-tour-2026-neo-classics_1780062335122_8500,1780062335122,key-to-lit-arena-tour-2026-neo-classics,2026-10-04,17:30,マリンメッセ福岡 A館,electronic,female,ランダム配布,,,,,2026-05-29 13:45:35,,2026-09-04 18:01:17,2026-08-27 07:17:28,,sold,1,8500,"ランダム配布となります。連番でご購入いただいた場合には必ず連番でお渡しいたします。

全名義エラー履歴なし、同一クレカコンビニ払いなし

・公演当日、開場30分...",False,,,,,,,,,
sold_key-to-lit-arena-tour-2026-neo-classics_1780151619276_16000,1780151619276,key-to-lit-arena-tour-2026-neo-classics,2026-10-04,17:30,マリンメッセ福岡 A館,electronic,female,当日でわし,,,,,2026-05-30 14:33:39,,2026-09-04 18:01:17,2026-08-27 07:17:28,,sold,1,16000,"当方との連番となります。
中村担不可

有効期限内/非該当名義/変更ボタンあり/すり替えなし同行

友人名義のため本人確認不可。
公演中止以外の理由での払い戻し...",False,,,,,,,,,
sold_key-to-lit-arena-tour-2026-neo-classics_1783049164832_0,1783049164832,key-to-lit-arena-tour-2026-neo-classics,2026-10-04,17:30,マリンメッセ福岡 A館,electronic,female,同行,,,,,2026-07-03 03:26:04,,2026-09-04 18:01:17,2026-08-27 07:17:28,,sold,1,0,"猪狩担不可/該当名義/有効期限内/すり替えなし/下3桁提示可/同行者登録お願いします。

友人が行けなくなってしまった為
同行者を探しております。

当日の場所...",False,,,,,,,,,
sold_key-to-lit-arena-tour-2026-neo-classics_1782821891244_14000,1782821891244,key-to-lit-arena-tour-2026-neo-classics,2026-10-04,17:30,マリンメッセ福岡 A館,electronic,female,同行,,,,,2026-06-30 12:18:11,,2026-09-04 18:01:17,2026-08-27 07:17:28,,sold,1,14000,"3番手中3番手/2連中の1枚/該当2非該当1/初期2復活1/下3桁提示可/すり替えなし

中村担不可

当日、指定した時間・場所に集合し、同時入場して頂きます。...",False,,,,,,,,,
sold_key-to-lit-arena-tour-2026-neo-classics_1780031077335_10000,1780031077335,key-to-lit-arena-tour-2026-neo-classics,2026-10-04,17:30,マリンメッセ福岡 A館,electronic,female,同時入場,,,,,2026-05-29 05:04:37,,2026-09-04 18:01:17,2026-08-27 07:17:28,,sold,2,10000,"ランダム配布となります。連番でご購入いただいた場合には必ず連番でお渡しいたします。

・公演当日、開場30分前を目安に会場付近で待ち合わせをし、同時入場していた...",False,,,,,,,,,
sold_key-to-lit-arena-tour-2026-neo-classics_1780491782090_10000,1780491782090,key-to-lit-arena-tour-2026-neo-classics,2026-10-04,17:30,マリンメッセ福岡 A館,paper,female,当日手渡し,,,,,2026-06-03 13:03:02,,2026-09-04 18:01:17,2026-08-27 07:17:28,,sold,2,10000,"2名義中2番手、すり替えなし下3桁提示可能
２名義とも非該当になります。",False,,,,,,,,,
sold_key-to-lit-arena-tour-2026-neo-classics_1781776362377_10000,1781776362377,key-to-lit-arena-tour-2026-neo-classics,2026-10-04,17:30,マリンメッセ福岡 A館,electronic,female,3名義中3番手,,,,,2026-06-18 09:52:42,,2026-09-04 18:01:17,2026-08-27 07:17:28,,sold,1,10000,"3名義中3番手2連中1枚/初期該当2,復活非該当1/有効期限内/すり替えなし/下3桁提示可

当日は開場30分前に会場付近で待ち合わせ後、同時入場していただきま...",False,,,,,,,,,
sold_key-to-lit-arena-tour-2026-neo-classics_1780539350288_8000,1780539350288,key-to-lit-arena-tour-2026-neo-classics,2026-10-04,17:30,マリンメッセ福岡 A館,electronic,female,同行,,,,,2026-06-04 02:15:50,,2026-09-04 18:01:17,2026-08-27 07:17:28,,sold,1,8000,"初期選/該当名義/変更ボタン有/有効期限名義/岩﨑担不可／連番内の座席指定不可/サイチェン可/公演中止以外での返金対応不可





当方と同行になります。（岩...",False,,,,,,,,,
sold_key-to-lit-arena-tour-2026-neo-classics_1781154535875_10000,1781154535875,key-to-lit-arena-tour-2026-neo-classics,2026-10-04,17:30,マリンメッセ福岡 A館,electronic,female,開場時間30分前頃に会場付近の指定の場所にて集合し、同時入場,,,,,2026-06-11 05:08:55,,2026-09-04 18:01:17,2026-08-27 07:17:28,,sold,2,10000,"3名義中3番手
該当名義2・非該当1/全て初期当選/有効期限内/変更ボタン有/すり替えなし/下３桁提示可

当日指定した時間・集合場所に集合し、同時入場をしてい...",False,,,,,,,,,
sold_key-to-lit-arena-tour-2026-neo-classics_1783378723242_36000,1783378723242,key-to-lit-arena-tour-2026-neo-classics,2026-10-04,17:30,マリンメッセ福岡 A館,electronic,female,QRコード共有,,,,,2026-07-06 22:58:43,,2026-09-04 18:01:17,2026-08-27 07:17:28,,sold,2,36000,"初期当選/該当/有効期限内/下3桁提示可
すり替えなしの2連

同行者登録は買い手様でして頂きます。

体調不良・本人確認・ランダムエラー・一部メンバーの出演見...",False,,,,,,,,,
sold_key-to-lit-arena-tour-2026-neo-classics_1781007517645_5000,1781007517645,key-to-lit-arena-tour-2026-neo-classics,2026-10-04,17:30,マリンメッセ福岡 A館,electronic,female,同時入場,,,,,2026-06-09 12:18:37,,2026-09-04 18:01:17,2026-08-27 07:17:28,,sold,2,5000,"ランダム配布についてご理解ある方、開場30分前までには会場付近に来れる方のみ購入お願いいたします。

・開場時間15-30分前目安に会場付近にて待ち合わせ予定。...",False,,,,,,,,,
sold_key-to-lit-arena-tour-2026-neo-classics_1780035426219_18000,1780035426219,key-to-lit-arena-tour-2026-neo-classics,2026-10-04,17:30,マリンメッセ福岡 A館,electronic,female,公演日前日までにログイン情報共有,,,,,2026-05-29 06:17:06,,2026-09-04 18:01:17,2026-08-27 07:17:28,,sold,2,18000,"初期当選／該当名義(井上)／有効期限内／QR毎／ペイジー決済／すり替えなし／下3桁提示可／着ブロ希望なし／変更ボタンあり／サイチェン可

【注意事項】
・ログイ...",False,,,,,,,,,
sold_key-to-lit-arena-tour-2026-neo-classics_1780073651482_5800,1780073651482,key-to-lit-arena-tour-2026-neo-classics,2026-10-04,17:30,マリンメッセ福岡 A館,electronic,female,同行,,,,,2026-05-29 16:54:11,,2026-09-04 18:01:17,2026-08-27 07:17:28,,sold,1,5800,"座席未定 ランダム配布 条件あり 座席選択不可 代理購入不可 

 ランダム配布になりますので最後までご理解いただきご購入ください。  

・複数名義所持してお...",False,,,,,,,,,
sold_key-to-lit-arena-tour-2026-neo-classics_1783353403340_32000,1783353403340,key-to-lit-arena-tour-2026-neo-classics,2026-10-04,17:30,マリンメッセ福岡 A館,electronic,female,公演前日QRコード共有,,,,,2026-07-06 15:56:43,,2026-09-04 18:01:17,2026-08-27 07:17:28,,sold,2,32000,"QR毎/初期当選/有効期限内/すり替え重複なし/着ブロ希望なし

公演前日にログイン情報お伝えします。
体調不良やランダムエラー、出演者変更等で入場できない場合...",False,,,,,,,,,
sold_key-to-lit-arena-tour-2026-neo-classics_1782130028252_25000,1782130028252,key-to-lit-arena-tour-2026-neo-classics,2026-10-04,17:30,マリンメッセ福岡 A館,electronic,female,2名義中1番手同行,,,,,2026-06-22 12:07:08,,2026-09-04 18:01:17,2026-08-27 07:17:28,,sold,1,25000,"2名義中1番手のお譲り
該当名義/有効期限内/変更ボタン有り　すり替えなし(下3桁提示可能)コンビニ支払い 井上担不可

2名義中1番手同行のお譲りとなります。...",False,,,,,,,,,
sold_key-to-lit-arena-tour-2026-neo-classics_1781519628924_17000,1781519628924,key-to-lit-arena-tour-2026-neo-classics,2026-10-04,17:30,マリンメッセ福岡 A館,electronic,female,2名義中2番手,,,,,2026-06-15 10:33:48,,2026-09-04 18:01:17,2026-08-27 07:17:28,,sold,2,17000,初期当選/該当名義/下3桁提示可/有効期限内/変更ボタン有,False,,,,,,,,,
sold_key-to-lit-arena-tour-2026-neo-classics_1780504070219_10500,1780504070219,key-to-lit-arena-tour-2026-neo-classics,2026-10-04,17:30,マリンメッセ福岡 A館,electronic,female,同行,,,,,2026-06-03 16:27:50,,2026-09-04 18:01:17,2026-08-27 07:17:28,,sold,1,10500,"重複なし同行 すり替えなし 下3桁提示可能 該当名義 期限内 ペイジー支払い

開演1時間前までに会場付近でお集まりいただき、同時入場いたします。
遅刻された場...",False,,,,,,,,,
7zkgf7xi6m,1787428375151,key-to-lit-arena-tour-2026-neo-classics,2026-10-04,17:30,マリンメッセ福岡 A館,electronic,female,同行,j🩵,5.0,,番手,2026-08-22 19:52:55,,2026-08-27 17:01:13,,,deleted,1,63000,"⭐️5名義中2番手⭐️
すべて初期当選/5名義分の下3桁提示可/変更ボタン有り
ランダムエラーや出演者の変更、会場内外での本人確認、交通機関の乱れ等、公演中止以外の理由でのキャンセルや返金対応不可。主催者側の判断による公演中止の場合に限り、手数料を差し引いた金額を返金します。",True,,,,,,,,,
sold_key-to-lit-arena-tour-2026-neo-classics_1784094640263_20000,1784094640263,key-to-lit-arena-tour-2026-neo-classics,2026-10-04,17:30,マリンメッセ福岡 A館,electronic,female,公演日7日前までにQRコード共有,,,,,2026-07-15 05:50:40,,2026-09-04 18:01:17,2026-08-27 07:17:28,,sold,2,20000,"初期当選/QRごと/重複すり替えなし/有効期限内／下3桁提示可能/該当名義/変更ボタンなし
公演前日にログイン情報をお伝え致しますのでご自身で同行者登録を済ませ...",False,,,,,,,,,
sold_key-to-lit-arena-tour-2026-neo-classics_1786976000092_6300,1786976000092,key-to-lit-arena-tour-2026-neo-classics,2026-10-04,17:30,マリンメッセ福岡 A館,electronic,none,同行,,,,,2026-08-17 14:13:20,,2026-09-04 18:01:17,2026-08-27 07:17:28,,sold,1,6300,"
当方が座席を選択した後、残ったチケットをランダムでお渡し致します。
ご購入様にお席をお選び頂くことはできません。

発券後、一度チケットを全て回収させていただ...",False,,,,,,,,,
sold_key-to-lit-arena-tour-2026-neo-classics_1787491765530_48000,1787491765530,key-to-lit-arena-tour-2026-neo-classics,2026-10-04,17:30,マリンメッセ福岡 A館,electronic,female,入金後3時間以内にQRコード共有,,,,,2026-08-23 13:29:25,,2026-09-04 18:01:17,2026-08-27 07:17:28,,sold,2,48000,"情報局先行 KEY TO LIT 井上瑞稀名義 初期当選 指定席 2枚申し込み QRごとのお譲り 条件ございません 座席未定

情報局先行 ２枚申込みでの当選し...",False,,,,,,,,,
sold_key-to-lit-arena-tour-2026-neo-classics_1784128134436_6000,1784128134436,key-to-lit-arena-tour-2026-neo-classics,2026-10-04,17:30,マリンメッセ福岡 A館,electronic,none,座席未定　条件あり　ランダム配布,,,,,2026-07-15 15:08:54,,2026-09-04 18:01:17,2026-08-27 07:17:28,,sold,1,6000,"複数名義所持しているため、同時入場後に1度チケットを回収させていただき、当方が座席選択後にランダムに配布します。

チケットの選択にお時間をいただきますのであら...",False,,,,,,,,,
sold_key-to-lit-arena-tour-2026-neo-classics_1780073702302_6205,1780073702302,key-to-lit-arena-tour-2026-neo-classics,2026-10-04,17:30,マリンメッセ福岡 A館,electronic,female,同行,,,,,2026-05-29 16:55:02,,2026-09-04 18:01:17,2026-08-27 07:17:28,,sold,1,6205,"座席未定 ランダム配布 条件あり 座席選択不可 代理購入不可 

 ランダム配布になりますので最後までご理解いただきご購入ください。  

・複数名義所持してお...",False,,,,,,,,,
dnlmjrnb15,1786578798659,key-to-lit-arena-tour-2026-neo-classics,2026-10-04,17:30,マリンメッセ福岡 A館,electronic,none,ランダム配布,,,,,2026-08-12 23:53:18,,2026-09-04 18:01:17,2026-08-27 09:01:06,,sold,1,6500,"複数名義所持しているため、同時入場後に1度チケットを回収させていただき、当方が座席選択後にランダムに配布します。

チケットの選択にお時間をいただきますのであら...",False,,,,,,,,,
sold_key-to-lit-arena-tour-2026-neo-classics_1782342453450_5900,1782342453450,key-to-lit-arena-tour-2026-neo-classics,2026-10-04,17:30,マリンメッセ福岡 A館,electronic,female,同行,,,,,2026-06-24 23:07:33,,2026-09-04 18:01:17,2026-08-27 07:17:28,,sold,1,5900,"ランダム配布
必ず最後までお読みください

 ・入場後は一度チケットを全て回収させていただき、開演5-10分前頃にチケットお渡しいたします。その際受け取り通知を...",False,,,,,,,,,
sold_key-to-lit-arena-tour-2026-neo-classics_1780062389294_5500,1780062389294,key-to-lit-arena-tour-2026-neo-classics,2026-10-04,17:30,マリンメッセ福岡 A館,electronic,female,ランダム配布,,,,,2026-05-29 13:46:29,,2026-09-04 18:01:17,2026-08-27 07:17:28,,sold,2,5500,"ランダム配布となります。連番でご購入いただいた場合には必ず連番でお渡しいたします。

全名義エラー履歴なし、同一クレカコンビニ払いなし

・公演当日、開場30分...",False,,,,,,,,,
sold_key-to-lit-arena-tour-2026-neo-classics_1781925157844_20000,1781925157844,key-to-lit-arena-tour-2026-neo-classics,2026-10-04,17:30,マリンメッセ福岡 A館,electronic,female,同行,,,,,2026-06-20 03:12:37,,2026-09-04 18:01:17,2026-08-27 07:17:28,,sold,1,20000,"該当2名義中1番手同行、同行者登録、下3桁提示可能
公演中止以外のキャンセル不可",False,,,,,,,,,
sold_key-to-lit-arena-tour-2026-neo-classics_1781669981253_8500,1781669981253,key-to-lit-arena-tour-2026-neo-classics,2026-10-04,17:30,マリンメッセ福岡 A館,electronic,female,同行,,,,,2026-06-17 04:19:41,,2026-09-04 18:01:17,2026-08-27 07:17:28,,sold,2,8500,"2名義中2番手
(初期当選 該当×１、復活当選 非該当×１)
すり替えなし、下3桁提示可、有効期限内

開場時間の30分前頃に会場付近にて待ち合わせて、同時入場...",False,,,,,,,,,
sold_key-to-lit-arena-tour-2026-neo-classics_1780073617140_5800,1780073617140,key-to-lit-arena-tour-2026-neo-classics,2026-10-04,17:30,マリンメッセ福岡 A館,electronic,female,同行,,,,,2026-05-29 16:53:37,,2026-09-04 18:01:17,2026-08-27 07:17:28,,sold,1,5800,"座席未定 ランダム配布 条件あり 座席選択不可 代理購入不可 

 ランダム配布になりますので最後までご理解いただきご購入ください。  

・複数名義所持してお...",False,,,,,,,,,
sold_key-to-lit-arena-tour-2026-neo-classics_1780066795637_20000,1780066795637,key-to-lit-arena-tour-2026-neo-classics,2026-10-04,17:30,マリンメッセ福岡 A館,electronic,female,同行,,,,,2026-05-29 14:59:55,,2026-09-04 18:01:17,2026-08-27 07:17:28,,sold,1,20000,"当方（中村担）との同行/初期当選/該当名義/下3桁提示可能/有効期限内/変ボ有/同行者登録可能/本確対応不可

ご覧いただきありがとうございます。
必ず最後まで...",False,,,,,,,,,
frx0hm4y5a,1787014681037,key-to-lit-arena-tour-2026-neo-classics,2026-10-04,17:30,マリンメッセ福岡 A館,electronic,female,当日同行,ぽめ,5.0,,同行,2026-08-18 00:58:01,,2026-08-27 10:01:13,,,deleted,1,49000,"※専用出品にしますので、ご購入の際はご連絡をお願いします。
当方との同行(中村担不可)
初期当選/該当名義/下3桁提示可/変更ボタンあり/サイチェン不可/エラー歴なし
詳しい集合時間や場所については公演日までにトークルームにてご連絡させていただきます。
集合時間に遅れた場合は到着を待たずに入場させていただく可能性がございますのでご了承ください。その際も必ず受取評価をお願いいたします。
交通機関での遅刻、体調不良、ランダムエラー、買い手様都合でのキャンセル等、いかなる場合も返金はいたしません。
公演中止の場合に限り、チケテンルールに沿って手数料を差し引いた額を返金いたします。
成人した日本人女性のみご購入をお願いいたします。
このような場でのお取引の経験、理解があり、常識のあるお取引をしていただける方のみご購入下さい。
こちらも誠意あるお取引をさせていただきますので、どうぞよろしくお願いいたします。",True,,,,,,,,,
sold_key-to-lit-arena-tour-2026-neo-classics_1786794608629_6000,1786794608629,key-to-lit-arena-tour-2026-neo-classics,2026-10-04,17:30,マリンメッセ福岡 A館,electronic,female,同行,,,,,2026-08-15 11:50:08,,2026-09-04 18:01:17,2026-08-27 07:17:28,,sold,2,6000,"少人数ランダム配布 指定席《開場30分前集合予定》
※購入時のコメント不要。
★購入後に当日連絡のつくお電話番号と氏名(苗字)をメッセージボードにてお伝え下さい...",False,,,,,,,,,
sold_key-to-lit-arena-tour-2026-neo-classics_1781541347454_17000,1781541347454,key-to-lit-arena-tour-2026-neo-classics,2026-10-04,17:30,マリンメッセ福岡 A館,electronic,female,公演2〜3日前にログイン情報共有,,,,,2026-06-15 16:35:47,,2026-09-04 18:01:17,2026-08-27 07:17:28,,sold,2,17000,"復活当選/QR毎/下３桁提示/該当/重複なし　
・公演2〜3日前にログイン情報お伝えします。
・同行者登録はご自身でお願いします。
・入場後速やかに受け取り通知...",False,,,,,,,,,
sold_key-to-lit-arena-tour-2026-neo-classics_1785324930554_33100,1785324930554,key-to-lit-arena-tour-2026-neo-classics,2026-10-04,17:30,マリンメッセ福岡 A館,paper,female,当日ログイン情報,,,,,2026-07-29 11:35:30,,2026-09-04 18:01:17,2026-08-27 07:17:28,,sold,2,33100,"
ログイン情報はAM10:00までにお伝えします
当日は当方会場へ迎えませんが、連絡が取れるように、させていただきます。
入場後は速やかにログアウトお願いいたし...",False,,,,,,,,,
sold_key-to-lit-arena-tour-2026-neo-classics_1784693856755_33000,1784693856755,key-to-lit-arena-tour-2026-neo-classics,2026-10-04,17:30,マリンメッセ福岡 A館,electronic,female,2名義中2番手,,,,,2026-07-22 04:17:36,,2026-09-04 18:01:17,2026-08-27 07:17:28,,sold,1,33000,"2名義中2番手/初期当選/有効期限内/すり替えなし/下3桁提示可/着ブロ希望なし/座席未定/サイチェン可
2名義とも該当、復活当選なし

公演当日は当方が指定す...",False,,,,,,,,,
sold_key-to-lit-arena-tour-2026-neo-classics_1782634153995_8000,1782634153995,key-to-lit-arena-tour-2026-neo-classics,2026-10-04,17:30,マリンメッセ福岡 A館,electronic,female,同行,,,,,2026-06-28 08:09:13,,2026-09-04 18:01:17,2026-08-27 07:17:28,,sold,2,8000,"情報局先行 該当名義 下3桁提示可 2名義中2番手
公演中止以外のキャンセルは一切ご対応できませんのでご了承ください。",False,,,,,,,,,
sold_key-to-lit-arena-tour-2026-neo-classics_1787565304593_15000,1787565304593,key-to-lit-arena-tour-2026-neo-classics,2026-10-04,17:30,マリンメッセ福岡 A館,electronic,male,公演日1日前までにログイン情報教えます,,,,,2026-08-24 09:55:04,,2026-09-04 18:01:17,2026-08-27 07:17:28,,sold,2,15000,該当名義/初期当選/下三桁提示可能/QR毎のお譲りになります。,False,,,,,,,,,
sold_key-to-lit-arena-tour-2026-neo-classics_1780030237596_10000,1780030237596,key-to-lit-arena-tour-2026-neo-classics,2026-10-04,17:30,マリンメッセ福岡 A館,electronic,female,ランダム配布,,,,,2026-05-29 04:50:37,,2026-09-04 18:01:17,2026-08-27 07:17:28,,sold,2,10000,"ランダム配布となります。連番でご購入いただいた場合には必ず連番でお渡しいたします。

・公演当日、開場30分前を目安に会場付近で待ち合わせをし、同時入場していた...",False,,,,,,,,,
sold_key-to-lit-arena-tour-2026-neo-classics_1783778619388_6000,1783778619388,key-to-lit-arena-tour-2026-neo-classics,2026-10-04,17:30,マリンメッセ福岡 A館,electronic,none,同行,,,,,2026-07-11 14:03:39,,2026-09-04 18:01:17,2026-08-27 07:17:28,,sold,1,6000,"入場時のエラーで入場ができなかった場合は必要手数料を抜いた全額返金いたします。

発券後半券を一度お預かりいたします。
お渡しできる半券がご用意でき次第お渡しし...",False,,,,,,,,,
sold_key-to-lit-arena-tour-2026-neo-classics_1784716672649_13000,1784716672649,key-to-lit-arena-tour-2026-neo-classics,2026-10-04,17:30,マリンメッセ福岡 A館,electronic,female,同行,,,,,2026-07-22 10:37:52,,2026-09-04 18:01:17,2026-08-27 07:17:28,,sold,2,13000,"3名義中3番手/初期当選/着ブロ指定なし/すり替えなし/有効期限内/下3桁提示可能/非該当名義含む

公演当日に指定した場所へ集合し同時入場していただきます。詳...",False,,,,,,,,,
xdjijt1imy,1787733412949,key-to-lit-arena-tour-2026-neo-classics,2026-10-04,17:30,マリンメッセ福岡 A館,electronic,female,入金後24時間以内にQRコード共有,♥,5.0,,QR,2026-08-26 08:36:52,,2026-08-28 05:01:11,,,deleted,2,47000,該当 初期当選 着ブロ指定なし 下3桁提示可,True,,,,,,,,,
7sp9rtgqtc,1780073676410,key-to-lit-arena-tour-2026-neo-classics,2026-10-04,17:30,マリンメッセ福岡 A館,electronic,female,同行,mm,5.0,,ランダム,2026-05-29 16:54:36,,2026-08-27 20:01:14,,,deleted,1,6205,"座席未定 ランダム配布 条件あり 座席選択不可 代理購入不可
ランダム配布になりますので最後までご理解いただきご購入ください。
・複数名義所持しておりますので、同時入場後チケットを一旦回収し解散した後、座席選択後にランダムでチケットをお渡しします。買い手様は座席をお選び頂けません。座席選択にお時間を頂きますので配布を急がれる方はご遠慮ください。公演開始までにはチケットをお渡しさせて頂きます。当日はこちらの指示に従ってご対応お願いいたします。チケットを受け取り後は速やかに受取通知をお願い致します。
・お席のクレームは一切お受け出来ません。
・公演当日は開場時間の30-45分前に会場周辺で集合を予定しております。待ち合わせ時間、場所の詳細については、ご入金後にマイページの連絡ボードでお知らせします。 10分以上遅刻される場合は待たずに入場しますが、受取通知はして頂きますので、お時間に余裕を持ってお越しください。
・入場時に端末をお借りする可能性がございます。 入場の際にお連れ様と分かれて頂く可能性がございますがチケットは連番でお渡しさせて頂きます。 この際チケット持ち逃げ防止のために身分証を一度お借りさせていただきます。尚、問題がなければ、こちらが身分証の内容を確認することはなく、チケット回収と同時に返却致します。
・チケットをお渡しすると同時に受け取り評価して頂きます。その場で受け取り評価して頂き、その後チケットをお渡しします。
・ランダムエラー、本人確認の理由での入場が出来なかった場合の返金は対応出来ません。買い手様の都合(体調不良、遅刻、メンバーの不在等)でのキャンセルも対応は出来かねます。
・入場管理のため落札後、連絡ボードにて名字とお電話番号をお伺いします。
・トラブル防止のため、デジチケやランダムチケットのお取引に不慣れな方は購入をお控えください。
・以上のことをご理解頂ける、日本語が通じる成人女性のみご購入お願い致します。
メッセージいただければ、プライベート出品での対応も可能です。",True,,,,,,,,,
sold_key-to-lit-arena-tour-2026-neo-classics_1781925920609_16000,1781925920609,key-to-lit-arena-tour-2026-neo-classics,2026-10-04,17:30,マリンメッセ福岡 A館,electronic,female,同時入場,,,,,2026-06-20 03:25:20,,2026-09-04 18:01:17,2026-08-27 07:17:28,,sold,1,16000,"2名義中2番手、下3桁提示可能
公演中止以外のキャンセル不可
",False,,,,,,,,,
sold_key-to-lit-arena-tour-2026-neo-classics_1780410354724_9500,1780410354724,key-to-lit-arena-tour-2026-neo-classics,2026-10-09,18:00,セキスイハイムスーパーアリーナ,electronic,none,同行,,,,,2026-06-02 14:25:54,,2026-09-04 18:01:17,2026-08-27 07:17:28,,sold,1,9500,"2名義中2番手 うち1枚

初期当選、有効期限内、すり替えなし、下3桁提示可能

・最下位番手になりますので、買い手様に座席選択権はございません。当方座席選択後...",False,,,,,,,,,
sold_key-to-lit-arena-tour-2026-neo-classics_1787625917311_9000,1787625917311,key-to-lit-arena-tour-2026-neo-classics,2026-10-09,18:00,セキスイハイムスーパーアリーナ,electronic,female,同行,,,,,2026-08-25 02:45:17,,2026-09-04 18:01:17,2026-08-27 07:17:28,,sold,1,9000,"複数名義所持、少人数ランダム配布
購入者様が座席をお選びいただくことはできませんのでご了承ください。

※以下の取引方法の説明と注意事項を必ずご確認ください...",False,,,,,,,,,
sold_key-to-lit-arena-tour-2026-neo-classics_1784819348942_20000,1784819348942,key-to-lit-arena-tour-2026-neo-classics,2026-10-09,18:00,セキスイハイムスーパーアリーナ,electronic,female,2名義中2番手,,,,,2026-07-23 15:09:08,,2026-09-04 18:01:17,2026-08-27 07:17:28,,sold,2,20000,"2名義中2番手
該当名義/有効期限内/変更ボタン有/すり替えなし/下3桁提示可

当日指定した時間に集合し、同時入場をしていただきます。
事前に電話番号をお伺い...",False,,,,,,,,,
sold_key-to-lit-arena-tour-2026-neo-classics_1783967340244_5500,1783967340244,key-to-lit-arena-tour-2026-neo-classics,2026-10-09,18:00,セキスイハイムスーパーアリーナ,electronic,female,同行,,,,,2026-07-13 18:29:00,,2026-09-04 18:01:17,2026-08-27 07:17:28,,sold,1,5500,"【ランダム配布にご理解ある方のみご購入お願い致します】
同時入場後、ランダムでチケットをお渡しさせて頂きます。
ご自身での座席選択はできかねますのでご了承くださ...",False,,,,,,,,,
sold_key-to-lit-arena-tour-2026-neo-classics_1780116439940_10000,1780116439940,key-to-lit-arena-tour-2026-neo-classics,2026-10-09,18:00,セキスイハイムスーパーアリーナ,electronic,female,同行,,,,,2026-05-30 04:47:19,,2026-09-04 18:01:17,2026-08-27 07:17:28,,sold,2,10000,"2番手中2番手/初期当選/該当名義×2/下3桁提示可能/有効期限内/変更ボタン有

下記全てに同意いただける方のみご購入お願いいたします。

当日はこちらが指定...",False,,,,,,,,,
sold_key-to-lit-arena-tour-2026-neo-classics_1781532594056_30000,1781532594056,key-to-lit-arena-tour-2026-neo-classics,2026-10-09,18:00,セキスイハイムスーパーアリーナ,electronic,female,入金後24時間以内にQRコード共有,,,,,2026-06-15 14:09:54,,2026-09-04 18:01:17,2026-08-27 07:17:28,,sold,2,30000,"初期当選/該当名義/有効期限内/着ブロ指定無し
公演中止の場合のみ、手数料を差し引いた全額を返金いたします。",False,,,,,,,,,
yzlfm0cxpq,1787571202027,key-to-lit-arena-tour-2026-neo-classics,2026-10-09,18:00,セキスイハイムスーパーアリーナ,electronic,none,同行,あ,5.0,,ランダム,2026-08-24 11:33:22,,2026-09-04 18:01:17,2026-08-27 15:01:14,,sold,1,15000,"当方が座席を選択した後、残ったチケットをランダムでお渡し致します。
ご購入様にお席をお選び頂くことはできません。
発券後、一度チケットを全て回収させていただきます。
発券した座席を回って選択致しますのでチケットをお渡しするまでにお時間を頂戴致します。会場内の電波状況が悪い場合も考えられる為トラブル無くお取引が出来る様、連絡が取れる電話番号のご提示をお願い致します。
チケット持ち逃げ防止の為、ご購入者様ご自身の使用しているスマートフォン又は、顔写真付きの身分証明書の原本、場合によっては両方を入場前にお預かりいたします。
発券したチケットと引き換えでお預かりした物を返却させていただきます。
当日は開場30分前に会場付近の指定場所にて待ち合わせの後、複数人での同時入場となります。確定のお時間や場所は、連絡ボードにてご連絡致します。
必ず時間厳守でお願い致します。買い手様の都合で待ち合わせ時間に遅れられた場合、先に入場する可能性もございますが、その際も受取連絡はして頂きます。公演前日、当日はこまめに連絡を取れる方でお願い致します。
また、ご購入は日本語が理解出来る女性の方に限らせて頂きます。
同行者登録をお願いする事になった場合、スムーズに必要な情報のご提示又はご登録をお願い致します。
また同行者登録のお約束は致しかねますのでご了承ください。
入場時にQRコード表示にご協力いただく場合がございますので、表示に必要なスマートフォンなどの端末をご用意ください。
入場時・入場後の本人確認等で入場頂けなかった場合や公演をご覧になれなかった場合などを含め、公演中止以外の如何なる場合でも返金は致しかねます。また、購入後のキャンセルもご遠慮ください。
チケットお渡し、解散後のトラブルに対しても対応は致しかねます。チケットをお渡しした時点でお取引終了となります。また、お渡ししたチケットに何か問題がある場合は、解散後に連絡ボードにてではなく、解散前に直接仰ってください。デジタルチケットの為、座席へのクレームは受け付けません。
以上全てご了承の上、ご購入お願い致します。",True,,,,,,,,,
sold_key-to-lit-arena-tour-2026-neo-classics_1785770225948_30000,1785770225948,key-to-lit-arena-tour-2026-neo-classics,2026-10-09,18:00,セキスイハイムスーパーアリーナ,electronic,female,公演日7日前までにQRコード共有,,,,,2026-08-03 15:17:05,,2026-09-04 18:01:17,2026-08-27 07:17:28,,sold,2,30000,"QR毎2連でのお譲りになります。
初期当選、変更ボタンなし、非該当名義、有効期間内名義",False,,,,,,,,,
sold_key-to-lit-arena-tour-2026-neo-classics_1786325931581_38000,1786325931581,key-to-lit-arena-tour-2026-neo-classics,2026-10-09,18:00,セキスイハイムスーパーアリーナ,electronic,female,同行,,,,,2026-08-10 01:38:51,,2026-09-04 18:01:17,2026-08-27 07:17:28,,sold,1,38000,"2名義中2番手1枚同行/嶺亜担不可/初期当選/有効期限内/すり替えなし/下3桁提示可/着ブロ希望なし/座席未定/サイチェン可
2名義とも該当、復活当選なし

公...",False,,,,,,,,,
sold_key-to-lit-arena-tour-2026-neo-classics_1781174571088_6500,1781174571088,key-to-lit-arena-tour-2026-neo-classics,2026-10-09,18:00,セキスイハイムスーパーアリーナ,electronic,female,同行,,,,,2026-06-11 10:42:51,,2026-09-04 18:01:17,2026-08-27 07:17:28,,sold,1,6500,"複数名義所持、少人数ランダム配布
購入者様が座席をお選びいただくことはできませんのでご了承ください。

※以下の取引方法の説明と注意事項を必ずご確認ください...",False,,,,,,,,,
sold_key-to-lit-arena-tour-2026-neo-classics_1780077268041_13000,1780077268041,key-to-lit-arena-tour-2026-neo-classics,2026-10-09,18:00,セキスイハイムスーパーアリーナ,electronic,female,当日お手渡し,,,,,2026-05-29 17:54:28,,2026-09-04 18:01:17,2026-08-27 07:17:28,,sold,2,13000,"FC初期当選/2名義中2番手/下3桁提示可/該当名義/変更ボタン有り/有効期限内/着ブロ無し/すり替え無し

公演当日、開場時間10分前目安に集合して頂き同時入...",False,,,,,,,,,
sold_key-to-lit-arena-tour-2026-neo-classics_1787196609412_15000,1787196609412,key-to-lit-arena-tour-2026-neo-classics,2026-10-09,18:00,セキスイハイムスーパーアリーナ,electronic,female,同行,,,,,2026-08-20 03:30:09,,2026-09-04 18:01:17,2026-08-27 07:17:28,,sold,2,15000,"3番手中3番手/すり替えなし/下3桁提示可能/有効期限内/該当初期当選のみ/変更ボタン有

・3名義中3番手の2連です。
・同時入場し、一度チケットを回収いたし...",False,,,,,,,,,
sold_key-to-lit-arena-tour-2026-neo-classics_1785696062783_5000,1785696062783,key-to-lit-arena-tour-2026-neo-classics,2026-10-09,18:00,セキスイハイムスーパーアリーナ,electronic,none,ランダム配布　同時入場,,,,,2026-08-02 18:41:02,,2026-09-04 18:01:17,2026-08-27 07:17:28,,sold,1,5000,"公演当日16:30までに会場付近で待ち合わせし、同時入場していただきます。

購入者様は座席をお選びいただけません。
入場後は、発券したチケットを回収した後、一...",False,,,,,,,,,
sold_key-to-lit-arena-tour-2026-neo-classics_1781768581584_9000,1781768581584,key-to-lit-arena-tour-2026-neo-classics,2026-10-09,18:00,セキスイハイムスーパーアリーナ,electronic,female,3名義中3番手,,,,,2026-06-18 07:43:01,,2026-09-04 18:01:17,2026-08-27 07:17:28,,sold,1,9000,"初期当選/該当名義/有効期限内/変更ボタンあり/下3桁提示可/すり替えなし/着ブロなし

3名義中3番手の2連のチケットになります。

公演当日、こちらの都合に...",False,,,,,,,,,
sold_key-to-lit-arena-tour-2026-neo-classics_1787196682575_20000,1787196682575,key-to-lit-arena-tour-2026-neo-classics,2026-10-09,18:00,セキスイハイムスーパーアリーナ,electronic,female,同行,,,,,2026-08-20 03:31:22,,2026-09-04 18:01:17,2026-08-27 07:17:28,,sold,1,20000,"3番手中2番手/すり替えなし/下3桁提示可能/有効期限内/該当初期当選のみ/変更ボタン有

・3名義中2番手です。
・同時入場し、一度チケットを回収いたします。...",False,,,,,,,,,
c996621oc7,1784552437566,key-to-lit-arena-tour-2026-neo-classics,2026-10-09,18:00,セキスイハイムスーパーアリーナ,electronic,female,公演前日にログイン情報共有,🩵,5.0,,QR,2026-07-20 13:00:37,,2026-09-04 18:01:17,2026-08-28 12:01:10,transition_observed,sold,2,52000,"初期当選/QR毎/該当名義/重複・すり替えなし/有効期限内/下3桁提示可

同行者登録買い手様で登録可能

公演前日にログイン情報をお伝えします。
入場後、速や...",True,,,,,,,,,
sold_key-to-lit-arena-tour-2026-neo-classics_1780065012954_16000,1780065012954,key-to-lit-arena-tour-2026-neo-classics,2026-10-09,18:00,セキスイハイムスーパーアリーナ,electronic,female,公演前日までにログイン情報共有,,,,,2026-05-29 14:30:12,,2026-09-04 18:01:17,2026-08-27 07:17:28,,sold,2,16000,"未入金のためチケ代支払い可能な方優先

支払い可能な方は上記の金額から定価を引いた額で取引させていただきます。
価格交渉可能
初期当選/該当名義/下3桁提示可能...",False,,,,,,,,,
sold_key-to-lit-arena-tour-2026-neo-classics_1780074188281_8273,1780074188281,key-to-lit-arena-tour-2026-neo-classics,2026-10-09,18:00,セキスイハイムスーパーアリーナ,electronic,female,同行,,,,,2026-05-29 17:03:08,,2026-09-04 18:01:17,2026-08-27 07:17:28,,sold,2,8273,"座席未定 ランダム配布 条件あり 座席選択不可 代理購入不可 

 ランダム配布になりますので最後までご理解いただきご購入ください。  

・複数名義所持してお...",False,,,,,,,,,
sold_key-to-lit-arena-tour-2026-neo-classics_1781363703030_12000,1781363703030,key-to-lit-arena-tour-2026-neo-classics,2026-10-09,18:00,セキスイハイムスーパーアリーナ,electronic,female,2名義中2番手,,,,,2026-06-13 15:15:03,,2026-09-04 18:01:17,2026-08-27 07:17:28,,sold,2,12000," 2名義中2番手のお譲りになります。

初期当選/有効期限内/下3桁提示可/すり替え無し/該当名義のみ

本人確認、体調不良、遅刻、ランダムエラー等で入場出来な...",False,,,,,,,,,
sold_key-to-lit-arena-tour-2026-neo-classics_1782051118288_10342,1782051118288,key-to-lit-arena-tour-2026-neo-classics,2026-10-09,18:00,セキスイハイムスーパーアリーナ,electronic,female,同行,,,,,2026-06-21 14:11:58,,2026-09-04 18:01:17,2026-08-27 07:17:28,,sold,2,10342,,False,,,,,,,,,
sold_key-to-lit-arena-tour-2026-neo-classics_1784026755065_41000,1784026755065,key-to-lit-arena-tour-2026-neo-classics,2026-10-09,18:00,セキスイハイムスーパーアリーナ,electronic,female,公演前日にログイン情報をお送りします,,,,,2026-07-14 10:59:15,,2026-09-04 18:01:17,2026-08-27 07:17:28,,sold,2,41000,"初期当選/座席未定/QR毎/重複無し/すり替え無し/有効期限内/下3桁提示可能/着ブロ指定なし/変更ボタンあり

同行者登録 代表者チェック買い手様で可能です。...",False,,,,,,,,,
sold_key-to-lit-arena-tour-2026-neo-classics_1786871473019_25000,1786871473019,key-to-lit-arena-tour-2026-neo-classics,2026-10-09,18:00,セキスイハイムスーパーアリーナ,electronic,female,3名義中3番手,,,,,2026-08-16 09:11:13,,2026-09-04 18:01:17,2026-08-27 07:17:28,,sold,2,25000,"3名義中3番手
全て該当名義・初期当選・有効期限内・下3桁提示可・すり替えなし
公演中止以外のキャンセルは承っておりません。",False,,,,,,,,,
sold_key-to-lit-arena-tour-2026-neo-classics_1780069090398_17000,1780069090398,key-to-lit-arena-tour-2026-neo-classics,2026-10-09,18:00,セキスイハイムスーパーアリーナ,electronic,female,公演日の前日までにログイン情報,,,,,2026-05-29 15:38:10,,2026-09-04 18:01:17,2026-08-27 07:17:28,,sold,2,17000,"女性名義/初期当選/下3桁提示可能/該当名義

QRごとのお譲り。公演前日までにログイン情報をお伝えしますので、そちらでQR表示の上入場ください。
入場後速やか...",False,,,,,,,,,
sold_key-to-lit-arena-tour-2026-neo-classics_1784037196962_36195,1784037196962,key-to-lit-arena-tour-2026-neo-classics,2026-10-09,18:00,セキスイハイムスーパーアリーナ,electronic,female,公演日前までにQRコード共有,,,,,2026-07-14 13:53:16,,2026-09-04 18:01:17,2026-08-27 07:17:28,,sold,2,36195,初期/該当/期限内/同行者登録可/下3桁提示可/変ボアリ,False,,,,,,,,,
sold_key-to-lit-arena-tour-2026-neo-classics_1780543046770_10000,1780543046770,key-to-lit-arena-tour-2026-neo-classics,2026-10-09,18:00,セキスイハイムスーパーアリーナ,electronic,female,2番手中の2番手,,,,,2026-06-04 03:17:26,,2026-09-04 18:01:17,2026-08-27 07:17:28,,sold,2,10000,"ご入場前に待ち合わせして、同時入場お願いします。
ご入場後すぐにチケットをお渡しいたしますが、座席に迷った場合は少しお時間いただく場合もございます（解散なしでチ...",False,,,,,,,,,
sold_key-to-lit-arena-tour-2026-neo-classics_1784128226080_6000,1784128226080,key-to-lit-arena-tour-2026-neo-classics,2026-10-09,18:00,セキスイハイムスーパーアリーナ,pickup_number,none,座席未定　条件あり　ランダム配布,,,,,2026-07-15 15:10:26,,2026-09-04 18:01:17,2026-08-27 07:17:28,,sold,1,6000,"複数名義所持しているため、同時入場後に1度チケットを回収させていただき、当方が座席選択後にランダムに配布します。

チケットの選択にお時間をいただきますのであら...",False,,,,,,,,,
sold_key-to-lit-arena-tour-2026-neo-classics_1783770011854_18000,1783770011854,key-to-lit-arena-tour-2026-neo-classics,2026-10-09,18:00,セキスイハイムスーパーアリーナ,electronic,female,同行,,,,,2026-07-11 11:40:11,,2026-09-04 18:01:17,2026-08-27 07:17:28,,sold,1,18000,"FC初期当選/2名義中1番手同行/下3桁提示可/該当名義/変更ボタン有り/有効期限内/着ブロ無し/すり替え無し

公演当日、開場時間10分前目安に集合して頂き同...",False,,,,,,,,,
sold_key-to-lit-arena-tour-2026-neo-classics_1787384512987_25000,1787384512987,key-to-lit-arena-tour-2026-neo-classics,2026-10-09,18:00,セキスイハイムスーパーアリーナ,electronic,female,同行,,,,,2026-08-22 07:41:52,,2026-09-04 18:01:17,2026-08-27 07:17:28,,sold,2,25000,"・指定の時間（開場時間の30分～1時間前）に会場にて集合していただきます。10分以上の遅刻は待たずに入場、受け取り評価のみしていただきます。
・ チケットは2名...",False,,,,,,,,,
sold_key-to-lit-arena-tour-2026-neo-classics_1781000121584_8500,1781000121584,key-to-lit-arena-tour-2026-neo-classics,2026-10-09,18:00,セキスイハイムスーパーアリーナ,electronic,female,公演前日ログイン情報共有,,,,,2026-06-09 10:15:21,,2026-09-04 18:01:17,2026-08-27 07:17:28,,sold,1,8500,"初期当選/単番/非該当名義/QRごとのお譲り、すり替えなし
※サイチェン不可、名義を傷つける行為はお辞めください。
公演中止以外のいかなる場合も返金不可
上記、...",False,,,,,,,,,
sold_key-to-lit-arena-tour-2026-neo-classics_1786976038834_7500,1786976038834,key-to-lit-arena-tour-2026-neo-classics,2026-10-09,18:00,セキスイハイムスーパーアリーナ,electronic,none,同行,,,,,2026-08-17 14:13:58,,2026-09-04 18:01:17,2026-08-27 07:17:28,,sold,1,7500,"
当方が座席を選択した後、残ったチケットをランダムでお渡し致します。
ご購入様にお席をお選び頂くことはできません。

発券後、一度チケットを全て回収させていただ...",False,,,,,,,,,
sold_key-to-lit-arena-tour-2026-neo-classics_1784242390854_40000,1784242390854,key-to-lit-arena-tour-2026-neo-classics,2026-10-09,18:00,セキスイハイムスーパーアリーナ,electronic,female,同行,,,,,2026-07-16 22:53:10,,2026-09-04 18:01:17,2026-08-27 07:17:28,,sold,1,40000,"・2名義中1番手同行
・該当名義、有効期限内、初期当選、着ブロ希望なし、変更ボタンあり
・本人確認、同行者登録可
・当方が選択した2連のうち1枚をお渡し致します...",False,,,,,,,,,
sold_key-to-lit-arena-tour-2026-neo-classics_1782301849861_9300,1782301849861,key-to-lit-arena-tour-2026-neo-classics,2026-10-09,18:00,セキスイハイムスーパーアリーナ,electronic,female,同行,,,,,2026-06-24 11:50:49,,2026-09-04 18:01:17,2026-08-27 07:17:28,,sold,2,9300,"2名義中2番手
初期当選/着ブロ希望なし / 下3桁提示可能/すり替えなし

公演当日、こちらが指定した時間に会場付近にて待ち合わせのうえ、同時入場していただき...",False,,,,,,,,,
sold_key-to-lit-arena-tour-2026-neo-classics_1780990402488_19000,1780990402488,key-to-lit-arena-tour-2026-neo-classics,2026-10-09,18:00,セキスイハイムスーパーアリーナ,electronic,female,同行,,,,,2026-06-09 07:33:22,,2026-09-04 18:01:17,2026-08-27 07:17:28,,sold,1,19000,"✨本人確認対応可能/顔認証経験名義✨

座席確認後すぐのお渡し
非該当/重複すり替え無し/ 初期当選/2連中の1枚当方と同行/同行者登録可能/有効期限内名義/下...",False,,,,,,,,,
sold_key-to-lit-arena-tour-2026-neo-classics_1785227381581_40000,1785227381581,key-to-lit-arena-tour-2026-neo-classics,2026-10-09,18:00,セキスイハイムスーパーアリーナ,electronic,female,公演日前日にQRコード共有,,,,,2026-07-28 08:29:41,,2026-09-04 18:01:17,2026-08-27 07:17:28,,sold,2,40000,"初期当選/QR毎/非該当名義/重複・すり替えなし/有効期限内/下3桁提示可

※非該当名義です。

公演前日にログイン情報をお伝えします。
入場後、速やかにログ...",False,,,,,,,,,
sold_key-to-lit-arena-tour-2026-neo-classics_1785977992414_5500,1785977992414,key-to-lit-arena-tour-2026-neo-classics,2026-10-09,18:00,セキスイハイムスーパーアリーナ,electronic,none,ランダム配布　同時入場,,,,,2026-08-06 00:59:52,,2026-09-04 18:01:17,2026-08-27 07:17:28,,sold,1,5500,"公演当日16:30までに会場付近で待ち合わせし、同時入場していただきます。

購入者様は座席をお選びいただけません。
入場後は、発券したチケットを回収した後、一...",False,,,,,,,,,
sold_key-to-lit-arena-tour-2026-neo-classics_1780301604220_25000,1780301604220,key-to-lit-arena-tour-2026-neo-classics,2026-10-09,18:00,セキスイハイムスーパーアリーナ,electronic,female,同行,,,,,2026-06-01 08:13:24,,2026-09-04 18:01:17,2026-08-27 07:17:28,,sold,1,25000,"2連中の1枚/当方と同行/FC初期当選/重複なし/下3桁提示可/該当名義/変更ボタン有り/有効期限内/着ブロ無し/すり替え無し

公演当日、開場時間10分前目安...",False,,,,,,,,,
sold_key-to-lit-arena-tour-2026-neo-classics_1781777663342_3500,1781777663342,key-to-lit-arena-tour-2026-neo-classics,2026-10-09,18:00,セキスイハイムスーパーアリーナ,electronic,female,ランダム配布　同時入場,,,,,2026-06-18 10:14:23,,2026-09-04 18:01:17,2026-08-27 07:17:28,,sold,1,3500,"公演当日16:30までに会場付近で待ち合わせし、同時入場していただきます。

購入者様は座席をお選びいただけません。
入場後は、発券したチケットを回収した後、一...",False,,,,,,,,,
sold_key-to-lit-arena-tour-2026-neo-classics_1780042628141_25000,1780042628141,key-to-lit-arena-tour-2026-neo-classics,2026-10-09,18:00,セキスイハイムスーパーアリーナ,electronic,female,同行,,,,,2026-05-29 08:17:08,,2026-09-04 18:01:17,2026-08-27 07:17:28,,sold,1,25000,"初期当選同行/該当名義/変更ボタンあり/下3桁提示可/同行者登録可/佐々木担不可

開場10分前に集合し同時入場していただきます。連番内の座席はこちらで決めさせ...",False,,,,,,,,,
sold_key-to-lit-arena-tour-2026-neo-classics_1780046861929_13000,1780046861929,key-to-lit-arena-tour-2026-neo-classics,2026-10-09,18:00,セキスイハイムスーパーアリーナ,electronic,female,公演日前日にログイン情報共有,,,,,2026-05-29 09:27:41,,2026-09-04 18:01:17,2026-08-27 07:17:28,,sold,2,13000,"非該当名義　初期当選
公演前日にログイン情報をお伝えします。その際、買手様で同行者登録もお願いいたします。公演当日は入場後速やかにログアウトとアプリ上での受取り...",False,,,,,,,,,
sold_key-to-lit-arena-tour-2026-neo-classics_1780497461512_9000,1780497461512,key-to-lit-arena-tour-2026-neo-classics,2026-10-09,18:00,セキスイハイムスーパーアリーナ,electronic,female,2名義中2番手,,,,,2026-06-03 14:37:41,,2026-09-04 18:01:17,2026-08-27 07:17:28,,sold,2,9000,有効期限内 下3桁提示可能 すり替えなし 該当名義のみ 公演中止以外のキャンセル不可,False,,,,,,,,,
sold_key-to-lit-arena-tour-2026-neo-classics_1786212775327_48000,1786212775327,key-to-lit-arena-tour-2026-neo-classics,2026-10-09,18:00,セキスイハイムスーパーアリーナ,electronic,female,同行,,,,,2026-08-08 18:12:55,,2026-09-04 18:01:17,2026-08-27 07:17:28,,sold,1,48000,"同行/重複すり替えなし/初期当選/該当/サイチェン可/本確対応不可/猪狩担不可

・集合時間と場所は公演前日までにお知らせいたします。時間厳守でお願いいたします...",False,,,,,,,,,
sold_key-to-lit-arena-tour-2026-neo-classics_1783967237722_6500,1783967237722,key-to-lit-arena-tour-2026-neo-classics,2026-10-09,18:00,セキスイハイムスーパーアリーナ,electronic,female,同行,,,,,2026-07-13 18:27:17,,2026-09-04 18:01:17,2026-08-27 07:17:28,,sold,1,6500,"【ランダム配布にご理解ある方のみご購入お願い致します】
同時入場後、ランダムでチケットをお渡しさせて頂きます。
ご自身での座席選択はできかねますのでご了承くださ...",False,,,,,,,,,
sold_key-to-lit-arena-tour-2026-neo-classics_1781789809930_24000,1781789809930,key-to-lit-arena-tour-2026-neo-classics,2026-10-10,12:30,セキスイハイムスーパーアリーナ,electronic,female,同行,,,,,2026-06-18 13:36:49,,2026-09-04 18:01:17,2026-08-27 07:17:28,,sold,2,24000,"5名義中4番手/すり替えなし/全て該当名義/有効期限内/変更ボタンあり/下3桁提示可
・座席選択に時間を要する場合がございます。
・座席に関するクレーム等は一切...",False,,,,,,,,,
0vwaylaujz,1787767214919,key-to-lit-arena-tour-2026-neo-classics,2026-10-10,12:30,セキスイハイムスーパーアリーナ,electronic,female,同行,ありちゃん,5.0,,ランダム,2026-08-26 18:00:14,,2026-09-04 18:01:17,2026-08-27 15:01:14,,sold,1,18500,"FC先行 座席未定/複数名義当選のため同時入場後に一度チケットを回収し、当方の座席選択後にランダム配布いたします/全名義有効期限内/同一クレカでの複数支払い無し
・公演当日、こちらが指定した時間（開場約30分前）に会場付近で待ち合わせし、同時入場していただきます。詳しい待ち合わせ時間・場所等は、公演日近くになりましたらマイページの連絡ボードでお知らせします。
・お待ち合わせは時間厳守でお願いいたします。天候不良による交通機関の乱れを含み如何なる理由でも遅れた場合は先に入場いたしますが、受け取り連絡はしていただきますのでご了承ください。
・デジタルチケットでの入場のため、ご購入者様の端末をお借りし、チケット表示にご協力いただく場合がございます。チケット表示の間、ご購入者様の身分証を一時的にお預かりする場合がございます。その際は入場後速やかにご返却いたします。
・同時入場後は、一旦チケットを回収させていただきます。その後、混雑を避けるため一旦会場内で解散し、開演前までにチケットをお渡しいたします。お渡しまでにお時間を頂戴する可能性がございますが、開演前までにはお渡しいたしますので、催促等はお控えください。尚、ランダム配布のためご購入者様による座席選択はできません。
・チケットの受け取り後、その場で受け取り連絡をお願いいたします。また、座席未定のため、座席に関するクレームはお受けいたしません。
・複数名義所持しておりますが、名義数や下3桁の提示等一切公表できかねます。
・円滑なお取引のため、同行者様含め日本語が理解できる女性のみご購入をお願いいたします。男性や代理購入、小さなお子様連れでお越しの方は購入をご遠慮ください。また、当日は必ず購入者様ご本人がお越しください。
・公演中止の場合に限り手数料を差し引いた金額を返金いたします。入場時のランダムエラー・本人確認・体調不良・集合時間遅刻による入場不可、出演者変更等、公演中止以外の場合は如何なる理由でも返金対応は致しかねます。
購入いただいた時点で上記注意事項について全てご理解いただけたものとみなします。",True,,,,,,,,,
sold_key-to-lit-arena-tour-2026-neo-classics_1783590782751_52000,1783590782751,key-to-lit-arena-tour-2026-neo-classics,2026-10-10,12:30,セキスイハイムスーパーアリーナ,electronic,female,公演3日前にログイン情報をご連絡いたします。,,,,,2026-07-09 09:53:02,,2026-09-04 18:01:17,2026-08-27 07:17:28,,sold,2,52000,情報局先行/座席未定/初期当選/会員番号下3桁提示可/該当名義 変更ボタン有/重複すり替えなしQRごとのお譲り/有効期限内名義/Pay-easy支払済/着ブロ申...,False,,,,,,,,,
7aala51ch2,1784552375797,key-to-lit-arena-tour-2026-neo-classics,2026-10-10,12:30,セキスイハイムスーパーアリーナ,electronic,female,同行,ゆ,5.0,,同行番手,2026-07-20 12:59:35,,2026-08-28 13:01:11,,,deleted,1,60000,"2名義中1番手同行　即8
両方とも該当(変ボあり)/初期当選/下3桁提示可/サイチェン可/有効会員

開場時間の15分前までに会場付近でお集まりいただき、同時入...",True,,,,,,,,,
sold_key-to-lit-arena-tour-2026-neo-classics_1780222060227_6000,1780222060227,key-to-lit-arena-tour-2026-neo-classics,2026-10-10,12:30,セキスイハイムスーパーアリーナ,electronic,female,同行,,,,,2026-05-31 10:07:40,,2026-09-04 18:01:17,2026-08-27 07:17:28,,sold,1,6000,【入場時ランダムエラーの場合の全額返金保証、指定席のみ】指定席の中からランダムのお渡しとなり、購入者様の座席選択権はありませんことご理解下さい。(連番での落札は...,False,,,,,,,,,
sold_key-to-lit-arena-tour-2026-neo-classics_1780065992138_0,1780065992138,key-to-lit-arena-tour-2026-neo-classics,2026-10-10,12:30,セキスイハイムスーパーアリーナ,electronic,female,同行,,,,,2026-05-29 14:46:32,,2026-09-04 18:01:17,2026-08-27 07:17:28,,sold,2,0,"4名義中4番手
初期当選/該当名義/変ボあり/有効期限内/すり替えなし/下3桁提示可

同時入場後当方が座席選択次第、4名義中4番手のチケットをお渡ししますので...",False,,,,,,,,,
sold_key-to-lit-arena-tour-2026-neo-classics_1782704622370_30000,1782704622370,key-to-lit-arena-tour-2026-neo-classics,2026-10-10,12:30,セキスイハイムスーパーアリーナ,electronic,female,3名義中2番手,,,,,2026-06-29 03:43:42,,2026-09-04 18:01:17,2026-08-27 07:17:28,,sold,2,30000,3名義中2番手です。　すべて該当/期限内/下3桁提示可能　/      ランダムエラーによる返金対応はいたしかねます。,False,,,,,,,,,
sold_key-to-lit-arena-tour-2026-neo-classics_1780044114159_22000,1780044114159,key-to-lit-arena-tour-2026-neo-classics,2026-10-10,12:30,セキスイハイムスーパーアリーナ,electronic,female,同行,,,,,2026-05-29 08:41:54,,2026-09-04 18:01:17,2026-08-27 07:17:28,,sold,1,22000,"初期当選同行、非該当名義、下3桁提示可、同行者登録可、佐々木担不可

同行募集です。開場10分前に集合し同時入場していただきます。連番内での座席はこちらで決めさ...",False,,,,,,,,,
sold_key-to-lit-arena-tour-2026-neo-classics_1786455539787_50000,1786455539787,key-to-lit-arena-tour-2026-neo-classics,2026-10-10,12:30,セキスイハイムスーパーアリーナ,electronic,female,公演日7日前までにQRコード共有,,,,,2026-08-11 13:38:59,,2026-09-04 18:01:17,2026-08-27 07:17:28,,sold,1,50000,"情報局先行/QR毎/非該当名義/変更ボタン有/下3桁提示可能/有効期限内/FC先行初期当選/過去にエラー、郵便戻り等なし

個人情報取り扱い厳重注意、入場後の速...",False,,,,,,,,,
sold_key-to-lit-arena-tour-2026-neo-classics_1780030623284_30000,1780030623284,key-to-lit-arena-tour-2026-neo-classics,2026-10-10,12:30,セキスイハイムスーパーアリーナ,electronic,female,公演日前日にログイン情報共有,,,,,2026-05-29 04:57:03,,2026-09-04 18:01:17,2026-08-27 07:17:28,,sold,2,30000,"初期当選 下3桁提示可 すり替えなし 有効期限内 該当名義 着ブロ指定なし 同一クレカ決済、過去エラーなし 同行者登録可

公演日前日にログインに必要な情報を連...",False,,,,,,,,,
sold_key-to-lit-arena-tour-2026-neo-classics_1782261302217_25000,1782261302217,key-to-lit-arena-tour-2026-neo-classics,2026-10-10,12:30,セキスイハイムスーパーアリーナ,electronic,female,公演前日までにQRコード共有,,,,,2026-06-24 00:35:02,,2026-09-04 18:01:17,2026-08-27 07:17:28,,sold,2,25000,復活当選/該当/有効期限内/変更ボタン有/下3桁提示可/同行者登録可,False,,,,,,,,,
sold_key-to-lit-arena-tour-2026-neo-classics_1780074408063_8273,1780074408063,key-to-lit-arena-tour-2026-neo-classics,2026-10-10,12:30,セキスイハイムスーパーアリーナ,electronic,female,同行,,,,,2026-05-29 17:06:48,,2026-09-04 18:01:17,2026-08-27 07:17:28,,sold,2,8273,"座席未定 ランダム配布 条件あり 座席選択不可 代理購入不可 

 ランダム配布になりますので最後までご理解いただきご購入ください。  

・複数名義所持してお...",False,,,,,,,,,
sold_key-to-lit-arena-tour-2026-neo-classics_1780208199361_5000,1780208199361,key-to-lit-arena-tour-2026-neo-classics,2026-10-10,12:30,セキスイハイムスーパーアリーナ,electronic,female,ランダム配布,,,,,2026-05-31 06:16:39,,2026-09-04 18:01:17,2026-08-27 07:17:28,,sold,2,5000,"日本語が通じる方のみ。

公演当日、開場30分前(11時半開場の場合11時)に会場にてお待ち合わせをお願い致します。遅刻厳禁になりますので、お時間に余裕のある方...",False,,,,,,,,,
sold_key-to-lit-arena-tour-2026-neo-classics_1787536940602_18000,1787536940602,key-to-lit-arena-tour-2026-neo-classics,2026-10-10,12:30,セキスイハイムスーパーアリーナ,electronic,female,同行,,,,,2026-08-24 02:02:20,,2026-09-04 18:01:17,2026-08-27 07:17:28,,sold,1,18000,"【ランダム配布にご理解ある方のみご購入お願い致します】
同時入場後、ランダムでチケットをお渡しさせて頂きます。
ご自身での座席選択はできかねますのでご了承くださ...",False,,,,,,,,,
sold_key-to-lit-arena-tour-2026-neo-classics_1780029857663_9000,1780029857663,key-to-lit-arena-tour-2026-neo-classics,2026-10-10,12:30,セキスイハイムスーパーアリーナ,electronic,female,指定席のみランダム,,,,,2026-05-29 04:44:17,,2026-09-04 18:01:17,2026-08-27 07:17:28,,sold,2,9000,"ランダム配布ご理解いただける方のみご購入お願いします。初めての方も最後まで丁寧に対応いたします。
3名義以内での入場になります。開場~30分前に会場付近に集合予...",False,,,,,,,,,
sold_key-to-lit-arena-tour-2026-neo-classics_1785551080186_52000,1785551080186,key-to-lit-arena-tour-2026-neo-classics,2026-10-10,12:30,セキスイハイムスーパーアリーナ,electronic,female,同行,,,,,2026-08-01 02:24:40,,2026-09-04 18:01:17,2026-08-27 07:17:28,,sold,1,52000,"2連中1枚同行/FC先行/座席未定/下3桁提示可能/有効期限内該当名義/初期当選

・開演約1時間前に会場付近にて待ち合わせし、同時入場していただきます。
・嶺...",False,,,,,,,,,
sold_key-to-lit-arena-tour-2026-neo-classics_1786213193076_50000,1786213193076,key-to-lit-arena-tour-2026-neo-classics,2026-10-10,12:30,セキスイハイムスーパーアリーナ,electronic,female,同行,,,,,2026-08-08 18:19:53,,2026-09-04 18:01:17,2026-08-27 07:17:28,,sold,1,50000,"同行/重複すり替えなし/初期当選/該当/サイチェン可/本確対応不可/猪狩担不可

・集合時間と場所は公演前日までにお知らせいたします。時間厳守でお願いいたします...",False,,,,,,,,,
sold_key-to-lit-arena-tour-2026-neo-classics_1780560041242_20000,1780560041242,key-to-lit-arena-tour-2026-neo-classics,2026-10-10,12:30,セキスイハイムスーパーアリーナ,electronic,female,同行,,,,,2026-06-04 08:00:41,,2026-09-04 18:01:17,2026-08-27 07:17:28,,sold,1,20000,"3名義中2番手1枚同行
初期当選/該当名義/下3桁提示可/変更ボタンあり/サイチェン可/エラー歴なし

詳しい集合時間や場所については公演日までにトークルームに...",False,,,,,,,,,
sold_key-to-lit-arena-tour-2026-neo-classics_1780228046905_25000,1780228046905,key-to-lit-arena-tour-2026-neo-classics,2026-10-10,12:30,セキスイハイムスーパーアリーナ,electronic,female,公演日前日にログイン情報共有,,,,,2026-05-31 11:47:26,,2026-09-04 18:01:17,2026-08-27 07:17:28,,sold,2,25000,"QR毎 2連
初期当選/該当名義/変あり/有効期限内/重複すり替えなし/下3桁提示可/着ブロ希望なし/同行者登録可

公演日前日にログイン情報をお伝えします。公...",False,,,,,,,,,
sold_key-to-lit-arena-tour-2026-neo-classics_1786972771985_12000,1786972771985,key-to-lit-arena-tour-2026-neo-classics,2026-10-10,12:30,セキスイハイムスーパーアリーナ,electronic,female,同行,,,,,2026-08-17 13:19:31,,2026-09-04 18:01:17,2026-08-27 07:17:28,,sold,1,12000,"当方が座席を選択した後、残ったチケットをランダムでお渡し致します。
ご購入様にお席をお選び頂くことはできません。

発券後、一度チケットを全て回収させていただき...",False,,,,,,,,,
sold_key-to-lit-arena-tour-2026-neo-classics_1786154496858_55000,1786154496858,key-to-lit-arena-tour-2026-neo-classics,2026-10-10,12:30,セキスイハイムスーパーアリーナ,electronic,female,公演日1～2日前までにQRコード共有,,,,,2026-08-08 02:01:36,,2026-09-04 18:01:17,2026-08-27 07:17:28,,sold,1,55000,"即6.5/情報局先行/QR毎/該当名義/変更ボタン有/下3桁提示可能/有効期限内/FC先行初期当選/過去にエラー、郵便戻り等なし

個人情報取り扱い厳重注意、入...",False,,,,,,,,,
sold_key-to-lit-arena-tour-2026-neo-classics_1780074219646_6205,1780074219646,key-to-lit-arena-tour-2026-neo-classics,2026-10-10,12:30,セキスイハイムスーパーアリーナ,electronic,female,同行,,,,,2026-05-29 17:03:39,,2026-09-04 18:01:17,2026-08-27 07:17:28,,sold,1,6205,"座席未定 ランダム配布 条件あり 座席選択不可 代理購入不可 

 ランダム配布になりますので最後までご理解いただきご購入ください。  

・複数名義所持してお...",False,,,,,,,,,
sold_key-to-lit-arena-tour-2026-neo-classics_1781174914401_5000,1781174914401,key-to-lit-arena-tour-2026-neo-classics,2026-10-10,12:30,セキスイハイムスーパーアリーナ,electronic,female,同行,,,,,2026-06-11 10:48:34,,2026-09-04 18:01:17,2026-08-27 07:17:28,,sold,1,5000,"数名義所持、少人数ランダム配布
購入者様が座席をお選びいただくことはできませんのでご了承ください。

※以下の取引方法の説明と注意事項を必ずご確認ください

取...",False,,,,,,,,,
sold_key-to-lit-arena-tour-2026-neo-classics_1780110204404_10000,1780110204404,key-to-lit-arena-tour-2026-neo-classics,2026-10-10,12:30,セキスイハイムスーパーアリーナ,electronic,female,同行,,,,,2026-05-30 03:03:24,,2026-09-04 18:01:17,2026-08-27 07:17:28,,sold,1,10000,"4名義中4番手、下3桁提示可能、全て該当有効期限内
⭐️公演当日は会場付近で待ち合わせをし、同時入場していただきます。
⭐️詳しい待ち合わせ時間や場所等はお取引...",False,,,,,,,,,
sold_key-to-lit-arena-tour-2026-neo-classics_1786891528174_37000,1786891528174,key-to-lit-arena-tour-2026-neo-classics,2026-10-10,12:30,セキスイハイムスーパーアリーナ,electronic,none,同行,,,,,2026-08-16 14:45:28,,2026-09-04 18:01:17,2026-08-27 07:17:28,,sold,1,37000,"座席未定／初期当選／該当×2 非該当×1（変更ボタンあり） ／3名義中3番手／有効期限内／すり替えなし／下3桁提示可／サイチェン可
☆ランダムエラーの場合、一部...",False,,,,,,,,,
sold_key-to-lit-arena-tour-2026-neo-classics_1781335352706_50000,1781335352706,key-to-lit-arena-tour-2026-neo-classics,2026-10-10,12:30,セキスイハイムスーパーアリーナ,electronic,female,前日にログイン情報お伝え,,,,,2026-06-13 07:22:32,,2026-09-04 18:01:17,2026-08-27 07:17:28,,sold,2,50000,重複すり替えなし、該当名義、変更ボタン有り、QR毎のお譲り、昨年スタンド名義(最終当選歴)、下3桁お伝え可能、エラーなし、有効期限内名義、着ブロ指定なし、初期当...,False,,,,,,,,,
sold_key-to-lit-arena-tour-2026-neo-classics_1780482353950_10000,1780482353950,key-to-lit-arena-tour-2026-neo-classics,2026-10-10,12:30,セキスイハイムスーパーアリーナ,electronic,female,同行,,,,,2026-06-03 10:25:53,,2026-09-04 18:01:17,2026-08-27 07:17:28,,sold,2,10000,【入場時ランダムエラーの場合の全額返金保証、指定席のみ】指定席の中からランダムのお渡しとなり、購入者様の座席選択権はありませんことご理解下さい。(連番での落札は...,False,,,,,,,,,
sold_key-to-lit-arena-tour-2026-neo-classics_1784128276272_6000,1784128276272,key-to-lit-arena-tour-2026-neo-classics,2026-10-10,12:30,セキスイハイムスーパーアリーナ,electronic,none,ランダム配布,,,,,2026-07-15 15:11:16,,2026-09-04 18:01:17,2026-08-27 07:17:28,,sold,1,6000,"複数名義所持しているため、同時入場後に1度チケットを回収させていただき、当方が座席選択後にランダムに配布します。

チケットの選択にお時間をいただきますのであら...",False,,,,,,,,,
sold_key-to-lit-arena-tour-2026-neo-classics_1782958427254_50000,1782958427254,key-to-lit-arena-tour-2026-neo-classics,2026-10-10,12:30,セキスイハイムスーパーアリーナ,electronic,female,公演前日にログイン情報を共有,,,,,2026-07-02 02:13:47,,2026-09-04 18:01:17,2026-08-27 07:17:28,,sold,2,50000,"FC先行/初期当選/QR毎/座席未定/該当名義/変更ボタン無/有効期限内名義/下3桁提示可/クレカ決済済み

公演日前日にログイン情報お伝えします。

同行者登...",False,,,,,,,,,
sold_key-to-lit-arena-tour-2026-neo-classics_1783903156163_25000,1783903156163,key-to-lit-arena-tour-2026-neo-classics,2026-10-10,12:30,セキスイハイムスーパーアリーナ,electronic,female,4名義中4番手,,,,,2026-07-13 00:39:16,,2026-09-04 18:01:17,2026-08-27 07:17:28,,sold,2,25000,4名義中4番手/初期当選/すべて該当名義/すり替えなし/下3桁提示可/有効期限内 / 発送物戻りなし/着ブロ希望なし/Pay-easy入金/サイチェン可/変更ボ...,False,,,,,,,,,
sold_key-to-lit-arena-tour-2026-neo-classics_1782704446930_15000,1782704446930,key-to-lit-arena-tour-2026-neo-classics,2026-10-10,12:30,セキスイハイムスーパーアリーナ,electronic,female,3名義中3番手,,,,,2026-06-29 03:40:46,,2026-09-04 18:01:17,2026-08-27 07:17:28,,sold,2,15000,3名義中3番手です。すべて該当/期限内/下3桁提示可能　    ランダムエラーによる返金対応はいたしかねます。,False,,,,,,,,,
zuejigd9kc,1782378507876,key-to-lit-arena-tour-2026-neo-classics,2026-10-10,12:30,セキスイハイムスーパーアリーナ,electronic,female,同行,ゆ,5.0,,番手,2026-06-25 09:08:27,,2026-08-28 13:01:11,,,deleted,2,35000,"2名義中2番手　即5
両方とも該当(変ボあり)/初期当選/下3桁提示可/有効会員

開場時間の15分前までに会場付近でお集まりいただき、同時入場いたします。
遅...",True,,,,,,,,,
sold_key-to-lit-arena-tour-2026-neo-classics_1780060974726_25000,1780060974726,key-to-lit-arena-tour-2026-neo-classics,2026-10-10,12:30,セキスイハイムスーパーアリーナ,electronic,female,同行 3名義中2番手 該当名義 初期当選 有効期限内,,,,,2026-05-29 13:22:54,,2026-09-04 18:01:17,2026-08-27 07:17:28,,sold,2,25000,"3名義中2番手

こちらの会場の構成上ゲートが出次第、相談させていただく可能性がございます。

2連番でご購入頂いた場合は連番のチケットをお渡し致します。

入...",False,,,,,,,,,
sold_key-to-lit-arena-tour-2026-neo-classics_1780070470340_16000,1780070470340,key-to-lit-arena-tour-2026-neo-classics,2026-10-10,12:30,セキスイハイムスーパーアリーナ,electronic,female,同時入場,,,,,2026-05-29 16:01:10,,2026-09-04 18:01:17,2026-08-27 07:17:28,,sold,2,16000,2名義2番手｜該当名義｜変更ボタン有｜下3桁提示可能,False,,,,,,,,,
sold_key-to-lit-arena-tour-2026-neo-classics_1786891154337_15500,1786891154337,key-to-lit-arena-tour-2026-neo-classics,2026-10-10,12:30,セキスイハイムスーパーアリーナ,electronic,none,同行,,,,,2026-08-16 14:39:14,,2026-09-04 18:01:17,2026-08-27 07:17:28,,sold,2,15500,"ファンクラブ先行／3名義ランダム配布（開演15分前）
☆ランダムエラー返金不可

・公演日はこちらの指定する時間と場所にて待ち合わせし同時入場していただきます。...",False,,,,,,,,,
sold_key-to-lit-arena-tour-2026-neo-classics_1786975649052_15000,1786975649052,key-to-lit-arena-tour-2026-neo-classics,2026-10-10,12:30,セキスイハイムスーパーアリーナ,electronic,female,同行,,,,,2026-08-17 14:07:29,,2026-09-04 18:01:17,2026-08-27 07:17:28,,sold,1,15000,"当方が座席を選択した後、残ったチケットをランダムでお渡し致します。
ご購入様にお席をお選び頂くことはできません。

発券後、一度チケットを全て回収させていただき...",False,,,,,,,,,
sold_key-to-lit-arena-tour-2026-neo-classics_1781922379127_30000,1781922379127,key-to-lit-arena-tour-2026-neo-classics,2026-10-10,12:30,セキスイハイムスーパーアリーナ,electronic,female,公演日前日にQRコード共有,,,,,2026-06-20 02:26:19,,2026-09-04 18:01:17,2026-08-27 07:17:28,,sold,2,30000,"復活当選/期限内/同行者登録可/非該当名義/変更ボタン有/サイチェン可

LINE交換⭕️
多少のお値下げ⭕️",False,,,,,,,,,
nhk0wchb3j,,key-to-lit-arena-tour-2026-neo-classics,2026-10-10,12:30,セキスイハイムスーパーアリーナ,electronic,female,同行,co,5.0,,番手同行,2026-06-30 05:26:00,,2026-09-04 19:01:10,,,listing,2,55000,"2名義中2番手/初期当選/該当×1.非該当(着ブロ希望)×1/変更ボタンあり/有効期限内/すり替えなし/会員番号下3桁提示可能

開場時間頃、入場口付近でお待ち...",True,,,absent_unverified,,2026-09-27 09:48:30,,,,
sold_key-to-lit-arena-tour-2026-neo-classics_1786964305243_9500,1786964305243,key-to-lit-arena-tour-2026-neo-classics,2026-10-10,12:30,セキスイハイムスーパーアリーナ,electronic,none,同行,,,,,2026-08-17 10:58:25,,2026-09-04 18:01:17,2026-08-27 07:17:28,,sold,1,9500,"当方が座席を選択した後、残ったチケットをランダムでお渡し致します。
ご購入様にお席をお選び頂くことはできません。

発券後、一度チケットを全て回収させていただき...",False,,,,,,,,,
sold_key-to-lit-arena-tour-2026-neo-classics_1787619601719_35000,1787619601719,key-to-lit-arena-tour-2026-neo-classics,2026-10-10,17:30,セキスイハイムスーパーアリーナ,electronic,female,同行,,,,,2026-08-25 01:00:01,,2026-09-04 18:01:17,2026-08-27 07:17:28,,sold,2,35000,"6名義中5番手、全て該当、有効期限内、初期当選、エラー歴なし、すり替えなし、購入後下3桁提示可

・開場15分前に会場付近に待ち合わせし、同時入場予定。大幅な遅...",False,,,,,,,,,
sold_key-to-lit-arena-tour-2026-neo-classics_1780333484375_5000,1780333484375,key-to-lit-arena-tour-2026-neo-classics,2026-10-10,17:30,セキスイハイムスーパーアリーナ,electronic,female,同行,,,,,2026-06-01 17:04:44,,2026-09-04 18:01:17,2026-08-27 07:17:28,,sold,1,5000,"【ランダム配布にご理解ある方のみご購入お願い致します】
同時入場後、ランダムでチケットをお渡しさせて頂きます。
ご自身での座席選択はできかねますのでご了承くださ...",False,,,,,,,,,
sold_key-to-lit-arena-tour-2026-neo-classics_1786968204638_77000,1786968204638,key-to-lit-arena-tour-2026-neo-classics,2026-10-10,17:30,セキスイハイムスーパーアリーナ,electronic,female,公演日前日までにQRコード共有,,,,,2026-08-17 12:03:24,,2026-09-04 18:01:17,2026-08-27 07:17:28,,sold,1,77000,"初期当選/有効内名義/QRごと/単番応募/下3桁開示可
公演中止以外でのいかなる場合（出演変更、公共交通機関の遅れなど）でのキャンセル不可
公演前日までに必要情...",False,,,,,,,,,
sold_key-to-lit-arena-tour-2026-neo-classics_1786963900487_9800,1786963900487,key-to-lit-arena-tour-2026-neo-classics,2026-10-10,17:30,セキスイハイムスーパーアリーナ,electronic,none,同行,,,,,2026-08-17 10:51:40,,2026-09-04 18:01:17,2026-08-27 07:17:28,,sold,1,9800,"当方が座席を選択した後、残ったチケットをランダムでお渡し致します。
ご購入様にお席をお選び頂くことはできません。

発券後、一度チケットを全て回収させていただき...",False,,,,,,,,,
sold_key-to-lit-arena-tour-2026-neo-classics_1780065165882_40000,1780065165882,key-to-lit-arena-tour-2026-neo-classics,2026-10-10,17:30,セキスイハイムスーパーアリーナ,electronic,female,公演前日ログイン情報共有,,,,,2026-05-29 14:32:45,,2026-09-04 18:01:17,2026-08-27 07:17:28,,sold,2,40000,"FC先行 座席未定 2連QR毎
初期当選/該当名義/有効期限内/変更ボタン有り/すり替えなし/下3桁提示可

公演前日にログイン情報をお伝えします。入場が済みま...",False,,,,,,,,,
sold_key-to-lit-arena-tour-2026-neo-classics_1785801108010_5500,1785801108010,key-to-lit-arena-tour-2026-neo-classics,2026-10-10,17:30,セキスイハイムスーパーアリーナ,electronic,none,同行,,,,,2026-08-03 23:51:48,,2026-09-04 18:01:17,2026-08-27 07:17:28,,sold,1,5500,"当方が座席を選択した後、残ったチケットをランダムでお渡し致します。
ご購入様にお席をお選び頂くことはできません。

発券後、一度チケットを全て回収させていただき...",False,,,,,,,,,
sold_key-to-lit-arena-tour-2026-neo-classics_1780037118920_15000,1780037118920,key-to-lit-arena-tour-2026-neo-classics,2026-10-10,17:30,セキスイハイムスーパーアリーナ,electronic,female,同時入場,,,,,2026-05-29 06:45:18,,2026-09-04 18:01:17,2026-08-27 07:17:28,,sold,2,15000,"該当3名義中3番手/すり替えなし/有効期限内/下3桁提示可

当日開場30分前に集合場所にお集まりいただきます。
同時入場後一度チケットを回収いたします。会場内...",False,,,,,,,,,
sdt03tjlu3,1787789842041,key-to-lit-arena-tour-2026-neo-classics,2026-10-10,17:30,セキスイハイムスーパーアリーナ,electronic,female,同行,u,5.0,,同行番手,2026-08-27 00:17:22,,2026-08-28 09:01:14,,,deleted,1,85000,"
2名義中1番手  当方(岩﨑担)と同行
FC先行/初期当選/有効期限内/全該当名義/すり替えなし/下3桁提示可能

プライベート出品にしますので、購入希望の方...",True,,,,,,,,,
sold_key-to-lit-arena-tour-2026-neo-classics_1787023067992_18000,1787023067992,key-to-lit-arena-tour-2026-neo-classics,2026-10-10,17:30,セキスイハイムスーパーアリーナ,electronic,none,同行,,,,,2026-08-18 03:17:47,,2026-09-04 18:01:17,2026-08-27 07:17:28,,sold,1,18000,"当方が座席を選択した後、残ったチケットをランダムでお渡し致します。
ご購入様にお席をお選び頂くことはできません。

発券後、一度チケットを全て回収させていただき...",False,,,,,,,,,
sold_key-to-lit-arena-tour-2026-neo-classics_1780372224009_4000,1780372224009,key-to-lit-arena-tour-2026-neo-classics,2026-10-10,17:30,セキスイハイムスーパーアリーナ,electronic,none,同行,,,,,2026-06-02 03:50:24,,2026-09-04 18:01:17,2026-08-27 07:17:28,,sold,1,4000,"当方が座席を選択した後、残ったチケットをランダムでお渡し致します。
ご購入様にお席をお選び頂くことはできません。

発券後、一度チケットを全て回収させていただき...",False,,,,,,,,,
sold_key-to-lit-arena-tour-2026-neo-classics_1787286440777_50000,1787286440777,key-to-lit-arena-tour-2026-neo-classics,2026-10-10,17:30,セキスイハイムスーパーアリーナ,electronic,female,同行,,,,,2026-08-21 04:27:20,,2026-09-04 18:01:17,2026-08-27 07:17:28,,sold,2,50000,"2名義中2番手

初期当選 該当名義 変更ボタン有 有効期限内 すり替えなし 会員番号下3桁提示可能

ご覧いただき、ありがとうございます。
当日の待ち合わせに...",False,,,,,,,,,
sold_key-to-lit-arena-tour-2026-neo-classics_1782008854072_24000,1782008854072,key-to-lit-arena-tour-2026-neo-classics,2026-10-10,17:30,セキスイハイムスーパーアリーナ,electronic,female,同時入場,,,,,2026-06-21 02:27:34,,2026-09-04 18:01:17,2026-08-27 07:17:28,,sold,2,24000,"４名義中４番手のお譲り
プラベル出品可/全て該当名義２連当選/すり替えなし/初期当選/当選名義下３桁提示/有効期限内/Pay-easy入金/着ブロ指定なし/サイ...",False,,,,,,,,,
sold_key-to-lit-arena-tour-2026-neo-classics_1780074484859_3800,1780074484859,key-to-lit-arena-tour-2026-neo-classics,2026-10-10,17:30,セキスイハイムスーパーアリーナ,electronic,female,同行,,,,,2026-05-29 17:08:04,,2026-09-04 18:01:17,2026-08-27 07:17:28,,sold,1,3800,"座席未定 ランダム配布 条件あり 座席選択不可 代理購入不可 

 ランダム配布になりますので最後までご理解いただきご購入ください。  

・複数名義所持してお...",False,,,,,,,,,
sold_key-to-lit-arena-tour-2026-neo-classics_1783663620223_10000,1783663620223,key-to-lit-arena-tour-2026-neo-classics,2026-10-10,17:30,セキスイハイムスーパーアリーナ,electronic,female,同行,,,,,2026-07-10 06:07:00,,2026-09-04 18:01:17,2026-08-27 07:17:28,,sold,2,10000,"すり替えなしランダム    
 
座席未定、複数名義所持、すり替えなしランダム配布、公演日3日前までに全ての下３桁提示可能
※メッセージいただければ、プライベー...",False,,,,,,,,,
sold_key-to-lit-arena-tour-2026-neo-classics_1780069184130_5000,1780069184130,key-to-lit-arena-tour-2026-neo-classics,2026-10-10,17:30,セキスイハイムスーパーアリーナ,electronic,female,同行,,,,,2026-05-29 15:39:44,,2026-09-04 18:01:17,2026-08-27 07:17:28,,sold,1,5000,"該当名義 / 有効期間内 / ランダム配布

・複数名義所持している為、同時入場後、一度全てのチケットを回収いたします。当方が座席選択後にランダムでチケットをお...",False,,,,,,,,,
sold_key-to-lit-arena-tour-2026-neo-classics_1783590891959_52000,1783590891959,key-to-lit-arena-tour-2026-neo-classics,2026-10-10,17:30,セキスイハイムスーパーアリーナ,electronic,female,公演3日前にログイン情報をご連絡いたします。,,,,,2026-07-09 09:54:51,,2026-09-04 18:01:17,2026-08-27 07:17:28,,sold,2,52000,情報局先行/座席未定/初期当選/会員番号下3桁提示可/該当名義 変更ボタン有/重複すり替えなしQRごとのお譲り/有効期限内名義/Pay-easy支払済/着ブロ申...,False,,,,,,,,,
sold_key-to-lit-arena-tour-2026-neo-classics_1780061068147_52000,1780061068147,key-to-lit-arena-tour-2026-neo-classics,2026-10-10,17:30,セキスイハイムスーパーアリーナ,electronic,female,公演日前日,,,,,2026-05-29 13:24:28,,2026-09-04 18:01:17,2026-08-27 07:17:28,,sold,2,52000,"2連QR
初期当選/該当名義/下３桁提示可
有効期限内/変ボ有り

同行者登録ご自身でお願いします

ランダムエラー等いかなる場合も返金不可。
発券後チケットの...",False,,,,,,,,,
sold_key-to-lit-arena-tour-2026-neo-classics_1780037292888_16000,1780037292888,key-to-lit-arena-tour-2026-neo-classics,2026-10-10,17:30,セキスイハイムスーパーアリーナ,electronic,female,４名義中３番手,,,,,2026-05-29 06:48:12,,2026-09-04 18:01:17,2026-08-27 07:17:28,,sold,2,16000,"４名義中３番手座席未定、初期当選、全て該当名義、すり替えなし、下3桁提示可能、有効期限内
当日開場20分前ぐらいに会場付近にて集合して同時入場いたします。
4名...",False,,,,,,,,,
sold_key-to-lit-arena-tour-2026-neo-classics_1783939465726_8500,1783939465726,key-to-lit-arena-tour-2026-neo-classics,2026-10-10,17:30,セキスイハイムスーパーアリーナ,electronic,female,同行者登録可(本確対応可)・少数ランダム配布,,,,,2026-07-13 10:44:25,,2026-09-04 18:01:17,2026-08-27 07:17:28,,sold,1,8500,"情報局先行/【本確対応可】/座席未定/ 少数ランダム配布/ 初期当選/ 該当名義/有効期限内/ 担当不問

開場20分前までに会場に待ち合わせし同時入場していた...",False,,,,,,,,,
sold_key-to-lit-arena-tour-2026-neo-classics_1786616424632_50000,1786616424632,key-to-lit-arena-tour-2026-neo-classics,2026-10-10,17:30,セキスイハイムスーパーアリーナ,electronic,female,公演日2日前までにQRコード共有,,,,,2026-08-13 10:20:24,,2026-09-04 18:01:17,2026-08-27 07:17:28,,sold,2,50000,"QR毎/情報局先行/該当名義(変更ボタンあり)/初期当選/有効期限内/すり替えなし下3桁提示可/同行者登録可/過去エラーなし

公演2～3日前にログイン情報をお...",False,,,,,,,,,
e2jhm8ablh,1787789617038,key-to-lit-arena-tour-2026-neo-classics,2026-10-10,17:30,セキスイハイムスーパーアリーナ,electronic,female,同行,u,5.0,,番手,2026-08-27 00:13:37,,2026-08-28 09:01:14,,,deleted,2,70000,"2名義中2番手 
FC先行/初期当選/有効期限内/全該当名義/すり替えなし/下3桁提示可能

プライベート出品にしますので、購入希望の方は一度ご連絡ください。...",True,,,,,,,,,
sold_key-to-lit-arena-tour-2026-neo-classics_1781680826664_4500,1781680826664,key-to-lit-arena-tour-2026-neo-classics,2026-10-10,17:30,セキスイハイムスーパーアリーナ,electronic,female,同行,,,,,2026-06-17 07:20:26,,2026-09-04 18:01:17,2026-08-27 07:17:28,,sold,2,4500,"同時入場後、一旦回収させて頂きランダムに配布させて頂きます。座席選択はできませんのでご了承ください。
またランダム配布の為下3桁をお伝えすることはできませんご了...",False,,,,,,,,,
sold_key-to-lit-arena-tour-2026-neo-classics_1780738305260_3500,1780738305260,key-to-lit-arena-tour-2026-neo-classics,2026-10-10,17:30,セキスイハイムスーパーアリーナ,electronic,female,同行,,,,,2026-06-06 09:31:45,,2026-09-04 18:01:17,2026-08-27 07:17:28,,sold,2,3500,"座席未定 ランダム配布条件あり 座席選択不可 代理購入不可
ランダム配布になりますので最後までご理解いただきご購入ください。

・複数名義所持しておりますので、...",False,,,,,,,,,
sold_key-to-lit-arena-tour-2026-neo-classics_1785673301591_30000,1785673301591,key-to-lit-arena-tour-2026-neo-classics,2026-10-10,17:30,セキスイハイムスーパーアリーナ,electronic,female,同行,,,,,2026-08-02 12:21:41,,2026-09-04 18:01:17,2026-08-27 07:17:28,,sold,1,30000,"井上担不可
日本語の通じる女性のみ",False,,,,,,,,,
sold_key-to-lit-arena-tour-2026-neo-classics_1780033726501_9200,1780033726501,key-to-lit-arena-tour-2026-neo-classics,2026-10-10,17:30,セキスイハイムスーパーアリーナ,electronic,female,同行,,,,,2026-05-29 05:48:46,,2026-09-04 18:01:17,2026-08-27 07:17:28,,sold,1,9200,こちら専用出品です。専用買い手様以外ご購入頂かないようよろしくお願いいたします。,False,,,,,,,,,
sold_key-to-lit-arena-tour-2026-neo-classics_1780025386120_4300,1780025386120,key-to-lit-arena-tour-2026-neo-classics,2026-10-10,17:30,セキスイハイムスーパーアリーナ,electronic,female,同行,,,,,2026-05-29 03:29:46,,2026-09-04 18:01:17,2026-08-27 07:17:28,,sold,1,4300,"該当名義 / 有効期間内 / ランダム配布

・複数名義所持している為、同時入場後、一度全てのチケットを回収いたします。当方が座席選択後にランダムでチケットをお...",False,,,,,,,,,
sold_key-to-lit-arena-tour-2026-neo-classics_1786689084540_50000,1786689084540,key-to-lit-arena-tour-2026-neo-classics,2026-10-10,17:30,セキスイハイムスーパーアリーナ,electronic,female,公演日2-3日前までにQRコード共有,,,,,2026-08-14 06:31:24,,2026-09-04 18:01:17,2026-08-27 07:17:28,,sold,2,50000,"QR毎/情報局先行/該当名義(変更ボタンあり)/初期当選/有効期限内/すり替えなし下3桁提示可/同行者登録可/過去エラーなし

公演2～3日前にログイン情報をお...",False,,,,,,,,,
sold_key-to-lit-arena-tour-2026-neo-classics_1785517036891_10000,1785517036891,key-to-lit-arena-tour-2026-neo-classics,2026-10-10,17:30,セキスイハイムスーパーアリーナ,electronic,none,指定席のみランダム,,,,,2026-07-31 16:57:16,,2026-09-04 18:01:17,2026-08-27 07:17:28,,sold,1,10000,"ランダム配布ご理解いただける方のみご購入お願いします。初めての方も最後まで丁寧に対応いたします。
5名義以内での入場になります。開場~30分前に会場付近に集合予...",False,,,,,,,,,
sold_key-to-lit-arena-tour-2026-neo-classics_1784429583308_11000,1784429583308,key-to-lit-arena-tour-2026-neo-classics,2026-10-10,17:30,セキスイハイムスーパーアリーナ,electronic,female,同行,,,,,2026-07-19 02:53:03,,2026-09-04 18:01:17,2026-08-27 07:17:28,,sold,1,11000,"該当名義 / 有効期間内 / ランダム配布

・複数名義所持している為、同時入場後、一度全てのチケットを回収いたします。当方が座席選択後にランダムでチケットをお...",False,,,,,,,,,
sold_key-to-lit-arena-tour-2026-neo-classics_1780277535819_65000,1780277535819,key-to-lit-arena-tour-2026-neo-classics,2026-10-10,17:30,セキスイハイムスーパーアリーナ,electronic,female,公演日前日までにログイン情報共有,,,,,2026-06-01 01:32:15,,2026-09-04 18:01:17,2026-08-27 07:17:28,,sold,2,65000,"QRごと/初期当選/該当名義/変更ボタンあり/有効期限内/同行者登録可/すり替えなし/下3桁提示可
いかなる理由であってもキャンセル・返金不可",False,,,,,,,,,
f4m2zdvj0v,1787804567257,key-to-lit-arena-tour-2026-neo-classics,2026-10-10,17:30,セキスイハイムスーパーアリーナ,electronic,female,同行,Eri,5.0,,同行番手,2026-08-27 04:22:47,,2026-08-27 23:01:08,,,deleted,2,60000,"3名義中2番手/該当名義のみ/初期当選/有効期限内/すり替えなし/下3桁提示可
・公演当日、開演約1時間前を目処に会場付近で待ち合わせします。詳しいお時間や待ち合わせ場所は前日夜にご連絡致します。集合時間など、前後する可能性がありますのでご了承ください。
・如何なる場合でも大幅に遅刻をされた場合はお待ちすることなく入場致します。その場合でも受取通知をして頂きます。キャンセルは不可となりますのでお時間に余裕を持ってお越しください。
・同時入場していただき、一旦チケットを全て回収します。当方と2番手の方が座席選択後に、3番手のチケットを2連でお渡しいたします。
・主催者都合による公演中止の際のみ、手数料を引いた全額を返金致します。入場時のランダムエラー、本人確認や座席に関するクレーム等如何なる場合でも返金致しません。そのまま受取連絡をして頂きますので御了承頂けた方のみご購入ください。よろしくお願い致します。",True,,,,,,,,,
sold_key-to-lit-arena-tour-2026-neo-classics_1781517760319_25000,1781517760319,key-to-lit-arena-tour-2026-neo-classics,2026-10-10,17:30,セキスイハイムスーパーアリーナ,electronic,female,同行,,,,,2026-06-15 10:02:40,,2026-09-04 18:01:17,2026-08-27 07:17:28,,sold,2,25000,"2名義中2番手/該当名義/下3桁提示可能/すり替えなし/

公演当日こちらが指定した時間、場所に来て頂き同時入場して頂きます。入場後チケットを回収させて頂き座席...",False,,,,,,,,,
sold_key-to-lit-arena-tour-2026-neo-classics_1780029902249_10000,1780029902249,key-to-lit-arena-tour-2026-neo-classics,2026-10-10,17:30,セキスイハイムスーパーアリーナ,electronic,female,指定席のみランダム配布,,,,,2026-05-29 04:45:02,,2026-09-04 18:01:17,2026-08-27 07:17:28,,sold,1,10000,"ランダム配布ご理解いただける方のみご購入お願いします。初めての方も最後まで丁寧に対応いたします。
5名義以内での入場になります。開場~30分前に会場付近に集合予...",False,,,,,,,,,
sold_key-to-lit-arena-tour-2026-neo-classics_1784888406507_3800,1784888406507,key-to-lit-arena-tour-2026-neo-classics,2026-10-10,17:30,セキスイハイムスーパーアリーナ,electronic,none,ランダム配布　同時入場,,,,,2026-07-24 10:20:06,,2026-09-04 18:01:17,2026-08-27 07:17:28,,sold,1,3800,"公演当日15:45までに会場付近で待ち合わせし、同時入場していただきます。

購入者様は座席をお選びいただけません。
入場後は、発券したチケットを回収した後、一...",False,,,,,,,,,
sold_key-to-lit-arena-tour-2026-neo-classics_1781615640752_16000,1781615640752,key-to-lit-arena-tour-2026-neo-classics,2026-10-10,17:30,セキスイハイムスーパーアリーナ,electronic,female,4名義中4番手,,,,,2026-06-16 13:14:00,,2026-09-04 18:01:17,2026-08-27 07:17:28,,sold,2,16000,"4名義中4番手のお譲り
該当名義　有効期限内　変更ボタン有り　すり替えなし(下3桁提示可) 着ブロ希望なし
ご購入者様に座席選択権はございません。

・開演前に...",False,,,,,,,,,
sold_key-to-lit-arena-tour-2026-neo-classics_1780044343833_10000,1780044343833,key-to-lit-arena-tour-2026-neo-classics,2026-10-10,17:30,セキスイハイムスーパーアリーナ,electronic,female,同行,,,,,2026-05-29 08:45:43,,2026-09-04 18:01:17,2026-08-27 07:17:28,,sold,1,10000,"※すり替えなし※ランダム配布
入場後解散せずすぐにお渡し致します。

情報局先行 初期当選 該当名義 変更ボタンあり 有効期限内 

・開場30分前を目安に会場...",False,,,,,,,,,
50g941spty,1787748593357,key-to-lit-arena-tour-2026-neo-classics,2026-10-10,17:30,セキスイハイムスーパーアリーナ,electronic,female,同行,さ,5.0,,同行,2026-08-26 12:49:53,,2026-08-27 10:01:13,,,deleted,1,0,"情報局先行/初期当選/該当名義(井上)/重複すり替えなし/下3桁提示可/座席未定/着ブロ希望なし/有効期限内/変更ボタンあり/本人確認不可/井上担不可
2連番のうちの1枚、当方(井上担)との同行です。
開場時刻を目処に会場付近にて集合し、同時入場していただきます。
集合場所と時刻は前日までにメッセージでお伝えします。
連番内の座席はお選びいただけませんのでご了承ください。
また、座席クレームは一切受け付けておりません。
チケットお渡し後、速やかに受取連絡をお願いいたします。
公演中止またはランダムエラーの場合に限り、手数料を差し引いた金額を返金します。
これらを除くいかなる事情(交通機関遅延、体調不良、本人確認、該当担出演キャンセル等)において返金は致しかねます。
なお、集合時刻に遅刻された場合、待たずに入場いたしますが、その際も受取連絡をお願いいたします。
トラブル防止のため、成人した日本人女性のみご購入可能、代理購入は不可となります。",True,,,,,,,,,
sold_key-to-lit-arena-tour-2026-neo-classics_1786374685843_37000,1786374685843,key-to-lit-arena-tour-2026-neo-classics,2026-10-10,17:30,セキスイハイムスーパーアリーナ,electronic,female,同行,,,,,2026-08-10 15:11:25,,2026-09-04 18:01:17,2026-08-27 07:17:28,,sold,2,37000,"【9名義中4番手のお譲り。条件あり】全て初期当選/該当名義/すり替えなし/有効期限内/下3桁提示可

※以下の取引方法の説明と注意事項を必ずご確認ください
取引...",False,,,,,,,,,
sold_key-to-lit-arena-tour-2026-neo-classics_1780036858763_10000,1780036858763,key-to-lit-arena-tour-2026-neo-classics,2026-10-10,17:30,セキスイハイムスーパーアリーナ,electronic,female,４名義中４番手,,,,,2026-05-29 06:40:58,,2026-09-04 18:01:17,2026-08-27 07:17:28,,sold,1,10000,"４名義中４番手、座席未定、初期当選、全て該当名義、すり替えなし、下3桁提示可能、有効期限内
当日開場20分前ぐらいに会場付近にて集合して同時入場いたします。
4...",False,,,,,,,,,
sold_key-to-lit-arena-tour-2026-neo-classics_1780283188895_2500,1780283188895,key-to-lit-arena-tour-2026-neo-classics,2026-10-10,17:30,セキスイハイムスーパーアリーナ,electronic,female,同行,,,,,2026-06-01 03:06:28,,2026-09-04 18:01:17,2026-08-27 07:17:28,,sold,2,2500,"すり替えなし/3名義中3番手/全て有効期限内該当/着ブロ希望あり/公演1週間前までに下3桁提示

・ご購入後、2時間以内に定価+手数料別途お支払いいただきます。...",False,,,,,,,,,
sold_key-to-lit-arena-tour-2026-neo-classics_1787766813361_17900,1787766813361,key-to-lit-arena-tour-2026-neo-classics,2026-10-10,17:30,セキスイハイムスーパーアリーナ,electronic,female,同行,,,,,2026-08-26 17:53:33,,2026-09-04 18:01:17,2026-08-27 07:17:28,,sold,1,17900,"⭐️少人数ランダム配布⭐️
FC先行 座席未定/複数名義当選のため同時入場後に一度チケットを回収し、当方の座席選択後にランダム配布いたします/全名義有効期限内/...",False,,,,,,,,,
sold_key-to-lit-arena-tour-2026-neo-classics_1780044029902_4800,1780044029902,key-to-lit-arena-tour-2026-neo-classics,2026-10-10,17:30,セキスイハイムスーパーアリーナ,electronic,female,同行,,,,,2026-05-29 08:40:29,,2026-09-04 18:01:17,2026-08-27 07:17:28,,sold,1,4800,"該当名義 / 有効期間内 / ランダム配布

・複数名義所持している為、同時入場後、一度全てのチケットを回収いたします。当方が座席選択後にランダムでチケットをお...",False,,,,,,,,,
sold_key-to-lit-arena-tour-2026-neo-classics_1784324535279_0,1784324535279,key-to-lit-arena-tour-2026-neo-classics,2026-10-10,17:30,セキスイハイムスーパーアリーナ,electronic,female,同行,,,,,2026-07-17 21:42:15,,2026-09-04 18:01:17,2026-08-27 07:17:28,,sold,1,0,"⭐︎重複すり替えなし同行/サイチェン可⭐︎
初期当選/該当名義/有効期限内/下3桁提示可

・当日は開場15分前を目安に会場周辺にてお待ち合わせし同時入場いたし...",False,,,,,,,,,
sold_key-to-lit-arena-tour-2026-neo-classics_1784038985611_10000,1784038985611,key-to-lit-arena-tour-2026-neo-classics,2026-10-10,17:30,セキスイハイムスーパーアリーナ,electronic,female,同時入場ランダム配布,,,,,2026-07-14 14:23:05,,2026-09-04 18:01:17,2026-08-27 07:17:28,,sold,1,10000,"１名義のみランダム配布

＊プラベル出品可能

＊16:20ころ会場近くで待ち合わせをし、同時入場お願いいたします

＊４名義でご入場し、うちランダム配布１名義...",False,,,,,,,,,
sold_key-to-lit-arena-tour-2026-neo-classics_1780380471868_25000,1780380471868,key-to-lit-arena-tour-2026-neo-classics,2026-10-10,17:30,セキスイハイムスーパーアリーナ,electronic,female,公演日2日前にログイン情報共有,,,,,2026-06-02 06:07:51,,2026-09-04 18:01:17,2026-08-27 07:17:28,,sold,1,25000,"初期当選/重複すり替えなし/下3桁提示可能/有効期限内/該当名義

公演中止以外の返金は一切できません。
重複やランダムではありません。",False,,,,,,,,,
sold_key-to-lit-arena-tour-2026-neo-classics_1781524352969_18000,1781524352969,key-to-lit-arena-tour-2026-neo-classics,2026-10-10,17:30,セキスイハイムスーパーアリーナ,electronic,female,同行,,,,,2026-06-15 11:52:32,,2026-09-04 18:01:17,2026-08-27 07:17:28,,sold,2,18000,"7名義中6番手／座席未定／代理購入不可 

※メッセージいただければ、プライベート出品での対応も可能です
・ 7名義中6番手 配布になります。 
・同時入場後チ...",False,,,,,,,,,
sold_key-to-lit-arena-tour-2026-neo-classics_1783954363307_3500,1783954363307,key-to-lit-arena-tour-2026-neo-classics,2026-10-10,17:30,セキスイハイムスーパーアリーナ,electronic,none,ランダム配布　同時入場,,,,,2026-07-13 14:52:43,,2026-09-04 18:01:17,2026-08-27 07:17:28,,sold,1,3500,"公演当日15:45までに会場付近で待ち合わせし、同時入場していただきます。

購入者様は座席をお選びいただけません。
入場後は、発券したチケットを回収した後、一...",False,,,,,,,,,
sold_key-to-lit-arena-tour-2026-neo-classics_1787048856649_64000,1787048856649,key-to-lit-arena-tour-2026-neo-classics,2026-10-10,17:30,セキスイハイムスーパーアリーナ,electronic,female,公演日7日前までにログイン情報お知らせ,,,,,2026-08-18 10:27:36,,2026-09-04 18:01:17,2026-08-27 07:17:28,,sold,2,64000,"情報局初期当選　該当名義(変更ボタン有)　QR毎お譲り致します　条件なし

・ご入金後24時間以内に会員番号下3桁お知らせ（すり替えなし）
・座席未定（着席ブロ...",False,,,,,,,,,
sold_key-to-lit-arena-tour-2026-neo-classics_1786972629848_12000,1786972629848,key-to-lit-arena-tour-2026-neo-classics,2026-10-10,17:30,セキスイハイムスーパーアリーナ,electronic,female,同行,,,,,2026-08-17 13:17:09,,2026-09-04 18:01:17,2026-08-27 07:17:28,,sold,1,12000,"当方が座席を選択した後、残ったチケットをランダムでお渡し致します。
ご購入様にお席をお選び頂くことはできません。

発券後、一度チケットを全て回収させていただき...",False,,,,,,,,,
sold_key-to-lit-arena-tour-2026-neo-classics_1783898936908_50000,1783898936908,key-to-lit-arena-tour-2026-neo-classics,2026-10-10,17:30,セキスイハイムスーパーアリーナ,electronic,female,公演前日QRコード共有,,,,,2026-07-12 23:28:56,,2026-09-04 18:01:17,2026-08-27 07:17:28,,sold,2,50000,"FC先行/初期当選/QR毎/座席未定/該当名義/変更ボタン有/有効期限内名義/下3桁提示可

公演日前日にログイン情報お伝えします。
同行者登録ご自身でお願いい...",False,,,,,,,,,
sold_key-to-lit-arena-tour-2026-neo-classics_1782179817040_6200,1782179817040,key-to-lit-arena-tour-2026-neo-classics,2026-10-10,17:30,セキスイハイムスーパーアリーナ,electronic,female,同行,,,,,2026-06-23 01:56:57,,2026-09-04 18:01:17,2026-08-27 07:17:28,,sold,2,6200,"同時入場後、一旦回収させて頂きランダムに配布させて頂きます。座席選択はできませんのでご了承ください。
またランダム配布の為下3桁をお伝えすることはできませんご了...",False,,,,,,,,,
sold_key-to-lit-arena-tour-2026-neo-classics_1784336832040_30000,1784336832040,key-to-lit-arena-tour-2026-neo-classics,2026-10-10,17:30,セキスイハイムスーパーアリーナ,electronic,female,同行,,,,,2026-07-18 01:07:12,,2026-09-04 18:01:17,2026-08-27 07:17:28,,sold,1,30000,"3名義中3番手
該当名義/有効期限内/変更ボタン有/すり替えなし/下3桁提示可

当日指定した時間に集合し、同時入場をしていただきます。
事前に電話番号をお伺い...",False,,,,,,,,,
sold_key-to-lit-arena-tour-2026-neo-classics_1784517157014_10000,1784517157014,key-to-lit-arena-tour-2026-neo-classics,2026-10-10,17:30,セキスイハイムスーパーアリーナ,electronic,female,ランダム配布,,,,,2026-07-20 03:12:37,,2026-09-04 18:01:17,2026-08-27 07:17:28,,sold,2,10000,"ランダム配布ご理解いただける方のみご購入お願いします。初めての方も最後まで丁寧に対応いたします。
5名義以内での入場になります。開場~30分前に会場付近に集合予...",False,,,,,,,,,
sold_key-to-lit-arena-tour-2026-neo-classics_1785762140181_45000,1785762140181,key-to-lit-arena-tour-2026-neo-classics,2026-10-10,17:30,セキスイハイムスーパーアリーナ,electronic,female,同行,,,,,2026-08-03 13:02:20,,2026-09-04 18:01:17,2026-08-27 07:17:28,,sold,2,45000,"プラベル出品致しますのでメッセージ下さい。

2名義中2番手/初期当選/着ブロ希望なし/該当名義/変更ボタンあり/有効期限内/すり替えなし/会員番号下3桁提示可...",False,,,,,,,,,
sold_key-to-lit-arena-tour-2026-neo-classics_1780027681297_11000,1780027681297,key-to-lit-arena-tour-2026-neo-classics,2026-10-10,17:30,セキスイハイムスーパーアリーナ,electronic,female,同行,,,,,2026-05-29 04:08:01,,2026-09-04 18:01:17,2026-08-27 07:17:28,,sold,2,11000,"4名義中4番手(該当名義 3、非該当1)有効期間内/下3桁提示可/すり替えなし

・複数名義所持している為、同時入場後、一度全てのチケットを回収いたします。当方...",False,,,,,,,,,
sold_key-to-lit-arena-tour-2026-neo-classics_1780253465723_4500,1780253465723,key-to-lit-arena-tour-2026-neo-classics,2026-10-10,17:30,セキスイハイムスーパーアリーナ,paper,female,当日手渡し,,,,,2026-05-31 18:51:05,,2026-09-04 18:01:17,2026-08-27 07:17:28,,sold,1,4500,"ランダム配布を理解されている日本語の通じる女性の方のみご購入お願いいたします。代理購入不可。
同時に入場しチケット発券後1度解散しこちらで席を選び開演前迄にチケ...",False,,,,,,,,,
sold_key-to-lit-arena-tour-2026-neo-classics_1780191367363_22000,1780191367363,key-to-lit-arena-tour-2026-neo-classics,2026-10-10,17:30,セキスイハイムスーパーアリーナ,electronic,female,公演前日QRコード共有,,,,,2026-05-31 01:36:07,,2026-09-04 18:01:17,2026-08-27 07:17:28,,sold,2,22000,"該当2名義中2番手/すり替えなし/有効期限内/下3桁提示可

当日、集合場所にお集まりいただきます。時間はまだ未定です。
同時入場後一度チケットを回収いたします...",False,,,,,,,,,
sold_key-to-lit-arena-tour-2026-neo-classics_1780406568596_60000,1780406568596,key-to-lit-arena-tour-2026-neo-classics,2026-10-10,17:30,セキスイハイムスーパーアリーナ,electronic,female,同行,,,,,2026-06-02 13:22:48,,2026-09-04 18:01:17,2026-08-27 07:17:28,,sold,1,60000,"重複無し 2連中の1枚（当方との同行）
本人名義での当選のため、本人確認の対応可能
該当名義での当選/すり替え無し/下3桁提示可能


※当方 猪狩担のため、猪...",False,,,,,,,,,
sold_key-to-lit-arena-tour-2026-neo-classics_1780029071886_10000,1780029071886,key-to-lit-arena-tour-2026-neo-classics,2026-10-10,17:30,セキスイハイムスーパーアリーナ,electronic,none,ランダム配布(集合少人数),,,,,2026-05-29 04:31:11,,2026-09-04 18:01:17,2026-08-27 07:17:28,,sold,1,10000,"【必ず下記全てお読みいただきご理解いただけた方のみご購入下さい】
【購入されたらまず購入者情報をメッセージに入れて下さい】
お待ち合わせ後QR表示用の端末ごとに...",False,,,,,,,,,
sold_key-to-lit-arena-tour-2026-neo-classics_1782277004546_10000,1782277004546,key-to-lit-arena-tour-2026-neo-classics,2026-10-10,17:30,セキスイハイムスーパーアリーナ,electronic,female,同行,,,,,2026-06-24 04:56:44,,2026-09-04 18:01:17,2026-08-27 07:17:28,,sold,2,10000,"座席未定、複数名義所持、すり替えなしランダム配布、公演日3日前までに全ての下３桁提示可能
※メッセージいただければ、プライベート出品での対応も可能です
購入者様...",False,,,,,,,,,
sold_key-to-lit-arena-tour-2026-neo-classics_1780034024873_48955,1780034024873,key-to-lit-arena-tour-2026-neo-classics,2026-10-10,17:30,セキスイハイムスーパーアリーナ,electronic,female,公演日当日までにQRコード共有,,,,,2026-05-29 05:53:44,,2026-09-04 18:01:17,2026-08-27 07:17:28,,sold,2,48955,"プライベートに変更可能ですので気軽にお声かけください。。

QR毎 ペイジー決済  すり替え重複なし 変更ボタン有(猪狩名義) 有効期限内 同行者登録可能(ご自...",False,,,,,,,,,
sold_key-to-lit-arena-tour-2026-neo-classics_1780030687192_5000,1780030687192,key-to-lit-arena-tour-2026-neo-classics,2026-10-10,17:30,セキスイハイムスーパーアリーナ,paper,female,当日手渡し,,,,,2026-05-29 04:58:07,,2026-09-04 18:01:17,2026-08-27 07:17:28,,sold,1,5000,"公演当日は待ち合わせ後に同時入場します。
集合時間は開演1時間30分前を予定。集合時間に10分以上遅れた場合入場保証はできません。その場合でも受け取りしていただ...",False,,,,,,,,,
sold_key-to-lit-arena-tour-2026-neo-classics_1786947391671_7500,1786947391671,key-to-lit-arena-tour-2026-neo-classics,2026-10-10,17:30,セキスイハイムスーパーアリーナ,electronic,none,同行,,,,,2026-08-17 06:16:31,,2026-09-04 18:01:17,2026-08-27 07:17:28,,sold,1,7500,"当方が座席を選択した後、残ったチケットをランダムでお渡し致します。
ご購入様にお席をお選び頂くことはできません。

発券後、一度チケットを全て回収させていただき...",False,,,,,,,,,
sold_key-to-lit-arena-tour-2026-neo-classics_1785446245125_0,1785446245125,key-to-lit-arena-tour-2026-neo-classics,2026-10-10,17:30,セキスイハイムスーパーアリーナ,electronic,female,公演前日にQRコード共有,,,,,2026-07-30 21:17:25,,2026-09-04 18:01:17,2026-08-27 07:17:28,,sold,1,0,"単番QR毎/初期当選/非該当名義/有効期限内/下3桁提示可/発送物戻りなし/着ブロ希望なし

プライベート出品に切り替えます。プラベル対応可。

公演前日18時...",False,,,,,,,,,
sold_key-to-lit-arena-tour-2026-neo-classics_1786975703950_15000,1786975703950,key-to-lit-arena-tour-2026-neo-classics,2026-10-10,17:30,セキスイハイムスーパーアリーナ,electronic,female,同行,,,,,2026-08-17 14:08:23,,2026-09-04 18:01:17,2026-08-27 07:17:28,,sold,1,15000,"当方が座席を選択した後、残ったチケットをランダムでお渡し致します。
ご購入様にお席をお選び頂くことはできません。

発券後、一度チケットを全て回収させていただき...",False,,,,,,,,,
sold_key-to-lit-arena-tour-2026-neo-classics_1781174795522_4000,1781174795522,key-to-lit-arena-tour-2026-neo-classics,2026-10-10,17:30,セキスイハイムスーパーアリーナ,electronic,female,同行,,,,,2026-06-11 10:46:35,,2026-09-04 18:01:17,2026-08-27 07:17:28,,sold,1,4000,"座席未定、複数名義所持、ランダム配布
購入者様が座席をお選びいただくことはできませんのでご了承ください。

※以下の取引方法の説明と注意事項を必ずご確認ください...",False,,,,,,,,,
sold_key-to-lit-arena-tour-2026-neo-classics_1784337168582_35000,1784337168582,key-to-lit-arena-tour-2026-neo-classics,2026-10-10,17:30,セキスイハイムスーパーアリーナ,electronic,female,同行,,,,,2026-07-18 01:12:48,,2026-09-04 18:01:17,2026-08-27 07:17:28,,sold,1,35000,"3名義中2番手
該当名義/有効期限内/変更ボタン有/すり替えなし/下3桁提示可

当日指定した時間に集合し、同時入場をしていただきます。
事前に電話番号をお伺い...",False,,,,,,,,,
sold_key-to-lit-arena-tour-2026-neo-classics_1780221978158_5000,1780221978158,key-to-lit-arena-tour-2026-neo-classics,2026-10-10,17:30,セキスイハイムスーパーアリーナ,electronic,female,同行,,,,,2026-05-31 10:06:18,,2026-09-04 18:01:17,2026-08-27 07:17:28,,sold,1,5000,【入場時ランダムエラーの場合の全額返金保証、指定席のみ】指定席の中からランダムのお渡しとなり、購入者様の座席選択権はありませんことご理解下さい。(連番での落札は...,False,,,,,,,,,
sold_key-to-lit-arena-tour-2026-neo-classics_1782905966233_75000,1782905966233,key-to-lit-arena-tour-2026-neo-classics,2026-10-10,17:30,セキスイハイムスーパーアリーナ,electronic,female,同行,,,,,2026-07-01 11:39:26,,2026-09-04 18:01:17,2026-08-27 07:17:28,,sold,1,75000,"5名義中2番手 2連中の1枚
(※)座席選択権有

5名義全て
FC先行/初期当選/有効期限内/全該当名義/すり替えなし/下3桁提示

当日開場30分~1時間前...",False,,,,,,,,,
sold_key-to-lit-arena-tour-2026-neo-classics_1780673327532_1900,1780673327532,key-to-lit-arena-tour-2026-neo-classics,2026-10-10,17:30,セキスイハイムスーパーアリーナ,electronic,female,ランダム配布,,,,,2026-06-05 15:28:47,,2026-09-04 18:01:17,2026-08-27 07:17:28,,sold,1,1900,"ランダム配布ご理解のある方のみご購入お願いいたします。

当日はこちらが指定した時間、場所にお集まりいただきます。時間厳守でお願い致します。
 
入場後チケット...",False,,,,,,,,,
sold_key-to-lit-arena-tour-2026-neo-classics_1780277581265_30000,1780277581265,key-to-lit-arena-tour-2026-neo-classics,2026-10-10,17:30,セキスイハイムスーパーアリーナ,electronic,female,公演前日までにQRコード共有,,,,,2026-06-01 01:33:01,,2026-09-04 18:01:17,2026-08-27 07:17:28,,sold,1,30000,"該当名義 変更ボタンあり 有効期限内
いかなる理由であってもキャンセル・返金不可",False,,,,,,,,,
sold_key-to-lit-arena-tour-2026-neo-classics_1784095274903_8000,1784095274903,key-to-lit-arena-tour-2026-neo-classics,2026-10-10,17:30,セキスイハイムスーパーアリーナ,electronic,none,同行,,,,,2026-07-15 06:01:14,,2026-09-04 18:01:17,2026-08-27 07:17:28,,sold,2,8000,【指定席(立見なし)の半券お渡し確約:1枚13000円、開演25分前までに指定席の半券お渡し:1枚23000円にて対応可能です。ご希望の場合は編集しますので必ず...,False,,,,,,,,,
sold_key-to-lit-arena-tour-2026-neo-classics_1784578149531_49000,1784578149531,key-to-lit-arena-tour-2026-neo-classics,2026-10-10,17:30,セキスイハイムスーパーアリーナ,electronic,female,公演日3日前までにログイン情報共有,,,,,2026-07-20 20:09:09,,2026-09-04 18:01:17,2026-08-27 07:17:28,,sold,2,49000,座席未定　2連QRごと　初期当選　該当名義(変更ボタンあり) 有効期限内　下3桁提示可　同行者登録可　公演中止の際のみ、送料・仲介手数料を差し引いた金額を返金し...,False,,,,,,,,,
sold_key-to-lit-arena-tour-2026-neo-classics_1780214238030_35000,1780214238030,key-to-lit-arena-tour-2026-neo-classics,2026-10-10,17:30,セキスイハイムスーパーアリーナ,electronic,female,公演日前日にログイン情報の共有,,,,,2026-05-31 07:57:18,,2026-09-04 18:01:17,2026-08-27 07:17:28,,sold,2,35000,"非該当/有効期限内/下3桁提示可能

QR毎のお譲りのため同行者登録からご対応をお願いいたします
いかなる理由でも公演中止以外の返金不可です

ご入場後は速やか...",False,,,,,,,,,
sold_key-to-lit-arena-tour-2026-neo-classics_1786968865090_65000,1786968865090,key-to-lit-arena-tour-2026-neo-classics,2026-10-10,17:30,セキスイハイムスーパーアリーナ,electronic,female,公演前日にログイン情報をお伝えします,,,,,2026-08-17 12:14:25,,2026-09-04 18:01:17,2026-08-27 07:17:28,,sold,2,65000,"初期当選/該当名義/下3桁提示可能/有効期限内/同行登録可

公演前日にログイン情報をお伝えいたします。
ログイン後はQR表示のみしてください。登録情報の閲覧や...",False,,,,,,,,,
sold_key-to-lit-arena-tour-2026-neo-classics_1781251503031_5000,1781251503031,key-to-lit-arena-tour-2026-neo-classics,2026-10-10,17:30,セキスイハイムスーパーアリーナ,electronic,female,同行,,,,,2026-06-12 08:05:03,,2026-09-04 18:01:17,2026-08-27 07:17:28,,sold,2,5000,"3名義中3番手 2連

初期当選、有効期限内、すり替えなし、下3桁提示可能

・チケテン通し0.5/枚、残り2.0/枚を現金で当日手渡しにてお預かりいたします。...",False,,,,,,,,,
sold_key-to-lit-arena-tour-2026-neo-classics_1780031560207_11000,1780031560207,key-to-lit-arena-tour-2026-neo-classics,2026-10-10,17:30,セキスイハイムスーパーアリーナ,electronic,female,同行,,,,,2026-05-29 05:12:40,,2026-09-04 18:01:17,2026-08-27 07:17:28,,sold,1,11000,"※すり替えなし※ランダム配布
入場後解散せずすぐにお渡し致します。

情報局先行 初期当選 該当名義 変更ボタンあり 有効期限内 

・開場30分前を目安に会場...",False,,,,,,,,,
sold_key-to-lit-arena-tour-2026-neo-classics_1783953237106_32000,1783953237106,key-to-lit-arena-tour-2026-neo-classics,2026-10-10,17:30,セキスイハイムスーパーアリーナ,electronic,female,公演日前日にQRコード共有,,,,,2026-07-13 14:33:57,,2026-09-04 18:01:17,2026-08-27 07:17:28,,sold,2,32000,"
復活当選/すり替えなし/下三桁提示可/非該当名義

・公演前日にログイン情報の方お伝えいたします。入場後速やかなログアウト、受け取り連絡お願いいたします。
・...",False,,,,,,,,,
sold_key-to-lit-arena-tour-2026-neo-classics_1780028267876_40000,1780028267876,key-to-lit-arena-tour-2026-neo-classics,2026-10-10,17:30,セキスイハイムスーパーアリーナ,electronic,female,公演日前日にログイン情報共有,,,,,2026-05-29 04:17:47,,2026-09-04 18:01:17,2026-08-27 07:17:28,,sold,2,40000,座席未定 条件なしQRごとのお譲りです。初期当選/有効期限内/該当名義(変更ボタンあり) /重複当選なし/コンビニ払い済/会員番号下3桁お伝え可能/着ブロ指定な...,False,,,,,,,,,
sold_key-to-lit-arena-tour-2026-neo-classics_1786374920706_23000,1786374920706,key-to-lit-arena-tour-2026-neo-classics,2026-10-10,17:30,セキスイハイムスーパーアリーナ,electronic,female,同行,,,,,2026-08-10 15:15:20,,2026-09-04 18:01:17,2026-08-27 07:17:28,,sold,2,23000,"【9名義中6番手のお譲り。条件あり】全て初期当選/該当名義/すり替えなし/有効期限内/下3桁提示可

※以下の取引方法の説明と注意事項を必ずご確認ください
取引...",False,,,,,,,,,
sold_key-to-lit-arena-tour-2026-neo-classics_1780025931657_33000,1780025931657,key-to-lit-arena-tour-2026-neo-classics,2026-10-10,17:30,セキスイハイムスーパーアリーナ,electronic,female,2名義中2番手,,,,,2026-05-29 03:38:51,,2026-09-04 18:01:17,2026-08-27 07:17:28,,sold,2,33000,"2名義中2番手
初期当選 該当名義 変更ボタン有 有効期限内 すり替えなし 会員番号下3桁提示可能

ご覧いただき、ありがとうございます。
当日の待ち合わせに関...",False,,,,,,,,,
sold_key-to-lit-arena-tour-2026-neo-classics_1780070803813_4500,1780070803813,key-to-lit-arena-tour-2026-neo-classics,2026-10-10,17:30,セキスイハイムスーパーアリーナ,electronic,none,ランダム配布,,,,,2026-05-29 16:06:43,,2026-09-04 18:01:17,2026-08-27 07:17:28,,sold,2,4500,"入場時のエラー等で入場ができなかった場合は全額返金いたします。

発券後半券を一度お預かりいたします。
お渡しできる半券がご用意でき次第お渡しします。
開演時間...",False,,,,,,,,,
sold_key-to-lit-arena-tour-2026-neo-classics_1781579231092_26000,1781579231092,key-to-lit-arena-tour-2026-neo-classics,2026-10-10,17:30,セキスイハイムスーパーアリーナ,electronic,female,同行,,,,,2026-06-16 03:07:11,,2026-09-04 18:01:17,2026-08-27 07:17:28,,sold,1,26000,"3名義中3番手/有効期限内/下3桁提示可

当日はこちらが指定した時間、場所にお集まりいただきます。
時間厳守でお願いいたします。

公演中止以外いかなる場合も...",False,,,,,,,,,
sold_key-to-lit-arena-tour-2026-neo-classics_1780025346782_12000,1780025346782,key-to-lit-arena-tour-2026-neo-classics,2026-10-10,17:30,セキスイハイムスーパーアリーナ,electronic,female,同行,,,,,2026-05-29 03:29:06,,2026-09-04 18:01:17,2026-08-27 07:17:28,,sold,2,12000,"該当名義 / 有効期間内 / ランダム配布

・複数名義所持している為、同時入場後、一度全てのチケットを回収いたします。当方が座席選択後にランダムでチケットをお...",False,,,,,,,,,
sold_key-to-lit-arena-tour-2026-neo-classics_1784814323280_11500,1784814323280,key-to-lit-arena-tour-2026-neo-classics,2026-10-10,17:30,セキスイハイムスーパーアリーナ,electronic,female,同行,,,,,2026-07-23 13:45:23,,2026-09-04 18:01:17,2026-08-27 07:17:28,,sold,1,11500,"FC先行 座席未定｜初期当選｜有効期限内／少人数ランダム｜サイチェン可能｜担当不問｜【指定席のみ】


少人数ランダムのため、入場後こちらが席を選び終えましたら...",False,,,,,,,,,
sold_key-to-lit-arena-tour-2026-neo-classics_1782219456777_34000,1782219456777,key-to-lit-arena-tour-2026-neo-classics,2026-10-10,17:30,セキスイハイムスーパーアリーナ,electronic,female,公演前日までにログイン情報共有,,,,,2026-06-23 12:57:36,,2026-09-04 18:01:17,2026-08-27 07:17:28,,sold,1,34000,"該当名義/初期当選/下3桁提示可能/単番QR毎のお譲り/有効期間内名義/Pay-easy支払い済み/公演日2〜3日前発送予定


･公演日前日までに連絡ボードに...",False,,,,,,,,,
sold_key-to-lit-arena-tour-2026-neo-classics_1780034695113_18000,1780034695113,key-to-lit-arena-tour-2026-neo-classics,2026-10-10,17:30,セキスイハイムスーパーアリーナ,electronic,female,公演２日前にログイン情報お伝えします,,,,,2026-05-29 06:04:55,,2026-09-04 18:01:17,2026-08-27 07:17:28,,sold,2,18000,"すり替えなし/下3桁提示可能/初期当選/有効期限内/変更ボタンあり

コメントいただけたらプライベート出品しますので事前にコメントください。
公演中止以外の返金...",False,,,,,,,,,
sold_key-to-lit-arena-tour-2026-neo-classics_1786971925987_45000,1786971925987,key-to-lit-arena-tour-2026-neo-classics,2026-10-10,17:30,セキスイハイムスーパーアリーナ,electronic,female,同行,,,,,2026-08-17 13:05:25,,2026-09-04 18:01:17,2026-08-27 07:17:28,,sold,1,45000,2名義中2番手のお譲り 該当名義×1(2連)、非該当名義×1(単番) すり替えなし、有効期限内(変更ボタン有)、初期当選、下3桁提示可、猪狩担・バック担不可...,False,,,,,,,,,
sold_key-to-lit-arena-tour-2026-neo-classics_1780033737051_8000,1780033737051,key-to-lit-arena-tour-2026-neo-classics,2026-10-10,17:30,セキスイハイムスーパーアリーナ,electronic,female,ランダム配布／すり替えあり／少人数入場,,,,,2026-05-29 05:48:57,,2026-09-04 18:01:17,2026-08-27 07:17:28,,sold,2,8000,"開場30分前に会場付近にて待ち合わせし同時入場します。
入場後チケットを回収し解散、開演5-10分前を目処に再集合しチケットをお渡しします。

2枚ご購入された...",False,,,,,,,,,
sold_key-to-lit-arena-tour-2026-neo-classics_1780497125319_15000,1780497125319,key-to-lit-arena-tour-2026-neo-classics,2026-10-10,17:30,セキスイハイムスーパーアリーナ,electronic,female,同行,,,,,2026-06-03 14:32:05,,2026-09-04 18:01:17,2026-08-27 07:17:28,,sold,2,15000,"3名義中3番手/全て該当名義/全て有効期限内/下3桁提示可

取引多数経験ございますので、初めての方でも安心してお取引ができるようフォローさせていただきます。...",False,,,,,,,,,
sold_key-to-lit-arena-tour-2026-neo-classics_1787026860615_15000,1787026860615,key-to-lit-arena-tour-2026-neo-classics,2026-10-10,17:30,セキスイハイムスーパーアリーナ,electronic,female,同行,,,,,2026-08-18 04:21:00,,2026-09-04 18:01:17,2026-08-27 07:17:28,,sold,1,15000,"同時入場後、一旦回収させて頂きランダムに配布させて頂きます。座席選択はできませんのでご了承ください。
またランダム配布の為下3桁をお伝えすることはできませんご了...",False,,,,,,,,,
sold_key-to-lit-arena-tour-2026-neo-classics_1786982917839_35000,1786982917839,key-to-lit-arena-tour-2026-neo-classics,2026-10-10,17:30,セキスイハイムスーパーアリーナ,electronic,none,すり替え無しランダム,,,,,2026-08-17 16:08:37,,2026-09-04 18:01:17,2026-08-27 07:17:28,,sold,2,35000,"当方が座席を選択した後、残ったチケットをランダムでお渡し致します。
ご購入様にお席をお選び頂くことはできませんがすり替えはせず、全名義入場後にすぐお渡しいたしま...",False,,,,,,,,,
sold_key-to-lit-arena-tour-2026-neo-classics_1782822645296_6500,1782822645296,key-to-lit-arena-tour-2026-neo-classics,2026-10-10,17:30,セキスイハイムスーパーアリーナ,electronic,female,同行,,,,,2026-06-30 12:30:45,,2026-09-04 18:01:17,2026-08-27 07:17:28,,sold,2,6500,"6名義中6番手のお譲り
全て初期当選/該当名義/変更ボタン有/有効期限内/すり替えなし(下3桁提示可)/ 着ブロ希望なし
ご購入者様に座席選択権はございません。...",False,,,,,,,,,
sold_key-to-lit-arena-tour-2026-neo-classics_1786445901684_50000,1786445901684,key-to-lit-arena-tour-2026-neo-classics,2026-10-10,17:30,セキスイハイムスーパーアリーナ,electronic,female,公演前日までにログイン情報共有,,,,,2026-08-11 10:58:21,,2026-09-04 18:01:17,2026-08-27 07:17:28,,sold,2,50000,"初期当選/非該当/有効期限内/変更ボタン有/下3桁提示可/エラー歴なし/発送物戻りなし

公演前日までにログイン情報をお伝えいたします。
入場後は速やかに受け取...",False,,,,,,,,,
sold_key-to-lit-arena-tour-2026-neo-classics_1780064167428_5000,1780064167428,key-to-lit-arena-tour-2026-neo-classics,2026-10-10,17:30,セキスイハイムスーパーアリーナ,electronic,female,同行,,,,,2026-05-29 14:16:07,,2026-09-04 18:01:17,2026-08-27 07:17:28,,sold,1,5000,"該当名義 / 有効期間内 / ランダム配布

・複数名義所持している為、同時入場後、一度全てのチケットを回収いたします。当方が座席選択後にランダムでチケットをお...",False,,,,,,,,,
sold_key-to-lit-arena-tour-2026-neo-classics_1784128340444_6000,1784128340444,key-to-lit-arena-tour-2026-neo-classics,2026-10-10,17:30,セキスイハイムスーパーアリーナ,electronic,none,ランダム配布,,,,,2026-07-15 15:12:20,,2026-09-04 18:01:17,2026-08-27 07:17:28,,sold,1,6000,"複数名義所持しているため、同時入場後に1度チケットを回収させていただき、当方が座席選択後にランダムに配布します。

チケットの選択にお時間をいただきますのであら...",False,,,,,,,,,
sold_key-to-lit-arena-tour-2026-neo-classics_1786361797711_50000,1786361797711,key-to-lit-arena-tour-2026-neo-classics,2026-10-10,17:30,セキスイハイムスーパーアリーナ,electronic,female,同行,,,,,2026-08-10 11:36:37,,2026-09-04 18:01:17,2026-08-27 07:17:28,,sold,2,50000,"2名義中2番手2連/2名義中1名義は着ブロ希望当選/初期当選/該当名義/本確対応不可/下3桁提示可/期限内


・当日開場時間に会場付近で待ち合わせし、同時入場...",False,,,,,,,,,
sold_key-to-lit-arena-tour-2026-neo-classics_1780215803226_8000,1780215803226,key-to-lit-arena-tour-2026-neo-classics,2026-10-10,17:30,セキスイハイムスーパーアリーナ,electronic,female,同行,,,,,2026-05-31 08:23:23,,2026-09-04 18:01:17,2026-08-27 07:17:28,,sold,1,8000,"5名義中5番手
すり替えなし、下3桁提示可
全ての名義該当名義変更ボタンあり有効期限内

当日開場10分前頃を目安に会場付近にて集合予定です。",False,,,,,,,,,
sold_key-to-lit-arena-tour-2026-neo-classics_1780802627011_40000,1780802627011,key-to-lit-arena-tour-2026-neo-classics,2026-10-10,17:30,セキスイハイムスーパーアリーナ,electronic,female,同行,,,,,2026-06-07 03:23:47,,2026-09-04 18:01:17,2026-08-27 07:17:28,,sold,2,40000,"2名義中2番手　当方が選ばなかった席をお渡しします。（すり替えなし） 

初期当選/該当名義（嶺亜×2）座席未定（立ち見の場合も有）/同行募集/着ブロ希望なし/...",False,,,,,,,,,
sold_key-to-lit-arena-tour-2026-neo-classics_1784510978485_10000,1784510978485,key-to-lit-arena-tour-2026-neo-classics,2026-10-10,17:30,セキスイハイムスーパーアリーナ,electronic,female,同時入場・ランダム配布,,,,,2026-07-20 01:29:38,,2026-09-04 18:01:17,2026-08-27 07:17:28,,sold,1,10000,"１名義のみランダム配布

＊プラベル出品可能

＊16:20ころ会場近くで待ち合わせをし、同時入場お願いいたします

＊４名義でご入場し、うちランダム配布１名義...",False,,,,,,,,,
2anztljfx4,1780046651591,key-to-lit-arena-tour-2026-neo-classics,2026-10-10,17:30,セキスイハイムスーパーアリーナ,electronic,female,同行,もる,5.0,,同行,2026-05-29 09:24:11,,2026-09-04 18:01:17,2026-08-29 01:01:15,transition_observed,sold,1,70000,"1番手同行/初期当選/該当名義/変更ボタン有/すり替え無/有効期限内名義/下3桁提示可/
中村担不可/サイチェン可

当日会場付近にて待ち合わせし、同時入場して...",True,,,,,,,,,
sold_key-to-lit-arena-tour-2026-neo-classics_1780033167446_5000,1780033167446,key-to-lit-arena-tour-2026-neo-classics,2026-10-10,17:30,セキスイハイムスーパーアリーナ,electronic,female,同行、少人数ランダム配布,,,,,2026-05-29 05:39:27,,2026-09-04 18:01:17,2026-08-27 07:17:28,,sold,1,5000,"⬛︎お譲りするチケットの件⬛︎
ランダム配布　開演5-10分前配布
初期当選のみ、制作開放、立見、一般席は含みません

⭐︎下記内容を最後までご覧ください⭐︎...",False,,,,,,,,,
sold_key-to-lit-arena-tour-2026-neo-classics_1781822344710_50000,1781822344710,key-to-lit-arena-tour-2026-neo-classics,2026-10-10,17:30,セキスイハイムスーパーアリーナ,electronic,female,同行,,,,,2026-06-18 22:39:04,,2026-09-04 18:01:17,2026-08-27 07:17:28,,sold,1,50000,"井上担不可/同行/重複すり替えなし/Pay-easy支払/有効期限内/変更ボタンあり/着ブロ希望なし / 発送物戻りなし / 下3桁提示可能

公演当日、【 開...",False,,,,,,,,,
sold_key-to-lit-arena-tour-2026-neo-classics_1785663622378_50000,1785663622378,key-to-lit-arena-tour-2026-neo-classics,2026-10-10,17:30,セキスイハイムスーパーアリーナ,electronic,female,同行,,,,,2026-08-02 09:40:22,,2026-09-04 18:01:17,2026-08-27 07:17:28,,sold,1,50000,"重複すり替え無し同行/本人確認対応可/サイチェン可
初期当選/該当名義/有効期限内/下3桁提示可能

・開場時間15分前頃に会場付近にて待ち合わせて同時入場しま...",False,,,,,,,,,
sold_key-to-lit-arena-tour-2026-neo-classics_1786374788745_28000,1786374788745,key-to-lit-arena-tour-2026-neo-classics,2026-10-10,17:30,セキスイハイムスーパーアリーナ,electronic,female,同行,,,,,2026-08-10 15:13:08,,2026-09-04 18:01:17,2026-08-27 07:17:28,,sold,2,28000,"【9名義中5番手のお譲り。条件あり】全て初期当選/該当名義/すり替えなし/有効期限内/下3桁提示可

※以下の取引方法の説明と注意事項を必ずご確認ください
取引...",False,,,,,,,,,
sold_key-to-lit-arena-tour-2026-neo-classics_1787596169404_25000,1787596169404,key-to-lit-arena-tour-2026-neo-classics,2026-10-10,17:30,セキスイハイムスーパーアリーナ,electronic,female,同行,,,,,2026-08-24 18:29:29,,2026-09-04 18:01:17,2026-08-27 07:17:28,,sold,2,25000,"6名義中6番手、全て該当、有効期限内、初期当選、エラー歴なし、すり替えなし、購入後下3桁提示可

・開場15分前に会場付近に待ち合わせし、同時入場予定。大幅な遅...",False,,,,,,,,,
sold_key-to-lit-arena-tour-2026-neo-classics_1780037310317_30000,1780037310317,key-to-lit-arena-tour-2026-neo-classics,2026-10-10,17:30,セキスイハイムスーパーアリーナ,electronic,female,同行　3名義中2番手,,,,,2026-05-29 06:48:30,,2026-09-04 18:01:17,2026-08-27 07:17:28,,sold,1,30000,"3名義中2番手/全て該当初期当選/すり替えなし/下3桁提示可/サイチェン〇/全て期限内変ボ有

🌟プライベート出品可能です。ご希望の方はコメントお願いいたしま...",False,,,,,,,,,
sold_key-to-lit-arena-tour-2026-neo-classics_1780482606278_12000,1780482606278,key-to-lit-arena-tour-2026-neo-classics,2026-10-10,17:30,セキスイハイムスーパーアリーナ,electronic,female,同行,,,,,2026-06-03 10:30:06,,2026-09-04 18:01:17,2026-08-27 07:17:28,,sold,2,12000,【入場時ランダムエラーの場合の全額返金保証】ランダムのお渡しとなり、購入者様の座席選択権はありませんことご理解下さい。(連番での落札は必ず連番のお譲り) 外国人...,False,,,,,,,,,
sold_key-to-lit-arena-tour-2026-neo-classics_1781937612912_24000,1781937612912,key-to-lit-arena-tour-2026-neo-classics,2026-10-10,17:30,セキスイハイムスーパーアリーナ,electronic,female,同行,,,,,2026-06-20 06:40:12,,2026-09-04 18:01:17,2026-08-27 07:17:28,,sold,1,24000,"3名義中3番手/すり替えなし/全て該当名義/有効期限内/変更ボタンあり/下3桁提示可
・座席選択に時間を要する場合がございます。
・座席に関するクレーム等は一切...",False,,,,,,,,,
sold_key-to-lit-arena-tour-2026-neo-classics_1783176208964_10395,1783176208964,key-to-lit-arena-tour-2026-neo-classics,2026-10-10,17:30,セキスイハイムスーパーアリーナ,electronic,female,同行,,,,,2026-07-04 14:43:28,,2026-09-04 18:01:17,2026-08-27 07:17:28,,sold,2,10395,"※すり替えなし※ランダム配布
入場後解散せずすぐにお渡し致します。

情報局先行 初期当選 該当名義 変更ボタンあり 有効期限内 

・開場30分前を目安に会場...",False,,,,,,,,,
sold_key-to-lit-arena-tour-2026-neo-classics_1780023322443_29000,1780023322443,key-to-lit-arena-tour-2026-neo-classics,2026-10-10,17:30,セキスイハイムスーパーアリーナ,paper,female,2名義中2番手,,,,,2026-05-29 02:55:22,,2026-09-04 18:01:17,2026-08-27 07:17:28,,sold,2,29000,"該当名義 2名義中2番手
変更ボタン有 下3桁掲示可
公演中止の場合のみ返金対応いたします。その他いかなる理由でもキャンセル返金致しかねます。",False,,,,,,,,,
sold_key-to-lit-arena-tour-2026-neo-classics_1781531442584_10000,1781531442584,key-to-lit-arena-tour-2026-neo-classics,2026-10-10,17:30,セキスイハイムスーパーアリーナ,electronic,female,同行,,,,,2026-06-15 13:50:42,,2026-09-04 18:01:17,2026-08-27 07:17:28,,sold,1,10000,"座席未定、複数名義所持、すり替えなしランダム配布、公演日3日前までに全ての下３桁提示可能
※メッセージいただければ、プライベート出品での対応も可能です
購入者様...",False,,,,,,,,,
bysoq8leq1,1787823978803,key-to-lit-arena-tour-2026-neo-classics,2026-10-04,17:30,マリンメッセ福岡 A館,electronic,female,公演日前日までにQRコード共有,さ,5.0,,QR,2026-08-27 09:46:18,,2026-09-04 18:01:17,2026-08-28 15:01:13,transition_observed,sold,2,45500,"QR毎　非該当名義　初期当選(名義初当選)
着ブロ指定なし 下3桁提示🉑

公演前日にログイン情報を連絡ボードでお伝えします。ご自身の端末でQRを表示してご入...",True,,,,,,,,,
w6suolprmd,1787390061599,key-to-lit-arena-tour-2026-neo-classics,2026-10-03,18:00,マリンメッセ福岡 A館,electronic,female,早渡しランダム配布,Y,5.0,,ランダム,2026-08-22 09:14:21,,2026-09-04 18:01:17,2026-08-29 15:01:12,transition_observed,sold,1,18000,"早渡しランダム配布(ランダム配布にご理解のある方のみご購入お願いします。)
開演30分前渡し

公演当日、開場時間の45分前に会場付近にて待ち合わせを予定してお...",True,,,,,,,,,
j8vmcnt7sf,1787729795838,key-to-lit-arena-tour-2026-neo-classics,2026-10-03,18:00,マリンメッセ福岡 A館,electronic,female,早渡しランダム配布,Y,5.0,,ランダム,2026-08-26 07:36:35,,2026-09-04 18:01:17,2026-08-29 04:01:17,transition_observed,sold,2,18000,"2連確約早渡しランダム配布(ランダム配布にご理解のある方のみご購入お願いします。)
開演30分前渡し

公演当日、開場時間の45分前に会場付近にて待ち合わせを予...",True,,,,,,,,,
i4jg47k9x2,1787557827848,key-to-lit-arena-tour-2026-neo-classics,2026-10-03,18:00,マリンメッセ福岡 A館,electronic,female,ランダム配布,め,5.0,,ランダム記載あり,2026-08-24 07:50:27,,2026-08-29 04:01:17,,,deleted,1,10000,"【1名義のみのランダム配布】
FC枠当選
・同時入場後チケットを一度回収し、こちらでお渡しするチケットを選択した後に再配布させていただきます。
お渡しする座席へ...",True,,,,,,,,,
bdykizsmtm,1787214676994,key-to-lit-arena-tour-2026-neo-classics,2026-10-03,18:00,マリンメッセ福岡 A館,electronic,female,同行,あ,5.0,,ランダム,2026-08-20 08:31:16,,2026-08-29 11:01:16,,,deleted,1,7500,"当方が座席を選択した後、残ったチケットをランダムでお渡し致します。
ご購入様にお席をお選び頂くことはできません。

発券後、一度チケットを全て回収させていただき...",True,,,,,,,,,
nfakjuwwu1,1787844808538,key-to-lit-arena-tour-2026-neo-classics,2026-10-04,12:30,マリンメッセ福岡 A館,electronic,female,同行,Akn♡,5.0,,同行,2026-08-27 15:33:28,,2026-09-04 18:01:17,2026-08-29 05:01:12,transition_observed,sold,1,50000,"重複なし2連中1枚
初期/該当/期限内/下3桁

ランエラ等公演中止以外のキャンセル不可",True,,,,,,,,,
8rattlmtvg,1787727607540,key-to-lit-arena-tour-2026-neo-classics,2026-10-04,12:30,マリンメッセ福岡 A館,electronic,female,公演当日、会場付近にて待ち合わせし同時入場していただきます。,✨,5.0,,同行,2026-08-26 07:00:07,,2026-09-04 18:01:17,2026-08-29 11:01:16,transition_observed,sold,1,65000,"初期当選/該当名義/過去エラーなし/下3桁提示可
公演中止以外のランダムエラー含むいかなる理由でも返金不可。
すり替えなしの同行。中村担不可。
上記ご理解いただ...",True,,,,,,,,,
lgesp8f77f,1787830461020,key-to-lit-arena-tour-2026-neo-classics,2026-10-04,12:30,マリンメッセ福岡 A館,electronic,female,【条件あり】当日手渡し/座席未定/ランダム配布/有効会員,T,4.9,,同行ランダム,2026-08-27 11:34:21,,2026-09-04 18:01:17,2026-08-29 06:01:15,transition_observed,sold,1,16500,"《開場30分前集合予定》

※レビュー(評価4.8以上)ある方のみ申請下さい。
※購入時のコメント不要です。
★購入後に当日連絡のつくお電話番号と氏名(苗字)を...",True,,,,,,,,,
sold_key-to-lit-arena-tour-2026-neo-classics_1787895599263_47000,1787895599263,key-to-lit-arena-tour-2026-neo-classics,2026-10-04,12:30,マリンメッセ福岡 A館,electronic,female,入金後3時間以内にQRコード共有,misuzu,5.0,,QR,2026-08-28 05:39:59,,2026-09-04 18:01:17,,historical_unknown,sold,2,47000,"情報局先行 KEY TO LIT 猪狩蒼弥名義 初期当選 指定席 2枚申し込み 
QRごとのお譲り 条件ございません 座席未定

情報局先行 ２枚申込みでの当選...",True,,,,,,,,,
y8cp8prtgv,1787919802108,key-to-lit-arena-tour-2026-neo-classics,2026-10-04,17:30,マリンメッセ福岡 A館,electronic,female,同行,ほし,5.0,,同行,2026-08-28 12:23:22,,2026-09-04 18:01:17,2026-08-29 15:01:12,transition_observed,sold,1,60000,"重複なし同行/すり替えなし/初期当選/該当名義/有効期限内/サイチェン不可
同時入場のため、会場近辺の集合場所・時間を指定いたします。
当方が選ばなかった連番内...",True,,,,,,,,,
0phxmd1i6y,1787636738507,key-to-lit-arena-tour-2026-neo-classics,2026-10-04,17:30,マリンメッセ福岡 A館,electronic,female,同行,s,5.0,,ランダム,2026-08-25 05:45:38,,2026-08-29 04:01:17,,,deleted,1,15000,"【座席未定/少人数ランダム配布】

・公演当日は開場10分前に会場付近指定の場所に集合予定です。時間厳守でお願いします。交通機関の遅延等如何なる理由であっても一...",True,,,,,,,,,
sold_key-to-lit-arena-tour-2026-neo-classics_1787787452812_47000,1787787452812,key-to-lit-arena-tour-2026-neo-classics,2026-10-04,17:30,マリンメッセ福岡 A館,electronic,female,入金後3時間以内にQRコード共有,misuzu,5.0,,QR,2026-08-26 23:37:32,,2026-09-04 18:01:17,,historical_unknown,sold,2,47000,"情報局先行 KEY TO LIT 中村嶺亜名義 初期当選 指定席 2枚申し込み 
QRごとのお譲り 条件ございません 座席未定

情報局先行 ２枚申込みでの当選...",True,,,,,,,,,
l208fmkd2u,1787739949067,key-to-lit-arena-tour-2026-neo-classics,2026-10-10,12:30,セキスイハイムスーパーアリーナ,electronic,female,同時入場,ちけてんまる,5.0,,ランダム,2026-08-26 10:25:49,,2026-08-29 04:01:17,,,deleted,1,17900,"当日、開場30分前に会場付近で待ち合わせをし、同時入場をしていただきます。
詳しい待ち合わせ時間・場所につきましては、公演が近くなりましたら連絡ボードにてお知ら...",True,,,,,,,,,
wugyd31cxi,1787927810912,key-to-lit-arena-tour-2026-neo-classics,2026-10-10,12:30,セキスイハイムスーパーアリーナ,electronic,female,公演日1〜2日前にQRコード共有,みる,5.0,,QR,2026-08-28 14:36:50,,2026-08-29 06:01:15,,,deleted,1,55000,"初期当選/重複すり替えなし/非該当名義/下3桁提示可
公演1〜2日前を目処にログイン情報をお伝え致します。個人情報を悪用せず会場後は速やかにログアウト、受け取り...",True,,,,,,,,,
mdtjud97bn,1786983091866,key-to-lit-arena-tour-2026-neo-classics,2026-10-10,12:30,セキスイハイムスーパーアリーナ,electronic,none,すり替え無しランダム,あ,5.0,,ランダム,2026-08-17 16:11:31,,2026-09-04 18:01:17,2026-08-29 05:01:12,transition_observed,sold,2,35000,"当方が座席を選択した後、残ったチケットをランダムでお渡し致します。
ご購入様にお席をお選び頂くことはできませんがすり替えはせず、全名義入場後にすぐお渡しいたしま...",True,,,,,,,,,
4ab3w1ywui,1787492253103,key-to-lit-arena-tour-2026-neo-classics,2026-10-10,17:30,セキスイハイムスーパーアリーナ,electronic,female,入金後3時間以内にQRコード共有,ユカ,5.0,,QR,2026-08-23 13:37:33,,2026-09-04 18:01:17,2026-08-29 14:01:10,transition_observed,sold,2,64000,"情報局先行 KEY TO LIT 猪狩蒼弥名義 初期当選 指定席 2枚申し込み QRごとのお譲り 条件ございません 座席未定

情報局先行 ２枚申込みでの当選し...",True,,,,,,,,,
32pxlscq5e,1787882193252,key-to-lit-arena-tour-2026-neo-classics,2026-10-10,17:30,セキスイハイムスーパーアリーナ,electronic,female,同行,れい,5.0,,同行,2026-08-28 01:56:33,,2026-09-04 18:01:17,2026-08-29 04:01:17,transition_observed,sold,1,60000,"同行/2連中の1枚
該当名義/初期当選/すり替えなし/下3桁提示可

公演中止以外のランダムエラー、買い手様の遅刻、体調不良、交通機関遅延等、いかなる場合でもキ...",True,,,,,,,,,
bhqvgrekjc,1787791905220,key-to-lit-arena-tour-2026-neo-classics,2026-10-10,17:30,セキスイハイムスーパーアリーナ,electronic,female,同行,ありちゃん,5.0,,ランダム,2026-08-27 00:51:45,,2026-09-04 18:01:17,2026-08-29 04:01:17,transition_observed,sold,1,19000,"⭐️少人数ランダム配布⭐️開演10分前までにお渡し

FC先行 座席未定/複数名義当選のため同時入場後に一度チケットを回収し、当方の座席選択後にランダム配布いた...",True,,,,,,,,,
hag41yeznm,1787962412220,key-to-lit-arena-tour-2026-neo-classics,2026-10-10,17:30,セキスイハイムスーパーアリーナ,electronic,female,入金後24時間以内にQRコード共有,NA,5.0,,同行記載あり,2026-08-29 00:13:32,,2026-08-29 04:01:17,,,deleted,2,0,"QRごと/重複すり替えなし/有効期限内該当名義(変更ボタンあり)/初期当選/着ブロ希望なし/エラー歴なし/当選歴なし(初当選)/入場時まで座席未定

入金確認後...",True,,,,,,,,,
hm3dxl8t28,1787828682867,key-to-lit-arena-tour-2026-neo-classics,2026-10-10,17:30,セキスイハイムスーパーアリーナ,electronic,female,同行,さ,5.0,,同行,2026-08-27 11:04:42,,2026-08-29 13:01:18,,,deleted,1,70000,"情報局先行/初期当選/該当名義(井上)/重複すり替えなし/下3桁提示可/座席未定/着ブロ希望なし/有効期限内/変更ボタンあり/本人確認不可/井上担不可

2連番...",True,,,,,,,,,
5evtr05nca,1787882027557,key-to-lit-arena-tour-2026-neo-classics,2026-10-10,17:30,セキスイハイムスーパーアリーナ,electronic,female,同行,れい,5.0,,番手,2026-08-28 01:53:47,,2026-09-04 18:01:17,2026-08-29 02:01:13,transition_observed,sold,1,40000,"2名義中2番手
全て該当名義/初期当選/すり替えなし/下3桁提示可

公演中止以外のランダムエラー、買い手様の遅刻、体調不良、交通機関遅延等、いかなる場合でもキ...",True,,,,,,,,,
r9xv0fsjy9,1787632099461,key-to-lit-arena-tour-2026-neo-classics,2026-10-10,17:30,セキスイハイムスーパーアリーナ,electronic,female,同行,げ,5.0,,同行番手,2026-08-25 04:28:19,,2026-09-04 18:01:17,2026-08-29 08:01:10,transition_observed,sold,1,45000,"6名義中4番手、全て該当、有効期限内、初期当選、エラー歴なし、すり替えなし、購入後下3桁提示可

・開場15分前に会場付近に待ち合わせし、同時入場予定。大幅な遅...",True,,,,,,,,,
sw85rvij5d,1787860897284,key-to-lit-arena-tour-2026-neo-classics,2026-10-10,17:30,セキスイハイムスーパーアリーナ,electronic,female,同行,げ,5.0,,同行番手,2026-08-27 20:01:37,,2026-09-04 18:01:17,2026-08-29 17:01:21,transition_observed,sold,1,80000,"6名義中2番手、全て該当、有効期限内、初期当選、エラー歴なし、すり替えなし、購入後下3桁提示可
⚠️同行者はバック担の方になります

・バラ購入の場合、同じ番手...",True,,,,,,,,,
yjga75hj66,1787669410299,key-to-lit-arena-tour-2026-neo-classics,2026-10-10,17:30,セキスイハイムスーパーアリーナ,electronic,none,同行,c,4.9,,ランダム記載あり,2026-08-25 14:50:10,,2026-09-04 18:01:17,2026-08-29 06:01:15,transition_observed,sold,1,18000,"・当日開場30分前を目処に会場付近に集合し同時入場して頂きます。詳しい集合時間や場所は当日朝までに連絡ボードにてご連絡致します。
・遅刻は厳禁でお願い致します。...",True,,,,,,,,,
e43yi2sfjc,1787480899296,key-to-lit-arena-tour-2026-neo-classics,2026-10-10,17:30,セキスイハイムスーパーアリーナ,electronic,female,公演日前日までにログイン情報共有,S,5.0,,同行記載あり,2026-08-23 10:28:19,,2026-09-04 18:01:17,2026-08-29 04:01:17,transition_observed,sold,2,60000,"QR毎/2連番/すり替え無し/初期当選/有効期限内/非該当(ジュニア全員)名義/着ブロ希望無し

公演前日にログイン情報を連絡ボードにてお伝えいたします。

同...",True,,,,,,,,,
lg1wxzphj3,1785909022974,key-to-lit-arena-tour-2026-neo-classics,2026-10-03,18:00,マリンメッセ福岡 A館,electronic,none,ランダム配布,ねこ,5.0,,ランダム,2026-08-05 05:50:22,,2026-09-04 18:01:17,2026-08-29 07:01:14,transition_observed,sold,1,11000,"ランダム配布ご理解いただける方のみご購入お願いします。初めての方も最後まで丁寧に対応いたします。

5名義以内での入場になります。
開場~30分前に会場付近に集...",True,,,,,,,,,
5njegmurhf,1786094990820,key-to-lit-arena-tour-2026-neo-classics,2026-10-04,12:30,マリンメッセ福岡 A館,electronic,female,同行,ｍ,5.0,,同行,2026-08-07 09:29:50,,2026-08-29 10:01:19,,,deleted,1,60000,情報局先行 座席未定/重複なし同行/本人確認対応可/同行者登録可/すり替えなし/下3桁提示可/初期当選/該当(ボタンあり)・有効期限内女性名義/サイチェン不可...,True,,,,,,,,,
b7jopg8fnc,1782590792529,key-to-lit-arena-tour-2026-neo-classics,2026-10-04,17:30,マリンメッセ福岡 A館,electronic,female,同行,ねこ,5.0,,同行,2026-06-27 20:06:32,,2026-08-29 07:01:14,,,deleted,1,45000,"初期当選/該当名義/期限内/すり替えなし/変更ボタンあり/下3桁提示可/同行者登録可/中村担不可❌

公演当日会場付近にて待ち合わせし、同時入場していただきます...",True,,,,,,,,,
sold_key-to-lit-arena-tour-2026-neo-classics_1787966791435_10000,1787966791435,key-to-lit-arena-tour-2026-neo-classics,2026-10-09,18:00,セキスイハイムスーパーアリーナ,electronic,female,公演前日にログイン情報共有,,,,,2026-08-29 01:26:31,,2026-09-04 18:01:17,,historical_unknown,sold,2,10000,"初期当選/QR毎/非該当名義/重複・すり替えなし/有効期限内/下三桁提示可

公演前日にログイン情報をお伝えします。
入場後速やかにログアウトし、受け取り評価お...",False,,,,,,,,,
gmvsqv0g7h,1784133782244,key-to-lit-arena-tour-2026-neo-classics,2026-10-10,17:30,セキスイハイムスーパーアリーナ,electronic,female,5名義中5番手,ねこ,5.0,,番手,2026-07-15 16:43:02,,2026-09-04 18:01:17,2026-08-29 08:01:10,transition_observed,sold,1,40000,"✨5名義中5番手✨
全て初期当選/変更ボタンあり/該当名義/すり替えなし/下3桁提示可/有効期限内/同行者登録可

開場時間の45分前頃に会場付近にて待ち合わせ...",True,,,,,,,,,
625ecaajec,1787970327421,key-to-lit-arena-tour-2026-neo-classics,2026-10-03,18:00,マリンメッセ福岡 A館,electronic,female,同行,s,5.0,,番手,2026-08-29 02:25:27,,2026-09-04 18:01:17,2026-08-29 04:01:17,transition_observed,sold,2,35000,"座席未定/2名義中2番手/すり替え無し/2名義共に有効期限内該当名義/変更ボタン有/指定席のみ(着ブロ無し) /下三桁提示可
・公演当日は開場前に会場付近指定の場所に集合予定です。時間厳守でお願いします。交通機関の遅延等如何なる理由であっても一切お待ち致しかねます。大幅な遅れであった場合、待たずに入場しますがその場合でも受取通知はして頂きますのでお時間に余裕を持ってお越し下さい。詳しい待ち合わせ時間・場所等は、ご入金後にマイページの連絡ボードでお知らせします。
・同時入場後直ぐに2名義中2番手のチケットをお渡しします。座席に関するクレームは一切受け付けません。お渡し後のチケットはご自由にしていただいて構いません。
・連番でのご購入であっても入場時同行者様と分かれて入場して頂く場合がございます。チケットお渡しの際は必ず連番のチケットをお渡し致します。
・会場内は電波が悪い場合がございますのでお取引確定後、電話番号とお名前(ニックネーム可)のご提示をお願い致します。
・会場の状況により、QRごとのチケットのお渡しとなる場合もございますので予めご了承ください。
※座席に関してのクレームは一切受け付けません。取引に理解のある方のみご購入お願いします。チケットをお渡しする際に必ずその場で受取連絡をお願いいたします。受取連絡後の返金、送金停止は受け付けません。
※公演中止の場合のみ、手数料差し引いた全額を返金いたします。ランダムエラーや本人確認によりご入場いただけなかった場合など、公演中止以外いかなる理由においてもキャンセルや返金はお受けできません。
代理購入不可、日本語の通じる女性の方
ご購入された場合、上記全てに目を通し同意されたとみなします。ご購入後のキャンセルには対応致しません。",True,,,,,,,,,
h1zrtfopje,1787975275228,key-to-lit-arena-tour-2026-neo-classics,2026-10-03,18:00,マリンメッセ福岡 A館,electronic,none,同時入場,am,5.0,,ランダム,2026-08-29 03:47:55,,2026-09-04 18:01:17,2026-08-30 01:01:16,transition_observed,sold,1,8000,"少人数ランダム配布/開演10分前までのお渡し(早渡し要相談)

・公演当日、会場付近にて待ち合わせし、同時入場していただきます。
・詳しい時間や場所は公演日前日...",True,,,,,,,,,
urg78rv6m2,1787975667825,key-to-lit-arena-tour-2026-neo-classics,2026-10-03,18:00,マリンメッセ福岡 A館,paper,female,入金後2〜3日以内に郵送,N O,5.0,,,2026-08-29 03:54:27,,2026-08-29 05:01:12,,,deleted,2,42000,"一般注釈付き指定（2名券)になります。
買い手様都合のキャンセルは一切お受けいたしません。公演中止の場合のみ、未使用チケットと引き換えに送料・手数料を差し引いた金額をお支払いします。
日本語の分かる女性の方のみご購入お願いします。
※女性名義の為、女性の方のみご購入お願いします。",True,,,,,,,,,
lojmvpxf8a,1787976028410,key-to-lit-arena-tour-2026-neo-classics,2026-10-03,18:00,マリンメッセ福岡 A館,electronic,female,2名義中2番手,なゆ,5.0,,,2026-08-29 04:00:28,,2026-09-04 18:01:17,2026-08-29 06:01:15,transition_observed,sold,2,16000,"サイチェン可。一般(立ち見なし)を含む2名義中2番手のお渡し。
こちらの指定した時間に待ち合わせし同時に入場後一旦チケットを回収、当方が座席を選択し残ったチケッ...",True,,,,,,,,,
sold_key-to-lit-arena-tour-2026-neo-classics_1787974954974_10500,1787974954974,key-to-lit-arena-tour-2026-neo-classics,2026-10-04,12:30,マリンメッセ福岡 A館,pickup_number,female,入金後すぐに払込票番号を共有,,,,,2026-08-29 03:42:34,,2026-08-30 14:01:16,,historical_unknown,sold,1,10500,"立見指定1名券
8/30(日)23:30までにセブンイレブンにて定価手数料のお支払いと発券をお済ませください。

友人のお手伝いで取得しましたが重複したためお譲...",False,,,,,,,,,
5jiu08iw0h,1787974278839,key-to-lit-arena-tour-2026-neo-classics,2026-10-04,12:30,マリンメッセ福岡 A館,pickup_number,none,入金後すぐに発券番号共有,❤︎,5.0,,,2026-08-29 03:31:18,,2026-08-29 05:01:12,,,deleted,1,10000,"【本日の15時までの出品】
一般立見のチケットです。
振込番号でのお譲りになります。",True,,,,,,,,,
sold_key-to-lit-arena-tour-2026-neo-classics_1787974263064_8000,1787974263064,key-to-lit-arena-tour-2026-neo-classics,2026-10-04,17:30,マリンメッセ福岡 A館,pickup_number,female,入金後すぐに払込票番号共有,,,,,2026-08-29 03:31:03,,2026-08-30 14:01:16,,historical_unknown,sold,1,8000,"立見指定1名券
【8/30(日)23:30】までにセブンイレブンにて定価手数料のお支払いと発券をお済ませください。

お友達のために取りましたが重複したためお譲...",False,,,,,,,,,
y9h9w2i92q,1787975372844,key-to-lit-arena-tour-2026-neo-classics,2026-10-04,17:30,マリンメッセ福岡 A館,pickup_number,female,払込票番号のお知らせ,も,4.9,,,2026-08-29 03:49:32,,2026-08-30 14:01:16,2026-08-29 05:01:12,transition_observed,sold,1,11000,"立見。一般販売分。
別途チケット代金のお支払いが必要です。払込票番号をお伝えしますのでセブンイレブンにてチケット代金のお支払いをお願いします。同時にチケットが発券されます。
支払期限：2026/8/30(日) 23:30
ご購入後のキャンセルや返金はお受けできません。
支払期限を過ぎると払込票番号は無効となりますのでご注意ください。その場合でも受け取り通知はしていただきますので予めご了承ください。",True,,,,,,,,,
sold_key-to-lit-arena-tour-2026-neo-classics_1787975766808_10000,1787975766808,key-to-lit-arena-tour-2026-neo-classics,2026-10-04,17:30,マリンメッセ福岡 A館,pickup_number,female,払込票番号のお知らせ,,,,,2026-08-29 03:56:06,,2026-08-30 14:01:16,,historical_unknown,sold,2,10000,"立見。一般販売分。
別途チケット代金のお支払いが必要です。払込票番号をお伝えしますのでセブンイレブンにてチケット代金のお支払いをお願いします。同時にチケットが発...",False,,,,,,,,,
sold_key-to-lit-arena-tour-2026-neo-classics_1787975028464_10000,1787975028464,key-to-lit-arena-tour-2026-neo-classics,2026-10-04,17:30,マリンメッセ福岡 A館,paper,female,払込番号お知らせ,,,,,2026-08-29 03:43:48,,2026-09-04 18:01:17,,historical_unknown,sold,1,10000,"注釈付一般指定1名券にて払込票番号連絡いたします。
別途、セブンイレブンにて定価+手数料の支払いが必要です。
支払期限：2026/8/30(日) 23:30",False,,,,,,,,,
sold_key-to-lit-arena-tour-2026-neo-classics_1787975650147_9000,1787975650147,key-to-lit-arena-tour-2026-neo-classics,2026-10-09,18:00,セキスイハイムスーパーアリーナ,pickup_number,female,入金後、払込票番号共有,,,,,2026-08-29 03:54:10,,2026-08-30 14:01:16,,historical_unknown,sold,2,9000,"【注釈付一般指定2名券】
購入完了画面提示可能です。
購入後、払込票番号提示
別途、セブンイレブンにて定価+手数料の支払いあり。
【支払期限：2026/8/30...",False,,,,,,,,,
sold_key-to-lit-arena-tour-2026-neo-classics_1787974822018_8000,1787974822018,key-to-lit-arena-tour-2026-neo-classics,2026-10-10,12:30,セキスイハイムスーパーアリーナ,pickup_number,female,入金後、払込票番号共有,,,,,2026-08-29 03:40:22,,2026-08-30 14:01:16,,historical_unknown,sold,1,8000,"【注釈付一般指定1名券】
購入完了画面提示可能です。
購入後、払込票番号提示
別途、セブンイレブンにて定価+手数料の支払いあり。
【支払期限：2026/8/30...",False,,,,,,,,,
sold_key-to-lit-arena-tour-2026-neo-classics_1787974080415_6000,1787974080415,key-to-lit-arena-tour-2026-neo-classics,2026-10-10,12:30,セキスイハイムスーパーアリーナ,pickup_number,female,入金後、払込票番号共有,,,,,2026-08-29 03:28:00,,2026-08-30 14:01:16,,historical_unknown,sold,1,6000,"【一般指定1名券】
購入完了画面提示可能です。
購入後、払込票番号提示
別途、セブンイレブンにて定価+手数料の支払いあり。
【支払期限：2026/8/30(日)...",False,,,,,,,,,
sold_key-to-lit-arena-tour-2026-neo-classics_1787976035821_12000,1787976035821,key-to-lit-arena-tour-2026-neo-classics,2026-10-10,12:30,セキスイハイムスーパーアリーナ,pickup_number,female,入金確認後、払込票番号提示,,,,,2026-08-29 04:00:35,,2026-08-30 14:01:16,,historical_unknown,sold,1,12000,"一般 立見指定1名券です。
払込票番号のお譲りです。
8/30 23:30までに別途、セブンイレブンにて定価＋手数料をお支払い、発券をお願いいたします。

発券...",False,,,,,,,,,
sold_key-to-lit-arena-tour-2026-neo-classics_1787975914649_15000,1787975914649,key-to-lit-arena-tour-2026-neo-classics,2026-10-10,17:30,セキスイハイムスーパーアリーナ,pickup_number,female,入金確認後、払込票番号提示,,,,,2026-08-29 03:58:34,,2026-08-30 14:01:16,,historical_unknown,sold,1,15000,"一般 立見指定1名券です。
払込票番号のお譲りです。
8/30 23:30までに別途、セブンイレブンにて定価＋手数料をお支払い、発券をお願いいたします。

発券...",False,,,,,,,,,
9spx1uviee,1787978621619,key-to-lit-arena-tour-2026-neo-classics,2026-10-03,18:00,マリンメッセ福岡 A館,paper,female,入金後1〜2日以内に郵送,N O,5.0,,,2026-08-29 04:43:41,,2026-08-29 09:01:18,,,deleted,2,26000,"一般注釈付き指定（2名券)になります。
買い手様都合のキャンセルは一切お受けいたしません。公演中止の場合のみ、未使用チケットと引き換えに送料・手数料を差し引いた...",True,,,,,,,,,
3btmq2tecx,1787979409937,key-to-lit-arena-tour-2026-neo-classics,2026-10-03,18:00,マリンメッセ福岡 A館,pickup_number,female,入金後12h以内に発券番号共有,hak,5.0,,,2026-08-29 04:56:49,,2026-08-30 14:01:16,2026-08-29 06:01:15,transition_observed,sold,2,10000,別途セブンイレブンにて定価手数料支払あり。公演中止の場合のみ、手数料差し引いた定価返金いたします。,True,,,,,,,,,
sold_key-to-lit-arena-tour-2026-neo-classics_1787978647653_47000,1787978647653,key-to-lit-arena-tour-2026-neo-classics,2026-10-04,12:30,マリンメッセ福岡 A館,electronic,female,入金後3時間以内にQRコード共有,ユカ,5.0,,QR,2026-08-29 04:44:07,,2026-09-04 18:01:17,,historical_unknown,sold,2,47000,"情報局先行 KEY TO LIT 井上瑞稀名義 初期当選 指定席 2枚申し込み QRごとのお譲り 条件ございません 座席未定

情報局先行 ２枚申込みでの当選し...",True,,,,,,,,,
foxy0zx3on,1787979349422,key-to-lit-arena-tour-2026-neo-classics,2026-10-04,12:30,マリンメッセ福岡 A館,pickup_number,female,発券番号共有,a,5.0,,,2026-08-29 04:55:49,,2026-08-29 10:01:19,,,deleted,1,12000,"一般発売　立見
定価＋手数料をレジにてお支払いください。",True,,,,,,,,,
sxlabyoqtf,1787976873818,key-to-lit-arena-tour-2026-neo-classics,2026-10-04,17:30,マリンメッセ福岡 A館,electronic,female,同行,なゆ,5.0,,同行記載あり,2026-08-29 04:14:33,,2026-08-29 08:01:10,,,deleted,1,20000,"一般注釈付き指定席/サイチェン可/同行

同時に入場後、一緒に座席の確認だけお願いいたします。
2連中の座席選択権はございません。
また、チケットをお渡しした後...",True,,,,,,,,,
tldwmufbfu,1787978768669,key-to-lit-arena-tour-2026-neo-classics,2026-10-04,17:30,マリンメッセ福岡 A館,electronic,female,入金後3時間以内にQRコード共有,ユカ,5.0,,QR,2026-08-29 04:46:08,,2026-09-04 18:01:17,2026-08-29 08:01:10,transition_observed,sold,2,47000,"情報局先行 KEY TO LIT 井上瑞稀名義 初期当選 指定席 2枚申し込み QRごとのお譲り 条件ございません 座席未定

情報局先行 ２枚申込みでの当選し...",True,,,,,,,,,
pujbi3f91f,1787977760705,key-to-lit-arena-tour-2026-neo-classics,2026-10-09,18:00,セキスイハイムスーパーアリーナ,pickup_number,female,入金後発券番号共有,朱織,5.0,,,2026-08-29 04:29:20,,2026-08-30 14:01:16,2026-08-29 06:01:15,transition_observed,sold,2,10000,"注釈付き一般指定席 2名券
注意:プライベート出品に変更いたしますので、ご連絡ください
入金確認後、振込票番号お伝えさせていただきます。
別途、セブンイレブンにて定価+手数料の支払いあり。
【支払期限：2026/8/30(日) 23:30】
発券後、速やかに入場報告お願いいたします。",True,,,,,,,,,
89xaiizab2,1787977873337,key-to-lit-arena-tour-2026-neo-classics,2026-10-09,18:00,セキスイハイムスーパーアリーナ,pickup_number,female,払込票番号でのお渡し,なゆ,5.0,,,2026-08-29 04:31:13,,2026-08-30 14:01:16,2026-08-29 12:01:17,transition_observed,sold,1,10000,"注釈付一般指定1名券です。
払込票番号をお渡しいたしますので、別途ご自身でセブンイレブンにて支払い、発券が必要になります。",True,,,,,,,,,
ul9rdu8utw,1787977676577,key-to-lit-arena-tour-2026-neo-classics,2026-10-09,18:00,セキスイハイムスーパーアリーナ,pickup_number,female,入金確認後、払込票番号提示,E,5.0,,,2026-08-29 04:27:56,,2026-08-30 14:01:16,2026-08-29 14:01:10,transition_observed,sold,2,6000,"一般 立見指定 【2名券】です。
払込票番号のお譲りです。
8/30 23:30までに別途、セブンイレブンにて定価＋手数料をお支払い、発券をお願いいたします。...",True,,,,,,,,,
sold_key-to-lit-arena-tour-2026-neo-classics_1787976168173_13000,1787976168173,key-to-lit-arena-tour-2026-neo-classics,2026-10-09,18:00,セキスイハイムスーパーアリーナ,pickup_number,female,入金後、払込票番号共有,N,5.0,,,2026-08-29 04:02:48,,2026-08-30 14:01:16,,historical_unknown,sold,2,13000,"【注釈付一般指定2名券】
購入完了画面提示可能です。
購入後、払込票番号提示
別途、セブンイレブンにて定価+手数料の支払いあり。
【支払期限：2026/8/30...",True,,,,,,,,,
sold_key-to-lit-arena-tour-2026-neo-classics_1787976870730_12000,1787976870730,key-to-lit-arena-tour-2026-neo-classics,2026-10-09,18:00,セキスイハイムスーパーアリーナ,pickup_number,female,入金確認後、払込票番号提示,,,,,2026-08-29 04:14:30,,2026-08-30 14:01:16,,historical_unknown,sold,1,12000,"一般 立見指定1名券です。
払込票番号のお譲りです。
8/30 23:30までに別途、セブンイレブンにて定価＋手数料をお支払い、発券をお願いいたします。

発券...",False,,,,,,,,,
sold_key-to-lit-arena-tour-2026-neo-classics_1787976612996_10000,1787976612996,key-to-lit-arena-tour-2026-neo-classics,2026-10-09,18:00,セキスイハイムスーパーアリーナ,pickup_number,female,入金後、払込票番号共有,,,,,2026-08-29 04:10:12,,2026-08-30 14:01:16,,historical_unknown,sold,1,10000,"【注釈付一般指定1名券】
購入完了画面提示可能です。
購入後、払込票番号提示
別途、セブンイレブンにて定価+手数料の支払いあり。
【支払期限：2026/8/30...",False,,,,,,,,,
sold_key-to-lit-arena-tour-2026-neo-classics_1787976183006_12000,1787976183006,key-to-lit-arena-tour-2026-neo-classics,2026-10-10,12:30,セキスイハイムスーパーアリーナ,pickup_number,female,入金確認後、払込票番号提示,,,,,2026-08-29 04:03:03,,2026-08-30 14:01:16,,historical_unknown,sold,1,12000,"一般 立見指定1名券です。
払込票番号のお譲りです。
8/30 23:30までに別途、セブンイレブンにて定価＋手数料をお支払い、発券をお願いいたします。

発券...",False,,,,,,,,,
iswuvqhsq8,1787985005993,key-to-lit-arena-tour-2026-neo-classics,2026-10-03,18:00,マリンメッセ福岡 A館,pickup_number,female,発券番号のお渡し,NT,5.0,,,2026-08-29 06:30:05,,2026-08-30 14:01:16,2026-08-29 08:01:10,transition_observed,sold,2,10500,"一般立ち見2名券の
払込番号になります。
一般チケット、および注釈付きであることをご了承ください。
別途セブンイレブンにて定価＋手数料の支払が必要です。
2026/8/30 23:30までにセブンイレブンにてお支払いをお願いします。
購入者様の都合でお支払いができなかった場合であっても受取評価をしていただきます。",True,,,,,,,,,
uvy2hm5pac,1787984755385,key-to-lit-arena-tour-2026-neo-classics,2026-10-03,18:00,マリンメッセ福岡 A館,pickup_number,female,払込番号のお渡し,NT,5.0,,,2026-08-29 06:25:55,,2026-08-30 14:01:16,2026-08-29 10:01:19,transition_observed,sold,1,10000,"一般立ち見1名券の
払込番号になります。
一般チケット、および注釈付きであることをご了承ください。

別途セブンイレブンにて定価＋手数料の支払が必要です。

2...",True,,,,,,,,,
47aan3rus3,1787986598730,key-to-lit-arena-tour-2026-neo-classics,2026-10-03,18:00,マリンメッセ福岡 A館,pickup_number,female,入金後払込票番号発送,S,5.0,,,2026-08-29 06:56:38,,2026-08-30 14:01:16,2026-08-29 08:01:10,transition_observed,sold,1,8000,"一般ぴあ＊注釈付き指定席1枚
別途チケット代金のお支払いが必要です。
払込票番号をお伝えしますのでセブンイレブンにてチケット代金のお支払いをお願いします。同時にチケットが発券されます。
※支払期限：2026/8/30(月) 23:30
お手続きが終わりましたら、受け取り通知をお願いします。ご購入後のキャンセルや返金はお受けできません。
支払期限を過ぎると払込票番号は無効となりますのでご注意ください。その場合でも受け取り通知はしていただきますので予めご了承ください。",True,,,,,,,,,
qubo4abi1s,1787986712670,key-to-lit-arena-tour-2026-neo-classics,2026-10-04,17:30,マリンメッセ福岡 A館,pickup_number,female,入金後払込票番号共有,S,5.0,,,2026-08-29 06:58:32,,2026-08-30 14:01:16,2026-08-29 08:01:10,transition_observed,sold,2,3000,"一般ぴあ＊立ち見指定席2枚
別途チケット代金のお支払いが必要です。
払込票番号をお伝えしますのでセブンイレブンにてチケット代金のお支払いをお願いします。同時にチケットが発券されます。
※支払期限：2026/8/30(月) 23:30
お手続きが終わりましたら、受け取り通知をお願いします。ご購入後のキャンセルや返金はお受けできません。
支払期限を過ぎると払込票番号は無効となりますのでご注意ください。その場合でも受け取り通知はしていただきますので予めご了承ください。",True,,,,,,,,,
drpu15zmtl,1787984927216,key-to-lit-arena-tour-2026-neo-classics,2026-10-04,17:30,マリンメッセ福岡 A館,pickup_number,female,払込番号のお渡し,NT,5.0,,,2026-08-29 06:28:47,,2026-08-30 14:01:16,2026-08-29 11:01:16,transition_observed,sold,2,15000,"一般注釈付き指定席2名券の
払込番号になります。
一般チケット、および注釈付きであることをご了承ください。

別途セブンイレブンにて定価＋手数料の支払が必要です...",True,,,,,,,,,
sold_key-to-lit-arena-tour-2026-neo-classics_1787984833376_15000,1787984833376,key-to-lit-arena-tour-2026-neo-classics,2026-10-04,17:30,マリンメッセ福岡 A館,pickup_number,female,払込番号のお渡し,NT,5.0,,,2026-08-29 06:27:13,,2026-08-30 14:01:16,,historical_unknown,sold,1,15000,"一般注釈付き指定席1名券の
払込番号になります。
一般チケット、および注釈付きであることをご了承ください。

別途セブンイレブンにて定価＋手数料の支払が必要です...",True,,,,,,,,,
n0smlqhcm6,1787996098098,key-to-lit-arena-tour-2026-neo-classics,2026-10-04,17:30,マリンメッセ福岡 A館,pickup_number,female,入金後すぐに払込票番号共有,ｍ,5.0,,,2026-08-29 09:34:58,,2026-08-29 13:01:18,,,deleted,1,8000,"立見指定1名券
【8/30(日)23:30】までにセブンイレブンにて定価手数料のお支払いと発券をお済ませください。

重複したためお譲りいたします。
気になる点...",True,,,,,,,,,
4b11zq8f25,1788007158818,key-to-lit-arena-tour-2026-neo-classics,2026-10-04,12:30,マリンメッセ福岡 A館,electronic,female,同行,いがりん,5.0,,同行番手,2026-08-29 12:39:18,,2026-09-04 18:01:17,2026-08-29 14:01:10,transition_observed,sold,1,45000,"単番2名義　初期当選　該当名義　期限内名義　すり替えなし　会員番号下3桁提示します
11:50分に会場付近の指定した場所にお越しください
入場後は、こちらが選ばなかった席をお渡しします",True,,,,,,,,,
sold_key-to-lit-arena-tour-2026-neo-classics_1788009913255_10500,1788009913255,key-to-lit-arena-tour-2026-neo-classics,2026-10-09,18:00,セキスイハイムスーパーアリーナ,pickup_number,female,発券番号共有,‪☺︎‬,5.0,,,2026-08-29 13:25:13,,2026-08-30 14:01:16,,historical_unknown,sold,2,10500,"【一般 立見指定 2名券】
払込票番号のお譲りとなります。
8/30 23:30までに別途、セブンイレブンにて定価＋手数料をお支払い、発券をお願いいたします。...",True,,,,,,,,,
sold_key-to-lit-arena-tour-2026-neo-classics_1788014083107_49000,1788014083107,key-to-lit-arena-tour-2026-neo-classics,2026-10-04,17:30,マリンメッセ福岡 A館,electronic,female,入金後3時間以内にQRコード共有,,,,,2026-08-29 14:34:43,,2026-09-04 18:01:17,,historical_unknown,sold,2,49000,"情報局先行 KEY TO LIT 井上瑞稀名義 初期当選 指定席 2枚申し込み 
QRごとのお譲り 条件ございません 座席未定

情報局先行 ２枚申込みでの当選...",False,,,,,,,,,
fja98nw55l,1788008111145,key-to-lit-arena-tour-2026-neo-classics,2026-10-03,18:00,マリンメッセ福岡 A館,electronic,female,同行,m,5.0,,番手,2026-08-29 12:55:11,,2026-08-30 16:01:20,,,deleted,2,45000,"2名義中2番手 /初期当選/該当名義×1・非該当×1(着ブロ希望)/有効期限内/すり替えなし/下3桁提示可

お取引成立後は、プライベートモードまたはプラベルに...",True,,,,,,,,,
xodsff8ere,1787212339051,key-to-lit-arena-tour-2026-neo-classics,2026-10-03,18:00,マリンメッセ福岡 A館,electronic,female,2名義中2番手,R,5.0,,同行番手,2026-08-20 07:52:19,,2026-08-31 01:01:13,,,deleted,1,30000,"2名義中2番手

全て初期当選/該当名義/下3桁提示可/すり替えなし/有効期限内/変更ボタンあり/着ブロ希望なし/エラー履歴なし

他サイトにも出品しているため...",True,,,,,,,,,
sold_key-to-lit-arena-tour-2026-neo-classics_1788006840728_35000,1788006840728,key-to-lit-arena-tour-2026-neo-classics,2026-10-03,18:00,マリンメッセ福岡 A館,electronic,female,同行,いがりん,5.0,,同行番手,2026-08-29 12:34:00,,2026-09-04 18:01:17,,historical_unknown,sold,1,35000,"単番2名義　初期当選　該当名義　期限内名義　すり替えなし　会員番号下3桁提示します
17:20分に会場付近の指定した場所にお越しください
入場後は、こちらが選ば...",True,,,,,,,,,
mkvu1d85eo,1787844379179,key-to-lit-arena-tour-2026-neo-classics,2026-10-03,18:00,マリンメッセ福岡 A館,electronic,female,同行,Akn♡,5.0,,同行,2026-08-27 15:26:19,,2026-09-04 18:01:17,2026-08-30 17:01:14,transition_observed,sold,1,42000,"重複なし2連中1枚
初期/変ボ有該当/期限内/下3桁

ランエラ等公演中止以外のキャンセル不可",True,,,,,,,,,
gnc70la5os,1788023161330,key-to-lit-arena-tour-2026-neo-classics,2026-10-03,18:00,マリンメッセ福岡 A館,pickup_number,female,払込番号,yj,5.0,,,2026-08-29 17:06:01,,2026-08-30 15:01:16,,,deleted,1,14000,"注釈付き指定。一般販売分。
別途チケット代金のお支払いが必要です。
払込票番号をお伝えしますのでセブンイレブンにてチケット代金のお支払いをお願いします。同時にチ...",True,,,,,,,,,
bemmxw1hxj,1787984667937,key-to-lit-arena-tour-2026-neo-classics,2026-10-03,18:00,マリンメッセ福岡 A館,pickup_number,female,払込番号のお渡し,NT,5.0,,,2026-08-29 06:24:27,,2026-08-30 14:01:16,2026-08-30 12:01:17,transition_observed,sold,2,9999,"一般注釈付き指定席2名券の
払込番号になります。
一般チケット、および注釈付きであることをご了承ください。

別途セブンイレブンにて定価＋手数料の支払が必要です...",True,,,,,,,,,
7ytmrnfxaq,1788034395505,key-to-lit-arena-tour-2026-neo-classics,2026-10-03,18:00,マリンメッセ福岡 A館,electronic,female,会場内手渡し,だお,5.0,,番手,2026-08-29 20:13:15,,2026-08-30 03:01:11,,,deleted,2,15000,"4名義中2番手
該当名義/期限内/初期当選/下3桁提示可/すり替えなし
開場10分前を目安に指定した場所で待ち合わせをします。
値下げ交渉可
3番手4番手が欲し...",True,,,,,,,,,
tjm25rpkqu,1788003956997,key-to-lit-arena-tour-2026-neo-classics,2026-10-03,18:00,マリンメッセ福岡 A館,pickup_number,female,払込番号,yj,5.0,,,2026-08-29 11:45:56,,2026-08-30 14:01:16,2026-08-30 08:01:41,transition_observed,sold,2,10000,"立ち見指定。一般販売分。
別途チケット代金のお支払いが必要です。
払込票番号をお伝えしますのでセブンイレブンにてチケット代金のお支払いをお願いします。同時にチケ...",True,,,,,,,,,
sq6giqzznq,1788016869537,key-to-lit-arena-tour-2026-neo-classics,2026-10-03,18:00,マリンメッセ福岡 A館,pickup_number,female,発券番号共有,a,5.0,,,2026-08-29 15:21:09,,2026-08-30 12:01:17,,,deleted,1,13000,"注釈指定席　一般
定価＋手数料が必要になります。",True,,,,,,,,,
8c9u8gwpup,1787359629645,key-to-lit-arena-tour-2026-neo-classics,2026-10-03,18:00,マリンメッセ福岡 A館,electronic,female,公演日7日前までにQRコード共有,た,5.0,,QR,2026-08-22 00:47:09,,2026-08-30 15:01:16,,,deleted,2,48000,"QR毎のお渡し。該当名義/初期当選/重複すり替えなし

入金確認後にログイン情報提示致しますので速やかに受け取りをお願い致します。公演中止以外の理由でキャンセル...",True,,,,,,,,,
dtuusdu7hz,1787913346524,key-to-lit-arena-tour-2026-neo-classics,2026-10-04,12:30,マリンメッセ福岡 A館,electronic,female,同行,み,5.0,,ランダム,2026-08-28 10:35:46,,2026-08-30 14:01:16,,,deleted,1,17800,"・ 発券後はチケットを一旦回収し、こちらで座席選択後にランダムで配布いたします。開演5〜10分前頃に配布予定となります。
・公演中止の際は手数料などを差し引いた...",True,,,,,,,,,
weinrs70ch,1787974562653,key-to-lit-arena-tour-2026-neo-classics,2026-10-04,17:30,マリンメッセ福岡 A館,pickup_number,female,入金確認次第払込番号お知らせ,な。,4.8,,,2026-08-29 03:36:02,,2026-08-30 05:01:13,,,deleted,1,10500,"一般 立ち見指定 1名券  払込番号でのお譲りとなります。
セブンイレブンにてご自身でチケ代のお支払いと発券お願いします。
※払込番号お知らせしましたらスムーズ...",True,,,,,,,,,
enykwm1pcu,1787981224928,key-to-lit-arena-tour-2026-neo-classics,2026-10-04,17:30,マリンメッセ福岡 A館,pickup_number,female,発券番号共有,a,5.0,,,2026-08-29 05:27:04,,2026-08-30 12:01:17,,,deleted,1,15000,"一般発売　注釈指定席
別途定価＋手数料が必要になります。",True,,,,,,,,,
ai0ob9uatl,1787979713924,key-to-lit-arena-tour-2026-neo-classics,2026-10-04,17:30,マリンメッセ福岡 A館,pickup_number,female,発券番号共有,a,5.0,,,2026-08-29 05:01:53,,2026-08-30 14:01:16,,,deleted,1,5000,"一般発売　立見
21時40分までの掲載
定価＋手数料が必要になります。",True,,,,,,,,,
pjoqqu92ls,1787975021773,key-to-lit-arena-tour-2026-neo-classics,2026-10-04,17:30,マリンメッセ福岡 A館,pickup_number,female,払込票番号のお知らせ,も,4.9,,,2026-08-29 03:43:41,,2026-08-30 13:01:15,,,deleted,2,10000,"注釈付き指定。一般販売分。
別途チケット代金のお支払いが必要です。払込票番号をお伝えしますのでセブンイレブンにてチケット代金のお支払いをお願いします。同時にチケ...",True,,,,,,,,,
nqerbeqw3t,1787981320803,key-to-lit-arena-tour-2026-neo-classics,2026-10-04,17:30,マリンメッセ福岡 A館,pickup_number,female,発券番号共有,a,5.0,,,2026-08-29 05:28:40,,2026-08-30 14:01:16,,,deleted,2,11000,"21時までの掲載
一般発売　注釈指定席
別途定価＋手数料が必要
2名お揃いで入場お願い致します。",True,,,,,,,,,
jh456yvw1p,1787978023205,key-to-lit-arena-tour-2026-neo-classics,2026-10-04,17:30,マリンメッセ福岡 A館,pickup_number,female,発券番号,yj,5.0,,,2026-08-29 04:33:43,,2026-08-30 15:01:16,,,deleted,1,10000,"立ち見指定。一般販売分。
別途チケット代金のお支払いが必要です。
払込票番号をお伝えしますのでセブンイレブンにてチケット代金のお支払いをお願いします。同時にチケ...",True,,,,,,,,,
fdy2cs32p9,1787976806160,key-to-lit-arena-tour-2026-neo-classics,2026-10-09,18:00,セキスイハイムスーパーアリーナ,pickup_number,female,入金確認後、払込票番号提示,E,5.0,,,2026-08-29 04:13:26,,2026-08-30 14:01:16,,,deleted,1,2000,"一般 立見指定1名券です。
払込票番号のお譲りです。
8/30 23:30までに別途、セブンイレブンにて定価＋手数料をお支払い、発券をお願いいたします。

発券...",True,,,,,,,,,
byohsehq6d,1787977931318,key-to-lit-arena-tour-2026-neo-classics,2026-10-09,18:00,セキスイハイムスーパーアリーナ,pickup_number,female,入金確認後、払込票番号提示,E,5.0,,,2026-08-29 04:32:11,,2026-08-30 10:01:14,,,deleted,1,4000,"一般 立見指定1名券です。
払込票番号のお譲りです。
8/30 23:30までに別途、セブンイレブンにて定価＋手数料をお支払い、発券をお願いいたします。

発券...",True,,,,,,,,,
kqc1ek4das,1787996361607,key-to-lit-arena-tour-2026-neo-classics,2026-10-09,18:00,セキスイハイムスーパーアリーナ,pickup_number,female,入金後1日以内に発券番号共有,Yyy,5.0,,,2026-08-29 09:39:21,,2026-08-30 15:01:16,,,deleted,1,5500,"一般 立見指定1名券です。
払込票番号のお譲りです。
8/30 23:30までに別途、セブンイレブンにて定価＋手数料をお支払い、発券をお願いいたします。

発券...",True,,,,,,,,,
k66h01bynm,1787788619044,key-to-lit-arena-tour-2026-neo-classics,2026-10-09,18:00,セキスイハイムスーパーアリーナ,electronic,female,公演前日までにログイン情報共有,k,5.0,,QR,2026-08-26 23:56:59,,2026-08-30 14:01:16,,,deleted,2,50000,"初期当選/QR毎/該当名義(大光名義)/重複・すり替えなし/有効期限内/下3桁提示可

公演前日にログイン情報をお伝えします。
入場後、速やかにログアウトし受け...",True,,,,,,,,,
gcmahj0chx,1787499822487,key-to-lit-arena-tour-2026-neo-classics,2026-10-10,12:30,セキスイハイムスーパーアリーナ,electronic,female,同行,あ,5.0,,ランダム,2026-08-23 15:43:42,,2026-09-04 18:01:17,2026-08-30 04:01:12,transition_observed,sold,1,15000,"当方が座席を選択した後、残ったチケットをランダムでお渡し致します。
ご購入様にお席をお選び頂くことはできません。会場によっては立ち見の可能性もございます。

発...",True,,,,,,,,,
ihjujmujy0,1788019519199,key-to-lit-arena-tour-2026-neo-classics,2026-10-10,17:30,セキスイハイムスーパーアリーナ,electronic,female,同行,A,5.0,,同行番手,2026-08-29 16:05:19,,2026-09-04 18:01:17,2026-08-30 03:01:11,transition_observed,sold,1,40000,"2連と単番計3枚のうち3枚目のお渡し

2名義ともFC先行初期当選/該当名義/有効期限内/着ブロ選択なし/サイチェン不可

当日会場付近で開場30分前に集合して...",True,,,,,,,,,
yqyw599owa,1788007557566,key-to-lit-arena-tour-2026-neo-classics,2026-10-10,17:30,セキスイハイムスーパーアリーナ,electronic,female,同行,いがりん,5.0,,同行番手,2026-08-29 12:45:57,,2026-09-04 18:01:17,2026-08-30 13:01:15,transition_observed,sold,1,50000,"単番2名義　初期当選　該当名義　期限内名義　すり替えなし　会員番号下3桁提示します
16:50分に会場付近の指定した場所にお越しください
入場後は、こちらが選ば...",True,,,,,,,,,
luji6droef,1787984608719,key-to-lit-arena-tour-2026-neo-classics,2026-10-10,17:30,セキスイハイムスーパーアリーナ,electronic,none,同行,c,4.9,,ランダム記載あり,2026-08-29 06:23:28,,2026-09-04 18:01:17,2026-08-30 21:01:16,transition_observed,sold,1,18000,"・当日開場30分前を目処に会場付近に集合し同時入場して頂きます。詳しい集合時間や場所は当日朝までに連絡ボードにてご連絡致します。
・遅刻は厳禁でお願い致します。...",True,,,,,,,,,
wrux5tuz6b,1788026285230,key-to-lit-arena-tour-2026-neo-classics,2026-10-10,17:30,セキスイハイムスーパーアリーナ,electronic,female,同行,げ,5.0,,同行番手,2026-08-29 17:58:05,,2026-09-04 18:01:17,2026-08-30 16:01:20,transition_observed,sold,1,60000,"6名義中3番手、全て該当、有効期限内、初期当選、エラー歴なし、すり替えなし、購入後下3桁提示可

・バラ購入の場合、同じ番手の方と相談でお決め下さい。意見が割れ...",True,,,,,,,,,
c1exm9wbt7,1780803615143,key-to-lit-arena-tour-2026-neo-classics,2026-10-03,18:00,マリンメッセ福岡 A館,electronic,female,同行,VMD.7751,5.0,,同行,2026-06-07 03:40:15,,2026-09-04 18:01:17,2026-08-30 07:01:20,transition_observed,sold,1,45000,"
2連中の1枚（当方と同行）
初期当選/該当名義（嶺亜）/座席未定（立ち見の場合もございます。）/同行募集/着ブロ希望なし/有効期限内/
集合場所と時間は前日に...",True,,,,,,,,,
pfp4l250u8,1781537046314,key-to-lit-arena-tour-2026-neo-classics,2026-10-03,18:00,マリンメッセ福岡 A館,electronic,female,同行,あいうえお,5.0,,同行,2026-06-15 15:24:06,,2026-09-04 18:01:17,2026-08-30 03:01:11,transition_observed,sold,1,45000,"本日までの出品
初期当選/本人確認対応可/変ボ有り該当名義 /着ブロ希望なし/有効期限内/中村担不可

当方(中村担)との重複すり替えなしの同行となります。
同...",True,,,,,,,,,
sq8r5xx1i2,1788052866069,key-to-lit-arena-tour-2026-neo-classics,2026-10-10,12:30,セキスイハイムスーパーアリーナ,pickup_number,none,支払番号共有,N,5.0,,,2026-08-30 01:21:06,,2026-08-30 14:01:16,2026-08-30 04:01:12,transition_observed,sold,1,9000,"立ち見指定(1名様券)、一般販売分
別途チケット代金のお支払いが必要です。
払込票番号をお伝えしますのでセブンイレブンにてチケット代金のお支払いをお願いします。...",True,,,,,,,,,
vpobujpacz,1788056296886,key-to-lit-arena-tour-2026-neo-classics,2026-10-09,18:00,セキスイハイムスーパーアリーナ,pickup_number,female,入金後2時間以内に発券番号共有,W,5.0,,,2026-08-30 02:18:16,,2026-08-30 14:01:16,2026-08-30 04:01:12,transition_observed,sold,1,12000,注釈付き指定1名券、ご入金後発券番号をお伝えします。ご自身でセブンより定価手数料をお支払いに上、発券してください。,True,,,,,,,,,
jj1sqf9fa2,1788064952346,key-to-lit-arena-tour-2026-neo-classics,2026-10-09,18:00,セキスイハイムスーパーアリーナ,pickup_number,female,入金後発券番号共有,ぱふ,5.0,,,2026-08-30 04:42:32,,2026-08-30 15:01:16,,,deleted,1,7000,"一般注釈付き指定1名券。
ご入金後、発券番号をお伝えしますので、ご自身でセブンイレブンより定価手数料をお支払いに上、発券してください。
支払期限は、8/30 2...",True,,,,,,,,,
e0sbn80lct,1788072515224,key-to-lit-arena-tour-2026-neo-classics,2026-10-09,18:00,セキスイハイムスーパーアリーナ,electronic,female,公演日前日までにQRコード共有,C,5.0,,QR,2026-08-30 06:48:35,,2026-08-30 13:01:15,,,deleted,2,12000,"該当期限切れ名義/初期当選/20代女性名義
同行者登録は買い手様でお願いいたします
万が一ランダムエラーで入場できなかった場合、入場時の動画をご提示いただければ...",True,,,,,,,,,
1v8dmxg603,1788076381810,key-to-lit-arena-tour-2026-neo-classics,2026-10-04,12:30,マリンメッセ福岡 A館,pickup_number,female,払込番号,yj,5.0,,,2026-08-30 07:53:01,,2026-08-30 14:01:16,,,deleted,1,20000,"立ち見指定。一般販売分。
別途チケット代金のお支払いが必要です。
払込票番号をお伝えしますのでセブンイレブンにてチケット代金のお支払いをお願いします。同時にチケ...",True,,,,,,,,,
sold_key-to-lit-arena-tour-2026-neo-classics_1788076642792_23000,1788076642792,key-to-lit-arena-tour-2026-neo-classics,2026-10-04,17:30,マリンメッセ福岡 A館,electronic,female,同行,,,,,2026-08-30 07:57:22,,2026-09-04 18:01:17,,historical_unknown,sold,1,23000,"初期当選/非該当名義/期限内/変更ボタン有/下3桁提示可/猪狩担との同行となります。

座席の選択はこちらで行います。購入者様はお選びいただけませんのでご了承く...",False,,,,,,,,,
pt1up5zxg7,1788088956117,key-to-lit-arena-tour-2026-neo-classics,2026-10-03,18:00,マリンメッセ福岡 A館,pickup_number,female,払込番号,yj,5.0,,,2026-08-30 11:22:36,,2026-08-30 14:01:16,2026-08-30 14:01:16,transition_observed,sold,1,15000,"注釈指定。一般販売分。
別途チケット代金のお支払いが必要です。
払込票番号をお伝えしますのでセブンイレブンにてチケット代金のお支払いをお願いします。同時にチケットが発券されます。
支払期限：2026/8/30（日）23:30
ご購入後のキャンセルや返金はお受けできません。
支払期限を過ぎると払込票番号は無効となりますのでご注意ください。その場合でも受け取り通知はしていただきますので予めご了承ください。",True,,,,,,,,,
3ghuilzol0,1788098185567,key-to-lit-arena-tour-2026-neo-classics,2026-10-04,12:30,マリンメッセ福岡 A館,pickup_number,female,払込番号,yj,5.0,,,2026-08-30 13:56:25,,2026-08-30 15:01:16,,,deleted,1,15000,"立ち見指定。一般販売分。
別途チケット代金のお支払いが必要です。
払込票番号をお伝えしますのでセブンイレブンにてチケット代金のお支払いをお願いします。同時にチケットが発券されます。
支払期限：2026/8/30（日）23:30
ご購入後のキャンセルや返金はお受けできません。
支払期限を過ぎると払込票番号は無効となりますのでご注意ください。その場合でも受け取り通知はしていただきますので予めご了承ください。",True,,,,,,,,,
sold_key-to-lit-arena-tour-2026-neo-classics_1788097057048_17000,1788097057048,key-to-lit-arena-tour-2026-neo-classics,2026-10-10,17:30,セキスイハイムスーパーアリーナ,electronic,female,同行,,,,,2026-08-30 13:37:37,,2026-09-04 18:01:17,,historical_unknown,sold,1,17000,"特別出品しますのでコメントお願い致します。
少人数ランダム配布 

公演当日、16時頃に会場付近にて待ち合わせし、同時入場していただきます。
詳しい待ち合わせ時...",False,,,,,,,,,
d5wodi4kji,1788102704141,key-to-lit-arena-tour-2026-neo-classics,2026-10-03,18:00,マリンメッセ福岡 A館,paper,female,購入後2～3日内郵送,yj,5.0,,,2026-08-30 15:11:44,,2026-08-30 17:01:14,,,deleted,2,15000,"立ち見指定。一般販売分。
郵送または当日会場間近で手渡し。
公演中止の場合にのみ、チケット返却後に全額返金いたします。その他事由での返金は如何なる場合でもいたしかねます。",True,,,,,,,,,
sold_key-to-lit-arena-tour-2026-neo-classics_1788103507265_20000,1788103507265,key-to-lit-arena-tour-2026-neo-classics,2026-10-04,12:30,マリンメッセ福岡 A館,paper,female,郵送また手渡し,,,,,2026-08-30 15:25:07,,2026-09-04 18:01:17,,historical_unknown,sold,1,20000,"立ち見指定。一般販売分。
郵送または当日会場間近で手渡し。
公演中止の場合にのみ、チケット返却後に全額返金いたします。その他事由での返金は如何なる場合でもいたし...",False,,,,,,,,,
slm3bmbo5t,1787993156109,key-to-lit-arena-tour-2026-neo-classics,2026-10-03,18:00,マリンメッセ福岡 A館,paper,female,入金後1〜2日以内に郵送,N O,5.0,,,2026-08-29 08:45:56,,2026-09-04 18:01:17,2026-08-31 02:01:13,transition_observed,sold,2,19000,"一般注釈付き指定(2名券)になります。

・ランダムエラー・本人確認・ご購入者様の遅刻(公共交通機関の遅延も含む)等、不測の事態により入場ができなかった際にも、...",True,,,,,,,,,
i7wsi5312n,1787998288338,key-to-lit-arena-tour-2026-neo-classics,2026-10-03,18:00,マリンメッセ福岡 A館,electronic,none,同行,あ,5.0,,ランダム,2026-08-29 10:11:28,,2026-09-04 18:01:17,2026-08-31 08:01:12,transition_observed,sold,1,5500,"当方が座席を選択した後、残ったチケットをランダムでお渡し致します。
ご購入様にお席をお選び頂くことはできません。

発券後、一度チケットを全て回収させていただき...",True,,,,,,,,,
ond1ftiq7i,1788103119116,key-to-lit-arena-tour-2026-neo-classics,2026-10-03,18:00,マリンメッセ福岡 A館,paper,female,郵送、手渡し,yj,5.0,,,2026-08-30 15:18:39,,2026-08-31 02:01:13,,,deleted,1,20000,"注釈付き指定。一般販売分。
郵送または当日会場間近で手渡し。
公演中止の場合にのみ、チケット返却後に全額返金いたします。その他事由での返金は如何なる場合でもいた...",True,,,,,,,,,
vtv1j8p516,1787843006863,key-to-lit-arena-tour-2026-neo-classics,2026-10-03,18:00,マリンメッセ福岡 A館,electronic,female,公演前日にログイン情報共有,にゃん,5.0,,QR,2026-08-27 15:03:26,,2026-09-01 01:01:08,,,deleted,2,0,"QR毎/初期当選/該当名義/変更ボタンあり/有効期限内/同行者登録可能

公演中止の際は手数料を差し引いた金額を返金致しますが、それ以外の如何なる理由（体調不良...",True,,,,,,,,,
mbnsjcub23,1788068425354,key-to-lit-arena-tour-2026-neo-classics,2026-10-04,12:30,マリンメッセ福岡 A館,electronic,female,同行,さとう,5.0,,ランダム,2026-08-30 05:40:25,,2026-09-04 18:01:17,2026-08-31 08:01:12,transition_observed,sold,2,30000,"少人数ランダム配布/2連確約
有効期限内名義
中相場買取可能です。
上乗せで早渡しも検討いたしますのでご提示ください。

複数名義所持のため、同時入場後チケット...",True,,,,,,,,,
b4rukvr743,1788085269364,key-to-lit-arena-tour-2026-neo-classics,2026-10-04,12:30,マリンメッセ福岡 A館,electronic,female,同行,え,5.0,,QR同行,2026-08-30 10:21:09,,2026-08-31 17:01:13,,,deleted,1,55000,"該当名義/同行/下3桁提示可能/有効期限内/すり替えなし/井上担不可

 公演日開場30-20分前に集合を予定しています。
詳しい待ち合わせ時間は連絡ボードにて...",True,,,,,,,,,
4lvh71r0ms,1788102064903,key-to-lit-arena-tour-2026-neo-classics,2026-10-04,17:30,マリンメッセ福岡 A館,electronic,female,同行,N,5.0,,同行,2026-08-30 15:01:04,,2026-08-31 05:01:11,,,deleted,1,40000,"初期当選／座席未定／重複すり替えなし同行／該当名義／変更ボタン有／有効期限内／下3桁提示可能／着席希望なし

・公演当日は開場時間5分前に会場周辺にて待ち合わせ...",True,,,,,,,,,
7qsjv6ifix,1788103579378,key-to-lit-arena-tour-2026-neo-classics,2026-10-04,17:30,マリンメッセ福岡 A館,paper,female,郵送また手渡し,yj,5.0,,,2026-08-30 15:26:19,,2026-09-04 18:01:17,2026-08-31 02:01:13,transition_observed,sold,1,20000,"注釈付き指定。一般販売分。
郵送または当日会場間近で手渡し。
公演中止の場合にのみ、チケット返却後に全額返金いたします。その他事由での返金は如何なる場合でもいた...",True,,,,,,,,,
qllp81zcxg,1787907216463,key-to-lit-arena-tour-2026-neo-classics,2026-10-09,18:00,セキスイハイムスーパーアリーナ,electronic,none,同行,あ,5.0,,ランダム,2026-08-28 08:53:36,,2026-09-04 18:01:17,2026-08-31 11:01:14,transition_observed,sold,1,13000,"当方が座席を選択した後、残ったチケットをランダムでお渡し致します。
ご購入様にお席をお選び頂くことはできません。

発券後、一度チケットを全て回収させていただき...",True,,,,,,,,,
ku5086cl8j,1787452016498,key-to-lit-arena-tour-2026-neo-classics,2026-10-09,18:00,セキスイハイムスーパーアリーナ,electronic,female,公演前日までにQRコード共有,AN,5.0,,QR,2026-08-23 02:26:56,,2026-09-04 18:01:17,2026-08-31 16:01:10,transition_observed,sold,2,50000,"初期当選/QR毎/該当名義/重複・すり替えなし/有効期限内/下3桁提示可

公演前日にログイン情報をお伝えします。
入場後、速やかにログアウトし受け取り評価をお...",True,,,,,,,,,
5fv4zz802v,1788016705976,key-to-lit-arena-tour-2026-neo-classics,2026-10-09,18:00,セキスイハイムスーパーアリーナ,paper,female,入金後発券番号共有,あ。,5.0,,,2026-08-29 15:18:25,,2026-09-04 18:01:17,2026-08-31 02:01:13,transition_observed,sold,1,12000,"注釈付き指定席の一般です。

定価＋手数料のお支払いが必要になります。",True,,,,,,,,,
npysoybgka,1788007844408,key-to-lit-arena-tour-2026-neo-classics,2026-10-10,17:30,セキスイハイムスーパーアリーナ,electronic,female,公演日前日までにQRコード共有,いがりん,5.0,,,2026-08-29 12:50:44,,2026-09-04 18:01:17,2026-08-31 15:01:19,transition_observed,sold,1,70000,"単番　初期当選　該当名義　期限内名義　すり替えなし　会員番号下3桁提示します
同意チェックはこちらでは行いません。買い手様のタイミングでお願いします。
また、公...",True,,,,,,,,,
k8n0c0xbkr,1788055606279,key-to-lit-arena-tour-2026-neo-classics,2026-10-10,17:30,セキスイハイムスーパーアリーナ,electronic,female,同行,ゆ,5.0,,ランダム,2026-08-30 02:06:46,,2026-08-31 09:01:12,,,deleted,2,20000,"ランダムすり替え有

ご希望の方すり替えなし、即渡しも可能ですのでお気軽にメッセージください。",True,,,,,,,,,
xkbsm7kadl,1788015545739,key-to-lit-arena-tour-2026-neo-classics,2026-10-10,17:30,セキスイハイムスーパーアリーナ,electronic,female,入金後3時間以内にQRコード共有,misuzu,5.0,,QR,2026-08-29 14:59:05,,2026-09-04 18:01:17,2026-08-31 13:01:15,transition_observed,sold,2,64000,"情報局先行 KEY TO LIT 中村嶺亜名義 初期当選 指定席 2枚申し込み 
QRごとのお譲り 条件ございません 座席未定

情報局先行 ２枚申込みでの当選...",True,,,,,,,,,
jgijnmz0ui,1785935576019,key-to-lit-arena-tour-2026-neo-classics,2026-10-03,18:00,マリンメッセ福岡 A館,electronic,female,同行,み,5.0,,番手,2026-08-05 13:12:56,,2026-08-31 08:01:12,,,deleted,2,28000,"
3名義中3番手/すり替えなし/いずれも初期当選/有効期限内/着ブロ指定なし

プライベート出品に変更させていただきますので、メッセージをお願いいたします。...",True,,,,,,,,,
stt0x7kw30,1788139651150,key-to-lit-arena-tour-2026-neo-classics,2026-10-04,12:30,マリンメッセ福岡 A館,pickup_number,female,入金後すぐに払込票番号を共有,も,4.9,,,2026-08-31 01:27:31,,2026-08-31 03:01:11,,,deleted,2,13500,"注釈付き指定2名券
払込票番号をお伝えしますので、9/1(火)23:30までにセブンイレブンにて定価手数料のお支払いをお願いいたします。
発券が間に合わずキャンセルなどお受けできませんので、必ず期限厳守できる方でお願いいたします。
なにか気になる点などございましたらお気軽にメッセージください。
よろしくお願いいたします。",True,,,,,,,,,
odit8p24o5,1780331203399,key-to-lit-arena-tour-2026-neo-classics,2026-10-04,17:30,マリンメッセ福岡 A館,electronic,female,同行,もん,5.0,,番手同行,2026-06-01 16:26:43,,2026-08-31 10:01:16,,,deleted,1,40000,"初期当選/2名義中2番手(当方との同行)/該当1非該当1/期限内/変更ボタン有/下3桁提示可/中村担×
⚠️プラベルにて出品し直しますので、購入希望の方はコメン...",True,,,,,,,,,
sold_key-to-lit-arena-tour-2026-neo-classics_1788140543823_3900,1788140543823,key-to-lit-arena-tour-2026-neo-classics,2026-10-04,17:30,マリンメッセ福岡 A館,pickup_number,female,ご購入確認後、すぐに発券番号共有,,,,,2026-08-31 01:42:23,,2026-09-01 14:01:18,,historical_unknown,sold,1,3900,"立ち見指定一般　1名券
払込票番号のお譲りです。
9/1 23:30までに別途、セブンイレブンにて定価＋手数料をお支払い、発券をお願いいたします。

発券後は速...",False,,,,,,,,,
sold_key-to-lit-arena-tour-2026-neo-classics_1788139392185_12000,1788139392185,key-to-lit-arena-tour-2026-neo-classics,2026-10-04,17:30,マリンメッセ福岡 A館,pickup_number,female,入金後すぐに払込票番号を共有,も,4.9,,,2026-08-31 01:23:12,,2026-09-01 14:01:18,,historical_unknown,sold,1,12000,"一般注釈付き指定1名券
9/1(火)23:30までにセブンイレブンにて定価手数料のお支払いが必要です。
発券が間に合わずのキャンセルなど対応できませんので、必ず...",True,,,,,,,,,
uumoxv12y3,1780617951453,key-to-lit-arena-tour-2026-neo-classics,2026-10-09,18:00,セキスイハイムスーパーアリーナ,electronic,female,同行,Yyy,4.7,,番手,2026-06-05 00:05:51,,2026-09-04 18:01:17,2026-08-31 13:01:15,transition_observed,sold,2,40000,"3名義中3番手
該当名義/変更ボタンあり/初期当選/着ブロ希望なし / 下3桁提示可能/すり替えなし

公演当日、こちらが指定した時間に会場付近にて待ち合わせの...",True,,,,,,,,,
o6ob63n5ka,1782961716764,key-to-lit-arena-tour-2026-neo-classics,2026-10-10,17:30,セキスイハイムスーパーアリーナ,electronic,female,同行,S,5.0,,同行,2026-07-02 03:08:36,,2026-09-04 18:01:17,2026-08-31 16:01:10,transition_observed,sold,1,75000,"重複無し同行
初期当選、すり替えなし、下3桁提示可、有効期限内、井上担不可

開場時間頃に会場付近で待ち合わせをし、同時入場していただき、こちらで座席選択後チケ...",True,,,,,,,,,
0pajrnzdyo,1786798208608,key-to-lit-arena-tour-2026-neo-classics,2026-10-10,17:30,セキスイハイムスーパーアリーナ,electronic,female,同行,-fxxx-,5.0,,番手,2026-08-15 12:50:08,,2026-08-31 23:01:17,,,deleted,1,98000,"【9名義中2番手のお譲り。条件あり】全て初期当選/該当名義/すり替えなし/有効期限内/下3桁提示可/猪狩担不可/プライベート出品可
 
※以下の取引方法の説明と...",True,,,,,,,,,
dyt68ss4m6,1786967361759,key-to-lit-arena-tour-2026-neo-classics,2026-10-10,17:30,セキスイハイムスーパーアリーナ,electronic,female,同行,S,5.0,,同行,2026-08-17 11:49:21,,2026-08-31 23:01:17,,,deleted,1,72000,"重複無し同行、初期当選、すり替えなし、下3桁提示可、有効期限内、井上担不可

開場時間頃に会場付近で待ち合わせをし、同時入場後こちらで座席選択後チケットをお渡し...",True,,,,,,,,,
2god0awe8w,1788149451703,key-to-lit-arena-tour-2026-neo-classics,2026-10-09,18:00,セキスイハイムスーパーアリーナ,pickup_number,female,入金確認後、払込票番号提示,E,5.0,,,2026-08-31 04:10:51,,2026-09-01 14:01:18,2026-08-31 07:01:13,transition_observed,sold,1,8000,"一般 注釈付き指定席1名券です。
払込票番号のお譲りです。
9/1 23:30までに別途、セブンイレブンにて定価＋手数料をお支払い、発券をお願いいたします。...",True,,,,,,,,,
xfca9uhq9q,1788149714795,key-to-lit-arena-tour-2026-neo-classics,2026-10-10,17:30,セキスイハイムスーパーアリーナ,electronic,female,公演2日前にQRコード共有,mp,5.0,,QR,2026-08-31 04:15:14,,2026-09-04 18:01:17,2026-08-31 16:01:10,transition_observed,sold,2,65000,"QRごと/該当名義/初期当選/下3桁提示可/有効期限内/変更ボタンあり/すり替えなし/着ブロ希望なし/過去エラーなし

公演2日前にログイン情報をお伝えいたしま...",True,,,,,,,,,
ei2jlqrpep,1788196115459,key-to-lit-arena-tour-2026-neo-classics,2026-10-03,18:00,マリンメッセ福岡 A館,electronic,female,同行,a,5.0,,同行,2026-08-31 17:08:35,,2026-09-04 18:01:17,2026-09-01 03:01:07,transition_observed,sold,1,45000,"初期当選/該当名義/有効期限内/下3桁提示可/重複すり替えなし/同行者登録可
同時入場後、チケットをお渡し次第、その場で受取連絡をお願いいたします。
待ち合わせ...",True,,,,,,,,,
s5yybjvdja,1788084179364,key-to-lit-arena-tour-2026-neo-classics,2026-10-03,18:00,マリンメッセ福岡 A館,electronic,female,公演日2日前までにログイン情報共有,なる,5.0,,QR,2026-08-30 10:02:59,,2026-09-01 07:01:20,,,deleted,2,58000,"5.2+サイト手数料~即5.8（手数料込）
QR毎/該当名義/初期当選/期限内/下3桁提示可能/着ブロ希望なし

‼️同行者登録可‼️

・お渡ししたお座席での...",True,,,,,,,,,
q8u2nsz6z3,1788154300947,key-to-lit-arena-tour-2026-neo-classics,2026-10-04,12:30,マリンメッセ福岡 A館,electronic,female,同行,hi,5.0,,同行番手,2026-08-31 05:31:40,,2026-09-02 01:01:11,,,deleted,2,35000,"2名義中1番手1枚(佐々木担不可)
2名義中2番手 1〜2枚(2枚の場合連番)
有効期限内 該当名義(変更ボタン有) 重複すり替え無し 

本日中にお取引できる...",True,,,,,,,,,
ucdihwj1u3,1787766961910,key-to-lit-arena-tour-2026-neo-classics,2026-10-04,12:30,マリンメッセ福岡 A館,electronic,female,同行,ありちゃん,5.0,,同行記載あり,2026-08-26 17:56:01,,2026-09-04 18:01:17,2026-09-01 16:01:25,transition_observed,sold,1,18000,"⭐️少人数ランダム配布⭐️
FC先行 座席未定/複数名義当選のため同時入場後に一度チケットを回収し、当方の座席選択後にランダム配布いたします/全名義有効期限内/...",True,,,,,,,,,
31zx1u5sds,1788214890266,key-to-lit-arena-tour-2026-neo-classics,2026-10-04,12:30,マリンメッセ福岡 A館,electronic,female,公演前日QRコード共有,はち,5.0,,QR,2026-08-31 22:21:30,,2026-09-04 18:01:17,2026-09-01 05:03:14,transition_observed,sold,1,0,"初期当選/単番QR毎/重複すり替えなし/下3桁提示可能/着ブロ希望なし/有効期限内/過去エラーなし/戻りなし

座種、座席に関するクレームは一切受け付けておりま...",True,,,,,,,,,
7z06e0dyvo,1787969831892,key-to-lit-arena-tour-2026-neo-classics,2026-10-04,17:30,マリンメッセ福岡 A館,electronic,female,3名義中2番手,R,5.0,,番手,2026-08-29 02:17:11,,2026-09-04 18:01:17,2026-09-01 14:01:18,transition_observed,sold,1,42000,"3名義中2番手
全て初期当選/該当/下3桁提示可/すり替えなし/有効期限内/変更ボタンあり

他サイトにも出品しているため決まり次第削除します。

公演当日は開...",True,,,,,,,,,
zfxi9b9jtw,1787959769018,key-to-lit-arena-tour-2026-neo-classics,2026-10-09,18:00,セキスイハイムスーパーアリーナ,electronic,none,ランダム配布,r,5.0,,ランダム,2026-08-28 23:29:29,,2026-09-04 18:01:17,2026-09-01 03:01:07,transition_observed,sold,1,15000,"複数名義所持しているため、同時入場後に1度チケットを回収させていただき、当方が座席選択後にランダムに配布します。

チケットの選択にお時間をいただきますのであら...",True,,,,,,,,,
rky94ve4fm,1787983042275,key-to-lit-arena-tour-2026-neo-classics,2026-10-09,18:00,セキスイハイムスーパーアリーナ,paper,none,当日手渡し,ましゅまろ,5.0,,同行,2026-08-29 05:57:22,,2026-09-01 17:01:20,,,deleted,1,12500,"一般指定席当方と同行です。
2.5〜即3
1部アプリ通し、残り1.25は手渡しでのお取引です。
購入希望者数人いた場合、即決出していただける方優先します。
詳し...",True,,,,,,,,,
sif19ohczd,1788157979046,key-to-lit-arena-tour-2026-neo-classics,2026-10-10,12:30,セキスイハイムスーパーアリーナ,pickup_number,female,発券番号共有,a,5.0,,,2026-08-31 06:32:59,,2026-09-01 14:01:18,,,deleted,2,15000,"本日まで
一般発売　立見
別途定価＋手数料が必要になります。",True,,,,,,,,,
zv6ona5tn2,1787485013818,key-to-lit-arena-tour-2026-neo-classics,2026-10-10,12:30,セキスイハイムスーパーアリーナ,electronic,female,2連中1枚同行,な,5.0,,同行,2026-08-23 11:36:53,,2026-09-01 14:01:18,,,deleted,1,79000,"初期当選/該当名義/重複すり替えなし/有効期限内/変更ボタンあり/下3桁提示可/着ブロ希望なし/サイチェン可/本確対応不可

🌟プラベル出品へ移行しますのでコ...",True,,,,,,,,,
r84pb2d759,1787960014329,key-to-lit-arena-tour-2026-neo-classics,2026-10-10,12:30,セキスイハイムスーパーアリーナ,electronic,none,ランダム配布,r,5.0,,ランダム,2026-08-28 23:33:34,,2026-09-01 05:03:14,,,deleted,1,18000,"複数名義所持しているため、同時入場後に1度チケットを回収させていただき、当方が座席選択後にランダムに配布します。

チケットの選択にお時間をいただきますのであら...",True,,,,,,,,,
sb764z07md,1788164092542,key-to-lit-arena-tour-2026-neo-classics,2026-10-10,17:30,セキスイハイムスーパーアリーナ,paper,none,当日手渡し,‪☺︎‬,5.0,,同行,2026-08-31 08:14:52,,2026-09-01 13:01:17,,,deleted,1,40000,"一般注釈付き指定席(2名券)にて当方と同行となります。

・当日は当方が指定する場所・時間に集合予定となります。(開場10〜15分前を予定しております)
いかな...",True,,,,,,,,,
bdkhy4zbso,1787616211463,key-to-lit-arena-tour-2026-neo-classics,2026-10-10,17:30,セキスイハイムスーパーアリーナ,electronic,female,同行,dora,5.0,,ランダム,2026-08-25 00:03:31,,2026-09-02 01:01:11,,,deleted,2,40000,"同時入場後、一旦回収させて頂きランダムに配布させて頂きます。座席選択はできませんのでご了承ください。
またランダム配布の為下3桁をお伝えすることはできませんご了...",True,,,,,,,,,
2jj1prfohg,1784193163478,key-to-lit-arena-tour-2026-neo-classics,2026-10-03,18:00,マリンメッセ福岡 A館,electronic,none,6名義中2番手同時入場,るな,5.0,,番手,2026-07-16 09:12:43,,2026-09-04 18:01:17,2026-09-02 02:01:08,transition_observed,sold,1,60000,1枚あたり5.6～即6.0/情報局先行 座席未定/6名義中2番手2連中の1枚/該当のみ/有効期限内/変更ボタン有/会員番号下3桁提示可/本確〇/初期当選5名義、...,True,,,,,,,,,
8to6x5vkn9,1786348238764,key-to-lit-arena-tour-2026-neo-classics,2026-10-04,17:30,マリンメッセ福岡 A館,electronic,female,同行,m,5.0,,同行番手,2026-08-10 07:50:38,,2026-09-02 00:01:19,,,deleted,2,30000,"2名義中2番手 すり替えなし
有効期限内、該当1、非該当1、下3桁提示可能、着ブロ希望あり(1名義のみ)

公演当日は当方が指定する場所、時間に集合していただき...",True,,,,,,,,,
30hvoc4ix6,1787363243850,key-to-lit-arena-tour-2026-neo-classics,2026-10-10,17:30,セキスイハイムスーパーアリーナ,electronic,female,同行,た,5.0,,同行,2026-08-22 01:47:23,,2026-09-01 04:01:11,,,deleted,1,80000,"2連中1枚 重複なし当方との同行/初期当選/該当名義/下3桁提示可/有効期限内/本確対応不可

2連中1枚のお譲りです。
連番内の座席はお選びいただけませんので...",True,,,,,,,,,
5l96ieq546,1784243544793,key-to-lit-arena-tour-2026-neo-classics,2026-10-10,17:30,セキスイハイムスーパーアリーナ,electronic,female,同行,a,5.0,,同行,2026-07-16 23:12:24,,2026-09-01 06:01:16,,,deleted,2,43000,"2名義中2番手/初期当選/すり替えなし/下三桁提示可/有効期限内

・2名義中2番手のお譲りになります。
・入場時のみ同行者様と分かれて入場して頂く場合もござい...",True,,,,,,,,,
x5om7qbxpl,1788285431622,key-to-lit-arena-tour-2026-neo-classics,2026-10-03,18:00,マリンメッセ福岡 A館,electronic,female,同行,m,4.7,,番手,2026-09-01 17:57:11,,2026-09-01 19:01:24,,,deleted,2,35000,"2名義中2番手
初期当選/該当名義/有効期限内/変更ボタン有/すり替えなし/下３桁提示可
指定したお時間に集合し、同時入場をしていただきます。遅刻された場合はお待ちせず先に入場する場合がありますので、お時間厳守でお願いいたします。
入場の際、QRの表示にご協力いただく場合がございます。入場後チケットを回収し座席確認後、2番手でのお渡しとなります。
公演中止の場合は手数料をお引きした金額を返金させていただきますが、それ以外(購入後のキャンセル、本人確認、ランダムエラー等)の中止以外を理由とする返金はいたしかねます。
質問がある場合はご購入前にお願いいたします。
ご購入いただいた場合は上記全てに同意したとみなします。",True,,,,,,,,,
wyt0x5dhps,1787925874931,key-to-lit-arena-tour-2026-neo-classics,2026-10-03,18:00,マリンメッセ福岡 A館,electronic,female,同行,取引,5.0,,ランダム,2026-08-28 14:04:34,,2026-09-04 18:01:17,2026-09-02 13:01:21,transition_observed,sold,1,6300,"プライベート出品に変えますのでコメントください。
・指定の場所に集合後、同時入場して頂きます。時間厳守できる方でお願い致します。万が一、遅刻された場合もこちらで...",True,,,,,,,,,
8mav2uyg8m,1787702686333,key-to-lit-arena-tour-2026-neo-classics,2026-10-03,18:00,マリンメッセ福岡 A館,electronic,none,同行,れ,4.8,,ランダム,2026-08-26 00:04:46,,2026-09-02 02:01:08,,,deleted,1,10800,"ランダム配布

【取引にあたり注意事項】
日本語理解できる方、日本の電話番号お持ちの方のみ購入をお願いいたします。

チケット取引について理解ある方のみ購入お願...",True,,,,,,,,,
a3190m70q3,1787669794101,key-to-lit-arena-tour-2026-neo-classics,2026-10-03,18:00,マリンメッセ福岡 A館,electronic,none,同行,れ,4.8,,ランダム,2026-08-25 14:56:34,,2026-09-04 18:01:17,2026-09-02 10:01:14,transition_observed,sold,2,18500,"ランダム配布/2連確約

【取引にあたり注意事項】
日本語理解できる方、日本の電話番号お持ちの方のみ購入をお願いいたします。

チケット取引について理解ある方の...",True,,,,,,,,,
1kfa3wgibt,1787907688467,key-to-lit-arena-tour-2026-neo-classics,2026-10-03,18:00,マリンメッセ福岡 A館,electronic,none,すり替え無しランダム,あ,5.0,,ランダム,2026-08-28 09:01:28,,2026-09-04 18:01:17,2026-09-02 04:01:12,transition_observed,sold,2,18000,"当方が座席を選択した後、残ったチケットをランダムでお渡し致します。
ご購入様にお席をお選び頂くことはできませんが、全名義入場後すり替えはせずにお渡しいたします。...",True,,,,,,,,,
kxeerbdlww,1788266855104,key-to-lit-arena-tour-2026-neo-classics,2026-10-04,12:30,マリンメッセ福岡 A館,paper,female,当日手渡し,り,5.0,,同行,2026-09-01 12:47:35,,2026-09-04 18:01:17,2026-09-02 16:01:17,transition_observed,sold,1,36000,"・一般注釈指定席の同行を探しております。
・当日開場10分前を目処に会場付近に集合し同時入場して頂きます。詳しい集合時間や場所は当日朝までに連絡ボードにてご連絡...",True,,,,,,,,,
byv1sqn7tx,1788118928114,key-to-lit-arena-tour-2026-neo-classics,2026-10-04,17:30,マリンメッセ福岡 A館,paper,female,入金後24時間以内に郵送,M,5.0,,,2026-08-30 19:42:08,,2026-09-02 17:01:15,,,deleted,2,25000,"一般発売　注釈指定席
チケット代は支払い済みです。",True,,,,,,,,,
oxkyinc58c,1787428560344,key-to-lit-arena-tour-2026-neo-classics,2026-10-04,17:30,マリンメッセ福岡 A館,electronic,female,同行,j🩵,5.0,,番手,2026-08-22 19:56:00,,2026-09-02 06:01:14,,,deleted,2,45000,"⭐️5名義中3番手⭐️

すべて初期当選/5名義分の下3桁提示可/変更ボタン有り

ランダムエラーや出演者の変更、会場内外での本人確認、交通機関の乱れ等、公演中...",True,,,,,,,,,
w2g50hpkfj,1787824779613,key-to-lit-arena-tour-2026-neo-classics,2026-10-04,17:30,マリンメッセ福岡 A館,electronic,female,同行,まる,5.0,,ランダム,2026-08-27 09:59:39,,2026-09-02 10:01:14,,,deleted,1,10000,"【少人数すり替えありランダム】になりますのでご購入者様に座席の選択権利はございません。

・公演当日は、開場20分前を目安に当方が指定した場所に集合し、同時入場...",True,,,,,,,,,
0t34x6wpu3,1788305899519,key-to-lit-arena-tour-2026-neo-classics,2026-10-09,18:00,セキスイハイムスーパーアリーナ,electronic,female,QR毎,に,5.0,,QR,2026-09-01 23:38:19,,2026-09-04 18:01:17,2026-09-02 14:01:17,transition_observed,sold,2,53000,"QR毎/初期当選/該当名義/変更ボタンあり/有効期限内/着ブロ希望なし/すり替えなし/下3桁提示可

QR毎2連
公演前日にログイン情報をお伝えします。
入場後...",True,,,,,,,,,
pb39b3uqm0,1788007355385,key-to-lit-arena-tour-2026-neo-classics,2026-10-09,18:00,セキスイハイムスーパーアリーナ,electronic,female,同行,いがりん,5.0,,同行番手,2026-08-29 12:42:35,,2026-09-04 18:01:17,2026-09-02 05:01:19,transition_observed,sold,1,45000,"単番2名義　初期当選　該当名義　期限内名義　すり替えなし　会員番号下3桁提示します
17:20分に会場付近の指定した場所にお越しください
入場後は、こちらが選ば...",True,,,,,,,,,
dl9b73kftc,1788001129146,key-to-lit-arena-tour-2026-neo-classics,2026-10-09,18:00,セキスイハイムスーパーアリーナ,electronic,female,同行,なる,5.0,,番手,2026-08-29 10:58:49,,2026-09-02 11:01:12,,,deleted,2,28000,"すり替えなし4名義中4番手2連
・公演当日、開場20分前を目安に会場付近にて当方が指定した場所にお時間厳守にてお越しいただきます。（詳細またご連絡いたします。）...",True,,,,,,,,,
xab9jn3foy,1787988754504,key-to-lit-arena-tour-2026-neo-classics,2026-10-09,18:00,セキスイハイムスーパーアリーナ,electronic,female,同行,s,5.0,,番手,2026-08-29 07:32:34,,2026-09-02 07:01:13,,,deleted,2,30000,"一般含む4名義中4番手/すり替え無し/下3桁提示可能/初期当選

公演当日、会場20分前を目安にこちらが指定した場所に集合して頂き同時入場いたします。入場後一度...",True,,,,,,,,,
hdrre7u6n5,1787814239273,key-to-lit-arena-tour-2026-neo-classics,2026-10-09,18:00,セキスイハイムスーパーアリーナ,electronic,female,同行,⭐️,5.0,,番手,2026-08-27 07:03:59,,2026-09-04 18:01:17,2026-09-02 12:01:12,transition_observed,sold,2,38000,"2名義中2番手/初期当選/該当×1.非該当×1/変更ボタンあり/有効期限内/すり替えなし/会員番号下3桁提示可能

開場時間頃、入場口付近でお待ち合せをし、同時...",True,,,,,,,,,
kp3ujbg3y8,1788142188426,key-to-lit-arena-tour-2026-neo-classics,2026-10-10,12:30,セキスイハイムスーパーアリーナ,electronic,female,同行,あ,5.0,,ランダム,2026-08-31 02:09:48,,2026-09-04 18:01:17,2026-09-02 06:01:14,transition_observed,sold,1,15000,"当方が座席を選択した後、残ったチケットをランダムでお渡し致します。
ご購入様にお席をお選び頂くことはできません。
会場によって立ち見のエリアもございます。

発...",True,,,,,,,,,
hm1wfnipz0,1788097155288,key-to-lit-arena-tour-2026-neo-classics,2026-10-10,12:30,セキスイハイムスーパーアリーナ,electronic,female,同行,ゆ,5.0,,ランダム,2026-08-30 13:39:15,,2026-09-04 18:01:17,2026-09-02 13:01:21,transition_observed,sold,1,17500,"特別出品しますのでコメントお願い致します。
少人数ランダム配布 

公演当日、開場時間の30分前に会場
付近にて待ち合わせし、同時入場していただきます。
詳しい...",True,,,,,,,,,
lynswllw5h,1788007476611,key-to-lit-arena-tour-2026-neo-classics,2026-10-10,12:30,セキスイハイムスーパーアリーナ,electronic,female,同行,いがりん,5.0,,番手同行,2026-08-29 12:44:36,,2026-09-04 18:01:17,2026-09-02 04:01:12,transition_observed,sold,1,50000,"単番2名義　初期当選　該当名義　期限内名義　すり替えなし　会員番号下3桁提示します
11:50分に会場付近の指定した場所にお越しください
入場後は、こちらが選ば...",True,,,,,,,,,
zcrbllt99a,1788140815026,key-to-lit-arena-tour-2026-neo-classics,2026-10-10,17:30,セキスイハイムスーパーアリーナ,electronic,none,同行,c,4.9,,ランダム記載あり,2026-08-31 01:46:55,,2026-09-04 18:01:17,2026-09-02 09:01:19,transition_observed,sold,1,18000,"・当日開場30分前を目処に会場付近に集合し同時入場して頂きます。詳しい集合時間や場所は当日朝までに連絡ボードにてご連絡致します。
・遅刻は厳禁でお願い致します。...",True,,,,,,,,,
62d6ykukgp,1787573118335,key-to-lit-arena-tour-2026-neo-classics,2026-10-10,17:30,セキスイハイムスーパーアリーナ,electronic,female,入金後24時間以内にQRコード共有,NA,5.0,,QR,2026-08-24 12:05:18,,2026-09-02 09:01:19,,,deleted,2,63500,"QRごと/重複すり替えなし/有効期限内該当名義(変更ボタンあり)/初期当選/着ブロ希望なし/エラー歴なし/当選歴なし(初当選)/入場時まで座席未定

入金確認後...",True,,,,,,,,,
6rnnkpdvx0,1788193742594,key-to-lit-arena-tour-2026-neo-classics,2026-10-10,17:30,セキスイハイムスーパーアリーナ,electronic,female,入金後3時間以内にQRコード共有,ユカ,5.0,,QR,2026-08-31 16:29:02,,2026-09-04 18:01:17,2026-09-02 04:01:12,transition_observed,sold,2,64000,"情報局先行 KEY TO LIT 井上瑞稀名義 初期当選 指定席 2枚申し込み QRごとのお譲り 条件ございません 座席未定

情報局先行 ２枚申込みでの当選し...",True,,,,,,,,,
2yr08r9flq,1788097771647,key-to-lit-arena-tour-2026-neo-classics,2026-10-10,17:30,セキスイハイムスーパーアリーナ,electronic,female,同行,ゆ,5.0,,ランダム,2026-08-30 13:49:31,,2026-09-04 18:01:17,2026-09-02 06:01:14,transition_observed,sold,1,17500,"特別出品いたしますのでコメントお願い致します。※少人数ランダム配布

公演当日、16時頃に会場付近にて待ち合わせし、同時入場していただきます。
詳しい待ち合わせ...",True,,,,,,,,,
9chdd0j0gz,1788311937057,key-to-lit-arena-tour-2026-neo-classics,2026-10-04,17:30,マリンメッセ福岡 A館,pickup_number,female,払込票番号のお知らせ,も,4.9,,,2026-09-02 01:18:57,,2026-09-03 14:01:18,2026-09-03 01:01:14,transition_observed,sold,1,5000,"立見。一般販売分。
別途チケット代金のお支払いが必要です。払込票番号をお伝えしますのでセブンイレブンにてチケット代金のお支払いをお願いします。同時にチケットが発...",True,,,,,,,,,
bxlsfqw8f5,1788311730457,key-to-lit-arena-tour-2026-neo-classics,2026-10-09,18:00,セキスイハイムスーパーアリーナ,pickup_number,female,入金確認後振込票番号共有,朱織,5.0,,,2026-09-02 01:15:30,,2026-09-02 03:01:14,,,deleted,2,12000,"一般注意指定席2名券、振込票番号毎のお譲り
コンビニにて定価手数料(18825円)の支払い必須
発券後速やかに入場報告お願いいたします。
注意
プライベート出品に変更するため、一言ご連絡ください
公式から返金対応があった場合のみ返金対応可",True,,,,,,,,,
1nhugql2hp,1788314230019,key-to-lit-arena-tour-2026-neo-classics,2026-10-09,18:00,セキスイハイムスーパーアリーナ,pickup_number,female,入金確認次第払込番号お伝え,M,5.0,,,2026-09-02 01:57:10,,2026-09-02 14:01:17,,,deleted,1,8000,"一般立見指定。
別途定価+手数料をセブンにて支払い、セブンにて発券できましたら速やかに受け取り評価（入場通知）をお願いします。
購入希望のかたコメントください。...",True,,,,,,,,,
j01lmw4t05,1788337007587,key-to-lit-arena-tour-2026-neo-classics,2026-10-04,17:30,マリンメッセ福岡 A館,paper,female,入金後24時間以内に郵送又は大阪にて事前手渡し,ぴょん,5.0,,,2026-09-02 08:16:47,,2026-09-02 10:01:14,,,deleted,1,22000,"一般 立見指定 1名券
支払い、発券済。",True,,,,,,,,,
alcl42d0tl,1787820542223,key-to-lit-arena-tour-2026-neo-classics,2026-10-03,18:00,マリンメッセ福岡 A館,electronic,female,入金後3時間以内にQRコード共有,ユカ,5.0,,QR,2026-08-27 08:49:02,,2026-09-04 18:01:17,2026-09-03 11:01:19,transition_observed,sold,2,48000,"情報局先行 KEY TO LIT 佐々木大光名義 初期当選 指定席 2枚申し込み QRごとのお譲り 条件ございません 座席未定

情報局先行 ２枚申込みでの当選...",True,,,,,,,,,
rx3n8n9ule,1787901805729,key-to-lit-arena-tour-2026-neo-classics,2026-10-03,18:00,マリンメッセ福岡 A館,electronic,none,ランダム,み,5.0,,ランダム,2026-08-28 07:23:25,,2026-09-03 12:01:16,,,deleted,1,11000,"ランダム配布/開演5-10分前お渡し

入場後、一度チケットを回収し座席確認後、指定の時間になり次第チケットをお渡しいたします。座席のクレーム等は受け付けており...",True,,,,,,,,,
gfh6tqrhdr,1788198077248,key-to-lit-arena-tour-2026-neo-classics,2026-10-03,18:00,マリンメッセ福岡 A館,electronic,female,前日までにログイン情報共有,るる,5.0,,QR,2026-08-31 17:41:17,,2026-09-04 18:01:17,2026-09-03 05:01:16,transition_observed,sold,2,51900,"QRごと/初期当選/該当名義/同行者登録可/有効期限内/変更ボタンあり/下三桁提示可/着ブロ希望なし

公演前日にログイン情報を連絡ボードでお伝えしますので、ロ...",True,,,,,,,,,
rypsda9cx6,1787751900298,key-to-lit-arena-tour-2026-neo-classics,2026-10-03,18:00,マリンメッセ福岡 A館,electronic,female,同時入場,ゆ,5.0,,番手,2026-08-26 13:45:00,,2026-09-03 15:01:14,,,deleted,2,30000,"座席未定/初期当選のみ/2連×2名義/2名義中2番手/非該当名義/着ブロ希望なし/有効期限内/すり替えなし/下3桁提示可
過去にエラー等なし管理名義のみです。...",True,,,,,,,,,
5fk74ku4ty,1788018940869,key-to-lit-arena-tour-2026-neo-classics,2026-10-03,18:00,マリンメッセ福岡 A館,electronic,female,早渡しランダム配布,Y,5.0,,ランダム,2026-08-29 15:55:40,,2026-09-03 09:01:20,,,deleted,1,20000,"早渡しランダム配布(ランダム配布にご理解のある方のみご購入お願いします。)
開演30分前渡し

公演当日、開場時間の45分前に会場付近にて待ち合わせを予定してお...",True,,,,,,,,,
e8ijrlesny,1787670231132,key-to-lit-arena-tour-2026-neo-classics,2026-10-03,18:00,マリンメッセ福岡 A館,electronic,female,公演前日ログイン情報共有,メイ,5.0,,QR,2026-08-25 15:03:51,,2026-09-04 18:01:17,2026-09-03 05:01:16,transition_observed,sold,2,53000,"QRごと/初期当選/該当名義/有効期限内/下三桁提示可/すり替えなし/着ブロ希望なし

公演前日にログイン情報を連絡ボードでお伝えします。ご自身の端末でQRを表...",True,,,,,,,,,
xgrk41f2up,1788014720187,key-to-lit-arena-tour-2026-neo-classics,2026-10-04,12:30,マリンメッセ福岡 A館,electronic,female,入金後3時間以内にQRコード共有,misuzu,5.0,,QR,2026-08-29 14:45:20,,2026-09-04 18:01:17,2026-09-03 04:01:14,transition_observed,sold,2,50000,"情報局先行 KEY TO LIT 猪狩蒼弥名義 初期当選 指定席 2枚申し込み 
QRごとのお譲り 条件ございません 座席未定

情報局先行 ２枚申込みでの当選...",True,,,,,,,,,
te6wpstno3,1787668143920,key-to-lit-arena-tour-2026-neo-classics,2026-10-04,12:30,マリンメッセ福岡 A館,electronic,none,同行,R,5.0,,ランダム,2026-08-25 14:29:03,,2026-09-03 08:01:15,,,deleted,1,18000,"公演当日、指定した時間に会場付近の指定した場所にてお待ち合わせし同時入場いたします。
集合時間に遅刻した場合は先に入場させていただきますが、その場合でも受け取り...",True,,,,,,,,,
6wmkb4cyr6,1788140598235,key-to-lit-arena-tour-2026-neo-classics,2026-10-04,17:30,マリンメッセ福岡 A館,electronic,female,同行,まる,5.0,,番手,2026-08-31 01:43:18,,2026-09-03 10:01:21,,,deleted,1,36000,"3名義中2番手(6枚中3枚目)

初期当選/全て非該当/当日下3桁提示可能/有効期限内

当日は開場20分前頃に会場付近待ち合わせを予定しております。
詳しい場...",True,,,,,,,,,
xm3cqk0sa6,1788245155676,key-to-lit-arena-tour-2026-neo-classics,2026-10-04,17:30,マリンメッセ福岡 A館,electronic,female,公演日前日QRコード共有,a,5.0,,QR,2026-09-01 06:45:55,,2026-09-04 18:01:17,2026-09-03 18:01:14,transition_observed,sold,2,48000,"QRごと/初期当選/非該当名義/有効期限内/下3桁提示可/すり替えなし

公演前日にログイン情報を連絡ボードでお伝えします。
入場後は速やかにログアウトし、開演...",True,,,,,,,,,
mjquj2cu1p,1788138265138,key-to-lit-arena-tour-2026-neo-classics,2026-10-04,17:30,マリンメッセ福岡 A館,electronic,female,同行,m,5.0,,QR同行ランダム,2026-08-31 01:04:25,,2026-09-04 18:01:17,2026-09-03 09:01:20,transition_observed,sold,1,5000,"当方が座席を選択した後、残ったチケットをランダムでお渡し致します。
ご購入様にお席をお選び頂くことはできません。

発券後、一度チケットを全て回収させていただき...",True,,,,,,,,,
96ds3xnffo,1788354658772,key-to-lit-arena-tour-2026-neo-classics,2026-10-09,18:00,セキスイハイムスーパーアリーナ,pickup_number,female,入金確認次第払込番号お伝え,M,5.0,,,2026-09-02 13:10:58,,2026-09-03 06:01:18,,,deleted,1,5000,"一般立見指定1名券
払込番号でのお譲り。
セブンにて別途定価+手数料の支払い、セブンにて発券できましたら速やかに受け取り評価（入場通知）をお願いします。
購入希...",True,,,,,,,,,
gzq5vmpaca,1787960040827,key-to-lit-arena-tour-2026-neo-classics,2026-10-10,17:30,セキスイハイムスーパーアリーナ,electronic,none,ランダム配布,r,5.0,,ランダム,2026-08-28 23:34:00,,2026-09-04 18:01:17,2026-09-03 05:01:16,transition_observed,sold,1,18000,"複数名義所持しているため、同時入場後に1度チケットを回収させていただき、当方が座席選択後にランダムに配布します。

チケットの選択にお時間をいただきますのであら...",True,,,,,,,,,
ma45zunolc,1785858695378,key-to-lit-arena-tour-2026-neo-classics,2026-10-09,18:00,セキスイハイムスーパーアリーナ,electronic,female,公演前日にログイン情報共有,⭐️,5.0,,QR,2026-08-04 15:51:35,,2026-09-03 07:01:20,,,deleted,2,60000,"初期当選/座席未定/QR毎/すり替え無し/有効期限内/下3桁提示可能/変更ボタン有

QR毎2連でのお譲りです。

公演前日にログインに必要な情報をお伝えします...",True,,,,,,,,,
g33pmpxvrz,1788408410844,key-to-lit-arena-tour-2026-neo-classics,2026-10-03,18:00,マリンメッセ福岡 A館,electronic,female,同行,あめ,5.0,,同行QR,2026-09-03 04:06:50,,2026-09-03 14:01:18,,,deleted,1,40000,"該当名義/有効期限内/変更ボタン有/すり替えなし/下3桁提示可/井上担不可

当日指定した時間に集合し、同時入場をしていただきます。
事前に電話番号をお伺いする...",True,,,,,,,,,
4wugfe3o82,,key-to-lit-arena-tour-2026-neo-classics,2026-10-03,18:00,マリンメッセ福岡 A館,electronic,female,番手でのお渡し,tpjm,5.0,,QR番手,2026-08-27 11:26:46,,2026-09-04 19:01:10,,,listing,1,30000,"4名義中4番手（5枚中5枚目）/初期当選、復活当選/有効期限内/すり替えなし/下3桁提示可/着ブロ希望なし/座席未定

公演当日は当方が指定する場所、時間に集合...",True,,,absent_unverified,,2026-09-27 09:48:30,,,,
yi2ic1gcuk,,key-to-lit-arena-tour-2026-neo-classics,2026-10-03,18:00,マリンメッセ福岡 A館,electronic,female,同時入場,TA,5.0,,ランダム,2026-08-26 09:09:12,,2026-09-04 19:01:10,,,listing,1,13800,"ランダム配布 同時入場 立見なし 全て指定席 有効会員
ランダム配布をご理解している方のみご購入ください。
男性の方、日本語か話せる外国人の方も購入できます。...",True,,,absent_unverified,,2026-09-27 09:48:30,,,,
1a0appytun,,key-to-lit-arena-tour-2026-neo-classics,2026-10-03,18:00,マリンメッセ福岡 A館,electronic,female,同行,取引,5.0,,ランダム,2026-08-28 14:04:04,,2026-09-04 19:01:10,2026-09-04 19:01:10,transition_observed,sold,1,7000,・指定の場所に集合後、同時入場して頂きます。時間厳守できる方でお願い致します。万が一、遅刻された場合もこちらで先に入場致しますが、その際も受け取り評価して頂きま...,True,,,,,,,,,
0cy7aqjadc,,key-to-lit-arena-tour-2026-neo-classics,2026-10-03,18:00,マリンメッセ福岡 A館,electronic,female,同行,ひ,5.0,,同行記載あり,2026-08-29 21:26:54,,2026-09-04 19:01:10,,,listing,1,55000,"本人確認対応可/重複すり替えなし/サイチェン可/入場受け取り評価後即解散/初期当選/変ボ有り該当名義 /着ブロ希望なし/有効期限内

当方と同行になります(中村...",True,,,absent_unverified,,2026-09-27 09:48:30,,,,
jbuz47l0dz,,key-to-lit-arena-tour-2026-neo-classics,2026-10-03,18:00,マリンメッセ福岡 A館,electronic,none,ランダム配布,め,5.0,,ランダム記載あり,2026-08-29 03:50:05,,2026-09-04 19:01:10,2026-09-04 19:01:10,transition_observed,sold,1,15000,"【1名義のみのランダム配布】
FC枠当選
・同時入場後チケットを一度回収し、こちらでお渡しするチケットを選択した後に再配布させていただきます。
お渡しする座席へ...",True,,,,,,,,,
mcu95yrww9,,key-to-lit-arena-tour-2026-neo-classics,2026-10-03,18:00,マリンメッセ福岡 A館,electronic,female,同行,みみ,5.0,,番手,2026-08-24 12:30:19,,2026-09-04 19:01:10,,,listing,2,0,"
5名義中2番手/初期当選/有効期限内/すり替えなし/下3桁提示可/着ブロ希望なし/座席未定


ご購入の方はプライベート出品いたしますのでお声がけ下さい。...",True,,,absent_unverified,,2026-09-27 09:48:30,,,,
fim8nda1ci,,key-to-lit-arena-tour-2026-neo-classics,2026-10-03,18:00,マリンメッセ福岡 A館,electronic,female,同時入場 開演5分前ランダムにてお渡し,m,5.0,,ランダム,2026-08-31 14:08:14,,2026-09-04 19:01:10,2026-09-04 19:01:10,transition_observed,sold,1,8000,"※ランダム配布を理解されている方のみご購入ください。
※購入後のキャンセルは一切お受けできかねます。

⭐️ランダムエラー、公演中止の場合のみ手数料等を差し引い...",True,,,,,,,,,
fli96md18b,,key-to-lit-arena-tour-2026-neo-classics,2026-10-03,18:00,マリンメッセ福岡 A館,electronic,female,同行,m,5.0,,QR同行ランダム,2026-09-03 01:28:12,,2026-09-04 19:01:10,2026-09-04 19:01:10,transition_observed,sold,2,13000,"当方が座席を選択した後、残ったチケットをランダムでお渡し致します。
ご購入様にお席をお選び頂くことはできません。

発券後、一度チケットを全て回収させていただき...",True,,,,,,,,,
phizf53fum,,key-to-lit-arena-tour-2026-neo-classics,2026-10-03,18:00,マリンメッセ福岡 A館,electronic,female,入金後3時間以内にQRコード共有,misuzu,5.0,,QR,2026-09-03 21:55:32,,2026-09-04 19:01:10,2026-09-04 19:01:10,transition_observed,sold,2,50000,"情報局先行 KEY TO LIT 猪狩蒼弥名義 初期当選 指定席 2枚申し込み 
QRごとのお譲り 条件ございません 座席未定

情報局先行 ２枚申込みでの当選...",True,,,,,,,,,
s5apszzjyf,,key-to-lit-arena-tour-2026-neo-classics,2026-10-03,18:00,マリンメッセ福岡 A館,electronic,none,すり替え無しランダム,A,5.0,,ランダム,2026-09-02 13:54:50,,2026-09-04 19:01:10,2026-09-04 19:01:10,transition_observed,sold,2,18000,"当方が座席を選択した後、残ったチケットをランダムでお渡し致します。
ご購入様にお席をお選び頂くことはできませんが、全名義入場後すり替えはせずお渡しいたします。...",True,,,,,,,,,
iofkcqrq7m,,key-to-lit-arena-tour-2026-neo-classics,2026-10-03,18:00,マリンメッセ福岡 A館,electronic,female,2名義中2番手,うさ,5.0,,番手,2026-08-31 03:12:04,,2026-09-04 19:01:10,,,listing,2,35000,"2名義中2番手/初期当選/有効期限内/すり替えなし/下3桁提示可/座席未定

公演当日は当方が指定する場所、時間に集合していただき同時入場となります。

公演中...",True,,,absent_unverified,,2026-09-27 09:48:30,,,,
yhm94ogfp4,,key-to-lit-arena-tour-2026-neo-classics,2026-10-03,18:00,マリンメッセ福岡 A館,paper,none,当日手渡し,れ,4.8,,ランダム,2026-09-02 09:40:43,,2026-09-04 19:01:10,2026-09-04 19:01:10,transition_observed,sold,2,22000,"ランダム配布(2連確約,立ち見なし)

【取引にあたり注意事項】
日本語理解できる方、日本の電話番号お持ちの方のみ購入をお願いいたします。

チケット取引につい...",True,,,,,,,,,
p5pwsn6og5,,key-to-lit-arena-tour-2026-neo-classics,2026-10-03,18:00,マリンメッセ福岡 A館,electronic,female,同時入場 5分前ランダムにてお渡し,m,5.0,,ランダム,2026-08-25 15:30:14,,2026-09-04 19:01:10,2026-09-04 19:01:10,transition_observed,sold,1,15000,"※ランダム配布を理解されている方のみご購入ください。
※購入後のキャンセルは一切お受けできかねます。

・開場15〜30分前までに会場付近にてお待ち合わせし、同...",True,,,,,,,,,
f0hrzwmpxz,,key-to-lit-arena-tour-2026-neo-classics,2026-10-03,18:00,マリンメッセ福岡 A館,electronic,none,同行,あ,5.0,,ランダム,2026-08-31 10:39:50,,2026-09-04 19:01:10,,,listing,1,5500,"当方が座席を選択した後、残ったチケットをランダムでお渡し致します。
ご購入様にお席をお選び頂くことはできません。

発券後、一度チケットを全て回収させていただき...",True,,,absent_unverified,,2026-09-27 09:48:30,,,,
bdyucp95fp,1788138391369,key-to-lit-arena-tour-2026-neo-classics,2026-10-03,18:00,マリンメッセ福岡 A館,electronic,female,公演前日までにQRログイン情報共有,♡,5.0,,QR,2026-08-31 01:06:31,,2026-09-04 18:01:17,2026-09-04 05:01:12,transition_observed,sold,2,50000,"初期当選/QRごと/非該当名義/有効期限内/会員番号下3桁提示可能/着ブロ希望なし/過去エラー履歴なし

同行者登録は買い手様ご自身でお願いします。
名義を傷つ...",True,,,,,,,,,
0r78jzfg27,,key-to-lit-arena-tour-2026-neo-classics,2026-10-03,18:00,マリンメッセ福岡 A館,paper,female,当日手渡し,13,5.0,,番手,2026-08-24 06:51:12,,2026-09-04 19:01:10,2026-09-04 19:01:10,transition_observed,sold,2,35000,"2名義中2番手　2連希望優先
1番手は入所日非該当 
下3桁提示可/有効期限内/変ボあり/

・同時入場後にチケットを全て回収させて頂き、こちらで先に座席を選ば...",True,,,,,,,,,
8lwse2f5iw,,key-to-lit-arena-tour-2026-neo-classics,2026-10-03,18:00,マリンメッセ福岡 A館,electronic,female,同行,もん,5.0,,番手同行,2026-08-31 05:26:39,,2026-09-04 19:01:10,,,listing,1,40000,"FC先行/全て初期当選・該当名義・有効期限内/下3桁提示可/すり替えなし/2名義中2番手の2連中1枚
※プラベル出品に変更いたしますので、購入希望される方はコメ...",True,,,absent_unverified,,2026-09-27 09:48:30,,,,
u4nie2itiu,1788446270723,key-to-lit-arena-tour-2026-neo-classics,2026-10-03,18:00,マリンメッセ福岡 A館,electronic,female,同行,m,5.0,,番手,2026-09-03 14:37:50,,2026-09-04 18:01:17,,,deleted,2,42000,"2名義中2番手
初期当選/該当名義/有効期限内/変更ボタン有/すり替えなし/下３桁提示可

指定したお時間に集合し、同時入場をしていただきます。遅刻された場合は...",True,,,,,,,,,
z9c17a6m0d,,key-to-lit-arena-tour-2026-neo-classics,2026-10-03,18:00,マリンメッセ福岡 A館,electronic,female,5名義中4番手,ねこ,5.0,,番手,2026-08-23 19:24:41,,2026-09-04 19:01:10,2026-09-04 19:01:10,transition_observed,sold,2,30000,"✨5名義中4番手✨
全て初期当選/変更ボタンあり/該当名義/すり替えなし/下3桁提示可/有効期限内/同行者登録可

開場時間の45分前頃に会場付近にて待ち合わせ...",True,,,,,,,,,
9c5i52a2oc,,key-to-lit-arena-tour-2026-neo-classics,2026-10-03,18:00,マリンメッセ福岡 A館,electronic,female,公演日2日前までにQRコード共有,a,5.0,,QR,2026-08-26 12:01:16,,2026-09-04 19:01:10,,,listing,2,59000,"QR毎/すり替え無し/下3桁提示可/初期当選/有効期限内/非該当名義/着ブロ希望無し

公演前日にログイン情報を連絡ボードにてお伝えいたします。

同行者登録は...",True,,,absent_unverified,,2026-09-27 09:48:30,,,,
fk6amg62rx,,key-to-lit-arena-tour-2026-neo-classics,2026-10-03,18:00,マリンメッセ福岡 A館,electronic,female,同行,Moa,5.0,,同行番手,2026-08-28 09:04:33,,2026-09-04 19:01:10,2026-09-04 19:01:10,transition_observed,sold,2,40000,"初期当選、2名義中2番手、全て該当名義、有効期限内、変更ボタンあり、着ブロ希望なし、下3桁提示可、すり替えなし、過去エラーなし

こちらが指定する場所と時間に待...",True,,,,,,,,,
4du6n9mf52,,key-to-lit-arena-tour-2026-neo-classics,2026-10-03,18:00,マリンメッセ福岡 A館,electronic,female,公演当日当方が指定する場所、時間に集合していただき同時入場して頂きます。,♡,5.0,,番手,2026-09-01 11:16:38,,2026-09-04 19:01:10,,,listing,2,0,"3名義3番手/初期当選/有効期限内/すり替えなし/下3桁提示可/座席未定

3名義3番手

ご購入の方はプライベート出品いたしますのでお声がけ下さい。

公演当...",True,,,absent_unverified,,2026-09-27 09:48:30,,,,
zthe3hlq4u,,key-to-lit-arena-tour-2026-neo-classics,2026-10-03,18:00,マリンメッセ福岡 A館,electronic,female,同行,犬,5.0,,ランダム,2026-09-02 12:39:12,,2026-09-04 19:01:10,2026-09-04 19:01:10,transition_observed,sold,1,11000,"少人数(2連×2名義)ランダム配布/開演15-20分前お渡し

入場後、一度チケットを回収し座席確認後、指定の時間になり次第チケットをお渡しいたします。座席のク...",True,,,,,,,,,
lsj0djgtjg,,key-to-lit-arena-tour-2026-neo-classics,2026-10-03,18:00,マリンメッセ福岡 A館,electronic,female,同行,い,5.0,,同行,2026-08-29 04:41:53,,2026-09-04 19:01:10,,,listing,1,60000,"初期当選/該当名義/有効期限内/重複すり替えなし/同行者登録可/プラベル可

公演当日は開場15分前頃を目安に会場付近にて待ち合わせ予定です。時間厳守でお願いい...",True,,,absent_unverified,,2026-09-27 09:48:30,,,,
kkjzargm3y,,key-to-lit-arena-tour-2026-neo-classics,2026-10-03,18:00,マリンメッセ福岡 A館,electronic,female,同行,m,5.0,,QR同行ランダム,2026-08-31 00:58:20,,2026-09-04 19:01:10,2026-09-04 19:01:10,transition_observed,sold,1,5500,"当方が座席を選択した後、残ったチケットをランダムでお渡し致します。
ご購入様にお席をお選び頂くことはできません。

発券後、一度チケットを全て回収させていただき...",True,,,,,,,,,
d2rldbe3ne,,key-to-lit-arena-tour-2026-neo-classics,2026-10-03,18:00,マリンメッセ福岡 A館,electronic,female,早渡しランダム配布,Y,5.0,,ランダム,2026-08-27 07:28:55,,2026-09-04 19:01:10,2026-09-04 19:01:10,transition_observed,sold,2,20000,"指定席のみ2連確約早渡しランダム配布(ランダム配布にご理解のある方のみご購入お願いします。)
開演30分前渡し※指定席のみ

公演当日、開場時間の45分前に会場...",True,,,,,,,,,
akanryvc9b,,key-to-lit-arena-tour-2026-neo-classics,2026-10-03,18:00,マリンメッセ福岡 A館,electronic,female,同行,s,5.0,,ランダム,2026-08-25 05:44:12,,2026-09-04 19:01:10,2026-09-04 19:01:10,transition_observed,sold,1,15000,"【座席未定/少人数ランダム配布】

・公演当日は開場10分前に会場付近指定の場所に集合予定です。時間厳守でお願いします。交通機関の遅延等如何なる理由であっても一...",True,,,,,,,,,
n5z5yptm2h,,key-to-lit-arena-tour-2026-neo-classics,2026-10-03,18:00,マリンメッセ福岡 A館,electronic,female,公演前日にログイン情報共有,にゃん,5.0,,QR,2026-08-26 03:53:13,,2026-09-04 19:01:10,2026-09-04 19:01:10,transition_observed,sold,2,60000,"QR毎/初期当選/有効期限内/変更ボタン有/該当名義/下3桁提示可能/同行者登録可能🌟

公演中止の際は手数料を差し引いた金額を返金致しますが、それ以外の如何...",True,,,,,,,,,
w2isjjl0uj,,key-to-lit-arena-tour-2026-neo-classics,2026-10-04,12:30,マリンメッセ福岡 A館,electronic,female,同時入場,am,5.0,,番手,2026-09-03 11:37:05,,2026-09-04 19:01:10,2026-09-04 19:01:10,transition_observed,sold,2,40000,"4名義中3番手/該当名義/初期当選/有効期限内/変更ボタンあり/すり替えなし/会員番号下3桁提示可能

・公演当日、会場付近にて待ち合わせし、同時入場していただ...",True,,,,,,,,,
qojbiqlz20,,key-to-lit-arena-tour-2026-neo-classics,2026-10-04,12:30,マリンメッセ福岡 A館,electronic,female,同時入場,TA,5.0,,ランダム,2026-08-26 09:10:03,,2026-09-04 19:01:10,,,listing,1,19800,"ランダム配布 同時入場 立見なし 全て指定席 有効会員
ランダム配布をご理解している方のみご購入ください。
男性の方、日本語か話せる外国人の方も購入できます。...",True,,,absent_unverified,,2026-09-27 09:48:30,,,,
b8afb1shxh,,key-to-lit-arena-tour-2026-neo-classics,2026-10-04,12:30,マリンメッセ福岡 A館,electronic,female,公演日前日までにQRコード共有,てぃ,5.0,,QR,2026-08-30 06:24:03,,2026-09-04 19:01:10,,,listing,2,55000,"情報局先行 初期当選 QRごと 重複すり替えなし 下3桁提示可能 有効期限内 着ブロ希望なし 郵送物戻りなし 過去エラーなし 非該当名義

同行者登録は買い手様...",True,,,absent_unverified,,2026-09-27 09:48:30,,,,
kvyixheu8q,,key-to-lit-arena-tour-2026-neo-classics,2026-10-04,12:30,マリンメッセ福岡 A館,electronic,female,同時入場,sa,5.0,,番手,2026-08-25 16:48:30,,2026-09-04 19:01:10,,,listing,1,40000,"3名義中3番手/すべて有効期限内該当名義(ボタンあり)/下3桁提示可/すり替えなし
単番×3当選

当日11:00に会場でお待ち合わせ
入場後チケットを回収し、...",True,,,absent_unverified,,2026-09-27 09:48:30,,,,
7nspq2v91g,,key-to-lit-arena-tour-2026-neo-classics,2026-10-04,12:30,マリンメッセ福岡 A館,electronic,female,同行,hi,5.0,,同行番手,2026-09-02 00:13:03,,2026-09-04 19:01:10,,,listing,2,35000,"2名義中1番手1枚(佐々木担不可)
2名義中2番手 1〜2枚(2枚の場合連番)
有効期限内 該当名義(変更ボタン有) 重複すり替え無し 

本日中にお取引できる...",True,,,absent_unverified,,2026-09-27 09:48:30,,,,
cbvo8dy1ya,,key-to-lit-arena-tour-2026-neo-classics,2026-10-04,12:30,マリンメッセ福岡 A館,electronic,female,同時入場,am,5.0,,番手,2026-09-03 11:40:02,,2026-09-04 19:01:10,2026-09-04 19:01:10,transition_observed,sold,2,35000,"4名義中4番手/該当名義/初期当選/有効期限内/変更ボタンあり/すり替えなし/会員番号下3桁提示可能

・公演当日、会場付近にて待ち合わせし、同時入場していただ...",True,,,,,,,,,
f776lzu7bu,,key-to-lit-arena-tour-2026-neo-classics,2026-10-04,12:30,マリンメッセ福岡 A館,pickup_number,female,入金後2日以内に発券番号共有,ま,5.0,,,2026-09-01 03:17:14,,2026-09-04 19:01:10,2026-09-04 19:01:10,transition_observed,sold,2,32000,"8/29取得　注釈付き一般指定(2名券)
セブンイレブンで発券をお願いします。
また、セブンイレブンで発券時のチケットは1枚のみとなりす。
2名お揃いの上入場し...",True,,,,,,,,,
ccfklcqpxv,,key-to-lit-arena-tour-2026-neo-classics,2026-10-04,12:30,マリンメッセ福岡 A館,electronic,female,同行,さとう,5.0,,ランダム,2026-08-31 13:57:14,,2026-09-04 19:01:10,,,listing,2,38800,"少人数ランダム配布/2連確約
有効期限内名義
中相場買取可能です。
上乗せで早渡しも検討いたしますのでご提示ください。

複数名義所持のため、同時入場後チケット...",True,,,absent_unverified,,2026-09-27 09:48:30,,,,
a1u30zt19x,,key-to-lit-arena-tour-2026-neo-classics,2026-10-04,12:30,マリンメッセ福岡 A館,electronic,female,クレカ支払いのみ承認／ランダム配布／すり替えあり／少人数入場,AA,5.0,,ランダム,2026-08-24 07:51:54,,2026-09-04 19:01:10,2026-09-04 19:01:10,transition_observed,sold,2,25000,"開場30分前に会場付近にて待ち合わせし同時入場します。
入場後チケットを回収し解散、開演5-10分前を目処に再集合しチケットをお渡しします。

2枚ご購入された...",True,,,,,,,,,
jc32r2yoj2,,key-to-lit-arena-tour-2026-neo-classics,2026-10-04,12:30,マリンメッセ福岡 A館,electronic,female,同行,ありちゃん,5.0,,ランダム,2026-09-01 15:19:54,,2026-09-04 19:01:10,2026-09-04 19:01:10,transition_observed,sold,1,18000,"⭐️少人数ランダム配布⭐️
FC先行 座席未定/複数名義当選のため同時入場後に一度チケットを回収し、当方の座席選択後にランダム配布いたします/全名義有効期限内/...",True,,,,,,,,,
r7zj4g3ix5,1788418718792,key-to-lit-arena-tour-2026-neo-classics,2026-10-04,12:30,マリンメッセ福岡 A館,electronic,female,入金後3時間以内にQRコード共有,ユカ,5.0,,QR,2026-09-03 06:58:38,,2026-09-04 18:01:17,2026-09-04 11:01:12,transition_observed,sold,2,50000,"情報局先行 KEY TO LIT 井上瑞稀名義 初期当選 指定席 2枚申し込み QRごとのお譲り 条件ございません 座席未定

情報局先行 ２枚申込みでの当選し...",True,,,,,,,,,
776rmo7aff,,key-to-lit-arena-tour-2026-neo-classics,2026-10-04,12:30,マリンメッセ福岡 A館,paper,female,当日手渡し,13,5.0,,番手,2026-08-24 07:01:52,,2026-09-04 19:01:10,,,listing,2,45000,"2名義中2番手　2連希望優先
下3桁提示可/有効期限内/変ボあり

・同時入場後にチケットを全て回収させて頂き、こちらで先に座席を選ばせて頂いた後、取引番手順に...",True,,,absent_unverified,,2026-09-27 09:48:30,,,,
fg31mh4rh5,,key-to-lit-arena-tour-2026-neo-classics,2026-10-04,12:30,マリンメッセ福岡 A館,electronic,female,同時入場 開演5分前ランダムにてお渡し,m,5.0,,ランダム,2026-08-25 15:33:05,,2026-09-04 19:01:10,2026-09-04 19:01:10,transition_observed,sold,1,20000,"キテレツ 有明 8/22 17:30
ランダム1枚

【ランダム配布】
※ランダム配布を理解されている方のみご購入ください。
※購入後のキャンセルは一切お受けで...",True,,,,,,,,,
4x1d3ebu8b,,key-to-lit-arena-tour-2026-neo-classics,2026-10-04,12:30,マリンメッセ福岡 A館,electronic,none,同行,れ,4.8,,ランダム,2026-08-26 00:11:31,,2026-09-04 19:01:10,2026-09-04 19:01:10,transition_observed,sold,1,21000,"ランダム配布(立ち見なし)

【取引にあたり注意事項】
日本語理解できる方、日本の電話番号お持ちの方のみ購入をお願いいたします。

チケット取引について理解ある...",True,,,,,,,,,
1migyi64x7,,key-to-lit-arena-tour-2026-neo-classics,2026-10-04,12:30,マリンメッセ福岡 A館,electronic,female,【条件あり】当日手渡し/座席未定/ランダム配布/有効会員,T,4.9,,同行ランダム,2026-08-29 06:06:30,,2026-09-04 19:01:10,,,listing,1,16500,"《開場30分前集合予定》

※レビュー(評価4.8以上)ある方のみ申請下さい。
※購入時のコメント不要です。
★購入後に当日連絡のつくお電話番号と氏名(苗字)を...",True,,,absent_unverified,,2026-09-27 09:48:30,,,,
kh8xb3ditw,,key-to-lit-arena-tour-2026-neo-classics,2026-10-04,12:30,マリンメッセ福岡 A館,electronic,none,同行,あ,5.0,,ランダム,2026-08-24 11:28:57,,2026-09-04 19:01:10,2026-09-04 19:01:10,transition_observed,sold,1,16000,"当方が座席を選択した後、残ったチケットをランダムでお渡し致します。
ご購入様にお席をお選び頂くことはできません。

発券後、一度チケットを全て回収させていただき...",True,,,,,,,,,
kgoocgrcxm,,key-to-lit-arena-tour-2026-neo-classics,2026-10-04,12:30,マリンメッセ福岡 A館,electronic,female,公演日1日前までにQRコード共有,a,5.0,,QR,2026-09-03 03:17:06,,2026-09-04 19:01:10,,,listing,2,54000,"情報局先行 該当名義 変更ボタンあり 初期当選 QRごと 重複すり替えなし 下3桁提示可能 有効期限内 着ブロ希望なし 郵送物戻りなし 過去エラーなし 

同行...",True,,,absent_unverified,,2026-09-27 09:48:30,,,,
6cztdaiimb,,key-to-lit-arena-tour-2026-neo-classics,2026-10-04,12:30,マリンメッセ福岡 A館,electronic,female,2名義中2番手,R,5.0,,番手,2026-08-29 02:15:29,,2026-09-04 19:01:10,,,listing,2,40000,"2名義中2番手
全て初期当選/該当/下3桁提示可/すり替えなし/有効期限内/変更ボタンあり

他サイトにも出品しているため決まり次第削除します。

公演当日は開...",True,,,absent_unverified,,2026-09-27 09:48:30,,,,
s3s4z50zf4,,key-to-lit-arena-tour-2026-neo-classics,2026-10-04,12:30,マリンメッセ福岡 A館,electronic,female,QRごと,zero,4.9,,同行記載あり,2026-08-27 16:16:07,,2026-09-04 19:01:10,,,listing,2,53000,"情報局先行/初期当選/該当名義（変更ボタン有）/すり替え無し/下3桁提示可/有効期限内/ペイジー決済/着ブロ希望無し

条件なしQR毎
公演前日にログイン情報を...",True,,,absent_unverified,,2026-09-27 09:48:30,,,,
xlifvrytx9,,key-to-lit-arena-tour-2026-neo-classics,2026-10-04,12:30,マリンメッセ福岡 A館,electronic,none,同行,c,4.9,,ランダム記載あり,2026-08-25 14:50:53,,2026-09-04 19:01:10,,,listing,1,18000,"・当日開場30分前を目処に会場付近に集合し同時入場して頂きます。詳しい集合時間や場所は当日朝までに連絡ボードにてご連絡致します。
・遅刻は厳禁でお願い致します。...",True,,,absent_unverified,,2026-09-27 09:48:30,,,,
vqntax9x58,,key-to-lit-arena-tour-2026-neo-classics,2026-10-04,17:30,マリンメッセ福岡 A館,paper,none,当日手渡し,れ,4.8,,ランダム,2026-08-27 00:38:38,,2026-09-04 19:01:10,2026-09-04 19:01:10,transition_observed,sold,2,18000,"ランダム配布,2連確約

【取引にあたり注意事項】
日本語理解できる方、日本の電話番号お持ちの方のみ購入をお願いいたします。

チケット取引について理解ある方の...",True,,,,,,,,,
39j2c44i0c,,key-to-lit-arena-tour-2026-neo-classics,2026-10-04,17:30,マリンメッセ福岡 A館,electronic,female,同行,Non,5.0,,同行,2026-08-27 06:28:21,,2026-09-04 19:01:10,,,listing,2,35000,"2名義中2番手　バラ売り可
手持ち全て該当名義　女性名義のみ
重複すり替えなし
下3桁提示可
サイチェン可

同行者登録不可
公演中止以外いかなる理由（ランダム...",True,,,absent_unverified,,2026-09-27 09:48:30,,,,
aqiv3r9oo6,,key-to-lit-arena-tour-2026-neo-classics,2026-10-04,17:30,マリンメッセ福岡 A館,electronic,female,同行,いがりん,5.0,,同行番手,2026-08-29 12:40:50,,2026-09-04 19:01:10,,,listing,1,40000,"単番2名義　初期当選　該当名義　期限内名義　すり替えなし　会員番号下3桁提示します
16:50分に会場付近の指定した場所にお越しください
入場後は、こちらが選ば...",True,,,absent_unverified,,2026-09-27 09:48:30,,,,
5zc2zz21vs,,key-to-lit-arena-tour-2026-neo-classics,2026-10-04,17:30,マリンメッセ福岡 A館,electronic,female,同行,s,5.0,,番手,2026-08-29 02:23:04,,2026-09-04 19:01:10,,,listing,2,40000,"座席未定/2名義中2番手/すり替え無し/2名義共に有効期限内該当名義/変更ボタン有/指定席のみ(着ブロ無し) /下三桁提示可

・公演当日は開場前に会場付近指定...",True,,,absent_unverified,,2026-09-27 09:48:30,,,,
53be2vnyrj,,key-to-lit-arena-tour-2026-neo-classics,2026-10-04,17:30,マリンメッセ福岡 A館,electronic,female,同行,ありちゃん,5.0,,ランダム,2026-08-28 03:02:32,,2026-09-04 19:01:10,2026-09-04 19:01:10,transition_observed,sold,1,11000,⭐️少人数ランダム配布⭐️FC先行 座席未定/同時入場後に一度チケットを回収し、当方の座席選択後にランダム配布いたします/全名義有効期限内/同一クレカでの複数支...,True,,,,,,,,,
3sijv1nf1a,,key-to-lit-arena-tour-2026-neo-classics,2026-10-04,17:30,マリンメッセ福岡 A館,electronic,female,同行,取引,5.0,,ランダム,2026-08-28 14:17:19,,2026-09-04 19:01:10,,,listing,1,7000,"購入後は速やかに連絡ボードに名前と電話番号お願いいたします。当日、連絡しますので連絡のつく電話番号を記載ください。

・指定の場所に集合後、同時入場して頂きます...",True,,,absent_unverified,,2026-09-27 09:48:30,,,,
kxu46tj8zi,,key-to-lit-arena-tour-2026-neo-classics,2026-10-04,17:30,マリンメッセ福岡 A館,electronic,female,同行,さとう,5.0,,ランダム,2026-08-31 07:14:47,,2026-09-04 19:01:10,,,listing,2,26000,"少人数ランダム配布/2連確約
有効期限内名義
中相場買取可能です。
上乗せで早渡しも検討いたしますのでご提示ください。

複数名義所持のため、同時入場後チケット...",True,,,absent_unverified,,2026-09-27 09:48:30,,,,
oqh3m7ukdk,,key-to-lit-arena-tour-2026-neo-classics,2026-10-04,17:30,マリンメッセ福岡 A館,electronic,female,同行(2名義中2番手),S,5.0,,番手,2026-08-31 05:05:57,,2026-09-04 19:01:10,,,listing,2,30000,"未定/2名義中2番手/初期当選/1名義着ブロ希望/該当/変更ボタン有り/有効期限内/重複すり替え無し//下3桁提示可能

2名義中こちらが選ばなかったチケットを...",True,,,absent_unverified,,2026-09-27 09:48:30,,,,
wudcuupxfo,,key-to-lit-arena-tour-2026-neo-classics,2026-10-04,17:30,マリンメッセ福岡 A館,electronic,female,公演当日に当方が指定する場所、時間に集合していただきログイン情報をお渡しさせていただきます。,♡,5.0,,QR,2026-09-01 11:10:00,,2026-09-04 19:01:10,,,listing,2,0,"QR毎/初期当選/該当名義/有効期限内/すり替えなし/下3桁提示可/座席未定

QR毎

ご購入の方はプライベート出品いたしますのでお声がけ下さい。

公演当日...",True,,,absent_unverified,,2026-09-27 09:48:30,,,,
zvd6j7u5jg,1788366970794,key-to-lit-arena-tour-2026-neo-classics,2026-10-04,17:30,マリンメッセ福岡 A館,paper,female,当日手渡し,ちゃんねこ,5.0,,同行,2026-09-02 16:36:10,,2026-09-04 15:01:50,,,deleted,1,30000,"・一般注釈指定席の同行
・当日開場10分前を目処に会場付近に集合し同時入場して頂きます。詳しい集合時間や場所は当日朝までに連絡ボードにてご連絡致します。
・遅刻...",True,,,,,,,,,
g4n6tzuiko,,key-to-lit-arena-tour-2026-neo-classics,2026-10-04,17:30,マリンメッセ福岡 A館,electronic,female,公演前日ログイン情報を共有,nn,5.0,,QR,2026-09-03 09:46:43,,2026-09-04 19:01:10,,,listing,2,0,"初期当選/QR毎/重複すり替えなし/有効期限内／下3桁提示可能/該当名義/変更ボタンなし
公演前日にログイン情報をお伝え致しますのでご自身で同行者登録を済ませて...",True,,,absent_unverified,,2026-09-27 09:48:30,,,,
yyiqo39pqc,,key-to-lit-arena-tour-2026-neo-classics,2026-10-04,17:30,マリンメッセ福岡 A館,electronic,female,同行,取引,5.0,,,2026-08-29 04:19:50,,2026-09-04 19:01:10,,,listing,2,100,"10/4昼2連または10/3
2連で交換可能な方のみコメントください",True,,,absent_unverified,,2026-09-27 09:48:30,,,,
0ir6tnnsfo,,key-to-lit-arena-tour-2026-neo-classics,2026-10-04,17:30,マリンメッセ福岡 A館,paper,female,当日手渡し,えび,5.0,,ランダム,2026-09-01 01:41:48,,2026-09-04 19:01:10,,,listing,1,12000,"ランダム配布（買い手様は座席を選べません）
*  日本語の通じる方のみご購入ください。男性〇未成年〇
*  会場の電波が悪い可能性がございますので、購入後は当日...",True,,,absent_unverified,,2026-09-27 09:48:30,,,,
xsqm61vlmv,,key-to-lit-arena-tour-2026-neo-classics,2026-10-04,17:30,マリンメッセ福岡 A館,electronic,female,公演前日ログイン情報共有,メイ,5.0,,QR,2026-08-25 14:56:22,,2026-09-04 19:01:10,2026-09-04 19:01:10,transition_observed,sold,2,53000,"QRごと/初期当選/該当名義/有効期限内/下三桁提示可/すり替えなし/着ブロ希望なし

公演前日にログイン情報を連絡ボードでお伝えします。ご自身の端末でQRを表...",True,,,,,,,,,
7fwz5l7poe,,key-to-lit-arena-tour-2026-neo-classics,2026-10-04,17:30,マリンメッセ福岡 A館,electronic,female,同時入場,TA,5.0,,ランダム,2026-08-26 09:10:52,,2026-09-04 19:01:10,,,listing,1,8800,"ランダム配布 同時入場 立見なし 全て指定席 有効会員
ランダム配布をご理解している方のみご購入ください。
男性の方、日本語か話せる外国人の方も購入できます。...",True,,,absent_unverified,,2026-09-27 09:48:30,,,,
gazvw3b9tr,,key-to-lit-arena-tour-2026-neo-classics,2026-10-04,17:30,マリンメッセ福岡 A館,paper,female,入金後24時間以内に郵送,M,5.0,,,2026-08-30 19:37:33,,2026-09-04 19:01:10,2026-09-04 19:01:10,transition_observed,sold,1,15500,"一般発売　立見
レターパックにて発送させて頂きます。",True,,,,,,,,,
7ayu7kmigj,,key-to-lit-arena-tour-2026-neo-classics,2026-10-04,17:30,マリンメッセ福岡 A館,electronic,female,同行,m,5.0,,QR同行番手,2026-08-31 01:08:18,,2026-09-04 19:01:10,2026-09-04 19:01:10,transition_observed,sold,2,32000,"3名義中3番手
全て初期当選/該当/下3桁提示可/すり替えなし/有効期限内/変更ボタンあり

他サイトにも出品しているため決まり次第削除します。

公演当日は開...",True,,,,,,,,,
af6xa2frj9,,key-to-lit-arena-tour-2026-neo-classics,2026-10-04,17:30,マリンメッセ福岡 A館,electronic,female,入金後3時間以内にQRコード共有,ユカ,5.0,,QR,2026-08-29 14:50:07,,2026-09-04 19:01:10,,,listing,2,52000,"情報局先行 KEY TO LIT 中村嶺亜名義 初期当選 指定席 2枚申し込み QRごとのお譲り 条件ございません 座席未定

情報局先行 ２枚申込みでの当選し...",True,,,absent_unverified,,2026-09-27 09:48:30,,,,
f81thsiafx,,key-to-lit-arena-tour-2026-neo-classics,2026-10-04,17:30,マリンメッセ福岡 A館,electronic,female,同行,alu,5.0,,番手同行QR,2026-08-30 09:23:57,,2026-09-04 19:01:10,,,listing,1,43000,"２名義中3番手 1枚と2枚(2連)のうち1枚 初期当選 該当名義(変更ボタン有)期限内 重複すり替え無し 会員番号下３桁提示可 

・公演当日、開場10分前頃待...",True,,,absent_unverified,,2026-09-27 09:48:30,,,,
sw66en8f3g,,key-to-lit-arena-tour-2026-neo-classics,2026-10-04,17:30,マリンメッセ福岡 A館,electronic,female,同時入場 開演5分前ランダムにてお渡し,m,5.0,,ランダム,2026-08-31 14:11:12,,2026-09-04 19:01:10,2026-09-04 19:01:10,transition_observed,sold,1,8000,"※ランダム配布を理解されている方のみご購入ください。
※購入後のキャンセルは一切お受けできかねます。

⭐️ランダムエラー、公演中止の場合のみ手数料等を差し引い...",True,,,,,,,,,
ul2pb63zhx,1788101022425,key-to-lit-arena-tour-2026-neo-classics,2026-10-04,17:30,マリンメッセ福岡 A館,paper,female,入金確認後同行者登録,た,5.0,,QR同行,2026-08-30 14:43:42,,2026-09-04 12:01:12,,,deleted,1,48000,"情報局先行 KEY TO LIT 初期当選  該当名義  指定席  同行でのお譲り  佐々木担×  本人確認対応可能名義

１回目の申し込みで当選しました。
復...",True,,,,,,,,,
f0qrgvisoq,1787907273052,key-to-lit-arena-tour-2026-neo-classics,2026-10-04,17:30,マリンメッセ福岡 A館,electronic,none,同行,あ,5.0,,ランダム,2026-08-28 08:54:33,,2026-09-04 18:01:17,2026-09-04 13:01:12,transition_observed,sold,1,6500,"当方が座席を選択した後、残ったチケットをランダムでお渡し致します。
ご購入様にお席をお選び頂くことはできません。

発券後、一度チケットを全て回収させていただき...",True,,,,,,,,,
bfcefkdia1,,key-to-lit-arena-tour-2026-neo-classics,2026-10-04,17:30,マリンメッセ福岡 A館,electronic,none,ランダム配布,r,5.0,,ランダム,2026-08-28 23:28:59,,2026-09-04 19:01:10,,,listing,1,7000,"複数名義所持しているため、同時入場後に1度チケットを回収させていただき、当方が座席選択後にランダムに配布します。

チケットの選択にお時間をいただきますのであら...",True,,,absent_unverified,,2026-09-27 09:48:30,,,,
v3jlr0lpqa,,key-to-lit-arena-tour-2026-neo-classics,2026-10-09,18:00,セキスイハイムスーパーアリーナ,electronic,none,同行,あ,5.0,,ランダム,2026-08-31 10:34:37,,2026-09-04 19:01:10,,,listing,1,13500,"当方が座席を選択した後、残ったチケットをランダムでお渡し致します。
ご購入様にお席をお選び頂くことはできません。

発券後、一度チケットを全て回収させていただき...",True,,,absent_unverified,,2026-09-27 09:48:30,,,,
ck4qvffy3j,,key-to-lit-arena-tour-2026-neo-classics,2026-10-09,18:00,セキスイハイムスーパーアリーナ,electronic,female,同行,k,5.0,,同行記載あり,2026-08-25 15:49:27,,2026-09-04 19:01:10,,,listing,1,55000,"初期当選／重複すり替えなし同行／該当名義／変更ボタン有／有効期限内／下3桁提示可能／着ブロ希望なし

井上担不可

・公演当日は開場時間5分前に会場周辺にて待ち...",True,,,absent_unverified,,2026-09-27 09:48:30,,,,
rzorh3u9tl,,key-to-lit-arena-tour-2026-neo-classics,2026-10-09,18:00,セキスイハイムスーパーアリーナ,paper,female,入金後24時間以内に郵送 又大阪にて事前手渡し,ぴょん,5.0,,,2026-09-02 08:13:20,,2026-09-04 19:01:10,2026-09-04 19:01:10,transition_observed,sold,1,25000,"一般 注釈指定席 1名券
チケット代支払い、発券済",True,,,,,,,,,
ezg3dkcxtz,,key-to-lit-arena-tour-2026-neo-classics,2026-10-09,18:00,セキスイハイムスーパーアリーナ,electronic,female,同行,さ,4.4,,番手,2026-09-02 10:12:45,,2026-09-04 19:01:10,,,listing,2,40000,"情報局先行 / 座席未定 / 4番手中3番手 / 2連 / すり替えなし / 下3桁提示可能 / サイチェン不可/非該当・復活当選含
※プライベート出品に切り替...",True,,,absent_unverified,,2026-09-27 09:48:30,,,,
4ccwgeqc98,,key-to-lit-arena-tour-2026-neo-classics,2026-10-09,18:00,セキスイハイムスーパーアリーナ,paper,none,当日手渡し,れ,4.8,,ランダム,2026-08-26 00:56:23,,2026-09-04 19:01:10,2026-09-04 19:01:10,transition_observed,sold,1,15000,"ランダム配布  

【取引にあたり注意事項】
日本語理解できる方、日本の電話番号お持ちの方のみ購入をお願いいたします。

チケット取引について理解ある方のみ購入...",True,,,,,,,,,
4rot1arrl4,,key-to-lit-arena-tour-2026-neo-classics,2026-10-09,18:00,セキスイハイムスーパーアリーナ,electronic,female,同行,S,5.0,,ランダム,2026-08-24 02:06:38,,2026-09-04 19:01:10,,,listing,1,17000,"【ランダム配布にご理解ある方のみご購入お願い致します】
同時入場後、ランダムでチケットをお渡しさせて頂きます。
ご自身での座席選択はできかねますのでご了承くださ...",True,,,absent_unverified,,2026-09-27 09:48:30,,,,
xmmn0mfyf3,,key-to-lit-arena-tour-2026-neo-classics,2026-10-09,18:00,セキスイハイムスーパーアリーナ,electronic,female,公演前日にログイン情報共有,ゆ,5.0,,QR,2026-08-26 01:44:11,,2026-09-04 19:01:10,,,listing,2,55000,"※プラベルにて出品いたしますのでご購入希望の方はメッセージをお願いいたします。

初期当選/座席未定/QR毎/すり替え無し/有効期限内/下3桁提示可能/変更ボタ...",True,,,absent_unverified,,2026-09-27 09:48:30,,,,
wrp9nitj5o,,key-to-lit-arena-tour-2026-neo-classics,2026-10-09,18:00,セキスイハイムスーパーアリーナ,paper,female,同行,a,5.0,,同行,2026-09-02 11:59:47,,2026-09-04 19:01:10,2026-09-04 19:01:10,transition_observed,sold,1,52000,"※お取引決定後プラベルでのお取引になります※

2連中の1枚（当方との同行）になります。

初期当選／座席未定／重複すり替えなし同行／非該当名義／着席希望なし／...",True,,,,,,,,,
hu7w5l7ql1,,key-to-lit-arena-tour-2026-neo-classics,2026-10-09,18:00,セキスイハイムスーパーアリーナ,electronic,none,ランダム配布,r,5.0,,ランダム,2026-09-01 13:37:13,,2026-09-04 19:01:10,,,listing,1,15000,"複数名義所持しているため、同時入場後に1度チケットを回収させていただき、当方が座席選択後にランダムに配布します。

チケットの選択にお時間をいただきますのであら...",True,,,absent_unverified,,2026-09-27 09:48:30,,,,
eayn2vgs4b,,key-to-lit-arena-tour-2026-neo-classics,2026-10-09,18:00,セキスイハイムスーパーアリーナ,electronic,female,公演日前日までにQRコード共有,C,5.0,,QR,2026-08-30 12:45:13,,2026-09-04 19:01:10,2026-09-04 19:01:10,transition_observed,sold,2,17000,"期限切れ該当名義/20代女性名義/初期当選
同行者登録は買い手様でお願いいたします。
万が一ランダムエラーで入場できなかった場合、入場時の動画(ランダムエラーを...",True,,,,,,,,,
qf86sw1nck,,key-to-lit-arena-tour-2026-neo-classics,2026-10-09,18:00,セキスイハイムスーパーアリーナ,electronic,female,同行,れ,5.0,,同行番手,2026-08-31 06:52:37,,2026-09-04 19:01:10,2026-09-04 19:01:10,transition_observed,sold,2,45000,"FC先行/初期当選/すり替えなし/期限内/2名義中2番手/下3桁提示可/全て該当名義

プラベル出品に切り替えます。
プラベル分からない方はご遠慮ください。...",True,,,,,,,,,
98odlyjxqq,,key-to-lit-arena-tour-2026-neo-classics,2026-10-09,18:00,セキスイハイムスーパーアリーナ,electronic,female,同時入場,am,5.0,,番手,2026-09-02 12:21:33,,2026-09-04 19:01:10,,,listing,2,30000,"4名義中4番手/該当名義/初期当選/有効期限内/変更ボタンあり/すり替えなし/会員番号下3桁提示可能

・公演当日、会場付近にて待ち合わせし、同時入場していただ...",True,,,absent_unverified,,2026-09-27 09:48:30,,,,
izekusnyl4,,key-to-lit-arena-tour-2026-neo-classics,2026-10-09,18:00,セキスイハイムスーパーアリーナ,electronic,female,同時入場,am,5.0,,番手,2026-09-02 12:17:21,,2026-09-04 19:01:10,,,listing,2,50000,"4名義中3番手/該当名義/初期当選/有効期限内/変更ボタンあり/すり替えなし/会員番号下3桁提示可能

・公演当日、会場付近にて待ち合わせし、同時入場していただ...",True,,,absent_unverified,,2026-09-27 09:48:30,,,,
z41bs5l6t8,,key-to-lit-arena-tour-2026-neo-classics,2026-10-09,18:00,セキスイハイムスーパーアリーナ,electronic,female,同行,い,5.0,,,2026-08-26 12:47:26,,2026-09-04 19:01:10,2026-09-04 19:01:10,transition_observed,sold,2,38000,"情報局先行/座席未定/初期当選/非該当名義/2番手中2番手/変更ボタンあり/すり替えなし/下3桁提示可能 

プライベート出品に切り替えますのでコメントをお願い...",True,,,,,,,,,
2xt69y7n4m,,key-to-lit-arena-tour-2026-neo-classics,2026-10-09,18:00,セキスイハイムスーパーアリーナ,paper,female,ログイン情報,ヘチヘチ,5.0,,QR,2026-09-03 16:50:29,,2026-09-04 19:01:10,,,listing,2,0,"QR毎/初期当選/該当名義/変ボあり/期限内/下3桁提示/本確不可/クレカ重複なし

・相場外送らないでください。
・ログイン情報でのお譲りのため丁重にお取引い...",True,,,absent_unverified,,2026-09-27 09:48:30,,,,
kwvlvm9frz,,key-to-lit-arena-tour-2026-neo-classics,2026-10-09,18:00,セキスイハイムスーパーアリーナ,electronic,female,同行,ゆ,5.0,,同行番手,2026-08-28 12:51:37,,2026-09-04 19:01:10,,,listing,1,80000,"2名義中1番手　即あり
両方とも該当(変ボあり)/初期当選/下3桁提示可/有効会員

開場時間の15分前までに会場付近でお集まりいただき、同時入場いたします。...",True,,,absent_unverified,,2026-09-27 09:48:30,,,,
mj38m1qv8n,,key-to-lit-arena-tour-2026-neo-classics,2026-10-09,18:00,セキスイハイムスーパーアリーナ,electronic,female,同行,あ,4.8,,番手同行,2026-08-26 14:32:43,,2026-09-04 19:01:10,,,listing,2,40000,"情報局先行  2名義中2番手
初期当選/有効期限内/該当名義(変更ボタンあり) /
下3桁の提示可

※ 購入する際はプラベルに切り替えさせて頂くので、購入希望...",True,,,absent_unverified,,2026-09-27 09:48:30,,,,
nblm4ultkn,,key-to-lit-arena-tour-2026-neo-classics,2026-10-09,18:00,セキスイハイムスーパーアリーナ,paper,female,当日同行,m,5.0,,同行記載あり,2026-08-30 23:20:28,,2026-09-04 19:01:10,2026-09-04 19:01:10,transition_observed,sold,1,23000,"一般注釈付き指定席/同行

入場後は好きにしていただいて構いません。

・当日は当方が指定する場所/時間に集合予定です。(会場付近/開場約15分前予定)
その際...",True,,,,,,,,,
j12aytowod,,key-to-lit-arena-tour-2026-neo-classics,2026-10-09,18:00,セキスイハイムスーパーアリーナ,electronic,female,同行,S,5.0,,ランダム,2026-08-24 02:01:06,,2026-09-04 19:01:10,,,listing,1,15000,"【ランダム配布にご理解ある方のみご購入お願い致します】
同時入場後、ランダムでチケットをお渡しさせて頂きます。
ご自身での座席選択はできかねますのでご了承くださ...",True,,,absent_unverified,,2026-09-27 09:48:30,,,,
30nd09smn8,,key-to-lit-arena-tour-2026-neo-classics,2026-10-09,18:00,セキスイハイムスーパーアリーナ,electronic,female,同行,yuu,4.7,,番手,2026-08-28 11:08:15,,2026-09-04 19:01:10,,,listing,2,40000,"2名義中2番手/該当名義/初期当選/有効期限内/変更ボタンあり/エラー歴なし/すり替えなし/下3桁提示可

公演当日、こちらが指定した時間場所に待ち合わせし同時...",True,,,absent_unverified,,2026-09-27 09:48:30,,,,
0zq3bt8e9i,,key-to-lit-arena-tour-2026-neo-classics,2026-10-09,18:00,セキスイハイムスーパーアリーナ,electronic,female,同行,s,5.0,,,2026-08-27 14:17:46,,2026-09-04 19:01:10,,,listing,1,55000,"岩﨑担不可
初期当選/有効期限内該当名義/変更ボタン有/すり替えなし/下３桁提示可",True,,,absent_unverified,,2026-09-27 09:48:30,,,,
b0undnzkoc,,key-to-lit-arena-tour-2026-neo-classics,2026-10-09,18:00,セキスイハイムスーパーアリーナ,electronic,female,2名義2番手,にゃん,5.0,,番手,2026-08-26 06:20:06,,2026-09-04 19:01:10,,,listing,1,42000,"2名義2番手/情報局先行/着ブロ無し/下3桁可

公演当日こちらが指定した時間に待ち合わせをしていただき同時入場となります。時間は厳守でお願い致します。

入場...",True,,,absent_unverified,,2026-09-27 09:48:30,,,,
qt3yth149n,,key-to-lit-arena-tour-2026-neo-classics,2026-10-09,18:00,セキスイハイムスーパーアリーナ,electronic,female,同行,A,5.0,,同行,2026-08-29 15:49:31,,2026-09-04 19:01:10,2026-09-04 19:01:10,transition_observed,sold,1,40000,"猪狩担不可/すり替え重複なし2連中の1枚/FC先行初期当選/該当名義/変更ボタンあり/有効期限内/サイチェン不可/着ブロ選択なし/お値下げ不可

当日のお待ち合...",True,,,,,,,,,
7wtoq46t6z,,key-to-lit-arena-tour-2026-neo-classics,2026-10-09,18:00,セキスイハイムスーパーアリーナ,electronic,female,番手,A,5.0,,番手,2026-09-03 15:26:34,,2026-09-04 19:01:10,2026-09-04 19:01:10,transition_observed,sold,2,15000,"4名義中2番手 期限内/該当名義/すり替えなし/3桁提示可

公演中止以外いかなる理由があっても返金不可。
公演中止となった場合は手数料を差し引いた金額をお返し...",True,,,,,,,,,
g6ypbg7emj,,key-to-lit-arena-tour-2026-neo-classics,2026-10-09,18:00,セキスイハイムスーパーアリーナ,paper,none,当日手渡し,ましゅまろ,5.0,,同行,2026-09-01 18:10:44,,2026-09-04 19:01:10,,,listing,1,25000,"注釈指定席当方と同行です。
2.5〜即3
詳しい時間、場所、服装については当日に連絡ボードにてお知らせ致します。
公演中止以外の本人確認、システムエラー等、いか...",True,,,absent_unverified,,2026-09-27 09:48:30,,,,
bj9v95ngqw,,key-to-lit-arena-tour-2026-neo-classics,2026-10-09,18:00,セキスイハイムスーパーアリーナ,electronic,female,同行,まるこ,5.0,,同行,2026-09-01 09:23:58,,2026-09-04 19:01:10,2026-09-04 19:01:10,transition_observed,sold,1,55000,"中村担不可/同行/情報局先行/該当名義/下3桁提示可能/初期当選/すり替えなし/有効期限内/本確不可
下記よくお読みください

・当方もお譲りいただくQRになり...",True,,,,,,,,,
44jopvnjar,,key-to-lit-arena-tour-2026-neo-classics,2026-10-09,18:00,セキスイハイムスーパーアリーナ,electronic,female,同時入場,am,5.0,,番手,2026-09-02 12:10:29,,2026-09-04 19:01:10,,,listing,2,70000,"4名義中2番手/該当名義/初期当選/有効期限内/変更ボタンあり/すり替えなし/会員番号下3桁提示可能

・公演当日、会場付近にて待ち合わせし、同時入場していただ...",True,,,absent_unverified,,2026-09-27 09:48:30,,,,
bi58mejtug,,key-to-lit-arena-tour-2026-neo-classics,2026-10-09,18:00,セキスイハイムスーパーアリーナ,paper,female,当日手渡し,えび,5.0,,ランダム,2026-09-01 01:43:04,,2026-09-04 19:01:10,,,listing,1,18000,"ランダム配布（買い手様は座席を選べません）
*  日本語の通じる方のみご購入ください。男性〇未成年〇
*  会場の電波が悪い可能性がございますので、購入後は当日...",True,,,absent_unverified,,2026-09-27 09:48:30,,,,
ixuw7hk26f,,key-to-lit-arena-tour-2026-neo-classics,2026-10-09,18:00,セキスイハイムスーパーアリーナ,electronic,female,同行,ゆ,5.0,,同行番手,2026-08-28 12:50:32,,2026-09-04 19:01:10,,,listing,2,40000,"2名義中2番手　即5
両方とも該当(変ボあり)/初期当選/下3桁提示可/有効会員

開場時間の15分前までに会場付近でお集まりいただき、同時入場いたします。
遅...",True,,,absent_unverified,,2026-09-27 09:48:30,,,,
7u6q54hpis,,key-to-lit-arena-tour-2026-neo-classics,2026-10-09,18:00,セキスイハイムスーパーアリーナ,electronic,female,同行,さ,4.4,,ランダム,2026-08-29 07:23:54,,2026-09-04 19:01:10,2026-09-04 19:01:10,transition_observed,sold,2,19000,"座席未定 ランダム配布 条件あり 座席選択不可 代理購入不可 

 ランダム配布です。
最後までお読みいただきご購入ください。  

・複数名義所持しております...",True,,,,,,,,,
380h8m79l4,,key-to-lit-arena-tour-2026-neo-classics,2026-10-09,18:00,セキスイハイムスーパーアリーナ,electronic,none,同行,らら,5.0,,同行,2026-09-02 06:47:56,,2026-09-04 19:01:10,,,listing,1,60000,"
2連中の1枚（当方との同行）になります。

初期当選／座席未定／重複すり替えなし同行／非該当名義／着席希望なし／サイチェン不可／代理購入不可


・公演当日は...",True,,,absent_unverified,,2026-09-27 09:48:30,,,,
ry1y18x6s1,,key-to-lit-arena-tour-2026-neo-classics,2026-10-09,18:00,セキスイハイムスーパーアリーナ,electronic,female,同行,s,5.0,,番手,2026-08-29 07:31:20,,2026-09-04 19:01:10,,,listing,2,75000,"一般含む4名義中2番手/すり替え無し/下3桁提示可能/初期当選

公演当日、会場20分前を目安にこちらが指定した場所に集合して頂き同時入場いたします。入場後一度...",True,,,absent_unverified,,2026-09-27 09:48:30,,,,
x54bx3sc2d,,key-to-lit-arena-tour-2026-neo-classics,2026-10-10,12:30,セキスイハイムスーパーアリーナ,electronic,female,2名義中2番手,R,5.0,,番手,2026-09-03 12:53:41,,2026-09-04 19:01:10,,,listing,1,45000,"2名義中2番手/初期当選/該当名義/有効期限内/変更ボタンあり/重複すり替えなし/下3桁提示可

当日は開場時間に会場付近で待ち合わせをし、同時入場していただき...",True,,,absent_unverified,,2026-09-27 09:48:30,,,,
0z58w60kjm,,key-to-lit-arena-tour-2026-neo-classics,2026-10-10,12:30,セキスイハイムスーパーアリーナ,electronic,female,5名義中4番手,あ,5.0,,番手,2026-08-25 13:48:24,,2026-09-04 19:01:10,2026-09-04 19:01:10,transition_observed,sold,2,50000,"全て初期当選、該当名義、有効期限内、下3桁提示可能、過去エラーなし

開場時間10分前頃を目安に会場付近にて集合予定。時間、場所については確定後前日夜までにはご...",True,,,,,,,,,
97ytw6ur5a,,key-to-lit-arena-tour-2026-neo-classics,2026-10-10,12:30,セキスイハイムスーパーアリーナ,electronic,female,同行,ゆ,5.0,,ランダム,2026-09-03 06:01:41,,2026-09-04 19:01:10,,,listing,1,18000,"特別出品しますのでコメントお願い致します。
少人数ランダム配布

公演当日、開場時間の30分前頃に会場付近にて待ち合わせし、同時入場していただきます。
詳しい待...",True,,,absent_unverified,,2026-09-27 09:48:30,,,,
p9v5d35qop,,key-to-lit-arena-tour-2026-neo-classics,2026-10-10,12:30,セキスイハイムスーパーアリーナ,electronic,none,同行,ふ,5.0,,同行,2026-08-24 22:58:27,,2026-09-04 19:01:10,,,listing,1,66000,"初期当選/該当/有効期限内/下3桁提示可能/重複すり替えなし同行

当日は開場15分前を目安に待ち合わせし、同時入場いたします。時間や場所の詳細は前日もしくは当...",True,,,absent_unverified,,2026-09-27 09:48:30,,,,
7zbihuixy8,,key-to-lit-arena-tour-2026-neo-classics,2026-10-10,12:30,セキスイハイムスーパーアリーナ,electronic,female,同時入場 開演5分前ランダムにてお渡し,m,5.0,,ランダム,2026-08-24 02:18:35,,2026-09-04 19:01:10,2026-09-04 19:01:10,transition_observed,sold,1,22000,"最後までご確認いただき、ご了承いただけた方のみご購入をお願いいたします。

・同時入場後チケットを一旦回収し解散した後、座席選択後にランダムでチケットをお渡しし...",True,,,,,,,,,
j6470y9r8y,,key-to-lit-arena-tour-2026-neo-classics,2026-10-10,12:30,セキスイハイムスーパーアリーナ,electronic,female,重複すり替えなし同行,り,5.0,,同行,2026-09-03 17:29:14,,2026-09-04 19:01:10,,,listing,1,65000,"本確・同行者登録可能、初期当選(≠復活)、変ボ有該当、下3桁提示可、有効期限内、着ブロ未選択

・入場されるご本人様がご購入ください。
・猪狩担との同行です。同...",True,,,absent_unverified,,2026-09-27 09:48:30,,,,
cry92ej6w3,,key-to-lit-arena-tour-2026-neo-classics,2026-10-10,12:30,セキスイハイムスーパーアリーナ,electronic,female,同行,S,5.0,,ランダム,2026-08-24 02:09:41,,2026-09-04 19:01:10,2026-09-04 19:01:10,transition_observed,sold,1,20000,"【ランダム配布にご理解ある方のみご購入お願い致します】
同時入場後、ランダムでチケットをお渡しさせて頂きます。
ご自身での座席選択はできかねますのでご了承くださ...",True,,,,,,,,,
18m0lf6ixj,,key-to-lit-arena-tour-2026-neo-classics,2026-10-10,12:30,セキスイハイムスーパーアリーナ,electronic,none,同行,c,4.9,,ランダム記載あり,2026-08-25 14:51:50,,2026-09-04 19:01:10,,,listing,1,18000,"・当日開場30分前を目処に会場付近に集合し同時入場して頂きます。詳しい集合時間や場所は当日朝までに連絡ボードにてご連絡致します。
・遅刻は厳禁でお願い致します。...",True,,,absent_unverified,,2026-09-27 09:48:30,,,,
h3xebzrco2,,key-to-lit-arena-tour-2026-neo-classics,2026-10-10,12:30,セキスイハイムスーパーアリーナ,electronic,female,同行,うおた,5.0,,同行,2026-09-01 15:30:31,,2026-09-04 19:01:10,,,listing,1,60000,"重複すり替えなし/サイチェン可/入場受後取り評価後即解散/初期当選/変ボ有り該当名義 /着ブロ希望なし/有効期限内/井上担不可

1時間前に会場付近にて待ち合わ...",True,,,absent_unverified,,2026-09-27 09:48:30,,,,
mvmz7b54oc,,key-to-lit-arena-tour-2026-neo-classics,2026-10-10,12:30,セキスイハイムスーパーアリーナ,electronic,none,同行,あ,4.8,,ランダム,2026-08-26 14:39:12,,2026-09-04 19:01:10,2026-09-04 19:01:10,transition_observed,sold,1,18000,"ランダム配布

★購入する際はプライベート出品またはプラベルに切り替えさせて頂きますので購入希望の方は必ずメッセージお願いします。

・詳しい待ち合わせ時間・場...",True,,,,,,,,,
wml72nmmqg,,key-to-lit-arena-tour-2026-neo-classics,2026-10-10,12:30,セキスイハイムスーパーアリーナ,electronic,female,公演日前日18時までにQRコード共有,ゆき,5.0,,ランダム記載あり,2026-08-26 17:38:09,,2026-09-04 19:01:10,,,listing,1,70000,"座席未定/QR毎/復活当選/重複すり替えなし/下3桁提示/有効期限内/着ブロ希望なし

公演中止の際は手数料を差し引いた金額を返金致しますが、それ以外の如何なる...",True,,,absent_unverified,,2026-09-27 09:48:30,,,,
pm43cmbajv,,key-to-lit-arena-tour-2026-neo-classics,2026-10-10,12:30,セキスイハイムスーパーアリーナ,electronic,female,同行,あ,4.8,,番手ランダム,2026-09-02 05:51:16,,2026-09-04 19:01:10,,,listing,2,45000,"⭐️すり替えなし (下3桁提示可能)⭐️

初期当選/該当名義(変更ボタン有)/有効期限内
↑
全て上記に該当している名義でのすり替えなしランダム配布です。...",True,,,absent_unverified,,2026-09-27 09:48:30,,,,
y7vn1u1pm7,,key-to-lit-arena-tour-2026-neo-classics,2026-10-10,12:30,セキスイハイムスーパーアリーナ,electronic,female,同行,Moa,5.0,,同行番手,2026-08-28 09:22:14,,2026-09-04 19:01:10,,,listing,2,60000,"初期当選、2名義中2番手、全て該当名義、有効期限内、変更ボタンあり、着ブロ希望なし、下3桁提示可、すり替えなし、過去エラーなし

こちらが指定する場所と時間に待...",True,,,absent_unverified,,2026-09-27 09:48:30,,,,
l3rhqbi6yt,,key-to-lit-arena-tour-2026-neo-classics,2026-10-10,12:30,セキスイハイムスーパーアリーナ,electronic,female,同行,み,5.0,,番手,2026-08-30 12:39:32,,2026-09-04 19:01:10,,,listing,2,58000,"2名義中2番手/すべて初期該当変更ボタンあり/すり替えなし/下3桁提示可/有効期限内

・2名義中2番手のお譲りになります。
・入場時のみ同行者様と分かれて入場...",True,,,absent_unverified,,2026-09-27 09:48:30,,,,
fyc95ua32p,,key-to-lit-arena-tour-2026-neo-classics,2026-10-10,12:30,セキスイハイムスーパーアリーナ,electronic,female,QRごと,な,5.0,,QR,2026-08-24 18:06:19,,2026-09-04 19:01:10,,,listing,2,60000,"初期当選/該当名義/重複すり替えなし/有効期限内/変更ボタンあり/下3桁提示可/着ブロ希望なし/同行者登録可/過去にエラー等無し/同一クレカなし

※プラベル出...",True,,,absent_unverified,,2026-09-27 09:48:30,,,,
n5qf4whfj9,,key-to-lit-arena-tour-2026-neo-classics,2026-10-10,12:30,セキスイハイムスーパーアリーナ,paper,none,当日手渡し,れ,4.8,,ランダム,2026-08-26 00:57:20,,2026-09-04 19:01:10,,,listing,1,18000,"ランダム配布

【取引にあたり注意事項】
日本語理解できる方、日本の電話番号お持ちの方のみ購入をお願いいたします。

チケット取引について理解ある方のみ購入お願...",True,,,absent_unverified,,2026-09-27 09:48:30,,,,
axajg0xfpy,,key-to-lit-arena-tour-2026-neo-classics,2026-10-10,12:30,セキスイハイムスーパーアリーナ,electronic,female,公演前日,a,5.0,,QR,2026-09-01 05:39:38,,2026-09-04 19:01:10,,,listing,2,78000,"FC先行/初期当選/QR毎/該当名義/有効期限内/下3桁提示可能

⚠️プラベル移行可能な方リクエストお願いします。

QR毎のお譲りです。
公演前日の夜にログ...",True,,,absent_unverified,,2026-09-27 09:48:30,,,,
1wljoyueoq,,key-to-lit-arena-tour-2026-neo-classics,2026-10-10,12:30,セキスイハイムスーパーアリーナ,electronic,female,開場15分前までに集合し同時入場,るな,5.0,,番手,2026-09-02 09:10:55,,2026-09-04 19:01:10,2026-09-04 19:01:10,transition_observed,sold,2,50000,2名義中2番手/初期当選のみ/有効期限内/変更ボタンあり/情報局該当名義のみ/会員番号下3桁提示可/過去エラーなし/公演中止時のみ各種手数料を差し引いた金額を返...,True,,,,,,,,,
mc1w8g2tcl,,key-to-lit-arena-tour-2026-neo-classics,2026-10-10,12:30,セキスイハイムスーパーアリーナ,electronic,female,同行,あ,5.0,,ランダム,2026-09-01 22:51:11,,2026-09-04 19:01:10,2026-09-04 19:01:10,transition_observed,sold,2,40000,"【すりかえなしランダム配布】 
複数当選しております。当方が座席を選択した後、残ったチケットをランダムでお渡し致します。 落札者様にお席をお選び頂くことはできま...",True,,,,,,,,,
vwpymq1as0,,key-to-lit-arena-tour-2026-neo-classics,2026-10-10,12:30,セキスイハイムスーパーアリーナ,paper,female,入金後24時間以内に郵送,a,5.0,,,2026-09-01 19:10:10,,2026-09-04 19:01:10,2026-09-04 19:01:10,transition_observed,sold,2,26000,"一般発売　立見

定価支払い済み発券したチケットを送らせていただきます。",True,,,,,,,,,
tx5itgrb7v,,key-to-lit-arena-tour-2026-neo-classics,2026-10-10,12:30,セキスイハイムスーパーアリーナ,electronic,female,同時入場,ちけてんまる,5.0,,ランダム,2026-08-26 10:26:25,,2026-09-04 19:01:10,2026-09-04 19:01:10,transition_observed,sold,1,17900,"当日、開場30分前に会場付近で待ち合わせをし、同時入場をしていただきます。
詳しい待ち合わせ時間・場所につきましては、公演が近くなりましたら連絡ボードにてお知ら...",True,,,,,,,,,
zgqyma2to5,,key-to-lit-arena-tour-2026-neo-classics,2026-10-10,12:30,セキスイハイムスーパーアリーナ,electronic,female,2名義中2番手,ゆ,5.0,,番手,2026-09-01 05:50:36,,2026-09-04 19:01:10,,,listing,2,45000,"2名義中2番手/初期当選/ボタンなし/該当名義/有効期限内/すり替えなし/下3桁提示可/本人確認不可/サイチェン不可
・2名義所持のためチケットを2名義中2名義...",True,,,absent_unverified,,2026-09-27 09:48:30,,,,
99t0jham1z,,key-to-lit-arena-tour-2026-neo-classics,2026-10-10,12:30,セキスイハイムスーパーアリーナ,paper,female,当日手渡し,な,5.0,,番手,2026-08-26 01:26:04,,2026-09-04 19:01:10,,,listing,2,75000,4名義中2番手/初期当選/該当名義/変更ボタンあり/すり替えなし/下3桁提示可/有効期限内/発送物戻りなし/着ブロ希望なし/同一クレカなし/サイチェン可/本人確...,True,,,absent_unverified,,2026-09-27 09:48:30,,,,
zixal7mqbx,,key-to-lit-arena-tour-2026-neo-classics,2026-10-10,12:30,セキスイハイムスーパーアリーナ,electronic,female,同行,あ,5.0,,ランダム,2026-09-02 05:35:41,,2026-09-04 19:01:10,2026-09-04 19:01:10,transition_observed,sold,1,16000,"当方が座席を選択した後、残ったチケットをランダムでお渡し致します。
ご購入様にお席をお選び頂くことはできません。会場によっては立ち見の可能性もございます。

発...",True,,,,,,,,,
9qw7po2mdz,1788096034441,key-to-lit-arena-tour-2026-neo-classics,2026-10-10,12:30,セキスイハイムスーパーアリーナ,electronic,female,重複すり替えなし同行,み,5.0,,同行,2026-08-30 13:20:34,,2026-09-04 04:01:09,,,deleted,1,68000,"重複すり替えなし同行でのお譲りです。
初期当選,該当名義,有効期限内,変更ボタンあり,下3桁提示可能,LINE電話番号交換可能,サイチェン可能
となっております...",True,,,,,,,,,
6rw28cik4v,,key-to-lit-arena-tour-2026-neo-classics,2026-10-10,12:30,セキスイハイムスーパーアリーナ,electronic,female,公演日前日にログイン情報共有,よ,5.0,,QR,2026-08-29 14:36:29,,2026-09-04 19:01:10,,,listing,2,55000,"初期当選　該当名義(変更ボタンあり)　重複すり替えなし　下3桁提示可 着ブロ指定なし 複数当選なし　過去エラーなし
入金後前日までにログインに必要な情報を連絡ボ...",True,,,absent_unverified,,2026-09-27 09:48:30,,,,
p8xhi7yiby,,key-to-lit-arena-tour-2026-neo-classics,2026-10-10,12:30,セキスイハイムスーパーアリーナ,electronic,female,同行,𐔌˘- · •̤ᐢ𐦯,5.0,,QR同行,2026-08-27 00:16:28,,2026-09-04 19:01:10,2026-09-04 19:01:10,transition_observed,sold,1,0,"即7.0/
初期当選/該当/有効期限内/下3桁提示可能/重複すり替えなし同行/嶺亜担❌

当日は開場時間を目安に待ち合わせし、同時入場いたします。時間や場所の詳...",True,,,,,,,,,
6jqqy6mo47,,key-to-lit-arena-tour-2026-neo-classics,2026-10-10,12:30,セキスイハイムスーパーアリーナ,electronic,female,同行,てぁ,5.0,,番手,2026-09-03 10:57:07,,2026-09-04 19:01:10,,,listing,2,65000,"【連番 3名義中2番手】
⭐️すべて連番/初期当選/該当名義/変更ボタン有/有効期限内/下3桁提示可/すり替えなし/着ブロ希望なし
⭐️ご購入の際にチケテン入場...",True,,,absent_unverified,,2026-09-27 09:48:30,,,,
2itrhxz3zl,,key-to-lit-arena-tour-2026-neo-classics,2026-10-10,12:30,セキスイハイムスーパーアリーナ,electronic,none,同行,あ,4.8,,ランダム,2026-08-26 14:40:43,,2026-09-04 19:01:10,,,listing,2,35000,"ランダム配布 2連確約

★購入する際はプライベート出品またはプラベルに切り替えさせて頂きますので購入希望の方は必ずメッセージお願いします。

・詳しい待ち合わ...",True,,,absent_unverified,,2026-09-27 09:48:30,,,,
l7hqnlcn2t,1787801258890,key-to-lit-arena-tour-2026-neo-classics,2026-10-10,12:30,セキスイハイムスーパーアリーナ,electronic,female,同行,ありちゃん,5.0,,ランダム,2026-08-27 03:27:38,,2026-09-04 18:01:17,2026-09-04 11:01:12,transition_observed,sold,1,30000,⭐️開演30分前までにお渡し⭐️FC先行 座席未定/同時入場後に一度チケットを回収し、当方の座席選択後にランダム配布いたします/全名義有効期限内/同一クレカでの...,True,,,,,,,,,
alu3uq1jnd,,key-to-lit-arena-tour-2026-neo-classics,2026-10-10,12:30,セキスイハイムスーパーアリーナ,electronic,female,同行,ぴぴ,5.0,,同行番手,2026-08-28 13:11:05,,2026-09-04 19:01:10,,,listing,1,56000,"2名義中2番手1枚(2名義目)/初期当選/ボタンあり該当名義/有効期限内/すり替えなし/下3桁提示可
・2名義所持のためチケットを2名義中2名義目を配布いたしま...",True,,,absent_unverified,,2026-09-27 09:48:30,,,,
oxr9ddfn37,,key-to-lit-arena-tour-2026-neo-classics,2026-10-10,12:30,セキスイハイムスーパーアリーナ,electronic,female,同行,ゆ,5.0,,ランダム,2026-09-01 08:12:08,,2026-09-04 19:01:10,2026-09-04 19:01:10,transition_observed,sold,2,35000,"ランダムすり替え有

単番の場合即決2.5",True,,,,,,,,,
4co2cyun23,,key-to-lit-arena-tour-2026-neo-classics,2026-10-10,12:30,セキスイハイムスーパーアリーナ,electronic,female,公演日1日前までにQRコード共有,su,4.9,,QR,2026-08-26 14:21:10,,2026-09-04 19:01:10,2026-09-04 19:01:10,transition_observed,sold,2,70000,2連 QRごとのお譲り、初期当選、複数当選なし、該当名義有効期限内変更ボタンあり着ブロ希望なし。発送物戻りなし。ペイジー決済。日本人以外の方は購入を御遠慮くださ...,True,,,,,,,,,
ybijfz97sf,,key-to-lit-arena-tour-2026-neo-classics,2026-10-10,17:30,セキスイハイムスーパーアリーナ,electronic,female,同行,Eri,5.0,,同行番手,2026-08-27 04:19:03,,2026-09-04 19:01:10,2026-09-04 19:01:10,transition_observed,sold,2,65000,"3名義中2番手/該当名義のみ/初期当選/有効期限内/すり替えなし/下3桁提示可

・公演当日、開演約1時間前を目処に会場付近で待ち合わせします。詳しいお時間や待...",True,,,,,,,,,
ppjqh15st2,,key-to-lit-arena-tour-2026-neo-classics,2026-10-10,17:30,セキスイハイムスーパーアリーナ,electronic,female,同行,m,5.0,,番手,2026-08-27 07:55:06,,2026-09-04 19:01:10,2026-09-04 19:01:10,transition_observed,sold,2,60000,"2名義中2番手/初期当選/すり替えなし/該当名義/変更ボタンあり/下3桁提示可/有効期限内/着ブロ選択なし

・開場10~15分前を目安に合流後、入場予定。
・...",True,,,,,,,,,
tf3ohjo6lf,,key-to-lit-arena-tour-2026-neo-classics,2026-10-10,17:30,セキスイハイムスーパーアリーナ,electronic,female,同行,ちぴ,5.0,,同行,2026-08-27 15:39:24,,2026-09-04 19:01:10,2026-09-04 19:01:10,transition_observed,sold,1,75000,"QR毎/初期当選/該当名義/変更ボタン有/有効期限内/下3桁提示可/着ブロ希望なし


当日開場前に待ち合わせし、一緒に入場をお願い致します。
入場後座席を確認...",True,,,,,,,,,
64q1lkny6z,,key-to-lit-arena-tour-2026-neo-classics,2026-10-10,17:30,セキスイハイムスーパーアリーナ,electronic,female,同行,あ,4.8,,番手ランダム,2026-08-28 13:51:18,,2026-09-04 19:01:10,2026-09-04 19:01:10,transition_observed,sold,2,45000,"⭐️すり替えなし (下3桁提示可能)

初期当選/該当名義(変更ボタン有)/有効期限内
↑
全て上記に該当している名義でのすり替えなしランダム配布です。

★購...",True,,,,,,,,,
3prdfue77k,,key-to-lit-arena-tour-2026-neo-classics,2026-10-10,17:30,セキスイハイムスーパーアリーナ,electronic,female,同行,ゆ,5.0,,ランダム,2026-09-02 07:14:09,,2026-09-04 19:01:10,,,listing,1,20000,"特別出品しますのでコメントお願い致します。
ランダム配布

公演当日、開場時間の30分前頃に会場付近にて待ち合わせし、同時入場していただきます。
詳しい待ち合わ...",True,,,absent_unverified,,2026-09-27 09:48:30,,,,
qjhzjatfvx,,key-to-lit-arena-tour-2026-neo-classics,2026-10-10,17:30,セキスイハイムスーパーアリーナ,electronic,none,同行,あ,5.0,,ランダム,2026-08-24 12:06:57,,2026-09-04 19:01:10,,,listing,1,27000,"
当方が座席を選択した後、残ったチケットをランダムでお渡し致します。
ご購入様にお席をお選び頂くことはできません。

発券後、一度チケットを全て回収させていただ...",True,,,absent_unverified,,2026-09-27 09:48:30,,,,
y0m2n15a8e,,key-to-lit-arena-tour-2026-neo-classics,2026-10-10,17:30,セキスイハイムスーパーアリーナ,electronic,female,公演前日,a,5.0,,QR,2026-09-01 05:37:02,,2026-09-04 19:01:10,,,listing,2,125000,"FC先行/初期当選/QR毎/該当名義/有効期限内/下3桁提示可能

⚠️プラベル移行可能な方リクエストお願いします。

QR毎のお譲りです。
公演前日の夜にログ...",True,,,absent_unverified,,2026-09-27 09:48:30,,,,
krgq7fqvu3,,key-to-lit-arena-tour-2026-neo-classics,2026-10-10,17:30,セキスイハイムスーパーアリーナ,electronic,female,公演前日にログイン情報お伝えします,みみ,5.0,,同行記載あり,2026-08-24 15:09:52,,2026-09-04 19:01:10,,,listing,2,100000,QRごと/初期当選/該当(中村)名義/有効期限内/下三桁事前にお伝え可能/すり替えなし/重複当選なし/ペイジー決済/過去にエラー等ございません/変更ボタンあり/...,True,,,absent_unverified,,2026-09-27 09:48:30,,,,
8m8a5jtsjh,,key-to-lit-arena-tour-2026-neo-classics,2026-10-10,17:30,セキスイハイムスーパーアリーナ,electronic,female,同行,ぺこ,5.0,,番手,2026-09-03 09:54:10,,2026-09-04 19:01:10,,,listing,2,60000,"2名義中2名義目
初期当選　該当名義　変更ボタン有り　有効期限内　下3桁提示可　すり替えなし

待ち合わせ場所、時間はお日にちが近くなりしたら連絡ボードにてご連...",True,,,absent_unverified,,2026-09-27 09:48:30,,,,
uq7k8wbcxd,,key-to-lit-arena-tour-2026-neo-classics,2026-10-10,17:30,セキスイハイムスーパーアリーナ,electronic,female,同時入場,y,5.0,,番手,2026-08-26 08:52:01,,2026-09-04 19:01:10,,,listing,2,60000,"2名義中2番手
変更ボタンあり該当名義/有効期限内/すり替えなし
前日までに集合時間をご連絡致します。購入者様が遅刻した場合、先に入場しますが受取り評価はしてい...",True,,,absent_unverified,,2026-09-27 09:48:30,,,,
dw4gf3ih9o,,key-to-lit-arena-tour-2026-neo-classics,2026-10-10,17:30,セキスイハイムスーパーアリーナ,electronic,female,同行,ゆ,5.0,,ランダム,2026-09-01 08:12:54,,2026-09-04 19:01:10,2026-09-04 19:01:10,transition_observed,sold,2,35000,"ランダムすり替え有
",True,,,,,,,,,
xod23nnb8n,,key-to-lit-arena-tour-2026-neo-classics,2026-10-10,17:30,セキスイハイムスーパーアリーナ,electronic,female,入金後3時間以内にQRコード共有,misuzu,5.0,,QR,2026-09-02 08:22:27,,2026-09-04 19:01:10,2026-09-04 19:01:10,transition_observed,sold,2,64000,"情報局先行 KEY TO LIT 井上瑞稀名義 初期当選 指定席 2枚申し込み 
QRごとのお譲り 条件ございません 座席未定

情報局先行 ２枚申込みでの当選...",True,,,,,,,,,
spm4x0pnzv,,key-to-lit-arena-tour-2026-neo-classics,2026-10-10,17:30,セキスイハイムスーパーアリーナ,electronic,female,公演日前日までにログイン情報共有,り,5.0,,QR,2026-08-30 14:32:31,,2026-09-04 19:01:10,,,listing,2,55000,"初期当選/該当/変更ボタン有り/有効期限切れ/同行者登録可/下3桁提示可/制作開放×着ブロ×

公演日前日までにログイン情報をお伝えしますので、購入者様自身で同...",True,,,absent_unverified,,2026-09-27 09:48:30,,,,
ix7yxk7tr9,,key-to-lit-arena-tour-2026-neo-classics,2026-10-10,17:30,セキスイハイムスーパーアリーナ,electronic,female,入金後24時間以内にQRコード共有,NA,5.0,,QR,2026-08-25 01:23:36,,2026-09-04 19:01:10,,,listing,2,59999,"QRごと/重複すり替えなし/有効期限内該当名義(変更ボタンなし ツアー発表前に変更済)/初期当選/着ブロ希望なし/エラー歴なし/入場時まで座席未定

入金確認後...",True,,,absent_unverified,,2026-09-27 09:48:30,,,,
gprf5qnkhg,,key-to-lit-arena-tour-2026-neo-classics,2026-10-10,17:30,セキスイハイムスーパーアリーナ,electronic,female,同行,れ,5.0,,番手,2026-08-26 13:08:25,,2026-09-04 19:01:10,,,listing,2,42000,"FC先行/初期当選/すり替えなし/期限内/6名義中6番手/下3桁提示可/全て該当名義

プラベル出品に切り替えます。
プラベル分からない方はご遠慮ください。...",True,,,absent_unverified,,2026-09-27 09:48:30,,,,
xy4cr7tcco,,key-to-lit-arena-tour-2026-neo-classics,2026-10-10,17:30,セキスイハイムスーパーアリーナ,electronic,female,同行,yuu,4.7,,番手,2026-08-28 11:09:42,,2026-09-04 19:01:10,,,listing,2,55000,"2名義中2番手/該当名義/初期当選/有効期限内/変更ボタンあり/エラー歴なし/すり替えなし/下3桁提示可

公演当日、こちらが指定した時間場所に待ち合わせし同時...",True,,,absent_unverified,,2026-09-27 09:48:30,,,,
oj9n1yz8cj,,key-to-lit-arena-tour-2026-neo-classics,2026-10-10,17:30,セキスイハイムスーパーアリーナ,electronic,female,同行,Eri,5.0,,同行番手,2026-08-27 22:53:15,,2026-09-04 19:01:10,,,listing,2,58000,"3名義中3番手/該当名義のみ/初期当選/有効期限内/すり替えなし/下3桁提示可

・公演当日、開演約1時間前を目処に会場付近で待ち合わせします。詳しいお時間や待...",True,,,absent_unverified,,2026-09-27 09:48:30,,,,
1pjjb8tvbl,,key-to-lit-arena-tour-2026-neo-classics,2026-10-10,17:30,セキスイハイムスーパーアリーナ,electronic,female,同行,N,5.0,,同行,2026-08-31 04:07:14,,2026-09-04 19:01:10,,,listing,1,72000,"初期当選／座席未定／重複すり替えなし同行／該当名義／変更ボタン有／有効期限内／下3桁提示可能／着席希望なし

・公演当日は開場時間5分前に会場周辺にて待ち合わせ...",True,,,absent_unverified,,2026-09-27 09:48:30,,,,
abf2u9h0i4,,key-to-lit-arena-tour-2026-neo-classics,2026-10-10,17:30,セキスイハイムスーパーアリーナ,electronic,female,公演日前日までにログイン情報共有,い,5.0,,QR,2026-09-01 17:41:59,,2026-09-04 19:01:10,2026-09-04 19:01:10,transition_observed,sold,2,65000,"情報局先行/座席未定/QRごと/初期当選/下3桁提示可/該当名義/変更ボタンあり/有効期限内

・公演前までにログインに必要な情報をお伝えいたします

・同行者...",True,,,,,,,,,
xw5lfadz8q,,key-to-lit-arena-tour-2026-neo-classics,2026-10-10,17:30,セキスイハイムスーパーアリーナ,electronic,female,同時入場、ランダム配布,な,5.0,,ランダム,2026-08-31 17:13:03,,2026-09-04 19:01:10,,,listing,1,20000,"購入の際にコメント不要ですが評価によっては申請を却下させていただく場合があります。
以下の内容をご理解いただける方でお願いします。

・同行者登録に協力いただく...",True,,,absent_unverified,,2026-09-27 09:48:30,,,,
j3fxglx7c4,,key-to-lit-arena-tour-2026-neo-classics,2026-10-10,17:30,セキスイハイムスーパーアリーナ,electronic,female,公演日1日前までにQRコード共有,a,5.0,,QR,2026-09-03 03:18:34,,2026-09-04 19:01:10,,,listing,2,67000,"情報局先行 該当名義 変更ボタンあり 初期当選 QRごと 重複すり替えなし 下3桁提示可能 有効期限内 着ブロ希望なし 郵送物戻りなし 過去エラーなし 

同行...",True,,,absent_unverified,,2026-09-27 09:48:30,,,,
ug9in7z2ik,,key-to-lit-arena-tour-2026-neo-classics,2026-10-10,17:30,セキスイハイムスーパーアリーナ,electronic,none,ランダム配布　同時入場,sa,5.0,,ランダム,2026-09-02 12:11:21,,2026-09-04 19:01:10,2026-09-04 19:01:10,transition_observed,sold,2,35000,"公演当日15:50までに会場付近で待ち合わせし、同時入場していただきます。

購入者様は座席をお選びいただけません。
入場後は、発券したチケットを回収した後、一...",True,,,,,,,,,
bbgfn6x31f,,key-to-lit-arena-tour-2026-neo-classics,2026-10-10,17:30,セキスイハイムスーパーアリーナ,electronic,female,同時入場 開演5分前ランダムにてお渡し,m,5.0,,ランダム,2026-08-24 14:08:00,,2026-09-04 19:01:10,,,listing,1,20000,"最後までご確認いただき、ご了承いただけた方のみご購入をお願いいたします。

・同時入場後チケットを一旦回収し解散した後、座席選択後にランダムでチケットをお渡しし...",True,,,absent_unverified,,2026-09-27 09:48:30,,,,
ycb26ka8pa,,key-to-lit-arena-tour-2026-neo-classics,2026-10-10,17:30,セキスイハイムスーパーアリーナ,electronic,none,同行,あ,4.8,,ランダム,2026-08-26 14:41:46,,2026-09-04 19:01:10,,,listing,2,38000,"ランダム配布 2連確約

★購入する際はプライベート出品またはプラベルに切り替えさせて頂きますので購入希望の方は必ずメッセージお願いします。

・詳しい待ち合わ...",True,,,absent_unverified,,2026-09-27 09:48:30,,,,
wdu4t72wqu,,key-to-lit-arena-tour-2026-neo-classics,2026-10-10,17:30,セキスイハイムスーパーアリーナ,electronic,female,公演日前日までにログイン情報共有,い,5.0,,QR,2026-09-01 17:46:36,,2026-09-04 19:01:10,,,listing,2,65000,"情報局先行/座席未定/QRごと/初期当選/下3桁提示可/該当名義/変更ボタンあり/有効期限内

・公演前までにログインに必要な情報をお伝えいたします

・同行者...",True,,,absent_unverified,,2026-09-27 09:48:30,,,,
x6ggigj0n5,,key-to-lit-arena-tour-2026-neo-classics,2026-10-10,17:30,セキスイハイムスーパーアリーナ,electronic,none,同行,あ,4.8,,ランダム,2026-08-26 14:37:47,,2026-09-04 19:01:10,,,listing,1,18000,"ランダム配布

★購入する際はプライベート出品またはプラベルに切り替えさせて頂きますので購入希望の方は必ずメッセージお願いします。

・詳しい待ち合わせ時間・場...",True,,,absent_unverified,,2026-09-27 09:48:30,,,,
gx93vhk2oq,,key-to-lit-arena-tour-2026-neo-classics,2026-10-10,17:30,セキスイハイムスーパーアリーナ,electronic,female,同行,dora,5.0,,ランダム,2026-08-24 06:33:16,,2026-09-04 19:01:10,,,listing,1,20000,"同時入場後、一旦回収させて頂きランダムに配布させて頂きます。座席選択はできませんのでご了承ください。
またランダム配布の為下3桁をお伝えすることはできませんご了...",True,,,absent_unverified,,2026-09-27 09:48:30,,,,
w0avcbsfu0,,key-to-lit-arena-tour-2026-neo-classics,2026-10-10,17:30,セキスイハイムスーパーアリーナ,electronic,female,同行,もる,5.0,,番手同行,2026-08-29 03:19:03,,2026-09-04 19:01:10,,,listing,2,60000,"2名義中2番手同行/初期当選/該当名義/変更ボタン有/すり替え無/有効期限内名義/サイチェン可

当日会場付近にて待ち合わせし、同時入場していただきます。詳しく...",True,,,absent_unverified,,2026-09-27 09:48:30,,,,
ck3luud231,,key-to-lit-arena-tour-2026-neo-classics,2026-10-10,17:30,セキスイハイムスーパーアリーナ,electronic,female,同行,み,5.0,,番手,2026-08-30 08:01:27,,2026-09-04 19:01:10,,,listing,2,59000,"2名義中2番手/すべて初期該当変更ボタンあり/すり替えなし/下3桁提示可/有効期限内

・2名義中2番手のお譲りになります。
・入場時のみ同行者様と分かれて入場...",True,,,absent_unverified,,2026-09-27 09:48:30,,,,
qqud49g8cb,,key-to-lit-arena-tour-2026-neo-classics,2026-10-10,17:30,セキスイハイムスーパーアリーナ,electronic,female,同行,𐔌˘- · •̤ᐢ𐦯,5.0,,番手,2026-09-02 05:58:22,,2026-09-04 19:01:10,,,listing,1,54000,"3名義中3番手同行

連番相手が来れなくなったため出品

初期当選/該当/有効期限内/下3桁提示可能/重複すり替えなし同行/嶺亜担❌

当日は開場時間を目安に待...",True,,,absent_unverified,,2026-09-27 09:48:30,,,,
qhy6a4nk8e,,key-to-lit-arena-tour-2026-neo-classics,2026-10-10,17:30,セキスイハイムスーパーアリーナ,electronic,female,同行,A,5.0,,同行番手,2026-08-29 16:08:25,,2026-09-04 19:01:10,,,listing,1,50000,2連と単番計3枚のうち2枚目のお渡し/猪狩担不可/2名義ともFC先行初期当選/該当名義/変更ボタンあり/有効期限内/着ブロ選択なし/サイチェン不可/お値下げ不可...,True,,,absent_unverified,,2026-09-27 09:48:30,,,,
2z109vnq2s,,key-to-lit-arena-tour-2026-neo-classics,2026-10-10,17:30,セキスイハイムスーパーアリーナ,electronic,female,同行,S,5.0,,QRランダム,2026-08-24 02:04:20,,2026-09-04 19:01:10,,,listing,1,20000,"【ランダム配布にご理解ある方のみご購入お願い致します】
同時入場後、ランダムでチケットをお渡しさせて頂きます。
ご自身での座席選択はできかねますのでご了承くださ...",True,,,absent_unverified,,2026-09-27 09:48:30,,,,
f97sogeg0z,,key-to-lit-arena-tour-2026-neo-classics,2026-10-10,17:30,セキスイハイムスーパーアリーナ,electronic,female,同行,ゆ,5.0,,ランダム,2026-09-01 08:14:28,,2026-09-04 19:01:10,,,listing,1,19000,すりかえ有,True,,,absent_unverified,,2026-09-27 09:48:30,,,,
yf2axzmks7,1784805427349,key-to-lit-arena-tour-2026-neo-classics,2026-10-03,18:00,マリンメッセ福岡 A館,electronic,female,同行,k,4.8,,番手,2026-07-23 11:17:07,,2026-09-04 18:01:17,2026-09-04 14:01:10,transition_observed,sold,1,30000,"2名義中3番手/単番×1 連番×1/すり替えなし/初期当選/該当×1非該当×1/サイチェン可

・集合時間と場所は公演前日までにお知らせいたします。時間厳守でお...",True,,,,,,,,,
b9xoly4o42,,key-to-lit-arena-tour-2026-neo-classics,2026-10-03,18:00,マリンメッセ福岡 A館,electronic,female,同行,aaa,5.0,,番手同行,2026-08-18 11:32:50,,2026-09-04 19:01:10,2026-09-04 19:01:10,transition_observed,sold,2,30000,"5名義中5番手/FC先行初期当選/該当名義/下3桁提示可能/有効期限内/本確対応不可

【お取引成立後はプライベートモードへ移行させていただくので、ご購入前に必...",True,,,,,,,,,
gvqnx94hti,,key-to-lit-arena-tour-2026-neo-classics,2026-10-03,18:00,マリンメッセ福岡 A館,electronic,female,公演3日前にログイン情報を提示いたします。,h,5.0,,QR,2026-07-27 12:34:36,,2026-09-04 19:01:10,,,listing,2,59000,QR毎/初期当選/該当名義/変更ボタンあり/有効期限内,True,,,absent_unverified,,2026-09-27 09:48:30,,,,
sl8l51wpbj,,key-to-lit-arena-tour-2026-neo-classics,2026-10-03,18:00,マリンメッセ福岡 A館,electronic,female,同時入場,ひ,5.0,,番手,2026-08-07 14:35:15,,2026-09-04 19:01:10,,,listing,2,35000,"2名義中2番手/FC先行初期当選/該当名義/下3桁提示可能/有効期限内/本確対応不可

【お取引成立後はプライベートモードへ移行させていただくので、ご購入前に必...",True,,,absent_unverified,,2026-09-27 09:48:30,,,,
vr66jskxy1,,key-to-lit-arena-tour-2026-neo-classics,2026-10-03,18:00,マリンメッセ福岡 A館,electronic,female,同行,S,5.0,,番手,2026-08-18 02:59:34,,2026-09-04 19:01:10,,,listing,2,35000,"4名義中3番手/該当/下3桁提示可/有効期限内/すり替えなし

公演日開場30分前後集合予定
詳しい待ち合わせ時間、場所等は前日までにこちらからマイページの連絡...",True,,,absent_unverified,,2026-09-27 09:48:30,,,,
glzzaovijv,,key-to-lit-arena-tour-2026-neo-classics,2026-10-03,18:00,マリンメッセ福岡 A館,electronic,female,同行,aaa,5.0,,同行番手,2026-08-18 11:35:34,,2026-09-04 19:01:10,,,listing,2,40000,"5名義中4番手/FC先行初期当選/該当名義/下3桁提示可能/有効期限内/本確対応不可

【お取引成立後はプライベートモードへ移行させていただくので、ご購入前に必...",True,,,absent_unverified,,2026-09-27 09:48:30,,,,
sx27wpfw8l,,key-to-lit-arena-tour-2026-neo-classics,2026-10-03,18:00,マリンメッセ福岡 A館,electronic,female,同行,T,5.0,,同行番手,2026-05-29 09:40:38,,2026-09-04 19:01:10,2026-09-04 19:01:10,transition_observed,sold,2,45000,"5名義中3番手/初期当選/有効期限内/すり替えなし/下3桁提示可/着ブロ希望なし/座席未定

5名義中3番手

ご購入の方はプラベル出品いたしますのでお声がけ下...",True,,,,,,,,,
hogrqxp731,,key-to-lit-arena-tour-2026-neo-classics,2026-10-03,18:00,マリンメッセ福岡 A館,electronic,female,同行,T,5.0,,同行番手,2026-05-29 09:39:42,,2026-09-04 19:01:10,,,listing,2,37000,"5名義中4番手/初期当選/有効期限内/すり替えなし/下3桁提示可/着ブロ希望なし/座席未定

5名義中4番手

ご購入の方はプラベル出品いたしますのでお声がけ下...",True,,,absent_unverified,,2026-09-27 09:48:30,,,,
fbva9zk68x,,key-to-lit-arena-tour-2026-neo-classics,2026-10-03,18:00,マリンメッセ福岡 A館,electronic,female,公演当日QRコード共有,くりた,5.0,,QR,2026-08-19 18:44:47,,2026-09-04 19:01:10,,,listing,2,65000,"QRごと / すり替え重複なし / FC有効期限内
下3桁提示可 / 同行者登録可能

公演当日、ログインに必要な情報をお伝えします。

公演が中止となった場合...",True,,,absent_unverified,,2026-09-27 09:48:30,,,,
n1gbst7ond,,key-to-lit-arena-tour-2026-neo-classics,2026-10-03,18:00,マリンメッセ福岡 A館,electronic,female,同行,ゆ,5.0,,番手,2026-06-25 09:07:10,,2026-09-04 19:01:10,2026-09-04 19:01:10,transition_observed,sold,2,40000,"2名義中2番手　即5
両方とも該当(変ボあり)/初期当選/下3桁提示可/有効会員

開場時間の30分前までに会場付近でお集まりいただき、同時入場いたします。
遅...",True,,,,,,,,,
jd6rypbg4d,,key-to-lit-arena-tour-2026-neo-classics,2026-10-03,18:00,マリンメッセ福岡 A館,electronic,female,同行,め,5.0,,同行,2026-08-17 14:46:54,,2026-09-04 19:01:10,2026-09-04 19:01:10,transition_observed,sold,1,65000,"2名義中1番手同行
初期当選/該当名義/すり替えなし/下3桁提示可
プラベ出品に切り替え可能な方はご連絡頂けましたらお値下げさせて頂きます。

・会場付近にて開...",True,,,,,,,,,
gafmjhe8h9,,key-to-lit-arena-tour-2026-neo-classics,2026-10-03,18:00,マリンメッセ福岡 A館,electronic,female,公演日前日にログイン情報共有,みず,5.0,,QR,2026-08-22 11:41:49,,2026-09-04 19:01:10,,,listing,2,55000,"初期当選/期限内/下3桁提示可/すり替えなし

公演中止の際は手数料などを差し引いた金額をお返しいたします。また公演中止以外のいかなる理由がございましてもキャン...",True,,,absent_unverified,,2026-09-27 09:48:30,,,,
253k2xe1k9,,key-to-lit-arena-tour-2026-neo-classics,2026-10-03,18:00,マリンメッセ福岡 A館,electronic,female,同行,あ,5.0,,番手,2026-08-17 07:33:32,,2026-09-04 19:01:10,2026-09-04 19:01:10,transition_observed,sold,2,30000,"すり替えなし2名義中2番手
該当エラー等なし
変更ボタン有 有効期限内 下3桁提示可能


開場30分前目安に集合して頂きます。
同時入場後 チケットを選ぶ際に...",True,,,,,,,,,
urx6rkz31s,,key-to-lit-arena-tour-2026-neo-classics,2026-10-03,18:00,マリンメッセ福岡 A館,paper,female,当日手渡し,m,5.0,,ランダム,2026-08-11 12:48:31,,2026-09-04 19:01:10,,,listing,1,7999,"管理の関係でプライベート出品させていただきたいので購入希望の方はコメントお願いします。
ランダム配布を理解されている日本語の通じる女性の方のみご購入お願いいたし...",True,,,absent_unverified,,2026-09-27 09:48:30,,,,
rptmzzklew,,key-to-lit-arena-tour-2026-neo-classics,2026-10-03,18:00,マリンメッセ福岡 A館,electronic,female,同行,T,5.0,,同行番手,2026-05-29 09:42:48,,2026-09-04 19:01:10,,,listing,2,0,"5名義中2番手/初期当選/有効期限内/すり替えなし/下3桁提示可/着ブロ希望なし/座席未定

5名義中2番手

ご購入の方はプライベート出品いたしますのでお声が...",True,,,absent_unverified,,2026-09-27 09:48:30,,,,
9p14sma55e,,key-to-lit-arena-tour-2026-neo-classics,2026-10-03,18:00,マリンメッセ福岡 A館,electronic,female,同行,a,5.0,,同行番手,2026-08-17 23:13:30,,2026-09-04 19:01:10,2026-09-04 19:01:10,transition_observed,sold,1,50000,"2名義中1番手同行
該当名義/有効期限内/変更ボタン有/すり替えなし/下3桁提示可/井上担不可

当日指定した時間に集合し、同時入場をしていただきます。
事前に...",True,,,,,,,,,
rivdkksis1,,key-to-lit-arena-tour-2026-neo-classics,2026-10-03,18:00,マリンメッセ福岡 A館,electronic,female,5名義中5番手,ねこ,5.0,,番手,2026-06-30 16:57:42,,2026-09-04 19:01:10,2026-09-04 19:01:10,transition_observed,sold,2,25000,"✨5名義中5番手✨
全て初期当選/変更ボタンあり/該当名義/すり替えなし/下3桁提示可/有効期限内/同行者登録可

開場時間の45分前頃に会場付近にて待ち合わせ...",True,,,,,,,,,
970bb4m02u,,key-to-lit-arena-tour-2026-neo-classics,2026-10-03,18:00,マリンメッセ福岡 A館,electronic,female,同行,aaa,5.0,,ランダム,2026-08-18 11:41:04,,2026-09-04 19:01:10,2026-09-04 19:01:10,transition_observed,sold,2,19000,"【ランダム配布にご理解ある方のみご購入お願い致します】
同時入場後、ランダムでチケットをお渡しさせて頂きます。
ご自身での座席選択はできかねますのでご了承くださ...",True,,,,,,,,,
kzeitgyvh4,,key-to-lit-arena-tour-2026-neo-classics,2026-10-03,18:00,マリンメッセ福岡 A館,electronic,female,同行,T,5.0,,同行番手,2026-08-20 09:49:49,,2026-09-04 19:01:10,2026-09-04 19:01:10,transition_observed,sold,1,28000,"5名義中5番手/初期当選/有効期限内/すり替えなし/下3桁提示可/着ブロ希望なし/座席未定

5名義中5番手

ご購入の方はプラベル出品いたしますのでお声がけ下...",True,,,,,,,,,
oztljc7z7v,,key-to-lit-arena-tour-2026-neo-classics,2026-10-03,18:00,マリンメッセ福岡 A館,electronic,female,同行,dora,5.0,,ランダム,2026-08-17 11:36:59,,2026-09-04 19:01:10,,,listing,1,15000,"同時入場後、一旦回収させて頂きランダムに配布させて頂きます。座席選択はできませんのでご了承ください。
またランダム配布の為下3桁をお伝えすることはできませんご了...",True,,,absent_unverified,,2026-09-27 09:48:30,,,,
w9w9z07ndt,,key-to-lit-arena-tour-2026-neo-classics,2026-10-03,18:00,マリンメッセ福岡 A館,electronic,female,同行,m,5.0,,,2026-05-31 02:31:20,,2026-09-04 19:01:10,2026-09-04 19:01:10,transition_observed,sold,2,37000,"4名義中3番手/全て該当/下3桁提示可能/すり替えなし

開場30分前に集合し同時入場致します。入場後チケットを回収し3番目に席を選択できます。
座席確認をさせ...",True,,,,,,,,,
wug3ddaat9,,key-to-lit-arena-tour-2026-neo-classics,2026-10-03,18:00,マリンメッセ福岡 A館,electronic,female,番手でのお渡し,tpjm,5.0,,QR番手,2026-08-20 03:38:53,,2026-09-04 19:01:10,2026-09-04 19:01:10,transition_observed,sold,1,38000,"開場時間10分前に集合し、同時入場をお願いします。チケットは単番と連番含む4名義中3番手となります。（5枚中4枚目、全て非該当）
また、公演中止以外の理由（ラン...",True,,,,,,,,,
n8bes8gnbp,,key-to-lit-arena-tour-2026-neo-classics,2026-10-04,12:30,マリンメッセ福岡 A館,electronic,male,手渡し,さとう,5.0,,番手,2026-06-18 14:04:26,,2026-09-04 19:01:10,2026-09-04 19:01:10,transition_observed,sold,2,45000,"お譲り決定後プラベ出品にて購入をお願いしておりますので購入の際は、コメントください。

FC初期当選/該当名義/下3桁提示可能

2名義中2番手でのお渡しです。...",True,,,,,,,,,
9s7euo3nl3,,key-to-lit-arena-tour-2026-neo-classics,2026-10-04,12:30,マリンメッセ福岡 A館,electronic,female,同行,dora,5.0,,ランダム番手,2026-08-18 13:52:32,,2026-09-04 19:01:10,,,listing,1,40000,"２名義中２番手 有効期限内 該当名義(変更ボタン有) 重複すり替え無し 会員番号下３桁提示可 

・公演当日、会場10分前頃待ち合わせし、同時入場していただきま...",True,,,absent_unverified,,2026-09-27 09:48:30,,,,
ld9xwqucfm,,key-to-lit-arena-tour-2026-neo-classics,2026-10-04,12:30,マリンメッセ福岡 A館,electronic,female,同行,M T,5.0,,同行,2026-05-29 04:00:49,,2026-09-04 19:01:10,2026-09-04 19:01:10,transition_observed,sold,1,0,最高4.0 初期当選/重複なし同行/すり替えなし/本確対応可/同行者登録可/金額、担当明記の上ご連絡ください。,True,,,,,,,,,
70ictbufre,,key-to-lit-arena-tour-2026-neo-classics,2026-10-04,12:30,マリンメッセ福岡 A館,electronic,female,同行,ma,5.0,,同行記載あり,2026-07-12 20:42:42,,2026-09-04 19:01:10,2026-09-04 19:01:10,transition_observed,sold,1,40000,"情報局先行/該当名義/初期当選/期限内名義/本確対応可/同行者登録可/すり替えなし/下3桁提示可能/戻り無し


中村担との同行になります。同時入場していただき...",True,,,,,,,,,
6jqfwcegow,,key-to-lit-arena-tour-2026-neo-classics,2026-10-04,12:30,マリンメッセ福岡 A館,paper,none,座席未定　条件あり　ランダム配布,r,5.0,,ランダム,2026-07-15 15:08:05,,2026-09-04 19:01:10,2026-09-04 19:01:10,transition_observed,sold,1,17000,"複数名義所持しているため、同時入場後に1度チケットを回収させていただき、当方が座席選択後にランダムに配布します。

チケットの選択にお時間をいただきますのであら...",True,,,,,,,,,
0hxleyech4,,key-to-lit-arena-tour-2026-neo-classics,2026-10-04,12:30,マリンメッセ福岡 A館,paper,female,当日手渡し,m,5.0,,ランダム,2026-08-11 12:49:26,,2026-09-04 19:01:10,,,listing,1,17999,"管理の関係でプライベート出品させていただきたいので購入希望の方はコメントお願いします。
1名義のみランダム配布。直ぐお渡しの可能性もございます。ランダム配布を理...",True,,,absent_unverified,,2026-09-27 09:48:30,,,,
dq0432j7at,,key-to-lit-arena-tour-2026-neo-classics,2026-10-04,12:30,マリンメッセ福岡 A館,electronic,female,公演日前日にログイン情報を共有,あ,5.0,,QR,2026-08-20 13:47:28,,2026-09-04 19:01:10,,,listing,2,55000,"QRごと/非該当名義/初期当選/有効期限内/会員番号下3桁提示可能/着ブロ希望なし

同行者登録は買い手様ご自身でお願いします。
名義を傷つける行為はお辞めくだ...",True,,,absent_unverified,,2026-09-27 09:48:30,,,,
7wy7kjry47,,key-to-lit-arena-tour-2026-neo-classics,2026-10-04,12:30,マリンメッセ福岡 A館,electronic,female,公演3日前にログイン情報をお伝えします。,h,5.0,,QR,2026-07-27 12:35:23,,2026-09-04 19:01:10,,,listing,2,59000,QR毎/初期当選/該当名義/変更ボタンあり/有効期限内,True,,,absent_unverified,,2026-09-27 09:48:30,,,,
6bmfij8ixu,,key-to-lit-arena-tour-2026-neo-classics,2026-10-04,12:30,マリンメッセ福岡 A館,electronic,female,番手,め,5.0,,番手,2026-08-21 01:53:28,,2026-09-04 19:01:10,2026-09-04 19:01:10,transition_observed,sold,2,41000,"初期当選/3名義中3番手/すり替えなし/下3桁提示可能/該当名義/着ブロ希望なし/有効期限内

※ご購入希望の場合は特別出品対応致しますのでご連絡下さい。

公...",True,,,,,,,,,
5twuoewmki,,key-to-lit-arena-tour-2026-neo-classics,2026-10-04,17:30,マリンメッセ福岡 A館,electronic,female,同行,mm,5.0,,ランダム記載あり,2026-07-16 09:29:14,,2026-09-04 19:01:10,,,listing,1,20000,"すり替えなしランダム配布 下3桁提示可 条件あり 座席未定 座席選択不可 代理購入不可 

 すり替えなしランダム配布になりますので最後までご理解いただきご購入...",True,,,absent_unverified,,2026-09-27 09:48:30,,,,
26rmme6e96,,key-to-lit-arena-tour-2026-neo-classics,2026-10-04,17:30,マリンメッセ福岡 A館,electronic,female,2名義中2番手,ゆ,5.0,,番手,2026-07-20 13:03:22,,2026-09-04 19:01:10,,,listing,2,0,"即4/2名義中2番手/初期当選/該当名義/有効期限内/すり替えなし/下3桁提示可/座席未定/１名のみ同行者登録可

公演当日、当方が指定する時間と場所に集合して...",True,,,absent_unverified,,2026-09-27 09:48:30,,,,
7ces69360q,,key-to-lit-arena-tour-2026-neo-classics,2026-10-04,17:30,マリンメッセ福岡 A館,electronic,female,3名義中3番手,う,5.0,,ランダム記載あり,2026-08-08 08:45:39,,2026-09-04 19:01:10,2026-09-04 19:01:10,transition_observed,sold,2,29000,"初期当選/有効期限内/すり替えなし/下3桁提示可

・当日はこちらが指定した時間(開場10分前頃予定)に会場付近の指定場所に集合して頂きます。集合時間前後する可...",True,,,,,,,,,
m6eg0pj9au,,key-to-lit-arena-tour-2026-neo-classics,2026-10-04,17:30,マリンメッセ福岡 A館,electronic,female,同時入場,ひ,5.0,,番手,2026-08-07 14:29:16,,2026-09-04 19:01:10,2026-09-04 19:01:10,transition_observed,sold,2,35000,"2名義中2番手/FC先行初期当選/該当名義/下3桁提示可能/有効期限内/本確対応不可

【お取引成立後はプライベートモードへ移行させていただくので、ご購入前に必...",True,,,,,,,,,
ii7jp6h2zm,,key-to-lit-arena-tour-2026-neo-classics,2026-10-04,17:30,マリンメッセ福岡 A館,electronic,female,公演前日にログイン情報をお伝えいたします。,あ,5.0,,QR,2026-08-09 09:55:40,,2026-09-04 19:01:10,,,listing,2,0,"QR毎/すり替え無し/下3桁提示可/初期当選/有効期限内/該当名義（変更ボタン有）同一クレカ無し/着ブロ希望無し

公演前日にログイン情報を連絡ボードにてお伝え...",True,,,absent_unverified,,2026-09-27 09:48:30,,,,
k9h370g4k1,,key-to-lit-arena-tour-2026-neo-classics,2026-10-04,17:30,マリンメッセ福岡 A館,paper,female,当日手渡し,m,5.0,,ランダム,2026-05-31 18:48:12,,2026-09-04 19:01:10,,,listing,1,9999,"ランダム配布を理解されている日本語の通じる女性の方のみご購入お願いいたします。代理購入不可。
同時に入場しチケット発券後1度解散しこちらで席を選び開演前迄にチケ...",True,,,absent_unverified,,2026-09-27 09:48:30,,,,
q8fc13iwnt,,key-to-lit-arena-tour-2026-neo-classics,2026-10-04,17:30,マリンメッセ福岡 A館,electronic,female,同行,m,5.0,,ランダム記載あり,2026-08-19 05:14:50,,2026-09-04 19:01:10,,,listing,1,30000,"2名義中2番手/初期当選/該当名義/すり替えなし/公演日3日前までに下3桁提示可/有効期限内/本確対応不可

1.0通し、2.0手渡しできる方優先します。
お取...",True,,,absent_unverified,,2026-09-27 09:48:30,,,,
5aklovxci6,,key-to-lit-arena-tour-2026-neo-classics,2026-10-04,17:30,マリンメッセ福岡 A館,electronic,female,公演日7日前までにQRコード共有,るー,5.0,,QR,2026-07-26 08:14:33,,2026-09-04 19:01:10,,,listing,2,0,"QR毎2連/下3桁提示可能

公演中止以外（当日の体調不良や遅刻、本人確認やランダムエラーなどの場合）は必ず受け取り連絡して頂きますのでご了承ください。
代理購...",True,,,absent_unverified,,2026-09-27 09:48:30,,,,
x731jkhewg,,key-to-lit-arena-tour-2026-neo-classics,2026-10-04,17:30,マリンメッセ福岡 A館,electronic,female,同時入場,m,5.0,,番手,2026-08-20 12:17:01,,2026-09-04 19:01:10,,,listing,2,30000,"2名義中2番手/FC先行初期当選/該当名義1非該当名義1/下3桁提示可能/有効期限内/本確対応不可

プラベルで出品させていただきますのでコメントをお願いいたし...",True,,,absent_unverified,,2026-09-27 09:48:30,,,,
js39ymaiz8,,key-to-lit-arena-tour-2026-neo-classics,2026-10-04,17:30,マリンメッセ福岡 A館,electronic,female,番手,a,5.0,,番手,2026-08-10 08:04:30,,2026-09-04 19:01:10,2026-09-04 19:01:10,transition_observed,sold,2,30000,初期×1、復活×1含む 2名義中2番手/すり替え無し/会員番号下3桁提示可/有効期限内/サイチェン不可/公演中止の際には、手数料等を差し引いた金額を返金します...,True,,,,,,,,,
ysjoqinfk3,,key-to-lit-arena-tour-2026-neo-classics,2026-10-04,17:30,マリンメッセ福岡 A館,electronic,female,同行,j🩵,5.0,,番手,2026-08-22 19:57:15,,2026-09-04 19:01:10,2026-09-04 19:01:10,transition_observed,sold,2,37000,"⭐️5名義中4番手⭐️

すべて初期当選/5名義分の下3桁提示可/変更ボタン有り

ランダムエラーや出演者の変更、会場内外での本人確認、交通機関の乱れ等、公演中...",True,,,,,,,,,
nukmwio7tl,,key-to-lit-arena-tour-2026-neo-classics,2026-10-04,17:30,マリンメッセ福岡 A館,electronic,female,前日にログイン情報お伝え,m,5.0,,同行記載あり,2026-08-12 04:42:05,,2026-09-04 19:01:10,2026-09-04 19:01:10,transition_observed,sold,2,50000,"初期当選/QRごと/重複すり替えなし/有効期限内／下3桁提示可能/該当名義/変更ボタンなし
公演前日にログイン情報をお伝え致しますのでご自身で同行者登録を済ませ...",True,,,,,,,,,
5cwv3o1o1a,,key-to-lit-arena-tour-2026-neo-classics,2026-10-04,17:30,マリンメッセ福岡 A館,electronic,female,ランダム又は同行,ねこ,5.0,,ランダム同行,2026-06-27 19:36:43,,2026-09-04 19:01:10,2026-09-04 19:01:10,transition_observed,sold,1,12000,"1名義のみすり替えありランダム配布✨
同時入場 指定席のみ 10分前渡し
中相場買取可能✨
そのままチケットをお渡しする場合もあります✨

ランダム配布をご理解...",True,,,,,,,,,
87dyoyq5em,,key-to-lit-arena-tour-2026-neo-classics,2026-10-09,18:00,セキスイハイムスーパーアリーナ,electronic,female,同行,なる,5.0,,番手,2026-08-23 10:51:13,,2026-09-04 19:01:10,,,listing,2,72000,"すり替えなし4名義中2番手2連
プラベル変更いたします。即以下可能。
・公演当日、開場20分前までに会場付近にて当方が指定した場所にお時間厳守にてお越しいただき...",True,,,absent_unverified,,2026-09-27 09:48:30,,,,
if806avn99,,key-to-lit-arena-tour-2026-neo-classics,2026-10-09,18:00,セキスイハイムスーパーアリーナ,electronic,none,ランダム配布　同時入場,sa,5.0,,ランダム,2026-07-13 14:50:27,,2026-09-04 19:01:10,2026-09-04 19:01:10,transition_observed,sold,2,24000,"公演当日16:30までに会場付近で待ち合わせし、同時入場していただきます。

購入者様は座席をお選びいただけません。
入場後は、発券したチケットを回収した後、一...",True,,,,,,,,,
x17g7k2n3t,,key-to-lit-arena-tour-2026-neo-classics,2026-10-09,18:00,セキスイハイムスーパーアリーナ,electronic,female,当日手渡し,ゆう,5.0,,番手,2026-08-23 10:47:15,,2026-09-04 19:01:10,,,listing,2,55000,"FC初期当選/3名義中3番手/下3桁提示可/該当名義/有効期限内/着ブロ無し/すり替え無し

公演当日、前日にご指定した時間と場所に集合して頂き同時入場致します...",True,,,absent_unverified,,2026-09-27 09:48:30,,,,
yapf32tv5g,,key-to-lit-arena-tour-2026-neo-classics,2026-10-09,18:00,セキスイハイムスーパーアリーナ,electronic,female,同行,®️,4.5,,ランダム同行,2026-07-13 09:16:19,,2026-09-04 19:01:10,2026-09-04 19:01:10,transition_observed,sold,2,20000,"✩2連確約✩少人数ランダム

・公演当日は開場時間30分前集合
(近くなりましたら詳しい場所等はお知らせします)
・開演前までにお渡し
・上乗せで早渡し可/中で...",True,,,,,,,,,
sy2h9snhzt,,key-to-lit-arena-tour-2026-neo-classics,2026-10-09,18:00,セキスイハイムスーパーアリーナ,electronic,female,2名義中2番手,u,5.0,,番手,2026-05-29 04:14:36,,2026-09-04 19:01:10,2026-09-04 19:01:10,transition_observed,sold,2,40000,"FC初期当選/2名義中2番手/下3桁提示可/該当名義/有効期限内/着ブロ無し/すり替え無し/ 変ボあり/エラー歴なし

公演当日、開場時間15分前目安に集合して...",True,,,,,,,,,
36nsv4flj6,,key-to-lit-arena-tour-2026-neo-classics,2026-10-09,18:00,セキスイハイムスーパーアリーナ,electronic,female,同行,ばにら,5.0,,同行,2026-08-17 14:29:14,,2026-09-04 19:01:10,,,listing,1,0,"当方(猪狩担)との同行/初期当選/着ブロ希望なし/該当名義/変更ボタンあり/有効期限内/すり替えなし/会員番号下3桁提示可能/プラベル可

開場時間の15分前く...",True,,,absent_unverified,,2026-09-27 09:48:30,,,,
23c662y1p3,,key-to-lit-arena-tour-2026-neo-classics,2026-10-09,18:00,セキスイハイムスーパーアリーナ,electronic,female,公演前日QRコード共有,抹茶,5.0,,QR,2026-07-26 20:28:30,,2026-09-04 19:01:10,2026-09-04 19:01:10,transition_observed,sold,1,0,"単番QRごと/初期当選/該当名義(変更ボタン有)/有効期限内/着ブロ希望なし

・公演前日までにログインに必要な情報をお伝えいたします。
・入場後は速やかにログ...",True,,,,,,,,,
3bt0209hwr,,key-to-lit-arena-tour-2026-neo-classics,2026-10-09,18:00,セキスイハイムスーパーアリーナ,electronic,female,同行,mm,5.0,,ランダム,2026-05-29 17:01:34,,2026-09-04 19:01:10,2026-09-04 19:01:10,transition_observed,sold,1,18000,"座席未定 ランダム配布 条件あり 座席選択不可 代理購入不可 

 ランダム配布になりますので最後までご理解いただきご購入ください。  

・複数名義所持してお...",True,,,,,,,,,
z16k9hkhm1,,key-to-lit-arena-tour-2026-neo-classics,2026-10-09,18:00,セキスイハイムスーパーアリーナ,electronic,female,同行,®️,4.5,,同行番手,2026-07-13 09:14:41,,2026-09-04 19:01:10,2026-09-04 19:01:10,transition_observed,sold,1,25000,"✩すり替えなし2連✩下位番手
入場後すぐお渡し


・公演当日は開場時間30分前集合
(近くなりましたら詳しい場所等はお知らせします)
・座席確認後すぐのお渡し...",True,,,,,,,,,
wnm6npm8y3,,key-to-lit-arena-tour-2026-neo-classics,2026-10-09,18:00,セキスイハイムスーパーアリーナ,electronic,female,同行,mm,5.0,,ランダム,2026-05-29 17:02:19,,2026-09-04 19:01:10,,,listing,1,16000,"座席未定 ランダム配布 条件あり 座席選択不可 代理購入不可 

 ランダム配布になりますので最後までご理解いただきご購入ください。  

・複数名義所持してお...",True,,,absent_unverified,,2026-09-27 09:48:30,,,,
belwqdf79j,,key-to-lit-arena-tour-2026-neo-classics,2026-10-09,18:00,セキスイハイムスーパーアリーナ,electronic,female,当日手渡し,Yyy,4.7,,番手,2026-06-05 00:09:41,,2026-09-04 19:01:10,,,listing,2,70000,"3名義中2番手
該当名義/変更ボタンあり/初期当選/着ブロ希望なし / 下3桁提示可能/すり替えなし

公演当日、こちらが指定した時間に会場付近にて待ち合わせの...",True,,,absent_unverified,,2026-09-27 09:48:30,,,,
y0qlq1rkoy,,key-to-lit-arena-tour-2026-neo-classics,2026-10-10,12:30,セキスイハイムスーパーアリーナ,electronic,none,ランダム配布(集合少人数),p,5.0,,ランダム,2026-08-17 22:01:57,,2026-09-04 19:01:10,,,listing,1,20000,"【必ず下記全てお読みいただきご理解いただけた方のみご購入下さい】
【即決取引ですが、購入前コメント必須。こちらの返信を受け取ってから購入して下さい】
【購入され...",True,,,absent_unverified,,2026-09-27 09:48:30,,,,
a9v3xmyaqs,,key-to-lit-arena-tour-2026-neo-classics,2026-10-10,12:30,セキスイハイムスーパーアリーナ,electronic,female,同行,あ,5.0,,番手,2026-05-30 03:05:56,,2026-09-04 19:01:10,,,listing,2,70000,"4名義中2番手、下3桁提示可能、全て該当有効期限内
⭐️公演当日は会場付近で待ち合わせをし、同時入場していただきます。
⭐️詳しい待ち合わせ時間や場所等はお取引...",True,,,absent_unverified,,2026-09-27 09:48:30,,,,
hkk3wrkcsq,,key-to-lit-arena-tour-2026-neo-classics,2026-10-10,12:30,セキスイハイムスーパーアリーナ,electronic,female,4名義中2番手,れの,5.0,,番手,2026-08-08 09:17:05,,2026-09-04 19:01:10,,,listing,2,75000,4名義中2番手/初期当選/すべて該当名義/すり替えなし/下3桁提示可/有効期限内 / 発送物戻りなし/着ブロ希望なし/Pay-easy入金/サイチェン可/変更ボ...,True,,,absent_unverified,,2026-09-27 09:48:30,,,,
mpnm63ba0d,,key-to-lit-arena-tour-2026-neo-classics,2026-10-10,12:30,セキスイハイムスーパーアリーナ,electronic,female,ランダム配布,lt,5.0,,ランダム,2026-08-03 06:55:06,,2026-09-04 19:01:10,,,listing,2,45000,【エラーで入場できなかった場合のみ返金します。】当日会場付近にて開場時間の20分前までにお待ち合わせ予定になります。【2枚でご購入された場合は必ず2連でチケット...,True,,,absent_unverified,,2026-09-27 09:48:30,,,,
oub5fdwujm,,key-to-lit-arena-tour-2026-neo-classics,2026-10-10,12:30,セキスイハイムスーパーアリーナ,electronic,female,同行,mm,5.0,,ランダム,2026-05-29 17:05:13,,2026-09-04 19:01:10,,,listing,1,18000,"座席未定 ランダム配布 条件あり 座席選択不可 代理購入不可 

 ランダム配布になりますので最後までご理解いただきご購入ください。  

・複数名義所持してお...",True,,,absent_unverified,,2026-09-27 09:48:30,,,,
1yphgieivj,,key-to-lit-arena-tour-2026-neo-classics,2026-10-10,12:30,セキスイハイムスーパーアリーナ,electronic,female,公演前日QRコード共有,J,5.0,,QR,2026-08-20 03:31:51,,2026-09-04 19:01:10,,,listing,2,65000,"初期当選/QR毎/有効期限内/Pay-easy決済/重複すり替えなし/着ブロ希望なし/購入後下3桁提示可

プラベルもしくはプライベート出品に切り替えのため、購...",True,,,absent_unverified,,2026-09-27 09:48:30,,,,
bk5y2136gx,,key-to-lit-arena-tour-2026-neo-classics,2026-10-10,12:30,セキスイハイムスーパーアリーナ,electronic,female,QRごと,어,5.0,,QR,2026-07-07 02:30:10,,2026-09-04 19:01:10,,,listing,2,70000,"情報局先行 該当名義(変更ボタン有り) 
初期当選 有効期限内コンビニ決済 
重複すり替えなし 同行者登録可
入金後下3桁提示可 着ブロなし
郵送物戻り 過去エ...",True,,,absent_unverified,,2026-09-27 09:48:30,,,,
stmgm41bun,,key-to-lit-arena-tour-2026-neo-classics,2026-10-10,12:30,セキスイハイムスーパーアリーナ,electronic,female,同行,れ,5.0,,番手,2026-08-19 02:35:21,,2026-09-04 19:01:10,2026-09-04 19:01:10,transition_observed,sold,2,50000,"FC先行/初期当選/すり替えなし/期限内/4名義中4番手/下3桁提示可

プラベル出品に切り替えます。
プラベル分からない方ご遠慮ください
公演当日は会場付近に...",True,,,,,,,,,
asj1wnolke,,key-to-lit-arena-tour-2026-neo-classics,2026-10-10,12:30,セキスイハイムスーパーアリーナ,electronic,female,QRごと,어,5.0,,QR,2026-07-07 02:29:37,,2026-09-04 19:01:10,,,listing,2,65000,"情報局先行 該当名義(変更ボタン有り) 
初期当選 有効期限内コンビニ決済 
重複すり替えなし 同行者登録可
入金後下3桁提示可 着ブロなし
郵送物戻り 過去エ...",True,,,absent_unverified,,2026-09-27 09:48:30,,,,
4d493xj3y3,,key-to-lit-arena-tour-2026-neo-classics,2026-10-10,12:30,セキスイハイムスーパーアリーナ,electronic,female,公演前日にQRコード共有,☺︎⭐︎☺︎,5.0,,QR,2026-07-19 09:12:37,,2026-09-04 19:01:10,,,listing,2,69000,"情報局先行　初期当選　非該当　有効期限内
前日にログインに必要な情報を、お伝え致します。同行者登録・同意チェック、ご自身で行っていただきますのでお願い致します。...",True,,,absent_unverified,,2026-09-27 09:48:30,,,,
wua0ppd6b8,,key-to-lit-arena-tour-2026-neo-classics,2026-10-10,12:30,セキスイハイムスーパーアリーナ,electronic,female,同行,mm,5.0,,ランダム,2026-05-29 17:04:26,,2026-09-04 19:01:10,2026-09-04 19:01:10,transition_observed,sold,1,18000,"座席未定 ランダム配布 条件あり 座席選択不可 代理購入不可 

 ランダム配布になりますので最後までご理解いただきご購入ください。  

・複数名義所持してお...",True,,,,,,,,,
xpp74v6zp1,,key-to-lit-arena-tour-2026-neo-classics,2026-10-10,12:30,セキスイハイムスーパーアリーナ,electronic,female,入金後3時間以内にQRコード共有,ユカ,5.0,,QR,2026-08-23 13:33:35,,2026-09-04 19:01:10,,,listing,2,60000,"情報局先行 KEY TO LIT 井上瑞稀名義 初期当選 指定席 2枚申し込み QRごとのお譲り 条件ございません 座席未定

情報局先行 ２枚申込みでの当選し...",True,,,absent_unverified,,2026-09-27 09:48:30,,,,
ap6cpwr2yd,,key-to-lit-arena-tour-2026-neo-classics,2026-10-10,12:30,セキスイハイムスーパーアリーナ,electronic,female,公演日2日前までにQRコード共有,m,4.9,,QR,2026-08-13 10:19:23,,2026-09-04 19:01:10,,,listing,2,62000,"QR毎/情報局先行/該当名義(変更ボタンあり)/初期当選/有効期限内/すり替えなし下3桁提示可/同行者登録可/過去エラーなし

公演2～3日前にログイン情報をお...",True,,,absent_unverified,,2026-09-27 09:48:30,,,,
9jqn22oedf,,key-to-lit-arena-tour-2026-neo-classics,2026-10-10,17:30,セキスイハイムスーパーアリーナ,paper,female,当日手渡し,m,5.0,,ランダム,2026-08-13 11:19:56,,2026-09-04 19:01:10,,,listing,1,17999,"管理の関係でプライベート出品させていただきたいので購入希望の方はコメントお願いします。
ランダム配布を理解されている日本語の通じる女性の方のみご購入お願いいたし...",True,,,absent_unverified,,2026-09-27 09:48:30,,,,
4vckrhzo1i,,key-to-lit-arena-tour-2026-neo-classics,2026-10-10,17:30,セキスイハイムスーパーアリーナ,electronic,female,公演日前日にQRコード共有,a,5.0,,QR,2026-08-18 11:49:01,,2026-09-04 19:01:10,,,listing,2,64980,"QRごとのお譲り

初期当選/ 有効期限内/該当名義(変更ボタン有)/着ブロ選択なし/座席未定/過去エラー歴なし

ご申請後プラベルにて専用出品いたします。
値...",True,,,absent_unverified,,2026-09-27 09:48:30,,,,
akaf1g7o3e,1786178642053,key-to-lit-arena-tour-2026-neo-classics,2026-10-10,17:30,セキスイハイムスーパーアリーナ,electronic,female,2名義中2番手,う,5.0,,ランダム記載あり,2026-08-08 08:44:02,,2026-09-04 18:01:17,,,deleted,1,55000,"⚠️プラベル移行のためリクエストください⚠️ 2名義中2番手/該当名義のみ/初期当選/有効期限内/すり替えなし/下3桁提示可

・当日はこちらが指定した時間(開...",True,,,,,,,,,
4f8p9u95i5,,key-to-lit-arena-tour-2026-neo-classics,2026-10-10,17:30,セキスイハイムスーパーアリーナ,electronic,female,公演日前日にログイン情報共有,m,5.0,,QR,2026-06-15 13:45:15,,2026-09-04 19:01:10,,,listing,1,80000,"単番QRごと/該当名義(変更ボタン有)/初期当選/有効期限内/購入後下3桁提示可能/発送物戻りなし/着ブロ希望なし/Pay-easy決済

・公演前日までにログ...",True,,,absent_unverified,,2026-09-27 09:48:30,,,,
vyt5l7bd5s,,key-to-lit-arena-tour-2026-neo-classics,2026-10-10,17:30,セキスイハイムスーパーアリーナ,electronic,female,公演日前日までにQRコード共有,ｙｎ★,5.0,,QR,2026-05-29 07:03:00,,2026-09-04 19:01:10,,,listing,2,130000,"座席未定/初期当選/重複、すり替えなし/QR毎のお譲り/有効期間内名義/Pay-easy支払い済み/公演日2〜3日前発送予定

※下三桁提示可能

公演日前日ま...",True,,,absent_unverified,,2026-09-27 09:48:30,,,,
xc242ap7uk,,key-to-lit-arena-tour-2026-neo-classics,2026-10-10,17:30,セキスイハイムスーパーアリーナ,electronic,female,公演日2日前までにQRコード共有,m,4.9,,QR,2026-08-16 13:49:34,,2026-09-04 19:01:10,,,listing,2,67000,"QR毎/情報局先行/該当名義(変更ボタンあり)/初期当選/有効期限内/すり替えなし下3桁提示可/同行者登録可/過去エラーなし

公演2～3日前にログイン情報をお...",True,,,absent_unverified,,2026-09-27 09:48:30,,,,
tpz6m1hmar,,key-to-lit-arena-tour-2026-neo-classics,2026-10-10,17:30,セキスイハイムスーパーアリーナ,electronic,none,2名義中2番手 同時入場,みれ,5.0,,番手,2026-08-16 09:53:08,,2026-09-04 19:01:10,,,listing,2,60000,"
2名義中2番手／該当初期当選×2／すり替え無し、全名義分下3桁提示可／全名義有効期限内
プライベート出品にしますので、購入希望の方は一度ご連絡ください。

・...",True,,,absent_unverified,,2026-09-27 09:48:30,,,,
3clcqu0u9t,,key-to-lit-arena-tour-2026-neo-classics,2026-10-10,17:30,セキスイハイムスーパーアリーナ,electronic,female,同行,co,5.0,,番手同行,2026-06-30 05:33:26,,2026-09-04 19:01:10,2026-09-04 19:01:10,transition_observed,sold,2,60000,"2名義中2番手/初期当選/該当×1.非該当(着ブロ希望)×1/変更ボタンあり/有効期限内/すり替えなし/会員番号下3桁提示可能

開場時間頃、入場口付近でお待ち...",True,,,,,,,,,
fxysn55xb1,,key-to-lit-arena-tour-2026-neo-classics,2026-10-10,17:30,セキスイハイムスーパーアリーナ,electronic,female,同行,mm,5.0,,ランダム,2026-05-29 17:07:12,,2026-09-04 19:01:10,2026-09-04 19:01:10,transition_observed,sold,1,18000,"座席未定 ランダム配布 条件あり 座席選択不可 代理購入不可 

 ランダム配布になりますので最後までご理解いただきご購入ください。  

・複数名義所持してお...",True,,,,,,,,,
1xl1ipa432,,key-to-lit-arena-tour-2026-neo-classics,2026-10-10,17:30,セキスイハイムスーパーアリーナ,electronic,female,公演日1日前までにQRコード共有,su,4.9,,QR,2026-08-22 18:38:33,,2026-09-04 19:01:10,2026-09-04 19:01:10,transition_observed,sold,2,70000,2連 QRごとのお譲り、初期当選、複数当選なし、該当名義有効期限内変更ボタンあり着ブロ希望なし。発送物戻りなし。ペイジー決済。日本人以外の方は購入を御遠慮くださ...,True,,,,,,,,,
zs42pu7kk2,,key-to-lit-arena-tour-2026-neo-classics,2026-10-10,17:30,セキスイハイムスーパーアリーナ,electronic,female,公演日前日にログイン情報共有,あ,4.9,,QR,2026-05-29 04:18:29,,2026-09-04 19:01:10,,,listing,2,100000,"QRごと/該当名義/変更ボタンあり/初期当選/有効期限内/下3桁提示可能/発送物戻りなし/すりかえなし/着ブロ希望なし/Pay-easy決済

・公演前日までに...",True,,,absent_unverified,,2026-09-27 09:48:30,,,,
ipoydbjio7,,key-to-lit-arena-tour-2026-neo-classics,2026-10-10,17:30,セキスイハイムスーパーアリーナ,electronic,female,5名義中4番手,ねこ,5.0,,番手,2026-07-15 16:45:17,,2026-09-04 19:01:10,2026-09-04 19:01:10,transition_observed,sold,2,50000,"✨5名義中4番手✨
全て初期当選/変更ボタンあり/該当名義/すり替えなし/下3桁提示可/有効期限内/同行者登録可

開場時間の45分前頃に会場付近にて待ち合わせ...",True,,,,,,,,,
h7pin9g24t,,key-to-lit-arena-tour-2026-neo-classics,2026-10-10,17:30,セキスイハイムスーパーアリーナ,electronic,female,公演前夜にログイン情報お伝えいたします,:),5.0,,QR,2026-08-17 11:31:49,,2026-09-04 19:01:10,,,listing,2,90000,"座席未定/該当名義(変更ボタン有)/初期当選/1本釣り/重複・すり替えなし/QRごと/有効期間内/発送物戻りなし/同一クレカ払いなし/下三桁提示可
公演日前日に...",True,,,absent_unverified,,2026-09-27 09:48:30,,,,
l73usjsyz1,,key-to-lit-arena-tour-2026-neo-classics,2026-10-10,17:30,セキスイハイムスーパーアリーナ,paper,female,2名義中2番手,り,5.0,,番手,2026-08-21 10:37:12,,2026-09-04 19:01:10,2026-09-04 19:01:10,transition_observed,sold,2,60000,"2名義中2番手/初期当選/該当名義/すり替えなし/有効期限内/下3桁提示可

【必ず下記全てお読みいただきご理解いただけた方のみご購入下さい】

・開場時間の1...",True,,,,,,,,,
37gcjlxm5m,,key-to-lit-arena-tour-2026-neo-classics,2026-10-10,17:30,セキスイハイムスーパーアリーナ,electronic,none,ランダム配布,r,5.0,,ランダム,2026-09-04 03:37:04,,2026-09-04 19:01:10,2026-09-04 19:01:10,transition_observed,sold,1,18000,"複数名義所持しているため、同時入場後に1度チケットを回収させていただき、当方が座席選択後にランダムに配布します。

チケットの選択にお時間をいただきますのであら...",True,,,,,,,,,
hdjx3cibfv,,key-to-lit-arena-tour-2026-neo-classics,2026-10-04,12:30,マリンメッセ福岡 A館,electronic,female,同時入場 すり替えなし即渡し,m,5.0,,同行,2026-09-04 05:01:00,,2026-09-04 19:01:10,,,listing,2,35000,"最後までご確認いただき、ご了承いただけた方のみご購入をお願いいたします。

・同時入場後チケットを一旦回収し解散した後、座席選択後にランダムでチケットをお渡しし...",True,,,absent_unverified,,2026-09-27 09:48:30,,,,
5b396r0ew3,,key-to-lit-arena-tour-2026-neo-classics,2026-10-04,12:30,マリンメッセ福岡 A館,electronic,female,同時入場 すり替えなし即渡し,m,5.0,,ランダム記載あり,2026-09-04 05:00:06,,2026-09-04 19:01:10,2026-09-04 19:01:10,transition_observed,sold,1,30000,"最後までご確認いただき、ご了承いただけた方のみご購入をお願いいたします。

・同時入場後チケットを一旦回収し解散した後、座席選択後にランダムでチケットをお渡しし...",True,,,,,,,,,
sold_key-to-lit-arena-tour-2026-neo-classics_1788496264700_47000,1788496264700,key-to-lit-arena-tour-2026-neo-classics,2026-10-04,12:30,マリンメッセ福岡 A館,electronic,male,公演日1日前までにQRコード共有,,,,,2026-09-04 04:31:04,,2026-09-04 18:01:17,,historical_unknown,sold,2,47000,"男性名義　非該当名義　初期当選　有効期限内　重複すり替えなし　下3桁提示可　公演中止の場合のみ、手数料を引いた金額を返金致します。
同行者登録は買い手様自身でお...",False,,,,,,,,,
p16w0rqp1f,,key-to-lit-arena-tour-2026-neo-classics,2026-10-03,18:00,マリンメッセ福岡 A館,electronic,female,同行,そそ,5.0,,同行,2026-09-04 06:20:13,,2026-09-04 19:01:10,2026-09-04 19:01:10,transition_observed,sold,1,45000,"初期当選/該当名義/有効期限内/重複すり替えなし/当方と同行

プラベ出品に切り替えさせていただける方はお値下げいたします。

公演当日は開場15分前頃を目安に...",True,,,,,,,,,
nx2o7szvuo,,key-to-lit-arena-tour-2026-neo-classics,2026-10-04,12:30,マリンメッセ福岡 A館,electronic,female,公演日前日にログイン情報共有,🐰,5.0,,QR,2026-09-04 07:43:23,,2026-09-04 19:01:10,,,listing,1,80000,QR毎/初期当選/該当名義/有効期限内,True,,,absent_unverified,,2026-09-27 09:48:30,,,,
f5ribm4emb,,key-to-lit-arena-tour-2026-neo-classics,2026-10-03,18:00,マリンメッセ福岡 A館,electronic,female,同行,ゆ,5.0,,,2026-06-15 09:42:25,,2026-09-04 19:01:10,2026-09-04 19:01:10,transition_observed,sold,2,35000,"3名義中3番手/該当2非該当1/有効期限内/変更ボタンあり/すり替えなし/下3桁提示可能

当日は会場30分～15分前に会場付近に待ち合わせし、同時入場いたしま...",True,,,,,,,,,
vieipjzzv4,,key-to-lit-arena-tour-2026-neo-classics,2026-10-03,18:00,マリンメッセ福岡 A館,electronic,female,同行,ゆ,5.0,,番手,2026-05-30 08:08:41,,2026-09-04 19:01:10,,,listing,2,40000,"3名義中2番手/該当2非該当1/有効期限内/変更ボタンあり/すり替えなし/下3桁提示可能

座席未定のため、お席に関するクレームはご遠慮ください。

公演中止の...",True,,,absent_unverified,,2026-09-27 09:48:30,,,,
vcgo2a77py,,key-to-lit-arena-tour-2026-neo-classics,2026-10-04,12:30,マリンメッセ福岡 A館,electronic,female,入金後3時間以内にQRコード共有,misuzu,5.0,,QR,2026-09-04 09:37:34,,2026-09-04 19:01:10,,,listing,2,52000,"情報局先行 KEY TO LIT 中村嶺亜名義 初期当選 指定席 2枚申し込み 
QRごとのお譲り 条件ございません 座席未定

情報局先行 ２枚申込みでの当選...",True,,,absent_unverified,,2026-09-27 09:48:30,,,,
uvs08hvs0m,,key-to-lit-arena-tour-2026-neo-classics,2026-10-10,12:30,セキスイハイムスーパーアリーナ,electronic,female,同行,ありちゃん,5.0,,ランダム,2026-09-04 09:12:39,,2026-09-04 19:01:10,2026-09-04 19:01:10,transition_observed,sold,1,30000,⭐️開演30分前までにお渡し⭐️FC先行 座席未定/同時入場後に一度チケットを回収し、当方の座席選択後にランダム配布いたします/全名義有効期限内/同一クレカでの...,True,,,,,,,,,
non1bsdcpc,,key-to-lit-arena-tour-2026-neo-classics,2026-10-10,17:30,セキスイハイムスーパーアリーナ,electronic,female,同行,u,5.0,,番手,2026-09-04 09:16:26,,2026-09-04 19:01:10,,,listing,2,58000,"
2名義中2番手/該当初期当選×2/すり替え無し/下3桁提示可/全名義有効期限内

プライベート出品にしますので、購入希望の方は一度ご連絡ください。

チケット...",True,,,absent_unverified,,2026-09-27 09:48:30,,,,
xrhbkrwpyy,,key-to-lit-arena-tour-2026-neo-classics,2026-10-10,17:30,セキスイハイムスーパーアリーナ,electronic,female,同行,u,5.0,,同行番手,2026-09-04 12:00:17,,2026-09-04 19:01:10,2026-09-04 19:01:10,transition_observed,sold,1,80000,"
2名義中1番手の当方と同行/該当初期当選×2/すり替え無し/下3桁提示可/全名義有効期限内

プライベート出品にしますので、購入希望の方は一度ご連絡ください。...",True,,,,,,,,,
q9sbqjiq2d,,key-to-lit-arena-tour-2026-neo-classics,2026-10-03,18:00,マリンメッセ福岡 A館,electronic,female,同行,さ,5.0,,番手同行,2026-09-04 12:08:27,,2026-09-04 19:01:10,2026-09-04 19:01:10,transition_observed,sold,1,0,"4番手中2番手
詳細はメッセージでお話致しますのでご連絡ください。",True,,,,,,,,,
dp6jvd3t9b,,key-to-lit-arena-tour-2026-neo-classics,2026-10-04,12:30,マリンメッセ福岡 A館,electronic,female,同行,あ,5.0,,ランダム,2026-09-04 12:57:48,,2026-09-04 19:01:10,,,listing,2,30000,"【２連番確約/すりかえなしランダム配布】 
複数当選しております。当方が座席を選択した後、残ったチケットをランダムでお渡し致します。 落札者様にお席をお選び頂く...",True,,,absent_unverified,,2026-09-27 09:48:30,,,,
53aihjd234,,key-to-lit-arena-tour-2026-neo-classics,2026-10-04,17:30,マリンメッセ福岡 A館,electronic,female,同行,あ,5.0,,ランダム,2026-09-04 12:47:40,,2026-09-04 19:01:10,2026-09-04 19:01:10,transition_observed,sold,2,20000,"【２連番確約チケット】
当方が座席を選択した後、残ったチケットをランダムでお渡し致します。
ご購入様にお席をお選び頂くことはできません。会場によっては立ち見の可...",True,,,,,,,,,
dg4wliz28h,,key-to-lit-arena-tour-2026-neo-classics,2026-10-04,17:30,マリンメッセ福岡 A館,electronic,none,開演20分前までの早渡し,A,5.0,,ランダム,2026-09-04 12:50:50,,2026-09-04 19:01:10,2026-09-04 19:01:10,transition_observed,sold,1,15000,"当方が座席を選択した後、残ったチケットをランダムでお渡し致します。
ご購入様にお席をお選び頂くことはできませんが、必ず開演20分前までにお渡しいたします。

発...",True,,,,,,,,,
w0lpegkuh5,,key-to-lit-arena-tour-2026-neo-classics,2026-10-10,12:30,セキスイハイムスーパーアリーナ,electronic,female,同行,u,5.0,,同行,2026-09-04 12:03:47,,2026-09-04 19:01:10,,,listing,1,60000,"
すり替え無し同行/該当名義/下3桁提示可/有効期限内

プライベート出品にしますので、購入希望の方は一度ご連絡ください。

チケット発券後、座席確認し当方が選...",True,,,absent_unverified,,2026-09-27 09:48:30,,,,
nykgzap5yl,1788532939177,key-to-lit-arena-tour-2026-neo-classics,2026-10-04,17:30,マリンメッセ福岡 A館,paper,female,入金後24時間以内に郵送,ちゃんねこ,5.0,,,2026-09-04 14:42:19,,2026-09-04 18:01:17,2026-09-04 16:01:11,transition_observed,sold,2,27500,"一般注釈指定席 2連番です
公演中止の際のみ、サイト上の規約に基づき手数料を差し引いた金額を返金致します。
以上をご了承頂いた日本語の通じる方のみご購入お願い致します。",True,,,,,,,,,
h9tpbx8r16,,key-to-lit-arena-tour-2026-neo-classics,2026-10-10,17:30,セキスイハイムスーパーアリーナ,electronic,none,同行,c,4.9,,ランダム記載あり,2026-09-04 15:39:57,,2026-09-04 19:01:10,,,listing,1,18000,"・当日開場30分前を目処に会場付近に集合し同時入場して頂きます。詳しい集合時間や場所は当日朝までに連絡ボードにてご連絡致します。
・遅刻は厳禁でお願い致します。...",True,,,absent_unverified,,2026-09-27 09:48:30,,,,
3fgufer4zp,,key-to-lit-arena-tour-2026-neo-classics,2026-10-04,17:30,マリンメッセ福岡 A館,electronic,female,同行,あ,5.0,,番手,2026-09-04 16:31:13,,2026-09-04 19:01:10,,,listing,2,30500,"3名義中3番手
初期当選/該当×2非該当×1/下3桁提示可/すり替えなし/有効期限内/変更ボタンあり
公演当日は開場の20-15分前を目安に会場付近に集合してい...",True,,,absent_unverified,,2026-09-27 09:48:30,,,,
sold_key-to-lit-arena-tour-2026-neo-classics__35000,,key-to-lit-arena-tour-2026-neo-classics,2026-10-03,18:00,マリンメッセ福岡 A館,electronic,female,同行,,,,,2026-09-04 19:01:10,,2026-09-04 19:01:10,,historical_unknown,sold,1,35000,"2連中1枚/本人確認可/初期当選/有効期限内/重複すり替えなし/下三桁提示可/佐々木担不可
当方(20↑/佐々木担)との同行です。
ご本人様の情報で同行者登録を...",False,,,,,,,,,
sold_key-to-lit-arena-tour-2026-neo-classics__6300,,key-to-lit-arena-tour-2026-neo-classics,2026-10-03,18:00,マリンメッセ福岡 A館,electronic,female,同行,,,,,2026-09-04 19:01:10,,2026-09-04 19:01:10,,historical_unknown,sold,1,6300,"プライベート出品に変えますのでコメントください。
・指定の場所に集合後、同時入場して頂きます。時間厳守できる方でお願い致します。万が一、遅刻された場合もこちらで...",False,,,,,,,,,
sold_key-to-lit-arena-tour-2026-neo-classics__10000,,key-to-lit-arena-tour-2026-neo-classics,2026-10-03,18:00,マリンメッセ福岡 A館,electronic,female,同行,,,,,2026-09-04 19:01:10,,2026-09-04 19:01:10,,historical_unknown,sold,1,10000,"すり替えなしランダム配布 下3桁提示可 条件あり 座席未定 座席選択不可 代理購入不可 

 すり替えなしランダム配布になりますので最後までご理解いただきご購入...",False,,,,,,,,,
sold_key-to-lit-arena-tour-2026-neo-classics__45000,,key-to-lit-arena-tour-2026-neo-classics,2026-10-03,18:00,マリンメッセ福岡 A館,electronic,female,番手渡し,,,,,2026-09-04 19:01:10,,2026-09-04 19:01:10,,historical_unknown,sold,1,45000,"開場10分前に集合し、同時入場をお願いします。
チケット詳細は、初期当選、復活当選含む4名義中2番手になります。（単番3、連番1 全て非該当）
入場後チケットを...",False,,,,,,,,,
sold_key-to-lit-arena-tour-2026-neo-classics__30000,,key-to-lit-arena-tour-2026-neo-classics,2026-10-03,18:00,マリンメッセ福岡 A館,electronic,female,同行,,,,,2026-09-04 19:01:10,,2026-09-04 19:01:10,,historical_unknown,sold,1,30000,"2名義中3番手/単番×1 連番×1/すり替えなし/初期当選/該当×1非該当×1/サイチェン可

・集合時間と場所は公演前日までにお知らせいたします。時間厳守でお...",False,,,,,,,,,
sold_key-to-lit-arena-tour-2026-neo-classics__40000,,key-to-lit-arena-tour-2026-neo-classics,2026-10-03,18:00,マリンメッセ福岡 A館,electronic,female,公演前日にログイン情報,,,,,2026-09-04 19:01:10,,2026-09-04 19:01:10,,historical_unknown,sold,2,40000,"初期当選/QRごと/該当名義ボタンあり/重複すり替えなし/下3桁提示可能/有効期限内/着ブロなし/同行者登録可能/


・入金確認後に下3桁提示可能
・公演前日...",False,,,,,,,,,
sold_key-to-lit-arena-tour-2026-neo-classics__23000,,key-to-lit-arena-tour-2026-neo-classics,2026-10-03,18:00,マリンメッセ福岡 A館,electronic,female,同行,,,,,2026-09-04 19:01:10,,2026-09-04 19:01:10,,historical_unknown,sold,1,23000,"2名義中2番手/該当/すり替えなし/本人確認対応不可/下三桁提示可能/初期当選/有効期限内/サイチェン可

・当日は開場10分前に会場付近にて待ち合わせの上、同...",False,,,,,,,,,
sold_key-to-lit-arena-tour-2026-neo-classics__18000,,key-to-lit-arena-tour-2026-neo-classics,2026-10-03,18:00,マリンメッセ福岡 A館,electronic,female,早渡しランダム配布,,,,,2026-09-04 19:01:10,,2026-09-04 19:01:10,,historical_unknown,sold,1,18000,"早渡しランダム配布(ランダム配布にご理解のある方のみご購入お願いします。)
開演30分前渡し

公演当日、開場時間の45分前に会場付近にて待ち合わせを予定してお...",False,,,,,,,,,
sold_key-to-lit-arena-tour-2026-neo-classics__25853,,key-to-lit-arena-tour-2026-neo-classics,2026-10-03,18:00,マリンメッセ福岡 A館,electronic,female,公演前日に情報提示,,,,,2026-09-04 19:01:10,,2026-09-04 19:01:10,,historical_unknown,sold,2,25853,"天候や交通の乱れ、体調不良、ランダムエラーその他如何なる場合での返金対応不可。公演中止の場合は手数料を差し引いた金額を返金いたします。
双方同意済み",False,,,,,,,,,
sold_key-to-lit-arena-tour-2026-neo-classics__7000,,key-to-lit-arena-tour-2026-neo-classics,2026-10-03,18:00,マリンメッセ福岡 A館,electronic,female,同行,,,,,2026-09-04 19:01:10,,2026-09-04 19:01:10,,historical_unknown,sold,1,7000,"当方が座席を選択した後、残ったチケットをランダムでお渡し致します。
ご購入様にお席をお選び頂くことはできません。

発券後、一度チケットを全て回収させていただき...",False,,,,,,,,,
sold_key-to-lit-arena-tour-2026-neo-classics__20000,,key-to-lit-arena-tour-2026-neo-classics,2026-10-03,18:00,マリンメッセ福岡 A館,electronic,female,公演日前日にQRコード共有,,,,,2026-09-04 19:01:10,,2026-09-04 19:01:10,,historical_unknown,sold,2,20000,"情報局先行 座席未定/QRごと/すり替えなし/下3桁提示可/初期当選/該当(ボタンあり)・有効期限内名義/同行者登録可能

・前日にログイン情報をお送りいたしま...",False,,,,,,,,,
sold_key-to-lit-arena-tour-2026-neo-classics__8000,,key-to-lit-arena-tour-2026-neo-classics,2026-10-03,18:00,マリンメッセ福岡 A館,electronic,none,同時入場,,,,,2026-09-04 19:01:10,,2026-09-04 19:01:10,,historical_unknown,sold,1,8000,"少人数ランダム配布/開演10分前までのお渡し(早渡し要相談)

・公演当日、会場付近にて待ち合わせし、同時入場していただきます。
・詳しい時間や場所は公演日前日...",False,,,,,,,,,
sold_key-to-lit-arena-tour-2026-neo-classics__48000,,key-to-lit-arena-tour-2026-neo-classics,2026-10-03,18:00,マリンメッセ福岡 A館,electronic,female,入金後3時間以内にQRコード共有,,,,,2026-09-04 19:01:10,,2026-09-04 19:01:10,,historical_unknown,sold,2,48000,"情報局先行 KEY TO LIT 佐々木大光名義 初期当選 指定席 2枚申し込み QRごとのお譲り 条件ございません 座席未定

情報局先行 ２枚申込みでの当選...",False,,,,,,,,,
sold_key-to-lit-arena-tour-2026-neo-classics__9000,,key-to-lit-arena-tour-2026-neo-classics,2026-10-03,18:00,マリンメッセ福岡 A館,electronic,female,同行,,,,,2026-09-04 19:01:10,,2026-09-04 19:01:10,,historical_unknown,sold,2,9000,"同時入場後、一旦回収させて頂きランダムに配布させて頂きます。座席選択はできませんのでご了承ください。
またランダム配布の為下3桁をお伝えすることはできませんご了...",False,,,,,,,,,
sold_key-to-lit-arena-tour-2026-neo-classics__15000,,key-to-lit-arena-tour-2026-neo-classics,2026-10-03,18:00,マリンメッセ福岡 A館,electronic,female,前日までにログイン情報共有,,,,,2026-09-04 19:01:10,,2026-09-04 19:01:10,,historical_unknown,sold,2,15000,"値下げ可。即1.5/枚
初期当選/QR毎/すり替えなし/下3桁提示可能/該当

公演日前日にログイン情報を共有致します。同行者登録はご購入者様自身でお願い致しま...",False,,,,,,,,,
qkgde16x08,,key-to-lit-arena-tour-2026-neo-classics,2026-10-03,18:00,マリンメッセ福岡 A館,electronic,female,前日までにログイン情報共有,あ,5.0,,QR,2026-08-20 13:45:46,,2026-09-04 19:01:10,,,listing,2,55000,"QRごと/初期当選/該当名義/同行者登録可/有効期限内/変更ボタンあり/下三桁提示可/着ブロ希望なし

公演前日にログイン情報を連絡ボードでお伝えしますので、ロ...",True,,,absent_unverified,,2026-09-27 09:48:30,,,,
sold_key-to-lit-arena-tour-2026-neo-classics__18500,,key-to-lit-arena-tour-2026-neo-classics,2026-10-03,18:00,マリンメッセ福岡 A館,electronic,none,同行,,,,,2026-09-04 19:01:10,,2026-09-04 19:01:10,,historical_unknown,sold,2,18500,"ランダム配布/2連確約

【取引にあたり注意事項】
日本語理解できる方、日本の電話番号お持ちの方のみ購入をお願いいたします。

チケット取引について理解ある方の...",False,,,,,,,,,
sold_key-to-lit-arena-tour-2026-neo-classics__50000,,key-to-lit-arena-tour-2026-neo-classics,2026-10-03,18:00,マリンメッセ福岡 A館,electronic,female,公演日までにQRコード共有,,,,,2026-09-04 19:01:10,,2026-09-04 19:01:10,,historical_unknown,sold,1,50000,"該当、単番、期限内、エラーなし、初期当選

他に気になる点ございましたらご連絡ください！",False,,,,,,,,,
sold_key-to-lit-arena-tour-2026-neo-classics__6000,,key-to-lit-arena-tour-2026-neo-classics,2026-10-03,18:00,マリンメッセ福岡 A館,electronic,female,6名義中6番手,,,,,2026-09-04 19:01:10,,2026-09-04 19:01:10,,historical_unknown,sold,2,6000,情報局先行 座席未定/6名義中6番手/該当のみ/有効期限内/変更ボタン有/会員番号下3桁提示可/5/29当選発表分5名義復活当選1名義の計6名義/公演中止時のみ...,False,,,,,,,,,
sold_key-to-lit-arena-tour-2026-neo-classics__19000,,key-to-lit-arena-tour-2026-neo-classics,2026-10-03,18:00,マリンメッセ福岡 A館,paper,female,入金後1〜2日以内に郵送,,,,,2026-09-04 19:01:10,,2026-09-04 19:01:10,,historical_unknown,sold,2,19000,"一般注釈付き指定(2名券)になります。

・ランダムエラー・本人確認・ご購入者様の遅刻(公共交通機関の遅延も含む)等、不測の事態により入場ができなかった際にも、...",False,,,,,,,,,
sold_key-to-lit-arena-tour-2026-neo-classics__28000,,key-to-lit-arena-tour-2026-neo-classics,2026-10-03,18:00,マリンメッセ福岡 A館,electronic,female,公演日1日前までにログイン情報をお伝えいたします。,,,,,2026-09-04 19:01:10,,2026-09-04 19:01:10,,historical_unknown,sold,2,28000,"QRごと/該当名義/変更ボタンあり/初期当選/有効期限内/下3桁提示可能/発送物戻りなし/すりかえなし/着ブロ希望なし/Pay-easy決済

・公演前日までに...",False,,,,,,,,,
sold_key-to-lit-arena-tour-2026-neo-classics__5800,,key-to-lit-arena-tour-2026-neo-classics,2026-10-03,18:00,マリンメッセ福岡 A館,electronic,female,同行,,,,,2026-09-04 19:01:10,,2026-09-04 19:01:10,,historical_unknown,sold,1,5800,"座席未定 ランダム配布 条件あり 座席選択不可 代理購入不可 

 ランダム配布になりますので最後までご理解いただきご購入ください。  

・複数名義所持してお...",False,,,,,,,,,
sold_key-to-lit-arena-tour-2026-neo-classics__7500,,key-to-lit-arena-tour-2026-neo-classics,2026-10-03,18:00,マリンメッセ福岡 A館,electronic,female,指定席のみランダム配布,,,,,2026-09-04 19:01:10,,2026-09-04 19:01:10,,historical_unknown,sold,2,7500,"ランダム配布ご理解いただける方のみご購入お願いします。初めての方も最後まで丁寧に対応いたします。

5名義以内での入場になります。
開場~30分前に会場付近に集...",False,,,,,,,,,
sold_key-to-lit-arena-tour-2026-neo-classics__5500,,key-to-lit-arena-tour-2026-neo-classics,2026-10-03,18:00,マリンメッセ福岡 A館,electronic,none,同行,,,,,2026-09-04 19:01:10,,2026-09-04 19:01:10,,historical_unknown,sold,1,5500,"当方が座席を選択した後、残ったチケットをランダムでお渡し致します。
ご購入様にお席をお選び頂くことはできません。

発券後、一度チケットを全て回収させていただき...",False,,,,,,,,,
sold_key-to-lit-arena-tour-2026-neo-classics__60000,,key-to-lit-arena-tour-2026-neo-classics,2026-10-03,18:00,マリンメッセ福岡 A館,electronic,none,6名義中2番手同時入場,,,,,2026-09-04 19:01:10,,2026-09-04 19:01:10,,historical_unknown,sold,1,60000,1枚あたり5.6～即6.0/情報局先行 座席未定/6名義中2番手2連中の1枚/該当のみ/有効期限内/変更ボタン有/会員番号下3桁提示可/本確〇/初期当選5名義、...,False,,,,,,,,,
sold_key-to-lit-arena-tour-2026-neo-classics__42000,,key-to-lit-arena-tour-2026-neo-classics,2026-10-03,18:00,マリンメッセ福岡 A館,electronic,female,同行,,,,,2026-09-04 19:01:10,,2026-09-04 19:01:10,,historical_unknown,sold,1,42000,"重複なし2連中1枚
初期/変ボ有該当/期限内/下3桁

ランエラ等公演中止以外のキャンセル不可",False,,,,,,,,,
sold_key-to-lit-arena-tour-2026-neo-classics__18614,,key-to-lit-arena-tour-2026-neo-classics,2026-10-03,18:00,マリンメッセ福岡 A館,pickup_number,female,同行,,,,,2026-09-04 19:01:10,,2026-09-04 19:01:10,,historical_unknown,sold,1,18614,"【専用】
2名義中1番手/該当/すり替えなし/下三桁提示可能/初期当選/有効期限内/サイチェン可

残り当日手渡し有り

・当日は開場10分前に会場付近にて待ち...",False,,,,,,,,,
sold_key-to-lit-arena-tour-2026-neo-classics__25000,,key-to-lit-arena-tour-2026-neo-classics,2026-10-03,18:00,マリンメッセ福岡 A館,electronic,female,同時入場,,,,,2026-09-04 19:01:10,,2026-09-04 19:01:10,,historical_unknown,sold,1,25000,"FC初期当選/3名義中2番手/同行者登録可/有効期限内/該当×2 非該当×1/重複・すり替えなし/下3桁提示可

公演当日開場時間15分前を目安に会場付近で集合...",False,,,,,,,,,
sold_key-to-lit-arena-tour-2026-neo-classics__3102,,key-to-lit-arena-tour-2026-neo-classics,2026-10-03,18:00,マリンメッセ福岡 A館,electronic,female,同行,,,,,2026-09-04 19:01:10,,2026-09-04 19:01:10,,historical_unknown,sold,1,3102,"3名義中2番手 1枚 1.0
アプリ通し（3000）+当日手渡し分（7000）
すり替えなし/下三桁提示可能/該当･非該当含む

当日は所定の場所にて集合した後...",False,,,,,,,,,
sold_key-to-lit-arena-tour-2026-neo-classics__8273,,key-to-lit-arena-tour-2026-neo-classics,2026-10-03,18:00,マリンメッセ福岡 A館,electronic,female,同行,,,,,2026-09-04 19:01:10,,2026-09-04 19:01:10,,historical_unknown,sold,2,8273,"座席未定 ランダム配布 条件あり 座席選択不可 代理購入不可 

 ランダム配布になりますので最後までご理解いただきご購入ください。  

・複数名義所持してお...",False,,,,,,,,,
sold_key-to-lit-arena-tour-2026-neo-classics__32000,,key-to-lit-arena-tour-2026-neo-classics,2026-10-03,18:00,マリンメッセ福岡 A館,electronic,female,入金後24時間以内にQRコード共有,,,,,2026-09-04 19:01:10,,2026-09-04 19:01:10,,historical_unknown,sold,2,32000,"初期当選/QRごと/該当名義/変更ボタンあり/有効期限内

・公演前日にQR表示のためのログイン情報を提示します
・入場後は速やかに受け取り評価をお願いいたしま...",False,,,,,,,,,
sold_key-to-lit-arena-tour-2026-neo-classics__41000,,key-to-lit-arena-tour-2026-neo-classics,2026-10-03,18:00,マリンメッセ福岡 A館,electronic,female,公演前日夜にログイン情報提示,,,,,2026-09-04 19:01:10,,2026-09-04 19:01:10,,historical_unknown,sold,1,41000,"情報局先行 座席未定/QRごと/すり替えなし/下3桁提示可/初期当選/該当(ボタンあり)・有効期限内名義

・前日夜にログイン情報をお送りいたします。座席に関し...",False,,,,,,,,,
sold_key-to-lit-arena-tour-2026-neo-classics__6205,,key-to-lit-arena-tour-2026-neo-classics,2026-10-03,18:00,マリンメッセ福岡 A館,electronic,female,同行,,,,,2026-09-04 19:01:10,,2026-09-04 19:01:10,,historical_unknown,sold,1,6205,"座席未定 ランダム配布 条件あり 座席選択不可 代理購入不可 

 ランダム配布になりますので最後までご理解いただきご購入ください。  

・複数名義所持してお...",False,,,,,,,,,
sold_key-to-lit-arena-tour-2026-neo-classics__14000,,key-to-lit-arena-tour-2026-neo-classics,2026-10-03,18:00,マリンメッセ福岡 A館,electronic,female,6名義中4番手,,,,,2026-09-04 19:01:10,,2026-09-04 19:01:10,,historical_unknown,sold,2,14000,情報局先行 座席未定/6名義中4番手/該当のみ/有効期限内/変更ボタン有/会員番号下3桁提示可/5/29当選発表分5名義復活当選1名義の計6名義/公演中止時のみ...,False,,,,,,,,,
sold_key-to-lit-arena-tour-2026-neo-classics__51900,,key-to-lit-arena-tour-2026-neo-classics,2026-10-03,18:00,マリンメッセ福岡 A館,electronic,female,前日までにログイン情報共有,,,,,2026-09-04 19:01:10,,2026-09-04 19:01:10,,historical_unknown,sold,2,51900,"QRごと/初期当選/該当名義/同行者登録可/有効期限内/変更ボタンあり/下三桁提示可/着ブロ希望なし

公演前日にログイン情報を連絡ボードでお伝えしますので、ロ...",False,,,,,,,,,
sold_key-to-lit-arena-tour-2026-neo-classics__5000,,key-to-lit-arena-tour-2026-neo-classics,2026-10-03,18:00,マリンメッセ福岡 A館,electronic,female,同時入場,,,,,2026-09-04 19:01:10,,2026-09-04 19:01:10,,historical_unknown,sold,2,5000,"6名義中6番手
全て該当名義/有効期限内／変更ボタン有/すり替えなし/下3桁提示可
当日指定したお時間に集合し、同時入場をしていただきます。
入場の際、QRの表...",False,,,,,,,,,
sold_key-to-lit-arena-tour-2026-neo-classics__12000,,key-to-lit-arena-tour-2026-neo-classics,2026-10-03,18:00,マリンメッセ福岡 A館,electronic,female,同時入場,,,,,2026-09-04 19:01:10,,2026-09-04 19:01:10,,historical_unknown,sold,2,12000,"少人数ランダムとなります。連番でご購入いただいた場合は連番でお渡しします。

・公演当日、開場30分前を目安に会場付近で待ち合わせをし、同時入場していただきます...",False,,,,,,,,,
sold_key-to-lit-arena-tour-2026-neo-classics__17000,,key-to-lit-arena-tour-2026-neo-classics,2026-10-03,18:00,マリンメッセ福岡 A館,electronic,female,QR毎,,,,,2026-09-04 19:01:10,,2026-09-04 19:01:10,,historical_unknown,sold,2,17000,"QR毎/FC先行/初期当選/非該当/下3桁提示可能/期限切れ名義

お取引確認後 LINE名前電話番号の交換
同行者登録は買い手の方でお願い致します。公演前日に...",False,,,,,,,,,
sold_key-to-lit-arena-tour-2026-neo-classics__11000,,key-to-lit-arena-tour-2026-neo-classics,2026-10-03,18:00,マリンメッセ福岡 A館,electronic,female,ランダム配布,,,,,2026-09-04 19:01:10,,2026-09-04 19:01:10,,historical_unknown,sold,1,11000,"ランダム配布(ランダム配布にご理解のある方のみご購入お願いします。)

公演当日、開場時間の45分前に会場付近にて待ち合わせを予定しております。(待ち合わせ時間...",False,,,,,,,,,
sold_key-to-lit-arena-tour-2026-neo-classics__16000,,key-to-lit-arena-tour-2026-neo-classics,2026-10-03,18:00,マリンメッセ福岡 A館,electronic,female,2名義中2番手,,,,,2026-09-04 19:01:10,,2026-09-04 19:01:10,,historical_unknown,sold,2,16000,"サイチェン可。一般(立ち見なし)を含む2名義中2番手のお渡し。
こちらの指定した時間に待ち合わせし同時に入場後一旦チケットを回収、当方が座席を選択し残ったチケッ...",False,,,,,,,,,
sold_key-to-lit-arena-tour-2026-neo-classics__53000,,key-to-lit-arena-tour-2026-neo-classics,2026-10-03,18:00,マリンメッセ福岡 A館,electronic,female,公演前日ログイン情報共有,,,,,2026-09-04 19:01:10,,2026-09-04 19:01:10,,historical_unknown,sold,2,53000,"QRごと/初期当選/該当名義/有効期限内/下三桁提示可/すり替えなし/着ブロ希望なし

公演前日にログイン情報を連絡ボードでお伝えします。ご自身の端末でQRを表...",False,,,,,,,,,
sold_key-to-lit-arena-tour-2026-neo-classics__5900,,key-to-lit-arena-tour-2026-neo-classics,2026-10-03,18:00,マリンメッセ福岡 A館,electronic,female,同行,,,,,2026-09-04 19:01:10,,2026-09-04 19:01:10,,historical_unknown,sold,1,5900,"ランダム配布
必ず最後までお読みください

 ・入場後は一度チケットを全て回収させていただき、開演5-10分前頃にチケットお渡しいたします。その際受け取り通知を...",False,,,,,,,,,
sold_key-to-lit-arena-tour-2026-neo-classics__47000,,key-to-lit-arena-tour-2026-neo-classics,2026-10-04,12:30,マリンメッセ福岡 A館,electronic,female,入金後3時間以内にQRコード共有,,,,,2026-09-04 19:01:10,,2026-09-04 19:01:10,,historical_unknown,sold,2,47000,"情報局先行 KEY TO LIT 井上瑞稀名義 初期当選 指定席 2枚申し込み QRごとのお譲り 条件ございません 座席未定

情報局先行 ２枚申込みでの当選し...",False,,,,,,,,,
sold_key-to-lit-arena-tour-2026-neo-classics__21000,,key-to-lit-arena-tour-2026-neo-classics,2026-10-04,12:30,マリンメッセ福岡 A館,electronic,female,同行,,,,,2026-09-04 19:01:10,,2026-09-04 19:01:10,,historical_unknown,sold,2,21000,"2名義中2番手/初期当選/有効期限内/すり替えなし/下3桁提示可/着ブロ希望なし/座席未定

2名義中2番手 復活当選なし、該当名義×1 非該当名義×1

公演...",False,,,,,,,,,
sold_key-to-lit-arena-tour-2026-neo-classics__36000,,key-to-lit-arena-tour-2026-neo-classics,2026-10-04,12:30,マリンメッセ福岡 A館,paper,female,当日手渡し,,,,,2026-09-04 19:01:10,,2026-09-04 19:01:10,,historical_unknown,sold,1,36000,"・一般注釈指定席の同行を探しております。
・当日開場10分前を目処に会場付近に集合し同時入場して頂きます。詳しい集合時間や場所は当日朝までに連絡ボードにてご連絡...",False,,,,,,,,,
sold_key-to-lit-arena-tour-2026-neo-classics__10500,,key-to-lit-arena-tour-2026-neo-classics,2026-10-04,12:30,マリンメッセ福岡 A館,electronic,female,同行,,,,,2026-09-04 19:01:10,,2026-09-04 19:01:10,,historical_unknown,sold,1,10500,"重複なし同行 すり替えなし 下3桁提示可能 該当名義 期限内 ペイジー支払い

開演1時間前までに会場付近でお集まりいただき、同時入場いたします。
遅刻された場...",False,,,,,,,,,
sold_key-to-lit-arena-tour-2026-neo-classics__16500,,key-to-lit-arena-tour-2026-neo-classics,2026-10-04,12:30,マリンメッセ福岡 A館,electronic,female,【条件あり】当日手渡し/座席未定/ランダム配布/有効会員,,,,,2026-09-04 19:01:10,,2026-09-04 19:01:10,,historical_unknown,sold,1,16500,"《開場30分前集合予定》

※レビュー(評価4.8以上)ある方のみ申請下さい。
※購入時のコメント不要です。
★購入後に当日連絡のつくお電話番号と氏名(苗字)を...",False,,,,,,,,,
sold_key-to-lit-arena-tour-2026-neo-classics__66000,,key-to-lit-arena-tour-2026-neo-classics,2026-10-04,12:30,マリンメッセ福岡 A館,electronic,female,公演前日にログイン情報お伝えします,,,,,2026-09-04 19:01:10,,2026-09-04 19:01:10,,historical_unknown,sold,2,66000,QRごと/初期当選/該当(中村)名義/有効期限内/下三桁事前にお伝え可能/すり替えなし/重複当選なし/ペイジー決済/過去にエラー等ございません/変更ボタンあり/...,False,,,,,,,,,
sold_key-to-lit-arena-tour-2026-neo-classics__12500,,key-to-lit-arena-tour-2026-neo-classics,2026-10-04,12:30,マリンメッセ福岡 A館,electronic,female,当日手渡し,,,,,2026-09-04 19:01:10,,2026-09-04 19:01:10,,historical_unknown,sold,2,12500,"2名義中2番手/初期当選/着ブロ希望なし /下3桁提示可能/すり替えなし

公演当日、会場の30分前に集合し入場後20分以内にチケットをお渡しします。待ち合わせ...",False,,,,,,,,,
sold_key-to-lit-arena-tour-2026-neo-classics__8500,,key-to-lit-arena-tour-2026-neo-classics,2026-10-04,17:30,マリンメッセ福岡 A館,electronic,female,ランダム配布,,,,,2026-09-04 19:01:10,,2026-09-04 19:01:10,,historical_unknown,sold,1,8500,"ランダム配布となります。連番でご購入いただいた場合には必ず連番でお渡しいたします。

全名義エラー履歴なし、同一クレカコンビニ払いなし

・公演当日、開場30分...",False,,,,,,,,,
sold_key-to-lit-arena-tour-2026-neo-classics__49000,,key-to-lit-arena-tour-2026-neo-classics,2026-10-04,17:30,マリンメッセ福岡 A館,electronic,female,入金後3時間以内にQRコード共有,,,,,2026-09-04 19:01:10,,2026-09-04 19:01:10,,historical_unknown,sold,2,49000,"情報局先行 KEY TO LIT 井上瑞稀名義 初期当選 指定席 2枚申し込み 
QRごとのお譲り 条件ございません 座席未定

情報局先行 ２枚申込みでの当選...",False,,,,,,,,,
sold_key-to-lit-arena-tour-2026-neo-classics__6500,,key-to-lit-arena-tour-2026-neo-classics,2026-10-04,17:30,マリンメッセ福岡 A館,electronic,none,ランダム配布,,,,,2026-09-04 19:01:10,,2026-09-04 19:01:10,,historical_unknown,sold,1,6500,"複数名義所持しているため、同時入場後に1度チケットを回収させていただき、当方が座席選択後にランダムに配布します。

チケットの選択にお時間をいただきますのであら...",False,,,,,,,,,
sold_key-to-lit-arena-tour-2026-neo-classics__45500,,key-to-lit-arena-tour-2026-neo-classics,2026-10-04,17:30,マリンメッセ福岡 A館,electronic,female,公演日前日までにQRコード共有,,,,,2026-09-04 19:01:10,,2026-09-04 19:01:10,,historical_unknown,sold,2,45500,"QR毎　非該当名義　初期当選(名義初当選)
着ブロ指定なし 下3桁提示🉑

公演前日にログイン情報を連絡ボードでお伝えします。ご自身の端末でQRを表示してご入...",False,,,,,,,,,
sold_key-to-lit-arena-tour-2026-neo-classics__33100,,key-to-lit-arena-tour-2026-neo-classics,2026-10-04,17:30,マリンメッセ福岡 A館,paper,female,当日ログイン情報,,,,,2026-09-04 19:01:10,,2026-09-04 19:01:10,,historical_unknown,sold,2,33100,"
ログイン情報はAM10:00までにお伝えします
当日は当方会場へ迎えませんが、連絡が取れるように、させていただきます。
入場後は速やかにログアウトお願いいたし...",False,,,,,,,,,
sold_key-to-lit-arena-tour-2026-neo-classics__33000,,key-to-lit-arena-tour-2026-neo-classics,2026-10-04,17:30,マリンメッセ福岡 A館,electronic,female,2名義中2番手,,,,,2026-09-04 19:01:10,,2026-09-04 19:01:10,,historical_unknown,sold,1,33000,"2名義中2番手/初期当選/有効期限内/すり替えなし/下3桁提示可/着ブロ希望なし/座席未定/サイチェン可
2名義とも該当、復活当選なし

公演当日は当方が指定す...",False,,,,,,,,,
sold_key-to-lit-arena-tour-2026-neo-classics__27500,,key-to-lit-arena-tour-2026-neo-classics,2026-10-04,17:30,マリンメッセ福岡 A館,paper,female,入金後24時間以内に郵送,,,,,2026-09-04 19:01:10,,2026-09-04 19:01:10,,historical_unknown,sold,2,27500,"一般注釈指定席 2連番です
公演中止の際のみ、サイト上の規約に基づき手数料を差し引いた金額を返金致します。

以上をご了承頂いた日本語の通じる方のみご購入お願い...",False,,,,,,,,,
sold_key-to-lit-arena-tour-2026-neo-classics__9500,,key-to-lit-arena-tour-2026-neo-classics,2026-10-09,18:00,セキスイハイムスーパーアリーナ,electronic,none,同行,,,,,2026-09-04 19:01:10,,2026-09-04 19:01:10,,historical_unknown,sold,1,9500,"2名義中2番手 うち1枚

初期当選、有効期限内、すり替えなし、下3桁提示可能

・最下位番手になりますので、買い手様に座席選択権はございません。当方座席選択後...",False,,,,,,,,,
sold_key-to-lit-arena-tour-2026-neo-classics__10342,,key-to-lit-arena-tour-2026-neo-classics,2026-10-09,18:00,セキスイハイムスーパーアリーナ,electronic,female,同行,,,,,2026-09-04 19:01:10,,2026-09-04 19:01:10,,historical_unknown,sold,2,10342,,False,,,,,,,,,
sold_key-to-lit-arena-tour-2026-neo-classics__36195,,key-to-lit-arena-tour-2026-neo-classics,2026-10-09,18:00,セキスイハイムスーパーアリーナ,electronic,female,公演日前までにQRコード共有,,,,,2026-09-04 19:01:10,,2026-09-04 19:01:10,,historical_unknown,sold,2,36195,初期/該当/期限内/同行者登録可/下3桁提示可/変ボアリ,False,,,,,,,,,
sold_key-to-lit-arena-tour-2026-neo-classics__9300,,key-to-lit-arena-tour-2026-neo-classics,2026-10-09,18:00,セキスイハイムスーパーアリーナ,electronic,female,同行,,,,,2026-09-04 19:01:10,,2026-09-04 19:01:10,,historical_unknown,sold,2,9300,"2名義中2番手
初期当選/着ブロ希望なし / 下3桁提示可能/すり替えなし

公演当日、こちらが指定した時間に会場付近にて待ち合わせのうえ、同時入場していただき...",False,,,,,,,,,
sold_key-to-lit-arena-tour-2026-neo-classics__3500,,key-to-lit-arena-tour-2026-neo-classics,2026-10-09,18:00,セキスイハイムスーパーアリーナ,electronic,female,ランダム配布　同時入場,,,,,2026-09-04 19:01:10,,2026-09-04 19:01:10,,historical_unknown,sold,1,3500,"公演当日16:30までに会場付近で待ち合わせし、同時入場していただきます。

購入者様は座席をお選びいただけません。
入場後は、発券したチケットを回収した後、一...",False,,,,,,,,,
sold_key-to-lit-arena-tour-2026-neo-classics__17500,,key-to-lit-arena-tour-2026-neo-classics,2026-10-10,12:30,セキスイハイムスーパーアリーナ,electronic,female,同行,,,,,2026-09-04 19:01:10,,2026-09-04 19:01:10,,historical_unknown,sold,1,17500,"特別出品しますのでコメントお願い致します。
少人数ランダム配布 

公演当日、開場時間の30分前に会場
付近にて待ち合わせし、同時入場していただきます。
詳しい...",False,,,,,,,,,
sold_key-to-lit-arena-tour-2026-neo-classics__64000,,key-to-lit-arena-tour-2026-neo-classics,2026-10-10,17:30,セキスイハイムスーパーアリーナ,electronic,female,入金後3時間以内にQRコード共有,,,,,2026-09-04 19:01:10,,2026-09-04 19:01:10,,historical_unknown,sold,2,64000,"情報局先行 KEY TO LIT 猪狩蒼弥名義 初期当選 指定席 2枚申し込み QRごとのお譲り 条件ございません 座席未定

情報局先行 ２枚申込みでの当選し...",False,,,,,,,,,
sold_key-to-lit-arena-tour-2026-neo-classics__77000,,key-to-lit-arena-tour-2026-neo-classics,2026-10-10,17:30,セキスイハイムスーパーアリーナ,electronic,female,公演日前日までにQRコード共有,,,,,2026-09-04 19:01:10,,2026-09-04 19:01:10,,historical_unknown,sold,1,77000,"初期当選/有効内名義/QRごと/単番応募/下3桁開示可
公演中止以外でのいかなる場合（出演変更、公共交通機関の遅れなど）でのキャンセル不可
公演前日までに必要情...",False,,,,,,,,,
sold_key-to-lit-arena-tour-2026-neo-classics__9800,,key-to-lit-arena-tour-2026-neo-classics,2026-10-10,17:30,セキスイハイムスーパーアリーナ,electronic,none,同行,,,,,2026-09-04 19:01:10,,2026-09-04 19:01:10,,historical_unknown,sold,1,9800,"当方が座席を選択した後、残ったチケットをランダムでお渡し致します。
ご購入様にお席をお選び頂くことはできません。

発券後、一度チケットを全て回収させていただき...",False,,,,,,,,,
sold_key-to-lit-arena-tour-2026-neo-classics__4000,,key-to-lit-arena-tour-2026-neo-classics,2026-10-10,17:30,セキスイハイムスーパーアリーナ,electronic,none,同行,,,,,2026-09-04 19:01:10,,2026-09-04 19:01:10,,historical_unknown,sold,1,4000,"当方が座席を選択した後、残ったチケットをランダムでお渡し致します。
ご購入様にお席をお選び頂くことはできません。

発券後、一度チケットを全て回収させていただき...",False,,,,,,,,,
sold_key-to-lit-arena-tour-2026-neo-classics__3800,,key-to-lit-arena-tour-2026-neo-classics,2026-10-10,17:30,セキスイハイムスーパーアリーナ,electronic,female,同行,,,,,2026-09-04 19:01:10,,2026-09-04 19:01:10,,historical_unknown,sold,1,3800,"座席未定 ランダム配布 条件あり 座席選択不可 代理購入不可 

 ランダム配布になりますので最後までご理解いただきご購入ください。  

・複数名義所持してお...",False,,,,,,,,,
sold_key-to-lit-arena-tour-2026-neo-classics__4500,,key-to-lit-arena-tour-2026-neo-classics,2026-10-10,17:30,セキスイハイムスーパーアリーナ,electronic,female,同行,,,,,2026-09-04 19:01:10,,2026-09-04 19:01:10,,historical_unknown,sold,2,4500,"同時入場後、一旦回収させて頂きランダムに配布させて頂きます。座席選択はできませんのでご了承ください。
またランダム配布の為下3桁をお伝えすることはできませんご了...",False,,,,,,,,,
sold_key-to-lit-arena-tour-2026-neo-classics__9200,,key-to-lit-arena-tour-2026-neo-classics,2026-10-10,17:30,セキスイハイムスーパーアリーナ,electronic,female,同行,,,,,2026-09-04 19:01:10,,2026-09-04 19:01:10,,historical_unknown,sold,1,9200,こちら専用出品です。専用買い手様以外ご購入頂かないようよろしくお願いいたします。,False,,,,,,,,,
sold_key-to-lit-arena-tour-2026-neo-classics__4300,,key-to-lit-arena-tour-2026-neo-classics,2026-10-10,17:30,セキスイハイムスーパーアリーナ,electronic,female,同行,,,,,2026-09-04 19:01:10,,2026-09-04 19:01:10,,historical_unknown,sold,1,4300,"該当名義 / 有効期間内 / ランダム配布

・複数名義所持している為、同時入場後、一度全てのチケットを回収いたします。当方が座席選択後にランダムでチケットをお...",False,,,,,,,,,
sold_key-to-lit-arena-tour-2026-neo-classics__2500,,key-to-lit-arena-tour-2026-neo-classics,2026-10-10,17:30,セキスイハイムスーパーアリーナ,electronic,female,同行,,,,,2026-09-04 19:01:10,,2026-09-04 19:01:10,,historical_unknown,sold,2,2500,"すり替えなし/3名義中3番手/全て有効期限内該当/着ブロ希望あり/公演1週間前までに下3桁提示

・ご購入後、2時間以内に定価+手数料別途お支払いいただきます。...",False,,,,,,,,,
sold_key-to-lit-arena-tour-2026-neo-classics__4800,,key-to-lit-arena-tour-2026-neo-classics,2026-10-10,17:30,セキスイハイムスーパーアリーナ,electronic,female,同行,,,,,2026-09-04 19:01:10,,2026-09-04 19:01:10,,historical_unknown,sold,1,4800,"該当名義 / 有効期間内 / ランダム配布

・複数名義所持している為、同時入場後、一度全てのチケットを回収いたします。当方が座席選択後にランダムでチケットをお...",False,,,,,,,,,
sold_key-to-lit-arena-tour-2026-neo-classics__6200,,key-to-lit-arena-tour-2026-neo-classics,2026-10-10,17:30,セキスイハイムスーパーアリーナ,electronic,female,同行,,,,,2026-09-04 19:01:10,,2026-09-04 19:01:10,,historical_unknown,sold,2,6200,"同時入場後、一旦回収させて頂きランダムに配布させて頂きます。座席選択はできませんのでご了承ください。
またランダム配布の為下3桁をお伝えすることはできませんご了...",False,,,,,,,,,
sold_key-to-lit-arena-tour-2026-neo-classics__48955,,key-to-lit-arena-tour-2026-neo-classics,2026-10-10,17:30,セキスイハイムスーパーアリーナ,electronic,female,公演日当日までにQRコード共有,,,,,2026-09-04 19:01:10,,2026-09-04 19:01:10,,historical_unknown,sold,2,48955,"プライベートに変更可能ですので気軽にお声かけください。。

QR毎 ペイジー決済  すり替え重複なし 変更ボタン有(猪狩名義) 有効期限内 同行者登録可能(ご自...",False,,,,,,,,,
sold_key-to-lit-arena-tour-2026-neo-classics__1900,,key-to-lit-arena-tour-2026-neo-classics,2026-10-10,17:30,セキスイハイムスーパーアリーナ,electronic,female,ランダム配布,,,,,2026-09-04 19:01:10,,2026-09-04 19:01:10,,historical_unknown,sold,1,1900,"ランダム配布ご理解のある方のみご購入お願いいたします。

当日はこちらが指定した時間、場所にお集まりいただきます。時間厳守でお願い致します。
 
入場後チケット...",False,,,,,,,,,
sold_key-to-lit-arena-tour-2026-neo-classics__11500,,key-to-lit-arena-tour-2026-neo-classics,2026-10-10,17:30,セキスイハイムスーパーアリーナ,electronic,female,同行,,,,,2026-09-04 19:01:10,,2026-09-04 19:01:10,,historical_unknown,sold,1,11500,"FC先行 座席未定｜初期当選｜有効期限内／少人数ランダム｜サイチェン可能｜担当不問｜【指定席のみ】


少人数ランダムのため、入場後こちらが席を選び終えましたら...",False,,,,,,,,,
sold_key-to-lit-arena-tour-2026-neo-classics__34000,,key-to-lit-arena-tour-2026-neo-classics,2026-10-10,17:30,セキスイハイムスーパーアリーナ,electronic,female,公演前日までにログイン情報共有,,,,,2026-09-04 19:01:10,,2026-09-04 19:01:10,,historical_unknown,sold,1,34000,"該当名義/初期当選/下3桁提示可能/単番QR毎のお譲り/有効期間内名義/Pay-easy支払い済み/公演日2〜3日前発送予定


･公演日前日までに連絡ボードに...",False,,,,,,,,,
sold_key-to-lit-arena-tour-2026-neo-classics__10395,,key-to-lit-arena-tour-2026-neo-classics,2026-10-10,17:30,セキスイハイムスーパーアリーナ,electronic,female,同行,,,,,2026-09-04 19:01:10,,2026-09-04 19:01:10,,historical_unknown,sold,2,10395,"※すり替えなし※ランダム配布
入場後解散せずすぐにお渡し致します。

情報局先行 初期当選 該当名義 変更ボタンあり 有効期限内 

・開場30分前を目安に会場...",False,,,,,,,,,
lf8r81bujl,,key-to-lit-arena-tour-2026-neo-classics,2026-10-03,18:00,マリンメッセ福岡 A館,electronic,none,開演20分前までの早渡し,A,5.0,,ランダム,2026-09-24 11:27:01,scrape_observed,2026-09-25 00:01:19,,,listing,1,15000,"当方が座席を選択した後、残ったチケットをランダムでお渡し致します。
ご購入様にお席をお選び頂くことはできませんが、必ず開演20分前までにお渡しいたします。

発...",True,,,absent_unverified,,2026-09-27 09:48:30,,,,
qu7fmzxmle,,key-to-lit-arena-tour-2026-neo-classics,2026-10-03,18:00,マリンメッセ福岡 A館,electronic,female,同行,ai,5.0,,同行,2026-09-24 11:27:01,scrape_observed,2026-09-25 00:01:19,,,listing,2,17000,"4名義中4番手 初期当選 すり替えなし 期限内 該当名義 下3桁提示可

🌟プライベート出品いたしますので、ご購入ご希望の方はコメントをお願いいたします。...",True,,,absent_unverified,,2026-09-27 09:48:30,,,,
lkd981bbrs,,key-to-lit-arena-tour-2026-neo-classics,2026-10-03,18:00,マリンメッセ福岡 A館,electronic,female,3名義中2番手,m,5.0,,番手,2026-09-24 11:27:01,scrape_observed,2026-09-25 01:01:12,,,listing,2,45000,"3名義中2番手 / すり替えなし / FC先行初期当選 / 全て入所日該当名義 / 下3桁提示可能 / 有効期限内 / 変更ボタン有り
 
・当日は指定時間に集...",True,,,absent_unverified,,2026-09-27 09:48:30,,,,
89cl1jycu4,,key-to-lit-arena-tour-2026-neo-classics,2026-10-03,18:00,マリンメッセ福岡 A館,electronic,female,同行,t,5.0,,同行ランダム,2026-09-24 11:27:01,scrape_observed,2026-09-25 00:01:19,,,listing,1,7000,"少人数ランダム配布《開場20分前集合予定》
※購入時のコメント不要。
★購入後に当日連絡のつくお電話番号と氏名(苗字)をメッセージボードにてお伝え下さい。

・...",True,,,absent_unverified,,2026-09-27 09:48:30,,,,
r5h00kz5tc,,key-to-lit-arena-tour-2026-neo-classics,2026-10-03,18:00,マリンメッセ福岡 A館,electronic,female,番手でのお渡し,tpjm,5.0,,QR番手,2026-09-24 11:27:01,scrape_observed,2026-09-25 01:01:12,,,listing,1,30000,"4名義中4番手（5枚中5枚目）/初期当選、復活当選/有効期限内/すり替えなし/下3桁提示可/着ブロ希望なし/座席未定

公演当日は当方が指定する場所、時間に集合...",True,,,absent_unverified,,2026-09-27 09:48:30,,,,
6zs7a88gvl,,key-to-lit-arena-tour-2026-neo-classics,2026-10-03,18:00,マリンメッセ福岡 A館,electronic,female,同行,あ,5.0,,番手,2026-09-24 11:27:01,scrape_observed,2026-09-25 01:01:12,,,listing,2,25000,"4名義中3番手
全て初期当選/下3桁提示可/すり替えなし
プライベート出品に切り替えますのでご希望の方はコメントお願い致します。

他サイトにも出品しているため...",True,,,absent_unverified,,2026-09-27 09:48:30,,,,
crn0dmqmo2,,key-to-lit-arena-tour-2026-neo-classics,2026-10-03,18:00,マリンメッセ福岡 A館,electronic,female,同行,aaa,5.0,,番手同行,2026-09-24 11:27:01,scrape_observed,2026-09-25 01:01:12,,,listing,2,30000,"5名義中5番手/FC先行初期当選/該当名義/下3桁提示可能/有効期限内/本確対応不可

【お取引成立後はプライベートモードへ移行させていただくので、ご購入前に必...",True,,,absent_unverified,,2026-09-27 09:48:30,,,,
t3hwr0l807,,key-to-lit-arena-tour-2026-neo-classics,2026-10-03,18:00,マリンメッセ福岡 A館,electronic,female,同行,n,5.0,,同行,2026-09-24 11:27:01,scrape_observed,2026-09-25 00:01:19,,,listing,2,35000,"2名義中2番手
初期当選/該当名義/変更ボタン有1無1/有効期限内/すり替えなし/下3桁提示可/サイチェン可

⚠️26日まで掲載します。
プライベート出品に変...",True,,,absent_unverified,,2026-09-27 09:48:30,,,,
fj3usudnul,,key-to-lit-arena-tour-2026-neo-classics,2026-10-03,18:00,マリンメッセ福岡 A館,electronic,female,同時入場,TA,5.0,,ランダム,2026-09-24 11:27:01,scrape_observed,2026-09-25 01:01:12,,,listing,1,13800,"ランダム配布 同時入場 立見なし 全て指定席 有効会員
ランダム配布をご理解している方のみご購入ください。
男性の方、日本語か話せる外国人の方も購入できます。...",True,,,absent_unverified,,2026-09-27 09:48:30,,,,
ovnp6co8mo,,key-to-lit-arena-tour-2026-neo-classics,2026-10-03,18:00,マリンメッセ福岡 A館,electronic,female,同行,み,5.0,,QR同行番手ランダム,2026-09-24 11:27:01,scrape_observed,2026-09-24 13:01:20,,,listing,1,9000,"ランダム配布
・公演当日、開場時間の45分前までに会場付近で待ち合わせし同時入場いただきます。
詳しい待ち合わせにつきましては、公演が近くなりましたら連絡ボードにてお伝え致します。
・複数人での入場となりますので遅刻等ないように余裕を持ってお越しください。
遅刻された場合はいかなる理由があっても先に入場致します。その場合も受け取り連絡をお願い致します。
・入場後は一度解散し、あらかじめ指定した時間場所にて会場内で集合いただきます。
開演の5～10分前までにはチケットを必ずお渡しします。
チケットをお渡しの際にその場で受け取り連絡をお願いします。
・ご購入者様はお座席をお選びいただけませんので、お座席に関するクレームは一切お受けできません。
また名義に関する質問もお答え出来かねます。
・スムーズなやり取りのため日本語の話せる成人済みの方のみご購入をお願いします。
・公演中止以外の理由での返金は一切致しませんのでご了承ください。",True,,,absent_unverified,,2026-09-27 09:48:30,,,,
bpfqj91nlx,,key-to-lit-arena-tour-2026-neo-classics,2026-10-03,18:00,マリンメッセ福岡 A館,electronic,none,ランダム配布,ねこ,5.0,,ランダム,2026-09-24 11:27:01,scrape_observed,2026-09-25 00:01:19,,,listing,1,11000,"ランダム配布ご理解いただける方のみご購入お願いします。初めての方も最後まで丁寧に対応いたします。

上乗せで早渡し可能✨

5名義以内での入場になります。
開場...",True,,,absent_unverified,,2026-09-27 09:48:30,,,,
2mrrktyoiy,,key-to-lit-arena-tour-2026-neo-classics,2026-10-03,18:00,マリンメッセ福岡 A館,electronic,female,入金後3時間以内にQRコード共有,ユカ,5.0,,QR,2026-09-24 11:27:01,scrape_observed,2026-09-25 01:01:12,,,listing,2,47000,"情報局先行 KEY TO LIT 井上瑞稀名義 初期当選 指定席 2枚申し込み QRごとのお譲り 条件ございません 座席未定

情報局先行 ２枚申込みでの当選し...",True,,,absent_unverified,,2026-09-27 09:48:30,,,,
ppzscj9m5f,,key-to-lit-arena-tour-2026-neo-classics,2026-10-03,18:00,マリンメッセ福岡 A館,electronic,female,同行,取引,5.0,,ランダム,2026-09-24 11:27:01,scrape_observed,2026-09-25 01:01:12,,,listing,1,7000,・指定の場所に集合後、同時入場して頂きます。時間厳守できる方でお願い致します。万が一、遅刻された場合もこちらで先に入場致しますが、その際も受け取り評価して頂きま...,True,,,absent_unverified,,2026-09-27 09:48:30,,,,
x43tn89e2b,,key-to-lit-arena-tour-2026-neo-classics,2026-10-03,18:00,マリンメッセ福岡 A館,electronic,female,入金後24時間以内にQRコード共有,aaa,5.0,,QR,2026-09-24 11:27:01,scrape_observed,2026-09-25 01:01:12,,,listing,2,65000,"QRごと / すり替え重複なし / FC有効期限内
下3桁提示可 

公演当日、ログインに必要な情報をお伝えします。

公演が中止となった場合のみ、手数料を差し...",True,,,absent_unverified,,2026-09-27 09:48:30,,,,
gbnyhfoqbn,,key-to-lit-arena-tour-2026-neo-classics,2026-10-03,18:00,マリンメッセ福岡 A館,electronic,female,同行,ひ,5.0,,同行記載あり,2026-09-24 11:27:01,scrape_observed,2026-09-25 01:01:12,,,listing,1,55000,"本人確認対応可/重複すり替えなし/サイチェン可/入場受け取り評価後即解散/初期当選/変ボ有り該当名義 /着ブロ希望なし/有効期限内

当方と同行になります(中村...",True,,,absent_unverified,,2026-09-27 09:48:30,,,,
zpcd1sl96k,,key-to-lit-arena-tour-2026-neo-classics,2026-10-03,18:00,マリンメッセ福岡 A館,electronic,female,同行,ole,5.0,,,2026-09-24 11:27:01,scrape_observed,2026-09-25 01:01:12,,,listing,1,50000,"初期当選/該当名義/期限内 変更ボタンあり/重複 すり替え無し/下3桁提示可

開場時間に会場周辺集合、同時入場後一旦発券された座席までご移動お願いいたします。...",True,,,absent_unverified,,2026-09-27 09:48:30,,,,
nmotxdjkrv,,key-to-lit-arena-tour-2026-neo-classics,2026-10-03,18:00,マリンメッセ福岡 A館,electronic,female,同行,ゆ,5.0,,,2026-09-24 11:27:01,scrape_observed,2026-09-25 01:01:12,,,listing,2,28000,"3名義中3番手/該当2非該当1/過去エラーなし/有効期限内/変更ボタンあり/すり替えなし/下3桁提示可能

当日は会場30分～15分前に会場付近に待ち合わせし、...",True,,,absent_unverified,,2026-09-27 09:48:30,,,,
eu2dqaha01,,key-to-lit-arena-tour-2026-neo-classics,2026-10-03,18:00,マリンメッセ福岡 A館,electronic,none,ランダム配布,め,5.0,,ランダム記載あり,2026-09-24 11:27:01,scrape_observed,2026-09-25 01:01:12,,,listing,1,15000,"【1名義のみのランダム配布】
FC枠当選
・同時入場後チケットを一度回収し、こちらでお渡しするチケットを選択した後に再配布させていただきます。
お渡しする座席へ...",True,,,absent_unverified,,2026-09-27 09:48:30,,,,
1y8vg6o8sj,,key-to-lit-arena-tour-2026-neo-classics,2026-10-03,18:00,マリンメッセ福岡 A館,electronic,female,同行,aaa,5.0,,同行番手,2026-09-24 11:27:01,scrape_observed,2026-09-25 01:01:12,,,listing,2,40000,"5名義中4番手/FC先行初期当選/該当名義/下3桁提示可能/有効期限内/本確対応不可

【お取引成立後はプライベートモードへ移行させていただくので、ご購入前に必...",True,,,absent_unverified,,2026-09-27 09:48:30,,,,
ibpp5z01n4,,key-to-lit-arena-tour-2026-neo-classics,2026-10-03,18:00,マリンメッセ福岡 A館,electronic,female,公演日前日にログイン情報共有,あ,5.0,,QR,2026-09-24 11:27:01,scrape_observed,2026-09-25 01:01:12,,,listing,2,55000,"QRごと/非該当名義/初期当選/有効期限内/会員番号下3桁提示可能/着ブロ希望なし

同行者登録は買い手様ご自身でお願いします。
名義を傷つける行為はお辞めくだ...",True,,,absent_unverified,,2026-09-27 09:48:30,,,,
w4tc35nu52,,key-to-lit-arena-tour-2026-neo-classics,2026-10-03,18:00,マリンメッセ福岡 A館,electronic,female,同行,な,4.4,,同行,2026-09-24 11:27:01,scrape_observed,2026-09-25 00:01:19,,,listing,1,49000,"初期当選/変ボ有り/該当名義 (井上名義)/着ブロ希望なし/有効期限内/本人確認対応可/重複すり替えなし/ サイチェン不可/井上担不可

2連中1枚 当方と同行...",True,,,absent_unverified,,2026-09-27 09:48:30,,,,
cqxh7jcem8,,key-to-lit-arena-tour-2026-neo-classics,2026-10-03,18:00,マリンメッセ福岡 A館,electronic,female,公演日前日にQRコード共有,みず,5.0,,QR,2026-09-24 11:27:01,scrape_observed,2026-09-25 00:01:19,,,listing,2,55000,"情報局先行 初期当選  KEY TO LIT名義 変更ボタンあり   QRごとのお譲り サイチェン可能 下3桁開示可能  座席未定　初期当選

同行者登録は購入...",True,,,absent_unverified,,2026-09-27 09:48:30,,,,
o3z21ng1u8,,key-to-lit-arena-tour-2026-neo-classics,2026-10-03,18:00,マリンメッセ福岡 A館,electronic,female,同行,s,5.0,,同行,2026-09-24 11:27:01,scrape_observed,2026-09-25 01:01:12,,,listing,1,60000,"2連中1枚同行 
初期当選/該当名義（変更ボタンあり）/有効期限内/下3桁提示可/本確対応可/着ブロ希望なし

開場10分前に会場付近で待ち合わせを予定していま...",True,,,absent_unverified,,2026-09-27 09:48:30,,,,
75k87q6wp5,,key-to-lit-arena-tour-2026-neo-classics,2026-10-03,18:00,マリンメッセ福岡 A館,electronic,female,番手,N,5.0,,番手,2026-09-24 11:27:01,scrape_observed,2026-09-25 00:01:19,,,listing,1,35000,"2名義中2番手の2連中の1枚

初期当選/有効期限内/該当名義/ボタンあり/下3桁提示可/すり替えなし

集合時間や場所などの詳細は、公演前日までに連絡ボードに...",True,,,absent_unverified,,2026-09-27 09:48:30,,,,
k7ijouudw4,,key-to-lit-arena-tour-2026-neo-classics,2026-10-03,18:00,マリンメッセ福岡 A館,electronic,female,公演当日までにQRコード共有,♡,4.4,,QR,2026-09-24 11:27:01,scrape_observed,2026-09-25 00:01:19,,,listing,2,45000,"情報局先行 初期当選  KEY TO LIT名義 変更ボタンあり   QRごとのお譲り サイチェン可能 下3桁開示可能  条件無し  座席未定

復活当選、制作...",True,,,absent_unverified,,2026-09-27 09:48:30,,,,
3ahkvn6olp,,key-to-lit-arena-tour-2026-neo-classics,2026-10-03,18:00,マリンメッセ福岡 A館,electronic,female,同行,T,5.0,,同行番手,2026-09-24 11:27:01,scrape_observed,2026-09-25 01:01:12,,,listing,2,45000,"5名義中3番手/初期当選/有効期限内/すり替えなし/下3桁提示可/着ブロ希望なし/座席未定

5名義中3番手

ご購入の方はプラベル出品いたしますのでお声がけ下...",True,,,absent_unverified,,2026-09-27 09:48:30,,,,
fur88yaqc3,,key-to-lit-arena-tour-2026-neo-classics,2026-10-03,18:00,マリンメッセ福岡 A館,electronic,female,同行,♡,4.4,,番手,2026-09-24 11:27:01,scrape_observed,2026-09-25 01:01:12,,,listing,2,24000,"3名義中3番手

複数名義所持しているため、同時入場後は発券したチケットを一度回収させて頂き、座席はこちらで選ばせて頂きます。

座席はお選びすることはできませ...",True,,,absent_unverified,,2026-09-27 09:48:30,,,,
gp7mczbri7,,key-to-lit-arena-tour-2026-neo-classics,2026-10-03,18:00,マリンメッセ福岡 A館,electronic,female,同行,u.,5.0,,番手,2026-09-24 11:27:01,scrape_observed,2026-09-25 01:01:12,,,listing,2,40000,"


6名義中4番手/初期当選/ボタンあり/該当名義/有効期限内/すり替えなし/同一クレカ支払いなし/本人確認不可/着ブロ希望なし/座席未定/下3桁の提示可/同...",True,,,absent_unverified,,2026-09-27 09:48:30,,,,
0n6oal75m8,,key-to-lit-arena-tour-2026-neo-classics,2026-10-03,18:00,マリンメッセ福岡 A館,electronic,female,2名義中2番手,うさ,5.0,,番手,2026-09-24 11:27:01,scrape_observed,2026-09-25 01:01:12,,,listing,2,35000,"2名義中2番手/初期当選/有効期限内/すり替えなし/下3桁提示可/座席未定

公演当日は当方が指定する場所、時間に集合していただき同時入場となります。

公演中...",True,,,absent_unverified,,2026-09-27 09:48:30,,,,
w6px6yest5,,key-to-lit-arena-tour-2026-neo-classics,2026-10-03,18:00,マリンメッセ福岡 A館,electronic,none,当日手渡し,れ,4.8,,ランダム,2026-09-24 11:27:01,scrape_observed,2026-09-25 01:01:12,,,listing,2,15000,"ランダム配布(2連確約,立ち見なし)

【取引にあたり注意事項】
日本語理解できる方、日本の電話番号お持ちの方のみ購入をお願いいたします。

チケット取引につい...",True,,,absent_unverified,,2026-09-27 09:48:30,,,,
dxotvejy62,,key-to-lit-arena-tour-2026-neo-classics,2026-10-03,18:00,マリンメッセ福岡 A館,electronic,female,同行,T,5.0,,同行番手,2026-09-24 11:27:01,scrape_observed,2026-09-25 01:01:12,,,listing,2,37000,"5名義中4番手/初期当選/有効期限内/すり替えなし/下3桁提示可/着ブロ希望なし/座席未定

5名義中4番手

ご購入の方はプラベル出品いたしますのでお声がけ下...",True,,,absent_unverified,,2026-09-27 09:48:30,,,,
u8933t69kt,,key-to-lit-arena-tour-2026-neo-classics,2026-10-03,18:00,マリンメッセ福岡 A館,electronic,none,ランダム,ュ,5.0,,ランダム,2026-09-24 11:27:01,scrape_observed,2026-09-25 01:01:12,,,listing,2,13000,"ランダム配布です。

当日指定の時間、場所に集合頂き同時入場いたします。複数の方に集合していただく為時間厳守、お時間余裕をもってお越しください。
QRコード表示...",True,,,absent_unverified,,2026-09-27 09:48:30,,,,
oalk7i3wpa,,key-to-lit-arena-tour-2026-neo-classics,2026-10-03,18:00,マリンメッセ福岡 A館,electronic,female,同行,み,5.0,,QR同行番手ランダム,2026-09-24 11:27:01,scrape_observed,2026-09-24 13:01:20,,,listing,1,9000,"ランダム配布
・公演当日、開場時間の45分前までに会場付近で待ち合わせし同時入場いただきます。
詳しい待ち合わせにつきましては、公演が近くなりましたら連絡ボードにてお伝え致します。
・複数人での入場となりますので遅刻等ないように余裕を持ってお越しください。
遅刻された場合はいかなる理由があっても先に入場致します。その場合も受け取り連絡をお願い致します。
・入場後は一度解散し、あらかじめ指定した時間場所にて会場内で集合いただきます。
開演の5～10分前までにはチケットを必ずお渡しします。
チケットをお渡しの際にその場で受け取り連絡をお願いします。
・ご購入者様はお座席をお選びいただけませんので、お座席に関するクレームは一切お受けできません。
また名義に関する質問もお答え出来かねます。
・スムーズなやり取りのため日本語の話せる成人済みの方のみご購入をお願いします。
・公演中止以外の理由での返金は一切致しませんのでご了承ください。",True,,,absent_unverified,,2026-09-27 09:48:30,,,,
fxodgcem8f,,key-to-lit-arena-tour-2026-neo-classics,2026-10-03,18:00,マリンメッセ福岡 A館,electronic,female,公演当日QRコード共有,くりた,5.0,,QR,2026-09-24 11:27:01,scrape_observed,2026-09-25 01:01:12,,,listing,2,65000,"QRごと / すり替え重複なし / FC有効期限内
下3桁提示可 / 同行者登録可能

公演当日、ログインに必要な情報をお伝えします。

公演が中止となった場合...",True,,,absent_unverified,,2026-09-27 09:48:30,,,,
dwrtkrfhe5,,key-to-lit-arena-tour-2026-neo-classics,2026-10-03,18:00,マリンメッセ福岡 A館,electronic,female,即渡し,あ,5.0,,番手,2026-09-24 11:27:01,scrape_observed,2026-09-25 01:01:12,,,listing,1,21000,"4名義中4番手
全て初期当選/下3桁提示可/すり替えなし/即渡し

プライベート出品に切り替えますので、ご希望の方はコメントお願い致します。

他サイトにも出品...",True,,,absent_unverified,,2026-09-27 09:48:30,,,,
gj5v4xqxrd,,key-to-lit-arena-tour-2026-neo-classics,2026-10-03,18:00,マリンメッセ福岡 A館,electronic,female,同行,♡,4.4,,ランダム,2026-09-24 11:27:01,scrape_observed,2026-09-25 01:01:12,,,listing,2,13000,"ランダム配布を理解している方のみご購入ください。

複数名義所持しているため、同時入場後は発券したチケットを一度回収させて頂き、座席はこちらで選ばせて頂きます。...",True,,,absent_unverified,,2026-09-27 09:48:30,,,,
n7wvgsuvuk,,key-to-lit-arena-tour-2026-neo-classics,2026-10-03,18:00,マリンメッセ福岡 A館,electronic,female,公演日1日前にQRコード共有,しー,5.0,,QR,2026-09-24 11:27:01,scrape_observed,2026-09-25 01:01:12,,,listing,2,50000,QRごと/下3桁提示/有効期限内／同行者登録は買い手様でお願いします。入場後に座席の写メを送って頂ける方。ご購入前にコメントを頂ければ即決に変更させて頂きます。...,True,,,absent_unverified,,2026-09-27 09:48:30,,,,
8uc6boq51q,,key-to-lit-arena-tour-2026-neo-classics,2026-10-03,18:00,マリンメッセ福岡 A館,electronic,female,公演前日QRコード共有,m,5.0,,QR,2026-09-24 11:27:01,scrape_observed,2026-09-25 00:01:19,,,listing,2,55000,"QR毎/すり替え無し/下3桁提示可/初期当選/有効期限内/該当名義/変更ボタンあり/着ブロ希望無し

・公演前日にログインに必要な情報を連絡ボードにてお伝えしま...",True,,,absent_unverified,,2026-09-27 09:48:30,,,,
emkaaew3ph,,key-to-lit-arena-tour-2026-neo-classics,2026-10-03,18:00,マリンメッセ福岡 A館,electronic,female,同行,ぼー,5.0,,番手,2026-09-24 11:27:01,scrape_observed,2026-09-25 00:01:19,,,listing,2,27000,"5名義中4番手/すべて初期当選/該当名義

メッセージ後、プライベート出品に切り替えますのでご連絡ください。

必ず最後までお読みいただき、ご理解いただける方の...",True,,,absent_unverified,,2026-09-27 09:48:30,,,,
4fdbu97jdc,,key-to-lit-arena-tour-2026-neo-classics,2026-10-03,18:00,マリンメッセ福岡 A館,paper,female,当日手渡し,取引,5.0,,同行番手,2026-09-24 11:27:01,scrape_observed,2026-09-25 01:01:12,,,listing,2,25000,"プライベート出品にしますのでコメントください。
★すり替えなし 指定席のみ 2連確約★
全名義入場後約10分以内にお渡しします。プライベート出品に変えますのでコ...",True,,,absent_unverified,,2026-09-27 09:48:30,,,,
uhgqgyssdi,,key-to-lit-arena-tour-2026-neo-classics,2026-10-03,18:00,マリンメッセ福岡 A館,electronic,female,同行,ゆ,5.0,,番手,2026-09-24 11:27:01,scrape_observed,2026-09-25 01:01:12,,,listing,2,40000,"2名義中2番手　即5
両方とも該当(変ボあり)/初期当選/下3桁提示可/有効会員

開場時間の30分前までに会場付近でお集まりいただき、同時入場いたします。
遅...",True,,,absent_unverified,,2026-09-27 09:48:30,,,,
cbo2fp4t7n,,key-to-lit-arena-tour-2026-neo-classics,2026-10-03,18:00,マリンメッセ福岡 A館,electronic,female,同行,め,5.0,,同行,2026-09-24 11:27:01,scrape_observed,2026-09-25 01:01:12,,,listing,1,62999,"2名義中1番手同行
初期当選/該当名義/すり替えなし/下3桁提示可

購入意思のないいいねはお控えください

連番の場合連番内の番号はお選び頂けませんが同等の席...",True,,,absent_unverified,,2026-09-27 09:48:30,,,,
k0zyv6y3pj,,key-to-lit-arena-tour-2026-neo-classics,2026-10-03,18:00,マリンメッセ福岡 A館,electronic,female,公演日2日前までにQRコード共有,レ,5.0,,QR,2026-09-24 11:27:01,scrape_observed,2026-09-25 00:01:19,,,listing,2,55000,"該当名義QR毎/同行者登録可/下3桁提示可/初期当選/有効期限内/着ブロ希望無し/変更ボタン有


公演2日前にログイン情報を連絡ボードでお伝えいたします。入場...",True,,,absent_unverified,,2026-09-27 09:48:30,,,,
6fyedgk8go,,key-to-lit-arena-tour-2026-neo-classics,2026-10-03,18:00,マリンメッセ福岡 A館,electronic,none,ランダム,ュ,5.0,,ランダム,2026-09-24 11:27:01,scrape_observed,2026-09-25 01:01:12,,,listing,1,5300,"ランダム配布です。

当日指定の時間、場所に集合頂き同時入場いたします。複数の方に集合していただく為時間厳守、お時間余裕をもってお越しください。
QRコード表示...",True,,,absent_unverified,,2026-09-27 09:48:30,,,,
une7kqkg7g,,key-to-lit-arena-tour-2026-neo-classics,2026-10-03,18:00,マリンメッセ福岡 A館,electronic,female,同行,u.,5.0,,番手,2026-09-24 11:27:01,scrape_observed,2026-09-25 01:01:12,,,listing,2,30000,"


6名義中5番手/初期当選/ボタンあり/該当名義/有効期限内/すり替えなし/同一クレカ支払いなし/本人確認不可/着ブロ希望なし/座席未定/下3桁の提示可/同...",True,,,absent_unverified,,2026-09-27 09:48:30,,,,
d03ed30fjc,,key-to-lit-arena-tour-2026-neo-classics,2026-10-03,18:00,マリンメッセ福岡 A館,electronic,female,同行,あ,5.0,,番手,2026-09-24 11:27:01,scrape_observed,2026-09-25 01:01:12,,,listing,2,30000,"すり替えなし2名義中2番手
該当エラー等なし
変更ボタン有 有効期限内 下3桁提示可能


開場30分前目安に集合して頂きます。
同時入場後 チケットを選ぶ際に...",True,,,absent_unverified,,2026-09-27 09:48:30,,,,
ulyovq9hlz,,key-to-lit-arena-tour-2026-neo-classics,2026-10-03,18:00,マリンメッセ福岡 A館,paper,female,当日手渡し,m,5.0,,ランダム,2026-09-24 11:27:01,scrape_observed,2026-09-25 01:01:12,,,listing,1,7999,"管理の関係でプライベート出品させていただきたいので購入希望の方はコメントお願いします。
ランダム配布を理解されている日本語の通じる女性の方のみご購入お願いいたし...",True,,,absent_unverified,,2026-09-27 09:48:30,,,,
kfg7by9fjw,,key-to-lit-arena-tour-2026-neo-classics,2026-10-03,18:00,マリンメッセ福岡 A館,electronic,female,ランダム配布,K,5.0,,ランダム,2026-09-24 11:27:01,scrape_observed,2026-09-25 01:01:12,,,listing,1,6000,・指定の場所に集合後、同時入場して頂きます。時間厳守できる方でお願い致します。万が一、遅刻された場合もこちらで先に入場致しますが、その際も受け取り評価して頂きま...,True,,,absent_unverified,,2026-09-27 09:48:30,,,,
2tgkkbpjxp,,key-to-lit-arena-tour-2026-neo-classics,2026-10-03,18:00,マリンメッセ福岡 A館,paper,female,当日手渡し,13,5.0,,番手,2026-09-24 11:27:01,scrape_observed,2026-09-25 01:01:12,,,listing,2,35000,"2名義中2番手　2連希望優先
1番手は入所日非該当 
下3桁提示可/有効期限内/変ボあり/

・同時入場後にチケットを全て回収させて頂き、こちらで先に座席を選ば...",True,,,absent_unverified,,2026-09-27 09:48:30,,,,
97z8a8dfk6,,key-to-lit-arena-tour-2026-neo-classics,2026-10-03,18:00,マリンメッセ福岡 A館,electronic,female,同行,t,5.0,,同行番手,2026-09-24 11:27:01,scrape_observed,2026-09-25 00:01:19,,,listing,2,35000,"2名義中2番手
情報局先行/初期当選/該当名義/有効期限内/変更ボタンあり/下3桁提示可/すり替えなし

公演当日開場20分前を目安に会場付近に集合し、同時入場...",True,,,absent_unverified,,2026-09-27 09:48:30,,,,
7u4cums0o1,,key-to-lit-arena-tour-2026-neo-classics,2026-10-03,18:00,マリンメッセ福岡 A館,electronic,female,同行,T,5.0,,同行番手,2026-09-24 11:27:01,scrape_observed,2026-09-25 01:01:12,,,listing,2,0,"5名義中2番手/初期当選/有効期限内/すり替えなし/下3桁提示可/着ブロ希望なし/座席未定

5名義中2番手

ご購入の方はプライベート出品いたしますのでお声が...",True,,,absent_unverified,,2026-09-27 09:48:30,,,,
4hm5p0wmde,,key-to-lit-arena-tour-2026-neo-classics,2026-10-03,18:00,マリンメッセ福岡 A館,electronic,female,5名義中5番手,ねこ,5.0,,番手,2026-09-24 11:27:01,scrape_observed,2026-09-25 01:01:12,,,listing,2,25000,"✨5名義中5番手✨
全て初期当選/変更ボタンあり/該当名義/すり替えなし/下3桁提示可/有効期限内/同行者登録可

開場時間の45分前頃に会場付近にて待ち合わせ...",True,,,absent_unverified,,2026-09-27 09:48:30,,,,
t5b6uufq47,,key-to-lit-arena-tour-2026-neo-classics,2026-10-03,18:00,マリンメッセ福岡 A館,electronic,female,同行,t,5.0,,,2026-09-24 11:27:01,scrape_observed,2026-09-25 01:01:12,,,listing,2,37000,"情報局先行 座席未定 初期当選 2名義中2番手  全て該当名義・有効期限内

公演当日、会場付近にて待ち合わせし、同時入場していただきます。
詳しい待ち合わせ時...",True,,,absent_unverified,,2026-09-27 09:48:30,,,,
xdbkpg4lum,,key-to-lit-arena-tour-2026-neo-classics,2026-10-03,18:00,マリンメッセ福岡 A館,electronic,female,同行,モ,4.4,,同行番手,2026-09-24 11:27:01,scrape_observed,2026-09-25 01:01:12,,,listing,1,50000,2名義中1番手同行/初期当選/該当名義/すり替えなし/有効期限内,True,,,absent_unverified,,2026-09-27 09:48:30,,,,
no83d2mws7,,key-to-lit-arena-tour-2026-neo-classics,2026-10-03,18:00,マリンメッセ福岡 A館,electronic,female,同行,ai,5.0,,番手,2026-09-24 11:27:01,scrape_observed,2026-09-25 00:01:19,,,listing,2,23000,"4名義中3番手 初期当選 すり替えなし 期限内 該当名義 下3桁提示可

🌟プライベート出品いたしますので、ご購入ご希望の方はコメントをお願いいたします。...",True,,,absent_unverified,,2026-09-27 09:48:30,,,,
7bnv3y7wcc,,key-to-lit-arena-tour-2026-neo-classics,2026-10-03,18:00,マリンメッセ福岡 A館,electronic,none,ランダム配布,r,5.0,,ランダム,2026-09-24 11:27:01,scrape_observed,2026-09-25 00:01:19,,,listing,1,5000,"複数名義所持しているため、同時入場後に1度チケットを回収させていただき、当方が座席選択後にランダムに配布します。

チケットの選択にお時間をいただきますのであら...",True,,,absent_unverified,,2026-09-27 09:48:30,,,,
0m8t6l01hx,,key-to-lit-arena-tour-2026-neo-classics,2026-10-03,18:00,マリンメッセ福岡 A館,electronic,female,同行,aaa,5.0,,ランダム,2026-09-24 11:27:01,scrape_observed,2026-09-25 01:01:12,,,listing,2,19000,"【ランダム配布にご理解ある方のみご購入お願い致します】
同時入場後、ランダムでチケットをお渡しさせて頂きます。
ご自身での座席選択はできかねますのでご了承くださ...",True,,,absent_unverified,,2026-09-27 09:48:30,,,,
kq09adkfux,,key-to-lit-arena-tour-2026-neo-classics,2026-10-03,18:00,マリンメッセ福岡 A館,electronic,female,同行,T,5.0,,同行番手,2026-09-24 11:27:01,scrape_observed,2026-09-25 01:01:12,,,listing,1,28000,"5名義中5番手/初期当選/有効期限内/すり替えなし/下3桁提示可/着ブロ希望なし/座席未定

5名義中5番手

ご購入の方はプラベル出品いたしますのでお声がけ下...",True,,,absent_unverified,,2026-09-27 09:48:30,,,,
awwo14r94q,,key-to-lit-arena-tour-2026-neo-classics,2026-10-03,18:00,マリンメッセ福岡 A館,electronic,female,2名義中2番手,す,5.0,,番手,2026-09-24 11:27:01,scrape_observed,2026-09-25 01:01:12,,,listing,2,30000,"2名義中2番手/初期当選/有効期限内/すり替えなし/下3桁提示可/座席未定

公演当日は当方が指定する場所、時間に集合していただき同時入場となります。
購入者様...",True,,,absent_unverified,,2026-09-27 09:48:30,,,,
up6xcnwkpq,,key-to-lit-arena-tour-2026-neo-classics,2026-10-03,18:00,マリンメッセ福岡 A館,electronic,female,5名義中4番手,ねこ,5.0,,番手,2026-09-24 11:27:01,scrape_observed,2026-09-25 01:01:12,,,listing,2,30000,"✨5名義中4番手✨
全て初期当選/変更ボタンあり/該当名義/すり替えなし/下3桁提示可/有効期限内/同行者登録可

開場時間の45分前頃に会場付近にて待ち合わせ...",True,,,absent_unverified,,2026-09-27 09:48:30,,,,
35qb81dx16,,key-to-lit-arena-tour-2026-neo-classics,2026-10-03,18:00,マリンメッセ福岡 A館,electronic,female,同行,み,5.0,,ランダム番手同行QR,2026-09-24 11:27:01,scrape_observed,2026-09-25 00:01:19,,,listing,2,12000,"ランダム配布 

・公演当日、開場時間の45分前までに会場付近で待ち合わせし同時入場いただきます。
詳しい待ち合わせにつきましては、公演が近くなりましたら連絡ボ...",True,,,absent_unverified,,2026-09-27 09:48:30,,,,
qybjxigxcj,,key-to-lit-arena-tour-2026-neo-classics,2026-10-03,18:00,マリンメッセ福岡 A館,electronic,female,同行,dora,5.0,,ランダム,2026-09-24 11:27:01,scrape_observed,2026-09-25 01:01:12,,,listing,1,15000,"同時入場後、一旦回収させて頂きランダムに配布させて頂きます。座席選択はできませんのでご了承ください。
またランダム配布の為下3桁をお伝えすることはできませんご了...",True,,,absent_unverified,,2026-09-27 09:48:30,,,,
5a1zfpxu94,,key-to-lit-arena-tour-2026-neo-classics,2026-10-03,18:00,マリンメッセ福岡 A館,electronic,female,3名義中3番手,m,5.0,,番手,2026-09-24 11:27:01,scrape_observed,2026-09-25 01:01:12,,,listing,2,35000,"3名義中3番手 / すり替えなし / FC先行初期当選 / 全て入所日該当名義 / 下3桁提示可能 / 有効期限内 / 変更ボタン有り

・当日は指定時間に集合...",True,,,absent_unverified,,2026-09-27 09:48:30,,,,
e94xej3t2h,,key-to-lit-arena-tour-2026-neo-classics,2026-10-03,18:00,マリンメッセ福岡 A館,electronic,female,2名義中1番手 同行,A,5.0,,同行番手,2026-09-24 11:27:01,scrape_observed,2026-09-25 00:01:19,,,listing,1,55000,"2名義中1番手　同行
初期/該当/変ボ有/すり替えなし
取引成立後下3桁提示可

井上担不可

担当記載の上コメントください。",True,,,absent_unverified,,2026-09-27 09:48:30,,,,
5yq8xa712l,,key-to-lit-arena-tour-2026-neo-classics,2026-10-03,18:00,マリンメッセ福岡 A館,electronic,female,同行,ふわ,5.0,,番手,2026-09-24 11:27:01,scrape_observed,2026-09-25 00:01:19,,,listing,2,35000,"6名義中5番手/初期当選/変更ボタンあり/該当名義/有効期限内/すり替えなし/同一クレカ支払いなし/本人確認不可/着ブロ希望なし/座席未定/下3桁提示可

ご購...",True,,,absent_unverified,,2026-09-27 09:48:30,,,,
bj9doyf8nu,,key-to-lit-arena-tour-2026-neo-classics,2026-10-03,18:00,マリンメッセ福岡 A館,electronic,female,公演前日にログイン情報共有,み,5.0,,QR,2026-09-24 11:27:01,scrape_observed,2026-09-25 00:01:19,,,listing,2,55000,"QRごと/該当名義/初期当選/有効期限内/会員番号下3桁提示可能/着ブロ希望なし

同行者登録は買い手様ご自身でお願いします。
名義を傷つける行為はお辞めくださ...",True,,,absent_unverified,,2026-09-27 09:48:30,,,,
io7fgzsovx,,key-to-lit-arena-tour-2026-neo-classics,2026-10-03,18:00,マリンメッセ福岡 A館,electronic,female,同行,ゆ,5.0,,同行,2026-09-24 11:27:01,scrape_observed,2026-09-25 01:01:12,,,listing,1,63000,"プラベル通しで6.0までお値下げ可能です
情報局先行 座席未定/2名義中1番手同行/中村担不可/該当名義/有効期限内/会員番号下3桁提示可/公演中止時のみ各種手...",True,,,absent_unverified,,2026-09-27 09:48:30,,,,
y8h22xq68r,,key-to-lit-arena-tour-2026-neo-classics,2026-10-03,18:00,マリンメッセ福岡 A館,electronic,female,公演当日当方が指定する場所、時間に集合していただき同時入場して頂きます。,♡,5.0,,番手,2026-09-24 11:27:01,scrape_observed,2026-09-25 01:01:12,,,listing,2,21000,"3名義3番手/初期当選/有効期限内/すり替えなし/下3桁提示可/座席未定

3名義3番手

ご購入の方はプライベート出品いたしますのでお声がけ下さい。

公演当...",True,,,absent_unverified,,2026-09-27 09:48:30,,,,
cy9ghdw0m8,,key-to-lit-arena-tour-2026-neo-classics,2026-10-03,18:00,マリンメッセ福岡 A館,electronic,female,公演前日にログイン情報共有,ほ,5.0,,QR,2026-09-24 11:27:01,scrape_observed,2026-09-25 00:01:19,,,listing,2,60000,"QR毎/重複なし/該当名義/有効期限内/下3桁提示可/同行者登録可

公演前日にログイン情報お伝えします。

公演中止の場合のみ、手数料を差し引いた金額を返金い...",True,,,absent_unverified,,2026-09-27 09:48:30,,,,
j52d6wzvuc,,key-to-lit-arena-tour-2026-neo-classics,2026-10-03,18:00,マリンメッセ福岡 A館,electronic,female,同行,m,5.0,,同行,2026-09-24 11:27:01,scrape_observed,2026-09-25 00:01:19,,,listing,1,48000,"当方と同行
初期当選/下三桁提示可/同行者登録可/該当名義

開演10分前集合を予定しております。

入場後、チケットお渡し後は速やかに受取連絡をお願いいたしま...",True,,,absent_unverified,,2026-09-27 09:48:30,,,,
j6rm6fpy6e,,key-to-lit-arena-tour-2026-neo-classics,2026-10-03,18:00,マリンメッセ福岡 A館,electronic,female,番手でのお渡し,tpjm,5.0,,QR番手,2026-09-24 11:27:01,scrape_observed,2026-09-25 01:01:12,,,listing,1,38000,"開場時間10分前に集合し、同時入場をお願いします。チケットは単番と連番含む4名義中3番手となります。（5枚中4枚目、全て非該当）
また、公演中止以外の理由（ラン...",True,,,absent_unverified,,2026-09-27 09:48:30,,,,
rvv14kdj3m,,key-to-lit-arena-tour-2026-neo-classics,2026-10-03,18:00,マリンメッセ福岡 A館,electronic,female,公演前日にログイン情報共有,か,5.0,,QR,2026-09-24 11:27:01,scrape_observed,2026-09-25 01:01:12,,,listing,2,52000,"重複なし/初期当選/有効期限内/該当名義/すり替えなし/下3桁提示可/着ブロ希望なし/座席未定

・公演前日(10/2)にログイン情報をお伝えします。一度ログイ...",True,,,absent_unverified,,2026-09-27 09:48:30,,,,
bxku0mfzpo,,key-to-lit-arena-tour-2026-neo-classics,2026-10-03,18:00,マリンメッセ福岡 A館,electronic,female,同行,coco72,5.0,,同行,2026-09-24 11:27:01,scrape_observed,2026-09-25 01:01:12,,,listing,1,41500,"重複無し/すり替え無し/該当（変更ボタン有）/同行/初期当選/下2桁提示可/過去ランダムエラー・発送戻り無し/着ブロ希望無し/過去2年以上連続スタンド

プライ...",True,,,absent_unverified,,2026-09-27 09:48:30,,,,
c32ahelre9,,key-to-lit-arena-tour-2026-neo-classics,2026-10-03,18:00,マリンメッセ福岡 A館,electronic,female,同行,H,5.0,,同行,2026-09-24 11:27:01,scrape_observed,2026-09-25 00:01:19,,,listing,1,45000,"【同行募集】該当（井上）名義/初期当選/有効期限内/変更ボタン有り/すり替えなし/サイチェン可/下三桁提示可/同行者登録可

2連中1枚当方との同行になります。...",True,,,absent_unverified,,2026-09-27 09:48:30,,,,
ve28fn7f3x,,key-to-lit-arena-tour-2026-neo-classics,2026-10-03,18:00,マリンメッセ福岡 A館,electronic,female,早渡しランダム配布,Y,5.0,,ランダム,2026-09-24 11:27:01,scrape_observed,2026-09-25 01:01:12,,,listing,2,20000,"指定席のみ2連確約早渡しランダム配布(ランダム配布にご理解のある方のみご購入お願いします。)
開演30分前渡し※指定席のみ

公演当日、開場時間の45分前に会場...",True,,,absent_unverified,,2026-09-27 09:48:30,,,,
b1ahbojivz,,key-to-lit-arena-tour-2026-neo-classics,2026-10-03,18:00,マリンメッセ福岡 A館,electronic,female,同行,s,5.0,,ランダム,2026-09-24 11:27:01,scrape_observed,2026-09-25 01:01:12,,,listing,1,15000,"【座席未定/少人数ランダム配布】

・公演当日は会場付近指定の場所に集合予定です。時間厳守でお願いします。交通機関の遅延等如何なる理由であっても一切お待ち致しか...",True,,,absent_unverified,,2026-09-27 09:48:30,,,,
nd89xv83s2,,key-to-lit-arena-tour-2026-neo-classics,2026-10-03,18:00,マリンメッセ福岡 A館,electronic,female,同行,あ,5.0,,ランダム,2026-09-24 11:27:01,scrape_observed,2026-09-25 01:01:12,,,listing,1,6000,"少人数ランダム、中相場買取可能
プライベート出品に切り替えますので、ご希望の方はコメントお願い致します。

当方が座席を選択した後、残ったチケットをランダムでお...",True,,,absent_unverified,,2026-09-27 09:48:30,,,,
36t1j9ocar,,key-to-lit-arena-tour-2026-neo-classics,2026-10-03,18:00,マリンメッセ福岡 A館,electronic,female,同行,取引,5.0,,,2026-09-24 11:27:01,scrape_observed,2026-09-25 01:01:12,,,listing,1,5500,"プライベート出品に変えますのでコメントください。
・指定の場所に集合後、同時入場して頂きます。時間厳守できる方でお願い致します。万が一、遅刻された場合もこちらで...",True,,,absent_unverified,,2026-09-27 09:48:30,,,,
npyqix66ua,,key-to-lit-arena-tour-2026-neo-classics,2026-10-03,18:00,マリンメッセ福岡 A館,electronic,female,2名義中2番手,りぃ,5.0,,番手同行,2026-09-24 11:27:01,scrape_observed,2026-09-25 01:01:12,,,listing,2,33000,"2名義中2番手/初期当選/有効期限内/すり替えなし/下3桁提示可/座席未定 /1名義非該当
公演当日は当方が指定する場所、時間に集合していただき同時入場となりま...",True,,,absent_unverified,,2026-09-27 09:48:30,,,,
qm3byf4fnn,,key-to-lit-arena-tour-2026-neo-classics,2026-10-04,12:30,マリンメッセ福岡 A館,electronic,female,同行,M,5.0,,番手,2026-09-24 11:27:01,scrape_observed,2026-09-25 00:01:19,,,listing,2,45000,"２名義中２番手 有効期限内 該当名義(変更ボタン有) 重複すり替え無し 下３桁提示可 

・当日会場10分前頃待ち合わせし、同時入場していただきます。時間厳守で...",True,,,absent_unverified,,2026-09-27 09:48:30,,,,
bx1ga0t83n,,key-to-lit-arena-tour-2026-neo-classics,2026-10-04,12:30,マリンメッセ福岡 A館,electronic,female,公演日前日QR共有,いぶ,5.0,,QR,2026-09-24 11:27:01,scrape_observed,2026-09-25 06:01:17,,,listing,1,44000,"QR毎/下3桁提示可/初期当選/有効期限内/非該当名義/着ブロ希望無し/代表者チェックはご自身でお願い致します。
公演前日にログイン情報を連絡ボードにてお伝えい...",True,,,absent_unverified,,2026-09-27 09:48:30,,,,
q02ui6pj1d,,key-to-lit-arena-tour-2026-neo-classics,2026-10-04,12:30,マリンメッセ福岡 A館,electronic,female,同行,nya,5.0,,ランダム,2026-09-24 11:27:01,scrape_observed,2026-09-25 00:01:19,,,listing,2,17000,"※ご購入前に必ずコメント下さい⚠️
プラベルもしくはチケテンにてSTART社以外のイベントとして再出品致します。

複数名義所持のランダム配布⭐️

●必ず2連...",True,,,absent_unverified,,2026-09-27 09:48:30,,,,
1x6hzkvnqp,,key-to-lit-arena-tour-2026-neo-classics,2026-10-04,12:30,マリンメッセ福岡 A館,electronic,female,同行,あ,5.0,,番手,2026-09-24 11:27:01,scrape_observed,2026-09-25 00:01:19,,,listing,2,46000,"2名義中2番手
すり替えなし 該当名義 下3桁提示可能 初期当選 有効期限内 変ボあり 着ブロ選択なし 
  
・当日会場付近にてお待ち合わせし、同時入場お願い...",True,,,absent_unverified,,2026-09-27 09:48:30,,,,
zvpoyfc7ku,,key-to-lit-arena-tour-2026-neo-classics,2026-10-04,12:30,マリンメッセ福岡 A館,electronic,female,公演日前日にログイン情報共有,しん,5.0,,QR,2026-09-24 11:27:01,scrape_observed,2026-09-25 00:01:19,,,listing,2,48000,"非該当名義/初期当選/有効期限内/下3桁提示可/着ブロ指定なし/変更ボタンあり

同行者登録は買い手様ご自身でお願い致します。
名義を傷つける行為はお辞めくださ...",True,,,absent_unverified,,2026-09-27 09:48:30,,,,
nu81oxo016,,key-to-lit-arena-tour-2026-neo-classics,2026-10-04,12:30,マリンメッセ福岡 A館,electronic,female,同行,♡,4.4,,ランダム,2026-09-24 11:27:01,scrape_observed,2026-09-25 01:01:12,,,listing,1,15000,"ランダム配布を理解している方のみご購入ください。

複数名義所持しているため、同時入場後は発券したチケットを一度回収させて頂き、座席はこちらで選ばせて頂きます。...",True,,,absent_unverified,,2026-09-27 09:48:30,,,,
i7mbtjw15u,,key-to-lit-arena-tour-2026-neo-classics,2026-10-04,12:30,マリンメッセ福岡 A館,electronic,female,同行,きらきら,5.0,,同行,2026-09-24 11:27:01,scrape_observed,2026-09-25 01:01:12,,,listing,1,62000,"2名義中1番手同行
初期当選/該当名義/すり替えなし/下3桁提示可/当方と同行
・指定した場所で待ち合わせをしていただきます。当日は時間厳守で集合をお願いいたし...",True,,,absent_unverified,,2026-09-27 09:48:30,,,,
332yxz85ir,,key-to-lit-arena-tour-2026-neo-classics,2026-10-04,12:30,マリンメッセ福岡 A館,electronic,female,同時入場,TA,5.0,,ランダム,2026-09-24 11:27:01,scrape_observed,2026-09-25 01:01:12,,,listing,1,19800,"ランダム配布 同時入場 立見なし 全て指定席 有効会員
ランダム配布をご理解している方のみご購入ください。
男性の方、日本語か話せる外国人の方も購入できます。...",True,,,absent_unverified,,2026-09-27 09:48:30,,,,
j69iba28n0,,key-to-lit-arena-tour-2026-neo-classics,2026-10-04,12:30,マリンメッセ福岡 A館,electronic,female,同行,な,5.0,,番手同行,2026-09-24 11:27:01,scrape_observed,2026-09-25 00:01:19,,,listing,2,28000,"3名義中3番手/初期当選/全て該当名義/1名義有効期限切れ/すり替えなし(
下3桁提示可能)

有効期限切れ名義は自名義のため本確対応可能

公演当日は当方が指...",True,,,absent_unverified,,2026-09-27 09:48:30,,,,
dkuuxp5yk9,,key-to-lit-arena-tour-2026-neo-classics,2026-10-04,12:30,マリンメッセ福岡 A館,electronic,male,手渡し,さとう,5.0,,番手,2026-09-24 11:27:01,scrape_observed,2026-09-25 01:01:12,,,listing,2,45000,"お譲り決定後プラベ出品にて購入をお願いしておりますので購入の際は、コメントください。

FC初期当選/該当名義/下3桁提示可能

2名義中2番手でのお渡しです。...",True,,,absent_unverified,,2026-09-27 09:48:30,,,,
3n4typnpeg,,key-to-lit-arena-tour-2026-neo-classics,2026-10-04,12:30,マリンメッセ福岡 A館,electronic,female,同時入場,am,5.0,,番手,2026-09-24 11:27:01,scrape_observed,2026-09-25 01:01:12,,,listing,2,35000,"4名義中4番手/該当名義/初期当選/有効期限内/変更ボタンあり/すり替えなし/会員番号下3桁提示可能

・公演当日、会場付近にて待ち合わせし、同時入場していただ...",True,,,absent_unverified,,2026-09-27 09:48:30,,,,
5qqs8pyljb,,key-to-lit-arena-tour-2026-neo-classics,2026-10-04,12:30,マリンメッセ福岡 A館,electronic,female,同行,K,5.0,,同行番手,2026-09-24 11:27:01,scrape_observed,2026-09-25 00:01:19,,,listing,2,48000,"すり替えなし2名義中2番手2枚
該当(変更ボタンあり)/初期当選/有効期限内

⭐︎開場時間に会場付近にて待合せ予定となります
⭐︎プラベルまたはプライベート出...",True,,,absent_unverified,,2026-09-27 09:48:30,,,,
2lubdiob86,,key-to-lit-arena-tour-2026-neo-classics,2026-10-04,12:30,マリンメッセ福岡 A館,electronic,none,同行,A,5.0,,ランダム,2026-09-24 11:27:01,scrape_observed,2026-09-25 01:01:12,,,listing,1,8000,"
当方が座席を選択した後、残ったチケットをランダムでお渡し致します。
ご購入様にお席をお選び頂くことはできません。

発券後、一度チケットを全て回収させていただ...",True,,,absent_unverified,,2026-09-27 09:48:30,,,,
x7am9yxeoi,,key-to-lit-arena-tour-2026-neo-classics,2026-10-04,12:30,マリンメッセ福岡 A館,electronic,female,同行,♡,4.4,,ランダム,2026-09-24 11:27:01,scrape_observed,2026-09-25 01:01:12,,,listing,2,20000,"ランダム配布を理解している方のみご購入ください。

複数名義所持しているため、同時入場後は発券したチケットを一度回収させて頂き、座席はこちらで選ばせて頂きます。...",True,,,absent_unverified,,2026-09-27 09:48:30,,,,
8rtkjwi1fe,,key-to-lit-arena-tour-2026-neo-classics,2026-10-04,12:30,マリンメッセ福岡 A館,electronic,none,ランダム配布,r,5.0,,ランダム,2026-09-24 11:27:01,scrape_observed,2026-09-24 16:01:21,,,listing,2,18000,"複数名義所持しているため、同時入場後に1度チケットを回収させていただき、当方が座席選択後にランダムに配布します。

チケットの選択にお時間をいただきますのであら...",True,,,absent_unverified,,2026-09-27 09:48:30,,,,
236p6twx4k,,key-to-lit-arena-tour-2026-neo-classics,2026-10-04,12:30,マリンメッセ福岡 A館,electronic,female,同行,dora,5.0,,ランダム番手,2026-09-24 11:27:01,scrape_observed,2026-09-25 01:01:12,,,listing,1,40000,"２名義中２番手 有効期限内 該当名義(変更ボタン有) 重複すり替え無し 会員番号下３桁提示可 

・公演当日、会場10分前頃待ち合わせし、同時入場していただきま...",True,,,absent_unverified,,2026-09-27 09:48:30,,,,
6kc8c3d3n1,,key-to-lit-arena-tour-2026-neo-classics,2026-10-04,12:30,マリンメッセ福岡 A館,electronic,female,【条件あり】当日手渡し/座席未定/ランダム配布/有効会員,T,4.9,,同行ランダム,2026-09-24 11:27:01,scrape_observed,2026-09-25 01:01:12,,,listing,1,8500,"《開場30分前集合予定》

※レビュー(評価4.8以上)ある方のみ申請下さい。
※購入時のコメント不要です。
★購入後に当日連絡のつくお電話番号と氏名(苗字)を...",True,,,absent_unverified,,2026-09-27 09:48:30,,,,
br3kjas85y,,key-to-lit-arena-tour-2026-neo-classics,2026-10-04,12:30,マリンメッセ福岡 A館,electronic,female,同行,さとう,5.0,,ランダム,2026-09-24 11:27:01,scrape_observed,2026-09-25 01:01:12,,,listing,2,35000,"少人数ランダム配布/2連確約
有効期限内名義
中相場買取可能です。
上乗せで早渡しも検討いたしますのでご提示ください。

複数名義所持のため、同時入場後チケット...",True,,,absent_unverified,,2026-09-27 09:48:30,,,,
a6z7rcd3l6,,key-to-lit-arena-tour-2026-neo-classics,2026-10-04,12:30,マリンメッセ福岡 A館,paper,female,郵送,yj,5.0,,,2026-09-24 11:27:01,scrape_observed,2026-09-25 00:01:19,,,listing,1,32000,"注釈付き指定。一般販売分。発券済のため郵送になります。
公演中止の場合にのみ、チケット返却後に全額返金いたします。その他事由での返金は如何なる場合でもいたしかね...",True,,,absent_unverified,,2026-09-27 09:48:30,,,,
uvkjtgwxn0,,key-to-lit-arena-tour-2026-neo-classics,2026-10-04,12:30,マリンメッセ福岡 A館,electronic,female,2連確約／ランダム配布／すり替えあり／少人数入場,AA,5.0,,ランダム,2026-09-24 11:27:01,scrape_observed,2026-09-25 01:01:12,,,listing,2,18000,"開場30分前に会場付近にて待ち合わせし同時入場します。
入場後チケットを回収し解散、開演5-10分前を目処に再集合しチケットをお渡しします。

2枚ご購入された...",True,,,absent_unverified,,2026-09-27 09:48:30,,,,
ukyn8f2w2s,,key-to-lit-arena-tour-2026-neo-classics,2026-10-04,12:30,マリンメッセ福岡 A館,electronic,female,同行,M T,5.0,,同行,2026-09-24 11:27:01,scrape_observed,2026-09-25 01:01:12,,,listing,1,0,最高5.0 初期当選/重複なし同行/すり替えなし/本確対応可/同行者登録可/金額、担当明記の上ご連絡ください。,True,,,absent_unverified,,2026-09-27 09:48:30,,,,
v5lvv4pzd8,,key-to-lit-arena-tour-2026-neo-classics,2026-10-04,12:30,マリンメッセ福岡 A館,electronic,female,同行,ありちゃん,5.0,,ランダム,2026-09-24 11:27:01,scrape_observed,2026-09-25 01:01:12,,,listing,1,18000,"⭐️少人数ランダム配布⭐️
FC先行 座席未定/複数名義当選のため同時入場後に一度チケットを回収し、当方の座席選択後にランダム配布いたします/全名義有効期限内/...",True,,,absent_unverified,,2026-09-27 09:48:30,,,,
vfdous6hu1,,key-to-lit-arena-tour-2026-neo-classics,2026-10-04,12:30,マリンメッセ福岡 A館,electronic,female,2名義中2番手,R,5.0,,番手,2026-09-24 11:27:01,scrape_observed,2026-09-25 00:01:19,,,listing,2,38000,"2名義中2番手
情報局先行/一部復活当選有/該当1・非該当1/下3桁提示可/すり替えなし/有効期限内/

公演当日は開場の10-15分前を目安に会場付近に集合し...",True,,,absent_unverified,,2026-09-27 09:48:30,,,,
fxruj7hh2j,,key-to-lit-arena-tour-2026-neo-classics,2026-10-04,12:30,マリンメッセ福岡 A館,electronic,female,同行,る,5.0,,同行,2026-09-24 11:27:01,scrape_observed,2026-09-25 00:01:19,,,listing,1,55000,"当方と同行/初期当選/有効期限内該当名義/同行者登録可/本人確認対応可/サイチェン可/嶺亜担不可

公演当日は開場15分程前に会場付近にて待ち合わせ予定です。時...",True,,,absent_unverified,,2026-09-27 09:48:30,,,,
0sr77ofswm,,key-to-lit-arena-tour-2026-neo-classics,2026-10-04,12:30,マリンメッセ福岡 A館,electronic,female,同行,瑠美,5.0,,同行,2026-09-24 11:27:01,scrape_observed,2026-09-25 00:01:19,,,listing,1,62047,"すり替えなし私との同行です
該当名義有効期限内下3桁提示可能変更ボタン有
サイチェン不可",True,,,absent_unverified,,2026-09-27 09:48:30,,,,
0an877lpys,,key-to-lit-arena-tour-2026-neo-classics,2026-10-04,12:30,マリンメッセ福岡 A館,electronic,female,公演日前日までにQRコード共有,rn,5.0,,QR,2026-09-24 11:27:01,scrape_observed,2026-09-25 00:01:19,,,listing,2,50000,"5.0〜
初期当選 / 有効期限内 / 非該当名義 / 下三桁提示可 / 同一クレカ決済無し / 着ブロ指定無し

プラベルに移行しますのでコメントください。...",True,,,absent_unverified,,2026-09-27 09:48:30,,,,
ojt2jj4fw1,,key-to-lit-arena-tour-2026-neo-classics,2026-10-04,12:30,マリンメッセ福岡 A館,electronic,none,同行,nya,5.0,,ランダム,2026-09-24 11:27:01,scrape_observed,2026-09-25 00:01:19,,,listing,1,8000,"※ご購入前に必ずコメント下さい⚠️
プラベルもしくはチケテンにてSTART社以外のイベントとして再出品致します。

複数名義所持のランダム配布⭐️

●開場時間...",True,,,absent_unverified,,2026-09-27 09:48:30,,,,
qz9ztbe5wr,,key-to-lit-arena-tour-2026-neo-classics,2026-10-04,12:30,マリンメッセ福岡 A館,paper,female,当日手渡し,13,5.0,,番手,2026-09-24 11:27:01,scrape_observed,2026-09-25 01:01:12,,,listing,2,45000,"2名義中2番手　2連希望優先
下3桁提示可/有効期限内/変ボあり

・同時入場後にチケットを全て回収させて頂き、こちらで先に座席を選ばせて頂いた後、取引番手順に...",True,,,absent_unverified,,2026-09-27 09:48:30,,,,
hpk2wrsicj,,key-to-lit-arena-tour-2026-neo-classics,2026-10-04,12:30,マリンメッセ福岡 A館,electronic,female,同時入場 開演5分前ランダムにてお渡し,m,5.0,,ランダム,2026-09-24 11:27:01,scrape_observed,2026-09-25 01:01:12,,,listing,1,20000,"※ランダム配布を理解されている方のみご購入ください。
※購入後のキャンセルは一切お受けできかねます。

・開場15〜30分前までに会場付近にてお待ち合わせし、同...",True,,,absent_unverified,,2026-09-27 09:48:30,,,,
jzyhk57x3v,,key-to-lit-arena-tour-2026-neo-classics,2026-10-04,12:30,マリンメッセ福岡 A館,electronic,none,座席未定　条件あり　ランダム配布,r,5.0,,ランダム,2026-09-24 11:27:01,scrape_observed,2026-09-25 01:01:12,,,listing,1,8000,"複数名義所持しているため、同時入場後に1度チケットを回収させていただき、当方が座席選択後にランダムに配布します。

チケットの選択にお時間をいただきますのであら...",True,,,absent_unverified,,2026-09-27 09:48:30,,,,
pbg77mpodr,,key-to-lit-arena-tour-2026-neo-classics,2026-10-04,12:30,マリンメッセ福岡 A館,electronic,female,同行,t,5.0,,,2026-09-24 11:27:01,scrape_observed,2026-09-25 01:01:12,,,listing,2,44000,"情報局先行 座席未定 初期当選 2名義中2番手  全て該当名義・有効期限内

公演当日、会場付近にて待ち合わせし、同時入場していただきます。
詳しい待ち合わせ時...",True,,,absent_unverified,,2026-09-27 09:48:30,,,,
7nyrwq44a3,,key-to-lit-arena-tour-2026-neo-classics,2026-10-04,12:30,マリンメッセ福岡 A館,paper,female,当日手渡し,m,5.0,,ランダム,2026-09-24 11:27:01,scrape_observed,2026-09-25 01:01:12,,,listing,1,17999,"管理の関係でプライベート出品させていただきたいので購入希望の方はコメントお願いします。
1名義のみランダム配布。直ぐお渡しの可能性もございます。ランダム配布を理...",True,,,absent_unverified,,2026-09-27 09:48:30,,,,
dg2f4ifwmo,,key-to-lit-arena-tour-2026-neo-classics,2026-10-04,12:30,マリンメッセ福岡 A館,electronic,female,公演日前日にログイン情報を共有,あ,5.0,,QR,2026-09-24 11:27:01,scrape_observed,2026-09-25 01:01:12,,,listing,2,55000,"QRごと/非該当名義/初期当選/有効期限内/会員番号下3桁提示可能/着ブロ希望なし

同行者登録は買い手様ご自身でお願いします。
名義を傷つける行為はお辞めくだ...",True,,,absent_unverified,,2026-09-27 09:48:30,,,,
8a9eu1prcv,,key-to-lit-arena-tour-2026-neo-classics,2026-10-04,12:30,マリンメッセ福岡 A館,electronic,female,公演日前日にログイン情報共有,ひよ,5.0,,QR,2026-09-24 11:27:01,scrape_observed,2026-09-25 01:01:12,,,listing,1,65000,"単番QR毎/初期当選/発送物戻りなし/着ブロ希望なし/

・公演前日までにログインに必要な情報をお伝えいたします。
・入場後は速やかにログアウトと受取連絡をお願...",True,,,absent_unverified,,2026-09-27 09:48:30,,,,
8mdd1e5a0h,,key-to-lit-arena-tour-2026-neo-classics,2026-10-04,12:30,マリンメッセ福岡 A館,electronic,female,入金後24時間以内にQRコード共有,瑠美,5.0,,QR,2026-09-24 11:27:01,scrape_observed,2026-09-25 00:01:19,,,listing,2,62047,"すり替えなし下3桁提示可能
有効期限内　該当名義　変更ボタン有り

同行者登録はこちらで行います。
公演中止以外いかなる理由でもキャンセル不可",True,,,absent_unverified,,2026-09-27 09:48:30,,,,
3o5qohykev,,key-to-lit-arena-tour-2026-neo-classics,2026-10-04,12:30,マリンメッセ福岡 A館,electronic,female,同行,♡,4.4,,ランダム,2026-09-24 11:27:01,scrape_observed,2026-09-25 01:01:12,,,listing,1,10000,"ランダム配布を理解している方のみご購入ください。

複数名義所持しているため、同時入場後は発券したチケットを一度回収させて頂き、座席はこちらで選ばせて頂きます。...",True,,,absent_unverified,,2026-09-27 09:48:30,,,,
c16qv25m84,,key-to-lit-arena-tour-2026-neo-classics,2026-10-04,12:30,マリンメッセ福岡 A館,electronic,female,指定席のみ,𝒎,5.0,,ランダム,2026-09-24 11:27:01,scrape_observed,2026-09-25 00:01:19,,,listing,2,27000,"⭐️ランダムエラー返金可能
⭐️指定席のみのお渡し
⭐性別・年齢・国籍問いません

ファンクラブ当選名義を複数所持しております。

全てのチケットを発券後、チケ...",True,,,absent_unverified,,2026-09-27 09:48:30,,,,
9ym0zgtonj,,key-to-lit-arena-tour-2026-neo-classics,2026-10-04,12:30,マリンメッセ福岡 A館,electronic,female,同行,nya,5.0,,ランダム,2026-09-24 11:27:01,scrape_observed,2026-09-25 00:01:19,,,listing,2,23000,"🩵すり替えなしランダム配布🩵
※ご購入前に必ずコメント下さい⚠️
プラベルもしくはチケテンにてSTART社以外のイベントとして再出品致します。

●必ず2連...",True,,,absent_unverified,,2026-09-27 09:48:30,,,,
6m50vri7p6,,key-to-lit-arena-tour-2026-neo-classics,2026-10-04,12:30,マリンメッセ福岡 A館,electronic,female,同行,な,4.8,,同行,2026-09-24 11:27:01,scrape_observed,2026-09-25 01:01:12,,,listing,1,0,"重複無し同行/情報局先行座席未定/初期当選/該当名義（変更ボタンあり）/有効期限内/着ブロなし/過去エラーなし/すり替えなし 
ご希望であれば会員番号下3桁提示...",True,,,absent_unverified,,2026-09-27 09:48:30,,,,
kvddip7nmd,,key-to-lit-arena-tour-2026-neo-classics,2026-10-04,12:30,マリンメッセ福岡 A館,electronic,female,2名義中2番手,R,5.0,,番手,2026-09-24 11:27:01,scrape_observed,2026-09-25 01:01:12,,,listing,2,40000,"2名義中2番手
全て初期当選/該当/下3桁提示可/すり替えなし/有効期限内/変更ボタンあり

他サイトにも出品しているため決まり次第削除します。

公演当日は開...",True,,,absent_unverified,,2026-09-27 09:48:30,,,,
20gwxo3s0r,,key-to-lit-arena-tour-2026-neo-classics,2026-10-04,12:30,マリンメッセ福岡 A館,electronic,female,番手,め,5.0,,番手,2026-09-24 11:27:01,scrape_observed,2026-09-25 01:01:12,,,listing,2,41000,"初期当選/3名義中3番手/すり替えなし/下3桁提示可能/該当名義/着ブロ希望なし/有効期限内

※ご購入希望の場合は特別出品対応致しますのでご連絡下さい。

公...",True,,,absent_unverified,,2026-09-27 09:48:30,,,,
ty9ewqurh3,,key-to-lit-arena-tour-2026-neo-classics,2026-10-04,12:30,マリンメッセ福岡 A館,electronic,female,同行,れ,5.0,,ランダム,2026-09-24 11:27:01,scrape_observed,2026-09-25 01:01:12,,,listing,1,10000,"指定席のみのランダム配布になります。
半券は一度回収し開演前までにお渡し致します。
公演中止以外の返金不可になります。",True,,,absent_unverified,,2026-09-27 09:48:30,,,,
m8cka3g0wp,,key-to-lit-arena-tour-2026-neo-classics,2026-10-04,12:30,マリンメッセ福岡 A館,electronic,female,入場後10分以内のお渡し,𝒎,5.0,,ランダム記載あり,2026-09-24 11:27:01,scrape_observed,2026-09-25 00:01:19,,,listing,2,40000,"【すり替え無しで入場後10分以内のお渡し】
【初期当選／有効期限内／該当名義】
※プラベル変更可能


該当名義／有効期限内／初期当選のファンクラブ当選名義を複...",True,,,absent_unverified,,2026-09-27 09:48:30,,,,
713knb4ahf,,key-to-lit-arena-tour-2026-neo-classics,2026-10-04,12:30,マリンメッセ福岡 A館,pickup_number,female,入金後2日以内に発券番号共有,紫月,5.0,,,2026-09-24 11:27:01,scrape_observed,2026-09-25 00:01:19,,,listing,1,45000,"注釈付き指定席1名券の発券番号になります。
セブンイレブンにて発券してください。",True,,,absent_unverified,,2026-09-27 09:48:30,,,,
wojgxvc1us,,key-to-lit-arena-tour-2026-neo-classics,2026-10-04,12:30,マリンメッセ福岡 A館,electronic,female,【条件あり】当日手渡し/座席未定/ランダム配布/有効会員,T,4.9,,ランダム同行,2026-09-24 11:27:01,scrape_observed,2026-09-25 00:01:19,,,listing,2,17000,"《開場30分前集合予定》

※レビュー(評価4.8以上)ある方のみ申請下さい。
※購入時のコメント不要です。
★購入後に当日連絡のつくお電話番号と氏名(苗字)を...",True,,,absent_unverified,,2026-09-27 09:48:30,,,,
eaxm4hf2e9,,key-to-lit-arena-tour-2026-neo-classics,2026-10-04,12:30,マリンメッセ福岡 A館,electronic,female,同行,t,5.0,,同行番手,2026-09-24 11:27:01,scrape_observed,2026-09-25 00:01:19,,,listing,2,33000,"3名義中3番手/全て該当名義/初期当選/有効期限内/すり替えなし/下3桁提示可

・公演当日、こちらが指定した場所・時間に集合をし、同時入場して頂きます。
集合...",True,,,absent_unverified,,2026-09-27 09:48:30,,,,
czk4yqpvcu,,key-to-lit-arena-tour-2026-neo-classics,2026-10-04,12:30,マリンメッセ福岡 A館,electronic,female,同行,な,5.0,,番手同行,2026-09-24 11:27:01,scrape_observed,2026-09-25 00:01:19,,,listing,2,35000,"3名義中2番手/初期当選/全て該当名義/有効期限切れ含む/すり替えなし(
下3桁提示可能)

有効期限切れ名義は自名義のため本確対応可能

公演当日は当方が指定...",True,,,absent_unverified,,2026-09-27 09:48:30,,,,
0kziknv91e,,key-to-lit-arena-tour-2026-neo-classics,2026-10-04,12:30,マリンメッセ福岡 A館,electronic,female,同行,あ,5.0,,ランダム,2026-09-24 11:27:01,scrape_observed,2026-09-25 01:01:12,,,listing,2,30000,"【２連番確約/すりかえなしランダム配布】 
複数当選しております。当方が座席を選択した後、残ったチケットをランダムでお渡し致します。 落札者様にお席をお選び頂く...",True,,,absent_unverified,,2026-09-27 09:48:30,,,,
xk37sejjrs,,key-to-lit-arena-tour-2026-neo-classics,2026-10-04,12:30,マリンメッセ福岡 A館,electronic,female,同時入場 開演5分前ランダムにてお渡し,m,5.0,,ランダム,2026-09-24 11:27:01,scrape_observed,2026-09-25 01:01:12,,,listing,1,13000,"※ランダム配布を理解されている方のみご購入ください。
※購入後のキャンセルは一切お受けできかねます。

・開場15〜30分前までに会場付近にてお待ち合わせし、同...",True,,,absent_unverified,,2026-09-27 09:48:30,,,,
zoz5jkhi6s,,key-to-lit-arena-tour-2026-neo-classics,2026-10-04,12:30,マリンメッセ福岡 A館,electronic,female,公演日前日までにQRコード共有,rn,5.0,,QR,2026-09-24 11:27:01,scrape_observed,2026-09-25 01:01:12,,,listing,2,48000,"最高4.5〜
初期当選 / 有効期限内 / 非該当名義 / 下三桁提示可 / 同一クレカ決済無し / 着ブロ指定無し

プラベルに移行しますのでコメントください...",True,,,absent_unverified,,2026-09-27 09:48:30,,,,
7g5s1m1hqw,,key-to-lit-arena-tour-2026-neo-classics,2026-10-04,12:30,マリンメッセ福岡 A館,electronic,female,公演日前日夜にログイン情報お伝えします,x,5.0,,QR,2026-09-24 11:27:01,scrape_observed,2026-09-25 00:01:19,,,listing,2,40000,"QR毎/初期当選/該当名義/有効期限切れ/下3桁提示可

期限切れ名義です。プラベル可。
公演日前日夜にログイン情報をお伝えいたします。
同行者登録は購入者様の...",True,,,absent_unverified,,2026-09-27 09:48:30,,,,
dsievrja5d,,key-to-lit-arena-tour-2026-neo-classics,2026-10-04,12:30,マリンメッセ福岡 A館,electronic,female,QRごと,,,,同行記載あり,2026-09-24 11:27:01,scrape_observed,2026-09-24 13:01:20,,,listing,2,53000,"情報局先行/初期当選/該当名義（変更ボタン有）/すり替え無し/下3桁提示可/有効期限内/ペイジー決済/着ブロ希望無し
条件なしQR毎
公演前日にログイン情報を連絡ボードにてお伝えいたします。
同行者登録はご自身でお願いいたします。
座席に関するクレームは一切お受けいたしません。
入場後は速やかにログアウトし、受取通知をお願いいたします。
本人確認、ランダムエラー、赤線エラー、公共交通機関の乱れ、体調不良、出演者の変更等のご購入者様都合によるキャンセルや返金は対応いたしかねますのでご了承下さい。
公演中止の場合のみサイトの規定に基づいて手数料を差し引いた額を返金いたします。
上記全てご了承いただける方のみご購入お願いいたします。
コメントをする（0）
コメントを読み込んでいます。
コメントを投稿するにはログインが必要です。
売り切れ
あなたと出品者とのやり取りが表示されます。第三者に閲覧されることはありません。
まだメッセージのやり取りはありません
売り切れ
ホーム
出品
検討中
ひろば
メッセージ
マイページ
このチケットは売り切れました
この出品はすでに購入されています。同じ日程の他のチケットをご覧ください。
同日程のチケットを探す
チケテン！
ライブ中の席交換もできる総合チケットサイト。安全な取引をサポートします。
ホーム
マイページ
お問い合わせ
お知らせ
使い方ガイド
コラム
Magazine
提携メディア
利用規約
プライバシーポリシー
特定商取引法に基づく表記
チケット不正転売禁止法について
手数料
© 2025 Wakuste LLC. All rights reserved.
ホーム
出品
検討中
ひろば
メッセージ
マイページ
KEY TO LIT Arena Tour 2026 NEO CLASSICS | ¥53,000 × 2枚 | チケテン",True,,,absent_unverified,,2026-09-27 09:48:30,,,,
l80t6v4uzt,,key-to-lit-arena-tour-2026-neo-classics,2026-10-04,12:30,マリンメッセ福岡 A館,electronic,none,同行,c,4.9,,ランダム記載あり,2026-09-24 11:27:01,scrape_observed,2026-09-25 01:01:12,,,listing,1,18000,"・当日開場30分前を目処に会場付近に集合し同時入場して頂きます。詳しい集合時間や場所は当日朝までに連絡ボードにてご連絡致します。
・遅刻は厳禁でお願い致します。...",True,,,absent_unverified,,2026-09-27 09:48:30,,,,
v4u8x2fk61,,key-to-lit-arena-tour-2026-neo-classics,2026-10-04,17:30,マリンメッセ福岡 A館,electronic,female,同行,m,5.0,,同行,2026-09-24 11:27:01,scrape_observed,2026-09-25 00:01:19,,,listing,1,38000,"すり替えなし同行/猪狩担不可/非該当名義/有効期限内/下3桁提示可


・当日開演前に会場付近で待ち合わせし、同時入場していただきます。（詳細前日に連絡致します...",True,,,absent_unverified,,2026-09-27 09:48:30,,,,
vbpg3bqleu,,key-to-lit-arena-tour-2026-neo-classics,2026-10-04,17:30,マリンメッセ福岡 A館,electronic,female,同行,Non,5.0,,同行,2026-09-24 11:27:01,scrape_observed,2026-09-25 01:01:12,,,listing,2,35000,"2名義中2番手　バラ売り可
手持ち全て該当名義　女性名義のみ
重複すり替えなし
下3桁提示可
サイチェン可

同行者登録1人のみ可
公演中止以外いかなる理由（ラ...",True,,,absent_unverified,,2026-09-27 09:48:30,,,,
5wn38pnugz,,key-to-lit-arena-tour-2026-neo-classics,2026-10-04,17:30,マリンメッセ福岡 A館,electronic,female,入場後10分以内のお渡し,𝒎,5.0,,ランダム記載あり,2026-09-24 11:27:01,scrape_observed,2026-09-25 00:01:19,,,listing,1,40000,"【すり替え無しで入場後10分以内のお渡し】
【初期当選／有効期限内／該当名義】
※プラベル変更可能


該当名義／有効期限内／初期当選のファンクラブ当選名義を複...",True,,,absent_unverified,,2026-09-27 09:48:30,,,,
to78851556,,key-to-lit-arena-tour-2026-neo-classics,2026-10-04,17:30,マリンメッセ福岡 A館,electronic,male,公演前日QRコード共有,M,5.0,,QR,2026-09-24 11:27:01,scrape_observed,2026-09-25 00:01:19,,,listing,1,48000,"QR毎/初期当選/該当名義/有効期限内/過去エラー無

公演前日にログイン情報を連絡ボードでお伝えします。ご自身の端末でQRを表示してご入場お願いいたします。...",True,,,absent_unverified,,2026-09-27 09:48:30,,,,
yd62vkiagt,,key-to-lit-arena-tour-2026-neo-classics,2026-10-04,17:30,マリンメッセ福岡 A館,electronic,female,2名義中2番手,ゆ,5.0,,番手,2026-09-24 11:27:01,scrape_observed,2026-09-25 01:01:12,,,listing,2,36000,🌟プラベ出品しますので、購入希望の方はコメントお願いします🌟2名義中2番手/初期当選/該当名義/有効期限内/すり替えなし/下3桁提示可/座席未定/１名のみ同...,True,,,absent_unverified,,2026-09-27 09:48:30,,,,
6indt71oul,,key-to-lit-arena-tour-2026-neo-classics,2026-10-04,17:30,マリンメッセ福岡 A館,electronic,female,公演日7日前までにQRコード共有,るー,5.0,,QR,2026-09-24 11:27:01,scrape_observed,2026-09-25 00:01:19,,,listing,2,0,初期当選/期限内/下3桁提示可/同行登録可/着ブロ過去エラーなし,True,,,absent_unverified,,2026-09-27 09:48:30,,,,
4fzmnjtroi,,key-to-lit-arena-tour-2026-neo-classics,2026-10-04,17:30,マリンメッセ福岡 A館,electronic,female,公演前日までにQRコード共有,ちっち,5.0,,QR,2026-09-24 11:27:01,scrape_observed,2026-09-25 00:01:19,,,listing,2,40000,"座席未定 QR 初期当選 有効期限内 下三桁提示可 すり替え、重複無し 変更ボタンあり
購入者様にて同行者登録をお願いいたします。
公演中止以外の理由、本人確認...",True,,,absent_unverified,,2026-09-27 09:48:30,,,,
zrcukiyjlo,,key-to-lit-arena-tour-2026-neo-classics,2026-10-04,17:30,マリンメッセ福岡 A館,electronic,female,同行,だぁ,5.0,,番手同行,2026-09-24 11:27:01,scrape_observed,2026-09-25 00:01:19,,,listing,2,35000,"2名義中2番手、下3桁提示可能
初期当選、該当名義での当選です。
バラ売りも検討いたしますので、ご希望の方はご連絡ください。

重複当選となりますので、入場後当...",True,,,absent_unverified,,2026-09-27 09:48:30,,,,
znt39wvhis,,key-to-lit-arena-tour-2026-neo-classics,2026-10-04,17:30,マリンメッセ福岡 A館,electronic,female,同行,いがりん,5.0,,同行番手,2026-09-24 11:27:01,scrape_observed,2026-09-25 01:01:12,,,listing,1,40000,"単番2名義　初期当選　該当名義　期限内名義　すり替えなし　会員番号下3桁提示します
16:50分に会場付近の指定した場所にお越しください
入場後は、こちらが選ば...",True,,,absent_unverified,,2026-09-27 09:48:30,,,,
30f1arteky,,key-to-lit-arena-tour-2026-neo-classics,2026-10-04,17:30,マリンメッセ福岡 A館,electronic,female,同行,Sa,5.0,,同行,2026-09-24 11:27:01,scrape_observed,2026-09-25 01:01:12,,,listing,1,50000,"2連中1枚の同行/初期当選/該当/有効期限内/重複すり替えなし/同行者登録,サイチェン可/プラベル可/過去エラーなし/猪狩担不可

公演当日は開場10分前頃を目...",True,,,absent_unverified,,2026-09-27 09:48:30,,,,
qo8p4b4540,,key-to-lit-arena-tour-2026-neo-classics,2026-10-04,17:30,マリンメッセ福岡 A館,electronic,female,同行,s,5.0,,番手,2026-09-24 11:27:01,scrape_observed,2026-09-25 01:01:12,,,listing,2,40000,"座席未定/2名義中2番手/すり替え無し/2名義共に有効期限内該当名義/変更ボタン有/指定席のみ(着ブロ無し) /下三桁提示可

・公演当日は会場付近指定の場所に...",True,,,absent_unverified,,2026-09-27 09:48:30,,,,
3kimi4ec4z,,key-to-lit-arena-tour-2026-neo-classics,2026-10-04,17:30,マリンメッセ福岡 A館,electronic,female,同行,ありちゃん,5.0,,ランダム,2026-09-24 11:27:01,scrape_observed,2026-09-25 01:01:12,,,listing,1,11000,⭐️少人数ランダム配布⭐️FC先行 座席未定/同時入場後に一度チケットを回収し、当方の座席選択後にランダム配布いたします/全名義有効期限内/同一クレカでの複数支...,True,,,absent_unverified,,2026-09-27 09:48:30,,,,
av6alkv2if,,key-to-lit-arena-tour-2026-neo-classics,2026-10-04,17:30,マリンメッセ福岡 A館,electronic,female,同時入場,ひ,5.0,,番手,2026-09-24 11:27:01,scrape_observed,2026-09-25 01:01:12,,,listing,2,35000,"2名義中2番手/FC先行初期当選/該当名義/下3桁提示可能/有効期限内/本確対応不可

【お取引成立後はプライベートモードへ移行させていただくので、ご購入前に必...",True,,,absent_unverified,,2026-09-27 09:48:30,,,,
k5czlsjfri,,key-to-lit-arena-tour-2026-neo-classics,2026-10-04,17:30,マリンメッセ福岡 A館,electronic,female,同行,れ,5.0,,ランダム,2026-09-24 11:27:01,scrape_observed,2026-09-25 01:01:12,,,listing,1,6000,"指定席のみのランダム配布になります。
半券は一度回収し開演前までにお渡し致します。
公演中止以外の返金不可になります。",True,,,absent_unverified,,2026-09-27 09:48:30,,,,
ihxdpaqhgx,,key-to-lit-arena-tour-2026-neo-classics,2026-10-04,17:30,マリンメッセ福岡 A館,electronic,none,ランダム配布,sa,5.0,,ランダム,2026-09-24 11:27:01,scrape_observed,2026-09-24 15:01:17,,,listing,1,4000,"公演当日16:00までに会場付近で待ち合わせし、同時入場していただきます。
購入者様は座席をお選びいただけません。
入場後は、発券したチケットを回収した後、一旦解散とさせていただきます。
購入者様に座っていただく座席が確定次第、再度ロビーなどでお待ち合わし、チケットをお渡しします。
チケットは全席種含みます。
入場後、実際にチケットをお渡しする際に、売り手の目の前で受け取り連絡をしていただきますようお願いいたします。
事前に電話番号を交換させていただき、当日はお電話にてやりとりさせていただきます。
日本国内で通話可能な電話番号をお持ちの方のみご落札ください。
また、当日お取引時にお呼びするお名前(ニックネームで構いません)も合わせて事前にお伺いしますので、ご回答よろしくお願いします。
名義数・会員番号の質問にはお答え致しかねます。
詳しい待ち合わせ時間・場所等は、公演1-2日前にご連絡いたします。当日は時間厳守でお願いいたします。遅刻された場合は待たずに入場いたしますが、購入者様都合でのキャンセルとなりますので、返金はいたしません。受け取り連絡をお願いいたします。
また、ランダムエラー等公演中止以外の理由で入場できなかった場合でも返金はいたしません。
入金後の購入者様都合でのキャンセルはお受けできませんので、受け取り連絡をお願いいたします。
ご検討何卒よろしくお願いいたします。",True,,,absent_unverified,,2026-09-27 09:48:30,,,,
bn3xy51o73,,key-to-lit-arena-tour-2026-neo-classics,2026-10-04,17:30,マリンメッセ福岡 A館,electronic,female,公演前日にログイン情報をお伝えいたします。,あ,5.0,,QR,2026-09-24 11:27:01,scrape_observed,2026-09-25 01:01:12,,,listing,2,0,"QR毎/すり替え無し/下3桁提示可/初期当選/有効期限内/該当名義（変更ボタン有）同一クレカ無し/着ブロ希望無し

公演前日にログイン情報を連絡ボードにてお伝え...",True,,,absent_unverified,,2026-09-27 09:48:30,,,,
bi3nkkkjjn,,key-to-lit-arena-tour-2026-neo-classics,2026-10-04,17:30,マリンメッセ福岡 A館,electronic,female,公演日前日に共有,P,5.0,,,2026-09-24 11:27:01,scrape_observed,2026-09-25 01:01:12,,,listing,1,38000,"期限内該当名義/下3桁提示可/重複なし/2連中1枚
購入希望の方いましたらプライベート出品に変更するのでコメントお願いします。

都合により行けなくなってしまっ...",True,,,absent_unverified,,2026-09-27 09:48:30,,,,
o1cwe1cbop,,key-to-lit-arena-tour-2026-neo-classics,2026-10-04,17:30,マリンメッセ福岡 A館,electronic,female,同行,あ,5.0,,ランダム,2026-09-24 11:27:01,scrape_observed,2026-09-25 01:01:12,,,listing,2,20000,"【２連番確約チケット】
当方が座席を選択した後、残ったチケットをランダムでお渡し致します。
ご購入様にお席をお選び頂くことはできません。会場によっては立ち見の可...",True,,,absent_unverified,,2026-09-27 09:48:30,,,,
txyyn4ie4n,,key-to-lit-arena-tour-2026-neo-classics,2026-10-04,17:30,マリンメッセ福岡 A館,electronic,female,同行,あ,5.0,,番手,2026-09-24 11:27:01,scrape_observed,2026-09-25 00:01:19,,,listing,1,36000,"3名義中2番手
初期当選/該当×2非該当×1/下3桁提示可/すり替えなし/有効期限内/変更ボタンあり
プラベル出品に移行可能です

公演当日は開場の15-20分...",True,,,absent_unverified,,2026-09-27 09:48:30,,,,
p2lqclppm8,,key-to-lit-arena-tour-2026-neo-classics,2026-10-04,17:30,マリンメッセ福岡 A館,paper,female,当日手渡し,m,5.0,,ランダム,2026-09-24 11:27:01,scrape_observed,2026-09-25 01:01:12,,,listing,1,9999,"ランダム配布を理解されている日本語の通じる女性の方のみご購入お願いいたします。代理購入不可。
同時に入場しチケット発券後1度解散しこちらで席を選び開演前迄にチケ...",True,,,absent_unverified,,2026-09-27 09:48:30,,,,
ghh66706ab,,key-to-lit-arena-tour-2026-neo-classics,2026-10-04,17:30,マリンメッセ福岡 A館,electronic,female,同行,さとう,5.0,,ランダム,2026-09-24 11:27:01,scrape_observed,2026-09-25 01:01:12,,,listing,2,26000,"少人数ランダム配布/2連確約
有効期限内名義
中相場買取可能です。
上乗せで早渡しも検討いたしますのでご提示ください。

複数名義所持のため、同時入場後チケット...",True,,,absent_unverified,,2026-09-27 09:48:30,,,,
0x03bayptg,,key-to-lit-arena-tour-2026-neo-classics,2026-10-04,17:30,マリンメッセ福岡 A館,electronic,female,同行(2名義中2番手),S,5.0,,番手,2026-09-24 11:27:01,scrape_observed,2026-09-25 01:01:12,,,listing,2,30000,"未定/2名義中2番手/初期当選/1名義着ブロ希望/該当/変更ボタン有り/有効期限内/重複すり替え無し//下3桁提示可能

2名義中こちらが選ばなかったチケットを...",True,,,absent_unverified,,2026-09-27 09:48:30,,,,
vhqdghx7cx,,key-to-lit-arena-tour-2026-neo-classics,2026-10-04,17:30,マリンメッセ福岡 A館,electronic,female,同行,m,5.0,,ランダム記載あり,2026-09-24 11:27:01,scrape_observed,2026-09-25 01:01:12,,,listing,1,30000,"2名義中2番手/初期当選/該当名義/すり替えなし/公演日3日前までに下3桁提示可/有効期限内/本確対応不可

1.0通し、2.0手渡しできる方優先します。
お取...",True,,,absent_unverified,,2026-09-27 09:48:30,,,,
hcawy1ho0r,,key-to-lit-arena-tour-2026-neo-classics,2026-10-04,17:30,マリンメッセ福岡 A館,electronic,female,同行,nya,5.0,,番手,2026-09-24 11:27:01,scrape_observed,2026-09-25 00:01:19,,,listing,2,30000,"復活当選/2名義中2番手/すり替え無し/下3桁提示可/有効期限内/同一クレカ決済無し
公演中止の際には、手数料等を差し引いた金額を返金します

公演当日開場時間...",True,,,absent_unverified,,2026-09-27 09:48:30,,,,
ersgpah7dx,,key-to-lit-arena-tour-2026-neo-classics,2026-10-04,17:30,マリンメッセ福岡 A館,electronic,none,同行,nya,5.0,,ランダム,2026-09-24 11:27:01,scrape_observed,2026-09-25 00:01:19,,,listing,1,5000,"※ご購入前に必ずコメント下さい⚠️
プラベルもしくはチケテンにてSTART社以外のイベントとして再出品致します。

複数名義所持のランダム配布⭐️

●開場時間...",True,,,absent_unverified,,2026-09-27 09:48:30,,,,
okr2p8m9dt,,key-to-lit-arena-tour-2026-neo-classics,2026-10-04,17:30,マリンメッセ福岡 A館,electronic,female,2名義中2番手,12,5.0,,番手,2026-09-24 11:27:01,scrape_observed,2026-09-25 01:01:12,,,listing,2,40000,"2名義中2番手
▼2名義とも初期当選/有効期限内 該当名義
すり替え無し/ご希望があれば下3桁提示可 
申込時着ブロ選択なし

・当日は開場20分前に待ち合わせ...",True,,,absent_unverified,,2026-09-27 09:48:30,,,,
nsqnnb734v,,key-to-lit-arena-tour-2026-neo-classics,2026-10-04,17:30,マリンメッセ福岡 A館,electronic,female,同行,nya,5.0,,ランダム,2026-09-24 11:27:01,scrape_observed,2026-09-25 00:01:19,,,listing,2,20000,"※ご購入前に必ずコメント下さい⚠️
プラベルもしくはチケテンにてSTART社以外のイベントとして再出品致します。

複数名義所持のランダム配布⭐️

●必ず2連...",True,,,absent_unverified,,2026-09-27 09:48:30,,,,
kggx162ubf,,key-to-lit-arena-tour-2026-neo-classics,2026-10-04,17:30,マリンメッセ福岡 A館,electronic,female,公演前日ログイン情報を共有,nn,5.0,,QR,2026-09-24 11:27:01,scrape_observed,2026-09-25 01:01:12,,,listing,2,0,"初期当選/QR毎/重複すり替えなし/有効期限内／下3桁提示可能/該当名義/変更ボタンなし
公演前日にログイン情報をお伝え致しますのでご自身で同行者登録を済ませて...",True,,,absent_unverified,,2026-09-27 09:48:30,,,,
chcikn7684,,key-to-lit-arena-tour-2026-neo-classics,2026-10-04,17:30,マリンメッセ福岡 A館,electronic,female,公演日7日前までにQRコード共有,るー,5.0,,QR,2026-09-24 11:27:01,scrape_observed,2026-09-25 01:01:12,,,listing,2,53000,"QR毎2連/下3桁提示可能
公演中止以外（当日の体調不良や遅刻、本人確認やランダムエラーなどの場合）は必ず受け取り連絡して頂きますのでご了承ください。
代理購入...",True,,,absent_unverified,,2026-09-27 09:48:30,,,,
v8vcwiq1zm,,key-to-lit-arena-tour-2026-neo-classics,2026-10-04,17:30,マリンメッセ福岡 A館,electronic,female,同時入場,m,5.0,,番手,2026-09-24 11:27:01,scrape_observed,2026-09-25 01:01:12,,,listing,2,30000,"2名義中2番手/FC先行初期当選/該当名義1非該当名義1/下3桁提示可能/有効期限内/本確対応不可

プラベルで出品させていただきますのでコメントをお願いいたし...",True,,,absent_unverified,,2026-09-27 09:48:30,,,,
vlkvm9frb2,,key-to-lit-arena-tour-2026-neo-classics,2026-10-04,17:30,マリンメッセ福岡 A館,electronic,female,同行/同時入場後チケットをお渡ししたら受け取り/受け取り後即解散可能,타,5.0,,同行,2026-09-24 11:27:01,scrape_observed,2026-09-25 00:01:19,,,listing,1,45000,該当名義/変更ボタンあり/すり替えなし/初期当選のみ/すべてコンビニ払い/下3桁掲示可能/有効期限内/同一住所や同一電話番号無し/制作開放無し/今までエラーが出...,True,,,absent_unverified,,2026-09-27 09:48:30,,,,
wwhull79nw,,key-to-lit-arena-tour-2026-neo-classics,2026-10-04,17:30,マリンメッセ福岡 A館,electronic,none,ランダム配布,r,5.0,,ランダム,2026-09-24 11:27:01,scrape_observed,2026-09-25 01:01:12,,,listing,1,5000,"複数名義所持しているため、同時入場後に1度チケットを回収させていただき、当方が座席選択後にランダムに配布します。

チケットの選択にお時間をいただきますのであら...",True,,,absent_unverified,,2026-09-27 09:48:30,,,,
irfl2yn28h,,key-to-lit-arena-tour-2026-neo-classics,2026-10-04,17:30,マリンメッセ福岡 A館,electronic,none,3名義中3番目　全て該当名義初期当選,K,5.0,,番手,2026-09-24 11:27:01,scrape_observed,2026-09-25 01:01:12,,,listing,2,28000,・指定の場所に集合後、同時入場して頂きます。時間厳守できる方でお願い致します。万が一、遅刻された場合もこちらで先に入場致しますが、その際も受け取り評価して頂きま...,True,,,absent_unverified,,2026-09-27 09:48:30,,,,
1e7qubqubh,,key-to-lit-arena-tour-2026-neo-classics,2026-10-04,17:30,マリンメッセ福岡 A館,electronic,female,同行,取引,5.0,,,2026-09-24 11:27:01,scrape_observed,2026-09-25 01:01:12,,,listing,2,100,"10/4昼2連または10/3
2連で交換可能な方のみコメントください",True,,,absent_unverified,,2026-09-27 09:48:30,,,,
m42wj2v5d6,,key-to-lit-arena-tour-2026-neo-classics,2026-10-04,17:30,マリンメッセ福岡 A館,paper,female,当日手渡し,えび,5.0,,ランダム,2026-09-24 11:27:01,scrape_observed,2026-09-25 01:01:12,,,listing,1,11000,"ランダム配布（買い手様は座席を選べません）
*  日本語の通じる方のみご購入ください。男性〇未成年〇
*  会場の電波が悪い可能性がございますので、購入後は当日...",True,,,absent_unverified,,2026-09-27 09:48:30,,,,
z97eohe2vt,,key-to-lit-arena-tour-2026-neo-classics,2026-10-04,17:30,マリンメッセ福岡 A館,electronic,female,公演前日ログイン情報共有,メイ,5.0,,QR,2026-09-24 11:27:01,scrape_observed,2026-09-25 01:01:12,,,listing,2,55000,"QRごと/初期当選/該当名義/有効期限内/下三桁提示可/すり替えなし/着ブロ希望なし※当選歴座席等はお答えできません。

公演前日にログイン情報を連絡ボードでお...",True,,,absent_unverified,,2026-09-27 09:48:30,,,,
hzyzynku9g,,key-to-lit-arena-tour-2026-neo-classics,2026-10-04,17:30,マリンメッセ福岡 A館,electronic,female,番手,a,5.0,,番手,2026-09-24 11:27:01,scrape_observed,2026-09-25 01:01:12,,,listing,2,33000,初期×1、復活×1含む 2名義中2番手/すり替え無し/会員番号下3桁提示可/有効期限内/サイチェン不可/公演中止の際には、手数料等を差し引いた金額を返金します...,True,,,absent_unverified,,2026-09-27 09:48:30,,,,
raurp32jjd,,key-to-lit-arena-tour-2026-neo-classics,2026-10-04,17:30,マリンメッセ福岡 A館,electronic,female,同時入場,TA,5.0,,ランダム,2026-09-24 11:27:01,scrape_observed,2026-09-25 01:01:12,,,listing,1,8800,"ランダム配布 同時入場 立見なし 全て指定席 有効会員
ランダム配布をご理解している方のみご購入ください。
男性の方、日本語か話せる外国人の方も購入できます。...",True,,,absent_unverified,,2026-09-27 09:48:30,,,,
gemu98u0no,,key-to-lit-arena-tour-2026-neo-classics,2026-10-04,17:30,マリンメッセ福岡 A館,electronic,female,同行,り,5.0,,QR同行,2026-09-24 11:27:01,scrape_observed,2026-09-25 00:01:19,,,listing,1,40000,"2連中1枚同行
情報局先行/初期当選/該当名義/有効期限内/すり替えなし/会員番号下3桁提示可
(決済方法PayPay)

・日本語の通じる方のみご購入ください...",True,,,absent_unverified,,2026-09-27 09:48:30,,,,
y8v70nwcy3,,key-to-lit-arena-tour-2026-neo-classics,2026-10-04,17:30,マリンメッセ福岡 A館,electronic,female,公演前日までにログイン情報共有,れ,5.0,,QR,2026-09-24 11:27:01,scrape_observed,2026-09-25 00:01:19,,,listing,2,0,"最高額4.0/枚、希望額メッセージお願いします。
QR毎、該当、すり替えなし、下三桁提示可、有効期限内

QRごとのお譲りとなります。2日前にログイン情報お伝え...",True,,,absent_unverified,,2026-09-27 09:48:30,,,,
1pt2vktso8,,key-to-lit-arena-tour-2026-neo-classics,2026-10-04,17:30,マリンメッセ福岡 A館,electronic,female,公演日2日前までにQRコード共有,な,5.0,,,2026-09-24 11:27:01,scrape_observed,2026-09-25 00:01:19,,,listing,2,42000,"情報局先行 QR/座席未定／該名義／有効期限内／初期選／1名義中1番手/下3桁提示可能／重複すり替えなし  2026年10月04日発送予定
チケットは分配可能に...",True,,,absent_unverified,,2026-09-27 09:48:30,,,,
5pakknl16t,,key-to-lit-arena-tour-2026-neo-classics,2026-10-04,17:30,マリンメッセ福岡 A館,electronic,female,入金後3時間以内にQRコード共有,ユカ,5.0,,QR,2026-09-24 11:27:01,scrape_observed,2026-09-25 01:01:12,,,listing,2,49000,"情報局先行 KEY TO LIT 中村嶺亜名義 初期当選 指定席 2枚申し込み QRごとのお譲り 条件ございません 座席未定

情報局先行 ２枚申込みでの当選し...",True,,,absent_unverified,,2026-09-27 09:48:30,,,,
slujflyi80,,key-to-lit-arena-tour-2026-neo-classics,2026-10-04,17:30,マリンメッセ福岡 A館,electronic,female,同行,t,5.0,,番手同行,2026-09-24 11:27:01,scrape_observed,2026-09-25 00:01:19,,,listing,2,30000,"4名義中4番手/該当3非該当1/初期当選/有効期限内/すり替えなし/下3桁提示可

・公演当日、こちらが指定した場所・時間に集合をし、同時入場して頂きます。
集...",True,,,absent_unverified,,2026-09-27 09:48:30,,,,
9y6uadhc3v,,key-to-lit-arena-tour-2026-neo-classics,2026-10-04,17:30,マリンメッセ福岡 A館,electronic,female,同行,alu,5.0,,番手同行QR,2026-09-24 11:27:01,scrape_observed,2026-09-25 01:01:12,,,listing,1,43000,"２名義中3番手 1枚or2枚(2連)のうち1枚 どちらも初期当選 該当名義(変更ボタン有)期限内 重複すり替え無し 会員番号下３桁提示可 

・公演当日、開場1...",True,,,absent_unverified,,2026-09-27 09:48:30,,,,
b8cqy9meal,,key-to-lit-arena-tour-2026-neo-classics,2026-10-04,17:30,マリンメッセ福岡 A館,electronic,female,同時入場 開演5分前ランダムにてお渡し,m,5.0,,ランダム,2026-09-24 11:27:01,scrape_observed,2026-09-25 01:01:12,,,listing,1,8000,"※ランダム配布を理解されている方のみご購入ください。
※購入後のキャンセルは一切お受けできかねます。

⭐️ランダムエラー、公演中止の場合のみ手数料等を差し引い...",True,,,absent_unverified,,2026-09-27 09:48:30,,,,
a2djdrucl7,,key-to-lit-arena-tour-2026-neo-classics,2026-10-04,17:30,マリンメッセ福岡 A館,electronic,female,同行,k,5.0,,ランダム,2026-09-24 11:27:01,scrape_observed,2026-09-25 01:01:12,,,listing,2,30000,【必ず指定席をお渡しします。エラーで入場できなかった場合は返金します】当日開場時間20分前までに指定場所にて集合し、同時入場していただきます。当方が座席を選んだ...,True,,,absent_unverified,,2026-09-27 09:48:30,,,,
yr6ibd4v6w,,key-to-lit-arena-tour-2026-neo-classics,2026-10-04,17:30,マリンメッセ福岡 A館,electronic,female,公演日前日までにQRコード共有,さんぴん茶,5.0,,QR,2026-09-24 11:27:01,scrape_observed,2026-09-25 00:01:19,,,listing,2,45000,"QRごと/座席未定/初期当選/該当名義/有効期限内／変更ボタン有/下三桁提示可/すり替えなし

購入様自身で同行者登録をお願いします。

公演中止のみ返金対応致...",True,,,absent_unverified,,2026-09-27 09:48:30,,,,
01iptqc4oo,,key-to-lit-arena-tour-2026-neo-classics,2026-10-04,17:30,マリンメッセ福岡 A館,paper,female,入金後24時間以内に郵送,r,4.9,,,2026-09-24 11:27:01,scrape_observed,2026-09-25 00:01:19,,,listing,2,21000,"注釈付き指定。紙チケットになります。

レターパックプラスでお送りします。郵便局留めなども可能です。
公演中止の場合は、送料・手数料を差し引いた金額を返金させて...",True,,,absent_unverified,,2026-09-27 09:48:30,,,,
ltwdydnx8b,,key-to-lit-arena-tour-2026-neo-classics,2026-10-04,17:30,マリンメッセ福岡 A館,electronic,female,同行,おゆ,5.0,,同行,2026-09-24 11:27:01,scrape_observed,2026-09-25 00:01:19,,,listing,1,32000,"初期当選/着ブロ希望なし/有効期限内/重複すり替えなし/サイチェン不可/中村担不可

2連中1枚 当方と同行になります(中村担)
座席の選択権利はございませんの...",True,,,absent_unverified,,2026-09-27 09:48:30,,,,
zioqc7yv9n,,key-to-lit-arena-tour-2026-neo-classics,2026-10-04,17:30,マリンメッセ福岡 A館,electronic,none,開演20分前までの早渡し,A,5.0,,ランダム,2026-09-24 11:27:01,scrape_observed,2026-09-25 01:01:12,,,listing,1,15000,"当方が座席を選択した後、残ったチケットをランダムでお渡し致します。
ご購入様にお席をお選び頂くことはできませんが、必ず開演20分前までにお渡しいたします。

発...",True,,,absent_unverified,,2026-09-27 09:48:30,,,,
tiuo08vlgr,,key-to-lit-arena-tour-2026-neo-classics,2026-10-04,17:30,マリンメッセ福岡 A館,electronic,female,同行,取引,5.0,,,2026-09-24 11:27:01,scrape_observed,2026-09-25 01:01:12,,,listing,1,4500,"プライベート出品に変えますのでコメントください。
・指定の場所に集合後、同時入場して頂きます。時間厳守できる方でお願い致します。万が一、遅刻された場合もこちらで...",True,,,absent_unverified,,2026-09-27 09:48:30,,,,
ts2b2aptk2,,key-to-lit-arena-tour-2026-neo-classics,2026-10-04,17:30,マリンメッセ福岡 A館,electronic,female,【条件あり】当日手渡し/座席未定/ランダム配布/有効会員,T,4.9,,同行ランダム,2026-09-24 11:27:01,scrape_observed,2026-09-25 01:01:12,,,listing,1,4500,"《開場30分前集合予定》

※レビュー(評価4.8以上)ある方のみ申請下さい。
※購入時のコメント不要です。
★購入後に当日連絡のつくお電話番号と氏名(苗字)を...",True,,,absent_unverified,,2026-09-27 09:48:30,,,,
m3kn8r9z0n,,key-to-lit-arena-tour-2026-neo-classics,2026-10-04,17:30,マリンメッセ福岡 A館,electronic,female,すり替えなしランダム同行,m,5.0,,同行ランダム,2026-09-24 11:27:01,scrape_observed,2026-09-25 00:01:19,,,listing,1,18000,すり替えなしランダムを連番で購入しておりましたが、同行者が来れなくなってしまったため、一緒に入場してくださる方を探しております。当方(岩崎担)と連番になります。...,True,,,absent_unverified,,2026-09-27 09:48:30,,,,
qchm364daf,,key-to-lit-arena-tour-2026-neo-classics,2026-10-04,17:30,マリンメッセ福岡 A館,electronic,female,同行,j🩵,5.0,,番手,2026-09-24 11:27:01,scrape_observed,2026-09-25 01:01:12,,,listing,2,37000,"⭐️5名義中4番手⭐️

すべて初期当選/5名義分の下3桁提示可/変更ボタン有り

ランダムエラーや出演者の変更、会場内外での本人確認、交通機関の乱れ等、公演中...",True,,,absent_unverified,,2026-09-27 09:48:30,,,,
sps3ntefmv,,key-to-lit-arena-tour-2026-neo-classics,2026-10-04,17:30,マリンメッセ福岡 A館,electronic,female,前日にログイン情報お伝え,m,5.0,,同行記載あり,2026-09-24 11:27:01,scrape_observed,2026-09-25 01:01:12,,,listing,2,52500,"初期当選/QRごと/重複すり替えなし/有効期限内／下3桁提示可能/該当名義/変更ボタンなし
公演前日にログイン情報をお伝え致しますのでご自身で同行者登録を済ませ...",True,,,absent_unverified,,2026-09-27 09:48:30,,,,
pe2gaexy84,,key-to-lit-arena-tour-2026-neo-classics,2026-10-04,17:30,マリンメッセ福岡 A館,paper,female,郵送,yj,5.0,,,2026-09-24 11:27:01,scrape_observed,2026-09-25 00:01:19,,,listing,1,27000,"注釈付き指定。一般販売分。発券済のため郵送になります。
公演中止の場合にのみ、チケット返却後に全額返金いたします。その他事由での返金は如何なる場合でもいたしかね...",True,,,absent_unverified,,2026-09-27 09:48:30,,,,
dwrdfmb6z1,,key-to-lit-arena-tour-2026-neo-classics,2026-10-04,17:30,マリンメッセ福岡 A館,electronic,female,同行,さとう,5.0,,ランダム,2026-09-24 11:27:01,scrape_observed,2026-09-25 00:01:19,,,listing,2,28000,"少人数ランダム配布/2連確約
有効期限内名義
中相場買取可能です。
上乗せで早渡しも検討いたしますのでご提示ください。

複数名義所持のため、同時入場後チケット...",True,,,absent_unverified,,2026-09-27 09:48:30,,,,
vfz9gunndd,,key-to-lit-arena-tour-2026-neo-classics,2026-10-04,17:30,マリンメッセ福岡 A館,electronic,female,同行,あ,5.0,,番手,2026-09-24 11:27:01,scrape_observed,2026-09-25 00:01:19,,,listing,2,39000,"2名義中2番手
すり替えなし 該当名義×1 非該当名義×1 下3桁提示可能 初期当選 有効期限内 変ボあり 着ブロ選択なし 
  
・当日会場付近にてお待ち合わ...",True,,,absent_unverified,,2026-09-27 09:48:30,,,,
mnfq6pzddt,,key-to-lit-arena-tour-2026-neo-classics,2026-10-04,17:30,マリンメッセ福岡 A館,electronic,none,ランダム,♡,5.0,,ランダム,2026-09-24 11:27:01,scrape_observed,2026-09-25 01:01:12,,,listing,2,25000,"2連確約
当日は開場時間の45分ほど前にこちらが指定する場所にお集まりください。遅刻しないようにお願いいたします。大幅な遅刻した場合、先に入場いたします。
少人...",True,,,absent_unverified,,2026-09-27 09:48:30,,,,
clgp49ds3t,,key-to-lit-arena-tour-2026-neo-classics,2026-10-04,17:30,マリンメッセ福岡 A館,electronic,female,同行,りん,5.0,,同行,2026-09-24 11:27:01,scrape_observed,2026-09-25 00:01:19,,,listing,1,50000,"2連中1枚/初期当選/有効期限内該当名義/重複すり替えなし/同行者登録可/サイチェン可/猪狩担不可

公演当日は当方が指定するお時間に会場付近にて待ち合わせ予定...",True,,,absent_unverified,,2026-09-27 09:48:30,,,,
81vysle603,,key-to-lit-arena-tour-2026-neo-classics,2026-10-09,18:00,セキスイハイムスーパーアリーナ,electronic,female,同行,k,5.0,,番手,2026-09-24 11:27:01,scrape_observed,2026-09-25 00:01:19,,,listing,1,40000,"2名義中2番手/初期当選/ 該当名義/有効期限内/変更ボタンあり/下3桁提示可能

2名義中2番手同行。同時入場していただき、2連2番手の座席のうち当方が選択し...",True,,,absent_unverified,,2026-09-27 09:48:30,,,,
3j25ruox0j,,key-to-lit-arena-tour-2026-neo-classics,2026-10-09,18:00,セキスイハイムスーパーアリーナ,electronic,female,公演前日にログイン情報共有,もにゃ,5.0,,QR,2026-09-24 11:27:01,scrape_observed,2026-09-25 01:01:12,,,listing,2,68000,"QRごと/初期当選/非該当名義/有効期限内/下3桁提示可能

🌟チケット当選後に入籍し名字が変わり、会員証を更新したため、当選時の名字と会員証の名字が異なりま...",True,,,absent_unverified,,2026-09-27 09:48:30,,,,
o3f51c5qju,,key-to-lit-arena-tour-2026-neo-classics,2026-10-09,18:00,セキスイハイムスーパーアリーナ,electronic,none,同行,A,5.0,,ランダム,2026-09-24 11:27:01,scrape_observed,2026-09-25 01:01:12,,,listing,1,12500,"当方が座席を選択した後、残ったチケットをランダムでお渡し致します。
ご購入様にお席をお選び頂くことはできません。

発券後、一度チケットを全て回収させていただき...",True,,,absent_unverified,,2026-09-27 09:48:30,,,,
fah63g7nac,,key-to-lit-arena-tour-2026-neo-classics,2026-10-09,18:00,セキスイハイムスーパーアリーナ,electronic,female,公演日の前日にログイン情報をお伝えいたします。,あ,5.0,,QR,2026-09-24 11:27:01,scrape_observed,2026-09-25 01:01:12,,,listing,2,80000,"QRごと/初期当選/該当名義/変ボなし/有効期限内/下3桁提示可能/本確不可

公演前日にログインに必要な情報をメッセージでお伝えします。入場後は速やかにログア...",True,,,absent_unverified,,2026-09-27 09:48:30,,,,
rlzi3vswwj,,key-to-lit-arena-tour-2026-neo-classics,2026-10-09,18:00,セキスイハイムスーパーアリーナ,electronic,female,同行,k,5.0,,同行記載あり,2026-09-24 11:27:01,scrape_observed,2026-09-25 01:01:12,,,listing,1,51000,"初期当選／重複すり替えなし同行／該当名義／変更ボタン有／有効期限内／下3桁提示可能／着ブロ希望なし

井上担不可

・公演当日は開場時間5分前に会場周辺にて待ち...",True,,,absent_unverified,,2026-09-27 09:48:30,,,,
sla5d84sxx,,key-to-lit-arena-tour-2026-neo-classics,2026-10-09,18:00,セキスイハイムスーパーアリーナ,electronic,female,同行,すいみん,5.0,,番手,2026-09-24 11:27:01,scrape_observed,2026-09-25 01:01:12,,,listing,2,50000,"すり替えなし/4名義中2番手2連
プラベル変更いたします。一部手渡しや提示金額以下可能。
・公演当日、開場20分前までに会場付近にて当方が指定した場所にお時間厳...",True,,,absent_unverified,,2026-09-27 09:48:30,,,,
3g6wq06qli,,key-to-lit-arena-tour-2026-neo-classics,2026-10-09,18:00,セキスイハイムスーパーアリーナ,electronic,female,同行,さ,4.4,,番手,2026-09-24 11:27:01,scrape_observed,2026-09-25 01:01:12,,,listing,2,45000,"情報局先行 / 座席未定 / 4番手中3番手 / 2連 / すり替えなし / 下3桁提示可能 /非該当・復活当選含 / 過去エラーなし

【待ち合わせ・入場につ...",True,,,absent_unverified,,2026-09-27 09:48:30,,,,
bz6l4cleac,,key-to-lit-arena-tour-2026-neo-classics,2026-10-09,18:00,セキスイハイムスーパーアリーナ,paper,none,当日手渡し,れ,4.8,,ランダム,2026-09-24 11:27:01,scrape_observed,2026-09-25 01:01:12,,,listing,1,15000,"ランダム配布  

【取引にあたり注意事項】
日本語理解できる方、日本の電話番号お持ちの方のみ購入をお願いいたします。

チケット取引について理解ある方のみ購入...",True,,,absent_unverified,,2026-09-27 09:48:30,,,,
nkr7llkhpf,,key-to-lit-arena-tour-2026-neo-classics,2026-10-09,18:00,セキスイハイムスーパーアリーナ,electronic,female,同行,S,5.0,,ランダム,2026-09-24 11:27:01,scrape_observed,2026-09-25 01:01:12,,,listing,1,17000,"【ランダム配布にご理解ある方のみご購入お願い致します】
同時入場後、ランダムでチケットをお渡しさせて頂きます。
ご自身での座席選択はできかねますのでご了承くださ...",True,,,absent_unverified,,2026-09-27 09:48:30,,,,
mnmcff0wo1,,key-to-lit-arena-tour-2026-neo-classics,2026-10-09,18:00,セキスイハイムスーパーアリーナ,electronic,none,ランダム配布　同時入場,sa,5.0,,ランダム,2026-09-24 11:27:01,scrape_observed,2026-09-25 01:01:12,,,listing,2,15000,"公演当日16:30までに会場付近で待ち合わせし、同時入場していただきます。

購入者様は座席をお選びいただけません。
入場後は、発券したチケットを回収した後、一...",True,,,absent_unverified,,2026-09-27 09:48:30,,,,
c2mz240hf2,,key-to-lit-arena-tour-2026-neo-classics,2026-10-09,18:00,セキスイハイムスーパーアリーナ,electronic,female,当日手渡し,ゆう,5.0,,番手,2026-09-24 11:27:01,scrape_observed,2026-09-25 01:01:12,,,listing,2,35000,"FC初期当選/3名義中3番手/下3桁提示可/該当名義/有効期限内/着ブロ無し/すり替え無し

公演当日、前日にご指定した時間と場所に集合して頂き同時入場致します...",True,,,absent_unverified,,2026-09-27 09:48:30,,,,
xdlvgx3x90,,key-to-lit-arena-tour-2026-neo-classics,2026-10-09,18:00,セキスイハイムスーパーアリーナ,electronic,female,同行,®️,4.5,,ランダム同行,2026-09-24 11:27:01,scrape_observed,2026-09-25 01:01:12,,,listing,2,20000,"✩2連確約✩少人数ランダム

・公演当日は開場時間30分前集合
(近くなりましたら詳しい場所等はお知らせします)
・開演前までにお渡し
・上乗せで早渡し可/中で...",True,,,absent_unverified,,2026-09-27 09:48:30,,,,
wvxuos14bm,,key-to-lit-arena-tour-2026-neo-classics,2026-10-09,18:00,セキスイハイムスーパーアリーナ,electronic,female,2名義中2番手,u,5.0,,番手,2026-09-24 11:27:01,scrape_observed,2026-09-25 01:01:12,,,listing,2,40000,"FC初期当選/2名義中2番手/下3桁提示可/該当名義/有効期限内/着ブロ無し/すり替え無し/ 変ボあり/エラー歴なし

公演当日、開場時間15分前目安に集合して...",True,,,absent_unverified,,2026-09-27 09:48:30,,,,
26ghr7mnu2,,key-to-lit-arena-tour-2026-neo-classics,2026-10-09,18:00,セキスイハイムスーパーアリーナ,electronic,female,同行,SU,5.0,,同行番手,2026-09-24 11:27:01,scrape_observed,2026-09-25 01:01:12,,,listing,2,39000,"2名義中2番手/すり替えなし/初期当選/該当/有効期限内/変ボ有/下3桁提示可

当日指定した場所・時間に集合し、同時入場いたします。入場後チケットを一度回収し...",True,,,absent_unverified,,2026-09-27 09:48:30,,,,
dypo9rtbgu,,key-to-lit-arena-tour-2026-neo-classics,2026-10-09,18:00,セキスイハイムスーパーアリーナ,electronic,female,QRコード,みお,5.0,,QR,2026-09-24 11:27:01,scrape_observed,2026-09-25 00:01:19,,,listing,1,55000,"QRごと/初期当選/非該当/有効期限内/下3桁提示可能/本確不可

公演前日にログインに必要な情報をメッセージでお伝えします。入場後は速やかにログアウトし、開演...",True,,,absent_unverified,,2026-09-27 09:48:30,,,,
8dcf9kxahb,,key-to-lit-arena-tour-2026-neo-classics,2026-10-09,18:00,セキスイハイムスーパーアリーナ,electronic,female,同行,a,5.0,,同行,2026-09-24 11:27:01,scrape_observed,2026-09-25 01:01:12,,,listing,1,50000,"※お取引決定後プラベルでのお取引になります※

2連中の1枚（当方との同行）になります。

初期当選／座席未定／重複すり替えなし同行／非該当名義／着席希望なし／...",True,,,absent_unverified,,2026-09-27 09:48:30,,,,
bigestc1hn,,key-to-lit-arena-tour-2026-neo-classics,2026-10-09,18:00,セキスイハイムスーパーアリーナ,electronic,female,同行,♡,4.4,,ランダム,2026-09-24 11:27:01,scrape_observed,2026-09-25 00:01:19,,,listing,2,20000,"ランダム配布を理解している方のみご購入ください。

複数名義所持しているため、同時入場後は発券したチケットを一度回収させて頂き、座席はこちらで選ばせて頂きます。...",True,,,absent_unverified,,2026-09-27 09:48:30,,,,
7vklu8h90j,,key-to-lit-arena-tour-2026-neo-classics,2026-10-09,18:00,セキスイハイムスーパーアリーナ,electronic,female,同行,い,5.0,,同行,2026-09-24 11:27:01,scrape_observed,2026-09-25 00:01:19,,,listing,1,50000,"初期当選/該当名義/有効期限内/重複すり替えなし/同行者登録可/プラベル可

公演当日は開場15分前頃を目安に会場付近にて待ち合わせ予定です。時間厳守でお願いい...",True,,,absent_unverified,,2026-09-27 09:48:30,,,,
xglfc0n64m,,key-to-lit-arena-tour-2026-neo-classics,2026-10-09,18:00,セキスイハイムスーパーアリーナ,electronic,female,公演日前日までにQRコード共有,C,5.0,,QR,2026-09-24 11:27:01,scrape_observed,2026-09-25 01:01:12,,,listing,2,17000,"期限切れ該当名義/20代女性名義/初期当選
同行者登録は買い手様でお願いいたします。
万が一ランダムエラーで入場できなかった場合、入場時の動画(ランダムエラーを...",True,,,absent_unverified,,2026-09-27 09:48:30,,,,
kio5syw4jo,,key-to-lit-arena-tour-2026-neo-classics,2026-10-09,18:00,セキスイハイムスーパーアリーナ,electronic,female,公演前日にログイン情報共有,m,5.0,,QR,2026-09-24 11:27:01,scrape_observed,2026-09-25 00:01:19,,,listing,2,77000,"QR毎/初期当選/非該当名義/有効期限内/下3桁提示可

公演前日にログインに必要な情報をお伝えします。入場後はすみやかにログアウトし、開演までに受け取り評価を...",True,,,absent_unverified,,2026-09-27 09:48:30,,,,
tiygz7nqbr,,key-to-lit-arena-tour-2026-neo-classics,2026-10-09,18:00,セキスイハイムスーパーアリーナ,electronic,female,ランダム配布,すいみん,5.0,,ランダム,2026-09-24 11:27:01,scrape_observed,2026-09-25 01:01:12,,,listing,2,18000,"2連/指定席確約少人数ランダム
・開演5-10分前までには必ずお渡しいたします。
・上乗せで早渡し可/中で相場買取可
プラベル変更いたします。一部手渡しや即決以...",True,,,absent_unverified,,2026-09-27 09:48:30,,,,
74jlijr446,,key-to-lit-arena-tour-2026-neo-classics,2026-10-09,18:00,セキスイハイムスーパーアリーナ,electronic,female,同行,れ,5.0,,同行番手,2026-09-24 11:27:01,scrape_observed,2026-09-25 01:01:12,,,listing,2,45000,"FC先行/初期当選/すり替えなし/期限内/2名義中2番手/下3桁提示可/全て該当名義

プラベル出品に切り替えます。
プラベル分からない方はご遠慮ください。
そ...",True,,,absent_unverified,,2026-09-27 09:48:30,,,,
lyfd7jcowd,,key-to-lit-arena-tour-2026-neo-classics,2026-10-09,18:00,セキスイハイムスーパーアリーナ,paper,female,入金確認後3日以内に郵送,M,5.0,,ランダム記載あり,2026-09-24 11:27:01,scrape_observed,2026-09-25 00:01:19,,,listing,1,20000,"一般注釈付きチケット 紙チケ
メッセージ後、プライベート出品に切り替えますのでご連絡ください。

チケットを受け取り次第、速やかに受け取り連絡をお願いします。...",True,,,absent_unverified,,2026-09-27 09:48:30,,,,
zsyjckvkxc,,key-to-lit-arena-tour-2026-neo-classics,2026-10-09,18:00,セキスイハイムスーパーアリーナ,electronic,female,公演前日にQRコード共有,tara,5.0,,QR,2026-09-24 11:27:01,scrape_observed,2026-09-25 00:01:19,,,listing,2,65000,"QRごと/初期当選/該当名義/変ボあり/有効期限内/下3桁提示可能/本確不可

公演前日にログインに必要な情報をメッセージでお伝えします。入場後は速やかにログア...",True,,,absent_unverified,,2026-09-27 09:48:30,,,,
2esil65q5x,,key-to-lit-arena-tour-2026-neo-classics,2026-10-09,18:00,セキスイハイムスーパーアリーナ,electronic,female,同行,♡,4.4,,ランダム,2026-09-24 11:27:01,scrape_observed,2026-09-25 00:01:19,,,listing,1,12000,"ランダム配布を理解している方のみご購入ください。

複数名義所持しているため、同時入場後は発券したチケットを一度回収させて頂き、座席はこちらで選ばせて頂きます。...",True,,,absent_unverified,,2026-09-27 09:48:30,,,,
c1lhdunvg2,,key-to-lit-arena-tour-2026-neo-classics,2026-10-09,18:00,セキスイハイムスーパーアリーナ,electronic,female,公演前日QRコード共有,♡,5.0,,QR,2026-09-24 11:27:01,scrape_observed,2026-09-25 00:01:19,,,listing,2,62000,"QR毎 初期当選 非該当 すり替えなし 下3桁提示可
公演中止以外での返金は致しかねます。ご了承ください。公演中止の場合は、手数料を差し引いたを金額を返金させて...",True,,,absent_unverified,,2026-09-27 09:48:30,,,,
8bi4pcqha6,,key-to-lit-arena-tour-2026-neo-classics,2026-10-09,18:00,セキスイハイムスーパーアリーナ,electronic,female,公演日前日にQRコード共有,k,5.0,,QR,2026-09-24 11:27:01,scrape_observed,2026-09-25 00:01:19,,,listing,2,55000,"QRごと/非該当/復活当選/変ボなし/有効期限内

公演日前日にログインに必要な情報をメッセージでお伝えします。入場後は速やかにログアウトし、開演までに受け取り...",True,,,absent_unverified,,2026-09-27 09:48:30,,,,
yfnow04sf0,,key-to-lit-arena-tour-2026-neo-classics,2026-10-09,18:00,セキスイハイムスーパーアリーナ,electronic,female,少人数ランダム配布,ぬい,5.0,,ランダム,2026-09-24 11:27:01,scrape_observed,2026-09-25 01:01:12,,,listing,1,38000,"会場20分前会場付近にて当方が指定する場所に集合していただきます。
詳細は購入後お知らせ致します。
公演中止以外のランエラ、本確にて返金対応は致しかねます。",True,,,absent_unverified,,2026-09-27 09:48:30,,,,
7dqj1cyfhc,,key-to-lit-arena-tour-2026-neo-classics,2026-10-09,18:00,セキスイハイムスーパーアリーナ,paper,female,入金後24時間以内に郵送,a,5.0,,,2026-09-24 11:27:01,scrape_observed,2026-09-25 01:01:12,,,listing,2,15000,"一般立見
発券済みチケットを送らせていただきます。",True,,,absent_unverified,,2026-09-27 09:48:30,,,,
yvf77xih8e,,key-to-lit-arena-tour-2026-neo-classics,2026-10-09,18:00,セキスイハイムスーパーアリーナ,electronic,female,同行,い,5.0,,番手,2026-09-24 11:27:01,scrape_observed,2026-09-25 01:01:12,,,listing,2,36000,"情報局先行/座席未定/復活当選/非該当名義/2番手中2番手/変更ボタンあり/すり替えなし/下3桁提示可能 

プライベート出品に切り替えますのでコメントをお願い...",True,,,absent_unverified,,2026-09-27 09:48:30,,,,
h78aivtsog,,key-to-lit-arena-tour-2026-neo-classics,2026-10-09,18:00,セキスイハイムスーパーアリーナ,electronic,female,同行,M,5.0,,同行番手,2026-09-24 11:27:01,scrape_observed,2026-09-25 00:01:19,,,listing,2,25000,"2名義中2番手
FC該当2連または一般注釈付2連どちらかのチケットをお渡しします

FC当選分は2連初期当選/該当名義(変更ボタンあり)/有効期限内/過去エラー...",True,,,absent_unverified,,2026-09-27 09:48:30,,,,
oxf98wr4zo,,key-to-lit-arena-tour-2026-neo-classics,2026-10-09,18:00,セキスイハイムスーパーアリーナ,electronic,female,ログイン情報,ヘチヘチ,5.0,,QR,2026-09-24 11:27:01,scrape_observed,2026-09-25 01:01:12,,,listing,2,80000,"QRごと/初期当選/該当名義/変ボあり/期限内/下3桁提示/クレカ重複なし

・ログイン情報でのお譲りのため丁重にお取引いただける方のみ
・座席に対するクレーム...",True,,,absent_unverified,,2026-09-27 09:48:30,,,,
bnhebxcxsa,,key-to-lit-arena-tour-2026-neo-classics,2026-10-09,18:00,セキスイハイムスーパーアリーナ,electronic,female,公演前日にログイン情報を共有,Y,5.0,,QR,2026-09-24 11:27:01,scrape_observed,2026-09-25 01:01:12,,,listing,2,60000,"QRごと/初期当選/非該当名義/有効期限内/下3桁提示可能

公演前日にログインに必要な情報をメッセージでお伝えします。入場後は速やかにログアウトし、開演までに...",True,,,absent_unverified,,2026-09-27 09:48:30,,,,
b6dz106xx3,,key-to-lit-arena-tour-2026-neo-classics,2026-10-09,18:00,セキスイハイムスーパーアリーナ,electronic,female,同行,ゆ,5.0,,同行番手,2026-09-24 11:27:01,scrape_observed,2026-09-25 01:01:12,,,listing,1,80000,"2名義中1番手　即あり
両方とも該当(変ボあり)/初期当選/下3桁提示可/有効会員

開場時間の15分前までに会場付近でお集まりいただき、同時入場いたします。...",True,,,absent_unverified,,2026-09-27 09:48:30,,,,
6ny9ggiymo,,key-to-lit-arena-tour-2026-neo-classics,2026-10-09,18:00,セキスイハイムスーパーアリーナ,electronic,none,ランダム配布,r,5.0,,ランダム,2026-09-24 11:27:01,scrape_observed,2026-09-25 00:01:19,,,listing,1,12000,"複数名義所持しているため、同時入場後に1度チケットを回収させていただき、当方が座席選択後にランダムに配布します。

チケットの選択にお時間をいただきますのであら...",True,,,absent_unverified,,2026-09-27 09:48:30,,,,
qdn15ex786,,key-to-lit-arena-tour-2026-neo-classics,2026-10-09,18:00,セキスイハイムスーパーアリーナ,electronic,female,公演前日QRコード共有,H,5.0,,ランダム記載あり,2026-09-24 11:27:01,scrape_observed,2026-09-25 00:01:19,,,listing,2,80000,"初期当選/QR毎/重複なし/有効期限内名義/ファンクラブ先行/下3桁提示可

・主催者側からの公演中止の場合のみ規約に基づき、手数料を差し引いた金額を返させてい...",True,,,absent_unverified,,2026-09-27 09:48:30,,,,
wpd89z3k13,,key-to-lit-arena-tour-2026-neo-classics,2026-10-09,18:00,セキスイハイムスーパーアリーナ,electronic,female,同行,あ,4.8,,番手同行,2026-09-24 11:27:01,scrape_observed,2026-09-25 01:01:12,,,listing,2,40000,"情報局先行  2名義中2番手
初期当選/有効期限内/該当名義(変更ボタンあり) /
下3桁の提示可

※ 購入する際はプラベルに切り替えさせて頂くので、購入希望...",True,,,absent_unverified,,2026-09-27 09:48:30,,,,
mlpb883pru,,key-to-lit-arena-tour-2026-neo-classics,2026-10-09,18:00,セキスイハイムスーパーアリーナ,electronic,female,同行,あ,5.0,,番手,2026-09-24 11:27:01,scrape_observed,2026-09-25 00:01:19,,,listing,2,40000,"2名義中2番手
すり替えなし 該当名義 下3桁提示可能 初期当選 有効期限内 変ボあり 着ブロ選択なし 
  
・当日会場付近にてお待ち合わせし、同時入場お願い...",True,,,absent_unverified,,2026-09-27 09:48:30,,,,
k70218i9xv,,key-to-lit-arena-tour-2026-neo-classics,2026-10-09,18:00,セキスイハイムスーパーアリーナ,paper,female,当日同行,m,5.0,,同行記載あり,2026-09-24 11:27:01,scrape_observed,2026-09-25 01:01:12,,,listing,1,23000,"一般注釈付き指定席/同行

入場後は好きにしていただいて構いません。

・当日は当方が指定する場所/時間に集合予定です。(会場付近/開場約15分前予定)
その際...",True,,,absent_unverified,,2026-09-27 09:48:30,,,,
vytuh525qh,,key-to-lit-arena-tour-2026-neo-classics,2026-10-09,18:00,セキスイハイムスーパーアリーナ,electronic,female,同行,S,5.0,,ランダム,2026-09-24 11:27:01,scrape_observed,2026-09-25 01:01:12,,,listing,1,15000,"【ランダム配布にご理解ある方のみご購入お願い致します】
同時入場後、ランダムでチケットをお渡しさせて頂きます。
ご自身での座席選択はできかねますのでご了承くださ...",True,,,absent_unverified,,2026-09-27 09:48:30,,,,
pi6sih3x9y,,key-to-lit-arena-tour-2026-neo-classics,2026-10-09,18:00,セキスイハイムスーパーアリーナ,electronic,female,同行,すいみん,5.0,,番手,2026-09-24 11:27:01,scrape_observed,2026-09-25 00:01:19,,,listing,1,55000,"すり替えなし4名義中2番手1枚（※座席選択権あり。詳細※1）
プラベル変更いたしますのでコメントお願いいたします。
一部手渡しや即決（記載額）以下可能。
・公演...",True,,,absent_unverified,,2026-09-27 09:48:30,,,,
mruyin6ujg,,key-to-lit-arena-tour-2026-neo-classics,2026-10-09,18:00,セキスイハイムスーパーアリーナ,electronic,female,同行,yuu,4.7,,番手,2026-09-24 11:27:01,scrape_observed,2026-09-25 01:01:12,,,listing,2,40000,"2名義中2番手/該当名義/初期当選/有効期限内/変更ボタンあり/エラー歴なし/すり替えなし/下3桁提示可

公演当日、こちらが指定した時間場所に待ち合わせし同時...",True,,,absent_unverified,,2026-09-27 09:48:30,,,,
zirumlj90i,,key-to-lit-arena-tour-2026-neo-classics,2026-10-09,18:00,セキスイハイムスーパーアリーナ,electronic,female,公演前日QRコード共有,抹茶,5.0,,QR,2026-09-24 11:27:01,scrape_observed,2026-09-25 01:01:12,,,listing,1,0,"単番QRごと/初期当選/該当名義(変更ボタン有)/有効期限内/着ブロ希望なし

・公演前日までにログインに必要な情報をお伝えいたします。
・入場後は速やかにログ...",True,,,absent_unverified,,2026-09-27 09:48:30,,,,
nmak8fje27,,key-to-lit-arena-tour-2026-neo-classics,2026-10-09,18:00,セキスイハイムスーパーアリーナ,electronic,female,同時入場,つ,5.0,,番手,2026-09-24 11:27:01,scrape_observed,2026-09-25 00:01:19,,,listing,2,35000,"2名義中2番手/初期当選/ 該当名義/有効期限内/変更ボタンあり/下3桁提示可能

2名義中2番手 同時入場していただき、2名義中当方が選択しなかった座席をお渡...",True,,,absent_unverified,,2026-09-27 09:48:30,,,,
8jz5ni7zs6,,key-to-lit-arena-tour-2026-neo-classics,2026-10-09,18:00,セキスイハイムスーパーアリーナ,electronic,female,同行,mm,5.0,,ランダム,2026-09-24 11:27:01,scrape_observed,2026-09-25 01:01:12,,,listing,1,18000,"座席未定 ランダム配布 条件あり 座席選択不可 代理購入不可 

 ランダム配布になりますので最後までご理解いただきご購入ください。  

・複数名義所持してお...",True,,,absent_unverified,,2026-09-27 09:48:30,,,,
0b82in7mnp,,key-to-lit-arena-tour-2026-neo-classics,2026-10-09,18:00,セキスイハイムスーパーアリーナ,electronic,female,公演日7日前までにQRコード共有,ゆ,5.0,,番手,2026-09-24 11:27:01,scrape_observed,2026-09-25 00:01:19,,,listing,2,48000,"★2名義中の2番手

情報局先行/座席未定/初期当選/2名義中の2番手/該当名義/変更ボタンあり/着ブロなし/有効期限内/下3桁提示可能/同一メアドなし/重複な...",True,,,absent_unverified,,2026-09-27 09:48:30,,,,
q98jx7l5kv,,key-to-lit-arena-tour-2026-neo-classics,2026-10-09,18:00,セキスイハイムスーパーアリーナ,electronic,female,同行,n,5.0,,同行,2026-09-24 11:27:01,scrape_observed,2026-09-25 01:01:12,,,listing,1,55000,"2名義中1番手同行/すり替えなし/初期当選のみ/下3桁提示可能/期限内該当名義(変更ボタンあり)/着ブロ指定なし/岩﨑担不可
入場後、一度チケットを回収し2名義...",True,,,absent_unverified,,2026-09-27 09:48:30,,,,
cofy75pr08,,key-to-lit-arena-tour-2026-neo-classics,2026-10-09,18:00,セキスイハイムスーパーアリーナ,electronic,female,3名義中2番手,ゆ,5.0,,番手,2026-09-24 11:27:01,scrape_observed,2026-09-25 00:01:19,,,listing,2,50000,"🌟プラベ出品しますので購入の際はコメントお願い致します🌟
3名義中2番手/初期当選/該当×2 非該当×1/有効期限内/すり替えなし/下3桁提示可/座席未定/...",True,,,absent_unverified,,2026-09-27 09:48:30,,,,
789jaww28g,,key-to-lit-arena-tour-2026-neo-classics,2026-10-09,18:00,セキスイハイムスーパーアリーナ,electronic,female,2番手中2番手,R,5.0,,番手,2026-09-24 11:27:01,scrape_observed,2026-09-25 01:01:12,,,listing,2,45000,"2名義中2番手/すり替えなし/初期当選/該当/有効期限内/変ボ有/下3桁提示可

当日指定した場所・時間に集合し、同時入場いたします。入場後チケットを一度回収し...",True,,,absent_unverified,,2026-09-27 09:48:30,,,,
kkdf5fqkyb,,key-to-lit-arena-tour-2026-neo-classics,2026-10-09,18:00,セキスイハイムスーパーアリーナ,electronic,female,同行,A,5.0,,番手,2026-09-24 11:27:01,scrape_observed,2026-09-25 01:01:12,,,listing,2,40000,"FC初期当選/2名義中2番手/下3桁提示可/該当名義×1 非該当×1/有効期限内/着ブロ無し/すり替え無し/ 変ボあり/エラー歴なし

即5


公演当日、開場...",True,,,absent_unverified,,2026-09-27 09:48:30,,,,
mgiq7x73ng,,key-to-lit-arena-tour-2026-neo-classics,2026-10-09,18:00,セキスイハイムスーパーアリーナ,electronic,female,同行,り,5.0,,QR同行,2026-09-24 11:27:01,scrape_observed,2026-09-25 00:01:19,,,listing,1,44000,"2連中1枚同行
情報局先行/初期当選/該当名義/有効期限内/すり替えなし/会員番号下3桁提示可
(決済方法PayPay)

・日本語の通じる方のみご購入ください...",True,,,absent_unverified,,2026-09-27 09:48:30,,,,
mxs2sreeg9,,key-to-lit-arena-tour-2026-neo-classics,2026-10-09,18:00,セキスイハイムスーパーアリーナ,paper,none,当日手渡し,れ,4.8,,ランダム同行,2026-09-24 11:27:01,scrape_observed,2026-09-25 01:01:12,,,listing,2,16000,"ランダム配布,2連確約

【取引にあたり注意事項】
日本語理解できる方、日本の電話番号お持ちの方のみ購入をお願いいたします。

チケット取引について理解ある方の...",True,,,absent_unverified,,2026-09-27 09:48:30,,,,
21rflr3ic5,,key-to-lit-arena-tour-2026-neo-classics,2026-10-09,18:00,セキスイハイムスーパーアリーナ,electronic,female,同行,まるこ,5.0,,同行,2026-09-24 11:27:01,scrape_observed,2026-09-25 01:01:12,,,listing,1,50000,"中村担不可/同行/情報局先行/該当名義/下3桁提示可能/初期当選/すり替えなし/有効期限内/本確不可
下記よくお読みください

・当方もお譲りいただくQRになり...",True,,,absent_unverified,,2026-09-27 09:48:30,,,,
7mb2rp8zlz,,key-to-lit-arena-tour-2026-neo-classics,2026-10-09,18:00,セキスイハイムスーパーアリーナ,paper,female,入金後24時間以内に郵送,M,5.0,,,2026-09-24 11:27:01,scrape_observed,2026-09-25 01:01:12,,,listing,1,17000,"注釈指定席
発券済みのチケットを送らせていただきます。",True,,,absent_unverified,,2026-09-27 09:48:30,,,,
nvon9cn4g2,,key-to-lit-arena-tour-2026-neo-classics,2026-10-09,18:00,セキスイハイムスーパーアリーナ,paper,female,当日手渡し,えび,5.0,,ランダム,2026-09-24 11:27:01,scrape_observed,2026-09-25 01:01:12,,,listing,1,18000,"ランダム配布（買い手様は座席を選べません）
*  日本語の通じる方のみご購入ください。男性〇未成年〇
*  会場の電波が悪い可能性がございますので、購入後は当日...",True,,,absent_unverified,,2026-09-27 09:48:30,,,,
lay0g4ony7,,key-to-lit-arena-tour-2026-neo-classics,2026-10-09,18:00,セキスイハイムスーパーアリーナ,electronic,female,同行,®️,4.5,,同行番手,2026-09-24 11:27:01,scrape_observed,2026-09-25 01:01:12,,,listing,1,25000,"✩すり替えなし2連✩下位番手
入場後すぐお渡し


・公演当日は開場時間30分前集合
(近くなりましたら詳しい場所等はお知らせします)
・座席確認後すぐのお渡し...",True,,,absent_unverified,,2026-09-27 09:48:30,,,,
ddw3ce0vw3,,key-to-lit-arena-tour-2026-neo-classics,2026-10-09,18:00,セキスイハイムスーパーアリーナ,electronic,female,同行,ゆ,5.0,,同行番手,2026-09-24 11:27:01,scrape_observed,2026-09-25 01:01:12,,,listing,2,40000,"2名義中2番手　即5
両方とも該当(変ボあり)/初期当選/下3桁提示可/有効会員

開場時間の15分前までに会場付近でお集まりいただき、同時入場いたします。
遅...",True,,,absent_unverified,,2026-09-27 09:48:30,,,,
e1rjadz7ie,,key-to-lit-arena-tour-2026-neo-classics,2026-10-09,18:00,セキスイハイムスーパーアリーナ,electronic,female,公演当日までにQRコード共有,♡,4.4,,QR,2026-09-24 11:27:01,scrape_observed,2026-09-25 00:01:19,,,listing,2,50000,"情報局先行 初期当選  KEY TO LIT名義 変更ボタンあり   QRごとのお譲り サイチェン可能 下3桁開示可能  条件無し  座席未定

復活当選、制作...",True,,,absent_unverified,,2026-09-27 09:48:30,,,,
aw8e0z4iom,,key-to-lit-arena-tour-2026-neo-classics,2026-10-09,18:00,セキスイハイムスーパーアリーナ,electronic,female,同行,いか,5.0,,QR同行,2026-09-24 11:27:01,scrape_observed,2026-09-25 00:01:19,,,listing,1,46500,"2連中1枚　当方と同行
【購入の際は担当、ご年齢明記の上、コメントお願いします。】

初期当選/該当名義/変ボあり/重複すり替えなし/下3桁提示可/期限内/サイ...",True,,,absent_unverified,,2026-09-27 09:48:30,,,,
63fjxu491i,,key-to-lit-arena-tour-2026-neo-classics,2026-10-09,18:00,セキスイハイムスーパーアリーナ,electronic,female,同行,r,4.8,,ランダム,2026-09-24 11:27:01,scrape_observed,2026-09-25 00:01:19,,,listing,1,13000,"座席未定 ランダム配布 条件あり 座席選択不可 代理購入不可 
 ランダム配布になりますので最後までご一読のうえご理解いただけた方のみご購入下さい。

・複数名...",True,,,absent_unverified,,2026-09-27 09:48:30,,,,
6tydmk1g53,,key-to-lit-arena-tour-2026-neo-classics,2026-10-09,18:00,セキスイハイムスーパーアリーナ,electronic,female,公演日24時間以内にQRコード共有,あ,5.0,,QR,2026-09-24 11:27:01,scrape_observed,2026-09-27 11:02:34,,,listing,2,60000,"QR毎/非該当/初期当選/変更ボ有り/有効期限内

公演日前日に、ログインに必要な情報をメッセージにてお伝えいたします。入場後は速やかにログアウトしていただき、...",True,6tydmk1g53,,active,2026-09-27 11:02:34,,event_api,,event_api,
urf53xgz57,,key-to-lit-arena-tour-2026-neo-classics,2026-10-09,18:00,セキスイハイムスーパーアリーナ,electronic,none,同行,太,5.0,,同行,2026-09-24 11:27:01,scrape_observed,2026-09-25 01:01:12,,,listing,1,42000,"
2連中の1枚（当方との同行）になります。

初期当選／座席未定／重複すり替えなし同行／非該当名義／着席希望なし／サイチェン不可／代理購入不可／猪狩担不可

*...",True,,,absent_unverified,,2026-09-27 09:48:30,,,,
xcjd2yh0l6,,key-to-lit-arena-tour-2026-neo-classics,2026-10-09,18:00,セキスイハイムスーパーアリーナ,electronic,female,同行,mm,5.0,,ランダム,2026-09-24 11:27:01,scrape_observed,2026-09-25 01:01:12,,,listing,1,16000,"座席未定 ランダム配布 条件あり 座席選択不可 代理購入不可 

 ランダム配布になりますので最後までご理解いただきご購入ください。  

・複数名義所持してお...",True,,,absent_unverified,,2026-09-27 09:48:30,,,,
cwha0jpwzx,,key-to-lit-arena-tour-2026-neo-classics,2026-10-09,18:00,セキスイハイムスーパーアリーナ,electronic,female,3名義中3番手,ゆ,5.0,,番手,2026-09-24 11:27:01,scrape_observed,2026-09-25 00:01:19,,,listing,2,40000,"🌟プラベ出品しますので購入の際はコメントお願い致します🌟
3名義中3番手/初期当選/該当×2 非該当×1/有効期限内/すり替えなし/下3桁提示可/座席未定/...",True,,,absent_unverified,,2026-09-27 09:48:30,,,,
frr0a2f6zd,,key-to-lit-arena-tour-2026-neo-classics,2026-10-09,18:00,セキスイハイムスーパーアリーナ,electronic,female,当日手渡し,Yyy,4.7,,番手,2026-09-24 11:27:01,scrape_observed,2026-09-25 01:01:12,,,listing,2,55000,"3名義中2番手
該当名義/変更ボタンあり/初期当選/着ブロ希望なし / 下3桁提示可能/すり替えなし

公演当日、こちらが指定した時間に会場付近にて待ち合わせの...",True,,,absent_unverified,,2026-09-27 09:48:30,,,,
bksmp0eo46,,key-to-lit-arena-tour-2026-neo-classics,2026-10-09,18:00,セキスイハイムスーパーアリーナ,electronic,female,同行,mp,5.0,,ランダム同行,2026-09-24 11:27:01,scrape_observed,2026-09-25 00:01:19,,,listing,1,15000,"同行入場、すり替えあり。2名での入場です。
持ち逃げ防止のため、入場時に身分証原本もしくはお使いのスマホ端末を預からせていただきます。
入場後にチケットと交換で...",True,,,absent_unverified,,2026-09-27 09:48:30,,,,
2j4eoh40vy,,key-to-lit-arena-tour-2026-neo-classics,2026-10-09,18:00,セキスイハイムスーパーアリーナ,electronic,female,同行,K,5.0,,同行番手,2026-09-24 11:27:01,scrape_observed,2026-09-25 00:01:19,,,listing,2,45000,"すり替えなし2名義中2番手2枚
該当(変更ボタンあり)/初期当選/有効期限内

⭐︎開場時間に会場付近にて待合せ予定となります
⭐︎プラベルまたはプライベート出...",True,,,absent_unverified,,2026-09-27 09:48:30,,,,
58kjzk5nl7,,key-to-lit-arena-tour-2026-neo-classics,2026-10-09,18:00,セキスイハイムスーパーアリーナ,electronic,female,同行,31,5.0,,同行記載あり,2026-09-24 11:27:01,scrape_observed,2026-09-25 00:01:19,,,listing,1,38000,"重複なし同行（井上担不可）/初期/非該当/期限内/下3桁提示可/本確不可/日本人女性のみ/代理購入不可

当日は当方が指定した場所・時間に集合し同時入場して頂き...",True,,,absent_unverified,,2026-09-27 09:48:30,,,,
pmn13gr7nm,,key-to-lit-arena-tour-2026-neo-classics,2026-10-09,18:00,セキスイハイムスーパーアリーナ,electronic,female,同行,s,5.0,,番手,2026-09-24 11:27:01,scrape_observed,2026-09-25 01:01:12,,,listing,2,48000,"
一般含む4名義中2番手/すり替え無し/下3桁提示可能/初期当選

公演当日、会場20分前を目安にこちらが指定した場所に集合して頂き同時入場いたします。入場後一...",True,,,absent_unverified,,2026-09-27 09:48:30,,,,
700t6klc0y,,key-to-lit-arena-tour-2026-neo-classics,2026-10-09,18:00,セキスイハイムスーパーアリーナ,electronic,female,少数ランダム,も,5.0,,ランダム,2026-09-24 11:27:01,scrape_observed,2026-09-25 00:01:19,,,listing,2,20000,"💓プラベル対応可能です💓
🌟ランダム🌟必ずランダム配布に理解がある方のみご購入ください。
🌟中相場での買取可🌟
日本語のわかる日本人女性のみご購入く...",True,,,absent_unverified,,2026-09-27 09:48:30,,,,
kvelr1iydv,,key-to-lit-arena-tour-2026-neo-classics,2026-10-10,12:30,セキスイハイムスーパーアリーナ,electronic,female,ランダム,m,5.0,,同行記載あり,2026-09-24 11:27:01,scrape_observed,2026-09-25 00:01:19,,,listing,1,13000,"当方が座席を選択した後、残ったチケットをランダムでお渡し致します。
ご購入様にお席をお選び頂くことはできません。

発券後、一度チケットを全て回収させていただき...",True,,,absent_unverified,,2026-09-27 09:48:30,,,,
ycfmb4onyd,,key-to-lit-arena-tour-2026-neo-classics,2026-10-10,12:30,セキスイハイムスーパーアリーナ,electronic,female,2名義中2番手,R,5.0,,番手,2026-09-24 11:27:01,scrape_observed,2026-09-25 01:01:12,,,listing,1,45000,"2名義中2番手/初期当選/該当名義/有効期限内/変更ボタンあり/重複すり替えなし/下3桁提示可

当日は開場時間に会場付近で待ち合わせをし、同時入場していただき...",True,,,absent_unverified,,2026-09-27 09:48:30,,,,
smc8zj6x4j,,key-to-lit-arena-tour-2026-neo-classics,2026-10-10,12:30,セキスイハイムスーパーアリーナ,electronic,female,5名義中4番手,あ,5.0,,番手,2026-09-24 11:27:01,scrape_observed,2026-09-25 01:01:12,,,listing,1,50000,"全て初期当選、該当名義、有効期限内、下3桁提示可能、過去エラーなし

開場時間10分前頃を目安に会場付近にて集合予定。時間、場所については確定後前日夜までにはご...",True,,,absent_unverified,,2026-09-27 09:48:30,,,,
my847mmh25,,key-to-lit-arena-tour-2026-neo-classics,2026-10-10,12:30,セキスイハイムスーパーアリーナ,electronic,female,同行,♡,4.4,,ランダム,2026-09-24 11:27:01,scrape_observed,2026-09-25 00:01:19,,,listing,2,30000,"ランダム配布を理解している方のみご購入ください。

複数名義所持しているため、同時入場後は発券したチケットを一度回収させて頂き、座席はこちらで選ばせて頂きます。...",True,,,absent_unverified,,2026-09-27 09:48:30,,,,
k3a9kdwmww,,key-to-lit-arena-tour-2026-neo-classics,2026-10-10,12:30,セキスイハイムスーパーアリーナ,electronic,female,ランダム,m,5.0,,ランダム,2026-09-24 11:27:01,scrape_observed,2026-09-25 00:01:19,,,listing,2,28000,"当方が座席を選択した後、残ったチケットをランダムでお渡し致します。
ご購入様にお席をお選び頂くことはできません。

発券後、一度チケットを全て回収させていただき...",True,,,absent_unverified,,2026-09-27 09:48:30,,,,
40g068v0ig,,key-to-lit-arena-tour-2026-neo-classics,2026-10-10,12:30,セキスイハイムスーパーアリーナ,electronic,female,同行,ありちゃん,5.0,,ランダム,2026-09-24 11:27:01,scrape_observed,2026-09-25 01:01:12,,,listing,1,29000,⭐️開演30分前までにお渡し⭐️FC先行 座席未定/同時入場後に一度チケットを回収し、当方の座席選択後にランダム配布いたします/全名義有効期限内/同一クレカでの...,True,,,absent_unverified,,2026-09-27 09:48:30,,,,
499h7fz3de,,key-to-lit-arena-tour-2026-neo-classics,2026-10-10,12:30,セキスイハイムスーパーアリーナ,electronic,female,同行,ゆ,5.0,,ランダム,2026-09-24 11:27:01,scrape_observed,2026-09-25 01:01:12,,,listing,1,18000,"特別出品しますのでコメントお願い致します。
少人数ランダム配布

公演当日、開場時間の30分前頃に会場付近にて待ち合わせし、同時入場していただきます。
詳しい待...",True,,,absent_unverified,,2026-09-27 09:48:30,,,,
5seege1wzv,,key-to-lit-arena-tour-2026-neo-classics,2026-10-10,12:30,セキスイハイムスーパーアリーナ,electronic,none,同行,ふ,5.0,,同行,2026-09-24 11:27:01,scrape_observed,2026-09-25 01:01:12,,,listing,1,66000,"初期当選/該当/有効期限内/下3桁提示可能/重複すり替えなし同行

当日は開場15分前を目安に待ち合わせし、同時入場いたします。時間や場所の詳細は前日もしくは当...",True,,,absent_unverified,,2026-09-27 09:48:30,,,,
21k1kr6q3t,,key-to-lit-arena-tour-2026-neo-classics,2026-10-10,12:30,セキスイハイムスーパーアリーナ,electronic,female,QRコード共有,あ,5.0,,QR,2026-09-24 11:27:01,scrape_observed,2026-09-25 01:01:12,,,listing,2,50000,"急遽仙台へ行くことが難しくなってしまったため、お譲り先を探しております。

仙台公演
QRごと／2連のみ
初期当選・キテレツ名義
サイチェン❌
公演中止になった...",True,,,absent_unverified,,2026-09-27 09:48:30,,,,
hynurbw7sv,,key-to-lit-arena-tour-2026-neo-classics,2026-10-10,12:30,セキスイハイムスーパーアリーナ,paper,female,入金後24時間以内に郵送,M,5.0,,,2026-09-24 11:27:01,scrape_observed,2026-09-25 00:01:19,,,listing,2,35000,"一般発売　注釈指定席
2名券
追跡ありで郵送させて頂きます。",True,,,absent_unverified,,2026-09-27 09:48:30,,,,
ogdy63hepu,,key-to-lit-arena-tour-2026-neo-classics,2026-10-10,12:30,セキスイハイムスーパーアリーナ,electronic,female,同時入場 開演5分前ランダムにてお渡し,m,5.0,,ランダム,2026-09-24 11:27:01,scrape_observed,2026-09-25 01:01:12,,,listing,1,22000,"最後までご確認いただき、ご了承いただけた方のみご購入をお願いいたします。

・同時入場後チケットを一旦回収し解散した後、座席選択後にランダムでチケットをお渡しし...",True,,,absent_unverified,,2026-09-27 09:48:30,,,,
z80yyy8wyn,,key-to-lit-arena-tour-2026-neo-classics,2026-10-10,12:30,セキスイハイムスーパーアリーナ,electronic,female,公演前日までにログイン情報共有,🌷,5.0,,QR,2026-09-24 11:27:01,scrape_observed,2026-09-25 00:01:19,,,listing,2,70000,"初期当選/該当名義/同行者登録可/下3桁提示可/サイチェン不可

入場後は速やかにログアウトをお願いします。本人確認やランダムエラー等いかなる場合も返金対応はい...",True,,,absent_unverified,,2026-09-27 09:48:30,,,,
3n9q0egula,,key-to-lit-arena-tour-2026-neo-classics,2026-10-10,12:30,セキスイハイムスーパーアリーナ,electronic,female,同行,ぱん,5.0,,番手,2026-09-24 11:27:01,scrape_observed,2026-09-25 00:01:19,,,listing,2,55000,"4名義中3番手/全て該当名義/初期当選/有効期限内/すり替えなし/下3桁提示可/着ブロ希望なし/座席未定

4名義中3番手


公演当日は当方が指定する場所、時...",True,,,absent_unverified,,2026-09-27 09:48:30,,,,
e4r0kp7kms,,key-to-lit-arena-tour-2026-neo-classics,2026-10-10,12:30,セキスイハイムスーパーアリーナ,electronic,none,ランダム配布(集合少人数),p,5.0,,ランダム,2026-09-24 11:27:01,scrape_observed,2026-09-25 01:01:12,,,listing,1,20000,"【必ず下記全てお読みいただきご理解いただけた方のみご購入下さい】
【即決取引ですが、購入前コメント必須。こちらの返信を受け取ってから購入して下さい】
【購入され...",True,,,absent_unverified,,2026-09-27 09:48:30,,,,
xr6e74e3jd,,key-to-lit-arena-tour-2026-neo-classics,2026-10-10,12:30,セキスイハイムスーパーアリーナ,electronic,female,同行,S,5.0,,ランダム,2026-09-24 11:27:01,scrape_observed,2026-09-25 01:01:12,,,listing,1,20000,"【ランダム配布にご理解ある方のみご購入お願い致します】
同時入場後、ランダムでチケットをお渡しさせて頂きます。
ご自身での座席選択はできかねますのでご了承くださ...",True,,,absent_unverified,,2026-09-27 09:48:30,,,,
ix5fww922z,,key-to-lit-arena-tour-2026-neo-classics,2026-10-10,12:30,セキスイハイムスーパーアリーナ,electronic,female,同行,あ,5.0,,番手,2026-09-24 11:27:01,scrape_observed,2026-09-25 01:01:12,,,listing,2,68000,"4名義中2番手、下3桁提示可能、全て初期当選該当有効期限内、すり替えなし
⭐️公演当日は会場付近で待ち合わせをし、同時入場していただきます。
⭐️詳しい待ち合わ...",True,,,absent_unverified,,2026-09-27 09:48:30,,,,
v6slfv6t2t,,key-to-lit-arena-tour-2026-neo-classics,2026-10-10,12:30,セキスイハイムスーパーアリーナ,electronic,female,QR毎/初期当選/該当名義（変更ボタン無）/有効期限内/下3桁提示可/着ブロ指定なし/クレカ決済(同一クレカ決済なし)/同一氏名名義を含め過去エラーなし/発送物戻りなし,rumi,5.0,,QR,2026-09-24 11:27:01,scrape_observed,2026-09-25 01:01:12,,,listing,2,55000,"公演前日に連絡ボードにてログイン情報をお伝えします。
同行者登録は購入者の方にてご対応お願いします。
入場しましたら開演時間までにログアウト、受け取り通知をお願...",True,,,absent_unverified,,2026-09-27 09:48:30,,,,
7raj18mq4a,,key-to-lit-arena-tour-2026-neo-classics,2026-10-10,12:30,セキスイハイムスーパーアリーナ,electronic,female,少人数ランダム,mp,5.0,,ランダム,2026-09-24 11:27:01,scrape_observed,2026-09-25 00:01:19,,,listing,2,20000,"同行入場、すり替えあり。4名での入場です。
持ち逃げ防止のため、入場時に身分証原本もしくはお使いのスマホ端末を預からせていただきます。
入場後にチケットと交換で...",True,,,absent_unverified,,2026-09-27 09:48:30,,,,
knim97gbb7,,key-to-lit-arena-tour-2026-neo-classics,2026-10-10,12:30,セキスイハイムスーパーアリーナ,electronic,female,同行,R,5.0,,番手,2026-09-24 11:27:01,scrape_observed,2026-09-25 00:01:19,,,listing,2,65000,"3名義中2番手/全て初期当選/該当名義/変更ボタンあり

当日は開場の20分前までには会場付近に到着しているようお願いいたします。

入場後は一度解散し確認後に...",True,,,absent_unverified,,2026-09-27 09:48:30,,,,
w0b8yscuic,,key-to-lit-arena-tour-2026-neo-classics,2026-10-10,12:30,セキスイハイムスーパーアリーナ,electronic,female,同行,ゆ。,5.0,,番手,2026-09-24 11:27:01,scrape_observed,2026-09-25 01:01:12,,,listing,2,43500,"2名義中2番手/すり替えなし/該当名義/初期当選/有効期限内/変更ボタンあり/下3桁提示可/サイチェン不可/本人確認不可

・公演当日、開場20～30分前を目安...",True,,,absent_unverified,,2026-09-27 09:48:30,,,,
rj7dlpegt0,,key-to-lit-arena-tour-2026-neo-classics,2026-10-10,12:30,セキスイハイムスーパーアリーナ,electronic,female,2名義中2番手,え,5.0,,番手,2026-09-24 11:27:01,scrape_observed,2026-09-25 00:01:19,,,listing,2,55000,"⭐️2名義中2番手⭐️ / 初期当選 / 該当名義 / 有効期限内 / すり替えなし / 下3桁提示可

公演当日は開場時間の30～40分前頃を目安にこちらが指...",True,,,absent_unverified,,2026-09-27 09:48:30,,,,
giq5kmeg1k,,key-to-lit-arena-tour-2026-neo-classics,2026-10-10,12:30,セキスイハイムスーパーアリーナ,electronic,female,【条件あり】当日手渡し/座席未定/ランダム配布/有効会員,T,4.9,,同行ランダム,2026-09-24 11:27:01,scrape_observed,2026-09-25 00:01:19,,,listing,1,12000,"《開場30分前集合予定》

※レビュー(評価4.8以上)ある方のみ申請下さい。
※購入時のコメント不要です。
★購入後に当日連絡のつくお電話番号と氏名(苗字)を...",True,,,absent_unverified,,2026-09-27 09:48:30,,,,
4ioyfg9w0q,,key-to-lit-arena-tour-2026-neo-classics,2026-10-10,12:30,セキスイハイムスーパーアリーナ,electronic,female,同行,ぱん,5.0,,番手,2026-09-24 11:27:01,scrape_observed,2026-09-25 00:01:19,,,listing,2,70000,"4名義中2番手/全て該当名義/初期当選/有効期限内/すり替えなし/下3桁提示可/着ブロ希望なし/座席未定

4名義中2番手


公演当日は当方が指定する場所、時...",True,,,absent_unverified,,2026-09-27 09:48:30,,,,
qpfy5aiqt8,,key-to-lit-arena-tour-2026-neo-classics,2026-10-10,12:30,セキスイハイムスーパーアリーナ,electronic,none,同行,c,4.9,,ランダム記載あり,2026-09-24 11:27:01,scrape_observed,2026-09-25 01:01:12,,,listing,1,18000,"・当日開場30分前を目処に会場付近に集合し同時入場して頂きます。詳しい集合時間や場所は当日朝までに連絡ボードにてご連絡致します。
・遅刻は厳禁でお願い致します。...",True,,,absent_unverified,,2026-09-27 09:48:30,,,,
c51i7lej57,,key-to-lit-arena-tour-2026-neo-classics,2026-10-10,12:30,セキスイハイムスーパーアリーナ,electronic,female,同行,r,4.8,,ランダム,2026-09-24 11:27:01,scrape_observed,2026-09-25 01:01:12,,,listing,1,14000,"座席未定 ランダム配布 条件あり 座席選択不可 代理購入不可 
 ランダム配布になりますので最後までご一読のうえご理解いただけた方のみご購入下さい。

・複数名...",True,,,absent_unverified,,2026-09-27 09:48:30,,,,
yhc756lt9k,,key-to-lit-arena-tour-2026-neo-classics,2026-10-10,12:30,セキスイハイムスーパーアリーナ,electronic,female,4名義中2番手,れの,5.0,,番手,2026-09-24 11:27:01,scrape_observed,2026-09-25 01:01:12,,,listing,2,69000,4名義中2番手/初期当選/すべて該当名義/すり替えなし/下3桁提示可/有効期限内 / 発送物戻りなし/着ブロ希望なし/Pay-easy入金/サイチェン可/変更ボ...,True,,,absent_unverified,,2026-09-27 09:48:30,,,,
nvcww228fh,,key-to-lit-arena-tour-2026-neo-classics,2026-10-10,12:30,セキスイハイムスーパーアリーナ,electronic,none,同行,あ,4.8,,ランダム,2026-09-24 11:27:01,scrape_observed,2026-09-25 01:01:12,,,listing,1,16000,"ランダム配布

★購入する際はプライベート出品またはプラベルに切り替えさせて頂きますので購入希望の方は必ずメッセージお願いします。

・詳しい待ち合わせ時間・場...",True,,,absent_unverified,,2026-09-27 09:48:30,,,,
exm2cdbf1v,,key-to-lit-arena-tour-2026-neo-classics,2026-10-10,12:30,セキスイハイムスーパーアリーナ,electronic,female,同行,♡,4.4,,ランダム,2026-09-24 11:27:01,scrape_observed,2026-09-25 00:01:19,,,listing,2,33000,"ランダム配布を理解している方のみご購入ください。

複数名義所持しているため、同時入場後は発券したチケットを一度回収させて頂き、座席はこちらで選ばせて頂きます。...",True,,,absent_unverified,,2026-09-27 09:48:30,,,,
ioyqzuky88,,key-to-lit-arena-tour-2026-neo-classics,2026-10-10,12:30,セキスイハイムスーパーアリーナ,electronic,female,公演日前日18時までにQRコード共有,ゆき,5.0,,ランダム記載あり,2026-09-24 11:27:01,scrape_observed,2026-09-25 01:01:12,,,listing,1,70000,"座席未定/QR毎/復活当選/重複すり替えなし/下3桁提示/有効期限内/着ブロ希望なし

公演中止の際は手数料を差し引いた金額を返金致しますが、それ以外の如何なる...",True,,,absent_unverified,,2026-09-27 09:48:30,,,,
f7ba913lom,,key-to-lit-arena-tour-2026-neo-classics,2026-10-10,12:30,セキスイハイムスーパーアリーナ,electronic,female,当日開場30~15分前に集合し同時入場,an,5.0,,番手,2026-09-24 11:27:01,scrape_observed,2026-09-25 01:01:12,,,listing,2,60000,"2名義中2番手/該当名義のみ/初期当選のみ/有効期限内/変更ボタンあり/下3桁提示可/過去エラーなし

・公演当日会場付近にて待ち合わせし、同時入場していただき...",True,,,absent_unverified,,2026-09-27 09:48:30,,,,
m6m143nr76,,key-to-lit-arena-tour-2026-neo-classics,2026-10-10,12:30,セキスイハイムスーパーアリーナ,electronic,female,公演日3日前までにQRコード共有,m,4.9,,QR,2026-09-24 11:27:01,scrape_observed,2026-09-25 01:01:12,,,listing,2,64000,"QR毎/情報局先行/該当名義(変更ボタンあり)/初期当選/有効期限内/すり替えなし下3桁提示可/同行者登録可/過去エラーなし

当選歴:昨年ツアースタンド席...",True,,,absent_unverified,,2026-09-27 09:48:30,,,,
9s4zkjp5fo,,key-to-lit-arena-tour-2026-neo-classics,2026-10-10,12:30,セキスイハイムスーパーアリーナ,electronic,female,同行,あ,4.8,,番手ランダム,2026-09-24 11:27:01,scrape_observed,2026-09-25 01:01:12,,,listing,2,40000,"⭐️すり替えなし (下3桁提示可能)⭐️

初期当選/該当名義(変更ボタン有)/有効期限内
↑
全て上記に該当している名義でのすり替えなしランダム配布です。...",True,,,absent_unverified,,2026-09-27 09:48:30,,,,
hyk8xinvyc,,key-to-lit-arena-tour-2026-neo-classics,2026-10-10,12:30,セキスイハイムスーパーアリーナ,paper,none,当日手渡し,れ,4.8,,ランダム番手同行QR,2026-09-24 11:27:01,scrape_observed,2026-09-25 01:01:12,,,listing,2,41000,"すり替えなし即配布
初期当選,期限内名義のみ発券
入場後券面にて座席確認しチケット配布します

2枚購入時には連番チケットお渡しします

【取引にあたり注意事項...",True,,,absent_unverified,,2026-09-27 09:48:30,,,,
xsglkpen0f,,key-to-lit-arena-tour-2026-neo-classics,2026-10-10,12:30,セキスイハイムスーパーアリーナ,electronic,female,入金後すぐにQRコード共有,misuzu,5.0,,QR,2026-09-24 11:27:01,scrape_observed,2026-09-25 01:01:12,,,listing,2,49000,"情報局先行 KEY TO LIT 井上瑞稀名義 初期当選 指定席 2枚申し込み 
QRごとのお譲り 条件ございません 座席未定

情報局先行 ２枚申込みでの当選...",True,,,absent_unverified,,2026-09-27 09:48:30,,,,
nx7xphwcep,,key-to-lit-arena-tour-2026-neo-classics,2026-10-10,12:30,セキスイハイムスーパーアリーナ,electronic,female,同行,Moa,5.0,,同行番手,2026-09-24 11:27:01,scrape_observed,2026-09-25 01:01:12,,,listing,2,57000,"初期当選、2名義中2番手、全て該当名義、有効期限内、変更ボタンあり、着ブロ希望なし、下3桁提示可、すり替えなし、過去エラーなし

こちらが指定する場所と時間に待...",True,,,absent_unverified,,2026-09-27 09:48:30,,,,
ku2vy4dreu,,key-to-lit-arena-tour-2026-neo-classics,2026-10-10,12:30,セキスイハイムスーパーアリーナ,electronic,female,同行,み,5.0,,番手,2026-09-24 11:27:01,scrape_observed,2026-09-25 01:01:12,,,listing,2,58000,"2名義中2番手/すべて初期該当変更ボタンあり/すり替えなし/下3桁提示可/有効期限内

・2名義中2番手のお譲りになります。
・入場時のみ同行者様と分かれて入場...",True,,,absent_unverified,,2026-09-27 09:48:30,,,,
ddvu4vtxjj,,key-to-lit-arena-tour-2026-neo-classics,2026-10-10,12:30,セキスイハイムスーパーアリーナ,electronic,female,同行,しお,5.0,,ランダム,2026-09-24 11:27:01,scrape_observed,2026-09-25 00:01:19,,,listing,1,15000,"返金保証⚠︎入場時ランダムエラーで入場ができなかった場合は掲載額から定価手数料を引いた全額返金いたします。

発券後半券を一度お預かりいたします。
お渡しできる...",True,,,absent_unverified,,2026-09-27 09:48:30,,,,
0xi6wgfht9,,key-to-lit-arena-tour-2026-neo-classics,2026-10-10,12:30,セキスイハイムスーパーアリーナ,electronic,female,ランダム配布,lt,4.7,,ランダム,2026-09-24 11:27:01,scrape_observed,2026-09-25 01:01:12,,,listing,2,40000,【エラーで入場できなかった場合のみ返金します。】当日会場付近にて開場時間の20分前までにお待ち合わせ予定になります。【2枚でご購入された場合は必ず2連でチケット...,True,,,absent_unverified,,2026-09-27 09:48:30,,,,
biwgehhypk,,key-to-lit-arena-tour-2026-neo-classics,2026-10-10,12:30,セキスイハイムスーパーアリーナ,electronic,female,同行,m,5.0,,同行,2026-09-24 11:27:01,scrape_observed,2026-09-27 11:02:34,,,listing,1,65000,"すり替えなし同行/猪狩担不可/非該当名義/有効期限内/下3桁提示可


・当日開演前に会場付近で待ち合わせし、同時入場していただきます。（詳細前日に連絡致します...",True,biwgehhypk,,active,2026-09-27 11:02:34,,event_api,,event_api,
35kvgvwt52,,key-to-lit-arena-tour-2026-neo-classics,2026-10-10,12:30,セキスイハイムスーパーアリーナ,electronic,female,公演前日,a,5.0,,QR,2026-09-24 11:27:01,scrape_observed,2026-09-25 01:01:12,,,listing,2,78000,"FC先行/初期当選/QR毎/該当名義/有効期限内/下3桁提示可能

⚠️プラベル移行可能な方リクエストお願いします。

QR毎のお譲りです。
公演前日の夜にログ...",True,,,absent_unverified,,2026-09-27 09:48:30,,,,
05wqkhcvpr,,key-to-lit-arena-tour-2026-neo-classics,2026-10-10,12:30,セキスイハイムスーパーアリーナ,electronic,female,公演日前日にログイン情報を共有,ま,5.0,,QR,2026-09-24 11:27:01,scrape_observed,2026-09-25 01:01:12,,,listing,2,55000,"QR毎のお譲り/初期当選/該当名義/変更ボタン有/有効期限内/下3桁提示可/着ブロ希望なし


公演前日にログイン情報をお伝えいたします。
ログイン後はQR表示...",True,,,absent_unverified,,2026-09-27 09:48:30,,,,
3orc02qyyi,,key-to-lit-arena-tour-2026-neo-classics,2026-10-10,12:30,セキスイハイムスーパーアリーナ,electronic,female,開場15分前までに集合し同時入場,るな,5.0,,番手,2026-09-24 11:27:01,scrape_observed,2026-09-25 01:01:12,,,listing,2,50000,2名義中2番手/初期当選のみ/有効期限内/変更ボタンあり/情報局該当名義のみ/会員番号下3桁提示可/過去エラーなし/公演中止時のみ各種手数料を差し引いた金額を返...,True,,,absent_unverified,,2026-09-27 09:48:30,,,,
2hk75ckak7,,key-to-lit-arena-tour-2026-neo-classics,2026-10-10,12:30,セキスイハイムスーパーアリーナ,electronic,female,同行,mm,5.0,,ランダム,2026-09-24 11:27:01,scrape_observed,2026-09-25 01:01:12,,,listing,1,18000,"座席未定 ランダム配布 条件あり 座席選択不可 代理購入不可 

 ランダム配布になりますので最後までご理解いただきご購入ください。  

・複数名義所持してお...",True,,,absent_unverified,,2026-09-27 09:48:30,,,,
8lt9rnfsvy,,key-to-lit-arena-tour-2026-neo-classics,2026-10-10,12:30,セキスイハイムスーパーアリーナ,electronic,female,同行,あ,5.0,,ランダム,2026-09-24 11:27:01,scrape_observed,2026-09-25 01:01:12,,,listing,2,40000,"【すりかえなしランダム配布】 
複数当選しております。当方が座席を選択した後、残ったチケットをランダムでお渡し致します。 落札者様にお席をお選び頂くことはできま...",True,,,absent_unverified,,2026-09-27 09:48:30,,,,
5uj6brqlo8,,key-to-lit-arena-tour-2026-neo-classics,2026-10-10,12:30,セキスイハイムスーパーアリーナ,paper,female,入金後24時間以内に郵送,a,5.0,,,2026-09-24 11:27:01,scrape_observed,2026-09-25 01:01:12,,,listing,2,27800,"一般発売　立見

定価支払い済み発券したチケットを送らせていただきます。",True,,,absent_unverified,,2026-09-27 09:48:30,,,,
52lgnjk5zz,,key-to-lit-arena-tour-2026-neo-classics,2026-10-10,12:30,セキスイハイムスーパーアリーナ,electronic,female,公演前日QRコード共有,J,5.0,,QR,2026-09-24 11:27:01,scrape_observed,2026-09-25 01:01:12,,,listing,2,64000,"初期当選/QR毎/有効期限内/Pay-easy決済/重複すり替えなし/着ブロ希望なし/購入後下3桁提示可

プラベルもしくはプライベート出品に切り替えのため、購...",True,,,absent_unverified,,2026-09-27 09:48:30,,,,
rbzephg03o,,key-to-lit-arena-tour-2026-neo-classics,2026-10-10,12:30,セキスイハイムスーパーアリーナ,electronic,female,同行,R,5.0,,番手,2026-09-24 11:27:01,scrape_observed,2026-09-25 00:01:19,,,listing,2,60000,"3名義中3番手/全て初期当選/該当名義/変更ボタンあり

当日は開場の20分前までには会場付近に到着しているようお願いいたします。

入場後は一度解散し確認後に...",True,,,absent_unverified,,2026-09-27 09:48:30,,,,
d3t3vxteys,,key-to-lit-arena-tour-2026-neo-classics,2026-10-10,12:30,セキスイハイムスーパーアリーナ,electronic,female,同時入場,ちけてんまる,5.0,,ランダム,2026-09-24 11:27:01,scrape_observed,2026-09-25 01:01:12,,,listing,1,17900,"当日、開場30分前に会場付近で待ち合わせをし、同時入場をしていただきます。
詳しい待ち合わせ時間・場所につきましては、公演が近くなりましたら連絡ボードにてお知ら...",True,,,absent_unverified,,2026-09-27 09:48:30,,,,
8c950bqn8z,,key-to-lit-arena-tour-2026-neo-classics,2026-10-10,12:30,セキスイハイムスーパーアリーナ,electronic,female,QRごと,어,5.0,,QR,2026-09-24 11:27:01,scrape_observed,2026-09-25 01:01:12,,,listing,2,70000,"情報局先行 該当名義(変更ボタン有り) 
初期当選 有効期限内コンビニ決済 
重複すり替えなし 同行者登録可
入金後下3桁提示可 着ブロなし
郵送物戻り 過去エ...",True,,,absent_unverified,,2026-09-27 09:48:30,,,,
9jrjtpyt4p,,key-to-lit-arena-tour-2026-neo-classics,2026-10-10,12:30,セキスイハイムスーパーアリーナ,electronic,female,同行,も,5.0,,同行,2026-09-24 11:27:01,scrape_observed,2026-09-25 00:01:19,,,listing,1,70000,"
重複無し2連中の一枚

当方と同行
初期当選/有効期限内／下3桁提示可能


集合は開場10分前頃予定しておりますので時間厳守でお願致します。

万が一着ブロ...",True,,,absent_unverified,,2026-09-27 09:48:30,,,,
fo8uxqkqqw,,key-to-lit-arena-tour-2026-neo-classics,2026-10-10,12:30,セキスイハイムスーパーアリーナ,electronic,female,同行,れ,5.0,,番手,2026-09-24 11:27:01,scrape_observed,2026-09-25 01:01:12,,,listing,2,45000,"FC先行/初期当選/すり替えなし/期限内/4名義中4番手/下3桁提示可

プラベル出品に切り替えます。
プラベル分からない方ご遠慮ください
公演当日は会場付近に...",True,,,absent_unverified,,2026-09-27 09:48:30,,,,
qo2vj7xwp4,,key-to-lit-arena-tour-2026-neo-classics,2026-10-10,12:30,セキスイハイムスーパーアリーナ,electronic,female,QRごと,어,5.0,,QR,2026-09-24 11:27:01,scrape_observed,2026-09-25 01:01:12,,,listing,2,65000,"🌟3名義所持🌟
当選歴なし×2
 WTFららスタンド×1

情報局先行 中村嶺亜名義(変更ボタン有り) 
初期当選 有効期限内コンビニ決済 
重複すり替えな...",True,,,absent_unverified,,2026-09-27 09:48:30,,,,
gro8o24v6y,,key-to-lit-arena-tour-2026-neo-classics,2026-10-10,12:30,セキスイハイムスーパーアリーナ,electronic,female,当日手渡し,な,5.0,,番手,2026-09-24 11:27:01,scrape_observed,2026-09-25 01:01:12,,,listing,2,70000,4名義中2番手/初期当選/該当名義/変更ボタンあり/すり替えなし/下3桁提示可/有効期限内/発送物戻りなし/着ブロ希望なし/同一クレカなし/サイチェン可/本人確...,True,,,absent_unverified,,2026-09-27 09:48:30,,,,
zqcqac245t,,key-to-lit-arena-tour-2026-neo-classics,2026-10-10,12:30,セキスイハイムスーパーアリーナ,electronic,female,同行,T,5.0,,同行番手,2026-09-24 11:27:01,scrape_observed,2026-09-25 00:01:19,,,listing,1,45000,"2名義中2番手同行
初期当選/該当名義/有効期限内/変更ボタン有/すり替えなし/下３桁提示可

購入申請される際に担当明記をお願いいたします。

指定したお時間...",True,,,absent_unverified,,2026-09-27 09:48:30,,,,
z1sve39vj4,,key-to-lit-arena-tour-2026-neo-classics,2026-10-10,12:30,セキスイハイムスーパーアリーナ,electronic,female,同行,𐔌˘- · •̤ᐢ𐦯,5.0,,番手,2026-09-24 11:27:01,scrape_observed,2026-09-25 01:01:12,,,listing,2,50000,"3名義中3番手



初期当選/該当/有効期限内/下3桁提示可能/重複すり替えなし同行/

当日は開場時間を目安に待ち合わせし、同時入場いたします。時間や場所の...",True,,,absent_unverified,,2026-09-27 09:48:30,,,,
bc94epmuuq,,key-to-lit-arena-tour-2026-neo-classics,2026-10-10,12:30,セキスイハイムスーパーアリーナ,electronic,female,同行,ほ,5.0,,同行記載あり,2026-09-24 11:27:01,scrape_observed,2026-09-25 00:01:19,,,listing,1,70000,"初期当選｜重複すり替えなし｜同行｜有効期限内名義｜会員番号下3桁提示可

・開場時間頃に集合予定です。
・当方(佐々木担)の同行になります。
・連番内の座席はこ...",True,,,absent_unverified,,2026-09-27 09:48:30,,,,
w3hr9xrrl8,,key-to-lit-arena-tour-2026-neo-classics,2026-10-10,12:30,セキスイハイムスーパーアリーナ,electronic,female,公演前日にQRコード共有,⭐︎⭐︎,5.0,,QR,2026-09-24 11:27:01,scrape_observed,2026-09-25 01:01:12,,,listing,2,69000,"情報局先行　初期当選　非該当　有効期限内

⚠️プラベル移行可能な方リクエストお願いします。

前日にログインに必要な情報を、お伝え致します。同行者登録・同意チ...",True,,,absent_unverified,,2026-09-27 09:48:30,,,,
vu0gwylr8i,,key-to-lit-arena-tour-2026-neo-classics,2026-10-10,12:30,セキスイハイムスーパーアリーナ,electronic,female,入金後24時間以内にQRコード共有,어,5.0,,QR,2026-09-24 11:27:01,scrape_observed,2026-09-25 00:01:19,,,listing,2,52000,"情報局先行 中村嶺亜名義(変更ボタン有り) 
初期当選 有効期限内コンビニ決済 
重複すり替えなし 同行者登録可
入金後下3桁提示可 着ブロなし
郵送物戻り 過...",True,,,absent_unverified,,2026-09-27 09:48:30,,,,
cnbrlsy1fj,,key-to-lit-arena-tour-2026-neo-classics,2026-10-10,12:30,セキスイハイムスーパーアリーナ,electronic,female,同行,てぁ,5.0,,番手,2026-09-24 11:27:01,scrape_observed,2026-09-25 01:01:12,,,listing,2,65000,"【連番 3名義中2番手】
⭐️すべて連番/初期当選/該当名義/変更ボタン有/有効期限内/下3桁提示可/すり替えなし/着ブロ希望なし
⭐️ご購入の際にチケテン入場...",True,,,absent_unverified,,2026-09-27 09:48:30,,,,
58q3rp7pfz,,key-to-lit-arena-tour-2026-neo-classics,2026-10-10,12:30,セキスイハイムスーパーアリーナ,electronic,female,ランダム配布,ぴか,5.0,,ランダム,2026-09-24 11:27:01,scrape_observed,2026-09-25 00:01:19,,,listing,1,12000,"プライベート出品致します。
ご連絡下さい。
日本語が通じる方のみ。

公演当日、開場30分前(11時半開場の場合11時)に会場にてお待ち合わせをお願い致します。...",True,,,absent_unverified,,2026-09-27 09:48:30,,,,
eb0ol6ghi0,,key-to-lit-arena-tour-2026-neo-classics,2026-10-10,12:30,セキスイハイムスーパーアリーナ,electronic,female,同行,れ,5.0,,番手,2026-09-24 11:27:01,scrape_observed,2026-09-25 00:01:19,,,listing,2,55000,"FC先行/初期当選/すり替えなし/期限内/4名義中3番手/下3桁提示可

プラベル出品に切り替えます。
プラベル分からない方ご遠慮ください
公演当日は会場付近に...",True,,,absent_unverified,,2026-09-27 09:48:30,,,,
p7w0bfu5ze,,key-to-lit-arena-tour-2026-neo-classics,2026-10-10,12:30,セキスイハイムスーパーアリーナ,electronic,female,同行,u,5.0,,同行,2026-09-24 11:27:01,scrape_observed,2026-09-25 01:01:12,,,listing,1,60000,"

すり替え無し同行/該当名義/下3桁提示可/有効期限内

岩﨑担の方は購入お控えください。

プライベート出品にしますので、購入希望の方は一度ご連絡ください。...",True,,,absent_unverified,,2026-09-27 09:48:30,,,,
f7g27oa8eb,,key-to-lit-arena-tour-2026-neo-classics,2026-10-10,12:30,セキスイハイムスーパーアリーナ,electronic,female,同行,mm,5.0,,ランダム,2026-09-24 11:27:01,scrape_observed,2026-09-25 01:01:12,,,listing,1,18000,"座席未定 ランダム配布 条件あり 座席選択不可 代理購入不可 

 ランダム配布になりますので最後までご理解いただきご購入ください。  

・複数名義所持してお...",True,,,absent_unverified,,2026-09-27 09:48:30,,,,
e2a027wslk,,key-to-lit-arena-tour-2026-neo-classics,2026-10-10,12:30,セキスイハイムスーパーアリーナ,electronic,none,同行,あ,4.8,,ランダム,2026-09-24 11:27:01,scrape_observed,2026-09-25 01:01:12,,,listing,2,32000,"ランダム配布 2連確約

★購入する際はプライベート出品またはプラベルに切り替えさせて頂きますので購入希望の方は必ずメッセージお願いします。

・詳しい待ち合わ...",True,,,absent_unverified,,2026-09-27 09:48:30,,,,
gyk3vmnr4o,,key-to-lit-arena-tour-2026-neo-classics,2026-10-10,12:30,セキスイハイムスーパーアリーナ,electronic,female,同行,s,5.0,,同行,2026-09-24 11:27:01,scrape_observed,2026-09-25 00:01:19,,,listing,1,70000,"2連中1枚、重複すり替えなし、該当名義、初期当選、有効期限内、変更ボタンあり、下三桁開示可、着ブロ希望なし

開場10分前待ち合わせを予定しています。入場後、連...",True,,,absent_unverified,,2026-09-27 09:48:30,,,,
50xuces7a3,,key-to-lit-arena-tour-2026-neo-classics,2026-10-10,12:30,セキスイハイムスーパーアリーナ,electronic,female,同行,あ,5.0,,ランダム,2026-09-24 11:27:01,scrape_observed,2026-09-25 01:01:12,,,listing,1,17900,"当方が座席を選択した後、残ったチケットをランダムでお渡し致します。
ご購入様にお席をお選び頂くことはできません。

発券後、一度チケットを全て回収させていただき...",True,,,absent_unverified,,2026-09-27 09:48:30,,,,
jqu3quio74,,key-to-lit-arena-tour-2026-neo-classics,2026-10-10,12:30,セキスイハイムスーパーアリーナ,electronic,female,同行,ぴぴ,5.0,,同行番手,2026-09-24 11:27:01,scrape_observed,2026-09-25 01:01:12,,,listing,1,56000,"2名義中2番手1枚(2名義目)/初期当選/ボタンあり該当名義/有効期限内/すり替えなし/下3桁提示可
・2名義所持のためチケットを2名義中2名義目を配布いたしま...",True,,,absent_unverified,,2026-09-27 09:48:30,,,,
43qhmesb3d,,key-to-lit-arena-tour-2026-neo-classics,2026-10-10,12:30,セキスイハイムスーパーアリーナ,electronic,female,2名義中2番手/初期当選/該当名義/すり替えなし/有効期間内/下3桁提示可,ミ,5.0,,番手,2026-09-24 11:27:01,scrape_observed,2026-09-25 01:01:12,,,listing,2,45000,"2連*2名義
⭐️購入希望の方プライベート出品に切り替えますので気軽にメッセージ下さい。一部当日手渡し対応可能です。

・ 当日は開場の20分前を目安に指定場所...",True,,,absent_unverified,,2026-09-27 09:48:30,,,,
0e71cd1kkk,,key-to-lit-arena-tour-2026-neo-classics,2026-10-10,12:30,セキスイハイムスーパーアリーナ,electronic,female,同行,ゆ,5.0,,ランダム,2026-09-24 11:27:01,scrape_observed,2026-09-25 01:01:12,,,listing,2,35000,"ランダムすり替え有

単番の場合即決2.5",True,,,absent_unverified,,2026-09-27 09:48:30,,,,
lh18ia93w7,,key-to-lit-arena-tour-2026-neo-classics,2026-10-10,12:30,セキスイハイムスーパーアリーナ,electronic,female,2名義中2番手,co,5.0,,番手同行,2026-09-24 11:27:01,scrape_observed,2026-09-25 01:01:12,,,listing,2,55000,"2名義中2番手/初期当選/該当×1.非該当(着ブロ希望)×1/変更ボタンあり/有効期限内/すり替えなし/会員番号下3桁提示可能

開場時間頃、入場口付近でお待ち...",True,,,absent_unverified,,2026-09-27 09:48:30,,,,
01701kistf,,key-to-lit-arena-tour-2026-neo-classics,2026-10-10,17:30,セキスイハイムスーパーアリーナ,electronic,female,同行,Eri,5.0,,同行番手,2026-09-24 11:27:01,scrape_observed,2026-09-25 01:01:12,,,listing,2,64000,"3名義中2番手/該当名義のみ/初期当選/有効期限内/すり替えなし/下3桁提示可

・公演当日、開演約1時間前を目処に会場付近で待ち合わせします。詳しいお時間や待...",True,,,absent_unverified,,2026-09-27 09:48:30,,,,
4djn44690c,,key-to-lit-arena-tour-2026-neo-classics,2026-10-10,17:30,セキスイハイムスーパーアリーナ,electronic,female,同行,ず,5.0,,ランダム,2026-09-24 11:27:01,scrape_observed,2026-09-25 00:01:19,,,listing,1,15900,"【ランダム配布】エラー時全額返金
・複数名義所持しております。同時入場後、こちらでチケットを選んだ後にランダムでお渡しします。落札者様は座席を選ぶことはできませ...",True,,,absent_unverified,,2026-09-27 09:48:30,,,,
5cezxwgcw8,,key-to-lit-arena-tour-2026-neo-classics,2026-10-10,17:30,セキスイハイムスーパーアリーナ,electronic,female,同行,m,5.0,,番手,2026-09-24 11:27:01,scrape_observed,2026-09-24 14:01:14,,,listing,2,55000,"2名義中2番手/初期当選/すり替えなし/該当名義/変更ボタンあり/下3桁提示可/有効期限内/着ブロ選択なし
・開場30分前を目安に合流後、入場予定。
・チケット発券後は座席確認のため一度チケットを回収し、当方が選択しなかった残りの座席をお渡し致します。また座席に関してのクレームは一切お受けできません。
・交通機関の遅延等いかなる理由でも約束の時間に間に合わなかった場合購入者様を待たずに入場致しますが、その場合でも必ず受け取り評価をして頂きます。
・公演中止の場合のみ手数料を差し引いた金額をお返し致します。公演中止以外での、本人確認やエラー等その他いかなる理由でも返金は致しかねます。
以上を同意いただける日本語のわかる方のみご購入ください。購入して頂いた時点で上記全て同意したものとみなします。",True,,,absent_unverified,,2026-09-27 09:48:30,,,,
p643we39or,,key-to-lit-arena-tour-2026-neo-classics,2026-10-10,17:30,セキスイハイムスーパーアリーナ,electronic,none,同行,c,4.9,,ランダム記載あり,2026-09-24 11:27:01,scrape_observed,2026-09-25 01:01:12,,,listing,2,40000,"7名義中7番手
全て初期当選･該当名義･変更ボタン有･期限内名義です。会員番号下3桁提示可/すり替えなし
・当日開場45分前を目処に会場付近に集合し同時入場して...",True,,,absent_unverified,,2026-09-27 09:48:30,,,,
5r6d264mx5,,key-to-lit-arena-tour-2026-neo-classics,2026-10-10,17:30,セキスイハイムスーパーアリーナ,electronic,female,同行,ちぴ,5.0,,同行,2026-09-24 11:27:01,scrape_observed,2026-09-25 01:01:12,,,listing,1,75000,"QR毎/初期当選/該当名義/変更ボタン有/有効期限内/下3桁提示可/着ブロ希望なし


当日開場前に待ち合わせし、一緒に入場をお願い致します。
入場後座席を確認...",True,,,absent_unverified,,2026-09-27 09:48:30,,,,
b8vvd5u1gb,,key-to-lit-arena-tour-2026-neo-classics,2026-10-10,17:30,セキスイハイムスーパーアリーナ,paper,female,当日手渡し,m,5.0,,ランダム,2026-09-24 11:27:01,scrape_observed,2026-09-25 01:01:12,,,listing,1,17999,"管理の関係でプライベート出品させていただきたいので購入希望の方はコメントお願いします。
ランダム配布を理解されている日本語の通じる女性の方のみご購入お願いいたし...",True,,,absent_unverified,,2026-09-27 09:48:30,,,,
r7rkhcngrk,,key-to-lit-arena-tour-2026-neo-classics,2026-10-10,17:30,セキスイハイムスーパーアリーナ,electronic,female,同行,あ,4.8,,番手ランダム,2026-09-24 11:27:01,scrape_observed,2026-09-25 01:01:12,,,listing,2,43000,"⭐️すり替えなし (下3桁提示可能)

初期当選/該当名義(変更ボタン有)/有効期限内
↑
全て上記に該当している名義でのすり替えなしランダム配布です。

★購...",True,,,absent_unverified,,2026-09-27 09:48:30,,,,
gemfx9se34,,key-to-lit-arena-tour-2026-neo-classics,2026-10-10,17:30,セキスイハイムスーパーアリーナ,electronic,female,同行,u,5.0,,番手,2026-09-24 11:27:01,scrape_observed,2026-09-25 01:01:12,,,listing,1,58000,"
2名義中2番手/該当初期当選×2/すり替え無し/下3桁提示可/全名義有効期限内

プライベート出品にしますので、購入希望の方は一度ご連絡ください。

チケット...",True,,,absent_unverified,,2026-09-27 09:48:30,,,,
4shl8dfpfj,,key-to-lit-arena-tour-2026-neo-classics,2026-10-10,17:30,セキスイハイムスーパーアリーナ,electronic,female,2名義中2番手/該当名義/すり替えなし/初期当選/有効期間内/下3桁提示可,ミ,5.0,,番手,2026-09-24 11:27:01,scrape_observed,2026-09-25 01:01:12,,,listing,2,59000,"2連*2名義
⭐️購入希望の方プライベート出品に切り替えますので気軽にメッセージ下さい。一部当日手渡し対応可能です。

・ 当日は開場の20分前を目安に指定場所...",True,,,absent_unverified,,2026-09-27 09:48:30,,,,
89u4i7mupq,,key-to-lit-arena-tour-2026-neo-classics,2026-10-10,17:30,セキスイハイムスーパーアリーナ,electronic,female,同行,ゆ,5.0,,ランダム,2026-09-24 11:27:01,scrape_observed,2026-09-25 01:01:12,,,listing,1,20000,"特別出品しますのでコメントお願い致します。
ランダム配布

公演当日、開場時間の30分前頃に会場付近にて待ち合わせし、同時入場していただきます。
詳しい待ち合わ...",True,,,absent_unverified,,2026-09-27 09:48:30,,,,
01ioggkoh2,,key-to-lit-arena-tour-2026-neo-classics,2026-10-10,17:30,セキスイハイムスーパーアリーナ,electronic,female,同行,mi,5.0,,同行,2026-09-24 11:27:01,scrape_observed,2026-09-25 01:01:12,,,listing,1,100000,"初期当選／座席未定／重複すり替えなし同行／該当名義／変更ボタン有／有効期限内／下3桁提示可能／着席希望なし

・公演当日は開場時間5分前に会場周辺にて待ち合わせ...",True,,,absent_unverified,,2026-09-27 09:48:30,,,,
mse4agetzo,,key-to-lit-arena-tour-2026-neo-classics,2026-10-10,17:30,セキスイハイムスーパーアリーナ,electronic,none,同行,c,4.9,,ランダム記載あり,2026-09-24 11:27:01,scrape_observed,2026-09-25 01:01:12,,,listing,2,49000,"7名義中6番手
全て初期当選･該当名義･変更ボタン有･期限内名義です。会員番号下3桁提示可/すり替えなし
・当日開場45分前を目処に会場付近に集合し同時入場して...",True,,,absent_unverified,,2026-09-27 09:48:30,,,,
3hu4rclhlm,,key-to-lit-arena-tour-2026-neo-classics,2026-10-10,17:30,セキスイハイムスーパーアリーナ,electronic,female,少人数ランダム,み,5.0,,ランダム記載あり,2026-09-24 11:27:01,scrape_observed,2026-09-25 00:01:19,,,listing,1,26500,"少人数ランダム配布/開演5-10分までにお渡し

入場後、一度チケットを回収し座席確認後、指定の時間になり次第チケットをお渡しいたします。座席のクレーム等は受け...",True,,,absent_unverified,,2026-09-27 09:48:30,,,,
ccy2imxz6q,,key-to-lit-arena-tour-2026-neo-classics,2026-10-10,17:30,セキスイハイムスーパーアリーナ,electronic,none,同行,A,5.0,,ランダム,2026-09-24 11:27:01,scrape_observed,2026-09-25 01:01:12,,,listing,1,27000,"
当方が座席を選択した後、残ったチケットをランダムでお渡し致します。
ご購入様にお席をお選び頂くことはできません。

発券後、一度チケットを全て回収させていただ...",True,,,absent_unverified,,2026-09-27 09:48:30,,,,
pixn0gdb1u,,key-to-lit-arena-tour-2026-neo-classics,2026-10-10,17:30,セキスイハイムスーパーアリーナ,electronic,female,公演前日,a,5.0,,QR,2026-09-24 11:27:01,scrape_observed,2026-09-25 01:01:12,,,listing,2,125000,"FC先行/初期当選/QR毎/該当名義/有効期限内/下3桁提示可能

⚠️プラベル移行可能な方リクエストお願いします。

QR毎のお譲りです。
公演前日の夜にログ...",True,,,absent_unverified,,2026-09-27 09:48:30,,,,
2d7quovswf,,key-to-lit-arena-tour-2026-neo-classics,2026-10-10,17:30,セキスイハイムスーパーアリーナ,electronic,female,公演日前日にQRコード共有,a,5.0,,QR,2026-09-24 11:27:01,scrape_observed,2026-09-25 01:01:12,,,listing,2,61980,"QRごとのお譲り

初期当選/ 有効期限内/該当名義(変更ボタン有)/着ブロ選択なし/座席未定/過去エラー歴なし

ご申請後プラベルにて専用出品いたします。
値...",True,,,absent_unverified,,2026-09-27 09:48:30,,,,
l6m40lt14h,,key-to-lit-arena-tour-2026-neo-classics,2026-10-10,17:30,セキスイハイムスーパーアリーナ,electronic,female,公演日1日前までにQRコード共有,m,4.8,,QR,2026-09-24 11:27:01,scrape_observed,2026-09-25 01:01:12,,,listing,2,65000,"情報局先行 KEY TO LIT該当名義(変更ボタンあり) 初期当選 有効期限内 同行者登録可能 2連番 下3桁提示可能
QRごとのお譲り。

情報局先行 2連...",True,,,absent_unverified,,2026-09-27 09:48:30,,,,
iuyciupnaf,,key-to-lit-arena-tour-2026-neo-classics,2026-10-10,17:30,セキスイハイムスーパーアリーナ,electronic,none,ランダム配布,r,5.0,,ランダム,2026-09-24 11:27:01,scrape_observed,2026-09-25 01:01:12,,,listing,1,15000,"複数名義所持しているため、同時入場後に1度チケットを回収させていただき、当方が座席選択後にランダムに配布します。

チケットの選択にお時間をいただきますのであら...",True,,,absent_unverified,,2026-09-27 09:48:30,,,,
pe6noeyfji,,key-to-lit-arena-tour-2026-neo-classics,2026-10-10,17:30,セキスイハイムスーパーアリーナ,electronic,female,公演前日にログイン情報お伝えします,みみ,5.0,,同行記載あり,2026-09-24 11:27:01,scrape_observed,2026-09-25 01:01:12,,,listing,2,100000,QRごと/初期当選/該当(中村)名義/有効期限内/下三桁事前にお伝え可能/すり替えなし/重複当選なし/ペイジー決済/過去にエラー等ございません/変更ボタンあり/...,True,,,absent_unverified,,2026-09-27 09:48:30,,,,
da0cyzxfx8,,key-to-lit-arena-tour-2026-neo-classics,2026-10-10,17:30,セキスイハイムスーパーアリーナ,electronic,female,同行,ぺこ,5.0,,番手,2026-09-24 11:27:01,scrape_observed,2026-09-25 01:01:12,,,listing,2,60000,"2名義中2名義目
初期当選　該当名義　変更ボタン有り　有効期限内　下3桁提示可　すり替えなし

待ち合わせ場所、時間はお日にちが近くなりしたら連絡ボードにてご連...",True,,,absent_unverified,,2026-09-27 09:48:30,,,,
9pv13efs22,,key-to-lit-arena-tour-2026-neo-classics,2026-10-10,17:30,セキスイハイムスーパーアリーナ,electronic,female,同時入場,y,5.0,,番手,2026-09-24 11:27:01,scrape_observed,2026-09-25 01:01:12,,,listing,2,57000,"2名義中2番手
変更ボタンあり該当名義/有効期限内/すり替えなし
前日までに集合時間をご連絡致します。購入者様が遅刻した場合、先に入場しますが受取り評価はしてい...",True,,,absent_unverified,,2026-09-27 09:48:30,,,,
130stccfqi,,key-to-lit-arena-tour-2026-neo-classics,2026-10-10,17:30,セキスイハイムスーパーアリーナ,electronic,female,番手,ゆ,5.0,,番手,2026-09-24 11:27:01,scrape_observed,2026-09-25 00:01:19,,,listing,2,55000,"2名義中2番手／該当名義のみ/初期当選/有効期限内/変更ボタン有り/すり替えなし/下3桁提示可

・公演当日、開演約1時間前を目処に会場付近で待ち合わせします。...",True,,,absent_unverified,,2026-09-27 09:48:30,,,,
10jbk287de,,key-to-lit-arena-tour-2026-neo-classics,2026-10-10,17:30,セキスイハイムスーパーアリーナ,electronic,female,同行,ゆ,5.0,,ランダム,2026-09-24 11:27:01,scrape_observed,2026-09-25 01:01:12,,,listing,2,35000,"ランダムすり替え有
",True,,,absent_unverified,,2026-09-27 09:48:30,,,,
am6510xatj,,key-to-lit-arena-tour-2026-neo-classics,2026-10-10,17:30,セキスイハイムスーパーアリーナ,electronic,female,同行,れ,5.0,,番手,2026-09-24 11:27:01,scrape_observed,2026-09-25 00:01:19,,,listing,2,65000,"FC先行/初期当選/すり替えなし/期限内/6名義中4番手/下3桁提示可/全て該当名義

プラベル出品に切り替えます。
プラベル分からない方はご遠慮ください。その...",True,,,absent_unverified,,2026-09-27 09:48:30,,,,
lfdnjpboio,,key-to-lit-arena-tour-2026-neo-classics,2026-10-10,17:30,セキスイハイムスーパーアリーナ,electronic,female,公演日前日にログイン情報共有,m,5.0,,QR,2026-09-24 11:27:01,scrape_observed,2026-09-25 01:01:12,,,listing,1,80000,"単番QRごと/該当名義(変更ボタン有)/初期当選/有効期限内/購入後下3桁提示可能/発送物戻りなし/着ブロ希望なし/Pay-easy決済

・公演前日までにログ...",True,,,absent_unverified,,2026-09-27 09:48:30,,,,
xdtvvaffcp,,key-to-lit-arena-tour-2026-neo-classics,2026-10-10,17:30,セキスイハイムスーパーアリーナ,electronic,female,公演日前日までにQRコード共有,ｙｎ★,5.0,,QR,2026-09-24 11:27:01,scrape_observed,2026-09-25 01:01:12,,,listing,2,130000,"座席未定/初期当選/重複、すり替えなし/QR毎のお譲り/有効期間内名義/Pay-easy支払い済み/公演日2〜3日前発送予定

※下三桁提示可能

公演日前日ま...",True,,,absent_unverified,,2026-09-27 09:48:30,,,,
2p6c75qzyp,,key-to-lit-arena-tour-2026-neo-classics,2026-10-10,17:30,セキスイハイムスーパーアリーナ,electronic,female,同行,M,5.0,,番手同行,2026-09-24 11:27:01,scrape_observed,2026-09-25 00:01:19,,,listing,2,65000,"2名義中2番手
2連初期当選/該当名義(変更ボタンあり)/有効期限内/過去エラー等不備無し/着ブロ希望無し/下3桁提示可/前ツアー座席は新潟①アリーナ後方②仮設...",True,,,absent_unverified,,2026-09-27 09:48:30,,,,
lte2aynks5,,key-to-lit-arena-tour-2026-neo-classics,2026-10-10,17:30,セキスイハイムスーパーアリーナ,electronic,female,同行,れ,5.0,,番手,2026-09-24 11:27:01,scrape_observed,2026-09-25 01:01:12,,,listing,2,40000,"FC先行/初期当選/すり替えなし/期限内/6名義中6番手/下3桁提示可/全て該当名義

プラベル出品に切り替えます。
プラベル分からない方はご遠慮ください。その...",True,,,absent_unverified,,2026-09-27 09:48:30,,,,
qfn016d720,,key-to-lit-arena-tour-2026-neo-classics,2026-10-10,17:30,セキスイハイムスーパーアリーナ,electronic,female,同行,pom,5.0,,番手,2026-09-24 11:27:01,scrape_observed,2026-09-25 00:01:19,,,listing,2,72000,"3名義中2番手/情報局先行座席未定/全て初期当選/全て該当名義/すり替えなし/有効期間内/変更ボタンあり/下3桁提示可/着ブロ指定ではありません

会場付近にて...",True,,,absent_unverified,,2026-09-27 09:48:30,,,,
o3up2cbk9y,,key-to-lit-arena-tour-2026-neo-classics,2026-10-10,17:30,セキスイハイムスーパーアリーナ,paper,female,入金後24時間以内に郵送,M,5.0,,,2026-09-24 11:27:01,scrape_observed,2026-09-25 01:01:12,,,listing,2,39000,"一般発売　注釈指定席
別途支払い不要です。
チケットを送らせていただきます。
プラベル対応可能です。",True,,,absent_unverified,,2026-09-27 09:48:30,,,,
jitnska85h,,key-to-lit-arena-tour-2026-neo-classics,2026-10-10,17:30,セキスイハイムスーパーアリーナ,paper,female,公演日までに郵送,mi,5.0,,,2026-09-24 11:27:01,scrape_observed,2026-09-25 01:01:12,,,listing,1,29000,"【一般立見指定(1名券)】

※プラベルにて出品いたしますのでご購入前にコメントください (プライベート出品も可)

ご入金確認後チケットを発送いたします。(レ...",True,,,absent_unverified,,2026-09-27 09:48:30,,,,
km0451f7tc,,key-to-lit-arena-tour-2026-neo-classics,2026-10-10,17:30,セキスイハイムスーパーアリーナ,electronic,female,同時入場,TA,5.0,,ランダム,2026-09-24 11:27:01,scrape_observed,2026-09-25 00:01:19,,,listing,1,16300,"ランダム配布 同時入場 立見なし 全て指定席 有効会員
ランダム配布をご理解している方のみご購入ください。
男性の方、日本語か話せる外国人の方も購入できます。...",True,,,absent_unverified,,2026-09-27 09:48:30,,,,
w503ueiwr9,,key-to-lit-arena-tour-2026-neo-classics,2026-10-10,17:30,セキスイハイムスーパーアリーナ,electronic,female,同行,Eri,5.0,,同行番手,2026-09-24 11:27:01,scrape_observed,2026-09-25 01:01:12,,,listing,2,58000,"3名義中3番手/該当名義のみ/初期当選/有効期限内/すり替えなし/下3桁提示可

・公演当日、開演約1時間前を目処に会場付近で待ち合わせします。詳しいお時間や待...",True,,,absent_unverified,,2026-09-27 09:48:30,,,,
lv5sex5e0u,,key-to-lit-arena-tour-2026-neo-classics,2026-10-10,17:30,セキスイハイムスーパーアリーナ,electronic,female,2名義中2番手,co,5.0,,番手同行,2026-09-24 11:27:01,scrape_observed,2026-09-25 01:01:12,,,listing,2,60000,"2名義中2番手/初期当選/該当×1.非該当(着ブロ希望)×1/変更ボタンあり/有効期限内/すり替えなし/会員番号下3桁提示可能

開場時間頃、入場口付近でお待ち...",True,,,absent_unverified,,2026-09-27 09:48:30,,,,
wmu2p8ruif,,key-to-lit-arena-tour-2026-neo-classics,2026-10-10,17:30,セキスイハイムスーパーアリーナ,electronic,female,4名義中3番手,mp,5.0,,番手,2026-09-24 11:27:01,scrape_observed,2026-09-25 01:01:12,,,listing,2,50000,プラベル優先に切り替えますので申請ください／すべて情報局先行／座席未定／重複すり替えなし／初期当選／該当名義／変更ボタン有／有効期限内／下3桁提示可能／着席希望...,True,,,absent_unverified,,2026-09-27 09:48:30,,,,
12jt2qhn15,,key-to-lit-arena-tour-2026-neo-classics,2026-10-10,17:30,セキスイハイムスーパーアリーナ,electronic,female,同行,T,5.0,,番手,2026-09-24 11:27:01,scrape_observed,2026-09-25 00:01:19,,,listing,2,60000,"5名義中3番手
初期当選/該当名義/有効期限内/変更ボタン有/すり替えなし/下３桁提示可

指定したお時間に集合し、同時入場をしていただきます。遅刻された場合は...",True,,,absent_unverified,,2026-09-27 09:48:30,,,,
tmmrkf3gpq,,key-to-lit-arena-tour-2026-neo-classics,2026-10-10,17:30,セキスイハイムスーパーアリーナ,electronic,female,同行,mm,5.0,,ランダム,2026-09-24 11:27:01,scrape_observed,2026-09-25 01:01:12,,,listing,1,18000,"座席未定 ランダム配布 条件あり 座席選択不可 代理購入不可 

 ランダム配布になりますので最後までご理解いただきご購入ください。  

・複数名義所持してお...",True,,,absent_unverified,,2026-09-27 09:48:30,,,,
0faeis1e7z,,key-to-lit-arena-tour-2026-neo-classics,2026-10-10,17:30,セキスイハイムスーパーアリーナ,electronic,female,同行,N,5.0,,同行,2026-09-24 11:27:01,scrape_observed,2026-09-25 01:01:12,,,listing,1,70000,"初期当選／座席未定／重複すり替えなし同行／該当名義／変更ボタン有／有効期限内／下3桁提示可能／着席希望なし

・公演当日は開場時間5分前に会場周辺にて待ち合わせ...",True,,,absent_unverified,,2026-09-27 09:48:30,,,,
ne73g3acus,,key-to-lit-arena-tour-2026-neo-classics,2026-10-10,17:30,セキスイハイムスーパーアリーナ,electronic,female,同行,r,4.8,,ランダム,2026-09-24 11:27:01,scrape_observed,2026-09-25 01:01:12,,,listing,1,17000,"座席未定 ランダム配布 条件あり 座席選択不可 代理購入不可 
 ランダム配布になりますので最後までご一読のうえご理解いただけた方のみご購入下さい。

・複数名...",True,,,absent_unverified,,2026-09-27 09:48:30,,,,
nedi8a4vyw,,key-to-lit-arena-tour-2026-neo-classics,2026-10-10,17:30,セキスイハイムスーパーアリーナ,electronic,female,当日,おゆ,5.0,,番手,2026-09-24 11:27:01,scrape_observed,2026-09-25 00:01:19,,,listing,1,46000,"2名義中2番手の同行
他の方からのお譲りして頂いているチケットになります。
全て該当名義、すり替えなし、下3桁提示可能
座席選択権はございませんのでご了承くださ...",True,,,absent_unverified,,2026-09-27 09:48:30,,,,
hiop81endw,,key-to-lit-arena-tour-2026-neo-classics,2026-10-10,17:30,セキスイハイムスーパーアリーナ,electronic,female,公演日前日までにログイン情報共有,い,5.0,,QR,2026-09-24 11:27:01,scrape_observed,2026-09-25 01:01:12,,,listing,2,80000,"情報局先行/座席未定/QRごと/初期当選/下3桁提示可/該当名義/変更ボタンあり/有効期限内

・公演前までにログインに必要な情報をお伝えいたします

・同行者...",True,,,absent_unverified,,2026-09-27 09:48:30,,,,
cr6fe5qs6d,,key-to-lit-arena-tour-2026-neo-classics,2026-10-10,17:30,セキスイハイムスーパーアリーナ,electronic,female,【条件あり】当日手渡し/座席未定/ランダム配布/有効会員,T,4.9,,同行ランダム,2026-09-24 11:27:01,scrape_observed,2026-09-25 00:01:19,,,listing,1,15000,"《開場30分前集合予定》

※レビュー(評価4.8以上)ある方のみ申請下さい。
※購入時のコメント不要です。
★購入後に当日連絡のつくお電話番号と氏名(苗字)を...",True,,,absent_unverified,,2026-09-27 09:48:30,,,,
m1jni5y8pc,,key-to-lit-arena-tour-2026-neo-classics,2026-10-10,17:30,セキスイハイムスーパーアリーナ,electronic,none,ランダム配布,うきぴ,4.9,,ランダム,2026-09-24 11:27:01,scrape_observed,2026-09-25 01:01:12,,,listing,1,17000,"公演当日は開場時間の40分前に会場付近にお集まりいただき、同時入場していただきます。

詳しい時間はお日にちが近づきましたらメッセージボードにてご連絡いたします...",True,,,absent_unverified,,2026-09-27 09:48:30,,,,
z532rm11p9,,key-to-lit-arena-tour-2026-neo-classics,2026-10-10,17:30,セキスイハイムスーパーアリーナ,electronic,female,同行,T,5.0,,番手,2026-09-24 11:27:01,scrape_observed,2026-09-25 00:01:19,,,listing,2,37000,"5名義中5番手
初期当選/該当名義/有効期限内/変更ボタン有/すり替えなし/下３桁提示可

指定したお時間に集合し、同時入場をしていただきます。遅刻された場合は...",True,,,absent_unverified,,2026-09-27 09:48:30,,,,
sc4r855bye,,key-to-lit-arena-tour-2026-neo-classics,2026-10-10,17:30,セキスイハイムスーパーアリーナ,electronic,female,同時入場,あちゃん,4.8,,番手,2026-09-24 11:27:01,scrape_observed,2026-09-25 01:01:12,,,listing,1,0,"⭐️2名義中1番手同行⭐️⚠️座席選択権なし

該当名義/初期当選/下3桁提示可能/有効期限内/変更ボタン有

🔴注意事項🔴
・開場時間15分前目安に会場前...",True,,,absent_unverified,,2026-09-27 09:48:30,,,,
cv6ydat0jv,,key-to-lit-arena-tour-2026-neo-classics,2026-10-10,17:30,セキスイハイムスーパーアリーナ,electronic,female,同時入場、ランダム配布,な,5.0,,ランダム,2026-09-24 11:27:01,scrape_observed,2026-09-25 01:01:12,,,listing,1,18000,"購入の際にコメント不要ですが評価によっては申請を却下させていただく場合があります。
以下の内容をご理解いただける方でお願いします。

・同行者登録に協力いただく...",True,,,absent_unverified,,2026-09-27 09:48:30,,,,
bqxbititdu,,key-to-lit-arena-tour-2026-neo-classics,2026-10-10,17:30,セキスイハイムスーパーアリーナ,electronic,female,公演日1日前までにQRコード共有,a,5.0,,QR,2026-09-24 11:27:01,scrape_observed,2026-09-25 01:01:12,,,listing,2,67000,"情報局先行 該当名義 変更ボタンあり 初期当選 QRごと 重複すり替えなし 下3桁提示可能 有効期限内 着ブロ希望なし 郵送物戻りなし 過去エラーなし 

同行...",True,,,absent_unverified,,2026-09-27 09:48:30,,,,
gupruhy4u9,,key-to-lit-arena-tour-2026-neo-classics,2026-10-10,17:30,セキスイハイムスーパーアリーナ,electronic,none,ランダム配布　同時入場,sa,5.0,,ランダム,2026-09-24 11:27:01,scrape_observed,2026-09-25 01:01:12,,,listing,2,29000,"公演当日15:50までに会場付近で待ち合わせし、同時入場していただきます。

購入者様は座席をお選びいただけません。
入場後は、発券したチケットを回収した後、一...",True,,,absent_unverified,,2026-09-27 09:48:30,,,,
sc6aw6dz17,,key-to-lit-arena-tour-2026-neo-classics,2026-10-10,17:30,セキスイハイムスーパーアリーナ,electronic,female,同行,♡,4.4,,ランダム,2026-09-24 11:27:01,scrape_observed,2026-09-25 01:01:12,,,listing,1,18000,"ランダム配布を理解している方のみご購入ください。

複数名義所持しているため、同時入場後は発券したチケットを一度回収させて頂き、座席はこちらで選ばせて頂きます。...",True,,,absent_unverified,,2026-09-27 09:48:30,,,,
eym85dm09l,,key-to-lit-arena-tour-2026-neo-classics,2026-10-10,17:30,セキスイハイムスーパーアリーナ,electronic,female,公演日前日までにQRコード共有,ぽむ,5.0,,QR,2026-09-24 11:27:01,scrape_observed,2026-09-25 01:01:12,,,listing,2,64500,"FC先行/座席未定/初期当選/QRごと/すり替えなし/該当名義(中村)/期限内名義/Pay-easy支払い/下３桁提示可

公演前日に連絡ボードにてログイン情報...",True,,,absent_unverified,,2026-09-27 09:48:30,,,,
t7fds3xo1h,,key-to-lit-arena-tour-2026-neo-classics,2026-10-10,17:30,セキスイハイムスーパーアリーナ,electronic,female,公演日前日にログイン情報共有,あ,5.0,,QR,2026-09-24 11:27:01,scrape_observed,2026-09-25 01:01:12,,,listing,2,70000,"QRごと/該当名義/変更ボタンあり/初期当選/有効期限内/下3桁提示可能/発送物戻りなし/すりかえなし/着ブロ希望なし/Pay-easy決済

・公演前日までに...",True,,,absent_unverified,,2026-09-27 09:48:30,,,,
6zbcm7vx6d,,key-to-lit-arena-tour-2026-neo-classics,2026-10-10,17:30,セキスイハイムスーパーアリーナ,electronic,female,同時入場 開演5分前ランダムにてお渡し,m,5.0,,ランダム,2026-09-24 11:27:01,scrape_observed,2026-09-25 01:01:12,,,listing,1,20000,"最後までご確認いただき、ご了承いただけた方のみご購入をお願いいたします。

・同時入場後チケットを一旦回収し解散した後、座席選択後にランダムでチケットをお渡しし...",True,,,absent_unverified,,2026-09-27 09:48:30,,,,
rm3h9gck84,,key-to-lit-arena-tour-2026-neo-classics,2026-10-10,17:30,セキスイハイムスーパーアリーナ,electronic,none,同行,あ,4.8,,ランダム,2026-09-24 11:27:01,scrape_observed,2026-09-25 01:01:12,,,listing,2,35000,"ランダム配布 2連確約

★購入する際はプライベート出品またはプラベルに切り替えさせて頂きますので購入希望の方は必ずメッセージお願いします。

・詳しい待ち合わ...",True,,,absent_unverified,,2026-09-27 09:48:30,,,,
gogg8bl9y8,,key-to-lit-arena-tour-2026-neo-classics,2026-10-10,17:30,セキスイハイムスーパーアリーナ,electronic,female,入金後3時間以内にQRコード共有,ユカ,5.0,,QR,2026-09-24 11:27:01,scrape_observed,2026-09-25 00:01:19,,,listing,2,62000,"情報局先行 KEY TO LIT 井上瑞稀名義 初期当選 指定席 2枚申し込み QRごとのお譲り 条件ございません 座席未定

情報局先行 ２枚申込みでの当選し...",True,,,absent_unverified,,2026-09-27 09:48:30,,,,
0xw6apt9ar,,key-to-lit-arena-tour-2026-neo-classics,2026-10-10,17:30,セキスイハイムスーパーアリーナ,electronic,female,同行,取引,5.0,,,2026-09-24 11:27:01,scrape_observed,2026-09-25 00:01:19,,,listing,1,15500,"プライベート出品に変えますのでコメントください。
・指定の場所に集合後、同時入場して頂きます。時間厳守できる方でお願い致します。万が一、遅刻された場合もこちらで...",True,,,absent_unverified,,2026-09-27 09:48:30,,,,
9ux1qshnq6,,key-to-lit-arena-tour-2026-neo-classics,2026-10-10,17:30,セキスイハイムスーパーアリーナ,electronic,female,5名義中4番手,ねこ,5.0,,番手,2026-09-24 11:27:01,scrape_observed,2026-09-25 01:01:12,,,listing,2,50000,"✨5名義中4番手✨
全て初期当選/変更ボタンあり/該当名義/すり替えなし/下3桁提示可/有効期限内/同行者登録可

開場時間の45分前頃に会場付近にて待ち合わせ...",True,,,absent_unverified,,2026-09-27 09:48:30,,,,
nm322plhef,,key-to-lit-arena-tour-2026-neo-classics,2026-10-10,17:30,セキスイハイムスーパーアリーナ,electronic,female,同行,Sa,5.0,,番手,2026-09-24 11:27:01,scrape_observed,2026-09-25 01:01:12,,,listing,1,60000,"2名義中2番手/初期当選/該当単番×2/変更ボタンあり/有効期限内/重複すり替えなし/下3桁提示可能/2名義とも過去エラーなし

開演1時間〜1時間10分前頃、...",True,,,absent_unverified,,2026-09-27 09:48:30,,,,
0liubkd8ob,,key-to-lit-arena-tour-2026-neo-classics,2026-10-10,17:30,セキスイハイムスーパーアリーナ,electronic,female,公演日前日までにログイン情報共有,い,5.0,,QR,2026-09-24 11:27:01,scrape_observed,2026-09-25 01:01:12,,,listing,2,80000,"情報局先行/座席未定/QRごと/初期当選/下3桁提示可/該当名義/変更ボタンあり/有効期限内

・公演前までにログインに必要な情報をお伝えいたします

・同行者...",True,,,absent_unverified,,2026-09-27 09:48:30,,,,
p500blf47n,,key-to-lit-arena-tour-2026-neo-classics,2026-10-10,17:30,セキスイハイムスーパーアリーナ,electronic,female,2名義中2番手,り,5.0,,番手,2026-09-24 11:27:01,scrape_observed,2026-09-25 01:01:12,,,listing,2,60000,"2名義中2番手/初期当選/該当名義/すり替えなし/有効期限内/下3桁提示可

【必ず下記全てお読みいただきご理解いただけた方のみご購入下さい】

・開場時間の1...",True,,,absent_unverified,,2026-09-27 09:48:30,,,,
xowlbi3jzb,,key-to-lit-arena-tour-2026-neo-classics,2026-10-10,17:30,セキスイハイムスーパーアリーナ,electronic,female,同行,NA,5.0,,同行,2026-09-24 11:27:01,scrape_observed,2026-09-24 14:01:14,,,listing,1,63500,"【着ブロ希望あり】重複すり替えなし/2連中の1枚/初期当選/有効期限内該当名義(変更ボタンあり)/会員番号下3桁提示可/入場時まで座席未定
佐々木担と同行になりますのでそれ以外の方でお願いします。
連番内の座席はこちらで選ばせていただきます。
集合時間やマナーを守れる方、座席にクレームの無い方でお願いします。
集合時間に大幅に遅れた場合は先に入場させて頂く可能性がありますが、その際も受取完了して頂きますのでよろしくお願いします。
公演中止の際には手数料を差し引いた金額を返金しますが、その他いかなる理由(本人確認・エラーなど)でも入場できなかった場合は返金対応致しかねます。本人確認対応不可
※プラベ出品に変更させていただきますので、購入前にメッセージお願いいたします。",True,,,absent_unverified,,2026-09-27 09:48:30,,,,
f03ayjujef,,key-to-lit-arena-tour-2026-neo-classics,2026-10-10,17:30,セキスイハイムスーパーアリーナ,electronic,none,同行,あ,4.8,,ランダム,2026-09-24 11:27:01,scrape_observed,2026-09-25 01:01:12,,,listing,1,18000,"ランダム配布

★購入する際はプライベート出品またはプラベルに切り替えさせて頂きますので購入希望の方は必ずメッセージお願いします。

・詳しい待ち合わせ時間・場...",True,,,absent_unverified,,2026-09-27 09:48:30,,,,
rtr2a21rr4,,key-to-lit-arena-tour-2026-neo-classics,2026-10-10,17:30,セキスイハイムスーパーアリーナ,electronic,none,同行,c,4.9,,ランダム記載あり,2026-09-24 11:27:01,scrape_observed,2026-09-25 01:01:12,,,listing,1,17000,"・当日開場45分前を目処に会場付近に集合し同時入場して頂きます。詳しい集合時間や場所は当日朝までに連絡ボードにてご連絡致します。
・遅刻は厳禁でお願い致します。...",True,,,absent_unverified,,2026-09-27 09:48:30,,,,
ccbk9hfi4n,,key-to-lit-arena-tour-2026-neo-classics,2026-10-10,17:30,セキスイハイムスーパーアリーナ,electronic,female,同行,ゆ,5.0,,同行,2026-09-24 11:27:01,scrape_observed,2026-09-25 00:01:19,,,listing,1,68000,"初期当選/該当名義/重複すり替えなし/着ブロ指定なし/下3桁提示可能/有効期限内/変更ボタン有/猪狩担不可

2連中1枚当方との同行になります。
連番内のお席は...",True,,,absent_unverified,,2026-09-27 09:48:30,,,,
fwv1nnjj2m,,key-to-lit-arena-tour-2026-neo-classics,2026-10-10,17:30,セキスイハイムスーパーアリーナ,electronic,female,2名義中2番手,m,5.0,,番手,2026-09-24 11:27:01,scrape_observed,2026-09-25 01:01:12,,,listing,2,60000,"2名義中2番手 / すり替えなし / FC先行初期当選 / 全て該当名義 / 下3桁提示可能 / 有効期限内 / 変更ボタン有り

・即7
・当日は指定時間に集...",True,,,absent_unverified,,2026-09-27 09:48:30,,,,
a30yc8ek2e,,key-to-lit-arena-tour-2026-neo-classics,2026-10-10,17:30,セキスイハイムスーパーアリーナ,electronic,female,同行,K,5.0,,同行番手,2026-09-24 11:27:01,scrape_observed,2026-09-25 00:01:19,,,listing,2,53000,"すり替えなし3名義中3番手1-2枚
該当(変更ボタンあり)/初期当選/有効期限内

⭐︎開場時間に会場付近にて待合せ予定となります
⭐︎プラベルまたはプライベー...",True,,,absent_unverified,,2026-09-27 09:48:30,,,,
k5bncbaqem,,key-to-lit-arena-tour-2026-neo-classics,2026-10-10,17:30,セキスイハイムスーパーアリーナ,electronic,female,ログイン情報の渡し,も,5.0,,QR,2026-09-24 11:27:01,scrape_observed,2026-09-25 01:01:12,,,listing,2,65000,"座席未定、初期当選、重複、すり替えなしのQRごとのお譲り
該当名義、有効期限内名義、下３桁提示可

公演前日までに連絡ボードにてログイン情報をお伝えいたします。...",True,,,absent_unverified,,2026-09-27 09:48:30,,,,
yudv9eqjh5,,key-to-lit-arena-tour-2026-neo-classics,2026-10-10,17:30,セキスイハイムスーパーアリーナ,electronic,female,同行,もる,5.0,,番手同行,2026-09-24 11:27:01,scrape_observed,2026-09-25 01:01:12,,,listing,2,60000,"2名義中2番手同行/初期当選/該当名義/変更ボタン有/すり替え無/有効期限内名義/サイチェン可

当日会場付近にて待ち合わせし、同時入場していただきます。詳しく...",True,,,absent_unverified,,2026-09-27 09:48:30,,,,
oxan1xwf26,,key-to-lit-arena-tour-2026-neo-classics,2026-10-10,17:30,セキスイハイムスーパーアリーナ,electronic,female,同行,取引,5.0,,,2026-09-24 11:27:01,scrape_observed,2026-09-25 01:01:12,,,listing,2,38000,"プライベート出品にしますのでコメントください。
★すり替えなし 指定席のみ 2連確約★
全て初期当選、該当名義、変更ボタンあり、期限内です。
全名義入場後約10...",True,,,absent_unverified,,2026-09-27 09:48:30,,,,
ieqi0rvl3q,,key-to-lit-arena-tour-2026-neo-classics,2026-10-10,17:30,セキスイハイムスーパーアリーナ,electronic,female,同行,♡,4.4,,ランダム,2026-09-24 11:27:01,scrape_observed,2026-09-25 00:01:19,,,listing,2,30000,"ランダム配布を理解している方のみご購入ください。

複数名義所持しているため、同時入場後は発券したチケットを一度回収させて頂き、座席はこちらで選ばせて頂きます。...",True,,,absent_unverified,,2026-09-27 09:48:30,,,,
t5iqu0x65k,,key-to-lit-arena-tour-2026-neo-classics,2026-10-10,17:30,セキスイハイムスーパーアリーナ,electronic,female,4名義中4番手,mp,5.0,,番手,2026-09-24 11:27:01,scrape_observed,2026-09-25 01:01:12,,,listing,2,40000,プラベルに切り替えますので申請ください／すべて情報局先行／座席未定／重複すり替えなし／初期当選／該当名義／変更ボタン有／有効期限内／下3桁提示可能／着席希望なし...,True,,,absent_unverified,,2026-09-27 09:48:30,,,,
0c1fkyw1l4,,key-to-lit-arena-tour-2026-neo-classics,2026-10-10,17:30,セキスイハイムスーパーアリーナ,electronic,female,同行,K,5.0,,同行番手,2026-09-24 11:27:01,scrape_observed,2026-09-25 00:01:19,,,listing,2,71000,"すり替えなし3名義中2番手1-2枚
該当(変更ボタンあり)/初期当選/有効期限内

⭐︎開場時間に会場付近にて待合せ予定となります
⭐︎プラベルまたはプライベー...",True,,,absent_unverified,,2026-09-27 09:48:30,,,,
crxefzrp10,,key-to-lit-arena-tour-2026-neo-classics,2026-10-10,17:30,セキスイハイムスーパーアリーナ,electronic,female,同行,み,5.0,,番手,2026-09-24 11:27:01,scrape_observed,2026-09-25 01:01:12,,,listing,2,59000,"2名義中2番手/すべて初期該当変更ボタンあり/すり替えなし/下3桁提示可/有効期限内

・2名義中2番手のお譲りになります。
・入場時のみ同行者様と分かれて入場...",True,,,absent_unverified,,2026-09-27 09:48:30,,,,
jo929dqepr,,key-to-lit-arena-tour-2026-neo-classics,2026-10-10,17:30,セキスイハイムスーパーアリーナ,electronic,female,同行,れ,5.0,,番手,2026-09-24 11:27:01,scrape_observed,2026-09-25 00:01:19,,,listing,2,50000,"FC先行/初期当選/すり替えなし/期限内/6名義中5番手/下3桁提示可/全て該当名義

プラベル出品に切り替えます。
プラベル分からない方はご遠慮ください。その...",True,,,absent_unverified,,2026-09-27 09:48:30,,,,
auto6ydswu,,key-to-lit-arena-tour-2026-neo-classics,2026-10-10,17:30,セキスイハイムスーパーアリーナ,electronic,none,ランダム配布,うきぴ,4.9,,ランダム,2026-09-24 11:27:01,scrape_observed,2026-09-25 01:01:12,,,listing,1,18000,"公演当日は開場時間の40分前に会場付近にお集まりいただき、同時入場していただきます。

詳しい時間はお日にちが近づきましたらメッセージボードにてご連絡いたします...",True,,,absent_unverified,,2026-09-27 09:48:30,,,,
l1s9lf2467,,key-to-lit-arena-tour-2026-neo-classics,2026-10-10,17:30,セキスイハイムスーパーアリーナ,electronic,female,同行,T,5.0,,番手,2026-09-24 11:27:01,scrape_observed,2026-09-25 00:01:19,,,listing,2,70000,"5名義中2番手
初期当選/該当名義/有効期限内/変更ボタン有/すり替えなし/下３桁提示可

指定したお時間に集合し、同時入場をしていただきます。遅刻された場合は...",True,,,absent_unverified,,2026-09-27 09:48:30,,,,
a8bbf8m6fc,,key-to-lit-arena-tour-2026-neo-classics,2026-10-10,17:30,セキスイハイムスーパーアリーナ,electronic,female,同行,T,5.0,,番手,2026-09-24 11:27:01,scrape_observed,2026-09-25 00:01:19,,,listing,2,47000,"5名義中4番手
初期当選/該当名義/有効期限内/変更ボタン有/すり替えなし/下３桁提示可

指定したお時間に集合し、同時入場をしていただきます。遅刻された場合は...",True,,,absent_unverified,,2026-09-27 09:48:30,,,,
uwds0n6drh,,key-to-lit-arena-tour-2026-neo-classics,2026-10-10,17:30,セキスイハイムスーパーアリーナ,electronic,female,同行,S,5.0,,QRランダム,2026-09-24 11:27:01,scrape_observed,2026-09-25 01:01:12,,,listing,1,20000,"【ランダム配布にご理解ある方のみご購入お願い致します】
同時入場後、ランダムでチケットをお渡しさせて頂きます。
ご自身での座席選択はできかねますのでご了承くださ...",True,,,absent_unverified,,2026-09-27 09:48:30,,,,
tc65m1ue2u,,key-to-lit-arena-tour-2026-neo-classics,2026-10-10,17:30,セキスイハイムスーパーアリーナ,electronic,female,同行,ゆ,5.0,,ランダム,2026-09-24 11:27:01,scrape_observed,2026-09-25 01:01:12,,,listing,1,19000,すりかえ有,True,,,absent_unverified,,2026-09-27 09:48:30,,,,
yyy6rjmfd7,,key-to-lit-arena-tour-2026-neo-classics,2026-10-04,17:30,マリンメッセ福岡 A館,electronic,female,同行,あ,5.0,,同行番手,2026-09-24 13:01:20,scrape_observed,2026-09-25 00:01:19,,,listing,2,37000,"2名義中2番手

初期当選/下3桁提示可/すり替えなし

プライベート出品に切り替えますのでご希望の方はコメントをお願いいたします。

詳細は公演前日までに連絡...",True,,,absent_unverified,,2026-09-27 09:48:30,,,,
6h4x62omf0,,key-to-lit-arena-tour-2026-neo-classics,2026-10-10,17:30,セキスイハイムスーパーアリーナ,electronic,female,同行,ぴ,5.0,,同行,2026-09-24 13:01:20,scrape_observed,2026-09-25 00:01:19,,,listing,1,60000,"プラベルでの取引優先。
初期当選/非該当/変更ボタンなし
佐々木担と同行になる為同担様はご遠慮ください。",True,,,absent_unverified,,2026-09-27 09:48:30,,,,
wuwbr89nvd,,key-to-lit-arena-tour-2026-neo-classics,2026-10-04,17:30,マリンメッセ福岡 A館,electronic,female,同行,ヘチヘチ,5.0,,QR,2026-09-24 14:01:14,scrape_observed,2026-09-25 00:01:19,,,listing,1,0,"初期当選/着ブロ希望なし/有効期限内（変ボあり）/重複すり替えなし/QRごと/本確対応不可/下3桁提示可

2連中1枚 当方ではない方と同行になりますが座席の選...",True,,,absent_unverified,,2026-09-27 09:48:30,,,,
1xm8dtu9u1,,key-to-lit-arena-tour-2026-neo-classics,2026-10-04,17:30,マリンメッセ福岡 A館,electronic,female,同行,nya,5.0,,ランダム同行,2026-09-24 14:01:14,scrape_observed,2026-09-25 00:01:19,,,listing,2,25000,"🩵すり替えなしランダム配布🩵
※ご購入前に必ずコメント下さい⚠️
プラベルもしくはチケテンにてSTART社以外のイベントとして再出品致します。

●必ず2連...",True,,,absent_unverified,,2026-09-27 09:48:30,,,,
n126j0hqm8,,key-to-lit-arena-tour-2026-neo-classics,2026-10-04,12:30,マリンメッセ福岡 A館,electronic,none,ランダム配布,r,5.0,,ランダム,2026-09-24 17:01:15,scrape_observed,2026-09-25 00:01:19,,,listing,1,9000,"複数名義所持しているため、同時入場後に1度チケットを回収させていただき、当方が座席選択後にランダムに配布します。

チケットの選択にお時間をいただきますのであら...",True,,,absent_unverified,,2026-09-27 09:48:30,,,,
emen5lf2mf,,key-to-lit-arena-tour-2026-neo-classics,2026-10-04,17:30,マリンメッセ福岡 A館,electronic,female,同行,あ,5.0,,ランダム,2026-09-24 17:01:15,scrape_observed,2026-09-25 00:01:19,,,listing,1,5500,"少人数ランダム
ご希望がございましたらプラベル出品も可能です。

チケット発券後一度解散させていただき、開演5分前までに再集合しチケットをお渡しいたしますので、...",True,,,absent_unverified,,2026-09-27 09:48:30,,,,
y7thtsdtkr,,key-to-lit-arena-tour-2026-neo-classics,2026-10-10,17:30,セキスイハイムスーパーアリーナ,electronic,none,ランダム配布,r,5.0,,ランダム,2026-09-24 17:01:15,scrape_observed,2026-09-25 00:01:19,,,listing,2,27000,"複数名義所持しているため、同時入場後に1度チケットを回収させていただき、当方が座席選択後にランダムに配布します。

チケットの選択にお時間をいただきますのであら...",True,,,absent_unverified,,2026-09-27 09:48:30,,,,
7mk65jsxi1,,key-to-lit-arena-tour-2026-neo-classics,2026-10-03,18:00,マリンメッセ福岡 A館,electronic,female,同行,さい,5.0,,番手,2026-09-24 23:01:14,scrape_observed,2026-09-25 00:01:19,,,listing,2,34000,"
2名義中2番手
初期当選/該当名義/有効期限内/すり替えなし/変更ボタンあり/下3桁提可

入場15分前頃を目安にお集まり頂き、同時入場して頂きます。入場後は...",True,,,absent_unverified,,2026-09-27 09:48:30,,,,
jnoj4st91k,,key-to-lit-arena-tour-2026-neo-classics,2026-10-04,12:30,マリンメッセ福岡 A館,electronic,female,入金後3時間以内にQRコード共有,misuzu,5.0,,QR,2026-09-25 00:01:19,scrape_observed,2026-09-25 00:01:19,,,listing,2,49000,"情報局先行 KEY TO LIT 猪狩蒼弥名義 初期当選 指定席 2枚申し込み
QRごとのお譲り 条件ございません 座席未定
情報局先行 ２枚申込みでの当選
都合により行くことができなくなりました。
１回目の申し込みで当選しました。
席種：指定席になります。
復活当選、制作開放、立見指定ではございません。
KEY TO LIT 猪狩蒼弥名義(変更ボタンあり)
会員番号９４万番台～１０９万番台の間
有効会員です。
複数当選ございません。この公演のみ当選になります。
支払い方法ペイジー選択にて
銀行ATMにて現金でお支払いも完了しております。
QRコードごとのお譲りになります。条件もございません。
同行者登録は購入者様のほうでお願い致します。
QRコード表示に必要な会員番号、パスワードをお知らせさせていただきます。
公演中止以外での返金は致しかねます。ご了承ください。
公演中止の場合は、手数料を差し引いたを金額を返金させていただきます。",True,,,absent_unverified,,2026-09-27 09:48:30,,,,
nn21ka2u1h,,key-to-lit-arena-tour-2026-neo-classics,2026-10-09,18:00,セキスイハイムスーパーアリーナ,electronic,female,同行,かんぺき,5.0,,ランダム記載あり,2026-09-25 00:01:19,scrape_observed,2026-09-25 00:01:19,,,listing,2,34000,"FC初期当選/3名義中3番手/下3桁提示可/有効期限内/着ブロ無し/すり替え無し
当日は、指定の集合場所に集合して頂き同時入場致します。入場後一度全てのチケットを回収し解散して頂きます。こちらで座席確認後に再集合後3番手でチケットをお渡し致します。
チケットお渡ししましたら、速やかに受取連絡お願い致します。チケットお渡し後はサイチェン等自由にして頂いて構いません。
集合場所の詳細は連絡ボードにて連絡させていただきますので時間厳守でお願いします。遅刻は待たずに入場させていただきますのでご了承ください。その際も受取確認はしていただきます。公演中止以外、ランダムエラーや遅刻、体調不良、出演者変更、交通機関の乱れ、電波障害等如何なる理由で入場が出来なかった場合でも返金いたしませんので、事前にご了承ください。
トラブル防止のため日本語がわかる女性のみ購入可。
全てを御理解頂ける方のみ購入をお願い致します。",True,,,absent_unverified,,2026-09-27 09:48:30,,,,
iy2e7t0u60,,key-to-lit-arena-tour-2026-neo-classics,2026-10-03,18:00,マリンメッセ福岡 A館,electronic,none,開演20分前までの早渡し,A,5.0,,ランダム,2026-09-25 01:01:12,scrape_observed,2026-09-26 00:01:10,,,listing,1,15000,"当方が座席を選択した後、残ったチケットをランダムでお渡し致します。
ご購入様にお席をお選び頂くことはできませんが、必ず開演20分前までにお渡しいたします。

発...",True,,,absent_unknown,2026-09-27 10:50:36,2026-09-27 09:48:30,,,,
sotcuj8bqr,,key-to-lit-arena-tour-2026-neo-classics,2026-10-03,18:00,マリンメッセ福岡 A館,electronic,female,同行,ai,5.0,,同行,2026-09-25 01:01:12,scrape_observed,2026-09-25 08:01:11,,,listing,2,17000,"4名義中4番手 初期当選 すり替えなし 期限内 該当名義 下3桁提示可

🌟プライベート出品いたしますので、ご購入ご希望の方はコメントをお願いいたします。...",True,,,absent_unverified,,2026-09-27 09:48:30,,,,
f1kqo2zx0o,,key-to-lit-arena-tour-2026-neo-classics,2026-10-03,18:00,マリンメッセ福岡 A館,electronic,female,同行,t,5.0,,同行ランダム,2026-09-25 01:01:12,scrape_observed,2026-09-26 00:01:10,,,listing,1,7000,"少人数ランダム配布《開場20分前集合予定》
※購入時のコメント不要。
★購入後に当日連絡のつくお電話番号と氏名(苗字)をメッセージボードにてお伝え下さい。

・...",True,,,absent_unknown,2026-09-27 10:50:37,2026-09-27 09:48:30,,,,
0lkj91w791,,key-to-lit-arena-tour-2026-neo-classics,2026-10-03,18:00,マリンメッセ福岡 A館,electronic,female,同行,n,5.0,,同行,2026-09-25 01:01:12,scrape_observed,2026-09-26 00:01:10,,,listing,2,35000,"2名義中2番手
初期当選/該当名義/変更ボタン有1無1/有効期限内/すり替えなし/下3桁提示可/サイチェン可

⚠️26日まで掲載します。
プライベート出品に変...",True,,,absent_unknown,2026-09-27 10:50:37,2026-09-27 09:48:30,,,,
1tmp502w35,,key-to-lit-arena-tour-2026-neo-classics,2026-10-03,18:00,マリンメッセ福岡 A館,electronic,none,ランダム配布,ねこ,5.0,,ランダム,2026-09-25 01:01:12,scrape_observed,2026-09-26 00:01:10,,,listing,1,10000,"ランダム配布ご理解いただける方のみご購入お願いします。初めての方も最後まで丁寧に対応いたします。

上乗せで早渡し可能✨

5名義以内での入場になります。
開場...",True,,,absent_unknown,2026-09-27 10:50:37,2026-09-27 09:48:30,,,,
1r86dxwg3k,,key-to-lit-arena-tour-2026-neo-classics,2026-10-03,18:00,マリンメッセ福岡 A館,electronic,female,同行,な,4.4,,同行,2026-09-25 01:01:12,scrape_observed,2026-09-26 00:01:10,,,listing,1,46000,"初期当選/変ボ有り/該当名義 (井上名義)/着ブロ希望なし/有効期限内/本人確認対応可/重複すり替えなし/ サイチェン不可/井上担不可

2連中1枚 当方と同行...",True,,,absent_unknown,2026-09-27 10:50:38,2026-09-27 09:48:30,,,,
4tl59qinv3,,key-to-lit-arena-tour-2026-neo-classics,2026-10-03,18:00,マリンメッセ福岡 A館,electronic,female,公演日前日にQRコード共有,みず,5.0,,QR,2026-09-25 01:01:12,scrape_observed,2026-09-26 00:01:10,,,listing,2,55000,"情報局先行 初期当選  KEY TO LIT名義 変更ボタンあり   QRごとのお譲り サイチェン可能 下3桁開示可能  座席未定　初期当選

同行者登録は購入...",True,,,absent_unknown,2026-09-27 10:50:38,2026-09-27 09:48:30,,,,
gt99gudleq,,key-to-lit-arena-tour-2026-neo-classics,2026-10-03,18:00,マリンメッセ福岡 A館,electronic,female,番手,N,5.0,,番手,2026-09-25 01:01:12,scrape_observed,2026-09-26 00:01:10,,,listing,1,35000,"2名義中2番手の2連中の1枚

初期当選/有効期限内/該当名義/ボタンあり/下3桁提示可/すり替えなし

集合時間や場所などの詳細は、公演前日までに連絡ボードに...",True,,,absent_unknown,2026-09-27 10:50:38,2026-09-27 09:48:30,,,,
8exhfause3,,key-to-lit-arena-tour-2026-neo-classics,2026-10-03,18:00,マリンメッセ福岡 A館,electronic,female,公演当日までにQRコード共有,♡,4.4,,QR,2026-09-25 01:01:12,scrape_observed,2026-09-26 00:01:10,,,listing,2,45000,"情報局先行 初期当選  KEY TO LIT名義 変更ボタンあり   QRごとのお譲り サイチェン可能 下3桁開示可能  条件無し  座席未定

復活当選、制作...",True,,,absent_unknown,2026-09-27 10:50:39,2026-09-27 09:48:30,,,,
gj15cnnqrf,,key-to-lit-arena-tour-2026-neo-classics,2026-10-03,18:00,マリンメッセ福岡 A館,electronic,female,公演前日ログイン情報共有,m,5.0,,QR,2026-09-25 01:01:12,scrape_observed,2026-09-26 00:01:10,,,listing,2,50000,"QR毎/すり替え無し/下3桁提示可/初期当選/有効期限内/該当名義/変更ボタンあり/着ブロ希望無し

・公演前日にログインに必要な情報を連絡ボードにてお伝えしま...",True,,,absent_unknown,2026-09-27 10:50:39,2026-09-27 09:48:30,,,,
pnc2hh2wsy,,key-to-lit-arena-tour-2026-neo-classics,2026-10-03,18:00,マリンメッセ福岡 A館,electronic,female,同行,ぼー,5.0,,番手,2026-09-25 01:01:12,scrape_observed,2026-09-26 00:01:10,,,listing,2,27000,"5名義中4番手/すべて初期当選/該当名義

メッセージ後、プライベート出品に切り替えますのでご連絡ください。

必ず最後までお読みいただき、ご理解いただける方の...",True,,,absent_unknown,2026-09-27 10:50:39,2026-09-27 09:48:30,,,,
p1dn9mgi9f,,key-to-lit-arena-tour-2026-neo-classics,2026-10-03,18:00,マリンメッセ福岡 A館,electronic,female,公演日2日前までにQRコード共有,レ,5.0,,QR,2026-09-25 01:01:12,scrape_observed,2026-09-26 00:01:10,,,listing,2,54000,"該当名義QR毎/同行者登録可/下3桁提示可/初期当選/有効期限内/着ブロ希望無し/変更ボタン有


公演2日前にログイン情報を連絡ボードでお伝えいたします。入場...",True,,,absent_unknown,2026-09-27 10:50:40,2026-09-27 09:48:30,,,,
dhkre61xfs,,key-to-lit-arena-tour-2026-neo-classics,2026-10-03,18:00,マリンメッセ福岡 A館,electronic,female,同行,t,5.0,,同行番手,2026-09-25 01:01:12,scrape_observed,2026-09-26 00:01:10,,,listing,2,35000,"2名義中2番手
情報局先行/初期当選/該当名義/有効期限内/変更ボタンあり/下3桁提示可/すり替えなし

公演当日開場20分前を目安に会場付近に集合し、同時入場...",True,,,absent_unknown,2026-09-27 10:50:40,2026-09-27 09:48:30,,,,
o51e7b0487,,key-to-lit-arena-tour-2026-neo-classics,2026-10-03,18:00,マリンメッセ福岡 A館,electronic,female,同行,ai,5.0,,番手,2026-09-25 01:01:12,scrape_observed,2026-09-26 00:01:10,,,listing,2,23000,"4名義中3番手 初期当選 すり替えなし 期限内 該当名義 下3桁提示可

🌟プライベート出品いたしますので、ご購入ご希望の方はコメントをお願いいたします。...",True,,,absent_unknown,2026-09-27 10:50:41,2026-09-27 09:48:30,,,,
rpz2ts14vc,,key-to-lit-arena-tour-2026-neo-classics,2026-10-03,18:00,マリンメッセ福岡 A館,electronic,none,ランダム配布,r,5.0,,ランダム,2026-09-25 01:01:12,scrape_observed,2026-09-25 15:01:16,,,listing,1,5000,"複数名義所持しているため、同時入場後に1度チケットを回収させていただき、当方が座席選択後にランダムに配布します。

チケットの選択にお時間をいただきますのであら...",True,,,absent_unverified,,2026-09-27 09:48:30,,,,
3qs10d19f1,,key-to-lit-arena-tour-2026-neo-classics,2026-10-03,18:00,マリンメッセ福岡 A館,electronic,female,同行,み,5.0,,ランダム番手同行QR,2026-09-25 01:01:12,scrape_observed,2026-09-25 05:01:13,,,listing,2,12000,"ランダム配布 

・公演当日、開場時間の45分前までに会場付近で待ち合わせし同時入場いただきます。
詳しい待ち合わせにつきましては、公演が近くなりましたら連絡ボ...",True,,,absent_unverified,,2026-09-27 09:48:30,,,,
5vn8feb3mj,,key-to-lit-arena-tour-2026-neo-classics,2026-10-03,18:00,マリンメッセ福岡 A館,electronic,female,2名義中1番手 同行,A,5.0,,同行番手,2026-09-25 01:01:12,scrape_observed,2026-09-26 00:01:10,,,listing,1,55000,"2名義中1番手　同行
初期/該当/変ボ有/すり替えなし
取引成立後下3桁提示可

井上担不可

担当記載の上コメントください。",True,,,absent_unknown,2026-09-27 10:50:41,2026-09-27 09:48:30,,,,
2fjsadu88u,,key-to-lit-arena-tour-2026-neo-classics,2026-10-03,18:00,マリンメッセ福岡 A館,electronic,female,同行,ふわ,5.0,,番手,2026-09-25 01:01:12,scrape_observed,2026-09-26 00:01:10,,,listing,2,35000,"6名義中5番手/初期当選/変更ボタンあり/該当名義/有効期限内/すり替えなし/同一クレカ支払いなし/本人確認不可/着ブロ希望なし/座席未定/下3桁提示可

ご購...",True,,,absent_unknown,2026-09-27 10:50:41,2026-09-27 09:48:30,,,,
ubt0x2k5pc,,key-to-lit-arena-tour-2026-neo-classics,2026-10-03,18:00,マリンメッセ福岡 A館,electronic,female,公演前日にログイン情報共有,み,5.0,,QR,2026-09-25 01:01:12,scrape_observed,2026-09-26 00:01:10,,,listing,2,55000,"QRごと/該当名義/初期当選/有効期限内/会員番号下3桁提示可能/着ブロ希望なし

同行者登録は買い手様ご自身でお願いします。
名義を傷つける行為はお辞めくださ...",True,,,absent_unknown,2026-09-27 10:50:41,2026-09-27 09:48:30,,,,
fjg5px85ef,,key-to-lit-arena-tour-2026-neo-classics,2026-10-03,18:00,マリンメッセ福岡 A館,electronic,female,公演前日にログイン情報共有,ほ,5.0,,QR,2026-09-25 01:01:12,scrape_observed,2026-09-26 00:01:10,,,listing,2,60000,"QR毎/重複なし/該当名義/有効期限内/下3桁提示可/同行者登録可

公演前日にログイン情報お伝えします。

公演中止の場合のみ、手数料を差し引いた金額を返金い...",True,,,absent_unknown,2026-09-27 10:50:42,2026-09-27 09:48:30,,,,
9e2msoarm3,,key-to-lit-arena-tour-2026-neo-classics,2026-10-03,18:00,マリンメッセ福岡 A館,electronic,female,同行,m,5.0,,同行,2026-09-25 01:01:12,scrape_observed,2026-09-26 00:01:10,,,listing,1,40000,"当方と同行
初期当選/下三桁提示可/同行者登録可/該当名義/サイチェン可

開演10分前集合を予定しております。

入場後、チケットお渡し後は速やかに受取連絡を...",True,,,absent_unknown,2026-09-27 10:50:42,2026-09-27 09:48:30,,,,
vtvhobk8p7,,key-to-lit-arena-tour-2026-neo-classics,2026-10-03,18:00,マリンメッセ福岡 A館,electronic,female,同行,さい,5.0,,番手,2026-09-25 01:01:12,scrape_observed,2026-09-26 00:01:10,,,listing,2,28000,"
2名義中2番手
初期当選/該当名義/有効期限内/すり替えなし/変更ボタンあり/下3桁提可

入場15分前頃を目安にお集まり頂き、同時入場して頂きます。入場後は...",True,,,absent_unknown,2026-09-27 10:50:43,2026-09-27 09:48:30,,,,
esxp12gjrc,,key-to-lit-arena-tour-2026-neo-classics,2026-10-03,18:00,マリンメッセ福岡 A館,electronic,female,同行,H,5.0,,同行,2026-09-25 01:01:12,scrape_observed,2026-09-26 00:01:10,,,listing,1,45000,"【同行募集】該当（井上）名義/初期当選/有効期限内/変更ボタン有り/すり替えなし/サイチェン可/下三桁提示可

2連中1枚当方との同行になります。公演当日、開場...",True,,,absent_unknown,2026-09-27 10:50:43,2026-09-27 09:48:30,,,,
1gmyy7allt,,key-to-lit-arena-tour-2026-neo-classics,2026-10-04,12:30,マリンメッセ福岡 A館,electronic,female,同行,かな,4.9,,ランダム,2026-09-25 01:01:12,scrape_observed,2026-09-26 00:01:10,,,listing,1,9999,"ランダム配布でのお渡しです。

・円滑な取引のため、ご購入後取引連絡にてお電話番号のご提示をお願いいたします。
・当日開場30分前に会場付近で集合し、同時入場さ...",True,,,absent_unknown,2026-09-27 10:50:43,2026-09-27 09:48:30,,,,
02jjbwrjxl,,key-to-lit-arena-tour-2026-neo-classics,2026-10-04,12:30,マリンメッセ福岡 A館,electronic,female,同行,M,5.0,,番手,2026-09-25 01:01:12,scrape_observed,2026-09-26 00:01:10,,,listing,2,45000,"２名義中２番手 有効期限内 該当名義(変更ボタン有) 重複すり替え無し 下３桁提示可 

・当日会場10分前頃待ち合わせし、同時入場していただきます。時間厳守で...",True,,,absent_unknown,2026-09-27 10:50:43,2026-09-27 09:48:30,,,,
jbflinsg0o,,key-to-lit-arena-tour-2026-neo-classics,2026-10-04,12:30,マリンメッセ福岡 A館,electronic,female,同行,nya,5.0,,ランダム,2026-09-25 01:01:12,scrape_observed,2026-09-26 00:01:10,,,listing,2,17000,"※ご購入前に必ずコメント下さい⚠️
プラベルもしくはチケテンにてSTART社以外のイベントとして再出品致します。

複数名義所持のランダム配布⭐️

●必ず2連...",True,,,absent_unknown,2026-09-27 10:50:44,2026-09-27 09:48:30,,,,
wh9fxjebgb,,key-to-lit-arena-tour-2026-neo-classics,2026-10-04,12:30,マリンメッセ福岡 A館,electronic,female,同行,あ,5.0,,番手,2026-09-25 01:01:12,scrape_observed,2026-09-26 00:01:10,,,listing,2,46000,"2名義中2番手
すり替えなし 該当名義 下3桁提示可能 初期当選 有効期限内 変ボあり 着ブロ選択なし 
  
・当日会場付近にてお待ち合わせし、同時入場お願い...",True,,,absent_unknown,2026-09-27 10:50:44,2026-09-27 09:48:30,,,,
vcq2ey0jq5,,key-to-lit-arena-tour-2026-neo-classics,2026-10-04,12:30,マリンメッセ福岡 A館,electronic,female,公演日前日にログイン情報共有,しん,5.0,,QR,2026-09-25 01:01:12,scrape_observed,2026-09-26 00:01:10,,,listing,2,48000,"非該当名義/初期当選/有効期限内/下3桁提示可/着ブロ指定なし/変更ボタンあり

同行者登録は買い手様ご自身でお願い致します。
名義を傷つける行為はお辞めくださ...",True,,,absent_unknown,2026-09-27 10:50:45,2026-09-27 09:48:30,,,,
ic87ty67er,,key-to-lit-arena-tour-2026-neo-classics,2026-10-04,12:30,マリンメッセ福岡 A館,electronic,female,入金後3時間以内にQRコード共有,misuzu,5.0,,QR,2026-09-25 01:01:12,scrape_observed,2026-09-26 00:01:10,,,listing,2,49000,"情報局先行 KEY TO LIT 猪狩蒼弥名義 初期当選 指定席 2枚申し込み 
QRごとのお譲り 条件ございません 座席未定

情報局先行 ２枚申込みでの当選...",True,,,absent_unknown,2026-09-27 10:50:45,2026-09-27 09:48:30,,,,
umylim435x,,key-to-lit-arena-tour-2026-neo-classics,2026-10-04,12:30,マリンメッセ福岡 A館,electronic,female,同行,な,5.0,,番手同行,2026-09-25 01:01:12,scrape_observed,2026-09-26 00:01:10,,,listing,2,28000,"3名義中3番手/初期当選/全て該当名義/1名義有効期限切れ/すり替えなし(
下3桁提示可能)

有効期限切れ名義は自名義のため本確対応可能

公演当日は当方が指...",True,,,absent_unknown,2026-09-27 10:50:45,2026-09-27 09:48:30,,,,
c4wudnfomp,,key-to-lit-arena-tour-2026-neo-classics,2026-10-04,12:30,マリンメッセ福岡 A館,paper,female,当日手渡し,Y,5.0,,同行記載あり,2026-09-25 01:01:12,scrape_observed,2026-09-26 00:01:10,,,listing,1,50000,"一般注釈指定のみ所持/単番と2連の3枚中2枚目

日本人女性限定 のみご購入ください。

公演当日は開場10分前集合予定
入場後はすみやかに受取評価（受取通知）...",True,,,absent_unknown,2026-09-27 10:50:45,2026-09-27 09:48:30,,,,
l1akvbgq8v,,key-to-lit-arena-tour-2026-neo-classics,2026-10-04,12:30,マリンメッセ福岡 A館,electronic,female,同行,K,5.0,,同行番手,2026-09-25 01:01:12,scrape_observed,2026-09-26 00:01:10,,,listing,2,48000,"すり替えなし2名義中2番手2枚
該当(変更ボタンあり)/初期当選/有効期限内

⭐︎開場時間に会場付近にて待合せ予定となります
⭐︎プラベルまたはプライベート出...",True,,,absent_unknown,2026-09-27 10:50:46,2026-09-27 09:48:30,,,,
fod24j2b5h,,key-to-lit-arena-tour-2026-neo-classics,2026-10-04,12:30,マリンメッセ福岡 A館,paper,female,郵送,yj,5.0,,,2026-09-25 01:01:12,scrape_observed,2026-09-26 00:01:10,,,listing,1,32000,"注釈付き指定。一般販売分。発券済のため郵送になります。
公演中止の場合にのみ、チケット返却後に全額返金いたします。その他事由での返金は如何なる場合でもいたしかね...",True,,,absent_unknown,2026-09-27 10:50:46,2026-09-27 09:48:30,,,,
2ctgrwe7wh,,key-to-lit-arena-tour-2026-neo-classics,2026-10-04,12:30,マリンメッセ福岡 A館,electronic,female,2名義中2番手,R,5.0,,番手,2026-09-25 01:01:12,scrape_observed,2026-09-26 00:01:10,,,listing,2,38000,"2名義中2番手
情報局先行/一部復活当選有/該当1・非該当1/下3桁提示可/すり替えなし/有効期限内/

公演当日は開場の10-15分前を目安に会場付近に集合し...",True,,,absent_unknown,2026-09-27 10:50:47,2026-09-27 09:48:30,,,,
9d4h8zyj0p,,key-to-lit-arena-tour-2026-neo-classics,2026-10-04,12:30,マリンメッセ福岡 A館,electronic,female,同行,る,5.0,,同行,2026-09-25 01:01:12,scrape_observed,2026-09-26 00:01:10,,,listing,1,55000,"当方と同行/初期当選/有効期限内該当名義/同行者登録可/本人確認対応可/サイチェン可/嶺亜担不可

公演当日は開場15分程前に会場付近にて待ち合わせ予定です。時...",True,,,absent_unknown,2026-09-27 10:50:47,2026-09-27 09:48:30,,,,
lgf74yh4ft,,key-to-lit-arena-tour-2026-neo-classics,2026-10-04,12:30,マリンメッセ福岡 A館,electronic,female,同行,瑠美,5.0,,同行,2026-09-25 01:01:12,scrape_observed,2026-09-26 00:01:10,,,listing,1,62047,"すり替えなし私との同行です
該当名義有効期限内下3桁提示可能変更ボタン有
サイチェン不可",True,,,absent_unknown,2026-09-27 10:50:47,2026-09-27 09:48:30,,,,
l50jir3z4e,,key-to-lit-arena-tour-2026-neo-classics,2026-10-04,12:30,マリンメッセ福岡 A館,electronic,female,公演日前日までにQRコード共有,rn,5.0,,QR,2026-09-25 01:01:12,scrape_observed,2026-09-26 00:01:10,,,listing,2,50000,"5.0〜
初期当選 / 有効期限内 / 非該当名義 / 下三桁提示可 / 同一クレカ決済無し / 着ブロ指定無し

プラベルに移行しますのでコメントください。...",True,,,absent_unknown,2026-09-27 10:50:47,2026-09-27 09:48:30,,,,
sfdm1qhlwx,,key-to-lit-arena-tour-2026-neo-classics,2026-10-04,12:30,マリンメッセ福岡 A館,electronic,none,同行,nya,5.0,,ランダム,2026-09-25 01:01:12,scrape_observed,2026-09-26 00:01:10,,,listing,1,8000,"※ご購入前に必ずコメント下さい⚠️
プラベルもしくはチケテンにてSTART社以外のイベントとして再出品致します。

複数名義所持のランダム配布⭐️

●開場時間...",True,,,absent_unknown,2026-09-27 10:50:48,2026-09-27 09:48:30,,,,
y576c33u1a,,key-to-lit-arena-tour-2026-neo-classics,2026-10-04,12:30,マリンメッセ福岡 A館,electronic,female,入金後24時間以内にQRコード共有,瑠美,5.0,,QR,2026-09-25 01:01:12,scrape_observed,2026-09-26 00:01:10,,,listing,2,62047,"すり替えなし下3桁提示可能
有効期限内　該当名義　変更ボタン有り

同行者登録はこちらで行います。
公演中止以外いかなる理由でもキャンセル不可",True,,,absent_unknown,2026-09-27 10:50:48,2026-09-27 09:48:30,,,,
hvhxbjhhdp,,key-to-lit-arena-tour-2026-neo-classics,2026-10-04,12:30,マリンメッセ福岡 A館,electronic,female,指定席のみ,𝒎,5.0,,ランダム,2026-09-25 01:01:12,scrape_observed,2026-09-26 00:01:10,,,listing,2,27000,"⭐️ランダムエラー返金可能
⭐️指定席のみのお渡し
⭐性別・年齢・国籍問いません

ファンクラブ当選名義を複数所持しております。

全てのチケットを発券後、チケ...",True,,,absent_unknown,2026-09-27 10:50:49,2026-09-27 09:48:30,,,,
rriptqiowp,,key-to-lit-arena-tour-2026-neo-classics,2026-10-04,12:30,マリンメッセ福岡 A館,electronic,female,同行,nya,5.0,,ランダム,2026-09-25 01:01:12,scrape_observed,2026-09-26 00:01:10,,,listing,2,23000,"🩵すり替えなしランダム配布🩵
※ご購入前に必ずコメント下さい⚠️
プラベルもしくはチケテンにてSTART社以外のイベントとして再出品致します。

●必ず2連...",True,,,absent_unknown,2026-09-27 10:50:49,2026-09-27 09:48:30,,,,
o8qbn7s8j1,,key-to-lit-arena-tour-2026-neo-classics,2026-10-04,12:30,マリンメッセ福岡 A館,electronic,none,ランダム配布,r,5.0,,ランダム,2026-09-25 01:01:12,scrape_observed,2026-09-25 15:01:16,,,listing,1,9000,"複数名義所持しているため、同時入場後に1度チケットを回収させていただき、当方が座席選択後にランダムに配布します。

チケットの選択にお時間をいただきますのであら...",True,,,absent_unverified,,2026-09-27 09:48:30,,,,
cgcjl6n94u,,key-to-lit-arena-tour-2026-neo-classics,2026-10-04,12:30,マリンメッセ福岡 A館,paper,female,当日手渡し,Y,5.0,,同行記載あり,2026-09-25 01:01:12,scrape_observed,2026-09-26 00:01:10,,,listing,1,45000,"一般注釈指定のみ所持/単番と2連の3枚中3枚目

日本人女性限定 のみご購入ください。

公演当日は開場10分前集合予定
入場後はすみやかに受取評価（受取通知）...",True,,,absent_unknown,2026-09-27 10:50:49,2026-09-27 09:48:30,,,,
fvw5l7kjx0,,key-to-lit-arena-tour-2026-neo-classics,2026-10-04,12:30,マリンメッセ福岡 A館,electronic,female,入場後10分以内のお渡し,𝒎,5.0,,ランダム記載あり,2026-09-25 01:01:12,scrape_observed,2026-09-26 00:01:10,,,listing,2,40000,"【すり替え無しで入場後10分以内のお渡し】
【初期当選／有効期限内／該当名義】
※プラベル変更可能


該当名義／有効期限内／初期当選のファンクラブ当選名義を複...",True,,,absent_unknown,2026-09-27 10:50:50,2026-09-27 09:48:30,,,,
ryk1go6q6d,,key-to-lit-arena-tour-2026-neo-classics,2026-10-04,12:30,マリンメッセ福岡 A館,pickup_number,female,入金後2日以内に発券番号共有,紫月,5.0,,,2026-09-25 01:01:12,scrape_observed,2026-09-26 00:01:10,,,listing,1,45000,"注釈付き指定席1名券の発券番号になります。
セブンイレブンにて発券してください。",True,,,absent_unknown,2026-09-27 10:50:50,2026-09-27 09:48:30,,,,
ufdcjties1,,key-to-lit-arena-tour-2026-neo-classics,2026-10-04,12:30,マリンメッセ福岡 A館,electronic,female,【条件あり】当日手渡し/座席未定/ランダム配布/有効会員,T,4.9,,ランダム同行,2026-09-25 01:01:12,scrape_observed,2026-09-26 00:01:10,,,listing,2,17000,"《開場30分前集合予定》

※レビュー(評価4.8以上)ある方のみ申請下さい。
※購入時のコメント不要です。
★購入後に当日連絡のつくお電話番号と氏名(苗字)を...",True,,,absent_unknown,2026-09-27 10:50:50,2026-09-27 09:48:30,,,,
7q15saxa3o,,key-to-lit-arena-tour-2026-neo-classics,2026-10-04,12:30,マリンメッセ福岡 A館,electronic,female,同行,t,5.0,,同行番手,2026-09-25 01:01:12,scrape_observed,2026-09-26 00:01:10,,,listing,2,33000,"3名義中3番手/全て該当名義/初期当選/有効期限内/すり替えなし/下3桁提示可

・公演当日、こちらが指定した場所・時間に集合をし、同時入場して頂きます。
集合...",True,,,absent_unknown,2026-09-27 10:50:51,2026-09-27 09:48:30,,,,
nt6qy8xna1,,key-to-lit-arena-tour-2026-neo-classics,2026-10-04,12:30,マリンメッセ福岡 A館,electronic,female,同行,な,5.0,,番手同行,2026-09-25 01:01:12,scrape_observed,2026-09-26 00:01:10,,,listing,2,35000,"3名義中2番手/初期当選/全て該当名義/有効期限切れ含む/すり替えなし(
下3桁提示可能)

有効期限切れ名義は自名義のため本確対応可能

公演当日は当方が指定...",True,,,absent_unknown,2026-09-27 10:50:51,2026-09-27 09:48:30,,,,
odtaz8oagf,,key-to-lit-arena-tour-2026-neo-classics,2026-10-04,12:30,マリンメッセ福岡 A館,electronic,female,公演日前日夜にログイン情報お伝えします,x,5.0,,QR,2026-09-25 01:01:12,scrape_observed,2026-09-26 00:01:10,,,listing,2,40000,"QR毎/初期当選/該当名義/有効期限切れ/下3桁提示可

期限切れ名義です。プラベル可。
公演日前日夜にログイン情報をお伝えいたします。
同行者登録は購入者様の...",True,,,absent_unknown,2026-09-27 10:50:51,2026-09-27 09:48:30,,,,
ild8vh9tbz,,key-to-lit-arena-tour-2026-neo-classics,2026-10-04,17:30,マリンメッセ福岡 A館,electronic,female,同行,m,5.0,,同行,2026-09-25 01:01:12,scrape_observed,2026-09-26 00:01:10,,,listing,1,38000,"すり替えなし同行/猪狩担不可/非該当名義/有効期限内/下3桁提示可


・当日開演前に会場付近で待ち合わせし、同時入場していただきます。（詳細前日に連絡致します...",True,,,absent_unknown,2026-09-27 10:50:52,2026-09-27 09:48:30,,,,
e9zmb4t1hq,,key-to-lit-arena-tour-2026-neo-classics,2026-10-04,17:30,マリンメッセ福岡 A館,electronic,female,入場後10分以内のお渡し,𝒎,5.0,,ランダム記載あり,2026-09-25 01:01:12,scrape_observed,2026-09-26 00:01:10,,,listing,1,40000,"【すり替え無しで入場後10分以内のお渡し】
【初期当選／有効期限内／該当名義】
※プラベル変更可能


該当名義／有効期限内／初期当選のファンクラブ当選名義を複...",True,,,absent_unknown,2026-09-27 10:50:52,2026-09-27 09:48:30,,,,
lavfu9gsrv,,key-to-lit-arena-tour-2026-neo-classics,2026-10-04,17:30,マリンメッセ福岡 A館,electronic,male,公演前日QRコード共有,M,5.0,,QR,2026-09-25 01:01:12,scrape_observed,2026-09-26 00:01:10,,,listing,1,48000,"QR毎/初期当選/該当名義/有効期限内/過去エラー無

公演前日にログイン情報を連絡ボードでお伝えします。ご自身の端末でQRを表示してご入場お願いいたします。...",True,,,absent_unknown,2026-09-27 10:50:52,2026-09-27 09:48:30,,,,
n1nss34hfy,,key-to-lit-arena-tour-2026-neo-classics,2026-10-04,17:30,マリンメッセ福岡 A館,electronic,female,公演日7日前までにQRコード共有,るー,5.0,,QR,2026-09-25 01:01:12,scrape_observed,2026-09-26 00:01:10,,,listing,2,0,初期当選/期限内/下3桁提示可/同行登録可/着ブロ過去エラーなし,True,,,absent_unknown,2026-09-27 10:50:53,2026-09-27 09:48:30,,,,
59ifzcezk3,,key-to-lit-arena-tour-2026-neo-classics,2026-10-04,17:30,マリンメッセ福岡 A館,electronic,female,公演前日までにQRコード共有,ちっち,5.0,,QR,2026-09-25 01:01:12,scrape_observed,2026-09-26 00:01:10,,,listing,2,40000,"座席未定 QR 初期当選 有効期限内 下三桁提示可 すり替え、重複無し 変更ボタンあり
購入者様にて同行者登録をお願いいたします。
公演中止以外の理由、本人確認...",True,,,absent_unknown,2026-09-27 10:50:53,2026-09-27 09:48:30,,,,
ctkzgqlnqh,,key-to-lit-arena-tour-2026-neo-classics,2026-10-04,17:30,マリンメッセ福岡 A館,electronic,female,同行,だぁ,5.0,,番手同行,2026-09-25 01:01:12,scrape_observed,2026-09-25 17:01:15,,,listing,2,35000,"2名義中2番手、下3桁提示可能
初期当選、該当名義での当選です。
バラ売りも検討いたしますので、ご希望の方はご連絡ください。

重複当選となりますので、入場後当...",True,,,absent_unverified,,2026-09-27 09:48:30,,,,
61hornbcfo,,key-to-lit-arena-tour-2026-neo-classics,2026-10-04,17:30,マリンメッセ福岡 A館,electronic,female,同行,あ,5.0,,同行番手,2026-09-25 01:01:12,scrape_observed,2026-09-26 00:01:10,,,listing,2,36000,"2名義中2番手

初期当選/該当名義/下3桁提示可/すり替えなし

プライベート出品に切り替えますのでご希望の方はコメントをお願いいたします。

詳細は公演前日...",True,,,absent_unknown,2026-09-27 10:50:54,2026-09-27 09:48:30,,,,
xflkl981nv,,key-to-lit-arena-tour-2026-neo-classics,2026-10-04,17:30,マリンメッセ福岡 A館,electronic,female,同行,ヘチヘチ,5.0,,QR,2026-09-25 01:01:12,scrape_observed,2026-09-26 00:01:10,,,listing,1,40000,"初期当選/着ブロ希望なし/有効期限内（変ボあり）/重複すり替えなし/QRごと/本確対応不可/下3桁提示可/佐々木担不可

2連中1枚 当方ではない方と同行になり...",True,,,absent_unknown,2026-09-27 10:50:54,2026-09-27 09:48:30,,,,
7yiphr4ucr,,key-to-lit-arena-tour-2026-neo-classics,2026-10-04,17:30,マリンメッセ福岡 A館,electronic,female,同行,あ,5.0,,番手,2026-09-25 01:01:12,scrape_observed,2026-09-26 00:01:10,,,listing,1,36000,"3名義中2番手
初期当選/該当×2非該当×1/下3桁提示可/すり替えなし/有効期限内/変更ボタンあり
プラベル出品に移行可能です

公演当日は開場の15-20分...",True,,,absent_unknown,2026-09-27 10:50:54,2026-09-27 09:48:30,,,,
hxmbtv6muh,,key-to-lit-arena-tour-2026-neo-classics,2026-10-04,17:30,マリンメッセ福岡 A館,electronic,female,同行,nya,5.0,,番手,2026-09-25 01:01:12,scrape_observed,2026-09-26 00:01:10,,,listing,2,30000,"復活当選/2名義中2番手/すり替え無し/下3桁提示可/有効期限内/同一クレカ決済無し
公演中止の際には、手数料等を差し引いた金額を返金します

公演当日開場時間...",True,,,absent_unknown,2026-09-27 10:50:54,2026-09-27 09:48:30,,,,
1vo0ol9lwh,,key-to-lit-arena-tour-2026-neo-classics,2026-10-04,17:30,マリンメッセ福岡 A館,electronic,none,同行,nya,5.0,,ランダム,2026-09-25 01:01:12,scrape_observed,2026-09-26 00:01:10,,,listing,1,5000,"※ご購入前に必ずコメント下さい⚠️
プラベルもしくはチケテンにてSTART社以外のイベントとして再出品致します。

複数名義所持のランダム配布⭐️

●開場時間...",True,,,absent_unknown,2026-09-27 10:50:55,2026-09-27 09:48:30,,,,
v17xvhwm1i,,key-to-lit-arena-tour-2026-neo-classics,2026-10-04,17:30,マリンメッセ福岡 A館,electronic,female,同行,nya,5.0,,ランダム,2026-09-25 01:01:12,scrape_observed,2026-09-26 00:01:10,,,listing,2,20000,"※ご購入前に必ずコメント下さい⚠️
プラベルもしくはチケテンにてSTART社以外のイベントとして再出品致します。

複数名義所持のランダム配布⭐️

●必ず2連...",True,,,absent_unknown,2026-09-27 10:50:55,2026-09-27 09:48:30,,,,
5ib1irmoje,,key-to-lit-arena-tour-2026-neo-classics,2026-10-04,17:30,マリンメッセ福岡 A館,electronic,female,同行/同時入場後チケットをお渡ししたら受け取り/受け取り後即解散可能,타,5.0,,同行,2026-09-25 01:01:12,scrape_observed,2026-09-26 00:01:10,,,listing,1,45000,該当名義/変更ボタンあり/すり替えなし/初期当選のみ/すべてコンビニ払い/下3桁掲示可能/有効期限内/同一住所や同一電話番号無し/制作開放無し/今までエラーが出...,True,,,absent_unknown,2026-09-27 10:50:56,2026-09-27 09:48:30,,,,
ohe8fd65q5,,key-to-lit-arena-tour-2026-neo-classics,2026-10-04,17:30,マリンメッセ福岡 A館,electronic,female,同行,り,5.0,,QR同行,2026-09-25 01:01:12,scrape_observed,2026-09-26 00:01:10,,,listing,1,38000,"2連中1枚同行
情報局先行/初期当選/該当名義/有効期限内/すり替えなし/会員番号下3桁提示可
(決済方法PayPay)

・日本語の通じる方のみご購入ください...",True,,,absent_unknown,2026-09-27 10:50:56,2026-09-27 09:48:30,,,,
sl5nve98z5,,key-to-lit-arena-tour-2026-neo-classics,2026-10-04,17:30,マリンメッセ福岡 A館,electronic,female,公演前日までにログイン情報共有,れ,5.0,,QR,2026-09-25 01:01:12,scrape_observed,2026-09-26 00:01:10,,,listing,2,45000,"最高額4.2/枚、希望額メッセージお願いします。
QR毎、該当、すり替えなし、下三桁提示可、有効期限内

QRごとのお譲りとなります。2日前にログイン情報お伝え...",True,,,absent_unknown,2026-09-27 10:50:56,2026-09-27 09:48:30,,,,
kvegfeyvfr,,key-to-lit-arena-tour-2026-neo-classics,2026-10-04,17:30,マリンメッセ福岡 A館,electronic,female,公演日2日前までにQRコード共有,な,5.0,,,2026-09-25 01:01:12,scrape_observed,2026-09-26 00:01:10,,,listing,2,42000,"情報局先行 QR/座席未定／該名義／有効期限内／初期選／1名義中1番手/下3桁提示可能／重複すり替えなし  2026年10月04日発送予定
チケットは分配可能に...",True,,,absent_unknown,2026-09-27 10:50:56,2026-09-27 09:48:30,,,,
ul5ylooujh,,key-to-lit-arena-tour-2026-neo-classics,2026-10-04,17:30,マリンメッセ福岡 A館,electronic,female,同行,あ,5.0,,ランダム,2026-09-25 01:01:12,scrape_observed,2026-09-26 00:01:10,,,listing,1,5500,"少人数ランダム
ご希望がございましたらプラベル出品も可能です。

チケット発券後一度解散させていただき、開演5分前までに再集合しチケットをお渡しいたしますので、...",True,,,absent_unknown,2026-09-27 10:50:57,2026-09-27 09:48:30,,,,
fl4gcdgcdj,,key-to-lit-arena-tour-2026-neo-classics,2026-10-04,17:30,マリンメッセ福岡 A館,electronic,female,同行,t,5.0,,番手同行,2026-09-25 01:01:12,scrape_observed,2026-09-26 00:01:10,,,listing,2,30000,"4名義中4番手/該当3非該当1/初期当選/有効期限内/すり替えなし/下3桁提示可

・公演当日、こちらが指定した場所・時間に集合をし、同時入場して頂きます。
集...",True,,,absent_unknown,2026-09-27 10:50:57,2026-09-27 09:48:30,,,,
5kgn3cr13b,,key-to-lit-arena-tour-2026-neo-classics,2026-10-04,17:30,マリンメッセ福岡 A館,electronic,female,同行,かな,4.9,,ランダム,2026-09-25 01:01:12,scrape_observed,2026-09-26 00:01:10,,,listing,1,9999,"ランダム配布でのお渡しです。

・円滑な取引のため、ご購入後取引連絡にてお電話番号のご提示をお願いいたします。
・当日開場30分前に会場付近で集合し、同時入場さ...",True,,,absent_unknown,2026-09-27 10:50:58,2026-09-27 09:48:30,,,,
lkyi9yle5g,,key-to-lit-arena-tour-2026-neo-classics,2026-10-04,17:30,マリンメッセ福岡 A館,electronic,female,公演日前日までにQRコード共有,さんぴん茶,5.0,,QR,2026-09-25 01:01:12,scrape_observed,2026-09-25 23:01:10,,,listing,2,45000,"QRごと/座席未定/初期当選/該当名義/有効期限内／変更ボタン有/下三桁提示可/すり替えなし

購入様自身で同行者登録をお願いします。

公演中止のみ返金対応致...",True,,,absent_unknown,2026-09-27 10:51:36,2026-09-27 09:48:30,,,,
s86ncgqedz,,key-to-lit-arena-tour-2026-neo-classics,2026-10-04,17:30,マリンメッセ福岡 A館,electronic,female,同行,nya,5.0,,ランダム同行,2026-09-25 01:01:12,scrape_observed,2026-09-26 00:01:10,,,listing,2,25000,"🩵すり替えなしランダム配布🩵
※ご購入前に必ずコメント下さい⚠️
プラベルもしくはチケテンにてSTART社以外のイベントとして再出品致します。

●必ず2連...",True,,,absent_unknown,2026-09-27 10:50:58,2026-09-27 09:48:30,,,,
ez1rwm8uhl,,key-to-lit-arena-tour-2026-neo-classics,2026-10-04,17:30,マリンメッセ福岡 A館,paper,female,入金後24時間以内に郵送,r,4.9,,,2026-09-25 01:01:12,scrape_observed,2026-09-25 02:01:16,,,listing,2,21000,"注釈付き指定。紙チケットになります。

レターパックプラスでお送りします。郵便局留めなども可能です。
公演中止の場合は、送料・手数料を差し引いた金額を返金させて...",True,,,absent_unverified,,2026-09-27 09:48:30,,,,
ju7w8bqk6n,,key-to-lit-arena-tour-2026-neo-classics,2026-10-04,17:30,マリンメッセ福岡 A館,electronic,female,同行,おゆ,5.0,,同行,2026-09-25 01:01:12,scrape_observed,2026-09-26 00:01:10,,,listing,1,32000,"初期当選/着ブロ希望なし/有効期限内/重複すり替えなし/サイチェン不可/中村担不可

2連中1枚 当方と同行になります(中村担)
座席の選択権利はございませんの...",True,,,absent_unknown,2026-09-27 10:50:58,2026-09-27 09:48:30,,,,
mibhoak5p4,,key-to-lit-arena-tour-2026-neo-classics,2026-10-04,17:30,マリンメッセ福岡 A館,electronic,female,すり替えなしランダム同行,m,5.0,,同行ランダム,2026-09-25 01:01:12,scrape_observed,2026-09-26 00:01:10,,,listing,1,18000,"購入希望の方はプライベート出品させていただきますのでメッセージお願いいたします。

すり替えなしランダムを連番で購入しておりましたが、同行者が来れなくなってしま...",True,,,absent_unknown,2026-09-27 10:50:58,2026-09-27 09:48:30,,,,
4io2lzml0r,,key-to-lit-arena-tour-2026-neo-classics,2026-10-04,17:30,マリンメッセ福岡 A館,paper,female,郵送,yj,5.0,,,2026-09-25 01:01:12,scrape_observed,2026-09-25 12:01:18,,,listing,1,27000,"注釈付き指定。一般販売分。発券済のため郵送になります。
公演中止の場合にのみ、チケット返却後に全額返金いたします。その他事由での返金は如何なる場合でもいたしかね...",True,,,absent_unverified,,2026-09-27 09:48:30,,,,
qcfh4p5iu6,,key-to-lit-arena-tour-2026-neo-classics,2026-10-04,17:30,マリンメッセ福岡 A館,electronic,female,同行,さとう,5.0,,ランダム,2026-09-25 01:01:12,scrape_observed,2026-09-26 00:01:10,,,listing,2,28000,"少人数ランダム配布/2連確約
有効期限内名義
中相場買取可能です。
上乗せで早渡しも検討いたしますのでご提示ください。

複数名義所持のため、同時入場後チケット...",True,,,absent_unknown,2026-09-27 10:50:59,2026-09-27 09:48:30,,,,
ceg2qjtwt5,,key-to-lit-arena-tour-2026-neo-classics,2026-10-04,17:30,マリンメッセ福岡 A館,electronic,female,同行,あ,5.0,,番手,2026-09-25 01:01:12,scrape_observed,2026-09-26 00:01:10,,,listing,2,39000,"2名義中2番手
すり替えなし 該当名義×1 非該当名義×1 下3桁提示可能 初期当選 有効期限内 変ボあり 着ブロ選択なし 
  
・当日会場付近にてお待ち合わ...",True,,,absent_unknown,2026-09-27 10:50:59,2026-09-27 09:48:30,,,,
bl5qz3q3j8,,key-to-lit-arena-tour-2026-neo-classics,2026-10-04,17:30,マリンメッセ福岡 A館,electronic,female,同行,りん,5.0,,同行,2026-09-25 01:01:12,scrape_observed,2026-09-26 00:01:10,,,listing,1,50000,"2連中1枚/初期当選/有効期限内該当名義/重複すり替えなし/同行者登録可/サイチェン可/猪狩担不可

公演当日は当方が指定するお時間に会場付近にて待ち合わせ予定...",True,,,absent_unknown,2026-09-27 10:51:00,2026-09-27 09:48:30,,,,
5jim3mfbtt,,key-to-lit-arena-tour-2026-neo-classics,2026-10-09,18:00,セキスイハイムスーパーアリーナ,electronic,female,同行,k,5.0,,番手,2026-09-25 01:01:12,scrape_observed,2026-09-26 00:01:10,,,listing,1,40000,"2名義中2番手/初期当選/ 該当名義/有効期限内/変更ボタンあり/下3桁提示可能

2名義中2番手同行。同時入場していただき、2連2番手の座席のうち当方が選択し...",True,,,absent_unknown,2026-09-27 10:51:00,2026-09-27 09:48:30,,,,
u2nd8vkfm4,,key-to-lit-arena-tour-2026-neo-classics,2026-10-09,18:00,セキスイハイムスーパーアリーナ,electronic,female,QRコード,みお,5.0,,QR,2026-09-25 01:01:12,scrape_observed,2026-09-26 00:01:10,,,listing,1,55000,"QRごと/初期当選/非該当/有効期限内/下3桁提示可能/本確不可

公演前日にログインに必要な情報をメッセージでお伝えします。入場後は速やかにログアウトし、開演...",True,,,absent_unknown,2026-09-27 10:51:00,2026-09-27 09:48:30,,,,
imm004c77f,,key-to-lit-arena-tour-2026-neo-classics,2026-10-09,18:00,セキスイハイムスーパーアリーナ,electronic,female,同行,♡,4.4,,ランダム,2026-09-25 01:01:12,scrape_observed,2026-09-26 00:01:10,,,listing,2,20000,"ランダム配布を理解している方のみご購入ください。

複数名義所持しているため、同時入場後は発券したチケットを一度回収させて頂き、座席はこちらで選ばせて頂きます。...",True,,,absent_unknown,2026-09-27 10:51:00,2026-09-27 09:48:30,,,,
v6bnxs0yyp,,key-to-lit-arena-tour-2026-neo-classics,2026-10-09,18:00,セキスイハイムスーパーアリーナ,electronic,female,同行,い,5.0,,同行,2026-09-25 01:01:12,scrape_observed,2026-09-26 00:01:10,,,listing,1,50000,"初期当選/該当名義/有効期限内/重複すり替えなし/同行者登録可/プラベル可

公演当日は開場15分前頃を目安に会場付近にて待ち合わせ予定です。時間厳守でお願いい...",True,,,absent_unknown,2026-09-27 10:51:01,2026-09-27 09:48:30,,,,
210dtyx8l0,,key-to-lit-arena-tour-2026-neo-classics,2026-10-09,18:00,セキスイハイムスーパーアリーナ,electronic,female,公演前日にログイン情報共有,m,5.0,,QR,2026-09-25 01:01:12,scrape_observed,2026-09-26 00:01:10,,,listing,2,77000,"QR毎/初期当選/非該当名義/有効期限内/下3桁提示可

公演前日にログインに必要な情報をお伝えします。入場後はすみやかにログアウトし、開演までに受け取り評価を...",True,,,absent_unknown,2026-09-27 10:51:01,2026-09-27 09:48:30,,,,
l4w3msu68e,,key-to-lit-arena-tour-2026-neo-classics,2026-10-09,18:00,セキスイハイムスーパーアリーナ,paper,female,入金確認後3日以内に郵送,M,5.0,,ランダム記載あり,2026-09-25 01:01:12,scrape_observed,2026-09-26 00:01:10,,,listing,1,20000,"一般注釈付きチケット 紙チケ
メッセージ後、プライベート出品に切り替えますのでご連絡ください。

チケットを受け取り次第、速やかに受け取り連絡をお願いします。...",True,,,absent_unknown,2026-09-27 10:51:02,2026-09-27 09:48:30,,,,
4tu07flifv,,key-to-lit-arena-tour-2026-neo-classics,2026-10-09,18:00,セキスイハイムスーパーアリーナ,electronic,female,公演前日にQRコード共有,tara,5.0,,QR,2026-09-25 01:01:12,scrape_observed,2026-09-26 00:01:10,,,listing,2,65000,"QRごと/初期当選/該当名義/変ボあり/有効期限内/下3桁提示可能/本確不可

公演前日にログインに必要な情報をメッセージでお伝えします。入場後は速やかにログア...",True,,,absent_unknown,2026-09-27 10:51:02,2026-09-27 09:48:30,,,,
h6mebh6t21,,key-to-lit-arena-tour-2026-neo-classics,2026-10-09,18:00,セキスイハイムスーパーアリーナ,electronic,female,同行,♡,4.4,,ランダム,2026-09-25 01:01:12,scrape_observed,2026-09-26 00:01:10,,,listing,1,12000,"ランダム配布を理解している方のみご購入ください。

複数名義所持しているため、同時入場後は発券したチケットを一度回収させて頂き、座席はこちらで選ばせて頂きます。...",True,,,absent_unknown,2026-09-27 10:51:03,2026-09-27 09:48:30,,,,
afz7rh33ku,,key-to-lit-arena-tour-2026-neo-classics,2026-10-09,18:00,セキスイハイムスーパーアリーナ,electronic,female,公演前日QRコード共有,♡,5.0,,QR,2026-09-25 01:01:12,scrape_observed,2026-09-26 00:01:10,,,listing,2,60000,"QR毎 初期当選 非該当 すり替えなし 下3桁提示可
公演中止以外での返金は致しかねます。ご了承ください。公演中止の場合は、手数料を差し引いたを金額を返金させて...",True,,,absent_unknown,2026-09-27 10:51:03,2026-09-27 09:48:30,,,,
idc411hpq3,,key-to-lit-arena-tour-2026-neo-classics,2026-10-09,18:00,セキスイハイムスーパーアリーナ,electronic,female,公演日前日にQRコード共有,k,5.0,,QR,2026-09-25 01:01:12,scrape_observed,2026-09-26 00:01:10,,,listing,2,55000,"QRごと/非該当/復活当選/変ボなし/有効期限内

公演日前日にログインに必要な情報をメッセージでお伝えします。入場後は速やかにログアウトし、開演までに受け取り...",True,,,absent_unknown,2026-09-27 10:51:03,2026-09-27 09:48:30,,,,
4eayyebq1w,,key-to-lit-arena-tour-2026-neo-classics,2026-10-09,18:00,セキスイハイムスーパーアリーナ,electronic,female,同行,M,5.0,,同行番手,2026-09-25 01:01:12,scrape_observed,2026-09-26 00:01:10,,,listing,2,25000,"2名義中2番手
FC該当2連または一般注釈付2連どちらかのチケットをお渡しします

FC当選分は2連初期当選/該当名義(変更ボタンあり)/有効期限内/過去エラー...",True,,,absent_unknown,2026-09-27 10:51:03,2026-09-27 09:48:30,,,,
gygmm7i0ex,,key-to-lit-arena-tour-2026-neo-classics,2026-10-09,18:00,セキスイハイムスーパーアリーナ,electronic,none,ランダム配布,r,5.0,,ランダム,2026-09-25 01:01:12,scrape_observed,2026-09-26 00:01:10,,,listing,1,12000,"複数名義所持しているため、同時入場後に1度チケットを回収させていただき、当方が座席選択後にランダムに配布します。

チケットの選択にお時間をいただきますのであら...",True,,,absent_unknown,2026-09-27 10:51:04,2026-09-27 09:48:30,,,,
tlor9zvhvu,,key-to-lit-arena-tour-2026-neo-classics,2026-10-09,18:00,セキスイハイムスーパーアリーナ,electronic,female,公演前日QRコード共有,H,5.0,,ランダム記載あり,2026-09-25 01:01:12,scrape_observed,2026-09-26 00:01:10,,,listing,2,80000,"初期当選/QR毎/重複なし/有効期限内名義/ファンクラブ先行/下3桁提示可

・主催者側からの公演中止の場合のみ規約に基づき、手数料を差し引いた金額を返させてい...",True,,,absent_unknown,2026-09-27 10:51:04,2026-09-27 09:48:30,,,,
0eborv0yds,,key-to-lit-arena-tour-2026-neo-classics,2026-10-09,18:00,セキスイハイムスーパーアリーナ,electronic,female,同行,あ,5.0,,番手,2026-09-25 01:01:12,scrape_observed,2026-09-26 00:01:10,,,listing,2,40000,"2名義中2番手
すり替えなし 該当名義 下3桁提示可能 初期当選 有効期限内 変ボあり 着ブロ選択なし 
  
・当日会場付近にてお待ち合わせし、同時入場お願い...",True,,,absent_unknown,2026-09-27 10:51:05,2026-09-27 09:48:30,,,,
tjfad6h277,,key-to-lit-arena-tour-2026-neo-classics,2026-10-09,18:00,セキスイハイムスーパーアリーナ,electronic,female,同行,すいみん,5.0,,番手,2026-09-25 01:01:12,scrape_observed,2026-09-26 00:01:10,,,listing,1,55000,"すり替えなし4名義中2番手1枚（※座席選択権あり。詳細※1）
プラベル変更いたしますのでコメントお願いいたします。
一部手渡しや即決（記載額）以下可能。
・公演...",True,,,absent_unknown,2026-09-27 10:51:05,2026-09-27 09:48:30,,,,
4c7p2yvy1x,,key-to-lit-arena-tour-2026-neo-classics,2026-10-09,18:00,セキスイハイムスーパーアリーナ,electronic,female,同時入場,つ,5.0,,番手,2026-09-25 01:01:12,scrape_observed,2026-09-26 00:01:10,,,listing,2,35000,"2名義中2番手/初期当選/ 該当名義/有効期限内/変更ボタンあり/下3桁提示可能

2名義中2番手 同時入場していただき、2名義中当方が選択しなかった座席をお渡...",True,,,absent_unknown,2026-09-27 10:51:05,2026-09-27 09:48:30,,,,
csrcdrmy3v,,key-to-lit-arena-tour-2026-neo-classics,2026-10-09,18:00,セキスイハイムスーパーアリーナ,electronic,female,公演日7日前までにQRコード共有,ゆ,5.0,,番手,2026-09-25 01:01:12,scrape_observed,2026-09-26 00:01:10,,,listing,2,48000,"★2名義中の2番手

情報局先行/座席未定/初期当選/2名義中の2番手/該当名義/変更ボタンあり/着ブロなし/有効期限内/下3桁提示可能/同一メアドなし/重複な...",True,,,absent_unknown,2026-09-27 10:51:05,2026-09-27 09:48:30,,,,
ip06vzg7y4,,key-to-lit-arena-tour-2026-neo-classics,2026-10-09,18:00,セキスイハイムスーパーアリーナ,electronic,female,3名義中2番手,ゆ,5.0,,番手,2026-09-25 01:01:12,scrape_observed,2026-09-26 00:01:10,,,listing,2,50000,"🌟プラベ出品しますので購入の際はコメントお願い致します🌟
3名義中2番手/初期当選/該当×2 非該当×1/有効期限内/すり替えなし/下3桁提示可/座席未定/...",True,,,absent_unknown,2026-09-27 10:51:06,2026-09-27 09:48:30,,,,
63bt267qda,,key-to-lit-arena-tour-2026-neo-classics,2026-10-09,18:00,セキスイハイムスーパーアリーナ,electronic,female,同行,かんぺき,5.0,,ランダム記載あり,2026-09-25 01:01:12,scrape_observed,2026-09-26 00:01:10,,,listing,2,34000,"FC初期当選/3名義中3番手/下3桁提示可/有効期限内/着ブロ無し/すり替え無し

当日は、指定の集合場所に集合して頂き同時入場致します。入場後一度全てのチケッ...",True,,,absent_unknown,2026-09-27 10:51:06,2026-09-27 09:48:30,,,,
s1iwq03c5g,,key-to-lit-arena-tour-2026-neo-classics,2026-10-09,18:00,セキスイハイムスーパーアリーナ,electronic,female,同行,り,5.0,,QR同行,2026-09-25 01:01:12,scrape_observed,2026-09-26 00:01:10,,,listing,1,44000,"2連中1枚同行
情報局先行/初期当選/該当名義/有効期限内/すり替えなし/会員番号下3桁提示可
(決済方法PayPay)

・日本語の通じる方のみご購入ください...",True,,,absent_unknown,2026-09-27 10:51:07,2026-09-27 09:48:30,,,,
4kjxzmxsyx,,key-to-lit-arena-tour-2026-neo-classics,2026-10-09,18:00,セキスイハイムスーパーアリーナ,electronic,female,公演当日までにQRコード共有,♡,4.4,,QR,2026-09-25 01:01:12,scrape_observed,2026-09-26 00:01:10,,,listing,2,45000,"情報局先行 初期当選  KEY TO LIT名義 変更ボタンあり   QRごとのお譲り サイチェン可能 下3桁開示可能  条件無し  座席未定

復活当選、制作...",True,,,absent_unknown,2026-09-27 10:51:07,2026-09-27 09:48:30,,,,
9i1e3pwitc,,key-to-lit-arena-tour-2026-neo-classics,2026-10-09,18:00,セキスイハイムスーパーアリーナ,electronic,female,同行,いか,5.0,,QR同行,2026-09-25 01:01:12,scrape_observed,2026-09-26 00:01:10,,,listing,1,45500,"2連中1枚　当方と同行
【購入の際は担当、ご年齢明記の上、コメントお願いします。】

初期当選/該当名義/変ボあり/重複すり替えなし/下3桁提示可/期限内/サイ...",True,,,absent_unknown,2026-09-27 10:51:07,2026-09-27 09:48:30,,,,
jetbmbc9r1,,key-to-lit-arena-tour-2026-neo-classics,2026-10-09,18:00,セキスイハイムスーパーアリーナ,electronic,female,同行,r,4.8,,ランダム,2026-09-25 01:01:12,scrape_observed,2026-09-26 00:01:10,,,listing,1,12000,"座席未定 ランダム配布 条件あり 座席選択不可 代理購入不可 
 ランダム配布になりますので最後までご一読のうえご理解いただけた方のみご購入下さい。

・複数名...",True,,,absent_unknown,2026-09-27 10:51:07,2026-09-27 09:48:30,,,,
qpzi40brke,,key-to-lit-arena-tour-2026-neo-classics,2026-10-09,18:00,セキスイハイムスーパーアリーナ,electronic,female,3名義中3番手,ゆ,5.0,,番手,2026-09-25 01:01:12,scrape_observed,2026-09-26 00:01:10,,,listing,2,40000,"🌟プラベ出品しますので購入の際はコメントお願い致します🌟
3名義中3番手/初期当選/該当×2 非該当×1/有効期限内/すり替えなし/下3桁提示可/座席未定/...",True,,,absent_unknown,2026-09-27 10:51:08,2026-09-27 09:48:30,,,,
smm76j12to,,key-to-lit-arena-tour-2026-neo-classics,2026-10-09,18:00,セキスイハイムスーパーアリーナ,electronic,female,同行,mp,5.0,,ランダム同行,2026-09-25 01:01:12,scrape_observed,2026-09-26 00:01:10,,,listing,1,15000,"同行入場、すり替えあり。2名での入場です。
持ち逃げ防止のため、入場時に身分証原本もしくはお使いのスマホ端末を預からせていただきます。
入場後にチケットと交換で...",True,,,absent_unknown,2026-09-27 10:51:08,2026-09-27 09:48:30,,,,
63xj7ygx01,,key-to-lit-arena-tour-2026-neo-classics,2026-10-09,18:00,セキスイハイムスーパーアリーナ,electronic,female,同行,K,5.0,,同行番手,2026-09-25 01:01:12,scrape_observed,2026-09-26 00:01:10,,,listing,2,45000,"すり替えなし2名義中2番手2枚
該当(変更ボタンあり)/初期当選/有効期限内

⭐︎開場時間に会場付近にて待合せ予定となります
⭐︎プラベルまたはプライベート出...",True,,,absent_unknown,2026-09-27 10:51:09,2026-09-27 09:48:30,,,,
byuhhgnnxw,,key-to-lit-arena-tour-2026-neo-classics,2026-10-09,18:00,セキスイハイムスーパーアリーナ,electronic,female,同行,31,5.0,,同行記載あり,2026-09-25 01:01:12,scrape_observed,2026-09-26 00:01:10,,,listing,1,38000,"重複なし同行（井上担不可）/初期/非該当/期限内/下3桁提示可/本確不可/日本人女性のみ/代理購入不可

当日は当方が指定した場所・時間に集合し同時入場して頂き...",True,,,absent_unknown,2026-09-27 10:51:09,2026-09-27 09:48:30,,,,
hcypklgjvx,,key-to-lit-arena-tour-2026-neo-classics,2026-10-09,18:00,セキスイハイムスーパーアリーナ,electronic,female,少数ランダム,も,5.0,,ランダム,2026-09-25 01:01:12,scrape_observed,2026-09-26 00:01:10,,,listing,2,20000,"💓プラベル対応可能です💓
🌟ランダム🌟必ずランダム配布に理解がある方のみご購入ください。
🌟中相場での買取可🌟
日本語のわかる日本人女性のみご購入く...",True,,,absent_unknown,2026-09-27 10:51:09,2026-09-27 09:48:30,,,,
v6pqye2z4g,,key-to-lit-arena-tour-2026-neo-classics,2026-10-10,12:30,セキスイハイムスーパーアリーナ,electronic,female,ランダム,m,5.0,,同行記載あり,2026-09-25 01:01:12,scrape_observed,2026-09-26 00:01:10,,,listing,1,13000,"当方が座席を選択した後、残ったチケットをランダムでお渡し致します。
ご購入様にお席をお選び頂くことはできません。

発券後、一度チケットを全て回収させていただき...",True,,,absent_unknown,2026-09-27 10:51:09,2026-09-27 09:48:30,,,,
lf7vr73bdu,,key-to-lit-arena-tour-2026-neo-classics,2026-10-10,12:30,セキスイハイムスーパーアリーナ,electronic,female,同行,♡,4.4,,ランダム,2026-09-25 01:01:12,scrape_observed,2026-09-26 00:01:10,,,listing,2,30000,"ランダム配布を理解している方のみご購入ください。

複数名義所持しているため、同時入場後は発券したチケットを一度回収させて頂き、座席はこちらで選ばせて頂きます。...",True,,,absent_unknown,2026-09-27 10:51:10,2026-09-27 09:48:30,,,,
bfcrg1xiam,,key-to-lit-arena-tour-2026-neo-classics,2026-10-10,12:30,セキスイハイムスーパーアリーナ,electronic,female,ランダム,m,5.0,,ランダム,2026-09-25 01:01:12,scrape_observed,2026-09-26 00:01:10,,,listing,2,28000,"当方が座席を選択した後、残ったチケットをランダムでお渡し致します。
ご購入様にお席をお選び頂くことはできません。

発券後、一度チケットを全て回収させていただき...",True,,,absent_unknown,2026-09-27 10:51:10,2026-09-27 09:48:30,,,,
qdef9h0275,,key-to-lit-arena-tour-2026-neo-classics,2026-10-10,12:30,セキスイハイムスーパーアリーナ,paper,female,入金後24時間以内に郵送,M,5.0,,,2026-09-25 01:01:12,scrape_observed,2026-09-26 00:01:10,,,listing,2,35000,"一般発売　注釈指定席
2名券
追跡ありで郵送させて頂きます。",True,,,absent_unknown,2026-09-27 10:51:11,2026-09-27 09:48:30,,,,
vhha7zy0m0,,key-to-lit-arena-tour-2026-neo-classics,2026-10-10,12:30,セキスイハイムスーパーアリーナ,electronic,female,公演前日までにログイン情報共有,🌷,5.0,,QR,2026-09-25 01:01:12,scrape_observed,2026-09-26 00:01:10,,,listing,2,70000,"初期当選/該当名義/同行者登録可/下3桁提示可/サイチェン不可

入場後は速やかにログアウトをお願いします。本人確認やランダムエラー等いかなる場合も返金対応はい...",True,,,absent_unknown,2026-09-27 10:51:11,2026-09-27 09:48:30,,,,
bqqiq5szu9,,key-to-lit-arena-tour-2026-neo-classics,2026-10-10,12:30,セキスイハイムスーパーアリーナ,electronic,female,同行,ぱん,5.0,,番手,2026-09-25 01:01:12,scrape_observed,2026-09-26 00:01:10,,,listing,2,55000,"4名義中3番手/全て該当名義/初期当選/有効期限内/すり替えなし/下3桁提示可/着ブロ希望なし/座席未定

4名義中3番手


公演当日は当方が指定する場所、時...",True,,,absent_unknown,2026-09-27 10:51:11,2026-09-27 09:48:30,,,,
8aox7hn4au,,key-to-lit-arena-tour-2026-neo-classics,2026-10-10,12:30,セキスイハイムスーパーアリーナ,electronic,female,少人数ランダム,mp,5.0,,ランダム,2026-09-25 01:01:12,scrape_observed,2026-09-26 00:01:10,,,listing,2,20000,"同行入場、すり替えあり。4名での入場です。
持ち逃げ防止のため、入場時に身分証原本もしくはお使いのスマホ端末を預からせていただきます。
入場後にチケットと交換で...",True,,,absent_unknown,2026-09-27 10:51:12,2026-09-27 09:48:30,,,,
8jpkfl9na6,,key-to-lit-arena-tour-2026-neo-classics,2026-10-10,12:30,セキスイハイムスーパーアリーナ,electronic,female,同行,R,5.0,,番手,2026-09-25 01:01:12,scrape_observed,2026-09-26 00:01:10,,,listing,2,65000,"3名義中2番手/全て初期当選/該当名義/変更ボタンあり

当日は開場の20分前までには会場付近に到着しているようお願いいたします。

入場後は一度解散し確認後に...",True,,,absent_unknown,2026-09-27 10:51:12,2026-09-27 09:48:30,,,,
ksna9zwkcp,,key-to-lit-arena-tour-2026-neo-classics,2026-10-10,12:30,セキスイハイムスーパーアリーナ,electronic,female,2名義中2番手,え,5.0,,番手,2026-09-25 01:01:12,scrape_observed,2026-09-26 00:01:10,,,listing,2,50000,"⭐️2名義中2番手⭐️ / 初期当選 / 該当名義 / 有効期限内 / すり替えなし / 下3桁提示可

公演当日は開場時間の30～40分前頃を目安にこちらが指...",True,,,absent_unknown,2026-09-27 10:51:12,2026-09-27 09:48:30,,,,
hc5fdhuuyo,,key-to-lit-arena-tour-2026-neo-classics,2026-10-10,12:30,セキスイハイムスーパーアリーナ,electronic,female,【条件あり】当日手渡し/座席未定/ランダム配布/有効会員,T,4.9,,同行ランダム,2026-09-25 01:01:12,scrape_observed,2026-09-26 00:01:10,,,listing,1,12000,"《開場30分前集合予定》

※レビュー(評価4.8以上)ある方のみ申請下さい。
※購入時のコメント不要です。
★購入後に当日連絡のつくお電話番号と氏名(苗字)を...",True,,,absent_unknown,2026-09-27 10:51:13,2026-09-27 09:48:30,,,,
0rmkqiu29w,,key-to-lit-arena-tour-2026-neo-classics,2026-10-10,12:30,セキスイハイムスーパーアリーナ,electronic,female,同行,ぱん,5.0,,番手,2026-09-25 01:01:12,scrape_observed,2026-09-26 00:01:10,,,listing,2,70000,"4名義中2番手/全て該当名義/初期当選/有効期限内/すり替えなし/下3桁提示可/着ブロ希望なし/座席未定

4名義中2番手


公演当日は当方が指定する場所、時...",True,,,absent_unknown,2026-09-27 10:51:13,2026-09-27 09:48:30,,,,
llute99xan,,key-to-lit-arena-tour-2026-neo-classics,2026-10-10,12:30,セキスイハイムスーパーアリーナ,electronic,female,同行,♡,4.4,,ランダム,2026-09-25 01:01:12,scrape_observed,2026-09-26 00:01:10,,,listing,2,33000,"ランダム配布を理解している方のみご購入ください。

複数名義所持しているため、同時入場後は発券したチケットを一度回収させて頂き、座席はこちらで選ばせて頂きます。...",True,,,absent_unknown,2026-09-27 10:51:13,2026-09-27 09:48:30,,,,
e47ciih7vc,,key-to-lit-arena-tour-2026-neo-classics,2026-10-10,12:30,セキスイハイムスーパーアリーナ,electronic,female,同行,しお,5.0,,ランダム,2026-09-25 01:01:12,scrape_observed,2026-09-26 00:01:10,,,listing,1,15000,"返金保証⚠︎入場時ランダムエラーで入場ができなかった場合は掲載額から定価手数料を引いた全額返金いたします。

発券後半券を一度お預かりいたします。
お渡しできる...",True,,,absent_unknown,2026-09-27 10:51:14,2026-09-27 09:48:30,,,,
xz7hb62pdw,,key-to-lit-arena-tour-2026-neo-classics,2026-10-10,12:30,セキスイハイムスーパーアリーナ,electronic,female,同行,R,5.0,,番手,2026-09-25 01:01:12,scrape_observed,2026-09-26 00:01:10,,,listing,2,60000,"3名義中3番手/全て初期当選/該当名義/変更ボタンあり

当日は開場の20分前までには会場付近に到着しているようお願いいたします。

入場後は一度解散し確認後に...",True,,,absent_unknown,2026-09-27 10:51:14,2026-09-27 09:48:30,,,,
yoxr9wugaj,,key-to-lit-arena-tour-2026-neo-classics,2026-10-10,12:30,セキスイハイムスーパーアリーナ,electronic,female,同行,も,5.0,,同行,2026-09-25 01:01:12,scrape_observed,2026-09-26 00:01:10,,,listing,1,70000,"
重複無し2連中の一枚

当方と同行
初期当選/有効期限内／下3桁提示可能


集合は開場10分前頃予定しておりますので時間厳守でお願致します。

万が一着ブロ...",True,,,absent_unknown,2026-09-27 10:51:14,2026-09-27 09:48:30,,,,
udccnsqlki,,key-to-lit-arena-tour-2026-neo-classics,2026-10-10,12:30,セキスイハイムスーパーアリーナ,electronic,female,同行,T,5.0,,同行番手,2026-09-25 01:01:12,scrape_observed,2026-09-26 00:01:10,,,listing,1,45000,"2名義中2番手同行
初期当選/該当名義/有効期限内/変更ボタン有/すり替えなし/下３桁提示可

購入申請される際に担当明記をお願いいたします。

指定したお時間...",True,,,absent_unknown,2026-09-27 10:51:15,2026-09-27 09:48:30,,,,
ww39420ypr,,key-to-lit-arena-tour-2026-neo-classics,2026-10-10,12:30,セキスイハイムスーパーアリーナ,electronic,female,同行,ほ,5.0,,同行記載あり,2026-09-25 01:01:12,scrape_observed,2026-09-26 00:01:10,,,listing,1,65000,"初期当選｜重複すり替えなし｜同行｜有効期限内名義｜会員番号下3桁提示可

・開場時間頃に集合予定です。
・当方(佐々木担)の同行になります。
・連番内の座席はこ...",True,,,absent_unknown,2026-09-27 10:51:15,2026-09-27 09:48:30,,,,
jbytqdmbm9,,key-to-lit-arena-tour-2026-neo-classics,2026-10-10,12:30,セキスイハイムスーパーアリーナ,electronic,female,入金後24時間以内にQRコード共有,어,5.0,,QR,2026-09-25 01:01:12,scrape_observed,2026-09-26 00:01:10,,,listing,2,50000,"情報局先行 中村嶺亜名義(変更ボタン有り) 
初期当選 有効期限内コンビニ決済 
重複すり替えなし 同行者登録可
入金後下3桁提示可 着ブロなし
郵送物戻り 過...",True,,,absent_unknown,2026-09-27 10:51:15,2026-09-27 09:48:30,,,,
kx3ltt2sg6,,key-to-lit-arena-tour-2026-neo-classics,2026-10-10,12:30,セキスイハイムスーパーアリーナ,electronic,female,ランダム配布,ぴか,5.0,,ランダム,2026-09-25 01:01:12,scrape_observed,2026-09-26 00:01:10,,,listing,1,12000,"プライベート出品致します。
ご連絡下さい。
日本語が通じる方のみ。

公演当日、開場30分前(11時半開場の場合11時)に会場にてお待ち合わせをお願い致します。...",True,,,absent_unknown,2026-09-27 10:51:16,2026-09-27 09:48:30,,,,
skojv08q7u,,key-to-lit-arena-tour-2026-neo-classics,2026-10-10,12:30,セキスイハイムスーパーアリーナ,electronic,female,同行,れ,5.0,,番手,2026-09-25 01:01:12,scrape_observed,2026-09-26 00:01:10,,,listing,2,55000,"FC先行/初期当選/すり替えなし/期限内/4名義中3番手/下3桁提示可

プラベル出品に切り替えます。
プラベル分からない方ご遠慮ください
公演当日は会場付近に...",True,,,absent_unknown,2026-09-27 10:51:16,2026-09-27 09:48:30,,,,
f8aafk9sla,,key-to-lit-arena-tour-2026-neo-classics,2026-10-10,12:30,セキスイハイムスーパーアリーナ,electronic,female,同行,s,5.0,,同行,2026-09-25 01:01:12,scrape_observed,2026-09-26 00:01:10,,,listing,1,68000,"2連中1枚、重複すり替えなし、該当名義、初期当選、有効期限内、変更ボタンあり、下三桁開示可、着ブロ希望なし

開場10分前待ち合わせを予定しています。入場後、連...",True,,,absent_unknown,2026-09-27 10:51:16,2026-09-27 09:48:30,,,,
ojiihwghyb,,key-to-lit-arena-tour-2026-neo-classics,2026-10-10,17:30,セキスイハイムスーパーアリーナ,electronic,female,同行,ず,5.0,,ランダム,2026-09-25 01:01:12,scrape_observed,2026-09-25 14:01:13,,,listing,1,15900,"【ランダム配布】エラー時全額返金
・複数名義所持しております。同時入場後、こちらでチケットを選んだ後にランダムでお渡しします。落札者様は座席を選ぶことはできませ...",True,,,absent_unverified,,2026-09-27 09:48:30,,,,
p0omqbb0fq,,key-to-lit-arena-tour-2026-neo-classics,2026-10-10,17:30,セキスイハイムスーパーアリーナ,electronic,female,少人数ランダム,み,5.0,,ランダム記載あり,2026-09-25 01:01:12,scrape_observed,2026-09-26 00:01:10,,,listing,1,26500,"少人数ランダム配布/開演5-10分までにお渡し

入場後、一度チケットを回収し座席確認後、指定の時間になり次第チケットをお渡しいたします。座席のクレーム等は受け...",True,,,absent_unknown,2026-09-27 10:51:17,2026-09-27 09:48:30,,,,
nwdfhiq1ry,,key-to-lit-arena-tour-2026-neo-classics,2026-10-10,17:30,セキスイハイムスーパーアリーナ,electronic,female,同行,ぴ,5.0,,同行,2026-09-25 01:01:12,scrape_observed,2026-09-26 00:01:10,,,listing,1,55000,"非該当/期間内/初期当選/当方との同行
当日開場10〜20分前にこちらが指定する場所に集合し同時入場となります。
連番内での座席指定はできかねます。",True,,,absent_unknown,2026-09-27 10:51:17,2026-09-27 09:48:30,,,,
2l3r3tjvy8,,key-to-lit-arena-tour-2026-neo-classics,2026-10-10,17:30,セキスイハイムスーパーアリーナ,electronic,none,ランダム配布,r,5.0,,ランダム,2026-09-25 01:01:12,scrape_observed,2026-09-26 00:01:10,,,listing,2,27000,"複数名義所持しているため、同時入場後に1度チケットを回収させていただき、当方が座席選択後にランダムに配布します。

チケットの選択にお時間をいただきますのであら...",True,,,absent_unknown,2026-09-27 10:51:17,2026-09-27 09:48:30,,,,
zgbsyley62,,key-to-lit-arena-tour-2026-neo-classics,2026-10-10,17:30,セキスイハイムスーパーアリーナ,electronic,female,番手,ゆ,5.0,,番手,2026-09-25 01:01:12,scrape_observed,2026-09-26 00:01:10,,,listing,2,55000,"2名義中2番手／該当名義のみ/初期当選/有効期限内/変更ボタン有り/すり替えなし/下3桁提示可

・公演当日、開演約1時間前を目処に会場付近で待ち合わせします。...",True,,,absent_unknown,2026-09-27 10:51:18,2026-09-27 09:48:30,,,,
ite9tewieg,,key-to-lit-arena-tour-2026-neo-classics,2026-10-10,17:30,セキスイハイムスーパーアリーナ,electronic,female,同行,れ,5.0,,番手,2026-09-25 01:01:12,scrape_observed,2026-09-26 00:01:10,,,listing,2,65000,"FC先行/初期当選/すり替えなし/期限内/6名義中4番手/下3桁提示可/全て該当名義

プラベル出品に切り替えます。
プラベル分からない方はご遠慮ください。その...",True,,,absent_unknown,2026-09-27 10:51:18,2026-09-27 09:48:30,,,,
rhwdsqg8re,,key-to-lit-arena-tour-2026-neo-classics,2026-10-10,17:30,セキスイハイムスーパーアリーナ,electronic,female,同行,M,5.0,,番手同行,2026-09-25 01:01:12,scrape_observed,2026-09-26 00:01:10,,,listing,2,65000,"2名義中2番手
2連初期当選/該当名義(変更ボタンあり)/有効期限内/過去エラー等不備無し/着ブロ希望無し/下3桁提示可/前ツアー座席は新潟①アリーナ後方②仮設...",True,,,absent_unknown,2026-09-27 10:51:18,2026-09-27 09:48:30,,,,
sdomu27zws,,key-to-lit-arena-tour-2026-neo-classics,2026-10-10,17:30,セキスイハイムスーパーアリーナ,electronic,female,同行,pom,5.0,,番手,2026-09-25 01:01:12,scrape_observed,2026-09-26 00:01:10,,,listing,2,72000,"3名義中2番手/情報局先行座席未定/全て初期当選/全て該当名義/すり替えなし/有効期間内/変更ボタンあり/下3桁提示可/着ブロ指定ではありません

会場付近にて...",True,,,absent_unknown,2026-09-27 10:51:19,2026-09-27 09:48:30,,,,
8s09gf7wpd,,key-to-lit-arena-tour-2026-neo-classics,2026-10-10,17:30,セキスイハイムスーパーアリーナ,electronic,female,同時入場,TA,5.0,,ランダム,2026-09-25 01:01:12,scrape_observed,2026-09-26 00:01:10,,,listing,1,16300,"ランダム配布 同時入場 立見なし 全て指定席 有効会員
ランダム配布をご理解している方のみご購入ください。
男性の方、日本語か話せる外国人の方も購入できます。...",True,,,absent_unknown,2026-09-27 10:51:19,2026-09-27 09:48:30,,,,
fiiyowy75b,,key-to-lit-arena-tour-2026-neo-classics,2026-10-10,17:30,セキスイハイムスーパーアリーナ,electronic,female,同行,T,5.0,,番手,2026-09-25 01:01:12,scrape_observed,2026-09-26 00:01:10,,,listing,2,60000,"5名義中3番手
初期当選/該当名義/有効期限内/変更ボタン有/すり替えなし/下３桁提示可

指定したお時間に集合し、同時入場をしていただきます。遅刻された場合は...",True,,,absent_unknown,2026-09-27 10:51:19,2026-09-27 09:48:30,,,,
pbh67snprc,,key-to-lit-arena-tour-2026-neo-classics,2026-10-10,17:30,セキスイハイムスーパーアリーナ,electronic,female,当日,おゆ,5.0,,番手,2026-09-25 01:01:12,scrape_observed,2026-09-26 00:01:10,,,listing,1,46000,"2名義中2番手の同行
他の方からのお譲りして頂いているチケットになります。
全て該当名義、すり替えなし、下3桁提示可能
座席選択権はございませんのでご了承くださ...",True,,,absent_unknown,2026-09-27 10:51:20,2026-09-27 09:48:30,,,,
2a5di7nk80,,key-to-lit-arena-tour-2026-neo-classics,2026-10-10,17:30,セキスイハイムスーパーアリーナ,electronic,female,【条件あり】当日手渡し/座席未定/ランダム配布/有効会員,T,4.9,,同行ランダム,2026-09-25 01:01:12,scrape_observed,2026-09-26 00:01:10,,,listing,1,15000,"《開場30分前集合予定》

※レビュー(評価4.8以上)ある方のみ申請下さい。
※購入時のコメント不要です。
★購入後に当日連絡のつくお電話番号と氏名(苗字)を...",True,,,absent_unknown,2026-09-27 10:51:20,2026-09-27 09:48:30,,,,
xc1kbzkayy,,key-to-lit-arena-tour-2026-neo-classics,2026-10-10,17:30,セキスイハイムスーパーアリーナ,electronic,female,同行,T,5.0,,番手,2026-09-25 01:01:12,scrape_observed,2026-09-26 00:01:10,,,listing,2,37000,"5名義中5番手
初期当選/該当名義/有効期限内/変更ボタン有/すり替えなし/下３桁提示可

指定したお時間に集合し、同時入場をしていただきます。遅刻された場合は...",True,,,absent_unknown,2026-09-27 10:51:21,2026-09-27 09:48:30,,,,
5vss06q6xd,,key-to-lit-arena-tour-2026-neo-classics,2026-10-10,17:30,セキスイハイムスーパーアリーナ,electronic,female,入金後3時間以内にQRコード共有,ユカ,5.0,,QR,2026-09-25 01:01:12,scrape_observed,2026-09-26 00:01:10,,,listing,2,62000,"情報局先行 KEY TO LIT 井上瑞稀名義 初期当選 指定席 2枚申し込み QRごとのお譲り 条件ございません 座席未定

情報局先行 ２枚申込みでの当選し...",True,,,absent_unknown,2026-09-27 10:51:21,2026-09-27 09:48:30,,,,
47unfcbbmx,,key-to-lit-arena-tour-2026-neo-classics,2026-10-10,17:30,セキスイハイムスーパーアリーナ,electronic,female,同行,取引,5.0,,,2026-09-25 01:01:12,scrape_observed,2026-09-26 00:01:10,,,listing,1,15500,"プライベート出品に変えますのでコメントください。
・指定の場所に集合後、同時入場して頂きます。時間厳守できる方でお願い致します。万が一、遅刻された場合もこちらで...",True,,,absent_unknown,2026-09-27 10:51:21,2026-09-27 09:48:30,,,,
70l6prneg6,,key-to-lit-arena-tour-2026-neo-classics,2026-10-10,17:30,セキスイハイムスーパーアリーナ,electronic,female,同行,ゆ,5.0,,同行,2026-09-25 01:01:12,scrape_observed,2026-09-26 00:01:10,,,listing,1,68000,"初期当選/該当名義/重複すり替えなし/着ブロ指定なし/下3桁提示可能/有効期限内/変更ボタン有/猪狩担不可

2連中1枚当方との同行になります。
連番内のお席は...",True,,,absent_unknown,2026-09-27 10:51:21,2026-09-27 09:48:30,,,,
bnbrb9st2b,,key-to-lit-arena-tour-2026-neo-classics,2026-10-10,17:30,セキスイハイムスーパーアリーナ,electronic,female,同行,K,5.0,,同行番手,2026-09-25 01:01:12,scrape_observed,2026-09-26 00:01:10,,,listing,2,53000,"すり替えなし3名義中3番手1-2枚
該当(変更ボタンあり)/初期当選/有効期限内

⭐︎開場時間に会場付近にて待合せ予定となります
⭐︎プラベルまたはプライベー...",True,,,absent_unknown,2026-09-27 10:51:22,2026-09-27 09:48:30,,,,
7isbnfr1s2,,key-to-lit-arena-tour-2026-neo-classics,2026-10-10,17:30,セキスイハイムスーパーアリーナ,electronic,female,同行,♡,4.4,,ランダム,2026-09-25 01:01:12,scrape_observed,2026-09-26 00:01:10,,,listing,2,30000,"ランダム配布を理解している方のみご購入ください。

複数名義所持しているため、同時入場後は発券したチケットを一度回収させて頂き、座席はこちらで選ばせて頂きます。...",True,,,absent_unknown,2026-09-27 10:51:22,2026-09-27 09:48:30,,,,
7sknzpygl7,,key-to-lit-arena-tour-2026-neo-classics,2026-10-10,17:30,セキスイハイムスーパーアリーナ,electronic,female,同行,K,5.0,,同行番手,2026-09-25 01:01:12,scrape_observed,2026-09-26 00:01:10,,,listing,2,71000,"すり替えなし3名義中2番手1-2枚
該当(変更ボタンあり)/初期当選/有効期限内

⭐︎開場時間に会場付近にて待合せ予定となります
⭐︎プラベルまたはプライベー...",True,,,absent_unknown,2026-09-27 10:51:23,2026-09-27 09:48:30,,,,
t54g5lh00n,,key-to-lit-arena-tour-2026-neo-classics,2026-10-10,17:30,セキスイハイムスーパーアリーナ,electronic,female,同行,れ,5.0,,番手,2026-09-25 01:01:12,scrape_observed,2026-09-26 00:01:10,,,listing,2,50000,"FC先行/初期当選/すり替えなし/期限内/6名義中5番手/下3桁提示可/全て該当名義

プラベル出品に切り替えます。
プラベル分からない方はご遠慮ください。その...",True,,,absent_unknown,2026-09-27 10:51:23,2026-09-27 09:48:30,,,,
cjgh8ahag6,,key-to-lit-arena-tour-2026-neo-classics,2026-10-10,17:30,セキスイハイムスーパーアリーナ,electronic,female,同行,T,5.0,,番手,2026-09-25 01:01:12,scrape_observed,2026-09-26 00:01:10,,,listing,2,70000,"5名義中2番手
初期当選/該当名義/有効期限内/変更ボタン有/すり替えなし/下３桁提示可

指定したお時間に集合し、同時入場をしていただきます。遅刻された場合は...",True,,,absent_unknown,2026-09-27 10:51:23,2026-09-27 09:48:30,,,,
2huwra23dv,,key-to-lit-arena-tour-2026-neo-classics,2026-10-10,17:30,セキスイハイムスーパーアリーナ,electronic,female,同行,T,5.0,,番手,2026-09-25 01:01:12,scrape_observed,2026-09-26 00:01:10,,,listing,2,47000,"5名義中4番手
初期当選/該当名義/有効期限内/変更ボタン有/すり替えなし/下３桁提示可

指定したお時間に集合し、同時入場をしていただきます。遅刻された場合は...",True,,,absent_unknown,2026-09-27 10:51:24,2026-09-27 09:48:30,,,,
45liz8chjs,,key-to-lit-arena-tour-2026-neo-classics,2026-10-03,18:00,マリンメッセ福岡 A館,electronic,female,3名義中2番手,m,5.0,,番手,2026-09-25 02:01:16,scrape_observed,2026-09-26 01:01:13,,,listing,2,40000,"3名義中2番手 / すり替えなし / FC先行初期当選 / 全て入所日該当名義 / 下3桁提示可能 / 有効期限内 / 変更ボタン有り
 
・プライベート出品い...",True,,,absent_unknown,2026-09-27 10:49:12,2026-09-27 09:48:30,,,,
gnsb4ixjpa,,key-to-lit-arena-tour-2026-neo-classics,2026-10-03,18:00,マリンメッセ福岡 A館,electronic,female,番手でのお渡し,tpjm,5.0,,QR番手,2026-09-25 02:01:16,scrape_observed,2026-09-26 01:01:13,,,listing,1,30000,"4名義中4番手（5枚中5枚目）/初期当選、復活当選/有効期限内/すり替えなし/下3桁提示可/着ブロ希望なし/座席未定

公演当日は当方が指定する場所、時間に集合...",True,,,absent_unknown,2026-09-27 10:49:13,2026-09-27 09:48:30,,,,
ib386t3z3t,,key-to-lit-arena-tour-2026-neo-classics,2026-10-03,18:00,マリンメッセ福岡 A館,electronic,female,同行,あ,5.0,,番手,2026-09-25 02:01:16,scrape_observed,2026-09-26 01:01:13,,,listing,2,25000,"4名義中3番手
全て初期当選/下3桁提示可/すり替えなし
プライベート出品に切り替えますのでご希望の方はコメントお願い致します。

他サイトにも出品しているため...",True,,,absent_unknown,2026-09-27 10:49:13,2026-09-27 09:48:30,,,,
i1an4rlscl,,key-to-lit-arena-tour-2026-neo-classics,2026-10-03,18:00,マリンメッセ福岡 A館,electronic,female,同行,aaa,5.0,,番手同行,2026-09-25 02:01:16,scrape_observed,2026-09-26 01:01:13,,,listing,2,30000,"5名義中5番手/FC先行初期当選/該当名義/下3桁提示可能/有効期限内/本確対応不可

【お取引成立後はプライベートモードへ移行させていただくので、ご購入前に必...",True,,,absent_unknown,2026-09-27 10:49:13,2026-09-27 09:48:30,,,,
bbbo6hflo0,,key-to-lit-arena-tour-2026-neo-classics,2026-10-03,18:00,マリンメッセ福岡 A館,electronic,female,同時入場,TA,5.0,,ランダム,2026-09-25 02:01:16,scrape_observed,2026-09-26 01:01:13,,,listing,1,13800,"ランダム配布 同時入場 立見なし 全て指定席 有効会員
ランダム配布をご理解している方のみご購入ください。
男性の方、日本語か話せる外国人の方も購入できます。...",True,,,absent_unknown,2026-09-27 10:49:14,2026-09-27 09:48:30,,,,
znlrwfuycp,,key-to-lit-arena-tour-2026-neo-classics,2026-10-03,18:00,マリンメッセ福岡 A館,electronic,female,入金後3時間以内にQRコード共有,ユカ,5.0,,QR,2026-09-25 02:01:16,scrape_observed,2026-09-26 01:01:13,,,listing,2,47000,"情報局先行 KEY TO LIT 井上瑞稀名義 初期当選 指定席 2枚申し込み QRごとのお譲り 条件ございません 座席未定

情報局先行 ２枚申込みでの当選し...",True,,,absent_unknown,2026-09-27 10:49:14,2026-09-27 09:48:30,,,,
9q7cdvjvbd,,key-to-lit-arena-tour-2026-neo-classics,2026-10-03,18:00,マリンメッセ福岡 A館,electronic,female,同行,取引,5.0,,ランダム,2026-09-25 02:01:16,scrape_observed,2026-09-26 01:01:13,,,listing,1,7000,・指定の場所に集合後、同時入場して頂きます。時間厳守できる方でお願い致します。万が一、遅刻された場合もこちらで先に入場致しますが、その際も受け取り評価して頂きま...,True,,,absent_unknown,2026-09-27 10:49:15,2026-09-27 09:48:30,,,,
c9k9d4lhta,,key-to-lit-arena-tour-2026-neo-classics,2026-10-03,18:00,マリンメッセ福岡 A館,electronic,female,入金後24時間以内にQRコード共有,aaa,5.0,,QR,2026-09-25 02:01:16,scrape_observed,2026-09-26 01:01:13,,,listing,2,65000,"QRごと / すり替え重複なし / FC有効期限内
下3桁提示可 

公演当日、ログインに必要な情報をお伝えします。

公演が中止となった場合のみ、手数料を差し...",True,,,absent_unknown,2026-09-27 10:49:15,2026-09-27 09:48:30,,,,
yelxvkunlu,,key-to-lit-arena-tour-2026-neo-classics,2026-10-03,18:00,マリンメッセ福岡 A館,electronic,female,同行,ひ,5.0,,同行記載あり,2026-09-25 02:01:16,scrape_observed,2026-09-26 01:01:13,,,listing,1,55000,"本人確認対応可/重複すり替えなし/サイチェン可/入場受け取り評価後即解散/初期当選/変ボ有り該当名義 /着ブロ希望なし/有効期限内

当方と同行になります(中村...",True,,,absent_unknown,2026-09-27 10:49:15,2026-09-27 09:48:30,,,,
1xxs5ulxpw,,key-to-lit-arena-tour-2026-neo-classics,2026-10-03,18:00,マリンメッセ福岡 A館,electronic,female,同行,ole,5.0,,,2026-09-25 02:01:16,scrape_observed,2026-09-26 01:01:13,,,listing,1,50000,"初期当選/該当名義/期限内 変更ボタンあり/重複 すり替え無し/下3桁提示可

開場時間に会場周辺集合、同時入場後一旦発券された座席までご移動お願いいたします。...",True,,,absent_unknown,2026-09-27 10:49:15,2026-09-27 09:48:30,,,,
owmhjpj59r,,key-to-lit-arena-tour-2026-neo-classics,2026-10-03,18:00,マリンメッセ福岡 A館,electronic,female,同行,ゆ,5.0,,,2026-09-25 02:01:16,scrape_observed,2026-09-26 01:01:13,,,listing,2,28000,"3名義中3番手/該当2非該当1/過去エラーなし/有効期限内/変更ボタンあり/すり替えなし/下3桁提示可能

当日は会場30分～15分前に会場付近に待ち合わせし、...",True,,,absent_unknown,2026-09-27 10:49:16,2026-09-27 09:48:30,,,,
lmvxsqf4rf,,key-to-lit-arena-tour-2026-neo-classics,2026-10-03,18:00,マリンメッセ福岡 A館,electronic,none,ランダム配布,め,5.0,,ランダム記載あり,2026-09-25 02:01:16,scrape_observed,2026-09-26 01:01:13,,,listing,1,15000,"【1名義のみのランダム配布】
FC枠当選
・同時入場後チケットを一度回収し、こちらでお渡しするチケットを選択した後に再配布させていただきます。
お渡しする座席へ...",True,,,absent_unknown,2026-09-27 10:49:16,2026-09-27 09:48:30,,,,
mah4obfjgx,,key-to-lit-arena-tour-2026-neo-classics,2026-10-03,18:00,マリンメッセ福岡 A館,electronic,female,同行,aaa,5.0,,同行番手,2026-09-25 02:01:16,scrape_observed,2026-09-26 01:01:13,,,listing,2,40000,"5名義中4番手/FC先行初期当選/該当名義/下3桁提示可能/有効期限内/本確対応不可

【お取引成立後はプライベートモードへ移行させていただくので、ご購入前に必...",True,,,absent_unknown,2026-09-27 10:49:17,2026-09-27 09:48:30,,,,
my6sneobhp,,key-to-lit-arena-tour-2026-neo-classics,2026-10-03,18:00,マリンメッセ福岡 A館,electronic,female,公演日前日にログイン情報共有,あ,5.0,,QR,2026-09-25 02:01:16,scrape_observed,2026-09-26 01:01:13,,,listing,2,55000,"QRごと/非該当名義/初期当選/有効期限内/会員番号下3桁提示可能/着ブロ希望なし

同行者登録は買い手様ご自身でお願いします。
名義を傷つける行為はお辞めくだ...",True,,,absent_unknown,2026-09-27 10:49:17,2026-09-27 09:48:30,,,,
udwy4cbobe,,key-to-lit-arena-tour-2026-neo-classics,2026-10-03,18:00,マリンメッセ福岡 A館,electronic,female,同行,s,5.0,,同行,2026-09-25 02:01:16,scrape_observed,2026-09-26 01:01:13,,,listing,1,60000,"2連中1枚同行 
初期当選/該当名義（変更ボタンあり）/有効期限内/下3桁提示可/本確対応可/着ブロ希望なし

開場10分前に会場付近で待ち合わせを予定していま...",True,,,absent_unknown,2026-09-27 10:49:17,2026-09-27 09:48:30,,,,
1iqbbz30av,,key-to-lit-arena-tour-2026-neo-classics,2026-10-03,18:00,マリンメッセ福岡 A館,electronic,female,同行,T,5.0,,同行番手,2026-09-25 02:01:16,scrape_observed,2026-09-26 01:01:13,,,listing,2,45000,"5名義中3番手/初期当選/有効期限内/すり替えなし/下3桁提示可/着ブロ希望なし/座席未定

5名義中3番手

ご購入の方はプラベル出品いたしますのでお声がけ下...",True,,,absent_unknown,2026-09-27 10:49:18,2026-09-27 09:48:30,,,,
galq7t360h,,key-to-lit-arena-tour-2026-neo-classics,2026-10-03,18:00,マリンメッセ福岡 A館,electronic,female,同行,♡,4.4,,番手,2026-09-25 02:01:16,scrape_observed,2026-09-26 00:01:10,,,listing,2,24000,"3名義中3番手

複数名義所持しているため、同時入場後は発券したチケットを一度回収させて頂き、座席はこちらで選ばせて頂きます。

座席はお選びすることはできませ...",True,,,absent_unknown,2026-09-27 10:51:24,2026-09-27 09:48:30,,,,
09mjknn7ks,,key-to-lit-arena-tour-2026-neo-classics,2026-10-03,18:00,マリンメッセ福岡 A館,electronic,female,同行,u.,5.0,,番手,2026-09-25 02:01:16,scrape_observed,2026-09-26 01:01:13,,,listing,2,40000,"


6名義中4番手/初期当選/ボタンあり/該当名義/有効期限内/すり替えなし/同一クレカ支払いなし/本人確認不可/着ブロ希望なし/座席未定/下3桁の提示可/同...",True,,,absent_unknown,2026-09-27 10:49:18,2026-09-27 09:48:30,,,,
4uim0a54cu,,key-to-lit-arena-tour-2026-neo-classics,2026-10-03,18:00,マリンメッセ福岡 A館,electronic,female,2名義中2番手,うさ,5.0,,番手,2026-09-25 02:01:16,scrape_observed,2026-09-26 01:01:13,,,listing,2,35000,"2名義中2番手/初期当選/有効期限内/すり替えなし/下3桁提示可/座席未定

公演当日は当方が指定する場所、時間に集合していただき同時入場となります。

公演中...",True,,,absent_unknown,2026-09-27 10:49:18,2026-09-27 09:48:30,,,,
ws6qnpkodu,,key-to-lit-arena-tour-2026-neo-classics,2026-10-03,18:00,マリンメッセ福岡 A館,electronic,none,当日手渡し,れ,4.8,,ランダム,2026-09-25 02:01:16,scrape_observed,2026-09-26 01:01:13,,,listing,2,15000,"ランダム配布(2連確約,立ち見なし)

【取引にあたり注意事項】
日本語理解できる方、日本の電話番号お持ちの方のみ購入をお願いいたします。

チケット取引につい...",True,,,absent_unknown,2026-09-27 10:49:19,2026-09-27 09:48:30,,,,
8o24fpk9m3,,key-to-lit-arena-tour-2026-neo-classics,2026-10-03,18:00,マリンメッセ福岡 A館,electronic,female,同行,T,5.0,,同行番手,2026-09-25 02:01:16,scrape_observed,2026-09-26 01:01:13,,,listing,2,37000,"5名義中4番手/初期当選/有効期限内/すり替えなし/下3桁提示可/着ブロ希望なし/座席未定

5名義中4番手

ご購入の方はプラベル出品いたしますのでお声がけ下...",True,,,absent_unknown,2026-09-27 10:49:19,2026-09-27 09:48:30,,,,
wq3qy8xokf,,key-to-lit-arena-tour-2026-neo-classics,2026-10-03,18:00,マリンメッセ福岡 A館,electronic,none,ランダム,,,,ランダム,2026-09-25 02:01:16,scrape_observed,2026-09-25 03:01:12,,,listing,2,13000,"ランダム配布です。
当日指定の時間、場所に集合頂き同時入場いたします。複数の方に集合していただく為時間厳守、お時間余裕をもってお越しください。
QRコード表示のため購入者様の端末をお借りする場合がございます。ご協力頂けますと幸いです。
発券後、全てのチケットを回収し、その後こちらからのご連絡をお待ち頂き、チケットをお渡しします。ご購入者様の座席選択不可、またこちらから連絡前の催促はご遠慮ください。開演時間ギリギリでのお渡しになる可能性もございますので、ご了承の上ご購入ください。
念の為当日連絡のつくお電話番号をお伺いすることもございます。
ランダムエラーや本確、公共交通機関の乱れ等いかなる理由でも返金不可、お受け取りいただきます。
全てにご理解、ご了承いただけた方のみご購入ください。
コメントをする（0）
コメント欄はOFFです
出品者への質問はメッセージで行いましょう。
売り切れ
あなたと出品者とのやり取りが表示されます。第三者に閲覧されることはありません。
まだメッセージのやり取りはありません
売り切れ
ホーム
出品
検討中
ひろば
メッセージ
マイページ
このチケットは売り切れました
この出品はすでに購入されています。同じ日程の他のチケットをご覧ください。
同日程のチケットを探す
チケテン！
ライブ中の席交換もできる総合チケットサイト。安全な取引をサポートします。
ホーム
マイページ
お問い合わせ
お知らせ
使い方ガイド
コラム
Magazine
提携メディア
利用規約
プライバシーポリシー
特定商取引法に基づく表記
チケット不正転売禁止法について
手数料
© 2025 Wakuste LLC. All rights reserved.
ホーム
出品
検討中
ひろば
メッセージ
マイページ",True,,,absent_unverified,,2026-09-27 09:48:30,,,,
h46zvau2q4,,key-to-lit-arena-tour-2026-neo-classics,2026-10-03,18:00,マリンメッセ福岡 A館,electronic,female,公演当日QRコード共有,くりた,5.0,,QR,2026-09-25 02:01:16,scrape_observed,2026-09-26 01:01:13,,,listing,2,65000,"QRごと / すり替え重複なし / FC有効期限内
下3桁提示可 / 同行者登録可能

公演当日、ログインに必要な情報をお伝えします。

公演が中止となった場合...",True,,,absent_unknown,2026-09-27 10:49:20,2026-09-27 09:48:30,,,,
9zj3y9xn1y,,key-to-lit-arena-tour-2026-neo-classics,2026-10-03,18:00,マリンメッセ福岡 A館,electronic,female,即渡し,あ,5.0,,番手,2026-09-25 02:01:16,scrape_observed,2026-09-26 01:01:13,,,listing,1,21000,"4名義中4番手
全て初期当選/下3桁提示可/すり替えなし/即渡し

プライベート出品に切り替えますので、ご希望の方はコメントお願い致します。

他サイトにも出品...",True,,,absent_unknown,2026-09-27 10:49:20,2026-09-27 09:48:30,,,,
j9miljln2q,,key-to-lit-arena-tour-2026-neo-classics,2026-10-03,18:00,マリンメッセ福岡 A館,electronic,female,同行,♡,4.4,,ランダム,2026-09-25 02:01:16,scrape_observed,2026-09-26 00:01:10,,,listing,2,13000,"ランダム配布を理解している方のみご購入ください。

複数名義所持しているため、同時入場後は発券したチケットを一度回収させて頂き、座席はこちらで選ばせて頂きます。...",True,,,absent_unknown,2026-09-27 10:51:24,2026-09-27 09:48:30,,,,
otq5t8fmu3,,key-to-lit-arena-tour-2026-neo-classics,2026-10-03,18:00,マリンメッセ福岡 A館,electronic,female,公演日1日前にQRコード共有,しー,5.0,,QR,2026-09-25 02:01:16,scrape_observed,2026-09-26 01:01:13,,,listing,2,50000,QRごと/下3桁提示/有効期限内／同行者登録は買い手様でお願いします。入場後に座席の写メを送って頂ける方。ご購入前にコメントを頂ければ即決に変更させて頂きます。...,True,,,absent_unknown,2026-09-27 10:49:20,2026-09-27 09:48:30,,,,
bt0g0v0zil,,key-to-lit-arena-tour-2026-neo-classics,2026-10-03,18:00,マリンメッセ福岡 A館,paper,female,当日手渡し,取引,5.0,,同行番手,2026-09-25 02:01:16,scrape_observed,2026-09-26 01:01:13,,,listing,2,23000,"★すり替えなし 指定席のみ 2連確約★
全名義入場後約10分以内にお渡しします。プライベート出品に変えますのでコメントください。
・指定の場所に集合後、同時入場...",True,,,absent_unknown,2026-09-27 10:49:20,2026-09-27 09:48:30,,,,
idi2ezyhx0,,key-to-lit-arena-tour-2026-neo-classics,2026-10-03,18:00,マリンメッセ福岡 A館,electronic,female,同行,ゆ,5.0,,番手,2026-09-25 02:01:16,scrape_observed,2026-09-26 01:01:13,,,listing,2,30000,"2名義中2番手
両方とも該当(変ボあり)/初期当選/下3桁提示可/有効会員

開場時間の10分前までに会場付近でお集まりいただき、同時入場いたします。
遅刻され...",True,,,absent_unknown,2026-09-27 10:49:21,2026-09-27 09:48:30,,,,
bvlujq1c20,,key-to-lit-arena-tour-2026-neo-classics,2026-10-03,18:00,マリンメッセ福岡 A館,electronic,female,同行,め,5.0,,同行,2026-09-25 02:01:16,scrape_observed,2026-09-26 01:01:13,,,listing,1,62999,"2名義中1番手同行
初期当選/該当名義/すり替えなし/下3桁提示可

購入意思のないいいねはお控えください

連番の場合連番内の番号はお選び頂けませんが同等の席...",True,,,absent_unknown,2026-09-27 10:49:21,2026-09-27 09:48:30,,,,
ijxyxam7yk,,key-to-lit-arena-tour-2026-neo-classics,2026-10-03,18:00,マリンメッセ福岡 A館,electronic,none,ランダム,ュ,5.0,,ランダム,2026-09-25 02:01:16,scrape_observed,2026-09-25 13:01:12,,,listing,1,5300,"ランダム配布です。

当日指定の時間、場所に集合頂き同時入場いたします。複数の方に集合していただく為時間厳守、お時間余裕をもってお越しください。
QRコード表示...",True,,,absent_unverified,,2026-09-27 09:48:30,,,,
ju0xn0n2sw,,key-to-lit-arena-tour-2026-neo-classics,2026-10-03,18:00,マリンメッセ福岡 A館,electronic,female,同行,u.,5.0,,番手,2026-09-25 02:01:16,scrape_observed,2026-09-26 01:01:13,,,listing,2,30000,"


6名義中5番手/初期当選/ボタンあり/該当名義/有効期限内/すり替えなし/同一クレカ支払いなし/本人確認不可/着ブロ希望なし/座席未定/下3桁の提示可/同...",True,,,absent_unknown,2026-09-27 10:49:22,2026-09-27 09:48:30,,,,
ey58elmj7z,,key-to-lit-arena-tour-2026-neo-classics,2026-10-03,18:00,マリンメッセ福岡 A館,electronic,female,同行,あ,5.0,,番手,2026-09-25 02:01:16,scrape_observed,2026-09-26 01:01:13,,,listing,2,30000,"すり替えなし2名義中2番手
該当エラー等なし
変更ボタン有 有効期限内 下3桁提示可能


開場30分前目安に集合して頂きます。
同時入場後 チケットを選ぶ際に...",True,,,absent_unknown,2026-09-27 10:49:22,2026-09-27 09:48:30,,,,
nhr0jo37nu,,key-to-lit-arena-tour-2026-neo-classics,2026-10-03,18:00,マリンメッセ福岡 A館,paper,female,当日手渡し,m,5.0,,ランダム,2026-09-25 02:01:16,scrape_observed,2026-09-26 01:01:13,,,listing,1,7999,"管理の関係でプライベート出品させていただきたいので購入希望の方はコメントお願いします。
ランダム配布を理解されている日本語の通じる女性の方のみご購入お願いいたし...",True,,,absent_unknown,2026-09-27 10:49:22,2026-09-27 09:48:30,,,,
qtmfwul6gg,,key-to-lit-arena-tour-2026-neo-classics,2026-10-03,18:00,マリンメッセ福岡 A館,electronic,female,ランダム配布,K,5.0,,ランダム,2026-09-25 02:01:16,scrape_observed,2026-09-26 00:01:10,,,listing,1,6000,・指定の場所に集合後、同時入場して頂きます。時間厳守できる方でお願い致します。万が一、遅刻された場合もこちらで先に入場致しますが、その際も受け取り評価して頂きま...,True,,,absent_unknown,2026-09-27 10:51:25,2026-09-27 09:48:30,,,,
856udr2eaq,,key-to-lit-arena-tour-2026-neo-classics,2026-10-03,18:00,マリンメッセ福岡 A館,paper,female,当日手渡し,13,5.0,,番手,2026-09-25 02:01:16,scrape_observed,2026-09-26 01:01:13,,,listing,2,35000,"2名義中2番手　2連希望優先
1番手は入所日非該当 
下3桁提示可/有効期限内/変ボあり/

・同時入場後にチケットを全て回収させて頂き、こちらで先に座席を選ば...",True,,,absent_unknown,2026-09-27 10:49:22,2026-09-27 09:48:30,,,,
us6ve1vbba,,key-to-lit-arena-tour-2026-neo-classics,2026-10-03,18:00,マリンメッセ福岡 A館,electronic,female,同行,T,5.0,,同行番手,2026-09-25 02:01:16,scrape_observed,2026-09-26 01:01:13,,,listing,2,0,"5名義中2番手/初期当選/有効期限内/すり替えなし/下3桁提示可/着ブロ希望なし/座席未定

5名義中2番手

ご購入の方はプライベート出品いたしますのでお声が...",True,,,absent_unknown,2026-09-27 10:49:23,2026-09-27 09:48:30,,,,
f1l0ee0nfa,,key-to-lit-arena-tour-2026-neo-classics,2026-10-03,18:00,マリンメッセ福岡 A館,electronic,female,5名義中5番手,ねこ,5.0,,番手,2026-09-25 02:01:16,scrape_observed,2026-09-26 01:01:13,,,listing,2,25000,"✨5名義中5番手✨
全て初期当選/変更ボタンあり/該当名義/すり替えなし/下3桁提示可/有効期限内/同行者登録可

開場時間の45分前頃に会場付近にて待ち合わせ...",True,,,absent_unknown,2026-09-27 10:49:23,2026-09-27 09:48:30,,,,
fnkgrdh3xc,,key-to-lit-arena-tour-2026-neo-classics,2026-10-03,18:00,マリンメッセ福岡 A館,electronic,female,同行,t,5.0,,,2026-09-25 02:01:16,scrape_observed,2026-09-26 01:01:13,,,listing,2,37000,"情報局先行 座席未定 初期当選 2名義中2番手  全て該当名義・有効期限内

公演当日、会場付近にて待ち合わせし、同時入場していただきます。
詳しい待ち合わせ時...",True,,,absent_unknown,2026-09-27 10:49:24,2026-09-27 09:48:30,,,,
bijz76x7bl,,key-to-lit-arena-tour-2026-neo-classics,2026-10-03,18:00,マリンメッセ福岡 A館,electronic,female,同行,モ,4.4,,同行番手,2026-09-25 02:01:16,scrape_observed,2026-09-26 00:01:10,,,listing,1,50000,2名義中1番手同行/初期当選/該当名義/すり替えなし/有効期限内,True,,,absent_unknown,2026-09-27 10:51:25,2026-09-27 09:48:30,,,,
hdhuk6uqpe,,key-to-lit-arena-tour-2026-neo-classics,2026-10-03,18:00,マリンメッセ福岡 A館,electronic,female,同行,aaa,5.0,,ランダム,2026-09-25 02:01:16,scrape_observed,2026-09-26 01:01:13,,,listing,2,19000,"【ランダム配布にご理解ある方のみご購入お願い致します】
同時入場後、ランダムでチケットをお渡しさせて頂きます。
ご自身での座席選択はできかねますのでご了承くださ...",True,,,absent_unknown,2026-09-27 10:49:24,2026-09-27 09:48:30,,,,
o7zy4k5god,,key-to-lit-arena-tour-2026-neo-classics,2026-10-03,18:00,マリンメッセ福岡 A館,electronic,female,同行,T,5.0,,同行番手,2026-09-25 02:01:16,scrape_observed,2026-09-26 01:01:13,,,listing,1,28000,"5名義中5番手/初期当選/有効期限内/すり替えなし/下3桁提示可/着ブロ希望なし/座席未定

5名義中5番手

ご購入の方はプラベル出品いたしますのでお声がけ下...",True,,,absent_unknown,2026-09-27 10:49:24,2026-09-27 09:48:30,,,,
rtxpripe64,,key-to-lit-arena-tour-2026-neo-classics,2026-10-03,18:00,マリンメッセ福岡 A館,electronic,female,2名義中2番手,す,5.0,,番手,2026-09-25 02:01:16,scrape_observed,2026-09-26 01:01:13,,,listing,2,30000,"2名義中2番手/初期当選/有効期限内/すり替えなし/下3桁提示可/座席未定

公演当日は当方が指定する場所、時間に集合していただき同時入場となります。
購入者様...",True,,,absent_unknown,2026-09-27 10:49:24,2026-09-27 09:48:30,,,,
4l3p7tk3ni,,key-to-lit-arena-tour-2026-neo-classics,2026-10-03,18:00,マリンメッセ福岡 A館,electronic,female,5名義中4番手,ねこ,5.0,,番手,2026-09-25 02:01:16,scrape_observed,2026-09-26 01:01:13,,,listing,2,30000,"✨5名義中4番手✨
全て初期当選/変更ボタンあり/該当名義/すり替えなし/下3桁提示可/有効期限内/同行者登録可

開場時間の45分前頃に会場付近にて待ち合わせ...",True,,,absent_unknown,2026-09-27 10:49:25,2026-09-27 09:48:30,,,,
omerhpgrgr,,key-to-lit-arena-tour-2026-neo-classics,2026-10-03,18:00,マリンメッセ福岡 A館,electronic,female,同行,dora,5.0,,ランダム,2026-09-25 02:01:16,scrape_observed,2026-09-26 01:01:13,,,listing,1,15000,"同時入場後、一旦回収させて頂きランダムに配布させて頂きます。座席選択はできませんのでご了承ください。
またランダム配布の為下3桁をお伝えすることはできませんご了...",True,,,absent_unknown,2026-09-27 10:49:25,2026-09-27 09:48:30,,,,
t7rfrq4npc,,key-to-lit-arena-tour-2026-neo-classics,2026-10-03,18:00,マリンメッセ福岡 A館,electronic,female,3名義中3番手,m,5.0,,番手,2026-09-25 02:01:16,scrape_observed,2026-09-26 01:01:13,,,listing,2,30000,"3名義中3番手 / すり替えなし / FC先行初期当選 / 全て入所日該当名義 / 下3桁提示可能 / 有効期限内 / 変更ボタン有り

・プライベート出品いた...",True,,,absent_unknown,2026-09-27 10:49:26,2026-09-27 09:48:30,,,,
wrlptbhbj2,,key-to-lit-arena-tour-2026-neo-classics,2026-10-03,18:00,マリンメッセ福岡 A館,electronic,female,同行,ゆ,5.0,,同行,2026-09-25 02:01:16,scrape_observed,2026-09-26 01:01:13,,,listing,1,56000,"プラベル通しで5.5までお値下げ可能です
情報局先行 座席未定/2名義中1番手同行/中村担不可/該当名義/有効期限内/会員番号下3桁提示可/公演中止時のみ各種手...",True,,,absent_unknown,2026-09-27 10:49:26,2026-09-27 09:48:30,,,,
9gywrcen0l,,key-to-lit-arena-tour-2026-neo-classics,2026-10-03,18:00,マリンメッセ福岡 A館,electronic,female,公演当日当方が指定する場所、時間に集合していただき同時入場して頂きます。,♡,5.0,,番手,2026-09-25 02:01:16,scrape_observed,2026-09-26 01:01:13,,,listing,2,21000,"3名義3番手/初期当選/有効期限内/すり替えなし/下3桁提示可/座席未定

3名義3番手

ご購入の方はプライベート出品いたしますのでお声がけ下さい。

公演当...",True,,,absent_unknown,2026-09-27 10:49:26,2026-09-27 09:48:30,,,,
actoidpg88,,key-to-lit-arena-tour-2026-neo-classics,2026-10-03,18:00,マリンメッセ福岡 A館,electronic,female,番手でのお渡し,tpjm,5.0,,QR番手,2026-09-25 02:01:16,scrape_observed,2026-09-26 01:01:13,,,listing,1,38000,"開場時間10分前に集合し、同時入場をお願いします。チケットは単番と連番含む4名義中3番手となります。（5枚中4枚目、全て非該当）
また、公演中止以外の理由（ラン...",True,,,absent_unknown,2026-09-27 10:49:27,2026-09-27 09:48:30,,,,
r29e9knk6k,,key-to-lit-arena-tour-2026-neo-classics,2026-10-03,18:00,マリンメッセ福岡 A館,electronic,female,公演前日にログイン情報共有,か,5.0,,QR,2026-09-25 02:01:16,scrape_observed,2026-09-25 06:01:17,,,listing,2,52000,"重複なし/初期当選/有効期限内/該当名義/すり替えなし/下3桁提示可/着ブロ希望なし/座席未定

・公演前日(10/2)にログイン情報をお伝えします。一度ログイ...",True,,,absent_unverified,,2026-09-27 09:48:30,,,,
oc6rpis1k6,,key-to-lit-arena-tour-2026-neo-classics,2026-10-03,18:00,マリンメッセ福岡 A館,electronic,female,同行,coco72,5.0,,同行,2026-09-25 02:01:16,scrape_observed,2026-09-26 01:01:13,,,listing,1,41500,"重複無し/すり替え無し/該当（変更ボタン有）/同行/初期当選/下2桁提示可/過去ランダムエラー・発送戻り無し/着ブロ希望無し/過去2年以上連続スタンド

プライ...",True,,,absent_unknown,2026-09-27 10:49:27,2026-09-27 09:48:30,,,,
ykxjyg8qi7,,key-to-lit-arena-tour-2026-neo-classics,2026-10-03,18:00,マリンメッセ福岡 A館,electronic,female,4名義中3番手,み,5.0,,番手,2026-09-25 02:01:16,scrape_observed,2026-09-26 00:01:10,,,listing,1,27000,"4名義中3番手 2連中1枚
該当名義（変更ボタンあり）/初期当選のみ/有効期限内/着ブロ希望なし/すり替えなし/下3桁提示可能

チケット持ち逃げ防止のため、顔...",True,,,absent_unknown,2026-09-27 10:51:25,2026-09-27 09:48:30,,,,
65rte9vkrk,,key-to-lit-arena-tour-2026-neo-classics,2026-10-03,18:00,マリンメッセ福岡 A館,electronic,female,早渡しランダム配布,Y,5.0,,ランダム,2026-09-25 02:01:16,scrape_observed,2026-09-26 01:01:13,,,listing,2,20000,"指定席のみ2連確約早渡しランダム配布(ランダム配布にご理解のある方のみご購入お願いします。)
開演30分前渡し※指定席のみ

公演当日、開場時間の45分前に会場...",True,,,absent_unknown,2026-09-27 10:49:27,2026-09-27 09:48:30,,,,
066pxipvjj,,key-to-lit-arena-tour-2026-neo-classics,2026-10-03,18:00,マリンメッセ福岡 A館,electronic,female,同行,s,5.0,,ランダム,2026-09-25 02:01:16,scrape_observed,2026-09-26 01:01:13,,,listing,1,15000,"【座席未定/少人数ランダム配布】

・公演当日は会場付近指定の場所に集合予定です。時間厳守でお願いします。交通機関の遅延等如何なる理由であっても一切お待ち致しか...",True,,,absent_unknown,2026-09-27 10:49:28,2026-09-27 09:48:30,,,,
n2bi0ryj0j,,key-to-lit-arena-tour-2026-neo-classics,2026-10-03,18:00,マリンメッセ福岡 A館,electronic,female,同行,あ,5.0,,ランダム,2026-09-25 02:01:16,scrape_observed,2026-09-26 01:01:13,,,listing,1,6000,"少人数ランダム、中相場買取可能
プライベート出品に切り替えますので、ご希望の方はコメントお願い致します。

当方が座席を選択した後、残ったチケットをランダムでお...",True,,,absent_unknown,2026-09-27 10:49:28,2026-09-27 09:48:30,,,,
japi63vpwl,,key-to-lit-arena-tour-2026-neo-classics,2026-10-03,18:00,マリンメッセ福岡 A館,electronic,female,同行,取引,5.0,,,2026-09-25 02:01:16,scrape_observed,2026-09-26 01:01:13,,,listing,1,5500,"プライベート出品に変えますのでコメントください。
・指定の場所に集合後、同時入場して頂きます。時間厳守できる方でお願い致します。万が一、遅刻された場合もこちらで...",True,,,absent_unknown,2026-09-27 10:49:28,2026-09-27 09:48:30,,,,
gwaroqt7ka,,key-to-lit-arena-tour-2026-neo-classics,2026-10-03,18:00,マリンメッセ福岡 A館,electronic,female,2名義中2番手,りぃ,5.0,,番手同行,2026-09-25 02:01:16,scrape_observed,2026-09-26 01:01:13,,,listing,2,33000,"2名義中2番手/初期当選/有効期限内/すり替えなし/下3桁提示可/座席未定 /1名義非該当
公演当日は当方が指定する場所、時間に集合していただき同時入場となりま...",True,,,absent_unknown,2026-09-27 10:49:29,2026-09-27 09:48:30,,,,
18jzswu2rv,,key-to-lit-arena-tour-2026-neo-classics,2026-10-04,12:30,マリンメッセ福岡 A館,electronic,female,同行,♡,4.4,,ランダム,2026-09-25 02:01:16,scrape_observed,2026-09-25 03:01:12,,,listing,1,15000,"ランダム配布を理解している方のみご購入ください。
複数名義所持しているため、同時入場後は発券したチケットを一度回収させて頂き、座席はこちらで選ばせて頂きます。
開演5-10分前までにチケットをお渡しします。座席はお選びすることはできませんのでご理解お願いします。
※座席に関するクレームやシステムエラー等の入場トラブルなどによる返金対応は一切受け付けません。いかなる場合でも返金は出来かねますので、ご了承ください。
・チケット持ち逃げ防止のため身分証をお預かりする場合があります。チケットを渡す際に一緒にお返しします。封筒に入れ保管するので、中身を見ることはありませんのでご安心ください。
・購入者様に座席の選択権はありません。
・開場時間30分前に現地付近に集合できる方のみご購入ください。
・代理人購入不可。代表者は18歳以上の日本語が通じる方のみ。代表者同行者共に性別は問いません。同行者は年齢問いません。
・2連で購入された場合は必ず2連でお渡しします。
・時間になり次第移動してしまう為、こちらが指定した待ち合わせ時間厳守でお願い致します。
・取引成立後のキャンセルはいかなる理由でもお控え下さい。出演者変更によるキャンセルも対応しかねます。
・遅刻された際（交通機関等の遅延などのやむを得ない遅刻の場合でも）も他の方がみえる為待たずに入場させていただきます。入場出来なかった場合でも返金対応不可。必ず受取連絡していただきますので、時間厳守で早めの行動や体調管理の徹底をお願い致します。
※上記に記載されたことを全てご理解いただける方のみご購入ください。
購入された時点で全て同意、承諾したとします。",True,,,absent_unverified,,2026-09-27 09:48:30,,,,
nwa09m7bst,,key-to-lit-arena-tour-2026-neo-classics,2026-10-04,12:30,マリンメッセ福岡 A館,electronic,female,同行,きらきら,5.0,,同行,2026-09-25 02:01:16,scrape_observed,2026-09-26 01:01:13,,,listing,1,62000,"2名義中1番手同行
初期当選/該当名義/すり替えなし/下3桁提示可/当方と同行
・指定した場所で待ち合わせをしていただきます。当日は時間厳守で集合をお願いいたし...",True,,,absent_unknown,2026-09-27 10:49:29,2026-09-27 09:48:30,,,,
3dlb98gcyg,,key-to-lit-arena-tour-2026-neo-classics,2026-10-04,12:30,マリンメッセ福岡 A館,electronic,female,同時入場,TA,5.0,,ランダム,2026-09-25 02:01:16,scrape_observed,2026-09-26 01:01:13,,,listing,1,19800,"ランダム配布 同時入場 立見なし 全て指定席 有効会員
ランダム配布をご理解している方のみご購入ください。
男性の方、日本語か話せる外国人の方も購入できます。...",True,,,absent_unknown,2026-09-27 10:49:29,2026-09-27 09:48:30,,,,
os59oqqhrg,,key-to-lit-arena-tour-2026-neo-classics,2026-10-04,12:30,マリンメッセ福岡 A館,electronic,male,手渡し,さとう,5.0,,番手,2026-09-25 02:01:16,scrape_observed,2026-09-26 01:01:13,,,listing,2,42000,"お譲り決定後プラベ出品にて購入をお願いしておりますので購入の際は、コメントください。

FC初期当選/該当名義/下3桁提示可能

2名義中2番手でのお渡しです。...",True,,,absent_unknown,2026-09-27 10:49:30,2026-09-27 09:48:30,,,,
3k8wahjyzf,,key-to-lit-arena-tour-2026-neo-classics,2026-10-04,12:30,マリンメッセ福岡 A館,electronic,female,同時入場,am,5.0,,番手,2026-09-25 02:01:16,scrape_observed,2026-09-26 01:01:13,,,listing,2,30000,"4名義中4番手/該当名義/初期当選/有効期限内/変更ボタンあり/すり替えなし/会員番号下3桁提示可能

・公演当日、会場付近にて待ち合わせし、同時入場していただ...",True,,,absent_unknown,2026-09-27 10:49:30,2026-09-27 09:48:30,,,,
twqak46aem,,key-to-lit-arena-tour-2026-neo-classics,2026-10-04,12:30,マリンメッセ福岡 A館,electronic,none,同行,A,5.0,,ランダム,2026-09-25 02:01:16,scrape_observed,2026-09-26 01:01:13,,,listing,1,8000,"
当方が座席を選択した後、残ったチケットをランダムでお渡し致します。
ご購入様にお席をお選び頂くことはできません。

発券後、一度チケットを全て回収させていただ...",True,,,absent_unknown,2026-09-27 10:49:31,2026-09-27 09:48:30,,,,
7jrg38gmog,,key-to-lit-arena-tour-2026-neo-classics,2026-10-04,12:30,マリンメッセ福岡 A館,electronic,female,同行,♡,4.4,,ランダム,2026-09-25 02:01:16,scrape_observed,2026-09-25 03:01:12,,,listing,2,20000,"ランダム配布を理解している方のみご購入ください。
複数名義所持しているため、同時入場後は発券したチケットを一度回収させて頂き、座席はこちらで選ばせて頂きます。
開演5-10分前までにチケットをお渡しします。座席はお選びすることはできませんのでご理解お願いします。
※座席に関するクレームやシステムエラー等の入場トラブルなどによる返金対応は一切受け付けません。いかなる場合でも返金は出来かねますので、ご了承ください。
・チケット持ち逃げ防止のため身分証をお預かりする場合があります。チケットを渡す際に一緒にお返しします。封筒に入れ保管するので、中身を見ることはありませんのでご安心ください。
・購入者様に座席の選択権はありません。
・開場時間30分前に現地付近に集合できる方のみご購入ください。
・代理人購入不可。代表者は18歳以上の日本語が通じる方のみ。代表者同行者共に性別は問いません。同行者は年齢問いません。
・2連で購入された場合は必ず2連でお渡しします。
・時間になり次第移動してしまう為、こちらが指定した待ち合わせ時間厳守でお願い致します。
・取引成立後のキャンセルはいかなる理由でもお控え下さい。出演者変更によるキャンセルも対応しかねます。
・遅刻された際（交通機関等の遅延などのやむを得ない遅刻の場合でも）も他の方がみえる為待たずに入場させていただきます。入場出来なかった場合でも返金対応不可。必ず受取連絡していただきますので、時間厳守で早めの行動や体調管理の徹底をお願い致します。
※上記に記載されたことを全てご理解いただける方のみご購入ください。
購入された時点で全て同意、承諾したとします。",True,,,absent_unverified,,2026-09-27 09:48:30,,,,
t39qcf4g8f,,key-to-lit-arena-tour-2026-neo-classics,2026-10-04,12:30,マリンメッセ福岡 A館,electronic,female,同行,dora,5.0,,ランダム番手,2026-09-25 02:01:16,scrape_observed,2026-09-26 01:01:13,,,listing,1,40000,"２名義中２番手 有効期限内 該当名義(変更ボタン有) 重複すり替え無し 会員番号下３桁提示可 

・公演当日、会場10分前頃待ち合わせし、同時入場していただきま...",True,,,absent_unknown,2026-09-27 10:49:31,2026-09-27 09:48:30,,,,
ct6vw4d2tc,,key-to-lit-arena-tour-2026-neo-classics,2026-10-04,12:30,マリンメッセ福岡 A館,electronic,female,【条件あり】当日手渡し/座席未定/ランダム配布/有効会員,T,4.9,,同行ランダム,2026-09-25 02:01:16,scrape_observed,2026-09-26 01:01:13,,,listing,1,8500,"《開場30分前集合予定》

※レビュー(評価4.8以上)ある方のみ申請下さい。
※購入時のコメント不要です。
★購入後に当日連絡のつくお電話番号と氏名(苗字)を...",True,,,absent_unknown,2026-09-27 10:49:31,2026-09-27 09:48:30,,,,
hz2ahfmm09,,key-to-lit-arena-tour-2026-neo-classics,2026-10-04,12:30,マリンメッセ福岡 A館,electronic,female,同行,さとう,5.0,,ランダム,2026-09-25 02:01:16,scrape_observed,2026-09-26 01:01:13,,,listing,2,30000,"少人数ランダム配布/2連確約
有効期限内名義
中相場買取可能です。
上乗せで早渡しも検討いたしますのでご提示ください。

複数名義所持のため、同時入場後チケット...",True,,,absent_unknown,2026-09-27 10:49:31,2026-09-27 09:48:30,,,,
epnuhtt527,,key-to-lit-arena-tour-2026-neo-classics,2026-10-04,12:30,マリンメッセ福岡 A館,electronic,female,2連確約／ランダム配布／すり替えあり／少人数入場,AA,5.0,,ランダム,2026-09-25 02:01:16,scrape_observed,2026-09-26 01:01:13,,,listing,2,18000,"開場30分前に会場付近にて待ち合わせし同時入場します。
入場後チケットを回収し解散、開演5-10分前を目処に再集合しチケットをお渡しします。

2枚ご購入された...",True,,,absent_unknown,2026-09-27 10:49:32,2026-09-27 09:48:30,,,,
xtoc40go4o,,key-to-lit-arena-tour-2026-neo-classics,2026-10-04,12:30,マリンメッセ福岡 A館,electronic,female,同行,M T,5.0,,同行,2026-09-25 02:01:16,scrape_observed,2026-09-26 01:01:13,,,listing,1,0,最高5.0 初期当選/重複なし同行/すり替えなし/本確対応可/同行者登録可/金額、担当明記の上ご連絡ください。,True,,,absent_unknown,2026-09-27 10:49:32,2026-09-27 09:48:30,,,,
e5gubh6x00,,key-to-lit-arena-tour-2026-neo-classics,2026-10-04,12:30,マリンメッセ福岡 A館,electronic,female,同行,ありちゃん,5.0,,ランダム,2026-09-25 02:01:16,scrape_observed,2026-09-26 01:01:13,,,listing,1,18000,"⭐️少人数ランダム配布⭐️
FC先行 座席未定/複数名義当選のため同時入場後に一度チケットを回収し、当方の座席選択後にランダム配布いたします/全名義有効期限内/...",True,,,absent_unknown,2026-09-27 10:49:33,2026-09-27 09:48:30,,,,
ofe9twiw1k,,key-to-lit-arena-tour-2026-neo-classics,2026-10-04,12:30,マリンメッセ福岡 A館,paper,female,当日手渡し,13,5.0,,番手,2026-09-25 02:01:16,scrape_observed,2026-09-26 01:01:13,,,listing,2,45000,"2名義中2番手　2連希望優先
下3桁提示可/有効期限内/変ボあり

・同時入場後にチケットを全て回収させて頂き、こちらで先に座席を選ばせて頂いた後、取引番手順に...",True,,,absent_unknown,2026-09-27 10:49:33,2026-09-27 09:48:30,,,,
sfasb2v9cl,,key-to-lit-arena-tour-2026-neo-classics,2026-10-04,12:30,マリンメッセ福岡 A館,electronic,female,同時入場 開演5分前ランダムにてお渡し,m,5.0,,ランダム,2026-09-25 02:01:16,scrape_observed,2026-09-26 01:01:13,,,listing,1,20000,"※ランダム配布を理解されている方のみご購入ください。
※購入後のキャンセルは一切お受けできかねます。

・開場15〜30分前までに会場付近にてお待ち合わせし、同...",True,,,absent_unknown,2026-09-27 10:49:33,2026-09-27 09:48:30,,,,
tjhvlw6pfo,,key-to-lit-arena-tour-2026-neo-classics,2026-10-04,12:30,マリンメッセ福岡 A館,electronic,none,座席未定　条件あり　ランダム配布,r,5.0,,ランダム,2026-09-25 02:01:16,scrape_observed,2026-09-25 15:01:16,,,listing,1,7500,"複数名義所持しているため、同時入場後に1度チケットを回収させていただき、当方が座席選択後にランダムに配布します。

チケットの選択にお時間をいただきますのであら...",True,,,absent_unverified,,2026-09-27 09:48:30,,,,
gkbw1ik4rz,,key-to-lit-arena-tour-2026-neo-classics,2026-10-04,12:30,マリンメッセ福岡 A館,electronic,female,同行,t,5.0,,,2026-09-25 02:01:16,scrape_observed,2026-09-26 01:01:13,,,listing,2,44000,"情報局先行 座席未定 初期当選 2名義中2番手  全て該当名義・有効期限内

公演当日、会場付近にて待ち合わせし、同時入場していただきます。
詳しい待ち合わせ時...",True,,,absent_unknown,2026-09-27 10:49:33,2026-09-27 09:48:30,,,,
mkahi0xt1v,,key-to-lit-arena-tour-2026-neo-classics,2026-10-04,12:30,マリンメッセ福岡 A館,paper,female,当日手渡し,m,5.0,,ランダム,2026-09-25 02:01:16,scrape_observed,2026-09-26 01:01:13,,,listing,1,17999,"管理の関係でプライベート出品させていただきたいので購入希望の方はコメントお願いします。
1名義のみランダム配布。直ぐお渡しの可能性もございます。ランダム配布を理...",True,,,absent_unknown,2026-09-27 10:49:34,2026-09-27 09:48:30,,,,
a78fu2c7s0,,key-to-lit-arena-tour-2026-neo-classics,2026-10-04,12:30,マリンメッセ福岡 A館,electronic,female,公演日前日にログイン情報を共有,あ,5.0,,QR,2026-09-25 02:01:16,scrape_observed,2026-09-26 01:01:13,,,listing,2,55000,"QRごと/非該当名義/初期当選/有効期限内/会員番号下3桁提示可能/着ブロ希望なし

同行者登録は買い手様ご自身でお願いします。
名義を傷つける行為はお辞めくだ...",True,,,absent_unknown,2026-09-27 10:49:34,2026-09-27 09:48:30,,,,
ih34otm70e,,key-to-lit-arena-tour-2026-neo-classics,2026-10-04,12:30,マリンメッセ福岡 A館,electronic,female,公演日前日にログイン情報共有,ひよ,5.0,,QR,2026-09-25 02:01:16,scrape_observed,2026-09-26 01:01:13,,,listing,1,65000,"単番QR毎/初期当選/発送物戻りなし/着ブロ希望なし/

・公演前日までにログインに必要な情報をお伝えいたします。
・入場後は速やかにログアウトと受取連絡をお願...",True,,,absent_unknown,2026-09-27 10:49:35,2026-09-27 09:48:30,,,,
3qfsofzqbl,,key-to-lit-arena-tour-2026-neo-classics,2026-10-04,12:30,マリンメッセ福岡 A館,electronic,female,同行,♡,4.4,,ランダム,2026-09-25 02:01:16,scrape_observed,2026-09-25 03:01:12,,,listing,1,10000,"ランダム配布を理解している方のみご購入ください。
複数名義所持しているため、同時入場後は発券したチケットを一度回収させて頂き、座席はこちらで選ばせて頂きます。
開演5-10分前までにチケットをお渡しします。座席はお選びすることはできませんのでご理解お願いします。
※座席に関するクレームやシステムエラー等の入場トラブルなどによる返金対応は一切受け付けません。いかなる場合でも返金は出来かねますので、ご了承ください。
・チケット持ち逃げ防止のため身分証をお預かりする場合があります。チケットを渡す際に一緒にお返しします。封筒に入れ保管するので、中身を見ることはありませんのでご安心ください。
・購入者様に座席の選択権はありません。
・開場時間30分前に現地付近に集合できる方のみご購入ください。
・代理人購入不可。代表者は18歳以上の日本語が通じる方のみ。代表者同行者共に性別は問いません。同行者は年齢問いません。
・2連で購入された場合は必ず2連でお渡しします。
・時間になり次第移動してしまう為、こちらが指定した待ち合わせ時間厳守でお願い致します。
・取引成立後のキャンセルはいかなる理由でもお控え下さい。出演者変更によるキャンセルも対応しかねます。
・遅刻された際（交通機関等の遅延などのやむを得ない遅刻の場合でも）も他の方がみえる為待たずに入場させていただきます。入場出来なかった場合でも返金対応不可。必ず受取連絡していただきますので、時間厳守で早めの行動や体調管理の徹底をお願い致します。
※上記に記載されたことを全てご理解いただける方のみご購入ください。
購入された時点で全て同意、承諾したとします。",True,,,absent_unverified,,2026-09-27 09:48:30,,,,
it2z7ot2cd,,key-to-lit-arena-tour-2026-neo-classics,2026-10-04,12:30,マリンメッセ福岡 A館,electronic,female,同行,な,4.8,,同行,2026-09-25 02:01:16,scrape_observed,2026-09-26 01:01:13,,,listing,1,0,"重複無し同行/情報局先行座席未定/初期当選/該当名義（変更ボタンあり）/有効期限内/着ブロなし/過去エラーなし/すり替えなし 
ご希望であれば会員番号下3桁提示...",True,,,absent_unknown,2026-09-27 10:49:35,2026-09-27 09:48:30,,,,
yi6qrmyur3,,key-to-lit-arena-tour-2026-neo-classics,2026-10-04,12:30,マリンメッセ福岡 A館,electronic,female,2名義中2番手,R,5.0,,番手,2026-09-25 02:01:16,scrape_observed,2026-09-26 01:01:13,,,listing,2,40000,"2名義中2番手
全て初期当選/該当/下3桁提示可/すり替えなし/有効期限内/変更ボタンあり

他サイトにも出品しているため決まり次第削除します。

公演当日は開...",True,,,absent_unknown,2026-09-27 10:49:35,2026-09-27 09:48:30,,,,
a0zmp9427b,,key-to-lit-arena-tour-2026-neo-classics,2026-10-04,12:30,マリンメッセ福岡 A館,electronic,female,番手,め,5.0,,番手,2026-09-25 02:01:16,scrape_observed,2026-09-26 01:01:13,,,listing,2,41000,"初期当選/3名義中3番手/すり替えなし/下3桁提示可能/該当名義/着ブロ希望なし/有効期限内

※ご購入希望の場合は特別出品対応致しますのでご連絡下さい。

公...",True,,,absent_unknown,2026-09-27 10:49:36,2026-09-27 09:48:30,,,,
w8xj8exffi,,key-to-lit-arena-tour-2026-neo-classics,2026-10-04,12:30,マリンメッセ福岡 A館,electronic,female,同行,れ,5.0,,ランダム,2026-09-25 02:01:16,scrape_observed,2026-09-26 01:01:13,,,listing,1,7500,"指定席のみのランダム配布になります。
半券は一度回収し開演前までにお渡し致します。
公演中止以外の返金不可になります。",True,,,absent_unknown,2026-09-27 10:49:36,2026-09-27 09:48:30,,,,
subh224abx,,key-to-lit-arena-tour-2026-neo-classics,2026-10-04,12:30,マリンメッセ福岡 A館,electronic,female,同行,あ,5.0,,ランダム,2026-09-25 02:01:16,scrape_observed,2026-09-25 15:01:16,,,listing,2,20000,"【２連番確約/すりかえなしランダム配布】 
複数当選しております。当方が座席を選択した後、残ったチケットをランダムでお渡し致します。 落札者様にお席をお選び頂く...",True,,,absent_unverified,,2026-09-27 09:48:30,,,,
q7kzu7s8h3,,key-to-lit-arena-tour-2026-neo-classics,2026-10-04,12:30,マリンメッセ福岡 A館,electronic,female,同時入場 開演5分前ランダムにてお渡し,m,5.0,,ランダム,2026-09-25 02:01:16,scrape_observed,2026-09-26 01:01:13,,,listing,1,13000,"※ランダム配布を理解されている方のみご購入ください。
※購入後のキャンセルは一切お受けできかねます。

・開場15〜30分前までに会場付近にてお待ち合わせし、同...",True,,,absent_unknown,2026-09-27 10:49:36,2026-09-27 09:48:30,,,,
18hjjgntj3,,key-to-lit-arena-tour-2026-neo-classics,2026-10-04,12:30,マリンメッセ福岡 A館,electronic,female,公演日前日までにQRコード共有,rn,5.0,,QR,2026-09-25 02:01:16,scrape_observed,2026-09-26 00:01:10,,,listing,2,48000,"最高4.5〜
初期当選 / 有効期限内 / 非該当名義 / 下三桁提示可 / 同一クレカ決済無し / 着ブロ指定無し

プラベルに移行しますのでコメントください...",True,,,absent_unknown,2026-09-27 10:51:26,2026-09-27 09:48:30,,,,
z5do7dvkr2,,key-to-lit-arena-tour-2026-neo-classics,2026-10-04,12:30,マリンメッセ福岡 A館,electronic,none,同行,c,4.9,,ランダム記載あり,2026-09-25 02:01:16,scrape_observed,2026-09-26 01:01:13,,,listing,1,18000,"・当日開場30分前を目処に会場付近に集合し同時入場して頂きます。詳しい集合時間や場所は当日朝までに連絡ボードにてご連絡致します。
・遅刻は厳禁でお願い致します。...",True,,,absent_unknown,2026-09-27 10:49:37,2026-09-27 09:48:30,,,,
sdja1vir2m,,key-to-lit-arena-tour-2026-neo-classics,2026-10-04,17:30,マリンメッセ福岡 A館,electronic,female,同行,Non,5.0,,同行,2026-09-25 02:01:16,scrape_observed,2026-09-26 01:01:13,,,listing,2,35000,"2名義中2番手　バラ売り可
手持ち全て該当名義　女性名義のみ
重複すり替えなし
下3桁提示可
サイチェン可

同行者登録1人のみ可
公演中止以外いかなる理由（ラ...",True,,,absent_unknown,2026-09-27 10:49:37,2026-09-27 09:48:30,,,,
m8fuhgbzcc,,key-to-lit-arena-tour-2026-neo-classics,2026-10-04,17:30,マリンメッセ福岡 A館,electronic,female,2名義中2番手,ゆ,5.0,,番手,2026-09-25 02:01:16,scrape_observed,2026-09-26 01:01:13,,,listing,2,36000,🌟プラベ出品しますので、購入希望の方はコメントお願いします🌟2名義中2番手/初期当選/該当名義/有効期限内/すり替えなし/下3桁提示可/座席未定/１名のみ同...,True,,,absent_unknown,2026-09-27 10:49:37,2026-09-27 09:48:30,,,,
o1tzaez6eu,,key-to-lit-arena-tour-2026-neo-classics,2026-10-04,17:30,マリンメッセ福岡 A館,electronic,female,同行,いがりん,5.0,,同行番手,2026-09-25 02:01:16,scrape_observed,2026-09-26 01:01:13,,,listing,1,40000,"単番2名義　初期当選　該当名義　期限内名義　すり替えなし　会員番号下3桁提示します
16:50分に会場付近の指定した場所にお越しください
入場後は、こちらが選ば...",True,,,absent_unknown,2026-09-27 10:49:38,2026-09-27 09:48:30,,,,
d73zq27u95,,key-to-lit-arena-tour-2026-neo-classics,2026-10-04,17:30,マリンメッセ福岡 A館,electronic,female,同行,Sa,5.0,,同行,2026-09-25 02:01:16,scrape_observed,2026-09-25 07:01:13,,,listing,1,50000,"2連中1枚の同行/初期当選/該当/有効期限内/重複すり替えなし/同行者登録,サイチェン可/プラベル可/過去エラーなし/猪狩担不可

公演当日は開場10分前頃を目...",True,,,absent_unverified,,2026-09-27 09:48:30,,,,
gpxzemfob0,,key-to-lit-arena-tour-2026-neo-classics,2026-10-04,17:30,マリンメッセ福岡 A館,electronic,female,同行,s,5.0,,番手,2026-09-25 02:01:16,scrape_observed,2026-09-26 01:01:13,,,listing,2,40000,"座席未定/2名義中2番手/すり替え無し/2名義共に有効期限内該当名義/変更ボタン有/指定席のみ(着ブロ無し) /下三桁提示可

・公演当日は会場付近指定の場所に...",True,,,absent_unknown,2026-09-27 10:49:38,2026-09-27 09:48:30,,,,
2oi9denoe4,,key-to-lit-arena-tour-2026-neo-classics,2026-10-04,17:30,マリンメッセ福岡 A館,electronic,female,同行,ありちゃん,5.0,,ランダム,2026-09-25 02:01:16,scrape_observed,2026-09-26 01:01:13,,,listing,1,11000,⭐️少人数ランダム配布⭐️FC先行 座席未定/同時入場後に一度チケットを回収し、当方の座席選択後にランダム配布いたします/全名義有効期限内/同一クレカでの複数支...,True,,,absent_unknown,2026-09-27 10:49:38,2026-09-27 09:48:30,,,,
nz9bx0uw2q,,key-to-lit-arena-tour-2026-neo-classics,2026-10-04,17:30,マリンメッセ福岡 A館,electronic,female,同時入場,ひ,5.0,,番手,2026-09-25 02:01:16,scrape_observed,2026-09-26 01:01:13,,,listing,2,35000,"2名義中2番手/FC先行初期当選/該当名義/下3桁提示可能/有効期限内/本確対応不可

【お取引成立後はプライベートモードへ移行させていただくので、ご購入前に必...",True,,,absent_unknown,2026-09-27 10:49:39,2026-09-27 09:48:30,,,,
yowr8oujn3,,key-to-lit-arena-tour-2026-neo-classics,2026-10-04,17:30,マリンメッセ福岡 A館,electronic,female,同行,れ,5.0,,ランダム,2026-09-25 02:01:16,scrape_observed,2026-09-26 01:01:13,,,listing,1,4000,"指定席のみのランダム配布になります。
半券は一度回収し開演前までにお渡し致します。
公演中止以外の返金不可になります。",True,,,absent_unknown,2026-09-27 10:49:39,2026-09-27 09:48:30,,,,
gucst29wp7,,key-to-lit-arena-tour-2026-neo-classics,2026-10-04,17:30,マリンメッセ福岡 A館,electronic,female,公演前日にログイン情報をお伝えいたします。,あ,5.0,,QR,2026-09-25 02:01:16,scrape_observed,2026-09-26 01:01:13,,,listing,2,0,"QR毎/すり替え無し/下3桁提示可/初期当選/有効期限内/該当名義（変更ボタン有）同一クレカ無し/着ブロ希望無し

公演前日にログイン情報を連絡ボードにてお伝え...",True,,,absent_unknown,2026-09-27 10:49:40,2026-09-27 09:48:30,,,,
lzvvc5lptd,,key-to-lit-arena-tour-2026-neo-classics,2026-10-04,17:30,マリンメッセ福岡 A館,electronic,female,公演日前日に共有,P,5.0,,,2026-09-25 02:01:16,scrape_observed,2026-09-26 00:01:10,,,listing,1,38000,"期限内該当名義/下3桁提示可/重複なし/2連中1枚
購入希望の方いましたらプライベート出品に変更するのでコメントお願いします。

都合により行けなくなってしまっ...",True,,,absent_unknown,2026-09-27 10:51:26,2026-09-27 09:48:30,,,,
d6h8371rx4,,key-to-lit-arena-tour-2026-neo-classics,2026-10-04,17:30,マリンメッセ福岡 A館,electronic,female,同行,あ,5.0,,ランダム,2026-09-25 02:01:16,scrape_observed,2026-09-25 05:01:13,,,listing,2,15000,"【２連番確約チケット】
当方が座席を選択した後、残ったチケットをランダムでお渡し致します。
ご購入様にお席をお選び頂くことはできません。会場によっては立ち見の可能性もございます。
発券後、一度チケットを全て回収させていただきます。
発券した座席を回って選択致しますのでチケットをお渡しするまでにお時間を頂戴致します。会場内の電波状況が悪い場合も考えられる為トラブル無くお取引が出来る様、連絡が取れる電話番号の交換をお願い致します。
チケット持ち逃げ防止の為、ご購入者様ご自身の使用しているスマートフォン又は、顔写真付きの身分証明書の原本、場合によっては両方を入場前にお預かりいたします。
発券したチケットと引き換えでお預かりした物を返却させていただきます。
当日は開場30分前に会場付近の指定場所にて待ち合わせの後、複数人での同時入場となります。確定のお時間や場所は、連絡ボードにてご連絡致します。
必ず時間厳守でお願い致します。買い手様の都合で待ち合わせ時間に遅れられた場合、先に入場する可能性もございますが、その際も受取連絡はして頂きます。公演前日、当日はこまめに連絡を取れる方でお願い致します。
また、ご購入は日本語が理解出来る女性の方に限らせて頂きます。
同行者登録をお願いする事になった場合、スムーズに必要な情報のご提示又はご登録をお願い致します。
また同行者登録のお約束は致しかねますのでご了承ください。
入場時にQRコード表示にご協力いただく場合がございますので、表示に必要なスマートフォンなどの端末をご用意ください。
入場時・入場後の本人確認等で入場頂けなかった場合や公演をご覧になれなかった場合などを含め、公演中止以外の如何なる場合でも返金は致しかねます。また、購入後のキャンセルもご遠慮ください。
チケットお渡し、解散後のトラブルに対しても対応は致しかねます。チケットをお渡しした時点でお取引終了となります。また、お渡ししたチケットに何か問題がある場合は、解散後に連絡ボードにてではなく、解散前に直接仰ってください。デジタルチケットの為、座席へのクレームは受け付けません。
以上全てご了承の上、ご購入お願い致します。",True,,,absent_unverified,,2026-09-27 09:48:30,,,,
9rzjrqbbp1,,key-to-lit-arena-tour-2026-neo-classics,2026-10-04,17:30,マリンメッセ福岡 A館,paper,female,当日手渡し,m,5.0,,ランダム,2026-09-25 02:01:16,scrape_observed,2026-09-26 01:01:13,,,listing,1,9999,"ランダム配布を理解されている日本語の通じる女性の方のみご購入お願いいたします。代理購入不可。
同時に入場しチケット発券後1度解散しこちらで席を選び開演前迄にチケ...",True,,,absent_unknown,2026-09-27 10:49:40,2026-09-27 09:48:30,,,,
izccpx1tbp,,key-to-lit-arena-tour-2026-neo-classics,2026-10-04,17:30,マリンメッセ福岡 A館,electronic,female,同行,さとう,5.0,,ランダム,2026-09-25 02:01:16,scrape_observed,2026-09-26 01:01:13,,,listing,2,26000,"少人数ランダム配布/2連確約
有効期限内名義
中相場買取可能です。
上乗せで早渡しも検討いたしますのでご提示ください。

複数名義所持のため、同時入場後チケット...",True,,,absent_unknown,2026-09-27 10:49:40,2026-09-27 09:48:30,,,,
i4eg1ugiem,,key-to-lit-arena-tour-2026-neo-classics,2026-10-04,17:30,マリンメッセ福岡 A館,electronic,female,同行(2名義中2番手),S,5.0,,番手,2026-09-25 02:01:16,scrape_observed,2026-09-26 01:01:13,,,listing,2,30000,"未定/2名義中2番手/初期当選/1名義着ブロ希望/該当/変更ボタン有り/有効期限内/重複すり替え無し//下3桁提示可能

2名義中こちらが選ばなかったチケットを...",True,,,absent_unknown,2026-09-27 10:49:40,2026-09-27 09:48:30,,,,
k4oo3fo8qb,,key-to-lit-arena-tour-2026-neo-classics,2026-10-04,17:30,マリンメッセ福岡 A館,electronic,female,同行,m,5.0,,ランダム記載あり,2026-09-25 02:01:16,scrape_observed,2026-09-26 01:01:13,,,listing,1,30000,"2名義中2番手/初期当選/該当名義/すり替えなし/公演日3日前までに下3桁提示可/有効期限内/本確対応不可

1.0通し、2.0手渡しできる方優先します。
お取...",True,,,absent_unknown,2026-09-27 10:49:41,2026-09-27 09:48:30,,,,
dpjzq3unzd,,key-to-lit-arena-tour-2026-neo-classics,2026-10-04,17:30,マリンメッセ福岡 A館,electronic,female,2名義中2番手,12,5.0,,番手,2026-09-25 02:01:16,scrape_observed,2026-09-26 01:01:13,,,listing,2,40000,"2名義中2番手
▼2名義とも初期当選/有効期限内 該当名義
すり替え無し/ご希望があれば下3桁提示可 
申込時着ブロ選択なし

・当日は開場20分前に待ち合わせ...",True,,,absent_unknown,2026-09-27 10:49:41,2026-09-27 09:48:30,,,,
gnx1o1vdtz,,key-to-lit-arena-tour-2026-neo-classics,2026-10-04,17:30,マリンメッセ福岡 A館,electronic,female,公演前日ログイン情報を共有,nn,5.0,,QR,2026-09-25 02:01:16,scrape_observed,2026-09-26 01:01:13,,,listing,2,0,"初期当選/QR毎/重複すり替えなし/有効期限内／下3桁提示可能/該当名義/変更ボタンなし
公演前日にログイン情報をお伝え致しますのでご自身で同行者登録を済ませて...",True,,,absent_unknown,2026-09-27 10:49:42,2026-09-27 09:48:30,,,,
i5rlf9dbyl,,key-to-lit-arena-tour-2026-neo-classics,2026-10-04,17:30,マリンメッセ福岡 A館,electronic,female,公演日7日前までにQRコード共有,るー,5.0,,QR,2026-09-25 02:01:16,scrape_observed,2026-09-26 01:01:13,,,listing,2,51000,"QR毎2連/下3桁提示可能
公演中止以外（当日の体調不良や遅刻、本人確認やランダムエラーなどの場合）は必ず受け取り連絡して頂きますのでご了承ください。
代理購入...",True,,,absent_unknown,2026-09-27 10:49:42,2026-09-27 09:48:30,,,,
hdfckf23a5,,key-to-lit-arena-tour-2026-neo-classics,2026-10-04,17:30,マリンメッセ福岡 A館,electronic,female,同時入場,m,5.0,,番手,2026-09-25 02:01:16,scrape_observed,2026-09-26 01:01:13,,,listing,2,30000,"2名義中2番手/FC先行初期当選/該当名義1非該当名義1/下3桁提示可能/有効期限内/本確対応不可

プラベルで出品させていただきますのでコメントをお願いいたし...",True,,,absent_unknown,2026-09-27 10:49:42,2026-09-27 09:48:30,,,,
tqx0w0cglw,,key-to-lit-arena-tour-2026-neo-classics,2026-10-04,17:30,マリンメッセ福岡 A館,electronic,none,ランダム配布,r,5.0,,ランダム,2026-09-25 02:01:16,scrape_observed,2026-09-25 15:01:16,,,listing,1,4000,"複数名義所持しているため、同時入場後に1度チケットを回収させていただき、当方が座席選択後にランダムに配布します。

チケットの選択にお時間をいただきますのであら...",True,,,absent_unverified,,2026-09-27 09:48:30,,,,
sls1q7rkzl,,key-to-lit-arena-tour-2026-neo-classics,2026-10-04,17:30,マリンメッセ福岡 A館,electronic,none,3名義中3番目　全て該当名義初期当選,K,5.0,,番手,2026-09-25 02:01:16,scrape_observed,2026-09-26 00:01:10,,,listing,2,28000,・指定の場所に集合後、同時入場して頂きます。時間厳守できる方でお願い致します。万が一、遅刻された場合もこちらで先に入場致しますが、その際も受け取り評価して頂きま...,True,,,absent_unknown,2026-09-27 10:51:26,2026-09-27 09:48:30,,,,
flor9wl9re,,key-to-lit-arena-tour-2026-neo-classics,2026-10-04,17:30,マリンメッセ福岡 A館,electronic,female,同行,取引,5.0,,,2026-09-25 02:01:16,scrape_observed,2026-09-26 01:01:13,,,listing,2,100,"10/4昼2連または10/3
2連で交換可能な方のみコメントください",True,,,absent_unknown,2026-09-27 10:49:42,2026-09-27 09:48:30,,,,
jefw65j3sh,,key-to-lit-arena-tour-2026-neo-classics,2026-10-04,17:30,マリンメッセ福岡 A館,paper,female,当日手渡し,えび,5.0,,ランダム,2026-09-25 02:01:16,scrape_observed,2026-09-26 01:01:13,,,listing,1,10000,"ランダム配布（買い手様は座席を選べません）
*  日本語の通じる方のみご購入ください。男性〇未成年〇
*  会場の電波が悪い可能性がございますので、購入後は当日...",True,,,absent_unknown,2026-09-27 10:49:43,2026-09-27 09:48:30,,,,
7hlrmaawqu,,key-to-lit-arena-tour-2026-neo-classics,2026-10-04,17:30,マリンメッセ福岡 A館,electronic,female,公演前日ログイン情報共有,メイ,5.0,,QR,2026-09-25 02:01:16,scrape_observed,2026-09-26 01:01:13,,,listing,2,55000,"QRごと/初期当選/該当名義/有効期限内/下三桁提示可/すり替えなし/着ブロ希望なし※当選歴座席等はお答えできません。

公演前日にログイン情報を連絡ボードでお...",True,,,absent_unknown,2026-09-27 10:49:43,2026-09-27 09:48:30,,,,
6fw58ccdiz,,key-to-lit-arena-tour-2026-neo-classics,2026-10-04,17:30,マリンメッセ福岡 A館,electronic,female,番手,a,5.0,,番手,2026-09-25 02:01:16,scrape_observed,2026-09-26 01:01:13,,,listing,2,33000,初期×1、復活×1含む 2名義中2番手/すり替え無し/会員番号下3桁提示可/有効期限内/サイチェン不可/公演中止の際には、手数料等を差し引いた金額を返金します...,True,,,absent_unknown,2026-09-27 10:49:44,2026-09-27 09:48:30,,,,
klu72x1xzd,,key-to-lit-arena-tour-2026-neo-classics,2026-10-04,17:30,マリンメッセ福岡 A館,electronic,female,同時入場,TA,5.0,,ランダム,2026-09-25 02:01:16,scrape_observed,2026-09-26 01:01:13,,,listing,1,8800,"ランダム配布 同時入場 立見なし 全て指定席 有効会員
ランダム配布をご理解している方のみご購入ください。
男性の方、日本語か話せる外国人の方も購入できます。...",True,,,absent_unknown,2026-09-27 10:49:44,2026-09-27 09:48:30,,,,
67y0sm2yni,,key-to-lit-arena-tour-2026-neo-classics,2026-10-04,17:30,マリンメッセ福岡 A館,electronic,female,入金後3時間以内にQRコード共有,ユカ,5.0,,QR,2026-09-25 02:01:16,scrape_observed,2026-09-26 01:01:13,,,listing,2,49000,"情報局先行 KEY TO LIT 中村嶺亜名義 初期当選 指定席 2枚申し込み QRごとのお譲り 条件ございません 座席未定

情報局先行 ２枚申込みでの当選し...",True,,,absent_unknown,2026-09-27 10:49:44,2026-09-27 09:48:30,,,,
4xagzi2ejx,,key-to-lit-arena-tour-2026-neo-classics,2026-10-04,17:30,マリンメッセ福岡 A館,electronic,female,同行,alu,5.0,,番手同行QR,2026-09-25 02:01:16,scrape_observed,2026-09-26 01:01:13,,,listing,1,43000,"２名義中3番手 1枚or2枚(2連)のうち1枚 どちらも初期当選 該当名義(変更ボタン有)期限内 重複すり替え無し 会員番号下３桁提示可 

・公演当日、開場1...",True,,,absent_unknown,2026-09-27 10:49:44,2026-09-27 09:48:30,,,,
rwtwq7sspx,,key-to-lit-arena-tour-2026-neo-classics,2026-10-04,17:30,マリンメッセ福岡 A館,electronic,female,同時入場 開演5分前ランダムにてお渡し,m,5.0,,ランダム,2026-09-25 02:01:16,scrape_observed,2026-09-26 01:01:13,,,listing,1,8000,"※ランダム配布を理解されている方のみご購入ください。
※購入後のキャンセルは一切お受けできかねます。

⭐️ランダムエラー、公演中止の場合のみ手数料等を差し引い...",True,,,absent_unknown,2026-09-27 10:49:45,2026-09-27 09:48:30,,,,
kqxez5qtn5,,key-to-lit-arena-tour-2026-neo-classics,2026-10-04,17:30,マリンメッセ福岡 A館,electronic,female,同行,k,5.0,,ランダム,2026-09-25 02:01:16,scrape_observed,2026-09-26 01:01:13,,,listing,2,30000,【必ず指定席をお渡しします。エラーで入場できなかった場合は返金します】当日開場時間20分前までに指定場所にて集合し、同時入場していただきます。当方が座席を選んだ...,True,,,absent_unknown,2026-09-27 10:49:45,2026-09-27 09:48:30,,,,
b3womv6a0i,,key-to-lit-arena-tour-2026-neo-classics,2026-10-04,17:30,マリンメッセ福岡 A館,electronic,none,開演20分前までの早渡し,A,5.0,,ランダム,2026-09-25 02:01:16,scrape_observed,2026-09-26 01:01:13,,,listing,1,12000,"当方が座席を選択した後、残ったチケットをランダムでお渡し致します。
ご購入様にお席をお選び頂くことはできませんが、必ず開演20分前までにお渡しいたします。

発...",True,,,absent_unknown,2026-09-27 10:49:46,2026-09-27 09:48:30,,,,
h49jy0s7g0,,key-to-lit-arena-tour-2026-neo-classics,2026-10-04,17:30,マリンメッセ福岡 A館,electronic,female,同行,取引,5.0,,,2026-09-25 02:01:16,scrape_observed,2026-09-26 01:01:13,,,listing,1,4500,"プライベート出品に変えますのでコメントください。
・指定の場所に集合後、同時入場して頂きます。時間厳守できる方でお願い致します。万が一、遅刻された場合もこちらで...",True,,,absent_unknown,2026-09-27 10:49:46,2026-09-27 09:48:30,,,,
fg8nkergho,,key-to-lit-arena-tour-2026-neo-classics,2026-10-04,17:30,マリンメッセ福岡 A館,electronic,female,【条件あり】当日手渡し/座席未定/ランダム配布/有効会員,T,4.9,,同行ランダム,2026-09-25 02:01:16,scrape_observed,2026-09-26 01:01:13,,,listing,1,4500,"《開場30分前集合予定》

※レビュー(評価4.8以上)ある方のみ申請下さい。
※購入時のコメント不要です。
★購入後に当日連絡のつくお電話番号と氏名(苗字)を...",True,,,absent_unknown,2026-09-27 10:49:47,2026-09-27 09:48:30,,,,
fy2i0fsalb,,key-to-lit-arena-tour-2026-neo-classics,2026-10-04,17:30,マリンメッセ福岡 A館,electronic,female,同行,j🩵,5.0,,番手,2026-09-25 02:01:16,scrape_observed,2026-09-26 01:01:13,,,listing,2,37000,"⭐️5名義中4番手⭐️

すべて初期当選/5名義分の下3桁提示可/変更ボタン有り

ランダムエラーや出演者の変更、会場内外での本人確認、交通機関の乱れ等、公演中...",True,,,absent_unknown,2026-09-27 10:49:47,2026-09-27 09:48:30,,,,
suafnr06ns,,key-to-lit-arena-tour-2026-neo-classics,2026-10-04,17:30,マリンメッセ福岡 A館,electronic,female,前日にログイン情報お伝え,m,5.0,,同行記載あり,2026-09-25 02:01:16,scrape_observed,2026-09-26 01:01:13,,,listing,2,51000,"初期当選/QRごと/重複すり替えなし/有効期限内／下3桁提示可能/該当名義/変更ボタンなし
公演前日にログイン情報をお伝え致しますのでご自身で同行者登録を済ませ...",True,,,absent_unknown,2026-09-27 10:49:47,2026-09-27 09:48:30,,,,
64vtj6v714,,key-to-lit-arena-tour-2026-neo-classics,2026-10-04,17:30,マリンメッセ福岡 A館,electronic,none,ランダム,♡,5.0,,ランダム,2026-09-25 02:01:16,scrape_observed,2026-09-26 01:01:13,,,listing,2,25000,"2連確約
当日は開場時間の45分ほど前にこちらが指定する場所にお集まりください。遅刻しないようにお願いいたします。大幅な遅刻した場合、先に入場いたします。
少人...",True,,,absent_unknown,2026-09-27 10:49:47,2026-09-27 09:48:30,,,,
s4m9bosmzy,,key-to-lit-arena-tour-2026-neo-classics,2026-10-09,18:00,セキスイハイムスーパーアリーナ,electronic,female,公演前日にログイン情報共有,もにゃ,5.0,,QR,2026-09-25 02:01:16,scrape_observed,2026-09-26 00:01:10,,,listing,2,65000,"QRごと/初期当選/非該当名義/有効期限内/下3桁提示可能

🌟チケット当選後に入籍し名字が変わり、会員証を更新したため、当選時の名字と会員証の名字が異なりま...",True,,,absent_unknown,2026-09-27 10:51:27,2026-09-27 09:48:30,,,,
bgim0w81t8,,key-to-lit-arena-tour-2026-neo-classics,2026-10-09,18:00,セキスイハイムスーパーアリーナ,electronic,none,同行,A,5.0,,ランダム,2026-09-25 02:01:16,scrape_observed,2026-09-26 01:01:13,,,listing,1,12500,"当方が座席を選択した後、残ったチケットをランダムでお渡し致します。
ご購入様にお席をお選び頂くことはできません。

発券後、一度チケットを全て回収させていただき...",True,,,absent_unknown,2026-09-27 10:49:48,2026-09-27 09:48:30,,,,
ijymmgli89,,key-to-lit-arena-tour-2026-neo-classics,2026-10-09,18:00,セキスイハイムスーパーアリーナ,electronic,female,公演日の前日にログイン情報をお伝えいたします。,あ,5.0,,QR,2026-09-25 02:01:16,scrape_observed,2026-09-26 01:01:13,,,listing,2,80000,"QRごと/初期当選/該当名義/変ボなし/有効期限内/下3桁提示可能/本確不可

公演前日にログインに必要な情報をメッセージでお伝えします。入場後は速やかにログア...",True,,,absent_unknown,2026-09-27 10:49:48,2026-09-27 09:48:30,,,,
7k7b28tgt7,,key-to-lit-arena-tour-2026-neo-classics,2026-10-09,18:00,セキスイハイムスーパーアリーナ,electronic,female,同行,k,5.0,,同行記載あり,2026-09-25 02:01:16,scrape_observed,2026-09-26 01:01:13,,,listing,1,51000,"初期当選／重複すり替えなし同行／該当名義／変更ボタン有／有効期限内／下3桁提示可能／着ブロ希望なし

井上担不可

・公演当日は開場時間5分前に会場周辺にて待ち...",True,,,absent_unknown,2026-09-27 10:49:49,2026-09-27 09:48:30,,,,
v0stxhxs50,,key-to-lit-arena-tour-2026-neo-classics,2026-10-09,18:00,セキスイハイムスーパーアリーナ,electronic,female,同行,すいみん,5.0,,番手,2026-09-25 02:01:16,scrape_observed,2026-09-26 01:01:13,,,listing,2,50000,"すり替えなし/4名義中2番手2連
プラベル変更いたします。一部手渡しや提示金額以下可能。
・公演当日、開場20分前までに会場付近にて当方が指定した場所にお時間厳...",True,,,absent_unknown,2026-09-27 10:49:49,2026-09-27 09:48:30,,,,
wujy85v9v4,,key-to-lit-arena-tour-2026-neo-classics,2026-10-09,18:00,セキスイハイムスーパーアリーナ,electronic,female,同行,さ,4.4,,番手,2026-09-25 02:01:16,scrape_observed,2026-09-26 01:01:13,,,listing,2,45000,"情報局先行 / 座席未定 / 4番手中3番手 / 2連 / すり替えなし / 下3桁提示可能 /非該当・復活当選含 / 過去エラーなし

【待ち合わせ・入場につ...",True,,,absent_unknown,2026-09-27 10:49:49,2026-09-27 09:48:30,,,,
8xqjifsnjg,,key-to-lit-arena-tour-2026-neo-classics,2026-10-09,18:00,セキスイハイムスーパーアリーナ,paper,none,当日手渡し,れ,4.8,,ランダム,2026-09-25 02:01:16,scrape_observed,2026-09-26 01:01:13,,,listing,1,15000,"ランダム配布  

【取引にあたり注意事項】
日本語理解できる方、日本の電話番号お持ちの方のみ購入をお願いいたします。

チケット取引について理解ある方のみ購入...",True,,,absent_unknown,2026-09-27 10:49:49,2026-09-27 09:48:30,,,,
wscht447c1,,key-to-lit-arena-tour-2026-neo-classics,2026-10-09,18:00,セキスイハイムスーパーアリーナ,electronic,female,同行,S,5.0,,ランダム,2026-09-25 02:01:16,scrape_observed,2026-09-26 01:01:13,,,listing,1,17000,"【ランダム配布にご理解ある方のみご購入お願い致します】
同時入場後、ランダムでチケットをお渡しさせて頂きます。
ご自身での座席選択はできかねますのでご了承くださ...",True,,,absent_unknown,2026-09-27 10:49:50,2026-09-27 09:48:30,,,,
djfkl0enhe,,key-to-lit-arena-tour-2026-neo-classics,2026-10-09,18:00,セキスイハイムスーパーアリーナ,electronic,none,ランダム配布　同時入場,sa,5.0,,ランダム,2026-09-25 02:01:16,scrape_observed,2026-09-26 01:01:13,,,listing,2,15000,"公演当日16:30までに会場付近で待ち合わせし、同時入場していただきます。

購入者様は座席をお選びいただけません。
入場後は、発券したチケットを回収した後、一...",True,,,absent_unknown,2026-09-27 10:49:50,2026-09-27 09:48:30,,,,
g5unaslf1k,,key-to-lit-arena-tour-2026-neo-classics,2026-10-09,18:00,セキスイハイムスーパーアリーナ,electronic,female,当日手渡し,ゆう,5.0,,番手,2026-09-25 02:01:16,scrape_observed,2026-09-26 01:01:13,,,listing,2,35000,"FC初期当選/3名義中3番手/下3桁提示可/該当名義/有効期限内/着ブロ無し/すり替え無し

公演当日、前日にご指定した時間と場所に集合して頂き同時入場致します...",True,,,absent_unknown,2026-09-27 10:49:51,2026-09-27 09:48:30,,,,
fb1xl9qxgp,,key-to-lit-arena-tour-2026-neo-classics,2026-10-09,18:00,セキスイハイムスーパーアリーナ,electronic,female,同行,®️,4.5,,ランダム同行,2026-09-25 02:01:16,scrape_observed,2026-09-26 01:01:13,,,listing,2,20000,"✩2連確約✩少人数ランダム

・公演当日は開場時間30分前集合
(近くなりましたら詳しい場所等はお知らせします)
・開演前までにお渡し
・上乗せで早渡し可/中で...",True,,,absent_unknown,2026-09-27 10:49:51,2026-09-27 09:48:30,,,,
rh5u2b8mk9,,key-to-lit-arena-tour-2026-neo-classics,2026-10-09,18:00,セキスイハイムスーパーアリーナ,electronic,female,2名義中2番手,u,5.0,,番手,2026-09-25 02:01:16,scrape_observed,2026-09-26 01:01:13,,,listing,2,40000,"FC初期当選/2名義中2番手/下3桁提示可/該当名義/有効期限内/着ブロ無し/すり替え無し/ 変ボあり/エラー歴なし

公演当日、開場時間15分前目安に集合して...",True,,,absent_unknown,2026-09-27 10:49:51,2026-09-27 09:48:30,,,,
7s6m646vho,,key-to-lit-arena-tour-2026-neo-classics,2026-10-09,18:00,セキスイハイムスーパーアリーナ,electronic,female,同行,SU,5.0,,同行番手,2026-09-25 02:01:16,scrape_observed,2026-09-26 01:01:13,,,listing,2,37000,"2名義中2番手/すり替えなし/初期当選/該当/有効期限内/変ボ有/下3桁提示可

当日指定した場所・時間に集合し、同時入場いたします。入場後チケットを一度回収し...",True,,,absent_unknown,2026-09-27 10:49:51,2026-09-27 09:48:30,,,,
m7jxyv9esf,,key-to-lit-arena-tour-2026-neo-classics,2026-10-09,18:00,セキスイハイムスーパーアリーナ,electronic,female,同行,a,5.0,,同行,2026-09-25 02:01:16,scrape_observed,2026-09-26 01:01:13,,,listing,1,50000,"※お取引決定後プラベルでのお取引になります※

2連中の1枚（当方との同行）になります。

初期当選／座席未定／重複すり替えなし同行／非該当名義／着席希望なし／...",True,,,absent_unknown,2026-09-27 10:49:52,2026-09-27 09:48:30,,,,
2ri57pwexg,,key-to-lit-arena-tour-2026-neo-classics,2026-10-09,18:00,セキスイハイムスーパーアリーナ,electronic,female,公演日前日までにQRコード共有,C,5.0,,QR,2026-09-25 02:01:16,scrape_observed,2026-09-26 01:01:13,,,listing,2,17000,"期限切れ該当名義/20代女性名義/初期当選
同行者登録は買い手様でお願いいたします。
万が一ランダムエラーで入場できなかった場合、入場時の動画(ランダムエラーを...",True,,,absent_unknown,2026-09-27 10:49:52,2026-09-27 09:48:30,,,,
4mszeo45ct,,key-to-lit-arena-tour-2026-neo-classics,2026-10-09,18:00,セキスイハイムスーパーアリーナ,electronic,female,ランダム配布,すいみん,5.0,,ランダム,2026-09-25 02:01:16,scrape_observed,2026-09-26 01:01:13,,,listing,2,18000,"2連/指定席確約少人数ランダム
・開演5-10分前までには必ずお渡しいたします。
・上乗せで早渡し可/中で相場買取可
プラベル変更いたします。一部手渡しや即決以...",True,,,absent_unknown,2026-09-27 10:49:53,2026-09-27 09:48:30,,,,
1spui45kfk,,key-to-lit-arena-tour-2026-neo-classics,2026-10-09,18:00,セキスイハイムスーパーアリーナ,electronic,female,同行,れ,5.0,,同行番手,2026-09-25 02:01:16,scrape_observed,2026-09-26 01:01:13,,,listing,2,45000,"FC先行/初期当選/すり替えなし/期限内/2名義中2番手/下3桁提示可/全て該当名義

プラベル出品に切り替えます。
プラベル分からない方はご遠慮ください。
そ...",True,,,absent_unknown,2026-09-27 10:49:53,2026-09-27 09:48:30,,,,
x9m20x3nif,,key-to-lit-arena-tour-2026-neo-classics,2026-10-09,18:00,セキスイハイムスーパーアリーナ,electronic,female,少人数ランダム配布,ぬい,5.0,,ランダム,2026-09-25 02:01:16,scrape_observed,2026-09-26 01:01:13,,,listing,1,38000,"会場20分前会場付近にて当方が指定する場所に集合していただきます。
詳細は購入後お知らせ致します。
公演中止以外のランエラ、本確にて返金対応は致しかねます。",True,,,absent_unknown,2026-09-27 10:49:53,2026-09-27 09:48:30,,,,
hl9wwpnknp,,key-to-lit-arena-tour-2026-neo-classics,2026-10-09,18:00,セキスイハイムスーパーアリーナ,paper,female,入金後24時間以内に郵送,a,5.0,,,2026-09-25 02:01:16,scrape_observed,2026-09-26 01:01:13,,,listing,2,15000,"一般立見
発券済みチケットを送らせていただきます。",True,,,absent_unknown,2026-09-27 10:49:54,2026-09-27 09:48:30,,,,
ooks3pf6p0,,key-to-lit-arena-tour-2026-neo-classics,2026-10-09,18:00,セキスイハイムスーパーアリーナ,electronic,female,同行,い,5.0,,番手,2026-09-25 02:01:16,scrape_observed,2026-09-26 01:01:13,,,listing,2,36000,"情報局先行/座席未定/復活当選/非該当名義/2番手中2番手/変更ボタンあり/すり替えなし/下3桁提示可能 

プライベート出品に切り替えますのでコメントをお願い...",True,,,absent_unknown,2026-09-27 10:49:54,2026-09-27 09:48:30,,,,
xfytly3gn0,,key-to-lit-arena-tour-2026-neo-classics,2026-10-09,18:00,セキスイハイムスーパーアリーナ,electronic,female,ログイン情報,ヘチヘチ,5.0,,QR,2026-09-25 02:01:16,scrape_observed,2026-09-26 01:01:13,,,listing,2,80000,"QRごと/初期当選/該当名義/変ボあり/期限内/下3桁提示/クレカ重複なし

・ログイン情報でのお譲りのため丁重にお取引いただける方のみ
・座席に対するクレーム...",True,,,absent_unknown,2026-09-27 10:49:54,2026-09-27 09:48:30,,,,
xoi5thnv24,,key-to-lit-arena-tour-2026-neo-classics,2026-10-09,18:00,セキスイハイムスーパーアリーナ,electronic,female,公演前日にログイン情報を共有,Y,5.0,,QR,2026-09-25 02:01:16,scrape_observed,2026-09-26 00:01:10,,,listing,2,60000,"QRごと/初期当選/非該当名義/有効期限内/下3桁提示可能

公演前日にログインに必要な情報をメッセージでお伝えします。入場後は速やかにログアウトし、開演までに...",True,,,absent_unknown,2026-09-27 10:51:27,2026-09-27 09:48:30,,,,
mx7qoyrl6d,,key-to-lit-arena-tour-2026-neo-classics,2026-10-09,18:00,セキスイハイムスーパーアリーナ,electronic,female,同行,ゆ,5.0,,同行番手,2026-09-25 02:01:16,scrape_observed,2026-09-26 01:01:13,,,listing,1,80000,"2名義中1番手　即あり
両方とも該当(変ボあり)/初期当選/下3桁提示可/有効会員

開場時間の15分前までに会場付近でお集まりいただき、同時入場いたします。...",True,,,absent_unknown,2026-09-27 10:49:55,2026-09-27 09:48:30,,,,
crrm4aiutn,,key-to-lit-arena-tour-2026-neo-classics,2026-10-09,18:00,セキスイハイムスーパーアリーナ,electronic,female,同行,あ,4.8,,番手同行,2026-09-25 02:01:16,scrape_observed,2026-09-26 01:01:13,,,listing,2,40000,"情報局先行  2名義中2番手
初期当選/有効期限内/該当名義(変更ボタンあり) /
下3桁の提示可

※ 購入する際はプラベルに切り替えさせて頂くので、購入希望...",True,,,absent_unknown,2026-09-27 10:49:55,2026-09-27 09:48:30,,,,
28mw59s6m0,,key-to-lit-arena-tour-2026-neo-classics,2026-10-09,18:00,セキスイハイムスーパーアリーナ,paper,female,当日同行,m,5.0,,同行記載あり,2026-09-25 02:01:16,scrape_observed,2026-09-26 01:01:13,,,listing,1,23000,"一般注釈付き指定席/同行

入場後は好きにしていただいて構いません。

・当日は当方が指定する場所/時間に集合予定です。(会場付近/開場約15分前予定)
その際...",True,,,absent_unknown,2026-09-27 10:49:56,2026-09-27 09:48:30,,,,
nforva8ten,,key-to-lit-arena-tour-2026-neo-classics,2026-10-09,18:00,セキスイハイムスーパーアリーナ,electronic,female,同行,S,5.0,,ランダム,2026-09-25 02:01:16,scrape_observed,2026-09-26 01:01:13,,,listing,1,15000,"【ランダム配布にご理解ある方のみご購入お願い致します】
同時入場後、ランダムでチケットをお渡しさせて頂きます。
ご自身での座席選択はできかねますのでご了承くださ...",True,,,absent_unknown,2026-09-27 10:49:56,2026-09-27 09:48:30,,,,
e3e85m47k6,,key-to-lit-arena-tour-2026-neo-classics,2026-10-09,18:00,セキスイハイムスーパーアリーナ,electronic,female,同行,yuu,4.7,,番手,2026-09-25 02:01:16,scrape_observed,2026-09-26 01:01:13,,,listing,2,40000,"2名義中2番手/該当名義/初期当選/有効期限内/変更ボタンあり/エラー歴なし/すり替えなし/下3桁提示可

公演当日、こちらが指定した時間場所に待ち合わせし同時...",True,,,absent_unknown,2026-09-27 10:49:56,2026-09-27 09:48:30,,,,
b6eyhntl17,,key-to-lit-arena-tour-2026-neo-classics,2026-10-09,18:00,セキスイハイムスーパーアリーナ,electronic,female,公演前日QRコード共有,抹茶,5.0,,QR,2026-09-25 02:01:16,scrape_observed,2026-09-26 01:01:13,,,listing,1,0,"単番QRごと/初期当選/該当名義(変更ボタン有)/有効期限内/着ブロ希望なし

・公演前日までにログインに必要な情報をお伝えいたします。
・入場後は速やかにログ...",True,,,absent_unknown,2026-09-27 10:49:56,2026-09-27 09:48:30,,,,
idwh2uvi4x,,key-to-lit-arena-tour-2026-neo-classics,2026-10-09,18:00,セキスイハイムスーパーアリーナ,electronic,female,同行,mm,5.0,,ランダム,2026-09-25 02:01:16,scrape_observed,2026-09-26 01:01:13,,,listing,1,18000,"座席未定 ランダム配布 条件あり 座席選択不可 代理購入不可 

 ランダム配布になりますので最後までご理解いただきご購入ください。  

・複数名義所持してお...",True,,,absent_unknown,2026-09-27 10:49:57,2026-09-27 09:48:30,,,,
cigydvo3nz,,key-to-lit-arena-tour-2026-neo-classics,2026-10-09,18:00,セキスイハイムスーパーアリーナ,electronic,female,同行,n,5.0,,同行,2026-09-25 02:01:16,scrape_observed,2026-09-26 01:01:13,,,listing,1,55000,"2名義中1番手同行/すり替えなし/初期当選のみ/下3桁提示可能/期限内該当名義(変更ボタンあり)/着ブロ指定なし/岩﨑担不可
入場後、一度チケットを回収し2名義...",True,,,absent_unknown,2026-09-27 10:49:57,2026-09-27 09:48:30,,,,
7ajd20w20v,,key-to-lit-arena-tour-2026-neo-classics,2026-10-09,18:00,セキスイハイムスーパーアリーナ,electronic,female,2番手中2番手,R,5.0,,番手,2026-09-25 02:01:16,scrape_observed,2026-09-26 01:01:13,,,listing,2,45000,"2名義中2番手/すり替えなし/初期当選/該当/有効期限内/変ボ有/下3桁提示可

当日指定した場所・時間に集合し、同時入場いたします。入場後チケットを一度回収し...",True,,,absent_unknown,2026-09-27 10:49:58,2026-09-27 09:48:30,,,,
ggt4sx1hdq,,key-to-lit-arena-tour-2026-neo-classics,2026-10-09,18:00,セキスイハイムスーパーアリーナ,electronic,female,同行,A,5.0,,番手,2026-09-25 02:01:16,scrape_observed,2026-09-26 01:01:13,,,listing,2,40000,"FC初期当選/2名義中2番手/下3桁提示可/該当名義×1 非該当×1/有効期限内/着ブロ無し/すり替え無し/ 変ボあり/エラー歴なし

即5


公演当日、開場...",True,,,absent_unknown,2026-09-27 10:49:58,2026-09-27 09:48:30,,,,
qbknhi23zq,,key-to-lit-arena-tour-2026-neo-classics,2026-10-09,18:00,セキスイハイムスーパーアリーナ,paper,none,当日手渡し,れ,4.8,,ランダム同行,2026-09-25 02:01:16,scrape_observed,2026-09-26 01:01:13,,,listing,2,16000,"ランダム配布,2連確約

【取引にあたり注意事項】
日本語理解できる方、日本の電話番号お持ちの方のみ購入をお願いいたします。

チケット取引について理解ある方の...",True,,,absent_unknown,2026-09-27 10:49:58,2026-09-27 09:48:30,,,,
jjwlua5b6f,,key-to-lit-arena-tour-2026-neo-classics,2026-10-09,18:00,セキスイハイムスーパーアリーナ,electronic,female,同行,まるこ,5.0,,同行,2026-09-25 02:01:16,scrape_observed,2026-09-26 01:01:13,,,listing,1,50000,"中村担不可/同行/情報局先行/該当名義/下3桁提示可能/初期当選/すり替えなし/有効期限内/本確不可
下記よくお読みください

・当方もお譲りいただくQRになり...",True,,,absent_unknown,2026-09-27 10:49:58,2026-09-27 09:48:30,,,,
q1f67u4rnq,,key-to-lit-arena-tour-2026-neo-classics,2026-10-09,18:00,セキスイハイムスーパーアリーナ,paper,female,入金後24時間以内に郵送,M,5.0,,,2026-09-25 02:01:16,scrape_observed,2026-09-26 01:01:13,,,listing,1,19800,"注釈指定席
発券済みのチケットを送らせていただきます。",True,,,absent_unknown,2026-09-27 10:49:59,2026-09-27 09:48:30,,,,
i3vvl7ji7c,,key-to-lit-arena-tour-2026-neo-classics,2026-10-09,18:00,セキスイハイムスーパーアリーナ,paper,female,当日手渡し,えび,5.0,,ランダム,2026-09-25 02:01:16,scrape_observed,2026-09-26 01:01:13,,,listing,1,18000,"ランダム配布（買い手様は座席を選べません）
*  日本語の通じる方のみご購入ください。男性〇未成年〇
*  会場の電波が悪い可能性がございますので、購入後は当日...",True,,,absent_unknown,2026-09-27 10:49:59,2026-09-27 09:48:30,,,,
r51mptoiw8,,key-to-lit-arena-tour-2026-neo-classics,2026-10-09,18:00,セキスイハイムスーパーアリーナ,electronic,female,同行,®️,4.5,,同行番手,2026-09-25 02:01:16,scrape_observed,2026-09-26 01:01:13,,,listing,1,25000,"✩すり替えなし2連✩下位番手
入場後すぐお渡し


・公演当日は開場時間30分前集合
(近くなりましたら詳しい場所等はお知らせします)
・座席確認後すぐのお渡し...",True,,,absent_unknown,2026-09-27 10:50:00,2026-09-27 09:48:30,,,,
coc5sd8d3x,,key-to-lit-arena-tour-2026-neo-classics,2026-10-09,18:00,セキスイハイムスーパーアリーナ,electronic,female,同行,ゆ,5.0,,同行番手,2026-09-25 02:01:16,scrape_observed,2026-09-26 01:01:13,,,listing,2,40000,"2名義中2番手　即5
両方とも該当(変ボあり)/初期当選/下3桁提示可/有効会員

開場時間の15分前までに会場付近でお集まりいただき、同時入場いたします。
遅...",True,,,absent_unknown,2026-09-27 10:50:00,2026-09-27 09:48:30,,,,
pjdsw5b9rn,,key-to-lit-arena-tour-2026-neo-classics,2026-10-09,18:00,セキスイハイムスーパーアリーナ,electronic,none,同行,太,5.0,,同行,2026-09-25 02:01:16,scrape_observed,2026-09-26 01:01:13,,,listing,1,42000,"
2連中の1枚（当方との同行）になります。

初期当選／座席未定／重複すり替えなし同行／非該当名義／着席希望なし／サイチェン不可／代理購入不可／猪狩担不可

*...",True,,,absent_unknown,2026-09-27 10:50:00,2026-09-27 09:48:30,,,,
d9y7debg0p,,key-to-lit-arena-tour-2026-neo-classics,2026-10-09,18:00,セキスイハイムスーパーアリーナ,electronic,female,同行,mm,5.0,,ランダム,2026-09-25 02:01:16,scrape_observed,2026-09-26 01:01:13,,,listing,1,16000,"座席未定 ランダム配布 条件あり 座席選択不可 代理購入不可 

 ランダム配布になりますので最後までご理解いただきご購入ください。  

・複数名義所持してお...",True,,,absent_unknown,2026-09-27 10:50:00,2026-09-27 09:48:30,,,,
lltesy385o,,key-to-lit-arena-tour-2026-neo-classics,2026-10-09,18:00,セキスイハイムスーパーアリーナ,electronic,female,当日手渡し,Yyy,4.7,,番手,2026-09-25 02:01:16,scrape_observed,2026-09-26 01:01:13,,,listing,2,55000,"3名義中2番手
該当名義/変更ボタンあり/初期当選/着ブロ希望なし / 下3桁提示可能/すり替えなし

公演当日、こちらが指定した時間に会場付近にて待ち合わせの...",True,,,absent_unknown,2026-09-27 10:50:01,2026-09-27 09:48:30,,,,
r9tuu2cxpr,,key-to-lit-arena-tour-2026-neo-classics,2026-10-09,18:00,セキスイハイムスーパーアリーナ,electronic,female,同行,s,5.0,,番手,2026-09-25 02:01:16,scrape_observed,2026-09-26 01:01:13,,,listing,2,48000,"
一般含む4名義中2番手/すり替え無し/下3桁提示可能/初期当選

公演当日、会場20分前を目安にこちらが指定した場所に集合して頂き同時入場いたします。入場後一...",True,,,absent_unknown,2026-09-27 10:50:01,2026-09-27 09:48:30,,,,
hx0lkhc8to,,key-to-lit-arena-tour-2026-neo-classics,2026-10-10,12:30,セキスイハイムスーパーアリーナ,electronic,female,2名義中2番手,R,5.0,,番手,2026-09-25 02:01:16,scrape_observed,2026-09-26 01:01:13,,,listing,1,45000,"2名義中2番手/初期当選/該当名義/有効期限内/変更ボタンあり/重複すり替えなし/下3桁提示可

当日は開場時間に会場付近で待ち合わせをし、同時入場していただき...",True,,,absent_unknown,2026-09-27 10:50:02,2026-09-27 09:48:30,,,,
qpi3uiv7d7,,key-to-lit-arena-tour-2026-neo-classics,2026-10-10,12:30,セキスイハイムスーパーアリーナ,electronic,female,5名義中4番手,あ,5.0,,番手,2026-09-25 02:01:16,scrape_observed,2026-09-26 01:01:13,,,listing,1,50000,"全て初期当選、該当名義、有効期限内、下3桁提示可能、過去エラーなし

開場時間10分前頃を目安に会場付近にて集合予定。時間、場所については確定後前日夜までにはご...",True,,,absent_unknown,2026-09-27 10:50:02,2026-09-27 09:48:30,,,,
uph2dqjyt4,,key-to-lit-arena-tour-2026-neo-classics,2026-10-10,12:30,セキスイハイムスーパーアリーナ,electronic,female,同行,ありちゃん,5.0,,ランダム,2026-09-25 02:01:16,scrape_observed,2026-09-26 01:01:13,,,listing,1,29000,⭐️開演30分前までにお渡し⭐️FC先行 座席未定/同時入場後に一度チケットを回収し、当方の座席選択後にランダム配布いたします/全名義有効期限内/同一クレカでの...,True,,,absent_unknown,2026-09-27 10:50:02,2026-09-27 09:48:30,,,,
suc0r15lbd,,key-to-lit-arena-tour-2026-neo-classics,2026-10-10,12:30,セキスイハイムスーパーアリーナ,electronic,female,同行,ゆ,5.0,,ランダム,2026-09-25 02:01:16,scrape_observed,2026-09-26 01:01:13,,,listing,1,18000,"特別出品しますのでコメントお願い致します。
少人数ランダム配布

公演当日、開場時間の30分前頃に会場付近にて待ち合わせし、同時入場していただきます。
詳しい待...",True,,,absent_unknown,2026-09-27 10:50:02,2026-09-27 09:48:30,,,,
5ca2cyvgyb,,key-to-lit-arena-tour-2026-neo-classics,2026-10-10,12:30,セキスイハイムスーパーアリーナ,electronic,none,同行,ふ,5.0,,同行,2026-09-25 02:01:16,scrape_observed,2026-09-26 01:01:13,,,listing,1,66000,"初期当選/該当/有効期限内/下3桁提示可能/重複すり替えなし同行

当日は開場15分前を目安に待ち合わせし、同時入場いたします。時間や場所の詳細は前日もしくは当...",True,,,absent_unknown,2026-09-27 10:50:03,2026-09-27 09:48:30,,,,
6c7i5rpkut,,key-to-lit-arena-tour-2026-neo-classics,2026-10-10,12:30,セキスイハイムスーパーアリーナ,electronic,female,QRコード共有,あ,5.0,,QR,2026-09-25 02:01:16,scrape_observed,2026-09-26 01:01:13,,,listing,2,50000,"急遽仙台へ行くことが難しくなってしまったため、お譲り先を探しております。

仙台公演
QRごと／2連のみ
初期当選・キテレツ名義
サイチェン❌
公演中止になった...",True,,,absent_unknown,2026-09-27 10:50:03,2026-09-27 09:48:30,,,,
pqu3g6jpxk,,key-to-lit-arena-tour-2026-neo-classics,2026-10-10,12:30,セキスイハイムスーパーアリーナ,electronic,female,同時入場 開演5分前ランダムにてお渡し,m,5.0,,ランダム,2026-09-25 02:01:16,scrape_observed,2026-09-26 01:01:13,,,listing,1,22000,"最後までご確認いただき、ご了承いただけた方のみご購入をお願いいたします。

・同時入場後チケットを一旦回収し解散した後、座席選択後にランダムでチケットをお渡しし...",True,,,absent_unknown,2026-09-27 10:50:04,2026-09-27 09:48:30,,,,
eh1awo3da1,,key-to-lit-arena-tour-2026-neo-classics,2026-10-10,12:30,セキスイハイムスーパーアリーナ,electronic,none,ランダム配布(集合少人数),p,5.0,,ランダム,2026-09-25 02:01:16,scrape_observed,2026-09-26 01:01:13,,,listing,1,20000,"【必ず下記全てお読みいただきご理解いただけた方のみご購入下さい】
【即決取引ですが、購入前コメント必須。こちらの返信を受け取ってから購入して下さい】
【購入され...",True,,,absent_unknown,2026-09-27 10:50:04,2026-09-27 09:48:30,,,,
xh737tqvkl,,key-to-lit-arena-tour-2026-neo-classics,2026-10-10,12:30,セキスイハイムスーパーアリーナ,electronic,female,同行,S,5.0,,ランダム,2026-09-25 02:01:16,scrape_observed,2026-09-26 01:01:13,,,listing,1,20000,"【ランダム配布にご理解ある方のみご購入お願い致します】
同時入場後、ランダムでチケットをお渡しさせて頂きます。
ご自身での座席選択はできかねますのでご了承くださ...",True,,,absent_unknown,2026-09-27 10:50:04,2026-09-27 09:48:30,,,,
m7p5wy9wuy,,key-to-lit-arena-tour-2026-neo-classics,2026-10-10,12:30,セキスイハイムスーパーアリーナ,electronic,female,同行,あ,5.0,,番手,2026-09-25 02:01:16,scrape_observed,2026-09-26 01:01:13,,,listing,2,68000,"4名義中2番手、下3桁提示可能、全て初期当選該当有効期限内、すり替えなし
⭐️公演当日は会場付近で待ち合わせをし、同時入場していただきます。
⭐️詳しい待ち合わ...",True,,,absent_unknown,2026-09-27 10:50:04,2026-09-27 09:48:30,,,,
ffomrwcuoa,,key-to-lit-arena-tour-2026-neo-classics,2026-10-10,12:30,セキスイハイムスーパーアリーナ,electronic,female,QR毎/初期当選/該当名義（変更ボタン無）/有効期限内/下3桁提示可/着ブロ指定なし/クレカ決済(同一クレカ決済なし)/同一氏名名義を含め過去エラーなし/発送物戻りなし,rumi,5.0,,QR,2026-09-25 02:01:16,scrape_observed,2026-09-26 01:01:13,,,listing,2,55000,"公演前日に連絡ボードにてログイン情報をお伝えします。
同行者登録は購入者の方にてご対応お願いします。
入場しましたら開演時間までにログアウト、受け取り通知をお願...",True,,,absent_unknown,2026-09-27 10:50:05,2026-09-27 09:48:30,,,,
pnz7hg3d5s,,key-to-lit-arena-tour-2026-neo-classics,2026-10-10,12:30,セキスイハイムスーパーアリーナ,electronic,female,同行,ゆ。,5.0,,番手,2026-09-25 02:01:16,scrape_observed,2026-09-26 01:01:13,,,listing,2,43500,"2名義中2番手/すり替えなし/該当名義/初期当選/有効期限内/変更ボタンあり/下3桁提示可/サイチェン不可/本人確認不可

・公演当日、開場20～30分前を目安...",True,,,absent_unknown,2026-09-27 10:50:05,2026-09-27 09:48:30,,,,
mtpn6qnnjv,,key-to-lit-arena-tour-2026-neo-classics,2026-10-10,12:30,セキスイハイムスーパーアリーナ,electronic,none,同行,c,4.9,,ランダム記載あり,2026-09-25 02:01:16,scrape_observed,2026-09-26 01:01:13,,,listing,1,18000,"・当日開場30分前を目処に会場付近に集合し同時入場して頂きます。詳しい集合時間や場所は当日朝までに連絡ボードにてご連絡致します。
・遅刻は厳禁でお願い致します。...",True,,,absent_unknown,2026-09-27 10:50:06,2026-09-27 09:48:30,,,,
9h8dk2y9wt,,key-to-lit-arena-tour-2026-neo-classics,2026-10-10,12:30,セキスイハイムスーパーアリーナ,electronic,female,同行,r,4.8,,ランダム,2026-09-25 02:01:16,scrape_observed,2026-09-26 01:01:13,,,listing,1,14000,"座席未定 ランダム配布 条件あり 座席選択不可 代理購入不可 
 ランダム配布になりますので最後までご一読のうえご理解いただけた方のみご購入下さい。

・複数名...",True,,,absent_unknown,2026-09-27 10:50:06,2026-09-27 09:48:30,,,,
e755qfqkep,,key-to-lit-arena-tour-2026-neo-classics,2026-10-10,12:30,セキスイハイムスーパーアリーナ,electronic,female,4名義中2番手,れの,5.0,,番手,2026-09-25 02:01:16,scrape_observed,2026-09-26 01:01:13,,,listing,2,69000,4名義中2番手/初期当選/すべて該当名義/すり替えなし/下3桁提示可/有効期限内 / 発送物戻りなし/着ブロ希望なし/Pay-easy入金/サイチェン可/変更ボ...,True,,,absent_unknown,2026-09-27 10:50:06,2026-09-27 09:48:30,,,,
l7ov3n493a,,key-to-lit-arena-tour-2026-neo-classics,2026-10-10,12:30,セキスイハイムスーパーアリーナ,electronic,none,同行,あ,4.8,,ランダム,2026-09-25 02:01:16,scrape_observed,2026-09-26 01:01:13,,,listing,1,16000,"ランダム配布

★購入する際はプライベート出品またはプラベルに切り替えさせて頂きますので購入希望の方は必ずメッセージお願いします。

・詳しい待ち合わせ時間・場...",True,,,absent_unknown,2026-09-27 10:50:06,2026-09-27 09:48:30,,,,
gyr6lmq4cs,,key-to-lit-arena-tour-2026-neo-classics,2026-10-10,12:30,セキスイハイムスーパーアリーナ,electronic,female,公演日前日18時までにQRコード共有,ゆき,5.0,,ランダム記載あり,2026-09-25 02:01:16,scrape_observed,2026-09-26 01:01:13,,,listing,1,70000,"座席未定/QR毎/復活当選/重複すり替えなし/下3桁提示/有効期限内/着ブロ希望なし

公演中止の際は手数料を差し引いた金額を返金致しますが、それ以外の如何なる...",True,,,absent_unknown,2026-09-27 10:50:07,2026-09-27 09:48:30,,,,
1111k5vio1,,key-to-lit-arena-tour-2026-neo-classics,2026-10-10,12:30,セキスイハイムスーパーアリーナ,electronic,female,当日開場30~15分前に集合し同時入場,an,5.0,,番手,2026-09-25 02:01:16,scrape_observed,2026-09-26 01:01:13,,,listing,2,60000,"2名義中2番手/該当名義のみ/初期当選のみ/有効期限内/変更ボタンあり/下3桁提示可/過去エラーなし

・公演当日会場付近にて待ち合わせし、同時入場していただき...",True,,,absent_unknown,2026-09-27 10:50:07,2026-09-27 09:48:30,,,,
cqdkn597ah,,key-to-lit-arena-tour-2026-neo-classics,2026-10-10,12:30,セキスイハイムスーパーアリーナ,electronic,female,公演日3日前までにQRコード共有,m,4.9,,QR,2026-09-25 02:01:16,scrape_observed,2026-09-26 01:01:13,,,listing,2,64000,"QR毎/情報局先行/該当名義(変更ボタンあり)/初期当選/有効期限内/すり替えなし下3桁提示可/同行者登録可/過去エラーなし

当選歴:昨年ツアースタンド席...",True,,,absent_unknown,2026-09-27 10:50:08,2026-09-27 09:48:30,,,,
5di1707535,,key-to-lit-arena-tour-2026-neo-classics,2026-10-10,12:30,セキスイハイムスーパーアリーナ,electronic,female,同行,あ,4.8,,番手ランダム,2026-09-25 02:01:16,scrape_observed,2026-09-26 01:01:13,,,listing,2,40000,"⭐️すり替えなし (下3桁提示可能)⭐️

初期当選/該当名義(変更ボタン有)/有効期限内
↑
全て上記に該当している名義でのすり替えなしランダム配布です。...",True,,,absent_unknown,2026-09-27 10:50:08,2026-09-27 09:48:30,,,,
74o8iecesa,,key-to-lit-arena-tour-2026-neo-classics,2026-10-10,12:30,セキスイハイムスーパーアリーナ,paper,none,当日手渡し,れ,4.8,,ランダム番手同行QR,2026-09-25 02:01:16,scrape_observed,2026-09-26 01:01:13,,,listing,2,41000,"すり替えなし即配布
初期当選,期限内名義のみ発券
入場後券面にて座席確認しチケット配布します

2枚購入時には連番チケットお渡しします

【取引にあたり注意事項...",True,,,absent_unknown,2026-09-27 10:50:09,2026-09-27 09:48:30,,,,
4vj85tmgwf,,key-to-lit-arena-tour-2026-neo-classics,2026-10-10,12:30,セキスイハイムスーパーアリーナ,electronic,female,入金後すぐにQRコード共有,misuzu,5.0,,QR,2026-09-25 02:01:16,scrape_observed,2026-09-26 01:01:13,,,listing,2,49000,"情報局先行 KEY TO LIT 井上瑞稀名義 初期当選 指定席 2枚申し込み 
QRごとのお譲り 条件ございません 座席未定

情報局先行 ２枚申込みでの当選...",True,,,absent_unknown,2026-09-27 10:50:09,2026-09-27 09:48:30,,,,
hvca7fg2sd,,key-to-lit-arena-tour-2026-neo-classics,2026-10-10,12:30,セキスイハイムスーパーアリーナ,electronic,female,同行,Moa,5.0,,同行番手,2026-09-25 02:01:16,scrape_observed,2026-09-26 01:01:13,,,listing,2,57000,"初期当選、2名義中2番手、全て該当名義、有効期限内、変更ボタンあり、着ブロ希望なし、下3桁提示可、すり替えなし、過去エラーなし

こちらが指定する場所と時間に待...",True,,,absent_unknown,2026-09-27 10:50:09,2026-09-27 09:48:30,,,,
qwratgrxvh,,key-to-lit-arena-tour-2026-neo-classics,2026-10-10,12:30,セキスイハイムスーパーアリーナ,electronic,female,同行,み,5.0,,番手,2026-09-25 02:01:16,scrape_observed,2026-09-26 01:01:13,,,listing,2,58000,"2名義中2番手/すべて初期該当変更ボタンあり/すり替えなし/下3桁提示可/有効期限内

・2名義中2番手のお譲りになります。
・入場時のみ同行者様と分かれて入場...",True,,,absent_unknown,2026-09-27 10:50:09,2026-09-27 09:48:30,,,,
3uyewex639,,key-to-lit-arena-tour-2026-neo-classics,2026-10-10,12:30,セキスイハイムスーパーアリーナ,electronic,female,ランダム配布,lt,4.7,,ランダム,2026-09-25 02:01:16,scrape_observed,2026-09-26 01:01:13,,,listing,2,40000,【エラーで入場できなかった場合のみ返金します。】当日会場付近にて開場時間の20分前までにお待ち合わせ予定になります。【2枚でご購入された場合は必ず2連でチケット...,True,,,absent_unknown,2026-09-27 10:50:10,2026-09-27 09:48:30,,,,
608km30ydk,,key-to-lit-arena-tour-2026-neo-classics,2026-10-10,12:30,セキスイハイムスーパーアリーナ,electronic,female,公演前日,a,5.0,,QR,2026-09-25 02:01:16,scrape_observed,2026-09-26 01:01:13,,,listing,2,78000,"FC先行/初期当選/QR毎/該当名義/有効期限内/下3桁提示可能

⚠️プラベル移行可能な方リクエストお願いします。

QR毎のお譲りです。
公演前日の夜にログ...",True,,,absent_unknown,2026-09-27 10:50:10,2026-09-27 09:48:30,,,,
g4fs7eov4m,,key-to-lit-arena-tour-2026-neo-classics,2026-10-10,12:30,セキスイハイムスーパーアリーナ,electronic,female,公演日前日にログイン情報を共有,ま,5.0,,QR,2026-09-25 02:01:16,scrape_observed,2026-09-26 01:01:13,,,listing,2,55000,"QR毎のお譲り/初期当選/該当名義/変更ボタン有/有効期限内/下3桁提示可/着ブロ希望なし


公演前日にログイン情報をお伝えいたします。
ログイン後はQR表示...",True,,,absent_unknown,2026-09-27 10:50:11,2026-09-27 09:48:30,,,,
wubclado9n,,key-to-lit-arena-tour-2026-neo-classics,2026-10-10,12:30,セキスイハイムスーパーアリーナ,electronic,female,開場15分前までに集合し同時入場,るな,5.0,,番手,2026-09-25 02:01:16,scrape_observed,2026-09-26 01:01:13,,,listing,2,50000,2名義中2番手/初期当選のみ/有効期限内/変更ボタンあり/情報局該当名義のみ/会員番号下3桁提示可/過去エラーなし/公演中止時のみ各種手数料を差し引いた金額を返...,True,,,absent_unknown,2026-09-27 10:50:11,2026-09-27 09:48:30,,,,
1ux6yn5v8r,,key-to-lit-arena-tour-2026-neo-classics,2026-10-10,12:30,セキスイハイムスーパーアリーナ,electronic,female,同行,mm,5.0,,ランダム,2026-09-25 02:01:16,scrape_observed,2026-09-26 01:01:13,,,listing,1,18000,"座席未定 ランダム配布 条件あり 座席選択不可 代理購入不可 

 ランダム配布になりますので最後までご理解いただきご購入ください。  

・複数名義所持してお...",True,,,absent_unknown,2026-09-27 10:50:11,2026-09-27 09:48:30,,,,
68dajenti9,,key-to-lit-arena-tour-2026-neo-classics,2026-10-10,12:30,セキスイハイムスーパーアリーナ,electronic,female,同行,あ,5.0,,ランダム,2026-09-25 02:01:16,scrape_observed,2026-09-26 01:01:13,,,listing,2,40000,"【すりかえなしランダム配布】 
複数当選しております。当方が座席を選択した後、残ったチケットをランダムでお渡し致します。 落札者様にお席をお選び頂くことはできま...",True,,,absent_unknown,2026-09-27 10:50:11,2026-09-27 09:48:30,,,,
yr0f67prwz,,key-to-lit-arena-tour-2026-neo-classics,2026-10-10,12:30,セキスイハイムスーパーアリーナ,paper,female,入金後24時間以内に郵送,a,5.0,,,2026-09-25 02:01:16,scrape_observed,2026-09-26 01:01:13,,,listing,2,27800,"一般発売　立見

定価支払い済み発券したチケットを送らせていただきます。",True,,,absent_unknown,2026-09-27 10:50:12,2026-09-27 09:48:30,,,,
75928d4qiq,,key-to-lit-arena-tour-2026-neo-classics,2026-10-10,12:30,セキスイハイムスーパーアリーナ,electronic,female,公演前日QRコード共有,J,5.0,,QR,2026-09-25 02:01:16,scrape_observed,2026-09-26 01:01:13,,,listing,2,64000,"初期当選/QR毎/有効期限内/Pay-easy決済/重複すり替えなし/着ブロ希望なし/購入後下3桁提示可

プラベルもしくはプライベート出品に切り替えのため、購...",True,,,absent_unknown,2026-09-27 10:50:12,2026-09-27 09:48:30,,,,
cgtdbayduo,,key-to-lit-arena-tour-2026-neo-classics,2026-10-10,12:30,セキスイハイムスーパーアリーナ,electronic,female,同時入場,ちけてんまる,5.0,,ランダム,2026-09-25 02:01:16,scrape_observed,2026-09-26 01:01:13,,,listing,1,17900,"当日、開場30分前に会場付近で待ち合わせをし、同時入場をしていただきます。
詳しい待ち合わせ時間・場所につきましては、公演が近くなりましたら連絡ボードにてお知ら...",True,,,absent_unknown,2026-09-27 10:50:13,2026-09-27 09:48:30,,,,
ajoaf41a10,,key-to-lit-arena-tour-2026-neo-classics,2026-10-10,12:30,セキスイハイムスーパーアリーナ,electronic,female,QRごと,어,5.0,,QR,2026-09-25 02:01:16,scrape_observed,2026-09-26 01:01:13,,,listing,2,70000,"情報局先行 該当名義(変更ボタン有り) 
初期当選 有効期限内コンビニ決済 
重複すり替えなし 同行者登録可
入金後下3桁提示可 着ブロなし
郵送物戻り 過去エ...",True,,,absent_unknown,2026-09-27 10:50:13,2026-09-27 09:48:30,,,,
ru5kn6y79r,,key-to-lit-arena-tour-2026-neo-classics,2026-10-10,12:30,セキスイハイムスーパーアリーナ,electronic,female,同行,れ,5.0,,番手,2026-09-25 02:01:16,scrape_observed,2026-09-26 01:01:13,,,listing,2,45000,"FC先行/初期当選/すり替えなし/期限内/4名義中4番手/下3桁提示可

プラベル出品に切り替えます。
プラベル分からない方ご遠慮ください
公演当日は会場付近に...",True,,,absent_unknown,2026-09-27 10:50:13,2026-09-27 09:48:30,,,,
0unsrae1zn,,key-to-lit-arena-tour-2026-neo-classics,2026-10-10,12:30,セキスイハイムスーパーアリーナ,electronic,female,QRごと,어,5.0,,QR,2026-09-25 02:01:16,scrape_observed,2026-09-25 19:01:22,,,listing,2,65000,"🌟3名義所持🌟
当選歴なし×2
 WTFららスタンド×1

情報局先行 中村嶺亜名義(変更ボタン有り) 
初期当選 有効期限内コンビニ決済 
重複すり替えな...",True,,,absent_unverified,,2026-09-27 09:48:30,,,,
2q6ih3m878,,key-to-lit-arena-tour-2026-neo-classics,2026-10-10,12:30,セキスイハイムスーパーアリーナ,electronic,female,当日手渡し,な,5.0,,番手,2026-09-25 02:01:16,scrape_observed,2026-09-26 01:01:13,,,listing,2,70000,4名義中2番手/初期当選/該当名義/変更ボタンあり/すり替えなし/下3桁提示可/有効期限内/発送物戻りなし/着ブロ希望なし/同一クレカなし/サイチェン可/本人確...,True,,,absent_unknown,2026-09-27 10:50:13,2026-09-27 09:48:30,,,,
ik0vvzp3m7,,key-to-lit-arena-tour-2026-neo-classics,2026-10-10,12:30,セキスイハイムスーパーアリーナ,electronic,female,同行,𐔌˘- · •̤ᐢ𐦯,5.0,,番手,2026-09-25 02:01:16,scrape_observed,2026-09-26 01:01:13,,,listing,2,50000,"3名義中3番手



初期当選/該当/有効期限内/下3桁提示可能/重複すり替えなし同行/

当日は開場時間を目安に待ち合わせし、同時入場いたします。時間や場所の...",True,,,absent_unknown,2026-09-27 10:50:14,2026-09-27 09:48:30,,,,
c4e4g7yqb8,,key-to-lit-arena-tour-2026-neo-classics,2026-10-10,12:30,セキスイハイムスーパーアリーナ,electronic,female,公演前日にQRコード共有,⭐︎⭐︎,5.0,,QR,2026-09-25 02:01:16,scrape_observed,2026-09-26 01:01:13,,,listing,2,69000,"情報局先行　初期当選　非該当　有効期限内

⚠️プラベル移行可能な方リクエストお願いします。

前日にログインに必要な情報を、お伝え致します。同行者登録・同意チ...",True,,,absent_unknown,2026-09-27 10:50:14,2026-09-27 09:48:30,,,,
sczabqryhw,,key-to-lit-arena-tour-2026-neo-classics,2026-10-10,12:30,セキスイハイムスーパーアリーナ,electronic,female,同行,てぁ,5.0,,番手,2026-09-25 02:01:16,scrape_observed,2026-09-26 01:01:13,,,listing,2,65000,"【連番 3名義中2番手】
⭐️すべて連番/初期当選/該当名義/変更ボタン有/有効期限内/下3桁提示可/すり替えなし/着ブロ希望なし
⭐️ご購入の際にチケテン入場...",True,,,absent_unknown,2026-09-27 10:50:15,2026-09-27 09:48:30,,,,
3du49j6uvn,,key-to-lit-arena-tour-2026-neo-classics,2026-10-10,12:30,セキスイハイムスーパーアリーナ,electronic,female,同行,mm,5.0,,ランダム,2026-09-25 02:01:16,scrape_observed,2026-09-26 01:01:13,,,listing,1,18000,"座席未定 ランダム配布 条件あり 座席選択不可 代理購入不可 

 ランダム配布になりますので最後までご理解いただきご購入ください。  

・複数名義所持してお...",True,,,absent_unknown,2026-09-27 10:50:15,2026-09-27 09:48:30,,,,
94675ur6jb,,key-to-lit-arena-tour-2026-neo-classics,2026-10-10,12:30,セキスイハイムスーパーアリーナ,electronic,none,同行,あ,4.8,,ランダム,2026-09-25 02:01:16,scrape_observed,2026-09-26 01:01:13,,,listing,2,32000,"ランダム配布 2連確約

★購入する際はプライベート出品またはプラベルに切り替えさせて頂きますので購入希望の方は必ずメッセージお願いします。

・詳しい待ち合わ...",True,,,absent_unknown,2026-09-27 10:50:15,2026-09-27 09:48:30,,,,
ayi5uaqrtu,,key-to-lit-arena-tour-2026-neo-classics,2026-10-10,12:30,セキスイハイムスーパーアリーナ,electronic,female,同行,あ,5.0,,ランダム,2026-09-25 02:01:16,scrape_observed,2026-09-26 01:01:13,,,listing,1,17900,"当方が座席を選択した後、残ったチケットをランダムでお渡し致します。
ご購入様にお席をお選び頂くことはできません。

発券後、一度チケットを全て回収させていただき...",True,,,absent_unknown,2026-09-27 10:50:16,2026-09-27 09:48:30,,,,
6eksp6tafc,,key-to-lit-arena-tour-2026-neo-classics,2026-10-10,12:30,セキスイハイムスーパーアリーナ,electronic,female,同行,ぴぴ,5.0,,同行番手,2026-09-25 02:01:16,scrape_observed,2026-09-26 01:01:13,,,listing,1,56000,"2名義中2番手1枚(2名義目)/初期当選/ボタンあり該当名義/有効期限内/すり替えなし/下3桁提示可
・2名義所持のためチケットを2名義中2名義目を配布いたしま...",True,,,absent_unknown,2026-09-27 10:50:16,2026-09-27 09:48:30,,,,
o1ingsmxu8,,key-to-lit-arena-tour-2026-neo-classics,2026-10-10,12:30,セキスイハイムスーパーアリーナ,electronic,female,2名義中2番手/初期当選/該当名義/すり替えなし/有効期間内/下3桁提示可,ミ,5.0,,番手,2026-09-25 02:01:16,scrape_observed,2026-09-26 01:01:13,,,listing,2,45000,"2連*2名義
⭐️購入希望の方プライベート出品に切り替えますので気軽にメッセージ下さい。一部当日手渡し対応可能です。

・ 当日は開場の20分前を目安に指定場所...",True,,,absent_unknown,2026-09-27 10:50:16,2026-09-27 09:48:30,,,,
ct59pi1od0,,key-to-lit-arena-tour-2026-neo-classics,2026-10-10,12:30,セキスイハイムスーパーアリーナ,electronic,female,同行,ゆ,5.0,,ランダム,2026-09-25 02:01:16,scrape_observed,2026-09-26 01:01:13,,,listing,2,35000,"ランダムすり替え有

単番の場合即決2.5",True,,,absent_unknown,2026-09-27 10:50:17,2026-09-27 09:48:30,,,,
bpqqfhqrzv,,key-to-lit-arena-tour-2026-neo-classics,2026-10-10,12:30,セキスイハイムスーパーアリーナ,electronic,female,2名義中2番手,co,5.0,,番手同行,2026-09-25 02:01:16,scrape_observed,2026-09-26 01:01:13,,,listing,2,55000,"2名義中2番手/初期当選/該当×1.非該当(着ブロ希望)×1/変更ボタンあり/有効期限内/すり替えなし/会員番号下3桁提示可能

開場時間頃、入場口付近でお待ち...",True,,,absent_unknown,2026-09-27 10:50:17,2026-09-27 09:48:30,,,,
085aqt8drv,,key-to-lit-arena-tour-2026-neo-classics,2026-10-10,17:30,セキスイハイムスーパーアリーナ,electronic,female,同行,Eri,5.0,,同行番手,2026-09-25 02:01:16,scrape_observed,2026-09-26 01:01:13,,,listing,2,64000,"3名義中2番手/該当名義のみ/初期当選/有効期限内/すり替えなし/下3桁提示可

・公演当日、開演約1時間前を目処に会場付近で待ち合わせします。詳しいお時間や待...",True,,,absent_unknown,2026-09-27 10:50:17,2026-09-27 09:48:30,,,,
8jnbaexvac,,key-to-lit-arena-tour-2026-neo-classics,2026-10-10,17:30,セキスイハイムスーパーアリーナ,electronic,none,同行,c,4.9,,ランダム記載あり,2026-09-25 02:01:16,scrape_observed,2026-09-26 01:01:13,,,listing,2,40000,"7名義中7番手
全て初期当選･該当名義･変更ボタン有･期限内名義です。会員番号下3桁提示可/すり替えなし
・当日開場45分前を目処に会場付近に集合し同時入場して...",True,,,absent_unknown,2026-09-27 10:50:18,2026-09-27 09:48:30,,,,
4a4mcytaxf,,key-to-lit-arena-tour-2026-neo-classics,2026-10-10,17:30,セキスイハイムスーパーアリーナ,electronic,female,同行,ちぴ,5.0,,同行,2026-09-25 02:01:16,scrape_observed,2026-09-26 01:01:13,,,listing,1,75000,"QR毎/初期当選/該当名義/変更ボタン有/有効期限内/下3桁提示可/着ブロ希望なし


当日開場前に待ち合わせし、一緒に入場をお願い致します。
入場後座席を確認...",True,,,absent_unknown,2026-09-27 10:50:18,2026-09-27 09:48:30,,,,
nl5aguiehz,,key-to-lit-arena-tour-2026-neo-classics,2026-10-10,17:30,セキスイハイムスーパーアリーナ,paper,female,当日手渡し,m,5.0,,ランダム,2026-09-25 02:01:16,scrape_observed,2026-09-26 01:01:13,,,listing,1,17999,"管理の関係でプライベート出品させていただきたいので購入希望の方はコメントお願いします。
ランダム配布を理解されている日本語の通じる女性の方のみご購入お願いいたし...",True,,,absent_unknown,2026-09-27 10:50:18,2026-09-27 09:48:30,,,,
46g3vvb7vk,,key-to-lit-arena-tour-2026-neo-classics,2026-10-10,17:30,セキスイハイムスーパーアリーナ,electronic,female,同行,あ,4.8,,番手ランダム,2026-09-25 02:01:16,scrape_observed,2026-09-26 01:01:13,,,listing,2,43000,"⭐️すり替えなし (下3桁提示可能)

初期当選/該当名義(変更ボタン有)/有効期限内
↑
全て上記に該当している名義でのすり替えなしランダム配布です。

★購...",True,,,absent_unknown,2026-09-27 10:50:19,2026-09-27 09:48:30,,,,
6mnzi18h3w,,key-to-lit-arena-tour-2026-neo-classics,2026-10-10,17:30,セキスイハイムスーパーアリーナ,electronic,female,同行,u,5.0,,番手,2026-09-25 02:01:16,scrape_observed,2026-09-26 01:01:13,,,listing,1,58000,"
2名義中2番手/該当初期当選×2/すり替え無し/下3桁提示可/全名義有効期限内

プライベート出品にしますので、購入希望の方は一度ご連絡ください。

チケット...",True,,,absent_unknown,2026-09-27 10:50:19,2026-09-27 09:48:30,,,,
5qk7uis4h0,,key-to-lit-arena-tour-2026-neo-classics,2026-10-10,17:30,セキスイハイムスーパーアリーナ,electronic,female,2名義中2番手/該当名義/すり替えなし/初期当選/有効期間内/下3桁提示可,ミ,5.0,,番手,2026-09-25 02:01:16,scrape_observed,2026-09-26 01:01:13,,,listing,2,59000,"2連*2名義
⭐️購入希望の方プライベート出品に切り替えますので気軽にメッセージ下さい。一部当日手渡し対応可能です。

・ 当日は開場の20分前を目安に指定場所...",True,,,absent_unknown,2026-09-27 10:50:19,2026-09-27 09:48:30,,,,
72nnbazx63,,key-to-lit-arena-tour-2026-neo-classics,2026-10-10,17:30,セキスイハイムスーパーアリーナ,electronic,female,同行,ゆ,5.0,,ランダム,2026-09-25 02:01:16,scrape_observed,2026-09-26 01:01:13,,,listing,1,20000,"特別出品しますのでコメントお願い致します。
ランダム配布

公演当日、開場時間の30分前頃に会場付近にて待ち合わせし、同時入場していただきます。
詳しい待ち合わ...",True,,,absent_unknown,2026-09-27 10:50:20,2026-09-27 09:48:30,,,,
n650k516x1,,key-to-lit-arena-tour-2026-neo-classics,2026-10-10,17:30,セキスイハイムスーパーアリーナ,electronic,female,同行,mi,5.0,,同行,2026-09-25 02:01:16,scrape_observed,2026-09-26 01:01:13,,,listing,1,100000,"初期当選／座席未定／重複すり替えなし同行／該当名義／変更ボタン有／有効期限内／下3桁提示可能／着席希望なし

・公演当日は開場時間5分前に会場周辺にて待ち合わせ...",True,,,absent_unknown,2026-09-27 10:50:20,2026-09-27 09:48:30,,,,
p36i9ml4p9,,key-to-lit-arena-tour-2026-neo-classics,2026-10-10,17:30,セキスイハイムスーパーアリーナ,electronic,none,同行,c,4.9,,ランダム記載あり,2026-09-25 02:01:16,scrape_observed,2026-09-26 01:01:13,,,listing,2,49000,"7名義中6番手
全て初期当選･該当名義･変更ボタン有･期限内名義です。会員番号下3桁提示可/すり替えなし
・当日開場45分前を目処に会場付近に集合し同時入場して...",True,,,absent_unknown,2026-09-27 10:50:20,2026-09-27 09:48:30,,,,
ni9pvnpzou,,key-to-lit-arena-tour-2026-neo-classics,2026-10-10,17:30,セキスイハイムスーパーアリーナ,electronic,none,同行,A,5.0,,ランダム,2026-09-25 02:01:16,scrape_observed,2026-09-26 01:01:13,,,listing,1,27000,"
当方が座席を選択した後、残ったチケットをランダムでお渡し致します。
ご購入様にお席をお選び頂くことはできません。

発券後、一度チケットを全て回収させていただ...",True,,,absent_unknown,2026-09-27 10:50:21,2026-09-27 09:48:30,,,,
vzdlywa742,,key-to-lit-arena-tour-2026-neo-classics,2026-10-10,17:30,セキスイハイムスーパーアリーナ,electronic,female,公演前日,a,5.0,,QR,2026-09-25 02:01:16,scrape_observed,2026-09-26 01:01:13,,,listing,2,125000,"FC先行/初期当選/QR毎/該当名義/有効期限内/下3桁提示可能

⚠️プラベル移行可能な方リクエストお願いします。

QR毎のお譲りです。
公演前日の夜にログ...",True,,,absent_unknown,2026-09-27 10:50:21,2026-09-27 09:48:30,,,,
ev2cgu98he,,key-to-lit-arena-tour-2026-neo-classics,2026-10-10,17:30,セキスイハイムスーパーアリーナ,electronic,female,公演日前日にQRコード共有,a,5.0,,QR,2026-09-25 02:01:16,scrape_observed,2026-09-26 01:01:13,,,listing,2,61980,"QRごとのお譲り

初期当選/ 有効期限内/該当名義(変更ボタン有)/着ブロ選択なし/座席未定/過去エラー歴なし

ご申請後プラベルにて専用出品いたします。
値...",True,,,absent_unknown,2026-09-27 10:50:21,2026-09-27 09:48:30,,,,
m0t3bqq1s8,,key-to-lit-arena-tour-2026-neo-classics,2026-10-10,17:30,セキスイハイムスーパーアリーナ,electronic,female,公演日1日前までにQRコード共有,m,4.8,,QR,2026-09-25 02:01:16,scrape_observed,2026-09-26 01:01:13,,,listing,2,65000,"情報局先行 KEY TO LIT該当名義(変更ボタンあり) 初期当選 有効期限内 同行者登録可能 2連番 下3桁提示可能
QRごとのお譲り。

情報局先行 2連...",True,,,absent_unknown,2026-09-27 10:50:22,2026-09-27 09:48:30,,,,
pqrkmjhwos,,key-to-lit-arena-tour-2026-neo-classics,2026-10-10,17:30,セキスイハイムスーパーアリーナ,electronic,none,ランダム配布,r,5.0,,ランダム,2026-09-25 02:01:16,scrape_observed,2026-09-26 01:01:13,,,listing,1,15000,"複数名義所持しているため、同時入場後に1度チケットを回収させていただき、当方が座席選択後にランダムに配布します。

チケットの選択にお時間をいただきますのであら...",True,,,absent_unknown,2026-09-27 10:50:22,2026-09-27 09:48:30,,,,
azhm1viudz,,key-to-lit-arena-tour-2026-neo-classics,2026-10-10,17:30,セキスイハイムスーパーアリーナ,electronic,female,公演前日にログイン情報お伝えします,みみ,5.0,,同行記載あり,2026-09-25 02:01:16,scrape_observed,2026-09-26 01:01:13,,,listing,2,100000,QRごと/初期当選/該当(中村)名義/有効期限内/下三桁事前にお伝え可能/すり替えなし/重複当選なし/ペイジー決済/過去にエラー等ございません/変更ボタンあり/...,True,,,absent_unknown,2026-09-27 10:50:22,2026-09-27 09:48:30,,,,
tc6dp37c8c,,key-to-lit-arena-tour-2026-neo-classics,2026-10-10,17:30,セキスイハイムスーパーアリーナ,electronic,female,同行,ぺこ,5.0,,番手,2026-09-25 02:01:16,scrape_observed,2026-09-26 01:01:13,,,listing,2,60000,"2名義中2名義目
初期当選　該当名義　変更ボタン有り　有効期限内　下3桁提示可　すり替えなし

待ち合わせ場所、時間はお日にちが近くなりしたら連絡ボードにてご連...",True,,,absent_unknown,2026-09-27 10:50:23,2026-09-27 09:48:30,,,,
z1mdgrkcgv,,key-to-lit-arena-tour-2026-neo-classics,2026-10-10,17:30,セキスイハイムスーパーアリーナ,electronic,female,同時入場,y,5.0,,番手,2026-09-25 02:01:16,scrape_observed,2026-09-26 01:01:13,,,listing,2,57000,"2名義中2番手
変更ボタンあり該当名義/有効期限内/すり替えなし
前日までに集合時間をご連絡致します。購入者様が遅刻した場合、先に入場しますが受取り評価はしてい...",True,,,absent_unknown,2026-09-27 10:50:23,2026-09-27 09:48:30,,,,
ymc41fpnzs,,key-to-lit-arena-tour-2026-neo-classics,2026-10-10,17:30,セキスイハイムスーパーアリーナ,electronic,female,同行,ゆ,5.0,,ランダム,2026-09-25 02:01:16,scrape_observed,2026-09-26 01:01:13,,,listing,2,35000,"ランダムすり替え有
",True,,,absent_unknown,2026-09-27 10:50:24,2026-09-27 09:48:30,,,,
jaua8bzfo4,,key-to-lit-arena-tour-2026-neo-classics,2026-10-10,17:30,セキスイハイムスーパーアリーナ,electronic,female,公演日前日にログイン情報共有,m,5.0,,QR,2026-09-25 02:01:16,scrape_observed,2026-09-26 01:01:13,,,listing,1,80000,"単番QRごと/該当名義(変更ボタン有)/初期当選/有効期限内/購入後下3桁提示可能/発送物戻りなし/着ブロ希望なし/Pay-easy決済

・公演前日までにログ...",True,,,absent_unknown,2026-09-27 10:50:24,2026-09-27 09:48:30,,,,
vija1qwzsb,,key-to-lit-arena-tour-2026-neo-classics,2026-10-10,17:30,セキスイハイムスーパーアリーナ,electronic,female,公演日前日までにQRコード共有,ｙｎ★,5.0,,QR,2026-09-25 02:01:16,scrape_observed,2026-09-26 01:01:13,,,listing,2,130000,"座席未定/初期当選/重複、すり替えなし/QR毎のお譲り/有効期間内名義/Pay-easy支払い済み/公演日2〜3日前発送予定

※下三桁提示可能

公演日前日ま...",True,,,absent_unknown,2026-09-27 10:50:24,2026-09-27 09:48:30,,,,
h93udeozqc,,key-to-lit-arena-tour-2026-neo-classics,2026-10-10,17:30,セキスイハイムスーパーアリーナ,electronic,female,同行,れ,5.0,,番手,2026-09-25 02:01:16,scrape_observed,2026-09-26 01:01:13,,,listing,2,40000,"FC先行/初期当選/すり替えなし/期限内/6名義中6番手/下3桁提示可/全て該当名義

プラベル出品に切り替えます。
プラベル分からない方はご遠慮ください。その...",True,,,absent_unknown,2026-09-27 10:50:24,2026-09-27 09:48:30,,,,
npwuamndta,,key-to-lit-arena-tour-2026-neo-classics,2026-10-10,17:30,セキスイハイムスーパーアリーナ,paper,female,入金後24時間以内に郵送,M,5.0,,,2026-09-25 02:01:16,scrape_observed,2026-09-26 01:01:13,,,listing,2,39000,"一般発売　注釈指定席
別途支払い不要です。
チケットを送らせていただきます。
プラベル対応可能です。",True,,,absent_unknown,2026-09-27 10:50:25,2026-09-27 09:48:30,,,,
kj9kwz202x,,key-to-lit-arena-tour-2026-neo-classics,2026-10-10,17:30,セキスイハイムスーパーアリーナ,paper,female,公演日までに郵送,mi,5.0,,,2026-09-25 02:01:16,scrape_observed,2026-09-26 01:01:13,,,listing,1,30000,"【一般立見指定(1名券)】

※プラベルにて出品いたしますのでご購入前にコメントください (プライベート出品も可)

ご入金確認後チケットを発送いたします。(レ...",True,,,absent_unknown,2026-09-27 10:50:25,2026-09-27 09:48:30,,,,
xo68qstsmo,,key-to-lit-arena-tour-2026-neo-classics,2026-10-10,17:30,セキスイハイムスーパーアリーナ,electronic,female,同行,Eri,5.0,,同行番手,2026-09-25 02:01:16,scrape_observed,2026-09-26 01:01:13,,,listing,2,58000,"3名義中3番手/該当名義のみ/初期当選/有効期限内/すり替えなし/下3桁提示可

・公演当日、開演約1時間前を目処に会場付近で待ち合わせします。詳しいお時間や待...",True,,,absent_unknown,2026-09-27 10:50:26,2026-09-27 09:48:30,,,,
2z5gcglh1x,,key-to-lit-arena-tour-2026-neo-classics,2026-10-10,17:30,セキスイハイムスーパーアリーナ,electronic,female,2名義中2番手,co,5.0,,番手同行,2026-09-25 02:01:16,scrape_observed,2026-09-26 01:01:13,,,listing,2,60000,"2名義中2番手/初期当選/該当×1.非該当(着ブロ希望)×1/変更ボタンあり/有効期限内/すり替えなし/会員番号下3桁提示可能

開場時間頃、入場口付近でお待ち...",True,,,absent_unknown,2026-09-27 10:50:26,2026-09-27 09:48:30,,,,
7xn3ak59fi,,key-to-lit-arena-tour-2026-neo-classics,2026-10-10,17:30,セキスイハイムスーパーアリーナ,electronic,female,4名義中3番手,mp,5.0,,番手,2026-09-25 02:01:16,scrape_observed,2026-09-26 01:01:13,,,listing,2,50000,プラベル優先に切り替えますので申請ください／すべて情報局先行／座席未定／重複すり替えなし／初期当選／該当名義／変更ボタン有／有効期限内／下3桁提示可能／着席希望...,True,,,absent_unknown,2026-09-27 10:50:26,2026-09-27 09:48:30,,,,
tw7corge5y,,key-to-lit-arena-tour-2026-neo-classics,2026-10-10,17:30,セキスイハイムスーパーアリーナ,electronic,female,同行,mm,5.0,,ランダム,2026-09-25 02:01:16,scrape_observed,2026-09-26 01:01:13,,,listing,1,18000,"座席未定 ランダム配布 条件あり 座席選択不可 代理購入不可 

 ランダム配布になりますので最後までご理解いただきご購入ください。  

・複数名義所持してお...",True,,,absent_unknown,2026-09-27 10:50:26,2026-09-27 09:48:30,,,,
nz6oiixkbj,,key-to-lit-arena-tour-2026-neo-classics,2026-10-10,17:30,セキスイハイムスーパーアリーナ,electronic,female,同行,N,5.0,,同行,2026-09-25 02:01:16,scrape_observed,2026-09-26 01:01:13,,,listing,1,70000,"初期当選／座席未定／重複すり替えなし同行／該当名義／変更ボタン有／有効期限内／下3桁提示可能／着席希望なし

・公演当日は開場時間5分前に会場周辺にて待ち合わせ...",True,,,absent_unknown,2026-09-27 10:50:27,2026-09-27 09:48:30,,,,
5zl77b1q91,,key-to-lit-arena-tour-2026-neo-classics,2026-10-10,17:30,セキスイハイムスーパーアリーナ,electronic,female,同行,r,4.8,,ランダム,2026-09-25 02:01:16,scrape_observed,2026-09-26 01:01:13,,,listing,1,17000,"座席未定 ランダム配布 条件あり 座席選択不可 代理購入不可 
 ランダム配布になりますので最後までご一読のうえご理解いただけた方のみご購入下さい。

・複数名...",True,,,absent_unknown,2026-09-27 10:50:27,2026-09-27 09:48:30,,,,
20lxmbv9ry,,key-to-lit-arena-tour-2026-neo-classics,2026-10-10,17:30,セキスイハイムスーパーアリーナ,electronic,female,公演日前日までにログイン情報共有,い,5.0,,QR,2026-09-25 02:01:16,scrape_observed,2026-09-26 01:01:13,,,listing,2,80000,"情報局先行/座席未定/QRごと/初期当選/下3桁提示可/該当名義/変更ボタンあり/有効期限内

・公演前までにログインに必要な情報をお伝えいたします

・同行者...",True,,,absent_unknown,2026-09-27 10:50:28,2026-09-27 09:48:30,,,,
sezss2wwoz,,key-to-lit-arena-tour-2026-neo-classics,2026-10-10,17:30,セキスイハイムスーパーアリーナ,electronic,none,ランダム配布,うきぴ,4.9,,ランダム,2026-09-25 02:01:16,scrape_observed,2026-09-26 01:01:13,,,listing,1,17000,"公演当日は開場時間の40分前に会場付近にお集まりいただき、同時入場していただきます。

詳しい時間はお日にちが近づきましたらメッセージボードにてご連絡いたします...",True,,,absent_unknown,2026-09-27 10:50:28,2026-09-27 09:48:30,,,,
cjl4f6ej86,,key-to-lit-arena-tour-2026-neo-classics,2026-10-10,17:30,セキスイハイムスーパーアリーナ,electronic,female,同時入場,あちゃん,4.8,,番手,2026-09-25 02:01:16,scrape_observed,2026-09-26 01:01:13,,,listing,1,0,"⭐️2名義中1番手同行⭐️⚠️座席選択権なし

該当名義/初期当選/下3桁提示可能/有効期限内/変更ボタン有

🔴注意事項🔴
・開場時間15分前目安に会場前...",True,,,absent_unknown,2026-09-27 10:50:28,2026-09-27 09:48:30,,,,
23ahhj3he8,,key-to-lit-arena-tour-2026-neo-classics,2026-10-10,17:30,セキスイハイムスーパーアリーナ,electronic,female,同時入場、ランダム配布,な,5.0,,ランダム,2026-09-25 02:01:16,scrape_observed,2026-09-26 01:01:13,,,listing,1,18000,"購入の際にコメント不要ですが評価によっては申請を却下させていただく場合があります。
以下の内容をご理解いただける方でお願いします。

・同行者登録に協力いただく...",True,,,absent_unknown,2026-09-27 10:50:28,2026-09-27 09:48:30,,,,
jvuj8gmunb,,key-to-lit-arena-tour-2026-neo-classics,2026-10-10,17:30,セキスイハイムスーパーアリーナ,electronic,female,公演日1日前までにQRコード共有,a,5.0,,QR,2026-09-25 02:01:16,scrape_observed,2026-09-26 01:01:13,,,listing,2,67000,"情報局先行 該当名義 変更ボタンあり 初期当選 QRごと 重複すり替えなし 下3桁提示可能 有効期限内 着ブロ希望なし 郵送物戻りなし 過去エラーなし 

同行...",True,,,absent_unknown,2026-09-27 10:50:29,2026-09-27 09:48:30,,,,
adnnjhphjt,,key-to-lit-arena-tour-2026-neo-classics,2026-10-10,17:30,セキスイハイムスーパーアリーナ,electronic,none,ランダム配布　同時入場,sa,5.0,,ランダム,2026-09-25 02:01:16,scrape_observed,2026-09-26 01:01:13,,,listing,2,25000,"公演当日15:50までに会場付近で待ち合わせし、同時入場していただきます。

購入者様は座席をお選びいただけません。
入場後は、発券したチケットを回収した後、一...",True,,,absent_unknown,2026-09-27 10:50:29,2026-09-27 09:48:30,,,,
yfh4lwqpoc,,key-to-lit-arena-tour-2026-neo-classics,2026-10-10,17:30,セキスイハイムスーパーアリーナ,electronic,female,同行,♡,4.4,,ランダム,2026-09-25 02:01:16,scrape_observed,2026-09-26 01:01:13,,,listing,1,18000,"ランダム配布を理解している方のみご購入ください。

複数名義所持しているため、同時入場後は発券したチケットを一度回収させて頂き、座席はこちらで選ばせて頂きます。...",True,,,absent_unknown,2026-09-27 10:50:30,2026-09-27 09:48:30,,,,
290da05wiz,,key-to-lit-arena-tour-2026-neo-classics,2026-10-10,17:30,セキスイハイムスーパーアリーナ,electronic,female,公演日前日までにQRコード共有,ぽむ,5.0,,QR,2026-09-25 02:01:16,scrape_observed,2026-09-26 01:01:13,,,listing,2,64500,"FC先行/座席未定/初期当選/QRごと/すり替えなし/該当名義(中村)/期限内名義/Pay-easy支払い/下３桁提示可

公演前日に連絡ボードにてログイン情報...",True,,,absent_unknown,2026-09-27 10:50:30,2026-09-27 09:48:30,,,,
4o1k63a8uv,,key-to-lit-arena-tour-2026-neo-classics,2026-10-10,17:30,セキスイハイムスーパーアリーナ,electronic,female,公演日前日にログイン情報共有,あ,5.0,,QR,2026-09-25 02:01:16,scrape_observed,2026-09-26 01:01:13,,,listing,2,70000,"QRごと/該当名義/変更ボタンあり/初期当選/有効期限内/下3桁提示可能/発送物戻りなし/すりかえなし/着ブロ希望なし/Pay-easy決済

・公演前日までに...",True,,,absent_unknown,2026-09-27 10:50:30,2026-09-27 09:48:30,,,,
7y110v6zsu,,key-to-lit-arena-tour-2026-neo-classics,2026-10-10,17:30,セキスイハイムスーパーアリーナ,electronic,female,同時入場 開演5分前ランダムにてお渡し,m,5.0,,ランダム,2026-09-25 02:01:16,scrape_observed,2026-09-26 01:01:13,,,listing,1,20000,"最後までご確認いただき、ご了承いただけた方のみご購入をお願いいたします。

・同時入場後チケットを一旦回収し解散した後、座席選択後にランダムでチケットをお渡しし...",True,,,absent_unknown,2026-09-27 10:50:30,2026-09-27 09:48:30,,,,
2aapjk4lf0,,key-to-lit-arena-tour-2026-neo-classics,2026-10-10,17:30,セキスイハイムスーパーアリーナ,electronic,none,同行,あ,4.8,,ランダム,2026-09-25 02:01:16,scrape_observed,2026-09-26 01:01:13,,,listing,2,35000,"ランダム配布 2連確約

★購入する際はプライベート出品またはプラベルに切り替えさせて頂きますので購入希望の方は必ずメッセージお願いします。

・詳しい待ち合わ...",True,,,absent_unknown,2026-09-27 10:50:31,2026-09-27 09:48:30,,,,
6ayyuwcanp,,key-to-lit-arena-tour-2026-neo-classics,2026-10-10,17:30,セキスイハイムスーパーアリーナ,electronic,female,5名義中4番手,ねこ,5.0,,番手,2026-09-25 02:01:16,scrape_observed,2026-09-26 01:01:13,,,listing,2,50000,"✨5名義中4番手✨
全て初期当選/変更ボタンあり/該当名義/すり替えなし/下3桁提示可/有効期限内/同行者登録可

開場時間の45分前頃に会場付近にて待ち合わせ...",True,,,absent_unknown,2026-09-27 10:50:31,2026-09-27 09:48:30,,,,
mnzf5a0vp3,,key-to-lit-arena-tour-2026-neo-classics,2026-10-10,17:30,セキスイハイムスーパーアリーナ,electronic,female,同行,Sa,5.0,,番手,2026-09-25 02:01:16,scrape_observed,2026-09-26 01:01:13,,,listing,1,60000,"2名義中2番手/初期当選/該当単番×2/変更ボタンあり/有効期限内/重複すり替えなし/下3桁提示可能/2名義とも過去エラーなし

開演1時間〜1時間10分前頃、...",True,,,absent_unknown,2026-09-27 10:50:32,2026-09-27 09:48:30,,,,
1p9hdabt5i,,key-to-lit-arena-tour-2026-neo-classics,2026-10-10,17:30,セキスイハイムスーパーアリーナ,electronic,female,公演日前日までにログイン情報共有,い,5.0,,QR,2026-09-25 02:01:16,scrape_observed,2026-09-26 01:01:13,,,listing,2,80000,"情報局先行/座席未定/QRごと/初期当選/下3桁提示可/該当名義/変更ボタンあり/有効期限内

・公演前までにログインに必要な情報をお伝えいたします

・同行者...",True,,,absent_unknown,2026-09-27 10:50:32,2026-09-27 09:48:30,,,,
77eb1bxn5n,,key-to-lit-arena-tour-2026-neo-classics,2026-10-10,17:30,セキスイハイムスーパーアリーナ,electronic,female,2名義中2番手,り,5.0,,番手,2026-09-25 02:01:16,scrape_observed,2026-09-26 01:01:13,,,listing,2,60000,"2名義中2番手/初期当選/該当名義/すり替えなし/有効期限内/下3桁提示可

【必ず下記全てお読みいただきご理解いただけた方のみご購入下さい】

・開場時間の1...",True,,,absent_unknown,2026-09-27 10:50:32,2026-09-27 09:48:30,,,,
ocloymmoom,,key-to-lit-arena-tour-2026-neo-classics,2026-10-10,17:30,セキスイハイムスーパーアリーナ,electronic,none,同行,あ,4.8,,ランダム,2026-09-25 02:01:16,scrape_observed,2026-09-26 01:01:13,,,listing,1,18000,"ランダム配布

★購入する際はプライベート出品またはプラベルに切り替えさせて頂きますので購入希望の方は必ずメッセージお願いします。

・詳しい待ち合わせ時間・場...",True,,,absent_unknown,2026-09-27 10:50:33,2026-09-27 09:48:30,,,,
r4p1zx8tyu,,key-to-lit-arena-tour-2026-neo-classics,2026-10-10,17:30,セキスイハイムスーパーアリーナ,electronic,none,同行,c,4.9,,ランダム記載あり,2026-09-25 02:01:16,scrape_observed,2026-09-26 01:01:13,,,listing,1,17000,"・当日開場45分前を目処に会場付近に集合し同時入場して頂きます。詳しい集合時間や場所は当日朝までに連絡ボードにてご連絡致します。
・遅刻は厳禁でお願い致します。...",True,,,absent_unknown,2026-09-27 10:50:33,2026-09-27 09:48:30,,,,
rfzwfrpjs8,,key-to-lit-arena-tour-2026-neo-classics,2026-10-10,17:30,セキスイハイムスーパーアリーナ,electronic,female,2名義中2番手,m,5.0,,番手,2026-09-25 02:01:16,scrape_observed,2026-09-26 01:01:13,,,listing,2,60000,"2名義中2番手 / すり替えなし / FC先行初期当選 / 全て該当名義 / 下3桁提示可能 / 有効期限内 / 変更ボタン有り

・プライベート出品いたします...",True,,,absent_unknown,2026-09-27 10:50:33,2026-09-27 09:48:30,,,,
n6a1o5albt,,key-to-lit-arena-tour-2026-neo-classics,2026-10-10,17:30,セキスイハイムスーパーアリーナ,electronic,female,ログイン情報の渡し,も,5.0,,QR,2026-09-25 02:01:16,scrape_observed,2026-09-26 00:01:10,,,listing,2,65000,"座席未定、初期当選、重複、すり替えなしのQRごとのお譲り
該当名義、有効期限内名義、下３桁提示可

公演前日までに連絡ボードにてログイン情報をお伝えいたします。...",True,,,absent_unknown,2026-09-27 10:51:28,2026-09-27 09:48:30,,,,
xfk4gcwjna,,key-to-lit-arena-tour-2026-neo-classics,2026-10-10,17:30,セキスイハイムスーパーアリーナ,electronic,female,同行,もる,5.0,,番手同行,2026-09-25 02:01:16,scrape_observed,2026-09-26 01:01:13,,,listing,2,60000,"2名義中2番手同行/初期当選/該当名義/変更ボタン有/すり替え無/有効期限内名義/サイチェン可

当日会場付近にて待ち合わせし、同時入場していただきます。詳しく...",True,,,absent_unknown,2026-09-27 10:50:34,2026-09-27 09:48:30,,,,
i7n7i6uf5l,,key-to-lit-arena-tour-2026-neo-classics,2026-10-10,17:30,セキスイハイムスーパーアリーナ,electronic,female,同行,取引,5.0,,,2026-09-25 02:01:16,scrape_observed,2026-09-26 01:01:13,,,listing,2,38000,"プライベート出品にしますのでコメントください。
★すり替えなし 指定席のみ 2連確約★
全て初期当選、該当名義、変更ボタンあり、期限内です。
全名義入場後約10...",True,,,absent_unknown,2026-09-27 10:50:34,2026-09-27 09:48:30,,,,
pk73aruexa,,key-to-lit-arena-tour-2026-neo-classics,2026-10-10,17:30,セキスイハイムスーパーアリーナ,electronic,female,4名義中4番手,mp,5.0,,番手,2026-09-25 02:01:16,scrape_observed,2026-09-26 00:01:10,,,listing,2,40000,プラベルに切り替えますので申請ください／すべて情報局先行／座席未定／重複すり替えなし／初期当選／該当名義／変更ボタン有／有効期限内／下3桁提示可能／着席希望なし...,True,,,absent_unknown,2026-09-27 10:51:28,2026-09-27 09:48:30,,,,
y0rcgh1gls,,key-to-lit-arena-tour-2026-neo-classics,2026-10-10,17:30,セキスイハイムスーパーアリーナ,electronic,female,同行,み,5.0,,番手,2026-09-25 02:01:16,scrape_observed,2026-09-26 01:01:13,,,listing,2,59000,"2名義中2番手/すべて初期該当変更ボタンあり/すり替えなし/下3桁提示可/有効期限内

・2名義中2番手のお譲りになります。
・入場時のみ同行者様と分かれて入場...",True,,,absent_unknown,2026-09-27 10:50:34,2026-09-27 09:48:30,,,,
00pzab1unm,,key-to-lit-arena-tour-2026-neo-classics,2026-10-10,17:30,セキスイハイムスーパーアリーナ,electronic,none,ランダム配布,うきぴ,4.9,,ランダム,2026-09-25 02:01:16,scrape_observed,2026-09-26 01:01:13,,,listing,1,18000,"公演当日は開場時間の40分前に会場付近にお集まりいただき、同時入場していただきます。

詳しい時間はお日にちが近づきましたらメッセージボードにてご連絡いたします...",True,,,absent_unknown,2026-09-27 10:50:35,2026-09-27 09:48:30,,,,
zzukpp8ah6,,key-to-lit-arena-tour-2026-neo-classics,2026-10-10,17:30,セキスイハイムスーパーアリーナ,electronic,female,同行,S,5.0,,QRランダム,2026-09-25 02:01:16,scrape_observed,2026-09-26 01:01:13,,,listing,1,20000,"【ランダム配布にご理解ある方のみご購入お願い致します】
同時入場後、ランダムでチケットをお渡しさせて頂きます。
ご自身での座席選択はできかねますのでご了承くださ...",True,,,absent_unknown,2026-09-27 10:50:35,2026-09-27 09:48:30,,,,
6r9auyei2g,,key-to-lit-arena-tour-2026-neo-classics,2026-10-10,17:30,セキスイハイムスーパーアリーナ,electronic,female,同行,ゆ,5.0,,ランダム,2026-09-25 02:01:16,scrape_observed,2026-09-26 01:01:13,,,listing,1,19000,すりかえ有,True,,,absent_unknown,2026-09-27 10:50:35,2026-09-27 09:48:30,,,,
zpdddiblnr,,key-to-lit-arena-tour-2026-neo-classics,2026-10-10,12:30,セキスイハイムスーパーアリーナ,electronic,female,公演日1日前までにQRコード共有,L,4.9,,QR,2026-09-25 03:01:12,scrape_observed,2026-09-26 01:01:13,,,listing,2,60000,2連 QRごとのお譲り、初期当選、複数当選なし、該当名義有効期限内変更ボタンあり着ブロ希望なし。発送物戻りなし。ペイジー決済。日本人以外の方は購入を御遠慮くださ...,True,,,absent_unknown,2026-09-27 10:50:36,2026-09-27 09:48:30,,,,
yydqxxmxzl,,key-to-lit-arena-tour-2026-neo-classics,2026-10-10,17:30,セキスイハイムスーパーアリーナ,electronic,female,公演日1日前までにQRコード共有,L,4.9,,QR,2026-09-25 03:01:12,scrape_observed,2026-09-26 01:01:13,,,listing,2,70000,2連 QRごとのお譲り、初期当選、複数当選なし、該当名義有効期限内変更ボタンあり着ブロ希望なし。発送物戻りなし。ペイジー決済。日本人以外の方は購入を御遠慮くださ...,True,,,absent_unknown,2026-09-27 10:50:36,2026-09-27 09:48:30,,,,
iiy2409ngd,,key-to-lit-arena-tour-2026-neo-classics,2026-10-10,17:30,セキスイハイムスーパーアリーナ,electronic,female,公演日前日にQRコード共有,A,5.0,,QR,2026-09-25 03:01:12,scrape_observed,2026-09-26 00:01:10,,,listing,2,62500,"QR毎/該当名義/初期当選/重複すり替えなし/下3桁提示可

プラベルお取引ご希望の方はメッセージください。

公演前日に連絡ボードにてログイン情報をお伝え致し...",True,,,absent_unknown,2026-09-27 10:51:28,2026-09-27 09:48:30,,,,
fy2q68w2z9,,key-to-lit-arena-tour-2026-neo-classics,2026-10-10,17:30,セキスイハイムスーパーアリーナ,electronic,female,同行,みかん,5.0,,番手,2026-09-25 03:01:12,scrape_observed,2026-09-26 00:01:10,,,listing,1,55000,"3名義中3番手(2連中1枚)
初期当選/該当名義/変ボあり/有効期限内/すり替えなし/下3桁提示可

同時入場後当方が座席選択次第、3名義中3番手のチケットをお...",True,,,absent_unknown,2026-09-27 10:51:28,2026-09-27 09:48:30,,,,
cbnezm519r,,key-to-lit-arena-tour-2026-neo-classics,2026-10-04,12:30,マリンメッセ福岡 A館,electronic,female,公演日当日までにQRコード共有,♡,4.4,,QR,2026-09-25 04:01:12,scrape_observed,2026-09-26 00:01:10,,,listing,2,48000,"情報局先行 初期当選  KEY TO LIT名義 変更ボタンあり   QRごとのお譲り サイチェン可能 下3桁開示可能  条件無し  座席未定

復活当選、制作...",True,,,absent_unknown,2026-09-27 10:51:29,2026-09-27 09:48:30,,,,
ga1nwnpjot,,key-to-lit-arena-tour-2026-neo-classics,2026-10-03,18:00,マリンメッセ福岡 A館,electronic,female,同行,ぬ,5.0,,同行,2026-09-25 05:01:13,scrape_observed,2026-09-26 00:01:10,,,listing,1,0,"重複すり替え無し/該当/変ボあり/初期当選/下3桁提示可/同行者登録可

・2連中の1枚(同行)のお譲りとなります。当方岩﨑担です。
・連番内の座席は当方が選ば...",True,,,absent_unknown,2026-09-27 10:51:29,2026-09-27 09:48:30,,,,
ckho6w3v7h,,key-to-lit-arena-tour-2026-neo-classics,2026-10-09,18:00,セキスイハイムスーパーアリーナ,electronic,female,同行,ぴ,5.0,,番手,2026-09-25 06:01:17,scrape_observed,2026-09-26 00:01:10,,,listing,2,38000,"・指定の時間（開場時間の30分～1時間前）に会場にて集合していただきます。10分以上の遅刻は待たずに入場、受け取り評価のみしていただきます。
・ チケットは2名...",True,,,absent_unknown,2026-09-27 10:51:30,2026-09-27 09:48:30,,,,
20wgig7wfo,,key-to-lit-arena-tour-2026-neo-classics,2026-10-04,17:30,マリンメッセ福岡 A館,electronic,female,同行,あ,5.0,,同行記載あり,2026-09-25 07:01:13,scrape_observed,2026-09-26 00:01:10,,,listing,1,25000,"【すりかえなしランダム配布】 
複数当選しております。当方が座席を選択した後、残ったチケットをランダムでお渡し致します。 落札者様にお席をお選び頂くことはできま...",True,,,absent_unknown,2026-09-27 10:51:30,2026-09-27 09:48:30,,,,
hfa55x9ikv,,key-to-lit-arena-tour-2026-neo-classics,2026-10-04,17:30,マリンメッセ福岡 A館,electronic,none,ランダム配布,sa,5.0,,ランダム,2026-09-25 08:01:11,scrape_observed,2026-09-26 00:01:10,,,listing,2,15000,"公演当日16:00までに会場付近で待ち合わせし、同時入場していただきます。

購入者様は座席をお選びいただけません。
入場後は、発券したチケットを回収した後、一...",True,,,absent_unknown,2026-09-27 10:51:30,2026-09-27 09:48:30,,,,
gr2x23g1cl,,key-to-lit-arena-tour-2026-neo-classics,2026-10-04,17:30,マリンメッセ福岡 A館,electronic,female,同行,Sa,5.0,,同行,2026-09-25 08:01:11,scrape_observed,2026-09-26 00:01:10,,,listing,1,38000,"2連中1枚の同行/初期当選/該当/有効期限内/重複すり替えなし/同行者登録,下3桁提示,サイチェン可/過去エラーなし/猪狩担不可

プライベート出品に切り替え、...",True,,,absent_unknown,2026-09-27 10:51:30,2026-09-27 09:48:30,,,,
k11tjh723u,,key-to-lit-arena-tour-2026-neo-classics,2026-10-03,18:00,マリンメッセ福岡 A館,electronic,female,入金後24時間以内にQRコード共有,ごんごん,5.0,,,2026-09-25 09:01:16,scrape_observed,2026-09-25 12:01:18,,,listing,2,4000,,True,,,absent_unverified,,2026-09-27 09:48:30,,,,
0nx4o93qgi,,key-to-lit-arena-tour-2026-neo-classics,2026-10-03,18:00,マリンメッセ福岡 A館,electronic,female,公演前日にログイン情報をお渡しします,s,5.0,,QR,2026-09-25 11:01:14,scrape_observed,2026-09-26 00:01:10,,,listing,2,45000,"2連/QR毎/初期当選/該当名義
下3桁提示可能です

公演前日にログイン情報をお渡しします。
いかなる場合でもキャンセルは不可とさせていただきます。",True,,,absent_unknown,2026-09-27 10:51:31,2026-09-27 09:48:30,,,,
3eiko4rx69,,key-to-lit-arena-tour-2026-neo-classics,2026-10-03,18:00,マリンメッセ福岡 A館,electronic,female,同行,s,5.0,,同行,2026-09-25 11:01:14,scrape_observed,2026-09-26 00:01:10,,,listing,1,45000,"2連中1枚　同行
初期当選/該当名義（変更ボタンあり）/有効期限内/下3桁提示可/すり替えなし/着ブロなし/本確対応可

開場時間10分前に会場付近にて待ち合わ...",True,,,absent_unknown,2026-09-27 10:51:31,2026-09-27 09:48:30,,,,
cxpc1tnr6d,,key-to-lit-arena-tour-2026-neo-classics,2026-10-04,12:30,マリンメッセ福岡 A館,electronic,female,同行,あ,5.0,,ランダム,2026-09-25 11:01:14,scrape_observed,2026-09-26 00:01:10,,,listing,1,7000,"【条件あり】ランダム配布
複数名義所持しておりますので同時入場後、一度チケットを回収し、ランダム配布にてお譲り致します。

入場後会場内でお待ち頂きますが、必ず...",True,,,absent_unknown,2026-09-27 10:51:32,2026-09-27 09:48:30,,,,
s3anzbydx2,,key-to-lit-arena-tour-2026-neo-classics,2026-10-04,12:30,マリンメッセ福岡 A館,electronic,female,公演前日QRコード共有,neko,5.0,,,2026-09-25 11:01:14,scrape_observed,2026-09-26 00:01:10,,,listing,2,45000,"QR毎/重複すり替え無し/下3桁提示可/初期当選/有効期限内/該当名義/変更ボタンあり/着ブロ希望無し

・公演前日にログインに必要な情報を連絡ボードにてお伝え...",True,,,absent_unknown,2026-09-27 10:51:32,2026-09-27 09:48:30,,,,
ie4e4qa80b,,key-to-lit-arena-tour-2026-neo-classics,2026-10-04,17:30,マリンメッセ福岡 A館,electronic,female,同行,あ,5.0,,ランダム,2026-09-25 11:01:14,scrape_observed,2026-09-25 12:01:18,,,listing,1,3500,"【条件あり】ランダム配布
複数名義所持しておりますので同時入場後、一度チケットを回収し、ランダム配布にてお譲り致します。

入場後会場内でお待ち頂きますが、必ず...",True,,,absent_unverified,,2026-09-27 09:48:30,,,,
dvokrlk481,,key-to-lit-arena-tour-2026-neo-classics,2026-10-10,12:30,セキスイハイムスーパーアリーナ,electronic,female,入金後24時間以内にQRコード共有,어,5.0,,QR,2026-09-25 11:01:14,scrape_observed,2026-09-26 00:01:10,,,listing,2,48500,"情報局先行 中村嶺亜名義(変更ボタン有り) 
初期当選 有効期限内コンビニ決済 
重複すり替えなし 同行者登録可
入金後下3桁提示可 着ブロなし
郵送物戻り 過...",True,,,absent_unknown,2026-09-27 10:51:32,2026-09-27 09:48:30,,,,
i228hkacvu,,key-to-lit-arena-tour-2026-neo-classics,2026-10-03,18:00,マリンメッセ福岡 A館,electronic,female,同行,ねこ,5.0,,ランダム記載あり,2026-09-25 12:01:18,scrape_observed,2026-09-26 00:01:10,,,listing,1,0,"初期当選/変ボ有り/着ブロ希望なし/有効期限内/重複すり替えなし/下3桁提示可

2連中1枚 
購入者様に座席の選択権利はございません。
名義を傷つけるような行...",True,,,absent_unknown,2026-09-27 10:51:33,2026-09-27 09:48:30,,,,
vb0lc811ed,,key-to-lit-arena-tour-2026-neo-classics,2026-10-04,17:30,マリンメッセ福岡 A館,electronic,female,公演日7日前までにQRコード共有,♡,5.0,,QR,2026-09-25 13:01:12,scrape_observed,2026-09-26 00:01:10,,,listing,2,45000,"初期当選/QR毎2連/重複すり替えなし/有効期限内/下3桁提示可/非該当名義/同行者登録可

公演前日にログイン情報をお伝えいたしますのて、購入者ご自身で同行者...",True,,,absent_unknown,2026-09-27 10:51:33,2026-09-27 09:48:30,,,,
znp02kbt36,,key-to-lit-arena-tour-2026-neo-classics,2026-10-09,18:00,セキスイハイムスーパーアリーナ,electronic,female,手渡し,RIRI,5.0,,番手,2026-09-25 13:01:12,scrape_observed,2026-09-26 00:01:10,,,listing,2,35000,"2名義中2番手(該当/非該当)/すり替えなし/初期当選/有効期限内/下3桁提示可

※ 購入する際はプライベート出品に切り替えさせて頂くので、購入希望の方はメッ...",True,,,absent_unknown,2026-09-27 10:51:33,2026-09-27 09:48:30,,,,
ey3lo5ajcd,,key-to-lit-arena-tour-2026-neo-classics,2026-10-03,18:00,マリンメッセ福岡 A館,electronic,female,同行,はな,5.0,,同行,2026-09-25 14:01:13,scrape_observed,2026-09-26 00:01:10,,,listing,1,38000,"初期当選/非該当名義/下三桁提示可/同行者登録可/サイチェン可

開演10〜15分前集合を予定しております。

入場後、チケットお渡し後は速やかに受取連絡をお願...",True,,,absent_unknown,2026-09-27 10:51:34,2026-09-27 09:48:30,,,,
6tqavv5t8k,,key-to-lit-arena-tour-2026-neo-classics,2026-10-04,17:30,マリンメッセ福岡 A館,electronic,female,同行,あ,5.0,,ランダム,2026-09-25 14:01:13,scrape_observed,2026-09-26 00:01:10,,,listing,1,3500,"【条件あり】ランダム配布
複数名義所持しておりますので同時入場後、一度チケットを回収し、ランダム配布にてお譲り致します。

入場後会場内でお待ち頂きますが、必ず...",True,,,absent_unknown,2026-09-27 10:51:34,2026-09-27 09:48:30,,,,
6t0ldn60cx,,key-to-lit-arena-tour-2026-neo-classics,2026-10-04,17:30,マリンメッセ福岡 A館,electronic,female,同行,ぴ,5.0,,同行,2026-09-25 14:01:13,scrape_observed,2026-09-26 00:01:10,,,listing,1,30000,"非該当/期間内/初期当選/当方との同行
当日開場10〜20分前にこちらが指定する場所に集合し同時入場となります。
連番内での座席指定はできかねます。",True,,,absent_unknown,2026-09-27 10:51:34,2026-09-27 09:48:30,,,,
h8hbbsonho,,key-to-lit-arena-tour-2026-neo-classics,2026-10-10,12:30,セキスイハイムスーパーアリーナ,electronic,female,公演1日前までにQRコード共有,チョロ,5.0,,QR,2026-09-25 14:01:13,scrape_observed,2026-09-26 00:01:10,,,listing,2,50000,"情報局先行 KEY TO LIT 初期当選
猪狩蒼弥名義 (変更ボタンあり)
指定席 2枚申し込み 
入金後下3桁提示可 着ブロなし
複数当選なし
QRごとのお...",True,,,absent_unknown,2026-09-27 10:51:35,2026-09-27 09:48:30,,,,
36v9ompt4e,,key-to-lit-arena-tour-2026-neo-classics,2026-10-04,17:30,マリンメッセ福岡 A館,paper,female,入金後24時間以内に郵送,もか,5.0,,,2026-09-25 15:01:16,scrape_observed,2026-09-25 15:01:16,,,listing,2,20000,一般立ち見　発券済チケットになります。,True,,,absent_unverified,,2026-09-27 09:48:30,,,,
p8oalrdzt4,,key-to-lit-arena-tour-2026-neo-classics,2026-10-04,12:30,マリンメッセ福岡 A館,electronic,none,ランダム配布,r,5.0,,ランダム,2026-09-25 16:01:16,scrape_observed,2026-09-26 00:01:10,,,listing,1,7500,"複数名義所持しているため、同時入場後に1度チケットを回収させていただき、当方が座席選択後にランダムに配布します。

チケットの選択にお時間をいただきますのであら...",True,,,absent_unknown,2026-09-27 10:51:35,2026-09-27 09:48:30,,,,
tjl73sj72t,,key-to-lit-arena-tour-2026-neo-classics,2026-10-10,12:30,セキスイハイムスーパーアリーナ,electronic,female,公演前日にQRコード共有,あ,5.0,,ランダムQR,2026-09-25 16:01:16,scrape_observed,2026-09-26 00:01:10,,,listing,2,52000,"該当名義（変更ボタンあり）
有効期限内、Pay-easy支払い済、初期当選
会員番号下3桁提示可

※希望あればプラベルにて出品可

QRごとのお譲り。申込時に...",True,,,absent_unknown,2026-09-27 10:51:35,2026-09-27 09:48:30,,,,
4rhttr4j41,,key-to-lit-arena-tour-2026-neo-classics,2026-10-10,17:30,セキスイハイムスーパーアリーナ,electronic,female,公演日前日までにログイン情報共有,y,4.8,,QR,2026-09-25 18:01:15,scrape_observed,2026-09-26 00:01:10,,,listing,2,68000,"初期当選 / QR / すり替えなし / 下3桁掲示可能 / 有効期限内 / 該当名義(変更ボタンあり) / Pay-easy決済 / 過去エラーなし

公演前...",True,,,absent_unknown,2026-09-27 10:51:36,2026-09-27 09:48:30,,,,
t3sfozwqmw,,key-to-lit-arena-tour-2026-neo-classics,2026-10-03,18:00,マリンメッセ福岡 A館,electronic,none,開演20分前までの早渡し,A,5.0,,ランダム,2026-09-26 01:01:13,scrape_observed,2026-09-27 00:01:19,,,listing,1,15000,"当方が座席を選択した後、残ったチケットをランダムでお渡し致します。
ご購入様にお席をお選び頂くことはできませんが、必ず開演20分前までにお渡しいたします。

発...",True,jr38xdd1q6,,alias,2026-09-27 10:42:38,2026-09-27 09:48:30,,,,
dcjtv0ofgn,,key-to-lit-arena-tour-2026-neo-classics,2026-10-03,18:00,マリンメッセ福岡 A館,electronic,female,同行,t,5.0,,同行ランダム,2026-09-26 01:01:13,scrape_observed,2026-09-27 00:01:19,,,listing,1,7000,"少人数ランダム配布《開場20分前集合予定》
※購入時のコメント不要。
★購入後に当日連絡のつくお電話番号と氏名(苗字)をメッセージボードにてお伝え下さい。

・...",True,j51wfdz7ez,,alias,2026-09-27 10:42:39,2026-09-27 09:48:30,,,,
9fmvemrick,,key-to-lit-arena-tour-2026-neo-classics,2026-10-03,18:00,マリンメッセ福岡 A館,electronic,female,同行,ねこ,5.0,,ランダム記載あり,2026-09-26 01:01:13,scrape_observed,2026-09-27 00:01:19,,,listing,1,0,"初期当選/変ボ有り/着ブロ希望なし/有効期限内/重複すり替えなし/下3桁提示可

2連中1枚 
購入者様に座席の選択権利はございません。
名義を傷つけるような行...",True,3gppyipz6h,,alias,2026-09-27 10:42:39,2026-09-27 09:48:30,,,,
pole8tfj8k,,key-to-lit-arena-tour-2026-neo-classics,2026-10-03,18:00,マリンメッセ福岡 A館,electronic,female,同行,n,5.0,,同行,2026-09-26 01:01:13,scrape_observed,2026-09-27 00:01:19,,,listing,2,35000,"2名義中2番手
初期当選/該当名義/変更ボタン有1無1/有効期限内/すり替えなし/下3桁提示可/サイチェン可

プライベート出品に変更させていだたきますので購入...",True,xsfuy0bgq1,,alias,2026-09-27 10:42:39,2026-09-27 09:48:30,,,,
ziledb4qbs,,key-to-lit-arena-tour-2026-neo-classics,2026-10-03,18:00,マリンメッセ福岡 A館,electronic,female,公演前日にログイン情報をお渡しします,s,5.0,,QR,2026-09-26 01:01:13,scrape_observed,2026-09-26 14:01:52,,,listing,2,45000,"2連/QR毎/初期当選/該当名義
下3桁提示可能です

公演前日にログイン情報をお渡しします。
いかなる場合でもキャンセルは不可とさせていただきます。",True,lvtgbk3ns1,,alias,2026-09-27 10:49:09,2026-09-27 09:48:30,,,,
axnio5kuxe,,key-to-lit-arena-tour-2026-neo-classics,2026-10-03,18:00,マリンメッセ福岡 A館,electronic,female,同行,s,5.0,,同行,2026-09-26 01:01:13,scrape_observed,2026-09-27 00:01:19,,,listing,1,45000,"2連中1枚　同行
初期当選/該当名義（変更ボタンあり）/有効期限内/下3桁提示可/すり替えなし/着ブロなし/本確対応可

開場時間10分前に会場付近にて待ち合わ...",True,fsj1b9d7y1,,alias,2026-09-27 10:42:40,2026-09-27 09:48:30,,,,
t6qb7sgy23,,key-to-lit-arena-tour-2026-neo-classics,2026-10-03,18:00,マリンメッセ福岡 A館,electronic,none,ランダム配布,ねこ,5.0,,ランダム,2026-09-26 01:01:13,scrape_observed,2026-09-27 00:01:19,,,listing,1,8000,"ランダム配布ご理解いただける方のみご購入お願いします。初めての方も最後まで丁寧に対応いたします。

上乗せで早渡し可能✨

5名義以内での入場になります。
開場...",True,iszoh1r5er,,alias,2026-09-27 10:42:40,2026-09-27 09:48:30,,,,
c5h8l245e3,,key-to-lit-arena-tour-2026-neo-classics,2026-10-03,18:00,マリンメッセ福岡 A館,electronic,female,同行,な,4.4,,同行,2026-09-26 01:01:13,scrape_observed,2026-09-27 00:01:19,,,listing,1,45000,"初期当選/変ボ有り/該当名義 (井上名義)/着ブロ希望なし/有効期限内/本人確認対応可/重複すり替えなし/ サイチェン不可/井上担不可

2連中1枚 当方と同行...",True,jp2u5tjq59,,alias,2026-09-27 10:42:41,2026-09-27 09:48:30,,,,
i5if6y4e0c,,key-to-lit-arena-tour-2026-neo-classics,2026-10-03,18:00,マリンメッセ福岡 A館,electronic,female,公演日前日にQRコード共有,みず,5.0,,QR,2026-09-26 01:01:13,scrape_observed,2026-09-27 00:01:19,,,listing,2,55000,"情報局先行 初期当選  KEY TO LIT名義 変更ボタンあり   QRごとのお譲り サイチェン可能 下3桁開示可能  座席未定　初期当選

同行者登録は購入...",True,216u8h93uv,,alias,2026-09-27 10:42:41,2026-09-27 09:48:30,,,,
od4rg8sph6,,key-to-lit-arena-tour-2026-neo-classics,2026-10-03,18:00,マリンメッセ福岡 A館,electronic,female,番手,N,5.0,,番手,2026-09-26 01:01:13,scrape_observed,2026-09-27 00:01:19,,,listing,1,35000,"2名義中2番手の2連中の1枚

初期当選/有効期限内/該当名義/ボタンあり/下3桁提示可/すり替えなし

集合時間や場所などの詳細は、公演前日までに連絡ボードに...",True,unzhqfsxpx,,alias,2026-09-27 10:42:41,2026-09-27 09:48:30,,,,
cvsgp9t4ay,,key-to-lit-arena-tour-2026-neo-classics,2026-10-03,18:00,マリンメッセ福岡 A館,electronic,female,公演当日までにQRコード共有,♡,4.4,,QR,2026-09-26 01:01:13,scrape_observed,2026-09-27 00:01:19,,,listing,2,40000,"情報局先行 初期当選  KEY TO LIT名義 変更ボタンあり   QRごとのお譲り サイチェン可能 下3桁開示可能  条件無し  座席未定

復活当選、制作...",True,1t7j83p5i5,,alias,2026-09-27 10:42:42,2026-09-27 09:48:30,,,,
zihz3gy1sx,,key-to-lit-arena-tour-2026-neo-classics,2026-10-03,18:00,マリンメッセ福岡 A館,electronic,female,同行,♡,4.4,,番手,2026-09-26 01:01:13,scrape_observed,2026-09-27 00:01:19,,,listing,2,24000,"3名義中3番手

複数名義所持しているため、同時入場後は発券したチケットを一度回収させて頂き、座席はこちらで選ばせて頂きます。

座席はお選びすることはできませ...",True,mebdk6q5nn,,alias,2026-09-27 10:42:42,2026-09-27 09:48:30,,,,
ktk8agt9o0,,key-to-lit-arena-tour-2026-neo-classics,2026-10-03,18:00,マリンメッセ福岡 A館,electronic,female,同行,はな,5.0,,同行,2026-09-26 01:01:13,scrape_observed,2026-09-27 00:01:19,,,listing,1,38000,"初期当選/非該当名義/下三桁提示可/同行者登録可/サイチェン可

開演10〜15分前集合を予定しております。

入場後、チケットお渡し後は速やかに受取連絡をお願...",True,02o5s81bbq,,alias,2026-09-27 10:42:42,2026-09-27 09:48:30,,,,
md241urk2z,,key-to-lit-arena-tour-2026-neo-classics,2026-10-03,18:00,マリンメッセ福岡 A館,electronic,female,同行,♡,4.4,,ランダム,2026-09-26 01:01:13,scrape_observed,2026-09-27 00:01:19,,,listing,2,13000,"ランダム配布を理解している方のみご購入ください。

複数名義所持しているため、同時入場後は発券したチケットを一度回収させて頂き、座席はこちらで選ばせて頂きます。...",True,pihsw5jya2,,alias,2026-09-27 10:42:43,2026-09-27 09:48:30,,,,
u8y14ol25a,,key-to-lit-arena-tour-2026-neo-classics,2026-10-03,18:00,マリンメッセ福岡 A館,electronic,female,公演前日ログイン情報共有,m,5.0,,QR,2026-09-26 01:01:13,scrape_observed,2026-09-27 00:01:19,,,listing,2,50000,"QR毎/すり替え無し/下3桁提示可/初期当選/有効期限内/該当名義/変更ボタンあり/着ブロ希望無し

・公演前日にログインに必要な情報を連絡ボードにてお伝えしま...",True,vvem4zw207,,alias,2026-09-27 10:42:43,2026-09-27 09:48:30,,,,
jgo5bgukwg,,key-to-lit-arena-tour-2026-neo-classics,2026-10-03,18:00,マリンメッセ福岡 A館,electronic,female,同行,ぼー,5.0,,番手,2026-09-26 01:01:13,scrape_observed,2026-09-27 00:01:19,,,listing,2,25000,"5名義中4番手/すべて初期当選/該当名義

メッセージ後、プライベート出品に切り替えますのでご連絡ください。

必ず最後までお読みいただき、ご理解いただける方の...",True,5rfplviks6,,alias,2026-09-27 10:42:44,2026-09-27 09:48:30,,,,
qzzrkr07qn,,key-to-lit-arena-tour-2026-neo-classics,2026-10-03,18:00,マリンメッセ福岡 A館,electronic,female,公演日2日前までにQRコード共有,レ,5.0,,QR,2026-09-26 01:01:13,scrape_observed,2026-09-27 00:01:19,,,listing,2,54000,"該当名義QR毎/同行者登録可/下3桁提示可/初期当選/有効期限内/着ブロ希望無し/変更ボタン有


公演2日前にログイン情報を連絡ボードでお伝えいたします。入場...",True,51j0qc5ub2,,alias,2026-09-27 10:42:44,2026-09-27 09:48:30,,,,
08w5dsdshn,,key-to-lit-arena-tour-2026-neo-classics,2026-10-03,18:00,マリンメッセ福岡 A館,electronic,female,同行,ネギ,4.4,,同行,2026-09-26 01:01:13,scrape_observed,2026-09-27 00:01:19,,,listing,1,38000,"初期当選/着ブロ希望なし/有効期限内/重複すり替えなし/非該当/サイチェン可/岩崎担との同行、同担可

2連中1枚 当方との連番になります
座席は選んでいただい...",True,skbqsqgkx8,,alias,2026-09-27 10:42:45,2026-09-27 09:48:30,,,,
e7gaz2xzdj,,key-to-lit-arena-tour-2026-neo-classics,2026-10-03,18:00,マリンメッセ福岡 A館,electronic,female,ランダム配布,K,5.0,,ランダム,2026-09-26 01:01:13,scrape_observed,2026-09-27 01:01:03,,,listing,1,6000,・指定の場所に集合後、同時入場して頂きます。時間厳守できる方でお願い致します。万が一、遅刻された場合もこちらで先に入場致しますが、その際も受け取り評価して頂きま...,True,if703mb7jh,,alias,2026-09-27 10:41:03,2026-09-27 09:48:30,,,,
u2uf8p0gzk,,key-to-lit-arena-tour-2026-neo-classics,2026-10-03,18:00,マリンメッセ福岡 A館,electronic,female,同行,t,5.0,,同行番手,2026-09-26 01:01:13,scrape_observed,2026-09-27 00:01:19,,,listing,2,35000,"2名義中2番手
情報局先行/初期当選/該当名義/有効期限内/変更ボタンあり/下3桁提示可/すり替えなし

公演当日開場20分前を目安に会場付近に集合し、同時入場...",True,67qb4q2l9a,,alias,2026-09-27 10:42:45,2026-09-27 09:48:30,,,,
aswfjy61ir,,key-to-lit-arena-tour-2026-neo-classics,2026-10-03,18:00,マリンメッセ福岡 A館,electronic,female,同行,モ,4.4,,同行番手,2026-09-26 01:01:13,scrape_observed,2026-09-27 00:01:19,,,listing,1,50000,2名義中1番手同行/初期当選/該当名義/すり替えなし/有効期限内,True,bml46pq2b4,,alias,2026-09-27 10:42:45,2026-09-27 09:48:30,,,,
lccvrkywsx,,key-to-lit-arena-tour-2026-neo-classics,2026-10-03,18:00,マリンメッセ福岡 A館,electronic,female,同行,ぬ,5.0,,同行,2026-09-26 01:01:13,scrape_observed,2026-09-27 00:01:19,,,listing,1,0,"重複すり替え無し/該当/変ボあり/初期当選/下3桁提示可/同行者登録可

・2連中の1枚(同行)のお譲りとなります。当方岩﨑担です。
・連番内の座席は当方が選ば...",True,quacpd480f,,alias,2026-09-27 10:42:45,2026-09-27 09:48:30,,,,
qzfzh1oq44,,key-to-lit-arena-tour-2026-neo-classics,2026-10-03,18:00,マリンメッセ福岡 A館,electronic,female,同行,ai,5.0,,番手,2026-09-26 01:01:13,scrape_observed,2026-09-27 00:01:19,,,listing,2,23000,"4名義中3番手 初期当選 すり替えなし 期限内 該当名義 下3桁提示可

🌟プライベート出品いたしますので、ご購入ご希望の方はコメントをお願いいたします。...",True,nm0zzcmeaj,,alias,2026-09-27 10:42:46,2026-09-27 09:48:30,,,,
b2dtyqaig2,,key-to-lit-arena-tour-2026-neo-classics,2026-10-03,18:00,マリンメッセ福岡 A館,electronic,female,2名義中1番手 同行,A,5.0,,同行番手,2026-09-26 01:01:13,scrape_observed,2026-09-27 00:01:19,,,listing,1,50000,"2名義中1番手　同行
初期/該当/変ボ有/すり替えなし
取引成立後下3桁提示可

井上担不可

公演中止の際は返金いたします。",True,3itbhhbo30,,alias,2026-09-27 10:42:46,2026-09-27 09:48:30,,,,
hcefq4yc9h,,key-to-lit-arena-tour-2026-neo-classics,2026-10-03,18:00,マリンメッセ福岡 A館,electronic,female,同行,ふわ,5.0,,番手,2026-09-26 01:01:13,scrape_observed,2026-09-27 00:01:19,,,listing,2,35000,"6名義中5番手/初期当選/変更ボタンあり/該当名義/有効期限内/すり替えなし/同一クレカ支払いなし/本人確認不可/着ブロ希望なし/座席未定/下3桁提示可

ご購...",True,2nod8to8xu,,alias,2026-09-27 10:42:47,2026-09-27 09:48:30,,,,
628sin9i6x,,key-to-lit-arena-tour-2026-neo-classics,2026-10-03,18:00,マリンメッセ福岡 A館,electronic,female,公演前日にログイン情報共有,み,5.0,,QR,2026-09-26 01:01:13,scrape_observed,2026-09-27 00:01:19,,,listing,2,55000,"QRごと/該当名義/初期当選/有効期限内/会員番号下3桁提示可能/着ブロ希望なし

同行者登録は買い手様ご自身でお願いします。
名義を傷つける行為はお辞めくださ...",True,mdwiohh8p0,,alias,2026-09-27 10:42:47,2026-09-27 09:48:30,,,,
lq3h3lojqc,,key-to-lit-arena-tour-2026-neo-classics,2026-10-03,18:00,マリンメッセ福岡 A館,electronic,female,同行,まるちーず,4.5,,同行,2026-09-26 01:01:13,scrape_observed,2026-09-27 00:01:19,,,listing,1,43000,"重複無し同行／非該当名義/初期当選/有効期限内/すり替えなし/下3桁提示可/井上担不可

・公演当日、開演約1時間前を目処に会場付近で待ち合わせします。詳しいお...",True,8phrczcjc8,,alias,2026-09-27 10:42:48,2026-09-27 09:48:30,,,,
mfc3pm0df9,,key-to-lit-arena-tour-2026-neo-classics,2026-10-03,18:00,マリンメッセ福岡 A館,electronic,female,公演前日にログイン情報共有,ほ,5.0,,QR,2026-09-26 01:01:13,scrape_observed,2026-09-27 00:01:19,,,listing,2,60000,"QR毎/重複なし/初期当選/該当名義/有効期限内/下3桁提示可/同行者登録可

公演前日にログイン情報お伝えします。

公演中止の場合のみ、手数料を差し引いた金...",True,h9ix7bt1f9,,alias,2026-09-27 10:42:48,2026-09-27 09:48:30,,,,
uzlh2wl091,,key-to-lit-arena-tour-2026-neo-classics,2026-10-03,18:00,マリンメッセ福岡 A館,electronic,female,同行,m,5.0,,同行,2026-09-26 01:01:13,scrape_observed,2026-09-27 00:01:19,,,listing,1,40000,"当方と同行
初期当選/下三桁提示可/同行者登録可/該当名義/サイチェン可

開演10分前集合を予定しております。

入場後、チケットお渡し後は速やかに受取連絡を...",True,glf550m3d1,,alias,2026-09-27 10:42:48,2026-09-27 09:48:30,,,,
127x8jhlmg,,key-to-lit-arena-tour-2026-neo-classics,2026-10-03,18:00,マリンメッセ福岡 A館,electronic,female,同行,H,5.0,,同行,2026-09-26 01:01:13,scrape_observed,2026-09-27 00:01:19,,,listing,1,45000,"【同行募集】該当（井上）名義/初期当選/有効期限内/変更ボタン有り/すり替えなし/サイチェン可/下三桁提示可

2連中1枚当方との同行になります。公演当日、開場...",True,9hlln2195j,,alias,2026-09-27 10:42:48,2026-09-27 09:48:30,,,,
1bdjhxi0id,,key-to-lit-arena-tour-2026-neo-classics,2026-10-03,18:00,マリンメッセ福岡 A館,electronic,female,4名義中3番手,み,5.0,,番手,2026-09-26 01:01:13,scrape_observed,2026-09-26 14:01:52,,,listing,1,27000,"4名義中3番手 2連中1枚
該当名義（変更ボタンあり）/初期当選のみ/有効期限内/着ブロ希望なし/すり替えなし/下3桁提示可能

チケット持ち逃げ防止のため、顔...",True,9ea6rbx8vo,,alias,2026-09-27 10:49:09,2026-09-27 09:48:30,,,,
ms6fsvto1y,,key-to-lit-arena-tour-2026-neo-classics,2026-10-04,12:30,マリンメッセ福岡 A館,electronic,female,同行,かな,4.9,,ランダム,2026-09-26 01:01:13,scrape_observed,2026-09-27 00:01:19,,,listing,1,9999,"ランダム配布でのお渡しです。

・円滑な取引のため、ご購入後取引連絡にてお電話番号のご提示をお願いいたします。
・当日開場30分前に会場付近で集合し、同時入場さ...",True,lzm7vjulbk,,alias,2026-09-27 10:42:49,2026-09-27 09:48:30,,,,
yh5w2h1ag4,,key-to-lit-arena-tour-2026-neo-classics,2026-10-04,12:30,マリンメッセ福岡 A館,electronic,female,同行,M,5.0,,番手,2026-09-26 01:01:13,scrape_observed,2026-09-27 00:01:19,,,listing,2,45000,"２名義中２番手 有効期限内 該当名義(変更ボタン有) 重複すり替え無し 下３桁提示可 

・当日会場10分前頃待ち合わせし、同時入場していただきます。時間厳守で...",True,p0w7d38tck,,alias,2026-09-27 10:42:49,2026-09-27 09:48:30,,,,
w28xst7bqp,,key-to-lit-arena-tour-2026-neo-classics,2026-10-04,12:30,マリンメッセ福岡 A館,electronic,female,同行,nya,5.0,,ランダム,2026-09-26 01:01:13,scrape_observed,2026-09-27 00:01:19,,,listing,2,17000,"※ご購入前に必ずコメント下さい⚠️
プラベルもしくはチケテンにてSTART社以外のイベントとして再出品致します。

複数名義所持のランダム配布⭐️

●必ず2連...",True,n0cqe9raor,,alias,2026-09-27 10:42:50,2026-09-27 09:48:30,,,,
mo55gw2r11,,key-to-lit-arena-tour-2026-neo-classics,2026-10-04,12:30,マリンメッセ福岡 A館,electronic,female,同行,あ,5.0,,番手,2026-09-26 01:01:13,scrape_observed,2026-09-27 00:01:19,,,listing,2,46000,"2名義中2番手
すり替えなし 該当名義 下3桁提示可能 初期当選 有効期限内 変ボあり 着ブロ選択なし 
  
・当日会場付近にてお待ち合わせし、同時入場お願い...",True,z75wizy2ax,,alias,2026-09-27 10:42:50,2026-09-27 09:48:30,,,,
nhf0o5ecvb,,key-to-lit-arena-tour-2026-neo-classics,2026-10-04,12:30,マリンメッセ福岡 A館,electronic,female,公演日前日にログイン情報共有,しん,5.0,,QR,2026-09-26 01:01:13,scrape_observed,2026-09-27 00:01:19,,,listing,2,48000,"非該当名義/初期当選/有効期限内/下3桁提示可/着ブロ指定なし/変更ボタンあり

同行者登録は買い手様ご自身でお願い致します。
名義を傷つける行為はお辞めくださ...",True,xx63jisi9p,,alias,2026-09-27 10:42:51,2026-09-27 09:48:30,,,,
lzn54eshec,,key-to-lit-arena-tour-2026-neo-classics,2026-10-04,12:30,マリンメッセ福岡 A館,electronic,female,入金後3時間以内にQRコード共有,misuzu,5.0,,QR,2026-09-26 01:01:13,scrape_observed,2026-09-27 00:01:19,,,listing,2,49000,"情報局先行 KEY TO LIT 猪狩蒼弥名義 初期当選 指定席 2枚申し込み 
QRごとのお譲り 条件ございません 座席未定

情報局先行 ２枚申込みでの当選...",True,g2kg3coc87,,alias,2026-09-27 10:42:51,2026-09-27 09:48:30,,,,
03nqhzmnrh,,key-to-lit-arena-tour-2026-neo-classics,2026-10-04,12:30,マリンメッセ福岡 A館,electronic,female,同行,まるちーず,4.5,,同行,2026-09-26 01:01:13,scrape_observed,2026-09-27 00:01:19,,,listing,1,45000,"重複無し同行／非該当名義/初期当選/有効期限内/すり替えなし/下3桁提示可/井上担不可

・公演当日、開演約1時間前を目処に会場付近で待ち合わせします。詳しいお...",True,mhzl5yljjb,,alias,2026-09-27 10:42:51,2026-09-27 09:48:30,,,,
lmjtmkh8mc,,key-to-lit-arena-tour-2026-neo-classics,2026-10-04,12:30,マリンメッセ福岡 A館,electronic,female,同行,な,5.0,,番手同行,2026-09-26 01:01:13,scrape_observed,2026-09-27 00:01:19,,,listing,2,28000,"3名義中3番手/初期当選/全て該当名義/1名義有効期限切れ/すり替えなし(
下3桁提示可能)

有効期限切れ名義は自名義のため本確対応可能

公演当日は当方が指...",True,4en4i9tz8k,,alias,2026-09-27 10:42:51,2026-09-27 09:48:30,,,,
1nhq0jbo6g,,key-to-lit-arena-tour-2026-neo-classics,2026-10-04,12:30,マリンメッセ福岡 A館,paper,female,当日手渡し,Y,5.0,,同行記載あり,2026-09-26 01:01:13,scrape_observed,2026-09-27 00:01:19,,,listing,1,50000,"一般注釈指定のみ所持/単番と2連の3枚中2枚目

日本人女性限定 のみご購入ください。

公演当日は開場10分前集合予定
入場後はすみやかに受取評価（受取通知）...",True,rc1gxzg67v,,alias,2026-09-27 10:42:52,2026-09-27 09:48:30,,,,
wuiaw91q58,,key-to-lit-arena-tour-2026-neo-classics,2026-10-04,12:30,マリンメッセ福岡 A館,electronic,female,同行,K,5.0,,同行番手,2026-09-26 01:01:13,scrape_observed,2026-09-27 00:01:19,,,listing,2,46500,"すり替えなし2名義中2番手2枚
該当、非該当/初期当選/有効期限内

⭐︎開場時間に会場付近にて待合せ予定となります
⭐︎プラベルまたはプライベート出品に変更い...",True,5gdsw7ki6k,,alias,2026-09-27 10:42:52,2026-09-27 09:48:30,,,,
6fw3hdi0zw,,key-to-lit-arena-tour-2026-neo-classics,2026-10-04,12:30,マリンメッセ福岡 A館,electronic,female,同行,あ,5.0,,ランダム,2026-09-26 01:01:13,scrape_observed,2026-09-27 00:01:19,,,listing,1,7000,"【条件あり】ランダム配布
複数名義所持しておりますので同時入場後、一度チケットを回収し、ランダム配布にてお譲り致します。

入場後会場内でお待ち頂きますが、必ず...",True,zyfbf2afia,,alias,2026-09-27 10:42:53,2026-09-27 09:48:30,,,,
9liwhx43d7,,key-to-lit-arena-tour-2026-neo-classics,2026-10-04,12:30,マリンメッセ福岡 A館,paper,female,郵送,yj,5.0,,,2026-09-26 01:01:13,scrape_observed,2026-09-27 00:01:19,,,listing,1,32000,"注釈付き指定。一般販売分。発券済のため郵送になります。
公演中止の場合にのみ、チケット返却後に全額返金いたします。その他事由での返金は如何なる場合でもいたしかね...",True,a3t2xga0on,,alias,2026-09-27 10:42:53,2026-09-27 09:48:30,,,,
l8vpg1wub9,,key-to-lit-arena-tour-2026-neo-classics,2026-10-04,12:30,マリンメッセ福岡 A館,electronic,female,公演日当日までにQRコード共有,♡,4.4,,QR,2026-09-26 01:01:13,scrape_observed,2026-09-26 06:01:12,,,listing,2,48000,"情報局先行 初期当選  KEY TO LIT名義 変更ボタンあり   QRごとのお譲り サイチェン可能 下3桁開示可能  条件無し  座席未定

復活当選、制作...",True,gl48kc4elh,,alias,2026-09-27 10:49:11,2026-09-27 09:48:30,,,,
0hx6lywa4z,,key-to-lit-arena-tour-2026-neo-classics,2026-10-04,12:30,マリンメッセ福岡 A館,electronic,female,2名義中2番手,R,5.0,,番手,2026-09-26 01:01:13,scrape_observed,2026-09-27 00:01:19,,,listing,2,38000,"2名義中2番手
情報局先行/一部復活当選有/該当1・非該当1/下3桁提示可/すり替えなし/有効期限内/

公演当日は開場の10-15分前を目安に会場付近に集合し...",True,v2gbsh4i3z,,alias,2026-09-27 10:42:54,2026-09-27 09:48:30,,,,
lfnmygnmjv,,key-to-lit-arena-tour-2026-neo-classics,2026-10-04,12:30,マリンメッセ福岡 A館,electronic,female,同行,る,5.0,,同行,2026-09-26 01:01:13,scrape_observed,2026-09-27 00:01:19,,,listing,1,55000,"当方と同行/初期当選/有効期限内該当名義/同行者登録可/本人確認対応可/サイチェン可/嶺亜担不可

公演当日は開場15分程前に会場付近にて待ち合わせ予定です。時...",True,dq5vkn9dcd,,alias,2026-09-27 10:42:54,2026-09-27 09:48:30,,,,
dv91nqgy6c,,key-to-lit-arena-tour-2026-neo-classics,2026-10-04,12:30,マリンメッセ福岡 A館,electronic,female,同行,瑠美,5.0,,同行,2026-09-26 01:01:13,scrape_observed,2026-09-27 00:01:19,,,listing,1,62047,"すり替えなし私との同行です
該当名義有効期限内下3桁提示可能変更ボタン有
サイチェン不可",True,si7l3rrody,,alias,2026-09-27 10:42:54,2026-09-27 09:48:30,,,,
c2vsl5nziq,,key-to-lit-arena-tour-2026-neo-classics,2026-10-04,12:30,マリンメッセ福岡 A館,electronic,female,公演日前日までにQRコード共有,rn,5.0,,QR,2026-09-26 01:01:13,scrape_observed,2026-09-27 00:01:19,,,listing,2,50000,"5.0〜
初期当選 / 有効期限内 / 非該当名義 / 下三桁提示可 / 同一クレカ決済無し / 着ブロ指定無し

プラベルに移行しますのでコメントください。...",True,d4kff2nnx5,,alias,2026-09-27 10:42:54,2026-09-27 09:48:30,,,,
hvdbslrnix,,key-to-lit-arena-tour-2026-neo-classics,2026-10-04,12:30,マリンメッセ福岡 A館,electronic,none,同行,nya,5.0,,ランダム,2026-09-26 01:01:13,scrape_observed,2026-09-27 00:01:19,,,listing,1,8000,"※ご購入前に必ずコメント下さい⚠️
プラベルもしくはチケテンにてSTART社以外のイベントとして再出品致します。

複数名義所持のランダム配布⭐️

●開場時間...",True,ska4b5e4v3,,alias,2026-09-27 10:42:55,2026-09-27 09:48:30,,,,
flhb4epyjg,,key-to-lit-arena-tour-2026-neo-classics,2026-10-04,12:30,マリンメッセ福岡 A館,electronic,female,公演前日QRコード共有,neko,5.0,,,2026-09-26 01:01:13,scrape_observed,2026-09-26 18:01:11,,,listing,2,45000,"QR毎/重複すり替え無し/下3桁提示可/初期当選/有効期限内/該当名義/変更ボタンあり/着ブロ希望無し

・公演前日にログインに必要な情報を連絡ボードにてお伝え...",True,w72a6f8r01,,alias,2026-09-27 10:49:07,2026-09-27 09:48:30,,,,
o5ds1uaqk7,,key-to-lit-arena-tour-2026-neo-classics,2026-10-04,12:30,マリンメッセ福岡 A館,electronic,female,入金後24時間以内にQRコード共有,瑠美,5.0,,QR,2026-09-26 01:01:13,scrape_observed,2026-09-27 00:01:19,,,listing,2,62047,"すり替えなし下3桁提示可能
有効期限内　該当名義　変更ボタン有り

同行者登録はこちらで行います。
公演中止以外いかなる理由でもキャンセル不可",True,d2ykob3hpv,,alias,2026-09-27 10:42:55,2026-09-27 09:48:30,,,,
pu284tiwhn,,key-to-lit-arena-tour-2026-neo-classics,2026-10-04,12:30,マリンメッセ福岡 A館,electronic,female,指定席のみ,𝒎,5.0,,ランダム,2026-09-26 01:01:13,scrape_observed,2026-09-27 00:01:19,,,listing,2,27000,"⭐️ランダムエラー返金可能
⭐️指定席のみのお渡し
⭐性別・年齢・国籍問いません

ファンクラブ当選名義を複数所持しております。

全てのチケットを発券後、チケ...",True,9c4707f1yp,,alias,2026-09-27 10:42:56,2026-09-27 09:48:30,,,,
qmrjg89ys2,,key-to-lit-arena-tour-2026-neo-classics,2026-10-04,12:30,マリンメッセ福岡 A館,electronic,female,同行,nya,5.0,,ランダム,2026-09-26 01:01:13,scrape_observed,2026-09-27 00:01:19,,,listing,2,23000,"🩵すり替えなしランダム配布🩵
※ご購入前に必ずコメント下さい⚠️
プラベルもしくはチケテンにてSTART社以外のイベントとして再出品致します。

●必ず2連...",True,z0chj2xgf5,,alias,2026-09-27 10:42:56,2026-09-27 09:48:30,,,,
qumkbzh83x,,key-to-lit-arena-tour-2026-neo-classics,2026-10-04,12:30,マリンメッセ福岡 A館,paper,female,当日手渡し,Y,5.0,,同行記載あり,2026-09-26 01:01:13,scrape_observed,2026-09-27 00:01:19,,,listing,1,45000,"一般注釈指定のみ所持/単番と2連の3枚中3枚目

日本人女性限定 のみご購入ください。

公演当日は開場10分前集合予定
入場後はすみやかに受取評価（受取通知）...",True,bkk10ii8pn,,alias,2026-09-27 10:42:57,2026-09-27 09:48:30,,,,
4zd0r5iwgy,,key-to-lit-arena-tour-2026-neo-classics,2026-10-04,12:30,マリンメッセ福岡 A館,electronic,none,ランダム配布,r,5.0,,ランダム,2026-09-26 01:01:13,scrape_observed,2026-09-26 04:01:06,,,listing,1,7500,"複数名義所持しているため、同時入場後に1度チケットを回収させていただき、当方が座席選択後にランダムに配布します。

チケットの選択にお時間をいただきますのであら...",True,vwdr9gxivn,,alias,2026-09-27 10:49:12,2026-09-27 09:48:30,,,,
afvp5od7ut,,key-to-lit-arena-tour-2026-neo-classics,2026-10-04,12:30,マリンメッセ福岡 A館,electronic,female,入場後10分以内のお渡し,𝒎,5.0,,ランダム記載あり,2026-09-26 01:01:13,scrape_observed,2026-09-27 00:01:19,,,listing,2,40000,"【すり替え無しで入場後10分以内のお渡し】
【初期当選／有効期限内／該当名義】
※プラベル変更可能


該当名義／有効期限内／初期当選のファンクラブ当選名義を複...",True,mj5j9506r0,,alias,2026-09-27 10:42:57,2026-09-27 09:48:30,,,,
0va1x60gwp,,key-to-lit-arena-tour-2026-neo-classics,2026-10-04,12:30,マリンメッセ福岡 A館,pickup_number,female,入金後2日以内に発券番号共有,紫月,5.0,,,2026-09-26 01:01:13,scrape_observed,2026-09-27 00:01:19,,,listing,1,45000,"注釈付き指定席1名券の発券番号になります。
セブンイレブンにて発券してください。",True,r61i4m07ux,,alias,2026-09-27 10:42:57,2026-09-27 09:48:30,,,,
wvpgvy1wx7,,key-to-lit-arena-tour-2026-neo-classics,2026-10-04,12:30,マリンメッセ福岡 A館,electronic,female,【条件あり】当日手渡し/座席未定/ランダム配布/有効会員,T,4.9,,ランダム同行,2026-09-26 01:01:13,scrape_observed,2026-09-27 00:01:19,,,listing,2,16000,"《開場30分前集合予定》

※レビュー(評価4.8以上)ある方のみ申請下さい。
※購入時のコメント不要です。
★購入後に当日連絡のつくお電話番号と氏名(苗字)を...",True,x342gh38bz,,alias,2026-09-27 10:42:58,2026-09-27 09:48:30,,,,
nf79jrd05m,,key-to-lit-arena-tour-2026-neo-classics,2026-10-04,12:30,マリンメッセ福岡 A館,electronic,female,同行,t,5.0,,同行番手,2026-09-26 01:01:13,scrape_observed,2026-09-27 00:01:19,,,listing,2,33000,"3名義中3番手/全て該当名義/初期当選/有効期限内/すり替えなし/下3桁提示可

・公演当日、こちらが指定した場所・時間に集合をし、同時入場して頂きます。
集合...",True,ey712uayyf,,alias,2026-09-27 10:42:58,2026-09-27 09:48:30,,,,
xpfyxpviwx,,key-to-lit-arena-tour-2026-neo-classics,2026-10-04,12:30,マリンメッセ福岡 A館,electronic,female,同行,な,5.0,,番手同行,2026-09-26 01:01:13,scrape_observed,2026-09-27 00:01:19,,,listing,2,35000,"3名義中2番手/初期当選/全て該当名義/有効期限切れ含む/すり替えなし(
下3桁提示可能)

有効期限切れ名義は自名義のため本確対応可能

公演当日は当方が指定...",True,cd4fyzu2i4,,alias,2026-09-27 10:42:58,2026-09-27 09:48:30,,,,
ev9jm867n6,,key-to-lit-arena-tour-2026-neo-classics,2026-10-04,12:30,マリンメッセ福岡 A館,electronic,female,公演日前日までにQRコード共有,rn,5.0,,QR,2026-09-26 01:01:13,scrape_observed,2026-09-27 00:01:19,,,listing,2,48000,"最高4.5〜
初期当選 / 有効期限内 / 非該当名義 / 下三桁提示可 / 同一クレカ決済無し / 着ブロ指定無し

プラベルに移行しますのでコメントください...",True,2c14hkodlk,,alias,2026-09-27 10:42:59,2026-09-27 09:48:30,,,,
9ge31qjjix,,key-to-lit-arena-tour-2026-neo-classics,2026-10-04,12:30,マリンメッセ福岡 A館,electronic,female,公演日前日夜にログイン情報お伝えします,x,5.0,,QR,2026-09-26 01:01:13,scrape_observed,2026-09-27 00:01:19,,,listing,2,40000,"QR毎/初期当選/該当名義/有効期限切れ/下3桁提示可

期限切れ名義です。プラベル可。
公演日前日夜にログイン情報をお伝えいたします。
同行者登録は購入者様の...",True,5nultphubb,,alias,2026-09-27 10:42:59,2026-09-27 09:48:30,,,,
6gox8576pi,,key-to-lit-arena-tour-2026-neo-classics,2026-10-04,17:30,マリンメッセ福岡 A館,electronic,female,同行,m,5.0,,同行,2026-09-26 01:01:13,scrape_observed,2026-09-27 00:01:19,,,listing,1,38000,"すり替えなし同行/猪狩担不可/非該当名義/有効期限内/下3桁提示可


・当日開演前に会場付近で待ち合わせし、同時入場していただきます。（詳細前日に連絡致します...",True,gqndvf0ply,,alias,2026-09-27 10:43:00,2026-09-27 09:48:30,,,,
vxin5c4tfu,,key-to-lit-arena-tour-2026-neo-classics,2026-10-04,17:30,マリンメッセ福岡 A館,electronic,female,入場後10分以内のお渡し,𝒎,5.0,,ランダム記載あり,2026-09-26 01:01:13,scrape_observed,2026-09-27 00:01:19,,,listing,1,40000,"【すり替え無しで入場後10分以内のお渡し】
【初期当選／有効期限内／該当名義】
※プラベル変更可能


該当名義／有効期限内／初期当選のファンクラブ当選名義を複...",True,49rj2xkdr9,,alias,2026-09-27 10:43:00,2026-09-27 09:48:30,,,,
8g2kera3g7,,key-to-lit-arena-tour-2026-neo-classics,2026-10-04,17:30,マリンメッセ福岡 A館,electronic,male,公演前日QRコード共有,M,5.0,,QR,2026-09-26 01:01:13,scrape_observed,2026-09-27 00:01:19,,,listing,1,48000,"QR毎/初期当選/該当名義/有効期限内/過去エラー無

公演前日にログイン情報を連絡ボードでお伝えします。ご自身の端末でQRを表示してご入場お願いいたします。...",True,mhitkflry4,,alias,2026-09-27 10:43:01,2026-09-27 09:48:30,,,,
a8ygt9d3a8,,key-to-lit-arena-tour-2026-neo-classics,2026-10-04,17:30,マリンメッセ福岡 A館,electronic,female,公演日7日前までにQRコード共有,るー,5.0,,QR,2026-09-26 01:01:13,scrape_observed,2026-09-27 00:01:19,,,listing,2,0,初期当選/期限内/下3桁提示可/同行登録可/着ブロ過去エラーなし,True,x1kacx3sop,,alias,2026-09-27 10:43:01,2026-09-27 09:48:30,,,,
5zq6cfmw4e,,key-to-lit-arena-tour-2026-neo-classics,2026-10-04,17:30,マリンメッセ福岡 A館,electronic,female,公演前日までにQRコード共有,ちっち,5.0,,QR,2026-09-26 01:01:13,scrape_observed,2026-09-27 00:01:19,,,listing,2,40000,"座席未定 QR 初期当選 非該当名義 有効期限内 下三桁提示可 すり替え、重複無し 変更ボタンあり
購入者様にて同行者登録をお願いいたします。
公演中止以外の理...",True,y1xrt3qw1r,,alias,2026-09-27 10:43:01,2026-09-27 09:48:30,,,,
4llczd8a0l,,key-to-lit-arena-tour-2026-neo-classics,2026-10-04,17:30,マリンメッセ福岡 A館,electronic,female,同行,あ,5.0,,同行番手,2026-09-26 01:01:13,scrape_observed,2026-09-27 00:01:19,,,listing,2,35000,"2名義中2番手

初期当選/該当名義/下3桁提示可/すり替えなし

プライベート出品に切り替えますのでご希望の方はコメントをお願いいたします。

詳細は公演前日...",True,hrvumk7rpk,,alias,2026-09-27 10:43:01,2026-09-27 09:48:30,,,,
blpwdhixv9,,key-to-lit-arena-tour-2026-neo-classics,2026-10-04,17:30,マリンメッセ福岡 A館,electronic,female,公演日前日に共有,P,5.0,,,2026-09-26 01:01:13,scrape_observed,2026-09-27 00:01:19,,,listing,1,38000,"期限内該当名義/下3桁提示可/重複なし/2連中1枚
購入希望の方いましたらプライベート出品に変更するのでコメントお願いします。

都合により行けなくなってしまっ...",True,v03o10f1ut,,alias,2026-09-27 10:43:02,2026-09-27 09:48:30,,,,
qekx6ithzg,,key-to-lit-arena-tour-2026-neo-classics,2026-10-04,17:30,マリンメッセ福岡 A館,electronic,female,同行,ヘチヘチ,5.0,,QR,2026-09-26 01:01:13,scrape_observed,2026-09-27 00:01:19,,,listing,1,40000,"初期当選/着ブロ希望なし/有効期限内（変ボあり）/重複すり替えなし/QRごと/本確対応不可/下3桁提示可/佐々木担不可

2連中1枚 当方ではない方と同行になり...",True,lh6jwcxebi,,alias,2026-09-27 10:43:02,2026-09-27 09:48:30,,,,
77tjjf6c13,,key-to-lit-arena-tour-2026-neo-classics,2026-10-04,17:30,マリンメッセ福岡 A館,electronic,female,同行,あ,5.0,,番手,2026-09-26 01:01:13,scrape_observed,2026-09-26 03:01:11,,,listing,1,36000,"3名義中2番手
初期当選/該当×2非該当×1/下3桁提示可/すり替えなし/有効期限内/変更ボタンあり
プラベル出品に移行可能です

公演当日は開場の15-20分...",True,w5f37yevap,,alias,2026-09-27 10:49:12,2026-09-27 09:48:30,,,,
fnjpfyu7tx,,key-to-lit-arena-tour-2026-neo-classics,2026-10-04,17:30,マリンメッセ福岡 A館,electronic,female,同行,あ,5.0,,ランダム,2026-09-26 01:01:13,scrape_observed,2026-09-27 00:01:19,,,listing,1,3500,"【条件あり】ランダム配布
複数名義所持しておりますので同時入場後、一度チケットを回収し、ランダム配布にてお譲り致します。

入場後会場内でお待ち頂きますが、必ず...",True,o8w4rav2uz,,alias,2026-09-27 10:43:03,2026-09-27 09:48:30,,,,
lvr3f8jvln,,key-to-lit-arena-tour-2026-neo-classics,2026-10-04,17:30,マリンメッセ福岡 A館,electronic,female,同行,nya,5.0,,番手,2026-09-26 01:01:13,scrape_observed,2026-09-27 00:01:19,,,listing,2,30000,"復活当選/2名義中2番手/すり替え無し/下3桁提示可/有効期限内/同一クレカ決済無し
公演中止の際には、手数料等を差し引いた金額を返金します

公演当日開場時間...",True,6y6fdo23z9,,alias,2026-09-27 10:43:03,2026-09-27 09:48:30,,,,
g649qmu4cn,,key-to-lit-arena-tour-2026-neo-classics,2026-10-04,17:30,マリンメッセ福岡 A館,electronic,none,同行,nya,5.0,,ランダム,2026-09-26 01:01:13,scrape_observed,2026-09-27 00:01:19,,,listing,1,5000,"※ご購入前に必ずコメント下さい⚠️
プラベルもしくはチケテンにてSTART社以外のイベントとして再出品致します。

複数名義所持のランダム配布⭐️

●開場時間...",True,z1w9rvzpx9,,alias,2026-09-27 10:43:04,2026-09-27 09:48:30,,,,
h0ua7a24w5,,key-to-lit-arena-tour-2026-neo-classics,2026-10-04,17:30,マリンメッセ福岡 A館,electronic,female,同行,nya,5.0,,ランダム,2026-09-26 01:01:13,scrape_observed,2026-09-27 00:01:19,,,listing,2,20000,"※ご購入前に必ずコメント下さい⚠️
プラベルもしくはチケテンにてSTART社以外のイベントとして再出品致します。

複数名義所持のランダム配布⭐️

●必ず2連...",True,ip4f2zb52d,,alias,2026-09-27 10:43:04,2026-09-27 09:48:30,,,,
nu8fqk2rnf,,key-to-lit-arena-tour-2026-neo-classics,2026-10-04,17:30,マリンメッセ福岡 A館,electronic,female,同行/同時入場後チケットをお渡ししたら受け取り/受け取り後即解散可能,타,5.0,,同行,2026-09-26 01:01:13,scrape_observed,2026-09-27 00:01:19,,,listing,1,45000,該当名義/変更ボタンあり/すり替えなし/初期当選のみ/すべてコンビニ払い/下3桁掲示可能/有効期限内/同一住所や同一電話番号無し/制作開放無し/今までエラーが出...,True,6s9gatsckc,,alias,2026-09-27 10:43:04,2026-09-27 09:48:30,,,,
pjtylxj9ml,,key-to-lit-arena-tour-2026-neo-classics,2026-10-04,17:30,マリンメッセ福岡 A館,electronic,female,公演日7日前までにQRコード共有,♡,5.0,,QR,2026-09-26 01:01:13,scrape_observed,2026-09-27 00:01:19,,,listing,2,40000,"初期当選/QR毎2連/重複すり替えなし/有効期限内/下3桁提示可/非該当名義/同行者登録可

公演前日にログイン情報をお伝えいたしますのて、購入者ご自身で同行者...",True,5db4htsdxx,,alias,2026-09-27 10:43:04,2026-09-27 09:48:30,,,,
t9rzsy5jff,,key-to-lit-arena-tour-2026-neo-classics,2026-10-04,17:30,マリンメッセ福岡 A館,electronic,female,同行,ネギ,4.4,,同行,2026-09-26 01:01:13,scrape_observed,2026-09-27 00:01:19,,,listing,1,30550,"初期当選/着ブロ希望なし/有効期限内/重複すり替えなし/非該当/サイチェン可/岩崎担との同行、同担可

2連中1枚 当方との連番になります
座席は選んでいただい...",True,e2htm509yu,,alias,2026-09-27 10:43:05,2026-09-27 09:48:30,,,,
iqsw3oobsl,,key-to-lit-arena-tour-2026-neo-classics,2026-10-04,17:30,マリンメッセ福岡 A館,electronic,none,3名義中3番目　全て該当名義初期当選,K,5.0,,番手,2026-09-26 01:01:13,scrape_observed,2026-09-27 01:01:03,,,listing,2,28000,・指定の場所に集合後、同時入場して頂きます。時間厳守できる方でお願い致します。万が一、遅刻された場合もこちらで先に入場致しますが、その際も受け取り評価して頂きま...,True,s5f9angnif,,alias,2026-09-27 10:41:04,2026-09-27 09:48:30,,,,
3fw916hlda,,key-to-lit-arena-tour-2026-neo-classics,2026-10-04,17:30,マリンメッセ福岡 A館,electronic,female,同行,ぴ,5.0,,同行,2026-09-26 01:01:13,scrape_observed,2026-09-27 00:01:19,,,listing,1,25000,"同行(佐々木担)/非該当期間内/初期当選/重複すり替えなし
当日開場10〜20分前に集合し同時入場させていただき座席確認後当方が選ばなかったお座席のチケットをお...",True,s84dzzxvbn,,alias,2026-09-27 10:43:05,2026-09-27 09:48:30,,,,
6xkpj8zvm9,,key-to-lit-arena-tour-2026-neo-classics,2026-10-04,17:30,マリンメッセ福岡 A館,electronic,female,同行,り,5.0,,QR同行,2026-09-26 01:01:13,scrape_observed,2026-09-27 00:01:19,,,listing,1,38000,"2連中1枚同行
情報局先行/初期当選/該当名義/有効期限内/すり替えなし/会員番号下3桁提示可
(決済方法PayPay)

・日本語の通じる方のみご購入ください...",True,8blehadllr,,alias,2026-09-27 10:43:06,2026-09-27 09:48:30,,,,
ye5gz5faze,,key-to-lit-arena-tour-2026-neo-classics,2026-10-04,17:30,マリンメッセ福岡 A館,electronic,female,公演前日までにログイン情報共有,れ,5.0,,QR,2026-09-26 01:01:13,scrape_observed,2026-09-27 00:01:19,,,listing,2,45000,"最高額4.2/枚、希望額メッセージお願いします。
QR毎、該当、すり替えなし、下三桁提示可、有効期限内

QRごとのお譲りとなります。2日前にログイン情報お伝え...",True,obxkrjyts3,,alias,2026-09-27 10:43:06,2026-09-27 09:48:30,,,,
mzd83xy9eo,,key-to-lit-arena-tour-2026-neo-classics,2026-10-04,17:30,マリンメッセ福岡 A館,electronic,female,公演日2日前までにQRコード共有,な,5.0,,,2026-09-26 01:01:13,scrape_observed,2026-09-27 00:01:19,,,listing,2,40000,"情報局先行 QR/座席未定／該当名義／有効期限内／初期当選／1名義中1番手/下3桁提示可能／重複すり替えなし  2026年10月04日発送予定
チケットは分配可...",True,4wbss56qwj,,alias,2026-09-27 10:43:07,2026-09-27 09:48:30,,,,
jikemvdvpo,,key-to-lit-arena-tour-2026-neo-classics,2026-10-04,17:30,マリンメッセ福岡 A館,electronic,female,同行,あ,5.0,,ランダム,2026-09-26 01:01:13,scrape_observed,2026-09-26 12:01:12,,,listing,1,5500,"少人数ランダム
ご希望がございましたらプラベル出品も可能です。

チケット発券後一度解散させていただき、開演5分前までに再集合しチケットをお渡しいたしますので、...",True,lygrdru9sk,,alias,2026-09-27 10:49:10,2026-09-27 09:48:30,,,,
5w7ypjnilc,,key-to-lit-arena-tour-2026-neo-classics,2026-10-04,17:30,マリンメッセ福岡 A館,electronic,female,同行,t,5.0,,番手同行,2026-09-26 01:01:13,scrape_observed,2026-09-27 00:01:19,,,listing,2,30000,"4名義中4番手/該当3非該当1/初期当選/有効期限内/すり替えなし/下3桁提示可

・公演当日、こちらが指定した場所・時間に集合をし、同時入場して頂きます。
集...",True,316cbe128v,,alias,2026-09-27 10:43:07,2026-09-27 09:48:30,,,,
l8cqu0t5mc,,key-to-lit-arena-tour-2026-neo-classics,2026-10-04,17:30,マリンメッセ福岡 A館,electronic,female,同行,かな,4.9,,ランダム,2026-09-26 01:01:13,scrape_observed,2026-09-27 00:01:19,,,listing,1,9999,"ランダム配布でのお渡しです。

・円滑な取引のため、ご購入後取引連絡にてお電話番号のご提示をお願いいたします。
・当日開場30分前に会場付近で集合し、同時入場さ...",True,1uwladiju3,,alias,2026-09-27 10:43:07,2026-09-27 09:48:30,,,,
gbmzftnyyv,,key-to-lit-arena-tour-2026-neo-classics,2026-10-04,17:30,マリンメッセ福岡 A館,electronic,none,ランダム配布,sa,5.0,,ランダム,2026-09-26 01:01:13,scrape_observed,2026-09-27 00:01:19,,,listing,2,15000,"公演当日16:00までに会場付近で待ち合わせし、同時入場していただきます。

購入者様は座席をお選びいただけません。
入場後は、発券したチケットを回収した後、一...",True,9sdyben5hg,,alias,2026-09-27 10:43:07,2026-09-27 09:48:30,,,,
8ot58b610e,,key-to-lit-arena-tour-2026-neo-classics,2026-10-04,17:30,マリンメッセ福岡 A館,electronic,female,同行,Sa,5.0,,同行,2026-09-26 01:01:13,scrape_observed,2026-09-26 06:01:12,,,listing,1,38000,"2連中1枚の同行/初期当選/該当/有効期限内/重複すり替えなし/同行者登録,下3桁提示,サイチェン可/過去エラーなし/猪狩担不可

プライベート出品に切り替え、...",True,vqq3z0c97z,,alias,2026-09-27 10:49:11,2026-09-27 09:48:30,,,,
i92jjf90aj,,key-to-lit-arena-tour-2026-neo-classics,2026-10-04,17:30,マリンメッセ福岡 A館,electronic,female,同行,nya,5.0,,ランダム同行,2026-09-26 01:01:13,scrape_observed,2026-09-27 00:01:19,,,listing,2,25000,"🩵すり替えなしランダム配布🩵
※ご購入前に必ずコメント下さい⚠️
プラベルもしくはチケテンにてSTART社以外のイベントとして再出品致します。

●必ず2連...",True,hbs4h3xvzb,,alias,2026-09-27 10:43:08,2026-09-27 09:48:30,,,,
21gxbfr75i,,key-to-lit-arena-tour-2026-neo-classics,2026-10-04,17:30,マリンメッセ福岡 A館,electronic,female,同行,おゆ,5.0,,同行,2026-09-26 01:01:13,scrape_observed,2026-09-26 06:01:12,,,listing,1,32000,"初期当選/着ブロ希望なし/有効期限内/重複すり替えなし/サイチェン不可/中村担不可

2連中1枚 当方と同行になります(中村担)
座席の選択権利はございませんの...",True,3v4n832375,,alias,2026-09-27 10:49:11,2026-09-27 09:48:30,,,,
iu68y7mpl3,,key-to-lit-arena-tour-2026-neo-classics,2026-10-04,17:30,マリンメッセ福岡 A館,electronic,female,すり替えなしランダム同行,m,5.0,,同行ランダム,2026-09-26 01:01:13,scrape_observed,2026-09-27 00:01:19,,,listing,1,18000,"購入希望の方はプライベート出品させていただきますのでメッセージお願いいたします。

すり替えなしランダムを連番で購入しておりましたが、同行者が来れなくなってしま...",True,wvne0a5wwk,,alias,2026-09-27 10:43:08,2026-09-27 09:48:30,,,,
sdd3hb25d6,,key-to-lit-arena-tour-2026-neo-classics,2026-10-04,17:30,マリンメッセ福岡 A館,electronic,female,同行,あ,5.0,,同行記載あり,2026-09-26 01:01:13,scrape_observed,2026-09-27 00:01:19,,,listing,1,25000,"【すりかえなしランダム配布】 
複数当選しております。当方が座席を選択した後、残ったチケットをランダムでお渡し致します。 落札者様にお席をお選び頂くことはできま...",True,ritlnz9s7i,,alias,2026-09-27 10:43:09,2026-09-27 09:48:30,,,,
tgh6vz2cdi,,key-to-lit-arena-tour-2026-neo-classics,2026-10-04,17:30,マリンメッセ福岡 A館,electronic,female,同行,さとう,5.0,,ランダム,2026-09-26 01:01:13,scrape_observed,2026-09-27 00:01:19,,,listing,2,28000,"少人数ランダム配布/2連確約
有効期限内名義
中相場買取可能です。
上乗せで早渡しも検討いたしますのでご提示ください。

複数名義所持のため、同時入場後チケット...",True,egbo9hknzk,,alias,2026-09-27 10:43:09,2026-09-27 09:48:30,,,,
feemoi18n2,,key-to-lit-arena-tour-2026-neo-classics,2026-10-04,17:30,マリンメッセ福岡 A館,electronic,female,同行,あ,5.0,,番手,2026-09-26 01:01:13,scrape_observed,2026-09-27 00:01:19,,,listing,2,39000,"2名義中2番手
すり替えなし 該当名義×1 非該当名義×1 下3桁提示可能 初期当選 有効期限内 変ボあり 着ブロ選択なし 
  
・当日会場付近にてお待ち合わ...",True,aduxiem16w,,alias,2026-09-27 10:43:10,2026-09-27 09:48:30,,,,
atewrv1k8e,,key-to-lit-arena-tour-2026-neo-classics,2026-10-04,17:30,マリンメッセ福岡 A館,electronic,female,同行,りん,5.0,,同行,2026-09-26 01:01:13,scrape_observed,2026-09-27 00:01:19,,,listing,1,50000,"2連中1枚/初期当選/有効期限内該当名義/重複すり替えなし/同行者登録可/サイチェン可/猪狩担不可

公演当日は当方が指定するお時間に会場付近にて待ち合わせ予定...",True,g6a4yqbftv,,alias,2026-09-27 10:43:10,2026-09-27 09:48:30,,,,
hshgv56fmt,,key-to-lit-arena-tour-2026-neo-classics,2026-10-09,18:00,セキスイハイムスーパーアリーナ,electronic,female,同行,k,5.0,,番手,2026-09-26 01:01:13,scrape_observed,2026-09-27 00:01:19,,,listing,1,40000,"2名義中2番手/初期当選/ 該当名義/有効期限内/変更ボタンあり/下3桁提示可能

2名義中2番手同行。同時入場していただき、2連2番手の座席のうち当方が選択し...",True,v11n3bkozf,,alias,2026-09-27 10:43:10,2026-09-27 09:48:30,,,,
mmihq3r64a,,key-to-lit-arena-tour-2026-neo-classics,2026-10-09,18:00,セキスイハイムスーパーアリーナ,electronic,female,公演前日にログイン情報共有,もにゃ,5.0,,QR,2026-09-26 01:01:13,scrape_observed,2026-09-27 00:01:19,,,listing,2,60000,"QRごと/初期当選/非該当名義/有効期限内/下3桁提示可能

🌟チケット当選後に入籍し名字が変わり、会員証を更新したため、当選時の名字と会員証の名字が異なりま...",True,axyivfnfvn,,alias,2026-09-27 10:43:10,2026-09-27 09:48:30,,,,
vgj2l3gps2,,key-to-lit-arena-tour-2026-neo-classics,2026-10-09,18:00,セキスイハイムスーパーアリーナ,electronic,female,手渡し,RIRI,5.0,,番手,2026-09-26 01:01:13,scrape_observed,2026-09-27 00:01:19,,,listing,2,35000,"2名義中2番手(該当/非該当)/すり替えなし/初期当選/有効期限内/下3桁提示可

※ 購入する際はプライベート出品に切り替えさせて頂くので、購入希望の方はメッ...",True,tjh43eyljp,,alias,2026-09-27 10:43:11,2026-09-27 09:48:30,,,,
j6oanryx5b,,key-to-lit-arena-tour-2026-neo-classics,2026-10-09,18:00,セキスイハイムスーパーアリーナ,electronic,female,QRコード,みお,5.0,,QR,2026-09-26 01:01:13,scrape_observed,2026-09-27 00:01:19,,,listing,1,55000,"QRごと/初期当選/非該当/有効期限内/下3桁提示可能/本確不可

公演前日にログインに必要な情報をメッセージでお伝えします。入場後は速やかにログアウトし、開演...",True,b8syk8jgfq,,alias,2026-09-27 10:43:11,2026-09-27 09:48:30,,,,
sjunem5oxb,,key-to-lit-arena-tour-2026-neo-classics,2026-10-09,18:00,セキスイハイムスーパーアリーナ,electronic,female,同行,♡,4.4,,ランダム,2026-09-26 01:01:13,scrape_observed,2026-09-27 00:01:19,,,listing,2,20000,"ランダム配布を理解している方のみご購入ください。

複数名義所持しているため、同時入場後は発券したチケットを一度回収させて頂き、座席はこちらで選ばせて頂きます。...",True,3fr0rlcuem,,alias,2026-09-27 10:43:12,2026-09-27 09:48:30,,,,
48wocime3n,,key-to-lit-arena-tour-2026-neo-classics,2026-10-09,18:00,セキスイハイムスーパーアリーナ,electronic,female,同行,い,5.0,,同行,2026-09-26 01:01:13,scrape_observed,2026-09-27 00:01:19,,,listing,1,50000,"初期当選/該当名義/有効期限内/重複すり替えなし/同行者登録可/プラベル可

公演当日は開場15分前頃を目安に会場付近にて待ち合わせ予定です。時間厳守でお願いい...",True,n3dcdgrdgn,,alias,2026-09-27 10:43:12,2026-09-27 09:48:30,,,,
hmgjht06uo,,key-to-lit-arena-tour-2026-neo-classics,2026-10-09,18:00,セキスイハイムスーパーアリーナ,electronic,female,公演前日にログイン情報共有,m,5.0,,QR,2026-09-26 01:01:13,scrape_observed,2026-09-27 00:01:19,,,listing,2,77000,"QR毎/初期当選/非該当名義/有効期限内/下3桁提示可

公演前日にログインに必要な情報をお伝えします。入場後はすみやかにログアウトし、開演までに受け取り評価を...",True,ad1o7r8q2w,,alias,2026-09-27 10:43:13,2026-09-27 09:48:30,,,,
yr00hsxl2x,,key-to-lit-arena-tour-2026-neo-classics,2026-10-09,18:00,セキスイハイムスーパーアリーナ,paper,female,入金確認後3日以内に郵送,M,5.0,,ランダム記載あり,2026-09-26 01:01:13,scrape_observed,2026-09-27 00:01:19,,,listing,1,18000,"一般注釈付きチケット 紙チケ
メッセージ後、プライベート出品に切り替えますのでご連絡ください。

チケットを受け取り次第、速やかに受け取り連絡をお願いします。...",True,i6jc20bgdx,,alias,2026-09-27 10:43:13,2026-09-27 09:48:30,,,,
is2kcjimp5,,key-to-lit-arena-tour-2026-neo-classics,2026-10-09,18:00,セキスイハイムスーパーアリーナ,electronic,female,公演前日にQRコード共有,tara,5.0,,QR,2026-09-26 01:01:13,scrape_observed,2026-09-27 00:01:19,,,listing,2,65000,"QRごと/初期当選/該当名義/変ボあり/有効期限内/下3桁提示可能/本確不可

公演前日にログインに必要な情報をメッセージでお伝えします。入場後は速やかにログア...",True,1h6g2g9j3b,,alias,2026-09-27 10:43:13,2026-09-27 09:48:30,,,,
g7d19a7b7d,,key-to-lit-arena-tour-2026-neo-classics,2026-10-09,18:00,セキスイハイムスーパーアリーナ,electronic,female,同行,♡,4.4,,ランダム,2026-09-26 01:01:13,scrape_observed,2026-09-27 00:01:19,,,listing,1,12000,"ランダム配布を理解している方のみご購入ください。

複数名義所持しているため、同時入場後は発券したチケットを一度回収させて頂き、座席はこちらで選ばせて頂きます。...",True,l2gut0z0a8,,alias,2026-09-27 10:43:13,2026-09-27 09:48:30,,,,
4f6byowxh2,,key-to-lit-arena-tour-2026-neo-classics,2026-10-09,18:00,セキスイハイムスーパーアリーナ,electronic,female,公演前日QRコード共有,♡,5.0,,QR,2026-09-26 01:01:13,scrape_observed,2026-09-27 00:01:19,,,listing,2,60000,"QR毎 初期当選 非該当 すり替えなし 下3桁
提示可

・公演前日にログイン情報を共有します。
・同行者登録は買い手様のほうでお願いいたします。
・ 入場後は...",True,f8tvr6vf90,,alias,2026-09-27 10:43:14,2026-09-27 09:48:30,,,,
psmpltklab,,key-to-lit-arena-tour-2026-neo-classics,2026-10-09,18:00,セキスイハイムスーパーアリーナ,electronic,female,公演日前日にQRコード共有,k,5.0,,QR,2026-09-26 01:01:13,scrape_observed,2026-09-27 00:01:19,,,listing,2,55000,"QRごと/非該当/復活当選/変ボなし/有効期限内

公演日前日にログインに必要な情報をメッセージでお伝えします。入場後は速やかにログアウトし、開演までに受け取り...",True,zszebnt3v9,,alias,2026-09-27 10:43:14,2026-09-27 09:48:30,,,,
jznq9l9uqy,,key-to-lit-arena-tour-2026-neo-classics,2026-10-09,18:00,セキスイハイムスーパーアリーナ,electronic,female,同行,M,5.0,,同行番手,2026-09-26 01:01:13,scrape_observed,2026-09-27 00:01:19,,,listing,2,25000,"2名義中2番手
FC該当2連または一般注釈付2連どちらかのチケットをお渡しします

FC当選分は2連初期当選/該当名義(変更ボタンあり)/有効期限内/過去エラー...",True,s79bkq2v34,,alias,2026-09-27 10:43:15,2026-09-27 09:48:30,,,,
kv82a4opxk,,key-to-lit-arena-tour-2026-neo-classics,2026-10-09,18:00,セキスイハイムスーパーアリーナ,electronic,female,公演前日にログイン情報を共有,Y,5.0,,QR,2026-09-26 01:01:13,scrape_observed,2026-09-27 01:01:03,,,listing,2,55000,"QRごと/初期当選/非該当名義/有効期限内/下3桁提示可能

公演前日にログインに必要な情報をメッセージでお伝えします。入場後は速やかにログアウトし、開演までに...",True,idjq6xzxrg,,alias,2026-09-27 10:41:04,2026-09-27 09:48:30,,,,
n3w6ochyg0,,key-to-lit-arena-tour-2026-neo-classics,2026-10-09,18:00,セキスイハイムスーパーアリーナ,electronic,none,ランダム配布,r,5.0,,ランダム,2026-09-26 01:01:13,scrape_observed,2026-09-27 00:01:19,,,listing,1,12000,"複数名義所持しているため、同時入場後に1度チケットを回収させていただき、当方が座席選択後にランダムに配布します。

チケットの選択にお時間をいただきますのであら...",True,y84iczxb9u,,alias,2026-09-27 10:43:15,2026-09-27 09:48:30,,,,
pw0crn9iu7,,key-to-lit-arena-tour-2026-neo-classics,2026-10-09,18:00,セキスイハイムスーパーアリーナ,electronic,female,公演前日QRコード共有,H,5.0,,ランダム記載あり,2026-09-26 01:01:13,scrape_observed,2026-09-27 00:01:19,,,listing,2,80000,"初期当選/QR毎/重複なし/有効期限内名義/ファンクラブ先行/下3桁提示可

・主催者側からの公演中止の場合のみ規約に基づき、手数料を差し引いた金額を返させてい...",True,wqcr6did16,,alias,2026-09-27 10:43:16,2026-09-27 09:48:30,,,,
3juu51r1fo,,key-to-lit-arena-tour-2026-neo-classics,2026-10-09,18:00,セキスイハイムスーパーアリーナ,electronic,female,同行,あ,5.0,,番手,2026-09-26 01:01:13,scrape_observed,2026-09-27 00:01:19,,,listing,2,40000,"2名義中2番手
すり替えなし 該当名義 下3桁提示可能 初期当選 有効期限内 変ボあり 着ブロ選択なし 
  
・当日会場付近にてお待ち合わせし、同時入場お願い...",True,9mi9c5t2j8,,alias,2026-09-27 10:43:16,2026-09-27 09:48:30,,,,
22ihf6iju5,,key-to-lit-arena-tour-2026-neo-classics,2026-10-09,18:00,セキスイハイムスーパーアリーナ,electronic,female,同行,すいみん,5.0,,番手,2026-09-26 01:01:13,scrape_observed,2026-09-27 00:01:19,,,listing,1,55000,"すり替えなし4名義中2番手1枚（※座席選択権あり。詳細※1）
プラベル変更いたしますのでコメントお願いいたします。
一部手渡しや即決（記載額）以下可能。
・公演...",True,6q1scac4qu,,alias,2026-09-27 10:43:17,2026-09-27 09:48:30,,,,
od9fks0tlt,,key-to-lit-arena-tour-2026-neo-classics,2026-10-09,18:00,セキスイハイムスーパーアリーナ,electronic,female,同行,ぴ,5.0,,番手,2026-09-26 01:01:13,scrape_observed,2026-09-27 00:01:19,,,listing,2,38000,"・指定の時間（開場時間の30分～1時間前）に会場にて集合していただきます。10分以上の遅刻は待たずに入場、受け取り評価のみしていただきます。
・ チケットは2名...",True,0gfybukm1b,,alias,2026-09-27 10:43:17,2026-09-27 09:48:30,,,,
etfzcfvy6o,,key-to-lit-arena-tour-2026-neo-classics,2026-10-09,18:00,セキスイハイムスーパーアリーナ,electronic,female,同時入場,つ,5.0,,番手,2026-09-26 01:01:13,scrape_observed,2026-09-27 00:01:19,,,listing,2,35000,"2名義中2番手/初期当選/ 該当名義/有効期限内/変更ボタンあり/下3桁提示可能

2名義中2番手 同時入場していただき、2名義中当方が選択しなかった座席をお渡...",True,z0m1dbs4f5,,alias,2026-09-27 10:43:17,2026-09-27 09:48:30,,,,
jbfbtry2sp,,key-to-lit-arena-tour-2026-neo-classics,2026-10-09,18:00,セキスイハイムスーパーアリーナ,electronic,female,公演日7日前までにQRコード共有,ゆ,5.0,,番手,2026-09-26 01:01:13,scrape_observed,2026-09-27 00:01:19,,,listing,2,48000,"★2名義中の2番手

情報局先行/座席未定/初期当選/2名義中の2番手/該当名義/変更ボタンあり/着ブロなし/有効期限内/下3桁提示可能/同一メアドなし/重複な...",True,cqvv5ztmpi,,alias,2026-09-27 10:43:17,2026-09-27 09:48:30,,,,
jp8unx43k8,,key-to-lit-arena-tour-2026-neo-classics,2026-10-09,18:00,セキスイハイムスーパーアリーナ,electronic,female,3名義中2番手,ゆ,5.0,,番手,2026-09-26 01:01:13,scrape_observed,2026-09-27 00:01:19,,,listing,2,50000,"🌟プラベ出品しますので購入の際はコメントお願い致します🌟
3名義中2番手/初期当選/該当×2 非該当×1/有効期限内/すり替えなし/下3桁提示可/座席未定/...",True,siwa0lajzc,,alias,2026-09-27 10:48:31,2026-09-27 09:48:30,,,,
wnmt7z1or2,,key-to-lit-arena-tour-2026-neo-classics,2026-10-09,18:00,セキスイハイムスーパーアリーナ,electronic,female,同行,かんぺき,5.0,,ランダム記載あり,2026-09-26 01:01:13,scrape_observed,2026-09-27 00:01:19,,,listing,2,31000,"FC初期当選/3名義中3番手/下3桁提示可/有効期限内/着ブロ無し/すり替え無し

当日は、指定の集合場所に集合して頂き同時入場致します。入場後一度全てのチケッ...",True,2k65ztfn3q,,alias,2026-09-27 10:48:31,2026-09-27 09:48:30,,,,
wpjrbz38fv,,key-to-lit-arena-tour-2026-neo-classics,2026-10-09,18:00,セキスイハイムスーパーアリーナ,electronic,female,同行,り,5.0,,QR同行,2026-09-26 01:01:13,scrape_observed,2026-09-27 00:01:19,,,listing,1,44000,"2連中1枚同行
情報局先行/初期当選/該当名義/有効期限内/すり替えなし/会員番号下3桁提示可
(決済方法PayPay)

・日本語の通じる方のみご購入ください...",True,xeselof77c,,alias,2026-09-27 10:48:32,2026-09-27 09:48:30,,,,
gtf8vc8946,,key-to-lit-arena-tour-2026-neo-classics,2026-10-09,18:00,セキスイハイムスーパーアリーナ,electronic,female,同行,まるちーず,4.5,,同行,2026-09-26 01:01:13,scrape_observed,2026-09-27 00:01:19,,,listing,1,60000,"2名義中1番手同行／該当名義のみ/初期当選/有効期限内/変更ボタン有り/すり替えなし/下3桁提示可/井上担不可

・公演当日、開演約1時間前を目処に会場付近で待...",True,rt8v0poa88,,alias,2026-09-27 10:48:32,2026-09-27 09:48:30,,,,
m6shaax98n,,key-to-lit-arena-tour-2026-neo-classics,2026-10-09,18:00,セキスイハイムスーパーアリーナ,electronic,female,公演当日までにQRコード共有,♡,4.4,,QR,2026-09-26 01:01:13,scrape_observed,2026-09-27 00:01:19,,,listing,2,45000,"情報局先行 初期当選  KEY TO LIT名義 変更ボタンあり   QRごとのお譲り サイチェン可能 下3桁開示可能  条件無し  座席未定

復活当選、制作...",True,djssdb2c0t,,alias,2026-09-27 10:48:33,2026-09-27 09:48:30,,,,
ptbynjep5w,,key-to-lit-arena-tour-2026-neo-classics,2026-10-09,18:00,セキスイハイムスーパーアリーナ,electronic,female,同行,いか,5.0,,QR同行,2026-09-26 01:01:13,scrape_observed,2026-09-27 00:01:19,,,listing,1,45500,"2連中1枚　当方と同行
【購入の際は担当、ご年齢明記の上、コメントお願いします。】

初期当選/該当名義/変ボあり/重複すり替えなし/下3桁提示可/期限内/サイ...",True,afbjof8yvz,,alias,2026-09-27 10:48:33,2026-09-27 09:48:30,,,,
q2er3bcdvn,,key-to-lit-arena-tour-2026-neo-classics,2026-10-09,18:00,セキスイハイムスーパーアリーナ,electronic,female,同行,r,4.8,,ランダム,2026-09-26 01:01:13,scrape_observed,2026-09-27 00:01:19,,,listing,1,12000,"座席未定 ランダム配布 条件あり 座席選択不可 代理購入不可 
 ランダム配布になりますので最後までご一読のうえご理解いただけた方のみご購入下さい。

・複数名...",True,y6366ntlbw,,alias,2026-09-27 10:48:33,2026-09-27 09:48:30,,,,
vnhrwcbbnd,,key-to-lit-arena-tour-2026-neo-classics,2026-10-09,18:00,セキスイハイムスーパーアリーナ,electronic,female,3名義中3番手,ゆ,5.0,,番手,2026-09-26 01:01:13,scrape_observed,2026-09-27 00:01:19,,,listing,2,40000,"🌟プラベ出品しますので購入の際はコメントお願い致します🌟
3名義中3番手/初期当選/該当×2 非該当×1/有効期限内/すり替えなし/下3桁提示可/座席未定/...",True,7gtpymqlj9,,alias,2026-09-27 10:48:33,2026-09-27 09:48:30,,,,
yuq7lfuqyl,,key-to-lit-arena-tour-2026-neo-classics,2026-10-09,18:00,セキスイハイムスーパーアリーナ,electronic,female,同行,mp,5.0,,ランダム同行,2026-09-26 01:01:13,scrape_observed,2026-09-27 00:01:19,,,listing,1,15000,"同行入場、すり替えあり。2名での入場です。
持ち逃げ防止のため、入場時に身分証原本もしくはお使いのスマホ端末を預からせていただきます。
入場後にチケットと交換で...",True,hiak76ihef,,alias,2026-09-27 10:48:34,2026-09-27 09:48:30,,,,
ltu22r09hy,,key-to-lit-arena-tour-2026-neo-classics,2026-10-09,18:00,セキスイハイムスーパーアリーナ,electronic,female,同行,K,5.0,,同行番手,2026-09-26 01:01:13,scrape_observed,2026-09-27 00:01:19,,,listing,2,45000,"すり替えなし2名義中2番手2枚
該当(変更ボタンあり)/初期当選/有効期限内

⭐︎開場時間に会場付近にて待合せ予定となります
⭐︎プラベルまたはプライベート出...",True,9y44sm7tlv,,alias,2026-09-27 10:48:34,2026-09-27 09:48:30,,,,
2pwhxpzdo4,,key-to-lit-arena-tour-2026-neo-classics,2026-10-09,18:00,セキスイハイムスーパーアリーナ,electronic,female,同行,31,5.0,,同行記載あり,2026-09-26 01:01:13,scrape_observed,2026-09-27 00:01:19,,,listing,1,38000,"重複なし同行（井上担不可）/初期/非該当/期限内/下3桁提示可/本確不可/日本人女性のみ/代理購入不可

当日は当方が指定した場所・時間に集合し同時入場して頂き...",True,ra5ru5vsly,,alias,2026-09-27 10:48:35,2026-09-27 09:48:30,,,,
mqu42oqsk8,,key-to-lit-arena-tour-2026-neo-classics,2026-10-09,18:00,セキスイハイムスーパーアリーナ,electronic,female,少数ランダム,も,5.0,,ランダム,2026-09-26 01:01:13,scrape_observed,2026-09-27 00:01:19,,,listing,2,20000,"💓プラベル対応可能です💓
🌟ランダム🌟必ずランダム配布に理解がある方のみご購入ください。
🌟中相場での買取可🌟
日本語のわかる日本人女性のみご購入く...",True,qxh7mszy6r,,alias,2026-09-27 10:48:35,2026-09-27 09:48:30,,,,
vokbl63pb8,,key-to-lit-arena-tour-2026-neo-classics,2026-10-10,12:30,セキスイハイムスーパーアリーナ,electronic,female,ランダム,m,5.0,,同行記載あり,2026-09-26 01:01:13,scrape_observed,2026-09-27 00:01:19,,,listing,1,13000,"当方が座席を選択した後、残ったチケットをランダムでお渡し致します。
ご購入様にお席をお選び頂くことはできません。

発券後、一度チケットを全て回収させていただき...",True,we9xmb1blv,,alias,2026-09-27 10:48:36,2026-09-27 09:48:30,,,,
v5th49dydp,,key-to-lit-arena-tour-2026-neo-classics,2026-10-10,12:30,セキスイハイムスーパーアリーナ,electronic,female,同行,♡,4.4,,ランダム,2026-09-26 01:01:13,scrape_observed,2026-09-27 00:01:19,,,listing,2,30000,"ランダム配布を理解している方のみご購入ください。

複数名義所持しているため、同時入場後は発券したチケットを一度回収させて頂き、座席はこちらで選ばせて頂きます。...",True,z54vhvt23v,,alias,2026-09-27 10:48:36,2026-09-27 09:48:30,,,,
y4s7s9epox,,key-to-lit-arena-tour-2026-neo-classics,2026-10-10,12:30,セキスイハイムスーパーアリーナ,electronic,female,ランダム,m,5.0,,ランダム,2026-09-26 01:01:13,scrape_observed,2026-09-27 00:01:19,,,listing,2,28000,"当方が座席を選択した後、残ったチケットをランダムでお渡し致します。
ご購入様にお席をお選び頂くことはできません。

発券後、一度チケットを全て回収させていただき...",True,b12ptrlult,,alias,2026-09-27 10:48:36,2026-09-27 09:48:30,,,,
ekhpfkgsdc,,key-to-lit-arena-tour-2026-neo-classics,2026-10-10,12:30,セキスイハイムスーパーアリーナ,paper,female,入金後24時間以内に郵送,M,5.0,,,2026-09-26 01:01:13,scrape_observed,2026-09-27 00:01:19,,,listing,2,35000,"一般発売　注釈指定席
2名券
追跡ありで郵送させて頂きます。",True,wwtp83y980,,alias,2026-09-27 10:48:36,2026-09-27 09:48:30,,,,
leli6bonos,,key-to-lit-arena-tour-2026-neo-classics,2026-10-10,12:30,セキスイハイムスーパーアリーナ,electronic,female,公演前日までにログイン情報共有,🌷,5.0,,QR,2026-09-26 01:01:13,scrape_observed,2026-09-27 00:01:19,,,listing,2,70000,"初期当選/該当名義/同行者登録可/下3桁提示可/サイチェン不可

入場後は速やかにログアウトをお願いします。本人確認やランダムエラー等いかなる場合も返金対応はい...",True,ydw6dk0p58,,alias,2026-09-27 10:48:37,2026-09-27 09:48:30,,,,
7d1ur8a4xo,,key-to-lit-arena-tour-2026-neo-classics,2026-10-10,12:30,セキスイハイムスーパーアリーナ,electronic,female,同行,ぱん,5.0,,番手,2026-09-26 01:01:13,scrape_observed,2026-09-27 00:01:19,,,listing,2,55000,"4名義中3番手/全て該当名義/初期当選/有効期限内/すり替えなし/下3桁提示可/着ブロ希望なし/座席未定

4名義中3番手


公演当日は当方が指定する場所、時...",True,5f4mkd2d92,,alias,2026-09-27 10:48:37,2026-09-27 09:48:30,,,,
2ohl4xh6jt,,key-to-lit-arena-tour-2026-neo-classics,2026-10-10,12:30,セキスイハイムスーパーアリーナ,electronic,female,少人数ランダム,mp,5.0,,ランダム,2026-09-26 01:01:13,scrape_observed,2026-09-27 00:01:19,,,listing,2,20000,"同行入場、すり替えあり。4名での入場です。
持ち逃げ防止のため、入場時に身分証原本もしくはお使いのスマホ端末を預からせていただきます。
入場後にチケットと交換で...",True,9yn4j0x2dp,,alias,2026-09-27 10:48:38,2026-09-27 09:48:30,,,,
986maxuygs,,key-to-lit-arena-tour-2026-neo-classics,2026-10-10,12:30,セキスイハイムスーパーアリーナ,electronic,female,同行,R,5.0,,番手,2026-09-26 01:01:13,scrape_observed,2026-09-27 00:01:19,,,listing,2,65000,"3名義中2番手/全て初期当選/該当名義/変更ボタンあり

当日は開場の20分前までには会場付近に到着しているようお願いいたします。

入場後は一度解散し確認後に...",True,s02gmfppga,,alias,2026-09-27 10:48:38,2026-09-27 09:48:30,,,,
l6sqayslwn,,key-to-lit-arena-tour-2026-neo-classics,2026-10-10,12:30,セキスイハイムスーパーアリーナ,electronic,female,2名義中2番手,え,5.0,,番手,2026-09-26 01:01:13,scrape_observed,2026-09-27 00:01:19,,,listing,2,50000,"⭐️2名義中2番手⭐️ / 初期当選 / 該当名義 / 有効期限内 / すり替えなし / 下3桁提示可

公演当日は開場時間の10～20分前頃を目安にこちらが指...",True,8orz170yfw,,alias,2026-09-27 10:48:38,2026-09-27 09:48:30,,,,
eer57v4sgu,,key-to-lit-arena-tour-2026-neo-classics,2026-10-10,12:30,セキスイハイムスーパーアリーナ,electronic,female,【条件あり】当日手渡し/座席未定/ランダム配布/有効会員,T,4.9,,同行ランダム,2026-09-26 01:01:13,scrape_observed,2026-09-27 00:01:19,,,listing,1,12000,"《開場30分前集合予定》

※レビュー(評価4.8以上)ある方のみ申請下さい。
※購入時のコメント不要です。
★購入後に当日連絡のつくお電話番号と氏名(苗字)を...",True,7jgr1rr6id,,alias,2026-09-27 10:48:39,2026-09-27 09:48:30,,,,
2g5pkyxbtc,,key-to-lit-arena-tour-2026-neo-classics,2026-10-10,12:30,セキスイハイムスーパーアリーナ,electronic,female,同行,ぱん,5.0,,番手,2026-09-26 01:01:13,scrape_observed,2026-09-27 00:01:19,,,listing,2,70000,"4名義中2番手/全て該当名義/初期当選/有効期限内/すり替えなし/下3桁提示可/着ブロ希望なし/座席未定

4名義中2番手


公演当日は当方が指定する場所、時...",True,leyc1rmwqw,,alias,2026-09-27 10:48:39,2026-09-27 09:48:30,,,,
riog3svf87,,key-to-lit-arena-tour-2026-neo-classics,2026-10-10,12:30,セキスイハイムスーパーアリーナ,electronic,female,公演1日前までにQRコード共有,じぇい,5.0,,QR,2026-09-26 01:01:13,scrape_observed,2026-09-27 00:01:19,,,listing,2,47000,"情報局先行 KEY TO LIT 初期当選
猪狩蒼弥名義 (変更ボタンあり)
指定席 2枚申し込み 
入金後下3桁提示可 着ブロなし
複数当選なし
QRごとのお...",True,mjk1z4je9t,,alias,2026-09-27 10:48:39,2026-09-27 09:48:30,,,,
eijhx5pcwc,,key-to-lit-arena-tour-2026-neo-classics,2026-10-10,12:30,セキスイハイムスーパーアリーナ,electronic,female,同行,♡,4.4,,ランダム,2026-09-26 01:01:13,scrape_observed,2026-09-27 00:01:19,,,listing,2,33000,"ランダム配布を理解している方のみご購入ください。

複数名義所持しているため、同時入場後は発券したチケットを一度回収させて頂き、座席はこちらで選ばせて頂きます。...",True,xi57ga9oi0,,alias,2026-09-27 10:48:40,2026-09-27 09:48:30,,,,
83kkviaovh,,key-to-lit-arena-tour-2026-neo-classics,2026-10-10,12:30,セキスイハイムスーパーアリーナ,electronic,female,同行,しお,5.0,,ランダム,2026-09-26 01:01:13,scrape_observed,2026-09-27 00:01:19,,,listing,1,12500,"返金保証⚠︎入場時ランダムエラーで入場ができなかった場合は掲載額から定価手数料を引いた全額返金いたします。

発券後半券を一度お預かりいたします。
お渡しできる...",True,hs0wpr7jm4,,alias,2026-09-27 10:48:40,2026-09-27 09:48:30,,,,
0dwpaydfa0,,key-to-lit-arena-tour-2026-neo-classics,2026-10-10,12:30,セキスイハイムスーパーアリーナ,electronic,female,公演前日にQRコード共有,あ,5.0,,ランダムQR,2026-09-26 01:01:13,scrape_observed,2026-09-27 00:01:19,,,listing,2,52000,"該当名義（変更ボタンあり）
有効期限内、Pay-easy支払い済、初期当選
会員番号下3桁提示可

※希望あればプラベルにて出品可

QRごとのお譲り。申込時に...",True,e63n0twhf0,,alias,2026-09-27 10:48:41,2026-09-27 09:48:30,,,,
n77evfdfxt,,key-to-lit-arena-tour-2026-neo-classics,2026-10-10,12:30,セキスイハイムスーパーアリーナ,electronic,female,同行,R,5.0,,番手,2026-09-26 01:01:13,scrape_observed,2026-09-27 00:01:19,,,listing,2,60000,"3名義中3番手/全て初期当選/該当名義/変更ボタンあり

当日は開場の20分前までには会場付近に到着しているようお願いいたします。

入場後は一度解散し確認後に...",True,ajfdyfwavx,,alias,2026-09-27 10:48:41,2026-09-27 09:48:30,,,,
4pcavuklar,,key-to-lit-arena-tour-2026-neo-classics,2026-10-10,12:30,セキスイハイムスーパーアリーナ,electronic,female,同行,も,5.0,,同行,2026-09-26 01:01:13,scrape_observed,2026-09-27 00:01:19,,,listing,1,70000,"
重複無し2連中の一枚

当方と同行
初期当選/有効期限内／下3桁提示可能


集合は開場10分前頃予定しておりますので時間厳守でお願致します。

万が一着ブロ...",True,t16gaaaxpg,,alias,2026-09-27 10:48:41,2026-09-27 09:48:30,,,,
ldxpqcs8js,,key-to-lit-arena-tour-2026-neo-classics,2026-10-10,12:30,セキスイハイムスーパーアリーナ,electronic,female,同行,T,5.0,,同行番手,2026-09-26 01:01:13,scrape_observed,2026-09-27 00:01:19,,,listing,1,45000,"2名義中2番手同行
初期当選/該当名義/有効期限内/変更ボタン有/すり替えなし/下３桁提示可

購入申請される際に担当明記をお願いいたします。

指定したお時間...",True,t9zshagtk3,,alias,2026-09-27 10:48:41,2026-09-27 09:48:30,,,,
pedp0n1o9b,,key-to-lit-arena-tour-2026-neo-classics,2026-10-10,12:30,セキスイハイムスーパーアリーナ,electronic,female,入金後24時間以内にQRコード共有,어,5.0,,QR,2026-09-26 01:01:13,scrape_observed,2026-09-27 00:01:19,,,listing,2,48500,"情報局先行 中村嶺亜名義(変更ボタン有り) 
初期当選 有効期限内コンビニ決済 
重複すり替えなし 同行者登録可
入金後下3桁提示可 着ブロなし
郵送物戻り 過...",True,l70t17c008,,alias,2026-09-27 10:48:42,2026-09-27 09:48:30,,,,
0qt4inrk0p,,key-to-lit-arena-tour-2026-neo-classics,2026-10-10,12:30,セキスイハイムスーパーアリーナ,electronic,female,同行,ほ,5.0,,同行記載あり,2026-09-26 01:01:13,scrape_observed,2026-09-27 00:01:19,,,listing,1,65000,"初期当選｜重複すり替えなし｜同行｜有効期限内名義｜会員番号下3桁提示可

・開場時間頃に集合予定です。
・当方(佐々木担)の同行になります。
・連番内の座席はこ...",True,iqjbuoayiw,,alias,2026-09-27 10:48:42,2026-09-27 09:48:30,,,,
nbkcuu04u6,,key-to-lit-arena-tour-2026-neo-classics,2026-10-10,12:30,セキスイハイムスーパーアリーナ,electronic,female,入金後24時間以内にQRコード共有,어,5.0,,QR,2026-09-26 01:01:13,scrape_observed,2026-09-27 00:01:19,,,listing,2,50000,"情報局先行 中村嶺亜名義(変更ボタン有り) 
初期当選 有効期限内コンビニ決済 
重複すり替えなし 同行者登録可
入金後下3桁提示可 着ブロなし
郵送物戻り 過...",True,0xsrij2g9s,,alias,2026-09-27 10:48:43,2026-09-27 09:48:30,,,,
imsigzmkj2,,key-to-lit-arena-tour-2026-neo-classics,2026-10-10,12:30,セキスイハイムスーパーアリーナ,electronic,female,ランダム配布,ぴか,5.0,,ランダム,2026-09-26 01:01:13,scrape_observed,2026-09-27 00:01:19,,,listing,1,12000,"プライベート出品致します。
ご連絡下さい。
日本語が通じる方のみ。

公演当日、開場30分前(11時半開場の場合11時)に会場にてお待ち合わせをお願い致します。...",True,lvbvwped11,,alias,2026-09-27 10:48:43,2026-09-27 09:48:30,,,,
tfx70akgw4,,key-to-lit-arena-tour-2026-neo-classics,2026-10-10,12:30,セキスイハイムスーパーアリーナ,electronic,female,同行,れ,5.0,,番手,2026-09-26 01:01:13,scrape_observed,2026-09-27 00:01:19,,,listing,2,55000,"FC先行/初期当選/すり替えなし/期限内/4名義中3番手/下3桁提示可

プラベル出品に切り替えます。
プラベル分からない方ご遠慮ください
公演当日は会場付近に...",True,ybq0it5tlr,,alias,2026-09-27 10:48:43,2026-09-27 09:48:30,,,,
e72rnmg8yw,,key-to-lit-arena-tour-2026-neo-classics,2026-10-10,12:30,セキスイハイムスーパーアリーナ,electronic,female,同行,s,5.0,,同行,2026-09-26 01:01:13,scrape_observed,2026-09-27 00:01:19,,,listing,1,68000,"2連中1枚、重複すり替えなし、該当名義、初期当選、有効期限内、変更ボタンあり、下三桁開示可、着ブロ希望なし

開場10分前待ち合わせを予定しています。入場後、連...",True,w5vietqirf,,alias,2026-09-27 10:48:43,2026-09-27 09:48:30,,,,
4g8hh8cgzv,,key-to-lit-arena-tour-2026-neo-classics,2026-10-10,17:30,セキスイハイムスーパーアリーナ,electronic,female,少人数ランダム,み,5.0,,ランダム記載あり,2026-09-26 01:01:13,scrape_observed,2026-09-27 00:01:19,,,listing,1,26500,"少人数ランダム配布/開演5-10分までにお渡し

入場後、一度チケットを回収し座席確認後、指定の時間になり次第チケットをお渡しいたします。座席のクレーム等は受け...",True,yhaqss7q95,,alias,2026-09-27 10:48:44,2026-09-27 09:48:30,,,,
4x143watkg,,key-to-lit-arena-tour-2026-neo-classics,2026-10-10,17:30,セキスイハイムスーパーアリーナ,electronic,female,同行,ぴ,5.0,,同行,2026-09-26 01:01:13,scrape_observed,2026-09-27 00:01:19,,,listing,1,50000,"同行(佐々木担)/非該当期間内/初期当選/重複すり替えなし
当日開場10〜20分前に集合し同時入場させていただき座席確認後当方が選ばなかったお座席のチケットをお...",True,u1rfwlp64u,,alias,2026-09-27 10:48:44,2026-09-27 09:48:30,,,,
yyffunb506,,key-to-lit-arena-tour-2026-neo-classics,2026-10-10,17:30,セキスイハイムスーパーアリーナ,electronic,none,ランダム配布,r,5.0,,ランダム,2026-09-26 01:01:13,scrape_observed,2026-09-27 00:01:19,,,listing,2,27000,"複数名義所持しているため、同時入場後に1度チケットを回収させていただき、当方が座席選択後にランダムに配布します。

チケットの選択にお時間をいただきますのであら...",True,b4b130kr2p,,alias,2026-09-27 10:48:45,2026-09-27 09:48:30,,,,
fprypcu0an,,key-to-lit-arena-tour-2026-neo-classics,2026-10-10,17:30,セキスイハイムスーパーアリーナ,electronic,female,同行,れ,5.0,,番手,2026-09-26 01:01:13,scrape_observed,2026-09-27 00:01:19,,,listing,2,65000,"FC先行/初期当選/すり替えなし/期限内/6名義中4番手/下3桁提示可/全て該当名義

プラベル出品に切り替えます。
プラベル分からない方はご遠慮ください。その...",True,auoy8dddd2,,alias,2026-09-27 10:48:45,2026-09-27 09:48:30,,,,
fdbco9fxwe,,key-to-lit-arena-tour-2026-neo-classics,2026-10-10,17:30,セキスイハイムスーパーアリーナ,electronic,female,同行,M,5.0,,番手同行,2026-09-26 01:01:13,scrape_observed,2026-09-27 00:01:19,,,listing,2,65000,"2名義中2番手
2連初期当選/該当名義(変更ボタンあり)/有効期限内/過去エラー等不備無し/着ブロ希望無し/下3桁提示可/前ツアー座席は新潟①アリーナ後方②仮設...",True,xfhoxcs58x,,alias,2026-09-27 10:48:46,2026-09-27 09:48:30,,,,
da8hp2i8rz,,key-to-lit-arena-tour-2026-neo-classics,2026-10-10,17:30,セキスイハイムスーパーアリーナ,electronic,female,同行,pom,5.0,,番手,2026-09-26 01:01:13,scrape_observed,2026-09-27 00:01:19,,,listing,2,72000,"3名義中2番手/情報局先行座席未定/全て初期当選/全て該当名義/すり替えなし/有効期間内/変更ボタンあり/下3桁提示可/着ブロ指定ではありません

会場付近にて...",True,teillgm2a7,,alias,2026-09-27 10:48:46,2026-09-27 09:48:30,,,,
h9hjbgitf3,,key-to-lit-arena-tour-2026-neo-classics,2026-10-10,17:30,セキスイハイムスーパーアリーナ,electronic,female,同時入場,TA,5.0,,ランダム,2026-09-26 01:01:13,scrape_observed,2026-09-27 00:01:19,,,listing,1,16300,"ランダム配布 同時入場 立見なし 全て指定席 有効会員
ランダム配布をご理解している方のみご購入ください。
男性の方、日本語か話せる外国人の方も購入できます。...",True,ksdvhpeh0r,,alias,2026-09-27 10:48:46,2026-09-27 09:48:30,,,,
1gjf5ms3e9,,key-to-lit-arena-tour-2026-neo-classics,2026-10-10,17:30,セキスイハイムスーパーアリーナ,electronic,female,同行,T,5.0,,番手,2026-09-26 01:01:13,scrape_observed,2026-09-27 00:01:19,,,listing,2,60000,"5名義中3番手
初期当選/該当名義/有効期限内/変更ボタン有/すり替えなし/下３桁提示可

指定したお時間に集合し、同時入場をしていただきます。遅刻された場合は...",True,cn46yrzzpw,,alias,2026-09-27 10:48:46,2026-09-27 09:48:30,,,,
sh9ra613m8,,key-to-lit-arena-tour-2026-neo-classics,2026-10-10,17:30,セキスイハイムスーパーアリーナ,electronic,female,当日,おゆ,5.0,,番手,2026-09-26 01:01:13,scrape_observed,2026-09-26 10:01:10,,,listing,1,45000,"2名義中2番手の同行
他の方からのお譲りして頂いているチケットになります。
全て該当名義、すり替えなし、下3桁提示可能
座席選択権はございませんのでご了承くださ...",True,2t1b1gwtcd,,alias,2026-09-27 10:49:10,2026-09-27 09:48:30,,,,
6c93fj4vqt,,key-to-lit-arena-tour-2026-neo-classics,2026-10-10,17:30,セキスイハイムスーパーアリーナ,electronic,female,【条件あり】当日手渡し/座席未定/ランダム配布/有効会員,T,4.9,,同行ランダム,2026-09-26 01:01:13,scrape_observed,2026-09-27 00:01:19,,,listing,1,15000,"《開場30分前集合予定》

※レビュー(評価4.8以上)ある方のみ申請下さい。
※購入時のコメント不要です。
★購入後に当日連絡のつくお電話番号と氏名(苗字)を...",True,yeo7s6cewh,,alias,2026-09-27 10:48:47,2026-09-27 09:48:30,,,,
1syt0nu7nr,,key-to-lit-arena-tour-2026-neo-classics,2026-10-10,17:30,セキスイハイムスーパーアリーナ,electronic,female,同行,T,5.0,,番手,2026-09-26 01:01:13,scrape_observed,2026-09-27 00:01:19,,,listing,2,37000,"5名義中5番手
初期当選/該当名義/有効期限内/変更ボタン有/すり替えなし/下３桁提示可

指定したお時間に集合し、同時入場をしていただきます。遅刻された場合は...",True,b9371rio40,,alias,2026-09-27 10:48:47,2026-09-27 09:48:30,,,,
qb5inlgwks,,key-to-lit-arena-tour-2026-neo-classics,2026-10-10,17:30,セキスイハイムスーパーアリーナ,electronic,female,公演日前日にQRコード共有,A,5.0,,QR,2026-09-26 01:01:13,scrape_observed,2026-09-27 00:01:19,,,listing,2,62500,"QR毎/該当名義/初期当選/重複すり替えなし/下3桁提示可

プラベルお取引ご希望の方はメッセージください。

公演前日に連絡ボードにてログイン情報をお伝え致し...",True,wb9g42vgrm,,alias,2026-09-27 10:48:48,2026-09-27 09:48:30,,,,
4aqshmiwgy,,key-to-lit-arena-tour-2026-neo-classics,2026-10-10,17:30,セキスイハイムスーパーアリーナ,electronic,female,公演日前日までにログイン情報共有,y,4.8,,QR,2026-09-26 01:01:13,scrape_observed,2026-09-27 00:01:19,,,listing,2,68000,"初期当選 / QR / すり替えなし / 下3桁掲示可能 / 有効期限内 / 該当名義(変更ボタンあり) / Pay-easy決済 / 過去エラーなし

公演前...",True,8zg2fnzq6d,,alias,2026-09-27 10:48:48,2026-09-27 09:48:30,,,,
yzcdwoat3i,,key-to-lit-arena-tour-2026-neo-classics,2026-10-10,17:30,セキスイハイムスーパーアリーナ,electronic,female,同行,みかん,5.0,,番手,2026-09-26 01:01:13,scrape_observed,2026-09-27 00:01:19,,,listing,1,55000,"3名義中3番手(2連中1枚)
初期当選/該当名義/変ボあり/有効期限内/すり替えなし/下3桁提示可

同時入場後当方が座席選択次第、3名義中3番手のチケットをお...",True,c4sg985yfz,,alias,2026-09-27 10:48:48,2026-09-27 09:48:30,,,,
mwtn0sm9kt,,key-to-lit-arena-tour-2026-neo-classics,2026-10-10,17:30,セキスイハイムスーパーアリーナ,electronic,female,入金後3時間以内にQRコード共有,ユカ,5.0,,QR,2026-09-26 01:01:13,scrape_observed,2026-09-27 00:01:19,,,listing,2,62000,"情報局先行 KEY TO LIT 井上瑞稀名義 初期当選 指定席 2枚申し込み QRごとのお譲り 条件ございません 座席未定

情報局先行 ２枚申込みでの当選し...",True,1xxzpghjaw,,alias,2026-09-27 10:48:48,2026-09-27 09:48:30,,,,
jcsg8pjitq,,key-to-lit-arena-tour-2026-neo-classics,2026-10-10,17:30,セキスイハイムスーパーアリーナ,electronic,female,同行,取引,5.0,,,2026-09-26 01:01:13,scrape_observed,2026-09-27 00:01:19,,,listing,1,15500,"プライベート出品に変えますのでコメントください。
・指定の場所に集合後、同時入場して頂きます。時間厳守できる方でお願い致します。万が一、遅刻された場合もこちらで...",True,9kox304379,,alias,2026-09-27 10:48:49,2026-09-27 09:48:30,,,,
0ljuekxk0l,,key-to-lit-arena-tour-2026-neo-classics,2026-10-10,17:30,セキスイハイムスーパーアリーナ,electronic,female,同行,ゆ,5.0,,同行,2026-09-26 01:01:13,scrape_observed,2026-09-27 00:01:19,,,listing,1,68000,"初期当選/該当名義/重複すり替えなし/着ブロ指定なし/下3桁提示可能/有効期限内/変更ボタン有/猪狩担不可

2連中1枚当方との同行になります。
連番内のお席は...",True,wu9uj4ykq8,,alias,2026-09-27 10:48:49,2026-09-27 09:48:30,,,,
yg1fztynx5,,key-to-lit-arena-tour-2026-neo-classics,2026-10-10,17:30,セキスイハイムスーパーアリーナ,electronic,female,同行,K,5.0,,同行番手,2026-09-26 01:01:13,scrape_observed,2026-09-27 00:01:19,,,listing,2,53000,"すり替えなし3名義中3番手1-2枚
該当(変更ボタンあり)/初期当選/有効期限内

⭐︎開場時間に会場付近にて待合せ予定となります
⭐︎プラベルまたはプライベー...",True,f40mtspawb,,alias,2026-09-27 10:48:50,2026-09-27 09:48:30,,,,
v5pik6kdaq,,key-to-lit-arena-tour-2026-neo-classics,2026-10-10,17:30,セキスイハイムスーパーアリーナ,electronic,female,ログイン情報の渡し,も,5.0,,QR,2026-09-26 01:01:13,scrape_observed,2026-09-27 01:01:03,,,listing,2,65000,"座席未定、初期当選、重複、すり替えなしのQRごとのお譲り
該当名義、有効期限内名義、下３桁提示可

公演前日までに連絡ボードにてログイン情報をお伝えいたします。...",True,wsapzm19fn,,alias,2026-09-27 10:41:04,2026-09-27 09:48:30,,,,
7y8d18cyjz,,key-to-lit-arena-tour-2026-neo-classics,2026-10-10,17:30,セキスイハイムスーパーアリーナ,electronic,female,同行,♡,4.4,,ランダム,2026-09-26 01:01:13,scrape_observed,2026-09-27 00:01:19,,,listing,2,30000,"ランダム配布を理解している方のみご購入ください。

複数名義所持しているため、同時入場後は発券したチケットを一度回収させて頂き、座席はこちらで選ばせて頂きます。...",True,ttrpul45ne,,alias,2026-09-27 10:48:50,2026-09-27 09:48:30,,,,
83nlsjgyxe,,key-to-lit-arena-tour-2026-neo-classics,2026-10-10,17:30,セキスイハイムスーパーアリーナ,electronic,female,4名義中4番手,mp,5.0,,番手,2026-09-26 01:01:13,scrape_observed,2026-09-27 01:01:03,,,listing,2,40000,プラベルに切り替えますので申請ください／すべて情報局先行／座席未定／重複すり替えなし／初期当選／該当名義／変更ボタン有／有効期限内／下3桁提示可能／着席希望なし...,True,k2uzr4ng8w,,alias,2026-09-27 10:41:05,2026-09-27 09:48:30,,,,
ww00odmbpk,,key-to-lit-arena-tour-2026-neo-classics,2026-10-10,17:30,セキスイハイムスーパーアリーナ,electronic,female,同行,K,5.0,,同行番手,2026-09-26 01:01:13,scrape_observed,2026-09-27 00:01:19,,,listing,2,71000,"すり替えなし3名義中2番手1-2枚
該当(変更ボタンあり)/初期当選/有効期限内

⭐︎開場時間に会場付近にて待合せ予定となります
⭐︎プラベルまたはプライベー...",True,kem5vspvkb,,alias,2026-09-27 10:48:50,2026-09-27 09:48:30,,,,
q1xbro76nw,,key-to-lit-arena-tour-2026-neo-classics,2026-10-10,17:30,セキスイハイムスーパーアリーナ,electronic,female,同行,れ,5.0,,番手,2026-09-26 01:01:13,scrape_observed,2026-09-27 00:01:19,,,listing,2,50000,"FC先行/初期当選/すり替えなし/期限内/6名義中5番手/下3桁提示可/全て該当名義

プラベル出品に切り替えます。
プラベル分からない方はご遠慮ください。その...",True,jfmh0kwlq1,,alias,2026-09-27 10:48:51,2026-09-27 09:48:30,,,,
aq8bj5ymmg,,key-to-lit-arena-tour-2026-neo-classics,2026-10-10,17:30,セキスイハイムスーパーアリーナ,electronic,female,同行,T,5.0,,番手,2026-09-26 01:01:13,scrape_observed,2026-09-27 00:01:19,,,listing,2,70000,"5名義中2番手
初期当選/該当名義/有効期限内/変更ボタン有/すり替えなし/下３桁提示可

指定したお時間に集合し、同時入場をしていただきます。遅刻された場合は...",True,ynpci5c59i,,alias,2026-09-27 10:48:51,2026-09-27 09:48:30,,,,
hk5amxhi88,,key-to-lit-arena-tour-2026-neo-classics,2026-10-10,17:30,セキスイハイムスーパーアリーナ,electronic,female,同行,T,5.0,,番手,2026-09-26 01:01:13,scrape_observed,2026-09-27 00:01:19,,,listing,2,47000,"5名義中4番手
初期当選/該当名義/有効期限内/変更ボタン有/すり替えなし/下３桁提示可

指定したお時間に集合し、同時入場をしていただきます。遅刻された場合は...",True,70q304mbvd,,alias,2026-09-27 10:48:51,2026-09-27 09:48:30,,,,
brj3y95idz,,key-to-lit-arena-tour-2026-neo-classics,2026-10-03,18:00,マリンメッセ福岡 A館,electronic,female,3名義中2番手,m,5.0,,番手,2026-09-26 02:01:13,scrape_observed,2026-09-27 01:01:03,,,listing,1,40000,"3名義中2番手 / すり替えなし / FC先行初期当選 / 全て入所日該当名義 / 下3桁提示可能 / 有効期限内 / 変更ボタン有り
 
・プライベート出品い...",True,hx78viaf62,,alias,2026-09-27 10:41:05,2026-09-27 09:48:30,,,,
vglwp0q26b,,key-to-lit-arena-tour-2026-neo-classics,2026-10-03,18:00,マリンメッセ福岡 A館,electronic,female,番手でのお渡し,tpjm,5.0,,QR番手,2026-09-26 02:01:13,scrape_observed,2026-09-27 01:01:03,,,listing,1,28000,"4名義中4番手（5枚中5枚目）/初期当選、復活当選/有効期限内/すり替えなし/下3桁提示可/着ブロ希望なし/座席未定

公演当日は当方が指定する場所、時間に集合...",True,z5vdusml61,,alias,2026-09-27 10:41:06,2026-09-27 09:48:30,,,,
xs8ir7mgxw,,key-to-lit-arena-tour-2026-neo-classics,2026-10-03,18:00,マリンメッセ福岡 A館,electronic,female,同行,あ,5.0,,番手,2026-09-26 02:01:13,scrape_observed,2026-09-27 01:01:03,,,listing,2,25000,"4名義中3番手
全て初期当選/下3桁提示可/すり替えなし
プライベート出品に切り替えますのでご希望の方はコメントお願い致します。

他サイトにも出品しているため...",True,x1qcmb4kwz,,alias,2026-09-27 10:41:06,2026-09-27 09:48:30,,,,
fweqfmzj16,,key-to-lit-arena-tour-2026-neo-classics,2026-10-03,18:00,マリンメッセ福岡 A館,electronic,female,同行,aaa,5.0,,番手同行,2026-09-26 02:01:13,scrape_observed,2026-09-27 01:01:03,,,listing,2,30000,"5名義中5番手/FC先行初期当選/該当名義/下3桁提示可能/有効期限内/本確対応不可

【お取引成立後はプライベートモードへ移行させていただくので、ご購入前に必...",True,jndtmvku5i,,alias,2026-09-27 10:41:07,2026-09-27 09:48:30,,,,
03nxrjwk67,,key-to-lit-arena-tour-2026-neo-classics,2026-10-03,18:00,マリンメッセ福岡 A館,electronic,female,同時入場,TA,5.0,,ランダム,2026-09-26 02:01:13,scrape_observed,2026-09-27 01:01:03,,,listing,1,13800,"ランダム配布 同時入場 立見なし 全て指定席 有効会員
ランダム配布をご理解している方のみご購入ください。
男性の方、日本語か話せる外国人の方も購入できます。...",True,rkikineprv,,alias,2026-09-27 10:41:07,2026-09-27 09:48:30,,,,
p61nif4qq1,,key-to-lit-arena-tour-2026-neo-classics,2026-10-03,18:00,マリンメッセ福岡 A館,electronic,female,入金後3時間以内にQRコード共有,ユカ,5.0,,QR,2026-09-26 02:01:13,scrape_observed,2026-09-27 01:01:03,,,listing,2,47000,"情報局先行 KEY TO LIT 井上瑞稀名義 初期当選 指定席 2枚申し込み QRごとのお譲り 条件ございません 座席未定

情報局先行 ２枚申込みでの当選し...",True,6341xzv29q,,alias,2026-09-27 10:41:07,2026-09-27 09:48:30,,,,
72uzf5iibw,,key-to-lit-arena-tour-2026-neo-classics,2026-10-03,18:00,マリンメッセ福岡 A館,electronic,female,同行,取引,5.0,,ランダム,2026-09-26 02:01:13,scrape_observed,2026-09-27 01:01:03,,,listing,1,7000,・指定の場所に集合後、同時入場して頂きます。時間厳守できる方でお願い致します。万が一、遅刻された場合もこちらで先に入場致しますが、その際も受け取り評価して頂きま...,True,iq9w1yasey,,alias,2026-09-27 10:41:08,2026-09-27 09:48:30,,,,
18z40uep1a,,key-to-lit-arena-tour-2026-neo-classics,2026-10-03,18:00,マリンメッセ福岡 A館,electronic,female,入金後24時間以内にQRコード共有,aaa,5.0,,QR,2026-09-26 02:01:13,scrape_observed,2026-09-27 01:01:03,,,listing,2,65000,"QRごと / すり替え重複なし / FC有効期限内
下3桁提示可 

公演当日、ログインに必要な情報をお伝えします。

公演が中止となった場合のみ、手数料を差し...",True,8y5shu8wyl,,alias,2026-09-27 10:41:08,2026-09-27 09:48:30,,,,
uq6yk72upz,,key-to-lit-arena-tour-2026-neo-classics,2026-10-03,18:00,マリンメッセ福岡 A館,electronic,female,同行,ひ,5.0,,同行記載あり,2026-09-26 02:01:13,scrape_observed,2026-09-27 01:01:03,,,listing,1,55000,"本人確認対応可/重複すり替えなし/サイチェン可/入場受け取り評価後即解散/初期当選/変ボ有り該当名義 /着ブロ希望なし/有効期限内

当方と同行になります(中村...",True,7pk8rd5ygp,,alias,2026-09-27 10:41:08,2026-09-27 09:48:30,,,,
swcnwqpepg,,key-to-lit-arena-tour-2026-neo-classics,2026-10-03,18:00,マリンメッセ福岡 A館,electronic,female,同行,ole,5.0,,,2026-09-26 02:01:13,scrape_observed,2026-09-27 01:01:03,,,listing,1,50000,"初期当選/該当名義/期限内 変更ボタンあり/重複 すり替え無し/下3桁提示可

開場時間に会場周辺集合、同時入場後一旦発券された座席までご移動お願いいたします。...",True,c52fe6fjpx,,alias,2026-09-27 10:41:09,2026-09-27 09:48:30,,,,
6zgf32nufb,,key-to-lit-arena-tour-2026-neo-classics,2026-10-03,18:00,マリンメッセ福岡 A館,electronic,female,同行,ゆ,5.0,,,2026-09-26 02:01:13,scrape_observed,2026-09-27 01:01:03,,,listing,2,28000,"3名義中3番手/該当2非該当1/過去エラーなし/有効期限内/変更ボタンあり/すり替えなし/下3桁提示可能

当日は会場30分～15分前に会場付近に待ち合わせし、...",True,cbragcqus5,,alias,2026-09-27 10:41:09,2026-09-27 09:48:30,,,,
5mcdulmv0g,,key-to-lit-arena-tour-2026-neo-classics,2026-10-03,18:00,マリンメッセ福岡 A館,electronic,none,ランダム配布,め,5.0,,ランダム記載あり,2026-09-26 02:01:13,scrape_observed,2026-09-27 01:01:03,,,listing,1,15000,"【1名義のみのランダム配布】
FC枠当選
・同時入場後チケットを一度回収し、こちらでお渡しするチケットを選択した後に再配布させていただきます。
お渡しする座席へ...",True,yyy2usfzzi,,alias,2026-09-27 10:41:10,2026-09-27 09:48:30,,,,
gv3eeaip99,,key-to-lit-arena-tour-2026-neo-classics,2026-10-03,18:00,マリンメッセ福岡 A館,electronic,female,同行,aaa,5.0,,同行番手,2026-09-26 02:01:13,scrape_observed,2026-09-27 01:01:03,,,listing,2,40000,"5名義中4番手/FC先行初期当選/該当名義/下3桁提示可能/有効期限内/本確対応不可

【お取引成立後はプライベートモードへ移行させていただくので、ご購入前に必...",True,s98fwqmtmh,,alias,2026-09-27 10:41:10,2026-09-27 09:48:30,,,,
3i8jzlzrrv,,key-to-lit-arena-tour-2026-neo-classics,2026-10-03,18:00,マリンメッセ福岡 A館,electronic,female,公演日前日にログイン情報共有,あ,5.0,,QR,2026-09-26 02:01:13,scrape_observed,2026-09-27 01:01:03,,,listing,2,45000,"QRごと/非該当名義/初期当選/有効期限内/会員番号下3桁提示可能/着ブロ希望なし

同行者登録は買い手様ご自身でお願いします。
名義を傷つける行為はお辞めくだ...",True,mesj9sa1m1,,alias,2026-09-27 10:41:10,2026-09-27 09:48:30,,,,
983siocgmm,,key-to-lit-arena-tour-2026-neo-classics,2026-10-03,18:00,マリンメッセ福岡 A館,electronic,female,同行,s,5.0,,同行,2026-09-26 02:01:13,scrape_observed,2026-09-27 01:01:03,,,listing,1,60000,"2連中1枚同行 
初期当選/該当名義（変更ボタンあり）/有効期限内/下3桁提示可/本確対応可/着ブロ希望なし

開場10分前に会場付近で待ち合わせを予定していま...",True,nftr6qgds8,,alias,2026-09-27 10:41:11,2026-09-27 09:48:30,,,,
8t31487sh8,,key-to-lit-arena-tour-2026-neo-classics,2026-10-03,18:00,マリンメッセ福岡 A館,electronic,female,同行,T,5.0,,同行番手,2026-09-26 02:01:13,scrape_observed,2026-09-27 01:01:03,,,listing,2,45000,"5名義中3番手/初期当選/有効期限内/すり替えなし/下3桁提示可/着ブロ希望なし/座席未定

5名義中3番手

ご購入の方はプラベル出品いたしますのでお声がけ下...",True,hak8r78s01,,alias,2026-09-27 10:41:11,2026-09-27 09:48:30,,,,
sfcv9a6ci4,,key-to-lit-arena-tour-2026-neo-classics,2026-10-03,18:00,マリンメッセ福岡 A館,electronic,female,同行,u.,5.0,,番手,2026-09-26 02:01:13,scrape_observed,2026-09-27 01:01:03,,,listing,2,40000,"


6名義中4番手/初期当選/ボタンあり/該当名義/有効期限内/すり替えなし/同一クレカ支払いなし/本人確認不可/着ブロ希望なし/座席未定/下3桁の提示可/同...",True,bsxfwqdx2o,,alias,2026-09-27 10:41:11,2026-09-27 09:48:30,,,,
bw34e4na19,,key-to-lit-arena-tour-2026-neo-classics,2026-10-03,18:00,マリンメッセ福岡 A館,electronic,female,2名義中2番手,うさ,5.0,,番手,2026-09-26 02:01:13,scrape_observed,2026-09-27 01:01:03,,,listing,2,35000,"2名義中2番手/初期当選/有効期限内/すり替えなし/下3桁提示可/座席未定

公演当日は当方が指定する場所、時間に集合していただき同時入場となります。

公演中...",True,k2h8kwwk0w,,alias,2026-09-27 10:41:12,2026-09-27 09:48:30,,,,
4te8pcwqrv,,key-to-lit-arena-tour-2026-neo-classics,2026-10-03,18:00,マリンメッセ福岡 A館,electronic,none,当日手渡し,れ,4.8,,ランダム,2026-09-26 02:01:13,scrape_observed,2026-09-27 01:01:03,,,listing,2,15000,"ランダム配布(2連確約,立ち見なし)

【取引にあたり注意事項】
日本語理解できる方、日本の電話番号お持ちの方のみ購入をお願いいたします。

チケット取引につい...",True,eytngx7zbz,,alias,2026-09-27 10:41:12,2026-09-27 09:48:30,,,,
5rbzq8ja9u,,key-to-lit-arena-tour-2026-neo-classics,2026-10-03,18:00,マリンメッセ福岡 A館,electronic,female,同行,T,5.0,,同行番手,2026-09-26 02:01:13,scrape_observed,2026-09-27 01:01:03,,,listing,2,37000,"5名義中4番手/初期当選/有効期限内/すり替えなし/下3桁提示可/着ブロ希望なし/座席未定

5名義中4番手

ご購入の方はプラベル出品いたしますのでお声がけ下...",True,o52idr3u3g,,alias,2026-09-27 10:41:13,2026-09-27 09:48:30,,,,
gpejda7yn5,,key-to-lit-arena-tour-2026-neo-classics,2026-10-03,18:00,マリンメッセ福岡 A館,electronic,female,公演当日QRコード共有,くりた,5.0,,QR,2026-09-26 02:01:13,scrape_observed,2026-09-27 01:01:03,,,listing,2,65000,"QRごと / すり替え重複なし / FC有効期限内
下3桁提示可 / 同行者登録可能

公演当日、ログインに必要な情報をお伝えします。

公演が中止となった場合...",True,jlosv03f34,,alias,2026-09-27 10:41:13,2026-09-27 09:48:30,,,,
1ta000i2y6,,key-to-lit-arena-tour-2026-neo-classics,2026-10-03,18:00,マリンメッセ福岡 A館,electronic,female,即渡し,あ,5.0,,番手,2026-09-26 02:01:13,scrape_observed,2026-09-27 01:01:03,,,listing,1,20000,"4名義中4番手
全て初期当選/下3桁提示可/すり替えなし/即渡し/4番手内1枚目

プライベート出品に切り替えますので、ご希望の方はコメントお願い致します。...",True,8ixand0c0l,,alias,2026-09-27 10:41:13,2026-09-27 09:48:30,,,,
mmpgs8ctw7,,key-to-lit-arena-tour-2026-neo-classics,2026-10-03,18:00,マリンメッセ福岡 A館,electronic,female,公演日1日前にQRコード共有,しー,5.0,,QR,2026-09-26 02:01:13,scrape_observed,2026-09-27 01:01:03,,,listing,2,50000,QRごと/下3桁提示/有効期限内／同行者登録は買い手様でお願いします。入場後に座席の写メを送って頂ける方。ご購入前にコメントを頂ければ即決に変更させて頂きます。...,True,qx50t6btjv,,alias,2026-09-27 10:41:14,2026-09-27 09:48:30,,,,
61bvme9kat,,key-to-lit-arena-tour-2026-neo-classics,2026-10-03,18:00,マリンメッセ福岡 A館,paper,female,当日手渡し,取引,5.0,,同行番手,2026-09-26 02:01:13,scrape_observed,2026-09-27 01:01:03,,,listing,2,23000,"★すり替えなし 指定席のみ 2連確約★
全名義入場後約10分以内にお渡しします。プライベート出品に変えますのでコメントください。
・指定の場所に集合後、同時入場...",True,rtrubwcm3h,,alias,2026-09-27 10:41:14,2026-09-27 09:48:30,,,,
m1aef09bs6,,key-to-lit-arena-tour-2026-neo-classics,2026-10-03,18:00,マリンメッセ福岡 A館,electronic,female,同行,ゆ,5.0,,番手同行QR,2026-09-26 02:01:13,scrape_observed,2026-09-27 01:01:03,,,listing,2,30000,"2名義中2番手
両方とも該当(変ボあり)/初期当選/下3桁提示可/有効会員

開場時間の10分前までに会場付近でお集まりいただき、同時入場いたします。
遅刻され...",True,ibavtiw9rk,,alias,2026-09-27 10:41:15,2026-09-27 09:48:30,,,,
bvvhk7dr5z,,key-to-lit-arena-tour-2026-neo-classics,2026-10-03,18:00,マリンメッセ福岡 A館,electronic,female,同行,め,5.0,,同行,2026-09-26 02:01:13,scrape_observed,2026-09-27 01:01:03,,,listing,1,55000,"2名義中1番手同行
初期当選/該当名義/すり替えなし/下3桁提示可

購入意思のないいいねはお控えください

連番の場合連番内の番号はお選び頂けませんが同等の席...",True,pu7o388w8x,,alias,2026-09-27 10:41:15,2026-09-27 09:48:30,,,,
iwt4sf6sz7,,key-to-lit-arena-tour-2026-neo-classics,2026-10-03,18:00,マリンメッセ福岡 A館,electronic,female,同行,u.,5.0,,番手,2026-09-26 02:01:13,scrape_observed,2026-09-27 01:01:03,,,listing,2,30000,"


6名義中5番手/初期当選/ボタンあり/該当名義/有効期限内/すり替えなし/同一クレカ支払いなし/本人確認不可/着ブロ希望なし/座席未定/下3桁の提示可/同...",True,omb4emn5c9,,alias,2026-09-27 10:41:15,2026-09-27 09:48:30,,,,
xvjbq3xxtn,,key-to-lit-arena-tour-2026-neo-classics,2026-10-03,18:00,マリンメッセ福岡 A館,electronic,female,同行,あ,5.0,,番手,2026-09-26 02:01:13,scrape_observed,2026-09-27 01:01:03,,,listing,2,30000,"すり替えなし2名義中2番手
該当エラー等なし
変更ボタン有 有効期限内 下3桁提示可能


開場30分前目安に集合して頂きます。
同時入場後 チケットを選ぶ際に...",True,qfvql52wb7,,alias,2026-09-27 10:41:16,2026-09-27 09:48:30,,,,
q71dqpb5d9,,key-to-lit-arena-tour-2026-neo-classics,2026-10-03,18:00,マリンメッセ福岡 A館,paper,female,当日手渡し,m,5.0,,ランダム,2026-09-26 02:01:13,scrape_observed,2026-09-27 01:01:03,,,listing,1,7999,"管理の関係でプライベート出品させていただきたいので購入希望の方はコメントお願いします。
ランダム配布を理解されている日本語の通じる女性の方のみご購入お願いいたし...",True,y7jwbnrn7b,,alias,2026-09-27 10:41:16,2026-09-27 09:48:30,,,,
t5a1j7fno6,,key-to-lit-arena-tour-2026-neo-classics,2026-10-03,18:00,マリンメッセ福岡 A館,paper,female,当日手渡し,13,5.0,,番手,2026-09-26 02:01:13,scrape_observed,2026-09-27 01:01:03,,,listing,2,35000,"2名義中2番手　2連希望優先
1番手は入所日非該当 
下3桁提示可/有効期限内/変ボあり/

・同時入場後にチケットを全て回収させて頂き、こちらで先に座席を選ば...",True,kjp7svdz3b,,alias,2026-09-27 10:41:17,2026-09-27 09:48:30,,,,
8c2kb7xqae,,key-to-lit-arena-tour-2026-neo-classics,2026-10-03,18:00,マリンメッセ福岡 A館,electronic,female,同行,T,5.0,,同行番手,2026-09-26 02:01:13,scrape_observed,2026-09-27 01:01:03,,,listing,2,0,"5名義中2番手/初期当選/有効期限内/すり替えなし/下3桁提示可/着ブロ希望なし/座席未定

5名義中2番手

ご購入の方はプライベート出品いたしますのでお声が...",True,kit64wj7og,,alias,2026-09-27 10:41:17,2026-09-27 09:48:30,,,,
xgbq9ipjob,,key-to-lit-arena-tour-2026-neo-classics,2026-10-03,18:00,マリンメッセ福岡 A館,electronic,female,5名義中5番手,ねこ,5.0,,番手,2026-09-26 02:01:13,scrape_observed,2026-09-27 01:01:03,,,listing,2,25000,"✨5名義中5番手✨
全て初期当選/変更ボタンあり/該当名義/すり替えなし/下3桁提示可/有効期限内/同行者登録可

開場時間の45分前頃に会場付近にて待ち合わせ...",True,9gb7dwbrq2,,alias,2026-09-27 10:41:17,2026-09-27 09:48:30,,,,
2uncusreys,,key-to-lit-arena-tour-2026-neo-classics,2026-10-03,18:00,マリンメッセ福岡 A館,electronic,female,同行,t,5.0,,,2026-09-26 02:01:13,scrape_observed,2026-09-27 01:01:03,,,listing,2,37000,"情報局先行 座席未定 初期当選 2名義中2番手  全て該当名義・有効期限内

公演当日、会場付近にて待ち合わせし、同時入場していただきます。
詳しい待ち合わせ時...",True,pikgbdhsiw,,alias,2026-09-27 10:41:18,2026-09-27 09:48:30,,,,
vpkgqy8f9l,,key-to-lit-arena-tour-2026-neo-classics,2026-10-03,18:00,マリンメッセ福岡 A館,electronic,female,同行,aaa,5.0,,ランダム,2026-09-26 02:01:13,scrape_observed,2026-09-27 01:01:03,,,listing,2,19000,"【ランダム配布にご理解ある方のみご購入お願い致します】
同時入場後、ランダムでチケットをお渡しさせて頂きます。
ご自身での座席選択はできかねますのでご了承くださ...",True,6tcnh9gg2w,,alias,2026-09-27 10:41:18,2026-09-27 09:48:30,,,,
snnn3g73nn,,key-to-lit-arena-tour-2026-neo-classics,2026-10-03,18:00,マリンメッセ福岡 A館,electronic,female,同行,T,5.0,,同行番手,2026-09-26 02:01:13,scrape_observed,2026-09-27 01:01:03,,,listing,1,28000,"5名義中5番手/初期当選/有効期限内/すり替えなし/下3桁提示可/着ブロ希望なし/座席未定

5名義中5番手

ご購入の方はプラベル出品いたしますのでお声がけ下...",True,z9oxm141q5,,alias,2026-09-27 10:41:18,2026-09-27 09:48:30,,,,
koyt6e8gqe,,key-to-lit-arena-tour-2026-neo-classics,2026-10-03,18:00,マリンメッセ福岡 A館,electronic,female,2名義中2番手,す,5.0,,番手,2026-09-26 02:01:13,scrape_observed,2026-09-27 01:01:03,,,listing,2,30000,"2名義中2番手/初期当選/有効期限内/すり替えなし/下3桁提示可/座席未定

公演当日は当方が指定する場所、時間に集合していただき同時入場となります。
購入者様...",True,o8d0h7exjw,,alias,2026-09-27 10:41:19,2026-09-27 09:48:30,,,,
6tv1zz7fme,,key-to-lit-arena-tour-2026-neo-classics,2026-10-03,18:00,マリンメッセ福岡 A館,electronic,female,5名義中4番手,ねこ,5.0,,番手,2026-09-26 02:01:13,scrape_observed,2026-09-27 01:01:03,,,listing,2,30000,"✨5名義中4番手✨
全て初期当選/変更ボタンあり/該当名義/すり替えなし/下3桁提示可/有効期限内/同行者登録可

開場時間の45分前頃に会場付近にて待ち合わせ...",True,g3d7rdgwgo,,alias,2026-09-27 10:41:19,2026-09-27 09:48:30,,,,
txodjof7l1,,key-to-lit-arena-tour-2026-neo-classics,2026-10-03,18:00,マリンメッセ福岡 A館,electronic,female,同行,dora,5.0,,ランダム,2026-09-26 02:01:13,scrape_observed,2026-09-27 01:01:03,,,listing,1,15000,"同時入場後、一旦回収させて頂きランダムに配布させて頂きます。座席選択はできませんのでご了承ください。
またランダム配布の為下3桁をお伝えすることはできませんご了...",True,j5wx8htt7t,,alias,2026-09-27 10:41:20,2026-09-27 09:48:30,,,,
sjkx5i97y5,,key-to-lit-arena-tour-2026-neo-classics,2026-10-03,18:00,マリンメッセ福岡 A館,electronic,female,3名義中3番手,m,5.0,,番手,2026-09-26 02:01:13,scrape_observed,2026-09-27 01:01:03,,,listing,2,30000,"3名義中3番手 / すり替えなし / FC先行初期当選 / 全て入所日該当名義 / 下3桁提示可能 / 有効期限内 / 変更ボタン有り

・プライベート出品いた...",True,tae48akfkd,,alias,2026-09-27 10:41:20,2026-09-27 09:48:30,,,,
vzv0kfvv4z,,key-to-lit-arena-tour-2026-neo-classics,2026-10-03,18:00,マリンメッセ福岡 A館,electronic,female,同行,ゆ,5.0,,同行,2026-09-26 02:01:13,scrape_observed,2026-09-27 01:01:03,,,listing,1,56000,"プラベル通しで5.5までお値下げ可能です
情報局先行 座席未定/2名義中1番手同行/中村担不可/該当名義/有効期限内/会員番号下3桁提示可/公演中止時のみ各種手...",True,wsxl8mv7ws,,alias,2026-09-27 10:41:21,2026-09-27 09:48:30,,,,
ov2r6iji72,,key-to-lit-arena-tour-2026-neo-classics,2026-10-03,18:00,マリンメッセ福岡 A館,electronic,female,公演当日当方が指定する場所、時間に集合していただき同時入場して頂きます。,♡,5.0,,番手,2026-09-26 02:01:13,scrape_observed,2026-09-27 01:01:03,,,listing,2,21000,"3名義3番手/初期当選/有効期限内/すり替えなし/下3桁提示可/座席未定

3名義3番手

ご購入の方はプライベート出品いたしますのでお声がけ下さい。

公演当...",True,vv6p27hfcl,,alias,2026-09-27 10:41:21,2026-09-27 09:48:30,,,,
ry7fzbhvyy,,key-to-lit-arena-tour-2026-neo-classics,2026-10-03,18:00,マリンメッセ福岡 A館,electronic,female,番手でのお渡し,tpjm,5.0,,QR番手,2026-09-26 02:01:13,scrape_observed,2026-09-27 01:01:03,,,listing,1,38000,"開場時間10分前に集合し、同時入場をお願いします。チケットは単番と連番含む4名義中3番手となります。（5枚中4枚目、全て非該当）
また、公演中止以外の理由（ラン...",True,oslctd8qw0,,alias,2026-09-27 10:41:21,2026-09-27 09:48:30,,,,
xhsb63v9kw,,key-to-lit-arena-tour-2026-neo-classics,2026-10-03,18:00,マリンメッセ福岡 A館,electronic,female,同行,coco72,5.0,,同行,2026-09-26 02:01:13,scrape_observed,2026-09-27 01:01:03,,,listing,1,40000,"重複無し/すり替え無し/該当（変更ボタン有）/同行/初期当選/下2桁提示可/過去ランダムエラー・発送戻り無し/着ブロ希望無し/過去2年以上連続スタンド

プライ...",True,cnolvse6iw,,alias,2026-09-27 10:41:22,2026-09-27 09:48:30,,,,
9zi3vx8qa5,,key-to-lit-arena-tour-2026-neo-classics,2026-10-03,18:00,マリンメッセ福岡 A館,electronic,female,早渡しランダム配布,Y,5.0,,ランダム,2026-09-26 02:01:13,scrape_observed,2026-09-27 01:01:03,,,listing,2,20000,"指定席のみ2連確約早渡しランダム配布(ランダム配布にご理解のある方のみご購入お願いします。)
開演30分前渡し※指定席のみ

公演当日、開場時間の45分前に会場...",True,65yzmq3gdn,,alias,2026-09-27 10:41:22,2026-09-27 09:48:30,,,,
v80tzel4oj,,key-to-lit-arena-tour-2026-neo-classics,2026-10-03,18:00,マリンメッセ福岡 A館,electronic,female,同行,s,5.0,,ランダム,2026-09-26 02:01:13,scrape_observed,2026-09-27 01:01:03,,,listing,1,15000,"【座席未定/少人数ランダム配布】

・公演当日は会場付近指定の場所に集合予定です。時間厳守でお願いします。交通機関の遅延等如何なる理由であっても一切お待ち致しか...",True,ji5e0bty3z,,alias,2026-09-27 10:41:22,2026-09-27 09:48:30,,,,
ckpid0gm7c,,key-to-lit-arena-tour-2026-neo-classics,2026-10-03,18:00,マリンメッセ福岡 A館,electronic,female,同行,あ,5.0,,ランダム,2026-09-26 02:01:13,scrape_observed,2026-09-27 01:01:03,,,listing,1,6000,"少人数ランダム、中相場買取可能
プライベート出品に切り替えますので、ご希望の方はコメントお願い致します。

当方が座席を選択した後、残ったチケットをランダムでお...",True,7b9utiywgm,,alias,2026-09-27 10:41:23,2026-09-27 09:48:30,,,,
9wrk8jld4a,,key-to-lit-arena-tour-2026-neo-classics,2026-10-03,18:00,マリンメッセ福岡 A館,electronic,female,同行,取引,5.0,,,2026-09-26 02:01:13,scrape_observed,2026-09-27 01:01:03,,,listing,1,5500,"プライベート出品に変えますのでコメントください。
・指定の場所に集合後、同時入場して頂きます。時間厳守できる方でお願い致します。万が一、遅刻された場合もこちらで...",True,rjqgd4of0d,,alias,2026-09-27 10:41:23,2026-09-27 09:48:30,,,,
aicx400pj1,,key-to-lit-arena-tour-2026-neo-classics,2026-10-03,18:00,マリンメッセ福岡 A館,electronic,female,2名義中2番手,りぃ,5.0,,番手同行,2026-09-26 02:01:13,scrape_observed,2026-09-27 01:01:03,,,listing,2,33000,"2名義中2番手/初期当選/有効期限内/すり替えなし/下3桁提示可/座席未定 /1名義非該当
公演当日は当方が指定する場所、時間に集合していただき同時入場となりま...",True,ckrresrmgj,,alias,2026-09-27 10:41:24,2026-09-27 09:48:30,,,,
zeatjhbfp7,,key-to-lit-arena-tour-2026-neo-classics,2026-10-04,12:30,マリンメッセ福岡 A館,electronic,female,同行,きらきら,5.0,,同行,2026-09-26 02:01:13,scrape_observed,2026-09-27 01:01:03,,,listing,1,60000,"2名義中1番手同行
初期当選/該当名義/すり替えなし/下3桁提示可/当方と同行
・指定した場所で待ち合わせをしていただきます。当日は時間厳守で集合をお願いいたし...",True,gvxhw1du2y,,alias,2026-09-27 10:41:24,2026-09-27 09:48:30,,,,
p9yinvpzn9,,key-to-lit-arena-tour-2026-neo-classics,2026-10-04,12:30,マリンメッセ福岡 A館,electronic,female,同時入場,TA,5.0,,ランダム,2026-09-26 02:01:13,scrape_observed,2026-09-27 01:01:03,,,listing,1,19800,"ランダム配布 同時入場 立見なし 全て指定席 有効会員
ランダム配布をご理解している方のみご購入ください。
男性の方、日本語か話せる外国人の方も購入できます。...",True,5occg2ej5u,,alias,2026-09-27 10:41:24,2026-09-27 09:48:30,,,,
9d2o8975pd,,key-to-lit-arena-tour-2026-neo-classics,2026-10-04,12:30,マリンメッセ福岡 A館,electronic,male,手渡し,さとう,5.0,,番手,2026-09-26 02:01:13,scrape_observed,2026-09-27 01:01:03,,,listing,2,42000,"お譲り決定後プラベ出品にて購入をお願いしておりますので購入の際は、コメントください。

FC初期当選/該当名義/下3桁提示可能

2名義中2番手でのお渡しです。...",True,swr07i3uw2,,alias,2026-09-27 10:41:25,2026-09-27 09:48:30,,,,
zfm1deng0u,,key-to-lit-arena-tour-2026-neo-classics,2026-10-04,12:30,マリンメッセ福岡 A館,electronic,female,同時入場,am,5.0,,番手,2026-09-26 02:01:13,scrape_observed,2026-09-27 01:01:03,,,listing,2,30000,"4名義中4番手/該当名義/初期当選/有効期限内/変更ボタンあり/すり替えなし/会員番号下3桁提示可能

・公演当日、会場付近にて待ち合わせし、同時入場していただ...",True,xzdej4myyp,,alias,2026-09-27 10:41:25,2026-09-27 09:48:30,,,,
g2ucytkapr,,key-to-lit-arena-tour-2026-neo-classics,2026-10-04,12:30,マリンメッセ福岡 A館,electronic,none,同行,A,5.0,,ランダム,2026-09-26 02:01:13,scrape_observed,2026-09-27 01:01:03,,,listing,1,8000,"
当方が座席を選択した後、残ったチケットをランダムでお渡し致します。
ご購入様にお席をお選び頂くことはできません。

発券後、一度チケットを全て回収させていただ...",True,887tuf6mgc,,alias,2026-09-27 10:41:25,2026-09-27 09:48:30,,,,
j4tuati16j,,key-to-lit-arena-tour-2026-neo-classics,2026-10-04,12:30,マリンメッセ福岡 A館,electronic,female,同行,dora,5.0,,ランダム番手,2026-09-26 02:01:13,scrape_observed,2026-09-27 01:01:03,,,listing,1,40000,"２名義中２番手 有効期限内 該当名義(変更ボタン有) 重複すり替え無し 会員番号下３桁提示可 

・公演当日、会場10分前頃待ち合わせし、同時入場していただきま...",True,b4t5dhpvzm,,alias,2026-09-27 10:41:26,2026-09-27 09:48:30,,,,
8a51pekbhk,,key-to-lit-arena-tour-2026-neo-classics,2026-10-04,12:30,マリンメッセ福岡 A館,electronic,female,【条件あり】当日手渡し/座席未定/ランダム配布/有効会員,T,4.9,,同行ランダム,2026-09-26 02:01:13,scrape_observed,2026-09-27 01:01:03,,,listing,1,6500,"《開場30分前集合予定》

※レビュー(評価4.8以上)ある方のみ申請下さい。
※購入時のコメント不要です。
★購入後に当日連絡のつくお電話番号と氏名(苗字)を...",True,131q6bnj4d,,alias,2026-09-27 10:41:26,2026-09-27 09:48:30,,,,
baukj1g9q2,,key-to-lit-arena-tour-2026-neo-classics,2026-10-04,12:30,マリンメッセ福岡 A館,electronic,female,同行,さとう,5.0,,ランダム,2026-09-26 02:01:13,scrape_observed,2026-09-27 01:01:03,,,listing,2,30000,"少人数ランダム配布/2連確約
有効期限内名義
中相場買取可能です。
上乗せで早渡しも検討いたしますのでご提示ください。

複数名義所持のため、同時入場後チケット...",True,z2k3l07gqi,,alias,2026-09-27 10:41:27,2026-09-27 09:48:30,,,,
nigqym0sfg,,key-to-lit-arena-tour-2026-neo-classics,2026-10-04,12:30,マリンメッセ福岡 A館,electronic,female,2連確約／ランダム配布／すり替えあり／少人数入場,AA,5.0,,ランダム,2026-09-26 02:01:13,scrape_observed,2026-09-27 01:01:03,,,listing,2,17000,"開場30分前に会場付近にて待ち合わせし同時入場します。
入場後チケットを回収し解散、開演5-10分前を目処に再集合しチケットをお渡しします。

2枚ご購入された...",True,wixsp0k2ye,,alias,2026-09-27 10:41:27,2026-09-27 09:48:30,,,,
sgfzxx1v1d,,key-to-lit-arena-tour-2026-neo-classics,2026-10-04,12:30,マリンメッセ福岡 A館,electronic,female,同行,M T,5.0,,同行,2026-09-26 02:01:13,scrape_observed,2026-09-27 01:01:03,,,listing,1,0,最高5.0 初期当選/重複なし同行/すり替えなし/本確対応可/同行者登録可/金額、担当明記の上ご連絡ください。,True,cnm5nr9an8,,alias,2026-09-27 10:41:27,2026-09-27 09:48:30,,,,
g8r2uga7lp,,key-to-lit-arena-tour-2026-neo-classics,2026-10-04,12:30,マリンメッセ福岡 A館,electronic,female,同行,ありちゃん,5.0,,ランダム,2026-09-26 02:01:13,scrape_observed,2026-09-27 01:01:03,,,listing,1,18000,"⭐️少人数ランダム配布⭐️
FC先行 座席未定/複数名義当選のため同時入場後に一度チケットを回収し、当方の座席選択後にランダム配布いたします/全名義有効期限内/...",True,og7blc385e,,alias,2026-09-27 10:41:28,2026-09-27 09:48:30,,,,
ekz56hin54,,key-to-lit-arena-tour-2026-neo-classics,2026-10-04,12:30,マリンメッセ福岡 A館,paper,female,当日手渡し,13,5.0,,番手,2026-09-26 02:01:13,scrape_observed,2026-09-27 01:01:03,,,listing,2,45000,"2名義中2番手　2連希望優先
下3桁提示可/有効期限内/変ボあり

・同時入場後にチケットを全て回収させて頂き、こちらで先に座席を選ばせて頂いた後、取引番手順に...",True,0uw3cexsfi,,alias,2026-09-27 10:41:28,2026-09-27 09:48:30,,,,
vg80m2zzf9,,key-to-lit-arena-tour-2026-neo-classics,2026-10-04,12:30,マリンメッセ福岡 A館,electronic,female,同時入場 開演5分前ランダムにてお渡し,m,5.0,,ランダム,2026-09-26 02:01:13,scrape_observed,2026-09-27 01:01:03,,,listing,1,20000,"※ランダム配布を理解されている方のみご購入ください。
※購入後のキャンセルは一切お受けできかねます。

・開場15〜30分前までに会場付近にてお待ち合わせし、同...",True,7jxbwkcv30,,alias,2026-09-27 10:41:28,2026-09-27 09:48:30,,,,
sx4neuuoiv,,key-to-lit-arena-tour-2026-neo-classics,2026-10-04,12:30,マリンメッセ福岡 A館,electronic,female,同行,t,5.0,,,2026-09-26 02:01:13,scrape_observed,2026-09-27 01:01:03,,,listing,2,44000,"情報局先行 座席未定 初期当選 2名義中2番手  全て該当名義・有効期限内

公演当日、会場付近にて待ち合わせし、同時入場していただきます。
詳しい待ち合わせ時...",True,2wuamhikp0,,alias,2026-09-27 10:41:29,2026-09-27 09:48:30,,,,
8l7tvnlqw3,,key-to-lit-arena-tour-2026-neo-classics,2026-10-04,12:30,マリンメッセ福岡 A館,paper,female,当日手渡し,m,5.0,,ランダム,2026-09-26 02:01:13,scrape_observed,2026-09-27 01:01:03,,,listing,1,17999,"管理の関係でプライベート出品させていただきたいので購入希望の方はコメントお願いします。
1名義のみランダム配布。直ぐお渡しの可能性もございます。ランダム配布を理...",True,bz4ewaqoh4,,alias,2026-09-27 10:41:29,2026-09-27 09:48:30,,,,
pgemlwitac,,key-to-lit-arena-tour-2026-neo-classics,2026-10-04,12:30,マリンメッセ福岡 A館,electronic,female,公演日前日にログイン情報を共有,あ,5.0,,QR,2026-09-26 02:01:13,scrape_observed,2026-09-27 01:01:03,,,listing,2,48000,"QRごと/非該当名義/初期当選/有効期限内/会員番号下3桁提示可能/着ブロ希望なし

同行者登録は買い手様ご自身でお願いします。
名義を傷つける行為はお辞めくだ...",True,xn80xrqws0,,alias,2026-09-27 10:41:30,2026-09-27 09:48:30,,,,
0tvxku5cpn,,key-to-lit-arena-tour-2026-neo-classics,2026-10-04,12:30,マリンメッセ福岡 A館,electronic,female,公演日前日にログイン情報共有,ひよ,5.0,,QR,2026-09-26 02:01:13,scrape_observed,2026-09-27 01:01:03,,,listing,1,65000,"単番QR毎/初期当選/発送物戻りなし/着ブロ希望なし/

・公演前日までにログインに必要な情報をお伝えいたします。
・入場後は速やかにログアウトと受取連絡をお願...",True,c8m78bl4vo,,alias,2026-09-27 10:41:30,2026-09-27 09:48:30,,,,
lb4b4m5wtn,,key-to-lit-arena-tour-2026-neo-classics,2026-10-04,12:30,マリンメッセ福岡 A館,electronic,female,同行,な,4.8,,同行,2026-09-26 02:01:13,scrape_observed,2026-09-27 01:01:03,,,listing,1,0,"重複無し同行/情報局先行座席未定/初期当選/該当名義（変更ボタンあり）/有効期限内/着ブロなし/過去エラーなし/すり替えなし 
ご希望であれば会員番号下3桁提示...",True,43g7d7yvvv,,alias,2026-09-27 10:41:31,2026-09-27 09:48:30,,,,
qb2m1k0mjh,,key-to-lit-arena-tour-2026-neo-classics,2026-10-04,12:30,マリンメッセ福岡 A館,electronic,female,2名義中2番手,R,5.0,,番手,2026-09-26 02:01:13,scrape_observed,2026-09-27 01:01:03,,,listing,2,40000,"2名義中2番手
全て初期当選/該当/下3桁提示可/すり替えなし/有効期限内/変更ボタンあり

他サイトにも出品しているため決まり次第削除します。

公演当日は開...",True,0o4gykeqaa,,alias,2026-09-27 10:41:31,2026-09-27 09:48:30,,,,
xg6c4imag4,,key-to-lit-arena-tour-2026-neo-classics,2026-10-04,12:30,マリンメッセ福岡 A館,electronic,female,番手,め,5.0,,番手,2026-09-26 02:01:13,scrape_observed,2026-09-27 01:01:03,,,listing,2,40000,"初期当選/3名義中3番手/すり替えなし/下3桁提示可能/該当名義/着ブロ希望なし/有効期限内

※ご購入希望の場合は特別出品対応致しますのでご連絡下さい。

公...",True,8qt3pewxmv,,alias,2026-09-27 10:41:31,2026-09-27 09:48:30,,,,
fy518zk46z,,key-to-lit-arena-tour-2026-neo-classics,2026-10-04,12:30,マリンメッセ福岡 A館,electronic,female,同行,れ,5.0,,ランダム,2026-09-26 02:01:13,scrape_observed,2026-09-27 01:01:03,,,listing,1,7500,"指定席のみのランダム配布になります。
半券は一度回収し開演前までにお渡し致します。
公演中止以外の返金不可になります。",True,qybvs28uhd,,alias,2026-09-27 10:41:31,2026-09-27 09:48:30,,,,
rphg7j3rzc,,key-to-lit-arena-tour-2026-neo-classics,2026-10-04,12:30,マリンメッセ福岡 A館,electronic,female,同時入場 開演5分前ランダムにてお渡し,m,5.0,,ランダム,2026-09-26 02:01:13,scrape_observed,2026-09-27 01:01:03,,,listing,1,13000,"※ランダム配布を理解されている方のみご購入ください。
※購入後のキャンセルは一切お受けできかねます。

・開場15〜30分前までに会場付近にてお待ち合わせし、同...",True,2m5g2050oo,,alias,2026-09-27 10:41:32,2026-09-27 09:48:30,,,,
99tlpsv3xo,,key-to-lit-arena-tour-2026-neo-classics,2026-10-04,12:30,マリンメッセ福岡 A館,electronic,none,同行,c,4.9,,ランダム記載あり,2026-09-26 02:01:13,scrape_observed,2026-09-27 01:01:03,,,listing,1,18000,"・当日開場30分前を目処に会場付近に集合し同時入場して頂きます。詳しい集合時間や場所は当日朝までに連絡ボードにてご連絡致します。
・遅刻は厳禁でお願い致します。...",True,cfod8lz7xu,,alias,2026-09-27 10:41:32,2026-09-27 09:48:30,,,,
d7bljyew9k,,key-to-lit-arena-tour-2026-neo-classics,2026-10-04,17:30,マリンメッセ福岡 A館,electronic,female,同行,Non,5.0,,同行,2026-09-26 02:01:13,scrape_observed,2026-09-27 01:01:03,,,listing,2,35000,"2名義中2番手　バラ売り可
手持ち全て該当名義　女性名義のみ
重複すり替えなし
下3桁提示可
サイチェン可

同行者登録1人のみ可
公演中止以外いかなる理由（ラ...",True,rl9qbffz8w,,alias,2026-09-27 10:41:33,2026-09-27 09:48:30,,,,
7bbuccbdhj,,key-to-lit-arena-tour-2026-neo-classics,2026-10-04,17:30,マリンメッセ福岡 A館,electronic,female,2名義中2番手,ゆ,5.0,,番手,2026-09-26 02:01:13,scrape_observed,2026-09-27 01:01:03,,,listing,2,32000,🌟プラベ出品しますので、購入希望の方はコメントお願いします🌟2名義中2番手/初期当選/該当名義/有効期限内/すり替えなし/下3桁提示可/座席未定/１名のみ同...,True,6w8yrzw9s2,,alias,2026-09-27 10:41:33,2026-09-27 09:48:30,,,,
va9yq1crua,,key-to-lit-arena-tour-2026-neo-classics,2026-10-04,17:30,マリンメッセ福岡 A館,electronic,female,同行,いがりん,5.0,,同行番手,2026-09-26 02:01:13,scrape_observed,2026-09-27 01:01:03,,,listing,1,40000,"単番2名義　初期当選　該当名義　期限内名義　すり替えなし　会員番号下3桁提示します
16:50分に会場付近の指定した場所にお越しください
入場後は、こちらが選ば...",True,q19gcfb6kk,,alias,2026-09-27 10:41:34,2026-09-27 09:48:30,,,,
mmwpxex8bo,,key-to-lit-arena-tour-2026-neo-classics,2026-10-04,17:30,マリンメッセ福岡 A館,electronic,female,同行,s,5.0,,番手,2026-09-26 02:01:13,scrape_observed,2026-09-27 01:01:03,,,listing,2,40000,"座席未定/2名義中2番手/すり替え無し/2名義共に有効期限内該当名義/変更ボタン有/指定席のみ(着ブロ無し) /下三桁提示可

・公演当日は会場付近指定の場所に...",True,s2f4duxnlr,,alias,2026-09-27 10:41:34,2026-09-27 09:48:30,,,,
yjdk12f09m,,key-to-lit-arena-tour-2026-neo-classics,2026-10-04,17:30,マリンメッセ福岡 A館,electronic,female,同行,ありちゃん,5.0,,ランダム,2026-09-26 02:01:13,scrape_observed,2026-09-27 01:01:03,,,listing,1,11000,⭐️少人数ランダム配布⭐️FC先行 座席未定/同時入場後に一度チケットを回収し、当方の座席選択後にランダム配布いたします/全名義有効期限内/同一クレカでの複数支...,True,lvmuy16foc,,alias,2026-09-27 10:41:34,2026-09-27 09:48:30,,,,
zx3n0vy91e,,key-to-lit-arena-tour-2026-neo-classics,2026-10-04,17:30,マリンメッセ福岡 A館,electronic,female,同時入場,ひ,5.0,,番手,2026-09-26 02:01:13,scrape_observed,2026-09-27 01:01:03,,,listing,2,35000,"2名義中2番手/FC先行初期当選/該当名義/下3桁提示可能/有効期限内/本確対応不可

【お取引成立後はプライベートモードへ移行させていただくので、ご購入前に必...",True,ohmm05yhkr,,alias,2026-09-27 10:41:35,2026-09-27 09:48:30,,,,
alg6rhghf2,,key-to-lit-arena-tour-2026-neo-classics,2026-10-04,17:30,マリンメッセ福岡 A館,electronic,female,同行,れ,5.0,,ランダム,2026-09-26 02:01:13,scrape_observed,2026-09-27 01:01:03,,,listing,1,4000,"指定席のみのランダム配布になります。
半券は一度回収し開演前までにお渡し致します。
公演中止以外の返金不可になります。",True,pjspz9rgqj,,alias,2026-09-27 10:41:35,2026-09-27 09:48:30,,,,
gbynl7dvqw,,key-to-lit-arena-tour-2026-neo-classics,2026-10-04,17:30,マリンメッセ福岡 A館,electronic,female,公演前日にログイン情報をお伝えいたします。,あ,5.0,,QR,2026-09-26 02:01:13,scrape_observed,2026-09-27 01:01:03,,,listing,2,0,"QR毎/すり替え無し/下3桁提示可/初期当選/有効期限内/該当名義（変更ボタン有）同一クレカ無し/着ブロ希望無し

公演前日にログイン情報を連絡ボードにてお伝え...",True,r7ifmrdjle,,alias,2026-09-27 10:41:35,2026-09-27 09:48:30,,,,
qxzbw2gzg5,,key-to-lit-arena-tour-2026-neo-classics,2026-10-04,17:30,マリンメッセ福岡 A館,paper,female,当日手渡し,m,5.0,,ランダム,2026-09-26 02:01:13,scrape_observed,2026-09-27 01:01:03,,,listing,1,9999,"ランダム配布を理解されている日本語の通じる女性の方のみご購入お願いいたします。代理購入不可。
同時に入場しチケット発券後1度解散しこちらで席を選び開演前迄にチケ...",True,lddj02isfa,,alias,2026-09-27 10:41:36,2026-09-27 09:48:30,,,,
30268a4m6b,,key-to-lit-arena-tour-2026-neo-classics,2026-10-04,17:30,マリンメッセ福岡 A館,electronic,female,同行,さとう,5.0,,ランダム,2026-09-26 02:01:13,scrape_observed,2026-09-27 01:01:03,,,listing,2,26000,"少人数ランダム配布/2連確約
有効期限内名義
中相場買取可能です。
上乗せで早渡しも検討いたしますのでご提示ください。

複数名義所持のため、同時入場後チケット...",True,rdytnlm377,,alias,2026-09-27 10:41:36,2026-09-27 09:48:30,,,,
22r1wefn0l,,key-to-lit-arena-tour-2026-neo-classics,2026-10-04,17:30,マリンメッセ福岡 A館,electronic,female,同行(2名義中2番手),S,5.0,,番手,2026-09-26 02:01:13,scrape_observed,2026-09-27 01:01:03,,,listing,1,30000,"未定/2名義中2番手/初期当選/1名義着ブロ希望/該当/変更ボタン有り/有効期限内/重複すり替え無し//下3桁提示可能

2名義中こちらが選ばなかったチケットを...",True,1znxl3aihj,,alias,2026-09-27 10:41:37,2026-09-27 09:48:30,,,,
97dma0huxi,,key-to-lit-arena-tour-2026-neo-classics,2026-10-04,17:30,マリンメッセ福岡 A館,electronic,female,同行,m,5.0,,ランダム記載あり,2026-09-26 02:01:13,scrape_observed,2026-09-27 01:01:03,,,listing,1,30000,"2名義中2番手/初期当選/該当名義/すり替えなし/公演日3日前までに下3桁提示可/有効期限内/本確対応不可

1.0通し、2.0手渡しできる方優先します。
お取...",True,h6bj0py5wl,,alias,2026-09-27 10:41:37,2026-09-27 09:48:30,,,,
p8k9jpc5cr,,key-to-lit-arena-tour-2026-neo-classics,2026-10-04,17:30,マリンメッセ福岡 A館,electronic,female,2名義中2番手,12,5.0,,番手,2026-09-26 02:01:13,scrape_observed,2026-09-27 01:01:03,,,listing,2,40000,"2名義中2番手
▼2名義とも初期当選/有効期限内 該当名義
すり替え無し/ご希望があれば下3桁提示可 
申込時着ブロ選択なし

・当日は開場20分前に待ち合わせ...",True,xenfc9kfgt,,alias,2026-09-27 10:41:38,2026-09-27 09:48:30,,,,
hfscy3boj3,,key-to-lit-arena-tour-2026-neo-classics,2026-10-04,17:30,マリンメッセ福岡 A館,electronic,female,公演前日ログイン情報を共有,nn,5.0,,QR,2026-09-26 02:01:13,scrape_observed,2026-09-27 01:01:03,,,listing,2,0,"初期当選/QR毎/重複すり替えなし/有効期限内／下3桁提示可能/該当名義/変更ボタンなし
公演前日にログイン情報をお伝え致しますのでご自身で同行者登録を済ませて...",True,mmdn4aqkf6,,alias,2026-09-27 10:41:38,2026-09-27 09:48:30,,,,
5gv75z97z9,,key-to-lit-arena-tour-2026-neo-classics,2026-10-04,17:30,マリンメッセ福岡 A館,electronic,female,公演日7日前までにQRコード共有,るー,5.0,,QR,2026-09-26 02:01:13,scrape_observed,2026-09-27 01:01:03,,,listing,2,51000,"QR毎2連/下3桁提示可能
公演中止以外（当日の体調不良や遅刻、本人確認やランダムエラーなどの場合）は必ず受け取り連絡して頂きますのでご了承ください。
代理購入...",True,p3jo16ms1a,,alias,2026-09-27 10:41:38,2026-09-27 09:48:30,,,,
2r6wt8dtcq,,key-to-lit-arena-tour-2026-neo-classics,2026-10-04,17:30,マリンメッセ福岡 A館,electronic,female,同時入場,m,5.0,,番手,2026-09-26 02:01:13,scrape_observed,2026-09-27 01:01:03,,,listing,2,30000,"2名義中2番手/FC先行初期当選/該当名義1非該当名義1/下3桁提示可能/有効期限内/本確対応不可

プラベルで出品させていただきますのでコメントをお願いいたし...",True,vrmkho8jd4,,alias,2026-09-27 10:41:39,2026-09-27 09:48:30,,,,
9ul1t3gl9c,,key-to-lit-arena-tour-2026-neo-classics,2026-10-04,17:30,マリンメッセ福岡 A館,electronic,female,同行,取引,5.0,,,2026-09-26 02:01:13,scrape_observed,2026-09-27 01:01:03,,,listing,2,100,"10/4昼2連または10/3
2連で交換可能な方のみコメントください",True,ozw6vy1i3h,,alias,2026-09-27 10:41:39,2026-09-27 09:48:30,,,,
n2wc7og88l,,key-to-lit-arena-tour-2026-neo-classics,2026-10-04,17:30,マリンメッセ福岡 A館,paper,female,当日手渡し,えび,5.0,,ランダム,2026-09-26 02:01:13,scrape_observed,2026-09-27 01:01:03,,,listing,1,10000,"ランダム配布（買い手様は座席を選べません）
*  日本語の通じる方のみご購入ください。男性〇未成年〇
*  会場の電波が悪い可能性がございますので、購入後は当日...",True,f4ir4n7r2z,,alias,2026-09-27 10:41:39,2026-09-27 09:48:30,,,,
k9qf6cn7w0,,key-to-lit-arena-tour-2026-neo-classics,2026-10-04,17:30,マリンメッセ福岡 A館,electronic,female,公演前日ログイン情報共有,メイ,5.0,,QR,2026-09-26 02:01:13,scrape_observed,2026-09-27 01:01:03,,,listing,2,53000,"QRごと/初期当選/該当名義/有効期限内/下三桁提示可/すり替えなし/着ブロ希望なし※当選歴座席等はお答えできません。

公演前日にログイン情報を連絡ボードでお...",True,6hp423rwmc,,alias,2026-09-27 10:41:40,2026-09-27 09:48:30,,,,
jtgo8hgdyx,,key-to-lit-arena-tour-2026-neo-classics,2026-10-04,17:30,マリンメッセ福岡 A館,electronic,female,番手,a,5.0,,番手,2026-09-26 02:01:13,scrape_observed,2026-09-27 01:01:03,,,listing,2,32000,初期×1、復活×1含む 2名義中2番手/すり替え無し/会員番号下3桁提示可/有効期限内/サイチェン不可/公演中止の際には、手数料等を差し引いた金額を返金します...,True,lptsjgpoy5,,alias,2026-09-27 10:41:40,2026-09-27 09:48:30,,,,
tq92ffusog,,key-to-lit-arena-tour-2026-neo-classics,2026-10-04,17:30,マリンメッセ福岡 A館,electronic,female,同時入場,TA,5.0,,ランダム,2026-09-26 02:01:13,scrape_observed,2026-09-27 01:01:03,,,listing,1,8800,"ランダム配布 同時入場 立見なし 全て指定席 有効会員
ランダム配布をご理解している方のみご購入ください。
男性の方、日本語か話せる外国人の方も購入できます。...",True,jzseszifhp,,alias,2026-09-27 10:41:41,2026-09-27 09:48:30,,,,
wgm17ibvth,,key-to-lit-arena-tour-2026-neo-classics,2026-10-04,17:30,マリンメッセ福岡 A館,electronic,female,入金後3時間以内にQRコード共有,ユカ,5.0,,QR,2026-09-26 02:01:13,scrape_observed,2026-09-27 01:01:03,,,listing,2,48000,"情報局先行 KEY TO LIT 中村嶺亜名義 初期当選 指定席 2枚申し込み QRごとのお譲り 条件ございません 座席未定

情報局先行 ２枚申込みでの当選し...",True,fg1dkyb68h,,alias,2026-09-27 10:41:41,2026-09-27 09:48:30,,,,
tjr4ubcir6,,key-to-lit-arena-tour-2026-neo-classics,2026-10-04,17:30,マリンメッセ福岡 A館,electronic,female,同行,alu,5.0,,番手同行QR,2026-09-26 02:01:13,scrape_observed,2026-09-27 01:01:03,,,listing,1,43000,"２名義中3番手 1枚or2枚(2連)のうち1枚 どちらも初期当選 該当名義(変更ボタン有)期限内 重複すり替え無し 会員番号下３桁提示可 

・公演当日、開場1...",True,cx6minzukt,,alias,2026-09-27 10:41:41,2026-09-27 09:48:30,,,,
dhc627ingt,,key-to-lit-arena-tour-2026-neo-classics,2026-10-04,17:30,マリンメッセ福岡 A館,electronic,female,同時入場 開演5分前ランダムにてお渡し,m,5.0,,ランダム,2026-09-26 02:01:13,scrape_observed,2026-09-27 01:01:03,,,listing,1,8000,"※ランダム配布を理解されている方のみご購入ください。
※購入後のキャンセルは一切お受けできかねます。

⭐️ランダムエラー、公演中止の場合のみ手数料等を差し引い...",True,ihu03tba24,,alias,2026-09-27 10:41:42,2026-09-27 09:48:30,,,,
oi382sx9f1,,key-to-lit-arena-tour-2026-neo-classics,2026-10-04,17:30,マリンメッセ福岡 A館,electronic,female,同行,k,5.0,,ランダム,2026-09-26 02:01:13,scrape_observed,2026-09-27 01:01:03,,,listing,2,30000,【必ず指定席をお渡しします。エラーで入場できなかった場合は返金します】当日開場時間20分前までに指定場所にて集合し、同時入場していただきます。当方が座席を選んだ...,True,vvghsl4i9r,,alias,2026-09-27 10:41:42,2026-09-27 09:48:30,,,,
ctavb04yn8,,key-to-lit-arena-tour-2026-neo-classics,2026-10-04,17:30,マリンメッセ福岡 A館,electronic,none,開演20分前までの早渡し,A,5.0,,ランダム,2026-09-26 02:01:13,scrape_observed,2026-09-27 01:01:03,,,listing,1,12000,"当方が座席を選択した後、残ったチケットをランダムでお渡し致します。
ご購入様にお席をお選び頂くことはできませんが、必ず開演20分前までにお渡しいたします。

発...",True,uggyjpxk69,,alias,2026-09-27 10:41:42,2026-09-27 09:48:30,,,,
9hs437o7lg,,key-to-lit-arena-tour-2026-neo-classics,2026-10-04,17:30,マリンメッセ福岡 A館,electronic,female,同行,取引,5.0,,,2026-09-26 02:01:13,scrape_observed,2026-09-27 01:01:03,,,listing,1,4500,"プライベート出品に変えますのでコメントください。
・指定の場所に集合後、同時入場して頂きます。時間厳守できる方でお願い致します。万が一、遅刻された場合もこちらで...",True,vf5hx2lcio,,alias,2026-09-27 10:41:43,2026-09-27 09:48:30,,,,
qf1kxq10ou,,key-to-lit-arena-tour-2026-neo-classics,2026-10-04,17:30,マリンメッセ福岡 A館,electronic,female,【条件あり】当日手渡し/座席未定/ランダム配布/有効会員,T,4.9,,同行ランダム,2026-09-26 02:01:13,scrape_observed,2026-09-27 01:01:03,,,listing,1,3000,"《開場30分前集合予定》

※レビュー(評価4.8以上)ある方のみ申請下さい。
※購入時のコメント不要です。
★購入後に当日連絡のつくお電話番号と氏名(苗字)を...",True,vepztjszv2,,alias,2026-09-27 10:41:43,2026-09-27 09:48:30,,,,
by2ycl37ky,,key-to-lit-arena-tour-2026-neo-classics,2026-10-04,17:30,マリンメッセ福岡 A館,electronic,female,同行,j🩵,5.0,,番手,2026-09-26 02:01:13,scrape_observed,2026-09-27 01:01:03,,,listing,2,37000,"⭐️5名義中4番手⭐️

すべて初期当選/5名義分の下3桁提示可/変更ボタン有り

ランダムエラーや出演者の変更、会場内外での本人確認、交通機関の乱れ等、公演中...",True,y2j8qdm7j7,,alias,2026-09-27 10:41:44,2026-09-27 09:48:30,,,,
v3grll8gqw,,key-to-lit-arena-tour-2026-neo-classics,2026-10-04,17:30,マリンメッセ福岡 A館,electronic,female,前日にログイン情報お伝え,m,5.0,,同行記載あり,2026-09-26 02:01:13,scrape_observed,2026-09-27 01:01:03,,,listing,2,51000,"初期当選/QRごと/重複すり替えなし/有効期限内／下3桁提示可能/該当名義/変更ボタンなし
公演前日にログイン情報をお伝え致しますのでご自身で同行者登録を済ませ...",True,6ktnskckl3,,alias,2026-09-27 10:41:44,2026-09-27 09:48:30,,,,
l9n8uj04zj,,key-to-lit-arena-tour-2026-neo-classics,2026-10-04,17:30,マリンメッセ福岡 A館,electronic,none,ランダム,♡,5.0,,ランダム,2026-09-26 02:01:13,scrape_observed,2026-09-27 01:01:03,,,listing,2,25000,"2連確約
当日は開場時間の45分ほど前にこちらが指定する場所にお集まりください。遅刻しないようにお願いいたします。大幅な遅刻した場合、先に入場いたします。
少人...",True,csxso1poa7,,alias,2026-09-27 10:41:44,2026-09-27 09:48:30,,,,
nsqbv9emzr,,key-to-lit-arena-tour-2026-neo-classics,2026-10-09,18:00,セキスイハイムスーパーアリーナ,electronic,none,同行,A,5.0,,ランダム,2026-09-26 02:01:13,scrape_observed,2026-09-27 01:01:03,,,listing,1,12500,"当方が座席を選択した後、残ったチケットをランダムでお渡し致します。
ご購入様にお席をお選び頂くことはできません。

発券後、一度チケットを全て回収させていただき...",True,kxo7ayml8h,,alias,2026-09-27 10:41:45,2026-09-27 09:48:30,,,,
0620a3eird,,key-to-lit-arena-tour-2026-neo-classics,2026-10-09,18:00,セキスイハイムスーパーアリーナ,electronic,female,公演日の前日にログイン情報をお伝えいたします。,あ,5.0,,QR,2026-09-26 02:01:13,scrape_observed,2026-09-27 01:01:03,,,listing,2,80000,"QRごと/初期当選/該当名義/変ボなし/有効期限内/下3桁提示可能/本確不可

公演前日にログインに必要な情報をメッセージでお伝えします。入場後は速やかにログア...",True,2mb2rg7p67,,alias,2026-09-27 10:41:45,2026-09-27 09:48:30,,,,
tkyb534ezb,,key-to-lit-arena-tour-2026-neo-classics,2026-10-09,18:00,セキスイハイムスーパーアリーナ,electronic,female,同行,k,5.0,,同行記載あり,2026-09-26 02:01:13,scrape_observed,2026-09-27 01:01:03,,,listing,1,51000,"初期当選／重複すり替えなし同行／該当名義／変更ボタン有／有効期限内／下3桁提示可能／着ブロ希望なし

井上担不可

・公演当日は開場時間5分前に会場周辺にて待ち...",True,oox5hzuvgi,,alias,2026-09-27 10:41:45,2026-09-27 09:48:30,,,,
2gs0e94ayr,,key-to-lit-arena-tour-2026-neo-classics,2026-10-09,18:00,セキスイハイムスーパーアリーナ,electronic,female,同行,すいみん,5.0,,番手,2026-09-26 02:01:13,scrape_observed,2026-09-27 01:01:03,,,listing,2,50000,"すり替えなし/4名義中2番手2連
プラベル変更いたします。一部手渡しや提示金額以下可能。
・公演当日、開場20分前までに会場付近にて当方が指定した場所にお時間厳...",True,108s41up08,,alias,2026-09-27 10:41:46,2026-09-27 09:48:30,,,,
fuj8hfy0wq,,key-to-lit-arena-tour-2026-neo-classics,2026-10-09,18:00,セキスイハイムスーパーアリーナ,electronic,female,同行,さ,4.4,,番手,2026-09-26 02:01:13,scrape_observed,2026-09-27 01:01:03,,,listing,2,45000,"情報局先行 / 座席未定 / 4番手中3番手 / 2連 / すり替えなし / 下3桁提示可能 /非該当・復活当選含 / 過去エラーなし

【待ち合わせ・入場につ...",True,bnfbc4ep6y,,alias,2026-09-27 10:41:46,2026-09-27 09:48:30,,,,
8p36qvfr5b,,key-to-lit-arena-tour-2026-neo-classics,2026-10-09,18:00,セキスイハイムスーパーアリーナ,paper,none,当日手渡し,れ,4.8,,ランダム,2026-09-26 02:01:13,scrape_observed,2026-09-27 01:01:03,,,listing,1,15000,"ランダム配布  

【取引にあたり注意事項】
日本語理解できる方、日本の電話番号お持ちの方のみ購入をお願いいたします。

チケット取引について理解ある方のみ購入...",True,e1gw01xt8p,,alias,2026-09-27 10:41:47,2026-09-27 09:48:30,,,,
flwpavh36r,,key-to-lit-arena-tour-2026-neo-classics,2026-10-09,18:00,セキスイハイムスーパーアリーナ,electronic,female,同行,S,5.0,,ランダム,2026-09-26 02:01:13,scrape_observed,2026-09-27 01:01:03,,,listing,1,17000,"【ランダム配布にご理解ある方のみご購入お願い致します】
同時入場後、ランダムでチケットをお渡しさせて頂きます。
ご自身での座席選択はできかねますのでご了承くださ...",True,fb0bv3xoc8,,alias,2026-09-27 10:41:47,2026-09-27 09:48:30,,,,
1iwu7suti6,,key-to-lit-arena-tour-2026-neo-classics,2026-10-09,18:00,セキスイハイムスーパーアリーナ,electronic,none,ランダム配布　同時入場,sa,5.0,,ランダム,2026-09-26 02:01:13,scrape_observed,2026-09-27 01:01:03,,,listing,2,15000,"公演当日16:30までに会場付近で待ち合わせし、同時入場していただきます。

購入者様は座席をお選びいただけません。
入場後は、発券したチケットを回収した後、一...",True,i1up5a8ozo,,alias,2026-09-27 10:41:48,2026-09-27 09:48:30,,,,
lk2eti3m14,,key-to-lit-arena-tour-2026-neo-classics,2026-10-09,18:00,セキスイハイムスーパーアリーナ,electronic,female,当日手渡し,ゆう,5.0,,番手,2026-09-26 02:01:13,scrape_observed,2026-09-27 01:01:03,,,listing,2,30000,"FC初期当選/3名義中3番手/下3桁提示可/該当名義/有効期限内/着ブロ無し/すり替え無し

公演当日、前日にご指定した時間と場所に集合して頂き同時入場致します...",True,ywcr81obou,,alias,2026-09-27 10:41:48,2026-09-27 09:48:30,,,,
yo7l7pp90z,,key-to-lit-arena-tour-2026-neo-classics,2026-10-09,18:00,セキスイハイムスーパーアリーナ,electronic,female,同行,®️,4.5,,ランダム同行,2026-09-26 02:01:13,scrape_observed,2026-09-27 01:01:03,,,listing,2,20000,"✩2連確約✩少人数ランダム

・公演当日は開場時間30分前集合
(近くなりましたら詳しい場所等はお知らせします)
・開演前までにお渡し
・上乗せで早渡し可/中で...",True,3v8bvwpe72,,alias,2026-09-27 10:41:48,2026-09-27 09:48:30,,,,
67esdufuzk,,key-to-lit-arena-tour-2026-neo-classics,2026-10-09,18:00,セキスイハイムスーパーアリーナ,electronic,female,2名義中2番手,u,5.0,,番手,2026-09-26 02:01:13,scrape_observed,2026-09-27 01:01:03,,,listing,2,40000,"FC初期当選/2名義中2番手/下3桁提示可/該当名義/有効期限内/着ブロ無し/すり替え無し/ 変ボあり/エラー歴なし

公演当日、開場時間15分前目安に集合して...",True,43b41rdng9,,alias,2026-09-27 10:41:48,2026-09-27 09:48:30,,,,
vym9htffl4,,key-to-lit-arena-tour-2026-neo-classics,2026-10-09,18:00,セキスイハイムスーパーアリーナ,electronic,female,同行,SU,5.0,,同行番手,2026-09-26 02:01:13,scrape_observed,2026-09-26 18:01:11,,,listing,2,37000,"2名義中2番手/すり替えなし/初期当選/該当/有効期限内/変ボ有/下3桁提示可

当日指定した場所・時間に集合し、同時入場いたします。入場後チケットを一度回収し...",True,nm0eq52dm4,,alias,2026-09-27 10:49:08,2026-09-27 09:48:30,,,,
vtq2nwsiv4,,key-to-lit-arena-tour-2026-neo-classics,2026-10-09,18:00,セキスイハイムスーパーアリーナ,electronic,female,同行,a,5.0,,同行,2026-09-26 02:01:13,scrape_observed,2026-09-27 01:01:03,,,listing,1,50000,"※お取引決定後プラベルでのお取引になります※

2連中の1枚（当方との同行）になります。

初期当選／座席未定／重複すり替えなし同行／非該当名義／着席希望なし／...",True,050rt5rx35,,alias,2026-09-27 10:41:49,2026-09-27 09:48:30,,,,
cpu8sj8h3p,,key-to-lit-arena-tour-2026-neo-classics,2026-10-09,18:00,セキスイハイムスーパーアリーナ,electronic,female,公演日前日までにQRコード共有,C,5.0,,QR,2026-09-26 02:01:13,scrape_observed,2026-09-27 01:01:03,,,listing,2,17000,"期限切れ該当名義/20代女性名義/初期当選
同行者登録は買い手様でお願いいたします。
万が一ランダムエラーで入場できなかった場合、入場時の動画(ランダムエラーを...",True,kw8r29rjsb,,alias,2026-09-27 10:41:49,2026-09-27 09:48:30,,,,
lmoqzmegoy,,key-to-lit-arena-tour-2026-neo-classics,2026-10-09,18:00,セキスイハイムスーパーアリーナ,electronic,female,ランダム配布,すいみん,5.0,,ランダム,2026-09-26 02:01:13,scrape_observed,2026-09-27 01:01:03,,,listing,2,18000,"2連/指定席確約少人数ランダム
・開演5-10分前までには必ずお渡しいたします。
・上乗せで早渡し可/中で相場買取可
プラベル変更いたします。一部手渡しや即決以...",True,dp0121937k,,alias,2026-09-27 10:41:50,2026-09-27 09:48:30,,,,
xnxjbwmdn4,,key-to-lit-arena-tour-2026-neo-classics,2026-10-09,18:00,セキスイハイムスーパーアリーナ,electronic,female,同行,れ,5.0,,同行番手,2026-09-26 02:01:13,scrape_observed,2026-09-27 01:01:03,,,listing,2,45000,"FC先行/初期当選/すり替えなし/期限内/2名義中2番手/下3桁提示可/全て該当名義

プラベル出品に切り替えます。
プラベル分からない方はご遠慮ください。
そ...",True,zq1dz0mpsh,,alias,2026-09-27 10:41:50,2026-09-27 09:48:30,,,,
1h7xrhcqid,,key-to-lit-arena-tour-2026-neo-classics,2026-10-09,18:00,セキスイハイムスーパーアリーナ,electronic,none,QRコード,あ,5.0,,,2026-09-26 02:01:13,scrape_observed,2026-09-27 00:01:19,,,listing,1,22000,"FC先行　初期当選　有効期限内　該当名義
座席に関するクレームやシステムエラー等の入場トラブルなどによる返金対応は一切受け付けません。",True,d4n9vqvpw2,,alias,2026-09-27 10:48:52,2026-09-27 09:48:30,,,,
dtbjhr2ul0,,key-to-lit-arena-tour-2026-neo-classics,2026-10-09,18:00,セキスイハイムスーパーアリーナ,electronic,female,少人数ランダム配布,ぬい,5.0,,ランダム,2026-09-26 02:01:13,scrape_observed,2026-09-27 01:01:03,,,listing,1,38000,"会場20分前会場付近にて当方が指定する場所に集合していただきます。
詳細は購入後お知らせ致します。
公演中止以外のランエラ、本確にて返金対応は致しかねます。",True,zqwftv7kwh,,alias,2026-09-27 10:41:51,2026-09-27 09:48:30,,,,
aqkrk6qlu3,,key-to-lit-arena-tour-2026-neo-classics,2026-10-09,18:00,セキスイハイムスーパーアリーナ,paper,female,入金後24時間以内に郵送,a,5.0,,,2026-09-26 02:01:13,scrape_observed,2026-09-27 01:01:03,,,listing,2,15000,"一般立見
発券済みチケットを送らせていただきます。",True,bz1w4ncz0l,,alias,2026-09-27 10:41:51,2026-09-27 09:48:30,,,,
i7gkqu14sl,,key-to-lit-arena-tour-2026-neo-classics,2026-10-09,18:00,セキスイハイムスーパーアリーナ,electronic,female,同行,い,5.0,,番手,2026-09-26 02:01:13,scrape_observed,2026-09-27 01:01:03,,,listing,2,36000,"情報局先行/座席未定/復活当選/非該当名義/2番手中2番手/変更ボタンあり/すり替えなし/下3桁提示可能 

プライベート出品に切り替えますのでコメントをお願い...",True,91pfefpqgz,,alias,2026-09-27 10:41:51,2026-09-27 09:48:30,,,,
sf597ypmrr,,key-to-lit-arena-tour-2026-neo-classics,2026-10-09,18:00,セキスイハイムスーパーアリーナ,electronic,female,ログイン情報,ヘチヘチ,5.0,,QR,2026-09-26 02:01:13,scrape_observed,2026-09-27 01:01:03,,,listing,2,80000,"QRごと/初期当選/該当名義/変ボあり/期限内/下3桁提示/クレカ重複なし

・ログイン情報でのお譲りのため丁重にお取引いただける方のみ
・座席に対するクレーム...",True,hwzlndp1ee,,alias,2026-09-27 10:41:52,2026-09-27 09:48:30,,,,
w57cqk4yvi,,key-to-lit-arena-tour-2026-neo-classics,2026-10-09,18:00,セキスイハイムスーパーアリーナ,electronic,female,同行,ゆ,5.0,,同行番手,2026-09-26 02:01:13,scrape_observed,2026-09-27 01:01:03,,,listing,1,80000,"2名義中1番手　即あり
両方とも該当(変ボあり)/初期当選/下3桁提示可/有効会員

開場時間の15分前までに会場付近でお集まりいただき、同時入場いたします。...",True,yu5nfk0l0c,,alias,2026-09-27 10:41:52,2026-09-27 09:48:30,,,,
70titfk6bf,,key-to-lit-arena-tour-2026-neo-classics,2026-10-09,18:00,セキスイハイムスーパーアリーナ,electronic,female,同行,あ,4.8,,番手同行,2026-09-26 02:01:13,scrape_observed,2026-09-27 01:01:03,,,listing,2,36000,"情報局先行  2名義中2番手
初期当選/有効期限内/該当名義(変更ボタンあり) /
下3桁の提示可

※ 購入する際はプラベルに切り替えさせて頂くので、購入希望...",True,ht87fci8g0,,alias,2026-09-27 10:41:52,2026-09-27 09:48:30,,,,
ikx2yosrqo,,key-to-lit-arena-tour-2026-neo-classics,2026-10-09,18:00,セキスイハイムスーパーアリーナ,paper,female,当日同行,m,5.0,,同行記載あり,2026-09-26 02:01:13,scrape_observed,2026-09-27 01:01:03,,,listing,1,23000,"一般注釈付き指定席/同行

入場後は好きにしていただいて構いません。

・当日は当方が指定する場所/時間に集合予定です。(会場付近/開場約15分前予定)
その際...",True,959vgrepw5,,alias,2026-09-27 10:41:53,2026-09-27 09:48:30,,,,
35asebnp0z,,key-to-lit-arena-tour-2026-neo-classics,2026-10-09,18:00,セキスイハイムスーパーアリーナ,electronic,female,同行,S,5.0,,ランダム,2026-09-26 02:01:13,scrape_observed,2026-09-27 01:01:03,,,listing,1,15000,"【ランダム配布にご理解ある方のみご購入お願い致します】
同時入場後、ランダムでチケットをお渡しさせて頂きます。
ご自身での座席選択はできかねますのでご了承くださ...",True,3gzrzjxjh3,,alias,2026-09-27 10:41:53,2026-09-27 09:48:30,,,,
elr3h5a8xb,,key-to-lit-arena-tour-2026-neo-classics,2026-10-09,18:00,セキスイハイムスーパーアリーナ,electronic,female,同行,yuu,4.7,,番手,2026-09-26 02:01:13,scrape_observed,2026-09-27 01:01:03,,,listing,2,40000,"2名義中2番手/該当名義/初期当選/有効期限内/変更ボタンあり/エラー歴なし/すり替えなし/下3桁提示可

公演当日、こちらが指定した時間場所に待ち合わせし同時...",True,imjf9skmmx,,alias,2026-09-27 10:41:54,2026-09-27 09:48:30,,,,
98r5z6r2y1,,key-to-lit-arena-tour-2026-neo-classics,2026-10-09,18:00,セキスイハイムスーパーアリーナ,electronic,female,公演前日QRコード共有,抹茶,5.0,,QR,2026-09-26 02:01:13,scrape_observed,2026-09-27 01:01:03,,,listing,1,0,"単番QRごと/初期当選/該当名義(変更ボタン有)/有効期限内/着ブロ希望なし

・公演前日までにログインに必要な情報をお伝えいたします。
・入場後は速やかにログ...",True,u0rl0tz2dy,,alias,2026-09-27 10:41:54,2026-09-27 09:48:30,,,,
be6p8263t3,,key-to-lit-arena-tour-2026-neo-classics,2026-10-09,18:00,セキスイハイムスーパーアリーナ,electronic,female,同行,mm,5.0,,ランダム,2026-09-26 02:01:13,scrape_observed,2026-09-27 01:01:03,,,listing,1,18000,"座席未定 ランダム配布 条件あり 座席選択不可 代理購入不可 

 ランダム配布になりますので最後までご理解いただきご購入ください。  

・複数名義所持してお...",True,02ib7hanjx,,alias,2026-09-27 10:41:55,2026-09-27 09:48:30,,,,
bb8bphvwe0,,key-to-lit-arena-tour-2026-neo-classics,2026-10-09,18:00,セキスイハイムスーパーアリーナ,electronic,female,同行,n,5.0,,同行,2026-09-26 02:01:13,scrape_observed,2026-09-26 16:01:18,,,listing,1,55000,"2名義中1番手同行/すり替えなし/初期当選のみ/下3桁提示可能/期限内該当名義(変更ボタンあり)/着ブロ指定なし/岩﨑担不可
入場後、一度チケットを回収し2名義...",True,3cbvjta0tx,,alias,2026-09-27 10:49:08,2026-09-27 09:48:30,,,,
9ghymfgb06,,key-to-lit-arena-tour-2026-neo-classics,2026-10-09,18:00,セキスイハイムスーパーアリーナ,electronic,female,2番手中2番手,R,5.0,,番手,2026-09-26 02:01:13,scrape_observed,2026-09-27 01:01:03,,,listing,2,45000,"2名義中2番手/すり替えなし/初期当選/該当/有効期限内/変ボ有/下3桁提示可

当日指定した場所・時間に集合し、同時入場いたします。入場後チケットを一度回収し...",True,9pulos6he7,,alias,2026-09-27 10:41:55,2026-09-27 09:48:30,,,,
3h3k9nor8f,,key-to-lit-arena-tour-2026-neo-classics,2026-10-09,18:00,セキスイハイムスーパーアリーナ,electronic,female,同行,A,5.0,,番手,2026-09-26 02:01:13,scrape_observed,2026-09-27 01:01:03,,,listing,2,40000,"FC初期当選/2名義中2番手/下3桁提示可/該当名義×1 非該当×1/有効期限内/着ブロ無し/すり替え無し/ 変ボあり/エラー歴なし

即5


公演当日、開場...",True,rikx2gplvq,,alias,2026-09-27 10:41:55,2026-09-27 09:48:30,,,,
4uj83s8yvk,,key-to-lit-arena-tour-2026-neo-classics,2026-10-09,18:00,セキスイハイムスーパーアリーナ,paper,none,当日手渡し,れ,4.8,,ランダム同行,2026-09-26 02:01:13,scrape_observed,2026-09-27 01:01:03,,,listing,2,16000,"ランダム配布,2連確約

【取引にあたり注意事項】
日本語理解できる方、日本の電話番号お持ちの方のみ購入をお願いいたします。

チケット取引について理解ある方の...",True,7z5e5nqrs1,,alias,2026-09-27 10:41:55,2026-09-27 09:48:30,,,,
k583e4xw1z,,key-to-lit-arena-tour-2026-neo-classics,2026-10-09,18:00,セキスイハイムスーパーアリーナ,electronic,female,同行,まるこ,5.0,,同行,2026-09-26 02:01:13,scrape_observed,2026-09-27 01:01:03,,,listing,1,45000,"中村担不可/同行/情報局先行/該当名義/下3桁提示可能/初期当選/すり替えなし/有効期限内/本確不可
下記よくお読みください

・当方もお譲りいただくQRになり...",True,1qwqsds3vr,,alias,2026-09-27 10:41:56,2026-09-27 09:48:30,,,,
m5hxjzour0,,key-to-lit-arena-tour-2026-neo-classics,2026-10-09,18:00,セキスイハイムスーパーアリーナ,paper,female,入金後24時間以内に郵送,M,5.0,,,2026-09-26 02:01:13,scrape_observed,2026-09-27 01:01:03,,,listing,1,19800,"注釈指定席
発券済みのチケットを送らせていただきます。",True,e76j16l536,,alias,2026-09-27 10:41:56,2026-09-27 09:48:30,,,,
gpntwshl24,,key-to-lit-arena-tour-2026-neo-classics,2026-10-09,18:00,セキスイハイムスーパーアリーナ,paper,female,当日手渡し,えび,5.0,,ランダム,2026-09-26 02:01:13,scrape_observed,2026-09-27 01:01:03,,,listing,1,18000,"ランダム配布（買い手様は座席を選べません）
*  日本語の通じる方のみご購入ください。男性〇未成年〇
*  会場の電波が悪い可能性がございますので、購入後は当日...",True,n1oymfg761,,alias,2026-09-27 10:41:57,2026-09-27 09:48:30,,,,
2peqmmsdxm,,key-to-lit-arena-tour-2026-neo-classics,2026-10-09,18:00,セキスイハイムスーパーアリーナ,electronic,female,同行,®️,4.5,,同行番手,2026-09-26 02:01:13,scrape_observed,2026-09-27 01:01:03,,,listing,1,25000,"✩すり替えなし2連✩下位番手
入場後すぐお渡し


・公演当日は開場時間30分前集合
(近くなりましたら詳しい場所等はお知らせします)
・座席確認後すぐのお渡し...",True,2nmw08qcqs,,alias,2026-09-27 10:41:57,2026-09-27 09:48:30,,,,
ewiusxkvua,,key-to-lit-arena-tour-2026-neo-classics,2026-10-09,18:00,セキスイハイムスーパーアリーナ,electronic,female,同行,ゆ,5.0,,同行番手,2026-09-26 02:01:13,scrape_observed,2026-09-27 01:01:03,,,listing,2,40000,"2名義中2番手　即5
両方とも該当(変ボあり)/初期当選/下3桁提示可/有効会員

開場時間の15分前までに会場付近でお集まりいただき、同時入場いたします。
遅...",True,ghuwnuedi8,,alias,2026-09-27 10:41:58,2026-09-27 09:48:30,,,,
e04ykfbqie,,key-to-lit-arena-tour-2026-neo-classics,2026-10-09,18:00,セキスイハイムスーパーアリーナ,electronic,none,同行,太,5.0,,同行,2026-09-26 02:01:13,scrape_observed,2026-09-26 08:01:11,,,listing,1,42000,"
2連中の1枚（当方との同行）になります。

初期当選／座席未定／重複すり替えなし同行／非該当名義／着席希望なし／サイチェン不可／代理購入不可／猪狩担不可

*...",True,8w140xof0g,,alias,2026-09-27 10:49:10,2026-09-27 09:48:30,,,,
a09oew42xu,,key-to-lit-arena-tour-2026-neo-classics,2026-10-09,18:00,セキスイハイムスーパーアリーナ,electronic,female,同行,mm,5.0,,ランダム,2026-09-26 02:01:13,scrape_observed,2026-09-27 01:01:03,,,listing,1,16000,"座席未定 ランダム配布 条件あり 座席選択不可 代理購入不可 

 ランダム配布になりますので最後までご理解いただきご購入ください。  

・複数名義所持してお...",True,9qbs36uw1b,,alias,2026-09-27 10:41:58,2026-09-27 09:48:30,,,,
kwuz9bq0or,,key-to-lit-arena-tour-2026-neo-classics,2026-10-09,18:00,セキスイハイムスーパーアリーナ,electronic,female,当日手渡し,Yyy,4.7,,番手,2026-09-26 02:01:13,scrape_observed,2026-09-27 01:01:03,,,listing,2,55000,"3名義中2番手
該当名義/変更ボタンあり/初期当選/着ブロ希望なし / 下3桁提示可能/すり替えなし

公演当日、こちらが指定した時間に会場付近にて待ち合わせの...",True,zianvhx3jp,,alias,2026-09-27 10:41:58,2026-09-27 09:48:30,,,,
ywsspcl1km,,key-to-lit-arena-tour-2026-neo-classics,2026-10-09,18:00,セキスイハイムスーパーアリーナ,electronic,female,同行,s,5.0,,番手,2026-09-26 02:01:13,scrape_observed,2026-09-27 01:01:03,,,listing,2,48000,"
一般含む4名義中2番手/すり替え無し/下3桁提示可能/初期当選

公演当日、会場20分前を目安にこちらが指定した場所に集合して頂き同時入場いたします。入場後一...",True,cd5hc9e0dx,,alias,2026-09-27 10:41:58,2026-09-27 09:48:30,,,,
226nqtndiu,,key-to-lit-arena-tour-2026-neo-classics,2026-10-10,12:30,セキスイハイムスーパーアリーナ,electronic,female,2名義中2番手,R,5.0,,番手,2026-09-26 02:01:13,scrape_observed,2026-09-27 01:01:03,,,listing,1,45000,"2名義中2番手/初期当選/該当名義/有効期限内/変更ボタンあり/重複すり替えなし/下3桁提示可

当日は開場時間に会場付近で待ち合わせをし、同時入場していただき...",True,aolljdol2k,,alias,2026-09-27 10:41:59,2026-09-27 09:48:30,,,,
wbvasfp1b9,,key-to-lit-arena-tour-2026-neo-classics,2026-10-10,12:30,セキスイハイムスーパーアリーナ,electronic,female,5名義中4番手,あ,5.0,,番手,2026-09-26 02:01:13,scrape_observed,2026-09-27 01:01:03,,,listing,1,50000,"全て初期当選、該当名義、有効期限内、下3桁提示可能、過去エラーなし

開場時間10分前頃を目安に会場付近にて集合予定。時間、場所については確定後前日夜までにはご...",True,0ho2s2a9nt,,alias,2026-09-27 10:41:59,2026-09-27 09:48:30,,,,
mk37q8csb6,,key-to-lit-arena-tour-2026-neo-classics,2026-10-10,12:30,セキスイハイムスーパーアリーナ,electronic,female,同行,ありちゃん,5.0,,ランダム,2026-09-26 02:01:13,scrape_observed,2026-09-27 01:01:03,,,listing,1,29000,⭐️開演30分前までにお渡し⭐️FC先行 座席未定/同時入場後に一度チケットを回収し、当方の座席選択後にランダム配布いたします/全名義有効期限内/同一クレカでの...,True,icf4l68ffv,,alias,2026-09-27 10:42:00,2026-09-27 09:48:30,,,,
3o9qebwbbd,,key-to-lit-arena-tour-2026-neo-classics,2026-10-10,12:30,セキスイハイムスーパーアリーナ,electronic,female,同行,ゆ,5.0,,ランダム,2026-09-26 02:01:13,scrape_observed,2026-09-27 01:01:03,,,listing,1,18000,"特別出品しますのでコメントお願い致します。
少人数ランダム配布

公演当日、開場時間の30分前頃に会場付近にて待ち合わせし、同時入場していただきます。
詳しい待...",True,518esihzqx,,alias,2026-09-27 10:42:00,2026-09-27 09:48:30,,,,
vjy1omvnt7,,key-to-lit-arena-tour-2026-neo-classics,2026-10-10,12:30,セキスイハイムスーパーアリーナ,electronic,none,同行,ふ,5.0,,同行,2026-09-26 02:01:13,scrape_observed,2026-09-27 01:01:03,,,listing,1,66000,"初期当選/該当/有効期限内/下3桁提示可能/重複すり替えなし同行

当日は開場15分前を目安に待ち合わせし、同時入場いたします。時間や場所の詳細は前日もしくは当...",True,01nwtut4g4,,alias,2026-09-27 10:42:01,2026-09-27 09:48:30,,,,
mo5bz0wz7s,,key-to-lit-arena-tour-2026-neo-classics,2026-10-10,12:30,セキスイハイムスーパーアリーナ,electronic,female,QRコード共有,あ,5.0,,QR,2026-09-26 02:01:13,scrape_observed,2026-09-27 01:01:03,,,listing,2,50000,"急遽仙台へ行くことが難しくなってしまったため、お譲り先を探しております。

仙台公演
QRごと／2連のみ
初期当選・キテレツ名義
サイチェン❌
公演中止になった...",True,iyldm61uc8,,alias,2026-09-27 10:42:01,2026-09-27 09:48:30,,,,
2aglzuac2c,,key-to-lit-arena-tour-2026-neo-classics,2026-10-10,12:30,セキスイハイムスーパーアリーナ,electronic,female,同時入場 開演5分前ランダムにてお渡し,m,5.0,,ランダム,2026-09-26 02:01:13,scrape_observed,2026-09-27 01:01:03,,,listing,1,22000,"最後までご確認いただき、ご了承いただけた方のみご購入をお願いいたします。

・同時入場後チケットを一旦回収し解散した後、座席選択後にランダムでチケットをお渡しし...",True,zditerfpn9,,alias,2026-09-27 10:42:01,2026-09-27 09:48:30,,,,
xptlf34jus,,key-to-lit-arena-tour-2026-neo-classics,2026-10-10,12:30,セキスイハイムスーパーアリーナ,electronic,none,ランダム配布(集合少人数),p,5.0,,ランダム,2026-09-26 02:01:13,scrape_observed,2026-09-27 01:01:03,,,listing,1,20000,"【必ず下記全てお読みいただきご理解いただけた方のみご購入下さい】
【即決取引ですが、購入前コメント必須。こちらの返信を受け取ってから購入して下さい】
【購入され...",True,9zdvntvy2y,,alias,2026-09-27 10:42:02,2026-09-27 09:48:30,,,,
y0j2oetzht,,key-to-lit-arena-tour-2026-neo-classics,2026-10-10,12:30,セキスイハイムスーパーアリーナ,electronic,female,同行,S,5.0,,ランダム,2026-09-26 02:01:13,scrape_observed,2026-09-27 01:01:03,,,listing,1,20000,"【ランダム配布にご理解ある方のみご購入お願い致します】
同時入場後、ランダムでチケットをお渡しさせて頂きます。
ご自身での座席選択はできかねますのでご了承くださ...",True,ui3mc0gpxv,,alias,2026-09-27 10:42:02,2026-09-27 09:48:30,,,,
mn3kk249l0,,key-to-lit-arena-tour-2026-neo-classics,2026-10-10,12:30,セキスイハイムスーパーアリーナ,electronic,female,同行,あ,5.0,,番手,2026-09-26 02:01:13,scrape_observed,2026-09-27 01:01:03,,,listing,2,68000,"4名義中2番手、下3桁提示可能、全て初期当選該当有効期限内、すり替えなし
⭐️公演当日は会場付近で待ち合わせをし、同時入場していただきます。
⭐️詳しい待ち合わ...",True,9x3ouj6dd6,,alias,2026-09-27 10:42:02,2026-09-27 09:48:30,,,,
fbvzbc3js2,,key-to-lit-arena-tour-2026-neo-classics,2026-10-10,12:30,セキスイハイムスーパーアリーナ,electronic,female,QR毎/初期当選/該当名義（変更ボタン無）/有効期限内/下3桁提示可/着ブロ指定なし/クレカ決済(同一クレカ決済なし)/同一氏名名義を含め過去エラーなし/発送物戻りなし,rumi,5.0,,QR,2026-09-26 02:01:13,scrape_observed,2026-09-27 01:01:03,,,listing,2,55000,"公演前日に連絡ボードにてログイン情報をお伝えします。
同行者登録は購入者の方にてご対応お願いします。
入場しましたら開演時間までにログアウト、受け取り通知をお願...",True,lrwmn6dr8k,,alias,2026-09-27 10:42:03,2026-09-27 09:48:30,,,,
evpyb3tmg5,,key-to-lit-arena-tour-2026-neo-classics,2026-10-10,12:30,セキスイハイムスーパーアリーナ,electronic,female,同行,ゆ。,5.0,,番手,2026-09-26 02:01:13,scrape_observed,2026-09-27 01:01:03,,,listing,2,43500,"2名義中2番手/すり替えなし/該当名義/初期当選/有効期限内/変更ボタンあり/下3桁提示可/サイチェン不可/本人確認不可

・公演当日、開場20～30分前を目安...",True,3avfc6xr69,,alias,2026-09-27 10:42:03,2026-09-27 09:48:30,,,,
1bfof0age1,,key-to-lit-arena-tour-2026-neo-classics,2026-10-10,12:30,セキスイハイムスーパーアリーナ,electronic,none,同行,c,4.9,,ランダム記載あり,2026-09-26 02:01:13,scrape_observed,2026-09-27 01:01:03,,,listing,1,18000,"・当日開場30分前を目処に会場付近に集合し同時入場して頂きます。詳しい集合時間や場所は当日朝までに連絡ボードにてご連絡致します。
・遅刻は厳禁でお願い致します。...",True,2su8lpmtzw,,alias,2026-09-27 10:42:04,2026-09-27 09:48:30,,,,
8a7is1d47k,,key-to-lit-arena-tour-2026-neo-classics,2026-10-10,12:30,セキスイハイムスーパーアリーナ,electronic,female,同行,r,4.8,,ランダム,2026-09-26 02:01:13,scrape_observed,2026-09-27 01:01:03,,,listing,1,14000,"座席未定 ランダム配布 条件あり 座席選択不可 代理購入不可 
 ランダム配布になりますので最後までご一読のうえご理解いただけた方のみご購入下さい。

・複数名...",True,bch70puzfy,,alias,2026-09-27 10:42:04,2026-09-27 09:48:30,,,,
7fz3lsvw98,,key-to-lit-arena-tour-2026-neo-classics,2026-10-10,12:30,セキスイハイムスーパーアリーナ,electronic,female,4名義中2番手,れの,5.0,,番手,2026-09-26 02:01:13,scrape_observed,2026-09-27 01:01:03,,,listing,2,69000,4名義中2番手/初期当選/すべて該当名義/すり替えなし/下3桁提示可/有効期限内 / 発送物戻りなし/着ブロ希望なし/Pay-easy入金/サイチェン可/変更ボ...,True,8ggtvyz5u0,,alias,2026-09-27 10:42:04,2026-09-27 09:48:30,,,,
hjsojl1sud,,key-to-lit-arena-tour-2026-neo-classics,2026-10-10,12:30,セキスイハイムスーパーアリーナ,electronic,none,同行,あ,4.8,,ランダム,2026-09-26 02:01:13,scrape_observed,2026-09-27 01:01:03,,,listing,1,16000,"ランダム配布

★購入する際はプライベート出品またはプラベルに切り替えさせて頂きますので購入希望の方は必ずメッセージお願いします。

・詳しい待ち合わせ時間・場...",True,bgtyjup170,,alias,2026-09-27 10:42:05,2026-09-27 09:48:30,,,,
krmjfgyim0,,key-to-lit-arena-tour-2026-neo-classics,2026-10-10,12:30,セキスイハイムスーパーアリーナ,electronic,female,公演日前日18時までにQRコード共有,ゆき,5.0,,ランダム記載あり,2026-09-26 02:01:13,scrape_observed,2026-09-27 01:01:03,,,listing,1,70000,"座席未定/QR毎/復活当選/重複すり替えなし/下3桁提示/有効期限内/着ブロ希望なし

公演中止の際は手数料を差し引いた金額を返金致しますが、それ以外の如何なる...",True,nnbod7hvt2,,alias,2026-09-27 10:42:05,2026-09-27 09:48:30,,,,
to1ylrpui5,,key-to-lit-arena-tour-2026-neo-classics,2026-10-10,12:30,セキスイハイムスーパーアリーナ,electronic,female,当日開場30~15分前に集合し同時入場,an,5.0,,番手,2026-09-26 02:01:13,scrape_observed,2026-09-27 01:01:03,,,listing,2,60000,"2名義中2番手/該当名義のみ/初期当選のみ/有効期限内/変更ボタンあり/下3桁提示可/過去エラーなし

・公演当日会場付近にて待ち合わせし、同時入場していただき...",True,yjuzc5uo3k,,alias,2026-09-27 10:42:05,2026-09-27 09:48:30,,,,
bnx9r3lwtc,,key-to-lit-arena-tour-2026-neo-classics,2026-10-10,12:30,セキスイハイムスーパーアリーナ,electronic,female,公演日3日前までにQRコード共有,m,4.9,,QR,2026-09-26 02:01:13,scrape_observed,2026-09-27 01:01:03,,,listing,2,64000,"QR毎/情報局先行/該当名義(変更ボタンあり)/初期当選/有効期限内/すり替えなし下3桁提示可/同行者登録可/過去エラーなし

当選歴:昨年ツアースタンド席...",True,50jj4dbt0r,,alias,2026-09-27 10:42:06,2026-09-27 09:48:30,,,,
gy3gf1rr8h,,key-to-lit-arena-tour-2026-neo-classics,2026-10-10,12:30,セキスイハイムスーパーアリーナ,electronic,female,同行,あ,4.8,,番手ランダム,2026-09-26 02:01:13,scrape_observed,2026-09-27 01:01:03,,,listing,2,40000,"⭐️すり替えなし (下3桁提示可能)⭐️

初期当選/該当名義(変更ボタン有)/有効期限内
↑
全て上記に該当している名義でのすり替えなしランダム配布です。...",True,dvuxymtlfp,,alias,2026-09-27 10:42:06,2026-09-27 09:48:30,,,,
fkakkkozhs,,key-to-lit-arena-tour-2026-neo-classics,2026-10-10,12:30,セキスイハイムスーパーアリーナ,paper,none,当日手渡し,れ,4.8,,ランダム番手同行QR,2026-09-26 02:01:13,scrape_observed,2026-09-27 01:01:03,,,listing,2,41000,"すり替えなし即配布
初期当選,期限内名義のみ発券
入場後券面にて座席確認しチケット配布します

2枚購入時には連番チケットお渡しします

【取引にあたり注意事項...",True,8r612xn9ef,,alias,2026-09-27 10:42:07,2026-09-27 09:48:30,,,,
mv1k8yfu2l,,key-to-lit-arena-tour-2026-neo-classics,2026-10-10,12:30,セキスイハイムスーパーアリーナ,electronic,female,入金後すぐにQRコード共有,misuzu,5.0,,QR,2026-09-26 02:01:13,scrape_observed,2026-09-27 01:01:03,,,listing,2,48000,"情報局先行 KEY TO LIT 井上瑞稀名義 初期当選 指定席 2枚申し込み 
QRごとのお譲り 条件ございません 座席未定

情報局先行 ２枚申込みでの当選...",True,bllnbjqpvo,,alias,2026-09-27 10:42:07,2026-09-27 09:48:30,,,,
lwbfwwziqb,,key-to-lit-arena-tour-2026-neo-classics,2026-10-10,12:30,セキスイハイムスーパーアリーナ,electronic,female,同行,Moa,5.0,,同行番手,2026-09-26 02:01:13,scrape_observed,2026-09-27 01:01:03,,,listing,2,57000,"初期当選、2名義中2番手、全て該当名義、有効期限内、変更ボタンあり、着ブロ希望なし、下3桁提示可、すり替えなし、過去エラーなし

こちらが指定する場所と時間に待...",True,e2fovx552v,,alias,2026-09-27 10:42:08,2026-09-27 09:48:30,,,,
36z1odue8x,,key-to-lit-arena-tour-2026-neo-classics,2026-10-10,12:30,セキスイハイムスーパーアリーナ,electronic,female,同行,み,5.0,,番手,2026-09-26 02:01:13,scrape_observed,2026-09-27 01:01:03,,,listing,2,58000,"2名義中2番手/すべて初期該当変更ボタンあり/すり替えなし/下3桁提示可/有効期限内

・2名義中2番手のお譲りになります。
・入場時のみ同行者様と分かれて入場...",True,efmw4itb5u,,alias,2026-09-27 10:42:08,2026-09-27 09:48:30,,,,
getfqfzcjb,,key-to-lit-arena-tour-2026-neo-classics,2026-10-10,12:30,セキスイハイムスーパーアリーナ,electronic,female,ランダム配布,lt,4.7,,ランダム,2026-09-26 02:01:13,scrape_observed,2026-09-27 01:01:03,,,listing,2,35000,【エラーで入場できなかった場合のみ返金します。】当日会場付近にて開場時間の20分前までにお待ち合わせ予定になります。【2枚でご購入された場合は必ず2連でチケット...,True,67qg7ayuhd,,alias,2026-09-27 10:42:08,2026-09-27 09:48:30,,,,
0f5ke23mp2,,key-to-lit-arena-tour-2026-neo-classics,2026-10-10,12:30,セキスイハイムスーパーアリーナ,electronic,female,公演前日,a,5.0,,QR,2026-09-26 02:01:13,scrape_observed,2026-09-27 01:01:03,,,listing,2,78000,"FC先行/初期当選/QR毎/該当名義/有効期限内/下3桁提示可能

⚠️プラベル移行可能な方リクエストお願いします。

QR毎のお譲りです。
公演前日の夜にログ...",True,i86cpkm4tg,,alias,2026-09-27 10:42:08,2026-09-27 09:48:30,,,,
bcjklriqol,,key-to-lit-arena-tour-2026-neo-classics,2026-10-10,12:30,セキスイハイムスーパーアリーナ,electronic,female,公演日前日にログイン情報を共有,ま,5.0,,QR,2026-09-26 02:01:13,scrape_observed,2026-09-27 01:01:03,,,listing,2,55000,"QR毎のお譲り/初期当選/該当名義/変更ボタン有/有効期限内/下3桁提示可/着ブロ希望なし


公演前日にログイン情報をお伝えいたします。
ログイン後はQR表示...",True,4lbmhazjgg,,alias,2026-09-27 10:42:09,2026-09-27 09:48:30,,,,
35hfkzv0nw,,key-to-lit-arena-tour-2026-neo-classics,2026-10-10,12:30,セキスイハイムスーパーアリーナ,electronic,female,開場15分前までに集合し同時入場,るな,5.0,,番手,2026-09-26 02:01:13,scrape_observed,2026-09-27 01:01:03,,,listing,2,50000,2名義中2番手/初期当選のみ/有効期限内/変更ボタンあり/情報局該当名義のみ/会員番号下3桁提示可/過去エラーなし/公演中止時のみ各種手数料を差し引いた金額を返...,True,a3rx28pps2,,alias,2026-09-27 10:42:09,2026-09-27 09:48:30,,,,
2zugpld7hw,,key-to-lit-arena-tour-2026-neo-classics,2026-10-10,12:30,セキスイハイムスーパーアリーナ,electronic,female,同行,mm,5.0,,ランダム,2026-09-26 02:01:13,scrape_observed,2026-09-27 01:01:03,,,listing,1,18000,"座席未定 ランダム配布 条件あり 座席選択不可 代理購入不可 

 ランダム配布になりますので最後までご理解いただきご購入ください。  

・複数名義所持してお...",True,mbnxk2nb87,,alias,2026-09-27 10:42:10,2026-09-27 09:48:30,,,,
3k7myr3gl1,,key-to-lit-arena-tour-2026-neo-classics,2026-10-10,12:30,セキスイハイムスーパーアリーナ,electronic,female,同行,あ,5.0,,ランダム,2026-09-26 02:01:13,scrape_observed,2026-09-27 01:01:03,,,listing,2,40000,"【すりかえなしランダム配布】 
複数当選しております。当方が座席を選択した後、残ったチケットをランダムでお渡し致します。 落札者様にお席をお選び頂くことはできま...",True,5hjvg7atwb,,alias,2026-09-27 10:42:10,2026-09-27 09:48:30,,,,
mxx07dz7dj,,key-to-lit-arena-tour-2026-neo-classics,2026-10-10,12:30,セキスイハイムスーパーアリーナ,paper,female,入金後24時間以内に郵送,a,5.0,,,2026-09-26 02:01:13,scrape_observed,2026-09-27 01:01:03,,,listing,2,27000,"一般発売　立見

定価支払い済み発券したチケットを送らせていただきます。",True,x307dep1k7,,alias,2026-09-27 10:42:11,2026-09-27 09:48:30,,,,
opdpwclrjw,,key-to-lit-arena-tour-2026-neo-classics,2026-10-10,12:30,セキスイハイムスーパーアリーナ,electronic,female,公演前日QRコード共有,J,5.0,,QR,2026-09-26 02:01:13,scrape_observed,2026-09-27 01:01:03,,,listing,2,48000,"初期当選/QR毎/有効期限内/Pay-easy決済/重複すり替えなし/着ブロ希望なし/購入後下3桁提示可

プラベルもしくはプライベート出品に切り替えのため、購...",True,4o4g13s30k,,alias,2026-09-27 10:42:11,2026-09-27 09:48:30,,,,
is9eik49l0,,key-to-lit-arena-tour-2026-neo-classics,2026-10-10,12:30,セキスイハイムスーパーアリーナ,electronic,female,同時入場,ちけてんまる,5.0,,ランダム,2026-09-26 02:01:13,scrape_observed,2026-09-27 01:01:03,,,listing,1,17900,"当日、開場30分前に会場付近で待ち合わせをし、同時入場をしていただきます。
詳しい待ち合わせ時間・場所につきましては、公演が近くなりましたら連絡ボードにてお知ら...",True,nax52u5yt9,,alias,2026-09-27 10:42:11,2026-09-27 09:48:30,,,,
qgdbwoctgj,,key-to-lit-arena-tour-2026-neo-classics,2026-10-10,12:30,セキスイハイムスーパーアリーナ,electronic,female,QRごと,어,5.0,,QR,2026-09-26 02:01:13,scrape_observed,2026-09-27 01:01:03,,,listing,2,70000,"情報局先行 該当名義(変更ボタン有り) 
初期当選 有効期限内コンビニ決済 
重複すり替えなし 同行者登録可
入金後下3桁提示可 着ブロなし
郵送物戻り 過去エ...",True,jirlrs4wz0,,alias,2026-09-27 10:42:12,2026-09-27 09:48:30,,,,
pdh1s97uw1,,key-to-lit-arena-tour-2026-neo-classics,2026-10-10,12:30,セキスイハイムスーパーアリーナ,electronic,female,同行,れ,5.0,,番手,2026-09-26 02:01:13,scrape_observed,2026-09-27 01:01:03,,,listing,2,45000,"FC先行/初期当選/すり替えなし/期限内/4名義中4番手/下3桁提示可

プラベル出品に切り替えます。
プラベル分からない方ご遠慮ください
公演当日は会場付近に...",True,h05i6tg882,,alias,2026-09-27 10:42:12,2026-09-27 09:48:30,,,,
frs7g9pp40,,key-to-lit-arena-tour-2026-neo-classics,2026-10-10,12:30,セキスイハイムスーパーアリーナ,electronic,female,当日手渡し,な,5.0,,番手,2026-09-26 02:01:13,scrape_observed,2026-09-27 01:01:03,,,listing,2,70000,4名義中2番手/初期当選/該当名義/変更ボタンあり/すり替えなし/下3桁提示可/有効期限内/発送物戻りなし/着ブロ希望なし/同一クレカなし/サイチェン可/本人確...,True,gmqg6a18v3,,alias,2026-09-27 10:42:12,2026-09-27 09:48:30,,,,
c9rhyaskjh,,key-to-lit-arena-tour-2026-neo-classics,2026-10-10,12:30,セキスイハイムスーパーアリーナ,electronic,female,同行,𐔌˘- · •̤ᐢ𐦯,5.0,,番手,2026-09-26 02:01:13,scrape_observed,2026-09-27 01:01:03,,,listing,2,48000,"3名義中3番手



初期当選/該当/有効期限内/下3桁提示可能/重複すり替えなし同行/

当日は開場時間を目安に待ち合わせし、同時入場いたします。時間や場所の...",True,sc0mp78d19,,alias,2026-09-27 10:42:13,2026-09-27 09:48:30,,,,
cqxo41xopd,,key-to-lit-arena-tour-2026-neo-classics,2026-10-10,12:30,セキスイハイムスーパーアリーナ,electronic,female,公演前日にQRコード共有,⭐︎⭐︎,5.0,,QR,2026-09-26 02:01:13,scrape_observed,2026-09-27 01:01:03,,,listing,2,69000,"情報局先行　初期当選　非該当　有効期限内

⚠️プラベル移行可能な方リクエストお願いします。

前日にログインに必要な情報を、お伝え致します。同行者登録・同意チ...",True,2jn2q2ry42,,alias,2026-09-27 10:42:13,2026-09-27 09:48:30,,,,
3xxgga50s9,,key-to-lit-arena-tour-2026-neo-classics,2026-10-10,12:30,セキスイハイムスーパーアリーナ,electronic,female,同行,てぁ,5.0,,番手,2026-09-26 02:01:13,scrape_observed,2026-09-27 01:01:03,,,listing,2,65000,"【連番 3名義中2番手】
⭐️すべて連番/初期当選/該当名義/変更ボタン有/有効期限内/下3桁提示可/すり替えなし/着ブロ希望なし
⭐️ご購入の際にチケテン入場...",True,wuz3eetqi4,,alias,2026-09-27 10:42:14,2026-09-27 09:48:30,,,,
16oobhbj8n,,key-to-lit-arena-tour-2026-neo-classics,2026-10-10,12:30,セキスイハイムスーパーアリーナ,electronic,female,同行,mm,5.0,,ランダム,2026-09-26 02:01:13,scrape_observed,2026-09-27 01:01:03,,,listing,1,18000,"座席未定 ランダム配布 条件あり 座席選択不可 代理購入不可 

 ランダム配布になりますので最後までご理解いただきご購入ください。  

・複数名義所持してお...",True,zlkc5a9oau,,alias,2026-09-27 10:42:14,2026-09-27 09:48:30,,,,
s5t62nb1ug,,key-to-lit-arena-tour-2026-neo-classics,2026-10-10,12:30,セキスイハイムスーパーアリーナ,electronic,none,同行,あ,4.8,,ランダム,2026-09-26 02:01:13,scrape_observed,2026-09-27 01:01:03,,,listing,2,32000,"ランダム配布 2連確約

★購入する際はプライベート出品またはプラベルに切り替えさせて頂きますので購入希望の方は必ずメッセージお願いします。

・詳しい待ち合わ...",True,0twpzdbo95,,alias,2026-09-27 10:42:15,2026-09-27 09:48:30,,,,
frg32jo9i9,,key-to-lit-arena-tour-2026-neo-classics,2026-10-10,12:30,セキスイハイムスーパーアリーナ,electronic,female,同行,あ,5.0,,ランダム,2026-09-26 02:01:13,scrape_observed,2026-09-27 01:01:03,,,listing,1,17900,"当方が座席を選択した後、残ったチケットをランダムでお渡し致します。
ご購入様にお席をお選び頂くことはできません。

発券後、一度チケットを全て回収させていただき...",True,hvrl0xib9q,,alias,2026-09-27 10:42:15,2026-09-27 09:48:30,,,,
v8ar6vrptt,,key-to-lit-arena-tour-2026-neo-classics,2026-10-10,12:30,セキスイハイムスーパーアリーナ,electronic,female,同行,ぴぴ,5.0,,同行番手,2026-09-26 02:01:13,scrape_observed,2026-09-27 01:01:03,,,listing,1,56000,"2名義中2番手1枚(2名義目)/初期当選/ボタンあり該当名義/有効期限内/すり替えなし/下3桁提示可
・2名義所持のためチケットを2名義中2名義目を配布いたしま...",True,1ozqckg956,,alias,2026-09-27 10:42:15,2026-09-27 09:48:30,,,,
czdfqiz438,,key-to-lit-arena-tour-2026-neo-classics,2026-10-10,12:30,セキスイハイムスーパーアリーナ,electronic,female,2名義中2番手/初期当選/該当名義/すり替えなし/有効期間内/下3桁提示可,ミ,5.0,,番手,2026-09-26 02:01:13,scrape_observed,2026-09-27 01:01:03,,,listing,2,43000,"2連*2名義
⭐️購入希望の方プライベート出品に切り替えますので気軽にメッセージ下さい。一部当日手渡し対応可能です。

・ 当日は開場の20分前を目安に指定場所...",True,gumray4ksa,,alias,2026-09-27 10:42:15,2026-09-27 09:48:30,,,,
vkop1ywq4n,,key-to-lit-arena-tour-2026-neo-classics,2026-10-10,12:30,セキスイハイムスーパーアリーナ,electronic,female,同行,ゆ,5.0,,ランダム,2026-09-26 02:01:13,scrape_observed,2026-09-27 01:01:03,,,listing,2,35000,"ランダムすり替え有

単番の場合即決2.5",True,e93op0r26o,,alias,2026-09-27 10:42:16,2026-09-27 09:48:30,,,,
qtp5vlx258,,key-to-lit-arena-tour-2026-neo-classics,2026-10-10,12:30,セキスイハイムスーパーアリーナ,electronic,female,公演日1日前までにQRコード共有,L,4.9,,QR,2026-09-26 02:01:13,scrape_observed,2026-09-27 01:01:03,,,listing,2,60000,2連 QRごとのお譲り、初期当選、複数当選なし、該当名義有効期限内変更ボタンあり着ブロ希望なし。発送物戻りなし。ペイジー決済。日本人以外の方は購入を御遠慮くださ...,True,1ofoxnvwqx,,alias,2026-09-27 10:42:16,2026-09-27 09:48:30,,,,
3txu916ihx,,key-to-lit-arena-tour-2026-neo-classics,2026-10-10,12:30,セキスイハイムスーパーアリーナ,electronic,female,2名義中2番手,co,5.0,,番手同行,2026-09-26 02:01:13,scrape_observed,2026-09-27 01:01:03,,,listing,2,55000,"2名義中2番手/初期当選/該当×1.非該当(着ブロ希望)×1/変更ボタンあり/有効期限内/すり替えなし/会員番号下3桁提示可能

開場時間頃、入場口付近でお待ち...",True,dwrw8mq1kd,,alias,2026-09-27 10:42:17,2026-09-27 09:48:30,,,,
o24ykpocaq,,key-to-lit-arena-tour-2026-neo-classics,2026-10-10,17:30,セキスイハイムスーパーアリーナ,electronic,female,同行,Eri,5.0,,同行番手,2026-09-26 02:01:13,scrape_observed,2026-09-27 01:01:03,,,listing,2,64000,"3名義中2番手/該当名義のみ/初期当選/有効期限内/すり替えなし/下3桁提示可

・公演当日、開演約1時間前を目処に会場付近で待ち合わせします。詳しいお時間や待...",True,v29n5f14fd,,alias,2026-09-27 10:42:17,2026-09-27 09:48:30,,,,
vczitu646x,,key-to-lit-arena-tour-2026-neo-classics,2026-10-10,17:30,セキスイハイムスーパーアリーナ,electronic,none,同行,c,4.9,,ランダム記載あり,2026-09-26 02:01:13,scrape_observed,2026-09-27 01:01:03,,,listing,2,40000,"7名義中7番手
全て初期当選･該当名義･変更ボタン有･期限内名義です。会員番号下3桁提示可/すり替えなし
・当日開場45分前を目処に会場付近に集合し同時入場して...",True,mfpcupucv4,,alias,2026-09-27 10:42:18,2026-09-27 09:48:30,,,,
aspyvs3pe4,,key-to-lit-arena-tour-2026-neo-classics,2026-10-10,17:30,セキスイハイムスーパーアリーナ,electronic,female,同行,ちぴ,5.0,,同行,2026-09-26 02:01:13,scrape_observed,2026-09-27 01:01:03,,,listing,1,75000,"QR毎/初期当選/該当名義/変更ボタン有/有効期限内/下3桁提示可/着ブロ希望なし


当日開場前に待ち合わせし、一緒に入場をお願い致します。
入場後座席を確認...",True,88ct5xf7m4,,alias,2026-09-27 10:42:18,2026-09-27 09:48:30,,,,
2vnebbkrfk,,key-to-lit-arena-tour-2026-neo-classics,2026-10-10,17:30,セキスイハイムスーパーアリーナ,paper,female,当日手渡し,m,5.0,,ランダム,2026-09-26 02:01:13,scrape_observed,2026-09-27 01:01:03,,,listing,1,17999,"管理の関係でプライベート出品させていただきたいので購入希望の方はコメントお願いします。
ランダム配布を理解されている日本語の通じる女性の方のみご購入お願いいたし...",True,67qprwczfd,,alias,2026-09-27 10:42:19,2026-09-27 09:48:30,,,,
n7pvnmip5u,,key-to-lit-arena-tour-2026-neo-classics,2026-10-10,17:30,セキスイハイムスーパーアリーナ,electronic,female,同行,あ,4.8,,番手ランダム,2026-09-26 02:01:13,scrape_observed,2026-09-27 01:01:03,,,listing,2,43000,"⭐️すり替えなし (下3桁提示可能)

初期当選/該当名義(変更ボタン有)/有効期限内
↑
全て上記に該当している名義でのすり替えなしランダム配布です。

★購...",True,fwn445rlw2,,alias,2026-09-27 10:42:19,2026-09-27 09:48:30,,,,
xbcgxmglot,,key-to-lit-arena-tour-2026-neo-classics,2026-10-10,17:30,セキスイハイムスーパーアリーナ,electronic,female,同行,u,5.0,,番手,2026-09-26 02:01:13,scrape_observed,2026-09-27 01:01:03,,,listing,1,58000,"
2名義中2番手/該当初期当選×2/すり替え無し/下3桁提示可/全名義有効期限内

プライベート出品にしますので、購入希望の方は一度ご連絡ください。

チケット...",True,he2pdc2i6o,,alias,2026-09-27 10:42:19,2026-09-27 09:48:30,,,,
ny8micqnst,,key-to-lit-arena-tour-2026-neo-classics,2026-10-10,17:30,セキスイハイムスーパーアリーナ,electronic,female,2名義中2番手/該当名義/すり替えなし/初期当選/有効期間内/下3桁提示可,ミ,5.0,,番手,2026-09-26 02:01:13,scrape_observed,2026-09-27 01:01:03,,,listing,2,59000,"2連*2名義
⭐️購入希望の方プライベート出品に切り替えますので気軽にメッセージ下さい。一部当日手渡し対応可能です。

・ 当日は開場の20分前を目安に指定場所...",True,2zowasx4k2,,alias,2026-09-27 10:42:19,2026-09-27 09:48:30,,,,
bm7ci8yj35,,key-to-lit-arena-tour-2026-neo-classics,2026-10-10,17:30,セキスイハイムスーパーアリーナ,electronic,female,同行,ゆ,5.0,,ランダム,2026-09-26 02:01:13,scrape_observed,2026-09-27 01:01:03,,,listing,1,20000,"特別出品しますのでコメントお願い致します。
ランダム配布

公演当日、開場時間の30分前頃に会場付近にて待ち合わせし、同時入場していただきます。
詳しい待ち合わ...",True,50rd97viid,,alias,2026-09-27 10:42:20,2026-09-27 09:48:30,,,,
e0uih17oyg,,key-to-lit-arena-tour-2026-neo-classics,2026-10-10,17:30,セキスイハイムスーパーアリーナ,electronic,female,公演前日QRコード共有,ri,5.0,,QR,2026-09-26 02:01:13,scrape_observed,2026-09-27 00:01:19,,,listing,2,80000,"QRごと/該当名義/変更ボタンあり/初期当選/有効期限内/下3桁提示可能/発送物戻り無し/すりかえ無し/着ブロ希望無し/コンビニ決済

・公演前日にログインに必...",True,90zz8p3tt2,,alias,2026-09-27 10:48:52,2026-09-27 09:48:30,,,,
holqmvxgyi,,key-to-lit-arena-tour-2026-neo-classics,2026-10-10,17:30,セキスイハイムスーパーアリーナ,electronic,female,同行,mi,5.0,,同行,2026-09-26 02:01:13,scrape_observed,2026-09-27 01:01:03,,,listing,1,100000,"初期当選／座席未定／重複すり替えなし同行／該当名義／変更ボタン有／有効期限内／下3桁提示可能／着席希望なし

・公演当日は開場時間5分前に会場周辺にて待ち合わせ...",True,3z62fnpuo6,,alias,2026-09-27 10:42:20,2026-09-27 09:48:30,,,,
xkuadm1f5m,,key-to-lit-arena-tour-2026-neo-classics,2026-10-10,17:30,セキスイハイムスーパーアリーナ,electronic,none,同行,c,4.9,,ランダム記載あり,2026-09-26 02:01:13,scrape_observed,2026-09-27 01:01:03,,,listing,2,49000,"7名義中6番手
全て初期当選･該当名義･変更ボタン有･期限内名義です。会員番号下3桁提示可/すり替えなし
・当日開場45分前を目処に会場付近に集合し同時入場して...",True,zr98wjvkvb,,alias,2026-09-27 10:42:21,2026-09-27 09:48:30,,,,
qjjmoirj2r,,key-to-lit-arena-tour-2026-neo-classics,2026-10-10,17:30,セキスイハイムスーパーアリーナ,electronic,none,同行,A,5.0,,ランダム,2026-09-26 02:01:13,scrape_observed,2026-09-27 01:01:03,,,listing,1,27000,"
当方が座席を選択した後、残ったチケットをランダムでお渡し致します。
ご購入様にお席をお選び頂くことはできません。

発券後、一度チケットを全て回収させていただ...",True,g0sfftzcxb,,alias,2026-09-27 10:42:21,2026-09-27 09:48:30,,,,
jiqhhdbhib,,key-to-lit-arena-tour-2026-neo-classics,2026-10-10,17:30,セキスイハイムスーパーアリーナ,electronic,female,公演前日,a,5.0,,QR,2026-09-26 02:01:13,scrape_observed,2026-09-27 01:01:03,,,listing,2,125000,"FC先行/初期当選/QR毎/該当名義/有効期限内/下3桁提示可能

⚠️プラベル移行可能な方リクエストお願いします。

QR毎のお譲りです。
公演前日の夜にログ...",True,qo7t3t80ef,,alias,2026-09-27 10:42:22,2026-09-27 09:48:30,,,,
v12qynpuxo,,key-to-lit-arena-tour-2026-neo-classics,2026-10-10,17:30,セキスイハイムスーパーアリーナ,electronic,female,公演日前日にQRコード共有,a,5.0,,QR,2026-09-26 02:01:13,scrape_observed,2026-09-27 01:01:03,,,listing,2,61980,"QRごとのお譲り

初期当選/ 有効期限内/該当名義(変更ボタン有)/着ブロ選択なし/座席未定/過去エラー歴なし

ご申請後プラベルにて専用出品いたします。
値...",True,yfdroak87i,,alias,2026-09-27 10:42:22,2026-09-27 09:48:30,,,,
5gfhwb2489,,key-to-lit-arena-tour-2026-neo-classics,2026-10-10,17:30,セキスイハイムスーパーアリーナ,electronic,female,公演日1日前までにQRコード共有,m,4.8,,QR,2026-09-26 02:01:13,scrape_observed,2026-09-27 01:01:03,,,listing,2,65000,"情報局先行 KEY TO LIT該当名義(変更ボタンあり) 初期当選 有効期限内 同行者登録可能 2連番 下3桁提示可能
QRごとのお譲り。

情報局先行 2連...",True,laef0pa6f8,,alias,2026-09-27 10:42:22,2026-09-27 09:48:30,,,,
3mbu9oi8l7,,key-to-lit-arena-tour-2026-neo-classics,2026-10-10,17:30,セキスイハイムスーパーアリーナ,electronic,none,ランダム配布,r,5.0,,ランダム,2026-09-26 02:01:13,scrape_observed,2026-09-27 01:01:03,,,listing,1,15000,"複数名義所持しているため、同時入場後に1度チケットを回収させていただき、当方が座席選択後にランダムに配布します。

チケットの選択にお時間をいただきますのであら...",True,xpz2lh8g9g,,alias,2026-09-27 10:42:22,2026-09-27 09:48:30,,,,
06eua95t4x,,key-to-lit-arena-tour-2026-neo-classics,2026-10-10,17:30,セキスイハイムスーパーアリーナ,electronic,female,公演前日にログイン情報お伝えします,みみ,5.0,,同行記載あり,2026-09-26 02:01:13,scrape_observed,2026-09-27 01:01:03,,,listing,2,100000,QRごと/初期当選/該当(中村)名義/有効期限内/下三桁事前にお伝え可能/すり替えなし/重複当選なし/ペイジー決済/過去にエラー等ございません/変更ボタンあり/...,True,himvd1oa1d,,alias,2026-09-27 10:42:23,2026-09-27 09:48:30,,,,
da3jtqojlk,,key-to-lit-arena-tour-2026-neo-classics,2026-10-10,17:30,セキスイハイムスーパーアリーナ,electronic,female,同行,ぺこ,5.0,,番手,2026-09-26 02:01:13,scrape_observed,2026-09-27 01:01:03,,,listing,2,60000,"2名義中2名義目
初期当選　該当名義　変更ボタン有り　有効期限内　下3桁提示可　すり替えなし

待ち合わせ場所、時間はお日にちが近くなりしたら連絡ボードにてご連...",True,4vfzky4zaq,,alias,2026-09-27 10:42:23,2026-09-27 09:48:30,,,,
1ln85s8uge,,key-to-lit-arena-tour-2026-neo-classics,2026-10-10,17:30,セキスイハイムスーパーアリーナ,electronic,female,同時入場,y,5.0,,番手,2026-09-26 02:01:13,scrape_observed,2026-09-27 01:01:03,,,listing,2,57000,"2名義中2番手
変更ボタンあり該当名義/有効期限内/すり替えなし
前日までに集合時間をご連絡致します。購入者様が遅刻した場合、先に入場しますが受取り評価はしてい...",True,elxymtq3m0,,alias,2026-09-27 10:42:24,2026-09-27 09:48:30,,,,
qqsnka4dbp,,key-to-lit-arena-tour-2026-neo-classics,2026-10-10,17:30,セキスイハイムスーパーアリーナ,electronic,female,同行,ゆ,5.0,,ランダム,2026-09-26 02:01:13,scrape_observed,2026-09-27 01:01:03,,,listing,2,35000,"ランダムすり替え有
",True,4dscerwpxu,,alias,2026-09-27 10:42:24,2026-09-27 09:48:30,,,,
mhvnt35btt,,key-to-lit-arena-tour-2026-neo-classics,2026-10-10,17:30,セキスイハイムスーパーアリーナ,electronic,female,公演日前日にログイン情報共有,m,5.0,,QR,2026-09-26 02:01:13,scrape_observed,2026-09-27 01:01:03,,,listing,1,80000,"単番QRごと/該当名義(変更ボタン有)/初期当選/有効期限内/購入後下3桁提示可能/発送物戻りなし/着ブロ希望なし/Pay-easy決済

・公演前日までにログ...",True,jq6zahope2,,alias,2026-09-27 10:42:25,2026-09-27 09:48:30,,,,
7hp6z5kkli,,key-to-lit-arena-tour-2026-neo-classics,2026-10-10,17:30,セキスイハイムスーパーアリーナ,electronic,female,公演日前日までにQRコード共有,ｙｎ★,5.0,,QR,2026-09-26 02:01:13,scrape_observed,2026-09-27 01:01:03,,,listing,2,130000,"座席未定/初期当選/重複、すり替えなし/QR毎のお譲り/有効期間内名義/Pay-easy支払い済み/公演日2〜3日前発送予定

※下三桁提示可能

公演日前日ま...",True,dg5f90bvhm,,alias,2026-09-27 10:42:25,2026-09-27 09:48:30,,,,
chgunkfwhz,,key-to-lit-arena-tour-2026-neo-classics,2026-10-10,17:30,セキスイハイムスーパーアリーナ,electronic,female,同行,れ,5.0,,番手,2026-09-26 02:01:13,scrape_observed,2026-09-27 01:01:03,,,listing,2,40000,"FC先行/初期当選/すり替えなし/期限内/6名義中6番手/下3桁提示可/全て該当名義

プラベル出品に切り替えます。
プラベル分からない方はご遠慮ください。その...",True,yyofpqtd53,,alias,2026-09-27 10:42:25,2026-09-27 09:48:30,,,,
byafyxybeb,,key-to-lit-arena-tour-2026-neo-classics,2026-10-10,17:30,セキスイハイムスーパーアリーナ,paper,female,入金後24時間以内に郵送,M,5.0,,,2026-09-26 02:01:13,scrape_observed,2026-09-27 01:01:03,,,listing,2,42000,"一般発売　注釈指定席
別途支払い不要です。
チケットを送らせていただきます。
プラベル対応可能です。",True,74m1uvvjq5,,alias,2026-09-27 10:42:25,2026-09-27 09:48:30,,,,
09q1g3wz66,,key-to-lit-arena-tour-2026-neo-classics,2026-10-10,17:30,セキスイハイムスーパーアリーナ,electronic,female,同行,Eri,5.0,,同行番手,2026-09-26 02:01:13,scrape_observed,2026-09-27 01:01:03,,,listing,2,58000,"3名義中3番手/該当名義のみ/初期当選/有効期限内/すり替えなし/下3桁提示可

・公演当日、開演約1時間前を目処に会場付近で待ち合わせします。詳しいお時間や待...",True,c0jbcxxs96,,alias,2026-09-27 10:42:26,2026-09-27 09:48:30,,,,
z5yq45vddx,,key-to-lit-arena-tour-2026-neo-classics,2026-10-10,17:30,セキスイハイムスーパーアリーナ,electronic,female,2名義中2番手,co,5.0,,番手同行,2026-09-26 02:01:13,scrape_observed,2026-09-27 01:01:03,,,listing,2,60000,"2名義中2番手/初期当選/該当×1.非該当(着ブロ希望)×1/変更ボタンあり/有効期限内/すり替えなし/会員番号下3桁提示可能

開場時間頃、入場口付近でお待ち...",True,g35j889xu9,,alias,2026-09-27 10:42:26,2026-09-27 09:48:30,,,,
segz14409e,,key-to-lit-arena-tour-2026-neo-classics,2026-10-10,17:30,セキスイハイムスーパーアリーナ,electronic,female,同行,rrrs00000,5.0,,番手,2026-09-26 02:01:13,scrape_observed,2026-09-27 00:01:19,,,listing,2,45000,"2名義中2番手
初期当選.復活当選/非該当/有効期限内/すり替えなし/下3桁提示可/サイチェン可

・公演当日は開場15分前を目安に会場付近でお待ち合わせのうえ...",True,g7ra0rgh3o,,alias,2026-09-27 10:48:53,2026-09-27 09:48:30,,,,
b5y41aujxr,,key-to-lit-arena-tour-2026-neo-classics,2026-10-10,17:30,セキスイハイムスーパーアリーナ,electronic,female,4名義中3番手,mp,5.0,,番手,2026-09-26 02:01:13,scrape_observed,2026-09-27 01:01:03,,,listing,2,50000,プラベル優先に切り替えますので申請ください／すべて情報局先行／座席未定／重複すり替えなし／初期当選／該当名義／変更ボタン有／有効期限内／下3桁提示可能／着席希望...,True,9fq151twdu,,alias,2026-09-27 10:42:27,2026-09-27 09:48:30,,,,
tv2hcm6j94,,key-to-lit-arena-tour-2026-neo-classics,2026-10-10,17:30,セキスイハイムスーパーアリーナ,electronic,female,同行,mm,5.0,,ランダム,2026-09-26 02:01:13,scrape_observed,2026-09-27 01:01:03,,,listing,1,18000,"座席未定 ランダム配布 条件あり 座席選択不可 代理購入不可 

 ランダム配布になりますので最後までご理解いただきご購入ください。  

・複数名義所持してお...",True,egaxgztt67,,alias,2026-09-27 10:42:27,2026-09-27 09:48:30,,,,
yzi69ac92c,,key-to-lit-arena-tour-2026-neo-classics,2026-10-10,17:30,セキスイハイムスーパーアリーナ,electronic,female,同行,N,5.0,,同行,2026-09-26 02:01:13,scrape_observed,2026-09-27 01:01:03,,,listing,1,70000,"初期当選／座席未定／重複すり替えなし同行／該当名義／変更ボタン有／有効期限内／下3桁提示可能／着席希望なし

・公演当日は開場時間5分前に会場周辺にて待ち合わせ...",True,h2li0prcir,,alias,2026-09-27 10:42:28,2026-09-27 09:48:30,,,,
pznduqxg1v,,key-to-lit-arena-tour-2026-neo-classics,2026-10-10,17:30,セキスイハイムスーパーアリーナ,electronic,female,同行,r,4.8,,ランダム,2026-09-26 02:01:13,scrape_observed,2026-09-27 01:01:03,,,listing,1,17000,"座席未定 ランダム配布 条件あり 座席選択不可 代理購入不可 
 ランダム配布になりますので最後までご一読のうえご理解いただけた方のみご購入下さい。

・複数名...",True,x3xsg22njz,,alias,2026-09-27 10:42:28,2026-09-27 09:48:30,,,,
duq6gtwhii,,key-to-lit-arena-tour-2026-neo-classics,2026-10-10,17:30,セキスイハイムスーパーアリーナ,electronic,female,公演日1日前までにQRコード共有,L,4.9,,QR,2026-09-26 02:01:13,scrape_observed,2026-09-27 01:01:03,,,listing,2,70000,2連 QRごとのお譲り、初期当選、複数当選なし、該当名義有効期限内変更ボタンあり着ブロ希望なし。発送物戻りなし。ペイジー決済。日本人以外の方は購入を御遠慮くださ...,True,ruqzw2rz35,,alias,2026-09-27 10:42:28,2026-09-27 09:48:30,,,,
zji7jmuaqx,,key-to-lit-arena-tour-2026-neo-classics,2026-10-10,17:30,セキスイハイムスーパーアリーナ,electronic,female,公演日前日までにログイン情報共有,い,5.0,,QR,2026-09-26 02:01:13,scrape_observed,2026-09-27 01:01:03,,,listing,2,80000,"情報局先行/座席未定/QRごと/初期当選/下3桁提示可/該当名義/変更ボタンあり/有効期限内

・公演前までにログインに必要な情報をお伝えいたします

・同行者...",True,u2ajh1quxf,,alias,2026-09-27 10:42:28,2026-09-27 09:48:30,,,,
cg5hwsb8ph,,key-to-lit-arena-tour-2026-neo-classics,2026-10-10,17:30,セキスイハイムスーパーアリーナ,electronic,none,ランダム配布,うきぴ,4.9,,ランダム,2026-09-26 02:01:13,scrape_observed,2026-09-27 01:01:03,,,listing,1,17000,"公演当日は開場時間の40分前に会場付近にお集まりいただき、同時入場していただきます。

詳しい時間はお日にちが近づきましたらメッセージボードにてご連絡いたします...",True,gkh45bb9wo,,alias,2026-09-27 10:42:29,2026-09-27 09:48:30,,,,
f0g67c0f7m,,key-to-lit-arena-tour-2026-neo-classics,2026-10-10,17:30,セキスイハイムスーパーアリーナ,electronic,female,同時入場,あちゃん,4.8,,番手,2026-09-26 02:01:13,scrape_observed,2026-09-27 01:01:03,,,listing,1,0,"⭐️2名義中1番手同行⭐️⚠️座席選択権なし

該当名義/初期当選/下3桁提示可能/有効期限内/変更ボタン有

🔴注意事項🔴
・開場時間15分前目安に会場前...",True,7aewdp4va9,,alias,2026-09-27 10:42:29,2026-09-27 09:48:30,,,,
dol4p989m9,,key-to-lit-arena-tour-2026-neo-classics,2026-10-10,17:30,セキスイハイムスーパーアリーナ,electronic,female,同時入場、ランダム配布,な,5.0,,ランダム,2026-09-26 02:01:13,scrape_observed,2026-09-27 01:01:03,,,listing,1,18000,"購入の際にコメント不要ですが評価によっては申請を却下させていただく場合があります。
以下の内容をご理解いただける方でお願いします。

・同行者登録に協力いただく...",True,0zdben03eq,,alias,2026-09-27 10:42:30,2026-09-27 09:48:30,,,,
ncj0jwufq0,,key-to-lit-arena-tour-2026-neo-classics,2026-10-10,17:30,セキスイハイムスーパーアリーナ,electronic,female,公演日1日前までにQRコード共有,a,5.0,,QR,2026-09-26 02:01:13,scrape_observed,2026-09-27 01:01:03,,,listing,2,67000,"情報局先行 該当名義 変更ボタンあり 初期当選 QRごと 重複すり替えなし 下3桁提示可能 有効期限内 着ブロ希望なし 郵送物戻りなし 過去エラーなし 

同行...",True,yyuior3s7v,,alias,2026-09-27 10:42:30,2026-09-27 09:48:30,,,,
9omr6c8axs,,key-to-lit-arena-tour-2026-neo-classics,2026-10-10,17:30,セキスイハイムスーパーアリーナ,electronic,none,ランダム配布　同時入場,sa,5.0,,ランダム,2026-09-26 02:01:13,scrape_observed,2026-09-27 01:01:03,,,listing,2,25000,"公演当日15:50までに会場付近で待ち合わせし、同時入場していただきます。

購入者様は座席をお選びいただけません。
入場後は、発券したチケットを回収した後、一...",True,dl38l3ba0i,,alias,2026-09-27 10:42:31,2026-09-27 09:48:30,,,,
3gn56ch7jr,,key-to-lit-arena-tour-2026-neo-classics,2026-10-10,17:30,セキスイハイムスーパーアリーナ,electronic,female,同行,♡,4.4,,ランダム,2026-09-26 02:01:13,scrape_observed,2026-09-27 01:01:03,,,listing,1,18000,"ランダム配布を理解している方のみご購入ください。

複数名義所持しているため、同時入場後は発券したチケットを一度回収させて頂き、座席はこちらで選ばせて頂きます。...",True,vcwyf67s0f,,alias,2026-09-27 10:42:31,2026-09-27 09:48:30,,,,
dyouadhou9,,key-to-lit-arena-tour-2026-neo-classics,2026-10-10,17:30,セキスイハイムスーパーアリーナ,electronic,female,公演日前日までにQRコード共有,ぽむ,5.0,,QR,2026-09-26 02:01:13,scrape_observed,2026-09-27 01:01:03,,,listing,2,64500,"FC先行/座席未定/初期当選/QRごと/すり替えなし/該当名義(中村)/期限内名義/Pay-easy支払い/下３桁提示可

公演前日に連絡ボードにてログイン情報...",True,5ggdc2ct4r,,alias,2026-09-27 10:42:31,2026-09-27 09:48:30,,,,
5096tp943q,,key-to-lit-arena-tour-2026-neo-classics,2026-10-10,17:30,セキスイハイムスーパーアリーナ,electronic,female,公演日前日にログイン情報共有,あ,5.0,,QR,2026-09-26 02:01:13,scrape_observed,2026-09-27 01:01:03,,,listing,2,70000,"QRごと/該当名義/変更ボタンあり/初期当選/有効期限内/下3桁提示可能/発送物戻りなし/すりかえなし/着ブロ希望なし/Pay-easy決済

・公演前日までに...",True,7l8sctbim8,,alias,2026-09-27 10:42:32,2026-09-27 09:48:30,,,,
4x7n50rol8,,key-to-lit-arena-tour-2026-neo-classics,2026-10-10,17:30,セキスイハイムスーパーアリーナ,electronic,female,同時入場 開演5分前ランダムにてお渡し,m,5.0,,ランダム,2026-09-26 02:01:13,scrape_observed,2026-09-27 01:01:03,,,listing,1,20000,"最後までご確認いただき、ご了承いただけた方のみご購入をお願いいたします。

・同時入場後チケットを一旦回収し解散した後、座席選択後にランダムでチケットをお渡しし...",True,xvvl3e18sz,,alias,2026-09-27 10:42:32,2026-09-27 09:48:30,,,,
7qgppupkrv,,key-to-lit-arena-tour-2026-neo-classics,2026-10-10,17:30,セキスイハイムスーパーアリーナ,electronic,none,同行,あ,4.8,,ランダム,2026-09-26 02:01:13,scrape_observed,2026-09-27 01:01:03,,,listing,2,35000,"ランダム配布 2連確約

★購入する際はプライベート出品またはプラベルに切り替えさせて頂きますので購入希望の方は必ずメッセージお願いします。

・詳しい待ち合わ...",True,crsn7wlcam,,alias,2026-09-27 10:42:32,2026-09-27 09:48:30,,,,
ff9n5pm04p,,key-to-lit-arena-tour-2026-neo-classics,2026-10-10,17:30,セキスイハイムスーパーアリーナ,electronic,female,5名義中4番手,ねこ,5.0,,番手,2026-09-26 02:01:13,scrape_observed,2026-09-27 01:01:03,,,listing,2,50000,"✨5名義中4番手✨
全て初期当選/変更ボタンあり/該当名義/すり替えなし/下3桁提示可/有効期限内/同行者登録可

開場時間の45分前頃に会場付近にて待ち合わせ...",True,trfa6nu5ad,,alias,2026-09-27 10:42:33,2026-09-27 09:48:30,,,,
t71a1mevds,,key-to-lit-arena-tour-2026-neo-classics,2026-10-10,17:30,セキスイハイムスーパーアリーナ,electronic,female,同行,Sa,5.0,,番手,2026-09-26 02:01:13,scrape_observed,2026-09-27 01:01:03,,,listing,1,60000,"2名義中2番手/初期当選/該当単番×2/変更ボタンあり/有効期限内/重複すり替えなし/下3桁提示可能/2名義とも過去エラーなし

開演1時間〜1時間10分前頃、...",True,qwwsiexe34,,alias,2026-09-27 10:42:33,2026-09-27 09:48:30,,,,
omfwscd8k8,,key-to-lit-arena-tour-2026-neo-classics,2026-10-10,17:30,セキスイハイムスーパーアリーナ,electronic,female,公演日前日までにログイン情報共有,い,5.0,,QR,2026-09-26 02:01:13,scrape_observed,2026-09-27 01:01:03,,,listing,2,80000,"情報局先行/座席未定/QRごと/初期当選/下3桁提示可/該当名義/変更ボタンあり/有効期限内

・公演前までにログインに必要な情報をお伝えいたします

・同行者...",True,xfplvtmo28,,alias,2026-09-27 10:42:34,2026-09-27 09:48:30,,,,
wikubx5f7k,,key-to-lit-arena-tour-2026-neo-classics,2026-10-10,17:30,セキスイハイムスーパーアリーナ,electronic,female,2名義中2番手,り,5.0,,番手,2026-09-26 02:01:13,scrape_observed,2026-09-27 01:01:03,,,listing,2,60000,"2名義中2番手/初期当選/該当名義/すり替えなし/有効期限内/下3桁提示可

【必ず下記全てお読みいただきご理解いただけた方のみご購入下さい】

・開場時間の1...",True,ko9x5dr5mm,,alias,2026-09-27 10:42:34,2026-09-27 09:48:30,,,,
dmog7va6jx,,key-to-lit-arena-tour-2026-neo-classics,2026-10-10,17:30,セキスイハイムスーパーアリーナ,electronic,none,同行,あ,4.8,,ランダム,2026-09-26 02:01:13,scrape_observed,2026-09-27 01:01:03,,,listing,1,18000,"ランダム配布

★購入する際はプライベート出品またはプラベルに切り替えさせて頂きますので購入希望の方は必ずメッセージお願いします。

・詳しい待ち合わせ時間・場...",True,nydnkez1w5,,alias,2026-09-27 10:42:35,2026-09-27 09:48:30,,,,
8xuu06v5rf,,key-to-lit-arena-tour-2026-neo-classics,2026-10-10,17:30,セキスイハイムスーパーアリーナ,electronic,none,同行,c,4.9,,ランダム記載あり,2026-09-26 02:01:13,scrape_observed,2026-09-27 01:01:03,,,listing,1,17000,"・当日開場45分前を目処に会場付近に集合し同時入場して頂きます。詳しい集合時間や場所は当日朝までに連絡ボードにてご連絡致します。
・遅刻は厳禁でお願い致します。...",True,ztev6wudwa,,alias,2026-09-27 10:42:35,2026-09-27 09:48:30,,,,
wabhkg66ru,,key-to-lit-arena-tour-2026-neo-classics,2026-10-10,17:30,セキスイハイムスーパーアリーナ,electronic,female,2名義中2番手,m,5.0,,番手,2026-09-26 02:01:13,scrape_observed,2026-09-27 01:01:03,,,listing,2,60000,"2名義中2番手 / すり替えなし / FC先行初期当選 / 全て該当名義 / 下3桁提示可能 / 有効期限内 / 変更ボタン有り

・プライベート出品いたします...",True,vs2c671cpm,,alias,2026-09-27 10:42:35,2026-09-27 09:48:30,,,,
f19zlcrf0p,,key-to-lit-arena-tour-2026-neo-classics,2026-10-10,17:30,セキスイハイムスーパーアリーナ,electronic,female,同行,もる,5.0,,番手同行,2026-09-26 02:01:13,scrape_observed,2026-09-27 01:01:03,,,listing,2,60000,"2名義中2番手同行/初期当選/該当名義/変更ボタン有/すり替え無/有効期限内名義/サイチェン可

当日会場付近にて待ち合わせし、同時入場していただきます。詳しく...",True,7c1x96h7q8,,alias,2026-09-27 10:42:35,2026-09-27 09:48:30,,,,
t0adqgbh7q,,key-to-lit-arena-tour-2026-neo-classics,2026-10-10,17:30,セキスイハイムスーパーアリーナ,electronic,female,同行,取引,5.0,,,2026-09-26 02:01:13,scrape_observed,2026-09-27 01:01:03,,,listing,2,38000,"プライベート出品にしますのでコメントください。
★すり替えなし 指定席のみ 2連確約★
全て初期当選、該当名義、変更ボタンあり、期限内です。
全名義入場後約10...",True,xns7s5idsx,,alias,2026-09-27 10:42:36,2026-09-27 09:48:30,,,,
wra2i219d4,,key-to-lit-arena-tour-2026-neo-classics,2026-10-10,17:30,セキスイハイムスーパーアリーナ,electronic,female,同行,み,5.0,,番手,2026-09-26 02:01:13,scrape_observed,2026-09-27 01:01:03,,,listing,2,59000,"2名義中2番手/すべて初期該当変更ボタンあり/すり替えなし/下3桁提示可/有効期限内

・2名義中2番手のお譲りになります。
・入場時のみ同行者様と分かれて入場...",True,4b30muleya,,alias,2026-09-27 10:42:36,2026-09-27 09:48:30,,,,
heiz08zedq,,key-to-lit-arena-tour-2026-neo-classics,2026-10-10,17:30,セキスイハイムスーパーアリーナ,electronic,none,ランダム配布,うきぴ,4.9,,ランダム,2026-09-26 02:01:13,scrape_observed,2026-09-27 01:01:03,,,listing,1,18000,"公演当日は開場時間の40分前に会場付近にお集まりいただき、同時入場していただきます。

詳しい時間はお日にちが近づきましたらメッセージボードにてご連絡いたします...",True,xpyaeuiebm,,alias,2026-09-27 10:42:37,2026-09-27 09:48:30,,,,
w3jfatmpmy,,key-to-lit-arena-tour-2026-neo-classics,2026-10-10,17:30,セキスイハイムスーパーアリーナ,electronic,female,同行,S,5.0,,QRランダム,2026-09-26 02:01:13,scrape_observed,2026-09-27 01:01:03,,,listing,1,20000,"【ランダム配布にご理解ある方のみご購入お願い致します】
同時入場後、ランダムでチケットをお渡しさせて頂きます。
ご自身での座席選択はできかねますのでご了承くださ...",True,v33rtxz4an,,alias,2026-09-27 10:42:37,2026-09-27 09:48:30,,,,
s0wkfomw71,,key-to-lit-arena-tour-2026-neo-classics,2026-10-10,17:30,セキスイハイムスーパーアリーナ,electronic,female,同行,ゆ,5.0,,ランダム,2026-09-26 02:01:13,scrape_observed,2026-09-27 01:01:03,,,listing,1,19000,すりかえ有,True,6av3jwyak9,,alias,2026-09-27 10:42:38,2026-09-27 09:48:30,,,,
fk5rfohtfw,,key-to-lit-arena-tour-2026-neo-classics,2026-10-03,18:00,マリンメッセ福岡 A館,electronic,female,公演前日にログイン情報共有,ほ,5.0,,QR,2026-09-26 03:01:11,scrape_observed,2026-09-27 00:01:19,,,listing,2,55000,"QR毎/重複なし/初期当選/該当名義/有効期限内/下3桁提示可/同行者登録可

公演前日にログイン情報お伝えします。

公演中止の場合のみ、手数料を差し引いた金...",True,hojvd9n9y9,,alias,2026-09-27 10:48:53,2026-09-27 09:48:30,,,,
jlm78isfzk,,key-to-lit-arena-tour-2026-neo-classics,2026-10-03,18:00,マリンメッセ福岡 A館,electronic,female,公演前日にログイン情報共有,ほ,5.0,,QR,2026-09-26 03:01:11,scrape_observed,2026-09-27 00:01:19,,,listing,2,50000,"QR毎/重複なし/初期当選/該当名義/有効期限内/下3桁提示可/同行者登録可

公演前日にログイン情報お伝えします。

公演中止の場合のみ、手数料を差し引いた金...",True,a33tyil6d1,,alias,2026-09-27 10:48:53,2026-09-27 09:48:30,,,,
kvm4c5kys5,,key-to-lit-arena-tour-2026-neo-classics,2026-10-03,18:00,マリンメッセ福岡 A館,electronic,female,公演前日にログイン情報共有,ほ,5.0,,QR,2026-09-26 03:01:11,scrape_observed,2026-09-27 00:01:19,,,listing,2,45000,"QR毎/重複なし/初期当選/該当名義/有効期限内/下3桁提示可/同行者登録可

公演前日にログイン情報お伝えします。

公演中止の場合のみ、手数料を差し引いた金...",True,wano0qzdei,,alias,2026-09-27 10:48:53,2026-09-27 09:48:30,,,,
bd7h47fdoj,,key-to-lit-arena-tour-2026-neo-classics,2026-10-03,18:00,マリンメッセ福岡 A館,electronic,female,公演前日にログイン情報共有,ほ,5.0,,QR,2026-09-26 03:01:11,scrape_observed,2026-09-27 00:01:19,,,listing,2,40000,"QR毎/重複なし/初期当選/該当名義/有効期限内/下3桁提示可/同行者登録可

公演前日にログイン情報お伝えします。

公演中止の場合のみ、手数料を差し引いた金...",True,6a7hrmiiyz,,alias,2026-09-27 10:48:54,2026-09-27 09:48:30,,,,
q5o907wcue,,key-to-lit-arena-tour-2026-neo-classics,2026-10-03,18:00,マリンメッセ福岡 A館,electronic,female,公演前日までにログイン情報共有,Y,5.0,,QR,2026-09-26 04:01:06,scrape_observed,2026-09-27 00:01:19,,,listing,2,40000,"QRごと/該当名義（変更ボタン有）/初期当選
着席ブロックではありません。
有効期限内名義
発送物戻りなし、他FC含めてエラー履歴なし

重複なし、すり替えなし...",True,b5woqmj38a,,alias,2026-09-27 10:48:54,2026-09-27 09:48:30,,,,
y19n74u4nk,,key-to-lit-arena-tour-2026-neo-classics,2026-10-09,18:00,セキスイハイムスーパーアリーナ,electronic,female,公演前日にログイン情報共有,𖤐,5.0,,QR,2026-09-26 04:01:06,scrape_observed,2026-09-27 11:02:34,,,listing,2,59000,"QR毎/非該当/初期当選/変ボあり/有効期限内
下3桁提示/同行者登録可

公演前日に、ログインに必要な情報をメッセージにてご案内いたします。
入場後は速やかに...",True,y19n74u4nk,,active,2026-09-27 11:02:34,,event_api,,event_api,
54fqnu6frw,,key-to-lit-arena-tour-2026-neo-classics,2026-10-09,18:00,セキスイハイムスーパーアリーナ,electronic,female,同行　本人確認可能,さ,5.0,,同行,2026-09-26 04:01:06,scrape_observed,2026-09-27 00:01:19,,,listing,1,58000,10/10 17:30公演と交換同行できる方,True,pf6foeumju,,alias,2026-09-27 10:48:55,2026-09-27 09:48:30,,,,
lyd73l341x,,key-to-lit-arena-tour-2026-neo-classics,2026-10-03,18:00,マリンメッセ福岡 A館,electronic,female,公演日1日前までにQRコード共有,ひかり,5.0,,QR,2026-09-26 06:01:12,scrape_observed,2026-09-27 00:01:19,,,listing,2,38000,"情報局先行/  該当名義変更ボタンあり/ 初期当選 /Pay-easy決済/同行者登録可能/すり替えなし会員番号下３桁お伝え可/ 座席未定
特別出品変更へ可能...",True,3m7z8nybib,,alias,2026-09-27 10:48:55,2026-09-27 09:48:30,,,,
o4nzr3uybm,,key-to-lit-arena-tour-2026-neo-classics,2026-10-03,18:00,マリンメッセ福岡 A館,electronic,female,同行,さい,5.0,,番手,2026-09-26 06:01:12,scrape_observed,2026-09-27 00:01:19,,,listing,2,28000,"
2名義中2番手
初期当選/該当名義/有効期限内/すり替えなし/変更ボタンあり/下3桁提可

入場15分前頃を目安にお集まり頂き、同時入場して頂きます。入場後は...",True,jho9h1qgap,,alias,2026-09-27 10:48:55,2026-09-27 09:48:30,,,,
xcl22mveup,,key-to-lit-arena-tour-2026-neo-classics,2026-10-04,12:30,マリンメッセ福岡 A館,paper,female,当日手渡し,ぴ,5.0,,,2026-09-26 07:01:07,scrape_observed,2026-09-27 00:01:19,,,listing,1,15000,"一般立ち見/発券済み/当日開場1時間前に指定いたします場所で手渡し可能な方のみお譲りいたします。
買い手様にチケットをお渡し次第取引完了となりますので受け取り操...",True,fmg2d9jetx,,alias,2026-09-27 10:48:56,2026-09-27 09:48:30,,,,
vlzuhqv5e4,,key-to-lit-arena-tour-2026-neo-classics,2026-10-04,17:30,マリンメッセ福岡 A館,electronic,female,同行,み,5.0,,同行,2026-09-26 07:01:07,scrape_observed,2026-09-27 00:01:19,,,listing,1,30000,"非該当名義/着ブロ希望なし/すり替えなし/重複なし/下３桁提示可/有効期限内/受け取り評価後サイチェン可

開場20分前に集合をいたします。時間厳守でお願いいた...",True,fh5fj0izwe,,alias,2026-09-27 10:48:56,2026-09-27 09:48:30,,,,
abi6l46ydy,,key-to-lit-arena-tour-2026-neo-classics,2026-10-10,12:30,セキスイハイムスーパーアリーナ,electronic,female,同行,⭐️,5.0,,同行,2026-09-26 09:01:11,scrape_observed,2026-09-27 00:01:19,,,listing,1,65000,"同行/該当名義/初期当選/有効期限内/下3桁提示可/変更ボタンあり

当方との同行になります。岩﨑担不可

会場の15分前に指定した場所にお集まりいただき同時入...",True,4x2uvi0peh,,alias,2026-09-27 10:48:56,2026-09-27 09:48:30,,,,
cz65bvuliq,,key-to-lit-arena-tour-2026-neo-classics,2026-10-10,17:30,セキスイハイムスーパーアリーナ,electronic,female,同行,⭐️,5.0,,同行,2026-09-26 09:01:11,scrape_observed,2026-09-27 00:01:19,,,listing,1,80000,"同行/該当名義/初期当選/有効期限内/下3桁提示可/変更ボタンあり

当方との同行になります。岩﨑担不可

会場の15分前に指定した場所にお集まりいただき同時入...",True,3iqg7ecppi,,alias,2026-09-27 10:48:57,2026-09-27 09:48:30,,,,
zh2vzws66x,,key-to-lit-arena-tour-2026-neo-classics,2026-10-10,12:30,セキスイハイムスーパーアリーナ,electronic,female,入金後24時間以内にQRコード共有,어,5.0,,QR,2026-09-26 11:01:12,scrape_observed,2026-09-27 00:01:19,,,listing,2,55000,"🤍WTF千葉スタンドゲート🤍
🤍WTF落選名義🤍
2名義所持 まとめて可
情報局先行 該当名義(変更ボタン有り) 
初期当選 有効期限内コンビニ決済...",True,qvq3yobkpy,,alias,2026-09-27 10:48:57,2026-09-27 09:48:30,,,,
07mlg8hui4,,key-to-lit-arena-tour-2026-neo-classics,2026-10-04,17:30,マリンメッセ福岡 A館,electronic,female,同行,な,5.0,,番手同行,2026-09-26 12:01:12,scrape_observed,2026-09-27 00:01:19,,,listing,2,36000,"3名義中2番手/初期当選/全て該当名義/すり替えなし(下3桁提示可能)

公演当日は当方が指定する場所、時間に集合していただき同時入場となります。
座席を選ぶた...",True,hhbnwyrabh,,alias,2026-09-27 10:48:58,2026-09-27 09:48:30,,,,
mz1uuja41f,,key-to-lit-arena-tour-2026-neo-classics,2026-10-04,17:30,マリンメッセ福岡 A館,electronic,female,同行,な,5.0,,同行番手,2026-09-26 12:01:12,scrape_observed,2026-09-27 00:01:19,,,listing,2,33000,"3名義中3番手/初期当選/全て該当名義/すり替えなし(下3桁提示可能)

公演当日は当方が指定する場所、時間に集合していただき同時入場となります。
座席を選ぶた...",True,nit76mneye,,alias,2026-09-27 10:48:58,2026-09-27 09:48:30,,,,
pg63opumz4,,key-to-lit-arena-tour-2026-neo-classics,2026-10-09,18:00,セキスイハイムスーパーアリーナ,electronic,female,前日に下3桁共有,🎀,5.0,,番手,2026-09-26 13:01:18,scrape_observed,2026-09-27 00:01:19,,,listing,2,43000,"2番手中2番手のお譲りとなります。
 初期当選2/下三桁提示可/すり替えなし/有効期限内/変更ボタン有

当日は指定時間に集合していただき、同時入場する予定です...",True,mgawjg5e6i,,alias,2026-09-27 10:48:58,2026-09-27 09:48:30,,,,
qd71e7m3vu,,key-to-lit-arena-tour-2026-neo-classics,2026-10-04,12:30,マリンメッセ福岡 A館,electronic,female,同行,t,5.0,,ランダム同行,2026-09-26 14:01:52,scrape_observed,2026-09-27 00:01:19,,,listing,1,16000,"少人数ランダム配布☆15分前早渡し☆
《開場20分前集合予定》
※購入時のコメント不要。
★購入後に当日連絡のつくお電話番号と氏名(苗字)をメッセージボードにて...",True,dx3s0s9e3y,,alias,2026-09-27 10:48:58,2026-09-27 09:48:30,,,,
ajizp3epp6,,key-to-lit-arena-tour-2026-neo-classics,2026-10-04,12:30,マリンメッセ福岡 A館,electronic,female,同行,t,5.0,,ランダム同行,2026-09-26 14:01:52,scrape_observed,2026-09-27 00:01:19,,,listing,1,18000,"少人数ランダム配布☆15分前早渡し☆
《開場20分前集合予定》
※購入時のコメント不要。
★購入後に当日連絡のつくお電話番号と氏名(苗字)をメッセージボードにて...",True,hz6x8lix9z,,alias,2026-09-27 10:48:59,2026-09-27 09:48:30,,,,
wtdt50mgzb,,key-to-lit-arena-tour-2026-neo-classics,2026-10-04,17:30,マリンメッセ福岡 A館,electronic,female,同行,t,5.0,,ランダム同行,2026-09-26 14:01:52,scrape_observed,2026-09-27 00:01:19,,,listing,1,15000,"少人数ランダム配布☆15分前早渡し☆
《開場20分前集合予定》
※購入時のコメント不要。
★購入後に当日連絡のつくお電話番号と氏名(苗字)をメッセージボードにて...",True,u9pez2zk5b,,alias,2026-09-27 10:48:59,2026-09-27 09:48:30,,,,
i9dq4gwv2g,,key-to-lit-arena-tour-2026-neo-classics,2026-10-04,17:30,マリンメッセ福岡 A館,electronic,female,同行,t,5.0,,番手同行,2026-09-26 14:01:52,scrape_observed,2026-09-27 00:01:19,,,listing,2,36000,"4名義中3番手/該当3非該当1/初期当選/有効期限内/すり替えなし/下3桁提示可

・公演当日、こちらが指定した場所・時間に集合をし、同時入場して頂きます。
集...",True,guztgmbn69,,alias,2026-09-27 10:49:00,2026-09-27 09:48:30,,,,
k0dimeh1oc,,key-to-lit-arena-tour-2026-neo-classics,2026-10-04,17:30,マリンメッセ福岡 A館,electronic,female,同行,t,5.0,,ランダム同行,2026-09-26 14:01:52,scrape_observed,2026-09-27 00:01:19,,,listing,1,13000,"少人数ランダム配布☆15分前早渡し☆
《開場20分前集合予定》
※購入時のコメント不要。
★購入後に当日連絡のつくお電話番号と氏名(苗字)をメッセージボードにて...",True,xrgva1jf2s,,alias,2026-09-27 10:49:00,2026-09-27 09:48:30,,,,
sjyvjg0k7b,,key-to-lit-arena-tour-2026-neo-classics,2026-10-09,18:00,セキスイハイムスーパーアリーナ,electronic,female,同時入場,RE,5.0,,番手,2026-09-26 14:01:52,scrape_observed,2026-09-27 00:01:19,,,listing,2,30000,"2名義2番手　初期当選、該当名義です。
17時頃会場集合し同時入場します。入場後座席を確認し、選ばなかった方の2連をお渡しするので、その際に受け取り評価をお願い...",True,8lmdcb5cht,,alias,2026-09-27 10:49:00,2026-09-27 09:48:30,,,,
bz9mzau8p1,,key-to-lit-arena-tour-2026-neo-classics,2026-10-10,17:30,セキスイハイムスーパーアリーナ,electronic,female,5名義中5番手,な,5.0,,番手,2026-09-26 14:01:52,scrape_observed,2026-09-27 00:01:19,,,listing,2,55000,"5名義中5番手
該当名義/有効期限内/変更ボタン有/すり替えなし/下3桁提示可

当日指定した時間に集合し、同時入場をしていただきます。
事前に電話番号をお伺い...",True,wyanqjt2cs,,alias,2026-09-27 10:49:00,2026-09-27 09:48:30,,,,
mo2eaypkoe,,key-to-lit-arena-tour-2026-neo-classics,2026-10-03,18:00,マリンメッセ福岡 A館,electronic,female,同行,3,5.0,,ランダム,2026-09-26 15:01:15,scrape_observed,2026-09-26 16:01:18,,,listing,1,5500,"指定席のみ ランダム配布
ご購入後はこちらからの連絡を待たずに苗字（偽名可）とお電話番号のご連絡をお願いします。

複数名義所持しているため、入場後チケットを一...",True,7xypslckm4,,alias,2026-09-27 10:49:08,2026-09-27 09:48:30,,,,
m5q5vlp30t,,key-to-lit-arena-tour-2026-neo-classics,2026-10-04,12:30,マリンメッセ福岡 A館,electronic,female,同行,3,5.0,,同行記載あり,2026-09-26 15:01:15,scrape_observed,2026-09-27 00:01:19,,,listing,1,29000,"★指定席のみ★すり替えなし★ランダム配布/すべて有効期限内該当名義/初期当選/下3桁提示可

ご購入後はこちらからの連絡を待たずにお名前（偽名可）とお電話番号の...",True,ca6a4fjwot,,alias,2026-09-27 10:49:01,2026-09-27 09:48:30,,,,
5vhkgdig3o,,key-to-lit-arena-tour-2026-neo-classics,2026-10-09,18:00,セキスイハイムスーパーアリーナ,electronic,female,公演1~2日前にQRコード共有,あ,5.0,,QR,2026-09-26 15:01:15,scrape_observed,2026-09-27 00:01:19,,,listing,2,55000,"QR毎/初期当選/変更ボタン有/非該当名義/有効期限内/重複すり替えなし/着ブロ希望なし/購入後下3桁提示⭕️/同行者登録⭕️

・公演1〜2日前までに入場に必...",True,9yofwi1xlc,,alias,2026-09-27 10:49:01,2026-09-27 09:48:30,,,,
5tttjs9y2o,,key-to-lit-arena-tour-2026-neo-classics,2026-10-10,12:30,セキスイハイムスーパーアリーナ,electronic,female,公演1~2日前にQRコード共有,あ,5.0,,同行記載あり,2026-09-26 15:01:15,scrape_observed,2026-09-27 00:01:19,,,listing,2,52000,"QR毎/初期当選/変更ボタン有/該当名義/有効期限内/重複すり替えなし/着ブロ希望なし/購入後下3桁提示⭕️/同行者登録⭕️

・公演1〜2日前までに入場に必要...",True,uo996o7r7x,,alias,2026-09-27 10:49:02,2026-09-27 09:48:30,,,,
cljrylwd7d,,key-to-lit-arena-tour-2026-neo-classics,2026-10-10,17:30,セキスイハイムスーパーアリーナ,electronic,female,同行,m,5.0,,番手,2026-09-26 15:01:15,scrape_observed,2026-09-27 01:01:03,,,listing,2,55000,"2名義中2番手/初期当選/すり替えなし/該当名義/変更ボタンあり/下3桁提示可/有効期限内/着ブロ選択なし

・開場30分前を目安に合流後、入場予定。
・チケッ...",True,2hvzxtn31l,,alias,2026-09-27 10:42:38,2026-09-27 09:48:30,,,,
j7u3lgn6mh,,key-to-lit-arena-tour-2026-neo-classics,2026-10-03,18:00,マリンメッセ福岡 A館,electronic,female,公演前日にログイン情報共有,a,5.0,,QR,2026-09-26 16:01:18,scrape_observed,2026-09-27 00:01:19,,,listing,2,54000,"QRごとのお譲り/情報局先行/初期当選/該当名義/変更ボタンあり/有効期限内/すり替えなし/下3桁提示可/着ブロ希望なし

公演前日の18時以降にログイン情報を...",True,6o5ae0x7nu,,alias,2026-09-27 10:49:02,2026-09-27 09:48:30,,,,
vcw5sh5nwo,,key-to-lit-arena-tour-2026-neo-classics,2026-10-04,17:30,マリンメッセ福岡 A館,electronic,female,公演日前日までにログイン情報共有,玄米茶,5.0,,QR,2026-09-26 16:01:18,scrape_observed,2026-09-27 00:01:19,,,listing,2,48000,"QRごと/座席未定/初期当選/該当名義/有効期限内／変更ボタン有/下三桁提示可/すり替えなし

購入様自身で同行者登録をお願いします。

公演中止のみ返金対応致...",True,0rpfy0cm7l,,alias,2026-09-27 10:49:02,2026-09-27 09:48:30,,,,
98l18h18si,,key-to-lit-arena-tour-2026-neo-classics,2026-10-03,18:00,マリンメッセ福岡 A館,electronic,female,同行,m,5.0,,同行番手,2026-09-26 17:01:17,scrape_observed,2026-09-27 00:01:19,,,listing,2,35000,"2名義中2番手/初期当選1,復活当選1/すり替えなし/有効期限内/下3桁提示可

当日は開場15分前に当方が指定する場所にて集合し、同時入場致します。

入場後...",True,i61anw0a2b,,alias,2026-09-27 10:49:03,2026-09-27 09:48:30,,,,
ckvzjgr6i6,,key-to-lit-arena-tour-2026-neo-classics,2026-10-04,12:30,マリンメッセ福岡 A館,electronic,female,同行,Mi,5.0,,番手,2026-09-26 17:01:17,scrape_observed,2026-09-27 00:01:19,,,listing,2,40000,"2名義中の2番手、2連。すり替えなし。
全て該当、初期当選、有効期限内。

2連×2組のチケットを所持しております。
チケット発券後に回収させていただき、当方が...",True,0uubkx22t4,,alias,2026-09-27 10:49:03,2026-09-27 09:48:30,,,,
s2r49inz6c,,key-to-lit-arena-tour-2026-neo-classics,2026-10-04,17:30,マリンメッセ福岡 A館,electronic,female,同行,あ,5.0,,同行,2026-09-26 17:01:17,scrape_observed,2026-09-27 00:01:19,,,listing,1,50000,"同行/初期当選/すり替え無し/下3桁提示可能/本人確認対応可能/有効期限内/同一クレカ支払い無し/該当名義/着ブロ指定無し/サイチェン可/猪狩担不可

当日は開...",True,amqjpzf4mm,,alias,2026-09-27 10:49:03,2026-09-27 09:48:30,,,,
uxbos9g0ac,,key-to-lit-arena-tour-2026-neo-classics,2026-10-10,17:30,セキスイハイムスーパーアリーナ,electronic,female,同行,Mi,5.0,,番手,2026-09-26 17:01:17,scrape_observed,2026-09-27 00:01:19,,,listing,2,70000,"4名義中の2番手、2連。
全て該当、初期当選、有効期限内。

2連×4組のチケットを所持しております。
チケット発券後に回収させていただき、1組が選択後に残った...",True,h19lr72xad,,alias,2026-09-27 10:49:04,2026-09-27 09:48:30,,,,
6rqo6hn0ta,,key-to-lit-arena-tour-2026-neo-classics,2026-10-03,18:00,マリンメッセ福岡 A館,electronic,female,番手,R,5.0,,番手,2026-09-26 18:01:11,scrape_observed,2026-09-27 00:01:19,,,listing,2,27000,"6名義中4番手
全て該当名義/有効期限内/変更ボタン有/すり替えなし/下3桁提示可

当日指定したお時間に集合し、同時入場をしていただきます。
入場の際、QRの...",True,usw1pxmrxl,,alias,2026-09-27 10:49:04,2026-09-27 09:48:30,,,,
t66nzu97tg,,key-to-lit-arena-tour-2026-neo-classics,2026-10-03,18:00,マリンメッセ福岡 A館,electronic,female,同行,3,5.0,,ランダム,2026-09-26 18:01:11,scrape_observed,2026-09-27 00:01:19,,,listing,1,6900,"★指定席のみ★ランダム配布
ご購入後はこちらからの連絡を待たずに苗字（偽名可）とお電話番号のご連絡をお願いします。

複数名義所持しているため、入場後チケットを...",True,0bzn9y0ym1,,alias,2026-09-27 10:49:05,2026-09-27 09:48:30,,,,
6c1l86mt17,,key-to-lit-arena-tour-2026-neo-classics,2026-10-03,18:00,マリンメッセ福岡 A館,electronic,female,りか様専用ページ。ランダム配布ご理解のある方のみご購入お願いいたします。  当日はこちらが指定した時間、場所にお集まりいただきます。時間厳守でお願い致します。   入場後チケットを一旦回収し、座席を確認した後、お譲りするチケットをお渡しします。チケットお渡しまでにお時間を頂く可能性がございます。開演15分前には必ずお渡しします。座席によってはすぐにお渡し可能です。チケットお渡し後はサイチェンなどしていただいて構いません。座席に関するクレームは一切受け付けません。  公演中止以外いかなる場合も返金・キャンセル対応はいたしかねます。公演中止の場合のみ、定価＋手数料を差し引いた金額を返金いたします。  トラブル防止のため購入は当日来場される方、日本語が通じる女性、こまめに連絡が取れる方のみ購入をお願いいたします。,s,5.0,,QRランダム,2026-09-26 18:01:11,scrape_observed,2026-09-27 10:49:08,2026-09-27 10:49:08,transition_observed,sold,1,1034,,True,,,sold_confirmed,2026-09-27 10:49:08,2026-09-27 09:48:30,public_detail,False,public_detail,sold
ypc31fr8c9,,key-to-lit-arena-tour-2026-neo-classics,2026-10-04,17:30,マリンメッセ福岡 A館,electronic,female,同行,Roy,5.0,,ランダム,2026-09-26 18:01:11,scrape_observed,2026-09-27 00:01:19,,,listing,1,7000,"少人数ランダム配布となります。

有効期限内名義
相場買取可能です。上乗せで早渡しも検討いたしますのでコメントより事前にご相談ください。

プライベート出品も対...",True,vbcv1e21pt,,alias,2026-09-27 10:49:05,2026-09-27 09:48:30,,,,
lb2b6cfxfs,,key-to-lit-arena-tour-2026-neo-classics,2026-10-04,17:30,マリンメッセ福岡 A館,electronic,female,同行,もち,4.2,,同行,2026-09-26 18:01:11,scrape_observed,2026-09-27 00:01:19,,,listing,1,50000,"こちら当方と同行となります。
初期当選/非該当/有効期限内/すり替えなし
大昇担❌でお願いします。
心当たりある方は、年齢、担当記載の上ご連絡ください。
内容詳...",True,wufc8jacx7,,alias,2026-09-27 10:49:05,2026-09-27 09:48:30,,,,
5t4a31ebgd,,key-to-lit-arena-tour-2026-neo-classics,2026-10-10,12:30,セキスイハイムスーパーアリーナ,electronic,female,同行,3,5.0,,ランダム,2026-09-26 19:01:17,scrape_observed,2026-09-27 00:01:19,,,listing,1,11900,"ランダム配布
ご購入後はこちらからの連絡を待たずに苗字（偽名可）とお電話番号のご連絡をお願いします。

複数名義所持しているため、入場後チケットを一度回収しラン...",True,dlrwxse3oj,,alias,2026-09-27 10:49:06,2026-09-27 09:48:30,,,,
qex5acdi01,,key-to-lit-arena-tour-2026-neo-classics,2026-10-10,12:30,セキスイハイムスーパーアリーナ,electronic,female,同行,3,5.0,,ランダム,2026-09-26 19:01:17,scrape_observed,2026-09-27 00:01:19,,,listing,2,27000,"ランダム配布/ご購入後はこちらからの連絡を待たずに苗字（偽名可）とお電話番号のご連絡をお願いします。

複数名義所持しているため、入場後チケットを一度回収しラン...",True,9a3zqtjkne,,alias,2026-09-27 10:49:06,2026-09-27 09:48:30,,,,
9emzakce6c,,key-to-lit-arena-tour-2026-neo-classics,2026-10-10,17:30,セキスイハイムスーパーアリーナ,electronic,female,同行,3,5.0,,ランダム,2026-09-26 19:01:17,scrape_observed,2026-09-27 00:01:19,,,listing,2,25000,"ランダム配布/ご購入後はこちらからの連絡を待たずに苗字（偽名可）とお電話番号のご連絡をお願いします。

複数名義所持しているため、入場後チケットを一度回収しラン...",True,ufoc6y2kwo,,alias,2026-09-27 10:49:06,2026-09-27 09:48:30,,,,
spvtgogqet,,key-to-lit-arena-tour-2026-neo-classics,2026-10-10,17:30,セキスイハイムスーパーアリーナ,electronic,female,同行,3,5.0,,ランダム,2026-09-26 19:01:17,scrape_observed,2026-09-27 00:01:19,,,listing,1,14900,"ランダム配布
ご購入後はこちらからの連絡を待たずに苗字（偽名可）とお電話番号のご連絡をお願いします。

複数名義所持しているため、入場後チケットを一度回収しラン...",True,f9sytetu9y,,alias,2026-09-27 10:49:07,2026-09-27 09:48:30,,,,
jr38xdd1q6,,key-to-lit-arena-tour-2026-neo-classics,2026-10-03,18:00,マリンメッセ福岡 A館,electronic,none,開演20分前までの早渡し,A,5.0,,ランダム,2026-09-27 01:01:03,public_alias_observed,2026-09-27 11:02:34,,,listing,1,15000,"当方が座席を選択した後、残ったチケットをランダムでお渡し致します。
ご購入様にお席をお選び頂くことはできませんが、必ず開演20分前までにお渡しいたします。

発...",True,jr38xdd1q6,2026-09-26 01:01:13,active,2026-09-27 11:02:34,,event_api,False,event_api,active
j51wfdz7ez,,key-to-lit-arena-tour-2026-neo-classics,2026-10-03,18:00,マリンメッセ福岡 A館,electronic,female,同行,t,5.0,,同行ランダム,2026-09-27 01:01:03,public_alias_observed,2026-09-27 10:42:39,2026-09-27 10:41:00,transition_observed,sold,1,7000,"少人数ランダム配布《開場20分前集合予定》
※購入時のコメント不要。
★購入後に当日連絡のつくお電話番号と氏名(苗字)をメッセージボードにてお伝え下さい。

・...",True,j51wfdz7ez,2026-09-26 01:01:13,sold_confirmed,2026-09-27 10:42:39,2026-09-27 10:01:16,public_detail,False,public_detail,sold
b5woqmj38a,,key-to-lit-arena-tour-2026-neo-classics,2026-10-03,18:00,マリンメッセ福岡 A館,electronic,female,公演前日までにログイン情報共有,Y,5.0,,QR,2026-09-27 01:01:03,public_alias_observed,2026-09-27 11:02:34,,,listing,2,40000,"QRごと/該当名義（変更ボタン有）/初期当選
着席ブロックではありません。
有効期限内名義
発送物戻りなし、他FC含めてエラー履歴なし

重複なし、すり替えなし...",True,b5woqmj38a,2026-09-26 04:01:06,active,2026-09-27 11:02:34,,event_api,False,event_api,active
3gppyipz6h,,key-to-lit-arena-tour-2026-neo-classics,2026-10-03,18:00,マリンメッセ福岡 A館,electronic,female,同行,ねこ,5.0,,ランダム記載あり,2026-09-27 01:01:03,public_alias_observed,2026-09-27 11:02:34,,,listing,1,0,"初期当選/変ボ有り/着ブロ希望なし/有効期限内/重複すり替えなし/下3桁提示可

2連中1枚 
購入者様に座席の選択権利はございません。
名義を傷つけるような行...",True,3gppyipz6h,2026-09-26 01:01:13,active,2026-09-27 11:02:34,,event_api,True,on_request,active
xsfuy0bgq1,,key-to-lit-arena-tour-2026-neo-classics,2026-10-03,18:00,マリンメッセ福岡 A館,electronic,female,同行,n,5.0,,同行,2026-09-27 01:01:03,public_alias_observed,2026-09-27 11:02:34,,,listing,2,35000,"2名義中2番手
初期当選/該当名義/変更ボタン有1無1/有効期限内/すり替えなし/下3桁提示可/サイチェン可

プライベート出品に変更させていだたきますので購入...",True,xsfuy0bgq1,2026-09-26 01:01:13,active,2026-09-27 11:02:34,,event_api,False,event_api,active
fsj1b9d7y1,,key-to-lit-arena-tour-2026-neo-classics,2026-10-03,18:00,マリンメッセ福岡 A館,electronic,female,同行,s,5.0,,同行,2026-09-27 01:01:03,public_alias_observed,2026-09-27 11:02:34,,,listing,1,45000,"2連中1枚　同行
初期当選/該当名義（変更ボタンあり）/有効期限内/下3桁提示可/すり替えなし/着ブロなし/本確対応可

開場時間10分前に会場付近にて待ち合わ...",True,fsj1b9d7y1,2026-09-26 01:01:13,active,2026-09-27 11:02:34,,event_api,False,event_api,active
iszoh1r5er,,key-to-lit-arena-tour-2026-neo-classics,2026-10-03,18:00,マリンメッセ福岡 A館,electronic,none,ランダム配布,ねこ,5.0,,ランダム,2026-09-27 01:01:03,public_alias_observed,2026-09-27 11:02:34,,,listing,1,8000,"ランダム配布ご理解いただける方のみご購入お願いします。初めての方も最後まで丁寧に対応いたします。

上乗せで早渡し可能✨

5名義以内での入場になります。
開場...",True,iszoh1r5er,2026-09-26 01:01:13,active,2026-09-27 11:02:34,,event_api,False,event_api,active
hojvd9n9y9,,key-to-lit-arena-tour-2026-neo-classics,2026-10-03,18:00,マリンメッセ福岡 A館,electronic,female,公演前日にログイン情報共有,ほ,5.0,,QR,2026-09-27 01:01:03,public_alias_observed,2026-09-27 11:02:34,,,listing,2,55000,"QR毎/重複なし/初期当選/該当名義/有効期限内/下3桁提示可/同行者登録可

公演前日にログイン情報お伝えします。

公演中止の場合のみ、手数料を差し引いた金...",True,hojvd9n9y9,2026-09-26 03:01:11,active,2026-09-27 11:02:34,,event_api,False,event_api,active
jp2u5tjq59,,key-to-lit-arena-tour-2026-neo-classics,2026-10-03,18:00,マリンメッセ福岡 A館,electronic,female,同行,な,4.4,,同行,2026-09-27 01:01:03,public_alias_observed,2026-09-27 11:02:34,,,listing,1,42000,"初期当選/変ボ有り/該当名義 (井上名義)/着ブロ希望なし/有効期限内/本人確認対応可/重複すり替えなし/ サイチェン不可/井上担不可

2連中1枚 当方と同行...",True,jp2u5tjq59,2026-09-26 01:01:13,active,2026-09-27 11:02:34,,event_api,False,event_api,active
216u8h93uv,,key-to-lit-arena-tour-2026-neo-classics,2026-10-03,18:00,マリンメッセ福岡 A館,electronic,female,公演日前日にQRコード共有,みず,5.0,,QR,2026-09-27 01:01:03,public_alias_observed,2026-09-27 11:02:34,,,listing,2,55000,"情報局先行 初期当選  KEY TO LIT名義 変更ボタンあり   QRごとのお譲り サイチェン可能 下3桁開示可能  座席未定　初期当選

同行者登録は購入...",True,216u8h93uv,2026-09-26 01:01:13,active,2026-09-27 11:02:34,,event_api,False,event_api,active
unzhqfsxpx,,key-to-lit-arena-tour-2026-neo-classics,2026-10-03,18:00,マリンメッセ福岡 A館,electronic,female,番手,N,5.0,,番手,2026-09-27 01:01:03,public_alias_observed,2026-09-27 11:02:34,,,listing,1,35000,"2名義中2番手の2連中の1枚

初期当選/有効期限内/該当名義/ボタンあり/下3桁提示可/すり替えなし

集合時間や場所などの詳細は、公演前日までに連絡ボードに...",True,unzhqfsxpx,2026-09-26 01:01:13,active,2026-09-27 11:02:34,,event_api,False,event_api,active
1t7j83p5i5,,key-to-lit-arena-tour-2026-neo-classics,2026-10-03,18:00,マリンメッセ福岡 A館,electronic,female,公演当日までにQRコード共有,♡,4.4,,QR,2026-09-27 01:01:03,public_alias_observed,2026-09-27 11:02:34,,,listing,2,40000,"情報局先行 初期当選  KEY TO LIT名義 変更ボタンあり   QRごとのお譲り サイチェン可能 下3桁開示可能  条件無し  座席未定

復活当選、制作...",True,1t7j83p5i5,2026-09-26 01:01:13,active,2026-09-27 11:02:34,,event_api,False,event_api,active
mebdk6q5nn,,key-to-lit-arena-tour-2026-neo-classics,2026-10-03,18:00,マリンメッセ福岡 A館,electronic,female,同行,♡,4.4,,番手,2026-09-27 01:01:03,public_alias_observed,2026-09-27 11:02:34,,,listing,2,24000,"3名義中3番手

複数名義所持しているため、同時入場後は発券したチケットを一度回収させて頂き、座席はこちらで選ばせて頂きます。

座席はお選びすることはできませ...",True,mebdk6q5nn,2026-09-26 01:01:13,active,2026-09-27 11:02:34,,event_api,False,event_api,active
24vr2ynsq1,,key-to-lit-arena-tour-2026-neo-classics,2026-10-03,18:00,マリンメッセ福岡 A館,electronic,female,同行,R,5.0,,ランダム,2026-09-27 01:01:03,scrape_observed,2026-09-27 11:02:34,,,listing,1,7000,"ランダム、中相場買取可能
プライベート出品に切り替えますので、ご希望の方はコメントお願い致します。

当方が座席を選択した後、残ったチケットをランダムでお渡し致...",True,24vr2ynsq1,,active,2026-09-27 11:02:34,,event_api,,event_api,
02o5s81bbq,,key-to-lit-arena-tour-2026-neo-classics,2026-10-03,18:00,マリンメッセ福岡 A館,electronic,female,同行,はな,5.0,,同行,2026-09-27 01:01:03,public_alias_observed,2026-09-27 11:02:34,,,listing,1,38000,"初期当選/非該当名義/下三桁提示可/同行者登録可/サイチェン可

開演10〜15分前集合を予定しております。

入場後、チケットお渡し後は速やかに受取連絡をお願...",True,02o5s81bbq,2026-09-26 01:01:13,active,2026-09-27 11:02:34,,event_api,False,event_api,active
pihsw5jya2,,key-to-lit-arena-tour-2026-neo-classics,2026-10-03,18:00,マリンメッセ福岡 A館,electronic,female,同行,♡,4.4,,ランダム,2026-09-27 01:01:03,public_alias_observed,2026-09-27 11:02:34,,,listing,2,13000,"ランダム配布を理解している方のみご購入ください。

複数名義所持しているため、同時入場後は発券したチケットを一度回収させて頂き、座席はこちらで選ばせて頂きます。...",True,pihsw5jya2,2026-09-26 01:01:13,active,2026-09-27 11:02:34,,event_api,False,event_api,active
vvem4zw207,,key-to-lit-arena-tour-2026-neo-classics,2026-10-03,18:00,マリンメッセ福岡 A館,electronic,female,公演前日ログイン情報共有,m,5.0,,QR,2026-09-27 01:01:03,public_alias_observed,2026-09-27 11:02:34,,,listing,2,50000,"QR毎/すり替え無し/下3桁提示可/初期当選/有効期限内/該当名義/変更ボタンあり/着ブロ希望無し

・公演前日にログインに必要な情報を連絡ボードにてお伝えしま...",True,vvem4zw207,2026-09-26 01:01:13,active,2026-09-27 11:02:34,,event_api,False,event_api,active
3m7z8nybib,,key-to-lit-arena-tour-2026-neo-classics,2026-10-03,18:00,マリンメッセ福岡 A館,electronic,female,公演日1日前までにQRコード共有,ひかり,5.0,,QR,2026-09-27 01:01:03,public_alias_observed,2026-09-27 11:02:34,,,listing,2,37000,"情報局先行/  該当名義変更ボタンあり/ 初期当選 /Pay-easy決済/同行者登録可能/すり替えなし会員番号下３桁お伝え可/ 座席未定
特別出品変更へ可能...",True,3m7z8nybib,2026-09-26 06:01:12,active,2026-09-27 11:02:34,,event_api,False,event_api,active
5rfplviks6,,key-to-lit-arena-tour-2026-neo-classics,2026-10-03,18:00,マリンメッセ福岡 A館,electronic,female,同行,ぼー,5.0,,番手,2026-09-27 01:01:03,public_alias_observed,2026-09-27 11:02:34,,,listing,2,25000,"5名義中4番手/すべて初期当選/該当名義

メッセージ後、プライベート出品に切り替えますのでご連絡ください。

必ず最後までお読みいただき、ご理解いただける方の...",True,5rfplviks6,2026-09-26 01:01:13,active,2026-09-27 11:02:34,,event_api,False,event_api,active
z3r0z5uaf2,,key-to-lit-arena-tour-2026-neo-classics,2026-10-03,18:00,マリンメッセ福岡 A館,electronic,female,前日にログイン情報共有,ふかねん,5.0,,QR,2026-09-27 01:01:03,scrape_observed,2026-09-27 10:41:02,,,deleted,2,37000,"初期当選/重複無し/中村名義/下3桁提示可
ツアー発表前に入った名義での当選です。

プライベート出品へ変更希望です。

同行者登録は買い手様ご自身でお願いしま...",True,,,deleted_confirmed,2026-09-27 10:41:02,2026-09-27 09:48:30,public_detail,False,public_detail,cancelled
a33tyil6d1,,key-to-lit-arena-tour-2026-neo-classics,2026-10-03,18:00,マリンメッセ福岡 A館,electronic,female,公演前日にログイン情報共有,ほ,5.0,,QR,2026-09-27 01:01:03,public_alias_observed,2026-09-27 11:02:34,,,listing,2,50000,"QR毎/重複なし/初期当選/該当名義/有効期限内/下3桁提示可/同行者登録可

公演前日にログイン情報お伝えします。

公演中止の場合のみ、手数料を差し引いた金...",True,a33tyil6d1,2026-09-26 03:01:11,active,2026-09-27 11:02:34,,event_api,False,event_api,active
51j0qc5ub2,,key-to-lit-arena-tour-2026-neo-classics,2026-10-03,18:00,マリンメッセ福岡 A館,electronic,female,公演日2日前までにQRコード共有,レ,5.0,,QR,2026-09-27 01:01:03,public_alias_observed,2026-09-27 11:02:34,,,listing,2,54000,"該当名義(変更ボタン有)QR毎/同行者登録可/下3桁提示可/初期当選/有効期限内/着ブロ希望無し

他FC含めてエラー履歴ありません。

公演2日前にログイン情...",True,51j0qc5ub2,2026-09-26 01:01:13,active,2026-09-27 11:02:34,,event_api,False,event_api,active
usw1pxmrxl,,key-to-lit-arena-tour-2026-neo-classics,2026-10-03,18:00,マリンメッセ福岡 A館,electronic,female,番手,R,5.0,,番手,2026-09-27 01:01:03,public_alias_observed,2026-09-27 11:02:34,,,listing,2,27000,"6名義中4番手
全て該当名義/有効期限内/変更ボタン有/すり替えなし/下3桁提示可

当日指定したお時間に集合し、同時入場をしていただきます。
入場の際、QRの...",True,usw1pxmrxl,2026-09-26 18:01:11,active,2026-09-27 11:02:34,,event_api,False,event_api,active
skbqsqgkx8,,key-to-lit-arena-tour-2026-neo-classics,2026-10-03,18:00,マリンメッセ福岡 A館,electronic,female,同行,ネギ,4.4,,同行,2026-09-27 01:01:03,public_alias_observed,2026-09-27 11:02:34,,,listing,1,38000,"初期当選/着ブロ希望なし/有効期限内/重複すり替えなし/非該当/サイチェン可/岩崎担との同行、同担可

2連中1枚 当方との連番になります
座席は選んでいただい...",True,skbqsqgkx8,2026-09-26 01:01:13,active,2026-09-27 11:02:34,,event_api,False,event_api,active
wano0qzdei,,key-to-lit-arena-tour-2026-neo-classics,2026-10-03,18:00,マリンメッセ福岡 A館,electronic,female,公演前日にログイン情報共有,ほ,5.0,,QR,2026-09-27 01:01:03,public_alias_observed,2026-09-27 11:02:34,,,listing,2,45000,"QR毎/重複なし/初期当選/該当名義/有効期限内/下3桁提示可/同行者登録可

公演前日にログイン情報お伝えします。

公演中止の場合のみ、手数料を差し引いた金...",True,wano0qzdei,2026-09-26 03:01:11,active,2026-09-27 11:02:34,,event_api,False,event_api,active
67qb4q2l9a,,key-to-lit-arena-tour-2026-neo-classics,2026-10-03,18:00,マリンメッセ福岡 A館,electronic,female,同行,t,5.0,,同行番手,2026-09-27 01:01:03,public_alias_observed,2026-09-27 11:02:34,,,listing,2,35000,"2名義中2番手
情報局先行/初期当選/該当名義/有効期限内/変更ボタンあり/下3桁提示可/すり替えなし

公演当日開場20分前を目安に会場付近に集合し、同時入場...",True,67qb4q2l9a,2026-09-26 01:01:13,active,2026-09-27 11:02:34,,event_api,False,event_api,active
6o5ae0x7nu,,key-to-lit-arena-tour-2026-neo-classics,2026-10-03,18:00,マリンメッセ福岡 A館,electronic,female,公演前日にログイン情報共有,a,5.0,,QR,2026-09-27 01:01:03,public_alias_observed,2026-09-27 11:02:34,,,listing,2,53000,"QRごとのお譲り/情報局先行/初期当選/該当名義/変更ボタンあり/有効期限内/すり替えなし/下3桁提示可/着ブロ希望なし
過去当選歴なしの為誓約書等なしの名義で...",True,6o5ae0x7nu,2026-09-26 16:01:18,active,2026-09-27 11:02:34,,event_api,False,event_api,active
bml46pq2b4,,key-to-lit-arena-tour-2026-neo-classics,2026-10-03,18:00,マリンメッセ福岡 A館,electronic,female,同行,モ,4.4,,同行番手,2026-09-27 01:01:03,public_alias_observed,2026-09-27 11:02:34,,,listing,1,50000,2名義中1番手同行/初期当選/該当名義/すり替えなし/有効期限内,True,bml46pq2b4,2026-09-26 01:01:13,active,2026-09-27 11:02:34,,event_api,False,event_api,active
quacpd480f,,key-to-lit-arena-tour-2026-neo-classics,2026-10-03,18:00,マリンメッセ福岡 A館,electronic,female,同行,ぬ,5.0,,同行,2026-09-27 01:01:03,public_alias_observed,2026-09-27 11:02:34,,,listing,1,0,"重複すり替え無し/該当/変ボあり/初期当選/下3桁提示可/同行者登録可/前回スタンド後列席

・2連中の1枚(同行)のお譲りとなります。当方岩﨑担です。
・連番...",True,quacpd480f,2026-09-26 01:01:13,active,2026-09-27 11:02:34,,event_api,True,on_request,active
nm0zzcmeaj,,key-to-lit-arena-tour-2026-neo-classics,2026-10-03,18:00,マリンメッセ福岡 A館,electronic,female,同行,ai,5.0,,番手,2026-09-27 01:01:03,public_alias_observed,2026-09-27 11:02:34,,,listing,2,22000,"4名義中3番手 初期当選 すり替えなし 期限内 該当名義 下3桁提示可

🌟プライベート出品いたしますので、ご購入ご希望の方はコメントをお願いいたします。...",True,nm0zzcmeaj,2026-09-26 01:01:13,active,2026-09-27 11:02:34,,event_api,False,event_api,active
0bzn9y0ym1,,key-to-lit-arena-tour-2026-neo-classics,2026-10-03,18:00,マリンメッセ福岡 A館,electronic,female,同行,3,5.0,,ランダム,2026-09-27 01:01:03,public_alias_observed,2026-09-27 11:02:34,,,listing,1,6900,"★指定席のみ★ランダム配布
ご購入後はこちらからの連絡を待たずに苗字（偽名可）とお電話番号のご連絡をお願いします。

複数名義所持しているため、入場後チケットを...",True,0bzn9y0ym1,2026-09-26 18:01:11,active,2026-09-27 11:02:34,,event_api,False,event_api,active
3itbhhbo30,,key-to-lit-arena-tour-2026-neo-classics,2026-10-03,18:00,マリンメッセ福岡 A館,electronic,female,2名義中1番手 同行,A,5.0,,同行番手,2026-09-27 01:01:03,public_alias_observed,2026-09-27 11:02:34,,,listing,1,43000,"2名義中1番手　同行
初期/該当のみ(井上)/変ボ有/すり替えなし
取引成立後下3桁提示可

井上担不可

公演中止の際は返金いたします。",True,3itbhhbo30,2026-09-26 01:01:13,active,2026-09-27 11:02:34,,event_api,False,event_api,active
2nod8to8xu,,key-to-lit-arena-tour-2026-neo-classics,2026-10-03,18:00,マリンメッセ福岡 A館,electronic,female,同行,ふわ,5.0,,番手,2026-09-27 01:01:03,public_alias_observed,2026-09-27 11:02:34,,,listing,2,35000,"6名義中5番手/初期当選/変更ボタンあり/該当名義/有効期限内/すり替えなし/同一クレカ支払いなし/本人確認不可/着ブロ希望なし/座席未定/下3桁提示可

ご購...",True,2nod8to8xu,2026-09-26 01:01:13,active,2026-09-27 11:02:34,,event_api,False,event_api,active
mdwiohh8p0,,key-to-lit-arena-tour-2026-neo-classics,2026-10-03,18:00,マリンメッセ福岡 A館,electronic,female,公演前日にログイン情報共有,み,5.0,,QR,2026-09-27 01:01:03,public_alias_observed,2026-09-27 11:02:34,,,listing,2,55000,"QRごと/該当名義/初期当選/有効期限内/会員番号下3桁提示可能/着ブロ希望なし

同行者登録は買い手様ご自身でお願いします。
名義を傷つける行為はお辞めくださ...",True,mdwiohh8p0,2026-09-26 01:01:13,active,2026-09-27 11:02:34,,event_api,False,event_api,active
8phrczcjc8,,key-to-lit-arena-tour-2026-neo-classics,2026-10-03,18:00,マリンメッセ福岡 A館,electronic,female,同行,まるちーず,4.5,,同行,2026-09-27 01:01:03,public_alias_observed,2026-09-27 11:02:34,,,listing,1,43000,"重複無し同行／非該当名義/初期当選/有効期限内/すり替えなし/下3桁提示可/井上担不可

・公演当日、開演約1時間前を目処に会場付近で待ち合わせします。詳しいお...",True,8phrczcjc8,2026-09-26 01:01:13,active,2026-09-27 11:02:34,,event_api,False,event_api,active
h9ix7bt1f9,,key-to-lit-arena-tour-2026-neo-classics,2026-10-03,18:00,マリンメッセ福岡 A館,electronic,female,公演前日にログイン情報共有,ほ,5.0,,QR,2026-09-27 01:01:03,public_alias_observed,2026-09-27 11:02:34,,,listing,2,60000,"QR毎/重複なし/初期当選/該当名義/有効期限内/下3桁提示可/同行者登録可

公演前日にログイン情報お伝えします。

公演中止の場合のみ、手数料を差し引いた金...",True,h9ix7bt1f9,2026-09-26 01:01:13,active,2026-09-27 11:02:34,,event_api,False,event_api,active
glf550m3d1,,key-to-lit-arena-tour-2026-neo-classics,2026-10-03,18:00,マリンメッセ福岡 A館,electronic,female,同行,m,5.0,,同行,2026-09-27 01:01:03,public_alias_observed,2026-09-27 11:02:34,,,listing,1,37000,"当方と同行
初期当選/下三桁提示可/同行者登録可/該当名義/サイチェン可

開演10分前集合を予定しております。

入場後、チケットお渡し後は速やかに受取連絡を...",True,glf550m3d1,2026-09-26 01:01:13,active,2026-09-27 11:02:34,,event_api,False,event_api,active
jho9h1qgap,,key-to-lit-arena-tour-2026-neo-classics,2026-10-03,18:00,マリンメッセ福岡 A館,electronic,female,同行,さい,5.0,,番手,2026-09-27 01:01:03,public_alias_observed,2026-09-27 11:02:34,,,listing,2,28000,"
2名義中2番手
初期当選/該当名義/有効期限内/すり替えなし/変更ボタンあり/下3桁提可

入場15分前頃を目安にお集まり頂き、同時入場して頂きます。入場後は...",True,jho9h1qgap,2026-09-26 06:01:12,active,2026-09-27 11:02:34,,event_api,False,event_api,active
9hlln2195j,,key-to-lit-arena-tour-2026-neo-classics,2026-10-03,18:00,マリンメッセ福岡 A館,electronic,female,同行,H,5.0,,同行,2026-09-27 01:01:03,public_alias_observed,2026-09-27 11:02:34,,,listing,1,45000,"【同行募集】該当（井上）名義/初期当選/有効期限内/変更ボタン有り/すり替えなし/サイチェン可/下三桁提示可

2連中1枚当方との同行になります。公演当日、開場...",True,9hlln2195j,2026-09-26 01:01:13,active,2026-09-27 11:02:34,,event_api,False,event_api,active
6a7hrmiiyz,,key-to-lit-arena-tour-2026-neo-classics,2026-10-03,18:00,マリンメッセ福岡 A館,electronic,female,公演前日にログイン情報共有,ほ,5.0,,QR,2026-09-27 01:01:03,public_alias_observed,2026-09-27 10:48:54,2026-09-27 10:40:59,transition_observed,sold,2,40000,"QR毎/重複なし/初期当選/該当名義/有効期限内/下3桁提示可/同行者登録可

公演前日にログイン情報お伝えします。

公演中止の場合のみ、手数料を差し引いた金...",True,6a7hrmiiyz,2026-09-26 03:01:11,sold_confirmed,2026-09-27 10:48:54,2026-09-27 10:13:25,public_detail,False,public_detail,sold
i61anw0a2b,,key-to-lit-arena-tour-2026-neo-classics,2026-10-03,18:00,マリンメッセ福岡 A館,electronic,female,同行,m,5.0,,同行番手,2026-09-27 01:01:03,public_alias_observed,2026-09-27 11:02:34,,,listing,2,35000,"2名義中2番手/初期当選1,復活当選1/すり替えなし/有効期限内/下3桁提示可

当日は開場15分前に当方が指定する場所にて集合し、同時入場致します。

入場後...",True,i61anw0a2b,2026-09-26 17:01:17,active,2026-09-27 11:02:34,,event_api,False,event_api,active
lzm7vjulbk,,key-to-lit-arena-tour-2026-neo-classics,2026-10-04,12:30,マリンメッセ福岡 A館,electronic,female,同行,かな,4.9,,ランダム,2026-09-27 01:01:03,public_alias_observed,2026-09-27 11:02:34,,,listing,1,9999,"ランダム配布でのお渡しです。

・円滑な取引のため、ご購入後取引連絡にてお電話番号のご提示をお願いいたします。
・当日開場30分前に会場付近で集合し、同時入場さ...",True,lzm7vjulbk,2026-09-26 01:01:13,active,2026-09-27 11:02:34,,event_api,False,event_api,active
p0w7d38tck,,key-to-lit-arena-tour-2026-neo-classics,2026-10-04,12:30,マリンメッセ福岡 A館,electronic,female,同行,M,5.0,,番手,2026-09-27 01:01:03,public_alias_observed,2026-09-27 11:02:34,,,listing,2,45000,"２名義中２番手 有効期限内 該当名義(変更ボタン有) 重複すり替え無し 下３桁提示可 

・当日会場10分前頃待ち合わせし、同時入場していただきます。時間厳守で...",True,p0w7d38tck,2026-09-26 01:01:13,active,2026-09-27 11:02:34,,event_api,False,event_api,active
n0cqe9raor,,key-to-lit-arena-tour-2026-neo-classics,2026-10-04,12:30,マリンメッセ福岡 A館,electronic,female,同行,nya,5.0,,ランダム,2026-09-27 01:01:03,public_alias_observed,2026-09-27 11:02:34,,,listing,2,17000,"※ご購入前に必ずコメント下さい⚠️
プラベルもしくはチケテンにてSTART社以外のイベントとして再出品致します。

複数名義所持のランダム配布⭐️

●必ず2連...",True,n0cqe9raor,2026-09-26 01:01:13,active,2026-09-27 11:02:34,,event_api,False,event_api,active
z75wizy2ax,,key-to-lit-arena-tour-2026-neo-classics,2026-10-04,12:30,マリンメッセ福岡 A館,electronic,female,同行,あ,5.0,,番手,2026-09-27 01:01:03,public_alias_observed,2026-09-27 11:02:34,,,listing,2,46000,"2名義中2番手
すり替えなし 該当名義 下3桁提示可能 初期当選 有効期限内 変ボあり 着ブロ選択なし 
  
・当日会場付近にてお待ち合わせし、同時入場お願い...",True,z75wizy2ax,2026-09-26 01:01:13,active,2026-09-27 11:02:34,,event_api,False,event_api,active
xx63jisi9p,,key-to-lit-arena-tour-2026-neo-classics,2026-10-04,12:30,マリンメッセ福岡 A館,electronic,female,公演日前日にログイン情報共有,しん,5.0,,QR,2026-09-27 01:01:03,public_alias_observed,2026-09-27 11:02:34,,,listing,2,48000,"非該当名義/初期当選/有効期限内/下3桁提示可/着ブロ指定なし/変更ボタンあり

同行者登録は買い手様ご自身でお願い致します。
名義を傷つける行為はお辞めくださ...",True,xx63jisi9p,2026-09-26 01:01:13,active,2026-09-27 11:02:34,,event_api,False,event_api,active
g2kg3coc87,,key-to-lit-arena-tour-2026-neo-classics,2026-10-04,12:30,マリンメッセ福岡 A館,electronic,female,入金後3時間以内にQRコード共有,misuzu,5.0,,QR,2026-09-27 01:01:03,public_alias_observed,2026-09-27 11:02:34,,,listing,2,49000,"情報局先行 KEY TO LIT 猪狩蒼弥名義 初期当選 指定席 2枚申し込み 
QRごとのお譲り 条件ございません 座席未定

情報局先行 ２枚申込みでの当選...",True,g2kg3coc87,2026-09-26 01:01:13,active,2026-09-27 11:02:34,,event_api,False,event_api,active
mhzl5yljjb,,key-to-lit-arena-tour-2026-neo-classics,2026-10-04,12:30,マリンメッセ福岡 A館,electronic,female,同行,まるちーず,4.5,,同行,2026-09-27 01:01:03,public_alias_observed,2026-09-27 11:02:34,,,listing,1,45000,"重複無し同行／非該当名義/初期当選/有効期限内/すり替えなし/下3桁提示可/井上担不可

・公演当日、開演約1時間前を目処に会場付近で待ち合わせします。詳しいお...",True,mhzl5yljjb,2026-09-26 01:01:13,active,2026-09-27 11:02:34,,event_api,False,event_api,active
4en4i9tz8k,,key-to-lit-arena-tour-2026-neo-classics,2026-10-04,12:30,マリンメッセ福岡 A館,electronic,female,同行,な,5.0,,番手同行,2026-09-27 01:01:03,public_alias_observed,2026-09-27 11:02:34,,,listing,2,28000,"3名義中3番手/初期当選/全て該当名義/1名義有効期限切れ/すり替えなし(
下3桁提示可能)

有効期限切れ名義は自名義のため本確対応可能

公演当日は当方が指...",True,4en4i9tz8k,2026-09-26 01:01:13,active,2026-09-27 11:02:34,,event_api,False,event_api,active
rc1gxzg67v,,key-to-lit-arena-tour-2026-neo-classics,2026-10-04,12:30,マリンメッセ福岡 A館,paper,female,当日手渡し,Y,5.0,,同行記載あり,2026-09-27 01:01:03,public_alias_observed,2026-09-27 11:02:34,,,listing,1,50000,"一般注釈指定のみ所持/単番と2連の3枚中2枚目

日本人女性限定 のみご購入ください。

公演当日は開場10分前集合予定
入場後はすみやかに受取評価（受取通知）...",True,rc1gxzg67v,2026-09-26 01:01:13,active,2026-09-27 11:02:34,,event_api,False,event_api,active
5gdsw7ki6k,,key-to-lit-arena-tour-2026-neo-classics,2026-10-04,12:30,マリンメッセ福岡 A館,electronic,female,同行,K,5.0,,同行番手,2026-09-27 01:01:03,public_alias_observed,2026-09-27 11:02:34,,,listing,2,46500,"すり替えなし2名義中2番手2枚
該当、非該当/初期当選/有効期限内

⭐︎開場時間に会場付近にて待合せ予定となります
⭐︎プラベルまたはプライベート出品に変更い...",True,5gdsw7ki6k,2026-09-26 01:01:13,active,2026-09-27 11:02:34,,event_api,False,event_api,active
dx3s0s9e3y,,key-to-lit-arena-tour-2026-neo-classics,2026-10-04,12:30,マリンメッセ福岡 A館,electronic,female,同行,t,5.0,,ランダム同行,2026-09-27 01:01:03,public_alias_observed,2026-09-27 11:02:34,,,listing,1,16000,"少人数ランダム配布☆15分前早渡し☆
《開場20分前集合予定》
※購入時のコメント不要。
★購入後に当日連絡のつくお電話番号と氏名(苗字)をメッセージボードにて...",True,dx3s0s9e3y,2026-09-26 14:01:52,active,2026-09-27 11:02:34,,event_api,False,event_api,active
zyfbf2afia,,key-to-lit-arena-tour-2026-neo-classics,2026-10-04,12:30,マリンメッセ福岡 A館,electronic,female,同行,あ,5.0,,ランダム,2026-09-27 01:01:03,public_alias_observed,2026-09-27 11:02:34,,,listing,1,7000,"【条件あり】ランダム配布
複数名義所持しておりますので同時入場後、一度チケットを回収し、ランダム配布にてお譲り致します。

入場後会場内でお待ち頂きますが、必ず...",True,zyfbf2afia,2026-09-26 01:01:13,active,2026-09-27 11:02:34,,event_api,False,event_api,active
a3t2xga0on,,key-to-lit-arena-tour-2026-neo-classics,2026-10-04,12:30,マリンメッセ福岡 A館,paper,female,郵送,yj,5.0,,,2026-09-27 01:01:03,public_alias_observed,2026-09-27 11:02:34,,,listing,1,32000,"注釈付き指定。一般販売分。発券済のため郵送になります。
公演中止の場合にのみ、チケット返却後に全額返金いたします。その他事由での返金は如何なる場合でもいたしかね...",True,a3t2xga0on,2026-09-26 01:01:13,active,2026-09-27 11:02:34,,event_api,False,event_api,active
hz6x8lix9z,,key-to-lit-arena-tour-2026-neo-classics,2026-10-04,12:30,マリンメッセ福岡 A館,electronic,female,同行,t,5.0,,ランダム同行,2026-09-27 01:01:03,public_alias_observed,2026-09-27 11:02:34,,,listing,1,18000,"少人数ランダム配布☆15分前早渡し☆
《開場20分前集合予定》
※購入時のコメント不要。
★購入後に当日連絡のつくお電話番号と氏名(苗字)をメッセージボードにて...",True,hz6x8lix9z,2026-09-26 14:01:52,active,2026-09-27 11:02:34,,event_api,False,event_api,active
v2gbsh4i3z,,key-to-lit-arena-tour-2026-neo-classics,2026-10-04,12:30,マリンメッセ福岡 A館,electronic,female,2名義中2番手,R,5.0,,番手,2026-09-27 01:01:03,public_alias_observed,2026-09-27 11:02:34,,,listing,2,38000,"2名義中2番手
情報局先行/一部復活当選有/該当1・非該当1/下3桁提示可/すり替えなし/有効期限内/

公演当日は開場の10-15分前を目安に会場付近に集合し...",True,v2gbsh4i3z,2026-09-26 01:01:13,active,2026-09-27 11:02:34,,event_api,False,event_api,active
dq5vkn9dcd,,key-to-lit-arena-tour-2026-neo-classics,2026-10-04,12:30,マリンメッセ福岡 A館,electronic,female,同行,る,5.0,,同行,2026-09-27 01:01:03,public_alias_observed,2026-09-27 11:02:34,,,listing,1,55000,"当方と同行/初期当選/有効期限内該当名義/同行者登録可/本人確認対応可/サイチェン可/嶺亜担不可

公演当日は開場15分程前に会場付近にて待ち合わせ予定です。時...",True,dq5vkn9dcd,2026-09-26 01:01:13,active,2026-09-27 11:02:34,,event_api,False,event_api,active
si7l3rrody,,key-to-lit-arena-tour-2026-neo-classics,2026-10-04,12:30,マリンメッセ福岡 A館,electronic,female,同行,瑠美,5.0,,同行,2026-09-27 01:01:03,public_alias_observed,2026-09-27 11:02:34,,,listing,1,62047,"すり替えなし私との同行です
該当名義有効期限内下3桁提示可能変更ボタン有
サイチェン不可",True,si7l3rrody,2026-09-26 01:01:13,active,2026-09-27 11:02:34,,event_api,False,event_api,active
d4kff2nnx5,,key-to-lit-arena-tour-2026-neo-classics,2026-10-04,12:30,マリンメッセ福岡 A館,electronic,female,公演日前日までにQRコード共有,rn,5.0,,QR,2026-09-27 01:01:03,public_alias_observed,2026-09-27 11:02:34,,,listing,2,50000,"5.0〜
初期当選 / 有効期限内 / 非該当名義 / 下三桁提示可 / 同一クレカ決済無し / 着ブロ指定無し

プラベルに移行しますのでコメントください。...",True,d4kff2nnx5,2026-09-26 01:01:13,active,2026-09-27 11:02:34,,event_api,False,event_api,active
ska4b5e4v3,,key-to-lit-arena-tour-2026-neo-classics,2026-10-04,12:30,マリンメッセ福岡 A館,electronic,none,同行,nya,5.0,,ランダム,2026-09-27 01:01:03,public_alias_observed,2026-09-27 11:02:34,,,listing,1,8000,"※ご購入前に必ずコメント下さい⚠️
プラベルもしくはチケテンにてSTART社以外のイベントとして再出品致します。

複数名義所持のランダム配布⭐️

●開場時間...",True,ska4b5e4v3,2026-09-26 01:01:13,active,2026-09-27 11:02:34,,event_api,False,event_api,active
0uubkx22t4,,key-to-lit-arena-tour-2026-neo-classics,2026-10-04,12:30,マリンメッセ福岡 A館,electronic,female,同行,Mi,5.0,,番手,2026-09-27 01:01:03,public_alias_observed,2026-09-27 11:02:34,,,listing,2,40000,"2名義中の2番手、2連。すり替えなし。
全て該当、初期当選、有効期限内。

2連×2組のチケットを所持しております。
チケット発券後に回収させていただき、当方が...",True,0uubkx22t4,2026-09-26 17:01:17,active,2026-09-27 11:02:34,,event_api,False,event_api,active
ca6a4fjwot,,key-to-lit-arena-tour-2026-neo-classics,2026-10-04,12:30,マリンメッセ福岡 A館,electronic,female,同行,3,5.0,,同行記載あり,2026-09-27 01:01:03,public_alias_observed,2026-09-27 11:02:34,,,listing,1,29000,"★指定席のみ★すり替えなし★ランダム配布/すべて有効期限内該当名義/初期当選/下3桁提示可

ご購入後はこちらからの連絡を待たずにお名前（偽名可）とお電話番号の...",True,ca6a4fjwot,2026-09-26 15:01:15,active,2026-09-27 11:02:34,,event_api,False,event_api,active
d2ykob3hpv,,key-to-lit-arena-tour-2026-neo-classics,2026-10-04,12:30,マリンメッセ福岡 A館,electronic,female,入金後24時間以内にQRコード共有,瑠美,5.0,,QR,2026-09-27 01:01:03,public_alias_observed,2026-09-27 11:02:34,,,listing,2,62047,"すり替えなし下3桁提示可能
有効期限内　該当名義　変更ボタン有り

同行者登録はこちらで行います。
公演中止以外いかなる理由でもキャンセル不可",True,d2ykob3hpv,2026-09-26 01:01:13,active,2026-09-27 11:02:34,,event_api,False,event_api,active
9c4707f1yp,,key-to-lit-arena-tour-2026-neo-classics,2026-10-04,12:30,マリンメッセ福岡 A館,electronic,female,指定席のみ,𝒎,5.0,,ランダム,2026-09-27 01:01:03,public_alias_observed,2026-09-27 11:02:34,,,listing,2,27000,"⭐️ランダムエラー返金可能
⭐️指定席のみのお渡し
⭐性別・年齢・国籍問いません

ファンクラブ当選名義を複数所持しております。

全てのチケットを発券後、チケ...",True,9c4707f1yp,2026-09-26 01:01:13,active,2026-09-27 11:02:34,,event_api,False,event_api,active
z0chj2xgf5,,key-to-lit-arena-tour-2026-neo-classics,2026-10-04,12:30,マリンメッセ福岡 A館,electronic,female,同行,nya,5.0,,ランダム,2026-09-27 01:01:03,public_alias_observed,2026-09-27 11:02:34,,,listing,2,23000,"🩵すり替えなしランダム配布🩵
※ご購入前に必ずコメント下さい⚠️
プラベルもしくはチケテンにてSTART社以外のイベントとして再出品致します。

●必ず2連...",True,z0chj2xgf5,2026-09-26 01:01:13,active,2026-09-27 11:02:34,,event_api,False,event_api,active
bkk10ii8pn,,key-to-lit-arena-tour-2026-neo-classics,2026-10-04,12:30,マリンメッセ福岡 A館,paper,female,当日手渡し,Y,5.0,,同行記載あり,2026-09-27 01:01:03,public_alias_observed,2026-09-27 11:02:34,,,listing,1,45000,"一般注釈指定のみ所持/単番と2連の3枚中3枚目

日本人女性限定 のみご購入ください。

公演当日は開場10分前集合予定
入場後はすみやかに受取評価（受取通知）...",True,bkk10ii8pn,2026-09-26 01:01:13,active,2026-09-27 11:02:34,,event_api,False,event_api,active
mj5j9506r0,,key-to-lit-arena-tour-2026-neo-classics,2026-10-04,12:30,マリンメッセ福岡 A館,electronic,female,入場後10分以内のお渡し,𝒎,5.0,,ランダム記載あり,2026-09-27 01:01:03,public_alias_observed,2026-09-27 11:02:34,,,listing,2,40000,"【すり替え無しで入場後10分以内のお渡し】
【初期当選／有効期限内／該当名義】
※プラベル変更可能


該当名義／有効期限内／初期当選のファンクラブ当選名義を複...",True,mj5j9506r0,2026-09-26 01:01:13,active,2026-09-27 11:02:34,,event_api,False,event_api,active
r61i4m07ux,,key-to-lit-arena-tour-2026-neo-classics,2026-10-04,12:30,マリンメッセ福岡 A館,pickup_number,female,入金後2日以内に発券番号共有,紫月,5.0,,,2026-09-27 01:01:03,public_alias_observed,2026-09-27 11:02:34,,,listing,1,43000,"注釈付き指定席1名券の発券番号になります。
セブンイレブンにて発券してください。",True,r61i4m07ux,2026-09-26 01:01:13,active,2026-09-27 11:02:34,,event_api,False,event_api,active
x342gh38bz,,key-to-lit-arena-tour-2026-neo-classics,2026-10-04,12:30,マリンメッセ福岡 A館,electronic,female,【条件あり】当日手渡し/座席未定/ランダム配布/有効会員,T,4.9,,ランダム同行,2026-09-27 01:01:03,public_alias_observed,2026-09-27 11:02:34,,,listing,2,16000,"《開場30分前集合予定》

※レビュー(評価4.8以上)ある方のみ申請下さい。
※購入時のコメント不要です。
★購入後に当日連絡のつくお電話番号と氏名(苗字)を...",True,x342gh38bz,2026-09-26 01:01:13,active,2026-09-27 11:02:34,,event_api,False,event_api,active
ey712uayyf,,key-to-lit-arena-tour-2026-neo-classics,2026-10-04,12:30,マリンメッセ福岡 A館,electronic,female,同行,t,5.0,,同行番手,2026-09-27 01:01:03,public_alias_observed,2026-09-27 11:02:34,,,listing,2,33000,"3名義中3番手/全て該当名義/初期当選/有効期限内/すり替えなし/下3桁提示可

・公演当日、こちらが指定した場所・時間に集合をし、同時入場して頂きます。
集合...",True,ey712uayyf,2026-09-26 01:01:13,active,2026-09-27 11:02:34,,event_api,False,event_api,active
cd4fyzu2i4,,key-to-lit-arena-tour-2026-neo-classics,2026-10-04,12:30,マリンメッセ福岡 A館,electronic,female,同行,な,5.0,,番手同行,2026-09-27 01:01:03,public_alias_observed,2026-09-27 11:02:34,,,listing,2,35000,"3名義中2番手/初期当選/全て該当名義/有効期限切れ含む/すり替えなし(
下3桁提示可能)

有効期限切れ名義は自名義のため本確対応可能

公演当日は当方が指定...",True,cd4fyzu2i4,2026-09-26 01:01:13,active,2026-09-27 11:02:34,,event_api,False,event_api,active
2c14hkodlk,,key-to-lit-arena-tour-2026-neo-classics,2026-10-04,12:30,マリンメッセ福岡 A館,electronic,female,公演日前日までにQRコード共有,rn,5.0,,QR,2026-09-27 01:01:03,public_alias_observed,2026-09-27 11:02:34,,,listing,2,48000,"最高4.5〜
初期当選 / 有効期限内 / 非該当名義 / 下三桁提示可 / 同一クレカ決済無し / 着ブロ指定無し

プラベルに移行しますのでコメントください...",True,2c14hkodlk,2026-09-26 01:01:13,active,2026-09-27 11:02:34,,event_api,False,event_api,active
5nultphubb,,key-to-lit-arena-tour-2026-neo-classics,2026-10-04,12:30,マリンメッセ福岡 A館,electronic,female,公演日前日夜にログイン情報お伝えします,x,5.0,,QR,2026-09-27 01:01:03,public_alias_observed,2026-09-27 11:02:34,,,listing,2,40000,"QR毎/初期当選/該当名義/有効期限切れ/下3桁提示可

期限切れ名義です。プラベル可。
公演日前日夜にログイン情報をお伝えいたします。
同行者登録は購入者様の...",True,5nultphubb,2026-09-26 01:01:13,active,2026-09-27 11:02:34,,event_api,False,event_api,active
fmg2d9jetx,,key-to-lit-arena-tour-2026-neo-classics,2026-10-04,12:30,マリンメッセ福岡 A館,paper,female,当日手渡し,ぴ,5.0,,,2026-09-27 01:01:03,public_alias_observed,2026-09-27 11:02:34,,,listing,1,15000,"一般立ち見/発券済み/当日開場1時間前に指定いたします場所で手渡し可能な方のみお譲りいたします。
買い手様にチケットをお渡し次第取引完了となりますので受け取り操...",True,fmg2d9jetx,2026-09-26 07:01:07,active,2026-09-27 11:02:34,,event_api,False,event_api,active
gqndvf0ply,,key-to-lit-arena-tour-2026-neo-classics,2026-10-04,17:30,マリンメッセ福岡 A館,electronic,female,同行,m,5.0,,同行,2026-09-27 01:01:03,public_alias_observed,2026-09-27 08:01:14,,,listing,1,38000,"すり替えなし同行/猪狩担不可/非該当名義/有効期限内/下3桁提示可


・当日開演前に会場付近で待ち合わせし、同時入場していただきます。（詳細前日に連絡致します...",True,gqndvf0ply,2026-09-26 01:01:13,inactive,2026-09-27 11:02:35,2026-09-27 09:48:30,public_detail,False,public_detail,inactive
49rj2xkdr9,,key-to-lit-arena-tour-2026-neo-classics,2026-10-04,17:30,マリンメッセ福岡 A館,electronic,female,入場後10分以内のお渡し,𝒎,5.0,,ランダム記載あり,2026-09-27 01:01:03,public_alias_observed,2026-09-27 11:02:34,,,listing,1,40000,"【すり替え無しで入場後10分以内のお渡し】
【初期当選／有効期限内／該当名義】
※プラベル変更可能


該当名義／有効期限内／初期当選のファンクラブ当選名義を複...",True,49rj2xkdr9,2026-09-26 01:01:13,active,2026-09-27 11:02:34,,event_api,False,event_api,active
mhitkflry4,,key-to-lit-arena-tour-2026-neo-classics,2026-10-04,17:30,マリンメッセ福岡 A館,electronic,male,公演前日QRコード共有,M,5.0,,QR,2026-09-27 01:01:03,public_alias_observed,2026-09-27 05:01:15,,,listing,1,48000,"QR毎/初期当選/該当名義/有効期限内/過去エラー無

公演前日にログイン情報を連絡ボードでお伝えします。ご自身の端末でQRを表示してご入場お願いいたします。...",True,mhitkflry4,2026-09-26 01:01:13,inactive,2026-09-27 11:02:36,2026-09-27 09:48:30,public_detail,False,public_detail,inactive
hhbnwyrabh,,key-to-lit-arena-tour-2026-neo-classics,2026-10-04,17:30,マリンメッセ福岡 A館,electronic,female,同行,な,5.0,,番手同行,2026-09-27 01:01:03,public_alias_observed,2026-09-27 11:02:34,,,listing,2,36000,"3名義中2番手/初期当選/全て該当名義/すり替えなし(下3桁提示可能)

公演当日は当方が指定する場所、時間に集合していただき同時入場となります。
座席を選ぶた...",True,hhbnwyrabh,2026-09-26 12:01:12,active,2026-09-27 11:02:34,,event_api,False,event_api,active
x1kacx3sop,,key-to-lit-arena-tour-2026-neo-classics,2026-10-04,17:30,マリンメッセ福岡 A館,electronic,female,公演日7日前までにQRコード共有,るー,5.0,,QR,2026-09-27 01:01:03,public_alias_observed,2026-09-27 11:02:34,,,listing,2,0,初期当選/期限内/下3桁提示可/同行登録可/着ブロ過去エラーなし,True,x1kacx3sop,2026-09-26 01:01:13,active,2026-09-27 11:02:34,,event_api,True,on_request,active
y1xrt3qw1r,,key-to-lit-arena-tour-2026-neo-classics,2026-10-04,17:30,マリンメッセ福岡 A館,electronic,female,公演前日までにQRコード共有,ちっち,5.0,,QR,2026-09-27 01:01:03,public_alias_observed,2026-09-27 10:43:01,2026-09-27 10:41:01,transition_observed,sold,2,40000,"座席未定 QR 初期当選 非該当名義 有効期限内 下三桁提示可 すり替え、重複無し 変更ボタンあり
購入者様にて同行者登録をお願いいたします。
公演中止以外の理...",True,y1xrt3qw1r,2026-09-26 01:01:13,sold_confirmed,2026-09-27 10:43:01,2026-09-27 09:48:30,public_detail,False,public_detail,sold
hrvumk7rpk,,key-to-lit-arena-tour-2026-neo-classics,2026-10-04,17:30,マリンメッセ福岡 A館,electronic,female,同行,あ,5.0,,同行番手,2026-09-27 01:01:03,public_alias_observed,2026-09-27 11:02:34,,,listing,2,35000,"2名義中2番手

初期当選/該当名義/下3桁提示可/すり替えなし

プライベート出品に切り替えますのでご希望の方はコメントをお願いいたします。

詳細は公演前日...",True,hrvumk7rpk,2026-09-26 01:01:13,active,2026-09-27 11:02:34,,event_api,False,event_api,active
v03o10f1ut,,key-to-lit-arena-tour-2026-neo-classics,2026-10-04,17:30,マリンメッセ福岡 A館,electronic,female,公演日前日に共有,P,5.0,,,2026-09-27 01:01:03,public_alias_observed,2026-09-27 11:02:34,,,listing,1,38000,"期限内該当名義/下3桁提示可/重複なし/2連中1枚
購入希望の方いましたらプライベート出品に変更するのでコメントお願いします。

都合により行けなくなってしまっ...",True,v03o10f1ut,2026-09-26 01:01:13,active,2026-09-27 11:02:34,,event_api,False,event_api,active
lh6jwcxebi,,key-to-lit-arena-tour-2026-neo-classics,2026-10-04,17:30,マリンメッセ福岡 A館,electronic,female,同行,ヘチヘチ,5.0,,QR,2026-09-27 01:01:03,public_alias_observed,2026-09-27 11:02:34,,,listing,1,40000,"初期当選/着ブロ希望なし/有効期限内（変ボあり）/重複すり替えなし/QRごと/本確対応不可/下3桁提示可/佐々木担不可

2連中1枚 当方ではない方と同行になり...",True,lh6jwcxebi,2026-09-26 01:01:13,active,2026-09-27 11:02:34,,event_api,False,event_api,active
fh5fj0izwe,,key-to-lit-arena-tour-2026-neo-classics,2026-10-04,17:30,マリンメッセ福岡 A館,electronic,female,同行,み,5.0,,同行,2026-09-27 01:01:03,public_alias_observed,2026-09-27 11:02:34,,,listing,1,30000,"非該当名義/着ブロ希望なし/すり替えなし/重複なし/下３桁提示可/有効期限内/受け取り評価後サイチェン可

開場20分前に集合をいたします。時間厳守でお願いいた...",True,fh5fj0izwe,2026-09-26 07:01:07,active,2026-09-27 11:02:34,,event_api,False,event_api,active
o8w4rav2uz,,key-to-lit-arena-tour-2026-neo-classics,2026-10-04,17:30,マリンメッセ福岡 A館,electronic,female,同行,あ,5.0,,ランダム,2026-09-27 01:01:03,public_alias_observed,2026-09-27 11:02:34,,,listing,1,3500,"【条件あり】ランダム配布
複数名義所持しておりますので同時入場後、一度チケットを回収し、ランダム配布にてお譲り致します。

入場後会場内でお待ち頂きますが、必ず...",True,o8w4rav2uz,2026-09-26 01:01:13,active,2026-09-27 11:02:34,,event_api,False,event_api,active
442aeryf0w,,key-to-lit-arena-tour-2026-neo-classics,2026-10-04,17:30,マリンメッセ福岡 A館,electronic,female,同行,R,5.0,,ランダム,2026-09-27 01:01:03,scrape_observed,2026-09-27 11:02:34,,,listing,1,6000,"ランダム、中相場買取可能
プライベート出品に切り替えますので、ご希望の方はコメントお願い致します。

当方が座席を選択した後、残ったチケットをランダムでお渡し致...",True,442aeryf0w,,active,2026-09-27 11:02:34,,event_api,,event_api,
6y6fdo23z9,,key-to-lit-arena-tour-2026-neo-classics,2026-10-04,17:30,マリンメッセ福岡 A館,electronic,female,同行,nya,5.0,,番手,2026-09-27 01:01:03,public_alias_observed,2026-09-27 11:02:34,,,listing,2,26500,"復活当選/2名義中2番手/すり替え無し/下3桁提示可/有効期限内/同一クレカ決済無し
公演中止の際には、手数料等を差し引いた金額を返金します

公演当日開場時間...",True,6y6fdo23z9,2026-09-26 01:01:13,active,2026-09-27 11:02:34,,event_api,False,event_api,active
z1w9rvzpx9,,key-to-lit-arena-tour-2026-neo-classics,2026-10-04,17:30,マリンメッセ福岡 A館,electronic,none,同行,nya,5.0,,ランダム,2026-09-27 01:01:03,public_alias_observed,2026-09-27 11:02:34,,,listing,1,5000,"※ご購入前に必ずコメント下さい⚠️
プラベルもしくはチケテンにてSTART社以外のイベントとして再出品致します。

複数名義所持のランダム配布⭐️

●開場時間...",True,z1w9rvzpx9,2026-09-26 01:01:13,active,2026-09-27 11:02:34,,event_api,False,event_api,active
ip4f2zb52d,,key-to-lit-arena-tour-2026-neo-classics,2026-10-04,17:30,マリンメッセ福岡 A館,electronic,female,同行,nya,5.0,,ランダム,2026-09-27 01:01:03,public_alias_observed,2026-09-27 11:02:34,,,listing,2,20000,"※ご購入前に必ずコメント下さい⚠️
プラベルもしくはチケテンにてSTART社以外のイベントとして再出品致します。

複数名義所持のランダム配布⭐️

●必ず2連...",True,ip4f2zb52d,2026-09-26 01:01:13,active,2026-09-27 11:02:34,,event_api,False,event_api,active
u9pez2zk5b,,key-to-lit-arena-tour-2026-neo-classics,2026-10-04,17:30,マリンメッセ福岡 A館,electronic,female,同行,t,5.0,,ランダム同行,2026-09-27 01:01:03,public_alias_observed,2026-09-27 11:02:34,,,listing,1,15000,"少人数ランダム配布☆15分前早渡し☆
《開場20分前集合予定》
※購入時のコメント不要。
★購入後に当日連絡のつくお電話番号と氏名(苗字)をメッセージボードにて...",True,u9pez2zk5b,2026-09-26 14:01:52,active,2026-09-27 11:02:34,,event_api,False,event_api,active
6s9gatsckc,,key-to-lit-arena-tour-2026-neo-classics,2026-10-04,17:30,マリンメッセ福岡 A館,electronic,female,同行/同時入場後チケットをお渡ししたら受け取り/受け取り後即解散可能,타,5.0,,同行,2026-09-27 01:01:03,public_alias_observed,2026-09-27 11:02:34,,,listing,1,45000,該当名義/変更ボタンあり/すり替えなし/初期当選のみ/すべてコンビニ払い/下3桁掲示可能/有効期限内/同一住所や同一電話番号無し/制作開放無し/今までエラーが出...,True,6s9gatsckc,2026-09-26 01:01:13,active,2026-09-27 11:02:34,,event_api,False,event_api,active
5db4htsdxx,,key-to-lit-arena-tour-2026-neo-classics,2026-10-04,17:30,マリンメッセ福岡 A館,electronic,female,公演日7日前までにQRコード共有,♡,5.0,,QR,2026-09-27 01:01:03,public_alias_observed,2026-09-27 11:02:34,,,listing,2,39000,"初期当選/QR毎2連/重複すり替えなし/有効期限内/下3桁提示可/非該当名義/同行者登録可

公演前日にログイン情報をお伝えいたしますのて、購入者ご自身で同行者...",True,5db4htsdxx,2026-09-26 01:01:13,active,2026-09-27 11:02:34,,event_api,False,event_api,active
e2htm509yu,,key-to-lit-arena-tour-2026-neo-classics,2026-10-04,17:30,マリンメッセ福岡 A館,electronic,female,同行,ネギ,4.4,,同行,2026-09-27 01:01:03,public_alias_observed,2026-09-27 11:02:34,,,listing,1,30550,"初期当選/着ブロ希望なし/有効期限内/重複すり替えなし/非該当/サイチェン可/岩崎担との同行、同担可

2連中1枚 当方との連番になります
座席は選んでいただい...",True,e2htm509yu,2026-09-26 01:01:13,active,2026-09-27 11:02:34,,event_api,False,event_api,active
guztgmbn69,,key-to-lit-arena-tour-2026-neo-classics,2026-10-04,17:30,マリンメッセ福岡 A館,electronic,female,同行,t,5.0,,番手同行,2026-09-27 01:01:03,public_alias_observed,2026-09-27 11:02:34,,,listing,2,36000,"4名義中3番手/該当3非該当1/初期当選/有効期限内/すり替えなし/下3桁提示可

・公演当日、こちらが指定した場所・時間に集合をし、同時入場して頂きます。
集...",True,guztgmbn69,2026-09-26 14:01:52,active,2026-09-27 11:02:34,,event_api,False,event_api,active
s84dzzxvbn,,key-to-lit-arena-tour-2026-neo-classics,2026-10-04,17:30,マリンメッセ福岡 A館,electronic,female,同行,ぴ,5.0,,同行,2026-09-27 01:01:03,public_alias_observed,2026-09-27 11:02:34,,,listing,1,25000,"同行(佐々木担)/非該当期間内/初期当選/重複すり替えなし
当日開場10〜20分前に集合し同時入場させていただき座席確認後当方が選ばなかったお座席のチケットをお...",True,s84dzzxvbn,2026-09-26 01:01:13,active,2026-09-27 11:02:34,,event_api,False,event_api,active
8blehadllr,,key-to-lit-arena-tour-2026-neo-classics,2026-10-04,17:30,マリンメッセ福岡 A館,electronic,female,同行,り,5.0,,QR同行,2026-09-27 01:01:03,public_alias_observed,2026-09-27 11:02:34,,,listing,1,37000,"2連中1枚同行
情報局先行/初期当選/該当名義/有効期限内/すり替えなし/会員番号下3桁提示可
(決済方法PayPay)

・日本語の通じる方のみご購入ください...",True,8blehadllr,2026-09-26 01:01:13,active,2026-09-27 11:02:34,,event_api,False,event_api,active
obxkrjyts3,,key-to-lit-arena-tour-2026-neo-classics,2026-10-04,17:30,マリンメッセ福岡 A館,electronic,female,公演前日までにログイン情報共有,れ,5.0,,QR,2026-09-27 01:01:03,public_alias_observed,2026-09-27 11:02:34,,,listing,2,45000,"最高額4.2/枚、希望額メッセージお願いします。
QR毎、該当、すり替えなし、下三桁提示可、有効期限内

QRごとのお譲りとなります。2日前にログイン情報お伝え...",True,obxkrjyts3,2026-09-26 01:01:13,active,2026-09-27 11:02:34,,event_api,False,event_api,active
4wbss56qwj,,key-to-lit-arena-tour-2026-neo-classics,2026-10-04,17:30,マリンメッセ福岡 A館,electronic,female,公演日2日前までにQRコード共有,な,5.0,,,2026-09-27 01:01:03,public_alias_observed,2026-09-27 11:02:34,,,listing,2,40000,"情報局先行 QR/座席未定／該当名義／有効期限内／初期当選／1名義中1番手/下3桁提示可能／重複すり替えなし  2026年10月04日発送予定
チケットは分配可...",True,4wbss56qwj,2026-09-26 01:01:13,active,2026-09-27 11:02:34,,event_api,False,event_api,active
316cbe128v,,key-to-lit-arena-tour-2026-neo-classics,2026-10-04,17:30,マリンメッセ福岡 A館,electronic,female,同行,t,5.0,,番手同行,2026-09-27 01:01:03,public_alias_observed,2026-09-27 11:02:34,,,listing,2,30000,"4名義中4番手/該当3非該当1/初期当選/有効期限内/すり替えなし/下3桁提示可

・公演当日、こちらが指定した場所・時間に集合をし、同時入場して頂きます。
集...",True,316cbe128v,2026-09-26 01:01:13,active,2026-09-27 11:02:34,,event_api,False,event_api,active
1uwladiju3,,key-to-lit-arena-tour-2026-neo-classics,2026-10-04,17:30,マリンメッセ福岡 A館,electronic,female,同行,かな,4.9,,ランダム,2026-09-27 01:01:03,public_alias_observed,2026-09-27 11:02:34,,,listing,1,7000,"ランダム配布でのお渡しです。

・円滑な取引のため、ご購入後取引連絡にてお電話番号のご提示をお願いいたします。
・当日開場30分前に会場付近で集合し、同時入場さ...",True,1uwladiju3,2026-09-26 01:01:13,active,2026-09-27 11:02:34,,event_api,False,event_api,active
9sdyben5hg,,key-to-lit-arena-tour-2026-neo-classics,2026-10-04,17:30,マリンメッセ福岡 A館,electronic,none,ランダム配布,sa,5.0,,ランダム,2026-09-27 01:01:03,public_alias_observed,2026-09-27 11:02:34,,,listing,2,15000,"公演当日16:00までに会場付近で待ち合わせし、同時入場していただきます。

購入者様は座席をお選びいただけません。
入場後は、発券したチケットを回収した後、一...",True,9sdyben5hg,2026-09-26 01:01:13,active,2026-09-27 11:02:34,,event_api,False,event_api,active
nit76mneye,,key-to-lit-arena-tour-2026-neo-classics,2026-10-04,17:30,マリンメッセ福岡 A館,electronic,female,同行,な,5.0,,同行番手,2026-09-27 01:01:03,public_alias_observed,2026-09-27 11:02:34,,,listing,2,33000,"3名義中3番手/初期当選/全て該当名義/すり替えなし(下3桁提示可能)

公演当日は当方が指定する場所、時間に集合していただき同時入場となります。
座席を選ぶた...",True,nit76mneye,2026-09-26 12:01:12,active,2026-09-27 11:02:34,,event_api,False,event_api,active
amqjpzf4mm,,key-to-lit-arena-tour-2026-neo-classics,2026-10-04,17:30,マリンメッセ福岡 A館,electronic,female,同行,あ,5.0,,同行,2026-09-27 01:01:03,public_alias_observed,2026-09-27 11:02:34,,,listing,1,50000,"同行/初期当選/すり替え無し/下3桁提示可能/本人確認対応可能/有効期限内/同一クレカ支払い無し/該当名義/着ブロ指定無し/サイチェン可/猪狩担不可

当日は開...",True,amqjpzf4mm,2026-09-26 17:01:17,active,2026-09-27 11:02:34,,event_api,False,event_api,active
hbs4h3xvzb,,key-to-lit-arena-tour-2026-neo-classics,2026-10-04,17:30,マリンメッセ福岡 A館,electronic,female,同行,nya,5.0,,ランダム同行,2026-09-27 01:01:03,public_alias_observed,2026-09-27 11:02:34,,,listing,2,25000,"🩵すり替えなしランダム配布🩵
※ご購入前に必ずコメント下さい⚠️
プラベルもしくはチケテンにてSTART社以外のイベントとして再出品致します。

●必ず2連...",True,hbs4h3xvzb,2026-09-26 01:01:13,active,2026-09-27 11:02:34,,event_api,False,event_api,active
vbcv1e21pt,,key-to-lit-arena-tour-2026-neo-classics,2026-10-04,17:30,マリンメッセ福岡 A館,electronic,female,同行,Roy,5.0,,ランダム,2026-09-27 01:01:03,public_alias_observed,2026-09-27 11:02:34,,,listing,1,7000,"少人数ランダム配布となります。

有効期限内名義
相場買取可能です。上乗せで早渡しも検討いたしますのでコメントより事前にご相談ください。

プライベート出品も対...",True,vbcv1e21pt,2026-09-26 18:01:11,active,2026-09-27 11:02:34,,event_api,False,event_api,active
wvne0a5wwk,,key-to-lit-arena-tour-2026-neo-classics,2026-10-04,17:30,マリンメッセ福岡 A館,electronic,female,すり替えなしランダム同行,m,5.0,,同行ランダム,2026-09-27 01:01:03,public_alias_observed,2026-09-27 11:02:34,,,listing,1,18000,"購入希望の方はプライベート出品させていただきますのでメッセージお願いいたします。

すり替えなしランダムを連番で購入しておりましたが、同行者が来れなくなってしま...",True,wvne0a5wwk,2026-09-26 01:01:13,active,2026-09-27 11:02:34,,event_api,False,event_api,active
ritlnz9s7i,,key-to-lit-arena-tour-2026-neo-classics,2026-10-04,17:30,マリンメッセ福岡 A館,electronic,female,同行,あ,5.0,,同行記載あり,2026-09-27 01:01:03,public_alias_observed,2026-09-27 11:02:34,,,listing,1,25000,"【すりかえなしランダム配布】 
複数当選しております。当方が座席を選択した後、残ったチケットをランダムでお渡し致します。 落札者様にお席をお選び頂くことはできま...",True,ritlnz9s7i,2026-09-26 01:01:13,active,2026-09-27 11:02:34,,event_api,False,event_api,active
wufc8jacx7,,key-to-lit-arena-tour-2026-neo-classics,2026-10-04,17:30,マリンメッセ福岡 A館,electronic,female,同行,もち,4.2,,同行,2026-09-27 01:01:03,public_alias_observed,2026-09-27 11:02:34,,,listing,1,50000,"こちら当方と同行となります。
初期当選/非該当/有効期限内/すり替えなし
大昇担❌でお願いします。
心当たりある方は、年齢、担当記載の上ご連絡ください。
内容詳...",True,wufc8jacx7,2026-09-26 18:01:11,active,2026-09-27 11:02:34,,event_api,False,event_api,active
egbo9hknzk,,key-to-lit-arena-tour-2026-neo-classics,2026-10-04,17:30,マリンメッセ福岡 A館,electronic,female,同行,さとう,5.0,,ランダム,2026-09-27 01:01:03,public_alias_observed,2026-09-27 11:02:34,,,listing,2,28000,"少人数ランダム配布/2連確約
有効期限内名義
中相場買取可能です。
上乗せで早渡しも検討いたしますのでご提示ください。

複数名義所持のため、同時入場後チケット...",True,egbo9hknzk,2026-09-26 01:01:13,active,2026-09-27 11:02:34,,event_api,False,event_api,active
aduxiem16w,,key-to-lit-arena-tour-2026-neo-classics,2026-10-04,17:30,マリンメッセ福岡 A館,electronic,female,同行,あ,5.0,,番手,2026-09-27 01:01:03,public_alias_observed,2026-09-27 11:02:34,,,listing,2,39000,"2名義中2番手
すり替えなし 該当名義×1 非該当名義×1 下3桁提示可能 初期当選 有効期限内 変ボあり 着ブロ選択なし 
  
・当日会場付近にてお待ち合わ...",True,aduxiem16w,2026-09-26 01:01:13,active,2026-09-27 11:02:34,,event_api,False,event_api,active
xrgva1jf2s,,key-to-lit-arena-tour-2026-neo-classics,2026-10-04,17:30,マリンメッセ福岡 A館,electronic,female,同行,t,5.0,,ランダム同行,2026-09-27 01:01:03,public_alias_observed,2026-09-27 11:02:34,,,listing,1,13000,"少人数ランダム配布☆15分前早渡し☆
《開場20分前集合予定》
※購入時のコメント不要。
★購入後に当日連絡のつくお電話番号と氏名(苗字)をメッセージボードにて...",True,xrgva1jf2s,2026-09-26 14:01:52,active,2026-09-27 11:02:34,,event_api,False,event_api,active
0rpfy0cm7l,,key-to-lit-arena-tour-2026-neo-classics,2026-10-04,17:30,マリンメッセ福岡 A館,electronic,female,公演日前日までにログイン情報共有,玄米茶,5.0,,QR,2026-09-27 01:01:03,public_alias_observed,2026-09-27 11:02:34,,,listing,2,48000,"QRごと/座席未定/初期当選/該当名義/有効期限内／変更ボタン有/下三桁提示可/すり替えなし

購入様自身で同行者登録をお願いします。

公演中止のみ返金対応致...",True,0rpfy0cm7l,2026-09-26 16:01:18,active,2026-09-27 11:02:34,,event_api,False,event_api,active
g6a4yqbftv,,key-to-lit-arena-tour-2026-neo-classics,2026-10-04,17:30,マリンメッセ福岡 A館,electronic,female,同行,りん,5.0,,同行,2026-09-27 01:01:03,public_alias_observed,2026-09-27 11:02:34,,,listing,1,50000,"2連中1枚/初期当選/有効期限内該当名義/重複すり替えなし/同行者登録可/サイチェン可/猪狩担不可

公演当日は当方が指定するお時間に会場付近にて待ち合わせ予定...",True,g6a4yqbftv,2026-09-26 01:01:13,active,2026-09-27 11:02:34,,event_api,False,event_api,active
v11n3bkozf,,key-to-lit-arena-tour-2026-neo-classics,2026-10-09,18:00,セキスイハイムスーパーアリーナ,electronic,female,同行,k,5.0,,番手,2026-09-27 01:01:03,public_alias_observed,2026-09-27 11:02:34,,,listing,1,40000,"2名義中2番手/初期当選/ 該当名義/有効期限内/変更ボタンあり/下3桁提示可能

2名義中2番手同行。同時入場していただき、2連2番手の座席のうち当方が選択し...",True,v11n3bkozf,2026-09-26 01:01:13,active,2026-09-27 11:02:34,,event_api,False,event_api,active
axyivfnfvn,,key-to-lit-arena-tour-2026-neo-classics,2026-10-09,18:00,セキスイハイムスーパーアリーナ,electronic,female,公演前日にログイン情報共有,もにゃ,5.0,,QR,2026-09-27 01:01:03,public_alias_observed,2026-09-27 11:02:34,,,listing,2,60000,"QRごと/初期当選/非該当名義/有効期限内/下3桁提示可能

🌟チケット当選後に入籍し名字が変わり、会員証を更新したため、当選時の名字と会員証の名字が異なりま...",True,axyivfnfvn,2026-09-26 01:01:13,active,2026-09-27 11:02:34,,event_api,False,event_api,active
tjh43eyljp,,key-to-lit-arena-tour-2026-neo-classics,2026-10-09,18:00,セキスイハイムスーパーアリーナ,electronic,female,手渡し,RIRI,5.0,,番手,2026-09-27 01:01:03,public_alias_observed,2026-09-27 11:02:34,,,listing,2,34000,"2名義中2番手(該当/非該当)/すり替えなし/初期当選/有効期限内/下3桁提示可

※ 購入する際はプライベート出品に切り替えさせて頂くので、購入希望の方はメッ...",True,tjh43eyljp,2026-09-26 01:01:13,active,2026-09-27 11:02:34,,event_api,False,event_api,active
b8syk8jgfq,,key-to-lit-arena-tour-2026-neo-classics,2026-10-09,18:00,セキスイハイムスーパーアリーナ,electronic,female,QRコード,みお,5.0,,QR,2026-09-27 01:01:03,public_alias_observed,2026-09-27 11:02:34,,,listing,1,55000,"QRごと/初期当選/非該当/有効期限内/下3桁提示可能/本確不可

公演前日にログインに必要な情報をメッセージでお伝えします。入場後は速やかにログアウトし、開演...",True,b8syk8jgfq,2026-09-26 01:01:13,active,2026-09-27 11:02:34,,event_api,False,event_api,active
3fr0rlcuem,,key-to-lit-arena-tour-2026-neo-classics,2026-10-09,18:00,セキスイハイムスーパーアリーナ,electronic,female,同行,♡,4.4,,ランダム,2026-09-27 01:01:03,public_alias_observed,2026-09-27 11:02:34,,,listing,2,20000,"ランダム配布を理解している方のみご購入ください。

複数名義所持しているため、同時入場後は発券したチケットを一度回収させて頂き、座席はこちらで選ばせて頂きます。...",True,3fr0rlcuem,2026-09-26 01:01:13,active,2026-09-27 11:02:34,,event_api,False,event_api,active
n3dcdgrdgn,,key-to-lit-arena-tour-2026-neo-classics,2026-10-09,18:00,セキスイハイムスーパーアリーナ,electronic,female,同行,い,5.0,,同行,2026-09-27 01:01:03,public_alias_observed,2026-09-27 11:02:34,,,listing,1,50000,"初期当選/該当名義/有効期限内/重複すり替えなし/同行者登録可/プラベル可

公演当日は開場15分前頃を目安に会場付近にて待ち合わせ予定です。時間厳守でお願いい...",True,n3dcdgrdgn,2026-09-26 01:01:13,active,2026-09-27 11:02:34,,event_api,False,event_api,active
ad1o7r8q2w,,key-to-lit-arena-tour-2026-neo-classics,2026-10-09,18:00,セキスイハイムスーパーアリーナ,electronic,female,公演前日にログイン情報共有,m,5.0,,QR,2026-09-27 01:01:03,public_alias_observed,2026-09-27 11:02:34,,,listing,2,77000,"QR毎/初期当選/非該当名義/有効期限内/下3桁提示可

公演前日にログインに必要な情報をお伝えします。入場後はすみやかにログアウトし、開演までに受け取り評価を...",True,ad1o7r8q2w,2026-09-26 01:01:13,active,2026-09-27 11:02:34,,event_api,False,event_api,active
i6jc20bgdx,,key-to-lit-arena-tour-2026-neo-classics,2026-10-09,18:00,セキスイハイムスーパーアリーナ,paper,female,入金確認後3日以内に郵送,M,5.0,,ランダム記載あり,2026-09-27 01:01:03,public_alias_observed,2026-09-27 11:02:34,,,listing,1,18000,"一般注釈付きチケット 紙チケ
メッセージ後、プライベート出品に切り替えますのでご連絡ください。

チケットを受け取り次第、速やかに受け取り連絡をお願いします。...",True,i6jc20bgdx,2026-09-26 01:01:13,active,2026-09-27 11:02:34,,event_api,False,event_api,active
1h6g2g9j3b,,key-to-lit-arena-tour-2026-neo-classics,2026-10-09,18:00,セキスイハイムスーパーアリーナ,electronic,female,公演前日にQRコード共有,tara,5.0,,QR,2026-09-27 01:01:03,public_alias_observed,2026-09-27 11:02:34,,,listing,2,65000,"QRごと/初期当選/該当名義/変ボあり/有効期限内/下3桁提示可能/本確不可

公演前日にログインに必要な情報をメッセージでお伝えします。入場後は速やかにログア...",True,1h6g2g9j3b,2026-09-26 01:01:13,active,2026-09-27 11:02:34,,event_api,False,event_api,active
l2gut0z0a8,,key-to-lit-arena-tour-2026-neo-classics,2026-10-09,18:00,セキスイハイムスーパーアリーナ,electronic,female,同行,♡,4.4,,ランダム,2026-09-27 01:01:03,public_alias_observed,2026-09-27 11:02:34,,,listing,1,12000,"ランダム配布を理解している方のみご購入ください。

複数名義所持しているため、同時入場後は発券したチケットを一度回収させて頂き、座席はこちらで選ばせて頂きます。...",True,l2gut0z0a8,2026-09-26 01:01:13,active,2026-09-27 11:02:34,,event_api,False,event_api,active
d4n9vqvpw2,,key-to-lit-arena-tour-2026-neo-classics,2026-10-09,18:00,セキスイハイムスーパーアリーナ,electronic,none,QRコード,あ,5.0,,QR,2026-09-27 01:01:03,public_alias_observed,2026-09-27 11:02:34,,,listing,1,22000,"FC先行　初期当選　有効期限内　該当名義
座席に関するクレームやシステムエラー等の入場トラブルなどによる返金対応は一切受け付けません。",True,d4n9vqvpw2,2026-09-26 02:01:13,active,2026-09-27 11:02:34,,event_api,False,event_api,active
8lmdcb5cht,,key-to-lit-arena-tour-2026-neo-classics,2026-10-09,18:00,セキスイハイムスーパーアリーナ,electronic,female,同時入場,RE,5.0,,番手,2026-09-27 01:01:03,public_alias_observed,2026-09-27 11:02:34,,,listing,2,30000,"2名義2番手　初期当選、該当名義です。
17時頃会場集合し同時入場します。入場後座席を確認し、選ばなかった方の2連をお渡しするので、その際に受け取り評価をお願い...",True,8lmdcb5cht,2026-09-26 14:01:52,active,2026-09-27 11:02:34,,event_api,False,event_api,active
f8tvr6vf90,,key-to-lit-arena-tour-2026-neo-classics,2026-10-09,18:00,セキスイハイムスーパーアリーナ,electronic,female,公演前日QRコード共有,♡,5.0,,QR,2026-09-27 01:01:03,public_alias_observed,2026-09-27 11:02:34,,,listing,2,55000,"QR毎 初期当選 非該当 すり替えなし 下3桁
提示可

・公演前日にログイン情報を共有します。
・同行者登録は買い手様のほうでお願いいたします。
・ 入場後は...",True,f8tvr6vf90,2026-09-26 01:01:13,active,2026-09-27 11:02:34,,event_api,False,event_api,active
zszebnt3v9,,key-to-lit-arena-tour-2026-neo-classics,2026-10-09,18:00,セキスイハイムスーパーアリーナ,electronic,female,公演日前日にQRコード共有,k,5.0,,QR,2026-09-27 01:01:03,public_alias_observed,2026-09-27 11:02:34,,,listing,2,55000,"QRごと/非該当/復活当選/変ボなし/有効期限内

公演日前日にログインに必要な情報をメッセージでお伝えします。入場後は速やかにログアウトし、開演までに受け取り...",True,zszebnt3v9,2026-09-26 01:01:13,active,2026-09-27 11:02:34,,event_api,False,event_api,active
s79bkq2v34,,key-to-lit-arena-tour-2026-neo-classics,2026-10-09,18:00,セキスイハイムスーパーアリーナ,electronic,female,同行,M,5.0,,同行番手,2026-09-27 01:01:03,public_alias_observed,2026-09-27 11:02:34,,,listing,2,25000,"2名義中2番手
FC該当2連または一般注釈付2連どちらかのチケットをお渡しします

FC当選分は2連初期当選/該当名義(変更ボタンあり)/有効期限内/過去エラー...",True,s79bkq2v34,2026-09-26 01:01:13,active,2026-09-27 11:02:34,,event_api,False,event_api,active
pf6foeumju,,key-to-lit-arena-tour-2026-neo-classics,2026-10-09,18:00,セキスイハイムスーパーアリーナ,electronic,female,同行　本人確認可能,さ,5.0,,同行,2026-09-27 01:01:03,public_alias_observed,2026-09-27 11:02:34,,,listing,1,58000,10/10 17:30公演と交換同行できる方,True,pf6foeumju,2026-09-26 04:01:06,active,2026-09-27 11:02:34,,event_api,False,event_api,active
y84iczxb9u,,key-to-lit-arena-tour-2026-neo-classics,2026-10-09,18:00,セキスイハイムスーパーアリーナ,electronic,none,ランダム配布,r,5.0,,ランダム,2026-09-27 01:01:03,public_alias_observed,2026-09-27 11:02:34,,,listing,1,12000,"複数名義所持しているため、同時入場後に1度チケットを回収させていただき、当方が座席選択後にランダムに配布します。

チケットの選択にお時間をいただきますのであら...",True,y84iczxb9u,2026-09-26 01:01:13,active,2026-09-27 11:02:34,,event_api,False,event_api,active
wqcr6did16,,key-to-lit-arena-tour-2026-neo-classics,2026-10-09,18:00,セキスイハイムスーパーアリーナ,electronic,female,公演前日QRコード共有,H,5.0,,ランダム記載あり,2026-09-27 01:01:03,public_alias_observed,2026-09-27 11:02:34,,,listing,2,80000,"初期当選/QR毎/重複なし/有効期限内名義/ファンクラブ先行/下3桁提示可

・主催者側からの公演中止の場合のみ規約に基づき、手数料を差し引いた金額を返させてい...",True,wqcr6did16,2026-09-26 01:01:13,active,2026-09-27 11:02:34,,event_api,False,event_api,active
9mi9c5t2j8,,key-to-lit-arena-tour-2026-neo-classics,2026-10-09,18:00,セキスイハイムスーパーアリーナ,electronic,female,同行,あ,5.0,,番手,2026-09-27 01:01:03,public_alias_observed,2026-09-27 11:02:34,,,listing,2,40000,"2名義中2番手
すり替えなし 該当名義 下3桁提示可能 初期当選 有効期限内 変ボあり 着ブロ選択なし 
  
・当日会場付近にてお待ち合わせし、同時入場お願い...",True,9mi9c5t2j8,2026-09-26 01:01:13,active,2026-09-27 11:02:34,,event_api,False,event_api,active
9yofwi1xlc,,key-to-lit-arena-tour-2026-neo-classics,2026-10-09,18:00,セキスイハイムスーパーアリーナ,electronic,female,公演1~2日前にQRコード共有,あ,5.0,,QR,2026-09-27 01:01:03,public_alias_observed,2026-09-27 11:02:34,,,listing,2,55000,"QR毎/初期当選/変更ボタン有/非該当名義/有効期限内/重複すり替えなし/着ブロ希望なし/購入後下3桁提示⭕️/同行者登録⭕️

・公演1〜2日前までに入場に必...",True,9yofwi1xlc,2026-09-26 15:01:15,active,2026-09-27 11:02:34,,event_api,False,event_api,active
6q1scac4qu,,key-to-lit-arena-tour-2026-neo-classics,2026-10-09,18:00,セキスイハイムスーパーアリーナ,electronic,female,同行,すいみん,5.0,,番手,2026-09-27 01:01:03,public_alias_observed,2026-09-27 11:02:34,,,listing,1,55000,"すり替えなし4名義中2番手1枚（※座席選択権あり。詳細※1）
プラベル変更いたしますのでコメントお願いいたします。
一部手渡しや即決（記載額）以下可能。
・公演...",True,6q1scac4qu,2026-09-26 01:01:13,active,2026-09-27 11:02:34,,event_api,False,event_api,active
0gfybukm1b,,key-to-lit-arena-tour-2026-neo-classics,2026-10-09,18:00,セキスイハイムスーパーアリーナ,electronic,female,同行,ぴ,5.0,,番手,2026-09-27 01:01:03,public_alias_observed,2026-09-27 11:02:34,,,listing,2,38000,"・指定の時間（開場時間の30分～1時間前）に会場にて集合していただきます。10分以上の遅刻は待たずに入場、受け取り評価のみしていただきます。
・ チケットは2名...",True,0gfybukm1b,2026-09-26 01:01:13,active,2026-09-27 11:02:34,,event_api,False,event_api,active
z0m1dbs4f5,,key-to-lit-arena-tour-2026-neo-classics,2026-10-09,18:00,セキスイハイムスーパーアリーナ,electronic,female,同時入場,つ,5.0,,番手,2026-09-27 01:01:03,public_alias_observed,2026-09-27 11:02:34,,,listing,2,35000,"2名義中2番手/初期当選/ 該当名義/有効期限内/変更ボタンあり/下3桁提示可能

2名義中2番手 同時入場していただき、2名義中当方が選択しなかった座席をお渡...",True,z0m1dbs4f5,2026-09-26 01:01:13,active,2026-09-27 11:02:34,,event_api,False,event_api,active
cqvv5ztmpi,,key-to-lit-arena-tour-2026-neo-classics,2026-10-09,18:00,セキスイハイムスーパーアリーナ,electronic,female,公演日7日前までにQRコード共有,ゆ,5.0,,番手,2026-09-27 01:01:03,public_alias_observed,2026-09-27 11:02:34,,,listing,2,48000,"★2名義中の2番手

情報局先行/座席未定/初期当選/2名義中の2番手/該当名義/変更ボタンあり/着ブロなし/有効期限内/下3桁提示可能/同一メアドなし/重複な...",True,cqvv5ztmpi,2026-09-26 01:01:13,active,2026-09-27 11:02:34,,event_api,False,event_api,active
siwa0lajzc,,key-to-lit-arena-tour-2026-neo-classics,2026-10-09,18:00,セキスイハイムスーパーアリーナ,electronic,female,3名義中2番手,ゆ,5.0,,番手,2026-09-27 01:01:03,public_alias_observed,2026-09-27 11:02:34,,,listing,2,50000,"🌟プラベ出品しますので購入の際はコメントお願い致します🌟
3名義中2番手/初期当選/該当×2 非該当×1/有効期限内/すり替えなし/下3桁提示可/座席未定/...",True,siwa0lajzc,2026-09-26 01:01:13,active,2026-09-27 11:02:34,,event_api,False,event_api,active
2k65ztfn3q,,key-to-lit-arena-tour-2026-neo-classics,2026-10-09,18:00,セキスイハイムスーパーアリーナ,electronic,female,同行,かんぺき,5.0,,ランダム記載あり,2026-09-27 01:01:03,public_alias_observed,2026-09-27 11:02:34,,,listing,2,31000,"FC初期当選/3名義中3番手/下3桁提示可/有効期限内/着ブロ無し/すり替え無し

当日は、指定の集合場所に集合して頂き同時入場致します。入場後一度全てのチケッ...",True,2k65ztfn3q,2026-09-26 01:01:13,active,2026-09-27 11:02:34,,event_api,False,event_api,active
xeselof77c,,key-to-lit-arena-tour-2026-neo-classics,2026-10-09,18:00,セキスイハイムスーパーアリーナ,electronic,female,同行,り,5.0,,QR同行,2026-09-27 01:01:03,public_alias_observed,2026-09-27 11:02:34,,,listing,1,42000,"2連中1枚同行
情報局先行/初期当選/該当名義/有効期限内/すり替えなし/会員番号下3桁提示可
(決済方法PayPay)

・日本語の通じる方のみご購入ください...",True,xeselof77c,2026-09-26 01:01:13,active,2026-09-27 11:02:34,,event_api,False,event_api,active
rt8v0poa88,,key-to-lit-arena-tour-2026-neo-classics,2026-10-09,18:00,セキスイハイムスーパーアリーナ,electronic,female,同行,まるちーず,4.5,,同行,2026-09-27 01:01:03,public_alias_observed,2026-09-27 11:02:34,,,listing,1,60000,"2名義中1番手同行／該当名義のみ/初期当選/有効期限内/変更ボタン有り/すり替えなし/下3桁提示可/井上担不可

・公演当日、開演約1時間前を目処に会場付近で待...",True,rt8v0poa88,2026-09-26 01:01:13,active,2026-09-27 11:02:34,,event_api,False,event_api,active
djssdb2c0t,,key-to-lit-arena-tour-2026-neo-classics,2026-10-09,18:00,セキスイハイムスーパーアリーナ,electronic,female,公演当日までにQRコード共有,♡,4.4,,QR,2026-09-27 01:01:03,public_alias_observed,2026-09-27 11:02:34,,,listing,2,45000,"情報局先行 初期当選  KEY TO LIT名義 変更ボタンあり   QRごとのお譲り サイチェン可能 下3桁開示可能  条件無し  座席未定

復活当選、制作...",True,djssdb2c0t,2026-09-26 01:01:13,active,2026-09-27 11:02:34,,event_api,False,event_api,active
mgawjg5e6i,,key-to-lit-arena-tour-2026-neo-classics,2026-10-09,18:00,セキスイハイムスーパーアリーナ,electronic,female,前日に下3桁共有,🎀,5.0,,番手,2026-09-27 01:01:03,public_alias_observed,2026-09-27 11:02:34,,,listing,2,43000,"2番手中2番手のお譲りとなります。
 初期当選2/下三桁提示可/すり替えなし/有効期限内/変更ボタン有

当日は指定時間に集合していただき、同時入場する予定です...",True,mgawjg5e6i,2026-09-26 13:01:18,active,2026-09-27 11:02:34,,event_api,False,event_api,active
afbjof8yvz,,key-to-lit-arena-tour-2026-neo-classics,2026-10-09,18:00,セキスイハイムスーパーアリーナ,electronic,female,同行,いか,5.0,,QR同行,2026-09-27 01:01:03,public_alias_observed,2026-09-27 11:02:34,,,listing,1,45500,"2連中1枚　当方と同行
【購入の際は担当、ご年齢明記の上、コメントお願いします。】

初期当選/該当名義/変ボあり/重複すり替えなし/下3桁提示可/期限内/サイ...",True,afbjof8yvz,2026-09-26 01:01:13,active,2026-09-27 11:02:34,,event_api,False,event_api,active
y6366ntlbw,,key-to-lit-arena-tour-2026-neo-classics,2026-10-09,18:00,セキスイハイムスーパーアリーナ,electronic,female,同行,r,4.8,,ランダム,2026-09-27 01:01:03,public_alias_observed,2026-09-27 11:02:34,,,listing,1,11500,"座席未定 ランダム配布 条件あり 座席選択不可 代理購入不可 
 ランダム配布になりますので最後までご一読のうえご理解いただけた方のみご購入下さい。

・複数名...",True,y6366ntlbw,2026-09-26 01:01:13,active,2026-09-27 11:02:34,,event_api,False,event_api,active
7gtpymqlj9,,key-to-lit-arena-tour-2026-neo-classics,2026-10-09,18:00,セキスイハイムスーパーアリーナ,electronic,female,3名義中3番手,ゆ,5.0,,番手,2026-09-27 01:01:03,public_alias_observed,2026-09-27 11:02:34,,,listing,2,40000,"🌟プラベ出品しますので購入の際はコメントお願い致します🌟
3名義中3番手/初期当選/該当×2 非該当×1/有効期限内/すり替えなし/下3桁提示可/座席未定/...",True,7gtpymqlj9,2026-09-26 01:01:13,active,2026-09-27 11:02:34,,event_api,False,event_api,active
hiak76ihef,,key-to-lit-arena-tour-2026-neo-classics,2026-10-09,18:00,セキスイハイムスーパーアリーナ,electronic,female,同行,mp,5.0,,ランダム同行,2026-09-27 01:01:03,public_alias_observed,2026-09-27 11:02:34,,,listing,1,15000,"同行入場、すり替えあり。2名での入場です。
持ち逃げ防止のため、入場時に身分証原本もしくはお使いのスマホ端末を預からせていただきます。
入場後にチケットと交換で...",True,hiak76ihef,2026-09-26 01:01:13,active,2026-09-27 11:02:34,,event_api,False,event_api,active
9y44sm7tlv,,key-to-lit-arena-tour-2026-neo-classics,2026-10-09,18:00,セキスイハイムスーパーアリーナ,electronic,female,同行,K,5.0,,同行番手,2026-09-27 01:01:03,public_alias_observed,2026-09-27 11:02:34,,,listing,2,45000,"すり替えなし2名義中2番手2枚
該当(変更ボタンあり)/初期当選/有効期限内

⭐︎開場時間に会場付近にて待合せ予定となります
⭐︎プラベルまたはプライベート出...",True,9y44sm7tlv,2026-09-26 01:01:13,active,2026-09-27 11:02:34,,event_api,False,event_api,active
ra5ru5vsly,,key-to-lit-arena-tour-2026-neo-classics,2026-10-09,18:00,セキスイハイムスーパーアリーナ,electronic,female,同行,31,5.0,,同行記載あり,2026-09-27 01:01:03,public_alias_observed,2026-09-27 11:02:34,,,listing,1,38000,"重複なし同行（井上担不可）/初期/非該当/期限内/下3桁提示可/本確不可/日本人女性のみ/代理購入不可

当日は当方が指定した場所・時間に集合し同時入場して頂き...",True,ra5ru5vsly,2026-09-26 01:01:13,active,2026-09-27 11:02:34,,event_api,False,event_api,active
qxh7mszy6r,,key-to-lit-arena-tour-2026-neo-classics,2026-10-09,18:00,セキスイハイムスーパーアリーナ,electronic,female,少数ランダム,も,5.0,,ランダム,2026-09-27 01:01:03,public_alias_observed,2026-09-27 11:02:34,,,listing,2,20000,"💓プラベル対応可能です💓
🌟ランダム🌟必ずランダム配布に理解がある方のみご購入ください。
🌟中相場での買取可🌟
日本語のわかる日本人女性のみご購入く...",True,qxh7mszy6r,2026-09-26 01:01:13,active,2026-09-27 11:02:34,,event_api,False,event_api,active
we9xmb1blv,,key-to-lit-arena-tour-2026-neo-classics,2026-10-10,12:30,セキスイハイムスーパーアリーナ,electronic,female,ランダム,m,5.0,,同行記載あり,2026-09-27 01:01:03,public_alias_observed,2026-09-27 11:02:34,,,listing,1,13000,"当方が座席を選択した後、残ったチケットをランダムでお渡し致します。
ご購入様にお席をお選び頂くことはできません。

発券後、一度チケットを全て回収させていただき...",True,we9xmb1blv,2026-09-26 01:01:13,active,2026-09-27 11:02:34,,event_api,False,event_api,active
z54vhvt23v,,key-to-lit-arena-tour-2026-neo-classics,2026-10-10,12:30,セキスイハイムスーパーアリーナ,electronic,female,同行,♡,4.4,,ランダム,2026-09-27 01:01:03,public_alias_observed,2026-09-27 11:02:34,,,listing,2,30000,"ランダム配布を理解している方のみご購入ください。

複数名義所持しているため、同時入場後は発券したチケットを一度回収させて頂き、座席はこちらで選ばせて頂きます。...",True,z54vhvt23v,2026-09-26 01:01:13,active,2026-09-27 11:02:34,,event_api,False,event_api,active
b12ptrlult,,key-to-lit-arena-tour-2026-neo-classics,2026-10-10,12:30,セキスイハイムスーパーアリーナ,electronic,female,ランダム,m,5.0,,ランダム,2026-09-27 01:01:03,public_alias_observed,2026-09-27 11:02:34,,,listing,2,28000,"当方が座席を選択した後、残ったチケットをランダムでお渡し致します。
ご購入様にお席をお選び頂くことはできません。

発券後、一度チケットを全て回収させていただき...",True,b12ptrlult,2026-09-26 01:01:13,active,2026-09-27 11:02:34,,event_api,False,event_api,active
qvq3yobkpy,,key-to-lit-arena-tour-2026-neo-classics,2026-10-10,12:30,セキスイハイムスーパーアリーナ,electronic,female,入金後24時間以内にQRコード共有,어,5.0,,QR,2026-09-27 01:01:03,public_alias_observed,2026-09-27 11:02:34,,,listing,2,55000,"🤍WTF千葉スタンドゲート🤍
🤍WTF落選名義🤍
2名義所持 まとめて可
情報局先行 該当名義(変更ボタン有り) 
初期当選 有効期限内コンビニ決済...",True,qvq3yobkpy,2026-09-26 11:01:12,active,2026-09-27 11:02:34,,event_api,False,event_api,active
wwtp83y980,,key-to-lit-arena-tour-2026-neo-classics,2026-10-10,12:30,セキスイハイムスーパーアリーナ,paper,female,入金後24時間以内に郵送,M,5.0,,,2026-09-27 01:01:03,public_alias_observed,2026-09-27 11:02:34,,,listing,2,35000,"一般発売　注釈指定席
2名券
追跡ありで郵送させて頂きます。",True,wwtp83y980,2026-09-26 01:01:13,active,2026-09-27 11:02:34,,event_api,False,event_api,active
ydw6dk0p58,,key-to-lit-arena-tour-2026-neo-classics,2026-10-10,12:30,セキスイハイムスーパーアリーナ,electronic,female,公演前日までにログイン情報共有,🌷,5.0,,QR,2026-09-27 01:01:03,public_alias_observed,2026-09-27 11:02:34,,,listing,2,70000,"初期当選/該当名義/同行者登録可/下3桁提示可/サイチェン不可

入場後は速やかにログアウトをお願いします。本人確認やランダムエラー等いかなる場合も返金対応はい...",True,ydw6dk0p58,2026-09-26 01:01:13,active,2026-09-27 11:02:34,,event_api,False,event_api,active
5f4mkd2d92,,key-to-lit-arena-tour-2026-neo-classics,2026-10-10,12:30,セキスイハイムスーパーアリーナ,electronic,female,同行,ぱん,5.0,,番手,2026-09-27 01:01:03,public_alias_observed,2026-09-27 11:02:34,,,listing,2,55000,"4名義中3番手/全て該当名義/初期当選/有効期限内/すり替えなし/下3桁提示可/着ブロ希望なし/座席未定

4名義中3番手


公演当日は当方が指定する場所、時...",True,5f4mkd2d92,2026-09-26 01:01:13,active,2026-09-27 11:02:34,,event_api,False,event_api,active
uo996o7r7x,,key-to-lit-arena-tour-2026-neo-classics,2026-10-10,12:30,セキスイハイムスーパーアリーナ,electronic,female,公演1~2日前にQRコード共有,あ,5.0,,同行記載あり,2026-09-27 01:01:03,public_alias_observed,2026-09-27 11:02:34,,,listing,2,52000,"☆現在最高4.2☆
QR毎/初期当選/変更ボタン有/該当名義/有効期限内/重複すり替えなし/着ブロ希望なし/購入後下3桁提示⭕️/同行者登録⭕️

・公演1〜2...",True,uo996o7r7x,2026-09-26 15:01:15,active,2026-09-27 11:02:34,,event_api,False,event_api,active
9yn4j0x2dp,,key-to-lit-arena-tour-2026-neo-classics,2026-10-10,12:30,セキスイハイムスーパーアリーナ,electronic,female,少人数ランダム,mp,5.0,,ランダム,2026-09-27 01:01:03,public_alias_observed,2026-09-27 11:02:34,,,listing,2,20000,"同行入場、すり替えあり。4名での入場です。
持ち逃げ防止のため、入場時に身分証原本もしくはお使いのスマホ端末を預からせていただきます。
入場後にチケットと交換で...",True,9yn4j0x2dp,2026-09-26 01:01:13,active,2026-09-27 11:02:34,,event_api,False,event_api,active
s02gmfppga,,key-to-lit-arena-tour-2026-neo-classics,2026-10-10,12:30,セキスイハイムスーパーアリーナ,electronic,female,同行,R,5.0,,番手,2026-09-27 01:01:03,public_alias_observed,2026-09-27 11:02:34,,,listing,2,65000,"3名義中2番手/全て初期当選/該当名義/変更ボタンあり

当日は開場の20分前までには会場付近に到着しているようお願いいたします。

入場後は一度解散し確認後に...",True,s02gmfppga,2026-09-26 01:01:13,active,2026-09-27 11:02:34,,event_api,False,event_api,active
8orz170yfw,,key-to-lit-arena-tour-2026-neo-classics,2026-10-10,12:30,セキスイハイムスーパーアリーナ,electronic,female,2名義中2番手,え,5.0,,番手,2026-09-27 01:01:03,public_alias_observed,2026-09-27 11:02:34,,,listing,2,50000,"⭐️2名義中2番手⭐️ / 初期当選 / 該当名義 / 有効期限内 / すり替えなし / 下3桁提示可

公演当日は開場時間の10～20分前頃を目安にこちらが指...",True,8orz170yfw,2026-09-26 01:01:13,active,2026-09-27 11:02:34,,event_api,False,event_api,active
7jgr1rr6id,,key-to-lit-arena-tour-2026-neo-classics,2026-10-10,12:30,セキスイハイムスーパーアリーナ,electronic,female,【条件あり】当日手渡し/座席未定/ランダム配布/有効会員,T,4.9,,同行ランダム,2026-09-27 01:01:03,public_alias_observed,2026-09-27 11:02:34,,,listing,1,12000,"《開場30分前集合予定》

※レビュー(評価4.8以上)ある方のみ申請下さい。
※購入時のコメント不要です。
★購入後に当日連絡のつくお電話番号と氏名(苗字)を...",True,7jgr1rr6id,2026-09-26 01:01:13,active,2026-09-27 11:02:34,,event_api,False,event_api,active
leyc1rmwqw,,key-to-lit-arena-tour-2026-neo-classics,2026-10-10,12:30,セキスイハイムスーパーアリーナ,electronic,female,同行,ぱん,5.0,,番手,2026-09-27 01:01:03,public_alias_observed,2026-09-27 11:02:34,,,listing,2,70000,"4名義中2番手/全て該当名義/初期当選/有効期限内/すり替えなし/下3桁提示可/着ブロ希望なし/座席未定

4名義中2番手


公演当日は当方が指定する場所、時...",True,leyc1rmwqw,2026-09-26 01:01:13,active,2026-09-27 11:02:34,,event_api,False,event_api,active
4x2uvi0peh,,key-to-lit-arena-tour-2026-neo-classics,2026-10-10,12:30,セキスイハイムスーパーアリーナ,electronic,female,同行,⭐️,5.0,,同行,2026-09-27 01:01:03,public_alias_observed,2026-09-27 11:02:34,,,listing,1,65000,"同行/該当名義/初期当選/有効期限内/下3桁提示可/変更ボタンあり

当方との同行になります。岩﨑担不可

会場の15分前に指定した場所にお集まりいただき同時入...",True,4x2uvi0peh,2026-09-26 09:01:11,active,2026-09-27 11:02:34,,event_api,False,event_api,active
mjk1z4je9t,,key-to-lit-arena-tour-2026-neo-classics,2026-10-10,12:30,セキスイハイムスーパーアリーナ,electronic,female,公演1日前までにQRコード共有,じぇい,5.0,,QR,2026-09-27 01:01:03,public_alias_observed,2026-09-27 11:02:34,,,listing,2,40000,"情報局先行 KEY TO LIT 初期当選
猪狩蒼弥名義 (変更ボタンあり)
指定席 2枚申し込み 
入金後下3桁提示可 着ブロなし
複数当選なし
QRごとのお...",True,mjk1z4je9t,2026-09-26 01:01:13,active,2026-09-27 11:02:34,,event_api,False,event_api,active
xi57ga9oi0,,key-to-lit-arena-tour-2026-neo-classics,2026-10-10,12:30,セキスイハイムスーパーアリーナ,electronic,female,同行,♡,4.4,,ランダム,2026-09-27 01:01:03,public_alias_observed,2026-09-27 11:02:34,,,listing,2,33000,"ランダム配布を理解している方のみご購入ください。

複数名義所持しているため、同時入場後は発券したチケットを一度回収させて頂き、座席はこちらで選ばせて頂きます。...",True,xi57ga9oi0,2026-09-26 01:01:13,active,2026-09-27 11:02:34,,event_api,False,event_api,active
hs0wpr7jm4,,key-to-lit-arena-tour-2026-neo-classics,2026-10-10,12:30,セキスイハイムスーパーアリーナ,electronic,female,同行,しお,5.0,,ランダム,2026-09-27 01:01:03,public_alias_observed,2026-09-27 11:02:34,,,listing,1,12500,"返金保証⚠︎入場時ランダムエラーで入場ができなかった場合は掲載額から定価手数料を引いた全額返金いたします。

発券後半券を一度お預かりいたします。
お渡しできる...",True,hs0wpr7jm4,2026-09-26 01:01:13,active,2026-09-27 11:02:34,,event_api,False,event_api,active
e63n0twhf0,,key-to-lit-arena-tour-2026-neo-classics,2026-10-10,12:30,セキスイハイムスーパーアリーナ,electronic,female,公演前日にQRコード共有,あ,5.0,,ランダムQR,2026-09-27 01:01:03,public_alias_observed,2026-09-27 11:02:34,,,listing,2,52000,"該当名義（変更ボタンあり）
有効期限内、Pay-easy支払い済、初期当選
会員番号下3桁提示可

※希望あればプラベルにて出品可

QRごとのお譲り。申込時に...",True,e63n0twhf0,2026-09-26 01:01:13,active,2026-09-27 11:02:34,,event_api,False,event_api,active
ajfdyfwavx,,key-to-lit-arena-tour-2026-neo-classics,2026-10-10,12:30,セキスイハイムスーパーアリーナ,electronic,female,同行,R,5.0,,番手,2026-09-27 01:01:03,public_alias_observed,2026-09-27 11:02:34,,,listing,2,60000,"3名義中3番手/全て初期当選/該当名義/変更ボタンあり

当日は開場の20分前までには会場付近に到着しているようお願いいたします。

入場後は一度解散し確認後に...",True,ajfdyfwavx,2026-09-26 01:01:13,active,2026-09-27 11:02:34,,event_api,False,event_api,active
t16gaaaxpg,,key-to-lit-arena-tour-2026-neo-classics,2026-10-10,12:30,セキスイハイムスーパーアリーナ,electronic,female,同行,も,5.0,,同行,2026-09-27 01:01:03,public_alias_observed,2026-09-27 11:02:34,,,listing,1,70000,"
重複無し2連中の一枚

当方と同行
初期当選/有効期限内／下3桁提示可能


集合は開場10分前頃予定しておりますので時間厳守でお願致します。

万が一着ブロ...",True,t16gaaaxpg,2026-09-26 01:01:13,active,2026-09-27 11:02:34,,event_api,False,event_api,active
dlrwxse3oj,,key-to-lit-arena-tour-2026-neo-classics,2026-10-10,12:30,セキスイハイムスーパーアリーナ,electronic,female,同行,3,5.0,,ランダム,2026-09-27 01:01:03,public_alias_observed,2026-09-27 11:02:34,,,listing,1,11900,"ランダム配布
ご購入後はこちらからの連絡を待たずに苗字（偽名可）とお電話番号のご連絡をお願いします。

複数名義所持しているため、入場後チケットを一度回収しラン...",True,dlrwxse3oj,2026-09-26 19:01:17,active,2026-09-27 11:02:34,,event_api,False,event_api,active
t9zshagtk3,,key-to-lit-arena-tour-2026-neo-classics,2026-10-10,12:30,セキスイハイムスーパーアリーナ,electronic,female,同行,T,5.0,,同行番手,2026-09-27 01:01:03,public_alias_observed,2026-09-27 11:02:34,,,listing,1,45000,"2名義中2番手同行
初期当選/該当名義/有効期限内/変更ボタン有/すり替えなし/下３桁提示可

購入申請される際に担当明記をお願いいたします。

指定したお時間...",True,t9zshagtk3,2026-09-26 01:01:13,active,2026-09-27 11:02:34,,event_api,False,event_api,active
l70t17c008,,key-to-lit-arena-tour-2026-neo-classics,2026-10-10,12:30,セキスイハイムスーパーアリーナ,electronic,female,入金後24時間以内にQRコード共有,어,5.0,,QR,2026-09-27 01:01:03,public_alias_observed,2026-09-27 11:02:34,,,listing,2,48500,"情報局先行 中村嶺亜名義(変更ボタン有り) 
初期当選 有効期限内コンビニ決済 
重複すり替えなし 同行者登録可
入金後下3桁提示可 着ブロなし
郵送物戻り 過...",True,l70t17c008,2026-09-26 01:01:13,active,2026-09-27 11:02:34,,event_api,False,event_api,active
iqjbuoayiw,,key-to-lit-arena-tour-2026-neo-classics,2026-10-10,12:30,セキスイハイムスーパーアリーナ,electronic,female,同行,ほ,5.0,,同行記載あり,2026-09-27 01:01:03,public_alias_observed,2026-09-27 11:02:34,,,listing,1,65000,"初期当選｜重複すり替えなし｜同行｜有効期限内名義｜会員番号下3桁提示可

・開場時間頃に集合予定です。
・当方(佐々木担)の同行になります。
・連番内の座席はこ...",True,iqjbuoayiw,2026-09-26 01:01:13,active,2026-09-27 11:02:34,,event_api,False,event_api,active
9a3zqtjkne,,key-to-lit-arena-tour-2026-neo-classics,2026-10-10,12:30,セキスイハイムスーパーアリーナ,electronic,female,同行,3,5.0,,ランダム,2026-09-27 01:01:03,public_alias_observed,2026-09-27 11:02:34,,,listing,2,27000,"ランダム配布/ご購入後はこちらからの連絡を待たずに苗字（偽名可）とお電話番号のご連絡をお願いします。

複数名義所持しているため、入場後チケットを一度回収しラン...",True,9a3zqtjkne,2026-09-26 19:01:17,active,2026-09-27 11:02:34,,event_api,False,event_api,active
0xsrij2g9s,,key-to-lit-arena-tour-2026-neo-classics,2026-10-10,12:30,セキスイハイムスーパーアリーナ,electronic,female,入金後24時間以内にQRコード共有,어,5.0,,QR,2026-09-27 01:01:03,public_alias_observed,2026-09-27 11:02:34,,,listing,2,50000,"情報局先行 中村嶺亜名義(変更ボタン有り) 
初期当選 有効期限内コンビニ決済 
重複すり替えなし 同行者登録可
入金後下3桁提示可 着ブロなし
郵送物戻り 過...",True,0xsrij2g9s,2026-09-26 01:01:13,active,2026-09-27 11:02:34,,event_api,False,event_api,active
lvbvwped11,,key-to-lit-arena-tour-2026-neo-classics,2026-10-10,12:30,セキスイハイムスーパーアリーナ,electronic,female,ランダム配布,ぴか,5.0,,ランダム,2026-09-27 01:01:03,public_alias_observed,2026-09-27 11:02:34,,,listing,1,12000,"プライベート出品致します。
ご連絡下さい。
日本語が通じる方のみ。

公演当日、開場30分前(11時半開場の場合11時)に会場にてお待ち合わせをお願い致します。...",True,lvbvwped11,2026-09-26 01:01:13,active,2026-09-27 11:02:34,,event_api,False,event_api,active
ybq0it5tlr,,key-to-lit-arena-tour-2026-neo-classics,2026-10-10,12:30,セキスイハイムスーパーアリーナ,electronic,female,同行,れ,5.0,,番手,2026-09-27 01:01:03,public_alias_observed,2026-09-27 11:02:34,,,listing,2,55000,"FC先行/初期当選/すり替えなし/期限内/4名義中3番手/下3桁提示可

プラベル出品に切り替えます。
プラベル分からない方ご遠慮ください
公演当日は会場付近に...",True,ybq0it5tlr,2026-09-26 01:01:13,active,2026-09-27 11:02:34,,event_api,False,event_api,active
w5vietqirf,,key-to-lit-arena-tour-2026-neo-classics,2026-10-10,12:30,セキスイハイムスーパーアリーナ,electronic,female,同行,s,5.0,,同行,2026-09-27 01:01:03,public_alias_observed,2026-09-27 11:02:34,,,listing,1,66000,"2連中1枚、重複すり替えなし、該当名義、初期当選、有効期限内、変更ボタンあり、下三桁開示可、着ブロ希望なし

開場10分前待ち合わせを予定しています。入場後、連...",True,w5vietqirf,2026-09-26 01:01:13,active,2026-09-27 11:02:34,,event_api,False,event_api,active
90zz8p3tt2,,key-to-lit-arena-tour-2026-neo-classics,2026-10-10,17:30,セキスイハイムスーパーアリーナ,electronic,female,公演前日QRコード共有,ri,5.0,,QR,2026-09-27 01:01:03,public_alias_observed,2026-09-27 11:02:34,,,listing,2,80000,"QRごと/該当名義/変更ボタンあり/初期当選/有効期限内/下3桁提示可能/発送物戻り無し/すりかえ無し/着ブロ希望無し/コンビニ決済

・公演前日にログインに必...",True,90zz8p3tt2,2026-09-26 02:01:13,active,2026-09-27 11:02:34,,event_api,False,event_api,active
yhaqss7q95,,key-to-lit-arena-tour-2026-neo-classics,2026-10-10,17:30,セキスイハイムスーパーアリーナ,electronic,female,少人数ランダム,み,5.0,,ランダム記載あり,2026-09-27 01:01:03,public_alias_observed,2026-09-27 11:02:34,,,listing,1,26500,"少人数ランダム配布/開演5-10分までにお渡し

入場後、一度チケットを回収し座席確認後、指定の時間になり次第チケットをお渡しいたします。座席のクレーム等は受け...",True,yhaqss7q95,2026-09-26 01:01:13,active,2026-09-27 11:02:34,,event_api,False,event_api,active
u1rfwlp64u,,key-to-lit-arena-tour-2026-neo-classics,2026-10-10,17:30,セキスイハイムスーパーアリーナ,electronic,female,同行,ぴ,5.0,,同行,2026-09-27 01:01:03,public_alias_observed,2026-09-27 11:02:34,,,listing,1,50000,"同行(佐々木担)/非該当期間内/初期当選/重複すり替えなし
当日開場10〜20分前に集合し同時入場させていただき座席確認後当方が選ばなかったお座席のチケットをお...",True,u1rfwlp64u,2026-09-26 01:01:13,active,2026-09-27 11:02:34,,event_api,False,event_api,active
b4b130kr2p,,key-to-lit-arena-tour-2026-neo-classics,2026-10-10,17:30,セキスイハイムスーパーアリーナ,electronic,none,ランダム配布,r,5.0,,ランダム,2026-09-27 01:01:03,public_alias_observed,2026-09-27 11:02:34,,,listing,2,27000,"複数名義所持しているため、同時入場後に1度チケットを回収させていただき、当方が座席選択後にランダムに配布します。

チケットの選択にお時間をいただきますのであら...",True,b4b130kr2p,2026-09-26 01:01:13,active,2026-09-27 11:02:34,,event_api,False,event_api,active
ufoc6y2kwo,,key-to-lit-arena-tour-2026-neo-classics,2026-10-10,17:30,セキスイハイムスーパーアリーナ,electronic,female,同行,3,5.0,,ランダム,2026-09-27 01:01:03,public_alias_observed,2026-09-27 11:02:34,,,listing,2,25000,"ランダム配布/ご購入後はこちらからの連絡を待たずに苗字（偽名可）とお電話番号のご連絡をお願いします。

複数名義所持しているため、入場後チケットを一度回収しラン...",True,ufoc6y2kwo,2026-09-26 19:01:17,active,2026-09-27 11:02:34,,event_api,False,event_api,active
auoy8dddd2,,key-to-lit-arena-tour-2026-neo-classics,2026-10-10,17:30,セキスイハイムスーパーアリーナ,electronic,female,同行,れ,5.0,,番手,2026-09-27 01:01:03,public_alias_observed,2026-09-27 11:02:34,,,listing,2,65000,"FC先行/初期当選/すり替えなし/期限内/6名義中4番手/下3桁提示可/全て該当名義

プラベル出品に切り替えます。
プラベル分からない方はご遠慮ください。その...",True,auoy8dddd2,2026-09-26 01:01:13,active,2026-09-27 11:02:34,,event_api,False,event_api,active
3iqg7ecppi,,key-to-lit-arena-tour-2026-neo-classics,2026-10-10,17:30,セキスイハイムスーパーアリーナ,electronic,female,同行,⭐️,5.0,,同行,2026-09-27 01:01:03,public_alias_observed,2026-09-27 11:02:34,,,listing,1,80000,"同行/該当名義/初期当選/有効期限内/下3桁提示可/変更ボタンあり

当方との同行になります。岩﨑担不可

会場の15分前に指定した場所にお集まりいただき同時入...",True,3iqg7ecppi,2026-09-26 09:01:11,active,2026-09-27 11:02:34,,event_api,False,event_api,active
xfhoxcs58x,,key-to-lit-arena-tour-2026-neo-classics,2026-10-10,17:30,セキスイハイムスーパーアリーナ,electronic,female,同行,M,5.0,,番手同行,2026-09-27 01:01:03,public_alias_observed,2026-09-27 11:02:34,,,listing,2,65000,"2名義中2番手
2連初期当選/該当名義(変更ボタンあり)/有効期限内/過去エラー等不備無し/着ブロ希望無し/下3桁提示可/前ツアー座席は新潟①アリーナ後方②仮設...",True,xfhoxcs58x,2026-09-26 01:01:13,active,2026-09-27 11:02:34,,event_api,False,event_api,active
teillgm2a7,,key-to-lit-arena-tour-2026-neo-classics,2026-10-10,17:30,セキスイハイムスーパーアリーナ,electronic,female,同行,pom,5.0,,番手,2026-09-27 01:01:03,public_alias_observed,2026-09-27 11:02:34,,,listing,2,72000,"3名義中2番手/情報局先行座席未定/全て初期当選/全て該当名義/すり替えなし/有効期間内/変更ボタンあり/下3桁提示可/着ブロ指定ではありません

会場付近にて...",True,teillgm2a7,2026-09-26 01:01:13,active,2026-09-27 11:02:34,,event_api,False,event_api,active
ksdvhpeh0r,,key-to-lit-arena-tour-2026-neo-classics,2026-10-10,17:30,セキスイハイムスーパーアリーナ,electronic,female,同時入場,TA,5.0,,ランダム,2026-09-27 01:01:03,public_alias_observed,2026-09-27 11:02:34,,,listing,1,16300,"ランダム配布 同時入場 立見なし 全て指定席 有効会員
ランダム配布をご理解している方のみご購入ください。
男性の方、日本語か話せる外国人の方も購入できます。...",True,ksdvhpeh0r,2026-09-26 01:01:13,active,2026-09-27 11:02:34,,event_api,False,event_api,active
g7ra0rgh3o,,key-to-lit-arena-tour-2026-neo-classics,2026-10-10,17:30,セキスイハイムスーパーアリーナ,electronic,female,同行,rrrs00000,5.0,,番手,2026-09-27 01:01:03,public_alias_observed,2026-09-27 11:02:34,,,listing,2,45000,"2名義中2番手
初期当選.復活当選/非該当/有効期限内/すり替えなし/下3桁提示可/サイチェン可

・公演当日は開場15分前を目安に会場付近でお待ち合わせのうえ...",True,g7ra0rgh3o,2026-09-26 02:01:13,active,2026-09-27 11:02:34,,event_api,False,event_api,active
cn46yrzzpw,,key-to-lit-arena-tour-2026-neo-classics,2026-10-10,17:30,セキスイハイムスーパーアリーナ,electronic,female,同行,T,5.0,,番手,2026-09-27 01:01:03,public_alias_observed,2026-09-27 11:02:34,,,listing,2,60000,"5名義中3番手
初期当選/該当名義/有効期限内/変更ボタン有/すり替えなし/下３桁提示可

指定したお時間に集合し、同時入場をしていただきます。遅刻された場合は...",True,cn46yrzzpw,2026-09-26 01:01:13,active,2026-09-27 11:02:34,,event_api,False,event_api,active
yeo7s6cewh,,key-to-lit-arena-tour-2026-neo-classics,2026-10-10,17:30,セキスイハイムスーパーアリーナ,electronic,female,【条件あり】当日手渡し/座席未定/ランダム配布/有効会員,T,4.9,,同行ランダム,2026-09-27 01:01:03,public_alias_observed,2026-09-27 11:02:34,,,listing,1,15000,"《開場30分前集合予定》

※レビュー(評価4.8以上)ある方のみ申請下さい。
※購入時のコメント不要です。
★購入後に当日連絡のつくお電話番号と氏名(苗字)を...",True,yeo7s6cewh,2026-09-26 01:01:13,active,2026-09-27 11:02:34,,event_api,False,event_api,active
b9371rio40,,key-to-lit-arena-tour-2026-neo-classics,2026-10-10,17:30,セキスイハイムスーパーアリーナ,electronic,female,同行,T,5.0,,番手,2026-09-27 01:01:03,public_alias_observed,2026-09-27 11:02:34,,,listing,2,37000,"5名義中5番手
初期当選/該当名義/有効期限内/変更ボタン有/すり替えなし/下３桁提示可

指定したお時間に集合し、同時入場をしていただきます。遅刻された場合は...",True,b9371rio40,2026-09-26 01:01:13,active,2026-09-27 11:02:34,,event_api,False,event_api,active
wb9g42vgrm,,key-to-lit-arena-tour-2026-neo-classics,2026-10-10,17:30,セキスイハイムスーパーアリーナ,electronic,female,公演日前日にQRコード共有,A,5.0,,QR,2026-09-27 01:01:03,public_alias_observed,2026-09-27 11:02:34,,,listing,2,62500,"QR毎/該当名義/初期当選/重複すり替えなし/下3桁提示可

プラベルお取引ご希望の方はメッセージください。

公演前日に連絡ボードにてログイン情報をお伝え致し...",True,wb9g42vgrm,2026-09-26 01:01:13,active,2026-09-27 11:02:34,,event_api,False,event_api,active
f9sytetu9y,,key-to-lit-arena-tour-2026-neo-classics,2026-10-10,17:30,セキスイハイムスーパーアリーナ,electronic,female,同行,3,5.0,,ランダム,2026-09-27 01:01:03,public_alias_observed,2026-09-27 11:02:34,,,listing,1,14900,"ランダム配布
ご購入後はこちらからの連絡を待たずに苗字（偽名可）とお電話番号のご連絡をお願いします。

複数名義所持しているため、入場後チケットを一度回収しラン...",True,f9sytetu9y,2026-09-26 19:01:17,active,2026-09-27 11:02:34,,event_api,False,event_api,active
8zg2fnzq6d,,key-to-lit-arena-tour-2026-neo-classics,2026-10-10,17:30,セキスイハイムスーパーアリーナ,electronic,female,公演日前日までにログイン情報共有,y,4.8,,QR,2026-09-27 01:01:03,public_alias_observed,2026-09-27 11:02:34,,,listing,2,68000,"初期当選 / QR / すり替えなし / 下3桁掲示可能 / 有効期限内 / 該当名義(変更ボタンあり) / Pay-easy決済 / 過去エラーなし

公演前...",True,8zg2fnzq6d,2026-09-26 01:01:13,active,2026-09-27 11:02:34,,event_api,False,event_api,active
c4sg985yfz,,key-to-lit-arena-tour-2026-neo-classics,2026-10-10,17:30,セキスイハイムスーパーアリーナ,electronic,female,同行,みかん,5.0,,番手,2026-09-27 01:01:03,public_alias_observed,2026-09-27 11:02:34,,,listing,1,55000,"3名義中3番手(2連中1枚)
初期当選/該当名義/変ボあり/有効期限内/すり替えなし/下3桁提示可

同時入場後当方が座席選択次第、3名義中3番手のチケットをお...",True,c4sg985yfz,2026-09-26 01:01:13,active,2026-09-27 11:02:34,,event_api,False,event_api,active
wyanqjt2cs,,key-to-lit-arena-tour-2026-neo-classics,2026-10-10,17:30,セキスイハイムスーパーアリーナ,electronic,female,5名義中5番手,な,5.0,,番手,2026-09-27 01:01:03,public_alias_observed,2026-09-27 11:02:34,,,listing,2,55000,"5名義中5番手
該当名義/有効期限内/変更ボタン有/すり替えなし/下3桁提示可

当日指定した時間に集合し、同時入場をしていただきます。
事前に電話番号をお伺い...",True,wyanqjt2cs,2026-09-26 14:01:52,active,2026-09-27 11:02:34,,event_api,False,event_api,active
1xxzpghjaw,,key-to-lit-arena-tour-2026-neo-classics,2026-10-10,17:30,セキスイハイムスーパーアリーナ,electronic,female,入金後3時間以内にQRコード共有,ユカ,5.0,,QR,2026-09-27 01:01:03,public_alias_observed,2026-09-27 11:02:34,,,listing,2,62000,"情報局先行 KEY TO LIT 井上瑞稀名義 初期当選 指定席 2枚申し込み QRごとのお譲り 条件ございません 座席未定

情報局先行 ２枚申込みでの当選し...",True,1xxzpghjaw,2026-09-26 01:01:13,active,2026-09-27 11:02:34,,event_api,False,event_api,active
9kox304379,,key-to-lit-arena-tour-2026-neo-classics,2026-10-10,17:30,セキスイハイムスーパーアリーナ,electronic,female,同行,取引,5.0,,,2026-09-27 01:01:03,public_alias_observed,2026-09-27 11:02:34,,,listing,1,15500,"プライベート出品に変えますのでコメントください。
・指定の場所に集合後、同時入場して頂きます。時間厳守できる方でお願い致します。万が一、遅刻された場合もこちらで...",True,9kox304379,2026-09-26 01:01:13,active,2026-09-27 11:02:34,,event_api,False,event_api,active
wu9uj4ykq8,,key-to-lit-arena-tour-2026-neo-classics,2026-10-10,17:30,セキスイハイムスーパーアリーナ,electronic,female,同行,ゆ,5.0,,同行,2026-09-27 01:01:03,public_alias_observed,2026-09-27 11:02:34,,,listing,1,68000,"初期当選/該当名義/重複すり替えなし/着ブロ指定なし/下3桁提示可能/有効期限内/変更ボタン有/猪狩担不可

2連中1枚当方との同行になります。
連番内のお席は...",True,wu9uj4ykq8,2026-09-26 01:01:13,active,2026-09-27 11:02:34,,event_api,False,event_api,active
h19lr72xad,,key-to-lit-arena-tour-2026-neo-classics,2026-10-10,17:30,セキスイハイムスーパーアリーナ,electronic,female,同行,Mi,5.0,,番手,2026-09-27 01:01:03,public_alias_observed,2026-09-27 11:02:34,,,listing,2,70000,"4名義中の2番手、2連。
全て該当、初期当選、有効期限内。

2連×4組のチケットを所持しております。
チケット発券後に回収させていただき、1組が選択後に残った...",True,h19lr72xad,2026-09-26 17:01:17,active,2026-09-27 11:02:34,,event_api,False,event_api,active
f40mtspawb,,key-to-lit-arena-tour-2026-neo-classics,2026-10-10,17:30,セキスイハイムスーパーアリーナ,electronic,female,同行,K,5.0,,同行番手,2026-09-27 01:01:03,public_alias_observed,2026-09-27 11:02:34,,,listing,2,53000,"すり替えなし3名義中3番手1-2枚
該当(変更ボタンあり)/初期当選/有効期限内

⭐︎開場時間に会場付近にて待合せ予定となります
⭐︎プラベルまたはプライベー...",True,f40mtspawb,2026-09-26 01:01:13,active,2026-09-27 11:02:34,,event_api,False,event_api,active
ttrpul45ne,,key-to-lit-arena-tour-2026-neo-classics,2026-10-10,17:30,セキスイハイムスーパーアリーナ,electronic,female,同行,♡,4.4,,ランダム,2026-09-27 01:01:03,public_alias_observed,2026-09-27 11:02:34,,,listing,2,30000,"ランダム配布を理解している方のみご購入ください。

複数名義所持しているため、同時入場後は発券したチケットを一度回収させて頂き、座席はこちらで選ばせて頂きます。...",True,ttrpul45ne,2026-09-26 01:01:13,active,2026-09-27 11:02:34,,event_api,False,event_api,active
kem5vspvkb,,key-to-lit-arena-tour-2026-neo-classics,2026-10-10,17:30,セキスイハイムスーパーアリーナ,electronic,female,同行,K,5.0,,同行番手,2026-09-27 01:01:03,public_alias_observed,2026-09-27 11:02:34,,,listing,2,71000,"すり替えなし3名義中2番手1-2枚
該当(変更ボタンあり)/初期当選/有効期限内

⭐︎開場時間に会場付近にて待合せ予定となります
⭐︎プラベルまたはプライベー...",True,kem5vspvkb,2026-09-26 01:01:13,active,2026-09-27 11:02:34,,event_api,False,event_api,active
jfmh0kwlq1,,key-to-lit-arena-tour-2026-neo-classics,2026-10-10,17:30,セキスイハイムスーパーアリーナ,electronic,female,同行,れ,5.0,,番手,2026-09-27 01:01:03,public_alias_observed,2026-09-27 11:02:34,,,listing,2,47000,"FC先行/初期当選/すり替えなし/期限内/6名義中5番手/下3桁提示可/全て該当名義

プラベル出品に切り替えます。
プラベル分からない方はご遠慮ください。その...",True,jfmh0kwlq1,2026-09-26 01:01:13,active,2026-09-27 11:02:34,,event_api,False,event_api,active
ynpci5c59i,,key-to-lit-arena-tour-2026-neo-classics,2026-10-10,17:30,セキスイハイムスーパーアリーナ,electronic,female,同行,T,5.0,,番手,2026-09-27 01:01:03,public_alias_observed,2026-09-27 11:02:34,,,listing,2,70000,"5名義中2番手
初期当選/該当名義/有効期限内/変更ボタン有/すり替えなし/下３桁提示可

指定したお時間に集合し、同時入場をしていただきます。遅刻された場合は...",True,ynpci5c59i,2026-09-26 01:01:13,active,2026-09-27 11:02:34,,event_api,False,event_api,active
70q304mbvd,,key-to-lit-arena-tour-2026-neo-classics,2026-10-10,17:30,セキスイハイムスーパーアリーナ,electronic,female,同行,T,5.0,,番手,2026-09-27 01:01:03,public_alias_observed,2026-09-27 11:02:34,,,listing,2,47000,"5名義中4番手
初期当選/該当名義/有効期限内/変更ボタン有/すり替えなし/下３桁提示可

指定したお時間に集合し、同時入場をしていただきます。遅刻された場合は...",True,70q304mbvd,2026-09-26 01:01:13,active,2026-09-27 11:02:34,,event_api,False,event_api,active
hx78viaf62,,key-to-lit-arena-tour-2026-neo-classics,2026-10-03,18:00,マリンメッセ福岡 A館,electronic,female,3名義中2番手,m,5.0,,番手,2026-09-27 02:01:12,public_alias_observed,2026-09-27 11:02:34,,,listing,1,40000,"3名義中2番手 / すり替えなし / FC先行初期当選 / 全て入所日該当名義 / 下3桁提示可能 / 有効期限内 / 変更ボタン有り
 
・プライベート出品い...",True,hx78viaf62,2026-09-26 02:01:13,active,2026-09-27 11:02:34,,event_api,False,event_api,active
z5vdusml61,,key-to-lit-arena-tour-2026-neo-classics,2026-10-03,18:00,マリンメッセ福岡 A館,electronic,female,番手でのお渡し,tpjm,5.0,,QR番手,2026-09-27 02:01:12,public_alias_observed,2026-09-27 11:02:34,,,listing,1,28000,"4名義中4番手（5枚中5枚目）/初期当選、復活当選/有効期限内/すり替えなし/下3桁提示可/着ブロ希望なし/座席未定

公演当日は当方が指定する場所、時間に集合...",True,z5vdusml61,2026-09-26 02:01:13,active,2026-09-27 11:02:34,,event_api,False,event_api,active
x1qcmb4kwz,,key-to-lit-arena-tour-2026-neo-classics,2026-10-03,18:00,マリンメッセ福岡 A館,electronic,female,同行,あ,5.0,,番手,2026-09-27 02:01:12,public_alias_observed,2026-09-27 11:02:34,,,listing,2,25000,"4名義中3番手
全て初期当選/下3桁提示可/すり替えなし
プライベート出品に切り替えますのでご希望の方はコメントお願い致します。

他サイトにも出品しているため...",True,x1qcmb4kwz,2026-09-26 02:01:13,active,2026-09-27 11:02:34,,event_api,False,event_api,active
jndtmvku5i,,key-to-lit-arena-tour-2026-neo-classics,2026-10-03,18:00,マリンメッセ福岡 A館,electronic,female,同行,aaa,5.0,,番手同行,2026-09-27 02:01:12,public_alias_observed,2026-09-27 11:02:34,,,listing,2,30000,"5名義中5番手/FC先行初期当選/該当名義/下3桁提示可能/有効期限内/本確対応不可

【お取引成立後はプライベートモードへ移行させていただくので、ご購入前に必...",True,jndtmvku5i,2026-09-26 02:01:13,active,2026-09-27 11:02:34,,event_api,False,event_api,active
rkikineprv,,key-to-lit-arena-tour-2026-neo-classics,2026-10-03,18:00,マリンメッセ福岡 A館,electronic,female,同時入場,TA,5.0,,ランダム,2026-09-27 02:01:12,public_alias_observed,2026-09-27 11:02:34,,,listing,1,13800,"ランダム配布 同時入場 立見なし 全て指定席 有効会員
ランダム配布をご理解している方のみご購入ください。
男性の方、日本語か話せる外国人の方も購入できます。...",True,rkikineprv,2026-09-26 02:01:13,active,2026-09-27 11:02:34,,event_api,False,event_api,active
6341xzv29q,,key-to-lit-arena-tour-2026-neo-classics,2026-10-03,18:00,マリンメッセ福岡 A館,electronic,female,入金後3時間以内にQRコード共有,ユカ,5.0,,QR,2026-09-27 02:01:12,public_alias_observed,2026-09-27 11:02:34,,,listing,2,47000,"情報局先行 KEY TO LIT 井上瑞稀名義 初期当選 指定席 2枚申し込み QRごとのお譲り 条件ございません 座席未定

情報局先行 ２枚申込みでの当選し...",True,6341xzv29q,2026-09-26 02:01:13,active,2026-09-27 11:02:34,,event_api,False,event_api,active
iq9w1yasey,,key-to-lit-arena-tour-2026-neo-classics,2026-10-03,18:00,マリンメッセ福岡 A館,electronic,female,同行,取引,5.0,,ランダム,2026-09-27 02:01:12,public_alias_observed,2026-09-27 11:02:34,,,listing,1,7000,・指定の場所に集合後、同時入場して頂きます。時間厳守できる方でお願い致します。万が一、遅刻された場合もこちらで先に入場致しますが、その際も受け取り評価して頂きま...,True,iq9w1yasey,2026-09-26 02:01:13,active,2026-09-27 11:02:34,,event_api,False,event_api,active
8y5shu8wyl,,key-to-lit-arena-tour-2026-neo-classics,2026-10-03,18:00,マリンメッセ福岡 A館,electronic,female,入金後24時間以内にQRコード共有,aaa,5.0,,QR,2026-09-27 02:01:12,public_alias_observed,2026-09-27 11:02:34,,,listing,2,65000,"QRごと / すり替え重複なし / FC有効期限内
下3桁提示可 

公演当日、ログインに必要な情報をお伝えします。

公演が中止となった場合のみ、手数料を差し...",True,8y5shu8wyl,2026-09-26 02:01:13,active,2026-09-27 11:02:34,,event_api,False,event_api,active
7pk8rd5ygp,,key-to-lit-arena-tour-2026-neo-classics,2026-10-03,18:00,マリンメッセ福岡 A館,electronic,female,同行,ひ,5.0,,同行記載あり,2026-09-27 02:01:12,public_alias_observed,2026-09-27 11:02:34,,,listing,1,55000,"本人確認対応可/重複すり替えなし/サイチェン可/入場受け取り評価後即解散/初期当選/変ボ有り該当名義 /着ブロ希望なし/有効期限内

当方と同行になります(中村...",True,7pk8rd5ygp,2026-09-26 02:01:13,active,2026-09-27 11:02:34,,event_api,False,event_api,active
c52fe6fjpx,,key-to-lit-arena-tour-2026-neo-classics,2026-10-03,18:00,マリンメッセ福岡 A館,electronic,female,同行,ole,5.0,,,2026-09-27 02:01:12,public_alias_observed,2026-09-27 11:02:34,,,listing,1,50000,"初期当選/該当名義/期限内 変更ボタンあり/重複 すり替え無し/下3桁提示可

開場時間に会場周辺集合、同時入場後一旦発券された座席までご移動お願いいたします。...",True,c52fe6fjpx,2026-09-26 02:01:13,active,2026-09-27 11:02:34,,event_api,False,event_api,active
cbragcqus5,,key-to-lit-arena-tour-2026-neo-classics,2026-10-03,18:00,マリンメッセ福岡 A館,electronic,female,同行,ゆ,5.0,,,2026-09-27 02:01:12,public_alias_observed,2026-09-27 11:02:34,,,listing,2,28000,"3名義中3番手/該当2非該当1/過去エラーなし/有効期限内/変更ボタンあり/すり替えなし/下3桁提示可能

当日は会場30分～15分前に会場付近に待ち合わせし、...",True,cbragcqus5,2026-09-26 02:01:13,active,2026-09-27 11:02:34,,event_api,False,event_api,active
yyy2usfzzi,,key-to-lit-arena-tour-2026-neo-classics,2026-10-03,18:00,マリンメッセ福岡 A館,electronic,none,ランダム配布,め,5.0,,ランダム記載あり,2026-09-27 02:01:12,public_alias_observed,2026-09-27 11:02:34,,,listing,1,15000,"【1名義のみのランダム配布】
FC枠当選
・同時入場後チケットを一度回収し、こちらでお渡しするチケットを選択した後に再配布させていただきます。
お渡しする座席へ...",True,yyy2usfzzi,2026-09-26 02:01:13,active,2026-09-27 11:02:34,,event_api,False,event_api,active
s98fwqmtmh,,key-to-lit-arena-tour-2026-neo-classics,2026-10-03,18:00,マリンメッセ福岡 A館,electronic,female,同行,aaa,5.0,,同行番手,2026-09-27 02:01:12,public_alias_observed,2026-09-27 11:02:34,,,listing,2,40000,"5名義中4番手/FC先行初期当選/該当名義/下3桁提示可能/有効期限内/本確対応不可

【お取引成立後はプライベートモードへ移行させていただくので、ご購入前に必...",True,s98fwqmtmh,2026-09-26 02:01:13,active,2026-09-27 11:02:34,,event_api,False,event_api,active
mesj9sa1m1,,key-to-lit-arena-tour-2026-neo-classics,2026-10-03,18:00,マリンメッセ福岡 A館,electronic,female,公演日前日にログイン情報共有,あ,5.0,,QR,2026-09-27 02:01:12,public_alias_observed,2026-09-27 11:02:34,,,listing,2,45000,"QRごと/非該当名義/初期当選/有効期限内/会員番号下3桁提示可能/着ブロ希望なし

同行者登録は買い手様ご自身でお願いします。
名義を傷つける行為はお辞めくだ...",True,mesj9sa1m1,2026-09-26 02:01:13,active,2026-09-27 11:02:34,,event_api,False,event_api,active
nftr6qgds8,,key-to-lit-arena-tour-2026-neo-classics,2026-10-03,18:00,マリンメッセ福岡 A館,electronic,female,同行,s,5.0,,同行,2026-09-27 02:01:12,public_alias_observed,2026-09-27 11:02:34,,,listing,1,60000,"2連中1枚同行 
初期当選/該当名義（変更ボタンあり）/有効期限内/下3桁提示可/本確対応可/着ブロ希望なし

開場10分前に会場付近で待ち合わせを予定していま...",True,nftr6qgds8,2026-09-26 02:01:13,active,2026-09-27 11:02:34,,event_api,False,event_api,active
hak8r78s01,,key-to-lit-arena-tour-2026-neo-classics,2026-10-03,18:00,マリンメッセ福岡 A館,electronic,female,同行,T,5.0,,同行番手,2026-09-27 02:01:12,public_alias_observed,2026-09-27 11:02:34,,,listing,2,45000,"5名義中3番手/初期当選/有効期限内/すり替えなし/下3桁提示可/着ブロ希望なし/座席未定

5名義中3番手

ご購入の方はプラベル出品いたしますのでお声がけ下...",True,hak8r78s01,2026-09-26 02:01:13,active,2026-09-27 11:02:34,,event_api,False,event_api,active
bsxfwqdx2o,,key-to-lit-arena-tour-2026-neo-classics,2026-10-03,18:00,マリンメッセ福岡 A館,electronic,female,同行,u.,5.0,,番手,2026-09-27 02:01:12,public_alias_observed,2026-09-27 11:02:34,,,listing,2,40000,"


6名義中4番手/初期当選/ボタンあり/該当名義/有効期限内/すり替えなし/同一クレカ支払いなし/本人確認不可/着ブロ希望なし/座席未定/下3桁の提示可/同...",True,bsxfwqdx2o,2026-09-26 02:01:13,active,2026-09-27 11:02:34,,event_api,False,event_api,active
k2h8kwwk0w,,key-to-lit-arena-tour-2026-neo-classics,2026-10-03,18:00,マリンメッセ福岡 A館,electronic,female,2名義中2番手,うさ,5.0,,番手,2026-09-27 02:01:12,public_alias_observed,2026-09-27 11:02:34,,,listing,2,35000,"2名義中2番手/初期当選/有効期限内/すり替えなし/下3桁提示可/座席未定

公演当日は当方が指定する場所、時間に集合していただき同時入場となります。

公演中...",True,k2h8kwwk0w,2026-09-26 02:01:13,active,2026-09-27 11:02:34,,event_api,False,event_api,active
eytngx7zbz,,key-to-lit-arena-tour-2026-neo-classics,2026-10-03,18:00,マリンメッセ福岡 A館,electronic,none,当日手渡し,れ,4.8,,ランダム,2026-09-27 02:01:12,public_alias_observed,2026-09-27 11:02:34,,,listing,2,14500,"ランダム配布(2連確約,立ち見なし)

【取引にあたり注意事項】
日本語理解できる方、日本の電話番号お持ちの方のみ購入をお願いいたします。

チケット取引につい...",True,eytngx7zbz,2026-09-26 02:01:13,active,2026-09-27 11:02:34,,event_api,False,event_api,active
o52idr3u3g,,key-to-lit-arena-tour-2026-neo-classics,2026-10-03,18:00,マリンメッセ福岡 A館,electronic,female,同行,T,5.0,,同行番手,2026-09-27 02:01:12,public_alias_observed,2026-09-27 11:02:34,,,listing,2,37000,"5名義中4番手/初期当選/有効期限内/すり替えなし/下3桁提示可/着ブロ希望なし/座席未定

5名義中4番手

ご購入の方はプラベル出品いたしますのでお声がけ下...",True,o52idr3u3g,2026-09-26 02:01:13,active,2026-09-27 11:02:34,,event_api,False,event_api,active
jlosv03f34,,key-to-lit-arena-tour-2026-neo-classics,2026-10-03,18:00,マリンメッセ福岡 A館,electronic,female,公演当日QRコード共有,くりた,5.0,,QR,2026-09-27 02:01:12,public_alias_observed,2026-09-27 11:02:34,,,listing,2,65000,"QRごと / すり替え重複なし / FC有効期限内
下3桁提示可 / 同行者登録可能

公演当日、ログインに必要な情報をお伝えします。

公演が中止となった場合...",True,jlosv03f34,2026-09-26 02:01:13,active,2026-09-27 11:02:34,,event_api,False,event_api,active
8ixand0c0l,,key-to-lit-arena-tour-2026-neo-classics,2026-10-03,18:00,マリンメッセ福岡 A館,electronic,female,即渡し,あ,5.0,,番手,2026-09-27 02:01:12,public_alias_observed,2026-09-27 11:02:34,,,listing,1,20000,"4名義中4番手
全て初期当選/下3桁提示可/すり替えなし/即渡し/4番手内1枚目

プライベート出品に切り替えますので、ご希望の方はコメントお願い致します。...",True,8ixand0c0l,2026-09-26 02:01:13,active,2026-09-27 11:02:34,,event_api,False,event_api,active
qx50t6btjv,,key-to-lit-arena-tour-2026-neo-classics,2026-10-03,18:00,マリンメッセ福岡 A館,electronic,female,公演日1日前にQRコード共有,しー,5.0,,QR,2026-09-27 02:01:12,public_alias_observed,2026-09-27 11:02:34,,,listing,2,50000,QRごと/下3桁提示/有効期限内／同行者登録は買い手様でお願いします。入場後に座席の写メを送って頂ける方。ご購入前にコメントを頂ければ即決に変更させて頂きます。...,True,qx50t6btjv,2026-09-26 02:01:13,active,2026-09-27 11:02:34,,event_api,False,event_api,active
rtrubwcm3h,,key-to-lit-arena-tour-2026-neo-classics,2026-10-03,18:00,マリンメッセ福岡 A館,paper,female,当日手渡し,取引,5.0,,同行番手,2026-09-27 02:01:12,public_alias_observed,2026-09-27 11:02:34,,,listing,2,23000,"★すり替えなし 指定席のみ 2連確約★
全名義入場後約10分以内にお渡しします。プライベート出品に変えますのでコメントください。
・指定の場所に集合後、同時入場...",True,rtrubwcm3h,2026-09-26 02:01:13,active,2026-09-27 11:02:34,,event_api,False,event_api,active
ibavtiw9rk,,key-to-lit-arena-tour-2026-neo-classics,2026-10-03,18:00,マリンメッセ福岡 A館,electronic,female,同行,ゆ,5.0,,番手同行QR,2026-09-27 02:01:12,public_alias_observed,2026-09-27 11:02:34,,,listing,2,30000,"2名義中2番手
両方とも該当(変ボあり)/初期当選/下3桁提示可/有効会員

開場時間の10分前までに会場付近でお集まりいただき、同時入場いたします。
遅刻され...",True,ibavtiw9rk,2026-09-26 02:01:13,active,2026-09-27 11:02:34,,event_api,False,event_api,active
pu7o388w8x,,key-to-lit-arena-tour-2026-neo-classics,2026-10-03,18:00,マリンメッセ福岡 A館,electronic,female,同行,め,5.0,,同行,2026-09-27 02:01:12,public_alias_observed,2026-09-27 11:02:34,,,listing,1,55000,"2名義中1番手同行
初期当選/該当名義/すり替えなし/下3桁提示可

購入意思のないいいねはお控えください

連番の場合連番内の番号はお選び頂けませんが同等の席...",True,pu7o388w8x,2026-09-26 02:01:13,active,2026-09-27 11:02:34,,event_api,False,event_api,active
omb4emn5c9,,key-to-lit-arena-tour-2026-neo-classics,2026-10-03,18:00,マリンメッセ福岡 A館,electronic,female,同行,u.,5.0,,番手,2026-09-27 02:01:12,public_alias_observed,2026-09-27 11:02:34,,,listing,2,30000,"


6名義中5番手/初期当選/ボタンあり/該当名義/有効期限内/すり替えなし/同一クレカ支払いなし/本人確認不可/着ブロ希望なし/座席未定/下3桁の提示可/同...",True,omb4emn5c9,2026-09-26 02:01:13,active,2026-09-27 11:02:34,,event_api,False,event_api,active
qfvql52wb7,,key-to-lit-arena-tour-2026-neo-classics,2026-10-03,18:00,マリンメッセ福岡 A館,electronic,female,同行,あ,5.0,,番手,2026-09-27 02:01:12,public_alias_observed,2026-09-27 11:02:34,,,listing,2,30000,"すり替えなし2名義中2番手
該当エラー等なし
変更ボタン有 有効期限内 下3桁提示可能


開場30分前目安に集合して頂きます。
同時入場後 チケットを選ぶ際に...",True,qfvql52wb7,2026-09-26 02:01:13,active,2026-09-27 11:02:34,,event_api,False,event_api,active
y7jwbnrn7b,,key-to-lit-arena-tour-2026-neo-classics,2026-10-03,18:00,マリンメッセ福岡 A館,paper,female,当日手渡し,m,5.0,,ランダム,2026-09-27 02:01:12,public_alias_observed,2026-09-27 11:02:34,,,listing,1,7999,"管理の関係でプライベート出品させていただきたいので購入希望の方はコメントお願いします。
ランダム配布を理解されている日本語の通じる女性の方のみご購入お願いいたし...",True,y7jwbnrn7b,2026-09-26 02:01:13,active,2026-09-27 11:02:34,,event_api,False,event_api,active
if703mb7jh,,key-to-lit-arena-tour-2026-neo-classics,2026-10-03,18:00,マリンメッセ福岡 A館,electronic,female,ランダム配布,K,5.0,,ランダム,2026-09-27 02:01:12,public_alias_observed,2026-09-27 11:02:34,,,listing,1,6000,・指定の場所に集合後、同時入場して頂きます。時間厳守できる方でお願い致します。万が一、遅刻された場合もこちらで先に入場致しますが、その際も受け取り評価して頂きま...,True,if703mb7jh,2026-09-26 01:01:13,active,2026-09-27 11:02:34,,event_api,False,event_api,active
kjp7svdz3b,,key-to-lit-arena-tour-2026-neo-classics,2026-10-03,18:00,マリンメッセ福岡 A館,paper,female,当日手渡し,13,5.0,,番手,2026-09-27 02:01:12,public_alias_observed,2026-09-27 11:02:34,,,listing,2,35000,"2名義中2番手　2連希望優先
1番手は入所日非該当 
下3桁提示可/有効期限内/変ボあり/

・同時入場後にチケットを全て回収させて頂き、こちらで先に座席を選ば...",True,kjp7svdz3b,2026-09-26 02:01:13,active,2026-09-27 11:02:34,,event_api,False,event_api,active
kit64wj7og,,key-to-lit-arena-tour-2026-neo-classics,2026-10-03,18:00,マリンメッセ福岡 A館,electronic,female,同行,T,5.0,,同行番手,2026-09-27 02:01:12,public_alias_observed,2026-09-27 11:02:34,,,listing,2,0,"5名義中2番手/初期当選/有効期限内/すり替えなし/下3桁提示可/着ブロ希望なし/座席未定

5名義中2番手

ご購入の方はプライベート出品いたしますのでお声が...",True,kit64wj7og,2026-09-26 02:01:13,active,2026-09-27 11:02:34,,event_api,True,on_request,active
9gb7dwbrq2,,key-to-lit-arena-tour-2026-neo-classics,2026-10-03,18:00,マリンメッセ福岡 A館,electronic,female,5名義中5番手,ねこ,5.0,,番手,2026-09-27 02:01:12,public_alias_observed,2026-09-27 11:02:34,,,listing,2,25000,"✨5名義中5番手✨
全て初期当選/変更ボタンあり/該当名義/すり替えなし/下3桁提示可/有効期限内/同行者登録可

開場時間の45分前頃に会場付近にて待ち合わせ...",True,9gb7dwbrq2,2026-09-26 02:01:13,active,2026-09-27 11:02:34,,event_api,False,event_api,active
pikgbdhsiw,,key-to-lit-arena-tour-2026-neo-classics,2026-10-03,18:00,マリンメッセ福岡 A館,electronic,female,同行,t,5.0,,,2026-09-27 02:01:12,public_alias_observed,2026-09-27 11:02:34,,,listing,2,37000,"情報局先行 座席未定 初期当選 2名義中2番手  全て該当名義・有効期限内

公演当日、会場付近にて待ち合わせし、同時入場していただきます。
詳しい待ち合わせ時...",True,pikgbdhsiw,2026-09-26 02:01:13,active,2026-09-27 11:02:34,,event_api,False,event_api,active
6tcnh9gg2w,,key-to-lit-arena-tour-2026-neo-classics,2026-10-03,18:00,マリンメッセ福岡 A館,electronic,female,同行,aaa,5.0,,ランダム,2026-09-27 02:01:12,public_alias_observed,2026-09-27 11:02:34,,,listing,2,19000,"【ランダム配布にご理解ある方のみご購入お願い致します】
同時入場後、ランダムでチケットをお渡しさせて頂きます。
ご自身での座席選択はできかねますのでご了承くださ...",True,6tcnh9gg2w,2026-09-26 02:01:13,active,2026-09-27 11:02:34,,event_api,False,event_api,active
z9oxm141q5,,key-to-lit-arena-tour-2026-neo-classics,2026-10-03,18:00,マリンメッセ福岡 A館,electronic,female,同行,T,5.0,,同行番手,2026-09-27 02:01:12,public_alias_observed,2026-09-27 11:02:34,,,listing,1,28000,"5名義中5番手/初期当選/有効期限内/すり替えなし/下3桁提示可/着ブロ希望なし/座席未定

5名義中5番手

ご購入の方はプラベル出品いたしますのでお声がけ下...",True,z9oxm141q5,2026-09-26 02:01:13,active,2026-09-27 11:02:34,,event_api,False,event_api,active
o8d0h7exjw,,key-to-lit-arena-tour-2026-neo-classics,2026-10-03,18:00,マリンメッセ福岡 A館,electronic,female,2名義中2番手,す,5.0,,番手,2026-09-27 02:01:12,public_alias_observed,2026-09-27 11:02:34,,,listing,2,30000,"2名義中2番手/初期当選/有効期限内/すり替えなし/下3桁提示可/座席未定

公演当日は当方が指定する場所、時間に集合していただき同時入場となります。
購入者様...",True,o8d0h7exjw,2026-09-26 02:01:13,active,2026-09-27 11:02:34,,event_api,False,event_api,active
g3d7rdgwgo,,key-to-lit-arena-tour-2026-neo-classics,2026-10-03,18:00,マリンメッセ福岡 A館,electronic,female,5名義中4番手,ねこ,5.0,,番手,2026-09-27 02:01:12,public_alias_observed,2026-09-27 11:02:34,,,listing,2,30000,"✨5名義中4番手✨
全て初期当選/変更ボタンあり/該当名義/すり替えなし/下3桁提示可/有効期限内/同行者登録可

開場時間の45分前頃に会場付近にて待ち合わせ...",True,g3d7rdgwgo,2026-09-26 02:01:13,active,2026-09-27 11:02:34,,event_api,False,event_api,active
j5wx8htt7t,,key-to-lit-arena-tour-2026-neo-classics,2026-10-03,18:00,マリンメッセ福岡 A館,electronic,female,同行,dora,5.0,,ランダム,2026-09-27 02:01:12,public_alias_observed,2026-09-27 11:02:34,,,listing,1,15000,"同時入場後、一旦回収させて頂きランダムに配布させて頂きます。座席選択はできませんのでご了承ください。
またランダム配布の為下3桁をお伝えすることはできませんご了...",True,j5wx8htt7t,2026-09-26 02:01:13,active,2026-09-27 11:02:34,,event_api,False,event_api,active
tae48akfkd,,key-to-lit-arena-tour-2026-neo-classics,2026-10-03,18:00,マリンメッセ福岡 A館,electronic,female,3名義中3番手,m,5.0,,番手,2026-09-27 02:01:12,public_alias_observed,2026-09-27 11:02:34,,,listing,2,30000,"3名義中3番手 / すり替えなし / FC先行初期当選 / 全て入所日該当名義 / 下3桁提示可能 / 有効期限内 / 変更ボタン有り

・プライベート出品いた...",True,tae48akfkd,2026-09-26 02:01:13,active,2026-09-27 11:02:34,,event_api,False,event_api,active
wsxl8mv7ws,,key-to-lit-arena-tour-2026-neo-classics,2026-10-03,18:00,マリンメッセ福岡 A館,electronic,female,同行,ゆ,5.0,,同行,2026-09-27 02:01:12,public_alias_observed,2026-09-27 11:02:34,,,listing,1,56000,"プラベル通しで5.5までお値下げ可能です
情報局先行 座席未定/2名義中1番手同行/中村担不可/該当名義/有効期限内/会員番号下3桁提示可/公演中止時のみ各種手...",True,wsxl8mv7ws,2026-09-26 02:01:13,active,2026-09-27 11:02:34,,event_api,False,event_api,active
vv6p27hfcl,,key-to-lit-arena-tour-2026-neo-classics,2026-10-03,18:00,マリンメッセ福岡 A館,electronic,female,公演当日当方が指定する場所、時間に集合していただき同時入場して頂きます。,♡,5.0,,番手,2026-09-27 02:01:12,public_alias_observed,2026-09-27 10:41:21,,,deleted,2,21000,"3名義3番手/初期当選/有効期限内/すり替えなし/下3桁提示可/座席未定

3名義3番手

ご購入の方はプライベート出品いたしますのでお声がけ下さい。

公演当...",True,vv6p27hfcl,2026-09-26 02:01:13,deleted_confirmed,2026-09-27 10:41:21,2026-09-27 10:01:16,public_detail,False,public_detail,cancelled
oslctd8qw0,,key-to-lit-arena-tour-2026-neo-classics,2026-10-03,18:00,マリンメッセ福岡 A館,electronic,female,番手でのお渡し,tpjm,5.0,,QR番手,2026-09-27 02:01:12,public_alias_observed,2026-09-27 11:02:34,,,listing,1,38000,"開場時間10分前に集合し、同時入場をお願いします。チケットは単番と連番含む4名義中3番手となります。（5枚中4枚目、全て非該当）
また、公演中止以外の理由（ラン...",True,oslctd8qw0,2026-09-26 02:01:13,active,2026-09-27 11:02:34,,event_api,False,event_api,active
cnolvse6iw,,key-to-lit-arena-tour-2026-neo-classics,2026-10-03,18:00,マリンメッセ福岡 A館,electronic,female,同行,coco72,5.0,,同行,2026-09-27 02:01:12,public_alias_observed,2026-09-27 11:02:34,,,listing,1,39000,"重複無し/すり替え無し/該当（変更ボタン有）/同行/初期当選/下2桁提示可/過去ランダムエラー・発送戻り無し/着ブロ希望無し/過去2年以上連続スタンド

プライ...",True,cnolvse6iw,2026-09-26 02:01:13,active,2026-09-27 11:02:34,,event_api,False,event_api,active
65yzmq3gdn,,key-to-lit-arena-tour-2026-neo-classics,2026-10-03,18:00,マリンメッセ福岡 A館,electronic,female,早渡しランダム配布,Y,5.0,,ランダム,2026-09-27 02:01:12,public_alias_observed,2026-09-27 11:02:34,,,listing,2,20000,"指定席のみ2連確約早渡しランダム配布(ランダム配布にご理解のある方のみご購入お願いします。)
開演30分前渡し※指定席のみ

公演当日、開場時間の45分前に会場...",True,65yzmq3gdn,2026-09-26 02:01:13,active,2026-09-27 11:02:34,,event_api,False,event_api,active
ji5e0bty3z,,key-to-lit-arena-tour-2026-neo-classics,2026-10-03,18:00,マリンメッセ福岡 A館,electronic,female,同行,s,5.0,,ランダム,2026-09-27 02:01:12,public_alias_observed,2026-09-27 11:02:34,,,listing,1,15000,"【座席未定/少人数ランダム配布】

・公演当日は会場付近指定の場所に集合予定です。時間厳守でお願いします。交通機関の遅延等如何なる理由であっても一切お待ち致しか...",True,ji5e0bty3z,2026-09-26 02:01:13,active,2026-09-27 11:02:34,,event_api,False,event_api,active
7b9utiywgm,,key-to-lit-arena-tour-2026-neo-classics,2026-10-03,18:00,マリンメッセ福岡 A館,electronic,female,同行,あ,5.0,,ランダム,2026-09-27 02:01:12,public_alias_observed,2026-09-27 11:02:34,,,listing,1,6000,"少人数ランダム、中相場買取可能
プライベート出品に切り替えますので、ご希望の方はコメントお願い致します。

当方が座席を選択した後、残ったチケットをランダムでお...",True,7b9utiywgm,2026-09-26 02:01:13,active,2026-09-27 11:02:34,,event_api,False,event_api,active
rjqgd4of0d,,key-to-lit-arena-tour-2026-neo-classics,2026-10-03,18:00,マリンメッセ福岡 A館,electronic,female,同行,取引,5.0,,,2026-09-27 02:01:12,public_alias_observed,2026-09-27 11:02:34,,,listing,1,5500,"プライベート出品に変えますのでコメントください。
・指定の場所に集合後、同時入場して頂きます。時間厳守できる方でお願い致します。万が一、遅刻された場合もこちらで...",True,rjqgd4of0d,2026-09-26 02:01:13,active,2026-09-27 11:02:34,,event_api,False,event_api,active
ckrresrmgj,,key-to-lit-arena-tour-2026-neo-classics,2026-10-03,18:00,マリンメッセ福岡 A館,electronic,female,2名義中2番手,りぃ,5.0,,番手同行,2026-09-27 02:01:12,public_alias_observed,2026-09-27 09:01:12,,,listing,2,33000,"2名義中2番手/初期当選/有効期限内/すり替えなし/下3桁提示可/座席未定 /1名義非該当
公演当日は当方が指定する場所、時間に集合していただき同時入場となりま...",True,ckrresrmgj,2026-09-26 02:01:13,inactive,2026-09-27 11:02:35,2026-09-27 09:48:30,public_detail,False,public_detail,inactive
gvxhw1du2y,,key-to-lit-arena-tour-2026-neo-classics,2026-10-04,12:30,マリンメッセ福岡 A館,electronic,female,同行,きらきら,5.0,,同行,2026-09-27 02:01:12,public_alias_observed,2026-09-27 11:02:34,,,listing,1,60000,"2名義中1番手同行
初期当選/該当名義/すり替えなし/下3桁提示可/当方と同行
・指定した場所で待ち合わせをしていただきます。当日は時間厳守で集合をお願いいたし...",True,gvxhw1du2y,2026-09-26 02:01:13,active,2026-09-27 11:02:34,,event_api,False,event_api,active
5occg2ej5u,,key-to-lit-arena-tour-2026-neo-classics,2026-10-04,12:30,マリンメッセ福岡 A館,electronic,female,同時入場,TA,5.0,,ランダム,2026-09-27 02:01:12,public_alias_observed,2026-09-27 11:02:34,,,listing,1,19800,"ランダム配布 同時入場 立見なし 全て指定席 有効会員
ランダム配布をご理解している方のみご購入ください。
男性の方、日本語か話せる外国人の方も購入できます。...",True,5occg2ej5u,2026-09-26 02:01:13,active,2026-09-27 11:02:34,,event_api,False,event_api,active
swr07i3uw2,,key-to-lit-arena-tour-2026-neo-classics,2026-10-04,12:30,マリンメッセ福岡 A館,electronic,male,手渡し,さとう,5.0,,番手,2026-09-27 02:01:12,public_alias_observed,2026-09-27 11:02:34,,,listing,2,42000,"お譲り決定後プラベ出品にて購入をお願いしておりますので購入の際は、コメントください。

FC初期当選/該当名義/下3桁提示可能

2名義中2番手でのお渡しです。...",True,swr07i3uw2,2026-09-26 02:01:13,active,2026-09-27 11:02:34,,event_api,False,event_api,active
xzdej4myyp,,key-to-lit-arena-tour-2026-neo-classics,2026-10-04,12:30,マリンメッセ福岡 A館,electronic,female,同時入場,am,5.0,,番手,2026-09-27 02:01:12,public_alias_observed,2026-09-27 11:02:34,,,listing,2,27000,"4名義中4番手/該当名義/初期当選/有効期限内/変更ボタンあり/すり替えなし/会員番号下3桁提示可能

・公演当日、会場付近にて待ち合わせし、同時入場していただ...",True,xzdej4myyp,2026-09-26 02:01:13,active,2026-09-27 11:02:34,,event_api,False,event_api,active
887tuf6mgc,,key-to-lit-arena-tour-2026-neo-classics,2026-10-04,12:30,マリンメッセ福岡 A館,electronic,none,同行,A,5.0,,ランダム,2026-09-27 02:01:12,public_alias_observed,2026-09-27 11:02:34,,,listing,1,8000,"
当方が座席を選択した後、残ったチケットをランダムでお渡し致します。
ご購入様にお席をお選び頂くことはできません。

発券後、一度チケットを全て回収させていただ...",True,887tuf6mgc,2026-09-26 02:01:13,active,2026-09-27 11:02:34,,event_api,False,event_api,active
b4t5dhpvzm,,key-to-lit-arena-tour-2026-neo-classics,2026-10-04,12:30,マリンメッセ福岡 A館,electronic,female,同行,dora,5.0,,番手,2026-09-27 02:01:12,public_alias_observed,2026-09-27 11:02:34,,,listing,1,35000,"２名義中２番手 有効期限内 該当名義(変更ボタン有) 重複すり替え無し 会員番号下３桁提示可 

・公演当日、会場10分前頃待ち合わせし、同時入場していただきま...",True,b4t5dhpvzm,2026-09-26 02:01:13,active,2026-09-27 11:02:34,,event_api,False,event_api,active
131q6bnj4d,,key-to-lit-arena-tour-2026-neo-classics,2026-10-04,12:30,マリンメッセ福岡 A館,electronic,female,【条件あり】当日手渡し/座席未定/ランダム配布/有効会員,T,4.9,,同行ランダム,2026-09-27 02:01:12,public_alias_observed,2026-09-27 11:02:34,,,listing,1,6500,"《開場30分前集合予定》

※レビュー(評価4.8以上)ある方のみ申請下さい。
※購入時のコメント不要です。
★購入後に当日連絡のつくお電話番号と氏名(苗字)を...",True,131q6bnj4d,2026-09-26 02:01:13,active,2026-09-27 11:02:34,,event_api,False,event_api,active
z2k3l07gqi,,key-to-lit-arena-tour-2026-neo-classics,2026-10-04,12:30,マリンメッセ福岡 A館,electronic,female,同行,さとう,5.0,,ランダム,2026-09-27 02:01:12,public_alias_observed,2026-09-27 11:02:34,,,listing,2,30000,"少人数ランダム配布/2連確約
有効期限内名義
中相場買取可能です。
上乗せで早渡しも検討いたしますのでご提示ください。

複数名義所持のため、同時入場後チケット...",True,z2k3l07gqi,2026-09-26 02:01:13,active,2026-09-27 11:02:34,,event_api,False,event_api,active
wixsp0k2ye,,key-to-lit-arena-tour-2026-neo-classics,2026-10-04,12:30,マリンメッセ福岡 A館,electronic,female,2連確約／ランダム配布／すり替えあり／少人数入場,AA,5.0,,ランダム,2026-09-27 02:01:12,public_alias_observed,2026-09-27 10:41:27,,,deleted,2,17000,"開場30分前に会場付近にて待ち合わせし同時入場します。
入場後チケットを回収し解散、開演5-10分前を目処に再集合しチケットをお渡しします。
2枚ご購入された場合は連番でチケットをお渡しします。
遅刻、ランダムエラー、本人確認、体調不良、座席へのクレーム、会場内でのトラブル等、公演中止以外の理由での返金対応は一切いたしません。
購入者都合により集合時間に遅刻した場合は先に入場させていただきますが、その場合でも受け取り連絡は必ずしていただきます。
当日ご連絡のつくお電話番号にてやり取りをさせていただきます。
18歳以下の方、男性、代理購入、小さなお子様をお連れの方、日本語会話不可能な方はご購入をお控えください。
上記全てを確認し、同意いただける方のみご購入をお願いします。",True,wixsp0k2ye,2026-09-26 02:01:13,deleted_confirmed,2026-09-27 10:41:27,2026-09-27 09:48:30,public_detail,False,public_detail,cancelled
cnm5nr9an8,,key-to-lit-arena-tour-2026-neo-classics,2026-10-04,12:30,マリンメッセ福岡 A館,electronic,female,同行,M T,5.0,,同行,2026-09-27 02:01:12,public_alias_observed,2026-09-27 11:02:34,,,listing,1,0,最高5.0 初期当選/重複なし同行/すり替えなし/本確対応可/同行者登録可/金額、担当明記の上ご連絡ください。,True,cnm5nr9an8,2026-09-26 02:01:13,active,2026-09-27 11:02:34,,event_api,True,on_request,active
og7blc385e,,key-to-lit-arena-tour-2026-neo-classics,2026-10-04,12:30,マリンメッセ福岡 A館,electronic,female,同行,ありちゃん,5.0,,ランダム,2026-09-27 02:01:12,public_alias_observed,2026-09-27 11:02:34,,,listing,1,18000,"⭐️少人数ランダム配布⭐️
FC先行 座席未定/複数名義当選のため同時入場後に一度チケットを回収し、当方の座席選択後にランダム配布いたします/全名義有効期限内/...",True,og7blc385e,2026-09-26 02:01:13,active,2026-09-27 11:02:34,,event_api,False,event_api,active
0uw3cexsfi,,key-to-lit-arena-tour-2026-neo-classics,2026-10-04,12:30,マリンメッセ福岡 A館,paper,female,当日手渡し,13,5.0,,番手,2026-09-27 02:01:12,public_alias_observed,2026-09-27 11:02:34,,,listing,2,45000,"2名義中2番手　2連希望優先
下3桁提示可/有効期限内/変ボあり

・同時入場後にチケットを全て回収させて頂き、こちらで先に座席を選ばせて頂いた後、取引番手順に...",True,0uw3cexsfi,2026-09-26 02:01:13,active,2026-09-27 11:02:34,,event_api,False,event_api,active
7jxbwkcv30,,key-to-lit-arena-tour-2026-neo-classics,2026-10-04,12:30,マリンメッセ福岡 A館,electronic,female,同時入場 開演5分前ランダムにてお渡し,m,5.0,,ランダム,2026-09-27 02:01:12,public_alias_observed,2026-09-27 11:02:34,,,listing,1,20000,"※ランダム配布を理解されている方のみご購入ください。
※購入後のキャンセルは一切お受けできかねます。

・開場15〜30分前までに会場付近にてお待ち合わせし、同...",True,7jxbwkcv30,2026-09-26 02:01:13,active,2026-09-27 11:02:34,,event_api,False,event_api,active
2wuamhikp0,,key-to-lit-arena-tour-2026-neo-classics,2026-10-04,12:30,マリンメッセ福岡 A館,electronic,female,同行,t,5.0,,,2026-09-27 02:01:12,public_alias_observed,2026-09-27 11:02:34,,,listing,2,44000,"情報局先行 座席未定 初期当選 2名義中2番手  全て該当名義・有効期限内

公演当日、会場付近にて待ち合わせし、同時入場していただきます。
詳しい待ち合わせ時...",True,2wuamhikp0,2026-09-26 02:01:13,active,2026-09-27 11:02:34,,event_api,False,event_api,active
bz4ewaqoh4,,key-to-lit-arena-tour-2026-neo-classics,2026-10-04,12:30,マリンメッセ福岡 A館,paper,female,当日手渡し,m,5.0,,ランダム,2026-09-27 02:01:12,public_alias_observed,2026-09-27 11:02:34,,,listing,1,17999,"管理の関係でプライベート出品させていただきたいので購入希望の方はコメントお願いします。
1名義のみランダム配布。直ぐお渡しの可能性もございます。ランダム配布を理...",True,bz4ewaqoh4,2026-09-26 02:01:13,active,2026-09-27 11:02:34,,event_api,False,event_api,active
xn80xrqws0,,key-to-lit-arena-tour-2026-neo-classics,2026-10-04,12:30,マリンメッセ福岡 A館,electronic,female,公演日前日にログイン情報を共有,あ,5.0,,QR,2026-09-27 02:01:12,public_alias_observed,2026-09-27 11:02:34,,,listing,2,48000,"QRごと/非該当名義/初期当選/有効期限内/会員番号下3桁提示可能/着ブロ希望なし

同行者登録は買い手様ご自身でお願いします。
名義を傷つける行為はお辞めくだ...",True,xn80xrqws0,2026-09-26 02:01:13,active,2026-09-27 11:02:34,,event_api,False,event_api,active
c8m78bl4vo,,key-to-lit-arena-tour-2026-neo-classics,2026-10-04,12:30,マリンメッセ福岡 A館,electronic,female,公演日前日にログイン情報共有,ひよ,5.0,,QR,2026-09-27 02:01:12,public_alias_observed,2026-09-27 11:02:34,,,listing,1,65000,"単番QR毎/初期当選/発送物戻りなし/着ブロ希望なし/

・公演前日までにログインに必要な情報をお伝えいたします。
・入場後は速やかにログアウトと受取連絡をお願...",True,c8m78bl4vo,2026-09-26 02:01:13,active,2026-09-27 11:02:34,,event_api,False,event_api,active
43g7d7yvvv,,key-to-lit-arena-tour-2026-neo-classics,2026-10-04,12:30,マリンメッセ福岡 A館,electronic,female,同行,な,4.8,,同行,2026-09-27 02:01:12,public_alias_observed,2026-09-27 11:02:34,,,listing,1,0,"重複無し同行/情報局先行座席未定/初期当選/該当名義（変更ボタンあり）/有効期限内/着ブロなし/過去エラーなし/すり替えなし 
ご希望であれば会員番号下3桁提示...",True,43g7d7yvvv,2026-09-26 02:01:13,active,2026-09-27 11:02:34,,event_api,True,on_request,active
0o4gykeqaa,,key-to-lit-arena-tour-2026-neo-classics,2026-10-04,12:30,マリンメッセ福岡 A館,electronic,female,2名義中2番手,R,5.0,,番手,2026-09-27 02:01:12,public_alias_observed,2026-09-27 11:02:34,,,listing,2,40000,"2名義中2番手
全て初期当選/該当/下3桁提示可/すり替えなし/有効期限内/変更ボタンあり

他サイトにも出品しているため決まり次第削除します。

公演当日は開...",True,0o4gykeqaa,2026-09-26 02:01:13,active,2026-09-27 11:02:34,,event_api,False,event_api,active
8qt3pewxmv,,key-to-lit-arena-tour-2026-neo-classics,2026-10-04,12:30,マリンメッセ福岡 A館,electronic,female,番手,め,5.0,,番手,2026-09-27 02:01:12,public_alias_observed,2026-09-27 11:02:34,,,listing,2,35000,"初期当選/3名義中3番手/すり替えなし/下3桁提示可能/該当名義/着ブロ希望なし/有効期限内

※ご購入希望の場合は特別出品対応致しますのでご連絡下さい。

公...",True,8qt3pewxmv,2026-09-26 02:01:13,active,2026-09-27 11:02:34,,event_api,False,event_api,active
qybvs28uhd,,key-to-lit-arena-tour-2026-neo-classics,2026-10-04,12:30,マリンメッセ福岡 A館,electronic,female,同行,れ,5.0,,ランダム,2026-09-27 02:01:12,public_alias_observed,2026-09-27 11:02:34,,,listing,1,7500,"指定席のみのランダム配布になります。
半券は一度回収し開演前までにお渡し致します。
公演中止以外の返金不可になります。",True,qybvs28uhd,2026-09-26 02:01:13,active,2026-09-27 11:02:34,,event_api,False,event_api,active
2m5g2050oo,,key-to-lit-arena-tour-2026-neo-classics,2026-10-04,12:30,マリンメッセ福岡 A館,electronic,female,同時入場 開演5分前ランダムにてお渡し,m,5.0,,ランダム,2026-09-27 02:01:12,public_alias_observed,2026-09-27 11:02:34,,,listing,1,13000,"※ランダム配布を理解されている方のみご購入ください。
※購入後のキャンセルは一切お受けできかねます。

・開場15〜30分前までに会場付近にてお待ち合わせし、同...",True,2m5g2050oo,2026-09-26 02:01:13,active,2026-09-27 11:02:34,,event_api,False,event_api,active
cfod8lz7xu,,key-to-lit-arena-tour-2026-neo-classics,2026-10-04,12:30,マリンメッセ福岡 A館,electronic,none,同行,c,4.9,,ランダム記載あり,2026-09-27 02:01:12,public_alias_observed,2026-09-27 11:02:34,,,listing,1,18000,"・当日開場30分前を目処に会場付近に集合し同時入場して頂きます。詳しい集合時間や場所は当日朝までに連絡ボードにてご連絡致します。
・遅刻は厳禁でお願い致します。...",True,cfod8lz7xu,2026-09-26 02:01:13,active,2026-09-27 11:02:34,,event_api,False,event_api,active
rl9qbffz8w,,key-to-lit-arena-tour-2026-neo-classics,2026-10-04,17:30,マリンメッセ福岡 A館,electronic,female,同行,Non,5.0,,同行,2026-09-27 02:01:12,public_alias_observed,2026-09-27 11:02:34,,,listing,2,35000,"2名義中2番手　バラ売り可
手持ち全て該当名義　女性名義のみ
重複すり替えなし
下3桁提示可
サイチェン可

同行者登録1人のみ可
公演中止以外いかなる理由（ラ...",True,rl9qbffz8w,2026-09-26 02:01:13,active,2026-09-27 11:02:34,,event_api,False,event_api,active
6w8yrzw9s2,,key-to-lit-arena-tour-2026-neo-classics,2026-10-04,17:30,マリンメッセ福岡 A館,electronic,female,2名義中2番手,ゆ,5.0,,番手,2026-09-27 02:01:12,public_alias_observed,2026-09-27 11:02:34,,,listing,2,32000,🌟プラベ出品しますので、購入希望の方はコメントお願いします🌟2名義中2番手/初期当選/該当名義/有効期限内/すり替えなし/下3桁提示可/座席未定/１名のみ同...,True,6w8yrzw9s2,2026-09-26 02:01:13,active,2026-09-27 11:02:34,,event_api,False,event_api,active
q19gcfb6kk,,key-to-lit-arena-tour-2026-neo-classics,2026-10-04,17:30,マリンメッセ福岡 A館,electronic,female,同行,いがりん,5.0,,同行番手,2026-09-27 02:01:12,public_alias_observed,2026-09-27 11:02:34,,,listing,1,40000,"単番2名義　初期当選　該当名義　期限内名義　すり替えなし　会員番号下3桁提示します
16:50分に会場付近の指定した場所にお越しください
入場後は、こちらが選ば...",True,q19gcfb6kk,2026-09-26 02:01:13,active,2026-09-27 11:02:34,,event_api,False,event_api,active
s2f4duxnlr,,key-to-lit-arena-tour-2026-neo-classics,2026-10-04,17:30,マリンメッセ福岡 A館,electronic,female,同行,s,5.0,,番手,2026-09-27 02:01:12,public_alias_observed,2026-09-27 11:02:34,,,listing,2,40000,"座席未定/2名義中2番手/すり替え無し/2名義共に有効期限内該当名義/変更ボタン有/指定席のみ(着ブロ無し) /下三桁提示可

・公演当日は会場付近指定の場所に...",True,s2f4duxnlr,2026-09-26 02:01:13,active,2026-09-27 11:02:34,,event_api,False,event_api,active
lvmuy16foc,,key-to-lit-arena-tour-2026-neo-classics,2026-10-04,17:30,マリンメッセ福岡 A館,electronic,female,同行,ありちゃん,5.0,,ランダム,2026-09-27 02:01:12,public_alias_observed,2026-09-27 11:02:34,,,listing,1,10000,⭐️2名義少人数ランダム配布⭐️FC先行 座席未定/同時入場後に一度チケットを回収し、当方の座席選択後にランダム配布いたします/全名義有効期限内/同一クレカでの...,True,lvmuy16foc,2026-09-26 02:01:13,active,2026-09-27 11:02:34,,event_api,False,event_api,active
ohmm05yhkr,,key-to-lit-arena-tour-2026-neo-classics,2026-10-04,17:30,マリンメッセ福岡 A館,electronic,female,同時入場,ひ,5.0,,番手,2026-09-27 02:01:12,public_alias_observed,2026-09-27 11:02:34,,,listing,2,35000,"2名義中2番手/FC先行初期当選/該当名義/下3桁提示可能/有効期限内/本確対応不可

【お取引成立後はプライベートモードへ移行させていただくので、ご購入前に必...",True,ohmm05yhkr,2026-09-26 02:01:13,active,2026-09-27 11:02:34,,event_api,False,event_api,active
pjspz9rgqj,,key-to-lit-arena-tour-2026-neo-classics,2026-10-04,17:30,マリンメッセ福岡 A館,electronic,female,同行,れ,5.0,,ランダム,2026-09-27 02:01:12,public_alias_observed,2026-09-27 11:02:34,,,listing,1,4000,"指定席のみのランダム配布になります。
半券は一度回収し開演前までにお渡し致します。
公演中止以外の返金不可になります。",True,pjspz9rgqj,2026-09-26 02:01:13,active,2026-09-27 11:02:34,,event_api,False,event_api,active
r7ifmrdjle,,key-to-lit-arena-tour-2026-neo-classics,2026-10-04,17:30,マリンメッセ福岡 A館,electronic,female,公演前日にログイン情報をお伝えいたします。,あ,5.0,,QR,2026-09-27 02:01:12,public_alias_observed,2026-09-27 11:02:34,,,listing,2,0,"QR毎/すり替え無し/下3桁提示可/初期当選/有効期限内/該当名義（変更ボタン有）同一クレカ無し/着ブロ希望無し

公演前日にログイン情報を連絡ボードにてお伝え...",True,r7ifmrdjle,2026-09-26 02:01:13,active,2026-09-27 11:02:34,,event_api,True,on_request,active
lddj02isfa,,key-to-lit-arena-tour-2026-neo-classics,2026-10-04,17:30,マリンメッセ福岡 A館,paper,female,当日手渡し,m,5.0,,ランダム,2026-09-27 02:01:12,public_alias_observed,2026-09-27 11:02:34,,,listing,1,9999,"ランダム配布を理解されている日本語の通じる女性の方のみご購入お願いいたします。代理購入不可。
同時に入場しチケット発券後1度解散しこちらで席を選び開演前迄にチケ...",True,lddj02isfa,2026-09-26 02:01:13,active,2026-09-27 11:02:34,,event_api,False,event_api,active
rdytnlm377,,key-to-lit-arena-tour-2026-neo-classics,2026-10-04,17:30,マリンメッセ福岡 A館,electronic,female,同行,さとう,5.0,,ランダム,2026-09-27 02:01:12,public_alias_observed,2026-09-27 11:02:34,,,listing,2,26000,"少人数ランダム配布/2連確約
有効期限内名義
中相場買取可能です。
上乗せで早渡しも検討いたしますのでご提示ください。

複数名義所持のため、同時入場後チケット...",True,rdytnlm377,2026-09-26 02:01:13,active,2026-09-27 11:02:34,,event_api,False,event_api,active
1znxl3aihj,,key-to-lit-arena-tour-2026-neo-classics,2026-10-04,17:30,マリンメッセ福岡 A館,electronic,female,同行(2名義中2番手),S,5.0,,番手,2026-09-27 02:01:12,public_alias_observed,2026-09-27 10:48:30,2026-09-27 10:48:30,transition_observed,sold,1,30000,"未定/2名義中2番手/初期当選/1名義着ブロ希望/該当/変更ボタン有り/有効期限内/重複すり替え無し//下3桁提示可能

2名義中こちらが選ばなかったチケットを...",True,1znxl3aihj,2026-09-26 02:01:13,sold_confirmed,2026-09-27 10:48:30,2026-09-27 10:32:22,public_detail,False,public_detail,sold
h6bj0py5wl,,key-to-lit-arena-tour-2026-neo-classics,2026-10-04,17:30,マリンメッセ福岡 A館,electronic,female,同行,m,5.0,,ランダム記載あり,2026-09-27 02:01:12,public_alias_observed,2026-09-27 11:02:34,,,listing,1,30000,"2名義中2番手/初期当選/該当名義/すり替えなし/公演日3日前までに下3桁提示可/有効期限内/本確対応不可

1.0通し、2.0手渡しできる方優先します。
お取...",True,h6bj0py5wl,2026-09-26 02:01:13,active,2026-09-27 11:02:34,,event_api,False,event_api,active
xenfc9kfgt,,key-to-lit-arena-tour-2026-neo-classics,2026-10-04,17:30,マリンメッセ福岡 A館,electronic,female,2名義中2番手,12,5.0,,番手,2026-09-27 02:01:12,public_alias_observed,2026-09-27 11:02:34,,,listing,2,40000,"2名義中2番手
▼2名義とも初期当選/有効期限内 該当名義
すり替え無し/ご希望があれば下3桁提示可 
申込時着ブロ選択なし

・当日は開場20分前に待ち合わせ...",True,xenfc9kfgt,2026-09-26 02:01:13,active,2026-09-27 11:02:34,,event_api,False,event_api,active
mmdn4aqkf6,,key-to-lit-arena-tour-2026-neo-classics,2026-10-04,17:30,マリンメッセ福岡 A館,electronic,female,公演前日ログイン情報を共有,nn,5.0,,QR,2026-09-27 02:01:12,public_alias_observed,2026-09-27 11:02:34,,,listing,2,0,"初期当選/QR毎/重複すり替えなし/有効期限内／下3桁提示可能/該当名義/変更ボタンなし
公演前日にログイン情報をお伝え致しますのでご自身で同行者登録を済ませて...",True,mmdn4aqkf6,2026-09-26 02:01:13,active,2026-09-27 11:02:34,,event_api,True,on_request,active
p3jo16ms1a,,key-to-lit-arena-tour-2026-neo-classics,2026-10-04,17:30,マリンメッセ福岡 A館,electronic,female,公演日7日前までにQRコード共有,るー,5.0,,QR,2026-09-27 02:01:12,public_alias_observed,2026-09-27 11:02:34,,,listing,2,51000,"QR毎2連/下3桁提示可能
公演中止以外（当日の体調不良や遅刻、本人確認やランダムエラーなどの場合）は必ず受け取り連絡して頂きますのでご了承ください。
代理購入...",True,p3jo16ms1a,2026-09-26 02:01:13,active,2026-09-27 11:02:34,,event_api,False,event_api,active
vrmkho8jd4,,key-to-lit-arena-tour-2026-neo-classics,2026-10-04,17:30,マリンメッセ福岡 A館,electronic,female,同時入場,m,5.0,,番手,2026-09-27 02:01:12,public_alias_observed,2026-09-27 11:02:34,,,listing,2,30000,"2名義中2番手/FC先行初期当選/該当名義1非該当名義1/下3桁提示可能/有効期限内/本確対応不可

プラベルで出品させていただきますのでコメントをお願いいたし...",True,vrmkho8jd4,2026-09-26 02:01:13,active,2026-09-27 11:02:34,,event_api,False,event_api,active
u7yo42ioo7,,key-to-lit-arena-tour-2026-neo-classics,2026-10-04,17:30,マリンメッセ福岡 A館,electronic,female,同行,M,5.0,,同行,2026-09-27 02:01:12,scrape_observed,2026-09-27 11:02:34,,,listing,1,30000,"すり替えなし同行/中村担不可/該当名義/有効期限内/下3桁提示可


・当日開演前に会場付近で待ち合わせし、同時入場していただきます。（詳細前日に連絡致します）...",True,u7yo42ioo7,,active,2026-09-27 11:02:34,,event_api,,event_api,
s5f9angnif,,key-to-lit-arena-tour-2026-neo-classics,2026-10-04,17:30,マリンメッセ福岡 A館,electronic,none,3名義中3番目　全て該当名義初期当選,K,5.0,,番手,2026-09-27 02:01:12,public_alias_observed,2026-09-27 11:02:34,,,listing,2,28000,・指定の場所に集合後、同時入場して頂きます。時間厳守できる方でお願い致します。万が一、遅刻された場合もこちらで先に入場致しますが、その際も受け取り評価して頂きま...,True,s5f9angnif,2026-09-26 01:01:13,active,2026-09-27 11:02:34,,event_api,False,event_api,active
ozw6vy1i3h,,key-to-lit-arena-tour-2026-neo-classics,2026-10-04,17:30,マリンメッセ福岡 A館,electronic,female,同行,取引,5.0,,,2026-09-27 02:01:12,public_alias_observed,2026-09-27 11:02:34,,,listing,2,100,"10/4昼2連または10/3
2連で交換可能な方のみコメントください",True,ozw6vy1i3h,2026-09-26 02:01:13,active,2026-09-27 11:02:34,,event_api,False,event_api,active
f4ir4n7r2z,,key-to-lit-arena-tour-2026-neo-classics,2026-10-04,17:30,マリンメッセ福岡 A館,paper,female,当日手渡し,えび,5.0,,ランダム,2026-09-27 02:01:12,public_alias_observed,2026-09-27 11:02:34,,,listing,1,10000,"ランダム配布（買い手様は座席を選べません）
*  日本語の通じる方のみご購入ください。男性〇未成年〇
*  会場の電波が悪い可能性がございますので、購入後は当日...",True,f4ir4n7r2z,2026-09-26 02:01:13,active,2026-09-27 11:02:34,,event_api,False,event_api,active
6hp423rwmc,,key-to-lit-arena-tour-2026-neo-classics,2026-10-04,17:30,マリンメッセ福岡 A館,electronic,female,公演前日ログイン情報共有,メイ,5.0,,QR,2026-09-27 02:01:12,public_alias_observed,2026-09-27 11:02:34,,,listing,2,53000,"QRごと/初期当選/該当名義/有効期限内/下三桁提示可/すり替えなし/着ブロ希望なし※当選歴座席等はお答えできません。

公演前日にログイン情報を連絡ボードでお...",True,6hp423rwmc,2026-09-26 02:01:13,active,2026-09-27 11:02:34,,event_api,False,event_api,active
lptsjgpoy5,,key-to-lit-arena-tour-2026-neo-classics,2026-10-04,17:30,マリンメッセ福岡 A館,electronic,female,番手,a,5.0,,番手,2026-09-27 02:01:12,public_alias_observed,2026-09-27 11:02:34,,,listing,2,32000,初期×1、復活×1含む 2名義中2番手/すり替え無し/会員番号下3桁提示可/有効期限内/サイチェン不可/公演中止の際には、手数料等を差し引いた金額を返金します...,True,lptsjgpoy5,2026-09-26 02:01:13,active,2026-09-27 11:02:34,,event_api,False,event_api,active
jzseszifhp,,key-to-lit-arena-tour-2026-neo-classics,2026-10-04,17:30,マリンメッセ福岡 A館,electronic,female,同時入場,TA,5.0,,ランダム,2026-09-27 02:01:12,public_alias_observed,2026-09-27 11:02:34,,,listing,1,8800,"ランダム配布 同時入場 立見なし 全て指定席 有効会員
ランダム配布をご理解している方のみご購入ください。
男性の方、日本語か話せる外国人の方も購入できます。...",True,jzseszifhp,2026-09-26 02:01:13,active,2026-09-27 11:02:34,,event_api,False,event_api,active
fg1dkyb68h,,key-to-lit-arena-tour-2026-neo-classics,2026-10-04,17:30,マリンメッセ福岡 A館,electronic,female,入金後3時間以内にQRコード共有,ユカ,5.0,,QR,2026-09-27 02:01:12,public_alias_observed,2026-09-27 11:02:34,,,listing,2,48000,"情報局先行 KEY TO LIT 中村嶺亜名義 初期当選 指定席 2枚申し込み QRごとのお譲り 条件ございません 座席未定

情報局先行 ２枚申込みでの当選し...",True,fg1dkyb68h,2026-09-26 02:01:13,active,2026-09-27 11:02:34,,event_api,False,event_api,active
cx6minzukt,,key-to-lit-arena-tour-2026-neo-classics,2026-10-04,17:30,マリンメッセ福岡 A館,electronic,female,同行,alu,5.0,,番手同行QR,2026-09-27 02:01:12,public_alias_observed,2026-09-27 11:02:34,,,listing,1,43000,"２名義中3番手 1枚or2枚(2連)のうち1枚 どちらも初期当選 該当名義(変更ボタン有)期限内 重複すり替え無し 会員番号下３桁提示可 

・公演当日、開場1...",True,cx6minzukt,2026-09-26 02:01:13,active,2026-09-27 11:02:34,,event_api,False,event_api,active
ihu03tba24,,key-to-lit-arena-tour-2026-neo-classics,2026-10-04,17:30,マリンメッセ福岡 A館,electronic,female,同時入場 開演5分前ランダムにてお渡し,m,5.0,,ランダム,2026-09-27 02:01:12,public_alias_observed,2026-09-27 11:02:34,,,listing,1,8000,"※ランダム配布を理解されている方のみご購入ください。
※購入後のキャンセルは一切お受けできかねます。

⭐️ランダムエラー、公演中止の場合のみ手数料等を差し引い...",True,ihu03tba24,2026-09-26 02:01:13,active,2026-09-27 11:02:34,,event_api,False,event_api,active
vvghsl4i9r,,key-to-lit-arena-tour-2026-neo-classics,2026-10-04,17:30,マリンメッセ福岡 A館,electronic,female,同行,k,5.0,,ランダム,2026-09-27 02:01:12,public_alias_observed,2026-09-27 11:02:34,,,listing,2,25000,【必ず指定席をお渡しします。エラーで入場できなかった場合は返金します】当日開場時間20分前までに指定場所にて集合し、同時入場していただきます。当方が座席を選んだ...,True,vvghsl4i9r,2026-09-26 02:01:13,active,2026-09-27 11:02:34,,event_api,False,event_api,active
uggyjpxk69,,key-to-lit-arena-tour-2026-neo-classics,2026-10-04,17:30,マリンメッセ福岡 A館,electronic,none,開演20分前までの早渡し,A,5.0,,ランダム,2026-09-27 02:01:12,public_alias_observed,2026-09-27 11:02:34,,,listing,1,12000,"当方が座席を選択した後、残ったチケットをランダムでお渡し致します。
ご購入様にお席をお選び頂くことはできませんが、必ず開演20分前までにお渡しいたします。

発...",True,uggyjpxk69,2026-09-26 02:01:13,active,2026-09-27 11:02:34,,event_api,False,event_api,active
vf5hx2lcio,,key-to-lit-arena-tour-2026-neo-classics,2026-10-04,17:30,マリンメッセ福岡 A館,electronic,female,同行,取引,5.0,,,2026-09-27 02:01:12,public_alias_observed,2026-09-27 11:02:34,,,listing,1,4500,"プライベート出品に変えますのでコメントください。
・指定の場所に集合後、同時入場して頂きます。時間厳守できる方でお願い致します。万が一、遅刻された場合もこちらで...",True,vf5hx2lcio,2026-09-26 02:01:13,active,2026-09-27 11:02:34,,event_api,False,event_api,active
vepztjszv2,,key-to-lit-arena-tour-2026-neo-classics,2026-10-04,17:30,マリンメッセ福岡 A館,electronic,female,【条件あり】当日手渡し/座席未定/ランダム配布/有効会員,T,4.9,,同行ランダム,2026-09-27 02:01:12,public_alias_observed,2026-09-27 11:02:34,,,listing,1,3000,"《開場30分前集合予定》

※レビュー(評価4.8以上)ある方のみ申請下さい。
※購入時のコメント不要です。
★購入後に当日連絡のつくお電話番号と氏名(苗字)を...",True,vepztjszv2,2026-09-26 02:01:13,active,2026-09-27 11:02:34,,event_api,False,event_api,active
y2j8qdm7j7,,key-to-lit-arena-tour-2026-neo-classics,2026-10-04,17:30,マリンメッセ福岡 A館,electronic,female,同行,j🩵,5.0,,番手,2026-09-27 02:01:12,public_alias_observed,2026-09-27 11:02:34,,,listing,2,37000,"⭐️5名義中4番手⭐️

すべて初期当選/5名義分の下3桁提示可/変更ボタン有り

ランダムエラーや出演者の変更、会場内外での本人確認、交通機関の乱れ等、公演中...",True,y2j8qdm7j7,2026-09-26 02:01:13,active,2026-09-27 11:02:34,,event_api,False,event_api,active
6ktnskckl3,,key-to-lit-arena-tour-2026-neo-classics,2026-10-04,17:30,マリンメッセ福岡 A館,electronic,female,前日にログイン情報お伝え,m,5.0,,同行記載あり,2026-09-27 02:01:12,public_alias_observed,2026-09-27 11:02:34,,,listing,2,51000,"初期当選/QRごと/重複すり替えなし/有効期限内／下3桁提示可能/該当名義/変更ボタンなし
公演前日にログイン情報をお伝え致しますのでご自身で同行者登録を済ませ...",True,6ktnskckl3,2026-09-26 02:01:13,active,2026-09-27 11:02:34,,event_api,False,event_api,active
csxso1poa7,,key-to-lit-arena-tour-2026-neo-classics,2026-10-04,17:30,マリンメッセ福岡 A館,electronic,none,ランダム,♡,5.0,,ランダム,2026-09-27 02:01:12,public_alias_observed,2026-09-27 11:02:34,,,listing,2,25000,"2連確約
当日は開場時間の45分ほど前にこちらが指定する場所にお集まりください。遅刻しないようにお願いいたします。大幅な遅刻した場合、先に入場いたします。
少人...",True,csxso1poa7,2026-09-26 02:01:13,active,2026-09-27 11:02:34,,event_api,False,event_api,active
kxo7ayml8h,,key-to-lit-arena-tour-2026-neo-classics,2026-10-09,18:00,セキスイハイムスーパーアリーナ,electronic,none,同行,A,5.0,,ランダム,2026-09-27 02:01:12,public_alias_observed,2026-09-27 11:02:34,,,listing,1,12500,"当方が座席を選択した後、残ったチケットをランダムでお渡し致します。
ご購入様にお席をお選び頂くことはできません。

発券後、一度チケットを全て回収させていただき...",True,kxo7ayml8h,2026-09-26 02:01:13,active,2026-09-27 11:02:34,,event_api,False,event_api,active
2mb2rg7p67,,key-to-lit-arena-tour-2026-neo-classics,2026-10-09,18:00,セキスイハイムスーパーアリーナ,electronic,female,公演日の前日にログイン情報をお伝えいたします。,あ,5.0,,QR,2026-09-27 02:01:12,public_alias_observed,2026-09-27 11:02:34,,,listing,2,80000,"QRごと/初期当選/該当名義/変ボなし/有効期限内/下3桁提示可能/本確不可

公演前日にログインに必要な情報をメッセージでお伝えします。入場後は速やかにログア...",True,2mb2rg7p67,2026-09-26 02:01:13,active,2026-09-27 11:02:34,,event_api,False,event_api,active
oox5hzuvgi,,key-to-lit-arena-tour-2026-neo-classics,2026-10-09,18:00,セキスイハイムスーパーアリーナ,electronic,female,同行,k,5.0,,同行記載あり,2026-09-27 02:01:12,public_alias_observed,2026-09-27 11:02:34,,,listing,1,51000,"初期当選／重複すり替えなし同行／該当名義／変更ボタン有／有効期限内／下3桁提示可能／着ブロ希望なし

井上担不可

・公演当日は開場時間5分前に会場周辺にて待ち...",True,oox5hzuvgi,2026-09-26 02:01:13,active,2026-09-27 11:02:34,,event_api,False,event_api,active
108s41up08,,key-to-lit-arena-tour-2026-neo-classics,2026-10-09,18:00,セキスイハイムスーパーアリーナ,electronic,female,同行,すいみん,5.0,,番手,2026-09-27 02:01:12,public_alias_observed,2026-09-27 11:02:34,,,listing,2,50000,"すり替えなし/4名義中2番手2連
プラベル変更いたします。一部手渡しや提示金額以下可能。
・公演当日、開場20分前までに会場付近にて当方が指定した場所にお時間厳...",True,108s41up08,2026-09-26 02:01:13,active,2026-09-27 11:02:34,,event_api,False,event_api,active
bnfbc4ep6y,,key-to-lit-arena-tour-2026-neo-classics,2026-10-09,18:00,セキスイハイムスーパーアリーナ,electronic,female,同行,さ,4.4,,番手,2026-09-27 02:01:12,public_alias_observed,2026-09-27 11:02:34,,,listing,2,45000,"情報局先行 / 座席未定 / 4番手中3番手 / 2連 / すり替えなし / 下3桁提示可能 /非該当・復活当選含 / 過去エラーなし

【待ち合わせ・入場につ...",True,bnfbc4ep6y,2026-09-26 02:01:13,active,2026-09-27 11:02:34,,event_api,False,event_api,active
e1gw01xt8p,,key-to-lit-arena-tour-2026-neo-classics,2026-10-09,18:00,セキスイハイムスーパーアリーナ,paper,none,当日手渡し,れ,4.8,,ランダム,2026-09-27 02:01:12,public_alias_observed,2026-09-27 11:02:34,,,listing,1,15000,"ランダム配布  

【取引にあたり注意事項】
日本語理解できる方、日本の電話番号お持ちの方のみ購入をお願いいたします。

チケット取引について理解ある方のみ購入...",True,e1gw01xt8p,2026-09-26 02:01:13,active,2026-09-27 11:02:34,,event_api,False,event_api,active
fb0bv3xoc8,,key-to-lit-arena-tour-2026-neo-classics,2026-10-09,18:00,セキスイハイムスーパーアリーナ,electronic,female,同行,S,5.0,,ランダム,2026-09-27 02:01:12,public_alias_observed,2026-09-27 11:02:34,,,listing,1,17000,"【ランダム配布にご理解ある方のみご購入お願い致します】
同時入場後、ランダムでチケットをお渡しさせて頂きます。
ご自身での座席選択はできかねますのでご了承くださ...",True,fb0bv3xoc8,2026-09-26 02:01:13,active,2026-09-27 11:02:34,,event_api,False,event_api,active
i1up5a8ozo,,key-to-lit-arena-tour-2026-neo-classics,2026-10-09,18:00,セキスイハイムスーパーアリーナ,electronic,none,ランダム配布　同時入場,sa,5.0,,ランダム,2026-09-27 02:01:12,public_alias_observed,2026-09-27 11:02:34,,,listing,2,15000,"公演当日16:30までに会場付近で待ち合わせし、同時入場していただきます。

購入者様は座席をお選びいただけません。
入場後は、発券したチケットを回収した後、一...",True,i1up5a8ozo,2026-09-26 02:01:13,active,2026-09-27 11:02:34,,event_api,False,event_api,active
ywcr81obou,,key-to-lit-arena-tour-2026-neo-classics,2026-10-09,18:00,セキスイハイムスーパーアリーナ,electronic,female,当日手渡し,ゆう,5.0,,番手,2026-09-27 02:01:12,public_alias_observed,2026-09-27 11:02:34,,,listing,2,30000,"FC初期当選/3名義中3番手/下3桁提示可/該当名義/有効期限内/着ブロ無し/すり替え無し

公演当日、前日にご指定した時間と場所に集合して頂き同時入場致します...",True,ywcr81obou,2026-09-26 02:01:13,active,2026-09-27 11:02:34,,event_api,False,event_api,active
3v8bvwpe72,,key-to-lit-arena-tour-2026-neo-classics,2026-10-09,18:00,セキスイハイムスーパーアリーナ,electronic,female,同行,®️,4.5,,ランダム同行,2026-09-27 02:01:12,public_alias_observed,2026-09-27 11:02:34,,,listing,2,20000,"✩2連確約✩少人数ランダム

・公演当日は開場時間30分前集合
(近くなりましたら詳しい場所等はお知らせします)
・開演前までにお渡し
・上乗せで早渡し可/中で...",True,3v8bvwpe72,2026-09-26 02:01:13,active,2026-09-27 11:02:34,,event_api,False,event_api,active
43b41rdng9,,key-to-lit-arena-tour-2026-neo-classics,2026-10-09,18:00,セキスイハイムスーパーアリーナ,electronic,female,2名義中2番手,u,5.0,,番手,2026-09-27 02:01:12,public_alias_observed,2026-09-27 11:02:34,,,listing,2,40000,"FC初期当選/2名義中2番手/下3桁提示可/該当名義/有効期限内/着ブロ無し/すり替え無し/ 変ボあり/エラー歴なし

公演当日、開場時間15分前目安に集合して...",True,43b41rdng9,2026-09-26 02:01:13,active,2026-09-27 11:02:34,,event_api,False,event_api,active
050rt5rx35,,key-to-lit-arena-tour-2026-neo-classics,2026-10-09,18:00,セキスイハイムスーパーアリーナ,electronic,female,同行,a,5.0,,同行,2026-09-27 02:01:12,public_alias_observed,2026-09-27 11:02:34,,,listing,1,45000,"※お取引決定後プラベルでのお取引になります※

2連中の1枚（当方との同行）になります。

初期当選／座席未定／重複すり替えなし同行／非該当名義／着席希望なし／...",True,050rt5rx35,2026-09-26 02:01:13,active,2026-09-27 11:02:34,,event_api,False,event_api,active
kw8r29rjsb,,key-to-lit-arena-tour-2026-neo-classics,2026-10-09,18:00,セキスイハイムスーパーアリーナ,electronic,female,公演日前日までにQRコード共有,C,5.0,,QR,2026-09-27 02:01:12,public_alias_observed,2026-09-27 11:02:34,,,listing,2,17000,"期限切れ該当名義/20代女性名義/初期当選
同行者登録は買い手様でお願いいたします。
万が一ランダムエラーで入場できなかった場合、入場時の動画(ランダムエラーを...",True,kw8r29rjsb,2026-09-26 02:01:13,active,2026-09-27 11:02:34,,event_api,False,event_api,active
dp0121937k,,key-to-lit-arena-tour-2026-neo-classics,2026-10-09,18:00,セキスイハイムスーパーアリーナ,electronic,female,ランダム配布,すいみん,5.0,,ランダム,2026-09-27 02:01:12,public_alias_observed,2026-09-27 11:02:34,,,listing,2,18000,"2連/指定席確約少人数ランダム
・開演5-10分前までには必ずお渡しいたします。
・上乗せで早渡し可/中で相場買取可
プラベル変更いたします。一部手渡しや即決以...",True,dp0121937k,2026-09-26 02:01:13,active,2026-09-27 11:02:34,,event_api,False,event_api,active
zq1dz0mpsh,,key-to-lit-arena-tour-2026-neo-classics,2026-10-09,18:00,セキスイハイムスーパーアリーナ,electronic,female,同行,れ,5.0,,同行番手,2026-09-27 02:01:12,public_alias_observed,2026-09-27 11:02:34,,,listing,2,45000,"FC先行/初期当選/すり替えなし/期限内/2名義中2番手/下3桁提示可/全て該当名義

プラベル出品に切り替えます。
プラベル分からない方はご遠慮ください。
そ...",True,zq1dz0mpsh,2026-09-26 02:01:13,active,2026-09-27 11:02:34,,event_api,False,event_api,active
zqwftv7kwh,,key-to-lit-arena-tour-2026-neo-classics,2026-10-09,18:00,セキスイハイムスーパーアリーナ,electronic,female,少人数ランダム配布,ぬい,5.0,,ランダム,2026-09-27 02:01:12,public_alias_observed,2026-09-27 11:02:34,,,listing,1,38000,"会場20分前会場付近にて当方が指定する場所に集合していただきます。
詳細は購入後お知らせ致します。
公演中止以外のランエラ、本確にて返金対応は致しかねます。",True,zqwftv7kwh,2026-09-26 02:01:13,active,2026-09-27 11:02:34,,event_api,False,event_api,active
bz1w4ncz0l,,key-to-lit-arena-tour-2026-neo-classics,2026-10-09,18:00,セキスイハイムスーパーアリーナ,paper,female,入金後24時間以内に郵送,a,5.0,,,2026-09-27 02:01:12,public_alias_observed,2026-09-27 11:02:34,,,listing,2,15000,"一般立見
発券済みチケットを送らせていただきます。",True,bz1w4ncz0l,2026-09-26 02:01:13,active,2026-09-27 11:02:34,,event_api,False,event_api,active
91pfefpqgz,,key-to-lit-arena-tour-2026-neo-classics,2026-10-09,18:00,セキスイハイムスーパーアリーナ,electronic,female,同行,い,5.0,,番手,2026-09-27 02:01:12,public_alias_observed,2026-09-27 11:02:34,,,listing,2,36000,"情報局先行/座席未定/復活当選/非該当名義/2番手中2番手/変更ボタンあり/すり替えなし/下3桁提示可能 

プライベート出品に切り替えますのでコメントをお願い...",True,91pfefpqgz,2026-09-26 02:01:13,active,2026-09-27 11:02:34,,event_api,False,event_api,active
hwzlndp1ee,,key-to-lit-arena-tour-2026-neo-classics,2026-10-09,18:00,セキスイハイムスーパーアリーナ,electronic,female,ログイン情報,ヘチヘチ,5.0,,QR,2026-09-27 02:01:12,public_alias_observed,2026-09-27 11:02:34,,,listing,2,80000,"QRごと/初期当選/該当名義/変ボあり/期限内/下3桁提示/クレカ重複なし

・ログイン情報でのお譲りのため丁重にお取引いただける方のみ
・座席に対するクレーム...",True,hwzlndp1ee,2026-09-26 02:01:13,active,2026-09-27 11:02:34,,event_api,False,event_api,active
idjq6xzxrg,,key-to-lit-arena-tour-2026-neo-classics,2026-10-09,18:00,セキスイハイムスーパーアリーナ,electronic,female,公演前日にログイン情報を共有,Y,5.0,,QR,2026-09-27 02:01:12,public_alias_observed,2026-09-27 11:02:34,,,listing,2,55000,"QRごと/初期当選/非該当名義/有効期限内/下3桁提示可能

公演前日にログインに必要な情報をメッセージでお伝えします。入場後は速やかにログアウトし、開演までに...",True,idjq6xzxrg,2026-09-26 01:01:13,active,2026-09-27 11:02:34,,event_api,False,event_api,active
yu5nfk0l0c,,key-to-lit-arena-tour-2026-neo-classics,2026-10-09,18:00,セキスイハイムスーパーアリーナ,electronic,female,同行,ゆ,5.0,,同行番手,2026-09-27 02:01:12,public_alias_observed,2026-09-27 11:02:34,,,listing,1,80000,"2名義中1番手　即あり
両方とも該当(変ボあり)/初期当選/下3桁提示可/有効会員

開場時間の15分前までに会場付近でお集まりいただき、同時入場いたします。...",True,yu5nfk0l0c,2026-09-26 02:01:13,active,2026-09-27 11:02:34,,event_api,False,event_api,active
ht87fci8g0,,key-to-lit-arena-tour-2026-neo-classics,2026-10-09,18:00,セキスイハイムスーパーアリーナ,electronic,female,同行,あ,4.8,,番手同行,2026-09-27 02:01:12,public_alias_observed,2026-09-27 11:02:34,,,listing,2,36000,"情報局先行  2名義中2番手
初期当選/有効期限内/該当名義(変更ボタンあり) /
下3桁の提示可

※ 購入する際はプラベルに切り替えさせて頂くので、購入希望...",True,ht87fci8g0,2026-09-26 02:01:13,active,2026-09-27 11:02:34,,event_api,False,event_api,active
959vgrepw5,,key-to-lit-arena-tour-2026-neo-classics,2026-10-09,18:00,セキスイハイムスーパーアリーナ,paper,female,当日同行,m,5.0,,同行記載あり,2026-09-27 02:01:12,public_alias_observed,2026-09-27 11:02:34,,,listing,1,23000,"一般注釈付き指定席/同行

入場後は好きにしていただいて構いません。

・当日は当方が指定する場所/時間に集合予定です。(会場付近/開場約15分前予定)
その際...",True,959vgrepw5,2026-09-26 02:01:13,active,2026-09-27 11:02:34,,event_api,False,event_api,active
3gzrzjxjh3,,key-to-lit-arena-tour-2026-neo-classics,2026-10-09,18:00,セキスイハイムスーパーアリーナ,electronic,female,同行,S,5.0,,ランダム,2026-09-27 02:01:12,public_alias_observed,2026-09-27 11:02:34,,,listing,1,15000,"【ランダム配布にご理解ある方のみご購入お願い致します】
同時入場後、ランダムでチケットをお渡しさせて頂きます。
ご自身での座席選択はできかねますのでご了承くださ...",True,3gzrzjxjh3,2026-09-26 02:01:13,active,2026-09-27 11:02:34,,event_api,False,event_api,active
imjf9skmmx,,key-to-lit-arena-tour-2026-neo-classics,2026-10-09,18:00,セキスイハイムスーパーアリーナ,electronic,female,同行,yuu,4.7,,番手,2026-09-27 02:01:12,public_alias_observed,2026-09-27 11:02:34,,,listing,2,40000,"2名義中2番手/該当名義/初期当選/有効期限内/変更ボタンあり/エラー歴なし/すり替えなし/下3桁提示可

公演当日、こちらが指定した時間場所に待ち合わせし同時...",True,imjf9skmmx,2026-09-26 02:01:13,active,2026-09-27 11:02:34,,event_api,False,event_api,active
u0rl0tz2dy,,key-to-lit-arena-tour-2026-neo-classics,2026-10-09,18:00,セキスイハイムスーパーアリーナ,electronic,female,公演前日QRコード共有,抹茶,5.0,,QR,2026-09-27 02:01:12,public_alias_observed,2026-09-27 11:02:34,,,listing,1,0,"単番QRごと/初期当選/該当名義(変更ボタン有)/有効期限内/着ブロ希望なし

・公演前日までにログインに必要な情報をお伝えいたします。
・入場後は速やかにログ...",True,u0rl0tz2dy,2026-09-26 02:01:13,active,2026-09-27 11:02:34,,event_api,True,on_request,active
02ib7hanjx,,key-to-lit-arena-tour-2026-neo-classics,2026-10-09,18:00,セキスイハイムスーパーアリーナ,electronic,female,同行,mm,5.0,,ランダム,2026-09-27 02:01:12,public_alias_observed,2026-09-27 11:02:34,,,listing,1,18000,"座席未定 ランダム配布 条件あり 座席選択不可 代理購入不可 

 ランダム配布になりますので最後までご理解いただきご購入ください。  

・複数名義所持してお...",True,02ib7hanjx,2026-09-26 02:01:13,active,2026-09-27 11:02:34,,event_api,False,event_api,active
9pulos6he7,,key-to-lit-arena-tour-2026-neo-classics,2026-10-09,18:00,セキスイハイムスーパーアリーナ,electronic,female,2番手中2番手,R,5.0,,番手,2026-09-27 02:01:12,public_alias_observed,2026-09-27 11:02:34,,,listing,2,45000,"2名義中2番手/すり替えなし/初期当選/該当/有効期限内/変ボ有/下3桁提示可

当日指定した場所・時間に集合し、同時入場いたします。入場後チケットを一度回収し...",True,9pulos6he7,2026-09-26 02:01:13,active,2026-09-27 11:02:34,,event_api,False,event_api,active
rikx2gplvq,,key-to-lit-arena-tour-2026-neo-classics,2026-10-09,18:00,セキスイハイムスーパーアリーナ,electronic,female,同行,A,5.0,,番手,2026-09-27 02:01:12,public_alias_observed,2026-09-27 11:02:34,,,listing,2,40000,"FC初期当選/2名義中2番手/下3桁提示可/該当名義×1 非該当×1/有効期限内/着ブロ無し/すり替え無し/ 変ボあり/エラー歴なし

即5


公演当日、開場...",True,rikx2gplvq,2026-09-26 02:01:13,active,2026-09-27 11:02:34,,event_api,False,event_api,active
7z5e5nqrs1,,key-to-lit-arena-tour-2026-neo-classics,2026-10-09,18:00,セキスイハイムスーパーアリーナ,paper,none,当日手渡し,れ,4.8,,ランダム同行,2026-09-27 02:01:12,public_alias_observed,2026-09-27 11:02:34,,,listing,2,16000,"ランダム配布,2連確約

【取引にあたり注意事項】
日本語理解できる方、日本の電話番号お持ちの方のみ購入をお願いいたします。

チケット取引について理解ある方の...",True,7z5e5nqrs1,2026-09-26 02:01:13,active,2026-09-27 11:02:34,,event_api,False,event_api,active
1qwqsds3vr,,key-to-lit-arena-tour-2026-neo-classics,2026-10-09,18:00,セキスイハイムスーパーアリーナ,electronic,female,同行,まるこ,5.0,,同行,2026-09-27 02:01:12,public_alias_observed,2026-09-27 11:02:34,,,listing,1,45000,"中村担不可/同行/情報局先行/該当名義/下3桁提示可能/初期当選/すり替えなし/有効期限内/本確不可
下記よくお読みください

・当方もお譲りいただくQRになり...",True,1qwqsds3vr,2026-09-26 02:01:13,active,2026-09-27 11:02:34,,event_api,False,event_api,active
e76j16l536,,key-to-lit-arena-tour-2026-neo-classics,2026-10-09,18:00,セキスイハイムスーパーアリーナ,paper,female,入金後24時間以内に郵送,M,5.0,,,2026-09-27 02:01:12,public_alias_observed,2026-09-27 11:02:34,,,listing,1,19800,"注釈指定席
発券済みのチケットを送らせていただきます。",True,e76j16l536,2026-09-26 02:01:13,active,2026-09-27 11:02:34,,event_api,False,event_api,active
n1oymfg761,,key-to-lit-arena-tour-2026-neo-classics,2026-10-09,18:00,セキスイハイムスーパーアリーナ,paper,female,当日手渡し,えび,5.0,,ランダム,2026-09-27 02:01:12,public_alias_observed,2026-09-27 11:02:34,,,listing,1,18000,"ランダム配布（買い手様は座席を選べません）
*  日本語の通じる方のみご購入ください。男性〇未成年〇
*  会場の電波が悪い可能性がございますので、購入後は当日...",True,n1oymfg761,2026-09-26 02:01:13,active,2026-09-27 11:02:34,,event_api,False,event_api,active
2nmw08qcqs,,key-to-lit-arena-tour-2026-neo-classics,2026-10-09,18:00,セキスイハイムスーパーアリーナ,electronic,female,同行,®️,4.5,,同行番手,2026-09-27 02:01:12,public_alias_observed,2026-09-27 11:02:34,,,listing,1,25000,"✩すり替えなし2連✩下位番手
入場後すぐお渡し


・公演当日は開場時間30分前集合
(近くなりましたら詳しい場所等はお知らせします)
・座席確認後すぐのお渡し...",True,2nmw08qcqs,2026-09-26 02:01:13,active,2026-09-27 11:02:34,,event_api,False,event_api,active
ghuwnuedi8,,key-to-lit-arena-tour-2026-neo-classics,2026-10-09,18:00,セキスイハイムスーパーアリーナ,electronic,female,同行,ゆ,5.0,,同行番手,2026-09-27 02:01:12,public_alias_observed,2026-09-27 11:02:34,,,listing,2,40000,"2名義中2番手　即5
両方とも該当(変ボあり)/初期当選/下3桁提示可/有効会員

開場時間の15分前までに会場付近でお集まりいただき、同時入場いたします。
遅...",True,ghuwnuedi8,2026-09-26 02:01:13,active,2026-09-27 11:02:34,,event_api,False,event_api,active
9qbs36uw1b,,key-to-lit-arena-tour-2026-neo-classics,2026-10-09,18:00,セキスイハイムスーパーアリーナ,electronic,female,同行,mm,5.0,,ランダム,2026-09-27 02:01:12,public_alias_observed,2026-09-27 11:02:34,,,listing,1,16000,"座席未定 ランダム配布 条件あり 座席選択不可 代理購入不可 

 ランダム配布になりますので最後までご理解いただきご購入ください。  

・複数名義所持してお...",True,9qbs36uw1b,2026-09-26 02:01:13,active,2026-09-27 11:02:34,,event_api,False,event_api,active
zianvhx3jp,,key-to-lit-arena-tour-2026-neo-classics,2026-10-09,18:00,セキスイハイムスーパーアリーナ,electronic,female,当日手渡し,Yyy,4.7,,番手,2026-09-27 02:01:12,public_alias_observed,2026-09-27 11:02:34,,,listing,2,55000,"3名義中2番手
該当名義/変更ボタンあり/初期当選/着ブロ希望なし / 下3桁提示可能/すり替えなし

公演当日、こちらが指定した時間に会場付近にて待ち合わせの...",True,zianvhx3jp,2026-09-26 02:01:13,active,2026-09-27 11:02:34,,event_api,False,event_api,active
cd5hc9e0dx,,key-to-lit-arena-tour-2026-neo-classics,2026-10-09,18:00,セキスイハイムスーパーアリーナ,electronic,female,同行,s,5.0,,番手,2026-09-27 02:01:12,public_alias_observed,2026-09-27 11:02:34,,,listing,2,48000,"
一般含む4名義中2番手/すり替え無し/下3桁提示可能/初期当選

公演当日、会場20分前を目安にこちらが指定した場所に集合して頂き同時入場いたします。入場後一...",True,cd5hc9e0dx,2026-09-26 02:01:13,active,2026-09-27 11:02:34,,event_api,False,event_api,active
aolljdol2k,,key-to-lit-arena-tour-2026-neo-classics,2026-10-10,12:30,セキスイハイムスーパーアリーナ,electronic,female,2名義中2番手,R,5.0,,番手,2026-09-27 02:01:12,public_alias_observed,2026-09-27 11:02:34,,,listing,1,45000,"2名義中2番手/初期当選/該当名義/有効期限内/変更ボタンあり/重複すり替えなし/下3桁提示可

当日は開場時間に会場付近で待ち合わせをし、同時入場していただき...",True,aolljdol2k,2026-09-26 02:01:13,active,2026-09-27 11:02:34,,event_api,False,event_api,active
0ho2s2a9nt,,key-to-lit-arena-tour-2026-neo-classics,2026-10-10,12:30,セキスイハイムスーパーアリーナ,electronic,female,5名義中4番手,あ,5.0,,番手,2026-09-27 02:01:12,public_alias_observed,2026-09-27 11:02:34,,,listing,1,50000,"全て初期当選、該当名義、有効期限内、下3桁提示可能、過去エラーなし

開場時間10分前頃を目安に会場付近にて集合予定。時間、場所については確定後前日夜までにはご...",True,0ho2s2a9nt,2026-09-26 02:01:13,active,2026-09-27 11:02:34,,event_api,False,event_api,active
icf4l68ffv,,key-to-lit-arena-tour-2026-neo-classics,2026-10-10,12:30,セキスイハイムスーパーアリーナ,electronic,female,同行,ありちゃん,5.0,,ランダム,2026-09-27 02:01:12,public_alias_observed,2026-09-27 11:02:34,,,listing,1,29000,⭐️開演30分前までにお渡し⭐️FC先行 座席未定/同時入場後に一度チケットを回収し、当方の座席選択後にランダム配布いたします/全名義有効期限内/同一クレカでの...,True,icf4l68ffv,2026-09-26 02:01:13,active,2026-09-27 11:02:34,,event_api,False,event_api,active
518esihzqx,,key-to-lit-arena-tour-2026-neo-classics,2026-10-10,12:30,セキスイハイムスーパーアリーナ,electronic,female,同行,ゆ,5.0,,ランダム,2026-09-27 02:01:12,public_alias_observed,2026-09-27 11:02:34,,,listing,1,18000,"特別出品しますのでコメントお願い致します。
少人数ランダム配布

公演当日、開場時間の30分前頃に会場付近にて待ち合わせし、同時入場していただきます。
詳しい待...",True,518esihzqx,2026-09-26 02:01:13,active,2026-09-27 11:02:34,,event_api,False,event_api,active
01nwtut4g4,,key-to-lit-arena-tour-2026-neo-classics,2026-10-10,12:30,セキスイハイムスーパーアリーナ,electronic,none,同行,ふ,5.0,,同行,2026-09-27 02:01:12,public_alias_observed,2026-09-27 11:02:34,,,listing,1,66000,"初期当選/該当/有効期限内/下3桁提示可能/重複すり替えなし同行

当日は開場15分前を目安に待ち合わせし、同時入場いたします。時間や場所の詳細は前日もしくは当...",True,01nwtut4g4,2026-09-26 02:01:13,active,2026-09-27 11:02:34,,event_api,False,event_api,active
iyldm61uc8,,key-to-lit-arena-tour-2026-neo-classics,2026-10-10,12:30,セキスイハイムスーパーアリーナ,electronic,female,QRコード共有,あ,5.0,,QR,2026-09-27 02:01:12,public_alias_observed,2026-09-27 11:02:34,,,listing,2,50000,"急遽仙台へ行くことが難しくなってしまったため、お譲り先を探しております。

仙台公演
QRごと／2連のみ
初期当選・キテレツ名義
サイチェン❌
公演中止になった...",True,iyldm61uc8,2026-09-26 02:01:13,active,2026-09-27 11:02:34,,event_api,False,event_api,active
zditerfpn9,,key-to-lit-arena-tour-2026-neo-classics,2026-10-10,12:30,セキスイハイムスーパーアリーナ,electronic,female,同時入場 開演5分前ランダムにてお渡し,m,5.0,,ランダム,2026-09-27 02:01:12,public_alias_observed,2026-09-27 11:02:34,,,listing,1,22000,"最後までご確認いただき、ご了承いただけた方のみご購入をお願いいたします。

・同時入場後チケットを一旦回収し解散した後、座席選択後にランダムでチケットをお渡しし...",True,zditerfpn9,2026-09-26 02:01:13,active,2026-09-27 11:02:34,,event_api,False,event_api,active
9zdvntvy2y,,key-to-lit-arena-tour-2026-neo-classics,2026-10-10,12:30,セキスイハイムスーパーアリーナ,electronic,none,ランダム配布(集合少人数),p,5.0,,ランダム,2026-09-27 02:01:12,public_alias_observed,2026-09-27 11:02:34,,,listing,1,20000,"【必ず下記全てお読みいただきご理解いただけた方のみご購入下さい】
【即決取引ですが、購入前コメント必須。こちらの返信を受け取ってから購入して下さい】
【購入され...",True,9zdvntvy2y,2026-09-26 02:01:13,active,2026-09-27 11:02:34,,event_api,False,event_api,active
ui3mc0gpxv,,key-to-lit-arena-tour-2026-neo-classics,2026-10-10,12:30,セキスイハイムスーパーアリーナ,electronic,female,同行,S,5.0,,ランダム,2026-09-27 02:01:12,public_alias_observed,2026-09-27 11:02:34,,,listing,1,20000,"【ランダム配布にご理解ある方のみご購入お願い致します】
同時入場後、ランダムでチケットをお渡しさせて頂きます。
ご自身での座席選択はできかねますのでご了承くださ...",True,ui3mc0gpxv,2026-09-26 02:01:13,active,2026-09-27 11:02:34,,event_api,False,event_api,active
9x3ouj6dd6,,key-to-lit-arena-tour-2026-neo-classics,2026-10-10,12:30,セキスイハイムスーパーアリーナ,electronic,female,同行,あ,5.0,,番手,2026-09-27 02:01:12,public_alias_observed,2026-09-27 11:02:34,,,listing,2,68000,"4名義中2番手、下3桁提示可能、全て初期当選該当有効期限内、すり替えなし
⭐️公演当日は会場付近で待ち合わせをし、同時入場していただきます。
⭐️詳しい待ち合わ...",True,9x3ouj6dd6,2026-09-26 02:01:13,active,2026-09-27 11:02:34,,event_api,False,event_api,active
lrwmn6dr8k,,key-to-lit-arena-tour-2026-neo-classics,2026-10-10,12:30,セキスイハイムスーパーアリーナ,electronic,female,QR毎/初期当選/該当名義（変更ボタン無）/有効期限内/下3桁提示可/着ブロ指定なし/クレカ決済(同一クレカ決済なし)/同一氏名名義を含め過去エラーなし/発送物戻りなし,rumi,5.0,,QR,2026-09-27 02:01:12,public_alias_observed,2026-09-27 11:02:34,,,listing,2,55000,"公演前日に連絡ボードにてログイン情報をお伝えします。
同行者登録は購入者の方にてご対応お願いします。
入場しましたら開演時間までにログアウト、受け取り通知をお願...",True,lrwmn6dr8k,2026-09-26 02:01:13,active,2026-09-27 11:02:34,,event_api,False,event_api,active
3avfc6xr69,,key-to-lit-arena-tour-2026-neo-classics,2026-10-10,12:30,セキスイハイムスーパーアリーナ,electronic,female,同行,ゆ。,5.0,,番手,2026-09-27 02:01:12,public_alias_observed,2026-09-27 11:02:34,,,listing,2,43500,"2名義中2番手/すり替えなし/該当名義/初期当選/有効期限内/変更ボタンあり/下3桁提示可/サイチェン不可/本人確認不可

・公演当日、開場20～30分前を目安...",True,3avfc6xr69,2026-09-26 02:01:13,active,2026-09-27 11:02:34,,event_api,False,event_api,active
2su8lpmtzw,,key-to-lit-arena-tour-2026-neo-classics,2026-10-10,12:30,セキスイハイムスーパーアリーナ,electronic,none,同行,c,4.9,,ランダム記載あり,2026-09-27 02:01:12,public_alias_observed,2026-09-27 11:02:34,,,listing,1,18000,"・当日開場30分前を目処に会場付近に集合し同時入場して頂きます。詳しい集合時間や場所は当日朝までに連絡ボードにてご連絡致します。
・遅刻は厳禁でお願い致します。...",True,2su8lpmtzw,2026-09-26 02:01:13,active,2026-09-27 11:02:34,,event_api,False,event_api,active
bch70puzfy,,key-to-lit-arena-tour-2026-neo-classics,2026-10-10,12:30,セキスイハイムスーパーアリーナ,electronic,female,同行,r,4.8,,ランダム,2026-09-27 02:01:12,public_alias_observed,2026-09-27 11:02:34,,,listing,1,14000,"座席未定 ランダム配布 条件あり 座席選択不可 代理購入不可 
 ランダム配布になりますので最後までご一読のうえご理解いただけた方のみご購入下さい。

・複数名...",True,bch70puzfy,2026-09-26 02:01:13,active,2026-09-27 11:02:34,,event_api,False,event_api,active
8ggtvyz5u0,,key-to-lit-arena-tour-2026-neo-classics,2026-10-10,12:30,セキスイハイムスーパーアリーナ,electronic,female,4名義中2番手,れの,5.0,,番手,2026-09-27 02:01:12,public_alias_observed,2026-09-27 11:02:34,,,listing,2,69000,4名義中2番手/初期当選/すべて該当名義/すり替えなし/下3桁提示可/有効期限内 / 発送物戻りなし/着ブロ希望なし/Pay-easy入金/サイチェン可/変更ボ...,True,8ggtvyz5u0,2026-09-26 02:01:13,active,2026-09-27 11:02:34,,event_api,False,event_api,active
bgtyjup170,,key-to-lit-arena-tour-2026-neo-classics,2026-10-10,12:30,セキスイハイムスーパーアリーナ,electronic,none,同行,あ,4.8,,ランダム,2026-09-27 02:01:12,public_alias_observed,2026-09-27 11:02:34,,,listing,1,16000,"ランダム配布

★購入する際はプライベート出品またはプラベルに切り替えさせて頂きますので購入希望の方は必ずメッセージお願いします。

・詳しい待ち合わせ時間・場...",True,bgtyjup170,2026-09-26 02:01:13,active,2026-09-27 11:02:34,,event_api,False,event_api,active
nnbod7hvt2,,key-to-lit-arena-tour-2026-neo-classics,2026-10-10,12:30,セキスイハイムスーパーアリーナ,electronic,female,公演日前日18時までにQRコード共有,ゆき,5.0,,ランダム記載あり,2026-09-27 02:01:12,public_alias_observed,2026-09-27 11:02:34,,,listing,1,70000,"座席未定/QR毎/復活当選/重複すり替えなし/下3桁提示/有効期限内/着ブロ希望なし

公演中止の際は手数料を差し引いた金額を返金致しますが、それ以外の如何なる...",True,nnbod7hvt2,2026-09-26 02:01:13,active,2026-09-27 11:02:34,,event_api,False,event_api,active
yjuzc5uo3k,,key-to-lit-arena-tour-2026-neo-classics,2026-10-10,12:30,セキスイハイムスーパーアリーナ,electronic,female,当日開場30~15分前に集合し同時入場,an,5.0,,番手,2026-09-27 02:01:12,public_alias_observed,2026-09-27 11:02:34,,,listing,2,60000,"2名義中2番手/該当名義のみ/初期当選のみ/有効期限内/変更ボタンあり/下3桁提示可/過去エラーなし

・公演当日会場付近にて待ち合わせし、同時入場していただき...",True,yjuzc5uo3k,2026-09-26 02:01:13,active,2026-09-27 11:02:34,,event_api,False,event_api,active
50jj4dbt0r,,key-to-lit-arena-tour-2026-neo-classics,2026-10-10,12:30,セキスイハイムスーパーアリーナ,electronic,female,公演日3日前までにQRコード共有,m,4.9,,QR,2026-09-27 02:01:12,public_alias_observed,2026-09-27 11:02:34,,,listing,2,64000,"QR毎/情報局先行/該当名義(変更ボタンあり)/初期当選/有効期限内/すり替えなし下3桁提示可/同行者登録可/過去エラーなし

当選歴:昨年ツアースタンド席...",True,50jj4dbt0r,2026-09-26 02:01:13,active,2026-09-27 11:02:34,,event_api,False,event_api,active
dvuxymtlfp,,key-to-lit-arena-tour-2026-neo-classics,2026-10-10,12:30,セキスイハイムスーパーアリーナ,electronic,female,同行,あ,4.8,,番手ランダム,2026-09-27 02:01:12,public_alias_observed,2026-09-27 11:02:34,,,listing,2,40000,"⭐️すり替えなし (下3桁提示可能)⭐️

初期当選/該当名義(変更ボタン有)/有効期限内
↑
全て上記に該当している名義でのすり替えなしランダム配布です。...",True,dvuxymtlfp,2026-09-26 02:01:13,active,2026-09-27 11:02:34,,event_api,False,event_api,active
8r612xn9ef,,key-to-lit-arena-tour-2026-neo-classics,2026-10-10,12:30,セキスイハイムスーパーアリーナ,paper,none,当日手渡し,れ,4.8,,ランダム番手同行QR,2026-09-27 02:01:12,public_alias_observed,2026-09-27 11:02:34,,,listing,2,38000,"すり替えなし即配布
初期当選,期限内名義のみ発券
入場後券面にて座席確認しチケット配布します

2枚購入時には連番チケットお渡しします

【取引にあたり注意事項...",True,8r612xn9ef,2026-09-26 02:01:13,active,2026-09-27 11:02:34,,event_api,False,event_api,active
bllnbjqpvo,,key-to-lit-arena-tour-2026-neo-classics,2026-10-10,12:30,セキスイハイムスーパーアリーナ,electronic,female,入金後すぐにQRコード共有,misuzu,5.0,,QR,2026-09-27 02:01:12,public_alias_observed,2026-09-27 11:02:34,,,listing,2,48000,"情報局先行 KEY TO LIT 井上瑞稀名義 初期当選 指定席 2枚申し込み 
QRごとのお譲り 条件ございません 座席未定

情報局先行 ２枚申込みでの当選...",True,bllnbjqpvo,2026-09-26 02:01:13,active,2026-09-27 11:02:34,,event_api,False,event_api,active
e2fovx552v,,key-to-lit-arena-tour-2026-neo-classics,2026-10-10,12:30,セキスイハイムスーパーアリーナ,electronic,female,同行,Moa,5.0,,同行番手,2026-09-27 02:01:12,public_alias_observed,2026-09-27 11:02:34,,,listing,2,57000,"初期当選、2名義中2番手、全て該当名義、有効期限内、変更ボタンあり、着ブロ希望なし、下3桁提示可、すり替えなし、過去エラーなし

こちらが指定する場所と時間に待...",True,e2fovx552v,2026-09-26 02:01:13,active,2026-09-27 11:02:34,,event_api,False,event_api,active
efmw4itb5u,,key-to-lit-arena-tour-2026-neo-classics,2026-10-10,12:30,セキスイハイムスーパーアリーナ,electronic,female,同行,み,5.0,,番手,2026-09-27 02:01:12,public_alias_observed,2026-09-27 11:02:34,,,listing,2,58000,"2名義中2番手/すべて初期該当変更ボタンあり/すり替えなし/下3桁提示可/有効期限内

・2名義中2番手のお譲りになります。
・入場時のみ同行者様と分かれて入場...",True,efmw4itb5u,2026-09-26 02:01:13,active,2026-09-27 11:02:34,,event_api,False,event_api,active
67qg7ayuhd,,key-to-lit-arena-tour-2026-neo-classics,2026-10-10,12:30,セキスイハイムスーパーアリーナ,electronic,female,ランダム配布,lt,4.7,,ランダム,2026-09-27 02:01:12,public_alias_observed,2026-09-27 11:02:34,,,listing,2,35000,【エラーで入場できなかった場合のみ返金します。】当日会場付近にて開場時間の20分前までにお待ち合わせ予定になります。【2枚でご購入された場合は必ず2連でチケット...,True,67qg7ayuhd,2026-09-26 02:01:13,active,2026-09-27 11:02:34,,event_api,False,event_api,active
i86cpkm4tg,,key-to-lit-arena-tour-2026-neo-classics,2026-10-10,12:30,セキスイハイムスーパーアリーナ,electronic,female,公演前日,a,5.0,,QR,2026-09-27 02:01:12,public_alias_observed,2026-09-27 11:02:34,,,listing,2,78000,"FC先行/初期当選/QR毎/該当名義/有効期限内/下3桁提示可能

⚠️プラベル移行可能な方リクエストお願いします。

QR毎のお譲りです。
公演前日の夜にログ...",True,i86cpkm4tg,2026-09-26 02:01:13,active,2026-09-27 11:02:34,,event_api,False,event_api,active
4lbmhazjgg,,key-to-lit-arena-tour-2026-neo-classics,2026-10-10,12:30,セキスイハイムスーパーアリーナ,electronic,female,公演日前日にログイン情報を共有,ま,5.0,,QR,2026-09-27 02:01:12,public_alias_observed,2026-09-27 11:02:34,,,listing,2,55000,"QR毎のお譲り/初期当選/該当名義/変更ボタン有/有効期限内/下3桁提示可/着ブロ希望なし


公演前日にログイン情報をお伝えいたします。
ログイン後はQR表示...",True,4lbmhazjgg,2026-09-26 02:01:13,active,2026-09-27 11:02:34,,event_api,False,event_api,active
a3rx28pps2,,key-to-lit-arena-tour-2026-neo-classics,2026-10-10,12:30,セキスイハイムスーパーアリーナ,electronic,female,開場15分前までに集合し同時入場,るな,5.0,,番手,2026-09-27 02:01:12,public_alias_observed,2026-09-27 11:02:34,,,listing,2,50000,2名義中2番手/初期当選のみ/有効期限内/変更ボタンあり/情報局該当名義のみ/会員番号下3桁提示可/過去エラーなし/公演中止時のみ各種手数料を差し引いた金額を返...,True,a3rx28pps2,2026-09-26 02:01:13,active,2026-09-27 11:02:34,,event_api,False,event_api,active
mbnxk2nb87,,key-to-lit-arena-tour-2026-neo-classics,2026-10-10,12:30,セキスイハイムスーパーアリーナ,electronic,female,同行,mm,5.0,,ランダム,2026-09-27 02:01:12,public_alias_observed,2026-09-27 11:02:34,,,listing,1,18000,"座席未定 ランダム配布 条件あり 座席選択不可 代理購入不可 

 ランダム配布になりますので最後までご理解いただきご購入ください。  

・複数名義所持してお...",True,mbnxk2nb87,2026-09-26 02:01:13,active,2026-09-27 11:02:34,,event_api,False,event_api,active
5hjvg7atwb,,key-to-lit-arena-tour-2026-neo-classics,2026-10-10,12:30,セキスイハイムスーパーアリーナ,electronic,female,同行,あ,5.0,,ランダム,2026-09-27 02:01:12,public_alias_observed,2026-09-27 11:02:34,,,listing,2,40000,"【すりかえなしランダム配布】 
複数当選しております。当方が座席を選択した後、残ったチケットをランダムでお渡し致します。 落札者様にお席をお選び頂くことはできま...",True,5hjvg7atwb,2026-09-26 02:01:13,active,2026-09-27 11:02:34,,event_api,False,event_api,active
x307dep1k7,,key-to-lit-arena-tour-2026-neo-classics,2026-10-10,12:30,セキスイハイムスーパーアリーナ,paper,female,入金後24時間以内に郵送,a,5.0,,,2026-09-27 02:01:12,public_alias_observed,2026-09-27 11:02:34,,,listing,2,27000,"一般発売　立見

定価支払い済み発券したチケットを送らせていただきます。",True,x307dep1k7,2026-09-26 02:01:13,active,2026-09-27 11:02:34,,event_api,False,event_api,active
4o4g13s30k,,key-to-lit-arena-tour-2026-neo-classics,2026-10-10,12:30,セキスイハイムスーパーアリーナ,electronic,female,公演前日QRコード共有,J,5.0,,QR,2026-09-27 02:01:12,public_alias_observed,2026-09-27 11:02:34,,,listing,2,48000,"初期当選/QR毎/有効期限内/Pay-easy決済/重複すり替えなし/着ブロ希望なし/購入後下3桁提示可

プラベルもしくはプライベート出品に切り替えのため、購...",True,4o4g13s30k,2026-09-26 02:01:13,active,2026-09-27 11:02:34,,event_api,False,event_api,active
nax52u5yt9,,key-to-lit-arena-tour-2026-neo-classics,2026-10-10,12:30,セキスイハイムスーパーアリーナ,electronic,female,同時入場,ちけてんまる,5.0,,ランダム,2026-09-27 02:01:12,public_alias_observed,2026-09-27 11:02:34,,,listing,1,17900,"当日、開場30分前に会場付近で待ち合わせをし、同時入場をしていただきます。
詳しい待ち合わせ時間・場所につきましては、公演が近くなりましたら連絡ボードにてお知ら...",True,nax52u5yt9,2026-09-26 02:01:13,active,2026-09-27 11:02:34,,event_api,False,event_api,active
jirlrs4wz0,,key-to-lit-arena-tour-2026-neo-classics,2026-10-10,12:30,セキスイハイムスーパーアリーナ,electronic,female,QRごと,어,5.0,,QR,2026-09-27 02:01:12,public_alias_observed,2026-09-27 11:02:34,,,listing,2,70000,"情報局先行 該当名義(変更ボタン有り) 
初期当選 有効期限内コンビニ決済 
重複すり替えなし 同行者登録可
入金後下3桁提示可 着ブロなし
郵送物戻り 過去エ...",True,jirlrs4wz0,2026-09-26 02:01:13,active,2026-09-27 11:02:34,,event_api,False,event_api,active
h05i6tg882,,key-to-lit-arena-tour-2026-neo-classics,2026-10-10,12:30,セキスイハイムスーパーアリーナ,electronic,female,同行,れ,5.0,,番手,2026-09-27 02:01:12,public_alias_observed,2026-09-27 11:02:34,,,listing,2,42000,"FC先行/初期当選/すり替えなし/期限内/4名義中4番手/下3桁提示可

プラベル出品に切り替えます。
プラベル分からない方ご遠慮ください
公演当日は会場付近に...",True,h05i6tg882,2026-09-26 02:01:13,active,2026-09-27 11:02:34,,event_api,False,event_api,active
gmqg6a18v3,,key-to-lit-arena-tour-2026-neo-classics,2026-10-10,12:30,セキスイハイムスーパーアリーナ,electronic,female,当日手渡し,な,5.0,,番手,2026-09-27 02:01:12,public_alias_observed,2026-09-27 11:02:34,,,listing,2,70000,4名義中2番手/初期当選/該当名義/変更ボタンあり/すり替えなし/下3桁提示可/有効期限内/発送物戻りなし/着ブロ希望なし/同一クレカなし/サイチェン可/本人確...,True,gmqg6a18v3,2026-09-26 02:01:13,active,2026-09-27 11:02:34,,event_api,False,event_api,active
sc0mp78d19,,key-to-lit-arena-tour-2026-neo-classics,2026-10-10,12:30,セキスイハイムスーパーアリーナ,electronic,female,同行,𐔌˘- · •̤ᐢ𐦯,5.0,,番手,2026-09-27 02:01:12,public_alias_observed,2026-09-27 11:02:34,,,listing,2,48000,"3名義中3番手



初期当選/該当/有効期限内/下3桁提示可能/重複すり替えなし同行/

当日は開場時間を目安に待ち合わせし、同時入場いたします。時間や場所の...",True,sc0mp78d19,2026-09-26 02:01:13,active,2026-09-27 11:02:34,,event_api,False,event_api,active
2jn2q2ry42,,key-to-lit-arena-tour-2026-neo-classics,2026-10-10,12:30,セキスイハイムスーパーアリーナ,electronic,female,公演前日にQRコード共有,⭐︎⭐︎,5.0,,QR,2026-09-27 02:01:12,public_alias_observed,2026-09-27 11:02:34,,,listing,2,69000,"情報局先行　初期当選　非該当　有効期限内

⚠️プラベル移行可能な方リクエストお願いします。

前日にログインに必要な情報を、お伝え致します。同行者登録・同意チ...",True,2jn2q2ry42,2026-09-26 02:01:13,active,2026-09-27 11:02:34,,event_api,False,event_api,active
wuz3eetqi4,,key-to-lit-arena-tour-2026-neo-classics,2026-10-10,12:30,セキスイハイムスーパーアリーナ,electronic,female,同行,てぁ,5.0,,番手,2026-09-27 02:01:12,public_alias_observed,2026-09-27 11:02:34,,,listing,2,65000,"【連番 3名義中2番手】
⭐️すべて連番/初期当選/該当名義/変更ボタン有/有効期限内/下3桁提示可/すり替えなし/着ブロ希望なし
⭐️ご購入の際にチケテン入場...",True,wuz3eetqi4,2026-09-26 02:01:13,active,2026-09-27 11:02:34,,event_api,False,event_api,active
zlkc5a9oau,,key-to-lit-arena-tour-2026-neo-classics,2026-10-10,12:30,セキスイハイムスーパーアリーナ,electronic,female,同行,mm,5.0,,ランダム,2026-09-27 02:01:12,public_alias_observed,2026-09-27 11:02:34,,,listing,1,18000,"座席未定 ランダム配布 条件あり 座席選択不可 代理購入不可 

 ランダム配布になりますので最後までご理解いただきご購入ください。  

・複数名義所持してお...",True,zlkc5a9oau,2026-09-26 02:01:13,active,2026-09-27 11:02:34,,event_api,False,event_api,active
0twpzdbo95,,key-to-lit-arena-tour-2026-neo-classics,2026-10-10,12:30,セキスイハイムスーパーアリーナ,electronic,none,同行,あ,4.8,,ランダム,2026-09-27 02:01:12,public_alias_observed,2026-09-27 11:02:34,,,listing,2,32000,"ランダム配布 2連確約

★購入する際はプライベート出品またはプラベルに切り替えさせて頂きますので購入希望の方は必ずメッセージお願いします。

・詳しい待ち合わ...",True,0twpzdbo95,2026-09-26 02:01:13,active,2026-09-27 11:02:34,,event_api,False,event_api,active
hvrl0xib9q,,key-to-lit-arena-tour-2026-neo-classics,2026-10-10,12:30,セキスイハイムスーパーアリーナ,electronic,female,同行,あ,5.0,,ランダム,2026-09-27 02:01:12,public_alias_observed,2026-09-27 11:02:34,,,listing,1,17900,"当方が座席を選択した後、残ったチケットをランダムでお渡し致します。
ご購入様にお席をお選び頂くことはできません。

発券後、一度チケットを全て回収させていただき...",True,hvrl0xib9q,2026-09-26 02:01:13,active,2026-09-27 11:02:34,,event_api,False,event_api,active
1ozqckg956,,key-to-lit-arena-tour-2026-neo-classics,2026-10-10,12:30,セキスイハイムスーパーアリーナ,electronic,female,同行,ぴぴ,5.0,,同行番手,2026-09-27 02:01:12,public_alias_observed,2026-09-27 11:02:34,,,listing,1,56000,"2名義中2番手1枚(2名義目)/初期当選/ボタンあり該当名義/有効期限内/すり替えなし/下3桁提示可
・2名義所持のためチケットを2名義中2名義目を配布いたしま...",True,1ozqckg956,2026-09-26 02:01:13,active,2026-09-27 11:02:34,,event_api,False,event_api,active
gumray4ksa,,key-to-lit-arena-tour-2026-neo-classics,2026-10-10,12:30,セキスイハイムスーパーアリーナ,electronic,female,2名義中2番手/初期当選/該当名義/すり替えなし/有効期間内/下3桁提示可,ミ,5.0,,番手,2026-09-27 02:01:12,public_alias_observed,2026-09-27 11:02:34,,,listing,2,43000,"2連*2名義
⭐️購入希望の方プライベート出品に切り替えますので気軽にメッセージ下さい。一部当日手渡し対応可能です。

・ 当日は開場の20分前を目安に指定場所...",True,gumray4ksa,2026-09-26 02:01:13,active,2026-09-27 11:02:34,,event_api,False,event_api,active
e93op0r26o,,key-to-lit-arena-tour-2026-neo-classics,2026-10-10,12:30,セキスイハイムスーパーアリーナ,electronic,female,同行,ゆ,5.0,,ランダム,2026-09-27 02:01:12,public_alias_observed,2026-09-27 11:02:34,,,listing,2,35000,"ランダムすり替え有

単番の場合即決2.5",True,e93op0r26o,2026-09-26 02:01:13,active,2026-09-27 11:02:34,,event_api,False,event_api,active
1ofoxnvwqx,,key-to-lit-arena-tour-2026-neo-classics,2026-10-10,12:30,セキスイハイムスーパーアリーナ,electronic,female,公演日1日前までにQRコード共有,L,4.9,,QR,2026-09-27 02:01:12,public_alias_observed,2026-09-27 11:02:34,,,listing,2,60000,2連 QRごとのお譲り、初期当選、複数当選なし、該当名義有効期限内変更ボタンあり着ブロ希望なし。発送物戻りなし。ペイジー決済。日本人以外の方は購入を御遠慮くださ...,True,1ofoxnvwqx,2026-09-26 02:01:13,active,2026-09-27 11:02:34,,event_api,False,event_api,active
dwrw8mq1kd,,key-to-lit-arena-tour-2026-neo-classics,2026-10-10,12:30,セキスイハイムスーパーアリーナ,electronic,female,2名義中2番手,co,5.0,,番手同行,2026-09-27 02:01:12,public_alias_observed,2026-09-27 11:02:34,,,listing,2,55000,"2名義中2番手/初期当選/該当×1.非該当(着ブロ希望)×1/変更ボタンあり/有効期限内/すり替えなし/会員番号下3桁提示可能

開場時間頃、入場口付近でお待ち...",True,dwrw8mq1kd,2026-09-26 02:01:13,active,2026-09-27 11:02:34,,event_api,False,event_api,active
v29n5f14fd,,key-to-lit-arena-tour-2026-neo-classics,2026-10-10,17:30,セキスイハイムスーパーアリーナ,electronic,female,同行,Eri,5.0,,同行番手,2026-09-27 02:01:12,public_alias_observed,2026-09-27 11:02:34,,,listing,2,64000,"3名義中2番手/該当名義のみ/初期当選/有効期限内/すり替えなし/下3桁提示可

・公演当日、開演約1時間前を目処に会場付近で待ち合わせします。詳しいお時間や待...",True,v29n5f14fd,2026-09-26 02:01:13,active,2026-09-27 11:02:34,,event_api,False,event_api,active
2hvzxtn31l,,key-to-lit-arena-tour-2026-neo-classics,2026-10-10,17:30,セキスイハイムスーパーアリーナ,electronic,female,同行,m,5.0,,番手,2026-09-27 02:01:12,public_alias_observed,2026-09-27 11:02:34,,,listing,2,55000,"2名義中2番手/初期当選/すり替えなし/該当名義/変更ボタンあり/下3桁提示可/有効期限内/着ブロ選択なし

・開場30分前を目安に合流後、入場予定。
・チケッ...",True,2hvzxtn31l,2026-09-26 15:01:15,active,2026-09-27 11:02:34,,event_api,False,event_api,active
mfpcupucv4,,key-to-lit-arena-tour-2026-neo-classics,2026-10-10,17:30,セキスイハイムスーパーアリーナ,electronic,none,同行,c,4.9,,ランダム記載あり,2026-09-27 02:01:12,public_alias_observed,2026-09-27 11:02:34,,,listing,2,40000,"7名義中7番手
全て初期当選･該当名義･変更ボタン有･期限内名義です。会員番号下3桁提示可/すり替えなし
・当日開場45分前を目処に会場付近に集合し同時入場して...",True,mfpcupucv4,2026-09-26 02:01:13,active,2026-09-27 11:02:34,,event_api,False,event_api,active
88ct5xf7m4,,key-to-lit-arena-tour-2026-neo-classics,2026-10-10,17:30,セキスイハイムスーパーアリーナ,electronic,female,同行,ちぴ,5.0,,同行,2026-09-27 02:01:12,public_alias_observed,2026-09-27 11:02:34,,,listing,1,75000,"QR毎/初期当選/該当名義/変更ボタン有/有効期限内/下3桁提示可/着ブロ希望なし


当日開場前に待ち合わせし、一緒に入場をお願い致します。
入場後座席を確認...",True,88ct5xf7m4,2026-09-26 02:01:13,active,2026-09-27 11:02:34,,event_api,False,event_api,active
67qprwczfd,,key-to-lit-arena-tour-2026-neo-classics,2026-10-10,17:30,セキスイハイムスーパーアリーナ,paper,female,当日手渡し,m,5.0,,ランダム,2026-09-27 02:01:12,public_alias_observed,2026-09-27 11:02:34,,,listing,1,17999,"管理の関係でプライベート出品させていただきたいので購入希望の方はコメントお願いします。
ランダム配布を理解されている日本語の通じる女性の方のみご購入お願いいたし...",True,67qprwczfd,2026-09-26 02:01:13,active,2026-09-27 11:02:34,,event_api,False,event_api,active
fwn445rlw2,,key-to-lit-arena-tour-2026-neo-classics,2026-10-10,17:30,セキスイハイムスーパーアリーナ,electronic,female,同行,あ,4.8,,番手ランダム,2026-09-27 02:01:12,public_alias_observed,2026-09-27 11:02:34,,,listing,2,43000,"⭐️すり替えなし (下3桁提示可能)

初期当選/該当名義(変更ボタン有)/有効期限内
↑
全て上記に該当している名義でのすり替えなしランダム配布です。

★購...",True,fwn445rlw2,2026-09-26 02:01:13,active,2026-09-27 11:02:34,,event_api,False,event_api,active
he2pdc2i6o,,key-to-lit-arena-tour-2026-neo-classics,2026-10-10,17:30,セキスイハイムスーパーアリーナ,electronic,female,同行,u,5.0,,番手,2026-09-27 02:01:12,public_alias_observed,2026-09-27 11:02:34,,,listing,1,58000,"
2名義中2番手/該当初期当選×2/すり替え無し/下3桁提示可/全名義有効期限内

プライベート出品にしますので、購入希望の方は一度ご連絡ください。

チケット...",True,he2pdc2i6o,2026-09-26 02:01:13,active,2026-09-27 11:02:34,,event_api,False,event_api,active
2zowasx4k2,,key-to-lit-arena-tour-2026-neo-classics,2026-10-10,17:30,セキスイハイムスーパーアリーナ,electronic,female,2名義中2番手/該当名義/すり替えなし/初期当選/有効期間内/下3桁提示可,ミ,5.0,,番手,2026-09-27 02:01:12,public_alias_observed,2026-09-27 11:02:34,,,listing,2,59000,"2連*2名義
⭐️購入希望の方プライベート出品に切り替えますので気軽にメッセージ下さい。一部当日手渡し対応可能です。

・ 当日は開場の20分前を目安に指定場所...",True,2zowasx4k2,2026-09-26 02:01:13,active,2026-09-27 11:02:34,,event_api,False,event_api,active
50rd97viid,,key-to-lit-arena-tour-2026-neo-classics,2026-10-10,17:30,セキスイハイムスーパーアリーナ,electronic,female,同行,ゆ,5.0,,ランダム,2026-09-27 02:01:12,public_alias_observed,2026-09-27 11:02:34,,,listing,1,20000,"特別出品しますのでコメントお願い致します。
ランダム配布

公演当日、開場時間の30分前頃に会場付近にて待ち合わせし、同時入場していただきます。
詳しい待ち合わ...",True,50rd97viid,2026-09-26 02:01:13,active,2026-09-27 11:02:34,,event_api,False,event_api,active
3z62fnpuo6,,key-to-lit-arena-tour-2026-neo-classics,2026-10-10,17:30,セキスイハイムスーパーアリーナ,electronic,female,同行,mi,5.0,,同行,2026-09-27 02:01:12,public_alias_observed,2026-09-27 11:02:34,,,listing,1,100000,"初期当選／座席未定／重複すり替えなし同行／該当名義／変更ボタン有／有効期限内／下3桁提示可能／着席希望なし

・公演当日は開場時間5分前に会場周辺にて待ち合わせ...",True,3z62fnpuo6,2026-09-26 02:01:13,active,2026-09-27 11:02:34,,event_api,False,event_api,active
zr98wjvkvb,,key-to-lit-arena-tour-2026-neo-classics,2026-10-10,17:30,セキスイハイムスーパーアリーナ,electronic,none,同行,c,4.9,,ランダム記載あり,2026-09-27 02:01:12,public_alias_observed,2026-09-27 11:02:34,,,listing,2,49000,"7名義中6番手
全て初期当選･該当名義･変更ボタン有･期限内名義です。会員番号下3桁提示可/すり替えなし
・当日開場45分前を目処に会場付近に集合し同時入場して...",True,zr98wjvkvb,2026-09-26 02:01:13,active,2026-09-27 11:02:34,,event_api,False,event_api,active
g0sfftzcxb,,key-to-lit-arena-tour-2026-neo-classics,2026-10-10,17:30,セキスイハイムスーパーアリーナ,electronic,none,同行,A,5.0,,ランダム,2026-09-27 02:01:12,public_alias_observed,2026-09-27 11:02:34,,,listing,1,27000,"
当方が座席を選択した後、残ったチケットをランダムでお渡し致します。
ご購入様にお席をお選び頂くことはできません。

発券後、一度チケットを全て回収させていただ...",True,g0sfftzcxb,2026-09-26 02:01:13,active,2026-09-27 11:02:34,,event_api,False,event_api,active
qo7t3t80ef,,key-to-lit-arena-tour-2026-neo-classics,2026-10-10,17:30,セキスイハイムスーパーアリーナ,electronic,female,公演前日,a,5.0,,QR,2026-09-27 02:01:12,public_alias_observed,2026-09-27 11:02:34,,,listing,2,125000,"FC先行/初期当選/QR毎/該当名義/有効期限内/下3桁提示可能

⚠️プラベル移行可能な方リクエストお願いします。

QR毎のお譲りです。
公演前日の夜にログ...",True,qo7t3t80ef,2026-09-26 02:01:13,active,2026-09-27 11:02:34,,event_api,False,event_api,active
yfdroak87i,,key-to-lit-arena-tour-2026-neo-classics,2026-10-10,17:30,セキスイハイムスーパーアリーナ,electronic,female,公演日前日にQRコード共有,a,5.0,,QR,2026-09-27 02:01:12,public_alias_observed,2026-09-27 11:02:34,,,listing,2,61980,"QRごとのお譲り

初期当選/ 有効期限内/該当名義(変更ボタン有)/着ブロ選択なし/座席未定/過去エラー歴なし

ご申請後プラベルにて専用出品いたします。
値...",True,yfdroak87i,2026-09-26 02:01:13,active,2026-09-27 11:02:34,,event_api,False,event_api,active
laef0pa6f8,,key-to-lit-arena-tour-2026-neo-classics,2026-10-10,17:30,セキスイハイムスーパーアリーナ,electronic,female,公演日1日前までにQRコード共有,m,4.8,,QR,2026-09-27 02:01:12,public_alias_observed,2026-09-27 11:02:34,,,listing,2,65000,"情報局先行 KEY TO LIT該当名義(変更ボタンあり) 初期当選 有効期限内 同行者登録可能 2連番 下3桁提示可能
QRごとのお譲り。

情報局先行 2連...",True,laef0pa6f8,2026-09-26 02:01:13,active,2026-09-27 11:02:34,,event_api,False,event_api,active
xpz2lh8g9g,,key-to-lit-arena-tour-2026-neo-classics,2026-10-10,17:30,セキスイハイムスーパーアリーナ,electronic,none,ランダム配布,r,5.0,,ランダム,2026-09-27 02:01:12,public_alias_observed,2026-09-27 11:02:34,,,listing,1,15000,"複数名義所持しているため、同時入場後に1度チケットを回収させていただき、当方が座席選択後にランダムに配布します。

チケットの選択にお時間をいただきますのであら...",True,xpz2lh8g9g,2026-09-26 02:01:13,active,2026-09-27 11:02:34,,event_api,False,event_api,active
himvd1oa1d,,key-to-lit-arena-tour-2026-neo-classics,2026-10-10,17:30,セキスイハイムスーパーアリーナ,electronic,female,公演前日にログイン情報お伝えします,みみ,5.0,,同行記載あり,2026-09-27 02:01:12,public_alias_observed,2026-09-27 11:02:34,,,listing,2,100000,QRごと/初期当選/該当(中村)名義/有効期限内/下三桁事前にお伝え可能/すり替えなし/重複当選なし/ペイジー決済/過去にエラー等ございません/変更ボタンあり/...,True,himvd1oa1d,2026-09-26 02:01:13,active,2026-09-27 11:02:34,,event_api,False,event_api,active
4vfzky4zaq,,key-to-lit-arena-tour-2026-neo-classics,2026-10-10,17:30,セキスイハイムスーパーアリーナ,electronic,female,同行,ぺこ,5.0,,番手,2026-09-27 02:01:12,public_alias_observed,2026-09-27 11:02:34,,,listing,2,60000,"2名義中2名義目
初期当選　該当名義　変更ボタン有り　有効期限内　下3桁提示可　すり替えなし

待ち合わせ場所、時間はお日にちが近くなりしたら連絡ボードにてご連...",True,4vfzky4zaq,2026-09-26 02:01:13,active,2026-09-27 11:02:34,,event_api,False,event_api,active
elxymtq3m0,,key-to-lit-arena-tour-2026-neo-classics,2026-10-10,17:30,セキスイハイムスーパーアリーナ,electronic,female,同時入場,y,5.0,,番手,2026-09-27 02:01:12,public_alias_observed,2026-09-27 11:02:34,,,listing,2,57000,"2名義中2番手
変更ボタンあり該当名義/有効期限内/すり替えなし
前日までに集合時間をご連絡致します。購入者様が遅刻した場合、先に入場しますが受取り評価はしてい...",True,elxymtq3m0,2026-09-26 02:01:13,active,2026-09-27 11:02:34,,event_api,False,event_api,active
4dscerwpxu,,key-to-lit-arena-tour-2026-neo-classics,2026-10-10,17:30,セキスイハイムスーパーアリーナ,electronic,female,同行,ゆ,5.0,,ランダム,2026-09-27 02:01:12,public_alias_observed,2026-09-27 11:02:34,,,listing,2,35000,"ランダムすり替え有
",True,4dscerwpxu,2026-09-26 02:01:13,active,2026-09-27 11:02:34,,event_api,False,event_api,active
jq6zahope2,,key-to-lit-arena-tour-2026-neo-classics,2026-10-10,17:30,セキスイハイムスーパーアリーナ,electronic,female,公演日前日にログイン情報共有,m,5.0,,QR,2026-09-27 02:01:12,public_alias_observed,2026-09-27 11:02:34,,,listing,1,80000,"単番QRごと/該当名義(変更ボタン有)/初期当選/有効期限内/購入後下3桁提示可能/発送物戻りなし/着ブロ希望なし/Pay-easy決済

・公演前日までにログ...",True,jq6zahope2,2026-09-26 02:01:13,active,2026-09-27 11:02:34,,event_api,False,event_api,active
dg5f90bvhm,,key-to-lit-arena-tour-2026-neo-classics,2026-10-10,17:30,セキスイハイムスーパーアリーナ,electronic,female,公演日前日までにQRコード共有,ｙｎ★,5.0,,QR,2026-09-27 02:01:12,public_alias_observed,2026-09-27 11:02:34,,,listing,2,130000,"座席未定/初期当選/重複、すり替えなし/QR毎のお譲り/有効期間内名義/Pay-easy支払い済み/公演日2〜3日前発送予定

※下三桁提示可能

公演日前日ま...",True,dg5f90bvhm,2026-09-26 02:01:13,active,2026-09-27 11:02:34,,event_api,False,event_api,active
yyofpqtd53,,key-to-lit-arena-tour-2026-neo-classics,2026-10-10,17:30,セキスイハイムスーパーアリーナ,electronic,female,同行,れ,5.0,,番手,2026-09-27 02:01:12,public_alias_observed,2026-09-27 11:02:34,,,listing,2,38000,"FC先行/初期当選/すり替えなし/期限内/6名義中6番手/下3桁提示可/全て該当名義

プラベル出品に切り替えます。
プラベル分からない方はご遠慮ください。その...",True,yyofpqtd53,2026-09-26 02:01:13,active,2026-09-27 11:02:34,,event_api,False,event_api,active
74m1uvvjq5,,key-to-lit-arena-tour-2026-neo-classics,2026-10-10,17:30,セキスイハイムスーパーアリーナ,paper,female,入金後24時間以内に郵送,M,5.0,,,2026-09-27 02:01:12,public_alias_observed,2026-09-27 11:02:34,,,listing,2,42000,"一般発売　注釈指定席
別途支払い不要です。
チケットを送らせていただきます。
プラベル対応可能です。",True,74m1uvvjq5,2026-09-26 02:01:13,active,2026-09-27 11:02:34,,event_api,False,event_api,active
c0jbcxxs96,,key-to-lit-arena-tour-2026-neo-classics,2026-10-10,17:30,セキスイハイムスーパーアリーナ,electronic,female,同行,Eri,5.0,,同行番手,2026-09-27 02:01:12,public_alias_observed,2026-09-27 11:02:34,,,listing,2,58000,"3名義中3番手/該当名義のみ/初期当選/有効期限内/すり替えなし/下3桁提示可

・公演当日、開演約1時間前を目処に会場付近で待ち合わせします。詳しいお時間や待...",True,c0jbcxxs96,2026-09-26 02:01:13,active,2026-09-27 11:02:34,,event_api,False,event_api,active
g35j889xu9,,key-to-lit-arena-tour-2026-neo-classics,2026-10-10,17:30,セキスイハイムスーパーアリーナ,electronic,female,2名義中2番手,co,5.0,,番手同行,2026-09-27 02:01:12,public_alias_observed,2026-09-27 11:02:34,,,listing,2,60000,"2名義中2番手/初期当選/該当×1.非該当(着ブロ希望)×1/変更ボタンあり/有効期限内/すり替えなし/会員番号下3桁提示可能

開場時間頃、入場口付近でお待ち...",True,g35j889xu9,2026-09-26 02:01:13,active,2026-09-27 11:02:34,,event_api,False,event_api,active
9fq151twdu,,key-to-lit-arena-tour-2026-neo-classics,2026-10-10,17:30,セキスイハイムスーパーアリーナ,electronic,female,4名義中3番手,mp,5.0,,番手,2026-09-27 02:01:12,public_alias_observed,2026-09-27 11:02:34,,,listing,2,50000,プラベル優先に切り替えますので申請ください／すべて情報局先行／座席未定／重複すり替えなし／初期当選／該当名義／変更ボタン有／有効期限内／下3桁提示可能／着席希望...,True,9fq151twdu,2026-09-26 02:01:13,active,2026-09-27 11:02:34,,event_api,False,event_api,active
egaxgztt67,,key-to-lit-arena-tour-2026-neo-classics,2026-10-10,17:30,セキスイハイムスーパーアリーナ,electronic,female,同行,mm,5.0,,ランダム,2026-09-27 02:01:12,public_alias_observed,2026-09-27 11:02:34,,,listing,1,18000,"座席未定 ランダム配布 条件あり 座席選択不可 代理購入不可 

 ランダム配布になりますので最後までご理解いただきご購入ください。  

・複数名義所持してお...",True,egaxgztt67,2026-09-26 02:01:13,active,2026-09-27 11:02:34,,event_api,False,event_api,active
h2li0prcir,,key-to-lit-arena-tour-2026-neo-classics,2026-10-10,17:30,セキスイハイムスーパーアリーナ,electronic,female,同行,N,5.0,,同行,2026-09-27 02:01:12,public_alias_observed,2026-09-27 11:02:34,,,listing,1,70000,"初期当選／座席未定／重複すり替えなし同行／該当名義／変更ボタン有／有効期限内／下3桁提示可能／着席希望なし

・公演当日は開場時間5分前に会場周辺にて待ち合わせ...",True,h2li0prcir,2026-09-26 02:01:13,active,2026-09-27 11:02:34,,event_api,False,event_api,active
x3xsg22njz,,key-to-lit-arena-tour-2026-neo-classics,2026-10-10,17:30,セキスイハイムスーパーアリーナ,electronic,female,同行,r,4.8,,ランダム,2026-09-27 02:01:12,public_alias_observed,2026-09-27 11:02:34,,,listing,1,17000,"座席未定 ランダム配布 条件あり 座席選択不可 代理購入不可 
 ランダム配布になりますので最後までご一読のうえご理解いただけた方のみご購入下さい。

・複数名...",True,x3xsg22njz,2026-09-26 02:01:13,active,2026-09-27 11:02:34,,event_api,False,event_api,active
ruqzw2rz35,,key-to-lit-arena-tour-2026-neo-classics,2026-10-10,17:30,セキスイハイムスーパーアリーナ,electronic,female,公演日1日前までにQRコード共有,L,4.9,,QR,2026-09-27 02:01:12,public_alias_observed,2026-09-27 11:02:34,,,listing,2,70000,2連 QRごとのお譲り、初期当選、複数当選なし、該当名義有効期限内変更ボタンあり着ブロ希望なし。発送物戻りなし。ペイジー決済。日本人以外の方は購入を御遠慮くださ...,True,ruqzw2rz35,2026-09-26 02:01:13,active,2026-09-27 11:02:34,,event_api,False,event_api,active
u2ajh1quxf,,key-to-lit-arena-tour-2026-neo-classics,2026-10-10,17:30,セキスイハイムスーパーアリーナ,electronic,female,公演日前日までにログイン情報共有,い,5.0,,QR,2026-09-27 02:01:12,public_alias_observed,2026-09-27 11:02:34,,,listing,2,80000,"情報局先行/座席未定/QRごと/初期当選/下3桁提示可/該当名義/変更ボタンあり/有効期限内

・公演前までにログインに必要な情報をお伝えいたします

・同行者...",True,u2ajh1quxf,2026-09-26 02:01:13,active,2026-09-27 11:02:34,,event_api,False,event_api,active
gkh45bb9wo,,key-to-lit-arena-tour-2026-neo-classics,2026-10-10,17:30,セキスイハイムスーパーアリーナ,electronic,none,ランダム配布,うきぴ,4.9,,ランダム,2026-09-27 02:01:12,public_alias_observed,2026-09-27 11:02:34,,,listing,1,17000,"公演当日は開場時間の40分前に会場付近にお集まりいただき、同時入場していただきます。

詳しい時間はお日にちが近づきましたらメッセージボードにてご連絡いたします...",True,gkh45bb9wo,2026-09-26 02:01:13,active,2026-09-27 11:02:34,,event_api,False,event_api,active
7aewdp4va9,,key-to-lit-arena-tour-2026-neo-classics,2026-10-10,17:30,セキスイハイムスーパーアリーナ,electronic,female,同時入場,あちゃん,4.8,,番手,2026-09-27 02:01:12,public_alias_observed,2026-09-27 11:02:34,,,listing,1,0,"⭐️2名義中1番手同行⭐️⚠️座席選択権なし

該当名義/初期当選/下3桁提示可能/有効期限内/変更ボタン有

🔴注意事項🔴
・開場時間15分前目安に会場前...",True,7aewdp4va9,2026-09-26 02:01:13,active,2026-09-27 11:02:34,,event_api,True,on_request,active
0zdben03eq,,key-to-lit-arena-tour-2026-neo-classics,2026-10-10,17:30,セキスイハイムスーパーアリーナ,electronic,female,同時入場、ランダム配布,な,5.0,,ランダム,2026-09-27 02:01:12,public_alias_observed,2026-09-27 11:02:34,,,listing,1,15000,"購入の際にコメント不要ですが評価によっては申請を却下させていただく場合があります。
以下の内容をご理解いただける方でお願いします。

・同行者登録に協力いただく...",True,0zdben03eq,2026-09-26 02:01:13,active,2026-09-27 11:02:34,,event_api,False,event_api,active
yyuior3s7v,,key-to-lit-arena-tour-2026-neo-classics,2026-10-10,17:30,セキスイハイムスーパーアリーナ,electronic,female,公演日1日前までにQRコード共有,a,5.0,,QR,2026-09-27 02:01:12,public_alias_observed,2026-09-27 10:42:30,2026-09-27 10:41:01,transition_observed,sold,2,67000,"情報局先行 該当名義 変更ボタンあり 初期当選 QRごと 重複すり替えなし 下3桁提示可能 有効期限内 着ブロ希望なし 郵送物戻りなし 過去エラーなし 

同行...",True,yyuior3s7v,2026-09-26 02:01:13,sold_confirmed,2026-09-27 10:42:30,2026-09-27 09:48:30,public_detail,False,public_detail,sold
dl38l3ba0i,,key-to-lit-arena-tour-2026-neo-classics,2026-10-10,17:30,セキスイハイムスーパーアリーナ,electronic,none,ランダム配布　同時入場,sa,5.0,,ランダム,2026-09-27 02:01:12,public_alias_observed,2026-09-27 11:02:34,,,listing,2,25000,"公演当日15:50までに会場付近で待ち合わせし、同時入場していただきます。

購入者様は座席をお選びいただけません。
入場後は、発券したチケットを回収した後、一...",True,dl38l3ba0i,2026-09-26 02:01:13,active,2026-09-27 11:02:34,,event_api,False,event_api,active
vcwyf67s0f,,key-to-lit-arena-tour-2026-neo-classics,2026-10-10,17:30,セキスイハイムスーパーアリーナ,electronic,female,同行,♡,4.4,,ランダム,2026-09-27 02:01:12,public_alias_observed,2026-09-27 11:02:34,,,listing,1,18000,"ランダム配布を理解している方のみご購入ください。

複数名義所持しているため、同時入場後は発券したチケットを一度回収させて頂き、座席はこちらで選ばせて頂きます。...",True,vcwyf67s0f,2026-09-26 02:01:13,active,2026-09-27 11:02:34,,event_api,False,event_api,active
5ggdc2ct4r,,key-to-lit-arena-tour-2026-neo-classics,2026-10-10,17:30,セキスイハイムスーパーアリーナ,electronic,female,公演日前日までにQRコード共有,ぽむ,5.0,,QR,2026-09-27 02:01:12,public_alias_observed,2026-09-27 11:02:34,,,listing,2,64500,"FC先行/座席未定/初期当選/QRごと/すり替えなし/該当名義(中村)/期限内名義/Pay-easy支払い/下３桁提示可

公演前日に連絡ボードにてログイン情報...",True,5ggdc2ct4r,2026-09-26 02:01:13,active,2026-09-27 11:02:34,,event_api,False,event_api,active
pm58nwa300,,key-to-lit-arena-tour-2026-neo-classics,2026-10-10,17:30,セキスイハイムスーパーアリーナ,electronic,female,公演日1日前までにQRコード共有,♡,5.0,,QR,2026-09-27 02:01:12,scrape_observed,2026-09-27 11:02:34,,,listing,2,63000,"FC先行/座席未定/初期当選/QRごと/すり替えなし/期限内名義/下３桁提示可

公演前日に連絡ボードにてログイン情報をお伝えいたします。
同行者登録はご自身で...",True,pm58nwa300,,active,2026-09-27 11:02:34,,event_api,,event_api,
7l8sctbim8,,key-to-lit-arena-tour-2026-neo-classics,2026-10-10,17:30,セキスイハイムスーパーアリーナ,electronic,female,公演日前日にログイン情報共有,あ,5.0,,QR,2026-09-27 02:01:12,public_alias_observed,2026-09-27 11:02:34,,,listing,2,70000,"QRごと/該当名義/変更ボタンあり/初期当選/有効期限内/下3桁提示可能/発送物戻りなし/すりかえなし/着ブロ希望なし/Pay-easy決済

・公演前日までに...",True,7l8sctbim8,2026-09-26 02:01:13,active,2026-09-27 11:02:34,,event_api,False,event_api,active
xvvl3e18sz,,key-to-lit-arena-tour-2026-neo-classics,2026-10-10,17:30,セキスイハイムスーパーアリーナ,electronic,female,同時入場 開演5分前ランダムにてお渡し,m,5.0,,ランダム,2026-09-27 02:01:12,public_alias_observed,2026-09-27 11:02:34,,,listing,1,20000,"最後までご確認いただき、ご了承いただけた方のみご購入をお願いいたします。

・同時入場後チケットを一旦回収し解散した後、座席選択後にランダムでチケットをお渡しし...",True,xvvl3e18sz,2026-09-26 02:01:13,active,2026-09-27 11:02:34,,event_api,False,event_api,active
crsn7wlcam,,key-to-lit-arena-tour-2026-neo-classics,2026-10-10,17:30,セキスイハイムスーパーアリーナ,electronic,none,同行,あ,4.8,,ランダム,2026-09-27 02:01:12,public_alias_observed,2026-09-27 11:02:34,,,listing,2,35000,"ランダム配布 2連確約

★購入する際はプライベート出品またはプラベルに切り替えさせて頂きますので購入希望の方は必ずメッセージお願いします。

・詳しい待ち合わ...",True,crsn7wlcam,2026-09-26 02:01:13,active,2026-09-27 11:02:34,,event_api,False,event_api,active
trfa6nu5ad,,key-to-lit-arena-tour-2026-neo-classics,2026-10-10,17:30,セキスイハイムスーパーアリーナ,electronic,female,5名義中4番手,ねこ,5.0,,番手,2026-09-27 02:01:12,public_alias_observed,2026-09-27 11:02:34,,,listing,2,50000,"✨5名義中4番手✨
全て初期当選/変更ボタンあり/該当名義/すり替えなし/下3桁提示可/有効期限内/同行者登録可

開場時間の45分前頃に会場付近にて待ち合わせ...",True,trfa6nu5ad,2026-09-26 02:01:13,active,2026-09-27 11:02:34,,event_api,False,event_api,active
qwwsiexe34,,key-to-lit-arena-tour-2026-neo-classics,2026-10-10,17:30,セキスイハイムスーパーアリーナ,electronic,female,同行,Sa,5.0,,番手,2026-09-27 02:01:12,public_alias_observed,2026-09-27 11:02:34,,,listing,1,60000,"2名義中2番手/初期当選/該当単番×2/変更ボタンあり/有効期限内/重複すり替えなし/下3桁提示可能/2名義とも過去エラーなし

開演1時間〜1時間10分前頃、...",True,qwwsiexe34,2026-09-26 02:01:13,active,2026-09-27 11:02:34,,event_api,False,event_api,active
xfplvtmo28,,key-to-lit-arena-tour-2026-neo-classics,2026-10-10,17:30,セキスイハイムスーパーアリーナ,electronic,female,公演日前日までにログイン情報共有,い,5.0,,QR,2026-09-27 02:01:12,public_alias_observed,2026-09-27 11:02:34,,,listing,2,80000,"情報局先行/座席未定/QRごと/初期当選/下3桁提示可/該当名義/変更ボタンあり/有効期限内

・公演前までにログインに必要な情報をお伝えいたします

・同行者...",True,xfplvtmo28,2026-09-26 02:01:13,active,2026-09-27 11:02:34,,event_api,False,event_api,active
ko9x5dr5mm,,key-to-lit-arena-tour-2026-neo-classics,2026-10-10,17:30,セキスイハイムスーパーアリーナ,electronic,female,2名義中2番手,り,5.0,,番手,2026-09-27 02:01:12,public_alias_observed,2026-09-27 11:02:34,,,listing,2,60000,"2名義中2番手/初期当選/該当名義/すり替えなし/有効期限内/下3桁提示可

【必ず下記全てお読みいただきご理解いただけた方のみご購入下さい】

・開場時間の1...",True,ko9x5dr5mm,2026-09-26 02:01:13,active,2026-09-27 11:02:34,,event_api,False,event_api,active
nydnkez1w5,,key-to-lit-arena-tour-2026-neo-classics,2026-10-10,17:30,セキスイハイムスーパーアリーナ,electronic,none,同行,あ,4.8,,ランダム,2026-09-27 02:01:12,public_alias_observed,2026-09-27 11:02:34,,,listing,1,18000,"ランダム配布

★購入する際はプライベート出品またはプラベルに切り替えさせて頂きますので購入希望の方は必ずメッセージお願いします。

・詳しい待ち合わせ時間・場...",True,nydnkez1w5,2026-09-26 02:01:13,active,2026-09-27 11:02:34,,event_api,False,event_api,active
ztev6wudwa,,key-to-lit-arena-tour-2026-neo-classics,2026-10-10,17:30,セキスイハイムスーパーアリーナ,electronic,none,同行,c,4.9,,ランダム記載あり,2026-09-27 02:01:12,public_alias_observed,2026-09-27 11:02:34,,,listing,1,17000,"・当日開場45分前を目処に会場付近に集合し同時入場して頂きます。詳しい集合時間や場所は当日朝までに連絡ボードにてご連絡致します。
・遅刻は厳禁でお願い致します。...",True,ztev6wudwa,2026-09-26 02:01:13,active,2026-09-27 11:02:34,,event_api,False,event_api,active
vs2c671cpm,,key-to-lit-arena-tour-2026-neo-classics,2026-10-10,17:30,セキスイハイムスーパーアリーナ,electronic,female,2名義中2番手,m,5.0,,番手,2026-09-27 02:01:12,public_alias_observed,2026-09-27 11:02:34,,,listing,2,60000,"2名義中2番手 / すり替えなし / FC先行初期当選 / 全て該当名義 / 下3桁提示可能 / 有効期限内 / 変更ボタン有り

・プライベート出品いたします...",True,vs2c671cpm,2026-09-26 02:01:13,active,2026-09-27 11:02:34,,event_api,False,event_api,active
wsapzm19fn,,key-to-lit-arena-tour-2026-neo-classics,2026-10-10,17:30,セキスイハイムスーパーアリーナ,electronic,female,ログイン情報の渡し,も,5.0,,QR,2026-09-27 02:01:12,public_alias_observed,2026-09-27 11:02:34,,,listing,2,65000,"座席未定、初期当選、重複、すり替えなしのQRごとのお譲り
該当名義、有効期限内名義、下３桁提示可

公演前日までに連絡ボードにてログイン情報をお伝えいたします。...",True,wsapzm19fn,2026-09-26 01:01:13,active,2026-09-27 11:02:34,,event_api,False,event_api,active
7c1x96h7q8,,key-to-lit-arena-tour-2026-neo-classics,2026-10-10,17:30,セキスイハイムスーパーアリーナ,electronic,female,同行,もる,5.0,,番手同行,2026-09-27 02:01:12,public_alias_observed,2026-09-27 11:02:34,,,listing,2,60000,"2名義中2番手同行/初期当選/該当名義/変更ボタン有/すり替え無/有効期限内名義/サイチェン可

当日会場付近にて待ち合わせし、同時入場していただきます。詳しく...",True,7c1x96h7q8,2026-09-26 02:01:13,active,2026-09-27 11:02:34,,event_api,False,event_api,active
xns7s5idsx,,key-to-lit-arena-tour-2026-neo-classics,2026-10-10,17:30,セキスイハイムスーパーアリーナ,electronic,female,同行,取引,5.0,,,2026-09-27 02:01:12,public_alias_observed,2026-09-27 11:02:34,,,listing,2,38000,"プライベート出品にしますのでコメントください。
★すり替えなし 指定席のみ 2連確約★
全て初期当選、該当名義、変更ボタンあり、期限内です。
全名義入場後約10...",True,xns7s5idsx,2026-09-26 02:01:13,active,2026-09-27 11:02:34,,event_api,False,event_api,active
k2uzr4ng8w,,key-to-lit-arena-tour-2026-neo-classics,2026-10-10,17:30,セキスイハイムスーパーアリーナ,electronic,female,4名義中4番手,mp,5.0,,番手,2026-09-27 02:01:12,public_alias_observed,2026-09-27 11:02:34,,,listing,2,40000,プラベルに切り替えますので申請ください／すべて情報局先行／座席未定／重複すり替えなし／初期当選／該当名義／変更ボタン有／有効期限内／下3桁提示可能／着席希望なし...,True,k2uzr4ng8w,2026-09-26 01:01:13,active,2026-09-27 11:02:34,,event_api,False,event_api,active
4b30muleya,,key-to-lit-arena-tour-2026-neo-classics,2026-10-10,17:30,セキスイハイムスーパーアリーナ,electronic,female,同行,み,5.0,,番手,2026-09-27 02:01:12,public_alias_observed,2026-09-27 11:02:34,,,listing,2,59000,"2名義中2番手/すべて初期該当変更ボタンあり/すり替えなし/下3桁提示可/有効期限内

・2名義中2番手のお譲りになります。
・入場時のみ同行者様と分かれて入場...",True,4b30muleya,2026-09-26 02:01:13,active,2026-09-27 11:02:34,,event_api,False,event_api,active
xpyaeuiebm,,key-to-lit-arena-tour-2026-neo-classics,2026-10-10,17:30,セキスイハイムスーパーアリーナ,electronic,none,ランダム配布,うきぴ,4.9,,ランダム,2026-09-27 02:01:12,public_alias_observed,2026-09-27 11:02:34,,,listing,1,18000,"公演当日は開場時間の40分前に会場付近にお集まりいただき、同時入場していただきます。

詳しい時間はお日にちが近づきましたらメッセージボードにてご連絡いたします...",True,xpyaeuiebm,2026-09-26 02:01:13,active,2026-09-27 11:02:34,,event_api,False,event_api,active
v33rtxz4an,,key-to-lit-arena-tour-2026-neo-classics,2026-10-10,17:30,セキスイハイムスーパーアリーナ,electronic,female,同行,S,5.0,,QRランダム,2026-09-27 02:01:12,public_alias_observed,2026-09-27 11:02:34,,,listing,1,20000,"【ランダム配布にご理解ある方のみご購入お願い致します】
同時入場後、ランダムでチケットをお渡しさせて頂きます。
ご自身での座席選択はできかねますのでご了承くださ...",True,v33rtxz4an,2026-09-26 02:01:13,active,2026-09-27 11:02:34,,event_api,False,event_api,active
6av3jwyak9,,key-to-lit-arena-tour-2026-neo-classics,2026-10-10,17:30,セキスイハイムスーパーアリーナ,electronic,female,同行,ゆ,5.0,,ランダム,2026-09-27 02:01:12,public_alias_observed,2026-09-27 11:02:34,,,listing,1,19000,すりかえ有,True,6av3jwyak9,2026-09-26 02:01:13,active,2026-09-27 11:02:34,,event_api,False,event_api,active
5uzs0m4v1h,,key-to-lit-arena-tour-2026-neo-classics,2026-10-04,12:30,マリンメッセ福岡 A館,electronic,female,公演日前日までにQRコード共有,♡,4.4,,QR,2026-09-27 04:01:14,scrape_observed,2026-09-27 11:02:34,,,listing,2,50000,"情報局先行 初期当選  KEY TO LIT名義 変更ボタンあり   QRごとのお譲り サイチェン可能 下3桁開示可能  条件無し  座席未定

復活当選、制作...",True,5uzs0m4v1h,,active,2026-09-27 11:02:34,,event_api,,event_api,
jrk8pttr9g,,key-to-lit-arena-tour-2026-neo-classics,2026-10-10,17:30,セキスイハイムスーパーアリーナ,paper,female,当日手渡し 同行,あめ,5.0,,同行,2026-09-27 05:01:15,scrape_observed,2026-09-27 10:41:02,2026-09-27 10:41:02,transition_observed,sold,1,30000,"一般発売　注釈指定席   別途支払い不要です。
当日同行者として入場いたします。
プラベル対応可能です。",True,,,sold_confirmed,2026-09-27 10:41:02,2026-09-27 09:48:30,public_detail,False,public_detail,sold
00xdamzwik,,key-to-lit-arena-tour-2026-neo-classics,2026-10-03,18:00,マリンメッセ福岡 A館,electronic,female,同行,い,5.0,,同行記載あり,2026-09-27 06:01:16,scrape_observed,2026-09-27 11:02:34,,,listing,1,42000,"2連中の1枚/初期当選/該当名義(中村)/変更ボタンあり/すり替えなし/下3桁提示可/有効期限内/サイチェン可

2連中の1枚、当方と同行になります。当方佐々木...",True,00xdamzwik,,active,2026-09-27 11:02:34,,event_api,,event_api,
ki150ik8s5,,key-to-lit-arena-tour-2026-neo-classics,2026-10-04,17:30,マリンメッセ福岡 A館,electronic,female,公演日の前日までにQRコード共有,り,5.0,,QR,2026-09-27 06:01:16,scrape_observed,2026-09-27 11:02:34,,,listing,2,40000,"初期当選、QR毎、該当名義、すり替えなし、下三桁提示可、有効期限内

QRごとのお譲りとなります。前日の夜間帯にQRを表示するために必要な情報お伝え致します。同...",True,ki150ik8s5,,active,2026-09-27 11:02:34,,event_api,,event_api,
siggykqkq5,,key-to-lit-arena-tour-2026-neo-classics,2026-10-04,17:30,マリンメッセ福岡 A館,electronic,female,公演前日にログイン情報共有,り,5.0,,QR,2026-09-27 06:01:16,scrape_observed,2026-09-27 11:02:34,,,listing,2,45000,"初期当選/QR毎/有効期限内／下3桁提示可能/該当名義
公演前日にログイン情報をお伝え致しますのでご自身で同行者登録を済ませてご入場お願い致します。名義を傷つけ...",True,siggykqkq5,,active,2026-09-27 11:02:34,,event_api,,event_api,
bip6s8w8ya,,key-to-lit-arena-tour-2026-neo-classics,2026-10-10,17:30,セキスイハイムスーパーアリーナ,electronic,female,同行,o,5.0,,同行番手,2026-09-27 06:01:16,scrape_observed,2026-09-27 11:02:34,,,listing,2,55000,"3名義中3番手 全て該当名義 変更ボタンあり 初期当選　有効期限内 すり替えなし Pay-easy決済 下3桁提示可能　過去エラーなし

公演当日、指定した時間...",True,bip6s8w8ya,,active,2026-09-27 11:02:34,,event_api,,event_api,
t28s59ny0t,,key-to-lit-arena-tour-2026-neo-classics,2026-10-03,18:00,マリンメッセ福岡 A館,electronic,female,1日前までにログイン情報共有,もち,5.0,,QR,2026-09-27 07:01:15,scrape_observed,2026-09-27 11:02:34,,,listing,2,42000,"初期当選  該当名義（変更ボタンあり）
QRごと  下3桁開示可能  座席未定
着席ブロックではありません。

有効期限内名義、エラー等なし
重複、すり替えなし...",True,t28s59ny0t,,active,2026-09-27 11:02:34,,event_api,,event_api,
adai2hk4p6,,key-to-lit-arena-tour-2026-neo-classics,2026-10-04,17:30,マリンメッセ福岡 A館,electronic,female,同行,alu,5.0,,同行,2026-09-27 08:01:14,scrape_observed,2026-09-27 11:02:34,,,listing,1,40000,"２名義中２番手 全て有効期限内 該当名義(変更ボタン有) 会員番号下３桁提示可 すり替え無し

・公演当日、会場10分前頃待ち合わせし、同時入場していただきます...",True,adai2hk4p6,,active,2026-09-27 11:02:34,,event_api,,event_api,
n1f5vvp2lx,,key-to-lit-arena-tour-2026-neo-classics,2026-10-09,18:00,セキスイハイムスーパーアリーナ,electronic,none,同行,ウメコ,5.0,,ランダム,2026-09-27 08:01:14,scrape_observed,2026-09-27 11:02:34,,,listing,1,10000,"ランダム配布です。
お取引が初めての方でも大丈夫です◎

当日、開場時間30分前ごろに会場付近の指定の場所にてお待ち合わせし、同時入場をしていただきます。...",True,n1f5vvp2lx,,active,2026-09-27 11:02:34,,event_api,,event_api,
04ojnuvyfp,,key-to-lit-arena-tour-2026-neo-classics,2026-10-10,17:30,セキスイハイムスーパーアリーナ,electronic,none,同行,ウメコ,5.0,,ランダム,2026-09-27 08:01:14,scrape_observed,2026-09-27 11:02:34,,,listing,1,13000,"ランダム配布です。
お取引が初めての方でも大丈夫です◎

当日、開場時間30分前ごろに会場付近の指定の場所にてお待ち合わせし、同時入場をしていただきます。...",True,04ojnuvyfp,,active,2026-09-27 11:02:34,,event_api,,event_api,
5f7sfat2k6,,key-to-lit-arena-tour-2026-neo-classics,2026-10-04,17:30,マリンメッセ福岡 A館,electronic,female,同行,sk,5.0,,同行,2026-09-27 09:01:12,scrape_observed,2026-09-27 11:02:34,,,listing,1,60000,"2連中1枚/初期当選/有効期限内/該当名義/重複すり替えなし/同行者登録可/サイチェン可/佐々木担不可

公演当日は当方が指定するお時間に会場付近にて待ち合わせ...",True,5f7sfat2k6,,active,2026-09-27 11:02:34,,event_api,,event_api,
kg6gw8w7u5,,key-to-lit-arena-tour-2026-neo-classics,2026-10-03,18:00,マリンメッセ福岡 A館,electronic,female,公演前日にログイン情報共有,か,5.0,,QR,2026-09-27 09:48:30,scrape_observed,2026-09-27 11:02:34,,,listing,2,50000,"【最終値下げ】重複なし/初期当選/有効期限内/該当名義/すり替えなし/下3桁提示可/着ブロ希望なし/座席未定

・公演前日(10/2)にログイン情報をお伝えしま...",True,kg6gw8w7u5,2026-09-27 09:48:30,active,2026-09-27 11:02:34,,event_api,,event_api,
luojm6m5qa,,key-to-lit-arena-tour-2026-neo-classics,2026-10-04,12:30,マリンメッセ福岡 A館,electronic,female,同行,S,5.0,,ランダム,2026-09-27 09:48:30,scrape_observed,2026-09-27 11:02:34,,,listing,1,30000,"すり替えなし/ランダム配布/すべて有効期限内該当名義/初期当選/下3桁提示可
【ランダム配布にご理解ある方のみご購入お願い致します】
同時入場後、ランダムでチケ...",True,luojm6m5qa,2026-09-27 09:48:30,active,2026-09-27 11:02:34,,event_api,,event_api,
t1ehxk8k34,,key-to-lit-arena-tour-2026-neo-classics,2026-10-04,12:30,マリンメッセ福岡 A館,electronic,female,同時入場,TA,5.0,,ランダム,2026-09-27 10:01:16,scrape_observed,2026-09-27 11:02:34,,,listing,1,12800," ランダム配布 同時入場 立見なし 全て指定席 有効会員
ランダム配布をご理解している方のみご購入ください。
男性の方、日本語か話せる外国人の方も購入できます。...",True,t1ehxk8k34,2026-09-27 10:01:16,active,2026-09-27 11:02:34,,event_api,,event_api,
w72a6f8r01,,key-to-lit-arena-tour-2026-neo-classics,2026-10-04,12:30,マリンメッセ福岡 A館,electronic,female,公演前日QRコード共有,neko,5.0,,,2026-09-27 10:49:07,public_alias_observed,2026-09-27 10:49:07,2026-09-27 10:49:07,transition_observed,sold,2,45000,"QR毎/重複すり替え無し/下3桁提示可/初期当選/有効期限内/該当名義/変更ボタンあり/着ブロ希望無し

・公演前日にログインに必要な情報を連絡ボードにてお伝え...",True,w72a6f8r01,2026-09-26 01:01:13,sold_confirmed,2026-09-27 10:49:07,2026-09-27 09:48:30,public_detail,False,public_detail,sold
nm0eq52dm4,,key-to-lit-arena-tour-2026-neo-classics,2026-10-09,18:00,セキスイハイムスーパーアリーナ,electronic,female,同行,SU,5.0,,同行番手,2026-09-27 10:49:08,public_alias_observed,2026-09-27 10:49:08,,,listing,2,37000,"2名義中2番手/すり替えなし/初期当選/該当/有効期限内/変ボ有/下3桁提示可

当日指定した場所・時間に集合し、同時入場いたします。入場後チケットを一度回収し...",True,nm0eq52dm4,2026-09-26 02:01:13,inactive,2026-09-27 11:02:34,2026-09-27 09:48:30,public_detail,False,public_detail,inactive
3cbvjta0tx,,key-to-lit-arena-tour-2026-neo-classics,2026-10-09,18:00,セキスイハイムスーパーアリーナ,electronic,female,同行,n,5.0,,同行,2026-09-27 10:49:08,public_alias_observed,2026-09-27 10:49:08,,,deleted,1,55000,"2名義中1番手同行/すり替えなし/初期当選のみ/下3桁提示可能/期限内該当名義(変更ボタンあり)/着ブロ指定なし/岩﨑担不可
入場後、一度チケットを回収し2名義...",True,3cbvjta0tx,2026-09-26 02:01:13,deleted_confirmed,2026-09-27 10:49:08,2026-09-27 09:48:30,public_detail,False,public_detail,cancelled
7xypslckm4,,key-to-lit-arena-tour-2026-neo-classics,2026-10-03,18:00,マリンメッセ福岡 A館,electronic,female,同行,3,5.0,,ランダム,2026-09-27 10:49:08,public_alias_observed,2026-09-27 10:49:08,2026-09-27 10:49:08,transition_observed,sold,1,5500,"指定席のみ ランダム配布
ご購入後はこちらからの連絡を待たずに苗字（偽名可）とお電話番号のご連絡をお願いします。

複数名義所持しているため、入場後チケットを一...",True,7xypslckm4,2026-09-26 15:01:15,sold_confirmed,2026-09-27 10:49:08,2026-09-27 09:48:30,public_detail,False,public_detail,sold
lvtgbk3ns1,,key-to-lit-arena-tour-2026-neo-classics,2026-10-03,18:00,マリンメッセ福岡 A館,electronic,female,公演前日にログイン情報をお渡しします,s,5.0,,QR,2026-09-27 10:49:09,public_alias_observed,2026-09-27 10:49:09,,,deleted,2,45000,"2連/QR毎/初期当選/該当名義
下3桁提示可能です

公演前日にログイン情報をお渡しします。
いかなる場合でもキャンセルは不可とさせていただきます。",True,lvtgbk3ns1,2026-09-26 01:01:13,deleted_confirmed,2026-09-27 10:49:09,2026-09-27 09:48:30,public_detail,False,public_detail,cancelled
9ea6rbx8vo,,key-to-lit-arena-tour-2026-neo-classics,2026-10-03,18:00,マリンメッセ福岡 A館,electronic,female,4名義中3番手,み,5.0,,番手,2026-09-27 10:49:09,public_alias_observed,2026-09-27 10:49:09,2026-09-27 10:49:09,transition_observed,sold,1,27000,"4名義中3番手 2連中1枚
該当名義（変更ボタンあり）/初期当選のみ/有効期限内/着ブロ希望なし/すり替えなし/下3桁提示可能

チケット持ち逃げ防止のため、顔...",True,9ea6rbx8vo,2026-09-26 01:01:13,sold_confirmed,2026-09-27 10:49:09,2026-09-27 09:48:30,public_detail,False,public_detail,sold
lygrdru9sk,,key-to-lit-arena-tour-2026-neo-classics,2026-10-04,17:30,マリンメッセ福岡 A館,electronic,female,同行,あ,5.0,,ランダム,2026-09-27 10:49:10,public_alias_observed,2026-09-27 10:49:10,,,deleted,1,5500,"少人数ランダム
ご希望がございましたらプラベル出品も可能です。

チケット発券後一度解散させていただき、開演5分前までに再集合しチケットをお渡しいたしますので、...",True,lygrdru9sk,2026-09-26 01:01:13,deleted_confirmed,2026-09-27 10:49:10,2026-09-27 09:48:30,public_detail,False,public_detail,cancelled
2t1b1gwtcd,,key-to-lit-arena-tour-2026-neo-classics,2026-10-10,17:30,セキスイハイムスーパーアリーナ,electronic,female,当日,おゆ,5.0,,番手,2026-09-27 10:49:10,public_alias_observed,2026-09-27 10:49:10,2026-09-27 10:49:10,transition_observed,sold,1,45000,"2名義中2番手の同行
他の方からのお譲りして頂いているチケットになります。
全て該当名義、すり替えなし、下3桁提示可能
座席選択権はございませんのでご了承くださ...",True,2t1b1gwtcd,2026-09-26 01:01:13,sold_confirmed,2026-09-27 10:49:10,2026-09-27 09:48:30,public_detail,False,public_detail,sold
8w140xof0g,,key-to-lit-arena-tour-2026-neo-classics,2026-10-09,18:00,セキスイハイムスーパーアリーナ,electronic,none,同行,太,5.0,,同行,2026-09-27 10:49:10,public_alias_observed,2026-09-27 10:49:10,,,deleted,1,42000,"
2連中の1枚（当方との同行）になります。

初期当選／座席未定／重複すり替えなし同行／非該当名義／着席希望なし／サイチェン不可／代理購入不可／猪狩担不可

*...",True,8w140xof0g,2026-09-26 02:01:13,deleted_confirmed,2026-09-27 10:49:10,2026-09-27 09:48:30,public_detail,False,public_detail,cancelled
gl48kc4elh,,key-to-lit-arena-tour-2026-neo-classics,2026-10-04,12:30,マリンメッセ福岡 A館,electronic,female,公演日当日までにQRコード共有,♡,4.4,,QR,2026-09-27 10:49:11,public_alias_observed,2026-09-27 10:49:11,2026-09-27 10:49:11,transition_observed,sold,2,48000,"情報局先行 初期当選  KEY TO LIT名義 変更ボタンあり   QRごとのお譲り サイチェン可能 下3桁開示可能  条件無し  座席未定

復活当選、制作...",True,gl48kc4elh,2026-09-26 01:01:13,sold_confirmed,2026-09-27 10:49:11,2026-09-27 09:48:30,public_detail,False,public_detail,sold
vqq3z0c97z,,key-to-lit-arena-tour-2026-neo-classics,2026-10-04,17:30,マリンメッセ福岡 A館,electronic,female,同行,Sa,5.0,,同行,2026-09-27 10:49:11,public_alias_observed,2026-09-27 10:49:11,,,listing,1,38000,"2連中1枚の同行/初期当選/該当/有効期限内/重複すり替えなし/同行者登録,下3桁提示,サイチェン可/過去エラーなし/猪狩担不可

プライベート出品に切り替え、...",True,vqq3z0c97z,2026-09-26 01:01:13,inactive,2026-09-27 11:02:34,2026-09-27 09:48:30,public_detail,False,public_detail,inactive
3v4n832375,,key-to-lit-arena-tour-2026-neo-classics,2026-10-04,17:30,マリンメッセ福岡 A館,electronic,female,同行,おゆ,5.0,,同行,2026-09-27 10:49:11,public_alias_observed,2026-09-27 10:49:11,2026-09-27 10:49:11,transition_observed,sold,1,32000,"初期当選/着ブロ希望なし/有効期限内/重複すり替えなし/サイチェン不可/中村担不可

2連中1枚 当方と同行になります(中村担)
座席の選択権利はございませんの...",True,3v4n832375,2026-09-26 01:01:13,sold_confirmed,2026-09-27 10:49:11,2026-09-27 09:48:30,public_detail,False,public_detail,sold
vwdr9gxivn,,key-to-lit-arena-tour-2026-neo-classics,2026-10-04,12:30,マリンメッセ福岡 A館,electronic,none,ランダム配布,r,5.0,,ランダム,2026-09-27 10:49:12,public_alias_observed,2026-09-27 10:49:12,2026-09-27 10:49:12,transition_observed,sold,1,7500,"複数名義所持しているため、同時入場後に1度チケットを回収させていただき、当方が座席選択後にランダムに配布します。

チケットの選択にお時間をいただきますのであら...",True,vwdr9gxivn,2026-09-26 01:01:13,sold_confirmed,2026-09-27 10:49:12,2026-09-27 09:48:30,public_detail,False,public_detail,sold
w5f37yevap,,key-to-lit-arena-tour-2026-neo-classics,2026-10-04,17:30,マリンメッセ福岡 A館,electronic,female,同行,あ,5.0,,番手,2026-09-27 10:49:12,public_alias_observed,2026-09-27 10:49:12,2026-09-27 10:49:12,transition_observed,sold,1,36000,"3名義中2番手
初期当選/該当×2非該当×1/下3桁提示可/すり替えなし/有効期限内/変更ボタンあり
プラベル出品に移行可能です

公演当日は開場の15-20分...",True,w5f37yevap,2026-09-26 01:01:13,sold_confirmed,2026-09-27 10:49:12,2026-09-27 09:48:30,public_detail,False,public_detail,sold
