ticket_id,created_at_unix,event_id,perf_date,perf_time,venue,ticket_type,name_type,delivery_method,seller_name,seller_rating,order_num,ticket_tags,first_observed_at,first_observed_source,last_observed_at,sold_at,sold_at_source,status,quantity,price,raw_description,details_fetched
sold_milesixtones-2026_1784871067215_30000,1784871067215,milesixtones-2026,2026-09-19,17:30,味の素スタジアム,electronic,none,同行,,,,,2026-07-24 05:31:07,,2026-09-04 18:01:17,2026-08-27 05:10:56,,sold,2,30000,"【条件あり】
チケットを複数所持しております。同時入場後にチケットを一旦回収し、開演5分前を目処に再集合の上チケットをお渡しさせていただきます。座席についてのク...",False
sold_milesixtones-2026_1784874075549_70000,1784874075549,milesixtones-2026,2026-09-19,17:30,味の素スタジアム,electronic,female,公演日前日にログイン情報お渡し,,,,,2026-07-24 06:21:15,,2026-09-04 18:01:17,2026-08-27 05:10:56,,sold,1,70000,"初期当選/座席未定/重複すり替えなし/有効期限内／下三桁提示可/着ブロ指定なし/郵送物戻りなし

公演前日にマイページの連絡ボードにてログイン情報お伝えします。...",False
sold_milesixtones-2026_1785044303261_30000,1785044303261,milesixtones-2026,2026-09-19,17:30,味の素スタジアム,electronic,female,同行,,,,,2026-07-26 05:38:23,,2026-09-04 18:01:17,2026-08-27 05:10:56,,sold,1,30000,"有効期限内/アリツ落選名義/下三桁提示可/初期当選/重複すり替えなし/着ブロ希望なし

当方ジェシー担となりますので担当のご配慮いただけますと幸いです。

当日...",False
sold_milesixtones-2026_1785023115171_35000,1785023115171,milesixtones-2026,2026-09-19,17:30,味の素スタジアム,paper,female,当日手渡し,,,,,2026-07-25 23:45:15,,2026-09-04 18:01:17,2026-08-27 05:10:56,,sold,1,35000,"FC初期当選 有効期限内
 当方と同行になります。

当日は開演前に会場付近に待ち合わせたのちに同時入場して頂きます。

公演中止の場合のみ手数料を差し引いた金...",False
sold_milesixtones-2026_1786712100107_10000,1786712100107,milesixtones-2026,2026-09-19,17:30,味の素スタジアム,electronic,female,連絡ボードにて,,,,,2026-08-14 12:55:00,,2026-09-04 18:01:17,2026-08-27 05:10:56,,sold,1,10000,"【座席未定】
チケットを複数所持しております。同時入場後にチケットを一旦回収し、開演5~10分前を目処に再集合の上チケットをお渡しさせていただきます。座席につい...",False
sold_milesixtones-2026_1785750481329_34000,1785750481329,milesixtones-2026,2026-09-19,17:30,味の素スタジアム,electronic,female,公演前日にログイン情報提示,,,,,2026-08-03 09:48:01,,2026-09-04 18:01:17,2026-08-27 05:10:56,,sold,2,34000,"QR毎/初期当選/下3桁提示可能

公演前日に同行者の同意チェックのみ当方で行った後ログイン情報をお伝えします。代表者チェックは買い手様自身でお願い致します。...",False
sold_milesixtones-2026_1784878728680_10900,1784878728680,milesixtones-2026,2026-09-19,17:30,味の素スタジアム,paper,female,前日,,,,,2026-07-24 07:38:48,,2026-09-04 18:01:17,2026-08-27 05:10:56,,sold,1,10900,"当日2.0/枚手渡し　2名義中2番手/すり替えなし/有効期限内/下3桁提示可

プライベートモードにて切り替えますので、ご購入希望の方はメッセージお願いいたしま...",False
sold_milesixtones-2026_1785034403971_15000,1785034403971,milesixtones-2026,2026-09-19,17:30,味の素スタジアム,electronic,female,同行,,,,,2026-07-26 02:53:23,,2026-09-04 18:01:17,2026-08-27 05:10:56,,sold,1,15000,"少人数ランダム
プライベートモードにて再出品いたしますので、ご希望の方はメッセージお願いいたします。

・複数名義ありますので、同時入場後一旦チケットを回収し、...",False
sold_milesixtones-2026_1785607599677_10300,1785607599677,milesixtones-2026,2026-09-19,17:30,味の素スタジアム,electronic,female,連絡ボードにて,,,,,2026-08-01 18:06:39,,2026-09-04 18:01:17,2026-08-27 05:10:56,,sold,2,10300,"【座席未定】
チケットを複数所持しております。同時入場後にチケットを一旦回収し、開演5~10分前を目処に再集合の上チケットをお渡しさせていただきます。座席につい...",False
sold_milesixtones-2026_1785428112304_10000,1785428112304,milesixtones-2026,2026-09-19,17:30,味の素スタジアム,electronic,none,同行,,,,,2026-07-30 16:15:12,,2026-09-04 18:01:17,2026-08-27 05:10:56,,sold,2,10000,"ランダム/全名義有効期限内/初期当選/早渡し上乗せ可/相場買取可/
プライベートモードにて再出品いたしますので、ご希望の方はメッセージお願いいたします。
・複数...",False
sold_milesixtones-2026_1787539405438_9500,1787539405438,milesixtones-2026,2026-09-19,17:30,味の素スタジアム,electronic,female,座席未定、複数名義所持、ランダム配布,,,,,2026-08-24 02:43:25,,2026-09-04 18:01:17,2026-08-27 05:10:56,,sold,1,9500,"当日待ち合わせし、同時入場お願いいたします。
複数名義所持しており、
入場後チケットを回収させていただきこちらで座席の選択をさせて頂いた後にランダムでチケットを...",False
sold_milesixtones-2026_1785826581389_35000,1785826581389,milesixtones-2026,2026-09-19,17:30,味の素スタジアム,electronic,female,公演前日にログイン情報,,,,,2026-08-04 06:56:21,,2026-09-04 18:01:17,2026-08-27 05:10:56,,sold,2,35000,"QR毎/初期当選/下3桁提示可能/当選歴なし/アリツア落選名義/有効期限内名義/発送物出戻りなし/着ブロ指定なし

公演前日に同行者の同意チェックのみ当方で行っ...",False
sold_milesixtones-2026_1784890536829_9900,1784890536829,milesixtones-2026,2026-09-19,17:30,味の素スタジアム,electronic,female,連絡ボードにて,,,,,2026-07-24 10:55:36,,2026-09-04 18:01:17,2026-08-27 05:10:56,,sold,1,9900,"【条件あり】
チケットを複数所持しております。同時入場後にチケットを一旦回収し、開演5~10分前を目処に再集合の上チケットをお渡しさせていただきます。座席につい...",False
sold_milesixtones-2026_1785246182867_30000,1785246182867,milesixtones-2026,2026-09-19,17:30,味の素スタジアム,electronic,female,同行,,,,,2026-07-28 13:43:02,,2026-09-04 18:01:17,2026-08-27 05:10:56,,sold,1,30000,"単番×2名義中2番手 当方と同時入場
アリツア未当選名義のみ
日本語の通じる方の購入をお願いします。

当日は開場時間5〜10分前に当方と集合し同時入場をお願い...",False
sold_milesixtones-2026_1784941756144_20000,1784941756144,milesixtones-2026,2026-09-19,17:30,味の素スタジアム,electronic,female,同行,,,,,2026-07-25 01:09:16,,2026-09-04 18:01:17,2026-08-27 05:10:56,,sold,2,20000,"4名義中4番手

FC先行/初期当選/すり替えなし/下3桁提示可能/全て有効期限内名義

公演当日開場30〜15分前に集合して頂きます。詳しい時間、場所等はマイ...",False
sold_milesixtones-2026_1785029875715_12000,1785029875715,milesixtones-2026,2026-09-19,17:30,味の素スタジアム,electronic,female,当日,,,,,2026-07-26 01:37:55,,2026-09-04 18:01:17,2026-08-27 05:10:56,,sold,2,12000,"ランダム配布､下3桁提示

◾︎発券後席次第ですぐにお渡し可能

同時入場後一度チケットを全て回収し座席を選ばせて頂きます。座席選択にお時間を頂きますが開演時間...",False
sold_milesixtones-2026_1786416655587_10000,1786416655587,milesixtones-2026,2026-09-19,17:30,味の素スタジアム,electronic,female,同行,,,,,2026-08-11 02:50:55,,2026-09-04 18:01:17,2026-08-27 05:10:56,,sold,1,10000,"少人数ランダム配布

プライベート出品にするのでコメントください

ランダム配布にご理解がある方のみお願いします。

複数名義所持してますのでこちらで選択後チケ...",False
sold_milesixtones-2026_1784882910257_25000,1784882910257,milesixtones-2026,2026-09-19,17:30,味の素スタジアム,electronic,female,同行,,,,,2026-07-24 08:48:30,,2026-09-04 18:01:17,2026-08-27 05:10:56,,sold,2,25000,当日は開場時間の15~30分前頃にこちらが指定した場所に集合していただき同時入場後、先に当方が座席選択した後チケットをランダムにお渡しします。座席は選択できませ...,False
sold_milesixtones-2026_1785074410459_10000,1785074410459,milesixtones-2026,2026-09-19,17:30,味の素スタジアム,electronic,female,同行,,,,,2026-07-26 14:00:10,,2026-09-04 18:01:17,2026-08-27 05:10:56,,sold,2,10000,"即3.6/枚　残り2.6/枚当日手渡し

4名義中2番手/すり替えなし/下3桁提示可能/有効内/アリツ落選名義

プライベートモードにて再度出品いたしますので、...",False
sold_milesixtones-2026_1786788233336_10500,1786788233336,milesixtones-2026,2026-09-19,17:30,味の素スタジアム,electronic,female,同行,,,,,2026-08-15 10:03:53,,2026-09-04 18:01:17,2026-08-27 05:10:56,,sold,2,10500,"当日は指定した時間・場所に集合していただき同時入場後、先に当方が座席選択した後チケットをランダムにお渡しします。座席は選択できません。
※チケット受取時に必ず受...",False
sold_milesixtones-2026_1784999925020_41000,1784999925020,milesixtones-2026,2026-09-19,17:30,味の素スタジアム,electronic,female,公演前日QRコード共有,,,,,2026-07-25 17:18:45,,2026-09-04 18:01:17,2026-08-27 05:10:56,,sold,2,41000,"初期当選/アリツア落選名義/すり替えなし/有効期限内/下3桁提示可

購入いただきましたら下3桁の共有可能です。
公演前日にログイン情報の共有を致します。
エラ...",False
8cqrvnyihm,1787404508955,milesixtones-2026,2026-09-19,17:30,味の素スタジアム,electronic,female,当日,そら,5.0,,番手同行,2026-08-22 13:15:08,,2026-08-28 12:01:10,,,deleted,1,30000,"4名義2番手 1枚  3.0～即4.0
すり替えなし
※専用取引orプラベルにて対応予定です。お気軽にお声掛けください※

4名義全て有効期限内、下3桁提示可能...",True
sold_milesixtones-2026_1785808179931_13000,1785808179931,milesixtones-2026,2026-09-19,17:30,味の素スタジアム,electronic,female,同行,,,,,2026-08-04 01:49:39,,2026-09-04 18:01:17,2026-08-27 05:10:56,,sold,2,13000,【入場時ランダムエラーの場合の全額返金保証、立見なし】ランダムのお渡しとなり、購入者様の座席選択権はありませんことご理解下さい。(連番での落札は必ず連番のお譲り...,False
sold_milesixtones-2026_1784935384407_23000,1784935384407,milesixtones-2026,2026-09-19,17:30,味の素スタジアム,electronic,female,同行,,,,,2026-07-24 23:23:04,,2026-09-04 18:01:17,2026-08-27 05:10:56,,sold,2,23000,"FC先行／初期当選／座席未定／3名義中3番／すり替えなし／下3桁掲示可／着ブロ希望なし／郵送物戻りなし／有効期限内名義
・こちらは3名義中3番手のチケットとなり...",False
sold_milesixtones-2026_1787025023364_11000,1787025023364,milesixtones-2026,2026-09-19,17:30,味の素スタジアム,electronic,none,同時入場後手渡し,,,,,2026-08-18 03:50:23,,2026-09-04 18:01:17,2026-08-27 05:10:56,,sold,2,11000,"すり替えありランダム配布
複数名義所持しております。入場後全てチケットを一度回収し、解散します。こちらで席を選ばせていただいたあとにランダムでチケットをお渡しし...",False
sold_milesixtones-2026_1784872305387_17000,1784872305387,milesixtones-2026,2026-09-19,17:30,味の素スタジアム,electronic,female,同行,,,,,2026-07-24 05:51:45,,2026-09-04 18:01:17,2026-08-27 05:10:56,,sold,1,17000,【入場時ランダムエラーの場合の全額返金保証、立見なし】コメントいただければプラベル切り替え可能。ランダムのお渡しとなり、購入者様の座席選択権はありませんことご理...,False
sold_milesixtones-2026_1784906521465_30000,1784906521465,milesixtones-2026,2026-09-19,17:30,味の素スタジアム,electronic,female,同行,,,,,2026-07-24 15:22:01,,2026-09-04 18:01:17,2026-08-27 05:10:56,,sold,2,30000,"FC先行 3名義中3番手 有効期限内名義 すり替えなし 下3桁提示可 

・公演当日開場時間前に会場付近にて待ち合わせし、同時入場していただきます。 

・座席...",False
sold_milesixtones-2026_1787058086006_10500,1787058086006,milesixtones-2026,2026-09-19,17:30,味の素スタジアム,electronic,none,同時入場後手渡し,,,,,2026-08-18 13:01:26,,2026-09-04 18:01:17,2026-08-27 05:10:56,,sold,1,10500,"すり替えありランダム配布
複数名義所持しております。入場後全てチケットを一度回収し、解散します。こちらで席を選ばせていただいたあとにランダムでチケットをお渡しし...",False
4ol00cjzek,1787801314188,milesixtones-2026,2026-09-19,17:30,味の素スタジアム,paper,female,当日手渡し,n,5.0,,番手,2026-08-27 03:28:34,,2026-08-27 14:01:13,,,deleted,2,35000,"3名義中2番手2枚
有効期限内/下３桁提示可能/すり替えなし
当日は開場30分程度前までに会場付近にて集合、同時入場します。入場後一度チケットを回収し、当方の座席選択が終わり次第ご連絡、お渡しいたします。2枚ご購入の場合は必ず連番のお席をお選び頂きます。
詳しい集合場所や時間は前日までにご連絡致します。また当日混雑から集合が困難になるかと思いますので電話番号のご提示をお願いいたします。入場の際QR表示に端末協力をお願いする場合があります。
遅刻された場合お待ちすることはできません。公演中止を除くいかなる場合もキャンセル、返金は受け付けません。公演中止の場合のみ手数料差し引いた額またはサイト規定に則った金額を返金いたします。
女性名義になりますので購入者または同行者が男性の場合はコメントください。
不明点がありましたらお気軽にコメントください。前回の座席提示はお断りします。",True
sold_milesixtones-2026_1784981165346_10000,1784981165346,milesixtones-2026,2026-09-19,17:30,味の素スタジアム,electronic,female,同時入場,,,,,2026-07-25 12:06:05,,2026-09-04 18:01:17,2026-08-27 05:10:56,,sold,1,10000,"ランダム(購入者様に座席選択権はございません)/有効期限内名義

プライベート出品に切り替えますので
お取引希望の方はメッセージお願いいたします。

ご購入前に...",False
sold_milesixtones-2026_1785317775827_23000,1785317775827,milesixtones-2026,2026-09-19,17:30,味の素スタジアム,electronic,female,当日,,,,,2026-07-29 09:36:15,,2026-09-04 18:01:17,2026-08-27 05:10:56,,sold,2,23000,"プラベ出品可

FC先行（会員×会員）/2名義中2番手/すり替えなし/下3桁提示可/初期当選のみ

【条件あり】
・チケットを2名義所持しております。
・当選名...",False
sold_milesixtones-2026_1784891794953_48000,1784891794953,milesixtones-2026,2026-09-19,17:30,味の素スタジアム,electronic,female,FC初期当選・QR毎・下3桁提示可・重複すり替えなし・有効期限内・クレカ決済(同一クレカなし)・着ブロなし・郵便戻りなし,,,,,2026-07-24 11:16:34,,2026-09-04 18:01:17,2026-08-27 05:10:56,,sold,2,48000,"・前回当選歴　VVS スタンド一階席(チケホルには座席は反映されていません)

・こちらで同行者登録完了後、公演前日にログイン情報をお伝えします。買い手様ご自身...",False
sold_milesixtones-2026_1784910649492_18000,1784910649492,milesixtones-2026,2026-09-19,17:30,味の素スタジアム,electronic,female,同行,,,,,2026-07-24 16:30:49,,2026-09-04 18:01:17,2026-08-27 05:10:56,,sold,2,18000,"プラベ出品◯ 3名義中3番手／すり替えなし
全て初期当選、有効期限内、下3桁提示可能です。

公演当日、最寄駅または会場付近にて待ち合わせし、同時入場していただ...",False
sold_milesixtones-2026_1787653236802_13000,1787653236802,milesixtones-2026,2026-09-19,17:30,味の素スタジアム,electronic,female,2名義2番手,,,,,2026-08-25 10:20:36,,2026-09-04 18:01:17,2026-08-27 05:10:56,,sold,2,13000,"初期当選/すり替えなし/下3桁提示可/有効期限内/着ブロ指定なし

入場後は一度チケットを回収しこちらが座席選択後にお渡しします。チケットのお渡しにお時間いただ...",False
sold_milesixtones-2026_1784873915660_55000,1784873915660,milesixtones-2026,2026-09-19,17:30,味の素スタジアム,electronic,female,公演日前日までにQRコード共有,,,,,2026-07-24 06:18:35,,2026-09-04 18:01:17,2026-08-27 05:10:56,,sold,2,55000,"QR毎/初期当選/アリツア落選名義/重複すり替えなし/着ブロ希望なし/下3桁提示可能
有効期限内/発送物戻りなし
公演前日夜にログインに必要な情報をお伝えします...",False
sold_milesixtones-2026_1785119199511_37500,1785119199511,milesixtones-2026,2026-09-19,17:30,味の素スタジアム,electronic,female,公演日前日にログイン情報をお伝えします,,,,,2026-07-27 02:26:39,,2026-09-04 18:01:17,2026-08-27 05:10:56,,sold,2,37500,"QR毎/初期当選/2026アリツア落選名義/下3桁開示可能/有効期限内/発送物戻り無し/着ブロ希望無し

ログイン情報は前日にお伝えします。
下3桁開示可能のた...",False
sold_milesixtones-2026_1784961591696_23000,1784961591696,milesixtones-2026,2026-09-19,17:30,味の素スタジアム,electronic,female, 2名義2番手,,,,,2026-07-25 06:39:51,,2026-09-04 18:01:17,2026-08-27 05:10:56,,sold,1,23000,"２名義中２番手/初期当選／すり替えなし／下3桁掲示可／着ブロ希望なし／郵送物戻りなし／有効期限内名義
・公演当日、当方の指定した時間(開場10～20分前)に会場...",False
sold_milesixtones-2026_1787543291713_10000,1787543291713,milesixtones-2026,2026-09-19,17:30,味の素スタジアム,electronic,female,座席未定、複数名義所持、ランダム配布,,,,,2026-08-24 03:48:11,,2026-09-04 18:01:17,2026-08-27 05:10:56,,sold,1,10000,・重複当選のため同時入場後一旦チケットを回収し当方が座席を選んだ後にチケットをランダムに配布します。座席の選択にお時間いただきますが開演の10分前にはチケットお...,False
sold_milesixtones-2026_1786772350853_13500,1786772350853,milesixtones-2026,2026-09-19,17:30,味の素スタジアム,electronic,female,同行,,,,,2026-08-15 05:39:10,,2026-09-04 18:01:17,2026-08-27 05:10:56,,sold,2,13500,【入場時ランダムエラーの場合の全額返金保証、立見なし】ランダムのお渡しとなり、購入者様の座席選択権はありませんことご理解下さい。(連番での落札は必ず連番のお譲り...,False
sold_milesixtones-2026_1785756985952_10000,1785756985952,milesixtones-2026,2026-09-19,17:30,味の素スタジアム,electronic,female,同行,,,,,2026-08-03 11:36:25,,2026-09-04 18:01:17,2026-08-27 05:10:56,,sold,1,10000,"ランダム配布 開演20分前までにチケット配布いたします 残り1枚

同時入場後、こちらで一度チケットを回収しランダムで配布したします。チケットお渡し後のサイチェ...",False
jk5dnl4nk3,1786008944643,milesixtones-2026,2026-09-19,17:30,味の素スタジアム,electronic,female,公演前日にログイン情報共有,ゆ,5.0,,QR,2026-08-06 09:35:44,,2026-08-27 09:01:06,,,deleted,2,40000,"QR/初期当選/重複なし/着ブロ希望なし/下3桁提示可能/有効期限内/郵便物戻りなし/アリツア落選名義
公演日前日にログイン情報を共有いたします。
同行者の同意チェックは当方でいたしますが、代表者の同意チェックはご自身でお願いいたします。
当日は入場後速やかにログアウトし、開演前までに必ず受け取り評価をお願いいたします。
座席に関するクレーム、返金は一切受け付けません。
チケット受け取り後はサイチェンなど自由にしていただいて構いません。
公演中止の場合のみ手数料を引いた金額を返金致します。体調不良、交通機関の乱れ、メンバー不在、本人確認、ランダムエラー等、如何なる場合でも必ず受け取り評価はしていただきます。
買い手様都合のキャンセルは一切不可といたします。
日本語が通じる成人済みの方のみご購入をお願いいたします。
購入された時点でこちらの内容のものを同意したこととします。",True
sold_milesixtones-2026_1784877619655_50000,1784877619655,milesixtones-2026,2026-09-19,17:30,味の素スタジアム,electronic,female,公演24時間以内にQRコード共有,,,,,2026-07-24 07:20:19,,2026-09-04 18:01:17,2026-08-27 05:10:56,,sold,2,50000,"QRコードごと/過去同一名義や同一住所でエラーなし/有効期限内/下3桁提示可

①公演前日の18時目安ログイン情報の共有をします。すぐにログインできることを確認...",False
sold_milesixtones-2026_1784882138928_14000,1784882138928,milesixtones-2026,2026-09-19,17:30,味の素スタジアム,electronic,none,同行,,,,,2026-07-24 08:35:38,,2026-09-04 18:01:17,2026-08-27 05:10:56,,sold,2,14000,"5名義中4番手でのお譲りです。

公演当日会場付近にて待ち合わせをし同時に入場して頂きます。

入場後チケットをお渡しするまでに座席確認のお時間を頂きますのでご...",False
sold_milesixtones-2026_1784869439584_30000,1784869439584,milesixtones-2026,2026-09-19,17:30,味の素スタジアム,electronic,none,同行,,,,,2026-07-24 05:03:59,,2026-09-04 18:01:17,2026-08-27 05:10:56,,sold,2,30000,"【条件あり】
チケットを複数所持しております。同時入場後にチケットを一旦回収し、開演5分前を目処に再集合の上チケットをお渡しさせていただきます。座席についてのク...",False
sold_milesixtones-2026_1784882124491_23000,1784882124491,milesixtones-2026,2026-09-19,17:30,味の素スタジアム,electronic,female,同行,,,,,2026-07-24 08:35:24,,2026-09-04 18:01:17,2026-08-27 05:10:56,,sold,2,23000,当日は開場時間の15~30分前頃にこちらが指定した場所に集合していただき同時入場後、先に当方が座席選択した後チケットをランダムにお渡しします。座席は選択できませ...,False
sold_milesixtones-2026_1785145728245_8900,1785145728245,milesixtones-2026,2026-09-19,17:30,味の素スタジアム,electronic,female,連絡ボード,,,,,2026-07-27 09:48:48,,2026-09-04 18:01:17,2026-08-27 05:10:56,,sold,1,8900,"【座席未定】
チケットを複数所持しております。同時入場後にチケットを一旦回収し、開演5~10分前を目処に再集合の上チケットをお渡しさせていただきます。
座席につ...",False
sold_milesixtones-2026_1784887407694_22000,1784887407694,milesixtones-2026,2026-09-19,17:30,味の素スタジアム,electronic,female,同行,,,,,2026-07-24 10:03:27,,2026-09-04 18:01:17,2026-08-27 05:10:56,,sold,2,22000,"複数名義所持しております。
全て同一クレカ決済なしの有効会員、初期当選の名義となります。
以下注意事項をお読みいただきご納得いただける方のみご落札ください。
*...",False
sold_milesixtones-2026_1784892754082_16500,1784892754082,milesixtones-2026,2026-09-19,17:30,味の素スタジアム,electronic,female,同時入場,,,,,2026-07-24 11:32:34,,2026-09-04 18:01:17,2026-08-27 05:10:56,,sold,2,16500,"5名義中5番手/すり替えなし/下3桁提示可能/有効期限内名義

ご購入前に必ず最後までご一読ください。
ご不明な点やご質問は、お取引確定前にお願いいたします。...",False
sold_milesixtones-2026_1785141603435_10500,1785141603435,milesixtones-2026,2026-09-19,17:30,味の素スタジアム,electronic,female,同行,,,,,2026-07-27 08:40:03,,2026-09-04 18:01:17,2026-08-27 05:10:56,,sold,2,10500,"・FC先行、ペイジー決済、有効期限内名義
・日本語の話せる女性の方のみご購入お願い致します。
・復活当選や制作開放席は含みません。
・座席はお選びいただけません...",False
sold_milesixtones-2026_1787018376978_30000,1787018376978,milesixtones-2026,2026-09-19,17:30,味の素スタジアム,electronic,female,公演日までにQRコード共有,,,,,2026-08-18 01:59:36,,2026-09-04 18:01:17,2026-08-27 05:10:56,,sold,2,30000,"復活当選/初当選名義/有効期限内/郵便物戻りなし/着ブロなし/下3桁提示可

公演前日までにログイン情報お伝え致します。
入場後すぐにログアウト、入場報告お願い...",False
sold_milesixtones-2026_1786624229389_20000,1786624229389,milesixtones-2026,2026-09-19,17:30,味の素スタジアム,electronic,none,同行,,,,,2026-08-13 12:30:29,,2026-09-04 18:01:17,2026-08-27 05:10:56,,sold,1,20000,"5名義中3番手でのお譲りです。

公演当日会場付近にて待ち合わせをし同時に入場して頂きます。

入場後お渡しするまでに座席の確認にお時間頂きますのでご了承くださ...",False
sold_milesixtones-2026_1785150115729_10500,1785150115729,milesixtones-2026,2026-09-19,17:30,味の素スタジアム,electronic,female,同行,,,,,2026-07-27 11:01:55,,2026-09-04 18:01:17,2026-08-27 05:10:56,,sold,2,10500,"・FC先行、ペイジー決済、有効期限内名義
・日本語の話せる女性の方のみご購入お願い致します。
・復活当選や制作開放席は含みません。
・座席はお選びいただけません...",False
sold_milesixtones-2026_1784908543540_17000,1784908543540,milesixtones-2026,2026-09-19,17:30,味の素スタジアム,electronic,none,同行,,,,,2026-07-24 15:55:43,,2026-09-04 18:01:17,2026-08-27 05:10:56,,sold,1,17000,"FC先行9名義中8番手 有効期限内名義すり替えなし下
3桁提示可
・公演当日開場時間前に会場付近にて待ち合わせし、同時入場していただきます。
・座席に関するクレ...",False
sold_milesixtones-2026_1784882817007_20000,1784882817007,milesixtones-2026,2026-09-19,17:30,味の素スタジアム,electronic,female,同行,,,,,2026-07-24 08:46:57,,2026-09-04 18:01:17,2026-08-27 05:10:56,,sold,1,20000,"5名義目中4番手/初期当選/有効期限内名義/すり替えなし/下3桁提示可能

上位番手が座席選択後、残りの2名義から座席をお選びいただけます。
チケットは全て2連...",False
hg9t40u9vu,1787645285709,milesixtones-2026,2026-09-19,17:30,味の素スタジアム,electronic,female,同行,りり,5.0,,番手,2026-08-25 08:08:05,,2026-09-04 18:01:17,2026-08-28 13:01:11,transition_observed,sold,2,25000,"3名義中2番手　すり替え無し
全名義有効期限内　下3桁提示可　プラベル移行可

当日は指定した場所時間に集合して頂き同時入場後、一旦チケットを回収し先にチケット...",True
sold_milesixtones-2026_1787204832875_5600,1787204832875,milesixtones-2026,2026-09-19,17:30,味の素スタジアム,electronic,female,同行,,,,,2026-08-20 05:47:12,,2026-09-04 18:01:17,2026-08-27 05:10:56,,sold,2,5600,"座席未定/初期当選/有効期限内/該当名義(変ボ有)/ランダム配布

当日、開場30〜40分前に会場周辺の指定の場所に集合していただきます。集合場所は後日連絡ボー...",False
sold_milesixtones-2026_1785043777778_25000,1785043777778,milesixtones-2026,2026-09-19,17:30,味の素スタジアム,electronic,none,同行,,,,,2026-07-26 05:29:37,,2026-09-04 18:01:17,2026-08-27 05:10:56,,sold,2,25000,"STFC先行　座席未定　
2名義中2番手アリツ落選名義　全名義有効期限内　2名義分の下3桁提示可能　同一クレカ決済なし　すり替えなし　着ブロなし

当日こちらが...",False
sold_milesixtones-2026_1785540807684_40000,1785540807684,milesixtones-2026,2026-09-19,17:30,味の素スタジアム,electronic,female,公演日の前日までにログイン共有,,,,,2026-07-31 23:33:27,,2026-09-04 18:01:17,2026-08-27 05:10:56,,sold,1,40000,"QR毎/FC先行初期当選/有効期限内/重複すり替えなし/下三桁提示可/着ブロ指定なし/発送物戻りなし

公演日前日までに､必要な情報をお伝えいたします。

入場...",False
sold_milesixtones-2026_1786539979041_62048,1786539979041,milesixtones-2026,2026-09-19,17:30,味の素スタジアム,electronic,female,公演前日にログイン情報を提示,,,,,2026-08-12 13:06:19,,2026-09-04 18:01:17,2026-08-27 05:10:56,,sold,1,62048,"専用出品になります。
公演中止の場合は定価手数料を差し引いた金額返金可能です。公演中止以外（ランダムエラーや本人確認などの入場トラブル等）は返金不可とさせていた...",False
sold_milesixtones-2026_1784872542547_41500,1784872542547,milesixtones-2026,2026-09-19,17:30,味の素スタジアム,electronic,female,QR毎,,,,,2026-07-24 05:55:42,,2026-09-04 18:01:17,2026-08-27 05:10:56,,sold,2,41500,"QR毎/初期当選/⭐️アリツ落選名義/重複すり替えなし/着ブロ希望なし/下3桁提示可/有効期限内/発送物戻りなし

⭐️定価+手数料先払い🉑優先
公演前日まで...",False
sold_milesixtones-2026_1785411281895_9000,1785411281895,milesixtones-2026,2026-09-19,17:30,味の素スタジアム,electronic,female,連絡ボードにて,,,,,2026-07-30 11:34:41,,2026-09-04 18:01:17,2026-08-27 05:10:56,,sold,1,9000,"【座席未定】
チケットを複数所持しております。同時入場後にチケットを一旦回収し、開演5~10分前を目処に再集合の上チケットをお渡しさせていただきます。
座席につ...",False
sold_milesixtones-2026_1785219996623_35000,1785219996623,milesixtones-2026,2026-09-19,17:30,味の素スタジアム,electronic,female,会場付近で待ち合わせし同時入場,,,,,2026-07-28 06:26:36,,2026-09-04 18:01:17,2026-08-27 05:10:56,,sold,1,35000,"必ず最後までお読みになり、ご理解いただける方のみ購入をご検討ください。
記載事項以外の対応は一切いたしません。

FC初期当選、公演当日有効期限内、同一クレカで...",False
sold_milesixtones-2026_1787716926336_34000,1787716926336,milesixtones-2026,2026-09-19,17:30,味の素スタジアム,electronic,female,同行,,,,,2026-08-26 04:02:06,,2026-09-04 18:01:17,2026-08-27 05:10:56,,sold,1,34000,"【同行】FC先行／初期当選／下3桁提示可／重複すり替えなし／有効期限内／変更ボタンあり／過去エラーなし／座席未定／アリツア落選名義

※当方（松村担）との同行に...",False
sold_milesixtones-2026_1785712089219_10000,1785712089219,milesixtones-2026,2026-09-19,17:30,味の素スタジアム,electronic,female,同行,,,,,2026-08-02 23:08:09,,2026-09-04 18:01:17,2026-08-27 05:10:56,,sold,2,10000,"ランダム配布です。
複数名義所持しております。
全て有効期限内名義、初期当選、ペイジー決済です。

開場時間30分前頃に会場付近で集合し、同時入場して頂きます。...",False
sold_milesixtones-2026_1786914175794_10000,1786914175794,milesixtones-2026,2026-09-19,17:30,味の素スタジアム,electronic,female,公演日当日,,,,,2026-08-16 21:02:55,,2026-09-04 18:01:17,2026-08-27 05:10:56,,sold,2,10000,"⭐️少人数ランダム配布⭐️/⭐️座席によっては即渡⭐️
初期当選名義のみ/早渡し上乗せ/相場買取可/不備無し名義のみ


⚠️ランダム配布にご理解ある方のみ御購...",False
sold_milesixtones-2026_1784952841474_35000,1784952841474,milesixtones-2026,2026-09-19,17:30,味の素スタジアム,electronic,female,同行,,,,,2026-07-25 04:14:01,,2026-09-04 18:01:17,2026-08-27 05:10:56,,sold,1,35000,"単番×2名義中2番手。内1名義は着ブロ希望。2名義とも有効期限内(公演日時点)・過去にランダムエラー発生なし。すり替えなし。下3桁提示可。

公演当日、会場にて...",False
sold_milesixtones-2026_1784906689020_17000,1784906689020,milesixtones-2026,2026-09-19,17:30,味の素スタジアム,electronic,none,同行,,,,,2026-07-24 15:24:49,,2026-09-04 18:01:17,2026-08-27 05:10:56,,sold,1,17000,"
【条件あり】
チケットを複数所持しております。同時入場後にチケットを一旦回収し、開演10～15分前を目処に再集合の上チケットをお渡しさせていただきます。座席に...",False
sold_milesixtones-2026_1787406868857_15000,1787406868857,milesixtones-2026,2026-09-19,17:30,味の素スタジアム,electronic,female,同時入場,,,,,2026-08-22 13:54:28,,2026-09-04 18:01:17,2026-08-27 05:10:56,,sold,1,15000,"2名義中2番手/初期当選/有効期限内


当日は会場付近に集合し、当方と同時入場していただきます。
待ち合わせ場所など詳細は当日会場時間前にご連絡いたします。...",False
sold_milesixtones-2026_1785607647452_9800,1785607647452,milesixtones-2026,2026-09-19,17:30,味の素スタジアム,electronic,female,連絡ボードにて,,,,,2026-08-01 18:07:27,,2026-09-04 18:01:17,2026-08-27 05:10:56,,sold,1,9800,"【座席未定】
チケットを複数所持しております。同時入場後にチケットを一旦回収し、開演5~10分前を目処に再集合の上チケットをお渡しさせていただきます。上乗せにて...",False
sold_milesixtones-2026_1786959929865_31500,1786959929865,milesixtones-2026,2026-09-19,17:30,味の素スタジアム,electronic,male,連絡ボードにて,,,,,2026-08-17 09:45:29,,2026-09-04 18:01:17,2026-08-27 05:10:56,,sold,2,31500,"復活当選/初当選名義/有効期限内/郵便物戻りなし/着席ブロック指定なし/下3桁提示可

公演前日までログイン情報お伝え致しますので入場後即時にログアウトお願い致...",False
sold_milesixtones-2026_1784880407549_12000,1784880407549,milesixtones-2026,2026-09-19,17:30,味の素スタジアム,electronic,female,ランダム配布、座席選択不可,,,,,2026-07-24 08:06:47,,2026-09-04 18:01:17,2026-08-27 05:10:56,,sold,2,12000,"当日待ち合わせし、同時入場お願いいたします。
複数名義所持しており、
入場後チケットを回収させていただきこちらで座席の選択をさせて頂いた後にランダムでチケットを...",False
sold_milesixtones-2026_1784882708247_24000,1784882708247,milesixtones-2026,2026-09-19,17:30,味の素スタジアム,electronic,female,同行,,,,,2026-07-24 08:45:08,,2026-09-04 18:01:17,2026-08-27 05:10:56,,sold,2,24000,"5名義目中3番手/初期当選/有効期限内名義/すり替えなし/下3桁提示可能

当方、2番手が座席選択後、残りの3名義から座席をお選びいただけます。

当日会場付近...",False
sold_milesixtones-2026_1785996845619_30000,1785996845619,milesixtones-2026,2026-09-19,17:30,味の素スタジアム,electronic,male,公演日前日ログイン情報共有,,,,,2026-08-06 06:14:05,,2026-09-04 18:01:17,2026-08-27 05:10:56,,sold,2,30000,"QR/初期当選/重複なし/着ブロ希望なし/下3桁提示可能/有効期限内/郵便物戻りなし/当選歴なし名義/同行者登録済み男性

購入された後、下3桁提示させて頂きま...",False
qobxoi33sa,1787732645016,milesixtones-2026,2026-09-19,17:30,味の素スタジアム,electronic,female,同行,あ,5.0,,同行,2026-08-26 08:24:05,,2026-08-27 11:01:15,,,deleted,1,45000,"当方と同行。
重複なし　初期当選
プラベルにて切り替えいたしますのでご連絡お願いいたします。
会場付近にて待ち合わせをし、入場後、一旦チケットお渡しし、その場で受け取り評価をお願いいたします。チケットお渡し後はご自由にしていただいて構いませんが、お座席についてのクレーム等は一切受付けません。
公演中止の際のみ手数料を差し引いた金額を返金致します。ランダムエラー、本人確認でのトラブル、出演者変更などその他如何なる場合でも公演中止以外での返金対応は致しかねます。
当日は必ず時間厳守でお願いいたします。開演時間に間に合わないと判断した場合 先に入場いたしますが、その際も必ず受取通知をしていただきます。
当日の遅刻、体調不良、交通機関の乱れ、その他 購入者様ご自身の都合等がございましてもキャンセルは受け付けておりません。その際の返金も致しません。受取通知のみ行っていただきます。
代理購入もお控えください。
車椅子の方のご購入はお断りしております。
日本語が話せる成人の方のみ購入可。
当日はスムーズな連絡、状況次第で臨機応変に対応していただけますようご協力をお願いいたします。",True
sold_milesixtones-2026_1785065801700_11000,1785065801700,milesixtones-2026,2026-09-19,17:30,味の素スタジアム,electronic,none,同時入場後手渡し,,,,,2026-07-26 11:36:41,,2026-09-04 18:01:17,2026-08-27 05:10:56,,sold,2,11000,"すり替えありランダム配布
複数名義所持しております。入場後全てチケットを一度回収し、解散します。こちらで席を選ばせていただいたあとにランダムでチケットをお渡しし...",False
sold_milesixtones-2026_1785565954680_20000,1785565954680,milesixtones-2026,2026-09-19,17:30,味の素スタジアム,electronic,female,入場後直接お手渡しします,,,,,2026-08-01 06:32:34,,2026-09-04 18:01:17,2026-08-27 05:10:56,,sold,1,20000,全て単番×3/3名義中3番手/初期当選/全て女性名義/全てアリツ落選名義/全て前回スタンド/サイチェン可/すり替えなし/下3桁提示可/全て有効期限内/全て発送物...,False
sold_milesixtones-2026_1784962138371_19000,1784962138371,milesixtones-2026,2026-09-19,17:30,味の素スタジアム,electronic,female,同行,,,,,2026-07-25 06:48:58,,2026-09-04 18:01:17,2026-08-27 05:10:56,,sold,2,19000,"☆4名義中4番手☆
初期当選/すり替えなし/下3桁提示可/有効期限内女性名義

公演当日開場30〜15分前に会場付近に集合して頂きます。時間厳守でお願いいたしま...",False
i1iwkkjcnh,1787331971861,milesixtones-2026,2026-09-19,17:30,味の素スタジアム,electronic,female,同行,ま,5.0,,同行,2026-08-21 17:06:11,,2026-08-28 04:01:10,,,deleted,1,15000,"＋手渡し2.0
当方と同行/重複すり替えなし/初期当選/有効期限内/アリツア落選名義/森本担不可
・お取引は日本語の通じる成人済みの女性に限らせていただきます。
・公演当日の集合時間や集合場所については、公演が近づきましたら改めてご連絡させていただきます。
・座席へのクレームは一切受け付けません。
・チケットのお渡しと同時に受取連絡をお願いいたします。
・当日の電波障害に備えて電話番号を交換していただく可能性がありますが、ご了承ください。
・公演中の盗撮等名義を傷つける行為はご遠慮ください。
・ランダムエラーや体調不良、出演メンバー変更、本人確認で弾かれた場合等、公演中止以外のいかなる場合も返金不可ですのでご了承ください。公演中止の場合のみ手数料を差し引いた金額を返金いたします。
※開示請求対策のため、プライベート出品に切り替えます。以上を了承の上、購入希望の方はコメントをお願いします。",True
sold_milesixtones-2026_1784890644733_10500,1784890644733,milesixtones-2026,2026-09-19,17:30,味の素スタジアム,electronic,female,連絡ボードにて,,,,,2026-07-24 10:57:24,,2026-09-04 18:01:17,2026-08-27 05:10:56,,sold,1,10500,"【条件あり】
チケットを複数所持しております。同時入場後にチケットを一旦回収し、開演5~10分前を目処に再集合の上チケットをお渡しさせていただきます。座席につい...",False
sold_milesixtones-2026_1786628659478_20000,1786628659478,milesixtones-2026,2026-09-19,17:30,味の素スタジアム,electronic,female,同行,,,,,2026-08-13 13:44:19,,2026-09-04 18:01:17,2026-08-27 05:10:56,,sold,2,20000,"初期当選／2名義中2番手／すり替えなし／有効期限内名義／下3桁提示可

2名義中2番手の2連2枚になります。
同時入場し、当方が選ばなかった席の2枚をお渡ししま...",False
sold_milesixtones-2026_1784871703269_15000,1784871703269,milesixtones-2026,2026-09-19,17:30,味の素スタジアム,electronic,female,当日お渡しいたします,,,,,2026-07-24 05:41:43,,2026-09-04 18:01:17,2026-08-27 05:10:56,,sold,1,15000,"3名義中3番手のお席となります。
入場後にチケットを一旦回収し、開演30分前を目処に再集合の上チケットをお渡しさせていただきます。座席についてのクレーム等一切受...",False
sold_milesixtones-2026_1784874460329_55000,1784874460329,milesixtones-2026,2026-09-19,17:30,味の素スタジアム,electronic,female,公演日前日までにQRコード共有,,,,,2026-07-24 06:27:40,,2026-09-04 18:01:17,2026-08-27 05:10:56,,sold,2,55000,"QR毎/初期当選/アリツア落選名義/重複すり替えなし/着ブロ希望なし/下3桁提示可能｜有効期限内/発送物戻りなし
公演前日夜にログインに必要な情報をお伝えします...",False
sold_milesixtones-2026_1785295928286_38000,1785295928286,milesixtones-2026,2026-09-19,17:30,味の素スタジアム,electronic,female,公演日前日までにQRコード共有,,,,,2026-07-29 03:32:08,,2026-09-04 18:01:17,2026-08-27 05:10:56,,sold,1,38000,"QR毎/初期当選/重複すり替えなし/下3桁提示可/有効期限内 発送物戻りなし/着ブロ希望なし
公演前日夜までにログインに必要な情報をお伝えします。
※情報の書き...",False
sold_milesixtones-2026_1785246131455_15000,1785246131455,milesixtones-2026,2026-09-19,17:30,味の素スタジアム,electronic,female,同行,,,,,2026-07-28 13:42:11,,2026-09-04 18:01:17,2026-08-27 05:10:56,,sold,1,15000,"少人数ランダム
プライベートモードにて再出品いたしますので、ご希望の方はメッセージお願いいたします。

★15:00集合
・複数名義ありますので、同時入場後一旦...",False
ix2kp5b12i,1787707337523,milesixtones-2026,2026-09-19,17:30,味の素スタジアム,electronic,female,公演前日QRコード共有,れの,5.0,,QR,2026-08-26 01:22:17,,2026-09-04 18:01:17,2026-08-28 05:01:11,transition_observed,sold,2,39000,"FC先行 / 初期当選/  QR毎 /下3桁提示可/ 有効期限内 / 発送物戻りなし/着ブロ希望なし/ ペイジー決済/前回スタンド席
プラベ出品対応可能

同行...",True
sold_milesixtones-2026_1786276965937_40000,1786276965937,milesixtones-2026,2026-09-19,17:30,味の素スタジアム,electronic,female,公演日前日ログイン情報共有,,,,,2026-08-09 12:02:45,,2026-09-04 18:01:17,2026-08-27 05:10:56,,sold,1,40000,"QR毎//初期当選/アリツア落選名義/重複すり替えなし/着ブロ希望なし/下3桁提示可能/有効期限内名義

公演前日夜にログインに必要な情報をお伝えします。
当日...",False
sold_milesixtones-2026_1784873625317_21500,1784873625317,milesixtones-2026,2026-09-19,17:30,味の素スタジアム,electronic,female,ランダム配布,,,,,2026-07-24 06:13:45,,2026-09-04 18:01:17,2026-08-27 05:10:56,,sold,2,21500,"【ランダム配布】全て初期当選、会員有効期限内、女性名義

１．同時入場後、全てのチケットを回収し一旦解散させて頂きます。当方座席選択後、ランダムにチケットをお渡...",False
sold_milesixtones-2026_1786070982346_15000,1786070982346,milesixtones-2026,2026-09-19,17:30,味の素スタジアム,electronic,female,同時入場,,,,,2026-08-07 02:49:42,,2026-09-04 18:01:17,2026-08-27 05:10:56,,sold,2,15000,"4名義中4番手/初期当選/すり替えなし/下3桁提示可/有効期限内/着ブロ無し

プラベ出品お取引ご希望される方はメッセージにてご連絡ください。

同時入場後、当...",False
sold_milesixtones-2026_1786970606864_15000,1786970606864,milesixtones-2026,2026-09-19,17:30,味の素スタジアム,electronic,female,3名義中3番手,,,,,2026-08-17 12:43:26,,2026-09-04 18:01:17,2026-08-27 05:10:56,,sold,1,15000,"3名義中3番手
初期当選×3/有効期限内/下3桁表示可/すり替えなし/サイチェン可  
・当日会場付近にて待ち合わせ。
・入金後当日ご持参される携帯電話の番号の...",False
sold_milesixtones-2026_1784892501709_50000,1784892501709,milesixtones-2026,2026-09-19,17:30,味の素スタジアム,electronic,female,同行,,,,,2026-07-24 11:28:21,,2026-09-04 18:01:17,2026-08-27 05:10:56,,sold,2,50000,4名義中2番手になります。すり替えなし、下3桁提示可です。当日チケット表示のための端末協力をお願いいたします。,False
z7bn0b0anh,1787526375077,milesixtones-2026,2026-09-19,17:30,味の素スタジアム,electronic,female,公演当日,k,5.0,,ランダム,2026-08-23 23:06:15,,2026-08-27 15:01:14,,,deleted,2,12000,"少人数ランダム配布
・取引確定後プライベート出品に変更致しますので必ずご連絡下さい。
初期当選/下３桁提示/上乗せ早渡し
・同時入場後一度チケットを全て回収し座席を選ばせて頂きます。再集合のためお電話番号をお伝えください。座席選択にお時間を頂きますが開演時間までには確実にチケットをお渡しいたします。
・当日は開場30〜45分前を目安に会場近くに集合していただきます。集合場所、時間等については2日前までに連絡ボードにてご連絡いたします。
以下全てご確認をお願いいたします。
・QR表示のため一時的に端末をお借りすることがございますので、その際はご協力お願いいたします。チケット持ち逃げ防止のため、買い手様の身分証をお預かりする場合もございます。お預かりした身分証はチケット回収後、必ずご返却させて頂きます。
・お取引成立後は如何なる理由（体調不良、本人確認、ランダムエラー、交通機関のトラブル等）があってもキャンセルはお受けできません。
最後までご不安のないお取引を心がけてまいりますのでご質問やご不明点ございましたら遠慮なくお申し付けください。
こちらご了承いただける20↑、日本語が話せる方のみのご購入をお願いいたします。",True
sold_milesixtones-2026_1787143869515_10500,1787143869515,milesixtones-2026,2026-09-19,17:30,味の素スタジアム,electronic,female,同行,,,,,2026-08-19 12:51:09,,2026-09-04 18:01:17,2026-08-27 05:10:56,,sold,1,10500,"・FC先行、ペイジー決済、有効期限内名義
・日本語の話せる女性の方のみご購入お願い致します。
・復活当選や制作開放席は含みません。
・座席はお選びいただけません...",False
sold_milesixtones-2026_1785031231835_23000,1785031231835,milesixtones-2026,2026-09-19,17:30,味の素スタジアム,electronic,female,同行,,,,,2026-07-26 02:00:31,,2026-09-04 18:01:17,2026-08-27 05:10:56,,sold,2,23000,"2名義中2番手
すり替えなし、下3桁提示可
初期当選／期限内／同一クレカなし

値下げ対応しません

開場15分前を目安に入場口周辺での待ち合わせを予定していま...",False
plph2zocxr,1784873846890,milesixtones-2026,2026-09-19,17:30,味の素スタジアム,electronic,female,同行,りり,5.0,,番手,2026-07-24 06:17:26,,2026-09-04 18:01:17,2026-08-27 08:01:09,,sold,1,19000,"3名義中3番手　すり替え無し
全名義有効期限内　下3桁提示可　プラベル移行可
当日は指定した場所時間に集合して頂き同時入場後、一旦チケットを回収し先にチケットを選択させて頂いた後チケットを配布させて頂きます。
※チケット受け取りの際に必ず受取確認お願い致します。
※当日は必ず時間厳守でお願いします。集合時間に遅れた場合先に入場させて頂く場合がございます。その際も受取確認お願い致します。集合時間、場所は前日又は当日にご連絡させて頂きます。
※開場時間より前に集合予定の為、時間に余裕をもって来場できる方のみご購入お願い致します。
※買い手様の都合によるキャンセルは承っておりません。
※公演中止以外いかなる理由でもキャンセル返金不可。
※座席未定な為座席に関するクレームは一切受け付けておりません。
※チケット選択にお時間を頂く場合がございます。
※ランダムエラー、本人確認等での万が一の入場トラブルには対応しておりません。また入場できない場合でも受取確認はして頂きます。
※代理購入不可
上記を確認の上ご購入お願い致します。",True
sold_milesixtones-2026_1784902002750_37500,1784902002750,milesixtones-2026,2026-09-19,17:30,味の素スタジアム,electronic,female,公演日7日前までにQRコード共有,,,,,2026-07-24 14:06:42,,2026-09-04 18:01:17,2026-08-27 05:10:56,,sold,1,37500,QR毎|初期当選|発送物戻り有り|下三桁提示可|重複すり替え無し|本確不可|サイチェン可|当選歴無し,False
sold_milesixtones-2026_1784870412218_44000,1784870412218,milesixtones-2026,2026-09-19,17:30,味の素スタジアム,electronic,female,公演日前日までにQRコード共有,,,,,2026-07-24 05:20:12,,2026-09-04 18:01:17,2026-08-27 05:10:56,,sold,2,44000,"QR毎/初期当選/アリツア落選名義/重複すり替えなし/着ブロ希望なし/下3桁提示可能/有効期限内/発送物戻りなし/同一住所エラーなし

公演前日夜にログインに必...",False
sold_milesixtones-2026_1784877712772_25000,1784877712772,milesixtones-2026,2026-09-19,17:30,味の素スタジアム,electronic,female,同行,,,,,2026-07-24 07:21:52,,2026-09-04 18:01:17,2026-08-27 05:10:56,,sold,1,25000,"必ず説明欄の全てを確認してからご購入ください。ご購入された時点で全てに同意したこととします。

指定席のみランダム配布。
お渡しできる座席が決まりましたら出来る...",False
sold_milesixtones-2026_1784895015312_21500,1784895015312,milesixtones-2026,2026-09-19,17:30,味の素スタジアム,electronic,female,同行,,,,,2026-07-24 12:10:15,,2026-09-04 18:01:17,2026-08-27 05:10:56,,sold,2,21500,"2名義中2番手2連でのお渡し
発送物不備なし／期限内／下3桁提示可
お取引前日までに集合場所・時間等お伝えいたします。
購入者様に座席選択権はございませんのでチ...",False
sold_milesixtones-2026_1784944861699_38000,1784944861699,milesixtones-2026,2026-09-19,17:30,味の素スタジアム,paper,female,公演前日にログイン情報提示,,,,,2026-07-25 02:01:01,,2026-09-04 18:01:17,2026-08-27 05:10:56,,sold,2,38000,"QR毎/初期当選/重複・すり替えなし/下3桁提示可能/有効期限内名義/アリツア落選名義/着ブロ希望なし/前回2階スタンド後列

・公演前日夜にログイン情報を共有...",False
sold_milesixtones-2026_1787539506394_12000,1787539506394,milesixtones-2026,2026-09-19,17:30,味の素スタジアム,electronic,female,座席未定、ランダム配布、座席選択不可,,,,,2026-08-24 02:45:06,,2026-09-04 18:01:17,2026-08-27 05:10:56,,sold,2,12000,"当日待ち合わせし、同時入場お願いいたします。
複数名義所持しており、
入場後チケットを回収させていただきこちらで座席の選択をさせて頂いた後にランダムでチケットを...",False
sold_milesixtones-2026_1786958724498_11300,1786958724498,milesixtones-2026,2026-09-19,17:30,味の素スタジアム,electronic,female,同行,,,,,2026-08-17 09:25:24,,2026-09-04 18:01:17,2026-08-27 05:10:56,,sold,2,11300,"4名義中4番手/有効期限内/下3桁提示可能/すり替えなし/着ブロ希望なし/本人確認不可

4名義中の4番手のチケットです。
公演当日は会場付近にて開場40分前を...",False
sold_milesixtones-2026_1784966477519_10500,1784966477519,milesixtones-2026,2026-09-19,17:30,味の素スタジアム,electronic,female,連絡ボードにて,,,,,2026-07-25 08:01:17,,2026-09-04 18:01:17,2026-08-27 05:10:56,,sold,1,10500,"【条件あり】日本人のみご購入下さい
チケットを複数所持しております。同時入場後にチケットを一旦回収し、開演5~10分前を目処に再集合の上チケットをお渡しさせてい...",False
hb8lf2o64c,1786126059308,milesixtones-2026,2026-09-19,17:30,味の素スタジアム,electronic,female,同行,k,5.0,,番手,2026-08-07 18:07:39,,2026-08-27 15:01:14,,,deleted,2,23000,"3名義中2番手
・取引確定後プライベート出品に変更致しますので必ずご連絡下さい。
初期当選/下３桁提示/有効期限内/すり替え無/過去エラー無/着ブロ指定なし/サイチェン可
・当日は開場30〜45分前を目安に会場近くに集合していただきます。集合場所、時間等については2日前までに連絡ボードにてご連絡いたします。
以下全てご確認をお願いいたします。
・QR表示のため一時的に端末をお借りすることがございますので、その際はご協力お願いいたします。お連れ様と別々にご入場いただく場合がございます。お席は必ず連番でのお渡しとなりますのでご安心ください。
・チケット持ち逃げ防止のため、買い手様の身分証をお預かりする場合もございます。お預かりした身分証はチケット回収後、必ずご返却させて頂きます。チケットお渡し後すぐ受け取り評価をお願いいたします。
・会場内が電波が悪いとのためスムーズにご連絡が取れるよう電話番号をお聞きする場合がございます。
・お取引成立後は如何なる理由（体調不良、本人確認、ランダムエラー、交通機関のトラブル等）があってもキャンセルはお受けできません。
・公演中止の際のみ手数料を引いた額を返金させて頂きます。
最後までご不安のないお取引を心がけてまいりますのでご質問やご不明点ございましたら遠慮なくお申し付けください。
こちらご了承いただける20↑、日本語が話せる方のみのご購入をお願いいたします。",True
sold_milesixtones-2026_1785131441352_22000,1785131441352,milesixtones-2026,2026-09-19,17:30,味の素スタジアム,electronic,female,同行,,,,,2026-07-27 05:50:41,,2026-09-04 18:01:17,2026-08-27 05:10:56,,sold,2,22000,"FC先行 2名義中2番手 座席未定 有効期限内名義 すり替えなし 下3桁提示可 プラベ出品可

・公演当日会場付近にて待ち合わせし、同時入場していただきます。...",False
sold_milesixtones-2026_1785854007268_10330,1785854007268,milesixtones-2026,2026-09-19,17:30,味の素スタジアム,electronic,female,同行,,,,,2026-08-04 14:33:27,,2026-09-04 18:01:17,2026-08-27 05:10:56,,sold,1,10330,"＋2.0当日手渡し(合計3.0)
3名義中2番手
当方が2連でお譲りして頂いたチケットの1枚分になります。当方と同行です。

【取引相手の方からの連絡】
・お譲...",False
sold_milesixtones-2026_1784905786601_20000,1784905786601,milesixtones-2026,2026-09-19,17:30,味の素スタジアム,paper,female,当日手渡し,,,,,2026-07-24 15:09:46,,2026-09-04 18:01:17,2026-08-27 05:10:56,,sold,2,20000,"4名義中4番手になります。
当日は同時入場後、一度チケットを回収します。こちらが選ばなかったチケットを4番目にお渡しいたします。
ゲートによってはQR毎お譲りす...",False
sold_milesixtones-2026_1784896008427_40000,1784896008427,milesixtones-2026,2026-09-19,17:30,味の素スタジアム,electronic,female,公演日前日にQRコード共有,,,,,2026-07-24 12:26:48,,2026-09-04 18:01:17,2026-08-27 05:10:56,,sold,1,40000,"QR毎/初期当選/重複すり替えなし/下3桁提示可能/有効期限内/着ブロ希望なし

公演前日夜にログイン情報をお伝えします。当日入場後は速やかにログアウト、受取報...",False
sold_milesixtones-2026_1786609870363_9500,1786609870363,milesixtones-2026,2026-09-19,17:30,味の素スタジアム,electronic,female,同行,,,,,2026-08-13 08:31:10,,2026-09-04 18:01:17,2026-08-27 05:10:56,,sold,2,9500,"ランダム配布/全て有効期限内

重複当選の為、同時入場後一旦チケットを回収し、方が座席を確認した後にランダムでチケットをお渡しします。

ご購入者様に座席の選択...",False
ry5e8zoefn,1784882514507,milesixtones-2026,2026-09-19,17:30,味の素スタジアム,electronic,female,同行,メロ,5.0,,同行番手,2026-07-24 08:41:54,,2026-08-27 07:17:28,,,deleted,2,30000,"2名義中2番手のお譲りです。2名義ともアリツア全滅名義です。初期当選/有効期限内/すり替え無し/下3桁提示可
必ず2連でお渡しさせていただきます。咳確認後すぐにお渡し致します。
公演当日、開場時間に会場付近にて待ち合わせをし同時に入場して頂きます。詳しい時間や場所は公演日が近くなりましたらご連絡させて頂きます。
公演中止以外での返金対応は致しませんのでご了承ください。
日本語の話せる女性のみご購入ください。",True
sold_milesixtones-2026_1784951445260_23000,1784951445260,milesixtones-2026,2026-09-19,17:30,味の素スタジアム,paper,female,当日手渡し,,,,,2026-07-25 03:50:45,,2026-09-04 18:01:17,2026-08-27 05:10:56,,sold,2,23000,"FC先行 初期当選 2名義中2番手 チケ早渡し
 下3桁提示可 有効期限内 

公演当日、会場付近にて待ち合わせし、同時入場していただきます。
入場後、1度チケ...",False
sold_milesixtones-2026_1785219585776_25000,1785219585776,milesixtones-2026,2026-09-19,17:30,味の素スタジアム,electronic,female,会場付近で待ち合わせし同時入場,,,,,2026-07-28 06:19:45,,2026-09-04 18:01:17,2026-08-27 05:10:56,,sold,2,25000,"必ず最後までお読みになり、ご理解いただける方のみ購入をご検討ください。
記載事項以外の対応は一切いたしません。 

FC初期当選、公演当日も有効期限内、同一クレ...",False
sold_milesixtones-2026_1784871872712_37000,1784871872712,milesixtones-2026,2026-09-19,17:30,味の素スタジアム,electronic,female,公演前日に共有,,,,,2026-07-24 05:44:32,,2026-09-04 18:01:17,2026-08-27 05:10:56,,sold,2,37000,"QR毎/初期当選/アリツア落選/下3桁開示可能/有効期限内/発送物戻り無し

公演前日にログイン情報お伝えします。
同意チェックはご購入者様ご自身でお願いいたし...",False
sold_milesixtones-2026_1784883267555_13000,1784883267555,milesixtones-2026,2026-09-19,17:30,味の素スタジアム,electronic,female,同行,,,,,2026-07-24 08:54:27,,2026-09-04 18:01:17,2026-08-27 05:10:56,,sold,2,13000,"5名義目中5番手/初期当選/有効期限内名義/すり替えなし/下3桁提示可能

上位番手が座席選択後、チケットをお渡しいたします。

当日会場付近にて待ち合わせ、同...",False
sold_milesixtones-2026_1787563423122_37000,1787563423122,milesixtones-2026,2026-09-19,17:30,味の素スタジアム,electronic,female,公演日前日までにQRコード共有,,,,,2026-08-24 09:23:43,,2026-09-04 18:01:17,2026-08-27 05:10:56,,sold,2,37000,FC先行/初期当選/QR毎/スト会員女性名義×スト会員女性名義/公演日有効期間内/コンビニ支払い/重複なし/すり替えなし/着ブロ希望なし/サイチェン可能/会員番...,False
sold_milesixtones-2026_1784884046110_20000,1784884046110,milesixtones-2026,2026-09-19,17:30,味の素スタジアム,electronic,female,同行,,,,,2026-07-24 09:07:26,,2026-09-04 18:01:17,2026-08-27 05:10:56,,sold,1,20000,"【条件あり】
チケットを複数所持しております。同時入場後にチケットを一旦回収し、開演10分前を目処に再集合の上チケットをお渡しさせていただきます。座席についての...",False
sold_milesixtones-2026_1785844335697_21000,1785844335697,milesixtones-2026,2026-09-19,17:30,味の素スタジアム,electronic,female,同行,,,,,2026-08-04 11:52:15,,2026-09-04 18:01:17,2026-08-27 05:10:56,,sold,2,21000,"2名義中2番手のお譲り。
全て有効期限内名義です。
同時入場後、一旦全てのチケットを回収します。
こまめに連絡が取れる方のご購入をお願いします。
詳しい集合時間...",False
sold_milesixtones-2026_1784907226507_19000,1784907226507,milesixtones-2026,2026-09-19,17:30,味の素スタジアム,electronic,female,同行,,,,,2026-07-24 15:33:46,,2026-09-04 18:01:17,2026-08-27 05:10:56,,sold,1,19000,"FC先行 ランダムのお渡しとなります。
当日開演15分前前後のお渡しとなります。
座席に対してのクレームは一切おことわりしております。

外国人の方また代理購入...",False
sold_milesixtones-2026_1784888981977_22000,1784888981977,milesixtones-2026,2026-09-19,17:30,味の素スタジアム,electronic,female,同行,,,,,2026-07-24 10:29:41,,2026-09-04 18:01:17,2026-08-27 05:10:56,,sold,1,22000,"少数ランダム 開場20分前に待ち合わせ
同時入場後一旦チケットを回収し当方が座席を確認した後にランダムでチケットをお渡しします。
名義有効期限内、着ブロ含みませ...",False
sold_milesixtones-2026_1784961413451_30000,1784961413451,milesixtones-2026,2026-09-19,17:30,味の素スタジアム,electronic,female,同行,,,,,2026-07-25 06:36:53,,2026-09-04 18:01:17,2026-08-27 05:10:56,,sold,1,30000,"公演当日、開場時間15分前に最寄駅または会場付近で待ち合わせし、同時入場していただきます。

詳しい待ち合わせ時間・場所等は公演前日までにマイページの連絡ボード...",False
ith2c31sci,1787738304109,milesixtones-2026,2026-09-19,17:30,味の素スタジアム,electronic,female,連絡ボードにて,k,5.0,,ランダム,2026-08-26 09:58:24,,2026-08-27 15:01:14,,,deleted,1,11000,"少人数ランダム配布
・取引確定後プライベート出品に変更致しますので必ずご連絡下さい。
初期当選/下３桁提示/上乗せ早渡し
・同時入場後一度チケットを全て回収し座席を選ばせて頂きます。再集合のためお電話番号をお伝えください。座席選択にお時間を頂きますが開演時間までには確実にチケットをお渡しいたします。
・当日は開場30〜45分前を目安に会場近くに集合していただきます。集合場所、時間等については2日前までに連絡ボードにてご連絡いたします。
以下全てご確認をお願いいたします。
・QR表示のため一時的に端末をお借りすることがございますので、その際はご協力お願いいたします。チケット持ち逃げ防止のため、買い手様の身分証をお預かりする場合もございます。お預かりした身分証はチケット回収後、必ずご返却させて頂きます。
・お取引成立後は如何なる理由（体調不良、本人確認、ランダムエラー、交通機関のトラブル等）があってもキャンセルはお受けできません。
最後までご不安のないお取引を心がけてまいりますのでご質問やご不明点ございましたら遠慮なくお申し付けください。
こちらご了承いただける20↑、日本語が話せる方のみのご購入をお願いいたします。",True
sold_milesixtones-2026_1785566364507_26000,1785566364507,milesixtones-2026,2026-09-19,17:30,味の素スタジアム,electronic,female,入場後直接お手渡しします,,,,,2026-08-01 06:39:24,,2026-09-04 18:01:17,2026-08-27 05:10:56,,sold,1,26000,全て単番×3/3名義中2番手/初期当選/全て女性名義/全てアリツ落選名義/全て前回スタンド/サイチェン可/すり替えなし/下3桁提示可/全て有効期限内/全て発送物...,False
sold_milesixtones-2026_1785033824769_35000,1785033824769,milesixtones-2026,2026-09-19,17:30,味の素スタジアム,electronic,male,公演日前日夜ログイン情報共有,,,,,2026-07-26 02:43:44,,2026-09-04 18:01:17,2026-08-27 05:10:56,,sold,2,35000,QR/初期当選/重複なし/着ブロ希望なし/下3桁提示可能/有効期限内/発送物戻りなし/変更ボタンあり/当選歴なし名義/同一クレカなし/サイチェン可/同行者登録済...,False
sold_milesixtones-2026_1785418608701_32000,1785418608701,milesixtones-2026,2026-09-19,17:30,味の素スタジアム,electronic,female,公演当日に受け渡し,,,,,2026-07-30 13:36:48,,2026-09-04 18:01:17,2026-08-27 05:10:56,,sold,1,32000,"4名義中2番手/すり替えなし/下3桁提示可能/有効内/全て初期当選

お取引希望の方はメッセージにてご連絡ください。


当方が実際に座席確認後のお渡しになりま...",False
sold_milesixtones-2026_1784886090285_25000,1784886090285,milesixtones-2026,2026-09-19,17:30,味の素スタジアム,electronic,female,同行,,,,,2026-07-24 09:41:30,,2026-09-04 18:01:17,2026-08-27 05:10:56,,sold,2,25000,当日は開場時間の30分前頃を目安にこちらが指定した場所に集合していただき同時入場後、先に当方が座席選択した後チケットをランダムにお渡しします。ご購入者様は座席選...,False
zgjqe89f8j,1784891581088,milesixtones-2026,2026-09-19,17:30,味の素スタジアム,electronic,female,同行,あーる,5.0,,番手,2026-07-24 11:13:01,,2026-09-04 18:01:17,2026-08-27 09:01:06,,sold,2,24000,"初期当選 /2名義中2番手/女性名義/すり替えなし
有効期限内 /座席未定 /下3桁提示可/着ブロなし
2名義中2番手
･当日は会場付近の指定した場所に、時間厳守で集合していただきます。
･同時入場後に一度チケットを回収し、当方の座席選択後に2連番をお渡しします。
･会場で連絡をスムーズに取るため、電話番号をお伺いします。
･当日まで座席未定のため、座席に関するクレームや返金は一切受け付けません。
･日本人女性のみご購入ください。
･購入者本人が入場いただけますようお願い致します。
･ランダムエラー等公演中止以外のいかなる場合も返金いたしかねます。
･公演中止の際のみ手数料を差し引いた金額を返金いたします。
以上、全てご了承の上ご購入お願いいたします。",True
sold_milesixtones-2026_1784878061507_30000,1784878061507,milesixtones-2026,2026-09-19,17:30,味の素スタジアム,electronic,female,同行,,,,,2026-07-24 07:27:41,,2026-09-04 18:01:17,2026-08-27 05:10:56,,sold,1,30000,"初期当選、すり替えなし、有効期限内名義、3名義中3名義目。
3名義とも前回スタンド名義になりますがチケホル未登録になります。
すり替えなしのため全ての名義の会員...",False
sold_milesixtones-2026_1784873911245_10800,1784873911245,milesixtones-2026,2026-09-19,17:30,味の素スタジアム,electronic,female,連絡ボード,,,,,2026-07-24 06:18:31,,2026-09-04 18:01:17,2026-08-27 05:10:56,,sold,2,10800,"【条件あり】
チケットを複数所持しております。同時入場後にチケットを一旦回収し、開演5~10分前を目処に再集合の上チケットをお渡しさせていただきます。座席につい...",False
sold_milesixtones-2026_1784896337398_47000,1784896337398,milesixtones-2026,2026-09-19,17:30,味の素スタジアム,electronic,female,公演前日にログイン情報共有,,,,,2026-07-24 12:32:17,,2026-09-04 18:01:17,2026-08-27 05:10:56,,sold,1,47000,"QR毎/初期当選/重複・すり替えなし/下3桁提示可能/有効期限内名義/アリツア落選名義/着ブロ希望なし

・公演前日にログイン情報をお伝えいたします。
・入場後...",False
sold_milesixtones-2026_1785146078027_36000,1785146078027,milesixtones-2026,2026-09-19,17:30,味の素スタジアム,electronic,female,公演日前日にログイン情報共有,,,,,2026-07-27 09:54:38,,2026-09-04 18:01:17,2026-08-27 05:10:56,,sold,2,36000,"QR毎/初期当選/重複・すり替えなし/下3桁提示可能/有効期限内名義/アリツア落選名義/着ブロ希望なし

・公演前日夜にログイン情報を共有します。
・当日入場後...",False
sold_milesixtones-2026_1784873836929_20500,1784873836929,milesixtones-2026,2026-09-19,17:30,味の素スタジアム,electronic,female,連絡ボード,,,,,2026-07-24 06:17:16,,2026-09-04 18:01:17,2026-08-27 05:10:56,,sold,1,20500,"プライベートモードにてお取引希望の為希望者の方はメッセージお願い致します

【条件あり】
チケットを複数所持しております。同時入場後にチケットを一旦回収し、開演...",False
sold_milesixtones-2026_1785038873191_11000,1785038873191,milesixtones-2026,2026-09-19,17:30,味の素スタジアム,electronic,female,ランダム配布,,,,,2026-07-26 04:07:53,,2026-09-04 18:01:17,2026-08-27 05:10:56,,sold,2,11000,"複数名義所持のため、当日は同時入場していただきます。入場後にチケットを回収し、準備ができ次第チケットをお渡しいたします。

チケット配布時のご連絡のため、必要に...",False
88c40gfxtr,1787403491121,milesixtones-2026,2026-09-19,17:30,味の素スタジアム,electronic,female,詳細へ記載,はな,5.0,,番手,2026-08-22 12:58:11,,2026-09-04 18:01:17,2026-08-27 16:01:18,,sold,2,25000,"2名義中2番手/初期当選/着ブロ選択なし/重複なし/すり替えなし/有効期限内/本人確認対応不可/下３桁提示可
以下、必ず最後まで確認いただき購入願います。
・当日は開場30分前に会場付近で待ち合わせをし、
同時入場していただきます。
(多少お時間前後する場合がございます)
・入場時はお連れ様と分かれて入場いただきますがチケットは必ず連番でお渡しします
・入場後、一度チケットを回収させて頂き、当方がチケットを選んだ後お渡しになります。すぐにお渡し予定ですが座席によって多少お時間頂く場合があります。その場合、一度解散になりますのでお電話をお伺いいたします。
・チケットのお渡し後、必ずその場で受取り連絡をお願いします。チケットお渡し後は自由にしていただいてかまいません。
・公演中止以外(ランダムエラーで入場できなかった、体調不良、身内の不幸、交通機関の遅延、出演者の変更等)いかなる場合でも返金できませんのでご了承ください。
・またトラブル防止のため、成人済み日本人女性のみ購入をお願いいたします。",True
sold_milesixtones-2026_1784881854666_15000,1784881854666,milesixtones-2026,2026-09-19,17:30,味の素スタジアム,electronic,none,同行,,,,,2026-07-24 08:30:54,,2026-09-04 18:01:17,2026-08-27 05:10:56,,sold,2,15000,"5名義中5番手でのお譲りです。

公演当日会場付近にて待ち合わせをし同時に入場して頂きます。

入場後お渡しするまでに座席の確認にお時間頂きますのでご了承くださ...",False
sold_milesixtones-2026_1786282504072_19000,1786282504072,milesixtones-2026,2026-09-19,17:30,味の素スタジアム,electronic,female,同行,,,,,2026-08-09 13:35:04,,2026-09-04 18:01:17,2026-08-27 05:10:56,,sold,2,19000,"7名義中5番手 全て初期当選  有効期限内  すり替えなし  下3桁提示可  サイチェン可

同時入場後、こちらでチケットを確認でき次第すぐお渡しします。
当日...",False
sold_milesixtones-2026_1784894675650_10000,1784894675650,milesixtones-2026,2026-09-19,17:30,味の素スタジアム,electronic,female,同行,,,,,2026-07-24 12:04:35,,2026-09-04 18:01:17,2026-08-27 05:10:56,,sold,1,10000,"ランダム配布 待ち合わせ時に手渡し1.0
【条件あり】
チケットを複数所持しております。同時入場後にチケットを一旦回収し、開演10分前を目処に再集合の上チケット...",False
sold_milesixtones-2026_1784904395661_20000,1784904395661,milesixtones-2026,2026-09-19,17:30,味の素スタジアム,electronic,female,当日,,,,,2026-07-24 14:46:35,,2026-09-04 18:01:17,2026-08-27 05:10:56,,sold,2,20000,"（条件）小数ランダム
チケットを複数所持しております。同時入場後にチケットを一旦回収し、開演15分前を目処に再集合の上チケットをお渡しさせていただきます。座席に...",False
sold_milesixtones-2026_1784886500707_23000,1784886500707,milesixtones-2026,2026-09-19,17:30,味の素スタジアム,electronic,female,同行,,,,,2026-07-24 09:48:20,,2026-09-04 18:01:17,2026-08-27 05:10:56,,sold,2,23000,当日は開場時間の30分前頃を目安にこちらが指定した場所に集合していただき同時入場後、先に当方が座席選択した後チケットをランダムにお渡しします。ご購入者様は座席選...,False
sold_milesixtones-2026_1784873928555_28000,1784873928555,milesixtones-2026,2026-09-19,17:30,味の素スタジアム,paper,female,当日手渡し,,,,,2026-07-24 06:18:48,,2026-09-04 18:01:17,2026-08-27 05:10:56,,sold,2,28000,"少人数ランダム
・当日指定の時間に会場にて集合していただきます。10分以上の遅刻は待たずに入場、受け取り評価のみしていただきます。
・全員で同時入場し、1度こち...",False
sold_milesixtones-2026_1785150948510_25000,1785150948510,milesixtones-2026,2026-09-19,17:30,味の素スタジアム,electronic,female,同時入場,,,,,2026-07-27 11:15:48,,2026-09-04 18:01:17,2026-08-27 05:10:56,,sold,1,25000,"2名義中2番手/初期当選/有効期限内名義/下3桁提示可能

ご購入前に必ずご一読願います。
・開場30分前に会場付近で合流した後、同時入場していただきます。遅刻...",False
rvinepxvo1,1785850192720,milesixtones-2026,2026-09-19,17:30,味の素スタジアム,electronic,none,公演前日QRコード共有,R,5.0,,QR,2026-08-04 13:29:52,,2026-08-28 01:01:21,,,deleted,1,50000,"初期当選／有効期限内名義／下3桁提示可／着ブロ希望無し／すり替え無し／
公演日前日に情報をお送りいたします。チケット発券後は速やかにログアウトし、受取連絡を行なってください。
公演中止のみ返金。
席の善し悪しに関するクレームやランダムエラー、本人確認、交通機関の乱れや出演者変更等を含む購入者様都合によるキャンセル、返金などは一切お受けいたしません。
日本語が十分に理解できる成人済み日本人女性の方のみご購入をお願いいたします。代理購入不可",True
sold_milesixtones-2026_1787539405964_24000,1787539405964,milesixtones-2026,2026-09-19,17:30,味の素スタジアム,electronic,female,同行,,,,,2026-08-24 02:43:25,,2026-09-04 18:01:17,2026-08-27 05:10:56,,sold,1,24000,"2名義中2番手  初期当選 すり替えなし 下3桁提示可能 郵便物戻りなし 有効期限内 アリツア落選名義

こちらの指定する時間（開演1〜2時間前予定）に待ち合わ...",False
sold_milesixtones-2026_1784944895240_30000,1784944895240,milesixtones-2026,2026-09-19,17:30,味の素スタジアム,electronic,female,同時入場,,,,,2026-07-25 02:01:35,,2026-09-04 18:01:17,2026-08-27 05:10:56,,sold,2,30000,"【2名義中2番手】FC先行 座席未定 すり替えなし、Pay-easy決済、期限内名義

【プライベート出品・プラベルへの切り替え可能です】

〈同行募集〉
復活...",False
sold_milesixtones-2026_1784889725300_23000,1784889725300,milesixtones-2026,2026-09-19,17:30,味の素スタジアム,electronic,female,同行,,,,,2026-07-24 10:42:05,,2026-09-04 18:01:17,2026-08-27 05:10:56,,sold,2,23000,"FC先行 2名義中2番手 座席未定 有効期限内名義 すり替えなし 下3桁提示可 

・公演当日開場時間前に会場付近にて待ち合わせし、同時入場していただきます。...",False
sold_milesixtones-2026_1784883371161_40000,1784883371161,milesixtones-2026,2026-09-19,17:30,味の素スタジアム,electronic,female,同行,,,,,2026-07-24 08:56:11,,2026-09-04 18:01:17,2026-08-27 05:10:56,,sold,2,40000,"2名義中2番手　すり替え無し
全名義有効期限内　下3桁提示可　
当日は指定した場所時間に集合して頂き同時入場後、一旦チケットを回収し先にチケットを選択させて頂い...",False
sold_milesixtones-2026_1784872931826_9800,1784872931826,milesixtones-2026,2026-09-19,17:30,味の素スタジアム,electronic,female,連絡ボード,,,,,2026-07-24 06:02:11,,2026-09-04 18:01:17,2026-08-27 05:10:56,,sold,2,9800,"【座席未定】
チケットを複数所持しております。同時入場後にチケットを一旦回収し、開演5~10分前を目処に再集合の上チケットをお渡しさせていただきます。座席につい...",False
sold_milesixtones-2026_1785079295298_10000,1785079295298,milesixtones-2026,2026-09-19,17:30,味の素スタジアム,electronic,female,同行,,,,,2026-07-26 15:21:35,,2026-09-04 18:01:17,2026-08-27 05:10:56,,sold,1,10000,"座席未定/初期当選/有効期限内/該当名義(変ボ有)/ランダム配布

当日、開場30〜40分前に会場周辺の指定の場所に集合していただきます。集合場所は後日連絡ボー...",False
sold_milesixtones-2026_1784975823875_19000,1784975823875,milesixtones-2026,2026-09-19,17:30,味の素スタジアム,electronic,female,同行,,,,,2026-07-25 10:37:03,,2026-09-04 18:01:17,2026-08-27 05:10:56,,sold,2,19000,【入場時ランダムエラーの場合の全額返金保証、立見なし】ランダムのお渡しとなり、購入者様の座席選択権はありませんことご理解下さい。(連番での落札は必ず連番のお譲り...,False
sold_milesixtones-2026_1786957157153_11000,1786957157153,milesixtones-2026,2026-09-19,17:30,味の素スタジアム,electronic,none,同時入場後手渡し,,,,,2026-08-17 08:59:17,,2026-09-04 18:01:17,2026-08-27 05:10:56,,sold,2,11000,"すり替えありランダム配布
複数名義所持しております。入場後全てチケットを一度回収し、解散します。こちらで席を選ばせていただいたあとにランダムでチケットをお渡しし...",False
sold_milesixtones-2026_1786865774165_11272,1786865774165,milesixtones-2026,2026-09-19,17:30,味の素スタジアム,electronic,female,同行,,,,,2026-08-16 07:36:14,,2026-09-04 18:01:17,2026-08-27 05:10:56,,sold,2,11272,取引様専用,False
sold_milesixtones-2026_1784890405903_40000,1784890405903,milesixtones-2026,2026-09-19,17:30,味の素スタジアム,electronic,female,2名義中2番手,,,,,2026-07-24 10:53:25,,2026-09-04 18:01:17,2026-08-27 05:10:56,,sold,1,40000,"2名義中2番手
すり替えなし/下3桁提示可/有効期限内

当日は当方が指定した場所、時間に集合していただきます。

買い手様の端末でQRコードを表示していただく...",False
sold_milesixtones-2026_1784879149131_45000,1784879149131,milesixtones-2026,2026-09-19,17:30,味の素スタジアム,electronic,female,同行,,,,,2026-07-24 07:45:49,,2026-09-04 18:01:17,2026-08-27 05:10:56,,sold,2,45000,"3名義中2番手/初期当選/有効期限内名義/すり替えなし/下3桁提示可能

3名義中2番手でのお譲りです。

当日会場にて待ち合わせ、同時入場していただきます。...",False
nlrlxaen3j,1785850139665,milesixtones-2026,2026-09-19,17:30,味の素スタジアム,electronic,none,公演前日QRコード共有,R,5.0,,QR,2026-08-04 13:28:59,,2026-08-28 01:01:21,,,deleted,1,40000,"初期当選／有効期限内名義／下3桁提示可／着ブロ希望無し／すり替え無し／
公演日前日に情報をお送りいたします。チケット発券後は速やかにログアウトし、受取連絡を行なってください。
公演中止のみ返金。
席の善し悪しに関するクレームやランダムエラー、本人確認、交通機関の乱れや出演者変更等を含む購入者様都合によるキャンセル、返金などは一切お受けいたしません。
日本語が十分に理解できる成人済み日本人女性の方のみご購入をお願いいたします。代理購入不可",True
1iq43htgxt,1787652563250,milesixtones-2026,2026-09-19,17:30,味の素スタジアム,electronic,female,公演2日前～前日までにログイン情報共有,M,4.2,,QR,2026-08-25 10:09:23,,2026-08-29 00:01:17,,,deleted,2,35000,"QR毎/復活当選/重複すり替え無し/有効期限内名義/下3桁提示可能

そのまま購入いただいても大丈夫ですが、出来ればプライベート出品に切り替えたいため購入希望の...",True
sold_milesixtones-2026_1785114499658_25000,1785114499658,milesixtones-2026,2026-09-19,17:30,味の素スタジアム,electronic,female,当日同時入場,,,,,2026-07-27 01:08:19,,2026-09-04 18:01:17,2026-08-27 05:10:56,,sold,2,25000,"2名義中2番手でのお譲りとなります。
すり替えはございません。ご希望があればチケット番号下3桁の提示も可能です。
初期当選分・支払い期限内決済・同一クレジットカ...",False
sold_milesixtones-2026_1785013093707_21000,1785013093707,milesixtones-2026,2026-09-19,17:30,味の素スタジアム,electronic,none,当日,,,,,2026-07-25 20:58:13,,2026-09-04 18:01:17,2026-08-27 05:10:56,,sold,1,21000,"7名義中4番手

プラベル出品可/初期当選/全て2連当選/すり替えなし/下3桁提示可/有効期限内/ペイジーまたはコンビニ入金/着ブロ指定なし/本人確認不可

【...",False
sold_milesixtones-2026_1785033663392_35000,1785033663392,milesixtones-2026,2026-09-19,17:30,味の素スタジアム,electronic,female,公演日前日夜ログイン情報共有,,,,,2026-07-26 02:41:03,,2026-09-04 18:01:17,2026-08-27 05:10:56,,sold,2,35000,QR/初期当選/重複なし/着ブロ希望なし/下3桁提示可能/有効期限内/発送物戻りなし/変更ボタンあり/当選歴なし名義/同一クレカなし/サイチェン可/同行者男性...,False
sold_milesixtones-2026_1784873865575_53000,1784873865575,milesixtones-2026,2026-09-19,17:30,味の素スタジアム,electronic,female,公演前日QRコード共有,,,,,2026-07-24 06:17:45,,2026-09-04 18:01:17,2026-08-27 05:10:56,,sold,1,53000,"QRごと/期限内/女性名義/アリツア落選名義

公演前日夜までにメッセージにてログインに必要な情報をお伝えします。 ランダムエラーや体調不良、交通機関の遅延など...",False
sold_milesixtones-2026_1785684813579_9800,1785684813579,milesixtones-2026,2026-09-19,17:30,味の素スタジアム,electronic,female,同行,,,,,2026-08-02 15:33:33,,2026-09-04 18:01:17,2026-08-27 05:10:56,,sold,1,9800,"ランダム配布 開演20分前までにチケット配布いたします

同時入場後、こちらで一度チケットを回収しランダムで配布したします。チケットお渡し後のサイチェン等ご自由...",False
sold_milesixtones-2026_1786959980098_31500,1786959980098,milesixtones-2026,2026-09-19,17:30,味の素スタジアム,electronic,female,連絡ボードにて,,,,,2026-08-17 09:46:20,,2026-09-04 18:01:17,2026-08-27 05:10:56,,sold,1,31500,"復活当選/初当選名義/有効期限内/郵便物戻りなし/着席ブロック指定なし/下3桁提示可

公演前日までにログイン情報お伝え致します。
入場後すぐにログアウトお願い...",False
sold_milesixtones-2026_1784880532530_60000,1784880532530,milesixtones-2026,2026-09-19,17:30,味の素スタジアム,electronic,female,公演日2日前までにQRコード共有,,,,,2026-07-24 08:08:52,,2026-09-04 18:01:17,2026-08-27 05:10:56,,sold,1,60000,"QR毎/該当名義/初当選名義/有効期限内/下3桁提示可

座席に関するクレーム等はお受けできません。入場後は速やかにログアウトと受取をお願い致します。
体調不良...",False
sold_milesixtones-2026_1784874330562_55000,1784874330562,milesixtones-2026,2026-09-19,17:30,味の素スタジアム,electronic,female,公演日前日までにログイン情報共有,,,,,2026-07-24 06:25:30,,2026-09-04 18:01:17,2026-08-27 05:10:56,,sold,2,55000,"QR毎/初期当選/重複すり替えなし/着ブロ希望なし/下3桁提示可能｜有効期限内/発送物戻りなし
アリツア落選名義/最終当選ドームスタンド席
公演前日夜にログイン...",False
sold_milesixtones-2026_1786416355672_25000,1786416355672,milesixtones-2026,2026-09-20,17:30,味の素スタジアム,electronic,female,同行,,,,,2026-08-11 02:45:55,,2026-09-04 18:01:17,2026-08-27 05:10:56,,sold,1,25000,"4名義中3番手/すり替えなし/下3桁提示可能/有効内/アリツ落選名義

プライベートモードにて再度出品いたしますので、お取引希望の方はメッセージにてご連絡くださ...",False
sold_milesixtones-2026_1785346519939_33000,1785346519939,milesixtones-2026,2026-09-20,17:30,味の素スタジアム,electronic,male,公演前日QRコード共有,,,,,2026-07-29 17:35:19,,2026-09-04 18:01:17,2026-08-27 05:10:56,,sold,2,33000,"QR毎
初期当選/下３桁提示可/重複すり替えなし/着ブロ希望なし/有効期限内/郵便戻りなし/アリツア落選名義

プラベル出品移行可
公演前日にログイン情報をお伝...",False
sold_milesixtones-2026_1784871850711_35000,1784871850711,milesixtones-2026,2026-09-20,17:30,味の素スタジアム,electronic,female,公演日前日までにQRコード共有,,,,,2026-07-24 05:44:10,,2026-09-04 18:01:17,2026-08-27 05:10:56,,sold,2,35000,"ファンクラブ先行
座席未定",False
sold_milesixtones-2026_1784993322090_21000,1784993322090,milesixtones-2026,2026-09-20,17:30,味の素スタジアム,electronic,female,2名義2番手,,,,,2026-07-25 15:28:42,,2026-09-04 18:01:17,2026-08-27 05:10:56,,sold,1,21000,"2名義中2番手/2.1即決/価格交渉可/初期当選/すり替えなし/下3桁掲示可/着ブロ希望なし/郵送物戻りなし/有効期限内名義
・公演当日、開場10～20分前に会...",False
sold_milesixtones-2026_1785553289027_15000,1785553289027,milesixtones-2026,2026-09-20,17:30,味の素スタジアム,electronic,female,同行,,,,,2026-08-01 03:01:29,,2026-09-04 18:01:17,2026-08-27 05:10:56,,sold,2,15000,"★早渡しランダム配布★
入場後20分以内に必ずチケットをお渡しいたします。

開場20分前に入場口付近にご集合いただき同時入場後、チケットを一度回収し再配布いた...",False
sold_milesixtones-2026_1785552585843_12520,1785552585843,milesixtones-2026,2026-09-20,17:30,味の素スタジアム,electronic,female,専用,,,,,2026-08-01 02:49:45,,2026-09-04 18:01:17,2026-08-27 05:10:56,,sold,1,12520,"複数名義のランダム配布となっております。全てコンビニ決済、有効期限内、初期当選の名義となります。以下の注意事項を了承の上ご購入をお願いいたします。
・買い手様に...",False
sold_milesixtones-2026_1785028245356_30000,1785028245356,milesixtones-2026,2026-09-20,17:30,味の素スタジアム,electronic,female,公演前日QRコード共有,,,,,2026-07-26 01:10:45,,2026-09-04 18:01:17,2026-08-27 05:10:56,,sold,2,30000,"

FC初期当選/ QR毎/アリツア落選名義/着ブロ希望なし/すり替え無し/下3桁提示可/有効期限内/郵便物戻りなし


こちらで同行者登録後、公演前日にログイ...",False
sold_milesixtones-2026_1785063138826_21000,1785063138826,milesixtones-2026,2026-09-20,17:30,味の素スタジアム,electronic,female,同行,,,,,2026-07-26 10:52:18,,2026-09-04 18:01:17,2026-08-27 05:10:56,,sold,1,21000,"3名義中3番手/すり替えなし/初期当選/有効期限内/下3桁提示可/サイチェン可

・開場15分前を目安に指定の場所にお越しください。詳しい場所と時間は前日にご連...",False
sold_milesixtones-2026_1784896124367_20000,1784896124367,milesixtones-2026,2026-09-20,17:30,味の素スタジアム,electronic,female,同行,,,,,2026-07-24 12:28:44,,2026-09-04 18:01:17,2026-08-27 05:10:56,,sold,2,20000,"ファンクラブ先行 座席未定/着ブロのみ2名義中2番手/すり替えなし/初期当選のみ/下3桁提示可能/全て有効期限内 

以下の条件を必ずご理解した上でご購入お願い...",False
sold_milesixtones-2026_1786168500383_30000,1786168500383,milesixtones-2026,2026-09-20,17:30,味の素スタジアム,electronic,female,公演日前日にQRコード共有,,,,,2026-08-08 05:55:00,,2026-09-04 18:01:17,2026-08-27 05:10:56,,sold,2,30000,"下記注意事項をご確認ご了承いただいた上ご購入宜しくお願い致します。
 QRごとのお譲り(下三桁提示可)
初期当選/着ブロ希望なし/有効期限内/発送物戻りなし...",False
sold_milesixtones-2026_1786971332799_12000,1786971332799,milesixtones-2026,2026-09-20,17:30,味の素スタジアム,electronic,none,ランダム配布,,,,,2026-08-17 12:55:32,,2026-09-04 18:01:17,2026-08-27 05:10:56,,sold,1,12000,"複数名義所持しております。
開演前にお集まりいただき同時入場後1度チケットを全て回収し、こちらで選択したあと開演10分前までにチケットをお渡しいたします。買い手...",False
sold_milesixtones-2026_1787364381864_12520,1787364381864,milesixtones-2026,2026-09-20,17:30,味の素スタジアム,electronic,female,ランダム,,,,,2026-08-22 02:06:21,,2026-09-04 18:01:17,2026-08-27 05:10:56,,sold,1,12520,"複数名義のランダム配布となっております。全てコンビニ決済、有効期限内、初期当選の名義となります。以下の注意事項を了承の上ご購入をお願いいたします。
・買い手様に...",False
sold_milesixtones-2026_1786168420499_10000,1786168420499,milesixtones-2026,2026-09-20,17:30,味の素スタジアム,electronic,female,ランダム配布,,,,,2026-08-08 05:53:40,,2026-09-04 18:01:17,2026-08-27 05:10:56,,sold,2,10000,入場後はチケットを一旦こちらで回収し、当方が座席選択をした後にランダムでお渡し致します。開演15分前までのお渡しです。ご購入者様が座席を選択することはできません...,False
sold_milesixtones-2026_1784873062683_32000,1784873062683,milesixtones-2026,2026-09-20,17:30,味の素スタジアム,electronic,female,公演日1日前までにQRコード共有,,,,,2026-07-24 06:04:22,,2026-09-04 18:01:17,2026-08-27 05:10:56,,sold,2,32000,"QR毎/初期当選/アリツア落選名義/重複すり替えなし/着ブロ希望なし/下3桁提示可能｜有効期限内/発送物戻りなし

公演前日夜にログインに必要な情報をお伝えしま...",False
sold_milesixtones-2026_1784980512173_38000,1784980512173,milesixtones-2026,2026-09-20,17:30,味の素スタジアム,electronic,female,公演日1日前までにログイン情報をお伝えします,,,,,2026-07-25 11:55:12,,2026-09-04 18:01:17,2026-08-27 05:10:56,,sold,2,38000,"購入の場合プライベート出品にしますのでコメントにてお伝えください。
FC初期当選・QR毎・下３桁提示可・重複すり替えなし・有効期限内・クレカ決済(同一クレカなし...",False
sold_milesixtones-2026_1785065886035_11000,1785065886035,milesixtones-2026,2026-09-20,17:30,味の素スタジアム,electronic,none,同時入場後手渡し,,,,,2026-07-26 11:38:06,,2026-09-04 18:01:17,2026-08-27 05:10:56,,sold,2,11000,"すり替えありランダム配布
複数名義所持しております。入場後全てチケットを一度回収し、解散します。こちらで席を選ばせていただいたあとにランダムでチケットをお渡しし...",False
sold_milesixtones-2026_1784874654091_55000,1784874654091,milesixtones-2026,2026-09-20,17:30,味の素スタジアム,electronic,female,公演日2日前までにQRコード共有,,,,,2026-07-24 06:30:54,,2026-09-04 18:01:17,2026-08-27 05:10:56,,sold,2,55000,"QR毎/初期当選/アリツア落選名義/重複すり替えなし/着ブロ希望なし/下3桁提示可能｜有効期限内/発送物戻りなし

公演2日前にログインに必要な情報をお伝えしま...",False
sold_milesixtones-2026_1785294771033_14900,1785294771033,milesixtones-2026,2026-09-20,17:30,味の素スタジアム,electronic,female,同行,,,,,2026-07-29 03:12:51,,2026-09-04 18:01:17,2026-08-27 05:10:56,,sold,2,14900,"★早わたしランダム配布★
入場後15分以内に必ずチケットをお渡しいたします。

開場20分前にご集合いただき同時入場後、チケットを一度回収し再配布いたします。...",False
zhzqan7dt0,1787408880833,milesixtones-2026,2026-09-20,17:30,味の素スタジアム,electronic,female,3名義中3番手,乃,5.0,,番手,2026-08-22 14:28:00,,2026-09-04 18:01:17,2026-08-28 00:01:11,,sold,2,19000,"FC先行/3名義中3番手/座席未定/有効期限内名義/すり替えなし/下3桁提示可/コンビニ支払
公演当日開場30分前に会場付近にて待ち合わせし、同時入場していただきます。 詳しい待ち合わせ時間・場所等は、メッセージにてご連絡いたします。
座席に関するクレームは一切受け付けません。また、それに伴うキャンセルや返金も対応いたしかねます。
入場後1度チケットは回収し、こちらで座席選択をさせて頂きます。少々お時間を頂く場合がございますが開演には余裕を持ってお渡しいたします。チケットをお渡ししたその場で受け取り評価をお願いいたします。
※公演中止の場合のみ手数料を差し引いた金額をご返金いたします。
時間厳守でお願いいたします。遅刻、その他体調不良、ランダムエラー等いかなる理由で入場ができなかった場合も受け取り評価をしていただきます。
ご購入はご本人様のみ、迅速に連絡等ご対応頂ける日本人女性のみでお願いいたします。
プライベート出品、又はプラベルに変更可能です。ご希望の方はメッセージお願いいたします。",True
sold_milesixtones-2026_1785978528693_32000,1785978528693,milesixtones-2026,2026-09-20,17:30,味の素スタジアム,electronic,female,公演日前日にQRコード共有,,,,,2026-08-06 01:08:48,,2026-09-04 18:01:17,2026-08-27 05:10:56,,sold,2,32000,"QR毎のお譲りになります。
初期当選/下3桁提示可/10万代/重複すり替えなし/有効期限内/着ブロ希望なし

代理購入不可。
公演前日の夜にログイン情報をお伝え...",False
sold_milesixtones-2026_1784891673675_30000,1784891673675,milesixtones-2026,2026-09-20,17:30,味の素スタジアム,electronic,female,QRごと 公演日前日までにログイン情報共有,,,,,2026-07-24 11:14:33,,2026-09-04 18:01:17,2026-08-27 05:10:56,,sold,2,30000,"下記注意事項をご確認ご了承いただいた上ご購入宜しくお願い致します。
 QRごとのお譲り(下三桁提示可)
初期当選/着ブロ希望なし/有効期限内/発送物戻りなし...",False
kwpx32vm1x,1787374697154,milesixtones-2026,2026-09-20,17:30,味の素スタジアム,electronic,none,手渡し,な,5.0,,ランダム,2026-08-22 04:58:17,,2026-09-04 18:01:17,2026-08-27 11:01:15,,sold,2,10500,"すり替えありランダム配布
複数名義所持しております。入場後全てチケットを一度回収し、解散します。こちらで席を選ばせていただいたあとにランダムでチケットをお渡しします。座席選択のためチケットお渡しまで時間いただきます。開演までにはお渡しします。チケットお渡しした際に目の前で受取通知していただきますようよろしくお願いします。購入者様に座席選択権はございません
公演当日入場開始時間の30〜5分前にこちらが指定した場所で待ち合わせをし、入場致します。遅刻した場合お待ちすることはできません。その場合返金は一切致しかねます。受取通知を行っていただきます。待ち合わせ時間、場所に関しましては公演日が近くなり次第お送りします
入場に伴い、購入者様に発券していただく場合がございます。その際身分証を預かりする場合がありますので顔写真付きの公的身分証を必ずお持ちください。
ランダムエラー、本人確認、体調不良、遅延、出演者の変更など如何なる場合でも返金致しかねます。公演中止のみ手数料引いた額返金します。
購入者様の都合によるキャンセルなどは一切受け付けておりません。来れなくなった場合は受取通知のみ行っていただきます。代理購入などもお控えください。
購入後電話番号、お名前お伺いします。
車椅子の方のご購入はお断りしております。
※ランダム配布を理解してる方
※日本語の通じる方
※心身共に健康な方
のみご購入ください",True
sold_milesixtones-2026_1784877557590_25000,1784877557590,milesixtones-2026,2026-09-20,17:30,味の素スタジアム,electronic,female,同行,,,,,2026-07-24 07:19:17,,2026-09-04 18:01:17,2026-08-27 05:10:56,,sold,2,25000,"当日指定の時間に会場にて集合していただきます。10分以上の遅刻は待たずに入場、受け取り評価のみしていただきます。

・全員で同時入場し、1度こちらで全てのチケッ...",False
g5bo53llmp,1787332153060,milesixtones-2026,2026-09-20,17:30,味の素スタジアム,electronic,female,同行,ま,5.0,,同行,2026-08-21 17:09:13,,2026-08-28 04:01:10,,,deleted,1,15000,"＋手渡し2.0
当方と同行/重複すり替えなし/初期当選/有効期限内/アリツア落選名義/森本担不可
・お取引は日本語の通じる成人済みの女性に限らせていただきます。
・公演当日の集合時間や集合場所については、公演が近づきましたら改めてご連絡させていただきます。
・座席へのクレームは一切受け付けません。
・チケットのお渡しと同時に受取連絡をお願いいたします。
・当日の電波障害に備えて電話番号を交換していただく可能性がありますが、ご了承ください。
・公演中の盗撮等名義を傷つける行為はご遠慮ください。
・ランダムエラーや体調不良、出演メンバー変更、本人確認で弾かれた場合等、公演中止以外のいかなる場合も返金不可ですのでご了承ください。公演中止の場合のみ手数料を差し引いた金額を返金いたします。
※開示請求対策のため、プライベート出品に切り替えます。以上を了承の上、購入希望の方はコメントをお願いします。",True
sold_milesixtones-2026_1784879555753_50000,1784879555753,milesixtones-2026,2026-09-20,17:30,味の素スタジアム,electronic,female,公演日7日前までにQRコード共有,,,,,2026-07-24 07:52:35,,2026-09-04 18:01:17,2026-08-27 05:10:56,,sold,1,50000,"【本日中に入金可能な方のみご購入ください】
FC初期当選 QR毎 重複無し 座席未定 下3桁提示可  

ご購入後すぐにログイン情報お伝えします。 
定価分をお...",False
sold_milesixtones-2026_1786719088406_41400,1786719088406,milesixtones-2026,2026-09-20,17:30,味の素スタジアム,electronic,female,同時入場,,,,,2026-08-14 14:51:28,,2026-09-04 18:01:17,2026-08-27 05:10:56,,sold,2,41400,"5名義中2番手
初期当選 下3桁提示可能

公演中止以下のキャンセル不可
ランダムエラーなどいかなる場合でも返金不可です。

待ち合わせなどはお日にち近くなり次...",False
sold_milesixtones-2026_1784961521281_10000,1784961521281,milesixtones-2026,2026-09-20,17:30,味の素スタジアム,electronic,female,同時入場,,,,,2026-07-25 06:38:41,,2026-09-04 18:01:17,2026-08-27 05:10:56,,sold,1,10000,"公演当日、開場時間30分前に最寄駅または会場付近で待ち合わせし、同時入場していただきます。

詳しい待ち合わせ時間・場所等は公演前日までにマイページの連絡ボード...",False
sold_milesixtones-2026_1784872365070_30000,1784872365070,milesixtones-2026,2026-09-20,17:30,味の素スタジアム,electronic,female,同行,,,,,2026-07-24 05:52:45,,2026-09-04 18:01:17,2026-08-27 05:10:56,,sold,2,30000,【入場時ランダムエラーの場合の全額返金保証、立見なし】コメントいただければプラベル切り替え可能。ランダムのお渡しとなり、購入者様の座席選択権はありませんことご理...,False
sold_milesixtones-2026_1784906643345_35000,1784906643345,milesixtones-2026,2026-09-20,17:30,味の素スタジアム,electronic,female,公演前日までにQR共有,,,,,2026-07-24 15:24:03,,2026-09-04 18:01:17,2026-08-27 05:10:56,,sold,1,35000,"QR毎/初期当選/アリツア落選名義/重複すり替えなし/着ブロなし/下3桁提示可/有効期限内/発送物戻無し

公演前日夜にログインに必要な情報をお伝えします。
日...",False
sold_milesixtones-2026_1784889411855_20000,1784889411855,milesixtones-2026,2026-09-20,17:30,味の素スタジアム,electronic,female,同行,,,,,2026-07-24 10:36:51,,2026-09-04 18:01:17,2026-08-27 05:10:56,,sold,1,20000,"【2名義中2番手】プラベル移行可

下3桁提示可能/すり替えなし/有効期限内/初期当選/アリツア落選名義/着ブロ希望なし

・公演当日は開場時間1時間〜30分前...",False
sold_milesixtones-2026_1784961764424_21000,1784961764424,milesixtones-2026,2026-09-20,17:30,味の素スタジアム,electronic,female, 2名義2番手,,,,,2026-07-25 06:42:44,,2026-09-04 18:01:17,2026-08-27 05:10:56,,sold,2,21000,"２名義中２番手/初期当選／すり替えなし／下3桁掲示可／着ブロ希望なし／郵送物戻りなし／有効期限内名義
・公演当日、当方の指定した時間(開場10～20分前)に会場...",False
sold_milesixtones-2026_1784961271657_10000,1784961271657,milesixtones-2026,2026-09-20,17:30,味の素スタジアム,electronic,female,同行,,,,,2026-07-25 06:34:31,,2026-09-04 18:01:17,2026-08-27 05:10:56,,sold,1,10000,"当日指定の時間に会場にて集合していただきます。10分以上の遅刻は待たずに入場、受け取り評価のみしていただきます。

・全員で同時入場し、1度こちらで全てのチケッ...",False
sold_milesixtones-2026_1786967596575_36195,1786967596575,milesixtones-2026,2026-09-20,17:30,味の素スタジアム,electronic,female,連絡ボードにて,,,,,2026-08-17 11:53:16,,2026-09-04 18:01:17,2026-08-27 05:10:56,,sold,2,36195,"＊前日にログイン情報をお伝えします
＊入場後すみやかにログアウト・受取評価をお願いします。また、完了の旨公演開始時間までにご連絡ください
＊体調不良、交通機関の...",False
sold_milesixtones-2026_1785719228552_25000,1785719228552,milesixtones-2026,2026-09-20,17:30,味の素スタジアム,electronic,female,公演日前日にログイン情報共有,,,,,2026-08-03 01:07:08,,2026-09-04 18:01:17,2026-08-27 05:10:56,,sold,1,25000,"アリツア落選名義/初期当選/女性名義/森本名義/重複すり替えなし/着ブロ希望なし/下3桁提示可能/有効期限内/QR毎/

公演日前日にログインに必要な情報をお伝...",False
sold_milesixtones-2026_1785031768122_30000,1785031768122,milesixtones-2026,2026-09-20,17:30,味の素スタジアム,electronic,female,公演日前日までにQRコード共有,,,,,2026-07-26 02:09:28,,2026-09-04 18:01:17,2026-08-27 05:10:56,,sold,2,30000,"FC初期当選/QR毎/下３桁提示/重複すり替えなし/プラベル出品可/着ブロ指定なし/有効期限内/入金済/郵便戻りなし/サイチェン🉑

・こちらで同行者登録後公...",False
sold_milesixtones-2026_1784968228715_5000,1784968228715,milesixtones-2026,2026-09-20,17:30,味の素スタジアム,electronic,female,同行,,,,,2026-07-25 08:30:28,,2026-09-04 18:01:17,2026-08-27 05:10:56,,sold,1,5000," 3.0/枚 残り2.5当日手渡し
プライベートモードにて再度出品いたしますので、お取引希望の方はメッセージにてご連絡ください。
2連中1枚
当方と同行です。...",False
sold_milesixtones-2026_1784985445588_12000,1784985445588,milesixtones-2026,2026-09-20,17:30,味の素スタジアム,electronic,female,ランダム配布,,,,,2026-07-25 13:17:25,,2026-09-04 18:01:17,2026-08-27 05:10:56,,sold,2,12000,"開場20分前にご集合いただき同時入場後、チケットを一度回収し再配布いたします。
再配布までにお時間をいただく可能性もございますが、なるべく早くお渡しできるよう善...",False
sold_milesixtones-2026_1784946118885_37000,1784946118885,milesixtones-2026,2026-09-20,17:30,味の素スタジアム,electronic,female,公演前日までにQRコードお知らせ,,,,,2026-07-25 02:21:58,,2026-09-04 18:01:17,2026-08-27 05:10:56,,sold,2,37000,"FC初期当選・QR毎・下3桁提示可・重複すり替えなし・有効期限内・着ブロ希望なし

・公演前日までにログイン情報をお伝えいたします。
・入場後は速やかに受け取り...",False
sold_milesixtones-2026_1784972283975_23000,1784972283975,milesixtones-2026,2026-09-20,17:30,味の素スタジアム,electronic,female,同時入場,,,,,2026-07-25 09:38:03,,2026-09-04 18:01:17,2026-08-27 05:10:56,,sold,2,23000,"FC先行初期当選、座席未定、2名義中2番手、すり替えなし、下3桁掲示可、有効期限内、着ブロ❌、郵送物戻りなし、サイチェン不可

記載事項全てにご同意いただける方...",False
sold_milesixtones-2026_1785133260386_12000,1785133260386,milesixtones-2026,2026-09-20,17:30,味の素スタジアム,electronic,female,ランダム配布,,,,,2026-07-27 06:21:00,,2026-09-04 18:01:17,2026-08-27 05:10:56,,sold,2,12000,入場後はチケットを一旦こちらで回収し、当方が座席選択をした後にランダムでお渡し致します。開演15分前までのお渡しです。ご購入者様が座席を選択することはできません...,False
sold_milesixtones-2026_1784899888434_31000,1784899888434,milesixtones-2026,2026-09-20,17:30,味の素スタジアム,electronic,female,公演日前日夜にQRコード共有,,,,,2026-07-24 13:31:28,,2026-09-04 18:01:17,2026-08-27 05:10:56,,sold,2,31000,"QR毎/初期当選/重複すり替えなし/期限内名義/下3桁提示可

前日にログイン情報をお伝えします。
ご希望であれば下3桁の提示可能です。
着ブロではございません...",False
sold_milesixtones-2026_1784886097802_35000,1784886097802,milesixtones-2026,2026-09-20,17:30,味の素スタジアム,pickup_number,female,公演前日にログイン情報共有,,,,,2026-07-24 09:41:37,,2026-09-04 18:01:17,2026-08-27 05:10:56,,sold,1,35000,"初期当選/座席未定/重複すり替えなし/有効期限内/下3桁掲示可能/着ブロ指定なし/エラー歴なし/郵送戻りなし

公演前日の夜にマイページのボードにてログイン情報...",False
sold_milesixtones-2026_1784894630625_18000,1784894630625,milesixtones-2026,2026-09-20,17:30,味の素スタジアム,electronic,female,同時入場,,,,,2026-07-24 12:03:50,,2026-09-04 18:01:17,2026-08-27 05:10:56,,sold,2,18000,"４名義中４番手のお譲り
プラベル出品可/全て２連当選/すり替えなし/該当名義/初期当選/当選名義下３桁提示/有効期限内/Pay-easy入金/着ブロ指定なし/サ...",False
sold_milesixtones-2026_1785013671484_15000,1785013671484,milesixtones-2026,2026-09-20,17:30,味の素スタジアム,electronic,none,当日,,,,,2026-07-25 21:07:51,,2026-09-04 18:01:17,2026-08-27 05:10:56,,sold,2,15000,"5名義中5番手

プラベル出品可/初期当選/全て2連当選/すり替えなし/下3桁提示可/有効期限内/ペイジーまたはコンビニ入金/着ブロ指定なし/本人確認不可

【...",False
sold_milesixtones-2026_1786965399333_20000,1786965399333,milesixtones-2026,2026-09-20,17:30,味の素スタジアム,electronic,female,同行　3名義中2番手,,,,,2026-08-17 11:16:39,,2026-09-04 18:01:17,2026-08-27 05:10:56,,sold,2,20000,"FC先行　3名義中2番手/下3桁提示可/3名義とも有効期限内/すり替えなし
（初期当選×1同行者FC会員、復活当選×2 同行者非会員）

公演当日、開場時間の1...",False
sold_milesixtones-2026_1785314511422_10000,1785314511422,milesixtones-2026,2026-09-20,17:30,味の素スタジアム,electronic,female,同行,,,,,2026-07-29 08:41:51,,2026-09-04 18:01:17,2026-08-27 05:10:56,,sold,1,10000,"FC初期当選のみの少人数ランダム配布。

当日指定の時間に会場にて集合していただきます。10分以上の遅刻は待たずに入場致します。またその際も受け取り評価して頂き...",False
sold_milesixtones-2026_1785073079123_15000,1785073079123,milesixtones-2026,2026-09-20,17:30,味の素スタジアム,electronic,female,4名義中4番手,,,,,2026-07-26 13:37:59,,2026-09-04 18:01:17,2026-08-27 05:10:56,,sold,2,15000,"FC先行 初期当選 4名義中4番手 下3桁提示可 有効期限内 すり替えなし 全名義アリツ落選名義


トラブル防止のためご購入は20歳以上の日本人女性でお願いい...",False
sold_milesixtones-2026_1787376740386_25000,1787376740386,milesixtones-2026,2026-09-20,17:30,味の素スタジアム,electronic,female,同行,,,,,2026-08-22 05:32:20,,2026-09-04 18:01:17,2026-08-27 05:10:56,,sold,2,25000,"2名義中2番手/すり替えなし/下3桁提示可/本人確認不可/発送物戻り無し/有効期限内

同時入場していただき、当方が選ばなかった2連のチケットをお渡しいたします...",False
sold_milesixtones-2026_1784887751066_30000,1784887751066,milesixtones-2026,2026-09-20,17:30,味の素スタジアム,paper,female,同行,,,,,2026-07-24 10:09:11,,2026-09-04 18:01:17,2026-08-27 05:10:56,,sold,1,30000,"ファンクラブ先行 座席未定/着ブロのみ2名義中1番手/すり替えなし/初期当選のみ/下3桁提示可能/全て有効期限内 

以下の条件を必ずご理解した上でご購入お願い...",False
sold_milesixtones-2026_1785246127203_21000,1785246127203,milesixtones-2026,2026-09-20,17:30,味の素スタジアム,electronic,female,同行,,,,,2026-07-28 13:42:07,,2026-09-04 18:01:17,2026-08-27 05:10:56,,sold,2,21000,"座席未定/FC先行/有効期限内/2名義中2番手/下3桁提示可能

・開場時間15分前を目処に集合して頂き同時に入場致します。集合時間場所等は前日までにご連絡させ...",False
sold_milesixtones-2026_1785246439283_32000,1785246439283,milesixtones-2026,2026-09-20,17:30,味の素スタジアム,electronic,female,公演日前日にQRコード共有,,,,,2026-07-28 13:47:19,,2026-09-04 18:01:17,2026-08-27 05:10:56,,sold,1,32000,"初期当選 単番 QRごとのお譲り
アリツア落選名義
日本語の通じる方の購入をお願いします。

公演日前日にログイン情報をお伝えいたします。

公演中止に伴う払い...",False
sold_milesixtones-2026_1785156717515_32000,1785156717515,milesixtones-2026,2026-09-20,17:30,味の素スタジアム,electronic,female,公演前日までにログイン情報共有,,,,,2026-07-27 12:51:57,,2026-09-04 18:01:17,2026-08-27 05:10:56,,sold,2,32000,"FC初期選・QR毎・下3桁提示可・重複すり替えな
し・有効期限内・着ブロ希望なし

・こちらで同行者登録完了後、公演前日にログイン情報をお伝えします。
・入場後...",False
sold_milesixtones-2026_1784946335950_40000,1784946335950,milesixtones-2026,2026-09-20,17:30,味の素スタジアム,electronic,female,同行,,,,,2026-07-25 02:25:35,,2026-09-04 18:01:17,2026-08-27 05:10:56,,sold,1,40000,"3名義中2番手 初期当選 下3桁提示可能 有効期限内 すり替えなし 同一クレカ決済無

公演当日は会場付近にて待ち合わせ後同時入場していただきます。集合時間です...",False
sold_milesixtones-2026_1784898993114_22000,1784898993114,milesixtones-2026,2026-09-20,17:30,味の素スタジアム,electronic,female,同行,,,,,2026-07-24 13:16:33,,2026-09-04 18:01:17,2026-08-27 05:10:56,,sold,2,22000,"◎2名義中2番手
初期当選/有効期限内/着ブロ希望なし/下3桁提示可/すり替えなし

公演当日は、開場時間の15〜20分前にお集まりいただく予定です。詳しい集合...",False
sold_milesixtones-2026_1784881114631_5000,1784881114631,milesixtones-2026,2026-09-20,17:30,味の素スタジアム,electronic,female,同行,,,,,2026-07-24 08:18:34,,2026-09-04 18:01:17,2026-08-27 05:10:56,,sold,2,5000,"⭐ 3.0/枚 残り2.5当日手渡し ⭐

FC先行/2名義中2番手/すり替えなし/下3桁提示可/初期当選のみ

場合によっては直前にQR毎へ変更する可能性あり...",False
sold_milesixtones-2026_1786965354509_18000,1786965354509,milesixtones-2026,2026-09-20,17:30,味の素スタジアム,electronic,female,同行　3名義中3番手,,,,,2026-08-17 11:15:54,,2026-09-04 18:01:17,2026-08-27 05:10:56,,sold,2,18000,"FC先行　3名義中3番手/下3桁提示可/3名義とも有効期限内/すり替えなし
（初期当選×1同行者FC会員、復活当選×2 同行者非会員）

公演当日、開場時間の1...",False
sold_milesixtones-2026_1786586124426_0,1786586124426,milesixtones-2026,2026-09-20,17:30,味の素スタジアム,electronic,female,同行,,,,,2026-08-13 01:55:24,,2026-09-04 18:01:17,2026-08-27 05:10:56,,sold,1,0,"初期当選/2名義中1番手同行/すり替えなし

〜3.5/即(ご提示ください)森本担不可

連番内のお座席は選択できません。2名義の中から選ぶチケットを同行者の1...",False
sold_milesixtones-2026_1786972936138_36000,1786972936138,milesixtones-2026,2026-09-20,17:30,味の素スタジアム,electronic,female,公演日前日までにQRコード共有,,,,,2026-08-17 13:22:16,,2026-09-04 18:01:17,2026-08-27 05:10:56,,sold,1,36000,"QR毎/復活当選/有効期限内/着ブロ指定なし/発送物戻りなし

公演日前日になりましたらログイン情報をお伝えします。入場後は速やかにログアウトと受取報告をお願い...",False
sold_milesixtones-2026_1785591998799_29000,1785591998799,milesixtones-2026,2026-09-20,17:30,味の素スタジアム,electronic,female,公演前日にQR共有　QR毎　下３桁提示,,,,,2026-08-01 13:46:38,,2026-09-04 18:01:17,2026-08-27 05:10:56,,sold,2,29000,"公演日前日にQR共有・QR毎・下３桁提示可・FC初期当選・重複すり替えなし・有効期限内・クレカ決済(同一クレカなし)・着ブロなし・郵便戻りなし

・前回当選歴...",False
sold_milesixtones-2026_1787357070012_30000,1787357070012,milesixtones-2026,2026-09-20,17:30,味の素スタジアム,electronic,female,公演前日夜ログイン,,,,,2026-08-22 00:04:30,,2026-09-04 18:01:17,2026-08-27 05:10:56,,sold,2,30000,"QR毎のお譲りになります。
初期当選/初当選名義/下3桁提示可/重複すり替えなし/有効期限内/着ブロ希望なし

代理購入不可。
公演前日の夜にログイン情報をお伝...",False
u0dcjyqxhs,1787510016982,milesixtones-2026,2026-09-20,17:30,味の素スタジアム,electronic,female,公演前日までにログイン情報共有,︎🌟,5.0,,QR,2026-08-23 18:33:36,,2026-08-28 12:01:10,,,deleted,1,35000,"QR毎/初期当選/アリツア落選名義/着ブロなし/下3桁提示可/有効期限内/発送物戻無し

プラベルにて出品致しますので購入される方はご連絡ください。
公演前日夜...",True
cgxgcdmmh5,1787313428301,milesixtones-2026,2026-09-20,17:30,味の素スタジアム,electronic,female,連絡ボードにて,なの,5.0,,QR番手,2026-08-21 11:57:08,,2026-08-28 01:01:21,,,deleted,2,21000,"3名義中3番手/下3桁提示可/すり替えなし/有効期限内/郵便物戻り無し
ご購入ご希望の方プライベート出品致しますのでよろしくお願い致します。
【当日の流れについて】
集合時間や場所の詳細ついては前日の夜までにご連絡致します。
開場時間の20-30分前集合予定です。
また、当日の会場の電波が悪い可能性があるため、お名前（苗字）、当日連絡の取れる電話番号をお伺いいたします。
当日は10分以上の遅刻の場合は先に入場しますが、その際も受取連絡はして頂きますのでよろしくお願い致します。
遅刻のないよう時間に余裕をもってお越しください。
入場後、チケットを全て回収し、こちらで座席を選択した後、3名義中3番手のチケットをお渡しします。
なるべく早くチケットを渡せるよう努めさせていただきます。また、当方ランエラ経験済みのため黒服対策には徹底致しますのでご安心して頂ければと思います。
チケットをお渡しの際に必ず受取連絡をしていただきます。
座席によるクレームは一切受け付けておりません。どの座席でも入場後チケットをお渡しする際に受取連絡をしていただきます。
本人確認、ランダムエラー、体調不良、交通機関の乱れなど公演中止以外での返金対応はいたしかねます。
如何なる場合でも受取連絡はしていただきます。
公演中止・延期の場合のみ、サイトの規約に従い手数料を差し引いた額を返金致します。
代理購入はトラブルの元となるためお控えください。
同行者の方も含めて20歳以上、日本語が通じる日本人女性でお願いいたします。
購入された時点で上記の説明を全て承諾したものとみなしますので、ご購入者様からの条件の提示などは対応しかねます。
上記の内容よりご不明点ございましたらお気軽にお声掛け下さい!!",True
sold_milesixtones-2026_1784956676134_20000,1784956676134,milesixtones-2026,2026-09-20,17:30,味の素スタジアム,electronic,female,当日手渡し,,,,,2026-07-25 05:17:56,,2026-09-04 18:01:17,2026-08-27 05:10:56,,sold,1,20000,"3名義中3番手 
初期当選  着ブロ無 下3桁提示可能 有効期限内 すり替えなし 同一クレカ決済無

公演当日は会場付近にて待ち合わせ後同時入場していただきます...",False
sold_milesixtones-2026_1785583588576_31000,1785583588576,milesixtones-2026,2026-09-20,17:30,味の素スタジアム,electronic,female,前日夜にログイン情報共有,,,,,2026-08-01 11:26:28,,2026-09-04 18:01:17,2026-08-27 05:10:56,,sold,2,31000,"QRごと/初期当選/重複すり替えなし/着ブロ希望なし/下3桁提示可能/有効期限内/発送物戻りなし

公演前日の夜に当方が代表同行共に同意後、QR表示できる状態で...",False
sold_milesixtones-2026_1787155575628_20000,1787155575628,milesixtones-2026,2026-09-20,17:30,味の素スタジアム,electronic,female,当日,,,,,2026-08-19 16:06:15,,2026-09-04 18:01:17,2026-08-27 05:10:56,,sold,2,20000,"2名義中2番手
有効期限内/すり替えなし/下3桁提示可

・当日は会場付近の指定場所に時間厳守で集合していただきます。詳細につきましては、日程が近づきましたらお...",False
sold_milesixtones-2026_1786235989187_35000,1786235989187,milesixtones-2026,2026-09-20,17:30,味の素スタジアム,electronic,female,同行,,,,,2026-08-09 00:39:49,,2026-09-04 18:01:17,2026-08-27 05:10:56,,sold,1,35000,"3.5/枚(当方・田中担と同行)

田中担の方はご遠慮願います。

下3桁提示可/有効期限内/初期当選/すり替えなし

プライベート出品に変更するため、ご希望の...",False
sold_milesixtones-2026_1787095062104_18000,1787095062104,milesixtones-2026,2026-09-20,17:30,味の素スタジアム,paper,female,当日手渡し,,,,,2026-08-18 23:17:42,,2026-09-04 18:01:17,2026-08-27 05:10:56,,sold,1,18000,"2名義中2番手

すり替えなし/初期当選/有効期限内/下三桁提示可/コンビニ入金/着ブロ指定無し/サイチェン可


・当日は20~30分前に会場付近にてお待ち合...",False
sold_milesixtones-2026_1785978472773_32000,1785978472773,milesixtones-2026,2026-09-20,17:30,味の素スタジアム,electronic,female,公演日前日にQRコード共有,,,,,2026-08-06 01:07:52,,2026-09-04 18:01:17,2026-08-27 05:10:56,,sold,2,32000,"QR毎のお譲りになります。
初期当選/下3桁提示可/30万代/重複すり替えなし/有効期限内/着ブロ希望なし

代理購入不可。
公演前日の夜にログイン情報をお伝え...",False
sold_milesixtones-2026_1784905880874_35000,1784905880874,milesixtones-2026,2026-09-20,17:30,味の素スタジアム,electronic,female,同行,,,,,2026-07-24 15:11:20,,2026-09-04 18:01:17,2026-08-27 05:10:56,,sold,2,35000,"初期当選/4名義中2番手/有効期限内/下3桁提示可能/すり替えなし/着ブロ希望なし/本人確認不可

4名義中の2番手のチケットです。
公演当日は会場付近にて開場...",False
sold_milesixtones-2026_1785499906261_22000,1785499906261,milesixtones-2026,2026-09-20,17:30,味の素スタジアム,electronic,female,会場付近で待ち合わせし同時入場,,,,,2026-07-31 12:11:46,,2026-09-04 18:01:17,2026-08-27 05:10:56,,sold,2,22000,"必ず最後までお読みになり、ご理解いただける方のみ購入をご検討ください。
記載事項以外の対応は一切いたしません。 

FC初期当選、公演当日も有効期限内、同一クレ...",False
sold_milesixtones-2026_1787409985502_30000,1787409985502,milesixtones-2026,2026-09-20,17:30,味の素スタジアム,electronic,female,公演日前日までにQRコード共有,,,,,2026-08-22 14:46:25,,2026-09-04 18:01:17,2026-08-27 05:10:56,,sold,2,30000,,False
sold_milesixtones-2026_1785045775968_30000,1785045775968,milesixtones-2026,2026-09-20,17:30,味の素スタジアム,electronic,female,同行,,,,,2026-07-26 06:02:55,,2026-09-04 18:01:17,2026-08-27 05:10:56,,sold,1,30000,"有効期限内/アリツ落選名義/下三桁提示可/初期当選/重複すり替えなし/着ブロ希望なし

当方ジェシー担となりますので担当のご配慮いただけますと幸いです。

当日...",False
sold_milesixtones-2026_1786537768493_18000,1786537768493,milesixtones-2026,2026-09-20,17:30,味の素スタジアム,electronic,female,同行,,,,,2026-08-12 12:29:28,,2026-09-04 18:01:17,2026-08-27 05:10:56,,sold,2,18000,"2名義中2番手/初期当選/下3桁提示可能/すり替えなし/有効期限内/コンビニ決済/着ブロ指定なし

以下の詳細全てご理解いただける成人済みの日本人女性の方のみご...",False
sold_milesixtones-2026_1785649001159_10000,1785649001159,milesixtones-2026,2026-09-20,17:30,味の素スタジアム,electronic,female,当日手渡し,,,,,2026-08-02 05:36:41,,2026-09-04 18:01:17,2026-08-27 05:10:56,,sold,2,10000,"💎こちら決まらなければ本日20時に出品下げます。
5名義中4番手　即1.5/枚でのお譲りとなります。

0.5/枚当日手渡しです

初期当選 / FC先行 /...",False
sold_milesixtones-2026_1787544282006_16000,1787544282006,milesixtones-2026,2026-09-20,17:30,味の素スタジアム,electronic,female,同行,,,,,2026-08-24 04:04:42,,2026-09-04 18:01:17,2026-08-27 05:10:56,,sold,2,16000,"【プライベート出品可能】FC先行/座席未定/初期当選/4名義中4番手/すり替えなし/下3桁提示可能/全て有効期限内名義

公演当日開場時間前後に会場付近にて集合...",False
sold_milesixtones-2026_1787033419171_10500,1787033419171,milesixtones-2026,2026-09-20,17:30,味の素スタジアム,electronic,none,同時入場後手渡し,,,,,2026-08-18 06:10:19,,2026-09-04 18:01:17,2026-08-27 05:10:56,,sold,2,10500,"すり替えありランダム配布
複数名義所持しております。入場後全てチケットを一度回収し、解散します。こちらで席を選ばせていただいたあとにランダムでチケットをお渡しし...",False
sold_milesixtones-2026_1784892226474_29000,1784892226474,milesixtones-2026,2026-09-20,17:30,味の素スタジアム,electronic,female,FC初期当選・QR毎・下３桁提示可・重複すり替えなし・有効期限内・クレカ決済(同一クレカなし)・着ブロなし・郵便戻りなし,,,,,2026-07-24 11:23:46,,2026-09-04 18:01:17,2026-08-27 05:10:56,,sold,2,29000,"FC初期当選・QR毎・下３桁提示可・重複すり替えなし・有効期限内・クレカ決済(同一クレカなし)・着ブロなし・郵便戻りなし

・前回当選歴　YOUNG OLD...",False
sold_milesixtones-2026_1784985775847_14000,1784985775847,milesixtones-2026,2026-09-20,17:30,味の素スタジアム,electronic,female,ランダム配布,,,,,2026-07-25 13:22:55,,2026-09-04 18:01:17,2026-08-27 05:10:56,,sold,2,14000,"開場20分前にご集合いただき同時入場後、チケットを一度回収し再配布いたします。
2枚でご購入いただいた場合も、入場時は別れてご入場いただく可能性もございます。最...",False
sold_milesixtones-2026_1785597856702_11500,1785597856702,milesixtones-2026,2026-09-20,17:30,味の素スタジアム,electronic,none,同行,,,,,2026-08-01 15:24:16,,2026-09-04 18:01:17,2026-08-27 05:10:56,,sold,1,11500,"‼️1日でもはやく決めたいため1.15にしてます‼️
2名義中2番手同行
初期当選/有効期限内/下3桁表示可/すり替えなし/サイチェン可 
・当日会場付近にて待...",False
sold_milesixtones-2026_1784884972528_22000,1784884972528,milesixtones-2026,2026-11-07,17:00,ヤンマースタジアム長居,electronic,female,同行、一部手渡し可,,,,,2026-07-24 09:22:52,,2026-09-04 18:01:17,2026-08-27 05:10:56,,sold,2,22000,"4名義中3番手/下三桁提示可能/有効期限内/初期当選/すり替えなし/サイチェン可

・4名義中3番手のお渡しです。当方と2番手の方が選ばなかった残り2名義分から...",False
sold_milesixtones-2026_1785238553311_12000,1785238553311,milesixtones-2026,2026-11-07,17:00,ヤンマースタジアム長居,electronic,none,同行,,,,,2026-07-28 11:35:53,,2026-09-04 18:01:17,2026-08-27 05:10:56,,sold,1,12000,"複数名義中ランダム配布

・開場30〜45分前に集合していただきます。集合場所は公演前日にお伝えいたします。

・入場後全てのチケットを回収し予めお伺いする【お...",False
sold_milesixtones-2026_1785127868985_12000,1785127868985,milesixtones-2026,2026-11-07,17:00,ヤンマースタジアム長居,electronic,none,同行,,,,,2026-07-27 04:51:08,,2026-09-04 18:01:17,2026-08-27 05:10:56,,sold,2,12000,"【条件あり】
以下の記載事項を必ずすべてお読みいただき、内容をご理解・ご承諾いただける方のみご購入ください。
ご購入をもって、下記の全てに同意されたものとみなし...",False
sold_milesixtones-2026_1784889078761_12000,1784889078761,milesixtones-2026,2026-11-07,17:00,ヤンマースタジアム長居,electronic,female,同行,,,,,2026-07-24 10:31:18,,2026-09-04 18:01:17,2026-08-27 05:10:56,,sold,2,12000,当日は開場時間の15~30分前頃にこちらが指定した場所に集合していただき同時入場後、先に当方が座席選択した後チケットをランダムにお渡しします。座席は選択できませ...,False
sold_milesixtones-2026_1784905391818_25000,1784905391818,milesixtones-2026,2026-11-07,17:00,ヤンマースタジアム長居,electronic,female,同時入場,,,,,2026-07-24 15:03:11,,2026-09-04 18:01:17,2026-08-27 05:10:56,,sold,2,25000,"2名義中2番手

初期当選/有効期限内/すり替えなし/下3桁提示可能/サイチェン可

＊公演中止以外の返金、キャンセル
（ランダムエラー、交通機関の遅延等）対応...",False
sold_milesixtones-2026_1784872421780_21000,1784872421780,milesixtones-2026,2026-11-07,17:00,ヤンマースタジアム長居,paper,female,同行,,,,,2026-07-24 05:53:41,,2026-09-04 18:01:17,2026-08-27 05:10:56,,sold,2,21000,【入場時ランダムエラーの場合の全額返金保証、立見なし】ランダムのお渡しとなり、購入者様の座席選択権はありませんことご理解下さい。(連番での落札は必ず連番のお譲り...,False
sold_milesixtones-2026_1784899096962_40000,1784899096962,milesixtones-2026,2026-11-07,17:00,ヤンマースタジアム長居,electronic,female,前日夜にログイン情報共有,,,,,2026-07-24 13:18:16,,2026-09-04 18:01:17,2026-08-27 05:10:56,,sold,2,40000,"QR毎/初期選/重複・すり替えなし/下3桁提示可能/有効期限内名義/アリツア落選名義/着ブロ希望なし

・公演前日夜にログイン情報を共有します。
・当日入場後は...",False
sold_milesixtones-2026_1785838882682_33000,1785838882682,milesixtones-2026,2026-11-07,17:00,ヤンマースタジアム長居,electronic,female,QR,,,,,2026-08-04 10:21:22,,2026-09-04 18:01:17,2026-08-27 05:10:56,,sold,2,33000,"⭐️QR毎、重複なし⭐️初期当選/下3桁提示可能/有効期限内名義/着ブロ指定なし

公演前日に同行者の同意チェックのみ当方で行った後ログイン情報をお伝えします。...",False
sold_milesixtones-2026_1785838619494_32000,1785838619494,milesixtones-2026,2026-11-07,17:00,ヤンマースタジアム長居,electronic,female,公演日7日前までにQRコード共有,,,,,2026-08-04 10:16:59,,2026-09-04 18:01:17,2026-08-27 05:10:56,,sold,2,32000,"FC初期当選 QR毎 重複無し 座席未定 下3桁提示可 

公演の7日前にログイン情報をお伝え致します。
サイチェン等可能ですが、盗撮や盗聴など名義を傷つける行...",False
sold_milesixtones-2026_1784873577439_70000,1784873577439,milesixtones-2026,2026-11-07,17:00,ヤンマースタジアム長居,electronic,female,公演前日夜にログインに必要な情報をお伝えします。,,,,,2026-07-24 06:12:57,,2026-09-04 18:01:17,2026-08-27 05:10:56,,sold,1,70000,"QR毎/初期当選/アリツア落選名義/重複すり替えなし/着ブロ希望なし/下3桁提示可能/有効期限内

公演前日夜にログインに必要な情報をお伝えします。
当日は速や...",False
sold_milesixtones-2026_1784964817357_25000,1784964817357,milesixtones-2026,2026-11-07,17:00,ヤンマースタジアム長居,electronic,female,3名義中2番手,,,,,2026-07-25 07:33:37,,2026-09-04 18:01:17,2026-08-27 05:10:56,,sold,2,25000,"3名義中2番手
すり替え無し、下3桁開示可、サイチェン不可

下記内容をお読み頂き、了承して頂ける方のみ購入をよろしくお願い致します。

・指定の時間に指定の場...",False
sold_milesixtones-2026_1785031595183_24000,1785031595183,milesixtones-2026,2026-11-07,17:00,ヤンマースタジアム長居,electronic,female,同行,,,,,2026-07-26 02:06:35,,2026-09-04 18:01:17,2026-08-27 05:10:56,,sold,2,24000,"2名義中2番手
どちらも前回(ドーム)スタンド名義、アリツア落選

初期当選/有効期限内/すり替えなし/下3桁提示可能/サイチェン可

複数名義所持しております...",False
sold_milesixtones-2026_1784877271750_25000,1784877271750,milesixtones-2026,2026-11-07,17:00,ヤンマースタジアム長居,electronic,female,少人数ランダム(2名義での入場) サイチェン可 中相場買取可,,,,,2026-07-24 07:14:31,,2026-09-04 18:01:17,2026-08-27 05:10:56,,sold,1,25000,"同時入場後チケットを一度回収しこちらでチケットを選んだ後、ランダム配布いたします。そのため座席はお選びいただけません。
お渡しまでにお時間をいただく可能性がござ...",False
sold_milesixtones-2026_1785107981812_15000,1785107981812,milesixtones-2026,2026-11-07,17:00,ヤンマースタジアム長居,electronic,female,同行,,,,,2026-07-26 23:19:41,,2026-09-04 18:01:17,2026-08-27 05:10:56,,sold,2,15000,【入場時ランダムエラーの場合の全額返金保証、立見なし】ランダムのお渡しとなり、購入者様の座席選択権はありませんことご理解下さい。(連番での落札は必ず連番のお譲り...,False
sold_milesixtones-2026_1784883963342_20000,1784883963342,milesixtones-2026,2026-11-07,17:00,ヤンマースタジアム長居,electronic,female,同行,,,,,2026-07-24 09:06:03,,2026-09-04 18:01:17,2026-08-27 05:10:56,,sold,2,20000,"【条件あり】
チケットを複数所持しております。同時入場後にチケットを一旦回収し、開演5分前を目処に再集合の上チケットをお渡しさせていただきます。座席についてのク...",False
sold_milesixtones-2026_1785127820607_12000,1785127820607,milesixtones-2026,2026-11-07,17:00,ヤンマースタジアム長居,electronic,none,同行,,,,,2026-07-27 04:50:20,,2026-09-04 18:01:17,2026-08-27 05:10:56,,sold,2,12000,"ランダム配布/早渡し上乗せ可/相場買取可
【条件あり】
以下の記載事項を必ずすべてお読みいただき、内容をご理解・ご承諾いただける方のみご購入ください。
ご購入を...",False
sold_milesixtones-2026_1785048918974_25000,1785048918974,milesixtones-2026,2026-11-07,17:00,ヤンマースタジアム長居,electronic,female,同行,,,,,2026-07-26 06:55:18,,2026-09-04 18:01:17,2026-08-27 05:10:56,,sold,2,25000,"2名義中2番手/すり替えなし/初期当選/下3桁提示可能

プライベート出品希望の方は先にご連絡願います。

公演当日、開場30分前に会場付近に集合し同時入場をし...",False
sold_milesixtones-2026_1784902334231_26000,1784902334231,milesixtones-2026,2026-11-07,17:00,ヤンマースタジアム長居,electronic,female,2名義中2番手,,,,,2026-07-24 14:12:14,,2026-09-04 18:01:17,2026-08-27 05:10:56,,sold,2,26000,"2名義中2番手、すり替えなし、下3桁提示可、有効期限内、着ブロ指定なし、どちらもアリツア落選名義

当日会場付近にて待ち合わせし、同時入場していただきます。
一...",False
m25atd6cdl,1787803958331,milesixtones-2026,2026-11-07,17:00,ヤンマースタジアム長居,electronic,female,同行,M,5.0,,QR同行番手,2026-08-27 04:12:38,,2026-08-28 06:01:16,,,deleted,2,12000,"2名義中2番手　残り2.0/枚当日手渡し

FC先行/初期当選/着ブロ指定なし/有効期限内/下3桁提示可/すり替えなし

プライベート出品、又はプラベルに変更可...",True
sold_milesixtones-2026_1784879900155_30000,1784879900155,milesixtones-2026,2026-11-07,17:00,ヤンマースタジアム長居,electronic,female,同行,,,,,2026-07-24 07:58:20,,2026-09-04 18:01:17,2026-08-27 05:10:56,,sold,1,30000,"初期当選、すり替えなし、有効期限内名義、2名義中2名義目。
どちらも前回スタンド名義ですがチケホル未登録
すり替えなしのため全ての名義の会員番号下2桁をお伝え致...",False
sold_milesixtones-2026_1784886393260_40000,1784886393260,milesixtones-2026,2026-11-07,17:00,ヤンマースタジアム長居,electronic,female,同行,,,,,2026-07-24 09:46:33,,2026-09-04 18:01:17,2026-08-27 05:10:56,,sold,1,40000,"同時入場、同行チケットになります。
初期当選、アリツア落選、初当選名義。
有効期限内 、重複なし、すり替えなし、下3桁掲示可能

日にちが近づきましたら、待ち合...",False
sold_milesixtones-2026_1785126161380_33000,1785126161380,milesixtones-2026,2026-11-07,17:00,ヤンマースタジアム長居,electronic,female,前日ログイン情報お伝えします,,,,,2026-07-27 04:22:41,,2026-09-04 18:01:17,2026-08-27 05:10:56,,sold,2,33000,"当選歴無し/重複すり替えなし/入場後サイチェン可/下3桁提示可/有効期限内/郵送物戻り無し/

前日までにログイン情報お伝えします。

入場後すぐに受取評価、ロ...",False
sold_milesixtones-2026_1785133047465_14000,1785133047465,milesixtones-2026,2026-11-07,17:00,ヤンマースタジアム長居,electronic,female,ランダム配布,,,,,2026-07-27 06:17:27,,2026-09-04 18:01:17,2026-08-27 05:10:56,,sold,2,14000,入場後はチケットを一旦こちらで回収し、当方が座席選択をした後にランダムでお渡し致します。開演15分前までのお渡しです。ご購入者様が座席を選択することはできません...,False
sold_milesixtones-2026_1784885336939_35000,1784885336939,milesixtones-2026,2026-11-07,17:00,ヤンマースタジアム長居,electronic,female,公演日までにログイン情報共有,,,,,2026-07-24 09:28:56,,2026-09-04 18:01:17,2026-08-27 05:10:56,,sold,2,35000,"2連QR毎 下３桁提示可能 有効期限内
公演中止の場合のみ返金対応可
過去当選歴:まいるアリツア落選のみ",False
sold_milesixtones-2026_1784902603706_25000,1784902603706,milesixtones-2026,2026-11-07,17:00,ヤンマースタジアム長居,electronic,female,同行,,,,,2026-07-24 14:16:43,,2026-09-04 18:01:17,2026-08-27 05:10:56,,sold,2,25000,"FC先行/初期当選/2名義中2番手/下3桁提示可能
・公演当日は開場時間30分前を目安に会場付近で集合し同時入場していただきます。座席を選ぶ際に実際に座席を見に...",False
sold_milesixtones-2026_1785026359983_18000,1785026359983,milesixtones-2026,2026-11-07,17:00,ヤンマースタジアム長居,electronic,female,ランダム配布,,,,,2026-07-26 00:39:19,,2026-09-04 18:01:17,2026-08-27 05:10:56,,sold,1,18000,"公演当日こちらが指定した場所で待ち合わせし、同時入場して頂きます。
詳細は前日までにお知らせいたします。
・入場後発券したチケットは一度回収し、座席選択後ランダ...",False
sold_milesixtones-2026_1784869537656_30000,1784869537656,milesixtones-2026,2026-11-07,17:00,ヤンマースタジアム長居,electronic,none,同行,,,,,2026-07-24 05:05:37,,2026-09-04 18:01:17,2026-08-27 05:10:56,,sold,2,30000,"【条件あり】
チケットを複数所持しております。同時入場後にチケットを一旦回収し、開演5分前を目処に再集合の上チケットをお渡しさせていただきます。座席についてのク...",False
sold_milesixtones-2026_1785592792372_14000,1785592792372,milesixtones-2026,2026-11-07,17:00,ヤンマースタジアム長居,electronic,none,ランダム配布,,,,,2026-08-01 13:59:52,,2026-09-04 18:01:17,2026-08-27 05:10:56,,sold,2,14000,"◎お取引初心者の方でも安心してお取引できるよう対応いたします。分からないことがあればお気軽にご質問ください。

下記内容をよくお読みいただき理解した上でご購入く...",False
sold_milesixtones-2026_1784894697577_22000,1784894697577,milesixtones-2026,2026-11-07,17:00,ヤンマースタジアム長居,electronic,female,同時入場,,,,,2026-07-24 12:04:57,,2026-09-04 18:01:17,2026-08-27 05:10:56,,sold,2,22000,"４名義中４番手のお譲り
プラベル出品可/全て２連当選/すり替えなし/該当名義/初期当選/当選名義下３桁提示/有効期限内/Pay-easy入金/着ブロ指定なし/サ...",False
sold_milesixtones-2026_1785056501792_30000,1785056501792,milesixtones-2026,2026-11-08,17:00,ヤンマースタジアム長居,electronic,female,同時入場,,,,,2026-07-26 09:01:41,,2026-09-04 18:01:17,2026-08-27 05:10:56,,sold,1,30000,"3名義中2番手(単番QR3名義所持)すり替えなし サイチェン可 有効期限内 同一決済なし 会員番号下3桁提示可

・当日、当方が指定する集合場所にて開場時間の1...",False
sold_milesixtones-2026_1784942948614_42000,1784942948614,milesixtones-2026,2026-11-08,17:00,ヤンマースタジアム長居,electronic,female,公演日前日にQRコード共有　QR毎　下3桁提示可,,,,,2026-07-25 01:29:08,,2026-09-04 18:01:17,2026-08-27 05:10:56,,sold,2,42000,"公演日前日にQR共有・QR毎・下３桁提示可・FC初期当選・重複すり替えなし・有効期限内・クレカ決済(同一クレカなし)・着ブロなし・郵便戻りなし

・前回当選歴...",False
sold_milesixtones-2026_1785843982317_32000,1785843982317,milesixtones-2026,2026-11-08,17:00,ヤンマースタジアム長居,electronic,female,同行,,,,,2026-08-04 11:46:22,,2026-09-04 18:01:17,2026-08-27 05:10:56,,sold,1,32000,"3名義中1番手 すり替えなし 下3桁提示可能 期限内名義 

開演1時間半前頃に会場付近にて待ち合わせの上同時入場致します。
遅刻された場合も受け取りしていただ...",False
sold_milesixtones-2026_1785152666491_15000,1785152666491,milesixtones-2026,2026-11-08,17:00,ヤンマースタジアム長居,electronic,female,同行,,,,,2026-07-27 11:44:26,,2026-09-04 18:01:17,2026-08-27 05:10:56,,sold,2,15000,"ファンクラブ先行 座席未定/着ブロのみ2名義中2番手/すり替えなし/初期当選のみ/下3桁提示可能/全て有効期限内 

以下の条件を必ずご理解した上でご購入お願い...",False
sold_milesixtones-2026_1784872474986_16000,1784872474986,milesixtones-2026,2026-11-08,17:00,ヤンマースタジアム長居,electronic,female,同行,,,,,2026-07-24 05:54:34,,2026-09-04 18:01:17,2026-08-27 05:10:56,,sold,2,16000,【入場時ランダムエラーの場合の全額返金保証、立見なし】コメントいただければプラベル切り替え可能。ランダムのお渡しとなり、購入者様の座席選択権はありませんことご理...,False
sold_milesixtones-2026_1784946707418_36000,1784946707418,milesixtones-2026,2026-11-08,17:00,ヤンマースタジアム長居,electronic,female,公演前日までにログイン情報共有,,,,,2026-07-25 02:31:47,,2026-09-04 18:01:17,2026-08-27 05:10:56,,sold,2,36000,"初期当選/アリツア落選名義/下3桁提示可/有効期限内

公演中止の場合のみ返金
それ以外の本人確認等で入場できなかった、
ランダムエラー、体調不良等ご自身の都合...",False
bi06lnjtjy,1787465549771,milesixtones-2026,2026-11-08,17:00,ヤンマースタジアム長居,electronic,female,公演日1日前までにQRコード共有,E,5.0,,QR,2026-08-23 06:12:29,,2026-08-28 20:01:18,,,deleted,1,29999,"⚠️
プライベート出品に切り替えますのでメッセージお願いいたします。

QR毎/初期当選/有効期限内/郵送物戻りなし/着ブロ希望なし/同一クレカなし/下3桁提示...",True
sold_milesixtones-2026_1784877411168_28000,1784877411168,milesixtones-2026,2026-11-08,17:00,ヤンマースタジアム長居,electronic,none,少人数ランダム(2名義での入場) サイチェン可 中相場買取可,,,,,2026-07-24 07:16:51,,2026-09-04 18:01:17,2026-08-27 05:10:56,,sold,1,28000,"同時入場後チケットを一度回収しこちらでチケットを選んだ後、ランダム配布いたします。そのため座席はお選びいただけません。
お渡しまでにお時間をいただく可能性がござ...",False
sold_milesixtones-2026_1785843725052_10000,1785843725052,milesixtones-2026,2026-11-08,17:00,ヤンマースタジアム長居,electronic,female,同行,,,,,2026-08-04 11:42:05,,2026-09-04 18:01:17,2026-08-27 05:10:56,,sold,2,10000,"ぽ様専用出品
残り1.5/枚当日手渡し

3名義中2番手 すり替えなし 下3桁提示可能 期限内名義 

開演1時間半前頃に会場付近にて待ち合わせの上同時入場致し...",False
sold_milesixtones-2026_1786119053123_41000,1786119053123,milesixtones-2026,2026-11-08,17:00,ヤンマースタジアム長居,electronic,male,公演日前日にQR共有,,,,,2026-08-07 16:10:53,,2026-09-04 18:01:17,2026-08-27 05:10:56,,sold,2,41000,"初期当選有効期限内名義 QR毎2連

✨前回前々回スタンド・アリツア落選✨

プラベル通しのみ。(1.0/枚プラベル通し残り当日手渡し優先)

・代表者の同意可...",False
sold_milesixtones-2026_1784874136471_55000,1784874136471,milesixtones-2026,2026-11-08,17:00,ヤンマースタジアム長居,electronic,female,公演日前日までにQRコード共有,,,,,2026-07-24 06:22:16,,2026-09-04 18:01:17,2026-08-27 05:10:56,,sold,2,55000,"QR毎/初期当選/アリツア落選名義/重複すり替えなし/着ブロ希望なし/下3桁提示可能｜有効期限内/発送物戻りなし
公演前日夜にログインに必要な情報をお伝えします...",False
sold_milesixtones-2026_1784877372708_15000,1784877372708,milesixtones-2026,2026-11-08,17:00,ヤンマースタジアム長居,electronic,none,少人数ランダム(2名義での入場) サイチェン可 中相場買取可,,,,,2026-07-24 07:16:12,,2026-09-04 18:01:17,2026-08-27 05:10:56,,sold,1,15000,"同時入場後チケットを一度回収しこちらでチケットを選んだ後、ランダム配布いたします。そのため座席はお選びいただけません。
お渡しまでにお時間をいただく可能性がござ...",False
sold_milesixtones-2026_1784906913455_25000,1784906913455,milesixtones-2026,2026-11-08,17:00,ヤンマースタジアム長居,electronic,female,同行,,,,,2026-07-24 15:28:33,,2026-09-04 18:01:17,2026-08-27 05:10:56,,sold,1,25000,"初期当選/有効期限内/すり替えなし/2名義中2番手/下3桁提示可/着ブロ指定なし

・当日はこちらが指定した場所にて開場30分前に待ち合わせし、同時入場していた...",False
sold_milesixtones-2026_1785155342349_20000,1785155342349,milesixtones-2026,2026-11-08,17:00,ヤンマースタジアム長居,electronic,female,同行,,,,,2026-07-27 12:29:02,,2026-09-04 18:01:17,2026-08-27 05:10:56,,sold,2,20000,"【即2.5】FC先行 座席未定  2名義中2番手 すり替えなし 初期当選 有効期限内名義  

当日、開場の45分前頃にこちらが指定した場所で待ち合わせし同時入...",False
sold_milesixtones-2026_1784869840778_40000,1784869840778,milesixtones-2026,2026-11-08,17:00,ヤンマースタジアム長居,electronic,none,公演日当日にQRコード共有,,,,,2026-07-24 05:10:40,,2026-09-04 18:01:17,2026-08-27 05:10:56,,sold,2,40000,"FC先行 座席未定QR／初期選／重複・す
り替えなし／下3桁提示可能／有効期限内
公演日に連絡ボードにて必要な情報をお伝えします。
お席に関するクレーム・送金停...",False
sold_milesixtones-2026_1786432866233_12500,1786432866233,milesixtones-2026,2026-11-08,17:00,ヤンマースタジアム長居,electronic,female,ランダムでのお渡し,,,,,2026-08-11 07:21:06,,2026-09-04 18:01:17,2026-08-27 05:10:56,,sold,2,12500,"重複当選のためランダム配布です。
複数名義所持の為、発券後一度チケットを回収し選ばせていただきます。座席券はこちらで決めてお渡しします。極力早くチケットをお渡し...",False
sold_milesixtones-2026_1785165700716_17580,1785165700716,milesixtones-2026,2026-11-08,17:00,ヤンマースタジアム長居,electronic,female,3名義中3番手,,,,,2026-07-27 15:21:40,,2026-09-04 18:01:17,2026-08-27 05:10:56,,sold,2,17580,"初期当選/3名義中3番手/すり替えなし/下3桁提示可

・待ち合わせ場所や時間などの詳細は決まり次第ご連絡いたします。集合時間に遅れた場合は待たずに入場いたしま...",False
sold_milesixtones-2026_1784880777495_10000,1784880777495,milesixtones-2026,2026-11-08,17:00,ヤンマースタジアム長居,electronic,female,同行,,,,,2026-07-24 08:12:57,,2026-09-04 18:01:17,2026-08-27 05:10:56,,sold,1,10000,"【当日手渡し4.5  合計5.5】
購入時はこちらの注意事項をご一読後、ご理解いただけましたら必要事項明記の上メッセージをお送りください。
確認できましたらプラ...",False
sold_milesixtones-2026_1784983734683_60000,1784983734683,milesixtones-2026,2026-11-08,17:00,ヤンマースタジアム長居,electronic,female,公演日前日にログイン共有,,,,,2026-07-25 12:48:54,,2026-09-04 18:01:17,2026-08-27 05:10:56,,sold,1,60000,"QR毎/初期当選/すり替えなし/下3桁提示可能/有効期限内名義/アリツア落選名義/着ブロ希望なし

・公演前日夜にログイン情報を共有します。
・当日入場後は、速...",False
sold_milesixtones-2026_1784871423886_45000,1784871423886,milesixtones-2026,2026-11-08,17:00,ヤンマースタジアム長居,electronic,female,公演日前日までにQRコード共有,,,,,2026-07-24 05:37:03,,2026-09-04 18:01:17,2026-08-27 05:10:56,,sold,2,45000,"FC先行 / 初期当選/ 座席未定 / QR毎 /下3桁提示可/ 有効期限内 / 発送物戻りなし/着ブロ希望なし/ 同一クレカなし

プラベ出品対応可能

最終...",False
sold_milesixtones-2026_1784902752347_25000,1784902752347,milesixtones-2026,2026-11-08,17:00,ヤンマースタジアム長居,electronic,female,同行,,,,,2026-07-24 14:19:12,,2026-09-04 18:01:17,2026-08-27 05:10:56,,sold,1,25000,"FC先行/初期当選/2名義中2番手/下3桁提示可能
・公演当日は開場時間30分前を目安に会場付近で集合し同時入場していただきます。座席を選ぶ際に実際に座席を見に...",False
sold_milesixtones-2026_1784893458920_40000,1784893458920,milesixtones-2026,2026-11-08,17:00,ヤンマースタジアム長居,electronic,none,公演日前日にログイン情報共有,,,,,2026-07-24 11:44:18,,2026-09-04 18:01:17,2026-08-27 05:10:56,,sold,2,40000,"初期当選/座席未定/重複すり替えなし/有効期限内／下三桁提示可/着ブロ指定なし/郵送物戻りなし

公演前日にマイページの連絡ボードにてログイン情報お伝えします。...",False
sold_milesixtones-2026_1785310455316_39900,1785310455316,milesixtones-2026,2026-11-08,17:00,ヤンマースタジアム長居,electronic,female,公演前日ログイン情報共有,,,,,2026-07-29 07:34:15,,2026-09-04 18:01:17,2026-08-27 05:10:56,,sold,2,39900,"QR毎 初期当選 下3桁提示可 重複すり替えなし 発送物戻り無し 着席指定無し 有効期限内 

 公演前日にログイン情報をお伝えいたします。公演中止の場合のみ返...",False
sold_milesixtones-2026_1784979887083_11000,1784979887083,milesixtones-2026,2026-11-08,17:00,ヤンマースタジアム長居,electronic,female,同行,,,,,2026-07-25 11:44:47,,2026-09-04 18:01:17,2026-08-27 05:10:56,,sold,1,11000,"少人数ランダム配布、開演30分前にチケットをお渡しします。
有効期限内、発送物戻りエラー無し
公演中止を除く如何なる場合もキャンセル不可です。",False
sold_milesixtones-2026_1784945267332_42000,1784945267332,milesixtones-2026,2026-11-08,17:00,ヤンマースタジアム長居,electronic,female,公演日1日前までにログイン情報共有,,,,,2026-07-25 02:07:47,,2026-09-04 18:01:17,2026-08-27 05:10:56,,sold,2,42000,"QR毎/2連/初期当選/座席未定/重複すり替えなし/有効期限内/下三桁提示可/着ブロ指定なし/郵送物戻りなし

公演前日までにマイページの連絡ボードにてログイン...",False
sold_milesixtones-2026_1784892782571_38000,1784892782571,milesixtones-2026,2026-11-21,16:30,日産スタジアム,paper,female,公演日当日,,,,,2026-07-24 11:33:02,,2026-09-04 18:01:17,2026-08-27 05:10:56,,sold,1,38000,"アリツア落選名義/すり替えなし/有効期限内名義/下3桁提示可能
それぞれ1枚申込（単番）の重複分、2名義中2番手のお譲りです。同行ではありません。

トラブル防...",False
sold_milesixtones-2026_1784893762692_15000,1784893762692,milesixtones-2026,2026-11-21,16:30,日産スタジアム,electronic,female,同行,,,,,2026-07-24 11:49:22,,2026-09-04 18:01:17,2026-08-27 05:10:56,,sold,2,15000,"3名義中3番手/初期当選/有効期限内/下三桁提示可/すりかえなし/着ブロなし

【当日の流れ】
集合時間や場所については前日の夜までにマイページにて連絡いたしま...",False
sold_milesixtones-2026_1784873752739_50000,1784873752739,milesixtones-2026,2026-11-21,16:30,日産スタジアム,electronic,female,同行,,,,,2026-07-24 06:15:52,,2026-09-04 18:01:17,2026-08-27 05:10:56,,sold,1,50000,"初期当選/有効期限内/郵便物戻りなし/アリツア落選名義/着席希望なし/
２連×2名義所持/すり替えなし/同時入場後に当方（2名）が選ばなかったチケットをお渡しし...",False
sold_milesixtones-2026_1785154676289_32000,1785154676289,milesixtones-2026,2026-11-21,16:30,日産スタジアム,paper,female,当日手渡し,,,,,2026-07-27 12:17:56,,2026-09-04 18:01:17,2026-08-27 05:10:56,,sold,2,32000,"QR毎/初期当選/今回初当選名義/アリツア落選名義/下3桁開示可能/有効期限内/発送物戻り無し

プライベート出品ご希望の方は購入前にご連絡ください。


ログ...",False
sold_milesixtones-2026_1785112483487_20000,1785112483487,milesixtones-2026,2026-11-21,16:30,日産スタジアム,paper,female,当日手渡し,,,,,2026-07-27 00:34:43,,2026-09-04 18:01:17,2026-08-27 05:10:56,,sold,2,20000,"2名義中2番手/初期当選/重複すり替えなし/下3桁提示可/着ブロ指定無し/有効期限内


プライベート出品orプラベルに変更いたしますので、ご希望の方はメッセー...",False
sold_milesixtones-2026_1785076438708_21500,1785076438708,milesixtones-2026,2026-11-21,16:30,日産スタジアム,electronic,female,同行,,,,,2026-07-26 14:33:58,,2026-09-04 18:01:17,2026-08-27 05:10:56,,sold,2,21500,"初期当選/有効期限内/すり替えなし/2名義中2番手/下3桁提示可/着ブロ指定なし

・当日の会場の電波が悪い可能性があるため、お名前(苗字)、当日連絡の取れる電...",False
sold_milesixtones-2026_1784870119762_70000,1784870119762,milesixtones-2026,2026-11-21,16:30,日産スタジアム,electronic,female,前日に共有,,,,,2026-07-24 05:15:19,,2026-09-04 18:01:17,2026-08-27 05:10:56,,sold,2,70000,"QR毎/アリツア落選名義/初期当選/重複すり替えなし/着ブロ希望なし/下3桁提示可能｜有効期限内/発送物戻りなし

公演前日夜にログインに必要な情報をお伝えしま...",False
sold_milesixtones-2026_1784894941227_18000,1784894941227,milesixtones-2026,2026-11-21,16:30,日産スタジアム,electronic,female,同時入場,,,,,2026-07-24 12:09:01,,2026-09-04 18:01:17,2026-08-27 05:10:56,,sold,2,18000,"５名義中５番手のお譲り
プラベル出品可/全て２連当選/すり替えなし/該当名義/初期当選/当選名義下３桁提示/有効期限内/Pay-easy入金/着ブロ指定なし/サ...",False
sold_milesixtones-2026_1784883858388_30999,1784883858388,milesixtones-2026,2026-11-21,16:30,日産スタジアム,electronic,female,公演日前日にログイン情報共有,,,,,2026-07-24 09:04:18,,2026-09-04 18:01:17,2026-08-27 05:10:56,,sold,2,30999," ⭐️着ブロ希望

QR毎/FC先行/座席未定/初期当選/下3桁提示可/有効期限内  

⭐️当選歴（チケホル有）
ヤングオールド大阪下段10-20列のみ

公...",False
sold_milesixtones-2026_1785119361742_35000,1785119361742,milesixtones-2026,2026-11-21,16:30,日産スタジアム,electronic,female,公演日前日にログイン情報をお伝えします,,,,,2026-07-27 02:29:21,,2026-09-04 18:01:17,2026-08-27 05:10:56,,sold,2,35000,"QR毎/初期当選/今回初当選名義/アリツア落選名義/下3桁開示可能/有効期限内/発送物戻り無し

ログイン情報は前日にお伝えします。
下3桁開示可能のため、ご購...",False
sold_milesixtones-2026_1784874201192_55000,1784874201192,milesixtones-2026,2026-11-21,16:30,日産スタジアム,electronic,female,公演日前日までにQRコード共有,,,,,2026-07-24 06:23:21,,2026-09-04 18:01:17,2026-08-27 05:10:56,,sold,2,55000,"QR毎/初期当選/アリツア落選名義/重複すり替えなし/着ブロ希望なし/下3桁提示可能｜有効期限内/発送物戻りなし
公演前日夜にログインに必要な情報をお伝えします...",False
sold_milesixtones-2026_1785104506202_35000,1785104506202,milesixtones-2026,2026-11-21,16:30,日産スタジアム,electronic,female,公演1日前にログイン情報共有,,,,,2026-07-26 22:21:46,,2026-09-04 18:01:17,2026-08-27 05:10:56,,sold,2,35000,"QR毎/初期当選//重複すり替えなし/着ブロ希望なし/下3桁提示可能｜有効期限内/発送物戻りなし

公演前日夜にログインに必要な情報をお伝えします。
当日は速や...",False
sold_milesixtones-2026_1784896064626_60000,1784896064626,milesixtones-2026,2026-11-21,16:30,日産スタジアム,electronic,female,同行,,,,,2026-07-24 12:27:44,,2026-09-04 18:01:17,2026-08-27 05:10:56,,sold,1,60000,"下3桁提示可／発送物不備なし／期限内／過去エラーなし
当方との同行になります。松村担不可
入場後チケットと座席を確認し当方の選ばなかったチケットをお渡しいたしま...",False
sold_milesixtones-2026_1785108026396_13000,1785108026396,milesixtones-2026,2026-11-21,16:30,日産スタジアム,electronic,female,同行,,,,,2026-07-26 23:20:26,,2026-09-04 18:01:17,2026-08-27 05:10:56,,sold,1,13000,【入場時ランダムエラーの場合の全額返金保証、立見なし】ランダムのお渡しとなり、購入者様の座席選択権はありませんことご理解下さい。(連番での落札は必ず連番のお譲り...,False
sold_milesixtones-2026_1785133308786_12000,1785133308786,milesixtones-2026,2026-11-21,16:30,日産スタジアム,electronic,female,ランダム配布,,,,,2026-07-27 06:21:48,,2026-09-04 18:01:17,2026-08-27 05:10:56,,sold,2,12000,入場後はチケットを一旦こちらで回収し、当方が座席選択をした後にランダムでお渡し致します。開演15分前までのお渡しです。ご購入者様が座席を選択することはできません...,False
sold_milesixtones-2026_1784926626303_31000,1784926626303,milesixtones-2026,2026-11-21,16:30,日産スタジアム,electronic,female,公演前日QRコード共有,,,,,2026-07-24 20:57:06,,2026-09-04 18:01:17,2026-08-27 05:10:56,,sold,2,31000,"QR毎/初期当選/アリツア落選名義/重複すり替えなし/着ブロ希望なし/下3桁提示可能｜有効期限内/発送物戻りなし

公演前日にログインに必要な情報をお伝えします...",False
sold_milesixtones-2026_1784889545226_18000,1784889545226,milesixtones-2026,2026-11-21,16:30,日産スタジアム,paper,female,当日手渡し,,,,,2026-07-24 10:39:05,,2026-09-04 18:01:17,2026-08-27 05:10:56,,sold,2,18000,"5名義中5番手　すり替えなし
全て有効期限内、初期当選、同一クレカ支払いなし、発送物戻り名義なし
下3桁提示可

・当日指定の時間に会場にて集合していただきます...",False
sold_milesixtones-2026_1784969321049_46000,1784969321049,milesixtones-2026,2026-11-21,16:30,日産スタジアム,electronic,female,同行,,,,,2026-07-25 08:48:41,,2026-09-04 18:01:17,2026-08-27 05:10:56,,sold,1,46000,"重複なし同行/下3桁提示可能/有効期限内

開場時間30分前に集合していただきます。詳細は連絡ボードにて送らせていたただきます。日本語の通じない方、未成年はご遠...",False
sold_milesixtones-2026_1786267607572_13000,1786267607572,milesixtones-2026,2026-11-21,16:30,日産スタジアム,electronic,female,同行,,,,,2026-08-09 09:26:47,,2026-09-04 18:01:17,2026-08-27 05:10:56,,sold,1,13000,"FC先行 座席未定/同行すり替えなし/着ブロ希望名義無／有効期限内／下3桁提示可能／サイチェン不可／アリツア落選名義

京本担と連番になります。

会場付近にて...",False
sold_milesixtones-2026_1784908011433_40000,1784908011433,milesixtones-2026,2026-11-21,16:30,日産スタジアム,electronic,female,公演前日までにQR共有,,,,,2026-07-24 15:46:51,,2026-09-04 18:01:17,2026-08-27 05:10:56,,sold,1,40000,"初期当選／QR毎／有効期限内／座席未定/下3桁提示可／発送物戻りなし

入場後は速やかに受取連絡とログアウトをお願いいたします。主催者からの公演中止発表以外、如...",False
sold_milesixtones-2026_1784903530900_25000,1784903530900,milesixtones-2026,2026-11-21,16:30,日産スタジアム,electronic,female,同行,,,,,2026-07-24 14:32:10,,2026-09-04 18:01:17,2026-08-27 05:10:56,,sold,2,25000,"FC先行/初期当選/3名義中2番手/下3桁提示可能
・公演当日は開場時間30分前を目安に会場付近で集合し同時入場していただきます。座席を選ぶ際に実際に座席を見に...",False
sold_milesixtones-2026_1785132776362_17000,1785132776362,milesixtones-2026,2026-11-21,16:30,日産スタジアム,electronic,female,当日同時入場,,,,,2026-07-27 06:12:56,,2026-09-04 18:01:17,2026-08-27 05:10:56,,sold,1,17000,"3名義中3番手/初期当選/有効期限内/下3桁提示可/コンビニ支払い/サイチェン可

チケットを複数所持しております。同時入場後にチケットを一旦回収し、3名義中3...",False
sold_milesixtones-2026_1784977496856_25000,1784977496856,milesixtones-2026,2026-11-22,16:30,日産スタジアム,electronic,female,同行,,,,,2026-07-25 11:04:56,,2026-09-04 18:01:17,2026-08-27 05:10:56,,sold,2,25000,"2名義中2番手/すり替えなし/有効期限内/下3桁提示可能/初期当選

2名義中2番手でのお譲りです。
同時入場後、1度チケットを回収しこちらが座席選択後すぐにお...",False
sold_milesixtones-2026_1784897488673_65000,1784897488673,milesixtones-2026,2026-11-22,16:30,日産スタジアム,electronic,female,同行,,,,,2026-07-24 12:51:28,,2026-09-04 18:01:17,2026-08-27 05:10:56,,sold,1,65000,"FC初期当選/有効期限内/重複すり替えなし/会員番号下3桁提示可

購入希望の方はメッセージにてお知らせください。
一部サイト通し・残り手渡しの対応も可能です。...",False
sold_milesixtones-2026_1784883479431_20000,1784883479431,milesixtones-2026,2026-11-22,16:30,日産スタジアム,electronic,female,同行,,,,,2026-07-24 08:57:59,,2026-09-04 18:01:17,2026-08-27 05:10:56,,sold,2,20000,"初期当選/有効期限内/下3桁提示可能、すり替えなし/着ブロ希望なし/本人確認不可

5名義中の5番手のチケットです。
公演当日は会場付近にて開場時間40分前を目...",False
sold_milesixtones-2026_1784990562600_28000,1784990562600,milesixtones-2026,2026-11-22,16:30,日産スタジアム,electronic,female,同行,,,,,2026-07-25 14:42:42,,2026-09-04 18:01:17,2026-08-27 05:10:56,,sold,2,28000,"初期当選/有効期限内/郵便物戻りなし/アリツア落選名義/着席希望なし/
２連×2名義所持/すり替えなし/同時入場後に当方（2名）が選ばなかったチケットをお渡しし...",False
sold_milesixtones-2026_1784902937567_35000,1784902937567,milesixtones-2026,2026-11-22,16:30,日産スタジアム,electronic,female,同行,,,,,2026-07-24 14:22:17,,2026-09-04 18:01:17,2026-08-27 05:10:56,,sold,1,35000,"4名義中 2番手 初期当選 Pay-easy決済 全有効期限内（変更ボタン有）すり替え無し 全名義下3桁提示可能

公演当日、開場約15分前に会場付近にて待ち合...",False
sold_milesixtones-2026_1784873782556_20000,1784873782556,milesixtones-2026,2026-11-22,16:30,日産スタジアム,electronic,female,ランダム配布,,,,,2026-07-24 06:16:22,,2026-09-04 18:01:17,2026-08-27 05:10:56,,sold,1,20000,"ランダム理解がある方のみご購入下さい。
チケットは発券後に一旦回収し座席確認や選択をこちらで致しますので、チケットお渡しまでにお時間を頂きます。チケット発券後は...",False
sold_milesixtones-2026_1784877181757_11000,1784877181757,milesixtones-2026,2026-11-22,16:30,日産スタジアム,electronic,female,ランダム配布,,,,,2026-07-24 07:13:01,,2026-09-04 18:01:17,2026-08-27 05:10:56,,sold,2,11000,"・同時入場していただき一度チケットを回収し、開演時間までにランダムでチケットをお渡しします。座席選択はできません。

・複数人で入場するため、QRコードの表示に...",False
sold_milesixtones-2026_1784909279110_21500,1784909279110,milesixtones-2026,2026-11-22,16:30,日産スタジアム,electronic,female,同時入場,,,,,2026-07-24 16:07:59,,2026-09-04 18:01:17,2026-08-27 05:10:56,,sold,1,21500,"⭐️必ず最後までご確認ください⭐️
8名義中3番手　
残り当日手渡し　4.0/1枚

FC先行 有効期限内/下3桁提示可/ すり替えなし

 ・入場後なるべく速...",False
sold_milesixtones-2026_1785076461746_10000,1785076461746,milesixtones-2026,2026-11-22,16:30,日産スタジアム,electronic,female,同行,,,,,2026-07-26 14:34:21,,2026-09-04 18:01:17,2026-08-27 05:10:56,,sold,2,10000,"指定席/ランダム配布   

・複数名義所持していますので、同時入場後一旦チケットを回収し、こちらでチケットを選択後にチケットをランダム配布いたします。
・開場...",False
sold_milesixtones-2026_1785132672866_22000,1785132672866,milesixtones-2026,2026-11-22,16:30,日産スタジアム,electronic,female,同行,,,,,2026-07-27 06:11:12,,2026-09-04 18:01:17,2026-08-27 05:10:56,,sold,2,22000,"FC先行 2名義中2番手 座席未定 有効期限内名義 すり替えなし 下3桁提示可 プラベル出品可

・公演当日開場時間前に会場付近にて待ち合わせし、同時入場してい...",False
sold_milesixtones-2026_1784941168965_25000,1784941168965,milesixtones-2026,2026-11-22,16:30,日産スタジアム,electronic,female,同時入場,,,,,2026-07-25 00:59:28,,2026-09-04 18:01:17,2026-08-27 05:10:56,,sold,2,25000,"4名義中2番手/すり替えなし/下三桁提示可/着ブロ指定無し/有効期限内

※購入する際はプライベート出品に切り替えさせて頂きますので購入希望の方は必ずメッセージ...",False
sold_milesixtones-2026_1784884501047_35000,1784884501047,milesixtones-2026,2026-11-22,16:30,日産スタジアム,electronic,female,同行,,,,,2026-07-24 09:15:01,,2026-09-04 18:01:17,2026-08-27 05:10:56,,sold,2,35000,"初期当選、すり替えなし、有効期限内名義、2名義中2番手。
会員番号下3桁お伝え可能。サイチェン可。
復活当選や制作開放等によって名義数が増えた場合も事前に必ずお...",False
sold_milesixtones-2026_1785076757590_10000,1785076757590,milesixtones-2026,2026-11-22,16:30,日産スタジアム,electronic,female,同行,,,,,2026-07-26 14:39:17,,2026-09-04 18:01:17,2026-08-27 05:10:56,,sold,2,10000,"指定席/ランダム配布   

・複数名義所持していますので、同時入場後一旦チケットを回収し、こちらでチケットを選択後にチケットをランダム配布いたします。
・開場...",False
sold_milesixtones-2026_1784903731792_25000,1784903731792,milesixtones-2026,2026-11-22,16:30,日産スタジアム,electronic,female,同行,,,,,2026-07-24 14:35:31,,2026-09-04 18:01:17,2026-08-27 05:10:56,,sold,2,25000,"FC先行/初期当選/2名義中2番手/下3桁提示可能
・公演当日は開場時間30分前を目安に会場付近で集合し同時入場していただきます。座席を選ぶ際に実際に座席を見に...",False
sold_milesixtones-2026_1785566775885_26000,1785566775885,milesixtones-2026,2026-11-22,16:30,日産スタジアム,electronic,female,入場後直接お手渡しします,,,,,2026-08-01 06:46:15,,2026-09-04 18:01:17,2026-08-27 05:10:56,,sold,1,26000,全て単番×3/3名義中2番手/初期当選/全て女性名義/全てアリツ落選名義/全て前回スタンド/サイチェン可/すり替えなし/下3桁提示可/全て有効期限内/全て発送物...,False
sold_milesixtones-2026_1785072727876_25000,1785072727876,milesixtones-2026,2026-11-22,16:30,日産スタジアム,electronic,female,同行,,,,,2026-07-26 13:32:07,,2026-09-04 18:01:17,2026-08-27 05:10:56,,sold,2,25000,"STFC先行　座席未定　
2名義中2番手アリツ落選名義　全名義有効期限内　2名義分の下3桁提示可能　同一クレカ決済なし　すり替えなし　着ブロなし

当日こちらが...",False
sold_milesixtones-2026_1784871230478_50000,1784871230478,milesixtones-2026,2026-11-22,16:30,日産スタジアム,electronic,none,初期当選、QR毎、重複すり替えなし、下3桁可能、有効期限内,,,,,2026-07-24 05:33:50,,2026-09-04 18:01:17,2026-08-27 05:10:56,,sold,2,50000,アリツア落選名義です。公演前日になりましたらログイン情報ご提示させていただきます。同行者同意まではこちらで操作して、親名義の同意は買い手様で操作可能です。入場後...,False
sold_milesixtones-2026_1784883140075_62000,1784883140075,milesixtones-2026,2026-11-22,16:30,日産スタジアム,electronic,female,公演日前日ログイン情報共有,,,,,2026-07-24 08:52:20,,2026-09-04 18:01:17,2026-08-27 05:10:56,,sold,2,62000,"QR毎/FC先行/着ブロ選択なし/座席未定/初期当選/下3桁提示可/有効期限内  

⭐️当選歴（チケホル有）
ヤングオールド東京2階のみ

公演日前日にログイ...",False
sold_milesixtones-2026_1784965552999_20000,1784965552999,milesixtones-2026,2026-11-22,16:30,日産スタジアム,electronic,female,同行,,,,,2026-07-25 07:45:52,,2026-09-04 18:01:17,2026-08-27 05:10:56,,sold,2,20000,"3名義中3番手
下3桁提示可能　本人確認不可　すり替えなし　有効期限内

こちらが指定した時間、場所に集合していただきます。開場時間15分前頃に待ち合わせの予定...",False
sold_milesixtones-2026_1784874117574_18000,1784874117574,milesixtones-2026,2026-11-22,16:30,日産スタジアム,paper,female,当日手渡し,,,,,2026-07-24 06:21:57,,2026-09-04 18:01:17,2026-08-27 05:10:56,,sold,1,18000,"・当日指定の時間に会場にて集合していただきます。10分以上の遅刻は待たずに入場、受け取り評価のみしていただきます。
・全員で同時入場し、1度こちらで全てのチケッ...",False
sold_milesixtones-2026_1784876027968_70000,1784876027968,milesixtones-2026,2026-11-22,16:30,日産スタジアム,electronic,female,公演日前日までにログイン情報共有,,,,,2026-07-24 06:53:47,,2026-09-04 18:01:17,2026-08-27 05:10:56,,sold,1,70000,"【条件なし/QRごと】 初期当選/有効期限内/Pay-easy決済/着ブロ希望なし/会員番号下3桁開示可能
当選歴なし、初当選名義

 下記、全てご了承頂ける方...",False
sold_milesixtones-2026_1785238452419_10000,1785238452419,milesixtones-2026,2026-11-22,16:30,日産スタジアム,electronic,none,同行,,,,,2026-07-28 11:34:12,,2026-09-04 18:01:17,2026-08-27 05:10:56,,sold,1,10000,"複数名義中ランダム配布

・開場30〜45分前に集合していただきます。集合場所は公演前日にお伝えいたします。

・入場後全てのチケットを回収し予めお伺いする【お...",False
sold_milesixtones-2026_1784899035431_58000,1784899035431,milesixtones-2026,2026-11-22,16:30,日産スタジアム,electronic,female,公演2日間前にログイン情報お伝え致します。,,,,,2026-07-24 13:17:15,,2026-09-04 18:01:17,2026-08-27 05:10:56,,sold,1,58000,"QR毎/FC先行/着ブロ選択なし/座席未定/初期当選/下3桁提示可/有効期限内  

座席に関するクレーム等は一切受け付けておりません。
ご購入頂いた後の、公演...",False
sold_milesixtones-2026_1784895826799_20000,1784895826799,milesixtones-2026,2026-11-22,16:30,日産スタジアム,paper,female,当日手渡し,,,,,2026-07-24 12:23:46,,2026-09-04 18:01:17,2026-08-27 05:10:56,,sold,2,20000,"FC先行 初期当選 2名義中2番手 チケ早渡し 下3桁提示可 有効期限内 

公演当日、会場付近にて待ち合わせし、同時入場していただきます。
入場後、1度チケッ...",False
sold_milesixtones-2026_1784895139981_20000,1784895139981,milesixtones-2026,2026-11-22,16:30,日産スタジアム,paper,female,同時入場,,,,,2026-07-24 12:12:19,,2026-09-04 18:01:17,2026-08-27 05:10:56,,sold,2,20000,"4名義中3番手になります。
価格は即決額になります。
プラベルにて出品し直しも可能ですので、ご希望の方はメッセージをください。

当日は同時入場後、一度チケット...",False
sold_milesixtones-2026_1784926979321_18000,1784926979321,milesixtones-2026,2026-11-22,16:30,日産スタジアム,electronic,female,ランダム配布,,,,,2026-07-24 21:02:59,,2026-09-04 18:01:17,2026-08-27 05:10:56,,sold,2,18000,"ランダム配布のため買い手様に座席選択権はありません。
チケットを複数所持しております。同時入場後にチケットを一旦回収し、開演10分前までに再集合の連絡をし、チケ...",False
sold_milesixtones-2026_1785066022235_10500,1785066022235,milesixtones-2026,2026-11-22,16:30,日産スタジアム,electronic,none,同時入場後手渡し,,,,,2026-07-26 11:40:22,,2026-09-04 18:01:17,2026-08-27 05:10:56,,sold,2,10500,"すり替えありランダム配布
複数名義所持しております。入場後全てチケットを一度回収し、解散します。こちらで席を選ばせていただいたあとにランダムでチケットをお渡しし...",False
sold_milesixtones-2026_1784870289120_40000,1784870289120,milesixtones-2026,2026-11-22,16:30,日産スタジアム,electronic,female,入金後24時間以内にQRコード共有,,,,,2026-07-24 05:18:09,,2026-09-04 18:01:17,2026-08-27 05:10:56,,sold,2,40000,下3桁提示可,False
sold_milesixtones-2026_1784872934363_60000,1784872934363,milesixtones-2026,2026-11-22,16:30,日産スタジアム,electronic,female,公演前日にログイン情報共有,,,,,2026-07-24 06:02:14,,2026-09-04 18:01:17,2026-08-27 05:10:56,,sold,2,60000,"前回スタンド/有効期限内/下3桁提示可能/過去エラーなし
✨️プラベル移行可能です✨️

QR毎2連でのお譲りです。
体調不良、本人確認、ランダムエラー、出演者...",False
sold_milesixtones-2026_1784887955465_55000,1784887955465,milesixtones-2026,2026-11-22,16:30,日産スタジアム,electronic,male,当日手渡し,,,,,2026-07-24 10:12:35,,2026-09-04 18:01:17,2026-08-27 05:10:56,,sold,1,55000,"QR毎/初期当選/重複すり替えなし/下3桁提示可/有効期限内/過去エラーなし名義/サイチェン可

公演当日、会場付近の指定した場所で開場30分前（予定）に待ち合...",False
sold_milesixtones-2026_1784941000720_12000,1784941000720,milesixtones-2026,2026-11-22,16:30,日産スタジアム,electronic,female,同時入場,,,,,2026-07-25 00:56:40,,2026-09-04 18:01:17,2026-08-27 05:10:56,,sold,2,12000,"4名義中4番手/すり替えなし/下三桁提示可/着ブロ指定無し/有効期限内

※購入する際はプライベート出品に切り替えさせて頂きますので購入希望の方は必ずメッセージ...",False
sold_milesixtones-2026_1784869914703_49999,1784869914703,milesixtones-2026,2026-11-22,16:30,日産スタジアム,electronic,none,公演日当日QRコード共有,,,,,2026-07-24 05:11:54,,2026-09-04 18:01:17,2026-08-27 05:10:56,,sold,2,49999,"FC先行 座席未定QR／初期選／重複・す
り替えなし／下3桁提示可能／有効期限内
公演日に連絡ボードにて必要な情報をお伝えします。
お席に関するクレーム・送金停...",False
sold_milesixtones-2026_1784987893424_22000,1784987893424,milesixtones-2026,2026-11-22,16:30,日産スタジアム,electronic,female,同行,,,,,2026-07-25 13:58:13,,2026-09-04 18:01:17,2026-08-27 05:10:56,,sold,2,22000,"2名義中2番手

初期当選/有効期限内/すり替えなし/下3桁提示可能/サイチェン可

複数名義所持しておりますので同時入場後、当方が座席選択した後にチケットをお...",False
sold_milesixtones-2026_1784888961355_15000,1784888961355,milesixtones-2026,2026-11-22,16:30,日産スタジアム,electronic,female,同行,,,,,2026-07-24 10:29:21,,2026-09-04 18:01:17,2026-08-27 05:10:56,,sold,2,15000,当日は開場時間の15~30分前頃にこちらが指定した場所に集合していただき同時入場後、先に当方が座席選択した後チケットをランダムにお渡しします。座席は選択できませ...,False
sold_milesixtones-2026_1784880743710_21000,1784880743710,milesixtones-2026,2026-11-22,16:30,日産スタジアム,electronic,female,ランダム配布,,,,,2026-07-24 08:12:23,,2026-09-04 18:01:17,2026-08-27 05:10:56,,sold,1,21000,"【条件あり】
複数名義所持の為、発券後、一度チケットを回収し選ばせていただきます。座席を選ぶのにお時間いただく場合がございます。開演10分前までにはチケットお渡...",False
sold_milesixtones-2026_1784882193135_62000,1784882193135,milesixtones-2026,2026-11-22,16:30,日産スタジアム,electronic,female,公演日前日にログイン情報共有,,,,,2026-07-24 08:36:33,,2026-09-04 18:01:17,2026-08-27 05:10:56,,sold,2,62000,"初期当選/有効期限内/重複すり替え無し/下3桁提示可/発送物戻り無し/着ブロ指定無し/アリーナツアー・ドームツアー共に当選歴なし

・公演前日にログイン情報をお...",False
sold_milesixtones-2026_1785830552344_11000,1785830552344,milesixtones-2026,2026-11-22,16:30,日産スタジアム,electronic,female,ランダム配布,,,,,2026-08-04 08:02:32,,2026-09-04 18:01:17,2026-08-27 05:10:56,,sold,2,11000,"【ランダム配布】
上乗せで早渡し可/中相場買取可
プライベート出品に変更致しますので購入希望の方はコメントお願いいたします。

複数名義所持のため、同時入場後1...",False
sold_milesixtones-2026_1785054312855_24000,1785054312855,milesixtones-2026,2026-11-22,16:30,日産スタジアム,electronic,female,同行,,,,,2026-07-26 08:25:12,,2026-09-04 18:01:17,2026-08-27 05:10:56,,sold,2,24000,"4名義中2番手/初期当選/有効期限内名義/すり替えなし/下3桁提示可能

4名義中2番手でのお譲りです。

当日会場にて待ち合わせ、同時入場していただきます。...",False
sold_milesixtones-2026_1784941119737_15000,1784941119737,milesixtones-2026,2026-11-22,16:30,日産スタジアム,electronic,female,同時入場,,,,,2026-07-25 00:58:39,,2026-09-04 18:01:17,2026-08-27 05:10:56,,sold,2,15000,"4名義中3番手/すり替えなし/下三桁提示可/着ブロ指定無し/有効期限内

※購入する際はプライベート出品に切り替えさせて頂きますので購入希望の方は必ずメッセージ...",False
sold_milesixtones-2026_1784986757656_15000,1784986757656,milesixtones-2026,2026-11-22,16:30,日産スタジアム,electronic,female,同時入場,,,,,2026-07-25 13:39:17,,2026-09-04 18:01:17,2026-08-27 05:10:56,,sold,1,15000,"6名義中5番手/すり替えなし/下3桁提示可能/有効期限内名義

プライベート出品に切り替えますので
お取引希望の方はメッセージお願いいたします。

ご購入前に必...",False
sold_milesixtones-2026_1784900794716_36155,1784900794716,milesixtones-2026,2026-11-22,16:30,日産スタジアム,electronic,female,同行,,,,,2026-07-24 13:46:34,,2026-09-04 18:01:17,2026-08-27 05:10:56,,sold,1,36155,公演中止以外いかなる場合も返金は致しかねます。,False
sold_milesixtones-2026_1784896132862_20000,1784896132862,milesixtones-2026,2026-11-22,16:30,日産スタジアム,electronic,female,ランダム配布,,,,,2026-07-24 12:28:52,,2026-09-04 18:01:17,2026-08-27 05:10:56,,sold,2,20000,入場後はチケットを一旦こちらで回収し、当方が座席選択をした後にランダムでお渡し致します。開演15分前までのお渡しです。ご購入者様が座席を選択することはできません...,False
sold_milesixtones-2026_1785313673624_49000,1785313673624,milesixtones-2026,2026-11-22,16:30,日産スタジアム,electronic,female,公演日前日にログイン情報共有,,,,,2026-07-29 08:27:53,,2026-09-04 18:01:17,2026-08-27 05:10:56,,sold,1,49000,"QR毎/初期当選/着席ブロック希望なし/重複すり替えなし/下3桁提示可/有効期限内/

入場後は速やかにログアウト・受け取り通知をお願いいたします。
座席に関す...",False
sold_milesixtones-2026_1785138986219_21000,1785138986219,milesixtones-2026,2026-11-22,16:30,日産スタジアム,electronic,female,同行,,,,,2026-07-27 07:56:26,,2026-09-04 18:01:17,2026-08-27 05:10:56,,sold,2,21000,"FC先行 2名義中2番手 座席未定 有効期限内名義 すり替えなし 下3桁提示可 コンビニ支払

・公演当日開場時間前に会場付近にて待ち合わせし、同時入場していた...",False
sold_milesixtones-2026_1784876808738_52500,1784876808738,milesixtones-2026,2026-11-22,16:30,日産スタジアム,electronic,female,公演前日QR共有,,,,,2026-07-24 07:06:48,,2026-09-04 18:01:17,2026-08-27 05:10:56,,sold,2,52500,"FC先行 座席未定QR／初期当選／重複なし／すり替えなし／下3桁提示可能／有効期限内

公演前日に連絡ボードにて必要な情報をお伝えします。
お席に関するクレーム...",False
sold_milesixtones-2026_1784915288875_35000,1784915288875,milesixtones-2026,2026-11-22,16:30,日産スタジアム,electronic,female,公演当日にQRコード共有,,,,,2026-07-24 17:48:08,,2026-09-04 18:01:17,2026-08-27 05:10:56,,sold,1,35000,"初期当選/有効期限内/重複すり替え無し/下3桁提示可/発送物戻りなし/着ブロ指定なし/アリツ落選

公演日当日にログイン情報をお伝えします。同意チェックはご自身...",False
sold_milesixtones-2026_1786417186739_16000,1786417186739,milesixtones-2026,2026-11-22,16:30,日産スタジアム,electronic,female,同行,,,,,2026-08-11 02:59:46,,2026-09-04 18:01:17,2026-08-27 05:10:56,,sold,2,16000,"★４名義中４番手のお譲り
すり替えなし/初期当選/当選名義下３桁提示可/有効期限内/全て女性名義

・公演当日開場時間近くに会場付近にて待ち合わせし、同時入場し...",False
sold_milesixtones-2026_1784902413741_19000,1784902413741,milesixtones-2026,2026-11-22,16:30,日産スタジアム,paper,female,当日手渡し,,,,,2026-07-24 14:13:33,,2026-09-04 18:01:17,2026-08-27 05:10:56,,sold,1,19000,"5名義中4番手⚠️残り1枚　すり替えなし　
全て有効期限内、初期当選、同一クレカ支払いなし、発送物戻り名義なし
下3桁提示可

・当日指定の時間に会場にて集合し...",False
sold_milesixtones-2026_1784888414773_40000,1784888414773,milesixtones-2026,2026-11-22,16:30,日産スタジアム,electronic,female,同行,,,,,2026-07-24 10:20:14,,2026-09-04 18:01:17,2026-08-27 05:10:56,,sold,2,40000,"【5名義中2番手】すり替えなし(会員番号下3桁提示可能)・有効期限内名義/ペイジー、コンビニ払い、クレカの場合は同一決済なし。

・当日は開場の30分前(予定)...",False
sold_milesixtones-2026_1784870576522_75000,1784870576522,milesixtones-2026,2026-11-22,16:30,日産スタジアム,electronic,female,公演日前日までにQRコード共有,,,,,2026-07-24 05:22:56,,2026-09-04 18:01:17,2026-08-27 05:10:56,,sold,1,75000,"FC先行/初期当選/QRのお譲り/購入後下3桁提示可/すり替え重複なし/有効期限内/郵便物戻りなし/着ブロ指定なし/京本名義
当選履歴無い、今回は初めての当選で...",False
sold_milesixtones-2026_1784885105796_19999,1784885105796,milesixtones-2026,2026-11-22,16:30,日産スタジアム,electronic,female,4名義中4番手,,,,,2026-07-24 09:25:05,,2026-09-04 18:01:17,2026-08-27 05:10:56,,sold,1,19999,"4名義中4番手/FC先行/座席未定/初期当選/下3桁提示可/有効期限内 

公演当日【14:00】会場付近にて集合予定
詳細は連絡ボードにて連絡いたします。...",False
sold_milesixtones-2026_1785544282320_25000,1785544282320,milesixtones-2026,2026-11-22,16:30,日産スタジアム,electronic,female,同行,,,,,2026-08-01 00:31:22,,2026-09-04 18:01:17,2026-08-27 05:10:56,,sold,2,25000,"3名義2番手 プライベート出品に変更しますので購入前にコメントお願いいたします 

初期当選  着ブロ無 下3桁提示可能 有効期限内 郵送物戻り無し すり替えな...",False
sold_milesixtones-2026_1784941094037_40000,1784941094037,milesixtones-2026,2026-11-22,16:30,日産スタジアム,electronic,female,公演日2日前までにQRコード共有,,,,,2026-07-25 00:58:14,,2026-09-04 18:01:17,2026-08-27 05:10:56,,sold,1,40000,"座席未定　FC先行　初期当選QR毎のお譲り　重複すり替えなし　

・公演2日前に連絡ボードにてログイン情報をお伝えします。入場後は速やかにログアウト、受け取り通...",False
sold_milesixtones-2026_1784869624866_25000,1784869624866,milesixtones-2026,2026-11-22,16:30,日産スタジアム,electronic,none,同行,,,,,2026-07-24 05:07:04,,2026-09-04 18:01:17,2026-08-27 05:10:56,,sold,2,25000,"【条件あり】
チケットを複数所持しております。同時入場後にチケットを一旦回収し、開演5分前を目処に再集合の上チケットをお渡しさせていただきます。座席についてのク...",False
sold_milesixtones-2026_1785509575755_43000,1785509575755,milesixtones-2026,2026-11-22,16:30,日産スタジアム,electronic,female,公演日7日前までにQRコード共有,,,,,2026-07-31 14:52:55,,2026-09-04 18:01:17,2026-08-27 05:10:56,,sold,2,43000,"🌟🌟🌟🌟🌟
なさん、大変申し訳ございません。
こちらの間違いで専用出品中にも関わらずチケットを削除してしまいました。
お手数お掛け致しますが、もしよろ...",False
sold_milesixtones-2026_1784880620919_20000,1784880620919,milesixtones-2026,2026-11-22,16:30,日産スタジアム,electronic,female,同行,,,,,2026-07-24 08:10:20,,2026-09-04 18:01:17,2026-08-27 05:10:56,,sold,2,20000,"必ず説明欄の全てを確認してからご購入ください。ご購入された時点で全てに同意したこととします。

指定席のみランダム配布。
お渡し出来る座席が決まりましたら出来る...",False
sold_milesixtones-2026_1785737021389_23000,1785737021389,milesixtones-2026,2026-11-22,16:30,日産スタジアム,electronic,female,番手,,,,,2026-08-03 06:03:41,,2026-09-04 18:01:17,2026-08-27 05:10:56,,sold,2,23000,"6名義中3番手　すり替えなし　
全て有効期限内、初期当選、同一クレカ支払いなし、発送物戻り名義なし
下3桁提示可

・当日指定の時間に会場にて集合していただきま...",False
sold_milesixtones-2026_1784887784954_18000,1784887784954,milesixtones-2026,2026-11-22,16:30,日産スタジアム,electronic,female,同行,,,,,2026-07-24 10:09:44,,2026-09-04 18:01:17,2026-08-27 05:10:56,,sold,2,18000,"【5名義中5番手】すり替えなし(会員号下3桁提示可能)・有効期限内名義/ペイジー、コンビニ払い、クレカの場合は同一決済なし。
・当日は開場の30分前(予定)に会...",False
sold_milesixtones-2026_1784887956715_23000,1784887956715,milesixtones-2026,2026-11-22,16:30,日産スタジアム,electronic,female,同行,,,,,2026-07-24 10:12:36,,2026-09-04 18:01:17,2026-08-27 05:10:56,,sold,2,23000,"【5名義中4番手】すり替えなし(会員号下3桁提示可能)・有効期限内名義/ペイジー、コンビニ払い、クレカの場合は同一決済なし。

・当日は開場の30分前(予定)に...",False
sold_milesixtones-2026_1784958085431_25853,1784958085431,milesixtones-2026,2026-11-22,16:30,日産スタジアム,electronic,female,当日同時入場,,,,,2026-07-25 05:41:25,,2026-09-04 18:01:17,2026-08-27 05:10:56,,sold,1,25853,"11/22 2名義中2番手 【1枚】(2連中の1枚)

 ・公演当日は開場30分前頃に会場付近に集合し、同時入場して頂きます。（集合時間は予定ですので前後する場...",False
sold_milesixtones-2026_1784882105297_60000,1784882105297,milesixtones-2026,2026-11-22,16:30,日産スタジアム,electronic,female,公演前日にログイン情報共有,,,,,2026-07-24 08:35:05,,2026-09-04 18:01:17,2026-08-27 05:10:56,,sold,2,60000,"初期当選/2連QR毎/重複すり替えなし/下3桁提示可/有効期限内/着ブロ希望なし/発送物戻りなし/アリツ落選

🌟プライベート出品に変更しますのでメッセージく...",False
b80ekgy4uk,1787842141297,milesixtones-2026,2026-09-19,17:30,味の素スタジアム,electronic,female,2名義中2番手,ぽ,5.0,,番手,2026-08-27 14:49:01,,2026-09-04 18:01:17,2026-09-02 11:01:12,transition_observed,sold,2,25000,2名義中2番手にてお譲り。（定価手数料~即決25000）定価手数料チケテン通し、残り手渡し希望のためご購入される方はコメントお願いいたします。価格相談お気軽にど...,True
quqig7qt57,1787839825057,milesixtones-2026,2026-09-19,17:30,味の素スタジアム,electronic,female,同行,あ,5.0,,同行,2026-08-27 14:10:25,,2026-08-28 15:01:13,,,deleted,1,30000,"当方と同行。金額ご提示ください
重複なし　初期当選

会場付近にて待ち合わせをし、入場後、一旦チケットお渡しし、その場で受け取り評価をお願いいたします。チケット...",True
0kvxaovut6,1787845772287,milesixtones-2026,2026-09-19,17:30,味の素スタジアム,electronic,female,同行,yu,5.0,,同行,2026-08-27 15:49:32,,2026-08-28 16:01:17,,,deleted,1,35000,"初期当選/重複すり替え無し/有効期限内/下3桁提示可能/着ブロ指定無し/松村担不可
※プラベルにて出品を切り替えさせていただくため、ご了承ください。

・入場後...",True
m7fjjoz0de,1784952206758,milesixtones-2026,2026-09-19,17:30,味の素スタジアム,electronic,female,同時入場,u,5.0,,同行記載あり,2026-07-25 04:03:26,,2026-08-28 12:01:10,,,deleted,2,16000,"5名義中4番手/すり替えなし/下3桁提示可能/有効期限内名義

プライベート出品に切り替えますので
お取引希望の方はメッセージお願いいたします。

ご購入前に必...",True
6ifedkv963,1785592742316,milesixtones-2026,2026-09-19,17:30,味の素スタジアム,electronic,female,ランダム配布,ゆゆゆ,4.7,,ランダム,2026-08-01 13:59:02,,2026-09-04 18:01:17,2026-08-28 10:01:11,transition_observed,sold,1,12000,"◎お取引初心者の方でも安心してお取引できるよう対応いたします。分からないことがあればお気軽にご質問ください。

下記内容をよくお読みいただき理解した上でご購入く...",True
98e75h7ui7,1785292517258,milesixtones-2026,2026-09-19,17:30,味の素スタジアム,electronic,female,同行,Lo,5.0,,番手同行,2026-07-29 02:35:17,,2026-08-28 10:01:11,,,deleted,2,24000,"2名義中2番手
すり替えなし/有効期限内/下3桁提示可
プライベート出品に変更するため購入前にコメントお願いします。

《条件》
・取引経験のある日本人女性のみ...",True
5qfyt4js7x,1785292652371,milesixtones-2026,2026-09-19,17:30,味の素スタジアム,electronic,female,同行,るびー,5.0,,同行,2026-07-29 02:37:32,,2026-08-28 14:01:15,,,deleted,1,34000,"有効期限内/下三桁提示可/初期当選/重複すり替えなし/着ブロ希望なし

当方（松村担）との同行です。拒否等ございません。

当日は会場付近にて開場時間頃の待ち合...",True
cxz34a2pcf,1785806246071,milesixtones-2026,2026-09-19,17:30,味の素スタジアム,paper,female,当日手渡し,あ,5.0,,番手,2026-08-04 01:17:26,,2026-09-04 18:01:17,2026-08-28 10:01:11,transition_observed,sold,2,27000,"FC先行 2名義中2番手 初期当選 座席未定 すり替えなし 2連 有効期限内 下3桁提示可 発送物戻りなし

公演当日は開場時間までに会場付近にて待ち合わせし、...",True
oid3l1ebau,1786928245706,milesixtones-2026,2026-09-19,17:30,味の素スタジアム,electronic,female,ランダム配布,v,5.0,,ランダム,2026-08-17 00:57:25,,2026-08-28 13:01:11,,,deleted,1,12000,少人数ランダム⭐️公演当日、開場15〜20分前に会場付近にて待ち合わせし同時入場していただきます。同時入場後チケットを一旦回収します。お渡しするまで多少お時間頂...,True
2rmesc1vht,1787882250586,milesixtones-2026,2026-09-19,17:30,味の素スタジアム,electronic,female,3名義中2番手,ちま,5.0,,,2026-08-28 01:57:30,,2026-08-28 16:01:17,,,deleted,2,26000," 3名義中2番手
すり替えなし/有効期限内/下3桁提示可
プライベート出品に変更するため購入前にコメントお願いします。

《条件》
・取引経験のある日本人女性の...",True
z7jtet2koj,1785625784367,milesixtones-2026,2026-09-19,17:30,味の素スタジアム,electronic,female,4名義中4番手,0,5.0,,番手,2026-08-01 23:09:44,,2026-09-04 18:01:17,2026-08-29 02:01:13,transition_observed,sold,2,17000,"4名義中4番手/初期当選/有効期限内/すり替えなし/着ブロ希望なし/下3桁提示可

・当日は会場付近で待ち合わせをし、同時入場していただきます。待ち合わせ場所や...",True
g7jmh9ok8u,1786962815833,milesixtones-2026,2026-09-20,17:30,味の素スタジアム,electronic,female,同行,︎🌟,5.0,,番手,2026-08-17 10:33:35,,2026-08-28 07:01:11,,,deleted,1,30000,"3名義中2番手のお譲りになります。
初期選/有効期限内/下3桁提示可能
プラベルにて出品致しますので購入希望の方はメッセージお願いいたします。
公演当日は会場付...",True
5i1xb4psxv,1785293446709,milesixtones-2026,2026-09-20,17:30,味の素スタジアム,electronic,female,同行,Lo,5.0,,同行番手,2026-07-29 02:50:46,,2026-08-28 10:01:11,,,deleted,2,17000,"3名義中3番手
すり替えなし/有効期限内/下3桁提示可
プライベート出品に変更するため購入前にコメントお願いします。

《条件》
・取引経験のある日本人女性のみ...",True
djn3rgwgvh,1784901556239,milesixtones-2026,2026-09-20,17:30,味の素スタジアム,electronic,female,少数ランダム,︎🌟,5.0,,ランダム記載あり,2026-07-24 13:59:16,,2026-08-28 07:01:11,,,deleted,1,15000,"プラベルにて出品致しますので、購入される方はメッセージお願いいたします。

少数ランダム配布。同一クレカ払いなし。
・複数名義重複しているため座席確認にお時間を...",True
s3w9ochvwx,1785239349132,milesixtones-2026,2026-09-20,17:30,味の素スタジアム,electronic,female,3名義中3番手,mo,5.0,,番手,2026-07-28 11:49:09,,2026-09-04 18:01:17,2026-08-28 15:01:13,transition_observed,sold,2,18000,"3名義中3番手/座席未定/下3桁提示可能/有効期限内

以下の記載内容をご確認の上ご購入ください。

【入場前】
同行者登録はこちらで行います。
また、ネットワ...",True
hqi943d168,1787892460567,milesixtones-2026,2026-11-21,16:30,日産スタジアム,electronic,female,2名義中2番手,k,5.0,,,2026-08-28 04:47:40,,2026-09-04 18:01:17,2026-08-28 10:01:11,transition_observed,sold,1,10500,"当日の集合場所・時間等は、メッセージにてお伝えいたします。
交通機関の遅延・遅刻に関しては、お待ちいたしませんので、お時間に余裕を持つようにお願いいたします。...",True
cquaxo9csu,1787896068416,milesixtones-2026,2026-11-08,17:00,ヤンマースタジアム長居,electronic,female,同行,M,5.0,,同行番手QR,2026-08-28 05:47:48,,2026-08-28 07:01:11,,,deleted,2,12000,"🌟2名義中2番手🌟　残り2.0/枚当日手渡し
FC先行/初期当選/着ブロ指定なし/有効期限内/下3桁提示可/すり替えなし
プライベート出品、又はプラベルに変更可能です。ご希望の方はメッセージお願いいたします。
・当日は開場30分〜1時間前の集合を予定しております。詳しい時間と場所は前日までに連絡いたします。
・ゲートが別れた際、QR毎譲になります。
・10分以上の遅刻は待たずに入場、受け取り評価のみして頂きます。
・同時入場後チケットを回収し、再度再集合してチケットをお渡しします。買い手様に座席選択権はございません。席によってはすぐお渡し出来ますが、座席選択に時間を要する可能性がございます。
・チケットをお渡しする際にその場で受け取り評価をお願いいたします。
・主催者側のからの公演中止以外（体調不良、出演者の変更、遅刻、エラー、本人確認等）いかなる理由でも、返金、キャンセルはいたしかねますのでご理解お願いいたします。
・遅刻・買い手様都合で当日お越しいただけない場合、こちらで代理の方を探しますので速やかに受け取り評価のみお願いいたします。
・日本人女性の方のみご購入可
・未成年NG
・当日の連絡のため電話番号を事前にお伝えください。
上記の内容をご了承の上ご購入お願いいたします",True
757pwjo4fa,1787898448722,milesixtones-2026,2026-11-08,17:00,ヤンマースタジアム長居,electronic,female,同行,M,5.0,,同行番手,2026-08-28 06:27:28,,2026-08-28 08:01:11,,,deleted,2,12000,"🌟2名義中2番手　残り2.0/枚当日手渡し
FC先行/初期当選/着ブロ指定なし/有効期限内/下3桁提示可/すり替えなし
プライベート出品、又はプラベルに変更可能です。ご希望の方はメッセージお願いいたします。
・当日は開場30分〜1時間前の集合を予定しております。詳しい時間と場所は前日までに連絡いたします。
・ゲートが別れた際、QR毎譲になります。
・10分以上の遅刻は待たずに入場、受け取り評価のみして頂きます。
・同時入場後チケットを回収し、再度再集合してチケットをお渡しします。買い手様に座席選択権はございません。席によってはすぐお渡し出来ますが、座席選択に時間を要する可能性がございます。
・チケットをお渡しする際にその場で受け取り評価をお願いいたします。
・主催者側のからの公演中止以外（体調不良、出演者の変更、遅刻、エラー、本人確認等）いかなる理由でも、返金、キャンセルはいたしかねますのでご理解お願いいたします。
・遅刻・買い手様都合で当日お越しいただけない場合、こちらで代理の方を探しますので速やかに受け取り評価のみお願いいたします。
・日本人女性の方のみご購入可
・未成年NG
・当日の連絡のため電話番号を事前にお伝えください。
上記の内容をご了承の上ご購入お願いいたします",True
hleuz87kwy,1787919093706,hakuchotokomori-aisatsu,2026-09-04,11:50,丸の内ピカデリー (東京都),pickup_number,female,入金後24時間以内に発見番号共有,だね,5.0,,,2026-08-28 12:11:33,,2026-09-02 23:01:22,2026-08-28 14:01:15,transition_observed,sold,2,80000,"分配URLからチケットを分配受け取り後、発券番号をご確認の上、コンビニ(セブンイレブン)にてご自身で発券をお願いいたします。
公演中止の際は返金対応いたします。
出演者変更等その他一切の理由による返金対応はいたしかねます。
上記の内容に同意いただける方のみご購入下さい。",True
794fjghc2w,1787917971251,hakuchotokomori-aisatsu,2026-09-04,11:50,丸の内ピカデリー (東京都),electronic,female,入金後24時間以内に分配リンク共有,なち,5.0,,,2026-08-28 11:52:51,,2026-08-28 14:01:15,,,deleted,2,40000,,True
4edv93ibyn,1787921590616,hakucho-to-komori-movie-greeting,2026-09-03,18:30,丸の内ピカデリー (東京都),electronic,none,入金後24時間以内に分配URL共有,mr,5.0,,,2026-08-28 12:53:10,,2026-09-03 06:01:18,2026-08-28 14:01:15,transition_observed,sold,2,22000,チケットぴあ分配URLお送りしますのでご自身で発券お願いいたします。プラベル対応可,True
fdrh1diqc3,1787923478341,hakuchotokomori-aisatsu,2026-09-04,11:50,丸の内ピカデリー (東京都),pickup_number,female,分配URLを共有,ゆり,5.0,,,2026-08-28 13:24:38,,2026-08-28 15:01:13,,,deleted,1,11000,,True
metqs248if,1787923359476,hakuchotokomori-aisatsu,2026-09-04,15:00,丸の内ピカデリー (東京都),electronic,none,24時間以内にぴあ分配,rrr,5.0,,,2026-08-28 13:22:39,,2026-08-28 17:01:09,,,deleted,1,85000,ぴあ分配,True
wuqec7uycu,1787926474685,hakuchotokomori-aisatsu,2026-09-04,15:00,丸の内ピカデリー (東京都),electronic,none,入金後24時間以内に分配URL共有,mi,5.0,,,2026-08-28 14:14:34,,2026-09-04 03:01:08,2026-08-28 16:01:17,transition_observed,sold,1,40000,"入金後、取引メッセージにてチケットぴあの分配URLを送付いたします。
期限内に最寄りのコンビニで発券してください。
公演中止の場合のみチケット代と手数料を差し引いた金額を返金いたします。公演中止以外の返金はいかなる理由があろうとも返金いたしかねます。",True
2336siukva,1787936853022,milesixtones-2026,2026-09-19,17:30,味の素スタジアム,electronic,female,入場後当方座席選択後にお渡し,H,5.0,,番手,2026-08-28 17:07:33,,2026-08-29 10:01:19,,,deleted,2,12000,"4名義中2番手  即3.0/枚
開示対策のためプライベート出品に切り替えますので、コメントお願いいたします
すべて初期当選、有効期限内、すり替えなし、下3桁提示...",True
9e2457wgel,1787816691332,milesixtones-2026,2026-09-19,17:30,味の素スタジアム,electronic,none,同行,🌻,5.0,,同行,2026-08-27 07:44:51,,2026-08-29 14:01:10,,,deleted,1,35000,"当方と同行
森本担のご購入はお控えください。

記載事項全てにご同意いただける方のみご購入ください。

・日本人の成人済み女性のみ購入可能
・公演当日、当方の指...",True
s34qp692zz,1787742112842,milesixtones-2026,2026-09-19,17:30,味の素スタジアム,electronic,female,同時入場予定　2名義2番手,わんわんパラダイス,5.0,,番手,2026-08-26 11:01:52,,2026-09-04 18:01:17,2026-08-29 12:01:17,transition_observed,sold,2,25000,"2名義中2番手
初期当選/下3桁提示/有効期限内/すり替え無/過去エラー無/着ブロ指定なし/サイチェン可

・当日は開場時間を目安に会場近くに集合していただきま...",True
v6amp3v4ck,1787543499776,milesixtones-2026,2026-09-19,17:30,味の素スタジアム,electronic,female,同行,N,5.0,,同行,2026-08-24 03:51:39,,2026-08-29 04:01:17,,,deleted,1,35000,"プラベルに移行いたしますので、購入前にメッセージお願いいたします

2名義中1番手同行
有効期限内/着ブロなし/下3桁提示可/すり替えなし/同一クレカ決済なし...",True
lfvwqrwb4w,1787318694780,milesixtones-2026,2026-09-19,17:30,味の素スタジアム,electronic,female,同行,そら,5.0,,番手,2026-08-21 13:24:54,,2026-08-29 04:01:17,,,deleted,2,15000,"4名義3番手 1-2枚  即2.5
※専用取引orプラベルにて対応予定です。お気軽にお声掛けください※

4名義全て有効期限内、下3桁提示可能、初期当選です。...",True
6zupxfh0qa,1787543959508,milesixtones-2026,2026-09-20,17:30,味の素スタジアム,electronic,female,同行,ふ,5.0,,番手,2026-08-24 03:59:19,,2026-08-29 08:01:10,,,deleted,2,19000,"【プライベート出品可能】FC先行/座席未定/初期当選/4名義中3番手/すり替えなし/下3桁提示可能/全て有効期限内名義

公演当日開場時間前後に会場付近にて集合...",True
5fnp0u3n5s,1787465132702,milesixtones-2026,2026-09-20,17:30,味の素スタジアム,electronic,female,同行,とま,5.0,,ランダム,2026-08-23 06:05:32,,2026-08-29 13:01:18,,,deleted,2,14500,"★早渡しランダム配布★
入場後30分以内に必ずチケットをお渡しいたします。

当日開場20分前に入場口付近にご集合いただき同時入場後、チケットを一度回収し再配布...",True
gn5rga4fb0,1787494301286,milesixtones-2026,2026-11-21,16:30,日産スタジアム,electronic,female,同行,と,5.0,,ランダム,2026-08-23 14:11:41,,2026-08-29 03:01:20,,,deleted,2,12000,"少人数ランダム配布、開演30分前渡し
お取引はプラベルに切り替えますので、ので、メッセージにてご連絡ください。

【条件あり】
チケットを複数所持しております。...",True
r0eken2b7y,1787963149183,hakuchotokomori-aisatsu,2026-09-04,11:50,丸の内ピカデリー (東京都),pickup_number,female,発券番号共有,ぴ,4.8,,,2026-08-29 00:25:49,,2026-09-03 14:01:18,2026-08-29 02:01:13,transition_observed,sold,1,27999,"※公演中止の場合のみ返金可。
※発券番号お伝えいたします。",True
z8dkvjlxx2,1787952372830,hakuchotokomori-aisatsu,2026-09-04,15:00,丸の内ピカデリー (東京都),paper,female,入金後24時間以内に分配,a,5.0,,,2026-08-28 21:26:12,,2026-08-29 08:01:10,,,deleted,1,36000,"プライベート出品、プラベル対応可
メッセージにてお知らせください。

チケットぴあ Myチケットにて分配
入金確認後URLをお送りしますので、24時間以内に受け...",True
cp166gc03i,1787940264854,hakuchotokomori-aisatsu,2026-09-04,15:00,丸の内ピカデリー (東京都),electronic,female,入金後24時間以内に分配,a,5.0,,,2026-08-28 18:04:24,,2026-08-29 08:01:10,,,deleted,1,40000," プラベル出品に変更しますのでご購入希望の方はコメントください。
ぴあ分配にてチケット分配いたします。",True
hx35aufsln,1787915121194,hakucho-to-komori-movie-greeting,2026-09-03,18:30,丸の内ピカデリー (東京都),electronic,none,分配,♡,4.9,,,2026-08-28 11:05:21,,2026-08-29 04:01:17,,,deleted,1,195000,"プラベル対応可能です
公演中止以外返金キャンセル不可",True
5mivy79duf,1787929227599,hakucho-to-komori-movie-greeting,2026-09-03,18:30,丸の内ピカデリー (東京都),electronic,none,ぴあの分配,た,5.0,,,2026-08-28 15:00:27,,2026-08-29 04:01:17,,,deleted,1,0,"公演中止以外返金キャンセル対応できません。

",True
flidrk85x7,1784967821323,milesixtones-2026,2026-09-19,17:30,味の素スタジアム,electronic,female,同行,a.,5.0,,番手同行,2026-07-25 08:23:41,,2026-08-29 03:01:20,,,deleted,2,27000,"2名義中2番手　全名義有効期限内　2名義分の下3件提示可　すり替えなし　着ブロなし　アリツア落選名義

・開場15分前を目処にこちらが指定した場所に集合していた...",True
gi2a8qc6ly,1786729064649,milesixtones-2026,2026-09-19,17:30,味の素スタジアム,electronic,female,同行,n,5.0,,ランダム,2026-08-14 17:37:44,,2026-08-29 03:01:20,,,deleted,2,10500,"全て初期当選/有効期限内

※プラベルに切り替えます

ご購入いただいた時点で、以下内容に全てご同意いただいたものとみなします。必ず最後までご一読ください。
不...",True
c3isscqu0u,1786854163190,milesixtones-2026,2026-09-19,17:30,味の素スタジアム,electronic,female,2名義中２番手,まろ,5.0,,同行,2026-08-16 04:22:43,,2026-08-30 01:01:16,,,deleted,2,28000,"2名義中2番手
fc先行/すり替えなし/有効期限内/下3桁提示可能

※購入希望の方はプラベ出品に切り替えますのでコメントお願いします。

初期当選/FC先行/...",True
uhahz3wgmn,1786725424313,milesixtones-2026,2026-09-19,17:30,味の素スタジアム,electronic,female,同時入場後受け渡し,🩷,5.0,,番手,2026-08-14 16:37:04,,2026-08-29 05:01:12,,,deleted,1,36500,"⭐️4名義中2番手⚠️出品8月末まで
初期当選/すり替えなし/有効期限内/下3桁提示可能/発送戻りなし/全てアリツア落選名義/着ブロ指定なし


・公演当日は開...",True
dhmswde3uu,1785239057383,milesixtones-2026,2026-09-19,17:30,味の素スタジアム,electronic,female,同行,もも,5.0,,番手,2026-07-28 11:44:17,,2026-08-29 13:01:18,,,deleted,2,25000,"FC先行 2名義中2番手 初期当選 座席未定 すり替えなし 2連 有効期限内名義 Pay-easy決済 変更ボタンあり 発送物戻りなし 下3桁提示可能
アリツア...",True
jrhe7ep2gt,1786847628208,milesixtones-2026,2026-09-19,17:30,味の素スタジアム,electronic,female,公演当日同時入場,あ,5.0,,ランダム,2026-08-16 02:33:48,,2026-08-29 05:01:12,,,deleted,1,12000,"プライベート出品またはプラベルに切り替えますので、購入希望の方はコメントください。

ランダム配布 有効期限内名義 開演30分前配布

○ご入金～公演当日
ご入...",True
cjjebgj9uo,1785296821784,milesixtones-2026,2026-09-20,17:30,味の素スタジアム,electronic,female,同行,m,5.0,,ランダム,2026-07-29 03:47:01,,2026-08-29 04:01:17,,,deleted,1,11000,"ランダム配布

※プライベート出品に変更いたしますのでご購入される方はご連絡お願いいたします。

公演当日、入場開始30分前を目安に会場付近にて待ち合わせをし、...",True
fyy9atn83h,1786969389925,milesixtones-2026,2026-09-20,17:30,味の素スタジアム,electronic,female,同行,JH,5.0,,番手,2026-08-17 12:23:09,,2026-09-04 18:01:17,2026-08-30 00:01:20,transition_observed,sold,1,30000,"5名義中3番手でのお譲り。

プラベ出品に切り替えますので購入希望の方はメッセージお願いいたします。
 
全て初期当選、期限内名義、着ブロなし、コンビニ決済、下...",True
elhu6pbm12,1785948571397,milesixtones-2026,2026-09-20,17:30,味の素スタジアム,electronic,female,公演日前日にQRコード共有,みさ,5.0,,QR,2026-08-05 16:49:31,,2026-08-29 14:01:10,,,deleted,2,55000,"QR毎/初期当選/アリツア落選名義/重複すり替えなし/着ブロ希望なし/下3桁提示可能｜有効期限内

公演前日夜にログインに必要な情報をお伝えします。
当日は速や...",True
nvang6l9nl,1785124062563,milesixtones-2026,2026-11-21,16:30,日産スタジアム,electronic,female,同行,と,5.0,,ランダム,2026-07-27 03:47:42,,2026-08-29 03:01:20,,,deleted,2,11000,少人数ランダム配布、上乗せで開演30分前渡し(即1.2/枚)、1時間前(ご提示ください)対応可能。早渡し希望の方は希望時間、金額ご提示お願いいたします。早渡し希...,True
ddby76606l,1784872537980,milesixtones-2026,2026-11-22,16:30,日産スタジアム,electronic,female,同行,U,5.0,,ランダム,2026-07-24 05:55:37,,2026-09-04 18:01:17,2026-08-29 11:01:16,transition_observed,sold,2,15000,【入場時ランダムエラーの場合の全額返金保証、立見なし】コメントいただければプラベル切り替え可能。ランダムのお渡しとなり、購入者様の座席選択権はありませんことご理...,True
e2c0n3duia,1787965975067,hakuchotokomori-aisatsu,2026-09-04,15:00,丸の内ピカデリー (東京都),paper,female,当日手渡し,white,5.0,,,2026-08-29 01:12:55,,2026-08-29 10:01:19,,,deleted,1,10000,"チケットは当日手渡しになります。
当日チケットをお受け取り後は、速やかに受取完了をお願いします。
公演中止以外如何なる理由でも返金キャンセルはいたしかねます。...",True
a5rbwdlk9d,1787965847818,hakuchotokomori-aisatsu,2026-09-04,15:00,丸の内ピカデリー (東京都),pickup_number,female,分配,n,5.0,,QR,2026-08-29 01:10:47,,2026-08-29 13:01:18,,,deleted,1,15000,"即決以下検討
手数料は買い手様負担でお願いいたします。

入金確認後、分配いたしますので受け取り評価をお願いいたします。",True
ow82pwpfgs,1787966043939,hakuchotokomori-aisatsu,2026-09-04,15:00,丸の内ピカデリー (東京都),electronic,female,チケットぴあにて分配いたします。公演中止のみ、チケット戻しいただければ手数料を除いた額を返金いたします。,ぬ,5.0,,,2026-08-29 01:14:03,,2026-08-29 04:01:17,,,deleted,1,90000,,True
mr1n5f339b,1787972099128,hakucho-to-komori-movie-greeting,2026-09-03,18:30,丸の内ピカデリー (東京都),electronic,female,ぴあ Cloak分配 ,ゆ,5.0,,QR,2026-08-29 02:54:59,,2026-09-03 06:01:18,2026-08-29 04:01:17,transition_observed,sold,1,37000,"専用出品への切り替えも可能です。
公演中止以外のキャンセルは受け付けておりませんので、ご了承ください。",True
1ediho3mil,1787970881823,hakucho-to-komori-movie-greeting,2026-09-03,18:30,丸の内ピカデリー (東京都),electronic,female,入金後24時間以内にQRコード共有,Mo,5.0,,QR,2026-08-29 02:34:41,,2026-08-30 03:01:11,,,deleted,1,55000,"分配にてお譲りいたしますのでご購入者様名義で発券いただけます。
",True
egfdpy2v1y,1787974511130,hakuchotokomori-aisatsu,2026-09-04,11:50,丸の内ピカデリー (東京都),paper,female,8/31までに分配,a,5.0,,,2026-08-29 03:35:11,,2026-08-29 15:01:12,,,deleted,1,15000,"プライベート出品、プラベル対応可
メッセージにてお知らせください。

チケットぴあ Myチケットにて分配
入金確認後URLをお送りしますので、24時間以内に受け...",True
lx2wu3ght0,1787972802932,hakuchotokomori-aisatsu,2026-09-04,11:50,丸の内ピカデリー (東京都),electronic,none,分配,M,5.0,,,2026-08-29 03:06:42,,2026-09-04 03:01:08,2026-08-29 12:01:17,transition_observed,sold,1,9500,"チケットぴあにて分配いたします。
ご自身でチケット発券お願いいたします。",True
n8mb9h5bnq,1787975639825,hakuchotokomori-aisatsu,2026-09-04,15:00,丸の内ピカデリー (東京都),paper,female,分配,🌸,5.0,,,2026-08-29 03:53:59,,2026-08-29 11:01:16,,,deleted,2,16000,"ご入金確認後、チケットぴあの分配URLをお送りいたします。

ご自身の名義でご入場いただけますのでご安心ください。発券期間内にご自身で発券手続きをお願いいたしま...",True
hef7bhr6cy,1787972497549,hakuchotokomori-aisatsu,2026-09-04,15:00,丸の内ピカデリー (東京都),electronic,none,入金確認次第分配用URLにて譲渡,あさ,5.0,,,2026-08-29 03:01:37,,2026-09-04 03:01:08,2026-08-29 05:01:12,transition_observed,sold,1,9000,,True
li2f2nsg66,1787979684118,hakuchotokomori-aisatsu,2026-09-04,11:50,丸の内ピカデリー (東京都),electronic,female,ご入金確認後チケットぴあにて分配URLお送りいたします。,らんらん,5.0,,,2026-08-29 05:01:24,,2026-08-29 06:01:15,,,deleted,2,30000,"お受け取り後は速やかに受取連絡をお願いいたします。
チケットは最寄りのコンビニにてご自身で発券お願いいたします。
※公演中止以外如何なる理由でも返金キャンセルはいたしかねます。
(本人確認による入場不可・登壇者含む来場者本人の体調不良・出演者変更・交通機関の乱れ等も全て含みます)
座席へのクレームも一切受け付けておりません。
上記ご了承いただける方のみご購入お願いいたします。",True
dln15a0xa3,1787976786044,hakucho-to-komori-movie-greeting,2026-09-03,18:30,丸の内ピカデリー (東京都),electronic,female,入金後24時間以内に分配用URL共有,K,5.0,,,2026-08-29 04:13:06,,2026-08-29 13:01:18,,,deleted,2,9000,"⚠️プライベート出品に変更いたしますので、メッセージにて【金額】を記載の上ご連絡ください。⚠️
入金確認後、分配用URLをお送りいたします。
お受け取りいただけ...",True
bb9qkjp5jw,1787979895777,hakuchotokomori-aisatsu,2026-09-04,11:50,丸の内ピカデリー (東京都),electronic,female,ご入金確認後チケットぴあにて分配URLお送りいたします。,らんらん,5.0,,,2026-08-29 05:04:55,,2026-08-29 15:01:12,,,deleted,1,80000,"お受け取り後は速やかに受取連絡をお願いいたします。
チケットは最寄りのコンビニにてご自身で発券お願いいたします。

※公演中止以外如何なる理由でも返金キャンセル...",True
sold_hakuchotokomori-aisatsu_1787984718305_21000,1787984718305,hakuchotokomori-aisatsu,2026-09-04,11:50,丸の内ピカデリー (東京都),electronic,female,入金後24時間以内にQRコード共有,,,,,2026-08-29 06:25:18,,2026-09-04 03:01:08,,historical_unknown,sold,1,21000,【に様専用】,False
e1tluaxj6q,1787985729137,hakuchotokomori-aisatsu,2026-09-04,11:50,丸の内ピカデリー (東京都),electronic,female,入金後cloakにて分配,A,5.0,,,2026-08-29 06:42:09,,2026-08-29 10:01:19,,,deleted,1,25000,,True
b08qjg0x1n,1787986850589,hakuchotokomori-aisatsu,2026-09-04,15:00,丸の内ピカデリー (東京都),electronic,none,9/3前夜祭にて対面、手渡し額ご提示ください,rrr,5.0,,,2026-08-29 07:00:50,,2026-08-29 08:01:10,,,deleted,1,10000,,True
uxvcg6h27c,1787987060213,hakuchotokomori-aisatsu,2026-09-04,15:00,丸の内ピカデリー (東京都),paper,female,URL分配,🍓,5.0,,,2026-08-29 07:04:20,,2026-08-29 12:01:17,,,deleted,2,15000,"ご入金確認後、チケットぴあの分配URLをお送りいたします。

ご自身の名義でご入場いただけます。
発券期間内にご自身で発券手続きをお願いいたします。

なお、公...",True
2yul3g6lw0,1787991960535,hakuchotokomori-aisatsu,2026-09-04,11:50,丸の内ピカデリー (東京都),electronic,female,URLにて分配いたします,na,5.0,,,2026-08-29 08:26:00,,2026-08-29 15:01:12,,,deleted,1,60000,,True
sold_hakuchotokomori-aisatsu_1787995163743_20700,1787995163743,hakuchotokomori-aisatsu,2026-09-04,11:50,丸の内ピカデリー (東京都),electronic,female,cloakにて分配,,,,,2026-08-29 09:19:23,,2026-09-04 03:01:08,,historical_unknown,sold,1,20700,【取引様専用】,False
a9br1t2wvk,1788001035011,hakuchotokomori-aisatsu,2026-09-04,11:50,丸の内ピカデリー (東京都),electronic,female,分配,n,5.0,,,2026-08-29 10:57:15,,2026-08-29 18:01:13,,,deleted,1,20000,"即決以下検討
手数料は買い手様負担でお願いいたします。

入金確認後、分配いたしますので受け取り評価をお願いいたします。",True
sold_hakuchotokomori-aisatsu_1788012527759_150000,1788012527759,hakuchotokomori-aisatsu,2026-09-04,11:50,丸の内ピカデリー (東京都),electronic,female,入金確認後、分配いたします,,,,,2026-08-29 14:08:47,,2026-09-04 03:01:08,,historical_unknown,sold,1,150000,,False
ziz6a945mh,1787913317653,milesixtones-2026,2026-09-19,17:30,味の素スタジアム,electronic,female,QR顔毎,M,5.0,,QR,2026-08-28 10:35:17,,2026-09-04 18:01:17,2026-08-30 10:01:14,transition_observed,sold,2,35000,"QR毎/初期当選/重複なし/着ブロ希望なし/下3桁提示可能/有効期限内/郵便物戻りなし/アリツア落選名義

公演日前日にログイン情報を共有いたします。
同行者の...",True
sold_milesixtones-2026_1787538032751_35000,1787538032751,milesixtones-2026,2026-09-19,17:30,味の素スタジアム,electronic,none,公演前日,R,5.0,,QR,2026-08-24 02:20:32,,2026-09-04 18:01:17,,historical_unknown,sold,1,35000,"初期当選／有効期限内名義／下3桁提示可／着ブロ希望無し／すり替え無し／

公演日前日に情報をお送りいたします。チケット発券後は速やかにログアウトし、受取連絡を行...",True
40dbmg1s0u,1787922698938,milesixtones-2026,2026-09-20,17:30,味の素スタジアム,electronic,female,同行、同時入場予定,りぃ,5.0,,同行,2026-08-28 13:11:38,,2026-08-30 05:01:13,,,deleted,2,25000,"2名義 2番手になります。

下3桁提示可 /すり替えなし/有効期間内

同時入場後、当方が座席選択後、チケットをお選びいただけます。
入場はお連れ様と分かれる...",True
szcz3adadp,1787925574175,milesixtones-2026,2026-09-20,17:30,味の素スタジアム,electronic,female,同行,U,5.0,,ランダム,2026-08-28 13:59:34,,2026-09-04 18:01:17,2026-08-30 16:01:20,transition_observed,sold,2,12000,【入場時ランダムエラーの場合の全額返金保証、立見なし】ランダムのお渡しとなり、購入者様の座席選択権はありませんことご理解下さい。(連番での落札は必ず連番のお譲り...,True
8iy2r90q4k,1787984701795,hakuchotokomori-aisatsu,2026-09-04,15:00,丸の内ピカデリー (東京都),electronic,female,チケットぴあにて分配,m,5.0,,,2026-08-29 06:25:01,,2026-08-30 06:01:14,,,deleted,1,0,即8,True
bdiix6g1pn,1787987848717,hakuchotokomori-aisatsu,2026-09-04,15:00,丸の内ピカデリー (東京都),paper,female,チケットぴあの分配URLをお送りします,み,5.0,,,2026-08-29 07:17:28,,2026-08-30 07:01:20,,,deleted,1,7000,"チケットぴあの分配URLをメッセージボードにてお送りいたします。
受取後、ご自身でコンビニにて発券して下さい。
チケットをお受け取り後は、速やかに受取完了をお願...",True
gf4f5brmg9,1787939277394,hakuchotokomori-aisatsu,2026-09-04,15:00,丸の内ピカデリー (東京都),electronic,none,ぴあ分配,I,4.6,,QR,2026-08-28 17:47:57,,2026-08-30 07:01:20,,,deleted,1,186000,"メッセージボードにて分配。受け取り次すぐにチケ流も受け取りしてください。
ぴあ分配なのでご自身の名義になります。
公演中止のみ手数料引いて返金します。それ以外は...",True
4ltrnm32rt,1788005159300,hakuchotokomori-aisatsu,2026-09-04,15:00,丸の内ピカデリー (東京都),electronic,none,ぴあにて分配,rrr,5.0,,,2026-08-29 12:05:59,,2026-09-04 03:01:08,2026-08-30 07:01:20,transition_observed,sold,1,75000,スクリーン2のため上手側が演者登壇扉側です。,True
02icae4qb3,1787962021353,hakuchotokomori-aisatsu,2026-09-04,15:00,丸の内ピカデリー (東京都),electronic,none,入金後24時間以内に分配URL共有,mi,5.0,,,2026-08-29 00:07:01,,2026-08-30 03:01:11,,,deleted,1,39000,"入金後、取引メッセージにて分配URLを送付いたします。
期限内に最寄りのコンビニで発券してください。

公演中止の場合のみチケット代と手数料を差し引いた金額を返...",True
og3nrznybm,1787966428143,hakuchotokomori-aisatsu,2026-09-04,15:00,丸の内ピカデリー (東京都),paper,female,当日手渡し,white,5.0,,,2026-08-29 01:20:28,,2026-08-31 01:01:13,,,deleted,1,9000,"チケットは当日手渡しになります。
当日チケットをお受け取り後は、速やかに受取完了をお願いします。
公演中止以外如何なる理由でも返金キャンセルはいたしかねます。...",True
23etvsea1t,1787963027341,hakuchotokomori-aisatsu,2026-09-04,15:00,丸の内ピカデリー (東京都),electronic,female,入金後分配,a,5.0,,,2026-08-29 00:23:47,,2026-08-30 06:01:14,,,deleted,1,70000,"プラベル出品に変更しますのでご購入希望の方はコメントください。
ぴあ分配にてチケット分配いたします。",True
p8hywghn8b,1788009627494,hakuchotokomori-aisatsu,2026-09-04,15:00,丸の内ピカデリー (東京都),electronic,none,分配,よ,5.0,,,2026-08-29 13:20:27,,2026-08-30 09:01:21,,,deleted,2,18000,入金確認後、ぴあの分配URLをお伝えします,True
dxagud3q5q,1787932950534,hakucho-to-komori-movie-greeting,2026-09-03,18:30,丸の内ピカデリー (東京都),electronic,female,入金後分配URL共有,か,5.0,,,2026-08-28 16:02:30,,2026-08-30 14:01:16,,,deleted,1,13000,"プライベート出品orプラベルに切り替えますのでご購入前にご連絡お願いいたします。

分配にてお譲りいたしますのでご購入者様名義で発券いただけます。

ご入金後2...",True
egplcxofv7,1788047528148,hakucho-to-komori-movie-greeting,2026-09-03,18:30,丸の内ピカデリー (東京都),electronic,none,入金確認後分配URL共有,くら,5.0,,,2026-08-29 23:52:08,,2026-09-03 06:01:18,2026-08-31 00:01:15,transition_observed,sold,1,16000,"入金確認後24時間以内に分配URLを共有いたします。
発券はご自身でお願いいたします。分配のため、ご自身の名義で発券して頂けます。
ぴあにてチケットの確認が出来...",True
ch2yflg4da,1787269114978,milesixtones-2026,2026-09-19,17:30,味の素スタジアム,electronic,female,番手,あ,5.0,,番手,2026-08-20 23:38:34,,2026-08-30 14:01:16,,,deleted,1,37000,"4名義中2名義目/すり替えなし/公演日当日有効期限内/下2桁提示可能/過去エラーなし

開演2時間前(15時30分)に会場付近にてお待ち合わせをし同時入場頂きま...",True
8xdkqczf2r,1785078276438,milesixtones-2026,2026-09-19,17:30,味の素スタジアム,electronic,female,QR毎,M,5.0,,QR,2026-07-26 15:04:36,,2026-08-30 10:01:14,,,deleted,2,40000,"初期当選/2026アリツア落選名義/有効期限内名義/変更ボタン有り/重複すり替えなし/着ブロ指定なし/下3桁提示可
郵便物戻り 過去エラーなし
同一アドレス電話...",True
89dh5cp6ay,1784910393444,milesixtones-2026,2026-09-20,17:30,味の素スタジアム,electronic,female,当日手渡し,☆,5.0,,ランダム,2026-07-24 16:26:33,,2026-08-30 11:01:17,,,deleted,2,16000,"FC先行初期当選/少人数ランダム/開演30分前渡し

開場30分前目処に集合、同時入場していただきます。
如何なる理由の遅刻であっても待たずに入場致しますのでご...",True
a2vop3t4w9,1784902549552,milesixtones-2026,2026-09-20,17:30,味の素スタジアム,electronic,female,同行,U,5.0,,ランダム,2026-07-24 14:15:49,,2026-09-04 18:01:17,2026-08-30 15:01:16,transition_observed,sold,1,11500,【入場時ランダムエラーの場合の全額返金保証、立見なし】ランダムのお渡しとなり、購入者様の座席選択権はありませんことご理解下さい。(連番での落札は必ず連番のお譲り...,True
k1dayc8bz9,1785585770073,milesixtones-2026,2026-11-07,17:00,ヤンマースタジアム長居,paper,female,同行,🌙,5.0,,ランダム,2026-08-01 12:02:50,,2026-08-30 23:01:11,,,deleted,1,12000,"少人数ランダム配布/早渡し上乗せ/相場買取可
購入者様に座席選択権はありません。

🌟プライベート出品に切り替えますので、ご購入希望の方はコメントお願いいたし...",True
8777z3epgr,1787323604308,milesixtones-2026,2026-11-08,17:00,ヤンマースタジアム長居,electronic,female,同行,と,5.0,,ランダム,2026-08-21 14:46:44,,2026-08-30 06:01:14,,,deleted,2,12000,"少人数ランダム配布、開演30分前渡し
上乗せで1時間前対応可能です。金額ご提示お願いいたします。
お取引はプラベルに切り替えますので、メッセージにてご連絡くださ...",True
vcb0bje8cb,1785124184517,milesixtones-2026,2026-11-08,17:00,ヤンマースタジアム長居,electronic,female,同行,と,5.0,,ランダム,2026-07-27 03:49:44,,2026-08-30 06:01:14,,,deleted,2,11000,少人数ランダム配布、上乗せで開演30分前渡し(即1.2/枚) 、1時間前(ご提示ください)対応可能。早渡し希望の方は希望時間、金額ご提示お願いいたします。早渡し...,True
y3ejin0svk,1784877382013,milesixtones-2026,2026-11-22,16:30,日産スタジアム,electronic,female,ランダム配布,💫,5.0,,ランダム記載あり,2026-07-24 07:16:22,,2026-09-04 18:01:17,2026-08-30 08:01:41,transition_observed,sold,2,11000,"・同時入場していただき一度チケットを回収し、開演時間までにランダムでチケットをお渡しします。座席選択はできません。

・複数人で入場するため、QRコードの表示に...",True
70v2ehfoja,1784907727647,milesixtones-2026,2026-11-22,16:30,日産スタジアム,electronic,female,当日手渡し,m,5.0,,番手,2026-07-24 15:42:07,,2026-08-30 17:01:14,,,deleted,1,30000,"FC先行/5名義中4番手/すり替えなし/下3桁提示可/初期当選のみ

プライベート出品に変更の場合はメッセージお願いいたします。

【条件あり】
・チケットを複...",True
13rme3buuw,1784907350979,milesixtones-2026,2026-11-22,16:30,日産スタジアム,electronic,female,同時入場,m,5.0,,番手,2026-07-24 15:35:50,,2026-08-30 17:01:14,,,deleted,2,25000,"FC先行/5名義中5番手/すり替えなし/下3桁提示可/初期当選のみ

プライベート出品に変更の場合はメッセージお願いいたします。

【条件あり】
・チケットを複...",True
2xd9dt6622,1784885190085,milesixtones-2026,2026-11-22,16:30,日産スタジアム,paper,female,4名義中3番手/すり替えなし,🩵,5.0,,番手,2026-07-24 09:26:30,,2026-09-04 18:01:17,2026-08-31 01:01:13,transition_observed,sold,2,15999,"4名義中3番手/FC先行/座席未定/初期当選/下3桁提示可/有効期限内 

公演当日【14:00】会場付近にて集合予定
詳細は連絡ボードにて連絡いたします。...",True
96suess4u1,1784907827160,milesixtones-2026,2026-11-22,16:30,日産スタジアム,electronic,female,当日手渡し,m,5.0,,ランダム記載あり,2026-07-24 15:43:47,,2026-08-30 17:01:14,,,deleted,2,40000,"FC先行/5名義中2番手/すり替えなし/下3桁提示可/初期当選のみ

プライベート出品に変更の場合はメッセージお願いいたします。

【条件あり】
・チケットを複...",True
d12dq54mx5,1784907783638,milesixtones-2026,2026-11-22,16:30,日産スタジアム,electronic,female,当日手渡し,m,5.0,,番手,2026-07-24 15:43:03,,2026-08-30 17:01:14,,,deleted,2,35000,"FC先行/5名義中3番手/すり替えなし/下3桁提示可/初期当選のみ

プライベート出品に変更の場合はメッセージお願いいたします。


【条件あり】
・チケットを...",True
973zn6itnu,1788056632075,hakuchotokomori-aisatsu,2026-09-04,11:50,丸の内ピカデリー (東京都),electronic,none,チケットぴあにて分配,y,5.0,,,2026-08-30 02:23:52,,2026-08-30 11:01:17,,,deleted,2,47000,"⚠️ご希望の方は購入前にご連絡ください。
プライベート出品に切り替えさせていただきます。

公演中止以外はキャンセル、返金不可とします。
分配しますので、公演中...",True
4a23ft7oy3,1788056119997,hakucho-to-komori-movie-greeting,2026-09-03,18:30,丸の内ピカデリー (東京都),electronic,none,チケットぴあにて分配,y,5.0,,,2026-08-30 02:15:19,,2026-08-30 04:01:12,,,deleted,2,35000,"⚠️ご希望の方は購入前にご連絡ください。
プライベート出品に切り替えさせていただきます。
公演中止以外はキャンセル、返金不可とします。
分配しますので、公演中止時はチケット代と手数料を差し引いて返金します。
チケット代はご自身で払い戻しお願いいたします。",True
pq1f9wwajm,1788060544789,milesixtones-2026,2026-09-19,17:30,味の素スタジアム,electronic,female,2番手/1連＋2連の2名義の番手売り/実質1番手の席(当方と同行)になる可能性あり有,あああああ,5.0,,番手,2026-08-30 03:29:04,,2026-08-30 14:01:16,,,deleted,1,20000,"すり替えなし/下3桁提示可/初期当選/FC先行/有効期限内/同一クレカ決済無し/座席未定

プラベルorプライベート出品に切り替えるため購入希望の方はメッセージ...",True
mbx3lk7kb6,1788065069572,hakuchotokomori-aisatsu,2026-09-04,15:00,丸の内ピカデリー (東京都),electronic,female,チケットぴあ、分配,y,5.0,,,2026-08-30 04:44:29,,2026-08-30 09:01:21,,,deleted,1,72000,"⚠️ご希望の方は購入前にご連絡ください。
プライベート出品に切り替えさせていただきます。

公演中止以外はキャンセル、返金不可とします。
分配しますので、公演中...",True
v0cpk4e0iz,1788064742342,hakucho-to-komori-movie-greeting,2026-09-03,18:30,丸の内ピカデリー (東京都),electronic,female,入金確認後、ぴあにて分配,M.,5.0,,,2026-08-30 04:39:02,,2026-08-30 08:01:41,,,deleted,1,70000,,True
7uvoukce4j,1788067237922,hakuchotokomori-aisatsu,2026-09-04,15:00,丸の内ピカデリー (東京都),electronic,female,チケットぴあ、分配,y,5.0,,,2026-08-30 05:20:37,,2026-08-30 11:01:17,,,deleted,2,72000,"⚠️ご希望の方は購入前にご連絡ください。
プライベート出品に切り替えさせていただきます。

公演中止以外はキャンセル、返金不可とします。
分配しますので、公演中...",True
a20fovuxl1,1788083481719,hakuchotokomori-aisatsu,2026-09-04,15:00,丸の内ピカデリー (東京都),electronic,female,入金後24時間以内に分配,る,5.0,,,2026-08-30 09:51:21,,2026-08-30 11:01:17,,,deleted,1,50000,"プラベルへ切り替えますので、購入希望の方はコメントお願いいたします。
入金確認後、チケットぴあから分配いたします。
チケットが分配されたらすみやかに受取通知をお願いします。
公演中止のみ返金対応いたします。",True
z7dz26okty,1788094200221,hakucho-to-komori-movie-greeting,2026-09-03,18:30,丸の内ピカデリー (東京都),electronic,female,分配URLをお送りいたします。,あ,5.0,,,2026-08-30 12:50:00,,2026-08-30 23:01:11,,,deleted,1,25000,,True
3jbxiu4rim,1787659231085,milesixtones-2026,2026-09-19,17:30,味の素スタジアム,electronic,female,同行,むんたん,5.0,,同行ランダム,2026-08-25 12:00:31,,2026-09-01 02:01:12,,,deleted,2,35000,"SixTONES FC先行 ランダム配布
公演当日、会場付近にて待ち合わせし、同時入場していただきます。
遅刻をされた場合、待たずに先に入場する場合もございます...",True
9slq35msjd,1787661163256,milesixtones-2026,2026-09-19,17:30,味の素スタジアム,electronic,female,同行,dd,4.8,,ランダム,2026-08-25 12:32:43,,2026-09-04 18:01:17,2026-08-31 14:01:14,transition_observed,sold,2,11500,"当日は指定した時間・場所に集合していただき同時入場後、先に当方が座席選択した後チケットをランダムにお渡しします。座席は選択できません。
※チケット受取時に必ず受...",True
9hom9qi9wx,1787616848599,milesixtones-2026,2026-09-19,17:30,味の素スタジアム,electronic,female,座席未定、ランダム配布、座席選択不可,N,5.0,,ランダム,2026-08-25 00:14:08,,2026-09-04 18:01:17,2026-08-31 23:01:17,transition_observed,sold,1,11500,・重複当選のため同時入場後一旦チケットを回収し当方が座席を選んだ後にチケットをランダムに配布します。座席の選択にお時間いただきますが開演の10分前にはチケットお...,True
u6p7pkbx2t,1787789084103,milesixtones-2026,2026-09-19,17:30,味の素スタジアム,electronic,female,2名義中2番手,yk,5.0,,番手,2026-08-27 00:04:44,,2026-08-31 15:01:19,,,deleted,2,10000,"最高2.0 即2.5/ 2名義中2番手
すり替えなし/有効期限内/下3桁提示可
プライベート出品に変更するため購入前にコメントお願いします。

《条件》
・取引...",True
20phyy1cij,1787745640903,milesixtones-2026,2026-09-19,17:30,味の素スタジアム,electronic,female,同時入場,ゆちゃ,5.0,,同行記載あり,2026-08-26 12:00:40,,2026-08-31 15:01:19,,,deleted,2,23000,"6名義中4番手/初期当選/すり替えなし/有効期限内
お取引成立しましたら、プライベート出品のリンクをお送りいたします。

・ドタキャン防止のため1部チケテン通し...",True
tivj768trc,1787745982167,milesixtones-2026,2026-09-19,17:30,味の素スタジアム,electronic,female,4名義中2番手,♡,5.0,,番手同行,2026-08-26 12:06:22,,2026-09-04 18:01:17,2026-08-31 14:01:14,transition_observed,sold,1,35000,"こちら当方（20↓/成人済/京本担）との4名義中2番手同行になります。

こちら急ぎで同行者様探しているため、即決以下でも検討させていただきます。お気軽にお声掛...",True
pgv7tlq6nk,1787730117395,milesixtones-2026,2026-09-19,17:30,味の素スタジアム,electronic,female,同行,m,4.7,,番手,2026-08-26 07:41:57,,2026-09-04 18:01:17,2026-08-31 04:01:10,transition_observed,sold,2,22000,"
 2名義中2番手/下3桁提示可/有効期限内/すり替えなし/初期当選/同一クレカ決済無し/発送物戻りなし

専用出品又はプラベル変更可能
当選歴可能

公演日開...",True
8kerid4sfe,1788061248393,milesixtones-2026,2026-09-19,17:30,味の素スタジアム,electronic,female,2連＋1連の2名義中の3番手,あああああ,5.0,,番手,2026-08-30 03:40:48,,2026-08-31 13:01:15,,,deleted,1,18000,"3番手/すり替えなし/下3桁提示可/初期当選/FC先行/有効期限内/同一クレカ決済無し/座席未定

プラベルorプライベート出品に切り替えるため購入希望の方はメ...",True
nby1pfxtqx,1787990142390,milesixtones-2026,2026-09-19,17:30,味の素スタジアム,electronic,female,同行,かっぱ,5.0,,同行,2026-08-29 07:55:42,,2026-08-31 13:01:15,,,deleted,1,32000,"プラベルでの出品しますので、ご購入前にコメントにてお申し付けください。

当方松村担(同担拒否なし)になりますのでどなたでも購入可能です。

女性名義/有効期限...",True
i2mf39w671,1787711347416,milesixtones-2026,2026-09-20,17:30,味の素スタジアム,electronic,female,公演日前日にQRコード共有,M0ka,5.0,,QR,2026-08-26 02:29:07,,2026-09-04 18:01:17,2026-08-31 13:01:15,transition_observed,sold,2,30000,"閲覧ありがとうございます(  . .)""
QR毎のお譲りです。
復活当選/下3桁提示可能/有効期限内/重複すり替えなし/着ブロ希望なし/過去エラーなし/アリツア...",True
x7gdqavryl,1787999490663,hakuchotokomori-aisatsu,2026-09-04,11:50,丸の内ピカデリー (東京都),electronic,female,分配いたします。,na,5.0,,,2026-08-29 10:31:30,,2026-08-31 13:01:15,,,deleted,1,18000,,True
irl7eblz66,1788015291392,hakuchotokomori-aisatsu,2026-09-04,11:50,丸の内ピカデリー (東京都),electronic,none,購入後すぐに分配,ぴぴぴ,5.0,,,2026-08-29 14:54:51,,2026-08-31 03:01:11,,,deleted,1,67500,,True
h8hxmtu997,1788061336757,hakuchotokomori-aisatsu,2026-09-04,11:50,丸の内ピカデリー (東京都),electronic,none,チケットぴあにて分配,y,5.0,,,2026-08-30 03:42:16,,2026-08-31 15:01:19,,,deleted,1,16500,"⚠️ご希望の方は購入前にご連絡ください。
プライベート出品に切り替えさせていただきます。

公演中止以外はキャンセル、返金不可とします。
分配しますので、公演中...",True
j8eryh5eyj,1787977105412,hakuchotokomori-aisatsu,2026-09-04,11:50,丸の内ピカデリー (東京都),paper,female,9/1までに分配,a,5.0,,,2026-08-29 04:18:25,,2026-08-31 06:01:18,,,deleted,1,135000,"詳細・備考
プライベート出品、プラベル対応可
メッセージにてお知らせください。

チケットぴあ Myチケットにて分配
入金確認後URLをお送りしますので、24時...",True
hs2k3pq39a,1787926000143,hakuchotokomori-aisatsu,2026-09-04,11:50,丸の内ピカデリー (東京都),paper,female,当日手渡し,MA yu,5.0,,,2026-08-28 14:06:40,,2026-09-04 03:01:08,2026-09-02 13:01:21,transition_observed,sold,1,64000,,True
sold_hakuchotokomori-aisatsu_1787993753106_103500,1787993753106,hakuchotokomori-aisatsu,2026-09-04,15:00,丸の内ピカデリー (東京都),electronic,female,チケットぴあ分配,まる,5.0,,,2026-08-29 08:55:53,,2026-09-04 03:01:08,,historical_unknown,sold,1,103500,分配URLをお送りしますので、ご自身で発券をお願いいたします。,True
pz7r6o57dt,1787967601181,hakuchotokomori-aisatsu,2026-09-04,15:00,丸の内ピカデリー (東京都),electronic,female,入金確認後、発券番号共有,white,5.0,,,2026-08-29 01:40:01,,2026-08-31 11:01:14,,,deleted,1,36000,"ご入金確認後、発券番号を共有いたしますので24時間以内に受け取りをお願いいたします。お受け取り後は速やかに受取連絡をお願いいたします。
チケットは最寄りのコンビ...",True
phlc2tkc3z,1787985421422,hakucho-to-komori-movie-greeting,2026-09-03,18:30,丸の内ピカデリー (東京都),electronic,female,分配,U,5.0,,,2026-08-29 06:37:01,,2026-08-31 05:01:11,,,deleted,1,21000,"プラベルに切り替えますのでご購入前にご連絡お願いいたします。

入金確認後24時間以内に分配URLを共有いたします。
発券はご自身でお願いいたします。分配のため...",True
pt672u4j3w,1788048824494,hakucho-to-komori-movie-greeting,2026-09-03,18:30,丸の内ピカデリー (東京都),electronic,none,入金確認後分配URL共有,くら,5.0,,,2026-08-30 00:13:44,,2026-09-03 06:01:18,2026-08-31 16:01:10,transition_observed,sold,1,18000,"入金確認後24時間以内に分配URLを共有いたします。
発券はご自身でお願いいたします。分配のため、ご自身の名義で発券して頂けます。
ぴあにてチケットの確認が出来...",True
ida74cmntc,1788062230890,hakucho-to-komori-movie-greeting,2026-09-03,18:30,丸の内ピカデリー (東京都),electronic,none,チケットぴあにて分配,y,5.0,,,2026-08-30 03:57:10,,2026-08-31 15:01:19,,,deleted,1,14000,"⚠️ご希望の方は購入前にご連絡ください。
プライベート出品に切り替えさせていただきます。

公演中止以外はキャンセル、返金不可とします。
分配しますので、公演中...",True
gvmlyj1ezk,1787962212747,hakucho-to-komori-movie-greeting,2026-09-03,18:30,丸の内ピカデリー (東京都),pickup_number,female,発券番号もしくは分配,Ru,5.0,,,2026-08-29 00:10:12,,2026-08-31 10:01:16,,,deleted,1,80000,"プラベル対応可、コメントお願いいたします。
分配に変更可能ですのでご希望の際はお申し付けください。いかなる場合でも返金対応不可となります。予めご了承ください。",True
4ls8wtlbxk,1787963659190,hakucho-to-komori-movie-greeting,2026-09-03,18:30,丸の内ピカデリー (東京都),paper,female,当日手渡し,white,5.0,,同行,2026-08-29 00:34:19,,2026-08-31 06:01:18,,,deleted,1,60000,"チケットは2連中の1枚です。当日手渡し、当方との同行になります。連番内のお席はこちらで選ばせていただき、選ばなかったもう一枚をお渡しさせて頂きます。
お受け取り...",True
5jaaoeonlp,1787926456989,hakucho-to-komori-movie-greeting,2026-09-03,18:30,丸の内ピカデリー (東京都),electronic,female,入金後分配URL共有,k,5.0,,,2026-08-28 14:14:16,,2026-08-31 14:01:14,,,deleted,1,75000,"プラベル対応可能。
分配受取後速やかに受取評価お願い致します。
公演中止以外のキャンセル返金不可。",True
oui98ehiio,1786972525283,milesixtones-2026,2026-09-19,17:30,味の素スタジアム,electronic,female,1名義中1番手同行,中野,5.0,,同行記載あり,2026-08-17 13:15:25,,2026-08-31 15:01:19,,,deleted,1,34000,"下三桁提示可能/有効期限内/初期当選/重複すり替えなし同行

※プライベート出品いたしますので、メッセージをお願いいたします。


当方(松村担/同担拒否等無し...",True
57cxqb848s,1786886729966,milesixtones-2026,2026-09-19,17:30,味の素スタジアム,electronic,female,同行,ひきにく,5.0,,番手,2026-08-16 13:25:29,,2026-08-31 14:01:14,,,deleted,2,22000,"2名義中2番手2連/初期当選/下3桁提示可/すり替えなし

購入希望の方プライベートモードで再度出品いたしますのでメッセージお願いいたします

・入場の際、お連...",True
1x4hh0dcm4,1786870553082,milesixtones-2026,2026-09-19,17:30,味の素スタジアム,electronic,female,同行,S,5.0,,番手,2026-08-16 08:55:53,,2026-09-04 18:01:17,2026-08-31 04:01:10,transition_observed,sold,1,59000,"7名義中2番手/初期当選/下3桁提示可/有効期限内／すり替えなし
※特別出品、プライベート出品にも変更可能ですので、ご希望の際はリクエストメッセージをお送りくだ...",True
manv0jtomw,1784910928034,milesixtones-2026,2026-09-19,17:30,味の素スタジアム,electronic,none,同行,らんらん,5.0,,番手,2026-07-24 16:35:28,,2026-09-04 18:01:17,2026-08-31 23:01:17,transition_observed,sold,2,16000,"FC先行9名義中7番手 有効期限内名義すり替えなし下
3桁提示可
・公演当日開場時間前に会場付近にて待ち合わせし、同時入場していただきます。
・座席に関するクレ...",True
1x9u1k8ysk,1784946382887,milesixtones-2026,2026-09-19,17:30,味の素スタジアム,electronic,female,同行,S,5.0,,番手同行,2026-07-25 02:26:22,,2026-08-31 04:01:10,,,deleted,2,40000,"FC先行／初期当選／座席未定／3名義中2番／すり替えなし／下3桁掲示可／着ブロ希望なし／郵送物戻りなし／有効期限内名義
・こちらは3名義中2番手のチケットとなり...",True
fvevs176c7,1785627484220,milesixtones-2026,2026-09-20,17:30,味の素スタジアム,electronic,female,同時入場,rty,5.0,,番手,2026-08-01 23:38:04,,2026-09-01 02:01:12,,,deleted,2,25000,"4名義中4番手/有効期限内/下3桁提示可能/着ブロ指定なし/初期当選

当日開場時間前にこちらが指定した場所、時間に集合して頂き同時に入場して頂きます。
同意チ...",True
ny7uh0nf4y,1784872110239,milesixtones-2026,2026-09-20,17:30,味の素スタジアム,electronic,female,公演日前日までにQRコード共有,ま,5.0,,QR,2026-07-24 05:48:30,,2026-08-31 19:01:15,,,deleted,2,40000,"プラベル出品 連番 QR毎のお渡しになります。

初期当選/有効期限内名義/下3桁提示可能/コンビニ入金済み/着ブロ指定なし/郵送物戻りなし/アリツア落選名義...",True
ps1gc2ux2n,1786413267372,milesixtones-2026,2026-11-07,17:00,ヤンマースタジアム長居,electronic,female,同行,U,5.0,,ランダム,2026-08-11 01:54:27,,2026-09-04 18:01:17,2026-08-31 16:01:10,transition_observed,sold,2,16000,【入場時ランダムエラーの場合の全額返金保証、立見なし】ランダムのお渡しとなり、購入者様の座席選択権はありませんことご理解下さい。(連番での落札は必ず連番のお譲り...,True
2adoocy5lk,1785014026793,milesixtones-2026,2026-11-07,17:00,ヤンマースタジアム長居,electronic,none,当日,あぴ,5.0,,番手,2026-07-25 21:13:46,,2026-09-01 01:01:08,,,deleted,2,15000,"6名義中6番手

プラベル出品可/初期当選/全て2連当選/すり替えなし/下3桁提示可/有効期限内/ペイジーまたはコンビニ入金/着ブロ指定なし/本人確認不可

【...",True
oiwlk244te,1785240843430,milesixtones-2026,2026-11-22,16:30,日産スタジアム,electronic,female,同時入場,R,5.0,,番手,2026-07-28 12:14:03,,2026-08-31 16:01:10,,,deleted,2,48000,"3名義中3番手　下3提示可　有効期限内名義
・公演当日は開場時間15~30分前に会場付近で待ち合わせをし、同時入場していただきます。
・待ち合わせ場所、詳しい時...",True
7p30wft2ir,1784874017431,milesixtones-2026,2026-11-22,16:30,日産スタジアム,electronic,female,同行,あ,5.0,,同行記載あり,2026-07-24 06:20:17,,2026-08-31 20:01:16,,,deleted,2,30000,"3名義中3番手/下三桁提示可能/すり替えなし/有効期限内/すべてアリツ落選名義

・公演当日は開場時間20~30分前に会場付近で待ち合わせをし、同時入場していた...",True
nrblgc69dm,1786417240150,milesixtones-2026,2026-11-22,16:30,日産スタジアム,electronic,female,同時入場,R,5.0,,番手,2026-08-11 03:00:40,,2026-08-31 10:01:16,,,deleted,2,38000,"4名義中4番手　下3提示可　有効期限内名義
・公演当日は開場時間15~30分前に会場付近で待ち合わせをし、同時入場していただきます。
・待ち合わせ場所、詳しい時...",True
gia5192d46,1784873452632,milesixtones-2026,2026-11-22,16:30,日産スタジアム,electronic,female,同行,あ,5.0,,同行記載あり,2026-07-24 06:10:52,,2026-08-31 20:01:16,,,deleted,2,35000,"3名義中2番手/下三桁提示可能/すり替えなし/有効期限内/すべてアリツ落選名義

・公演当日は開場時間20~30分前に会場付近で待ち合わせをし、同時入場していた...",True
ltry9jzgv0,1784905735491,milesixtones-2026,2026-11-22,16:30,日産スタジアム,electronic,female,2番手,すいか,5.0,,番手同行,2026-07-24 15:08:55,,2026-08-31 16:01:10,,,deleted,1,35000,"FC先行/初期当選/5名義中2番手/下3桁提示可能
・公演当日は開場時間30分前を目安に会場付近で集合し同時入場していただきます。座席を選ぶ際に実際に座席を見に...",True
e3jesm8xq6,1788144236811,hakuchotokomori-aisatsu,2026-09-04,11:50,丸の内ピカデリー (東京都),paper,female,当日手渡し•郵送(速達),ゆ,5.0,,,2026-08-31 02:43:56,,2026-09-04 03:01:08,2026-08-31 23:01:17,transition_observed,sold,1,18000,"※ご希望の方は購入前にご連絡ください。
プライベート出品に切り替えさせていただきます。

チケットは【当日手渡し】
または【公演3日到着の速達発送】を
予定して...",True
gphz15tt6t,1788150801379,hakuchotokomori-aisatsu,2026-09-04,15:00,丸の内ピカデリー (東京都),pickup_number,female,分配URLを共有,ゆり,5.0,,,2026-08-31 04:33:21,,2026-08-31 08:01:12,,,deleted,1,19000,,True
z433cnlwc0,1788168194583,milesixtones-2026,2026-11-22,16:30,日産スタジアム,electronic,female,同時入場後手渡し,H,5.0,,番手,2026-08-31 09:23:14,,2026-08-31 11:01:14,,,deleted,2,10347,"チケット詳細文	5名義中2番手2枚  4.0/枚
開示請求対策のため、設定金額のプライベート出品に切り替えます。購入希望の場合コメントお願いします。
ランダムエラー、当日の体調不良、入場時の本人確認等公演中止以外の返金/キャンセルは不可です。当日はお時間に余裕を持ってご集合いただき、遅刻する場合はお早めにご連絡お願いいたします。 大幅な遅刻の場合、到着を待たずに入場する場合がございます。
当日当方の指示に従っていただけない等トラブルの元になると判断した場合お取引を中止する場合がございます。この際も返金はございませんのでご了承ください。
最後までお互い気持ちよくお取引ができるよう努めてまいりますので、よろしくお願いいたします。",True
wr0uobh3np,1788174613294,hakuchotokomori-aisatsu,2026-09-04,15:00,丸の内ピカデリー (東京都),paper,female,入金後24時間以内に分配,a,5.0,,,2026-08-31 11:10:13,,2026-08-31 15:01:19,,,deleted,1,30000,"プライベート出品、プラベル対応可
メッセージにてお知らせください。

チケットぴあ Myチケットにて分配
入金確認後URLをお送りしますので、24時間以内に受け...",True
bfhvipgx3p,1788177613016,hakucho-to-komori-movie-greeting,2026-09-03,18:30,丸の内ピカデリー (東京都),electronic,female,入金確認後分配にてお渡し,ゆ,5.0,,,2026-08-31 12:00:13,,2026-08-31 14:01:14,,,deleted,1,18000,"入金確認後24時間以内に分配URLを共有いたします。
受け取りできましたら受け取り報告していただきます。

公演中止以外の如何なる理由によるキャンセル・返金対応...",True
45qhwc40vk,1788188746717,milesixtones-2026,2026-09-19,17:30,味の素スタジアム,electronic,female,同行,k,5.0,,ランダム,2026-08-31 15:05:46,,2026-09-04 18:01:17,2026-09-01 00:01:17,transition_observed,sold,2,11500,"初心者の方でも大丈夫です。
丁寧に対応します。
2連購入の場合は必ず2連お隣でお渡し。
複数名義所持のためランダム配布となります。
公演当日、会場付近で待ち合わ...",True
xze6i493wv,1788220257054,hakuchotokomori-aisatsu,2026-09-04,15:00,丸の内ピカデリー (東京都),electronic,none,入金後24時間以内に分配,むむみ,5.0,,,2026-08-31 23:50:57,,2026-09-04 01:01:09,,,deleted,1,48000,,True
mnxfs2ea7w,1788170974582,milesixtones-2026,2026-09-19,17:30,味の素スタジアム,electronic,female,同行,inu,5.0,,ランダム,2026-08-31 10:09:34,,2026-09-01 11:01:15,,,deleted,2,12000,"複数名義所持。チケットはランダム配布させていただきます。(座席はお選びいただけません。)
入場後、チケット配布までにお時間頂くことがございますが予めご了承くださ...",True
ua3yvp6yzw,1787844279330,milesixtones-2026,2026-09-19,17:30,味の素スタジアム,electronic,female,同時入場,うな,5.0,,番手,2026-08-27 15:24:39,,2026-09-02 01:01:11,,,deleted,2,26000,"2名義中2番手 2連のチケットです。

初期当選/有効期限内名義/すり替えなし/下3桁提示可能

当日は開場前に会場付近で集合し、同時入場していただきます。入場...",True
554fbi4n27,1788186222945,milesixtones-2026,2026-09-19,17:30,味の素スタジアム,electronic,female,手渡し,M.,5.0,,,2026-08-31 14:23:42,,2026-09-02 00:01:19,,,deleted,2,25000,"SixTONES FC先行 初期当選／座席未定 /5名義中3番手／下3桁提示可／すり替えなし／サイチェン可

同時入場後、当方→2番手が座席選択後に座席選択可能...",True
hjhk8m074b,1788188808129,milesixtones-2026,2026-09-20,17:30,味の素スタジアム,electronic,female,同行,k,5.0,,ランダム,2026-08-31 15:06:48,,2026-09-04 18:01:17,2026-09-01 12:01:17,transition_observed,sold,2,11000,"初心者の方でも大丈夫です。
丁寧に対応します。
2連購入の場合は必ず2連お隣でお渡し。
複数名義所持のためランダム配布となります。
公演当日、会場付近で待ち合わ...",True
dbcmmggy4a,1788077938891,milesixtones-2026,2026-09-20,17:30,味の素スタジアム,electronic,female,公演前にQRコード共有,mi,5.0,,QR,2026-08-30 08:18:58,,2026-09-04 18:01:17,2026-09-01 15:01:17,transition_observed,sold,1,33000,"QR毎のお譲りです。
・公演日前日にログイン情報をお伝えします。
・入場後速やかにログアウト、評価お願いします。
・公演中止以外のQRエラー等による入場トラブル...",True
m830lzaojk,1788159315451,milesixtones-2026,2026-11-07,17:00,ヤンマースタジアム長居,paper,female,当日手渡し,ちゃん,5.0,,ランダム記載あり,2026-08-31 06:55:15,,2026-09-01 15:01:17,,,deleted,2,28000,"2名義中2番手

お取引が決まり次第、プライベート出品させていただきます。


初期当選/2名義中2番手/2連/有効期限内/すり替えなし/下3桁提示可/本人確認...",True
f1tb2ln8r8,1788178825850,milesixtones-2026,2026-11-21,16:30,日産スタジアム,electronic,female,同行,あ,5.0,,番手,2026-08-31 12:20:25,,2026-09-01 17:01:20,,,deleted,2,20000,"プラベルに切り替えますのでご連絡お願いいたします。
3名義中3番手 下3桁提示可 すり替えなし 初期当選 郵送物戻りなし 期限内 指定席のみ 

会場付近にて待...",True
oxhxxu8pym,1788194886886,milesixtones-2026,2026-11-22,16:30,日産スタジアム,electronic,female,同時入場後手渡し,H,5.0,,番手,2026-08-31 16:48:06,,2026-09-01 15:01:17,,,deleted,2,10342,"5名義中2番手2枚  4.0/枚
すり替えなし、下3桁提示可能

開示請求対策のため、プライベート出品に切り替えます。購入希望の場合コメントお願いします。

ラ...",True
6w7mimx5r7,1788009415168,hakuchotokomori-aisatsu,2026-09-04,11:50,丸の内ピカデリー (東京都),electronic,female,分配又は手渡し,まる,5.0,,同行,2026-08-29 13:16:55,,2026-09-01 16:01:25,,,deleted,1,160000,"プラベル出品に切り替えますのでご購入希望の方はメッセージよろしくお願いいたします。公演中止以外は返金不可。
",True
99uig7q0tl,1787923947067,hakuchotokomori-aisatsu,2026-09-04,11:50,丸の内ピカデリー (東京都),electronic,female,ぴあ分配または発券番号にてお譲り,ねね,5.0,,,2026-08-28 13:32:27,,2026-09-04 03:01:08,2026-09-01 11:01:15,transition_observed,sold,1,40000,"🚨プラベ出品でお出しするので購入希望の方はコメントお願いします。

ご入金確認後、ぴあで分配または発券番号をお伝えいたします。
手渡しも可能

公演中止のみ手...",True
y4bgfgax54,1787977449674,hakuchotokomori-aisatsu,2026-09-04,11:50,丸の内ピカデリー (東京都),pickup_number,female,入金後24時間以内にぴあにて分配,🐥,5.0,,,2026-08-29 04:24:09,,2026-09-03 23:01:10,2026-09-01 06:01:16,transition_observed,sold,1,65000,プライベート出品としますので、ご希望の方はコメントをお願いいたします。,True
7k2dmu5a8j,1788018613558,hakuchotokomori-aisatsu,2026-09-04,15:00,丸の内ピカデリー (東京都),electronic,none,分配,よ,5.0,,,2026-08-29 15:50:13,,2026-09-01 10:01:15,,,deleted,1,45000,入金確認後、ぴあの分配URLをお伝えします。,True
nx7f1cq686,1788206353328,hakucho-to-komori-movie-greeting,2026-09-03,18:30,丸の内ピカデリー (東京都),electronic,female,入金確認後に分配、または発券番号共有,☽,5.0,,,2026-08-31 19:59:13,,2026-09-03 06:01:18,2026-09-01 10:01:15,transition_observed,sold,1,25000,"※公演中止以外如何なる理由でも返金キャンセルはいたしかねます。
座席へのクレームも一切受け付けておりません。
上記ご了承いただける方のみご購入お願いいたします。...",True
36hsbumup0,1787925377584,hakucho-to-komori-movie-greeting,2026-09-03,18:30,丸の内ピカデリー (東京都),electronic,female,ぴあにて分配,🍔,5.0,,,2026-08-28 13:56:17,,2026-09-01 12:01:17,,,deleted,1,50000,プラベル対応可能。公演中止以外返金不可となります。,True
loobcot47a,1786511715436,milesixtones-2026,2026-09-19,17:30,味の素スタジアム,electronic,female,同行,ま,5.0,,ランダム,2026-08-12 05:15:15,,2026-09-04 18:01:17,2026-09-01 14:01:18,transition_observed,sold,2,12000,"ランダム配布です。
複数名義所持しております。
全て有効期限内名義、初期当選、ペイジー決済です。

開場時間30分前頃に会場付近で集合し、同時入場して頂きます。...",True
8bomnoj4ad,1786118282841,milesixtones-2026,2026-09-19,17:30,味の素スタジアム,electronic,female,3名義中3番手 ,k,5.0,,番手,2026-08-07 15:58:02,,2026-09-01 10:01:15,,,deleted,1,20000,"FC先行 座席未定。有効期限内名義。3名義中3番手。前回スタンドor初当選のみ✨

プラベル通し可能な方のみ。(1.0/枚プラベル通し残り当日手渡しも可)

公...",True
9evibdze6z,1787669809809,milesixtones-2026,2026-09-19,17:30,味の素スタジアム,electronic,female,同行,n,5.0,,番手,2026-08-25 14:56:49,,2026-09-01 15:01:17,,,deleted,2,18000,"5名義中4番手/全て初期当選/有効期限内/すり替えなし

※プラベルに切り替えます

ご購入いただいた時点で、以下内容に全てご同意いただいたものとみなします。必...",True
8ub8qx1ngm,1785712306921,milesixtones-2026,2026-09-19,17:30,味の素スタジアム,electronic,female,同行,ま,5.0,,番手,2026-08-02 23:11:46,,2026-09-01 14:01:18,,,deleted,2,25000,"3名義中3名義
複数名義所持しております。
全て有効期限内名義、初期当選、ペイジー決済です。

開場時間30分前頃に会場付近で集合し、同時入場して頂きます。...",True
b1swjc3jpv,1787571130705,milesixtones-2026,2026-09-19,17:30,味の素スタジアム,electronic,female,同行,ちゃむ,5.0,,同行番手,2026-08-24 11:32:10,,2026-09-01 08:01:15,,,deleted,1,20000,"金額はご提示ください。（2〜即決あり）
9名義中4番手、当方と同行になります。友人が行けなくなってしまったため早急に探しております。
公演前にお写真など撮りあえ...",True
2rqg6x30g3,1784910198560,milesixtones-2026,2026-09-19,17:30,味の素スタジアム,electronic,female,公演前日QRコード共有,n,5.0,,QR,2026-07-24 16:23:18,,2026-09-04 18:01:17,2026-09-01 23:01:19,transition_observed,sold,2,35000,"QR毎/前回スタンド席/発送物戻りなし／重複・すり替えなし/下3桁提示可能/有効期限内名義/着ブロ希望なし


公演前日までにログイン情報をお伝え致します。ラン...",True
zn2u4pqg58,1784893392552,milesixtones-2026,2026-09-19,17:30,味の素スタジアム,electronic,female,同行,( :ᘌ ꇤ )Э,5.0,,番手同行,2026-07-24 11:43:12,,2026-09-02 00:01:19,,,deleted,2,34500,"FC先行/有効期限内/下3桁提示可/3名義中3番手/すり替えなし

【チケットお渡しまでの流れ】
1. 開場30分前までに開場付近にて待ち合わせ
（詳しい場所は...",True
xi04kfsnls,1784892960974,milesixtones-2026,2026-09-19,17:30,味の素スタジアム,electronic,female,同行,( :ᘌ ꇤ )Э,5.0,,番手同行,2026-07-24 11:36:00,,2026-09-04 18:01:17,2026-09-02 04:01:12,transition_observed,sold,2,22000,"FC先行/有効期限内/下3桁提示可 /2名義中2番手/すり替えなし

【チケットお渡しまでの流れ】
1. 開場30分前までに開場付近にて待ち合わせ
（詳しい場所...",True
ctlr3sell4,1787230744066,milesixtones-2026,2026-09-20,17:30,味の素スタジアム,electronic,female,同行,ほ,5.0,,番手,2026-08-20 12:59:04,,2026-09-01 14:01:18,,,deleted,2,18000,"FC先行 復活当選含む 4名義中4番手
初期当選/期限内/重複すり替えなし/下3桁提示可

ランダム1.6にてお譲り可能

プラベ出品いたしますので、ご検討の方...",True
t0sqhjvr63,1784878351552,milesixtones-2026,2026-09-20,17:30,味の素スタジアム,electronic,female,同行,m,4.6,,番手同行,2026-07-24 07:32:31,,2026-09-01 14:01:18,,,deleted,2,20000,"・5名義中5番手に購入者様に座席選択権利があるチケットになります。
・入場後一度チケットを回収し、こちらで座席を選んだ後、購入者様にお選びいただきます。座席選択...",True
8ot4nbebls,1784872139525,milesixtones-2026,2026-09-20,17:30,味の素スタジアム,electronic,female,ランダム配布,あ,5.0,,同行記載あり,2026-07-24 05:48:59,,2026-09-04 18:01:17,2026-09-01 12:01:17,transition_observed,sold,2,11000,取引決定後の変更不可。Pay-easy支払いのみのランダム配布/初期当選のみ　期限内名義/公演当日、会場付近で待ち合わせをし同時入場して頂きます。開場時間30分...,True
k6kygyd54e,1785334816314,milesixtones-2026,2026-09-20,17:30,味の素スタジアム,electronic,female,同行,333,5.0,,ランダム,2026-07-29 14:20:16,,2026-09-01 14:01:18,,,deleted,2,11500,⭐️開示対策の為プライベート出品に切り替えますのでご希望の方はコメントお願いいたします⭐️中相場での買取、上乗せにて早渡しも可能です。ご希望の場合は必ず事前にコ...,True
0765ta77vq,1784878402694,milesixtones-2026,2026-09-20,17:30,味の素スタジアム,electronic,female,同行,m,4.6,,同行番手,2026-07-24 07:33:22,,2026-09-01 14:01:18,,,deleted,2,25000,"・4名義中5番手に購入者様に座席選択権利があるチケットになります。
・入場後一度チケットを回収し、こちらで座席を選んだ後、購入者様にお選びいただきます。座席選択...",True
sw14lltbe1,1787543424229,milesixtones-2026,2026-09-20,17:30,味の素スタジアム,electronic,female,同行,ゆい,5.0,,番手,2026-08-24 03:50:24,,2026-09-01 16:01:25,,,deleted,2,0,"2名義中2番手、初期当選、すり替えなし、下3桁提示可、有効期限内、Pay-easy支払い

同時入場後、座席確認のためお時間をいただく場合がございますが、早めに...",True
0l4cv410ns,1786759604677,milesixtones-2026,2026-09-20,17:30,味の素スタジアム,electronic,female,同行,き,5.0,,番手,2026-08-15 02:06:44,,2026-09-01 13:01:17,,,deleted,2,30000,"座席未定/FC先行/2名義中2番手/すり替えなし/下3桁提示可

2名義中2番手のチケットをお渡しします

同時入場後、こちらがチケットを選んだ後にお渡しします...",True
mc0n3dkpjs,1787655856738,milesixtones-2026,2026-09-20,17:30,味の素スタジアム,electronic,female,当日,ちゃん,5.0,,ランダム記載あり,2026-08-25 11:04:16,,2026-09-01 15:01:17,,,deleted,2,30000,"3名義中2番手

お取引が決まり次第、プライベート出品させていただきます。


初期当選/3名義中2番手/2連/有効期限内/すり替えなし/下3桁提示可/本人確認...",True
o3xauwyhte,1785197033715,milesixtones-2026,2026-09-20,17:30,味の素スタジアム,electronic,female,公演前日QRコード共有,r,5.0,,QR,2026-07-28 00:03:53,,2026-09-01 07:01:20,,,deleted,2,36000,"QR毎／初期当選/アリツア落選名義/重複すり替えなし/着ブロ希望なし/下3桁提示可能｜有効期限内/発送物戻りなし

公演前日夜にログインに必要な情報をお伝えしま...",True
xo1bnlwxe4,1787187114003,milesixtones-2026,2026-09-20,17:30,味の素スタジアム,electronic,female,同行,ウォン,5.0,,同行,2026-08-20 00:51:54,,2026-09-04 18:01:17,2026-09-01 14:01:18,transition_observed,sold,1,32000,"重複なし同行、有効期限内、FC初期当選、変更ボタン有、同一クレカ決済なし、着ブロ該当なし、下３桁提示可能
当日指定した時間(予定では開演1時間前)を目処に会場付...",True
3wi5f2mw55,1785823116430,milesixtones-2026,2026-09-20,17:30,味の素スタジアム,electronic,female,同行,poy,5.0,,ランダム,2026-08-04 05:58:36,,2026-09-04 18:01:17,2026-09-01 14:01:18,transition_observed,sold,2,12000,当日は開場時間の30分前頃を目安にこちらが指定した場所に集合していただき同時入場後、先に当方が座席選択した後チケットをランダムにお渡しします。ご購入者様は座席選...,True
3npg9rrwbv,1787646745349,milesixtones-2026,2026-11-07,17:00,ヤンマースタジアム長居,electronic,female,公演前日にログイン情報共有,M,5.0,,QR,2026-08-25 08:32:25,,2026-09-02 02:01:08,,,deleted,2,40000,"QR毎/初期当選/重複なし/下3桁提示可/サイチェン可
※過去座席お答えいたしかねます。

公演前日に必要な情報等を連絡ボードにてお知らせ致します。入金確認出来...",True
jp565we3gt,1787542908953,milesixtones-2026,2026-11-08,17:00,ヤンマースタジアム長居,paper,female,当日手渡し,🌙,5.0,,ランダム,2026-08-24 03:41:48,,2026-09-01 15:01:17,,,deleted,2,12000,"少人数ランダム配布/早渡し上乗せ/相場買取可能
🌟プライベート出品に切り替えますので購入希望の方はコメントください🌟

・購入者様に座席の選択権はありません...",True
tg5ck4zbhv,1784904322227,milesixtones-2026,2026-11-21,16:30,日産スタジアム,electronic,female,3名義中2番手／同行,R,5.0,,番手,2026-07-24 14:45:22,,2026-09-01 08:01:15,,,deleted,2,35000,"すり替えなし3名義中2番手
会員番号下3桁提示可／全て期限内／Pay-easy支払い



・購入者様には座席選択権はございません。また、座席選択にお時間がかか...",True
zfrnl6cvbe,1785215005280,milesixtones-2026,2026-11-22,16:30,日産スタジアム,electronic,none,当日,あぴ,5.0,,番手,2026-07-28 05:03:25,,2026-09-02 02:01:08,,,deleted,1,12000,"9名義中9番手

プラベル出品可/初期当選/全て2連当選/すり替えなし/下3桁提示可/有効期限内/ペイジーまたはコンビニ入金/着ブロ指定なし/本人確認不可

【...",True
ha8eth6qmx,1785022764331,milesixtones-2026,2026-11-22,16:30,日産スタジアム,electronic,female,2名義中2番手,ゆ,5.0,,番手,2026-07-25 23:39:24,,2026-09-01 12:01:17,,,deleted,2,30000,"初期当選/下3桁提示可能/すり替えなし/有効期限内

ご覧いただきありがとうございます。
下記全てに同意いただける方のみご購入お願いいたします。

当日はこちら...",True
uiqr3p7lnl,1788233028953,hakuchotokomori-aisatsu,2026-09-04,11:50,丸の内ピカデリー (東京都),electronic,female,ぴあ分配,ねね,5.0,,,2026-09-01 03:23:48,,2026-09-01 10:01:15,,,deleted,1,38000,"⚠️プライベート出品にいたしますので、ご購入希望の方はコメントお願いいたします。

入金確認後、ぴあにて分配いたします。
キャンセル、返金不可",True
7kdpbz9l9w,1788233699245,hakuchotokomori-aisatsu,2026-09-04,11:50,丸の内ピカデリー (東京都),electronic,female,ご入金後分配,h,5.0,,,2026-09-01 03:34:59,,2026-09-01 05:03:14,,,deleted,2,45000,"URLにて分配しますのでご自身でコンビニ発券お願いします。
公演中止の場合のみ返金します。",True
tuhg2glr35,1788263438262,milesixtones-2026,2026-11-07,17:00,ヤンマースタジアム長居,electronic,none,同行,れ,5.0,,同行番手,2026-09-01 11:50:38,,2026-09-01 14:01:18,,,deleted,1,40000,"2名義中1番手同行/松村担不可/下三桁提示可能/着ブロ希望無し/有効期限内/初期当選/すり替えなし/本人確認不可/サイチェン可

・2名義中1番手の同行です。チ...",True
sold_milesixtones-2026_1788264224890_20000,1788264224890,milesixtones-2026,2026-09-19,17:30,味の素スタジアム,electronic,female,同行,,,,,2026-09-01 12:03:44,,2026-09-04 18:01:17,,historical_unknown,sold,2,20000,"2名義中2番手 すり替えなし 下3桁提示 有効期限内 
同時入場後、当方が選ばなかった席をお渡しします。その際に受取評価お願いします。
座席に関するクレームは一...",False
eprbml1cy8,1788269885662,hakucho-to-komori-movie-greeting,2026-09-03,18:30,丸の内ピカデリー (東京都),pickup_number,female,入金後2日以内に発券番号共有,ぴ,5.0,,,2026-09-01 13:38:05,,2026-09-02 01:01:11,,,deleted,1,100000,公演中止以外の理由でのキャンセル一切不可です。,True
lo801at917,1788274281024,milesixtones-2026,2026-11-08,17:00,ヤンマースタジアム長居,paper,female,公演前日ログ情,ぽ,5.0,,QR,2026-09-01 14:51:21,,2026-09-04 18:01:17,2026-09-01 17:01:20,transition_observed,sold,2,40000,"初期当選/アリツア落選名義/下3桁提示可/有効期限内/同行者登録可/発送物戻り無し

公演日前日にログイン情報をお伝えいたします。入場後は、開演前までに受け取り...",True
9k77sap0i6,1787880658122,milesixtones-2026,2026-09-18,17:30,味の素スタジアム,electronic,female,同行,ま,5.0,,同行,2026-08-28 01:30:58,,2026-09-02 08:01:17,,,deleted,1,35000,"当方と同行/重複すり替えなし/初期当選/有効期限内/アリツア落選名義/森本担不可

・お取引は日本語の通じる成人済みの女性に限らせていただきます。
・公演当日の...",True
c7mg0w2rlo,1788231434433,milesixtones-2026,2026-09-19,17:30,味の素スタジアム,electronic,female,座席未定、ランダム配布、座席選択不可,N,5.0,,ランダム,2026-09-01 02:57:14,,2026-09-04 18:01:17,2026-09-02 10:01:14,transition_observed,sold,1,12000,・重複当選のため同時入場後一旦チケットを回収し当方が座席を選んだ後にチケットをランダムに配布します。座席の選択にお時間いただきますが開演の10分前にはチケットお...,True
umbnciptim,1788188900745,milesixtones-2026,2026-09-19,17:30,味の素スタジアム,electronic,female,同行,k,5.0,,番手,2026-08-31 15:08:20,,2026-09-04 18:01:17,2026-09-02 14:01:17,transition_observed,sold,2,15000,"FC先行 該当名義6名義中の6番手全て初期当選すり替えなし下3桁提示可能変更ボタンあり

取引き後は公演中止以外の本人確認/交通機関の遅延／体調不良/ランダムエ...",True
0yf5oai1tb,1788303252823,milesixtones-2026,2026-09-19,17:30,味の素スタジアム,electronic,female,同行,m,4.9,,同行ランダム,2026-09-01 22:54:12,,2026-09-04 18:01:17,2026-09-02 04:01:12,transition_observed,sold,2,12000,"複数名義所持している為同時入場後全てのチケットを回収してこちらで座席を選ばせて頂きます。
QRコードの為当日まで座席は未定です。
詳しい集合場所や時間（15時頃...",True
neu686ll42,1788303941369,milesixtones-2026,2026-09-19,17:30,味の素スタジアム,electronic,female,2名義中2番手 重複すり替えなし 有効期限内,JM,5.0,,ランダム記載あり,2026-09-01 23:05:41,,2026-09-02 03:01:14,,,deleted,2,20000,"2名義中2番手/すり替えなし/下3桁提示可能/有効期限内

・同時入場し発券後、一旦チケットを回収し先に当方が席を選ばせて頂きます。確認に少しお時間頂く場合がご...",True
05zypoq5uq,1788225920158,milesixtones-2026,2026-09-19,17:30,味の素スタジアム,electronic,female,同行,s,5.0,,番手,2026-09-01 01:25:20,,2026-09-02 10:01:14,,,deleted,2,32000,"6名義中3番手 

 FC先行 / 下2桁提示可 / すり替えなし / 有効期限内 / 郵送物戻りや過去エラー等なし

〇お取引の流れ
・開場20分前(予定)ま...",True
jfo5ctpj4h,1787835886987,milesixtones-2026,2026-09-19,17:30,味の素スタジアム,electronic,female,QR毎 (公演前日にログイン情報共有),ちゅーる,5.0,,QR,2026-08-27 13:04:46,,2026-09-04 18:01:17,2026-09-02 05:01:19,transition_observed,sold,2,34500,"QR毎 初期当選すり替えなし下3桁提示可能郵便物戻りなし
有効期限内名義アリーナツアー落選名義着ブロなし
ランダムエラーで入場できなかった場合など、公演中止以外...",True
tcffk8rgtq,1787880693332,milesixtones-2026,2026-09-19,17:30,味の素スタジアム,electronic,female,同行,ま,5.0,,同行,2026-08-28 01:31:33,,2026-09-02 08:01:17,,,deleted,1,35000,"当方と同行/重複すり替えなし/初期当選/有効期限内/アリツア落選名義/森本担不可

・お取引は日本語の通じる成人済みの女性に限らせていただきます。
・公演当日の...",True
oxkl8oibts,1788274262857,milesixtones-2026,2026-09-19,17:30,味の素スタジアム,electronic,female,同行,𝓗,5.0,,ランダム,2026-09-01 14:51:02,,2026-09-04 18:01:17,2026-09-02 07:01:13,transition_observed,sold,1,11000,"少人数ランダム配布

公演当日、開場の約15分前に会場付近にて待ち合わせし、同時入場していただきます。集合場所等は前日までに連絡ボードにてお伝えさせていただきま...",True
4ynlcb5hnc,1788104878805,milesixtones-2026,2026-09-20,17:30,味の素スタジアム,electronic,female,同行,U,5.0,,ランダム,2026-08-30 15:47:58,,2026-09-04 18:01:17,2026-09-02 07:01:13,transition_observed,sold,2,12000,【入場時ランダムエラーの場合の全額返金保証、立見なし】ランダムのお渡しとなり、購入者様の座席選択権はありませんことご理解下さい。(連番での落札は必ず連番のお譲り...,True
8r45ljzznz,1788261439988,milesixtones-2026,2026-09-20,17:30,味の素スタジアム,electronic,female,公演前日にログイン情報共有,ygs,5.0,,QR,2026-09-01 11:17:19,,2026-09-02 12:01:12,,,deleted,2,25000,"QR毎のお譲りになります。
初期当選/下3桁提示可/重複すり替えなし/有効期限内/着ブロ希望なし

・代理購入不可です
・前日の夜にログイン情報をお伝えします...",True
3in2vtw6v5,1788148627716,milesixtones-2026,2026-09-20,17:30,味の素スタジアム,electronic,female,同行,m,5.0,,ランダム,2026-08-31 03:57:07,,2026-09-02 14:01:17,,,deleted,1,12000,"※ ランダム配布
※プライベート出品に変更いたしますのでご購入される方はご連絡お願いいたします。

公演当日、開場30分前を目安に会場付近にて待ち合わせをし、同...",True
lbeq6m5ikx,1788265073294,milesixtones-2026,2026-09-20,17:30,味の素スタジアム,paper,female,当日手渡し,m,5.0,,QR番手,2026-09-01 12:17:53,,2026-09-02 08:01:17,,,deleted,1,23000,"2名義中2番手
プラベルもしくはプライベート出品にしますのでご購入される方はメッセージをお願いいたします
初期当選/2連/すり替えなし/下3桁提示可/有効期限内...",True
6vwaqosfy2,1788102092200,milesixtones-2026,2026-11-08,17:00,ヤンマースタジアム長居,electronic,female,2名義中2番手,M,5.0,,同行番手,2026-08-30 15:01:32,,2026-09-04 18:01:17,2026-09-02 10:01:14,transition_observed,sold,2,12000,"2名義中2番手 　残り2.0/枚当日手渡し
FC先行/初期当選/着ブロ指定なし/有効期限内/下3桁提示可/すり替えなし

プライベート出品、又はプラベルに変更可...",True
sold_milesixtones-2026_1787700507207_18000,1787700507207,milesixtones-2026,2026-11-21,16:30,日産スタジアム,electronic,female,当日手渡し,み,5.0,,番手,2026-08-25 23:28:27,,2026-09-04 18:01:17,,historical_unknown,sold,2,18000,"
2名義中2番手/下三桁提示可能/有効期限内/初期当選/すり替えなし/サイチェン可 


購入希望の方はメッセージお願いいたします。
 開場20分前に待ち合わせ...",True
79anr4ntqy,1788011051185,hakuchotokomori-aisatsu,2026-09-04,11:50,丸の内ピカデリー (東京都),electronic,female,ぴあのURLにて分配,7,5.0,,QR,2026-08-29 13:44:11,,2026-09-02 14:01:17,,,deleted,1,9000,プラベルへの切り替えも対応可能ですのでご気軽にお申し付けください。,True
7hs9i2dpcx,1788077352384,hakuchotokomori-aisatsu,2026-09-04,11:50,丸の内ピカデリー (東京都),electronic,none,チケットぴあより分配,二ー,5.0,,同行,2026-08-30 08:09:12,,2026-09-04 03:01:08,2026-09-02 10:01:14,transition_observed,sold,1,40000,"チケットぴあより分配。
分配受け取り後、受取評価をお願いいたします。",True
m2usjtsmij,1787918677106,hakuchotokomori-aisatsu,2026-09-04,11:50,丸の内ピカデリー (東京都),electronic,female,分配用リンク配布,Y,5.0,,,2026-08-28 12:04:37,,2026-09-04 03:01:08,2026-09-02 18:01:13,transition_observed,sold,1,27000,"当日手渡しも可
分配の場合は発券方法が分かる方のみご購入ください
公演中止の場合のみ返金対応
出演者変更による返金は致しかねますのでご了承ください",True
jfbjzb90l8,1788010754000,hakuchotokomori-aisatsu,2026-09-04,11:50,丸の内ピカデリー (東京都),electronic,female,分配,よ,5.0,,,2026-08-29 13:39:14,,2026-09-02 06:01:14,,,deleted,1,17000,入金確認後、ぴあの分配URLをお伝えします,True
b331h31kx8,1788277038415,hakuchotokomori-aisatsu,2026-09-04,11:50,丸の内ピカデリー (東京都),pickup_number,female,入金後24時間以内にぴあにて分配,🐥,5.0,,,2026-09-01 15:37:18,,2026-09-03 23:01:10,2026-09-02 07:01:13,transition_observed,sold,1,58000,特別出品といたしますので、ご希望の方はコメントをお願いいたします。,True
jddhpj4k9s,1788256369542,hakuchotokomori-aisatsu,2026-09-04,11:50,丸の内ピカデリー (東京都),paper,female,当日手渡し,ぴ,5.0,,,2026-09-01 09:52:49,,2026-09-03 00:01:24,,,deleted,1,153000,"登壇口予想側です。
ご希望の方は必ずメッセージをお願いします。プラベルに変更可能な場合はお値下げ可。
11:15〜20を目安に最寄駅または会場で手渡しします。...",True
ukmigvw7a5,1788077482422,hakuchotokomori-aisatsu,2026-09-04,11:50,丸の内ピカデリー (東京都),electronic,none,チケットぴあより分配,二ー,5.0,,同行,2026-08-30 08:11:22,,2026-09-02 15:01:33,,,deleted,1,32000,"チケットぴあより分配。
分配受け取り後、受取評価をお願いいたします。",True
ajxbxpgnlr,1788302143049,hakuchotokomori-aisatsu,2026-09-04,11:50,丸の内ピカデリー (東京都),paper,female,当日手渡し,naho,5.0,,同行,2026-09-01 22:35:43,,2026-09-02 14:01:17,,,deleted,1,12000,"チケットは11:30頃会場付近にて当日手渡しになります。
当日チケットをお受け取り後は、速やかに受取完了をお願いします。
公演中止以外如何なる理由でも返金キャン...",True
ah8zbo6559,1787934983602,hakuchotokomori-aisatsu,2026-09-04,11:50,丸の内ピカデリー (東京都),electronic,female,チケットぴあにて分配,Y,5.0,,,2026-08-28 16:36:23,,2026-09-04 03:01:08,2026-09-02 11:01:12,transition_observed,sold,2,25000,"ご入金確認後チケットぴあにて分配URLお送りいたします。Myチケットにてお受け取り後は速やかに受取連絡をお願いいたします。
チケットは最寄りのコンビニにてご自身...",True
vfd3upjs7d,1787978477146,hakuchotokomori-aisatsu,2026-09-04,15:00,丸の内ピカデリー (東京都),electronic,none,入金確認後分配URL共有,7,5.0,,,2026-08-29 04:41:17,,2026-09-02 15:01:33,,,deleted,2,60000,プライベート出品に切り替えますのでご購入希望の方はメッセージよろしくお願いいたします。公演中止以外は返金不可。,True
djlccq0r2f,1787953664958,hakuchotokomori-aisatsu,2026-09-04,15:00,丸の内ピカデリー (東京都),paper,none,分配,ｺｺﾅｯﾂ,5.0,,,2026-08-28 21:47:44,,2026-09-02 16:01:17,,,deleted,1,20000,"チケットぴあより分配致しますので
ご自身で発券お願いします。

迅速に対応致しますので
宜しくお願いします✧︎

⚠︎ 9/2 23:59 までの出品です",True
qlr7t3xxa2,1787922715902,hakuchotokomori-aisatsu,2026-09-04,15:00,丸の内ピカデリー (東京都),electronic,female,入金後24時間以内に分配用URL共有,K,5.0,,,2026-08-28 13:11:55,,2026-09-02 02:01:08,,,deleted,1,80000,"6〜即8
⚠️プライベート出品に変更いたしますので、購入希望の方はメッセージにて【金額】を記載の上ご連絡ください⚠️

入金確認後、分配用URLをお送りいたしま...",True
6ybx7sqhdg,1788238944321,hakucho-to-komori-movie-greeting,2026-09-03,18:30,丸の内ピカデリー (東京都),paper,none,発券番号でのお譲り,M,5.0,,,2026-09-01 05:02:24,,2026-09-02 05:01:19,,,deleted,1,32000,"入金後こちらから発券番号をお送りするので、ご自身で発券していただく形になります。
※公演中止以外如何なる理由でも返金キャンセルはいたしかねます。
座席へのクレー...",True
9xy21inttn,1787963141594,hakucho-to-komori-movie-greeting,2026-09-03,18:30,丸の内ピカデリー (東京都),electronic,female,入金確認後、発券番号共有（バラの場合当日手渡し）,white,5.0,,,2026-08-29 00:25:41,,2026-09-02 14:01:17,,,deleted,2,25000,チケットは連番になります。ご入金確認後、発券番号を共有いたしますので24時間以内に受け取りをお願いいたします。お受け取り後は速やかに受取連絡をお願いいたします。...,True
agzvydxq23,1788010684584,hakucho-to-komori-movie-greeting,2026-09-03,18:30,丸の内ピカデリー (東京都),electronic,female,入金後分配URL共有、郵送応相談,み,5.0,,,2026-08-29 13:38:04,,2026-09-02 13:01:21,,,deleted,1,11000,"プラベル切り替えに対応可能。
公演中止以外のキャンセル返金不可。

他サイトにも出品中のため決まり次第取り下げます",True
sigj2gwt9o,1787925657607,hakucho-to-komori-movie-greeting,2026-09-03,18:30,丸の内ピカデリー (東京都),electronic,female,入金後24時間以内に分配,お,5.0,,,2026-08-28 14:00:57,,2026-09-03 06:01:18,2026-09-02 16:01:17,transition_observed,sold,1,30000,プライベート出品に切り替えますのでメッセージよりご連絡ください,True
u439lboxzz,1787469765100,milesixtones-2026,2026-09-19,17:30,味の素スタジアム,electronic,female,公演前日QRコード共有,♡,5.0,,ランダム記載あり,2026-08-23 07:22:45,,2026-09-02 19:01:13,,,deleted,2,35000,"QR毎/重複・すり替えなし/下3桁提示可/有効期限内/着ブロ希望なし/初当選名義

・公演前日に、ログイン情報をお伝えいたしますので、当日はQRを表示してご入場...",True
q5fl7kjpax,1787045773200,milesixtones-2026,2026-09-19,17:30,味の素スタジアム,electronic,female,同行,S,5.0,,番手,2026-08-18 09:36:13,,2026-09-04 18:01:17,2026-09-02 08:01:17,transition_observed,sold,1,39000,"7名義中3番手/初期当選/下3桁提示可/有効期限内／すり替えなし
※特別出品、プライベート出品にも変更可能ですので、ご希望の際はお気軽にリクエストメッセージをお...",True
ei9thmyjs7,1786416115680,milesixtones-2026,2026-09-19,17:30,味の素スタジアム,electronic,female,同行,ち,5.0,,番手,2026-08-11 02:41:55,,2026-09-04 18:01:17,2026-09-02 11:01:12,transition_observed,sold,1,22000,"3名義中3番手/すり替えなし/下3桁提示可能/有効内/アリツ落選名義

プライベートモードにて再度出品いたしますので、お取引希望の方はメッセージにてご連絡くださ...",True
6wco2io2bx,1785091431759,milesixtones-2026,2026-09-19,17:30,味の素スタジアム,electronic,female,QR毎,M,5.0,,QR,2026-07-26 18:43:51,,2026-09-02 11:01:12,,,deleted,2,40000,"初期当選/2026年アリツア落選名義/有効期限内名義/変更ボタン有り/重複すり替えなし/着ブロ指定なし/下3桁提示可
郵便物戻り 過去エラーなし
同一アドレス電...",True
hdybdkwc4x,1785040727951,milesixtones-2026,2026-09-19,17:30,味の素スタジアム,electronic,female,5名義中4番手,3,5.0,,番手,2026-07-26 04:38:47,,2026-09-04 18:01:17,2026-09-02 10:01:14,transition_observed,sold,2,19000,"5名義中4番手

初期当選/有効期限内/すり替えなし/下3桁提示可 

座席についてのクレーム等一切受け付けておりません。

公演3日前頃を目安に、当日の集合時...",True
nyryh2ot99,1784910007586,milesixtones-2026,2026-09-20,17:30,味の素スタジアム,electronic,female,同行,M,5.0,,番手,2026-07-24 16:20:07,,2026-09-02 13:01:21,,,deleted,2,30000,"2名義中2番手/初期当選/着ブロなし/期限内名義/すり替えなし/下3桁提示可
【必ずお読みください】
・﻿﻿開演1時間前を目処に会場付近に集合し同時入場していた...",True
aw4ojcty47,1785423832097,milesixtones-2026,2026-09-20,17:30,味の素スタジアム,electronic,female,同行,333,5.0,,ランダム,2026-07-30 15:03:52,,2026-09-02 13:01:21,,,deleted,2,12000,⭐️開示対策の為プライベート出品に切り替えますのでご希望の方はコメントお願いいたします⭐️中相場での買取、上乗せにて早渡しも可能です。ご希望の場合は必ず事前にコ...,True
prspow0exj,1786974852341,milesixtones-2026,2026-09-20,17:30,味の素スタジアム,electronic,female,番手,🍓,5.0,,番手,2026-08-17 13:54:12,,2026-09-02 04:01:12,,,deleted,1,20000,"3名義中3番手でのお渡しです。
⚠️1枚のみです

初期当選/FC先行/発送戻りなし/すり替えなし/下3桁提示可/有効期限内

・同時入場後全てのチケットを回収...",True
b5w1le72ow,1785252204746,milesixtones-2026,2026-11-07,17:00,ヤンマースタジアム長居,electronic,female,同行,A,5.0,,ランダム記載あり,2026-07-28 15:23:24,,2026-09-04 18:01:17,2026-09-02 11:01:12,transition_observed,sold,2,15000,"複数名義所持の為、同時入場発券後、こちらで座席確認後のランダム配布となります。

発券後はチケットを回収し座席の確認にお時間いただく可能性がございます為、一度解...",True
e6z85b6abv,1785166483317,milesixtones-2026,2026-11-08,17:00,ヤンマースタジアム長居,electronic,female,3名義中2番手,わんわん,5.0,,番手,2026-07-27 15:34:43,,2026-09-04 18:01:17,2026-09-02 05:01:19,transition_observed,sold,2,23000,"初期当選/3名義中2番手/すり替えなし/下3桁提示可

・待ち合わせ場所や時間などの詳細は決まり次第ご連絡いたします。集合時間に遅れた場合は待たずに入場いたしま...",True
g182ui4c3a,1785552627591,milesixtones-2026,2026-11-21,16:30,日産スタジアム,electronic,none,同行,a,5.0,,番手,2026-08-01 02:50:27,,2026-09-04 18:01:17,2026-09-02 12:01:12,transition_observed,sold,2,15000,"3名義中3番手
下三桁提示可能/すり替えなし/有効期限内//郵便物戻りなし/アリツア落選名義/着席希望なし/

・公演当日は開場時間20~30分前に会場付近で待...",True
eo1trdhmfo,1785552792683,milesixtones-2026,2026-11-21,16:30,日産スタジアム,electronic,none,同行,a,5.0,,番手,2026-08-01 02:53:12,,2026-09-02 16:01:17,,,deleted,2,25000,"3名義中2番手
下三桁提示可能/すり替えなし/有効期限内//郵便物戻りなし/アリツア落選名義/着席希望なし/

・公演当日は開場時間20~30分前に会場付近で待...",True
mb6z6un6id,1786933671345,milesixtones-2026,2026-11-22,16:30,日産スタジアム,electronic,female,同行,H,5.0,,番手,2026-08-17 02:27:51,,2026-09-04 18:01:17,2026-09-02 12:01:12,transition_observed,sold,2,20000,"3名義中3番手

FC先行/初期当選/すり替えなし/下3桁提示可能/全て有効期限内名義

公演当日開場30〜15分前に集合して頂きます。詳しい時間、場所等はマイ...",True
sold_hakuchotokomori-aisatsu_1788355069271_7000,1788355069271,hakuchotokomori-aisatsu,2026-09-04,15:00,丸の内ピカデリー (東京都),paper,female,入金後24時間以内に分配,,,,,2026-09-02 13:17:49,,2026-09-04 03:01:08,,historical_unknown,sold,1,7000,お支払い後ぴあ分配にてお譲り致します。,False
sold_hakucho-to-komori-movie-greeting_1788361689957_17000,1788361689957,hakucho-to-komori-movie-greeting,2026-09-03,18:30,丸の内ピカデリー (東京都),pickup_number,female,入金確認後ぴあcloakにて分配,em,5.0,,,2026-09-02 15:08:09,,2026-09-03 06:01:18,,historical_unknown,sold,1,17000,🎀様専用　公演中止の場合のみ手数料を引いた金額を返金いたします。,True
uv1poz607y,1788384824706,hakuchotokomori-aisatsu,2026-09-04,11:50,丸の内ピカデリー (東京都),electronic,female,入金確認後分配URL共有,や,5.0,,,2026-09-02 21:33:44,,2026-09-02 23:01:22,,,deleted,1,15000,"プライベート出品に変更いたしますのでご連絡ください。
公演中止以外での返金不可。",True
cqqb38pdby,1787823244086,milesixtones-2026,2026-09-19,17:30,味の素スタジアム,electronic,none,同行,あ,5.0,,ランダム,2026-08-27 09:34:04,,2026-09-03 14:01:18,,,deleted,1,11000,入場後、全てチケットを回収させて頂き、当方が座席を選択した後にランダムでお渡し致します。選択までに時間がかかる場合もございますので予めご了承ください。お渡しした...,True
ghz7t84ga4,1788155280094,milesixtones-2026,2026-09-19,17:30,味の素スタジアム,electronic,female,同行,a,5.0,,同行,2026-08-31 05:48:00,,2026-09-04 18:01:17,2026-09-04 01:01:09,transition_observed,sold,1,31000,"当方と同行。松村担不可
重複なし 初期当選 期限内 郵送物戻りなし
プラベルに切り替えますのでご連絡お願いいたします。

会場付近にて待ち合わせをし、入場後、一...",True
0ua3ufji8x,1788354662038,milesixtones-2026,2026-09-19,17:30,味の素スタジアム,electronic,female,同行,✨,5.0,,同行,2026-09-02 13:11:02,,2026-09-03 11:01:19,,,deleted,1,30000,"2連中1枚同行でのお譲りになります。
京本担不可/復活当選/有効期限内/下3桁提示可/重複すり替えなし

公演当日は開場時間の20〜30分前にお集まりいただく予...",True
cd4ed5x9x3,1788334923944,milesixtones-2026,2026-09-19,17:30,味の素スタジアム,electronic,female,同行,ま,5.0,,同行,2026-09-02 07:42:03,,2026-09-03 11:01:19,,,deleted,1,30000,"当方と同行/重複すり替えなし/初期当選/有効期限内/アリツア落選名義/森本担不可

・お取引は日本語の通じる成人済みの女性に限らせていただきます。
・公演当日の...",True
m2sa4yp0bm,1788098458894,milesixtones-2026,2026-09-19,17:30,味の素スタジアム,electronic,female,同行,M,5.0,,ランダム,2026-08-30 14:00:58,,2026-09-04 18:01:17,2026-09-03 06:01:18,transition_observed,sold,2,12000,入場後、全てチケットを回収させて頂き、当方が座席を選択した後にランダムでお渡し致します。選択までに時間がかかる場合もございますので予めご了承ください。お渡しした...,True
ttppfwze1z,1788369241886,milesixtones-2026,2026-09-20,17:30,味の素スタジアム,electronic,female,同行,あ,5.0,,同行,2026-09-02 17:14:01,,2026-09-03 12:01:16,,,deleted,1,30000,"同行

初期当選/重複・すり替えなし/下三桁提示可能/着ブロ希望無し/有効期限内/サイチェン可

プラベル取引可


・公演当日は開場時間15分前に会場付近で待...",True
ur0kuj3mmy,1788267751419,milesixtones-2026,2026-11-07,17:00,ヤンマースタジアム長居,electronic,none,同行,a,5.0,,ランダム,2026-09-01 13:02:31,,2026-09-04 18:01:17,2026-09-03 11:01:19,transition_observed,sold,2,15000,"複数名義中ランダム配布

・開場30〜45分前に集合していただきます。集合場所は公演前日にお伝えいたします。

・入場後全てのチケットを回収し予めお伺いする【お...",True
9k3oyyvmdy,1788259940740,milesixtones-2026,2026-11-21,16:30,日産スタジアム,electronic,female,2連中1枚 交換希望,a,5.0,,同行,2026-09-01 10:52:20,,2026-09-03 05:01:16,,,deleted,1,300,"味の素 9/20 or白鳥とコウモリ 舞台挨拶との交換希望 番手下がり検討可能(ランダム不可)

お譲りチケット条件は下記の通りです。
重複すり替えなし FC×...",True
bjchnfsfn6,1788270353320,milesixtones-2026,2026-11-22,16:30,日産スタジアム,electronic,female,公演前日にQRコード共有,m,5.0,,QR,2026-09-01 13:45:53,,2026-09-03 04:01:14,,,deleted,2,55000,"FC先行/座席未定/初期当選/アリツア落選名義/有効期限内/重複すり替え無し/下3桁提示可能/同一クレカ決済なし/サイチェン可

・公演前日に、ログイン情報を提...",True
i3e24pvkrt,1788002272899,hakuchotokomori-aisatsu,2026-09-04,11:50,丸の内ピカデリー (東京都),electronic,female,分配,pi,5.0,,,2026-08-29 11:17:52,,2026-09-03 13:01:16,,,deleted,1,0,公演中止の場合のみ手数料を差し引いた全額を返金します。,True
r8kdzy1o4c,1787916173984,hakuchotokomori-aisatsu,2026-09-04,11:50,丸の内ピカデリー (東京都),pickup_number,none,入金後5時間以内にぴあのURL分配,M,5.0,,,2026-08-28 11:22:53,,2026-09-03 15:01:14,,,deleted,1,70000,"本日中に入金していただければ本日中に分配可能です。
9/4以降は、なるべくすぐに分配します。",True
1g3qexn6nv,1787936056950,hakuchotokomori-aisatsu,2026-09-04,11:50,丸の内ピカデリー (東京都),electronic,none,入金後24時間以内に分配いたします。,taeyeon,5.0,,,2026-08-28 16:54:16,,2026-09-04 03:01:08,2026-09-03 15:01:14,transition_observed,sold,1,36000,"分配にてお譲りいたしますのでご自身のお名前で入場できます。
公演中止以外のご返金は致しかねます。",True
vidfhgpag6,1788020001493,hakuchotokomori-aisatsu,2026-09-04,11:50,丸の内ピカデリー (東京都),electronic,female,入金後にURLを分配,mn,5.0,,QR,2026-08-29 16:13:21,,2026-09-03 16:01:19,,,deleted,1,26000,"ぴあにて分配致します。ご自身のお名前で入場可能です。
公演中止以外のご返金は致しかねます。
",True
sold_hakuchotokomori-aisatsu_1788343264909_23000,1788343264909,hakuchotokomori-aisatsu,2026-09-04,11:50,丸の内ピカデリー (東京都),electronic,none,チケットぴあにて分配,M,5.0,,,2026-09-02 10:01:04,,2026-09-04 03:01:08,,historical_unknown,sold,1,23000,"お値下げしました。
分配URLをお送りします。
公演中止のみ手数料を引いた全額を返金いたします。
受け取りが完了しましたら速やかに受け取り評価をお願いします。",True
fx0ts78rhf,1788346002169,hakuchotokomori-aisatsu,2026-09-04,11:50,丸の内ピカデリー (東京都),electronic,female,分配,♡,5.0,,,2026-09-02 10:46:42,,2026-09-03 14:01:18,,,deleted,1,31500,プライベート出品・プラベルに変更可,True
mon6co2epv,1787919718244,hakuchotokomori-aisatsu,2026-09-04,11:50,丸の内ピカデリー (東京都),paper,female,郵送か手渡し、又は発券番号をお伝えします。,る。,5.0,,,2026-08-28 12:21:58,,2026-09-04 03:01:08,2026-09-03 03:01:31,transition_observed,sold,1,25000,"公演中止のみ手数料引いた金額返金致します。
その他天候、交通トラブル、出演者変更や入場トラブル等如何なる場合においても返金不可。",True
o1mguq579g,1788324644481,hakuchotokomori-aisatsu,2026-09-04,11:50,丸の内ピカデリー (東京都),paper,none,入金後すぐに発券番号共有,M,5.0,,,2026-09-02 04:50:44,,2026-09-04 03:01:08,2026-09-03 18:01:14,transition_observed,sold,1,23000,"入金後こちらから発券番号をお送りするので、ご自身で発券していただく形になります。
※公演中止以外如何なる理由でも返金キャンセルはいたしかねます。
座席へのクレー...",True
e6dgcib0gh,1788005878192,hakuchotokomori-aisatsu,2026-09-04,11:50,丸の内ピカデリー (東京都),electronic,none,分配,よ,5.0,,,2026-08-29 12:17:58,,2026-09-03 13:01:16,,,deleted,1,53000,入金確認後、ぴあの分配URLを送付,True
8tn9nls6qj,1787925446745,hakuchotokomori-aisatsu,2026-09-04,11:50,丸の内ピカデリー (東京都),electronic,female,ご入金確認後チケットぴあにて分配,Y,5.0,,,2026-08-28 13:57:26,,2026-09-03 07:01:20,,,deleted,1,75000,"残り1枚
プライベート出品・プラベル対応可
ご購入希望の方はメッセージお願いいたします。

ご入金確認後チケットぴあにて分配URLお送りいたします。分配お受け取...",True
pfqag9mc7o,1788163355021,hakuchotokomori-aisatsu,2026-09-04,11:50,丸の内ピカデリー (東京都),electronic,female,分配URLまたは発券番号共有,R,5.0,,,2026-08-31 08:02:35,,2026-09-03 14:01:18,,,deleted,1,26000,"プライベート出品対応可能
分配URLまたは発券番号をお伝えいたします。
公演中止のみ手数料を除いた全額を返金いたします。
受け取りが完了したら速やかに受け取り評...",True
92yoqfv4xg,1788385296808,hakuchotokomori-aisatsu,2026-09-04,15:00,丸の内ピカデリー (東京都),paper,none,入金後24時間以内に分配,a,5.0,,,2026-09-02 21:41:36,,2026-09-03 14:01:18,,,deleted,1,56000,"プラベル、プライベート出品への変更可
購入希望される方はメッセージにてお知らせください。
入金確認でき次第、Myチケットにて分配いたします。

主催者側都合によ...",True
7sqgirmizj,1788197276584,hakuchotokomori-aisatsu,2026-09-04,15:00,丸の内ピカデリー (東京都),electronic,female,チケットぴあ分配,まる,5.0,,,2026-08-31 17:27:56,,2026-09-04 03:01:08,2026-09-03 16:01:19,transition_observed,sold,1,110000,分配URLをお送りしますので、ご自身で発券をお願いいたします,True
6d3jhregv4,1788064253615,hakuchotokomori-aisatsu,2026-09-04,15:00,丸の内ピカデリー (東京都),electronic,female,チケットぴあにて分配,m,5.0,,,2026-08-30 04:30:53,,2026-09-03 13:01:16,,,deleted,1,43000,"プラベルへの変更可能。入金確認後、チケットぴあにてURLで分配いたします。
ご購入者様の名前が券面に印字されます。
チケットが分配されたらすみやかに受取通知をお...",True
hs9m9zeqw9,1787965223409,hakuchotokomori-aisatsu,2026-09-04,15:00,丸の内ピカデリー (東京都),electronic,female,入金確認後、発券番号共有,white,5.0,,,2026-08-29 01:00:23,,2026-09-03 12:01:16,,,deleted,1,20000,"ご入金確認後、発券番号共有いたしますので、24時間以内に受け取りをお願いいたします。お受け取り後は速やかに受取連絡をお願いいたします。
チケットは最寄りのコンビ...",True
z1ejt19t1q,1788358284535,hakuchotokomori-aisatsu,2026-09-04,15:00,丸の内ピカデリー (東京都),electronic,female,ぴあURL分配,aaa,5.0,,,2026-09-02 14:11:24,,2026-09-04 03:01:08,2026-09-04 00:01:17,transition_observed,sold,1,48000,"入金確認後、チケットぴあにてURLで分配いたします。購入者様自身のお名前が券面に印字されます。
チケットが分配されましたら速やかに受取通知をお願いします。

※...",True
kqumjg6km0,1788372141339,hakucho-to-komori-movie-greeting,2026-09-03,18:30,丸の内ピカデリー (東京都),pickup_number,female,ぴあcloakにて分配,em,5.0,,,2026-09-02 18:02:21,,2026-09-03 05:01:16,2026-09-03 03:01:31,transition_observed,sold,1,17000,,True
zbbq5y4dav,1787978241930,hakucho-to-komori-movie-greeting,2026-09-03,18:30,丸の内ピカデリー (東京都),electronic,none,入金確認後分配URL共有,7,5.0,,,2026-08-29 04:37:21,,2026-09-03 06:01:18,,,listing,2,55000,プライベート出品に切り替えますのでご購入希望の方はメッセージよろしくお願いいたします。公演中止以外は返金不可。,True
5nym4h1m78,1786975172058,milesixtones-2026,2026-09-19,17:30,味の素スタジアム,electronic,female,3名義中2番手,な,5.0,,番手,2026-08-17 13:59:32,,2026-09-03 16:01:19,,,deleted,1,30000,"3名義中2番手 （2連中1枚）
全て初期当選/有効期限内/下3桁提示可
（3名義中：FC×FC 2名義、FC×非該当 1名義 FC全てアリツア落選名義）

・当...",True
0nzqdgroct,1787616889733,milesixtones-2026,2026-09-19,17:30,味の素スタジアム,electronic,female,座席未定、複数名義所持、ランダム配布,N,5.0,,ランダム,2026-08-25 00:14:49,,2026-09-04 18:01:17,2026-09-03 14:01:18,transition_observed,sold,2,13000,・重複当選のため同時入場後一旦チケットを回収し当方が座席を選んだ後にチケットをランダムに配布します。座席の選択にお時間いただきますが開演の10分前にはチケットお...,True
jkb92uu2q0,1784893591977,milesixtones-2026,2026-09-19,17:30,味の素スタジアム,electronic,female,同時入場,Ｊ,5.0,,番手,2026-07-24 11:46:31,,2026-09-04 18:01:17,2026-09-03 13:01:16,transition_observed,sold,2,18000,"６名義中５番手のお譲り
プラベル出品可/全て２連当選/すり替えなし/該当名義/初期当選/当選名義下３桁提示/有効期限内/Pay-easy入金/着ブロ指定なし/サ...",True
cjktorddky,1787039739957,milesixtones-2026,2026-09-19,17:30,味の素スタジアム,electronic,none,公演前日にログイン情報共有,あぼかど,5.0,,QR,2026-08-18 07:55:39,,2026-09-03 13:01:16,,,deleted,2,40000,"QR毎/重複すり替えなし/下3桁提示可能/着ブロ希望なし/有効期限内名義

・公演前日にログインに必要な情報を共有いたします。座席に関してのクレームは一切受け付...",True
x5bhz27dt1,1787538917714,milesixtones-2026,2026-09-19,17:30,味の素スタジアム,electronic,female,QRごと（公演前日にログイン情報共有）,mm,5.0,,QR,2026-08-24 02:35:17,,2026-09-04 18:01:17,2026-09-03 15:01:14,transition_observed,sold,2,37500,"初期当選 すり替えなし 下3桁提示可能 郵便物戻りなし 有効期限内名義 アリーナツアー落選名義 着ブロなし

ランダムエラーで入場できなかった場合など、公演中止...",True
i7b7yswx0c,1785850028101,milesixtones-2026,2026-09-19,17:30,味の素スタジアム,electronic,none,公演前日QRコード共有,R,5.0,,QR,2026-08-04 13:27:08,,2026-09-04 18:01:17,2026-09-03 05:01:16,transition_observed,sold,1,35000,"QRごと 初期当選 有効期限内名義 下3桁提示可 着ブロ希望無し すり替え無し

公演日前日に情報をお送りいたします。チケット発券後は速やかにログアウトし、受取...",True
kp8v0xipq9,1785290893256,milesixtones-2026,2026-09-19,17:30,味の素スタジアム,electronic,female,同行,🐥,5.0,,番手,2026-07-29 02:08:13,,2026-09-03 15:01:14,,,deleted,2,18000,"3名義中3番手/すり替えなし/下3桁提示可能/有効内/アリツ落選名義

プライベートモードにて再度出品いたしますので、お取引希望の方はメッセージにてご連絡くださ...",True
86kfx1idh0,1785240653078,milesixtones-2026,2026-09-19,17:30,味の素スタジアム,electronic,female,同行,ごも,5.0,,番手,2026-07-28 12:10:53,,2026-09-03 15:01:14,,,deleted,2,30000,"初期当選 2名義中2番手 下3桁提示可 すり替えなし  有効期限内 座席未定 女性名義 着ブロなし
・当日は会場付近の指定した場所に時間厳守で集合していただきま...",True
r73yn6hoye,1784976886336,milesixtones-2026,2026-09-20,17:30,味の素スタジアム,electronic,female,公演日前日までにQRコード共有,無,5.0,,QR,2026-07-25 10:54:46,,2026-09-04 18:01:17,2026-09-03 10:01:21,transition_observed,sold,2,32000,"※プラベル可
FC初当選
QR毎・アリツア落選名義・下3桁提示可・重複すり替えなし・有効期限内・着ブロ希望なし

・公演前日までにログイン情報をお伝えします。...",True
xiitirf6gx,1786365017752,milesixtones-2026,2026-09-20,17:30,味の素スタジアム,electronic,female,入金後24時間以内にQRコード共有,さ,5.0,,QR,2026-08-10 12:30:17,,2026-09-03 20:01:17,,,deleted,2,40000,"QRごと/初期当選/重複すり替えなし/着ブロ希望なし/下3桁提示可能/有効期限内/発送物戻りなし

公演前日の夜に当方が代表同行共に同意後、QR表示できる状態で...",True
fuzspkkr6v,1787024821499,milesixtones-2026,2026-09-20,17:30,味の素スタジアム,electronic,female,同行,m,5.0,,ランダム,2026-08-18 03:47:01,,2026-09-03 12:01:16,,,deleted,1,11000,"※ ランダム配布

※プライベート出品に変更いたしますのでご購入される方はご連絡お願いいたします。

公演当日、入場開始30分前を目安に会場付近にて待ち合わせを...",True
gvjgczr66l,1787306801113,milesixtones-2026,2026-09-20,17:30,味の素スタジアム,electronic,female,同行,ユ,5.0,,QR番手,2026-08-21 10:06:41,,2026-09-03 13:01:16,,,deleted,2,22000,"2名義中2番手/どちらも初期当選/有効期限内/下3件提示可/すり替えなし/着ブロ指定なし

開場15分前に会場付近にて集合し、同時入場していただきます。
予定時...",True
klnt6qylwm,1785334787314,milesixtones-2026,2026-09-20,17:30,味の素スタジアム,electronic,female,同行,333,5.0,,ランダム,2026-07-29 14:19:47,,2026-09-03 12:01:16,,,deleted,1,11300,⭐️開示対策の為プライベート出品に切り替え可能です。ご希望の方はコメントお願いいたします⭐️中相場での買取、上乗せにて早渡しも可能です。ご希望の場合は必ず事前に...,True
yq83s2jk9h,1784874961729,milesixtones-2026,2026-09-20,17:30,味の素スタジアム,electronic,female,同行,に,5.0,,番手,2026-07-24 06:36:01,,2026-09-03 16:01:19,,,deleted,2,49000,"6名義中4番手　すり替えなし/着ブロ希望名義含む/有効期限内/下3桁提示可能

チケットを複数所持しております。同時入場後にチケットを一旦回収し、こちらが選ばな...",True
sold_milesixtones-2026_1787591303546_30000,1787591303546,milesixtones-2026,2026-09-20,17:30,味の素スタジアム,electronic,female,公演前日にログイン情報共有,み,5.0,,QR,2026-08-24 17:08:23,,2026-09-04 18:01:17,,historical_unknown,sold,2,30000,"初期当選/QRごと/有効期限内/下3桁提示可/着ブロ希望なし/コンビニ決済/過去エラーなし/郵便物戻りなし

過去当選歴のお答えはいたしかねます。
同行者の同意...",True
2uiyj2lwoj,1785056310873,milesixtones-2026,2026-11-08,17:00,ヤンマースタジアム長居,electronic,female,同時入場,にこ,5.0,,QR番手,2026-07-26 08:58:30,,2026-09-03 10:01:21,,,deleted,1,20000,"3名義中3番手(単番QR3名義所持)すり替えなし サイチェン可 有効期限内 同一決済なし 会員番号下3桁提示可

・当日、当方が指定する集合場所にて開場時間の1...",True
hvaue8tgnr,1784878232677,milesixtones-2026,2026-11-21,16:30,日産スタジアム,electronic,female,同行,t,5.0,,同行,2026-07-24 07:30:32,,2026-09-03 14:01:18,,,deleted,1,0,"同行  有効期限内 下3桁提示可
本人確認、天候、体調不良、ランダムエラー等如何なる場合であっても返金は致しかねます。",True
o1cr025mp4,1784976005157,milesixtones-2026,2026-11-21,16:30,日産スタジアム,electronic,female,同行,t,5.0,,同行,2026-07-25 10:40:05,,2026-09-03 14:01:18,,,deleted,1,70000,"2連中当方と同行  有効期限内 下3桁提示可
本人確認、天候、体調不良、ランダムエラー等如何なる場合であっても返金は致しかねます。",True
03o0ly7je2,1784878082046,milesixtones-2026,2026-11-21,16:30,日産スタジアム,electronic,female,同行,t,5.0,,同行,2026-07-24 07:28:02,,2026-09-03 14:01:18,,,deleted,1,85000,"同行  有効期限内 下3桁提示可 
本人確認、天候、体調不良、ランダムエラー等如何なる場合であっても返金は致しかねます。",True
cgnavlhqrp,1787637627393,milesixtones-2026,2026-11-22,16:30,日産スタジアム,electronic,female,6名義中4番手,ち,5.0,,番手,2026-08-25 06:00:27,,2026-09-03 05:01:16,,,deleted,2,20000,"プライベート出品もしくはプラベルに切り替えますので、事前にご連絡お願いいたします。
6名義中4番手
初期当選/有効期限内/すり替えなし
入金確認出来次第の下3桁...",True
6doaraxarj,1784877380478,milesixtones-2026,2026-11-22,16:30,日産スタジアム,electronic,female,同行,き,5.0,,同行,2026-07-24 07:16:20,,2026-09-03 17:01:18,,,deleted,1,20000,"⚠️当日3.0手渡し

FC初期当選/有効期限内/重複すり替えなし/会員番号下3桁提示可

プライベート出品に変更するため、購入希望の方は担当様明記の上、メッセ...",True
sold_milesixtones-2026_1788433306053_21000,1788433306053,milesixtones-2026,2026-09-19,17:30,味の素スタジアム,electronic,female,同時入場,,,,,2026-09-03 11:01:46,,2026-09-04 18:01:17,,historical_unknown,sold,2,21000,"2名義中2名義目、有効期限会員、下3桁提示可、場合によってはQRごとのお譲り
公演当日、開演約2時間10分前に会場付近で待ち合わせをお願い致します。余裕を持って...",False
8oa507us95,1788434997496,milesixtones-2026,2026-09-19,17:30,味の素スタジアム,electronic,female,同行,ごも,5.0,,ランダム,2026-09-03 11:29:57,,2026-09-04 18:01:17,2026-09-03 15:01:14,transition_observed,sold,2,12000,"入場後、一度チケットを回収させて頂き、公演開始20分前までにチケットをお渡し致します。※座席によっては即渡し可能です。
チケットお渡しまでに時間がかかる場合もご...",True
8gomvgx5d7,1788439960535,hakuchotokomori-aisatsu,2026-09-04,11:50,丸の内ピカデリー (東京都),paper,female,当日手渡し,あか,5.0,,,2026-09-03 12:52:40,,2026-09-03 14:01:18,,,deleted,1,50000,当日、駅付近にて手渡しいたします。,True
sold_hakuchotokomori-aisatsu_1788440411836_23000,1788440411836,hakuchotokomori-aisatsu,2026-09-04,11:50,丸の内ピカデリー (東京都),pickup_number,none,入金後すぐに分配,な,5.0,,,2026-09-03 13:00:11,,2026-09-04 02:01:08,,historical_unknown,sold,1,23000,,True
9nqpw6haju,1788450474481,milesixtones-2026,2026-09-19,17:30,味の素スタジアム,electronic,female,同行,Y,5.0,,番手,2026-09-03 15:47:54,,2026-09-03 17:01:18,,,deleted,2,10000,"【2名義中2番手】
下3桁提示可能/すり替えなし/有効期限内/着ブロなし/サイチェン可能
⭐️必ずお読みください⭐️
・サイト1.0＋当日手渡し2.0/枚
当日は会場付近で集合し、同時入場していただきます。
入場後一度チケットを回収し、当方が座席選択後2番手をお渡しします。
QRコードの表示をご購入者様の端末にてお願いする場合がございます。
その場合チケット持ち逃げ防止のため一時的に身分証をお預かりさせていただきます。
入場後、チケットをお渡しするタイミングで、速やかに身分証を返却いたします。
座席確認の為少しお時間頂きますが、開演30分前には必ずお渡しします。
チケットをお渡ししたタイミングで受取評価をして頂きますので、必ずその時点でご対応頂くようお願い致します。
座席に関するクレームは一切受け付けませんのでご了承ください。
集合時間等につきましては公演日前日にご連絡します。
遅刻、ランダムエラー等、いかなる場合でも返金致しかねます。その際、必ず受け取り評価をしていただきます。
公演中止の場合に限り、手数料を引いた金額を返金致します。
トラブル防止のため代理購入はお控えください。
以上、全てご了承いただける日本人の方のみご購入お願いいたします。",True
l1r4zmgeij,1788449985363,hakuchotokomori-aisatsu,2026-09-04,11:50,丸の内ピカデリー (東京都),pickup_number,female,入金後発券番号共有,Myaon,5.0,,,2026-09-03 15:39:45,,2026-09-04 02:01:08,2026-09-03 22:01:10,transition_observed,sold,1,32000,F列サイドです。入金後発券番号をご共有させていただきますのでご自身での発券およびご入場をお願いいたします。チケット引換後に受け取り通知をお願いいたします。ご入金...,True
13gacyrfps,1788448163426,hakuchotokomori-aisatsu,2026-09-04,11:50,丸の内ピカデリー (東京都),paper,female,当日手渡し,kh,5.0,,,2026-09-03 15:09:23,,2026-09-04 00:01:17,,,deleted,1,25000,,True
mxcfbyds8e,1788454659032,hakuchotokomori-aisatsu,2026-09-04,11:50,丸の内ピカデリー (東京都),paper,female,当日手渡し,m,5.0,,,2026-09-03 16:57:39,,2026-09-03 18:01:14,,,deleted,1,15000,発券済の為当日会場にてお手渡しでお渡しします。,True
v7f3mmznmf,1788459312632,hakuchotokomori-aisatsu,2026-09-04,11:50,丸の内ピカデリー (東京都),pickup_number,female,入金後すぐな分配,な,5.0,,,2026-09-03 18:15:12,,2026-09-04 00:01:17,,,deleted,1,23000,,True
7fszv8rskq,,milesixtones-2026,2026-09-19,17:30,味の素スタジアム,electronic,female,3名義中3番手,ma,5.0,,番手,2026-08-31 10:04:41,,2026-09-04 19:01:10,,,listing,2,20000,"3名義中3番手

初期当選/すり替えなし/下3桁提示可/有効期限内/着ブロ指定なし/本人確認不可

【集合時間】
開場の30分前を目安に指定場所へ集合していただ...",True
ncm0bem524,1788339902454,milesixtones-2026,2026-09-19,17:30,味の素スタジアム,electronic,female,同行,R,5.0,,番手,2026-09-02 09:05:02,,2026-09-04 15:01:50,,,deleted,2,24500,"⚠️お取引はプラベルに切り替えさせていただきますので、ご購入をご希望の方は事前にコメントをお願いいたします。

2名義中2番手の2連番のお譲りです。
４名で入場...",True
e6nn9cagqx,,milesixtones-2026,2026-09-19,17:30,味の素スタジアム,electronic,female,同行,あ,5.0,,同行番手,2026-09-02 17:09:33,,2026-09-04 19:01:10,,,listing,1,40000,"2名義中1番手

初期当選/すり替えなし/下三桁提示可能/着ブロ希望無し/有効期限内/サイチェン可

プラベル取引可

･当方が選んだ座席の同行になります。ご購...",True
x85iy679o1,,milesixtones-2026,2026-09-19,17:30,味の素スタジアム,electronic,female,手渡し,M.,5.0,,,2026-08-31 14:29:35,,2026-09-04 19:01:10,,,listing,2,20000,"SixTONES FC先行 初期当選／座席未定 /5名義中4番手／下3桁提示可／すり替えなし／サイチェン可

同時入場後、当方→2番手→3番手が座席選択後、に選...",True
23isegaqgd,,milesixtones-2026,2026-09-19,17:30,味の素スタジアム,electronic,female,公演日1日前にQRコード共有,ち,5.0,,QR,2026-08-29 01:36:45,,2026-09-04 19:01:10,,,listing,2,45000,"QR毎/初期当選/重複なし/着ブロ希望なし/下3桁提示可能/有効期限内/郵便物戻りなし/アリツア落選名義/前回当選：YOスタンド

公演日前日にログイン情報を共...",True
uqujma28m7,,milesixtones-2026,2026-09-19,17:30,味の素スタジアム,electronic,none,同行,c,4.9,,ランダム記載あり,2026-09-01 17:02:21,,2026-09-04 19:01:10,2026-09-04 19:01:10,transition_observed,sold,1,11000,"・当日開場30分前を目処に会場付近に集合し同時入場して頂きます。詳しい集合時間や場所は当日朝までに連絡ボードにてご連絡致します。
・遅刻は厳禁でお願い致します。...",True
8l5r48oi3j,1788015920127,milesixtones-2026,2026-09-19,17:30,味の素スタジアム,electronic,female,同行,Hana,5.0,,同行,2026-08-29 15:05:20,,2026-09-04 18:01:17,2026-09-04 14:01:10,transition_observed,sold,1,30000,"一名義同行/有効期限内/下3桁提示可能/着ブロ指定なし/初期選

当日開場時間前にこちらが指定した場所、時間に集合して頂き同時に入場して頂きます。
公演中止の場...",True
r3yqvjxjkp,1788410120563,milesixtones-2026,2026-09-19,17:30,味の素スタジアム,electronic,female,公演前日,R,5.0,,QR,2026-09-03 04:35:20,,2026-09-04 14:01:10,,,deleted,1,35000,"QRごと／初期当選／有効期限内名義／下3桁提示可／着ブロ希望無し／すり替え無し

公演日前日に情報をお送りいたします。チケット発券後は速やかにログアウトし、受取...",True
i76nsuf5zu,,milesixtones-2026,2026-09-19,17:30,味の素スタジアム,electronic,female,座席未定、複数名義所持のためランダム配布,N,5.0,,ランダム,2026-09-02 14:31:52,,2026-09-04 19:01:10,,,listing,1,12000,・重複当選のため同時入場後一旦チケットを回収し当方が座席を選んだ後にチケットをランダムに配布します。座席の選択にお時間いただきますが開演の10分前にはチケットお...,True
cwo9cda3xa,,milesixtones-2026,2026-09-19,17:30,味の素スタジアム,electronic,female,同行,あ,5.0,,同行,2026-08-28 15:03:49,,2026-09-04 19:01:10,,,listing,1,35000,"当方と同行。
重複なし 初期当選 期限内 郵送物戻りなし 指定席のみ
プラベルに切り替えますのでご連絡お願いいたします。

会場付近にて待ち合わせをし、入場後、...",True
5a7ap89l0e,,milesixtones-2026,2026-09-19,17:30,味の素スタジアム,electronic,female,同行,yk,5.0,,番手,2026-08-31 14:37:55,,2026-09-04 19:01:10,,,listing,2,0,"即2.5/ 2名義中2番手
すり替えなし/有効期限内/下3桁提示可
プライベート出品に変更するため購入前にコメントお願いします。

《条件》
・取引経験のある日...",True
jrck37fq9u,,milesixtones-2026,2026-09-19,17:30,味の素スタジアム,electronic,female,同行,M,5.0,,番手,2026-08-30 13:58:26,,2026-09-04 19:01:10,2026-09-04 19:01:10,transition_observed,sold,2,20000,"・3名義中3番手/初期当選/すり替えなし/下3桁提示可

・入場時エラーや、場内を含む本人確認などにより入場ができなかった場合、また座席に関するクレーム等につき...",True
4vdh8e9rpd,1788404700463,milesixtones-2026,2026-09-19,17:30,味の素スタジアム,electronic,female,同行,A,5.0,,同行,2026-09-03 03:05:00,,2026-09-04 18:01:17,2026-09-04 12:01:12,transition_observed,sold,2,22000,"2名義中2番手/すり替えなし/会員番号下3桁/初期選/有効期限内名義
選ばなかった座席をお渡ししま
す。
同時入場のため開場時間の15分前には会場付近にて集合し...",True
hqg9ipfdmj,,milesixtones-2026,2026-09-19,17:30,味の素スタジアム,electronic,female,同行,☆,5.0,,同行記載あり,2026-08-28 01:50:10,,2026-09-04 19:01:10,2026-09-04 19:01:10,transition_observed,sold,2,30000,"⭐️4名義中2番手/すり替えなし/下3桁提示可能/有効期限内名義
日本人のみご購入ください。
お取引希望の方はメッセージお願いいたします。

⚠️ご購入前に必ず...",True
141js6sr3m,1788438687725,milesixtones-2026,2026-09-19,17:30,味の素スタジアム,electronic,female,公演前日夜にQRコード共有,A,5.0,,QR,2026-09-03 12:31:27,,2026-09-04 05:01:12,,,deleted,2,54000,"プライベート出品に変更いたしますので、購入希望の方はコメントお願いいたします。

QR毎/初期当選/着ブロ選択なし/重複すり替えなし/アリツア落選名義/有効期限...",True
wuax2e46mt,,milesixtones-2026,2026-09-19,17:30,味の素スタジアム,electronic,female,2名義中1番手 同行 ,JM,5.0,,同行記載あり,2026-09-02 08:40:58,,2026-09-04 19:01:10,,,listing,1,45000,"2名義中1番手/すり替えなし/下3桁提示可能/有効期限内/初期当選/田中担不可
・当方と同行。連番内の座席はお選びいただけません。
・待ち合わせ時間に遅刻した場...",True
odc6haztzf,,milesixtones-2026,2026-09-19,17:30,味の素スタジアム,paper,female,同時入場,ゆちゃ,5.0,,同行記載あり,2026-08-31 14:33:35,,2026-09-04 19:01:10,,,listing,2,23000,"6名義中4番手/初期当選/すり替えなし/有効期限内
お取引成立しましたら、プライベート出品のリンクをお送りいたします。

・ドタキャン防止のため1部チケテン通し...",True
byw17peutd,,milesixtones-2026,2026-09-19,17:30,味の素スタジアム,electronic,female,3名義中2番手,n,5.0,,番手,2026-08-27 13:52:42,,2026-09-04 19:01:10,2026-09-04 19:01:10,transition_observed,sold,2,32000,"3名義中2番手1-2枚
初期当選/有効期限内/下３桁提示可能/すり替えなし

購入希望の方コメントください。プライベートモードまたはプラベル通しに変更します。...",True
cakbd8m3dc,,milesixtones-2026,2026-09-19,17:30,味の素スタジアム,electronic,female,公演日前日にQR情報共有,えっちゃん,5.0,,QR,2026-09-01 02:16:10,,2026-09-04 19:01:10,2026-09-04 19:01:10,transition_observed,sold,2,40000,"FC先行/座席未定/着ブロなし/有効期限内/初期当選/下3桁提示/QR毎 

公演日前日にログインに必要な情報をお伝えいたします。
・公演中止以外はいかなる場合...",True
6zqcrcja3x,,milesixtones-2026,2026-09-19,17:30,味の素スタジアム,electronic,female,同行,あ,5.0,,同行番手,2026-09-02 17:11:52,,2026-09-04 19:01:10,,,listing,2,25000,"2名義中2番手

初期当選/すり替えなし/下三桁提示可能/着ブロ希望無し/有効期限内/サイチェン可

プラベル取引可

･ご購入者様でチケットの選択はできません...",True
1hz2i4sju0,,milesixtones-2026,2026-09-19,17:30,味の素スタジアム,electronic,female,同時入場,Ｊ,5.0,,番手,2026-09-02 07:49:55,,2026-09-04 19:01:10,,,listing,2,48000,"6名義中2番手のお譲り
プラベル出品可/全て２連当選/すり替えなし/該当名義/初期当選/当選名義下３桁提示/有効期限内/Pay-easy入金/着ブロ指定なし/サ...",True
r8uu49x595,,milesixtones-2026,2026-09-19,17:30,味の素スタジアム,electronic,none,2名義中2番手,a,5.0,,番手,2026-09-03 11:03:56,,2026-09-04 19:01:10,,,listing,2,0,"初期当選/2名義中2番手/すり替え無し/下3桁提示可/有効期限内名義/発送物戻り無し/サイチェン可
⭐️価格ご提示下さい。即3.0

・恐れ入りますが、ご購入は...",True
0yl5sydoqt,,milesixtones-2026,2026-09-19,17:30,味の素スタジアム,electronic,female,同行,a,5.0,,ランダム,2026-09-03 16:43:39,,2026-09-04 19:01:10,2026-09-04 19:01:10,transition_observed,sold,1,17000,こちらのチケットは重複当選のため、同時入場後チケットを全てお預かりし、こちらが選択したチケットをお渡しします。座席の選択にお時間を頂戴する場合がございますが、開...,True
v1zdiz0gc4,,milesixtones-2026,2026-09-19,17:30,味の素スタジアム,electronic,female,同行,Y,5.0,,番手,2026-09-03 10:02:57,,2026-09-04 19:01:10,,,listing,1,20000,"5名義中4番手 座席選択権あり 下3桁提示可  すり替えなし

即決2.5

入場後チケットを回収し、1・2・3番手が座席選択後チケットをお選びいただけます。...",True
g4m7801xxw,,milesixtones-2026,2026-09-19,17:30,味の素スタジアム,electronic,female,ログイン情報お渡しします,み,5.0,,QR,2026-09-04 00:43:46,,2026-09-04 19:01:10,,,listing,2,40000,"仕事が休めなかった為出品致します。
初期当選/QR/重複、すり替えなし/ランダムエラー対応不可/会員番号下3桁提示可能

公演中止以外の返金不可",True
6esm1zg2tr,,milesixtones-2026,2026-09-19,17:30,味の素スタジアム,electronic,female,公演前日にログイン情報共有,a,5.0,,QR,2026-09-02 12:23:44,,2026-09-04 19:01:10,,,listing,1,40000,"QRごと/初期当選/有効期限内/重複なし/下3桁提示可能/着ブロ指定なし
当選歴や座席はお答えできかねます。
公演前日にログイン情報をお伝えします。
入場後は速...",True
ma4rjvm8ek,,milesixtones-2026,2026-09-19,17:30,味の素スタジアム,electronic,female,2名義中2番手 すり替えなし 有効期限内,JM,5.0,,ランダム記載あり,2026-09-02 03:02:26,,2026-09-04 19:01:10,,,listing,2,30000,"2名義中2番手／すり替えなし/下3桁提示可能/有効期限内
・同時入場し発券後、一旦チケットを回収し先に当方が席を選ばせて頂きます。確認に少しお時間頂く場合がござ...",True
jxy1nrngu4,,milesixtones-2026,2026-09-19,17:30,味の素スタジアム,electronic,female,当方と同行 同時入場,y,5.0,,同行番手,2026-09-02 09:21:46,,2026-09-04 19:01:10,,,listing,1,33000,"重複なし同行 東京 味の素スタジアム 9/19 
初期当選/発送戻りなし/すり替えなし/下3桁提示可/有効期限内/ジェシー担不可

⚠️プライベート出品に切り替...",True
bxplbndhs8,,milesixtones-2026,2026-09-19,17:30,味の素スタジアム,electronic,female,同行,ちゃむ,5.0,,同行,2026-09-03 02:03:43,,2026-09-04 19:01:10,,,listing,1,40000,"
初期当選/重複すり替え無し/下3桁提示可能/発送物戻り無し/前回当選歴ドームスタンド/田中担不可

2連中の1枚、当方との同行。
開場時間〜15分前までには指...",True
nsq7ehepdg,,milesixtones-2026,2026-09-19,17:30,味の素スタジアム,electronic,female,同行,わ,5.0,,番手,2026-09-01 14:39:31,,2026-09-04 19:01:10,,,listing,2,28000,"2名義中2番手/下三桁提示可能/着ブロ希望無し/有効期限内/初期当選/すり替えなし/プラベル取引可

･ご購入者様でチケットの選択はできません。
・公演当日は開...",True
0v1tplivc6,,milesixtones-2026,2026-09-19,17:30,味の素スタジアム,electronic,female,同行,yuuuuuuy,5.0,,同行,2026-08-31 10:25:17,,2026-09-04 19:01:10,,,listing,1,35000,"当方と同行/重複すり替えなし/初期当選/有効期限内/アリツ落選名義/松村担不可

・お取引は日本語の通じる成人済みの女性に限らせていただきます。
・公演当日の集...",True
fxnp7j51uw,,milesixtones-2026,2026-09-19,17:30,味の素スタジアム,electronic,none,同行,a,5.0,,ランダム,2026-09-01 13:01:22,,2026-09-04 19:01:10,2026-09-04 19:01:10,transition_observed,sold,1,12000,"複数名義中ランダム配布

・開場30〜45分前に集合していただきます。集合場所は公演前日にお伝えいたします。

・入場後全てのチケットを回収し予めお伺いする【お...",True
b246qsfbpq,,milesixtones-2026,2026-09-19,17:30,味の素スタジアム,electronic,female,同行,v,5.0,,ランダム,2026-08-28 12:05:49,,2026-09-04 19:01:10,,,listing,1,13000,少人数ランダム⭐️公演当日、開場15〜20分前に会場付近にて待ち合わせし同時入場していただきます。同時入場後チケットを一旦回収します。お渡しするまで多少お時間頂...,True
xcal28p49e,,milesixtones-2026,2026-09-19,17:30,味の素スタジアム,electronic,female,公演日前日までにQRコード共有,七,5.0,,QR,2026-09-02 15:13:43,,2026-09-04 19:01:10,,,listing,1,36000,"※プライベート出品に変更いたしますのでご購入される方はご連絡お願いいたします。

QR毎/初期当選/アリツア落選名義/重複すり替えなし/着ブロ希望なし/下3桁提...",True
hejk1hr57y,,milesixtones-2026,2026-09-19,17:30,味の素スタジアム,electronic,female,同行,あ,5.0,,同行,2026-09-02 07:53:39,,2026-09-04 19:01:10,2026-09-04 19:01:10,transition_observed,sold,1,35000,"当方と同行。
重複なし初期当選指定席のみ期限内

会場付近にて待ち合わせをし、入場後、一旦チケットお渡しし、その場で受け取り評価をお願いいたします。チケットお渡...",True
sg2ti0smb5,,milesixtones-2026,2026-09-19,17:30,味の素スタジアム,electronic,female,同行,Y,5.0,,同行記載あり,2026-09-02 02:58:39,,2026-09-04 19:01:10,,,listing,1,40000,"重複すり替えなし/同行/初期当選/本人確認不可/下3桁提示可/代理購入不可

松村担との同行になります。
公演当日は開場時間の5-10分前（予定）に会場付近で集...",True
w6pk0p12t1,,milesixtones-2026,2026-09-19,17:30,味の素スタジアム,electronic,female,4名義中3番手,n,5.0,,番手,2026-08-29 16:26:11,,2026-09-04 19:01:10,,,listing,2,25000,"⭐️プライベート出品に切り替えいたしますので、ご購入をご希望の方はコメントをお願いいたします。⭐️


FC先行 / 4名義中3番手 / 初期当選 / 期限内名...",True
d53j1v6ura,1788263112353,milesixtones-2026,2026-09-19,17:30,味の素スタジアム,electronic,female,同行,M,5.0,,同行,2026-09-01 11:45:12,,2026-09-04 11:01:12,,,deleted,1,35000,2連初期当選/すり替えなし同行/下3桁提示可/着ブロ含みません/最終当選歴YOUNG OLD 2階スタンド/過去エラー無し/有効期限内/発送物戻り無し/サイチェ...,True
wynsotuftl,,milesixtones-2026,2026-09-19,17:30,味の素スタジアム,electronic,female,手渡し,M.,5.0,,,2026-08-31 14:31:04,,2026-09-04 19:01:10,,,listing,2,18000,"SixTONES FC先行 初期当選／座席未定 /5名義中5番手／下3桁提示可／すり替えなし／サイチェン可

同時入場後、当方→2番手→3番手→4番手が座席選択...",True
8168lbe7hr,1788222392330,milesixtones-2026,2026-09-19,17:30,味の素スタジアム,electronic,female,2連中1枚 交換希望,a,5.0,,ランダム記載あり,2026-09-01 00:26:32,,2026-09-04 14:01:10,,,deleted,1,300,"味の素 9/20 or白鳥とコウモリ 舞台挨拶との交換希望 複数名義中2番手等 検討可能(最下位番手、ランダム不可)

お譲りチケット条件は下記の通りです。
重...",True
nu4svc4h9t,,milesixtones-2026,2026-09-19,17:30,味の素スタジアム,electronic,female,同行,え,5.0,,番手同行,2026-09-02 11:21:29,,2026-09-04 19:01:10,2026-09-04 19:01:10,transition_observed,sold,2,23000,"2名義中2番手/下3桁提示可/有効期限内/すり替えなし/初期当選/同一クレカ決済無し/発送物戻りなし

専用出品又はプラベル変更可能
当選歴可

公演日開場30...",True
j4uz1b9e3n,1788427892250,milesixtones-2026,2026-09-19,17:30,味の素スタジアム,paper,none,ランダム配布,うきぴ,4.9,,ランダム,2026-09-03 09:31:32,,2026-09-04 18:01:17,2026-09-04 02:01:08,transition_observed,sold,1,10000,"公演当日は開場時間の30分前に会場付近にお集まりいただき、同時入場していただきます。

詳しい時間はお日にちが近づきましたらメッセージボードにてご連絡いたします...",True
y33nrhn19y,,milesixtones-2026,2026-09-19,17:30,味の素スタジアム,electronic,none,同行,Na,5.0,,同行記載あり,2026-09-01 08:49:10,,2026-09-04 19:01:10,,,listing,1,50000,"FC初期当選/同行/重複・すり替えなし/下3桁提示可/期限内名義/発送物戻り無し

前回前々回スタンド名義

当方松村担
同担連番問題ございませんが、気になる方...",True
3bsf50yphb,,milesixtones-2026,2026-09-19,17:30,味の素スタジアム,paper,female,当日手渡し,M,5.0,,QR同行番手,2026-09-02 09:09:03,,2026-09-04 19:01:10,,,listing,2,25000,"初期当選/２名義中2番手/ゲート別れた場合QR毎の可能性あり/同一支払い無し/郵送物戻り無し/期限内名義/プラベルに切り替え可

※ご購入前に必ずお読みください...",True
hxk7sqn38q,1788169148544,milesixtones-2026,2026-09-19,17:30,味の素スタジアム,electronic,female,公演日1日前までにロンイン情報共有,J,5.0,,QR,2026-08-31 09:39:08,,2026-09-04 12:01:12,,,deleted,1,40000,"QRごと/初期当選/有効期限内/重複なし/条件なし/ご希望であれば下3桁提示可能/着ブロ指定なし
公演日の前日ログインに必要な情報をお伝えします。入場後は速やか...",True
3gpbtwydlb,,milesixtones-2026,2026-09-19,17:30,味の素スタジアム,electronic,female,4名義中3番手　同行,みっきー,5.0,,番手,2026-09-02 15:25:00,,2026-09-04 19:01:10,2026-09-04 19:01:10,transition_observed,sold,1,20000,"FC先行 初期当選 復活当選 有効期限内名義 下3桁提示可能 4名義中3番手　すり替えなし

※※
こちらのチケットは当方管理名義ではなく、交換でお譲り頂くもの...",True
7ezt5vs40o,,milesixtones-2026,2026-09-19,17:30,味の素スタジアム,electronic,female,同行,み,5.0,,同行,2026-09-02 04:24:33,,2026-09-04 19:01:10,,,listing,1,39000,"プライベート出品に切り替えいたしますので、購入希望の方はコメントください。

名義人同行/重複すり替えなし/初期当選/有効期限内/下3桁提示可/アリツ落選名義/...",True
1jq05b1tpq,,milesixtones-2026,2026-09-19,17:30,味の素スタジアム,electronic,female,同時入場,ぱ,5.0,,同行記載あり,2026-09-03 11:09:23,,2026-09-04 19:01:10,2026-09-04 19:01:10,transition_observed,sold,1,10000,"複数名義当選 ランダムで配布致します
公演当日、開演約2時間10分前に会場付近で待ち合わせをお願い致します。余裕を持って会場にご到着ください。
入場後チケットを...",True
x7lll0m83p,,milesixtones-2026,2026-09-19,17:30,味の素スタジアム,electronic,female,同時入場,Ｊ,5.0,,番手,2026-09-02 07:42:27,,2026-09-04 19:01:10,,,listing,2,28000,"6名義中3番手のお譲り
プラベル出品可/全て２連当選/すり替えなし/該当名義/初期当選/当選名義下３桁提示/有効期限内/Pay-easy入金/着ブロ指定なし/サ...",True
toorzpe2yl,,milesixtones-2026,2026-09-19,17:30,味の素スタジアム,electronic,none,同行,ｭ,5.0,,番手,2026-09-02 10:17:24,,2026-09-04 19:01:10,,,listing,1,38000,"5名義中1番手でのお譲りです。

当方と一緒に全座席を確認して頂きます。購入者様にチケットの選択はできません。当方が選んだチケットのもう1枚をお渡しします。...",True
a799tec13d,,milesixtones-2026,2026-09-19,17:30,味の素スタジアム,electronic,female,4名義中4番手,n,5.0,,番手,2026-08-29 16:32:15,,2026-09-04 19:01:10,,,listing,2,20000,"⭐️プライベート出品に切り替えいたしますので、ご購入をご希望の方はコメントをお願いいたします。⭐️


FC先行 / 4名義中4番手 / 初期当選 / 期限内名...",True
cquid9dzzn,,milesixtones-2026,2026-09-19,17:30,味の素スタジアム,electronic,female,公演日前日までにQRコード共有,あめ,5.0,,QR,2026-09-02 11:45:22,,2026-09-04 19:01:10,,,listing,2,60000,"QR毎/初期当選/20万代名義/アリツア落選名義/重複すり替えなし/着ブロ希望なし/下3桁提示可能｜有効期限内/発送物戻りなし

公演前日夜にログインに必要な情...",True
fi24hwucs7,,milesixtones-2026,2026-09-19,17:30,味の素スタジアム,electronic,female,2名義中2番手,まろ,5.0,,同行,2026-08-30 00:51:27,,2026-09-04 19:01:10,,,listing,2,30000,"2名義中2番手
fc先行/すり替えなし/有効期限内/下3桁提示可能

※購入希望の方はプラベ出品に切り替えますのでコメントお願いします。

初期当選/FC先行/...",True
ccfx7b6ju5,,milesixtones-2026,2026-09-19,17:30,味の素スタジアム,electronic,female,同行,すもも,5.0,,同行,2026-09-02 13:34:55,,2026-09-04 19:01:10,,,listing,1,38000,"重複すり替えなし当方（京本担）と同行。
お気軽にお声掛けください。

初期当選/女性名義/すり替えなし/有効期限内／座席未定／下3桁提示可

🌟必ずお読みくだ...",True
ahs9xfg2s9,,milesixtones-2026,2026-09-19,17:30,味の素スタジアム,electronic,female,同行,m,5.0,,番手,2026-09-02 10:16:53,,2026-09-04 19:01:10,,,listing,2,20000,"初期当選 4名義中4番手 すり替え無し 下3桁提示可 有効期限内 着ブロ指定なし

・公演当日会場付近にて待ち合わせし、同時入場いたします。詳しい場所・時間等は...",True
xk63dr6j4x,,milesixtones-2026,2026-09-19,17:30,味の素スタジアム,electronic,female,同行,み,5.0,,同行,2026-08-31 13:40:01,,2026-09-04 19:01:10,,,listing,1,39000,"プライベート出品に切り替えますので、購入希望の方はコメントください。

名義人同行/重複すり替えなし/初期当選/有効期限内/下3桁提示可/アリツ落選名義/着ブロ...",True
4dkx2cp366,,milesixtones-2026,2026-09-19,17:30,味の素スタジアム,electronic,none,同行,あ,5.0,,ランダム記載あり,2026-09-03 13:31:38,,2026-09-04 19:01:10,2026-09-04 19:01:10,transition_observed,sold,1,16000,入場後、全てチケットを回収させて頂き、当方が座席を選択した後にランダムでお渡し致します。選択までに時間がかかる場合もございますので予めご了承ください。お渡しした...,True
f9l7kz3xgn,,milesixtones-2026,2026-09-19,17:30,味の素スタジアム,electronic,female,ランダム,にゃん,5.0,,ランダム,2026-08-31 03:40:24,,2026-09-04 19:01:10,2026-09-04 19:01:10,transition_observed,sold,1,12000,入場後、一度チケットを回収させて頂き、公演開始20分前までにチケットをお渡し致します。★座席によっては即渡し可能★チケットお渡しまでに時間がかかる場合もございま...,True
86ppafy5az,,milesixtones-2026,2026-09-19,17:30,味の素スタジアム,paper,female,当日手渡し,バーモリ,5.0,,同行,2026-09-02 01:10:08,,2026-09-04 19:01:10,,,listing,2,18000,"ランダム配布

複数名義所持しているため同時入場後一度チケットを回収し、こちらが座席を選択した後のお渡しとなります。
購入者様は座席をお選び頂くことはできません...",True
bmjt264qgq,,milesixtones-2026,2026-09-19,17:30,味の素スタジアム,electronic,female,同時入場,Ｊ,5.0,,番手,2026-09-02 07:33:43,,2026-09-04 19:01:10,,,listing,2,23000,"6名義中4番手のお譲り
プラベル出品可/全て２連当選/すり替えなし/該当名義/初期当選/当選名義下３桁提示/有効期限内/Pay-easy入金/着ブロ指定なし/サ...",True
hc61iceaxy,,milesixtones-2026,2026-09-20,17:30,味の素スタジアム,electronic,female,公演1日前までにログイン情報共有,あ,4.4,,QR,2026-09-03 00:35:34,,2026-09-04 19:01:10,,,listing,2,45000,"QR毎/初期当選/有効期限内/前回アリツ落選名義/下3桁提示可/発送物戻りなし/着ブロ希望なし

公演日前日にログイン情報をお伝えします。

公演中止の場合のみ...",True
wahezidvt6,,milesixtones-2026,2026-09-20,17:30,味の素スタジアム,paper,female,当日手渡し,ちゃん,5.0,,ランダム記載あり,2026-09-01 14:19:04,,2026-09-04 19:01:10,,,listing,2,28000,"3名義中2番手

お取引が決まり次第、プライベート出品させていただきます。


初期当選/3名義中2番手/2連/有効期限内/すり替えなし/下3桁提示可/本人確認...",True
mnusxuwliy,,milesixtones-2026,2026-09-20,17:30,味の素スタジアム,electronic,female,同行,yuuuuuuy,5.0,,番手,2026-08-30 03:23:12,,2026-09-04 19:01:10,,,listing,2,24000,"2名義中2番手でのお譲りです。
初期当選/下3桁提示/有効期限内/すり替え無/過去エラー無/着ブロ指定なし/サイチェン可

・当日は開場時間を目安に会場近くに集...",True
ym0x2fq7v2,,milesixtones-2026,2026-09-20,17:30,味の素スタジアム,electronic,female,同行,は,5.0,,同行,2026-08-30 09:44:11,,2026-09-04 19:01:10,2026-09-04 19:01:10,transition_observed,sold,1,30000,"重複なし同行、有効期限内、FC初期当選、すり替えなし、下３桁提示可、同一クレカ決済なし、着ブロ該当なし、サイチェン可

当日指定した時間(予定では開場15〜30...",True
lun6mn66bg,,milesixtones-2026,2026-09-20,17:30,味の素スタジアム,electronic,female,同行,JH,5.0,,番手,2026-08-30 02:24:39,,2026-09-04 19:01:10,,,listing,2,23000,"5名義中4番手でのお譲り。

プラベ出品に切り替えますので購入希望の方はメッセージお願いいたします。
 
全て初期当選、期限内名義、着ブロなし、コンビニ決済、下...",True
re2g0kaa1j,,milesixtones-2026,2026-09-20,17:30,味の素スタジアム,electronic,female,同行,Momokkkka,4.7,,ランダム,2026-09-01 16:53:25,,2026-09-04 19:01:10,2026-09-04 19:01:10,transition_observed,sold,1,10000,"チケットを複数所持しています。
ランダム配布になります。
 入場後はチケットを回収して、選べさせていただきます。買い様は座席を選べません。
 入場後は一旦解散す...",True
mxojzg8nmu,,milesixtones-2026,2026-09-20,17:30,味の素スタジアム,electronic,female,同行,inu,5.0,,ランダム,2026-08-31 10:44:15,,2026-09-04 19:01:10,2026-09-04 19:01:10,transition_observed,sold,2,12000,"複数名義所持。チケットはランダム配布させていただきます。(座席はお選びいただけません。)
入場後、チケット配布までにお時間頂くことがございますが予めご了承くださ...",True
b97ciz5myd,,milesixtones-2026,2026-09-20,17:30,味の素スタジアム,electronic,female,同行,mm,5.0,,番手同行,2026-09-01 05:21:09,,2026-09-04 19:01:10,2026-09-04 19:01:10,transition_observed,sold,2,32000,"6名義中3番手でのお渡しです。

初期当選/FC先行/発送戻りなし/すり替えなし/下3桁提示可/有効期限内

・同時入場後全てのチケットを回収し、当方と2番手様...",True
g57so32oju,,milesixtones-2026,2026-09-20,17:30,味の素スタジアム,electronic,female,同行,むんたん,5.0,,同行ランダム,2026-09-01 01:09:30,,2026-09-04 19:01:10,2026-09-04 19:01:10,transition_observed,sold,2,38000,重複選の為、同時入場後一旦チケットを回収し当方が座席を確認した後にランダムでチケットをお渡しします。全ての名義有効期限内名義、同一クレカ決済無しになります。着ブ...,True
eggta68wyk,,milesixtones-2026,2026-09-20,17:30,味の素スタジアム,electronic,female,同行,𝓗,5.0,,ランダム,2026-09-02 07:06:16,,2026-09-04 19:01:10,2026-09-04 19:01:10,transition_observed,sold,1,11000,"少人数ランダム配布
上乗せで早渡し可能。ご希望の方はご購入前にコメントお願い致します。

公演当日、開場の約20分前に会場付近にて待ち合わせし、同時入場していた...",True
38g5oxuajq,,milesixtones-2026,2026-09-20,17:30,味の素スタジアム,electronic,female,同行,あ,5.0,,同行番手,2026-08-31 09:07:27,,2026-09-04 19:01:10,,,listing,2,28000,"3名義中2番手

公演当日会場付近にて待ち合わせし、同時入場していただきます。
詳しい待ち合わせ時間・場所等は公演が近づきましたらご連絡いたします。
座席に関す...",True
8krkp7uu0u,,milesixtones-2026,2026-09-20,17:30,味の素スタジアム,electronic,female,公演前日にログイン情報共有,くく,5.0,,QR,2026-09-02 08:01:32,,2026-09-04 19:01:10,,,listing,2,0,"QR毎 復活当選 下3桁提示可能
公演前日にログイン情報を共有させて頂きます。
代表者の同意チェックはご自身でして頂きますようお願いします。
同行者の同意チェッ...",True
fw4yebtgwe,,milesixtones-2026,2026-09-20,17:30,味の素スタジアム,electronic,female,同行,M,5.0,,同行,2026-09-01 11:49:01,,2026-09-04 19:01:10,,,listing,1,35000,"2連初期当選/すり替えなし同行/下3桁提示可/着ブロ含みません/過去当選歴VVS,YOUNG OLD どちらもスタンド/過去エラー無し/有効期限内/発送物戻り無...",True
c2o1ivi0ir,,milesixtones-2026,2026-09-20,17:30,味の素スタジアム,electronic,female,同行,き,5.0,,番手,2026-09-01 12:40:31,,2026-09-04 19:01:10,,,listing,2,28000,"座席未定/FC先行/2名義中2番手/すり替えなし/下3桁提示可

2名義中2番手のチケットをお渡しします

同時入場後、こちらがチケットを選んだ後にお渡しします...",True
4nt5od4wlw,,milesixtones-2026,2026-09-20,17:30,味の素スタジアム,paper,female,当日手渡し,なす,5.0,,ランダム,2026-09-03 00:06:53,,2026-09-04 19:01:10,,,listing,2,12000,"少人数ランダム配布

公演当日、開場の約15分前に会場付近にて待ち合わせし、同時入場していただきます。集合場所等は前日までに連絡ボードにてお伝えさせていただきま...",True
7n9p0dxuwi,,milesixtones-2026,2026-09-20,17:30,味の素スタジアム,electronic,female,公演日1日前までにログイン情報共有,ななな,5.0,,QR,2026-09-02 13:56:08,,2026-09-04 19:01:10,2026-09-04 19:01:10,transition_observed,sold,2,32000,"座席未定、復活当選名義、QR毎のお譲り、重複すり替えなし、会員番号下三桁提示可
QR毎のお譲りです。
公演1日前にログイン情報をお伝え致します。
入場後、発券出...",True
lefp8hvh5p,,milesixtones-2026,2026-09-20,17:30,味の素スタジアム,electronic,female,公演日1日前までにQRコード共有,yu,5.0,,QR,2026-08-28 05:52:52,,2026-09-04 19:01:10,2026-09-04 19:01:10,transition_observed,sold,2,35000,"FC先行 座席未定/QR毎/有効期限内/Pay-easy支払い/すり替えなし/着ブロ指定なし
下3桁提示可

公演日前日にログイン情報をお伝えします。ご自身で当...",True
qroxsv3qk3,,milesixtones-2026,2026-09-20,17:30,味の素スタジアム,electronic,female,同行,1,5.0,,同行,2026-09-02 13:38:15,,2026-09-04 19:01:10,,,listing,2,22000,"FC先行/初期当選/2名義中2番手/すり替えなし/有効期限内/下3桁提示可

プラベル変更可能です

入場後1度チケットを回収し、こちらでチケットを配布いたしま...",True
9c7x7nodil,,milesixtones-2026,2026-09-20,17:30,味の素スタジアム,electronic,female,同行,Momokkkka,4.7,,ランダム,2026-09-01 16:52:43,,2026-09-04 19:01:10,2026-09-04 19:01:10,transition_observed,sold,2,10500,"チケットを複数所持しています。
ランダム配布になります。
 入場後はチケットを回収して、選べさせていただきます。買い様は座席を選べません。
 入場後は一旦解散す...",True
68s3a92gdt,,milesixtones-2026,2026-09-20,17:30,味の素スタジアム,electronic,female,同行,R,5.0,,同行,2026-08-31 09:52:03,,2026-09-04 19:01:10,,,listing,1,50000,"重複なし同行　下3提示可　有効期限内名義
・公演当日は開場時間15分前に会場付近で待ち合わせをし、同時入場していただきます。
・待ち合わせ場所、詳しい時間等は公...",True
ic8zn25uji,,milesixtones-2026,2026-09-20,17:30,味の素スタジアム,electronic,female,同行,あ,5.0,,同行番手QR,2026-09-02 02:31:28,,2026-09-04 19:01:10,2026-09-04 19:01:10,transition_observed,sold,2,20000,"3名義中3番手

公演当日会場付近にて待ち合わせし、同時入場していただきます。
詳しい待ち合わせ時間・場所等は公演が近づきましたらご連絡いたします。
座席に関す...",True
glkuot6ay8,,milesixtones-2026,2026-09-20,17:30,味の素スタジアム,electronic,female,同行,みん,5.0,,ランダム,2026-08-28 14:24:05,,2026-09-04 19:01:10,,,listing,1,12000,"ランダム配布

プライベート出品にするのでコメントください

ランダム配布にご理解がある方のみお願いします。

こちらで選択後チケットをランダムに配布させていた...",True
biw0jbt1n5,,milesixtones-2026,2026-09-20,17:30,味の素スタジアム,electronic,female,同行,みん,5.0,,同行番手QR,2026-08-31 11:11:31,,2026-09-04 19:01:10,2026-09-04 19:01:10,transition_observed,sold,2,22000,"2名義中2番手/着ブロ希望なし/すり替え無し/同一クレカ決済なし/下3桁提示可/有効期限内

※ プライベート出品に変更するため購入前にメッセージお願いします。...",True
aaxeempfpj,,milesixtones-2026,2026-09-20,17:30,味の素スタジアム,electronic,female,同行,かい,5.0,,番手,2026-08-29 03:22:53,,2026-09-04 19:01:10,,,listing,2,19000,"3名義中3番手　
プライベート出品に切り替えますので、メッセージお願いいたします。

下3桁提示可／有効期限内／すり替えなし

【お取引について】
・3名義中3...",True
m0wubhe7d9,,milesixtones-2026,2026-09-20,17:30,味の素スタジアム,electronic,female,同行,ぽむ,5.0,,同行番手,2026-09-01 05:14:40,,2026-09-04 19:01:10,2026-09-04 19:01:10,transition_observed,sold,2,30000,"FC先行 2名義中2番手 初期当選 
重複すり替えなし 
会員番号下3桁開示可能 FC有効期限内確認済

2連x2名義を所持しており、2番目のお譲りになります。...",True
189sls9s67,,milesixtones-2026,2026-09-20,17:30,味の素スタジアム,electronic,female,同行,U,5.0,,ランダム,2026-09-02 09:49:41,,2026-09-04 19:01:10,,,listing,2,12000,【入場時ランダムエラーの場合の全額返金保証、立見なし】ランダムのお渡しとなり、購入者様の座席選択権はありませんことご理解下さい。(連番での落札は必ず連番のお譲り...,True
ipkzqo3r5h,,milesixtones-2026,2026-09-20,17:30,味の素スタジアム,electronic,female,同行,ま,5.0,,同行,2026-09-02 07:42:46,,2026-09-04 19:01:10,2026-09-04 19:01:10,transition_observed,sold,1,33000,"当方と同行/重複すり替えなし/初期当選/有効期限内/アリツア落選名義/森本担不可

・お取引は日本語の通じる成人済みの女性に限らせていただきます。
・公演当日の...",True
sicg4xdwcj,,milesixtones-2026,2026-09-20,17:30,味の素スタジアム,paper,none,当日手渡し,バーモリ,5.0,,同行ランダム,2026-09-02 01:12:52,,2026-09-04 19:01:10,2026-09-04 19:01:10,transition_observed,sold,2,18000,"ランダム配布

複数名義所持しているため同時入場後一度チケットを回収し、こちらが座席を選択した後のお渡しとなります。
購入者様は座席をお選び頂くことはできません...",True
34s5kpj4a7,,milesixtones-2026,2026-09-20,17:30,味の素スタジアム,electronic,none,同行,a,5.0,,ランダム,2026-09-01 13:01:56,,2026-09-04 19:01:10,,,listing,1,11000,"複数名義中ランダム配布

・開場30〜45分前に集合していただきます。集合場所は公演前日にお伝えいたします。

・入場後全てのチケットを回収し予めお伺いする【お...",True
a71mwq0mlo,,milesixtones-2026,2026-09-20,17:30,味の素スタジアム,electronic,female,同行,poy,5.0,,ランダム,2026-09-03 05:52:10,,2026-09-04 19:01:10,,,listing,1,12000,当日は開場時間の30分前頃を目安にこちらが指定した場所に集合していただき同時入場後、先に当方が座席選択した後チケットをランダムにお渡しします。ご購入者様は座席選...,True
z72ft0ari2,,milesixtones-2026,2026-09-20,17:30,味の素スタジアム,electronic,female,番手,じゅ,5.0,,ランダム記載あり,2026-08-30 22:12:36,,2026-09-04 19:01:10,,,listing,2,13000,"⭐️少人数ランダム
座席によっては即渡し可能

お取引はプラベルにて行いますのでご購入の際はコメントいただきますようお願いいたします。

ご購入者様に発券のお手...",True
spvawyqg39,,milesixtones-2026,2026-09-20,17:30,味の素スタジアム,paper,female,当日手渡し,あ,5.0,,番手,2026-09-02 08:10:54,,2026-09-04 19:01:10,,,listing,1,22000,"2名義中2番手
プライベート出品もしくはプラベルに切り替えますのでご購入される方はコメントをお願いいたします。
初期当選/すり替えなし/着ブロ指定なし/下3桁提...",True
6drd20kn2o,1788148604428,milesixtones-2026,2026-09-20,17:30,味の素スタジアム,electronic,female,同時入場,♩,5.0,,番手,2026-08-31 03:56:44,,2026-09-04 12:01:12,,,deleted,1,32000,"復活当選含む3名義のうち1枚/有効期限内名義/下3桁提示可能

ご購入前に必ずご一読願います。
・諸事情により、復活当選分2連中1枚または初期当選分2名義中1番...",True
g849438yz5,,milesixtones-2026,2026-09-20,17:30,味の素スタジアム,electronic,female,同行,𝓗,5.0,,ランダム,2026-09-01 14:53:35,,2026-09-04 19:01:10,,,listing,1,11000,"少人数ランダム配布
上乗せで早渡し可能。ご希望の方はご購入前にコメントお願い致します。

公演当日、開場の約20分前に会場付近にて待ち合わせし、同時入場していた...",True
q96vzmsxq4,,milesixtones-2026,2026-09-20,17:30,味の素スタジアム,electronic,female,同時入場,rty,5.0,,ランダム,2026-09-02 23:30:08,,2026-09-04 19:01:10,,,listing,2,11000,"FC先行 / 座席未定 / 条件あり / ランダム配布
複数名義所持ランダム全て初期当選
以下の内容をご理解いただける方のみご購入をお願いいたします。

・入場...",True
oa75cqg4ru,,milesixtones-2026,2026-09-20,17:30,味の素スタジアム,electronic,female,同行,あ,5.0,,ランダム,2026-09-01 16:48:59,,2026-09-04 19:01:10,,,listing,1,12000,"ファンクラブ先行 座席未定【条件あり】・重複当選のため、当方が先に座席を選びその後ランダム配布となります。ご購入者様はチケットをお選び頂けません。
取引方法
・...",True
thrr688601,,milesixtones-2026,2026-09-20,17:30,味の素スタジアム,electronic,female,公演前日にログイン情報を送ります,m,5.0,,QR,2026-08-30 23:47:43,,2026-09-04 19:01:10,,,listing,2,58000,"初期当選　有効期限内　郵送物戻りなし

前日にログイン情報をお送りします。
同行者登録はご自身でお願いいたします。

入場後は速やかにログアウトし、受け取り評価...",True
zjmtns9zs6,,milesixtones-2026,2026-09-20,17:30,味の素スタジアム,electronic,female,同行,えす,5.0,,,2026-08-30 15:47:46,,2026-09-04 19:01:10,,,listing,2,0,"2名義中2番手 / 有効期限内 / 2名義ともアリツア落選名義 / 郵便物戻りなし / 本人確認不可 / 下3桁提示可能 / すり替えなし

当日は開演1時間前...",True
auxicph7yu,,milesixtones-2026,2026-09-20,17:30,味の素スタジアム,electronic,female,同行,3,5.0,,番手,2026-08-28 09:23:26,,2026-09-04 19:01:10,2026-09-04 19:01:10,transition_observed,sold,2,22000,"初期当選/2名義中2番手/着ブロ希望なし/すり替え無し/同一クレカ決済なし/下3桁提示可/有効期限内


※ プライベート出品に変更するため購入前にコメントお願...",True
4tmi0mvsc3,,milesixtones-2026,2026-09-20,17:30,味の素スタジアム,electronic,female,同行,S,5.0,,同行,2026-09-01 18:04:10,,2026-09-04 19:01:10,2026-09-04 19:01:10,transition_observed,sold,1,42000,"重複無し同行、初期当選、すり替えなし、下3桁提示可、有効期限内、田中担不可

開場時間頃に会場付近で待ち合わせをし、同時入場後こちらで座席選択後チケットをお渡し...",True
1u636d0sdg,,milesixtones-2026,2026-09-20,17:30,味の素スタジアム,electronic,female,同時入場,Ｊ,5.0,,番手,2026-09-02 07:53:40,,2026-09-04 19:01:10,,,listing,2,35000,"4名義中2番手のお譲り
プラベル出品可/全て２連当選/すり替えなし/該当名義/初期当選/当選名義下３桁提示/有効期限内/Pay-easy入金/着ブロ指定なし/サ...",True
knymil8mj9,,milesixtones-2026,2026-09-20,17:30,味の素スタジアム,electronic,female,同行,かい,5.0,,番手,2026-09-01 14:50:16,,2026-09-04 19:01:10,,,listing,2,30000,"3名義中2番手　
プライベート出品に切り替えますので、メッセージお願いいたします。

下3桁提示可／有効期限内／すり替えなし

【お取引について】
・3名義中2...",True
7qo06mtuzd,,milesixtones-2026,2026-09-20,17:30,味の素スタジアム,electronic,female,同時入場,♡,5.0,,ランダム記載あり,2026-09-03 12:39:41,,2026-09-04 19:01:10,,,listing,2,22000,"2名義中2番手/初期当選/有効期限内/着ブロ指定なし/すり替えなし/下3桁提示可

※プライベート出品にしますので購入希望の方はメッセージお願いします

公演当...",True
dv6tadbu2d,,milesixtones-2026,2026-09-20,17:30,味の素スタジアム,electronic,female,同行,m,4.9,,同行ランダム,2026-09-01 22:56:11,,2026-09-04 19:01:10,,,listing,1,10800,"複数名義所持している為同時入場後全てのチケットを回収してこちらで座席を選ばせて頂きます。
QRコードの為当日まで座席は未定です。
詳しい集合場所や時間（15時頃...",True
dsqz7fculj,1788274470037,milesixtones-2026,2026-11-07,17:00,ヤンマースタジアム長居,electronic,female,同行,𝓗,5.0,,ランダム,2026-09-01 14:54:30,,2026-09-04 18:01:17,2026-09-04 06:01:18,transition_observed,sold,1,11000,"少人数ランダム配布

公演当日、開場の約20分前に会場付近にて待ち合わせし、同時入場していただきます。集合場所等は前日までに連絡ボードにてお伝えさせていただきま...",True
u43175m071,,milesixtones-2026,2026-11-07,17:00,ヤンマースタジアム長居,electronic,female,3名義中3番手,R,5.0,,番手,2026-09-02 05:54:25,,2026-09-04 19:01:10,,,listing,2,29000,"3名義中3番手【ランエラ一部返金可⭐️】
プラベル出品に切り替えますので、お取引希望の方はメッセージにてご連絡ください。

初期当選 / 有効期限内 / すり替...",True
jxwiofrpmi,,milesixtones-2026,2026-11-07,17:00,ヤンマースタジアム長居,electronic,female,同行,U,5.0,,ランダム,2026-08-31 23:13:52,,2026-09-04 19:01:10,,,listing,2,17000,【入場時ランダムエラーの場合の全額返金保証、立見なし】ランダムのお渡しとなり、購入者様の座席選択権はありませんことご理解下さい。(連番での落札は必ず連番のお譲り...,True
2bshi95dj8,,milesixtones-2026,2026-11-07,17:00,ヤンマースタジアム長居,electronic,none,同時入場,れ,5.0,,番手,2026-09-01 11:53:29,,2026-09-04 19:01:10,,,listing,2,35000,"2名義中2番手/下三桁提示可能/着ブロ希望無し/有効期限内/初期当選/すり替えなし/本人確認不可/サイチェン可

・2名義中2番手のです。チケットは当方が選択し...",True
nyl2ix7h2m,,milesixtones-2026,2026-11-07,17:00,ヤンマースタジアム長居,electronic,female,公演日前日までにログイン情報共有,R,5.0,,QR,2026-08-29 04:28:29,,2026-09-04 19:01:10,,,listing,2,49900,"QR毎/初期当選/アリツア落選名義/重複すり替えなし/着ブロ希望なし/下3桁提示可能/有効期限内/発送物戻りなし/過去エラーなし

2024年落選
2025年当...",True
3w02kdpyvv,,milesixtones-2026,2026-11-07,17:00,ヤンマースタジアム長居,electronic,female,同行,✩,5.0,,ランダム,2026-08-30 14:11:32,,2026-09-04 19:01:10,,,listing,2,16000,当日は開場時間の15~30分前頃にこちらが指定した場所に集合していただき同時入場後、先に当方が座席選択した後チケットをランダムにお渡しします。座席は選択できませ...,True
bdnmoe1z1c,,milesixtones-2026,2026-11-07,17:00,ヤンマースタジアム長居,electronic,female,同行,A,5.0,,ランダム,2026-08-30 14:22:09,,2026-09-04 19:01:10,,,listing,1,13000,"複数名義所持の為、同時入場発券後、こちらで座席確認後のランダム配布となります。

発券後はチケットを回収し座席の確認にお時間いただく可能性がございます為、一度解...",True
f8n5taep6r,,milesixtones-2026,2026-11-07,17:00,ヤンマースタジアム長居,electronic,female,2名義2番手,ゆにゃ,5.0,,番手,2026-09-03 01:56:03,,2026-09-04 19:01:10,,,listing,2,30000,"2名義中2番手
FC先行/初期当選/着ブロ指定なし/有効期限内/下3桁提示可/すり替えなし

プライベート出品、又はプラベルに変更可能です。ご希望の方はメッセー...",True
n8pi2kopo8,,milesixtones-2026,2026-11-07,17:00,ヤンマースタジアム長居,electronic,female,同行,333,5.0,,ランダム,2026-09-03 12:02:03,,2026-09-04 19:01:10,,,listing,1,11500,⭐️開示対策の為プライベート出品に切り替えますのでご希望の方はコメントお願いいたします⭐️中相場での買取、上乗せにて早渡しも可能です。ご希望の場合は必ず事前にコ...,True
j5q2ii2ifo,,milesixtones-2026,2026-11-08,17:00,ヤンマースタジアム長居,electronic,female,同時入場,K⭐️,5.0,,同行番手,2026-09-03 06:31:06,,2026-09-04 19:01:10,2026-09-04 19:01:10,transition_observed,sold,1,28000,"2名義中1番手 同行

初期当選/有効期限内/すり替えなし/下3桁提示可能/サイチェン可/京本担不可

＊公演中止以外の返金、キャンセル
（ランダムエラー、交通...",True
g94j50uilr,1788279657536,milesixtones-2026,2026-11-08,17:00,ヤンマースタジアム長居,electronic,none,同行,m,4.9,,同行記載あり,2026-09-01 16:20:57,,2026-09-04 18:01:17,2026-09-04 14:01:10,transition_observed,sold,2,11900,ランダム配布です。複数名義所持の為、発券後一度チケットを回収し選ばせていただきます。座席券はこちらで決めてお渡しします。座席をお選びするのにお時間頂戴する場合が...,True
8r8yhsd9yz,,milesixtones-2026,2026-11-08,17:00,ヤンマースタジアム長居,electronic,female,当日手渡し,はち,5.0,,番手,2026-09-03 09:18:44,,2026-09-04 19:01:10,2026-09-04 19:01:10,transition_observed,sold,2,40000,"2名義中2番手の2連チケットです
FC先行/初期当選 / 座席未定 / 有効期限内名義 / すり替えなし / 会員番号下3桁提示可能

公演当日は当方の指定した...",True
jwiwnmxu1l,,milesixtones-2026,2026-11-08,17:00,ヤンマースタジアム長居,electronic,female,同行,333,5.0,,ランダム,2026-09-03 12:06:04,,2026-09-04 19:01:10,,,listing,1,11500,⭐️開示対策の為プライベート出品に切り替えますのでご希望の方はコメントお願いいたします⭐️中相場での買取、上乗せにて早渡しも可能です。ご希望の場合は必ず事前にコ...,True
4h0u367jv1,,milesixtones-2026,2026-11-08,17:00,ヤンマースタジアム長居,electronic,female,同行,S,5.0,,,2026-09-03 03:03:11,,2026-09-04 19:01:10,,,listing,2,25000,"2名義中2番手 
1部当日手渡し可※お気軽にご相談ください🙇‍♀️
FC先行/初期当選/着ブロ指定なし/有効期限内/下3桁提示可/すり替えなし

プライベート...",True
ffh2b1cxj2,,milesixtones-2026,2026-11-08,17:00,ヤンマースタジアム長居,electronic,female,少人数ランダム,ぽ,5.0,,ランダム,2026-09-01 23:07:28,,2026-09-04 19:01:10,,,listing,2,11000,"💫超少人数ランダム
💫中相場買取可能

⭐️事前上乗せで番手への変更可能

お取引はプラベルにて行いますのでご購入の際はコメントいただきますようお願いいたし...",True
mc8b7ckyy2,,milesixtones-2026,2026-11-08,17:00,ヤンマースタジアム長居,electronic,female,同行,333,5.0,,ランダム,2026-09-03 12:06:55,,2026-09-04 19:01:10,,,listing,2,11500,⭐️開示対策の為プライベート出品に切り替えますのでご希望の方はコメントお願いいたします⭐️中相場での買取、上乗せにて早渡しも可能です。ご希望の場合は必ず事前にコ...,True
e1awzct6yu,,milesixtones-2026,2026-11-08,17:00,ヤンマースタジアム長居,electronic,female,同行,にょ,5.0,,同行,2026-08-29 11:19:26,,2026-09-04 19:01:10,,,listing,2,35000,"QR毎/FC先行座席未定/すり替えなし/下3桁提示可/初期当選/有効期限内/着ブロ希望なし/MILESixTONESアリツア落選

公演日前日にログイン情報をお...",True
b31t4i2t08,,milesixtones-2026,2026-11-08,17:00,ヤンマースタジアム長居,electronic,female,公演日前日までにログイン情報共有,R,5.0,,QR,2026-08-29 04:31:58,,2026-09-04 19:01:10,,,listing,2,49900,"QR毎/初期当選/アリツア落選名義/重複すり替えなし/着ブロ希望なし/下3桁提示可能/有効期限内/発送物戻りなし/過去エラーなし

2024年スタンド
2025...",True
gkir3ilxm0,,milesixtones-2026,2026-11-21,16:30,日産スタジアム,electronic,female,公演日前日(18:00以降)にログイン情報をお貸しします。,MJGA,5.0,,QR,2026-08-27 15:41:40,,2026-09-04 19:01:10,,,listing,2,0,"FC初期当選/有効期限内/下3桁提示可/すり替えなし/初当選(当選履歴なし)/着席ブロック希望なし

・公演日前日(18:00以降)になりましたら、ログイン情報...",True
8rsp6fe9vk,,milesixtones-2026,2026-11-21,16:30,日産スタジアム,electronic,female,QRごと,R,5.0,,QR,2026-09-01 10:54:25,,2026-09-04 19:01:10,,,listing,2,40000,"QR毎/初期当選/重複すり替えなし/着ブロ希望なし/下3桁提示可能/有効期限内/アリツア落選名義

☆プライベート出品可能

公演前日にログインに必要な情報をお...",True
b10kuc52be,,milesixtones-2026,2026-11-21,16:30,日産スタジアム,electronic,female,公演前日にログイン情報共有,じゅん,5.0,,QR,2026-09-03 07:56:34,,2026-09-04 19:01:10,,,listing,1,40000,"FC初期当選/単番/QR毎/アリツア落選名義/有効期限内/着ブロ無し/すり替え無し

公演前日にログイン情報お伝えします。座席に関しましてのクレームは一切受け付...",True
qpxqgmytij,,milesixtones-2026,2026-11-21,16:30,日産スタジアム,electronic,female,公演日前日にQRコード共有,りり,5.0,,QR,2026-09-03 06:14:06,,2026-09-04 19:01:10,,,listing,2,34000,"QR/重複なし/初期当選/下3桁提示可能/有効期限内名義/着ブロ指定なし

公演前日に同行者の同意チェックのみこちらで行った後ログイン情報をお伝えします。
代表...",True
j3tdzat9jf,,milesixtones-2026,2026-11-21,16:30,日産スタジアム,electronic,female,同行,き,5.0,,同行,2026-09-03 16:58:52,,2026-09-04 19:01:10,,,listing,1,50000,"FC初期当選/有効期限内/重複すり替えなし/会員番号下3桁提示可/着ブロ希望なし/アリツ落選名義

プライベート出品に変更するため、購入希望の方は担当様明記の上...",True
ynezpwhxwc,,milesixtones-2026,2026-11-21,16:30,日産スタジアム,electronic,female,【サイチェン不可】重複すり替えなし同行,a,5.0,,同行,2026-08-28 15:23:56,,2026-09-04 19:01:10,,,listing,1,25000,"初期当選/重複すり替えなし/下3桁提示可/同行FC枠/有効期限内/着ブロ希望/松村担不可/サイチェン不可

・重複すり替えなし同行、着ブロでの当選です
・連番内...",True
42960j95jw,,milesixtones-2026,2026-11-21,16:30,日産スタジアム,electronic,female,同行,あ,5.0,,ランダム記載あり,2026-09-01 16:33:58,,2026-09-04 19:01:10,,,listing,2,20000,"プラベルに切り替えますのでご連絡お願いいたします。

3名義中3番手 下3桁提示可 すり替えなし 初期当選 郵送物戻りなし 期限内 指定席のみ 

会場付近にて...",True
2lysucmkti,,milesixtones-2026,2026-11-21,16:30,日産スタジアム,electronic,female,同行,333,5.0,,ランダム,2026-09-03 12:09:25,,2026-09-04 19:01:10,,,listing,1,11300,⭐️開示対策の為プライベート出品に切り替えますのでご希望の方はコメントお願いいたします⭐️中相場での買取、上乗せにて早渡しも可能です。ご希望の場合は必ず事前にコ...,True
d7bnpliqbd,,milesixtones-2026,2026-11-22,16:30,日産スタジアム,electronic,female,同行,みれ,5.0,,同行,2026-08-31 01:47:46,,2026-09-04 19:01:10,,,listing,1,45000,"重複・すり替え無し／当方25↑♀との同行／下3桁提示可／有効期限内／会員×会員

・入場後すぐに座席を確認しチケットをお渡ししたあと、目の前で受取評価をしていた...",True
yoa8gzf26p,,milesixtones-2026,2026-11-22,16:30,日産スタジアム,electronic,female,同時入場,れ,5.0,,番手,2026-09-01 11:55:45,,2026-09-04 19:01:10,,,listing,2,45000,"2名義中2番手/下三桁提示可能/着ブロ希望無し/有効期限内/初期当選/すり替えなし/本人確認不可/サイチェン可

・2名義中2番手のです。チケットは当方が選択し...",True
jrflouc0yc,,milesixtones-2026,2026-11-22,16:30,日産スタジアム,electronic,female,公演日前日までにログイン情報共有,R,5.0,,QR,2026-08-29 04:41:29,,2026-09-04 19:01:10,,,listing,2,59000,"QR毎/初期当選/アリツア落選名義/重複すり替えなし/着ブロ希望なし/下3桁提示可能/有効期限内/発送物戻りなし/過去エラーなし

2026年アリツア落選→制作...",True
6tqtguvsvk,,milesixtones-2026,2026-11-22,16:30,日産スタジアム,electronic,female,同行,a,5.0,,番手,2026-08-31 02:14:26,,2026-09-04 19:01:10,,,listing,1,52000,"⭐️2名義中1番手同行(前回、前々回スタンド名×2)⭐️
どちらも初期当選、下3桁提示可、有効期限内、すり替えなし、着ブロなし。

・一部チケテン通し、残り手渡...",True
29mmm8eqkp,,milesixtones-2026,2026-11-22,16:30,日産スタジアム,electronic,female,公演日前日(18:00以降)にログイン情報をお貸しします。,MJGA,5.0,,QR,2026-08-27 15:43:25,,2026-09-04 19:01:10,,,listing,2,0,"FC初期当選/有効期限内/下3桁提示可/すり替えなし/初当選(当選履歴なし)/着席ブロック希望なし

・公演日前日(18:00以降)になりましたら、ログイン情報...",True
ah1t68aps0,,milesixtones-2026,2026-11-22,16:30,日産スタジアム,electronic,female,同行,u,5.0,,ランダム,2026-09-01 08:10:35,,2026-09-04 19:01:10,,,listing,1,12500,"即決価格です。メッセージにてプラベ出品致します。
45分〜30分前渡しなども可能です。(+0.5〜)
メッセージにてご連絡ください。
SixTONES日産11/...",True
ve6cr1mhzq,1788305091908,milesixtones-2026,2026-11-22,16:30,日産スタジアム,electronic,female,同時入場後手渡し,H,5.0,,番手,2026-09-01 23:24:51,,2026-09-04 13:01:12,,,deleted,2,0,"5名義中2番手2枚  4.0/枚

開示請求対策のため、10,342/枚のプライベート出品に切り替えます。購入希望の場合コメントお願いします。

ランダムエラー...",True
cdlx3wxev4,,milesixtones-2026,2026-11-22,16:30,日産スタジアム,electronic,female,同行,r,5.0,,同行,2026-08-28 11:52:56,,2026-09-04 19:01:10,,,listing,1,45000,"当方と同行/初期当選/重複/すり替えなし/下3桁提示可/有効期限内/着ブロ希望なし/アリツ落選名義

・2連中の1枚当方（田中担同担不可）との同行になります。...",True
7o2ihc9jst,,milesixtones-2026,2026-11-22,16:30,日産スタジアム,electronic,female,同行,U,5.0,,ランダム,2026-08-31 06:49:49,,2026-09-04 19:01:10,2026-09-04 19:01:10,transition_observed,sold,2,15000,【入場時ランダムエラーの場合の全額返金保証、立見なし】ランダムのお渡しとなり、購入者様の座席選択権はありませんことご理解下さい。(連番での落札は必ず連番のお譲り...,True
gfcjlmi286,,milesixtones-2026,2026-11-22,16:30,日産スタジアム,electronic,female,同行,H,5.0,,ランダム,2026-09-02 14:00:23,,2026-09-04 19:01:10,,,listing,2,14000,"少人数ランダム配布

全て同一クレカ決済なしの有効会員、初期当選の名義となります。

以下注意事項をお読みいただきご納得いただける方のみ落札ください。


・複...",True
o3mg2ivpvx,,milesixtones-2026,2026-11-22,16:30,日産スタジアム,paper,female,当日手渡し,ヌ,5.0,,同行,2026-08-29 11:17:31,,2026-09-04 19:01:10,,,listing,2,300,"⭐️大阪 長居 11/8との交換希望
→神奈川 日産 11/22 3名義中3番手 2連
⭐️すり替えなし/下3桁提示可
⭐️都度清算可/プラベル移行可

本人確...",True
gq3tljyiu6,,milesixtones-2026,2026-11-22,16:30,日産スタジアム,electronic,female,同行,a,5.0,,番手,2026-08-31 02:19:24,,2026-09-04 19:01:10,,,listing,2,30000,"⭐️2名義中2番手同行(前回、前々回スタンド×2)⭐️
どちらも初期当選、下3桁提示可、有効期限内、すり替えなし、着ブロなし。

・一部チケテン通し、残り手渡し...",True
c3d0mhehtf,,milesixtones-2026,2026-11-22,16:30,日産スタジアム,electronic,female,公演日前日までにログイン情報共有,R,5.0,,QR,2026-08-29 04:37:15,,2026-09-04 19:01:10,,,listing,2,59000,"QR毎/初期当選/アリツア落選名義/重複すり替えなし/着ブロ希望なし/下3桁提示可能/有効期限内/発送物戻りなし/過去エラーなし

2024年落選
2025年ス...",True
27q6md2ott,,milesixtones-2026,2026-11-22,16:30,日産スタジアム,electronic,female,同行,333,5.0,,ランダム,2026-09-03 12:10:08,,2026-09-04 19:01:10,,,listing,1,11300,⭐️開示対策の為プライベート出品に切り替えますのでご希望の方はコメントお願いいたします⭐️中相場での買取、上乗せにて早渡しも可能です。ご希望の場合は必ず事前にコ...,True
2n4d01x532,,milesixtones-2026,2026-11-22,16:30,日産スタジアム,electronic,female,前日の23時までにログイン情報をお伝えします,り,5.0,,QR,2026-08-28 04:54:34,,2026-09-04 19:01:10,,,listing,2,80000,"QRごと2枚連番 有効期限内 同一クレカなし
新規名義のため当選歴なし
・公演前日の夜に同意チェックまで済ませた状態でログイン情報をお伝えします。
ログイン情報...",True
nzl6pstzoq,,milesixtones-2026,2026-11-22,16:30,日産スタジアム,electronic,female,連絡ボード,k,5.0,,番手,2026-09-02 10:01:44,,2026-09-04 19:01:10,,,listing,2,45000,"2名義中2番手
・取引確定後プライベート出品に変更致しますので必ずご連絡下さい。

初期当選/下３桁提示/有効期限内/すり替え無/着ブロ指定なし/サイチェン可...",True
i3wt8ob0mq,1787925563743,hakuchotokomori-aisatsu,2026-09-04,11:50,丸の内ピカデリー (東京都),paper,female,当日手渡し,white,5.0,,,2026-08-28 13:59:23,,2026-09-04 03:01:08,,,deleted,1,25000,"チケットは当日手渡しになります。
当日チケットをお受け取り後は、速やかに受取完了をお願いします。
公演中止以外如何なる理由でも返金キャンセルはいたしかねます。...",True
3s8q42ay85,1788451027870,hakuchotokomori-aisatsu,2026-09-04,11:50,丸の内ピカデリー (東京都),paper,none,当日手渡し,うなご,4.7,,,2026-09-03 15:57:07,,2026-09-04 03:01:08,,,listing,1,14500,"当日手渡しにてお譲りいたします。
公演迫っているため値下げなど承ります",True
331mktje3r,,milesixtones-2026,2026-09-18,17:30,味の素スタジアム,electronic,female,同行,h,5.0,,QR番手,2026-08-25 12:50:31,,2026-09-04 19:01:10,,,listing,2,34000,"2名義中2番手  1-2枚
お気軽にお声掛けください。

初期当選/アリツ落選名義/女性名義/すり替えなし/有効期限内／座席未定／下3桁提示可

⭐️必ずお読み...",True
skzuyv0l7k,,milesixtones-2026,2026-09-19,17:30,味の素スタジアム,electronic,female,同行,ぽ,5.0,,同行番手,2026-07-24 13:11:41,,2026-09-04 19:01:10,2026-09-04 19:01:10,transition_observed,sold,2,34000,"⭐️FC先行 座席未定  3名義中3番手 すり替えなし下3桁提示可 +1.1/枚で2番手に変更可⭐️
初期当選 有効期限内名義  発送物戻りなし同一クレカ決済無...",True
vveiusrq28,,milesixtones-2026,2026-09-19,17:30,味の素スタジアム,electronic,female,同行,mii,5.0,,番手,2026-07-24 08:13:18,,2026-09-04 19:01:10,,,listing,2,28000,"FC先行 初期当選 3名義中2番手 2連のみすり替えなし 下3桁提示可 有効期限内 サイチェン可

公演当日、会場付近にて待ち合わせし、同時入場していただきます...",True
1vh8298e9l,,milesixtones-2026,2026-09-19,17:30,味の素スタジアム,electronic,female,同行,🐥,5.0,,番手,2026-07-29 01:58:24,,2026-09-04 19:01:10,,,listing,2,25000,"3名義中2番手/すり替えなし/下3桁提示可能/有効内/アリツ落選名義

プライベートモードにて再度出品いたしますので、お取引希望の方はメッセージにてご連絡くださ...",True
tu94p0a5ku,,milesixtones-2026,2026-09-19,17:30,味の素スタジアム,electronic,female,同行,s,5.0,,同行,2026-08-06 10:33:10,,2026-09-04 19:01:10,2026-09-04 19:01:10,transition_observed,sold,2,20000,"初期当選,3名義中3番手,すり替えなし下3桁提示可能,全て有効期限内名義
プラベにて出品し直す予定ですので購入ご希望の方はメッセージお願いいたします
公演当日開...",True
6iz71kbm1h,,milesixtones-2026,2026-09-19,17:30,味の素スタジアム,electronic,female,ランダム配布,💫,5.0,,ランダム記載あり,2026-07-24 07:18:14,,2026-09-04 19:01:10,,,listing,2,26000,"当日指定の時間に会場にて集合していただきます。10分以上の遅刻は待たずに入場、受け取り評価のみしていただきます。

・全員で同時入場し、1度こちらで全てのチケッ...",True
c4dqwjznei,,milesixtones-2026,2026-09-19,17:30,味の素スタジアム,electronic,female,同行,とら,5.0,,同行番手,2026-08-26 17:50:05,,2026-09-04 19:01:10,,,listing,1,36000,"プライベート出品に変更いたします。

2名義中1番手 同行（ジェシー担不可）
初期当選 / アリツア落選名義 / 有効期限内名義
重複すり替えなし / 下3桁提...",True
4oarzhb0z5,,milesixtones-2026,2026-09-19,17:30,味の素スタジアム,electronic,female,同行,り,5.0,,同行番手,2026-07-24 11:28:12,,2026-09-04 19:01:10,2026-09-04 19:01:10,transition_observed,sold,2,35000,"3名義重複/2番手2連/座種未定/初期当選/すり替えなし/下3桁提示可能/公演日有効期限内

※開示懸念のため1部サイト優先。
お話まとまり次第専用またはプラベ...",True
ie8d25amge,,milesixtones-2026,2026-09-19,17:30,味の素スタジアム,pickup_number,female,当日手渡し,m,5.0,,ランダム,2026-07-24 09:45:25,,2026-09-04 19:01:10,2026-09-04 19:01:10,transition_observed,sold,2,16000,"SixTONES FC先行 ランダム配布
○公演当日、開演の3時間前に会場付近にて待ち合わせし、同時入場していただきます。
遅刻をされた場合、待たずに先に入場す...",True
uhdhcmnw38,,milesixtones-2026,2026-09-19,17:30,味の素スタジアム,electronic,female,当日,ぴんくちゃん,5.0,,番手,2026-07-26 01:14:19,,2026-09-04 19:01:10,2026-09-04 19:01:10,transition_observed,sold,2,30000,"6名義中3番手/座席未定/下3桁提示可能/有効期限内

◾︎ プライベート出品いたします。お取引希望の方はメッセージにてご連絡ください。


記載内容をご確認の...",True
4prkx27njp,1784872619510,milesixtones-2026,2026-09-19,17:30,味の素スタジアム,electronic,female,QRごと,ta,5.0,,QR,2026-07-24 05:56:59,,2026-09-04 05:01:12,,,deleted,1,45000,"QR毎/30万番台/初期当選/アリツア落選名義/重複すり替えなし/着ブロ希望なし/下3桁提示可能｜有効期限内

公演前日夜にログインに必要な情報をお伝えします。...",True
gsqxpn2li4,,milesixtones-2026,2026-09-19,17:30,味の素スタジアム,electronic,female,同行,H,5.0,,番手同行,2026-07-25 06:24:32,,2026-09-04 19:01:10,2026-09-04 19:01:10,transition_observed,sold,2,23000,"4名義中3番手

FC先行/初期当選/すり替えなし/下3桁提示可能/全て有効期限内名義

公演当日開場30〜15分前に集合して頂きます。詳しい時間、場所等はマイ...",True
a2u1xt43if,,milesixtones-2026,2026-09-19,17:30,味の素スタジアム,electronic,female,公演前日QRコード共有,R,5.0,,QR,2026-08-23 06:18:30,,2026-09-04 19:01:10,,,listing,2,40000,"FC先行 座席未定/QRごと/すり替えなし/下3桁提示可/初期当選/有効期限内

・公演前日の夜にログイン情報をお送りいたします。座席に関してのクレームは一切受...",True
agxys1ykt7,,milesixtones-2026,2026-09-19,17:30,味の素スタジアム,electronic,female,同行,まちゃ,5.0,,番手,2026-08-18 06:34:22,,2026-09-04 19:01:10,2026-09-04 19:01:10,transition_observed,sold,2,25000,"2名義中2番手になります。
復活当選前に4名義中2番手でチケットを購入しましたが手持ち名義が復活当選したため､当方が買い選択した番手チケットと復活当選のチケット...",True
45cmmwpc3u,,milesixtones-2026,2026-09-19,17:30,味の素スタジアム,electronic,female,公演日0日前までにQRコード共有,ショウコ,5.0,,,2026-07-24 09:37:55,,2026-09-04 19:01:10,,,listing,2,28000,"ファンクラブ最速先行　　
QRごとのお譲り
会員番号とパスワードをお知らせします
公演の中止以外の返金対応不可",True
2stcvoz2tl,,milesixtones-2026,2026-09-19,17:30,味の素スタジアム,electronic,female,同行,るる,5.0,,同行番手,2026-07-24 08:53:41,,2026-09-04 19:01:10,,,listing,2,30000,"FC先行/3名義中3番手/入場後早めのお渡し可/すり替えなし/下3桁提示可/初期当選のみ/アリツ落選名義

・当日は会場付近の指定した場所に時間厳守で集合してい...",True
649np7hdpl,,milesixtones-2026,2026-09-19,17:30,味の素スタジアム,paper,female,当日手渡し,H,5.0,,番手,2026-07-30 04:17:10,,2026-09-04 19:01:10,,,listing,2,20000,"3名義中3番手 すり替えなし　
全て有効期限内、初期当選、同一クレカ支払いなし、発送物戻り名義なし
下3桁提示可

・当日指定の時間に会場にて集合していただきま...",True
0azuo40e8w,,milesixtones-2026,2026-09-19,17:30,味の素スタジアム,electronic,female,同行,m,5.0,,ランダム記載あり,2026-08-22 16:17:17,,2026-09-04 19:01:10,,,listing,2,25000,"
4名義中3番手、プラベル再出品可。初期当選、すり替えなし、下3桁提示可、同一クレカ決済なし、サイチェン可、公演中止の際は手数料を差し引いた全額返金します。...",True
5yvd3tajk2,,milesixtones-2026,2026-09-19,17:30,味の素スタジアム,electronic,female,同行,Jn,5.0,,番手,2026-07-27 09:00:14,,2026-09-04 19:01:10,2026-09-04 19:01:10,transition_observed,sold,2,24000,"初期当選/下3桁共有可能/2名義中2名義目/すり替えなし/有効期限内/指定席/着ブロ指定なし/同一クレカ支払いなし

2名義中2名義目、2連2枚となります。
※...",True
a65p7nhy9d,,milesixtones-2026,2026-09-19,17:30,味の素スタジアム,electronic,female,同行,ほ,5.0,,同行,2026-08-04 10:57:03,,2026-09-04 19:01:10,,,listing,1,42000,"初期当選/初当選名義/松村担不可/すり替えなし同行/
詳しい待ち合わせ時間・場所等は、ご入金後にマイページの連絡ボードでお知らせします。
実際に座席を見て選ぶた...",True
vq3j4szbne,,milesixtones-2026,2026-09-19,17:30,味の素スタジアム,electronic,female,２名義中2番手,A,5.0,,番手,2026-08-24 13:34:55,,2026-09-04 19:01:10,,,listing,2,30000,"2名義中2番手／すり替えなし/下3桁提示可能/有効期限内
同時入場後、2名義の中から当方が選んだあと2番目にチケットをお選び頂けます。
実際に座席を見て判断する...",True
d27acybsh4,,milesixtones-2026,2026-09-19,17:30,味の素スタジアム,electronic,female,同行,mumu,5.0,,同行,2026-08-03 17:07:55,,2026-09-04 19:01:10,,,listing,1,35000,"同行/初期当選/重複・すり替えなし/下3桁提示可

・連番内のお座席の選択は出来ません。座席選択後チケットをお渡ししますので、その場で受取連絡お願い致します。...",True
l3l4elh9oo,,milesixtones-2026,2026-09-19,17:30,味の素スタジアム,electronic,female,同時入場,Ri,5.0,,番手,2026-08-04 13:23:18,,2026-09-04 19:01:10,2026-09-04 19:01:10,transition_observed,sold,2,30000,"【2名義中2番手】
初期当選/有効期限内/下3桁提示可/すり替えなし/指定席

・一度チケットを回収しこちらがチケット選択後お渡しします。その際には受け取り評価...",True
uh98qa2zso,,milesixtones-2026,2026-09-19,17:30,味の素スタジアム,electronic,female,当日同時入場,みかん,5.0,,番手,2026-08-08 10:01:01,,2026-09-04 19:01:10,2026-09-04 19:01:10,transition_observed,sold,2,26000,"3名義中2番手/すり替えなし/有効期限内名義/下3桁提示可

・集合時間は必ず時間厳守でお願いいたします。万が一遅刻された場合は、ご購入様都合でのキャンセルとし...",True
5lowjvbrpi,,milesixtones-2026,2026-09-19,17:30,味の素スタジアム,electronic,female,同行,n,5.0,,番手,2026-07-24 13:24:03,,2026-09-04 19:01:10,,,listing,2,25000,"スタジアムツアーMILESixTONES
東京味の素スタジアム9/19(土)
4名義中3番手
2.5〜即2.7

初期当選/有効期限内/下3桁提示可/すり替えな...",True
c97miudkh5,,milesixtones-2026,2026-09-19,17:30,味の素スタジアム,electronic,female,同行,j,5.0,,番手,2026-08-18 23:20:51,,2026-09-04 19:01:10,,,listing,2,24500,"初期当選/3名義中2番手/有効期限内/すり替えなし/下3桁提示可


集合時間は必ず厳守でお願いいたします。万が一遅刻された場合はお待ちせずに先に入場させていた...",True
lyiraasub7,,milesixtones-2026,2026-09-19,17:30,味の素スタジアム,electronic,female,同時入場,mi,5.0,,ランダム,2026-07-24 11:29:26,,2026-09-04 19:01:10,,,listing,2,20000,"プラベルにて再度出品いたしますので、お取引希望の方はメッセージにてご連絡ください。

【条件あり】
チケットを複数所持しております。同時入場後にチケットを一旦回...",True
00p8q4e39u,,milesixtones-2026,2026-09-19,17:30,味の素スタジアム,electronic,female,同行,m,5.0,,番手,2026-08-02 19:24:33,,2026-09-04 19:01:10,,,listing,1,39999,"初期当選 4名義中2番手 すり替え無し 下3桁提示可 有効期限内 着ブロ指定なし

・公演当日会場付近にて待ち合わせし、同時入場いたします。詳しい場所・時間等は...",True
ghp1vz456o,,milesixtones-2026,2026-09-19,17:30,味の素スタジアム,electronic,female,同行,るる,5.0,,番手同行,2026-07-24 08:57:21,,2026-09-04 19:01:10,2026-09-04 19:01:10,transition_observed,sold,2,40000,"FC先行/3名義中2番手/入場後早めのお渡し可/すり替えなし/下3桁提示可/初期当選のみ/アリツ落選名義

・当日は会場付近の指定した場所に時間厳守で集合してい...",True
ybxqicfh04,,milesixtones-2026,2026-09-19,17:30,味の素スタジアム,electronic,female,同行,m,5.0,,ランダム記載あり,2026-08-22 16:22:44,,2026-09-04 19:01:10,,,listing,2,20000,"
4名義中4番手、プラベル再出品可。初期当選、すり替えなし、下3桁提示可、同一クレカ決済なし、サイチェン可、公演中止の際は手数料を差し引いた全額返金します。...",True
9ovmtryub0,,milesixtones-2026,2026-09-19,17:30,味の素スタジアム,electronic,female,同行,54,5.0,,番手,2026-08-19 11:34:26,,2026-09-04 19:01:10,,,listing,1,25000,"4名義中4番手
初期当選のみ・下3桁提示可能

★15:00集合
★プライベートモードにて再出品しますので、ご希望の方はメッセージお願いいたします。

・複数名...",True
uhdakua42u,,milesixtones-2026,2026-09-19,17:30,味の素スタジアム,electronic,female,【3名義中2番手】初期当選/有効期限内名義/すり替えなし(下3桁提示可能)/着ブロなし/前回スタンド名義,m,5.0,,同行番手,2026-08-02 05:24:19,,2026-09-04 19:01:10,,,listing,2,35000,・3名義中2番手でのお譲りになります。チケット発券後、チケットをすべて回収させていただき座席確認を行いますので少々お時間をいただく可能性もありますが、すり替え等...,True
kg01e8zgc7,,milesixtones-2026,2026-09-19,17:30,味の素スタジアム,electronic,female,当日,a,5.0,,番手,2026-08-25 23:32:09,,2026-09-04 19:01:10,,,listing,2,20000,"3名義中3番手
初期当選/アリツ落選名義/すり替えなし/有効期限内名義/下3桁提示可/着ブロ指定なし/同一クレカ決済なし

※プライベート出品に変更しますので購...",True
wiib13rqjs,,milesixtones-2026,2026-09-19,17:30,味の素スタジアム,electronic,female,同行,y,5.0,,同行,2026-07-24 13:00:48,,2026-09-04 19:01:10,,,listing,1,0,"初期当選/有効期限内/重複すり替えなし/着ブロ指定なし/サイチェン等可能

2連中の1枚、当方との同行になります。
京本担のご購入はお控えください。
担当年齢記...",True
qhp1etj7sq,,milesixtones-2026,2026-09-19,17:30,味の素スタジアム,electronic,female,同行,ぱあ,5.0,,番手,2026-07-24 07:45:58,,2026-09-04 19:01:10,,,listing,2,33000,"2名義中2番手/初期当選/着ブロなし/期限内名義
【必ずお読みください】
・当日開場30分前を目処に会場付近に集合し同時入場していただきます。詳しい集合時間、場...",True
h1vpqnff4m,,milesixtones-2026,2026-09-19,17:30,味の素スタジアム,electronic,female,同行,s,5.0,,ランダム,2026-07-24 05:37:30,,2026-09-04 19:01:10,2026-09-04 19:01:10,transition_observed,sold,2,12000,"座席未定、ランダム配布
🌟発券した座席次第ではすぐにお渡し可能
・2枚での購入の場合は2連でのお渡し可能です。
・プライベート出品に切り替えますので、購入希望...",True
twl33hilsl,,milesixtones-2026,2026-09-19,17:30,味の素スタジアム,electronic,female,【3名義中3番手】初期当選/有効期限内名義/すり替えなし(下3桁提示可能)/着ブロなし/前回スタンド名義,m,5.0,,同行番手,2026-08-02 05:05:21,,2026-09-04 19:01:10,,,listing,2,25000,・3名義中3番手でのお譲りになります。チケット発券後、チケットをすべて回収させていただき座席確認を行いますので少々お時間をいただく可能性もありますが、すり替え等...,True
ivlrc20xnq,,milesixtones-2026,2026-09-19,17:30,味の素スタジアム,electronic,none,同行,yuu,5.0,,番手同行,2026-07-27 00:06:32,,2026-09-04 19:01:10,2026-09-04 19:01:10,transition_observed,sold,2,22000," 3名義中3番手／すり替えなし
全て初期当選、有効期限内、下3桁提示可

公演当日、最寄駅または会場付近にて待ち合わせし、同時入場していただきます。
詳しい待ち...",True
3mpbo5tr3c,,milesixtones-2026,2026-09-19,17:30,味の素スタジアム,electronic,female,同行,みん,5.0,,番手,2026-07-26 02:34:11,,2026-09-04 19:01:10,,,listing,1,50000,2名義中2番手,True
h35mpck7ct,,milesixtones-2026,2026-09-19,17:30,味の素スタジアム,electronic,female,同行,N,5.0,,番手,2026-08-12 10:14:53,,2026-09-04 19:01:10,2026-09-04 19:01:10,transition_observed,sold,2,27000,"4名義中3番手

初期当選/全てアリツア落選名義",True
ewo83kyu0e,,milesixtones-2026,2026-09-19,17:30,味の素スタジアム,electronic,female,前日夜までにログイン情報ご提示致します,n,5.0,,QR,2026-07-24 12:07:18,,2026-09-04 19:01:10,,,listing,2,45000,"QR毎/初期当選/重複・すり替えなし/下3桁提示可能/有効期限内名義/⭐️アリツア落選名義/着ブロ希望なし

・公演前日夜にログイン情報を共有します。
・当日入...",True
6fx3i2r2xj,,milesixtones-2026,2026-09-19,17:30,味の素スタジアム,electronic,female,ランダム配布,a,5.0,,ランダム,2026-07-25 06:38:41,,2026-09-04 19:01:10,2026-09-04 19:01:10,transition_observed,sold,2,18000,"少人数ランダム
・同時入場後にチケットを一旦回収し、開演5~10分前を目処に再集合の上チケットをお渡しさせていただきます。座席についてのクレーム等一切受け付けま...",True
z0yxorq7ac,1787231491624,milesixtones-2026,2026-09-19,17:30,味の素スタジアム,electronic,female,公演前日にログイン情報共有,なちゃん,5.0,,QR,2026-08-20 13:11:31,,2026-09-04 18:01:17,2026-09-04 06:01:18,transition_observed,sold,2,40000,"QR毎/初期当選/アリツア落選名義/名義初当選/重複・すり替えなし/下3桁提示可/有効期限内/着ブロ希望なし

・公演前日に、ログイン情報をお伝えいたしますので...",True
c9ekb0wxu9,,milesixtones-2026,2026-09-19,17:30,味の素スタジアム,electronic,female,同時入場,あ,5.0,,番手,2026-07-25 16:22:52,,2026-09-04 19:01:10,,,listing,2,28000,"3名義中2番手/初期当選/有効期限内/すり替えなし/下3桁提示可/着ブロなし

プライベート出品いたしますので、購入希望の方はご連絡ください。

・当日は会場付...",True
ofndr8utvm,,milesixtones-2026,2026-09-19,17:30,味の素スタジアム,electronic,female,同行,na,5.0,,QR番手,2026-08-15 03:44:22,,2026-09-04 19:01:10,2026-09-04 19:01:10,transition_observed,sold,2,30000,2名義中2番手/下3桁可能/vvs以降初当選名義,True
xljy4fzlas,,milesixtones-2026,2026-09-19,17:30,味の素スタジアム,electronic,female,同時入場,mi,5.0,,番手,2026-07-24 11:52:58,,2026-09-04 19:01:10,,,listing,2,45000,"プラベルにて再度出品いたしますので、お取引希望の方はメッセージにてご連絡ください。

【条件あり】
5名義中3番手、1.2番手除く残りの3名義より座席を選択でき...",True
twvqmf2vu2,,milesixtones-2026,2026-09-19,17:30,味の素スタジアム,electronic,female,同行,a,5.0,,同行,2026-08-15 13:17:34,,2026-09-04 19:01:10,,,listing,1,35000,"FC先行 座席未定 初期当選 有効期限内 重複すり替えなし 下3桁提示可  2連中1枚の同行となります。連番内のお席はこちらで決めさせていただきます。

公演当...",True
5sfx648oow,,milesixtones-2026,2026-09-19,17:30,味の素スタジアム,electronic,female,番手,あ,5.0,,同行,2026-08-20 23:33:25,,2026-09-04 19:01:10,,,listing,1,23000,"4名義中3名義目/すり替えなし/公演日当日有効期限内/下2桁提示可能/過去エラーなし

開演2時間前(15時30分)に会場付近にてお待ち合わせをし同時入場頂きま...",True
7hqq5tto8i,,milesixtones-2026,2026-09-19,17:30,味の素スタジアム,electronic,female,同行,♡,5.0,,番手,2026-08-26 02:08:04,,2026-09-04 19:01:10,2026-09-04 19:01:10,transition_observed,sold,2,25000,"2名義中2番 ／FC先行／初期当選／座席未定／すり替えなし／下3桁掲示可／着ブロ希望なし／郵送物戻りなし／有効期限内名義
・こちらは2名義中2番手のチケットとな...",True
risrjts4gl,,milesixtones-2026,2026-09-19,17:30,味の素スタジアム,electronic,female,同時入場,ゆ,5.0,,番手,2026-08-14 00:54:01,,2026-09-04 19:01:10,,,listing,2,37000,4名義中2番手,True
hfgzhlh8ir,,milesixtones-2026,2026-09-19,17:30,味の素スタジアム,electronic,female,同行,あんこ,5.0,,番手同行,2026-08-09 17:46:16,,2026-09-04 19:01:10,,,listing,2,24500,"FC先行 2名義中2番手 初期当選 座席未定 すり替えなし 2連 有効期限内名義 発送物戻りなし
アリツア落選名義

プラベ出品いたしますので、ご検討の方はご連...",True
mdjl4ddyrc,,milesixtones-2026,2026-09-19,17:30,味の素スタジアム,electronic,female,公演日前日にログイン情報共有,あ,5.0,,QR,2026-07-24 07:38:13,,2026-09-04 19:01:10,2026-09-04 19:01:10,transition_observed,sold,2,39000,"QR毎/FC初期当選/下3桁提示可/重複・すり替えなし/有効期限内/着ブロ希望無し/過去にエラー、郵便物戻り等無し

前日にログイン情報共有します。

公演中止...",True
cuqkcup6e2,1787045646444,milesixtones-2026,2026-09-19,17:30,味の素スタジアム,electronic,female,同行,れ,5.0,,番手,2026-08-18 09:34:06,,2026-09-04 03:01:08,,,deleted,2,18000,"FC先行/初期当選/すり替えなし/期限内/3名義中3番手/下3桁提示可

全て前回スタンド名義

プラベル出品に切り替えます
プラベル分からない方ご遠慮ください...",True
z8802ymid1,,milesixtones-2026,2026-09-19,17:30,味の素スタジアム,electronic,female,連絡ボードにて,b,5.0,,ランダム,2026-08-14 12:55:50,,2026-09-04 19:01:10,,,listing,2,12500,"【座席未定】
チケットを複数所持しております。同時入場後にチケットを一旦回収し、開演5~10分前を目処に再集合の上チケットをお渡しさせていただきます。座席につい...",True
16om6kmf43,,milesixtones-2026,2026-09-19,17:30,味の素スタジアム,electronic,female,同行,h,5.0,,番手,2026-08-17 01:44:13,,2026-09-04 19:01:10,2026-09-04 19:01:10,transition_observed,sold,2,19000,"・3名義中3番手/初期当選/すり替えなし/下3桁提示可

・入場時エラーや、場内を含む本人確認などにより入場ができなかった場合、また座席に関するクレーム等につき...",True
b2q95pvhmc,,milesixtones-2026,2026-09-19,17:30,味の素スタジアム,electronic,female,同行,R,5.0,,同行,2026-08-17 10:34:27,,2026-09-04 19:01:10,,,listing,1,0,"初期当選/すり替えなし/前回スタンド名義/下3桁提示可/郵送物戻りなし/有効期限内/着席希望なし/他G含め過去エラーや誓約書の記入なし/サイチェン可

※プライ...",True
tott8uvvmg,1784936355843,milesixtones-2026,2026-09-19,17:30,味の素スタジアム,electronic,female,公演日前日までにログイン情報共有,る,5.0,,QR,2026-07-24 23:39:15,,2026-09-04 05:01:12,,,deleted,2,40000,"初期当選 QR毎 下3桁提示可 すり替えなし 有効期限内 座席未定 女性名義 着ブロなし

･公演前日までにログイン情報など必要事項を連絡ボードにてお伝えいたし...",True
r6z78xfz2r,,milesixtones-2026,2026-09-19,17:30,味の素スタジアム,electronic,female,同行,さな,5.0,,同行,2026-08-02 01:47:23,,2026-09-04 19:01:10,,,listing,1,50000,fc初当選/重複すり替えなし同行,True
snl3j19bn1,,milesixtones-2026,2026-09-19,17:30,味の素スタジアム,electronic,female,同時入場,mi,5.0,,番手,2026-07-24 12:10:02,,2026-09-04 19:01:10,2026-09-04 19:01:10,transition_observed,sold,2,35000,"プラベルにて再度出品いたしますので、お取引希望の方はメッセージにてご連絡ください。

【条件あり】
5名義中4番手、1〜3番手除く残りの2名義より座席を選択でき...",True
cglgx8mg00,,milesixtones-2026,2026-09-19,17:30,味の素スタジアム,electronic,female,同行,取引,5.0,,同行,2026-08-11 23:47:04,,2026-09-04 19:01:10,,,listing,1,50000,"FC先行 座席未定 指定席のみ 初期当選 有効期限内 コンビニ決済 重複すり替えなし

当方京本担になりますので気にされる方、ご購入御遠慮ください。

・公演当...",True
byf4b2vu01,,milesixtones-2026,2026-09-19,17:30,味の素スタジアム,electronic,female,2名義中2番手/全て有効期限内、初期当選/下3桁提示可,み,5.0,,同行,2026-08-08 03:34:00,,2026-09-04 19:01:10,2026-09-04 19:01:10,transition_observed,sold,2,23000,"当方実際に座席を見て判断する場合もございますので、座席選択にお時間頂きますがご了承ください。 
 待ち合わせ場所、詳しい時間などは公演前日までにご連絡いたします...",True
11py28u4xg,,milesixtones-2026,2026-09-19,17:30,味の素スタジアム,electronic,female,当日手渡し,💚,5.0,,番手,2026-07-25 14:38:09,,2026-09-04 19:01:10,,,listing,2,20000,"3名義中 3番手

初期当選/下3桁提示可能/アリツア落選名義(1名義同行者制作開放当選)すり替えなし

ご覧いただきありがとうございます。
必ず最後まで購読お...",True
s311p055i1,,milesixtones-2026,2026-09-19,17:30,味の素スタジアム,electronic,female,同行,ゆ,5.0,,番手同行,2026-07-24 15:23:22,,2026-09-04 19:01:10,,,listing,2,33000,"FC先行 3名義中2番手 有効期限内名義 すり替えなし 下3桁提示可 

・公演当日開場時間前に会場付近にて待ち合わせし、同時入場していただきます。 

・座席...",True
ichs52yda4,,milesixtones-2026,2026-09-19,17:30,味の素スタジアム,electronic,female,公演前日夜にログイン情報提示,さと,5.0,,QR,2026-07-24 14:40:17,,2026-09-04 19:01:10,2026-09-04 19:01:10,transition_observed,sold,2,53000,FC先行 座席未定/QRごと/すり替えなし/下3桁提示可/初期当選/同行者FC/有効期限内・エラー発送物戻り停止なし/YONG OLDスタンド(チケホルなし)・...,True
sgpsyzodi8,,milesixtones-2026,2026-09-19,17:30,味の素スタジアム,electronic,female,同行,★,5.0,,同行番手,2026-08-25 13:48:48,,2026-09-04 19:01:10,,,listing,2,30000,"3名義中2番手/全て初期当選/有効期限内/下3桁提示可

プライベート出品に切り替えますので、コメントお願いいたします。

ご購入頂いた時点で、以下の内容に全て...",True
qmi88pwdcq,,milesixtones-2026,2026-09-19,17:30,味の素スタジアム,electronic,none,同行,らんらん,5.0,,同行,2026-07-25 03:28:21,,2026-09-04 19:01:10,,,listing,1,150000,"FC先行9名義中1番手 有効期限内名義すり替えなし下
3桁提示可
*  公演当日開場時間前に会場付近にて待ち合わせし、同時入場していただきます。
*  座席に関...",True
bhhxqrix4s,,milesixtones-2026,2026-09-19,17:30,味の素スタジアム,electronic,female,同行,みん,5.0,,同行記載あり,2026-07-25 03:51:10,,2026-09-04 19:01:10,,,listing,1,40000,"重複すり替えなし同行/初期当選/有効期限内/下三桁提示可/着ブロ希望なし/サイチェン可

【当日の流れ】
集合時間や場所については前日の夜までにマイページにて連...",True
fz01vvhot9,,milesixtones-2026,2026-09-19,17:30,味の素スタジアム,electronic,female,前日にログイン情報をお伝えします,n,5.0,,QR,2026-07-28 11:47:03,,2026-09-04 19:01:10,2026-09-04 19:01:10,transition_observed,sold,2,38000,"QR毎/アリツア落選名義/すり替えなし/着ブロなし/下3桁提示可/有効期限内
＊前日にログイン情報をお伝えします
＊入場後すみやかにログアウト・受取評価をお願い...",True
vuii2ng83o,,milesixtones-2026,2026-09-19,17:30,味の素スタジアム,electronic,none,同行,らんらん,5.0,,番手,2026-07-24 16:33:37,,2026-09-04 19:01:10,2026-09-04 19:01:10,transition_observed,sold,2,17000,"FC先行9名義中6番手 有効期限内名義すり替えなし下
3桁提示可
・公演当日開場時間前に会場付近にて待ち合わせし、同時入場していただきます。
・座席に関するクレ...",True
xnu0kd18fi,,milesixtones-2026,2026-09-19,17:30,味の素スタジアム,electronic,female,同時入場,mi,5.0,,番手,2026-07-24 12:15:03,,2026-09-04 19:01:10,,,listing,2,30000,"プラベルにて再度出品いたしますので、お取引希望の方はメッセージにてご連絡ください。

【条件あり】
5名義中5番手、すり替えなし、下3桁提示可能です

・入場後...",True
xb33x0m3yn,,milesixtones-2026,2026-09-19,17:30,味の素スタジアム,electronic,female,同行,mi,5.0,,同行,2026-08-24 16:38:18,,2026-09-04 19:01:10,,,listing,1,33000,"初期当選/2連中1枚/有効期限内/下三桁提示可/重複すり替えなし/着ブロ希望なし

トラブル防止のため、髙地担は購入をお控えください。

公演当日会場付近にて待...",True
ey09k5s157,,milesixtones-2026,2026-09-19,17:30,味の素スタジアム,electronic,none,同行,さく,5.0,,同行番手,2026-08-16 15:22:31,,2026-09-04 19:01:10,,,listing,2,25000,"必ず最後までお読みになり、ご理解いただける方のみ購入をご検討ください。
記載事項以外の対応は一切いたしません。 

FC初期当選、公演当日も有効期限内

2連×...",True
mq4dfr818c,,milesixtones-2026,2026-09-19,17:30,味の素スタジアム,electronic,none,同行,y:),5.0,,番手,2026-08-17 12:03:58,,2026-09-04 19:01:10,,,listing,1,20000,"6名義中5番手2連中1枚
ご購入検討されている方はメッセージをお願いします。プラベルへ移行します。

下3桁提示可能/すり替えなし/有効期限内
公演当日、開場時...",True
pfhm502gtg,,milesixtones-2026,2026-09-19,17:30,味の素スタジアム,electronic,female,同行,🦅,5.0,,同行番手,2026-08-19 16:06:36,,2026-09-04 19:01:10,2026-09-04 19:01:10,transition_observed,sold,1,30000,"即3.0
5名義中3番手/当方(20↑田中担)と同行
公演中止以外(ランダムエラーや遅刻等)いかなる事由においても返金対応は致しかねます。",True
iotom1tlfz,,milesixtones-2026,2026-09-19,17:30,味の素スタジアム,electronic,female,同行,♡,5.0,,番手,2026-07-25 03:50:26,,2026-09-04 19:01:10,,,listing,2,35000,"3名義中2番 ／FC先行／初期当選／座席未定／すり替えなし／下3桁掲示可／着ブロ希望なし／郵送物戻りなし／有効期限内名義
・こちらは3名義中2番手のチケットとな...",True
ugkso806ri,,milesixtones-2026,2026-09-19,17:30,味の素スタジアム,electronic,female,同行,R,5.0,,番手同行,2026-08-24 00:34:44,,2026-09-04 19:01:10,2026-09-04 19:01:10,transition_observed,sold,2,25000,"⭐️プラベルに出品変更可⭐️

2名義中2番手/すり替えなし/下3桁提示可 /着ブロなし/有効期限内/Pay-easy決済

・開場15分前を目処にこちらが指定...",True
xfha8x5vtx,,milesixtones-2026,2026-09-19,17:30,味の素スタジアム,electronic,female,ランダム配布,お,5.0,,ランダム,2026-07-24 13:00:00,,2026-09-04 19:01:10,,,listing,2,20000,"バラ可
開場15分前集合、開演20分前渡し
プライベート出品に切り替えますのでメッセージにてご連絡ください",True
ium0dalqox,,milesixtones-2026,2026-09-19,17:30,味の素スタジアム,electronic,female,連絡ボード,b,5.0,,番手,2026-07-26 16:07:09,,2026-09-04 19:01:10,,,listing,2,13500,"【13名義中12番手】
下3桁提示可能/すり替えなし
当日手渡しはありません
こちらの金額のみになります

・同時入場後にチケットを一旦回収し座席選択後のお渡し...",True
y92vvoizku,,milesixtones-2026,2026-09-19,17:30,味の素スタジアム,electronic,none,同行,らんらん,5.0,,同行,2026-07-24 15:31:15,,2026-09-04 19:01:10,2026-09-04 19:01:10,transition_observed,sold,2,20000,"FC先行9名義中5番手 有効期限内名義すり替えなし下
3桁提示可
・公演当日開場時間前に会場付近にて待ち合わせし、同時入場していただきます。
・座席に関するクレ...",True
71clr2vwa9,,milesixtones-2026,2026-09-19,17:30,味の素スタジアム,electronic,female,同行,り,4.6,,同行,2026-07-24 10:00:25,,2026-09-04 19:01:10,2026-09-04 19:01:10,transition_observed,sold,1,50000,"2名義中1番手/下三桁提示可能/有効期限内/初期当選/重複すり替えなし/本人確認不可/サイチェン可

・公演当日は開場時間に会場付近で待ち合わせをし、同時入場し...",True
c8trlbjh57,1784882144548,milesixtones-2026,2026-09-19,17:30,味の素スタジアム,electronic,female,同行,Y,5.0,,番手,2026-07-24 08:35:44,,2026-09-04 14:01:10,,,deleted,2,20000,"FC先行 有効期限内　下3桁提示可  5名義中4番手　すり替えなし

・5名義中4番手のお譲りになります。入場後チケットを回収し、当方、2・3番手の方が座席選択...",True
c9zxz44m9q,,milesixtones-2026,2026-09-19,17:30,味の素スタジアム,electronic,female,公演当日QR共有,M,5.0,,QR,2026-07-27 03:09:37,,2026-09-04 19:01:10,,,listing,2,45000,"QR毎/2連/初期当選/有効期限内

公演当日開場時間30分前に集合していただき、ご自身の端末にてログインさせていただきます。公演中止以外いかなる場合も返金対応...",True
pml13h43ek,,milesixtones-2026,2026-09-19,17:30,味の素スタジアム,electronic,female,公演日2日前までにログイン情報共有,り,5.0,,QR,2026-07-27 06:54:01,,2026-09-04 19:01:10,,,listing,2,42000,"QR毎/アリツア落選/前回ドーム天井ゲート
着ブロ希望なし/発送物戻りなし/初期当選/有効期限内/下三桁提示可能/重複すり替えなし

公演日2日前までにログイン...",True
lm6uwvr4ri,,milesixtones-2026,2026-09-19,17:30,味の素スタジアム,electronic,female,同行,ぽぽ,5.0,,同行番手,2026-08-06 16:08:17,,2026-09-04 19:01:10,,,listing,1,40000,"☆2名義中1番手 同行

初期当選/すり替えなし/下3桁提示可/有効期限内/京本担不可/サイチェン可/アリーナ落選名義

・必ず来場者ご本人様がご購入ください。...",True
vtnxr936vq,,milesixtones-2026,2026-09-19,17:30,味の素スタジアム,electronic,female,同行,💙,5.0,,ランダム,2026-07-27 13:27:45,,2026-09-04 19:01:10,,,listing,1,11000,"重複あり、複数名義中ランダム配布。
購入者様に座席選択権はございません。
プライベート出品しますので購入されずにまずお声がけください。

・複数名義中当方が2連...",True
je51ztsybs,,milesixtones-2026,2026-09-19,17:30,味の素スタジアム,electronic,female,同行,H,5.0,,番手,2026-07-25 06:29:59,,2026-09-04 19:01:10,2026-09-04 19:01:10,transition_observed,sold,1,40000,"4名義中2番手

FC先行/初期当選/すり替えなし/下3桁提示可能/全て有効期限内名義

公演当日開場30〜15分前に集合して頂きます。詳しい時間、場所等はマイ...",True
tn6e9yqzdx,1787752673822,milesixtones-2026,2026-09-19,17:30,味の素スタジアム,electronic,female,当日,a,5.0,,同行番手,2026-08-26 13:57:53,,2026-09-04 13:01:12,,,deleted,2,25000,"3名義中2番手
初期当選/アリツ落選名義/すり替えなし/有効期限内名義/下3桁提示可/着ブロ指定なし/同一クレカ決済なし

※プライベート出品に変更しますので購...",True
g6km30f8cl,,milesixtones-2026,2026-09-19,17:30,味の素スタジアム,electronic,female,同行,み,5.0,,QR同行番手,2026-08-19 01:17:25,,2026-09-04 19:01:10,,,listing,2,24500,"初期当選/２名義中2番手/ゲート別れた場合QR毎の可能性あり/同一支払い無し/郵送物戻り無し/期限内名義/プラベルに切り替え可

※ご購入前に必ずお読みください...",True
gpw5ao4mwa,,milesixtones-2026,2026-09-19,17:30,味の素スタジアム,electronic,female,同時入場,ぴ,5.0,,番手,2026-07-25 07:12:39,,2026-09-04 19:01:10,,,listing,2,45000,"FC先行初期当選、座席未定、2名義中2番手、すり替えなし、下3桁掲示可、有効期限内、着ブロ❌、郵送物戻りなし、サイチェン不可

記載事項全てにご同意いただける方...",True
m7pqsdoob2,,milesixtones-2026,2026-09-19,17:30,味の素スタジアム,electronic,female,同行,tan,5.0,,ランダム,2026-07-24 13:14:16,,2026-09-04 19:01:10,2026-09-04 19:01:10,transition_observed,sold,1,15000,"⭐︎少人数ランダム⭐︎

※プラベルで専用出品致しますので、メッセージお願い致します。
公演当日、開場20分前を目安に会場付近で待ち合わせをし、同時入場をしてい...",True
eabumi98t7,,milesixtones-2026,2026-09-19,17:30,味の素スタジアム,electronic,female,前日にログイン情報共有,n,5.0,,QR,2026-07-28 11:56:53,,2026-09-04 19:01:10,,,listing,2,40000,"QR毎/すり替えなし/着ブロなし/下3桁提示可/有効期限内
＊前日にログイン情報をお伝えします
＊入場後すみやかにログアウト・受取評価をお願いします。またその旨...",True
2qaau3px27,,milesixtones-2026,2026-09-19,17:30,味の素スタジアム,electronic,female,同行,i,5.0,,同行番手,2026-08-08 11:44:00,,2026-09-04 19:01:10,,,listing,2,27000,"2名義中2番手/すり替えなし/着ブロなし/有効期限内/下3桁提示可

プライベートモードへ切り替えますのでご購入希望の方はメッセージお願いいたします。

公演当...",True
tuanxig22y,,milesixtones-2026,2026-09-19,17:30,味の素スタジアム,electronic,female,同行,m,5.0,,,2026-07-25 18:03:38,,2026-09-04 19:01:10,,,listing,2,25000,"2名義中2番手/すり替えなし/下3桁提示可/本人確認不可/発送物戻り無し/有効期限内

同時入場していただき、当方が選ばなかった2連のチケットをお渡しいたします...",True
mjobspm4jl,,milesixtones-2026,2026-09-19,17:30,味の素スタジアム,electronic,female,公演前日にログイン情報提示,s,5.0,,QR,2026-08-20 00:10:07,,2026-09-04 19:01:10,,,listing,2,36000,"復活当選/初当選/QR毎/すり替えなし/有効期限内/座席未定/女性名義/着ブロなし

・ご希望であれば事前に下3桁提示可能です。
・当日は入場後すみやかにログア...",True
it6m6i2tsj,,milesixtones-2026,2026-09-19,17:30,味の素スタジアム,electronic,female,同行,a,5.0,,番手,2026-07-25 12:02:35,,2026-09-04 19:01:10,,,listing,2,24500,"FC先行/2名義中2番手(会員番号下2桁提示可)/すり替えなし

・2名義中2番手のお譲りになります。入場後チケットを回収し、当方の座席選択後、選ばなかった方の...",True
dik579837n,,milesixtones-2026,2026-09-19,17:30,味の素スタジアム,electronic,female,同行,m,5.0,,ランダム記載あり,2026-08-22 16:12:49,,2026-09-04 19:01:10,,,listing,2,37000,"4名義中2番手、プラベル再出品可。初期当選、すり替えなし、下3桁提示可、同一クレカ決済なし、サイチェン可、公演中止の際は手数料を差し引いた全額返金します。

・...",True
ztbbjlbzto,,milesixtones-2026,2026-09-19,17:30,味の素スタジアム,electronic,none,同行,さく,5.0,,同行番手,2026-08-16 15:23:57,,2026-09-04 19:01:10,,,listing,2,20000,"必ず最後までお読みになり、ご理解いただける方のみ購入をご検討ください。
記載事項以外の対応は一切いたしません。 

FC初期当選、公演当日も有効期限内

2連×...",True
71ir8yuiqf,,milesixtones-2026,2026-09-19,17:30,味の素スタジアム,electronic,female,同行,ゆ,5.0,,同行,2026-07-24 20:44:16,,2026-09-04 19:01:10,,,listing,1,42000,"⭐️プラベル優先⭐️初期当選 有効期限内 重複なし同行 すり替えなし 本人確認対応可能

当日開場10分前に会場付近にて集合し同時入場していただきます
公演中止...",True
lgkrey6k8t,,milesixtones-2026,2026-09-19,17:30,味の素スタジアム,electronic,female,同行,R,5.0,,同行,2026-08-12 03:28:17,,2026-09-04 19:01:10,,,listing,1,45000,"初期当選/すり替えなし/前回スタンド名義/下3桁提示可/郵送物戻りなし/有効期限内/着席希望なし/他G含め過去エラーや誓約書の記入なし/サイチェン可

※プライ...",True
w2abti20t4,,milesixtones-2026,2026-09-19,17:30,味の素スタジアム,electronic,female,同行,SJI,5.0,,QR同行,2026-08-09 07:42:15,,2026-09-04 19:01:10,,,listing,1,50000,"2名義中1番手／FC先行／下3桁提示🉑／着ブロ希望🈚️／有効期限内名義／アリツア落選名義

⭐️ご都合の良いサイトで出品し直します。

* 当方と同行になり...",True
m6zmgjq6rb,,milesixtones-2026,2026-09-19,17:30,味の素スタジアム,electronic,none,当日,あぴ,5.0,,番手,2026-07-25 21:03:45,,2026-09-04 19:01:10,2026-09-04 19:01:10,transition_observed,sold,1,13000,"7名義中7番手

プラベル出品可/初期当選/全て2連当選/すり替えなし/下3桁提示可/有効期限内/ペイジーまたはコンビニ入金/着ブロ指定なし/本人確認不可

【...",True
ug4rjwg85h,,milesixtones-2026,2026-09-19,17:30,味の素スタジアム,electronic,female,同行,m,5.0,,同行,2026-08-22 04:31:46,,2026-09-04 19:01:10,,,listing,1,35000,"当方との同行 / 初期当選 / FC有効期限内 
重複すり替えなし 
トラブル防止の為、20歳以上の日本人女性のみでお願いいたします。

当日は会場付近にて待ち...",True
erzdeqw76c,,milesixtones-2026,2026-09-19,17:30,味の素スタジアム,electronic,female,同行,((o(^∇^)o)),5.0,,番手,2026-08-07 16:04:58,,2026-09-04 19:01:10,2026-09-04 19:01:10,transition_observed,sold,2,23000,"3名義中3番手

全て初期当選  有効期限内  すり替えなし  下3桁提示可 

同時入場後、こちらでチケットを確認でき次第すぐお渡しします。
当日開場の30~...",True
wmxo9kz512,,milesixtones-2026,2026-09-19,17:30,味の素スタジアム,electronic,female,同行,み,5.0,,QR同行番手,2026-08-19 07:43:07,,2026-09-04 19:01:10,,,listing,1,40000,"２名義中1番手、当方と同行/初期当選/同一支払い無し/郵送物戻り無し/期限内名義

※ご購入前に必ずお読みください※

ご購入いただく前に、下記の注意事項を必ず...",True
3fjo2svj49,,milesixtones-2026,2026-09-19,17:30,味の素スタジアム,electronic,female,前日夜にログイン情報共有,るびー,5.0,,QR,2026-08-22 15:54:48,,2026-09-04 19:01:10,2026-09-04 19:01:10,transition_observed,sold,2,37000,"QRごと/初期当選/重複すり替えなし/着ブロ希望なし/下3桁提示可能/有効期限内/発送物戻りなし

公演前日の夜に当方が代表同行共に同意後、QR表示できる状態で...",True
ko2023hcjx,,milesixtones-2026,2026-09-19,17:30,味の素スタジアム,electronic,female,同行,陽菜,4.8,,番手,2026-08-03 14:08:16,,2026-09-04 19:01:10,2026-09-04 19:01:10,transition_observed,sold,2,20000,"4名義中3番手/初期当選/すり替えなし/下3桁提示可/発送物戻りなし

当日指定場所にて集合し、同時入場いたします。
公演中止以外の理由での返金は致しかねますの...",True
0d7zuhatrx,,milesixtones-2026,2026-09-19,17:30,味の素スタジアム,electronic,female,同行,n,5.0,,番手,2026-08-22 08:45:22,,2026-09-04 19:01:10,,,listing,1,16500,"5名義中5番手/全て初期当選/有効期限内

※プラベルに切り替えます。

ご購入頂いた時点で、以下の内容に全てご同意いただいたものとみなします。必ず最後までご一...",True
gmnam5pm37,,milesixtones-2026,2026-09-19,17:30,味の素スタジアム,electronic,female,同行,な,5.0,,同行,2026-07-25 01:34:16,,2026-09-04 19:01:10,,,listing,1,55000,"2名義中1番手同行
有効期限内/下三桁提示可能/アリツア落選名義/京本担不可

日本人女性のみご購入ください。

当日は当方が指定した場所、時間に集合し同時入場...",True
fe4ltktqk9,,milesixtones-2026,2026-09-19,17:30,味の素スタジアム,electronic,female,同行,まい,5.0,,同行番手,2026-08-11 08:56:57,,2026-09-04 19:01:10,2026-09-04 19:01:10,transition_observed,sold,2,25000,初期当選 2名義中2番手 代表者、同行者共に有効会員  すり替えなし 下3桁提示可 プライベート出品をしますので、メッセージよりご連絡ください。,True
v57ym6kpjg,,milesixtones-2026,2026-09-19,17:30,味の素スタジアム,electronic,female,2名義中2番手,₍ ᐢ. ̫ .ᐢ ₎,5.0,,番手,2026-08-20 17:04:19,,2026-09-04 19:01:10,2026-09-04 19:01:10,transition_observed,sold,2,30000,"2名義中2番手/すり替えなし/下3桁提示可能/有効期限内

同時入場後、2名義の中から当方が選んだあと2番目にチケットをお選び頂けます。
当方実際に座席を見て判...",True
tjvbaye356,1787544201428,milesixtones-2026,2026-09-19,17:30,味の素スタジアム,electronic,female,公演日前日までにQRコード共有,あ,5.0,,ランダム記載あり,2026-08-24 04:03:21,,2026-09-04 18:01:17,2026-09-04 13:01:12,transition_observed,sold,1,30000,"QRごと／初期当選/座席未定／該当名義(変更ボタンあり）／有効期間内名義／すり替えなし／下3桁提示可


公演1日前にログイン用の会員番号およびパスワードをご連...",True
qmfl0dbt8c,,milesixtones-2026,2026-09-19,17:30,味の素スタジアム,electronic,female,少人数ランダム,mfs,5.0,,ランダム,2026-08-21 16:38:29,,2026-09-04 19:01:10,,,listing,2,12500,"少人数ランダム配布/着ブロ含/座席選択権なし/開演10分前配布(上乗せで早渡し可)

サイドチェンジ可、お渡し後はご自由にお使いください。お電話にて集合予定のた...",True
nzlb43chs1,,milesixtones-2026,2026-09-19,17:30,味の素スタジアム,electronic,female,同行,☆,5.0,,同行,2026-08-25 09:19:00,,2026-09-04 19:01:10,,,listing,1,33000,"初期当選/有効期限内/下三桁提示可/重複すり替えなし/着ブロ希望なし

2連中1枚、京本担との同行です。
京本担の方はご購入をお控えください。
連番内のお席はこ...",True
yfolldzsyh,,milesixtones-2026,2026-09-19,17:30,味の素スタジアム,electronic,female,重複すり替えなし同行 FC×FC,a,5.0,,同行,2026-07-26 01:00:11,,2026-09-04 19:01:10,,,listing,1,33000,"重複すり替えなし 下3桁提示可 前回スタンド 本確不可 松村担不可 公演中止に限り返金いたします

・重複すり替えなし同行でのお譲りにつき、連番内での座席選択を...",True
g4ck7rm3w7,,milesixtones-2026,2026-09-19,17:30,味の素スタジアム,electronic,none,同行,さく,5.0,,同行番手,2026-08-16 15:19:23,,2026-09-04 19:01:10,,,listing,2,30000,"必ず最後までお読みになり、ご理解いただける方のみ購入をご検討ください。
記載事項以外の対応は一切いたしません。 

FC初期当選、公演当日も有効期限内

2連×...",True
5h0x1vfucr,,milesixtones-2026,2026-09-19,17:30,味の素スタジアム,electronic,female,入金後24時間以内にQRコード共有,か,5.0,,QR,2026-08-17 09:29:35,,2026-09-04 19:01:10,2026-09-04 19:01:10,transition_observed,sold,1,40000,"QRごと／復活当選/座席未定／100万番台/該当名義(変更ボタンあり）/有効期間内名義/すり替えなし/下3桁提示可


公演1日前にログイン用の会員番号およびパ...",True
ntawj7krch,,milesixtones-2026,2026-09-19,17:30,味の素スタジアム,electronic,female,公演日当日,k,5.0,,ランダム,2026-08-17 12:16:04,,2026-09-04 19:01:10,,,listing,2,12000,"⭐️少人数ランダム配布⭐️/⭐️座席によっては即渡⭐️
初期当選名義のみ/早渡し上乗せ/相場買取可/不備無し


⚠️ランダム配布にご理解ある方のみ御購入下さい...",True
prv1ez2zl2,1784983621880,milesixtones-2026,2026-09-19,17:30,味の素スタジアム,paper,female,当日手渡し,ち,5.0,,番手,2026-07-25 12:47:01,,2026-09-04 07:01:11,,,deleted,2,24500,"4名義中3番手　下3桁提示可能/有効期限内/過去当選歴提示可能　プラベ出品させていただきます。

当日は同時入場後、一度チケットを回収します。こちらが選ばなかっ...",True
xvepd2s96i,,milesixtones-2026,2026-09-19,17:30,味の素スタジアム,electronic,female,公演1日前までにQRコード共有,りい,5.0,,ランダム記載あり,2026-07-24 07:54:00,,2026-09-04 19:01:10,,,listing,1,58000,"ファンクラブ先行 座席未定 初期当選 
アリツア落選名義  QRごと 有効期限内 
コンビニ決済 重複すり替えなし 
着ブロ指定なし 3桁提示可

・QRごと1...",True
3fq39zbgte,,milesixtones-2026,2026-09-19,17:30,味の素スタジアム,electronic,female,同行,S,5.0,,番手,2026-08-25 14:02:07,,2026-09-04 19:01:10,,,listing,1,20000,"5名義中の4番手 3番手まで決まり次第、その場ですぐにチケットお渡しします。
初期当選/期限内名義/着ブロなし

日本語が通じる、成人済みの女性のみご購入くださ...",True
cskqauomee,,milesixtones-2026,2026-09-19,17:30,味の素スタジアム,electronic,female,同行,v,5.0,,同行,2026-07-28 02:47:29,,2026-09-04 19:01:10,,,listing,1,45000,"当方との同行になります。
重複無し/すり替えなし /下3桁掲示可能
アリツア落選名義/最終当選歴 スタンド
ご購入希望の方いらっしゃいましたらコメントお願い致し...",True
ciuqw4tier,,milesixtones-2026,2026-09-19,17:30,味の素スタジアム,electronic,female,同行,ウォン,5.0,,同行,2026-08-20 00:52:41,,2026-09-04 19:01:10,,,listing,1,33000,"重複なし同行、有効期限内、FC初期当選、変更ボタン有、同一クレカ決済なし、着ブロ該当なし、下３桁提示可能
当日指定した時間(予定では開演1時間前)を目処に会場付...",True
adal08wa2d,,milesixtones-2026,2026-09-19,17:30,味の素スタジアム,electronic,female,同行,しえ,5.0,,同行番手,2026-08-17 23:02:55,,2026-09-04 19:01:10,,,listing,2,24000,"FC先行 2名義中2番手 座席未定 すり替えなし 2連 有効期限内名義 発送物戻りなし
初期当選　復活当選含む

指定の時間に会場周辺で待ち合わせし同時入場して...",True
olkfdl7a2o,,milesixtones-2026,2026-09-19,17:30,味の素スタジアム,electronic,female,番手,み,5.0,,番手,2026-07-25 00:50:51,,2026-09-04 19:01:10,2026-09-04 19:01:10,transition_observed,sold,2,25000,"購入希望の方いらしゃりましたらプライベートモードで再度出品いたしますのでメッセージお願いいたします。

FC先行2名義中2番手 有効期限内名義すり替えなし下3桁...",True
y1w68ffi1z,,milesixtones-2026,2026-09-19,17:30,味の素スタジアム,electronic,female,入金後24時間以内にQRコード共有,k,5.0,,QR,2026-08-07 16:07:22,,2026-09-04 19:01:10,2026-09-04 19:01:10,transition_observed,sold,2,36000,"プラベル通しのみ。(1.0/枚プラベル通し残り当日手渡し優先)
・ご希望あれば事前の下3桁提示可能です。
・公演日の前日に連絡ボードにてログイン情報をお送り致し...",True
75nx7oy6sz,,milesixtones-2026,2026-09-19,17:30,味の素スタジアム,electronic,female,同行,か,5.0,,同行番手,2026-07-25 06:47:30,,2026-09-04 19:01:10,,,listing,2,27000,"FC先行 2名義中2番手 座席未定 有効期限内名義 すり替えなし 下3桁提示可 着ブロ希望なし エラー、郵送物戻りなし

・公演当日開場時間前に会場付近にて待ち...",True
jknsmdozxh,,milesixtones-2026,2026-09-19,17:30,味の素スタジアム,electronic,female,同行,m,5.0,,番手,2026-08-03 04:46:13,,2026-09-04 19:01:10,2026-09-04 19:01:10,transition_observed,sold,2,30000,"2名義中2番手すり替えなし
開演20分前までにチケット配布いたします

同時入場後こちらで一度チケットを回収しお渡しします。チケットお渡し後のサイチェン等ご自由...",True
981oywgfdt,,milesixtones-2026,2026-09-19,17:30,味の素スタジアム,electronic,female,同時入場,とまと,5.0,,番手,2026-08-26 14:24:56,,2026-09-04 19:01:10,2026-09-04 19:01:10,transition_observed,sold,2,24000,"2名義中2番手　2連
初期当選/下3桁提示可能/すり替えなし
プライベート出品/プラベル変更可

ご覧いただきありがとうございます。
当日は開演1時間前頃に集合...",True
za781u7ljr,,milesixtones-2026,2026-09-19,17:30,味の素スタジアム,electronic,female,連絡ボードにて,b,5.0,,ランダム,2026-08-16 20:32:55,,2026-09-04 19:01:10,,,listing,1,11000,"【座席未定】
チケットを複数所持しております。同時入場後にチケットを一旦回収し、開演5~10分前を目処に再集合の上チケットをお渡しさせていただきます。座席につい...",True
g1unfcxx4g,,milesixtones-2026,2026-09-19,17:30,味の素スタジアム,electronic,female,公演日前前までにQRコード共有,み,5.0,,QR,2026-07-25 23:25:57,,2026-09-04 19:01:10,,,listing,2,60000,"プラベル出品可/QR毎/初期当選/20万代名義/アリツア落選名義/重複すり替えなし/着ブロ希望なし/下3桁提示可能｜有効期限内/発送物戻りなし

公演前日夜にロ...",True
h2gz4wxmdl,,milesixtones-2026,2026-09-19,17:30,味の素スタジアム,electronic,female,番手,と,5.0,,番手,2026-08-23 12:09:27,,2026-09-04 19:01:10,2026-09-04 19:01:10,transition_observed,sold,2,33000,"4名義中2番手/すり替えなし/下3桁提示可能/有効期限内名義
日本人のみご購入ください。

お取引希望の方はメッセージお願いいたします。

⚠️ご購入前に必ず最...",True
ysgq7kr949,,milesixtones-2026,2026-09-19,17:30,味の素スタジアム,electronic,female,同行,Y,5.0,,番手,2026-08-08 12:54:29,,2026-09-04 19:01:10,,,listing,1,20000,"5名義中4番手　下3桁提示可  すり替えなし 座席選択権あり 即決2.5

入場後チケットを回収し、1・2・3番手が座席選択後チケットをお選びいただけます。
な...",True
3bn3qt1hs4,,milesixtones-2026,2026-09-19,17:30,味の素スタジアム,electronic,female,同行,ま,5.0,,同行番手,2026-08-17 14:06:43,,2026-09-04 19:01:10,2026-09-04 19:01:10,transition_observed,sold,2,25000,"2名義中2番手
すり替え無し/下3桁提示可/有効期限内/着ブロ指定なし

会場付近にて待ち合わせし、同時入場して頂きます。公演前日夜までに詳しい集合時間・場所を...",True
mmf3gsug09,,milesixtones-2026,2026-09-19,17:30,味の素スタジアム,electronic,female,同行,にゃ,5.0,,ランダム,2026-08-26 00:13:19,,2026-09-04 19:01:10,,,listing,2,18000,"座席未定/初期当選/有効期限内/該当名義(変ボ有)/7名義中7番手

当日、開場30〜40分前に会場周辺の指定の場所に集合していただきます。集合場所は後日連絡ボ...",True
5zu382qa6j,,milesixtones-2026,2026-09-19,17:30,味の素スタジアム,electronic,female,同行,Ko,5.0,,番手,2026-08-20 04:10:34,,2026-09-04 19:01:10,,,listing,2,42000,"初期当選/5名義中2番手/有効期限内/下3桁提示可能、すり替えなし/着ブロ希望なし/本人確認不可

ご希望であれば一部サイト通し残り手渡しでの対応も可能⭐️
5...",True
kaj8gnxjny,,milesixtones-2026,2026-09-19,17:30,味の素スタジアム,electronic,female,同行,み,5.0,,番手,2026-08-13 11:29:49,,2026-09-04 19:01:10,,,listing,2,20000,"4名義中4番手/すり替えなし/下3桁提示可能/有効期限内

・当日は開演15〜30分前を目処に会場付近にて待ち合わせをし、同時に入場していただきます。詳しい待ち...",True
aybl8pko7s,,milesixtones-2026,2026-09-19,17:30,味の素スタジアム,electronic,female,同行,み,5.0,,番手,2026-07-25 09:43:25,,2026-09-04 19:01:10,2026-09-04 19:01:10,transition_observed,sold,2,45000,"FC先行 座席未定 3名義中2番手
すり替えなし/下3桁提示可/初期当選/有効期限内名義 /発送物戻りなし/同一クレカ決済無し 
開場の15～30分前頃にこちら...",True
fg9ux8dpgg,,milesixtones-2026,2026-09-19,17:30,味の素スタジアム,electronic,female,同行,り,5.0,,番手,2026-07-30 14:09:31,,2026-09-04 19:01:10,2026-09-04 19:01:10,transition_observed,sold,2,35000,"2名義中2番手/すり替えなし/有効期限内/下3桁提示可

公演当日指定した時間・場所に集合していただき同時入場いたします。当方が選ばなかった席をお渡しいたします...",True
j5012dihk0,,milesixtones-2026,2026-09-19,17:30,味の素スタジアム,electronic,female,同時入場後お渡し,m,5.0,,番手,2026-07-24 10:43:44,,2026-09-04 19:01:10,,,listing,2,20000,"4名義中4番手。全て有効期限内/初期当選
すり替え無し/下3桁提示可

お取引決まり次第プライベート出品にさせていただきます。
同時入場していただき、一度チケッ...",True
lb0tdvt4a5,,milesixtones-2026,2026-09-19,17:30,味の素スタジアム,electronic,female,同行,あ,5.0,,同行番手,2026-08-11 14:21:26,,2026-09-04 19:01:10,,,listing,1,40000,"初期当選 有効期限内 すり替えなし 重複なし2連中の1枚 同行

アリーナツアー落選/YOUNG OLD天井名義
当方(髙地担)の同行です。
当日開場時間10〜...",True
aqog5lrjoh,,milesixtones-2026,2026-09-19,17:30,味の素スタジアム,electronic,female,公演前日,R,5.0,,QR,2026-08-24 02:19:10,,2026-09-04 19:01:10,2026-09-04 19:01:10,transition_observed,sold,1,55000,"QRごと／初期当選／最終当選：21年スタンド後列／会員番号10万台／有効期限内名義／下3桁提示可／着ブロ希望無し／すり替え無し／

公演日前日に情報をお送りいた...",True
l05qlli9zz,,milesixtones-2026,2026-09-19,17:30,味の素スタジアム,electronic,female,同行,N,5.0,,番手,2026-08-24 03:53:43,,2026-09-04 19:01:10,,,listing,2,25000,"プラベルに移行いたしますので、購入前にメッセージお願いいたします

2名義中2番手
有効期限内/着ブロなし/下3桁提示可/すり替えなし/同一クレカ決済なし

当...",True
ungbu4gf5o,,milesixtones-2026,2026-09-19,17:30,味の素スタジアム,electronic,female,公演前日に共有,✩,5.0,,QR,2026-08-22 06:16:27,,2026-09-04 19:01:10,,,listing,2,40000,"QR毎/初期当選/アリツア落選名義/重複すり替えなし/着ブロ希望なし/下3桁提示可能/有効期限内/発送物戻りなし/過去エラーなし

公演前日夜にログインに必要な...",True
n9g7xyy8s9,,milesixtones-2026,2026-09-19,17:30,味の素スタジアム,electronic,female,公演日前日ログイン情報の共有,もちゅ,5.0,,QR,2026-07-24 05:47:06,,2026-09-04 19:01:10,,,listing,2,45000,"QR毎/初期当選/有効期限内/前回アリツア落選名義/下3桁提示可/発送物戻りなし/着ブロ希望なし/

公演日前日にログイン情報をお伝えします。

公演中止の場合...",True
mub8hjkdnd,,milesixtones-2026,2026-09-19,17:30,味の素スタジアム,electronic,female,同行,ほ,5.0,,番手,2026-08-18 14:17:31,,2026-09-04 19:01:10,,,listing,1,27000,"FC先行 2名義中2番手/2連×2
初期当選/期限内/重複すり替えなし/下3桁提示可

ランダムの場合1.8にてお譲り可能

プラベ出品いたしますので、ご検討の...",True
8ebbdwoen9,,milesixtones-2026,2026-09-19,17:30,味の素スタジアム,electronic,female,公演日前日にQRコード共有,😿,5.0,,QR,2026-07-24 06:27:03,,2026-09-04 19:01:10,,,listing,2,50000,QRごと / 2枚での当選 / 初期当選 / FC先行 / 重複すり替えなし / 有効期限内 / 下3桁提示可能 / 発送物戻り無し /着席ブロック希望なし /...,True
ed41jz60oz,,milesixtones-2026,2026-09-19,17:30,味の素スタジアム,electronic,female,公演2日前までにFCログイン情報お送りします,取引,5.0,,QR,2026-07-31 16:43:00,,2026-09-04 19:01:10,,,listing,2,42000,QR毎でのお譲り。初期当選/アリツア落選名義/名義初当選/重複すり替えなし/下3桁提示可/有効期限内/着ブロ希望なし,True
ttn4w6nx8x,,milesixtones-2026,2026-09-19,17:30,味の素スタジアム,electronic,female,公演前日QRコード共有,♡,5.0,,QR,2026-08-21 14:24:01,,2026-09-04 19:01:10,,,listing,2,40000,"1.0サイト通し残り当日手渡し優先

QR毎/重複・すり替えなし/下3桁提示可/有効期限内/着ブロ希望なし/VVS、YOどちらもスタンド上段当選名義

・公演前...",True
eg88ealzy7,,milesixtones-2026,2026-09-19,17:30,味の素スタジアム,electronic,female,公演日1日前までにログイン情報共有,もも,5.0,,QR,2026-08-26 16:49:06,,2026-09-04 19:01:10,,,listing,2,36000,"QRごと/初期当選/重複すり替えなし/着ブロ希望なし/下3桁提示可能/有効期限内/過去エラー発送物戻りなし/アリツア落選名義/

公演1日前までにログイン情報を...",True
8mi8365mli,,milesixtones-2026,2026-09-19,17:30,味の素スタジアム,electronic,female,公演当日までにログイン情報のご提示致します,YUI,5.0,,QR,2026-07-24 06:49:39,,2026-09-04 19:01:10,,,listing,2,40000,"QR毎/初期当選/アリツア落選名義/重複すり替えなし/着ブロ希望なし/下3桁提示可能｜有効期限内/発送物戻りなし

公演前日夜にログインに必要な情報をお伝えしま...",True
b3njjpf99c,,milesixtones-2026,2026-09-19,17:30,味の素スタジアム,electronic,female,同行,m♡,4.9,,ランダム,2026-07-24 10:32:45,,2026-09-04 19:01:10,2026-09-04 19:01:10,transition_observed,sold,2,25000,"複数名義所持しております。
全て同一クレカ決済なしの有効会員、初期当選の名義となります。
以下注意事項をお読みいただきご納得いただける方のみご落札ください。
*...",True
onpdkbm4hp,,milesixtones-2026,2026-09-19,17:30,味の素スタジアム,electronic,female,同行,ゆ,5.0,,同行番手,2026-07-24 15:24:50,,2026-09-04 19:01:10,2026-09-04 19:01:10,transition_observed,sold,1,60000,"FC先行 3名義中1番手(同行) 有効期限内名義 すり替えなし 下3桁提示可 

・公演当日開場時間前に会場付近にて待ち合わせし、同時入場していただきます。...",True
umhntvx47b,,milesixtones-2026,2026-09-19,17:30,味の素スタジアム,electronic,female,2名義中2番手,とと,5.0,,番手,2026-08-20 02:25:44,,2026-09-04 19:01:10,,,listing,2,24000,"
プライベートモードにて再出品いたしますので、ご希望の方はメッセージからお願い致します。
即2.4/枚　一部当日手渡しとなります。
2名義中2番手
すり替えなし...",True
1l5300zhfj,,milesixtones-2026,2026-09-19,17:30,味の素スタジアム,electronic,female,連絡ボード,あい,5.0,,同行記載あり,2026-08-14 13:58:43,,2026-09-04 19:01:10,,,listing,1,40000,"有効期限内/下三桁提示可/初期当選/重複すり替えなし/着ブロ希望なし

当方（松村担）との同行です。

当日は会場付近にて開場時間頃の待ち合わせを予定しておりま...",True
fcarbz0b3v,,milesixtones-2026,2026-09-19,17:30,味の素スタジアム,electronic,female,同行,54,5.0,,ランダム,2026-08-17 11:03:05,,2026-09-04 19:01:10,2026-09-04 19:01:10,transition_observed,sold,1,15000,"少人数ランダム
プライベートモードにて再出品いたしますので、ご希望の方はメッセージお願いいたします。

★15:00集合
・複数名義ありますので、同時入場後一旦...",True
jlnmrddqtz,,milesixtones-2026,2026-09-19,17:30,味の素スタジアム,electronic,none,同行,y:),5.0,,番手,2026-07-26 02:19:49,,2026-09-04 19:01:10,,,listing,2,20000,"6名義中3~5番手のお譲りです。(価格は5番手)
3・5番手のみ1枚、その他2枚
番手と金額記載の上メッセージをお願いいたします。その後プラベルへ以降いたします...",True
vge8sdk7nj,,milesixtones-2026,2026-09-19,17:30,味の素スタジアム,electronic,female,同行,あ,5.0,,番手,2026-07-25 09:14:56,,2026-09-04 19:01:10,2026-09-04 19:01:10,transition_observed,sold,2,35000,"プラベ出品に直すため、ご購入される際はメッセージをお願いいたします。FC先行 座席未定 3名義中2番手すり替えなし下3桁可
初期当選有効期限内名義 発送物戻りな...",True
kzttccazmq,,milesixtones-2026,2026-09-19,17:30,味の素スタジアム,electronic,female,同行,j,5.0,,番手,2026-08-18 23:17:19,,2026-09-04 19:01:10,,,listing,2,18000,"
初期当選/3名義中3番手/有効期限内/すり替えなし/下3桁提示可

集合時間は必ず厳守でお願いいたします。万が一遅刻された場合はお待ちせずに先に入場させていた...",True
op0t3u2xbk,,milesixtones-2026,2026-09-19,17:30,味の素スタジアム,electronic,female,同行,♡,5.0,,番手,2026-07-25 03:49:09,,2026-09-04 19:01:10,2026-09-04 19:01:10,transition_observed,sold,2,21000,"3名義中3番 ／FC先行／初期当選／座席未定／すり替えなし／下3桁掲示可／着ブロ希望なし／郵送物戻りなし／有効期限内名義
・こちらは3名義中3番手のチケットとな...",True
b11fmtya6k,,milesixtones-2026,2026-09-20,17:30,味の素スタジアム,electronic,female,公演日前日にQRコード共有,🎀,5.0,,QR,2026-08-19 19:00:15,,2026-09-04 19:01:10,,,listing,2,40000,"2連QR毎/復活当選/初期当選/今年3月入会名義/座席未定/重複すり替えなし/下3桁提示可

座席未定なので座席に関するクレームは一切受け付けません。
ご自身や...",True
2pn3vjacbj,,milesixtones-2026,2026-09-20,17:30,味の素スタジアム,electronic,female,同行,dd,4.8,,ランダム,2026-08-19 12:13:30,,2026-09-04 19:01:10,,,listing,2,13000,"当日は指定した時間・場所に集合していただき同時入場後、先に当方が座席選択した後チケットをランダムにお渡しします。座席は選択できません。
※チケット受取時に必ず受...",True
1jy3epetvk,,milesixtones-2026,2026-09-20,17:30,味の素スタジアム,electronic,female,同時入場,♡,5.0,,番手,2026-08-18 14:58:02,,2026-09-04 19:01:10,,,listing,1,24500,"3名義中3番手のお譲りになります。
入場の際端末をお借りする場合がございます。
またチケット持ち逃げ防止のため身分証をお借りする場合がございます。チケットと引き...",True
9rmmjm06tu,,milesixtones-2026,2026-09-20,17:30,味の素スタジアム,paper,female,当日手渡し,♡,5.0,,番手,2026-08-07 20:01:18,,2026-09-04 19:01:10,,,listing,2,28000,"2名義中2番手 すり替えなし 下3桁提示可

当日開場15分前に会場付近で待ち合わせし同時入場となります。お待ち合わせにつきましては前日までに連絡致します。
必...",True
lejm1z1tv1,,milesixtones-2026,2026-09-20,17:30,味の素スタジアム,electronic,female,同行,S,5.0,,番手,2026-08-03 12:32:52,,2026-09-04 19:01:10,,,listing,2,25000,"FC先行/初期当選/4名義中4番手/下3桁提示可/有効期限内/すり替えなし


トラブル防止のためご購入は20歳以上の日本人女性でお願いいたします。公演当日、開...",True
ws5rsy879w,,milesixtones-2026,2026-09-20,17:30,味の素スタジアム,electronic,female,同行,su,5.0,,番手,2026-08-01 03:09:34,,2026-09-04 19:01:10,,,listing,2,45000,"5名義中3番手でのお譲り。

プラベ出品に切り替えますので購入希望の方はメッセージお願いいたします。
 
全て初期当選、期限内名義、着ブロなし、Pay-easy...",True
y6b2rd7f6a,,milesixtones-2026,2026-09-20,17:30,味の素スタジアム,electronic,female,公演前日にログイン情報をお伝えします。,hy,5.0,,QR,2026-07-25 11:03:08,,2026-09-04 19:01:10,,,listing,2,35000,"FC初期当選・アリツア落選名義・下3桁提示可・重複すり替えなし・有効期限内・着ブロ希望なし

プライベートモードorプラベルにて再度出品いたしますので、お取引希...",True
ds27in4uzg,,milesixtones-2026,2026-09-20,17:30,味の素スタジアム,electronic,female,同行,mt,5.0,,同行,2026-08-19 12:05:04,,2026-09-04 19:01:10,,,listing,1,40000,"プライベート出品orプラベル出品にしますので購入前に一言お願いいたします。

有効期限内/YO.アリツ落選名義.初当選/下三桁提示可能/有効期限内/初期当選/重...",True
zyksgoorqm,,milesixtones-2026,2026-09-20,17:30,味の素スタジアム,electronic,female,ランダム配布,J,5.0,,ランダム,2026-08-24 12:50:25,,2026-09-04 19:01:10,2026-09-04 19:01:10,transition_observed,sold,1,12500,"・開場20〜30分前(15:00頃)に会場付近にて待ち合わせ
・入場後すべてのチケットを回収し、こちらで座席選択後ランダムにてチケットお渡しさせて頂きます。
・...",True
fuqys45l8m,,milesixtones-2026,2026-09-20,17:30,味の素スタジアム,electronic,female,同行,m,4.6,,ランダム同行,2026-07-24 07:20:09,,2026-09-04 19:01:10,2026-09-04 19:01:10,transition_observed,sold,2,20000,"当日指定の時間に会場にて集合していただきます。10分以上の遅刻は待たずに入場、受け取り評価のみしていただきます。

・全員で同時入場し、1度こちらで全てのチケッ...",True
u7py71tm7s,,milesixtones-2026,2026-09-20,17:30,味の素スタジアム,electronic,female,ランダム配布,M,5.0,,ランダム,2026-07-24 06:08:59,,2026-09-04 19:01:10,2026-09-04 19:01:10,transition_observed,sold,1,11500,"【少人数ランダム配布】上乗せで1時間前渡し・30分前渡し検討可能。全て初期当選、会員有効期限内、女性名義

１．同時入場後、全てのチケットを回収し一旦解散させて...",True
sg07t6wkqr,,milesixtones-2026,2026-09-20,17:30,味の素スタジアム,electronic,female,入金後24時間以内にQRコード共有,k,5.0,,QR,2026-08-07 16:08:28,,2026-09-04 19:01:10,,,listing,2,35000,"初期当選有効期限内名義 QR毎2連
アリツア落選✨

プラベル通しのみ。(1.0/枚プラベル通し残り当日手渡し優先)
・ご希望あれば事前の下3桁提示可能です。...",True
lyfmmlzurb,,milesixtones-2026,2026-09-20,17:30,味の素スタジアム,electronic,female,会場付近で待ち合わせし同時入場,na,5.0,,同行番手,2026-08-21 13:30:19,,2026-09-04 19:01:10,,,listing,1,0,"必ず最後までお読みになり、ご理解いただける方のみ購入をご検討ください。
記載事項以外の対応は一切いたしません。

FC初期当選、公演当日有効期限内、同一クレカで...",True
7ajzvv5i4c,,milesixtones-2026,2026-09-20,17:30,味の素スタジアム,electronic,female,同行,ちゃむ,5.0,,番手,2026-07-24 08:41:10,,2026-09-04 19:01:10,,,listing,1,45000,"4名義中2番手/下三桁提示可能/着ブロ希望無し/有効期限内/初期当選/すり替えなし

・公演当日は開場時間20~30分前に会場付近で待ち合わせをし、同時入場して...",True
cq7zxbu0gj,,milesixtones-2026,2026-09-20,17:30,味の素スタジアム,electronic,female,公演当日QRコード共有,わ,5.0,,番手,2026-08-17 11:28:31,,2026-09-04 19:01:10,2026-09-04 19:01:10,transition_observed,sold,2,19000,"〜チケットお取引について〜
4名義中4番手となります。
入場後、一度チケットを回収させていただき、こちらで座席を選択した後、購入者様に残りの座席からお選びいただ...",True
vwz0wrcntx,1787629494069,milesixtones-2026,2026-09-20,17:30,味の素スタジアム,electronic,female,同時入場,♩,5.0,,ランダム,2026-08-25 03:44:54,,2026-09-04 06:01:18,,,deleted,1,20000,"ご購入前に必ずご一読願います。
・少数ランダムでのお渡しとなります。発券後にチケットを一度回収させていただいた後、開演30分前までに必ずお渡しいたします。なお、...",True
8nkznrv9xb,,milesixtones-2026,2026-09-20,17:30,味の素スタジアム,electronic,female,同行,m,5.0,,ランダム記載あり,2026-07-24 15:09:05,,2026-09-04 19:01:10,,,listing,2,35000,"2名義中2番手
初期当選/有効期限内/着ブロ希望なし/下3桁提示可/すり替えなし
プラベル通しに切り替えますのでご希望の方は一度ご連絡お願いいたします。

公演...",True
vcojrxpvcm,,milesixtones-2026,2026-09-20,17:30,味の素スタジアム,electronic,female,同時入場,mi,5.0,,番手,2026-07-24 12:21:54,,2026-09-04 19:01:10,2026-09-04 19:01:10,transition_observed,sold,2,30000,"プラベルにて再度出品いたしますので、お取引希望の方はメッセージにてご連絡ください。

【条件あり】
2名義中2番手、すり替えなし、下3桁提示可能です

・入場後...",True
6aptg6u48w,1786766161589,milesixtones-2026,2026-09-20,17:30,味の素スタジアム,electronic,female,同行,a,5.0,,同行,2026-08-15 03:56:01,,2026-09-04 18:01:17,2026-09-04 16:01:11,transition_observed,sold,1,30000,"重複すり替えなし同行です
初期当選/有効期限内
質問等ございましたらお気軽にご連絡ください",True
2tsxsc8po3,,milesixtones-2026,2026-09-20,17:30,味の素スタジアム,electronic,female,公演前日ログイン情報をお伝えします,K,5.0,,同行QR,2026-07-28 02:20:53,,2026-09-04 19:01:10,2026-09-04 19:01:10,transition_observed,sold,2,37000,"QR毎でのお譲りです。

重複すり替えなし/発送物戻り過去エラー歴なし/当選歴なしアリツア落選名義/有効期限内名義/下3桁提示可

入場後はサイチェン等お好きに...",True
vrav844hls,,milesixtones-2026,2026-09-20,17:30,味の素スタジアム,electronic,female,同行,め,5.0,,QR番手,2026-08-18 12:54:22,,2026-09-04 19:01:10,,,listing,2,20000,"

※プライベート出品に変更いたしますのでご購入される方はご連絡お願いいたします。

⭐️3名義中3番手(座席選択権はございません)
⭐️座席によっては即渡
⭐...",True
aslyt0cavr,,milesixtones-2026,2026-09-20,17:30,味の素スタジアム,electronic,female,公演前日にQRコード共有,ほ,5.0,,QR,2026-08-17 13:31:06,,2026-09-04 19:01:10,,,listing,2,38000,"QR毎でのお譲りです。
プラベル、またはプライベート出品にいたしますのでご購入の際はご連絡ください。
日本語が通じる女性のみ購入可
過去座席はお答え致しかねます...",True
8rmjjrumf1,,milesixtones-2026,2026-09-20,17:30,味の素スタジアム,electronic,female,同行,ぽぽ,5.0,,同行,2026-08-23 17:03:40,,2026-09-04 19:01:10,2026-09-04 19:01:10,transition_observed,sold,1,41000,"重複すり替えなし/有効期限内/アリツア落選名義/初期当選/下3桁提示可/着ブロ希望無し/当方と同行

以下の内容をご理解いただける方のみ、ご購入をお願いいたしま...",True
i8qkwqtk5l,,milesixtones-2026,2026-09-20,17:30,味の素スタジアム,electronic,none,3名義中2番手※プライベート出品に切り替えますのでコメントをお願いします,Myaon,5.0,,同行番手,2026-07-24 12:53:18,,2026-09-04 19:01:10,,,listing,1,38000,"初期当選/3名義中2番手/有効期限内/下3桁提示可能/すり替えなし/着ブロ希望なし/本人確認不可

3名義中の2番手のチケットです。
公演当日は会場付近にて開場...",True
qjz88c8bna,,milesixtones-2026,2026-09-20,17:30,味の素スタジアム,electronic,none,同時入場 2名義中2番手,zzz,5.0,,番手同行,2026-07-30 15:43:16,,2026-09-04 19:01:10,,,listing,2,23000,"【プラベル移行可】

初期当選/ 2名義中2番手/着ブロ希望なし/すり替え無し/同一クレカ決済なし/下3桁提示可/有効期限内

・公演当日会場付近にて開場20〜...",True
6x4agbzd5d,,milesixtones-2026,2026-09-20,17:30,味の素スタジアム,electronic,female,同行,ち,5.0,,番手,2026-08-11 02:45:08,,2026-09-04 19:01:10,2026-09-04 19:01:10,transition_observed,sold,2,18000,"4名義中4番手/すり替えなし/下3桁提示可能/有効内/アリツ落選名義

プライベートモードにて再度出品いたしますので、お取引希望の方はメッセージにてご連絡くださ...",True
22grkwm7y4,,milesixtones-2026,2026-09-20,17:30,味の素スタジアム,electronic,female,公演日2日前までにQRコード共有,し,5.0,,QR,2026-07-24 13:16:19,,2026-09-04 19:01:10,2026-09-04 19:01:10,transition_observed,sold,1,55000,"アリツア落選名義/初期当選/女性名義/重複すり替えなし/着ブロ希望なし/下3桁提示可能/有効期限内

公演2日前にログインに必要な情報をお伝えいたします。
入場...",True
tijcigxwtm,,milesixtones-2026,2026-09-20,17:30,味の素スタジアム,electronic,female,同行,mfs,5.0,,同行,2026-08-21 17:05:38,,2026-09-04 19:01:10,,,listing,1,39000,"下三桁提示可能/すり替えなし/有効期限内/初期当選

・公演当日は開場時間20~30分前に会場付近で待ち合わせをし、同時入場していただきます。
・待ち合わせ場所...",True
uqoqpbwe3u,,milesixtones-2026,2026-09-20,17:30,味の素スタジアム,electronic,female,2名義中2番手,K,5.0,,同行,2026-07-27 02:11:39,,2026-09-04 19:01:10,,,listing,2,27000,"初期当選 2名義中2番手 すり替え無し 下3桁提示可 有効期限内

・公演当日会場付近にて待ち合わせし、同時入場いたします。詳しい場所・時間等は公演が近くなりま...",True
fyd0qwla6u,,milesixtones-2026,2026-09-20,17:30,味の素スタジアム,electronic,female,重複無し同行,みれ,5.0,,同行,2026-08-03 07:51:20,,2026-09-04 19:01:10,,,listing,1,36000,"重複・すり替え無し／当方♀との同行／下3桁提示可／有効期限内／会員×会員
・入場後すぐに座席を確認しチケットをお渡ししたあと、目の前で受取評価をしていただきます...",True
5eazfrvx9f,,milesixtones-2026,2026-09-20,17:30,味の素スタジアム,electronic,female,番手,あ,5.0,,番手,2026-08-20 23:39:23,,2026-09-04 19:01:10,2026-09-04 19:01:10,transition_observed,sold,2,36000,"4名義中2名義目/すり替えなし/公演日当日有効期限内/下2桁提示可能/過去エラーなし

開演2時間前(15時30分)に会場付近にてお待ち合わせをし同時入場頂きま...",True
sug17ujd2a,,milesixtones-2026,2026-09-20,17:30,味の素スタジアム,electronic,female,同行,ち,5.0,,ランダム,2026-08-11 02:48:32,,2026-09-04 19:01:10,,,listing,1,12000,"ランダム配布

プライベート出品にするのでコメントください

ランダム配布にご理解がある方のみお願いします。

複数名義所持してますのでこちらで選択後チケットを...",True
5n3coln460,,milesixtones-2026,2026-09-20,17:30,味の素スタジアム,electronic,none,同行,y:),5.0,,番手,2026-07-26 02:25:06,,2026-09-04 19:01:10,,,listing,2,20000,"8名義中4〜6番手のお譲りです。(価格は6番手)
番手.金額記載の上メッセージお願いします。その後プラベ出品またはプラベルへ移行します。

下3桁提示可能/すり...",True
rs7ldkm1kn,,milesixtones-2026,2026-09-20,17:30,味の素スタジアム,electronic,female,公演前日までにQRコード共有,みん,5.0,,QR,2026-07-28 12:28:34,,2026-09-04 19:01:10,,,listing,2,45000,"FC先行 座席未定/QR毎/有効期限内/すり替えなし/着ブロ指定なし
下3桁提示可

公演日前日にログイン情報をお伝えします。ご自身で当日QRコードを表示させご...",True
bb1mr3g91i,,milesixtones-2026,2026-09-20,17:30,味の素スタジアム,electronic,female,同行,ゆ,5.0,,同行,2026-07-26 09:18:34,,2026-09-04 19:01:10,2026-09-04 19:01:10,transition_observed,sold,1,50000,"FC先行 座席未定 初期当選 重複なし 2連中1枚 同一クレカ決済なし 着ブロ希望なし 下三桁提示可

公演当日、開演時間1時間半前に会場付近で待ち合わせ予定で...",True
qfijoaltbb,1784895882005,milesixtones-2026,2026-09-20,17:30,味の素スタジアム,electronic,none,同行,さ,5.0,,ランダム記載あり,2026-07-24 12:24:42,,2026-09-04 18:01:17,2026-09-04 11:01:12,transition_observed,sold,2,10800,"FC先行/指定席/ランダム配布
⭐️プラベルに切り替えいたします。

お座席は選択いただけません。
ご了承ください。

以下の内容をご理解いただける方のみご購入...",True
squ2r1riao,,milesixtones-2026,2026-09-20,17:30,味の素スタジアム,electronic,female,同時入場後手渡し,a,5.0,,番手,2026-08-23 06:08:55,,2026-09-04 19:01:10,2026-09-04 19:01:10,transition_observed,sold,2,25000,"3名義中2番手/すり替えなし/下3桁提示可/有効期限内
入場時、連番の方と分かれて入っていただきますがチケットは必ず連番をお渡しします。
当方が座席選択後、残り...",True
ywhrenyd0x,,milesixtones-2026,2026-09-20,17:30,味の素スタジアム,electronic,female,同行,S,5.0,,同行,2026-08-18 12:58:16,,2026-09-04 19:01:10,,,listing,1,38000,"重複無し同行、初期当選、すり替えなし、下3桁提示可、有効期限内、田中担不可

開場時間頃に会場付近で待ち合わせをし、同時入場後こちらで座席選択後チケットをお渡し...",True
o04ar8rnhf,,milesixtones-2026,2026-09-20,17:30,味の素スタジアム,electronic,female,同行,ま,5.0,,同行,2026-08-12 05:22:17,,2026-09-04 19:01:10,,,listing,1,40000,"すり替えなし同行 下3桁提示可能
初期当選 期限内名義 ペイジー決済 サイチェン可 本確不可 

開場15分前ほどに会場近くに入場し、同時入場して頂きます。...",True
enhdpkuxo4,,milesixtones-2026,2026-09-20,17:30,味の素スタジアム,electronic,female,同行,S,5.0,,番手,2026-08-03 12:35:20,,2026-09-04 19:01:10,,,listing,2,55000,"FC先行/初期当選/4名義中2番手/下3桁提示可/有効期限内/すり替えなし


トラブル防止のためご購入は20歳以上の日本人女性でお願いいたします。公演当日、開...",True
0a6uqmey31,,milesixtones-2026,2026-09-20,17:30,味の素スタジアム,electronic,female,公演当日QRコード共有,わ,5.0,,番手,2026-08-17 11:27:45,,2026-09-04 19:01:10,2026-09-04 19:01:10,transition_observed,sold,2,25000,"〜チケットお取引について〜 
プラベルでのお取引可。
4名義中3番手となります。（すり替えなし、4名義分の下3桁提示可）
入場後、一度チケットを回収させていただ...",True
vijbjekek0,,milesixtones-2026,2026-09-20,17:30,味の素スタジアム,electronic,female,同行,R,5.0,,番手ランダム,2026-08-14 10:36:46,,2026-09-04 19:01:10,,,listing,2,23000,"4名義中3番手/初期当選/下3桁提示可/すり替え無し/有効期限内

4名義全ての会員番号下3桁提示可能です。
入場の際、端末を貸していただく場合がございますので...",True
uldzmx9nzw,,milesixtones-2026,2026-09-20,17:30,味の素スタジアム,electronic,female,同行,ゆい,5.0,,番手,2026-08-25 04:19:08,,2026-09-04 19:01:10,,,listing,2,27000,"2名義中2番手、初期当選、すり替えなし、下3桁提示可、有効期限内、Pay-easy支払い

同時入場後、座席確認のためお時間をいただく場合がございますが、早めに...",True
icm9xojzl9,,milesixtones-2026,2026-09-20,17:30,味の素スタジアム,electronic,female,同行,S,5.0,,番手,2026-08-03 12:36:26,,2026-09-04 19:01:10,,,listing,2,42000,"FC先行/初期当選/4名義中3番手/下3桁提示可/有効期限内/すり替えなし


トラブル防止のためご購入は20歳以上の日本人女性でお願いいたします。公演当日、開...",True
anaplycuxj,,milesixtones-2026,2026-09-20,17:30,味の素スタジアム,electronic,female,詳細へ記載,はな,5.0,,番手,2026-08-22 12:59:49,,2026-09-04 19:01:10,,,listing,2,30000,"3名義中2番手/初期当選/着ブロ選択なし/重複なし/すり替えなし/有効期限内/下３桁提示可/本人確認対応不可
※プラベルにて出品

以下、必ず最後まで確認いただ...",True
sy8pjcn702,,milesixtones-2026,2026-09-20,17:30,味の素スタジアム,electronic,female,3名義中3番手,じゅ,5.0,,番手,2026-07-25 09:39:27,,2026-09-04 19:01:10,,,listing,2,22000,"3名義中3番手/全て有効期限内/下3桁提示可
/すり替えなし/着ブロ指定なし
お取引はプラベルにて行いますのでご購入の際はコメントいただきますようお願いいたしま...",True
knyhjsd0yn,,milesixtones-2026,2026-09-20,17:30,味の素スタジアム,electronic,female,同行,S,5.0,,同行記載あり,2026-09-04 01:16:31,,2026-09-04 19:01:10,,,listing,1,20000,"重複無し同行、初期当選、有効期限内、田中担不可、座席次第ですり替えあり

金額上乗せですり替えなしのお渡し可能ですのでご希望の方はコメントお願いいたします。...",True
zcdjvplkck,,milesixtones-2026,2026-09-20,17:30,味の素スタジアム,electronic,female,同行,tan,5.0,,ランダム,2026-07-24 13:15:14,,2026-09-04 19:01:10,2026-09-04 19:01:10,transition_observed,sold,1,12000,"⭐︎少人数ランダム⭐︎

※プラベルで専用出品致しますので、メッセージお願い致します。

公演当日、開場20分前を目安に会場付近で待ち合わせをし、同時入場をして...",True
zfgmq4408q,,milesixtones-2026,2026-09-20,17:30,味の素スタジアム,electronic,female,同行,N,5.0,,同行,2026-08-24 03:57:54,,2026-09-04 19:01:10,,,listing,1,35000,"プラベルに移行いたしますので、購入前にメッセージお願いいたします

重複なし同行
有効期限内/着ブロなし/下3桁提示可/すり替えなし/同一クレカ決済なし

当日...",True
z46qc5nv4f,,milesixtones-2026,2026-09-20,17:30,味の素スタジアム,electronic,female,公演日の前日までにQRコード共有,七,5.0,,QR,2026-08-26 03:25:48,,2026-09-04 19:01:10,,,listing,1,35000,"※プライベート出品に変更いたしますのでご購入される方はご連絡お願いいたします。

QR毎/初期当選/アリツア落選名義/重複すり替えなし/着ブロ希望なし/下3桁提...",True
n7hgyy80pm,,milesixtones-2026,2026-09-20,17:30,味の素スタジアム,electronic,none,同行,さ,5.0,,番手同行,2026-07-28 13:28:46,,2026-09-04 19:01:10,2026-09-04 19:01:10,transition_observed,sold,2,31000,"5名義中4番手/FC先行/指定席/下3桁提示可

以下の内容をご理解いただける方のみご購入をお願いいたします。

チケットを複数所持しております。
 同時入場後...",True
f1fxur28r8,,milesixtones-2026,2026-09-20,17:30,味の素スタジアム,electronic,female,同行,ちゃむ,5.0,,番手,2026-07-24 08:44:22,,2026-09-04 19:01:10,2026-09-04 19:01:10,transition_observed,sold,2,30000,"4名義中3番手/下三桁提示可能/着ブロ希望無し/有効期限内/初期当選/すり替えなし

･当方がチケットを選択したあと、残りのチケットから選択いただきます。必ず2...",True
4koeiy649j,,milesixtones-2026,2026-09-20,17:30,味の素スタジアム,electronic,female,同行,n,5.0,,番手,2026-08-22 09:01:59,,2026-09-04 19:01:10,2026-09-04 19:01:10,transition_observed,sold,2,23000,"2名義中2番手/全て初期当選/有効期限内

※プラベルに切り替えます。

ご購入いただいた時点で、以下内容に全てご同意いただいたものとみなします。必ず最後までご...",True
kfx0l54dwd,,milesixtones-2026,2026-09-20,17:30,味の素スタジアム,electronic,female,公演当日,なち,5.0,,番手,2026-08-04 05:25:27,,2026-09-04 19:01:10,,,listing,2,25000,"希望額ございましたら、コメントにてご提示ください


メッセージ頂けましたら、プライベート出品に変更させていただきます。

3名義中3番手/初期当選/有効期限内...",True
kgmypd9177,,milesixtones-2026,2026-09-20,17:30,味の素スタジアム,electronic,female,同行,❤︎,5.0,,番手,2026-08-17 11:23:00,,2026-09-04 19:01:10,,,listing,1,35000,"4名義中2番手
初当選/初期当選/すり替えなし/下3桁提示可/有効期限内

ご購入の際はプラベルにて出品いたしますのでメッセージをお願いいたします。
公演当日は...",True
k8t8ysnw4k,,milesixtones-2026,2026-09-20,17:30,味の素スタジアム,electronic,female,5名義中4番手1枚2.0〜下3桁提示可,あ,5.0,,番手,2026-07-24 05:45:15,,2026-09-04 19:01:10,2026-09-04 19:01:10,transition_observed,sold,2,0,取引決定後の変更不可。Pay-easyコンビニ支払いのみのランダム配布/初期当選のみ　期限内名義/公演当日、会場付近で待ち合わせをし同時入場して頂きます。開場時...,True
4wipwkliyg,,milesixtones-2026,2026-09-20,17:30,味の素スタジアム,electronic,none,同行,さ,5.0,,ランダム,2026-07-24 13:01:07,,2026-09-04 19:01:10,,,listing,2,10800,"FC先行/指定席/ランダム配布
※プラベルに切り替えいたします。

お座席は選択いただけません。
ご了承ください。

以下の内容をご理解いただける方のみご購入を...",True
ngjotq7a3g,,milesixtones-2026,2026-09-20,17:30,味の素スタジアム,electronic,female,同時入場,rty,5.0,,番手,2026-07-31 22:39:58,,2026-09-04 19:01:10,2026-09-04 19:01:10,transition_observed,sold,2,40000,"4名義中2番手/有効期限内/下3桁提示可能/着ブロ指定なし/初期当選

当日開場時間前にこちらが指定した場所、時間に集合して頂き同時に入場して頂きます。
同意チ...",True
0vorm0k3w0,,milesixtones-2026,2026-09-20,17:30,味の素スタジアム,electronic,female,公演日当日,k,5.0,,ランダム,2026-08-16 21:07:23,,2026-09-04 19:01:10,2026-09-04 19:01:10,transition_observed,sold,2,12000,"⭐️少人数ランダム配布⭐️/⭐️座席によっては即渡⭐️
初期当選名義のみ/早渡し上乗せ/相場買取可/不備無し


⚠️ランダム配布にご理解ある方のみ御購入下さい...",True
4uie0rxg29,,milesixtones-2026,2026-09-20,17:30,味の素スタジアム,electronic,female,同時入場予定 2名義中2番手,わんわんパラダイス,5.0,,ランダム記載あり,2026-08-26 11:04:44,,2026-09-04 19:01:10,2026-09-04 19:01:10,transition_observed,sold,2,25000,"2名義中2番手
初期当選/下3桁提示/有効期限内/すり替え無/過去エラー無/着ブロ指定なし/サイチェン可

・当日は開場時間を目安に会場近くに集合していただきま...",True
vz4t3bxo5z,,milesixtones-2026,2026-09-20,17:30,味の素スタジアム,electronic,female,公演前日にログイン情報共有,R,5.0,,QR,2026-07-24 13:12:48,,2026-09-04 19:01:10,,,listing,2,35000,"初期当選/有効期限内/重複すり替えなし/下3桁提示可/同一クレカ決済なし/発送物戻りなし/着ブロ指定なし

過去当選→YOUNG OLD(東京ドーム1階後列)...",True
tpi0aky0ai,,milesixtones-2026,2026-09-20,17:30,味の素スタジアム,electronic,female,同行,su,5.0,,番手,2026-08-01 03:02:56,,2026-09-04 19:01:10,,,listing,2,19000,"5名義中4番手でのお譲りとなります。

プラベ出品に切り替えますので購入希望の方はメッセージお願いいたします。
 
全て初期当選、期限内名義、着ブロなし、Pay...",True
hdk2v9jz36,,milesixtones-2026,2026-09-20,17:30,味の素スタジアム,electronic,female,同行,N,5.0,,番手,2026-08-08 02:42:59,,2026-09-04 19:01:10,,,listing,2,27500,"初期当選/3名義中2番手/有効期限内/下3桁提示可能/すり替えなし/着ブロ希望なし/本人確認不可/代理購入不可/全てクレカ決済

3名義中の2番手のチケットです...",True
k6ueuuh626,,milesixtones-2026,2026-09-20,17:30,味の素スタジアム,electronic,female,同行,ほ,5.0,,番手,2026-08-18 14:30:06,,2026-09-04 19:01:10,,,listing,2,35000,"FC先行 復活当選含む 4名義中2番手
初期当選/期限内/重複すり替えなし/下3桁提示可

プラベ出品いたしますので、ご検討の方はご連絡ください。

・当日は会...",True
op3vjlox3x,,milesixtones-2026,2026-09-20,17:30,味の素スタジアム,electronic,female,同行,h,4.4,,同行番手,2026-07-28 02:46:42,,2026-09-04 19:01:10,,,listing,2,28000,"4名義中2番手/すり替えなし/初期当選/下3桁提示可/有効期限内

開場時間15分前に入場口付近にて待ち合わせし同時入場していただきます。
会場内電波が悪い可能...",True
ttd90brxv9,,milesixtones-2026,2026-09-20,17:30,味の素スタジアム,electronic,female,同行,R,5.0,,番手,2026-08-10 04:08:57,,2026-09-04 19:01:10,,,listing,2,35000,"4名義中2番手/初期当選/下3桁提示可/すり替え無し/有効期限内

4名義全ての会員番号下3桁提示可能です。
入場の際、端末を貸していただく場合がございますので...",True
y4xgqqtu5x,,milesixtones-2026,2026-09-20,17:30,味の素スタジアム,electronic,female,公演前日の夜にログイン情報お伝えします,みみ,5.0,,QR,2026-07-31 14:25:37,,2026-09-04 19:01:10,2026-09-04 19:01:10,transition_observed,sold,2,35000,"QR毎のお譲りになります。
初期当選/下3桁提示可/重複すり替えなし/有効期限内/着ブロ希望なし

代理購入不可。過去当選歴のお答えはいたしかねます。
公演前日...",True
y31tkwqez8,,milesixtones-2026,2026-09-20,17:30,味の素スタジアム,paper,female,公演日前日ログイン情報提示,k,5.0,,QR,2026-08-13 04:43:07,,2026-09-04 19:01:10,,,listing,2,38000,"✨️QR毎/FC先行初期当選/有効期限内/発送物戻り無し/下3桁提示可能/着ブロ指定無し/重複すり替え無し

・同行者のみ同意チェックこちらで致します。
・公演...",True
5m4v9d5bei,,milesixtones-2026,2026-09-20,17:30,味の素スタジアム,electronic,female,同行,M,5.0,,同行,2026-08-08 11:59:32,,2026-09-04 19:01:10,2026-09-04 19:01:10,transition_observed,sold,1,46000,"重複なし同行/下3桁提示可能/有効期限内

開場時間30分前に集合していただきます。詳細は連絡ボードにて送らせていたただきます。日本語の通じない方、未成年はご遠...",True
1gj5lbbysi,,milesixtones-2026,2026-09-20,17:30,味の素スタジアム,electronic,female,ランダム配布,J,5.0,,ランダム,2026-08-24 12:41:54,,2026-09-04 19:01:10,,,listing,2,13000,"・開場20〜30分前(15:00頃)に会場付近にて待ち合わせ
・入場後すべてのチケットを回収し、こちらで座席選択後ランダムにてチケットお渡しさせて頂きます。
・...",True
na5aijts9s,,milesixtones-2026,2026-09-20,17:30,味の素スタジアム,electronic,female,同行,☆,5.0,,同行QR,2026-08-24 13:32:32,,2026-09-04 19:01:10,,,listing,1,300,"神奈川21／22日のどちらかとの交換　第一希望です。
→交換の場合こちら側が指定する金額の精算払いしていただき、神奈川公演入場後にご返金致します。


重複なし...",True
80i5tvk27p,,milesixtones-2026,2026-09-20,17:30,味の素スタジアム,electronic,none,同行,y:),5.0,,番手,2026-08-17 12:00:47,,2026-09-04 19:01:10,,,listing,2,50000,"8名義中4番手のお譲りです。
購入を検討される方はメッセージをお願いします。プラベルへ移行します。

下3桁提示可能/すり替えなし/有効期限内
公演当日、開場時...",True
jnk5je80y0,,milesixtones-2026,2026-09-20,17:30,味の素スタジアム,electronic,female,公演日前日にログイン情報共有,ぷ,5.0,,同行記載あり,2026-07-25 00:51:42,,2026-09-04 19:01:10,,,listing,2,65000,"QR毎/初期当選/有効期限内/発送物戻りなし/下3桁提示可/着ブロ希望なし/アリツ落選名義

・初当選名義、2連QR毎のお譲りとなります。
・同行者名義は非会員...",True
exczl8zvg5,,milesixtones-2026,2026-09-20,17:30,味の素スタジアム,electronic,female,同時入場し座席選択後にお渡しします,mn,5.0,,番手,2026-07-28 12:19:28,,2026-09-04 19:01:10,,,listing,2,25000,"3名義中3番手/全て有効期限内/下3桁提示可/すり替えなし/着ブロ指定なし

ご購入者様に発券のお手伝いをお願いする場合がございます。その場合、事前にお伝えいた...",True
n72c9b3ofi,,milesixtones-2026,2026-09-20,17:30,味の素スタジアム,electronic,female,同行,ほ,5.0,,番手,2026-08-18 14:37:35,,2026-09-04 19:01:10,,,listing,2,25000,"FC先行 復活当選含む 4名義中3番手
初期当選/期限内/重複すり替えなし/下3桁提示可

プラベ出品いたしますので、ご検討の方はご連絡ください。

・当日は会...",True
vmwp174nrv,,milesixtones-2026,2026-09-20,17:30,味の素スタジアム,electronic,female,公演日前日にQRコード共有,ま,5.0,,QR,2026-07-28 06:57:36,,2026-09-04 19:01:10,,,listing,2,38000,"プラベル出品 連番 QR毎のお渡しになります。

初期当選/有効期限内名義/アリツ落選名義/下3桁提示可能/コンビニ入金済み/着ブロ指定なし/郵送物戻りなし...",True
0ospq91q5q,,milesixtones-2026,2026-09-20,17:30,味の素スタジアム,electronic,female,公演前日ログイン情報共有,S,5.0,,QR,2026-08-17 14:15:40,,2026-09-04 19:01:10,,,listing,1,50000,"QR毎/初期当選/有効期限内/着ブロ指定なし/女性名義/同一クレカ決済無し

ご希望でしたら下3桁提示可能
今まで当選歴のない名義です。

公演日前日になりまし...",True
5lcqw11444,,milesixtones-2026,2026-09-20,17:30,味の素スタジアム,electronic,female,同行,nano,5.0,,同行,2026-08-18 14:54:37,,2026-09-04 19:01:10,,,listing,1,35000,"同行募集 2連中の1枚
初期当選 座席未定 アリツア落選
重複すり替えなし 会員×会員
郵便物戻りなし Pay-easy決済
会員番号下3桁提示可能 有効期限内...",True
m4wlwyv03l,,milesixtones-2026,2026-09-20,17:30,味の素スタジアム,electronic,none,公演日2日前までにQRコード共有,かき,5.0,,QR,2026-08-26 10:34:47,,2026-09-04 19:01:10,,,listing,2,38000,"QR毎/FC復活当選/下3桁提示可/重複なし

同行者登録・同意チェック・QR表示までご自身でお願いいたします。

会場に入場後速やかに受け取り連絡とログアウト...",True
zaa6p45d0o,,milesixtones-2026,2026-09-20,17:30,味の素スタジアム,electronic,female,同時入場,あお,5.0,,同行番手,2026-08-11 08:01:08,,2026-09-04 19:01:10,2026-09-04 19:01:10,transition_observed,sold,2,20000,"5名義中4番手

初期当選/すり替えなし/下3桁提示可/有効期限内/コンビニ入金/着ブロ指定なし

【集合時間】
開場の30分前 会場近くの指定場所

【返金】...",True
13abny1vco,,milesixtones-2026,2026-09-20,17:30,味の素スタジアム,electronic,female,公演日1日前までにQRコード共有,るるん,5.0,,QR,2026-07-24 05:47:09,,2026-09-04 19:01:10,,,listing,2,50000,"QR毎/初期当選/アリツア落選名義/重複すり替えなし/着ブロ希望なし/下3桁提示可能｜有効期限内/発送物戻りなし

公演日前日にログイン情報をお伝えします。
同...",True
j38bdxdzag,,milesixtones-2026,2026-09-20,17:30,味の素スタジアム,electronic,female,同時に入場して頂きます。,mn,5.0,,番手,2026-08-26 14:16:10,,2026-09-04 19:01:10,2026-09-04 19:01:10,transition_observed,sold,2,35000,"3名義中2番手/全て有効期限内/下3桁提示可/すり替えなし/着ブロ指定なし

ご購入者様に発券のお手伝いをお願いする場合がございます。その場合、事前にお伝えいた...",True
pe3yfatu5g,,milesixtones-2026,2026-09-20,17:30,味の素スタジアム,electronic,none,3名義中3番手※プライベート出品に切り替えますのでコメントをお願いいたします,Myaon,5.0,,同行番手,2026-07-24 12:56:05,,2026-09-04 19:01:10,,,listing,2,22000,"初期当選/3名義中3番手/有効期限内/下3桁提示可能/すり替えなし/着ブロ希望なし

3名義中の2番手のチケットです。
公演当日は会場付近にて開場時間20分前を...",True
ilv6szv85a,,milesixtones-2026,2026-09-20,17:30,味の素スタジアム,electronic,female,前日にお伝えします。,ま,5.0,,QR,2026-08-20 14:18:01,,2026-09-04 19:01:10,,,listing,2,40000,"QR毎のお譲りです。

復活当選/有効期間内/下3桁提示可能/着ブロ指定なし

公演前日に連絡ボードでログイン情報お伝えします。
入場後は速やかにログアウトし、...",True
yec1i92u9m,,milesixtones-2026,2026-09-20,17:30,味の素スタジアム,electronic,female,2名義中2番手,な,5.0,,ランダム記載あり,2026-08-18 11:57:40,,2026-09-04 19:01:10,,,listing,2,25000,"2名義中2番手
全て初期当選/有効期限内/下3桁提示可

・当日は会場付近の指定場所に時間厳守で集合していただきます。詳細につきましては、日程が近づきましたらお...",True
dkn364nxk1,,milesixtones-2026,2026-09-20,17:30,味の素スタジアム,electronic,female,同行,s,5.0,,ランダム記載あり,2026-08-23 05:55:16,,2026-09-04 19:01:10,2026-09-04 19:01:10,transition_observed,sold,2,30000,"3名義中2番手・2枚/初期当選
有効期限内/会員番号下3桁提示可
着ブロ指定無し/サイチェン可

ご覧いただきありがとうございます。
集合時間・場所は前日までに...",True
xpuo1sznge,,milesixtones-2026,2026-09-20,17:30,味の素スタジアム,electronic,female,2名義中2番手,ユイ,5.0,,番手,2026-08-20 06:27:39,,2026-09-04 19:01:10,,,listing,2,25500,"2名義中2番手
全名義有効期限内/2 名義分の下3桁提示可　すり替えなし/着ブロなし
アリツア落選名義（過去当選歴回答可）

開場10〜15分前を目処に集合予定...",True
mcer0cn91e,,milesixtones-2026,2026-09-20,17:30,味の素スタジアム,electronic,female,1名義ランダム,S,5.0,,ランダム同行,2026-07-24 06:15:41,,2026-09-04 19:01:10,2026-09-04 19:01:10,transition_observed,sold,1,21000,"《1名義ランダム》※松村担不可
開演30分前渡し/渡し時間早くなる可能性有

開場10〜15分前に集合頂きます。
当日の服装や場所等に関しては前日の夜までにはご...",True
ngpkyc9v1s,,milesixtones-2026,2026-09-20,17:30,味の素スタジアム,electronic,female,2名義中2番手,m,5.0,,番手,2026-07-25 05:37:53,,2026-09-04 19:01:10,,,listing,2,29999,"初期当選 2名義中2番手 すり替え無し 下3桁提示可 有効期限内 着ブロ指定なし

・公演当日会場付近にて待ち合わせし、同時入場いたします。詳しい場所・時間等は...",True
8oymxdut9k,,milesixtones-2026,2026-09-20,17:30,味の素スタジアム,electronic,female,当日,あちゃん,5.0,,同行,2026-08-12 17:27:10,,2026-09-04 19:01:10,,,listing,2,23000,"FC先行／3名義2番手/2連/有効期限内/

公演当日は開場開始10分前に会場付近で集合を予定しております。
指定したお時間に待ち合わせをし同時入場していただき...",True
uef10qmo1y,,milesixtones-2026,2026-09-20,17:30,味の素スタジアム,electronic,female,3名義中3番手,k,5.0,,番手,2026-08-07 15:59:13,,2026-09-04 19:01:10,,,listing,2,20000,"FC先行 座席未定。有効期限内名義。3名義中3番手。前回スタンドor初当選のみ✨

プラベル通し可能な方のみ。(1.0/枚プラベル通し残り当日手渡しも可)

公...",True
ok84kpwqxl,,milesixtones-2026,2026-09-20,17:30,味の素スタジアム,electronic,female,同行,moru,5.0,,同行,2026-07-26 03:09:47,,2026-09-04 19:01:10,,,listing,1,38000,"※プライベート出品に切り替えますので、購入希望の場合購入リクエストorメッセージをお願いいたします。

初期当選/重複なし1名義のみ/有効期限内/下三桁提示可/...",True
3g1dc4765h,,milesixtones-2026,2026-09-20,17:30,味の素スタジアム,electronic,female,公演当日,なち,5.0,,番手,2026-08-04 05:23:38,,2026-09-04 19:01:10,,,listing,2,0,"即3.5/枚
希望額ご提示ください(即以下も検討します）


メッセージ確認できましたら、プライベート出品に変更させていただきます。

3名義中2番手/初期当選...",True
i5k1iqb9z8,,milesixtones-2026,2026-09-20,17:30,味の素スタジアム,electronic,female,同時入場,rty,5.0,,番手,2026-08-01 23:35:36,,2026-09-04 19:01:10,,,listing,2,26000,"4名義中3番手/有効期限内/下3桁提示可能/着ブロ指定なし/初期当選

当日開場時間前にこちらが指定した場所、時間に集合して頂き同時に入場して頂きます。
同意チ...",True
p76dewdzxl,,milesixtones-2026,2026-09-20,17:30,味の素スタジアム,electronic,none,3名義中2番手,ほのか,5.0,,番手,2026-08-17 23:38:05,,2026-09-04 19:01:10,,,listing,2,26200,"3名義中2番手/初期当選/すり替えなし/下3桁提示可/有効期限内/着ブロ指定なし/同一クレカ決済なし/発送物戻りなし

・3名義中2番手のお譲りとなります。
状...",True
urwyrbzq9r,,milesixtones-2026,2026-09-20,17:30,味の素スタジアム,electronic,female,同行,め,5.0,,QR番手,2026-08-18 12:52:24,,2026-09-04 19:01:10,,,listing,2,25000,"
※プライベート出品に変更いたしますのでご購入される方はご連絡お願いいたします。

⭐️3名義中2番手(初期当選1 復活当選2)
⭐️座席によっては即渡
⭐️開...",True
4g9pw0gyvm,,milesixtones-2026,2026-09-20,17:30,味の素スタジアム,electronic,female,同行,ぴぴぴ,5.0,,ランダム,2026-07-24 10:31:02,,2026-09-04 19:01:10,,,listing,2,22000,"プラベルにて出品致しますので、購入希望の方はメッセージお願いいたします。
少数ランダム 開場20分前に待ち合わせ
同時入場後一旦チケットを回収し当方が座席を確認...",True
ss6dtedk4e,,milesixtones-2026,2026-09-20,17:30,味の素スタジアム,electronic,female,同行,ちゃむ,5.0,,番手,2026-07-24 08:47:21,,2026-09-04 19:01:10,,,listing,2,20000,"4名義中4番手/下三桁提示可能/着ブロ希望無し/有効期限内/初期当選/すり替えなし

･4名義中４番手のお渡しです。ご購入者様でチケットの選択はできません。
・...",True
e0lsubudd5,,milesixtones-2026,2026-09-20,17:30,味の素スタジアム,electronic,female,公演日前日にログイン情報の共有,もちゅ,5.0,,QR,2026-07-24 05:48:34,,2026-09-04 19:01:10,,,listing,2,38000,"QR毎/初期当選/有効期限内/前回アリツ落選名義/下3桁提示可/発送物戻りなし/着ブロ希望なし

公演日前日にログイン情報をお伝えします。

公演中止の場合のみ...",True
ceo6fp3qkf,,milesixtones-2026,2026-09-20,17:30,味の素スタジアム,electronic,female,同行,り,5.0,,番手同行,2026-07-24 11:34:06,,2026-09-04 19:01:10,,,listing,2,25000,"2名義重複/2番手2連/座種未定/初期当選/すり替えなし/下3桁提示可能/公演日有効期限内

※お話まとまり次第専用またはプラベル移行します。必要事項記載しご連...",True
0rvogqmybx,,milesixtones-2026,2026-09-20,17:30,味の素スタジアム,electronic,female,ランダム配布,あ,5.0,,ランダム,2026-08-19 00:06:31,,2026-09-04 19:01:10,,,listing,1,12000,取引決定後の変更不可。Pay-easyコンビニ支払い/初期当選のみ。期限内名義/公演当日、会場付近で待ち合わせをし同時入場して頂きます。開場時間30分前までに到...,True
q0n2hlvmbo,,milesixtones-2026,2026-09-20,17:30,味の素スタジアム,electronic,female,当日手渡し,の,5.0,,番手,2026-07-28 13:47:09,,2026-09-04 19:01:10,,,listing,1,30000,"3名義中2番手でのお渡しとなります。
2連中1枚 同行でのお譲りです。
初期当選/有効期限内/着ブロ希望なし/下3桁提示可/すり替えなし

公演当日は、開場時間...",True
s0uvcppk4y,,milesixtones-2026,2026-09-20,17:30,味の素スタジアム,electronic,female,同行,ぽよ,5.0,,ランダム,2026-07-25 09:10:20,,2026-09-04 19:01:10,,,listing,1,13000,"【条件あり】
チケットを複数所持しております。同時入場後にチケットを一旦回収し、開演10分前を目処に再集合の上チケットをお渡しさせていただきます。座席についての...",True
ulpjzm5c24,,milesixtones-2026,2026-09-20,17:30,味の素スタジアム,electronic,female,同行,り,5.0,,ランダム記載あり,2026-07-24 14:26:14,,2026-09-04 19:01:10,,,listing,2,0,"2名義中2番手です。
重複なし
FC先行
初期当選
公演当日、会場付近にて待ち合わせし、同時入場していただきます。
詳しい待ち合わせ時間・場所等は、ご入金後にマ...",True
uar07ia1kf,,milesixtones-2026,2026-09-20,17:30,味の素スタジアム,electronic,female,同行,陽菜,4.8,,番手,2026-07-25 02:09:57,,2026-09-04 19:01:10,,,listing,1,25000,"2名義中2番手/すり替えなし/下3桁提示可
ランダムエラー、体調不良等公演中止以外のいかなる理由でも返金致しかねますのでご了承ください。",True
hm6ac8hywi,,milesixtones-2026,2026-09-20,17:30,味の素スタジアム,electronic,female,同行,な,4.8,,ランダム,2026-07-27 00:01:18,,2026-09-04 19:01:10,2026-09-04 19:01:10,transition_observed,sold,2,12000,"FC先行 / 座席未定 / 条件あり / ランダム配布
※早渡しランダム（30分前手渡し即1.5、1時間前要相談）プライベート出品でのお取引に変更可能です、事前...",True
vjrw1y3h2g,,milesixtones-2026,2026-09-20,17:30,味の素スタジアム,electronic,female,同時入場,♩,5.0,,同行,2026-08-24 12:55:40,,2026-09-04 19:01:10,,,listing,1,30000,"復活当選/有効期限内名義/下3桁提示可能

ご購入前に必ずご一読願います。
・開場20分前に会場付近で合流した後、同時入場していただきます。遅刻された場合は待た...",True
v6xn9vpwvn,,milesixtones-2026,2026-09-20,17:30,味の素スタジアム,electronic,none,同行,な,5.0,,番手,2026-08-02 13:14:55,,2026-09-04 19:01:10,2026-09-04 19:01:10,transition_observed,sold,2,24000,"初期当選/ 2名義中2番手/サイチェン可/すり替え無し/着ブロ希望なし/同一クレカ決済なし/下3桁提示可/有効期限内/

・公演当日会場付近にて開場10〜20分...",True
qvb0q4gb11,,milesixtones-2026,2026-09-20,17:30,味の素スタジアム,electronic,female,同時入場,mi,5.0,,ランダム,2026-07-24 12:27:26,,2026-09-04 19:01:10,2026-09-04 19:01:10,transition_observed,sold,2,25000,"プラベルにて再度出品いたしますので、お取引希望の方はメッセージにてご連絡ください。

【条件あり】
チケットを複数所持しております。同時入場後にチケットを一旦回...",True
66g1b1e7pf,,milesixtones-2026,2026-09-20,17:30,味の素スタジアム,electronic,none,ランダム,りんりん,5.0,,ランダム記載あり,2026-07-27 03:13:51,,2026-09-04 19:01:10,,,listing,2,20000,"FC先行/指定席/ランダム配布
※プラベルに切り替えいたします。

お座席は選択いただけません。
ご了承ください。

以下の内容をご理解いただける方のみご購入を...",True
1posx53ue9,,milesixtones-2026,2026-09-20,17:30,味の素スタジアム,electronic,female,3名義中3番手,ゆと,5.0,,番手,2026-08-23 20:55:07,,2026-09-04 19:01:10,,,listing,2,20000,"初期当選/3名義中3番手/すり替え無し/有効期限内名義/下3ケタ提示可/ペイジー支払

公演当日会場付近で待ち合わせをし同時入場していただきます。
詳しい待ち合...",True
sw4c4tofqp,,milesixtones-2026,2026-09-20,17:30,味の素スタジアム,electronic,female,同行,みー,5.0,,番手,2026-08-02 15:09:31,,2026-09-04 19:01:10,2026-09-04 19:01:10,transition_observed,sold,1,15000,"FC先行/6名義中6番手/座席未定/有効期限内名義/すり替えなし/下3桁提示可

プライベート出品に切り替えますのでコメントまでお願いいたします。

開場時間3...",True
3kthx1a3sx,,milesixtones-2026,2026-09-20,17:30,味の素スタジアム,electronic,female,同行,とま,5.0,,ランダム,2026-08-23 06:07:45,,2026-09-04 19:01:10,,,listing,1,13000,"★開演30分前までのランダム配布★
入場後なるべくお早めにチケットをお渡しできるよう善処しますが、遅くとも開演の30分前までには必ずチケットをお渡しいたします。...",True
ecymnvn1hh,,milesixtones-2026,2026-09-20,17:30,味の素スタジアム,electronic,female,公演前日にログイン情報の共有,m,5.0,,QR,2026-08-22 22:24:56,,2026-09-04 19:01:10,,,listing,1,40000,"QR毎/アリツア落選名義/復活当選/有効期限内/発送物戻り無し/下3桁提示可能/着ブロ指定無し/重複すり替え無し

・同行者のみ同意チェックこちらでいたします。...",True
s76q3bvyw0,,milesixtones-2026,2026-09-20,17:30,味の素スタジアム,electronic,female,同時入金,Ｊ,5.0,,番手,2026-08-20 12:24:17,,2026-09-04 19:01:10,,,listing,2,20000,"４名義中3番手のお譲り
プラベル出品可/全て２連当選/すり替えなし/該当名義/初期当選/当選名義下３桁提示/有効期限内/Pay-easy入金/着ブロ指定なし/サ...",True
4qkt0zdtyd,,milesixtones-2026,2026-09-20,17:30,味の素スタジアム,electronic,none,同行,🌻,5.0,,同行記載あり,2026-08-03 05:28:17,,2026-09-04 19:01:10,,,listing,1,35000,"2番手中1番手
当方と同行
森本担のご購入はお控えください。

記載事項全てにご同意いただける方のみご購入ください。

・日本人の成人済み女性のみ購入可能
・公...",True
cu0syz3snd,,milesixtones-2026,2026-09-20,17:30,味の素スタジアム,electronic,female,番手,あ,5.0,,番手,2026-08-20 23:34:57,,2026-09-04 19:01:10,2026-09-04 19:01:10,transition_observed,sold,2,22000,"4名義中3名義目/すり替えなし/公演日当日有効期限内/下2桁提示可能/過去エラーなし

開演2時間前(15時30分)に会場付近にてお待ち合わせをし同時入場頂きま...",True
1ksnrtj9vp,,milesixtones-2026,2026-09-20,17:30,味の素スタジアム,electronic,female,同行,h,4.4,,番手同行,2026-08-18 13:50:20,,2026-09-04 19:01:10,,,listing,2,20000,"4名義中3番手/すり替えなし/初期当選/下3桁提示可/有効期限内

開場時間15分前に入場口付近にて待ち合わせし同時入場していただきます。
会場内電波が悪い可能...",True
fflxbgqbav,,milesixtones-2026,2026-09-20,17:30,味の素スタジアム,electronic,female,公演前日QRコード共有,a,5.0,,QR,2026-07-24 07:51:46,,2026-09-04 19:01:10,,,listing,2,64900,座席未定/QRごと/アリツア落選名義/重複すり替えなし/希望で事前に下3桁開示可能/有効期限内/郵送物戻りなし/買い手で代表名義分の同意チェック可能/着ブロなし...,True
vw2v897h6b,,milesixtones-2026,2026-09-20,17:30,味の素スタジアム,electronic,female,QRごと又は当方と同行,mp,5.0,,QR,2026-07-24 22:59:10,,2026-09-04 19:01:10,,,listing,2,39000,"FC初期当選・QR毎・下3桁提示可・重複すり替えなし・有効期限内・着ブロ希望なし

・公演前日までにログイン情報をお伝えいたします。
・入場後は速やかに受け取り...",True
qk0220jgz9,,milesixtones-2026,2026-09-20,17:30,味の素スタジアム,electronic,female,当日手渡し,の,5.0,,番手,2026-07-25 05:55:55,,2026-09-04 19:01:10,,,listing,2,20000,"3名義中3番手でのお渡しです。
初期当選/有効期限内/着ブロ希望なし/下3桁提示可/すり替えなし

公演当日は、開場時間の15〜20分前にお集まりいただく予定で...",True
onrxfrx9zl,,milesixtones-2026,2026-11-07,17:00,ヤンマースタジアム長居,electronic,female,同行,💙,5.0,,ランダム,2026-07-27 13:29:26,,2026-09-04 19:01:10,2026-09-04 19:01:10,transition_observed,sold,1,11000,"重複あり、複数名義中ランダム配布。
購入者様に座席選択権はございません。
プライベート出品しますので購入されずにまずお声がけください。

・複数名義中当方が2連...",True
gnsx6c4fhj,1785013950634,milesixtones-2026,2026-11-07,17:00,ヤンマースタジアム長居,electronic,none,当日,あぴ,5.0,,番手,2026-07-25 21:12:30,,2026-09-04 10:01:10,,,deleted,2,18000,"6名義中5番手

プラベル出品可/初期当選/全て2連当選/すり替えなし/下3桁提示可/有効期限内/ペイジーまたはコンビニ入金/着ブロ指定なし/本人確認不可

【...",True
tv2uosabes,,milesixtones-2026,2026-11-07,17:00,ヤンマースタジアム長居,electronic,female,同行,✧,5.0,,同行,2026-07-29 23:22:58,,2026-09-04 19:01:10,,,listing,1,50000,"当方と同行/アリツア落選名義/有効期限内/すり替えなし/田中担不可

・公演当日は開場15分前を目安に集合、同時入場をしていただきます。万が一、遅刻された場合は...",True
agf3hparma,,milesixtones-2026,2026-11-07,17:00,ヤンマースタジアム長居,electronic,female,公演前日にログイン情報お伝え,Lily,5.0,,QR,2026-07-25 19:02:06,,2026-09-04 19:01:10,,,listing,2,70000,"初期当選/2枚QR毎/重複すり替えなし/会員番号下3桁提示可/有効期限内/発送物戻りなし/コンビニ決算/

ご購入いただいてすぐに下3桁ご提示いたします。公演前...",True
y3opa6j1tc,,milesixtones-2026,2026-11-07,17:00,ヤンマースタジアム長居,electronic,female,同行,moru,5.0,,同行,2026-07-25 09:07:06,,2026-09-04 19:01:10,,,listing,1,38000,"※プライベート出品に切り替えますので、購入希望の場合購入リクエストorメッセージをお願いいたします。

初期当選/重複なし1名義のみ/有効期限内/下三桁提示可/...",True
hg0gjnt99c,,milesixtones-2026,2026-11-07,17:00,ヤンマースタジアム長居,electronic,female,公演前日にログイン情報共有,a,5.0,,QR,2026-07-25 23:59:19,,2026-09-04 19:01:10,2026-09-04 19:01:10,transition_observed,sold,2,70000,"初期当選/2枚QR毎/重複すり替えなし/会員番号下3桁提示可/有効期限内/発送物戻りなし/初当選/変更ボタン有/同行者登録可

メッセージいただければプライベー...",True
7346afbpi0,,milesixtones-2026,2026-11-07,17:00,ヤンマースタジアム長居,electronic,female,当日手渡し,꒰՞ ɞ̴̶̷ ࡇ ɞ̴̶̷ ՞꒱,5.0,,番手QR,2026-07-25 10:13:44,,2026-09-04 19:01:10,,,listing,2,20000,"4名義中4番手。
複数名義当選のため、開演時刻の2時間30分前までに会場付近に集合していただき、同時入場後、一旦チケットを回収してこちらで先に座席選択させていた...",True
7irdqq5pvy,,milesixtones-2026,2026-11-07,17:00,ヤンマースタジアム長居,electronic,none,同行,らんらん,5.0,,番手,2026-07-25 03:18:54,,2026-09-04 19:01:10,,,listing,2,26000,"FC先行6名義中4番手 有効期限内名義すり替えなし下
3桁提示可
* ﻿公演当日開場時間前に会場付近にて待ち合わせし、同時入場していただきます。
* ﻿座席に関...",True
7kd0guz7vr,,milesixtones-2026,2026-11-07,17:00,ヤンマースタジアム長居,electronic,female,同行,^_^,5.0,,同行,2026-08-13 14:09:54,,2026-09-04 19:01:10,2026-09-04 19:01:10,transition_observed,sold,1,20000,"重複あり、複数名義中番手お渡し(3名義中3番手)
初期当選/有効期限内/着ブロなし/下3桁提示可能
プライベート出品しますので購入されずにまずお声がけください。...",True
r6s2ohl42z,,milesixtones-2026,2026-11-07,17:00,ヤンマースタジアム長居,electronic,none,同行,らんらん,5.0,,番手,2026-07-27 04:52:18,,2026-09-04 19:01:10,,,listing,2,38000,"FC先行6名義中3番手 有効期限内名義すり替えなし下
3桁提示可
*  公演当日開場時間前に会場付近にて待ち合わせし、同時入場していただきます。
*  座席に関...",True
0aa1p2d9xh,,milesixtones-2026,2026-11-07,17:00,ヤンマースタジアム長居,electronic,none,同行,ni,5.0,,同行,2026-07-25 04:34:05,,2026-09-04 19:01:10,2026-09-04 19:01:10,transition_observed,sold,1,40000,当方と同行/重複すり替えなし/初期当選/有効期限内/下3桁提示可/発送物戻りなし/着ブロなし/同一クレカ決済なし/アリツア落選名義/同行者会員/ジェシー担不可...,True
kd5j9dfqo3,,milesixtones-2026,2026-11-07,17:00,ヤンマースタジアム長居,electronic,female,同行,A,5.0,,同行,2026-07-28 13:51:59,,2026-09-04 19:01:10,,,listing,1,0,"座席未定/FC先行/有効期限内/当方(松村担)と同行/下3桁提示可能

・開場時間15分前を目処に集合して頂き同時に入場致します。集合時間場所等は前日までにご連...",True
ncgdg4ece4,,milesixtones-2026,2026-11-07,17:00,ヤンマースタジアム長居,electronic,female,同行,m♪,5.0,,,2026-07-24 05:43:29,,2026-09-04 19:01:10,,,listing,2,55000,"FC先行/有効期限名義のみ/アリツア落選名義/すり替えなし/下3桁提示可/条件あり

・3名義中3名義目のお譲りです。
・当方が選ばなかったチケットをお渡し致し...",True
5emodqwlvg,,milesixtones-2026,2026-11-07,17:00,ヤンマースタジアム長居,electronic,female,ランダム配布,J,5.0,,ランダム,2026-08-24 12:45:16,,2026-09-04 19:01:10,,,listing,2,16666,"・開場20〜30分前(14:20〜14:30頃)に会場付近にて待ち合わせ
・入場後すべてのチケットを回収し、こちらで座席選択後ランダムにてチケットお渡しさせて頂...",True
6tyoi13xmx,,milesixtones-2026,2026-11-07,17:00,ヤンマースタジアム長居,electronic,female,公演前日QRコード共有,な,5.0,,QR,2026-07-29 17:42:28,,2026-09-04 19:01:10,,,listing,2,43000,"QR毎
初期当選/下３桁提示可/重複すり替えなし/着ブロ希望なし/有効期限内/郵便物戻りなし/アリツア落選名義

プラベル出品移行可
公演前日にログイン情報をお...",True
ie141oh9rg,,milesixtones-2026,2026-11-07,17:00,ヤンマースタジアム長居,electronic,female,3名義中2番手,R,5.0,,番手,2026-08-09 05:23:44,,2026-09-04 19:01:10,,,listing,2,39000,"3名義中2番手【ランエラ一部返金可⭐️】
プラベル出品に切り替えますので、お取引希望の方はメッセージにてご連絡ください。

初期当選 / 有効期限内 / すり替...",True
jj2uxtb7x0,,milesixtones-2026,2026-11-07,17:00,ヤンマースタジアム長居,electronic,female,初期当選、QR毎、重複すり替えなし、下3桁可能、有効期限内,み,5.0,,QR,2026-07-24 09:43:11,,2026-09-04 19:01:10,,,listing,2,60000,"プラベル可能です、コメントください。
前日になりしたらログイン情報ご提示いたします。同行者同意までこちらで操作して、親名義の同意は買い手様で操作可能です。入場後...",True
mz7hhpkgs0,,milesixtones-2026,2026-11-07,17:00,ヤンマースタジアム長居,electronic,female,当日手渡し,꒰՞ ɞ̴̶̷ ࡇ ɞ̴̶̷ ՞꒱,5.0,,QR番手,2026-07-25 10:11:31,,2026-09-04 19:01:10,,,listing,2,26000,"4名義中3番手。
複数名義当選のため、開演時刻の2時間30分前までに会場付近に集合していただき、同時入場後、一旦チケットを回収してこちらで先に座席選択させていた...",True
8o0hvqhke1,,milesixtones-2026,2026-11-07,17:00,ヤンマースタジアム長居,electronic,female,同行,a,5.0,,同行,2026-07-31 11:19:36,,2026-09-04 19:01:10,,,listing,1,35000,"当方と同行/重複すり替えなし/初期当選/有効期限内/下3桁提示可/発送物戻りなし/着ブロなし/同一クレカ決済なし/アリツア落選名義/髙地担不可

・お取引は日本...",True
jw8qwjqi3e,,milesixtones-2026,2026-11-07,17:00,ヤンマースタジアム長居,electronic,female,当日同時入場,ま,5.0,,番手,2026-08-02 06:50:09,,2026-09-04 19:01:10,,,listing,1,40000,"3名義中2番手
プラベルにて再度出品いたしますので、お取引希望の方はメッセージにてご連絡ください。

3名義中2番手、すり替えなし、下3桁提示可能です

・入場...",True
pp7i16wz77,,milesixtones-2026,2026-11-07,17:00,ヤンマースタジアム長居,electronic,female,公演前日QRコード共有,り,5.0,,QR,2026-08-14 12:25:23,,2026-09-04 19:01:10,,,listing,2,36200,"初期当選・着ブロなし・下3桁提示可・当選歴なし
購入者都合での返金一切受け付けませんのでご了承ください。",True
xkh4pb83in,,milesixtones-2026,2026-11-07,17:00,ヤンマースタジアム長居,electronic,female,2名義2番手,あ,5.0,,番手,2026-07-24 13:21:35,,2026-09-04 19:01:10,2026-09-04 19:01:10,transition_observed,sold,1,26000,"2名義中2番手 / 初期当選 / 有効期限内 / すり替えなし / 下3桁提示/ 着ブロなし/ 発送物戻りなし  / プラベルに移行します

･2連のうちの1枚...",True
utr45qqvvc,,milesixtones-2026,2026-11-07,17:00,ヤンマースタジアム長居,electronic,female,同行,333,5.0,,ランダム,2026-07-29 14:21:04,,2026-09-04 19:01:10,2026-09-04 19:01:10,transition_observed,sold,2,14000,⭐️開示対策の為プライベート出品に切り替えますのでご希望の方はコメントお願いいたします⭐️中相場での買取、上乗せにて早渡しも可能です。ご希望の場合は必ず事前にコ...,True
isdgu6hdfk,,milesixtones-2026,2026-11-07,17:00,ヤンマースタジアム長居,electronic,female,同行,y,5.0,,同行,2026-07-25 13:43:45,,2026-09-04 19:01:10,,,listing,1,29000,"公演当日、当方の友人と待ち合わせをお願いし、同時入場していただきます。
重複すり替えなし、下3桁提示可",True
duqws3kdk8,,milesixtones-2026,2026-11-07,17:00,ヤンマースタジアム長居,electronic,female,少人数ランダム(2名義での入場) サイチェン可 中相場買取可,☆,5.0,,ランダム,2026-07-24 07:11:50,,2026-09-04 19:01:10,2026-09-04 19:01:10,transition_observed,sold,1,15000,"同時入場後チケットを一度回収しこちらでチケットを選んだ後、ランダム配布いたします。そのため座席はお選びいただけません。
お渡しまでにお時間をいただく可能性がござ...",True
rydtxmrf3j,,milesixtones-2026,2026-11-07,17:00,ヤンマースタジアム長居,electronic,none,公演当日同時入場,あ,5.0,,番手,2026-08-09 13:31:53,,2026-09-04 19:01:10,,,listing,2,20000,"プライベート出品もしくはプラベルに切り替えますので、ご希望の方はコメントください。

初期当選 4名義中4番手 すり替えなし 下3桁提示可能 有効期限内名義...",True
wo4jswclha,,milesixtones-2026,2026-11-07,17:00,ヤンマースタジアム長居,electronic,female,公演前日QRコード共有,M,5.0,,QR,2026-07-24 13:51:42,,2026-09-04 19:01:10,,,listing,2,38500,"QR毎/初期選/アリツア落選名義/重複すり替えなし/着ブロ希望なし/下3桁提示可能｜有効期限内

プラベル可能です。ご連絡お願いします。
公演前日までにログイン...",True
y08wmtl8nk,,milesixtones-2026,2026-11-07,17:00,ヤンマースタジアム長居,electronic,female,公演日前日にログイン情報をお伝え致します,m,5.0,,QR,2026-07-25 07:03:53,,2026-09-04 19:01:10,,,listing,2,55000,"QR毎/初期当選/当選歴なし/重複すり替えなし/下3桁提示可/有効期限内
公演前日にログイン情報お伝えいたします。
入場後は速やかにログアウトお願いいたします。...",True
enay3pt56m,,milesixtones-2026,2026-11-07,17:00,ヤンマースタジアム長居,electronic,female,ランダム配布,M,5.0,,ランダム,2026-07-24 05:58:54,,2026-09-04 19:01:10,,,listing,2,17000,"【少人数ランダム配布】上乗せで1時間前渡し・30分前渡し検討可能。全て初期当選、会員有効期限内、女性名義

１．同時入場後、全てのチケットを回収し一旦解散させて...",True
c3wo7dis8t,,milesixtones-2026,2026-11-07,17:00,ヤンマースタジアム長居,electronic,female,同行,にゃにゃ,5.0,,同行,2026-08-01 15:41:48,,2026-09-04 19:01:10,,,listing,1,40000,"当方と同行/初期当選/重複/すり替えなし/下3桁表示可/ 有効期限内/着ブロ希望なし/サイチェン可/アリツ落選名義

・2連中の1枚当方（森本担 同担可）との同...",True
0fjfej05tc,,milesixtones-2026,2026-11-07,17:00,ヤンマースタジアム長居,electronic,female,当日手渡し,てむ,5.0,,QR,2026-07-28 07:51:21,,2026-09-04 19:01:10,,,listing,1,40000,"初期当選/1枚QR毎/重複すり替えなし/会員番号下3桁提示可/有効期限内/アリツ落選

・公演当日、会場付近にて待ち合わせを行い同時入場していただきます。
・入...",True
n59r847a7b,,milesixtones-2026,2026-11-07,17:00,ヤンマースタジアム長居,electronic,female,同行,ら,5.0,,同行QR,2026-07-24 11:30:19,,2026-09-04 19:01:10,,,listing,1,35000,"プラベルにて出品致します。
購入希望の方はメッセージからお願いいたします。金額条件良い方がいたら優先させていただきます。

FC先行、座席未定、初期当選、有効期...",True
vwzt5qeesa,,milesixtones-2026,2026-11-07,17:00,ヤンマースタジアム長居,electronic,female,同時入場,mi,5.0,,ランダム,2026-07-29 03:56:29,,2026-09-04 19:01:10,,,listing,2,30000,"プラベルにて再度出品いたしますので、お取引希望の方はメッセージにてご連絡ください。

【条件あり】
チケットを複数所持しております。同時入場後にチケットを一旦回...",True
wppqqn9xr6,,milesixtones-2026,2026-11-07,17:00,ヤンマースタジアム長居,electronic,female,同時入場,mi,5.0,,番手,2026-07-29 03:54:55,,2026-09-04 19:01:10,,,listing,2,45000,"プラベルにて再度出品いたしますので、お取引希望の方はメッセージにてご連絡ください。

【条件あり】
2名義中2番手、すり替えなし、下3桁提示可能です

・入場後...",True
i1bzsvfyuv,,milesixtones-2026,2026-11-07,17:00,ヤンマースタジアム長居,electronic,none,公演日前日までにQRコード共有,cc,5.0,,QR,2026-08-24 07:37:44,,2026-09-04 19:01:10,,,listing,1,43000,"初期当選 重複なし　座席未定　すり替えなし　会員番号下3桁提示可能　QR毎　有効期限内名義

公演前日にログイン情報をお伝えします。
公演中止の場合のみ返金いた...",True
t0m4742iol,,milesixtones-2026,2026-11-07,17:00,ヤンマースタジアム長居,electronic,female,同行,り,5.0,,同行番手,2026-07-24 11:38:30,,2026-09-04 19:01:10,,,listing,2,35000,"3名義重複/1番手同行、2番手2連/座種未定/初期当選/すり替えなし/下3桁提示可能/公演日有効期限内

※開示懸念のため1部サイト優先。
お話まとまり次第専用...",True
n3sj8y28zg,,milesixtones-2026,2026-11-07,17:00,ヤンマースタジアム長居,electronic,female,ランダム配布,じゅ,5.0,,ランダム,2026-07-25 09:36:28,,2026-09-04 19:01:10,,,listing,2,20000,"⭐️少人数ランダム

お取引はプラベルにて行いますのでご購入の際はコメントいただきますようお願いいたします。

ご購入者様に発券のお手伝いをお願いする場合がござ...",True
snfozdwa3q,,milesixtones-2026,2026-11-07,17:00,ヤンマースタジアム長居,electronic,female,公演日2日までにログイン情報共有,ましゅまろ,5.0,,ランダム記載あり,2026-07-27 11:15:44,,2026-09-04 19:01:10,,,listing,1,60000,"当選歴無し/重複すり替えなし/入場後サイチェン可/下3桁提示可/有効期限内/郵送物戻り無し/

前日までにログイン情報お伝えします。

入場後すぐに受取評価、ロ...",True
1l79bghvy8,,milesixtones-2026,2026-11-07,17:00,ヤンマースタジアム長居,electronic,female,公演当日、同時入場,あ,5.0,,ランダム,2026-08-22 07:30:07,,2026-09-04 19:01:10,,,listing,1,12000,"プライベート出品もしくはプラベルに切り替えますので、ご希望の方はコメントください。

ランダム配布 有効期限内名義

〇ご入金～公演当日 
・ご入金後は、公演当...",True
ujq8b39lel,,milesixtones-2026,2026-11-07,17:00,ヤンマースタジアム長居,electronic,none,当日,あぴ,5.0,,番手,2026-08-24 00:59:39,,2026-09-04 19:01:10,2026-09-04 19:01:10,transition_observed,sold,2,30000,"6名義中3番手

プラベル出品可/初期当選/全て2連当選/すり替えなし/下3桁提示可/有効期限内/ペイジーまたはコンビニ入金/着ブロ指定なし/本人確認不可

【...",True
ryjt688huz,,milesixtones-2026,2026-11-07,17:00,ヤンマースタジアム長居,electronic,female,ランダム配布,ゆゆゆ,4.7,,ランダム,2026-08-23 12:37:36,,2026-09-04 19:01:10,2026-09-04 19:01:10,transition_observed,sold,2,16000,"◎お取引初心者の方でも安心してお取引できるよう対応いたします。分からないことがあればお気軽にご質問ください。

下記内容をよくお読みいただき理解した上でご購入く...",True
fz1zwhvys6,,milesixtones-2026,2026-11-07,17:00,ヤンマースタジアム長居,electronic,female,同時入場,Ｊ,5.0,,番手,2026-07-26 04:37:33,,2026-09-04 19:01:10,2026-09-04 19:01:10,transition_observed,sold,2,22000,"４名義中４番手のお譲り
プラベル出品可/全て２連当選/すり替えなし/該当名義/初期当選/当選名義下３桁提示/有効期限内/Pay-easy入金/着ブロ指定なし/サ...",True
j2rg2dgcrf,,milesixtones-2026,2026-11-07,17:00,ヤンマースタジアム長居,electronic,none,公演2日前にログイン情報お伝え,ぴまる,5.0,,QR,2026-07-29 10:45:07,,2026-09-04 19:01:10,,,listing,1,45000,"初期当選｜重複無し｜座席未定｜QRごとのお譲り｜すり替えなし｜下2桁お伝え可能｜公演中止の際、送料手数料を引いた金額返金可能
",True
fpz2b1dyli,,milesixtones-2026,2026-11-07,17:00,ヤンマースタジアム長居,electronic,none,当日,あぴ,5.0,,番手,2026-07-25 21:10:55,,2026-09-04 19:01:10,,,listing,1,21000,"6名義中4番手

プラベル出品可/初期当選/全て2連当選/すり替えなし/下3桁提示可/有効期限内/ペイジーまたはコンビニ入金/着ブロ指定なし/本人確認不可

【...",True
pz8clfz88s,,milesixtones-2026,2026-11-07,17:00,ヤンマースタジアム長居,electronic,female,同行,Lo,5.0,,同行番手,2026-07-29 02:39:02,,2026-09-04 19:01:10,2026-09-04 19:01:10,transition_observed,sold,2,25000,"2名義中2番手
すり替えなし/有効期限内/下3桁提示可
プライベート出品に変更するため購入前にコメントお願いします。

《条件》
・取引経験のある日本人女性のみ...",True
06cqi88ih7,,milesixtones-2026,2026-11-07,17:00,ヤンマースタジアム長居,electronic,female,同行,m,4.9,,同行ランダム,2026-07-24 08:47:11,,2026-09-04 19:01:10,2026-09-04 19:01:10,transition_observed,sold,2,40000,🌟すり替えなしランダム🌟すべて初期当選、有効期限内、着ブロなし、下3桁提示可能です。複数名義当選のため、開演時刻の2時間30分前までに会場付近に集合していた...,True
9e8ze7ox0o,,milesixtones-2026,2026-11-07,17:00,ヤンマースタジアム長居,electronic,female,同行,U,5.0,,番手,2026-08-19 22:17:02,,2026-09-04 19:01:10,,,listing,2,30000,"3名義中2番手
FC先行/初期当選/着ブロ指定なし/有効期限内/下3桁提示可/すり替えなし

プライベート出品、又はプラベルに変更可能です。ご希望の方はメッセー...",True
uii22nwwi9,,milesixtones-2026,2026-11-07,17:00,ヤンマースタジアム長居,electronic,female,同行,n,5.0,,番手同行,2026-07-24 13:29:09,,2026-09-04 19:01:10,,,listing,2,30000,"3名義中3番手/すり替えなし/着ブロなし/有効期限内/下3桁提示可
会場付近にて待ち合わせし、同時入場していただきます。
座席の選択権はございません。入場後一旦...",True
oaxmas0tn1,,milesixtones-2026,2026-11-07,17:00,ヤンマースタジアム長居,electronic,female,公演日前日にログイン情報お伝え,AIka,5.0,,QR,2026-08-05 08:50:03,,2026-09-04 19:01:10,,,listing,2,80000,"初期当選／QRごと／重複すり替えなし／会員番号下3桁提示可／有効期限内／発送物戻りなし／アリツ落選名義／着席希望なし

・ご購入いただいてすぐに下3桁ご提示いた...",True
kms0ky5itx,,milesixtones-2026,2026-11-07,17:00,ヤンマースタジアム長居,electronic,female,公演日前日にログイン情報提示,さき,5.0,,QR,2026-08-25 13:13:17,,2026-09-04 19:01:10,,,listing,2,40000,"QR毎/初期当選/入会後初めての当選/2連

初めての当選のため過去エラーなし
郵送物戻りなし
他グルにて同一名義でのエラー、本人確認などの履歴はございません。...",True
8lqyrxohq8,,milesixtones-2026,2026-11-07,17:00,ヤンマースタジアム長居,electronic,female,同行,m♪,5.0,,,2026-07-24 05:44:25,,2026-09-04 19:01:10,2026-09-04 19:01:10,transition_observed,sold,2,70000,"FC先行/有効期限名義のみ/アリツア落選名義/すり替えなし/下3桁提示可/条件あり

・3名義中2名義目のお譲りです。
・お席の選択に時間を頂きますので、ご了承...",True
6m5bb0pg2o,,milesixtones-2026,2026-11-07,17:00,ヤンマースタジアム長居,electronic,female,同行,A,5.0,,同行,2026-07-28 13:51:09,,2026-09-04 19:01:10,,,listing,1,35000,"座席未定/FC先行/有効期限内/当方(松村担)と同行/下3桁提示可能

・開場時間15分前を目処に集合して頂き同時に入場致します。集合時間場所等は前日までにご連...",True
fnfs958c3n,,milesixtones-2026,2026-11-07,17:00,ヤンマースタジアム長居,electronic,female,同行,ぴぴぴ,5.0,,ランダム,2026-07-24 10:32:11,,2026-09-04 19:01:10,,,listing,1,24000,"プラベルにて出品致しますので、購入希望の方はメッセージお願いいたします。
少数ランダム 開場20分前に待ち合わせ
同時入場後一旦チケットを回収し当方が座席を確認...",True
i0flo3vjzp,,milesixtones-2026,2026-11-07,17:00,ヤンマースタジアム長居,electronic,female,同行,R,5.0,,番手,2026-07-26 02:24:32,,2026-09-04 19:01:10,,,listing,2,30000,"3名義中3番手/すり替えなし/下3桁提示可/初期当選/有効期限内/着ブロ希望なし/MILESixTONESアリツア落選名義

当日は開場15分前ごろに集合し、同...",True
2mmvmyc1l2,,milesixtones-2026,2026-11-07,17:00,ヤンマースタジアム長居,electronic,female,当日手渡し,☆,5.0,,ランダム,2026-07-24 16:35:11,,2026-09-04 19:01:10,,,listing,2,15000,"FC先行初期当選/少人数ランダム/開演30分前渡し

開場30分前目処に集合、同時入場していただきます。
如何なる理由の遅刻であっても待たずに入場致しますのでご...",True
83375fddj7,,milesixtones-2026,2026-11-07,17:00,ヤンマースタジアム長居,electronic,female,同時入場,🐶,5.0,,番手,2026-07-26 23:00:45,,2026-09-04 19:01:10,,,listing,2,24000,"【3名義中3番手】
※ ご購入者様にお席の選択権はございません

○当日は開場10分前に集合し同時入場をお願いします。 同時入場後全てのチケットを回収し、当方が...",True
baomd618ul,,milesixtones-2026,2026-11-07,17:00,ヤンマースタジアム長居,electronic,female,公演前日にログイン情報を共有,あ,5.0,,QR,2026-07-24 08:21:16,,2026-09-04 19:01:10,,,listing,2,60000,"
初期当選/2枚QR毎/重複すり替えなし/会員番号下3桁提示可/有効期限内/発送物戻りなし/クレカ決済(同一クレカ決済なし)/アリツ落選・前回スタンド名義

メ...",True
v1y4c3d4zr,,milesixtones-2026,2026-11-07,17:00,ヤンマースタジアム長居,electronic,female,同行,m,4.9,,同行ランダム,2026-07-24 08:50:45,,2026-09-04 19:01:10,,,listing,1,24000,"複数名義当選のため、開演時刻の2時間30分前までに会場付近に集合していただき、同時入場後、一旦チケットを回収してこちらで先に座席選択させていただきます。
複数の...",True
iwvj4y6p6b,,milesixtones-2026,2026-11-07,17:00,ヤンマースタジアム長居,electronic,female,同行,U,5.0,,同行,2026-07-24 09:01:56,,2026-09-04 19:01:10,2026-09-04 19:01:10,transition_observed,sold,1,38000,"重複無し当方との同行(松村担×)
アリツア落選名義/前回前々回スタンド席/すり替えなし/下3桁提示可/有効期限内名義

公演当日、会場付近にて待ち合わせを行い同...",True
qevqgwcxdf,,milesixtones-2026,2026-11-07,17:00,ヤンマースタジアム長居,electronic,none,同行,らんらん,5.0,,番手,2026-07-25 03:18:08,,2026-09-04 19:01:10,2026-09-04 19:01:10,transition_observed,sold,2,23000,"FC先行6名義中5番手 有効期限内名義すり替えなし下
3桁提示可
* ﻿公演当日開場時間前に会場付近にて待ち合わせし、同時入場していただきます。
* ﻿座席に関...",True
2pmre2b758,,milesixtones-2026,2026-11-07,17:00,ヤンマースタジアム長居,electronic,female,3名義中2番手,み,5.0,,番手,2026-07-24 15:21:18,,2026-09-04 19:01:10,,,listing,2,35000,"3名義中2番手/下三桁提示可能/有効期限内/初期当選/すり替えなし/サイチェン可
・3名義中2番手のお渡しです。
連番で購入の場合、入場の際は連番相手の方と別れ...",True
27t3jsttic,,milesixtones-2026,2026-11-07,17:00,ヤンマースタジアム長居,electronic,female,同行,ぴか,5.0,,同行,2026-07-29 11:46:37,,2026-09-04 19:01:10,,,listing,1,35000,"※プラベル出品に切り替えますので、担当記載の上コメントください。

重複すり替えなし、初期当選、本人確認不可。ジェシー担不可。いかなる場合も返金なし、サイチェン...",True
1zyelne1zl,,milesixtones-2026,2026-11-07,17:00,ヤンマースタジアム長居,electronic,female,同行,ちゃむ,5.0,,同行番手,2026-07-24 16:40:09,,2026-09-04 19:01:10,,,listing,1,60000,"2名義中1番手同行/松村担不可/下三桁提示可能/着ブロ希望無し/有効期限内/初期当選/すり替えなし/本人確認不可/サイチェン可

・2名義中1番手の同行です。チ...",True
d4heb0cinb,,milesixtones-2026,2026-11-07,17:00,ヤンマースタジアム長居,paper,female,当日手渡し,꒰՞ ɞ̴̶̷ ࡇ ɞ̴̶̷ ՞꒱,5.0,,QR番手,2026-07-25 10:09:52,,2026-09-04 19:01:10,,,listing,2,40000,"4名義中2番手。
複数名義当選のため、開演時刻の2時間30分前までに会場付近に集合していただき、同時入場後、一旦チケットを回収してこちらで先に座席選択させていた...",True
bnykt4vi7p,,milesixtones-2026,2026-11-07,17:00,ヤンマースタジアム長居,electronic,none,同行,R,5.0,,同行QR番手,2026-08-25 05:44:31,,2026-09-04 19:01:10,2026-09-04 19:01:10,transition_observed,sold,2,30000,"2名義中2番手 
ご購入の際はプラベル/プラベ出品にて再度出品いたしますので、コメント欄にて購入希望の旨お伝えください。

初期当選/全て2連当選/すり替えなし...",True
2nnsjcqbnd,,milesixtones-2026,2026-11-07,17:00,ヤンマースタジアム長居,electronic,female,同時入場,u,5.0,,番手,2026-07-25 14:07:57,,2026-09-04 19:01:10,2026-09-04 19:01:10,transition_observed,sold,2,19000,"4名義中4番手/すり替えなし/下3桁提示可能/有効期限内名義

プライベート出品に切り替えますので
お取引希望の方はメッセージお願いいたします。

ご購入前に必...",True
qs52nxp8m5,,milesixtones-2026,2026-11-07,17:00,ヤンマースタジアム長居,electronic,none,同行,らんらん,5.0,,同行,2026-07-25 03:17:21,,2026-09-04 19:01:10,,,listing,2,20000,"FC先行6名義中6番手 有効期限内名義すり替えなし下
3桁提示可
* ﻿公演当日開場時間前に会場付近にて待ち合わせし、同時入場していただきます。
* ﻿座席に関...",True
njxohs9lel,,milesixtones-2026,2026-11-07,17:00,ヤンマースタジアム長居,electronic,female,公演日2~3日前までにQRコード共有,まる,5.0,,QR,2026-07-24 09:32:12,,2026-09-04 19:01:10,2026-09-04 19:01:10,transition_observed,sold,2,35000,"該当名義 変更ボタンあり 有効期限内 下3桁提示可能　

如何なる場合であっても、買い手様の都合によるキャンセル等、返金を致しかねますのでご了承ください。
",True
jxjg6y0ebd,1784885898158,milesixtones-2026,2026-11-07,17:00,ヤンマースタジアム長居,electronic,female,公演日前日までにログイン情報お伝え,Y,5.0,,QR,2026-07-24 09:38:18,,2026-09-04 18:01:17,2026-09-04 13:01:12,transition_observed,sold,2,35000,"QR毎/初期当選/下3桁提示可/有効期限内/着ブロ指定なし/発送物戻りなし

公演日前日になりましたらログイン情報をお伝えします。入場後は速やかにログアウトと受...",True
wx63wczil6,,milesixtones-2026,2026-11-07,17:00,ヤンマースタジアム長居,electronic,female,公演日前日ログイン情報提示、初期当選、QR毎、重複すりかえ無し、下3桁提示可能、有効期限内,ず,5.0,,QR,2026-08-09 09:48:46,,2026-09-04 19:01:10,,,listing,2,50000,"プライベート出品切り替え可能です。
公演前日夜にログインに必要な情報をお伝えします。
当日は速やかにログアウト･受取報告をお願いいたします。
座席に関するクレー...",True
41l1vr013p,,milesixtones-2026,2026-11-07,17:00,ヤンマースタジアム長居,electronic,female,会場付近で待ち合わせし同時入場,れに,5.0,,番手,2026-07-28 10:38:11,,2026-09-04 19:01:10,,,listing,2,35000,"FC先行座席未定3名義中3番手すり替えなし/着
ブロ希望名義無／有効期限内／下3桁提示可能
会場付近にて待ち合わせし、同時入場していただきます。
詳しい待ち合わ...",True
7120qzndgr,,milesixtones-2026,2026-11-07,17:00,ヤンマースタジアム長居,electronic,female,会場付近で集合し、同時入場,れに,5.0,,番手,2026-07-28 10:34:29,,2026-09-04 19:01:10,,,listing,2,45000,"FC先行座席未定3名義中2番手すり替えなし/着
ブロ希望名義無／有効期限内／下3桁提示可能
会場付近にて待ち合わせし、同時入場していただきます。
詳しい待ち合わ...",True
ltell4smi4,1787369720010,milesixtones-2026,2026-11-07,17:00,ヤンマースタジアム長居,electronic,female,同時入場,R,5.0,,番手,2026-08-22 03:35:20,,2026-09-04 19:01:10,,,deleted,2,36000,"3名義中2番手 
すり替えなし/下3桁開示可/サイチェン不可/初期当選 / 有効期限内 / 着ブロ指定なし/ 発送物戻りなし

下記内容をお読み頂き、了承して頂...",True
qdbfyxqv4t,,milesixtones-2026,2026-11-07,17:00,ヤンマースタジアム長居,electronic,female,公演日前日にログイン情報の共有,もちゅ,5.0,,QR,2026-07-24 05:50:22,,2026-09-04 19:01:10,,,listing,2,60000,"QR毎/初期当選/有効期限内/下3桁提示可/発送物戻りなし/着ブロ希望なし

公演日前日にログイン情報をお伝えします。

公演中止の場合のみ、手数料を引いた金額...",True
216eyfhon6,,milesixtones-2026,2026-11-07,17:00,ヤンマースタジアム長居,electronic,female,3名義中3番手,あ,5.0,,同行番手,2026-08-13 22:35:58,,2026-09-04 19:01:10,,,listing,1,20000,"3名義中3番手
FC先行/初期当選/着ブロ指定なし/有効期限内/下3桁提示可/すり替えなし

プライベート出品、又はプラベルに変更可能です。ご希望の方はメッセー...",True
q9hcjsa4gp,,milesixtones-2026,2026-11-08,17:00,ヤンマースタジアム長居,electronic,female,同行,なにぷり,5.0,,番手,2026-07-24 06:55:33,,2026-09-04 19:01:10,,,listing,2,50000,"3名義中2番手 全てアリツア落選名義
下三桁提示可能/すり替えなし/初期当選/有効期限内/サイチェン可

・公演当日は開場時間20~30分前に会場付近で待ち合わ...",True
uvmf6zw4xb,,milesixtones-2026,2026-11-08,17:00,ヤンマースタジアム長居,electronic,female,同行,m♪,5.0,,,2026-07-24 05:45:08,,2026-09-04 19:01:10,2026-09-04 19:01:10,transition_observed,sold,2,55000,"FC先行/有効期限名義のみ/アリツア落選名義/すり替えなし/下3桁提示可/条件あり

・3名義中3名義目のお譲りです。
・当方が選ばなかったチケットをお渡し致し...",True
zbi5hn9n25,,milesixtones-2026,2026-11-08,17:00,ヤンマースタジアム長居,electronic,female,同時入場,ss,5.0,,ランダム記載あり,2026-07-25 07:49:24,,2026-09-04 19:01:10,,,listing,2,20000,"※3名義中3番手の2連チケットです
FC先行/初期当選 / 座席未定 / 有効期限内名義 / すり替えなし / 会員番号下3桁提示可能

公演当日は当方の指定し...",True
fgqra8m7c2,,milesixtones-2026,2026-11-08,17:00,ヤンマースタジアム長居,electronic,female,同行,あ,5.0,,同行,2026-08-08 07:52:41,,2026-09-04 19:01:10,,,listing,1,30000,"同行/京本担不可//座種未定/初期当選/すり替えなし/下3桁掲示可/有効期限内/アリツア落選名義/過去エラー無し、発送物戻りなし/女性名義/
※プラベル移行も可...",True
dljrjwflym,,milesixtones-2026,2026-11-08,17:00,ヤンマースタジアム長居,electronic,female,当日手渡し,M,5.0,,番手,2026-07-24 06:10:09,,2026-09-04 19:01:10,2026-09-04 19:01:10,transition_observed,sold,2,25000,3名義3番手  すり替えなし 下3桁提示可,True
rwwz0txtir,,milesixtones-2026,2026-11-08,17:00,ヤンマースタジアム長居,electronic,female,同行,み,5.0,,ランダム,2026-07-24 07:21:43,,2026-09-04 19:01:10,2026-09-04 19:01:10,transition_observed,sold,1,12000," 初期当選　ランダム配布
・複数名義所持しております。入場後は一度チケットを全て回収させていただき、当方による座席選択後にランダムでチケットをお渡し致します。...",True
dyr8qe015p,,milesixtones-2026,2026-11-08,17:00,ヤンマースタジアム長居,electronic,female,公演前日ログイン情報の共有,ずみ,5.0,,QR,2026-07-27 00:24:59,,2026-09-04 19:01:10,,,listing,2,45000,"QR毎/2連番/初当選名義/有効期限内/下3桁提示可/同行者非会員

・公演日前日ログイン情報を共有
・入場後は速やかにログアウトをお願い致します。
・入場時点...",True
iihcnempm8,,milesixtones-2026,2026-11-08,17:00,ヤンマースタジアム長居,electronic,female,同行,たい,4.4,,番手,2026-07-24 08:05:39,,2026-09-04 19:01:10,,,listing,2,20000,"初期当選/有効期限内/該当名義/3名義中の3番手/下3桁提示可/着ブロ含まず/単番不可/20歳以下、学生、男性不可

・当日はこちらが指定した場所にて開場15分...",True
87tivbhn2a,,milesixtones-2026,2026-11-08,17:00,ヤンマースタジアム長居,electronic,female,同行,K,5.0,,同行,2026-08-15 10:37:47,,2026-09-04 19:01:10,,,listing,1,33000,"アリツア落選名義、初期当選、下3桁提示可、前回スタンド上段、郵送物戻りなし、同行者登録可能
・当方との同行。チケ渡し後サイチェン等可能ですが名義が傷つく行為はお...",True
tqunsr16vk,,milesixtones-2026,2026-11-08,17:00,ヤンマースタジアム長居,electronic,female,公演前日の情報共有,シカ,5.0,,ランダム記載あり,2026-08-25 04:20:02,,2026-09-04 19:01:10,,,listing,2,53000,"QR毎の2連お渡しになります。

初期当選/有効期限内名義/郵送物戻りなし/下3桁提示可能/アリツ落選名義/着ブロ指定なし

公演日前日に取引連絡ボードにてログ...",True
xd5ci0mtzz,,milesixtones-2026,2026-11-08,17:00,ヤンマースタジアム長居,electronic,female,同行,ひみ,5.0,,同行,2026-07-25 08:50:09,,2026-09-04 19:01:10,,,listing,1,40000,"当方（田中担）との同行/重複すり替えなし/初期当選/下3桁提示可/有効期限内/着ブロなし/トラブル防止のため田中担不可

プラベルにて再度出品いたしますので、お...",True
ddwmwhkkh8,,milesixtones-2026,2026-11-08,17:00,ヤンマースタジアム長居,electronic,female,ランダム配布,じゅ,5.0,,ランダム,2026-07-24 14:14:55,,2026-09-04 19:01:10,,,listing,2,22000,"⭐️少人数ランダム

お取引はプラベルにて行いますのでご購入の際はコメントいただきますようお願いいたします。

ご購入者様に発券のお手伝いをお願いする場合がござ...",True
d2f3k139by,,milesixtones-2026,2026-11-08,17:00,ヤンマースタジアム長居,electronic,female,同行,あ,5.0,,ランダム,2026-07-28 08:55:42,,2026-09-04 19:01:10,2026-09-04 19:01:10,transition_observed,sold,2,15000,"当日は開場の30分前頃に会場付近のこちらが指定した場所に集合していただきます。

入場後全てのチケットを回収させて頂き、当方が座席を選択した後にランダムでお渡し...",True
yge2h2ls2z,,milesixtones-2026,2026-11-08,17:00,ヤンマースタジアム長居,electronic,female,同行,ゆ,5.0,,番手,2026-07-24 14:20:59,,2026-09-04 19:01:10,,,listing,2,45000,"初期当選/有効期限内/すり替えなし/3名義中2番手/下3桁提示可/着ブロ含まず

・当日はこちらが指定した場所にて開場15分前に待ち合わせし、同時入場していただ...",True
0gxpppv3d1,,milesixtones-2026,2026-11-08,17:00,ヤンマースタジアム長居,electronic,female,4名義中4番手,pi,5.0,,番手,2026-07-26 15:07:40,,2026-09-04 19:01:10,,,listing,2,20000,"初期当選/4名義中4番手/アリツア落選名義/すり替えなし/下3桁提示可/有効期限内/配送物戻りなし/サイチェン可

・待ち合わせ場所や時間などの詳細は決まり次第...",True
uv0yhk7az2,,milesixtones-2026,2026-11-08,17:00,ヤンマースタジアム長居,electronic,female,4名義中2番手,は,5.0,,番手,2026-07-24 06:25:44,,2026-09-04 19:01:10,,,listing,2,50000,"ファンクラブ先行/有効期限内/すり替え無し /下3桁提示可 /


複数名義所持のため、他の方がチケットを選んだ後、4名義中2番目にチケットを配布します。
また...",True
x96bqugsyk,,milesixtones-2026,2026-11-08,17:00,ヤンマースタジアム長居,electronic,female,同行,り,5.0,,同行,2026-07-24 14:36:50,,2026-09-04 19:01:10,,,listing,1,60000,"2連中1枚当方と同行/重複すり替えなし/アリツ落選名義 YOスタンド/初期当選/下三桁提示可/有効期限内/着ブロなし
※プライベート出品しますので、ご購入希望の...",True
oc0lmt8xil,,milesixtones-2026,2026-11-08,17:00,ヤンマースタジアム長居,electronic,female,3名義中2番手,ぽ,5.0,,番手,2026-08-21 14:52:53,,2026-09-04 19:01:10,,,listing,2,40000,"3番手中2番手
すり替えなし、有効期限内、返送物なし
入金後下3桁提示致します

お取引はプラベルにて行います。

ご購入者様に発券のお手伝いをお願いする場合が...",True
sgrupw7cym,,milesixtones-2026,2026-11-08,17:00,ヤンマースタジアム長居,electronic,female,4名義中3番手,pi,5.0,,番手,2026-07-26 15:05:21,,2026-09-04 19:01:10,,,listing,2,30000,"初期当選/4名義中3番手/アリツア落選名義/すり替えなし/下3桁提示可/有効期限内/配送物戻りなし/サイチェン可

・待ち合わせ場所や時間などの詳細は決まり次第...",True
bqvvydbj0w,,milesixtones-2026,2026-11-08,17:00,ヤンマースタジアム長居,electronic,female,同行,JN,5.0,,同行,2026-08-08 01:47:47,,2026-09-04 19:01:10,,,listing,1,40000,"ジェシー担不可
4.5以下可能です。
専用出品もしくはプラベル出品致します。
重複/当方♀との同行／有効期限内／会員×会員/会員番号下3桁提示可
・入場後すぐに...",True
95gvdyqz27,,milesixtones-2026,2026-11-08,17:00,ヤンマースタジアム長居,electronic,female,同行,m,4.9,,同行ランダム,2026-07-24 08:51:41,,2026-09-04 19:01:10,,,listing,1,24000,"複数名義当選のため、開演時刻の2時間30分前までに会場付近に集合していただき、同時入場後、一旦チケットを回収してこちらで先に座席選択させていただきます。
複数の...",True
7x2dic35nu,,milesixtones-2026,2026-11-08,17:00,ヤンマースタジアム長居,electronic,female,同行,る,5.0,,同行番手,2026-07-24 13:06:22,,2026-09-04 19:01:10,,,listing,2,24550,"全て初期当選、FC先行、アリツア落選名義、3番手中3番手 、QR発券のため座席未定

松村名義×1、京本名義×2。全て有効期限内、ペイジー決済、着席ブロック希望...",True
07wwqc9sxk,,milesixtones-2026,2026-11-08,17:00,ヤンマースタジアム長居,electronic,female,2名義中2番手,あ,5.0,,番手,2026-07-25 02:59:54,,2026-09-04 19:01:10,,,listing,2,32000,"2名義中2番手 
初期当選/有効期限内/すり替えなし/下3桁提示可

当日会場にて待ち合わせ、同時入場していただきます。
入場の際、端末をお借りする場合がござい...",True
km0mrc29jh,,milesixtones-2026,2026-11-08,17:00,ヤンマースタジアム長居,electronic,female,同行,s,5.0,,ランダム同行,2026-07-24 09:48:54,,2026-09-04 19:01:10,,,listing,2,20000,"座席未定、少人数ランダム配布
🌟発券した座席次第ではすぐにお渡しいたします！
・2枚での購入の場合は2連でのお渡し可能です。
・プライベート出品に切り替えます...",True
cu5plphg26,,milesixtones-2026,2026-11-08,17:00,ヤンマースタジアム長居,electronic,female,公演日前日までにログイン情報共有,y,5.0,,QR,2026-07-24 06:00:53,,2026-09-04 19:01:10,,,listing,2,42000,初期当選、重複すり替え無し、下3桁提示可,True
44jvz6xfkp,,milesixtones-2026,2026-11-08,17:00,ヤンマースタジアム長居,electronic,female,同行,にゃにゃ,5.0,,同行,2026-08-01 15:45:42,,2026-09-04 19:01:10,,,listing,1,40000,"当方と同行/初期当選/重複/すり替えなし/下3桁表示可/ 有効期限内/着ブロ希望なし/サイチェン可/アリツ落選名義

・2連中の1枚当方（森本担 同担可）との同...",True
zqx59jkwqb,,milesixtones-2026,2026-11-08,17:00,ヤンマースタジアム長居,electronic,female,入金後24時間以内にQRコード共有,ま♡,5.0,,番手,2026-07-24 06:55:35,,2026-09-04 19:01:10,,,listing,2,0,"11/8 ヤンマースタジアム長居 
4名義中、2番手
初期当選/有効期限内/重複すり替え無し/下3桁提示可

公演当日は開演2時間30分前にこちらが指定する場所...",True
agfrlzhm8s,,milesixtones-2026,2026-11-08,17:00,ヤンマースタジアム長居,electronic,female,公演前日,Y,5.0,,QR,2026-07-25 05:46:49,,2026-09-04 19:01:10,,,listing,1,35000,"QR毎/初期当選/有効期限内/郵送物戻りなし/着ブロ希望なし/同一クレカなし/下3桁提示可

プライベート出品に切り替えますのでメッセージお願いいたします。
ロ...",True
8fdxk5724i,,milesixtones-2026,2026-11-08,17:00,ヤンマースタジアム長居,electronic,female,同行,m,4.9,,同行ランダム,2026-07-24 08:45:46,,2026-09-04 19:01:10,2026-09-04 19:01:10,transition_observed,sold,2,32000,🌟すり替えなしランダム🌟すべて初期当選、有効期限内、着ブロなし、下3桁提示可能です。複数名義当選のため、開演時刻の2時間30分前までに会場付近に集合していた...,True
sh5lzo2fm8,,milesixtones-2026,2026-11-08,17:00,ヤンマースタジアム長居,electronic,female,同行,N,5.0,,番手,2026-08-12 10:09:56,,2026-09-04 19:01:10,,,listing,2,26000,"3名義中3番手

初期当選/全てアリツア落選名義",True
3ydfd5h82t,,milesixtones-2026,2026-11-08,17:00,ヤンマースタジアム長居,electronic,female,同行,m,5.0,,同行記載あり,2026-07-24 15:24:10,,2026-09-04 19:01:10,,,listing,1,60000,"１名義のみの同行です。
⚠︎髙地担不可
初期当選/有効期限内/着ブロ希望なし/下3桁提示可/重複すり替えなし
プラベル通しに切り替えますのでご希望の方は一度ご連...",True
s8qexvlnzz,,milesixtones-2026,2026-11-08,17:00,ヤンマースタジアム長居,electronic,female,同行,M,5.0,,同行,2026-08-03 17:06:52,,2026-09-04 19:01:10,,,listing,1,32500,"アリツア落選名義/重複すり替えなし/着ブ
口希望なし/下3桁提示可能｜有効期限内

プラベル可能です。ご連絡お願いします。
受け取り評価は開演前までにお願いいた...",True
ifmire8z7d,,milesixtones-2026,2026-11-08,17:00,ヤンマースタジアム長居,electronic,female,同行,a,5.0,,番手,2026-07-25 09:40:35,,2026-09-04 19:01:10,,,listing,2,27000,FC先行／初期当選／座席未定／2名義中2番手／すり替えなし／下3桁提示可／着ブロ希望なし／エラー、郵送物戻りなし／有効期限内名義／アリツア落選、過去歴スタンド席...,True
55vozdxj1x,,milesixtones-2026,2026-11-08,17:00,ヤンマースタジアム長居,electronic,female,ランダム配布,my,5.0,,ランダム,2026-07-24 10:17:02,,2026-09-04 19:01:10,,,listing,1,18000,"⭐️ランダム配布⭐️中相場買取可⭐️

複数名義所持の為、入場後チケットを回収させていただき、座席選択後にランダムにチケットを配布させていただきます。
座席選択...",True
7oqghvzzz1,,milesixtones-2026,2026-11-08,17:00,ヤンマースタジアム長居,electronic,female,同時入場,u,5.0,,番手,2026-07-26 03:21:35,,2026-09-04 19:01:10,,,listing,1,20000,"4名義中4番手/すり替えなし/下3桁提示可能/有効期限内名義

プライベート出品に切り替えますので
お取引希望の方はメッセージお願いいたします。

ご購入前に必...",True
keu15pnnh2,,milesixtones-2026,2026-11-08,17:00,ヤンマースタジアム長居,electronic,female,公演日前日までにログイン情報共有,ふくちゃん,5.0,,QR,2026-07-24 10:26:02,,2026-09-04 19:01:10,,,listing,1,45000,"QR毎/初期当選/アリツア落選名義/重複すり替えなし/着ブロ希望なし/下3桁提示可能｜有効期限内/発送物戻りなし

公演前日にログインに必要な情報をお伝えします...",True
pk4uvo4dl0,,milesixtones-2026,2026-11-08,17:00,ヤンマースタジアム長居,electronic,female,公演前日QRコード共有,な,5.0,,QR,2026-07-29 17:43:55,,2026-09-04 19:01:10,,,listing,2,43000,"QR毎でのお譲り
初期当選//下３桁提示可/重複すり替えなし/着ブロ希望なし/有効期限内//郵便戻りなし/アリツア落選名義

プラベル出品移行可
公演前日にログ...",True
mb05zhi3c7,,milesixtones-2026,2026-11-08,17:00,ヤンマースタジアム長居,electronic,female,ランダム,ぽ,5.0,,ランダム,2026-08-07 23:15:52,,2026-09-04 19:01:10,,,listing,1,11000,"💫超少人数ランダム
💫中相場買取可能

お取引はプラベルにて行いますのでご購入の際はコメントいただきますようお願いいたします。
チケテンご希望の場合は手数料...",True
qc2146lrqh,,milesixtones-2026,2026-11-08,17:00,ヤンマースタジアム長居,electronic,female,同行,negi,5.0,,ランダム,2026-07-24 09:52:45,,2026-09-04 19:01:10,,,listing,1,12000,"【ランダム配布】少人数ランダム  10分前のお渡し 初期当選のみ

【下記注意事項を必ずご一読ください】
※公演当日、当方と同時入場をしていただきます。
※入場...",True
lxkiwxhmga,,milesixtones-2026,2026-11-08,17:00,ヤンマースタジアム長居,electronic,female,同行,✩,5.0,,ランダム,2026-08-01 06:23:13,,2026-09-04 19:01:10,,,listing,2,15000,当日は開場時間の15~30分前頃にこちらが指定した場所に集合していただき同時入場後、先に当方が座席選択した後チケットをランダムにお渡しします。座席は選択できませ...,True
xak84utgiy,,milesixtones-2026,2026-11-08,17:00,ヤンマースタジアム長居,electronic,female,4名義中4番手,は,5.0,,番手,2026-07-24 07:06:23,,2026-09-04 19:01:10,,,listing,2,0,"ファンクラブ先行/有効期限内/すり替え無し /下3桁提示可 /


複数名義所持のため、他の方がチケットを選んだ後、4名義中4番目にチケットを配布します。購入者...",True
5q7dxh4bz7,,milesixtones-2026,2026-11-08,17:00,ヤンマースタジアム長居,electronic,female,同行,か,5.0,,番手,2026-07-26 21:34:03,,2026-09-04 19:01:10,,,listing,2,28000,"FC先行 2名義中2番手 座席未定 有効期限内名義 すり替えなし 下3桁提示可 着ブロ希望なし エラー、郵送物戻りなし

・公演当日開場時間前に会場付近にて待ち...",True
48b9yudpg9,,milesixtones-2026,2026-11-08,17:00,ヤンマースタジアム長居,electronic,female,同時入場,Ｊ,5.0,,番手,2026-07-24 12:06:34,,2026-09-04 19:01:10,,,listing,2,21000,"４名義中４番手のお譲り
プラベル出品可/全て２連当選/すり替えなし/該当名義/初期当選/当選名義下３桁提示/有効期限内/Pay-easy入金/着ブロ指定なし/サ...",True
l9t4ota32m,,milesixtones-2026,2026-11-08,17:00,ヤンマースタジアム長居,electronic,female,公演前日QRコード共有,🍒,5.0,,QR,2026-08-11 13:35:03,,2026-09-04 19:01:10,,,listing,2,43000,"プライベート出品に変更致しますので、購入希望の方はコメントお願い致します。

またご希望であればプラベルにて出品も可能です。お声掛けください。

初期当選/アリ...",True
ww4qi3z5jk,,milesixtones-2026,2026-11-08,17:00,ヤンマースタジアム長居,electronic,female,QR毎,k,5.0,,ランダム,2026-07-24 12:13:13,,2026-09-04 19:01:10,2026-09-04 19:01:10,transition_observed,sold,2,20000,"少数ランダム配布

前日までに集合場所をメッセージにてお送りいたします。
会場1時間前までに来ていただき、こちらがお渡しする端末でQR入場していただきます。
そ...",True
zfytk71ieq,,milesixtones-2026,2026-11-08,17:00,ヤンマースタジアム長居,electronic,female,同行,♡,5.0,,番手,2026-07-25 11:52:44,,2026-09-04 19:01:10,,,listing,2,25000,"3名義中3番手/すり替えなし/初期当選/有効期限内/下3桁提示可/サイチェン可

・開場15分前を目安に指定の場所にお越しください。詳しい場所と時間は前日にご連...",True
gglqjz6r2q,,milesixtones-2026,2026-11-08,17:00,ヤンマースタジアム長居,paper,female,当日手渡し,あ,5.0,,番手,2026-08-26 16:32:41,,2026-09-04 19:01:10,,,listing,2,25000,"FC先行 3名義中3番手 初期当選 座席未定 すり替えなし 2連 有効期限内 下3桁提示可 発送物戻りなし

公演当日は開場時間までに会場付近にて待ち合わせし、...",True
qwpc6ur1bt,,milesixtones-2026,2026-11-08,17:00,ヤンマースタジアム長居,electronic,female,同行,⭐︎,5.0,,番手,2026-08-03 09:33:32,,2026-09-04 19:01:10,,,listing,2,36000,"５名義中３番手
有効期限内、下三桁提示可、すり替えなし

・複数の方にお集まり頂くため時間厳守でお願いします。購入者様が大幅に時間が遅れてしまう場合、待たずに入...",True
njz5ihy3xm,,milesixtones-2026,2026-11-08,17:00,ヤンマースタジアム長居,electronic,female,同行,U,5.0,,ランダム,2026-08-04 01:51:57,,2026-09-04 19:01:10,,,listing,2,16000,【入場時ランダムエラーの場合の全額返金保証、立見なし】ランダムのお渡しとなり、購入者様の座席選択権はありませんことご理解下さい。(連番での落札は必ず連番のお譲り...,True
ie31d03zts,,milesixtones-2026,2026-11-08,17:00,ヤンマースタジアム長居,electronic,female,同行,は,5.0,,番手,2026-07-24 15:26:46,,2026-09-04 19:01:10,,,listing,2,22000,"3名義中3番手 すり替えなし 下3桁提示可能 期限内名義 

開演1時間半前頃に会場付近にて待ち合わせの上同時入場致します。
遅刻された場合も受け取りしていただ...",True
9cqwriovpl,,milesixtones-2026,2026-11-08,17:00,ヤンマースタジアム長居,electronic,female,QR毎/有効期限内FC,mi,5.0,,QR,2026-07-25 06:58:17,,2026-09-04 19:01:10,,,listing,2,50000,"プラベルにて再度出品いたしますので、お取引希望の方はメッセージにてご連絡ください。

【条件あり】
前日、または当日ログイン情報を連絡します。当日集合していただ...",True
kmlnanhvp7,,milesixtones-2026,2026-11-08,17:00,ヤンマースタジアム長居,electronic,female,同行,なにぷり,5.0,,番手,2026-07-24 06:57:00,,2026-09-04 19:01:10,,,listing,2,35000,"3名義中3番手 全てアリツア落選名義
下三桁提示可能/すり替えなし/初期当選/有効期限内/サイチェン可

・公演当日は開場時間20~30分前に会場付近で待ち合わ...",True
fzoo6j4w6t,,milesixtones-2026,2026-11-08,17:00,ヤンマースタジアム長居,electronic,male,2名義中2番手,ぴ,5.0,,番手,2026-07-25 17:12:56,,2026-09-04 19:01:10,,,listing,2,23000,"初期当選/有効期限内/2名義中2番手/下3桁提示可/すり替えなし

当日はこちらが指定した場所に開場20～30分前に集合し、同時入場していただきます。
入場後、...",True
1slo34u7fz,,milesixtones-2026,2026-11-08,17:00,ヤンマースタジアム長居,electronic,female,同行,mt,5.0,,同行,2026-07-24 15:27:42,,2026-09-04 19:01:10,,,listing,1,50000,"プライベート出品orプラベル出品にしますので購入前に一言お願いいたします。

有効期限内/YOスタンド.アリツ落選名義/下三桁提示可能/有効期限内/初期当選/重...",True
anuveylrea,,milesixtones-2026,2026-11-08,17:00,ヤンマースタジアム長居,electronic,female,同行,高菜,4.6,,番手,2026-07-24 19:40:16,,2026-09-04 19:01:10,,,listing,2,30000,"2名義中2番手

初期当選/有効期限内/すり替えなし/下3桁提示可能/2名義ともアリーナ落選 前回当選時スタンド席名義

〇公演中止以外の返金、キャンセル
（ラ...",True
d4vtnphui7,,milesixtones-2026,2026-11-08,17:00,ヤンマースタジアム長居,electronic,female,公演前日ログイン情報共有,M,5.0,,QR,2026-07-26 08:00:00,,2026-09-04 19:01:10,,,listing,2,54900,"QR毎 初期当選 下3桁提示可 重複すり替えなし 有効期限内 同行者登録可 着ブロ指定なし 発送物戻りなし アリツア落選名義

公演前日にログイン情報をお伝えい...",True
nmw05c1avt,,milesixtones-2026,2026-11-08,17:00,ヤンマースタジアム長居,electronic,female,2名義中2番手,り,4.6,,番手,2026-07-24 09:54:37,,2026-09-04 19:01:10,2026-09-04 19:01:10,transition_observed,sold,2,45000,"2名義中2番手/初期当選/着ブロなし/期限内名義
【必ずお読みください】
・﻿﻿開場30分前を目処に会場付近に集合し同時入場していただきます。詳しい集合時間、場...",True
ccixgsf1qi,,milesixtones-2026,2026-11-08,17:00,ヤンマースタジアム長居,electronic,female,同行,TK,5.0,,番手,2026-07-24 16:54:43,,2026-09-04 19:01:10,,,listing,2,29000,"初期当選/2名義中2番手/有効期限内／すり替えなし/下3桁提示可能/本人確認対応不可

頻繁に連絡が取れ、時間をお守りいただける方、日本語のわかる女性の方のみ...",True
6kefuq46ai,,milesixtones-2026,2026-11-08,17:00,ヤンマースタジアム長居,electronic,female,同行,M,5.0,,番手,2026-07-24 16:22:16,,2026-09-04 19:01:10,2026-09-04 19:01:10,transition_observed,sold,2,60000,"2名義中2番手/初期当選/着ブロなし/期限内名義/すり替えなし/下3桁提示可
【必ずお読みください】
・﻿﻿開演1時間前を目処に会場付近に集合し同時入場していた...",True
gedcuv9mbo,,milesixtones-2026,2026-11-08,17:00,ヤンマースタジアム長居,electronic,female,同行,な,5.0,,番手,2026-08-02 13:17:07,,2026-09-04 19:01:10,,,listing,2,25000,"初期当選/ 2名義中2番手/サイチェン可/すり替え無し/着ブロ希望なし/同一クレカ決済なし/下3桁提示可/有効期限内/

・公演当日会場付近にて開場10〜20分...",True
01sbrplw4a,,milesixtones-2026,2026-11-08,17:00,ヤンマースタジアム長居,electronic,female,2名義中2番手,みる,5.0,,番手,2026-07-29 11:45:31,,2026-09-04 19:01:10,,,listing,2,35000,"初期当選/2名義中2番手/下3桁提示可/すり替えなし

・公演当日は開場15分前を目安に集合、同時入場をしていただきます。万が一、遅刻された場合は待たずに入場さ...",True
0em2nun014,,milesixtones-2026,2026-11-08,17:00,ヤンマースタジアム長居,electronic,female,2名義中2番手,0,5.0,,番手,2026-08-01 18:27:58,,2026-09-04 19:01:10,,,listing,2,24000,"2名義中2番手/初期当選/有効期限内/すり替えなし/着ブロ希望なし/下3桁提示可

・当日は会場付近で待ち合わせをし、同時入場していただきます。待ち合わせ場所や...",True
t65dr1xamx,,milesixtones-2026,2026-11-08,17:00,ヤンマースタジアム長居,electronic,female,当日,てむ,5.0,,QR,2026-07-28 08:04:17,,2026-09-04 19:01:10,2026-09-04 19:01:10,transition_observed,sold,1,40000,"初期当選/1枚QR毎/重複すり替えなし/会員番号下3桁提示可/有効期限内/アリツ落選

・公演当日、会場付近にて待ち合わせを行い同時入場していただきます。
・入...",True
d7dpmzgbh1,,milesixtones-2026,2026-11-08,17:00,ヤンマースタジアム長居,electronic,female,公演日前日までにログイン情報共有,kuromi.,5.0,,QR,2026-07-25 08:23:39,,2026-09-04 19:01:10,,,listing,2,65000,"QR毎/FC先行座席未定/すり替えなし/下3桁提示可/初期当選/有効期限内/着ブロ希望なし/MILESixTONESアリツア落選

公演日前日にログイン情報をお...",True
gyfoeqt5w3,,milesixtones-2026,2026-11-08,17:00,ヤンマースタジアム長居,electronic,female,同時入場後受け渡し,🩷,5.0,,番手,2026-08-13 14:24:10,,2026-09-04 19:01:10,,,listing,1,37000,"⭐️2名義中2番手
初期当選/すり替えなし/有効期限内/下3桁提示可能/発送戻りなし/全てアリツア落選名義


・公演当日は開場15分前を目処に会場付近にてお待...",True
yr2wkcmydb,,milesixtones-2026,2026-11-08,17:00,ヤンマースタジアム長居,electronic,female,同行,たい,4.4,,番手,2026-07-24 08:04:14,,2026-09-04 19:01:10,,,listing,2,30000,"初期当選/有効期限内/3名義中の2番手/下3桁提示可/着ブロ含まず/単番不可/未成年、学生、男性不可

・当日はこちらが指定した場所にて開場時間あたりに待ち合わ...",True
q5wnku21sv,,milesixtones-2026,2026-11-08,17:00,ヤンマースタジアム長居,electronic,female,同行,f,5.0,,番手,2026-07-24 12:15:20,,2026-09-04 19:01:10,,,listing,2,37000,"座席未定  2名義中2番手 初期当選 下3桁提示可能

・当日、開場時間の【30分前】に会場近くで集合をお願い致します。詳細は追って待ち合わせ場所、詳しい時間等...",True
yqd0cve2i4,,milesixtones-2026,2026-11-08,17:00,ヤンマースタジアム長居,electronic,female,4名義中3番手,み,5.0,,番手,2026-07-24 15:18:11,,2026-09-04 19:01:10,,,listing,2,20000,"4名義中3番手/下三桁提示可能/有効期限内/初期当選/すり替えなし/サイチェン不可
・4名義中3番手のお渡しです。
連番で購入の場合、入場の際は連番相手の方と別...",True
qrqt97e61j,,milesixtones-2026,2026-11-08,17:00,ヤンマースタジアム長居,electronic,female,同行,R,5.0,,同行番手,2026-07-26 18:20:36,,2026-09-04 19:01:10,,,listing,2,30000,"初期当選/2名義中2番手/有効期限内/すり替えなし/下3桁提示可能/本人確認対応不可

ブラベルにて専用出品させていただきますので、購入前にコメントください。...",True
5pnrkpfo6y,,milesixtones-2026,2026-11-08,17:00,ヤンマースタジアム長居,electronic,female,同行,あー,5.0,,番手,2026-08-18 03:32:48,,2026-09-04 19:01:10,2026-09-04 19:01:10,transition_observed,sold,2,25000,"2名義中2番手/初期当選/初当選名義/有効期限内/郵便物戻りなし/着席ブロック指定なし/下3桁提示可

公演前日までに集合時間等の詳細を連絡ボードにてご連絡致し...",True
edmtvjyifi,,milesixtones-2026,2026-11-08,17:00,ヤンマースタジアム長居,electronic,female,同行,り,4.6,,同行,2026-07-24 09:56:15,,2026-09-04 19:01:10,2026-09-04 19:01:10,transition_observed,sold,1,65000,"2名義中1番手/初期当選/着ブロなし/期限内名義
【必ずお読みください】
・﻿﻿開場30分前を目処に会場付近に集合し同時入場していただきます。詳しい集合時間、場...",True
j7og23qa2m,,milesixtones-2026,2026-11-08,17:00,ヤンマースタジアム長居,electronic,female,公演前日までにログイン情報共有,ま,5.0,,QR,2026-07-24 15:01:31,,2026-09-04 19:01:10,2026-09-04 19:01:10,transition_observed,sold,2,40000,"QR毎/2連/下3桁提示可/重複無し/着ブロ指定なし/初期当選/有効期限内/発送物戻り無し

【過去当選歴】YOUNG OLDスタンドのみ

前日夜までに連絡ボ...",True
j55obefmei,,milesixtones-2026,2026-11-08,17:00,ヤンマースタジアム長居,electronic,female,公演日前日にQRコード共有,ま,5.0,,QR,2026-07-24 05:53:15,,2026-09-04 19:01:10,,,listing,2,42000,"プラベル出品 連番 QR毎のお渡しになります。

初期当選/有効期限内名義/アリツ落選名義/下3桁提示可能/コンビニ入金済み/着ブロ指定なし/郵送物戻りなし...",True
psneoefju0,,milesixtones-2026,2026-11-08,17:00,ヤンマースタジアム長居,electronic,female,同行,su,5.0,,ランダム,2026-07-25 23:42:44,,2026-09-04 19:01:10,,,listing,2,18000,"2連 / 少人数ランダム配布 / プライベート出品に変更するため、ご希望の方はご年齢明記の上、メッセージください。

ご質問等ございましたらご連絡ください。...",True
6nr7sf79au,,milesixtones-2026,2026-11-08,17:00,ヤンマースタジアム長居,electronic,female,同行,R,5.0,,同行,2026-07-28 13:18:29,,2026-09-04 19:01:10,,,listing,1,50000,"重複なし同行　下3提示可　有効期限内名義
・公演当日は開場時間15分前に会場付近で待ち合わせをし、同時入場していただきます。
・待ち合わせ場所、詳しい時間等は公...",True
h4n0jpza48,,milesixtones-2026,2026-11-08,17:00,ヤンマースタジアム長居,electronic,none,同行,紅葉,5.0,,番手,2026-07-27 08:06:38,,2026-09-04 19:01:10,,,listing,2,20000,"5名義中4番手　即決：2.0/枚

2.0プラベル通し、残高(2.0)当日手渡し

プラベルにて出品致しますので、購入希望の方はメッセージをお願いいたします。...",True
e7qi1d2qfb,,milesixtones-2026,2026-11-08,17:00,ヤンマースタジアム長居,electronic,female,同行,り,5.0,,同行番手,2026-07-24 11:39:23,,2026-09-04 19:01:10,,,listing,2,40000,"4名義重複/2番手2連/座種未定/初期当選/すり替えなし/下3桁提示可能/公演日有効期限内

※開示懸念のため1部サイト優先。
お話まとまり次第専用またはプラベ...",True
cao2x7lwep,,milesixtones-2026,2026-11-08,17:00,ヤンマースタジアム長居,electronic,female,QR毎,k,5.0,,QR,2026-07-24 06:44:51,,2026-09-04 19:01:10,,,listing,2,50000,"2名義中2番手
QR毎/初期当選/アリツア落選名義/重複すり替えなし/着ブロ希望なし/有効期限内

前日までに集合場所をメッセージにてお送りいたします。
会場1...",True
ot4lca8aac,,milesixtones-2026,2026-11-08,17:00,ヤンマースタジアム長居,electronic,female,公演当日にQRコード共有,A,5.0,,QR,2026-08-15 18:51:46,,2026-09-04 19:01:10,,,listing,2,60000,"VVS下段後列/YO上段/アリツア落選
★チケホル登録あり

QR毎/初期当選/有効期限内/重複すり替えなし/着ブロなし/下3桁提示可/郵送物戻りなし/過去エラ...",True
6bi30s8mir,,milesixtones-2026,2026-11-08,17:00,ヤンマースタジアム長居,electronic,female,4名義中2番手,pi,5.0,,番手,2026-07-25 07:58:50,,2026-09-04 19:01:10,,,listing,2,43000,"
初期当選/4名義中2番手/アリツア落選名義/すり替えなし/下3桁提示可/有効期限内/配送物戻りなし

・待ち合わせ場所や時間などの詳細は決まり次第ご連絡いたし...",True
ne0qfnztnk,,milesixtones-2026,2026-11-08,17:00,ヤンマースタジアム長居,electronic,none,少人数ランダム(2名義での入場) サイチェン可 中相場買取可,☆,5.0,,ランダム,2026-07-24 07:13:22,,2026-09-04 19:01:10,,,listing,1,15000,"同時入場後チケットを一度回収しこちらでチケットを選んだ後、ランダム配布いたします。そのため座席はお選びいただけません。
お渡しまでにお時間をいただく可能性がござ...",True
0zr6sg3z27,,milesixtones-2026,2026-11-08,17:00,ヤンマースタジアム長居,electronic,female,同行,る,5.0,,番手同行,2026-07-24 12:55:11,,2026-09-04 19:01:10,,,listing,2,30050,"全て初期当選、FC先行、アリツア落選名義、3番手中2番手 、QR発券のため座席未定

松村名義×1、京本名義×2。全て有効期限内、ペイジー決済、着席ブロック希望...",True
8z40hqedav,,milesixtones-2026,2026-11-08,17:00,ヤンマースタジアム長居,electronic,female,同行,A,5.0,,ランダム,2026-07-28 15:24:12,,2026-09-04 19:01:10,,,listing,2,15000,"複数名義所持の為、同時入場発券後、こちらで座席確認後のランダム配布となります。

発券後はチケットを回収し座席の確認にお時間いただく可能性がございます為、一度解...",True
60fc97erzf,,milesixtones-2026,2026-11-08,17:00,ヤンマースタジアム長居,electronic,none,同行　,。,5.0,,同行番手,2026-07-26 23:18:54,,2026-09-04 19:01:10,,,listing,2,23000,"STFC先行　座席未定　
2名義中2番手アリツ落選名義　全名義有効期限内　2名義分の下3桁提示可能　同一クレカ決済なし　すり替えなし　着ブロなし　サイチェン可...",True
300qk9fh7d,,milesixtones-2026,2026-11-08,17:00,ヤンマースタジアム長居,electronic,female,ランダム配布,M,5.0,,ランダム,2026-07-24 06:02:08,,2026-09-04 19:01:10,,,listing,2,16000,"【少人数ランダム配布】上乗せで1時間前渡し・30分前渡し検討可能。全て初期当選、会員有効期限内、女性名義

１．同時入場後、全てのチケットを回収し一旦解散させて...",True
tbcol3e790,,milesixtones-2026,2026-11-08,17:00,ヤンマースタジアム長居,electronic,female,2名義中2番手,mo,5.0,,番手,2026-07-28 11:51:23,,2026-09-04 19:01:10,,,listing,2,27000,"2名義中2番手/座席未定/すり替えなし/下3桁提示可能/有効期限内

以下の記載内容をご確認の上ご購入ください。

【入場前】
同行者登録はこちらで行います。...",True
bsfogp8sdk,,milesixtones-2026,2026-11-08,17:00,ヤンマースタジアム長居,electronic,female,同行,A,5.0,,番手,2026-07-28 13:39:36,,2026-09-04 19:01:10,,,listing,2,23000,"座席未定/FC先行/有効期限内/2名義中2番手/下3桁提示可能

・開場時間15分前を目処に集合して頂き同時に入場致します。集合時間場所等は前日までにご連絡させ...",True
8swftnxnar,,milesixtones-2026,2026-11-08,17:00,ヤンマースタジアム長居,paper,female,同時入場,ちゃな,5.0,,QR同行番手,2026-08-16 15:43:02,,2026-09-04 19:01:10,,,listing,2,26000,"2名義中2番手 2連
FC先行/初期当選 / 座席未定 / 有効期限内名義 / すり替えなし / 会員番号下3桁提示可能

公演当日は当方の指定した時間と待ち合...",True
kdpjg6q0kr,,milesixtones-2026,2026-11-08,17:00,ヤンマースタジアム長居,electronic,female,同行,あ,5.0,,ランダム,2026-07-28 08:52:59,,2026-09-04 19:01:10,,,listing,2,15000,"当日は開場の30分前頃に会場付近のこちらが指定した場所に集合していただきます。

入場後全てのチケットを回収させて頂き、当方が座席を選択した後にランダムでお渡し...",True
5kv70rzj2w,,milesixtones-2026,2026-11-08,17:00,ヤンマースタジアム長居,electronic,female,公演前日QRコード共有,M,5.0,,QR,2026-07-26 08:36:56,,2026-09-04 19:01:10,2026-09-04 19:01:10,transition_observed,sold,2,42000,"初期当選/アリツア落選名義/下3桁提示可/有効期限内/同行者登録可/発送物戻り無し

公演日前日にログイン情報をお伝えいたします。入場後は、開演前までに受け取り...",True
7rju6oi7nw,,milesixtones-2026,2026-11-08,17:00,ヤンマースタジアム長居,electronic,female,ランダム,ぽ,5.0,,ランダム,2026-08-07 23:16:43,,2026-09-04 19:01:10,2026-09-04 19:01:10,transition_observed,sold,1,11000,"💫超少人数ランダム
💫中相場買取可能

お取引はプラベルにて行いますのでご購入の際はコメントいただきますようお願いいたします。
チケテンご希望の場合は手数料...",True
4nvfeu4y9q,,milesixtones-2026,2026-11-08,17:00,ヤンマースタジアム長居,electronic,female,3名義中3番手,じゅ,5.0,,番手,2026-07-27 02:15:31,,2026-09-04 19:01:10,,,listing,2,30000,"3名義中3番手/全て有効期限内/下3桁提示可
/すり替えなし/着ブロ指定なし
お取引はプラベルにて行いますのでご購入の際はコメントいただきますようお願いいたしま...",True
wyi25f3ndt,,milesixtones-2026,2026-11-08,17:00,ヤンマースタジアム長居,electronic,female,同行,^_^,5.0,,番手,2026-08-13 14:16:07,,2026-09-04 19:01:10,,,listing,1,25000,"重複あり、3名義中2番手 (2連中1枚)
プライベート出品しますので購入されずにまずお声がけください。

着ブロなし/有効期限内/下3桁提示可能

・座席選択の...",True
3mym9kdh51,,milesixtones-2026,2026-11-08,17:00,ヤンマースタジアム長居,electronic,female,入金後24時間以内にQRコード共有,🅿️,5.0,,QR,2026-08-26 13:49:34,,2026-09-04 19:01:10,2026-09-04 19:01:10,transition_observed,sold,2,50000,"プライベート出品に変更致しますので、購入希望の方はコメントお願い致します。

初期当選/アリツア落選名義/下3桁提示可/有効期限内/発送物戻し無し

公演中止の...",True
rfisdm2k0i,,milesixtones-2026,2026-11-08,17:00,ヤンマースタジアム長居,electronic,none,ランダム配布,ゆゆゆ,4.7,,ランダム,2026-08-01 14:01:00,,2026-09-04 19:01:10,,,listing,2,14000,"◎お取引初心者の方でも安心してお取引できるよう対応いたします。分からないことがあればお気軽にご質問ください。

下記内容をよくお読みいただき理解した上でご購入く...",True
03jbv498aj,,milesixtones-2026,2026-11-08,17:00,ヤンマースタジアム長居,electronic,female,同時入場予定　2名義中2番手,わんわんパラダイス,5.0,,番手,2026-08-26 11:07:15,,2026-09-04 19:01:10,,,listing,2,25000,"2名義中2番手
初期当選/下3桁提示/有効期限内/すり替え無/過去エラー無/着ブロ指定なし/サイチェン可

・当日は開場時間を目安に会場近くに集合していただきま...",True
hy4tiutxei,,milesixtones-2026,2026-11-08,17:00,ヤンマースタジアム長居,electronic,female,公演日1日前までにQRコード共有,I,5.0,,QR,2026-07-24 05:39:47,,2026-09-04 19:01:10,,,listing,2,53000,"FC先行 / 初期当選/ アリツ落選名義/座席未定 / QR毎 /下3桁提示可/ 有効期限内 / 発送物戻りなし/着ブロ希望なし/ 同一クレカなし

プラベ出品...",True
8xibe3g0bg,,milesixtones-2026,2026-11-08,17:00,ヤンマースタジアム長居,electronic,female,同行,ぴぴぴ,5.0,,ランダム記載あり,2026-07-24 10:35:45,,2026-09-04 19:01:10,2026-09-04 19:01:10,transition_observed,sold,2,20000,"プラベルにて出品致しますので、購入希望の方はメッセージお願いいたします。
少数ランダム 開場20分前に待ち合わせ
同時入場後一旦チケットを回収し当方が座席を確認...",True
zf93sxduf7,,milesixtones-2026,2026-11-08,17:00,ヤンマースタジアム長居,electronic,female,3名義中2番手,みゃ,5.0,,番手,2026-07-24 16:45:23,,2026-09-04 19:01:10,,,listing,2,29000,"全て初期当選、下三桁提示可、有効期限内、支払い方法・時間ともに3名義バラバラ

・開場20分前に集合予定です。必ず間に合うようにきてください。

・3名義中2番...",True
xzz0zrewb4,,milesixtones-2026,2026-11-08,17:00,ヤンマースタジアム長居,electronic,female,当日手渡し,M,5.0,,番手,2026-08-06 13:28:41,,2026-09-04 19:01:10,,,listing,1,30000,3名義中2番手 すり替えなし  同行,True
gslqe6qsu8,,milesixtones-2026,2026-11-08,17:00,ヤンマースタジアム長居,electronic,none,ランダム配布,ち,5.0,,ランダム,2026-07-24 09:14:39,,2026-09-04 19:01:10,,,listing,1,15000,"公演当日、14:30に会場付近にて待ち合わせし、同時入場していただきます。
詳しい待ち合わせ時間・場所等は、前日にお知らせします。
必ず時間厳守でお願いいたしま...",True
lbub7qg6f1,,milesixtones-2026,2026-11-08,17:00,ヤンマースタジアム長居,electronic,female,4名義中3番手,は,5.0,,番手,2026-07-24 07:04:01,,2026-09-04 19:01:10,,,listing,2,30000,"ファンクラブ先行/有効期限内/すり替え無し /下3桁提示可 /


複数名義所持のため、他の方がチケットを選んだ後、4名義中3番目にチケットを配布します。
また...",True
vublhs58hs,,milesixtones-2026,2026-11-08,17:00,ヤンマースタジアム長居,electronic,female,当日手渡し,てむ,5.0,,QR,2026-07-25 01:23:15,,2026-09-04 19:01:10,,,listing,1,40000,"初期当選/1枚QR毎/重複すり替えなし/会員番号下3桁提示可/有効期限内/アリツ落選

・公演当日、会場付近にて待ち合わせを行い同時入場していただきます。
・入...",True
7l0c24w12y,,milesixtones-2026,2026-11-21,16:30,日産スタジアム,electronic,female,公演前日にQRコード共有,みかん,5.0,,QR,2026-08-12 22:18:06,,2026-09-04 19:01:10,,,listing,2,33000,"下3桁提示可能 アリーナ落選/前回スタンド名義

公演中止の際のみ、返金致します。
エラーや本人確認等での返金は致しかねます。

入場出来次第、速やかに受け取り...",True
96obr5qysa,,milesixtones-2026,2026-11-21,16:30,日産スタジアム,electronic,female,同時入場,Ｊ,5.0,,番手,2026-07-25 15:45:49,,2026-09-04 19:01:10,,,listing,2,21000,"５名義中４番手のお譲り
プラベル出品可/全て２連当選/すり替えなし/該当名義/初期当選/当選名義下３桁提示/有効期限内/Pay-easy入金/着ブロ指定なし/サ...",True
8jvh3afruw,,milesixtones-2026,2026-11-21,16:30,日産スタジアム,electronic,female,同行,R,5.0,,番手同行,2026-07-25 02:10:01,,2026-09-04 19:01:10,,,listing,2,30000,"初期当選/2名義中2番手/有効期限内/すり替えなし/下3桁提示可能/本人確認対応不可

ブラベルにて専用出品させていただきますので、購入前にコメントください。...",True
vhbv12kojp,,milesixtones-2026,2026-11-21,16:30,日産スタジアム,electronic,none,4名義中3番手,中野,5.0,,ランダム記載あり,2026-08-17 13:16:55,,2026-09-04 19:01:10,,,listing,2,35000,"※プライベート出品いたしますので、メッセージをお願いいたします。


下三桁提示可能/有効期限内/初期当選/重複すり替えなし

・公演当日は開場時間20〜30分...",True
7lz4n3kppz,,milesixtones-2026,2026-11-21,16:30,日産スタジアム,electronic,female,公演日前日(18:00以降)にログイン情報をお貸しします,MJGA,5.0,,QR,2026-07-25 01:42:37,,2026-09-04 19:01:10,,,listing,2,90000,"FC初期当選/有効期限内/下3桁提示可/すり替えなし/初当選(当選履歴なし)/着席ブロック希望なし

・公演日前日(18:00以降)になりましたら、ログイン情報...",True
4d7hsmpusf,,milesixtones-2026,2026-11-21,16:30,日産スタジアム,electronic,female,当日手渡し,ちゅきめろ,5.0,,番手,2026-07-28 04:06:21,,2026-09-04 19:01:10,2026-09-04 19:01:10,transition_observed,sold,2,15000,"FC先行/初期当選/4名義中4番手/下3桁提示可能/すり替えなし

プラベルで専用出品致しますので、メッセージお願い致します。

・公演当日は開場時間30分前を...",True
0n4fyc51dg,,milesixtones-2026,2026-11-21,16:30,日産スタジアム,electronic,female,同行,はちわれ,5.0,,番手,2026-07-25 05:28:35,,2026-09-04 19:01:10,,,listing,2,25000,"2名義中2番手 初期当選 有効期限内 すり替えなし 下3桁提示可能

当日開場10分前に会場付近にて集合し同時入場していただきます
いかなる場合も返金不可です...",True
a5yqnmu7ze,,milesixtones-2026,2026-11-21,16:30,日産スタジアム,electronic,female,2名義中1番手　当方の同行,あーる,5.0,,同行,2026-07-26 13:41:09,,2026-09-04 19:01:10,,,listing,1,40000,"2名義中1番手1枚（当方と同行）/初期当選/田中担不可/下3桁提示可/サイチェン可/すり替えなし/有効期限内/全名義アリツ落選名義


トラブル防止のためご購入...",True
6nqkyhjw9n,,milesixtones-2026,2026-11-21,16:30,日産スタジアム,electronic,female,3名義中2番手,mo,5.0,,番手,2026-07-28 11:52:54,,2026-09-04 19:01:10,2026-09-04 19:01:10,transition_observed,sold,2,31000,"3名義中2番手/座席未定/すり替えなし/下3桁提示可能/有効期限内

以下の記載内容をご確認の上ご購入ください。

【入場前】
同行者登録はこちらで行います。...",True
8jdweiq1fg,,milesixtones-2026,2026-11-21,16:30,日産スタジアム,electronic,female,FC×FC当選 同行,a,5.0,,同行,2026-08-26 11:44:08,,2026-09-04 19:01:10,,,listing,1,30000,"着ブロ希望当選 重複すり替えなし 下3桁提示可 有効期限内 女性名義 松村担不可 

・着ブロ希望での当選ですが、発券時に着席指定席ではない可能性もありますので...",True
w4tishepoj,,milesixtones-2026,2026-11-21,16:30,日産スタジアム,electronic,female,公演日前日にQRコード共有,ぴんくぴーまん,5.0,,QR,2026-07-24 08:46:15,,2026-09-04 19:01:10,,,listing,1,46550,"プライベートに変更可能ですので気軽にお声かけください。。

QR毎 ペイジー決済  すり替え重複なし 変更ボタン有(松村名義) 有効期限内 アリツア落選名義 初...",True
2sa6svrjm9,,milesixtones-2026,2026-11-21,16:30,日産スタジアム,electronic,female,同行,m,5.0,,番手,2026-07-28 10:11:47,,2026-09-04 19:01:10,,,listing,2,25000,"
3名義中3番手　2連

代表名義の下3桁提示可/ランエラ一部返金可/全名義期限内/すり替えなし

※バラ（6枚中5.6枚目）、一部手渡しも可能です。購入前にコ...",True
g1w4mee0tx,,milesixtones-2026,2026-11-21,16:30,日産スタジアム,electronic,female,同行,U,5.0,,ランダム,2026-08-04 01:54:20,,2026-09-04 19:01:10,,,listing,2,15000,【入場時ランダムエラーの場合の全額返金保証、立見なし】ランダムのお渡しとなり、購入者様の座席選択権はありませんことご理解下さい。(連番での落札は必ず連番のお譲り...,True
upn4rfaine,,milesixtones-2026,2026-11-21,16:30,日産スタジアム,electronic,female,公演日前日までにQRコード共有,me,5.0,,QR,2026-07-24 05:54:01,,2026-09-04 19:01:10,,,listing,2,39999,"QR毎/初期当選/アリツア落選名義/重複すり替えなし/着ブロ希望なし/下3桁提示可能｜有効期限内/発送物戻りなし

公演前日夜にログインに必要な情報をお伝えしま...",True
inc6wtrnga,,milesixtones-2026,2026-11-21,16:30,日産スタジアム,electronic,female,同行,ちゃむ,5.0,,同行番手,2026-07-24 16:26:26,,2026-09-04 19:01:10,,,listing,1,60000,"2名義中1番手同行/下三桁提示可能/着ブロ希望無し/有効期限内/初期当選/重複すり替えなし/本人確認不可/サイチェン可

･2名義中1番手の同行です。チケットは...",True
2hm70ba4zb,,milesixtones-2026,2026-11-21,16:30,日産スタジアム,electronic,female,同行,も,5.0,,番手,2026-08-01 01:05:26,,2026-09-04 19:01:10,,,listing,2,25500,"2名義中2番手/初期当選/すり替えなし/下3桁提示可能/有効期限内/エラー歴なし/発送物戻りなし/アリツア落選名義

1部当日手渡しも可
→ご希望の方はメッセー...",True
y1bn59n05q,,milesixtones-2026,2026-11-21,16:30,日産スタジアム,electronic,female,公演日前日までにQRコード共有,りり,5.0,,QR,2026-07-26 06:56:57,,2026-09-04 19:01:10,,,listing,2,53000,"初期当選/アリーナ落選名義/QR毎/有効期限内/座席未定/下3桁提示可能/発送物戻りなし/着ブロ希望なし

＊プライベート出品に切り替えますのでご連絡ください＊...",True
ggfdzf9c0y,,milesixtones-2026,2026-11-21,16:30,日産スタジアム,electronic,female,公演日前日QRコード共有,📛,5.0,,QR同行番手ランダム,2026-07-25 21:09:36,,2026-09-04 19:01:10,,,listing,2,35000,"下3桁提示可能/有効期限内/初期当選/過去当選歴無し(アリツア落選名義)/着ブロ希望無し

QR毎のお譲りです。公演前日夜もしくは当日までにFC情報をお伝えしま...",True
fpx04bbkr6,,milesixtones-2026,2026-11-21,16:30,日産スタジアム,paper,female,当日手渡し,ぱんだ,5.0,,番手,2026-07-25 04:31:43,,2026-09-04 19:01:10,,,listing,2,21500,"初期当選/2名義中2番手/有効期限内/すり替えなし/着ブロ指定なし/下3桁提示可
プライベート出品可能◎

当日、開場の20分前頃にこちらが指定した場所で待ち合...",True
0mqxb1ub7d,,milesixtones-2026,2026-11-21,16:30,日産スタジアム,electronic,female,同行,H,5.0,,同行,2026-08-26 10:32:55,,2026-09-04 19:01:10,,,listing,1,30000,"当方(田中担)と同行/FC先行/初期当選/下3桁提示可/重複すり替えなし/有効期限内/着ブロ希望なし/田中担不可


プライベート出品いたしますので、お取引希望...",True
5o4ww7u9kt,,milesixtones-2026,2026-11-21,16:30,日産スタジアム,electronic,female,公演前日にQRコード共有,y,5.0,,QR,2026-07-28 10:21:45,,2026-09-04 19:01:10,,,listing,1,42000,"QR毎/初期選/アリツア落選名義/重複すり替えなし/着ブロ希望なし/下3桁提示可能｜有効期限内/発送物戻りなし

公演前日にログインに必要な情報をお伝えします。...",True
0fprgdt2gr,,milesixtones-2026,2026-11-21,16:30,日産スタジアム,electronic,female,同行,ヨヨ,5.0,,番手,2026-08-16 02:48:14,,2026-09-04 19:01:10,,,listing,2,16000,"★3名義中3番手
初期当選/有効期限内/下三桁提示可/すりかえ無/着ブロ無/サイチェン可

ご希望の場合は、プライベート出品、プラベルに切り替えますので、メッセ...",True
ula2qq5si5,,milesixtones-2026,2026-11-21,16:30,日産スタジアム,electronic,female,同行,ウォン,5.0,,同行,2026-08-20 00:47:15,,2026-09-04 19:01:10,,,listing,1,35000,"重複なし同行、有効期限内、FC初期当選、変更ボタン有、同一クレカ決済なし、着ブロ該当なし、下３桁提示可能
当日指定した時間(開場時間or開演1時間前)を目処に会...",True
q7cqt2z2bq,,milesixtones-2026,2026-11-21,16:30,日産スタジアム,electronic,female,同行,ひめ,5.0,,同行,2026-07-24 06:24:25,,2026-09-04 19:01:10,,,listing,1,30000,"下三桁提示可能/すり替えなし/有効期限内/初期当選/京本担不可/サイチェン可

・公演当日は開場時間20~30分前に会場付近で待ち合わせをし、同時入場していただ...",True
cq5xw9ytnu,,milesixtones-2026,2026-11-21,16:30,日産スタジアム,electronic,female,同行,A,5.0,,番手,2026-07-28 13:40:57,,2026-09-04 19:01:10,,,listing,2,25000,"座席未定/FC先行/有効期限内/2名義中2番手/下3桁提示可能

・開場時間15分前を目処に集合して頂き同時に入場致します。集合時間場所等は前日までにご連絡させ...",True
zic3a9d7hc,,milesixtones-2026,2026-11-21,16:30,日産スタジアム,electronic,female,同行,てん,5.0,,番手,2026-08-02 06:35:38,,2026-09-04 19:01:10,2026-09-04 19:01:10,transition_observed,sold,2,21500,"3名義中3番手、すり替えなし、3名義分下3桁表示可能、

ご希望のある方はプライベートにて再度出品させて頂きますので、メッセージをお願いします。

同時入場後、...",True
xhaa5q1xmu,,milesixtones-2026,2026-11-21,16:30,日産スタジアム,electronic,female,公演前日にログイン情報共有,s,5.0,,ランダム記載あり,2026-08-07 12:46:09,,2026-09-04 19:01:10,,,listing,2,0,"QR毎/初期当選/重複すり替えなし/前座席スタンド/着ブロ希望なし/下3桁提示可能/有効期限内/発送物戻りなし
公演前日夜にログインに必要な情報をお伝えします。...",True
2i8fgfve48,,milesixtones-2026,2026-11-21,16:30,日産スタジアム,electronic,female,4名義中4番手,k,5.0,,番手,2026-08-07 16:00:16,,2026-09-04 19:01:10,2026-09-04 19:01:10,transition_observed,sold,2,15000,"FC先行 座席未定。有効期限内名義。4名義中4番手。前回スタンドor初当選のみ✨

プラベル通し可能な方のみ。(1.0/枚プラベル通し残り当日手渡しも可)

公...",True
q13hl0n6mh,,milesixtones-2026,2026-11-21,16:30,日産スタジアム,electronic,female,同行,ゆ,5.0,,同行,2026-07-24 21:59:45,,2026-09-04 19:01:10,,,listing,1,60000,"2名義中1番手 初期当選 有効期限内 すり替えなし 下3桁提示可能

当日開場10分前に会場付近にて集合し同時入場していただきます
いかなる場合も返金不可です...",True
cupxg30h75,,milesixtones-2026,2026-11-21,16:30,日産スタジアム,electronic,female,同行,らん,5.0,,同行記載あり,2026-08-17 10:04:47,,2026-09-04 19:01:10,,,listing,1,60000,"同行募集/すり替えなし/有効期限内/下3桁提示可能/入場後のサイチェン可

当方(松村担)と同行

会場付近で待ち合わせの後、ご一緒に入場していただきます。
待...",True
myugn6pmta,,milesixtones-2026,2026-11-21,16:30,日産スタジアム,electronic,female,同行,e,5.0,,同行記載あり,2026-07-25 06:53:48,,2026-09-04 19:01:10,,,listing,1,34000,"☆1名義同行☆
初期当選/すり替えなし/下3桁提示可/有効期限内女性名義

公演当日開場30〜15分前に会場付近に集合して頂きます。時間厳守でお願いいたします。...",True
y3wuchr2nv,,milesixtones-2026,2026-11-21,16:30,日産スタジアム,electronic,female,2名義中2番手,K,5.0,,番手,2026-07-24 07:05:47,,2026-09-04 19:01:10,2026-09-04 19:01:10,transition_observed,sold,2,26000,"2名義中2番手/下三桁提示可能/すり替えなし/有効期限内/初期当選/アリツア落選名義

復活当選や制作開放等によって名義数が増えた場合も事前に必ずお伝えした会員...",True
exmlnl9hqq,,milesixtones-2026,2026-11-21,16:30,日産スタジアム,electronic,female,公演当日、同時入場,あ,5.0,,ランダム,2026-08-24 18:44:49,,2026-09-04 19:01:10,2026-09-04 19:01:10,transition_observed,sold,2,12000,"プライベート出品もしくはプラベルに切り替えますので、ご希望の方はコメントください。

ランダム配布 有効期限内名義
早渡しご希望の場合、コメントください。

〇...",True
tbbkng6s5f,,milesixtones-2026,2026-11-21,16:30,日産スタジアム,paper,female,当日手渡し,R,5.0,,番手,2026-07-31 05:06:28,,2026-09-04 19:01:10,,,listing,1,25000,"3名義中3番手
当日は会場45分前を目安に指定の場所へお越しくださいますようお願いいたします。
また、複数の方にお集まりいただくのでお時間に余裕をもってお越しく...",True
a90k54hf0b,,milesixtones-2026,2026-11-21,16:30,日産スタジアム,electronic,female,同行,ちゃむ,5.0,,同行番手,2026-08-01 14:33:06,,2026-09-04 19:01:10,,,listing,2,30000,"2名義中2番手/下三桁提示可能/着ブロ希望無し/有効期限内/初期当選/重複すり替えなし/本人確認不可/サイチェン可

・2名義中2番手のお譲りです。当方が選ばな...",True
gqv6i6cwri,,milesixtones-2026,2026-11-21,16:30,日産スタジアム,paper,female,当日手渡し,ぽん,5.0,,同行,2026-07-26 01:15:15,,2026-09-04 19:01:10,,,listing,1,0,"初期当選/アリツア落選名義/すり替えなし/着ブロ希望なし/下3桁提示可能｜有効期限内/発送物戻りなし/松村担不可

プライベート出品に切り替えますので、お取引ご...",True
vzuiim5cyf,,milesixtones-2026,2026-11-21,16:30,日産スタジアム,electronic,female,公演日7日前までにQRコード共有,♥,5.0,,QR,2026-07-27 16:03:45,,2026-09-04 19:01:10,,,listing,1,50000,"QR毎/初期当選/重複すり替えなし/着ブロ希望なし/下3桁提示可能/有効期限内/アリツア落選名義/前回スタンド名義

公演前日にログインに必要な情報をお伝えしま...",True
8lrnt9wrhw,,milesixtones-2026,2026-11-21,16:30,日産スタジアム,electronic,female,同行,R,5.0,,番手,2026-08-15 05:50:07,,2026-09-04 19:01:10,,,listing,1,20000,"3名義中3番手/初期当選/有効期限内/下3桁提示可/すり替えなし

3名義中3番手でのお譲りです。
一部チケテン残り手渡し可能

・同時入場後全てのチケットを回...",True
0cfxt566kt,,milesixtones-2026,2026-11-21,16:30,日産スタジアム,electronic,female,QRごと,ま,5.0,,QR,2026-08-21 13:26:40,,2026-09-04 19:01:10,,,listing,2,45000,"初期当選 / すり替えなし / 下3桁提示可能

ログイン情報は公演前日こちらでの同意チェック後にQR表示ができる状態でお渡しいたします。
公演中止の場合のみ各...",True
gjiodtqz5o,,milesixtones-2026,2026-11-21,16:30,日産スタジアム,electronic,female,同行,陽菜,4.8,,同行,2026-08-03 00:24:30,,2026-09-04 19:01:10,,,listing,1,30000,"重複すり替えなし同行/初期当選/下3桁提示可/有効期限内/発送物戻りなし

当日指定場所にて集合し、同時入場いたします。",True
pvlips9g2s,,milesixtones-2026,2026-11-21,16:30,日産スタジアム,electronic,female,同行,m,4.9,,同行ランダム,2026-07-24 08:48:49,,2026-09-04 19:01:10,,,listing,2,32000,🌟すり替えなしランダム🌟すべて初期当選、有効期限内、着ブロなし、下3桁提示可能です。複数名義当選のため、開演時刻の2時間30分前までに会場付近に集合していた...,True
otjnlwoz90,,milesixtones-2026,2026-11-21,16:30,日産スタジアム,electronic,female,当日手渡し,ちゅきめろ,5.0,,番手,2026-07-28 04:07:46,,2026-09-04 19:01:10,,,listing,2,17000,"FC先行/初期当選/4名義中3番手/下3桁提示可能/すり替えなし

プラベルで専用出品致しますので、メッセージお願い致します。

・公演当日は開場時間30分前を...",True
drwgxqnbpw,,milesixtones-2026,2026-11-21,16:30,日産スタジアム,electronic,female,連絡ボードにて,なの,5.0,,番手QR,2026-07-27 12:55:05,,2026-09-04 19:01:10,,,listing,2,20000,"3名義中3番手/下3桁提示可/すり替えなし/有効期限内/郵便物戻り無し

ご購入ご希望の方プライベート出品致しますのでよろしくお願い致します。

【当日の流れに...",True
bzqtksb36z,,milesixtones-2026,2026-11-21,16:30,日産スタジアム,electronic,female,同行,やきにく,5.0,,番手QR,2026-07-24 11:42:58,,2026-09-04 19:01:10,,,listing,2,25000,"
3名義中2番手/初期当選/有効期限内/下三桁提示可/すりかえなし/着ブロなし

【当日の流れ】
集合時間や場所については前日の夜までにマイページにて連絡いたし...",True
ufd7j7z334,,milesixtones-2026,2026-11-21,16:30,日産スタジアム,electronic,female,公演日前日にQRコード共有,わ,5.0,,QR,2026-07-26 07:03:34,,2026-09-04 19:01:10,,,listing,1,43000,"初期当選/すり替えなし/下3桁提示可/変ボあり/アリツ落選名義


公演日前日にログイン情報お送りいたします。
同意チェック等はご自身でお願いいたします。
入場...",True
f6xj2ztcl3,,milesixtones-2026,2026-11-21,16:30,日産スタジアム,electronic,none,同行,さ,5.0,,ランダム,2026-07-24 12:33:28,,2026-09-04 19:01:10,,,listing,2,20000,"FC先行/指定席/少人数ランダム
ご希望あればプラベルに切り替えいたします。

お座席は選択いただけません。
ご了承ください。

以下の内容をご理解いただける方...",True
hpqt2ahcto,,milesixtones-2026,2026-11-21,16:30,日産スタジアム,electronic,female,同行,M,5.0,,番手,2026-07-24 08:03:43,,2026-09-04 19:01:10,,,listing,2,15000,"初期当選、すり替えなし、有効期限内名義、4名義中4名義目。
全て前回スタンド名義ですがチケホル未登録
すり替えなしのため全ての名義の会員番号下2桁をお伝え致しま...",True
9swvydf268,,milesixtones-2026,2026-11-21,16:30,日産スタジアム,electronic,none,同時入場後手渡し,な,5.0,,ランダム,2026-07-26 11:39:33,,2026-09-04 19:01:10,2026-09-04 19:01:10,transition_observed,sold,2,10500,"すり替えありランダム配布
複数名義所持しております。入場後全てチケットを一度回収し、解散します。こちらで席を選ばせていただいたあとにランダムでチケットをお渡しし...",True
2w2mft9fpy,,milesixtones-2026,2026-11-21,16:30,日産スタジアム,electronic,female,同行,K,5.0,,同行,2026-07-24 07:02:48,,2026-09-04 19:01:10,,,listing,1,76000,"2名義中1番手/当方と同行/下三桁提示可能/すり替えなし/有効期限内/初期当選/アリツア落選名義/サイチェン可/京本担不可

復活当選や制作開放等によって名義数...",True
wr0c1vwjoc,,milesixtones-2026,2026-11-21,16:30,日産スタジアム,electronic,female,同行,333,5.0,,ランダム,2026-07-30 09:45:21,,2026-09-04 19:01:10,,,listing,2,11500,⭐️開示対策の為プライベート出品に切り替えますのでご希望の方はコメントお願いいたします⭐️中相場での買取、上乗せにて早渡しも可能です。ご希望の場合は必ず事前にコ...,True
lqq6ddwjw1,,milesixtones-2026,2026-11-21,16:30,日産スタジアム,electronic,female,同行,あ,5.0,,ランダム,2026-07-27 05:25:48,,2026-09-04 19:01:10,,,listing,2,15000,"ランダム(2名義)

当日は開場30分前頃に、会場付近の当方指定場所へご集合いただきます。

ご入場後、すべてのチケットを一度回収させていただき、当方にて座席を...",True
1p7w3bi5e6,,milesixtones-2026,2026-11-21,16:30,日産スタジアム,electronic,female,ランダム配布,my,5.0,,ランダム,2026-07-25 12:38:33,,2026-09-04 19:01:10,2026-09-04 19:01:10,transition_observed,sold,1,18000,"⭐️ランダム配布⭐️中相場買取可⭐️上乗せで早渡可⭐️

複数名義所持の為、入場後チケットを回収させていただき、座席選択後にランダムにチケットを配布させていただ...",True
yo6ny2q3lu,,milesixtones-2026,2026-11-21,16:30,日産スタジアム,electronic,female,同行,m,5.0,,番手,2026-07-25 06:50:18,,2026-09-04 19:01:10,,,listing,2,25000,"初期当選/3名義中3番手/有効期限内/すり替えなし/着ブロ指定なし/下3桁提示可
プライベート出品可能◎

当日、開場の20分前頃にこちらが指定した場所で待ち合...",True
txyh165j9r,,milesixtones-2026,2026-11-21,16:30,日産スタジアム,electronic,female,QR,ぷりん,5.0,,QR,2026-08-04 10:22:09,,2026-09-04 19:01:10,,,listing,2,35000,"⭐️QR/重複なし/初期当選⭐️下3桁提示可能/有効期限内名義/着ブロ指定なし

公演前日に同行者の同意チェックのみ当方で行った後ログイン情報をお伝えします。代...",True
i8cxg13oaj,,milesixtones-2026,2026-11-21,16:30,日産スタジアム,electronic,female,同行,m,4.9,,同行ランダム,2026-07-24 08:52:04,,2026-09-04 19:01:10,,,listing,1,29000,"複数名義当選のため、開演時刻の2時間30分前までに会場付近に集合していただき、同時入場後、一旦チケットを回収してこちらで先に座席選択させていただきます。
複数の...",True
gh01gmtfc7,,milesixtones-2026,2026-11-21,16:30,日産スタジアム,electronic,female,同行,ゆ,5.0,,番手,2026-07-24 20:55:14,,2026-09-04 19:01:10,,,listing,2,30000,"2名義中2番手 初期当選 有効期限内 すり替えなし 下3桁提示可能

当日開場10分前に会場付近にて集合し同時入場していただきます
いかなる場合も返金不可です...",True
lnklgnyi59,,milesixtones-2026,2026-11-21,16:30,日産スタジアム,electronic,female,当日手渡し,A,5.0,,番手,2026-08-02 08:54:48,,2026-09-04 19:01:10,,,listing,2,29000,"2名義中2番手 2連
初期当選/有効期限内/すり替え無し/下３桁提示可能/着ブロ指定無し

※プラベルへの移行可能

・当日は開場15分〜30分前にこちらが指定...",True
a0olj45oqn,,milesixtones-2026,2026-11-21,16:30,日産スタジアム,electronic,female,公演日前日までにQRコード共有,y,5.0,,QR,2026-07-24 09:13:10,,2026-09-04 19:01:10,,,listing,2,50000,"プライベート出品にするため、メッセージください。
QR毎/有効期限内/座席未定/下3桁提示可能/発送物戻りなし/着ブロ希望なし

入場後は速やかにログアウトし、...",True
h6xxzkkgju,,milesixtones-2026,2026-11-21,16:30,日産スタジアム,electronic,female,同行,A,5.0,,同行番手,2026-07-25 03:29:12,,2026-09-04 19:01:10,,,listing,2,25000,"初期当選/有効期限内/すり替えなし/2名義中2番手/下3桁提示可/着ブロ指定なし

・当日はこちらが指定した場所にて開場30分前に待ち合わせし、同時入場していた...",True
95up34r2li,,milesixtones-2026,2026-11-21,16:30,日産スタジアム,electronic,female,同行,取引,4.6,,QR同行番手ランダム,2026-08-25 18:54:52,,2026-09-04 19:01:10,,,listing,1,36000,同行/期限内/アリツア落選名義/過去エラーなし  ランダムエラーや本人確認、体調不良、メンバー不在、交通機関の遅延などで入場できなかった場合でも受け取り頂きます...,True
lnxq9lj4gi,,milesixtones-2026,2026-11-21,16:30,日産スタジアム,electronic,female,入金後24時間以内にQRコード共有,ま♡,5.0,,番手,2026-07-27 12:50:14,,2026-09-04 19:01:10,,,listing,2,0,"11/21 日産スタジアム
2名義中2番手 
初期当選/有効期限内/重複すり替え無し/下3桁提示可

公演中止以外如何なる理由でも返金対応不可
入場後チケットを...",True
uhclob7r8z,,milesixtones-2026,2026-11-21,16:30,日産スタジアム,electronic,female,番手,a,5.0,,番手,2026-07-27 10:25:21,,2026-09-04 19:01:10,,,listing,2,42000,"4名義中2番手2連でのお渡しです。
※購入希望の方はプライベート出品又はプラベルに変更いたしますので、メッセージお願いいたします。

下3桁提示可/有効期限内/...",True
tv63earw5x,,milesixtones-2026,2026-11-21,16:30,日産スタジアム,electronic,female,同行,m,5.0,,番手,2026-07-30 09:59:21,,2026-09-04 19:01:10,,,listing,2,35000,"3名義中2番手　2連

代表名義の下3桁提示可/ランエラ一部返金可/全名義期限内/すり替えなし

※バラ、一部手渡しも可能です。購入前にコメントください。

以...",True
r49ih1r06x,,milesixtones-2026,2026-11-21,16:30,日産スタジアム,electronic,female,公演日前日までにQRコード共有,R♡,5.0,,QR,2026-08-26 05:50:55,,2026-09-04 19:01:10,,,listing,1,56000,"アリツア落選名義/QR毎/初期当選/重複すり替え無し/下3桁提示可能/着ブロ指定なし/有効期限内名義/前回スタンド名義/過去エラーなし/発送物戻りなし

・入金...",True
bybi3p5v5b,,milesixtones-2026,2026-11-21,16:30,日産スタジアム,electronic,female,同行,あ,5.0,,同行,2026-08-10 07:34:59,,2026-09-04 19:01:10,,,listing,1,40000,"初期当選/有効期限内名義/重複すり替え無し同行/下3桁提示可

ご購入前に必ずご一読願います。
・開場30分前に会場付近で合流した後、同時入場していただきます。...",True
1wxwj4hyvd,,milesixtones-2026,2026-11-21,16:30,日産スタジアム,electronic,female,同行,な,5.0,,同行,2026-08-08 16:24:09,,2026-09-04 19:01:10,,,listing,1,35000,"当方(25↑京本担)と同行/下3桁提示可/重複すり替えなし/初期当選/有効期限内/着ブロ希望なし/京本担不可/サイチェン不可

アリツ落選/当選歴なし

プライ...",True
k8gyqjebwc,,milesixtones-2026,2026-11-21,16:30,日産スタジアム,electronic,female,同行,tan,5.0,,ランダム,2026-07-24 13:16:01,,2026-09-04 19:01:10,,,listing,1,11000,"⭐︎少人数ランダム⭐︎

※プラベルで専用出品致しますので、メッセージお願い致します。

公演当日、開場20分前を目安に会場付近で待ち合わせをし、同時入場をして...",True
ueio3czw75,,milesixtones-2026,2026-11-21,16:30,日産スタジアム,electronic,female,公演前日情報共有,R,5.0,,QR,2026-08-14 08:52:21,,2026-09-04 19:01:10,,,listing,2,49900,"QR毎/初期当選/アリツア落選名義/重複すり替えなし/着ブロ希望なし/下3桁提示可能/有効期限内/発送物戻りなし/過去エラーなし

プライベート出品可能です。...",True
q7ymausydz,,milesixtones-2026,2026-11-21,16:30,日産スタジアム,electronic,none,同行,ねね,5.0,,番手,2026-07-26 14:42:00,,2026-09-04 19:01:10,,,listing,2,23000,"⚠️プラベ出品に切り替えますので購入前にコメントお願いいたします。

3名義中2番手
初期当選/有効期限内/下三桁提示可/すりかえなし/着ブロなし
プラベル切り...",True
il6j1nfumg,,milesixtones-2026,2026-11-21,16:30,日産スタジアム,electronic,female,同行,R,5.0,,同行番手,2026-07-28 13:17:10,,2026-09-04 19:01:10,2026-09-04 19:01:10,transition_observed,sold,1,55000,"2名義中1番手　下3提示可　有効期限内名義
・公演当日は開場時間15~30分前に会場付近で待ち合わせをし、同時入場していただきます。
・待ち合わせ場所、詳しい時...",True
szbl7yzet4,,milesixtones-2026,2026-11-21,16:30,日産スタジアム,electronic,female,同行,a,5.0,,番手,2026-08-06 11:24:19,,2026-09-04 19:01:10,,,listing,2,15000,"3名義中3番手
‪ご購入の際はプライベート出品に切り替えますので、メッセージにてお声がけください。
初期当選/有効期限内/下三桁提示可/すり替え無


集合時間...",True
j25koa19wc,,milesixtones-2026,2026-11-21,16:30,日産スタジアム,electronic,female,同行,💙,5.0,,ランダム,2026-07-27 13:30:00,,2026-09-04 19:01:10,,,listing,2,11000,"重複あり、複数名義中ランダム配布。
早渡し要相談

購入者様に座席選択権はございません。
プライベート出品しますので購入されずにまずお声がけください。

・複数...",True
6383l68w9s,,milesixtones-2026,2026-11-21,16:30,日産スタジアム,electronic,female,同行,✩,5.0,,ランダム,2026-07-26 12:24:38,,2026-09-04 19:01:10,2026-09-04 19:01:10,transition_observed,sold,2,13000,当日は開場時間の15~30分前頃にこちらが指定した場所に集合していただき同時入場後、先に当方が座席選択した後チケットをランダムにお渡しします。座席は選択できませ...,True
mg20epanf2,,milesixtones-2026,2026-11-21,16:30,日産スタジアム,electronic,none,同行,さ,5.0,,ランダム,2026-07-24 13:25:44,,2026-09-04 19:01:10,,,listing,2,17000,"FC先行/指定席/少人数ランダム配布
プラベルに切り替え可能です。

お座席は選択いただけません。
ご了承ください。

以下の内容をご理解いただける方のみご購入...",True
i8xftmn1rk,,milesixtones-2026,2026-11-21,16:30,日産スタジアム,electronic,female,同時入場,daisy,5.0,,番手,2026-07-26 10:19:55,,2026-09-04 19:01:10,2026-09-04 19:01:10,transition_observed,sold,2,35000,"2名義中2番手(全て初期当選) すり替えなし 下３桁掲示可能
・当日開場15分前頃に集合し、同時入場していただきます。遅刻された場合先に入場させていただきます。...",True
orn0hoe0q6,,milesixtones-2026,2026-11-21,16:30,日産スタジアム,electronic,female,同時入場,mi,5.0,,番手,2026-07-25 01:06:24,,2026-09-04 19:01:10,,,listing,2,45000,"プラベルにて再度出品いたしますので、お取引希望の方はメッセージにてご連絡ください。

【条件あり】
2名義中2番手、すり替えなし、下3桁提示可能です

・入場後...",True
umboe0gsum,,milesixtones-2026,2026-11-21,16:30,日産スタジアム,electronic,female,同時入場,R,5.0,,番手,2026-07-28 13:16:35,,2026-09-04 19:01:10,,,listing,2,45000,"2名義中2番手　下3提示可　有効期限内名義
・公演当日は開場時間15~30分前に会場付近で待ち合わせをし、同時入場していただきます。
・待ち合わせ場所、詳しい時...",True
gvlkpnnjuc,,milesixtones-2026,2026-11-21,16:30,日産スタジアム,electronic,female,当日手渡し,A,5.0,,番手,2026-07-25 04:23:48,,2026-09-04 19:01:10,2026-09-04 19:01:10,transition_observed,sold,2,35000,"3名義中2番手/初期当選/有効期限内/すり替えなし/所持分の下3桁提示可
・開演の1時間前にこちらの指定する場所に集合いただきます。
・同時入場後チケットは一度...",True
i4u361pzu0,,milesixtones-2026,2026-11-21,16:30,日産スタジアム,electronic,female,同行,H,5.0,,ランダム記載あり,2026-07-24 14:42:38,,2026-09-04 19:01:10,,,listing,1,60000,"初期当選/有効期限内/下3桁提示可
重複、すり替えなし

連番内の座席はお選びいただけません、ご了承ください。

当日は開演2時間10分前に会場待ち合わせ予定で...",True
lym1aw8wth,,milesixtones-2026,2026-11-21,16:30,日産スタジアム,electronic,female,同行,高菜,4.6,,番手,2026-07-24 19:44:38,,2026-09-04 19:01:10,2026-09-04 19:01:10,transition_observed,sold,1,18000,"2名義中2番手

初期当選/有効期限内/すり替えなし/下3桁提示可能

〇公演中止以外の返金、キャンセル
（ランダムエラー、交通機関の遅延等）対応はいたしかねま...",True
757hnvrvna,,milesixtones-2026,2026-11-21,16:30,日産スタジアム,electronic,female,2名義中2番手　同行,もちゅ,5.0,,同行番手,2026-07-24 06:56:47,,2026-09-04 19:01:10,,,listing,2,30000,"2名義中2番手
下三桁提示可能/すり替えなし/有効期限内/郵便物戻りなし/着席希望なし/

・公演当日は開場時間20~30分前に会場付近で待ち合わせをし、同時入...",True
flv36hsi9i,,milesixtones-2026,2026-11-21,16:30,日産スタジアム,electronic,female,前日までにログイン情報お伝え,r,5.0,,QR,2026-08-25 06:45:02,,2026-09-04 19:01:10,2026-09-04 19:01:10,transition_observed,sold,2,60000,"アリツア落選名義/QR毎/初期当選/重複すり替え無し/下3桁提示可能/着ブロ指定なし/有効期限内名義/過去エラーなし/発送物戻りなし

・入金確認後、下3桁提示...",True
nzqmklou4a,,milesixtones-2026,2026-11-21,16:30,日産スタジアム,electronic,female,当日手渡し,さ,5.0,,同行記載あり,2026-07-28 01:49:04,,2026-09-04 19:01:10,,,listing,2,20000,"FC先行/初期当選/4名義中3番手/下3桁提示可能/すり替えなし

プラベルで専用出品致しますので、メッセージお願い致します。

・公演当日は開場時間30分前を...",True
2udq76mtol,,milesixtones-2026,2026-11-21,16:30,日産スタジアム,electronic,female,当日手渡し,さ,5.0,,同行記載あり,2026-07-28 01:50:04,,2026-09-04 19:01:10,,,listing,2,15000,"FC先行/初期当選/4名義中4番手/下3桁提示可能/すり替えなし

プラベルで専用出品致しますので、メッセージお願い致します。

・公演当日は開場時間30分前を...",True
e458zrrqy7,,milesixtones-2026,2026-11-21,16:30,日産スタジアム,paper,female,当日手渡し,R,5.0,,番手,2026-07-31 05:05:33,,2026-09-04 19:01:10,,,listing,1,30000,"3名義中2番手（京本担不可）
当日は会場45分前を目安に指定の場所へお越しくださいますようお願いいたします。
また、複数の方にお集まりいただくのでお時間に余裕を...",True
x0nmnm10ap,,milesixtones-2026,2026-11-21,16:30,日産スタジアム,electronic,female,同時入場,あお,5.0,,同行,2026-07-25 06:40:19,,2026-09-04 19:01:10,,,listing,1,35000,"公演当日、開場時間15分前に最寄駅または会場付近で待ち合わせし、同時入場していただきます。

遅刻をしない、スムーズに連絡が取れ動ける成人済日本人女性の方のみ購...",True
hl3x2zl2fa,,milesixtones-2026,2026-11-21,16:30,日産スタジアム,electronic,female,公演前日QRコード共有,ねこ,5.0,,QR,2026-08-01 06:04:11,,2026-09-04 19:01:10,,,listing,1,34000,"QR毎/初期当選/女性名義/前ツ、アリツ落選名義/サイチェン可/すり替えなし/下3桁提示可/有効期限内/発送物戻りなし

プライベート出品ご希望の方は購入前にご...",True
cstrim08so,,milesixtones-2026,2026-11-21,16:30,日産スタジアム,electronic,female,公演日前日までにQRコード共有,ほ♡,5.0,,QR,2026-07-24 12:39:29,,2026-09-04 19:01:10,,,listing,1,40000,"単番当選/QR毎/有効期限内/郵便物戻りなし/すり替えなし/下3桁提示可能/着ブロ指定なし/コンビニ決済

・公演前日に、QR表示に必要な情報をお伝えします。...",True
v8l8hmvaov,,milesixtones-2026,2026-11-21,16:30,日産スタジアム,electronic,none,3名義中3番手,さのまる,5.0,,同行番手,2026-07-24 08:45:13,,2026-09-04 19:01:10,,,listing,2,15000,"3名義中3番手／初期当選／下3桁掲示可能／有効期限内／すり替えなし

・当日会場付近にて待ち合わせし、同時入場お願い致します。集合場所・時間は公演当日までにご連...",True
1wi996boxm,,milesixtones-2026,2026-11-21,16:30,日産スタジアム,electronic,female,同行,qbxth,5.0,,番手,2026-07-26 00:43:58,,2026-09-04 19:01:10,,,listing,2,21000,"4名義中3番手/初期当選/すり替えなし/下3桁提示可

開場40分前を目処に指定した場所で集合していただきます。詳細は購入後に連絡ボードでお伝えいたします。
ま...",True
rs8cnfeep1,,milesixtones-2026,2026-11-21,16:30,日産スタジアム,electronic,none,当日,あぴ,5.0,,番手,2026-07-26 13:25:52,,2026-09-04 19:01:10,,,listing,2,16000,"6名義中5番手

プラベル出品可/初期当選/全て2連当選/すり替えなし/下3桁提示可/有効期限内/ペイジーまたはコンビニ入金/着ブロ指定なし/本人確認不可

【...",True
l152f7aam2,,milesixtones-2026,2026-11-21,16:30,日産スタジアム,paper,female,当日手渡し,H,5.0,,番手,2026-07-24 11:16:27,,2026-09-04 19:01:10,,,listing,2,17000,"5名義中4番手　すり替えなし
全て有効期限内、初期当選、同一クレカ支払いなし、発送物戻り名義なし
下3桁提示可

・当日指定の時間に会場にて集合していただきます...",True
5fsu4kg4my,,milesixtones-2026,2026-11-21,16:30,日産スタジアム,electronic,female,2名義中2番手,yuu,5.0,,番手,2026-08-03 04:51:18,,2026-09-04 19:01:10,,,listing,2,22000,"FC先行/ 2名義中2番手/座席未定/有効期限内/すり替えなし/下3桁提示可能

・当日こちらが指定した時間、場所に集合していただき、同時入場をしていただきます...",True
t8lt9gjzin,,milesixtones-2026,2026-11-21,16:30,日産スタジアム,electronic,female,公演日1日前までにQRコード共有,みかん,5.0,,QR,2026-07-26 13:19:50,,2026-09-04 19:01:10,,,listing,2,45000,"プラベル出品しますので購入時お声がけください。
QR毎/初期当選/アリツア落選名義/前回ドームスタンド後列/重複すり替えなし/着ブロ希望なし/下3桁提示可能/有...",True
jeikmxkggz,,milesixtones-2026,2026-11-21,16:30,日産スタジアム,electronic,female,同時入場予定　3名義中3番手,わんわんパラダイス,5.0,,ランダム記載あり,2026-08-26 11:08:33,,2026-09-04 19:01:10,,,listing,2,20000,"3名義中3番手
初期当選/下3桁提示/有効期限内/すり替え無/過去エラー無/着ブロ指定なし/サイチェン可

・当日は開場時間を目安に会場近くに集合していただきま...",True
5gvmu19779,,milesixtones-2026,2026-11-21,16:30,日産スタジアム,electronic,female,同行,mt,5.0,,ランダム記載あり,2026-07-24 15:31:05,,2026-09-04 19:01:10,,,listing,1,55000,"プライベート出品orプラベル出品にしますので購入前に一言お願いいたします。

有効期限内/YO.アリツ落選名義.初当選/下三桁提示可能/有効期限内/初期当選/重...",True
l57rtgdcoa,,milesixtones-2026,2026-11-21,16:30,日産スタジアム,electronic,female,同時入場,rty,5.0,,番手,2026-08-01 23:43:21,,2026-09-04 19:01:10,,,listing,2,35000,"2名義中2番手/有効期限内/下3桁提示可能/着ブロ指定なし/初期当選

当日開場時間前にこちらが指定した場所、時間に集合して頂き同時に入場して頂きます。
同意チ...",True
v56mjuliw7,,milesixtones-2026,2026-11-21,16:30,日産スタジアム,electronic,female,公演前日QRコード共有,riri,5.0,,QR,2026-08-21 12:57:32,,2026-09-04 19:01:10,,,listing,2,40000,"初期当選/QR/該当名義/有効期限内/重複すり替えなし/着ブロ指定なし/下3桁提示可

前日にログイン情報をご連絡しますので同行者登録は購入者様でお願いいたしま...",True
58yhiwzuee,,milesixtones-2026,2026-11-21,16:30,日産スタジアム,electronic,female,同行,qbxth,5.0,,番手,2026-08-02 10:59:27,,2026-09-04 19:01:10,,,listing,1,35000,"4名義中2番手/初期当選/すり替えなし/下3桁提示可

こちら2番手ですが当方との同行となりますので座席の選択権はございません。

開場30分前を目処に指定した...",True
sfcpcffz17,,milesixtones-2026,2026-11-21,16:30,日産スタジアム,electronic,female,同行,♡,5.0,,番手,2026-07-25 11:53:33,,2026-09-04 19:01:10,2026-09-04 19:01:10,transition_observed,sold,2,28000,"2名義中2番手/すり替えなし/初期当選/有効期限内/下3桁提示可/サイチェン可

・開場15分前を目安に指定の場所にお越しください。詳しい場所と時間は前日にご連...",True
4o1bv9sk86,,milesixtones-2026,2026-11-21,16:30,日産スタジアム,electronic,female,公演前日までにQR共有,ちょわ,5.0,,QR,2026-07-24 13:23:15,,2026-09-04 19:01:10,,,listing,2,45000,"QR毎/有効期限内/座席未定/下3桁提示可能/発送物戻りなし/着ブロ希望なし

入場後は速やかにログアウトし、受取連絡をお願い致します。入場できない事態が発生し...",True
tln07gkg52,,milesixtones-2026,2026-11-21,16:30,日産スタジアム,electronic,none,4名義中2番手,中野,5.0,,ランダム記載あり,2026-08-17 13:17:27,,2026-09-04 19:01:10,,,listing,2,40000,"※プライベート出品いたしますので、メッセージをお願いいたします。


下三桁提示可能/有効期限内/初期当選/重複すり替えなし

・公演当日は開場時間10～20分...",True
bliccuvio7,,milesixtones-2026,2026-11-21,16:30,日産スタジアム,electronic,female,公演日1〜2日前までにQRコード共有,tangokei,5.0,,QR,2026-07-28 09:16:43,,2026-09-04 19:01:10,,,listing,2,39000,"FC先行 初期当選／座席未定／QR／有効期間内／すり替えなし／アリツア落選名義／下3提示可／着ブロ希望なし

公演1〜2日前に必要な情報をお送りいたします。
当...",True
0qd0d8l7n2,,milesixtones-2026,2026-11-21,16:30,日産スタジアム,electronic,female,当日,s,5.0,,番手,2026-08-03 05:26:06,,2026-09-04 19:01:10,,,listing,2,27000,"FC先行/初期当選/有効期限内名義/郵便物戻りなし/2名義中2番手/すり替えなし/下3桁提示可/サイチェン可


公演当日、会場付近にて待ち合わせし同時入場して...",True
x79pn1p40q,,milesixtones-2026,2026-11-21,16:30,日産スタジアム,electronic,none,同行,いちご,5.0,,番手,2026-08-22 07:56:16,,2026-09-04 19:01:10,,,listing,2,25000,"3名義中2番手　すり替えなし
全て有効期限内、初期当選、同一クレカ支払いなし、発送物戻り名義なし
下3桁提示可

・当日指定の時間に会場にて集合していただきます...",True
j3lp8t0h47,,milesixtones-2026,2026-11-21,16:30,日産スタジアム,electronic,female,同行,qbxth,5.0,,番手,2026-07-26 00:41:09,,2026-09-04 19:01:10,,,listing,2,16000,"4名義中4番手/初期当選/すり替えなし/下3桁提示可

開場40分前を目処に指定した場所で集合していただきます。詳細は購入後に連絡ボードでお伝えいたします。
ま...",True
rzivmg65k2,,milesixtones-2026,2026-11-21,16:30,日産スタジアム,electronic,female,同行,TK,5.0,,番手,2026-08-06 15:33:54,,2026-09-04 19:01:10,2026-09-04 19:01:10,transition_observed,sold,2,18000,"初期当選/3名義中3番手/有効期限内／すり替えなし/下3桁提示可能/本人確認対応不可

頻繁に連絡が取れ、時間をお守りいただける方、日本語のわかる女性の方のみ...",True
dktb5q2jqw,,milesixtones-2026,2026-11-21,16:30,日産スタジアム,electronic,female,同行,あ,5.0,,番手,2026-07-25 09:19:53,,2026-09-04 19:01:10,2026-09-04 19:01:10,transition_observed,sold,2,40000,"✨プラベ出品に直すため、ご購入される際はメッセージをお願いいたします。✨FC先行 座席未定 3名義中2番手すり替えなし下3桁可
初期当選有効期限内名義 発送物戻...",True
2uspw7yqcx,,milesixtones-2026,2026-11-21,16:30,日産スタジアム,electronic,female,3名義中3番手,mo,5.0,,番手,2026-07-28 11:52:18,,2026-09-04 19:01:10,2026-09-04 19:01:10,transition_observed,sold,2,22000,"3名義中3番手/座席未定/すり替えなし/下3桁提示可能/有効期限内

以下の記載内容をご確認の上ご購入ください。

【入場前】
同行者登録はこちらで行います。...",True
lvbx7osyph,,milesixtones-2026,2026-11-21,16:30,日産スタジアム,paper,female,当日手渡し,のん,5.0,,番手,2026-07-27 04:27:35,,2026-09-04 19:01:10,,,listing,2,23000,"2名義中2番手/すり替えなし/初期当選/有効期限内/下3桁提示可/サイチェン可

・開場15分前を目安に指定の場所にお越しください。詳しい場所と時間は前日にご連...",True
zzb8e0fq89,,milesixtones-2026,2026-11-21,16:30,日産スタジアム,electronic,none,3名義中2番手,さのまる,5.0,,番手同行,2026-07-24 08:43:44,,2026-09-04 19:01:10,,,listing,2,23000,"3名義中2番手／初期当選／下3桁掲示可能／有効期限内／すり替えなし

・当日会場付近にて待ち合わせし、同時入場お願い致します。集合場所・時間は公演当日までにご連...",True
0xcn1ryhr2,,milesixtones-2026,2026-11-21,16:30,日産スタジアム,electronic,female,ランダム配布,ゆゆゆ,4.7,,ランダム,2026-08-01 14:02:37,,2026-09-04 19:01:10,,,listing,1,14000,"◎お取引初心者の方でも安心してお取引できるよう対応いたします。分からないことがあればお気軽にご質問ください。

下記内容をよくお読みいただき理解した上でご購入く...",True
fo3s7awoej,,milesixtones-2026,2026-11-21,16:30,日産スタジアム,electronic,none,同行,ねね,5.0,,番手,2026-07-26 14:55:39,,2026-09-04 19:01:10,,,listing,2,17000,"⚠️プラベ出品に切り替えますので購入前にコメントお願いいたします。

3名義中3番手
初期当選/有効期限内/下三桁提示可/すりかえなし/着ブロなし

【注意事項...",True
w48cehpj1b,,milesixtones-2026,2026-11-21,16:30,日産スタジアム,electronic,female,少人数ランダム,mfs,5.0,,ランダム,2026-08-21 16:49:55,,2026-09-04 19:01:10,,,listing,1,13500,"少人数ランダム配布/座席選択権なし/開園10分前配布(上乗せで早渡し可)

サイドチェンジ可、お渡し後はご自由にお使いください。お電話にて集合予定のため購入後お...",True
2hzd1v4drc,,milesixtones-2026,2026-11-21,16:30,日産スタジアム,electronic,none,同行,いちご,5.0,,番手,2026-07-26 19:31:52,,2026-09-04 19:01:10,,,listing,1,20000,"3名義中3番手　すり替えなし
全て有効期限内、初期当選、同一クレカ支払いなし、発送物戻り名義なし
下3桁提示可

・当日指定の時間に会場にて集合していただきます...",True
5j4ni6wo9s,,milesixtones-2026,2026-11-21,16:30,日産スタジアム,electronic,female,番手,a,5.0,,番手,2026-07-27 10:26:02,,2026-09-04 19:01:10,2026-09-04 19:01:10,transition_observed,sold,2,35000,"4名義中3番手2連でのお渡しです。
※購入希望の方はプライベート出品又はプラベルに変更いたしますので、メッセージお願いいたします。

下3桁提示可/有効期限内/...",True
0eux7ltv95,,milesixtones-2026,2026-11-21,16:30,日産スタジアム,electronic,female,公演当日までにログイン情報のご提示を致します。,YUI,5.0,,QR,2026-07-24 06:53:30,,2026-09-04 19:01:10,,,listing,2,42000,"QR毎/初期当選/重複すり替えなし/着ブロ希望なし/下3桁提示可能｜有効期限内/発送物戻りなし

公演前日夜にログインに必要な情報をお伝えします。
当日は速やか...",True
cuf4ppla3g,,milesixtones-2026,2026-11-21,16:30,日産スタジアム,electronic,female,同行,U,5.0,,番手,2026-07-24 08:58:15,,2026-09-04 19:01:10,,,listing,2,30000,"2名義中2番手
アリツア落選名義/前回前々回当選時スタンド席含む/同行者会員/すり替えなし/下3桁提示可/有効期限内名義
入場時、QRコードの表示のため端末をお...",True
1s58g0yvmw,,milesixtones-2026,2026-11-21,16:30,日産スタジアム,electronic,female,同行,m,5.0,,ランダム,2026-07-25 15:08:06,,2026-09-04 19:01:10,2026-09-04 19:01:10,transition_observed,sold,2,17000,"条件:少数ランダム配布
当日指定の時間、指定の場所に集合して頂きます。10分以上の遅刻は待たずに入場、受け取り評価のみして頂きます。

・同時入場し、1度こちら...",True
u5c8k3rm0n,,milesixtones-2026,2026-11-21,16:30,日産スタジアム,electronic,female,公演日前日にQRコード共有,ha,5.0,,QR,2026-07-24 07:45:47,,2026-09-04 19:01:10,,,listing,1,50000,"QR毎/初期当選/アリツア落選名義/重複すり替えなし/着ブロ希望なし/下3桁提示可能｜有効期限内/発送物戻りなし

公演前日にログインに必要な情報をお伝えします...",True
kjkvjfc5qz,,milesixtones-2026,2026-11-21,16:30,日産スタジアム,electronic,female,当日手渡し,A,5.0,,番手,2026-07-25 09:04:00,,2026-09-04 19:01:10,2026-09-04 19:01:10,transition_observed,sold,2,20000,"3名義中3番手/初期当選/有効期限内/すり替えなし/所持分の下3桁提示可
・開演の1時間〜1.5時間前にこちらの指定場所に集合いただきます。
・10分以上の遅刻...",True
7z8u8gitbl,,milesixtones-2026,2026-11-21,16:30,日産スタジアム,electronic,female,当日一緒に入場していただきます。,Yu,5.0,,同行,2026-08-01 05:11:25,,2026-09-04 19:01:10,,,listing,1,45000,"FC先行 座席未定/同行すり替えなし/着
ブロ希望名義無／有効期限内／下3桁提示可能

会場付近にて待ち合わせし、同時入場していただきます。
詳しい待ち合わせ場...",True
qyjvbrq3l1,,milesixtones-2026,2026-11-21,16:30,日産スタジアム,electronic,female,同行,O＊,4.8,,同行,2026-07-27 00:49:39,,2026-09-04 19:01:10,,,listing,1,55000,"FC先行/初期当選/有効期限内名義/重複・すり替えなし同行/郵送物戻りなし/着ブロ指定なし/下3桁提示可能/座席未定

開演30分前に開場付近にて集合します。...",True
8cyf8qf9nu,,milesixtones-2026,2026-11-21,16:30,日産スタジアム,electronic,female,同時入場予定　3名義中2番手,わんわんパラダイス,5.0,,番手,2026-08-26 11:10:08,,2026-09-04 19:01:10,,,listing,2,30000,"3名義中2番手
初期当選/下3桁提示/有効期限内/すり替え無/過去エラー無/着ブロ指定なし/サイチェン可

・当日は開場時間を目安に会場近くに集合していただきま...",True
vqfbx0sah5,,milesixtones-2026,2026-11-21,16:30,日産スタジアム,electronic,female,ランダム配布,M,5.0,,ランダム,2026-07-24 06:17:30,,2026-09-04 19:01:10,,,listing,2,16000,"【ランダム配布】全て初期当選、会員有効期限内、女性名義

１．同時入場後、全てのチケットを回収し一旦解散させて頂きます。当方座席選択後、ランダムにチケットをお渡...",True
c13e5a1gs1,,milesixtones-2026,2026-11-21,16:30,日産スタジアム,electronic,female,同行,poy,5.0,,ランダム,2026-08-03 05:01:53,,2026-09-04 19:01:10,,,listing,2,13000,当日は開場時間の15～30分前頃を目安にこちらが指定した場所に集合していただき同時入場後、先に当方が座席選択した後チケットをランダムにお渡しします。ご購入者様は...,True
12jd7y9i2y,,milesixtones-2026,2026-11-21,16:30,日産スタジアム,electronic,female,3名義中2番手,みゃ,5.0,,番手,2026-07-24 16:48:16,,2026-09-04 19:01:10,,,listing,2,29000,"全て初期当選、下三桁提示可、有効期限内、支払い方法・時間ともに3名義バラバラ

・開場20分前に集合予定です。必ず間に合うようにきてください。

・3名義中2番...",True
hsc5ccekih,,milesixtones-2026,2026-11-21,16:30,日産スタジアム,electronic,female,QR毎,S,5.0,,QR,2026-07-24 06:14:11,,2026-09-04 19:01:10,,,listing,2,55000,"アリツア落選名義/QR毎/初期当選/重複すり替え無し/下3桁提示可能/着ブロ指定なし/有効期限内名義/前回スタンド名義/過去エラーなし/発送物戻りなし

・入金...",True
19pd6o3uqy,,milesixtones-2026,2026-11-21,16:30,日産スタジアム,electronic,female,公演前日までにQRコード共有,is,5.0,,QR,2026-07-27 01:19:57,,2026-09-04 19:01:10,,,listing,1,34000,"FC初期当選/QR毎/下３桁提示/重複すり替えなし/プラベル出品可/着ブロ指定なし/有効期限内/入金済/郵便戻りなし/サイチェン可

・こちらで同行者登録後公演...",True
skc8ucm3xv,,milesixtones-2026,2026-11-21,16:30,日産スタジアム,electronic,female,同行,R,5.0,,番手,2026-08-15 05:53:01,,2026-09-04 19:01:10,2026-09-04 19:01:10,transition_observed,sold,1,25000,"3名義中2番手/初期当選/有効期限内/下3桁提示可/すり替えなし/京本担不可

3名義中2番手でのお譲りです。
一部チケテン残り手渡し可

・同時入場後全てのチ...",True
rsvcdjg5kv,,milesixtones-2026,2026-11-21,16:30,日産スタジアム,electronic,female,同行,えむ,5.0,,番手,2026-07-29 15:21:46,,2026-09-04 19:01:10,,,listing,1,21000,"FC先行 初期当選 2名義2番手 2連中1枚 下3桁提示可 有効期限内 発送物戻りなし

公演当日、会場付近にて待ち合わせし同時入場していただきます。
詳しい待...",True
glm3y67lm9,,milesixtones-2026,2026-11-21,16:30,日産スタジアム,electronic,female,同行,Lo,5.0,,ランダム,2026-07-29 08:00:54,,2026-09-04 19:01:10,2026-09-04 19:01:10,transition_observed,sold,2,11000,"少数ランダム配布
プライベート出品に変更するため購入前にコメントお願いします。

以下の内容をご理解いただける方のみご購入をお願いいたします。

・当日は開場時...",True
jsve9mokyp,,milesixtones-2026,2026-11-22,16:30,日産スタジアム,paper,female,当日手渡し,R,5.0,,番手,2026-07-31 07:07:14,,2026-09-04 19:01:10,,,listing,2,25000,"7名義中5番手 ※番手理解ある方のみご購入くださいませ。
当日は会場45分前を目安に指定の場所へお越しくださいますようお願いいたします。
また、複数の方にお集ま...",True
esc7yychsq,,milesixtones-2026,2026-11-22,16:30,日産スタジアム,electronic,female,同行,Y,5.0,,同行,2026-07-26 14:46:55,,2026-09-04 19:01:10,,,listing,1,43000,"FC初期当選 重複すり替えなし 有効期限内
25↑松村担との同行
問題なく日本語が話せる女性のみご購入ください

連番内での座席の選択権はございません。当方が選...",True
t613hen6at,,milesixtones-2026,2026-11-22,16:30,日産スタジアム,electronic,female,4名義中3番手,みゃ,5.0,,番手,2026-07-24 13:14:30,,2026-09-04 19:01:10,,,listing,2,21000,"全て初期当選、下三桁提示可、有効期限内、支払い方法・時間ともに4名義バラバラ

・開場30分前に集合予定です。必ず間に合うようにきてください。

・4名義中3番...",True
1rey7cku9n,,milesixtones-2026,2026-11-22,16:30,日産スタジアム,electronic,female,QR毎,な,5.0,,QR,2026-07-24 05:13:58,,2026-09-04 19:01:10,,,listing,1,75000,"FC先行 座席未定QR／初期選／重複・す
り替えなし／下3桁提示可能／有効期限内
公演日に連絡ボードにて必要な情報をお伝えします。
お席に関するクレーム・送金停...",True
oxf5h3nsyo,,milesixtones-2026,2026-11-22,16:30,日産スタジアム,electronic,female,番手,🍓,5.0,,番手,2026-07-24 14:08:31,,2026-09-04 19:01:10,,,listing,2,30000,"3名義中2番手でのお渡しです。

初期当選/FC先行/発送戻りなし/すり替えなし/下3桁提示可/有効期限内

・同時入場後全てのチケットを回収し、当方が選択しな...",True
prk7upgpcq,,milesixtones-2026,2026-11-22,16:30,日産スタジアム,electronic,male,公演日前日にQRコード共有,りい,5.0,,ランダム記載あり,2026-07-24 12:18:18,,2026-09-04 19:01:10,,,listing,2,60000,"ファンクラブ先行 座席未定 初期当選 
アリツア落選名義  QRごと 有効期限内 
コンビニ決済 重複すり替えなし 
着ブロ指定なし 3桁提示可

・QRごと2...",True
0cryn3pzim,,milesixtones-2026,2026-11-22,16:30,日産スタジアム,electronic,female,ランダム配布,t,5.0,,ランダム,2026-07-27 06:16:28,,2026-09-04 19:01:10,2026-09-04 19:01:10,transition_observed,sold,2,15000,入場後はチケットを一旦こちらで回収し、当方が座席選択をした後にランダムでお渡し致します。開演15分前までのお渡しです。ご購入者様が座席を選択することはできません...,True
eru241ox8i,,milesixtones-2026,2026-11-22,16:30,日産スタジアム,electronic,female,同行,あ,5.0,,番手同行QR,2026-08-02 01:39:42,,2026-09-04 19:01:10,,,listing,2,27000,"2名義中2番手

公演当日会場付近にて待ち合わせし、同時入場していただきます。
詳しい待ち合わせ時間・場所等は公演が近づきましたらご連絡いたします。
座席に関す...",True
12pj0fwc9t,,milesixtones-2026,2026-11-22,16:30,日産スタジアム,electronic,female,公演前日にお知らせ,Ｊ,5.0,,QR,2026-07-24 07:27:11,,2026-09-04 19:01:10,,,listing,2,50000,"プライベート出品へ切り替えますのでご連絡お願いします。

FC先行、着ブロ指定なし
同行なし、すり替えなし、有効期限内、
郵送戻りなし、条件特になし
同行者登録...",True
2vfd16zpxp,,milesixtones-2026,2026-11-22,16:30,日産スタジアム,electronic,female,当日手渡し,チョコミント,5.0,,番手,2026-07-26 00:12:07,,2026-09-04 19:01:10,2026-09-04 19:01:10,transition_observed,sold,2,21500,"5名義中4番手
下三桁提示可能/すり替えなし/有効期限内

・公演当日は開場時間20~30分前に会場付近で待ち合わせをし、同時入場していただきます。
・待ち合わ...",True
wxxxul6lkn,,milesixtones-2026,2026-11-22,16:30,日産スタジアム,electronic,female,同行,あ,5.0,,番手,2026-07-27 05:49:27,,2026-09-04 19:01:10,,,listing,2,40000,"6名義中4番手/すり替えなし/下3桁提示可

当日は開場30分前頃に、会場付近の当方指定場所へご集合いただきます。

ご入場後、すべてのチケットを一度回収させて...",True
oxybun9n5d,,milesixtones-2026,2026-11-22,16:30,日産スタジアム,electronic,female,同時入場,R,5.0,,番手,2026-07-28 12:15:37,,2026-09-04 19:01:10,,,listing,2,53000,"3名義中2番手　下3提示可　有効期限内名義
・公演当日は開場時間15~30分前に会場付近で待ち合わせをし、同時入場していただきます。
・待ち合わせ場所、詳しい時...",True
fkqoc1vm4q,,milesixtones-2026,2026-11-22,16:30,日産スタジアム,electronic,none,同行,S,5.0,,番手,2026-08-16 08:57:20,,2026-09-04 19:01:10,,,listing,1,55000,"5名義中2番手/初期当選/下3桁提示可/有効期限内／すり替えなし
※特別出品、プライベート出品にも変更可能ですので、ご希望の際はリクエストメッセージをお送りくだ...",True
uqdfmxez96,,milesixtones-2026,2026-11-22,16:30,日産スタジアム,electronic,female,4名義中4番手,みゃ,5.0,,番手,2026-07-24 16:54:14,,2026-09-04 19:01:10,,,listing,2,16000,"全て初期当選、下三桁提示可、有効期限内、支払い方法・時間ともに4名義バラバラ

・開場30分前に集合予定です。必ず間に合うようにきてください。

・4名義中4番...",True
zyuxvrwiuy,,milesixtones-2026,2026-11-22,16:30,日産スタジアム,electronic,female,同行,☆,5.0,,同行番手,2026-07-27 11:06:03,,2026-09-04 19:01:10,,,listing,2,42000,"4名義中3番手/初期当選/有効期限内/すり替え無し/下3桁提示〇

・当日は会場付近の当方の指定した場所に集合していただき、同時入場をお願い致します。
・入場の...",True
ztn4i3a6gs,,milesixtones-2026,2026-11-22,16:30,日産スタジアム,electronic,female,前日にログイン情報提示,Y,5.0,,QR,2026-08-10 08:52:23,,2026-09-04 19:01:10,,,listing,2,50000,"QR毎/初期当選/アリツア落選名義/重複すり替えなし/着ブロ希望なし/下3桁提示可能/有効期限内/発送物戻りなし

お取引の意思が確認できましたら、プライベート...",True
vkd2ce9d6b,,milesixtones-2026,2026-11-22,16:30,日産スタジアム,electronic,female,同行,333,5.0,,ランダム,2026-07-30 09:44:39,,2026-09-04 19:01:10,,,listing,2,11500,⭐️開示対策の為プライベート出品に切り替えますのでご希望の方はコメントお願いいたします⭐️中相場での買取、上乗せにて早渡しも可能です。ご希望の場合は必ず事前にコ...,True
4hpiov9jrb,,milesixtones-2026,2026-11-22,16:30,日産スタジアム,electronic,female,当日手渡し,ぴ,5.0,,番手,2026-07-24 18:08:57,,2026-09-04 19:01:10,,,listing,2,30000,FC先行 3名義中3番手/座席未定/初期当選/すべて有効期限内/すり替えなし/下3桁提示可/同時入場後チケットを一旦回収し、座席選択後3番手のチケットをお渡しい...,True
1vfphxf0c6,,milesixtones-2026,2026-11-22,16:30,日産スタジアム,electronic,female,公演前日にQR共有,3️⃣,5.0,,QR,2026-07-24 08:21:34,,2026-09-04 19:01:10,,,listing,2,0,"下3桁提示可/有効期限内/過去エラーなし

座席に関するクレームは一切受け付けません
本人確認含むランダムエラー等で入場出来なかった場合でも返金致しかねますので...",True
nsf07r9lxu,,milesixtones-2026,2026-11-22,16:30,日産スタジアム,electronic,female,同行,わ,5.0,,番手,2026-07-24 05:37:43,,2026-09-04 19:01:10,2026-09-04 19:01:10,transition_observed,sold,2,20000,"3名義中3番手
下三桁提示可能/すり替えなし/有効期限内/

・公演当日は開場時間20~30分前に会場付近で待ち合わせをし、同時入場していただきます。
・待ち合...",True
ra9zunzdv9,,milesixtones-2026,2026-11-22,16:30,日産スタジアム,electronic,female,5名義中2番手,K,5.0,,番手,2026-07-24 15:22:32,,2026-09-04 19:01:10,,,listing,2,50000,"初期当選 5名義中2番手 すり替え無し 下3桁提示可 有効期限内

・公演当日会場付近にて待ち合わせし、同時入場いたします。詳しい場所・時間等は公演が近くなりま...",True
xr4nh00buw,,milesixtones-2026,2026-11-22,16:30,日産スタジアム,electronic,female,同行,ほったん,5.0,,番手,2026-07-31 12:39:23,,2026-09-04 19:01:10,2026-09-04 19:01:10,transition_observed,sold,2,70000,"FC先行 座席未定 下3桁提示可能 すり替えなし 
有効期限内 初期当選 

2名義中2番手のお譲りになります。

同時入場して頂き、当方が選ばなかった席をお渡...",True
6jzjczc70b,,milesixtones-2026,2026-11-22,16:30,日産スタジアム,electronic,female,同時入場,あ,5.0,,番手,2026-08-01 13:33:10,,2026-09-04 19:01:10,,,listing,2,17000,"4名義中4番手/初期当選/有効期限内/すり替えなし/下3桁提示可/着ブロなし

プライベート出品いたしますので、購入希望の方はご連絡ください。

・当日は会場付...",True
6rewt5qdub,,milesixtones-2026,2026-11-22,16:30,日産スタジアム,electronic,female,同行,H,5.0,,番手,2026-08-26 10:25:08,,2026-09-04 19:01:10,,,listing,1,25000,"FC先行/初期当選/2名義中2番手/下3桁提示可能/すり替えなし



・公演当日は当方が指定する時間、場所にて集合し同時入場していただきます
・発券後1度チケ...",True
r1ngwbuf3f,,milesixtones-2026,2026-11-22,16:30,日産スタジアム,electronic,female,同行,S,5.0,,番手,2026-08-18 13:27:10,,2026-09-04 19:01:10,,,listing,2,30000,"3名義中3番手、初期当選、すり替えなし、下3桁提示可、有効期限内

開場15-30分前頃に会場付近で待ち合わせをし、同時入場後こちらで座席選択後チケットをお渡し...",True
55ekfzxiwb,,milesixtones-2026,2026-11-22,16:30,日産スタジアム,electronic,female,同時入場,むー,5.0,,番手,2026-07-24 16:02:31,,2026-09-04 19:01:10,,,listing,2,20683,"⭐️必ず最後までご確認ください⭐️
8名義中4番手　残り当日手渡し2.5/

FC先行 有効期限内/下3桁提示可/ すり替えなし

  ・入場はお連れ様と分かれ...",True
qjne0m4beq,,milesixtones-2026,2026-11-22,16:30,日産スタジアム,electronic,female,同時入場,ねぎま,5.0,,QR番手,2026-07-25 05:52:00,,2026-09-04 19:01:10,,,listing,2,0,"座席未定、3名義中 3番手
◎ 発券後、座席次第ではすぐにお渡しできる場合があります。
◎開場時間30前集合予定 詳細は連絡ボードにてお願い致しますm(_ _)...",True
ra3wrcprv2,,milesixtones-2026,2026-11-22,16:30,日産スタジアム,electronic,female,同行,あ,5.0,,番手,2026-07-25 09:28:32,,2026-09-04 19:01:10,2026-09-04 19:01:10,transition_observed,sold,2,25000,"プラベ出品に直すため、ご購入される際はメッセージをお願いいたします。FC先行 座席未定 3名義中3番手すり替えなし下3桁可
初期当選有効期限内名義 発送物戻りな...",True
xic8outcpw,,milesixtones-2026,2026-11-22,16:30,日産スタジアム,electronic,female,同行,(◜ᴗ◝ ),5.0,,同行,2026-08-01 03:52:44,,2026-09-04 19:01:10,,,listing,1,80000,"アリツア落選名義/重複すり替えなし/着ブロ希望なし/下3桁提示可能/有効期限内
※入場後はサイチェンなど自由にしてください。

当方と同行になります、当日までの...",True
ikeatxbl19,,milesixtones-2026,2026-11-22,16:30,日産スタジアム,electronic,female,同行,⭐︎,5.0,,番手,2026-08-02 09:21:18,,2026-09-04 19:01:10,,,listing,2,21000,"４名義中４番手
有効期限内、下三桁提示可、すり替えなし

・複数の方にお集まり頂くため時間厳守でお願いします。購入者様が大幅に時間が遅れてしまう場合、待たずに入...",True
16sny3mjdp,,milesixtones-2026,2026-11-22,16:30,日産スタジアム,electronic,female,同行,mt,5.0,,番手,2026-07-24 15:43:28,,2026-09-04 19:01:10,,,listing,2,0,"プライベート出品orプラベル出品にしますので購入前に一言お願いいたします。
3.0/枚〜ご提示ください

有効期限内/アリツ落選名義のみ/下三桁提示可能/有効期...",True
0rwmx9qf1f,,milesixtones-2026,2026-11-22,16:30,日産スタジアム,electronic,female,同行 ,3️⃣,5.0,,QR同行,2026-07-24 08:13:16,,2026-09-04 19:01:10,,,listing,1,0,"
有効期限内/アリツア落選名義/過去エラーなし

当方との同行
当日集合時にチケット受取確認していただきます
連番内での座席選択はこちらで致します
購入者様によ...",True
8uewjattcr,,milesixtones-2026,2026-11-22,16:30,日産スタジアム,electronic,female,5名義中5番手,k,5.0,,番手,2026-08-19 16:56:40,,2026-09-04 19:01:10,2026-09-04 19:01:10,transition_observed,sold,2,18000,"プライベート出品もしくはプラベルに切り替えますので、事前にご連絡お願いいたします。

5名義中5番手
初期当選/有効期限内/すり替えなし
入金確認出来次第の下3...",True
1uihd5rlxc,,milesixtones-2026,2026-11-22,16:30,日産スタジアム,electronic,female,ランダム配布,は,5.0,,ランダム同行,2026-08-14 19:16:27,,2026-09-04 19:01:10,,,listing,1,20000,少人数でのランダム配布となります。会場付近集合予定ですが詳しい場所や時間については公演日が近くなりましたら連絡ボードにお伝え致します。(当日集合時間に間に合わな...,True
wy09xsancs,,milesixtones-2026,2026-11-22,16:30,日産スタジアム,electronic,female,同行（30万台名義）,K,5.0,,同行,2026-07-26 04:17:11,,2026-09-04 19:01:10,,,listing,1,52000,"重複なし同行 / 初期当選 / 有効期限内 /下2桁提示可 / 当方ジェシー担との同行（拒否なし） / プライベート出品可 

即決5.5 即決以下○

・当日...",True
87roqrjs4m,,milesixtones-2026,2026-11-22,16:30,日産スタジアム,electronic,female,公演当日、同時入場,あ,5.0,,ランダム,2026-08-15 03:06:37,,2026-09-04 19:01:10,2026-09-04 19:01:10,transition_observed,sold,1,12000,"プライベート出品またはプラベルに切り替えますので、購入希望の方はコメントください。

ランダム配布 有効期限内名義 +αで早渡し可

○ご入金～公演当日
ご入金...",True
kicqk3pc5m,,milesixtones-2026,2026-11-22,16:30,日産スタジアム,electronic,female,同行,陽菜,4.8,,同行番手,2026-07-29 00:18:38,,2026-09-04 19:01:10,2026-09-04 19:01:10,transition_observed,sold,2,20000,"4名義中3番手/初期当選/すり替えなし/下3桁提示可/発送物戻りなし

当日指定場所にて集合し、同時入場いたします。
公演中止以外の理由での返金は致しかねますの...",True
cam5oolepp,,milesixtones-2026,2026-11-22,16:30,日産スタジアム,electronic,female,同時入場,むー,5.0,,番手,2026-07-24 15:48:57,,2026-09-04 19:01:10,,,listing,2,32500,"8名義中6番手　

FC先行 有効期限内/下3桁提示可/ すり替えなし

  ・入場はお連れ様と分かれる場合がありますが、2連でご購入の場合には、必ず2連のチケ...",True
xwjieu3kgf,,milesixtones-2026,2026-11-22,16:30,日産スタジアム,electronic,female,前日に共有,さーら,5.0,,QR,2026-07-24 05:16:55,,2026-09-04 19:01:10,,,listing,2,60000,"QR毎/初期当選/アリツア落選名義/重複すり替えなし/着ブロ希望なし/下3桁提示可能｜有効期限内/発送物戻りなし

公演前日夜にログインに必要な情報をお伝えしま...",True
fng9qacmwq,,milesixtones-2026,2026-11-22,16:30,日産スタジアム,electronic,female,同行,Hana,5.0,,同行記載あり,2026-08-06 12:30:23,,2026-09-04 19:01:10,,,listing,1,35000,"2名義中1番手同行/有効期限内/下3桁提示可能/着ブロ指定なし/初期選

当日開場時間前にこちらが指定した場所、時間に集合して頂き同時に入場して頂きます。
公演...",True
ujqo4qt0ck,,milesixtones-2026,2026-11-22,16:30,日産スタジアム,electronic,female,同行,ちゅきめろ,5.0,,番手,2026-08-09 11:42:08,,2026-09-04 19:01:10,,,listing,2,24000,"FC先行/初期当選/2名義中2番手/下3桁提示可能/すり替えなし

プラベルで専用出品致しますので、メッセージお願い致します。

・公演当日は開場時間30分前を...",True
7otixha2i9,,milesixtones-2026,2026-11-22,16:30,日産スタジアム,electronic,female,同時入場,Ｊ,5.0,,番手,2026-07-25 15:39:56,,2026-09-04 19:01:10,,,listing,2,20000,"４名義中４番手のお譲り
プラベル出品可/全て２連当選/すり替えなし/該当名義/初期当選/当選名義下３桁提示/有効期限内/Pay-easy入金/着ブロ指定なし/サ...",True
9cb6d0ohma,,milesixtones-2026,2026-11-22,16:30,日産スタジアム,electronic,female,公演日2日前までにQRコード共有,♡,5.0,,QR,2026-07-24 06:19:52,,2026-09-04 19:01:10,,,listing,1,69000,"単番当選QRごとのお譲り。
着ブロ申し込みなし、今までエラーなし郵便戻りなし
前回当選東京ドームアリーナ席

すり替えなし入金後下3桁提示可能。
ランダムエラー...",True
0nmtuy7o7s,,milesixtones-2026,2026-11-22,16:30,日産スタジアム,electronic,female,同行,Y,5.0,,番手,2026-08-04 14:55:55,,2026-09-04 19:01:10,2026-09-04 19:01:10,transition_observed,sold,2,20000,"FC先行 有効期限内　下3桁提示可 コンビニ払い  5名義中5番手　すり替えなし

・座席選択権はございません。
・入場はお連れ様と分かれる場合がありますが必ず...",True
199ynilsul,,milesixtones-2026,2026-11-22,16:30,日産スタジアム,electronic,female,同行,な,5.0,,番手,2026-07-24 09:58:58,,2026-09-04 19:01:10,,,listing,2,35000,"3名義中2番手/初期当選/すり替えなし/有効期限内/下3桁提示可/着ブロ希望なし
3名義とも前回ドームスタンド(YOUNG OLD)
　
⭐️プライベート出品し...",True
o1itutvks7,,milesixtones-2026,2026-11-22,16:30,日産スタジアム,electronic,none,同行,り,5.0,,番手,2026-07-27 11:59:10,,2026-09-04 19:01:10,,,listing,2,30000,"2名義中2番手

初期当選/FC先行/すり替えなし/着ブロ無/有効期限内/同一クレカなし/下3桁提示可/サイチェン不可

*公演当日は開場時間20〜30分前に会...",True
htjvt68dwl,,milesixtones-2026,2026-11-22,16:30,日産スタジアム,electronic,female,2名義中2番手のお渡し,m,5.0,,番手,2026-07-25 06:50:27,,2026-09-04 19:01:10,,,listing,1,30000,"・ご購入をご希望の方はメッセージをお願い致します。

公演当日、開場15分前を目安に会場付近で待ち合わせをし、同時入場をしていただきます。
買い手様が座席を選ぶ...",True
5yy8onb8w5,,milesixtones-2026,2026-11-22,16:30,日産スタジアム,electronic,female,同行,a,5.0,,同行,2026-08-05 13:22:50,,2026-09-04 19:01:10,2026-09-04 19:01:10,transition_observed,sold,1,50000,"有効期限内/アリツ落選名義/下三桁提示可/初期当選/重複すり替えなし/着ブロ希望なし

当方ジェシー担となりますので担当のご配慮いただけますと幸いです。

当日...",True
8v1ntymg06,,milesixtones-2026,2026-11-22,16:30,日産スタジアム,electronic,female,3名義中2番手,R,5.0,,同行記載あり,2026-07-24 05:31:35,,2026-09-04 19:01:10,,,listing,2,61000,"3名義中2番手
下三桁提示可能/すり替えなし/有効期限内/全てアリツ落選名義/前回スタンド名義含む

・公演当日は開場時間20~30分前に会場付近で待ち合わせを...",True
iqbgdnc785,,milesixtones-2026,2026-11-22,16:30,日産スタジアム,electronic,female,３名義中3番手,あ,5.0,,番手,2026-07-25 02:57:52,,2026-09-04 19:01:10,,,listing,2,24000,"3名義中3番手 
初期当選/有効期限内/すり替えなし/下3桁提示可

当日会場にて待ち合わせ、同時入場していただきます。
入場の際、端末をお借りする場合がござい...",True
3o3erlr3nc,,milesixtones-2026,2026-11-22,16:30,日産スタジアム,electronic,female,同時入場,mi,5.0,,番手,2026-07-24 15:37:18,,2026-09-04 19:01:10,,,listing,2,40000,"プラベルにて再度出品いたしますので、お取引希望の方はメッセージにてご連絡ください。

【条件あり】
5名義中4番手、1〜3番手除く残りの2名義より座席を選択でき...",True
9sx5kq713q,,milesixtones-2026,2026-11-22,16:30,日産スタジアム,electronic,female,同行,ぽよ,5.0,,ランダム,2026-07-25 07:04:25,,2026-09-04 19:01:10,,,listing,2,16000,"【条件あり】
チケットを複数所持しております。同時入場後にチケットを一旦回収し、開演10分前を目処に再集合の上チケットをお渡しさせていただきます。座席についての...",True
inr06zpcpt,,milesixtones-2026,2026-11-22,16:30,日産スタジアム,electronic,female,同行,S,5.0,,番手,2026-08-03 12:39:51,,2026-09-04 19:01:10,,,listing,2,30000,"FC先行/初期当選/3名義中3番手/下3桁提示可/有効期限内/すり替えなし


トラブル防止のためご購入は20歳以上の日本人女性でお願いいたします。公演当日、開...",True
3pfd3mytd4,,milesixtones-2026,2026-11-22,16:30,日産スタジアム,electronic,female,ランダム配布,💫,5.0,,ランダム記載あり,2026-07-24 08:03:44,,2026-09-04 19:01:10,2026-09-04 19:01:10,transition_observed,sold,2,22000,"・同時入場していただき一度チケットを回収し、開演時間までにランダムでチケットをお渡しします。座席選択はできません。

・複数人で入場するため、QRコードの表示に...",True
9ndgrtp7my,,milesixtones-2026,2026-11-22,16:30,日産スタジアム,electronic,female,公演1日前にログイン情報共有,A,5.0,,QR,2026-07-25 04:42:03,,2026-09-04 19:01:10,,,listing,2,45000,"初期当選/QR毎/着ブロなし/下3桁提示可/有効期限内/郵送物戻りなし

・同行者の同意チェックはこちらで済ませ、代表者の同意チェックは買い手様にお任せいたしま...",True
59ofl06q8o,,milesixtones-2026,2026-11-22,16:30,日産スタジアム,electronic,female,当日手渡し,💚,5.0,,ランダム,2026-07-24 13:47:41,,2026-09-04 19:01:10,,,listing,2,15000,"座席未定、ランダム配布
全て有効期限内/過去エラーなし
・2枚での購入の場合は2連でのお渡し可能です。
・プライベート出品に切り替えますので、購入希望の方はコメ...",True
ja3gm3o6rm,,milesixtones-2026,2026-11-22,16:30,日産スタジアム,electronic,female,4名義中4番手,れの,5.0,,番手,2026-07-29 05:39:41,,2026-09-04 19:01:10,,,listing,2,16000,4名義中4番手/該当名義/初期当選/すり替えなし/下3桁提示可/有効期限内 / 発送物戻りなし/着ブロ希望なし/サイチェン可/本人確認不可/Pay-easy入金...,True
2iy8xihb5b,,milesixtones-2026,2026-11-22,16:30,日産スタジアム,electronic,female,公演日当日,k,5.0,,ランダム,2026-08-16 21:04:53,,2026-09-04 19:01:10,,,listing,2,11000,"⭐️少人数ランダム配布⭐️/⭐️座席によっては即渡⭐️
初期当選名義のみ/早渡し上乗せ/相場買取可/不備無し名義のみ


⚠️ランダム配布にご理解ある方のみ御購...",True
w59tha4g8v,,milesixtones-2026,2026-11-22,16:30,日産スタジアム,electronic,female,同時入場,ちー,5.0,,番手,2026-07-25 13:26:41,,2026-09-04 19:01:10,,,listing,2,35000,"即4.0/FC先行/7名義中5番手/すり替えなし/下3桁提示可/初期当選のみ/有効期限内

・当日は会場付近の指定した場所に時間厳守で集合していただきます。開場...",True
jqp3ql0rnj,,milesixtones-2026,2026-11-22,16:30,日産スタジアム,electronic,female,同行,R,5.0,,同行番手,2026-07-28 13:15:52,,2026-09-04 19:01:10,2026-09-04 19:01:10,transition_observed,sold,1,58000,"3名義中1番手　下3提示可　有効期限内名義
・公演当日は開場時間15~30分前に会場付近で待ち合わせをし、同時入場していただきます。
・待ち合わせ場所、詳しい時...",True
0klpts8jy7,,milesixtones-2026,2026-11-22,16:30,日産スタジアム,electronic,female,同行,しもし,5.0,,番手同行,2026-08-14 04:05:26,,2026-09-04 19:01:10,,,listing,2,35000,"FC先行 座席未定2名義中2番手すり替えなし/有効期限内／下3桁提示可能
※ゲートによってはQR毎のお譲りの可能性があります。

会場付近にて待ち合わせし、同時...",True
jcl7qhl001,,milesixtones-2026,2026-11-22,16:30,日産スタジアム,electronic,female,3名義中3番手,R,5.0,,同行記載あり,2026-07-24 05:29:01,,2026-09-04 19:01:10,,,listing,2,52000,"3名義中3番手
下三桁提示可能/すり替えなし/有効期限内/全てアリツ落選名義/前回スタンド名義含む

・公演当日は開場時間20~30分前に会場付近で待ち合わせを...",True
ltgow0shh0,,milesixtones-2026,2026-11-22,16:30,日産スタジアム,electronic,female,同行,るる,5.0,,同行番手,2026-07-24 08:59:17,,2026-09-04 19:01:10,,,listing,1,40000,"FC先行/2名義中2番手/入場後早めのお渡し可/すり替えなし/下3桁提示可/初期当選のみ/アリツ落選名義

・当日は会場付近の指定した場所に時間厳守で集合してい...",True
xceu9fyr98,,milesixtones-2026,2026-11-22,16:30,日産スタジアム,electronic,female,ランダム,み,5.0,,ランダム,2026-07-24 19:29:33,,2026-09-04 19:01:10,,,listing,2,14000,"プラベル移行可能な方優先
少人数ランダム

・公演当日、開場30~40分前を目安に会場付近で待ち合わせをし、同時入場をしていただきます。
買い手様が座席を選ぶこ...",True
e547u3nx1r,,milesixtones-2026,2026-11-22,16:30,日産スタジアム,electronic,female,同行,H,5.0,,番手,2026-07-25 06:40:38,,2026-09-04 19:01:10,,,listing,2,35000,"3名義中2番手

FC先行/初期当選/すり替えなし/下3桁提示可能/全て有効期限内名義

公演当日開場30〜15分前に集合して頂きます。詳しい時間、場所等はマイ...",True
dz9r5xw9rc,,milesixtones-2026,2026-11-22,16:30,日産スタジアム,electronic,female,同行,m,4.9,,同行ランダム,2026-07-24 08:48:04,,2026-09-04 19:01:10,,,listing,2,32000,🌟すり替えなしランダム🌟すべて初期当選、有効期限内、着ブロなし、下3桁提示可能です。複数名義当選のため、開演時刻の2時間30分前までに会場付近に集合していた...,True
eu8x8r2qeq,,milesixtones-2026,2026-11-22,16:30,日産スタジアム,electronic,female,5名義中3番手,k,5.0,,番手,2026-08-11 15:36:19,,2026-09-04 19:01:10,,,listing,2,35000,"プライベート出品もしくはプラベルに切り替えますので、事前にご連絡お願いいたします。

5名義中3番手
初期当選/有効期限内/すり替えなし
入金確認出来次第の下3...",True
1h8xmows5n,,milesixtones-2026,2026-11-22,16:30,日産スタジアム,electronic,female,同時入場,rty,5.0,,番手,2026-08-01 23:52:37,,2026-09-04 19:01:10,,,listing,2,37000,"5名義中3番手/有効期限内/下3桁提示可能/着ブロ指定なし/初期当選

当日開場時間前にこちらが指定した場所、時間に集合して頂き同時に入場して頂きます。また入場...",True
sdmi3njh1z,,milesixtones-2026,2026-11-22,16:30,日産スタジアム,electronic,female,ランダム配布,H,5.0,,ランダム記載あり,2026-07-24 08:15:37,,2026-09-04 19:01:10,,,listing,2,13000,"【条件あり】
複数名義所持の為、発券後、一度チケットを回収し選ばせていただきます。座席を選ぶのにお時間いただく場合がございます。開演10分前までにはチケットお渡...",True
vczm9oy0x4,,milesixtones-2026,2026-11-22,16:30,日産スタジアム,electronic,female,2名義中2番手,mo,5.0,,番手,2026-07-28 11:55:22,,2026-09-04 19:01:10,,,listing,2,30000,"2名義中2番手/座席未定/すり替えなし/下3桁提示可能/有効期限内

以下の記載内容をご確認の上ご購入ください。

【入場前】
同行者登録はこちらで行います。...",True
n6snb2bjxv,,milesixtones-2026,2026-11-22,16:30,日産スタジアム,electronic,female,同行,U,5.0,,ランダム,2026-07-24 05:57:41,,2026-09-04 19:01:10,,,listing,2,15000,【入場時ランダムエラーの場合の全額返金保証、立見なし】コメントいただければプラベル切り替え可能。ランダムのお渡しとなり、購入者様の座席選択権はありませんことご理...,True
u9irbigt54,,milesixtones-2026,2026-11-22,16:30,日産スタジアム,electronic,female,同行,☆,5.0,,番手同行,2026-07-26 04:35:24,,2026-09-04 19:01:10,,,listing,2,55000,"4名義中2番手/初期当選/有効期限内/すり替え無し/下3桁提示〇

・当日は会場付近の当方の指定した場所に集合していただき、同時入場をお願い致します。
・入場の...",True
4n7xmo5svr,,milesixtones-2026,2026-11-22,16:30,日産スタジアム,electronic,female,同行,f,5.0,,番手,2026-07-24 12:23:29,,2026-09-04 19:01:10,,,listing,2,40000,"座席未定 3名義中2番手 初期当選 下3桁提示可能

・当日、開場時間の【30分前】に会場近くで集合をお願い致します。詳細は追って待ち合わせ場所、詳しい時間等は...",True
0wuljocdam,,milesixtones-2026,2026-11-22,16:30,日産スタジアム,electronic,female,2名義中2番手,乃,5.0,,番手,2026-07-27 14:08:36,,2026-09-04 19:01:10,,,listing,2,28000,"FC先行/2名義中2番手/座席未定/有効期限内名義/すり替えなし/下3桁提示可/コンビニ支払

公演当日開場30分前に会場付近にて待ち合わせし、同時入場していた...",True
oankeuhuru,,milesixtones-2026,2026-11-22,16:30,日産スタジアム,electronic,female,当日手渡し,na,5.0,,番手,2026-07-25 13:07:47,,2026-09-04 19:01:10,,,listing,2,70000,"2名義中2番手/初期当選/着ブロ希望なし/有効期限内名義/下3桁提示可能

【必ずお読みください】
・﻿﻿開場15分前を目処に会場付近に集合し同時入場していただ...",True
8bb2atoyay,,milesixtones-2026,2026-11-22,16:30,日産スタジアム,electronic,female,ランダム配布,M,5.0,,ランダム,2026-07-24 06:19:13,,2026-09-04 19:01:10,2026-09-04 19:01:10,transition_observed,sold,2,16000,"【ランダム配布】全て初期当選、会員有効期限内、女性名義

１．同時入場後、全てのチケットを回収し一旦解散させて頂きます。当方座席選択後、ランダムにチケットをお渡...",True
hlizq2th2a,,milesixtones-2026,2026-11-22,16:30,日産スタジアム,electronic,none,当日,あぴ,5.0,,番手,2026-07-26 13:30:52,,2026-09-04 19:01:10,2026-09-04 19:01:10,transition_observed,sold,2,18000,"9名義中7番手

プラベル出品可/初期当選/全て2連当選/すり替えなし/下3桁提示可/有効期限内/ペイジーまたはコンビニ入金/着ブロ指定なし/本人確認不可

【...",True
yk2vqb5nmq,,milesixtones-2026,2026-11-22,16:30,日産スタジアム,electronic,female,同行,あ,5.0,,番手,2026-07-27 05:50:03,,2026-09-04 19:01:10,,,listing,2,30000,"6名義中5番手/すり替えなし/下3桁提示可

当日は開場30分前頃に、会場付近の当方指定場所へご集合いただきます。

ご入場後、すべてのチケットを一度回収させて...",True
44cq4kzqgj,,milesixtones-2026,2026-11-22,16:30,日産スタジアム,electronic,female,同行,♡,5.0,,番手,2026-07-25 04:01:05,,2026-09-04 19:01:10,2026-09-04 19:01:10,transition_observed,sold,2,40000,"2名義中2番 ／FC先行／初期当選／座席未定／すり替えなし／下3桁掲示可／着ブロ希望なし／郵送物戻りなし／有効期限内名義
・こちらは2名義中2番手のチケットとな...",True
cg1j2danyr,,milesixtones-2026,2026-11-22,16:30,日産スタジアム,electronic,female,同行,♡,5.0,,番手同行,2026-08-05 15:51:53,,2026-09-04 19:01:10,,,listing,2,0,"3名義中2.3番手でのお譲りです。
希望金額と、番手お伝えください。
専用出品での取引を予定しております。",True
bb1aos3nch,,milesixtones-2026,2026-11-22,16:30,日産スタジアム,electronic,female,同行,かい,5.0,,同行番手,2026-08-01 10:06:04,,2026-09-04 19:01:10,2026-09-04 19:01:10,transition_observed,sold,1,60000,"2名義中1番手　同行
プライベート出品に切り替えますので、メッセージお願いいたします。

田中担不可／下3桁提示可／有効期限内／初期当選／すり替えなし

【お取...",True
d8h2xf64ff,,milesixtones-2026,2026-11-22,16:30,日産スタジアム,electronic,female,3名義中2番手/すり替えなし,☆ミ,5.0,,番手,2026-07-26 00:08:51,,2026-09-04 19:01:10,,,listing,2,35000,"⭐️ プライベートモードにて再度出品いたしますので、お取引希望の方はメッセージにてご連絡ください。

当日開場前に集合し、同時入場して頂きます。同時入場後にチケ...",True
n33zmtmcal,,milesixtones-2026,2026-11-22,16:30,日産スタジアム,electronic,female,公演前日QR共有,Ｊ,5.0,,QR,2026-07-24 07:28:26,,2026-09-04 19:01:10,2026-09-04 19:01:10,transition_observed,sold,2,55000,"FC先行
同行なし、すり替えなし、有効期限内、条件特になし
同行者登録は可能になり次第速やかに終わらせます。
ご希望の方へは下三桁お知らせ可能です。

プライベ...",True
nhy14jj2x9,,milesixtones-2026,2026-11-22,16:30,日産スタジアム,electronic,female,同行,ぴ,5.0,,同行,2026-07-28 13:36:54,,2026-09-04 19:01:10,,,listing,1,25000,"※当日3.0手渡しお願い致します

FC初期当選/有効期限内/重複すり替えなし/会員番号下3桁提示可

プライベート出品に変更するため、購入希望の方は担当様明記...",True
aezktu7f5n,,milesixtones-2026,2026-11-22,16:30,日産スタジアム,electronic,female,同行 ランダムor番手,s,5.0,,番手同行,2026-08-15 04:00:47,,2026-09-04 19:01:10,,,listing,2,10000,"
こちらはランダムの金額です。
QRの表示にご協力いただく場合がありますのでその際には持ち逃げ防止の観点から身分証を一時的にお預かりさせていただきます。
ご了承...",True
ife9uiv22d,,milesixtones-2026,2026-11-22,16:30,日産スタジアム,electronic,female,当日会場でお待ち合わせにて,K,5.0,,QR,2026-07-25 11:14:45,,2026-09-04 19:01:10,,,listing,2,53000,"初期当選/2連QR毎/下3桁提示可/重複すり替えなし/有効期限内/着ブロ希望なし/発送物戻りなし/2025スタンド上段、2026落選

即決6.0

・担降りの...",True
ktug5oacjh,,milesixtones-2026,2026-11-22,16:30,日産スタジアム,electronic,female,同行,な,5.0,,同行,2026-08-12 11:23:52,,2026-09-04 19:01:10,2026-09-04 19:01:10,transition_observed,sold,1,50000,"FC先行/初期当選/有効期限内/すり替えなし/下3桁提示可/サイチェン可
アリツア未使用名義

当日開場の10分前を目安に集合し同時入場していただきます。集合場...",True
skofd9z0el,,milesixtones-2026,2026-11-22,16:30,日産スタジアム,electronic,female,ランダム配布,my,5.0,,ランダム,2026-07-25 12:37:35,,2026-09-04 19:01:10,2026-09-04 19:01:10,transition_observed,sold,2,20000,"⭐️ランダム配布⭐️中相場買取可⭐️

複数名義所持の為、入場後チケットを回収させていただき、座席選択後にランダムにチケットを配布させていただきます。
座席選択...",True
zmo9j62nr6,,milesixtones-2026,2026-11-22,16:30,日産スタジアム,electronic,none,同行,O,5.0,,番手,2026-07-24 07:29:01,,2026-09-04 19:01:10,,,listing,2,33000,"
2名義中2番手
下三桁提示可能/すり替えなし/有効期限内/着席希望なし/

・公演当日は開場時間20~30分前に会場付近で待ち合わせをし、同時入場していただき...",True
xzyr4wlirt,,milesixtones-2026,2026-11-22,16:30,日産スタジアム,electronic,female,重複すり替えなし同行,a,5.0,,同行,2026-07-30 00:27:15,,2026-09-04 19:01:10,2026-09-04 19:01:10,transition_observed,sold,1,43000,"初期当選/代表同行FC/下3桁提示可/松村担不可/最終当選スタンド/公演中止に限り返金/プラベ出品可

・重複すり替えなし、着ブロ希望なし、同行者FC枠
・連番...",True
5da61l7ihi,,milesixtones-2026,2026-11-22,16:30,日産スタジアム,electronic,female,同時入場,あお,5.0,,同行番手,2026-08-11 07:58:56,,2026-09-04 19:01:10,2026-09-04 19:01:10,transition_observed,sold,2,20000,"6名義中4番手

初期当選/すり替えなし/下3桁提示可/有効期限内/コンビニ入金/着ブロ指定なし

【集合時間】
開場の30分前 会場近くの指定場所

【返金】...",True
ppq0h3ew6a,,milesixtones-2026,2026-11-22,16:30,日産スタジアム,electronic,female,同行,F,5.0,,ランダム,2026-07-24 09:39:59,,2026-09-04 19:01:10,,,listing,2,13800,"【ランダム配布】全て初期当選、有効期限内
必ず全て確認してからご購入ください。

・ランダム配布　座席選択権なし
チケットは発券後に一旦回収いたします。
お渡し...",True
e9972byvcd,1785036491768,milesixtones-2026,2026-11-22,16:30,日産スタジアム,electronic,female,公演前日,🌟,5.0,,QR,2026-07-26 03:28:11,,2026-09-04 18:01:17,2026-09-04 05:01:12,transition_observed,sold,1,50000,"QR毎/初期当選/女性名義/アリツア落選名義/重複すり替えなし/着ブロ希望なし/下3桁提示可能/有効期限内
公演前日にログインに必要な情報をお伝えします。
当日...",True
nk4bnbrual,,milesixtones-2026,2026-11-22,16:30,日産スタジアム,electronic,female,同行,🍒,5.0,,番手,2026-07-26 02:10:43,,2026-09-04 19:01:10,2026-09-04 19:01:10,transition_observed,sold,2,20000,"4名義中4番手
すり替えなし、下3桁提示可
初期当選／期限内／同一クレカなし

開場30分前を目安に入場口周辺での待ち合わせを予定しています。
同時入場していた...",True
jdpq17jr91,,milesixtones-2026,2026-11-22,16:30,日産スタジアム,electronic,female,当日手渡し,R,5.0,,同行番手,2026-07-24 10:48:49,,2026-09-04 19:01:10,,,listing,2,30000,"初期当選/2名義中2番手/有効期限内/すり替えなし/下3桁提示可能/本人確認対応不可

ブラベルにて専用出品させていただきますので、購入前にコメントください。...",True
jv3d3j1ph9,,milesixtones-2026,2026-11-22,16:30,日産スタジアム,electronic,female,同行,n,5.0,,同行番手,2026-07-25 08:03:21,,2026-09-04 19:01:10,,,listing,2,32000,"2名義中2番手/すり替えなし/着ブロなし/有効期限内/下3桁提示可
会場付近にて待ち合わせし、同時入場していただきます。
入場後一旦チケットを回収し、当方が座席...",True
n82yiegnqg,,milesixtones-2026,2026-11-22,16:30,日産スタジアム,paper,female,当日手渡し,R,5.0,,番手,2026-07-31 07:08:58,,2026-09-04 19:01:10,,,listing,2,30000,"7名義中4番手 番手理解ある方のみご購入くださいませ。
当日は会場45分前を目安に指定の場所へお越しくださいますようお願いいたします。
また、複数の方にお集まり...",True
i7vglek6g5,,milesixtones-2026,2026-11-22,16:30,日産スタジアム,electronic,female,当日同時入場,ね,5.0,,番手,2026-07-28 16:53:26,,2026-09-04 19:01:10,,,listing,2,30000,"4名義中4番手
初期当選/有効期限内/すり替えなし/着ブロ指定なし/下3桁提示可/本人確認不可

・開場時間に会場付近での待ち合わせを予定しています。時間厳守に...",True
ys4cl8942d,,milesixtones-2026,2026-11-22,16:30,日産スタジアム,electronic,female,同行,t,5.0,,番手,2026-07-27 16:36:03,,2026-09-04 19:01:10,,,listing,2,30000,"2名義中2番手
FC初期当選　すり替えなし　下3桁提示可能　戻りエラー履歴なし

同時入場後チケットを一度回収し、2連でお渡しします。
お渡し後のサイチェンは可...",True
a9tlctbw86,,milesixtones-2026,2026-11-22,16:30,日産スタジアム,electronic,female,同行,Mike,5.0,,同行,2026-07-25 11:32:05,,2026-09-04 19:01:10,,,listing,1,60000,"同行での取引です。 個人でのサイチェン可
お取引決まりましたらプラベ出品させて頂きます。

公演当日は開場30分前頃に会場付近に集合し、同時入場して頂きます。（...",True
4viwcdmv3b,,milesixtones-2026,2026-11-22,16:30,日産スタジアム,electronic,female,公演日7日前までにQRコード共有,陽菜,4.8,,QR,2026-08-03 03:35:08,,2026-09-04 19:01:10,,,listing,2,50000,QR毎/初期当選/すり替えなし/下3桁提示可/有効期限内/発送物戻りなし,True
3fewwd4dmh,,milesixtones-2026,2026-11-22,16:30,日産スタジアム,electronic,female,同行,ウォン,5.0,,同行,2026-08-20 00:53:40,,2026-09-04 19:01:10,,,listing,1,40000,"重複なし同行、有効期限内、FC初期当選、変更ボタン有、同一クレカ決済なし、着ブロ該当なし、下３桁提示可能
当日指定した時間(予定では開演1時間前)を目処に会場付...",True
bik7tfemg5,,milesixtones-2026,2026-11-22,16:30,日産スタジアム,electronic,female,5名義中4番手,k,5.0,,番手,2026-08-15 02:45:08,,2026-09-04 19:01:10,,,listing,2,25000,"プライベート出品もしくはプラベルに切り替えますので、事前にご連絡お願いいたします。

5名義中4番手
初期当選/有効期限内/すり替えなし
入金確認出来次第の下3...",True
ddgj2ixnjt,,milesixtones-2026,2026-11-22,16:30,日産スタジアム,electronic,female,同行,Ko,5.0,,番手,2026-07-24 15:01:05,,2026-09-04 19:01:10,2026-09-04 19:01:10,transition_observed,sold,2,21000,"初期当選/4名義中4番手/有効期限内/下3桁提示可能、すり替えなし/着ブロ希望なし/本人確認不可

4名義中の4番手のチケットです。
公演当日は会場付近にて開場...",True
qtxl2ykzjy,,milesixtones-2026,2026-11-22,16:30,日産スタジアム,electronic,female,3名義中2番手,あ,5.0,,番手,2026-07-25 02:49:03,,2026-09-04 19:01:10,,,listing,2,40000,"3名義中2番手 
初期当選/有効期限内/すり替えなし/下3桁提示可

当日会場にて待ち合わせ、同時入場していただきます。
入場の際、端末をお借りする場合がござい...",True
12e199wd5s,,milesixtones-2026,2026-11-22,16:30,日産スタジアム,electronic,female,公演前日にログイン情報をお伝えいたします,kr,5.0,,QR,2026-08-17 14:38:41,,2026-09-04 19:01:10,,,listing,2,48000,"QR毎、重複すり替えなし、初期当選、下3桁提示可

公演中止以外での返金は致しかねます。
ご理解いただける方のみご購入下さい。",True
tyn52392ex,,milesixtones-2026,2026-11-22,16:30,日産スタジアム,electronic,female,ランダム配布,💫,5.0,,ランダム記載あり,2026-07-24 07:42:23,,2026-09-04 19:01:10,2026-09-04 19:01:10,transition_observed,sold,2,11000,"・同時入場していただき一度チケットを回収し、開演時間までにランダムでチケットをお渡しします。座席選択はできません。

・複数人で入場するため、QRコードの表示に...",True
joifrf4tza,,milesixtones-2026,2026-11-22,16:30,日産スタジアム,electronic,female,前日までにログイン情報提示,み,5.0,,QR,2026-07-24 09:24:25,,2026-09-04 19:01:10,,,listing,2,45000,"QR毎/FC先行/着ブロ選択なし/座席未定/初期当選/下3桁提示可/有効期限内  

公演日前日にログイン情報をお伝えします。
同行者の同意チェックはこちらで済...",True
ox13oz0etu,,milesixtones-2026,2026-11-22,16:30,日産スタジアム,electronic,female,公演当日,なち,5.0,,番手,2026-08-04 05:27:27,,2026-09-04 19:01:10,,,listing,2,40000,"


メッセージ確認できましたらプライベート出品に変更させていただきます。

4名義中3番手/初期当選/有効期限内/すり替えなし/下3桁提示可/着ブロなし

・...",True
12xqocjnp7,,milesixtones-2026,2026-11-22,16:30,日産スタジアム,electronic,female,同行,⭐︎,5.0,,ランダム,2026-08-02 09:18:32,,2026-09-04 19:01:10,,,listing,1,12000,"ランダム配布

チケットを全て回収後、開演30分ほど前を目処に再度会場内でお待ち合わせしチケットをお渡しいたします。

・複数の方にお集まり頂くため時間厳守でお...",True
zffot4zw3y,,milesixtones-2026,2026-11-22,16:30,日産スタジアム,electronic,female,2名義中2番手,ほ,5.0,,番手,2026-08-27 11:08:19,,2026-09-04 19:01:10,,,listing,2,31500,"2名義中2番手/下3桁提示可/初期当選/すり替えなし

公演当日は、会場付近にて開場15分前に集合し同時入場していただきます。時間は変更する場合がございます。詳...",True
burl95igaf,,milesixtones-2026,2026-11-22,16:30,日産スタジアム,electronic,female,同行,R,5.0,,番手,2026-07-29 07:18:57,,2026-09-04 19:01:10,,,listing,2,10000,"初期当選/下3桁提示可/有効期限内/すり替えなし/不備なし

7名義中4.5番手のお譲り先を探してます
①番手
②枚数 
③金額
こちら①~③全てをメッセージに...",True
zkx8mdbfxr,,milesixtones-2026,2026-11-22,16:30,日産スタジアム,electronic,none,同行,yuu,5.0,,番手同行,2026-07-27 14:28:56,,2026-09-04 19:01:10,,,listing,2,22000," 4名義中4番手／すり替えなし
全て初期当選、有効期限内、下3桁提示可

公演当日、最寄駅または会場付近にて待ち合わせし、同時入場していただきます。
詳しい待ち...",True
dkh5rllwx0,,milesixtones-2026,2026-11-22,16:30,日産スタジアム,electronic,female,4名義中2番手,み,5.0,,番手,2026-07-27 00:32:58,,2026-09-04 19:01:10,,,listing,2,40000,"4名義中2番手/下三桁提示可能/有効期限内/初期当選/すり替えなし
・4名義中2番手のお渡しです。
連番で購入の場合、入場の際は連番相手の方と別れて入場して頂く...",True
9fg85f9uab,,milesixtones-2026,2026-11-22,16:30,日産スタジアム,electronic,female,同行,な,5.0,,番手,2026-08-02 13:18:42,,2026-09-04 19:01:10,,,listing,2,24000,"初期当選/ 2名義中2番手/サイチェン可/すり替え無し/着ブロ希望なし/同一クレカ決済なし/下3桁提示可/有効期限内/

・公演当日会場付近にて開場10〜20分...",True
4sebs53jcf,,milesixtones-2026,2026-11-22,16:30,日産スタジアム,electronic,female,同時入場,むー,5.0,,番手,2026-07-24 15:59:42,,2026-09-04 19:01:10,,,listing,2,42000,"8名義中5番手　

FC先行 有効期限内/下3桁提示可/ すり替えなし

  ・入場はお連れ様と分かれる場合がありますが、2連でご購入の場合には、必ず2連のチケ...",True
fb4yygswsm,,milesixtones-2026,2026-11-22,16:30,日産スタジアム,electronic,female,同行,Y,5.0,,同行,2026-07-27 08:07:08,,2026-09-04 19:01:10,,,listing,2,55000,"プライベート出品にする為ご購入の方はご連絡ください。
FC先行/2連中2番手/女性名義/アリツア落選名義/初期当選/着ブロ指定無し/有効期限内
重複すり替えなし...",True
5dec5rhno0,,milesixtones-2026,2026-11-22,16:30,日産スタジアム,electronic,female,同行,m,4.9,,同行ランダム,2026-07-24 08:52:30,,2026-09-04 19:01:10,2026-09-04 19:01:10,transition_observed,sold,1,24000,"複数名義当選のため、開演時刻の2時間30分前までに会場付近に集合していただき、同時入場後、一旦チケットを回収してこちらで先に座席選択させていただきます。
複数の...",True
um6h2306tx,,milesixtones-2026,2026-11-22,16:30,日産スタジアム,electronic,female,同行,💙,5.0,,ランダム,2026-07-27 13:30:32,,2026-09-04 19:01:10,2026-09-04 19:01:10,transition_observed,sold,2,11000,"重複あり、複数名義中ランダム配布。
購入者様に座席選択権はございません。
プライベート出品しますので購入されずにまずお声がけください。

・複数名義中当方が2連...",True
recdufmzcj,,milesixtones-2026,2026-11-22,16:30,日産スタジアム,electronic,female,公演日前日にQRコード共有,m,5.0,,QR,2026-07-27 00:54:12,,2026-09-04 19:01:10,,,listing,2,50000,"初期当選/下3桁提示可能/有効期限内/変更ボタンあり/発送物戻りなし/初期当選/すり替え重複なし
当選歴なし。
・公演前日にログイン情報の方お伝えいたします。入...",True
mckrzy2suo,,milesixtones-2026,2026-11-22,16:30,日産スタジアム,electronic,female,同行,🍒,5.0,,ランダム,2026-07-26 02:15:06,,2026-09-04 19:01:10,,,listing,2,12000,"ランダム配布
初期当選／期限内／同一クレカなし

開場30分前を目安に入場口周辺での待ち合わせを予定しています。
同時入場していただき一度チケット回収後に再度集...",True
4jaoa6hu2u,,milesixtones-2026,2026-11-22,16:30,日産スタジアム,electronic,none,同行,m,5.0,,同行,2026-07-25 01:27:10,,2026-09-04 19:01:10,,,listing,1,50000,"🌟1名義同行 🌟

ご希望額ご連絡ください。(即以下◎)

プラベル出品に変更するため、ご希望額添えてメッセージお願いいたします。

重複無し同行/発送物戻...",True
90pxp2c991,,milesixtones-2026,2026-11-22,16:30,日産スタジアム,electronic,female,公演前日にログイン情報共有,り,5.0,,QR,2026-07-24 07:41:33,,2026-09-04 19:01:10,,,listing,2,70000,QR毎/初期当選/アリツア落選名義/前回当選歴スタンド/アリツア落選名義/会員番号10万代/重複すり替えなし/着ブロ希望なし/下3桁提示可能｜有効期限内/過去エ...,True
7hl970n0fp,,milesixtones-2026,2026-11-22,16:30,日産スタジアム,electronic,female,同行,na,5.0,,QR番手,2026-08-15 03:46:03,,2026-09-04 19:01:10,,,listing,2,30000,3名義中2番手/下3桁可能,True
92di8gwy5y,,milesixtones-2026,2026-11-22,16:30,日産スタジアム,electronic,female,同行,Lo,5.0,,ランダム,2026-07-31 00:41:04,,2026-09-04 19:01:10,,,listing,2,11000,"少数ランダム配布
プライベート出品に変更するため購入前にコメントお願いします。

以下の内容をご理解いただける方のみご購入をお願いいたします。

・当日は開場時...",True
s6hhqkyzru,,milesixtones-2026,2026-11-22,16:30,日産スタジアム,electronic,female,同行,m,5.0,,同行,2026-08-14 07:48:35,,2026-09-04 19:01:10,,,listing,1,45000,"当方との同行 / 初期当選 / FC有効期限内 
重複すり替えなし 
トラブル防止の為、20歳以上の日本人女性のみでお願いいたします。

当日は会場付近にて待ち...",True
9pagvoueq2,,milesixtones-2026,2026-11-22,16:30,日産スタジアム,electronic,none,当日,あぴ,5.0,,番手,2026-07-28 05:01:46,,2026-09-04 19:01:10,,,listing,2,15000,"9名義中8番手

プラベル出品可/初期当選/全て2連当選/すり替えなし/下3桁提示可/有効期限内/ペイジーまたはコンビニ入金/着ブロ指定なし/本人確認不可

【...",True
af1wa5x59n,,milesixtones-2026,2026-11-22,16:30,日産スタジアム,electronic,female,同行,な,5.0,,同行,2026-08-08 16:32:23,,2026-09-04 19:01:10,,,listing,1,60000,"当方(25↑京本担)と同行/下3桁提示可/重複すり替えなし/初期当選/有効期限内/着ブロ希望なし/京本担不可/サイチェン不可

アリツ落選/当選歴なし

プライ...",True
6tnmzi96ii,,milesixtones-2026,2026-11-22,16:30,日産スタジアム,electronic,female,2名義中2番手,みっきー,5.0,,同行番手,2026-07-24 15:12:20,,2026-09-04 19:01:10,,,listing,2,40000,"FC先行 初期当選 有効期限内名義 下3桁提示可能 Pay-easy決済 2名義中2番手　すり替えなし

・2名義中2番手のお譲りになります。入場後チケットを回...",True
mk54fwrhh4,,milesixtones-2026,2026-11-22,16:30,日産スタジアム,electronic,female,公演前日,C,5.0,,QR,2026-07-24 09:41:02,,2026-09-04 19:01:10,,,listing,1,55000,"プラベル移行可能です
QR毎/初期当選/女性名義/アリツア落選名義/重複すり替えなし/着ブロ希望なし/下3桁提示可能/有効期限内

公演前日にログインに必要な情...",True
609vxn4er7,,milesixtones-2026,2026-11-22,16:30,日産スタジアム,electronic,female,同行,り,5.0,,番手,2026-07-24 13:21:05,,2026-09-04 19:01:10,,,listing,2,35000,"・同時入場後、チケットを一度回収させていただきます。こちらが座席選択後のお渡しです。席を確認しなるべく早くお渡しできるように努めます。
・2連でご購入の場合、お...",True
rltb6tjpq2,,milesixtones-2026,2026-11-22,16:30,日産スタジアム,electronic,female,同行,ｍi,5.0,,番手,2026-08-08 12:38:36,,2026-09-04 19:01:10,2026-09-04 19:01:10,transition_observed,sold,2,35000,"3名義中2番手

※専用出品、プラベル利用いたしますので購入希望の方はメッセージお願いいたします

すり替えなし/下3桁提示可能/有効期限内

お取引希望の方は...",True
kfj0q1ed71,,milesixtones-2026,2026-11-22,16:30,日産スタジアム,electronic,female,公演日前日にログイン情報共有,F,5.0,,QR,2026-07-26 08:25:17,,2026-09-04 19:01:10,,,listing,1,60000,"QR毎/初期当選/アリツア落選名義/初当選/重複すり替えなし/着ブロ希望なし/下3桁提示可能｜有効期限内

公演前日夜にログインに必要な情報をお伝えします。
当...",True
b8t2q8ql16,,milesixtones-2026,2026-11-22,16:30,日産スタジアム,electronic,female,前日夜までに待ち合わせ場所共有します,ho9,5.0,,番手,2026-08-04 15:35:09,,2026-09-04 19:01:10,,,listing,2,30000,"2名義中2番手のお譲りになります。

全て初期当選  有効期限内  すり替えなし  下3桁提示可  サイチェン可

同時入場後、こちらでチケットを確認でき次第す...",True
g2ry06euu1,,milesixtones-2026,2026-11-22,16:30,日産スタジアム,electronic,female,同行,わ,5.0,,番手,2026-07-24 05:39:53,,2026-09-04 19:01:10,,,listing,2,25000,"3名義中2番手
下三桁提示可能/すり替えなし/有効期限内/
アリツ落選名義のみ
・公演当日は開場時間20~30分前に会場付近で待ち合わせをし、同時入場していただ...",True
ntxxg84fly,,milesixtones-2026,2026-11-22,16:30,日産スタジアム,electronic,none,同行,i,5.0,,ランダム記載あり,2026-07-28 13:38:33,,2026-09-04 19:01:10,,,listing,2,22000,"すり替え無し3名義3番手／初期選/有効期限内名義／下三桁提示可能/サイチェン可/過去エラーなし/発送物戻り無し
直近2回スタンド×2/スタンドのみ×1

同時入...",True
cdyaql64qe,,milesixtones-2026,2026-11-22,16:30,日産スタジアム,electronic,female,同行,ゆ,5.0,,同行,2026-07-24 21:58:04,,2026-09-04 19:01:10,,,listing,1,60000,"初期当選 有効期限内 重複なし同行 すり替えなし 

当日開場10分前に会場付近にて集合し同時入場していただきます
いかなる場合も返金不可です
20歳以上日本語...",True
0rinpg8y7h,,milesixtones-2026,2026-11-22,16:30,日産スタジアム,electronic,female,同行,あ,5.0,,番手,2026-07-27 09:53:55,,2026-09-04 19:01:10,,,listing,2,20000,"6名義中5番手/初期当選/有効期限内/下3桁提示可/発送物戻りなし

プライベート出品に切り替えますので購入希望の方はコメントください

・公演当日開場15~3...",True
kchez169kd,,milesixtones-2026,2026-11-22,16:30,日産スタジアム,electronic,female,同行,な,5.0,,番手,2026-07-24 09:57:01,,2026-09-04 19:01:10,,,listing,2,25000,"3名義中3番手/初期当選/すり替えなし/有効期限内/下3桁提示可/着ブロ希望なし
3名義とも前回ドームスタンド(YOUNG OLD)
　
⭐️プライベート出品し...",True
nn5bp12mvl,,milesixtones-2026,2026-11-22,16:30,日産スタジアム,electronic,female,ランダム配布,j,5.0,,ランダム記載あり,2026-07-26 16:15:41,,2026-09-04 19:01:10,,,listing,2,15000,当日は開場時間の15~30分前頃にこちらが指定した場所に集合していただき同時入場後、先に当方が座席選択した後チケットをランダムにお渡しします。座席は選択できませ...,True
rs3ak81p0f,,milesixtones-2026,2026-11-22,16:30,日産スタジアム,electronic,none,手渡し,な,5.0,,ランダム,2026-08-22 12:00:05,,2026-09-04 19:01:10,,,listing,2,10500,"すり替えありランダム配布
複数名義所持しております。入場後全てチケットを一度回収し、解散します。こちらで席を選ばせていただいたあとにランダムでチケットをお渡しし...",True
nzkusi34u7,,milesixtones-2026,2026-11-22,16:30,日産スタジアム,electronic,none,公演日当日にQRコード共有,めんた,5.0,,QR,2026-07-24 05:11:18,,2026-09-04 19:01:10,,,listing,2,62222,"FC先行 座席未定QR／／重複・すり替えなし／／有効期限内
公演日に連絡ボードにて必要な情報をお伝えします。
お席に関するクレーム・送金停止は一切お受け致しかね...",True
3xp4p9utbi,,milesixtones-2026,2026-11-22,16:30,日産スタジアム,electronic,female,公演日前日前までにQRコード共有,もみ,5.0,,QR,2026-08-18 00:46:08,,2026-09-04 19:01:10,,,listing,2,45500,"QR毎 下3桁提示可能 初期当選 すり替えなし


公演中止以外(体調不良、ランダムエラー、遅刻等)のキャンセルは受け付けません。

公演前日にログイン情報お伝...",True
qvg9fcio99,,milesixtones-2026,2026-11-22,16:30,日産スタジアム,electronic,female,同時入場,あ,5.0,,番手,2026-08-01 13:31:38,,2026-09-04 19:01:10,,,listing,2,25000,"4名義中3番手/初期当選/有効期限内/すり替えなし/下3桁提示可/着ブロなし

プライベート出品いたしますので、購入希望の方はご連絡ください。

・当日は会場付...",True
t3bhrs9gl2,,milesixtones-2026,2026-11-22,16:30,日産スタジアム,electronic,female,QRごと,ねこ,5.0,,QR,2026-07-24 16:48:25,,2026-09-04 19:01:10,,,listing,1,80000,"QR毎/初期当選/アリツア落選名義/重複すり替えなし/着ブロ希望なし/下3桁提示可能｜有効期限内

公演前日夜にログインに必要な情報をお伝えします。
当日は速や...",True
1nyln42ue3,,milesixtones-2026,2026-11-22,16:30,日産スタジアム,electronic,female,同時入場,mi,5.0,,ランダム,2026-07-25 06:56:54,,2026-09-04 19:01:10,,,listing,1,25000,"プラベルにて再度出品いたしますので、お取引希望の方はメッセージにてご連絡ください。

【条件あり】
チケットを複数所持しております。同時入場後にチケットを一旦回...",True
ex959f3z47,1786387305532,milesixtones-2026,2026-11-22,16:30,日産スタジアム,electronic,female,同行,あ,5.0,,QR同行番手,2026-08-10 18:41:45,,2026-09-04 06:01:18,,,deleted,1,10000,"2名義中1番手同行
味スタ初日との交換優先


公演当日会場付近にて待ち合わせし、同時入場していただきます。
詳しい待ち合わせ時間・場所等は公演が近づきましたら...",True
xmu8ghwwn2,,milesixtones-2026,2026-11-22,16:30,日産スタジアム,electronic,female,公演日までにログイン情報共有,みつば,5.0,,QR,2026-07-24 09:31:22,,2026-09-04 19:01:10,,,listing,2,55000,"2連QR毎 下３桁提示可能 有効期限内
公演中止の場合のみ返金対応可
過去当選歴:VVS制作解放、やんぐおーるど復活(スタンド)、まいるアリツア落選",True
rik552pkok,,milesixtones-2026,2026-11-22,16:30,日産スタジアム,electronic,female,同行,tan,5.0,,ランダム,2026-07-24 13:16:37,,2026-09-04 19:01:10,,,listing,1,15000,"⭐︎少人数ランダム⭐︎

※プラベルで専用出品致しますので、メッセージお願い致します。
公演当日、開場20分前を目安に会場付近で待ち合わせをし、同時入場をしてい...",True
ov7x6nyoqo,,milesixtones-2026,2026-11-22,16:30,日産スタジアム,electronic,female,同行,Che,5.0,,同行番手,2026-07-24 14:17:42,,2026-09-04 19:01:10,,,listing,1,25000,"4名義中 3番手 初期当選 Pay-easy決済 全有効期限内（変更ボタン有）すり替え無し 全名義下3桁提示可能

公演当日、開場約15分前に会場付近にて待ち合...",True
birqsio2py,,milesixtones-2026,2026-11-22,16:30,日産スタジアム,electronic,female,同行,ゆ,5.0,,番手,2026-07-24 16:13:02,,2026-09-04 19:01:10,2026-09-04 19:01:10,transition_observed,sold,2,40000,"初期当選/有効期限内/すり替えなし/3名義中2番手/下3桁提示可/着ブロ含まず

・当日はこちらが指定した場所にて開場15分前に待ち合わせし、同時入場していただ...",True
4h9qtclihx,,milesixtones-2026,2026-11-22,16:30,日産スタジアム,electronic,female,同時入場,mi,5.0,,番手,2026-07-24 15:39:30,,2026-09-04 19:01:10,,,listing,2,45000,"プラベルにて再度出品いたしますので、お取引希望の方はメッセージにてご連絡ください。

【条件あり】
5名義中3番手、1.2番手除く残りの3名義より座席を選択でき...",True
1cbwsxqb34,,milesixtones-2026,2026-11-22,16:30,日産スタジアム,electronic,female,ランダム配布,💫,5.0,,ランダム記載あり,2026-07-24 07:55:04,,2026-09-04 19:01:10,,,listing,1,11000,"・同時入場していただき一度チケットを回収し、開演時間までにランダムでチケットをお渡しします。座席選択はできません。

・複数人で入場するため、QRコードの表示に...",True
8wov6i96m8,,milesixtones-2026,2026-11-22,16:30,日産スタジアム,electronic,female,同行,さ,5.0,,番手,2026-08-24 04:28:29,,2026-09-04 19:01:10,,,listing,2,20000,"3名義3番手 プライベート出品に変更しますので購入前にコメントお願いいたします 

初期当選  着ブロ無 下3桁提示可能 有効期限内 郵送物戻り無し すり替えな...",True
lxkwna7jmf,,milesixtones-2026,2026-11-22,16:30,日産スタジアム,electronic,female,同行,( ˃◡˂ ),5.0,,ランダム記載あり,2026-08-12 03:52:26,,2026-09-04 19:01:10,2026-09-04 19:01:10,transition_observed,sold,2,25000,"FC先行/2名義中2番手/座席未定/有効期限内名義/すり替えなし/下3桁提示可/コンビニ支払

同時入場していただきお席は先にこちらが選ばせていただくのでお選び...",True
ehgnhzf4gx,,milesixtones-2026,2026-11-22,16:30,日産スタジアム,electronic,female,同行,れ,5.0,,同行,2026-07-24 15:38:45,,2026-09-04 19:01:10,,,listing,1,42000,"

下三桁提示可能/有効期限内/初期当選/重複すり替えなし/サイチェン可

・公演当日は開場時間に会場付近で待ち合わせをし、同時入場していただきます。

・時間...",True
i3onyy386i,,milesixtones-2026,2026-11-22,16:30,日産スタジアム,electronic,female,同行,しゅ,5.0,,同行,2026-07-24 10:53:08,,2026-09-04 19:01:10,2026-09-04 19:01:10,transition_observed,sold,1,75000,"アリツ落選名義/初期当選/重複、すり替えなし

当方との同行となります。

公演中止以外のいかなる場合においても返金不可です。",True
4d7ows91fr,,milesixtones-2026,2026-11-22,16:30,日産スタジアム,electronic,female,同行,poy,5.0,,ランダム,2026-08-03 05:08:37,,2026-09-04 19:01:10,,,listing,2,15000,当日は開場時間の30分前頃を目安にこちらが指定した場所に集合していただき同時入場後、先に当方が座席選択した後チケットをランダムにお渡しします。ご購入者様は座席選...,True
syn63vsnfc,,milesixtones-2026,2026-11-22,16:30,日産スタジアム,electronic,female,同行,m,5.0,,番手,2026-08-14 09:54:27,,2026-09-04 19:01:10,,,listing,2,45000,"4名義中2番手2連

代表名義の下3桁提示可/ランエラ一部返金可/全名義期限内/すり替えなし

※バラとしての8枚中3.4枚目、一部手渡しも可能です。購入前にコ...",True
gory6wt2nx,,milesixtones-2026,2026-11-22,16:30,日産スタジアム,electronic,female,同行,M,5.0,,同行番手,2026-07-25 11:33:20,,2026-09-04 19:01:10,,,listing,2,30000,"2名義中2番手/FC先行/初期当選/有効期限期限内

日本語の話せる方、成人済みの方のみご購入下さい。",True
l0jfxgmmj8,,milesixtones-2026,2026-11-22,16:30,日産スタジアム,electronic,female,公演前日にQRコード共有,りい,5.0,,ランダム記載あり,2026-07-24 08:45:17,,2026-09-04 19:01:10,,,listing,1,50000,"ファンクラブ先行 座席未定 初期当選 
アリツア落選名義  QRごと 有効期限内 
コンビニ決済 重複すり替えなし 
着ブロ指定なし 3桁提示可

・QRごと1...",True
w4fyx8ktk8,,milesixtones-2026,2026-11-22,16:30,日産スタジアム,electronic,female,同行,り,5.0,,同行番手,2026-07-24 12:19:05,,2026-09-04 19:01:10,,,listing,2,35000,"2名義重複/2番手2連/座種未定/初期当選/すり替えなし/下3桁提示可能/公演日有効期限内

※開示懸念のため1部サイト優先。
お話まとまり次第専用またはプラベ...",True
6xvt7psu2k,,milesixtones-2026,2026-11-22,16:30,日産スタジアム,electronic,female,同行,取引,4.6,,QR同行番手ランダム,2026-08-25 19:04:18,,2026-09-04 19:01:10,,,listing,1,37000,"期限内/アリツア落選名義/過去エラーなし  ランダムエラーや本人確認、体調不良、メンバー不在、交通機関の遅延などで入場できなかった場合でも受け取り頂きます。
い...",True
a9bcwmdm9z,,milesixtones-2026,2026-11-22,16:30,日産スタジアム,electronic,female,公演日前日にログイン情報をお伝え致します,M,5.0,,QR,2026-07-26 16:20:09,,2026-09-04 19:01:10,,,listing,2,55000,"FC初期当選 QRごと 有効期限内 アリツア落選名義 QR毎 座席未定
プライベート出品に切り替えてのお取引となります。
必ず事前にコメントください。
すり替え...",True
2nyjx3lgjr,,milesixtones-2026,2026-11-22,16:30,日産スタジアム,electronic,none,ランダム配布,ゆゆゆ,4.7,,ランダム,2026-08-01 14:03:17,,2026-09-04 19:01:10,,,listing,2,14000,"◎お取引初心者の方でも安心してお取引できるよう対応いたします。分からないことがあればお気軽にご質問ください。

下記内容をよくお読みいただき理解した上でご購入く...",True
kspl03ikp9,,milesixtones-2026,2026-11-22,16:30,日産スタジアム,electronic,female,同時入場,rna,5.0,,番手,2026-07-25 13:27:58,,2026-09-04 19:01:10,,,listing,2,45000,"即5.0/FC先行/7名義中4番手/すり替えなし/下3桁提示可/初期当選のみ/有効期限内

・当日は会場付近の指定した場所に時間厳守で集合していただきます。開場...",True
qi7gvra1zj,,milesixtones-2026,2026-11-22,16:30,日産スタジアム,electronic,female,同行,Y,5.0,,番手,2026-07-24 08:52:07,,2026-09-04 19:01:10,2026-09-04 19:01:10,transition_observed,sold,2,20000,"FC先行 有効期限内　下3桁提示可  5名義中4番手　すり替えなし

・5名義中4番手のお譲りになります。入場後チケットを回収し、当方、2・3番手の方が座席選択...",True
9k5cy9zgah,,milesixtones-2026,2026-11-22,16:30,日産スタジアム,electronic,female,同行,❤︎Y,4.8,,同行,2026-07-27 11:03:44,,2026-09-04 19:01:10,,,listing,2,45000,FC先行 座席未定　3名義中の2番手　下3桁掲示可能　Pay-easy支払い　すり替え無し　初期当選　有効期限内　発送物戻りなし　着ブロ指定なし 2026年11...,True
wd0nlt286i,,milesixtones-2026,2026-11-22,16:30,日産スタジアム,electronic,female,同行,rn,5.0,,同行,2026-07-26 17:48:31,,2026-09-04 19:01:10,,,listing,1,70000,"重複すり替え無し / 初期当選 / 有効期限内 / 下三桁提示可 / アリツア落選名義
⚠️松村担不可

当方と同行となります。
同日、会場周辺に集合いただき同...",True
70zcthx0a9,,milesixtones-2026,2026-11-22,16:30,日産スタジアム,electronic,female,同行,f,5.0,,番手,2026-07-24 12:21:26,,2026-09-04 19:01:10,,,listing,2,30000,"座席未定 3名義中3番手 初期当選 下3桁提示可能

・当日、開場時間の【30分前】に会場近くで集合をお願い致します。詳細は追って待ち合わせ場所、詳しい時間等は...",True
me9az0l8yw,,milesixtones-2026,2026-11-22,16:30,日産スタジアム,electronic,female,同行,m,5.0,,番手,2026-08-13 12:50:55,,2026-09-04 19:01:10,,,listing,2,16000,"4名義中4番手　代表名義の下3桁提示可/ランエラ一部返金可/全名義期限内/すり替えなし

※バラ（8枚中7.8枚目）、一部手渡しも可能です。購入前にコメントくだ...",True
x4d8d2njlw,,milesixtones-2026,2026-11-22,16:30,日産スタジアム,electronic,female,公演日3日前までにQRコード共有,y,5.0,,QR,2026-07-24 15:20:34,,2026-09-04 19:01:10,,,listing,1,55000,"FC先行/座席未定/QR毎/重複すり替えなし/下3桁提示可能/期限内/着ブロ無し/サイチェン不可

入場後即ログアウト、ログアウト画面のスクリーンショットのご提...",True
jy6zor9pc0,,milesixtones-2026,2026-11-22,16:30,日産スタジアム,electronic,female,当日発券,ma,5.0,,番手,2026-07-29 00:19:39,,2026-09-04 19:01:10,,,listing,2,35000,"2名義中2番手/FC先行/有効期限内名義/すり替え無し/下3桁提示可能/アリツ落選名義

プライベートモードに切替えるためお取引希望の為希望者の方はメッセージお...",True
697zq848gb,,milesixtones-2026,2026-11-22,16:30,日産スタジアム,electronic,female,ランダム配布,M,5.0,,ランダム,2026-08-22 05:30:54,,2026-09-04 19:01:10,,,listing,1,15000,"FC先行/ランダム/初期当選のみ

・当日は会場付近の指定した場所に時間厳守で集合していただきます。開場時間には入場いたしますので、時間に余裕をもてる方のみご購...",True
cw8a3jybeb,,milesixtones-2026,2026-11-22,16:30,日産スタジアム,electronic,female,同行,Ko,5.0,,番手,2026-07-24 16:49:27,,2026-09-04 19:01:10,,,listing,2,26000,"初期当選/4名義中3番手/有効期限内/下3桁提示可能、すり替えなし/着ブロ希望なし/本人確認不可

4名義中の3番手のチケットです。
公演当日は会場付近にて開場...",True
vd6n7xt0nj,,milesixtones-2026,2026-11-22,16:30,日産スタジアム,electronic,female,同時入場,ぴか,5.0,,番手,2026-08-11 01:44:54,,2026-09-04 19:01:10,,,listing,1,80000,"※プラベル出品に切り替えますので必ず担当とともに購入の旨ご連絡ください。

有効期限内　8名義中2名義目　本人確認不可　サイチェン不可　いかなる場合も返金不可...",True
djnqm34vgq,,milesixtones-2026,2026-11-22,16:30,日産スタジアム,electronic,female,同行,o,5.0,,番手,2026-08-27 08:30:08,,2026-09-04 19:01:10,,,listing,2,32000,"2名義中2番手(バラ売り可)
※プライベート出品またはプラベル出品しますので、購入希望の方は事前にご連絡ください。

必ず最後までお読みください。
ご購入頂いた...",True
el3mwo2htp,,milesixtones-2026,2026-11-22,16:30,日産スタジアム,electronic,female,当日同時入場,ね,5.0,,番手,2026-07-28 16:52:03,,2026-09-04 19:01:10,,,listing,2,35000,"4名義中3番手
初期当選/有効期限内/すり替えなし/着ブロ指定なし/下3桁提示可/本人確認不可

・開場時間に会場付近での待ち合わせを予定しています。時間厳守に...",True
7zdahzt74q,,milesixtones-2026,2026-11-22,16:30,日産スタジアム,electronic,female,同行,み,5.0,,同行,2026-08-26 08:19:29,,2026-09-04 19:01:10,,,listing,1,45000,"本人確認可能/有効期限内/アリツ落選名義/下三桁提示可/初期当選/重複すり替えなし/着ブロ希望なし/サイチェン可

当日は会場付近にて開場時間頃の待ち合わせを予...",True
0uv7ajktd0,,milesixtones-2026,2026-11-22,16:30,日産スタジアム,electronic,female,同時入場,K⭐️,5.0,,番手,2026-08-06 02:05:18,,2026-09-04 19:01:10,,,listing,2,0,"2名義中2番手
⭐️20万代名義(アリツ落選)
⭐️前回スタンド名義
初期当選/有効期限内/すり替えなし/下3桁提示可能/サイチェン可

＊公演中止以外の返金、...",True
9py83jln08,,milesixtones-2026,2026-11-22,16:30,日産スタジアム,electronic,female,同行,na,5.0,,QR番手,2026-08-15 03:47:05,,2026-09-04 19:01:10,,,listing,2,30000,3名義中3番手/下3桁可能,True
hoptpkm5ro,,milesixtones-2026,2026-11-22,16:30,日産スタジアム,electronic,female,公演前日にログイン情報共有,s,5.0,,ランダム記載あり,2026-08-07 12:47:28,,2026-09-04 19:01:10,,,listing,2,0,"QR毎/初期当選/重複すり替えなし/前座席スタンド/着ブロ希望なし/下3桁提示可能/有効期限内/発送物戻りなし

公演前日夜にログインに必要な情報をお伝えします...",True
kbs2zo8nmq,,milesixtones-2026,2026-11-22,16:30,日産スタジアム,electronic,female,同行,m,5.0,,番手同行,2026-08-09 04:37:25,,2026-09-04 19:01:10,2026-09-04 19:01:10,transition_observed,sold,1,25000,"✍️プライベート出品いたしますので取引希望の際はメッセージをお願いします。
3名義中3番手／下3桁提示可能/有効期限内/すり替えなし
公演当日は開場時間1時間前...",True
bjp20ncufr,,milesixtones-2026,2026-11-22,16:30,日産スタジアム,electronic,female,3名義中3番手,あ♡,5.0,,番手,2026-07-26 23:27:54,,2026-09-04 19:01:10,,,listing,2,22000,"3名義中3番手(バラ売り可)
※プラベルもしくはプライベート出品しますので、購入希望の方は事前にご連絡ください。

必ず最後までお読みください。
ご購入頂いた時...",True
dayqiw4o6a,,milesixtones-2026,2026-11-22,16:30,日産スタジアム,electronic,female,QRごと,💫,5.0,,QR,2026-07-24 16:14:07,,2026-09-04 19:01:10,,,listing,2,50000,"初期当選/QR毎/重複すり替えなし/有効期限内/着ブロ希望なし/下3桁提示可

公演日前日に連絡ボードにてログイン情報をお伝えします。

公演中止以外の如何なる...",True
u4hfdbh3rx,,milesixtones-2026,2026-11-22,16:30,日産スタジアム,electronic,male,公演前日にログイン情報共有,y,5.0,,QR,2026-07-25 08:57:22,,2026-09-04 19:01:10,,,listing,2,40000,"QR毎/初期当選/アリツア落選名義/重複すり替えなし/着ブロ希望なし/下3桁提示可能｜有効期限内/発送物戻りなし

公演前日夜にログインに必要な情報をお伝えしま...",True
5i71wz887v,,milesixtones-2026,2026-11-22,16:30,日産スタジアム,electronic,female,同時入場,rty,5.0,,番手,2026-08-02 23:27:29,,2026-09-04 19:01:10,2026-09-04 19:01:10,transition_observed,sold,2,23000,"5名義中4番手/有効期限内/下3桁提示可能/着ブロ指定なし/初期当選

当日開場時間前にこちらが指定した場所、時間に集合して頂き同時に入場して頂きます。また入場...",True
bx3w8uxihv,,milesixtones-2026,2026-11-22,16:30,日産スタジアム,electronic,female,ランダム配布,m,5.0,,ランダム,2026-08-16 10:09:37,,2026-09-04 19:01:10,,,listing,2,11000,"【ランダム配布】
上乗せで早渡し可/中相場買取可
プライベート出品に変更致しますので購入希望の方はコメントお願いいたします。

複数名義所持のため、同時入場後1...",True
c763l13qzh,,milesixtones-2026,2026-11-22,16:30,日産スタジアム,electronic,female,同行,SJI,5.0,,QR同行,2026-08-09 07:50:50,,2026-09-04 19:01:10,,,listing,1,29000,"2名義中2番手／FC先行／下3桁提示🉑／着ブロ希望🈚️／有効期限内名義／アリツア落選名義／初期当選

⭐️ご都合の良いサイトで出品し直します。

* 当方と...",True
n9uzj96b2r,,milesixtones-2026,2026-11-22,16:30,日産スタジアム,electronic,female,公演日1日前にQRコード共有,ララ,5.0,,QR,2026-07-25 05:37:13,,2026-09-04 19:01:10,,,listing,2,70000,"FC初期当選 QRごと QR毎 座席未定
プラベルorプライベート出品に切り替えてのお取引となります。
必ず事前にコメントください。
すり替えなし/下3桁提示可...",True
n5207qkzj1,,milesixtones-2026,2026-11-22,16:30,日産スタジアム,electronic,female,4名義中2番手,れの,5.0,,番手,2026-08-26 08:50:43,,2026-09-04 19:01:10,,,listing,2,40000,4名義中2番手/該当名義/初期当選/すり替えなし/下3桁提示可/有効期限内 / 発送物戻りなし/着ブロ希望なし/サイチェン可/本人確認不可/Pay-easy入金...,True
8wj33sm0gn,,milesixtones-2026,2026-11-22,16:30,日産スタジアム,paper,female,当日手渡し,R,5.0,,番手,2026-08-16 11:58:46,,2026-09-04 19:01:10,,,listing,1,40000,"7名義中3番手（京本担不可）
 番手理解ある方のみご購入くださいま
せ。
当日は会場45分前を目安に指定の場所へお越しくださいますようお願いいたします。
入場前...",True
qwe9nsrwzu,,milesixtones-2026,2026-11-22,16:30,日産スタジアム,electronic,female,QRごと,💫,5.0,,QR,2026-07-24 16:12:50,,2026-09-04 19:01:10,,,listing,2,55000,"初期当選/QR毎/重複すり替えなし/有効期限内/着ブロ希望なし/下3桁提示可

公演日前日に連絡ボードにてログイン情報をお伝えします。

公演中止以外の如何なる...",True
zqghwssc0l,,milesixtones-2026,2026-11-22,16:30,日産スタジアム,electronic,female,5名義中5番手,H,5.0,,ランダム記載あり,2026-07-24 14:53:41,,2026-09-04 19:01:10,,,listing,2,20000,"初期当選/有効期限内/下3桁提示可

5名義中5番手

発券後、一度チケットを回収し選ばせていただきます。座席を選ぶのにお時間いただく場合がございます。ご了承く...",True
u6a6wyctni,,milesixtones-2026,2026-11-22,16:30,日産スタジアム,electronic,female,同行,な,5.0,,同行,2026-08-03 10:42:54,,2026-09-04 19:01:10,,,listing,1,0,"FC先行 / 重複なし同行 / 初期当選 / 有効期限内 /下3桁提示可 / プライベート出品可 

即6.0

・当日指定した時間に会場付近で待ち合わせ、同時...",True
eumkjw3412,,milesixtones-2026,2026-11-22,16:30,日産スタジアム,electronic,female,同行,ちゃむ,5.0,,同行,2026-07-24 15:00:31,,2026-09-04 19:01:10,,,listing,1,65000,"重複すり替えなし同行/松村担不可/着ブロ希望無し/下三桁提示可能/有効期限内/初期当選/本人確認不可/サイチェン可

・公演当日は開場時間20~30分前に会場付...",True
c495yl8vuz,,milesixtones-2026,2026-11-22,16:30,日産スタジアム,electronic,female,サイトで先払い6.0になります。当日に手渡し1.0となります。計7万のお取引となります。ご注意ください,ふみ,5.0,,同行,2026-07-24 15:54:54,,2026-09-04 19:01:10,2026-09-04 19:01:10,transition_observed,sold,1,60000,"当方、松村担の同行になります。
計7万のお取引です。先払いと当日手渡しになります。",True
vrc18gtyek,,milesixtones-2026,2026-11-22,16:30,日産スタジアム,electronic,female,ランダム配布,💫,5.0,,ランダム記載あり,2026-07-24 07:15:00,,2026-09-04 19:01:10,,,listing,2,11000,"・同時入場していただき一度チケットを回収し、開演時間までにランダムでチケットをお渡しします。座席選択はできません。

・複数人で入場するため、QRコードの表示に...",True
l30qoe7s86,,milesixtones-2026,2026-11-22,16:30,日産スタジアム,electronic,female,同行,m♡,4.9,,ランダム,2026-07-24 10:09:21,,2026-09-04 19:01:10,,,listing,2,18000,"複数名義所持しております。
全て同一クレカ決済なしの有効会員、初期当選の名義となります。
以下注意事項をお読みいただきご納得いただける方のみご落札ください。
*...",True
s3j4udt2hs,,milesixtones-2026,2026-11-22,16:30,日産スタジアム,electronic,female,2名義中2番手,す,5.0,,番手,2026-07-24 12:45:43,,2026-09-04 19:01:10,,,listing,2,53000,"2名義とも初期当選/2名義とも初当選/すり替え無し/有効期限内/下3桁提示可/サイチェン可

会場付近は電波が悪い可能性がございますので購入後に電話番号のご提示...",True
wb7vcirzyx,,milesixtones-2026,2026-11-22,16:30,日産スタジアム,electronic,female,同行,あらも,5.0,,番手同行,2026-08-26 07:28:25,,2026-09-04 19:01:10,,,listing,2,28500,"初期当選/ 2名義中2番手/サイチェン不可/すり替え無し/着ブロ希望なし/同一クレカ決済なし/下3桁提示可/有効期限内/

※プラベル移行可です。
ご希望の方は...",True
y6k7l7objx,,milesixtones-2026,2026-11-22,16:30,日産スタジアム,electronic,female,同行,り,4.6,,同行,2026-07-24 10:01:25,,2026-09-04 19:01:10,,,listing,1,70000,"下三桁提示可能/有効期限内/初期当選/重複すり替えなし/本人確認不可/サイチェン可

・公演当日は開場時間に会場付近で待ち合わせをし、同時入場していただきます。...",True
odex9z82mt,,milesixtones-2026,2026-11-22,16:30,日産スタジアム,electronic,female, 公演日前日(18:00以降)にログイン情報をお貸しします,MJGA,5.0,,QR,2026-07-25 01:44:08,,2026-09-04 19:01:10,,,listing,2,90000,"FC初期当選/有効期限内/下3桁提示可/すり替えなし/初当選(当選履歴なし)/着席ブロック希望なし

・公演日前日(18:00以降)になりましたら、ログイン情報...",True
o6q5pphlst,,milesixtones-2026,2026-11-22,16:30,日産スタジアム,electronic,female,同行,☆,5.0,,同行番手,2026-07-27 11:07:37,,2026-09-04 19:01:10,,,listing,2,30000,"4名義中4番手/初期当選/有効期限内/すり替え無し/下3桁提示〇

・当日は会場付近の当方の指定した場所に集合していただき、同時入場をお願い致します。
・入場の...",True
mdlpwzrehk,,milesixtones-2026,2026-11-22,16:30,日産スタジアム,electronic,female,同行,F,5.0,,番手,2026-08-07 22:03:38,,2026-09-04 19:01:10,,,listing,2,19000,"3名義中3番手のお譲り。
全て有効期限内名義です。
同時入場後、一旦全てのチケットを回収します。
こまめに連絡が取れる方のご購入をお願いします。
詳しい集合時間...",True
8iclitpofy,,milesixtones-2026,2026-11-22,16:30,日産スタジアム,electronic,female,ランダム,あお,5.0,,ランダム,2026-07-24 06:09:06,,2026-09-04 19:01:10,,,listing,2,12000,"ランダム配布 コンビニ決済
公演当日、開場時間30分前に最寄駅または会場付近で待ち合わせし、同時入場していただきます。

詳しい待ち合わせ時間・場所等は公演前日...",True
uwppldg4hn,,milesixtones-2026,2026-11-22,16:30,日産スタジアム,electronic,female,同行,m,4.6,,番手同行,2026-07-24 07:36:19,,2026-09-04 19:01:10,,,listing,2,30000,"・3名義中3番手に購入者様に座席選択権利があるチケットになります。
・入場後一度チケットを回収し、こちらで座席を選んだ後、購入者様にお選びいただきます。座席選択...",True
b1aiha9io4,,milesixtones-2026,2026-11-22,16:30,日産スタジアム,electronic,female,ランダム配布,R,5.0,,ランダム,2026-07-24 12:37:54,,2026-09-04 19:01:10,,,listing,1,18000,"ランダム配布に理解ある方のみご購入下さい。
開演30分前までにチケットをお渡しいたします。

・公演当日は開場時間30分前に会場付近で待ち合わせをし、同時入場し...",True
kwloeipphl,,milesixtones-2026,2026-11-22,16:30,日産スタジアム,electronic,female,同行,💙,5.0,,番手同行,2026-08-08 16:11:47,,2026-09-04 19:01:10,,,listing,2,30000,"4名義中3番手
・プライベート出品に変更致しますので希望額と枚数をメッセージでお気軽にお伝えください。不明点等は必ず購入前に確認お願い致します。
すり替えなし下...",True
y1i7rv9d5u,,milesixtones-2026,2026-11-22,16:30,日産スタジアム,electronic,female,公演前までにQRコード共有,しゅる,5.0,,QR,2026-07-26 05:08:47,,2026-09-04 19:01:10,,,listing,2,53000,"QR毎/初期当選/重複すり替えなし/下3桁提示可/有効期限内

当日現地にて端末をお借りしログインさせて頂きますのでそちらからご入場お願いします。代表者の同意チ...",True
nerjotyiwu,,milesixtones-2026,2026-11-22,16:30,日産スタジアム,electronic,female,QR毎,じゅ,5.0,,QR,2026-07-25 17:48:18,,2026-09-04 19:01:10,,,listing,2,50000,"FC先行 初期当選/有効期限内/重複なし
公演日に連絡ボードにて情報をお伝えいたします。
お席に関するクレーム・送金停止は一切お受けいたしかねます。
主催者側に...",True
iw7z16dd41,,milesixtones-2026,2026-11-22,16:30,日産スタジアム,electronic,none,同行,a,5.0,,ランダム,2026-07-28 11:35:13,,2026-09-04 19:01:10,,,listing,2,12000,"複数名義中ランダム配布

・開場30〜45分前に集合していただきます。集合場所は公演前日にお伝えいたします。

・入場後全てのチケットを回収し予めお伺いする【お...",True
ispyeu7pbe,,milesixtones-2026,2026-11-22,16:30,日産スタジアム,electronic,female,公演日前日にQRコード共有,らら,5.0,,QR,2026-07-27 09:53:34,,2026-09-04 19:01:10,,,listing,2,80000,"QR毎/初期当選/初当選(当選履歴なし)/重複すり替えなし/着ブロ希望なし/下3桁提示可能/有効期限内/発送物戻りなし

公演前日夜にログインに必要な情報をお伝...",True
vdrcnt5cl7,,milesixtones-2026,2026-11-22,16:30,日産スタジアム,electronic,female,当日手渡し,🌸,5.0,,番手,2026-07-25 13:37:01,,2026-09-04 19:01:10,,,listing,2,25000,"・6名義中4番手
・下3桁提示可能
・有効期限内
・初期当選

⚠️プラベルにて再出品いたしますので、お取引をご希望の方は事前にメッセージにてご連絡ください。...",True
s4mxkf2acw,,milesixtones-2026,2026-11-22,16:30,日産スタジアム,electronic,female,同行,u,5.0,,ランダム,2026-07-24 09:17:56,,2026-09-04 19:01:10,,,listing,1,15000,"即決価格です。メッセージにてプラベ出品致します。
SixTONES日産11/22 2枚ランダム
少人数ランダム配布

・持ち逃げ防止のため一時的に身分証の預かり...",True
s5ybmm4sec,,milesixtones-2026,2026-11-22,16:30,日産スタジアム,electronic,female,ランダム配布,丸,4.5,,ランダム,2026-07-26 16:04:37,,2026-09-04 19:01:10,,,listing,2,15000,"プラベルでのお取引可能です。
公演当日こちらが指定した場所で待ち合わせし、同時入場して頂きます。
詳細は前日までにお知らせいたします。
・入場後発券したチケット...",True
l70a0oxvuk,,milesixtones-2026,2026-11-22,16:30,日産スタジアム,electronic,female,同行,s,5.0,,ランダム同行,2026-07-24 09:38:23,,2026-09-04 19:01:10,,,listing,1,12000,"座席未定、ランダム配布
🌟発券した座席次第ではすぐにお渡しいたします！
・2枚での購入の場合は2連でのお渡し可能です。
・プライベート出品に切り替えますので、...",True
vqa99wdi2y,,milesixtones-2026,2026-11-22,16:30,日産スタジアム,electronic,female,同行,🍒,5.0,,番手,2026-07-26 02:12:03,,2026-09-04 19:01:10,,,listing,2,22000,"4名義中3番手
すり替えなし、下3桁提示可
初期当選／期限内／同一クレカなし

開場30分前を目安に入場口周辺での待ち合わせを予定しています。
同時入場していた...",True
ypw4laxdoc,,milesixtones-2026,2026-11-22,16:30,日産スタジアム,electronic,female,同行,あ,5.0,,番手,2026-08-07 17:33:37,,2026-09-04 19:01:10,,,listing,1,25000,"2名義中2番手   残り1枚のみ

2名義とも初期当選 有効期限内 下3桁提示可 すり替えなし サイチェン可
前回天井名義×2

同時入場後、こちらでチケットを...",True
ai1zrby8ok,,milesixtones-2026,2026-11-22,16:30,日産スタジアム,electronic,female,ランダム配布,H,5.0,,ランダム記載あり,2026-07-24 14:10:07,,2026-09-04 19:01:10,,,listing,1,13000,"【条件あり】
複数名義所持の為、発券後、一度チケットを回収し選ばせていただきます。座席を選ぶのにお時間いただく場合がございます。開演10分前までにはチケットお渡...",True
v913cr3km0,,milesixtones-2026,2026-11-22,16:30,日産スタジアム,electronic,female,当日手渡し,チョコミント,5.0,,番手,2026-07-26 00:10:25,,2026-09-04 19:01:10,,,listing,2,18000,"5名義中5番手
下三桁提示可能/すり替えなし/有効期限内

・公演当日は開場時間20~30分前に会場付近で待ち合わせをし、同時入場していただきます。
・待ち合わ...",True
ymquebzkwl,,milesixtones-2026,2026-11-22,16:30,日産スタジアム,electronic,female,連絡ボードにて,なの,5.0,,QR番手,2026-08-21 11:58:18,,2026-09-04 19:01:10,,,listing,2,30000,"2名義中2番手/下3桁提示可/すり替えなし/有効期限内/郵便物戻り無し

ご購入ご希望の方プライベート出品致しますのでよろしくお願い致します。

【当日の流れに...",True
qncnf812wh,,milesixtones-2026,2026-09-19,17:30,味の素スタジアム,electronic,female,同行,れ,5.0,,番手,2026-09-04 02:17:57,,2026-09-04 19:01:10,,,listing,2,20000,"FC先行/初期当選/すり替えなし/期限内/3名義中3番手/下3桁提示可

全て前回スタンド名義

過去ランエラ出た名義はありません。

バラ売り不可
プラベル出...",True
jyv9ho1ffr,,milesixtones-2026,2026-09-19,17:30,味の素スタジアム,electronic,none,ランダム配布,うきぴ,4.9,,ランダム,2026-09-04 03:27:44,,2026-09-04 19:01:10,2026-09-04 19:01:10,transition_observed,sold,1,10000,"公演当日は開場時間の30分前に会場付近にお集まりいただき、同時入場していただきます。

詳しい時間はお日にちが近づきましたらメッセージボードにてご連絡いたします...",True
ajee4w62v6,,milesixtones-2026,2026-09-19,17:30,味の素スタジアム,electronic,female,公演前日夜にQRコード共有,A,5.0,,QR,2026-09-04 03:13:32,,2026-09-04 19:01:10,,,listing,2,54000,"プライベート出品に変更いたしますので、購入希望の方はコメントお願いいたします。

QR毎/初期当選/着ブロ選択なし/重複すり替えなし/アリツア落選名義/有効期限...",True
rfwdq35fbi,,milesixtones-2026,2026-09-20,17:30,味の素スタジアム,electronic,female,番手,u,5.0,,番手,2026-09-04 04:31:55,,2026-09-04 19:01:10,,,listing,2,25000,"2名義中2番手

すり替えなし/下3桁提示可/有効期限内/郵送戻りなし

プライベート出品に変更いたしますので、ご購入の際はメッセージいただけますと幸いです。...",True
6628vup5ac,,milesixtones-2026,2026-11-22,16:30,日産スタジアム,electronic,female,5名義中5番手,JM,5.0,,ランダム記載あり,2026-09-04 03:55:12,,2026-09-04 19:01:10,,,listing,2,19500,"5名義中5番手／すり替えなし/下3桁提示可能/有効期限内
・同時入場し発券後、一旦チケットを回収し先に当方が席を選ばせて頂きます。確認に少しお時間頂く場合がござ...",True
a63hlsv85z,1788501140017,milesixtones-2026,2026-09-19,17:30,味の素スタジアム,electronic,female,2名義中2番手,に,5.0,,番手,2026-09-04 05:52:20,,2026-09-04 15:01:50,,,deleted,2,25000,"すり替えなし/下3桁提示可/有効期限内
プライベート出品にしますのでメッセージをお願いいたします。

集合開演2時間20～30分前予定です。
・公演当日身分証明...",True
6wp6y9lw5r,,milesixtones-2026,2026-09-20,17:30,味の素スタジアム,electronic,female,同時入場,♩,5.0,,ランダム,2026-09-04 05:11:36,,2026-09-04 19:01:10,2026-09-04 19:01:10,transition_observed,sold,1,20000,"ご購入前に必ずご一読願います。
・こちらランダムでのお譲りとなります。当方と同時入場していただき、発券後に一度チケットを回収させていただきます。開演30分前まで...",True
1a65kdjbh1,,milesixtones-2026,2026-09-19,17:30,味の素スタジアム,electronic,female,公演前日QRコード共有,m,5.0,,QR,2026-09-04 06:47:25,,2026-09-04 19:01:10,,,listing,2,40000,"QR毎/2連/復活当選/下3桁提示可/重複無し/着ブロ指定なし/有効期限内


公演前日に連絡ボードにてログイン情報をお伝えいたします。
入場後は速やかに受け取...",True
8m2l94mf6v,1788505358424,milesixtones-2026,2026-09-19,17:30,味の素スタジアム,electronic,female,公演前日QRコード共有,R,5.0,,QR,2026-09-04 07:02:38,,2026-09-04 19:01:10,,,deleted,2,45000,"FC先行 座席未定/QRごと/すり替えなし/下3桁提示可/初期当選/有効期限内/初申し込み,初当選

・公演前日の夜にログイン情報をお送りいたします。座席に関し...",True
1bs1m6lyzd,1788508817332,milesixtones-2026,2026-09-19,17:30,味の素スタジアム,electronic,female,同行,Y,5.0,,番手,2026-09-04 08:00:17,,2026-09-04 17:01:12,,,deleted,2,10000,"【2名義中2番手】
下3桁提示可能/すり替えなし/有効期限内/着ブロなし/サイチェン可能

⭐️必ずお読みください⭐️
・サイト1.0＋当日2.0/枚

当日は...",True
upflktp3r8,,milesixtones-2026,2026-11-21,16:30,日産スタジアム,electronic,female,公演前日にログイン情報お伝えします,38,5.0,,QR,2026-09-04 08:53:17,,2026-09-04 19:01:10,,,listing,1,50000,"初期当選 QR毎 重複なし 有効期限内 下三桁提示可 コンビニ決済 アリツ落選名義

公演前日にログイン情報お伝えいたします。入場後は速やかにログアウト、評価を...",True
gsqo12bosk,,milesixtones-2026,2026-09-19,17:30,味の素スタジアム,paper,female,当日手渡し,d,5.0,,同行,2026-09-04 10:59:20,,2026-09-04 19:01:10,,,listing,1,0,"重複なし同行(25↑)
アリーナ落選名義
有効期限内
下3桁提示可
サイチェン等不可
公演中止以外での返金不可
プラベルに切り替えてのお取引です。",True
1r82mf9i4t,,milesixtones-2026,2026-11-22,16:30,日産スタジアム,electronic,female,公演日前日,C,5.0,,QR,2026-09-04 10:31:06,,2026-09-04 19:01:10,,,listing,1,0,"QR毎/初期当選/女性名義/アリツア落選名義/重複すり替えなし/着ブロ希望なし/下3桁提示可能/有効期限内

公演前日にログインに必要な情報をお伝えします。
入...",True
r2czln1l8g,,milesixtones-2026,2026-09-19,17:30,味の素スタジアム,electronic,female,同行,n,5.0,,番手,2026-09-04 11:16:11,,2026-09-04 19:01:10,2026-09-04 19:01:10,transition_observed,sold,2,20000,"4名義中4番手
即2.0/枚

初期当選/有効期限内/下3桁提示可/すり替えなし

・公演当日は開場30分前を目安に、会場付近にて当方が指定する場所にて待ち合わ...",True
e8ngahm9v8,,milesixtones-2026,2026-09-19,17:30,味の素スタジアム,electronic,female,同行,ぽ,5.0,,番手,2026-09-04 11:49:59,,2026-09-04 19:01:10,2026-09-04 19:01:10,transition_observed,sold,2,28000,"2名義中2番手/すり替えなし/下3桁提示可能/有効期限内/アリツ落選名義

プライベート出品、プラベルでのお取引も可能ですのでお取引希望の方はメッセージにてご連...",True
110kdatnuo,,milesixtones-2026,2026-09-20,17:30,味の素スタジアム,electronic,female,同時入場,♩,5.0,,同行番手,2026-09-04 11:57:24,,2026-09-04 19:01:10,2026-09-04 19:01:10,transition_observed,sold,1,30000,"2名義中1番手同行または重複無し同行
有効期限内名義/下3桁提示可能/髙地担不可
※9/11までに決まらない場合は出品取り下げます

ご購入前に必ずご一読願いま...",True
6fytqiiiye,,milesixtones-2026,2026-11-22,16:30,日産スタジアム,electronic,female,前日までにログイン情報共有,しゅ,5.0,,QR,2026-09-04 11:57:54,,2026-09-04 19:01:10,,,listing,2,85000,"FC初期当選 QRごと QR毎 座席未定
プライベート出品に切り替えてのお取引とさせていただきます。
必ず事前にコメントお願いいたします。
すり替えなし/下3桁...",True
c4qepi8rpj,,milesixtones-2026,2026-09-19,17:30,味の素スタジアム,electronic,female,同行,さな,5.0,,ランダム同行,2026-08-28 12:29:41,,2026-09-04 19:01:10,2026-09-04 19:01:10,transition_observed,sold,1,11000,"⭐️開示対策の為プライベート出品に切り替えますのでご希望の方はコメントお願いいたします。

少人数ランダム配布、上乗せで開演20分前渡し(即1.2/枚)、1時間...",True
wyshozvnpa,,milesixtones-2026,2026-09-20,17:30,味の素スタジアム,electronic,none,同行,みー,5.0,,ランダム記載あり,2026-09-04 13:43:09,,2026-09-04 19:01:10,,,listing,1,11300,"ランダム配布
上乗せで早渡し可能ですのでコメントまで

開場時間30分前（予定）に待ち合わせし、同時入場していただきます。 詳しい待ち合わせ時間・場所等は、メッ...",True
7gwbie1v5d,,milesixtones-2026,2026-09-20,17:30,味の素スタジアム,electronic,female,同行,と,5.0,,ランダム,2026-09-04 13:44:56,,2026-09-04 19:01:10,2026-09-04 19:01:10,transition_observed,sold,1,12000,"ランダム配布 開演30分前渡し(上乗せで1時間前渡し対応可能)
お取引はプラベルになります。購入予定の方はお声掛けください。
中止以外のキャンセルは受け付けませ...",True
qjbdfeftn4,,milesixtones-2026,2026-09-20,17:30,味の素スタジアム,electronic,female,同行,と,5.0,,ランダム,2026-09-04 13:50:01,,2026-09-04 19:01:10,,,listing,1,10900,"ランダム配布 上乗せで開演30分前渡し(即1.2/枚)、1時間前渡し(ご提示ください)対応可能
お取引はプラベルになります。購入予定の方はお声掛けください。
中...",True
cbfwtwp989,1788528972336,milesixtones-2026,2026-11-22,16:30,日産スタジアム,electronic,female,同行,𝓗,5.0,,ランダム,2026-09-04 13:36:12,,2026-09-04 18:01:17,2026-09-04 15:01:50,transition_observed,sold,2,11000,"少人数ランダム配布
上乗せで早渡し可能。ご希望の方はご購入前にコメントお願い致します。
公演当日、開場の約30分前に会場付近にて待ち合わせし、同時入場していただきます。集合場所等は前日までに連絡ボードにてお伝えさせていただきます。大幅な遅刻をされた場合、先に入場させて頂きます。その際も必ず受け取り評価はして頂きますので、必ず集合時間を守れる方のみご購入お願い致します。
2連でご購入頂いた方は必ず2連のチケットをお渡し致しますが、入場の際のみ別れて入場をお願いする場合もございますのでご了承ください。
入場前に、チケット持ち逃げ防止のため、一度身分証をお預かりする場合がございます。お借りした身分証はその場で封筒に入れ、トラブルがない限り拝見することはございません。入場後、チケットと引き換えにご返却致します。
当日のスムーズなお取引のため、予め電話番号の交換をお願い致します。
同時入場後、一度解散させていただき、当方が座席を選ばせていただいた後にチケットをお渡し致します。入場後チケットをお渡しするまでお時間を頂く場合もございますのでご了承ください。開演5分前までには必ずチケットをお渡し致します。チケットをお渡しするタイミングで受け取り評価をして頂きます。その場で受け取り評価をして頂けない場合はチケットをお渡しできませんのでご了承ください。座席に関するクレームは一切お受けできません。
ランダムエラー、本人確認、体調不良、メンバーの不在等、如何なる理由でも公演中止以外での返金対応は致しかねますのでご了承ください。公演中止の際は、手数料等を引いた金額を返金致します。
またトラブル防止の為、代理購入、日本語の通じない方、車椅子利用の方は購入を御遠慮下さい。
購入していただいた時点で、上記内容全てご了承頂けたとみなします。",True
rnhq9ojs9p,,milesixtones-2026,2026-09-19,17:30,味の素スタジアム,electronic,female,同行,り,4.6,,同行,2026-09-04 14:03:19,,2026-09-04 19:01:10,,,listing,1,0,"2名義中1番手/下三桁提示可能/有効期限内/初期当選/重複すり替えなし/本人確認不可/サイチェン可

・公演当日は開場時間に会場付近で待ち合わせをし、同時入場し...",True
qfe78v3zhu,,milesixtones-2026,2026-09-20,17:30,味の素スタジアム,electronic,female,公演前日にログイン情報お伝えします,yu,5.0,,QR,2026-09-04 14:10:21,,2026-09-04 19:01:10,,,listing,2,38000,"プライベート出品に変更いたしますのでご購入される方はご連絡お願いいたします！

QR毎/初期当選/アリツア落選名義/重複すり替えなし/着ブロ希望なし/下3桁提示...",True
0grig6hf12,1788536729300,milesixtones-2026,2026-09-19,17:30,味の素スタジアム,electronic,none,番手,そら,5.0,,番手,2026-09-04 15:45:29,,2026-09-04 18:01:17,,,deleted,2,15000,"4名義3番手 1-2枚  即2.5
※専用取引orプラベルにて対応予定です。お気軽にお声掛けください※

4名義全て有効期限内、下3桁提示可能、初期当選です。...",True
98wfyyohku,,milesixtones-2026,2026-09-19,17:30,味の素スタジアム,electronic,female,同行,にゃ,5.0,,番手,2026-09-04 15:57:27,,2026-09-04 19:01:10,,,listing,2,35000,"座席未定/初期当選/有効期限内/該当名義(変ボ有)/7名義中5番手

当日、開場30〜40分前に会場周辺の指定の場所に集合していただきます。集合場所は後日連絡ボ...",True
8cqm73f5zv,,milesixtones-2026,2026-09-19,17:30,味の素スタジアム,electronic,female,同行,にゃ,5.0,,番手,2026-09-04 15:54:29,,2026-09-04 19:01:10,,,listing,2,25000,"座席未定/初期当選/有効期限内/該当名義(変ボ有)/7名義中6番手

当日、開場30〜40分前に会場周辺の指定の場所に集合していただきます。集合場所は後日連絡ボ...",True
wxnoa5hb24,,milesixtones-2026,2026-09-20,17:30,味の素スタジアム,electronic,female,同時入場,とト,5.0,,番手,2026-09-04 15:05:54,,2026-09-04 19:01:10,,,listing,2,25000,"【3名義中3番手】

有効期限内/すり替えなし/下3桁提示可能/着ブロなし(プライベート出品に変更可能)

○入場後はチケットを回収し、当方と2番手の方が座席選...",True
9sxka7385w,,milesixtones-2026,2026-11-07,17:00,ヤンマースタジアム長居,electronic,female,同時入場,とト,5.0,,番手,2026-09-04 15:10:57,,2026-09-04 19:01:10,,,listing,2,30000,"【2名義中2番手】

有効期限内/すり替えなし/下3桁提示可能/着ブロなし(プライベート出品に変更可能)

○入場後はチケットを回収し、当方が座席選択後、選ばな...",True
lricjwamon,,milesixtones-2026,2026-11-21,16:30,日産スタジアム,electronic,female,同時入場,とト,5.0,,番手,2026-09-04 15:12:09,,2026-09-04 19:01:10,,,listing,2,30000,"【2名義中2番手】

有効期限内/すり替えなし/下3桁提示可能/着ブロなし(プライベート出品に変更可能)

○入場後はチケットを回収し、当方が座席選択後、選ばな...",True
sold_milesixtones-2026__30000,,milesixtones-2026,2026-09-19,17:30,味の素スタジアム,electronic,none,同行,,,,,2026-09-04 19:01:10,,2026-09-04 19:01:10,,historical_unknown,sold,2,30000,"【条件あり】
チケットを複数所持しております。同時入場後にチケットを一旦回収し、開演5分前を目処に再集合の上チケットをお渡しさせていただきます。座席についてのク...",False
sold_milesixtones-2026__70000,,milesixtones-2026,2026-09-19,17:30,味の素スタジアム,electronic,female,公演日前日にログイン情報お渡し,,,,,2026-09-04 19:01:10,,2026-09-04 19:01:10,,historical_unknown,sold,1,70000,"初期当選/座席未定/重複すり替えなし/有効期限内／下三桁提示可/着ブロ指定なし/郵送物戻りなし

公演前日にマイページの連絡ボードにてログイン情報お伝えします。...",False
sold_milesixtones-2026__35000,,milesixtones-2026,2026-09-19,17:30,味の素スタジアム,paper,female,当日手渡し,,,,,2026-09-04 19:01:10,,2026-09-04 19:01:10,,historical_unknown,sold,1,35000,"FC初期当選 有効期限内
 当方と同行になります。

当日は開演前に会場付近に待ち合わせたのちに同時入場して頂きます。

公演中止の場合のみ手数料を差し引いた金...",False
sold_milesixtones-2026__10000,,milesixtones-2026,2026-09-19,17:30,味の素スタジアム,electronic,female,連絡ボードにて,,,,,2026-09-04 19:01:10,,2026-09-04 19:01:10,,historical_unknown,sold,1,10000,"【座席未定】
チケットを複数所持しております。同時入場後にチケットを一旦回収し、開演5~10分前を目処に再集合の上チケットをお渡しさせていただきます。座席につい...",False
sold_milesixtones-2026__10900,,milesixtones-2026,2026-09-19,17:30,味の素スタジアム,paper,female,前日,,,,,2026-09-04 19:01:10,,2026-09-04 19:01:10,,historical_unknown,sold,1,10900,"当日2.0/枚手渡し　2名義中2番手/すり替えなし/有効期限内/下3桁提示可

プライベートモードにて切り替えますので、ご購入希望の方はメッセージお願いいたしま...",False
sold_milesixtones-2026__15000,,milesixtones-2026,2026-09-19,17:30,味の素スタジアム,electronic,female,同行,,,,,2026-09-04 19:01:10,,2026-09-04 19:01:10,,historical_unknown,sold,1,15000,"少人数ランダム
プライベートモードにて再出品いたしますので、ご希望の方はメッセージお願いいたします。

・複数名義ありますので、同時入場後一旦チケットを回収し、...",False
sold_milesixtones-2026__10300,,milesixtones-2026,2026-09-19,17:30,味の素スタジアム,electronic,female,連絡ボードにて,,,,,2026-09-04 19:01:10,,2026-09-04 19:01:10,,historical_unknown,sold,2,10300,"【座席未定】
チケットを複数所持しております。同時入場後にチケットを一旦回収し、開演5~10分前を目処に再集合の上チケットをお渡しさせていただきます。座席につい...",False
sold_milesixtones-2026__9500,,milesixtones-2026,2026-09-19,17:30,味の素スタジアム,electronic,female,座席未定、複数名義所持、ランダム配布,,,,,2026-09-04 19:01:10,,2026-09-04 19:01:10,,historical_unknown,sold,1,9500,"当日待ち合わせし、同時入場お願いいたします。
複数名義所持しており、
入場後チケットを回収させていただきこちらで座席の選択をさせて頂いた後にランダムでチケットを...",False
sold_milesixtones-2026__9900,,milesixtones-2026,2026-09-19,17:30,味の素スタジアム,electronic,female,連絡ボードにて,,,,,2026-09-04 19:01:10,,2026-09-04 19:01:10,,historical_unknown,sold,1,9900,"【条件あり】
チケットを複数所持しております。同時入場後にチケットを一旦回収し、開演5~10分前を目処に再集合の上チケットをお渡しさせていただきます。座席につい...",False
sold_milesixtones-2026__12000,,milesixtones-2026,2026-09-19,17:30,味の素スタジアム,electronic,female,当日,,,,,2026-09-04 19:01:10,,2026-09-04 19:01:10,,historical_unknown,sold,2,12000,"ランダム配布､下3桁提示

◾︎発券後席次第ですぐにお渡し可能

同時入場後一度チケットを全て回収し座席を選ばせて頂きます。座席選択にお時間を頂きますが開演時間...",False
sold_milesixtones-2026__10500,,milesixtones-2026,2026-09-19,17:30,味の素スタジアム,electronic,female,同行,,,,,2026-09-04 19:01:10,,2026-09-04 19:01:10,,historical_unknown,sold,2,10500,"当日は指定した時間・場所に集合していただき同時入場後、先に当方が座席選択した後チケットをランダムにお渡しします。座席は選択できません。
※チケット受取時に必ず受...",False
sold_milesixtones-2026__41000,,milesixtones-2026,2026-09-19,17:30,味の素スタジアム,electronic,female,公演前日QRコード共有,,,,,2026-09-04 19:01:10,,2026-09-04 19:01:10,,historical_unknown,sold,2,41000,"初期当選/アリツア落選名義/すり替えなし/有効期限内/下3桁提示可

購入いただきましたら下3桁の共有可能です。
公演前日にログイン情報の共有を致します。
エラ...",False
sold_milesixtones-2026__13000,,milesixtones-2026,2026-09-19,17:30,味の素スタジアム,electronic,female,同行,,,,,2026-09-04 19:01:10,,2026-09-04 19:01:10,,historical_unknown,sold,2,13000,【入場時ランダムエラーの場合の全額返金保証、立見なし】ランダムのお渡しとなり、購入者様の座席選択権はありませんことご理解下さい。(連番での落札は必ず連番のお譲り...,False
sold_milesixtones-2026__11000,,milesixtones-2026,2026-09-19,17:30,味の素スタジアム,electronic,none,同時入場後手渡し,,,,,2026-09-04 19:01:10,,2026-09-04 19:01:10,,historical_unknown,sold,2,11000,"すり替えありランダム配布
複数名義所持しております。入場後全てチケットを一度回収し、解散します。こちらで席を選ばせていただいたあとにランダムでチケットをお渡しし...",False
sold_milesixtones-2026__17000,,milesixtones-2026,2026-09-19,17:30,味の素スタジアム,electronic,female,同行,,,,,2026-09-04 19:01:10,,2026-09-04 19:01:10,,historical_unknown,sold,1,17000,【入場時ランダムエラーの場合の全額返金保証、立見なし】コメントいただければプラベル切り替え可能。ランダムのお渡しとなり、購入者様の座席選択権はありませんことご理...,False
sold_milesixtones-2026__48000,,milesixtones-2026,2026-09-19,17:30,味の素スタジアム,electronic,female,FC初期当選・QR毎・下3桁提示可・重複すり替えなし・有効期限内・クレカ決済(同一クレカなし)・着ブロなし・郵便戻りなし,,,,,2026-09-04 19:01:10,,2026-09-04 19:01:10,,historical_unknown,sold,2,48000,"・前回当選歴　VVS スタンド一階席(チケホルには座席は反映されていません)

・こちらで同行者登録完了後、公演前日にログイン情報をお伝えします。買い手様ご自身...",False
sold_milesixtones-2026__21000,,milesixtones-2026,2026-09-19,17:30,味の素スタジアム,electronic,female,同時入場,,,,,2026-09-04 19:01:10,,2026-09-04 19:01:10,,historical_unknown,sold,2,21000,"2名義中2名義目、有効期限会員、下3桁提示可、場合によってはQRごとのお譲り
公演当日、開演約2時間10分前に会場付近で待ち合わせをお願い致します。余裕を持って...",False
sold_milesixtones-2026__18000,,milesixtones-2026,2026-09-19,17:30,味の素スタジアム,electronic,female,同行,,,,,2026-09-04 19:01:10,,2026-09-04 19:01:10,,historical_unknown,sold,2,18000,"プラベ出品◯ 3名義中3番手／すり替えなし
全て初期当選、有効期限内、下3桁提示可能です。

公演当日、最寄駅または会場付近にて待ち合わせし、同時入場していただ...",False
sold_milesixtones-2026__55000,,milesixtones-2026,2026-09-19,17:30,味の素スタジアム,electronic,female,公演日前日までにQRコード共有,,,,,2026-09-04 19:01:10,,2026-09-04 19:01:10,,historical_unknown,sold,2,55000,"QR毎/初期当選/アリツア落選名義/重複すり替えなし/着ブロ希望なし/下3桁提示可能
有効期限内/発送物戻りなし
公演前日夜にログインに必要な情報をお伝えします...",False
sold_milesixtones-2026__37500,,milesixtones-2026,2026-09-19,17:30,味の素スタジアム,electronic,female,公演日前日にログイン情報をお伝えします,,,,,2026-09-04 19:01:10,,2026-09-04 19:01:10,,historical_unknown,sold,2,37500,"QR毎/初期当選/2026アリツア落選名義/下3桁開示可能/有効期限内/発送物戻り無し/着ブロ希望無し

ログイン情報は前日にお伝えします。
下3桁開示可能のた...",False
sold_milesixtones-2026__31000,,milesixtones-2026,2026-09-19,17:30,味の素スタジアム,electronic,female,同行,,,,,2026-09-04 19:01:10,,2026-09-04 19:01:10,,historical_unknown,sold,1,31000,"当方と同行。松村担不可
重複なし 初期当選 期限内 郵送物戻りなし
プラベルに切り替えますのでご連絡お願いいたします。

会場付近にて待ち合わせをし、入場後、一...",False
sold_milesixtones-2026__13500,,milesixtones-2026,2026-09-19,17:30,味の素スタジアム,electronic,female,同行,,,,,2026-09-04 19:01:10,,2026-09-04 19:01:10,,historical_unknown,sold,2,13500,【入場時ランダムエラーの場合の全額返金保証、立見なし】ランダムのお渡しとなり、購入者様の座席選択権はありませんことご理解下さい。(連番での落札は必ず連番のお譲り...,False
sold_milesixtones-2026__50000,,milesixtones-2026,2026-09-19,17:30,味の素スタジアム,electronic,female,公演24時間以内にQRコード共有,,,,,2026-09-04 19:01:10,,2026-09-04 19:01:10,,historical_unknown,sold,2,50000,"QRコードごと/過去同一名義や同一住所でエラーなし/有効期限内/下3桁提示可

①公演前日の18時目安ログイン情報の共有をします。すぐにログインできることを確認...",False
sold_milesixtones-2026__14000,,milesixtones-2026,2026-09-19,17:30,味の素スタジアム,electronic,none,同行,,,,,2026-09-04 19:01:10,,2026-09-04 19:01:10,,historical_unknown,sold,2,14000,"5名義中4番手でのお譲りです。

公演当日会場付近にて待ち合わせをし同時に入場して頂きます。

入場後チケットをお渡しするまでに座席確認のお時間を頂きますのでご...",False
sold_milesixtones-2026__8900,,milesixtones-2026,2026-09-19,17:30,味の素スタジアム,electronic,female,連絡ボード,,,,,2026-09-04 19:01:10,,2026-09-04 19:01:10,,historical_unknown,sold,1,8900,"【座席未定】
チケットを複数所持しております。同時入場後にチケットを一旦回収し、開演5~10分前を目処に再集合の上チケットをお渡しさせていただきます。
座席につ...",False
sold_milesixtones-2026__16500,,milesixtones-2026,2026-09-19,17:30,味の素スタジアム,electronic,female,同時入場,,,,,2026-09-04 19:01:10,,2026-09-04 19:01:10,,historical_unknown,sold,2,16500,"5名義中5番手/すり替えなし/下3桁提示可能/有効期限内名義

ご購入前に必ず最後までご一読ください。
ご不明な点やご質問は、お取引確定前にお願いいたします。...",False
sold_milesixtones-2026__5600,,milesixtones-2026,2026-09-19,17:30,味の素スタジアム,electronic,female,同行,,,,,2026-09-04 19:01:10,,2026-09-04 19:01:10,,historical_unknown,sold,2,5600,"座席未定/初期当選/有効期限内/該当名義(変ボ有)/ランダム配布

当日、開場30〜40分前に会場周辺の指定の場所に集合していただきます。集合場所は後日連絡ボー...",False
sold_milesixtones-2026__62048,,milesixtones-2026,2026-09-19,17:30,味の素スタジアム,electronic,female,公演前日にログイン情報を提示,,,,,2026-09-04 19:01:10,,2026-09-04 19:01:10,,historical_unknown,sold,1,62048,"専用出品になります。
公演中止の場合は定価手数料を差し引いた金額返金可能です。公演中止以外（ランダムエラーや本人確認などの入場トラブル等）は返金不可とさせていた...",False
sold_milesixtones-2026__41500,,milesixtones-2026,2026-09-19,17:30,味の素スタジアム,electronic,female,QR毎,,,,,2026-09-04 19:01:10,,2026-09-04 19:01:10,,historical_unknown,sold,2,41500,"QR毎/初期当選/⭐️アリツ落選名義/重複すり替えなし/着ブロ希望なし/下3桁提示可/有効期限内/発送物戻りなし

⭐️定価+手数料先払い🉑優先
公演前日まで...",False
sold_milesixtones-2026__9000,,milesixtones-2026,2026-09-19,17:30,味の素スタジアム,electronic,female,連絡ボードにて,,,,,2026-09-04 19:01:10,,2026-09-04 19:01:10,,historical_unknown,sold,1,9000,"【座席未定】
チケットを複数所持しております。同時入場後にチケットを一旦回収し、開演5~10分前を目処に再集合の上チケットをお渡しさせていただきます。
座席につ...",False
sold_milesixtones-2026__9800,,milesixtones-2026,2026-09-19,17:30,味の素スタジアム,electronic,female,連絡ボードにて,,,,,2026-09-04 19:01:10,,2026-09-04 19:01:10,,historical_unknown,sold,1,9800,"【座席未定】
チケットを複数所持しております。同時入場後にチケットを一旦回収し、開演5~10分前を目処に再集合の上チケットをお渡しさせていただきます。上乗せにて...",False
sold_milesixtones-2026__31500,,milesixtones-2026,2026-09-19,17:30,味の素スタジアム,electronic,male,連絡ボードにて,,,,,2026-09-04 19:01:10,,2026-09-04 19:01:10,,historical_unknown,sold,2,31500,"復活当選/初当選名義/有効期限内/郵便物戻りなし/着席ブロック指定なし/下3桁提示可

公演前日までログイン情報お伝え致しますので入場後即時にログアウトお願い致...",False
sold_milesixtones-2026__11500,,milesixtones-2026,2026-09-19,17:30,味の素スタジアム,electronic,female,同行,,,,,2026-09-04 19:01:10,,2026-09-04 19:01:10,,historical_unknown,sold,2,11500,"初心者の方でも大丈夫です。
丁寧に対応します。
2連購入の場合は必ず2連お隣でお渡し。
複数名義所持のためランダム配布となります。
公演当日、会場付近で待ち合わ...",False
sold_milesixtones-2026__21500,,milesixtones-2026,2026-09-19,17:30,味の素スタジアム,electronic,female,ランダム配布,,,,,2026-09-04 19:01:10,,2026-09-04 19:01:10,,historical_unknown,sold,2,21500,"【ランダム配布】全て初期当選、会員有効期限内、女性名義

１．同時入場後、全てのチケットを回収し一旦解散させて頂きます。当方座席選択後、ランダムにチケットをお渡...",False
sold_milesixtones-2026__44000,,milesixtones-2026,2026-09-19,17:30,味の素スタジアム,electronic,female,公演日前日までにQRコード共有,,,,,2026-09-04 19:01:10,,2026-09-04 19:01:10,,historical_unknown,sold,2,44000,"QR毎/初期当選/アリツア落選名義/重複すり替えなし/着ブロ希望なし/下3桁提示可能/有効期限内/発送物戻りなし/同一住所エラーなし

公演前日夜にログインに必...",False
sold_milesixtones-2026__11300,,milesixtones-2026,2026-09-19,17:30,味の素スタジアム,electronic,female,同行,,,,,2026-09-04 19:01:10,,2026-09-04 19:01:10,,historical_unknown,sold,2,11300,"4名義中4番手/有効期限内/下3桁提示可能/すり替えなし/着ブロ希望なし/本人確認不可

4名義中の4番手のチケットです。
公演当日は会場付近にて開場40分前を...",False
sold_milesixtones-2026__59000,,milesixtones-2026,2026-09-19,17:30,味の素スタジアム,electronic,female,同行,,,,,2026-09-04 19:01:10,,2026-09-04 19:01:10,,historical_unknown,sold,1,59000,"7名義中2番手/初期当選/下3桁提示可/有効期限内／すり替えなし
※特別出品、プライベート出品にも変更可能ですので、ご希望の際はリクエストメッセージをお送りくだ...",False
sold_milesixtones-2026__10330,,milesixtones-2026,2026-09-19,17:30,味の素スタジアム,electronic,female,同行,,,,,2026-09-04 19:01:10,,2026-09-04 19:01:10,,historical_unknown,sold,1,10330,"＋2.0当日手渡し(合計3.0)
3名義中2番手
当方が2連でお譲りして頂いたチケットの1枚分になります。当方と同行です。

【取引相手の方からの連絡】
・お譲...",False
sold_milesixtones-2026__34500,,milesixtones-2026,2026-09-19,17:30,味の素スタジアム,electronic,female,QR毎 (公演前日にログイン情報共有),,,,,2026-09-04 19:01:10,,2026-09-04 19:01:10,,historical_unknown,sold,2,34500,"QR毎 初期当選すり替えなし下3桁提示可能郵便物戻りなし
有効期限内名義アリーナツアー落選名義着ブロなし
ランダムエラーで入場できなかった場合など、公演中止以外...",False
sold_milesixtones-2026__10800,,milesixtones-2026,2026-09-19,17:30,味の素スタジアム,electronic,female,連絡ボード,,,,,2026-09-04 19:01:10,,2026-09-04 19:01:10,,historical_unknown,sold,2,10800,"【条件あり】
チケットを複数所持しております。同時入場後にチケットを一旦回収し、開演5~10分前を目処に再集合の上チケットをお渡しさせていただきます。座席につい...",False
sold_milesixtones-2026__47000,,milesixtones-2026,2026-09-19,17:30,味の素スタジアム,electronic,female,公演前日にログイン情報共有,,,,,2026-09-04 19:01:10,,2026-09-04 19:01:10,,historical_unknown,sold,1,47000,"QR毎/初期当選/重複・すり替えなし/下3桁提示可能/有効期限内名義/アリツア落選名義/着ブロ希望なし

・公演前日にログイン情報をお伝えいたします。
・入場後...",False
sold_milesixtones-2026__20500,,milesixtones-2026,2026-09-19,17:30,味の素スタジアム,electronic,female,連絡ボード,,,,,2026-09-04 19:01:10,,2026-09-04 19:01:10,,historical_unknown,sold,1,20500,"プライベートモードにてお取引希望の為希望者の方はメッセージお願い致します

【条件あり】
チケットを複数所持しております。同時入場後にチケットを一旦回収し、開演...",False
sold_milesixtones-2026__11272,,milesixtones-2026,2026-09-19,17:30,味の素スタジアム,electronic,female,同行,,,,,2026-09-04 19:01:10,,2026-09-04 19:01:10,,historical_unknown,sold,2,11272,取引様専用,False
sold_milesixtones-2026__12520,,milesixtones-2026,2026-09-20,17:30,味の素スタジアム,electronic,female,専用,,,,,2026-09-04 19:01:10,,2026-09-04 19:01:10,,historical_unknown,sold,1,12520,"複数名義のランダム配布となっております。全てコンビニ決済、有効期限内、初期当選の名義となります。以下の注意事項を了承の上ご購入をお願いいたします。
・買い手様に...",False
sold_milesixtones-2026__14900,,milesixtones-2026,2026-09-20,17:30,味の素スタジアム,electronic,female,同行,,,,,2026-09-04 19:01:10,,2026-09-04 19:01:10,,historical_unknown,sold,2,14900,"★早わたしランダム配布★
入場後15分以内に必ずチケットをお渡しいたします。

開場20分前にご集合いただき同時入場後、チケットを一度回収し再配布いたします。...",False
sold_milesixtones-2026__41400,,milesixtones-2026,2026-09-20,17:30,味の素スタジアム,electronic,female,同時入場,,,,,2026-09-04 19:01:10,,2026-09-04 19:01:10,,historical_unknown,sold,2,41400,"5名義中2番手
初期当選 下3桁提示可能

公演中止以下のキャンセル不可
ランダムエラーなどいかなる場合でも返金不可です。

待ち合わせなどはお日にち近くなり次...",False
sold_milesixtones-2026__36195,,milesixtones-2026,2026-09-20,17:30,味の素スタジアム,electronic,female,連絡ボードにて,,,,,2026-09-04 19:01:10,,2026-09-04 19:01:10,,historical_unknown,sold,2,36195,"＊前日にログイン情報をお伝えします
＊入場後すみやかにログアウト・受取評価をお願いします。また、完了の旨公演開始時間までにご連絡ください
＊体調不良、交通機関の...",False
sold_milesixtones-2026__5000,,milesixtones-2026,2026-09-20,17:30,味の素スタジアム,electronic,female,同行,,,,,2026-09-04 19:01:10,,2026-09-04 19:01:10,,historical_unknown,sold,1,5000," 3.0/枚 残り2.5当日手渡し
プライベートモードにて再度出品いたしますので、お取引希望の方はメッセージにてご連絡ください。
2連中1枚
当方と同行です。...",False
sold_milesixtones-2026__29000,,milesixtones-2026,2026-09-20,17:30,味の素スタジアム,electronic,female,公演前日にQR共有　QR毎　下３桁提示,,,,,2026-09-04 19:01:10,,2026-09-04 19:01:10,,historical_unknown,sold,2,29000,"公演日前日にQR共有・QR毎・下３桁提示可・FC初期当選・重複すり替えなし・有効期限内・クレカ決済(同一クレカなし)・着ブロなし・郵便戻りなし

・前回当選歴...",False
sold_milesixtones-2026__11900,,milesixtones-2026,2026-11-08,17:00,ヤンマースタジアム長居,electronic,none,同行,,,,,2026-09-04 19:01:10,,2026-09-04 19:01:10,,historical_unknown,sold,2,11900,ランダム配布です。複数名義所持の為、発券後一度チケットを回収し選ばせていただきます。座席券はこちらで決めてお渡しします。座席をお選びするのにお時間頂戴する場合が...,False
sold_milesixtones-2026__17580,,milesixtones-2026,2026-11-08,17:00,ヤンマースタジアム長居,electronic,female,3名義中3番手,,,,,2026-09-04 19:01:10,,2026-09-04 19:01:10,,historical_unknown,sold,2,17580,"初期当選/3名義中3番手/すり替えなし/下3桁提示可

・待ち合わせ場所や時間などの詳細は決まり次第ご連絡いたします。集合時間に遅れた場合は待たずに入場いたしま...",False
sold_milesixtones-2026__39900,,milesixtones-2026,2026-11-08,17:00,ヤンマースタジアム長居,electronic,female,公演前日ログイン情報共有,,,,,2026-09-04 19:01:10,,2026-09-04 19:01:10,,historical_unknown,sold,2,39900,"QR毎 初期当選 下3桁提示可 重複すり替えなし 発送物戻り無し 着席指定無し 有効期限内 

 公演前日にログイン情報をお伝えいたします。公演中止の場合のみ返...",False
sold_milesixtones-2026__30999,,milesixtones-2026,2026-11-21,16:30,日産スタジアム,electronic,female,公演日前日にログイン情報共有,,,,,2026-09-04 19:01:10,,2026-09-04 19:01:10,,historical_unknown,sold,2,30999," ⭐️着ブロ希望

QR毎/FC先行/座席未定/初期当選/下3桁提示可/有効期限内  

⭐️当選歴（チケホル有）
ヤングオールド大阪下段10-20列のみ

公...",False
sold_milesixtones-2026__62000,,milesixtones-2026,2026-11-22,16:30,日産スタジアム,electronic,female,公演日前日ログイン情報共有,,,,,2026-09-04 19:01:10,,2026-09-04 19:01:10,,historical_unknown,sold,2,62000,"QR毎/FC先行/着ブロ選択なし/座席未定/初期当選/下3桁提示可/有効期限内  

⭐️当選歴（チケホル有）
ヤングオールド東京2階のみ

公演日前日にログイ...",False
sold_milesixtones-2026__49999,,milesixtones-2026,2026-11-22,16:30,日産スタジアム,electronic,none,公演日当日QRコード共有,,,,,2026-09-04 19:01:10,,2026-09-04 19:01:10,,historical_unknown,sold,2,49999,"FC先行 座席未定QR／初期選／重複・す
り替えなし／下3桁提示可能／有効期限内
公演日に連絡ボードにて必要な情報をお伝えします。
お席に関するクレーム・送金停...",False
sold_milesixtones-2026__36155,,milesixtones-2026,2026-11-22,16:30,日産スタジアム,electronic,female,同行,,,,,2026-09-04 19:01:10,,2026-09-04 19:01:10,,historical_unknown,sold,1,36155,公演中止以外いかなる場合も返金は致しかねます。,False
sold_milesixtones-2026__49000,,milesixtones-2026,2026-11-22,16:30,日産スタジアム,electronic,female,公演日前日にログイン情報共有,,,,,2026-09-04 19:01:10,,2026-09-04 19:01:10,,historical_unknown,sold,1,49000,"QR毎/初期当選/着席ブロック希望なし/重複すり替えなし/下3桁提示可/有効期限内/

入場後は速やかにログアウト・受け取り通知をお願いいたします。
座席に関す...",False
sold_milesixtones-2026__52500,,milesixtones-2026,2026-11-22,16:30,日産スタジアム,electronic,female,公演前日QR共有,,,,,2026-09-04 19:01:10,,2026-09-04 19:01:10,,historical_unknown,sold,2,52500,"FC先行 座席未定QR／初期当選／重複なし／すり替えなし／下3桁提示可能／有効期限内

公演前日に連絡ボードにて必要な情報をお伝えします。
お席に関するクレーム...",False
sold_milesixtones-2026__15999,,milesixtones-2026,2026-11-22,16:30,日産スタジアム,paper,female,4名義中3番手/すり替えなし,,,,,2026-09-04 19:01:10,,2026-09-04 19:01:10,,historical_unknown,sold,2,15999,"4名義中3番手/FC先行/座席未定/初期当選/下3桁提示可/有効期限内 

公演当日【14:00】会場付近にて集合予定
詳細は連絡ボードにて連絡いたします。...",False
sold_milesixtones-2026__19999,,milesixtones-2026,2026-11-22,16:30,日産スタジアム,electronic,female,4名義中4番手,,,,,2026-09-04 19:01:10,,2026-09-04 19:01:10,,historical_unknown,sold,1,19999,"4名義中4番手/FC先行/座席未定/初期当選/下3桁提示可/有効期限内 

公演当日【14:00】会場付近にて集合予定
詳細は連絡ボードにて連絡いたします。...",False
sold_milesixtones-2026__25853,,milesixtones-2026,2026-11-22,16:30,日産スタジアム,electronic,female,当日同時入場,,,,,2026-09-04 19:01:10,,2026-09-04 19:01:10,,historical_unknown,sold,1,25853,"11/22 2名義中2番手 【1枚】(2連中の1枚)

 ・公演当日は開場30分前頃に会場付近に集合し、同時入場して頂きます。（集合時間は予定ですので前後する場...",False
xg8z7m7izc,,hakucho-to-komori-stage-greeting,2026-09-22,09:10,新宿ピカデリー,electronic,none,分配,c,5.0,,,2026-09-17 11:01:12,,2026-09-18 00:01:15,,,listing,1,18000,"チケットぴあ Cloakにて分配致します。
ぴあアカウントお待ちの方のみご購入ください。
分配後、ご自身にて発券お願いします。
発券完了次第、受取評価お願いしま...",True
v5scsbfyy4,,hakucho-to-komori-stage-greeting,2026-09-22,09:10,新宿ピカデリー,electronic,female,チケットぴあ Cloakにて分配致します。 分配後、ご自身にて発券お願いします。発券番号での受け渡しも可。,M,5.0,,,2026-09-17 11:01:12,,2026-09-17 12:01:13,,,deleted,1,0,"発券完了次第、受取評価お願いします。
公演中止以外はいかなる理由でも返金対応致しません。",True
m9hc8yhlk7,,hakucho-to-komori-stage-greeting,2026-09-22,13:40,新宿ピカデリー,electronic,female,分配,n,5.0,,,2026-09-17 11:01:12,,2026-09-18 00:01:15,,,listing,2,8000,"9/22 13:40 O〜R列センブロ1〜2枚
如何なる場合もキャンセル不可
入金確認後分配にてお譲りいたしますので受け取り評価をお願いいたします。
",True
gxlhacj395,,hakucho-to-komori-stage-greeting,2026-09-22,09:10,新宿ピカデリー,electronic,female,入金後24時間以内にチケットぴあにて分配いたします,♡,5.0,,,2026-09-17 12:01:13,,2026-09-18 00:01:15,,,listing,1,40000,ぴあにて分配いたしますので、ご自身で発券をお願いいたします。公演中止以外のいかなる場合もキャンセル返金不可となります。,True
52qf8vd0mz,,hakucho-to-komori-stage-greeting,2026-09-22,09:10,新宿ピカデリー,electronic,none,入金後、分配いたします。,バルシャーク,5.0,,,2026-09-17 12:01:13,,2026-09-18 00:01:15,,,deleted,1,12500,公演中止以外の返金不可。公演中止の場合は返金いたします。,True
34rnqtxt7j,,hakucho-to-komori-stage-greeting,2026-09-22,09:10,新宿ピカデリー,electronic,none,分配,m,5.0,,,2026-09-17 12:01:13,,2026-09-18 00:01:15,,,listing,1,38000,"※本日9/18 12時までの掲載※
入金確認後分配いたします。
分配の受け取りが完了した時点で受け取り連絡お願いいたします。
公演中止の場合のみ手数料除いて返金...",True
pv5sck581s,,hakucho-to-komori-stage-greeting,2026-09-22,09:10,新宿ピカデリー,electronic,female,分配,t,5.0,,,2026-09-17 12:01:13,,2026-09-18 00:01:15,,,listing,1,35000,"ご入金確認後、メッセージボードにて分配いたします。
公演中止以外の返金は受け付けておりません。",True
6mfdm8zoa8,,hakucho-to-komori-stage-greeting,2026-09-22,13:40,新宿ピカデリー,electronic,female,入金後24時間以内にぴあCloakにて分配,N,5.0,,,2026-09-17 12:01:13,,2026-09-17 13:01:20,,,deleted,2,0,ぴあCloakにて分配いたしますので、ご自身で発券をお願いいたします。,True
6yytz87ltt,,hakucho-to-komori-stage-greeting,2026-09-22,13:40,新宿ピカデリー,pickup_number,female,URLにて分配,ゆり,5.0,,,2026-09-17 12:01:13,,2026-09-17 13:01:20,,,deleted,1,27000,,True
cmk6iasxc8,,hakucho-to-komori-stage-greeting,2026-09-22,13:40,新宿ピカデリー,electronic,female,分配,す,5.0,,,2026-09-17 12:01:13,,2026-09-18 00:01:15,,,listing,1,23000,"ご購入後分配URLを提示いたしますので、発券次第受け取り評価をお願いいたします。
公演中止以外の返金不可",True
dtgfpheg0p,,hakucho-to-komori-stage-greeting,2026-09-22,13:40,新宿ピカデリー,electronic,female,ぴあURLにて分配いたします。,あ,5.0,,,2026-09-17 12:01:13,,2026-09-17 13:01:20,,,deleted,2,14000,,True
b5b70wu4mi,,hakucho-to-komori-stage-greeting,2026-09-22,13:40,新宿ピカデリー,electronic,female,分配,a,5.0,,,2026-09-17 12:01:13,,2026-09-18 00:01:15,,,listing,1,0,"入金確認後にぴあにて分配いたしますので、ご自身で発券をお願いいたします。
公演中止に限り、各種手数料を差し引いた額を返金いたします。

プライベート出品いたしま...",True
z446a1sfp5,,hakucho-to-komori-stage-greeting,2026-09-22,13:40,新宿ピカデリー,electronic,female,分配,S,5.0,,QR,2026-09-17 12:01:13,,2026-09-18 00:01:15,,,listing,1,20000,"ぴあにて分配いたします。
分配後は速やかに受け取りをお願いいたします。
公演中止以外の返金不可となります。",True
rsx536eq4s,,hakucho-to-komori-stage-greeting,2026-09-22,09:10,新宿ピカデリー,electronic,female,チケットぴあ分配,K,5.0,,,2026-09-17 13:01:20,,2026-09-18 00:01:15,,,listing,2,0,公演中止以外の返金不可,True
tr0qieyxx4,,hakucho-to-komori-stage-greeting,2026-09-22,09:10,新宿ピカデリー,pickup_number,female,分配または発券番号,N,5.0,,,2026-09-17 13:01:20,,2026-09-18 00:01:15,,,listing,2,72500,"ご入金いただき次第分配、できなければ発券番号にてお譲りいたします。
分配の場合は分配受け取り次第、発券番号の場合は発券次第速やかに受け取り評価をお願いいたします...",True
x7m5g7l35x,,hakucho-to-komori-stage-greeting,2026-09-22,13:40,新宿ピカデリー,electronic,female,入金後24時間以内に分配,りり,5.0,,,2026-09-17 13:01:20,,2026-09-18 00:01:15,,,listing,2,89999,"ご入金確認後、ぴあのcloakで分配いたします。
分配後、すぐにサイトで受取完了できる方のみ。

【注意事項】
・購入者様都合でのキャンセルはお受けできません。...",True
7zb1pxm81l,,hakucho-to-komori-stage-greeting,2026-09-22,09:10,新宿ピカデリー,electronic,female,分配,🍀,5.0,,,2026-09-17 14:01:15,,2026-09-18 00:01:15,,,listing,1,45000,"※本日9/18 21時までの出品
購入希望の方はプラベ出品またはプラベルに変更致しますのでご連絡ください。

ご入金確認後分配いたします。
分配の受け取りが完了...",True
vr9iozg3if,,hakucho-to-komori-stage-greeting,2026-09-22,09:10,新宿ピカデリー,electronic,female,分配,yu,5.0,,,2026-09-17 14:01:15,,2026-09-18 00:01:15,,,listing,2,12000,"チケットぴあにて分配します。
公演中止の際は返金します。その他の理由での返金対応は致しかねます。",True
7o5283q7sw,,hakucho-to-komori-stage-greeting,2026-09-22,13:40,新宿ピカデリー,pickup_number,female,入金後24時間以内に発券番号共有,s,5.0,,,2026-09-17 14:01:15,,2026-09-18 00:01:15,,,listing,1,0,"入金確認後、発券番号お伝えいたしますのでご自身で発券ください。
発券完了後は速やかに受取連絡実施ください。
入場前後問わず本人確認、出演者の変更、公演時間の変更...",True
90tqn5v53k,,hakucho-to-komori-stage-greeting,2026-09-22,13:40,新宿ピカデリー,electronic,female,分配URLをお送りします,🦭,5.0,,,2026-09-17 14:01:15,,2026-09-18 00:01:15,,,listing,1,0,,True
vp6cxp74x5,,hakucho-to-komori-stage-greeting,2026-09-22,13:40,新宿ピカデリー,electronic,female,入金後24時間以内に分配URLを共有,ゆ,5.0,,,2026-09-17 14:01:15,,2026-09-18 00:01:15,,,listing,1,19000,,True
q981t3n3e8,,hakucho-to-komori-stage-greeting,2026-09-22,09:10,新宿ピカデリー,electronic,female,分配,あ,5.0,,,2026-09-17 15:01:10,,2026-09-18 00:01:15,,,listing,2,8000,"ご入金確認後、分配させていただきます。
分配完了後は速やかに受け取り評価お願いいたします。
公演中止の場合のみ手数料を除いて返金させていただきます。",True
sedygwqnhi,,hakucho-to-komori-stage-greeting,2026-09-22,13:40,新宿ピカデリー,electronic,female,分配,R,5.0,,,2026-09-17 15:01:10,,2026-09-18 00:01:15,,,listing,2,42000,公演中止以外いかなる場合も返金いたしません。分配いたしますので分配後受け取りおねがいします。,True
rmjwi1j6cz,,hakucho-to-komori-stage-greeting,2026-09-22,13:40,新宿ピカデリー,electronic,none,入金後24時間以内にQRコード共有,に,5.0,,QR,2026-09-17 15:01:10,,2026-09-18 00:01:15,,,listing,2,11000,"ご入金確認後、分配させていただきます。
分配完了後は速やかに受け取り評価お願いいたします。
公演中止の場合のみ手数料を除いた金額を返金させていただきます。",True
98vbjp2xl4,,hakucho-to-komori-stage-greeting,2026-09-22,09:10,新宿ピカデリー,electronic,female,チケットぴあにて分配します。,D,5.0,,,2026-09-17 16:01:10,,2026-09-18 00:01:15,,,listing,2,60000,バラ売りの場合は、売れ残りを防ぐために通路横ではない席を分配します。,True
54ksdlud5n,,hakucho-to-komori-stage-greeting,2026-09-22,13:40,新宿ピカデリー,electronic,female,分配または手渡し,★,5.0,,,2026-09-17 16:01:10,,2026-09-18 00:01:15,,,listing,2,23000,"購入希望の方はプライベート出品又はプラベルに変更致しますのでご連絡ください。

単番はスタジアム手渡し可能な方のみ対応します。

ご入金確認後、分配させていただ...",True
uit3vcv09j,,hakucho-to-komori-stage-greeting,2026-09-22,13:40,新宿ピカデリー,pickup_number,female,入金後2日以内に発券番号共有,t,5.0,,,2026-09-17 16:01:10,,2026-09-18 00:01:15,,,listing,1,28000,チケットぴあにて分配致します。,True
upnju8z17f,,hakucho-to-komori-stage-greeting,2026-09-22,09:10,新宿ピカデリー,pickup_number,none,入金後24時間以内に発券番号共有,y,5.0,,,2026-09-17 17:01:13,,2026-09-18 00:01:15,,,listing,2,48000,"⚠️プラベ出品に切り替えますので、購入希望の方はご連絡ください。

公演中止のみチケット代、手数料を差し引いて返金します。
それ以外はキャンセル、返金はできかね...",True
5l5tni6abc,,hakucho-to-komori-stage-greeting,2026-09-22,13:40,新宿ピカデリー,pickup_number,female,入金後2日以内に発券番号共有,あたん,5.0,,,2026-09-17 18:01:16,,2026-09-18 00:01:15,,,listing,1,78000,,True
1rtc6aniko,,hakucho-to-komori-stage-greeting,2026-09-22,13:40,新宿ピカデリー,electronic,female,チケットぴあより分配,K,5.0,,,2026-09-17 19:01:13,,2026-09-18 00:01:15,,,listing,2,15500,"公演中止のみ返金可。
分配にてお受取り、ご確認頂けましたら受取評価のほどよろしくお願い致します。",True
l8xna0r2ti,,hakucho-to-komori-stage-greeting,2026-09-22,09:10,新宿ピカデリー,electronic,none,分配いたします。,バルシャーク,5.0,,,2026-09-18 00:01:15,,2026-09-18 00:01:15,,,listing,1,10341,公演中止以外のでの返金不可。,True
vy3w1ju03a,,milesixtones-2026,2026-11-07,17:00,ヤンマースタジアム長居,electronic,female,同行,✧,5.0,,同行,2026-09-24 11:27:01,scrape_observed,2026-09-25 01:01:12,,,listing,1,50000,"プラベル出品に切り替えますので、担当等コメントにて明記のほどよろしくお願いいたします。

当方と同行/アリツア落選名義/有効期限内/すり替えなし/田中担不可...",True
m86iorhzqe,,milesixtones-2026,2026-11-07,17:00,ヤンマースタジアム長居,electronic,female,公演前日にログイン情報お伝え,Lily,5.0,,QR,2026-09-24 11:27:01,scrape_observed,2026-09-25 01:01:12,,,listing,2,70000,"初期当選/2枚QR毎/重複すり替えなし/会員番号下3桁提示可/有効期限内/発送物戻りなし/コンビニ決算/

ご購入いただいてすぐに下3桁ご提示いたします。公演前...",True
jw1saje24b,,milesixtones-2026,2026-11-07,17:00,ヤンマースタジアム長居,electronic,female,同行,m,5.0,,番手,2026-09-24 11:27:01,scrape_observed,2026-09-25 00:01:19,,,listing,2,30000,"3名義中3番手2連
初期当選、有効期限内、すり替えなし、名義下3桁提示可

ゲート別れた際はQR毎でお渡しする場合がございます。（2番手の方と入場していただく可...",True
abprtl5q8m,,milesixtones-2026,2026-11-07,17:00,ヤンマースタジアム長居,electronic,female,5名義中5番手,ゆゆゆ,4.8,,番手,2026-09-24 11:27:01,scrape_observed,2026-09-25 00:01:19,,,listing,2,30000,"◎お取引初心者の方でも安心してお取引できるよう対応いたします。分からないことがあればお気軽にご質問ください。

下記内容をよくお読みいただき理解した上でご購入く...",True
3e6sbkuumu,,milesixtones-2026,2026-11-07,17:00,ヤンマースタジアム長居,electronic,female,公演前日にログイン情報共有,a,5.0,,QR,2026-09-24 11:27:01,scrape_observed,2026-09-25 01:01:12,,,listing,2,55000,"初期当選/2枚QR毎/重複すり替えなし/会員番号下3桁提示可/有効期限内/発送物戻りなし/初当選/同行者登録可

メッセージいただければプライベート出品に変更可...",True
kjn5uxfme2,,milesixtones-2026,2026-11-07,17:00,ヤンマースタジアム長居,electronic,female,同行,ゆ,5.0,,番手,2026-09-24 11:27:01,scrape_observed,2026-09-25 00:01:19,,,listing,2,35000,"2名義中2番手/すり替えなし/下3桁提示可/全て有効期限内/同一クレカ決済なし/発送物戻り名義なし/初期当選
※プライベート出品に切り替えさせていただくため、購...",True
qc7g0iezfy,,milesixtones-2026,2026-11-07,17:00,ヤンマースタジアム長居,electronic,female,当方と同行,ひなた,5.0,,同行QR,2026-09-24 11:27:01,scrape_observed,2026-09-25 00:01:19,,,listing,1,0,"⚠️復活当選した場合、制作開放席当選した場合のみお譲り可能です。

当方 田中樹担 。同担拒否はありません。
但しサイチェン、マナーを守れない方はご遠慮下さい�...",True
jdyxzqpglm,,milesixtones-2026,2026-11-07,17:00,ヤンマースタジアム長居,electronic,female,同行,^_^,5.0,,同行,2026-09-24 11:27:01,scrape_observed,2026-09-25 01:01:12,,,listing,1,0,"重複あり、複数名義中番手お渡し(3名義中3番手)
初期当選/有効期限内/着ブロなし/下3桁提示可能
プライベート出品しますので購入されずにまずお声がけください。...",True
oinlbmr5y6,,milesixtones-2026,2026-11-07,17:00,ヤンマースタジアム長居,electronic,female,3名義中3番手,R,5.0,,番手,2026-09-24 11:27:01,scrape_observed,2026-09-25 01:01:12,,,listing,2,32000,"3名義中3番手【ランエラ一部返金可⭐️】
プラベル出品に切り替えますので、お取引希望の方はメッセージにてご連絡ください。

初期当選 / 有効期限内 / すり替...",True
qhtkpn637f,,milesixtones-2026,2026-11-07,17:00,ヤンマースタジアム長居,electronic,female,同行,M,5.0,,同行,2026-09-24 11:27:01,scrape_observed,2026-09-25 00:01:19,,,listing,1,46000,"重複なし同行/初期当選/有効期限内/下3桁提示可能

開場時間30分前に集合していただきます。詳細は連絡ボードにて送らせていたただきます。日本語の通じない方、未...",True
djjjsz17hv,,milesixtones-2026,2026-11-07,17:00,ヤンマースタジアム長居,electronic,female,同行,🌟,4.9,,ランダム,2026-09-24 11:27:01,scrape_observed,2026-09-25 00:01:19,,,listing,4,30000,"【指定席のお譲り】
◎ チケットお取引が初めての方や、慣れていない方もご安心いただけるお取引をいたします。
◎ 入場方法がわからない場合も、当日お会いしてご挨拶...",True
iwa6kxuwjm,,milesixtones-2026,2026-11-07,17:00,ヤンマースタジアム長居,electronic,female,同行,m♪,5.0,,ランダム記載あり,2026-09-24 11:27:01,scrape_observed,2026-09-25 01:01:12,,,listing,2,30000,"FC先行/有効期限名義のみ/アリツア落選名義/すり替えなし/下3桁提示可/条件あり

・3名義中3名義目のお譲りです。
・当方が選ばなかったチケットをお渡し致し...",True
c4nzt413u6,,milesixtones-2026,2026-11-07,17:00,ヤンマースタジアム長居,electronic,female,同行,tan,5.0,,ランダム,2026-09-24 11:27:01,scrape_observed,2026-09-25 00:01:19,,,listing,1,35000,"⭐︎1名義のみランダム⭐︎

※プラベルで専用出品致しますので、メッセージお願い致します。

公演当日、開場20分前を目安に会場付近で待ち合わせをし、同時入場を...",True
fo626bnxiv,,milesixtones-2026,2026-11-07,17:00,ヤンマースタジアム長居,electronic,male,同行,T,5.0,,同行,2026-09-24 11:27:01,scrape_observed,2026-09-25 00:01:19,,,listing,1,45000,"同行/すり替えなし/着ブロ希望なし/初期当選/下3桁提示可/有効期限内/男性名義

プライベート出品に切り替えますのでご購入希望の方は担当記載の上メッセージにて...",True
63xug0n30d,,milesixtones-2026,2026-11-07,17:00,ヤンマースタジアム長居,electronic,female,3名義中2番手,R,5.0,,番手,2026-09-24 11:27:01,scrape_observed,2026-09-25 01:01:12,,,listing,2,40000,"3名義中2番手【ランエラ一部返金可⭐️】
プラベル出品に切り替えますので、お取引希望の方はメッセージにてご連絡ください。

初期当選 / 有効期限内 / すり替...",True
7vj0fvq4yn,,milesixtones-2026,2026-11-07,17:00,ヤンマースタジアム長居,electronic,female,初期当選、QR毎、重複すり替えなし、下3桁可能、有効期限内,J,5.0,,QR,2026-09-24 11:27:01,scrape_observed,2026-09-25 01:01:12,,,listing,2,65000,"過去当選2公演ともスタンド席です。チケホル登録忘れてるので気になる方はご購入お控えください。
プラベル可能です、コメントください。
前日になりしたらログイン情報...",True
kt7qg2lubz,,milesixtones-2026,2026-11-07,17:00,ヤンマースタジアム長居,electronic,female,同行,りり,5.0,,同行記載あり,2026-09-24 11:27:01,scrape_observed,2026-09-25 00:01:19,,,listing,1,60000,"初期当選
同行者が未定の為、探しております。
座席は、2枚のうち当方が選んだ後チケットをお渡しします。",True
tidvmnwkr3,,milesixtones-2026,2026-11-07,17:00,ヤンマースタジアム長居,electronic,female,ランダム配布,t,5.0,,ランダム,2026-09-24 11:27:01,scrape_observed,2026-09-25 00:01:19,,,listing,1,22000,入場後はチケットを一旦こちらで回収し、当方が座席選択をした後にランダムでお渡し致します。開演10分前までのお渡しです。ご購入者様が座席を選択することはできません...,True
1ucftqg9rd,,milesixtones-2026,2026-11-07,17:00,ヤンマースタジアム長居,electronic,female,公演前日ログイン情報共有,り,5.0,,QR,2026-09-24 11:27:01,scrape_observed,2026-09-25 01:01:12,,,listing,2,47000,"2連QR毎・初期当選・着ブロなし・下3桁提示可・当選歴なし
入場後速やかにログアウト、必ず開演前までに評価をお願いいたします。
購入者都合での返金一切受け付けま...",True
akub073caw,,milesixtones-2026,2026-11-07,17:00,ヤンマースタジアム長居,electronic,female,公演日前日にログイン情報をお伝え致します,m,5.0,,QR,2026-09-24 11:27:01,scrape_observed,2026-09-24 14:01:14,,,listing,2,47000,"QR毎/初期当選/当選歴なし/重複すり替えなし/下3桁提示可/有効期限内
公演前日にログイン情報お伝えいたします。
入場後は速やかにログアウトお願いいたします。...",True
drvtvm0ax6,,milesixtones-2026,2026-11-07,17:00,ヤンマースタジアム長居,paper,female,手渡し,ねこ,5.0,,同行,2026-09-24 11:27:01,scrape_observed,2026-09-25 00:01:19,,,listing,1,60000,2名義中1番手同行/下3桁提示可能/有効期限内/着ブロ希望なし/初当選,True
5lb6kqnn5x,,milesixtones-2026,2026-11-07,17:00,ヤンマースタジアム長居,electronic,female,ランダム配布,t,5.0,,ランダム,2026-09-24 11:27:01,scrape_observed,2026-09-25 00:01:19,,,listing,2,30000,入場後はチケットを一旦こちらで回収し、当方が座席選択をした後にランダムでお渡し致します。開演10分前までのお渡しです。ご購入者様が座席を選択することはできません...,True
joc6yfyf6w,,milesixtones-2026,2026-11-07,17:00,ヤンマースタジアム長居,electronic,female,同行,にゃにゃ,5.0,,同行,2026-09-24 11:27:01,scrape_observed,2026-09-25 01:01:12,,,listing,1,40000,"当方と同行/初期当選/重複・すり替えなし/下3桁表示可/ 有効期限内/着ブロ希望なし/サイチェン可/アリツ落選名義

・2連中の1枚当方（森本担 同担可）との同...",True
nkslpotidf,,milesixtones-2026,2026-11-07,17:00,ヤンマースタジアム長居,electronic,female,当日手渡し,てむ,5.0,,QR,2026-09-24 11:27:01,scrape_observed,2026-09-25 01:01:12,,,listing,1,50000,"初期当選/1枚QR毎/重複すり替えなし/会員番号下3桁提示可/有効期限内/アリツ落選

・公演当日、会場付近にて待ち合わせを行い同時入場していただきます。
・入...",True
jkgl10rm9q,,milesixtones-2026,2026-11-07,17:00,ヤンマースタジアム長居,electronic,none,公演日前日までにQRコード共有,cc,5.0,,QR,2026-09-24 11:27:01,scrape_observed,2026-09-25 01:01:12,,,listing,1,43000,"初期当選 重複なし　座席未定　すり替えなし　会員番号下3桁提示可能　QR毎　有効期限内名義

公演前日にログイン情報をお伝えします。
公演中止の場合のみ返金いた...",True
i65jvyee53,,milesixtones-2026,2026-11-07,17:00,ヤンマースタジアム長居,electronic,none,同行,y:),5.0,,番手,2026-09-24 11:27:01,scrape_observed,2026-09-25 00:01:19,,,listing,2,40000,"2名義中2番手のお譲りです。
購入を検討される方はメッセージをお願いします。プラベルまたはプラベ出品へ移行します。
下3桁提示可能/すり替えなし/有効期限内
公...",True
l3fy4569nc,,milesixtones-2026,2026-11-07,17:00,ヤンマースタジアム長居,electronic,female,公演当日までにログイン情報提示,𖤐,5.0,,QR,2026-09-24 11:27:01,scrape_observed,2026-09-25 00:01:19,,,listing,2,52000,"⭐️プラベルの場合即決下げます⭐️
30万代ライブ初当選名義/下3桁提示可/有効期限内/初期当選/着ブロ指定なし/すり替えなし/重複なし
ランダムエラー、本人確...",True
r8l7orogow,,milesixtones-2026,2026-11-07,17:00,ヤンマースタジアム長居,electronic,female,同行,り,5.0,,同行番手,2026-09-24 11:27:01,scrape_observed,2026-09-25 01:01:12,,,listing,2,45000,"3名義重複/2番手2連/座種未定/初期当選/すり替えなし/下3桁提示可能/公演日有効期限内

※開示懸念のため1部サイト優先。
お話まとまり次第専用またはプラベ...",True
gm0ku8cswr,,milesixtones-2026,2026-11-07,17:00,ヤンマースタジアム長居,electronic,female,同行,⭐︎,5.0,,番手,2026-09-24 11:27:01,scrape_observed,2026-09-24 14:01:14,,,listing,2,35000,"🌟開示請求防止のためご購入いただける方がいらっしゃいましたらプライベート出品に切り替えさせていただきます。
お気軽にコメントください。

3番手中2番手のチケ...",True
g9dolqqitd,,milesixtones-2026,2026-11-07,17:00,ヤンマースタジアム長居,electronic,female,公演日2日までにログイン情報共有,ましゅまろ,5.0,,ランダム記載あり,2026-09-24 11:27:01,scrape_observed,2026-09-25 01:01:12,,,listing,1,60000,"当選歴無し/重複すり替えなし/入場後サイチェン可/下3桁提示可/有効期限内/郵送物戻り無し/

前日までにログイン情報お伝えします。

入場後すぐに受取評価、ロ...",True
wwhietr7v1,,milesixtones-2026,2026-11-07,17:00,ヤンマースタジアム長居,electronic,none,同時入場,れ,5.0,,番手,2026-09-24 11:27:01,scrape_observed,2026-09-25 01:01:12,,,listing,2,45000,"2名義中2番手/下三桁提示可能/着ブロ希望無し/有効期限内/初期当選/すり替えなし/本人確認不可/サイチェン可/すべてアリツア落選名義
・2名義中2番手のです。...",True
l5683epkma,,milesixtones-2026,2026-11-07,17:00,ヤンマースタジアム長居,electronic,female,同行,ナ,5.0,,同行,2026-09-24 11:27:01,scrape_observed,2026-09-25 00:01:19,,,listing,2,36000,"2名義中2番手/初期当選/アリツア落選/有効期限内名義/すり替えなし(下3桁提示可能)/着ブロなし

プラベルにてお取引可能です。

・チケット発券後、チケット...",True
u5lhua1v34,,milesixtones-2026,2026-11-07,17:00,ヤンマースタジアム長居,electronic,female,同行,とま,5.0,,ランダム,2026-09-24 11:27:01,scrape_observed,2026-09-25 00:01:19,,,listing,2,27000,"開場20分前にご集合いただき同時入場後、チケットを一度回収し再配布いたします。
2枚でご購入いただいた場合も、入場時は別れてご入場いただく可能性もございます。最...",True
178tebxitq,,milesixtones-2026,2026-11-07,17:00,ヤンマースタジアム長居,electronic,female,同行,333,4.9,,ランダム,2026-09-24 11:27:01,scrape_observed,2026-09-25 01:01:12,,,listing,1,21800,⭐️開示対策の為プライベート出品に切り替えますのでご希望の方は⚠️リクエストではなく個別メッセージお願いいたします⭐️中相場での買取、上乗せにて早渡しも可能です...,True
ep7989e504,,milesixtones-2026,2026-11-07,17:00,ヤンマースタジアム長居,electronic,female,同行,U,5.0,,ランダム,2026-09-24 11:27:01,scrape_observed,2026-09-25 00:01:19,,,listing,1,25000,【入場時ランダムエラーの場合の全額返金保証、立見なし】ランダムのお渡しとなり、購入者様の座席選択権はありませんことご理解下さい。(連番での落札は必ず連番のお譲り...,True
jfk5t602x8,,milesixtones-2026,2026-11-07,17:00,ヤンマースタジアム長居,electronic,female,同行,Lo,5.0,,同行番手,2026-09-24 11:27:01,scrape_observed,2026-09-25 01:01:12,,,listing,2,35000,"2名義中2番手
すり替えなし/有効期限内/下3桁提示可
プライベート出品に変更するため購入前にコメントお願いします。

《条件》
・取引経験のある日本人女性のみ...",True
8966wl4c1t,,milesixtones-2026,2026-11-07,17:00,ヤンマースタジアム長居,electronic,female,同行,m,4.9,,同行ランダム,2026-09-24 11:27:01,scrape_observed,2026-09-25 01:01:12,,,listing,2,40000,🌟すり替えなしランダム🌟すべて初期当選、有効期限内、着ブロなし、下3桁提示可能です。複数名義当選のため、開演時刻の2時間30分前までに会場付近に集合していた...,True
o67zr6kag8,,milesixtones-2026,2026-11-07,17:00,ヤンマースタジアム長居,electronic,female,同行,n,5.0,,番手同行,2026-09-24 11:27:01,scrape_observed,2026-09-25 01:01:12,,,listing,2,30000,"3名義中3番手/すり替えなし/着ブロなし/有効期限内/下3桁提示可
会場付近にて待ち合わせし、同時入場していただきます。
座席の選択権はございません。入場後一旦...",True
y7a49rd0ff,,milesixtones-2026,2026-11-07,17:00,ヤンマースタジアム長居,electronic,female,公演日前日にログイン情報お伝え,AIka,5.0,,QR,2026-09-24 11:27:01,scrape_observed,2026-09-25 01:01:12,,,listing,2,60000,"初期当選／QRごと／重複すり替えなし／会員番号下3桁提示可／有効期限内／発送物戻りなし／アリツ落選名義／着席希望なし

・ご購入いただいてすぐに下3桁ご提示いた...",True
36x565x4kk,,milesixtones-2026,2026-11-07,17:00,ヤンマースタジアム長居,electronic,female,同行,m,5.0,,番手,2026-09-24 11:27:01,scrape_observed,2026-09-25 01:01:12,,,listing,2,35000,"3名義中2番手2連
全て初期当選、有効期限内名義、すり替えなし、名義下3桁提示可

ゲートが別れた際はQRコードでのお譲りになる場合がございます。（３番手の方と...",True
2ndg93rf6i,,milesixtones-2026,2026-11-07,17:00,ヤンマースタジアム長居,electronic,female,同行,m♪,5.0,,ランダム記載あり,2026-09-24 11:27:01,scrape_observed,2026-09-25 01:01:12,,,listing,2,45000,"FC先行/有効期限名義のみ/アリツア落選名義/すり替えなし/下3桁提示可/条件あり

・3名義中2名義目のお譲りです。
・お席の選択に時間を頂きますので、ご了承...",True
t4fxs729go,,milesixtones-2026,2026-11-07,17:00,ヤンマースタジアム長居,electronic,female,同行,ぴぴぴ,5.0,,ランダム,2026-09-24 11:27:01,scrape_observed,2026-09-25 01:01:12,,,listing,1,24000,"プラベルにて出品致しますので、購入希望の方はメッセージお願いいたします。
少数ランダム 開場20分前に待ち合わせ
同時入場後一旦チケットを回収し当方が座席を確認...",True
nybpsns8bz,,milesixtones-2026,2026-11-07,17:00,ヤンマースタジアム長居,electronic,female,同行,nano,5.0,,同行,2026-09-24 11:27:01,scrape_observed,2026-09-25 00:01:19,,,listing,1,40000,"同行募集 2連中の1枚
初期当選 アリツア落選 前回YOスタンド
重複すり替えなし 会員×会員
郵便物戻りなし Pay-easy決済
会員番号下3桁提示可能 有...",True
kou9tidux3,,milesixtones-2026,2026-11-07,17:00,ヤンマースタジアム長居,electronic,female,ランダム配布,ゆゆゆ,4.8,,ランダム,2026-09-24 11:27:01,scrape_observed,2026-09-25 00:01:19,,,listing,2,27000,"◎お取引初心者の方でも安心してお取引できるよう対応いたします。分からないことがあればお気軽にご質問ください。

下記内容をよくお読みいただき理解した上でご購入く...",True
j3ucwhl7j0,,milesixtones-2026,2026-11-07,17:00,ヤンマースタジアム長居,electronic,female,同行,R,5.0,,番手,2026-09-24 11:27:01,scrape_observed,2026-09-25 01:01:12,,,listing,2,30000,"3名義中3番手/すり替えなし/下3桁提示可/初期当選/有効期限内/着ブロ希望なし/MILESixTONESアリツア落選名義

当日は開場15分前ごろに集合し、同...",True
xxr1tpuqdr,,milesixtones-2026,2026-11-07,17:00,ヤンマースタジアム長居,electronic,female,同時入場,🐶,5.0,,番手,2026-09-24 11:27:01,scrape_observed,2026-09-25 01:01:12,,,listing,2,35000,"【3名義中3番手】
※ ご購入者様にお席の選択権はございません

○当日は開場10分前に集合し同時入場をお願いします。 同時入場後全てのチケットを回収し、当方が...",True
fo2auukfwk,,milesixtones-2026,2026-11-07,17:00,ヤンマースタジアム長居,electronic,female,公演前日まで下3桁開示,ゆ,5.0,,番手,2026-09-24 11:27:01,scrape_observed,2026-09-25 00:01:19,,,listing,2,40000,"FC/すり替えなし/期限内/2名義中2番手/下3桁提示可

こちら4/枚チケットになります。こちらにご納得頂ける方のみのみご購入ください

過去ランエラ出た名義...",True
o4mnc9se2r,,milesixtones-2026,2026-11-07,17:00,ヤンマースタジアム長居,electronic,female,公演前日にログイン情報を共有,あ,5.0,,QR,2026-09-24 11:27:01,scrape_observed,2026-09-24 16:01:21,,,listing,2,60000,"
初期当選/2枚QR毎/重複すり替えなし/会員番号下3桁提示可/有効期限内/発送物戻りなし/クレカ決済(同一クレカ決済なし)/アリツ落選・前回スタンド名義

メ...",True
dq32x7vex2,,milesixtones-2026,2026-11-07,17:00,ヤンマースタジアム長居,electronic,female,同行,m,4.9,,同行ランダム,2026-09-24 11:27:01,scrape_observed,2026-09-25 01:01:12,,,listing,1,30000,"複数名義当選のため、開演時刻の2時間30分前までに会場付近に集合していただき、同時入場後、一旦チケットを回収してこちらで先に座席選択させていただきます。
複数の...",True
9maci3b0kb,,milesixtones-2026,2026-11-07,17:00,ヤンマースタジアム長居,electronic,male,公演日1日前にログイン情報お知らせします。,YU,5.0,,QR,2026-09-24 11:27:01,scrape_observed,2026-09-25 01:01:12,,,listing,1,60000,"QRコード毎の取引です。
重複すり替えなし有効期限内/下3桁開示可",True
65can9y4nd,,milesixtones-2026,2026-11-07,17:00,ヤンマースタジアム長居,electronic,female,同行,ぴか,5.0,,同行,2026-09-24 11:27:01,scrape_observed,2026-09-25 01:01:12,,,listing,1,40000,"※プラベル出品に切り替えますので、担当記載の上コメントください。

重複すり替えなし、初期当選、本人確認不可。ジェシー担不可。いかなる場合も返金なし、サイチェン...",True
ruwa7686du,,milesixtones-2026,2026-11-07,17:00,ヤンマースタジアム長居,electronic,female,同行,ぴよ,5.0,,同行番手,2026-09-24 11:27:01,scrape_observed,2026-09-25 01:01:12,,,listing,1,60000,"2名義中1番手同行/松村担不可/下三桁提示可能/着ブロ希望無し/有効期限内/初期当選/すり替えなし/本人確認不可/サイチェン可

・2名義中1番手の同行です。チ...",True
wb1x0z3bqe,,milesixtones-2026,2026-11-07,17:00,ヤンマースタジアム長居,electronic,female,同行,ず,5.0,,同行,2026-09-24 11:27:01,scrape_observed,2026-09-24 12:01:11,,,listing,1,45000,"重複無し当方との同行(森本担×)
アリツア落選名義/すり替えなし/下3桁提示可/有効期限内名義
公演当日、会場付近にて待ち合わせを行い同時入場していただきます。
10分以上遅刻されましたら待たずに入場させていただきます。その場合も受け取り連絡していただきますのでご了承ください。
詳しい集合時間・場所は公演1,2日前に連絡ボードにてお知らせいたします。
連番内の座席はこちらで決めさせていただきます。チケット受け取り後はその場で速やかに受け取り連絡をお願いいたします。入場ゲート・座席に関するクレーム、質問等一切お受けできません。
ランダムエラー、本人確認対応不可のためご了承下さい。体調不良・復活当選等ご購入後公演中止以外の如何なる理由でのキャンセル返金不可。キャンセル、入場困難であった場合も受け取り連絡していただきます。
トラブル防止のため買い手様は日本人、代理購入はご遠慮ください。",True
j6tlcb273i,,milesixtones-2026,2026-11-07,17:00,ヤンマースタジアム長居,electronic,female,公演当日ログイン情報共有,星,5.0,,QR,2026-09-24 11:27:01,scrape_observed,2026-09-25 01:01:12,,,listing,2,48000,"会員番号20万以内／初期当選／QRごと／YO・アリツ落選名義／会員番号下3桁提示可／有効期限内／発送物戻りなし／着席希望なし

※特別出品orプラベルにて再度出...",True
e1w2k4q97o,,milesixtones-2026,2026-11-07,17:00,ヤンマースタジアム長居,electronic,female,同行,ico,5.0,,同行,2026-09-24 11:27:01,scrape_observed,2026-09-25 00:01:19,,,listing,1,40000,"重複無し当方との同行(髙地担×)/アリツア落選名義/前回スタンド席/すり替えなし/下3桁提示可/有効期限内名義

公演当日、会場付近にて開演時間に合わせ待ち合わ...",True
tjz9v2d65l,,milesixtones-2026,2026-11-07,17:00,ヤンマースタジアム長居,electronic,female,公演日前日ログイン情報提示、初期当選、QR毎、重複すりかえ無し、下3桁提示可能、有効期限内,ず,5.0,,QR,2026-09-24 11:27:01,scrape_observed,2026-09-24 12:01:11,,,listing,2,50000,"プライベート出品切り替え可能です。
公演前日夜にログインに必要な情報をお伝えします。
当日は速やかにログアウト･受取報告をお願いいたします。
座席に関するクレームや返金は一切受け付けません。
公演中止の場合のみ手数料を引いた金額を返金します。
その他、体調不良･交通機関の乱れ･メンバー不在･本人確認･ランダムエラーで入場できなかったなど、如何なる場合も必ず受け取りはしていただき、キャンセル･返金できません。
購入された時点で了承いただけたものとします。",True
9s6oig8eqv,,milesixtones-2026,2026-11-07,17:00,ヤンマースタジアム長居,electronic,female,同行,m,5.0,,同行番手,2026-09-24 11:27:01,scrape_observed,2026-09-25 01:01:12,,,listing,2,45000,"2名義中2番手/初期当選/有効期限内名義/すり替えなし(下3桁提示可能)/着ブロなし

プラベルにてお取引可能です。

・チケット発券後、チケットをすべて回収さ...",True
jhmbdo5r82,,milesixtones-2026,2026-11-07,17:00,ヤンマースタジアム長居,electronic,female,会場付近で待ち合わせし同時入場,れに,5.0,,番手,2026-09-24 11:27:01,scrape_observed,2026-09-25 01:01:12,,,listing,2,34000,"FC先行座席未定3名義中3番手すり替えなし/着
ブロ希望名義無／有効期限内／下3桁提示可能
会場付近にて待ち合わせし、同時入場していただきます。
詳しい待ち合わ...",True
wa4sjwb8nw,,milesixtones-2026,2026-11-07,17:00,ヤンマースタジアム長居,electronic,female,会場付近で集合し、同時入場,れに,5.0,,番手,2026-09-24 11:27:01,scrape_observed,2026-09-25 01:01:12,,,listing,2,44000,"FC先行座席未定3名義中2番手すり替えなし/着
ブロ希望名義無／有効期限内／下3桁提示可能
会場付近にて待ち合わせし、同時入場していただきます。
詳しい待ち合わ...",True
c6bzsf6e1g,,milesixtones-2026,2026-11-07,17:00,ヤンマースタジアム長居,electronic,female,同行,M,5.0,,同行ランダム,2026-09-24 11:27:01,scrape_observed,2026-09-25 00:01:19,,,listing,1,35000,少人数ランダム配布です。開場時間30分前に指定した場所に集合して頂き、同時入場します。開演30分前にはチケットをお渡しします。公演中止以外返金対応いたしかねます...,True
39w6kk5agv,,milesixtones-2026,2026-11-07,17:00,ヤンマースタジアム長居,electronic,female,公演日前日にログイン情報の共有,もちゅ,5.0,,QR,2026-09-24 11:27:01,scrape_observed,2026-09-25 01:01:12,,,listing,2,60000,"QR毎/初期当選/有効期限内/下3桁提示可/発送物戻りなし/着ブロ希望なし

公演日前日にログイン情報をお伝えします。

公演中止の場合のみ、手数料を引いた金額...",True
h1qk6rwwo4,,milesixtones-2026,2026-11-08,17:00,ヤンマースタジアム長居,electronic,female,同行,なにぷり,5.0,,番手,2026-09-24 11:27:01,scrape_observed,2026-09-25 01:01:12,,,listing,2,40000,"3名義中2番手 全てアリツア落選名義
下三桁提示可能/すり替えなし/初期当選/有効期限内/サイチェン可

・公演当日は開場時間20~30分前に会場付近で待ち合わ...",True
jtzihvt5ij,,milesixtones-2026,2026-11-08,17:00,ヤンマースタジアム長居,electronic,female,同行,m♪,5.0,,ランダム記載あり,2026-09-24 11:27:01,scrape_observed,2026-09-25 01:01:12,,,listing,2,30000,"FC先行/有効期限名義のみ/アリツア落選名義/すり替えなし/下3桁提示可/条件あり

・3名義中3名義目のお譲りです。
・当方が選ばなかったチケットをお渡し致し...",True
un8knmol1o,,milesixtones-2026,2026-11-08,17:00,ヤンマースタジアム長居,electronic,female,同行,あ,5.0,,同行,2026-09-24 11:27:01,scrape_observed,2026-09-25 01:01:12,,,listing,1,30000,"同行/京本担不可//座種未定/初期当選/すり替えなし/下3桁掲示可/有効期限内/アリツア落選名義/過去エラー無し、発送物戻りなし/女性名義/
※プラベル移行も可...",True
mhsbmvlfnb,,milesixtones-2026,2026-11-08,17:00,ヤンマースタジアム長居,electronic,female,当日手渡し,M,5.0,,番手,2026-09-24 11:27:01,scrape_observed,2026-09-25 01:01:12,,,listing,2,25000,3名義3番手  すり替えなし 下3桁提示可,True
sldcu5x0n9,,milesixtones-2026,2026-11-08,17:00,ヤンマースタジアム長居,electronic,female,公演前日ログイン情報の共有,ずみ,5.0,,QR,2026-09-24 11:27:01,scrape_observed,2026-09-25 01:01:12,,,listing,2,45000,"QR毎/2連番/初当選名義/98万台/有効期限内/下3桁提示可/同行者非会員/他G含めエラーなし

・公演日前日ログイン情報を共有いたします。開演時間15分後に...",True
ft2x40oa8j,,milesixtones-2026,2026-11-08,17:00,ヤンマースタジアム長居,electronic,none,当日手渡し,紅葉,5.0,,番手,2026-09-24 11:27:01,scrape_observed,2026-09-25 00:01:19,,,listing,2,40000,"5名義中3番手　2連　即決4.0/枚
2.0チケテンプラベ出品/残高手渡しの取引になりますので、取引希望の方はメッセージお願い致します。
下3桁提示可・すり替え...",True
ecz7bz6krz,,milesixtones-2026,2026-11-08,17:00,ヤンマースタジアム長居,electronic,female,同行,rn,5.0,,同行,2026-09-24 11:27:01,scrape_observed,2026-09-25 01:01:12,,,listing,1,40000,"当方(松村担)と同行
重複すり替え無し / 初期当選 / 有効期限内 / アリツア落選名義 / 同一クレカ決済無し / 着ブロ指定無し / 下三桁提示可

⚠️...",True
dna48w2npb,,milesixtones-2026,2026-11-08,17:00,ヤンマースタジアム長居,electronic,female,同時入場,はるか,5.0,,番手,2026-09-24 11:27:01,scrape_observed,2026-09-25 00:01:19,,,listing,2,38000,"2名義中2番手／有効期限内／すり替えなし／下3桁掲示可／着ブロ希望なし／郵送物戻りなし


・日本人の成人済み女性のみ
・公演当日、当方の指定した時間・会場付近...",True
mrq73vj33n,,milesixtones-2026,2026-11-08,17:00,ヤンマースタジアム長居,electronic,female,同行,ゆ,5.0,,同行記載あり,2026-09-24 11:27:01,scrape_observed,2026-09-25 00:01:19,,,listing,1,63000,"重複なし同行/初期当選/着ブロなし/期限内名義
【必ずお読みください】
・﻿﻿開場30分前を目処に会場付近に集合し同時入場していただきます。詳しい集合時間、場所...",True
i8ff51h03c,,milesixtones-2026,2026-11-08,17:00,ヤンマースタジアム長居,electronic,female,公演日1日前までにログイン情報共有,な,5.0,,QR,2026-09-24 11:27:01,scrape_observed,2026-09-25 01:01:12,,,listing,1,50000,"FC先行/初期当選/QR毎/購入後下3桁提示可/すり替え重複なし/有効期限内/郵便物戻りなし/着ブロ指定なし
エラー履歴無い
ログイン情報は前日にお伝えします。...",True
o4e2zmnos8,,milesixtones-2026,2026-11-08,17:00,ヤンマースタジアム長居,electronic,female,ランダム配布,じゅ,5.0,,ランダム,2026-09-24 11:27:01,scrape_observed,2026-09-25 01:01:12,,,listing,1,23000,"⭐️少人数ランダム

プライベートモードにて再出品いたしますので、ご希望の方はメッセージお願いいたします。


ご購入者様に発券のお手伝いをお願いする場合がござ...",True
fl6lncufvu,,milesixtones-2026,2026-11-08,17:00,ヤンマースタジアム長居,electronic,female,同行,あ,5.0,,番手,2026-09-24 11:27:01,scrape_observed,2026-09-25 01:01:12,,,listing,2,50000,"4名義中2番手/すり替えなし/全て有効期限内/初期当選/同一クレカ支払いなし/発送物戻り名義なし/下3桁提示可

当日は開場30分前頃に、会場付近の当方指定場所...",True
u8nrfi60vd,,milesixtones-2026,2026-11-08,17:00,ヤンマースタジアム長居,electronic,female,同行,ゆ,5.0,,番手,2026-09-24 11:27:01,scrape_observed,2026-09-25 01:01:12,,,listing,2,45000,"初期当選/有効期限内/すり替えなし/3名義中2番手/下3桁提示可/着ブロ含まず

・当日はこちらが指定した場所にて開場15分前に待ち合わせし、同時入場していただ...",True
kp89wxguqh,,milesixtones-2026,2026-11-08,17:00,ヤンマースタジアム長居,electronic,none,同行,まろん,5.0,,同行,2026-09-24 11:27:01,scrape_observed,2026-09-25 01:01:12,,,listing,1,40000,"当方と同行/初期当選/すり替えなし/下3桁表示可/ 有効期限内/着ブロ希望なし/アリツ落選名義

・2連中の1枚当方（森本担 同担可）との同行になります。
・連...",True
irxtsb9jcc,,milesixtones-2026,2026-11-08,17:00,ヤンマースタジアム長居,electronic,female,4名義中2番手,は,5.0,,番手,2026-09-24 11:27:01,scrape_observed,2026-09-25 01:01:12,,,listing,2,50000,"ファンクラブ先行/有効期限内/すり替え無し /下3桁提示可 /


複数名義所持のため、他の方がチケットを選んだ後、4名義中2番目にチケットを配布します。
また...",True
pf54s1mgsw,,milesixtones-2026,2026-11-08,17:00,ヤンマースタジアム長居,electronic,female,同行,り,5.0,,同行,2026-09-24 11:27:01,scrape_observed,2026-09-25 01:01:12,,,listing,1,60000,"2連中1枚当方と同行/重複すり替えなし/アリツ落選名義 YOスタンド/初期当選/下三桁提示可/有効期限内/着ブロなし
※プライベート出品しますので、ご購入希望の...",True
hf7dkklm36,,milesixtones-2026,2026-11-08,17:00,ヤンマースタジアム長居,electronic,female,4名義中3番手,pi,5.0,,番手,2026-09-24 11:27:01,scrape_observed,2026-09-25 01:01:12,,,listing,2,35000,"初期当選/4名義中3番手/アリツア落選名義/すり替えなし/下3桁提示可/有効期限内/配送物戻りなし/サイチェン可

・待ち合わせ場所や時間などの詳細は決まり次第...",True
xb6ntdmrdt,,milesixtones-2026,2026-11-08,17:00,ヤンマースタジアム長居,electronic,female,同行,m,4.9,,同行ランダム,2026-09-24 11:27:01,scrape_observed,2026-09-25 01:01:12,,,listing,1,30000,"複数名義当選のため、開演時刻の2時間30分前までに会場付近に集合していただき、同時入場後、一旦チケットを回収してこちらで先に座席選択させていただきます。
複数の...",True
w7qymjmbg0,,milesixtones-2026,2026-11-08,17:00,ヤンマースタジアム長居,electronic,female,同行,る,5.0,,同行番手,2026-09-24 11:27:01,scrape_observed,2026-09-25 01:01:12,,,listing,2,24550,"全て初期当選、FC先行、アリツア落選名義、3番手中3番手 、QR発券のため座席未定

松村名義×1、京本名義×2。全て有効期限内、ペイジー決済、着席ブロック希望...",True
uinxx84306,,milesixtones-2026,2026-11-08,17:00,ヤンマースタジアム長居,electronic,female,同行,u,5.0,,番手,2026-09-24 11:27:01,scrape_observed,2026-09-25 00:01:19,,,listing,2,47500,"4名義中2番手/すり替えなし/下3桁提示可能/有効期限内名義

2連優先

プライベート出品に切り替えますので
お取引希望の方はメッセージお願いいたします。...",True
uo4dgl6sit,,milesixtones-2026,2026-11-08,17:00,ヤンマースタジアム長居,electronic,female,同行,s,5.0,,ランダム同行,2026-09-24 11:27:01,scrape_observed,2026-09-25 01:01:12,,,listing,2,30000,"座席未定、少人数ランダム配布
🌟発券した座席次第ではすぐにお渡しいたします！
・2枚での購入の場合は2連でのお渡し可能です。
・プライベート出品に切り替えます...",True
jixbgg7rz4,,milesixtones-2026,2026-11-08,17:00,ヤンマースタジアム長居,electronic,none,ランダム配布,な,5.0,,ランダム,2026-09-24 11:27:01,scrape_observed,2026-09-24 21:01:15,,,listing,1,17000,"ランダム配布
プラベ出品またはプラベルに切り替えますので購入希望の方はメッセージお願いいたします。

・公演当日は会場付近にて開場15分前（予定）に待ち合わせし...",True
cn9gekfb7h,,milesixtones-2026,2026-11-08,17:00,ヤンマースタジアム長居,electronic,female,同時入場,K⭐️,5.0,,同行番手,2026-09-24 11:27:01,scrape_observed,2026-09-25 01:01:12,,,listing,1,28000,"xxrxn1999様　専用

2名義中1番手 同行

初期当選/有効期限内/すり替えなし/下3桁提示可能/サイチェン可/京本担不可

＊公演中止以外の返金、キャ...",True
mf632k1w3r,,milesixtones-2026,2026-11-08,17:00,ヤンマースタジアム長居,electronic,female,同行,ar,5.0,,同行,2026-09-24 11:27:01,scrape_observed,2026-09-24 15:01:17,,,listing,1,30000,"初期当選/2連×2/2名義中2番手/有効期限内/下3桁提示可/着ブロ指定なし/すり替えなし/同一決済なし/エラー歴なし

2連×2名義所持の2名義目(残り2連中...",True
8idajjr9s8,,milesixtones-2026,2026-11-08,17:00,ヤンマースタジアム長居,electronic,female,公演日前日までにログイン情報共有,y,5.0,,QR,2026-09-24 11:27:01,scrape_observed,2026-09-25 01:01:12,,,listing,2,42000,初期当選、重複すり替え無し、下3桁提示可,True
uaaayed5go,,milesixtones-2026,2026-11-08,17:00,ヤンマースタジアム長居,electronic,female,公演前日,Y,5.0,,同行記載あり,2026-09-24 11:27:01,scrape_observed,2026-09-25 00:01:19,,,listing,1,50000,"QR毎/初期当選/有効期限内/郵送物戻りなし/着ブロ希望なし/同一クレカなし/下3桁提示可

プライベート出品に切り替えますのでメッセージお願いいたします。
ロ...",True
nfdsvd7hsb,,milesixtones-2026,2026-11-08,17:00,ヤンマースタジアム長居,electronic,female,同行,A,5.0,,ランダム,2026-09-24 11:27:01,scrape_observed,2026-09-25 00:01:19,,,listing,2,30000,"複数名義所持の為、同時入場発券後、こちらで座席確認後のランダム配布となります。

発券後はチケットを回収し座席の確認にお時間いただく可能性がございます為、一度解...",True
qh96huelec,,milesixtones-2026,2026-11-08,17:00,ヤンマースタジアム長居,electronic,female,入金後24時間以内にQRコード共有,ま♡,5.0,,番手,2026-09-24 11:27:01,scrape_observed,2026-09-25 01:01:12,,,listing,2,0,"11/8 ヤンマースタジアム長居 
4名義中、2番手
初期当選/有効期限内/重複すり替え無し/下3桁提示可

公演当日は開演2時間30分前にこちらが指定する場所...",True
cddzcdlyfw,,milesixtones-2026,2026-11-08,17:00,ヤンマースタジアム長居,electronic,female,当日手渡し,はち,5.0,,番手,2026-09-24 11:27:01,scrape_observed,2026-09-24 13:01:20,,,listing,2,30000,"2名義中2番手の2連チケットです
FC先行/初期当選 / 座席未定 / 有効期限内名義 / すり替えなし / 会員番号下3桁提示可能

公演当日は当方の指定した...",True
0531umw034,,milesixtones-2026,2026-11-08,17:00,ヤンマースタジアム長居,electronic,female,同行,ゆ,5.0,,同行,2026-09-24 11:27:01,scrape_observed,2026-09-25 01:01:12,,,listing,1,0,"2連中1枚 当方（京本担）との同行/重複すり替えなし/初期当選/下3桁提示可/有効期限内/着ブロなし

プライベート出品に変更いたしますので、お取引希望の方はメ...",True
1jh5c8za24,,milesixtones-2026,2026-11-08,17:00,ヤンマースタジアム長居,electronic,female,同行,あ,5.0,,番手,2026-09-24 11:27:01,scrape_observed,2026-09-25 00:01:19,,,listing,2,40000,"2名義中2番手 2連

2名義共に有効期限内該当名義(女性名義)
重複すり替えなし/下3桁提示可/着ブロ希望無し

・公演当日、こちらの指定する場所にお集まりい...",True
mf2an2wg62,,milesixtones-2026,2026-11-08,17:00,ヤンマースタジアム長居,electronic,female,当方と同行,JN,5.0,,同行,2026-09-24 11:27:01,scrape_observed,2026-09-25 00:01:19,,,listing,1,50000,"1名義当方と同行。
ランエラ等起きた場合対応しかねます。
宜しくお願い致します🙇‍♀️",True
jdlvbpxoht,,milesixtones-2026,2026-11-08,17:00,ヤンマースタジアム長居,electronic,female,同行,m,4.9,,同行ランダム,2026-09-24 11:27:01,scrape_observed,2026-09-25 01:01:12,,,listing,2,40000,🌟すり替えなしランダム🌟すべて初期当選、有効期限内、着ブロなし、下3桁提示可能です。複数名義当選のため、開演時刻の2時間30分前までに会場付近に集合していた...,True
ry38v7wuxt,,milesixtones-2026,2026-11-08,17:00,ヤンマースタジアム長居,electronic,female,連絡ボード,ゆ,5.0,,番手,2026-09-24 11:27:01,scrape_observed,2026-09-25 01:01:12,,,listing,2,40000,"FC/すり替えなし/期限内/2名義中2番手/下3桁提示可

サイト通し分1、当日手渡し3の4/枚チケットになります。こちらにご納得頂ける方のみのみご購入ください...",True
mkjyt37mrk,,milesixtones-2026,2026-11-08,17:00,ヤンマースタジアム長居,electronic,female,同行,m,5.0,,同行記載あり,2026-09-24 11:27:01,scrape_observed,2026-09-25 01:01:12,,,listing,1,60000,"１名義のみの同行です。
⚠︎髙地担不可
初期当選/有効期限内/着ブロ希望なし/下3桁提示可/重複すり替えなし
プラベル通しに切り替えますのでご希望の方は一度ご連...",True
688nduorsp,,milesixtones-2026,2026-11-08,17:00,ヤンマースタジアム長居,electronic,female,同行,a,5.0,,番手,2026-09-24 11:27:01,scrape_observed,2026-09-25 01:01:12,,,listing,2,37000,FC先行／初期当選／座席未定／2名義中2番手／すり替えなし／下3桁提示可／着ブロ希望なし／エラー、郵送物戻りなし／有効期限内名義／アリツア落選、過去歴スタンド席...,True
ug85vrf8tu,,milesixtones-2026,2026-11-08,17:00,ヤンマースタジアム長居,electronic,female,同行,333,4.9,,ランダム,2026-09-24 11:27:01,scrape_observed,2026-09-24 12:01:11,,,listing,1,20000,"⭐️開示対策の為プライベート出品に切り替えますのでご希望の方は⚠️リクエストではなくコメントお願いいたします⭐️中相場での買取、上乗せにて早渡しも可能です。ご希望の場合は必ず事前にコメントに記載をお願いいたします。
複数名義所持しております。
※ランダム配布※のためご購入者様に座席選択権はございません。ランダム配布のシステムご理解ない方はご購入をお控えください。いかなる場合も名義数等の質問にはお答えいたしかねます。
公演当日は会場付近にてお待ち合わせし、同時入場をいたします。開場時間30~45分前集合予定です。
入場後、一度すべてのチケットを回収し確認、座席選択後にランダムで配布させていただきます。チケットのお渡しまでお時間をいただく場合がございます。受け取り確認が出来次第チケットをお渡しします。いかなる場合も座席へのクレーム等はお受けできませんのでご了承ください。
公演2.3日前までには詳しいお時間と集合時間お伝えさせていただきます。時間厳守でお集まりください。何かご不明点がございましたらお答え可能ですので取引画面もしくは事前質問にてご連絡ください。
入場時チケットを1枚ずつ配布されますので入場前に一度本人確認書類をお預かり致します。封を閉じてお預かり、入場後チケットと交換で返却させていただきます。
公演中止の際はチケテンの対応に従いご返金いたします。公演中止以外本人確認、ランダムエラー、ご購入様の遅刻、体調不良、出演者の変更等にては一切返金できません。日本語の通じる方、当日緊急連絡先としてお名前とお電話番号の提示、こまめにご連絡の取れる方のみご購入ください。",True
ikp7fbr79n,,milesixtones-2026,2026-11-08,17:00,ヤンマースタジアム長居,electronic,female,同行,み,5.0,,同行,2026-09-24 11:27:01,scrape_observed,2026-09-25 01:01:12,,,listing,1,60000,"座席未定/FC先行/有効期限内/当方(田中担)と同行/下3桁提示可能

・開場時間15分前を目処に集合して頂き同時に入場致します。
・公共交通機関の遅延等いかな...",True
u5lkbbo3qa,,milesixtones-2026,2026-11-08,17:00,ヤンマースタジアム長居,electronic,female,同行,K,5.0,,同行,2026-09-24 11:27:01,scrape_observed,2026-09-25 00:01:19,,,listing,1,43000,"初期当選/重複すり替えなし/下3桁提示可/有効期限内/発送物戻りなし/本確対応可/アリツア落選名義/前回当選時スタンド上段

・当方(京本担)との連番
・公演当...",True
xm7drdx9rz,,milesixtones-2026,2026-11-08,17:00,ヤンマースタジアム長居,electronic,female,公演前日QRコード共有,な,5.0,,QR,2026-09-24 11:27:01,scrape_observed,2026-09-24 15:01:17,,,listing,2,43000,"QR毎でのお譲り
初期当選/下３桁提示可/重複すり替えなし/着ブロ希望なし/有効期限内/郵便戻りなし/アリツア落選名義

プラベル出品移行可
公演前日にログイン...",True
1pd6r73tvo,,milesixtones-2026,2026-11-08,17:00,ヤンマースタジアム長居,electronic,female,ランダム,ぽ,5.0,,ランダム,2026-09-24 11:27:01,scrape_observed,2026-09-25 01:01:12,,,listing,1,25000,"💫超少人数ランダム
💫中相場買取可能

お取引はプラベルにて行いますのでご購入の際は中相場買取予定の有無と共にコメントいただきますようお願いいたします。
チ...",True
vco4ro3ce0,,milesixtones-2026,2026-11-08,17:00,ヤンマースタジアム長居,electronic,female,同行,とま,5.0,,ランダム,2026-09-24 11:27:01,scrape_observed,2026-09-25 00:01:19,,,listing,2,27000,"開場20分前にご集合いただき同時入場後、チケットを一度回収し再配布いたします。
2枚でご購入いただいた場合も、入場時は別れてご入場いただく可能性もございます。最...",True
cxlnzgl8g0,,milesixtones-2026,2026-11-08,17:00,ヤンマースタジアム長居,electronic,female,同行,F,5.0,,同行,2026-09-24 11:27:01,scrape_observed,2026-09-25 00:01:19,,,listing,2,30000,"2名義中2番手のお譲り。
全て有効期限内名義です。
同時入場後、一旦全てのチケットを回収します。
こまめに連絡が取れる方のご購入をお願いします。
詳しい集合時間...",True
a3uk58gtks,,milesixtones-2026,2026-11-08,17:00,ヤンマースタジアム長居,electronic,female,同時入場　2名義中2番手,わんわんパラダイス,5.0,,番手,2026-09-24 11:27:01,scrape_observed,2026-09-25 00:01:19,,,listing,2,45000,"2名義中2番手
初期当選/下3桁提示可能/有効期限内/すり替え無/過去エラー無/着ブロ指定なし/サイチェン可

チケホル未取得のため過去座席不明
過去席に関する...",True
uugu5xgren,,milesixtones-2026,2026-11-08,17:00,ヤンマースタジアム長居,electronic,female,同行,か,5.0,,番手,2026-09-24 11:27:01,scrape_observed,2026-09-25 01:01:12,,,listing,2,40000,FC先行 2名義中2番手 初期当選 有効期限内名義 すり替えなし 下3桁提示可 着ブロ希望なし エラー、郵送物戻りなし、アリツ落選(前回スタンド)これ以上は提示...,True
s9g7u76bkd,,milesixtones-2026,2026-11-08,17:00,ヤンマースタジアム長居,electronic,female,同時入場,Ｊ,5.0,,番手,2026-09-24 11:27:01,scrape_observed,2026-09-25 01:01:12,,,listing,1,28000,"４名義中４番手のお譲り
プラベル出品可/全て２連当選/すり替えなし/初期当選/当選名義下３桁提示/有効期限内/Pay-easy入金/着ブロ指定なし/サイチェン可...",True
lr0evn1brt,,milesixtones-2026,2026-11-08,17:00,ヤンマースタジアム長居,electronic,female,公演前日QRコード共有,🍒,5.0,,QR,2026-09-24 11:27:01,scrape_observed,2026-09-24 12:01:11,,,listing,2,43000,"プライベート出品に変更致しますので、購入希望の方はコメントお願い致します。
またご希望であればプラベルにて出品も可能です。お声掛けください。
初期当選/アリツア落選名義/下3桁提示可/有効期限内/発送物戻し無し
公演中止の場合のみ返金可能
それ以外の本人確認等で入場できなかった場合やランダムエラー、体調不良等ご自身の都合による入場不可の場合も返金不可になります。
その他クレーム等もお受けできかねます。
いかなる場合でも受け取りをして頂きます。
同行者代表者同意チェック等を全て済ませた状態、QRコードが開ける状態で、公演日前日にログイン情報をお伝え致します。
重複売りは一切致しません。
ご入場後は、開演前までに受け取り評価、並びにログアウトも必ずお願いいたします。
上記内容を全てご理解頂けるお取引経験があり、日本語の通じる日本人女性のみご購入をお願いいたします。
購入後のキャンセル等は一切不可とさせて頂きます。
よろしくお願い致します。",True
padw2drk02,,milesixtones-2026,2026-11-08,17:00,ヤンマースタジアム長居,electronic,female,QR毎,k,5.0,,ランダム,2026-09-24 11:27:01,scrape_observed,2026-09-25 01:01:12,,,listing,2,25000,"少数ランダム配布

前日までに集合場所をメッセージにてお送りいたします。
会場1時間前までに来ていただき、こちらがお渡しする端末でQR入場していただきます。
そ...",True
90vu93zb9k,,milesixtones-2026,2026-11-08,17:00,ヤンマースタジアム長居,electronic,female,公演前日夜ログイン情報共有,はる,5.0,,ランダム記載あり,2026-09-24 11:27:01,scrape_observed,2026-09-25 00:01:19,,,listing,1,50000,"QR毎のお譲りになります。

初期当選/初当選名義/下3桁提示可/重複すり替えなし/有効期限内/着ブロ希望なし

代理購入不可。
公演前日の夜にログイン情報をお...",True
bfiyh2rodz,,milesixtones-2026,2026-11-08,17:00,ヤンマースタジアム長居,electronic,female,同行,✩,5.0,,ランダム,2026-09-24 11:27:01,scrape_observed,2026-09-25 00:01:19,,,listing,2,25000,"プラベルにて出品させて頂きますので購入希望の方はメッセージお願いいたします。

当日は開場時間の15~30分前頃にこちらが指定した場所に集合していただき同時入場...",True
4ofn2nf65z,,milesixtones-2026,2026-11-08,17:00,ヤンマースタジアム長居,paper,female,当日手渡し,あ,5.0,,番手,2026-09-24 11:27:01,scrape_observed,2026-09-25 01:01:12,,,listing,2,34000,"FC先行 3名義中3番手 初期当選 座席未定 すり替えなし 2連 有効期限内 下3桁提示可 発送物戻りなし

公演当日は開場時間までに会場付近にて待ち合わせし、...",True
j9z2313r7l,,milesixtones-2026,2026-11-08,17:00,ヤンマースタジアム長居,electronic,female,同行,☆,5.0,,同行番手,2026-09-24 11:27:01,scrape_observed,2026-09-25 00:01:19,,,listing,2,40000,"5名義中3番手/初期当選/有効期限内/すり替え無し/下3桁提示〇

・当日は会場付近の当方の指定した場所に集合していただき、同時入場をお願い致します。
・入場の...",True
qqyrqkma7w,,milesixtones-2026,2026-11-08,17:00,ヤンマースタジアム長居,electronic,female,同行,rn,5.0,,同行記載あり,2026-09-24 11:27:01,scrape_observed,2026-09-25 00:01:19,,,listing,1,40000,"当方(松村担)と同行
重複すり替え無し / 初期当選 / 有効期限内 / アリツア落選名義 / 同一クレカ決済無し / 着ブロ指定無し / 下三桁提示可

⚠️...",True
zh3zqchkns,,milesixtones-2026,2026-11-08,17:00,ヤンマースタジアム長居,electronic,female,同行,⭐︎,5.0,,番手,2026-09-24 11:27:01,scrape_observed,2026-09-25 01:01:12,,,listing,2,40000,"５名義中３番手
有効期限内、下三桁提示可、すり替えなし

・複数の方にお集まり頂くため時間厳守でお願いします。購入者様が大幅に時間が遅れてしまう場合、待たずに入...",True
p0zcvwou8p,,milesixtones-2026,2026-11-08,17:00,ヤンマースタジアム長居,electronic,female,QR毎/有効期限内FC,mi,5.0,,QR,2026-09-24 11:27:01,scrape_observed,2026-09-25 01:01:12,,,listing,2,50000,"プラベルにて再度出品いたしますので、お取引希望の方はメッセージにてご連絡ください。

【条件あり】
前日、または当日ログイン情報を連絡します。当日集合していただ...",True
4ml4l26l3o,,milesixtones-2026,2026-11-08,17:00,ヤンマースタジアム長居,electronic,female,同行,SAYA,5.0,,同行,2026-09-24 11:27:01,scrape_observed,2026-09-25 01:01:12,,,listing,1,40000,前回当選時スタンド席、プラベル対応可、アリツア落選名義、FC初期当選、着ブロ希望なし、重複なし2連中の1枚同行、すり替なし下3桁可、Pay-easy支払い、期限...,True
3asxe41ou4,,milesixtones-2026,2026-11-08,17:00,ヤンマースタジアム長居,electronic,female,同行,なにぷり,5.0,,番手,2026-09-24 11:27:01,scrape_observed,2026-09-25 01:01:12,,,listing,2,30000,"3名義中3番手 全てアリツア落選名義
下三桁提示可能/すり替えなし/初期当選/有効期限内/サイチェン可

・公演当日は開場時間20~30分前に会場付近で待ち合わ...",True
wkfbwdusf2,,milesixtones-2026,2026-11-08,17:00,ヤンマースタジアム長居,electronic,female,同行,M,5.0,,同行,2026-09-24 11:27:01,scrape_observed,2026-09-25 00:01:19,,,listing,1,46000,"重複なし同行/初期当選/有効期限内/下3桁提示可能

開場時間30分前に集合していただきます。詳細は連絡ボードにて送らせていたただきます。日本語の通じない方、未...",True
dfeux35xxh,,milesixtones-2026,2026-11-08,17:00,ヤンマースタジアム長居,electronic,female,同行,mt,5.0,,同行,2026-09-24 11:27:01,scrape_observed,2026-09-25 01:01:12,,,listing,1,50000,"プライベート出品orプラベル出品にしますので購入前に一言お願いいたします。

有効期限内/YOスタンド.アリツ落選名義/下三桁提示可能/有効期限内/初期当選/重...",True
2z8z722wy7,,milesixtones-2026,2026-11-08,17:00,ヤンマースタジアム長居,electronic,female,同行,高菜,4.6,,番手,2026-09-24 11:27:01,scrape_observed,2026-09-25 01:01:12,,,listing,2,35000,"2名義中2番手

初期当選/有効期限内/すり替えなし/下3桁提示可能/2名義ともアリーナ落選 前回当選時スタンド席名義

〇公演中止以外の返金、キャンセル
（ラ...",True
kopnms654c,,milesixtones-2026,2026-11-08,17:00,ヤンマースタジアム長居,electronic,female,同時入場,Ｊ,5.0,,番手,2026-09-24 11:27:01,scrape_observed,2026-09-25 01:01:12,,,listing,2,45000,"4名義中2番手のお譲り
プラベル出品可/全て２連当選/すり替えなし/初期当選/当選名義下３桁提示/有効期限内/Pay-easy入金/着ブロ指定なし/サイチェン可...",True
4f87v9p96z,,milesixtones-2026,2026-11-08,17:00,ヤンマースタジアム長居,electronic,female,公演前日ログイン情報共有,M,5.0,,QR,2026-09-24 11:27:01,scrape_observed,2026-09-25 01:01:12,,,listing,2,54900,"QR毎 初期当選 下3桁提示可 重複すり替えなし 有効期限内 同行者登録可 着ブロ指定なし 発送物戻りなし アリツア落選名義

公演前日にログイン情報をお伝えい...",True
c3a6m5740b,,milesixtones-2026,2026-11-08,17:00,ヤンマースタジアム長居,electronic,female,公演前日までに必要情報共有,ｻ,5.0,,番手,2026-09-24 11:27:01,scrape_observed,2026-09-25 00:01:19,,,listing,2,35000,"2名義中2番手2連/すり替えなし/FC先行/有効期限内/下3桁提示可能

●集合/入場について
・公演当日、開場30分前に会場付近にて待ち合わせし、同時入場して...",True
h6b8vbc64s,,milesixtones-2026,2026-11-08,17:00,ヤンマースタジアム長居,electronic,female,同行,TK,5.0,,番手,2026-09-24 11:27:01,scrape_observed,2026-09-25 01:01:12,,,listing,2,35000,"初期当選/2名義中2番手/有効期限内／すり替えなし/下3桁提示可能/本人確認対応不可

頻繁に連絡が取れ、時間をお守りいただける方、日本語のわかる女性の方のみ...",True
vzvj8rf5kp,,milesixtones-2026,2026-11-08,17:00,ヤンマースタジアム長居,electronic,female,同行,M,5.0,,番手,2026-09-24 11:27:01,scrape_observed,2026-09-25 01:01:12,,,listing,2,55000,"2名義中2番手/初期当選/着ブロなし/期限内名義/すり替えなし/下3桁提示可
【必ずお読みください】
・﻿﻿開演1時間前を目処に会場付近に集合し同時入場していた...",True
41bqg0q1fe,,milesixtones-2026,2026-11-08,17:00,ヤンマースタジアム長居,electronic,female,同行,な,5.0,,番手,2026-09-24 11:27:01,scrape_observed,2026-09-25 01:01:12,,,listing,2,35000,"初期当選/ 2名義中2番手/サイチェン可/すり替え無し/着ブロ希望なし/同一クレカ決済なし/下3桁提示可/有効期限内

・公演当日会場付近にて開場10〜20分前...",True
oy9pjkof1y,,milesixtones-2026,2026-11-08,17:00,ヤンマースタジアム長居,electronic,female,公演当日にQRコード共有,A,5.0,,QR,2026-09-24 11:27:01,scrape_observed,2026-09-25 00:01:19,,,listing,2,60000,"VVS下段後列/YO上段/アリツア落選
★チケホル登録あり

⚠️購入意思のない反応要りません。
⚠️一部プラベル(残り手渡し)通しへ移行する為、必ずメッセージ...",True
pcpvqzaw2h,,milesixtones-2026,2026-11-08,17:00,ヤンマースタジアム長居,electronic,female,2名義中2番手,みる,5.0,,番手,2026-09-24 11:27:01,scrape_observed,2026-09-25 01:01:12,,,listing,2,35000,"初期当選/2名義中2番手/下3桁提示可/すり替えなし

・公演当日は開場15分前を目安に集合、同時入場をしていただきます。万が一、遅刻された場合は待たずに入場さ...",True
287teslppt,,milesixtones-2026,2026-11-08,17:00,ヤンマースタジアム長居,electronic,female,当日,てむ,5.0,,QR,2026-09-24 11:27:01,scrape_observed,2026-09-25 01:01:12,,,listing,1,40000,"初期当選/1枚QR毎/重複すり替えなし/会員番号下3桁提示可/有効期限内/アリツ落選

・公演当日、会場付近にて待ち合わせを行い同時入場していただきます。
・入...",True
tkf3d7i6yd,,milesixtones-2026,2026-11-08,17:00,ヤンマースタジアム長居,electronic,female,公演日前日までにログイン情報共有,kuromi.,5.0,,QR,2026-09-24 11:27:01,scrape_observed,2026-09-25 01:01:12,,,listing,2,50000,"QR毎/FC先行座席未定/すり替えなし/下3桁提示可/初期当選/有効期限内/着ブロ希望なし/MILESixTONESアリツア落選

公演日前日にログイン情報をお...",True
v4jzg0mthc,,milesixtones-2026,2026-11-08,17:00,ヤンマースタジアム長居,electronic,female,同時入場後受け渡し,🩷,5.0,,番手,2026-09-24 11:27:01,scrape_observed,2026-09-25 01:01:12,,,listing,1,37000,"⭐️2名義中2番手
初期当選/すり替えなし/有効期限内/下3桁提示可能/発送戻りなし/全てアリツア落選名義


・公演当日は開場15分前を目処に会場付近にてお待...",True
7x1dim2lx6,,milesixtones-2026,2026-11-08,17:00,ヤンマースタジアム長居,electronic,female,公演当日にログイン情報お渡し,p,5.0,,QR,2026-09-24 11:27:01,scrape_observed,2026-09-25 01:01:12,,,listing,1,55000,"プライベート出品に切り替えますのでご希望の方はコメントお願いいたします。
公演中止以外の如何なる理由でも返金不可。",True
0rwel0v7m2,,milesixtones-2026,2026-11-08,17:00,ヤンマースタジアム長居,electronic,female,同行,R,5.0,,同行番手,2026-09-24 11:27:01,scrape_observed,2026-09-25 01:01:12,,,listing,2,35000,"初期当選/2名義中2番手/有効期限内/すり替えなし/下3桁提示可能/本人確認対応不可

ブラベルにて専用出品させていただきますので、購入前にコメントください。...",True
8baoi80n3j,,milesixtones-2026,2026-11-08,17:00,ヤンマースタジアム長居,electronic,female,ランダム配布,t,5.0,,ランダム,2026-09-24 11:27:01,scrape_observed,2026-09-25 00:01:19,,,listing,2,24000,入場後はチケットを一旦こちらで回収し、当方が座席選択をした後にランダムでお渡し致します。開演10分前までのお渡しです。ご購入者様が座席を選択することはできません...,True
qhnm2odloy,,milesixtones-2026,2026-11-08,17:00,ヤンマースタジアム長居,electronic,female,同行,り,4.6,,同行,2026-09-24 11:27:01,scrape_observed,2026-09-25 01:01:12,,,listing,1,65000,"2名義中1番手/初期当選/着ブロなし/期限内名義
【必ずお読みください】
・﻿﻿開場30分前を目処に会場付近に集合し同時入場していただきます。詳しい集合時間、場...",True
p79hk6xb6v,,milesixtones-2026,2026-11-08,17:00,ヤンマースタジアム長居,electronic,female,同行,u,5.0,,番手,2026-09-24 11:27:01,scrape_observed,2026-09-25 00:01:19,,,listing,2,37500,"4名義中3番手/すり替えなし/下3桁提示可能/有効期限内名義

プライベート出品に切り替えますので
お取引希望の方はメッセージお願いいたします。

ご購入前に必...",True
h11k6sy8qd,,milesixtones-2026,2026-11-08,17:00,ヤンマースタジアム長居,electronic,female,公演日前日にQRコード共有,ま,5.0,,QR,2026-09-24 11:27:01,scrape_observed,2026-09-25 01:01:12,,,listing,2,45000,"プラベル出品 連番 QR毎のお渡しになります。

初期当選/有効期限内名義/アリツ落選名義/下3桁提示可能/コンビニ入金済み/着ブロ指定なし/郵送物戻りなし...",True
u2bavzyjdl,,milesixtones-2026,2026-11-08,17:00,ヤンマースタジアム長居,electronic,female,同行,R,5.0,,同行,2026-09-24 11:27:01,scrape_observed,2026-09-25 01:01:12,,,listing,1,50000,"重複なし同行　下3提示可　有効期限内名義
・公演当日は開場時間15分前に会場付近で待ち合わせをし、同時入場していただきます。
・待ち合わせ場所、詳しい時間等は公...",True
lsc5zzijie,,milesixtones-2026,2026-11-08,17:00,ヤンマースタジアム長居,electronic,female,同行,り,5.0,,同行番手,2026-09-24 11:27:01,scrape_observed,2026-09-25 01:01:12,,,listing,2,50000,"4名義重複/2番手2連/座種未定/初期当選/すり替えなし/下3桁提示可能/公演日有効期限内

※開示懸念のため1部サイト優先。
お話まとまり次第専用またはプラベ...",True
cb0iyecuk4,,milesixtones-2026,2026-11-08,17:00,ヤンマースタジアム長居,electronic,female,ランダム配布,t,5.0,,ランダム,2026-09-24 11:27:01,scrape_observed,2026-09-25 00:01:19,,,listing,2,23000,入場後はチケットを一旦こちらで回収し、当方が座席選択をした後にランダムでお渡し致します。開演10分前までのお渡しです。ご購入者様が座席を選択することはできません...,True
0tg2dvndep,,milesixtones-2026,2026-11-08,17:00,ヤンマースタジアム長居,electronic,female,QR毎,k,5.0,,QR,2026-09-24 11:27:01,scrape_observed,2026-09-25 01:01:12,,,listing,2,50000,"2名義中2番手
QR毎/初期当選/アリツア落選名義/重複すり替えなし/着ブロ希望なし/有効期限内

前日までに集合場所をメッセージにてお送りいたします。
会場1...",True
fabold0zwf,,milesixtones-2026,2026-11-08,17:00,ヤンマースタジアム長居,electronic,female,4名義中2番手,pi,5.0,,番手,2026-09-24 11:27:01,scrape_observed,2026-09-25 01:01:12,,,listing,2,45000,"
初期当選/4名義中2番手/アリツア落選名義/すり替えなし/下3桁提示可/有効期限内/配送物戻りなし

・待ち合わせ場所や時間などの詳細は決まり次第ご連絡いたし...",True
0hq0r7yjsv,,milesixtones-2026,2026-11-08,17:00,ヤンマースタジアム長居,electronic,female,同行,U,5.0,,ランダム,2026-09-24 11:27:01,scrape_observed,2026-09-25 00:01:19,,,listing,2,24000,【入場時ランダムエラーの場合の全額返金保証、立見なし】ランダムのお渡しとなり、購入者様の座席選択権はありませんことご理解下さい。(連番での落札は必ず連番のお譲り...,True
gr66peh1ar,,milesixtones-2026,2026-11-08,17:00,ヤンマースタジアム長居,electronic,female,同行,な,5.0,,番手,2026-09-24 11:27:01,scrape_observed,2026-09-25 00:01:19,,,listing,2,22000,"4名義中4番手/初期当選/全名義有効期限内/下3桁提示可/重複すり替えなし/着ブロ希望なし
プラベ出品またはプラベルに切り替えますので購入希望の方はメッセージお...",True
m1cdkfg4u6,,milesixtones-2026,2026-11-08,17:00,ヤンマースタジアム長居,electronic,female,当方と同行,ひなた,5.0,,同行記載あり,2026-09-24 11:27:01,scrape_observed,2026-09-25 00:01:19,,,listing,1,0,"⚠️復活当選した場合、制作開放席当選した場合のみお譲り可能です。

当方 田中樹担 。同担拒否はありません。
但しサイチェン、マナーを守れない方はご遠慮下さい�...",True
idvu0ddrlj,,milesixtones-2026,2026-11-08,17:00,ヤンマースタジアム長居,electronic,female,同行,M,5.0,,ランダム,2026-09-24 11:27:01,scrape_observed,2026-09-25 00:01:19,,,listing,1,35000,少人数ランダム配布です。開場時間30分前に集合していただき同時入場します。開演時間30分前までにチケットをお渡しいたします。公演中止以外返金対応いたしかねますの...,True
8lti4orftg,,milesixtones-2026,2026-11-08,17:00,ヤンマースタジアム長居,electronic,female,同行,な,5.0,,番手,2026-09-24 11:27:01,scrape_observed,2026-09-24 12:01:11,,,listing,2,27000,"4名義中3番手/初期当選/全名義有効期限内/下3桁提示可/重複すり替えなし/着ブロ希望なし
プラベ出品またはプラベルに切り替えますので購入希望の方はメッセージお願いいたします。
・公演当日は会場付近にて開場15分前（予定）に待ち合わせし、入場いたします。集合時間、場所等の詳細は前日までに連絡ボードにてご連絡させていただきますので、こまめに連絡が取れる方でお願いいたします。
・チケット持ち逃げ防止のため、入場前に身分証をお預かりする場合がございます。お預かりした身分証は、入場後チケット回収時すぐに返却いたします。
・当日、入場のため端末をお借りする場合がございます。QRコードが開ける端末をお持ちください。
・入場時同行者と別々に入場いただく場合がございますが、チケットは必ず連番でお渡しいたします。
・入場後一度チケットを回収し、当方が座席を確認、選択後チケットをお渡しいたします。座席選択までお時間を頂く場合がございますので、ご理解をお願いいたします。
・座席に関するクレームは一切受け付けておりません。
・チケットお渡し後はサイチェン等お好きにしていただいて構いません。
・ゲート違いの場合、QR毎のお譲りとなる場合がございます。
・当日の公共機関の遅延、ランダムエラーや本人確認、体調不良や検温による入場不可の場合も必ず受取連絡、評価いただきます。返金は致しかねますのでご了承ください。公演中止の場合のみ返金対応をいたします。
・トラブル防止のため、日本語が通じる方、20歳以上の女性のみご購入お願いいたします。
上記全て承諾いただける方のみご購入ください。",True
dkm5z8osbo,,milesixtones-2026,2026-11-08,17:00,ヤンマースタジアム長居,electronic,female,同行,る,5.0,,番手同行,2026-09-24 11:27:01,scrape_observed,2026-09-25 01:01:12,,,listing,2,33050,"全て初期当選、FC先行、アリツア落選名義、3番手中2番手 、QR発券のため座席未定

松村名義×1、京本名義×2。全て有効期限内、ペイジー決済、着席ブロック希望...",True
oskgrb6k09,,milesixtones-2026,2026-11-08,17:00,ヤンマースタジアム長居,electronic,female,2名義中2番手,mo,5.0,,番手,2026-09-24 11:27:01,scrape_observed,2026-09-25 01:01:12,,,listing,2,45000,"2名義中2番手/座席未定/すり替えなし/下3桁提示可能/有効期限内

以下の記載内容をご確認の上ご購入ください。

【入場前】
同行者登録はこちらで行います。...",True
ipjv48acfe,,milesixtones-2026,2026-11-08,17:00,ヤンマースタジアム長居,electronic,female,ランダム配布,J,5.0,,ランダム,2026-09-24 11:27:01,scrape_observed,2026-09-25 00:01:19,,,listing,2,22222,"プライベート出品にしますので購入前に希望枚数ご連絡ください。
・ランダム配布となりますのでご理解のある方のみご購入ください。
・開場30〜40分前(14:20〜...",True
a0fymhprgr,,milesixtones-2026,2026-11-08,17:00,ヤンマースタジアム長居,electronic,female,同行,M,5.0,,ランダム,2026-09-24 11:27:01,scrape_observed,2026-09-25 00:01:19,,,listing,1,21000,"【ランダム配布】
お取引はプラベルにて行いますのでご購入の際は中相場買取予定の有無と共にコメントいただきますようお願いいたします。
チケテンご希望の場合は手数料...",True
wto9x96ykh,,milesixtones-2026,2026-11-08,17:00,ヤンマースタジアム長居,electronic,female,公演2日前ログイン情報共有,y,5.0,,QR,2026-09-24 11:27:01,scrape_observed,2026-09-25 00:01:19,,,listing,1,59000,"QR毎／初期当選／下3桁提示可／重複すり替えなし／有効期限内／着ブロ指定なし／発送物戻りなし／アリツア落選名義

・公演2日前にログイン情報をお伝えいたします。...",True
423j4bqice,,milesixtones-2026,2026-11-08,17:00,ヤンマースタジアム長居,electronic,none,長居交換,secret,5.0,,QR同行番手ランダム,2026-09-24 11:27:01,scrape_observed,2026-09-25 00:01:19,,,listing,2,300,"🩷大阪 長居 11/8との交換希望（番手問わず）🩷
→当方のチケット 神奈川 日産 11/22 4名義中2番手 2連
⭐️すり替えなし/下3桁提示可
⭐️都...",True
x7brokpx8e,,milesixtones-2026,2026-11-08,17:00,ヤンマースタジアム長居,electronic,female,当日,あ,5.0,,ランダム記載あり,2026-09-24 11:27:01,scrape_observed,2026-09-25 00:01:19,,,listing,1,25000,"ランダム配布

以下の内容に全てご同意いただける方でお願いいたします。また、購入いただいた時点でご同意いただいたとみなします。

・公演当日は開演2時間前（15...",True
afhs9piht9,,milesixtones-2026,2026-11-08,17:00,ヤンマースタジアム長居,electronic,none,同行,y:),5.0,,同行番手,2026-09-24 11:27:01,scrape_observed,2026-09-25 00:01:19,,,listing,2,40000,"2名義中2番手のお譲りです。
購入を検討される方はメッセージをお願いします。プラベルまたはプラベ出品へ移行します。
下3桁提示可能/すり替えなし/有効期限内
公...",True
991ape8mgr,,milesixtones-2026,2026-11-08,17:00,ヤンマースタジアム長居,electronic,female,入金後24時間以内にQRコード共有,🅿️,5.0,,QR,2026-09-24 11:27:01,scrape_observed,2026-09-25 01:01:12,,,listing,2,50000,"プライベート出品に変更致しますので、購入希望の方はコメントお願い致します。

初期当選/アリツア落選名義/下3桁提示可/有効期限内/発送物戻し無し

公演中止の...",True
wjgnox2o8k,,milesixtones-2026,2026-11-08,17:00,ヤンマースタジアム長居,electronic,none,ランダム配布,ゆゆゆ,4.8,,ランダム,2026-09-24 11:27:01,scrape_observed,2026-09-25 01:01:12,,,listing,2,25000,"◎お取引初心者の方でも安心してお取引できるよう対応いたします。分からないことがあればお気軽にご質問ください。

下記内容をよくお読みいただき理解した上でご購入く...",True
nwazoxywi8,,milesixtones-2026,2026-11-08,17:00,ヤンマースタジアム長居,electronic,female,公演日1日前までにQRコード共有,I,5.0,,QR,2026-09-24 11:27:01,scrape_observed,2026-09-25 01:01:12,,,listing,2,51000,"FC先行 / 初期当選/ アリツ落選名義/座席未定 / QR毎 /下3桁提示可/ 有効期限内 / 発送物戻りなし/着ブロ希望なし/ 同一クレカなし

プラベ出品...",True
n3xxpzzxs2,,milesixtones-2026,2026-11-08,17:00,ヤンマースタジアム長居,electronic,female,5名義中5番手,ゆゆゆ,4.8,,番手,2026-09-24 11:27:01,scrape_observed,2026-09-25 00:01:19,,,listing,2,30000,"◎お取引初心者の方でも安心してお取引できるよう対応いたします。分からないことがあればお気軽にご質問ください。

下記内容をよくお読みいただき理解した上でご購入く...",True
dvlue1cuku,,milesixtones-2026,2026-11-08,17:00,ヤンマースタジアム長居,electronic,female,同行,negi,5.0,,ランダム,2026-09-24 11:27:01,scrape_observed,2026-09-25 00:01:19,,,listing,1,19900,"【ランダム配布】★少人数ランダム  10分前のお渡し 初期当選のみ

【下記注意事項を必ずご一読ください】
※公演当日、当方と同時入場をしていただきます。
※入...",True
hi8b3nz8a0,,milesixtones-2026,2026-11-08,17:00,ヤンマースタジアム長居,electronic,female,当日手渡し,M,5.0,,番手同行,2026-09-24 11:27:01,scrape_observed,2026-09-25 01:01:12,,,listing,1,30000,3名義中2番手 すり替えなし  同行,True
taancl7wuk,,milesixtones-2026,2026-11-08,17:00,ヤンマースタジアム長居,electronic,female,4名義中3番手,は,5.0,,番手,2026-09-24 11:27:01,scrape_observed,2026-09-25 01:01:12,,,listing,2,30000,"ファンクラブ先行/有効期限内/すり替え無し /下3桁提示可 /


複数名義所持のため、他の方がチケットを選んだ後、4名義中3番目にチケットを配布します。
また...",True
ia01a8f9qa,,milesixtones-2026,2026-11-08,17:00,ヤンマースタジアム長居,electronic,female,当日手渡し,てむ,5.0,,QR,2026-09-24 11:27:01,scrape_observed,2026-09-25 01:01:12,,,listing,1,40000,"初期当選/1枚QR毎/重複すり替えなし/会員番号下3桁提示可/有効期限内/アリツ落選

・公演当日、会場付近にて待ち合わせを行い同時入場していただきます。
・入...",True
neq5seslh5,,milesixtones-2026,2026-11-21,16:30,日産スタジアム,electronic,female,同行,R,5.0,,番手,2026-09-24 11:27:01,scrape_observed,2026-09-25 00:01:19,,,listing,1,30000,"3名義中3番手/初期当選/有効期限内/下3桁提示可/すり替えなし

3名義中3番手でのお譲りです。
一部チケテン残り手渡し優先

・同時入場後全てのチケットを回...",True
2nmipomm7d,,milesixtones-2026,2026-11-21,16:30,日産スタジアム,electronic,female,ランダム配布,J,5.0,,ランダム,2026-09-24 11:27:01,scrape_observed,2026-09-25 00:01:19,,,listing,2,22222,"プライベート出品にしますので購入前に希望枚数ご連絡ください。
・ランダム配布となりますのでご理解のある方のみご購入ください。
・開場30〜40分前(13:50〜...",True
0pdl5f5zz6,,milesixtones-2026,2026-11-21,16:30,日産スタジアム,electronic,female,同行,R,5.0,,番手同行,2026-09-24 11:27:01,scrape_observed,2026-09-25 01:01:12,,,listing,2,35000,"初期当選/2名義中2番手/有効期限内/すり替えなし/下3桁提示可能/本人確認対応不可

ブラベルにて専用出品させていただきますので、購入前にコメントください。...",True
h4hbozbfs0,,milesixtones-2026,2026-11-21,16:30,日産スタジアム,electronic,female,公演日前日(18:00以降)にログイン情報をお貸しします。,MJGA,5.0,,QR,2026-09-24 11:27:01,scrape_observed,2026-09-25 01:01:12,,,listing,2,0,"FC初期当選/有効期限内/下3桁提示可/すり替えなし/初当選(当選履歴なし)/着席ブロック希望なし

・公演日前日(18:00以降)になりましたら、ログイン情報...",True
syoc6azs5r,,milesixtones-2026,2026-11-21,16:30,日産スタジアム,electronic,none,4名義中3番手,中野,5.0,,ランダム記載あり,2026-09-24 11:27:01,scrape_observed,2026-09-25 01:01:12,,,listing,2,35000,"※プライベート出品いたしますので、メッセージをお願いいたします。


下三桁提示可能/有効期限内/初期当選/重複すり替えなし

・公演当日は開場時間20〜30分...",True
attj6ycy6k,,milesixtones-2026,2026-11-21,16:30,日産スタジアム,electronic,female,公演日前日(18:00以降)にログイン情報をお貸しします,MJGA,5.0,,QR,2026-09-24 11:27:01,scrape_observed,2026-09-25 01:01:12,,,listing,2,95000,"FC初期当選/有効期限内/下3桁提示可/すり替えなし/初当選(当選履歴なし)/着席ブロック希望なし

・公演日前日(18:00以降)になりましたら、ログイン情報...",True
1n5292439s,,milesixtones-2026,2026-11-21,16:30,日産スタジアム,electronic,female,2名義中1番手　当方の同行,あーる,5.0,,同行,2026-09-24 11:27:01,scrape_observed,2026-09-25 01:01:12,,,listing,1,50000,"2名義中1番手1枚（当方と同行）/初期当選/田中担不可/下3桁提示可/サイチェン可/すり替えなし/有効期限内/全名義アリツ落選名義


トラブル防止のためご購入...",True
fxzu5iffa6,,milesixtones-2026,2026-11-21,16:30,日産スタジアム,electronic,female,3名義中2番手,mo,5.0,,番手,2026-09-24 11:27:01,scrape_observed,2026-09-25 01:01:12,,,listing,2,45000,"3名義中2番手/座席未定/すり替えなし/下3桁提示可能/有効期限内

以下の記載内容をご確認の上ご購入ください。

【入場前】
同行者登録はこちらで行います。...",True
dz4sw0tx39,,milesixtones-2026,2026-11-21,16:30,日産スタジアム,electronic,female,FC×FC当選 同行,a,5.0,,同行,2026-09-24 11:27:01,scrape_observed,2026-09-25 01:01:12,,,listing,1,32000,"着ブロ希望当選 重複すり替えなし 下3桁提示可 有効期限内 女性名義 松村担不可 

・着ブロ希望での当選ですが、発券時に着席指定席ではない可能性もありますので...",True
q7m1l57067,,milesixtones-2026,2026-11-21,16:30,日産スタジアム,electronic,female,公演日前日にQRコード共有,ぴんくぴーまん,5.0,,QR,2026-09-24 11:27:01,scrape_observed,2026-09-25 01:01:12,,,listing,1,49880,"アリツア落選名義
(過去後方座席しか出たことの無い名義)

プライベートに変更可能ですので気軽にお声かけください。。

QR毎 ペイジー決済  すり替え重複なし...",True
zo7wtepxnc,,milesixtones-2026,2026-11-21,16:30,日産スタジアム,electronic,female,同時入場　3名義2番手,わんわんパラダイス,5.0,,番手,2026-09-24 11:27:01,scrape_observed,2026-09-25 00:01:19,,,listing,2,50000,"3名義中2番手
初期当選/下3桁提示可能/有効期限内/すり替え無/過去エラー無/着ブロ指定なし/サイチェン可

チケホル未取得のため過去座席不明
過去席に関する...",True
rsh21pa2yb,,milesixtones-2026,2026-11-21,16:30,日産スタジアム,electronic,female,同行,ぴよ,5.0,,同行番手,2026-09-24 11:27:01,scrape_observed,2026-09-25 01:01:12,,,listing,1,60000,"2名義中1番手同行/下三桁提示可能/着ブロ希望無し/有効期限内/初期当選/重複すり替えなし/本人確認不可/サイチェン可

･2名義中1番手の同行です。チケットは...",True
lbi2y2n7i6,,milesixtones-2026,2026-11-21,16:30,日産スタジアム,electronic,female,公演日前日までにQRコード共有,りり,5.0,,QR,2026-09-24 11:27:01,scrape_observed,2026-09-25 01:01:12,,,listing,2,53000,"初期当選/アリーナ落選名義/QR毎/有効期限内/座席未定/下3桁提示可能/発送物戻りなし/着ブロ希望なし

＊プライベート出品に切り替えますのでご連絡ください＊...",True
0ircbbsuay,,milesixtones-2026,2026-11-21,16:30,日産スタジアム,electronic,female,同行,H,5.0,,同行,2026-09-24 11:27:01,scrape_observed,2026-09-24 14:01:14,,,listing,1,33000,"当方(田中担)と同行/FC先行/初期当選/下3桁提示可/重複すり替えなし/有効期限内/着ブロ希望なし/田中担不可


プライベート出品いたしますので、お取引希望...",True
5n74n8275y,,milesixtones-2026,2026-11-21,16:30,日産スタジアム,electronic,female,公演前日にQRコード共有,y,5.0,,QR,2026-09-24 11:27:01,scrape_observed,2026-09-25 01:01:12,,,listing,1,38000,"QR毎/初期選/アリツア落選名義/重複すり替えなし/着ブロ希望なし/下3桁提示可能｜有効期限内/発送物戻りなし

公演前日にログインに必要な情報をお伝えします。...",True
awq848j7gz,,milesixtones-2026,2026-11-21,16:30,日産スタジアム,electronic,female,同行,な,5.0,,同行番手,2026-09-24 11:27:01,scrape_observed,2026-09-25 01:01:12,,,listing,1,0,"3名義中1番手/当方と同行/すべて初期当選/有効期限内/下3桁提示可能/すり替えなし

3名義中1番手当方と同行になります。
当方田中担のため気になる方はご遠慮...",True
2j8mynlanh,,milesixtones-2026,2026-11-21,16:30,日産スタジアム,electronic,female,同行,ウォン,5.0,,同行,2026-09-24 11:27:01,scrape_observed,2026-09-25 01:01:12,,,listing,1,32000,"重複なし同行、有効期限内、FC初期当選、変更ボタン有、同一クレカ決済なし、着ブロ該当なし、下３桁提示可能
当日指定した時間(開場時間or開演1時間前)を目処に会...",True
lx8bkruvj0,,milesixtones-2026,2026-11-21,16:30,日産スタジアム,electronic,female,公演前日にログイン情報共有,s,5.0,,ランダム記載あり,2026-09-24 11:27:01,scrape_observed,2026-09-25 01:01:12,,,listing,2,0,"QR毎/初期当選/重複すり替えなし/前座席スタンド/着ブロ希望なし/下3桁提示可能/有効期限内/発送物戻りなし
公演前日夜にログインに必要な情報をお伝えします。...",True
gve071n5jg,,milesixtones-2026,2026-11-21,16:30,日産スタジアム,electronic,female,4名義中4番手,k,5.0,,番手,2026-09-24 11:27:01,scrape_observed,2026-09-25 01:01:12,,,listing,2,30000,"FC先行 座席未定。有効期限内名義。4名義中4番手。前回スタンドor初当選のみ✨

プラベル通し可能な方のみ。(1.0/枚プラベル通し残り当日手渡しも可)

公...",True
mgqlj5731v,,milesixtones-2026,2026-11-21,16:30,日産スタジアム,electronic,female,同行,ゆ,5.0,,同行,2026-09-24 11:27:01,scrape_observed,2026-09-25 01:01:12,,,listing,1,60000,"2名義中1番手 初期当選 有効期限内 すり替えなし 下3桁提示可能

当日開場10分前に会場付近にて集合し同時入場していただきます
いかなる場合も返金不可です...",True
x2a223y7e9,,milesixtones-2026,2026-11-21,16:30,日産スタジアム,electronic,female,同行,R,5.0,,番手,2026-09-24 11:27:01,scrape_observed,2026-09-25 00:01:19,,,listing,1,40000,"3名義中2番手/初期当選/有効期限内/下3桁提示可/すり替えなし/京本担不可

3名義中2番手でのお譲りです。
一部チケテン残り手渡し優先

・同時入場後全ての...",True
tm0k9szkyj,,milesixtones-2026,2026-11-21,16:30,日産スタジアム,electronic,female,手渡し,らん,5.0,,同行,2026-09-24 11:27:01,scrape_observed,2026-09-25 01:01:12,,,listing,1,60000,"同行募集/すり替えなし/有効期限内/下3桁提示可能/入場後のサイチェン可

当方(松村担)と同行

会場付近で待ち合わせの後、ご一緒に入場していただきます。
待...",True
x9ttc6u3hx,,milesixtones-2026,2026-11-21,16:30,日産スタジアム,electronic,female,ランダム配布,,,,ランダム,2026-09-24 11:27:01,scrape_observed,2026-09-24 12:01:11,,,listing,1,21111,"プライベート出品にしますので購入前に希望枚数ご連絡ください。
・ランダム配布となりますのでご理解のある方のみご購入ください。
・開場30〜40分前(13:50〜14:00頃)に会場付近にて待ち合わせ
・入場後すべてのチケットを回収し、こちらで座席選択後ランダムにてチケットお渡しさせて頂きます。
・チケットお渡しまでお時間頂く場合がございますので予めご了承ください。
・座席に関するクレーム等一切お受け致しません。
・待ち合わせ時間に遅れる(交通機関の遅延等)いかなる理由でもお待ち致しかねます。その際の受取評価は必ずして頂きますのでお時間に余裕を持ってお越しください。
・会場の電波状況もございますので、電話番号の交換をお願い致します。
・2連番でご購入された場合は必ず連番のチケットをお渡し致します。
・チケットお渡しする際に速やかに受取評価お願い致します。
・日本人女性のみ購入可能。
公演中止の場合のみ返金。その他買い手都合のキャンセル、ランダムエラー、本人確認、体調不良や目当ての担当が急に出られなくなった場合等公演中止以外のいかなる場合も返金不可となりますのでご了承ください。
コメントをする（0）
コメント欄はOFFです
出品者への質問はメッセージで行いましょう。
売り切れ
あなたと出品者とのやり取りが表示されます。第三者に閲覧されることはありません。
まだメッセージのやり取りはありません
売り切れ
ホーム
出品
検討中
ひろば
メッセージ
マイページ
このチケットは売り切れました
この出品はすでに購入されています。同じ日程の他のチケットをご覧ください。
同日程のチケットを探す
チケテン！
ライブ中の席交換もできる総合チケットサイト。安全な取引をサポートします。
ホーム
マイページ
お問い合わせ
お知らせ
使い方ガイド
コラム
Magazine
提携メディア
利用規約
プライバシーポリシー
特定商取引法に基づく表記
チケット不正転売禁止法について
手数料
© 2025 Wakuste LLC. All rights reserved.
ホーム
出品
検討中
ひろば
メッセージ
マイページ",True
di4slsxrvx,,milesixtones-2026,2026-11-21,16:30,日産スタジアム,electronic,female,当日手渡し,R,5.0,,番手,2026-09-24 11:27:01,scrape_observed,2026-09-25 01:01:12,,,listing,1,30000,"3名義中3番手
当日は会場45分前を目安に指定の場所へお越しくださいますようお願いいたします。
また、複数の方にお集まりいただくのでお時間に余裕をもってお越しく...",True
82t9mea6em,,milesixtones-2026,2026-11-21,16:30,日産スタジアム,electronic,female,同行,ぴよ,5.0,,同行番手,2026-09-24 11:27:01,scrape_observed,2026-09-25 01:01:12,,,listing,2,30000,"2名義中2番手/下三桁提示可能/着ブロ希望無し/有効期限内/初期当選/重複すり替えなし/本人確認不可/サイチェン可

・2名義中2番手のお譲りです。当方が選ばな...",True
xtvymjc22k,,milesixtones-2026,2026-11-21,16:30,日産スタジアム,paper,female,当日手渡し,ぽん,5.0,,同行,2026-09-24 11:27:01,scrape_observed,2026-09-25 01:01:12,,,listing,1,95000,"初期当選/アリツア落選名義/すり替えなし/着ブロ希望なし/下3桁提示可能｜有効期限内/発送物戻りなし/松村担不可

プライベート出品に切り替えますので、お取引ご...",True
32xer3wohs,,milesixtones-2026,2026-11-21,16:30,日産スタジアム,electronic,female,同行,R,5.0,,番手,2026-09-24 11:27:01,scrape_observed,2026-09-25 01:01:12,,,listing,1,35000,"3名義中3番手/初期当選/有効期限内/下3桁提示可/すり替えなし

3名義中3番手でのお譲りです。
一部チケテン残り手渡し可能

・同時入場後全てのチケットを回...",True
w7e9vltki5,,milesixtones-2026,2026-11-21,16:30,日産スタジアム,electronic,female,QRごと,ま,5.0,,QR,2026-09-24 11:27:01,scrape_observed,2026-09-25 01:01:12,,,listing,2,43000,"初期当選 / すり替えなし / 下3桁提示可能

ログイン情報は公演前日こちらでの同意チェック後にQR表示ができる状態でお渡しいたします。
公演中止の場合のみ各...",True
3y4vb58gyz,,milesixtones-2026,2026-11-21,16:30,日産スタジアム,electronic,female,同行,m,4.9,,同行ランダム,2026-09-24 11:27:01,scrape_observed,2026-09-25 01:01:12,,,listing,2,32000,🌟すり替えなしランダム🌟すべて初期当選、有効期限内、着ブロなし、下3桁提示可能です。複数名義当選のため、開演時刻の2時間30分前までに会場付近に集合していた...,True
mmspzi3rqv,,milesixtones-2026,2026-11-21,16:30,日産スタジアム,electronic,female,公演日前日にQRコード共有,🐶,5.0,,QR,2026-09-24 11:27:01,scrape_observed,2026-09-25 00:01:19,,,listing,1,95000,"FC初期当選/有効期限内/下3桁提示可/すり替えなし/初当選(当選履歴なし)/着席ブロック希望なし

・公演日前日(18:00以降)になりましたら、ログイン情報...",True
xcpmldfdiv,,milesixtones-2026,2026-11-21,16:30,日産スタジアム,electronic,female,同行,な,5.0,,番手同行,2026-09-24 11:27:01,scrape_observed,2026-09-25 01:01:12,,,listing,2,0,"3名義中2番手/当方と同行/すべて初期当選/有効期限内/下3桁提示可能/すり替えなし

3名義中2番手でのお譲りです。
開演1時間半前までに集合し、同時入場とな...",True
fwphrn9fkc,,milesixtones-2026,2026-11-21,16:30,日産スタジアム,electronic,female,同行,m,5.0,,番手,2026-09-24 11:27:01,scrape_observed,2026-09-25 00:01:19,,,listing,2,32000,"2名義中2番手

プラベ出品させて頂きますので
コメントよろしくお願い致します。
当日の流れは2日前～前日にメッセージにて
お送りさせて頂きます。

如何なる理...",True
87ztvith2d,,milesixtones-2026,2026-11-21,16:30,日産スタジアム,electronic,female,公演日前日にQRコード共有,わ,5.0,,QR,2026-09-24 11:27:01,scrape_observed,2026-09-25 01:01:12,,,listing,1,43000,"初期当選/すり替えなし/下3桁提示可/変ボあり/アリツ落選名義


公演日前日にログイン情報お送りいたします。
同意チェック等はご自身でお願いいたします。
入場...",True
n3id22x1te,,milesixtones-2026,2026-11-21,16:30,日産スタジアム,electronic,female,同行,K,5.0,,同行番手,2026-09-24 11:27:01,scrape_observed,2026-09-25 01:01:12,,,listing,1,76000,"2名義中1番手/当方と同行/着ブロ指定なし/下三桁提示可能/すり替えなし/有効期限内/初期当選/アリツア落選名義/サイチェン可/京本担不可

復活当選や制作開放...",True
cptwuqy85q,,milesixtones-2026,2026-11-21,16:30,日産スタジアム,electronic,female,同行,333,4.9,,ランダム,2026-09-24 11:27:01,scrape_observed,2026-09-25 01:01:12,,,listing,2,20683,⭐️開示対策の為プライベート出品に切り替えますのでご希望の方は⚠️リクエストではなく個別メッセージお願いいたします⭐️ 連番ではなくバラでのお渡しになる可能性が...,True
vl9ad7qxfc,,milesixtones-2026,2026-11-21,16:30,日産スタジアム,electronic,female,同行,あ,5.0,,番手,2026-09-24 11:27:01,scrape_observed,2026-09-25 01:01:12,,,listing,2,30000,"2名義中2番手/すり替えなし/全て有効期限内/初期当選/同一クレカ支払いなし/発送物戻り名義なし/下3桁提示可

当日は開場30分前頃に、会場付近の当方指定場所...",True
ya58htpb6s,,milesixtones-2026,2026-11-21,16:30,日産スタジアム,electronic,female,同行,りー,5.0,,ランダム,2026-09-24 11:27:01,scrape_observed,2026-09-25 00:01:19,,,listing,2,22000,"ランダム配布
お席によってはそのままお渡し
上乗せにて早渡し、または番手も可能

・開場30分前に会場付近にてお待ち合わせいただきます
※状況により多少前後させ...",True
pzlo67vkz8,,milesixtones-2026,2026-11-21,16:30,日産スタジアム,electronic,female,同行,m,5.0,,番手,2026-09-24 11:27:01,scrape_observed,2026-09-24 15:01:17,,,listing,2,25000,"初期当選/3名義中3番手/有効期限内/すり替えなし/着ブロ指定なし/下3桁提示可
プライベート出品可能◎

当日、開場の20分前頃にこちらが指定した場所で待ち合...",True
fiem75uewm,,milesixtones-2026,2026-11-21,16:30,日産スタジアム,electronic,female,同行,m,4.9,,同行ランダム,2026-09-24 11:27:01,scrape_observed,2026-09-25 01:01:12,,,listing,1,29000,"複数名義当選のため、開演時刻の2時間30分前までに会場付近に集合していただき、同時入場後、一旦チケットを回収してこちらで先に座席選択させていただきます。
複数の...",True
bgsdtwmoul,,milesixtones-2026,2026-11-21,16:30,日産スタジアム,electronic,female,同行,ゆ,5.0,,番手,2026-09-24 11:27:01,scrape_observed,2026-09-25 01:01:12,,,listing,2,30000,"2名義中2番手 初期当選 有効期限内 すり替えなし 下3桁提示可能

当日開場10分前に会場付近にて集合し同時入場していただきます
いかなる場合も返金不可です...",True
mb4co19ng2,,milesixtones-2026,2026-11-21,16:30,日産スタジアム,electronic,female,公演日前日までにQRコード共有,y,5.0,,QR,2026-09-24 11:27:01,scrape_observed,2026-09-25 01:01:12,,,listing,2,50000,"プライベート出品にするため、メッセージください。
QR毎/有効期限内/座席未定/下3桁提示可能/発送物戻りなし/着ブロ希望なし

入場後は速やかにログアウトし、...",True
7adp86psm8,,milesixtones-2026,2026-11-21,16:30,日産スタジアム,electronic,female,同行,A,5.0,,同行番手,2026-09-24 11:27:01,scrape_observed,2026-09-24 13:01:20,,,listing,2,30000,"初期当選/有効期限内/すり替えなし/2名義中2番手/下3桁提示可/着ブロ指定なし
【プライベート出品に切り替えますのでご希望の方はコメントお願いいたします】
・当日はこちらが指定した場所にて開場30分前に待ち合わせし、同時入場していただきます。
・当日チケット発券後、1度チケットを回収いたし、当方が選ばなかったチケットをお渡しさせていただきます。
・座席へのクレームは一切お受けできません。
﻿・公共交通機関の遅延や体調不良も含め、如何なる理由であっても、待ち合わせ時間に10分以上遅刻された際は、先に入場させていただきます。その場合でも必ず受取連絡はしていただきますので予めご了承ください。
﻿・公演中止時のみ、手数料を差し引いた金額を返金いたします。体調不良や交通機関の乱れ、ランダムエラー、本人確認、メンバーの不在など、公演中止以外の如何なる理由であっても、必ず受取連絡をしていただきます。また、購入後のキャンセルはお受けできません。
・トラブル防止のため、電子チケットのチケットの購入に慣れている日本人女性のみご購入ください。代理購入もお控えください。
・ご購入いただいた時点で、上記内容について全てご理解、ご了承いただけたものとします。",True
z3vq6o6qxk,,milesixtones-2026,2026-11-21,16:30,日産スタジアム,electronic,female,入金後24時間以内にQRコード共有,ま♡,5.0,,番手,2026-09-24 11:27:01,scrape_observed,2026-09-25 01:01:12,,,listing,2,0,"11/21 日産スタジアム
3名義中2番手 
初期当選/有効期限内/重複すり替え無し/下3桁提示可

公演中止以外如何なる理由でも返金対応不可
入場後チケットを...",True
e04f5t33si,,milesixtones-2026,2026-11-21,16:30,日産スタジアム,electronic,female,同行,m,5.0,,番手,2026-09-24 11:27:01,scrape_observed,2026-09-25 01:01:12,,,listing,2,35000,"3名義中2番手　2連

代表名義の下3桁提示可/ランエラ一部返金可/全名義期限内/すり替えなし

※バラ、一部手渡しも可能です。購入前にコメントください。プラベ...",True
hvrc48cl1s,,milesixtones-2026,2026-11-21,16:30,日産スタジアム,electronic,female,公演日1日前までにQRコード共有,y,5.0,,ランダム記載あり,2026-09-24 11:27:01,scrape_observed,2026-09-25 01:01:12,,,listing,2,35000,"初期当選、QR毎のお譲り、重複すり替えなし、会員番号下三桁提示可
QR毎のお譲りです。
公演1日前にログイン情報をお伝え致します。
入場後、発券出来次第、速やか...",True
ghhtwzgn31,,milesixtones-2026,2026-11-21,16:30,日産スタジアム,electronic,female,同行,あ,5.0,,同行,2026-09-24 11:27:01,scrape_observed,2026-09-25 01:01:12,,,listing,1,40000,"初期当選/有効期限内名義/重複すり替え無し同行/下3桁提示可

ご購入前に必ずご一読願います。
・開場30分前に会場付近で合流した後、同時入場していただきます。...",True
it7f1nd3d7,,milesixtones-2026,2026-11-21,16:30,日産スタジアム,electronic,female,同行,み！,5.0,,同行番手,2026-09-24 11:27:01,scrape_observed,2026-09-24 13:01:20,,,listing,2,35000,"座席未定/FC先行/4名義中2番手/すり替えなし/会員番号下3桁提示可能/Pay-easy支払い済
4名義中2番手の2枚をお渡しします。
同時入場後、こちらがチケットを選んだ後にお渡ししますので当日お時間いただく可能性があります。
チケットお渡しした時点で速やかに受け取り連絡をお願い致します。
公演当日、会場付近に集合していただき同時入場します。その際端末にてQRコード表示の協力をしていただく可能性がございます。
トラブル防止のため成人済みの日本人女性のみ購入ください。
お席に関するクレームは一切受け付けておりません。また公演中止の際のみ返金させていただきます。体調不良、システムエラー、遅刻如何なる理由でも返金致しかねますので、受け取り連絡をお願いします。
以上ご了承方のみご購入ください。",True
t6w9heu9rh,,milesixtones-2026,2026-11-21,16:30,日産スタジアム,electronic,female,同行,tan,5.0,,ランダム,2026-09-24 11:27:01,scrape_observed,2026-09-25 01:01:12,,,listing,1,25000,"⭐︎少人数ランダム⭐︎

※プラベルで専用出品致しますので、メッセージお願い致します。

公演当日、開場20分前を目安に会場付近で待ち合わせをし、同時入場をして...",True
u7rs52ehud,,milesixtones-2026,2026-11-21,16:30,日産スタジアム,electronic,female,公演前日情報共有,R,5.0,,QR,2026-09-24 11:27:01,scrape_observed,2026-09-25 01:01:12,,,listing,2,49900,"QR毎/初期当選/アリツア落選名義/重複すり替えなし/着ブロ希望なし/下3桁提示可能/有効期限内/発送物戻りなし/過去エラーなし

プライベート出品可能です。...",True
9m4v1rifvw,,milesixtones-2026,2026-11-21,16:30,日産スタジアム,electronic,female,同行,R,5.0,,同行番手,2026-09-24 11:27:01,scrape_observed,2026-09-25 01:01:12,,,listing,1,55000,"2名義中1番手　下3提示可　有効期限内名義
・公演当日は開場時間15~30分前に会場付近で待ち合わせをし、同時入場していただきます。
・待ち合わせ場所、詳しい時...",True
qkbosze7qo,,milesixtones-2026,2026-11-21,16:30,日産スタジアム,electronic,female,同時入場　3名義3番手,わんわんパラダイス,5.0,,番手,2026-09-24 11:27:01,scrape_observed,2026-09-25 00:01:19,,,listing,2,40000,"3名義中3番手
初期当選/下3桁提示可能/有効期限内/すり替え無/過去エラー無/着ブロ指定なし/サイチェン可

チケホル未取得のため過去座席不明
過去席に関する...",True
1zekveijfd,,milesixtones-2026,2026-11-21,16:30,日産スタジアム,electronic,female,当日,𝚃,5.0,,番手,2026-09-24 11:27:01,scrape_observed,2026-09-25 00:01:19,,,listing,2,50000,"2名義中2番手/初期当選/有効期限内/すり替えなし/下3桁提示可/着ブロ希望なし/本人確認対応不可/代理購入不可

・当日は会場の20分～30分前に会場付近で待...",True
wztfrwpn7x,,milesixtones-2026,2026-11-21,16:30,日産スタジアム,electronic,none,同行,さ,5.0,,ランダム,2026-09-24 11:27:01,scrape_observed,2026-09-26 05:01:09,,,listing,2,25000,"FC先行/指定席/少人数ランダム配布
プラベルに切り替え可能です。

お座席は選択いただけません。
ご了承ください。

以下の内容をご理解いただける方のみご購入...",True
vq1hymy88u,,milesixtones-2026,2026-11-21,16:30,日産スタジアム,electronic,female,同時入場,daisy,5.0,,番手,2026-09-24 11:27:01,scrape_observed,2026-09-25 01:01:12,,,listing,2,35000,"2名義中2番手(全て初期当選) すり替えなし 下３桁掲示可能
・当日開場15分前頃に集合し、同時入場していただきます。遅刻された場合先に入場させていただきます。...",True
epn07mfta7,,milesixtones-2026,2026-11-21,16:30,日産スタジアム,electronic,female,公演日前日にQRコード共有,りり,5.0,,QR,2026-09-24 11:27:01,scrape_observed,2026-09-25 01:01:12,,,listing,2,44000,"QR/重複なし/初期当選/下3桁提示可能/有効期限内名義/着ブロ指定なし

公演前日に同行者の同意チェックのみこちらで行った後ログイン情報をお伝えします。
代表...",True
sau5kjddts,,milesixtones-2026,2026-11-21,16:30,日産スタジアム,electronic,female,公演前日にログイン情報お伝えします,38,5.0,,QR,2026-09-24 11:27:01,scrape_observed,2026-09-25 01:01:12,,,listing,1,50000,"初期当選 QR毎 重複なし 有効期限内 下三桁提示可 コンビニ決済 アリツ落選名義

公演前日にログイン情報お伝えいたします。入場後は速やかにログアウト、評価を...",True
e8qkot2jn1,,milesixtones-2026,2026-11-21,16:30,日産スタジアム,electronic,female,同時入場,mi,5.0,,番手,2026-09-24 11:27:01,scrape_observed,2026-09-25 01:01:12,,,listing,2,45000,"プラベルにて再度出品いたしますので、お取引希望の方はメッセージにてご連絡ください。

【条件あり】
2名義中2番手、すり替えなし、下3桁提示可能です

・入場後...",True
kzhzuesfb2,,milesixtones-2026,2026-11-21,16:30,日産スタジアム,electronic,female,同時入場,R,5.0,,番手,2026-09-24 11:27:01,scrape_observed,2026-09-25 01:01:12,,,listing,2,45000,"2名義中2番手　下3提示可　有効期限内名義
・公演当日は開場時間15~30分前に会場付近で待ち合わせをし、同時入場していただきます。
・待ち合わせ場所、詳しい時...",True
bt2yvszsg5,,milesixtones-2026,2026-11-21,16:30,日産スタジアム,electronic,female,前日までにログイン情報お伝え,r,5.0,,QR,2026-09-24 11:27:01,scrape_observed,2026-09-25 01:01:12,,,listing,2,60000,"アリツア落選名義/QR毎/初期当選/重複すり替え無し/下3桁提示可能/着ブロ指定なし/有効期限内名義/過去エラーなし/発送物戻りなし

プラベル出品に切り替えて...",True
aivpzc2772,,milesixtones-2026,2026-11-21,16:30,日産スタジアム,electronic,female,公演日前日にログイン情報をお渡しします。,M,5.0,,QR,2026-09-24 11:27:01,scrape_observed,2026-09-25 00:01:19,,,listing,2,60000,"QR毎/初期当選/重複すり替えなし/着ブロ希望なし/下3桁提示可能/有効期限内/発送物戻りなし
公演日の前日に必要な詳細を連絡ボードにてお伝え致します。
入場後...",True
bkf57p8r9d,,milesixtones-2026,2026-11-21,16:30,日産スタジアム,electronic,female,2名義中2番手,K,5.0,,番手,2026-09-24 11:27:01,scrape_observed,2026-09-25 00:01:19,,,listing,2,30000,"初期当選/2名義中2番手/有効期限内/すり替えなし/下3桁提示可

ブラベルにて専用出品させていただきますので、購入前にコメントください。

公演当日、会場付近...",True
b5zhmnvq8t,,milesixtones-2026,2026-11-21,16:30,日産スタジアム,paper,female,当日手渡し,R,5.0,,番手,2026-09-24 11:27:01,scrape_observed,2026-09-25 01:01:12,,,listing,1,40000,"3名義中2番手（京本担不可）
当日は会場45分前を目安に指定の場所へお越しくださいますようお願いいたします。
また、複数の方にお集まりいただくのでお時間に余裕を...",True
fuypjf5i80,,milesixtones-2026,2026-11-21,16:30,日産スタジアム,electronic,none,当日,あぴ,5.0,,番手,2026-09-24 11:27:01,scrape_observed,2026-09-25 01:01:12,,,listing,2,30000,"6名義中5番手

プラベル出品可/初期当選/全て2連当選/すり替えなし/下3桁提示可/有効期限内/ペイジーまたはコンビニ入金/着ブロ指定なし/本人確認不可

【...",True
w0jlz5eupj,,milesixtones-2026,2026-11-21,16:30,日産スタジアム,electronic,female,同行,ゆ,5.0,,同行,2026-09-24 11:27:01,scrape_observed,2026-09-25 00:01:19,,,listing,1,60000,"アリツア落選名義/当方との同行 / 初期当選 / FC有効期限内 /重複すり替えなし 

こちら手渡し1、サイト通し5にの6/枚のチケットになります。専用出品の...",True
b3npb93aba,,milesixtones-2026,2026-11-21,16:30,日産スタジアム,electronic,female,当日,あ,5.0,,ランダム記載あり,2026-09-24 11:27:01,scrape_observed,2026-09-25 00:01:19,,,listing,2,25000,"ランダム配布

以下の内容に全てご同意いただける方でお願いいたします。また、購入いただいた時点でご同意いただいたとみなします。

・公演当日は開演2時間前（14...",True
z2550p3hfi,,milesixtones-2026,2026-11-21,16:30,日産スタジアム,electronic,female,同行,さ,5.0,,番手,2026-09-24 11:27:01,scrape_observed,2026-09-25 00:01:19,,,listing,2,54000,"4名義中2番手のお譲りとなります。
すり替えなし/下3桁提示可/着ブロ希望なし/有効期限内/発送物戻りなし/同一クレカ支払いなし

会場付近にて待ち合わせし同時...",True
3cbgkys42c,,milesixtones-2026,2026-11-21,16:30,日産スタジアム,electronic,female,同時入場,Ｊ,5.0,,番手,2026-09-24 11:27:01,scrape_observed,2026-09-25 00:01:19,,,listing,2,50000,"5名義中2番手のお譲り
プラベル出品可/全て２連当選/すり替えなし/初期当選/当選名義下３桁提示/有効期限内/Pay-easy入金/着ブロ指定なし/サイチェン可...",True
votu7pveor,,milesixtones-2026,2026-11-21,16:30,日産スタジアム,electronic,female,公演日1日前までにQRコード共有,みかん,5.0,,QR,2026-09-24 11:27:01,scrape_observed,2026-09-25 01:01:12,,,listing,2,43000,"
QR毎/初期当選/アリツア落選名義/2025ドームスタンド1階後列のみ当選(チケホルあり)/重複すり替えなし/着ブロ希望なし/下3桁提示可能/有効期限内/ラン...",True
g677duka8t,,milesixtones-2026,2026-11-21,16:30,日産スタジアム,electronic,female,同行,mt,5.0,,ランダム記載あり,2026-09-24 11:27:01,scrape_observed,2026-09-25 01:01:12,,,listing,1,55000,"プライベート出品orプラベル出品にしますので購入前に一言お願いいたします。

有効期限内/YO.アリツ落選名義.初当選/下三桁提示可能/有効期限内/初期当選/重...",True
bfhus17ol0,,milesixtones-2026,2026-11-21,16:30,日産スタジアム,electronic,female,同時入場,rty,5.0,,番手,2026-09-24 11:27:01,scrape_observed,2026-09-25 01:01:12,,,listing,2,48000,"2名義中2番手/有効期限内/下3桁提示可能/着ブロ指定なし/初期当選

当日開場時間前にこちらが指定した場所、時間に集合して頂き同時に入場して頂きます。
同意チ...",True
ahmpfim6vq,,milesixtones-2026,2026-11-21,16:30,日産スタジアム,electronic,female,【サイチェン不可】重複すり替えなし同行,a,5.0,,同行,2026-09-24 11:27:01,scrape_observed,2026-09-25 00:01:19,,,listing,1,25000,"初期当選/重複すり替えなし/下3桁提示可/同行FC枠/有効期限内/着ブロ希望/松村担不可/サイチェン不可

・重複すり替えなし同行、着ブロでの当選です
・連番内...",True
p2mcbb0pqh,,milesixtones-2026,2026-11-21,16:30,日産スタジアム,electronic,female,公演前日までにQR共有,ちょわ,5.0,,QR,2026-09-24 11:27:01,scrape_observed,2026-09-25 01:01:12,,,listing,2,45000,"QR毎/有効期限内/座席未定/下3桁提示可能/発送物戻りなし/着ブロ希望なし

入場後は速やかにログアウトし、受取連絡をお願い致します。入場できない事態が発生し...",True
hdojhz83dj,,milesixtones-2026,2026-11-21,16:30,日産スタジアム,electronic,female,当日,s,5.0,,番手,2026-09-24 11:27:01,scrape_observed,2026-09-25 01:01:12,,,listing,2,30000,"FC先行/初期当選/有効期限内名義/郵便物戻りなし/2名義中2番手/すり替えなし/下3桁提示可/サイチェン可


公演当日、会場付近にて待ち合わせし同時入場して...",True
icab4csm9c,,milesixtones-2026,2026-11-21,16:30,日産スタジアム,electronic,female,同行,あ,5.0,,番手,2026-09-24 11:27:01,scrape_observed,2026-09-25 01:01:12,,,listing,2,40000,"✨プラベ出品に直すため、ご購入される際はメッセージをお願いいたします。✨FC先行 座席未定 3名義中2番手すり替えなし下3桁可
初期当選有効期限内名義 発送物戻...",True
rwe8nbtbmq,,milesixtones-2026,2026-11-21,16:30,日産スタジアム,electronic,female,3名義中3番手,mo,5.0,,番手,2026-09-24 11:27:01,scrape_observed,2026-09-25 01:01:12,,,listing,2,30000,"3名義中3番手/座席未定/すり替えなし/下3桁提示可能/有効期限内

以下の記載内容をご確認の上ご購入ください。

【入場前】
同行者登録はこちらで行います。...",True
2vwf1483wk,,milesixtones-2026,2026-11-21,16:30,日産スタジアム,electronic,female,4名義中3番手,A,5.0,,同行番手,2026-09-24 11:27:01,scrape_observed,2026-09-25 00:01:19,,,listing,2,35000,"4名義中3番手/下3桁提示可/すり替えなし/有効期限内名義/初期当選/プラベル出品可

4名義中3番手2連でのお譲りとなります。
入場後一度チケットを回収し、残...",True
8dgxwej91x,,milesixtones-2026,2026-11-21,16:30,日産スタジアム,electronic,female,ランダム配布,ゆゆゆ,4.8,,ランダム,2026-09-24 11:27:01,scrape_observed,2026-09-25 01:01:12,,,listing,1,25000,"◎お取引初心者の方でも安心してお取引できるよう対応いたします。分からないことがあればお気軽にご質問ください。

下記内容をよくお読みいただき理解した上でご購入く...",True
smdneshfuh,,milesixtones-2026,2026-11-21,16:30,日産スタジアム,electronic,female,番手,a,5.0,,番手,2026-09-24 11:27:01,scrape_observed,2026-09-25 01:01:12,,,listing,2,35000,"4名義中3番手2連でのお渡しです。
※購入希望の方はプライベート出品又はプラベルに変更いたしますので、メッセージお願いいたします。

下3桁提示可/有効期限内/...",True
hjuxyzdx4d,,milesixtones-2026,2026-11-21,16:30,日産スタジアム,electronic,female,同行,M,5.0,,ランダム,2026-09-24 11:27:01,scrape_observed,2026-09-25 00:01:19,,,listing,1,21000,"【ランダム配布】
お取引はプラベルにて行いますのでご購入の際は中相場買取予定の有無と共にコメントいただきますようお願いいたします。
チケテンご希望の場合は手数料...",True
9y8fk4y7v7,,milesixtones-2026,2026-11-21,16:30,日産スタジアム,electronic,female,同行,U,5.0,,番手,2026-09-24 11:27:01,scrape_observed,2026-09-25 01:01:12,,,listing,2,33000,"2名義中2番手
アリツア落選名義/前回前々回当選時スタンド席含む/同行者会員/すり替えなし/下3桁提示可/有効期限内名義
入場時、QRコードの表示のため端末をお...",True
ccpnydvfg2,,milesixtones-2026,2026-11-21,16:30,日産スタジアム,electronic,female,同行,あ,5.0,,ランダム記載あり,2026-09-24 11:27:01,scrape_observed,2026-09-25 01:01:12,,,listing,2,30000,"プラベルに切り替えますのでご連絡お願いいたします。

3名義中3番手 下3桁提示可 すり替えなし 初期当選 郵送物戻りなし 期限内 指定席のみ 

会場付近にて...",True
ksq9p7kb0e,,milesixtones-2026,2026-11-21,16:30,日産スタジアム,electronic,female,同行,あ,5.0,,番手,2026-09-24 11:27:01,scrape_observed,2026-09-25 00:01:19,,,listing,2,30000,"プラベルに切り替えますのでご連絡お願いいたします。

3名義中3番手 下3桁提示可 すり替えなし 初期当選 郵送物戻りなし 期限内 指定席のみ 

会場付近にて...",True
556trg6p15,,milesixtones-2026,2026-11-21,16:30,日産スタジアム,electronic,female,同時入場,とト,5.0,,番手,2026-09-24 11:27:01,scrape_observed,2026-09-25 01:01:12,,,listing,2,32000,"【2名義中2番手】

有効期限内/すり替えなし/下3桁提示可能/着ブロなし
(プライベート出品に変更可能)
(定価分支払い残り手渡し可能)

○入場後はチケット...",True
ba1tachmsx,,milesixtones-2026,2026-11-21,16:30,日産スタジアム,electronic,female,公演日前日にQRコード共有,ha,5.0,,QR,2026-09-24 11:27:01,scrape_observed,2026-09-25 01:01:12,,,listing,1,50000,"QR毎/初期当選/アリツア落選名義/重複すり替えなし/着ブロ希望なし/下3桁提示可能｜有効期限内/発送物戻りなし

公演前日にログインに必要な情報をお伝えします...",True
mvwg3aie16,,milesixtones-2026,2026-11-21,16:30,日産スタジアム,electronic,female,当日一緒に入場していただきます。,Yu,5.0,,同行,2026-09-24 11:27:01,scrape_observed,2026-09-25 01:01:12,,,listing,1,45000,"FC先行 座席未定/同行すり替えなし/着
ブロ希望名義無／有効期限内／下3桁提示可能

会場付近にて待ち合わせし、同時入場していただきます。
詳しい待ち合わせ場...",True
grrpvvnxxw,,milesixtones-2026,2026-11-21,16:30,日産スタジアム,electronic,female,同行,333,4.9,,ランダム,2026-09-24 11:27:01,scrape_observed,2026-09-25 01:01:12,,,listing,1,20683,⭐️開示対策の為プライベート出品に切り替えますのでご希望の方は⚠️リクエストではなく個別メッセージお願いいたします⭐️中相場での買取、上乗せにて早渡しも可能です...,True
ma96if8z5d,,milesixtones-2026,2026-11-21,16:30,日産スタジアム,electronic,female,同行,🌺,4.8,,同行,2026-09-24 11:27:01,scrape_observed,2026-09-25 01:01:12,,,listing,1,55000,"FC先行/初期当選/有効期限内名義/重複・すり替えなし同行/郵送物戻りなし/着ブロ指定なし/下3桁提示可能/座席未定

開演30分前に開場付近にて集合します。...",True
daqt7g72d0,,milesixtones-2026,2026-11-21,16:30,日産スタジアム,electronic,female,同行,poy,5.0,,ランダム,2026-09-24 11:27:01,scrape_observed,2026-09-25 01:01:12,,,listing,2,25000,当日は開場時間の15～30分前頃を目安にこちらが指定した場所に集合していただき同時入場後、先に当方が座席選択した後チケットをランダムにお渡しします。ご購入者様は...,True
zdmumcrsl3,,milesixtones-2026,2026-11-21,16:30,日産スタジアム,electronic,female,同行,むー,5.0,,番手,2026-09-24 11:27:01,scrape_observed,2026-09-25 00:01:19,,,listing,2,51707,"⭐️8名義中4番手⭐️

FC先行 有効期限内/下3桁提示可/ すり替えなし

  ・入場はお連れ様と分かれる場合がありますが、2連でご購入の場合には、必ず2連...",True
7hjhwy9k7u,,milesixtones-2026,2026-11-21,16:30,日産スタジアム,electronic,female,同行,R,5.0,,番手,2026-09-24 11:27:01,scrape_observed,2026-09-25 01:01:12,,,listing,1,40000,"3名義中2番手/初期当選/有効期限内/下3桁提示可/すり替えなし/京本担不可

3名義中2番手でのお譲りです。
一部チケテン残り手渡し可

・同時入場後全てのチ...",True
2scnbc743u,,milesixtones-2026,2026-11-22,16:30,日産スタジアム,electronic,female,同行,みれ,5.0,,同行,2026-09-24 11:27:01,scrape_observed,2026-09-25 01:01:12,,,listing,1,45000,"重複・すり替え無し／初期当選／当方25↑松村担♀との同行／下3桁提示可／有効期限内／会員×会員／両名義ともエラー、発送物戻り無し

・入場後すぐに座席を確認しチ...",True
br1030fkna,,milesixtones-2026,2026-11-22,16:30,日産スタジアム,paper,female,当日手渡し,R,5.0,,番手,2026-09-24 11:27:01,scrape_observed,2026-09-25 01:01:12,,,listing,2,35000,"7名義中5番手 ※番手理解ある方のみご購入くださいませ。
当日は会場45分前を目安に指定の場所へお越しくださいますようお願いいたします。
また、複数の方にお集ま...",True
535r1ydhy1,,milesixtones-2026,2026-11-22,16:30,日産スタジアム,electronic,female,公演日前日にログイン情報,な,5.0,,QR,2026-09-24 11:27:01,scrape_observed,2026-09-25 01:01:12,,,listing,1,65000,"FC先行 座席未定QR毎／初期当選／重複・すり替えなし／下3桁提示可能／有効期限内／アリツア落選名義
公演日に連絡ボードにて必要な情報をお伝えします。
お席に関...",True
l78twxgzn5,,milesixtones-2026,2026-11-22,16:30,日産スタジアム,electronic,female,同行,⭐︎,5.0,,番手,2026-09-24 11:27:01,scrape_observed,2026-09-25 01:01:12,,,listing,2,40000,"🌟開示請求防止のためご購入いただける方がいらっしゃいましたらプライベート出品に切り替えさせていただきます。
お気軽にコメントください。

2番手中2番手のチケ...",True
sacje6pss8,,milesixtones-2026,2026-11-22,16:30,日産スタジアム,electronic,female,同行,s,5.0,,番手同行,2026-09-24 11:27:01,scrape_observed,2026-09-25 00:01:19,,,listing,2,35000,"5名義中4番手
全て初期当選、有効期限内、下3桁開示可能、すり替えなし、サイチェン可

QRの表示にご協力いただく場合がありますのでその際には持ち逃げ防止の観点...",True
37atj9418w,,milesixtones-2026,2026-11-22,16:30,日産スタジアム,electronic,female,番手,🍓,5.0,,番手,2026-09-24 11:27:01,scrape_observed,2026-09-25 01:01:12,,,listing,1,35000,"3名義中2番手でのお渡しです。
⚠️残り1枚です

3.5~即4.0

初期当選/FC先行/発送戻りなし/すり替えなし/下3桁提示可/有効期限内

・同時入場後...",True
31jgk5i51q,,milesixtones-2026,2026-11-22,16:30,日産スタジアム,electronic,female,当日手渡し,りんご,5.0,,番手,2026-09-24 11:27:01,scrape_observed,2026-09-25 00:01:19,,,listing,2,35000,"2名義中2番手/座席未定/すり替えなし/下3桁提示可能/有効期限内

以下の記載内容をご確認の上ご購入ください。

【入場前】
同行者登録はこちらで行います。...",True
v2ytxsw7pn,,milesixtones-2026,2026-11-22,16:30,日産スタジアム,electronic,male,公演日前日にQRコード共有,りい,5.0,,ランダム記載あり,2026-09-24 11:27:01,scrape_observed,2026-09-25 01:01:12,,,listing,2,90000,"ファンクラブ先行 座席未定 初期当選 
アリツア落選名義  QRごと 有効期限内 
コンビニ決済 重複すり替えなし 
着ブロ指定なし 3桁提示可

・QRごと2...",True
jrayfbp9rc,,milesixtones-2026,2026-11-22,16:30,日産スタジアム,electronic,female,公演前日にお知らせ,Ｊ,5.0,,QR,2026-09-24 11:27:01,scrape_observed,2026-09-25 01:01:12,,,listing,2,50000,"プライベート出品へ切り替えますのでご連絡お願いします。

FC先行、着ブロ指定なし
同行なし、すり替えなし、有効期限内、
郵送戻りなし、条件特になし
同行者登録...",True
07xh0y7mya,,milesixtones-2026,2026-11-22,16:30,日産スタジアム,electronic,female,同行,あ,5.0,,番手,2026-09-24 11:27:01,scrape_observed,2026-09-25 01:01:12,,,listing,2,40000,"6名義中4番手/すり替えなし/全て有効期限内/初期当選/同一クレカ支払いなし/発送物戻り名義なし/下3桁提示可

当日は開場30分前頃に、会場付近の当方指定場所...",True
dc916zhc27,,milesixtones-2026,2026-11-22,16:30,日産スタジアム,electronic,female,同時入場,R,5.0,,番手,2026-09-24 11:27:01,scrape_observed,2026-09-25 01:01:12,,,listing,2,50000,"3名義中2番手　下3提示可　有効期限内名義
・公演当日は開場時間15~30分前に会場付近で待ち合わせをし、同時入場していただきます。
・待ち合わせ場所、詳しい時...",True
wqcpv3ahxl,,milesixtones-2026,2026-11-22,16:30,日産スタジアム,electronic,female,同時入場,れ,5.0,,番手,2026-09-24 11:27:01,scrape_observed,2026-09-25 01:01:12,,,listing,2,45000,"2名義中2番手/下三桁提示可能/着ブロ希望無し/有効期限内/初期当選/すり替えなし/本人確認不可/サイチェン可/アリツア落選名義

・2名義中2番手のです。チケ...",True
gd92qkr1bl,,milesixtones-2026,2026-11-22,16:30,日産スタジアム,paper,female,当日手渡し,R.,5.0,,同行番手,2026-09-24 11:27:01,scrape_observed,2026-09-25 00:01:19,,,listing,2,40000,"【2名義中2番手(バラ売り可)全て会員と会員での当選】
※プライベート出品またはプラベル出品しますので、購入希望の方は事前にご連絡ください。

必ず最後までお読...",True
jgxjrv29hk,,milesixtones-2026,2026-11-22,16:30,日産スタジアム,electronic,none,同行,S,5.0,,番手,2026-09-24 11:27:01,scrape_observed,2026-09-25 01:01:12,,,listing,1,60000,"5名義中2番手/初期当選/下3桁提示可/有効期限内／すり替えなし
※特別出品、プライベート出品に変更しますので、ご希望の際はリクエストメッセージをお送りください...",True
hr47u370lv,,milesixtones-2026,2026-11-22,16:30,日産スタジアム,electronic,female,前日にログイン情報提示,Y,5.0,,QR,2026-09-24 11:27:01,scrape_observed,2026-09-25 01:01:12,,,listing,2,55000,"QR毎/初期当選/アリツア落選名義/重複すり替えなし/着ブロ希望なし/下3桁提示可能/有効期限内/発送物戻りなし

お取引の意思が確認できましたら、プライベート...",True
0qib356xhw,,milesixtones-2026,2026-11-22,16:30,日産スタジアム,electronic,female,同行,n,5.0,,番手,2026-09-24 11:27:01,scrape_observed,2026-09-25 00:01:19,,,listing,2,35000,"2名義中2番手/すり替えなし/着ブロなし/有効期限内/下3桁提示可
会場付近にて待ち合わせし、同時入場していただきます。
入場後一旦チケットを回収し、当方が座席...",True
ak57q3kitw,,milesixtones-2026,2026-11-22,16:30,日産スタジアム,electronic,female,同行,333,4.9,,ランダム,2026-09-24 11:27:01,scrape_observed,2026-09-25 01:01:12,,,listing,2,20683,⭐️開示対策の為プライベート出品に切り替えますのでご希望の方は⚠️リクエストではなく個別メッセージお願いいたします⭐️ 連番ではなくバラでのお渡しになる可能性が...,True
k45v1smhkh,,milesixtones-2026,2026-11-22,16:30,日産スタジアム,electronic,female,当日手渡し,ぴ,5.0,,番手,2026-09-24 11:27:01,scrape_observed,2026-09-25 01:01:12,,,listing,2,30000,FC先行 3名義中3番手/座席未定/初期当選/すべて有効期限内/すり替えなし/下3桁提示可/同時入場後チケットを一旦回収し、座席選択後3番手のチケットをお渡しい...,True
5tb5d6edpr,,milesixtones-2026,2026-11-22,16:30,日産スタジアム,electronic,female,公演前日にQR共有,3️⃣,5.0,,QR,2026-09-24 11:27:01,scrape_observed,2026-09-25 01:01:12,,,listing,2,0,"下3桁提示可/有効期限内/過去エラーなし

座席に関するクレームは一切受け付けません
本人確認含むランダムエラー等で入場出来なかった場合でも返金致しかねますので...",True
495vmumiq4,,milesixtones-2026,2026-11-22,16:30,日産スタジアム,electronic,female,5名義中2番手,K,5.0,,番手,2026-09-24 11:27:01,scrape_observed,2026-09-25 01:01:12,,,listing,2,70000,"初期当選 5名義中2番手 すり替え無し 下3桁提示可 有効期限内

・公演当日会場付近にて待ち合わせし、同時入場いたします。詳しい場所・時間等は公演が近くなりま...",True
04he832c2a,,milesixtones-2026,2026-11-22,16:30,日産スタジアム,electronic,female,同行,ほったん,5.0,,番手,2026-09-24 11:27:01,scrape_observed,2026-09-25 01:01:12,,,listing,2,45000,"FC先行 座席未定 下3桁提示可能 すり替えなし 
有効期限内 初期当選 

2名義中2番手のお譲りになります。

同時入場して頂き、当方が選ばなかった席をお渡...",True
6y7kvd63zp,,milesixtones-2026,2026-11-22,16:30,日産スタジアム,electronic,female,同行,r,5.0,,番手,2026-09-24 11:27:01,scrape_observed,2026-09-25 00:01:19,,,listing,2,50000,"プライベート出品に切り替えますので、ご購入の際はコメントにてお知らせください。

・FC先行 有効期限内
・下3桁提示可
・すり替えなし

 ・入場後なるべく速...",True
3hk82ube25,,milesixtones-2026,2026-11-22,16:30,日産スタジアム,electronic,female,同行,S,5.0,,番手,2026-09-24 11:27:01,scrape_observed,2026-09-25 01:01:12,,,listing,1,31000,"3名義中3番手、初期当選、すり替えなし、下3桁提示可、有効期限内

13:40頃に会場付近で待ち合わせをし、同時入場後こちらで座席選択後チケットをお渡しいたしま...",True
fii3wj5e1s,,milesixtones-2026,2026-11-22,16:30,日産スタジアム,electronic,female,同行,えす,5.0,,同行,2026-09-24 11:27:01,scrape_observed,2026-09-25 00:01:19,,,listing,1,35000,"重複無し 同行
下3桁提示可 アリツア落選名義 

こちら重複無し同行のチケットとなります。
当日開場時間より少し前頃に会場周辺にて待ち合わせし、一緒にご入場い...",True
wz0g89gu2f,,milesixtones-2026,2026-11-22,16:30,日産スタジアム,electronic,female,同行,m,4.9,,ランダム同行,2026-09-24 11:27:01,scrape_observed,2026-09-25 00:01:19,,,listing,1,25000,"複数名義当選のため、開演時刻の2時間30分前までに会場付近に集合していただき、同時入場後、一旦チケットを回収してこちらで先に座席選択させていただきます。
複数の...",True
9umie67gr7,,milesixtones-2026,2026-11-22,16:30,日産スタジアム,electronic,female,同時入場,ねぎま,5.0,,QR番手,2026-09-24 11:27:01,scrape_observed,2026-09-25 01:01:12,,,listing,2,0,"座席未定、3名義中 3番手
◎ 発券後、座席次第ではすぐにお渡しできる場合があります。
◎開場時間30前集合予定 詳細は連絡ボードにてお願い致しますm(_ _)...",True
8v9k8wt9ml,,milesixtones-2026,2026-11-22,16:30,日産スタジアム,electronic,female,同行,あ,5.0,,番手,2026-09-24 11:27:01,scrape_observed,2026-09-24 16:01:21,,,listing,2,25000,"プラベ出品に直すため、ご購入される際はメッセージをお願いいたします。FC先行 座席未定 3名義中3番手すり替えなし下3桁可
初期当選有効期限内名義 発送物戻りな...",True
chm5zyxclf,,milesixtones-2026,2026-11-22,16:30,日産スタジアム,electronic,female,同行,mt,5.0,,番手,2026-09-24 11:27:01,scrape_observed,2026-09-25 01:01:12,,,listing,2,0,"プライベート出品orプラベル出品にしますので購入前に一言お願いいたします。
3.0/枚〜ご提示ください

有効期限内/アリツ落選名義のみ/下三桁提示可能/有効期...",True
4o8h12htwk,,milesixtones-2026,2026-11-22,16:30,日産スタジアム,electronic,female,公演前日までに必要情報共有,ｻ,5.0,,ランダム,2026-09-24 11:27:01,scrape_observed,2026-09-25 00:01:19,,,listing,1,28000,"すり替えなしランダム/入場後即渡し/FC先行/有効期限内

●ご入金後について
・公演当日に連絡の取れる電話番号を連絡ボードにてお伺いいたします。予めご了承くだ...",True
fmmkkheb6s,,milesixtones-2026,2026-11-22,16:30,日産スタジアム,electronic,female,同行 ,3️⃣,5.0,,QR同行,2026-09-24 11:27:01,scrape_observed,2026-09-25 01:01:12,,,listing,1,0,"
有効期限内/アリツア落選名義/過去エラーなし

当方との同行
当日集合時にチケット受取確認していただきます
連番内での座席選択はこちらで致します
購入者様によ...",True
t5or6wscpp,,milesixtones-2026,2026-11-22,16:30,日産スタジアム,electronic,female,公演日前日,C,5.0,,QR,2026-09-24 11:27:01,scrape_observed,2026-09-25 01:01:12,,,listing,1,0,"QR毎/初期当選/女性名義/アリツア落選名義/重複すり替えなし/着ブロ希望なし/下3桁提示可能/有効期限内

公演前日にログインに必要な情報をお伝えします。
入...",True
g2kb34mmh5,,milesixtones-2026,2026-11-22,16:30,日産スタジアム,electronic,female,同行（30万台名義）,K,5.0,,同行,2026-09-24 11:27:01,scrape_observed,2026-09-25 01:01:12,,,listing,1,52000,"重複なし同行 / 初期当選 / 有効期限内 /下2桁提示可 / 当方ジェシー担との同行（拒否なし） / プライベート出品可 

・当日指定した時間に会場付近で待...",True
s84k0iad72,,milesixtones-2026,2026-11-22,16:30,日産スタジアム,electronic,female,同行,⭐︎,5.0,,番手,2026-09-24 11:27:01,scrape_observed,2026-09-25 00:01:19,,,listing,2,26000,"４名義中４番手
有効期限内、下三桁提示可、すり替えなし

・複数の方にお集まり頂くため時間厳守でお願いします。購入者様が大幅に時間が遅れてしまう場合、待たずに入...",True
my4nzc686b,,milesixtones-2026,2026-11-22,16:30,日産スタジアム,electronic,female,同行,m,5.0,,同行番手,2026-09-24 11:27:01,scrape_observed,2026-09-25 00:01:19,,,listing,2,48000,"2名義中2番手/初期当選/有効期限内名義/すり替えなし(下3桁提示可能)/着ブロなし

プラベルにてお取引可能です。

・チケット発券後、チケットをすべて回収さ...",True
3xfkjiyr5i,,milesixtones-2026,2026-11-22,16:30,日産スタジアム,electronic,female,ランダム配布,💫,5.0,,ランダム記載あり,2026-09-24 11:27:01,scrape_observed,2026-09-25 01:01:12,,,listing,2,28000,"・同時入場していただき一度チケットを回収し、開演時間までにランダムでチケットをお渡しします。座席選択はできません。

・複数人で入場するため、QRコードの表示に...",True
jmqfk2mm6z,,milesixtones-2026,2026-11-22,16:30,日産スタジアム,electronic,female,同行,su,5.0,,番手,2026-09-24 11:27:01,scrape_observed,2026-09-25 00:01:19,,,listing,2,35000,"4名義中3番手でのお譲り
全てアリツ落選名義

プラベ出品に切り替えますので購入希望の方はメッセージお願いいたします。
 
全て初期当選、期限内名義、着ブロなし...",True
crsfcm7nlm,,milesixtones-2026,2026-11-22,16:30,日産スタジアム,electronic,female,同行,ら,5.0,,ランダム,2026-09-24 11:27:01,scrape_observed,2026-09-25 00:01:19,,,listing,2,25000,"初期当選/ランダム/有効期限内/着ブロ指定なし/
プライベート出品可能◎

当日、開場の20分前頃にこちらが指定した場所で待ち合わせし、同時入場いたします。
時...",True
m4g2dsm267,,milesixtones-2026,2026-11-22,16:30,日産スタジアム,electronic,female,同行,そら,5.0,,番手,2026-09-24 11:27:01,scrape_observed,2026-09-25 00:01:19,,,listing,2,40000,"3名義2番手 1-2枚  即4.0
※プラベルにて対応予定です。お気軽にお声掛けください※

3名義全て有効期限内、下3桁提示可能、初期当選です。
手数料はご負...",True
c6tzessdeg,,milesixtones-2026,2026-11-22,16:30,日産スタジアム,electronic,female,前日に共有,さーら,5.0,,QR,2026-09-24 11:27:01,scrape_observed,2026-09-25 01:01:12,,,listing,2,55000,"QR毎/初期当選/初当選/アリツア落選名義/重複すり替えなし/着ブロ希望なし/下3桁提示可能｜有効期限内/発送物戻りなし

公演前日夜にログインに必要な情報をお...",True
jo07hhp4c8,,milesixtones-2026,2026-11-22,16:30,日産スタジアム,electronic,female,同行,Hana,5.0,,同行記載あり,2026-09-24 11:27:01,scrape_observed,2026-09-25 01:01:12,,,listing,1,43000,"2名義中1番手同行/有効期限内/下3桁提示可能/着ブロ指定なし/初期当選

当日開場時間前にこちらが指定した場所、時間に集合して頂き同時に入場して頂きます。
公...",True
2nmmookntp,,milesixtones-2026,2026-11-22,16:30,日産スタジアム,electronic,female,公演日2日前までにQRコード共有,♡,5.0,,QR,2026-09-24 11:27:01,scrape_observed,2026-09-25 01:01:12,,,listing,1,69000,"単番当選QRごとのお譲り。
着ブロ申し込みなし、今までエラーなし郵便戻りなし
前回当選東京ドームアリーナ席

すり替えなし入金後下3桁提示可能。
ランダムエラー...",True
re7xw5qmpw,,milesixtones-2026,2026-11-22,16:30,日産スタジアム,electronic,female,同行,A,5.0,,番手,2026-09-24 11:27:01,scrape_observed,2026-09-25 01:01:12,,,listing,2,30000,"FC先行 有効期限内　下3桁提示可 コンビニ払い  5名義中5番手　すり替えなし

・座席選択権はございません。
・入場後1度チケットを回収し解散、座席の確認が...",True
m2r7fu11bv,,milesixtones-2026,2026-11-22,16:30,日産スタジアム,electronic,female,同行,な,5.0,,番手,2026-09-24 11:27:01,scrape_observed,2026-09-25 01:01:12,,,listing,2,40000,"3名義中2番手/初期当選/すり替えなし/有効期限内/下3桁提示可/着ブロ希望なし
3名義とも前回ドームスタンド(YOUNG OLD)
　
⭐️プライベート出品し...",True
cuvostwy9h,,milesixtones-2026,2026-11-22,16:30,日産スタジアム,electronic,female,公演日前日までにログイン情報共有,R,5.0,,QR,2026-09-24 11:27:01,scrape_observed,2026-09-25 01:01:12,,,listing,2,59000,"QR毎/初期当選/アリツア落選名義/重複すり替えなし/着ブロ希望なし/下3桁提示可能/有効期限内/発送物戻りなし/過去エラーなし

2026年アリツア落選→制作...",True
zczk0sxd03,,milesixtones-2026,2026-11-22,16:30,日産スタジアム,electronic,none,番手,り,5.0,,番手,2026-09-24 11:27:01,scrape_observed,2026-09-25 01:01:12,,,listing,2,40000,"2名義中2番手
🌟プラベル又はプライベート出品に切り替えますので購入希望の方はメッセージお願いいたします。

初期当選/FC先行/すり替えなし/着ブロ無/有効...",True
zvejdqcdn4,,milesixtones-2026,2026-11-22,16:30,日産スタジアム,electronic,female,同行,a,5.0,,同行,2026-09-24 11:27:01,scrape_observed,2026-09-25 01:01:12,,,listing,1,50000,"有効期限内/アリツ落選名義/下三桁提示可/初期当選/重複すり替えなし/着ブロ希望なし

当方ジェシー担となりますので担当のご配慮いただけますと幸いです。

当日...",True
v4391qzp17,,milesixtones-2026,2026-11-22,16:30,日産スタジアム,electronic,female,同行,a,5.0,,番手,2026-09-24 11:27:01,scrape_observed,2026-09-25 01:01:12,,,listing,1,57000,"⭐️2名義中1番手同行(前回•前々回スタンド名義×2)⭐️
どちらも初期当選、下3桁提示可、有効期限内、すり替えなし、着ブロなし、郵送物戻りなし。

・一部チケ...",True
dwvsk5taz3,,milesixtones-2026,2026-11-22,16:30,日産スタジアム,electronic,female,3名義中2番手,R,5.0,,同行記載あり,2026-09-24 11:27:01,scrape_observed,2026-09-25 01:01:12,,,listing,2,61000,"3名義中2番手
下三桁提示可能/すり替えなし/有効期限内/全てアリツ落選名義/前回スタンド名義含む

・公演当日は開場時間20~30分前に会場付近で待ち合わせを...",True
qxap5h587i,,milesixtones-2026,2026-11-22,16:30,日産スタジアム,electronic,female,同時入場,mi,5.0,,番手,2026-09-24 11:27:01,scrape_observed,2026-09-25 01:01:12,,,listing,2,40000,"プラベルにて再度出品いたしますので、お取引希望の方はメッセージにてご連絡ください。

【条件あり】
5名義中4番手、1〜3番手除く残りの2名義より座席を選択でき...",True
xnbe0j6w9e,,milesixtones-2026,2026-11-22,16:30,日産スタジアム,electronic,female,ランダム配布,t,5.0,,ランダム,2026-09-24 11:27:01,scrape_observed,2026-09-25 00:01:19,,,listing,2,25000,入場後はチケットを一旦こちらで回収し、当方が座席選択をした後にランダムでお渡し致します。開演10分前までのお渡しです。ご購入者様が座席を選択することはできません...,True
b3k7o99lgj,,milesixtones-2026,2026-11-22,16:30,日産スタジアム,electronic,female,同行,Mike,5.0,,同行,2026-09-24 11:27:01,scrape_observed,2026-09-25 01:01:12,,,listing,1,50000,"同行での取引です。 個人でのサイチェン可
お取引決まりましたらプラベ出品させて頂きます。

公演当日は開場30分前頃に会場付近に集合し、同時入場して頂きます。（...",True
434ghacpyd,,milesixtones-2026,2026-11-22,16:30,日産スタジアム,electronic,female,同行,s,5.0,,番手同行,2026-09-24 11:27:01,scrape_observed,2026-09-25 00:01:19,,,listing,2,60000,"5名義中3番手
全て初期当選、有効期限内、下3桁開示可能、すり替えなし、サイチェン可

QRの表示にご協力いただく場合がありますのでその際には持ち逃げ防止の観点...",True
l0t29xrzlg,,milesixtones-2026,2026-11-22,16:30,日産スタジアム,electronic,female,同行,ぽよ,5.0,,ランダム,2026-09-24 11:27:01,scrape_observed,2026-09-25 01:01:12,,,listing,1,30000,"【条件あり】
チケットを複数所持しております。同時入場後にチケットを一旦回収し、開演10分前を目処に再集合の上チケットをお渡しさせていただきます。座席についての...",True
x9a8k097pb,,milesixtones-2026,2026-11-22,16:30,日産スタジアム,electronic,female,同行,s,5.0,,同行番手ランダム,2026-09-24 11:27:01,scrape_observed,2026-09-25 00:01:19,,,listing,2,0,"※5名義あります※
2番手~4番手お譲り可能です。
①番手
②枚数
③金額
上記をメッセージまでお願いします。
全て初期当選、有効期限内、下3桁開示可能、すり替...",True
uw55j2edia,,milesixtones-2026,2026-11-22,16:30,日産スタジアム,electronic,female,同行,S,5.0,,番手,2026-09-24 11:27:01,scrape_observed,2026-09-25 01:01:12,,,listing,2,40000,"FC先行/初期当選/3名義中3番手/下3桁提示可/有効期限内/すり替えなし


トラブル防止のためご購入は20歳以上の日本人女性でお願いいたします。公演当日、開...",True
nubaf2osu2,,milesixtones-2026,2026-11-22,16:30,日産スタジアム,electronic,female,ランダム配布,💫,5.0,,ランダム記載あり,2026-09-24 11:27:01,scrape_observed,2026-09-25 01:01:12,,,listing,2,24000,・同時入場していただき一度チケットを回収し、開演時間までにランダムでチケットをお渡しします。座席選択はできません。席次第で入場してすぐお渡しする可能性あります。...,True
mzwt1bru46,,milesixtones-2026,2026-11-22,16:30,日産スタジアム,electronic,female,当日手渡し,💚,5.0,,ランダム,2026-09-24 11:27:01,scrape_observed,2026-09-25 01:01:12,,,listing,2,26000,"☆少人数ランダム配布
全て有効期限内/過去エラーなし
・2枚での購入の場合は2連でのお渡し可能です。
・プライベート出品に切り替えますので、購入希望の方はコメン...",True
33wvsl9g24,,milesixtones-2026,2026-11-22,16:30,日産スタジアム,electronic,female,同行,ちー,5.0,,番手,2026-09-24 11:27:01,scrape_observed,2026-09-25 00:01:19,,,listing,2,30000,"3名義中3番手／すり替えなし/着ブロなし/有効期限内／下3桁提示可

当日会場付近にて待ち合わせし、同時入場していただきます。
座席はお選びいただけません。当方...",True
iyofd0zqxs,,milesixtones-2026,2026-11-22,16:30,日産スタジアム,electronic,female,5名義中5番手,JM,5.0,,ランダム記載あり,2026-09-24 11:27:01,scrape_observed,2026-09-25 01:01:12,,,listing,2,25000,"5名義中5番手/初期当選/すり替えなし/下3桁提示可能/有効期限内
・同時入場し発券後、一旦チケットを回収いたします。今回5番手ですので最後に残ったチケットにな...",True
zji2b5rljr,,milesixtones-2026,2026-11-22,16:30,日産スタジアム,electronic,female,同時入場,ちー,5.0,,番手,2026-09-24 11:27:01,scrape_observed,2026-09-25 01:01:12,,,listing,2,35000,"即4.0/FC先行/7名義中5番手/すり替えなし/下3桁提示可/初期当選のみ/有効期限内

・当日は会場付近の指定した場所に時間厳守で集合していただきます。開場...",True
ugve6mtfhs,,milesixtones-2026,2026-11-22,16:30,日産スタジアム,electronic,female,公演日前日までにログイン情報共有,m,5.0,,QR,2026-09-24 11:27:01,scrape_observed,2026-09-25 00:01:19,,,listing,2,55000,"QR毎/FC当選/初期当選/アリツア落選名義/着ブロ指定なし/重複すり替えなし/会員番号下3桁提示可能/有効期限内/発送物戻りなし/過去ランダムエラーなし

※...",True
2v6b4mztli,,milesixtones-2026,2026-11-22,16:30,日産スタジアム,electronic,female,公演日前日(18:00以降)にログイン情報をお貸しします。,MJGA,5.0,,QR,2026-09-24 11:27:01,scrape_observed,2026-09-25 01:01:12,,,listing,2,0,"FC初期当選/有効期限内/下3桁提示可/すり替えなし/初当選(当選履歴なし)/着席ブロック希望なし

・公演日前日(18:00以降)になりましたら、ログイン情報...",True
30ox4jarti,,milesixtones-2026,2026-11-22,16:30,日産スタジアム,electronic,none,同行,ち,5.0,,番手,2026-09-24 11:27:01,scrape_observed,2026-09-25 00:01:19,,,listing,2,25000,"6名義中6番手/すり替えなし/下3桁提示可能/有効期限内

プライベートモードにて再度出品いたしますので、お取引希望の方はメッセージにてご連絡ください。

チケ...",True
c1g7uq783f,,milesixtones-2026,2026-11-22,16:30,日産スタジアム,electronic,female,同行,しもし,5.0,,番手同行,2026-09-24 11:27:01,scrape_observed,2026-09-25 01:01:12,,,listing,2,35000,"FC先行 座席未定2名義中2番手すり替えなし/有効期限内／下3桁提示可能
※ゲートによってはQR毎のお譲りの可能性があります。

会場付近にて待ち合わせし、同時...",True
w382jlyrfm,,milesixtones-2026,2026-11-22,16:30,日産スタジアム,electronic,female,同行,るる,5.0,,同行番手,2026-09-24 11:27:01,scrape_observed,2026-09-25 01:01:12,,,listing,1,40000,"FC先行/2名義中2番手/入場後早めのお渡し可/すり替えなし/下3桁提示可/初期当選のみ/アリツ落選名義

・当日は会場付近の指定した場所に時間厳守で集合してい...",True
baa5kx7ker,,milesixtones-2026,2026-11-22,16:30,日産スタジアム,electronic,female,同行,m,4.9,,同行ランダム,2026-09-24 11:27:01,scrape_observed,2026-09-25 01:01:12,,,listing,2,32000,🌟すり替えなしランダム🌟すべて初期当選、有効期限内、着ブロなし、下3桁提示可能です。複数名義当選のため、開演時刻の2時間30分前までに会場付近に集合していた...,True
nz5vqo3evv,,milesixtones-2026,2026-11-22,16:30,日産スタジアム,electronic,female,同時入場,rty,5.0,,番手,2026-09-24 11:27:01,scrape_observed,2026-09-25 01:01:12,,,listing,2,41000,"5名義中3番手/有効期限内/下3桁提示可能/着ブロ指定なし/初期当選

当日開場時間前にこちらが指定した場所、時間に集合して頂き同時に入場して頂きます。また入場...",True
b6fx1zp8jq,,milesixtones-2026,2026-11-22,16:30,日産スタジアム,electronic,female,2名義中2番手,mo,5.0,,番手,2026-09-24 11:27:01,scrape_observed,2026-09-25 01:01:12,,,listing,2,45000,"2名義中2番手/座席未定/すり替えなし/下3桁提示可能/有効期限内

以下の記載内容をご確認の上ご購入ください。

【入場前】
同行者登録はこちらで行います。...",True
d3h9qpnceq,,milesixtones-2026,2026-11-22,16:30,日産スタジアム,electronic,female,同行,U,5.0,,ランダム,2026-09-24 11:27:01,scrape_observed,2026-09-25 01:01:12,,,listing,2,23000,【入場時ランダムエラーの場合の全額返金保証、立見なし】コメントいただければプラベル切り替え可能。ランダムのお渡しとなり、購入者様の座席選択権はありませんことご理...,True
hths9as5zx,,milesixtones-2026,2026-11-22,16:30,日産スタジアム,electronic,female,同行,☆,5.0,,番手同行,2026-09-24 11:27:01,scrape_observed,2026-09-25 01:01:12,,,listing,2,45000,"4名義中2番手/初期当選/有効期限内/すり替え無し/下3桁提示〇

・当日は会場付近の当方の指定した場所に集合していただき、同時入場をお願い致します。
・入場の...",True
druvwg5ple,,milesixtones-2026,2026-11-22,16:30,日産スタジアム,electronic,female,同行,f,5.0,,番手,2026-09-24 11:27:01,scrape_observed,2026-09-25 01:01:12,,,listing,2,35000,"座席未定 3名義中2番手 初期当選 下3桁提示可能
購入意思をメッセージ頂ければ、迅速に対応可能な方優先でプライベート出品させて頂きます。

・当日、開場時間の...",True
x0zhnwo9h1,,milesixtones-2026,2026-11-22,16:30,日産スタジアム,electronic,female,公演前日にログイン情報お伝え,M,5.0,,,2026-09-24 11:27:01,scrape_observed,2026-09-24 14:01:14,,,listing,2,50000,"QR毎／初期当選／有効期間内／重複すり替えなし／下3桁提示可

公演中止の場合のみ手数料含めた金額返金いたします。",True
9mgy8os2op,,milesixtones-2026,2026-11-22,16:30,日産スタジアム,electronic,female,当日手渡し,na,5.0,,番手,2026-09-24 11:27:01,scrape_observed,2026-09-25 01:01:12,,,listing,2,40000,"2名義中2番手/初期当選/着ブロ希望なし/有効期限内名義/下3桁提示可能

【必ずお読みください】
・﻿﻿開場15分前を目処に会場付近に集合し同時入場していただ...",True
hx1ylrqym0,,milesixtones-2026,2026-11-22,16:30,日産スタジアム,electronic,female,ランダム配布,💫,5.0,,ランダム記載あり,2026-09-24 11:27:01,scrape_observed,2026-09-25 00:01:19,,,listing,2,28000,"・同時入場していただき一度チケットを回収し、開演時間までにランダムでチケットをお渡しします。座席選択はできません。

・複数人で入場するため、QRコードの表示に...",True
t9hik0o97e,,milesixtones-2026,2026-11-22,16:30,日産スタジアム,electronic,female,同行,あ,5.0,,同行,2026-09-24 11:27:01,scrape_observed,2026-09-25 01:01:12,,,listing,1,50000,"初期当選/有効期限内名義/重複すり替え無し同行/下3桁提示可

ご購入前に必ずご一読願います。
・開場30分前に会場付近で合流した後、同時入場していただきます。...",True
0f7bllwexm,,milesixtones-2026,2026-11-22,16:30,日産スタジアム,electronic,none,当日,あぴ,5.0,,番手,2026-09-24 11:27:01,scrape_observed,2026-09-25 01:01:12,,,listing,2,30000,"9名義中7番手

プラベル出品可/初期当選/全て2連当選/すり替えなし/下3桁提示可/有効期限内/ペイジーまたはコンビニ入金/着ブロ指定なし/本人確認不可

【...",True
1g1aqyb8da,,milesixtones-2026,2026-11-22,16:30,日産スタジアム,electronic,female,同行,あ,5.0,,番手,2026-09-24 11:27:01,scrape_observed,2026-09-25 01:01:12,,,listing,2,30000,"6名義中5番手/すり替えなし/全て有効期限内/初期当選/同一クレカ支払いなし/発送物戻り名義なし/下3桁提示可

当日は開場30分前頃に、会場付近の当方指定場所...",True
x0wt2xlrov,,milesixtones-2026,2026-11-22,16:30,日産スタジアム,electronic,female,同行,♡,5.0,,番手,2026-09-24 11:27:01,scrape_observed,2026-09-25 01:01:12,,,listing,2,40000,"2名義中2番
※プラベルで専用出品致しますので、メッセージお願いいたします。
FC先行／初期当選／座席未定／すり替えなし／下3桁掲示可／着ブロ希望なし／郵送物戻...",True
ieqnq8dlcv,,milesixtones-2026,2026-11-22,16:30,日産スタジアム,electronic,female,同行,♡,5.0,,番手同行,2026-09-24 11:27:01,scrape_observed,2026-09-25 01:01:12,,,listing,2,0,"3名義中2.3番手でのお譲りです。
希望金額と、番手お伝えください。
専用出品での取引を予定しております。",True
obo5g333jc,,milesixtones-2026,2026-11-22,16:30,日産スタジアム,electronic,female,同行,かい,5.0,,同行番手,2026-09-24 11:27:01,scrape_observed,2026-09-25 01:01:12,,,listing,1,60000,"2名義中1番手　同行
プライベート出品に切り替えますので、メッセージお願いいたします。

田中担不可／下3桁提示可／有効期限内／初期当選／すり替えなし

【お取...",True
qtotowa99w,,milesixtones-2026,2026-11-22,16:30,日産スタジアム,electronic,female,3名義中2番手/すり替えなし,☆ミ,5.0,,番手,2026-09-24 11:27:01,scrape_observed,2026-09-25 01:01:12,,,listing,2,40000,"⭐️ プライベートモードにて再度出品いたしますので、お取引希望の方はメッセージにてご連絡ください。

当日開場前に集合し、同時入場して頂きます。同時入場後にチケ...",True
qbwml43qds,,milesixtones-2026,2026-11-22,16:30,日産スタジアム,electronic,female,公演前日QR共有,Ｊ,5.0,,QR,2026-09-24 11:27:01,scrape_observed,2026-09-25 01:01:12,,,listing,2,55000,"FC先行
同行なし、すり替えなし、有効期限内、条件特になし
同行者登録は可能になり次第速やかに終わらせます。
ご希望の方へは下三桁お知らせ可能です。

プライベ...",True
imqsuqvfy1,,milesixtones-2026,2026-11-22,16:30,日産スタジアム,electronic,none,同行,ち,5.0,,番手,2026-09-24 11:27:01,scrape_observed,2026-09-25 00:01:19,,,listing,2,28000,"6名義中5番手/すり替えなし/下3桁提示可能/有効期限内

プライベートモードにて再度出品いたしますので、お取引希望の方はメッセージにてご連絡ください。

チケ...",True
piyaet6pcc,,milesixtones-2026,2026-11-22,16:30,日産スタジアム,electronic,female,同行,ぴ,5.0,,同行,2026-09-24 11:27:01,scrape_observed,2026-09-25 01:01:12,,,listing,1,25000,"※当日3.0手渡しお願い致します

FC初期当選/有効期限内/重複すり替えなし/会員番号下3桁提示可

プライベート出品に変更するため、購入希望の方は担当様明記...",True
pvn4idfbmf,,milesixtones-2026,2026-11-22,16:30,日産スタジアム,electronic,female,同行,ゆ,5.0,,番手,2026-09-24 11:27:01,scrape_observed,2026-09-25 00:01:19,,,listing,2,60000,"6名義中2番手/すり替えなし/過去エラー無し/下3桁提示可/全て有効期限内/同一クレカ決済なし/発送物戻り名義なし/初期当選
※プライベート出品に切り替えさせて...",True
sz0jz1eptu,,milesixtones-2026,2026-11-22,16:30,日産スタジアム,electronic,female,当日会場でお待ち合わせにて,K,5.0,,QR,2026-09-24 11:27:01,scrape_observed,2026-09-25 01:01:12,,,listing,2,53000,"QR毎/下3桁提示可/復活当選、制作開放ではない初期当選/重複すり替えなし/有効期限内/着ブロ希望なし/発送物戻りなし

・ご購入後、即日に下3桁をご連絡致しま...",True
gjaytpndxg,,milesixtones-2026,2026-11-22,16:30,日産スタジアム,electronic,female,当日手渡し,m,5.0,,番手,2026-09-24 11:27:01,scrape_observed,2026-09-25 01:01:12,,,listing,2,30000,"4名義中4番手／すり替えなし／初期当選

【条件あり】
・チケットを複数所持しております。入場時は10名程度でまとまって入場する予定です。

・入場時、QR表示...",True
f27a3ok4u2,,milesixtones-2026,2026-11-22,16:30,日産スタジアム,electronic,female,同行,な,5.0,,同行,2026-09-24 11:27:01,scrape_observed,2026-09-25 01:01:12,,,listing,1,50000,"FC先行/初期当選/有効期限内/すり替えなし/下3桁提示可/サイチェン可
アリツア未使用名義

当日開場の10分前を目安に集合し同時入場していただきます。集合場...",True
0crrz0cr2y,,milesixtones-2026,2026-11-22,16:30,日産スタジアム,electronic,none,同行,O,5.0,,番手,2026-09-24 11:27:01,scrape_observed,2026-09-25 01:01:12,,,listing,2,33000,"
2名義中2番手
下三桁提示可能/すり替えなし/有効期限内/着席希望なし/

・公演当日は開場時間20~30分前に会場付近で待ち合わせをし、同時入場していただき...",True
x6l5wm0r7u,,milesixtones-2026,2026-11-22,16:30,日産スタジアム,electronic,female,同行,🕶️,5.0,,同行記載あり,2026-09-24 11:27:01,scrape_observed,2026-09-25 00:01:19,,,listing,1,48500,"該当名義/有効期限内/変更ボタンあり/下3桁提示可/重複すり替えなし

・松村担不可

・2連中1枚で当方と同行になります。

・当日は開場時間前に指定した場所...",True
nekli8uh70,,milesixtones-2026,2026-11-22,16:30,日産スタジアム,electronic,none,ランダム配布,sss,5.0,,ランダム,2026-09-24 11:27:01,scrape_observed,2026-09-25 00:01:19,,,listing,2,22800,"ランダム配布のため買い手様自身では座席をお選び出来ません。
公演当日は開場時間30~40分前に会場付近にて待ち合わせし、同時入場していただきます。
当日手渡しの...",True
d5bk95mmge,,milesixtones-2026,2026-11-22,16:30,日産スタジアム,electronic,female,重複すり替えなし同行,a,5.0,,同行,2026-09-24 11:27:01,scrape_observed,2026-09-25 01:01:12,,,listing,1,43000,"初期当選/代表同行FC/下3桁提示可/松村担不可/最終当選スタンド/公演中止に限り返金/プラベ出品可

・重複すり替えなし、着ブロ希望なし、同行者FC枠
・連番...",True
480vwz4r9i,,milesixtones-2026,2026-11-22,16:30,日産スタジアム,electronic,female,同時入場,あお,5.0,,同行番手,2026-09-24 11:27:01,scrape_observed,2026-09-25 01:01:12,,,listing,2,22000,"ランダム配布
有効期限内名義/コンビニ入金/着ブロ指定なし

【集合時間】
開場の30分前 会場近くの指定場所

【返金】
公演中止の場合返金

入場後はチケッ...",True
elovqgjr95,,milesixtones-2026,2026-11-22,16:30,日産スタジアム,electronic,female,同行,F,5.0,,ランダム,2026-09-24 11:27:01,scrape_observed,2026-09-25 01:01:12,,,listing,2,23000,"【ランダム配布】全て初期当選、有効期限内
必ず全て確認してからご購入ください。

・ランダム配布　座席選択権なし
チケットは発券後に一旦回収いたします。
お渡し...",True
qvy481kspe,,milesixtones-2026,2026-11-22,16:30,日産スタジアム,electronic,female,公演日前日までにQRコード共有,えい,4.2,,ランダム記載あり,2026-09-24 11:27:01,scrape_observed,2026-09-25 01:01:12,,,listing,1,42000,"アリツア落選名義/FC先行/座席未定/QR/有効期限内/重複すり替え無し/変更ボタン有/下3桁提示可/着ブロ希望無し

前日に必要な情報を連絡ボードにてご連絡し...",True
u7szk4ajbj,,milesixtones-2026,2026-11-22,16:30,日産スタジアム,electronic,female,同行,r,5.0,,同行,2026-09-24 11:27:01,scrape_observed,2026-09-25 01:01:12,,,listing,1,60000,"当方と同行/初期当選/重複/すり替えなし/下3桁提示可/有効期限内/着ブロ希望なし/アリツ落選名義

・2連中の1枚当方（田中担同担不可）との同行になります。...",True
a3jdzylylo,,milesixtones-2026,2026-11-22,16:30,日産スタジアム,electronic,female,当日手渡し,R,5.0,,同行番手,2026-09-24 11:27:01,scrape_observed,2026-09-25 01:01:12,,,listing,2,35000,"初期当選/2名義中2番手/有効期限内/すり替えなし/下3桁提示可能/本人確認対応不可

ブラベルにて専用出品させていただきますので、購入前にコメントください。...",True
47ii1kr4wd,,milesixtones-2026,2026-11-22,16:30,日産スタジアム,paper,female,当日手渡し,R,5.0,,番手,2026-09-24 11:27:01,scrape_observed,2026-09-25 01:01:12,,,listing,2,40000,"7名義中4番手 番手理解ある方のみご購入くださいませ。
当日は会場45分前を目安に指定の場所へお越しくださいますようお願いいたします。
また、複数の方にお集まり...",True
rcztqgbxf5,,milesixtones-2026,2026-11-22,16:30,日産スタジアム,electronic,female,当日同時入場,ね,5.0,,番手,2026-09-24 11:27:01,scrape_observed,2026-09-25 01:01:12,,,listing,2,30000,"4名義中4番手
初期当選/有効期限内/すり替えなし/着ブロ指定なし/下3桁提示可/本人確認不可

・開場時間に会場付近での待ち合わせを予定しています。時間厳守に...",True
czkv3gotm5,,milesixtones-2026,2026-11-22,16:30,日産スタジアム,electronic,female,同行,t,5.0,,番手,2026-09-24 11:27:01,scrape_observed,2026-09-25 01:01:12,,,listing,2,40000,"2名義中2番手
FC初期当選　すり替えなし　下3桁提示可能　戻りエラー履歴なし　プラベル切替可

同時入場後チケットを一度回収し、2連でお渡しします。
お渡し後...",True
8v4ohslsrr,,milesixtones-2026,2026-11-22,16:30,日産スタジアム,electronic,none,QR又は番手,secret,5.0,,QR同行番手,2026-09-24 11:27:01,scrape_observed,2026-09-25 00:01:19,,,listing,2,1000,"
🩷大阪 長居 11/8との交換希望（番手問わず）🩷
→当方のチケット 神奈川 日産 11/22 4名義中2番手 2連
⭐️すり替えなし/下3桁提示可
⭐️...",True
j8igv52pb2,,milesixtones-2026,2026-11-22,16:30,日産スタジアム,electronic,female,同行,m,5.0,,番手同行,2026-09-24 11:27:01,scrape_observed,2026-09-25 01:01:12,,,listing,1,35000,"2名義中2番手 友人と同行／すり替えなし／初期当選

【条件あり】
・チケットを複数所持しております。入場時は10名程度でまとまって入場する予定です。

・同時...",True
w1sj8cvbab,,milesixtones-2026,2026-11-22,16:30,日産スタジアム,electronic,none,QR又は番手,secret,5.0,,QR同行番手,2026-09-24 11:27:01,scrape_observed,2026-09-25 00:01:19,,,listing,2,28000,"🌼4名義中3番手／すり替えなし
全て初期当選、有効期限内、下3桁提示可🌼

公演当日、最寄駅または会場付近にて待ち合わせし、同時入場していただきます。
詳し...",True
bknqrsgdji,,milesixtones-2026,2026-11-22,16:30,日産スタジアム,electronic,female,同行,Ko,5.0,,番手,2026-09-24 11:27:01,scrape_observed,2026-09-25 01:01:12,,,listing,2,29000,"初期当選/4名義中4番手/有効期限内/下3桁提示可能、すり替えなし/着ブロ希望なし/本人確認不可

4名義中の4番手のチケットです。
公演当日は会場付近にて開場...",True
rmoqukn3ay,,milesixtones-2026,2026-11-22,16:30,日産スタジアム,electronic,female,公演前日にログイン情報をお伝えいたします,kr,5.0,,QR,2026-09-24 11:27:01,scrape_observed,2026-09-25 01:01:12,,,listing,2,53000,"QR毎、重複すり替えなし、初期当選、下3桁提示可

公演中止以外での返金は致しかねます。
ご理解いただける方のみご購入下さい。",True
1oz5g15xdk,,milesixtones-2026,2026-11-22,16:30,日産スタジアム,electronic,female,ランダム配布,💫,5.0,,ランダム記載あり,2026-09-24 11:27:01,scrape_observed,2026-09-25 01:01:12,,,listing,2,24000,・同時入場していただき一度チケットを回収し、開演時間までにランダムでチケットをお渡しします。座席選択はできません。席次第で入場してすぐお渡しする可能性あります。...,True
61x12209qh,,milesixtones-2026,2026-11-22,16:30,日産スタジアム,electronic,female,同行,U,5.0,,ランダム,2026-09-24 11:27:01,scrape_observed,2026-09-25 01:01:12,,,listing,2,23000,【入場時ランダムエラーの場合の全額返金保証、立見なし】ランダムのお渡しとなり、購入者様の座席選択権はありませんことご理解下さい。(連番での落札は必ず連番のお譲り...,True
opwrieiity,,milesixtones-2026,2026-11-22,16:30,日産スタジアム,electronic,female,同行,su,5.0,,番手,2026-09-24 11:27:01,scrape_observed,2026-09-25 00:01:19,,,listing,2,30000,"4名義中4番手でのお譲り
全てアリツ落選名義

プラベ出品に切り替えますので購入希望の方はメッセージお願いいたします。
 
全て初期当選、期限内名義、着ブロなし...",True
adrwmkot64,,milesixtones-2026,2026-11-22,16:30,日産スタジアム,electronic,female,公演当日,なち,5.0,,番手,2026-09-24 11:27:01,scrape_observed,2026-09-25 01:01:12,,,listing,2,40000,"


メッセージ確認できましたらプライベート出品に変更させていただきます。

4名義中3番手/初期当選/有効期限内/すり替えなし/下3桁提示可/着ブロなし

・...",True
fnn29algcn,,milesixtones-2026,2026-11-22,16:30,日産スタジアム,electronic,female,2名義中2番手,ほ,5.0,,番手,2026-09-24 11:27:01,scrape_observed,2026-09-25 01:01:12,,,listing,2,38000,"2名義中2番手/下3桁提示可/初期当選/すり替えなし

公演当日は、会場付近にて開場15分前に集合し同時入場していただきます。時間は変更する場合がございます。詳...",True
vqnz2kjrwa,,milesixtones-2026,2026-11-22,16:30,日産スタジアム,electronic,none,同行,yuu,5.0,,番手同行,2026-09-24 11:27:01,scrape_observed,2026-09-25 01:01:12,,,listing,2,32000," 4名義中3番手／すり替えなし
全て初期当選、有効期限内、下3桁提示可

公演当日、最寄駅または会場付近にて待ち合わせし、同時入場していただきます。
詳しい待ち...",True
r1l1ef4io2,,milesixtones-2026,2026-11-22,16:30,日産スタジアム,electronic,female,同行,な,5.0,,番手,2026-09-24 11:27:01,scrape_observed,2026-09-25 01:01:12,,,listing,2,35000,"初期当選/ 2名義中2番手/サイチェン可/すり替え無し/着ブロ希望なし/同一クレカ決済なし/下3桁提示可/有効期限内/

・公演当日会場付近にて開場10〜20分...",True
acw1nekipa,,milesixtones-2026,2026-11-22,16:30,日産スタジアム,electronic,female,同時入場,むー,5.0,,番手,2026-09-24 11:27:01,scrape_observed,2026-09-25 01:01:12,,,listing,2,20683,"⭐️必ず最後までご確認ください⭐️
8名義中5番手　残り当日手渡し2.0/

FC先行 有効期限内/下3桁提示可/ すり替えなし

  ・2連でご購入の場合には...",True
m5xeyc4056,,milesixtones-2026,2026-11-22,16:30,日産スタジアム,electronic,female,同行,Y,5.0,,同行,2026-09-24 11:27:01,scrape_observed,2026-09-25 01:01:12,,,listing,2,40000,"2名義中2番手/プライベート出品にする為ご購入の方はご連絡ください。
FC先行/女性名義/アリツア落選名義/初期当選/着ブロ指定無し/有効期限内/郵便物戻りなし...",True
9ew8x40bq4,,milesixtones-2026,2026-11-22,16:30,日産スタジアム,electronic,female,同時入場,A,5.0,,番手,2026-09-24 11:27:01,scrape_observed,2026-09-25 00:01:19,,,listing,2,40000,"【2名義中2番手／2枚】

初期当選／すり替えなし／有効期限内／下3桁提示可能

・当日は会場付近で待ち合わせのうえ、同時入場していただきます。

・同時入場後...",True
1ri7j85pdc,,milesixtones-2026,2026-11-22,16:30,日産スタジアム,electronic,female,備考必須,ちゃむ,5.0,,番手,2026-09-24 11:27:01,scrape_observed,2026-09-25 01:01:12,,,listing,2,30000,"ご検討されてる方はメッセージください。
別の親と取引中でしたがふたりとも行けなくなってしまいました。親とはこちらのお話を通してありますのでお繋げします。

5名...",True
df14r66kci,,milesixtones-2026,2026-11-22,16:30,日産スタジアム,electronic,female,公演日前日にQRコード共有,m,5.0,,QR,2026-09-24 11:27:01,scrape_observed,2026-09-25 01:01:12,,,listing,2,50000,"初期当選/下3桁提示可能/有効期限内/変更ボタンあり/発送物戻りなし/すり替え重複なし

プラベル通し可

・公演前日にログイン情報の方お伝えいたします。入場後...",True
m7wadlmnqa,,milesixtones-2026,2026-11-22,16:30,日産スタジアム,electronic,none,QR毎(ゲートにより)又は同行,secret,5.0,,QR同行番手,2026-09-24 11:27:01,scrape_observed,2026-09-25 00:01:19,,,listing,2,30000,"🌟4名義中3番手／すり替えなし
全て初期当選、有効期限内、下3桁提示可🌟

購入希望の方はメッセージください。プライベート出品に切り替えます。


公演当日...",True
c4w0jp9c0v,,milesixtones-2026,2026-11-22,16:30,日産スタジアム,electronic,female,ランダム配布,t,5.0,,ランダム,2026-09-24 11:27:01,scrape_observed,2026-09-25 00:01:19,,,listing,1,22000,入場後はチケットを一旦こちらで回収し、当方が座席選択をした後にランダムでお渡し致します。開演10分前までのお渡しです。ご購入者様が座席を選択することはできません...,True
14l565ik3r,,milesixtones-2026,2026-11-22,16:30,日産スタジアム,electronic,none,同行,m,5.0,,同行,2026-09-24 11:27:01,scrape_observed,2026-09-25 01:01:12,,,listing,1,47000,"🌟1名義同行 🌟

ご希望額ご連絡ください。(即以下◎)

プラベル出品に変更するため、ご希望額添えてメッセージお願いいたします。

重複無し同行/発送物戻...",True
s4koot5qs3,,milesixtones-2026,2026-11-22,16:30,日産スタジアム,electronic,female,同行,🌟,4.9,,ランダム,2026-09-24 11:27:01,scrape_observed,2026-09-25 01:01:12,,,listing,4,30000,"【指定席のお譲り】
◎ チケットお取引が初めての方や、慣れていない方もご安心いただけるお取引をいたします。
◎ 入場方法がわからない場合も、当日お会いしてご挨拶...",True
yrhzlcp5k8,,milesixtones-2026,2026-11-22,16:30,日産スタジアム,electronic,female,同行,ら,5.0,,番手,2026-09-24 11:27:01,scrape_observed,2026-09-25 00:01:19,,,listing,2,45000,"初期当選/2名義中2番手/有効期限内/すり替えなし/着ブロ指定なし/下3桁提示可
プライベート出品可能◎

当日、開場の15分前頃にこちらが指定した場所で待ち合...",True
rw69s76ww8,,milesixtones-2026,2026-11-22,16:30,日産スタジアム,electronic,female,同行,na,5.0,,QR番手,2026-09-24 11:27:01,scrape_observed,2026-09-25 01:01:12,,,listing,2,45000,3名義中2番手/下3桁可能,True
vid1l5mkp4,,milesixtones-2026,2026-11-22,16:30,日産スタジアム,electronic,female,同行,s,5.0,,番手,2026-09-24 11:27:01,scrape_observed,2026-09-25 00:01:19,,,listing,2,75000,"5名義中2番手
全て初期当選、有効期限内、下3桁開示可能、すり替えなし、サイチェン可

QRの表示にご協力いただく場合がありますのでその際には持ち逃げ防止の観点...",True
h7o2w65o15,,milesixtones-2026,2026-11-22,16:30,日産スタジアム,electronic,female,前日までにログイン情報共有,しゅ,5.0,,QR,2026-09-24 11:27:01,scrape_observed,2026-09-25 01:01:12,,,listing,2,82000,"FC初期当選 QRごと QR毎 座席未定
プライベート出品に切り替えてのお取引とさせていただきます。
必ず事前にコメントお願いいたします。
すり替えなし/下3桁...",True
r6supnon2d,,milesixtones-2026,2026-11-22,16:30,日産スタジアム,electronic,female,公演前日QRコード共有,R,5.0,,QR,2026-09-24 11:27:01,scrape_observed,2026-09-25 00:01:19,,,listing,1,50000,"FC 初期当選 着ブロ希望なし すり替えなし 有効期限内 同一クレカ決済なし 発送物戻り・停止表示なし ご希望であれば会員番号下3桁提示可能
公演日前日までにロ...",True
1ioa6xkvxd,,milesixtones-2026,2026-11-22,16:30,日産スタジアム,paper,female,当日手渡し,ヌ,5.0,,同行,2026-09-24 11:27:01,scrape_observed,2026-09-25 01:01:12,,,listing,2,300,"⭐️大阪 長居 11/8との交換希望（番手問わず）
→当方のチケット 神奈川 日産 11/22 3名義中3番手 2連
⭐️すり替えなし/下3桁提示可
⭐️都度清...",True
brx9z3snml,,milesixtones-2026,2026-11-22,16:30,日産スタジアム,electronic,female,ランダム配布,💫,5.0,,ランダム,2026-09-24 11:27:01,scrape_observed,2026-09-25 00:01:19,,,listing,2,25000,"・同時入場していただき一度チケットを回収し、開演時間までにランダムでチケットをお渡しします。座席選択はできません。

・複数人で入場するため、QRコードの表示に...",True
8kyykvjkcw,,milesixtones-2026,2026-11-22,16:30,日産スタジアム,electronic,female,同行,な,5.0,,同行,2026-09-24 11:27:01,scrape_observed,2026-09-25 01:01:12,,,listing,1,60000,"当方(25↑京本担)と同行/下3桁提示可/重複すり替えなし/初期当選/有効期限内/着ブロ希望なし/京本担不可/サイチェン不可

アリツ落選/当選歴なし

プライ...",True
onwibk5ap2,,milesixtones-2026,2026-11-22,16:30,日産スタジアム,electronic,female,2名義中2番手,みっきー,5.0,,同行番手,2026-09-24 11:27:01,scrape_observed,2026-09-25 01:01:12,,,listing,2,40000,"FC先行 初期当選 有効期限内名義 下3桁提示可能 Pay-easy決済 2名義中2番手　すり替えなし

・2名義中2番手のお譲りになります。入場後チケットを回...",True
gt9iuiuu85,,milesixtones-2026,2026-11-22,16:30,日産スタジアム,electronic,female,公演前日,C,5.0,,QR,2026-09-24 11:27:01,scrape_observed,2026-09-25 01:01:12,,,listing,1,60000,"プラベル移行可能です
QR毎/初期当選/女性名義/アリツア落選名義/重複すり替えなし/着ブロ希望なし/下3桁提示可能/有効期限内

公演前日にログインに必要な情...",True
k69ep0ugm6,,milesixtones-2026,2026-11-22,16:30,日産スタジアム,electronic,female,同行,a,5.0,,番手,2026-09-24 11:27:01,scrape_observed,2026-09-25 01:01:12,,,listing,2,37000,"⭐️2名義中2番手同行(前回•前々回スタンド名義×2)⭐️
どちらも初期当選、下3桁提示可、有効期限内、すり替えなし、着ブロなし、郵送物戻りなし。

・一部チケ...",True
owc2ulp1ay,,milesixtones-2026,2026-11-22,16:30,日産スタジアム,electronic,female,同行,ｍi,5.0,,番手,2026-09-24 11:27:01,scrape_observed,2026-09-25 01:01:12,,,listing,2,35000,"3名義中2番手

※専用出品、プラベル利用いたしますので購入希望の方はメッセージお願いいたします

すり替えなし/下3桁提示可能/有効期限内

お取引希望の方は...",True
4vsnukzndz,,milesixtones-2026,2026-11-22,16:30,日産スタジアム,electronic,female,公演日前日にログイン情報共有,F,5.0,,QR,2026-09-24 11:27:01,scrape_observed,2026-09-25 01:01:12,,,listing,1,60000,"QR毎/初期当選/アリツア落選名義/初当選/重複すり替えなし/着ブロ希望なし/下3桁提示可能｜有効期限内

公演前日夜にログインに必要な情報をお伝えします。
当...",True
jc07s2qan2,,milesixtones-2026,2026-11-22,16:30,日産スタジアム,electronic,female,前日夜までに待ち合わせ場所共有します,ho9,5.0,,番手,2026-09-24 11:27:01,scrape_observed,2026-09-25 01:01:12,,,listing,2,35000,"2名義中2番手のお譲りになります。

全て初期当選  有効期限内  すり替えなし  下3桁提示可  サイチェン可

同時入場後、こちらでチケットを確認でき次第す...",True
0auexbsqc0,,milesixtones-2026,2026-11-22,16:30,日産スタジアム,electronic,female,同行,ゆ,5.0,,同行,2026-09-24 11:27:01,scrape_observed,2026-09-25 01:01:12,,,listing,1,60000,"初期当選 有効期限内 重複なし同行 すり替えなし 

当日開場10分前に会場付近にて集合し同時入場していただきます
いかなる場合も返金不可です
20歳以上日本語...",True
oeobqdkxj0,,milesixtones-2026,2026-11-22,16:30,日産スタジアム,electronic,none,公演日当日にQRコード共有,めんた,5.0,,QR,2026-09-24 11:27:01,scrape_observed,2026-09-25 01:01:12,,,listing,2,61111,"FC先行 座席未定QR／／重複・すり替えなし／／有効期限内
公演日に連絡ボードにて必要な情報をお伝えします。
お席に関するクレーム・送金停止は一切お受け致しかね...",True
96gpol7s69,,milesixtones-2026,2026-11-22,16:30,日産スタジアム,electronic,none,QR毎(ゲートにより)又は同行,secret,5.0,,QR同行番手,2026-09-24 11:27:01,scrape_observed,2026-09-25 00:01:19,,,listing,2,35000,"🎀4名義中2番手／すり替えなし
全て初期当選、有効期限内、下3桁提示可🎀

公演当日、最寄駅または会場付近にて待ち合わせし、同時入場していただきます。
詳し...",True
86chfetwi3,,milesixtones-2026,2026-11-22,16:30,日産スタジアム,electronic,female,同時入場,あ,5.0,,番手,2026-09-24 11:27:01,scrape_observed,2026-09-25 01:01:12,,,listing,1,33000,"4名義中3番手/初期当選/有効期限内/すり替えなし/下3桁提示可/着ブロなし

2連中の1枚、4名義全て2連です。

プライベート出品いたしますので、購入希望の...",True
cazywh3m8v,,milesixtones-2026,2026-11-22,16:30,日産スタジアム,electronic,female,QRごと,ねこ,5.0,,QR,2026-09-24 11:27:01,scrape_observed,2026-09-25 01:01:12,,,listing,1,80000,"QR毎/初期当選/アリツア落選名義/重複すり替えなし/着ブロ希望なし/下3桁提示可能｜有効期限内

公演前日夜にログインに必要な情報をお伝えします。
当日は速や...",True
mnu8337yof,,milesixtones-2026,2026-11-22,16:30,日産スタジアム,electronic,female,同行,u,5.0,,番手,2026-09-24 11:27:01,scrape_observed,2026-09-25 00:01:19,,,listing,2,65000,"6名義中2番手/すり替えなし/下3桁提示可能/有効期限内名義

2連優先

プライベート出品に切り替えますので
お取引希望の方はメッセージお願いいたします。...",True
jiisldvi47,,milesixtones-2026,2026-11-22,16:30,日産スタジアム,electronic,female,同時入場,mi,5.0,,ランダム,2026-09-24 11:27:01,scrape_observed,2026-09-25 01:01:12,,,listing,1,25000,"プラベルにて再度出品いたしますので、お取引希望の方はメッセージにてご連絡ください。

【条件あり】
チケットを複数所持しております。同時入場後にチケットを一旦回...",True
fztp07meic,,milesixtones-2026,2026-11-22,16:30,日産スタジアム,electronic,female,同行,るる,5.0,,同行番手,2026-09-24 11:27:01,scrape_observed,2026-09-25 01:01:12,,,listing,1,42000,"2名義中1番手同行

ご入場後、すべてのチケットを一度回収させていただき、当方が座席を選択した後、チケットお渡しさせて頂きます。

公演当日会場付近にて待ち合わ...",True
6wad8kbj8j,,milesixtones-2026,2026-11-22,16:30,日産スタジアム,electronic,female,同行,りりり,5.0,,番手,2026-09-24 11:27:01,scrape_observed,2026-09-25 00:01:19,,,listing,1,46000,"2名義中2番手 1枚(2連×2)
初期当選/すり替え無し/有効期限内/下3桁提示可能

・当日は会場付近で待ち合わせし、同時入場して頂きます。 
・同時入場後、...",True
njekq4z8z1,,milesixtones-2026,2026-11-22,16:30,日産スタジアム,electronic,female,同行,りー,5.0,,ランダム,2026-09-24 11:27:01,scrape_observed,2026-09-25 00:01:19,,,listing,2,22000,"ランダム配布
お席によってはそのままお渡し
上乗せにて早渡し または
11名義中5~11番手 金額によって番手検討

・開場1時間〜30分前に会場付近にてお待ち...",True
cgclz9atkf,,milesixtones-2026,2026-11-22,16:30,日産スタジアム,electronic,female,同行,A,5.0,,番手,2026-09-24 11:27:01,scrape_observed,2026-09-25 00:01:19,,,listing,2,50000,"5名義中3番手 すり替えなし 下3桁提示可

・入場後1度チケットを回収し解散、座席の確認が出来次第再集合し座席を選択していただきます。
・入場はお連れ様と分か...",True
trehln8ico,,milesixtones-2026,2026-11-22,16:30,日産スタジアム,electronic,female,同行,tan,5.0,,ランダム,2026-09-24 11:27:01,scrape_observed,2026-09-25 01:01:12,,,listing,1,25000,"⭐︎少人数ランダム⭐︎

※プラベルで専用出品致しますので、メッセージお願い致します。
公演当日、開場20分前を目安に会場付近で待ち合わせをし、同時入場をしてい...",True
9s3nnllq83,,milesixtones-2026,2026-11-22,16:30,日産スタジアム,electronic,female,公演日前日までにログイン情報共有,R,5.0,,QR,2026-09-24 11:27:01,scrape_observed,2026-09-25 01:01:12,,,listing,2,59000,"QR毎/初期当選/アリツア落選名義/重複すり替えなし/着ブロ希望なし/下3桁提示可能/有効期限内/発送物戻りなし/過去エラーなし

2024年落選
2025年ス...",True
gygn063vw2,,milesixtones-2026,2026-11-22,16:30,日産スタジアム,electronic,female,同行,ゆ,5.0,,番手,2026-09-24 11:27:01,scrape_observed,2026-09-25 01:01:12,,,listing,2,40000,"初期当選/有効期限内/すり替えなし/3名義中2番手/下3桁提示可/着ブロ含まず

・当日はこちらが指定した場所にて開場15分前に待ち合わせし、同時入場していただ...",True
fjrfavw2s6,,milesixtones-2026,2026-11-22,16:30,日産スタジアム,electronic,female,同行,api,5.0,,同行番手,2026-09-24 11:27:01,scrape_observed,2026-09-25 00:01:19,,,listing,2,32000,"2名義中2番手でのお譲りになります。

出品消去されてしまったため、再出品。申し訳ございませんがコメントしていただいていた方、再度ご連絡いただけると助かります。...",True
8q1em4hntw,,milesixtones-2026,2026-11-22,16:30,日産スタジアム,electronic,female,同時入場,mi,5.0,,番手,2026-09-24 11:27:01,scrape_observed,2026-09-25 01:01:12,,,listing,2,45000,"プラベルにて再度出品いたしますので、お取引希望の方はメッセージにてご連絡ください。

【条件あり】
5名義中3番手、1.2番手除く残りの3名義より座席を選択でき...",True
sb2zha2iu0,,milesixtones-2026,2026-11-22,16:30,日産スタジアム,electronic,female,ランダム配布,💫,5.0,,ランダム記載あり,2026-09-24 11:27:01,scrape_observed,2026-09-25 01:01:12,,,listing,1,24000,・同時入場していただき一度チケットを回収し、開演時間までにランダムでチケットをお渡しします。座席選択はできません。席次第で入場してすぐお渡しする可能性あります。...,True
exddbb9c34,,milesixtones-2026,2026-11-22,16:30,日産スタジアム,electronic,none,同行,ち,5.0,,ランダム,2026-09-24 11:27:01,scrape_observed,2026-09-25 00:01:19,,,listing,2,21000,"ランダム配布

⚠️プライベート出品にするのでコメントください

ランダム配布にご理解がある方のみお願いします。

複数名義所持してますのでこちらで選択後チケッ...",True
2op2khpd5z,,milesixtones-2026,2026-11-22,16:30,日産スタジアム,electronic,female,同行,しゅ,5.0,,同行,2026-09-24 11:27:01,scrape_observed,2026-09-25 01:01:12,,,listing,1,75000,"アリツ落選名義/初期当選/重複、すり替えなし

当方との同行となります。

公演中止以外のいかなる場合においても返金不可です。",True
7gnc2v63t2,,milesixtones-2026,2026-11-22,16:30,日産スタジアム,electronic,female,同行,poy,5.0,,ランダム,2026-09-24 11:27:01,scrape_observed,2026-09-25 01:01:12,,,listing,2,25000,当日は開場時間の30分前頃を目安にこちらが指定した場所に集合していただき同時入場後、先に当方が座席選択した後チケットをランダムにお渡しします。ご購入者様は座席選...,True
y373vgh0x1,,milesixtones-2026,2026-11-22,16:30,日産スタジアム,electronic,female,同行,m,5.0,,番手,2026-09-24 11:27:01,scrape_observed,2026-09-25 01:01:12,,,listing,2,60000,"4名義中2番手2連

代表名義の下3桁提示可/ランエラ一部返金可/全名義期限内/すり替えなし

※バラとしての8枚中3.4枚目、一部手渡しも可能です。購入前にコ...",True
pibdtwppvp,,milesixtones-2026,2026-11-22,16:30,日産スタジアム,electronic,female,同行,M,5.0,,同行番手,2026-09-24 11:27:01,scrape_observed,2026-09-25 01:01:12,,,listing,2,46000,"2名義中2番手/FC先行/初期当選/有効期限期限内

日本語の話せる方、成人済みの方のみご購入下さい。",True
i2bb5bsw8j,,milesixtones-2026,2026-11-22,16:30,日産スタジアム,electronic,female,公演前日にQRコード共有,りい,5.0,,ランダム記載あり,2026-09-24 11:27:01,scrape_observed,2026-09-25 01:01:12,,,listing,1,90000,"ファンクラブ先行 座席未定 初期当選 
アリツア落選名義  QRごと 有効期限内 
コンビニ決済 重複すり替えなし 
着ブロ指定なし 3桁提示可
過去エラーなし...",True
lyn7rq7bei,,milesixtones-2026,2026-11-22,16:30,日産スタジアム,electronic,female,同行,u,5.0,,番手,2026-09-24 11:27:01,scrape_observed,2026-09-25 00:01:19,,,listing,2,45000,"6名義中3番手/すり替えなし/下3桁提示可能/有効期限内名義

2連優先

プライベート出品に切り替えますので
お取引希望の方はメッセージお願いいたします。...",True
w57llaabg7,,milesixtones-2026,2026-11-22,16:30,日産スタジアム,electronic,female,同行,り,5.0,,同行番手,2026-09-24 11:27:01,scrape_observed,2026-09-25 01:01:12,,,listing,2,35000,"2名義重複/2番手2連/座種未定/初期当選/すり替えなし/下3桁提示可能/公演日有効期限内

※開示懸念のため1部サイト優先。
お話まとまり次第専用またはプラベ...",True
laat5fz9ak,,milesixtones-2026,2026-11-22,16:30,日産スタジアム,electronic,female,同行,取引,4.6,,QR同行番手ランダム,2026-09-24 11:27:01,scrape_observed,2026-09-25 01:01:12,,,listing,1,42000,"期限内/アリツア落選名義/過去エラーなし/下3桁提示可能 

  ランダムエラーや本人確認、体調不良、メンバー不在、交通機関の遅延などで入場できなかった場合でも...",True
sk4apre9r7,,milesixtones-2026,2026-11-22,16:30,日産スタジアム,electronic,female,公演日前日にログイン情報をお伝え致します,M,5.0,,QR,2026-09-24 11:27:01,scrape_observed,2026-09-25 01:01:12,,,listing,2,53000,"FC初期当選 QRごと 有効期限内 アリツア落選名義 QR毎 座席未定
プライベート出品に切り替えてのお取引となります。
必ず事前にコメントください。
すり替え...",True
kb4gglrvvb,,milesixtones-2026,2026-11-22,16:30,日産スタジアム,electronic,none,ランダム配布,ゆゆゆ,4.8,,ランダム,2026-09-24 11:27:01,scrape_observed,2026-09-25 01:01:12,,,listing,2,30000,"◎お取引初心者の方でも安心してお取引できるよう対応いたします。分からないことがあればお気軽にご質問ください。

下記内容をよくお読みいただき理解した上でご購入く...",True
bprfu4jurj,,milesixtones-2026,2026-11-22,16:30,日産スタジアム,electronic,female,同時入場,rna,5.0,,番手,2026-09-24 11:27:01,scrape_observed,2026-09-25 01:01:12,,,listing,2,45000,"即5.0/FC先行/7名義中4番手/すり替えなし/下3桁提示可/初期当選のみ/有効期限内

・当日は会場付近の指定した場所に時間厳守で集合していただきます。開場...",True
ngu93hehzk,,milesixtones-2026,2026-11-22,16:30,日産スタジアム,electronic,female,同行,A,5.0,,番手,2026-09-24 11:27:01,scrape_observed,2026-09-25 01:01:12,,,listing,2,45000,"FC先行 有効期限内　下3桁提示可  5名義中4番手　すり替えなし

・入場後1度チケットを回収し解散、座席の確認が出来次第再集合し座席を選択していただきます。...",True
d1t0vbflyg,,milesixtones-2026,2026-11-22,16:30,日産スタジアム,electronic,female,同行,❤︎Y,4.8,,同行,2026-09-24 11:27:01,scrape_observed,2026-09-25 01:01:12,,,listing,2,45000,FC先行 座席未定　3名義中の2番手　下3桁掲示可能　Pay-easy支払い　すり替え無し　初期当選　有効期限内　発送物戻りなし　着ブロ指定なし 2026年11...,True
vdlqa27s0n,,milesixtones-2026,2026-11-22,16:30,日産スタジアム,electronic,female,同行,rn,5.0,,同行,2026-09-24 11:27:01,scrape_observed,2026-09-24 18:01:22,,,listing,1,40000,"重複すり替え無し / 初期当選 / 有効期限内 / 下三桁提示可 / アリツア落選名義
⚠️松村担不可

当方と同行となります。
同日、会場周辺に集合いただき同...",True
k8urz6li5u,,milesixtones-2026,2026-11-22,16:30,日産スタジアム,electronic,female,公演日3日前までにQRコード共有,y,5.0,,QR,2026-09-24 11:27:01,scrape_observed,2026-09-25 01:01:12,,,listing,1,70000,"FC先行/座席未定/QR毎/重複すり替えなし/下3桁提示可能/期限内/着ブロ無し/サイチェン不可

入場後即ログアウト、ログアウト画面のスクリーンショットのご提...",True
70d2x9aikm,,milesixtones-2026,2026-11-22,16:30,日産スタジアム,electronic,female,当日発券,ma,5.0,,番手,2026-09-24 11:27:01,scrape_observed,2026-09-25 01:01:12,,,listing,2,35000,"2名義中2番手/FC先行/有効期限内名義/すり替え無し/下3桁提示可能/アリツ落選名義

プライベートモードに切替えるためお取引希望の為希望者の方はメッセージお...",True
n17yp5k6zw,,milesixtones-2026,2026-11-22,16:30,日産スタジアム,electronic,female,同行,Ko,5.0,,番手,2026-09-24 11:27:01,scrape_observed,2026-09-25 01:01:12,,,listing,2,40000,"初期当選/4名義中3番手/有効期限内/下3桁提示可能、すり替えなし/着ブロ希望なし/本人確認不可

4名義中の3番手のチケットです。
公演当日は会場付近にて開場...",True
r2889jqv7u,,milesixtones-2026,2026-11-22,16:30,日産スタジアム,electronic,female,同時入場,ぴか,5.0,,番手,2026-09-24 11:27:01,scrape_observed,2026-09-25 01:01:12,,,listing,1,80000,"※プラベル出品に切り替えますので必ず担当とともに購入の旨ご連絡ください。

有効期限内　8名義中2名義目　本人確認不可　サイチェン不可　いかなる場合も返金不可...",True
vnjkgo7em8,,milesixtones-2026,2026-11-22,16:30,日産スタジアム,electronic,female,同行,み,5.0,,同行,2026-09-24 11:27:01,scrape_observed,2026-09-25 00:01:19,,,listing,1,60000,"プライベート出品にて取引させて頂きますので、ご購入の方はメッセージお願い致します。

有効期限内/アリツア落選名義/下三桁提示可/初期当選/重複すり替えなし/着...",True
qll1kox9de,,milesixtones-2026,2026-11-22,16:30,日産スタジアム,electronic,female,当日同時入場,ね,5.0,,番手,2026-09-24 11:27:01,scrape_observed,2026-09-25 01:01:12,,,listing,2,35000,"4名義中3番手
初期当選/有効期限内/すり替えなし/着ブロ指定なし/下3桁提示可/本人確認不可

・開場時間に会場付近での待ち合わせを予定しています。時間厳守に...",True
88ro8ye0sv,,milesixtones-2026,2026-11-22,16:30,日産スタジアム,electronic,female,同行,み,5.0,,同行,2026-09-24 11:27:01,scrape_observed,2026-09-25 01:01:12,,,listing,1,45000,"プライベート出品にて取引させて頂きますので、ご購入の方はメッセージお願い致します。

有効期限内/アリツア落選名義/下三桁提示可/初期当選/重複すり替えなし/着...",True
6dbe4ei5iu,,milesixtones-2026,2026-11-22,16:30,日産スタジアム,electronic,female,同時入場,K⭐️,5.0,,番手,2026-09-24 11:27:01,scrape_observed,2026-09-24 13:01:20,,,listing,1,30000,"2名義中2番手　1枚
⭐️20万代名義(アリツ落選)
⭐️前回スタンド名義
初期当選/有効期限内/すり替えなし/下3桁提示可能/サイチェン可
＊公演中止以外の返金、キャンセル
（ランダムエラー、交通機関の遅延等）対応はいたしかねますので、ご了承ください。
＊お席のクレームはお受けすることできません。また、立見の可能性もご了承ください。もし立見でキャンセルされる場合は、受け取り評価していただきます。返金不可。
＊当日入場後は一度チケットをお預かりします。こちらが座席選択後にチケットをお渡し致します。その際に受取評価お願い致します。
＊買い手様にお席の選択権はございませんがお渡し後はサイチェンしていただいて構いません。(慣れている方のみ。うまくしてください。)万が一入場できない場合も受け取り評価をしていただきます。
＊入場時身分証をお預かりさせていただく場合がございます。チケットと引き換えに返却いたします。ご了承ください。
＊日本語のわかる女性のみお取引よろしくお願いいまします。
＊ご購入が決まればプラベルに変更致します",True
cnu7ik1ok2,,milesixtones-2026,2026-11-22,16:30,日産スタジアム,electronic,female,同行,333,4.9,,ランダム,2026-09-24 11:27:01,scrape_observed,2026-09-25 01:01:12,,,listing,1,20683,⭐️開示対策の為プライベート出品に切り替えますのでご希望の方は⚠️リクエストではなく個別メッセージお願いいたします⭐️中相場での買取、上乗せにて早渡しも可能です...,True
8ruxw0y9e9,,milesixtones-2026,2026-11-22,16:30,日産スタジアム,electronic,female,同行,na,5.0,,QR番手,2026-09-24 11:27:01,scrape_observed,2026-09-25 01:01:12,,,listing,2,40000,3名義中3番手/下3桁可能,True
yd2r2sn3ec,,milesixtones-2026,2026-11-22,16:30,日産スタジアム,electronic,female,公演前日にログイン情報共有,s,5.0,,ランダム記載あり,2026-09-24 11:27:01,scrape_observed,2026-09-25 01:01:12,,,listing,2,0,"QR毎/初期当選/重複すり替えなし/前座席スタンド/着ブロ希望なし/下3桁提示可能/有効期限内/発送物戻りなし

公演前日夜にログインに必要な情報をお伝えします...",True
yf63l21xve,,milesixtones-2026,2026-11-22,16:30,日産スタジアム,electronic,female,同行,m,5.0,,番手同行,2026-09-24 11:27:01,scrape_observed,2026-09-25 01:01:12,,,listing,1,25000,"✍️プライベート出品いたしますので取引希望の際はメッセージをお願いします。
3名義中3番手／下3桁提示可能/有効期限内/すり替えなし
公演当日は開場時間1時間前...",True
uhtoywnb75,,milesixtones-2026,2026-11-22,16:30,日産スタジアム,electronic,female,同行,ゆ,5.0,,番手,2026-09-24 11:27:01,scrape_observed,2026-09-25 00:01:19,,,listing,2,50000,"6名義中3番手/すり替えなし/下3桁提示可/過去エラーなし/全て有効期限内/同一クレカ決済なし/発送物戻り名義なし/初期当選
※プライベート出品に切り替えさせて...",True
urcz9momnz,,milesixtones-2026,2026-11-22,16:30,日産スタジアム,electronic,female,3名義中3番手,あ♡,5.0,,番手,2026-09-24 11:27:01,scrape_observed,2026-09-24 15:01:17,,,listing,1,25000,"3名義中3番手(バラ売り可)
※プラベルもしくはプライベート出品しますので、購入希望の方は事前にご連絡ください。

必ず最後までお読みください。
ご購入頂いた時...",True
lc7yz55aiv,,milesixtones-2026,2026-11-22,16:30,日産スタジアム,electronic,none,ランダム配布,sss,5.0,,ランダム,2026-09-24 11:27:01,scrape_observed,2026-09-25 00:01:19,,,listing,1,21800,"ランダム配布のため買い手様自身では座席をお選び出来ません。
公演当日は開場時間30~40分前に会場付近にて待ち合わせし、同時入場していただきます。
当日手渡しの...",True
ofa4mk9t1e,,milesixtones-2026,2026-11-22,16:30,日産スタジアム,electronic,female,QRごと,💫,5.0,,QR,2026-09-24 11:27:01,scrape_observed,2026-09-25 01:01:12,,,listing,2,52000,"初期当選/QR毎/重複すり替えなし/有効期限内/着ブロ希望なし/下3桁提示可

公演日前日に連絡ボードにてログイン情報をお伝えします。

公演中止以外の如何なる...",True
k8omq7oyjw,,milesixtones-2026,2026-11-22,16:30,日産スタジアム,electronic,female,4名義中3番手,れの,5.0,,番手,2026-09-24 11:27:01,scrape_observed,2026-09-25 01:01:12,,,listing,2,30000,4名義中3番手/該当名義/初期当選/すり替えなし/下3桁提示可/有効期限内 / 発送物戻りなし/着ブロ希望なし/サイチェン可/本人確認不可/Pay-easy入金...,True
nxg5znerdr,,milesixtones-2026,2026-11-22,16:30,日産スタジアム,electronic,none,QR毎又は番手,secret,5.0,,QR同行番手,2026-09-24 11:27:01,scrape_observed,2026-09-25 00:01:19,,,listing,2,32000,"🤎4名義中2番手／すり替えなし
全て初期当選、有効期限内、下3桁提示可🤎

公演当日、最寄駅または会場付近にて待ち合わせし、同時入場していただきます。
詳し...",True
c2sl9qtrdq,,milesixtones-2026,2026-11-22,16:30,日産スタジアム,electronic,female,当日,あ,5.0,,ランダム記載あり,2026-09-24 11:27:01,scrape_observed,2026-09-25 00:01:19,,,listing,2,25000,"ランダム配布

以下の内容に全てご同意いただける方でお願いいたします。また、購入いただいた時点でご同意いただいたとみなします。

・公演当日は開演2時間前（14...",True
skfm0uvig3,,milesixtones-2026,2026-11-22,16:30,日産スタジアム,electronic,female,前日の21時までにログイン情報をお伝えします,り,5.0,,QR,2026-09-24 11:27:01,scrape_observed,2026-09-25 01:01:12,,,listing,2,68500,"【QRごと2枚連番】☆ご希望であればプライベート出品に変更しますので購入前に必ずメッセージをお願いいたします。

・下3桁開示可能 有効期限内
・ 同一クレカ、...",True
x69v5ichnq,,milesixtones-2026,2026-11-22,16:30,日産スタジアム,electronic,female,連絡ボード,k,5.0,,番手,2026-09-24 11:27:01,scrape_observed,2026-09-25 01:01:12,,,listing,2,35000,"2名義中2番手
・取引確定後プライベート出品に変更致しますので必ずご連絡下さい。

初期当選/下３桁提示/有効期限内/すり替え無/過去エラー無/着ブロ指定なし/...",True
6wklb93m9g,,milesixtones-2026,2026-11-22,16:30,日産スタジアム,electronic,female,ランダム,ゆ,5.0,,ランダム,2026-09-24 11:27:01,scrape_observed,2026-09-25 01:01:12,,,listing,1,30000,"少人数ランダム配布

サイト通し1手渡しにて2にてご対応頂ける方のみご購入ください。

上乗せにて早渡し🉑中相場買取🉑

公演当日は開場時間の1時間ほど前ま...",True
rnr0jn6nm4,,milesixtones-2026,2026-11-22,16:30,日産スタジアム,electronic,female,同行,y,5.0,,番手,2026-09-24 11:27:01,scrape_observed,2026-09-25 00:01:19,,,listing,2,35000,"2名義中2番手/初期当選/下3桁提示可/有効内/郵送物戻り無し/すり替え無し

※プラベル出品に移行いたしますので、ご購入希望の方はご連絡ください。

同時入場...",True
sovhqfn5zc,,milesixtones-2026,2026-11-22,16:30,日産スタジアム,electronic,female,同行,u,5.0,,番手,2026-09-24 11:27:01,scrape_observed,2026-09-25 00:01:19,,,listing,2,30000,"6名義中4番手/すり替えなし/下3桁提示可能/有効期限内名義

2連優先

プライベート出品に切り替えますので
お取引希望の方はメッセージお願いいたします。...",True
ofgcj22rg0,,milesixtones-2026,2026-11-22,16:30,日産スタジアム,electronic,female,同行,SJI,5.0,,QR同行,2026-09-24 11:27:01,scrape_observed,2026-09-25 01:01:12,,,listing,1,42000,"同行／重複すり替え🈚️／FC先行／下3桁提示🉑／着ブロ希望🈚️／有効期限内名義／アリツア落選名義／初期当選

* 当方と同行になります。
*  日本人女性...",True
8i4oxi89lp,,milesixtones-2026,2026-11-22,16:30,日産スタジアム,electronic,female,公演日1日前にQRコード共有,ララ,5.0,,QR,2026-09-24 11:27:01,scrape_observed,2026-09-25 01:01:12,,,listing,2,60000,"FC初期当選 QRごと QR毎 座席未定
プラベルorプライベート出品に切り替えてのお取引となります。
必ず事前にコメントください。
すり替えなし/下3桁提示可...",True
2q871xxap6,,milesixtones-2026,2026-11-22,16:30,日産スタジアム,electronic,female,4名義中2番手,れの,5.0,,番手,2026-09-24 11:27:01,scrape_observed,2026-09-25 01:01:12,,,listing,2,47000,4名義中2番手/該当名義/初期当選/すり替えなし/下3桁提示可/有効期限内 / 発送物戻りなし/着ブロ希望なし/サイチェン可/本人確認不可/Pay-easy入金...,True
iitvoujf15,,milesixtones-2026,2026-11-22,16:30,日産スタジアム,electronic,female,同行,M,5.0,,ランダム,2026-09-24 11:27:01,scrape_observed,2026-09-25 00:01:19,,,listing,2,21000,"【ランダム配布】
お取引はプラベルにて行いますのでご購入の際は中相場買取予定の有無と共にコメントいただきますようお願いいたします。
チケテンご希望の場合は手数料...",True
6wtv1t1jdm,,milesixtones-2026,2026-11-22,16:30,日産スタジアム,paper,female,当日手渡し,R,5.0,,番手,2026-09-24 11:27:01,scrape_observed,2026-09-25 01:01:12,,,listing,1,45000,"7名義中3番手（京本担不可）
 番手理解ある方のみご購入くださいま
せ。
当日は会場45分前を目安に指定の場所へお越しくださいますようお願いいたします。
入場前...",True
pzuyr5r4x4,,milesixtones-2026,2026-11-22,16:30,日産スタジアム,electronic,female,QRごと,💫,5.0,,QR,2026-09-24 11:27:01,scrape_observed,2026-09-25 01:01:12,,,listing,2,55000,"初期当選/QR毎/重複すり替えなし/有効期限内/着ブロ希望なし/下3桁提示可

公演日前日に連絡ボードにてログイン情報をお伝えします。

公演中止以外の如何なる...",True
ps0wk5y8uf,,milesixtones-2026,2026-11-22,16:30,日産スタジアム,electronic,female,ランダム配布,💫,5.0,,ランダム記載あり,2026-09-24 11:27:01,scrape_observed,2026-09-25 00:01:19,,,listing,2,25000,・同時入場していただき一度チケットを回収し、開演時間までにランダムでチケットをお渡しします。座席選択はできません。席次第で入場してすぐお渡しする可能性あります。...,True
1cd30xzyo1,,milesixtones-2026,2026-11-22,16:30,日産スタジアム,electronic,female,同行,な,5.0,,同行,2026-09-24 11:27:01,scrape_observed,2026-09-25 01:01:12,,,listing,1,0,"FC先行 / 重複なし同行 / 初期当選 / 有効期限内 /下3桁提示可 / プライベート出品可 

即6.0

・当日指定した時間に会場付近で待ち合わせ、同時...",True
209skx4gah,,milesixtones-2026,2026-11-22,16:30,日産スタジアム,electronic,female,同行,ぴよ,5.0,,同行,2026-09-24 11:27:01,scrape_observed,2026-09-25 01:01:12,,,listing,1,65000,"重複すり替えなし同行/松村担不可/着ブロ希望無し/下三桁提示可能/有効期限内/初期当選/本人確認不可/サイチェン可

・公演当日は開場時間20~30分前に会場付...",True
d3hhr665v2,,milesixtones-2026,2026-11-22,16:30,日産スタジアム,electronic,female,サイトで先払い6.0になります。当日に手渡し1.0となります。計7万のお取引となります。ご注意ください,ふみ,5.0,,同行,2026-09-24 11:27:01,scrape_observed,2026-09-25 01:01:12,,,listing,1,60000,"当方、松村担の同行になります。
計7万のお取引です。先払いと当日手渡しになります。",True
qqchexr5wq,,milesixtones-2026,2026-11-22,16:30,日産スタジアム,electronic,female,2名義中2番手,す,5.0,,番手,2026-09-24 11:27:01,scrape_observed,2026-09-25 01:01:12,,,listing,2,53000,"2名義とも初期当選/2名義とも初当選/すり替え無し/有効期限内/下3桁提示可/サイチェン可

会場付近は電波が悪い可能性がございますので購入後に電話番号のご提示...",True
ccnuxjyzps,,milesixtones-2026,2026-11-22,16:30,日産スタジアム,electronic,female,当日手渡し,m,5.0,,番手,2026-09-24 11:27:01,scrape_observed,2026-09-25 01:01:12,,,listing,2,50000,"4名義中2番手／すり替えなし／初期当選

【条件あり】
・チケットを複数所持しております。入場時は10名程度でまとまって入場する予定です。

・同時入場後、チケ...",True
pfldv7gv1e,,milesixtones-2026,2026-11-22,16:30,日産スタジアム,electronic,female,同行,り,4.6,,同行,2026-09-24 11:27:01,scrape_observed,2026-09-25 01:01:12,,,listing,1,70000,"下三桁提示可能/有効期限内/初期当選/重複すり替えなし/本人確認不可/サイチェン可

・公演当日は開場時間に会場付近で待ち合わせをし、同時入場していただきます。...",True
0memgvjbv3,,milesixtones-2026,2026-11-22,16:30,日産スタジアム,electronic,female, 公演日前日(18:00以降)にログイン情報をお貸しします,MJGA,5.0,,QR,2026-09-24 11:27:01,scrape_observed,2026-09-25 01:01:12,,,listing,2,95000,"FC初期当選/有効期限内/下3桁提示可/すり替えなし/初当選(当選履歴なし)/着席ブロック希望なし

・公演日前日(18:00以降)になりましたら、ログイン情報...",True
7bd556cx7k,,milesixtones-2026,2026-11-22,16:30,日産スタジアム,electronic,female,ランダム,あお,5.0,,ランダム,2026-09-24 11:27:01,scrape_observed,2026-09-25 01:01:12,,,listing,2,25000,"ランダム配布 コンビニ決済
公演当日、開場時間30分前に最寄駅または会場付近で待ち合わせし、同時入場していただきます。

詳しい待ち合わせ時間・場所等は公演前日...",True
s9g1hy0i8s,,milesixtones-2026,2026-11-22,16:30,日産スタジアム,electronic,female,当日手渡し,m,5.0,,番手,2026-09-24 11:27:01,scrape_observed,2026-09-25 01:01:12,,,listing,2,40000,"4名義中3番手／すり替えなし／初期当選

【条件あり】
・チケットを複数所持しております。入場時は10名程度でまとまって入場する予定です。

・同時入場後、チケ...",True
3im7f730tk,,milesixtones-2026,2026-11-22,16:30,日産スタジアム,electronic,female,同行,💙,5.0,,番手同行,2026-09-24 11:27:01,scrape_observed,2026-09-25 00:01:19,,,listing,1,35000,"4名義中3番手 残り1枚
下3桁提示可すり替えなし
・プライベート出品に変更致しますので希望額と枚数をメッセージでお気軽にお伝えください。不明点等は必ず購入前に...",True
7gzpxt8zk5,,milesixtones-2026,2026-11-22,16:30,日産スタジアム,electronic,female,同行,💙,5.0,,番手同行,2026-09-24 11:27:01,scrape_observed,2026-09-24 11:27:01,,,listing,2,30000,"4名義中3番手
・プライベート出品に変更致しますので希望額と枚数をメッセージでお気軽にお伝えください。不明点等は必ず購入前に確認お願い致します。
すり替えなし下3桁提示可/前回スタンドまたは初当選のみの4名義/全てアリツア落選名義/諸々不備・傷なし
・当日は同時入場して頂きます
・取引成立後いかなる理由があってもキャンセル不可です。交通の乱れ、ランダムエラー、出演者や買い手様の体調不良などいかなる理由があっても必ず受け取り評価して頂きます",True
y3w1zat90t,,milesixtones-2026,2026-11-22,16:30,日産スタジアム,electronic,female,公演日前日にQRコード共有,らら,5.0,,QR,2026-09-24 11:27:01,scrape_observed,2026-09-25 01:01:12,,,listing,2,80000,"QR毎/初期当選/初当選(当選履歴なし)/重複すり替えなし/着ブロ希望なし/下3桁提示可能/有効期限内/発送物戻りなし

公演前日夜にログインに必要な情報をお伝...",True
bdddzdyg4p,,milesixtones-2026,2026-11-22,16:30,日産スタジアム,electronic,female,ランダム配布,J,5.0,,ランダム,2026-09-24 11:27:01,scrape_observed,2026-09-25 00:01:19,,,listing,2,21111,"プライベート出品にしますので購入前に希望枚数ご連絡ください。
・ランダム配布となりますのでご理解のある方のみご購入ください。
・開場30〜40分前(13:50〜...",True
qg1peujaib,,milesixtones-2026,2026-11-22,16:30,日産スタジアム,electronic,female,同行,⭐︎,5.0,,番手,2026-09-24 11:27:01,scrape_observed,2026-09-25 00:01:19,,,listing,2,36000,"4名義中3番手
有効期限内、下三桁提示可、すり替えなし

・複数の方にお集まり頂くため時間厳守でお願いします。購入者様が大幅に時間が遅れてしまう場合、待たずに入...",True
g1n2occtq1,,milesixtones-2026,2026-11-07,17:00,ヤンマースタジアム長居,electronic,female,同行,333,4.9,,番手,2026-09-24 13:01:20,scrape_observed,2026-09-25 00:01:19,,,listing,2,29000,"⭐️開示対策の為プライベート出品に切り替えますのでご希望の方は⚠️リクエストではなく個別メッセージお願いいたします⭐️

10名義中9番手。
公演当日は会場付近...",True
ztr6pwfw64,,milesixtones-2026,2026-11-07,17:00,ヤンマースタジアム長居,electronic,female,同行,333,4.9,,番手,2026-09-24 13:01:20,scrape_observed,2026-09-25 00:01:19,,,listing,2,30000,"⭐️開示対策の為プライベート出品に切り替えますのでご希望の方は⚠️リクエストではなく個別メッセージお願いいたします⭐️

10名義中8番手。
公演当日は会場付近...",True
10gqx1pih7,,milesixtones-2026,2026-11-22,16:30,日産スタジアム,electronic,female,同行,ぴ,5.0,,,2026-09-24 13:01:20,scrape_observed,2026-09-24 13:01:20,,,listing,2,28000,"3名義中3番手/下3桁開示可能/全て初期当選/有効期限内/Pay-easy決済
【集合】
・集合時間厳守でお願いします。
・連番の方は必ず連番チケットをお渡しします。
【入場後】
・発券後、当方2枚、2番手2枚を選択後、残りのチケットをお渡しします。お渡し後、受取通知をお願いいたします。
・購入者様に座席選択権はございません。
・単番購入の場合は、先に購入された方から連番内の座席を選択していただきます。
【注意事項】
・購入後の座席に関するクレームは一切お受けいたしません。
・購入者様都合の遅刻・キャンセル等、いかなる理由でも返金対応はいたしかねます。遅刻の場合も受取通知をお願いいたします。
・本人確認、QRエラー、体調不良、交通トラブル等による取引成立後のキャンセル・送金停止依頼はお受けできません。
・公演中止の場合のみ、手数料を差し引いた全額を返金いたします。
・トラブル防止のため、日本語でのやり取りに問題のない成人女性の方のみご購入ください。
上記をすべてご了承の上、ご購入をお願いいたします。
ご購入いただいた時点で、上記条件に同意いただいたものとみなします。",True
ir82zo0kjn,,milesixtones-2026,2026-11-07,17:00,ヤンマースタジアム長居,electronic,female,公演前日にログイン情報共有,り,5.0,,QR,2026-09-24 14:01:14,scrape_observed,2026-09-25 00:01:19,,,listing,2,45000,"QR毎/2連/初期当選/すり替えなし/下3桁提示可/有効期限内/同一クレカなし/発送物エラーなし/着ブロ希望なし

プライベート出品に切り替えるためコメントお願...",True
2pucyu8mzg,,milesixtones-2026,2026-11-21,16:30,日産スタジアム,electronic,female,同行,み！,5.0,,番手同行QR,2026-09-24 14:01:14,scrape_observed,2026-09-25 00:01:19,,,listing,2,25000,"座席未定/FC先行/4名義中4番手/すり替えなし/会員番号下3桁提示可能/Pay-easy支払い済

4名義中4番手のチケットをお渡しします。

同時入場後、こ...",True
qqgnkuatf8,,milesixtones-2026,2026-11-21,16:30,日産スタジアム,electronic,female,同行,み！,5.0,,QR同行番手,2026-09-24 14:01:14,scrape_observed,2026-09-25 00:01:19,,,listing,2,38000,"座席未定/FC先行/4名義中2番手/すり替えなし/会員番号下3桁提示可能/Pay-easy支払い済

4名義中2番手のチケットをお渡しします。

同時入場後、こ...",True
d3a89diy3k,,milesixtones-2026,2026-11-07,17:00,ヤンマースタジアム長居,electronic,female,同行,U,5.0,,ランダム,2026-09-24 16:01:21,scrape_observed,2026-09-25 00:01:19,,,listing,2,27000,【入場時ランダムエラーの場合の全額返金保証、立見なし】ランダムのお渡しとなり、購入者様の座席選択権はありませんことご理解下さい。(連番での落札は必ず連番のお譲り...,True
ya0b794qcx,,milesixtones-2026,2026-11-22,16:30,日産スタジアム,electronic,female,同行,💙,5.0,,ランダム,2026-09-24 16:01:21,scrape_observed,2026-09-25 01:01:12,,,listing,2,20000,"重複あり、複数名義中ランダム配布。
購入者様に座席選択権はございません。
プライベート出品しますので購入されずにまずお声がけください。

・複数名義中当方が2連...",True
os2ljynymn,,milesixtones-2026,2026-11-22,16:30,日産スタジアム,electronic,female,同行,U,5.0,,ランダム,2026-09-24 16:01:21,scrape_observed,2026-09-25 00:01:19,,,listing,1,21000,【入場時ランダムエラーの場合の全額返金保証、立見なし】ランダムのお渡しとなり、購入者様の座席選択権はありませんことご理解下さい。(連番での落札は必ず連番のお譲り...,True
nhz12qpidj,,milesixtones-2026,2026-11-21,16:30,日産スタジアム,electronic,female,同行,てん,5.0,,番手,2026-09-24 23:01:14,scrape_observed,2026-09-25 01:01:12,,,listing,2,18500,"3名義中3番手、すり替えなし、3名義分下3桁表示可能、

ご希望のある方はプライベートにて再度出品させて頂きますので、メッセージをお願いします。

同時入場後、...",True
lu1auwem21,,milesixtones-2026,2026-11-22,16:30,日産スタジアム,electronic,female,同時入場,rty,5.0,,番手,2026-09-24 23:01:14,scrape_observed,2026-09-25 00:01:19,,,listing,2,25000,"5名義中5番手/有効期限内/下3桁提示可能/着ブロ指定なし/初期当選

当日開場時間前にこちらが指定した場所、時間に集合して頂き同時に入場して頂きます。また入場...",True
si4da0kc6p,,milesixtones-2026,2026-11-22,16:30,日産スタジアム,electronic,female,同時入場,rty,5.0,,番手,2026-09-24 23:01:14,scrape_observed,2026-09-25 01:01:12,,,listing,2,36000,"5名義中4番手/有効期限内/下3桁提示可能/着ブロ指定なし/初期当選

当日開場時間前にこちらが指定した場所、時間に集合して頂き同時に入場して頂きます。また入場...",True
akvjj3k8af,,milesixtones-2026,2026-11-22,16:30,日産スタジアム,electronic,female,5名義4番手 すり替えなし 初期当選 ,JM,5.0,,ランダム記載あり,2026-09-25 00:01:19,scrape_observed,2026-09-25 00:01:19,,,listing,2,35000,"5名義中4番手/初期当選/すり替えなし/下3桁提示可能/有効期限内
・同時入場し発券後、一旦チケットを回収いたします。確認に少しお時間頂く場合がございますがご了承ください。
・待ち合わせ時間に遅刻した場合は先に入場致します。その場合でも受取して頂きますのでご了承お願い致します。
・公演中止の場合を除き、いかなる理由でもキャンセル・返金・送金停止には対応いたしかねます。本人確認、ランダムエラー、システムエラー、その他の事情により入場できなかった場合も同様となりますので、あらかじめご了承ください。
・座席に関するクレームもお受けできません。
・成人日本人女性の方でお願い致します。
・当日はこまめに連絡の取れる方でお願い致します。
・公演当日、開場時間前に会場付近て待ち合わせし、同時入場して頂きます。詳しい待ち合わせ時間、場所等は決まり次第ご連絡いたします。",True
kbhq5iv34a,,milesixtones-2026,2026-11-07,17:00,ヤンマースタジアム長居,electronic,female,同行,m,5.0,,番手,2026-09-25 01:01:12,scrape_observed,2026-09-26 00:01:10,,,listing,2,30000,"3名義中3番手2連
初期当選、有効期限内、すり替えなし、名義下3桁提示可

ゲート別れた際はQR毎でお渡しする場合がございます。（2番手の方と入場していただく可...",True
ppi7vxedul,,milesixtones-2026,2026-11-07,17:00,ヤンマースタジアム長居,electronic,female,5名義中5番手,ゆゆゆ,4.8,,番手,2026-09-25 01:01:12,scrape_observed,2026-09-26 00:01:10,,,listing,2,30000,"◎お取引初心者の方でも安心してお取引できるよう対応いたします。分からないことがあればお気軽にご質問ください。

下記内容をよくお読みいただき理解した上でご購入く...",True
70qdssp4y2,,milesixtones-2026,2026-11-07,17:00,ヤンマースタジアム長居,electronic,female,同行,ゆ,5.0,,番手,2026-09-25 01:01:12,scrape_observed,2026-09-26 00:01:10,,,listing,2,35000,"2名義中2番手/すり替えなし/下3桁提示可/全て有効期限内/同一クレカ決済なし/発送物戻り名義なし/初期当選
※プライベート出品に切り替えさせていただくため、購...",True
cnobf88f6r,,milesixtones-2026,2026-11-07,17:00,ヤンマースタジアム長居,electronic,female,当方と同行,ひなた,5.0,,同行QR,2026-09-25 01:01:12,scrape_observed,2026-09-26 00:01:10,,,listing,1,0,"⚠️復活当選した場合、制作開放席当選した場合のみお譲り可能です。

当方 田中樹担 。同担拒否はありません。
但しサイチェン、マナーを守れない方はご遠慮下さい�...",True
yi5k62r8ys,,milesixtones-2026,2026-11-07,17:00,ヤンマースタジアム長居,electronic,female,同行,M,5.0,,同行,2026-09-25 01:01:12,scrape_observed,2026-09-26 00:01:10,,,listing,1,46000,"重複なし同行/初期当選/有効期限内/下3桁提示可能

開場時間30分前に集合していただきます。詳細は連絡ボードにて送らせていたただきます。日本語の通じない方、未...",True
fj7toeryv1,,milesixtones-2026,2026-11-07,17:00,ヤンマースタジアム長居,electronic,female,同行,🌟,4.9,,ランダム,2026-09-25 01:01:12,scrape_observed,2026-09-26 00:01:10,,,listing,4,30000,"【指定席のお譲り】
◎ チケットお取引が初めての方や、慣れていない方もご安心いただけるお取引をいたします。
◎ 入場方法がわからない場合も、当日お会いしてご挨拶...",True
7lu6n601ii,,milesixtones-2026,2026-11-07,17:00,ヤンマースタジアム長居,electronic,female,同行,tan,5.0,,ランダム,2026-09-25 01:01:12,scrape_observed,2026-09-26 00:01:10,,,listing,1,35000,"⭐︎1名義のみランダム⭐︎

※プラベルで専用出品致しますので、メッセージお願い致します。

公演当日、開場20分前を目安に会場付近で待ち合わせをし、同時入場を...",True
10dqi8krik,,milesixtones-2026,2026-11-07,17:00,ヤンマースタジアム長居,electronic,male,同行,T,5.0,,同行,2026-09-25 01:01:12,scrape_observed,2026-09-26 00:01:10,,,listing,1,45000,"同行/すり替えなし/着ブロ希望なし/初期当選/下3桁提示可/有効期限内/男性名義

プライベート出品に切り替えますのでご購入希望の方は担当記載の上メッセージにて...",True
wupz25delx,,milesixtones-2026,2026-11-07,17:00,ヤンマースタジアム長居,electronic,female,同行,りり,5.0,,同行記載あり,2026-09-25 01:01:12,scrape_observed,2026-09-26 00:01:10,,,listing,1,60000,"初期当選
同行者が未定の為、探しております。
座席は、2枚のうち当方が選んだ後チケットをお渡しします。",True
9qow29zb5a,,milesixtones-2026,2026-11-07,17:00,ヤンマースタジアム長居,electronic,female,ランダム配布,t,5.0,,ランダム,2026-09-25 01:01:12,scrape_observed,2026-09-25 04:01:12,,,listing,1,22000,入場後はチケットを一旦こちらで回収し、当方が座席選択をした後にランダムでお渡し致します。開演10分前までのお渡しです。ご購入者様が座席を選択することはできません...,True
sz7kx3ezkm,,milesixtones-2026,2026-11-07,17:00,ヤンマースタジアム長居,paper,female,手渡し,ねこ,5.0,,同行,2026-09-25 01:01:12,scrape_observed,2026-09-25 12:01:18,,,listing,1,60000,2名義中1番手同行/下3桁提示可能/有効期限内/着ブロ希望なし/初当選,True
mjo5tl94hz,,milesixtones-2026,2026-11-07,17:00,ヤンマースタジアム長居,electronic,female,ランダム配布,t,5.0,,ランダム,2026-09-25 01:01:12,scrape_observed,2026-09-26 00:01:10,,,listing,2,30000,入場後はチケットを一旦こちらで回収し、当方が座席選択をした後にランダムでお渡し致します。開演10分前までのお渡しです。ご購入者様が座席を選択することはできません...,True
zae5vs2zob,,milesixtones-2026,2026-11-07,17:00,ヤンマースタジアム長居,electronic,none,同行,y:),5.0,,番手,2026-09-25 01:01:12,scrape_observed,2026-09-26 00:01:10,,,listing,2,40000,"2名義中2番手のお譲りです。
購入を検討される方はメッセージをお願いします。プラベルまたはプラベ出品へ移行します。
下3桁提示可能/すり替えなし/有効期限内
公...",True
z7hq33wtkb,,milesixtones-2026,2026-11-07,17:00,ヤンマースタジアム長居,electronic,female,公演当日までにログイン情報提示,𖤐,5.0,,QR,2026-09-25 01:01:12,scrape_observed,2026-09-26 00:01:10,,,listing,2,52000,"⭐️プラベルの場合即決下げます⭐️
30万代ライブ初当選名義/下3桁提示可/有効期限内/初期当選/着ブロ指定なし/すり替えなし/重複なし
ランダムエラー、本人確...",True
v4rk0o99hc,,milesixtones-2026,2026-11-07,17:00,ヤンマースタジアム長居,electronic,female,同行,U,5.0,,ランダム,2026-09-25 01:01:12,scrape_observed,2026-09-26 00:01:10,,,listing,2,28500,【入場時ランダムエラーの場合の全額返金保証、立見なし】ランダムのお渡しとなり、購入者様の座席選択権はありませんことご理解下さい。(連番での落札は必ず連番のお譲り...,True
f5mv9hwzau,,milesixtones-2026,2026-11-07,17:00,ヤンマースタジアム長居,electronic,female,同行,ナ,5.0,,同行,2026-09-25 01:01:12,scrape_observed,2026-09-26 00:01:10,,,listing,2,36000,"2名義中2番手/初期当選/アリツア落選/有効期限内名義/すり替えなし(下3桁提示可能)/着ブロなし

プラベルにてお取引可能です。

・チケット発券後、チケット...",True
4sldle87aj,,milesixtones-2026,2026-11-07,17:00,ヤンマースタジアム長居,electronic,female,同行,とま,5.0,,ランダム,2026-09-25 01:01:12,scrape_observed,2026-09-26 00:01:10,,,listing,2,27000,"開場20分前にご集合いただき同時入場後、チケットを一度回収し再配布いたします。
2枚でご購入いただいた場合も、入場時は別れてご入場いただく可能性もございます。最...",True
wxkp23hhjg,,milesixtones-2026,2026-11-07,17:00,ヤンマースタジアム長居,electronic,female,同行,U,5.0,,ランダム,2026-09-25 01:01:12,scrape_observed,2026-09-26 00:01:10,,,listing,1,25000,【入場時ランダムエラーの場合の全額返金保証、立見なし】ランダムのお渡しとなり、購入者様の座席選択権はありませんことご理解下さい。(連番での落札は必ず連番のお譲り...,True
uvsnlscgo8,,milesixtones-2026,2026-11-07,17:00,ヤンマースタジアム長居,electronic,female,同行,nano,5.0,,同行,2026-09-25 01:01:12,scrape_observed,2026-09-26 00:01:10,,,listing,1,40000,"同行募集 2連中の1枚
初期当選 アリツア落選 前回YOスタンド
重複すり替えなし 会員×会員
郵便物戻りなし Pay-easy決済
会員番号下3桁提示可能 有...",True
bpoqhdh5qh,,milesixtones-2026,2026-11-07,17:00,ヤンマースタジアム長居,electronic,female,ランダム配布,ゆゆゆ,4.8,,ランダム,2026-09-25 01:01:12,scrape_observed,2026-09-26 00:01:10,,,listing,2,27000,"◎お取引初心者の方でも安心してお取引できるよう対応いたします。分からないことがあればお気軽にご質問ください。

下記内容をよくお読みいただき理解した上でご購入く...",True
c73j5519gz,,milesixtones-2026,2026-11-07,17:00,ヤンマースタジアム長居,electronic,female,同行,333,4.9,,番手,2026-09-25 01:01:12,scrape_observed,2026-09-26 00:01:10,,,listing,2,29000,"⭐️開示対策の為プライベート出品に切り替えますのでご希望の方は⚠️リクエストではなく個別メッセージお願いいたします⭐️

10名義中9番手。
公演当日は会場付近...",True
o3yi31lg08,,milesixtones-2026,2026-11-07,17:00,ヤンマースタジアム長居,electronic,female,公演前日まで下3桁開示,ゆ,5.0,,番手,2026-09-25 01:01:12,scrape_observed,2026-09-26 00:01:10,,,listing,2,40000,"FC/すり替えなし/期限内/2名義中2番手/下3桁提示可

こちら4/枚チケットになります。こちらにご納得頂ける方のみのみご購入ください

過去ランエラ出た名義...",True
hlg6w6ic25,,milesixtones-2026,2026-11-07,17:00,ヤンマースタジアム長居,electronic,female,公演前日にログイン情報共有,り,5.0,,QR,2026-09-25 01:01:12,scrape_observed,2026-09-26 00:01:10,,,listing,2,50000,"QR毎/2連/初期当選/すり替えなし/下3桁提示可/有効期限内/同一クレカなし/発送物エラーなし/着ブロ希望なし

プライベート出品に切り替えるためコメントお願...",True
rzfz5w3slv,,milesixtones-2026,2026-11-07,17:00,ヤンマースタジアム長居,electronic,female,同行,ico,5.0,,同行,2026-09-25 01:01:12,scrape_observed,2026-09-26 00:01:10,,,listing,1,40000,"重複無し当方との同行(髙地担×)/アリツア落選名義/前回スタンド席/すり替えなし/下3桁提示可/有効期限内名義

公演当日、会場付近にて開演時間に合わせ待ち合わ...",True
hq1ml5zs61,,milesixtones-2026,2026-11-07,17:00,ヤンマースタジアム長居,electronic,female,同行,333,4.9,,番手,2026-09-25 01:01:12,scrape_observed,2026-09-26 00:01:10,,,listing,2,30000,"⭐️開示対策の為プライベート出品に切り替えますのでご希望の方は⚠️リクエストではなく個別メッセージお願いいたします⭐️

10名義中8番手。
公演当日は会場付近...",True
ytj77fmayd,,milesixtones-2026,2026-11-07,17:00,ヤンマースタジアム長居,electronic,female,同行,M,5.0,,同行ランダム,2026-09-25 01:01:12,scrape_observed,2026-09-26 00:01:10,,,listing,1,35000,少人数ランダム配布です。開場時間30分前に指定した場所に集合して頂き、同時入場します。開演30分前にはチケットをお渡しします。公演中止以外返金対応いたしかねます...,True
fs8w7si56r,,milesixtones-2026,2026-11-08,17:00,ヤンマースタジアム長居,electronic,none,当日手渡し,紅葉,5.0,,番手,2026-09-25 01:01:12,scrape_observed,2026-09-26 00:01:10,,,listing,2,40000,"5名義中3番手　2連　即決4.0/枚
2.0チケテンプラベ出品/残高手渡しの取引になりますので、取引希望の方はメッセージお願い致します。
下3桁提示可・すり替え...",True
219f1a74kx,,milesixtones-2026,2026-11-08,17:00,ヤンマースタジアム長居,electronic,female,同時入場,はるか,5.0,,番手,2026-09-25 01:01:12,scrape_observed,2026-09-26 00:01:10,,,listing,2,38000,"2名義中2番手／有効期限内／すり替えなし／下3桁掲示可／着ブロ希望なし／郵送物戻りなし


・日本人の成人済み女性のみ
・公演当日、当方の指定した時間・会場付近...",True
w0wldx5tpf,,milesixtones-2026,2026-11-08,17:00,ヤンマースタジアム長居,electronic,female,同行,ゆ,5.0,,同行記載あり,2026-09-25 01:01:12,scrape_observed,2026-09-26 00:01:10,,,listing,1,63000,"重複なし同行/初期当選/着ブロなし/期限内名義
【必ずお読みください】
・﻿﻿開場30分前を目処に会場付近に集合し同時入場していただきます。詳しい集合時間、場所...",True
twfvxmxt0g,,milesixtones-2026,2026-11-08,17:00,ヤンマースタジアム長居,electronic,female,QR毎,k,5.0,,ランダム記載あり,2026-09-25 01:01:12,scrape_observed,2026-09-26 00:01:10,,,listing,2,38000,"2名義中2番手
QR毎/初期当選/アリツア落選名義/重複すり替えなし/着ブロ希望なし/有効期限内

前日までに集合場所をメッセージにてお送りいたします。
会場1...",True
glmrs9zzuk,,milesixtones-2026,2026-11-08,17:00,ヤンマースタジアム長居,electronic,female,同行,u,5.0,,番手,2026-09-25 01:01:12,scrape_observed,2026-09-26 00:01:10,,,listing,2,47500,"4名義中2番手/すり替えなし/下3桁提示可能/有効期限内名義

2連優先

プライベート出品に切り替えますので
お取引希望の方はメッセージお願いいたします。...",True
k7ot27veyl,,milesixtones-2026,2026-11-08,17:00,ヤンマースタジアム長居,electronic,female,公演前日,Y,5.0,,同行記載あり,2026-09-25 01:01:12,scrape_observed,2026-09-26 00:01:10,,,listing,1,50000,"QR毎/初期当選/有効期限内/郵送物戻りなし/着ブロ希望なし/同一クレカなし/下3桁提示可

プライベート出品に切り替えますのでメッセージお願いいたします。
ロ...",True
menu4wqgne,,milesixtones-2026,2026-11-08,17:00,ヤンマースタジアム長居,electronic,female,同行,A,5.0,,ランダム,2026-09-25 01:01:12,scrape_observed,2026-09-26 00:01:10,,,listing,2,30000,"複数名義所持の為、同時入場発券後、こちらで座席確認後のランダム配布となります。

発券後はチケットを回収し座席の確認にお時間いただく可能性がございます為、一度解...",True
562lom36wg,,milesixtones-2026,2026-11-08,17:00,ヤンマースタジアム長居,electronic,female,同行,あ,5.0,,番手,2026-09-25 01:01:12,scrape_observed,2026-09-26 00:01:10,,,listing,2,40000,"2名義中2番手 2連

2名義共に有効期限内該当名義(女性名義)
重複すり替えなし/下3桁提示可/着ブロ希望無し

・公演当日、こちらの指定する場所にお集まりい...",True
5vxaj9ilio,,milesixtones-2026,2026-11-08,17:00,ヤンマースタジアム長居,electronic,female,当方と同行,JN,5.0,,同行,2026-09-25 01:01:12,scrape_observed,2026-09-26 00:01:10,,,listing,1,50000,"1名義当方と同行。
ランエラ等起きた場合対応しかねます。
宜しくお願い致します🙇‍♀️",True
0efqqta4h6,,milesixtones-2026,2026-11-08,17:00,ヤンマースタジアム長居,electronic,female,同行,K,5.0,,同行,2026-09-25 01:01:12,scrape_observed,2026-09-26 00:01:10,,,listing,1,43000,"初期当選/重複すり替えなし/下3桁提示可/有効期限内/発送物戻りなし/本確対応可/アリツア落選名義/前回当選時スタンド上段

・当方(京本担)との連番
・公演当...",True
5et0b3c9dd,,milesixtones-2026,2026-11-08,17:00,ヤンマースタジアム長居,electronic,female,同行,とま,5.0,,ランダム,2026-09-25 01:01:12,scrape_observed,2026-09-26 00:01:10,,,listing,2,27000,"開場20分前にご集合いただき同時入場後、チケットを一度回収し再配布いたします。
2枚でご購入いただいた場合も、入場時は別れてご入場いただく可能性もございます。最...",True
6f06rw1gvf,,milesixtones-2026,2026-11-08,17:00,ヤンマースタジアム長居,electronic,female,同行,F,5.0,,同行,2026-09-25 01:01:12,scrape_observed,2026-09-26 00:01:10,,,listing,2,30000,"2名義中2番手のお譲り。
全て有効期限内名義です。
同時入場後、一旦全てのチケットを回収します。
こまめに連絡が取れる方のご購入をお願いします。
詳しい集合時間...",True
fybngbp9lu,,milesixtones-2026,2026-11-08,17:00,ヤンマースタジアム長居,electronic,female,同時入場　2名義中2番手,わんわんパラダイス,5.0,,番手,2026-09-25 01:01:12,scrape_observed,2026-09-26 00:01:10,,,listing,2,45000,"2名義中2番手
初期当選/下3桁提示可能/有効期限内/すり替え無/過去エラー無/着ブロ指定なし/サイチェン可

チケホル未取得のため過去座席不明
過去席に関する...",True
tn8mhwwowp,,milesixtones-2026,2026-11-08,17:00,ヤンマースタジアム長居,electronic,female,公演前日夜ログイン情報共有,はる,5.0,,ランダム記載あり,2026-09-25 01:01:12,scrape_observed,2026-09-26 00:01:10,,,listing,1,50000,"QR毎のお譲りになります。

初期当選/初当選名義/下3桁提示可/重複すり替えなし/有効期限内/着ブロ希望なし

代理購入不可。
公演前日の夜にログイン情報をお...",True
fxjib1u5f5,,milesixtones-2026,2026-11-08,17:00,ヤンマースタジアム長居,electronic,female,同行,✩,5.0,,ランダム,2026-09-25 01:01:12,scrape_observed,2026-09-26 00:01:10,,,listing,2,25000,"プラベルにて出品させて頂きますので購入希望の方はメッセージお願いいたします。

当日は開場時間の15~30分前頃にこちらが指定した場所に集合していただき同時入場...",True
53ar2z5znv,,milesixtones-2026,2026-11-08,17:00,ヤンマースタジアム長居,electronic,female,同行,☆,5.0,,同行番手,2026-09-25 01:01:12,scrape_observed,2026-09-26 00:01:10,,,listing,2,40000,"5名義中3番手/初期当選/有効期限内/すり替え無し/下3桁提示〇

・当日は会場付近の当方の指定した場所に集合していただき、同時入場をお願い致します。
・入場の...",True
t6uwkkxz1s,,milesixtones-2026,2026-11-08,17:00,ヤンマースタジアム長居,electronic,female,同行,rn,5.0,,同行記載あり,2026-09-25 01:01:12,scrape_observed,2026-09-26 00:01:10,,,listing,1,40000,"当方(松村担)と同行
重複すり替え無し / 初期当選 / 有効期限内 / アリツア落選名義 / 同一クレカ決済無し / 着ブロ指定無し / 下三桁提示可

⚠️...",True
0dv60zharo,,milesixtones-2026,2026-11-08,17:00,ヤンマースタジアム長居,electronic,female,同行,M,5.0,,同行,2026-09-25 01:01:12,scrape_observed,2026-09-26 00:01:10,,,listing,1,46000,"重複なし同行/初期当選/有効期限内/下3桁提示可能

開場時間30分前に集合していただきます。詳細は連絡ボードにて送らせていたただきます。日本語の通じない方、未...",True
11ueqssgc3,,milesixtones-2026,2026-11-08,17:00,ヤンマースタジアム長居,electronic,female,公演前日までに必要情報共有,ｻ,5.0,,番手,2026-09-25 01:01:12,scrape_observed,2026-09-26 00:01:10,,,listing,2,35000,"2名義中2番手2連/すり替えなし/FC先行/有効期限内/下3桁提示可能

●集合/入場について
・公演当日、開場30分前に会場付近にて待ち合わせし、同時入場して...",True
aczdjpxsd9,,milesixtones-2026,2026-11-08,17:00,ヤンマースタジアム長居,electronic,female,公演当日にQRコード共有,A,5.0,,QR,2026-09-25 01:01:12,scrape_observed,2026-09-25 15:01:16,,,listing,2,60000,"VVS下段後列/YO上段/アリツア落選
★チケホル登録あり

⚠️購入意思のない反応要りません。
⚠️一部プラベル(残り手渡し)通しへ移行する為、必ずメッセージ...",True
1zu4a4xxgl,,milesixtones-2026,2026-11-08,17:00,ヤンマースタジアム長居,electronic,female,ランダム配布,t,5.0,,ランダム,2026-09-25 01:01:12,scrape_observed,2026-09-26 00:01:10,,,listing,2,24000,入場後はチケットを一旦こちらで回収し、当方が座席選択をした後にランダムでお渡し致します。開演10分前までのお渡しです。ご購入者様が座席を選択することはできません...,True
lt4tcqwnkq,,milesixtones-2026,2026-11-08,17:00,ヤンマースタジアム長居,electronic,female,同行,u,5.0,,番手,2026-09-25 01:01:12,scrape_observed,2026-09-26 00:01:10,,,listing,2,37500,"4名義中3番手/すり替えなし/下3桁提示可能/有効期限内名義

プライベート出品に切り替えますので
お取引希望の方はメッセージお願いいたします。

ご購入前に必...",True
9y3zchoeco,,milesixtones-2026,2026-11-08,17:00,ヤンマースタジアム長居,electronic,female,ランダム配布,t,5.0,,ランダム,2026-09-25 01:01:12,scrape_observed,2026-09-26 00:01:10,,,listing,2,23000,入場後はチケットを一旦こちらで回収し、当方が座席選択をした後にランダムでお渡し致します。開演10分前までのお渡しです。ご購入者様が座席を選択することはできません...,True
q3enkldsz3,,milesixtones-2026,2026-11-08,17:00,ヤンマースタジアム長居,electronic,female,同行,U,5.0,,ランダム,2026-09-25 01:01:12,scrape_observed,2026-09-26 00:01:10,,,listing,2,24000,【入場時ランダムエラーの場合の全額返金保証、立見なし】ランダムのお渡しとなり、購入者様の座席選択権はありませんことご理解下さい。(連番での落札は必ず連番のお譲り...,True
p8lgtogvnn,,milesixtones-2026,2026-11-08,17:00,ヤンマースタジアム長居,electronic,female,同行,な,5.0,,番手,2026-09-25 01:01:12,scrape_observed,2026-09-26 00:01:10,,,listing,2,22000,"4名義中4番手/初期当選/全名義有効期限内/下3桁提示可/重複すり替えなし/着ブロ希望なし
プラベ出品またはプラベルに切り替えますので購入希望の方はメッセージお...",True
5u5m2ig4x2,,milesixtones-2026,2026-11-08,17:00,ヤンマースタジアム長居,electronic,female,当方と同行,ひなた,5.0,,同行記載あり,2026-09-25 01:01:12,scrape_observed,2026-09-26 00:01:10,,,listing,1,0,"⚠️復活当選した場合、制作開放席当選した場合のみお譲り可能です。

当方 田中樹担 。同担拒否はありません。
但しサイチェン、マナーを守れない方はご遠慮下さい�...",True
6le8kzi7nz,,milesixtones-2026,2026-11-08,17:00,ヤンマースタジアム長居,electronic,female,同行,M,5.0,,ランダム,2026-09-25 01:01:12,scrape_observed,2026-09-26 00:01:10,,,listing,1,35000,少人数ランダム配布です。開場時間30分前に集合していただき同時入場します。開演時間30分前までにチケットをお渡しいたします。公演中止以外返金対応いたしかねますの...,True
te1z6cawl0,,milesixtones-2026,2026-11-08,17:00,ヤンマースタジアム長居,electronic,female,ランダム配布,J,5.0,,ランダム,2026-09-25 01:01:12,scrape_observed,2026-09-26 00:01:10,,,listing,2,22222,"プライベート出品にしますので購入前に希望枚数ご連絡ください。
・ランダム配布となりますのでご理解のある方のみご購入ください。
・開場30〜40分前(14:20〜...",True
dy9b24y1qk,,milesixtones-2026,2026-11-08,17:00,ヤンマースタジアム長居,electronic,female,同行,M,5.0,,ランダム,2026-09-25 01:01:12,scrape_observed,2026-09-26 00:01:10,,,listing,1,22000,"【ランダム配布】
お取引はプラベルにて行いますのでご購入の際は中相場買取予定の有無と共にコメントいただきますようお願いいたします。
チケテンご希望の場合は手数料...",True
2chmxfbhgl,,milesixtones-2026,2026-11-08,17:00,ヤンマースタジアム長居,electronic,female,公演2日前ログイン情報共有,y,5.0,,QR,2026-09-25 01:01:12,scrape_observed,2026-09-26 00:01:10,,,listing,1,59000,"QR毎／初期当選／下3桁提示可／重複すり替えなし／有効期限内／着ブロ指定なし／発送物戻りなし／アリツア落選名義

・公演2日前にログイン情報をお伝えいたします。...",True
jy0zskwaug,,milesixtones-2026,2026-11-08,17:00,ヤンマースタジアム長居,electronic,none,長居交換,secret,5.0,,QR同行番手ランダム,2026-09-25 01:01:12,scrape_observed,2026-09-26 00:01:10,,,listing,2,300,"🩷大阪 長居 11/8との交換希望（番手問わず）🩷
→当方のチケット 神奈川 日産 11/22 4名義中2番手 2連
⭐️すり替えなし/下3桁提示可
⭐️都...",True
ej5078m54q,,milesixtones-2026,2026-11-08,17:00,ヤンマースタジアム長居,electronic,female,当日,あ,5.0,,ランダム記載あり,2026-09-25 01:01:12,scrape_observed,2026-09-26 00:01:10,,,listing,1,25000,"ランダム配布

以下の内容に全てご同意いただける方でお願いいたします。また、購入いただいた時点でご同意いただいたとみなします。

・公演当日は開演2時間前（15...",True
licpjru0uw,,milesixtones-2026,2026-11-08,17:00,ヤンマースタジアム長居,electronic,none,同行,y:),5.0,,同行番手,2026-09-25 01:01:12,scrape_observed,2026-09-26 00:01:10,,,listing,2,40000,"2名義中2番手のお譲りです。
購入を検討される方はメッセージをお願いします。プラベルまたはプラベ出品へ移行します。
下3桁提示可能/すり替えなし/有効期限内
公...",True
59aqhycuqw,,milesixtones-2026,2026-11-08,17:00,ヤンマースタジアム長居,electronic,female,5名義中5番手,ゆゆゆ,4.8,,番手,2026-09-25 01:01:12,scrape_observed,2026-09-26 00:01:10,,,listing,2,30000,"◎お取引初心者の方でも安心してお取引できるよう対応いたします。分からないことがあればお気軽にご質問ください。

下記内容をよくお読みいただき理解した上でご購入く...",True
2s143trlhh,,milesixtones-2026,2026-11-08,17:00,ヤンマースタジアム長居,electronic,female,同行,negi,5.0,,ランダム,2026-09-25 01:01:12,scrape_observed,2026-09-25 15:01:16,,,listing,1,19900,"【ランダム配布】★少人数ランダム  10分前のお渡し 初期当選のみ

【下記注意事項を必ずご一読ください】
※公演当日、当方と同時入場をしていただきます。
※入...",True
mmp3gu6y3j,,milesixtones-2026,2026-11-21,16:30,日産スタジアム,electronic,female,同行,R,5.0,,番手,2026-09-25 01:01:12,scrape_observed,2026-09-26 00:01:10,,,listing,1,30000,"3名義中3番手/初期当選/有効期限内/下3桁提示可/すり替えなし

3名義中3番手でのお譲りです。
一部チケテン残り手渡し優先

・同時入場後全てのチケットを回...",True
t17b72eact,,milesixtones-2026,2026-11-21,16:30,日産スタジアム,electronic,female,ランダム配布,J,5.0,,ランダム,2026-09-25 01:01:12,scrape_observed,2026-09-26 00:01:10,,,listing,1,22222,"プライベート出品にしますので購入前に希望枚数ご連絡ください。
・ランダム配布となりますのでご理解のある方のみご購入ください。
・開場30〜40分前(13:50〜...",True
rmd9r54ceu,,milesixtones-2026,2026-11-21,16:30,日産スタジアム,electronic,female,同時入場　3名義2番手,わんわんパラダイス,5.0,,番手,2026-09-25 01:01:12,scrape_observed,2026-09-26 00:01:10,,,listing,2,50000,"3名義中2番手
初期当選/下3桁提示可能/有効期限内/すり替え無/過去エラー無/着ブロ指定なし/サイチェン可

チケホル未取得のため過去座席不明
過去席に関する...",True
2ylsealh8n,,milesixtones-2026,2026-11-21,16:30,日産スタジアム,electronic,female,同行,R,5.0,,番手,2026-09-25 01:01:12,scrape_observed,2026-09-26 00:01:10,,,listing,1,40000,"3名義中2番手/初期当選/有効期限内/下3桁提示可/すり替えなし/京本担不可

3名義中2番手でのお譲りです。
一部チケテン残り手渡し優先

・同時入場後全ての...",True
gd5cklwbbp,,milesixtones-2026,2026-11-21,16:30,日産スタジアム,electronic,female,公演日前日にQRコード共有,🐶,5.0,,QR,2026-09-25 01:01:12,scrape_observed,2026-09-26 00:01:10,,,listing,1,95000,"FC初期当選/有効期限内/下3桁提示可/すり替えなし/初当選(当選履歴なし)/着席ブロック希望なし

・公演日前日(18:00以降)になりましたら、ログイン情報...",True
xrn1ypp880,,milesixtones-2026,2026-11-21,16:30,日産スタジアム,electronic,female,同行,m,5.0,,番手,2026-09-25 01:01:12,scrape_observed,2026-09-26 00:01:10,,,listing,2,32000,"2名義中2番手

プラベ出品させて頂きますので
コメントよろしくお願い致します。
当日の流れは2日前～前日にメッセージにて
お送りさせて頂きます。

如何なる理...",True
hi7it5xpmf,,milesixtones-2026,2026-11-21,16:30,日産スタジアム,electronic,female,同行,りー,5.0,,ランダム,2026-09-25 01:01:12,scrape_observed,2026-09-26 00:01:10,,,listing,2,22000,"ランダム配布
お席によってはそのままお渡し
上乗せにて早渡し、または番手も可能

・開場30分前に会場付近にてお待ち合わせいただきます
※状況により多少前後させ...",True
4c4p3uzaa1,,milesixtones-2026,2026-11-21,16:30,日産スタジアム,electronic,female,同行,み！,5.0,,番手同行QR,2026-09-25 01:01:12,scrape_observed,2026-09-25 12:01:18,,,listing,1,28000,"座席未定/FC先行/4名義中4番手/すり替えなし/会員番号下3桁提示可能/Pay-easy支払い済

4名義中4番手のチケットをお渡しします。

同時入場後、こ...",True
w4fwnkqatr,,milesixtones-2026,2026-11-21,16:30,日産スタジアム,electronic,female,同時入場　3名義3番手,わんわんパラダイス,5.0,,番手,2026-09-25 01:01:12,scrape_observed,2026-09-26 00:01:10,,,listing,2,40000,"3名義中3番手
初期当選/下3桁提示可能/有効期限内/すり替え無/過去エラー無/着ブロ指定なし/サイチェン可

チケホル未取得のため過去座席不明
過去席に関する...",True
7wok8tmd01,,milesixtones-2026,2026-11-21,16:30,日産スタジアム,electronic,female,当日,𝚃,5.0,,番手,2026-09-25 01:01:12,scrape_observed,2026-09-26 00:01:10,,,listing,2,50000,"2名義中2番手/初期当選/有効期限内/すり替えなし/下3桁提示可/着ブロ希望なし/本人確認対応不可/代理購入不可

・当日は会場の20分～30分前に会場付近で待...",True
mpsd4hbgq4,,milesixtones-2026,2026-11-21,16:30,日産スタジアム,electronic,female,公演日前日にログイン情報をお渡しします。,M,5.0,,QR,2026-09-25 01:01:12,scrape_observed,2026-09-26 00:01:10,,,listing,2,60000,"QR毎/初期当選/重複すり替えなし/着ブロ希望なし/下3桁提示可能/有効期限内/発送物戻りなし
公演日の前日に必要な詳細を連絡ボードにてお伝え致します。
入場後...",True
lsr6htwgh3,,milesixtones-2026,2026-11-21,16:30,日産スタジアム,electronic,female,2名義中2番手,K,5.0,,番手,2026-09-25 01:01:12,scrape_observed,2026-09-26 00:01:10,,,listing,2,30000,"初期当選/2名義中2番手/有効期限内/すり替えなし/下3桁提示可

ブラベルにて専用出品させていただきますので、購入前にコメントください。

公演当日、会場付近...",True
3btsih8y0k,,milesixtones-2026,2026-11-21,16:30,日産スタジアム,electronic,female,同行,ゆ,5.0,,同行,2026-09-25 01:01:12,scrape_observed,2026-09-26 00:01:10,,,listing,1,60000,"アリツア落選名義/当方との同行 / 初期当選 / FC有効期限内 /重複すり替えなし 

こちら手渡し1、サイト通し5にの6/枚のチケットになります。専用出品の...",True
0h1lix1df1,,milesixtones-2026,2026-11-21,16:30,日産スタジアム,electronic,female,当日,あ,5.0,,ランダム記載あり,2026-09-25 01:01:12,scrape_observed,2026-09-26 00:01:10,,,listing,2,25000,"ランダム配布

以下の内容に全てご同意いただける方でお願いいたします。また、購入いただいた時点でご同意いただいたとみなします。

・公演当日は開演2時間前（14...",True
mh1xk11m9s,,milesixtones-2026,2026-11-21,16:30,日産スタジアム,electronic,female,同行,さ,5.0,,番手,2026-09-25 01:01:12,scrape_observed,2026-09-26 00:01:10,,,listing,2,54000,"4名義中2番手のお譲りとなります。
すり替えなし/下3桁提示可/着ブロ希望なし/有効期限内/発送物戻りなし/同一クレカ支払いなし

会場付近にて待ち合わせし同時...",True
n4kr9vdbw0,,milesixtones-2026,2026-11-21,16:30,日産スタジアム,electronic,female,同時入場,Ｊ,5.0,,番手,2026-09-25 01:01:12,scrape_observed,2026-09-26 00:01:10,,,listing,2,50000,"5名義中2番手のお譲り
プラベル出品可/全て２連当選/すり替えなし/初期当選/当選名義下３桁提示/有効期限内/Pay-easy入金/着ブロ指定なし/サイチェン可...",True
egxwqtvf4j,,milesixtones-2026,2026-11-21,16:30,日産スタジアム,electronic,female,4名義中3番手,A,5.0,,同行番手,2026-09-25 01:01:12,scrape_observed,2026-09-26 00:01:10,,,listing,2,35000,"4名義中3番手/下3桁提示可/すり替えなし/有効期限内名義/初期当選/プラベル出品可

4名義中3番手2連でのお譲りとなります。
入場後一度チケットを回収し、残...",True
6hbrelh5yf,,milesixtones-2026,2026-11-21,16:30,日産スタジアム,electronic,female,同行,M,5.0,,ランダム,2026-09-25 01:01:12,scrape_observed,2026-09-26 00:01:10,,,listing,1,22000,"【ランダム配布】
お取引はプラベルにて行いますのでご購入の際は中相場買取予定の有無と共にコメントいただきますようお願いいたします。
チケテンご希望の場合は手数料...",True
eade7u6i65,,milesixtones-2026,2026-11-21,16:30,日産スタジアム,electronic,female,同行,あ,5.0,,番手,2026-09-25 01:01:12,scrape_observed,2026-09-26 00:01:10,,,listing,2,30000,"プラベルに切り替えますのでご連絡お願いいたします。

3名義中3番手 下3桁提示可 すり替えなし 初期当選 郵送物戻りなし 期限内 指定席のみ 

会場付近にて...",True
tabwq2htjo,,milesixtones-2026,2026-11-21,16:30,日産スタジアム,electronic,female,同行,み！,5.0,,QR同行番手,2026-09-25 01:01:12,scrape_observed,2026-09-26 00:01:10,,,listing,2,38000,"座席未定/FC先行/4名義中2番手/すり替えなし/会員番号下3桁提示可能/Pay-easy支払い済

4名義中2番手のチケットをお渡しします。

同時入場後、こ...",True
4svn45vh7r,,milesixtones-2026,2026-11-21,16:30,日産スタジアム,electronic,female,同行,むー,5.0,,番手,2026-09-25 01:01:12,scrape_observed,2026-09-26 00:01:10,,,listing,2,51707,"⭐️8名義中4番手⭐️

FC先行 有効期限内/下3桁提示可/ すり替えなし

  ・入場はお連れ様と分かれる場合がありますが、2連でご購入の場合には、必ず2連...",True
v3bj5pd19e,,milesixtones-2026,2026-11-22,16:30,日産スタジアム,electronic,female,同行,s,5.0,,番手同行,2026-09-25 01:01:12,scrape_observed,2026-09-26 00:01:10,,,listing,2,35000,"5名義中4番手
全て初期当選、有効期限内、下3桁開示可能、すり替えなし、サイチェン可

QRの表示にご協力いただく場合がありますのでその際には持ち逃げ防止の観点...",True
3qkzcjpl13,,milesixtones-2026,2026-11-22,16:30,日産スタジアム,electronic,female,当日手渡し,りんご,5.0,,番手,2026-09-25 01:01:12,scrape_observed,2026-09-26 00:01:10,,,listing,2,35000,"2名義中2番手/座席未定/すり替えなし/下3桁提示可能/有効期限内

以下の記載内容をご確認の上ご購入ください。

【入場前】
同行者登録はこちらで行います。...",True
lijvedjd6w,,milesixtones-2026,2026-11-22,16:30,日産スタジアム,paper,female,当日手渡し,R.,5.0,,同行番手,2026-09-25 01:01:12,scrape_observed,2026-09-26 00:01:10,,,listing,2,40000,"【2名義中2番手(バラ売り可)全て会員と会員での当選】
※プライベート出品またはプラベル出品しますので、購入希望の方は事前にご連絡ください。

必ず最後までお読...",True
6p8p7fcde9,,milesixtones-2026,2026-11-22,16:30,日産スタジアム,electronic,female,同行,n,5.0,,番手,2026-09-25 01:01:12,scrape_observed,2026-09-26 00:01:10,,,listing,2,35000,"2名義中2番手/すり替えなし/着ブロなし/有効期限内/下3桁提示可
会場付近にて待ち合わせし、同時入場していただきます。
入場後一旦チケットを回収し、当方が座席...",True
jvzljhyuif,,milesixtones-2026,2026-11-22,16:30,日産スタジアム,electronic,female,同行,r,5.0,,番手,2026-09-25 01:01:12,scrape_observed,2026-09-26 00:01:10,,,listing,2,50000,"プライベート出品に切り替えますので、ご購入の際はコメントにてお知らせください。

・FC先行 有効期限内
・下3桁提示可
・すり替えなし

 ・入場後なるべく速...",True
z7unoazl7v,,milesixtones-2026,2026-11-22,16:30,日産スタジアム,electronic,female,同行,えす,5.0,,同行,2026-09-25 01:01:12,scrape_observed,2026-09-26 00:01:10,,,listing,1,35000,"重複無し 同行
下3桁提示可 アリツア落選名義 

こちら重複無し同行のチケットとなります。
当日開場時間より少し前頃に会場周辺にて待ち合わせし、一緒にご入場い...",True
3wgr9v0j0t,,milesixtones-2026,2026-11-22,16:30,日産スタジアム,electronic,female,同行,m,4.9,,ランダム同行,2026-09-25 01:01:12,scrape_observed,2026-09-26 00:01:10,,,listing,1,25000,"複数名義当選のため、開演時刻の2時間30分前までに会場付近に集合していただき、同時入場後、一旦チケットを回収してこちらで先に座席選択させていただきます。
複数の...",True
fuxbpfrb97,,milesixtones-2026,2026-11-22,16:30,日産スタジアム,electronic,female,公演前日までに必要情報共有,ｻ,5.0,,ランダム,2026-09-25 01:01:12,scrape_observed,2026-09-26 00:01:10,,,listing,1,28000,"すり替えなしランダム/入場後即渡し/FC先行/有効期限内

●ご入金後について
・公演当日に連絡の取れる電話番号を連絡ボードにてお伺いいたします。予めご了承くだ...",True
9qkf2i06vt,,milesixtones-2026,2026-11-22,16:30,日産スタジアム,electronic,female,同行,⭐︎,5.0,,番手,2026-09-25 01:01:12,scrape_observed,2026-09-26 00:01:10,,,listing,2,26000,"４名義中４番手
有効期限内、下三桁提示可、すり替えなし

・複数の方にお集まり頂くため時間厳守でお願いします。購入者様が大幅に時間が遅れてしまう場合、待たずに入...",True
dbervi9b24,,milesixtones-2026,2026-11-22,16:30,日産スタジアム,electronic,female,同行,m,5.0,,同行番手,2026-09-25 01:01:12,scrape_observed,2026-09-26 00:01:10,,,listing,2,48000,"2名義中2番手/初期当選/有効期限内名義/すり替えなし(下3桁提示可能)/着ブロなし

プラベルにてお取引可能です。

・チケット発券後、チケットをすべて回収さ...",True
kcgzl2fqqt,,milesixtones-2026,2026-11-22,16:30,日産スタジアム,electronic,female,同行,su,5.0,,番手,2026-09-25 01:01:12,scrape_observed,2026-09-26 00:01:10,,,listing,2,35000,"4名義中3番手でのお譲り
全てアリツ落選名義

プラベ出品に切り替えますので購入希望の方はメッセージお願いいたします。
 
全て初期当選、期限内名義、着ブロなし...",True
8mwa9kji96,,milesixtones-2026,2026-11-22,16:30,日産スタジアム,electronic,female,同行,ら,5.0,,ランダム,2026-09-25 01:01:12,scrape_observed,2026-09-26 00:01:10,,,listing,2,25000,"初期当選/ランダム/有効期限内/着ブロ指定なし/
プライベート出品可能◎

当日、開場の20分前頃にこちらが指定した場所で待ち合わせし、同時入場いたします。
時...",True
1x159yy50k,,milesixtones-2026,2026-11-22,16:30,日産スタジアム,electronic,female,同行,そら,5.0,,番手,2026-09-25 01:01:12,scrape_observed,2026-09-26 00:01:10,,,listing,2,40000,"3名義2番手 1-2枚  即4.0
※プラベルにて対応予定です。お気軽にお声掛けください※

3名義全て有効期限内、下3桁提示可能、初期当選です。
手数料はご負...",True
pwc48q1459,,milesixtones-2026,2026-11-22,16:30,日産スタジアム,electronic,female,ランダム配布,t,5.0,,ランダム,2026-09-25 01:01:12,scrape_observed,2026-09-26 00:01:10,,,listing,2,25000,入場後はチケットを一旦こちらで回収し、当方が座席選択をした後にランダムでお渡し致します。開演10分前までのお渡しです。ご購入者様が座席を選択することはできません...,True
hopzy2rxjk,,milesixtones-2026,2026-11-22,16:30,日産スタジアム,electronic,female,同行,s,5.0,,番手同行,2026-09-25 01:01:12,scrape_observed,2026-09-26 00:01:10,,,listing,2,60000,"5名義中3番手
全て初期当選、有効期限内、下3桁開示可能、すり替えなし、サイチェン可

QRの表示にご協力いただく場合がありますのでその際には持ち逃げ防止の観点...",True
kktuw8eev0,,milesixtones-2026,2026-11-22,16:30,日産スタジアム,electronic,female,同行,s,5.0,,同行番手ランダム,2026-09-25 01:01:12,scrape_observed,2026-09-26 00:01:10,,,listing,2,0,"※5名義あります※
2番手~4番手お譲り可能です。
①番手
②枚数
③金額
上記をメッセージまでお願いします。
全て初期当選、有効期限内、下3桁開示可能、すり替...",True
rbowrv8vp8,,milesixtones-2026,2026-11-22,16:30,日産スタジアム,electronic,female,同行,ちー,5.0,,番手,2026-09-25 01:01:12,scrape_observed,2026-09-26 00:01:10,,,listing,2,30000,"3名義中3番手／すり替えなし/着ブロなし/有効期限内／下3桁提示可

当日会場付近にて待ち合わせし、同時入場していただきます。
座席はお選びいただけません。当方...",True
xfsasy9aru,,milesixtones-2026,2026-11-22,16:30,日産スタジアム,electronic,female,同時入場,rty,5.0,,番手,2026-09-25 01:01:12,scrape_observed,2026-09-26 00:01:10,,,listing,2,28000,"5名義中5番手/有効期限内/下3桁提示可能/着ブロ指定なし/初期当選

当日開場時間前にこちらが指定した場所、時間に集合して頂き同時に入場して頂きます。また入場...",True
1qi23kg0na,,milesixtones-2026,2026-11-22,16:30,日産スタジアム,electronic,female,公演日前日までにログイン情報共有,m,5.0,,QR,2026-09-25 01:01:12,scrape_observed,2026-09-26 00:01:10,,,listing,2,55000,"QR毎/FC当選/初期当選/アリツア落選名義/着ブロ指定なし/重複すり替えなし/会員番号下3桁提示可能/有効期限内/発送物戻りなし/過去ランダムエラーなし

※...",True
t58wxonfi2,,milesixtones-2026,2026-11-22,16:30,日産スタジアム,electronic,none,同行,ち,5.0,,番手,2026-09-25 01:01:12,scrape_observed,2026-09-26 00:01:10,,,listing,2,26000,"6名義中6番手/すり替えなし/下3桁提示可能/有効期限内

プライベートモードにて再度出品いたしますので、お取引希望の方はメッセージにてご連絡ください。

チケ...",True
ppciqkkzbv,,milesixtones-2026,2026-11-22,16:30,日産スタジアム,electronic,female,ランダム配布,💫,5.0,,ランダム記載あり,2026-09-25 01:01:12,scrape_observed,2026-09-26 00:01:10,,,listing,2,28000,"・同時入場していただき一度チケットを回収し、開演時間までにランダムでチケットをお渡しします。座席選択はできません。

・複数人で入場するため、QRコードの表示に...",True
kv3o5hwccz,,milesixtones-2026,2026-11-22,16:30,日産スタジアム,electronic,none,同行,ち,5.0,,番手,2026-09-25 01:01:12,scrape_observed,2026-09-26 00:01:10,,,listing,2,28000,"6名義中5番手/すり替えなし/下3桁提示可能/有効期限内

プライベートモードにて再度出品いたしますので、お取引希望の方はメッセージにてご連絡ください。

チケ...",True
m3w8p98u18,,milesixtones-2026,2026-11-22,16:30,日産スタジアム,electronic,female,同行,ゆ,5.0,,番手,2026-09-25 01:01:12,scrape_observed,2026-09-26 00:01:10,,,listing,2,60000,"6名義中2番手/すり替えなし/過去エラー無し/下3桁提示可/全て有効期限内/同一クレカ決済なし/発送物戻り名義なし/初期当選
※プライベート出品に切り替えさせて...",True
8qy79cvu6o,,milesixtones-2026,2026-11-22,16:30,日産スタジアム,electronic,female,同行,🕶️,5.0,,同行記載あり,2026-09-25 01:01:12,scrape_observed,2026-09-26 00:01:10,,,listing,1,48500,"該当名義/有効期限内/変更ボタンあり/下3桁提示可/重複すり替えなし

・松村担不可

・2連中1枚で当方と同行になります。

・当日は開場時間前に指定した場所...",True
uxkbeukh6i,,milesixtones-2026,2026-11-22,16:30,日産スタジアム,electronic,none,ランダム配布,sss,5.0,,ランダム,2026-09-25 01:01:12,scrape_observed,2026-09-25 05:01:13,,,listing,2,22800,"ランダム配布のため買い手様自身では座席をお選び出来ません。
公演当日は開場時間30~40分前に会場付近にて待ち合わせし、同時入場していただきます。
当日手渡しの...",True
7jup3pb5q4,,milesixtones-2026,2026-11-22,16:30,日産スタジアム,electronic,none,QR又は番手,secret,5.0,,QR同行番手,2026-09-25 01:01:12,scrape_observed,2026-09-26 00:01:10,,,listing,2,1000,"
🩷大阪 長居 11/8との交換希望（番手問わず）🩷
→当方のチケット 神奈川 日産 11/22 4名義中2番手 2連
⭐️すり替えなし/下3桁提示可
⭐️...",True
2h9cmfe7l4,,milesixtones-2026,2026-11-22,16:30,日産スタジアム,electronic,none,QR又は番手,secret,5.0,,QR同行番手,2026-09-25 01:01:12,scrape_observed,2026-09-26 00:01:10,,,listing,2,28000,"🌼4名義中3番手／すり替えなし
全て初期当選、有効期限内、下3桁提示可🌼

公演当日、最寄駅または会場付近にて待ち合わせし、同時入場していただきます。
詳し...",True
mfo6irs288,,milesixtones-2026,2026-11-22,16:30,日産スタジアム,electronic,female,同行,su,5.0,,番手,2026-09-25 01:01:12,scrape_observed,2026-09-26 00:01:10,,,listing,2,30000,"4名義中4番手でのお譲り
全てアリツ落選名義

プラベ出品に切り替えますので購入希望の方はメッセージお願いいたします。
 
全て初期当選、期限内名義、着ブロなし...",True
j9ubvd32so,,milesixtones-2026,2026-11-22,16:30,日産スタジアム,electronic,female,同時入場,A,5.0,,番手,2026-09-25 01:01:12,scrape_observed,2026-09-26 00:01:10,,,listing,2,40000,"【2名義中2番手／2枚】

初期当選／すり替えなし／有効期限内／下3桁提示可能

・当日は会場付近で待ち合わせのうえ、同時入場していただきます。

・同時入場後...",True
i1s7d619el,,milesixtones-2026,2026-11-22,16:30,日産スタジアム,electronic,none,QR毎(ゲートにより)又は同行,secret,5.0,,QR同行番手,2026-09-25 01:01:12,scrape_observed,2026-09-26 00:01:10,,,listing,2,30000,"🌟4名義中3番手／すり替えなし
全て初期当選、有効期限内、下3桁提示可🌟

購入希望の方はメッセージください。プライベート出品に切り替えます。


公演当日...",True
cskud6hq63,,milesixtones-2026,2026-11-22,16:30,日産スタジアム,electronic,female,ランダム配布,t,5.0,,ランダム,2026-09-25 01:01:12,scrape_observed,2026-09-25 11:01:14,,,listing,1,22000,入場後はチケットを一旦こちらで回収し、当方が座席選択をした後にランダムでお渡し致します。開演10分前までのお渡しです。ご購入者様が座席を選択することはできません...,True
ie4fjk611q,,milesixtones-2026,2026-11-22,16:30,日産スタジアム,electronic,female,同行,ら,5.0,,番手,2026-09-25 01:01:12,scrape_observed,2026-09-26 00:01:10,,,listing,2,45000,"初期当選/2名義中2番手/有効期限内/すり替えなし/着ブロ指定なし/下3桁提示可
プライベート出品可能◎

当日、開場の15分前頃にこちらが指定した場所で待ち合...",True
tpk2a1xd3d,,milesixtones-2026,2026-11-22,16:30,日産スタジアム,electronic,female,同行,s,5.0,,番手,2026-09-25 01:01:12,scrape_observed,2026-09-26 00:01:10,,,listing,2,75000,"5名義中2番手
全て初期当選、有効期限内、下3桁開示可能、すり替えなし、サイチェン可

QRの表示にご協力いただく場合がありますのでその際には持ち逃げ防止の観点...",True
pq7kiq5ohk,,milesixtones-2026,2026-11-22,16:30,日産スタジアム,electronic,female,公演前日QRコード共有,R,5.0,,QR,2026-09-25 01:01:12,scrape_observed,2026-09-25 04:01:12,,,listing,1,50000,"FC 初期当選 着ブロ希望なし すり替えなし 有効期限内 同一クレカ決済なし 発送物戻り・停止表示なし ご希望であれば会員番号下3桁提示可能
公演日前日までにロ...",True
s4d2kab97t,,milesixtones-2026,2026-11-22,16:30,日産スタジアム,electronic,female,ランダム配布,💫,5.0,,ランダム,2026-09-25 01:01:12,scrape_observed,2026-09-26 00:01:10,,,listing,2,28000,"・同時入場していただき一度チケットを回収し、開演時間までにランダムでチケットをお渡しします。座席選択はできません。

・複数人で入場するため、QRコードの表示に...",True
kz8r1k10is,,milesixtones-2026,2026-11-22,16:30,日産スタジアム,electronic,none,QR毎(ゲートにより)又は同行,secret,5.0,,QR同行番手,2026-09-25 01:01:12,scrape_observed,2026-09-26 00:01:10,,,listing,2,35000,"🎀4名義中2番手／すり替えなし
全て初期当選、有効期限内、下3桁提示可🎀

公演当日、最寄駅または会場付近にて待ち合わせし、同時入場していただきます。
詳し...",True
hnlbue33mp,,milesixtones-2026,2026-11-22,16:30,日産スタジアム,electronic,female,同行,u,5.0,,番手,2026-09-25 01:01:12,scrape_observed,2026-09-26 00:01:10,,,listing,2,65000,"6名義中2番手/すり替えなし/下3桁提示可能/有効期限内名義

2連優先

プライベート出品に切り替えますので
お取引希望の方はメッセージお願いいたします。...",True
99eiytyjc3,,milesixtones-2026,2026-11-22,16:30,日産スタジアム,electronic,female,同行,りりり,5.0,,番手,2026-09-25 01:01:12,scrape_observed,2026-09-26 00:01:10,,,listing,1,46000,"2名義中2番手 1枚(2連×2)
初期当選/すり替え無し/有効期限内/下3桁提示可能/同一クレカ無し/着ブロ選択無し/アリツ落選＆前回ドームスタンド席

・当日...",True
jndyxxqfu3,,milesixtones-2026,2026-11-22,16:30,日産スタジアム,electronic,female,同行,りー,5.0,,ランダム,2026-09-25 01:01:12,scrape_observed,2026-09-26 00:01:10,,,listing,2,22000,"ランダム配布
お席によってはそのままお渡し
上乗せにて早渡し または
11名義中5~11番手 金額によって番手検討

・開場1時間〜30分前に会場付近にてお待ち...",True
psa6qe1s8o,,milesixtones-2026,2026-11-22,16:30,日産スタジアム,electronic,female,同行,A,5.0,,番手,2026-09-25 01:01:12,scrape_observed,2026-09-26 00:01:10,,,listing,2,50000,"5名義中3番手 すり替えなし 下3桁提示可

・入場後1度チケットを回収し解散、座席の確認が出来次第再集合し座席を選択していただきます。
・入場はお連れ様と分か...",True
8m5vu0o30y,,milesixtones-2026,2026-11-22,16:30,日産スタジアム,electronic,female,同行,api,5.0,,同行番手,2026-09-25 01:01:12,scrape_observed,2026-09-26 00:01:10,,,listing,2,32000,"2名義中2番手でのお譲りになります。

出品消去されてしまったため、再出品。申し訳ございませんがコメントしていただいていた方、再度ご連絡いただけると助かります。...",True
ac6vbvgcn3,,milesixtones-2026,2026-11-22,16:30,日産スタジアム,electronic,female,5名義4番手 すり替えなし 初期当選 ,JM,5.0,,ランダム記載あり,2026-09-25 01:01:12,scrape_observed,2026-09-26 00:01:10,,,listing,2,35000,"5名義中4番手/初期当選/すり替えなし/下3桁提示可能/有効期限内
・同時入場し発券後、一旦チケットを回収いたします。確認に少しお時間頂く場合がございますがご了...",True
6tfviopwr1,,milesixtones-2026,2026-11-22,16:30,日産スタジアム,electronic,none,同行,ち,5.0,,ランダム,2026-09-25 01:01:12,scrape_observed,2026-09-26 00:01:10,,,listing,2,25000,"ランダム配布

⚠️プライベート出品にするのでコメントください

ランダム配布にご理解がある方のみお願いします。

複数名義所持してますのでこちらで選択後チケッ...",True
orbapm9s6a,,milesixtones-2026,2026-11-22,16:30,日産スタジアム,electronic,female,同行,u,5.0,,番手,2026-09-25 01:01:12,scrape_observed,2026-09-26 00:01:10,,,listing,2,45000,"6名義中3番手/すり替えなし/下3桁提示可能/有効期限内名義

2連優先

プライベート出品に切り替えますので
お取引希望の方はメッセージお願いいたします。...",True
wr9zcdwpsv,,milesixtones-2026,2026-11-22,16:30,日産スタジアム,electronic,female,同行,み,5.0,,同行,2026-09-25 01:01:12,scrape_observed,2026-09-26 00:01:10,,,listing,1,60000,"プライベート出品にて取引させて頂きますので、ご購入の方はメッセージお願い致します。

有効期限内/アリツア落選名義/下三桁提示可/初期当選/重複すり替えなし/着...",True
ra1pttt489,,milesixtones-2026,2026-11-22,16:30,日産スタジアム,electronic,female,同行,ゆ,5.0,,番手,2026-09-25 01:01:12,scrape_observed,2026-09-26 00:01:10,,,listing,2,50000,"6名義中3番手/すり替えなし/下3桁提示可/過去エラーなし/全て有効期限内/同一クレカ決済なし/発送物戻り名義なし/初期当選
※プライベート出品に切り替えさせて...",True
fgg7snfkcs,,milesixtones-2026,2026-11-22,16:30,日産スタジアム,electronic,none,ランダム配布,sss,5.0,,ランダム,2026-09-25 01:01:12,scrape_observed,2026-09-26 00:01:10,,,listing,2,23800,"ランダム配布のため買い手様自身では座席をお選び出来ません。
公演当日は開場時間30~40分前に会場付近にて待ち合わせし、同時入場していただきます。
当日手渡しの...",True
ythjwubgek,,milesixtones-2026,2026-11-22,16:30,日産スタジアム,electronic,female,同行,U,5.0,,ランダム,2026-09-25 01:01:12,scrape_observed,2026-09-25 03:01:12,,,listing,1,21000,【入場時ランダムエラーの場合の全額返金保証、立見なし】ランダムのお渡しとなり、購入者様の座席選択権はありませんことご理解下さい。(連番での落札は必ず連番のお譲り...,True
yhumf2mcff,,milesixtones-2026,2026-11-22,16:30,日産スタジアム,electronic,none,QR毎又は番手,secret,5.0,,QR同行番手,2026-09-25 01:01:12,scrape_observed,2026-09-26 00:01:10,,,listing,2,32000,"🤎4名義中2番手／すり替えなし
全て初期当選、有効期限内、下3桁提示可🤎

公演当日、最寄駅または会場付近にて待ち合わせし、同時入場していただきます。
詳し...",True
4poq2vx4hp,,milesixtones-2026,2026-11-22,16:30,日産スタジアム,electronic,female,当日,あ,5.0,,ランダム記載あり,2026-09-25 01:01:12,scrape_observed,2026-09-26 00:01:10,,,listing,2,25000,"ランダム配布

以下の内容に全てご同意いただける方でお願いいたします。また、購入いただいた時点でご同意いただいたとみなします。

・公演当日は開演2時間前（14...",True
7flk4ae7x0,,milesixtones-2026,2026-11-22,16:30,日産スタジアム,electronic,female,同行,y,5.0,,番手,2026-09-25 01:01:12,scrape_observed,2026-09-26 00:01:10,,,listing,2,35000,"2名義中2番手/初期当選/下3桁提示可/有効内/郵送物戻り無し/すり替え無し/2名義とも前回スタンド

※プラベル出品に移行いたしますので、ご購入希望の方はご連...",True
eigbct2a4g,,milesixtones-2026,2026-11-22,16:30,日産スタジアム,electronic,female,同行,u,5.0,,番手,2026-09-25 01:01:12,scrape_observed,2026-09-26 00:01:10,,,listing,2,30000,"6名義中4番手/すり替えなし/下3桁提示可能/有効期限内名義

2連優先

プライベート出品に切り替えますので
お取引希望の方はメッセージお願いいたします。...",True
i514xc6zer,,milesixtones-2026,2026-11-22,16:30,日産スタジアム,electronic,female,同行,M,5.0,,ランダム,2026-09-25 01:01:12,scrape_observed,2026-09-26 00:01:10,,,listing,2,22000,"【ランダム配布】
お取引はプラベルにて行いますのでご購入の際は中相場買取予定の有無と共にコメントいただきますようお願いいたします。
チケテンご希望の場合は手数料...",True
d8dnhgrhca,,milesixtones-2026,2026-11-22,16:30,日産スタジアム,electronic,female,ランダム配布,💫,5.0,,ランダム記載あり,2026-09-25 01:01:12,scrape_observed,2026-09-26 00:01:10,,,listing,2,26000,・同時入場していただき一度チケットを回収し、開演時間までにランダムでチケットをお渡しします。座席選択はできません。席次第で入場してすぐお渡しする可能性あります。...,True
k02sft70n8,,milesixtones-2026,2026-11-22,16:30,日産スタジアム,electronic,female,同行,💙,5.0,,番手同行,2026-09-25 01:01:12,scrape_observed,2026-09-26 00:01:10,,,listing,1,35000,"4名義中3番手 残り1枚
下3桁提示可すり替えなし
・プライベート出品に変更致しますので希望額と枚数をメッセージでお気軽にお伝えください。不明点等は必ず購入前に...",True
7ct1lfl4v1,,milesixtones-2026,2026-11-22,16:30,日産スタジアム,electronic,female,ランダム配布,J,5.0,,ランダム,2026-09-25 01:01:12,scrape_observed,2026-09-25 15:01:16,,,listing,2,21111,"プライベート出品にしますので購入前に希望枚数ご連絡ください。
・ランダム配布となりますのでご理解のある方のみご購入ください。
・開場30〜40分前(13:50〜...",True
6xb8x0pfjz,,milesixtones-2026,2026-11-22,16:30,日産スタジアム,electronic,female,同行,⭐︎,5.0,,番手,2026-09-25 01:01:12,scrape_observed,2026-09-26 00:01:10,,,listing,2,36000,"4名義中3番手
有効期限内、下三桁提示可、すり替えなし

・複数の方にお集まり頂くため時間厳守でお願いします。購入者様が大幅に時間が遅れてしまう場合、待たずに入...",True
869vrg6cdl,,milesixtones-2026,2026-11-07,17:00,ヤンマースタジアム長居,electronic,female,同行,✧,5.0,,同行,2026-09-25 02:01:16,scrape_observed,2026-09-26 01:01:13,,,listing,1,50000,"プラベル出品に切り替えますので、担当等コメントにて明記のほどよろしくお願いいたします。

当方と同行/アリツア落選名義/有効期限内/すり替えなし/田中担不可...",True
oping2miwd,,milesixtones-2026,2026-11-07,17:00,ヤンマースタジアム長居,electronic,female,公演前日にログイン情報お伝え,Lily,5.0,,QR,2026-09-25 02:01:16,scrape_observed,2026-09-26 01:01:13,,,listing,2,70000,"初期当選/2枚QR毎/重複すり替えなし/会員番号下3桁提示可/有効期限内/発送物戻りなし/コンビニ決算/

ご購入いただいてすぐに下3桁ご提示いたします。公演前...",True
8nkwyio2mg,,milesixtones-2026,2026-11-07,17:00,ヤンマースタジアム長居,electronic,female,公演前日にログイン情報共有,a,5.0,,QR,2026-09-25 02:01:16,scrape_observed,2026-09-26 01:01:13,,,listing,2,55000,"初期当選/2枚QR毎/重複すり替えなし/会員番号下3桁提示可/有効期限内/発送物戻りなし/初当選/同行者登録可

メッセージいただければプライベート出品に変更可...",True
4qvex1rnqq,,milesixtones-2026,2026-11-07,17:00,ヤンマースタジアム長居,electronic,female,同行,^_^,5.0,,同行,2026-09-25 02:01:16,scrape_observed,2026-09-26 01:01:13,,,listing,1,0,"重複あり、複数名義中番手お渡し(3名義中3番手)
初期当選/有効期限内/着ブロなし/下3桁提示可能
プライベート出品しますので購入されずにまずお声がけください。...",True
z2ck01k6j0,,milesixtones-2026,2026-11-07,17:00,ヤンマースタジアム長居,electronic,female,3名義中3番手,R,5.0,,番手,2026-09-25 02:01:16,scrape_observed,2026-09-26 01:01:13,,,listing,2,33000,"3名義中3番手【ランエラ一部返金可⭐️】
プラベル出品に切り替えますので、お取引希望の方はメッセージにてご連絡ください。

初期当選 / 有効期限内 / すり替...",True
krzr47s67h,,milesixtones-2026,2026-11-07,17:00,ヤンマースタジアム長居,electronic,female,同行,m♪,5.0,,ランダム記載あり,2026-09-25 02:01:16,scrape_observed,2026-09-26 01:01:13,,,listing,2,30000,"FC先行/有効期限名義のみ/アリツア落選名義/すり替えなし/下3桁提示可/条件あり

・3名義中3名義目のお譲りです。
・当方が選ばなかったチケットをお渡し致し...",True
kileb6bzq9,,milesixtones-2026,2026-11-07,17:00,ヤンマースタジアム長居,electronic,female,3名義中2番手,R,5.0,,番手,2026-09-25 02:01:16,scrape_observed,2026-09-26 01:01:13,,,listing,2,45000,"3名義中2番手【ランエラ一部返金可⭐️】
プラベル出品に切り替えますので、お取引希望の方はメッセージにてご連絡ください。

初期当選 / 有効期限内 / すり替...",True
strccxj2eb,,milesixtones-2026,2026-11-07,17:00,ヤンマースタジアム長居,electronic,female,初期当選、QR毎、重複すり替えなし、下3桁可能、有効期限内,J,5.0,,QR,2026-09-25 02:01:16,scrape_observed,2026-09-26 01:01:13,,,listing,2,65000,"過去当選2公演ともスタンド席です。チケホル登録忘れてるので気になる方はご購入お控えください。
プラベル可能です、コメントください。
前日になりしたらログイン情報...",True
ize4wop7mo,,milesixtones-2026,2026-11-07,17:00,ヤンマースタジアム長居,electronic,female,公演前日ログイン情報共有,り,5.0,,QR,2026-09-25 02:01:16,scrape_observed,2026-09-26 01:01:13,,,listing,2,47000,"2連QR毎・初期当選・着ブロなし・下3桁提示可・当選歴なし
入場後速やかにログアウト、必ず開演前までに評価をお願いいたします。
購入者都合での返金一切受け付けま...",True
wjf7zxvjs8,,milesixtones-2026,2026-11-07,17:00,ヤンマースタジアム長居,electronic,female,同行,にゃにゃ,5.0,,同行,2026-09-25 02:01:16,scrape_observed,2026-09-25 14:01:13,,,listing,1,40000,"当方と同行/初期当選/重複・すり替えなし/下3桁表示可/ 有効期限内/着ブロ希望なし/サイチェン可/アリツ落選名義

・2連中の1枚当方（森本担 同担可）との同...",True
kq169dkx6v,,milesixtones-2026,2026-11-07,17:00,ヤンマースタジアム長居,electronic,female,当日手渡し,てむ,5.0,,QR,2026-09-25 02:01:16,scrape_observed,2026-09-26 01:01:13,,,listing,1,50000,"初期当選/1枚QR毎/重複すり替えなし/会員番号下3桁提示可/有効期限内/アリツ落選

・公演当日、会場付近にて待ち合わせを行い同時入場していただきます。
・入...",True
ttfw9xh79k,,milesixtones-2026,2026-11-07,17:00,ヤンマースタジアム長居,electronic,none,公演日前日までにQRコード共有,cc,5.0,,QR,2026-09-25 02:01:16,scrape_observed,2026-09-25 13:01:12,,,listing,1,43000,"初期当選 重複なし　座席未定　すり替えなし　会員番号下3桁提示可能　QR毎　有効期限内名義

公演前日にログイン情報をお伝えします。
公演中止の場合のみ返金いた...",True
w4wcq4q0vf,,milesixtones-2026,2026-11-07,17:00,ヤンマースタジアム長居,electronic,female,同行,り,5.0,,同行番手,2026-09-25 02:01:16,scrape_observed,2026-09-26 01:01:13,,,listing,2,45000,"3名義重複/2番手2連/座種未定/初期当選/すり替えなし/下3桁提示可能/公演日有効期限内

※開示懸念のため1部サイト優先。
お話まとまり次第専用またはプラベ...",True
ji6twuoy04,,milesixtones-2026,2026-11-07,17:00,ヤンマースタジアム長居,electronic,female,公演日2日までにログイン情報共有,ましゅまろ,5.0,,ランダム記載あり,2026-09-25 02:01:16,scrape_observed,2026-09-26 01:01:13,,,listing,1,60000,"当選歴無し/重複すり替えなし/入場後サイチェン可/下3桁提示可/有効期限内/郵送物戻り無し/

前日までにログイン情報お伝えします。

入場後すぐに受取評価、ロ...",True
r3xws3j58t,,milesixtones-2026,2026-11-07,17:00,ヤンマースタジアム長居,electronic,none,同時入場,れ,5.0,,番手,2026-09-25 02:01:16,scrape_observed,2026-09-26 01:01:13,,,listing,2,45000,"2名義中2番手/下三桁提示可能/着ブロ希望無し/有効期限内/初期当選/すり替えなし/本人確認不可/サイチェン可/すべてアリツア落選名義
・2名義中2番手のです。...",True
af6b59igkb,,milesixtones-2026,2026-11-07,17:00,ヤンマースタジアム長居,electronic,female,同行,333,4.9,,ランダム,2026-09-25 02:01:16,scrape_observed,2026-09-26 01:01:13,,,listing,1,21800,⭐️開示対策の為プライベート出品に切り替えますのでご希望の方は⚠️リクエストではなく個別メッセージお願いいたします⭐️中相場での買取、上乗せにて早渡しも可能です...,True
sc0jxr7gn3,,milesixtones-2026,2026-11-07,17:00,ヤンマースタジアム長居,electronic,female,同行,Lo,5.0,,同行番手,2026-09-25 02:01:16,scrape_observed,2026-09-26 01:01:13,,,listing,2,35000,"2名義中2番手
すり替えなし/有効期限内/下3桁提示可
プライベート出品に変更するため購入前にコメントお願いします。

《条件》
・取引経験のある日本人女性のみ...",True
kzlnsuxi7o,,milesixtones-2026,2026-11-07,17:00,ヤンマースタジアム長居,electronic,female,同行,m,4.9,,同行ランダム,2026-09-25 02:01:16,scrape_observed,2026-09-26 01:01:13,,,listing,2,40000,🌟すり替えなしランダム🌟すべて初期当選、有効期限内、着ブロなし、下3桁提示可能です。複数名義当選のため、開演時刻の2時間30分前までに会場付近に集合していた...,True
z0bw4tgaz7,,milesixtones-2026,2026-11-07,17:00,ヤンマースタジアム長居,electronic,female,同行,n,5.0,,番手同行,2026-09-25 02:01:16,scrape_observed,2026-09-26 01:01:13,,,listing,2,30000,"3名義中3番手/すり替えなし/着ブロなし/有効期限内/下3桁提示可
会場付近にて待ち合わせし、同時入場していただきます。
座席の選択権はございません。入場後一旦...",True
xkqy8zsft5,,milesixtones-2026,2026-11-07,17:00,ヤンマースタジアム長居,electronic,female,公演日前日にログイン情報お伝え,AIka,5.0,,QR,2026-09-25 02:01:16,scrape_observed,2026-09-26 01:01:13,,,listing,2,50000,"初期当選／QRごと／重複すり替えなし／会員番号下3桁提示可／有効期限内／発送物戻りなし／アリツ落選名義／着席希望なし

・ご購入いただいてすぐに下3桁ご提示いた...",True
31s36um206,,milesixtones-2026,2026-11-07,17:00,ヤンマースタジアム長居,electronic,female,同行,m,5.0,,番手,2026-09-25 02:01:16,scrape_observed,2026-09-26 01:01:13,,,listing,2,35000,"3名義中2番手2連
全て初期当選、有効期限内名義、すり替えなし、名義下3桁提示可

ゲートが別れた際はQRコードでのお譲りになる場合がございます。（３番手の方と...",True
2f6s39nqr3,,milesixtones-2026,2026-11-07,17:00,ヤンマースタジアム長居,electronic,female,同行,m♪,5.0,,ランダム記載あり,2026-09-25 02:01:16,scrape_observed,2026-09-26 01:01:13,,,listing,2,45000,"FC先行/有効期限名義のみ/アリツア落選名義/すり替えなし/下3桁提示可/条件あり

・3名義中2名義目のお譲りです。
・お席の選択に時間を頂きますので、ご了承...",True
ktoefdqlkj,,milesixtones-2026,2026-11-07,17:00,ヤンマースタジアム長居,electronic,female,同行,ぴぴぴ,5.0,,ランダム,2026-09-25 02:01:16,scrape_observed,2026-09-26 01:01:13,,,listing,1,24000,"プラベルにて出品致しますので、購入希望の方はメッセージお願いいたします。
少数ランダム 開場20分前に待ち合わせ
同時入場後一旦チケットを回収し当方が座席を確認...",True
pzuqt356hs,,milesixtones-2026,2026-11-07,17:00,ヤンマースタジアム長居,electronic,female,同行,R,5.0,,番手,2026-09-25 02:01:16,scrape_observed,2026-09-26 01:01:13,,,listing,2,30000,"3名義中3番手/すり替えなし/下3桁提示可/初期当選/有効期限内/着ブロ希望なし/MILESixTONESアリツア落選名義

当日は開場15分前ごろに集合し、同...",True
a5mdoz2j52,,milesixtones-2026,2026-11-07,17:00,ヤンマースタジアム長居,electronic,female,同時入場,🐶,5.0,,番手,2026-09-25 02:01:16,scrape_observed,2026-09-26 01:01:13,,,listing,1,35000,"【3名義中3番手】
※ ご購入者様にお席の選択権はございません

○当日は開場10分前に集合し同時入場をお願いします。 同時入場後全てのチケットを回収し、当方が...",True
vvq3vjgjmj,,milesixtones-2026,2026-11-07,17:00,ヤンマースタジアム長居,electronic,female,同行,m,4.9,,同行ランダム,2026-09-25 02:01:16,scrape_observed,2026-09-26 01:01:13,,,listing,1,30000,"複数名義当選のため、開演時刻の2時間30分前までに会場付近に集合していただき、同時入場後、一旦チケットを回収してこちらで先に座席選択させていただきます。
複数の...",True
g8yj62rffj,,milesixtones-2026,2026-11-07,17:00,ヤンマースタジアム長居,electronic,male,公演日1日前にログイン情報お知らせします。,YU,5.0,,QR,2026-09-25 02:01:16,scrape_observed,2026-09-26 01:01:13,,,listing,1,60000,"QRコード毎の取引です。
重複すり替えなし有効期限内/下3桁開示可",True
jud25k88dz,,milesixtones-2026,2026-11-07,17:00,ヤンマースタジアム長居,electronic,female,同行,ぴか,5.0,,同行,2026-09-25 02:01:16,scrape_observed,2026-09-26 01:01:13,,,listing,1,40000,"※プラベル出品に切り替えますので、担当記載の上コメントください。

重複すり替えなし、初期当選、本人確認不可。ジェシー担不可。いかなる場合も返金なし、サイチェン...",True
v8tfxa6ip6,,milesixtones-2026,2026-11-07,17:00,ヤンマースタジアム長居,electronic,female,同行,ぴよ,5.0,,同行番手,2026-09-25 02:01:16,scrape_observed,2026-09-25 06:01:17,,,listing,1,60000,"2名義中1番手同行/松村担不可/下三桁提示可能/着ブロ希望無し/有効期限内/初期当選/すり替えなし/本人確認不可/サイチェン可

・2名義中1番手の同行です。チ...",True
47fqe354nv,,milesixtones-2026,2026-11-07,17:00,ヤンマースタジアム長居,electronic,female,公演当日ログイン情報共有,星,5.0,,QR,2026-09-25 02:01:16,scrape_observed,2026-09-26 01:01:13,,,listing,2,48000,"会員番号20万以内／初期当選／QRごと／YO・アリツ落選名義／会員番号下3桁提示可／有効期限内／発送物戻りなし／着席希望なし

※特別出品orプラベルにて再度出...",True
2vvowgpx53,,milesixtones-2026,2026-11-07,17:00,ヤンマースタジアム長居,electronic,female,同行,m,5.0,,同行番手,2026-09-25 02:01:16,scrape_observed,2026-09-26 01:01:13,,,listing,2,45000,"2名義中2番手/初期当選/有効期限内名義/すり替えなし(下3桁提示可能)/着ブロなし

プラベルにてお取引可能です。

・チケット発券後、チケットをすべて回収さ...",True
g9my6v5qby,,milesixtones-2026,2026-11-07,17:00,ヤンマースタジアム長居,electronic,female,会場付近で待ち合わせし同時入場,れに,5.0,,番手,2026-09-25 02:01:16,scrape_observed,2026-09-25 04:01:12,,,listing,2,34000,"FC先行座席未定3名義中3番手すり替えなし/着
ブロ希望名義無／有効期限内／下3桁提示可能
会場付近にて待ち合わせし、同時入場していただきます。
詳しい待ち合わ...",True
1q25pefn4y,,milesixtones-2026,2026-11-07,17:00,ヤンマースタジアム長居,electronic,female,会場付近で集合し、同時入場,れに,5.0,,番手,2026-09-25 02:01:16,scrape_observed,2026-09-26 01:01:13,,,listing,2,44000,"FC先行座席未定2名義中2番手すり替えなし/着
ブロ希望名義無／有効期限内／下3桁提示可能
会場付近にて待ち合わせし、同時入場していただきます。
詳しい待ち合わ...",True
uhrk6oy0n7,,milesixtones-2026,2026-11-07,17:00,ヤンマースタジアム長居,electronic,female,公演日前日にログイン情報の共有,もちゅ,5.0,,QR,2026-09-25 02:01:16,scrape_observed,2026-09-26 01:01:13,,,listing,2,60000,"QR毎/初期当選/有効期限内/下3桁提示可/発送物戻りなし/着ブロ希望なし

公演日前日にログイン情報をお伝えします。

公演中止の場合のみ、手数料を引いた金額...",True
6wwsej7wsi,,milesixtones-2026,2026-11-08,17:00,ヤンマースタジアム長居,electronic,female,同行,なにぷり,5.0,,番手,2026-09-25 02:01:16,scrape_observed,2026-09-26 01:01:13,,,listing,2,40000,"3名義中2番手 全てアリツア落選名義
下三桁提示可能/すり替えなし/初期当選/有効期限内/サイチェン可

・公演当日は開場時間20~30分前に会場付近で待ち合わ...",True
dm6yt68oq8,,milesixtones-2026,2026-11-08,17:00,ヤンマースタジアム長居,electronic,female,同行,m♪,5.0,,ランダム記載あり,2026-09-25 02:01:16,scrape_observed,2026-09-26 01:01:13,,,listing,2,30000,"FC先行/有効期限名義のみ/アリツア落選名義/すり替えなし/下3桁提示可/条件あり

・3名義中3名義目のお譲りです。
・当方が選ばなかったチケットをお渡し致し...",True
c7qmywpkfc,,milesixtones-2026,2026-11-08,17:00,ヤンマースタジアム長居,electronic,female,同行,あ,5.0,,同行,2026-09-25 02:01:16,scrape_observed,2026-09-25 10:01:13,,,listing,1,30000,"同行/京本担不可//座種未定/初期当選/すり替えなし/下3桁掲示可/有効期限内/アリツア落選名義/過去エラー無し、発送物戻りなし/女性名義/
※プラベル移行も可...",True
qexfp5iff9,,milesixtones-2026,2026-11-08,17:00,ヤンマースタジアム長居,electronic,female,当日手渡し,M,5.0,,番手,2026-09-25 02:01:16,scrape_observed,2026-09-26 01:01:13,,,listing,2,25000,3名義3番手  すり替えなし 下3桁提示可,True
w7csp64lwg,,milesixtones-2026,2026-11-08,17:00,ヤンマースタジアム長居,electronic,female,公演前日ログイン情報の共有,ずみ,5.0,,QR,2026-09-25 02:01:16,scrape_observed,2026-09-26 01:01:13,,,listing,2,48000,"QR毎/2連番/初当選名義/98万台/有効期限内/下3桁提示可/同行者非会員/他G含めエラーなし

・公演日前日ログイン情報を共有いたします。開演時間15分後に...",True
3gj27h5t4s,,milesixtones-2026,2026-11-08,17:00,ヤンマースタジアム長居,electronic,female,同行,rn,5.0,,同行,2026-09-25 02:01:16,scrape_observed,2026-09-26 01:01:13,,,listing,1,40000,"当方(松村担)と同行
重複すり替え無し / 初期当選 / 有効期限内 / アリツア落選名義 / 同一クレカ決済無し / 着ブロ指定無し / 下三桁提示可

⚠️...",True
gmpr5e93sv,,milesixtones-2026,2026-11-08,17:00,ヤンマースタジアム長居,electronic,female,公演日1日前までにログイン情報共有,,,,QR,2026-09-25 02:01:16,scrape_observed,2026-09-25 02:01:16,,,listing,1,50000,"FC先行/初期当選/QR毎/購入後下3桁提示可/すり替え重複なし/有効期限内/郵便物戻りなし/着ブロ指定なし
エラー履歴無い
ログイン情報は前日にお伝えします。
入場後は速やかにログアウトお願いいたします。
公演中止の際は、手数料を差し引いた金額のみご返金させて頂きます。
公演中止以外（座席のクレーム、体調不良、出演者変更、ランダムエラー、赤線エラー等の理由）は、如何なる場合も返金致しませんのでご了承ください。
以上の事項を全てご理解頂きご購入ください。
コメントをする（0）
コメントを読み込んでいます。
コメントを投稿するにはログインが必要です。
売り切れ
あなたと出品者とのやり取りが表示されます。第三者に閲覧されることはありません。
まだメッセージのやり取りはありません
売り切れ
ホーム
出品
検討中
ひろば
メッセージ
マイページ
このチケットは売り切れました
この出品はすでに購入されています。同じ日程の他のチケットをご覧ください。
同日程のチケットを探す
チケテン！
ライブ中の席交換もできる総合チケットサイト。安全な取引をサポートします。
ホーム
マイページ
お問い合わせ
お知らせ
使い方ガイド
コラム
Magazine
提携メディア
利用規約
プライバシーポリシー
特定商取引法に基づく表記
チケット不正転売禁止法について
手数料
© 2025 Wakuste LLC. All rights reserved.
ホーム
出品
検討中
ひろば
メッセージ
マイページ",True
jlialr7qkp,,milesixtones-2026,2026-11-08,17:00,ヤンマースタジアム長居,electronic,female,ランダム配布,じゅ,5.0,,ランダム,2026-09-25 02:01:16,scrape_observed,2026-09-26 01:01:13,,,listing,1,23000,"⭐️少人数ランダム

プライベートモードにて再出品いたしますので、ご希望の方はメッセージお願いいたします。


ご購入者様に発券のお手伝いをお願いする場合がござ...",True
d7db360tlt,,milesixtones-2026,2026-11-08,17:00,ヤンマースタジアム長居,electronic,female,同行,あ,5.0,,番手,2026-09-25 02:01:16,scrape_observed,2026-09-26 01:01:13,,,listing,2,50000,"4名義中2番手/すり替えなし/全て有効期限内/初期当選/同一クレカ支払いなし/発送物戻り名義なし/下3桁提示可

当日は開場30分前頃に、会場付近の当方指定場所...",True
evrblsgung,,milesixtones-2026,2026-11-08,17:00,ヤンマースタジアム長居,electronic,female,同行,ゆ,5.0,,番手,2026-09-25 02:01:16,scrape_observed,2026-09-26 01:01:13,,,listing,2,45000,"初期当選/有効期限内/すり替えなし/3名義中2番手/下3桁提示可/着ブロ含まず

・当日はこちらが指定した場所にて開場15分前に待ち合わせし、同時入場していただ...",True
n829h9bc5d,,milesixtones-2026,2026-11-08,17:00,ヤンマースタジアム長居,electronic,none,同行,まろん,5.0,,同行,2026-09-25 02:01:16,scrape_observed,2026-09-25 23:01:10,,,listing,1,40000,"当方と同行/初期当選/すり替えなし/下3桁表示可/ 有効期限内/着ブロ希望なし/アリツ落選名義

・2連中の1枚当方（森本担 同担可）との同行になります。
・連...",True
hkqfjulgk4,,milesixtones-2026,2026-11-08,17:00,ヤンマースタジアム長居,electronic,female,4名義中2番手,は,5.0,,番手,2026-09-25 02:01:16,scrape_observed,2026-09-26 01:01:13,,,listing,2,50000,"ファンクラブ先行/有効期限内/すり替え無し /下3桁提示可 /


複数名義所持のため、他の方がチケットを選んだ後、4名義中2番目にチケットを配布します。
また...",True
nny8i83kap,,milesixtones-2026,2026-11-08,17:00,ヤンマースタジアム長居,electronic,female,同行,り,5.0,,同行,2026-09-25 02:01:16,scrape_observed,2026-09-26 01:01:13,,,listing,1,60000,"2連中1枚当方と同行/重複すり替えなし/アリツ落選名義 YOスタンド/初期当選/下三桁提示可/有効期限内/着ブロなし
※プライベート出品しますので、ご購入希望の...",True
fyut0e3v4u,,milesixtones-2026,2026-11-08,17:00,ヤンマースタジアム長居,electronic,female,4名義中3番手,pi,5.0,,番手,2026-09-25 02:01:16,scrape_observed,2026-09-26 01:01:13,,,listing,2,35000,"初期当選/4名義中3番手/アリツア落選名義/すり替えなし/下3桁提示可/有効期限内/配送物戻りなし/サイチェン可

・待ち合わせ場所や時間などの詳細は決まり次第...",True
i3f4qypkdb,,milesixtones-2026,2026-11-08,17:00,ヤンマースタジアム長居,electronic,female,同行,m,4.9,,同行ランダム,2026-09-25 02:01:16,scrape_observed,2026-09-26 01:01:13,,,listing,1,30000,"複数名義当選のため、開演時刻の2時間30分前までに会場付近に集合していただき、同時入場後、一旦チケットを回収してこちらで先に座席選択させていただきます。
複数の...",True
di2snvbn0w,,milesixtones-2026,2026-11-08,17:00,ヤンマースタジアム長居,electronic,female,同行,る,5.0,,同行番手,2026-09-25 02:01:16,scrape_observed,2026-09-26 01:01:13,,,listing,2,24550,"全て初期当選、FC先行、アリツア落選名義、3番手中3番手 、QR発券のため座席未定

松村名義×1、京本名義×2。全て有効期限内、ペイジー決済、着席ブロック希望...",True
cmpkhagoul,,milesixtones-2026,2026-11-08,17:00,ヤンマースタジアム長居,electronic,female,同行,s,5.0,,ランダム同行,2026-09-25 02:01:16,scrape_observed,2026-09-26 01:01:13,,,listing,2,30000,"座席未定、少人数ランダム配布
🌟発券した座席次第ではすぐにお渡しいたします！
・2枚での購入の場合は2連でのお渡し可能です。
・プライベート出品に切り替えます...",True
689k1nc27g,,milesixtones-2026,2026-11-08,17:00,ヤンマースタジアム長居,electronic,female,同時入場,K⭐️,5.0,,同行番手,2026-09-25 02:01:16,scrape_observed,2026-09-26 01:01:13,,,listing,1,28000,"xxrxn1999様　専用

2名義中1番手 同行

初期当選/有効期限内/すり替えなし/下3桁提示可能/サイチェン可/京本担不可

＊公演中止以外の返金、キャ...",True
r0hkp9xwri,,milesixtones-2026,2026-11-08,17:00,ヤンマースタジアム長居,electronic,female,公演日前日までにログイン情報共有,y,5.0,,QR,2026-09-25 02:01:16,scrape_observed,2026-09-26 01:01:13,,,listing,2,42000,初期当選、重複すり替え無し、下3桁提示可,True
4952ygzxuo,,milesixtones-2026,2026-11-08,17:00,ヤンマースタジアム長居,electronic,female,入金後24時間以内にQRコード共有,ま♡,5.0,,番手,2026-09-25 02:01:16,scrape_observed,2026-09-26 01:01:13,,,listing,2,0,"11/8 ヤンマースタジアム長居 
4名義中、2番手
初期当選/有効期限内/重複すり替え無し/下3桁提示可

公演当日は開演2時間30分前にこちらが指定する場所...",True
f575tjwtrn,,milesixtones-2026,2026-11-08,17:00,ヤンマースタジアム長居,electronic,female,同行,ゆ,5.0,,同行,2026-09-25 02:01:16,scrape_observed,2026-09-26 01:01:13,,,listing,1,45000,"2連中1枚 当方（京本担）との同行/初期当選/重複すり替えなし/下3桁提示可/有効期限内/着ブロなし

プライベート出品に変更いたしますので、お取引希望の方はメ...",True
o8ypa6ebyk,,milesixtones-2026,2026-11-08,17:00,ヤンマースタジアム長居,electronic,female,同行,m,4.9,,同行ランダム,2026-09-25 02:01:16,scrape_observed,2026-09-26 01:01:13,,,listing,2,40000,🌟すり替えなしランダム🌟すべて初期当選、有効期限内、着ブロなし、下3桁提示可能です。複数名義当選のため、開演時刻の2時間30分前までに会場付近に集合していた...,True
tp60dltlmb,,milesixtones-2026,2026-11-08,17:00,ヤンマースタジアム長居,electronic,female,連絡ボード,ゆ,5.0,,番手,2026-09-25 02:01:16,scrape_observed,2026-09-26 01:01:13,,,listing,2,40000,"FC/すり替えなし/期限内/2名義中2番手/下3桁提示可

サイト通し分1、当日手渡し3の4/枚チケットになります。こちらにご納得頂ける方のみのみご購入ください...",True
8x1o4hr2ho,,milesixtones-2026,2026-11-08,17:00,ヤンマースタジアム長居,electronic,female,同行,m,5.0,,同行記載あり,2026-09-25 02:01:16,scrape_observed,2026-09-26 01:01:13,,,listing,1,60000,"１名義のみの同行です。
⚠︎髙地担不可
初期当選/有効期限内/着ブロ希望なし/下3桁提示可/重複すり替えなし
プラベル通しに切り替えますのでご希望の方は一度ご連...",True
6grleodgi4,,milesixtones-2026,2026-11-08,17:00,ヤンマースタジアム長居,electronic,female,同行,a,5.0,,番手,2026-09-25 02:01:16,scrape_observed,2026-09-26 01:01:13,,,listing,2,37000,FC先行／初期当選／座席未定／2名義中2番手／すり替えなし／下3桁提示可／着ブロ希望なし／エラー、郵送物戻りなし／有効期限内名義／アリツア落選、過去歴スタンド席...,True
9n5q6kgt2d,,milesixtones-2026,2026-11-08,17:00,ヤンマースタジアム長居,electronic,female,同行,み,5.0,,同行,2026-09-25 02:01:16,scrape_observed,2026-09-26 01:01:13,,,listing,1,60000,"座席未定/FC先行/有効期限内/当方(田中担)と同行/下3桁提示可能

・開場時間15分前を目処に集合して頂き同時に入場致します。
・公共交通機関の遅延等いかな...",True
vuzf4p9yhu,,milesixtones-2026,2026-11-08,17:00,ヤンマースタジアム長居,electronic,female,ランダム,ぽ,5.0,,ランダム,2026-09-25 02:01:16,scrape_observed,2026-09-26 01:01:13,,,listing,1,25000,"💫超少人数ランダム
💫中相場買取可能

お取引はプラベルにて行いますのでご購入の際は中相場買取予定の有無と共にコメントいただきますようお願いいたします。
チ...",True
sxtu23rxtb,,milesixtones-2026,2026-11-08,17:00,ヤンマースタジアム長居,electronic,female,同行,か,5.0,,番手,2026-09-25 02:01:16,scrape_observed,2026-09-26 01:01:13,,,listing,2,38000,FC先行 2名義中2番手 初期当選 有効期限内名義 すり替えなし 下3桁提示可 着ブロ希望なし エラー、郵送物戻りなし、アリツ落選(前回スタンド)これ以上は提示...,True
t1akbctizj,,milesixtones-2026,2026-11-08,17:00,ヤンマースタジアム長居,electronic,female,QR毎,k,5.0,,ランダム,2026-09-25 02:01:16,scrape_observed,2026-09-26 01:01:13,,,listing,2,25000,"少数ランダム配布

前日までに集合場所をメッセージにてお送りいたします。
会場1時間前までに来ていただき、こちらがお渡しする端末でQR入場していただきます。
そ...",True
tscr0yu8u3,,milesixtones-2026,2026-11-08,17:00,ヤンマースタジアム長居,paper,female,当日手渡し,あ,5.0,,番手,2026-09-25 02:01:16,scrape_observed,2026-09-26 01:01:13,,,listing,2,34000,"FC先行 3名義中3番手 初期当選 座席未定 すり替えなし 2連 有効期限内 下3桁提示可 発送物戻りなし

公演当日は開場時間までに会場付近にて待ち合わせし、...",True
bx90njwrm8,,milesixtones-2026,2026-11-08,17:00,ヤンマースタジアム長居,electronic,female,同行,⭐︎,5.0,,番手,2026-09-25 02:01:16,scrape_observed,2026-09-25 12:01:18,,,listing,2,40000,"５名義中３番手
有効期限内、下三桁提示可、すり替えなし

・複数の方にお集まり頂くため時間厳守でお願いします。購入者様が大幅に時間が遅れてしまう場合、待たずに入...",True
kdjmb4l4be,,milesixtones-2026,2026-11-08,17:00,ヤンマースタジアム長居,electronic,female,QR毎/有効期限内FC,mi,5.0,,QR,2026-09-25 02:01:16,scrape_observed,2026-09-26 01:01:13,,,listing,2,50000,"プラベルにて再度出品いたしますので、お取引希望の方はメッセージにてご連絡ください。

【条件あり】
前日、または当日ログイン情報を連絡します。当日集合していただ...",True
elehi544ol,,milesixtones-2026,2026-11-08,17:00,ヤンマースタジアム長居,electronic,female,同行,SAYA,5.0,,同行,2026-09-25 02:01:16,scrape_observed,2026-09-25 11:01:14,,,listing,1,40000,前回当選時スタンド席、プラベル対応可、アリツア落選名義、FC初期当選、着ブロ希望なし、重複なし2連中の1枚同行、すり替なし下3桁可、Pay-easy支払い、期限...,True
zg6ajssdu8,,milesixtones-2026,2026-11-08,17:00,ヤンマースタジアム長居,electronic,female,同行,なにぷり,5.0,,番手,2026-09-25 02:01:16,scrape_observed,2026-09-26 01:01:13,,,listing,2,30000,"3名義中3番手 全てアリツア落選名義
下三桁提示可能/すり替えなし/初期当選/有効期限内/サイチェン可

・公演当日は開場時間20~30分前に会場付近で待ち合わ...",True
cpd3qnuh33,,milesixtones-2026,2026-11-08,17:00,ヤンマースタジアム長居,electronic,female,同行,mt,5.0,,同行,2026-09-25 02:01:16,scrape_observed,2026-09-26 01:01:13,,,listing,1,50000,"プライベート出品orプラベル出品にしますので購入前に一言お願いいたします。

有効期限内/YOスタンド.アリツ落選名義/下三桁提示可能/有効期限内/初期当選/重...",True
bgq02ftrag,,milesixtones-2026,2026-11-08,17:00,ヤンマースタジアム長居,electronic,female,同行,高菜,4.6,,番手,2026-09-25 02:01:16,scrape_observed,2026-09-26 01:01:13,,,listing,2,35000,"2名義中2番手

初期当選/有効期限内/すり替えなし/下3桁提示可能/2名義ともアリーナ落選 前回当選時スタンド席名義

〇公演中止以外の返金、キャンセル
（ラ...",True
yxf9pgs7aj,,milesixtones-2026,2026-11-08,17:00,ヤンマースタジアム長居,electronic,female,同時入場,Ｊ,5.0,,番手,2026-09-25 02:01:16,scrape_observed,2026-09-26 01:01:13,,,listing,2,46000,"4名義中2番手のお譲り
プラベル出品可/全て２連当選/すり替えなし/初期当選/当選名義下３桁提示/有効期限内/Pay-easy入金/着ブロ指定なし/サイチェン可...",True
e34zkils11,,milesixtones-2026,2026-11-08,17:00,ヤンマースタジアム長居,electronic,female,公演前日ログイン情報共有,M,5.0,,QR,2026-09-25 02:01:16,scrape_observed,2026-09-26 01:01:13,,,listing,2,54900,"QR毎 初期当選 下3桁提示可 重複すり替えなし 有効期限内 同行者登録可 着ブロ指定なし 発送物戻りなし アリツア落選名義

公演前日にログイン情報をお伝えい...",True
did4sdlp8t,,milesixtones-2026,2026-11-08,17:00,ヤンマースタジアム長居,electronic,female,同行,TK,5.0,,番手,2026-09-25 02:01:16,scrape_observed,2026-09-26 01:01:13,,,listing,2,35000,"初期当選/2名義中2番手/有効期限内／すり替えなし/下3桁提示可能/本人確認対応不可

頻繁に連絡が取れ、時間をお守りいただける方、日本語のわかる女性の方のみ...",True
byxd39z3la,,milesixtones-2026,2026-11-08,17:00,ヤンマースタジアム長居,electronic,female,同行,M,5.0,,番手,2026-09-25 02:01:16,scrape_observed,2026-09-26 01:01:13,,,listing,2,55000,"2名義中2番手/初期当選/着ブロなし/期限内名義/すり替えなし/下3桁提示可
【必ずお読みください】
・﻿﻿開演1時間前を目処に会場付近に集合し同時入場していた...",True
527uz8zets,,milesixtones-2026,2026-11-08,17:00,ヤンマースタジアム長居,electronic,female,同行,な,5.0,,番手,2026-09-25 02:01:16,scrape_observed,2026-09-26 01:01:13,,,listing,2,35000,"初期当選/ 2名義中2番手/サイチェン可/すり替え無し/着ブロ希望なし/同一クレカ決済なし/下3桁提示可/有効期限内

・公演当日会場付近にて開場10〜20分前...",True
mly0phqe4c,,milesixtones-2026,2026-11-08,17:00,ヤンマースタジアム長居,electronic,female,2名義中2番手,みる,5.0,,番手,2026-09-25 02:01:16,scrape_observed,2026-09-26 01:01:13,,,listing,2,35000,"初期当選/2名義中2番手/下3桁提示可/すり替えなし

・公演当日は開場15分前を目安に集合、同時入場をしていただきます。万が一、遅刻された場合は待たずに入場さ...",True
lmhdin4hi8,,milesixtones-2026,2026-11-08,17:00,ヤンマースタジアム長居,electronic,female,当日,てむ,5.0,,QR,2026-09-25 02:01:16,scrape_observed,2026-09-26 01:01:13,,,listing,1,40000,"初期当選/1枚QR毎/重複すり替えなし/会員番号下3桁提示可/有効期限内/アリツ落選

・公演当日、会場付近にて待ち合わせを行い同時入場していただきます。
・入...",True
g5zahhotwb,,milesixtones-2026,2026-11-08,17:00,ヤンマースタジアム長居,electronic,female,公演日前日までにログイン情報共有,kuromi.,5.0,,QR,2026-09-25 02:01:16,scrape_observed,2026-09-26 01:01:13,,,listing,2,50000,"QR毎/FC先行座席未定/すり替えなし/下3桁提示可/初期当選/有効期限内/着ブロ希望なし/MILESixTONESアリツア落選

公演日前日にログイン情報をお...",True
363g3rd6s6,,milesixtones-2026,2026-11-08,17:00,ヤンマースタジアム長居,electronic,female,同時入場後受け渡し,🩷,5.0,,番手,2026-09-25 02:01:16,scrape_observed,2026-09-26 01:01:13,,,listing,1,37000,"⭐️2名義中2番手
初期当選/すり替えなし/有効期限内/下3桁提示可能/発送戻りなし/全てアリツア落選名義


・公演当日は開場15分前を目処に会場付近にてお待...",True
84fjumqbpy,,milesixtones-2026,2026-11-08,17:00,ヤンマースタジアム長居,electronic,female,公演当日にログイン情報お渡し,p,5.0,,QR,2026-09-25 02:01:16,scrape_observed,2026-09-26 01:01:13,,,listing,1,55000,"重複なし
プライベート出品に切り替えますのでご希望の方はコメントお願いいたします。
公演中止以外の如何なる理由でも返金不可。",True
w9qhm6wkcy,,milesixtones-2026,2026-11-08,17:00,ヤンマースタジアム長居,electronic,female,同行,R,5.0,,同行番手,2026-09-25 02:01:16,scrape_observed,2026-09-26 01:01:13,,,listing,2,35000,"初期当選/2名義中2番手/有効期限内/すり替えなし/下3桁提示可能/本人確認対応不可

ブラベルにて専用出品させていただきますので、購入前にコメントください。...",True
ek32xe6mqs,,milesixtones-2026,2026-11-08,17:00,ヤンマースタジアム長居,electronic,female,同行,り,4.6,,同行,2026-09-25 02:01:16,scrape_observed,2026-09-26 01:01:13,,,listing,1,65000,"2名義中1番手/初期当選/着ブロなし/期限内名義
【必ずお読みください】
・﻿﻿開場30分前を目処に会場付近に集合し同時入場していただきます。詳しい集合時間、場...",True
hfbnbj8c8i,,milesixtones-2026,2026-11-08,17:00,ヤンマースタジアム長居,electronic,female,公演日前日にQRコード共有,ま,5.0,,QR,2026-09-25 02:01:16,scrape_observed,2026-09-25 13:01:12,,,listing,2,45000,"プラベル出品 連番 QR毎のお渡しになります。

初期当選/有効期限内名義/アリツ落選名義/下3桁提示可能/コンビニ入金済み/着ブロ指定なし/郵送物戻りなし...",True
u2zrnnqmei,,milesixtones-2026,2026-11-08,17:00,ヤンマースタジアム長居,electronic,female,同行,R,5.0,,同行,2026-09-25 02:01:16,scrape_observed,2026-09-26 01:01:13,,,listing,1,50000,"重複なし同行　下3提示可　有効期限内名義
・公演当日は開場時間15分前に会場付近で待ち合わせをし、同時入場していただきます。
・待ち合わせ場所、詳しい時間等は公...",True
1jadezdtee,,milesixtones-2026,2026-11-08,17:00,ヤンマースタジアム長居,electronic,female,同行,り,5.0,,同行番手,2026-09-25 02:01:16,scrape_observed,2026-09-26 01:01:13,,,listing,2,50000,"4名義重複/2番手2連/座種未定/初期当選/すり替えなし/下3桁提示可能/公演日有効期限内

※開示懸念のため1部サイト優先。
お話まとまり次第専用またはプラベ...",True
93gh1wi19s,,milesixtones-2026,2026-11-08,17:00,ヤンマースタジアム長居,electronic,female,QR毎,k,5.0,,QR,2026-09-25 02:01:16,scrape_observed,2026-09-26 01:01:13,,,listing,2,50000,"2名義中2番手
QR毎/初期当選/アリツア落選名義/重複すり替えなし/着ブロ希望なし/有効期限内

前日までに集合場所をメッセージにてお送りいたします。
会場1...",True
iln2kifgl8,,milesixtones-2026,2026-11-08,17:00,ヤンマースタジアム長居,electronic,female,4名義中2番手,pi,5.0,,番手,2026-09-25 02:01:16,scrape_observed,2026-09-26 01:01:13,,,listing,2,45000,"
初期当選/4名義中2番手/アリツア落選名義/すり替えなし/下3桁提示可/有効期限内/配送物戻りなし

・待ち合わせ場所や時間などの詳細は決まり次第ご連絡いたし...",True
1p819yhcuw,,milesixtones-2026,2026-11-08,17:00,ヤンマースタジアム長居,electronic,female,同行,る,5.0,,番手同行,2026-09-25 02:01:16,scrape_observed,2026-09-26 01:01:13,,,listing,2,33050,"全て初期当選、FC先行、アリツア落選名義、3番手中2番手 、QR発券のため座席未定

松村名義×1、京本名義×2。全て有効期限内、ペイジー決済、着席ブロック希望...",True
qjoedcridl,,milesixtones-2026,2026-11-08,17:00,ヤンマースタジアム長居,electronic,female,2名義中2番手,mo,5.0,,番手,2026-09-25 02:01:16,scrape_observed,2026-09-26 01:01:13,,,listing,2,45000,"2名義中2番手/座席未定/すり替えなし/下3桁提示可能/有効期限内

以下の記載内容をご確認の上ご購入ください。

【入場前】
同行者登録はこちらで行います。...",True
qg3jbaqr82,,milesixtones-2026,2026-11-08,17:00,ヤンマースタジアム長居,electronic,female,入金後24時間以内にQRコード共有,🅿️,5.0,,QR,2026-09-25 02:01:16,scrape_observed,2026-09-26 01:01:13,,,listing,2,50000,"プライベート出品に変更致しますので、購入希望の方はコメントお願い致します。

初期当選/アリツア落選名義/下3桁提示可/有効期限内/発送物戻し無し

公演中止の...",True
ep69zo8t08,,milesixtones-2026,2026-11-08,17:00,ヤンマースタジアム長居,electronic,none,ランダム配布,ゆゆゆ,4.8,,ランダム,2026-09-25 02:01:16,scrape_observed,2026-09-26 01:01:13,,,listing,2,25000,"◎お取引初心者の方でも安心してお取引できるよう対応いたします。分からないことがあればお気軽にご質問ください。

下記内容をよくお読みいただき理解した上でご購入く...",True
uzvf6dhw8w,,milesixtones-2026,2026-11-08,17:00,ヤンマースタジアム長居,electronic,female,公演日1日前までにQRコード共有,I,5.0,,QR,2026-09-25 02:01:16,scrape_observed,2026-09-26 01:01:13,,,listing,2,51000,"FC先行 / 初期当選/ アリツ落選名義/座席未定 / QR毎 /下3桁提示可/ 有効期限内 / 発送物戻りなし/着ブロ希望なし/ 同一クレカなし

プラベ出品...",True
d9d3fmdwkk,,milesixtones-2026,2026-11-08,17:00,ヤンマースタジアム長居,electronic,female,当日手渡し,M,5.0,,番手同行,2026-09-25 02:01:16,scrape_observed,2026-09-25 10:01:13,,,listing,1,30000,3名義中2番手 すり替えなし  同行,True
sbz2hdjyjs,,milesixtones-2026,2026-11-08,17:00,ヤンマースタジアム長居,electronic,female,4名義中3番手,は,5.0,,番手,2026-09-25 02:01:16,scrape_observed,2026-09-25 07:01:13,,,listing,2,30000,"ファンクラブ先行/有効期限内/すり替え無し /下3桁提示可 /


複数名義所持のため、他の方がチケットを選んだ後、4名義中3番目にチケットを配布します。
また...",True
wnpa1wm31s,,milesixtones-2026,2026-11-08,17:00,ヤンマースタジアム長居,electronic,female,当日手渡し,てむ,5.0,,QR,2026-09-25 02:01:16,scrape_observed,2026-09-26 01:01:13,,,listing,1,40000,"初期当選/1枚QR毎/重複すり替えなし/会員番号下3桁提示可/有効期限内/アリツ落選

・公演当日、会場付近にて待ち合わせを行い同時入場していただきます。
・入...",True
x7s0r60yp2,,milesixtones-2026,2026-11-21,16:30,日産スタジアム,electronic,female,同行,R,5.0,,番手同行,2026-09-25 02:01:16,scrape_observed,2026-09-26 01:01:13,,,listing,2,35000,"初期当選/2名義中2番手/有効期限内/すり替えなし/下3桁提示可能/本人確認対応不可

ブラベルにて専用出品させていただきますので、購入前にコメントください。...",True
7a02t42zc4,,milesixtones-2026,2026-11-21,16:30,日産スタジアム,electronic,female,公演日前日(18:00以降)にログイン情報をお貸しします。,MJGA,5.0,,QR,2026-09-25 02:01:16,scrape_observed,2026-09-26 01:01:13,,,listing,2,0,"FC初期当選/有効期限内/下3桁提示可/すり替えなし/初当選(当選履歴なし)/着席ブロック希望なし

・公演日前日(18:00以降)になりましたら、ログイン情報...",True
d08agy0y40,,milesixtones-2026,2026-11-21,16:30,日産スタジアム,electronic,none,4名義中3番手,中野,5.0,,ランダム記載あり,2026-09-25 02:01:16,scrape_observed,2026-09-26 01:01:13,,,listing,2,35000,"※プライベート出品いたしますので、メッセージをお願いいたします。


下三桁提示可能/有効期限内/初期当選/重複すり替えなし

・公演当日は開場時間20〜30分...",True
pup686frzy,,milesixtones-2026,2026-11-21,16:30,日産スタジアム,electronic,female,公演日前日(18:00以降)にログイン情報をお貸しします,MJGA,5.0,,QR,2026-09-25 02:01:16,scrape_observed,2026-09-26 01:01:13,,,listing,2,95000,"FC初期当選/有効期限内/下3桁提示可/すり替えなし/初当選(当選履歴なし)/着席ブロック希望なし

・公演日前日(18:00以降)になりましたら、ログイン情報...",True
q1m2p5si51,,milesixtones-2026,2026-11-21,16:30,日産スタジアム,electronic,female,2名義中1番手　当方の同行,あーる,5.0,,同行,2026-09-25 02:01:16,scrape_observed,2026-09-26 01:01:13,,,listing,1,50000,"2名義中1番手1枚（当方と同行）/初期当選/田中担不可/下3桁提示可/サイチェン可/すり替えなし/有効期限内/全名義アリツ落選名義


トラブル防止のためご購入...",True
8zppdpuyzh,,milesixtones-2026,2026-11-21,16:30,日産スタジアム,electronic,female,3名義中2番手,mo,5.0,,番手,2026-09-25 02:01:16,scrape_observed,2026-09-26 01:01:13,,,listing,2,48000,"3名義中2番手/座席未定/すり替えなし/下3桁提示可能/有効期限内

以下の記載内容をご確認の上ご購入ください。

【入場前】
同行者登録はこちらで行います。...",True
5ooeul220a,,milesixtones-2026,2026-11-21,16:30,日産スタジアム,electronic,female,FC×FC当選 同行,a,5.0,,同行,2026-09-25 02:01:16,scrape_observed,2026-09-26 01:01:13,,,listing,1,32000,"着ブロ希望当選 重複すり替えなし 下3桁提示可 有効期限内 女性名義 松村担不可 

・着ブロ希望での当選ですが、発券時に着席指定席ではない可能性もありますので...",True
o3gci9q02a,,milesixtones-2026,2026-11-21,16:30,日産スタジアム,electronic,female,公演日前日にQRコード共有,ぴんくぴーまん,5.0,,QR,2026-09-25 02:01:16,scrape_observed,2026-09-26 01:01:13,,,listing,1,52350,"アリツア落選名義
(過去後方座席しか出たことの無い名義)

プライベートに変更可能ですので気軽にお声かけください。。

QR毎 ペイジー決済  すり替え重複なし...",True
t1nj3ejcuu,,milesixtones-2026,2026-11-21,16:30,日産スタジアム,electronic,female,同行,ぴよ,5.0,,同行番手,2026-09-25 02:01:16,scrape_observed,2026-09-26 01:01:13,,,listing,1,60000,"2名義中1番手同行/下三桁提示可能/着ブロ希望無し/有効期限内/初期当選/重複すり替えなし/本人確認不可/サイチェン可

･2名義中1番手の同行です。チケットは...",True
jrxy0f1mdn,,milesixtones-2026,2026-11-21,16:30,日産スタジアム,electronic,female,公演日前日までにQRコード共有,りり,5.0,,QR,2026-09-25 02:01:16,scrape_observed,2026-09-26 01:01:13,,,listing,2,53000,"初期当選/アリーナ落選名義/QR毎/有効期限内/座席未定/下3桁提示可能/発送物戻りなし/着ブロ希望なし

＊プライベート出品に切り替えますのでご連絡ください＊...",True
9kpumqyvyv,,milesixtones-2026,2026-11-21,16:30,日産スタジアム,electronic,female,公演前日にQRコード共有,y,5.0,,QR,2026-09-25 02:01:16,scrape_observed,2026-09-25 09:01:16,,,listing,1,40000,"QR毎/初期選/アリツア落選名義/重複すり替えなし/着ブロ希望なし/下3桁提示可能｜有効期限内/発送物戻りなし

公演前日にログインに必要な情報をお伝えします。...",True
788wc0xmkc,,milesixtones-2026,2026-11-21,16:30,日産スタジアム,electronic,female,同行,な,5.0,,同行番手,2026-09-25 02:01:16,scrape_observed,2026-09-26 01:01:13,,,listing,1,0,"3名義中1番手/当方と同行/すべて初期当選/有効期限内/下3桁提示可能/すり替えなし

3名義中1番手当方と同行になります。
当方田中担のため気になる方はご遠慮...",True
zzwfvdufn1,,milesixtones-2026,2026-11-21,16:30,日産スタジアム,electronic,female,同行,ウォン,5.0,,同行,2026-09-25 02:01:16,scrape_observed,2026-09-25 11:01:14,,,listing,1,32000,"重複なし同行、有効期限内、FC初期当選、変更ボタン有、同一クレカ決済なし、着ブロ該当なし、下３桁提示可能
当日指定した時間(開場時間or開演1時間前)を目処に会...",True
0hp1c89pn3,,milesixtones-2026,2026-11-21,16:30,日産スタジアム,electronic,female,同行,てん,5.0,,番手,2026-09-25 02:01:16,scrape_observed,2026-09-25 06:01:17,,,listing,2,18500,"3名義中3番手、すり替えなし、3名義分下3桁表示可能、

ご希望のある方はプライベートにて再度出品させて頂きますので、メッセージをお願いします。

同時入場後、...",True
bgvfncfy50,,milesixtones-2026,2026-11-21,16:30,日産スタジアム,electronic,female,公演前日にログイン情報共有,s,5.0,,ランダム記載あり,2026-09-25 02:01:16,scrape_observed,2026-09-26 01:01:13,,,listing,2,0,"QR毎/初期当選/重複すり替えなし/前座席スタンド/着ブロ希望なし/下3桁提示可能/有効期限内/発送物戻りなし
公演前日夜にログインに必要な情報をお伝えします。...",True
f6nk2ublkb,,milesixtones-2026,2026-11-21,16:30,日産スタジアム,electronic,female,4名義中4番手,k,5.0,,番手,2026-09-25 02:01:16,scrape_observed,2026-09-26 01:01:13,,,listing,2,30000,"FC先行 座席未定。有効期限内名義。4名義中4番手。前回スタンドor初当選のみ✨

プラベル通し可能な方のみ。(1.0/枚プラベル通し残り当日手渡しも可)

公...",True
ascyjd1oin,,milesixtones-2026,2026-11-21,16:30,日産スタジアム,electronic,female,同行,ゆ,5.0,,同行,2026-09-25 02:01:16,scrape_observed,2026-09-26 01:01:13,,,listing,1,60000,"2名義中1番手 初期当選 有効期限内 すり替えなし 下3桁提示可能

当日開場10分前に会場付近にて集合し同時入場していただきます
いかなる場合も返金不可です...",True
t05w24a1g1,,milesixtones-2026,2026-11-21,16:30,日産スタジアム,electronic,female,手渡し,らん,5.0,,同行,2026-09-25 02:01:16,scrape_observed,2026-09-26 01:01:13,,,listing,1,60000,"同行募集/すり替えなし/有効期限内/下3桁提示可能/入場後のサイチェン可

当方(松村担)と同行

会場付近で待ち合わせの後、ご一緒に入場していただきます。
待...",True
9sp1ylkkq9,,milesixtones-2026,2026-11-21,16:30,日産スタジアム,electronic,female,当日手渡し,R,5.0,,番手,2026-09-25 02:01:16,scrape_observed,2026-09-26 01:01:13,,,listing,1,30000,"3名義中3番手
当日は会場45分前を目安に指定の場所へお越しくださいますようお願いいたします。
また、複数の方にお集まりいただくのでお時間に余裕をもってお越しく...",True
ny3fjrdbbc,,milesixtones-2026,2026-11-21,16:30,日産スタジアム,electronic,female,同行,ぴよ,5.0,,同行番手,2026-09-25 02:01:16,scrape_observed,2026-09-25 09:01:16,,,listing,2,30000,"2名義中2番手/下三桁提示可能/着ブロ希望無し/有効期限内/初期当選/重複すり替えなし/本人確認不可/サイチェン可

・2名義中2番手のお譲りです。当方が選ばな...",True
dcl8lskjwd,,milesixtones-2026,2026-11-21,16:30,日産スタジアム,paper,female,当日手渡し,ぽん,5.0,,同行,2026-09-25 02:01:16,scrape_observed,2026-09-26 01:01:13,,,listing,1,95000,"初期当選/アリツア落選名義/すり替えなし/着ブロ希望なし/下3桁提示可能｜有効期限内/発送物戻りなし/松村担不可

プライベート出品に切り替えますので、お取引ご...",True
ri4q3m5j1r,,milesixtones-2026,2026-11-21,16:30,日産スタジアム,electronic,female,同行,R,5.0,,番手,2026-09-25 02:01:16,scrape_observed,2026-09-26 01:01:13,,,listing,1,35000,"3名義中3番手/初期当選/有効期限内/下3桁提示可/すり替えなし

3名義中3番手でのお譲りです。
一部チケテン残り手渡し可能

・同時入場後全てのチケットを回...",True
05brxgwt7x,,milesixtones-2026,2026-11-21,16:30,日産スタジアム,electronic,female,QRごと,ま,5.0,,QR,2026-09-25 02:01:16,scrape_observed,2026-09-26 01:01:13,,,listing,2,45000,"初期当選 / すり替えなし / 下3桁提示可能

ログイン情報は公演前日こちらでの同意チェック後にQR表示ができる状態でお渡しいたします。
公演中止の場合のみ各...",True
gg74rygvy7,,milesixtones-2026,2026-11-21,16:30,日産スタジアム,electronic,female,同行,m,4.9,,同行ランダム,2026-09-25 02:01:16,scrape_observed,2026-09-26 01:01:13,,,listing,2,32000,🌟すり替えなしランダム🌟すべて初期当選、有効期限内、着ブロなし、下3桁提示可能です。複数名義当選のため、開演時刻の2時間30分前までに会場付近に集合していた...,True
kc8vaif3u7,,milesixtones-2026,2026-11-21,16:30,日産スタジアム,electronic,female,同行,な,5.0,,番手同行,2026-09-25 02:01:16,scrape_observed,2026-09-26 01:01:13,,,listing,2,0,"3名義中2番手/当方と同行/すべて初期当選/有効期限内/下3桁提示可能/すり替えなし

3名義中2番手でのお譲りです。
開演1時間半前までに集合し、同時入場とな...",True
drdnmy8t13,,milesixtones-2026,2026-11-21,16:30,日産スタジアム,electronic,female,公演日前日にQRコード共有,わ,5.0,,QR,2026-09-25 02:01:16,scrape_observed,2026-09-25 13:01:12,,,listing,1,43000,"初期当選/すり替えなし/下3桁提示可/変ボあり/アリツ落選名義


公演日前日にログイン情報お送りいたします。
同意チェック等はご自身でお願いいたします。
入場...",True
5uktfkwefz,,milesixtones-2026,2026-11-21,16:30,日産スタジアム,electronic,female,同行,K,5.0,,同行番手,2026-09-25 02:01:16,scrape_observed,2026-09-26 01:01:13,,,listing,1,76000,"2名義中1番手/当方と同行/着ブロ指定なし/下三桁提示可能/すり替えなし/有効期限内/初期当選/アリツア落選名義/サイチェン可/京本担不可

復活当選や制作開放...",True
pw577etiqn,,milesixtones-2026,2026-11-21,16:30,日産スタジアム,electronic,female,同行,333,4.9,,ランダム,2026-09-25 02:01:16,scrape_observed,2026-09-26 01:01:13,,,listing,2,20683,⭐️開示対策の為プライベート出品に切り替えますのでご希望の方は⚠️リクエストではなく個別メッセージお願いいたします⭐️ 連番ではなくバラでのお渡しになる可能性が...,True
m5dirgoij3,,milesixtones-2026,2026-11-21,16:30,日産スタジアム,electronic,female,同行,あ,5.0,,番手,2026-09-25 02:01:16,scrape_observed,2026-09-26 01:01:13,,,listing,2,40000,"2名義中2番手/すり替えなし/全て有効期限内/初期当選/同一クレカ支払いなし/発送物戻り名義なし/下3桁提示可

当日は開場30分前頃に、会場付近の当方指定場所...",True
pwiobakwcs,,milesixtones-2026,2026-11-21,16:30,日産スタジアム,electronic,female,同行,m,4.9,,同行ランダム,2026-09-25 02:01:16,scrape_observed,2026-09-26 01:01:13,,,listing,1,29000,"複数名義当選のため、開演時刻の2時間30分前までに会場付近に集合していただき、同時入場後、一旦チケットを回収してこちらで先に座席選択させていただきます。
複数の...",True
o3aixej70x,,milesixtones-2026,2026-11-21,16:30,日産スタジアム,electronic,female,同行,ゆ,5.0,,番手,2026-09-25 02:01:16,scrape_observed,2026-09-26 01:01:13,,,listing,2,30000,"2名義中2番手 初期当選 有効期限内 すり替えなし 下3桁提示可能

当日開場10分前に会場付近にて集合し同時入場していただきます
いかなる場合も返金不可です...",True
p0xzzf8q7f,,milesixtones-2026,2026-11-21,16:30,日産スタジアム,electronic,female,公演日前日までにQRコード共有,y,5.0,,QR,2026-09-25 02:01:16,scrape_observed,2026-09-26 01:01:13,,,listing,2,50000,"プライベート出品にするため、メッセージください。
QR毎/有効期限内/座席未定/下3桁提示可能/発送物戻りなし/着ブロ希望なし

入場後は速やかにログアウトし、...",True
cjia4ny9ls,,milesixtones-2026,2026-11-21,16:30,日産スタジアム,electronic,female,入金後24時間以内にQRコード共有,ま♡,5.0,,番手,2026-09-25 02:01:16,scrape_observed,2026-09-26 01:01:13,,,listing,2,0,"11/21 日産スタジアム
3名義中2番手 
初期当選/有効期限内/重複すり替え無し/下3桁提示可

公演中止以外如何なる理由でも返金対応不可
入場後チケットを...",True
ve7vdzrkmy,,milesixtones-2026,2026-11-21,16:30,日産スタジアム,electronic,female,同行,m,5.0,,番手,2026-09-25 02:01:16,scrape_observed,2026-09-25 13:01:12,,,listing,2,35000,"3名義中2番手　2連

代表名義の下3桁提示可/ランエラ一部返金可/全名義期限内/すり替えなし

※バラ、一部手渡しも可能です。購入前にコメントください。プラベ...",True
lgnir7736i,,milesixtones-2026,2026-11-21,16:30,日産スタジアム,electronic,female,公演日1日前までにQRコード共有,y,5.0,,ランダム記載あり,2026-09-25 02:01:16,scrape_observed,2026-09-26 01:01:13,,,listing,2,35000,"初期当選、QR毎のお譲り、重複すり替えなし、会員番号下三桁提示可
QR毎のお譲りです。
公演1日前にログイン情報をお伝え致します。
入場後、発券出来次第、速やか...",True
ywkrkssmfw,,milesixtones-2026,2026-11-21,16:30,日産スタジアム,electronic,female,同行,あ,5.0,,同行,2026-09-25 02:01:16,scrape_observed,2026-09-26 01:01:13,,,listing,1,40000,"初期当選/有効期限内名義/重複すり替え無し同行/下3桁提示可

ご購入前に必ずご一読願います。
・開場30分前に会場付近で合流した後、同時入場していただきます。...",True
dbdwjhc8h3,,milesixtones-2026,2026-11-21,16:30,日産スタジアム,electronic,female,同行,tan,5.0,,ランダム,2026-09-25 02:01:16,scrape_observed,2026-09-26 01:01:13,,,listing,1,25000,"⭐︎少人数ランダム⭐︎

※プラベルで専用出品致しますので、メッセージお願い致します。

公演当日、開場20分前を目安に会場付近で待ち合わせをし、同時入場をして...",True
wm1iws2q04,,milesixtones-2026,2026-11-21,16:30,日産スタジアム,electronic,female,公演前日情報共有,R,5.0,,QR,2026-09-25 02:01:16,scrape_observed,2026-09-26 01:01:13,,,listing,2,49900,"QR毎/初期当選/アリツア落選名義/重複すり替えなし/着ブロ希望なし/下3桁提示可能/有効期限内/発送物戻りなし/過去エラーなし

プライベート出品可能です。...",True
h1b6vwgdgd,,milesixtones-2026,2026-11-21,16:30,日産スタジアム,electronic,female,同行,R,5.0,,同行番手,2026-09-25 02:01:16,scrape_observed,2026-09-26 01:01:13,,,listing,1,55000,"2名義中1番手　下3提示可　有効期限内名義
・公演当日は開場時間15~30分前に会場付近で待ち合わせをし、同時入場していただきます。
・待ち合わせ場所、詳しい時...",True
1kiixqnt7l,,milesixtones-2026,2026-11-21,16:30,日産スタジアム,electronic,female,同時入場,daisy,5.0,,番手,2026-09-25 02:01:16,scrape_observed,2026-09-26 01:01:13,,,listing,2,40000,"2名義中2番手(全て初期当選) すり替えなし 下３桁掲示可能
・当日開場15分前頃に集合し、同時入場していただきます。遅刻された場合先に入場させていただきます。...",True
l0wxqz0am9,,milesixtones-2026,2026-11-21,16:30,日産スタジアム,electronic,female,公演日前日にQRコード共有,りり,5.0,,QR,2026-09-25 02:01:16,scrape_observed,2026-09-26 01:01:13,,,listing,2,44000,"QR/重複なし/初期当選/下3桁提示可能/有効期限内名義/着ブロ指定なし

公演前日に同行者の同意チェックのみこちらで行った後ログイン情報をお伝えします。
代表...",True
tp5aerj6ns,,milesixtones-2026,2026-11-21,16:30,日産スタジアム,electronic,female,公演前日にログイン情報お伝えします,38,5.0,,QR,2026-09-25 02:01:16,scrape_observed,2026-09-26 01:01:13,,,listing,1,50000,"初期当選 QR毎 重複なし 有効期限内 下三桁提示可 コンビニ決済 アリツ落選名義

公演前日にログイン情報お伝えいたします。入場後は速やかにログアウト、評価を...",True
pjr4auodjj,,milesixtones-2026,2026-11-21,16:30,日産スタジアム,electronic,female,同時入場,mi,5.0,,番手,2026-09-25 02:01:16,scrape_observed,2026-09-26 01:01:13,,,listing,2,45000,"プラベルにて再度出品いたしますので、お取引希望の方はメッセージにてご連絡ください。

【条件あり】
2名義中2番手、すり替えなし、下3桁提示可能です

・入場後...",True
4c3c2dqqxn,,milesixtones-2026,2026-11-21,16:30,日産スタジアム,electronic,female,同時入場,R,5.0,,番手,2026-09-25 02:01:16,scrape_observed,2026-09-26 01:01:13,,,listing,2,45000,"2名義中2番手　下3提示可　有効期限内名義
・公演当日は開場時間15~30分前に会場付近で待ち合わせをし、同時入場していただきます。
・待ち合わせ場所、詳しい時...",True
327xlfssx3,,milesixtones-2026,2026-11-21,16:30,日産スタジアム,electronic,female,前日までにログイン情報お伝え,r,5.0,,QR,2026-09-25 02:01:16,scrape_observed,2026-09-26 01:01:13,,,listing,2,60000,"アリツア落選名義/QR毎/初期当選/重複すり替え無し/下3桁提示可能/着ブロ指定なし/有効期限内名義/過去エラーなし/発送物戻りなし

プラベル出品に切り替えて...",True
rvc4c9v7za,,milesixtones-2026,2026-11-21,16:30,日産スタジアム,paper,female,当日手渡し,R,5.0,,番手,2026-09-25 02:01:16,scrape_observed,2026-09-26 01:01:13,,,listing,1,40000,"3名義中2番手（京本担不可）
当日は会場45分前を目安に指定の場所へお越しくださいますようお願いいたします。
また、複数の方にお集まりいただくのでお時間に余裕を...",True
whcxs2m0mf,,milesixtones-2026,2026-11-21,16:30,日産スタジアム,electronic,none,当日,あぴ,5.0,,番手,2026-09-25 02:01:16,scrape_observed,2026-09-26 01:01:13,,,listing,2,30000,"6名義中5番手

プラベル出品可/初期当選/全て2連当選/すり替えなし/下3桁提示可/有効期限内/ペイジーまたはコンビニ入金/着ブロ指定なし/本人確認不可

【...",True
18swujrdxo,,milesixtones-2026,2026-11-21,16:30,日産スタジアム,electronic,female,公演日1日前までにQRコード共有,みかん,5.0,,QR,2026-09-25 02:01:16,scrape_observed,2026-09-26 01:01:13,,,listing,2,48000,"
QR毎/初期当選/アリツア落選名義/2025ドームスタンド1階後列のみ当選(チケホルあり)/重複すり替えなし/着ブロ希望なし/下3桁提示可能/有効期限内/ラン...",True
yvkx6gdjh2,,milesixtones-2026,2026-11-21,16:30,日産スタジアム,electronic,female,同行,mt,5.0,,ランダム記載あり,2026-09-25 02:01:16,scrape_observed,2026-09-26 01:01:13,,,listing,1,55000,"プライベート出品orプラベル出品にしますので購入前に一言お願いいたします。

有効期限内/YO.アリツ落選名義.初当選/下三桁提示可能/有効期限内/初期当選/重...",True
pq5zp6zchx,,milesixtones-2026,2026-11-21,16:30,日産スタジアム,electronic,female,同時入場,rty,5.0,,番手,2026-09-25 02:01:16,scrape_observed,2026-09-26 01:01:13,,,listing,2,48000,"2名義中2番手/有効期限内/下3桁提示可能/着ブロ指定なし/初期当選

当日開場時間前にこちらが指定した場所、時間に集合して頂き同時に入場して頂きます。
同意チ...",True
nmpcq15mdm,,milesixtones-2026,2026-11-21,16:30,日産スタジアム,electronic,female,公演前日までにQR共有,ちょわ,5.0,,QR,2026-09-25 02:01:16,scrape_observed,2026-09-26 01:01:13,,,listing,2,45000,"QR毎/有効期限内/座席未定/下3桁提示可能/発送物戻りなし/着ブロ希望なし

入場後は速やかにログアウトし、受取連絡をお願い致します。入場できない事態が発生し...",True
55emf1ll66,,milesixtones-2026,2026-11-21,16:30,日産スタジアム,electronic,female,当日,s,5.0,,番手,2026-09-25 02:01:16,scrape_observed,2026-09-26 01:01:13,,,listing,2,30000,"FC先行/初期当選/有効期限内名義/郵便物戻りなし/2名義中2番手/すり替えなし/下3桁提示可/サイチェン可


公演当日、会場付近にて待ち合わせし同時入場して...",True
aqo9wz1scs,,milesixtones-2026,2026-11-21,16:30,日産スタジアム,electronic,female,同行,あ,5.0,,番手,2026-09-25 02:01:16,scrape_observed,2026-09-26 01:01:13,,,listing,2,40000,"✨プラベ出品に直すため、ご購入される際はメッセージをお願いいたします。✨FC先行 座席未定 3名義中2番手すり替えなし下3桁可
初期当選有効期限内名義 発送物戻...",True
0ny51hszj6,,milesixtones-2026,2026-11-21,16:30,日産スタジアム,electronic,female,3名義中3番手,mo,5.0,,番手,2026-09-25 02:01:16,scrape_observed,2026-09-26 01:01:13,,,listing,2,40000,"3名義中3番手/座席未定/すり替えなし/下3桁提示可能/有効期限内

以下の記載内容をご確認の上ご購入ください。

【入場前】
同行者登録はこちらで行います。...",True
hiztve1c4i,,milesixtones-2026,2026-11-21,16:30,日産スタジアム,electronic,female,ランダム配布,ゆゆゆ,4.8,,ランダム,2026-09-25 02:01:16,scrape_observed,2026-09-26 01:01:13,,,listing,1,25000,"◎お取引初心者の方でも安心してお取引できるよう対応いたします。分からないことがあればお気軽にご質問ください。

下記内容をよくお読みいただき理解した上でご購入く...",True
fd1cm89hvh,,milesixtones-2026,2026-11-21,16:30,日産スタジアム,electronic,female,番手,a,5.0,,番手,2026-09-25 02:01:16,scrape_observed,2026-09-26 01:01:13,,,listing,2,35000,"4名義中3番手2連でのお渡しです。
※購入希望の方はプラベルに変更いたしますので、メッセージお願いいたします。チケテンも可能ですが、手数料分上乗せさせていただき...",True
afgw653ajk,,milesixtones-2026,2026-11-21,16:30,日産スタジアム,electronic,female,同行,U,5.0,,番手,2026-09-25 02:01:16,scrape_observed,2026-09-26 01:01:13,,,listing,2,33000,"2名義中2番手
アリツア落選名義/前回前々回当選時スタンド席含む/同行者会員/すり替えなし/下3桁提示可/有効期限内名義
入場時、QRコードの表示のため端末をお...",True
rgh8h4l0wb,,milesixtones-2026,2026-11-21,16:30,日産スタジアム,electronic,female,同行,あ,5.0,,ランダム記載あり,2026-09-25 02:01:16,scrape_observed,2026-09-26 01:01:13,,,listing,2,30000,"プラベルに切り替えますのでご連絡お願いいたします。

3名義中3番手 下3桁提示可 すり替えなし 初期当選 郵送物戻りなし 期限内 指定席のみ 

会場付近にて...",True
43fk5cj1zj,,milesixtones-2026,2026-11-21,16:30,日産スタジアム,electronic,female,同時入場,とト,5.0,,番手,2026-09-25 02:01:16,scrape_observed,2026-09-26 01:01:13,,,listing,2,32000,"【2名義中2番手】

有効期限内/すり替えなし/下3桁提示可能/着ブロなし
(プライベート出品に変更可能)
(定価分支払い残り手渡し可能)

○入場後はチケット...",True
8ret2c4sdr,,milesixtones-2026,2026-11-21,16:30,日産スタジアム,electronic,female,公演日前日にQRコード共有,ha,5.0,,QR,2026-09-25 02:01:16,scrape_observed,2026-09-26 01:01:13,,,listing,1,50000,"QR毎/初期当選/アリツア落選名義/重複すり替えなし/着ブロ希望なし/下3桁提示可能｜有効期限内/発送物戻りなし

公演前日にログインに必要な情報をお伝えします...",True
halnl207hn,,milesixtones-2026,2026-11-21,16:30,日産スタジアム,electronic,female,当日一緒に入場していただきます。,Yu,5.0,,同行,2026-09-25 02:01:16,scrape_observed,2026-09-26 01:01:13,,,listing,1,45000,"FC先行 座席未定/同行すり替えなし/着
ブロ希望名義無／有効期限内／下3桁提示可能

会場付近にて待ち合わせし、同時入場していただきます。
詳しい待ち合わせ場...",True
ulwa7n7c5t,,milesixtones-2026,2026-11-21,16:30,日産スタジアム,electronic,female,同行,333,4.9,,ランダム,2026-09-25 02:01:16,scrape_observed,2026-09-26 01:01:13,,,listing,1,20683,⭐️開示対策の為プライベート出品に切り替えますのでご希望の方は⚠️リクエストではなく個別メッセージお願いいたします⭐️中相場での買取、上乗せにて早渡しも可能です...,True
d1sk4xjaox,,milesixtones-2026,2026-11-21,16:30,日産スタジアム,electronic,female,同行,🌺,4.8,,同行,2026-09-25 02:01:16,scrape_observed,2026-09-26 01:01:13,,,listing,1,55000,"FC先行/初期当選/有効期限内名義/重複・すり替えなし同行/郵送物戻りなし/着ブロ指定なし/下3桁提示可能/座席未定

開演30分前に開場付近にて集合します。...",True
m1r64yr9bl,,milesixtones-2026,2026-11-21,16:30,日産スタジアム,electronic,female,同行,poy,5.0,,ランダム,2026-09-25 02:01:16,scrape_observed,2026-09-26 01:01:13,,,listing,2,25000,当日は開場時間の15～30分前頃を目安にこちらが指定した場所に集合していただき同時入場後、先に当方が座席選択した後チケットをランダムにお渡しします。ご購入者様は...,True
h5j22d7qo3,,milesixtones-2026,2026-11-21,16:30,日産スタジアム,electronic,female,同行,R,5.0,,番手,2026-09-25 02:01:16,scrape_observed,2026-09-26 01:01:13,,,listing,1,40000,"3名義中2番手/初期当選/有効期限内/下3桁提示可/すり替えなし/京本担不可

3名義中2番手でのお譲りです。
一部チケテン残り手渡し可

・同時入場後全てのチ...",True
620o685v34,,milesixtones-2026,2026-11-22,16:30,日産スタジアム,electronic,female,同行,みれ,5.0,,同行,2026-09-25 02:01:16,scrape_observed,2026-09-26 01:01:13,,,listing,1,45000,"重複・すり替え無し／初期当選／当方25↑松村担♀との同行／下3桁提示可／有効期限内／会員×会員／両名義ともエラー、発送物戻り無し

・入場後すぐに座席を確認しチ...",True
iqk875sguo,,milesixtones-2026,2026-11-22,16:30,日産スタジアム,paper,female,当日手渡し,R,5.0,,番手,2026-09-25 02:01:16,scrape_observed,2026-09-26 01:01:13,,,listing,2,35000,"7名義中5番手 ※番手理解ある方のみご購入くださいませ。
当日は会場45分前を目安に指定の場所へお越しくださいますようお願いいたします。
また、複数の方にお集ま...",True
879cwe63m9,,milesixtones-2026,2026-11-22,16:30,日産スタジアム,electronic,female,公演日前日にログイン情報,な,5.0,,QR,2026-09-25 02:01:16,scrape_observed,2026-09-26 01:01:13,,,listing,1,65000,"FC先行 座席未定QR毎／初期当選／重複・すり替えなし／下3桁提示可能／有効期限内／アリツア落選名義
公演日に連絡ボードにて必要な情報をお伝えします。
お席に関...",True
d7c78n1cyq,,milesixtones-2026,2026-11-22,16:30,日産スタジアム,electronic,female,同行,⭐︎,5.0,,番手,2026-09-25 02:01:16,scrape_observed,2026-09-26 01:01:13,,,listing,2,40000,"🌟開示請求防止のためご購入いただける方がいらっしゃいましたらプライベート出品に切り替えさせていただきます。
お気軽にコメントください。

2番手中2番手のチケ...",True
zpg6fl9smt,,milesixtones-2026,2026-11-22,16:30,日産スタジアム,electronic,female,番手,🍓,5.0,,番手,2026-09-25 02:01:16,scrape_observed,2026-09-25 08:01:11,,,listing,1,35000,"3名義中2番手でのお渡しです。
⚠️残り1枚です

3.5~即4.0

初期当選/FC先行/発送戻りなし/すり替えなし/下3桁提示可/有効期限内

・同時入場後...",True
e6uoiivywu,,milesixtones-2026,2026-11-22,16:30,日産スタジアム,electronic,male,公演日前日にQRコード共有,りい,5.0,,ランダム記載あり,2026-09-25 02:01:16,scrape_observed,2026-09-26 01:01:13,,,listing,2,90000,"ファンクラブ先行 座席未定 初期当選 
アリツア落選名義  QRごと 有効期限内 
コンビニ決済 重複すり替えなし 
着ブロ指定なし 3桁提示可

・QRごと2...",True
wft77hp2nb,,milesixtones-2026,2026-11-22,16:30,日産スタジアム,electronic,female,公演前日にお知らせ,Ｊ,5.0,,QR,2026-09-25 02:01:16,scrape_observed,2026-09-26 01:01:13,,,listing,2,50000,"プライベート出品へ切り替えますのでご連絡お願いします。

FC先行、着ブロ指定なし
同行なし、すり替えなし、有効期限内、
郵送戻りなし、条件特になし
同行者登録...",True
rb96xpe770,,milesixtones-2026,2026-11-22,16:30,日産スタジアム,electronic,female,同行,あ,5.0,,番手,2026-09-25 02:01:16,scrape_observed,2026-09-26 01:01:13,,,listing,2,40000,"6名義中4番手/すり替えなし/全て有効期限内/初期当選/同一クレカ支払いなし/発送物戻り名義なし/下3桁提示可

当日は開場30分前頃に、会場付近の当方指定場所...",True
gmzx2uvrve,,milesixtones-2026,2026-11-22,16:30,日産スタジアム,electronic,female,同時入場,R,5.0,,番手,2026-09-25 02:01:16,scrape_observed,2026-09-26 01:01:13,,,listing,2,50000,"3名義中2番手　下3提示可　有効期限内名義
・公演当日は開場時間15~30分前に会場付近で待ち合わせをし、同時入場していただきます。
・待ち合わせ場所、詳しい時...",True
f4v78cw7rd,,milesixtones-2026,2026-11-22,16:30,日産スタジアム,electronic,female,同時入場,れ,5.0,,番手,2026-09-25 02:01:16,scrape_observed,2026-09-26 01:01:13,,,listing,2,45000,"2名義中2番手/下三桁提示可能/着ブロ希望無し/有効期限内/初期当選/すり替えなし/本人確認不可/サイチェン可/アリツア落選名義

・2名義中2番手のです。チケ...",True
yb4mah15cx,,milesixtones-2026,2026-11-22,16:30,日産スタジアム,electronic,none,同行,S,5.0,,番手,2026-09-25 02:01:16,scrape_observed,2026-09-26 01:01:13,,,listing,1,60000,"5名義中2番手/初期当選/下3桁提示可/有効期限内／すり替えなし
※特別出品、プライベート出品に変更しますので、ご希望の際はリクエストメッセージをお送りください...",True
ib4cwn5cq5,,milesixtones-2026,2026-11-22,16:30,日産スタジアム,electronic,female,前日にログイン情報提示,Y,5.0,,QR,2026-09-25 02:01:16,scrape_observed,2026-09-26 01:01:13,,,listing,2,55000,"QR毎/初期当選/アリツア落選名義/重複すり替えなし/着ブロ希望なし/下3桁提示可能/有効期限内/発送物戻りなし

お取引の意思が確認できましたら、プライベート...",True
cc6jo82jux,,milesixtones-2026,2026-11-22,16:30,日産スタジアム,electronic,female,同行,333,4.9,,ランダム,2026-09-25 02:01:16,scrape_observed,2026-09-26 01:01:13,,,listing,2,20683,⭐️開示対策の為プライベート出品に切り替えますのでご希望の方は⚠️リクエストではなく個別メッセージお願いいたします⭐️ 連番ではなくバラでのお渡しになる可能性が...,True
z58qtoyjhu,,milesixtones-2026,2026-11-22,16:30,日産スタジアム,electronic,female,当日手渡し,ぴ,5.0,,番手,2026-09-25 02:01:16,scrape_observed,2026-09-26 01:01:13,,,listing,2,30000,FC先行 3名義中3番手/座席未定/初期当選/すべて有効期限内/すり替えなし/下3桁提示可/同時入場後チケットを一旦回収し、座席選択後3番手のチケットをお渡しい...,True
jy90m496fu,,milesixtones-2026,2026-11-22,16:30,日産スタジアム,electronic,female,公演前日にQR共有,3️⃣,5.0,,QR,2026-09-25 02:01:16,scrape_observed,2026-09-26 01:01:13,,,listing,2,0,"下3桁提示可/有効期限内/過去エラーなし

座席に関するクレームは一切受け付けません
本人確認含むランダムエラー等で入場出来なかった場合でも返金致しかねますので...",True
u4spw22flq,,milesixtones-2026,2026-11-22,16:30,日産スタジアム,electronic,female,5名義中2番手,K,5.0,,番手,2026-09-25 02:01:16,scrape_observed,2026-09-26 01:01:13,,,listing,2,70000,"初期当選 5名義中2番手 すり替え無し 下3桁提示可 有効期限内

・公演当日会場付近にて待ち合わせし、同時入場いたします。詳しい場所・時間等は公演が近くなりま...",True
zey1lbyl21,,milesixtones-2026,2026-11-22,16:30,日産スタジアム,electronic,female,同行,ほったん,5.0,,番手,2026-09-25 02:01:16,scrape_observed,2026-09-26 01:01:13,,,listing,2,45000,"FC先行 座席未定 下3桁提示可能 すり替えなし 
有効期限内 初期当選 

2名義中2番手のお譲りになります。

同時入場して頂き、当方が選ばなかった席をお渡...",True
zu2gkxrvov,,milesixtones-2026,2026-11-22,16:30,日産スタジアム,electronic,female,同行,S,5.0,,番手,2026-09-25 02:01:16,scrape_observed,2026-09-26 01:01:13,,,listing,1,31000,"3名義中3番手、初期当選、すり替えなし、下3桁提示可、有効期限内

13:40頃に会場付近で待ち合わせをし、同時入場後こちらで座席選択後チケットをお渡しいたしま...",True
do392os3jh,,milesixtones-2026,2026-11-22,16:30,日産スタジアム,electronic,female,同時入場,ねぎま,5.0,,QR番手,2026-09-25 02:01:16,scrape_observed,2026-09-26 01:01:13,,,listing,2,0,"座席未定、3名義中 3番手
◎ 発券後、座席次第ではすぐにお渡しできる場合があります。
◎開場時間30前集合予定 詳細は連絡ボードにてお願い致しますm(_ _)...",True
idfiz9dzyf,,milesixtones-2026,2026-11-22,16:30,日産スタジアム,electronic,female,同行,mt,5.0,,番手,2026-09-25 02:01:16,scrape_observed,2026-09-26 01:01:13,,,listing,2,0,"プライベート出品orプラベル出品にしますので購入前に一言お願いいたします。
3.0/枚〜ご提示ください

有効期限内/アリツ落選名義のみ/下三桁提示可能/有効期...",True
x02zum7fut,,milesixtones-2026,2026-11-22,16:30,日産スタジアム,electronic,female,同行 ,3️⃣,5.0,,QR同行,2026-09-25 02:01:16,scrape_observed,2026-09-26 01:01:13,,,listing,1,0,"
有効期限内/アリツア落選名義/過去エラーなし

当方との同行
当日集合時にチケット受取確認していただきます
連番内での座席選択はこちらで致します
購入者様によ...",True
0wy3nrf8zn,,milesixtones-2026,2026-11-22,16:30,日産スタジアム,electronic,female,公演日前日,C,5.0,,QR,2026-09-25 02:01:16,scrape_observed,2026-09-26 01:01:13,,,listing,1,0,"QR毎/初期当選/女性名義/アリツア落選名義/重複すり替えなし/着ブロ希望なし/下3桁提示可能/有効期限内

公演前日にログインに必要な情報をお伝えします。
入...",True
v936yv49ki,,milesixtones-2026,2026-11-22,16:30,日産スタジアム,electronic,female,同行（30万台名義）,K,5.0,,同行,2026-09-25 02:01:16,scrape_observed,2026-09-26 01:01:13,,,listing,1,52000,"重複なし同行 / 初期当選 / 有効期限内 /下2桁提示可 / 当方ジェシー担との同行（拒否なし） / プライベート出品可 

・当日指定した時間に会場付近で待...",True
a5r01xq65w,,milesixtones-2026,2026-11-22,16:30,日産スタジアム,electronic,female,ランダム配布,💫,5.0,,ランダム記載あり,2026-09-25 02:01:16,scrape_observed,2026-09-26 01:01:13,,,listing,2,28000,"・同時入場していただき一度チケットを回収し、開演時間までにランダムでチケットをお渡しします。座席選択はできません。

・複数人で入場するため、QRコードの表示に...",True
w3p0nqi8em,,milesixtones-2026,2026-11-22,16:30,日産スタジアム,electronic,female,前日に共有,さーら,5.0,,QR,2026-09-25 02:01:16,scrape_observed,2026-09-26 01:01:13,,,listing,2,55000,"QR毎/初期当選/初当選/アリツア落選名義/重複すり替えなし/着ブロ希望なし/下3桁提示可能｜有効期限内/発送物戻りなし

公演前日夜にログインに必要な情報をお...",True
csj5t9l7qa,,milesixtones-2026,2026-11-22,16:30,日産スタジアム,electronic,female,同行,Hana,5.0,,同行記載あり,2026-09-25 02:01:16,scrape_observed,2026-09-26 01:01:13,,,listing,1,55000,"2名義中1番手同行/有効期限内/下3桁提示可能/着ブロ指定なし/初期当選/京本担不可

当日開場時間前にこちらが指定した場所、時間に集合して頂き同時に入場して頂...",True
bg0uwk2gn8,,milesixtones-2026,2026-11-22,16:30,日産スタジアム,electronic,female,公演日2日前までにQRコード共有,♡,5.0,,QR,2026-09-25 02:01:16,scrape_observed,2026-09-26 01:01:13,,,listing,1,69000,"単番当選QRごとのお譲り。
着ブロ申し込みなし、今までエラーなし郵便戻りなし
前回当選東京ドームアリーナ席

すり替えなし入金後下3桁提示可能。
ランダムエラー...",True
i5n1i2nhn6,,milesixtones-2026,2026-11-22,16:30,日産スタジアム,electronic,female,同行,A,5.0,,番手,2026-09-25 02:01:16,scrape_observed,2026-09-26 01:01:13,,,listing,2,30000,"FC先行 有効期限内　下3桁提示可 コンビニ払い  5名義中5番手　すり替えなし

・座席選択権はございません。
・入場後1度チケットを回収し解散、座席の確認が...",True
6mru5aqjjs,,milesixtones-2026,2026-11-22,16:30,日産スタジアム,electronic,female,同行,な,5.0,,番手,2026-09-25 02:01:16,scrape_observed,2026-09-26 01:01:13,,,listing,2,40000,"3名義中2番手/初期当選/すり替えなし/有効期限内/下3桁提示可/着ブロ希望なし
3名義とも前回ドームスタンド(YOUNG OLD)
　
⭐️プライベート出品し...",True
l056n3uqgm,,milesixtones-2026,2026-11-22,16:30,日産スタジアム,electronic,female,公演日前日までにログイン情報共有,R,5.0,,QR,2026-09-25 02:01:16,scrape_observed,2026-09-26 01:01:13,,,listing,2,59000,"QR毎/初期当選/アリツア落選名義/重複すり替えなし/着ブロ希望なし/下3桁提示可能/有効期限内/発送物戻りなし/過去エラーなし

2026年アリツア落選→制作...",True
ule55lykqc,,milesixtones-2026,2026-11-22,16:30,日産スタジアム,electronic,none,番手,り,5.0,,番手,2026-09-25 02:01:16,scrape_observed,2026-09-26 01:01:13,,,listing,2,40000,"2名義中2番手
🌟プラベル又はプライベート出品に切り替えますので購入希望の方はメッセージお願いいたします。

初期当選/FC先行/すり替えなし/着ブロ無/有効...",True
lemt5o4t4i,,milesixtones-2026,2026-11-22,16:30,日産スタジアム,electronic,female,同行,a,5.0,,同行,2026-09-25 02:01:16,scrape_observed,2026-09-26 01:01:13,,,listing,1,50000,"有効期限内/アリツ落選名義/下三桁提示可/初期当選/重複すり替えなし/着ブロ希望なし

当方ジェシー担となりますので担当のご配慮いただけますと幸いです。

当日...",True
t1nebyaffv,,milesixtones-2026,2026-11-22,16:30,日産スタジアム,electronic,female,同行,a,5.0,,番手,2026-09-25 02:01:16,scrape_observed,2026-09-26 01:01:13,,,listing,1,57000,"⭐️2名義中1番手同行(前回•前々回スタンド名義×2)⭐️
どちらも初期当選、下3桁提示可、有効期限内、すり替えなし、着ブロなし、郵送物戻りなし。

・一部チケ...",True
eah8h9pcpo,,milesixtones-2026,2026-11-22,16:30,日産スタジアム,electronic,female,3名義中2番手,R,5.0,,同行記載あり,2026-09-25 02:01:16,scrape_observed,2026-09-26 01:01:13,,,listing,2,61000,"3名義中2番手
下三桁提示可能/すり替えなし/有効期限内/全てアリツ落選名義/前回スタンド名義含む

・公演当日は開場時間20~30分前に会場付近で待ち合わせを...",True
ia5bqfpbyz,,milesixtones-2026,2026-11-22,16:30,日産スタジアム,electronic,female,同時入場,mi,5.0,,番手,2026-09-25 02:01:16,scrape_observed,2026-09-26 01:01:13,,,listing,2,40000,"プラベルにて再度出品いたしますので、お取引希望の方はメッセージにてご連絡ください。

【条件あり】
5名義中4番手、1〜3番手除く残りの2名義より座席を選択でき...",True
q937dpq03s,,milesixtones-2026,2026-11-22,16:30,日産スタジアム,electronic,female,同行,Mike,5.0,,同行,2026-09-25 02:01:16,scrape_observed,2026-09-26 01:01:13,,,listing,1,50000,"同行での取引です。 個人でのサイチェン可
お取引決まりましたらプラベ出品させて頂きます。

公演当日は開場30分前頃に会場付近に集合し、同時入場して頂きます。（...",True
p81ov5tnui,,milesixtones-2026,2026-11-22,16:30,日産スタジアム,electronic,female,同行,ぽよ,5.0,,ランダム,2026-09-25 02:01:16,scrape_observed,2026-09-26 01:01:13,,,listing,1,30000,"【条件あり】
チケットを複数所持しております。同時入場後にチケットを一旦回収し、開演10分前を目処に再集合の上チケットをお渡しさせていただきます。座席についての...",True
1zg445j1h6,,milesixtones-2026,2026-11-22,16:30,日産スタジアム,electronic,female,同行,S,5.0,,番手,2026-09-25 02:01:16,scrape_observed,2026-09-26 01:01:13,,,listing,2,40000,"FC先行/初期当選/3名義中3番手/下3桁提示可/有効期限内/すり替えなし


トラブル防止のためご購入は20歳以上の日本人女性でお願いいたします。公演当日、開...",True
6ibpvpuy08,,milesixtones-2026,2026-11-22,16:30,日産スタジアム,electronic,female,ランダム配布,💫,5.0,,ランダム記載あり,2026-09-25 02:01:16,scrape_observed,2026-09-25 06:01:17,,,listing,2,24000,・同時入場していただき一度チケットを回収し、開演時間までにランダムでチケットをお渡しします。座席選択はできません。席次第で入場してすぐお渡しする可能性あります。...,True
ps5x26ft3o,,milesixtones-2026,2026-11-22,16:30,日産スタジアム,electronic,female,当日手渡し,💚,5.0,,ランダム,2026-09-25 02:01:16,scrape_observed,2026-09-26 01:01:13,,,listing,2,26000,"☆少人数ランダム配布
全て有効期限内/過去エラーなし
・2枚での購入の場合は2連でのお渡し可能です。
・プライベート出品に切り替えますので、購入希望の方はコメン...",True
987nefh5xa,,milesixtones-2026,2026-11-22,16:30,日産スタジアム,electronic,female,5名義中5番手,JM,5.0,,ランダム記載あり,2026-09-25 02:01:16,scrape_observed,2026-09-26 01:01:13,,,listing,2,25000,"5名義中5番手/初期当選/すり替えなし/下3桁提示可能/有効期限内
・同時入場し発券後、一旦チケットを回収いたします。今回5番手ですので最後に残ったチケットにな...",True
pnlyhnsj9u,,milesixtones-2026,2026-11-22,16:30,日産スタジアム,electronic,female,同時入場,ちー,5.0,,番手,2026-09-25 02:01:16,scrape_observed,2026-09-26 01:01:13,,,listing,2,35000,"即4.0/FC先行/7名義中5番手/すり替えなし/下3桁提示可/初期当選のみ/有効期限内

・当日は会場付近の指定した場所に時間厳守で集合していただきます。開場...",True
ygkmec75l8,,milesixtones-2026,2026-11-22,16:30,日産スタジアム,electronic,female,公演日前日(18:00以降)にログイン情報をお貸しします。,MJGA,5.0,,QR,2026-09-25 02:01:16,scrape_observed,2026-09-26 01:01:13,,,listing,2,0,"FC初期当選/有効期限内/下3桁提示可/すり替えなし/初当選(当選履歴なし)/着席ブロック希望なし

・公演日前日(18:00以降)になりましたら、ログイン情報...",True
ni6oi17xtp,,milesixtones-2026,2026-11-22,16:30,日産スタジアム,electronic,female,同行,しもし,5.0,,番手同行,2026-09-25 02:01:16,scrape_observed,2026-09-26 01:01:13,,,listing,2,35000,"FC先行 座席未定2名義中2番手すり替えなし/有効期限内／下3桁提示可能
※ゲートによってはQR毎のお譲りの可能性があります。

会場付近にて待ち合わせし、同時...",True
wvluxl4fj1,,milesixtones-2026,2026-11-22,16:30,日産スタジアム,electronic,female,同行,るる,5.0,,同行番手,2026-09-25 02:01:16,scrape_observed,2026-09-26 01:01:13,,,listing,1,40000,"FC先行/2名義中2番手/入場後早めのお渡し可/すり替えなし/下3桁提示可/初期当選のみ/アリツ落選名義

・当日は会場付近の指定した場所に時間厳守で集合してい...",True
0knr941bku,,milesixtones-2026,2026-11-22,16:30,日産スタジアム,electronic,female,同行,m,4.9,,同行ランダム,2026-09-25 02:01:16,scrape_observed,2026-09-26 01:01:13,,,listing,2,32000,🌟すり替えなしランダム🌟すべて初期当選、有効期限内、着ブロなし、下3桁提示可能です。複数名義当選のため、開演時刻の2時間30分前までに会場付近に集合していた...,True
hj7qkxba5p,,milesixtones-2026,2026-11-22,16:30,日産スタジアム,electronic,female,同時入場,rty,5.0,,番手,2026-09-25 02:01:16,scrape_observed,2026-09-26 01:01:13,,,listing,2,41000,"5名義中3番手/有効期限内/下3桁提示可能/着ブロ指定なし/初期当選

当日開場時間前にこちらが指定した場所、時間に集合して頂き同時に入場して頂きます。また入場...",True
dyrubd2cux,,milesixtones-2026,2026-11-22,16:30,日産スタジアム,electronic,female,2名義中2番手,mo,5.0,,番手,2026-09-25 02:01:16,scrape_observed,2026-09-26 01:01:13,,,listing,2,47000,"2名義中2番手/座席未定/すり替えなし/下3桁提示可能/有効期限内

以下の記載内容をご確認の上ご購入ください。

【入場前】
同行者登録はこちらで行います。...",True
esib7x6swa,,milesixtones-2026,2026-11-22,16:30,日産スタジアム,electronic,female,同行,U,5.0,,ランダム,2026-09-25 02:01:16,scrape_observed,2026-09-25 14:01:13,,,listing,2,23000,【入場時ランダムエラーの場合の全額返金保証、立見なし】コメントいただければプラベル切り替え可能。ランダムのお渡しとなり、購入者様の座席選択権はありませんことご理...,True
lw1618aboi,,milesixtones-2026,2026-11-22,16:30,日産スタジアム,electronic,female,同行,☆,5.0,,番手同行,2026-09-25 02:01:16,scrape_observed,2026-09-26 01:01:13,,,listing,2,45000,"4名義中2番手/初期当選/有効期限内/すり替え無し/下3桁提示〇

・当日は会場付近の当方の指定した場所に集合していただき、同時入場をお願い致します。
・入場の...",True
17gn3rxzwd,,milesixtones-2026,2026-11-22,16:30,日産スタジアム,electronic,female,同行,f,5.0,,番手,2026-09-25 02:01:16,scrape_observed,2026-09-26 01:01:13,,,listing,2,35000,"座席未定 3名義中2番手 初期当選 下3桁提示可能
購入意思をメッセージ頂ければ、迅速に対応可能な方優先でプライベート出品させて頂きます。

・当日、開場時間の...",True
99z76fg02c,,milesixtones-2026,2026-11-22,16:30,日産スタジアム,electronic,female,当日手渡し,na,5.0,,番手,2026-09-25 02:01:16,scrape_observed,2026-09-26 01:01:13,,,listing,2,40000,"2名義中2番手/初期当選/着ブロ希望なし/有効期限内名義/下3桁提示可能

【必ずお読みください】
・﻿﻿開場15分前を目処に会場付近に集合し同時入場していただ...",True
1msjp02csz,,milesixtones-2026,2026-11-22,16:30,日産スタジアム,electronic,female,同行,あ,5.0,,同行,2026-09-25 02:01:16,scrape_observed,2026-09-26 01:01:13,,,listing,1,50000,"初期当選/有効期限内名義/重複すり替え無し同行/下3桁提示可

ご購入前に必ずご一読願います。
・開場30分前に会場付近で合流した後、同時入場していただきます。...",True
sm3pjxizvr,,milesixtones-2026,2026-11-22,16:30,日産スタジアム,electronic,none,当日,あぴ,5.0,,番手,2026-09-25 02:01:16,scrape_observed,2026-09-26 01:01:13,,,listing,2,30000,"9名義中7番手

プラベル出品可/初期当選/全て2連当選/すり替えなし/下3桁提示可/有効期限内/ペイジーまたはコンビニ入金/着ブロ指定なし/本人確認不可

【...",True
ljh632yu1h,,milesixtones-2026,2026-11-22,16:30,日産スタジアム,electronic,female,同行,あ,5.0,,番手,2026-09-25 02:01:16,scrape_observed,2026-09-26 01:01:13,,,listing,2,30000,"6名義中5番手/すり替えなし/全て有効期限内/初期当選/同一クレカ支払いなし/発送物戻り名義なし/下3桁提示可

当日は開場30分前頃に、会場付近の当方指定場所...",True
1h6fj2bouo,,milesixtones-2026,2026-11-22,16:30,日産スタジアム,electronic,female,同行,♡,5.0,,番手,2026-09-25 02:01:16,scrape_observed,2026-09-26 01:01:13,,,listing,2,40000,"2名義中2番
※プラベルで専用出品致しますので、メッセージお願いいたします。
FC先行／初期当選／座席未定／すり替えなし／下3桁掲示可／着ブロ希望なし／郵送物戻...",True
0ysrvnro6z,,milesixtones-2026,2026-11-22,16:30,日産スタジアム,electronic,female,同行,♡,5.0,,番手同行,2026-09-25 02:01:16,scrape_observed,2026-09-26 01:01:13,,,listing,2,0,"3名義中2.3番手でのお譲りです。
希望金額と、番手お伝えください。
専用出品での取引を予定しております。",True
ne3gjp2z2y,,milesixtones-2026,2026-11-22,16:30,日産スタジアム,electronic,female,同行,かい,5.0,,同行番手,2026-09-25 02:01:16,scrape_observed,2026-09-26 01:01:13,,,listing,1,60000,"2名義中1番手　同行
田中担不可／下3桁提示可／有効期限内／初期当選／すり替えなし

【お取引について】
・2名義中1番手、当方との同行となります。
・チケット...",True
0yy6h7svyf,,milesixtones-2026,2026-11-22,16:30,日産スタジアム,electronic,female,3名義中2番手/すり替えなし,☆ミ,5.0,,番手,2026-09-25 02:01:16,scrape_observed,2026-09-26 01:01:13,,,listing,2,40000,"⭐️ プライベートモードにて再度出品いたしますので、お取引希望の方はメッセージにてご連絡ください。

当日開場前に集合し、同時入場して頂きます。同時入場後にチケ...",True
e94umm3lou,,milesixtones-2026,2026-11-22,16:30,日産スタジアム,electronic,female,公演前日QR共有,Ｊ,5.0,,QR,2026-09-25 02:01:16,scrape_observed,2026-09-26 01:01:13,,,listing,2,53000,"FC先行
同行なし、すり替えなし、有効期限内、条件特になし
同行者登録は可能になり次第速やかに終わらせます。
ご希望の方へは下三桁お知らせ可能です。

プライベ...",True
ijw9svjg12,,milesixtones-2026,2026-11-22,16:30,日産スタジアム,electronic,female,同行,ぴ,5.0,,同行,2026-09-25 02:01:16,scrape_observed,2026-09-26 01:01:13,,,listing,1,25000,"※当日3.0手渡しお願い致します

FC初期当選/有効期限内/重複すり替えなし/会員番号下3桁提示可

プライベート出品に変更するため、購入希望の方は担当様明記...",True
14civuon54,,milesixtones-2026,2026-11-22,16:30,日産スタジアム,electronic,female,当日会場でお待ち合わせにて,K,5.0,,QR,2026-09-25 02:01:16,scrape_observed,2026-09-26 01:01:13,,,listing,2,53000,"QR毎/下3桁提示可/復活当選、制作開放ではない初期当選/重複すり替えなし/有効期限内/着ブロ希望なし/発送物戻りなし

・ご購入後、即日に下3桁をご連絡致しま...",True
xhlcrbdtjy,,milesixtones-2026,2026-11-22,16:30,日産スタジアム,electronic,female,当日手渡し,m,5.0,,番手,2026-09-25 02:01:16,scrape_observed,2026-09-26 01:01:13,,,listing,2,30000,"4名義中4番手/すり替えなし/初期当選/下3桁提示可

【条件あり】
・チケットを複数所持しております。入場時は10名程度でまとまって入場する予定です。

・入...",True
dagsa2jstm,,milesixtones-2026,2026-11-22,16:30,日産スタジアム,electronic,female,同行,な,5.0,,同行,2026-09-25 02:01:16,scrape_observed,2026-09-26 01:01:13,,,listing,1,50000,"FC先行/初期当選/有効期限内/すり替えなし/下3桁提示可/サイチェン可
アリツア未使用名義

当日開場の10分前を目安に集合し同時入場していただきます。集合場...",True
8y8vk1o6t2,,milesixtones-2026,2026-11-22,16:30,日産スタジアム,electronic,none,同行,O,5.0,,番手,2026-09-25 02:01:16,scrape_observed,2026-09-26 01:01:13,,,listing,2,35000,"
2名義中2番手
下三桁提示可能/すり替えなし/有効期限内/着席希望なし/

・公演当日は開場時間20~30分前に会場付近で待ち合わせをし、同時入場していただき...",True
k75h54lho9,,milesixtones-2026,2026-11-22,16:30,日産スタジアム,electronic,female,重複すり替えなし同行,a,5.0,,同行,2026-09-25 02:01:16,scrape_observed,2026-09-26 01:01:13,,,listing,1,43000,"初期当選/代表同行FC/下3桁提示可/松村担不可/最終当選スタンド/公演中止に限り返金/プラベ出品可

・重複すり替えなし、着ブロ希望なし、同行者FC枠
・連番...",True
dhrm9hj06d,,milesixtones-2026,2026-11-22,16:30,日産スタジアム,electronic,female,同時入場,あお,5.0,,同行番手,2026-09-25 02:01:16,scrape_observed,2026-09-26 01:01:13,,,listing,2,22000,"ランダム配布
有効期限内名義/コンビニ入金/着ブロ指定なし

【集合時間】
開場の30分前 会場近くの指定場所

【返金】
公演中止の場合返金

入場後はチケッ...",True
jnq35dxor1,,milesixtones-2026,2026-11-22,16:30,日産スタジアム,electronic,female,同行,F,5.0,,ランダム,2026-09-25 02:01:16,scrape_observed,2026-09-26 01:01:13,,,listing,2,23000,"【ランダム配布】全て初期当選、有効期限内
必ず全て確認してからご購入ください。

・ランダム配布　座席選択権なし
チケットは発券後に一旦回収いたします。
お渡し...",True
ft1fy1lejp,,milesixtones-2026,2026-11-22,16:30,日産スタジアム,electronic,female,公演日前日までにQRコード共有,えい,4.2,,ランダム記載あり,2026-09-25 02:01:16,scrape_observed,2026-09-26 01:01:13,,,listing,1,42000,"アリツア落選名義/FC先行/座席未定/QR/有効期限内/重複すり替え無し/変更ボタン有/下3桁提示可/着ブロ希望無し

前日に必要な情報を連絡ボードにてご連絡し...",True
pxufj81ugz,,milesixtones-2026,2026-11-22,16:30,日産スタジアム,electronic,female,同行,r,5.0,,同行,2026-09-25 02:01:16,scrape_observed,2026-09-26 01:01:13,,,listing,1,60000,"当方と同行/初期当選/重複/すり替えなし/下3桁提示可/有効期限内/着ブロ希望なし/アリツ落選名義

・2連中の1枚当方（田中担同担不可）との同行になります。...",True
dozlz3qzc1,,milesixtones-2026,2026-11-22,16:30,日産スタジアム,electronic,female,当日手渡し,R,5.0,,同行番手,2026-09-25 02:01:16,scrape_observed,2026-09-26 01:01:13,,,listing,2,35000,"初期当選/2名義中2番手/有効期限内/すり替えなし/下3桁提示可能/本人確認対応不可

ブラベルにて専用出品させていただきますので、購入前にコメントください。...",True
wprof4ra53,,milesixtones-2026,2026-11-22,16:30,日産スタジアム,paper,female,当日手渡し,R,5.0,,番手,2026-09-25 02:01:16,scrape_observed,2026-09-26 01:01:13,,,listing,2,40000,"7名義中4番手 番手理解ある方のみご購入くださいませ。
当日は会場45分前を目安に指定の場所へお越しくださいますようお願いいたします。
また、複数の方にお集まり...",True
zjdzun70rt,,milesixtones-2026,2026-11-22,16:30,日産スタジアム,electronic,female,当日同時入場,ね,5.0,,番手,2026-09-25 02:01:16,scrape_observed,2026-09-26 01:01:13,,,listing,2,30000,"4名義中4番手
初期当選/有効期限内/すり替えなし/着ブロ指定なし/下3桁提示可/本人確認不可

・開場時間に会場付近での待ち合わせを予定しています。時間厳守に...",True
dq8i4lc2r2,,milesixtones-2026,2026-11-22,16:30,日産スタジアム,electronic,female,同行,t,5.0,,番手,2026-09-25 02:01:16,scrape_observed,2026-09-26 01:01:13,,,listing,2,40000,"2名義中2番手
FC初期当選　すり替えなし　下3桁提示可能　戻りエラー履歴なし　プラベル切替可

同時入場後チケットを一度回収し、2連でお渡しします。
お渡し後...",True
20cjscl708,,milesixtones-2026,2026-11-22,16:30,日産スタジアム,electronic,female,同行,m,5.0,,番手同行,2026-09-25 02:01:16,scrape_observed,2026-09-26 01:01:13,,,listing,1,35000,"2名義中2番手 友人と同行/すり替えなし/初期当選/下3桁提示可

【条件あり】
・チケットを複数所持しております。入場時は10名程度でまとまって入場する予定で...",True
q1bquzi63n,,milesixtones-2026,2026-11-22,16:30,日産スタジアム,electronic,female,同行,Ko,5.0,,番手,2026-09-25 02:01:16,scrape_observed,2026-09-26 01:01:13,,,listing,2,29500,"初期当選/4名義中4番手/有効期限内/下3桁提示可能、すり替えなし/着ブロ希望なし/本人確認不可

4名義中の4番手のチケットです。
公演当日は会場付近にて開場...",True
id4t6drvd9,,milesixtones-2026,2026-11-22,16:30,日産スタジアム,electronic,female,公演前日にログイン情報をお伝えいたします,kr,5.0,,QR,2026-09-25 02:01:16,scrape_observed,2026-09-26 01:01:13,,,listing,2,53000,"QR毎、重複すり替えなし、初期当選、下3桁提示可

公演中止以外での返金は致しかねます。
ご理解いただける方のみご購入下さい。",True
rfiw8o6x9q,,milesixtones-2026,2026-11-22,16:30,日産スタジアム,electronic,female,ランダム配布,💫,5.0,,ランダム記載あり,2026-09-25 02:01:16,scrape_observed,2026-09-26 01:01:13,,,listing,2,28000,・同時入場していただき一度チケットを回収し、開演時間までにランダムでチケットをお渡しします。座席選択はできません。席次第で入場してすぐお渡しする可能性あります。...,True
a6lg5zyx0r,,milesixtones-2026,2026-11-22,16:30,日産スタジアム,electronic,female,同行,U,5.0,,ランダム,2026-09-25 02:01:16,scrape_observed,2026-09-26 01:01:13,,,listing,2,23000,【入場時ランダムエラーの場合の全額返金保証、立見なし】ランダムのお渡しとなり、購入者様の座席選択権はありませんことご理解下さい。(連番での落札は必ず連番のお譲り...,True
196p6ay8hw,,milesixtones-2026,2026-11-22,16:30,日産スタジアム,electronic,female,公演当日,なち,5.0,,番手,2026-09-25 02:01:16,scrape_observed,2026-09-26 01:01:13,,,listing,2,40000,"


メッセージ確認できましたらプライベート出品に変更させていただきます。

4名義中3番手/初期当選/有効期限内/すり替えなし/下3桁提示可/着ブロなし

・...",True
gz8hgjmcxt,,milesixtones-2026,2026-11-22,16:30,日産スタジアム,electronic,female,2名義中2番手,ほ,5.0,,番手,2026-09-25 02:01:16,scrape_observed,2026-09-26 01:01:13,,,listing,2,38000,"2名義中2番手/下3桁提示可/初期当選/すり替えなし

公演当日は、会場付近にて開場15分前に集合し同時入場していただきます。時間は変更する場合がございます。詳...",True
25s6s4batc,,milesixtones-2026,2026-11-22,16:30,日産スタジアム,electronic,none,同行,yuu,5.0,,番手同行,2026-09-25 02:01:16,scrape_observed,2026-09-26 01:01:13,,,listing,2,32000," 4名義中3番手／すり替えなし
全て初期当選、有効期限内、下3桁提示可

公演当日、最寄駅または会場付近にて待ち合わせし、同時入場していただきます。
詳しい待ち...",True
i5upyg6wa4,,milesixtones-2026,2026-11-22,16:30,日産スタジアム,electronic,female,同行,な,5.0,,番手,2026-09-25 02:01:16,scrape_observed,2026-09-26 01:01:13,,,listing,2,35000,"初期当選/ 2名義中2番手/サイチェン可/すり替え無し/着ブロ希望なし/同一クレカ決済なし/下3桁提示可/有効期限内/

・公演当日会場付近にて開場10〜20分...",True
16j3sc8fmb,,milesixtones-2026,2026-11-22,16:30,日産スタジアム,electronic,female,同時入場,むー,5.0,,番手,2026-09-25 02:01:16,scrape_observed,2026-09-26 01:01:13,,,listing,2,20683,"⭐️必ず最後までご確認ください⭐️
8名義中5番手　残り当日手渡し2.0/

FC先行 有効期限内/下3桁提示可/ すり替えなし

  ・2連でご購入の場合には...",True
f5pri7lli5,,milesixtones-2026,2026-11-22,16:30,日産スタジアム,electronic,female,同行,Y,5.0,,同行,2026-09-25 02:01:16,scrape_observed,2026-09-26 01:01:13,,,listing,2,40000,"2名義中2番手/プライベート出品にする為ご購入の方はご連絡ください。
FC先行/女性名義/アリツア落選名義/初期当選/着ブロ指定無し/有効期限内/郵便物戻りなし...",True
tawjkmjrqz,,milesixtones-2026,2026-11-22,16:30,日産スタジアム,electronic,female,同行,💙,5.0,,ランダム,2026-09-25 02:01:16,scrape_observed,2026-09-25 14:01:13,,,listing,2,20000,"重複あり、複数名義中ランダム配布。
購入者様に座席選択権はございません。
プライベート出品しますので購入されずにまずお声がけください。

・複数名義中当方が2連...",True
zzpb9mqlbo,,milesixtones-2026,2026-11-22,16:30,日産スタジアム,electronic,female,備考必須,ちゃむ,5.0,,番手,2026-09-25 02:01:16,scrape_observed,2026-09-26 01:01:13,,,listing,2,30000,"ご検討されてる方はメッセージください。
別の親と取引中でしたがふたりとも行けなくなってしまいました。親とはこちらのお話を通してありますのでお繋げします。

5名...",True
jnumexrqcu,,milesixtones-2026,2026-11-22,16:30,日産スタジアム,electronic,female,公演日前日にQRコード共有,m,5.0,,QR,2026-09-25 02:01:16,scrape_observed,2026-09-26 01:01:13,,,listing,2,50000,"初期当選/下3桁提示可能/有効期限内/変更ボタンあり/発送物戻りなし/すり替え重複なし

プラベル通し可

・公演前日にログイン情報の方お伝えいたします。入場後...",True
h3taq2zokc,,milesixtones-2026,2026-11-22,16:30,日産スタジアム,electronic,none,同行,m,5.0,,同行,2026-09-25 02:01:16,scrape_observed,2026-09-26 01:01:13,,,listing,1,47000,"🌟1名義同行 🌟

ご希望額ご連絡ください。(即以下◎)

プラベル出品に変更するため、ご希望額添えてメッセージお願いいたします。

重複無し同行/発送物戻...",True
glxlxehlgw,,milesixtones-2026,2026-11-22,16:30,日産スタジアム,electronic,female,同行,🌟,4.9,,ランダム,2026-09-25 02:01:16,scrape_observed,2026-09-26 01:01:13,,,listing,4,30000,"【指定席のお譲り】
◎ チケットお取引が初めての方や、慣れていない方もご安心いただけるお取引をいたします。
◎ 入場方法がわからない場合も、当日お会いしてご挨拶...",True
cs862k8xu9,,milesixtones-2026,2026-11-22,16:30,日産スタジアム,electronic,female,同行,na,5.0,,QR番手,2026-09-25 02:01:16,scrape_observed,2026-09-26 01:01:13,,,listing,2,45000,3名義中2番手/下3桁可能,True
59matogn1s,,milesixtones-2026,2026-11-22,16:30,日産スタジアム,electronic,female,前日までにログイン情報共有,しゅ,5.0,,QR,2026-09-25 02:01:16,scrape_observed,2026-09-26 01:01:13,,,listing,2,82000,"FC初期当選 QRごと QR毎 座席未定
プライベート出品に切り替えてのお取引とさせていただきます。
必ず事前にコメントお願いいたします。
すり替えなし/下3桁...",True
s6dk8vl8sk,,milesixtones-2026,2026-11-22,16:30,日産スタジアム,paper,female,当日手渡し,ヌ,5.0,,同行,2026-09-25 02:01:16,scrape_observed,2026-09-26 01:01:13,,,listing,2,300,"⭐️大阪 長居 11/8との交換希望（番手問わず）
→当方のチケット 神奈川 日産 11/22 3名義中3番手 2連
⭐️すり替えなし/下3桁提示可
⭐️都度清...",True
t49te61yac,,milesixtones-2026,2026-11-22,16:30,日産スタジアム,electronic,female,同行,な,5.0,,同行,2026-09-25 02:01:16,scrape_observed,2026-09-26 01:01:13,,,listing,1,60000,"当方(25↑京本担)と同行/下3桁提示可/重複すり替えなし/初期当選/有効期限内/着ブロ希望なし/京本担不可/サイチェン不可

アリツ落選/当選歴なし

プライ...",True
9ogngibcpx,,milesixtones-2026,2026-11-22,16:30,日産スタジアム,electronic,female,2名義中2番手,みっきー,5.0,,同行番手,2026-09-25 02:01:16,scrape_observed,2026-09-26 01:01:13,,,listing,2,40000,"FC先行 初期当選 有効期限内名義 下3桁提示可能 Pay-easy決済 2名義中2番手　すり替えなし

・2名義中2番手のお譲りになります。入場後チケットを回...",True
0fp3jix71g,,milesixtones-2026,2026-11-22,16:30,日産スタジアム,electronic,female,公演前日,C,5.0,,QR,2026-09-25 02:01:16,scrape_observed,2026-09-26 01:01:13,,,listing,1,60000,"プラベル移行可能です
QR毎/初期当選/女性名義/アリツア落選名義/重複すり替えなし/着ブロ希望なし/下3桁提示可能/有効期限内

公演前日にログインに必要な情...",True
hjg957fan3,,milesixtones-2026,2026-11-22,16:30,日産スタジアム,electronic,female,同行,a,5.0,,番手,2026-09-25 02:01:16,scrape_observed,2026-09-26 01:01:13,,,listing,2,38000,"⭐️2名義中2番手同行(前回•前々回スタンド名義×2)⭐️
どちらも初期当選、下3桁提示可、有効期限内、すり替えなし、着ブロなし、郵送物戻りなし。

・一部チケ...",True
swogl0novs,,milesixtones-2026,2026-11-22,16:30,日産スタジアム,electronic,female,同行,ｍi,5.0,,番手,2026-09-25 02:01:16,scrape_observed,2026-09-25 12:01:18,,,listing,2,35000,"3名義中2番手

※専用出品、プラベル利用いたしますので購入希望の方はメッセージお願いいたします

すり替えなし/下3桁提示可能/有効期限内

お取引希望の方は...",True
9pf8pq5x6p,,milesixtones-2026,2026-11-22,16:30,日産スタジアム,electronic,female,公演日前日にログイン情報共有,F,5.0,,QR,2026-09-25 02:01:16,scrape_observed,2026-09-26 01:01:13,,,listing,1,60000,"QR毎/初期当選/アリツア落選名義/初当選/重複すり替えなし/着ブロ希望なし/下3桁提示可能｜有効期限内

公演前日夜にログインに必要な情報をお伝えします。
当...",True
pwskysxwhs,,milesixtones-2026,2026-11-22,16:30,日産スタジアム,electronic,female,前日夜までに待ち合わせ場所共有します,ho9,5.0,,番手,2026-09-25 02:01:16,scrape_observed,2026-09-26 01:01:13,,,listing,2,35000,"2名義中2番手のお譲りになります。

全て初期当選  有効期限内  すり替えなし  下3桁提示可  サイチェン可

同時入場後、こちらでチケットを確認でき次第す...",True
4zaqi5ysf2,,milesixtones-2026,2026-11-22,16:30,日産スタジアム,electronic,female,同行,ゆ,5.0,,同行,2026-09-25 02:01:16,scrape_observed,2026-09-26 01:01:13,,,listing,1,60000,"初期当選 有効期限内 重複なし同行 すり替えなし 

当日開場10分前に会場付近にて集合し同時入場していただきます
いかなる場合も返金不可です
20歳以上日本語...",True
vctf7xk344,,milesixtones-2026,2026-11-22,16:30,日産スタジアム,electronic,none,公演日当日にQRコード共有,めんた,5.0,,QR,2026-09-25 02:01:16,scrape_observed,2026-09-26 01:01:13,,,listing,2,61111,"FC先行 座席未定QR／／重複・すり替えなし／／有効期限内
公演日に連絡ボードにて必要な情報をお伝えします。
お席に関するクレーム・送金停止は一切お受け致しかね...",True
dzalpp682x,,milesixtones-2026,2026-11-22,16:30,日産スタジアム,electronic,female,同時入場,あ,5.0,,番手,2026-09-25 02:01:16,scrape_observed,2026-09-26 01:01:13,,,listing,1,33000,"4名義中3番手/初期当選/有効期限内/すり替えなし/下3桁提示可/着ブロなし

2連中の1枚、4名義全て2連です。

プライベート出品いたしますので、購入希望の...",True
ehnl3ty3s4,,milesixtones-2026,2026-11-22,16:30,日産スタジアム,electronic,female,QRごと,ねこ,5.0,,QR,2026-09-25 02:01:16,scrape_observed,2026-09-26 01:01:13,,,listing,1,80000,"QR毎/初期当選/アリツア落選名義/重複すり替えなし/着ブロ希望なし/下3桁提示可能｜有効期限内

公演前日夜にログインに必要な情報をお伝えします。
当日は速や...",True
z26pf3i6eh,,milesixtones-2026,2026-11-22,16:30,日産スタジアム,electronic,female,同時入場,mi,5.0,,ランダム,2026-09-25 02:01:16,scrape_observed,2026-09-26 01:01:13,,,listing,1,25000,"プラベルにて再度出品いたしますので、お取引希望の方はメッセージにてご連絡ください。

【条件あり】
チケットを複数所持しております。同時入場後にチケットを一旦回...",True
s8xsdtyxg1,,milesixtones-2026,2026-11-22,16:30,日産スタジアム,electronic,female,同行,るる,5.0,,同行番手,2026-09-25 02:01:16,scrape_observed,2026-09-26 01:01:13,,,listing,1,42000,"2名義中1番手同行

ご入場後、すべてのチケットを一度回収させていただき、当方が座席を選択した後、チケットお渡しさせて頂きます。

公演当日会場付近にて待ち合わ...",True
wcr8w6zfzl,,milesixtones-2026,2026-11-22,16:30,日産スタジアム,electronic,female,同行,tan,5.0,,ランダム,2026-09-25 02:01:16,scrape_observed,2026-09-26 01:01:13,,,listing,1,25000,"⭐︎少人数ランダム⭐︎

※プラベルで専用出品致しますので、メッセージお願い致します。
公演当日、開場20分前を目安に会場付近で待ち合わせをし、同時入場をしてい...",True
myed6koksq,,milesixtones-2026,2026-11-22,16:30,日産スタジアム,electronic,female,公演日前日までにログイン情報共有,R,5.0,,QR,2026-09-25 02:01:16,scrape_observed,2026-09-26 01:01:13,,,listing,2,59000,"QR毎/初期当選/アリツア落選名義/重複すり替えなし/着ブロ希望なし/下3桁提示可能/有効期限内/発送物戻りなし/過去エラーなし

2024年落選
2025年ス...",True
90rbcm02i3,,milesixtones-2026,2026-11-22,16:30,日産スタジアム,electronic,female,同行,ゆ,5.0,,番手,2026-09-25 02:01:16,scrape_observed,2026-09-26 01:01:13,,,listing,2,40000,"初期当選/有効期限内/すり替えなし/3名義中2番手/下3桁提示可/着ブロ含まず

・当日はこちらが指定した場所にて開場15分前に待ち合わせし、同時入場していただ...",True
yiaybgkjaw,,milesixtones-2026,2026-11-22,16:30,日産スタジアム,electronic,female,同時入場,mi,5.0,,番手,2026-09-25 02:01:16,scrape_observed,2026-09-26 01:01:13,,,listing,2,45000,"プラベルにて再度出品いたしますので、お取引希望の方はメッセージにてご連絡ください。

【条件あり】
5名義中3番手、1.2番手除く残りの3名義より座席を選択でき...",True
tcrnnes9tt,,milesixtones-2026,2026-11-22,16:30,日産スタジアム,electronic,female,ランダム配布,💫,5.0,,ランダム記載あり,2026-09-25 02:01:16,scrape_observed,2026-09-25 13:01:12,,,listing,1,25000,・同時入場していただき一度チケットを回収し、開演時間までにランダムでチケットをお渡しします。座席選択はできません。席次第で入場してすぐお渡しする可能性あります。...,True
rvxmrvd8pj,,milesixtones-2026,2026-11-22,16:30,日産スタジアム,electronic,female,同行,しゅ,5.0,,同行,2026-09-25 02:01:16,scrape_observed,2026-09-26 01:01:13,,,listing,1,75000,"アリツ落選名義/初期当選/重複、すり替えなし

当方との同行となります。

公演中止以外のいかなる場合においても返金不可です。",True
nsckehlazf,,milesixtones-2026,2026-11-22,16:30,日産スタジアム,electronic,female,同行,poy,5.0,,ランダム,2026-09-25 02:01:16,scrape_observed,2026-09-26 01:01:13,,,listing,2,25000,当日は開場時間の30分前頃を目安にこちらが指定した場所に集合していただき同時入場後、先に当方が座席選択した後チケットをランダムにお渡しします。ご購入者様は座席選...,True
ve6ll5gusc,,milesixtones-2026,2026-11-22,16:30,日産スタジアム,electronic,female,同行,m,5.0,,番手,2026-09-25 02:01:16,scrape_observed,2026-09-26 01:01:13,,,listing,2,60000,"4名義中2番手2連

代表名義の下3桁提示可/ランエラ一部返金可/全名義期限内/すり替えなし

※バラとしての8枚中3.4枚目、一部手渡しも可能です。購入前にコ...",True
p3n87d0oj5,,milesixtones-2026,2026-11-22,16:30,日産スタジアム,electronic,female,同行,M,5.0,,同行番手,2026-09-25 02:01:16,scrape_observed,2026-09-26 01:01:13,,,listing,2,46000,"2名義中2番手/FC先行/初期当選/有効期限期限内

日本語の話せる方、成人済みの方のみご購入下さい。",True
8r7tspdgnj,,milesixtones-2026,2026-11-22,16:30,日産スタジアム,electronic,female,公演前日にQRコード共有,りい,5.0,,ランダム記載あり,2026-09-25 02:01:16,scrape_observed,2026-09-26 01:01:13,,,listing,1,90000,"ファンクラブ先行 座席未定 初期当選 
アリツア落選名義  QRごと 有効期限内 
コンビニ決済 重複すり替えなし 
着ブロ指定なし 3桁提示可
過去エラーなし...",True
vwrsaw7acp,,milesixtones-2026,2026-11-22,16:30,日産スタジアム,electronic,female,同行,り,5.0,,同行番手,2026-09-25 02:01:16,scrape_observed,2026-09-26 01:01:13,,,listing,2,35000,"2名義重複/2番手2連/座種未定/初期当選/すり替えなし/下3桁提示可能/公演日有効期限内

※開示懸念のため1部サイト優先。
お話まとまり次第専用またはプラベ...",True
5qrtu1gaum,,milesixtones-2026,2026-11-22,16:30,日産スタジアム,electronic,female,同行,取引,4.6,,QR同行番手ランダム,2026-09-25 02:01:16,scrape_observed,2026-09-26 01:01:13,,,listing,1,42000,"期限内/アリツア落選名義/過去エラーなし/下3桁提示可能 

  ランダムエラーや本人確認、体調不良、メンバー不在、交通機関の遅延などで入場できなかった場合でも...",True
wn50oe1dci,,milesixtones-2026,2026-11-22,16:30,日産スタジアム,electronic,female,公演日前日にログイン情報をお伝え致します,M,5.0,,QR,2026-09-25 02:01:16,scrape_observed,2026-09-26 01:01:13,,,listing,2,53000,"FC初期当選 QRごと 有効期限内 アリツア落選名義 QR毎 座席未定
プライベート出品に切り替えてのお取引となります。
必ず事前にコメントください。
すり替え...",True
tqq510e8jv,,milesixtones-2026,2026-11-22,16:30,日産スタジアム,electronic,none,ランダム配布,ゆゆゆ,4.8,,ランダム,2026-09-25 02:01:16,scrape_observed,2026-09-26 01:01:13,,,listing,2,30000,"◎お取引初心者の方でも安心してお取引できるよう対応いたします。分からないことがあればお気軽にご質問ください。

下記内容をよくお読みいただき理解した上でご購入く...",True
0d5njpyfyl,,milesixtones-2026,2026-11-22,16:30,日産スタジアム,electronic,female,同時入場,rna,5.0,,番手,2026-09-25 02:01:16,scrape_observed,2026-09-26 01:01:13,,,listing,2,45000,"即5.0/FC先行/7名義中4番手/すり替えなし/下3桁提示可/初期当選のみ/有効期限内

・当日は会場付近の指定した場所に時間厳守で集合していただきます。開場...",True
ai50bncbw5,,milesixtones-2026,2026-11-22,16:30,日産スタジアム,electronic,female,同行,A,5.0,,番手,2026-09-25 02:01:16,scrape_observed,2026-09-26 01:01:13,,,listing,2,45000,"FC先行 有効期限内　下3桁提示可  5名義中4番手　すり替えなし

・入場後1度チケットを回収し解散、座席の確認が出来次第再集合し座席を選択していただきます。...",True
pfvs89rvl1,,milesixtones-2026,2026-11-22,16:30,日産スタジアム,electronic,female,同行,❤︎Y,4.8,,同行,2026-09-25 02:01:16,scrape_observed,2026-09-26 01:01:13,,,listing,2,45000,FC先行 座席未定　3名義中の2番手　下3桁掲示可能　Pay-easy支払い　すり替え無し　初期当選　有効期限内　発送物戻りなし　着ブロ指定なし 2026年11...,True
27an1vcwtp,,milesixtones-2026,2026-11-22,16:30,日産スタジアム,electronic,female,公演日3日前までにQRコード共有,y,5.0,,QR,2026-09-25 02:01:16,scrape_observed,2026-09-26 01:01:13,,,listing,1,70000,"FC先行/座席未定/QR毎/重複すり替えなし/下3桁提示可能/期限内/着ブロ無し/サイチェン不可

入場後即ログアウト、ログアウト画面のスクリーンショットのご提...",True
a3ande8p73,,milesixtones-2026,2026-11-22,16:30,日産スタジアム,electronic,female,当日発券,ma,5.0,,番手,2026-09-25 02:01:16,scrape_observed,2026-09-26 01:01:13,,,listing,2,35000,"2名義中2番手/FC先行/有効期限内名義/すり替え無し/下3桁提示可能/アリツ落選名義

プライベートモードに切替えるためお取引希望の為希望者の方はメッセージお...",True
nprk4p3fiy,,milesixtones-2026,2026-11-22,16:30,日産スタジアム,electronic,female,同行,Ko,5.0,,番手,2026-09-25 02:01:16,scrape_observed,2026-09-26 01:01:13,,,listing,2,40000,"初期当選/4名義中3番手/有効期限内/下3桁提示可能、すり替えなし/着ブロ希望なし/本人確認不可

4名義中の3番手のチケットです。
公演当日は会場付近にて開場...",True
4ness5jp3e,,milesixtones-2026,2026-11-22,16:30,日産スタジアム,electronic,female,同時入場,ぴか,5.0,,番手,2026-09-25 02:01:16,scrape_observed,2026-09-26 01:01:13,,,listing,1,80000,"※プラベル出品に切り替えますので必ず担当とともに購入の旨ご連絡ください。

有効期限内　8名義中2名義目　本人確認不可　サイチェン不可　いかなる場合も返金不可...",True
f98t0c67qo,,milesixtones-2026,2026-11-22,16:30,日産スタジアム,electronic,female,当日同時入場,ね,5.0,,番手,2026-09-25 02:01:16,scrape_observed,2026-09-26 01:01:13,,,listing,2,35000,"4名義中3番手
初期当選/有効期限内/すり替えなし/着ブロ指定なし/下3桁提示可/本人確認不可

・開場時間に会場付近での待ち合わせを予定しています。時間厳守に...",True
d3jaay2px9,,milesixtones-2026,2026-11-22,16:30,日産スタジアム,electronic,female,同行,み,5.0,,同行,2026-09-25 02:01:16,scrape_observed,2026-09-26 01:01:13,,,listing,1,45000,"プライベート出品にて取引させて頂きますので、ご購入の方はメッセージお願い致します。

有効期限内/アリツア落選名義/下三桁提示可/初期当選/重複すり替えなし/着...",True
re2ayqt8ka,,milesixtones-2026,2026-11-22,16:30,日産スタジアム,electronic,female,同行,333,4.9,,ランダム,2026-09-25 02:01:16,scrape_observed,2026-09-26 01:01:13,,,listing,1,20683,⭐️開示対策の為プライベート出品に切り替えますのでご希望の方は⚠️リクエストではなく個別メッセージお願いいたします⭐️中相場での買取、上乗せにて早渡しも可能です...,True
q6vifmh88d,,milesixtones-2026,2026-11-22,16:30,日産スタジアム,electronic,female,同行,na,5.0,,QR番手,2026-09-25 02:01:16,scrape_observed,2026-09-26 01:01:13,,,listing,2,40000,3名義中3番手/下3桁可能,True
2i0yflqtgl,,milesixtones-2026,2026-11-22,16:30,日産スタジアム,electronic,female,公演前日にログイン情報共有,s,5.0,,ランダム記載あり,2026-09-25 02:01:16,scrape_observed,2026-09-26 01:01:13,,,listing,2,0,"QR毎/初期当選/重複すり替えなし/前座席スタンド/着ブロ希望なし/下3桁提示可能/有効期限内/発送物戻りなし

公演前日夜にログインに必要な情報をお伝えします...",True
84wlzarhpt,,milesixtones-2026,2026-11-22,16:30,日産スタジアム,electronic,female,同行,m,5.0,,番手同行,2026-09-25 02:01:16,scrape_observed,2026-09-26 01:01:13,,,listing,1,25000,"✍️プライベート出品いたしますので取引希望の際はメッセージをお願いします。
3名義中3番手／下3桁提示可能/有効期限内/すり替えなし
公演当日は開場時間1時間前...",True
5hltzh12v5,,milesixtones-2026,2026-11-22,16:30,日産スタジアム,electronic,female,QRごと,💫,5.0,,QR,2026-09-25 02:01:16,scrape_observed,2026-09-26 01:01:13,,,listing,2,52000,"初期当選/QR毎/重複すり替えなし/有効期限内/着ブロ希望なし/下3桁提示可

公演日前日に連絡ボードにてログイン情報をお伝えします。

公演中止以外の如何なる...",True
7mjpnskjtd,,milesixtones-2026,2026-11-22,16:30,日産スタジアム,electronic,female,4名義中3番手,れの,5.0,,番手,2026-09-25 02:01:16,scrape_observed,2026-09-25 11:01:14,,,listing,2,30000,4名義中3番手/該当名義/初期当選/すり替えなし/下3桁提示可/有効期限内 / 発送物戻りなし/着ブロ希望なし/サイチェン可/本人確認不可/Pay-easy入金...,True
khgr2zd8u7,,milesixtones-2026,2026-11-22,16:30,日産スタジアム,electronic,female,同時入場,rty,5.0,,番手,2026-09-25 02:01:16,scrape_observed,2026-09-26 01:01:13,,,listing,2,36000,"5名義中4番手/有効期限内/下3桁提示可能/着ブロ指定なし/初期当選

当日開場時間前にこちらが指定した場所、時間に集合して頂き同時に入場して頂きます。また入場...",True
19aoe1s8fb,,milesixtones-2026,2026-11-22,16:30,日産スタジアム,electronic,female,前日の21時までにログイン情報をお伝えします,り,5.0,,QR,2026-09-25 02:01:16,scrape_observed,2026-09-26 01:01:13,,,listing,2,68500,"【QRごと2枚連番】☆ご希望であればプライベート出品に変更しますので購入前に必ずメッセージをお願いいたします。

・下3桁開示可能 有効期限内
・ 同一クレカ、...",True
ra4ad97tvi,,milesixtones-2026,2026-11-22,16:30,日産スタジアム,electronic,female,連絡ボード,k,5.0,,番手,2026-09-25 02:01:16,scrape_observed,2026-09-26 01:01:13,,,listing,2,35000,"2名義中2番手
・取引確定後プライベート出品に変更致しますので必ずご連絡下さい。

初期当選/下３桁提示/有効期限内/すり替え無/過去エラー無/着ブロ指定なし/...",True
e094bwh6gu,,milesixtones-2026,2026-11-22,16:30,日産スタジアム,electronic,female,ランダム,ゆ,5.0,,ランダム,2026-09-25 02:01:16,scrape_observed,2026-09-26 01:01:13,,,listing,1,30000,"少人数ランダム配布

サイト通し1手渡しにて2にてご対応頂ける方のみご購入ください。

上乗せにて早渡し🉑中相場買取🉑

公演当日は開場時間の1時間ほど前ま...",True
fkagpmu4cu,,milesixtones-2026,2026-11-22,16:30,日産スタジアム,electronic,female,同行,SJI,5.0,,QR同行,2026-09-25 02:01:16,scrape_observed,2026-09-26 01:01:13,,,listing,1,42000,"同行／重複すり替え🈚️／FC先行／下3桁提示🉑／着ブロ希望🈚️／有効期限内名義／アリツア落選名義／初期当選

* 当方と同行になります。
*  日本人女性...",True
78zjzl0d7u,,milesixtones-2026,2026-11-22,16:30,日産スタジアム,electronic,female,公演日1日前にQRコード共有,ララ,5.0,,QR,2026-09-25 02:01:16,scrape_observed,2026-09-26 01:01:13,,,listing,2,60000,"FC初期当選 QRごと QR毎 座席未定
プラベルorプライベート出品に切り替えてのお取引となります。
必ず事前にコメントください。
すり替えなし/下3桁提示可...",True
4uvmdotlw4,,milesixtones-2026,2026-11-22,16:30,日産スタジアム,electronic,female,4名義中2番手,れの,5.0,,番手,2026-09-25 02:01:16,scrape_observed,2026-09-26 01:01:13,,,listing,2,47000,4名義中2番手/該当名義/初期当選/すり替えなし/下3桁提示可/有効期限内 / 発送物戻りなし/着ブロ希望なし/サイチェン可/本人確認不可/Pay-easy入金...,True
wgaodbmeu1,,milesixtones-2026,2026-11-22,16:30,日産スタジアム,paper,female,当日手渡し,R,5.0,,番手,2026-09-25 02:01:16,scrape_observed,2026-09-26 01:01:13,,,listing,1,45000,"7名義中3番手（京本担不可）
 番手理解ある方のみご購入くださいま
せ。
当日は会場45分前を目安に指定の場所へお越しくださいますようお願いいたします。
入場前...",True
j8pqa9rh49,,milesixtones-2026,2026-11-22,16:30,日産スタジアム,electronic,female,QRごと,💫,5.0,,QR,2026-09-25 02:01:16,scrape_observed,2026-09-26 01:01:13,,,listing,2,55000,"初期当選/QR毎/重複すり替えなし/有効期限内/着ブロ希望なし/下3桁提示可

公演日前日に連絡ボードにてログイン情報をお伝えします。

公演中止以外の如何なる...",True
mzvwi0othl,,milesixtones-2026,2026-11-22,16:30,日産スタジアム,electronic,female,同行,な,5.0,,同行,2026-09-25 02:01:16,scrape_observed,2026-09-26 01:01:13,,,listing,1,0,"FC先行 / 重複なし同行 / 初期当選 / 有効期限内 /下3桁提示可 / プライベート出品可 

即6.0

・当日指定した時間に会場付近で待ち合わせ、同時...",True
45dyrwe8qw,,milesixtones-2026,2026-11-22,16:30,日産スタジアム,electronic,female,同行,ぴよ,5.0,,同行,2026-09-25 02:01:16,scrape_observed,2026-09-26 01:01:13,,,listing,1,65000,"重複すり替えなし同行/松村担不可/着ブロ希望無し/下三桁提示可能/有効期限内/初期当選/本人確認不可/サイチェン可

・公演当日は開場時間20~30分前に会場付...",True
vp7rdic02t,,milesixtones-2026,2026-11-22,16:30,日産スタジアム,electronic,female,サイトで先払い6.0になります。当日に手渡し1.0となります。計7万のお取引となります。ご注意ください,ふみ,5.0,,同行,2026-09-25 02:01:16,scrape_observed,2026-09-26 01:01:13,,,listing,1,60000,"当方、松村担の同行になります。
計7万のお取引です。先払いと当日手渡しになります。",True
do4jpjwpuh,,milesixtones-2026,2026-11-22,16:30,日産スタジアム,electronic,female,2名義中2番手,す,5.0,,番手,2026-09-25 02:01:16,scrape_observed,2026-09-26 01:01:13,,,listing,2,53000,"2名義とも初期当選/2名義とも初当選/すり替え無し/有効期限内/下3桁提示可/サイチェン可

会場付近は電波が悪い可能性がございますので購入後に電話番号のご提示...",True
tpufizsx9d,,milesixtones-2026,2026-11-22,16:30,日産スタジアム,electronic,female,当日手渡し,m,5.0,,番手,2026-09-25 02:01:16,scrape_observed,2026-09-26 01:01:13,,,listing,2,50000,"4名義中2番手/すり替えなし/初期当選/下3桁提示可

【条件あり】
・チケットを複数所持しております。入場時は10名程度でまとまって入場する予定です。

・同...",True
kz5aj54908,,milesixtones-2026,2026-11-22,16:30,日産スタジアム,electronic,female,同行,り,4.6,,同行,2026-09-25 02:01:16,scrape_observed,2026-09-26 01:01:13,,,listing,1,70000,"下三桁提示可能/有効期限内/初期当選/重複すり替えなし/本人確認不可/サイチェン可

・公演当日は開場時間に会場付近で待ち合わせをし、同時入場していただきます。...",True
i41cr3qhsj,,milesixtones-2026,2026-11-22,16:30,日産スタジアム,electronic,female, 公演日前日(18:00以降)にログイン情報をお貸しします,MJGA,5.0,,QR,2026-09-25 02:01:16,scrape_observed,2026-09-26 01:01:13,,,listing,2,95000,"FC初期当選/有効期限内/下3桁提示可/すり替えなし/初当選(当選履歴なし)/着席ブロック希望なし

・公演日前日(18:00以降)になりましたら、ログイン情報...",True
wbrsdtv5cb,,milesixtones-2026,2026-11-22,16:30,日産スタジアム,electronic,female,ランダム,あお,5.0,,ランダム,2026-09-25 02:01:16,scrape_observed,2026-09-26 01:01:13,,,listing,2,28000,"ランダム配布 コンビニ決済
公演当日、開場時間30分前に最寄駅または会場付近で待ち合わせし、同時入場していただきます。

詳しい待ち合わせ時間・場所等は公演前日...",True
zpix3jonyv,,milesixtones-2026,2026-11-22,16:30,日産スタジアム,electronic,female,当日手渡し,m,5.0,,番手,2026-09-25 02:01:16,scrape_observed,2026-09-26 01:01:13,,,listing,2,40000,"4名義中3番手/すり替えなし/初期当選/下3桁提示可

【条件あり】
・チケットを複数所持しております。入場時は10名程度でまとまって入場する予定です。

・同...",True
816hn7lnj2,,milesixtones-2026,2026-11-22,16:30,日産スタジアム,electronic,female,公演日前日にQRコード共有,らら,5.0,,QR,2026-09-25 02:01:16,scrape_observed,2026-09-26 01:01:13,,,listing,2,80000,"QR毎/初期当選/初当選(当選履歴なし)/重複すり替えなし/着ブロ希望なし/下3桁提示可能/有効期限内/発送物戻りなし

公演前日夜にログインに必要な情報をお伝...",True
kqo9oq5g8c,,milesixtones-2026,2026-11-22,16:30,日産スタジアム,electronic,female,5名義中3番手,k,5.0,,番手,2026-09-25 03:01:12,scrape_observed,2026-09-26 01:01:13,,,listing,2,40000,"プライベート出品もしくはプラベルに切り替えますので、事前にご連絡お願いいたします。

5名義中3番手
初期当選/有効期限内/すり替えなし
入金確認出来次第の下3...",True
dmuk7gcqyc,,milesixtones-2026,2026-11-22,16:30,日産スタジアム,electronic,female,5名義中5番手,k,5.0,,番手,2026-09-25 03:01:12,scrape_observed,2026-09-26 00:01:10,,,listing,2,25000,"プライベート出品もしくはプラベルに切り替えますので、事前にご連絡お願いいたします。

5名義中5番手
初期当選/有効期限内/すり替えなし
入金確認出来次第の下3...",True
70ugydwl26,,milesixtones-2026,2026-11-22,16:30,日産スタジアム,electronic,female,5名義中4番手,k,5.0,,番手,2026-09-25 03:01:12,scrape_observed,2026-09-26 01:01:13,,,listing,2,35000,"プライベート出品もしくはプラベルに切り替えますので、事前にご連絡お願いいたします。

5名義中4番手
初期当選/有効期限内/すり替えなし
入金確認出来次第の下3...",True
mirwnekc7h,,milesixtones-2026,2026-11-22,16:30,日産スタジアム,electronic,female,同行,m,5.0,,同行,2026-09-25 04:01:12,scrape_observed,2026-09-26 00:01:10,,,listing,1,45000,"当方との同行 / 初期当選 / FC有効期限内 
重複すり替えなし 
トラブル防止の為、20歳以上日本人女性のみでお願いいたします。

当日は会場付近にて待ち合...",True
kp4xcg0z2w,,milesixtones-2026,2026-11-21,16:30,日産スタジアム,electronic,female,当日手渡し,m,5.0,,番手,2026-09-25 05:01:13,scrape_observed,2026-09-26 00:01:10,,,listing,2,0,"4名義中2番手 2連
初期当選/すり替えなし/有効期限内/過去エラーなし/同一クレカ支払いなし/着ブロ指定なし/本人確認不可
当日会場で待ち合わせ、同時入場して...",True
f0onacmrlv,,milesixtones-2026,2026-11-22,16:30,日産スタジアム,electronic,female,同行,ユーザー名未設定,5.0,,番手,2026-09-25 07:01:13,scrape_observed,2026-09-26 00:01:10,,,listing,1,35000,"FC先行／2名義中2番手  友人と同行／すり替えなし／初期当選のみ
【条件あり】
・チケットを複数所持しております。入場時は10名程度でまとまって入場する予定で...",True
94ghi538ic,,milesixtones-2026,2026-11-22,16:30,日産スタジアム,electronic,female,同行,りり,5.0,,番手,2026-09-25 07:01:13,scrape_observed,2026-09-26 00:01:10,,,listing,2,55000,"5名義中2番手 すり替え無し
全名義有効期限内　下3桁提示可

※プラベル出品への移行可能です。希望の方はメッセージお願いいたします。

※当日は指定した場所時...",True
8bhnxpnqt9,,milesixtones-2026,2026-11-22,16:30,日産スタジアム,electronic,female,同行,R,5.0,,番手,2026-09-25 08:01:11,scrape_observed,2026-09-26 00:01:10,,,listing,1,45000,"7名義中3番手/初期当選/有効期限内/下3桁提示可/すり替えなし/京本担不可

7名義中3番手でのお譲りです。
一部チケテン残り手渡し優先

・同時入場後全ての...",True
qzar8dx3se,,milesixtones-2026,2026-11-22,16:30,日産スタジアム,electronic,female,同行,R,5.0,,番手,2026-09-25 08:01:11,scrape_observed,2026-09-26 00:01:10,,,listing,2,35000,"7名義中4番手/初期当選/有効期限内/下3桁提示可/すり替えなし

7名義中4番手でのお譲りです。
一部チケテン残り手渡し優先

・同時入場後全てのチケットを回...",True
mypq0g697d,,milesixtones-2026,2026-11-22,16:30,日産スタジアム,electronic,female,同行,R,5.0,,番手,2026-09-25 08:01:11,scrape_observed,2026-09-26 00:01:10,,,listing,2,30000,"7名義中5番手/初期当選/有効期限内/下3桁提示可/すり替えなし

7名義中5番手でのお譲りです。
一部チケテン残り手渡し優先

・同時入場後全てのチケットを回...",True
yxuq20gm38,,milesixtones-2026,2026-11-08,17:00,ヤンマースタジアム長居,electronic,female,同行,moi,5.0,,同行,2026-09-25 10:01:13,scrape_observed,2026-09-26 00:01:10,,,listing,1,50000,"※プラベルで出品しますので、購入希望の方は希望額/担当/年齢記載の上メッセージください。

必ず最後までお読みください。
ご購入頂いた時点で、全て了承頂けたもの...",True
41wp7tbz16,,milesixtones-2026,2026-11-21,16:30,日産スタジアム,electronic,female,同行,U,5.0,,ランダム,2026-09-25 11:01:14,scrape_observed,2026-09-26 00:01:10,,,listing,2,26000,【入場時ランダムエラーの場合の全額返金保証、立見なし】ランダムのお渡しとなり、購入者様の座席選択権はありませんことご理解下さい。(連番での落札は必ず連番のお譲り...,True
ua4t2bduql,,milesixtones-2026,2026-11-07,17:00,ヤンマースタジアム長居,electronic,female,3名義中3番手、単番,ねこ,5.0,,番手,2026-09-25 13:01:12,scrape_observed,2026-09-25 13:01:12,,,listing,1,30000,"3名義中3番手/下3桁提示可能/有効期限内/着ブロ希望なし/初当選×2前回スタンド×1
※プラベル出品に切り替えますので、担当記載の上コメントください。
・公演中止が発表された場合のみ返金対応いたします。 その他理由(ランダムエラーや本人確認、交通機関等てのトラブル含む)の返金対応は一切できかねますのでご了承ください。
・ゲート番号、入場入り口等が出てからのキャンセル、座席に関してのクレームはお受けできません。
・トラブル防止のため代理購入はおやめください。必ず当日の入場者様ご本人にてご購入をお願いいたします。
・ご購入は日本語が理解出来る女性の方でお願いいたします。
上記記載事項全てをご理解・ご同意頂ける方のみご購入をお願いいたします。",True
c3kqoc57sm,,milesixtones-2026,2026-11-08,17:00,ヤンマースタジアム長居,electronic,female,同行 ,ねこ,5.0,,同行番手,2026-09-25 13:01:12,scrape_observed,2026-09-26 00:01:10,,,listing,1,60000,"2名義中1番手同行/下3桁提示可能/有効期限内/着ブロ希望なし/初当選×2

※プラベル出品に切り替えますので、担当記載の上コメントください。

・公演中止が発...",True
48p3v12f7o,,milesixtones-2026,2026-11-22,16:30,日産スタジアム,electronic,none,3名義中3番手,中野,5.0,,ランダム記載あり,2026-09-25 13:01:12,scrape_observed,2026-09-26 00:01:10,,,listing,2,30000,"※プライベート出品いたしますので、メッセージをお願いいたします。


下三桁提示可能/有効期限内/初期当選/重複すり替えなし

・公演当日は開場時間20〜30分...",True
pfkgz0907w,,milesixtones-2026,2026-11-21,16:30,日産スタジアム,electronic,none,手渡し,な,5.0,,ランダム,2026-09-25 14:01:13,scrape_observed,2026-09-26 00:01:10,,,listing,2,20500,"すり替えありランダム配布
複数名義所持しております。入場後全てチケットを一度回収し、解散します。こちらで席を選ばせていただいたあとにランダムでチケットをお渡しし...",True
ewjii9ghbn,,milesixtones-2026,2026-11-08,17:00,ヤンマースタジアム長居,electronic,female,同行,negi,5.0,,ランダム,2026-09-25 16:01:16,scrape_observed,2026-09-26 00:01:10,,,listing,1,24000,"【ランダム配布】★少人数ランダム  10分前のお渡し 初期当選のみ

【下記注意事項を必ずご一読ください】
※公演当日、当方と同時入場をしていただきます。
※入...",True
wkfb0tvhne,,milesixtones-2026,2026-11-08,17:00,ヤンマースタジアム長居,electronic,female,公演当日にQRコード共有,A,5.0,,QR,2026-09-25 16:01:16,scrape_observed,2026-09-26 00:01:10,,,listing,2,75000,"VVS下段/YO上段/アリツア落選
★チケホルあり

⚠️購入意思のない反応要りません。
⚠️一部プラベル(残り手渡し)通しへ移行する為、必ずメッセージよりお声...",True
js6ugm6iu5,,milesixtones-2026,2026-11-21,16:30,日産スタジアム,electronic,female,同行,®️,5.0,,同行,2026-09-25 16:01:16,scrape_observed,2026-09-26 00:01:10,,,listing,1,50000,"当方と同行での入場となります。
重複なし・初期当選・有効期限内の名義です。（本人確認不可）

当方は京本担です。同担拒否はありません。
サイチェンも可能ですが、...",True
rgkghb62hq,,milesixtones-2026,2026-11-22,16:30,日産スタジアム,electronic,female,ランダム配布,💫,5.0,,ランダム記載あり,2026-09-25 16:01:16,scrape_observed,2026-09-26 00:01:10,,,listing,2,28000,・同時入場していただき一度チケットを回収し、開演時間までにランダムでチケットをお渡しします。座席選択はできません。席次第で入場してすぐお渡しする可能性あります。...,True
omjel7ifzl,,milesixtones-2026,2026-11-22,16:30,日産スタジアム,electronic,female,同行,岩村,5.0,,同行番手,2026-09-25 16:01:16,scrape_observed,2026-09-26 00:01:10,,,listing,2,45000,"2連✕5名義中3番手 
会員番号下3桁提示可 すり替えなし  
FC先行 全て初期当選 
有効期限内 Pay-easy決済 

※プラベル出品への移行可能です。...",True
5fkyznpc34,,milesixtones-2026,2026-11-22,16:30,日産スタジアム,electronic,female,同行,ゆ,5.0,,同行,2026-09-25 17:01:15,scrape_observed,2026-09-26 00:01:10,,,listing,1,50000,"2連中1枚 当方（京本担）との同行/初期当選/重複すり替えなし/下3桁提示可/有効期限内/着ブロなし

プライベート出品に変更いたしますので、お取引希望の方はメ...",True
kogejlnvoa,,milesixtones-2026,2026-11-22,16:30,日産スタジアム,electronic,female,2名義中2番手,Y,5.0,,番手,2026-09-25 18:01:15,scrape_observed,2026-09-26 00:01:10,,,listing,2,40000,"初期当選/2名義中2番手/期限内/下3桁提示可プラベルに切り替えも可能です  最高3.2 即4.0

同時入場していただき、当方が選ばなかった2連のチケットを必...",True
sa4vmzjg8o,,milesixtones-2026,2026-11-08,17:00,ヤンマースタジアム長居,electronic,female,同行,Q,5.0,,番手,2026-09-25 21:01:14,scrape_observed,2026-09-26 00:01:10,,,listing,2,0,"即3/枚
・2名義中2番手、すり替えなし、SixTONESFC先行、有効期限内、同一クレカ決済なし、着ブロ選択なし。
・2名義分会員番号下3桁提示可能です。
・...",True
dknfwv7l5x,,milesixtones-2026,2026-11-22,16:30,日産スタジアム,electronic,female,ランダム配布,J,5.0,,ランダム,2026-09-25 22:01:15,scrape_observed,2026-09-26 00:01:10,,,listing,2,22222,"プライベート出品にしますので購入前に希望枚数ご連絡ください。
・ランダム配布となりますのでご理解のある方のみご購入ください。
・開場30〜40分前(13:50〜...",True
u9mksuub3o,,milesixtones-2026,2026-11-08,17:00,ヤンマースタジアム長居,electronic,female,同行,ふ,5.0,,同行記載あり,2026-09-25 23:01:10,scrape_observed,2026-09-26 00:01:10,,,listing,1,40000,"

入場開始15分前までに会場周辺のこちらが指定する場所で待ち合わせを行い、入場開始とともに同時入場して頂きます。

こちらのチケットは当方の管理している名義の...",True
rgc3n27whz,,milesixtones-2026,2026-11-07,17:00,ヤンマースタジアム長居,electronic,female,同行,m,5.0,,番手,2026-09-26 01:01:13,scrape_observed,2026-09-26 05:01:09,,,listing,2,30000,"3名義中3番手2連
初期当選、有効期限内、すり替えなし、名義下3桁提示可

ゲート別れた際はQR毎でお渡しする場合がございます。（2番手の方と入場していただく可...",True
oy3asouhtw,,milesixtones-2026,2026-11-07,17:00,ヤンマースタジアム長居,electronic,female,5名義中5番手,ゆゆゆ,4.8,,番手,2026-09-26 01:01:13,scrape_observed,2026-09-26 05:01:09,,,listing,2,33000,"◎お取引初心者の方でも安心してお取引できるよう対応いたします。分からないことがあればお気軽にご質問ください。

下記内容をよくお読みいただき理解した上でご購入く...",True
97jdogvml0,,milesixtones-2026,2026-11-07,17:00,ヤンマースタジアム長居,electronic,female,同行,ゆ,5.0,,番手,2026-09-26 01:01:13,scrape_observed,2026-09-26 05:01:09,,,listing,2,35000,"2名義中2番手/すり替えなし/下3桁提示可/全て有効期限内/同一クレカ決済なし/発送物戻り名義なし/初期当選
※プライベート出品に切り替えさせていただくため、購...",True
5xmxwxe9o8,,milesixtones-2026,2026-11-07,17:00,ヤンマースタジアム長居,electronic,female,当方と同行,ひなた,5.0,,同行QR,2026-09-26 01:01:13,scrape_observed,2026-09-26 05:01:09,,,listing,1,0,"⚠️復活当選した場合、制作開放席当選した場合のみお譲り可能です。

当方 田中樹担 。同担拒否はありません。
但しサイチェン、マナーを守れない方はご遠慮下さい�...",True
z6sbb9pyrn,,milesixtones-2026,2026-11-07,17:00,ヤンマースタジアム長居,electronic,female,同行,M,5.0,,同行,2026-09-26 01:01:13,scrape_observed,2026-09-26 05:01:09,,,listing,1,46000,"重複なし同行/初期当選/有効期限内/下3桁提示可能

開場時間30分前に集合していただきます。詳細は連絡ボードにて送らせていたただきます。日本語の通じない方、未...",True
rtf88a35mb,,milesixtones-2026,2026-11-07,17:00,ヤンマースタジアム長居,electronic,female,同行,🌟,4.9,,ランダム,2026-09-26 01:01:13,scrape_observed,2026-09-26 05:01:09,,,listing,4,30000,"【指定席のお譲り】
◎ チケットお取引が初めての方や、慣れていない方もご安心いただけるお取引をいたします。
◎ 入場方法がわからない場合も、当日お会いしてご挨拶...",True
7kgj1dqhz0,,milesixtones-2026,2026-11-07,17:00,ヤンマースタジアム長居,electronic,female,同行,tan,5.0,,ランダム,2026-09-26 01:01:13,scrape_observed,2026-09-26 05:01:09,,,listing,1,35000,"⭐︎1名義のみランダム⭐︎

※プラベルで専用出品致しますので、メッセージお願い致します。

公演当日、開場20分前を目安に会場付近で待ち合わせをし、同時入場を...",True
vmq4bgut5i,,milesixtones-2026,2026-11-07,17:00,ヤンマースタジアム長居,electronic,male,同行,T,5.0,,同行,2026-09-26 01:01:13,scrape_observed,2026-09-26 05:01:09,,,listing,1,45000,"同行/すり替えなし/着ブロ希望なし/初期当選/下3桁提示可/有効期限内/男性名義

プライベート出品に切り替えますのでご購入希望の方は担当記載の上メッセージにて...",True
xmdfn0vl58,,milesixtones-2026,2026-11-07,17:00,ヤンマースタジアム長居,electronic,female,同行,りり,5.0,,同行記載あり,2026-09-26 01:01:13,scrape_observed,2026-09-26 05:01:09,,,listing,1,60000,"初期当選
同行者が未定の為、探しております。
座席は、2枚のうち当方が選んだ後チケットをお渡しします。",True
00dmq732cu,,milesixtones-2026,2026-11-07,17:00,ヤンマースタジアム長居,electronic,female,ランダム配布,t,5.0,,ランダム,2026-09-26 01:01:13,scrape_observed,2026-09-26 05:01:09,,,listing,2,30000,入場後はチケットを一旦こちらで回収し、当方が座席選択をした後にランダムでお渡し致します。開演10分前までのお渡しです。ご購入者様が座席を選択することはできません...,True
6tyhyxolnt,,milesixtones-2026,2026-11-07,17:00,ヤンマースタジアム長居,electronic,none,同行,y:),5.0,,番手,2026-09-26 01:01:13,scrape_observed,2026-09-26 05:01:09,,,listing,2,40000,"2名義中2番手のお譲りです。
購入を検討される方はメッセージをお願いします。プラベルまたはプラベ出品へ移行します。
下3桁提示可能/すり替えなし/有効期限内
公...",True
04kndcaoa9,,milesixtones-2026,2026-11-07,17:00,ヤンマースタジアム長居,electronic,female,公演当日までにログイン情報提示,𖤐,5.0,,QR,2026-09-26 01:01:13,scrape_observed,2026-09-26 05:01:09,,,listing,2,52000,"⭐️プラベルの場合即決下げます⭐️
30万代ライブ初当選名義/下3桁提示可/有効期限内/初期当選/着ブロ指定なし/すり替えなし/重複なし
ランダムエラー、本人確...",True
2ig01ebeay,,milesixtones-2026,2026-11-07,17:00,ヤンマースタジアム長居,electronic,female,同行,U,5.0,,ランダム,2026-09-26 01:01:13,scrape_observed,2026-09-26 05:01:09,,,listing,2,28500,【入場時ランダムエラーの場合の全額返金保証、立見なし】ランダムのお渡しとなり、購入者様の座席選択権はありませんことご理解下さい。(連番での落札は必ず連番のお譲り...,True
7c3wvtcu7f,,milesixtones-2026,2026-11-07,17:00,ヤンマースタジアム長居,electronic,female,同行,ナ,5.0,,同行,2026-09-26 01:01:13,scrape_observed,2026-09-26 05:01:09,,,listing,2,36000,"2名義中2番手/初期当選/アリツア落選/有効期限内名義/すり替えなし(下3桁提示可能)/着ブロなし

プラベルにてお取引可能です。

・チケット発券後、チケット...",True
63qub12v80,,milesixtones-2026,2026-11-07,17:00,ヤンマースタジアム長居,electronic,female,同行,とま,5.0,,ランダム,2026-09-26 01:01:13,scrape_observed,2026-09-26 05:01:09,,,listing,2,27000,"開場20分前にご集合いただき同時入場後、チケットを一度回収し再配布いたします。
2枚でご購入いただいた場合も、入場時は別れてご入場いただく可能性もございます。最...",True
npx7k0wm1x,,milesixtones-2026,2026-11-07,17:00,ヤンマースタジアム長居,electronic,female,同行,U,5.0,,ランダム,2026-09-26 01:01:13,scrape_observed,2026-09-26 05:01:09,,,listing,1,27000,【入場時ランダムエラーの場合の全額返金保証、立見なし】ランダムのお渡しとなり、購入者様の座席選択権はありませんことご理解下さい。(連番での落札は必ず連番のお譲り...,True
d5yc84c79f,,milesixtones-2026,2026-11-07,17:00,ヤンマースタジアム長居,electronic,female,同行,nano,5.0,,同行,2026-09-26 01:01:13,scrape_observed,2026-09-26 05:01:09,,,listing,1,40000,"同行募集 2連中の1枚
初期当選 アリツア落選 前回YOスタンド
重複すり替えなし 会員×会員
郵便物戻りなし Pay-easy決済
会員番号下3桁提示可能 有...",True
svc4y79k8m,,milesixtones-2026,2026-11-07,17:00,ヤンマースタジアム長居,electronic,female,ランダム配布,ゆゆゆ,4.8,,ランダム,2026-09-26 01:01:13,scrape_observed,2026-09-26 05:01:09,,,listing,2,28000,"◎お取引初心者の方でも安心してお取引できるよう対応いたします。分からないことがあればお気軽にご質問ください。

下記内容をよくお読みいただき理解した上でご購入く...",True
7xptm67spx,,milesixtones-2026,2026-11-07,17:00,ヤンマースタジアム長居,electronic,female,同行,333,4.9,,番手,2026-09-26 01:01:13,scrape_observed,2026-09-26 05:01:09,,,listing,2,29000,"⭐️開示対策の為プライベート出品に切り替えますのでご希望の方は⚠️リクエストではなく個別メッセージお願いいたします⭐️

10名義中9番手。
公演当日は会場付近...",True
il3o4t9muk,,milesixtones-2026,2026-11-07,17:00,ヤンマースタジアム長居,electronic,female,公演前日まで下3桁開示,ゆ,5.0,,番手,2026-09-26 01:01:13,scrape_observed,2026-09-26 05:01:09,,,listing,2,40000,"FC/すり替えなし/期限内/2名義中2番手/下3桁提示可

こちら4/枚チケットになります。こちらにご納得頂ける方のみのみご購入ください

過去ランエラ出た名義...",True
w1n6v6o266,,milesixtones-2026,2026-11-07,17:00,ヤンマースタジアム長居,electronic,female,公演前日にログイン情報共有,り,5.0,,QR,2026-09-26 01:01:13,scrape_observed,2026-09-26 05:01:09,,,listing,2,50000,"QR毎/2連/初期当選/すり替えなし/下3桁提示可/有効期限内/同一クレカなし/発送物エラーなし/着ブロ希望なし

プライベート出品に切り替えるためコメントお願...",True
f393ypljpb,,milesixtones-2026,2026-11-07,17:00,ヤンマースタジアム長居,electronic,female,同行,ico,5.0,,同行,2026-09-26 01:01:13,scrape_observed,2026-09-26 05:01:09,,,listing,1,40000,"重複無し当方との同行(髙地担×)/アリツア落選名義/前回スタンド席/すり替えなし/下3桁提示可/有効期限内名義

公演当日、会場付近にて開演時間に合わせ待ち合わ...",True
jqcefx1ius,,milesixtones-2026,2026-11-07,17:00,ヤンマースタジアム長居,electronic,female,同行,333,4.9,,番手,2026-09-26 01:01:13,scrape_observed,2026-09-26 05:01:09,,,listing,2,30000,"⭐️開示対策の為プライベート出品に切り替えますのでご希望の方は⚠️リクエストではなく個別メッセージお願いいたします⭐️

10名義中8番手。
公演当日は会場付近...",True
omq6s5msbg,,milesixtones-2026,2026-11-07,17:00,ヤンマースタジアム長居,electronic,female,同行,M,5.0,,同行ランダム,2026-09-26 01:01:13,scrape_observed,2026-09-26 05:01:09,,,listing,1,35000,少人数ランダム配布です。開場時間30分前に指定した場所に集合して頂き、同時入場します。開演30分前にはチケットをお渡しします。公演中止以外返金対応いたしかねます...,True
tf13etmxqs,,milesixtones-2026,2026-11-08,17:00,ヤンマースタジアム長居,electronic,female,同行,Q,5.0,,番手,2026-09-26 01:01:13,scrape_observed,2026-09-26 05:01:09,,,listing,2,0,"即3/枚
・2名義中2番手、すり替えなし、SixTONESFC先行、有効期限内、同一クレカ決済なし、着ブロ選択なし。
・2名義分会員番号下3桁提示可能です。
・...",True
w3ebjnzrks,,milesixtones-2026,2026-11-08,17:00,ヤンマースタジアム長居,electronic,female,同行,negi,5.0,,ランダム,2026-09-26 01:01:13,scrape_observed,2026-09-26 05:01:09,,,listing,1,24000,"【ランダム配布】★少人数ランダム  10分前のお渡し 初期当選のみ

【下記注意事項を必ずご一読ください】
※公演当日、当方と同時入場をしていただきます。
※入...",True
3jn6088ocp,,milesixtones-2026,2026-11-08,17:00,ヤンマースタジアム長居,electronic,none,当日手渡し,紅葉,5.0,,番手,2026-09-26 01:01:13,scrape_observed,2026-09-26 05:01:09,,,listing,2,40000,"5名義中3番手　2連　即決4.0/枚
2.0チケテンプラベ出品/残高手渡しの取引になりますので、取引希望の方はメッセージお願い致します。
下3桁提示可・すり替え...",True
dgdyx4znzf,,milesixtones-2026,2026-11-08,17:00,ヤンマースタジアム長居,electronic,female,同時入場,はるか,5.0,,番手,2026-09-26 01:01:13,scrape_observed,2026-09-26 05:01:09,,,listing,2,38000,"2名義中2番手／有効期限内／すり替えなし／下3桁掲示可／着ブロ希望なし／郵送物戻りなし


・日本人の成人済み女性のみ
・公演当日、当方の指定した時間・会場付近...",True
dj40dp2jn4,,milesixtones-2026,2026-11-08,17:00,ヤンマースタジアム長居,electronic,female,同行,ゆ,5.0,,同行記載あり,2026-09-26 01:01:13,scrape_observed,2026-09-26 05:01:09,,,listing,1,53000,"重複なし同行/初期当選/着ブロなし/期限内名義
【必ずお読みください】
・﻿﻿開場30分前を目処に会場付近に集合し同時入場していただきます。詳しい集合時間、場所...",True
b4gum0w9ls,,milesixtones-2026,2026-11-08,17:00,ヤンマースタジアム長居,electronic,female,公演当日にQRコード共有,A,5.0,,QR,2026-09-26 01:01:13,scrape_observed,2026-09-26 05:01:09,,,listing,2,75000,"VVS下段/YO上段/アリツア落選
★チケホルあり

⚠️購入意思のない反応要りません。
⚠️一部プラベル(残り手渡し)通しへ移行する為、必ずメッセージよりお声...",True
7hm04o7sjv,,milesixtones-2026,2026-11-08,17:00,ヤンマースタジアム長居,electronic,female,QR毎,k,5.0,,ランダム記載あり,2026-09-26 01:01:13,scrape_observed,2026-09-26 05:01:09,,,listing,2,38000,"2名義中2番手
QR毎/初期当選/アリツア落選名義/重複すり替えなし/着ブロ希望なし/有効期限内

前日までに集合場所をメッセージにてお送りいたします。
会場1...",True
6ogrgexwco,,milesixtones-2026,2026-11-08,17:00,ヤンマースタジアム長居,electronic,female,同行,u,5.0,,番手,2026-09-26 01:01:13,scrape_observed,2026-09-26 05:01:09,,,listing,2,47500,"4名義中2番手/すり替えなし/下3桁提示可能/有効期限内名義

2連優先

プライベート出品に切り替えますので
お取引希望の方はメッセージお願いいたします。...",True
ecbsgfi36w,,milesixtones-2026,2026-11-08,17:00,ヤンマースタジアム長居,electronic,female,同行 ,ねこ,5.0,,同行番手,2026-09-26 01:01:13,scrape_observed,2026-09-26 05:01:09,,,listing,1,60000,"2名義中1番手同行/下3桁提示可能/有効期限内/着ブロ希望なし/初当選×2

※プラベル出品に切り替えますので、担当記載の上コメントください。

・公演中止が発...",True
6wo7kdizrk,,milesixtones-2026,2026-11-08,17:00,ヤンマースタジアム長居,electronic,female,公演前日,Y,5.0,,QR,2026-09-26 01:01:13,scrape_observed,2026-09-26 05:01:09,,,listing,1,50000,"QR毎/初期当選/有効期限内/郵送物戻りなし/着ブロ希望なし/同一クレカなし/下3桁提示可

プライベート出品に切り替えますのでメッセージお願いいたします。
ロ...",True
ulq1oe8276,,milesixtones-2026,2026-11-08,17:00,ヤンマースタジアム長居,electronic,female,同行,A,5.0,,ランダム,2026-09-26 01:01:13,scrape_observed,2026-09-26 05:01:09,,,listing,2,30000,"複数名義所持の為、同時入場発券後、こちらで座席確認後のランダム配布となります。

発券後はチケットを回収し座席の確認にお時間いただく可能性がございます為、一度解...",True
yv15dw9hwz,,milesixtones-2026,2026-11-08,17:00,ヤンマースタジアム長居,electronic,female,同行,あ,5.0,,番手,2026-09-26 01:01:13,scrape_observed,2026-09-26 05:01:09,,,listing,2,40000,"2名義中2番手 2連

2名義共に有効期限内該当名義(女性名義)
重複すり替えなし/下3桁提示可/着ブロ希望無し

・公演当日、こちらの指定する場所にお集まりい...",True
j5d0izdykp,,milesixtones-2026,2026-11-08,17:00,ヤンマースタジアム長居,electronic,female,当方と同行,JN,5.0,,同行,2026-09-26 01:01:13,scrape_observed,2026-09-26 05:01:09,,,listing,1,50000,"1名義当方と同行。
ランエラ等起きた場合対応しかねます。
宜しくお願い致します🙇‍♀️",True
vm1nga3970,,milesixtones-2026,2026-11-08,17:00,ヤンマースタジアム長居,electronic,female,同行,K,5.0,,同行,2026-09-26 01:01:13,scrape_observed,2026-09-26 05:01:09,,,listing,1,43000,"初期当選/重複すり替えなし/下3桁提示可/有効期限内/発送物戻りなし/本確対応可/アリツア落選名義/前回当選時スタンド上段

・当方(京本担)との連番
・公演当...",True
ghgwqwplpj,,milesixtones-2026,2026-11-08,17:00,ヤンマースタジアム長居,electronic,female,同行,とま,5.0,,ランダム,2026-09-26 01:01:13,scrape_observed,2026-09-26 05:01:09,,,listing,2,27000,"開場20分前にご集合いただき同時入場後、チケットを一度回収し再配布いたします。
2枚でご購入いただいた場合も、入場時は別れてご入場いただく可能性もございます。最...",True
lvbctr6rsn,,milesixtones-2026,2026-11-08,17:00,ヤンマースタジアム長居,electronic,female,同行,F,5.0,,同行,2026-09-26 01:01:13,scrape_observed,2026-09-26 05:01:09,,,listing,2,30000,"2名義中2番手のお譲り。
全て有効期限内名義です。
同時入場後、一旦全てのチケットを回収します。
こまめに連絡が取れる方のご購入をお願いします。
詳しい集合時間...",True
x8k2yvvp0c,,milesixtones-2026,2026-11-08,17:00,ヤンマースタジアム長居,electronic,female,同時入場　2名義中2番手,わんわんパラダイス,5.0,,番手,2026-09-26 01:01:13,scrape_observed,2026-09-26 05:01:09,,,listing,2,45000,"2名義中2番手
初期当選/下3桁提示可能/有効期限内/すり替え無/過去エラー無/着ブロ指定なし/サイチェン可

チケホル未取得のため過去座席不明
過去席に関する...",True
gbs8192bi6,,milesixtones-2026,2026-11-08,17:00,ヤンマースタジアム長居,electronic,female,公演前日夜ログイン情報共有,はる,5.0,,ランダム記載あり,2026-09-26 01:01:13,scrape_observed,2026-09-26 05:01:09,,,listing,1,50000,"QR毎のお譲りになります。

初期当選/初当選名義/下3桁提示可/重複すり替えなし/有効期限内/着ブロ希望なし

代理購入不可。
公演前日の夜にログイン情報をお...",True
t34esyce8z,,milesixtones-2026,2026-11-08,17:00,ヤンマースタジアム長居,electronic,female,同行,✩,5.0,,ランダム,2026-09-26 01:01:13,scrape_observed,2026-09-26 05:01:09,,,listing,2,25000,"プラベルにて出品させて頂きますので購入希望の方はメッセージお願いいたします。

当日は開場時間の15~30分前頃にこちらが指定した場所に集合していただき同時入場...",True
mv169eul9c,,milesixtones-2026,2026-11-08,17:00,ヤンマースタジアム長居,electronic,female,同行,☆,5.0,,同行番手,2026-09-26 01:01:13,scrape_observed,2026-09-26 05:01:09,,,listing,2,40000,"5名義中3番手/初期当選/有効期限内/すり替え無し/下3桁提示〇

・当日は会場付近の当方の指定した場所に集合していただき、同時入場をお願い致します。
・入場の...",True
gppci7osvw,,milesixtones-2026,2026-11-08,17:00,ヤンマースタジアム長居,electronic,female,同行,rn,5.0,,同行記載あり,2026-09-26 01:01:13,scrape_observed,2026-09-26 05:01:09,,,listing,1,40000,"当方(松村担)と同行
重複すり替え無し / 初期当選 / 有効期限内 / アリツア落選名義 / 同一クレカ決済無し / 着ブロ指定無し / 下三桁提示可

⚠️...",True
zk5y91g29l,,milesixtones-2026,2026-11-08,17:00,ヤンマースタジアム長居,electronic,female,同行,M,5.0,,同行,2026-09-26 01:01:13,scrape_observed,2026-09-26 05:01:09,,,listing,1,46000,"重複なし同行/初期当選/有効期限内/下3桁提示可能

開場時間30分前に集合していただきます。詳細は連絡ボードにて送らせていたただきます。日本語の通じない方、未...",True
tfedi1lazz,,milesixtones-2026,2026-11-08,17:00,ヤンマースタジアム長居,electronic,female,公演前日までに必要情報共有,ｻ,5.0,,番手,2026-09-26 01:01:13,scrape_observed,2026-09-26 05:01:09,,,listing,2,35000,"2名義中2番手2連/すり替えなし/FC先行/有効期限内/下3桁提示可能

●集合/入場について
・公演当日、開場30分前に会場付近にて待ち合わせし、同時入場して...",True
ccfiwaribf,,milesixtones-2026,2026-11-08,17:00,ヤンマースタジアム長居,electronic,female,同行,ふ,5.0,,同行記載あり,2026-09-26 01:01:13,scrape_observed,2026-09-26 05:01:09,,,listing,1,40000,"

入場開始15分前までに会場周辺のこちらが指定する場所で待ち合わせを行い、入場開始とともに同時入場して頂きます。

こちらのチケットは当方の管理している名義の...",True
92wx22jw5w,,milesixtones-2026,2026-11-08,17:00,ヤンマースタジアム長居,electronic,female,ランダム配布,t,5.0,,ランダム,2026-09-26 01:01:13,scrape_observed,2026-09-26 05:01:09,,,listing,2,26000,入場後はチケットを一旦こちらで回収し、当方が座席選択をした後にランダムでお渡し致します。開演10分前までのお渡しです。ご購入者様が座席を選択することはできません...,True
do2k0ifxbh,,milesixtones-2026,2026-11-08,17:00,ヤンマースタジアム長居,electronic,female,同行,u,5.0,,番手,2026-09-26 01:01:13,scrape_observed,2026-09-26 05:01:09,,,listing,2,37500,"4名義中3番手/すり替えなし/下3桁提示可能/有効期限内名義

プライベート出品に切り替えますので
お取引希望の方はメッセージお願いいたします。

ご購入前に必...",True
n77b4l4nqc,,milesixtones-2026,2026-11-08,17:00,ヤンマースタジアム長居,electronic,female,ランダム配布,t,5.0,,ランダム,2026-09-26 01:01:13,scrape_observed,2026-09-26 05:01:09,,,listing,2,25000,入場後はチケットを一旦こちらで回収し、当方が座席選択をした後にランダムでお渡し致します。開演10分前までのお渡しです。ご購入者様が座席を選択することはできません...,True
bwzr38u3ln,,milesixtones-2026,2026-11-08,17:00,ヤンマースタジアム長居,electronic,female,同行,moi,5.0,,同行,2026-09-26 01:01:13,scrape_observed,2026-09-26 05:01:09,,,listing,1,50000,"※プラベルで出品しますので、購入希望の方は希望額/担当/年齢記載の上メッセージください。

必ず最後までお読みください。
ご購入頂いた時点で、全て了承頂けたもの...",True
ti0pb47v5m,,milesixtones-2026,2026-11-08,17:00,ヤンマースタジアム長居,electronic,female,同行,U,5.0,,ランダム,2026-09-26 01:01:13,scrape_observed,2026-09-26 05:01:09,,,listing,2,24000,【入場時ランダムエラーの場合の全額返金保証、立見なし】ランダムのお渡しとなり、購入者様の座席選択権はありませんことご理解下さい。(連番での落札は必ず連番のお譲り...,True
k92mc2zmmp,,milesixtones-2026,2026-11-08,17:00,ヤンマースタジアム長居,electronic,female,同行,な,5.0,,番手,2026-09-26 01:01:13,scrape_observed,2026-09-26 05:01:09,,,listing,2,22000,"4名義中4番手/初期当選/全名義有効期限内/下3桁提示可/重複すり替えなし/着ブロ希望なし
プラベ出品またはプラベルに切り替えますので購入希望の方はメッセージお...",True
6d6lx4y3u0,,milesixtones-2026,2026-11-08,17:00,ヤンマースタジアム長居,electronic,female,当方と同行,ひなた,5.0,,同行記載あり,2026-09-26 01:01:13,scrape_observed,2026-09-26 05:01:09,,,listing,1,0,"⚠️復活当選した場合、制作開放席当選した場合のみお譲り可能です。

当方 田中樹担 。同担拒否はありません。
但しサイチェン、マナーを守れない方はご遠慮下さい�...",True
7z8xhbvt89,,milesixtones-2026,2026-11-08,17:00,ヤンマースタジアム長居,electronic,female,同行,M,5.0,,ランダム,2026-09-26 01:01:13,scrape_observed,2026-09-26 05:01:09,,,listing,1,35000,少人数ランダム配布です。開場時間30分前に集合していただき同時入場します。開演時間30分前までにチケットをお渡しいたします。公演中止以外返金対応いたしかねますの...,True
4cxksuqc7o,,milesixtones-2026,2026-11-08,17:00,ヤンマースタジアム長居,electronic,female,ランダム配布,J,5.0,,ランダム,2026-09-26 01:01:13,scrape_observed,2026-09-26 05:01:09,,,listing,2,22222,"プライベート出品にしますので購入前に希望枚数ご連絡ください。
・ランダム配布となりますのでご理解のある方のみご購入ください。
・開場30〜40分前(14:20〜...",True
pco8buxbsz,,milesixtones-2026,2026-11-08,17:00,ヤンマースタジアム長居,electronic,female,同行,M,5.0,,ランダム,2026-09-26 01:01:13,scrape_observed,2026-09-26 05:01:09,,,listing,1,23000,"【ランダム配布】
お取引はプラベルにて行いますのでご購入の際は中相場買取予定の有無と共にコメントいただきますようお願いいたします。
チケテンご希望の場合は手数料...",True
a3xhmeehet,,milesixtones-2026,2026-11-08,17:00,ヤンマースタジアム長居,electronic,female,公演2日前ログイン情報共有,y,5.0,,QR,2026-09-26 01:01:13,scrape_observed,2026-09-26 05:01:09,,,listing,1,59000,"QR毎／初期当選／下3桁提示可／重複すり替えなし／有効期限内／着ブロ指定なし／発送物戻りなし／アリツア落選名義

・公演2日前にログイン情報をお伝えいたします。...",True
0fwkcbl579,,milesixtones-2026,2026-11-08,17:00,ヤンマースタジアム長居,electronic,none,長居交換,secret,5.0,,QR同行番手ランダム,2026-09-26 01:01:13,scrape_observed,2026-09-26 05:01:09,,,listing,2,300,"🩷大阪 長居 11/8との交換希望（番手問わず）🩷
→当方のチケット 神奈川 日産 11/22 4名義中2番手 2連
⭐️すり替えなし/下3桁提示可
⭐️都...",True
fshd4yjmt4,,milesixtones-2026,2026-11-08,17:00,ヤンマースタジアム長居,electronic,female,当日,あ,5.0,,ランダム記載あり,2026-09-26 01:01:13,scrape_observed,2026-09-26 05:01:09,,,listing,1,25000,"ランダム配布

以下の内容に全てご同意いただける方でお願いいたします。また、購入いただいた時点でご同意いただいたとみなします。

・公演当日は開演2時間前（15...",True
dpf056r509,,milesixtones-2026,2026-11-08,17:00,ヤンマースタジアム長居,electronic,none,同行,y:),5.0,,同行番手,2026-09-26 01:01:13,scrape_observed,2026-09-26 05:01:09,,,listing,2,40000,"2名義中2番手のお譲りです。
購入を検討される方はメッセージをお願いします。プラベルまたはプラベ出品へ移行します。
下3桁提示可能/すり替えなし/有効期限内
公...",True
ag7xb1a0jb,,milesixtones-2026,2026-11-08,17:00,ヤンマースタジアム長居,electronic,female,5名義中5番手,ゆゆゆ,4.8,,番手,2026-09-26 01:01:13,scrape_observed,2026-09-26 05:01:09,,,listing,2,30000,"◎お取引初心者の方でも安心してお取引できるよう対応いたします。分からないことがあればお気軽にご質問ください。

下記内容をよくお読みいただき理解した上でご購入く...",True
iiqocijqsi,,milesixtones-2026,2026-11-21,16:30,日産スタジアム,electronic,female,同行,R,5.0,,番手,2026-09-26 01:01:13,scrape_observed,2026-09-26 05:01:09,,,listing,1,30000,"3名義中3番手/初期当選/有効期限内/下3桁提示可/すり替えなし

3名義中3番手でのお譲りです。
一部チケテン残り手渡し優先

・同時入場後全てのチケットを回...",True
s0zumg90k3,,milesixtones-2026,2026-11-21,16:30,日産スタジアム,electronic,female,ランダム配布,J,5.0,,ランダム,2026-09-26 01:01:13,scrape_observed,2026-09-26 05:01:09,,,listing,1,22222,"プライベート出品にしますので購入前に希望枚数ご連絡ください。
・ランダム配布となりますのでご理解のある方のみご購入ください。
・開場30〜40分前(13:50〜...",True
fahyalqdcc,,milesixtones-2026,2026-11-21,16:30,日産スタジアム,electronic,female,同時入場　3名義2番手,わんわんパラダイス,5.0,,番手,2026-09-26 01:01:13,scrape_observed,2026-09-26 05:01:09,,,listing,2,50000,"3名義中2番手
初期当選/下3桁提示可能/有効期限内/すり替え無/過去エラー無/着ブロ指定なし/サイチェン可

チケホル未取得のため過去座席不明
過去席に関する...",True
lbjpq70jof,,milesixtones-2026,2026-11-21,16:30,日産スタジアム,electronic,female,同行,R,5.0,,番手,2026-09-26 01:01:13,scrape_observed,2026-09-26 05:01:09,,,listing,1,40000,"3名義中2番手/初期当選/有効期限内/下3桁提示可/すり替えなし/京本担不可

3名義中2番手でのお譲りです。
一部チケテン残り手渡し優先

・同時入場後全ての...",True
ik3qff8wp3,,milesixtones-2026,2026-11-21,16:30,日産スタジアム,electronic,female,公演日前日にQRコード共有,🐶,5.0,,QR,2026-09-26 01:01:13,scrape_observed,2026-09-26 05:01:09,,,listing,1,95000,"FC初期当選/有効期限内/下3桁提示可/すり替えなし/初当選(当選履歴なし)/着席ブロック希望なし

・公演日前日(18:00以降)になりましたら、ログイン情報...",True
dv693fm98p,,milesixtones-2026,2026-11-21,16:30,日産スタジアム,electronic,female,同行,m,5.0,,番手,2026-09-26 01:01:13,scrape_observed,2026-09-26 05:01:09,,,listing,2,32000,"2名義中2番手

プラベ出品させて頂きますので
コメントよろしくお願い致します。
当日の流れは2日前～前日にメッセージにて
お送りさせて頂きます。

如何なる理...",True
j6xu8jza2a,,milesixtones-2026,2026-11-21,16:30,日産スタジアム,electronic,female,同行,りー,5.0,,ランダム,2026-09-26 01:01:13,scrape_observed,2026-09-26 05:01:09,,,listing,2,22000,"ランダム配布
お席によってはそのままお渡し
上乗せにて早渡し、または番手も可能

・開場30分前に会場付近にてお待ち合わせいただきます
※状況により多少前後させ...",True
fm5rypp6uz,,milesixtones-2026,2026-11-21,16:30,日産スタジアム,electronic,female,同時入場　3名義3番手,わんわんパラダイス,5.0,,番手,2026-09-26 01:01:13,scrape_observed,2026-09-26 05:01:09,,,listing,2,40000,"3名義中3番手
初期当選/下3桁提示可能/有効期限内/すり替え無/過去エラー無/着ブロ指定なし/サイチェン可

チケホル未取得のため過去座席不明
過去席に関する...",True
e6yf810tk8,,milesixtones-2026,2026-11-21,16:30,日産スタジアム,electronic,female,当日,𝚃,5.0,,番手,2026-09-26 01:01:13,scrape_observed,2026-09-26 05:01:09,,,listing,2,50000,"2名義中2番手/初期当選/有効期限内/すり替えなし/下3桁提示可/着ブロ希望なし/本人確認対応不可/代理購入不可

・当日は会場の20分～30分前に会場付近で待...",True
nxtwmvr6bf,,milesixtones-2026,2026-11-21,16:30,日産スタジアム,electronic,female,同行,®️,5.0,,同行,2026-09-26 01:01:13,scrape_observed,2026-09-26 05:01:09,,,listing,1,50000,"当方と同行での入場となります。
重複なし・初期当選・有効期限内の名義です。（本人確認不可）

当方は京本担です。同担拒否はありません。
サイチェンも可能ですが、...",True
aqg1xbo8u7,,milesixtones-2026,2026-11-21,16:30,日産スタジアム,electronic,none,手渡し,な,5.0,,ランダム,2026-09-26 01:01:13,scrape_observed,2026-09-26 05:01:09,,,listing,2,20500,"すり替えありランダム配布
複数名義所持しております。入場後全てチケットを一度回収し、解散します。こちらで席を選ばせていただいたあとにランダムでチケットをお渡しし...",True
lpkjn0fbjs,,milesixtones-2026,2026-11-21,16:30,日産スタジアム,electronic,female,公演日前日にログイン情報をお渡しします。,M,5.0,,QR,2026-09-26 01:01:13,scrape_observed,2026-09-26 05:01:09,,,listing,2,60000,"QR毎/初期当選/重複すり替えなし/着ブロ希望なし/下3桁提示可能/有効期限内/発送物戻りなし
公演日の前日に必要な詳細を連絡ボードにてお伝え致します。
入場後...",True
id6xvk9n55,,milesixtones-2026,2026-11-21,16:30,日産スタジアム,electronic,female,2名義中2番手,K,5.0,,番手,2026-09-26 01:01:13,scrape_observed,2026-09-26 05:01:09,,,listing,2,30000,"初期当選/2名義中2番手/有効期限内/すり替えなし/下3桁提示可

ブラベルにて専用出品させていただきますので、購入前にコメントください。

公演当日、会場付近...",True
fzrrhs8a02,,milesixtones-2026,2026-11-21,16:30,日産スタジアム,electronic,female,同行,ゆ,5.0,,同行,2026-09-26 01:01:13,scrape_observed,2026-09-26 05:01:09,,,listing,1,60000,"アリツア落選名義/当方との同行 / 初期当選 / FC有効期限内 /重複すり替えなし 

こちら手渡し1、サイト通し5にの6/枚のチケットになります。専用出品の...",True
g25rsu4nti,,milesixtones-2026,2026-11-21,16:30,日産スタジアム,electronic,female,当日,あ,5.0,,ランダム記載あり,2026-09-26 01:01:13,scrape_observed,2026-09-26 05:01:09,,,listing,2,25000,"ランダム配布

以下の内容に全てご同意いただける方でお願いいたします。また、購入いただいた時点でご同意いただいたとみなします。

・公演当日は開演2時間前（14...",True
l2xaf0p1bv,,milesixtones-2026,2026-11-21,16:30,日産スタジアム,electronic,female,同行,さ,5.0,,番手,2026-09-26 01:01:13,scrape_observed,2026-09-26 05:01:09,,,listing,2,54000,"4名義中2番手のお譲りとなります。
すり替えなし/下3桁提示可/着ブロ希望なし/有効期限内/発送物戻りなし/同一クレカ支払いなし

会場付近にて待ち合わせし同時...",True
17g6cmf41s,,milesixtones-2026,2026-11-21,16:30,日産スタジアム,electronic,female,同時入場,Ｊ,5.0,,番手,2026-09-26 01:01:13,scrape_observed,2026-09-26 05:01:09,,,listing,2,50000,"5名義中2番手のお譲り
プラベル出品可/全て２連当選/すり替えなし/初期当選/当選名義下３桁提示/有効期限内/Pay-easy入金/着ブロ指定なし/サイチェン可...",True
d83qb0v3xo,,milesixtones-2026,2026-11-21,16:30,日産スタジアム,electronic,female,同行,U,5.0,,ランダム,2026-09-26 01:01:13,scrape_observed,2026-09-26 05:01:09,,,listing,2,26000,【入場時ランダムエラーの場合の全額返金保証、立見なし】ランダムのお渡しとなり、購入者様の座席選択権はありませんことご理解下さい。(連番での落札は必ず連番のお譲り...,True
dt1tzvw8ce,,milesixtones-2026,2026-11-21,16:30,日産スタジアム,electronic,female,4名義中3番手,A,5.0,,同行番手,2026-09-26 01:01:13,scrape_observed,2026-09-26 05:01:09,,,listing,2,35000,"4名義中3番手/下3桁提示可/すり替えなし/有効期限内名義/初期当選/プラベル出品可

4名義中3番手2連でのお譲りとなります。
入場後一度チケットを回収し、残...",True
al9f9ialn6,,milesixtones-2026,2026-11-21,16:30,日産スタジアム,electronic,female,同行,M,5.0,,ランダム,2026-09-26 01:01:13,scrape_observed,2026-09-26 05:01:09,,,listing,1,23000,"【ランダム配布】
お取引はプラベルにて行いますのでご購入の際は中相場買取予定の有無と共にコメントいただきますようお願いいたします。
チケテンご希望の場合は手数料...",True
lidmvf9tk6,,milesixtones-2026,2026-11-21,16:30,日産スタジアム,electronic,female,同行,あ,5.0,,番手,2026-09-26 01:01:13,scrape_observed,2026-09-26 05:01:09,,,listing,2,30000,"プラベルに切り替えますのでご連絡お願いいたします。

3名義中3番手 下3桁提示可 すり替えなし 初期当選 郵送物戻りなし 期限内 指定席のみ 

会場付近にて...",True
vn299p8f1q,,milesixtones-2026,2026-11-21,16:30,日産スタジアム,electronic,female,同行,み！,5.0,,QR同行番手,2026-09-26 01:01:13,scrape_observed,2026-09-26 05:01:09,,,listing,2,38000,"座席未定/FC先行/4名義中2番手/すり替えなし/会員番号下3桁提示可能/Pay-easy支払い済

4名義中2番手のチケットをお渡しします。

同時入場後、こ...",True
av96hl6y2f,,milesixtones-2026,2026-11-21,16:30,日産スタジアム,electronic,female,当日手渡し,m,5.0,,番手,2026-09-26 01:01:13,scrape_observed,2026-09-26 05:01:09,,,listing,2,0,"4名義中2番手 2連
初期当選/すり替えなし/有効期限内/過去エラーなし/同一クレカ支払いなし/着ブロ指定なし/本人確認不可
当日会場で待ち合わせ、同時入場して...",True
em9aty48sv,,milesixtones-2026,2026-11-21,16:30,日産スタジアム,electronic,female,同行,むー,5.0,,番手,2026-09-26 01:01:13,scrape_observed,2026-09-26 05:01:09,,,listing,2,51707,"⭐️8名義中4番手⭐️

FC先行 有効期限内/下3桁提示可/ すり替えなし

  ・入場はお連れ様と分かれる場合がありますが、2連でご購入の場合には、必ず2連...",True
vvvvrqpum9,,milesixtones-2026,2026-11-22,16:30,日産スタジアム,electronic,female,2名義中2番手,Y,5.0,,番手,2026-09-26 01:01:13,scrape_observed,2026-09-26 05:01:09,,,listing,2,40000,"初期当選/2名義中2番手/期限内/下3桁提示可プラベルに切り替えも可能です  最高3.2 即4.0

同時入場していただき、当方が選ばなかった2連のチケットを必...",True
xbujosrvej,,milesixtones-2026,2026-11-22,16:30,日産スタジアム,electronic,female,同行,s,5.0,,番手同行,2026-09-26 01:01:13,scrape_observed,2026-09-26 05:01:09,,,listing,2,35000,"5名義中4番手
全て初期当選、有効期限内、下3桁開示可能、すり替えなし、サイチェン可

QRの表示にご協力いただく場合がありますのでその際には持ち逃げ防止の観点...",True
v70xizhrcr,,milesixtones-2026,2026-11-22,16:30,日産スタジアム,electronic,female,当日手渡し,りんご,5.0,,番手,2026-09-26 01:01:13,scrape_observed,2026-09-26 05:01:09,,,listing,2,35000,"2名義中2番手/座席未定/すり替えなし/下3桁提示可能/有効期限内

以下の記載内容をご確認の上ご購入ください。

【入場前】
同行者登録はこちらで行います。...",True
w0tflpef7t,,milesixtones-2026,2026-11-22,16:30,日産スタジアム,paper,female,当日手渡し,R.,5.0,,同行番手,2026-09-26 01:01:13,scrape_observed,2026-09-26 05:01:09,,,listing,2,40000,"【2名義中2番手(バラ売り可)全て会員と会員での当選】
※プライベート出品またはプラベル出品しますので、購入希望の方は事前にご連絡ください。

必ず最後までお読...",True
x9rjg1a7bc,,milesixtones-2026,2026-11-22,16:30,日産スタジアム,electronic,female,同行,R,5.0,,番手,2026-09-26 01:01:13,scrape_observed,2026-09-26 05:01:09,,,listing,1,45000,"7名義中3番手/初期当選/有効期限内/下3桁提示可/すり替えなし/京本担不可

7名義中3番手でのお譲りです。
一部チケテン残り手渡し優先

・同時入場後全ての...",True
i6krtsfweq,,milesixtones-2026,2026-11-22,16:30,日産スタジアム,electronic,female,同行,n,5.0,,番手,2026-09-26 01:01:13,scrape_observed,2026-09-26 05:01:09,,,listing,2,35000,"2名義中2番手/すり替えなし/着ブロなし/有効期限内/下3桁提示可
会場付近にて待ち合わせし、同時入場していただきます。
入場後一旦チケットを回収し、当方が座席...",True
cld38jetv6,,milesixtones-2026,2026-11-22,16:30,日産スタジアム,electronic,female,同行,r,5.0,,番手,2026-09-26 01:01:13,scrape_observed,2026-09-26 05:01:09,,,listing,2,50000,"プライベート出品に切り替えますので、ご購入の際はコメントにてお知らせください。

・FC先行 有効期限内
・下3桁提示可
・すり替えなし

 ・入場後なるべく速...",True
rsq5h9nlbn,,milesixtones-2026,2026-11-22,16:30,日産スタジアム,electronic,female,同行,えす,5.0,,同行,2026-09-26 01:01:13,scrape_observed,2026-09-26 05:01:09,,,listing,1,35000,"重複無し 同行
下3桁提示可 アリツア落選名義 

こちら重複無し同行のチケットとなります。
当日開場時間より少し前頃に会場周辺にて待ち合わせし、一緒にご入場い...",True
vhyg5rgysg,,milesixtones-2026,2026-11-22,16:30,日産スタジアム,electronic,female,同行,m,4.9,,ランダム同行,2026-09-26 01:01:13,scrape_observed,2026-09-26 05:01:09,,,listing,1,25000,"複数名義当選のため、開演時刻の2時間30分前までに会場付近に集合していただき、同時入場後、一旦チケットを回収してこちらで先に座席選択させていただきます。
複数の...",True
nhmz63iy2h,,milesixtones-2026,2026-11-22,16:30,日産スタジアム,electronic,female,公演前日までに必要情報共有,ｻ,5.0,,ランダム,2026-09-26 01:01:13,scrape_observed,2026-09-26 05:01:09,,,listing,1,28000,"すり替えなしランダム/入場後即渡し/FC先行/有効期限内

●ご入金後について
・公演当日に連絡の取れる電話番号を連絡ボードにてお伺いいたします。予めご了承くだ...",True
mieh6v0vy7,,milesixtones-2026,2026-11-22,16:30,日産スタジアム,electronic,none,3名義中3番手,中野,5.0,,ランダム記載あり,2026-09-26 01:01:13,scrape_observed,2026-09-26 05:01:09,,,listing,2,30000,"※プライベート出品いたしますので、メッセージをお願いいたします。


下三桁提示可能/有効期限内/初期当選/重複すり替えなし

・公演当日は開場時間20〜30分...",True
jc8d1iexir,,milesixtones-2026,2026-11-22,16:30,日産スタジアム,electronic,female,同行,⭐︎,5.0,,番手,2026-09-26 01:01:13,scrape_observed,2026-09-26 05:01:09,,,listing,2,26000,"４名義中４番手
有効期限内、下三桁提示可、すり替えなし

・複数の方にお集まり頂くため時間厳守でお願いします。購入者様が大幅に時間が遅れてしまう場合、待たずに入...",True
f1wbh0dofu,,milesixtones-2026,2026-11-22,16:30,日産スタジアム,electronic,female,同行,m,5.0,,同行番手,2026-09-26 01:01:13,scrape_observed,2026-09-26 05:01:09,,,listing,2,48000,"2名義中2番手/初期当選/有効期限内名義/すり替えなし(下3桁提示可能)/着ブロなし

プラベルにてお取引可能です。

・チケット発券後、チケットをすべて回収さ...",True
l1l1oaszfb,,milesixtones-2026,2026-11-22,16:30,日産スタジアム,electronic,female,同行,su,5.0,,番手,2026-09-26 01:01:13,scrape_observed,2026-09-26 05:01:09,,,listing,2,35000,"4名義中3番手でのお譲り
全てアリツ落選名義

プラベ出品に切り替えますので購入希望の方はメッセージお願いいたします。
 
全て初期当選、期限内名義、着ブロなし...",True
dkgseqsg78,,milesixtones-2026,2026-11-22,16:30,日産スタジアム,electronic,female,同行,ら,5.0,,ランダム,2026-09-26 01:01:13,scrape_observed,2026-09-26 05:01:09,,,listing,2,25000,"初期当選/ランダム/有効期限内/着ブロ指定なし/
プライベート出品可能◎

当日、開場の20分前頃にこちらが指定した場所で待ち合わせし、同時入場いたします。
時...",True
6fqipetx10,,milesixtones-2026,2026-11-22,16:30,日産スタジアム,electronic,female,同行,m,5.0,,同行,2026-09-26 01:01:13,scrape_observed,2026-09-26 05:01:09,,,listing,1,45000,"当方との同行 / 初期当選 / FC有効期限内 
重複すり替えなし 
トラブル防止の為、20歳以上日本人女性のみでお願いいたします。

当日は会場付近にて待ち合...",True
u7lv8dcg9k,,milesixtones-2026,2026-11-22,16:30,日産スタジアム,electronic,female,同行,そら,5.0,,番手,2026-09-26 01:01:13,scrape_observed,2026-09-26 05:01:09,,,listing,2,40000,"3名義2番手 1-2枚  即4.0
※プラベルにて対応予定です。お気軽にお声掛けください※

3名義全て有効期限内、下3桁提示可能、初期当選です。
手数料はご負...",True
2olo47leje,,milesixtones-2026,2026-11-22,16:30,日産スタジアム,electronic,female,同行,R,5.0,,番手,2026-09-26 01:01:13,scrape_observed,2026-09-26 05:01:09,,,listing,2,35000,"7名義中4番手/初期当選/有効期限内/下3桁提示可/すり替えなし

7名義中4番手でのお譲りです。
一部チケテン残り手渡し優先

・同時入場後全てのチケットを回...",True
c090bit05n,,milesixtones-2026,2026-11-22,16:30,日産スタジアム,electronic,female,ランダム配布,t,5.0,,ランダム,2026-09-26 01:01:13,scrape_observed,2026-09-26 05:01:09,,,listing,2,25000,入場後はチケットを一旦こちらで回収し、当方が座席選択をした後にランダムでお渡し致します。開演10分前までのお渡しです。ご購入者様が座席を選択することはできません...,True
s5yfer8nd4,,milesixtones-2026,2026-11-22,16:30,日産スタジアム,electronic,female,同行,s,5.0,,番手同行,2026-09-26 01:01:13,scrape_observed,2026-09-26 05:01:09,,,listing,2,60000,"5名義中3番手
全て初期当選、有効期限内、下3桁開示可能、すり替えなし、サイチェン可

QRの表示にご協力いただく場合がありますのでその際には持ち逃げ防止の観点...",True
wlj1lbzqjj,,milesixtones-2026,2026-11-22,16:30,日産スタジアム,electronic,female,同行,s,5.0,,同行番手ランダム,2026-09-26 01:01:13,scrape_observed,2026-09-26 05:01:09,,,listing,2,0,"※5名義あります※
2番手~4番手お譲り可能です。
①番手
②枚数
③金額
上記をメッセージまでお願いします。
全て初期当選、有効期限内、下3桁開示可能、すり替...",True
w6z8sjvtzf,,milesixtones-2026,2026-11-22,16:30,日産スタジアム,electronic,female,同行,ちー,5.0,,番手,2026-09-26 01:01:13,scrape_observed,2026-09-26 05:01:09,,,listing,2,30000,"3名義中3番手／すり替えなし/着ブロなし/有効期限内／下3桁提示可

当日会場付近にて待ち合わせし、同時入場していただきます。
座席はお選びいただけません。当方...",True
qfv44stq39,,milesixtones-2026,2026-11-22,16:30,日産スタジアム,electronic,female,同行,ユーザー名未設定,5.0,,番手,2026-09-26 01:01:13,scrape_observed,2026-09-26 05:01:09,,,listing,1,35000,"FC先行／2名義中2番手  友人と同行／すり替えなし／初期当選のみ
【条件あり】
・チケットを複数所持しております。入場時は10名程度でまとまって入場する予定で...",True
8jvde0mb4w,,milesixtones-2026,2026-11-22,16:30,日産スタジアム,electronic,female,同時入場,rty,5.0,,番手,2026-09-26 01:01:13,scrape_observed,2026-09-26 05:01:09,,,listing,2,28000,"5名義中5番手/有効期限内/下3桁提示可能/着ブロ指定なし/初期当選

当日開場時間前にこちらが指定した場所、時間に集合して頂き同時に入場して頂きます。また入場...",True
bmhhrc97sl,,milesixtones-2026,2026-11-22,16:30,日産スタジアム,electronic,female,公演日前日までにログイン情報共有,m,5.0,,QR,2026-09-26 01:01:13,scrape_observed,2026-09-26 05:01:09,,,listing,2,55000,"QR毎/FC当選/初期当選/アリツア落選名義/着ブロ指定なし/重複すり替えなし/会員番号下3桁提示可能/有効期限内/発送物戻りなし/過去ランダムエラーなし

※...",True
oxljy5cw5x,,milesixtones-2026,2026-11-22,16:30,日産スタジアム,electronic,none,同行,ち,5.0,,番手,2026-09-26 01:01:13,scrape_observed,2026-09-26 05:01:09,,,listing,2,26000,"6名義中6番手/すり替えなし/下3桁提示可能/有効期限内

プライベートモードにて再度出品いたしますので、お取引希望の方はメッセージにてご連絡ください。

チケ...",True
r3v0p1zf3u,,milesixtones-2026,2026-11-22,16:30,日産スタジアム,electronic,female,ランダム配布,🩵💫,5.0,,ランダム記載あり,2026-09-26 01:01:13,scrape_observed,2026-09-26 05:01:09,,,listing,2,28000,・同時入場していただき一度チケットを回収し、開演時間までにランダムでチケットをお渡しします。座席選択はできません。席次第で入場してすぐお渡しする可能性あります。...,True
qo0ah68ny3,,milesixtones-2026,2026-11-22,16:30,日産スタジアム,electronic,female,同行,R,5.0,,番手,2026-09-26 01:01:13,scrape_observed,2026-09-26 05:01:09,,,listing,2,30000,"7名義中5番手/初期当選/有効期限内/下3桁提示可/すり替えなし

7名義中5番手でのお譲りです。
一部チケテン残り手渡し優先

・同時入場後全てのチケットを回...",True
sxi6c9sb1p,,milesixtones-2026,2026-11-22,16:30,日産スタジアム,electronic,female,ランダム配布,J,5.0,,ランダム,2026-09-26 01:01:13,scrape_observed,2026-09-26 05:01:09,,,listing,2,22222,"プライベート出品にしますので購入前に希望枚数ご連絡ください。
・ランダム配布となりますのでご理解のある方のみご購入ください。
・開場30〜40分前(13:50〜...",True
p0t5tr5hiu,,milesixtones-2026,2026-11-22,16:30,日産スタジアム,electronic,female,ランダム配布,🩵💫,5.0,,ランダム記載あり,2026-09-26 01:01:13,scrape_observed,2026-09-26 05:01:09,,,listing,2,28000,"・同時入場していただき一度チケットを回収し、開演時間までにランダムでチケットをお渡しします。座席選択はできません。

・複数人で入場するため、QRコードの表示に...",True
mhxwq6l691,,milesixtones-2026,2026-11-22,16:30,日産スタジアム,electronic,none,同行,ち,5.0,,番手,2026-09-26 01:01:13,scrape_observed,2026-09-26 05:01:09,,,listing,2,28000,"6名義中5番手/すり替えなし/下3桁提示可能/有効期限内

プライベートモードにて再度出品いたしますので、お取引希望の方はメッセージにてご連絡ください。

チケ...",True
umdnrap64w,,milesixtones-2026,2026-11-22,16:30,日産スタジアム,electronic,female,同行,ゆ,5.0,,番手,2026-09-26 01:01:13,scrape_observed,2026-09-26 05:01:09,,,listing,2,60000,"6名義中2番手/すり替えなし/過去エラー無し/下3桁提示可/全て有効期限内/同一クレカ決済なし/発送物戻り名義なし/初期当選
※プライベート出品に切り替えさせて...",True
7tuyto9smo,,milesixtones-2026,2026-11-22,16:30,日産スタジアム,electronic,female,同行,🕶️,5.0,,同行記載あり,2026-09-26 01:01:13,scrape_observed,2026-09-26 05:01:09,,,listing,1,48500,"該当名義/有効期限内/変更ボタンあり/下3桁提示可/重複すり替えなし

・松村担不可

・2連中1枚で当方と同行になります。

・当日は開場時間前に指定した場所...",True
mc7dkwkmjy,,milesixtones-2026,2026-11-22,16:30,日産スタジアム,electronic,female,同行,ゆ,5.0,,同行,2026-09-26 01:01:13,scrape_observed,2026-09-26 05:01:09,,,listing,1,50000,"2連中1枚 当方（京本担）との同行/初期当選/重複すり替えなし/下3桁提示可/有効期限内/着ブロなし

プライベート出品に変更いたしますので、お取引希望の方はメ...",True
cfmdsvqdrv,,milesixtones-2026,2026-11-22,16:30,日産スタジアム,electronic,none,QR又は番手,secret,5.0,,QR同行番手,2026-09-26 01:01:13,scrape_observed,2026-09-26 05:01:09,,,listing,2,1000,"
🩷大阪 長居 11/8との交換希望（番手問わず）🩷
→当方のチケット 神奈川 日産 11/22 4名義中2番手 2連
⭐️すり替えなし/下3桁提示可
⭐️...",True
x8lp9tnqkt,,milesixtones-2026,2026-11-22,16:30,日産スタジアム,electronic,none,QR又は番手,secret,5.0,,QR同行番手,2026-09-26 01:01:13,scrape_observed,2026-09-26 05:01:09,,,listing,2,28000,"🌼4名義中3番手／すり替えなし
全て初期当選、有効期限内、下3桁提示可🌼

公演当日、最寄駅または会場付近にて待ち合わせし、同時入場していただきます。
詳し...",True
2fxm5p15e0,,milesixtones-2026,2026-11-22,16:30,日産スタジアム,electronic,female,同行,りり,5.0,,番手,2026-09-26 01:01:13,scrape_observed,2026-09-26 05:01:09,,,listing,2,55000,"5名義中2番手 すり替え無し
全名義有効期限内　下3桁提示可

※プラベル出品への移行可能です。希望の方はメッセージお願いいたします。

※当日は指定した場所時...",True
h50kn31li7,,milesixtones-2026,2026-11-22,16:30,日産スタジアム,electronic,female,同行,su,5.0,,番手,2026-09-26 01:01:13,scrape_observed,2026-09-26 05:01:09,,,listing,2,30000,"4名義中4番手でのお譲り
全てアリツ落選名義

プラベ出品に切り替えますので購入希望の方はメッセージお願いいたします。
 
全て初期当選、期限内名義、着ブロなし...",True
7cbps9d10r,,milesixtones-2026,2026-11-22,16:30,日産スタジアム,electronic,female,同時入場,A,5.0,,番手,2026-09-26 01:01:13,scrape_observed,2026-09-26 05:01:09,,,listing,2,40000,"【2名義中2番手／2枚】

初期当選／すり替えなし／有効期限内／下3桁提示可能

・当日は会場付近で待ち合わせのうえ、同時入場していただきます。

・同時入場後...",True
7qf3rpujyl,,milesixtones-2026,2026-11-22,16:30,日産スタジアム,electronic,none,QR毎(ゲートにより)又は同行,secret,5.0,,QR同行番手,2026-09-26 01:01:13,scrape_observed,2026-09-26 05:01:09,,,listing,2,30000,"🌟4名義中3番手／すり替えなし
全て初期当選、有効期限内、下3桁提示可🌟

購入希望の方はメッセージください。プライベート出品に切り替えます。


公演当日...",True
qcaa3kzjy2,,milesixtones-2026,2026-11-22,16:30,日産スタジアム,electronic,female,同行,ら,5.0,,番手,2026-09-26 01:01:13,scrape_observed,2026-09-26 05:01:09,,,listing,2,45000,"初期当選/2名義中2番手/有効期限内/すり替えなし/着ブロ指定なし/下3桁提示可
プライベート出品可能◎

当日、開場の15分前頃にこちらが指定した場所で待ち合...",True
dtxoby87rx,,milesixtones-2026,2026-11-22,16:30,日産スタジアム,electronic,female,同行,s,5.0,,番手,2026-09-26 01:01:13,scrape_observed,2026-09-26 05:01:09,,,listing,2,75000,"5名義中2番手
全て初期当選、有効期限内、下3桁開示可能、すり替えなし、サイチェン可

QRの表示にご協力いただく場合がありますのでその際には持ち逃げ防止の観点...",True
evik29ila2,,milesixtones-2026,2026-11-22,16:30,日産スタジアム,electronic,female,ランダム配布,🩵💫,5.0,,ランダム,2026-09-26 01:01:13,scrape_observed,2026-09-26 05:01:09,,,listing,2,28000,"・同時入場していただき一度チケットを回収し、開演時間までにランダムでチケットをお渡しします。座席選択はできません。

・複数人で入場するため、QRコードの表示に...",True
11bcqko5t9,,milesixtones-2026,2026-11-22,16:30,日産スタジアム,electronic,none,QR毎(ゲートにより)又は同行,secret,5.0,,QR同行番手,2026-09-26 01:01:13,scrape_observed,2026-09-26 05:01:09,,,listing,2,35000,"🎀4名義中2番手／すり替えなし
全て初期当選、有効期限内、下3桁提示可🎀

公演当日、最寄駅または会場付近にて待ち合わせし、同時入場していただきます。
詳し...",True
hec38ovnri,,milesixtones-2026,2026-11-22,16:30,日産スタジアム,electronic,female,同行,u,5.0,,番手,2026-09-26 01:01:13,scrape_observed,2026-09-26 05:01:09,,,listing,2,65000,"6名義中2番手/すり替えなし/下3桁提示可能/有効期限内名義

2連優先

プライベート出品に切り替えますので
お取引希望の方はメッセージお願いいたします。...",True
njzwd40wso,,milesixtones-2026,2026-11-22,16:30,日産スタジアム,electronic,female,同行,りりり,5.0,,番手,2026-09-26 01:01:13,scrape_observed,2026-09-26 05:01:09,,,listing,1,46000,"2名義中2番手 1枚(2連×2)
初期当選/すり替え無し/有効期限内/下3桁提示可能/同一クレカ無し/着ブロ選択無し/アリツ落選＆前回ドームスタンド席

・当日...",True
u5xrg7b3z8,,milesixtones-2026,2026-11-22,16:30,日産スタジアム,electronic,female,同行,りー,5.0,,ランダム,2026-09-26 01:01:13,scrape_observed,2026-09-26 05:01:09,,,listing,2,22000,"ランダム配布
お席によってはそのままお渡し
上乗せにて早渡し または
11名義中5~11番手 金額によって番手検討

・開場1時間〜30分前に会場付近にてお待ち...",True
ibgr2g336f,,milesixtones-2026,2026-11-22,16:30,日産スタジアム,electronic,female,同行,A,5.0,,番手,2026-09-26 01:01:13,scrape_observed,2026-09-26 05:01:09,,,listing,2,50000,"5名義中3番手 すり替えなし 下3桁提示可

・入場後1度チケットを回収し解散、座席の確認が出来次第再集合し座席を選択していただきます。
・入場はお連れ様と分か...",True
9y1dosaco7,,milesixtones-2026,2026-11-22,16:30,日産スタジアム,electronic,female,同行,api,5.0,,同行番手,2026-09-26 01:01:13,scrape_observed,2026-09-26 05:01:09,,,listing,2,35000,"2名義中2番手でのお譲りになります。

同額で希望される方複数いらっしゃるため、即決3.5/枚にてお譲りします。これ以上即決上げません。

プラベルにて出品致し...",True
vp5oa82y38,,milesixtones-2026,2026-11-22,16:30,日産スタジアム,electronic,female,5名義4番手 すり替えなし 初期当選 ,JM,5.0,,ランダム記載あり,2026-09-26 01:01:13,scrape_observed,2026-09-26 05:01:09,,,listing,2,35000,"5名義中4番手/初期当選/すり替えなし/下3桁提示可能/有効期限内
・同時入場し発券後、一旦チケットを回収いたします。確認に少しお時間頂く場合がございますがご了...",True
bokraxk7ji,,milesixtones-2026,2026-11-22,16:30,日産スタジアム,electronic,none,同行,ち,5.0,,ランダム,2026-09-26 01:01:13,scrape_observed,2026-09-26 05:01:09,,,listing,2,25000,"ランダム配布

⚠️プライベート出品にするのでコメントください

ランダム配布にご理解がある方のみお願いします。

複数名義所持してますのでこちらで選択後チケッ...",True
f42dlkzl9h,,milesixtones-2026,2026-11-22,16:30,日産スタジアム,electronic,female,同行,u,5.0,,番手,2026-09-26 01:01:13,scrape_observed,2026-09-26 05:01:09,,,listing,2,45000,"6名義中3番手/すり替えなし/下3桁提示可能/有効期限内名義

2連優先

プライベート出品に切り替えますので
お取引希望の方はメッセージお願いいたします。...",True
i3y050kavz,,milesixtones-2026,2026-11-22,16:30,日産スタジアム,electronic,female,同行,岩村,5.0,,同行番手,2026-09-26 01:01:13,scrape_observed,2026-09-26 05:01:09,,,listing,2,45000,"2連✕5名義中3番手 
会員番号下3桁提示可 すり替えなし  
FC先行 全て初期当選 
有効期限内 Pay-easy決済 

※プラベル出品への移行可能です。...",True
i7lnd5fp2m,,milesixtones-2026,2026-11-22,16:30,日産スタジアム,electronic,female,同行,み,5.0,,同行,2026-09-26 01:01:13,scrape_observed,2026-09-26 05:01:09,,,listing,1,60000,"プライベート出品にて取引させて頂きますので、ご購入の方はメッセージお願い致します。

有効期限内/アリツア落選名義/下三桁提示可/初期当選/重複すり替えなし/着...",True
c3xqo359jm,,milesixtones-2026,2026-11-22,16:30,日産スタジアム,electronic,female,同行,ゆ,5.0,,番手,2026-09-26 01:01:13,scrape_observed,2026-09-26 05:01:09,,,listing,2,50000,"6名義中3番手/すり替えなし/下3桁提示可/過去エラーなし/全て有効期限内/同一クレカ決済なし/発送物戻り名義なし/初期当選
※プライベート出品に切り替えさせて...",True
uhb0qz07ho,,milesixtones-2026,2026-11-22,16:30,日産スタジアム,electronic,none,ランダム配布,sss,5.0,,ランダム,2026-09-26 01:01:13,scrape_observed,2026-09-26 05:01:09,,,listing,2,23800,"ランダム配布のため買い手様自身では座席をお選び出来ません。
公演当日は開場時間30~40分前に会場付近にて待ち合わせし、同時入場していただきます。
当日手渡しの...",True
ry3fhjrnof,,milesixtones-2026,2026-11-22,16:30,日産スタジアム,electronic,none,QR毎又は番手,secret,5.0,,QR同行番手,2026-09-26 01:01:13,scrape_observed,2026-09-26 05:01:09,,,listing,2,32000,"🤎4名義中2番手／すり替えなし
全て初期当選、有効期限内、下3桁提示可🤎

公演当日、最寄駅または会場付近にて待ち合わせし、同時入場していただきます。
詳し...",True
h2x3nrcrsn,,milesixtones-2026,2026-11-22,16:30,日産スタジアム,electronic,female,当日,あ,5.0,,ランダム記載あり,2026-09-26 01:01:13,scrape_observed,2026-09-26 05:01:09,,,listing,2,25000,"ランダム配布

以下の内容に全てご同意いただける方でお願いいたします。また、購入いただいた時点でご同意いただいたとみなします。

・公演当日は開演2時間前（14...",True
53jk3eloil,,milesixtones-2026,2026-11-22,16:30,日産スタジアム,electronic,female,同行,y,5.0,,番手,2026-09-26 01:01:13,scrape_observed,2026-09-26 05:01:09,,,listing,2,32000,"2名義中2番手/初期当選/下3桁提示可/有効内/郵送物戻り無し/すり替え無し/2名義とも前回スタンド

※プラベル出品に移行いたしますので、ご購入希望の方はご連...",True
qt9tity5ge,,milesixtones-2026,2026-11-22,16:30,日産スタジアム,electronic,female,同行,u,5.0,,番手,2026-09-26 01:01:13,scrape_observed,2026-09-26 05:01:09,,,listing,2,30000,"6名義中4番手/すり替えなし/下3桁提示可能/有効期限内名義

2連優先

プライベート出品に切り替えますので
お取引希望の方はメッセージお願いいたします。...",True
5fsiel6tjg,,milesixtones-2026,2026-11-22,16:30,日産スタジアム,electronic,female,同行,M,5.0,,ランダム,2026-09-26 01:01:13,scrape_observed,2026-09-26 05:01:09,,,listing,2,22000,"【ランダム配布】
お取引はプラベルにて行いますのでご購入の際は中相場買取予定の有無と共にコメントいただきますようお願いいたします。
チケテンご希望の場合は手数料...",True
rvgiz7g9eo,,milesixtones-2026,2026-11-22,16:30,日産スタジアム,electronic,female,ランダム配布,🩵💫,5.0,,ランダム記載あり,2026-09-26 01:01:13,scrape_observed,2026-09-26 05:01:09,,,listing,2,26000,・同時入場していただき一度チケットを回収し、開演時間までにランダムでチケットをお渡しします。座席選択はできません。席次第で入場してすぐお渡しする可能性あります。...,True
gre2uydmjx,,milesixtones-2026,2026-11-22,16:30,日産スタジアム,electronic,female,同行,💙,5.0,,番手同行,2026-09-26 01:01:13,scrape_observed,2026-09-26 05:01:09,,,listing,1,35000,"4名義中3番手 残り1枚
下3桁提示可すり替えなし
・プライベート出品に変更致しますので希望額と枚数をメッセージでお気軽にお伝えください。不明点等は必ず購入前に...",True
d64b2oe2yk,,milesixtones-2026,2026-11-22,16:30,日産スタジアム,electronic,female,同行,⭐︎,5.0,,番手,2026-09-26 01:01:13,scrape_observed,2026-09-26 05:01:09,,,listing,2,36000,"4名義中3番手
有効期限内、下三桁提示可、すり替えなし

・複数の方にお集まり頂くため時間厳守でお願いします。購入者様が大幅に時間が遅れてしまう場合、待たずに入...",True
qj84f36fth,,milesixtones-2026,2026-11-07,17:00,ヤンマースタジアム長居,electronic,female,同行,✧,5.0,,同行,2026-09-26 02:01:13,scrape_observed,2026-09-26 05:01:09,,,listing,1,50000,"プラベル出品に切り替えますので、担当等コメントにて明記のほどよろしくお願いいたします。

当方と同行/アリツア落選名義/有効期限内/すり替えなし/田中担不可...",True
ljlkyw02ne,,milesixtones-2026,2026-11-07,17:00,ヤンマースタジアム長居,electronic,female,公演前日にログイン情報お伝え,Lily,5.0,,QR,2026-09-26 02:01:13,scrape_observed,2026-09-26 05:01:09,,,listing,2,70000,"初期当選/2枚QR毎/重複すり替えなし/会員番号下3桁提示可/有効期限内/発送物戻りなし/コンビニ決算/

ご購入いただいてすぐに下3桁ご提示いたします。公演前...",True
ans5a7g2kf,,milesixtones-2026,2026-11-07,17:00,ヤンマースタジアム長居,electronic,female,公演前日にログイン情報共有,a,5.0,,QR,2026-09-26 02:01:13,scrape_observed,2026-09-26 05:01:09,,,listing,2,55000,"初期当選/2枚QR毎/重複すり替えなし/会員番号下3桁提示可/有効期限内/発送物戻りなし/初当選/同行者登録可

メッセージいただければプライベート出品に変更可...",True
jqys1kujdy,,milesixtones-2026,2026-11-07,17:00,ヤンマースタジアム長居,electronic,female,同行,^_^,5.0,,同行,2026-09-26 02:01:13,scrape_observed,2026-09-26 05:01:09,,,listing,1,0,"重複あり、複数名義中番手お渡し(3名義中3番手)
初期当選/有効期限内/着ブロなし/下3桁提示可能
プライベート出品しますので購入されずにまずお声がけください。...",True
09pdj9sjco,,milesixtones-2026,2026-11-07,17:00,ヤンマースタジアム長居,electronic,female,3名義中3番手,R,5.0,,番手,2026-09-26 02:01:13,scrape_observed,2026-09-26 05:01:09,,,listing,2,33000,"3名義中3番手【ランエラ一部返金可⭐️】
プラベル出品に切り替えますので、お取引希望の方はメッセージにてご連絡ください。

初期当選 / 有効期限内 / すり替...",True
siy5kfmr4a,,milesixtones-2026,2026-11-07,17:00,ヤンマースタジアム長居,electronic,female,同行,m♪,5.0,,ランダム記載あり,2026-09-26 02:01:13,scrape_observed,2026-09-26 05:01:09,,,listing,2,30000,"FC先行/有効期限名義のみ/アリツア落選名義/すり替えなし/下3桁提示可/条件あり

・3名義中3名義目のお譲りです。
・当方が選ばなかったチケットをお渡し致し...",True
9wbwqtnzv7,,milesixtones-2026,2026-11-07,17:00,ヤンマースタジアム長居,electronic,female,3名義中2番手,R,5.0,,番手,2026-09-26 02:01:13,scrape_observed,2026-09-26 05:01:09,,,listing,2,45000,"3名義中2番手【ランエラ一部返金可⭐️】
プラベル出品に切り替えますので、お取引希望の方はメッセージにてご連絡ください。

初期当選 / 有効期限内 / すり替...",True
jfn4d3fu14,,milesixtones-2026,2026-11-07,17:00,ヤンマースタジアム長居,electronic,female,初期当選、QR毎、重複すり替えなし、下3桁可能、有効期限内,J,5.0,,QR,2026-09-26 02:01:13,scrape_observed,2026-09-26 05:01:09,,,listing,2,65000,"過去当選2公演ともスタンド席です。チケホル登録忘れてるので気になる方はご購入お控えください。
プラベル可能です、コメントください。
前日になりしたらログイン情報...",True
vj5uo259j1,,milesixtones-2026,2026-11-07,17:00,ヤンマースタジアム長居,electronic,female,公演前日ログイン情報共有,り,5.0,,QR,2026-09-26 02:01:13,scrape_observed,2026-09-26 05:01:09,,,listing,2,47000,"2連QR毎・初期当選・着ブロなし・下3桁提示可・当選歴なし
入場後速やかにログアウト、必ず開演前までに評価をお願いいたします。
購入者都合での返金一切受け付けま...",True
z5qbmzhtog,,milesixtones-2026,2026-11-07,17:00,ヤンマースタジアム長居,electronic,female,当日手渡し,てむ,5.0,,QR,2026-09-26 02:01:13,scrape_observed,2026-09-26 05:01:09,,,listing,1,50000,"初期当選/1枚QR毎/重複すり替えなし/会員番号下3桁提示可/有効期限内/アリツ落選

・公演当日、会場付近にて待ち合わせを行い同時入場していただきます。
・入...",True
s9h4ih7eya,,milesixtones-2026,2026-11-07,17:00,ヤンマースタジアム長居,electronic,female,同行,り,5.0,,同行番手,2026-09-26 02:01:13,scrape_observed,2026-09-26 05:01:09,,,listing,2,45000,"3名義重複/2番手2連/座種未定/初期当選/すり替えなし/下3桁提示可能/公演日有効期限内

※開示懸念のため1部サイト優先。
お話まとまり次第専用またはプラベ...",True
q3odkh1432,,milesixtones-2026,2026-11-07,17:00,ヤンマースタジアム長居,electronic,female,公演日2日までにログイン情報共有,ましゅまろ,5.0,,ランダム記載あり,2026-09-26 02:01:13,scrape_observed,2026-09-26 05:01:09,,,listing,1,60000,"当選歴無し/重複すり替えなし/入場後サイチェン可/下3桁提示可/有効期限内/郵送物戻り無し/

前日までにログイン情報お伝えします。

入場後すぐに受取評価、ロ...",True
5phq9sqirh,,milesixtones-2026,2026-11-07,17:00,ヤンマースタジアム長居,electronic,none,同時入場,れ,5.0,,番手,2026-09-26 02:01:13,scrape_observed,2026-09-26 05:01:09,,,listing,2,45000,"2名義中2番手/下三桁提示可能/着ブロ希望無し/有効期限内/初期当選/すり替えなし/本人確認不可/サイチェン可/すべてアリツア落選名義
・2名義中2番手のです。...",True
5b69qtrun5,,milesixtones-2026,2026-11-07,17:00,ヤンマースタジアム長居,electronic,female,同行,333,4.9,,ランダム,2026-09-26 02:01:13,scrape_observed,2026-09-26 05:01:09,,,listing,1,21800,⭐️開示対策の為プライベート出品に切り替えますのでご希望の方は⚠️リクエストではなく個別メッセージお願いいたします⭐️中相場での買取、上乗せにて早渡しも可能です...,True
3fk2uo5l1x,,milesixtones-2026,2026-11-07,17:00,ヤンマースタジアム長居,electronic,female,同行,Lo,5.0,,同行番手,2026-09-26 02:01:13,scrape_observed,2026-09-26 05:01:09,,,listing,2,35000,"2名義中2番手
すり替えなし/有効期限内/下3桁提示可
プライベート出品に変更するため購入前にコメントお願いします。

《条件》
・取引経験のある日本人女性のみ...",True
6jsrx5o3o4,,milesixtones-2026,2026-11-07,17:00,ヤンマースタジアム長居,electronic,female,同行,m,4.9,,同行ランダム,2026-09-26 02:01:13,scrape_observed,2026-09-26 05:01:09,,,listing,2,40000,🌟すり替えなしランダム🌟すべて初期当選、有効期限内、着ブロなし、下3桁提示可能です。複数名義当選のため、開演時刻の2時間30分前までに会場付近に集合していた...,True
20hskt8qyp,,milesixtones-2026,2026-11-07,17:00,ヤンマースタジアム長居,electronic,female,同行,n,5.0,,番手同行,2026-09-26 02:01:13,scrape_observed,2026-09-26 05:01:09,,,listing,2,30000,"3名義中3番手/すり替えなし/着ブロなし/有効期限内/下3桁提示可
会場付近にて待ち合わせし、同時入場していただきます。
座席の選択権はございません。入場後一旦...",True
du2yp2gc2u,,milesixtones-2026,2026-11-07,17:00,ヤンマースタジアム長居,electronic,female,公演日前日にログイン情報お伝え,AIka,5.0,,QR,2026-09-26 02:01:13,scrape_observed,2026-09-26 05:01:09,,,listing,2,50000,"初期当選／QRごと／重複すり替えなし／会員番号下3桁提示可／有効期限内／発送物戻りなし／アリツ落選名義／着席希望なし

・ご購入いただいてすぐに下3桁ご提示いた...",True
ql8l0852y1,,milesixtones-2026,2026-11-07,17:00,ヤンマースタジアム長居,electronic,female,同行,m,5.0,,番手,2026-09-26 02:01:13,scrape_observed,2026-09-26 05:01:09,,,listing,2,35000,"3名義中2番手2連
全て初期当選、有効期限内名義、すり替えなし、名義下3桁提示可

ゲートが別れた際はQRコードでのお譲りになる場合がございます。（３番手の方と...",True
80rf1mwals,,milesixtones-2026,2026-11-07,17:00,ヤンマースタジアム長居,electronic,female,同行,m♪,5.0,,ランダム記載あり,2026-09-26 02:01:13,scrape_observed,2026-09-26 05:01:09,,,listing,2,45000,"FC先行/有効期限名義のみ/アリツア落選名義/すり替えなし/下3桁提示可/条件あり

・3名義中2名義目のお譲りです。
・お席の選択に時間を頂きますので、ご了承...",True
0cf5fgg5qt,,milesixtones-2026,2026-11-07,17:00,ヤンマースタジアム長居,electronic,female,同行,ぴぴぴ,5.0,,ランダム,2026-09-26 02:01:13,scrape_observed,2026-09-26 05:01:09,,,listing,1,24000,"プラベルにて出品致しますので、購入希望の方はメッセージお願いいたします。
少数ランダム 開場20分前に待ち合わせ
同時入場後一旦チケットを回収し当方が座席を確認...",True
y6hm78qdmb,,milesixtones-2026,2026-11-07,17:00,ヤンマースタジアム長居,electronic,female,同行,R,5.0,,番手,2026-09-26 02:01:13,scrape_observed,2026-09-26 05:01:09,,,listing,2,30000,"3名義中3番手/すり替えなし/下3桁提示可/初期当選/有効期限内/着ブロ希望なし/MILESixTONESアリツア落選名義

当日は開場15分前ごろに集合し、同...",True
ccr7l6fppx,,milesixtones-2026,2026-11-07,17:00,ヤンマースタジアム長居,electronic,female,同時入場,🐶,5.0,,番手,2026-09-26 02:01:13,scrape_observed,2026-09-26 05:01:09,,,listing,1,35000,"【3名義中3番手】
※ ご購入者様にお席の選択権はございません

○当日は開場10分前に集合し同時入場をお願いします。 同時入場後全てのチケットを回収し、当方が...",True
1l3q7u83k4,,milesixtones-2026,2026-11-07,17:00,ヤンマースタジアム長居,electronic,female,同行,m,4.9,,同行ランダム,2026-09-26 02:01:13,scrape_observed,2026-09-26 05:01:09,,,listing,1,30000,"複数名義当選のため、開演時刻の2時間30分前までに会場付近に集合していただき、同時入場後、一旦チケットを回収してこちらで先に座席選択させていただきます。
複数の...",True
31gz82x084,,milesixtones-2026,2026-11-07,17:00,ヤンマースタジアム長居,electronic,male,公演日1日前にログイン情報お知らせします。,YU,5.0,,QR,2026-09-26 02:01:13,scrape_observed,2026-09-26 05:01:09,,,listing,1,60000,"QRコード毎の取引です。
重複すり替えなし有効期限内/下3桁開示可",True
c2oe5c9e8c,,milesixtones-2026,2026-11-07,17:00,ヤンマースタジアム長居,electronic,female,同行,ぴか,5.0,,同行,2026-09-26 02:01:13,scrape_observed,2026-09-26 05:01:09,,,listing,1,40000,"※プラベル出品に切り替えますので、担当記載の上コメントください。

重複すり替えなし、初期当選、本人確認不可。ジェシー担不可。いかなる場合も返金なし、サイチェン...",True
8pvduxakdf,,milesixtones-2026,2026-11-07,17:00,ヤンマースタジアム長居,electronic,female,公演当日ログイン情報共有,星,5.0,,QR,2026-09-26 02:01:13,scrape_observed,2026-09-26 05:01:09,,,listing,2,48000,"会員番号20万以内／初期当選／QRごと／YO・アリツ落選名義／会員番号下3桁提示可／有効期限内／発送物戻りなし／着席希望なし

※特別出品orプラベルにて再度出...",True
bxjdnp9y25,,milesixtones-2026,2026-11-07,17:00,ヤンマースタジアム長居,electronic,female,同行,m,5.0,,同行番手,2026-09-26 02:01:13,scrape_observed,2026-09-26 05:01:09,,,listing,2,45000,"2名義中2番手/初期当選/有効期限内名義/すり替えなし(下3桁提示可能)/着ブロなし

プラベルにてお取引可能です。

・チケット発券後、チケットをすべて回収さ...",True
ey2ey3639t,,milesixtones-2026,2026-11-07,17:00,ヤンマースタジアム長居,electronic,female,会場付近で集合し、同時入場,れに,5.0,,番手,2026-09-26 02:01:13,scrape_observed,2026-09-26 05:01:09,,,listing,2,44000,"FC先行座席未定2名義中2番手すり替えなし/着
ブロ希望名義無／有効期限内／下3桁提示可能
会場付近にて待ち合わせし、同時入場していただきます。
詳しい待ち合わ...",True
wuhqbm3kvx,,milesixtones-2026,2026-11-07,17:00,ヤンマースタジアム長居,electronic,female,公演日前日にログイン情報の共有,もちゅ,5.0,,QR,2026-09-26 02:01:13,scrape_observed,2026-09-26 05:01:09,,,listing,2,60000,"QR毎/初期当選/有効期限内/下3桁提示可/発送物戻りなし/着ブロ希望なし

公演日前日にログイン情報をお伝えします。

公演中止の場合のみ、手数料を引いた金額...",True
vwkvr7vrwz,,milesixtones-2026,2026-11-08,17:00,ヤンマースタジアム長居,electronic,female,同行,なにぷり,5.0,,番手,2026-09-26 02:01:13,scrape_observed,2026-09-26 05:01:09,,,listing,2,40000,"3名義中2番手 全てアリツア落選名義
下三桁提示可能/すり替えなし/初期当選/有効期限内/サイチェン可

・公演当日は開場時間20~30分前に会場付近で待ち合わ...",True
3f2fqxjpfo,,milesixtones-2026,2026-11-08,17:00,ヤンマースタジアム長居,electronic,female,同行,m♪,5.0,,ランダム記載あり,2026-09-26 02:01:13,scrape_observed,2026-09-26 05:01:09,,,listing,2,30000,"FC先行/有効期限名義のみ/アリツア落選名義/すり替えなし/下3桁提示可/条件あり

・3名義中3名義目のお譲りです。
・当方が選ばなかったチケットをお渡し致し...",True
e86645v0hc,,milesixtones-2026,2026-11-08,17:00,ヤンマースタジアム長居,electronic,female,当日手渡し,M,5.0,,番手,2026-09-26 02:01:13,scrape_observed,2026-09-26 05:01:09,,,listing,2,25000,3名義3番手  すり替えなし 下3桁提示可,True
okyno0aceh,,milesixtones-2026,2026-11-08,17:00,ヤンマースタジアム長居,electronic,female,公演前日ログイン情報の共有,ずみ,5.0,,QR,2026-09-26 02:01:13,scrape_observed,2026-09-26 05:01:09,,,listing,2,48000,"QR毎/2連番/初当選名義/98万台/有効期限内/下3桁提示可/同行者非会員/他G含めエラーなし

・公演日前日ログイン情報を共有いたします。開演時間15分後に...",True
ntaajd6hcp,,milesixtones-2026,2026-11-08,17:00,ヤンマースタジアム長居,electronic,female,同行,rn,5.0,,同行,2026-09-26 02:01:13,scrape_observed,2026-09-26 05:01:09,,,listing,1,40000,"当方(松村担)と同行
重複すり替え無し / 初期当選 / 有効期限内 / アリツア落選名義 / 同一クレカ決済無し / 着ブロ指定無し / 下三桁提示可

⚠️...",True
tiu8m4pp3b,,milesixtones-2026,2026-11-08,17:00,ヤンマースタジアム長居,electronic,female,ランダム配布,じゅ,5.0,,ランダム,2026-09-26 02:01:13,scrape_observed,2026-09-26 05:01:09,,,listing,1,23000,"⭐️少人数ランダム

プライベートモードにて再出品いたしますので、ご希望の方はメッセージお願いいたします。


ご購入者様に発券のお手伝いをお願いする場合がござ...",True
1l18y2cnxz,,milesixtones-2026,2026-11-08,17:00,ヤンマースタジアム長居,electronic,female,同行,あ,5.0,,番手,2026-09-26 02:01:13,scrape_observed,2026-09-26 05:01:09,,,listing,2,50000,"4名義中2番手/すり替えなし/全て有効期限内/初期当選/同一クレカ支払いなし/発送物戻り名義なし/下3桁提示可

当日は開場30分前頃に、会場付近の当方指定場所...",True
22p7iiahm2,,milesixtones-2026,2026-11-08,17:00,ヤンマースタジアム長居,electronic,female,同行,ゆ,5.0,,番手,2026-09-26 02:01:13,scrape_observed,2026-09-26 05:01:09,,,listing,2,45000,"初期当選/有効期限内/すり替えなし/3名義中2番手/下3桁提示可/着ブロ含まず

・当日はこちらが指定した場所にて開場15分前に待ち合わせし、同時入場していただ...",True
boagym2fyy,,milesixtones-2026,2026-11-08,17:00,ヤンマースタジアム長居,electronic,female,4名義中2番手,は,5.0,,番手,2026-09-26 02:01:13,scrape_observed,2026-09-26 05:01:09,,,listing,2,50000,"ファンクラブ先行/有効期限内/すり替え無し /下3桁提示可 /


複数名義所持のため、他の方がチケットを選んだ後、4名義中2番目にチケットを配布します。
また...",True
f7uxcqhii6,,milesixtones-2026,2026-11-08,17:00,ヤンマースタジアム長居,electronic,female,同行,り,5.0,,同行,2026-09-26 02:01:13,scrape_observed,2026-09-26 05:01:09,,,listing,1,60000,"2連中1枚当方と同行/重複すり替えなし/アリツ落選名義 YOスタンド/初期当選/下三桁提示可/有効期限内/着ブロなし
※プライベート出品しますので、ご購入希望の...",True
njj9l0n4e0,,milesixtones-2026,2026-11-08,17:00,ヤンマースタジアム長居,electronic,female,4名義中3番手,pi,5.0,,番手,2026-09-26 02:01:13,scrape_observed,2026-09-26 05:01:09,,,listing,2,35000,"初期当選/4名義中3番手/アリツア落選名義/すり替えなし/下3桁提示可/有効期限内/配送物戻りなし/サイチェン可

・待ち合わせ場所や時間などの詳細は決まり次第...",True
ymhljxja7m,,milesixtones-2026,2026-11-08,17:00,ヤンマースタジアム長居,electronic,female,同行,m,4.9,,同行ランダム,2026-09-26 02:01:13,scrape_observed,2026-09-26 05:01:09,,,listing,1,30000,"複数名義当選のため、開演時刻の2時間30分前までに会場付近に集合していただき、同時入場後、一旦チケットを回収してこちらで先に座席選択させていただきます。
複数の...",True
05cqwtgz2x,,milesixtones-2026,2026-11-08,17:00,ヤンマースタジアム長居,electronic,female,同行,る,5.0,,同行番手,2026-09-26 02:01:13,scrape_observed,2026-09-26 05:01:09,,,listing,2,24550,"全て初期当選、FC先行、アリツア落選名義、3番手中3番手 、QR発券のため座席未定

松村名義×1、京本名義×2。全て有効期限内、ペイジー決済、着席ブロック希望...",True
63yo5mcu28,,milesixtones-2026,2026-11-08,17:00,ヤンマースタジアム長居,electronic,female,同行,s,5.0,,ランダム同行,2026-09-26 02:01:13,scrape_observed,2026-09-26 05:01:09,,,listing,2,30000,"座席未定、少人数ランダム配布
🌟発券した座席次第ではすぐにお渡しいたします！
・2枚での購入の場合は2連でのお渡し可能です。
・プライベート出品に切り替えます...",True
3ezuhpx4dq,,milesixtones-2026,2026-11-08,17:00,ヤンマースタジアム長居,electronic,female,同時入場,K⭐️,5.0,,同行番手,2026-09-26 02:01:13,scrape_observed,2026-09-26 05:01:09,,,listing,1,28000,"xxrxn1999様　専用

2名義中1番手 同行

初期当選/有効期限内/すり替えなし/下3桁提示可能/サイチェン可/京本担不可

＊公演中止以外の返金、キャ...",True
vsditsdmne,,milesixtones-2026,2026-11-08,17:00,ヤンマースタジアム長居,electronic,female,公演日前日までにログイン情報共有,y,5.0,,QR,2026-09-26 02:01:13,scrape_observed,2026-09-26 05:01:09,,,listing,2,42000,初期当選、重複すり替え無し、下3桁提示可,True
82zuziabxk,,milesixtones-2026,2026-11-08,17:00,ヤンマースタジアム長居,electronic,female,入金後24時間以内にQRコード共有,ま♡,5.0,,番手,2026-09-26 02:01:13,scrape_observed,2026-09-26 05:01:09,,,listing,2,0,"11/8 ヤンマースタジアム長居 
4名義中、2番手
初期当選/有効期限内/重複すり替え無し/下3桁提示可

公演当日は開演2時間30分前にこちらが指定する場所...",True
7df1t7xmn2,,milesixtones-2026,2026-11-08,17:00,ヤンマースタジアム長居,electronic,female,同行,ゆ,5.0,,同行,2026-09-26 02:01:13,scrape_observed,2026-09-26 05:01:09,,,listing,1,45000,"2連中1枚 当方（京本担）との同行/初期当選/重複すり替えなし/下3桁提示可/有効期限内/着ブロなし

プライベート出品に変更いたしますので、お取引希望の方はメ...",True
thdvuef5vb,,milesixtones-2026,2026-11-08,17:00,ヤンマースタジアム長居,electronic,female,同行,m,4.9,,同行ランダム,2026-09-26 02:01:13,scrape_observed,2026-09-26 05:01:09,,,listing,2,40000,🌟すり替えなしランダム🌟すべて初期当選、有効期限内、着ブロなし、下3桁提示可能です。複数名義当選のため、開演時刻の2時間30分前までに会場付近に集合していた...,True
53qk5cxf3q,,milesixtones-2026,2026-11-08,17:00,ヤンマースタジアム長居,electronic,female,連絡ボード,ゆ,5.0,,番手,2026-09-26 02:01:13,scrape_observed,2026-09-26 05:01:09,,,listing,2,40000,"FC/すり替えなし/期限内/2名義中2番手/下3桁提示可

サイト通し分1、当日手渡し3の4/枚チケットになります。こちらにご納得頂ける方のみのみご購入ください...",True
0o7mnch2t0,,milesixtones-2026,2026-11-08,17:00,ヤンマースタジアム長居,electronic,female,同行,m,5.0,,同行記載あり,2026-09-26 02:01:13,scrape_observed,2026-09-26 05:01:09,,,listing,1,60000,"１名義のみの同行です。
⚠︎髙地担不可
初期当選/有効期限内/着ブロ希望なし/下3桁提示可/重複すり替えなし
プラベル通しに切り替えますのでご希望の方は一度ご連...",True
811gckau7a,,milesixtones-2026,2026-11-08,17:00,ヤンマースタジアム長居,electronic,female,同行,a,5.0,,番手,2026-09-26 02:01:13,scrape_observed,2026-09-26 05:01:09,,,listing,2,37000,FC先行／初期当選／座席未定／2名義中2番手／すり替えなし／下3桁提示可／着ブロ希望なし／エラー、郵送物戻りなし／有効期限内名義／アリツア落選、過去歴スタンド席...,True
66ektsaoj6,,milesixtones-2026,2026-11-08,17:00,ヤンマースタジアム長居,electronic,female,同行,み,5.0,,同行,2026-09-26 02:01:13,scrape_observed,2026-09-26 05:01:09,,,listing,1,60000,"座席未定/FC先行/有効期限内/当方(田中担)と同行/下3桁提示可能

・開場時間15分前を目処に集合して頂き同時に入場致します。
・公共交通機関の遅延等いかな...",True
jpqqri6qi7,,milesixtones-2026,2026-11-08,17:00,ヤンマースタジアム長居,electronic,female,ランダム,ぽ,5.0,,ランダム,2026-09-26 02:01:13,scrape_observed,2026-09-26 05:01:09,,,listing,1,25000,"💫超少人数ランダム
💫中相場買取可能

お取引はプラベルにて行いますのでご購入の際は中相場買取予定の有無と共にコメントいただきますようお願いいたします。
チ...",True
fkiygy51cw,,milesixtones-2026,2026-11-08,17:00,ヤンマースタジアム長居,electronic,female,同行,か,5.0,,番手,2026-09-26 02:01:13,scrape_observed,2026-09-26 05:01:09,,,listing,2,38000,FC先行 2名義中2番手 初期当選 有効期限内名義 すり替えなし 下3桁提示可 着ブロ希望なし エラー、郵送物戻りなし、アリツ落選(前回スタンド)これ以上は提示...,True
hzo0olhb0t,,milesixtones-2026,2026-11-08,17:00,ヤンマースタジアム長居,electronic,female,QR毎,k,5.0,,ランダム,2026-09-26 02:01:13,scrape_observed,2026-09-26 05:01:09,,,listing,2,25000,"少数ランダム配布

前日までに集合場所をメッセージにてお送りいたします。
会場1時間前までに来ていただき、こちらがお渡しする端末でQR入場していただきます。
そ...",True
z7ez3p8oy1,,milesixtones-2026,2026-11-08,17:00,ヤンマースタジアム長居,paper,female,当日手渡し,あ,5.0,,番手,2026-09-26 02:01:13,scrape_observed,2026-09-26 05:01:09,,,listing,2,34000,"FC先行 3名義中3番手 初期当選 座席未定 すり替えなし 2連 有効期限内 下3桁提示可 発送物戻りなし

公演当日は開場時間までに会場付近にて待ち合わせし、...",True
48h0pfsig7,,milesixtones-2026,2026-11-08,17:00,ヤンマースタジアム長居,electronic,female,QR毎/有効期限内FC,mi,5.0,,QR,2026-09-26 02:01:13,scrape_observed,2026-09-26 05:01:09,,,listing,2,50000,"プラベルにて再度出品いたしますので、お取引希望の方はメッセージにてご連絡ください。

【条件あり】
前日、または当日ログイン情報を連絡します。当日集合していただ...",True
id69i5qp3i,,milesixtones-2026,2026-11-08,17:00,ヤンマースタジアム長居,electronic,female,同行,なにぷり,5.0,,番手,2026-09-26 02:01:13,scrape_observed,2026-09-26 05:01:09,,,listing,2,30000,"3名義中3番手 全てアリツア落選名義
下三桁提示可能/すり替えなし/初期当選/有効期限内/サイチェン可

・公演当日は開場時間20~30分前に会場付近で待ち合わ...",True
uzgaic1hnh,,milesixtones-2026,2026-11-08,17:00,ヤンマースタジアム長居,electronic,female,同行,mt,5.0,,同行,2026-09-26 02:01:13,scrape_observed,2026-09-26 05:01:09,,,listing,1,50000,"プライベート出品orプラベル出品にしますので購入前に一言お願いいたします。

有効期限内/YOスタンド.アリツ落選名義/下三桁提示可能/有効期限内/初期当選/重...",True
wh5bdzpay4,,milesixtones-2026,2026-11-08,17:00,ヤンマースタジアム長居,electronic,female,同行,高菜,4.6,,番手,2026-09-26 02:01:13,scrape_observed,2026-09-26 05:01:09,,,listing,2,35000,"2名義中2番手

初期当選/有効期限内/すり替えなし/下3桁提示可能/2名義ともアリーナ落選 前回当選時スタンド席名義

〇公演中止以外の返金、キャンセル
（ラ...",True
1q4g7pqzbj,,milesixtones-2026,2026-11-08,17:00,ヤンマースタジアム長居,electronic,female,同時入場,Ｊ,5.0,,番手,2026-09-26 02:01:13,scrape_observed,2026-09-26 05:01:09,,,listing,2,46000,"4名義中2番手のお譲り
プラベル出品可/全て２連当選/すり替えなし/初期当選/当選名義下３桁提示/有効期限内/Pay-easy入金/着ブロ指定なし/サイチェン可...",True
0xjzqn4ag6,,milesixtones-2026,2026-11-08,17:00,ヤンマースタジアム長居,electronic,female,公演前日ログイン情報共有,M,5.0,,QR,2026-09-26 02:01:13,scrape_observed,2026-09-26 05:01:09,,,listing,2,54900,"QR毎 初期当選 下3桁提示可 重複すり替えなし 有効期限内 同行者登録可 着ブロ指定なし 発送物戻りなし アリツア落選名義

公演前日にログイン情報をお伝えい...",True
02inlksr5u,,milesixtones-2026,2026-11-08,17:00,ヤンマースタジアム長居,electronic,female,同行,TK,5.0,,番手,2026-09-26 02:01:13,scrape_observed,2026-09-26 05:01:09,,,listing,2,35000,"初期当選/2名義中2番手/有効期限内／すり替えなし/下3桁提示可能/本人確認対応不可

頻繁に連絡が取れ、時間をお守りいただける方、日本語のわかる女性の方のみ...",True
49d8cag7fz,,milesixtones-2026,2026-11-08,17:00,ヤンマースタジアム長居,electronic,female,同行,M,5.0,,番手,2026-09-26 02:01:13,scrape_observed,2026-09-26 05:01:09,,,listing,2,55000,"2名義中2番手/初期当選/着ブロなし/期限内名義/すり替えなし/下3桁提示可
【必ずお読みください】
・﻿﻿開演1時間前を目処に会場付近に集合し同時入場していた...",True
2aecqwgj0c,,milesixtones-2026,2026-11-08,17:00,ヤンマースタジアム長居,electronic,female,同行,な,5.0,,番手,2026-09-26 02:01:13,scrape_observed,2026-09-26 05:01:09,,,listing,2,35000,"初期当選/ 2名義中2番手/サイチェン可/すり替え無し/着ブロ希望なし/同一クレカ決済なし/下3桁提示可/有効期限内

・公演当日会場付近にて開場10〜20分前...",True
x2jno0pt35,,milesixtones-2026,2026-11-08,17:00,ヤンマースタジアム長居,electronic,female,2名義中2番手,みる,5.0,,番手,2026-09-26 02:01:13,scrape_observed,2026-09-26 05:01:09,,,listing,2,35000,"初期当選/2名義中2番手/下3桁提示可/すり替えなし

・公演当日は開場15分前を目安に集合、同時入場をしていただきます。万が一、遅刻された場合は待たずに入場さ...",True
d95epib7ca,,milesixtones-2026,2026-11-08,17:00,ヤンマースタジアム長居,electronic,female,当日,てむ,5.0,,QR,2026-09-26 02:01:13,scrape_observed,2026-09-26 05:01:09,,,listing,1,40000,"初期当選/1枚QR毎/重複すり替えなし/会員番号下3桁提示可/有効期限内/アリツ落選

・公演当日、会場付近にて待ち合わせを行い同時入場していただきます。
・入...",True
3hgo24sn3d,,milesixtones-2026,2026-11-08,17:00,ヤンマースタジアム長居,electronic,female,公演日前日までにログイン情報共有,kuromi.,5.0,,QR,2026-09-26 02:01:13,scrape_observed,2026-09-26 05:01:09,,,listing,2,50000,"QR毎/FC先行座席未定/すり替えなし/下3桁提示可/初期当選/有効期限内/着ブロ希望なし/MILESixTONESアリツア落選

公演日前日にログイン情報をお...",True
cwtmklnrc9,,milesixtones-2026,2026-11-08,17:00,ヤンマースタジアム長居,electronic,female,同時入場後受け渡し,🩷,5.0,,番手,2026-09-26 02:01:13,scrape_observed,2026-09-26 05:01:09,,,listing,1,37000,"⭐️2名義中2番手
初期当選/すり替えなし/有効期限内/下3桁提示可能/発送戻りなし/全てアリツア落選名義


・公演当日は開場15分前を目処に会場付近にてお待...",True
m94s9kga94,,milesixtones-2026,2026-11-08,17:00,ヤンマースタジアム長居,electronic,female,公演当日にログイン情報お渡し,p,5.0,,QR,2026-09-26 02:01:13,scrape_observed,2026-09-26 05:01:09,,,listing,1,55000,"重複なし
プライベート出品に切り替えますのでご希望の方はコメントお願いいたします。
公演中止以外の如何なる理由でも返金不可。",True
chhwqqvnrg,,milesixtones-2026,2026-11-08,17:00,ヤンマースタジアム長居,electronic,female,同行,R,5.0,,同行番手,2026-09-26 02:01:13,scrape_observed,2026-09-26 05:01:09,,,listing,2,35000,"初期当選/2名義中2番手/有効期限内/すり替えなし/下3桁提示可能/本人確認対応不可

ブラベルにて専用出品させていただきますので、購入前にコメントください。...",True
6w6kzv95ml,,milesixtones-2026,2026-11-08,17:00,ヤンマースタジアム長居,electronic,female,同行,り,4.6,,同行,2026-09-26 02:01:13,scrape_observed,2026-09-26 05:01:09,,,listing,1,65000,"2名義中1番手/初期当選/着ブロなし/期限内名義
【必ずお読みください】
・﻿﻿開場30分前を目処に会場付近に集合し同時入場していただきます。詳しい集合時間、場...",True
b3roz3338t,,milesixtones-2026,2026-11-08,17:00,ヤンマースタジアム長居,electronic,female,同行,R,5.0,,同行,2026-09-26 02:01:13,scrape_observed,2026-09-26 05:01:09,,,listing,1,50000,"重複なし同行　下3提示可　有効期限内名義
・公演当日は開場時間15分前に会場付近で待ち合わせをし、同時入場していただきます。
・待ち合わせ場所、詳しい時間等は公...",True
rl8au8nbie,,milesixtones-2026,2026-11-08,17:00,ヤンマースタジアム長居,electronic,female,同行,り,5.0,,同行番手,2026-09-26 02:01:13,scrape_observed,2026-09-26 05:01:09,,,listing,2,50000,"4名義重複/2番手2連/座種未定/初期当選/すり替えなし/下3桁提示可能/公演日有効期限内

※開示懸念のため1部サイト優先。
お話まとまり次第専用またはプラベ...",True
196gmqywto,,milesixtones-2026,2026-11-08,17:00,ヤンマースタジアム長居,electronic,female,QR毎,k,5.0,,QR,2026-09-26 02:01:13,scrape_observed,2026-09-26 05:01:09,,,listing,2,50000,"2名義中2番手
QR毎/初期当選/アリツア落選名義/重複すり替えなし/着ブロ希望なし/有効期限内

前日までに集合場所をメッセージにてお送りいたします。
会場1...",True
we8fdjxeak,,milesixtones-2026,2026-11-08,17:00,ヤンマースタジアム長居,electronic,female,4名義中2番手,pi,5.0,,番手,2026-09-26 02:01:13,scrape_observed,2026-09-26 05:01:09,,,listing,2,45000,"
初期当選/4名義中2番手/アリツア落選名義/すり替えなし/下3桁提示可/有効期限内/配送物戻りなし

・待ち合わせ場所や時間などの詳細は決まり次第ご連絡いたし...",True
1e74laoclo,,milesixtones-2026,2026-11-08,17:00,ヤンマースタジアム長居,electronic,female,同行,る,5.0,,番手同行,2026-09-26 02:01:13,scrape_observed,2026-09-26 05:01:09,,,listing,2,33050,"全て初期当選、FC先行、アリツア落選名義、3番手中2番手 、QR発券のため座席未定

松村名義×1、京本名義×2。全て有効期限内、ペイジー決済、着席ブロック希望...",True
tr9zgpj9sr,,milesixtones-2026,2026-11-08,17:00,ヤンマースタジアム長居,electronic,female,2名義中2番手,mo,5.0,,番手,2026-09-26 02:01:13,scrape_observed,2026-09-26 05:01:09,,,listing,2,45000,"2名義中2番手/座席未定/すり替えなし/下3桁提示可能/有効期限内

以下の記載内容をご確認の上ご購入ください。

【入場前】
同行者登録はこちらで行います。...",True
pltw3s96w5,,milesixtones-2026,2026-11-08,17:00,ヤンマースタジアム長居,electronic,female,入金後24時間以内にQRコード共有,🅿️,5.0,,QR,2026-09-26 02:01:13,scrape_observed,2026-09-26 05:01:09,,,listing,2,50000,"プライベート出品に変更致しますので、購入希望の方はコメントお願い致します。

初期当選/アリツア落選名義/下3桁提示可/有効期限内/発送物戻し無し

公演中止の...",True
5s06k6lbex,,milesixtones-2026,2026-11-08,17:00,ヤンマースタジアム長居,electronic,none,ランダム配布,ゆゆゆ,4.8,,ランダム,2026-09-26 02:01:13,scrape_observed,2026-09-26 05:01:09,,,listing,2,25000,"◎お取引初心者の方でも安心してお取引できるよう対応いたします。分からないことがあればお気軽にご質問ください。

下記内容をよくお読みいただき理解した上でご購入く...",True
du21cpld49,,milesixtones-2026,2026-11-08,17:00,ヤンマースタジアム長居,electronic,female,公演日1日前までにQRコード共有,I,5.0,,QR,2026-09-26 02:01:13,scrape_observed,2026-09-26 05:01:09,,,listing,2,51000,"FC先行 / 初期当選/ アリツ落選名義/座席未定 / QR毎 /下3桁提示可/ 有効期限内 / 発送物戻りなし/着ブロ希望なし/ 同一クレカなし

プラベ出品...",True
eu7kl1nj2x,,milesixtones-2026,2026-11-08,17:00,ヤンマースタジアム長居,electronic,female,当日手渡し,てむ,5.0,,QR,2026-09-26 02:01:13,scrape_observed,2026-09-26 05:01:09,,,listing,1,40000,"初期当選/1枚QR毎/重複すり替えなし/会員番号下3桁提示可/有効期限内/アリツ落選

・公演当日、会場付近にて待ち合わせを行い同時入場していただきます。
・入...",True
53yjlxfpjh,,milesixtones-2026,2026-11-21,16:30,日産スタジアム,electronic,female,同行,R,5.0,,番手同行,2026-09-26 02:01:13,scrape_observed,2026-09-26 05:01:09,,,listing,2,35000,"初期当選/2名義中2番手/有効期限内/すり替えなし/下3桁提示可能/本人確認対応不可

ブラベルにて専用出品させていただきますので、購入前にコメントください。...",True
rkizjjilvy,,milesixtones-2026,2026-11-21,16:30,日産スタジアム,electronic,female,公演日前日(18:00以降)にログイン情報をお貸しします。,MJGA,5.0,,QR,2026-09-26 02:01:13,scrape_observed,2026-09-26 05:01:09,,,listing,2,0,"FC初期当選/有効期限内/下3桁提示可/すり替えなし/初当選(当選履歴なし)/着席ブロック希望なし

・公演日前日(18:00以降)になりましたら、ログイン情報...",True
sprehfige9,,milesixtones-2026,2026-11-21,16:30,日産スタジアム,electronic,none,4名義中3番手,中野,5.0,,ランダム記載あり,2026-09-26 02:01:13,scrape_observed,2026-09-26 05:01:09,,,listing,2,35000,"※プライベート出品いたしますので、メッセージをお願いいたします。


下三桁提示可能/有効期限内/初期当選/重複すり替えなし

・公演当日は開場時間20〜30分...",True
te7kpok46y,,milesixtones-2026,2026-11-21,16:30,日産スタジアム,electronic,female,公演日前日(18:00以降)にログイン情報をお貸しします,MJGA,5.0,,QR,2026-09-26 02:01:13,scrape_observed,2026-09-26 05:01:09,,,listing,2,95000,"FC初期当選/有効期限内/下3桁提示可/すり替えなし/初当選(当選履歴なし)/着席ブロック希望なし

・公演日前日(18:00以降)になりましたら、ログイン情報...",True
vwxx6ys6jl,,milesixtones-2026,2026-11-21,16:30,日産スタジアム,electronic,female,2名義中1番手　当方の同行,あーる,5.0,,同行,2026-09-26 02:01:13,scrape_observed,2026-09-26 05:01:09,,,listing,1,50000,"2名義中1番手1枚（当方と同行）/初期当選/田中担不可/下3桁提示可/サイチェン可/すり替えなし/有効期限内/全名義アリツ落選名義


トラブル防止のためご購入...",True
jss5so6qxr,,milesixtones-2026,2026-11-21,16:30,日産スタジアム,electronic,female,3名義中2番手,mo,5.0,,番手,2026-09-26 02:01:13,scrape_observed,2026-09-26 05:01:09,,,listing,2,48000,"3名義中2番手/座席未定/すり替えなし/下3桁提示可能/有効期限内

以下の記載内容をご確認の上ご購入ください。

【入場前】
同行者登録はこちらで行います。...",True
rhyx02fgz0,,milesixtones-2026,2026-11-21,16:30,日産スタジアム,electronic,female,FC×FC当選 同行,a,5.0,,同行,2026-09-26 02:01:13,scrape_observed,2026-09-26 05:01:09,,,listing,1,32000,"着ブロ希望当選 重複すり替えなし 下3桁提示可 有効期限内 女性名義 松村担不可 

・着ブロ希望での当選ですが、発券時に着席指定席ではない可能性もありますので...",True
xa9f4ac99j,,milesixtones-2026,2026-11-21,16:30,日産スタジアム,electronic,female,公演日前日にQRコード共有,ぴんくぴーまん,5.0,,QR,2026-09-26 02:01:13,scrape_observed,2026-09-26 05:01:09,,,listing,1,52350,"アリツア落選名義
(過去後方座席しか出たことの無い名義)

プライベートに変更可能ですので気軽にお声かけください。。

QR毎 ペイジー決済  すり替え重複なし...",True
1jvgs8ihl3,,milesixtones-2026,2026-11-21,16:30,日産スタジアム,electronic,female,同行,ぴよ,5.0,,同行番手,2026-09-26 02:01:13,scrape_observed,2026-09-26 05:01:09,,,listing,1,60000,"2名義中1番手同行/下三桁提示可能/着ブロ希望無し/有効期限内/初期当選/重複すり替えなし/本人確認不可/サイチェン可

･2名義中1番手の同行です。チケットは...",True
58dfwua8cd,,milesixtones-2026,2026-11-21,16:30,日産スタジアム,electronic,female,公演日前日までにQRコード共有,りり,5.0,,QR,2026-09-26 02:01:13,scrape_observed,2026-09-26 05:01:09,,,listing,2,53000,"初期当選/アリーナ落選名義/QR毎/有効期限内/座席未定/下3桁提示可能/発送物戻りなし/着ブロ希望なし

＊プライベート出品に切り替えますのでご連絡ください＊...",True
te8vf6oxer,,milesixtones-2026,2026-11-21,16:30,日産スタジアム,electronic,female,同行,な,5.0,,同行番手,2026-09-26 02:01:13,scrape_observed,2026-09-26 05:01:09,,,listing,1,0,"3名義中1番手/当方と同行/すべて初期当選/有効期限内/下3桁提示可能/すり替えなし

3名義中1番手当方と同行になります。
当方田中担のため気になる方はご遠慮...",True
66mcl0de51,,milesixtones-2026,2026-11-21,16:30,日産スタジアム,electronic,female,公演前日にログイン情報共有,s,5.0,,ランダム記載あり,2026-09-26 02:01:13,scrape_observed,2026-09-26 05:01:09,,,listing,2,0,"QR毎/初期当選/重複すり替えなし/前座席スタンド/着ブロ希望なし/下3桁提示可能/有効期限内/発送物戻りなし
公演前日夜にログインに必要な情報をお伝えします。...",True
77ptirrhcq,,milesixtones-2026,2026-11-21,16:30,日産スタジアム,electronic,female,4名義中4番手,k,5.0,,番手,2026-09-26 02:01:13,scrape_observed,2026-09-26 05:01:09,,,listing,2,30000,"FC先行 座席未定。有効期限内名義。4名義中4番手。前回スタンドor初当選のみ✨

プラベル通し可能な方のみ。(1.0/枚プラベル通し残り当日手渡しも可)

公...",True
cdr6jfpbtv,,milesixtones-2026,2026-11-21,16:30,日産スタジアム,electronic,female,同行,ゆ,5.0,,同行,2026-09-26 02:01:13,scrape_observed,2026-09-26 05:01:09,,,listing,1,60000,"2名義中1番手 初期当選 有効期限内 すり替えなし 下3桁提示可能

当日開場10分前に会場付近にて集合し同時入場していただきます
いかなる場合も返金不可です...",True
e69snugl3p,,milesixtones-2026,2026-11-21,16:30,日産スタジアム,electronic,female,手渡し,らん,5.0,,同行,2026-09-26 02:01:13,scrape_observed,2026-09-26 05:01:09,,,listing,1,60000,"同行募集/すり替えなし/有効期限内/下3桁提示可能/入場後のサイチェン可

当方(松村担)と同行

会場付近で待ち合わせの後、ご一緒に入場していただきます。
待...",True
9smnhd8otv,,milesixtones-2026,2026-11-21,16:30,日産スタジアム,electronic,female,当日手渡し,R,5.0,,番手,2026-09-26 02:01:13,scrape_observed,2026-09-26 05:01:09,,,listing,1,30000,"3名義中3番手
当日は会場45分前を目安に指定の場所へお越しくださいますようお願いいたします。
また、複数の方にお集まりいただくのでお時間に余裕をもってお越しく...",True
tfrqjtdpvt,,milesixtones-2026,2026-11-21,16:30,日産スタジアム,paper,female,当日手渡し,ぽん,5.0,,同行,2026-09-26 02:01:13,scrape_observed,2026-09-26 05:01:09,,,listing,1,95000,"初期当選/アリツア落選名義/すり替えなし/着ブロ希望なし/下3桁提示可能｜有効期限内/発送物戻りなし/松村担不可

プライベート出品に切り替えますので、お取引ご...",True
qklozkv0zx,,milesixtones-2026,2026-11-21,16:30,日産スタジアム,electronic,female,同行,R,5.0,,番手,2026-09-26 02:01:13,scrape_observed,2026-09-26 05:01:09,,,listing,1,35000,"3名義中3番手/初期当選/有効期限内/下3桁提示可/すり替えなし

3名義中3番手でのお譲りです。
一部チケテン残り手渡し可能

・同時入場後全てのチケットを回...",True
rs6m2y73r8,,milesixtones-2026,2026-11-21,16:30,日産スタジアム,electronic,female,QRごと,ま,5.0,,QR,2026-09-26 02:01:13,scrape_observed,2026-09-26 05:01:09,,,listing,2,45000,"初期当選 / すり替えなし / 下3桁提示可能

ログイン情報は公演前日こちらでの同意チェック後にQR表示ができる状態でお渡しいたします。
公演中止の場合のみ各...",True
69c3ky241q,,milesixtones-2026,2026-11-21,16:30,日産スタジアム,electronic,female,同行,m,4.9,,同行ランダム,2026-09-26 02:01:13,scrape_observed,2026-09-26 05:01:09,,,listing,2,32000,🌟すり替えなしランダム🌟すべて初期当選、有効期限内、着ブロなし、下3桁提示可能です。複数名義当選のため、開演時刻の2時間30分前までに会場付近に集合していた...,True
0gsqwcagx0,,milesixtones-2026,2026-11-21,16:30,日産スタジアム,electronic,female,同行,な,5.0,,番手同行,2026-09-26 02:01:13,scrape_observed,2026-09-26 05:01:09,,,listing,2,0,"3名義中2番手/当方と同行/すべて初期当選/有効期限内/下3桁提示可能/すり替えなし

3名義中2番手でのお譲りです。
開演1時間半前までに集合し、同時入場とな...",True
pnt91otv8h,,milesixtones-2026,2026-11-21,16:30,日産スタジアム,electronic,female,同行,K,5.0,,同行番手,2026-09-26 02:01:13,scrape_observed,2026-09-26 05:01:09,,,listing,1,76000,"2名義中1番手/当方と同行/着ブロ指定なし/下三桁提示可能/すり替えなし/有効期限内/初期当選/アリツア落選名義/サイチェン可/京本担不可

復活当選や制作開放...",True
dgk10dv1u9,,milesixtones-2026,2026-11-21,16:30,日産スタジアム,electronic,female,同行,333,4.9,,ランダム,2026-09-26 02:01:13,scrape_observed,2026-09-26 05:01:09,,,listing,2,20683,⭐️開示対策の為プライベート出品に切り替えますのでご希望の方は⚠️リクエストではなく個別メッセージお願いいたします⭐️ 連番ではなくバラでのお渡しになる可能性が...,True
9kcngag82f,,milesixtones-2026,2026-11-21,16:30,日産スタジアム,electronic,female,同行,あ,5.0,,番手,2026-09-26 02:01:13,scrape_observed,2026-09-26 05:01:09,,,listing,2,40000,"2名義中2番手/すり替えなし/全て有効期限内/初期当選/同一クレカ支払いなし/発送物戻り名義なし/下3桁提示可

当日は開場30分前頃に、会場付近の当方指定場所...",True
1vk9wm455a,,milesixtones-2026,2026-11-21,16:30,日産スタジアム,electronic,female,同行,m,4.9,,同行ランダム,2026-09-26 02:01:13,scrape_observed,2026-09-26 05:01:09,,,listing,1,29000,"複数名義当選のため、開演時刻の2時間30分前までに会場付近に集合していただき、同時入場後、一旦チケットを回収してこちらで先に座席選択させていただきます。
複数の...",True
r34vfyutct,,milesixtones-2026,2026-11-21,16:30,日産スタジアム,electronic,female,同行,ゆ,5.0,,番手,2026-09-26 02:01:13,scrape_observed,2026-09-26 05:01:09,,,listing,2,30000,"2名義中2番手 初期当選 有効期限内 すり替えなし 下3桁提示可能

当日開場10分前に会場付近にて集合し同時入場していただきます
いかなる場合も返金不可です...",True
l8o8zjbk1r,,milesixtones-2026,2026-11-21,16:30,日産スタジアム,electronic,female,公演日前日までにQRコード共有,y,5.0,,QR,2026-09-26 02:01:13,scrape_observed,2026-09-26 05:01:09,,,listing,2,50000,"プライベート出品にするため、メッセージください。
QR毎/有効期限内/座席未定/下3桁提示可能/発送物戻りなし/着ブロ希望なし

入場後は速やかにログアウトし、...",True
rkln67jnoc,,milesixtones-2026,2026-11-21,16:30,日産スタジアム,electronic,female,入金後24時間以内にQRコード共有,ま♡,5.0,,番手,2026-09-26 02:01:13,scrape_observed,2026-09-26 05:01:09,,,listing,2,0,"11/21 日産スタジアム
3名義中2番手 
初期当選/有効期限内/重複すり替え無し/下3桁提示可

公演中止以外如何なる理由でも返金対応不可
入場後チケットを...",True
suk8iwtq9d,,milesixtones-2026,2026-11-21,16:30,日産スタジアム,electronic,female,公演日1日前までにQRコード共有,y,5.0,,ランダム記載あり,2026-09-26 02:01:13,scrape_observed,2026-09-26 05:01:09,,,listing,2,35000,"初期当選、QR毎のお譲り、重複すり替えなし、会員番号下三桁提示可
QR毎のお譲りです。
公演1日前にログイン情報をお伝え致します。
入場後、発券出来次第、速やか...",True
73mcrq1z8i,,milesixtones-2026,2026-11-21,16:30,日産スタジアム,electronic,female,同行,あ,5.0,,同行,2026-09-26 02:01:13,scrape_observed,2026-09-26 05:01:09,,,listing,1,40000,"初期当選/有効期限内名義/重複すり替え無し同行/下3桁提示可

ご購入前に必ずご一読願います。
・開場30分前に会場付近で合流した後、同時入場していただきます。...",True
3zvnlzizaa,,milesixtones-2026,2026-11-21,16:30,日産スタジアム,electronic,female,同行,tan,5.0,,ランダム,2026-09-26 02:01:13,scrape_observed,2026-09-26 05:01:09,,,listing,1,25000,"⭐︎少人数ランダム⭐︎

※プラベルで専用出品致しますので、メッセージお願い致します。

公演当日、開場20分前を目安に会場付近で待ち合わせをし、同時入場をして...",True
yux2dtl5wt,,milesixtones-2026,2026-11-21,16:30,日産スタジアム,electronic,female,公演前日情報共有,R,5.0,,QR,2026-09-26 02:01:13,scrape_observed,2026-09-26 05:01:09,,,listing,2,49900,"QR毎/初期当選/アリツア落選名義/重複すり替えなし/着ブロ希望なし/下3桁提示可能/有効期限内/発送物戻りなし/過去エラーなし

プライベート出品可能です。...",True
3yxcvy7xyk,,milesixtones-2026,2026-11-21,16:30,日産スタジアム,electronic,female,同行,R,5.0,,同行番手,2026-09-26 02:01:13,scrape_observed,2026-09-26 05:01:09,,,listing,1,55000,"2名義中1番手　下3提示可　有効期限内名義
・公演当日は開場時間15~30分前に会場付近で待ち合わせをし、同時入場していただきます。
・待ち合わせ場所、詳しい時...",True
l8pd0kokxf,,milesixtones-2026,2026-11-21,16:30,日産スタジアム,electronic,female,同時入場,daisy,5.0,,番手,2026-09-26 02:01:13,scrape_observed,2026-09-26 05:01:09,,,listing,2,40000,"2名義中2番手(全て初期当選) すり替えなし 下３桁掲示可能
・当日開場15分前頃に集合し、同時入場していただきます。遅刻された場合先に入場させていただきます。...",True
7uiy058az4,,milesixtones-2026,2026-11-21,16:30,日産スタジアム,electronic,female,公演日前日にQRコード共有,りり,5.0,,QR,2026-09-26 02:01:13,scrape_observed,2026-09-26 05:01:09,,,listing,2,44000,"QR/重複なし/初期当選/下3桁提示可能/有効期限内名義/着ブロ指定なし

公演前日に同行者の同意チェックのみこちらで行った後ログイン情報をお伝えします。
代表...",True
098hyal32h,,milesixtones-2026,2026-11-21,16:30,日産スタジアム,electronic,female,公演前日にログイン情報お伝えします,38,5.0,,QR,2026-09-26 02:01:13,scrape_observed,2026-09-26 05:01:09,,,listing,1,50000,"初期当選 QR毎 重複なし 有効期限内 下三桁提示可 コンビニ決済 アリツ落選名義

公演前日にログイン情報お伝えいたします。入場後は速やかにログアウト、評価を...",True
6wq3orqb5x,,milesixtones-2026,2026-11-21,16:30,日産スタジアム,electronic,female,同時入場,mi,5.0,,番手,2026-09-26 02:01:13,scrape_observed,2026-09-26 05:01:09,,,listing,2,45000,"プラベルにて再度出品いたしますので、お取引希望の方はメッセージにてご連絡ください。

【条件あり】
2名義中2番手、すり替えなし、下3桁提示可能です

・入場後...",True
1ugcqqjmrx,,milesixtones-2026,2026-11-21,16:30,日産スタジアム,electronic,female,同時入場,R,5.0,,番手,2026-09-26 02:01:13,scrape_observed,2026-09-26 05:01:09,,,listing,2,45000,"2名義中2番手　下3提示可　有効期限内名義
・公演当日は開場時間15~30分前に会場付近で待ち合わせをし、同時入場していただきます。
・待ち合わせ場所、詳しい時...",True
2qyywtu3jx,,milesixtones-2026,2026-11-21,16:30,日産スタジアム,electronic,female,前日までにログイン情報お伝え,r,5.0,,QR,2026-09-26 02:01:13,scrape_observed,2026-09-26 05:01:09,,,listing,2,60000,"アリツア落選名義/QR毎/初期当選/重複すり替え無し/下3桁提示可能/着ブロ指定なし/有効期限内名義/過去エラーなし/発送物戻りなし

プラベル出品に切り替えて...",True
mlr7cloc2t,,milesixtones-2026,2026-11-21,16:30,日産スタジアム,paper,female,当日手渡し,R,5.0,,番手,2026-09-26 02:01:13,scrape_observed,2026-09-26 05:01:09,,,listing,1,40000,"3名義中2番手（京本担不可）
当日は会場45分前を目安に指定の場所へお越しくださいますようお願いいたします。
また、複数の方にお集まりいただくのでお時間に余裕を...",True
menm8q4xkc,,milesixtones-2026,2026-11-21,16:30,日産スタジアム,electronic,none,当日,あぴ,5.0,,番手,2026-09-26 02:01:13,scrape_observed,2026-09-26 05:01:09,,,listing,2,30000,"6名義中5番手

プラベル出品可/初期当選/全て2連当選/すり替えなし/下3桁提示可/有効期限内/ペイジーまたはコンビニ入金/着ブロ指定なし/本人確認不可

【...",True
ryiw4c76lq,,milesixtones-2026,2026-11-21,16:30,日産スタジアム,electronic,female,公演日1日前までにQRコード共有,みかん,5.0,,QR,2026-09-26 02:01:13,scrape_observed,2026-09-26 05:01:09,,,listing,2,48000,"
QR毎/初期当選/アリツア落選名義/2025ドームスタンド1階後列のみ当選(チケホルあり)/重複すり替えなし/着ブロ希望なし/下3桁提示可能/有効期限内/ラン...",True
h66pvh22xg,,milesixtones-2026,2026-11-21,16:30,日産スタジアム,electronic,female,同行,mt,5.0,,ランダム記載あり,2026-09-26 02:01:13,scrape_observed,2026-09-26 05:01:09,,,listing,1,55000,"プライベート出品orプラベル出品にしますので購入前に一言お願いいたします。

有効期限内/YO.アリツ落選名義.初当選/下三桁提示可能/有効期限内/初期当選/重...",True
i4vur3i9zw,,milesixtones-2026,2026-11-21,16:30,日産スタジアム,electronic,female,同時入場,rty,5.0,,番手,2026-09-26 02:01:13,scrape_observed,2026-09-26 05:01:09,,,listing,2,48000,"2名義中2番手/有効期限内/下3桁提示可能/着ブロ指定なし/初期当選

当日開場時間前にこちらが指定した場所、時間に集合して頂き同時に入場して頂きます。
同意チ...",True
f23164yyvv,,milesixtones-2026,2026-11-21,16:30,日産スタジアム,electronic,female,公演前日までにQR共有,ちょわ,5.0,,QR,2026-09-26 02:01:13,scrape_observed,2026-09-26 05:01:09,,,listing,2,45000,"QR毎/有効期限内/座席未定/下3桁提示可能/発送物戻りなし/着ブロ希望なし

入場後は速やかにログアウトし、受取連絡をお願い致します。入場できない事態が発生し...",True
546fqjrymx,,milesixtones-2026,2026-11-21,16:30,日産スタジアム,electronic,female,当日,s,5.0,,番手,2026-09-26 02:01:13,scrape_observed,2026-09-26 05:01:09,,,listing,2,30000,"FC先行/初期当選/有効期限内名義/郵便物戻りなし/2名義中2番手/すり替えなし/下3桁提示可/サイチェン可


公演当日、会場付近にて待ち合わせし同時入場して...",True
1uq0q5k7vg,,milesixtones-2026,2026-11-21,16:30,日産スタジアム,electronic,female,同行,あ,5.0,,番手,2026-09-26 02:01:13,scrape_observed,2026-09-26 05:01:09,,,listing,2,40000,"✨プラベ出品に直すため、ご購入される際はメッセージをお願いいたします。✨FC先行 座席未定 3名義中2番手すり替えなし下3桁可
初期当選有効期限内名義 発送物戻...",True
p8ngqfahk1,,milesixtones-2026,2026-11-21,16:30,日産スタジアム,electronic,female,3名義中3番手,mo,5.0,,番手,2026-09-26 02:01:13,scrape_observed,2026-09-26 05:01:09,,,listing,2,40000,"3名義中3番手/座席未定/すり替えなし/下3桁提示可能/有効期限内

以下の記載内容をご確認の上ご購入ください。

【入場前】
同行者登録はこちらで行います。...",True
xueaf3bm5z,,milesixtones-2026,2026-11-21,16:30,日産スタジアム,electronic,female,ランダム配布,ゆゆゆ,4.8,,ランダム,2026-09-26 02:01:13,scrape_observed,2026-09-26 05:01:09,,,listing,1,25000,"◎お取引初心者の方でも安心してお取引できるよう対応いたします。分からないことがあればお気軽にご質問ください。

下記内容をよくお読みいただき理解した上でご購入く...",True
xy5hyu2lbd,,milesixtones-2026,2026-11-21,16:30,日産スタジアム,electronic,female,番手,a,5.0,,番手,2026-09-26 02:01:13,scrape_observed,2026-09-26 05:01:09,,,listing,2,35000,"4名義中3番手2連でのお渡しです。
※購入希望の方はプラベルに変更いたしますので、メッセージお願いいたします。チケテンも可能ですが、手数料分上乗せさせていただき...",True
qkh2t4z2eq,,milesixtones-2026,2026-11-21,16:30,日産スタジアム,electronic,female,同行,U,5.0,,番手,2026-09-26 02:01:13,scrape_observed,2026-09-26 05:01:09,,,listing,2,33000,"2名義中2番手
アリツア落選名義/前回前々回当選時スタンド席含む/同行者会員/すり替えなし/下3桁提示可/有効期限内名義
入場時、QRコードの表示のため端末をお...",True
ehtv5a0pj2,,milesixtones-2026,2026-11-21,16:30,日産スタジアム,electronic,female,同行,あ,5.0,,ランダム記載あり,2026-09-26 02:01:13,scrape_observed,2026-09-26 05:01:09,,,listing,2,30000,"プラベルに切り替えますのでご連絡お願いいたします。

3名義中3番手 下3桁提示可 すり替えなし 初期当選 郵送物戻りなし 期限内 指定席のみ 

会場付近にて...",True
8kgain657a,,milesixtones-2026,2026-11-21,16:30,日産スタジアム,electronic,female,同時入場,とト,5.0,,番手,2026-09-26 02:01:13,scrape_observed,2026-09-26 05:01:09,,,listing,2,32000,"【2名義中2番手】

有効期限内/すり替えなし/下3桁提示可能/着ブロなし
(プライベート出品に変更可能)
(定価分支払い残り手渡し可能)

○入場後はチケット...",True
ga5i607l8p,,milesixtones-2026,2026-11-21,16:30,日産スタジアム,electronic,female,公演日前日にQRコード共有,ha,5.0,,QR,2026-09-26 02:01:13,scrape_observed,2026-09-26 05:01:09,,,listing,1,50000,"QR毎/初期当選/アリツア落選名義/重複すり替えなし/着ブロ希望なし/下3桁提示可能｜有効期限内/発送物戻りなし

公演前日にログインに必要な情報をお伝えします...",True
qekxthl3vg,,milesixtones-2026,2026-11-21,16:30,日産スタジアム,electronic,female,当日一緒に入場していただきます。,Yu,5.0,,同行,2026-09-26 02:01:13,scrape_observed,2026-09-26 05:01:09,,,listing,1,45000,"FC先行 座席未定/同行すり替えなし/着
ブロ希望名義無／有効期限内／下3桁提示可能

会場付近にて待ち合わせし、同時入場していただきます。
詳しい待ち合わせ場...",True
ilw4pt3ty0,,milesixtones-2026,2026-11-21,16:30,日産スタジアム,electronic,female,同行,333,4.9,,ランダム,2026-09-26 02:01:13,scrape_observed,2026-09-26 05:01:09,,,listing,1,20683,⭐️開示対策の為プライベート出品に切り替えますのでご希望の方は⚠️リクエストではなく個別メッセージお願いいたします⭐️中相場での買取、上乗せにて早渡しも可能です...,True
3fyxww5nei,,milesixtones-2026,2026-11-21,16:30,日産スタジアム,electronic,female,同行,🌺,4.8,,同行,2026-09-26 02:01:13,scrape_observed,2026-09-26 05:01:09,,,listing,1,55000,"FC先行/初期当選/有効期限内名義/重複・すり替えなし同行/郵送物戻りなし/着ブロ指定なし/下3桁提示可能/座席未定

開演30分前に開場付近にて集合します。...",True
v4hhshj2y2,,milesixtones-2026,2026-11-21,16:30,日産スタジアム,electronic,female,同行,poy,5.0,,ランダム,2026-09-26 02:01:13,scrape_observed,2026-09-26 05:01:09,,,listing,2,25000,当日は開場時間の15～30分前頃を目安にこちらが指定した場所に集合していただき同時入場後、先に当方が座席選択した後チケットをランダムにお渡しします。ご購入者様は...,True
4e1hk7dmqu,,milesixtones-2026,2026-11-21,16:30,日産スタジアム,electronic,female,同行,R,5.0,,番手,2026-09-26 02:01:13,scrape_observed,2026-09-26 05:01:09,,,listing,1,40000,"3名義中2番手/初期当選/有効期限内/下3桁提示可/すり替えなし/京本担不可

3名義中2番手でのお譲りです。
一部チケテン残り手渡し可

・同時入場後全てのチ...",True
g5maaanjl8,,milesixtones-2026,2026-11-22,16:30,日産スタジアム,electronic,female,同行,みれ,5.0,,同行,2026-09-26 02:01:13,scrape_observed,2026-09-26 05:01:09,,,listing,1,45000,"重複・すり替え無し／初期当選／当方25↑松村担♀との同行／下3桁提示可／有効期限内／会員×会員／両名義ともエラー、発送物戻り無し

・入場後すぐに座席を確認しチ...",True
815pmt7w7i,,milesixtones-2026,2026-11-22,16:30,日産スタジアム,paper,female,当日手渡し,R,5.0,,番手,2026-09-26 02:01:13,scrape_observed,2026-09-26 05:01:09,,,listing,2,35000,"7名義中5番手 ※番手理解ある方のみご購入くださいませ。
当日は会場45分前を目安に指定の場所へお越しくださいますようお願いいたします。
また、複数の方にお集ま...",True
b0u10tksye,,milesixtones-2026,2026-11-22,16:30,日産スタジアム,electronic,female,公演日前日にログイン情報,な,5.0,,QR,2026-09-26 02:01:13,scrape_observed,2026-09-26 05:01:09,,,listing,1,65000,"FC先行 座席未定QR毎／初期当選／重複・すり替えなし／下3桁提示可能／有効期限内／アリツア落選名義
公演日に連絡ボードにて必要な情報をお伝えします。
お席に関...",True
vkap67c80u,,milesixtones-2026,2026-11-22,16:30,日産スタジアム,electronic,female,同行,⭐︎,5.0,,番手,2026-09-26 02:01:13,scrape_observed,2026-09-26 05:01:09,,,listing,2,40000,"🌟開示請求防止のためご購入いただける方がいらっしゃいましたらプライベート出品に切り替えさせていただきます。
お気軽にコメントください。

2番手中2番手のチケ...",True
k9dheohl12,,milesixtones-2026,2026-11-22,16:30,日産スタジアム,electronic,male,公演日前日にQRコード共有,りい,5.0,,ランダム記載あり,2026-09-26 02:01:13,scrape_observed,2026-09-26 05:01:09,,,listing,2,90000,"ファンクラブ先行 座席未定 初期当選 
アリツア落選名義  QRごと 有効期限内 
コンビニ決済 重複すり替えなし 
着ブロ指定なし 3桁提示可

・QRごと2...",True
5x1i4cedsw,,milesixtones-2026,2026-11-22,16:30,日産スタジアム,electronic,female,公演前日にお知らせ,Ｊ,5.0,,QR,2026-09-26 02:01:13,scrape_observed,2026-09-26 05:01:09,,,listing,2,50000,"プライベート出品へ切り替えますのでご連絡お願いします。

FC先行、着ブロ指定なし
同行なし、すり替えなし、有効期限内、
郵送戻りなし、条件特になし
同行者登録...",True
oao6k0294q,,milesixtones-2026,2026-11-22,16:30,日産スタジアム,electronic,female,同行,あ,5.0,,番手,2026-09-26 02:01:13,scrape_observed,2026-09-26 05:01:09,,,listing,2,50000,"6名義中4番手/すり替えなし/全て有効期限内/初期当選/同一クレカ支払いなし/発送物戻り名義なし/下3桁提示可

当日は開場30分前頃に、会場付近の当方指定場所...",True
8yn60k9o3h,,milesixtones-2026,2026-11-22,16:30,日産スタジアム,electronic,female,同時入場,R,5.0,,番手,2026-09-26 02:01:13,scrape_observed,2026-09-26 05:01:09,,,listing,2,50000,"3名義中2番手　下3提示可　有効期限内名義
・公演当日は開場時間15~30分前に会場付近で待ち合わせをし、同時入場していただきます。
・待ち合わせ場所、詳しい時...",True
27aqrr0uqj,,milesixtones-2026,2026-11-22,16:30,日産スタジアム,electronic,female,同時入場,れ,5.0,,番手,2026-09-26 02:01:13,scrape_observed,2026-09-26 05:01:09,,,listing,2,45000,"2名義中2番手/下三桁提示可能/着ブロ希望無し/有効期限内/初期当選/すり替えなし/本人確認不可/サイチェン可/アリツア落選名義

・2名義中2番手のです。チケ...",True
oy70l7667q,,milesixtones-2026,2026-11-22,16:30,日産スタジアム,electronic,none,同行,S,5.0,,番手,2026-09-26 02:01:13,scrape_observed,2026-09-26 05:01:09,,,listing,1,60000,"5名義中2番手/初期当選/下3桁提示可/有効期限内／すり替えなし
※特別出品、プライベート出品に変更しますので、ご希望の際はリクエストメッセージをお送りください...",True
0j7gks81jw,,milesixtones-2026,2026-11-22,16:30,日産スタジアム,electronic,female,前日にログイン情報提示,Y,5.0,,QR,2026-09-26 02:01:13,scrape_observed,2026-09-26 05:01:09,,,listing,2,55000,"QR毎/初期当選/アリツア落選名義/重複すり替えなし/着ブロ希望なし/下3桁提示可能/有効期限内/発送物戻りなし

お取引の意思が確認できましたら、プライベート...",True
cuaiyno80w,,milesixtones-2026,2026-11-22,16:30,日産スタジアム,electronic,female,同行,333,4.9,,ランダム,2026-09-26 02:01:13,scrape_observed,2026-09-26 05:01:09,,,listing,2,20683,⭐️開示対策の為プライベート出品に切り替えますのでご希望の方は⚠️リクエストではなく個別メッセージお願いいたします⭐️ 連番ではなくバラでのお渡しになる可能性が...,True
jg1nvvhq0s,,milesixtones-2026,2026-11-22,16:30,日産スタジアム,electronic,female,当日手渡し,ぴ,5.0,,番手,2026-09-26 02:01:13,scrape_observed,2026-09-26 05:01:09,,,listing,2,30000,FC先行 3名義中3番手/座席未定/初期当選/すべて有効期限内/すり替えなし/下3桁提示可/同時入場後チケットを一旦回収し、座席選択後3番手のチケットをお渡しい...,True
oi7tiipcw0,,milesixtones-2026,2026-11-22,16:30,日産スタジアム,electronic,female,公演前日にQR共有,3️⃣,5.0,,QR,2026-09-26 02:01:13,scrape_observed,2026-09-26 05:01:09,,,listing,2,0,"下3桁提示可/有効期限内/過去エラーなし

座席に関するクレームは一切受け付けません
本人確認含むランダムエラー等で入場出来なかった場合でも返金致しかねますので...",True
oi39qzpcur,,milesixtones-2026,2026-11-22,16:30,日産スタジアム,electronic,female,5名義中2番手,K,5.0,,番手,2026-09-26 02:01:13,scrape_observed,2026-09-26 05:01:09,,,listing,2,70000,"初期当選 5名義中2番手 すり替え無し 下3桁提示可 有効期限内

・公演当日会場付近にて待ち合わせし、同時入場いたします。詳しい場所・時間等は公演が近くなりま...",True
0eljbgrgbi,,milesixtones-2026,2026-11-22,16:30,日産スタジアム,electronic,female,同行,ほったん,5.0,,番手,2026-09-26 02:01:13,scrape_observed,2026-09-26 05:01:09,,,listing,2,45000,"FC先行 座席未定 下3桁提示可能 すり替えなし 
有効期限内 初期当選 

2名義中2番手のお譲りになります。

同時入場して頂き、当方が選ばなかった席をお渡...",True
qvxxpn8xqu,,milesixtones-2026,2026-11-22,16:30,日産スタジアム,electronic,female,同行,S,5.0,,番手,2026-09-26 02:01:13,scrape_observed,2026-09-26 05:01:09,,,listing,1,31000,"3名義中3番手、初期当選、すり替えなし、下3桁提示可、有効期限内

13:40頃に会場付近で待ち合わせをし、同時入場後こちらで座席選択後チケットをお渡しいたしま...",True
h906hd31wq,,milesixtones-2026,2026-11-22,16:30,日産スタジアム,electronic,female,同時入場,ねぎま,5.0,,QR番手,2026-09-26 02:01:13,scrape_observed,2026-09-26 05:01:09,,,listing,2,0,"座席未定、3名義中 3番手
◎ 発券後、座席次第ではすぐにお渡しできる場合があります。
◎開場時間30前集合予定 詳細は連絡ボードにてお願い致しますm(_ _)...",True
d8epoa8t28,,milesixtones-2026,2026-11-22,16:30,日産スタジアム,electronic,female,同行,mt,5.0,,番手,2026-09-26 02:01:13,scrape_observed,2026-09-26 05:01:09,,,listing,2,0,"プライベート出品orプラベル出品にしますので購入前に一言お願いいたします。
3.0/枚〜ご提示ください

有効期限内/アリツ落選名義のみ/下三桁提示可能/有効期...",True
ewo6nwxar2,,milesixtones-2026,2026-11-22,16:30,日産スタジアム,electronic,female,同行 ,3️⃣,5.0,,QR同行,2026-09-26 02:01:13,scrape_observed,2026-09-26 05:01:09,,,listing,1,0,"
有効期限内/アリツア落選名義/過去エラーなし

当方との同行
当日集合時にチケット受取確認していただきます
連番内での座席選択はこちらで致します
購入者様によ...",True
dxrd3clbwb,,milesixtones-2026,2026-11-22,16:30,日産スタジアム,electronic,female,公演日前日,C,5.0,,QR,2026-09-26 02:01:13,scrape_observed,2026-09-26 05:01:09,,,listing,1,0,"QR毎/初期当選/女性名義/アリツア落選名義/重複すり替えなし/着ブロ希望なし/下3桁提示可能/有効期限内

公演前日にログインに必要な情報をお伝えします。
入...",True
hvecwy5kpi,,milesixtones-2026,2026-11-22,16:30,日産スタジアム,electronic,female,同行（30万台名義）,K,5.0,,同行,2026-09-26 02:01:13,scrape_observed,2026-09-26 05:01:09,,,listing,1,52000,"重複なし同行 / 初期当選 / 有効期限内 /下2桁提示可 / 当方ジェシー担との同行（拒否なし） / プライベート出品可 

・当日指定した時間に会場付近で待...",True
325bdbayfx,,milesixtones-2026,2026-11-22,16:30,日産スタジアム,electronic,female,ランダム配布,🩵💫,5.0,,ランダム記載あり,2026-09-26 02:01:13,scrape_observed,2026-09-26 05:01:09,,,listing,2,28000,"・同時入場していただき一度チケットを回収し、開演時間までにランダムでチケットをお渡しします。座席選択はできません。

・複数人で入場するため、QRコードの表示に...",True
s4crfry4e0,,milesixtones-2026,2026-11-22,16:30,日産スタジアム,electronic,female,前日に共有,さーら,5.0,,QR,2026-09-26 02:01:13,scrape_observed,2026-09-26 05:01:09,,,listing,2,55000,"QR毎/初期当選/初当選/アリツア落選名義/重複すり替えなし/着ブロ希望なし/下3桁提示可能｜有効期限内/発送物戻りなし

公演前日夜にログインに必要な情報をお...",True
yfnuniour4,,milesixtones-2026,2026-11-22,16:30,日産スタジアム,electronic,female,同行,Hana,5.0,,同行記載あり,2026-09-26 02:01:13,scrape_observed,2026-09-26 05:01:09,,,listing,1,55000,"2名義中1番手同行/有効期限内/下3桁提示可能/着ブロ指定なし/初期当選/京本担不可

当日開場時間前にこちらが指定した場所、時間に集合して頂き同時に入場して頂...",True
zop6j6xpj2,,milesixtones-2026,2026-11-22,16:30,日産スタジアム,electronic,female,公演日2日前までにQRコード共有,♡,5.0,,QR,2026-09-26 02:01:13,scrape_observed,2026-09-26 05:01:09,,,listing,1,69000,"単番当選QRごとのお譲り。
着ブロ申し込みなし、今までエラーなし郵便戻りなし
前回当選東京ドームアリーナ席

すり替えなし入金後下3桁提示可能。
ランダムエラー...",True
quvmq2fch1,,milesixtones-2026,2026-11-22,16:30,日産スタジアム,electronic,female,同行,A,5.0,,番手,2026-09-26 02:01:13,scrape_observed,2026-09-26 05:01:09,,,listing,2,30000,"FC先行 有効期限内　下3桁提示可 コンビニ払い  5名義中5番手　すり替えなし

・座席選択権はございません。
・入場後1度チケットを回収し解散、座席の確認が...",True
lne283az3k,,milesixtones-2026,2026-11-22,16:30,日産スタジアム,electronic,female,同行,な,5.0,,番手,2026-09-26 02:01:13,scrape_observed,2026-09-26 05:01:09,,,listing,2,40000,"3名義中2番手/初期当選/すり替えなし/有効期限内/下3桁提示可/着ブロ希望なし
3名義とも前回ドームスタンド(YOUNG OLD)
　
⭐️プライベート出品し...",True
dlyln162vl,,milesixtones-2026,2026-11-22,16:30,日産スタジアム,electronic,female,公演日前日までにログイン情報共有,R,5.0,,QR,2026-09-26 02:01:13,scrape_observed,2026-09-26 05:01:09,,,listing,2,59000,"QR毎/初期当選/アリツア落選名義/重複すり替えなし/着ブロ希望なし/下3桁提示可能/有効期限内/発送物戻りなし/過去エラーなし

2026年アリツア落選→制作...",True
71cdwotzn0,,milesixtones-2026,2026-11-22,16:30,日産スタジアム,electronic,none,番手,り,5.0,,番手,2026-09-26 02:01:13,scrape_observed,2026-09-26 05:01:09,,,listing,2,50000,"2名義中2番手 🌟全て初当選名義(当選歴なし)

初期当選/FC先行/すり替えなし/着ブロ無/有効期限内/同一クレカなし/下3桁提示可/サイチェン不可/アリツ...",True
brwrbceycj,,milesixtones-2026,2026-11-22,16:30,日産スタジアム,electronic,female,同行,a,5.0,,同行,2026-09-26 02:01:13,scrape_observed,2026-09-26 05:01:09,,,listing,1,50000,"有効期限内/アリツ落選名義/下三桁提示可/初期当選/重複すり替えなし/着ブロ希望なし

当方ジェシー担となりますので担当のご配慮いただけますと幸いです。

当日...",True
p34jzohyf8,,milesixtones-2026,2026-11-22,16:30,日産スタジアム,electronic,female,同行,a,5.0,,番手,2026-09-26 02:01:13,scrape_observed,2026-09-26 05:01:09,,,listing,1,57000,"⭐️2名義中1番手同行(前回•前々回スタンド名義×2)⭐️
どちらも初期当選、下3桁提示可、有効期限内、すり替えなし、着ブロなし、郵送物戻りなし。

・一部チケ...",True
fr8t6dygyq,,milesixtones-2026,2026-11-22,16:30,日産スタジアム,electronic,female,3名義中2番手,R,5.0,,同行記載あり,2026-09-26 02:01:13,scrape_observed,2026-09-26 05:01:09,,,listing,2,61000,"3名義中2番手
下三桁提示可能/すり替えなし/有効期限内/全てアリツ落選名義/前回スタンド名義含む

・公演当日は開場時間20~30分前に会場付近で待ち合わせを...",True
hvy82s5cra,,milesixtones-2026,2026-11-22,16:30,日産スタジアム,electronic,female,同時入場,mi,5.0,,番手,2026-09-26 02:01:13,scrape_observed,2026-09-26 05:01:09,,,listing,2,40000,"プラベルにて再度出品いたしますので、お取引希望の方はメッセージにてご連絡ください。

【条件あり】
5名義中4番手、1〜3番手除く残りの2名義より座席を選択でき...",True
h3k09t8oke,,milesixtones-2026,2026-11-22,16:30,日産スタジアム,electronic,female,同行,Mike,5.0,,同行,2026-09-26 02:01:13,scrape_observed,2026-09-26 05:01:09,,,listing,1,50000,"同行での取引です。 個人でのサイチェン可
お取引決まりましたらプラベ出品させて頂きます。

公演当日は開場30分前頃に会場付近に集合し、同時入場して頂きます。（...",True
w0yy8wynbq,,milesixtones-2026,2026-11-22,16:30,日産スタジアム,electronic,female,同行,ぽよ,5.0,,ランダム,2026-09-26 02:01:13,scrape_observed,2026-09-26 05:01:09,,,listing,1,30000,"【条件あり】
チケットを複数所持しております。同時入場後にチケットを一旦回収し、開演10分前を目処に再集合の上チケットをお渡しさせていただきます。座席についての...",True
c40n40jkhc,,milesixtones-2026,2026-11-22,16:30,日産スタジアム,electronic,female,同行,S,5.0,,番手,2026-09-26 02:01:13,scrape_observed,2026-09-26 05:01:09,,,listing,2,40000,"FC先行/初期当選/3名義中3番手/下3桁提示可/有効期限内/すり替えなし


トラブル防止のためご購入は20歳以上の日本人女性でお願いいたします。公演当日、開...",True
ifxam9jjby,,milesixtones-2026,2026-11-22,16:30,日産スタジアム,electronic,female,当日手渡し,💚,5.0,,ランダム,2026-09-26 02:01:13,scrape_observed,2026-09-26 05:01:09,,,listing,2,26000,"☆少人数ランダム配布
全て有効期限内/過去エラーなし
・2枚での購入の場合は2連でのお渡し可能です。
・プライベート出品に切り替えますので、購入希望の方はコメン...",True
io6f6c3ipo,,milesixtones-2026,2026-11-22,16:30,日産スタジアム,electronic,female,5名義中5番手,JM,5.0,,ランダム記載あり,2026-09-26 02:01:13,scrape_observed,2026-09-26 05:01:09,,,listing,2,25000,"5名義中5番手/初期当選/すり替えなし/下3桁提示可能/有効期限内
・同時入場し発券後、一旦チケットを回収いたします。今回5番手ですので最後に残ったチケットにな...",True
90j8is6swa,,milesixtones-2026,2026-11-22,16:30,日産スタジアム,electronic,female,同時入場,ちー,5.0,,番手,2026-09-26 02:01:13,scrape_observed,2026-09-26 05:01:09,,,listing,2,35000,"即4.0/FC先行/7名義中5番手/すり替えなし/下3桁提示可/初期当選のみ/有効期限内

・当日は会場付近の指定した場所に時間厳守で集合していただきます。開場...",True
ub7pczerpj,,milesixtones-2026,2026-11-22,16:30,日産スタジアム,electronic,female,公演日前日(18:00以降)にログイン情報をお貸しします。,MJGA,5.0,,QR,2026-09-26 02:01:13,scrape_observed,2026-09-26 05:01:09,,,listing,2,0,"FC初期当選/有効期限内/下3桁提示可/すり替えなし/初当選(当選履歴なし)/着席ブロック希望なし

・公演日前日(18:00以降)になりましたら、ログイン情報...",True
sj8brgp9v4,,milesixtones-2026,2026-11-22,16:30,日産スタジアム,electronic,female,同行,しもし,5.0,,番手同行,2026-09-26 02:01:13,scrape_observed,2026-09-26 05:01:09,,,listing,2,35000,"FC先行 座席未定2名義中2番手すり替えなし/有効期限内／下3桁提示可能
※ゲートによってはQR毎のお譲りの可能性があります。

会場付近にて待ち合わせし、同時...",True
n2d6z2kb52,,milesixtones-2026,2026-11-22,16:30,日産スタジアム,electronic,female,同行,るる,5.0,,同行番手,2026-09-26 02:01:13,scrape_observed,2026-09-26 05:01:09,,,listing,1,40000,"FC先行/2名義中2番手/入場後早めのお渡し可/すり替えなし/下3桁提示可/初期当選のみ/アリツ落選名義

・当日は会場付近の指定した場所に時間厳守で集合してい...",True
s818adofj6,,milesixtones-2026,2026-11-22,16:30,日産スタジアム,electronic,female,同行,m,4.9,,同行ランダム,2026-09-26 02:01:13,scrape_observed,2026-09-26 05:01:09,,,listing,2,32000,🌟すり替えなしランダム🌟すべて初期当選、有効期限内、着ブロなし、下3桁提示可能です。複数名義当選のため、開演時刻の2時間30分前までに会場付近に集合していた...,True
jqcrc53xjg,,milesixtones-2026,2026-11-22,16:30,日産スタジアム,electronic,female,5名義中3番手,k,5.0,,番手,2026-09-26 02:01:13,scrape_observed,2026-09-26 05:01:09,,,listing,2,40000,"プライベート出品もしくはプラベルに切り替えますので、事前にご連絡お願いいたします。

5名義中3番手
初期当選/有効期限内/すり替えなし
入金確認出来次第の下3...",True
ycp0a1be0y,,milesixtones-2026,2026-11-22,16:30,日産スタジアム,electronic,female,同時入場,rty,5.0,,番手,2026-09-26 02:01:13,scrape_observed,2026-09-26 05:01:09,,,listing,2,41000,"5名義中3番手/有効期限内/下3桁提示可能/着ブロ指定なし/初期当選

当日開場時間前にこちらが指定した場所、時間に集合して頂き同時に入場して頂きます。また入場...",True
ttem9omhlv,,milesixtones-2026,2026-11-22,16:30,日産スタジアム,electronic,female,2名義中2番手,mo,5.0,,番手,2026-09-26 02:01:13,scrape_observed,2026-09-26 05:01:09,,,listing,2,47000,"2名義中2番手/座席未定/すり替えなし/下3桁提示可能/有効期限内

以下の記載内容をご確認の上ご購入ください。

【入場前】
同行者登録はこちらで行います。...",True
07in70lcsp,,milesixtones-2026,2026-11-22,16:30,日産スタジアム,electronic,female,同行,☆,5.0,,番手同行,2026-09-26 02:01:13,scrape_observed,2026-09-26 05:01:09,,,listing,2,45000,"4名義中2番手/初期当選/有効期限内/すり替え無し/下3桁提示〇

・当日は会場付近の当方の指定した場所に集合していただき、同時入場をお願い致します。
・入場の...",True
evfe4pauzv,,milesixtones-2026,2026-11-22,16:30,日産スタジアム,electronic,female,同行,f,5.0,,番手,2026-09-26 02:01:13,scrape_observed,2026-09-26 05:01:09,,,listing,2,35000,"座席未定 3名義中2番手 初期当選 下3桁提示可能
購入意思をメッセージ頂ければ、迅速に対応可能な方優先でプライベート出品させて頂きます。

・当日、開場時間の...",True
gr22hpqba1,,milesixtones-2026,2026-11-22,16:30,日産スタジアム,electronic,female,当日手渡し,na,5.0,,番手,2026-09-26 02:01:13,scrape_observed,2026-09-26 03:01:11,,,listing,2,40000,"2名義中2番手/初期当選/着ブロ希望なし/有効期限内名義/下3桁提示可能
【必ずお読みください】
・﻿﻿開場15分前を目処に会場付近に集合し同時入場していただきます。詳しい集合時間、場所は当日の朝までにメッセージにてご連絡致します。
・遅刻は厳禁でお願い致します。当日遅刻や体調不良、ランダムエラー等で入場出来なかった場合も待たずに入場しますが、受け取り連絡はして頂きます。
・入場後はチケットを1度回収し解散、再集合して頂いた際に2番手のチケットをお渡し致します。チケットをお渡ししたタイミングで受取評価をして頂きますので、必ずその時点でご対応頂くようお願い致します。また、再集合のご案内を致しますのでメッセージをご確認下さい。電波状況によっては事前にお伺いした電話番号にお電話をする可能性もございます。
・﻿座席選択にお時間のかかる場合がございますので、ご了承下さい。
・お座席やチケット配布時間へのクレーム、代理購入はトラブル防止の為御遠慮下さい。
・公演中止以外は一切返金対応致しません。一部出演者の不在、体調不良、仕事の都合、公共交通機関の遅延等いかなる場合もキャンセルや返金対応致しません。
以上をご了承頂いた、日本語の通じる成人済み女性のみご購入をお願い致します。",True
oebpqjotko,,milesixtones-2026,2026-11-22,16:30,日産スタジアム,electronic,female,同行,あ,5.0,,同行,2026-09-26 02:01:13,scrape_observed,2026-09-26 05:01:09,,,listing,1,50000,"初期当選/有効期限内名義/重複すり替え無し同行/下3桁提示可

ご購入前に必ずご一読願います。
・開場30分前に会場付近で合流した後、同時入場していただきます。...",True
vpm8pj5okk,,milesixtones-2026,2026-11-22,16:30,日産スタジアム,electronic,none,当日,あぴ,5.0,,番手,2026-09-26 02:01:13,scrape_observed,2026-09-26 05:01:09,,,listing,2,30000,"9名義中7番手

プラベル出品可/初期当選/全て2連当選/すり替えなし/下3桁提示可/有効期限内/ペイジーまたはコンビニ入金/着ブロ指定なし/本人確認不可

【...",True
o2hns0ugab,,milesixtones-2026,2026-11-22,16:30,日産スタジアム,electronic,female,同行,あ,5.0,,番手,2026-09-26 02:01:13,scrape_observed,2026-09-26 05:01:09,,,listing,2,30000,"6名義中5番手/すり替えなし/全て有効期限内/初期当選/同一クレカ支払いなし/発送物戻り名義なし/下3桁提示可

当日は開場30分前頃に、会場付近の当方指定場所...",True
bgkt4cjobl,,milesixtones-2026,2026-11-22,16:30,日産スタジアム,electronic,female,同行,♡,5.0,,番手,2026-09-26 02:01:13,scrape_observed,2026-09-26 05:01:09,,,listing,2,40000,"2名義中2番
※プラベルで専用出品致しますので、メッセージお願いいたします。
FC先行／初期当選／座席未定／すり替えなし／下3桁掲示可／着ブロ希望なし／郵送物戻...",True
1unh9nl5jm,,milesixtones-2026,2026-11-22,16:30,日産スタジアム,electronic,female,同行,♡,5.0,,番手同行,2026-09-26 02:01:13,scrape_observed,2026-09-26 05:01:09,,,listing,2,0,"3名義中2.3番手でのお譲りです。
希望金額と、番手お伝えください。
専用出品での取引を予定しております。",True
75s9pb906b,,milesixtones-2026,2026-11-22,16:30,日産スタジアム,electronic,female,同行,かい,5.0,,同行番手,2026-09-26 02:01:13,scrape_observed,2026-09-26 05:01:09,,,listing,1,60000,"2名義中1番手　同行
田中担不可／下3桁提示可／有効期限内／初期当選／すり替えなし

【お取引について】
・2名義中1番手、当方との同行となります。
・チケット...",True
gjzynhi6u9,,milesixtones-2026,2026-11-22,16:30,日産スタジアム,electronic,female,3名義中2番手/すり替えなし,☆ミ,5.0,,番手,2026-09-26 02:01:13,scrape_observed,2026-09-26 05:01:09,,,listing,2,40000,"⭐️ プライベートモードにて再度出品いたしますので、お取引希望の方はメッセージにてご連絡ください。

当日開場前に集合し、同時入場して頂きます。同時入場後にチケ...",True
7v2hd4pai8,,milesixtones-2026,2026-11-22,16:30,日産スタジアム,electronic,female,公演前日情報お知らせ,Ｊ,5.0,,QR,2026-09-26 02:01:13,scrape_observed,2026-09-26 05:01:09,,,listing,2,53000,"FC先行
同行なし、すり替えなし、有効期限内、条件特になし
同行者登録は可能になり次第速やかに終わらせます。
ご希望の方へは下三桁お知らせ可能です。

プライベ...",True
y1ts1o25mi,,milesixtones-2026,2026-11-22,16:30,日産スタジアム,electronic,female,同行,ぴ,5.0,,同行,2026-09-26 02:01:13,scrape_observed,2026-09-26 05:01:09,,,listing,1,25000,"※当日3.0手渡しお願い致します

FC初期当選/有効期限内/重複すり替えなし/会員番号下3桁提示可

プライベート出品に変更するため、購入希望の方は担当様明記...",True
328jd5427a,,milesixtones-2026,2026-11-22,16:30,日産スタジアム,electronic,female,当日会場でお待ち合わせにて,K,5.0,,QR,2026-09-26 02:01:13,scrape_observed,2026-09-26 05:01:09,,,listing,2,53000,"QR毎/下3桁提示可/復活当選、制作開放ではない初期当選/重複すり替えなし/有効期限内/着ブロ希望なし/発送物戻りなし

・ご購入後、即日に下3桁をご連絡致しま...",True
40ux9y9klh,,milesixtones-2026,2026-11-22,16:30,日産スタジアム,electronic,female,当日手渡し,m,5.0,,番手,2026-09-26 02:01:13,scrape_observed,2026-09-26 05:01:09,,,listing,2,30000,"4名義中4番手/すり替えなし/初期当選/下3桁提示可

【条件あり】
・チケットを複数所持しております。入場時は10名程度でまとまって入場する予定です。

・入...",True
c9ycfho52b,,milesixtones-2026,2026-11-22,16:30,日産スタジアム,electronic,female,同行,な,5.0,,同行,2026-09-26 02:01:13,scrape_observed,2026-09-26 05:01:09,,,listing,1,50000,"FC先行/初期当選/有効期限内/すり替えなし/下3桁提示可/サイチェン可
アリツア未使用名義

当日開場の10分前を目安に集合し同時入場していただきます。集合場...",True
zhqa067bqg,,milesixtones-2026,2026-11-22,16:30,日産スタジアム,electronic,none,同行,O,5.0,,番手,2026-09-26 02:01:13,scrape_observed,2026-09-26 05:01:09,,,listing,2,35000,"
2名義中2番手
下三桁提示可能/すり替えなし/有効期限内/着席希望なし/

・公演当日は開場時間20~30分前に会場付近で待ち合わせをし、同時入場していただき...",True
xu04b32i4x,,milesixtones-2026,2026-11-22,16:30,日産スタジアム,electronic,female,重複すり替えなし同行,a,5.0,,同行,2026-09-26 02:01:13,scrape_observed,2026-09-26 05:01:09,,,listing,1,43000,"初期当選/代表同行FC/下3桁提示可/松村担不可/最終当選スタンド/公演中止に限り返金/プラベ出品可

・重複すり替えなし、着ブロ希望なし、同行者FC枠
・連番...",True
x8y811apgf,,milesixtones-2026,2026-11-22,16:30,日産スタジアム,electronic,female,同時入場,あお,5.0,,同行番手,2026-09-26 02:01:13,scrape_observed,2026-09-26 05:01:09,,,listing,2,22000,"ランダム配布
有効期限内名義/コンビニ入金/着ブロ指定なし

【集合時間】
開場の30分前 会場近くの指定場所

【返金】
公演中止の場合返金

入場後はチケッ...",True
zxv2tggwbo,,milesixtones-2026,2026-11-22,16:30,日産スタジアム,electronic,female,同行,F,5.0,,ランダム,2026-09-26 02:01:13,scrape_observed,2026-09-26 05:01:09,,,listing,2,23000,"【ランダム配布】全て初期当選、有効期限内
必ず全て確認してからご購入ください。

・ランダム配布　座席選択権なし
チケットは発券後に一旦回収いたします。
お渡し...",True
ncrdfsgbuc,,milesixtones-2026,2026-11-22,16:30,日産スタジアム,electronic,female,公演日前日までにQRコード共有,えい,4.2,,ランダム記載あり,2026-09-26 02:01:13,scrape_observed,2026-09-26 05:01:09,,,listing,1,42000,"アリツア落選名義/FC先行/座席未定/QR/有効期限内/重複すり替え無し/変更ボタン有/下3桁提示可/着ブロ希望無し

前日に必要な情報を連絡ボードにてご連絡し...",True
bxldeauafh,,milesixtones-2026,2026-11-22,16:30,日産スタジアム,electronic,female,同行,r,5.0,,同行,2026-09-26 02:01:13,scrape_observed,2026-09-26 05:01:09,,,listing,1,60000,"当方と同行/初期当選/重複/すり替えなし/下3桁提示可/有効期限内/着ブロ希望なし/アリツ落選名義

・2連中の1枚当方（田中担同担不可）との同行になります。...",True
hrvbc7qj36,,milesixtones-2026,2026-11-22,16:30,日産スタジアム,electronic,female,当日手渡し,R,5.0,,同行番手,2026-09-26 02:01:13,scrape_observed,2026-09-26 05:01:09,,,listing,2,35000,"初期当選/2名義中2番手/有効期限内/すり替えなし/下3桁提示可能/本人確認対応不可

ブラベルにて専用出品させていただきますので、購入前にコメントください。...",True
x2i8xjtn52,,milesixtones-2026,2026-11-22,16:30,日産スタジアム,paper,female,当日手渡し,R,5.0,,番手,2026-09-26 02:01:13,scrape_observed,2026-09-26 05:01:09,,,listing,2,40000,"7名義中4番手 番手理解ある方のみご購入くださいませ。
当日は会場45分前を目安に指定の場所へお越しくださいますようお願いいたします。
また、複数の方にお集まり...",True
pya713ddfv,,milesixtones-2026,2026-11-22,16:30,日産スタジアム,electronic,female,当日同時入場,ね,5.0,,番手,2026-09-26 02:01:13,scrape_observed,2026-09-26 05:01:09,,,listing,2,30000,"4名義中4番手
初期当選/有効期限内/すり替えなし/着ブロ指定なし/下3桁提示可/本人確認不可

・開場時間に会場付近での待ち合わせを予定しています。時間厳守に...",True
cgdhfjt1tp,,milesixtones-2026,2026-11-22,16:30,日産スタジアム,electronic,female,同行,t,5.0,,番手,2026-09-26 02:01:13,scrape_observed,2026-09-26 05:01:09,,,listing,2,40000,"2名義中2番手
FC初期当選　すり替えなし　下3桁提示可能　戻りエラー履歴なし　プラベル切替可

同時入場後チケットを一度回収し、2連でお渡しします。
お渡し後...",True
xcfbin31iw,,milesixtones-2026,2026-11-22,16:30,日産スタジアム,electronic,female,同行,m,5.0,,番手同行,2026-09-26 02:01:13,scrape_observed,2026-09-26 05:01:09,,,listing,1,35000,"2名義中2番手 友人と同行/すり替えなし/初期当選/下3桁提示可

【条件あり】
・チケットを複数所持しております。入場時は10名程度でまとまって入場する予定で...",True
azbas39ntb,,milesixtones-2026,2026-11-22,16:30,日産スタジアム,electronic,female,5名義中4番手,k,5.0,,番手,2026-09-26 02:01:13,scrape_observed,2026-09-26 05:01:09,,,listing,2,35000,"プライベート出品もしくはプラベルに切り替えますので、事前にご連絡お願いいたします。

5名義中4番手
初期当選/有効期限内/すり替えなし
入金確認出来次第の下3...",True
5fkswpj7nd,,milesixtones-2026,2026-11-22,16:30,日産スタジアム,electronic,female,同行,Ko,5.0,,番手,2026-09-26 02:01:13,scrape_observed,2026-09-26 05:01:09,,,listing,2,29000,"初期当選/4名義中4番手/有効期限内/下3桁提示可能、すり替えなし/着ブロ希望なし/本人確認不可

4名義中の4番手のチケットです。
公演当日は会場付近にて開場...",True
jwwnz0lxrp,,milesixtones-2026,2026-11-22,16:30,日産スタジアム,electronic,female,公演前日にログイン情報をお伝えいたします,kr,5.0,,QR,2026-09-26 02:01:13,scrape_observed,2026-09-26 05:01:09,,,listing,2,53000,"QR毎、重複すり替えなし、初期当選、下3桁提示可

公演中止以外での返金は致しかねます。
ご理解いただける方のみご購入下さい。",True
aii89pizpt,,milesixtones-2026,2026-11-22,16:30,日産スタジアム,electronic,female,ランダム配布,🩵💫,5.0,,ランダム記載あり,2026-09-26 02:01:13,scrape_observed,2026-09-26 05:01:09,,,listing,2,28000,・同時入場していただき一度チケットを回収し、開演時間までにランダムでチケットをお渡しします。座席選択はできません。席次第で入場してすぐお渡しする可能性あります。...,True
fxmb93x896,,milesixtones-2026,2026-11-22,16:30,日産スタジアム,electronic,female,同行,,,,ランダム,2026-09-26 02:01:13,scrape_observed,2026-09-26 02:01:13,,,listing,2,23000,"【入場時ランダムエラーの場合の全額返金保証、立見なし】ランダムのお渡しとなり、購入者様の座席選択権はありませんことご理解下さい。(連番での落札は必ず連番のお譲り、プラベルでの出品可能) 外国人の方また代理購入不可。当日開場時間30分前に会場付近待ち合わせ予定。お席に関するクレーム、理由問わず集合時間に遅刻、買い手様都合(出演者変更含む)のキャンセルなど入場時のランダムエラーと公演中止以外一切返金対応しかねます。チケットをお渡し受取連絡を頂いた時点でお取引完了とみなします。ご不明な点あれば購入前ににご質問頂き、上記記載にご納得ご了承いただける方のみご購入ください。
コメントをする（0）
コメント欄はOFFです
出品者への質問はメッセージで行いましょう。
売り切れ
あなたと出品者とのやり取りが表示されます。第三者に閲覧されることはありません。
まだメッセージのやり取りはありません
売り切れ
ホーム
出品
検討中
ひろば
メッセージ
マイページ
このチケットは売り切れました
この出品はすでに購入されています。同じ日程の他のチケットをご覧ください。
同日程のチケットを探す
チケテン！
ライブ中の席交換もできる総合チケットサイト。安全な取引をサポートします。
ホーム
マイページ
お問い合わせ
お知らせ
使い方ガイド
コラム
Magazine
提携メディア
利用規約
プライバシーポリシー
特定商取引法に基づく表記
チケット不正転売禁止法について
手数料
© 2025 Wakuste LLC. All rights reserved.
ホーム
出品
検討中
ひろば
メッセージ
マイページ",True
npzs8blkrt,,milesixtones-2026,2026-11-22,16:30,日産スタジアム,electronic,female,公演当日,なち,5.0,,番手,2026-09-26 02:01:13,scrape_observed,2026-09-26 05:01:09,,,listing,2,40000,"


メッセージ確認できましたらプライベート出品に変更させていただきます。

4名義中3番手/初期当選/有効期限内/すり替えなし/下3桁提示可/着ブロなし

・...",True
sb6077acsf,,milesixtones-2026,2026-11-22,16:30,日産スタジアム,electronic,female,2名義中2番手,ほ,5.0,,番手,2026-09-26 02:01:13,scrape_observed,2026-09-26 05:01:09,,,listing,2,38000,"2名義中2番手/下3桁提示可/初期当選/すり替えなし

公演当日は、会場付近にて開場15分前に集合し同時入場していただきます。時間は変更する場合がございます。詳...",True
idhyq7ms3y,,milesixtones-2026,2026-11-22,16:30,日産スタジアム,electronic,none,同行,yuu,5.0,,番手同行,2026-09-26 02:01:13,scrape_observed,2026-09-26 05:01:09,,,listing,2,32000," 4名義中3番手／すり替えなし
全て初期当選、有効期限内、下3桁提示可

公演当日、最寄駅または会場付近にて待ち合わせし、同時入場していただきます。
詳しい待ち...",True
tl3zz07qkt,,milesixtones-2026,2026-11-22,16:30,日産スタジアム,electronic,female,同行,な,5.0,,番手,2026-09-26 02:01:13,scrape_observed,2026-09-26 05:01:09,,,listing,2,35000,"初期当選/ 2名義中2番手/サイチェン可/すり替え無し/着ブロ希望なし/同一クレカ決済なし/下3桁提示可/有効期限内/

・公演当日会場付近にて開場10〜20分...",True
u8st8kpxy1,,milesixtones-2026,2026-11-22,16:30,日産スタジアム,electronic,female,同時入場,むー,5.0,,番手,2026-09-26 02:01:13,scrape_observed,2026-09-26 05:01:09,,,listing,2,20683,"⭐️必ず最後までご確認ください⭐️
8名義中5番手　残り当日手渡し2.0/

FC先行 有効期限内/下3桁提示可/ すり替えなし

  ・2連でご購入の場合には...",True
oc8qtrs0t2,,milesixtones-2026,2026-11-22,16:30,日産スタジアム,electronic,female,同行,Y,5.0,,同行,2026-09-26 02:01:13,scrape_observed,2026-09-26 05:01:09,,,listing,2,40000,"2名義中2番手/プライベート出品にする為ご購入の方はご連絡ください。
FC先行/女性名義/アリツア落選名義/初期当選/着ブロ指定無し/有効期限内/郵便物戻りなし...",True
6gpxxghehg,,milesixtones-2026,2026-11-22,16:30,日産スタジアム,electronic,female,備考必須,ちゃむ,5.0,,番手,2026-09-26 02:01:13,scrape_observed,2026-09-26 05:01:09,,,listing,2,30000,"ご検討されてる方はメッセージください。
別の親と取引中でしたがふたりとも行けなくなってしまいました。親とはこちらのお話を通してありますのでお繋げします。

5名...",True
lpacxzvjwe,,milesixtones-2026,2026-11-22,16:30,日産スタジアム,electronic,female,公演日前日にQRコード共有,m,5.0,,QR,2026-09-26 02:01:13,scrape_observed,2026-09-26 05:01:09,,,listing,2,50000,"初期当選/下3桁提示可能/有効期限内/変更ボタンあり/発送物戻りなし/すり替え重複なし

プラベル通し可

・公演前日にログイン情報の方お伝えいたします。入場後...",True
au4jjbm3sl,,milesixtones-2026,2026-11-22,16:30,日産スタジアム,electronic,none,同行,m,5.0,,同行,2026-09-26 02:01:13,scrape_observed,2026-09-26 05:01:09,,,listing,1,47000,"🌟1名義同行 🌟

ご希望額ご連絡ください。(即以下◎)

プラベル出品に変更するため、ご希望額添えてメッセージお願いいたします。

重複無し同行/発送物戻...",True
2r0x7ujn51,,milesixtones-2026,2026-11-22,16:30,日産スタジアム,electronic,female,同行,🌟,4.9,,ランダム,2026-09-26 02:01:13,scrape_observed,2026-09-26 05:01:09,,,listing,4,30000,"【指定席のお譲り】
◎ チケットお取引が初めての方や、慣れていない方もご安心いただけるお取引をいたします。
◎ 入場方法がわからない場合も、当日お会いしてご挨拶...",True
57rd9nqgsk,,milesixtones-2026,2026-11-22,16:30,日産スタジアム,electronic,female,同行,na,5.0,,QR番手,2026-09-26 02:01:13,scrape_observed,2026-09-26 05:01:09,,,listing,2,45000,3名義中2番手/下3桁可能,True
h4r434od23,,milesixtones-2026,2026-11-22,16:30,日産スタジアム,electronic,female,前日までにログイン情報共有,しゅ,5.0,,QR,2026-09-26 02:01:13,scrape_observed,2026-09-26 05:01:09,,,listing,2,82000,"FC初期当選 QRごと QR毎 座席未定
プライベート出品に切り替えてのお取引とさせていただきます。
必ず事前にコメントお願いいたします。
すり替えなし/下3桁...",True
mv3s7zc4ds,,milesixtones-2026,2026-11-22,16:30,日産スタジアム,paper,female,当日手渡し,ヌ,5.0,,同行,2026-09-26 02:01:13,scrape_observed,2026-09-26 05:01:09,,,listing,2,300,"⭐️大阪 長居 11/8との交換希望（番手問わず）
→当方のチケット 神奈川 日産 11/22 3名義中3番手 2連
⭐️すり替えなし/下3桁提示可
⭐️都度清...",True
es8kc5am9w,,milesixtones-2026,2026-11-22,16:30,日産スタジアム,electronic,female,同行,な,5.0,,同行,2026-09-26 02:01:13,scrape_observed,2026-09-26 05:01:09,,,listing,1,60000,"当方(25↑京本担)と同行/下3桁提示可/重複すり替えなし/初期当選/有効期限内/着ブロ希望なし/京本担不可/サイチェン不可

アリツ落選/当選歴なし

プライ...",True
7jsuftboi5,,milesixtones-2026,2026-11-22,16:30,日産スタジアム,electronic,female,2名義中2番手,みっきー,5.0,,同行番手,2026-09-26 02:01:13,scrape_observed,2026-09-26 05:01:09,,,listing,2,40000,"FC先行 初期当選 有効期限内名義 下3桁提示可能 Pay-easy決済 2名義中2番手　すり替えなし

・2名義中2番手のお譲りになります。入場後チケットを回...",True
k30twx5q79,,milesixtones-2026,2026-11-22,16:30,日産スタジアム,electronic,female,公演前日,C,5.0,,QR,2026-09-26 02:01:13,scrape_observed,2026-09-26 05:01:09,,,listing,1,60000,"プラベル移行可能です
QR毎/初期当選/女性名義/アリツア落選名義/重複すり替えなし/着ブロ希望なし/下3桁提示可能/有効期限内

公演前日にログインに必要な情...",True
jz265du82s,,milesixtones-2026,2026-11-22,16:30,日産スタジアム,electronic,female,同行,a,5.0,,番手,2026-09-26 02:01:13,scrape_observed,2026-09-26 05:01:09,,,listing,2,38000,"⭐️2名義中2番手同行(前回•前々回スタンド名義×2)⭐️
どちらも初期当選、下3桁提示可、有効期限内、すり替えなし、着ブロなし、郵送物戻りなし。

・一部チケ...",True
e2aqhmq2rw,,milesixtones-2026,2026-11-22,16:30,日産スタジアム,electronic,female,公演日前日にログイン情報共有,F,5.0,,QR,2026-09-26 02:01:13,scrape_observed,2026-09-26 05:01:09,,,listing,1,60000,"QR毎/初期当選/アリツア落選名義/初当選/重複すり替えなし/着ブロ希望なし/下3桁提示可能｜有効期限内

公演前日夜にログインに必要な情報をお伝えします。
当...",True
bvm56zt3w3,,milesixtones-2026,2026-11-22,16:30,日産スタジアム,electronic,female,前日夜までに待ち合わせ場所共有します,ho9,5.0,,番手,2026-09-26 02:01:13,scrape_observed,2026-09-26 05:01:09,,,listing,2,35000,"2名義中2番手のお譲りになります。

全て初期当選  有効期限内  すり替えなし  下3桁提示可  サイチェン可

同時入場後、こちらでチケットを確認でき次第す...",True
gn5vm9ydin,,milesixtones-2026,2026-11-22,16:30,日産スタジアム,electronic,female,同行,ゆ,5.0,,同行,2026-09-26 02:01:13,scrape_observed,2026-09-26 05:01:09,,,listing,1,60000,"初期当選 有効期限内 重複なし同行 すり替えなし 

当日開場10分前に会場付近にて集合し同時入場していただきます
いかなる場合も返金不可です
20歳以上日本語...",True
k9f5gwm1hd,,milesixtones-2026,2026-11-22,16:30,日産スタジアム,electronic,none,公演日当日にQRコード共有,めんた,5.0,,QR,2026-09-26 02:01:13,scrape_observed,2026-09-26 05:01:09,,,listing,2,61111,"FC先行 座席未定QR／／重複・すり替えなし／／有効期限内
公演日に連絡ボードにて必要な情報をお伝えします。
お席に関するクレーム・送金停止は一切お受け致しかね...",True
ysib4p2n2s,,milesixtones-2026,2026-11-22,16:30,日産スタジアム,electronic,female,同時入場,あ,5.0,,番手,2026-09-26 02:01:13,scrape_observed,2026-09-26 05:01:09,,,listing,1,33000,"4名義中3番手/初期当選/有効期限内/すり替えなし/下3桁提示可/着ブロなし

2連中の1枚、4名義全て2連です。

プライベート出品いたしますので、購入希望の...",True
xdxedsxgfa,,milesixtones-2026,2026-11-22,16:30,日産スタジアム,electronic,female,QRごと,ねこ,5.0,,QR,2026-09-26 02:01:13,scrape_observed,2026-09-26 05:01:09,,,listing,1,80000,"QR毎/初期当選/アリツア落選名義/重複すり替えなし/着ブロ希望なし/下3桁提示可能｜有効期限内

公演前日夜にログインに必要な情報をお伝えします。
当日は速や...",True
kgfbj5n1i9,,milesixtones-2026,2026-11-22,16:30,日産スタジアム,electronic,female,同時入場,mi,5.0,,ランダム,2026-09-26 02:01:13,scrape_observed,2026-09-26 05:01:09,,,listing,1,25000,"プラベルにて再度出品いたしますので、お取引希望の方はメッセージにてご連絡ください。

【条件あり】
チケットを複数所持しております。同時入場後にチケットを一旦回...",True
sv6of7gptk,,milesixtones-2026,2026-11-22,16:30,日産スタジアム,electronic,female,同行,るる,5.0,,同行番手,2026-09-26 02:01:13,scrape_observed,2026-09-26 05:01:09,,,listing,1,42000,"2名義中1番手同行

ご入場後、すべてのチケットを一度回収させていただき、当方が座席を選択した後、チケットお渡しさせて頂きます。

公演当日会場付近にて待ち合わ...",True
u39962ofj2,,milesixtones-2026,2026-11-22,16:30,日産スタジアム,electronic,female,同行,tan,5.0,,ランダム,2026-09-26 02:01:13,scrape_observed,2026-09-26 05:01:09,,,listing,1,25000,"⭐︎少人数ランダム⭐︎

※プラベルで専用出品致しますので、メッセージお願い致します。
公演当日、開場20分前を目安に会場付近で待ち合わせをし、同時入場をしてい...",True
5ug5b37480,,milesixtones-2026,2026-11-22,16:30,日産スタジアム,electronic,female,公演日前日までにログイン情報共有,R,5.0,,QR,2026-09-26 02:01:13,scrape_observed,2026-09-26 05:01:09,,,listing,2,59000,"QR毎/初期当選/アリツア落選名義/重複すり替えなし/着ブロ希望なし/下3桁提示可能/有効期限内/発送物戻りなし/過去エラーなし

2024年落選
2025年ス...",True
a7e8ukmw4x,,milesixtones-2026,2026-11-22,16:30,日産スタジアム,electronic,female,同行,ゆ,5.0,,番手,2026-09-26 02:01:13,scrape_observed,2026-09-26 05:01:09,,,listing,2,40000,"初期当選/有効期限内/すり替えなし/3名義中2番手/下3桁提示可/着ブロ含まず

・当日はこちらが指定した場所にて開場15分前に待ち合わせし、同時入場していただ...",True
5f5fc1gr75,,milesixtones-2026,2026-11-22,16:30,日産スタジアム,electronic,female,同時入場,mi,5.0,,番手,2026-09-26 02:01:13,scrape_observed,2026-09-26 05:01:09,,,listing,2,45000,"プラベルにて再度出品いたしますので、お取引希望の方はメッセージにてご連絡ください。

【条件あり】
5名義中3番手、1.2番手除く残りの3名義より座席を選択でき...",True
wuz4o2ngwc,,milesixtones-2026,2026-11-22,16:30,日産スタジアム,electronic,female,同行,しゅ,5.0,,同行,2026-09-26 02:01:13,scrape_observed,2026-09-26 05:01:09,,,listing,1,75000,"アリツ落選名義/初期当選/重複、すり替えなし

当方との同行となります。

公演中止以外のいかなる場合においても返金不可です。",True
14e59pg488,,milesixtones-2026,2026-11-22,16:30,日産スタジアム,electronic,female,同行,poy,5.0,,ランダム,2026-09-26 02:01:13,scrape_observed,2026-09-26 05:01:09,,,listing,2,25000,当日は開場時間の30分前頃を目安にこちらが指定した場所に集合していただき同時入場後、先に当方が座席選択した後チケットをランダムにお渡しします。ご購入者様は座席選...,True
apgdop5oi4,,milesixtones-2026,2026-11-22,16:30,日産スタジアム,electronic,female,同行,m,5.0,,番手,2026-09-26 02:01:13,scrape_observed,2026-09-26 05:01:09,,,listing,2,60000,"4名義中2番手2連

代表名義の下3桁提示可/ランエラ一部返金可/全名義期限内/すり替えなし

※バラとしての8枚中3.4枚目、一部手渡しも可能です。購入前にコ...",True
e1z2fiou06,,milesixtones-2026,2026-11-22,16:30,日産スタジアム,electronic,female,同行,M,5.0,,同行番手,2026-09-26 02:01:13,scrape_observed,2026-09-26 05:01:09,,,listing,2,46000,"2名義中2番手/FC先行/初期当選/有効期限期限内

日本語の話せる方、成人済みの方のみご購入下さい。",True
9rtgs2mhj4,,milesixtones-2026,2026-11-22,16:30,日産スタジアム,electronic,female,公演前日にQRコード共有,りい,5.0,,ランダム記載あり,2026-09-26 02:01:13,scrape_observed,2026-09-26 05:01:09,,,listing,1,90000,"ファンクラブ先行 座席未定 初期当選 
アリツア落選名義  QRごと 有効期限内 
コンビニ決済 重複すり替えなし 
着ブロ指定なし 3桁提示可
過去エラーなし...",True
nj799hpzi1,,milesixtones-2026,2026-11-22,16:30,日産スタジアム,electronic,female,同行,り,5.0,,同行番手,2026-09-26 02:01:13,scrape_observed,2026-09-26 05:01:09,,,listing,2,35000,"2名義重複/2番手2連/座種未定/初期当選/すり替えなし/下3桁提示可能/公演日有効期限内

※開示懸念のため1部サイト優先。
お話まとまり次第専用またはプラベ...",True
qio99tuall,,milesixtones-2026,2026-11-22,16:30,日産スタジアム,electronic,female,同行,取引,4.6,,QR同行番手ランダム,2026-09-26 02:01:13,scrape_observed,2026-09-26 05:01:09,,,listing,1,42000,"期限内/アリツア落選名義/過去エラーなし/下3桁提示可能 

  ランダムエラーや本人確認、体調不良、メンバー不在、交通機関の遅延などで入場できなかった場合でも...",True
dv7rw9g425,,milesixtones-2026,2026-11-22,16:30,日産スタジアム,electronic,female,公演日前日にログイン情報をお伝え致します,M,5.0,,QR,2026-09-26 02:01:13,scrape_observed,2026-09-26 05:01:09,,,listing,2,53000,"FC初期当選 QRごと 有効期限内 アリツア落選名義 QR毎 座席未定
プライベート出品に切り替えてのお取引となります。
必ず事前にコメントください。
すり替え...",True
qiwhd952q2,,milesixtones-2026,2026-11-22,16:30,日産スタジアム,electronic,none,ランダム配布,ゆゆゆ,4.8,,ランダム,2026-09-26 02:01:13,scrape_observed,2026-09-26 05:01:09,,,listing,2,30000,"◎お取引初心者の方でも安心してお取引できるよう対応いたします。分からないことがあればお気軽にご質問ください。

下記内容をよくお読みいただき理解した上でご購入く...",True
3irr0knk10,,milesixtones-2026,2026-11-22,16:30,日産スタジアム,electronic,female,同時入場,rna,5.0,,番手,2026-09-26 02:01:13,scrape_observed,2026-09-26 05:01:09,,,listing,2,45000,"即5.0/FC先行/7名義中4番手/すり替えなし/下3桁提示可/初期当選のみ/有効期限内

・当日は会場付近の指定した場所に時間厳守で集合していただきます。開場...",True
wu2x2tiro1,,milesixtones-2026,2026-11-22,16:30,日産スタジアム,electronic,female,同行,A,5.0,,番手,2026-09-26 02:01:13,scrape_observed,2026-09-26 05:01:09,,,listing,2,45000,"FC先行 有効期限内　下3桁提示可  5名義中4番手　すり替えなし

・入場後1度チケットを回収し解散、座席の確認が出来次第再集合し座席を選択していただきます。...",True
q5m7fbiqid,,milesixtones-2026,2026-11-22,16:30,日産スタジアム,electronic,female,同行,❤︎Y,4.8,,同行,2026-09-26 02:01:13,scrape_observed,2026-09-26 05:01:09,,,listing,2,45000,FC先行 座席未定　3名義中の2番手　下3桁掲示可能　Pay-easy支払い　すり替え無し　初期当選　有効期限内　発送物戻りなし　着ブロ指定なし 2026年11...,True
r5m1usoet1,,milesixtones-2026,2026-11-22,16:30,日産スタジアム,electronic,female,公演日3日前までにQRコード共有,y,5.0,,QR,2026-09-26 02:01:13,scrape_observed,2026-09-26 05:01:09,,,listing,1,70000,"FC先行/座席未定/QR毎/重複すり替えなし/下3桁提示可能/期限内/着ブロ無し/サイチェン不可

入場後即ログアウト、ログアウト画面のスクリーンショットのご提...",True
zjvu0f95z1,,milesixtones-2026,2026-11-22,16:30,日産スタジアム,electronic,female,当日発券,ma,5.0,,番手,2026-09-26 02:01:13,scrape_observed,2026-09-26 05:01:09,,,listing,2,35000,"2名義中2番手/FC先行/有効期限内名義/すり替え無し/下3桁提示可能/アリツ落選名義

プライベートモードに切替えるためお取引希望の為希望者の方はメッセージお...",True
pw5rbbcvfm,,milesixtones-2026,2026-11-22,16:30,日産スタジアム,electronic,female,同行,Ko,5.0,,番手,2026-09-26 02:01:13,scrape_observed,2026-09-26 05:01:09,,,listing,2,40000,"初期当選/4名義中3番手/有効期限内/下3桁提示可能、すり替えなし/着ブロ希望なし/本人確認不可

4名義中の3番手のチケットです。
公演当日は会場付近にて開場...",True
t5cacegt8p,,milesixtones-2026,2026-11-22,16:30,日産スタジアム,electronic,female,同時入場,ぴか,5.0,,番手,2026-09-26 02:01:13,scrape_observed,2026-09-26 05:01:09,,,listing,1,80000,"※プラベル出品に切り替えますので必ず担当とともに購入の旨ご連絡ください。

有効期限内　8名義中2名義目　本人確認不可　サイチェン不可　いかなる場合も返金不可...",True
lzbb2at2xr,,milesixtones-2026,2026-11-22,16:30,日産スタジアム,electronic,female,当日同時入場,ね,5.0,,番手,2026-09-26 02:01:13,scrape_observed,2026-09-26 05:01:09,,,listing,2,35000,"4名義中3番手
初期当選/有効期限内/すり替えなし/着ブロ指定なし/下3桁提示可/本人確認不可

・開場時間に会場付近での待ち合わせを予定しています。時間厳守に...",True
xsts0c8a8n,,milesixtones-2026,2026-11-22,16:30,日産スタジアム,electronic,female,同行,み,5.0,,同行,2026-09-26 02:01:13,scrape_observed,2026-09-26 05:01:09,,,listing,1,45000,"プライベート出品にて取引させて頂きますので、ご購入の方はメッセージお願い致します。

有効期限内/アリツア落選名義/下三桁提示可/初期当選/重複すり替えなし/着...",True
efu67w3qlo,,milesixtones-2026,2026-11-22,16:30,日産スタジアム,electronic,female,同行,333,4.9,,ランダム,2026-09-26 02:01:13,scrape_observed,2026-09-26 05:01:09,,,listing,1,20683,⭐️開示対策の為プライベート出品に切り替えますのでご希望の方は⚠️リクエストではなく個別メッセージお願いいたします⭐️中相場での買取、上乗せにて早渡しも可能です...,True
oat9auror0,,milesixtones-2026,2026-11-22,16:30,日産スタジアム,electronic,female,同行,na,5.0,,QR番手,2026-09-26 02:01:13,scrape_observed,2026-09-26 05:01:09,,,listing,2,40000,3名義中3番手/下3桁可能,True
1zabauijf4,,milesixtones-2026,2026-11-22,16:30,日産スタジアム,electronic,female,公演前日にログイン情報共有,s,5.0,,ランダム記載あり,2026-09-26 02:01:13,scrape_observed,2026-09-26 05:01:09,,,listing,2,0,"QR毎/初期当選/重複すり替えなし/前座席スタンド/着ブロ希望なし/下3桁提示可能/有効期限内/発送物戻りなし

公演前日夜にログインに必要な情報をお伝えします...",True
f5uo6316rn,,milesixtones-2026,2026-11-22,16:30,日産スタジアム,electronic,female,同行,m,5.0,,番手同行,2026-09-26 02:01:13,scrape_observed,2026-09-26 05:01:09,,,listing,1,25000,"✍️プライベート出品いたしますので取引希望の際はメッセージをお願いします。
3名義中3番手／下3桁提示可能/有効期限内/すり替えなし
公演当日は開場時間1時間前...",True
wlwt7maijs,,milesixtones-2026,2026-11-22,16:30,日産スタジアム,electronic,female,QRごと,🩵💫,5.0,,QR,2026-09-26 02:01:13,scrape_observed,2026-09-26 05:01:09,,,listing,2,52000,"初期当選/QR毎/重複すり替えなし/有効期限内/着ブロ希望なし/下3桁提示可

公演日前日に連絡ボードにてログイン情報をお伝えします。

公演中止以外の如何なる...",True
9im9mu7s6j,,milesixtones-2026,2026-11-22,16:30,日産スタジアム,electronic,female,同時入場,rty,5.0,,番手,2026-09-26 02:01:13,scrape_observed,2026-09-26 05:01:09,,,listing,2,36000,"5名義中4番手/有効期限内/下3桁提示可能/着ブロ指定なし/初期当選

当日開場時間前にこちらが指定した場所、時間に集合して頂き同時に入場して頂きます。また入場...",True
57egwcqwk6,,milesixtones-2026,2026-11-22,16:30,日産スタジアム,electronic,female,前日の21時までにログイン情報をお伝えします,り,5.0,,QR,2026-09-26 02:01:13,scrape_observed,2026-09-26 05:01:09,,,listing,2,67900,"【QRごと2枚連番】☆ご希望であればプライベート出品に変更しますので購入前に必ずメッセージをお願いいたします。

・下3桁開示可能 有効期限内
・ 同一クレカ、...",True
w93l0z530a,,milesixtones-2026,2026-11-22,16:30,日産スタジアム,electronic,female,連絡ボード,k,5.0,,番手,2026-09-26 02:01:13,scrape_observed,2026-09-26 05:01:09,,,listing,2,35000,"2名義中2番手
・取引確定後プライベート出品に変更致しますので必ずご連絡下さい。

初期当選/下３桁提示/有効期限内/すり替え無/過去エラー無/着ブロ指定なし/...",True
p4rf4c8bew,,milesixtones-2026,2026-11-22,16:30,日産スタジアム,electronic,female,ランダム,ゆ,5.0,,ランダム,2026-09-26 02:01:13,scrape_observed,2026-09-26 05:01:09,,,listing,1,30000,"少人数ランダム配布

サイト通し1手渡しにて2にてご対応頂ける方のみご購入ください。

上乗せにて早渡し🉑中相場買取🉑

公演当日は開場時間の1時間ほど前ま...",True
nabay300em,,milesixtones-2026,2026-11-22,16:30,日産スタジアム,electronic,female,同行,SJI,5.0,,QR同行,2026-09-26 02:01:13,scrape_observed,2026-09-26 05:01:09,,,listing,1,42000,"同行／重複すり替え🈚️／FC先行／下3桁提示🉑／着ブロ希望🈚️／有効期限内名義／アリツア落選名義／初期当選

* 当方と同行になります。
*  日本人女性...",True
h9s6enwemm,,milesixtones-2026,2026-11-22,16:30,日産スタジアム,electronic,female,公演日1日前にQRコード共有,ララ,5.0,,QR,2026-09-26 02:01:13,scrape_observed,2026-09-26 05:01:09,,,listing,2,60000,"FC初期当選 QRごと QR毎 座席未定
プラベルorプライベート出品に切り替えてのお取引となります。
必ず事前にコメントください。
すり替えなし/下3桁提示可...",True
kedck1ywgm,,milesixtones-2026,2026-11-22,16:30,日産スタジアム,electronic,female,4名義中2番手,れの,5.0,,番手,2026-09-26 02:01:13,scrape_observed,2026-09-26 05:01:09,,,listing,2,47000,4名義中2番手/該当名義/初期当選/すり替えなし/下3桁提示可/有効期限内 / 発送物戻りなし/着ブロ希望なし/サイチェン可/本人確認不可/Pay-easy入金...,True
uzzzt8vjf7,,milesixtones-2026,2026-11-22,16:30,日産スタジアム,paper,female,当日手渡し,R,5.0,,番手,2026-09-26 02:01:13,scrape_observed,2026-09-26 05:01:09,,,listing,1,45000,"7名義中3番手（京本担不可）
 番手理解ある方のみご購入くださいま
せ。
当日は会場45分前を目安に指定の場所へお越しくださいますようお願いいたします。
入場前...",True
bs7i1w8kp5,,milesixtones-2026,2026-11-22,16:30,日産スタジアム,electronic,female,QRごと,🩵💫,5.0,,QR,2026-09-26 02:01:13,scrape_observed,2026-09-26 05:01:09,,,listing,2,55000,"初期当選/QR毎/重複すり替えなし/有効期限内/着ブロ希望なし/下3桁提示可

公演日前日に連絡ボードにてログイン情報をお伝えします。

公演中止以外の如何なる...",True
gzivowulpj,,milesixtones-2026,2026-11-22,16:30,日産スタジアム,electronic,female,同行,な,5.0,,同行,2026-09-26 02:01:13,scrape_observed,2026-09-26 05:01:09,,,listing,1,0,"FC先行 / 重複なし同行 / 初期当選 / 有効期限内 /下3桁提示可 / プライベート出品可 

即6.0

・当日指定した時間に会場付近で待ち合わせ、同時...",True
5xdt4etyp5,,milesixtones-2026,2026-11-22,16:30,日産スタジアム,electronic,female,同行,ぴよ,5.0,,同行,2026-09-26 02:01:13,scrape_observed,2026-09-26 05:01:09,,,listing,1,65000,"重複すり替えなし同行/松村担不可/着ブロ希望無し/下三桁提示可能/有効期限内/初期当選/本人確認不可/サイチェン可

・公演当日は開場時間20~30分前に会場付...",True
bq4bpdn1um,,milesixtones-2026,2026-11-22,16:30,日産スタジアム,electronic,female,サイトで先払い6.0になります。当日に手渡し1.0となります。計7万のお取引となります。ご注意ください,ふみ,5.0,,同行,2026-09-26 02:01:13,scrape_observed,2026-09-26 05:01:09,,,listing,1,60000,"当方、松村担の同行になります。
計7万のお取引です。先払いと当日手渡しになります。",True
3xekt30gs8,,milesixtones-2026,2026-11-22,16:30,日産スタジアム,electronic,female,2名義中2番手,す,5.0,,番手,2026-09-26 02:01:13,scrape_observed,2026-09-26 05:01:09,,,listing,2,53000,"2名義とも初期当選/2名義とも初当選/すり替え無し/有効期限内/下3桁提示可/サイチェン可

会場付近は電波が悪い可能性がございますので購入後に電話番号のご提示...",True
b7eppy5c5q,,milesixtones-2026,2026-11-22,16:30,日産スタジアム,electronic,female,当日手渡し,m,5.0,,番手,2026-09-26 02:01:13,scrape_observed,2026-09-26 05:01:09,,,listing,2,50000,"4名義中2番手/すり替えなし/初期当選/下3桁提示可

【条件あり】
・チケットを複数所持しております。入場時は10名程度でまとまって入場する予定です。

・同...",True
y3ig62jy2o,,milesixtones-2026,2026-11-22,16:30,日産スタジアム,electronic,female,同行,り,4.6,,同行,2026-09-26 02:01:13,scrape_observed,2026-09-26 05:01:09,,,listing,1,70000,"下三桁提示可能/有効期限内/初期当選/重複すり替えなし/本人確認不可/サイチェン可

・公演当日は開場時間に会場付近で待ち合わせをし、同時入場していただきます。...",True
8oxtev8h3q,,milesixtones-2026,2026-11-22,16:30,日産スタジアム,electronic,female, 公演日前日(18:00以降)にログイン情報をお貸しします,MJGA,5.0,,QR,2026-09-26 02:01:13,scrape_observed,2026-09-26 05:01:09,,,listing,2,95000,"FC初期当選/有効期限内/下3桁提示可/すり替えなし/初当選(当選履歴なし)/着席ブロック希望なし

・公演日前日(18:00以降)になりましたら、ログイン情報...",True
5n9ltcxyf6,,milesixtones-2026,2026-11-22,16:30,日産スタジアム,electronic,female,ランダム,あお,5.0,,ランダム,2026-09-26 02:01:13,scrape_observed,2026-09-26 05:01:09,,,listing,2,27000,"ランダム配布 コンビニ決済
公演当日、開場時間30分前に最寄駅または会場付近で待ち合わせし、同時入場していただきます。

詳しい待ち合わせ時間・場所等は公演前日...",True
i0gad4rrd5,,milesixtones-2026,2026-11-22,16:30,日産スタジアム,electronic,female,当日手渡し,m,5.0,,番手,2026-09-26 02:01:13,scrape_observed,2026-09-26 05:01:09,,,listing,2,40000,"4名義中3番手/すり替えなし/初期当選/下3桁提示可

【条件あり】
・チケットを複数所持しております。入場時は10名程度でまとまって入場する予定です。

・同...",True
n3x6k7x9fj,,milesixtones-2026,2026-11-22,16:30,日産スタジアム,electronic,female,公演日前日にQRコード共有,らら,5.0,,QR,2026-09-26 02:01:13,scrape_observed,2026-09-26 05:01:09,,,listing,2,80000,"QR毎/初期当選/初当選(当選履歴なし)/重複すり替えなし/着ブロ希望なし/下3桁提示可能/有効期限内/発送物戻りなし

公演前日夜にログインに必要な情報をお伝...",True
pqci8xzi2p,,milesixtones-2026,2026-11-22,16:30,日産スタジアム,electronic,female,同行,U,5.0,,ランダム,2026-09-26 03:01:11,scrape_observed,2026-09-26 05:01:09,,,listing,1,24000,"~3名義の少人数ランダム配布 ⭐️開演30分前までにお渡し
上乗せで早渡し可

FC先行/初期当選/着ブロ指定なし/すり替えあり

プライベート出品、又はプラベ...",True
hmvskr3cc3,,milesixtones-2026,2026-11-07,17:00,ヤンマースタジアム長居,electronic,female,同行,リー,5.0,,同行,2026-09-26 05:01:09,scrape_observed,2026-09-26 05:01:09,,,listing,1,38000,"2連中の1枚 重複なし1番手同行になります。
初期当選 アリツ落選名義 すり替えなし 郵便物戻りなし 着ブロなし Pay-easy決済
会員番号下3桁提示可能 有効期限内
※松村担不可
※サイチェン不可
公演当日、開場時間を目安に会場付近で待ち合わせし、同時入場していただきます。
詳しい待ち合わせ時間・場所等は、公演前日~当日にお知らせします。
集合時にQRを提示しますので、受取連絡をお願いします。
座席に関するクレームは一切お受けできません。同行者の隣に着席いただきます。
公演中止の場合は、手数料を差し引いた金額を返金いたします。
ランダムエラーや体調不良、天候・交通機関起因等の公演中止以外はいかなる理由でも返金・キャンセルは致しかねますのでご了承ください。
当日は会場付近の電波が悪くなることが予想されるため電話番号やLINE等を交換させていただきます。
買い手様都合での大幅な遅刻の場合は、お待ちす ることなく先に入場する可能性もございます。その場合も受取連絡をしていただきますので予めご 了承ください。
日本語の通じる女性のみ購入ください。",True
